activity_id,timestamp,elapsed_seconds,power_w,heart_rate_bpm,cadence_rpm,speed_m_s,altitude_m,temperature_c
fit:5e7d75375ffbac6fd9baa8131646a6726e786d6ca7f4f82cf90c8956f7fcce8a,2026-05-02T11:04:50+00:00,0.0,252,110,54,0.0,13.799999999999955,22
fit:5e7d75375ffbac6fd9baa8131646a6726e786d6ca7f4f82cf90c8956f7fcce8a,2026-05-02T11:04:51+00:00,1.0,268,110,57,0.0,13.399999999999977,22
fit:5e7d75375ffbac6fd9baa8131646a6726e786d6ca7f4f82cf90c8956f7fcce8a,2026-05-02T11:04:52+00:00,2.0,346,110,60,6.728,13.399999999999977,22
fit:5e7d75375ffbac6fd9baa8131646a6726e786d6ca7f4f82cf90c8956f7fcce8a,2026-05-02T11:04:53+00:00,3.0,239,110,62,6.932,13.399999999999977,22
fit:5e7d75375ffbac6fd9baa8131646a6726e786d6ca7f4f82cf90c8956f7fcce8a,2026-05-02T11:04:54+00:00,4.0,207,110,64,7.006,13.0,22
fit:5e7d75375ffbac6fd9baa8131646a6726e786d6ca7f4f82cf90c8956f7fcce8a,2026-05-02T11:04:55+00:00,5.0,187,110,66,7.149,13.200000000000045,22
fit:5e7d75375ffbac6fd9baa8131646a6726e786d6ca7f4f82cf90c8956f7fcce8a,2026-05-02T11:04:56+00:00,6.0,187,110,68,7.221,13.200000000000045,22
fit:5e7d75375ffbac6fd9baa8131646a6726e786d6ca7f4f82cf90c8956f7fcce8a,2026-05-02T11:04:57+00:00,7.0,241,110,68,7.456,13.200000000000045,23
fit:5e7d75375ffbac6fd9baa8131646a6726e786d6ca7f4f82cf90c8956f7fcce8a,2026-05-02T11:04:58+00:00,8.0,220,111,70,7.557,12.799999999999955,23
fit:5e7d75375ffbac6fd9baa8131646a6726e786d6ca7f4f82cf90c8956f7fcce8a,2026-05-02T11:04:59+00:00,9.0,203,111,71,7.664,12.799999999999955,23
fit:5e7d75375ffbac6fd9baa8131646a6726e786d6ca7f4f82cf90c8956f7fcce8a,2026-05-02T11:05:00+00:00,10.0,129,112,72,7.754,12.799999999999955,23
fit:5e7d75375ffbac6fd9baa8131646a6726e786d6ca7f4f82cf90c8956f7fcce8a,2026-05-02T11:05:01+00:00,11.0,43,113,72,7.868,12.799999999999955,23
fit:5e7d75375ffbac6fd9baa8131646a6726e786d6ca7f4f82cf90c8956f7fcce8a,2026-05-02T11:05:02+00:00,12.0,43,113,71,7.735,12.799999999999955,23
fit:5e7d75375ffbac6fd9baa8131646a6726e786d6ca7f4f82cf90c8956f7fcce8a,2026-05-02T11:05:03+00:00,13.0,8,114,71,7.54,12.399999999999977,23
fit:5e7d75375ffbac6fd9baa8131646a6726e786d6ca7f4f82cf90c8956f7fcce8a,2026-05-02T11:05:04+00:00,14.0,224,114,26,7.194,12.399999999999977,23
fit:5e7d75375ffbac6fd9baa8131646a6726e786d6ca7f4f82cf90c8956f7fcce8a,2026-05-02T11:05:05+00:00,15.0,229,115,66,7.115,12.399999999999977,23
fit:5e7d75375ffbac6fd9baa8131646a6726e786d6ca7f4f82cf90c8956f7fcce8a,2026-05-02T11:05:06+00:00,16.0,230,115,68,7.033,12.799999999999955,23
fit:5e7d75375ffbac6fd9baa8131646a6726e786d6ca7f4f82cf90c8956f7fcce8a,2026-05-02T11:05:07+00:00,17.0,223,115,68,7.285,14.799999999999955,23
fit:5e7d75375ffbac6fd9baa8131646a6726e786d6ca7f4f82cf90c8956f7fcce8a,2026-05-02T11:05:08+00:00,18.0,276,115,73,7.641,14.799999999999955,23
fit:5e7d75375ffbac6fd9baa8131646a6726e786d6ca7f4f82cf90c8956f7fcce8a,2026-05-02T11:05:09+00:00,19.0,277,115,75,7.761,14.799999999999955,23
fit:5e7d75375ffbac6fd9baa8131646a6726e786d6ca7f4f82cf90c8956f7fcce8a,2026-05-02T11:05:10+00:00,20.0,140,114,75,8.072,13.799999999999955,23
fit:5e7d75375ffbac6fd9baa8131646a6726e786d6ca7f4f82cf90c8956f7fcce8a,2026-05-02T11:05:11+00:00,21.0,120,114,78,8.186,12.799999999999955,23
fit:5e7d75375ffbac6fd9baa8131646a6726e786d6ca7f4f82cf90c8956f7fcce8a,2026-05-02T11:05:12+00:00,22.0,136,113,78,8.363,12.799999999999955,23
fit:5e7d75375ffbac6fd9baa8131646a6726e786d6ca7f4f82cf90c8956f7fcce8a,2026-05-02T11:05:13+00:00,23.0,107,113,79,8.501,12.799999999999955,23
fit:5e7d75375ffbac6fd9baa8131646a6726e786d6ca7f4f82cf90c8956f7fcce8a,2026-05-02T11:05:14+00:00,24.0,93,111,79,8.53,12.799999999999955,23
fit:5e7d75375ffbac6fd9baa8131646a6726e786d6ca7f4f82cf90c8956f7fcce8a,2026-05-02T11:05:15+00:00,25.0,93,111,80,8.696,12.799999999999955,23
fit:5e7d75375ffbac6fd9baa8131646a6726e786d6ca7f4f82cf90c8956f7fcce8a,2026-05-02T11:05:16+00:00,26.0,115,111,80,8.921,12.799999999999955,23
fit:5e7d75375ffbac6fd9baa8131646a6726e786d6ca7f4f82cf90c8956f7fcce8a,2026-05-02T11:05:17+00:00,27.0,117,111,81,8.904,12.799999999999955,23
fit:5e7d75375ffbac6fd9baa8131646a6726e786d6ca7f4f82cf90c8956f7fcce8a,2026-05-02T11:05:18+00:00,28.0,190,111,81,9.022,12.799999999999955,23
fit:5e7d75375ffbac6fd9baa8131646a6726e786d6ca7f4f82cf90c8956f7fcce8a,2026-05-02T11:05:19+00:00,29.0,174,111,81,8.992,13.0,23
fit:5e7d75375ffbac6fd9baa8131646a6726e786d6ca7f4f82cf90c8956f7fcce8a,2026-05-02T11:05:20+00:00,30.0,160,112,82,9.052,13.0,23
fit:5e7d75375ffbac6fd9baa8131646a6726e786d6ca7f4f82cf90c8956f7fcce8a,2026-05-02T11:05:21+00:00,31.0,126,112,83,9.067,13.0,23
fit:5e7d75375ffbac6fd9baa8131646a6726e786d6ca7f4f82cf90c8956f7fcce8a,2026-05-02T11:05:22+00:00,32.0,225,113,83,9.024,13.0,23
fit:5e7d75375ffbac6fd9baa8131646a6726e786d6ca7f4f82cf90c8956f7fcce8a,2026-05-02T11:05:23+00:00,33.0,112,113,81,9.102,11.600000000000023,23
fit:5e7d75375ffbac6fd9baa8131646a6726e786d6ca7f4f82cf90c8956f7fcce8a,2026-05-02T11:05:24+00:00,34.0,72,113,78,9.125,11.600000000000023,23
fit:5e7d75375ffbac6fd9baa8131646a6726e786d6ca7f4f82cf90c8956f7fcce8a,2026-05-02T11:05:25+00:00,35.0,80,113,71,8.997,11.600000000000023,23
fit:5e7d75375ffbac6fd9baa8131646a6726e786d6ca7f4f82cf90c8956f7fcce8a,2026-05-02T11:05:26+00:00,36.0,129,113,80,8.922,12.600000000000023,23
fit:5e7d75375ffbac6fd9baa8131646a6726e786d6ca7f4f82cf90c8956f7fcce8a,2026-05-02T11:05:27+00:00,37.0,129,114,81,8.958,13.0,23
fit:5e7d75375ffbac6fd9baa8131646a6726e786d6ca7f4f82cf90c8956f7fcce8a,2026-05-02T11:05:28+00:00,38.0,113,114,81,8.909,13.0,23
fit:5e7d75375ffbac6fd9baa8131646a6726e786d6ca7f4f82cf90c8956f7fcce8a,2026-05-02T11:05:29+00:00,39.0,81,114,82,8.909,13.0,23
fit:5e7d75375ffbac6fd9baa8131646a6726e786d6ca7f4f82cf90c8956f7fcce8a,2026-05-02T11:05:30+00:00,40.0,77,114,82,8.96,13.0,23
fit:5e7d75375ffbac6fd9baa8131646a6726e786d6ca7f4f82cf90c8956f7fcce8a,2026-05-02T11:05:31+00:00,41.0,93,114,81,8.974,12.600000000000023,23
fit:5e7d75375ffbac6fd9baa8131646a6726e786d6ca7f4f82cf90c8956f7fcce8a,2026-05-02T11:05:32+00:00,42.0,79,115,82,8.892,12.600000000000023,23
fit:5e7d75375ffbac6fd9baa8131646a6726e786d6ca7f4f82cf90c8956f7fcce8a,2026-05-02T11:05:33+00:00,43.0,84,115,82,8.801,12.600000000000023,23
fit:5e7d75375ffbac6fd9baa8131646a6726e786d6ca7f4f82cf90c8956f7fcce8a,2026-05-02T11:05:34+00:00,44.0,87,115,82,8.979,12.799999999999955,23
fit:5e7d75375ffbac6fd9baa8131646a6726e786d6ca7f4f82cf90c8956f7fcce8a,2026-05-02T11:05:35+00:00,45.0,87,115,83,9.075,13.399999999999977,23
fit:5e7d75375ffbac6fd9baa8131646a6726e786d6ca7f4f82cf90c8956f7fcce8a,2026-05-02T11:05:36+00:00,46.0,72,115,83,9.132,13.399999999999977,23
fit:5e7d75375ffbac6fd9baa8131646a6726e786d6ca7f4f82cf90c8956f7fcce8a,2026-05-02T11:05:37+00:00,47.0,93,114,84,9.168,13.399999999999977,23
fit:5e7d75375ffbac6fd9baa8131646a6726e786d6ca7f4f82cf90c8956f7fcce8a,2026-05-02T11:05:38+00:00,48.0,113,112,83,9.119,13.0,23
fit:5e7d75375ffbac6fd9baa8131646a6726e786d6ca7f4f82cf90c8956f7fcce8a,2026-05-02T11:05:39+00:00,49.0,177,110,84,9.128,12.799999999999955,23
fit:5e7d75375ffbac6fd9baa8131646a6726e786d6ca7f4f82cf90c8956f7fcce8a,2026-05-02T11:05:40+00:00,50.0,161,108,83,9.065,12.799999999999955,23
fit:5e7d75375ffbac6fd9baa8131646a6726e786d6ca7f4f82cf90c8956f7fcce8a,2026-05-02T11:05:41+00:00,51.0,160,108,84,9.142,12.799999999999955,23
fit:5e7d75375ffbac6fd9baa8131646a6726e786d6ca7f4f82cf90c8956f7fcce8a,2026-05-02T11:05:42+00:00,52.0,170,106,84,9.257,12.799999999999955,23
fit:5e7d75375ffbac6fd9baa8131646a6726e786d6ca7f4f82cf90c8956f7fcce8a,2026-05-02T11:05:43+00:00,53.0,165,106,84,9.309,13.0,23
fit:5e7d75375ffbac6fd9baa8131646a6726e786d6ca7f4f82cf90c8956f7fcce8a,2026-05-02T11:05:44+00:00,54.0,121,106,85,9.391,13.0,23
fit:5e7d75375ffbac6fd9baa8131646a6726e786d6ca7f4f82cf90c8956f7fcce8a,2026-05-02T11:05:45+00:00,55.0,121,107,84,9.404,13.0,24
fit:5e7d75375ffbac6fd9baa8131646a6726e786d6ca7f4f82cf90c8956f7fcce8a,2026-05-02T11:05:46+00:00,56.0,112,110,86,9.393,13.0,24
fit:5e7d75375ffbac6fd9baa8131646a6726e786d6ca7f4f82cf90c8956f7fcce8a,2026-05-02T11:05:47+00:00,57.0,130,110,86,9.406,13.799999999999955,24
fit:5e7d75375ffbac6fd9baa8131646a6726e786d6ca7f4f82cf90c8956f7fcce8a,2026-05-02T11:05:48+00:00,58.0,117,111,86,9.534,13.799999999999955,24
fit:5e7d75375ffbac6fd9baa8131646a6726e786d6ca7f4f82cf90c8956f7fcce8a,2026-05-02T11:05:49+00:00,59.0,135,111,87,9.511,13.799999999999955,24
fit:5e7d75375ffbac6fd9baa8131646a6726e786d6ca7f4f82cf90c8956f7fcce8a,2026-05-02T11:05:50+00:00,60.0,109,111,88,9.583,12.799999999999955,24
fit:5e7d75375ffbac6fd9baa8131646a6726e786d6ca7f4f82cf90c8956f7fcce8a,2026-05-02T11:05:51+00:00,61.0,64,111,88,9.566,13.200000000000045,24
fit:5e7d75375ffbac6fd9baa8131646a6726e786d6ca7f4f82cf90c8956f7fcce8a,2026-05-02T11:05:52+00:00,62.0,68,110,87,9.622,13.200000000000045,24
fit:5e7d75375ffbac6fd9baa8131646a6726e786d6ca7f4f82cf90c8956f7fcce8a,2026-05-02T11:05:53+00:00,63.0,68,109,86,9.497,13.200000000000045,24
fit:5e7d75375ffbac6fd9baa8131646a6726e786d6ca7f4f82cf90c8956f7fcce8a,2026-05-02T11:05:54+00:00,64.0,66,109,86,9.593,12.799999999999955,24
fit:5e7d75375ffbac6fd9baa8131646a6726e786d6ca7f4f82cf90c8956f7fcce8a,2026-05-02T11:05:55+00:00,65.0,40,109,86,9.554,13.200000000000045,24
fit:5e7d75375ffbac6fd9baa8131646a6726e786d6ca7f4f82cf90c8956f7fcce8a,2026-05-02T11:05:56+00:00,66.0,56,107,85,9.39,13.200000000000045,24
fit:5e7d75375ffbac6fd9baa8131646a6726e786d6ca7f4f82cf90c8956f7fcce8a,2026-05-02T11:05:57+00:00,67.0,59,106,83,9.381,13.200000000000045,24
fit:5e7d75375ffbac6fd9baa8131646a6726e786d6ca7f4f82cf90c8956f7fcce8a,2026-05-02T11:05:58+00:00,68.0,129,105,83,9.379,13.200000000000045,24
fit:5e7d75375ffbac6fd9baa8131646a6726e786d6ca7f4f82cf90c8956f7fcce8a,2026-05-02T11:05:59+00:00,69.0,150,105,81,9.193,13.0,24
fit:5e7d75375ffbac6fd9baa8131646a6726e786d6ca7f4f82cf90c8956f7fcce8a,2026-05-02T11:06:00+00:00,70.0,136,104,80,9.045,13.0,24
fit:5e7d75375ffbac6fd9baa8131646a6726e786d6ca7f4f82cf90c8956f7fcce8a,2026-05-02T11:06:01+00:00,71.0,151,103,79,8.908,13.0,24
fit:5e7d75375ffbac6fd9baa8131646a6726e786d6ca7f4f82cf90c8956f7fcce8a,2026-05-02T11:06:02+00:00,72.0,234,103,78,8.853,13.0,24
fit:5e7d75375ffbac6fd9baa8131646a6726e786d6ca7f4f82cf90c8956f7fcce8a,2026-05-02T11:06:03+00:00,73.0,161,103,77,8.76,13.399999999999977,24
fit:5e7d75375ffbac6fd9baa8131646a6726e786d6ca7f4f82cf90c8956f7fcce8a,2026-05-02T11:06:04+00:00,74.0,163,102,76,8.526,13.399999999999977,24
fit:5e7d75375ffbac6fd9baa8131646a6726e786d6ca7f4f82cf90c8956f7fcce8a,2026-05-02T11:06:05+00:00,75.0,98,103,77,8.453,13.399999999999977,24
fit:5e7d75375ffbac6fd9baa8131646a6726e786d6ca7f4f82cf90c8956f7fcce8a,2026-05-02T11:06:06+00:00,76.0,98,103,81,8.552,14.0,24
fit:5e7d75375ffbac6fd9baa8131646a6726e786d6ca7f4f82cf90c8956f7fcce8a,2026-05-02T11:06:07+00:00,77.0,71,103,81,8.839,12.399999999999977,24
fit:5e7d75375ffbac6fd9baa8131646a6726e786d6ca7f4f82cf90c8956f7fcce8a,2026-05-02T11:06:08+00:00,78.0,73,103,84,9.067,12.399999999999977,24
fit:5e7d75375ffbac6fd9baa8131646a6726e786d6ca7f4f82cf90c8956f7fcce8a,2026-05-02T11:06:09+00:00,79.0,57,104,88,9.289,12.399999999999977,24
fit:5e7d75375ffbac6fd9baa8131646a6726e786d6ca7f4f82cf90c8956f7fcce8a,2026-05-02T11:06:10+00:00,80.0,64,104,90,9.539,12.399999999999977,24
fit:5e7d75375ffbac6fd9baa8131646a6726e786d6ca7f4f82cf90c8956f7fcce8a,2026-05-02T11:06:11+00:00,81.0,72,104,90,9.706,11.600000000000023,24
fit:5e7d75375ffbac6fd9baa8131646a6726e786d6ca7f4f82cf90c8956f7fcce8a,2026-05-02T11:06:12+00:00,82.0,72,104,91,9.884,11.600000000000023,24
fit:5e7d75375ffbac6fd9baa8131646a6726e786d6ca7f4f82cf90c8956f7fcce8a,2026-05-02T11:06:13+00:00,83.0,68,104,91,10.208,11.600000000000023,24
fit:5e7d75375ffbac6fd9baa8131646a6726e786d6ca7f4f82cf90c8956f7fcce8a,2026-05-02T11:06:14+00:00,84.0,83,103,93,10.227,10.600000000000023,24
fit:5e7d75375ffbac6fd9baa8131646a6726e786d6ca7f4f82cf90c8956f7fcce8a,2026-05-02T11:06:15+00:00,85.0,78,101,94,10.376,12.0,24
fit:5e7d75375ffbac6fd9baa8131646a6726e786d6ca7f4f82cf90c8956f7fcce8a,2026-05-02T11:06:16+00:00,86.0,86,101,94,10.35,12.0,24
fit:5e7d75375ffbac6fd9baa8131646a6726e786d6ca7f4f82cf90c8956f7fcce8a,2026-05-02T11:06:17+00:00,87.0,86,101,92,10.318,12.0,24
fit:5e7d75375ffbac6fd9baa8131646a6726e786d6ca7f4f82cf90c8956f7fcce8a,2026-05-02T11:06:18+00:00,88.0,113,100,92,10.269,11.0,24
fit:5e7d75375ffbac6fd9baa8131646a6726e786d6ca7f4f82cf90c8956f7fcce8a,2026-05-02T11:06:19+00:00,89.0,221,99,91,10.236,10.0,24
fit:5e7d75375ffbac6fd9baa8131646a6726e786d6ca7f4f82cf90c8956f7fcce8a,2026-05-02T11:06:20+00:00,90.0,263,99,90,10.047,10.0,24
fit:5e7d75375ffbac6fd9baa8131646a6726e786d6ca7f4f82cf90c8956f7fcce8a,2026-05-02T11:06:21+00:00,91.0,153,99,91,9.954,10.0,24
fit:5e7d75375ffbac6fd9baa8131646a6726e786d6ca7f4f82cf90c8956f7fcce8a,2026-05-02T11:06:22+00:00,92.0,137,100,92,9.973,11.0,24
fit:5e7d75375ffbac6fd9baa8131646a6726e786d6ca7f4f82cf90c8956f7fcce8a,2026-05-02T11:06:23+00:00,93.0,107,100,92,10.033,11.399999999999977,24
fit:5e7d75375ffbac6fd9baa8131646a6726e786d6ca7f4f82cf90c8956f7fcce8a,2026-05-02T11:06:24+00:00,94.0,97,101,92,10.086,11.399999999999977,24
fit:5e7d75375ffbac6fd9baa8131646a6726e786d6ca7f4f82cf90c8956f7fcce8a,2026-05-02T11:06:25+00:00,95.0,96,103,92,10.212,11.399999999999977,24
fit:5e7d75375ffbac6fd9baa8131646a6726e786d6ca7f4f82cf90c8956f7fcce8a,2026-05-02T11:06:26+00:00,96.0,96,104,91,10.186,10.399999999999977,24
fit:5e7d75375ffbac6fd9baa8131646a6726e786d6ca7f4f82cf90c8956f7fcce8a,2026-05-02T11:06:27+00:00,97.0,101,105,91,10.169,10.800000000000011,24
fit:5e7d75375ffbac6fd9baa8131646a6726e786d6ca7f4f82cf90c8956f7fcce8a,2026-05-02T11:06:28+00:00,98.0,138,106,91,10.079,10.800000000000011,24
fit:5e7d75375ffbac6fd9baa8131646a6726e786d6ca7f4f82cf90c8956f7fcce8a,2026-05-02T11:06:29+00:00,99.0,152,107,90,9.986,10.800000000000011,24
fit:5e7d75375ffbac6fd9baa8131646a6726e786d6ca7f4f82cf90c8956f7fcce8a,2026-05-02T11:06:30+00:00,100.0,100,107,90,10.058,10.800000000000011,24
fit:5e7d75375ffbac6fd9baa8131646a6726e786d6ca7f4f82cf90c8956f7fcce8a,2026-05-02T11:06:31+00:00,101.0,115,107,90,10.008,10.399999999999977,24
fit:5e7d75375ffbac6fd9baa8131646a6726e786d6ca7f4f82cf90c8956f7fcce8a,2026-05-02T11:06:32+00:00,102.0,108,107,89,9.992,10.399999999999977,24
fit:5e7d75375ffbac6fd9baa8131646a6726e786d6ca7f4f82cf90c8956f7fcce8a,2026-05-02T11:06:33+00:00,103.0,131,107,89,9.866,10.399999999999977,24
fit:5e7d75375ffbac6fd9baa8131646a6726e786d6ca7f4f82cf90c8956f7fcce8a,2026-05-02T11:06:34+00:00,104.0,145,107,89,9.819,10.199999999999989,24
fit:5e7d75375ffbac6fd9baa8131646a6726e786d6ca7f4f82cf90c8956f7fcce8a,2026-05-02T11:06:35+00:00,105.0,129,107,89,9.761,10.199999999999989,24
fit:5e7d75375ffbac6fd9baa8131646a6726e786d6ca7f4f82cf90c8956f7fcce8a,2026-05-02T11:06:36+00:00,106.0,140,107,89,9.733,10.199999999999989,24
fit:5e7d75375ffbac6fd9baa8131646a6726e786d6ca7f4f82cf90c8956f7fcce8a,2026-05-02T11:06:37+00:00,107.0,180,107,88,9.741,10.199999999999989,24
fit:5e7d75375ffbac6fd9baa8131646a6726e786d6ca7f4f82cf90c8956f7fcce8a,2026-05-02T11:06:38+00:00,108.0,145,107,88,9.754,10.199999999999989,24
fit:5e7d75375ffbac6fd9baa8131646a6726e786d6ca7f4f82cf90c8956f7fcce8a,2026-05-02T11:06:39+00:00,109.0,172,109,88,9.748,10.800000000000011,24
fit:5e7d75375ffbac6fd9baa8131646a6726e786d6ca7f4f82cf90c8956f7fcce8a,2026-05-02T11:06:40+00:00,110.0,170,110,89,9.827,10.800000000000011,24
fit:5e7d75375ffbac6fd9baa8131646a6726e786d6ca7f4f82cf90c8956f7fcce8a,2026-05-02T11:06:41+00:00,111.0,170,112,89,9.865,10.800000000000011,24
fit:5e7d75375ffbac6fd9baa8131646a6726e786d6ca7f4f82cf90c8956f7fcce8a,2026-05-02T11:06:42+00:00,112.0,158,113,89,9.859,10.800000000000011,24
fit:5e7d75375ffbac6fd9baa8131646a6726e786d6ca7f4f82cf90c8956f7fcce8a,2026-05-02T11:06:43+00:00,113.0,142,113,89,9.905,12.0,24
fit:5e7d75375ffbac6fd9baa8131646a6726e786d6ca7f4f82cf90c8956f7fcce8a,2026-05-02T11:06:44+00:00,114.0,140,114,89,9.91,12.0,24
fit:5e7d75375ffbac6fd9baa8131646a6726e786d6ca7f4f82cf90c8956f7fcce8a,2026-05-02T11:06:45+00:00,115.0,163,114,88,9.901,12.0,24
fit:5e7d75375ffbac6fd9baa8131646a6726e786d6ca7f4f82cf90c8956f7fcce8a,2026-05-02T11:06:46+00:00,116.0,128,114,88,9.849,11.0,24
fit:5e7d75375ffbac6fd9baa8131646a6726e786d6ca7f4f82cf90c8956f7fcce8a,2026-05-02T11:06:47+00:00,117.0,143,113,88,9.836,10.800000000000011,24
fit:5e7d75375ffbac6fd9baa8131646a6726e786d6ca7f4f82cf90c8956f7fcce8a,2026-05-02T11:06:48+00:00,118.0,140,111,88,9.738,10.800000000000011,24
fit:5e7d75375ffbac6fd9baa8131646a6726e786d6ca7f4f82cf90c8956f7fcce8a,2026-05-02T11:06:49+00:00,119.0,152,110,88,9.672,10.800000000000011,24
fit:5e7d75375ffbac6fd9baa8131646a6726e786d6ca7f4f82cf90c8956f7fcce8a,2026-05-02T11:06:50+00:00,120.0,139,108,87,9.723,10.800000000000011,24
fit:5e7d75375ffbac6fd9baa8131646a6726e786d6ca7f4f82cf90c8956f7fcce8a,2026-05-02T11:06:51+00:00,121.0,173,108,87,9.669,11.0,24
fit:5e7d75375ffbac6fd9baa8131646a6726e786d6ca7f4f82cf90c8956f7fcce8a,2026-05-02T11:06:52+00:00,122.0,173,107,87,9.596,11.0,24
fit:5e7d75375ffbac6fd9baa8131646a6726e786d6ca7f4f82cf90c8956f7fcce8a,2026-05-02T11:06:53+00:00,123.0,94,108,87,9.501,11.0,24
fit:5e7d75375ffbac6fd9baa8131646a6726e786d6ca7f4f82cf90c8956f7fcce8a,2026-05-02T11:06:54+00:00,124.0,93,108,87,9.556,12.0,24
fit:5e7d75375ffbac6fd9baa8131646a6726e786d6ca7f4f82cf90c8956f7fcce8a,2026-05-02T11:06:55+00:00,125.0,77,109,87,9.561,11.800000000000011,24
fit:5e7d75375ffbac6fd9baa8131646a6726e786d6ca7f4f82cf90c8956f7fcce8a,2026-05-02T11:06:56+00:00,126.0,137,111,86,9.502,11.800000000000011,24
fit:5e7d75375ffbac6fd9baa8131646a6726e786d6ca7f4f82cf90c8956f7fcce8a,2026-05-02T11:06:57+00:00,127.0,137,112,85,9.472,11.800000000000011,24
fit:5e7d75375ffbac6fd9baa8131646a6726e786d6ca7f4f82cf90c8956f7fcce8a,2026-05-02T11:06:58+00:00,128.0,127,113,85,9.474,11.800000000000011,24
fit:5e7d75375ffbac6fd9baa8131646a6726e786d6ca7f4f82cf90c8956f7fcce8a,2026-05-02T11:06:59+00:00,129.0,146,113,84,9.408,10.199999999999989,24
fit:5e7d75375ffbac6fd9baa8131646a6726e786d6ca7f4f82cf90c8956f7fcce8a,2026-05-02T11:07:00+00:00,130.0,165,113,83,9.255,10.199999999999989,24
fit:5e7d75375ffbac6fd9baa8131646a6726e786d6ca7f4f82cf90c8956f7fcce8a,2026-05-02T11:07:01+00:00,131.0,218,113,83,9.181,10.199999999999989,24
fit:5e7d75375ffbac6fd9baa8131646a6726e786d6ca7f4f82cf90c8956f7fcce8a,2026-05-02T11:07:02+00:00,132.0,163,113,84,9.211,11.199999999999989,24
fit:5e7d75375ffbac6fd9baa8131646a6726e786d6ca7f4f82cf90c8956f7fcce8a,2026-05-02T11:07:03+00:00,133.0,169,113,85,9.276,12.0,24
fit:5e7d75375ffbac6fd9baa8131646a6726e786d6ca7f4f82cf90c8956f7fcce8a,2026-05-02T11:07:04+00:00,134.0,205,113,86,9.33,12.0,24
fit:5e7d75375ffbac6fd9baa8131646a6726e786d6ca7f4f82cf90c8956f7fcce8a,2026-05-02T11:07:05+00:00,135.0,279,113,87,9.344,12.0,24
fit:5e7d75375ffbac6fd9baa8131646a6726e786d6ca7f4f82cf90c8956f7fcce8a,2026-05-02T11:07:06+00:00,136.0,327,113,86,9.765,12.0,24
fit:5e7d75375ffbac6fd9baa8131646a6726e786d6ca7f4f82cf90c8956f7fcce8a,2026-05-02T11:07:07+00:00,137.0,312,113,85,9.742,12.0,24
fit:5e7d75375ffbac6fd9baa8131646a6726e786d6ca7f4f82cf90c8956f7fcce8a,2026-05-02T11:07:08+00:00,138.0,260,114,84,9.643,12.0,25
fit:5e7d75375ffbac6fd9baa8131646a6726e786d6ca7f4f82cf90c8956f7fcce8a,2026-05-02T11:07:09+00:00,139.0,68,115,85,9.457,12.0,25
fit:5e7d75375ffbac6fd9baa8131646a6726e786d6ca7f4f82cf90c8956f7fcce8a,2026-05-02T11:07:10+00:00,140.0,210,115,85,9.45,13.0,25
fit:5e7d75375ffbac6fd9baa8131646a6726e786d6ca7f4f82cf90c8956f7fcce8a,2026-05-02T11:07:11+00:00,141.0,158,116,88,9.278,13.399999999999977,25
fit:5e7d75375ffbac6fd9baa8131646a6726e786d6ca7f4f82cf90c8956f7fcce8a,2026-05-02T11:07:12+00:00,142.0,168,117,92,9.718,13.399999999999977,25
fit:5e7d75375ffbac6fd9baa8131646a6726e786d6ca7f4f82cf90c8956f7fcce8a,2026-05-02T11:07:13+00:00,143.0,152,118,98,10.228,13.399999999999977,25
fit:5e7d75375ffbac6fd9baa8131646a6726e786d6ca7f4f82cf90c8956f7fcce8a,2026-05-02T11:07:14+00:00,144.0,125,118,101,10.691,13.399999999999977,25
fit:5e7d75375ffbac6fd9baa8131646a6726e786d6ca7f4f82cf90c8956f7fcce8a,2026-05-02T11:07:15+00:00,145.0,109,119,102,11.106,9.800000000000011,25
fit:5e7d75375ffbac6fd9baa8131646a6726e786d6ca7f4f82cf90c8956f7fcce8a,2026-05-02T11:07:16+00:00,146.0,100,119,102,11.244,9.800000000000011,25
fit:5e7d75375ffbac6fd9baa8131646a6726e786d6ca7f4f82cf90c8956f7fcce8a,2026-05-02T11:07:17+00:00,147.0,98,119,102,11.19,9.800000000000011,25
fit:5e7d75375ffbac6fd9baa8131646a6726e786d6ca7f4f82cf90c8956f7fcce8a,2026-05-02T11:07:18+00:00,148.0,135,120,100,11.275,9.800000000000011,25
fit:5e7d75375ffbac6fd9baa8131646a6726e786d6ca7f4f82cf90c8956f7fcce8a,2026-05-02T11:07:19+00:00,149.0,226,120,99,11.078,10.0,25
fit:5e7d75375ffbac6fd9baa8131646a6726e786d6ca7f4f82cf90c8956f7fcce8a,2026-05-02T11:07:20+00:00,150.0,309,121,98,11.085,10.0,25
fit:5e7d75375ffbac6fd9baa8131646a6726e786d6ca7f4f82cf90c8956f7fcce8a,2026-05-02T11:07:21+00:00,151.0,245,122,98,10.9,10.0,25
fit:5e7d75375ffbac6fd9baa8131646a6726e786d6ca7f4f82cf90c8956f7fcce8a,2026-05-02T11:07:22+00:00,152.0,246,123,98,10.757,9.199999999999989,25
fit:5e7d75375ffbac6fd9baa8131646a6726e786d6ca7f4f82cf90c8956f7fcce8a,2026-05-02T11:07:23+00:00,153.0,245,123,98,10.672,9.399999999999977,25
fit:5e7d75375ffbac6fd9baa8131646a6726e786d6ca7f4f82cf90c8956f7fcce8a,2026-05-02T11:07:24+00:00,154.0,202,123,96,10.589,9.399999999999977,25
fit:5e7d75375ffbac6fd9baa8131646a6726e786d6ca7f4f82cf90c8956f7fcce8a,2026-05-02T11:07:25+00:00,155.0,218,123,95,10.527,9.399999999999977,25
fit:5e7d75375ffbac6fd9baa8131646a6726e786d6ca7f4f82cf90c8956f7fcce8a,2026-05-02T11:07:26+00:00,156.0,218,123,93,10.435,8.800000000000011,25
fit:5e7d75375ffbac6fd9baa8131646a6726e786d6ca7f4f82cf90c8956f7fcce8a,2026-05-02T11:07:27+00:00,157.0,247,123,93,10.292,7.800000000000011,25
fit:5e7d75375ffbac6fd9baa8131646a6726e786d6ca7f4f82cf90c8956f7fcce8a,2026-05-02T11:07:28+00:00,158.0,240,123,92,10.222,7.800000000000011,25
fit:5e7d75375ffbac6fd9baa8131646a6726e786d6ca7f4f82cf90c8956f7fcce8a,2026-05-02T11:07:29+00:00,159.0,249,123,91,10.144,7.800000000000011,25
fit:5e7d75375ffbac6fd9baa8131646a6726e786d6ca7f4f82cf90c8956f7fcce8a,2026-05-02T11:07:30+00:00,160.0,229,123,89,10.02,7.800000000000011,25
fit:5e7d75375ffbac6fd9baa8131646a6726e786d6ca7f4f82cf90c8956f7fcce8a,2026-05-02T11:07:31+00:00,161.0,229,123,87,9.872,8.0,25
fit:5e7d75375ffbac6fd9baa8131646a6726e786d6ca7f4f82cf90c8956f7fcce8a,2026-05-02T11:07:32+00:00,162.0,280,123,87,9.636,8.0,25
fit:5e7d75375ffbac6fd9baa8131646a6726e786d6ca7f4f82cf90c8956f7fcce8a,2026-05-02T11:07:33+00:00,163.0,315,124,84,9.409,8.0,25
fit:5e7d75375ffbac6fd9baa8131646a6726e786d6ca7f4f82cf90c8956f7fcce8a,2026-05-02T11:07:34+00:00,164.0,305,124,82,9.242,9.0,25
fit:5e7d75375ffbac6fd9baa8131646a6726e786d6ca7f4f82cf90c8956f7fcce8a,2026-05-02T11:07:35+00:00,165.0,278,125,80,9.076,11.0,25
fit:5e7d75375ffbac6fd9baa8131646a6726e786d6ca7f4f82cf90c8956f7fcce8a,2026-05-02T11:07:36+00:00,166.0,274,125,80,8.841,11.0,25
fit:5e7d75375ffbac6fd9baa8131646a6726e786d6ca7f4f82cf90c8956f7fcce8a,2026-05-02T11:07:37+00:00,167.0,270,126,88,8.709,11.0,25
fit:5e7d75375ffbac6fd9baa8131646a6726e786d6ca7f4f82cf90c8956f7fcce8a,2026-05-02T11:07:38+00:00,168.0,375,127,88,8.699,11.0,25
fit:5e7d75375ffbac6fd9baa8131646a6726e786d6ca7f4f82cf90c8956f7fcce8a,2026-05-02T11:07:39+00:00,169.0,317,128,88,8.7,11.0,25
fit:5e7d75375ffbac6fd9baa8131646a6726e786d6ca7f4f82cf90c8956f7fcce8a,2026-05-02T11:07:40+00:00,170.0,229,128,89,8.745,11.0,25
fit:5e7d75375ffbac6fd9baa8131646a6726e786d6ca7f4f82cf90c8956f7fcce8a,2026-05-02T11:07:41+00:00,171.0,269,129,88,8.729,11.0,25
fit:5e7d75375ffbac6fd9baa8131646a6726e786d6ca7f4f82cf90c8956f7fcce8a,2026-05-02T11:07:42+00:00,172.0,269,131,87,8.667,11.0,25
fit:5e7d75375ffbac6fd9baa8131646a6726e786d6ca7f4f82cf90c8956f7fcce8a,2026-05-02T11:07:43+00:00,173.0,265,132,87,8.609,11.199999999999989,25
fit:5e7d75375ffbac6fd9baa8131646a6726e786d6ca7f4f82cf90c8956f7fcce8a,2026-05-02T11:07:44+00:00,174.0,292,132,86,8.521,11.199999999999989,25
fit:5e7d75375ffbac6fd9baa8131646a6726e786d6ca7f4f82cf90c8956f7fcce8a,2026-05-02T11:07:45+00:00,175.0,304,133,85,8.366,11.199999999999989,25
fit:5e7d75375ffbac6fd9baa8131646a6726e786d6ca7f4f82cf90c8956f7fcce8a,2026-05-02T11:07:46+00:00,176.0,286,134,84,8.27,11.199999999999989,25
fit:5e7d75375ffbac6fd9baa8131646a6726e786d6ca7f4f82cf90c8956f7fcce8a,2026-05-02T11:07:47+00:00,177.0,301,135,84,8.327,11.399999999999977,25
fit:5e7d75375ffbac6fd9baa8131646a6726e786d6ca7f4f82cf90c8956f7fcce8a,2026-05-02T11:07:48+00:00,178.0,274,136,83,8.35,11.399999999999977,25
fit:5e7d75375ffbac6fd9baa8131646a6726e786d6ca7f4f82cf90c8956f7fcce8a,2026-05-02T11:07:49+00:00,179.0,307,136,83,8.242,11.399999999999977,25
fit:5e7d75375ffbac6fd9baa8131646a6726e786d6ca7f4f82cf90c8956f7fcce8a,2026-05-02T11:07:50+00:00,180.0,255,137,82,8.101,12.0,25
fit:5e7d75375ffbac6fd9baa8131646a6726e786d6ca7f4f82cf90c8956f7fcce8a,2026-05-02T11:07:51+00:00,181.0,249,137,82,8.028,12.600000000000023,25
fit:5e7d75375ffbac6fd9baa8131646a6726e786d6ca7f4f82cf90c8956f7fcce8a,2026-05-02T11:07:52+00:00,182.0,222,138,82,7.89,12.600000000000023,25
fit:5e7d75375ffbac6fd9baa8131646a6726e786d6ca7f4f82cf90c8956f7fcce8a,2026-05-02T11:07:53+00:00,183.0,303,138,82,7.916,12.600000000000023,25
fit:5e7d75375ffbac6fd9baa8131646a6726e786d6ca7f4f82cf90c8956f7fcce8a,2026-05-02T11:07:54+00:00,184.0,277,139,84,7.98,12.600000000000023,25
fit:5e7d75375ffbac6fd9baa8131646a6726e786d6ca7f4f82cf90c8956f7fcce8a,2026-05-02T11:07:55+00:00,185.0,222,140,88,8.155,15.200000000000045,25
fit:5e7d75375ffbac6fd9baa8131646a6726e786d6ca7f4f82cf90c8956f7fcce8a,2026-05-02T11:07:56+00:00,186.0,150,141,91,8.57,15.200000000000045,25
fit:5e7d75375ffbac6fd9baa8131646a6726e786d6ca7f4f82cf90c8956f7fcce8a,2026-05-02T11:07:57+00:00,187.0,89,141,93,8.88,15.200000000000045,25
fit:5e7d75375ffbac6fd9baa8131646a6726e786d6ca7f4f82cf90c8956f7fcce8a,2026-05-02T11:07:58+00:00,188.0,165,141,93,9.122,15.200000000000045,25
fit:5e7d75375ffbac6fd9baa8131646a6726e786d6ca7f4f82cf90c8956f7fcce8a,2026-05-02T11:07:59+00:00,189.0,150,141,85,9.247,13.399999999999977,25
fit:5e7d75375ffbac6fd9baa8131646a6726e786d6ca7f4f82cf90c8956f7fcce8a,2026-05-02T11:08:00+00:00,190.0,149,141,86,9.355,13.399999999999977,25
fit:5e7d75375ffbac6fd9baa8131646a6726e786d6ca7f4f82cf90c8956f7fcce8a,2026-05-02T11:08:01+00:00,191.0,147,142,87,9.399,13.399999999999977,25
fit:5e7d75375ffbac6fd9baa8131646a6726e786d6ca7f4f82cf90c8956f7fcce8a,2026-05-02T11:08:02+00:00,192.0,160,142,88,9.505,13.399999999999977,25
fit:5e7d75375ffbac6fd9baa8131646a6726e786d6ca7f4f82cf90c8956f7fcce8a,2026-05-02T11:08:03+00:00,193.0,127,142,89,9.627,13.600000000000023,25
fit:5e7d75375ffbac6fd9baa8131646a6726e786d6ca7f4f82cf90c8956f7fcce8a,2026-05-02T11:08:04+00:00,194.0,135,142,90,9.752,13.600000000000023,25
fit:5e7d75375ffbac6fd9baa8131646a6726e786d6ca7f4f82cf90c8956f7fcce8a,2026-05-02T11:08:05+00:00,195.0,116,142,91,9.859,13.600000000000023,25
fit:5e7d75375ffbac6fd9baa8131646a6726e786d6ca7f4f82cf90c8956f7fcce8a,2026-05-02T11:08:06+00:00,196.0,123,142,91,9.936,13.600000000000023,25
fit:5e7d75375ffbac6fd9baa8131646a6726e786d6ca7f4f82cf90c8956f7fcce8a,2026-05-02T11:08:07+00:00,197.0,131,142,92,9.978,12.600000000000023,25
fit:5e7d75375ffbac6fd9baa8131646a6726e786d6ca7f4f82cf90c8956f7fcce8a,2026-05-02T11:08:08+00:00,198.0,133,141,93,10.088,12.600000000000023,25
fit:5e7d75375ffbac6fd9baa8131646a6726e786d6ca7f4f82cf90c8956f7fcce8a,2026-05-02T11:08:09+00:00,199.0,135,140,93,10.179,12.600000000000023,25
fit:5e7d75375ffbac6fd9baa8131646a6726e786d6ca7f4f82cf90c8956f7fcce8a,2026-05-02T11:08:10+00:00,200.0,123,139,93,10.26,12.600000000000023,25
fit:5e7d75375ffbac6fd9baa8131646a6726e786d6ca7f4f82cf90c8956f7fcce8a,2026-05-02T11:08:11+00:00,201.0,122,139,93,10.327,12.799999999999955,25
fit:5e7d75375ffbac6fd9baa8131646a6726e786d6ca7f4f82cf90c8956f7fcce8a,2026-05-02T11:08:12+00:00,202.0,122,138,93,10.327,12.799999999999955,25
fit:5e7d75375ffbac6fd9baa8131646a6726e786d6ca7f4f82cf90c8956f7fcce8a,2026-05-02T11:08:13+00:00,203.0,105,138,93,10.323,12.799999999999955,25
fit:5e7d75375ffbac6fd9baa8131646a6726e786d6ca7f4f82cf90c8956f7fcce8a,2026-05-02T11:08:14+00:00,204.0,185,138,93,10.298,12.799999999999955,25
fit:5e7d75375ffbac6fd9baa8131646a6726e786d6ca7f4f82cf90c8956f7fcce8a,2026-05-02T11:08:15+00:00,205.0,177,138,93,10.289,12.799999999999955,25
fit:5e7d75375ffbac6fd9baa8131646a6726e786d6ca7f4f82cf90c8956f7fcce8a,2026-05-02T11:08:16+00:00,206.0,178,137,93,10.202,12.799999999999955,25
fit:5e7d75375ffbac6fd9baa8131646a6726e786d6ca7f4f82cf90c8956f7fcce8a,2026-05-02T11:08:17+00:00,207.0,153,135,93,10.123,12.799999999999955,25
fit:5e7d75375ffbac6fd9baa8131646a6726e786d6ca7f4f82cf90c8956f7fcce8a,2026-05-02T11:08:18+00:00,208.0,205,134,93,10.181,12.799999999999955,25
fit:5e7d75375ffbac6fd9baa8131646a6726e786d6ca7f4f82cf90c8956f7fcce8a,2026-05-02T11:08:19+00:00,209.0,170,134,93,10.245,13.799999999999955,25
fit:5e7d75375ffbac6fd9baa8131646a6726e786d6ca7f4f82cf90c8956f7fcce8a,2026-05-02T11:08:20+00:00,210.0,207,133,92,10.329,13.799999999999955,25
fit:5e7d75375ffbac6fd9baa8131646a6726e786d6ca7f4f82cf90c8956f7fcce8a,2026-05-02T11:08:21+00:00,211.0,158,132,92,10.356,13.799999999999955,25
fit:5e7d75375ffbac6fd9baa8131646a6726e786d6ca7f4f82cf90c8956f7fcce8a,2026-05-02T11:08:22+00:00,212.0,197,132,92,10.221,14.799999999999955,25
fit:5e7d75375ffbac6fd9baa8131646a6726e786d6ca7f4f82cf90c8956f7fcce8a,2026-05-02T11:08:23+00:00,213.0,217,132,91,10.018,14.600000000000023,25
fit:5e7d75375ffbac6fd9baa8131646a6726e786d6ca7f4f82cf90c8956f7fcce8a,2026-05-02T11:08:24+00:00,214.0,245,131,90,9.974,14.600000000000023,25
fit:5e7d75375ffbac6fd9baa8131646a6726e786d6ca7f4f82cf90c8956f7fcce8a,2026-05-02T11:08:25+00:00,215.0,282,130,90,10.103,14.600000000000023,25
fit:5e7d75375ffbac6fd9baa8131646a6726e786d6ca7f4f82cf90c8956f7fcce8a,2026-05-02T11:08:26+00:00,216.0,249,130,89,10.068,14.600000000000023,25
fit:5e7d75375ffbac6fd9baa8131646a6726e786d6ca7f4f82cf90c8956f7fcce8a,2026-05-02T11:08:27+00:00,217.0,243,130,89,9.884,14.399999999999977,25
fit:5e7d75375ffbac6fd9baa8131646a6726e786d6ca7f4f82cf90c8956f7fcce8a,2026-05-02T11:08:28+00:00,218.0,261,129,88,9.843,14.399999999999977,25
fit:5e7d75375ffbac6fd9baa8131646a6726e786d6ca7f4f82cf90c8956f7fcce8a,2026-05-02T11:08:29+00:00,219.0,269,129,87,9.782,14.399999999999977,25
fit:5e7d75375ffbac6fd9baa8131646a6726e786d6ca7f4f82cf90c8956f7fcce8a,2026-05-02T11:08:30+00:00,220.0,236,129,87,9.728,14.200000000000045,25
fit:5e7d75375ffbac6fd9baa8131646a6726e786d6ca7f4f82cf90c8956f7fcce8a,2026-05-02T11:08:31+00:00,221.0,205,130,86,9.625,15.399999999999977,25
fit:5e7d75375ffbac6fd9baa8131646a6726e786d6ca7f4f82cf90c8956f7fcce8a,2026-05-02T11:08:32+00:00,222.0,205,131,86,9.629,15.399999999999977,25
fit:5e7d75375ffbac6fd9baa8131646a6726e786d6ca7f4f82cf90c8956f7fcce8a,2026-05-02T11:08:33+00:00,223.0,220,132,86,9.564,15.399999999999977,25
fit:5e7d75375ffbac6fd9baa8131646a6726e786d6ca7f4f82cf90c8956f7fcce8a,2026-05-02T11:08:34+00:00,224.0,191,132,85,9.428,15.399999999999977,25
fit:5e7d75375ffbac6fd9baa8131646a6726e786d6ca7f4f82cf90c8956f7fcce8a,2026-05-02T11:08:35+00:00,225.0,188,133,85,9.39,14.799999999999955,25
fit:5e7d75375ffbac6fd9baa8131646a6726e786d6ca7f4f82cf90c8956f7fcce8a,2026-05-02T11:08:36+00:00,226.0,202,134,85,9.407,14.799999999999955,25
fit:5e7d75375ffbac6fd9baa8131646a6726e786d6ca7f4f82cf90c8956f7fcce8a,2026-05-02T11:08:37+00:00,227.0,202,134,86,9.373,14.799999999999955,25
fit:5e7d75375ffbac6fd9baa8131646a6726e786d6ca7f4f82cf90c8956f7fcce8a,2026-05-02T11:08:38+00:00,228.0,182,134,86,9.42,13.799999999999955,25
fit:5e7d75375ffbac6fd9baa8131646a6726e786d6ca7f4f82cf90c8956f7fcce8a,2026-05-02T11:08:39+00:00,229.0,181,134,86,9.52,13.0,25
fit:5e7d75375ffbac6fd9baa8131646a6726e786d6ca7f4f82cf90c8956f7fcce8a,2026-05-02T11:08:40+00:00,230.0,182,133,87,9.577,13.0,25
fit:5e7d75375ffbac6fd9baa8131646a6726e786d6ca7f4f82cf90c8956f7fcce8a,2026-05-02T11:08:41+00:00,231.0,188,133,87,9.608,13.0,25
fit:5e7d75375ffbac6fd9baa8131646a6726e786d6ca7f4f82cf90c8956f7fcce8a,2026-05-02T11:08:42+00:00,232.0,188,133,87,9.605,13.799999999999955,25
fit:5e7d75375ffbac6fd9baa8131646a6726e786d6ca7f4f82cf90c8956f7fcce8a,2026-05-02T11:08:43+00:00,233.0,195,133,88,9.586,13.600000000000023,25
fit:5e7d75375ffbac6fd9baa8131646a6726e786d6ca7f4f82cf90c8956f7fcce8a,2026-05-02T11:08:44+00:00,234.0,178,132,88,9.642,13.600000000000023,25
fit:5e7d75375ffbac6fd9baa8131646a6726e786d6ca7f4f82cf90c8956f7fcce8a,2026-05-02T11:08:45+00:00,235.0,170,132,89,9.621,13.600000000000023,25
fit:5e7d75375ffbac6fd9baa8131646a6726e786d6ca7f4f82cf90c8956f7fcce8a,2026-05-02T11:08:46+00:00,236.0,137,132,90,9.734,13.799999999999955,25
fit:5e7d75375ffbac6fd9baa8131646a6726e786d6ca7f4f82cf90c8956f7fcce8a,2026-05-02T11:08:47+00:00,237.0,137,132,90,9.803,13.399999999999977,25
fit:5e7d75375ffbac6fd9baa8131646a6726e786d6ca7f4f82cf90c8956f7fcce8a,2026-05-02T11:08:48+00:00,238.0,173,132,90,9.864,13.399999999999977,25
fit:5e7d75375ffbac6fd9baa8131646a6726e786d6ca7f4f82cf90c8956f7fcce8a,2026-05-02T11:08:49+00:00,239.0,168,132,91,9.918,13.399999999999977,25
fit:5e7d75375ffbac6fd9baa8131646a6726e786d6ca7f4f82cf90c8956f7fcce8a,2026-05-02T11:08:50+00:00,240.0,168,132,91,10.007,13.399999999999977,25
fit:5e7d75375ffbac6fd9baa8131646a6726e786d6ca7f4f82cf90c8956f7fcce8a,2026-05-02T11:08:51+00:00,241.0,191,132,90,10.007,12.799999999999955,26
fit:5e7d75375ffbac6fd9baa8131646a6726e786d6ca7f4f82cf90c8956f7fcce8a,2026-05-02T11:08:52+00:00,242.0,191,132,89,9.951,12.799999999999955,26
fit:5e7d75375ffbac6fd9baa8131646a6726e786d6ca7f4f82cf90c8956f7fcce8a,2026-05-02T11:08:53+00:00,243.0,191,132,89,9.778,12.799999999999955,26
fit:5e7d75375ffbac6fd9baa8131646a6726e786d6ca7f4f82cf90c8956f7fcce8a,2026-05-02T11:08:54+00:00,244.0,231,132,89,9.723,11.800000000000011,26
fit:5e7d75375ffbac6fd9baa8131646a6726e786d6ca7f4f82cf90c8956f7fcce8a,2026-05-02T11:08:55+00:00,245.0,223,133,87,9.571,11.399999999999977,26
fit:5e7d75375ffbac6fd9baa8131646a6726e786d6ca7f4f82cf90c8956f7fcce8a,2026-05-02T11:08:56+00:00,246.0,236,133,85,9.485,11.399999999999977,26
fit:5e7d75375ffbac6fd9baa8131646a6726e786d6ca7f4f82cf90c8956f7fcce8a,2026-05-02T11:08:57+00:00,247.0,236,133,85,9.439,11.399999999999977,26
fit:5e7d75375ffbac6fd9baa8131646a6726e786d6ca7f4f82cf90c8956f7fcce8a,2026-05-02T11:08:58+00:00,248.0,242,133,85,9.451,11.399999999999977,26
fit:5e7d75375ffbac6fd9baa8131646a6726e786d6ca7f4f82cf90c8956f7fcce8a,2026-05-02T11:08:59+00:00,249.0,249,133,84,9.46,11.800000000000011,26
fit:5e7d75375ffbac6fd9baa8131646a6726e786d6ca7f4f82cf90c8956f7fcce8a,2026-05-02T11:09:00+00:00,250.0,248,133,83,9.379,11.800000000000011,26
fit:5e7d75375ffbac6fd9baa8131646a6726e786d6ca7f4f82cf90c8956f7fcce8a,2026-05-02T11:09:01+00:00,251.0,260,133,83,9.212,11.800000000000011,26
fit:5e7d75375ffbac6fd9baa8131646a6726e786d6ca7f4f82cf90c8956f7fcce8a,2026-05-02T11:09:02+00:00,252.0,253,133,83,9.092,11.800000000000011,26
fit:5e7d75375ffbac6fd9baa8131646a6726e786d6ca7f4f82cf90c8956f7fcce8a,2026-05-02T11:09:03+00:00,253.0,263,133,82,9.103,12.799999999999955,26
fit:5e7d75375ffbac6fd9baa8131646a6726e786d6ca7f4f82cf90c8956f7fcce8a,2026-05-02T11:09:04+00:00,254.0,271,133,82,9.168,12.799999999999955,26
fit:5e7d75375ffbac6fd9baa8131646a6726e786d6ca7f4f82cf90c8956f7fcce8a,2026-05-02T11:09:05+00:00,255.0,274,133,83,9.143,12.799999999999955,26
fit:5e7d75375ffbac6fd9baa8131646a6726e786d6ca7f4f82cf90c8956f7fcce8a,2026-05-02T11:09:06+00:00,256.0,272,134,83,9.038,12.799999999999955,26
fit:5e7d75375ffbac6fd9baa8131646a6726e786d6ca7f4f82cf90c8956f7fcce8a,2026-05-02T11:09:07+00:00,257.0,272,134,83,9.108,13.799999999999955,26
fit:5e7d75375ffbac6fd9baa8131646a6726e786d6ca7f4f82cf90c8956f7fcce8a,2026-05-02T11:09:08+00:00,258.0,268,134,84,9.169,13.799999999999955,26
fit:5e7d75375ffbac6fd9baa8131646a6726e786d6ca7f4f82cf90c8956f7fcce8a,2026-05-02T11:09:09+00:00,259.0,229,134,84,9.315,13.799999999999955,26
fit:5e7d75375ffbac6fd9baa8131646a6726e786d6ca7f4f82cf90c8956f7fcce8a,2026-05-02T11:09:10+00:00,260.0,217,134,84,9.294,13.799999999999955,26
fit:5e7d75375ffbac6fd9baa8131646a6726e786d6ca7f4f82cf90c8956f7fcce8a,2026-05-02T11:09:11+00:00,261.0,249,135,84,9.284,13.399999999999977,26
fit:5e7d75375ffbac6fd9baa8131646a6726e786d6ca7f4f82cf90c8956f7fcce8a,2026-05-02T11:09:12+00:00,262.0,251,135,83,9.24,13.399999999999977,26
fit:5e7d75375ffbac6fd9baa8131646a6726e786d6ca7f4f82cf90c8956f7fcce8a,2026-05-02T11:09:13+00:00,263.0,228,135,83,9.164,13.399999999999977,26
fit:5e7d75375ffbac6fd9baa8131646a6726e786d6ca7f4f82cf90c8956f7fcce8a,2026-05-02T11:09:14+00:00,264.0,254,136,83,9.193,13.799999999999955,26
fit:5e7d75375ffbac6fd9baa8131646a6726e786d6ca7f4f82cf90c8956f7fcce8a,2026-05-02T11:09:15+00:00,265.0,220,137,83,9.183,14.200000000000045,26
fit:5e7d75375ffbac6fd9baa8131646a6726e786d6ca7f4f82cf90c8956f7fcce8a,2026-05-02T11:09:16+00:00,266.0,224,138,83,9.075,14.200000000000045,26
fit:5e7d75375ffbac6fd9baa8131646a6726e786d6ca7f4f82cf90c8956f7fcce8a,2026-05-02T11:09:17+00:00,267.0,224,138,83,9.097,14.200000000000045,26
fit:5e7d75375ffbac6fd9baa8131646a6726e786d6ca7f4f82cf90c8956f7fcce8a,2026-05-02T11:09:18+00:00,268.0,223,139,83,9.195,14.399999999999977,26
fit:5e7d75375ffbac6fd9baa8131646a6726e786d6ca7f4f82cf90c8956f7fcce8a,2026-05-02T11:09:19+00:00,269.0,239,138,82,9.213,14.399999999999977,26
fit:5e7d75375ffbac6fd9baa8131646a6726e786d6ca7f4f82cf90c8956f7fcce8a,2026-05-02T11:09:20+00:00,270.0,240,138,82,9.115,14.399999999999977,26
fit:5e7d75375ffbac6fd9baa8131646a6726e786d6ca7f4f82cf90c8956f7fcce8a,2026-05-02T11:09:21+00:00,271.0,198,138,82,9.071,14.399999999999977,26
fit:5e7d75375ffbac6fd9baa8131646a6726e786d6ca7f4f82cf90c8956f7fcce8a,2026-05-02T11:09:22+00:00,272.0,147,138,81,9.071,15.399999999999977,26
fit:5e7d75375ffbac6fd9baa8131646a6726e786d6ca7f4f82cf90c8956f7fcce8a,2026-05-02T11:09:23+00:00,273.0,147,137,81,9.052,15.0,26
fit:5e7d75375ffbac6fd9baa8131646a6726e786d6ca7f4f82cf90c8956f7fcce8a,2026-05-02T11:09:24+00:00,274.0,133,137,81,8.96,15.0,26
fit:5e7d75375ffbac6fd9baa8131646a6726e786d6ca7f4f82cf90c8956f7fcce8a,2026-05-02T11:09:25+00:00,275.0,162,137,80,8.875,15.0,26
fit:5e7d75375ffbac6fd9baa8131646a6726e786d6ca7f4f82cf90c8956f7fcce8a,2026-05-02T11:09:26+00:00,276.0,162,136,79,8.775,15.0,26
fit:5e7d75375ffbac6fd9baa8131646a6726e786d6ca7f4f82cf90c8956f7fcce8a,2026-05-02T11:09:27+00:00,277.0,253,136,79,8.638,14.399999999999977,26
fit:5e7d75375ffbac6fd9baa8131646a6726e786d6ca7f4f82cf90c8956f7fcce8a,2026-05-02T11:09:28+00:00,278.0,253,135,81,8.631,14.399999999999977,26
fit:5e7d75375ffbac6fd9baa8131646a6726e786d6ca7f4f82cf90c8956f7fcce8a,2026-05-02T11:09:29+00:00,279.0,251,135,81,8.891,14.399999999999977,26
fit:5e7d75375ffbac6fd9baa8131646a6726e786d6ca7f4f82cf90c8956f7fcce8a,2026-05-02T11:09:30+00:00,280.0,234,134,84,9.099,15.399999999999977,26
fit:5e7d75375ffbac6fd9baa8131646a6726e786d6ca7f4f82cf90c8956f7fcce8a,2026-05-02T11:09:31+00:00,281.0,143,134,86,9.31,15.799999999999955,26
fit:5e7d75375ffbac6fd9baa8131646a6726e786d6ca7f4f82cf90c8956f7fcce8a,2026-05-02T11:09:32+00:00,282.0,147,134,88,9.446,15.799999999999955,26
fit:5e7d75375ffbac6fd9baa8131646a6726e786d6ca7f4f82cf90c8956f7fcce8a,2026-05-02T11:09:33+00:00,283.0,147,134,88,9.629,15.799999999999955,26
fit:5e7d75375ffbac6fd9baa8131646a6726e786d6ca7f4f82cf90c8956f7fcce8a,2026-05-02T11:09:34+00:00,284.0,178,133,88,9.645,15.799999999999955,26
fit:5e7d75375ffbac6fd9baa8131646a6726e786d6ca7f4f82cf90c8956f7fcce8a,2026-05-02T11:09:35+00:00,285.0,167,133,89,9.715,15.200000000000045,26
fit:5e7d75375ffbac6fd9baa8131646a6726e786d6ca7f4f82cf90c8956f7fcce8a,2026-05-02T11:09:36+00:00,286.0,170,133,90,9.817,15.200000000000045,26
fit:5e7d75375ffbac6fd9baa8131646a6726e786d6ca7f4f82cf90c8956f7fcce8a,2026-05-02T11:09:37+00:00,287.0,170,133,90,9.853,15.200000000000045,26
fit:5e7d75375ffbac6fd9baa8131646a6726e786d6ca7f4f82cf90c8956f7fcce8a,2026-05-02T11:09:38+00:00,288.0,158,133,91,9.921,14.799999999999955,26
fit:5e7d75375ffbac6fd9baa8131646a6726e786d6ca7f4f82cf90c8956f7fcce8a,2026-05-02T11:09:39+00:00,289.0,138,133,91,9.996,14.399999999999977,26
fit:5e7d75375ffbac6fd9baa8131646a6726e786d6ca7f4f82cf90c8956f7fcce8a,2026-05-02T11:09:40+00:00,290.0,143,133,92,10.09,14.399999999999977,26
fit:5e7d75375ffbac6fd9baa8131646a6726e786d6ca7f4f82cf90c8956f7fcce8a,2026-05-02T11:09:41+00:00,291.0,197,133,92,10.13,14.399999999999977,26
fit:5e7d75375ffbac6fd9baa8131646a6726e786d6ca7f4f82cf90c8956f7fcce8a,2026-05-02T11:09:42+00:00,292.0,217,134,92,10.152,14.600000000000023,26
fit:5e7d75375ffbac6fd9baa8131646a6726e786d6ca7f4f82cf90c8956f7fcce8a,2026-05-02T11:09:43+00:00,293.0,183,134,92,10.276,14.600000000000023,26
fit:5e7d75375ffbac6fd9baa8131646a6726e786d6ca7f4f82cf90c8956f7fcce8a,2026-05-02T11:09:44+00:00,294.0,141,134,93,10.313,14.600000000000023,26
fit:5e7d75375ffbac6fd9baa8131646a6726e786d6ca7f4f82cf90c8956f7fcce8a,2026-05-02T11:09:45+00:00,295.0,213,134,94,10.348,14.600000000000023,26
fit:5e7d75375ffbac6fd9baa8131646a6726e786d6ca7f4f82cf90c8956f7fcce8a,2026-05-02T11:09:46+00:00,296.0,206,134,94,10.325,14.600000000000023,26
fit:5e7d75375ffbac6fd9baa8131646a6726e786d6ca7f4f82cf90c8956f7fcce8a,2026-05-02T11:09:47+00:00,297.0,166,134,95,10.293,14.600000000000023,26
fit:5e7d75375ffbac6fd9baa8131646a6726e786d6ca7f4f82cf90c8956f7fcce8a,2026-05-02T11:09:48+00:00,298.0,155,134,96,10.312,14.600000000000023,26
fit:5e7d75375ffbac6fd9baa8131646a6726e786d6ca7f4f82cf90c8956f7fcce8a,2026-05-02T11:09:49+00:00,299.0,130,135,96,10.472,14.600000000000023,26
fit:5e7d75375ffbac6fd9baa8131646a6726e786d6ca7f4f82cf90c8956f7fcce8a,2026-05-02T11:09:50+00:00,300.0,113,136,97,10.606,14.600000000000023,26
fit:5e7d75375ffbac6fd9baa8131646a6726e786d6ca7f4f82cf90c8956f7fcce8a,2026-05-02T11:09:51+00:00,301.0,120,136,97,10.672,14.200000000000045,26
fit:5e7d75375ffbac6fd9baa8131646a6726e786d6ca7f4f82cf90c8956f7fcce8a,2026-05-02T11:09:52+00:00,302.0,131,136,98,10.746,14.200000000000045,26
fit:5e7d75375ffbac6fd9baa8131646a6726e786d6ca7f4f82cf90c8956f7fcce8a,2026-05-02T11:09:53+00:00,303.0,47,136,98,10.742,14.200000000000045,26
fit:5e7d75375ffbac6fd9baa8131646a6726e786d6ca7f4f82cf90c8956f7fcce8a,2026-05-02T11:09:54+00:00,304.0,304,136,99,10.852,15.200000000000045,26
fit:5e7d75375ffbac6fd9baa8131646a6726e786d6ca7f4f82cf90c8956f7fcce8a,2026-05-02T11:09:55+00:00,305.0,125,135,99,10.888,13.799999999999955,26
fit:5e7d75375ffbac6fd9baa8131646a6726e786d6ca7f4f82cf90c8956f7fcce8a,2026-05-02T11:09:56+00:00,306.0,145,135,100,10.966,13.799999999999955,26
fit:5e7d75375ffbac6fd9baa8131646a6726e786d6ca7f4f82cf90c8956f7fcce8a,2026-05-02T11:09:57+00:00,307.0,125,133,99,11.033,13.799999999999955,26
fit:5e7d75375ffbac6fd9baa8131646a6726e786d6ca7f4f82cf90c8956f7fcce8a,2026-05-02T11:09:58+00:00,308.0,110,131,99,10.926,13.799999999999955,26
fit:5e7d75375ffbac6fd9baa8131646a6726e786d6ca7f4f82cf90c8956f7fcce8a,2026-05-02T11:09:59+00:00,309.0,102,130,98,10.79,13.799999999999955,26
fit:5e7d75375ffbac6fd9baa8131646a6726e786d6ca7f4f82cf90c8956f7fcce8a,2026-05-02T11:10:00+00:00,310.0,121,130,97,10.768,13.799999999999955,26
fit:5e7d75375ffbac6fd9baa8131646a6726e786d6ca7f4f82cf90c8956f7fcce8a,2026-05-02T11:10:01+00:00,311.0,137,130,96,10.707,13.799999999999955,26
fit:5e7d75375ffbac6fd9baa8131646a6726e786d6ca7f4f82cf90c8956f7fcce8a,2026-05-02T11:10:02+00:00,312.0,138,129,96,10.628,12.799999999999955,26
fit:5e7d75375ffbac6fd9baa8131646a6726e786d6ca7f4f82cf90c8956f7fcce8a,2026-05-02T11:10:03+00:00,313.0,187,129,96,10.573,13.799999999999955,26
fit:5e7d75375ffbac6fd9baa8131646a6726e786d6ca7f4f82cf90c8956f7fcce8a,2026-05-02T11:10:04+00:00,314.0,154,129,96,10.718,13.799999999999955,26
fit:5e7d75375ffbac6fd9baa8131646a6726e786d6ca7f4f82cf90c8956f7fcce8a,2026-05-02T11:10:05+00:00,315.0,158,129,96,10.649,13.799999999999955,26
fit:5e7d75375ffbac6fd9baa8131646a6726e786d6ca7f4f82cf90c8956f7fcce8a,2026-05-02T11:10:06+00:00,316.0,174,129,96,10.623,13.799999999999955,26
fit:5e7d75375ffbac6fd9baa8131646a6726e786d6ca7f4f82cf90c8956f7fcce8a,2026-05-02T11:10:07+00:00,317.0,142,129,95,10.542,13.600000000000023,26
fit:5e7d75375ffbac6fd9baa8131646a6726e786d6ca7f4f82cf90c8956f7fcce8a,2026-05-02T11:10:08+00:00,318.0,148,129,93,10.489,13.600000000000023,26
fit:5e7d75375ffbac6fd9baa8131646a6726e786d6ca7f4f82cf90c8956f7fcce8a,2026-05-02T11:10:09+00:00,319.0,197,130,92,10.407,13.600000000000023,26
fit:5e7d75375ffbac6fd9baa8131646a6726e786d6ca7f4f82cf90c8956f7fcce8a,2026-05-02T11:10:10+00:00,320.0,234,130,91,10.296,13.600000000000023,26
fit:5e7d75375ffbac6fd9baa8131646a6726e786d6ca7f4f82cf90c8956f7fcce8a,2026-05-02T11:10:11+00:00,321.0,229,129,90,10.266,12.799999999999955,26
fit:5e7d75375ffbac6fd9baa8131646a6726e786d6ca7f4f82cf90c8956f7fcce8a,2026-05-02T11:10:12+00:00,322.0,230,129,90,9.972,12.799999999999955,26
fit:5e7d75375ffbac6fd9baa8131646a6726e786d6ca7f4f82cf90c8956f7fcce8a,2026-05-02T11:10:13+00:00,323.0,231,129,90,9.923,12.799999999999955,26
fit:5e7d75375ffbac6fd9baa8131646a6726e786d6ca7f4f82cf90c8956f7fcce8a,2026-05-02T11:10:14+00:00,324.0,220,128,89,9.883,13.600000000000023,26
fit:5e7d75375ffbac6fd9baa8131646a6726e786d6ca7f4f82cf90c8956f7fcce8a,2026-05-02T11:10:15+00:00,325.0,221,127,88,9.928,14.399999999999977,26
fit:5e7d75375ffbac6fd9baa8131646a6726e786d6ca7f4f82cf90c8956f7fcce8a,2026-05-02T11:10:16+00:00,326.0,216,127,87,9.897,14.399999999999977,26
fit:5e7d75375ffbac6fd9baa8131646a6726e786d6ca7f4f82cf90c8956f7fcce8a,2026-05-02T11:10:17+00:00,327.0,217,127,87,9.842,14.399999999999977,26
fit:5e7d75375ffbac6fd9baa8131646a6726e786d6ca7f4f82cf90c8956f7fcce8a,2026-05-02T11:10:18+00:00,328.0,217,127,87,9.826,14.399999999999977,26
fit:5e7d75375ffbac6fd9baa8131646a6726e786d6ca7f4f82cf90c8956f7fcce8a,2026-05-02T11:10:19+00:00,329.0,204,128,87,9.763,16.200000000000045,26
fit:5e7d75375ffbac6fd9baa8131646a6726e786d6ca7f4f82cf90c8956f7fcce8a,2026-05-02T11:10:20+00:00,330.0,187,128,88,9.808,16.200000000000045,26
fit:5e7d75375ffbac6fd9baa8131646a6726e786d6ca7f4f82cf90c8956f7fcce8a,2026-05-02T11:10:21+00:00,331.0,159,129,90,9.825,16.200000000000045,26
fit:5e7d75375ffbac6fd9baa8131646a6726e786d6ca7f4f82cf90c8956f7fcce8a,2026-05-02T11:10:22+00:00,332.0,180,130,91,9.873,15.200000000000045,26
fit:5e7d75375ffbac6fd9baa8131646a6726e786d6ca7f4f82cf90c8956f7fcce8a,2026-05-02T11:10:23+00:00,333.0,191,130,91,9.923,14.600000000000023,26
fit:5e7d75375ffbac6fd9baa8131646a6726e786d6ca7f4f82cf90c8956f7fcce8a,2026-05-02T11:10:24+00:00,334.0,186,130,92,10.041,14.600000000000023,26
fit:5e7d75375ffbac6fd9baa8131646a6726e786d6ca7f4f82cf90c8956f7fcce8a,2026-05-02T11:10:25+00:00,335.0,165,130,91,10.11,14.600000000000023,26
fit:5e7d75375ffbac6fd9baa8131646a6726e786d6ca7f4f82cf90c8956f7fcce8a,2026-05-02T11:10:26+00:00,336.0,165,130,91,10.147,13.600000000000023,26
fit:5e7d75375ffbac6fd9baa8131646a6726e786d6ca7f4f82cf90c8956f7fcce8a,2026-05-02T11:10:27+00:00,337.0,163,130,91,10.151,14.600000000000023,26
fit:5e7d75375ffbac6fd9baa8131646a6726e786d6ca7f4f82cf90c8956f7fcce8a,2026-05-02T11:10:28+00:00,338.0,163,130,91,10.181,14.600000000000023,26
fit:5e7d75375ffbac6fd9baa8131646a6726e786d6ca7f4f82cf90c8956f7fcce8a,2026-05-02T11:10:29+00:00,339.0,138,130,91,10.224,14.600000000000023,26
fit:5e7d75375ffbac6fd9baa8131646a6726e786d6ca7f4f82cf90c8956f7fcce8a,2026-05-02T11:10:30+00:00,340.0,151,130,90,10.168,14.600000000000023,26
fit:5e7d75375ffbac6fd9baa8131646a6726e786d6ca7f4f82cf90c8956f7fcce8a,2026-05-02T11:10:31+00:00,341.0,132,130,90,10.127,14.799999999999955,26
fit:5e7d75375ffbac6fd9baa8131646a6726e786d6ca7f4f82cf90c8956f7fcce8a,2026-05-02T11:10:32+00:00,342.0,116,130,91,10.071,14.799999999999955,26
fit:5e7d75375ffbac6fd9baa8131646a6726e786d6ca7f4f82cf90c8956f7fcce8a,2026-05-02T11:10:33+00:00,343.0,164,131,92,10.043,14.799999999999955,26
fit:5e7d75375ffbac6fd9baa8131646a6726e786d6ca7f4f82cf90c8956f7fcce8a,2026-05-02T11:10:34+00:00,344.0,153,131,93,10.056,14.399999999999977,26
fit:5e7d75375ffbac6fd9baa8131646a6726e786d6ca7f4f82cf90c8956f7fcce8a,2026-05-02T11:10:35+00:00,345.0,196,132,93,10.178,14.600000000000023,26
fit:5e7d75375ffbac6fd9baa8131646a6726e786d6ca7f4f82cf90c8956f7fcce8a,2026-05-02T11:10:36+00:00,346.0,161,132,94,10.22,14.600000000000023,26
fit:5e7d75375ffbac6fd9baa8131646a6726e786d6ca7f4f82cf90c8956f7fcce8a,2026-05-02T11:10:37+00:00,347.0,144,134,94,10.298,14.600000000000023,26
fit:5e7d75375ffbac6fd9baa8131646a6726e786d6ca7f4f82cf90c8956f7fcce8a,2026-05-02T11:10:38+00:00,348.0,144,134,93,10.266,14.600000000000023,26
fit:5e7d75375ffbac6fd9baa8131646a6726e786d6ca7f4f82cf90c8956f7fcce8a,2026-05-02T11:10:39+00:00,349.0,173,134,93,10.299,14.0,26
fit:5e7d75375ffbac6fd9baa8131646a6726e786d6ca7f4f82cf90c8956f7fcce8a,2026-05-02T11:10:40+00:00,350.0,180,134,93,10.294,14.0,26
fit:5e7d75375ffbac6fd9baa8131646a6726e786d6ca7f4f82cf90c8956f7fcce8a,2026-05-02T11:10:41+00:00,351.0,169,134,92,10.285,14.0,26
fit:5e7d75375ffbac6fd9baa8131646a6726e786d6ca7f4f82cf90c8956f7fcce8a,2026-05-02T11:10:42+00:00,352.0,177,134,92,10.245,13.399999999999977,26
fit:5e7d75375ffbac6fd9baa8131646a6726e786d6ca7f4f82cf90c8956f7fcce8a,2026-05-02T11:10:43+00:00,353.0,178,134,93,10.197,13.399999999999977,26
fit:5e7d75375ffbac6fd9baa8131646a6726e786d6ca7f4f82cf90c8956f7fcce8a,2026-05-02T11:10:44+00:00,354.0,174,133,93,10.246,13.399999999999977,26
fit:5e7d75375ffbac6fd9baa8131646a6726e786d6ca7f4f82cf90c8956f7fcce8a,2026-05-02T11:10:45+00:00,355.0,160,133,93,10.192,13.399999999999977,26
fit:5e7d75375ffbac6fd9baa8131646a6726e786d6ca7f4f82cf90c8956f7fcce8a,2026-05-02T11:10:46+00:00,356.0,189,133,93,10.19,13.399999999999977,26
fit:5e7d75375ffbac6fd9baa8131646a6726e786d6ca7f4f82cf90c8956f7fcce8a,2026-05-02T11:10:47+00:00,357.0,189,134,94,10.258,14.399999999999977,26
fit:5e7d75375ffbac6fd9baa8131646a6726e786d6ca7f4f82cf90c8956f7fcce8a,2026-05-02T11:10:48+00:00,358.0,161,134,94,10.344,14.399999999999977,26
fit:5e7d75375ffbac6fd9baa8131646a6726e786d6ca7f4f82cf90c8956f7fcce8a,2026-05-02T11:10:49+00:00,359.0,170,134,94,10.482,14.399999999999977,26
fit:5e7d75375ffbac6fd9baa8131646a6726e786d6ca7f4f82cf90c8956f7fcce8a,2026-05-02T11:10:50+00:00,360.0,169,134,93,10.224,13.399999999999977,26
fit:5e7d75375ffbac6fd9baa8131646a6726e786d6ca7f4f82cf90c8956f7fcce8a,2026-05-02T11:10:51+00:00,361.0,185,134,92,10.159,14.200000000000045,26
fit:5e7d75375ffbac6fd9baa8131646a6726e786d6ca7f4f82cf90c8956f7fcce8a,2026-05-02T11:10:52+00:00,362.0,183,134,91,10.041,14.200000000000045,26
fit:5e7d75375ffbac6fd9baa8131646a6726e786d6ca7f4f82cf90c8956f7fcce8a,2026-05-02T11:10:53+00:00,363.0,171,133,90,9.946,14.200000000000045,26
fit:5e7d75375ffbac6fd9baa8131646a6726e786d6ca7f4f82cf90c8956f7fcce8a,2026-05-02T11:10:54+00:00,364.0,171,132,90,9.87,14.200000000000045,26
fit:5e7d75375ffbac6fd9baa8131646a6726e786d6ca7f4f82cf90c8956f7fcce8a,2026-05-02T11:10:55+00:00,365.0,186,132,89,9.833,14.600000000000023,26
fit:5e7d75375ffbac6fd9baa8131646a6726e786d6ca7f4f82cf90c8956f7fcce8a,2026-05-02T11:10:56+00:00,366.0,186,131,89,9.731,14.600000000000023,26
fit:5e7d75375ffbac6fd9baa8131646a6726e786d6ca7f4f82cf90c8956f7fcce8a,2026-05-02T11:10:57+00:00,367.0,188,130,89,9.705,14.600000000000023,26
fit:5e7d75375ffbac6fd9baa8131646a6726e786d6ca7f4f82cf90c8956f7fcce8a,2026-05-02T11:10:58+00:00,368.0,178,130,88,9.681,14.600000000000023,26
fit:5e7d75375ffbac6fd9baa8131646a6726e786d6ca7f4f82cf90c8956f7fcce8a,2026-05-02T11:10:59+00:00,369.0,186,130,87,9.624,15.799999999999955,26
fit:5e7d75375ffbac6fd9baa8131646a6726e786d6ca7f4f82cf90c8956f7fcce8a,2026-05-02T11:11:00+00:00,370.0,184,130,88,9.663,15.799999999999955,26
fit:5e7d75375ffbac6fd9baa8131646a6726e786d6ca7f4f82cf90c8956f7fcce8a,2026-05-02T11:11:01+00:00,371.0,180,130,87,9.661,15.799999999999955,26
fit:5e7d75375ffbac6fd9baa8131646a6726e786d6ca7f4f82cf90c8956f7fcce8a,2026-05-02T11:11:02+00:00,372.0,199,130,86,9.612,15.0,26
fit:5e7d75375ffbac6fd9baa8131646a6726e786d6ca7f4f82cf90c8956f7fcce8a,2026-05-02T11:11:03+00:00,373.0,200,131,86,9.61,16.0,26
fit:5e7d75375ffbac6fd9baa8131646a6726e786d6ca7f4f82cf90c8956f7fcce8a,2026-05-02T11:11:04+00:00,374.0,182,130,86,9.657,16.0,26
fit:5e7d75375ffbac6fd9baa8131646a6726e786d6ca7f4f82cf90c8956f7fcce8a,2026-05-02T11:11:05+00:00,375.0,164,129,86,9.493,16.0,26
fit:5e7d75375ffbac6fd9baa8131646a6726e786d6ca7f4f82cf90c8956f7fcce8a,2026-05-02T11:11:06+00:00,376.0,174,129,87,9.519,16.0,26
fit:5e7d75375ffbac6fd9baa8131646a6726e786d6ca7f4f82cf90c8956f7fcce8a,2026-05-02T11:11:07+00:00,377.0,194,128,87,9.507,16.0,26
fit:5e7d75375ffbac6fd9baa8131646a6726e786d6ca7f4f82cf90c8956f7fcce8a,2026-05-02T11:11:08+00:00,378.0,171,128,87,9.509,16.0,26
fit:5e7d75375ffbac6fd9baa8131646a6726e786d6ca7f4f82cf90c8956f7fcce8a,2026-05-02T11:11:09+00:00,379.0,169,128,88,9.589,16.0,26
fit:5e7d75375ffbac6fd9baa8131646a6726e786d6ca7f4f82cf90c8956f7fcce8a,2026-05-02T11:11:10+00:00,380.0,144,128,88,9.651,16.0,26
fit:5e7d75375ffbac6fd9baa8131646a6726e786d6ca7f4f82cf90c8956f7fcce8a,2026-05-02T11:11:11+00:00,381.0,163,129,88,9.728,17.399999999999977,26
fit:5e7d75375ffbac6fd9baa8131646a6726e786d6ca7f4f82cf90c8956f7fcce8a,2026-05-02T11:11:12+00:00,382.0,163,129,89,9.677,17.399999999999977,26
fit:5e7d75375ffbac6fd9baa8131646a6726e786d6ca7f4f82cf90c8956f7fcce8a,2026-05-02T11:11:13+00:00,383.0,156,131,88,9.681,17.399999999999977,26
fit:5e7d75375ffbac6fd9baa8131646a6726e786d6ca7f4f82cf90c8956f7fcce8a,2026-05-02T11:11:14+00:00,384.0,191,131,89,9.729,16.399999999999977,26
fit:5e7d75375ffbac6fd9baa8131646a6726e786d6ca7f4f82cf90c8956f7fcce8a,2026-05-02T11:11:15+00:00,385.0,151,131,89,9.784,14.799999999999955,26
fit:5e7d75375ffbac6fd9baa8131646a6726e786d6ca7f4f82cf90c8956f7fcce8a,2026-05-02T11:11:16+00:00,386.0,156,131,89,9.857,14.799999999999955,26
fit:5e7d75375ffbac6fd9baa8131646a6726e786d6ca7f4f82cf90c8956f7fcce8a,2026-05-02T11:11:17+00:00,387.0,155,130,89,9.908,14.799999999999955,26
fit:5e7d75375ffbac6fd9baa8131646a6726e786d6ca7f4f82cf90c8956f7fcce8a,2026-05-02T11:11:18+00:00,388.0,148,129,89,9.919,15.399999999999977,26
fit:5e7d75375ffbac6fd9baa8131646a6726e786d6ca7f4f82cf90c8956f7fcce8a,2026-05-02T11:11:19+00:00,389.0,150,129,89,9.947,15.600000000000023,26
fit:5e7d75375ffbac6fd9baa8131646a6726e786d6ca7f4f82cf90c8956f7fcce8a,2026-05-02T11:11:20+00:00,390.0,147,129,89,9.941,15.600000000000023,26
fit:5e7d75375ffbac6fd9baa8131646a6726e786d6ca7f4f82cf90c8956f7fcce8a,2026-05-02T11:11:21+00:00,391.0,139,129,90,9.975,15.600000000000023,26
fit:5e7d75375ffbac6fd9baa8131646a6726e786d6ca7f4f82cf90c8956f7fcce8a,2026-05-02T11:11:22+00:00,392.0,149,130,90,10.02,15.600000000000023,26
fit:5e7d75375ffbac6fd9baa8131646a6726e786d6ca7f4f82cf90c8956f7fcce8a,2026-05-02T11:11:23+00:00,393.0,144,130,90,10.036,15.399999999999977,26
fit:5e7d75375ffbac6fd9baa8131646a6726e786d6ca7f4f82cf90c8956f7fcce8a,2026-05-02T11:11:24+00:00,394.0,115,130,91,10.061,15.399999999999977,26
fit:5e7d75375ffbac6fd9baa8131646a6726e786d6ca7f4f82cf90c8956f7fcce8a,2026-05-02T11:11:25+00:00,395.0,113,129,92,10.086,15.399999999999977,26
fit:5e7d75375ffbac6fd9baa8131646a6726e786d6ca7f4f82cf90c8956f7fcce8a,2026-05-02T11:11:26+00:00,396.0,119,129,92,10.128,15.399999999999977,26
fit:5e7d75375ffbac6fd9baa8131646a6726e786d6ca7f4f82cf90c8956f7fcce8a,2026-05-02T11:11:27+00:00,397.0,125,129,92,10.168,15.399999999999977,26
fit:5e7d75375ffbac6fd9baa8131646a6726e786d6ca7f4f82cf90c8956f7fcce8a,2026-05-02T11:11:28+00:00,398.0,125,129,92,10.144,15.399999999999977,26
fit:5e7d75375ffbac6fd9baa8131646a6726e786d6ca7f4f82cf90c8956f7fcce8a,2026-05-02T11:11:29+00:00,399.0,132,129,93,10.141,15.399999999999977,26
fit:5e7d75375ffbac6fd9baa8131646a6726e786d6ca7f4f82cf90c8956f7fcce8a,2026-05-02T11:11:30+00:00,400.0,133,129,93,10.127,15.399999999999977,26
fit:5e7d75375ffbac6fd9baa8131646a6726e786d6ca7f4f82cf90c8956f7fcce8a,2026-05-02T11:11:31+00:00,401.0,146,129,93,10.111,14.600000000000023,26
fit:5e7d75375ffbac6fd9baa8131646a6726e786d6ca7f4f82cf90c8956f7fcce8a,2026-05-02T11:11:32+00:00,402.0,148,129,93,10.221,14.600000000000023,26
fit:5e7d75375ffbac6fd9baa8131646a6726e786d6ca7f4f82cf90c8956f7fcce8a,2026-05-02T11:11:33+00:00,403.0,135,129,93,10.291,14.600000000000023,26
fit:5e7d75375ffbac6fd9baa8131646a6726e786d6ca7f4f82cf90c8956f7fcce8a,2026-05-02T11:11:34+00:00,404.0,141,128,93,10.367,15.600000000000023,26
fit:5e7d75375ffbac6fd9baa8131646a6726e786d6ca7f4f82cf90c8956f7fcce8a,2026-05-02T11:11:35+00:00,405.0,142,126,93,10.371,15.0,26
fit:5e7d75375ffbac6fd9baa8131646a6726e786d6ca7f4f82cf90c8956f7fcce8a,2026-05-02T11:11:36+00:00,406.0,134,125,93,10.314,15.0,26
fit:5e7d75375ffbac6fd9baa8131646a6726e786d6ca7f4f82cf90c8956f7fcce8a,2026-05-02T11:11:37+00:00,407.0,138,124,93,10.253,15.0,26
fit:5e7d75375ffbac6fd9baa8131646a6726e786d6ca7f4f82cf90c8956f7fcce8a,2026-05-02T11:11:38+00:00,408.0,163,124,92,10.134,15.0,26
fit:5e7d75375ffbac6fd9baa8131646a6726e786d6ca7f4f82cf90c8956f7fcce8a,2026-05-02T11:11:39+00:00,409.0,144,123,92,10.126,15.0,26
fit:5e7d75375ffbac6fd9baa8131646a6726e786d6ca7f4f82cf90c8956f7fcce8a,2026-05-02T11:11:40+00:00,410.0,136,122,92,10.113,15.0,26
fit:5e7d75375ffbac6fd9baa8131646a6726e786d6ca7f4f82cf90c8956f7fcce8a,2026-05-02T11:11:41+00:00,411.0,133,122,92,10.168,15.0,26
fit:5e7d75375ffbac6fd9baa8131646a6726e786d6ca7f4f82cf90c8956f7fcce8a,2026-05-02T11:11:42+00:00,412.0,133,122,93,10.27,15.600000000000023,26
fit:5e7d75375ffbac6fd9baa8131646a6726e786d6ca7f4f82cf90c8956f7fcce8a,2026-05-02T11:11:43+00:00,413.0,130,122,94,10.355,16.600000000000023,26
fit:5e7d75375ffbac6fd9baa8131646a6726e786d6ca7f4f82cf90c8956f7fcce8a,2026-05-02T11:11:44+00:00,414.0,128,122,94,10.403,16.600000000000023,26
fit:5e7d75375ffbac6fd9baa8131646a6726e786d6ca7f4f82cf90c8956f7fcce8a,2026-05-02T11:11:45+00:00,415.0,136,121,94,10.393,16.600000000000023,26
fit:5e7d75375ffbac6fd9baa8131646a6726e786d6ca7f4f82cf90c8956f7fcce8a,2026-05-02T11:11:46+00:00,416.0,138,122,94,10.365,16.399999999999977,26
fit:5e7d75375ffbac6fd9baa8131646a6726e786d6ca7f4f82cf90c8956f7fcce8a,2026-05-02T11:11:47+00:00,417.0,138,122,94,10.353,15.799999999999955,26
fit:5e7d75375ffbac6fd9baa8131646a6726e786d6ca7f4f82cf90c8956f7fcce8a,2026-05-02T11:11:48+00:00,418.0,116,122,95,10.392,15.799999999999955,26
fit:5e7d75375ffbac6fd9baa8131646a6726e786d6ca7f4f82cf90c8956f7fcce8a,2026-05-02T11:11:49+00:00,419.0,129,122,95,10.465,15.799999999999955,26
fit:5e7d75375ffbac6fd9baa8131646a6726e786d6ca7f4f82cf90c8956f7fcce8a,2026-05-02T11:11:50+00:00,420.0,129,122,94,10.474,15.799999999999955,26
fit:5e7d75375ffbac6fd9baa8131646a6726e786d6ca7f4f82cf90c8956f7fcce8a,2026-05-02T11:11:51+00:00,421.0,121,123,95,10.496,16.0,26
fit:5e7d75375ffbac6fd9baa8131646a6726e786d6ca7f4f82cf90c8956f7fcce8a,2026-05-02T11:11:52+00:00,422.0,121,123,94,10.473,16.0,26
fit:5e7d75375ffbac6fd9baa8131646a6726e786d6ca7f4f82cf90c8956f7fcce8a,2026-05-02T11:11:53+00:00,423.0,129,123,94,10.504,16.0,26
fit:5e7d75375ffbac6fd9baa8131646a6726e786d6ca7f4f82cf90c8956f7fcce8a,2026-05-02T11:11:54+00:00,424.0,136,124,95,10.511,16.0,26
fit:5e7d75375ffbac6fd9baa8131646a6726e786d6ca7f4f82cf90c8956f7fcce8a,2026-05-02T11:11:55+00:00,425.0,117,124,94,10.532,15.399999999999977,26
fit:5e7d75375ffbac6fd9baa8131646a6726e786d6ca7f4f82cf90c8956f7fcce8a,2026-05-02T11:11:56+00:00,426.0,135,124,94,10.485,15.399999999999977,26
fit:5e7d75375ffbac6fd9baa8131646a6726e786d6ca7f4f82cf90c8956f7fcce8a,2026-05-02T11:11:57+00:00,427.0,125,124,95,10.472,15.399999999999977,26
fit:5e7d75375ffbac6fd9baa8131646a6726e786d6ca7f4f82cf90c8956f7fcce8a,2026-05-02T11:11:58+00:00,428.0,117,124,94,10.394,15.399999999999977,26
fit:5e7d75375ffbac6fd9baa8131646a6726e786d6ca7f4f82cf90c8956f7fcce8a,2026-05-02T11:11:59+00:00,429.0,126,124,94,10.346,15.399999999999977,26
fit:5e7d75375ffbac6fd9baa8131646a6726e786d6ca7f4f82cf90c8956f7fcce8a,2026-05-02T11:12:00+00:00,430.0,129,124,93,10.319,15.399999999999977,26
fit:5e7d75375ffbac6fd9baa8131646a6726e786d6ca7f4f82cf90c8956f7fcce8a,2026-05-02T11:12:01+00:00,431.0,135,124,93,10.368,15.399999999999977,26
fit:5e7d75375ffbac6fd9baa8131646a6726e786d6ca7f4f82cf90c8956f7fcce8a,2026-05-02T11:12:02+00:00,432.0,140,124,92,10.359,15.399999999999977,26
fit:5e7d75375ffbac6fd9baa8131646a6726e786d6ca7f4f82cf90c8956f7fcce8a,2026-05-02T11:12:03+00:00,433.0,141,124,91,10.265,15.399999999999977,27
fit:5e7d75375ffbac6fd9baa8131646a6726e786d6ca7f4f82cf90c8956f7fcce8a,2026-05-02T11:12:04+00:00,434.0,155,123,91,10.136,15.200000000000045,27
fit:5e7d75375ffbac6fd9baa8131646a6726e786d6ca7f4f82cf90c8956f7fcce8a,2026-05-02T11:12:05+00:00,435.0,165,123,90,10.026,15.200000000000045,27
fit:5e7d75375ffbac6fd9baa8131646a6726e786d6ca7f4f82cf90c8956f7fcce8a,2026-05-02T11:12:06+00:00,436.0,176,124,88,9.938,15.200000000000045,27
fit:5e7d75375ffbac6fd9baa8131646a6726e786d6ca7f4f82cf90c8956f7fcce8a,2026-05-02T11:12:07+00:00,437.0,176,124,88,9.803,15.200000000000045,27
fit:5e7d75375ffbac6fd9baa8131646a6726e786d6ca7f4f82cf90c8956f7fcce8a,2026-05-02T11:12:08+00:00,438.0,174,124,87,9.819,15.600000000000023,27
fit:5e7d75375ffbac6fd9baa8131646a6726e786d6ca7f4f82cf90c8956f7fcce8a,2026-05-02T11:12:09+00:00,439.0,143,124,87,9.804,15.600000000000023,27
fit:5e7d75375ffbac6fd9baa8131646a6726e786d6ca7f4f82cf90c8956f7fcce8a,2026-05-02T11:12:10+00:00,440.0,153,124,87,9.742,15.600000000000023,27
fit:5e7d75375ffbac6fd9baa8131646a6726e786d6ca7f4f82cf90c8956f7fcce8a,2026-05-02T11:12:11+00:00,441.0,113,125,87,9.697,15.600000000000023,27
fit:5e7d75375ffbac6fd9baa8131646a6726e786d6ca7f4f82cf90c8956f7fcce8a,2026-05-02T11:12:12+00:00,442.0,123,125,87,9.655,17.0,27
fit:5e7d75375ffbac6fd9baa8131646a6726e786d6ca7f4f82cf90c8956f7fcce8a,2026-05-02T11:12:13+00:00,443.0,114,125,86,9.595,17.0,27
fit:5e7d75375ffbac6fd9baa8131646a6726e786d6ca7f4f82cf90c8956f7fcce8a,2026-05-02T11:12:14+00:00,444.0,134,125,86,9.538,17.0,27
fit:5e7d75375ffbac6fd9baa8131646a6726e786d6ca7f4f82cf90c8956f7fcce8a,2026-05-02T11:12:15+00:00,445.0,147,125,86,9.517,16.600000000000023,27
fit:5e7d75375ffbac6fd9baa8131646a6726e786d6ca7f4f82cf90c8956f7fcce8a,2026-05-02T11:12:16+00:00,446.0,148,125,86,9.478,15.799999999999955,27
fit:5e7d75375ffbac6fd9baa8131646a6726e786d6ca7f4f82cf90c8956f7fcce8a,2026-05-02T11:12:17+00:00,447.0,186,125,86,9.461,15.799999999999955,27
fit:5e7d75375ffbac6fd9baa8131646a6726e786d6ca7f4f82cf90c8956f7fcce8a,2026-05-02T11:12:18+00:00,448.0,203,126,86,9.44,15.799999999999955,27
fit:5e7d75375ffbac6fd9baa8131646a6726e786d6ca7f4f82cf90c8956f7fcce8a,2026-05-02T11:12:19+00:00,449.0,170,126,86,9.51,15.799999999999955,27
fit:5e7d75375ffbac6fd9baa8131646a6726e786d6ca7f4f82cf90c8956f7fcce8a,2026-05-02T11:12:20+00:00,450.0,179,126,86,9.641,16.600000000000023,27
fit:5e7d75375ffbac6fd9baa8131646a6726e786d6ca7f4f82cf90c8956f7fcce8a,2026-05-02T11:12:21+00:00,451.0,189,126,87,9.602,16.600000000000023,27
fit:5e7d75375ffbac6fd9baa8131646a6726e786d6ca7f4f82cf90c8956f7fcce8a,2026-05-02T11:12:22+00:00,452.0,179,126,87,9.679,16.600000000000023,27
fit:5e7d75375ffbac6fd9baa8131646a6726e786d6ca7f4f82cf90c8956f7fcce8a,2026-05-02T11:12:23+00:00,453.0,179,126,88,9.638,16.600000000000023,27
fit:5e7d75375ffbac6fd9baa8131646a6726e786d6ca7f4f82cf90c8956f7fcce8a,2026-05-02T11:12:24+00:00,454.0,199,126,88,9.53,17.0,27
fit:5e7d75375ffbac6fd9baa8131646a6726e786d6ca7f4f82cf90c8956f7fcce8a,2026-05-02T11:12:25+00:00,455.0,168,125,89,9.603,17.0,27
fit:5e7d75375ffbac6fd9baa8131646a6726e786d6ca7f4f82cf90c8956f7fcce8a,2026-05-02T11:12:26+00:00,456.0,169,125,90,9.694,17.0,27
fit:5e7d75375ffbac6fd9baa8131646a6726e786d6ca7f4f82cf90c8956f7fcce8a,2026-05-02T11:12:27+00:00,457.0,169,125,90,9.752,16.0,27
fit:5e7d75375ffbac6fd9baa8131646a6726e786d6ca7f4f82cf90c8956f7fcce8a,2026-05-02T11:12:28+00:00,458.0,202,124,90,9.869,16.399999999999977,27
fit:5e7d75375ffbac6fd9baa8131646a6726e786d6ca7f4f82cf90c8956f7fcce8a,2026-05-02T11:12:29+00:00,459.0,162,124,91,9.859,16.399999999999977,27
fit:5e7d75375ffbac6fd9baa8131646a6726e786d6ca7f4f82cf90c8956f7fcce8a,2026-05-02T11:12:30+00:00,460.0,157,124,91,9.849,16.399999999999977,27
fit:5e7d75375ffbac6fd9baa8131646a6726e786d6ca7f4f82cf90c8956f7fcce8a,2026-05-02T11:12:31+00:00,461.0,153,125,91,9.919,16.200000000000045,27
fit:5e7d75375ffbac6fd9baa8131646a6726e786d6ca7f4f82cf90c8956f7fcce8a,2026-05-02T11:12:32+00:00,462.0,163,126,90,9.987,15.799999999999955,27
fit:5e7d75375ffbac6fd9baa8131646a6726e786d6ca7f4f82cf90c8956f7fcce8a,2026-05-02T11:12:33+00:00,463.0,175,126,90,9.966,15.799999999999955,27
fit:5e7d75375ffbac6fd9baa8131646a6726e786d6ca7f4f82cf90c8956f7fcce8a,2026-05-02T11:12:34+00:00,464.0,166,128,89,9.904,15.799999999999955,27
fit:5e7d75375ffbac6fd9baa8131646a6726e786d6ca7f4f82cf90c8956f7fcce8a,2026-05-02T11:12:35+00:00,465.0,166,129,89,9.822,15.600000000000023,27
fit:5e7d75375ffbac6fd9baa8131646a6726e786d6ca7f4f82cf90c8956f7fcce8a,2026-05-02T11:12:36+00:00,466.0,177,129,88,9.588,14.399999999999977,27
fit:5e7d75375ffbac6fd9baa8131646a6726e786d6ca7f4f82cf90c8956f7fcce8a,2026-05-02T11:12:37+00:00,467.0,178,129,88,9.614,14.399999999999977,27
fit:5e7d75375ffbac6fd9baa8131646a6726e786d6ca7f4f82cf90c8956f7fcce8a,2026-05-02T11:12:38+00:00,468.0,155,129,88,9.596,14.399999999999977,27
fit:5e7d75375ffbac6fd9baa8131646a6726e786d6ca7f4f82cf90c8956f7fcce8a,2026-05-02T11:12:39+00:00,469.0,115,129,89,9.553,15.399999999999977,27
fit:5e7d75375ffbac6fd9baa8131646a6726e786d6ca7f4f82cf90c8956f7fcce8a,2026-05-02T11:12:40+00:00,470.0,122,129,89,9.659,16.399999999999977,27
fit:5e7d75375ffbac6fd9baa8131646a6726e786d6ca7f4f82cf90c8956f7fcce8a,2026-05-02T11:12:41+00:00,471.0,160,129,90,9.768,16.399999999999977,27
fit:5e7d75375ffbac6fd9baa8131646a6726e786d6ca7f4f82cf90c8956f7fcce8a,2026-05-02T11:12:42+00:00,472.0,134,129,91,9.794,16.399999999999977,27
fit:5e7d75375ffbac6fd9baa8131646a6726e786d6ca7f4f82cf90c8956f7fcce8a,2026-05-02T11:12:43+00:00,473.0,111,129,92,9.941,16.399999999999977,27
fit:5e7d75375ffbac6fd9baa8131646a6726e786d6ca7f4f82cf90c8956f7fcce8a,2026-05-02T11:12:44+00:00,474.0,97,129,92,10.017,16.200000000000045,27
fit:5e7d75375ffbac6fd9baa8131646a6726e786d6ca7f4f82cf90c8956f7fcce8a,2026-05-02T11:12:45+00:00,475.0,88,130,92,10.124,16.200000000000045,27
fit:5e7d75375ffbac6fd9baa8131646a6726e786d6ca7f4f82cf90c8956f7fcce8a,2026-05-02T11:12:46+00:00,476.0,159,130,91,10.076,16.200000000000045,27
fit:5e7d75375ffbac6fd9baa8131646a6726e786d6ca7f4f82cf90c8956f7fcce8a,2026-05-02T11:12:47+00:00,477.0,127,130,91,9.99,16.200000000000045,27
fit:5e7d75375ffbac6fd9baa8131646a6726e786d6ca7f4f82cf90c8956f7fcce8a,2026-05-02T11:12:48+00:00,478.0,207,130,91,10.103,15.799999999999955,27
fit:5e7d75375ffbac6fd9baa8131646a6726e786d6ca7f4f82cf90c8956f7fcce8a,2026-05-02T11:12:49+00:00,479.0,219,129,92,10.025,15.799999999999955,27
fit:5e7d75375ffbac6fd9baa8131646a6726e786d6ca7f4f82cf90c8956f7fcce8a,2026-05-02T11:12:50+00:00,480.0,155,129,92,10.052,15.799999999999955,27
fit:5e7d75375ffbac6fd9baa8131646a6726e786d6ca7f4f82cf90c8956f7fcce8a,2026-05-02T11:12:51+00:00,481.0,174,128,92,10.022,15.799999999999955,27
fit:5e7d75375ffbac6fd9baa8131646a6726e786d6ca7f4f82cf90c8956f7fcce8a,2026-05-02T11:12:52+00:00,482.0,158,128,93,10.091,15.399999999999977,27
fit:5e7d75375ffbac6fd9baa8131646a6726e786d6ca7f4f82cf90c8956f7fcce8a,2026-05-02T11:12:53+00:00,483.0,147,127,94,10.142,15.399999999999977,27
fit:5e7d75375ffbac6fd9baa8131646a6726e786d6ca7f4f82cf90c8956f7fcce8a,2026-05-02T11:12:54+00:00,484.0,147,127,94,10.348,15.399999999999977,27
fit:5e7d75375ffbac6fd9baa8131646a6726e786d6ca7f4f82cf90c8956f7fcce8a,2026-05-02T11:12:55+00:00,485.0,167,127,94,10.348,14.799999999999955,27
fit:5e7d75375ffbac6fd9baa8131646a6726e786d6ca7f4f82cf90c8956f7fcce8a,2026-05-02T11:12:56+00:00,486.0,134,127,95,10.421,14.200000000000045,27
fit:5e7d75375ffbac6fd9baa8131646a6726e786d6ca7f4f82cf90c8956f7fcce8a,2026-05-02T11:12:57+00:00,487.0,122,127,95,10.444,14.200000000000045,27
fit:5e7d75375ffbac6fd9baa8131646a6726e786d6ca7f4f82cf90c8956f7fcce8a,2026-05-02T11:12:58+00:00,488.0,150,127,95,10.477,14.200000000000045,27
fit:5e7d75375ffbac6fd9baa8131646a6726e786d6ca7f4f82cf90c8956f7fcce8a,2026-05-02T11:12:59+00:00,489.0,128,127,95,10.484,14.200000000000045,27
fit:5e7d75375ffbac6fd9baa8131646a6726e786d6ca7f4f82cf90c8956f7fcce8a,2026-05-02T11:13:00+00:00,490.0,131,127,95,10.452,13.600000000000023,27
fit:5e7d75375ffbac6fd9baa8131646a6726e786d6ca7f4f82cf90c8956f7fcce8a,2026-05-02T11:13:01+00:00,491.0,121,127,95,10.505,13.600000000000023,27
fit:5e7d75375ffbac6fd9baa8131646a6726e786d6ca7f4f82cf90c8956f7fcce8a,2026-05-02T11:13:02+00:00,492.0,154,127,94,10.561,13.600000000000023,27
fit:5e7d75375ffbac6fd9baa8131646a6726e786d6ca7f4f82cf90c8956f7fcce8a,2026-05-02T11:13:03+00:00,493.0,152,128,94,10.474,13.600000000000023,27
fit:5e7d75375ffbac6fd9baa8131646a6726e786d6ca7f4f82cf90c8956f7fcce8a,2026-05-02T11:13:04+00:00,494.0,147,128,94,10.336,13.600000000000023,27
fit:5e7d75375ffbac6fd9baa8131646a6726e786d6ca7f4f82cf90c8956f7fcce8a,2026-05-02T11:13:05+00:00,495.0,206,128,94,10.297,13.600000000000023,27
fit:5e7d75375ffbac6fd9baa8131646a6726e786d6ca7f4f82cf90c8956f7fcce8a,2026-05-02T11:13:06+00:00,496.0,213,128,94,10.367,13.600000000000023,27
fit:5e7d75375ffbac6fd9baa8131646a6726e786d6ca7f4f82cf90c8956f7fcce8a,2026-05-02T11:13:07+00:00,497.0,206,129,94,10.437,13.600000000000023,27
fit:5e7d75375ffbac6fd9baa8131646a6726e786d6ca7f4f82cf90c8956f7fcce8a,2026-05-02T11:13:08+00:00,498.0,203,129,94,10.505,14.0,27
fit:5e7d75375ffbac6fd9baa8131646a6726e786d6ca7f4f82cf90c8956f7fcce8a,2026-05-02T11:13:09+00:00,499.0,225,130,93,10.418,14.0,27
fit:5e7d75375ffbac6fd9baa8131646a6726e786d6ca7f4f82cf90c8956f7fcce8a,2026-05-02T11:13:10+00:00,500.0,226,130,93,10.323,14.0,27
fit:5e7d75375ffbac6fd9baa8131646a6726e786d6ca7f4f82cf90c8956f7fcce8a,2026-05-02T11:13:11+00:00,501.0,327,130,93,10.279,14.0,27
fit:5e7d75375ffbac6fd9baa8131646a6726e786d6ca7f4f82cf90c8956f7fcce8a,2026-05-02T11:13:12+00:00,502.0,301,130,93,10.326,16.399999999999977,27
fit:5e7d75375ffbac6fd9baa8131646a6726e786d6ca7f4f82cf90c8956f7fcce8a,2026-05-02T11:13:13+00:00,503.0,221,130,93,10.243,16.399999999999977,27
fit:5e7d75375ffbac6fd9baa8131646a6726e786d6ca7f4f82cf90c8956f7fcce8a,2026-05-02T11:13:14+00:00,504.0,132,130,95,10.293,16.399999999999977,27
fit:5e7d75375ffbac6fd9baa8131646a6726e786d6ca7f4f82cf90c8956f7fcce8a,2026-05-02T11:13:15+00:00,505.0,130,131,95,10.462,15.600000000000023,27
fit:5e7d75375ffbac6fd9baa8131646a6726e786d6ca7f4f82cf90c8956f7fcce8a,2026-05-02T11:13:16+00:00,506.0,200,131,97,10.555,15.600000000000023,27
fit:5e7d75375ffbac6fd9baa8131646a6726e786d6ca7f4f82cf90c8956f7fcce8a,2026-05-02T11:13:17+00:00,507.0,192,132,98,10.627,15.600000000000023,27
fit:5e7d75375ffbac6fd9baa8131646a6726e786d6ca7f4f82cf90c8956f7fcce8a,2026-05-02T11:13:18+00:00,508.0,148,132,100,10.799,15.600000000000023,27
fit:5e7d75375ffbac6fd9baa8131646a6726e786d6ca7f4f82cf90c8956f7fcce8a,2026-05-02T11:13:19+00:00,509.0,148,132,101,11.044,14.600000000000023,27
fit:5e7d75375ffbac6fd9baa8131646a6726e786d6ca7f4f82cf90c8956f7fcce8a,2026-05-02T11:13:20+00:00,510.0,139,133,101,10.98,13.0,27
fit:5e7d75375ffbac6fd9baa8131646a6726e786d6ca7f4f82cf90c8956f7fcce8a,2026-05-02T11:13:21+00:00,511.0,137,133,100,11.029,13.0,27
fit:5e7d75375ffbac6fd9baa8131646a6726e786d6ca7f4f82cf90c8956f7fcce8a,2026-05-02T11:13:22+00:00,512.0,128,133,100,11.065,13.0,27
fit:5e7d75375ffbac6fd9baa8131646a6726e786d6ca7f4f82cf90c8956f7fcce8a,2026-05-02T11:13:23+00:00,513.0,125,134,99,10.981,12.600000000000023,27
fit:5e7d75375ffbac6fd9baa8131646a6726e786d6ca7f4f82cf90c8956f7fcce8a,2026-05-02T11:13:24+00:00,514.0,208,134,99,11.036,12.0,27
fit:5e7d75375ffbac6fd9baa8131646a6726e786d6ca7f4f82cf90c8956f7fcce8a,2026-05-02T11:13:25+00:00,515.0,158,134,99,10.945,12.0,27
fit:5e7d75375ffbac6fd9baa8131646a6726e786d6ca7f4f82cf90c8956f7fcce8a,2026-05-02T11:13:26+00:00,516.0,165,134,99,10.843,12.0,27
fit:5e7d75375ffbac6fd9baa8131646a6726e786d6ca7f4f82cf90c8956f7fcce8a,2026-05-02T11:13:27+00:00,517.0,200,134,99,10.833,12.0,27
fit:5e7d75375ffbac6fd9baa8131646a6726e786d6ca7f4f82cf90c8956f7fcce8a,2026-05-02T11:13:28+00:00,518.0,201,133,97,10.747,12.600000000000023,27
fit:5e7d75375ffbac6fd9baa8131646a6726e786d6ca7f4f82cf90c8956f7fcce8a,2026-05-02T11:13:29+00:00,519.0,174,134,97,10.747,12.600000000000023,27
fit:5e7d75375ffbac6fd9baa8131646a6726e786d6ca7f4f82cf90c8956f7fcce8a,2026-05-02T11:13:30+00:00,520.0,197,134,95,10.701,12.600000000000023,27
fit:5e7d75375ffbac6fd9baa8131646a6726e786d6ca7f4f82cf90c8956f7fcce8a,2026-05-02T11:13:31+00:00,521.0,183,134,93,10.604,13.399999999999977,27
fit:5e7d75375ffbac6fd9baa8131646a6726e786d6ca7f4f82cf90c8956f7fcce8a,2026-05-02T11:13:32+00:00,522.0,176,135,92,10.457,13.200000000000045,27
fit:5e7d75375ffbac6fd9baa8131646a6726e786d6ca7f4f82cf90c8956f7fcce8a,2026-05-02T11:13:33+00:00,523.0,176,136,92,10.268,13.200000000000045,27
fit:5e7d75375ffbac6fd9baa8131646a6726e786d6ca7f4f82cf90c8956f7fcce8a,2026-05-02T11:13:34+00:00,524.0,387,137,92,10.201,13.200000000000045,27
fit:5e7d75375ffbac6fd9baa8131646a6726e786d6ca7f4f82cf90c8956f7fcce8a,2026-05-02T11:13:35+00:00,525.0,229,137,87,9.918,13.200000000000045,27
fit:5e7d75375ffbac6fd9baa8131646a6726e786d6ca7f4f82cf90c8956f7fcce8a,2026-05-02T11:13:36+00:00,526.0,200,137,88,9.853,12.799999999999955,27
fit:5e7d75375ffbac6fd9baa8131646a6726e786d6ca7f4f82cf90c8956f7fcce8a,2026-05-02T11:13:37+00:00,527.0,180,137,91,9.859,12.799999999999955,27
fit:5e7d75375ffbac6fd9baa8131646a6726e786d6ca7f4f82cf90c8956f7fcce8a,2026-05-02T11:13:38+00:00,528.0,180,137,91,9.982,12.799999999999955,27
fit:5e7d75375ffbac6fd9baa8131646a6726e786d6ca7f4f82cf90c8956f7fcce8a,2026-05-02T11:13:39+00:00,529.0,156,137,91,10.109,12.799999999999955,27
fit:5e7d75375ffbac6fd9baa8131646a6726e786d6ca7f4f82cf90c8956f7fcce8a,2026-05-02T11:13:40+00:00,530.0,155,137,92,10.096,12.200000000000045,27
fit:5e7d75375ffbac6fd9baa8131646a6726e786d6ca7f4f82cf90c8956f7fcce8a,2026-05-02T11:13:41+00:00,531.0,137,136,93,10.18,12.200000000000045,27
fit:5e7d75375ffbac6fd9baa8131646a6726e786d6ca7f4f82cf90c8956f7fcce8a,2026-05-02T11:13:42+00:00,532.0,120,135,93,10.304,12.200000000000045,27
fit:5e7d75375ffbac6fd9baa8131646a6726e786d6ca7f4f82cf90c8956f7fcce8a,2026-05-02T11:13:43+00:00,533.0,113,135,93,10.251,12.200000000000045,27
fit:5e7d75375ffbac6fd9baa8131646a6726e786d6ca7f4f82cf90c8956f7fcce8a,2026-05-02T11:13:44+00:00,534.0,136,134,93,10.235,11.399999999999977,27
fit:5e7d75375ffbac6fd9baa8131646a6726e786d6ca7f4f82cf90c8956f7fcce8a,2026-05-02T11:13:45+00:00,535.0,116,133,93,10.275,11.399999999999977,27
fit:5e7d75375ffbac6fd9baa8131646a6726e786d6ca7f4f82cf90c8956f7fcce8a,2026-05-02T11:13:46+00:00,536.0,150,132,93,10.271,11.399999999999977,27
fit:5e7d75375ffbac6fd9baa8131646a6726e786d6ca7f4f82cf90c8956f7fcce8a,2026-05-02T11:13:47+00:00,537.0,180,132,92,10.267,11.399999999999977,27
fit:5e7d75375ffbac6fd9baa8131646a6726e786d6ca7f4f82cf90c8956f7fcce8a,2026-05-02T11:13:48+00:00,538.0,182,130,91,10.179,11.399999999999977,27
fit:5e7d75375ffbac6fd9baa8131646a6726e786d6ca7f4f82cf90c8956f7fcce8a,2026-05-02T11:13:49+00:00,539.0,182,129,91,10.146,11.399999999999977,27
fit:5e7d75375ffbac6fd9baa8131646a6726e786d6ca7f4f82cf90c8956f7fcce8a,2026-05-02T11:13:50+00:00,540.0,240,128,91,10.14,11.399999999999977,27
fit:5e7d75375ffbac6fd9baa8131646a6726e786d6ca7f4f82cf90c8956f7fcce8a,2026-05-02T11:13:51+00:00,541.0,212,128,91,10.173,11.399999999999977,27
fit:5e7d75375ffbac6fd9baa8131646a6726e786d6ca7f4f82cf90c8956f7fcce8a,2026-05-02T11:13:52+00:00,542.0,188,128,91,10.129,11.399999999999977,27
fit:5e7d75375ffbac6fd9baa8131646a6726e786d6ca7f4f82cf90c8956f7fcce8a,2026-05-02T11:13:53+00:00,543.0,190,128,91,10.097,11.399999999999977,27
fit:5e7d75375ffbac6fd9baa8131646a6726e786d6ca7f4f82cf90c8956f7fcce8a,2026-05-02T11:13:54+00:00,544.0,193,129,92,10.083,11.399999999999977,27
fit:5e7d75375ffbac6fd9baa8131646a6726e786d6ca7f4f82cf90c8956f7fcce8a,2026-05-02T11:13:55+00:00,545.0,177,130,92,10.084,12.0,27
fit:5e7d75375ffbac6fd9baa8131646a6726e786d6ca7f4f82cf90c8956f7fcce8a,2026-05-02T11:13:56+00:00,546.0,169,132,91,10.084,11.399999999999977,27
fit:5e7d75375ffbac6fd9baa8131646a6726e786d6ca7f4f82cf90c8956f7fcce8a,2026-05-02T11:13:57+00:00,547.0,176,132,91,10.014,11.399999999999977,27
fit:5e7d75375ffbac6fd9baa8131646a6726e786d6ca7f4f82cf90c8956f7fcce8a,2026-05-02T11:13:58+00:00,548.0,180,133,91,9.963,11.399999999999977,27
fit:5e7d75375ffbac6fd9baa8131646a6726e786d6ca7f4f82cf90c8956f7fcce8a,2026-05-02T11:13:59+00:00,549.0,195,133,92,9.963,11.399999999999977,27
fit:5e7d75375ffbac6fd9baa8131646a6726e786d6ca7f4f82cf90c8956f7fcce8a,2026-05-02T11:14:00+00:00,550.0,197,133,92,9.999,11.399999999999977,27
fit:5e7d75375ffbac6fd9baa8131646a6726e786d6ca7f4f82cf90c8956f7fcce8a,2026-05-02T11:14:01+00:00,551.0,157,133,92,10.096,11.399999999999977,27
fit:5e7d75375ffbac6fd9baa8131646a6726e786d6ca7f4f82cf90c8956f7fcce8a,2026-05-02T11:14:02+00:00,552.0,157,133,92,10.111,11.399999999999977,27
fit:5e7d75375ffbac6fd9baa8131646a6726e786d6ca7f4f82cf90c8956f7fcce8a,2026-05-02T11:14:03+00:00,553.0,247,133,90,10.073,11.399999999999977,27
fit:5e7d75375ffbac6fd9baa8131646a6726e786d6ca7f4f82cf90c8956f7fcce8a,2026-05-02T11:14:04+00:00,554.0,225,132,90,10.068,12.799999999999955,27
fit:5e7d75375ffbac6fd9baa8131646a6726e786d6ca7f4f82cf90c8956f7fcce8a,2026-05-02T11:14:05+00:00,555.0,208,131,90,9.968,12.799999999999955,27
fit:5e7d75375ffbac6fd9baa8131646a6726e786d6ca7f4f82cf90c8956f7fcce8a,2026-05-02T11:14:06+00:00,556.0,199,131,89,9.942,12.799999999999955,27
fit:5e7d75375ffbac6fd9baa8131646a6726e786d6ca7f4f82cf90c8956f7fcce8a,2026-05-02T11:14:07+00:00,557.0,196,131,89,9.912,12.799999999999955,27
fit:5e7d75375ffbac6fd9baa8131646a6726e786d6ca7f4f82cf90c8956f7fcce8a,2026-05-02T11:14:08+00:00,558.0,202,131,88,9.881,13.600000000000023,27
fit:5e7d75375ffbac6fd9baa8131646a6726e786d6ca7f4f82cf90c8956f7fcce8a,2026-05-02T11:14:09+00:00,559.0,201,132,89,9.825,13.600000000000023,27
fit:5e7d75375ffbac6fd9baa8131646a6726e786d6ca7f4f82cf90c8956f7fcce8a,2026-05-02T11:14:10+00:00,560.0,179,133,89,9.808,13.600000000000023,27
fit:5e7d75375ffbac6fd9baa8131646a6726e786d6ca7f4f82cf90c8956f7fcce8a,2026-05-02T11:14:11+00:00,561.0,183,134,89,9.859,13.600000000000023,27
fit:5e7d75375ffbac6fd9baa8131646a6726e786d6ca7f4f82cf90c8956f7fcce8a,2026-05-02T11:14:12+00:00,562.0,175,135,88,9.864,13.399999999999977,27
fit:5e7d75375ffbac6fd9baa8131646a6726e786d6ca7f4f82cf90c8956f7fcce8a,2026-05-02T11:14:13+00:00,563.0,175,135,88,9.787,13.399999999999977,27
fit:5e7d75375ffbac6fd9baa8131646a6726e786d6ca7f4f82cf90c8956f7fcce8a,2026-05-02T11:14:14+00:00,564.0,182,135,87,9.708,13.399999999999977,27
fit:5e7d75375ffbac6fd9baa8131646a6726e786d6ca7f4f82cf90c8956f7fcce8a,2026-05-02T11:14:15+00:00,565.0,156,134,88,9.642,13.399999999999977,27
fit:5e7d75375ffbac6fd9baa8131646a6726e786d6ca7f4f82cf90c8956f7fcce8a,2026-05-02T11:14:16+00:00,566.0,147,132,88,9.661,13.799999999999955,27
fit:5e7d75375ffbac6fd9baa8131646a6726e786d6ca7f4f82cf90c8956f7fcce8a,2026-05-02T11:14:17+00:00,567.0,154,132,88,9.691,13.799999999999955,27
fit:5e7d75375ffbac6fd9baa8131646a6726e786d6ca7f4f82cf90c8956f7fcce8a,2026-05-02T11:14:18+00:00,568.0,160,131,88,9.734,13.799999999999955,27
fit:5e7d75375ffbac6fd9baa8131646a6726e786d6ca7f4f82cf90c8956f7fcce8a,2026-05-02T11:14:19+00:00,569.0,144,130,88,9.74,14.0,27
fit:5e7d75375ffbac6fd9baa8131646a6726e786d6ca7f4f82cf90c8956f7fcce8a,2026-05-02T11:14:20+00:00,570.0,146,130,88,9.77,14.200000000000045,27
fit:5e7d75375ffbac6fd9baa8131646a6726e786d6ca7f4f82cf90c8956f7fcce8a,2026-05-02T11:14:21+00:00,571.0,150,129,88,9.756,14.200000000000045,27
fit:5e7d75375ffbac6fd9baa8131646a6726e786d6ca7f4f82cf90c8956f7fcce8a,2026-05-02T11:14:22+00:00,572.0,167,129,88,9.765,14.200000000000045,27
fit:5e7d75375ffbac6fd9baa8131646a6726e786d6ca7f4f82cf90c8956f7fcce8a,2026-05-02T11:14:23+00:00,573.0,173,129,89,9.792,14.200000000000045,27
fit:5e7d75375ffbac6fd9baa8131646a6726e786d6ca7f4f82cf90c8956f7fcce8a,2026-05-02T11:14:24+00:00,574.0,165,129,88,9.7,13.799999999999955,27
fit:5e7d75375ffbac6fd9baa8131646a6726e786d6ca7f4f82cf90c8956f7fcce8a,2026-05-02T11:14:25+00:00,575.0,155,130,88,9.763,13.799999999999955,27
fit:5e7d75375ffbac6fd9baa8131646a6726e786d6ca7f4f82cf90c8956f7fcce8a,2026-05-02T11:14:26+00:00,576.0,154,130,88,9.822,13.799999999999955,27
fit:5e7d75375ffbac6fd9baa8131646a6726e786d6ca7f4f82cf90c8956f7fcce8a,2026-05-02T11:14:27+00:00,577.0,153,130,88,9.813,14.799999999999955,27
fit:5e7d75375ffbac6fd9baa8131646a6726e786d6ca7f4f82cf90c8956f7fcce8a,2026-05-02T11:14:28+00:00,578.0,134,130,88,9.807,14.200000000000045,27
fit:5e7d75375ffbac6fd9baa8131646a6726e786d6ca7f4f82cf90c8956f7fcce8a,2026-05-02T11:14:29+00:00,579.0,131,130,88,9.766,14.200000000000045,27
fit:5e7d75375ffbac6fd9baa8131646a6726e786d6ca7f4f82cf90c8956f7fcce8a,2026-05-02T11:14:30+00:00,580.0,141,130,88,9.704,14.200000000000045,27
fit:5e7d75375ffbac6fd9baa8131646a6726e786d6ca7f4f82cf90c8956f7fcce8a,2026-05-02T11:14:31+00:00,581.0,133,130,88,9.668,14.399999999999977,27
fit:5e7d75375ffbac6fd9baa8131646a6726e786d6ca7f4f82cf90c8956f7fcce8a,2026-05-02T11:14:32+00:00,582.0,129,130,88,9.686,14.0,27
fit:5e7d75375ffbac6fd9baa8131646a6726e786d6ca7f4f82cf90c8956f7fcce8a,2026-05-02T11:14:33+00:00,583.0,119,130,88,9.69,14.0,27
fit:5e7d75375ffbac6fd9baa8131646a6726e786d6ca7f4f82cf90c8956f7fcce8a,2026-05-02T11:14:34+00:00,584.0,124,130,88,9.674,14.0,27
fit:5e7d75375ffbac6fd9baa8131646a6726e786d6ca7f4f82cf90c8956f7fcce8a,2026-05-02T11:14:35+00:00,585.0,136,130,89,9.575,15.0,27
fit:5e7d75375ffbac6fd9baa8131646a6726e786d6ca7f4f82cf90c8956f7fcce8a,2026-05-02T11:14:36+00:00,586.0,119,130,89,9.59,15.600000000000023,27
fit:5e7d75375ffbac6fd9baa8131646a6726e786d6ca7f4f82cf90c8956f7fcce8a,2026-05-02T11:14:37+00:00,587.0,161,130,90,9.737,15.600000000000023,27
fit:5e7d75375ffbac6fd9baa8131646a6726e786d6ca7f4f82cf90c8956f7fcce8a,2026-05-02T11:14:38+00:00,588.0,165,130,91,9.836,15.600000000000023,27
fit:5e7d75375ffbac6fd9baa8131646a6726e786d6ca7f4f82cf90c8956f7fcce8a,2026-05-02T11:14:39+00:00,589.0,165,130,91,9.95,15.600000000000023,27
fit:5e7d75375ffbac6fd9baa8131646a6726e786d6ca7f4f82cf90c8956f7fcce8a,2026-05-02T11:14:40+00:00,590.0,191,130,91,9.99,14.600000000000023,27
fit:5e7d75375ffbac6fd9baa8131646a6726e786d6ca7f4f82cf90c8956f7fcce8a,2026-05-02T11:14:41+00:00,591.0,171,129,91,10.069,14.600000000000023,27
fit:5e7d75375ffbac6fd9baa8131646a6726e786d6ca7f4f82cf90c8956f7fcce8a,2026-05-02T11:14:42+00:00,592.0,172,129,92,10.123,14.600000000000023,27
fit:5e7d75375ffbac6fd9baa8131646a6726e786d6ca7f4f82cf90c8956f7fcce8a,2026-05-02T11:14:43+00:00,593.0,176,129,91,10.165,14.600000000000023,27
fit:5e7d75375ffbac6fd9baa8131646a6726e786d6ca7f4f82cf90c8956f7fcce8a,2026-05-02T11:14:44+00:00,594.0,174,129,91,10.139,12.600000000000023,27
fit:5e7d75375ffbac6fd9baa8131646a6726e786d6ca7f4f82cf90c8956f7fcce8a,2026-05-02T11:14:45+00:00,595.0,195,129,91,10.12,12.600000000000023,27
fit:5e7d75375ffbac6fd9baa8131646a6726e786d6ca7f4f82cf90c8956f7fcce8a,2026-05-02T11:14:46+00:00,596.0,164,129,91,10.037,12.600000000000023,27
fit:5e7d75375ffbac6fd9baa8131646a6726e786d6ca7f4f82cf90c8956f7fcce8a,2026-05-02T11:14:47+00:00,597.0,182,129,90,10.035,13.600000000000023,27
fit:5e7d75375ffbac6fd9baa8131646a6726e786d6ca7f4f82cf90c8956f7fcce8a,2026-05-02T11:14:48+00:00,598.0,160,129,90,9.974,14.200000000000045,27
fit:5e7d75375ffbac6fd9baa8131646a6726e786d6ca7f4f82cf90c8956f7fcce8a,2026-05-02T11:14:49+00:00,599.0,170,129,90,9.915,14.200000000000045,27
fit:5e7d75375ffbac6fd9baa8131646a6726e786d6ca7f4f82cf90c8956f7fcce8a,2026-05-02T11:14:50+00:00,600.0,207,129,90,9.839,14.200000000000045,27
fit:5e7d75375ffbac6fd9baa8131646a6726e786d6ca7f4f82cf90c8956f7fcce8a,2026-05-02T11:14:51+00:00,601.0,159,129,90,9.886,14.200000000000045,27
fit:5e7d75375ffbac6fd9baa8131646a6726e786d6ca7f4f82cf90c8956f7fcce8a,2026-05-02T11:14:52+00:00,602.0,146,130,90,9.937,15.200000000000045,27
fit:5e7d75375ffbac6fd9baa8131646a6726e786d6ca7f4f82cf90c8956f7fcce8a,2026-05-02T11:14:53+00:00,603.0,166,130,89,9.9,15.200000000000045,27
fit:5e7d75375ffbac6fd9baa8131646a6726e786d6ca7f4f82cf90c8956f7fcce8a,2026-05-02T11:14:54+00:00,604.0,165,131,89,9.804,15.200000000000045,27
fit:5e7d75375ffbac6fd9baa8131646a6726e786d6ca7f4f82cf90c8956f7fcce8a,2026-05-02T11:14:55+00:00,605.0,165,132,89,9.684,15.200000000000045,27
fit:5e7d75375ffbac6fd9baa8131646a6726e786d6ca7f4f82cf90c8956f7fcce8a,2026-05-02T11:14:56+00:00,606.0,165,134,89,9.509,15.799999999999955,27
fit:5e7d75375ffbac6fd9baa8131646a6726e786d6ca7f4f82cf90c8956f7fcce8a,2026-05-02T11:14:57+00:00,607.0,72,134,89,9.147,15.799999999999955,27
fit:5e7d75375ffbac6fd9baa8131646a6726e786d6ca7f4f82cf90c8956f7fcce8a,2026-05-02T11:14:58+00:00,608.0,414,134,72,8.75,15.799999999999955,27
fit:5e7d75375ffbac6fd9baa8131646a6726e786d6ca7f4f82cf90c8956f7fcce8a,2026-05-02T11:14:59+00:00,609.0,490,134,72,8.584,15.200000000000045,27
fit:5e7d75375ffbac6fd9baa8131646a6726e786d6ca7f4f82cf90c8956f7fcce8a,2026-05-02T11:15:00+00:00,610.0,398,133,81,8.55,15.0,27
fit:5e7d75375ffbac6fd9baa8131646a6726e786d6ca7f4f82cf90c8956f7fcce8a,2026-05-02T11:15:01+00:00,611.0,354,133,81,8.756,15.0,27
fit:5e7d75375ffbac6fd9baa8131646a6726e786d6ca7f4f82cf90c8956f7fcce8a,2026-05-02T11:15:02+00:00,612.0,344,133,84,9.046,15.0,27
fit:5e7d75375ffbac6fd9baa8131646a6726e786d6ca7f4f82cf90c8956f7fcce8a,2026-05-02T11:15:03+00:00,613.0,327,133,84,9.208,15.0,27
fit:5e7d75375ffbac6fd9baa8131646a6726e786d6ca7f4f82cf90c8956f7fcce8a,2026-05-02T11:15:04+00:00,614.0,303,133,86,9.331,14.600000000000023,27
fit:5e7d75375ffbac6fd9baa8131646a6726e786d6ca7f4f82cf90c8956f7fcce8a,2026-05-02T11:15:05+00:00,615.0,334,133,87,9.344,14.600000000000023,27
fit:5e7d75375ffbac6fd9baa8131646a6726e786d6ca7f4f82cf90c8956f7fcce8a,2026-05-02T11:15:06+00:00,616.0,257,133,87,9.482,14.600000000000023,27
fit:5e7d75375ffbac6fd9baa8131646a6726e786d6ca7f4f82cf90c8956f7fcce8a,2026-05-02T11:15:07+00:00,617.0,231,133,87,9.498,15.200000000000045,27
fit:5e7d75375ffbac6fd9baa8131646a6726e786d6ca7f4f82cf90c8956f7fcce8a,2026-05-02T11:15:08+00:00,618.0,242,134,87,9.61,15.200000000000045,27
fit:5e7d75375ffbac6fd9baa8131646a6726e786d6ca7f4f82cf90c8956f7fcce8a,2026-05-02T11:15:09+00:00,619.0,242,134,86,9.598,15.200000000000045,27
fit:5e7d75375ffbac6fd9baa8131646a6726e786d6ca7f4f82cf90c8956f7fcce8a,2026-05-02T11:15:10+00:00,620.0,257,135,86,9.511,15.200000000000045,27
fit:5e7d75375ffbac6fd9baa8131646a6726e786d6ca7f4f82cf90c8956f7fcce8a,2026-05-02T11:15:11+00:00,621.0,257,135,85,9.481,14.200000000000045,27
fit:5e7d75375ffbac6fd9baa8131646a6726e786d6ca7f4f82cf90c8956f7fcce8a,2026-05-02T11:15:12+00:00,622.0,257,135,85,9.407,15.0,27
fit:5e7d75375ffbac6fd9baa8131646a6726e786d6ca7f4f82cf90c8956f7fcce8a,2026-05-02T11:15:13+00:00,623.0,259,136,84,9.287,15.0,27
fit:5e7d75375ffbac6fd9baa8131646a6726e786d6ca7f4f82cf90c8956f7fcce8a,2026-05-02T11:15:14+00:00,624.0,266,136,84,9.203,15.0,27
fit:5e7d75375ffbac6fd9baa8131646a6726e786d6ca7f4f82cf90c8956f7fcce8a,2026-05-02T11:15:15+00:00,625.0,269,137,84,9.32,15.0,27
fit:5e7d75375ffbac6fd9baa8131646a6726e786d6ca7f4f82cf90c8956f7fcce8a,2026-05-02T11:15:16+00:00,626.0,277,138,84,9.308,14.799999999999955,27
fit:5e7d75375ffbac6fd9baa8131646a6726e786d6ca7f4f82cf90c8956f7fcce8a,2026-05-02T11:15:17+00:00,627.0,234,138,84,9.332,14.799999999999955,27
fit:5e7d75375ffbac6fd9baa8131646a6726e786d6ca7f4f82cf90c8956f7fcce8a,2026-05-02T11:15:18+00:00,628.0,261,139,84,9.355,14.799999999999955,27
fit:5e7d75375ffbac6fd9baa8131646a6726e786d6ca7f4f82cf90c8956f7fcce8a,2026-05-02T11:15:19+00:00,629.0,284,140,83,9.321,14.799999999999955,27
fit:5e7d75375ffbac6fd9baa8131646a6726e786d6ca7f4f82cf90c8956f7fcce8a,2026-05-02T11:15:20+00:00,630.0,302,141,83,9.194,14.600000000000023,27
fit:5e7d75375ffbac6fd9baa8131646a6726e786d6ca7f4f82cf90c8956f7fcce8a,2026-05-02T11:15:21+00:00,631.0,275,142,83,9.223,14.600000000000023,27
fit:5e7d75375ffbac6fd9baa8131646a6726e786d6ca7f4f82cf90c8956f7fcce8a,2026-05-02T11:15:22+00:00,632.0,270,143,83,9.22,14.600000000000023,27
fit:5e7d75375ffbac6fd9baa8131646a6726e786d6ca7f4f82cf90c8956f7fcce8a,2026-05-02T11:15:23+00:00,633.0,247,143,83,9.101,14.600000000000023,27
fit:5e7d75375ffbac6fd9baa8131646a6726e786d6ca7f4f82cf90c8956f7fcce8a,2026-05-02T11:15:24+00:00,634.0,241,143,82,9.074,14.600000000000023,27
fit:5e7d75375ffbac6fd9baa8131646a6726e786d6ca7f4f82cf90c8956f7fcce8a,2026-05-02T11:15:25+00:00,635.0,251,144,82,9.115,14.600000000000023,27
fit:5e7d75375ffbac6fd9baa8131646a6726e786d6ca7f4f82cf90c8956f7fcce8a,2026-05-02T11:15:26+00:00,636.0,250,144,82,9.088,14.600000000000023,27
fit:5e7d75375ffbac6fd9baa8131646a6726e786d6ca7f4f82cf90c8956f7fcce8a,2026-05-02T11:15:27+00:00,637.0,251,144,82,9.086,14.399999999999977,27
fit:5e7d75375ffbac6fd9baa8131646a6726e786d6ca7f4f82cf90c8956f7fcce8a,2026-05-02T11:15:28+00:00,638.0,256,145,82,9.008,15.600000000000023,27
fit:5e7d75375ffbac6fd9baa8131646a6726e786d6ca7f4f82cf90c8956f7fcce8a,2026-05-02T11:15:29+00:00,639.0,251,146,82,8.98,15.600000000000023,27
fit:5e7d75375ffbac6fd9baa8131646a6726e786d6ca7f4f82cf90c8956f7fcce8a,2026-05-02T11:15:30+00:00,640.0,266,147,82,9.045,15.600000000000023,27
fit:5e7d75375ffbac6fd9baa8131646a6726e786d6ca7f4f82cf90c8956f7fcce8a,2026-05-02T11:15:31+00:00,641.0,274,148,82,9.086,15.600000000000023,27
fit:5e7d75375ffbac6fd9baa8131646a6726e786d6ca7f4f82cf90c8956f7fcce8a,2026-05-02T11:15:32+00:00,642.0,260,148,83,9.03,14.600000000000023,27
fit:5e7d75375ffbac6fd9baa8131646a6726e786d6ca7f4f82cf90c8956f7fcce8a,2026-05-02T11:15:33+00:00,643.0,249,148,83,9.096,14.600000000000023,27
fit:5e7d75375ffbac6fd9baa8131646a6726e786d6ca7f4f82cf90c8956f7fcce8a,2026-05-02T11:15:34+00:00,644.0,253,148,83,9.114,14.600000000000023,27
fit:5e7d75375ffbac6fd9baa8131646a6726e786d6ca7f4f82cf90c8956f7fcce8a,2026-05-02T11:15:35+00:00,645.0,266,148,83,9.17,14.600000000000023,27
fit:5e7d75375ffbac6fd9baa8131646a6726e786d6ca7f4f82cf90c8956f7fcce8a,2026-05-02T11:15:36+00:00,646.0,256,147,82,9.135,14.200000000000045,27
fit:5e7d75375ffbac6fd9baa8131646a6726e786d6ca7f4f82cf90c8956f7fcce8a,2026-05-02T11:15:37+00:00,647.0,250,147,83,9.075,14.200000000000045,27
fit:5e7d75375ffbac6fd9baa8131646a6726e786d6ca7f4f82cf90c8956f7fcce8a,2026-05-02T11:15:38+00:00,648.0,251,147,82,9.129,14.200000000000045,27
fit:5e7d75375ffbac6fd9baa8131646a6726e786d6ca7f4f82cf90c8956f7fcce8a,2026-05-02T11:15:39+00:00,649.0,286,146,83,9.172,14.200000000000045,27
fit:5e7d75375ffbac6fd9baa8131646a6726e786d6ca7f4f82cf90c8956f7fcce8a,2026-05-02T11:15:40+00:00,650.0,234,146,83,9.185,14.799999999999955,27
fit:5e7d75375ffbac6fd9baa8131646a6726e786d6ca7f4f82cf90c8956f7fcce8a,2026-05-02T11:15:41+00:00,651.0,232,145,84,9.135,14.799999999999955,27
fit:5e7d75375ffbac6fd9baa8131646a6726e786d6ca7f4f82cf90c8956f7fcce8a,2026-05-02T11:15:42+00:00,652.0,253,145,84,9.217,14.799999999999955,27
fit:5e7d75375ffbac6fd9baa8131646a6726e786d6ca7f4f82cf90c8956f7fcce8a,2026-05-02T11:15:43+00:00,653.0,261,145,83,9.268,14.799999999999955,27
fit:5e7d75375ffbac6fd9baa8131646a6726e786d6ca7f4f82cf90c8956f7fcce8a,2026-05-02T11:15:44+00:00,654.0,285,145,83,9.289,15.399999999999977,27
fit:5e7d75375ffbac6fd9baa8131646a6726e786d6ca7f4f82cf90c8956f7fcce8a,2026-05-02T11:15:45+00:00,655.0,276,145,84,9.324,15.399999999999977,27
fit:5e7d75375ffbac6fd9baa8131646a6726e786d6ca7f4f82cf90c8956f7fcce8a,2026-05-02T11:15:46+00:00,656.0,288,145,84,9.185,15.399999999999977,27
fit:5e7d75375ffbac6fd9baa8131646a6726e786d6ca7f4f82cf90c8956f7fcce8a,2026-05-02T11:15:47+00:00,657.0,265,144,84,9.181,15.399999999999977,27
fit:5e7d75375ffbac6fd9baa8131646a6726e786d6ca7f4f82cf90c8956f7fcce8a,2026-05-02T11:15:48+00:00,658.0,265,144,83,9.194,14.600000000000023,27
fit:5e7d75375ffbac6fd9baa8131646a6726e786d6ca7f4f82cf90c8956f7fcce8a,2026-05-02T11:15:49+00:00,659.0,238,144,83,9.239,14.600000000000023,27
fit:5e7d75375ffbac6fd9baa8131646a6726e786d6ca7f4f82cf90c8956f7fcce8a,2026-05-02T11:15:50+00:00,660.0,270,145,83,9.184,14.600000000000023,27
fit:5e7d75375ffbac6fd9baa8131646a6726e786d6ca7f4f82cf90c8956f7fcce8a,2026-05-02T11:15:51+00:00,661.0,249,145,83,9.176,14.600000000000023,27
fit:5e7d75375ffbac6fd9baa8131646a6726e786d6ca7f4f82cf90c8956f7fcce8a,2026-05-02T11:15:52+00:00,662.0,249,145,83,9.195,15.600000000000023,27
fit:5e7d75375ffbac6fd9baa8131646a6726e786d6ca7f4f82cf90c8956f7fcce8a,2026-05-02T11:15:53+00:00,663.0,283,145,83,9.206,15.600000000000023,27
fit:5e7d75375ffbac6fd9baa8131646a6726e786d6ca7f4f82cf90c8956f7fcce8a,2026-05-02T11:15:54+00:00,664.0,287,146,83,9.257,15.600000000000023,27
fit:5e7d75375ffbac6fd9baa8131646a6726e786d6ca7f4f82cf90c8956f7fcce8a,2026-05-02T11:15:55+00:00,665.0,238,146,83,9.209,15.600000000000023,27
fit:5e7d75375ffbac6fd9baa8131646a6726e786d6ca7f4f82cf90c8956f7fcce8a,2026-05-02T11:15:56+00:00,666.0,237,146,83,9.138,15.200000000000045,27
fit:5e7d75375ffbac6fd9baa8131646a6726e786d6ca7f4f82cf90c8956f7fcce8a,2026-05-02T11:15:57+00:00,667.0,255,146,82,9.173,15.200000000000045,27
fit:5e7d75375ffbac6fd9baa8131646a6726e786d6ca7f4f82cf90c8956f7fcce8a,2026-05-02T11:15:58+00:00,668.0,265,147,82,9.105,15.200000000000045,27
fit:5e7d75375ffbac6fd9baa8131646a6726e786d6ca7f4f82cf90c8956f7fcce8a,2026-05-02T11:15:59+00:00,669.0,280,147,82,9.075,15.200000000000045,27
fit:5e7d75375ffbac6fd9baa8131646a6726e786d6ca7f4f82cf90c8956f7fcce8a,2026-05-02T11:16:00+00:00,670.0,285,148,81,9.041,13.799999999999955,27
fit:5e7d75375ffbac6fd9baa8131646a6726e786d6ca7f4f82cf90c8956f7fcce8a,2026-05-02T11:16:01+00:00,671.0,262,148,81,9.02,13.799999999999955,27
fit:5e7d75375ffbac6fd9baa8131646a6726e786d6ca7f4f82cf90c8956f7fcce8a,2026-05-02T11:16:02+00:00,672.0,284,148,81,8.987,13.799999999999955,27
fit:5e7d75375ffbac6fd9baa8131646a6726e786d6ca7f4f82cf90c8956f7fcce8a,2026-05-02T11:16:03+00:00,673.0,272,149,80,8.957,13.799999999999955,27
fit:5e7d75375ffbac6fd9baa8131646a6726e786d6ca7f4f82cf90c8956f7fcce8a,2026-05-02T11:16:04+00:00,674.0,269,149,80,8.947,14.799999999999955,27
fit:5e7d75375ffbac6fd9baa8131646a6726e786d6ca7f4f82cf90c8956f7fcce8a,2026-05-02T11:16:05+00:00,675.0,295,149,80,8.929,14.799999999999955,27
fit:5e7d75375ffbac6fd9baa8131646a6726e786d6ca7f4f82cf90c8956f7fcce8a,2026-05-02T11:16:06+00:00,676.0,291,149,80,8.903,14.799999999999955,27
fit:5e7d75375ffbac6fd9baa8131646a6726e786d6ca7f4f82cf90c8956f7fcce8a,2026-05-02T11:16:07+00:00,677.0,257,149,81,8.827,14.799999999999955,27
fit:5e7d75375ffbac6fd9baa8131646a6726e786d6ca7f4f82cf90c8956f7fcce8a,2026-05-02T11:16:08+00:00,678.0,263,149,81,8.883,14.799999999999955,27
fit:5e7d75375ffbac6fd9baa8131646a6726e786d6ca7f4f82cf90c8956f7fcce8a,2026-05-02T11:16:09+00:00,679.0,263,149,82,9.024,14.799999999999955,27
fit:5e7d75375ffbac6fd9baa8131646a6726e786d6ca7f4f82cf90c8956f7fcce8a,2026-05-02T11:16:10+00:00,680.0,233,149,82,9.061,14.799999999999955,27
fit:5e7d75375ffbac6fd9baa8131646a6726e786d6ca7f4f82cf90c8956f7fcce8a,2026-05-02T11:16:11+00:00,681.0,232,149,83,9.053,14.799999999999955,27
fit:5e7d75375ffbac6fd9baa8131646a6726e786d6ca7f4f82cf90c8956f7fcce8a,2026-05-02T11:16:12+00:00,682.0,243,149,83,9.133,14.799999999999955,27
fit:5e7d75375ffbac6fd9baa8131646a6726e786d6ca7f4f82cf90c8956f7fcce8a,2026-05-02T11:16:13+00:00,683.0,244,149,82,9.227,14.799999999999955,27
fit:5e7d75375ffbac6fd9baa8131646a6726e786d6ca7f4f82cf90c8956f7fcce8a,2026-05-02T11:16:14+00:00,684.0,264,149,84,9.218,14.799999999999955,27
fit:5e7d75375ffbac6fd9baa8131646a6726e786d6ca7f4f82cf90c8956f7fcce8a,2026-05-02T11:16:15+00:00,685.0,240,150,84,9.189,14.799999999999955,27
fit:5e7d75375ffbac6fd9baa8131646a6726e786d6ca7f4f82cf90c8956f7fcce8a,2026-05-02T11:16:16+00:00,686.0,254,150,84,9.188,15.200000000000045,27
fit:5e7d75375ffbac6fd9baa8131646a6726e786d6ca7f4f82cf90c8956f7fcce8a,2026-05-02T11:16:17+00:00,687.0,234,151,84,9.279,15.200000000000045,27
fit:5e7d75375ffbac6fd9baa8131646a6726e786d6ca7f4f82cf90c8956f7fcce8a,2026-05-02T11:16:18+00:00,688.0,195,151,85,9.372,15.200000000000045,27
fit:5e7d75375ffbac6fd9baa8131646a6726e786d6ca7f4f82cf90c8956f7fcce8a,2026-05-02T11:16:19+00:00,689.0,195,151,84,9.337,15.600000000000023,27
fit:5e7d75375ffbac6fd9baa8131646a6726e786d6ca7f4f82cf90c8956f7fcce8a,2026-05-02T11:16:20+00:00,690.0,237,152,84,9.193,14.600000000000023,27
fit:5e7d75375ffbac6fd9baa8131646a6726e786d6ca7f4f82cf90c8956f7fcce8a,2026-05-02T11:16:21+00:00,691.0,241,153,84,9.213,14.600000000000023,27
fit:5e7d75375ffbac6fd9baa8131646a6726e786d6ca7f4f82cf90c8956f7fcce8a,2026-05-02T11:16:22+00:00,692.0,235,153,84,9.292,14.600000000000023,27
fit:5e7d75375ffbac6fd9baa8131646a6726e786d6ca7f4f82cf90c8956f7fcce8a,2026-05-02T11:16:23+00:00,693.0,290,153,84,9.304,14.600000000000023,27
fit:5e7d75375ffbac6fd9baa8131646a6726e786d6ca7f4f82cf90c8956f7fcce8a,2026-05-02T11:16:24+00:00,694.0,303,153,84,9.278,16.600000000000023,27
fit:5e7d75375ffbac6fd9baa8131646a6726e786d6ca7f4f82cf90c8956f7fcce8a,2026-05-02T11:16:25+00:00,695.0,303,153,84,9.273,16.600000000000023,27
fit:5e7d75375ffbac6fd9baa8131646a6726e786d6ca7f4f82cf90c8956f7fcce8a,2026-05-02T11:16:26+00:00,696.0,265,153,84,9.281,16.600000000000023,27
fit:5e7d75375ffbac6fd9baa8131646a6726e786d6ca7f4f82cf90c8956f7fcce8a,2026-05-02T11:16:27+00:00,697.0,254,153,85,9.33,16.200000000000045,27
fit:5e7d75375ffbac6fd9baa8131646a6726e786d6ca7f4f82cf90c8956f7fcce8a,2026-05-02T11:16:28+00:00,698.0,204,152,85,9.355,16.799999999999955,27
fit:5e7d75375ffbac6fd9baa8131646a6726e786d6ca7f4f82cf90c8956f7fcce8a,2026-05-02T11:16:29+00:00,699.0,204,152,86,9.382,16.799999999999955,27
fit:5e7d75375ffbac6fd9baa8131646a6726e786d6ca7f4f82cf90c8956f7fcce8a,2026-05-02T11:16:30+00:00,700.0,203,152,86,9.402,16.799999999999955,27
fit:5e7d75375ffbac6fd9baa8131646a6726e786d6ca7f4f82cf90c8956f7fcce8a,2026-05-02T11:16:31+00:00,701.0,217,151,86,9.471,15.799999999999955,27
fit:5e7d75375ffbac6fd9baa8131646a6726e786d6ca7f4f82cf90c8956f7fcce8a,2026-05-02T11:16:32+00:00,702.0,213,151,86,9.499,15.399999999999977,27
fit:5e7d75375ffbac6fd9baa8131646a6726e786d6ca7f4f82cf90c8956f7fcce8a,2026-05-02T11:16:33+00:00,703.0,222,151,86,9.491,15.399999999999977,27
fit:5e7d75375ffbac6fd9baa8131646a6726e786d6ca7f4f82cf90c8956f7fcce8a,2026-05-02T11:16:34+00:00,704.0,232,150,85,9.409,15.399999999999977,27
fit:5e7d75375ffbac6fd9baa8131646a6726e786d6ca7f4f82cf90c8956f7fcce8a,2026-05-02T11:16:35+00:00,705.0,200,150,85,9.377,15.399999999999977,27
fit:5e7d75375ffbac6fd9baa8131646a6726e786d6ca7f4f82cf90c8956f7fcce8a,2026-05-02T11:16:36+00:00,706.0,253,149,86,9.343,15.799999999999955,27
fit:5e7d75375ffbac6fd9baa8131646a6726e786d6ca7f4f82cf90c8956f7fcce8a,2026-05-02T11:16:37+00:00,707.0,269,149,85,9.35,15.799999999999955,27
fit:5e7d75375ffbac6fd9baa8131646a6726e786d6ca7f4f82cf90c8956f7fcce8a,2026-05-02T11:16:38+00:00,708.0,287,149,86,9.393,15.799999999999955,27
fit:5e7d75375ffbac6fd9baa8131646a6726e786d6ca7f4f82cf90c8956f7fcce8a,2026-05-02T11:16:39+00:00,709.0,209,149,87,9.527,16.200000000000045,27
fit:5e7d75375ffbac6fd9baa8131646a6726e786d6ca7f4f82cf90c8956f7fcce8a,2026-05-02T11:16:40+00:00,710.0,218,149,89,9.673,16.0,27
fit:5e7d75375ffbac6fd9baa8131646a6726e786d6ca7f4f82cf90c8956f7fcce8a,2026-05-02T11:16:41+00:00,711.0,214,149,89,9.752,16.0,27
fit:5e7d75375ffbac6fd9baa8131646a6726e786d6ca7f4f82cf90c8956f7fcce8a,2026-05-02T11:16:42+00:00,712.0,192,149,89,9.777,16.0,27
fit:5e7d75375ffbac6fd9baa8131646a6726e786d6ca7f4f82cf90c8956f7fcce8a,2026-05-02T11:16:43+00:00,713.0,225,149,90,9.875,16.0,27
fit:5e7d75375ffbac6fd9baa8131646a6726e786d6ca7f4f82cf90c8956f7fcce8a,2026-05-02T11:16:44+00:00,714.0,217,149,90,9.931,15.600000000000023,27
fit:5e7d75375ffbac6fd9baa8131646a6726e786d6ca7f4f82cf90c8956f7fcce8a,2026-05-02T11:16:45+00:00,715.0,219,148,90,9.88,15.600000000000023,27
fit:5e7d75375ffbac6fd9baa8131646a6726e786d6ca7f4f82cf90c8956f7fcce8a,2026-05-02T11:16:46+00:00,716.0,228,148,90,9.907,15.600000000000023,27
fit:5e7d75375ffbac6fd9baa8131646a6726e786d6ca7f4f82cf90c8956f7fcce8a,2026-05-02T11:16:47+00:00,717.0,240,147,90,9.996,15.600000000000023,27
fit:5e7d75375ffbac6fd9baa8131646a6726e786d6ca7f4f82cf90c8956f7fcce8a,2026-05-02T11:16:48+00:00,718.0,234,147,90,9.952,15.399999999999977,27
fit:5e7d75375ffbac6fd9baa8131646a6726e786d6ca7f4f82cf90c8956f7fcce8a,2026-05-02T11:16:49+00:00,719.0,235,146,90,10.042,15.399999999999977,27
fit:5e7d75375ffbac6fd9baa8131646a6726e786d6ca7f4f82cf90c8956f7fcce8a,2026-05-02T11:16:50+00:00,720.0,221,145,90,9.984,15.399999999999977,27
fit:5e7d75375ffbac6fd9baa8131646a6726e786d6ca7f4f82cf90c8956f7fcce8a,2026-05-02T11:16:51+00:00,721.0,199,144,90,9.945,15.399999999999977,27
fit:5e7d75375ffbac6fd9baa8131646a6726e786d6ca7f4f82cf90c8956f7fcce8a,2026-05-02T11:16:52+00:00,722.0,218,144,89,9.961,14.799999999999955,27
fit:5e7d75375ffbac6fd9baa8131646a6726e786d6ca7f4f82cf90c8956f7fcce8a,2026-05-02T11:16:53+00:00,723.0,222,144,89,9.995,14.799999999999955,27
fit:5e7d75375ffbac6fd9baa8131646a6726e786d6ca7f4f82cf90c8956f7fcce8a,2026-05-02T11:16:54+00:00,724.0,261,144,89,9.856,14.799999999999955,27
fit:5e7d75375ffbac6fd9baa8131646a6726e786d6ca7f4f82cf90c8956f7fcce8a,2026-05-02T11:16:55+00:00,725.0,258,145,89,9.751,15.799999999999955,27
fit:5e7d75375ffbac6fd9baa8131646a6726e786d6ca7f4f82cf90c8956f7fcce8a,2026-05-02T11:16:56+00:00,726.0,231,145,89,9.727,16.0,27
fit:5e7d75375ffbac6fd9baa8131646a6726e786d6ca7f4f82cf90c8956f7fcce8a,2026-05-02T11:16:57+00:00,727.0,278,144,89,9.774,16.0,27
fit:5e7d75375ffbac6fd9baa8131646a6726e786d6ca7f4f82cf90c8956f7fcce8a,2026-05-02T11:16:58+00:00,728.0,279,144,89,9.815,16.0,27
fit:5e7d75375ffbac6fd9baa8131646a6726e786d6ca7f4f82cf90c8956f7fcce8a,2026-05-02T11:16:59+00:00,729.0,237,144,90,9.896,16.0,27
fit:5e7d75375ffbac6fd9baa8131646a6726e786d6ca7f4f82cf90c8956f7fcce8a,2026-05-02T11:17:00+00:00,730.0,157,144,90,9.847,15.600000000000023,27
fit:5e7d75375ffbac6fd9baa8131646a6726e786d6ca7f4f82cf90c8956f7fcce8a,2026-05-02T11:17:01+00:00,731.0,119,145,89,9.987,15.600000000000023,27
fit:5e7d75375ffbac6fd9baa8131646a6726e786d6ca7f4f82cf90c8956f7fcce8a,2026-05-02T11:17:02+00:00,732.0,219,146,89,9.966,15.600000000000023,27
fit:5e7d75375ffbac6fd9baa8131646a6726e786d6ca7f4f82cf90c8956f7fcce8a,2026-05-02T11:17:03+00:00,733.0,263,147,90,9.968,15.600000000000023,27
fit:5e7d75375ffbac6fd9baa8131646a6726e786d6ca7f4f82cf90c8956f7fcce8a,2026-05-02T11:17:04+00:00,734.0,264,148,90,9.967,15.799999999999955,27
fit:5e7d75375ffbac6fd9baa8131646a6726e786d6ca7f4f82cf90c8956f7fcce8a,2026-05-02T11:17:05+00:00,735.0,250,148,91,10.115,15.799999999999955,27
fit:5e7d75375ffbac6fd9baa8131646a6726e786d6ca7f4f82cf90c8956f7fcce8a,2026-05-02T11:17:06+00:00,736.0,250,148,91,10.124,15.799999999999955,27
fit:5e7d75375ffbac6fd9baa8131646a6726e786d6ca7f4f82cf90c8956f7fcce8a,2026-05-02T11:17:07+00:00,737.0,250,148,91,10.121,15.600000000000023,27
fit:5e7d75375ffbac6fd9baa8131646a6726e786d6ca7f4f82cf90c8956f7fcce8a,2026-05-02T11:17:08+00:00,738.0,210.5,148,,10.091,15.600000000000023,27
fit:5e7d75375ffbac6fd9baa8131646a6726e786d6ca7f4f82cf90c8956f7fcce8a,2026-05-02T11:17:09+00:00,739.0,171,148,,10.02,15.600000000000023,27
fit:5e7d75375ffbac6fd9baa8131646a6726e786d6ca7f4f82cf90c8956f7fcce8a,2026-05-02T11:17:10+00:00,740.0,164,148,91,10.043,15.600000000000023,27
fit:5e7d75375ffbac6fd9baa8131646a6726e786d6ca7f4f82cf90c8956f7fcce8a,2026-05-02T11:17:11+00:00,741.0,148,147,87,9.992,15.600000000000023,27
fit:5e7d75375ffbac6fd9baa8131646a6726e786d6ca7f4f82cf90c8956f7fcce8a,2026-05-02T11:17:12+00:00,742.0,131,147,83,9.936,15.600000000000023,27
fit:5e7d75375ffbac6fd9baa8131646a6726e786d6ca7f4f82cf90c8956f7fcce8a,2026-05-02T11:17:13+00:00,743.0,212,146,79,9.911,15.600000000000023,27
fit:5e7d75375ffbac6fd9baa8131646a6726e786d6ca7f4f82cf90c8956f7fcce8a,2026-05-02T11:17:14+00:00,744.0,217,146,90,9.844,15.600000000000023,27
fit:5e7d75375ffbac6fd9baa8131646a6726e786d6ca7f4f82cf90c8956f7fcce8a,2026-05-02T11:17:15+00:00,745.0,211,146,90,9.839,15.399999999999977,27
fit:5e7d75375ffbac6fd9baa8131646a6726e786d6ca7f4f82cf90c8956f7fcce8a,2026-05-02T11:17:16+00:00,746.0,199,146,90,9.923,15.200000000000045,27
fit:5e7d75375ffbac6fd9baa8131646a6726e786d6ca7f4f82cf90c8956f7fcce8a,2026-05-02T11:17:17+00:00,747.0,205,145,90,9.888,15.200000000000045,27
fit:5e7d75375ffbac6fd9baa8131646a6726e786d6ca7f4f82cf90c8956f7fcce8a,2026-05-02T11:17:18+00:00,748.0,219,145,90,9.826,15.200000000000045,27
fit:5e7d75375ffbac6fd9baa8131646a6726e786d6ca7f4f82cf90c8956f7fcce8a,2026-05-02T11:17:19+00:00,749.0,208,145,91,9.865,15.200000000000045,27
fit:5e7d75375ffbac6fd9baa8131646a6726e786d6ca7f4f82cf90c8956f7fcce8a,2026-05-02T11:17:20+00:00,750.0,197,145,91,9.87,15.0,27
fit:5e7d75375ffbac6fd9baa8131646a6726e786d6ca7f4f82cf90c8956f7fcce8a,2026-05-02T11:17:21+00:00,751.0,206,145,92,9.904,15.0,27
fit:5e7d75375ffbac6fd9baa8131646a6726e786d6ca7f4f82cf90c8956f7fcce8a,2026-05-02T11:17:22+00:00,752.0,196,144,93,10.13,15.0,27
fit:5e7d75375ffbac6fd9baa8131646a6726e786d6ca7f4f82cf90c8956f7fcce8a,2026-05-02T11:17:23+00:00,753.0,224,144,92,10.26,15.0,27
fit:5e7d75375ffbac6fd9baa8131646a6726e786d6ca7f4f82cf90c8956f7fcce8a,2026-05-02T11:17:24+00:00,754.0,203,144,92,10.257,15.200000000000045,27
fit:5e7d75375ffbac6fd9baa8131646a6726e786d6ca7f4f82cf90c8956f7fcce8a,2026-05-02T11:17:25+00:00,755.0,179,144,93,10.202,15.200000000000045,27
fit:5e7d75375ffbac6fd9baa8131646a6726e786d6ca7f4f82cf90c8956f7fcce8a,2026-05-02T11:17:26+00:00,756.0,179,144,93,10.227,15.200000000000045,27
fit:5e7d75375ffbac6fd9baa8131646a6726e786d6ca7f4f82cf90c8956f7fcce8a,2026-05-02T11:17:27+00:00,757.0,179,144,92,10.184,14.200000000000045,27
fit:5e7d75375ffbac6fd9baa8131646a6726e786d6ca7f4f82cf90c8956f7fcce8a,2026-05-02T11:17:28+00:00,758.0,192,144,92,10.05,14.600000000000023,27
fit:5e7d75375ffbac6fd9baa8131646a6726e786d6ca7f4f82cf90c8956f7fcce8a,2026-05-02T11:17:29+00:00,759.0,192,144,91,9.994,14.600000000000023,27
fit:5e7d75375ffbac6fd9baa8131646a6726e786d6ca7f4f82cf90c8956f7fcce8a,2026-05-02T11:17:30+00:00,760.0,198,143,91,10.039,14.600000000000023,27
fit:5e7d75375ffbac6fd9baa8131646a6726e786d6ca7f4f82cf90c8956f7fcce8a,2026-05-02T11:17:31+00:00,761.0,202,143,91,10.01,14.600000000000023,27
fit:5e7d75375ffbac6fd9baa8131646a6726e786d6ca7f4f82cf90c8956f7fcce8a,2026-05-02T11:17:32+00:00,762.0,220,143,91,10.008,14.200000000000045,27
fit:5e7d75375ffbac6fd9baa8131646a6726e786d6ca7f4f82cf90c8956f7fcce8a,2026-05-02T11:17:33+00:00,763.0,209,143,91,10.09,14.200000000000045,27
fit:5e7d75375ffbac6fd9baa8131646a6726e786d6ca7f4f82cf90c8956f7fcce8a,2026-05-02T11:17:34+00:00,764.0,210,141,90,10.033,14.200000000000045,27
fit:5e7d75375ffbac6fd9baa8131646a6726e786d6ca7f4f82cf90c8956f7fcce8a,2026-05-02T11:17:35+00:00,765.0,194,139,90,9.98,14.200000000000045,27
fit:5e7d75375ffbac6fd9baa8131646a6726e786d6ca7f4f82cf90c8956f7fcce8a,2026-05-02T11:17:36+00:00,766.0,213,139,90,9.935,14.799999999999955,27
fit:5e7d75375ffbac6fd9baa8131646a6726e786d6ca7f4f82cf90c8956f7fcce8a,2026-05-02T11:17:37+00:00,767.0,213,139,90,9.925,14.799999999999955,27
fit:5e7d75375ffbac6fd9baa8131646a6726e786d6ca7f4f82cf90c8956f7fcce8a,2026-05-02T11:17:38+00:00,768.0,202,139,89,9.884,14.799999999999955,27
fit:5e7d75375ffbac6fd9baa8131646a6726e786d6ca7f4f82cf90c8956f7fcce8a,2026-05-02T11:17:39+00:00,769.0,209,140,89,9.899,14.799999999999955,27
fit:5e7d75375ffbac6fd9baa8131646a6726e786d6ca7f4f82cf90c8956f7fcce8a,2026-05-02T11:17:40+00:00,770.0,220,140,89,9.839,14.799999999999955,27
fit:5e7d75375ffbac6fd9baa8131646a6726e786d6ca7f4f82cf90c8956f7fcce8a,2026-05-02T11:17:41+00:00,771.0,226,141,89,9.834,14.799999999999955,27
fit:5e7d75375ffbac6fd9baa8131646a6726e786d6ca7f4f82cf90c8956f7fcce8a,2026-05-02T11:17:42+00:00,772.0,183,142,89,9.784,14.799999999999955,27
fit:5e7d75375ffbac6fd9baa8131646a6726e786d6ca7f4f82cf90c8956f7fcce8a,2026-05-02T11:17:43+00:00,773.0,196,143,90,9.754,14.799999999999955,27
fit:5e7d75375ffbac6fd9baa8131646a6726e786d6ca7f4f82cf90c8956f7fcce8a,2026-05-02T11:17:44+00:00,774.0,206,143,90,9.845,13.600000000000023,27
fit:5e7d75375ffbac6fd9baa8131646a6726e786d6ca7f4f82cf90c8956f7fcce8a,2026-05-02T11:17:45+00:00,775.0,202,143,90,9.868,13.600000000000023,27
fit:5e7d75375ffbac6fd9baa8131646a6726e786d6ca7f4f82cf90c8956f7fcce8a,2026-05-02T11:17:46+00:00,776.0,181,143,90,9.869,13.600000000000023,27
fit:5e7d75375ffbac6fd9baa8131646a6726e786d6ca7f4f82cf90c8956f7fcce8a,2026-05-02T11:17:47+00:00,777.0,182,144,90,9.86,14.200000000000045,27
fit:5e7d75375ffbac6fd9baa8131646a6726e786d6ca7f4f82cf90c8956f7fcce8a,2026-05-02T11:17:48+00:00,778.0,160,144,90,9.841,14.200000000000045,27
fit:5e7d75375ffbac6fd9baa8131646a6726e786d6ca7f4f82cf90c8956f7fcce8a,2026-05-02T11:17:49+00:00,779.0,163,144,90,9.869,14.200000000000045,27
fit:5e7d75375ffbac6fd9baa8131646a6726e786d6ca7f4f82cf90c8956f7fcce8a,2026-05-02T11:17:50+00:00,780.0,152,144,89,9.85,14.200000000000045,27
fit:5e7d75375ffbac6fd9baa8131646a6726e786d6ca7f4f82cf90c8956f7fcce8a,2026-05-02T11:17:51+00:00,781.0,183,144,89,9.898,14.200000000000045,27
fit:5e7d75375ffbac6fd9baa8131646a6726e786d6ca7f4f82cf90c8956f7fcce8a,2026-05-02T11:17:52+00:00,782.0,183,144,89,9.84,14.799999999999955,27
fit:5e7d75375ffbac6fd9baa8131646a6726e786d6ca7f4f82cf90c8956f7fcce8a,2026-05-02T11:17:53+00:00,783.0,243,143,89,9.81,14.799999999999955,27
fit:5e7d75375ffbac6fd9baa8131646a6726e786d6ca7f4f82cf90c8956f7fcce8a,2026-05-02T11:17:54+00:00,784.0,199,143,90,9.836,14.799999999999955,27
fit:5e7d75375ffbac6fd9baa8131646a6726e786d6ca7f4f82cf90c8956f7fcce8a,2026-05-02T11:17:55+00:00,785.0,149,143,89,9.874,14.799999999999955,27
fit:5e7d75375ffbac6fd9baa8131646a6726e786d6ca7f4f82cf90c8956f7fcce8a,2026-05-02T11:17:56+00:00,786.0,146,142,89,9.889,13.799999999999955,27
fit:5e7d75375ffbac6fd9baa8131646a6726e786d6ca7f4f82cf90c8956f7fcce8a,2026-05-02T11:17:57+00:00,787.0,220,142,89,9.875,13.799999999999955,27
fit:5e7d75375ffbac6fd9baa8131646a6726e786d6ca7f4f82cf90c8956f7fcce8a,2026-05-02T11:17:58+00:00,788.0,234,142,88,9.798,13.799999999999955,27
fit:5e7d75375ffbac6fd9baa8131646a6726e786d6ca7f4f82cf90c8956f7fcce8a,2026-05-02T11:17:59+00:00,789.0,215,142,89,9.811,13.799999999999955,27
fit:5e7d75375ffbac6fd9baa8131646a6726e786d6ca7f4f82cf90c8956f7fcce8a,2026-05-02T11:18:00+00:00,790.0,219,141,89,9.802,13.799999999999955,27
fit:5e7d75375ffbac6fd9baa8131646a6726e786d6ca7f4f82cf90c8956f7fcce8a,2026-05-02T11:18:01+00:00,791.0,183,141,89,9.817,14.0,27
fit:5e7d75375ffbac6fd9baa8131646a6726e786d6ca7f4f82cf90c8956f7fcce8a,2026-05-02T11:18:02+00:00,792.0,183,141,89,9.797,14.0,27
fit:5e7d75375ffbac6fd9baa8131646a6726e786d6ca7f4f82cf90c8956f7fcce8a,2026-05-02T11:18:03+00:00,793.0,164,141,90,9.847,14.0,27
fit:5e7d75375ffbac6fd9baa8131646a6726e786d6ca7f4f82cf90c8956f7fcce8a,2026-05-02T11:18:04+00:00,794.0,195,141,90,9.846,14.0,27
fit:5e7d75375ffbac6fd9baa8131646a6726e786d6ca7f4f82cf90c8956f7fcce8a,2026-05-02T11:18:05+00:00,795.0,169,141,90,9.874,13.399999999999977,27
fit:5e7d75375ffbac6fd9baa8131646a6726e786d6ca7f4f82cf90c8956f7fcce8a,2026-05-02T11:18:06+00:00,796.0,162,142,89,9.871,13.399999999999977,27
fit:5e7d75375ffbac6fd9baa8131646a6726e786d6ca7f4f82cf90c8956f7fcce8a,2026-05-02T11:18:07+00:00,797.0,181,142,90,9.89,13.399999999999977,27
fit:5e7d75375ffbac6fd9baa8131646a6726e786d6ca7f4f82cf90c8956f7fcce8a,2026-05-02T11:18:08+00:00,798.0,192,142,89,9.898,13.600000000000023,27
fit:5e7d75375ffbac6fd9baa8131646a6726e786d6ca7f4f82cf90c8956f7fcce8a,2026-05-02T11:18:09+00:00,799.0,218,142,89,9.893,14.399999999999977,27
fit:5e7d75375ffbac6fd9baa8131646a6726e786d6ca7f4f82cf90c8956f7fcce8a,2026-05-02T11:18:10+00:00,800.0,205,140,89,9.886,14.399999999999977,27
fit:5e7d75375ffbac6fd9baa8131646a6726e786d6ca7f4f82cf90c8956f7fcce8a,2026-05-02T11:18:11+00:00,801.0,177,140,89,9.9,14.399999999999977,27
fit:5e7d75375ffbac6fd9baa8131646a6726e786d6ca7f4f82cf90c8956f7fcce8a,2026-05-02T11:18:12+00:00,802.0,223,139,90,9.908,13.399999999999977,27
fit:5e7d75375ffbac6fd9baa8131646a6726e786d6ca7f4f82cf90c8956f7fcce8a,2026-05-02T11:18:13+00:00,803.0,225,138,89,9.927,14.399999999999977,27
fit:5e7d75375ffbac6fd9baa8131646a6726e786d6ca7f4f82cf90c8956f7fcce8a,2026-05-02T11:18:14+00:00,804.0,216,137,90,9.907,14.399999999999977,27
fit:5e7d75375ffbac6fd9baa8131646a6726e786d6ca7f4f82cf90c8956f7fcce8a,2026-05-02T11:18:15+00:00,805.0,219,137,90,9.943,14.399999999999977,27
fit:5e7d75375ffbac6fd9baa8131646a6726e786d6ca7f4f82cf90c8956f7fcce8a,2026-05-02T11:18:16+00:00,806.0,211,137,90,9.939,14.399999999999977,27
fit:5e7d75375ffbac6fd9baa8131646a6726e786d6ca7f4f82cf90c8956f7fcce8a,2026-05-02T11:18:17+00:00,807.0,180,138,89,9.9,13.799999999999955,27
fit:5e7d75375ffbac6fd9baa8131646a6726e786d6ca7f4f82cf90c8956f7fcce8a,2026-05-02T11:18:18+00:00,808.0,139,138,89,9.956,13.799999999999955,27
fit:5e7d75375ffbac6fd9baa8131646a6726e786d6ca7f4f82cf90c8956f7fcce8a,2026-05-02T11:18:19+00:00,809.0,126,139,89,9.914,13.799999999999955,27
fit:5e7d75375ffbac6fd9baa8131646a6726e786d6ca7f4f82cf90c8956f7fcce8a,2026-05-02T11:18:20+00:00,810.0,118,139,89,9.879,14.799999999999955,27
fit:5e7d75375ffbac6fd9baa8131646a6726e786d6ca7f4f82cf90c8956f7fcce8a,2026-05-02T11:18:21+00:00,811.0,127,140,88,9.786,13.600000000000023,27
fit:5e7d75375ffbac6fd9baa8131646a6726e786d6ca7f4f82cf90c8956f7fcce8a,2026-05-02T11:18:22+00:00,812.0,127,140,87,9.671,13.600000000000023,27
fit:5e7d75375ffbac6fd9baa8131646a6726e786d6ca7f4f82cf90c8956f7fcce8a,2026-05-02T11:18:23+00:00,813.0,127,141,86,9.541,13.600000000000023,27
fit:5e7d75375ffbac6fd9baa8131646a6726e786d6ca7f4f82cf90c8956f7fcce8a,2026-05-02T11:18:24+00:00,814.0,237,140,87,9.45,14.600000000000023,27
fit:5e7d75375ffbac6fd9baa8131646a6726e786d6ca7f4f82cf90c8956f7fcce8a,2026-05-02T11:18:25+00:00,815.0,248,140,87,9.495,13.399999999999977,27
fit:5e7d75375ffbac6fd9baa8131646a6726e786d6ca7f4f82cf90c8956f7fcce8a,2026-05-02T11:18:26+00:00,816.0,204,140,87,9.474,13.399999999999977,27
fit:5e7d75375ffbac6fd9baa8131646a6726e786d6ca7f4f82cf90c8956f7fcce8a,2026-05-02T11:18:27+00:00,817.0,186,139,87,9.527,13.399999999999977,27
fit:5e7d75375ffbac6fd9baa8131646a6726e786d6ca7f4f82cf90c8956f7fcce8a,2026-05-02T11:18:28+00:00,818.0,186,139,87,9.588,13.399999999999977,27
fit:5e7d75375ffbac6fd9baa8131646a6726e786d6ca7f4f82cf90c8956f7fcce8a,2026-05-02T11:18:29+00:00,819.0,186,139,87,9.706,14.0,27
fit:5e7d75375ffbac6fd9baa8131646a6726e786d6ca7f4f82cf90c8956f7fcce8a,2026-05-02T11:18:30+00:00,820.0,203,139,87,9.721,14.0,27
fit:5e7d75375ffbac6fd9baa8131646a6726e786d6ca7f4f82cf90c8956f7fcce8a,2026-05-02T11:18:31+00:00,821.0,189,139,87,9.68,14.0,27
fit:5e7d75375ffbac6fd9baa8131646a6726e786d6ca7f4f82cf90c8956f7fcce8a,2026-05-02T11:18:32+00:00,822.0,183,138,88,9.75,13.0,27
fit:5e7d75375ffbac6fd9baa8131646a6726e786d6ca7f4f82cf90c8956f7fcce8a,2026-05-02T11:18:33+00:00,823.0,164,138,89,9.703,13.399999999999977,27
fit:5e7d75375ffbac6fd9baa8131646a6726e786d6ca7f4f82cf90c8956f7fcce8a,2026-05-02T11:18:34+00:00,824.0,159,138,89,9.736,13.399999999999977,27
fit:5e7d75375ffbac6fd9baa8131646a6726e786d6ca7f4f82cf90c8956f7fcce8a,2026-05-02T11:18:35+00:00,825.0,163,137,88,9.76,13.399999999999977,27
fit:5e7d75375ffbac6fd9baa8131646a6726e786d6ca7f4f82cf90c8956f7fcce8a,2026-05-02T11:18:36+00:00,826.0,168,137,89,9.732,13.399999999999977,27
fit:5e7d75375ffbac6fd9baa8131646a6726e786d6ca7f4f82cf90c8956f7fcce8a,2026-05-02T11:18:37+00:00,827.0,172,137,89,9.725,12.399999999999977,27
fit:5e7d75375ffbac6fd9baa8131646a6726e786d6ca7f4f82cf90c8956f7fcce8a,2026-05-02T11:18:38+00:00,828.0,175,137,89,9.731,12.399999999999977,27
fit:5e7d75375ffbac6fd9baa8131646a6726e786d6ca7f4f82cf90c8956f7fcce8a,2026-05-02T11:18:39+00:00,829.0,175,137,89,9.821,12.399999999999977,27
fit:5e7d75375ffbac6fd9baa8131646a6726e786d6ca7f4f82cf90c8956f7fcce8a,2026-05-02T11:18:40+00:00,830.0,211,137,89,9.833,12.399999999999977,27
fit:5e7d75375ffbac6fd9baa8131646a6726e786d6ca7f4f82cf90c8956f7fcce8a,2026-05-02T11:18:41+00:00,831.0,194,137,89,9.877,12.399999999999977,27
fit:5e7d75375ffbac6fd9baa8131646a6726e786d6ca7f4f82cf90c8956f7fcce8a,2026-05-02T11:18:42+00:00,832.0,207,137,89,9.826,12.399999999999977,27
fit:5e7d75375ffbac6fd9baa8131646a6726e786d6ca7f4f82cf90c8956f7fcce8a,2026-05-02T11:18:43+00:00,833.0,208,137,89,9.846,12.399999999999977,27
fit:5e7d75375ffbac6fd9baa8131646a6726e786d6ca7f4f82cf90c8956f7fcce8a,2026-05-02T11:18:44+00:00,834.0,221,136,88,9.694,12.399999999999977,27
fit:5e7d75375ffbac6fd9baa8131646a6726e786d6ca7f4f82cf90c8956f7fcce8a,2026-05-02T11:18:45+00:00,835.0,208,136,88,9.625,13.600000000000023,27
fit:5e7d75375ffbac6fd9baa8131646a6726e786d6ca7f4f82cf90c8956f7fcce8a,2026-05-02T11:18:46+00:00,836.0,196,136,88,9.665,13.600000000000023,27
fit:5e7d75375ffbac6fd9baa8131646a6726e786d6ca7f4f82cf90c8956f7fcce8a,2026-05-02T11:18:47+00:00,837.0,208,136,88,9.583,13.600000000000023,27
fit:5e7d75375ffbac6fd9baa8131646a6726e786d6ca7f4f82cf90c8956f7fcce8a,2026-05-02T11:18:48+00:00,838.0,198,136,88,9.574,13.600000000000023,27
fit:5e7d75375ffbac6fd9baa8131646a6726e786d6ca7f4f82cf90c8956f7fcce8a,2026-05-02T11:18:49+00:00,839.0,235,137,87,9.551,12.799999999999955,27
fit:5e7d75375ffbac6fd9baa8131646a6726e786d6ca7f4f82cf90c8956f7fcce8a,2026-05-02T11:18:50+00:00,840.0,222,137,87,9.56,12.799999999999955,27
fit:5e7d75375ffbac6fd9baa8131646a6726e786d6ca7f4f82cf90c8956f7fcce8a,2026-05-02T11:18:51+00:00,841.0,228,137,87,9.588,12.799999999999955,27
fit:5e7d75375ffbac6fd9baa8131646a6726e786d6ca7f4f82cf90c8956f7fcce8a,2026-05-02T11:18:52+00:00,842.0,235,137,86,9.627,12.799999999999955,27
fit:5e7d75375ffbac6fd9baa8131646a6726e786d6ca7f4f82cf90c8956f7fcce8a,2026-05-02T11:18:53+00:00,843.0,220,136,86,9.568,12.200000000000045,27
fit:5e7d75375ffbac6fd9baa8131646a6726e786d6ca7f4f82cf90c8956f7fcce8a,2026-05-02T11:18:54+00:00,844.0,183,136,86,9.579,12.200000000000045,27
fit:5e7d75375ffbac6fd9baa8131646a6726e786d6ca7f4f82cf90c8956f7fcce8a,2026-05-02T11:18:55+00:00,845.0,193,136,86,9.526,12.200000000000045,27
fit:5e7d75375ffbac6fd9baa8131646a6726e786d6ca7f4f82cf90c8956f7fcce8a,2026-05-02T11:18:56+00:00,846.0,183,136,86,9.434,13.200000000000045,27
fit:5e7d75375ffbac6fd9baa8131646a6726e786d6ca7f4f82cf90c8956f7fcce8a,2026-05-02T11:18:57+00:00,847.0,201,136,86,9.362,12.799999999999955,27
fit:5e7d75375ffbac6fd9baa8131646a6726e786d6ca7f4f82cf90c8956f7fcce8a,2026-05-02T11:18:58+00:00,848.0,201,136,86,9.389,12.799999999999955,27
fit:5e7d75375ffbac6fd9baa8131646a6726e786d6ca7f4f82cf90c8956f7fcce8a,2026-05-02T11:18:59+00:00,849.0,245,136,87,9.526,12.799999999999955,27
fit:5e7d75375ffbac6fd9baa8131646a6726e786d6ca7f4f82cf90c8956f7fcce8a,2026-05-02T11:19:00+00:00,850.0,226,136,87,9.611,13.799999999999955,27
fit:5e7d75375ffbac6fd9baa8131646a6726e786d6ca7f4f82cf90c8956f7fcce8a,2026-05-02T11:19:01+00:00,851.0,155,136,87,9.591,13.799999999999955,27
fit:5e7d75375ffbac6fd9baa8131646a6726e786d6ca7f4f82cf90c8956f7fcce8a,2026-05-02T11:19:02+00:00,852.0,160,136,87,9.686,13.799999999999955,27
fit:5e7d75375ffbac6fd9baa8131646a6726e786d6ca7f4f82cf90c8956f7fcce8a,2026-05-02T11:19:03+00:00,853.0,158,136,87,9.673,13.799999999999955,27
fit:5e7d75375ffbac6fd9baa8131646a6726e786d6ca7f4f82cf90c8956f7fcce8a,2026-05-02T11:19:04+00:00,854.0,159,136,87,9.711,12.799999999999955,27
fit:5e7d75375ffbac6fd9baa8131646a6726e786d6ca7f4f82cf90c8956f7fcce8a,2026-05-02T11:19:05+00:00,855.0,131,136,87,9.682,13.399999999999977,27
fit:5e7d75375ffbac6fd9baa8131646a6726e786d6ca7f4f82cf90c8956f7fcce8a,2026-05-02T11:19:06+00:00,856.0,131,136,87,9.646,13.399999999999977,27
fit:5e7d75375ffbac6fd9baa8131646a6726e786d6ca7f4f82cf90c8956f7fcce8a,2026-05-02T11:19:07+00:00,857.0,131,136,87,9.507,13.399999999999977,27
fit:5e7d75375ffbac6fd9baa8131646a6726e786d6ca7f4f82cf90c8956f7fcce8a,2026-05-02T11:19:08+00:00,858.0,96,136,87,9.282,13.399999999999977,27
fit:5e7d75375ffbac6fd9baa8131646a6726e786d6ca7f4f82cf90c8956f7fcce8a,2026-05-02T11:19:09+00:00,859.0,416,136,85,8.853,14.600000000000023,27
fit:5e7d75375ffbac6fd9baa8131646a6726e786d6ca7f4f82cf90c8956f7fcce8a,2026-05-02T11:19:10+00:00,860.0,365,136,90,9.19,14.600000000000023,27
fit:5e7d75375ffbac6fd9baa8131646a6726e786d6ca7f4f82cf90c8956f7fcce8a,2026-05-02T11:19:11+00:00,861.0,299,136,90,9.532,14.600000000000023,27
fit:5e7d75375ffbac6fd9baa8131646a6726e786d6ca7f4f82cf90c8956f7fcce8a,2026-05-02T11:19:12+00:00,862.0,240,136,92,9.813,13.600000000000023,27
fit:5e7d75375ffbac6fd9baa8131646a6726e786d6ca7f4f82cf90c8956f7fcce8a,2026-05-02T11:19:13+00:00,863.0,175,137,93,9.979,12.200000000000045,27
fit:5e7d75375ffbac6fd9baa8131646a6726e786d6ca7f4f82cf90c8956f7fcce8a,2026-05-02T11:19:14+00:00,864.0,145,138,93,10.097,12.200000000000045,27
fit:5e7d75375ffbac6fd9baa8131646a6726e786d6ca7f4f82cf90c8956f7fcce8a,2026-05-02T11:19:15+00:00,865.0,278,140,93,10.189,12.200000000000045,27
fit:5e7d75375ffbac6fd9baa8131646a6726e786d6ca7f4f82cf90c8956f7fcce8a,2026-05-02T11:19:16+00:00,866.0,208,141,93,10.133,12.799999999999955,27
fit:5e7d75375ffbac6fd9baa8131646a6726e786d6ca7f4f82cf90c8956f7fcce8a,2026-05-02T11:19:17+00:00,867.0,165,141,93,10.225,12.799999999999955,27
fit:5e7d75375ffbac6fd9baa8131646a6726e786d6ca7f4f82cf90c8956f7fcce8a,2026-05-02T11:19:18+00:00,868.0,160,141,93,10.301,12.799999999999955,27
fit:5e7d75375ffbac6fd9baa8131646a6726e786d6ca7f4f82cf90c8956f7fcce8a,2026-05-02T11:19:19+00:00,869.0,156,142,93,10.365,12.799999999999955,27
fit:5e7d75375ffbac6fd9baa8131646a6726e786d6ca7f4f82cf90c8956f7fcce8a,2026-05-02T11:19:20+00:00,870.0,149,142,92,10.296,12.799999999999955,27
fit:5e7d75375ffbac6fd9baa8131646a6726e786d6ca7f4f82cf90c8956f7fcce8a,2026-05-02T11:19:21+00:00,871.0,179,141,92,10.255,12.399999999999977,28
fit:5e7d75375ffbac6fd9baa8131646a6726e786d6ca7f4f82cf90c8956f7fcce8a,2026-05-02T11:19:22+00:00,872.0,247,141,92,10.134,12.399999999999977,28
fit:5e7d75375ffbac6fd9baa8131646a6726e786d6ca7f4f82cf90c8956f7fcce8a,2026-05-02T11:19:23+00:00,873.0,197,141,92,10.088,12.399999999999977,28
fit:5e7d75375ffbac6fd9baa8131646a6726e786d6ca7f4f82cf90c8956f7fcce8a,2026-05-02T11:19:24+00:00,874.0,197,140,93,10.067,12.399999999999977,28
fit:5e7d75375ffbac6fd9baa8131646a6726e786d6ca7f4f82cf90c8956f7fcce8a,2026-05-02T11:19:25+00:00,875.0,184,139,93,10.066,12.200000000000045,28
fit:5e7d75375ffbac6fd9baa8131646a6726e786d6ca7f4f82cf90c8956f7fcce8a,2026-05-02T11:19:26+00:00,876.0,182,139,93,10.122,12.200000000000045,28
fit:5e7d75375ffbac6fd9baa8131646a6726e786d6ca7f4f82cf90c8956f7fcce8a,2026-05-02T11:19:27+00:00,877.0,309,139,93,10.152,12.200000000000045,28
fit:5e7d75375ffbac6fd9baa8131646a6726e786d6ca7f4f82cf90c8956f7fcce8a,2026-05-02T11:19:28+00:00,878.0,309,139,91,10.146,12.200000000000045,28
fit:5e7d75375ffbac6fd9baa8131646a6726e786d6ca7f4f82cf90c8956f7fcce8a,2026-05-02T11:19:29+00:00,879.0,220,140,91,10.028,13.0,28
fit:5e7d75375ffbac6fd9baa8131646a6726e786d6ca7f4f82cf90c8956f7fcce8a,2026-05-02T11:19:30+00:00,880.0,205,140,92,10.078,13.0,28
fit:5e7d75375ffbac6fd9baa8131646a6726e786d6ca7f4f82cf90c8956f7fcce8a,2026-05-02T11:19:31+00:00,881.0,204,140,92,10.072,13.0,28
fit:5e7d75375ffbac6fd9baa8131646a6726e786d6ca7f4f82cf90c8956f7fcce8a,2026-05-02T11:19:32+00:00,882.0,229,140,92,10.173,13.0,28
fit:5e7d75375ffbac6fd9baa8131646a6726e786d6ca7f4f82cf90c8956f7fcce8a,2026-05-02T11:19:33+00:00,883.0,226,140,92,10.157,13.399999999999977,28
fit:5e7d75375ffbac6fd9baa8131646a6726e786d6ca7f4f82cf90c8956f7fcce8a,2026-05-02T11:19:34+00:00,884.0,229,140,93,10.182,13.399999999999977,28
fit:5e7d75375ffbac6fd9baa8131646a6726e786d6ca7f4f82cf90c8956f7fcce8a,2026-05-02T11:19:35+00:00,885.0,229,140,92,10.131,13.399999999999977,28
fit:5e7d75375ffbac6fd9baa8131646a6726e786d6ca7f4f82cf90c8956f7fcce8a,2026-05-02T11:19:36+00:00,886.0,249,139,91,10.055,12.399999999999977,28
fit:5e7d75375ffbac6fd9baa8131646a6726e786d6ca7f4f82cf90c8956f7fcce8a,2026-05-02T11:19:37+00:00,887.0,277,139,91,10.041,10.800000000000011,28
fit:5e7d75375ffbac6fd9baa8131646a6726e786d6ca7f4f82cf90c8956f7fcce8a,2026-05-02T11:19:38+00:00,888.0,278,139,91,10.013,10.800000000000011,28
fit:5e7d75375ffbac6fd9baa8131646a6726e786d6ca7f4f82cf90c8956f7fcce8a,2026-05-02T11:19:39+00:00,889.0,220,139,91,9.972,10.800000000000011,28
fit:5e7d75375ffbac6fd9baa8131646a6726e786d6ca7f4f82cf90c8956f7fcce8a,2026-05-02T11:19:40+00:00,890.0,183,139,92,10.062,11.800000000000011,28
fit:5e7d75375ffbac6fd9baa8131646a6726e786d6ca7f4f82cf90c8956f7fcce8a,2026-05-02T11:19:41+00:00,891.0,200,140,92,10.119,13.0,28
fit:5e7d75375ffbac6fd9baa8131646a6726e786d6ca7f4f82cf90c8956f7fcce8a,2026-05-02T11:19:42+00:00,892.0,200,140,92,10.16,13.0,28
fit:5e7d75375ffbac6fd9baa8131646a6726e786d6ca7f4f82cf90c8956f7fcce8a,2026-05-02T11:19:43+00:00,893.0,177,142,92,10.196,13.0,28
fit:5e7d75375ffbac6fd9baa8131646a6726e786d6ca7f4f82cf90c8956f7fcce8a,2026-05-02T11:19:44+00:00,894.0,205,142,91,10.308,13.0,28
fit:5e7d75375ffbac6fd9baa8131646a6726e786d6ca7f4f82cf90c8956f7fcce8a,2026-05-02T11:19:45+00:00,895.0,215,142,91,10.288,12.200000000000045,28
fit:5e7d75375ffbac6fd9baa8131646a6726e786d6ca7f4f82cf90c8956f7fcce8a,2026-05-02T11:19:46+00:00,896.0,186,142,91,10.165,12.200000000000045,28
fit:5e7d75375ffbac6fd9baa8131646a6726e786d6ca7f4f82cf90c8956f7fcce8a,2026-05-02T11:19:47+00:00,897.0,185,143,91,10.068,12.200000000000045,28
fit:5e7d75375ffbac6fd9baa8131646a6726e786d6ca7f4f82cf90c8956f7fcce8a,2026-05-02T11:19:48+00:00,898.0,207,143,90,10.004,12.200000000000045,28
fit:5e7d75375ffbac6fd9baa8131646a6726e786d6ca7f4f82cf90c8956f7fcce8a,2026-05-02T11:19:49+00:00,899.0,207,143,90,9.989,12.799999999999955,28
fit:5e7d75375ffbac6fd9baa8131646a6726e786d6ca7f4f82cf90c8956f7fcce8a,2026-05-02T11:19:50+00:00,900.0,221,143,90,9.972,12.799999999999955,28
fit:5e7d75375ffbac6fd9baa8131646a6726e786d6ca7f4f82cf90c8956f7fcce8a,2026-05-02T11:19:51+00:00,901.0,209,143,88,9.946,12.799999999999955,28
fit:5e7d75375ffbac6fd9baa8131646a6726e786d6ca7f4f82cf90c8956f7fcce8a,2026-05-02T11:19:52+00:00,902.0,231,143,88,9.937,12.799999999999955,28
fit:5e7d75375ffbac6fd9baa8131646a6726e786d6ca7f4f82cf90c8956f7fcce8a,2026-05-02T11:19:53+00:00,903.0,246,142,88,9.831,13.399999999999977,28
fit:5e7d75375ffbac6fd9baa8131646a6726e786d6ca7f4f82cf90c8956f7fcce8a,2026-05-02T11:19:54+00:00,904.0,238,142,88,9.696,13.399999999999977,28
fit:5e7d75375ffbac6fd9baa8131646a6726e786d6ca7f4f82cf90c8956f7fcce8a,2026-05-02T11:19:55+00:00,905.0,228,142,87,9.665,13.399999999999977,28
fit:5e7d75375ffbac6fd9baa8131646a6726e786d6ca7f4f82cf90c8956f7fcce8a,2026-05-02T11:19:56+00:00,906.0,246,141,87,9.63,13.399999999999977,28
fit:5e7d75375ffbac6fd9baa8131646a6726e786d6ca7f4f82cf90c8956f7fcce8a,2026-05-02T11:19:57+00:00,907.0,252,141,87,9.651,13.799999999999955,28
fit:5e7d75375ffbac6fd9baa8131646a6726e786d6ca7f4f82cf90c8956f7fcce8a,2026-05-02T11:19:58+00:00,908.0,253,141,87,9.66,13.799999999999955,28
fit:5e7d75375ffbac6fd9baa8131646a6726e786d6ca7f4f82cf90c8956f7fcce8a,2026-05-02T11:19:59+00:00,909.0,274,141,87,9.626,13.799999999999955,28
fit:5e7d75375ffbac6fd9baa8131646a6726e786d6ca7f4f82cf90c8956f7fcce8a,2026-05-02T11:20:00+00:00,910.0,271,141,86,9.609,14.200000000000045,28
fit:5e7d75375ffbac6fd9baa8131646a6726e786d6ca7f4f82cf90c8956f7fcce8a,2026-05-02T11:20:01+00:00,911.0,280,141,85,9.59,14.799999999999955,28
fit:5e7d75375ffbac6fd9baa8131646a6726e786d6ca7f4f82cf90c8956f7fcce8a,2026-05-02T11:20:02+00:00,912.0,280,141,85,9.39,14.799999999999955,28
fit:5e7d75375ffbac6fd9baa8131646a6726e786d6ca7f4f82cf90c8956f7fcce8a,2026-05-02T11:20:03+00:00,913.0,283,141,85,9.407,14.799999999999955,28
fit:5e7d75375ffbac6fd9baa8131646a6726e786d6ca7f4f82cf90c8956f7fcce8a,2026-05-02T11:20:04+00:00,914.0,264,142,85,9.419,14.799999999999955,28
fit:5e7d75375ffbac6fd9baa8131646a6726e786d6ca7f4f82cf90c8956f7fcce8a,2026-05-02T11:20:05+00:00,915.0,217,142,85,9.431,14.600000000000023,28
fit:5e7d75375ffbac6fd9baa8131646a6726e786d6ca7f4f82cf90c8956f7fcce8a,2026-05-02T11:20:06+00:00,916.0,225,142,84,9.412,14.600000000000023,28
fit:5e7d75375ffbac6fd9baa8131646a6726e786d6ca7f4f82cf90c8956f7fcce8a,2026-05-02T11:20:07+00:00,917.0,281,143,84,9.253,14.600000000000023,27
fit:5e7d75375ffbac6fd9baa8131646a6726e786d6ca7f4f82cf90c8956f7fcce8a,2026-05-02T11:20:08+00:00,918.0,281,143,84,9.28,14.600000000000023,27
fit:5e7d75375ffbac6fd9baa8131646a6726e786d6ca7f4f82cf90c8956f7fcce8a,2026-05-02T11:20:09+00:00,919.0,275,143,84,9.309,14.600000000000023,27
fit:5e7d75375ffbac6fd9baa8131646a6726e786d6ca7f4f82cf90c8956f7fcce8a,2026-05-02T11:20:10+00:00,920.0,275,143,84,9.324,14.600000000000023,27
fit:5e7d75375ffbac6fd9baa8131646a6726e786d6ca7f4f82cf90c8956f7fcce8a,2026-05-02T11:20:11+00:00,921.0,273,143,84,9.295,14.600000000000023,27
fit:5e7d75375ffbac6fd9baa8131646a6726e786d6ca7f4f82cf90c8956f7fcce8a,2026-05-02T11:20:12+00:00,922.0,263,144,85,9.362,15.0,27
fit:5e7d75375ffbac6fd9baa8131646a6726e786d6ca7f4f82cf90c8956f7fcce8a,2026-05-02T11:20:13+00:00,923.0,266,144,85,9.408,15.0,27
fit:5e7d75375ffbac6fd9baa8131646a6726e786d6ca7f4f82cf90c8956f7fcce8a,2026-05-02T11:20:14+00:00,924.0,211,144,85,9.362,15.0,27
fit:5e7d75375ffbac6fd9baa8131646a6726e786d6ca7f4f82cf90c8956f7fcce8a,2026-05-02T11:20:15+00:00,925.0,211,144,85,9.362,15.0,27
fit:5e7d75375ffbac6fd9baa8131646a6726e786d6ca7f4f82cf90c8956f7fcce8a,2026-05-02T11:20:16+00:00,926.0,243,145,86,9.441,15.0,27
fit:5e7d75375ffbac6fd9baa8131646a6726e786d6ca7f4f82cf90c8956f7fcce8a,2026-05-02T11:20:17+00:00,927.0,202,146,86,9.482,14.399999999999977,27
fit:5e7d75375ffbac6fd9baa8131646a6726e786d6ca7f4f82cf90c8956f7fcce8a,2026-05-02T11:20:18+00:00,928.0,202,146,87,9.542,14.399999999999977,27
fit:5e7d75375ffbac6fd9baa8131646a6726e786d6ca7f4f82cf90c8956f7fcce8a,2026-05-02T11:20:19+00:00,929.0,211,147,88,9.641,14.399999999999977,27
fit:5e7d75375ffbac6fd9baa8131646a6726e786d6ca7f4f82cf90c8956f7fcce8a,2026-05-02T11:20:20+00:00,930.0,187,147,88,9.691,14.399999999999977,27
fit:5e7d75375ffbac6fd9baa8131646a6726e786d6ca7f4f82cf90c8956f7fcce8a,2026-05-02T11:20:21+00:00,931.0,212,147,88,9.741,13.799999999999955,27
fit:5e7d75375ffbac6fd9baa8131646a6726e786d6ca7f4f82cf90c8956f7fcce8a,2026-05-02T11:20:22+00:00,932.0,213,147,88,9.67,13.799999999999955,27
fit:5e7d75375ffbac6fd9baa8131646a6726e786d6ca7f4f82cf90c8956f7fcce8a,2026-05-02T11:20:23+00:00,933.0,192,147,89,9.7,13.799999999999955,27
fit:5e7d75375ffbac6fd9baa8131646a6726e786d6ca7f4f82cf90c8956f7fcce8a,2026-05-02T11:20:24+00:00,934.0,157,147,90,9.722,14.799999999999955,27
fit:5e7d75375ffbac6fd9baa8131646a6726e786d6ca7f4f82cf90c8956f7fcce8a,2026-05-02T11:20:25+00:00,935.0,157,147,90,9.814,15.399999999999977,27
fit:5e7d75375ffbac6fd9baa8131646a6726e786d6ca7f4f82cf90c8956f7fcce8a,2026-05-02T11:20:26+00:00,936.0,190,147,90,9.842,15.399999999999977,27
fit:5e7d75375ffbac6fd9baa8131646a6726e786d6ca7f4f82cf90c8956f7fcce8a,2026-05-02T11:20:27+00:00,937.0,194,147,90,9.867,15.399999999999977,27
fit:5e7d75375ffbac6fd9baa8131646a6726e786d6ca7f4f82cf90c8956f7fcce8a,2026-05-02T11:20:28+00:00,938.0,182,147,90,9.939,15.399999999999977,27
fit:5e7d75375ffbac6fd9baa8131646a6726e786d6ca7f4f82cf90c8956f7fcce8a,2026-05-02T11:20:29+00:00,939.0,183,147,90,9.93,14.200000000000045,27
fit:5e7d75375ffbac6fd9baa8131646a6726e786d6ca7f4f82cf90c8956f7fcce8a,2026-05-02T11:20:30+00:00,940.0,183,147,90,9.933,14.200000000000045,27
fit:5e7d75375ffbac6fd9baa8131646a6726e786d6ca7f4f82cf90c8956f7fcce8a,2026-05-02T11:20:31+00:00,941.0,210,147,90,9.973,14.200000000000045,27
fit:5e7d75375ffbac6fd9baa8131646a6726e786d6ca7f4f82cf90c8956f7fcce8a,2026-05-02T11:20:32+00:00,942.0,185,146,91,9.972,14.200000000000045,27
fit:5e7d75375ffbac6fd9baa8131646a6726e786d6ca7f4f82cf90c8956f7fcce8a,2026-05-02T11:20:33+00:00,943.0,206,146,91,10.065,15.200000000000045,27
fit:5e7d75375ffbac6fd9baa8131646a6726e786d6ca7f4f82cf90c8956f7fcce8a,2026-05-02T11:20:34+00:00,944.0,206,146,92,10.031,15.200000000000045,27
fit:5e7d75375ffbac6fd9baa8131646a6726e786d6ca7f4f82cf90c8956f7fcce8a,2026-05-02T11:20:35+00:00,945.0,185,146,92,10.099,15.200000000000045,27
fit:5e7d75375ffbac6fd9baa8131646a6726e786d6ca7f4f82cf90c8956f7fcce8a,2026-05-02T11:20:36+00:00,946.0,184,146,92,10.132,15.200000000000045,27
fit:5e7d75375ffbac6fd9baa8131646a6726e786d6ca7f4f82cf90c8956f7fcce8a,2026-05-02T11:20:37+00:00,947.0,208,145,92,10.156,14.799999999999955,27
fit:5e7d75375ffbac6fd9baa8131646a6726e786d6ca7f4f82cf90c8956f7fcce8a,2026-05-02T11:20:38+00:00,948.0,177,145,92,10.152,14.799999999999955,27
fit:5e7d75375ffbac6fd9baa8131646a6726e786d6ca7f4f82cf90c8956f7fcce8a,2026-05-02T11:20:39+00:00,949.0,163,145,92,10.067,14.799999999999955,27
fit:5e7d75375ffbac6fd9baa8131646a6726e786d6ca7f4f82cf90c8956f7fcce8a,2026-05-02T11:20:40+00:00,950.0,175,145,91,10.056,14.799999999999955,27
fit:5e7d75375ffbac6fd9baa8131646a6726e786d6ca7f4f82cf90c8956f7fcce8a,2026-05-02T11:20:41+00:00,951.0,182,145,91,10.014,14.200000000000045,27
fit:5e7d75375ffbac6fd9baa8131646a6726e786d6ca7f4f82cf90c8956f7fcce8a,2026-05-02T11:20:42+00:00,952.0,210,145,90,9.979,14.200000000000045,27
fit:5e7d75375ffbac6fd9baa8131646a6726e786d6ca7f4f82cf90c8956f7fcce8a,2026-05-02T11:20:43+00:00,953.0,211,145,90,9.926,14.200000000000045,27
fit:5e7d75375ffbac6fd9baa8131646a6726e786d6ca7f4f82cf90c8956f7fcce8a,2026-05-02T11:20:44+00:00,954.0,213,144,90,9.893,14.200000000000045,27
fit:5e7d75375ffbac6fd9baa8131646a6726e786d6ca7f4f82cf90c8956f7fcce8a,2026-05-02T11:20:45+00:00,955.0,205,144,91,9.931,14.0,27
fit:5e7d75375ffbac6fd9baa8131646a6726e786d6ca7f4f82cf90c8956f7fcce8a,2026-05-02T11:20:46+00:00,956.0,226,144,90,9.987,14.0,27
fit:5e7d75375ffbac6fd9baa8131646a6726e786d6ca7f4f82cf90c8956f7fcce8a,2026-05-02T11:20:47+00:00,957.0,200,145,90,9.963,14.0,27
fit:5e7d75375ffbac6fd9baa8131646a6726e786d6ca7f4f82cf90c8956f7fcce8a,2026-05-02T11:20:48+00:00,958.0,201,145,90,9.93,14.0,27
fit:5e7d75375ffbac6fd9baa8131646a6726e786d6ca7f4f82cf90c8956f7fcce8a,2026-05-02T11:20:49+00:00,959.0,155,145,90,9.87,13.799999999999955,27
fit:5e7d75375ffbac6fd9baa8131646a6726e786d6ca7f4f82cf90c8956f7fcce8a,2026-05-02T11:20:50+00:00,960.0,137,145,90,9.86,13.799999999999955,27
fit:5e7d75375ffbac6fd9baa8131646a6726e786d6ca7f4f82cf90c8956f7fcce8a,2026-05-02T11:20:51+00:00,961.0,202,145,90,9.876,13.799999999999955,27
fit:5e7d75375ffbac6fd9baa8131646a6726e786d6ca7f4f82cf90c8956f7fcce8a,2026-05-02T11:20:52+00:00,962.0,193,145,90,9.884,13.799999999999955,27
fit:5e7d75375ffbac6fd9baa8131646a6726e786d6ca7f4f82cf90c8956f7fcce8a,2026-05-02T11:20:53+00:00,963.0,220,144,90,9.878,14.799999999999955,27
fit:5e7d75375ffbac6fd9baa8131646a6726e786d6ca7f4f82cf90c8956f7fcce8a,2026-05-02T11:20:54+00:00,964.0,204,144,90,9.898,14.799999999999955,27
fit:5e7d75375ffbac6fd9baa8131646a6726e786d6ca7f4f82cf90c8956f7fcce8a,2026-05-02T11:20:55+00:00,965.0,204,143,90,10.007,14.799999999999955,27
fit:5e7d75375ffbac6fd9baa8131646a6726e786d6ca7f4f82cf90c8956f7fcce8a,2026-05-02T11:20:56+00:00,966.0,214,143,90,10.122,14.799999999999955,27
fit:5e7d75375ffbac6fd9baa8131646a6726e786d6ca7f4f82cf90c8956f7fcce8a,2026-05-02T11:20:57+00:00,967.0,215,142,91,10.12,13.399999999999977,27
fit:5e7d75375ffbac6fd9baa8131646a6726e786d6ca7f4f82cf90c8956f7fcce8a,2026-05-02T11:20:58+00:00,968.0,234,141,91,10.159,13.399999999999977,27
fit:5e7d75375ffbac6fd9baa8131646a6726e786d6ca7f4f82cf90c8956f7fcce8a,2026-05-02T11:20:59+00:00,969.0,153,141,91,10.176,13.399999999999977,27
fit:5e7d75375ffbac6fd9baa8131646a6726e786d6ca7f4f82cf90c8956f7fcce8a,2026-05-02T11:21:00+00:00,970.0,195,141,91,10.156,14.399999999999977,27
fit:5e7d75375ffbac6fd9baa8131646a6726e786d6ca7f4f82cf90c8956f7fcce8a,2026-05-02T11:21:01+00:00,971.0,205,140,90,10.092,14.600000000000023,27
fit:5e7d75375ffbac6fd9baa8131646a6726e786d6ca7f4f82cf90c8956f7fcce8a,2026-05-02T11:21:02+00:00,972.0,167,140,90,10.102,14.600000000000023,27
fit:5e7d75375ffbac6fd9baa8131646a6726e786d6ca7f4f82cf90c8956f7fcce8a,2026-05-02T11:21:03+00:00,973.0,195,140,89,10.015,14.600000000000023,27
fit:5e7d75375ffbac6fd9baa8131646a6726e786d6ca7f4f82cf90c8956f7fcce8a,2026-05-02T11:21:04+00:00,974.0,211,141,89,10.01,13.600000000000023,27
fit:5e7d75375ffbac6fd9baa8131646a6726e786d6ca7f4f82cf90c8956f7fcce8a,2026-05-02T11:21:05+00:00,975.0,248,141,90,9.99,13.799999999999955,27
fit:5e7d75375ffbac6fd9baa8131646a6726e786d6ca7f4f82cf90c8956f7fcce8a,2026-05-02T11:21:06+00:00,976.0,197,141,90,10.102,13.799999999999955,27
fit:5e7d75375ffbac6fd9baa8131646a6726e786d6ca7f4f82cf90c8956f7fcce8a,2026-05-02T11:21:07+00:00,977.0,195,141,90,10.053,13.799999999999955,27
fit:5e7d75375ffbac6fd9baa8131646a6726e786d6ca7f4f82cf90c8956f7fcce8a,2026-05-02T11:21:08+00:00,978.0,201,141,89,9.986,13.799999999999955,27
fit:5e7d75375ffbac6fd9baa8131646a6726e786d6ca7f4f82cf90c8956f7fcce8a,2026-05-02T11:21:09+00:00,979.0,184,141,89,9.944,13.799999999999955,27
fit:5e7d75375ffbac6fd9baa8131646a6726e786d6ca7f4f82cf90c8956f7fcce8a,2026-05-02T11:21:10+00:00,980.0,240,140,89,9.832,13.799999999999955,27
fit:5e7d75375ffbac6fd9baa8131646a6726e786d6ca7f4f82cf90c8956f7fcce8a,2026-05-02T11:21:11+00:00,981.0,167,140,89,9.844,13.799999999999955,27
fit:5e7d75375ffbac6fd9baa8131646a6726e786d6ca7f4f82cf90c8956f7fcce8a,2026-05-02T11:21:12+00:00,982.0,174,140,89,9.862,13.799999999999955,27
fit:5e7d75375ffbac6fd9baa8131646a6726e786d6ca7f4f82cf90c8956f7fcce8a,2026-05-02T11:21:13+00:00,983.0,171,140,89,10.006,13.399999999999977,27
fit:5e7d75375ffbac6fd9baa8131646a6726e786d6ca7f4f82cf90c8956f7fcce8a,2026-05-02T11:21:14+00:00,984.0,170,140,89,10.078,13.399999999999977,27
fit:5e7d75375ffbac6fd9baa8131646a6726e786d6ca7f4f82cf90c8956f7fcce8a,2026-05-02T11:21:15+00:00,985.0,180,140,89,9.995,13.399999999999977,27
fit:5e7d75375ffbac6fd9baa8131646a6726e786d6ca7f4f82cf90c8956f7fcce8a,2026-05-02T11:21:16+00:00,986.0,201,141,88,9.822,13.399999999999977,27
fit:5e7d75375ffbac6fd9baa8131646a6726e786d6ca7f4f82cf90c8956f7fcce8a,2026-05-02T11:21:17+00:00,987.0,201,141,88,9.713,13.0,27
fit:5e7d75375ffbac6fd9baa8131646a6726e786d6ca7f4f82cf90c8956f7fcce8a,2026-05-02T11:21:18+00:00,988.0,218,142,88,9.7,13.0,27
fit:5e7d75375ffbac6fd9baa8131646a6726e786d6ca7f4f82cf90c8956f7fcce8a,2026-05-02T11:21:19+00:00,989.0,173,142,90,9.776,13.0,27
fit:5e7d75375ffbac6fd9baa8131646a6726e786d6ca7f4f82cf90c8956f7fcce8a,2026-05-02T11:21:20+00:00,990.0,169,141,90,9.833,14.0,27
fit:5e7d75375ffbac6fd9baa8131646a6726e786d6ca7f4f82cf90c8956f7fcce8a,2026-05-02T11:21:21+00:00,991.0,155,141,91,10.003,13.799999999999955,27
fit:5e7d75375ffbac6fd9baa8131646a6726e786d6ca7f4f82cf90c8956f7fcce8a,2026-05-02T11:21:22+00:00,992.0,174,141,91,10.01,13.799999999999955,27
fit:5e7d75375ffbac6fd9baa8131646a6726e786d6ca7f4f82cf90c8956f7fcce8a,2026-05-02T11:21:23+00:00,993.0,166,141,91,10.146,13.799999999999955,27
fit:5e7d75375ffbac6fd9baa8131646a6726e786d6ca7f4f82cf90c8956f7fcce8a,2026-05-02T11:21:24+00:00,994.0,167,140,91,10.123,13.799999999999955,27
fit:5e7d75375ffbac6fd9baa8131646a6726e786d6ca7f4f82cf90c8956f7fcce8a,2026-05-02T11:21:25+00:00,995.0,165,140,91,10.139,13.600000000000023,27
fit:5e7d75375ffbac6fd9baa8131646a6726e786d6ca7f4f82cf90c8956f7fcce8a,2026-05-02T11:21:26+00:00,996.0,189,140,91,10.147,13.600000000000023,27
fit:5e7d75375ffbac6fd9baa8131646a6726e786d6ca7f4f82cf90c8956f7fcce8a,2026-05-02T11:21:27+00:00,997.0,195,139,91,10.159,13.600000000000023,27
fit:5e7d75375ffbac6fd9baa8131646a6726e786d6ca7f4f82cf90c8956f7fcce8a,2026-05-02T11:21:28+00:00,998.0,181,139,91,10.129,13.600000000000023,27
fit:5e7d75375ffbac6fd9baa8131646a6726e786d6ca7f4f82cf90c8956f7fcce8a,2026-05-02T11:21:29+00:00,999.0,189,138,91,10.027,14.600000000000023,27
fit:5e7d75375ffbac6fd9baa8131646a6726e786d6ca7f4f82cf90c8956f7fcce8a,2026-05-02T11:21:30+00:00,1000.0,201,137,91,10.01,14.600000000000023,27
fit:5e7d75375ffbac6fd9baa8131646a6726e786d6ca7f4f82cf90c8956f7fcce8a,2026-05-02T11:21:31+00:00,1001.0,219,136,92,9.986,14.600000000000023,27
fit:5e7d75375ffbac6fd9baa8131646a6726e786d6ca7f4f82cf90c8956f7fcce8a,2026-05-02T11:21:32+00:00,1002.0,201,136,92,10.052,13.600000000000023,27
fit:5e7d75375ffbac6fd9baa8131646a6726e786d6ca7f4f82cf90c8956f7fcce8a,2026-05-02T11:21:33+00:00,1003.0,202,135,92,10.048,13.799999999999955,27
fit:5e7d75375ffbac6fd9baa8131646a6726e786d6ca7f4f82cf90c8956f7fcce8a,2026-05-02T11:21:34+00:00,1004.0,200,135,91,10.038,13.799999999999955,27
fit:5e7d75375ffbac6fd9baa8131646a6726e786d6ca7f4f82cf90c8956f7fcce8a,2026-05-02T11:21:35+00:00,1005.0,198,135,91,10.074,13.799999999999955,27
fit:5e7d75375ffbac6fd9baa8131646a6726e786d6ca7f4f82cf90c8956f7fcce8a,2026-05-02T11:21:36+00:00,1006.0,199,135,91,10.123,13.799999999999955,27
fit:5e7d75375ffbac6fd9baa8131646a6726e786d6ca7f4f82cf90c8956f7fcce8a,2026-05-02T11:21:37+00:00,1007.0,193,137,92,10.187,13.399999999999977,27
fit:5e7d75375ffbac6fd9baa8131646a6726e786d6ca7f4f82cf90c8956f7fcce8a,2026-05-02T11:21:38+00:00,1008.0,243,139,91,10.195,13.399999999999977,27
fit:5e7d75375ffbac6fd9baa8131646a6726e786d6ca7f4f82cf90c8956f7fcce8a,2026-05-02T11:21:39+00:00,1009.0,213,139,91,10.165,13.399999999999977,27
fit:5e7d75375ffbac6fd9baa8131646a6726e786d6ca7f4f82cf90c8956f7fcce8a,2026-05-02T11:21:40+00:00,1010.0,213,139,91,10.173,13.399999999999977,27
fit:5e7d75375ffbac6fd9baa8131646a6726e786d6ca7f4f82cf90c8956f7fcce8a,2026-05-02T11:21:41+00:00,1011.0,197,140,91,10.082,12.399999999999977,27
fit:5e7d75375ffbac6fd9baa8131646a6726e786d6ca7f4f82cf90c8956f7fcce8a,2026-05-02T11:21:42+00:00,1012.0,192,140,90,10.047,12.399999999999977,27
fit:5e7d75375ffbac6fd9baa8131646a6726e786d6ca7f4f82cf90c8956f7fcce8a,2026-05-02T11:21:43+00:00,1013.0,188,140,89,9.974,12.399999999999977,27
fit:5e7d75375ffbac6fd9baa8131646a6726e786d6ca7f4f82cf90c8956f7fcce8a,2026-05-02T11:21:44+00:00,1014.0,207,140,89,9.964,13.399999999999977,27
fit:5e7d75375ffbac6fd9baa8131646a6726e786d6ca7f4f82cf90c8956f7fcce8a,2026-05-02T11:21:45+00:00,1015.0,208,140,89,9.929,14.399999999999977,27
fit:5e7d75375ffbac6fd9baa8131646a6726e786d6ca7f4f82cf90c8956f7fcce8a,2026-05-02T11:21:46+00:00,1016.0,158,140,88,9.894,14.399999999999977,27
fit:5e7d75375ffbac6fd9baa8131646a6726e786d6ca7f4f82cf90c8956f7fcce8a,2026-05-02T11:21:47+00:00,1017.0,232,140,88,9.864,14.399999999999977,27
fit:5e7d75375ffbac6fd9baa8131646a6726e786d6ca7f4f82cf90c8956f7fcce8a,2026-05-02T11:21:48+00:00,1018.0,191,139,88,9.888,13.799999999999955,27
fit:5e7d75375ffbac6fd9baa8131646a6726e786d6ca7f4f82cf90c8956f7fcce8a,2026-05-02T11:21:49+00:00,1019.0,156,139,87,9.847,13.600000000000023,27
fit:5e7d75375ffbac6fd9baa8131646a6726e786d6ca7f4f82cf90c8956f7fcce8a,2026-05-02T11:21:50+00:00,1020.0,156,139,86,9.753,13.600000000000023,27
fit:5e7d75375ffbac6fd9baa8131646a6726e786d6ca7f4f82cf90c8956f7fcce8a,2026-05-02T11:21:51+00:00,1021.0,245,139,86,9.654,13.600000000000023,27
fit:5e7d75375ffbac6fd9baa8131646a6726e786d6ca7f4f82cf90c8956f7fcce8a,2026-05-02T11:21:52+00:00,1022.0,232,140,86,9.623,14.600000000000023,27
fit:5e7d75375ffbac6fd9baa8131646a6726e786d6ca7f4f82cf90c8956f7fcce8a,2026-05-02T11:21:53+00:00,1023.0,266,140,87,9.551,15.0,27
fit:5e7d75375ffbac6fd9baa8131646a6726e786d6ca7f4f82cf90c8956f7fcce8a,2026-05-02T11:21:54+00:00,1024.0,266,140,87,9.529,15.0,27
fit:5e7d75375ffbac6fd9baa8131646a6726e786d6ca7f4f82cf90c8956f7fcce8a,2026-05-02T11:21:55+00:00,1025.0,320,140,87,9.536,15.0,27
fit:5e7d75375ffbac6fd9baa8131646a6726e786d6ca7f4f82cf90c8956f7fcce8a,2026-05-02T11:21:56+00:00,1026.0,335,140,87,9.51,14.0,27
fit:5e7d75375ffbac6fd9baa8131646a6726e786d6ca7f4f82cf90c8956f7fcce8a,2026-05-02T11:21:57+00:00,1027.0,320,141,87,9.524,12.799999999999955,27
fit:5e7d75375ffbac6fd9baa8131646a6726e786d6ca7f4f82cf90c8956f7fcce8a,2026-05-02T11:21:58+00:00,1028.0,320,141,88,9.616,12.799999999999955,27
fit:5e7d75375ffbac6fd9baa8131646a6726e786d6ca7f4f82cf90c8956f7fcce8a,2026-05-02T11:21:59+00:00,1029.0,226,141,89,9.813,12.799999999999955,27
fit:5e7d75375ffbac6fd9baa8131646a6726e786d6ca7f4f82cf90c8956f7fcce8a,2026-05-02T11:22:00+00:00,1030.0,210,142,88,9.854,11.800000000000011,27
fit:5e7d75375ffbac6fd9baa8131646a6726e786d6ca7f4f82cf90c8956f7fcce8a,2026-05-02T11:22:01+00:00,1031.0,220,143,88,9.766,12.600000000000023,27
fit:5e7d75375ffbac6fd9baa8131646a6726e786d6ca7f4f82cf90c8956f7fcce8a,2026-05-02T11:22:02+00:00,1032.0,198,143,88,9.679,12.600000000000023,27
fit:5e7d75375ffbac6fd9baa8131646a6726e786d6ca7f4f82cf90c8956f7fcce8a,2026-05-02T11:22:03+00:00,1033.0,198,143,88,9.655,12.600000000000023,27
fit:5e7d75375ffbac6fd9baa8131646a6726e786d6ca7f4f82cf90c8956f7fcce8a,2026-05-02T11:22:04+00:00,1034.0,199,143,88,9.699,13.0,27
fit:5e7d75375ffbac6fd9baa8131646a6726e786d6ca7f4f82cf90c8956f7fcce8a,2026-05-02T11:22:05+00:00,1035.0,189,143,88,9.754,12.799999999999955,27
fit:5e7d75375ffbac6fd9baa8131646a6726e786d6ca7f4f82cf90c8956f7fcce8a,2026-05-02T11:22:06+00:00,1036.0,195,143,88,9.818,12.799999999999955,27
fit:5e7d75375ffbac6fd9baa8131646a6726e786d6ca7f4f82cf90c8956f7fcce8a,2026-05-02T11:22:07+00:00,1037.0,237,142,88,9.691,12.799999999999955,27
fit:5e7d75375ffbac6fd9baa8131646a6726e786d6ca7f4f82cf90c8956f7fcce8a,2026-05-02T11:22:08+00:00,1038.0,221,142,89,9.757,13.200000000000045,27
fit:5e7d75375ffbac6fd9baa8131646a6726e786d6ca7f4f82cf90c8956f7fcce8a,2026-05-02T11:22:09+00:00,1039.0,222,141,89,9.757,13.399999999999977,27
fit:5e7d75375ffbac6fd9baa8131646a6726e786d6ca7f4f82cf90c8956f7fcce8a,2026-05-02T11:22:10+00:00,1040.0,210,140,89,9.855,13.399999999999977,27
fit:5e7d75375ffbac6fd9baa8131646a6726e786d6ca7f4f82cf90c8956f7fcce8a,2026-05-02T11:22:11+00:00,1041.0,201,140,89,9.913,13.399999999999977,27
fit:5e7d75375ffbac6fd9baa8131646a6726e786d6ca7f4f82cf90c8956f7fcce8a,2026-05-02T11:22:12+00:00,1042.0,202,140,89,9.898,13.399999999999977,27
fit:5e7d75375ffbac6fd9baa8131646a6726e786d6ca7f4f82cf90c8956f7fcce8a,2026-05-02T11:22:13+00:00,1043.0,265,140,89,9.92,12.0,27
fit:5e7d75375ffbac6fd9baa8131646a6726e786d6ca7f4f82cf90c8956f7fcce8a,2026-05-02T11:22:14+00:00,1044.0,327,140,89,9.987,12.0,27
fit:5e7d75375ffbac6fd9baa8131646a6726e786d6ca7f4f82cf90c8956f7fcce8a,2026-05-02T11:22:15+00:00,1045.0,246,141,89,9.939,12.0,27
fit:5e7d75375ffbac6fd9baa8131646a6726e786d6ca7f4f82cf90c8956f7fcce8a,2026-05-02T11:22:16+00:00,1046.0,243,141,89,9.906,13.0,27
fit:5e7d75375ffbac6fd9baa8131646a6726e786d6ca7f4f82cf90c8956f7fcce8a,2026-05-02T11:22:17+00:00,1047.0,261,141,87,9.85,13.0,27
fit:5e7d75375ffbac6fd9baa8131646a6726e786d6ca7f4f82cf90c8956f7fcce8a,2026-05-02T11:22:18+00:00,1048.0,247,141,87,9.806,13.0,27
fit:5e7d75375ffbac6fd9baa8131646a6726e786d6ca7f4f82cf90c8956f7fcce8a,2026-05-02T11:22:19+00:00,1049.0,256,142,87,9.781,13.0,27
fit:5e7d75375ffbac6fd9baa8131646a6726e786d6ca7f4f82cf90c8956f7fcce8a,2026-05-02T11:22:20+00:00,1050.0,258,142,87,9.746,13.799999999999955,27
fit:5e7d75375ffbac6fd9baa8131646a6726e786d6ca7f4f82cf90c8956f7fcce8a,2026-05-02T11:22:21+00:00,1051.0,233,142,88,9.72,15.0,27
fit:5e7d75375ffbac6fd9baa8131646a6726e786d6ca7f4f82cf90c8956f7fcce8a,2026-05-02T11:22:22+00:00,1052.0,255,142,88,9.756,15.0,27
fit:5e7d75375ffbac6fd9baa8131646a6726e786d6ca7f4f82cf90c8956f7fcce8a,2026-05-02T11:22:23+00:00,1053.0,217,142,88,9.654,15.0,27
fit:5e7d75375ffbac6fd9baa8131646a6726e786d6ca7f4f82cf90c8956f7fcce8a,2026-05-02T11:22:24+00:00,1054.0,278,143,90,9.71,14.0,27
fit:5e7d75375ffbac6fd9baa8131646a6726e786d6ca7f4f82cf90c8956f7fcce8a,2026-05-02T11:22:25+00:00,1055.0,229,143,90,9.898,12.799999999999955,27
fit:5e7d75375ffbac6fd9baa8131646a6726e786d6ca7f4f82cf90c8956f7fcce8a,2026-05-02T11:22:26+00:00,1056.0,232,143,91,9.927,12.799999999999955,27
fit:5e7d75375ffbac6fd9baa8131646a6726e786d6ca7f4f82cf90c8956f7fcce8a,2026-05-02T11:22:27+00:00,1057.0,228,143,90,9.907,12.799999999999955,27
fit:5e7d75375ffbac6fd9baa8131646a6726e786d6ca7f4f82cf90c8956f7fcce8a,2026-05-02T11:22:28+00:00,1058.0,306,143,90,9.923,12.799999999999955,27
fit:5e7d75375ffbac6fd9baa8131646a6726e786d6ca7f4f82cf90c8956f7fcce8a,2026-05-02T11:22:29+00:00,1059.0,243,144,91,9.943,12.799999999999955,27
fit:5e7d75375ffbac6fd9baa8131646a6726e786d6ca7f4f82cf90c8956f7fcce8a,2026-05-02T11:22:30+00:00,1060.0,187,144,91,9.965,13.0,27
fit:5e7d75375ffbac6fd9baa8131646a6726e786d6ca7f4f82cf90c8956f7fcce8a,2026-05-02T11:22:31+00:00,1061.0,221,144,91,10.026,13.0,27
fit:5e7d75375ffbac6fd9baa8131646a6726e786d6ca7f4f82cf90c8956f7fcce8a,2026-05-02T11:22:32+00:00,1062.0,261,145,91,10.108,13.0,27
fit:5e7d75375ffbac6fd9baa8131646a6726e786d6ca7f4f82cf90c8956f7fcce8a,2026-05-02T11:22:33+00:00,1063.0,261,145,92,10.131,13.0,27
fit:5e7d75375ffbac6fd9baa8131646a6726e786d6ca7f4f82cf90c8956f7fcce8a,2026-05-02T11:22:34+00:00,1064.0,230,146,92,10.127,13.799999999999955,27
fit:5e7d75375ffbac6fd9baa8131646a6726e786d6ca7f4f82cf90c8956f7fcce8a,2026-05-02T11:22:35+00:00,1065.0,237,146,91,10.222,13.799999999999955,27
fit:5e7d75375ffbac6fd9baa8131646a6726e786d6ca7f4f82cf90c8956f7fcce8a,2026-05-02T11:22:36+00:00,1066.0,212,147,91,10.203,13.799999999999955,27
fit:5e7d75375ffbac6fd9baa8131646a6726e786d6ca7f4f82cf90c8956f7fcce8a,2026-05-02T11:22:37+00:00,1067.0,217,147,91,10.254,12.799999999999955,27
fit:5e7d75375ffbac6fd9baa8131646a6726e786d6ca7f4f82cf90c8956f7fcce8a,2026-05-02T11:22:38+00:00,1068.0,197,147,91,10.235,14.0,27
fit:5e7d75375ffbac6fd9baa8131646a6726e786d6ca7f4f82cf90c8956f7fcce8a,2026-05-02T11:22:39+00:00,1069.0,197,148,91,10.147,14.0,27
fit:5e7d75375ffbac6fd9baa8131646a6726e786d6ca7f4f82cf90c8956f7fcce8a,2026-05-02T11:22:40+00:00,1070.0,216,148,91,10.141,14.0,27
fit:5e7d75375ffbac6fd9baa8131646a6726e786d6ca7f4f82cf90c8956f7fcce8a,2026-05-02T11:22:41+00:00,1071.0,220,149,91,10.139,13.600000000000023,27
fit:5e7d75375ffbac6fd9baa8131646a6726e786d6ca7f4f82cf90c8956f7fcce8a,2026-05-02T11:22:42+00:00,1072.0,199,149,92,10.06,13.799999999999955,27
fit:5e7d75375ffbac6fd9baa8131646a6726e786d6ca7f4f82cf90c8956f7fcce8a,2026-05-02T11:22:43+00:00,1073.0,233,149,91,10.087,13.799999999999955,27
fit:5e7d75375ffbac6fd9baa8131646a6726e786d6ca7f4f82cf90c8956f7fcce8a,2026-05-02T11:22:44+00:00,1074.0,244,148,91,9.873,13.799999999999955,27
fit:5e7d75375ffbac6fd9baa8131646a6726e786d6ca7f4f82cf90c8956f7fcce8a,2026-05-02T11:22:45+00:00,1075.0,240,147,91,10.011,13.799999999999955,27
fit:5e7d75375ffbac6fd9baa8131646a6726e786d6ca7f4f82cf90c8956f7fcce8a,2026-05-02T11:22:46+00:00,1076.0,441,147,90,9.974,13.0,27
fit:5e7d75375ffbac6fd9baa8131646a6726e786d6ca7f4f82cf90c8956f7fcce8a,2026-05-02T11:22:47+00:00,1077.0,371,147,90,9.908,13.0,27
fit:5e7d75375ffbac6fd9baa8131646a6726e786d6ca7f4f82cf90c8956f7fcce8a,2026-05-02T11:22:48+00:00,1078.0,318,146,91,9.83,13.0,27
fit:5e7d75375ffbac6fd9baa8131646a6726e786d6ca7f4f82cf90c8956f7fcce8a,2026-05-02T11:22:49+00:00,1079.0,273,146,91,9.722,13.0,27
fit:5e7d75375ffbac6fd9baa8131646a6726e786d6ca7f4f82cf90c8956f7fcce8a,2026-05-02T11:22:50+00:00,1080.0,273,146,91,9.814,13.0,27
fit:5e7d75375ffbac6fd9baa8131646a6726e786d6ca7f4f82cf90c8956f7fcce8a,2026-05-02T11:22:51+00:00,1081.0,223,146,91,9.879,13.0,27
fit:5e7d75375ffbac6fd9baa8131646a6726e786d6ca7f4f82cf90c8956f7fcce8a,2026-05-02T11:22:52+00:00,1082.0,221,146,90,9.883,13.0,27
fit:5e7d75375ffbac6fd9baa8131646a6726e786d6ca7f4f82cf90c8956f7fcce8a,2026-05-02T11:22:53+00:00,1083.0,227,147,89,9.805,12.200000000000045,27
fit:5e7d75375ffbac6fd9baa8131646a6726e786d6ca7f4f82cf90c8956f7fcce8a,2026-05-02T11:22:54+00:00,1084.0,227,147,89,9.719,12.200000000000045,27
fit:5e7d75375ffbac6fd9baa8131646a6726e786d6ca7f4f82cf90c8956f7fcce8a,2026-05-02T11:22:55+00:00,1085.0,268,147,89,9.707,12.200000000000045,27
fit:5e7d75375ffbac6fd9baa8131646a6726e786d6ca7f4f82cf90c8956f7fcce8a,2026-05-02T11:22:56+00:00,1086.0,237,148,89,9.668,12.200000000000045,27
fit:5e7d75375ffbac6fd9baa8131646a6726e786d6ca7f4f82cf90c8956f7fcce8a,2026-05-02T11:22:57+00:00,1087.0,251,148,89,9.636,13.200000000000045,27
fit:5e7d75375ffbac6fd9baa8131646a6726e786d6ca7f4f82cf90c8956f7fcce8a,2026-05-02T11:22:58+00:00,1088.0,254,148,89,9.578,11.800000000000011,27
fit:5e7d75375ffbac6fd9baa8131646a6726e786d6ca7f4f82cf90c8956f7fcce8a,2026-05-02T11:22:59+00:00,1089.0,257,148,88,9.61,11.800000000000011,27
fit:5e7d75375ffbac6fd9baa8131646a6726e786d6ca7f4f82cf90c8956f7fcce8a,2026-05-02T11:23:00+00:00,1090.0,258,148,87,9.526,11.800000000000011,27
fit:5e7d75375ffbac6fd9baa8131646a6726e786d6ca7f4f82cf90c8956f7fcce8a,2026-05-02T11:23:01+00:00,1091.0,255,149,87,9.55,11.800000000000011,27
fit:5e7d75375ffbac6fd9baa8131646a6726e786d6ca7f4f82cf90c8956f7fcce8a,2026-05-02T11:23:02+00:00,1092.0,250,149,87,9.683,13.799999999999955,27
fit:5e7d75375ffbac6fd9baa8131646a6726e786d6ca7f4f82cf90c8956f7fcce8a,2026-05-02T11:23:03+00:00,1093.0,250,149,87,9.675,13.799999999999955,27
fit:5e7d75375ffbac6fd9baa8131646a6726e786d6ca7f4f82cf90c8956f7fcce8a,2026-05-02T11:23:04+00:00,1094.0,312,151,87,9.594,13.799999999999955,27
fit:5e7d75375ffbac6fd9baa8131646a6726e786d6ca7f4f82cf90c8956f7fcce8a,2026-05-02T11:23:05+00:00,1095.0,312,151,87,9.597,12.799999999999955,28
fit:5e7d75375ffbac6fd9baa8131646a6726e786d6ca7f4f82cf90c8956f7fcce8a,2026-05-02T11:23:06+00:00,1096.0,328,151,88,9.676,12.600000000000023,27
fit:5e7d75375ffbac6fd9baa8131646a6726e786d6ca7f4f82cf90c8956f7fcce8a,2026-05-02T11:23:07+00:00,1097.0,296,151,88,9.652,12.600000000000023,28
fit:5e7d75375ffbac6fd9baa8131646a6726e786d6ca7f4f82cf90c8956f7fcce8a,2026-05-02T11:23:08+00:00,1098.0,303,151,89,9.821,12.600000000000023,28
fit:5e7d75375ffbac6fd9baa8131646a6726e786d6ca7f4f82cf90c8956f7fcce8a,2026-05-02T11:23:09+00:00,1099.0,275,151,89,9.838,12.600000000000023,28
fit:5e7d75375ffbac6fd9baa8131646a6726e786d6ca7f4f82cf90c8956f7fcce8a,2026-05-02T11:23:10+00:00,1100.0,270,152,89,9.947,11.399999999999977,28
fit:5e7d75375ffbac6fd9baa8131646a6726e786d6ca7f4f82cf90c8956f7fcce8a,2026-05-02T11:23:11+00:00,1101.0,270,152,89,9.876,11.399999999999977,28
fit:5e7d75375ffbac6fd9baa8131646a6726e786d6ca7f4f82cf90c8956f7fcce8a,2026-05-02T11:23:12+00:00,1102.0,304,152,90,9.808,11.399999999999977,28
fit:5e7d75375ffbac6fd9baa8131646a6726e786d6ca7f4f82cf90c8956f7fcce8a,2026-05-02T11:23:13+00:00,1103.0,285,152,90,9.802,12.399999999999977,28
fit:5e7d75375ffbac6fd9baa8131646a6726e786d6ca7f4f82cf90c8956f7fcce8a,2026-05-02T11:23:14+00:00,1104.0,303,152,88,9.794,12.600000000000023,28
fit:5e7d75375ffbac6fd9baa8131646a6726e786d6ca7f4f82cf90c8956f7fcce8a,2026-05-02T11:23:15+00:00,1105.0,299,152,89,9.808,12.600000000000023,28
fit:5e7d75375ffbac6fd9baa8131646a6726e786d6ca7f4f82cf90c8956f7fcce8a,2026-05-02T11:23:16+00:00,1106.0,295,152,90,9.84,12.600000000000023,28
fit:5e7d75375ffbac6fd9baa8131646a6726e786d6ca7f4f82cf90c8956f7fcce8a,2026-05-02T11:23:17+00:00,1107.0,309,152,90,9.821,12.600000000000023,28
fit:5e7d75375ffbac6fd9baa8131646a6726e786d6ca7f4f82cf90c8956f7fcce8a,2026-05-02T11:23:18+00:00,1108.0,287,152,91,9.949,13.399999999999977,28
fit:5e7d75375ffbac6fd9baa8131646a6726e786d6ca7f4f82cf90c8956f7fcce8a,2026-05-02T11:23:19+00:00,1109.0,285,152,90,9.962,13.399999999999977,28
fit:5e7d75375ffbac6fd9baa8131646a6726e786d6ca7f4f82cf90c8956f7fcce8a,2026-05-02T11:23:20+00:00,1110.0,284,153,91,9.981,13.399999999999977,28
fit:5e7d75375ffbac6fd9baa8131646a6726e786d6ca7f4f82cf90c8956f7fcce8a,2026-05-02T11:23:21+00:00,1111.0,285,153,91,9.926,13.0,28
fit:5e7d75375ffbac6fd9baa8131646a6726e786d6ca7f4f82cf90c8956f7fcce8a,2026-05-02T11:23:22+00:00,1112.0,272,153,91,9.93,12.399999999999977,28
fit:5e7d75375ffbac6fd9baa8131646a6726e786d6ca7f4f82cf90c8956f7fcce8a,2026-05-02T11:23:23+00:00,1113.0,291,153,91,9.978,12.399999999999977,28
fit:5e7d75375ffbac6fd9baa8131646a6726e786d6ca7f4f82cf90c8956f7fcce8a,2026-05-02T11:23:24+00:00,1114.0,290,153,92,9.909,12.399999999999977,28
fit:5e7d75375ffbac6fd9baa8131646a6726e786d6ca7f4f82cf90c8956f7fcce8a,2026-05-02T11:23:25+00:00,1115.0,291,154,92,10.106,12.399999999999977,28
fit:5e7d75375ffbac6fd9baa8131646a6726e786d6ca7f4f82cf90c8956f7fcce8a,2026-05-02T11:23:26+00:00,1116.0,278,154,92,9.981,13.799999999999955,28
fit:5e7d75375ffbac6fd9baa8131646a6726e786d6ca7f4f82cf90c8956f7fcce8a,2026-05-02T11:23:27+00:00,1117.0,292,154,92,9.796,13.799999999999955,28
fit:5e7d75375ffbac6fd9baa8131646a6726e786d6ca7f4f82cf90c8956f7fcce8a,2026-05-02T11:23:28+00:00,1118.0,283,155,92,9.848,13.799999999999955,28
fit:5e7d75375ffbac6fd9baa8131646a6726e786d6ca7f4f82cf90c8956f7fcce8a,2026-05-02T11:23:29+00:00,1119.0,267,155,92,9.928,13.799999999999955,28
fit:5e7d75375ffbac6fd9baa8131646a6726e786d6ca7f4f82cf90c8956f7fcce8a,2026-05-02T11:23:30+00:00,1120.0,292,155,91,10.06,12.200000000000045,28
fit:5e7d75375ffbac6fd9baa8131646a6726e786d6ca7f4f82cf90c8956f7fcce8a,2026-05-02T11:23:31+00:00,1121.0,306,156,92,10.107,12.200000000000045,28
fit:5e7d75375ffbac6fd9baa8131646a6726e786d6ca7f4f82cf90c8956f7fcce8a,2026-05-02T11:23:32+00:00,1122.0,255,156,91,10.135,12.200000000000045,28
fit:5e7d75375ffbac6fd9baa8131646a6726e786d6ca7f4f82cf90c8956f7fcce8a,2026-05-02T11:23:33+00:00,1123.0,278,156,91,10.074,12.200000000000045,28
fit:5e7d75375ffbac6fd9baa8131646a6726e786d6ca7f4f82cf90c8956f7fcce8a,2026-05-02T11:23:34+00:00,1124.0,303,156,91,10.174,13.799999999999955,28
fit:5e7d75375ffbac6fd9baa8131646a6726e786d6ca7f4f82cf90c8956f7fcce8a,2026-05-02T11:23:35+00:00,1125.0,255,157,92,10.21,13.799999999999955,28
fit:5e7d75375ffbac6fd9baa8131646a6726e786d6ca7f4f82cf90c8956f7fcce8a,2026-05-02T11:23:36+00:00,1126.0,267,157,92,10.193,13.799999999999955,28
fit:5e7d75375ffbac6fd9baa8131646a6726e786d6ca7f4f82cf90c8956f7fcce8a,2026-05-02T11:23:37+00:00,1127.0,264,158,92,10.264,12.799999999999955,28
fit:5e7d75375ffbac6fd9baa8131646a6726e786d6ca7f4f82cf90c8956f7fcce8a,2026-05-02T11:23:38+00:00,1128.0,256,159,93,10.245,12.799999999999955,28
fit:5e7d75375ffbac6fd9baa8131646a6726e786d6ca7f4f82cf90c8956f7fcce8a,2026-05-02T11:23:39+00:00,1129.0,144,159,93,10.243,12.799999999999955,28
fit:5e7d75375ffbac6fd9baa8131646a6726e786d6ca7f4f82cf90c8956f7fcce8a,2026-05-02T11:23:40+00:00,1130.0,127,160,93,10.275,12.799999999999955,28
fit:5e7d75375ffbac6fd9baa8131646a6726e786d6ca7f4f82cf90c8956f7fcce8a,2026-05-02T11:23:41+00:00,1131.0,112,160,91,10.229,12.0,28
fit:5e7d75375ffbac6fd9baa8131646a6726e786d6ca7f4f82cf90c8956f7fcce8a,2026-05-02T11:23:42+00:00,1132.0,108,160,91,10.227,12.399999999999977,28
fit:5e7d75375ffbac6fd9baa8131646a6726e786d6ca7f4f82cf90c8956f7fcce8a,2026-05-02T11:23:43+00:00,1133.0,172,161,90,10.081,12.399999999999977,28
fit:5e7d75375ffbac6fd9baa8131646a6726e786d6ca7f4f82cf90c8956f7fcce8a,2026-05-02T11:23:44+00:00,1134.0,94,161,90,10.063,12.399999999999977,28
fit:5e7d75375ffbac6fd9baa8131646a6726e786d6ca7f4f82cf90c8956f7fcce8a,2026-05-02T11:23:45+00:00,1135.0,191,160,89,10.032,12.600000000000023,28
fit:5e7d75375ffbac6fd9baa8131646a6726e786d6ca7f4f82cf90c8956f7fcce8a,2026-05-02T11:23:46+00:00,1136.0,191,160,88,10.035,12.799999999999955,28
fit:5e7d75375ffbac6fd9baa8131646a6726e786d6ca7f4f82cf90c8956f7fcce8a,2026-05-02T11:23:47+00:00,1137.0,219,159,88,9.873,12.799999999999955,28
fit:5e7d75375ffbac6fd9baa8131646a6726e786d6ca7f4f82cf90c8956f7fcce8a,2026-05-02T11:23:48+00:00,1138.0,245,158,89,9.664,12.799999999999955,28
fit:5e7d75375ffbac6fd9baa8131646a6726e786d6ca7f4f82cf90c8956f7fcce8a,2026-05-02T11:23:49+00:00,1139.0,303,158,89,9.66,12.799999999999955,28
fit:5e7d75375ffbac6fd9baa8131646a6726e786d6ca7f4f82cf90c8956f7fcce8a,2026-05-02T11:23:50+00:00,1140.0,272,157,90,9.791,12.0,28
fit:5e7d75375ffbac6fd9baa8131646a6726e786d6ca7f4f82cf90c8956f7fcce8a,2026-05-02T11:23:51+00:00,1141.0,237,157,91,9.777,12.0,28
fit:5e7d75375ffbac6fd9baa8131646a6726e786d6ca7f4f82cf90c8956f7fcce8a,2026-05-02T11:23:52+00:00,1142.0,288,157,91,9.945,12.0,28
fit:5e7d75375ffbac6fd9baa8131646a6726e786d6ca7f4f82cf90c8956f7fcce8a,2026-05-02T11:23:53+00:00,1143.0,224,157,91,10.013,12.0,28
fit:5e7d75375ffbac6fd9baa8131646a6726e786d6ca7f4f82cf90c8956f7fcce8a,2026-05-02T11:23:54+00:00,1144.0,225,157,90,10.01,11.600000000000023,28
fit:5e7d75375ffbac6fd9baa8131646a6726e786d6ca7f4f82cf90c8956f7fcce8a,2026-05-02T11:23:55+00:00,1145.0,172,157,89,10.082,11.600000000000023,28
fit:5e7d75375ffbac6fd9baa8131646a6726e786d6ca7f4f82cf90c8956f7fcce8a,2026-05-02T11:23:56+00:00,1146.0,172,157,89,9.976,11.600000000000023,28
fit:5e7d75375ffbac6fd9baa8131646a6726e786d6ca7f4f82cf90c8956f7fcce8a,2026-05-02T11:23:57+00:00,1147.0,205,156,89,9.807,12.600000000000023,28
fit:5e7d75375ffbac6fd9baa8131646a6726e786d6ca7f4f82cf90c8956f7fcce8a,2026-05-02T11:23:58+00:00,1148.0,224,156,87,9.779,12.200000000000045,28
fit:5e7d75375ffbac6fd9baa8131646a6726e786d6ca7f4f82cf90c8956f7fcce8a,2026-05-02T11:23:59+00:00,1149.0,209,156,86,9.654,12.200000000000045,28
fit:5e7d75375ffbac6fd9baa8131646a6726e786d6ca7f4f82cf90c8956f7fcce8a,2026-05-02T11:24:00+00:00,1150.0,209,155,86,9.657,12.200000000000045,28
fit:5e7d75375ffbac6fd9baa8131646a6726e786d6ca7f4f82cf90c8956f7fcce8a,2026-05-02T11:24:01+00:00,1151.0,214,155,86,9.612,13.200000000000045,28
fit:5e7d75375ffbac6fd9baa8131646a6726e786d6ca7f4f82cf90c8956f7fcce8a,2026-05-02T11:24:02+00:00,1152.0,205,154,86,9.553,13.0,28
fit:5e7d75375ffbac6fd9baa8131646a6726e786d6ca7f4f82cf90c8956f7fcce8a,2026-05-02T11:24:03+00:00,1153.0,212,153,86,9.494,13.0,28
fit:5e7d75375ffbac6fd9baa8131646a6726e786d6ca7f4f82cf90c8956f7fcce8a,2026-05-02T11:24:04+00:00,1154.0,210,153,86,9.437,13.0,28
fit:5e7d75375ffbac6fd9baa8131646a6726e786d6ca7f4f82cf90c8956f7fcce8a,2026-05-02T11:24:05+00:00,1155.0,218,152,85,9.463,13.0,28
fit:5e7d75375ffbac6fd9baa8131646a6726e786d6ca7f4f82cf90c8956f7fcce8a,2026-05-02T11:24:06+00:00,1156.0,214,152,84,9.455,12.399999999999977,28
fit:5e7d75375ffbac6fd9baa8131646a6726e786d6ca7f4f82cf90c8956f7fcce8a,2026-05-02T11:24:07+00:00,1157.0,212,151,84,9.489,12.399999999999977,28
fit:5e7d75375ffbac6fd9baa8131646a6726e786d6ca7f4f82cf90c8956f7fcce8a,2026-05-02T11:24:08+00:00,1158.0,223,151,84,9.42,12.399999999999977,28
fit:5e7d75375ffbac6fd9baa8131646a6726e786d6ca7f4f82cf90c8956f7fcce8a,2026-05-02T11:24:09+00:00,1159.0,224,150,83,9.29,12.799999999999955,28
fit:5e7d75375ffbac6fd9baa8131646a6726e786d6ca7f4f82cf90c8956f7fcce8a,2026-05-02T11:24:10+00:00,1160.0,223,150,83,9.201,12.600000000000023,28
fit:5e7d75375ffbac6fd9baa8131646a6726e786d6ca7f4f82cf90c8956f7fcce8a,2026-05-02T11:24:11+00:00,1161.0,223,150,82,9.2,12.600000000000023,28
fit:5e7d75375ffbac6fd9baa8131646a6726e786d6ca7f4f82cf90c8956f7fcce8a,2026-05-02T11:24:12+00:00,1162.0,218,150,82,9.239,12.600000000000023,28
fit:5e7d75375ffbac6fd9baa8131646a6726e786d6ca7f4f82cf90c8956f7fcce8a,2026-05-02T11:24:13+00:00,1163.0,217,150,82,9.224,13.399999999999977,28
fit:5e7d75375ffbac6fd9baa8131646a6726e786d6ca7f4f82cf90c8956f7fcce8a,2026-05-02T11:24:14+00:00,1164.0,199,150,82,9.058,13.600000000000023,28
fit:5e7d75375ffbac6fd9baa8131646a6726e786d6ca7f4f82cf90c8956f7fcce8a,2026-05-02T11:24:15+00:00,1165.0,227,149,82,9.034,13.600000000000023,28
fit:5e7d75375ffbac6fd9baa8131646a6726e786d6ca7f4f82cf90c8956f7fcce8a,2026-05-02T11:24:16+00:00,1166.0,227,149,83,9.148,13.600000000000023,28
fit:5e7d75375ffbac6fd9baa8131646a6726e786d6ca7f4f82cf90c8956f7fcce8a,2026-05-02T11:24:17+00:00,1167.0,233,149,83,9.144,13.799999999999955,28
fit:5e7d75375ffbac6fd9baa8131646a6726e786d6ca7f4f82cf90c8956f7fcce8a,2026-05-02T11:24:18+00:00,1168.0,190,149,83,9.081,13.799999999999955,28
fit:5e7d75375ffbac6fd9baa8131646a6726e786d6ca7f4f82cf90c8956f7fcce8a,2026-05-02T11:24:19+00:00,1169.0,190,148,83,9.162,13.799999999999955,28
fit:5e7d75375ffbac6fd9baa8131646a6726e786d6ca7f4f82cf90c8956f7fcce8a,2026-05-02T11:24:20+00:00,1170.0,221,149,83,9.193,13.799999999999955,28
fit:5e7d75375ffbac6fd9baa8131646a6726e786d6ca7f4f82cf90c8956f7fcce8a,2026-05-02T11:24:21+00:00,1171.0,217,149,83,9.265,13.799999999999955,28
fit:5e7d75375ffbac6fd9baa8131646a6726e786d6ca7f4f82cf90c8956f7fcce8a,2026-05-02T11:24:22+00:00,1172.0,218,149,83,9.252,13.799999999999955,28
fit:5e7d75375ffbac6fd9baa8131646a6726e786d6ca7f4f82cf90c8956f7fcce8a,2026-05-02T11:24:23+00:00,1173.0,155,149,83,9.192,13.799999999999955,28
fit:5e7d75375ffbac6fd9baa8131646a6726e786d6ca7f4f82cf90c8956f7fcce8a,2026-05-02T11:24:24+00:00,1174.0,155,148,84,9.177,13.799999999999955,28
fit:5e7d75375ffbac6fd9baa8131646a6726e786d6ca7f4f82cf90c8956f7fcce8a,2026-05-02T11:24:25+00:00,1175.0,229,148,83,9.206,13.799999999999955,28
fit:5e7d75375ffbac6fd9baa8131646a6726e786d6ca7f4f82cf90c8956f7fcce8a,2026-05-02T11:24:26+00:00,1176.0,249,147,83,9.219,15.200000000000045,28
fit:5e7d75375ffbac6fd9baa8131646a6726e786d6ca7f4f82cf90c8956f7fcce8a,2026-05-02T11:24:27+00:00,1177.0,238,147,82,9.145,15.200000000000045,28
fit:5e7d75375ffbac6fd9baa8131646a6726e786d6ca7f4f82cf90c8956f7fcce8a,2026-05-02T11:24:28+00:00,1178.0,233,147,82,9.048,15.200000000000045,28
fit:5e7d75375ffbac6fd9baa8131646a6726e786d6ca7f4f82cf90c8956f7fcce8a,2026-05-02T11:24:29+00:00,1179.0,206,147,82,9.032,14.200000000000045,28
fit:5e7d75375ffbac6fd9baa8131646a6726e786d6ca7f4f82cf90c8956f7fcce8a,2026-05-02T11:24:30+00:00,1180.0,177,147,82,9.11,14.200000000000045,28
fit:5e7d75375ffbac6fd9baa8131646a6726e786d6ca7f4f82cf90c8956f7fcce8a,2026-05-02T11:24:31+00:00,1181.0,229,147,81,9.002,14.200000000000045,28
fit:5e7d75375ffbac6fd9baa8131646a6726e786d6ca7f4f82cf90c8956f7fcce8a,2026-05-02T11:24:32+00:00,1182.0,238,146,81,8.919,14.200000000000045,28
fit:5e7d75375ffbac6fd9baa8131646a6726e786d6ca7f4f82cf90c8956f7fcce8a,2026-05-02T11:24:33+00:00,1183.0,246,146,80,8.882,13.399999999999977,28
fit:5e7d75375ffbac6fd9baa8131646a6726e786d6ca7f4f82cf90c8956f7fcce8a,2026-05-02T11:24:34+00:00,1184.0,240,146,80,8.868,14.799999999999955,28
fit:5e7d75375ffbac6fd9baa8131646a6726e786d6ca7f4f82cf90c8956f7fcce8a,2026-05-02T11:24:35+00:00,1185.0,223,145,81,8.907,14.799999999999955,28
fit:5e7d75375ffbac6fd9baa8131646a6726e786d6ca7f4f82cf90c8956f7fcce8a,2026-05-02T11:24:36+00:00,1186.0,255,145,81,9.006,14.799999999999955,28
fit:5e7d75375ffbac6fd9baa8131646a6726e786d6ca7f4f82cf90c8956f7fcce8a,2026-05-02T11:24:37+00:00,1187.0,239,145,81,8.946,14.799999999999955,28
fit:5e7d75375ffbac6fd9baa8131646a6726e786d6ca7f4f82cf90c8956f7fcce8a,2026-05-02T11:24:38+00:00,1188.0,223,145,81,8.917,14.399999999999977,28
fit:5e7d75375ffbac6fd9baa8131646a6726e786d6ca7f4f82cf90c8956f7fcce8a,2026-05-02T11:24:39+00:00,1189.0,230,145,81,8.915,14.399999999999977,28
fit:5e7d75375ffbac6fd9baa8131646a6726e786d6ca7f4f82cf90c8956f7fcce8a,2026-05-02T11:24:40+00:00,1190.0,220,145,82,9.013,14.399999999999977,28
fit:5e7d75375ffbac6fd9baa8131646a6726e786d6ca7f4f82cf90c8956f7fcce8a,2026-05-02T11:24:41+00:00,1191.0,220,146,82,9.061,14.399999999999977,28
fit:5e7d75375ffbac6fd9baa8131646a6726e786d6ca7f4f82cf90c8956f7fcce8a,2026-05-02T11:24:42+00:00,1192.0,193,146,82,9.093,15.0,28
fit:5e7d75375ffbac6fd9baa8131646a6726e786d6ca7f4f82cf90c8956f7fcce8a,2026-05-02T11:24:43+00:00,1193.0,193,146,82,9.125,15.0,28
fit:5e7d75375ffbac6fd9baa8131646a6726e786d6ca7f4f82cf90c8956f7fcce8a,2026-05-02T11:24:44+00:00,1194.0,215,146,82,9.206,15.0,28
fit:5e7d75375ffbac6fd9baa8131646a6726e786d6ca7f4f82cf90c8956f7fcce8a,2026-05-02T11:24:45+00:00,1195.0,215,146,83,9.225,15.0,28
fit:5e7d75375ffbac6fd9baa8131646a6726e786d6ca7f4f82cf90c8956f7fcce8a,2026-05-02T11:24:46+00:00,1196.0,203,145,83,9.175,14.600000000000023,28
fit:5e7d75375ffbac6fd9baa8131646a6726e786d6ca7f4f82cf90c8956f7fcce8a,2026-05-02T11:24:47+00:00,1197.0,218,145,83,9.104,14.600000000000023,28
fit:5e7d75375ffbac6fd9baa8131646a6726e786d6ca7f4f82cf90c8956f7fcce8a,2026-05-02T11:24:48+00:00,1198.0,213,145,83,9.126,14.600000000000023,28
fit:5e7d75375ffbac6fd9baa8131646a6726e786d6ca7f4f82cf90c8956f7fcce8a,2026-05-02T11:24:49+00:00,1199.0,213,144,83,9.278,14.600000000000023,28
fit:5e7d75375ffbac6fd9baa8131646a6726e786d6ca7f4f82cf90c8956f7fcce8a,2026-05-02T11:24:50+00:00,1200.0,193,144,83,9.236,15.0,28
fit:5e7d75375ffbac6fd9baa8131646a6726e786d6ca7f4f82cf90c8956f7fcce8a,2026-05-02T11:24:51+00:00,1201.0,186,144,84,9.206,15.0,28
fit:5e7d75375ffbac6fd9baa8131646a6726e786d6ca7f4f82cf90c8956f7fcce8a,2026-05-02T11:24:52+00:00,1202.0,202,145,83,9.217,15.0,28
fit:5e7d75375ffbac6fd9baa8131646a6726e786d6ca7f4f82cf90c8956f7fcce8a,2026-05-02T11:24:53+00:00,1203.0,197,145,84,9.306,15.0,28
fit:5e7d75375ffbac6fd9baa8131646a6726e786d6ca7f4f82cf90c8956f7fcce8a,2026-05-02T11:24:54+00:00,1204.0,177,145,85,9.354,15.0,28
fit:5e7d75375ffbac6fd9baa8131646a6726e786d6ca7f4f82cf90c8956f7fcce8a,2026-05-02T11:24:55+00:00,1205.0,172,145,85,9.341,15.0,28
fit:5e7d75375ffbac6fd9baa8131646a6726e786d6ca7f4f82cf90c8956f7fcce8a,2026-05-02T11:24:56+00:00,1206.0,157,144,86,9.376,15.0,28
fit:5e7d75375ffbac6fd9baa8131646a6726e786d6ca7f4f82cf90c8956f7fcce8a,2026-05-02T11:24:57+00:00,1207.0,136,143,86,9.381,15.600000000000023,28
fit:5e7d75375ffbac6fd9baa8131646a6726e786d6ca7f4f82cf90c8956f7fcce8a,2026-05-02T11:24:58+00:00,1208.0,128,142,86,9.361,15.799999999999955,28
fit:5e7d75375ffbac6fd9baa8131646a6726e786d6ca7f4f82cf90c8956f7fcce8a,2026-05-02T11:24:59+00:00,1209.0,189,142,85,9.328,15.799999999999955,28
fit:5e7d75375ffbac6fd9baa8131646a6726e786d6ca7f4f82cf90c8956f7fcce8a,2026-05-02T11:25:00+00:00,1210.0,188,141,84,9.368,15.799999999999955,28
fit:5e7d75375ffbac6fd9baa8131646a6726e786d6ca7f4f82cf90c8956f7fcce8a,2026-05-02T11:25:01+00:00,1211.0,199,140,84,9.407,15.799999999999955,28
fit:5e7d75375ffbac6fd9baa8131646a6726e786d6ca7f4f82cf90c8956f7fcce8a,2026-05-02T11:25:02+00:00,1212.0,186,140,85,9.429,15.799999999999955,28
fit:5e7d75375ffbac6fd9baa8131646a6726e786d6ca7f4f82cf90c8956f7fcce8a,2026-05-02T11:25:03+00:00,1213.0,147,139,85,9.459,15.799999999999955,28
fit:5e7d75375ffbac6fd9baa8131646a6726e786d6ca7f4f82cf90c8956f7fcce8a,2026-05-02T11:25:04+00:00,1214.0,120,139,85,9.35,15.799999999999955,28
fit:5e7d75375ffbac6fd9baa8131646a6726e786d6ca7f4f82cf90c8956f7fcce8a,2026-05-02T11:25:05+00:00,1215.0,100,139,85,9.295,15.799999999999955,28
fit:5e7d75375ffbac6fd9baa8131646a6726e786d6ca7f4f82cf90c8956f7fcce8a,2026-05-02T11:25:06+00:00,1216.0,92,139,83,9.308,16.0,28
fit:5e7d75375ffbac6fd9baa8131646a6726e786d6ca7f4f82cf90c8956f7fcce8a,2026-05-02T11:25:07+00:00,1217.0,92,139,83,9.293,16.0,28
fit:5e7d75375ffbac6fd9baa8131646a6726e786d6ca7f4f82cf90c8956f7fcce8a,2026-05-02T11:25:08+00:00,1218.0,113,139,82,9.274,16.0,28
fit:5e7d75375ffbac6fd9baa8131646a6726e786d6ca7f4f82cf90c8956f7fcce8a,2026-05-02T11:25:09+00:00,1219.0,122,139,81,9.143,15.0,28
fit:5e7d75375ffbac6fd9baa8131646a6726e786d6ca7f4f82cf90c8956f7fcce8a,2026-05-02T11:25:10+00:00,1220.0,120,139,80,9.005,15.200000000000045,28
fit:5e7d75375ffbac6fd9baa8131646a6726e786d6ca7f4f82cf90c8956f7fcce8a,2026-05-02T11:25:11+00:00,1221.0,103,139,80,9.008,15.200000000000045,28
fit:5e7d75375ffbac6fd9baa8131646a6726e786d6ca7f4f82cf90c8956f7fcce8a,2026-05-02T11:25:12+00:00,1222.0,96,139,80,8.944,15.200000000000045,28
fit:5e7d75375ffbac6fd9baa8131646a6726e786d6ca7f4f82cf90c8956f7fcce8a,2026-05-02T11:25:13+00:00,1223.0,120,138,79,8.75,15.200000000000045,28
fit:5e7d75375ffbac6fd9baa8131646a6726e786d6ca7f4f82cf90c8956f7fcce8a,2026-05-02T11:25:14+00:00,1224.0,130,136,78,8.704,14.200000000000045,28
fit:5e7d75375ffbac6fd9baa8131646a6726e786d6ca7f4f82cf90c8956f7fcce8a,2026-05-02T11:25:15+00:00,1225.0,108,134,78,8.641,14.200000000000045,28
fit:5e7d75375ffbac6fd9baa8131646a6726e786d6ca7f4f82cf90c8956f7fcce8a,2026-05-02T11:25:16+00:00,1226.0,108,134,77,8.653,14.200000000000045,28
fit:5e7d75375ffbac6fd9baa8131646a6726e786d6ca7f4f82cf90c8956f7fcce8a,2026-05-02T11:25:17+00:00,1227.0,66,133,77,8.646,15.200000000000045,28
fit:5e7d75375ffbac6fd9baa8131646a6726e786d6ca7f4f82cf90c8956f7fcce8a,2026-05-02T11:25:18+00:00,1228.0,51,132,77,8.557,15.399999999999977,28
fit:5e7d75375ffbac6fd9baa8131646a6726e786d6ca7f4f82cf90c8956f7fcce8a,2026-05-02T11:25:19+00:00,1229.0,47,132,77,8.533,15.399999999999977,28
fit:5e7d75375ffbac6fd9baa8131646a6726e786d6ca7f4f82cf90c8956f7fcce8a,2026-05-02T11:25:20+00:00,1230.0,39,131,76,8.465,15.399999999999977,28
fit:5e7d75375ffbac6fd9baa8131646a6726e786d6ca7f4f82cf90c8956f7fcce8a,2026-05-02T11:25:21+00:00,1231.0,39,130,74,8.402,15.399999999999977,28
fit:5e7d75375ffbac6fd9baa8131646a6726e786d6ca7f4f82cf90c8956f7fcce8a,2026-05-02T11:25:22+00:00,1232.0,104,130,74,8.234,15.600000000000023,28
fit:5e7d75375ffbac6fd9baa8131646a6726e786d6ca7f4f82cf90c8956f7fcce8a,2026-05-02T11:25:23+00:00,1233.0,100,130,75,8.235,15.600000000000023,28
fit:5e7d75375ffbac6fd9baa8131646a6726e786d6ca7f4f82cf90c8956f7fcce8a,2026-05-02T11:25:24+00:00,1234.0,108,129,75,8.313,15.600000000000023,28
fit:5e7d75375ffbac6fd9baa8131646a6726e786d6ca7f4f82cf90c8956f7fcce8a,2026-05-02T11:25:25+00:00,1235.0,108,128,75,8.35,16.0,28
fit:5e7d75375ffbac6fd9baa8131646a6726e786d6ca7f4f82cf90c8956f7fcce8a,2026-05-02T11:25:26+00:00,1236.0,113,128,76,8.401,15.600000000000023,28
fit:5e7d75375ffbac6fd9baa8131646a6726e786d6ca7f4f82cf90c8956f7fcce8a,2026-05-02T11:25:27+00:00,1237.0,101,127,76,8.353,15.600000000000023,28
fit:5e7d75375ffbac6fd9baa8131646a6726e786d6ca7f4f82cf90c8956f7fcce8a,2026-05-02T11:25:28+00:00,1238.0,99,126,75,8.447,15.600000000000023,28
fit:5e7d75375ffbac6fd9baa8131646a6726e786d6ca7f4f82cf90c8956f7fcce8a,2026-05-02T11:25:29+00:00,1239.0,70,126,75,8.317,15.399999999999977,28
fit:5e7d75375ffbac6fd9baa8131646a6726e786d6ca7f4f82cf90c8956f7fcce8a,2026-05-02T11:25:30+00:00,1240.0,64,126,74,8.296,15.0,28
fit:5e7d75375ffbac6fd9baa8131646a6726e786d6ca7f4f82cf90c8956f7fcce8a,2026-05-02T11:25:31+00:00,1241.0,64,125,74,8.124,15.0,28
fit:5e7d75375ffbac6fd9baa8131646a6726e786d6ca7f4f82cf90c8956f7fcce8a,2026-05-02T11:25:32+00:00,1242.0,31,124,74,7.985,15.0,28
fit:5e7d75375ffbac6fd9baa8131646a6726e786d6ca7f4f82cf90c8956f7fcce8a,2026-05-02T11:25:33+00:00,1243.0,213,124,70,7.993,15.0,28
fit:5e7d75375ffbac6fd9baa8131646a6726e786d6ca7f4f82cf90c8956f7fcce8a,2026-05-02T11:25:34+00:00,1244.0,139,123,70,7.867,15.600000000000023,28
fit:5e7d75375ffbac6fd9baa8131646a6726e786d6ca7f4f82cf90c8956f7fcce8a,2026-05-02T11:25:35+00:00,1245.0,47,122,72,7.86,15.600000000000023,28
fit:5e7d75375ffbac6fd9baa8131646a6726e786d6ca7f4f82cf90c8956f7fcce8a,2026-05-02T11:25:36+00:00,1246.0,47,122,71,7.892,15.600000000000023,28
fit:5e7d75375ffbac6fd9baa8131646a6726e786d6ca7f4f82cf90c8956f7fcce8a,2026-05-02T11:25:37+00:00,1247.0,31,122,70,7.916,15.399999999999977,28
fit:5e7d75375ffbac6fd9baa8131646a6726e786d6ca7f4f82cf90c8956f7fcce8a,2026-05-02T11:25:38+00:00,1248.0,44,122,68,7.806,15.799999999999955,28
fit:5e7d75375ffbac6fd9baa8131646a6726e786d6ca7f4f82cf90c8956f7fcce8a,2026-05-02T11:25:39+00:00,1249.0,30,122,68,7.688,15.799999999999955,28
fit:5e7d75375ffbac6fd9baa8131646a6726e786d6ca7f4f82cf90c8956f7fcce8a,2026-05-02T11:25:40+00:00,1250.0,33,123,67,7.625,15.799999999999955,28
fit:5e7d75375ffbac6fd9baa8131646a6726e786d6ca7f4f82cf90c8956f7fcce8a,2026-05-02T11:25:41+00:00,1251.0,34,123,66,7.551,15.799999999999955,28
fit:5e7d75375ffbac6fd9baa8131646a6726e786d6ca7f4f82cf90c8956f7fcce8a,2026-05-02T11:25:42+00:00,1252.0,15,123,66,7.425,16.399999999999977,28
fit:5e7d75375ffbac6fd9baa8131646a6726e786d6ca7f4f82cf90c8956f7fcce8a,2026-05-02T11:25:43+00:00,1253.0,36,123,66,7.325,16.399999999999977,28
fit:5e7d75375ffbac6fd9baa8131646a6726e786d6ca7f4f82cf90c8956f7fcce8a,2026-05-02T11:25:44+00:00,1254.0,17,122,65,7.326,16.399999999999977,28
fit:5e7d75375ffbac6fd9baa8131646a6726e786d6ca7f4f82cf90c8956f7fcce8a,2026-05-02T11:25:45+00:00,1255.0,17,121,63,7.246,15.600000000000023,28
fit:5e7d75375ffbac6fd9baa8131646a6726e786d6ca7f4f82cf90c8956f7fcce8a,2026-05-02T11:25:46+00:00,1256.0,17,120,63,7.226,15.200000000000045,28
fit:5e7d75375ffbac6fd9baa8131646a6726e786d6ca7f4f82cf90c8956f7fcce8a,2026-05-02T11:25:47+00:00,1257.0,17,120,63,7.018,15.200000000000045,28
fit:5e7d75375ffbac6fd9baa8131646a6726e786d6ca7f4f82cf90c8956f7fcce8a,2026-05-02T11:25:48+00:00,1258.0,16,118,62,6.724,15.200000000000045,28
fit:5e7d75375ffbac6fd9baa8131646a6726e786d6ca7f4f82cf90c8956f7fcce8a,2026-05-02T11:25:49+00:00,1259.0,0,117,0,6.416,15.200000000000045,28
fit:5e7d75375ffbac6fd9baa8131646a6726e786d6ca7f4f82cf90c8956f7fcce8a,2026-05-02T11:25:50+00:00,1260.0,0,116,0,5.999,16.200000000000045,28
fit:5e7d75375ffbac6fd9baa8131646a6726e786d6ca7f4f82cf90c8956f7fcce8a,2026-05-02T11:25:51+00:00,1261.0,0,115,0,5.423,16.200000000000045,28
fit:5e7d75375ffbac6fd9baa8131646a6726e786d6ca7f4f82cf90c8956f7fcce8a,2026-05-02T11:25:52+00:00,1262.0,0,114,0,4.527,16.200000000000045,28
fit:5e7d75375ffbac6fd9baa8131646a6726e786d6ca7f4f82cf90c8956f7fcce8a,2026-05-02T11:25:53+00:00,1263.0,0,114,0,3.777,16.200000000000045,28
fit:5e7d75375ffbac6fd9baa8131646a6726e786d6ca7f4f82cf90c8956f7fcce8a,2026-05-02T11:25:54+00:00,1264.0,0,113,0,3.137,16.200000000000045,28
fit:5e7d75375ffbac6fd9baa8131646a6726e786d6ca7f4f82cf90c8956f7fcce8a,2026-05-02T11:25:55+00:00,1265.0,0,113,0,2.895,16.200000000000045,28
fit:5e7d75375ffbac6fd9baa8131646a6726e786d6ca7f4f82cf90c8956f7fcce8a,2026-05-02T11:25:56+00:00,1266.0,0,113,0,0.0,16.200000000000045,28
fit:5e7d75375ffbac6fd9baa8131646a6726e786d6ca7f4f82cf90c8956f7fcce8a,2026-05-02T11:25:57+00:00,1267.0,0,113,0,0.0,16.600000000000023,28
fit:5e7d75375ffbac6fd9baa8131646a6726e786d6ca7f4f82cf90c8956f7fcce8a,2026-05-02T11:26:51+00:00,1321.0,0,100,0,1.927,14.799999999999955,28
fit:5e7d75375ffbac6fd9baa8131646a6726e786d6ca7f4f82cf90c8956f7fcce8a,2026-05-02T11:26:52+00:00,1322.0,0,100,0,1.885,14.799999999999955,28
fit:5e7d75375ffbac6fd9baa8131646a6726e786d6ca7f4f82cf90c8956f7fcce8a,2026-05-02T11:26:53+00:00,1323.0,0,102,0,1.751,14.799999999999955,28
fit:5e7d75375ffbac6fd9baa8131646a6726e786d6ca7f4f82cf90c8956f7fcce8a,2026-05-02T11:26:54+00:00,1324.0,0,103,0,1.928,14.799999999999955,28
fit:5e7d75375ffbac6fd9baa8131646a6726e786d6ca7f4f82cf90c8956f7fcce8a,2026-05-02T11:26:55+00:00,1325.0,0,104,0,1.745,16.0,28
fit:5e7d75375ffbac6fd9baa8131646a6726e786d6ca7f4f82cf90c8956f7fcce8a,2026-05-02T11:26:56+00:00,1326.0,0,105,0,1.285,16.0,28
fit:5e7d75375ffbac6fd9baa8131646a6726e786d6ca7f4f82cf90c8956f7fcce8a,2026-05-02T11:26:57+00:00,1327.0,0,106,0,0.0,16.0,28
fit:5e7d75375ffbac6fd9baa8131646a6726e786d6ca7f4f82cf90c8956f7fcce8a,2026-05-02T11:26:58+00:00,1328.0,0,106,0,0.992,16.0,28
fit:5e7d75375ffbac6fd9baa8131646a6726e786d6ca7f4f82cf90c8956f7fcce8a,2026-05-02T11:26:59+00:00,1329.0,0,107,0,0.0,15.799999999999955,28
fit:5e7d75375ffbac6fd9baa8131646a6726e786d6ca7f4f82cf90c8956f7fcce8a,2026-05-02T11:27:00+00:00,1330.0,0,108,0,0.0,15.799999999999955,28
fit:5e7d75375ffbac6fd9baa8131646a6726e786d6ca7f4f82cf90c8956f7fcce8a,2026-05-02T11:27:06+00:00,1336.0,0,109,0,1.199,15.600000000000023,28
fit:5e7d75375ffbac6fd9baa8131646a6726e786d6ca7f4f82cf90c8956f7fcce8a,2026-05-02T11:27:07+00:00,1337.0,0,109,0,1.272,16.0,28
fit:5e7d75375ffbac6fd9baa8131646a6726e786d6ca7f4f82cf90c8956f7fcce8a,2026-05-02T11:27:08+00:00,1338.0,0,108,0,1.25,16.0,28
fit:5e7d75375ffbac6fd9baa8131646a6726e786d6ca7f4f82cf90c8956f7fcce8a,2026-05-02T11:27:09+00:00,1339.0,0,107,0,1.131,16.0,28
fit:5e7d75375ffbac6fd9baa8131646a6726e786d6ca7f4f82cf90c8956f7fcce8a,2026-05-02T11:27:10+00:00,1340.0,0,106,0,1.062,16.0,28
fit:5e7d75375ffbac6fd9baa8131646a6726e786d6ca7f4f82cf90c8956f7fcce8a,2026-05-02T11:27:11+00:00,1341.0,0,106,0,0.867,16.0,28
fit:5e7d75375ffbac6fd9baa8131646a6726e786d6ca7f4f82cf90c8956f7fcce8a,2026-05-02T11:27:12+00:00,1342.0,0,106,0,0.712,16.0,28
fit:5e7d75375ffbac6fd9baa8131646a6726e786d6ca7f4f82cf90c8956f7fcce8a,2026-05-02T11:27:13+00:00,1343.0,0,106,0,0.853,16.0,28
fit:5e7d75375ffbac6fd9baa8131646a6726e786d6ca7f4f82cf90c8956f7fcce8a,2026-05-02T11:27:14+00:00,1344.0,0,106,0,0.0,16.399999999999977,28
fit:5e7d75375ffbac6fd9baa8131646a6726e786d6ca7f4f82cf90c8956f7fcce8a,2026-05-02T11:27:15+00:00,1345.0,0,105,0,0.774,16.200000000000045,28
fit:5e7d75375ffbac6fd9baa8131646a6726e786d6ca7f4f82cf90c8956f7fcce8a,2026-05-02T11:27:16+00:00,1346.0,0,105,0,0.0,16.200000000000045,28
fit:5e7d75375ffbac6fd9baa8131646a6726e786d6ca7f4f82cf90c8956f7fcce8a,2026-05-02T11:30:15+00:00,1525.0,67,98,0,2.028,16.799999999999955,30
fit:5e7d75375ffbac6fd9baa8131646a6726e786d6ca7f4f82cf90c8956f7fcce8a,2026-05-02T11:30:16+00:00,1526.0,67,98,0,2.591,16.799999999999955,30
fit:5e7d75375ffbac6fd9baa8131646a6726e786d6ca7f4f82cf90c8956f7fcce8a,2026-05-02T11:30:17+00:00,1527.0,133,99,0,2.987,16.799999999999955,30
fit:5e7d75375ffbac6fd9baa8131646a6726e786d6ca7f4f82cf90c8956f7fcce8a,2026-05-02T11:30:18+00:00,1528.0,133,100,32,3.517,16.600000000000023,30
fit:5e7d75375ffbac6fd9baa8131646a6726e786d6ca7f4f82cf90c8956f7fcce8a,2026-05-02T11:30:19+00:00,1529.0,221,100,32,3.775,16.399999999999977,30
fit:5e7d75375ffbac6fd9baa8131646a6726e786d6ca7f4f82cf90c8956f7fcce8a,2026-05-02T11:30:20+00:00,1530.0,160,100,40,4.443,16.399999999999977,30
fit:5e7d75375ffbac6fd9baa8131646a6726e786d6ca7f4f82cf90c8956f7fcce8a,2026-05-02T11:30:21+00:00,1531.0,129,102,45,4.932,16.399999999999977,30
fit:5e7d75375ffbac6fd9baa8131646a6726e786d6ca7f4f82cf90c8956f7fcce8a,2026-05-02T11:30:22+00:00,1532.0,158,104,48,5.081,16.399999999999977,30
fit:5e7d75375ffbac6fd9baa8131646a6726e786d6ca7f4f82cf90c8956f7fcce8a,2026-05-02T11:30:23+00:00,1533.0,140,105,51,5.113,15.799999999999955,30
fit:5e7d75375ffbac6fd9baa8131646a6726e786d6ca7f4f82cf90c8956f7fcce8a,2026-05-02T11:30:24+00:00,1534.0,171,107,53,5.523,15.799999999999955,30
fit:5e7d75375ffbac6fd9baa8131646a6726e786d6ca7f4f82cf90c8956f7fcce8a,2026-05-02T11:30:25+00:00,1535.0,171,109,54,5.787,15.799999999999955,30
fit:5e7d75375ffbac6fd9baa8131646a6726e786d6ca7f4f82cf90c8956f7fcce8a,2026-05-02T11:30:26+00:00,1536.0,157,109,55,5.892,14.799999999999955,30
fit:5e7d75375ffbac6fd9baa8131646a6726e786d6ca7f4f82cf90c8956f7fcce8a,2026-05-02T11:30:27+00:00,1537.0,210,112,57,6.199,14.600000000000023,30
fit:5e7d75375ffbac6fd9baa8131646a6726e786d6ca7f4f82cf90c8956f7fcce8a,2026-05-02T11:30:28+00:00,1538.0,210,113,59,6.135,14.600000000000023,30
fit:5e7d75375ffbac6fd9baa8131646a6726e786d6ca7f4f82cf90c8956f7fcce8a,2026-05-02T11:30:29+00:00,1539.0,199,113,61,6.421,14.600000000000023,30
fit:5e7d75375ffbac6fd9baa8131646a6726e786d6ca7f4f82cf90c8956f7fcce8a,2026-05-02T11:30:30+00:00,1540.0,213,115,63,6.681,14.600000000000023,30
fit:5e7d75375ffbac6fd9baa8131646a6726e786d6ca7f4f82cf90c8956f7fcce8a,2026-05-02T11:30:31+00:00,1541.0,215,117,64,6.87,15.600000000000023,30
fit:5e7d75375ffbac6fd9baa8131646a6726e786d6ca7f4f82cf90c8956f7fcce8a,2026-05-02T11:30:32+00:00,1542.0,215,117,65,6.935,15.600000000000023,30
fit:5e7d75375ffbac6fd9baa8131646a6726e786d6ca7f4f82cf90c8956f7fcce8a,2026-05-02T11:30:33+00:00,1543.0,190,120,66,7.151,15.600000000000023,30
fit:5e7d75375ffbac6fd9baa8131646a6726e786d6ca7f4f82cf90c8956f7fcce8a,2026-05-02T11:30:34+00:00,1544.0,217,122,67,7.326,14.600000000000023,30
fit:5e7d75375ffbac6fd9baa8131646a6726e786d6ca7f4f82cf90c8956f7fcce8a,2026-05-02T11:30:35+00:00,1545.0,165,122,68,7.37,13.799999999999955,30
fit:5e7d75375ffbac6fd9baa8131646a6726e786d6ca7f4f82cf90c8956f7fcce8a,2026-05-02T11:30:36+00:00,1546.0,224,123,68,7.527,13.799999999999955,30
fit:5e7d75375ffbac6fd9baa8131646a6726e786d6ca7f4f82cf90c8956f7fcce8a,2026-05-02T11:30:37+00:00,1547.0,273,124,69,7.45,13.799999999999955,30
fit:5e7d75375ffbac6fd9baa8131646a6726e786d6ca7f4f82cf90c8956f7fcce8a,2026-05-02T11:30:38+00:00,1548.0,230,124,71,7.551,13.799999999999955,30
fit:5e7d75375ffbac6fd9baa8131646a6726e786d6ca7f4f82cf90c8956f7fcce8a,2026-05-02T11:30:39+00:00,1549.0,213,124,72,7.819,16.0,30
fit:5e7d75375ffbac6fd9baa8131646a6726e786d6ca7f4f82cf90c8956f7fcce8a,2026-05-02T11:30:40+00:00,1550.0,179,125,73,7.898,16.0,30
fit:5e7d75375ffbac6fd9baa8131646a6726e786d6ca7f4f82cf90c8956f7fcce8a,2026-05-02T11:30:41+00:00,1551.0,207,125,76,8.061,16.0,30
fit:5e7d75375ffbac6fd9baa8131646a6726e786d6ca7f4f82cf90c8956f7fcce8a,2026-05-02T11:30:42+00:00,1552.0,207,125,78,8.224,15.0,30
fit:5e7d75375ffbac6fd9baa8131646a6726e786d6ca7f4f82cf90c8956f7fcce8a,2026-05-02T11:30:43+00:00,1553.0,250,126,78,8.494,15.399999999999977,30
fit:5e7d75375ffbac6fd9baa8131646a6726e786d6ca7f4f82cf90c8956f7fcce8a,2026-05-02T11:30:44+00:00,1554.0,139,126,79,8.642,15.399999999999977,30
fit:5e7d75375ffbac6fd9baa8131646a6726e786d6ca7f4f82cf90c8956f7fcce8a,2026-05-02T11:30:45+00:00,1555.0,199,126,80,8.768,15.399999999999977,30
fit:5e7d75375ffbac6fd9baa8131646a6726e786d6ca7f4f82cf90c8956f7fcce8a,2026-05-02T11:30:46+00:00,1556.0,206,125,80,8.726,15.399999999999977,30
fit:5e7d75375ffbac6fd9baa8131646a6726e786d6ca7f4f82cf90c8956f7fcce8a,2026-05-02T11:30:47+00:00,1557.0,199,125,82,8.881,15.600000000000023,30
fit:5e7d75375ffbac6fd9baa8131646a6726e786d6ca7f4f82cf90c8956f7fcce8a,2026-05-02T11:30:48+00:00,1558.0,177,125,82,8.982,15.600000000000023,30
fit:5e7d75375ffbac6fd9baa8131646a6726e786d6ca7f4f82cf90c8956f7fcce8a,2026-05-02T11:30:49+00:00,1559.0,215,125,85,8.982,15.600000000000023,30
fit:5e7d75375ffbac6fd9baa8131646a6726e786d6ca7f4f82cf90c8956f7fcce8a,2026-05-02T11:30:50+00:00,1560.0,197,125,85,9.3,15.200000000000045,30
fit:5e7d75375ffbac6fd9baa8131646a6726e786d6ca7f4f82cf90c8956f7fcce8a,2026-05-02T11:30:51+00:00,1561.0,217,125,87,9.441,13.799999999999955,30
fit:5e7d75375ffbac6fd9baa8131646a6726e786d6ca7f4f82cf90c8956f7fcce8a,2026-05-02T11:30:52+00:00,1562.0,160,125,87,9.5,13.799999999999955,30
fit:5e7d75375ffbac6fd9baa8131646a6726e786d6ca7f4f82cf90c8956f7fcce8a,2026-05-02T11:30:53+00:00,1563.0,146,126,87,9.663,13.799999999999955,30
fit:5e7d75375ffbac6fd9baa8131646a6726e786d6ca7f4f82cf90c8956f7fcce8a,2026-05-02T11:30:54+00:00,1564.0,171,127,87,9.572,13.799999999999955,30
fit:5e7d75375ffbac6fd9baa8131646a6726e786d6ca7f4f82cf90c8956f7fcce8a,2026-05-02T11:30:55+00:00,1565.0,178,127,86,9.547,14.600000000000023,30
fit:5e7d75375ffbac6fd9baa8131646a6726e786d6ca7f4f82cf90c8956f7fcce8a,2026-05-02T11:30:56+00:00,1566.0,174,128,86,9.634,14.600000000000023,30
fit:5e7d75375ffbac6fd9baa8131646a6726e786d6ca7f4f82cf90c8956f7fcce8a,2026-05-02T11:30:57+00:00,1567.0,175,130,86,9.529,14.600000000000023,30
fit:5e7d75375ffbac6fd9baa8131646a6726e786d6ca7f4f82cf90c8956f7fcce8a,2026-05-02T11:30:58+00:00,1568.0,183,132,86,9.583,14.600000000000023,30
fit:5e7d75375ffbac6fd9baa8131646a6726e786d6ca7f4f82cf90c8956f7fcce8a,2026-05-02T11:30:59+00:00,1569.0,181,132,86,9.497,15.200000000000045,30
fit:5e7d75375ffbac6fd9baa8131646a6726e786d6ca7f4f82cf90c8956f7fcce8a,2026-05-02T11:31:00+00:00,1570.0,166,133,86,9.53,15.200000000000045,30
fit:5e7d75375ffbac6fd9baa8131646a6726e786d6ca7f4f82cf90c8956f7fcce8a,2026-05-02T11:31:01+00:00,1571.0,165,133,86,9.654,15.200000000000045,30
fit:5e7d75375ffbac6fd9baa8131646a6726e786d6ca7f4f82cf90c8956f7fcce8a,2026-05-02T11:31:02+00:00,1572.0,182,133,85,9.67,14.200000000000045,30
fit:5e7d75375ffbac6fd9baa8131646a6726e786d6ca7f4f82cf90c8956f7fcce8a,2026-05-02T11:31:03+00:00,1573.0,174,133,85,9.539,14.200000000000045,30
fit:5e7d75375ffbac6fd9baa8131646a6726e786d6ca7f4f82cf90c8956f7fcce8a,2026-05-02T11:31:04+00:00,1574.0,221,132,85,9.523,14.200000000000045,30
fit:5e7d75375ffbac6fd9baa8131646a6726e786d6ca7f4f82cf90c8956f7fcce8a,2026-05-02T11:31:05+00:00,1575.0,232,132,87,9.548,14.200000000000045,30
fit:5e7d75375ffbac6fd9baa8131646a6726e786d6ca7f4f82cf90c8956f7fcce8a,2026-05-02T11:31:06+00:00,1576.0,261,131,87,9.59,14.200000000000045,30
fit:5e7d75375ffbac6fd9baa8131646a6726e786d6ca7f4f82cf90c8956f7fcce8a,2026-05-02T11:31:07+00:00,1577.0,236,131,88,9.595,14.600000000000023,30
fit:5e7d75375ffbac6fd9baa8131646a6726e786d6ca7f4f82cf90c8956f7fcce8a,2026-05-02T11:31:08+00:00,1578.0,238,131,89,9.556,14.600000000000023,30
fit:5e7d75375ffbac6fd9baa8131646a6726e786d6ca7f4f82cf90c8956f7fcce8a,2026-05-02T11:31:09+00:00,1579.0,237,131,89,9.681,14.600000000000023,30
fit:5e7d75375ffbac6fd9baa8131646a6726e786d6ca7f4f82cf90c8956f7fcce8a,2026-05-02T11:31:10+00:00,1580.0,242,131,90,9.822,14.600000000000023,30
fit:5e7d75375ffbac6fd9baa8131646a6726e786d6ca7f4f82cf90c8956f7fcce8a,2026-05-02T11:31:11+00:00,1581.0,240,131,90,9.861,14.0,30
fit:5e7d75375ffbac6fd9baa8131646a6726e786d6ca7f4f82cf90c8956f7fcce8a,2026-05-02T11:31:12+00:00,1582.0,236,131,91,9.986,14.0,30
fit:5e7d75375ffbac6fd9baa8131646a6726e786d6ca7f4f82cf90c8956f7fcce8a,2026-05-02T11:31:13+00:00,1583.0,238,131,91,10.002,14.0,30
fit:5e7d75375ffbac6fd9baa8131646a6726e786d6ca7f4f82cf90c8956f7fcce8a,2026-05-02T11:31:14+00:00,1584.0,306,131,91,10.003,14.0,30
fit:5e7d75375ffbac6fd9baa8131646a6726e786d6ca7f4f82cf90c8956f7fcce8a,2026-05-02T11:31:15+00:00,1585.0,292,131,91,9.962,14.200000000000045,30
fit:5e7d75375ffbac6fd9baa8131646a6726e786d6ca7f4f82cf90c8956f7fcce8a,2026-05-02T11:31:16+00:00,1586.0,247,131,92,10.054,14.200000000000045,30
fit:5e7d75375ffbac6fd9baa8131646a6726e786d6ca7f4f82cf90c8956f7fcce8a,2026-05-02T11:31:17+00:00,1587.0,144,132,90,10.079,14.200000000000045,30
fit:5e7d75375ffbac6fd9baa8131646a6726e786d6ca7f4f82cf90c8956f7fcce8a,2026-05-02T11:31:18+00:00,1588.0,144,132,90,10.032,15.200000000000045,30
fit:5e7d75375ffbac6fd9baa8131646a6726e786d6ca7f4f82cf90c8956f7fcce8a,2026-05-02T11:31:19+00:00,1589.0,101,133,93,9.994,15.600000000000023,30
fit:5e7d75375ffbac6fd9baa8131646a6726e786d6ca7f4f82cf90c8956f7fcce8a,2026-05-02T11:31:20+00:00,1590.0,114,134,97,10.229,15.600000000000023,30
fit:5e7d75375ffbac6fd9baa8131646a6726e786d6ca7f4f82cf90c8956f7fcce8a,2026-05-02T11:31:21+00:00,1591.0,167,134,97,10.437,15.600000000000023,30
fit:5e7d75375ffbac6fd9baa8131646a6726e786d6ca7f4f82cf90c8956f7fcce8a,2026-05-02T11:31:22+00:00,1592.0,253,134,99,10.708,14.600000000000023,30
fit:5e7d75375ffbac6fd9baa8131646a6726e786d6ca7f4f82cf90c8956f7fcce8a,2026-05-02T11:31:23+00:00,1593.0,253,134,92,10.858,14.200000000000045,30
fit:5e7d75375ffbac6fd9baa8131646a6726e786d6ca7f4f82cf90c8956f7fcce8a,2026-05-02T11:31:24+00:00,1594.0,165,135,92,11.088,14.200000000000045,30
fit:5e7d75375ffbac6fd9baa8131646a6726e786d6ca7f4f82cf90c8956f7fcce8a,2026-05-02T11:31:25+00:00,1595.0,260,135,93,11.215,14.200000000000045,30
fit:5e7d75375ffbac6fd9baa8131646a6726e786d6ca7f4f82cf90c8956f7fcce8a,2026-05-02T11:31:26+00:00,1596.0,146,135,96,11.387,13.600000000000023,30
fit:5e7d75375ffbac6fd9baa8131646a6726e786d6ca7f4f82cf90c8956f7fcce8a,2026-05-02T11:31:27+00:00,1597.0,152,135,97,11.841,12.799999999999955,30
fit:5e7d75375ffbac6fd9baa8131646a6726e786d6ca7f4f82cf90c8956f7fcce8a,2026-05-02T11:31:28+00:00,1598.0,207,135,96,11.979,12.799999999999955,30
fit:5e7d75375ffbac6fd9baa8131646a6726e786d6ca7f4f82cf90c8956f7fcce8a,2026-05-02T11:31:29+00:00,1599.0,195,135,96,11.932,12.799999999999955,30
fit:5e7d75375ffbac6fd9baa8131646a6726e786d6ca7f4f82cf90c8956f7fcce8a,2026-05-02T11:31:30+00:00,1600.0,211,135,95,11.967,11.800000000000011,30
fit:5e7d75375ffbac6fd9baa8131646a6726e786d6ca7f4f82cf90c8956f7fcce8a,2026-05-02T11:31:31+00:00,1601.0,199,135,94,11.91,12.799999999999955,30
fit:5e7d75375ffbac6fd9baa8131646a6726e786d6ca7f4f82cf90c8956f7fcce8a,2026-05-02T11:31:32+00:00,1602.0,176,135,92,11.733,12.799999999999955,30
fit:5e7d75375ffbac6fd9baa8131646a6726e786d6ca7f4f82cf90c8956f7fcce8a,2026-05-02T11:31:33+00:00,1603.0,165,135,92,11.663,12.799999999999955,30
fit:5e7d75375ffbac6fd9baa8131646a6726e786d6ca7f4f82cf90c8956f7fcce8a,2026-05-02T11:31:34+00:00,1604.0,223,135,93,11.64,12.799999999999955,30
fit:5e7d75375ffbac6fd9baa8131646a6726e786d6ca7f4f82cf90c8956f7fcce8a,2026-05-02T11:31:35+00:00,1605.0,239,135,93,11.585,12.799999999999955,30
fit:5e7d75375ffbac6fd9baa8131646a6726e786d6ca7f4f82cf90c8956f7fcce8a,2026-05-02T11:31:36+00:00,1606.0,227,135,93,11.604,12.799999999999955,30
fit:5e7d75375ffbac6fd9baa8131646a6726e786d6ca7f4f82cf90c8956f7fcce8a,2026-05-02T11:31:37+00:00,1607.0,212,136,94,11.608,12.799999999999955,30
fit:5e7d75375ffbac6fd9baa8131646a6726e786d6ca7f4f82cf90c8956f7fcce8a,2026-05-02T11:31:38+00:00,1608.0,227,136,95,11.707,12.799999999999955,30
fit:5e7d75375ffbac6fd9baa8131646a6726e786d6ca7f4f82cf90c8956f7fcce8a,2026-05-02T11:31:39+00:00,1609.0,233,136,95,11.863,13.799999999999955,30
fit:5e7d75375ffbac6fd9baa8131646a6726e786d6ca7f4f82cf90c8956f7fcce8a,2026-05-02T11:31:40+00:00,1610.0,231,136,96,11.921,13.799999999999955,30
fit:5e7d75375ffbac6fd9baa8131646a6726e786d6ca7f4f82cf90c8956f7fcce8a,2026-05-02T11:31:41+00:00,1611.0,187,136,96,11.993,13.799999999999955,30
fit:5e7d75375ffbac6fd9baa8131646a6726e786d6ca7f4f82cf90c8956f7fcce8a,2026-05-02T11:31:42+00:00,1612.0,173,136,96,12.017,12.799999999999955,30
fit:5e7d75375ffbac6fd9baa8131646a6726e786d6ca7f4f82cf90c8956f7fcce8a,2026-05-02T11:31:43+00:00,1613.0,173,136,96,12.032,13.799999999999955,30
fit:5e7d75375ffbac6fd9baa8131646a6726e786d6ca7f4f82cf90c8956f7fcce8a,2026-05-02T11:31:44+00:00,1614.0,197,136,96,12.206,13.799999999999955,30
fit:5e7d75375ffbac6fd9baa8131646a6726e786d6ca7f4f82cf90c8956f7fcce8a,2026-05-02T11:31:45+00:00,1615.0,210,136,96,12.173,13.799999999999955,30
fit:5e7d75375ffbac6fd9baa8131646a6726e786d6ca7f4f82cf90c8956f7fcce8a,2026-05-02T11:31:46+00:00,1616.0,187,136,95,12.149,12.799999999999955,30
fit:5e7d75375ffbac6fd9baa8131646a6726e786d6ca7f4f82cf90c8956f7fcce8a,2026-05-02T11:31:47+00:00,1617.0,212,136,95,12.011,12.799999999999955,30
fit:5e7d75375ffbac6fd9baa8131646a6726e786d6ca7f4f82cf90c8956f7fcce8a,2026-05-02T11:31:48+00:00,1618.0,269,136,96,11.957,12.799999999999955,30
fit:5e7d75375ffbac6fd9baa8131646a6726e786d6ca7f4f82cf90c8956f7fcce8a,2026-05-02T11:31:49+00:00,1619.0,238,137,96,12.075,12.799999999999955,30
fit:5e7d75375ffbac6fd9baa8131646a6726e786d6ca7f4f82cf90c8956f7fcce8a,2026-05-02T11:31:50+00:00,1620.0,205,137,95,12.039,12.799999999999955,30
fit:5e7d75375ffbac6fd9baa8131646a6726e786d6ca7f4f82cf90c8956f7fcce8a,2026-05-02T11:31:51+00:00,1621.0,171,137,95,11.989,14.200000000000045,30
fit:5e7d75375ffbac6fd9baa8131646a6726e786d6ca7f4f82cf90c8956f7fcce8a,2026-05-02T11:31:52+00:00,1622.0,206,137,95,11.824,14.200000000000045,30
fit:5e7d75375ffbac6fd9baa8131646a6726e786d6ca7f4f82cf90c8956f7fcce8a,2026-05-02T11:31:53+00:00,1623.0,207,137,94,11.844,14.200000000000045,30
fit:5e7d75375ffbac6fd9baa8131646a6726e786d6ca7f4f82cf90c8956f7fcce8a,2026-05-02T11:31:54+00:00,1624.0,197,137,94,11.898,14.200000000000045,30
fit:5e7d75375ffbac6fd9baa8131646a6726e786d6ca7f4f82cf90c8956f7fcce8a,2026-05-02T11:31:55+00:00,1625.0,203,138,94,11.807,14.799999999999955,30
fit:5e7d75375ffbac6fd9baa8131646a6726e786d6ca7f4f82cf90c8956f7fcce8a,2026-05-02T11:31:56+00:00,1626.0,199,138,94,11.818,14.799999999999955,30
fit:5e7d75375ffbac6fd9baa8131646a6726e786d6ca7f4f82cf90c8956f7fcce8a,2026-05-02T11:31:57+00:00,1627.0,199,138,93,11.761,14.799999999999955,30
fit:5e7d75375ffbac6fd9baa8131646a6726e786d6ca7f4f82cf90c8956f7fcce8a,2026-05-02T11:31:58+00:00,1628.0,224,138,93,11.734,13.799999999999955,30
fit:5e7d75375ffbac6fd9baa8131646a6726e786d6ca7f4f82cf90c8956f7fcce8a,2026-05-02T11:31:59+00:00,1629.0,211,138,93,11.648,13.200000000000045,30
fit:5e7d75375ffbac6fd9baa8131646a6726e786d6ca7f4f82cf90c8956f7fcce8a,2026-05-02T11:32:00+00:00,1630.0,195,138,92,11.561,13.200000000000045,30
fit:5e7d75375ffbac6fd9baa8131646a6726e786d6ca7f4f82cf90c8956f7fcce8a,2026-05-02T11:32:01+00:00,1631.0,161,138,92,11.512,13.200000000000045,30
fit:5e7d75375ffbac6fd9baa8131646a6726e786d6ca7f4f82cf90c8956f7fcce8a,2026-05-02T11:32:02+00:00,1632.0,141,137,91,11.523,13.200000000000045,30
fit:5e7d75375ffbac6fd9baa8131646a6726e786d6ca7f4f82cf90c8956f7fcce8a,2026-05-02T11:32:03+00:00,1633.0,137,137,90,11.507,13.0,30
fit:5e7d75375ffbac6fd9baa8131646a6726e786d6ca7f4f82cf90c8956f7fcce8a,2026-05-02T11:32:04+00:00,1634.0,210,137,90,11.478,13.0,30
fit:5e7d75375ffbac6fd9baa8131646a6726e786d6ca7f4f82cf90c8956f7fcce8a,2026-05-02T11:32:05+00:00,1635.0,243,137,90,11.483,13.0,30
fit:5e7d75375ffbac6fd9baa8131646a6726e786d6ca7f4f82cf90c8956f7fcce8a,2026-05-02T11:32:06+00:00,1636.0,223,136,90,11.33,13.0,30
fit:5e7d75375ffbac6fd9baa8131646a6726e786d6ca7f4f82cf90c8956f7fcce8a,2026-05-02T11:32:07+00:00,1637.0,223,136,90,11.429,12.600000000000023,30
fit:5e7d75375ffbac6fd9baa8131646a6726e786d6ca7f4f82cf90c8956f7fcce8a,2026-05-02T11:32:08+00:00,1638.0,185,136,89,11.378,12.600000000000023,30
fit:5e7d75375ffbac6fd9baa8131646a6726e786d6ca7f4f82cf90c8956f7fcce8a,2026-05-02T11:32:09+00:00,1639.0,366,136,87,10.951,12.600000000000023,30
fit:5e7d75375ffbac6fd9baa8131646a6726e786d6ca7f4f82cf90c8956f7fcce8a,2026-05-02T11:32:10+00:00,1640.0,473,136,85,10.525,13.600000000000023,30
fit:5e7d75375ffbac6fd9baa8131646a6726e786d6ca7f4f82cf90c8956f7fcce8a,2026-05-02T11:32:11+00:00,1641.0,503,136,84,10.085,14.399999999999977,30
fit:5e7d75375ffbac6fd9baa8131646a6726e786d6ca7f4f82cf90c8956f7fcce8a,2026-05-02T11:32:12+00:00,1642.0,503,136,84,10.121,14.399999999999977,30
fit:5e7d75375ffbac6fd9baa8131646a6726e786d6ca7f4f82cf90c8956f7fcce8a,2026-05-02T11:32:13+00:00,1643.0,392,135,85,10.272,14.399999999999977,29
fit:5e7d75375ffbac6fd9baa8131646a6726e786d6ca7f4f82cf90c8956f7fcce8a,2026-05-02T11:32:14+00:00,1644.0,335,136,91,10.671,14.399999999999977,29
fit:5e7d75375ffbac6fd9baa8131646a6726e786d6ca7f4f82cf90c8956f7fcce8a,2026-05-02T11:32:15+00:00,1645.0,437,136,94,11.057,11.399999999999977,29
fit:5e7d75375ffbac6fd9baa8131646a6726e786d6ca7f4f82cf90c8956f7fcce8a,2026-05-02T11:32:16+00:00,1646.0,286,136,97,11.4,11.399999999999977,29
fit:5e7d75375ffbac6fd9baa8131646a6726e786d6ca7f4f82cf90c8956f7fcce8a,2026-05-02T11:32:17+00:00,1647.0,278,137,101,11.909,11.399999999999977,29
fit:5e7d75375ffbac6fd9baa8131646a6726e786d6ca7f4f82cf90c8956f7fcce8a,2026-05-02T11:32:18+00:00,1648.0,278,139,101,12.342,11.399999999999977,29
fit:5e7d75375ffbac6fd9baa8131646a6726e786d6ca7f4f82cf90c8956f7fcce8a,2026-05-02T11:32:19+00:00,1649.0,331,140,101,12.429,11.399999999999977,29
fit:5e7d75375ffbac6fd9baa8131646a6726e786d6ca7f4f82cf90c8956f7fcce8a,2026-05-02T11:32:20+00:00,1650.0,215,142,99,12.567,11.399999999999977,29
fit:5e7d75375ffbac6fd9baa8131646a6726e786d6ca7f4f82cf90c8956f7fcce8a,2026-05-02T11:32:21+00:00,1651.0,230,142,99,12.489,11.399999999999977,29
fit:5e7d75375ffbac6fd9baa8131646a6726e786d6ca7f4f82cf90c8956f7fcce8a,2026-05-02T11:32:22+00:00,1652.0,249,143,96,12.401,10.399999999999977,29
fit:5e7d75375ffbac6fd9baa8131646a6726e786d6ca7f4f82cf90c8956f7fcce8a,2026-05-02T11:32:23+00:00,1653.0,253,144,96,12.287,8.199999999999989,29
fit:5e7d75375ffbac6fd9baa8131646a6726e786d6ca7f4f82cf90c8956f7fcce8a,2026-05-02T11:32:24+00:00,1654.0,200,144,96,12.178,8.199999999999989,29
fit:5e7d75375ffbac6fd9baa8131646a6726e786d6ca7f4f82cf90c8956f7fcce8a,2026-05-02T11:32:25+00:00,1655.0,267,144,95,12.005,8.199999999999989,29
fit:5e7d75375ffbac6fd9baa8131646a6726e786d6ca7f4f82cf90c8956f7fcce8a,2026-05-02T11:32:26+00:00,1656.0,282,144,95,11.941,9.199999999999989,29
fit:5e7d75375ffbac6fd9baa8131646a6726e786d6ca7f4f82cf90c8956f7fcce8a,2026-05-02T11:32:27+00:00,1657.0,370,144,95,11.931,13.600000000000023,29
fit:5e7d75375ffbac6fd9baa8131646a6726e786d6ca7f4f82cf90c8956f7fcce8a,2026-05-02T11:32:28+00:00,1658.0,371,144,95,11.988,13.600000000000023,29
fit:5e7d75375ffbac6fd9baa8131646a6726e786d6ca7f4f82cf90c8956f7fcce8a,2026-05-02T11:32:29+00:00,1659.0,399,144,95,11.986,13.600000000000023,29
fit:5e7d75375ffbac6fd9baa8131646a6726e786d6ca7f4f82cf90c8956f7fcce8a,2026-05-02T11:32:30+00:00,1660.0,381,145,95,11.902,12.600000000000023,29
fit:5e7d75375ffbac6fd9baa8131646a6726e786d6ca7f4f82cf90c8956f7fcce8a,2026-05-02T11:32:31+00:00,1661.0,404,145,95,11.849,11.0,29
fit:5e7d75375ffbac6fd9baa8131646a6726e786d6ca7f4f82cf90c8956f7fcce8a,2026-05-02T11:32:32+00:00,1662.0,456,145,93,11.765,11.0,29
fit:5e7d75375ffbac6fd9baa8131646a6726e786d6ca7f4f82cf90c8956f7fcce8a,2026-05-02T11:32:33+00:00,1663.0,420,147,91,11.688,11.0,29
fit:5e7d75375ffbac6fd9baa8131646a6726e786d6ca7f4f82cf90c8956f7fcce8a,2026-05-02T11:32:34+00:00,1664.0,510,148,90,11.588,11.0,29
fit:5e7d75375ffbac6fd9baa8131646a6726e786d6ca7f4f82cf90c8956f7fcce8a,2026-05-02T11:32:35+00:00,1665.0,515,149,90,11.448,11.399999999999977,29
fit:5e7d75375ffbac6fd9baa8131646a6726e786d6ca7f4f82cf90c8956f7fcce8a,2026-05-02T11:32:36+00:00,1666.0,525,149,90,11.405,11.399999999999977,29
fit:5e7d75375ffbac6fd9baa8131646a6726e786d6ca7f4f82cf90c8956f7fcce8a,2026-05-02T11:32:37+00:00,1667.0,435,150,90,11.399,11.399999999999977,29
fit:5e7d75375ffbac6fd9baa8131646a6726e786d6ca7f4f82cf90c8956f7fcce8a,2026-05-02T11:32:38+00:00,1668.0,429,152,90,11.351,11.399999999999977,29
fit:5e7d75375ffbac6fd9baa8131646a6726e786d6ca7f4f82cf90c8956f7fcce8a,2026-05-02T11:32:39+00:00,1669.0,452,153,88,11.274,12.200000000000045,29
fit:5e7d75375ffbac6fd9baa8131646a6726e786d6ca7f4f82cf90c8956f7fcce8a,2026-05-02T11:32:40+00:00,1670.0,529,155,88,11.2,12.200000000000045,29
fit:5e7d75375ffbac6fd9baa8131646a6726e786d6ca7f4f82cf90c8956f7fcce8a,2026-05-02T11:32:41+00:00,1671.0,503,157,88,11.076,12.200000000000045,29
fit:5e7d75375ffbac6fd9baa8131646a6726e786d6ca7f4f82cf90c8956f7fcce8a,2026-05-02T11:32:42+00:00,1672.0,503,158,89,11.062,13.200000000000045,29
fit:5e7d75375ffbac6fd9baa8131646a6726e786d6ca7f4f82cf90c8956f7fcce8a,2026-05-02T11:32:43+00:00,1673.0,476,159,89,11.149,14.799999999999955,29
fit:5e7d75375ffbac6fd9baa8131646a6726e786d6ca7f4f82cf90c8956f7fcce8a,2026-05-02T11:32:44+00:00,1674.0,315,161,88,11.102,14.799999999999955,29
fit:5e7d75375ffbac6fd9baa8131646a6726e786d6ca7f4f82cf90c8956f7fcce8a,2026-05-02T11:32:45+00:00,1675.0,289,162,87,11.05,14.799999999999955,29
fit:5e7d75375ffbac6fd9baa8131646a6726e786d6ca7f4f82cf90c8956f7fcce8a,2026-05-02T11:32:46+00:00,1676.0,178,163,86,10.957,13.799999999999955,29
fit:5e7d75375ffbac6fd9baa8131646a6726e786d6ca7f4f82cf90c8956f7fcce8a,2026-05-02T11:32:47+00:00,1677.0,178,164,78,10.82,14.200000000000045,29
fit:5e7d75375ffbac6fd9baa8131646a6726e786d6ca7f4f82cf90c8956f7fcce8a,2026-05-02T11:32:48+00:00,1678.0,178,164,78,10.68,14.200000000000045,29
fit:5e7d75375ffbac6fd9baa8131646a6726e786d6ca7f4f82cf90c8956f7fcce8a,2026-05-02T11:32:49+00:00,1679.0,155,165,78,10.616,14.200000000000045,29
fit:5e7d75375ffbac6fd9baa8131646a6726e786d6ca7f4f82cf90c8956f7fcce8a,2026-05-02T11:32:50+00:00,1680.0,591,165,80,10.45,15.200000000000045,29
fit:5e7d75375ffbac6fd9baa8131646a6726e786d6ca7f4f82cf90c8956f7fcce8a,2026-05-02T11:32:51+00:00,1681.0,435,165,80,10.191,16.600000000000023,29
fit:5e7d75375ffbac6fd9baa8131646a6726e786d6ca7f4f82cf90c8956f7fcce8a,2026-05-02T11:32:52+00:00,1682.0,325,165,85,10.446,16.600000000000023,29
fit:5e7d75375ffbac6fd9baa8131646a6726e786d6ca7f4f82cf90c8956f7fcce8a,2026-05-02T11:32:53+00:00,1683.0,254,165,84,10.688,16.600000000000023,29
fit:5e7d75375ffbac6fd9baa8131646a6726e786d6ca7f4f82cf90c8956f7fcce8a,2026-05-02T11:32:54+00:00,1684.0,344,165,87,10.778,15.600000000000023,29
fit:5e7d75375ffbac6fd9baa8131646a6726e786d6ca7f4f82cf90c8956f7fcce8a,2026-05-02T11:32:55+00:00,1685.0,344,165,90,10.909,15.200000000000045,29
fit:5e7d75375ffbac6fd9baa8131646a6726e786d6ca7f4f82cf90c8956f7fcce8a,2026-05-02T11:32:56+00:00,1686.0,217,165,90,11.002,15.200000000000045,29
fit:5e7d75375ffbac6fd9baa8131646a6726e786d6ca7f4f82cf90c8956f7fcce8a,2026-05-02T11:32:57+00:00,1687.0,372,165,91,11.257,15.200000000000045,29
fit:5e7d75375ffbac6fd9baa8131646a6726e786d6ca7f4f82cf90c8956f7fcce8a,2026-05-02T11:32:58+00:00,1688.0,372,164,92,11.418,15.200000000000045,29
fit:5e7d75375ffbac6fd9baa8131646a6726e786d6ca7f4f82cf90c8956f7fcce8a,2026-05-02T11:32:59+00:00,1689.0,275,164,94,11.669,14.600000000000023,29
fit:5e7d75375ffbac6fd9baa8131646a6726e786d6ca7f4f82cf90c8956f7fcce8a,2026-05-02T11:33:00+00:00,1690.0,105,164,94,11.727,14.600000000000023,29
fit:5e7d75375ffbac6fd9baa8131646a6726e786d6ca7f4f82cf90c8956f7fcce8a,2026-05-02T11:33:01+00:00,1691.0,284,164,93,11.701,14.600000000000023,29
fit:5e7d75375ffbac6fd9baa8131646a6726e786d6ca7f4f82cf90c8956f7fcce8a,2026-05-02T11:33:02+00:00,1692.0,284,165,93,11.711,14.600000000000023,29
fit:5e7d75375ffbac6fd9baa8131646a6726e786d6ca7f4f82cf90c8956f7fcce8a,2026-05-02T11:33:03+00:00,1693.0,259,165,93,11.671,14.600000000000023,29
fit:5e7d75375ffbac6fd9baa8131646a6726e786d6ca7f4f82cf90c8956f7fcce8a,2026-05-02T11:33:04+00:00,1694.0,423,166,93,11.579,14.600000000000023,29
fit:5e7d75375ffbac6fd9baa8131646a6726e786d6ca7f4f82cf90c8956f7fcce8a,2026-05-02T11:33:05+00:00,1695.0,381,166,94,11.577,14.600000000000023,29
fit:5e7d75375ffbac6fd9baa8131646a6726e786d6ca7f4f82cf90c8956f7fcce8a,2026-05-02T11:33:06+00:00,1696.0,367,166,94,11.672,14.600000000000023,29
fit:5e7d75375ffbac6fd9baa8131646a6726e786d6ca7f4f82cf90c8956f7fcce8a,2026-05-02T11:33:07+00:00,1697.0,368,166,95,11.907,14.399999999999977,29
fit:5e7d75375ffbac6fd9baa8131646a6726e786d6ca7f4f82cf90c8956f7fcce8a,2026-05-02T11:33:08+00:00,1698.0,312,167,95,11.955,14.399999999999977,29
fit:5e7d75375ffbac6fd9baa8131646a6726e786d6ca7f4f82cf90c8956f7fcce8a,2026-05-02T11:33:09+00:00,1699.0,146,167,95,11.9,14.399999999999977,29
fit:5e7d75375ffbac6fd9baa8131646a6726e786d6ca7f4f82cf90c8956f7fcce8a,2026-05-02T11:33:10+00:00,1700.0,134,167,93,11.809,15.399999999999977,29
fit:5e7d75375ffbac6fd9baa8131646a6726e786d6ca7f4f82cf90c8956f7fcce8a,2026-05-02T11:33:11+00:00,1701.0,139,167,91,11.742,15.600000000000023,29
fit:5e7d75375ffbac6fd9baa8131646a6726e786d6ca7f4f82cf90c8956f7fcce8a,2026-05-02T11:33:12+00:00,1702.0,129,167,90,11.575,15.600000000000023,29
fit:5e7d75375ffbac6fd9baa8131646a6726e786d6ca7f4f82cf90c8956f7fcce8a,2026-05-02T11:33:13+00:00,1703.0,130,167,88,11.369,15.600000000000023,29
fit:5e7d75375ffbac6fd9baa8131646a6726e786d6ca7f4f82cf90c8956f7fcce8a,2026-05-02T11:33:14+00:00,1704.0,282,167,86,11.095,15.600000000000023,29
fit:5e7d75375ffbac6fd9baa8131646a6726e786d6ca7f4f82cf90c8956f7fcce8a,2026-05-02T11:33:15+00:00,1705.0,321,167,86,10.741,15.799999999999955,29
fit:5e7d75375ffbac6fd9baa8131646a6726e786d6ca7f4f82cf90c8956f7fcce8a,2026-05-02T11:33:16+00:00,1706.0,373,167,84,10.426,15.799999999999955,29
fit:5e7d75375ffbac6fd9baa8131646a6726e786d6ca7f4f82cf90c8956f7fcce8a,2026-05-02T11:33:17+00:00,1707.0,407,167,83,10.273,15.799999999999955,29
fit:5e7d75375ffbac6fd9baa8131646a6726e786d6ca7f4f82cf90c8956f7fcce8a,2026-05-02T11:33:18+00:00,1708.0,411,167,83,10.344,15.799999999999955,29
fit:5e7d75375ffbac6fd9baa8131646a6726e786d6ca7f4f82cf90c8956f7fcce8a,2026-05-02T11:33:19+00:00,1709.0,370,167,83,10.441,15.399999999999977,29
fit:5e7d75375ffbac6fd9baa8131646a6726e786d6ca7f4f82cf90c8956f7fcce8a,2026-05-02T11:33:20+00:00,1710.0,338,166,83,10.429,15.399999999999977,29
fit:5e7d75375ffbac6fd9baa8131646a6726e786d6ca7f4f82cf90c8956f7fcce8a,2026-05-02T11:33:21+00:00,1711.0,327,166,82,10.274,15.399999999999977,29
fit:5e7d75375ffbac6fd9baa8131646a6726e786d6ca7f4f82cf90c8956f7fcce8a,2026-05-02T11:33:22+00:00,1712.0,296,166,82,10.36,16.399999999999977,29
fit:5e7d75375ffbac6fd9baa8131646a6726e786d6ca7f4f82cf90c8956f7fcce8a,2026-05-02T11:33:23+00:00,1713.0,290,166,82,10.383,17.0,29
fit:5e7d75375ffbac6fd9baa8131646a6726e786d6ca7f4f82cf90c8956f7fcce8a,2026-05-02T11:33:24+00:00,1714.0,271,166,82,10.302,17.0,29
fit:5e7d75375ffbac6fd9baa8131646a6726e786d6ca7f4f82cf90c8956f7fcce8a,2026-05-02T11:33:25+00:00,1715.0,325,166,81,10.159,17.0,29
fit:5e7d75375ffbac6fd9baa8131646a6726e786d6ca7f4f82cf90c8956f7fcce8a,2026-05-02T11:33:26+00:00,1716.0,377,166,82,10.137,16.399999999999977,29
fit:5e7d75375ffbac6fd9baa8131646a6726e786d6ca7f4f82cf90c8956f7fcce8a,2026-05-02T11:33:27+00:00,1717.0,339,165,83,10.308,16.399999999999977,29
fit:5e7d75375ffbac6fd9baa8131646a6726e786d6ca7f4f82cf90c8956f7fcce8a,2026-05-02T11:33:28+00:00,1718.0,339,165,85,10.462,16.399999999999977,29
fit:5e7d75375ffbac6fd9baa8131646a6726e786d6ca7f4f82cf90c8956f7fcce8a,2026-05-02T11:33:29+00:00,1719.0,333,165,85,10.526,16.399999999999977,29
fit:5e7d75375ffbac6fd9baa8131646a6726e786d6ca7f4f82cf90c8956f7fcce8a,2026-05-02T11:33:30+00:00,1720.0,223,165,87,10.593,16.399999999999977,29
fit:5e7d75375ffbac6fd9baa8131646a6726e786d6ca7f4f82cf90c8956f7fcce8a,2026-05-02T11:33:31+00:00,1721.0,226,165,87,10.674,16.0,29
fit:5e7d75375ffbac6fd9baa8131646a6726e786d6ca7f4f82cf90c8956f7fcce8a,2026-05-02T11:33:32+00:00,1722.0,275,164,87,10.771,16.0,29
fit:5e7d75375ffbac6fd9baa8131646a6726e786d6ca7f4f82cf90c8956f7fcce8a,2026-05-02T11:33:33+00:00,1723.0,223,164,88,10.812,16.0,29
fit:5e7d75375ffbac6fd9baa8131646a6726e786d6ca7f4f82cf90c8956f7fcce8a,2026-05-02T11:33:34+00:00,1724.0,244,164,89,10.933,16.600000000000023,29
fit:5e7d75375ffbac6fd9baa8131646a6726e786d6ca7f4f82cf90c8956f7fcce8a,2026-05-02T11:33:35+00:00,1725.0,282,164,89,11.016,14.399999999999977,29
fit:5e7d75375ffbac6fd9baa8131646a6726e786d6ca7f4f82cf90c8956f7fcce8a,2026-05-02T11:33:36+00:00,1726.0,226,164,90,11.166,14.399999999999977,29
fit:5e7d75375ffbac6fd9baa8131646a6726e786d6ca7f4f82cf90c8956f7fcce8a,2026-05-02T11:33:37+00:00,1727.0,252,164,90,11.21,14.399999999999977,28
fit:5e7d75375ffbac6fd9baa8131646a6726e786d6ca7f4f82cf90c8956f7fcce8a,2026-05-02T11:33:38+00:00,1728.0,292,164,91,11.266,15.0,28
fit:5e7d75375ffbac6fd9baa8131646a6726e786d6ca7f4f82cf90c8956f7fcce8a,2026-05-02T11:33:39+00:00,1729.0,226,164,91,11.226,15.200000000000045,28
fit:5e7d75375ffbac6fd9baa8131646a6726e786d6ca7f4f82cf90c8956f7fcce8a,2026-05-02T11:33:40+00:00,1730.0,311,164,91,11.282,15.200000000000045,28
fit:5e7d75375ffbac6fd9baa8131646a6726e786d6ca7f4f82cf90c8956f7fcce8a,2026-05-02T11:33:41+00:00,1731.0,263,164,91,11.281,15.200000000000045,28
fit:5e7d75375ffbac6fd9baa8131646a6726e786d6ca7f4f82cf90c8956f7fcce8a,2026-05-02T11:33:42+00:00,1732.0,244,164,90,11.237,15.200000000000045,28
fit:5e7d75375ffbac6fd9baa8131646a6726e786d6ca7f4f82cf90c8956f7fcce8a,2026-05-02T11:33:43+00:00,1733.0,244,164,90,11.187,15.600000000000023,28
fit:5e7d75375ffbac6fd9baa8131646a6726e786d6ca7f4f82cf90c8956f7fcce8a,2026-05-02T11:33:44+00:00,1734.0,244,165,88,11.196,15.600000000000023,28
fit:5e7d75375ffbac6fd9baa8131646a6726e786d6ca7f4f82cf90c8956f7fcce8a,2026-05-02T11:33:45+00:00,1735.0,243,165,86,11.083,15.600000000000023,28
fit:5e7d75375ffbac6fd9baa8131646a6726e786d6ca7f4f82cf90c8956f7fcce8a,2026-05-02T11:33:46+00:00,1736.0,287,165,85,10.941,14.600000000000023,28
fit:5e7d75375ffbac6fd9baa8131646a6726e786d6ca7f4f82cf90c8956f7fcce8a,2026-05-02T11:33:47+00:00,1737.0,306,165,83,10.777,13.0,28
fit:5e7d75375ffbac6fd9baa8131646a6726e786d6ca7f4f82cf90c8956f7fcce8a,2026-05-02T11:33:48+00:00,1738.0,296,165,83,10.677,13.0,28
fit:5e7d75375ffbac6fd9baa8131646a6726e786d6ca7f4f82cf90c8956f7fcce8a,2026-05-02T11:33:49+00:00,1739.0,326,165,82,10.576,13.0,28
fit:5e7d75375ffbac6fd9baa8131646a6726e786d6ca7f4f82cf90c8956f7fcce8a,2026-05-02T11:33:50+00:00,1740.0,309,164,82,10.467,14.0,28
fit:5e7d75375ffbac6fd9baa8131646a6726e786d6ca7f4f82cf90c8956f7fcce8a,2026-05-02T11:33:51+00:00,1741.0,332,164,82,10.377,16.0,28
fit:5e7d75375ffbac6fd9baa8131646a6726e786d6ca7f4f82cf90c8956f7fcce8a,2026-05-02T11:33:52+00:00,1742.0,332,164,82,10.323,16.0,28
fit:5e7d75375ffbac6fd9baa8131646a6726e786d6ca7f4f82cf90c8956f7fcce8a,2026-05-02T11:33:53+00:00,1743.0,353,164,82,10.389,16.0,28
fit:5e7d75375ffbac6fd9baa8131646a6726e786d6ca7f4f82cf90c8956f7fcce8a,2026-05-02T11:33:54+00:00,1744.0,360,163,82,10.418,15.0,28
fit:5e7d75375ffbac6fd9baa8131646a6726e786d6ca7f4f82cf90c8956f7fcce8a,2026-05-02T11:33:55+00:00,1745.0,335,163,82,10.338,15.399999999999977,28
fit:5e7d75375ffbac6fd9baa8131646a6726e786d6ca7f4f82cf90c8956f7fcce8a,2026-05-02T11:33:56+00:00,1746.0,329,163,81,10.323,15.399999999999977,28
fit:5e7d75375ffbac6fd9baa8131646a6726e786d6ca7f4f82cf90c8956f7fcce8a,2026-05-02T11:33:57+00:00,1747.0,329,162,81,10.285,15.399999999999977,28
fit:5e7d75375ffbac6fd9baa8131646a6726e786d6ca7f4f82cf90c8956f7fcce8a,2026-05-02T11:33:58+00:00,1748.0,313,162,79,10.152,15.399999999999977,28
fit:5e7d75375ffbac6fd9baa8131646a6726e786d6ca7f4f82cf90c8956f7fcce8a,2026-05-02T11:33:59+00:00,1749.0,307,162,78,9.974,16.0,28
fit:5e7d75375ffbac6fd9baa8131646a6726e786d6ca7f4f82cf90c8956f7fcce8a,2026-05-02T11:34:00+00:00,1750.0,317,162,78,9.895,16.0,28
fit:5e7d75375ffbac6fd9baa8131646a6726e786d6ca7f4f82cf90c8956f7fcce8a,2026-05-02T11:34:01+00:00,1751.0,385,163,78,9.804,16.0,28
fit:5e7d75375ffbac6fd9baa8131646a6726e786d6ca7f4f82cf90c8956f7fcce8a,2026-05-02T11:34:02+00:00,1752.0,383,163,78,9.709,16.0,28
fit:5e7d75375ffbac6fd9baa8131646a6726e786d6ca7f4f82cf90c8956f7fcce8a,2026-05-02T11:34:03+00:00,1753.0,383,163,78,9.779,16.600000000000023,28
fit:5e7d75375ffbac6fd9baa8131646a6726e786d6ca7f4f82cf90c8956f7fcce8a,2026-05-02T11:34:04+00:00,1754.0,270,163,85,9.765,16.600000000000023,28
fit:5e7d75375ffbac6fd9baa8131646a6726e786d6ca7f4f82cf90c8956f7fcce8a,2026-05-02T11:34:05+00:00,1755.0,381,163,89,9.732,16.600000000000023,28
fit:5e7d75375ffbac6fd9baa8131646a6726e786d6ca7f4f82cf90c8956f7fcce8a,2026-05-02T11:34:06+00:00,1756.0,341,163,89,9.715,16.600000000000023,28
fit:5e7d75375ffbac6fd9baa8131646a6726e786d6ca7f4f82cf90c8956f7fcce8a,2026-05-02T11:34:07+00:00,1757.0,347,163,89,9.716,16.399999999999977,28
fit:5e7d75375ffbac6fd9baa8131646a6726e786d6ca7f4f82cf90c8956f7fcce8a,2026-05-02T11:34:08+00:00,1758.0,244,163,89,9.743,16.399999999999977,28
fit:5e7d75375ffbac6fd9baa8131646a6726e786d6ca7f4f82cf90c8956f7fcce8a,2026-05-02T11:34:09+00:00,1759.0,113,163,88,9.751,16.399999999999977,28
fit:5e7d75375ffbac6fd9baa8131646a6726e786d6ca7f4f82cf90c8956f7fcce8a,2026-05-02T11:34:10+00:00,1760.0,128,163,86,9.71,17.399999999999977,28
fit:5e7d75375ffbac6fd9baa8131646a6726e786d6ca7f4f82cf90c8956f7fcce8a,2026-05-02T11:34:11+00:00,1761.0,152,163,86,9.702,17.600000000000023,28
fit:5e7d75375ffbac6fd9baa8131646a6726e786d6ca7f4f82cf90c8956f7fcce8a,2026-05-02T11:34:12+00:00,1762.0,272,163,85,9.651,17.600000000000023,28
fit:5e7d75375ffbac6fd9baa8131646a6726e786d6ca7f4f82cf90c8956f7fcce8a,2026-05-02T11:34:13+00:00,1763.0,462,163,85,9.831,17.600000000000023,28
fit:5e7d75375ffbac6fd9baa8131646a6726e786d6ca7f4f82cf90c8956f7fcce8a,2026-05-02T11:34:14+00:00,1764.0,457,163,86,9.859,17.600000000000023,28
fit:5e7d75375ffbac6fd9baa8131646a6726e786d6ca7f4f82cf90c8956f7fcce8a,2026-05-02T11:34:15+00:00,1765.0,466,162,88,9.65,17.799999999999955,28
fit:5e7d75375ffbac6fd9baa8131646a6726e786d6ca7f4f82cf90c8956f7fcce8a,2026-05-02T11:34:16+00:00,1766.0,408,162,90,9.784,17.799999999999955,28
fit:5e7d75375ffbac6fd9baa8131646a6726e786d6ca7f4f82cf90c8956f7fcce8a,2026-05-02T11:34:17+00:00,1767.0,162,162,92,10.04,17.799999999999955,28
fit:5e7d75375ffbac6fd9baa8131646a6726e786d6ca7f4f82cf90c8956f7fcce8a,2026-05-02T11:34:18+00:00,1768.0,162,162,93,10.256,17.799999999999955,28
fit:5e7d75375ffbac6fd9baa8131646a6726e786d6ca7f4f82cf90c8956f7fcce8a,2026-05-02T11:34:19+00:00,1769.0,306,162,82,10.248,16.0,28
fit:5e7d75375ffbac6fd9baa8131646a6726e786d6ca7f4f82cf90c8956f7fcce8a,2026-05-02T11:34:20+00:00,1770.0,288,162,83,10.288,16.0,28
fit:5e7d75375ffbac6fd9baa8131646a6726e786d6ca7f4f82cf90c8956f7fcce8a,2026-05-02T11:34:21+00:00,1771.0,338,162,83,10.299,16.0,28
fit:5e7d75375ffbac6fd9baa8131646a6726e786d6ca7f4f82cf90c8956f7fcce8a,2026-05-02T11:34:22+00:00,1772.0,331,162,85,10.35,17.0,28
fit:5e7d75375ffbac6fd9baa8131646a6726e786d6ca7f4f82cf90c8956f7fcce8a,2026-05-02T11:34:23+00:00,1773.0,358,161,85,10.46,17.399999999999977,28
fit:5e7d75375ffbac6fd9baa8131646a6726e786d6ca7f4f82cf90c8956f7fcce8a,2026-05-02T11:34:24+00:00,1774.0,237,161,86,10.644,17.399999999999977,28
fit:5e7d75375ffbac6fd9baa8131646a6726e786d6ca7f4f82cf90c8956f7fcce8a,2026-05-02T11:34:25+00:00,1775.0,225,161,87,10.853,17.399999999999977,28
fit:5e7d75375ffbac6fd9baa8131646a6726e786d6ca7f4f82cf90c8956f7fcce8a,2026-05-02T11:34:26+00:00,1776.0,225,161,87,10.944,17.399999999999977,28
fit:5e7d75375ffbac6fd9baa8131646a6726e786d6ca7f4f82cf90c8956f7fcce8a,2026-05-02T11:34:27+00:00,1777.0,231,162,87,11.069,17.399999999999977,28
fit:5e7d75375ffbac6fd9baa8131646a6726e786d6ca7f4f82cf90c8956f7fcce8a,2026-05-02T11:34:28+00:00,1778.0,150,162,87,11.061,17.399999999999977,28
fit:5e7d75375ffbac6fd9baa8131646a6726e786d6ca7f4f82cf90c8956f7fcce8a,2026-05-02T11:34:29+00:00,1779.0,197,163,87,11.008,17.399999999999977,28
fit:5e7d75375ffbac6fd9baa8131646a6726e786d6ca7f4f82cf90c8956f7fcce8a,2026-05-02T11:34:30+00:00,1780.0,257,163,88,10.898,17.399999999999977,28
fit:5e7d75375ffbac6fd9baa8131646a6726e786d6ca7f4f82cf90c8956f7fcce8a,2026-05-02T11:34:31+00:00,1781.0,248,163,89,10.845,16.600000000000023,28
fit:5e7d75375ffbac6fd9baa8131646a6726e786d6ca7f4f82cf90c8956f7fcce8a,2026-05-02T11:34:32+00:00,1782.0,228,163,89,10.731,16.600000000000023,28
fit:5e7d75375ffbac6fd9baa8131646a6726e786d6ca7f4f82cf90c8956f7fcce8a,2026-05-02T11:34:33+00:00,1783.0,117,163,89,10.827,16.600000000000023,28
fit:5e7d75375ffbac6fd9baa8131646a6726e786d6ca7f4f82cf90c8956f7fcce8a,2026-05-02T11:34:34+00:00,1784.0,104,163,89,10.907,17.0,28
fit:5e7d75375ffbac6fd9baa8131646a6726e786d6ca7f4f82cf90c8956f7fcce8a,2026-05-02T11:34:35+00:00,1785.0,99,162,89,10.849,17.399999999999977,28
fit:5e7d75375ffbac6fd9baa8131646a6726e786d6ca7f4f82cf90c8956f7fcce8a,2026-05-02T11:34:36+00:00,1786.0,94,162,89,10.891,17.399999999999977,28
fit:5e7d75375ffbac6fd9baa8131646a6726e786d6ca7f4f82cf90c8956f7fcce8a,2026-05-02T11:34:37+00:00,1787.0,90,162,89,11.003,17.399999999999977,28
fit:5e7d75375ffbac6fd9baa8131646a6726e786d6ca7f4f82cf90c8956f7fcce8a,2026-05-02T11:34:38+00:00,1788.0,191,161,89,11.084,17.399999999999977,28
fit:5e7d75375ffbac6fd9baa8131646a6726e786d6ca7f4f82cf90c8956f7fcce8a,2026-05-02T11:34:39+00:00,1789.0,194,160,91,11.168,16.799999999999955,28
fit:5e7d75375ffbac6fd9baa8131646a6726e786d6ca7f4f82cf90c8956f7fcce8a,2026-05-02T11:34:40+00:00,1790.0,170,159,91,11.216,16.799999999999955,28
fit:5e7d75375ffbac6fd9baa8131646a6726e786d6ca7f4f82cf90c8956f7fcce8a,2026-05-02T11:34:41+00:00,1791.0,213,158,91,11.36,16.799999999999955,28
fit:5e7d75375ffbac6fd9baa8131646a6726e786d6ca7f4f82cf90c8956f7fcce8a,2026-05-02T11:34:42+00:00,1792.0,223,157,91,11.37,16.600000000000023,28
fit:5e7d75375ffbac6fd9baa8131646a6726e786d6ca7f4f82cf90c8956f7fcce8a,2026-05-02T11:34:43+00:00,1793.0,207,156,91,11.338,15.799999999999955,28
fit:5e7d75375ffbac6fd9baa8131646a6726e786d6ca7f4f82cf90c8956f7fcce8a,2026-05-02T11:34:44+00:00,1794.0,207,156,91,11.372,15.799999999999955,28
fit:5e7d75375ffbac6fd9baa8131646a6726e786d6ca7f4f82cf90c8956f7fcce8a,2026-05-02T11:34:45+00:00,1795.0,194,155,91,11.466,15.799999999999955,28
fit:5e7d75375ffbac6fd9baa8131646a6726e786d6ca7f4f82cf90c8956f7fcce8a,2026-05-02T11:34:46+00:00,1796.0,195,155,89,11.498,15.799999999999955,28
fit:5e7d75375ffbac6fd9baa8131646a6726e786d6ca7f4f82cf90c8956f7fcce8a,2026-05-02T11:34:47+00:00,1797.0,216,155,89,11.458,14.799999999999955,28
fit:5e7d75375ffbac6fd9baa8131646a6726e786d6ca7f4f82cf90c8956f7fcce8a,2026-05-02T11:34:48+00:00,1798.0,242,155,89,11.33,14.799999999999955,28
fit:5e7d75375ffbac6fd9baa8131646a6726e786d6ca7f4f82cf90c8956f7fcce8a,2026-05-02T11:34:49+00:00,1799.0,238,155,89,11.293,14.799999999999955,28
fit:5e7d75375ffbac6fd9baa8131646a6726e786d6ca7f4f82cf90c8956f7fcce8a,2026-05-02T11:34:50+00:00,1800.0,300,154,88,11.409,14.799999999999955,28
fit:5e7d75375ffbac6fd9baa8131646a6726e786d6ca7f4f82cf90c8956f7fcce8a,2026-05-02T11:34:51+00:00,1801.0,314,154,88,11.381,15.399999999999977,28
fit:5e7d75375ffbac6fd9baa8131646a6726e786d6ca7f4f82cf90c8956f7fcce8a,2026-05-02T11:34:52+00:00,1802.0,284,154,87,11.18,15.399999999999977,28
fit:5e7d75375ffbac6fd9baa8131646a6726e786d6ca7f4f82cf90c8956f7fcce8a,2026-05-02T11:34:53+00:00,1803.0,322,153,86,11.014,15.399999999999977,28
fit:5e7d75375ffbac6fd9baa8131646a6726e786d6ca7f4f82cf90c8956f7fcce8a,2026-05-02T11:34:54+00:00,1804.0,370,153,86,10.914,15.399999999999977,28
fit:5e7d75375ffbac6fd9baa8131646a6726e786d6ca7f4f82cf90c8956f7fcce8a,2026-05-02T11:34:55+00:00,1805.0,298,152,85,10.66,16.0,28
fit:5e7d75375ffbac6fd9baa8131646a6726e786d6ca7f4f82cf90c8956f7fcce8a,2026-05-02T11:34:56+00:00,1806.0,318,152,85,10.58,16.0,28
fit:5e7d75375ffbac6fd9baa8131646a6726e786d6ca7f4f82cf90c8956f7fcce8a,2026-05-02T11:34:57+00:00,1807.0,370,152,84,10.672,16.0,28
fit:5e7d75375ffbac6fd9baa8131646a6726e786d6ca7f4f82cf90c8956f7fcce8a,2026-05-02T11:34:58+00:00,1808.0,370,152,84,10.759,16.799999999999955,28
fit:5e7d75375ffbac6fd9baa8131646a6726e786d6ca7f4f82cf90c8956f7fcce8a,2026-05-02T11:34:59+00:00,1809.0,338,151,84,10.835,17.399999999999977,28
fit:5e7d75375ffbac6fd9baa8131646a6726e786d6ca7f4f82cf90c8956f7fcce8a,2026-05-02T11:35:00+00:00,1810.0,291,151,84,10.725,17.399999999999977,28
fit:5e7d75375ffbac6fd9baa8131646a6726e786d6ca7f4f82cf90c8956f7fcce8a,2026-05-02T11:35:01+00:00,1811.0,275,151,85,10.588,17.399999999999977,28
fit:5e7d75375ffbac6fd9baa8131646a6726e786d6ca7f4f82cf90c8956f7fcce8a,2026-05-02T11:35:02+00:00,1812.0,256,150,85,10.629,17.399999999999977,28
fit:5e7d75375ffbac6fd9baa8131646a6726e786d6ca7f4f82cf90c8956f7fcce8a,2026-05-02T11:35:03+00:00,1813.0,294,151,86,10.612,16.600000000000023,28
fit:5e7d75375ffbac6fd9baa8131646a6726e786d6ca7f4f82cf90c8956f7fcce8a,2026-05-02T11:35:04+00:00,1814.0,261,151,87,10.724,16.600000000000023,28
fit:5e7d75375ffbac6fd9baa8131646a6726e786d6ca7f4f82cf90c8956f7fcce8a,2026-05-02T11:35:05+00:00,1815.0,252,152,87,10.839,16.600000000000023,28
fit:5e7d75375ffbac6fd9baa8131646a6726e786d6ca7f4f82cf90c8956f7fcce8a,2026-05-02T11:35:06+00:00,1816.0,254,153,88,10.832,16.600000000000023,28
fit:5e7d75375ffbac6fd9baa8131646a6726e786d6ca7f4f82cf90c8956f7fcce8a,2026-05-02T11:35:07+00:00,1817.0,212,153,88,11.011,16.600000000000023,28
fit:5e7d75375ffbac6fd9baa8131646a6726e786d6ca7f4f82cf90c8956f7fcce8a,2026-05-02T11:35:08+00:00,1818.0,213,154,88,11.016,16.600000000000023,28
fit:5e7d75375ffbac6fd9baa8131646a6726e786d6ca7f4f82cf90c8956f7fcce8a,2026-05-02T11:35:09+00:00,1819.0,255,154,89,11.143,16.600000000000023,28
fit:5e7d75375ffbac6fd9baa8131646a6726e786d6ca7f4f82cf90c8956f7fcce8a,2026-05-02T11:35:10+00:00,1820.0,194,154,89,11.2,17.399999999999977,28
fit:5e7d75375ffbac6fd9baa8131646a6726e786d6ca7f4f82cf90c8956f7fcce8a,2026-05-02T11:35:11+00:00,1821.0,182,154,89,11.283,17.0,28
fit:5e7d75375ffbac6fd9baa8131646a6726e786d6ca7f4f82cf90c8956f7fcce8a,2026-05-02T11:35:12+00:00,1822.0,261,154,89,11.234,17.0,28
fit:5e7d75375ffbac6fd9baa8131646a6726e786d6ca7f4f82cf90c8956f7fcce8a,2026-05-02T11:35:13+00:00,1823.0,191,154,85,11.188,17.0,28
fit:5e7d75375ffbac6fd9baa8131646a6726e786d6ca7f4f82cf90c8956f7fcce8a,2026-05-02T11:35:14+00:00,1824.0,236,154,85,11.28,16.600000000000023,28
fit:5e7d75375ffbac6fd9baa8131646a6726e786d6ca7f4f82cf90c8956f7fcce8a,2026-05-02T11:35:15+00:00,1825.0,264,154,85,11.279,17.399999999999977,28
fit:5e7d75375ffbac6fd9baa8131646a6726e786d6ca7f4f82cf90c8956f7fcce8a,2026-05-02T11:35:16+00:00,1826.0,234,153,86,11.398,17.399999999999977,28
fit:5e7d75375ffbac6fd9baa8131646a6726e786d6ca7f4f82cf90c8956f7fcce8a,2026-05-02T11:35:17+00:00,1827.0,229,153,86,11.492,17.399999999999977,28
fit:5e7d75375ffbac6fd9baa8131646a6726e786d6ca7f4f82cf90c8956f7fcce8a,2026-05-02T11:35:18+00:00,1828.0,215,154,86,11.502,17.399999999999977,28
fit:5e7d75375ffbac6fd9baa8131646a6726e786d6ca7f4f82cf90c8956f7fcce8a,2026-05-02T11:35:19+00:00,1829.0,297,154,86,11.545,16.200000000000045,28
fit:5e7d75375ffbac6fd9baa8131646a6726e786d6ca7f4f82cf90c8956f7fcce8a,2026-05-02T11:35:20+00:00,1830.0,217,154,86,11.738,16.200000000000045,28
fit:5e7d75375ffbac6fd9baa8131646a6726e786d6ca7f4f82cf90c8956f7fcce8a,2026-05-02T11:35:21+00:00,1831.0,215,155,86,11.781,16.200000000000045,28
fit:5e7d75375ffbac6fd9baa8131646a6726e786d6ca7f4f82cf90c8956f7fcce8a,2026-05-02T11:35:22+00:00,1832.0,260,155,86,11.718,16.200000000000045,28
fit:5e7d75375ffbac6fd9baa8131646a6726e786d6ca7f4f82cf90c8956f7fcce8a,2026-05-02T11:35:23+00:00,1833.0,280,155,87,11.632,17.200000000000045,28
fit:5e7d75375ffbac6fd9baa8131646a6726e786d6ca7f4f82cf90c8956f7fcce8a,2026-05-02T11:35:24+00:00,1834.0,280,154,88,11.617,17.200000000000045,28
fit:5e7d75375ffbac6fd9baa8131646a6726e786d6ca7f4f82cf90c8956f7fcce8a,2026-05-02T11:35:25+00:00,1835.0,263,154,88,11.66,17.200000000000045,28
fit:5e7d75375ffbac6fd9baa8131646a6726e786d6ca7f4f82cf90c8956f7fcce8a,2026-05-02T11:35:26+00:00,1836.0,242,154,88,11.726,16.600000000000023,28
fit:5e7d75375ffbac6fd9baa8131646a6726e786d6ca7f4f82cf90c8956f7fcce8a,2026-05-02T11:35:27+00:00,1837.0,248,153,88,11.713,16.399999999999977,28
fit:5e7d75375ffbac6fd9baa8131646a6726e786d6ca7f4f82cf90c8956f7fcce8a,2026-05-02T11:35:28+00:00,1838.0,240,152,87,11.699,16.399999999999977,28
fit:5e7d75375ffbac6fd9baa8131646a6726e786d6ca7f4f82cf90c8956f7fcce8a,2026-05-02T11:35:29+00:00,1839.0,288,152,85,11.57,16.399999999999977,28
fit:5e7d75375ffbac6fd9baa8131646a6726e786d6ca7f4f82cf90c8956f7fcce8a,2026-05-02T11:35:30+00:00,1840.0,290,151,85,11.508,16.399999999999977,28
fit:5e7d75375ffbac6fd9baa8131646a6726e786d6ca7f4f82cf90c8956f7fcce8a,2026-05-02T11:35:31+00:00,1841.0,266,151,84,11.411,17.0,28
fit:5e7d75375ffbac6fd9baa8131646a6726e786d6ca7f4f82cf90c8956f7fcce8a,2026-05-02T11:35:32+00:00,1842.0,267,151,84,11.421,17.0,28
fit:5e7d75375ffbac6fd9baa8131646a6726e786d6ca7f4f82cf90c8956f7fcce8a,2026-05-02T11:35:33+00:00,1843.0,324,150,82,11.358,17.0,28
fit:5e7d75375ffbac6fd9baa8131646a6726e786d6ca7f4f82cf90c8956f7fcce8a,2026-05-02T11:35:34+00:00,1844.0,305,150,82,11.137,17.799999999999955,28
fit:5e7d75375ffbac6fd9baa8131646a6726e786d6ca7f4f82cf90c8956f7fcce8a,2026-05-02T11:35:35+00:00,1845.0,307,150,82,11.069,18.0,28
fit:5e7d75375ffbac6fd9baa8131646a6726e786d6ca7f4f82cf90c8956f7fcce8a,2026-05-02T11:35:36+00:00,1846.0,294,149,81,11.076,18.0,28
fit:5e7d75375ffbac6fd9baa8131646a6726e786d6ca7f4f82cf90c8956f7fcce8a,2026-05-02T11:35:37+00:00,1847.0,294,149,81,11.104,18.0,28
fit:5e7d75375ffbac6fd9baa8131646a6726e786d6ca7f4f82cf90c8956f7fcce8a,2026-05-02T11:35:38+00:00,1848.0,305,149,81,10.932,18.0,28
fit:5e7d75375ffbac6fd9baa8131646a6726e786d6ca7f4f82cf90c8956f7fcce8a,2026-05-02T11:35:39+00:00,1849.0,305,149,81,10.952,18.600000000000023,28
fit:5e7d75375ffbac6fd9baa8131646a6726e786d6ca7f4f82cf90c8956f7fcce8a,2026-05-02T11:35:40+00:00,1850.0,295,149,81,10.94,18.600000000000023,28
fit:5e7d75375ffbac6fd9baa8131646a6726e786d6ca7f4f82cf90c8956f7fcce8a,2026-05-02T11:35:41+00:00,1851.0,271,150,82,10.958,18.600000000000023,28
fit:5e7d75375ffbac6fd9baa8131646a6726e786d6ca7f4f82cf90c8956f7fcce8a,2026-05-02T11:35:42+00:00,1852.0,257,150,82,10.919,18.600000000000023,28
fit:5e7d75375ffbac6fd9baa8131646a6726e786d6ca7f4f82cf90c8956f7fcce8a,2026-05-02T11:35:43+00:00,1853.0,232,150,82,10.964,18.799999999999955,28
fit:5e7d75375ffbac6fd9baa8131646a6726e786d6ca7f4f82cf90c8956f7fcce8a,2026-05-02T11:35:44+00:00,1854.0,243,150,82,11.013,18.799999999999955,28
fit:5e7d75375ffbac6fd9baa8131646a6726e786d6ca7f4f82cf90c8956f7fcce8a,2026-05-02T11:35:45+00:00,1855.0,270,150,82,10.954,18.799999999999955,28
fit:5e7d75375ffbac6fd9baa8131646a6726e786d6ca7f4f82cf90c8956f7fcce8a,2026-05-02T11:35:46+00:00,1856.0,310,150,83,11.013,18.0,28
fit:5e7d75375ffbac6fd9baa8131646a6726e786d6ca7f4f82cf90c8956f7fcce8a,2026-05-02T11:35:47+00:00,1857.0,312,150,84,11.087,18.0,28
fit:5e7d75375ffbac6fd9baa8131646a6726e786d6ca7f4f82cf90c8956f7fcce8a,2026-05-02T11:35:48+00:00,1858.0,290,151,85,11.261,18.0,28
fit:5e7d75375ffbac6fd9baa8131646a6726e786d6ca7f4f82cf90c8956f7fcce8a,2026-05-02T11:35:49+00:00,1859.0,317,151,85,11.445,18.0,28
fit:5e7d75375ffbac6fd9baa8131646a6726e786d6ca7f4f82cf90c8956f7fcce8a,2026-05-02T11:35:50+00:00,1860.0,269,152,86,11.454,18.0,28
fit:5e7d75375ffbac6fd9baa8131646a6726e786d6ca7f4f82cf90c8956f7fcce8a,2026-05-02T11:35:51+00:00,1861.0,206,153,87,11.445,18.399999999999977,28
fit:5e7d75375ffbac6fd9baa8131646a6726e786d6ca7f4f82cf90c8956f7fcce8a,2026-05-02T11:35:52+00:00,1862.0,217,153,87,11.575,18.399999999999977,28
fit:5e7d75375ffbac6fd9baa8131646a6726e786d6ca7f4f82cf90c8956f7fcce8a,2026-05-02T11:35:53+00:00,1863.0,222,154,87,11.576,18.399999999999977,28
fit:5e7d75375ffbac6fd9baa8131646a6726e786d6ca7f4f82cf90c8956f7fcce8a,2026-05-02T11:35:54+00:00,1864.0,233,155,87,11.608,18.399999999999977,28
fit:5e7d75375ffbac6fd9baa8131646a6726e786d6ca7f4f82cf90c8956f7fcce8a,2026-05-02T11:35:55+00:00,1865.0,282,156,87,11.657,19.399999999999977,28
fit:5e7d75375ffbac6fd9baa8131646a6726e786d6ca7f4f82cf90c8956f7fcce8a,2026-05-02T11:35:56+00:00,1866.0,300,157,88,11.684,19.399999999999977,28
fit:5e7d75375ffbac6fd9baa8131646a6726e786d6ca7f4f82cf90c8956f7fcce8a,2026-05-02T11:35:57+00:00,1867.0,262,157,89,11.821,19.399999999999977,28
fit:5e7d75375ffbac6fd9baa8131646a6726e786d6ca7f4f82cf90c8956f7fcce8a,2026-05-02T11:35:58+00:00,1868.0,224,157,89,11.957,19.0,28
fit:5e7d75375ffbac6fd9baa8131646a6726e786d6ca7f4f82cf90c8956f7fcce8a,2026-05-02T11:35:59+00:00,1869.0,248,158,90,12.038,18.600000000000023,28
fit:5e7d75375ffbac6fd9baa8131646a6726e786d6ca7f4f82cf90c8956f7fcce8a,2026-05-02T11:36:00+00:00,1870.0,238,159,90,12.026,18.600000000000023,28
fit:5e7d75375ffbac6fd9baa8131646a6726e786d6ca7f4f82cf90c8956f7fcce8a,2026-05-02T11:36:01+00:00,1871.0,235,159,90,12.09,18.600000000000023,28
fit:5e7d75375ffbac6fd9baa8131646a6726e786d6ca7f4f82cf90c8956f7fcce8a,2026-05-02T11:36:02+00:00,1872.0,234,159,90,12.132,18.600000000000023,28
fit:5e7d75375ffbac6fd9baa8131646a6726e786d6ca7f4f82cf90c8956f7fcce8a,2026-05-02T11:36:03+00:00,1873.0,245,159,90,12.111,18.200000000000045,28
fit:5e7d75375ffbac6fd9baa8131646a6726e786d6ca7f4f82cf90c8956f7fcce8a,2026-05-02T11:36:04+00:00,1874.0,234,160,90,12.054,18.200000000000045,28
fit:5e7d75375ffbac6fd9baa8131646a6726e786d6ca7f4f82cf90c8956f7fcce8a,2026-05-02T11:36:05+00:00,1875.0,242,160,89,12.065,18.200000000000045,28
fit:5e7d75375ffbac6fd9baa8131646a6726e786d6ca7f4f82cf90c8956f7fcce8a,2026-05-02T11:36:06+00:00,1876.0,264,160,89,12.09,19.200000000000045,28
fit:5e7d75375ffbac6fd9baa8131646a6726e786d6ca7f4f82cf90c8956f7fcce8a,2026-05-02T11:36:07+00:00,1877.0,243,160,89,12.05,19.0,28
fit:5e7d75375ffbac6fd9baa8131646a6726e786d6ca7f4f82cf90c8956f7fcce8a,2026-05-02T11:36:08+00:00,1878.0,243,160,89,11.998,19.0,28
fit:5e7d75375ffbac6fd9baa8131646a6726e786d6ca7f4f82cf90c8956f7fcce8a,2026-05-02T11:36:09+00:00,1879.0,288,159,88,11.963,19.0,28
fit:5e7d75375ffbac6fd9baa8131646a6726e786d6ca7f4f82cf90c8956f7fcce8a,2026-05-02T11:36:10+00:00,1880.0,319,159,88,11.887,18.0,28
fit:5e7d75375ffbac6fd9baa8131646a6726e786d6ca7f4f82cf90c8956f7fcce8a,2026-05-02T11:36:11+00:00,1881.0,283,158,88,11.95,18.200000000000045,28
fit:5e7d75375ffbac6fd9baa8131646a6726e786d6ca7f4f82cf90c8956f7fcce8a,2026-05-02T11:36:12+00:00,1882.0,268,158,88,11.919,18.200000000000045,28
fit:5e7d75375ffbac6fd9baa8131646a6726e786d6ca7f4f82cf90c8956f7fcce8a,2026-05-02T11:36:13+00:00,1883.0,255,158,87,11.89,18.200000000000045,28
fit:5e7d75375ffbac6fd9baa8131646a6726e786d6ca7f4f82cf90c8956f7fcce8a,2026-05-02T11:36:14+00:00,1884.0,228,158,87,11.952,18.799999999999955,28
fit:5e7d75375ffbac6fd9baa8131646a6726e786d6ca7f4f82cf90c8956f7fcce8a,2026-05-02T11:36:15+00:00,1885.0,289,158,88,11.899,18.799999999999955,28
fit:5e7d75375ffbac6fd9baa8131646a6726e786d6ca7f4f82cf90c8956f7fcce8a,2026-05-02T11:36:16+00:00,1886.0,266,158,88,11.942,18.799999999999955,28
fit:5e7d75375ffbac6fd9baa8131646a6726e786d6ca7f4f82cf90c8956f7fcce8a,2026-05-02T11:36:17+00:00,1887.0,305,158,88,11.909,18.799999999999955,28
fit:5e7d75375ffbac6fd9baa8131646a6726e786d6ca7f4f82cf90c8956f7fcce8a,2026-05-02T11:36:18+00:00,1888.0,305,158,88,11.912,18.0,28
fit:5e7d75375ffbac6fd9baa8131646a6726e786d6ca7f4f82cf90c8956f7fcce8a,2026-05-02T11:36:19+00:00,1889.0,258,157,89,11.94,18.799999999999955,28
fit:5e7d75375ffbac6fd9baa8131646a6726e786d6ca7f4f82cf90c8956f7fcce8a,2026-05-02T11:36:20+00:00,1890.0,249,157,90,11.964,18.799999999999955,28
fit:5e7d75375ffbac6fd9baa8131646a6726e786d6ca7f4f82cf90c8956f7fcce8a,2026-05-02T11:36:21+00:00,1891.0,249,157,90,12.101,18.799999999999955,28
fit:5e7d75375ffbac6fd9baa8131646a6726e786d6ca7f4f82cf90c8956f7fcce8a,2026-05-02T11:36:22+00:00,1892.0,290,156,90,12.15,18.200000000000045,28
fit:5e7d75375ffbac6fd9baa8131646a6726e786d6ca7f4f82cf90c8956f7fcce8a,2026-05-02T11:36:23+00:00,1893.0,295,156,90,12.077,18.200000000000045,28
fit:5e7d75375ffbac6fd9baa8131646a6726e786d6ca7f4f82cf90c8956f7fcce8a,2026-05-02T11:36:24+00:00,1894.0,261,156,90,12.0,18.200000000000045,28
fit:5e7d75375ffbac6fd9baa8131646a6726e786d6ca7f4f82cf90c8956f7fcce8a,2026-05-02T11:36:25+00:00,1895.0,277,156,90,12.019,18.200000000000045,28
fit:5e7d75375ffbac6fd9baa8131646a6726e786d6ca7f4f82cf90c8956f7fcce8a,2026-05-02T11:36:26+00:00,1896.0,207,156,89,12.071,18.200000000000045,28
fit:5e7d75375ffbac6fd9baa8131646a6726e786d6ca7f4f82cf90c8956f7fcce8a,2026-05-02T11:36:27+00:00,1897.0,125,156,89,12.064,18.600000000000023,28
fit:5e7d75375ffbac6fd9baa8131646a6726e786d6ca7f4f82cf90c8956f7fcce8a,2026-05-02T11:36:28+00:00,1898.0,125,156,88,12.026,18.600000000000023,28
fit:5e7d75375ffbac6fd9baa8131646a6726e786d6ca7f4f82cf90c8956f7fcce8a,2026-05-02T11:36:29+00:00,1899.0,169,156,86,11.923,18.600000000000023,28
fit:5e7d75375ffbac6fd9baa8131646a6726e786d6ca7f4f82cf90c8956f7fcce8a,2026-05-02T11:36:30+00:00,1900.0,253,155,86,11.709,18.600000000000023,28
fit:5e7d75375ffbac6fd9baa8131646a6726e786d6ca7f4f82cf90c8956f7fcce8a,2026-05-02T11:36:31+00:00,1901.0,341,154,86,11.633,18.0,28
fit:5e7d75375ffbac6fd9baa8131646a6726e786d6ca7f4f82cf90c8956f7fcce8a,2026-05-02T11:36:32+00:00,1902.0,274,154,86,11.526,18.0,28
fit:5e7d75375ffbac6fd9baa8131646a6726e786d6ca7f4f82cf90c8956f7fcce8a,2026-05-02T11:36:33+00:00,1903.0,236,154,86,11.476,18.0,28
fit:5e7d75375ffbac6fd9baa8131646a6726e786d6ca7f4f82cf90c8956f7fcce8a,2026-05-02T11:36:34+00:00,1904.0,205,153,84,11.439,19.0,28
fit:5e7d75375ffbac6fd9baa8131646a6726e786d6ca7f4f82cf90c8956f7fcce8a,2026-05-02T11:36:35+00:00,1905.0,218,153,84,11.429,17.799999999999955,28
fit:5e7d75375ffbac6fd9baa8131646a6726e786d6ca7f4f82cf90c8956f7fcce8a,2026-05-02T11:36:36+00:00,1906.0,192,153,84,11.408,17.799999999999955,28
fit:5e7d75375ffbac6fd9baa8131646a6726e786d6ca7f4f82cf90c8956f7fcce8a,2026-05-02T11:36:37+00:00,1907.0,61,153,80,11.283,17.799999999999955,28
fit:5e7d75375ffbac6fd9baa8131646a6726e786d6ca7f4f82cf90c8956f7fcce8a,2026-05-02T11:36:38+00:00,1908.0,90,153,80,11.131,18.799999999999955,28
fit:5e7d75375ffbac6fd9baa8131646a6726e786d6ca7f4f82cf90c8956f7fcce8a,2026-05-02T11:36:39+00:00,1909.0,196,153,78,11.008,19.600000000000023,28
fit:5e7d75375ffbac6fd9baa8131646a6726e786d6ca7f4f82cf90c8956f7fcce8a,2026-05-02T11:36:40+00:00,1910.0,246,153,78,10.725,19.600000000000023,28
fit:5e7d75375ffbac6fd9baa8131646a6726e786d6ca7f4f82cf90c8956f7fcce8a,2026-05-02T11:36:41+00:00,1911.0,282,153,78,10.583,19.600000000000023,28
fit:5e7d75375ffbac6fd9baa8131646a6726e786d6ca7f4f82cf90c8956f7fcce8a,2026-05-02T11:36:42+00:00,1912.0,255,152,78,10.578,19.200000000000045,28
fit:5e7d75375ffbac6fd9baa8131646a6726e786d6ca7f4f82cf90c8956f7fcce8a,2026-05-02T11:36:43+00:00,1913.0,230,151,78,10.512,19.600000000000023,28
fit:5e7d75375ffbac6fd9baa8131646a6726e786d6ca7f4f82cf90c8956f7fcce8a,2026-05-02T11:36:44+00:00,1914.0,238,150,78,10.487,19.600000000000023,28
fit:5e7d75375ffbac6fd9baa8131646a6726e786d6ca7f4f82cf90c8956f7fcce8a,2026-05-02T11:36:45+00:00,1915.0,353,150,79,10.562,19.600000000000023,28
fit:5e7d75375ffbac6fd9baa8131646a6726e786d6ca7f4f82cf90c8956f7fcce8a,2026-05-02T11:36:46+00:00,1916.0,348,150,79,10.527,19.200000000000045,28
fit:5e7d75375ffbac6fd9baa8131646a6726e786d6ca7f4f82cf90c8956f7fcce8a,2026-05-02T11:36:47+00:00,1917.0,334,149,79,10.521,19.200000000000045,28
fit:5e7d75375ffbac6fd9baa8131646a6726e786d6ca7f4f82cf90c8956f7fcce8a,2026-05-02T11:36:48+00:00,1918.0,322,149,80,10.628,19.200000000000045,28
fit:5e7d75375ffbac6fd9baa8131646a6726e786d6ca7f4f82cf90c8956f7fcce8a,2026-05-02T11:36:49+00:00,1919.0,322,149,80,10.637,19.200000000000045,28
fit:5e7d75375ffbac6fd9baa8131646a6726e786d6ca7f4f82cf90c8956f7fcce8a,2026-05-02T11:36:50+00:00,1920.0,334,149,81,10.745,19.200000000000045,28
fit:5e7d75375ffbac6fd9baa8131646a6726e786d6ca7f4f82cf90c8956f7fcce8a,2026-05-02T11:36:51+00:00,1921.0,311,150,81,10.883,18.799999999999955,28
fit:5e7d75375ffbac6fd9baa8131646a6726e786d6ca7f4f82cf90c8956f7fcce8a,2026-05-02T11:36:52+00:00,1922.0,271,150,82,10.953,18.799999999999955,28
fit:5e7d75375ffbac6fd9baa8131646a6726e786d6ca7f4f82cf90c8956f7fcce8a,2026-05-02T11:36:53+00:00,1923.0,253,150,83,11.065,18.799999999999955,28
fit:5e7d75375ffbac6fd9baa8131646a6726e786d6ca7f4f82cf90c8956f7fcce8a,2026-05-02T11:36:54+00:00,1924.0,173,151,83,11.086,19.799999999999955,28
fit:5e7d75375ffbac6fd9baa8131646a6726e786d6ca7f4f82cf90c8956f7fcce8a,2026-05-02T11:36:55+00:00,1925.0,255,151,83,11.148,18.799999999999955,28
fit:5e7d75375ffbac6fd9baa8131646a6726e786d6ca7f4f82cf90c8956f7fcce8a,2026-05-02T11:36:56+00:00,1926.0,247,151,83,11.185,18.799999999999955,28
fit:5e7d75375ffbac6fd9baa8131646a6726e786d6ca7f4f82cf90c8956f7fcce8a,2026-05-02T11:36:57+00:00,1927.0,259,151,83,11.163,18.799999999999955,28
fit:5e7d75375ffbac6fd9baa8131646a6726e786d6ca7f4f82cf90c8956f7fcce8a,2026-05-02T11:36:58+00:00,1928.0,251,151,84,11.117,18.799999999999955,28
fit:5e7d75375ffbac6fd9baa8131646a6726e786d6ca7f4f82cf90c8956f7fcce8a,2026-05-02T11:36:59+00:00,1929.0,212,151,84,11.168,19.600000000000023,28
fit:5e7d75375ffbac6fd9baa8131646a6726e786d6ca7f4f82cf90c8956f7fcce8a,2026-05-02T11:37:00+00:00,1930.0,213,151,84,11.226,19.600000000000023,28
fit:5e7d75375ffbac6fd9baa8131646a6726e786d6ca7f4f82cf90c8956f7fcce8a,2026-05-02T11:37:01+00:00,1931.0,153,150,84,11.291,19.600000000000023,28
fit:5e7d75375ffbac6fd9baa8131646a6726e786d6ca7f4f82cf90c8956f7fcce8a,2026-05-02T11:37:02+00:00,1932.0,171,150,83,11.267,18.600000000000023,28
fit:5e7d75375ffbac6fd9baa8131646a6726e786d6ca7f4f82cf90c8956f7fcce8a,2026-05-02T11:37:03+00:00,1933.0,368,150,83,11.207,19.399999999999977,28
fit:5e7d75375ffbac6fd9baa8131646a6726e786d6ca7f4f82cf90c8956f7fcce8a,2026-05-02T11:37:04+00:00,1934.0,343,150,83,11.157,19.399999999999977,28
fit:5e7d75375ffbac6fd9baa8131646a6726e786d6ca7f4f82cf90c8956f7fcce8a,2026-05-02T11:37:05+00:00,1935.0,190,150,84,11.129,19.399999999999977,28
fit:5e7d75375ffbac6fd9baa8131646a6726e786d6ca7f4f82cf90c8956f7fcce8a,2026-05-02T11:37:06+00:00,1936.0,167,150,84,11.197,18.600000000000023,28
fit:5e7d75375ffbac6fd9baa8131646a6726e786d6ca7f4f82cf90c8956f7fcce8a,2026-05-02T11:37:07+00:00,1937.0,160,150,83,11.192,18.399999999999977,28
fit:5e7d75375ffbac6fd9baa8131646a6726e786d6ca7f4f82cf90c8956f7fcce8a,2026-05-02T11:37:08+00:00,1938.0,124,150,83,11.184,18.399999999999977,28
fit:5e7d75375ffbac6fd9baa8131646a6726e786d6ca7f4f82cf90c8956f7fcce8a,2026-05-02T11:37:09+00:00,1939.0,87,150,82,11.147,18.399999999999977,28
fit:5e7d75375ffbac6fd9baa8131646a6726e786d6ca7f4f82cf90c8956f7fcce8a,2026-05-02T11:37:10+00:00,1940.0,86,150,81,11.161,18.399999999999977,28
fit:5e7d75375ffbac6fd9baa8131646a6726e786d6ca7f4f82cf90c8956f7fcce8a,2026-05-02T11:37:11+00:00,1941.0,159,151,80,10.985,18.600000000000023,28
fit:5e7d75375ffbac6fd9baa8131646a6726e786d6ca7f4f82cf90c8956f7fcce8a,2026-05-02T11:37:12+00:00,1942.0,304,151,80,10.828,18.600000000000023,28
fit:5e7d75375ffbac6fd9baa8131646a6726e786d6ca7f4f82cf90c8956f7fcce8a,2026-05-02T11:37:13+00:00,1943.0,340,150,80,10.823,18.600000000000023,28
fit:5e7d75375ffbac6fd9baa8131646a6726e786d6ca7f4f82cf90c8956f7fcce8a,2026-05-02T11:37:14+00:00,1944.0,289,150,82,10.918,18.600000000000023,28
fit:5e7d75375ffbac6fd9baa8131646a6726e786d6ca7f4f82cf90c8956f7fcce8a,2026-05-02T11:37:15+00:00,1945.0,290,149,83,10.957,17.600000000000023,28
fit:5e7d75375ffbac6fd9baa8131646a6726e786d6ca7f4f82cf90c8956f7fcce8a,2026-05-02T11:37:16+00:00,1946.0,275,149,84,11.018,17.600000000000023,28
fit:5e7d75375ffbac6fd9baa8131646a6726e786d6ca7f4f82cf90c8956f7fcce8a,2026-05-02T11:37:17+00:00,1947.0,277,149,85,11.165,17.600000000000023,28
fit:5e7d75375ffbac6fd9baa8131646a6726e786d6ca7f4f82cf90c8956f7fcce8a,2026-05-02T11:37:18+00:00,1948.0,312,149,85,11.35,17.600000000000023,28
fit:5e7d75375ffbac6fd9baa8131646a6726e786d6ca7f4f82cf90c8956f7fcce8a,2026-05-02T11:37:19+00:00,1949.0,312,149,86,11.511,17.0,28
fit:5e7d75375ffbac6fd9baa8131646a6726e786d6ca7f4f82cf90c8956f7fcce8a,2026-05-02T11:37:20+00:00,1950.0,312,149,87,11.543,17.0,28
fit:5e7d75375ffbac6fd9baa8131646a6726e786d6ca7f4f82cf90c8956f7fcce8a,2026-05-02T11:37:21+00:00,1951.0,272,149,87,11.604,17.0,28
fit:5e7d75375ffbac6fd9baa8131646a6726e786d6ca7f4f82cf90c8956f7fcce8a,2026-05-02T11:37:22+00:00,1952.0,260,150,87,11.605,18.0,28
fit:5e7d75375ffbac6fd9baa8131646a6726e786d6ca7f4f82cf90c8956f7fcce8a,2026-05-02T11:37:23+00:00,1953.0,255,150,88,11.629,17.0,28
fit:5e7d75375ffbac6fd9baa8131646a6726e786d6ca7f4f82cf90c8956f7fcce8a,2026-05-02T11:37:24+00:00,1954.0,256,150,88,11.66,17.0,28
fit:5e7d75375ffbac6fd9baa8131646a6726e786d6ca7f4f82cf90c8956f7fcce8a,2026-05-02T11:37:25+00:00,1955.0,262,150,88,11.705,17.0,28
fit:5e7d75375ffbac6fd9baa8131646a6726e786d6ca7f4f82cf90c8956f7fcce8a,2026-05-02T11:37:26+00:00,1956.0,288,150,88,11.711,17.0,28
fit:5e7d75375ffbac6fd9baa8131646a6726e786d6ca7f4f82cf90c8956f7fcce8a,2026-05-02T11:37:27+00:00,1957.0,309,150,88,11.781,16.200000000000045,28
fit:5e7d75375ffbac6fd9baa8131646a6726e786d6ca7f4f82cf90c8956f7fcce8a,2026-05-02T11:37:28+00:00,1958.0,308,150,88,11.833,16.200000000000045,28
fit:5e7d75375ffbac6fd9baa8131646a6726e786d6ca7f4f82cf90c8956f7fcce8a,2026-05-02T11:37:29+00:00,1959.0,308,151,88,11.829,16.200000000000045,28
fit:5e7d75375ffbac6fd9baa8131646a6726e786d6ca7f4f82cf90c8956f7fcce8a,2026-05-02T11:37:30+00:00,1960.0,288,152,88,11.808,17.200000000000045,28
fit:5e7d75375ffbac6fd9baa8131646a6726e786d6ca7f4f82cf90c8956f7fcce8a,2026-05-02T11:37:31+00:00,1961.0,306,152,88,11.853,18.0,28
fit:5e7d75375ffbac6fd9baa8131646a6726e786d6ca7f4f82cf90c8956f7fcce8a,2026-05-02T11:37:32+00:00,1962.0,279,153,87,11.912,18.0,28
fit:5e7d75375ffbac6fd9baa8131646a6726e786d6ca7f4f82cf90c8956f7fcce8a,2026-05-02T11:37:33+00:00,1963.0,338,153,87,11.913,18.0,28
fit:5e7d75375ffbac6fd9baa8131646a6726e786d6ca7f4f82cf90c8956f7fcce8a,2026-05-02T11:37:34+00:00,1964.0,338,153,86,11.961,18.0,28
fit:5e7d75375ffbac6fd9baa8131646a6726e786d6ca7f4f82cf90c8956f7fcce8a,2026-05-02T11:37:35+00:00,1965.0,332,153,86,11.851,18.0,28
fit:5e7d75375ffbac6fd9baa8131646a6726e786d6ca7f4f82cf90c8956f7fcce8a,2026-05-02T11:37:36+00:00,1966.0,304,153,87,11.772,18.0,28
fit:5e7d75375ffbac6fd9baa8131646a6726e786d6ca7f4f82cf90c8956f7fcce8a,2026-05-02T11:37:37+00:00,1967.0,250,153,88,11.808,18.0,28
fit:5e7d75375ffbac6fd9baa8131646a6726e786d6ca7f4f82cf90c8956f7fcce8a,2026-05-02T11:37:38+00:00,1968.0,250,153,89,11.886,18.399999999999977,28
fit:5e7d75375ffbac6fd9baa8131646a6726e786d6ca7f4f82cf90c8956f7fcce8a,2026-05-02T11:37:39+00:00,1969.0,302,153,91,11.892,17.600000000000023,28
fit:5e7d75375ffbac6fd9baa8131646a6726e786d6ca7f4f82cf90c8956f7fcce8a,2026-05-02T11:37:40+00:00,1970.0,144,153,91,11.99,17.600000000000023,28
fit:5e7d75375ffbac6fd9baa8131646a6726e786d6ca7f4f82cf90c8956f7fcce8a,2026-05-02T11:37:41+00:00,1971.0,224,153,89,12.072,17.600000000000023,28
fit:5e7d75375ffbac6fd9baa8131646a6726e786d6ca7f4f82cf90c8956f7fcce8a,2026-05-02T11:37:42+00:00,1972.0,339,154,88,12.1,16.600000000000023,28
fit:5e7d75375ffbac6fd9baa8131646a6726e786d6ca7f4f82cf90c8956f7fcce8a,2026-05-02T11:37:43+00:00,1973.0,332,154,89,12.091,15.600000000000023,28
fit:5e7d75375ffbac6fd9baa8131646a6726e786d6ca7f4f82cf90c8956f7fcce8a,2026-05-02T11:37:44+00:00,1974.0,309,154,89,12.063,15.600000000000023,28
fit:5e7d75375ffbac6fd9baa8131646a6726e786d6ca7f4f82cf90c8956f7fcce8a,2026-05-02T11:37:45+00:00,1975.0,309,154,89,12.103,15.600000000000023,28
fit:5e7d75375ffbac6fd9baa8131646a6726e786d6ca7f4f82cf90c8956f7fcce8a,2026-05-02T11:37:46+00:00,1976.0,313,155,90,12.088,15.600000000000023,28
fit:5e7d75375ffbac6fd9baa8131646a6726e786d6ca7f4f82cf90c8956f7fcce8a,2026-05-02T11:37:47+00:00,1977.0,290,155,91,11.794,15.200000000000045,28
fit:5e7d75375ffbac6fd9baa8131646a6726e786d6ca7f4f82cf90c8956f7fcce8a,2026-05-02T11:37:48+00:00,1978.0,298,155,91,12.005,15.200000000000045,28
fit:5e7d75375ffbac6fd9baa8131646a6726e786d6ca7f4f82cf90c8956f7fcce8a,2026-05-02T11:37:49+00:00,1979.0,349,155,90,12.093,15.200000000000045,28
fit:5e7d75375ffbac6fd9baa8131646a6726e786d6ca7f4f82cf90c8956f7fcce8a,2026-05-02T11:37:50+00:00,1980.0,400,156,89,11.969,15.200000000000045,28
fit:5e7d75375ffbac6fd9baa8131646a6726e786d6ca7f4f82cf90c8956f7fcce8a,2026-05-02T11:37:51+00:00,1981.0,460,157,88,11.925,15.0,28
fit:5e7d75375ffbac6fd9baa8131646a6726e786d6ca7f4f82cf90c8956f7fcce8a,2026-05-02T11:37:52+00:00,1982.0,474,158,87,11.936,15.0,28
fit:5e7d75375ffbac6fd9baa8131646a6726e786d6ca7f4f82cf90c8956f7fcce8a,2026-05-02T11:37:53+00:00,1983.0,489,159,87,11.892,15.0,28
fit:5e7d75375ffbac6fd9baa8131646a6726e786d6ca7f4f82cf90c8956f7fcce8a,2026-05-02T11:37:54+00:00,1984.0,426,160,85,11.915,16.0,28
fit:5e7d75375ffbac6fd9baa8131646a6726e786d6ca7f4f82cf90c8956f7fcce8a,2026-05-02T11:37:55+00:00,1985.0,427,161,86,11.667,16.0,28
fit:5e7d75375ffbac6fd9baa8131646a6726e786d6ca7f4f82cf90c8956f7fcce8a,2026-05-02T11:37:56+00:00,1986.0,351,161,88,11.605,16.0,28
fit:5e7d75375ffbac6fd9baa8131646a6726e786d6ca7f4f82cf90c8956f7fcce8a,2026-05-02T11:37:57+00:00,1987.0,278,161,88,11.62,16.0,28
fit:5e7d75375ffbac6fd9baa8131646a6726e786d6ca7f4f82cf90c8956f7fcce8a,2026-05-02T11:37:58+00:00,1988.0,279,162,89,11.749,16.0,28
fit:5e7d75375ffbac6fd9baa8131646a6726e786d6ca7f4f82cf90c8956f7fcce8a,2026-05-02T11:37:59+00:00,1989.0,237,162,89,11.89,14.600000000000023,28
fit:5e7d75375ffbac6fd9baa8131646a6726e786d6ca7f4f82cf90c8956f7fcce8a,2026-05-02T11:38:00+00:00,1990.0,206,163,90,11.98,14.600000000000023,28
fit:5e7d75375ffbac6fd9baa8131646a6726e786d6ca7f4f82cf90c8956f7fcce8a,2026-05-02T11:38:01+00:00,1991.0,201,163,90,11.987,14.600000000000023,28
fit:5e7d75375ffbac6fd9baa8131646a6726e786d6ca7f4f82cf90c8956f7fcce8a,2026-05-02T11:38:02+00:00,1992.0,205,163,90,12.029,14.600000000000023,28
fit:5e7d75375ffbac6fd9baa8131646a6726e786d6ca7f4f82cf90c8956f7fcce8a,2026-05-02T11:38:03+00:00,1993.0,201,163,90,12.073,14.200000000000045,28
fit:5e7d75375ffbac6fd9baa8131646a6726e786d6ca7f4f82cf90c8956f7fcce8a,2026-05-02T11:38:04+00:00,1994.0,222,162,89,12.134,14.200000000000045,28
fit:5e7d75375ffbac6fd9baa8131646a6726e786d6ca7f4f82cf90c8956f7fcce8a,2026-05-02T11:38:05+00:00,1995.0,243,162,88,12.064,14.200000000000045,28
fit:5e7d75375ffbac6fd9baa8131646a6726e786d6ca7f4f82cf90c8956f7fcce8a,2026-05-02T11:38:06+00:00,1996.0,333,162,88,12.01,14.799999999999955,28
fit:5e7d75375ffbac6fd9baa8131646a6726e786d6ca7f4f82cf90c8956f7fcce8a,2026-05-02T11:38:07+00:00,1997.0,282,162,88,11.945,15.0,28
fit:5e7d75375ffbac6fd9baa8131646a6726e786d6ca7f4f82cf90c8956f7fcce8a,2026-05-02T11:38:08+00:00,1998.0,292,161,88,11.838,15.0,28
fit:5e7d75375ffbac6fd9baa8131646a6726e786d6ca7f4f82cf90c8956f7fcce8a,2026-05-02T11:38:09+00:00,1999.0,299,161,88,11.808,15.0,28
fit:5e7d75375ffbac6fd9baa8131646a6726e786d6ca7f4f82cf90c8956f7fcce8a,2026-05-02T11:38:10+00:00,2000.0,299,161,88,11.782,14.0,28
fit:5e7d75375ffbac6fd9baa8131646a6726e786d6ca7f4f82cf90c8956f7fcce8a,2026-05-02T11:38:11+00:00,2001.0,281,161,88,11.686,14.399999999999977,28
fit:5e7d75375ffbac6fd9baa8131646a6726e786d6ca7f4f82cf90c8956f7fcce8a,2026-05-02T11:38:12+00:00,2002.0,299,161,87,11.734,14.399999999999977,28
fit:5e7d75375ffbac6fd9baa8131646a6726e786d6ca7f4f82cf90c8956f7fcce8a,2026-05-02T11:38:13+00:00,2003.0,267,161,87,11.688,14.399999999999977,28
fit:5e7d75375ffbac6fd9baa8131646a6726e786d6ca7f4f82cf90c8956f7fcce8a,2026-05-02T11:38:14+00:00,2004.0,267,161,87,11.67,14.399999999999977,28
fit:5e7d75375ffbac6fd9baa8131646a6726e786d6ca7f4f82cf90c8956f7fcce8a,2026-05-02T11:38:15+00:00,2005.0,259,161,87,11.629,14.600000000000023,28
fit:5e7d75375ffbac6fd9baa8131646a6726e786d6ca7f4f82cf90c8956f7fcce8a,2026-05-02T11:38:16+00:00,2006.0,287,161,87,11.61,14.600000000000023,28
fit:5e7d75375ffbac6fd9baa8131646a6726e786d6ca7f4f82cf90c8956f7fcce8a,2026-05-02T11:38:17+00:00,2007.0,266,161,87,11.61,14.600000000000023,28
fit:5e7d75375ffbac6fd9baa8131646a6726e786d6ca7f4f82cf90c8956f7fcce8a,2026-05-02T11:38:18+00:00,2008.0,266,161,86,11.648,14.600000000000023,28
fit:5e7d75375ffbac6fd9baa8131646a6726e786d6ca7f4f82cf90c8956f7fcce8a,2026-05-02T11:38:19+00:00,2009.0,265,161,85,11.599,16.200000000000045,28
fit:5e7d75375ffbac6fd9baa8131646a6726e786d6ca7f4f82cf90c8956f7fcce8a,2026-05-02T11:38:20+00:00,2010.0,280,160,84,11.527,16.200000000000045,28
fit:5e7d75375ffbac6fd9baa8131646a6726e786d6ca7f4f82cf90c8956f7fcce8a,2026-05-02T11:38:21+00:00,2011.0,263,160,84,11.472,16.200000000000045,28
fit:5e7d75375ffbac6fd9baa8131646a6726e786d6ca7f4f82cf90c8956f7fcce8a,2026-05-02T11:38:22+00:00,2012.0,322,160,83,11.335,16.200000000000045,28
fit:5e7d75375ffbac6fd9baa8131646a6726e786d6ca7f4f82cf90c8956f7fcce8a,2026-05-02T11:38:23+00:00,2013.0,323,160,83,11.217,15.799999999999955,28
fit:5e7d75375ffbac6fd9baa8131646a6726e786d6ca7f4f82cf90c8956f7fcce8a,2026-05-02T11:38:24+00:00,2014.0,313,160,83,11.201,15.799999999999955,28
fit:5e7d75375ffbac6fd9baa8131646a6726e786d6ca7f4f82cf90c8956f7fcce8a,2026-05-02T11:38:25+00:00,2015.0,287,160,83,11.203,15.799999999999955,28
fit:5e7d75375ffbac6fd9baa8131646a6726e786d6ca7f4f82cf90c8956f7fcce8a,2026-05-02T11:38:26+00:00,2016.0,281,160,82,11.121,15.799999999999955,28
fit:5e7d75375ffbac6fd9baa8131646a6726e786d6ca7f4f82cf90c8956f7fcce8a,2026-05-02T11:38:27+00:00,2017.0,234,160,82,11.009,16.0,28
fit:5e7d75375ffbac6fd9baa8131646a6726e786d6ca7f4f82cf90c8956f7fcce8a,2026-05-02T11:38:28+00:00,2018.0,244,161,82,11.015,16.0,28
fit:5e7d75375ffbac6fd9baa8131646a6726e786d6ca7f4f82cf90c8956f7fcce8a,2026-05-02T11:38:29+00:00,2019.0,179,160,81,11.038,16.0,28
fit:5e7d75375ffbac6fd9baa8131646a6726e786d6ca7f4f82cf90c8956f7fcce8a,2026-05-02T11:38:30+00:00,2020.0,180,160,81,10.994,16.799999999999955,28
fit:5e7d75375ffbac6fd9baa8131646a6726e786d6ca7f4f82cf90c8956f7fcce8a,2026-05-02T11:38:31+00:00,2021.0,240,160,81,10.86,16.399999999999977,28
fit:5e7d75375ffbac6fd9baa8131646a6726e786d6ca7f4f82cf90c8956f7fcce8a,2026-05-02T11:38:32+00:00,2022.0,273,159,80,10.798,16.399999999999977,28
fit:5e7d75375ffbac6fd9baa8131646a6726e786d6ca7f4f82cf90c8956f7fcce8a,2026-05-02T11:38:33+00:00,2023.0,292,159,80,10.837,16.399999999999977,28
fit:5e7d75375ffbac6fd9baa8131646a6726e786d6ca7f4f82cf90c8956f7fcce8a,2026-05-02T11:38:34+00:00,2024.0,254,158,80,10.78,16.399999999999977,28
fit:5e7d75375ffbac6fd9baa8131646a6726e786d6ca7f4f82cf90c8956f7fcce8a,2026-05-02T11:38:35+00:00,2025.0,241,158,80,10.761,16.399999999999977,28
fit:5e7d75375ffbac6fd9baa8131646a6726e786d6ca7f4f82cf90c8956f7fcce8a,2026-05-02T11:38:36+00:00,2026.0,287,158,80,10.75,16.600000000000023,28
fit:5e7d75375ffbac6fd9baa8131646a6726e786d6ca7f4f82cf90c8956f7fcce8a,2026-05-02T11:38:37+00:00,2027.0,293,158,80,10.669,16.600000000000023,28
fit:5e7d75375ffbac6fd9baa8131646a6726e786d6ca7f4f82cf90c8956f7fcce8a,2026-05-02T11:38:38+00:00,2028.0,290,158,80,10.7,16.600000000000023,28
fit:5e7d75375ffbac6fd9baa8131646a6726e786d6ca7f4f82cf90c8956f7fcce8a,2026-05-02T11:38:39+00:00,2029.0,293,158,80,10.75,16.600000000000023,28
fit:5e7d75375ffbac6fd9baa8131646a6726e786d6ca7f4f82cf90c8956f7fcce8a,2026-05-02T11:38:40+00:00,2030.0,266,158,79,10.723,17.0,28
fit:5e7d75375ffbac6fd9baa8131646a6726e786d6ca7f4f82cf90c8956f7fcce8a,2026-05-02T11:38:41+00:00,2031.0,260,158,79,10.721,17.0,28
fit:5e7d75375ffbac6fd9baa8131646a6726e786d6ca7f4f82cf90c8956f7fcce8a,2026-05-02T11:38:42+00:00,2032.0,307,158,79,10.731,17.0,28
fit:5e7d75375ffbac6fd9baa8131646a6726e786d6ca7f4f82cf90c8956f7fcce8a,2026-05-02T11:38:43+00:00,2033.0,308,158,79,10.62,17.0,28
fit:5e7d75375ffbac6fd9baa8131646a6726e786d6ca7f4f82cf90c8956f7fcce8a,2026-05-02T11:38:44+00:00,2034.0,296,158,80,10.663,17.399999999999977,28
fit:5e7d75375ffbac6fd9baa8131646a6726e786d6ca7f4f82cf90c8956f7fcce8a,2026-05-02T11:38:45+00:00,2035.0,296,158,80,10.738,17.399999999999977,28
fit:5e7d75375ffbac6fd9baa8131646a6726e786d6ca7f4f82cf90c8956f7fcce8a,2026-05-02T11:38:46+00:00,2036.0,298,158,81,10.734,17.399999999999977,28
fit:5e7d75375ffbac6fd9baa8131646a6726e786d6ca7f4f82cf90c8956f7fcce8a,2026-05-02T11:38:47+00:00,2037.0,165,158,81,10.813,16.399999999999977,28
fit:5e7d75375ffbac6fd9baa8131646a6726e786d6ca7f4f82cf90c8956f7fcce8a,2026-05-02T11:38:48+00:00,2038.0,227,158,81,10.888,16.399999999999977,28
fit:5e7d75375ffbac6fd9baa8131646a6726e786d6ca7f4f82cf90c8956f7fcce8a,2026-05-02T11:38:49+00:00,2039.0,253,159,81,10.888,16.399999999999977,28
fit:5e7d75375ffbac6fd9baa8131646a6726e786d6ca7f4f82cf90c8956f7fcce8a,2026-05-02T11:38:50+00:00,2040.0,404,159,81,10.816,16.399999999999977,28
fit:5e7d75375ffbac6fd9baa8131646a6726e786d6ca7f4f82cf90c8956f7fcce8a,2026-05-02T11:38:51+00:00,2041.0,334,160,82,10.838,16.399999999999977,28
fit:5e7d75375ffbac6fd9baa8131646a6726e786d6ca7f4f82cf90c8956f7fcce8a,2026-05-02T11:38:52+00:00,2042.0,292,160,82,10.908,17.200000000000045,28
fit:5e7d75375ffbac6fd9baa8131646a6726e786d6ca7f4f82cf90c8956f7fcce8a,2026-05-02T11:38:53+00:00,2043.0,275,160,82,10.876,17.200000000000045,28
fit:5e7d75375ffbac6fd9baa8131646a6726e786d6ca7f4f82cf90c8956f7fcce8a,2026-05-02T11:38:54+00:00,2044.0,255,160,82,10.894,17.200000000000045,28
fit:5e7d75375ffbac6fd9baa8131646a6726e786d6ca7f4f82cf90c8956f7fcce8a,2026-05-02T11:38:55+00:00,2045.0,256,160,82,10.991,17.200000000000045,28
fit:5e7d75375ffbac6fd9baa8131646a6726e786d6ca7f4f82cf90c8956f7fcce8a,2026-05-02T11:38:56+00:00,2046.0,311,160,82,11.03,17.799999999999955,28
fit:5e7d75375ffbac6fd9baa8131646a6726e786d6ca7f4f82cf90c8956f7fcce8a,2026-05-02T11:38:57+00:00,2047.0,257,160,83,11.046,17.799999999999955,28
fit:5e7d75375ffbac6fd9baa8131646a6726e786d6ca7f4f82cf90c8956f7fcce8a,2026-05-02T11:38:58+00:00,2048.0,261,160,82,11.005,17.799999999999955,28
fit:5e7d75375ffbac6fd9baa8131646a6726e786d6ca7f4f82cf90c8956f7fcce8a,2026-05-02T11:38:59+00:00,2049.0,305,160,82,11.017,17.799999999999955,28
fit:5e7d75375ffbac6fd9baa8131646a6726e786d6ca7f4f82cf90c8956f7fcce8a,2026-05-02T11:39:00+00:00,2050.0,280,160,83,11.072,17.0,28
fit:5e7d75375ffbac6fd9baa8131646a6726e786d6ca7f4f82cf90c8956f7fcce8a,2026-05-02T11:39:01+00:00,2051.0,279,160,83,11.056,17.0,28
fit:5e7d75375ffbac6fd9baa8131646a6726e786d6ca7f4f82cf90c8956f7fcce8a,2026-05-02T11:39:02+00:00,2052.0,247,160,83,11.003,17.0,28
fit:5e7d75375ffbac6fd9baa8131646a6726e786d6ca7f4f82cf90c8956f7fcce8a,2026-05-02T11:39:03+00:00,2053.0,174,160,83,11.053,17.0,28
fit:5e7d75375ffbac6fd9baa8131646a6726e786d6ca7f4f82cf90c8956f7fcce8a,2026-05-02T11:39:04+00:00,2054.0,139,160,82,11.08,17.0,28
fit:5e7d75375ffbac6fd9baa8131646a6726e786d6ca7f4f82cf90c8956f7fcce8a,2026-05-02T11:39:05+00:00,2055.0,139,160,82,11.122,17.0,28
fit:5e7d75375ffbac6fd9baa8131646a6726e786d6ca7f4f82cf90c8956f7fcce8a,2026-05-02T11:39:06+00:00,2056.0,139,161,82,11.086,17.0,28
fit:5e7d75375ffbac6fd9baa8131646a6726e786d6ca7f4f82cf90c8956f7fcce8a,2026-05-02T11:39:07+00:00,2057.0,13,161,79,10.855,18.0,28
fit:5e7d75375ffbac6fd9baa8131646a6726e786d6ca7f4f82cf90c8956f7fcce8a,2026-05-02T11:39:08+00:00,2058.0,633,161,0,10.373,19.0,28
fit:5e7d75375ffbac6fd9baa8131646a6726e786d6ca7f4f82cf90c8956f7fcce8a,2026-05-02T11:39:09+00:00,2059.0,618,161,63,9.387,19.0,28
fit:5e7d75375ffbac6fd9baa8131646a6726e786d6ca7f4f82cf90c8956f7fcce8a,2026-05-02T11:39:10+00:00,2060.0,618,161,67,9.132,19.0,28
fit:5e7d75375ffbac6fd9baa8131646a6726e786d6ca7f4f82cf90c8956f7fcce8a,2026-05-02T11:39:11+00:00,2061.0,591,160,69,9.183,18.0,28
fit:5e7d75375ffbac6fd9baa8131646a6726e786d6ca7f4f82cf90c8956f7fcce8a,2026-05-02T11:39:12+00:00,2062.0,583,160,69,9.326,17.200000000000045,28
fit:5e7d75375ffbac6fd9baa8131646a6726e786d6ca7f4f82cf90c8956f7fcce8a,2026-05-02T11:39:13+00:00,2063.0,553,160,76,9.673,17.200000000000045,28
fit:5e7d75375ffbac6fd9baa8131646a6726e786d6ca7f4f82cf90c8956f7fcce8a,2026-05-02T11:39:14+00:00,2064.0,524,160,77,9.969,17.200000000000045,28
fit:5e7d75375ffbac6fd9baa8131646a6726e786d6ca7f4f82cf90c8956f7fcce8a,2026-05-02T11:39:15+00:00,2065.0,435,160,79,10.322,17.200000000000045,28
fit:5e7d75375ffbac6fd9baa8131646a6726e786d6ca7f4f82cf90c8956f7fcce8a,2026-05-02T11:39:16+00:00,2066.0,419,161,80,10.566,17.399999999999977,28
fit:5e7d75375ffbac6fd9baa8131646a6726e786d6ca7f4f82cf90c8956f7fcce8a,2026-05-02T11:39:17+00:00,2067.0,425,161,80,10.598,17.399999999999977,28
fit:5e7d75375ffbac6fd9baa8131646a6726e786d6ca7f4f82cf90c8956f7fcce8a,2026-05-02T11:39:18+00:00,2068.0,426,162,81,10.659,17.399999999999977,28
fit:5e7d75375ffbac6fd9baa8131646a6726e786d6ca7f4f82cf90c8956f7fcce8a,2026-05-02T11:39:19+00:00,2069.0,439,162,81,10.735,17.399999999999977,28
fit:5e7d75375ffbac6fd9baa8131646a6726e786d6ca7f4f82cf90c8956f7fcce8a,2026-05-02T11:39:20+00:00,2070.0,439,163,82,10.778,17.600000000000023,28
fit:5e7d75375ffbac6fd9baa8131646a6726e786d6ca7f4f82cf90c8956f7fcce8a,2026-05-02T11:39:21+00:00,2071.0,406,163,83,10.924,17.600000000000023,28
fit:5e7d75375ffbac6fd9baa8131646a6726e786d6ca7f4f82cf90c8956f7fcce8a,2026-05-02T11:39:22+00:00,2072.0,409,163,84,11.029,17.600000000000023,28
fit:5e7d75375ffbac6fd9baa8131646a6726e786d6ca7f4f82cf90c8956f7fcce8a,2026-05-02T11:39:23+00:00,2073.0,384,164,84,11.225,17.600000000000023,28
fit:5e7d75375ffbac6fd9baa8131646a6726e786d6ca7f4f82cf90c8956f7fcce8a,2026-05-02T11:39:24+00:00,2074.0,348,164,84,11.22,17.600000000000023,28
fit:5e7d75375ffbac6fd9baa8131646a6726e786d6ca7f4f82cf90c8956f7fcce8a,2026-05-02T11:39:25+00:00,2075.0,326,165,84,11.121,17.600000000000023,28
fit:5e7d75375ffbac6fd9baa8131646a6726e786d6ca7f4f82cf90c8956f7fcce8a,2026-05-02T11:39:26+00:00,2076.0,330,166,84,11.121,17.600000000000023,28
fit:5e7d75375ffbac6fd9baa8131646a6726e786d6ca7f4f82cf90c8956f7fcce8a,2026-05-02T11:39:27+00:00,2077.0,353,167,84,11.111,17.600000000000023,27
fit:5e7d75375ffbac6fd9baa8131646a6726e786d6ca7f4f82cf90c8956f7fcce8a,2026-05-02T11:39:28+00:00,2078.0,343,168,84,11.235,17.799999999999955,27
fit:5e7d75375ffbac6fd9baa8131646a6726e786d6ca7f4f82cf90c8956f7fcce8a,2026-05-02T11:39:29+00:00,2079.0,323,168,83,11.351,17.799999999999955,27
fit:5e7d75375ffbac6fd9baa8131646a6726e786d6ca7f4f82cf90c8956f7fcce8a,2026-05-02T11:39:30+00:00,2080.0,337,169,83,11.207,17.799999999999955,27
fit:5e7d75375ffbac6fd9baa8131646a6726e786d6ca7f4f82cf90c8956f7fcce8a,2026-05-02T11:39:31+00:00,2081.0,410,169,82,11.066,16.799999999999955,27
fit:5e7d75375ffbac6fd9baa8131646a6726e786d6ca7f4f82cf90c8956f7fcce8a,2026-05-02T11:39:32+00:00,2082.0,412,170,82,11.018,17.600000000000023,27
fit:5e7d75375ffbac6fd9baa8131646a6726e786d6ca7f4f82cf90c8956f7fcce8a,2026-05-02T11:39:33+00:00,2083.0,383,170,82,11.064,17.600000000000023,27
fit:5e7d75375ffbac6fd9baa8131646a6726e786d6ca7f4f82cf90c8956f7fcce8a,2026-05-02T11:39:34+00:00,2084.0,348,170,82,11.127,17.600000000000023,27
fit:5e7d75375ffbac6fd9baa8131646a6726e786d6ca7f4f82cf90c8956f7fcce8a,2026-05-02T11:39:35+00:00,2085.0,357,170,82,11.023,16.600000000000023,27
fit:5e7d75375ffbac6fd9baa8131646a6726e786d6ca7f4f82cf90c8956f7fcce8a,2026-05-02T11:39:36+00:00,2086.0,360,171,82,10.973,16.600000000000023,27
fit:5e7d75375ffbac6fd9baa8131646a6726e786d6ca7f4f82cf90c8956f7fcce8a,2026-05-02T11:39:37+00:00,2087.0,370,172,82,11.005,16.600000000000023,27
fit:5e7d75375ffbac6fd9baa8131646a6726e786d6ca7f4f82cf90c8956f7fcce8a,2026-05-02T11:39:38+00:00,2088.0,388,172,82,10.991,16.600000000000023,27
fit:5e7d75375ffbac6fd9baa8131646a6726e786d6ca7f4f82cf90c8956f7fcce8a,2026-05-02T11:39:39+00:00,2089.0,185,172,82,10.988,16.799999999999955,27
fit:5e7d75375ffbac6fd9baa8131646a6726e786d6ca7f4f82cf90c8956f7fcce8a,2026-05-02T11:39:40+00:00,2090.0,185,173,84,10.978,16.799999999999955,27
fit:5e7d75375ffbac6fd9baa8131646a6726e786d6ca7f4f82cf90c8956f7fcce8a,2026-05-02T11:39:41+00:00,2091.0,374,173,88,10.985,16.799999999999955,27
fit:5e7d75375ffbac6fd9baa8131646a6726e786d6ca7f4f82cf90c8956f7fcce8a,2026-05-02T11:39:42+00:00,2092.0,334,174,88,11.104,16.799999999999955,27
fit:5e7d75375ffbac6fd9baa8131646a6726e786d6ca7f4f82cf90c8956f7fcce8a,2026-05-02T11:39:43+00:00,2093.0,318,174,89,11.209,16.799999999999955,27
fit:5e7d75375ffbac6fd9baa8131646a6726e786d6ca7f4f82cf90c8956f7fcce8a,2026-05-02T11:39:44+00:00,2094.0,319,174,89,11.198,17.799999999999955,27
fit:5e7d75375ffbac6fd9baa8131646a6726e786d6ca7f4f82cf90c8956f7fcce8a,2026-05-02T11:39:45+00:00,2095.0,285,174,88,11.151,17.799999999999955,27
fit:5e7d75375ffbac6fd9baa8131646a6726e786d6ca7f4f82cf90c8956f7fcce8a,2026-05-02T11:39:46+00:00,2096.0,375,174,88,11.172,17.799999999999955,27
fit:5e7d75375ffbac6fd9baa8131646a6726e786d6ca7f4f82cf90c8956f7fcce8a,2026-05-02T11:39:47+00:00,2097.0,372,175,88,11.175,17.799999999999955,27
fit:5e7d75375ffbac6fd9baa8131646a6726e786d6ca7f4f82cf90c8956f7fcce8a,2026-05-02T11:39:48+00:00,2098.0,368,175,87,11.234,18.0,27
fit:5e7d75375ffbac6fd9baa8131646a6726e786d6ca7f4f82cf90c8956f7fcce8a,2026-05-02T11:39:49+00:00,2099.0,318,175,87,11.198,18.0,27
fit:5e7d75375ffbac6fd9baa8131646a6726e786d6ca7f4f82cf90c8956f7fcce8a,2026-05-02T11:39:50+00:00,2100.0,341,175,86,11.176,18.0,27
fit:5e7d75375ffbac6fd9baa8131646a6726e786d6ca7f4f82cf90c8956f7fcce8a,2026-05-02T11:39:51+00:00,2101.0,353,175,86,10.996,17.799999999999955,27
fit:5e7d75375ffbac6fd9baa8131646a6726e786d6ca7f4f82cf90c8956f7fcce8a,2026-05-02T11:39:52+00:00,2102.0,298,175,85,10.885,16.0,27
fit:5e7d75375ffbac6fd9baa8131646a6726e786d6ca7f4f82cf90c8956f7fcce8a,2026-05-02T11:39:53+00:00,2103.0,324,176,85,10.795,16.0,27
fit:5e7d75375ffbac6fd9baa8131646a6726e786d6ca7f4f82cf90c8956f7fcce8a,2026-05-02T11:39:54+00:00,2104.0,330,176,84,10.66,16.0,27
fit:5e7d75375ffbac6fd9baa8131646a6726e786d6ca7f4f82cf90c8956f7fcce8a,2026-05-02T11:39:55+00:00,2105.0,324,176,84,10.544,17.0,27
fit:5e7d75375ffbac6fd9baa8131646a6726e786d6ca7f4f82cf90c8956f7fcce8a,2026-05-02T11:39:56+00:00,2106.0,320,176,84,10.558,18.399999999999977,27
fit:5e7d75375ffbac6fd9baa8131646a6726e786d6ca7f4f82cf90c8956f7fcce8a,2026-05-02T11:39:57+00:00,2107.0,281,176,84,10.551,18.399999999999977,27
fit:5e7d75375ffbac6fd9baa8131646a6726e786d6ca7f4f82cf90c8956f7fcce8a,2026-05-02T11:39:58+00:00,2108.0,282,176,84,10.556,18.399999999999977,27
fit:5e7d75375ffbac6fd9baa8131646a6726e786d6ca7f4f82cf90c8956f7fcce8a,2026-05-02T11:39:59+00:00,2109.0,275,176,83,10.449,17.399999999999977,27
fit:5e7d75375ffbac6fd9baa8131646a6726e786d6ca7f4f82cf90c8956f7fcce8a,2026-05-02T11:40:00+00:00,2110.0,263,176,83,10.372,18.0,27
fit:5e7d75375ffbac6fd9baa8131646a6726e786d6ca7f4f82cf90c8956f7fcce8a,2026-05-02T11:40:01+00:00,2111.0,282,176,82,10.313,18.0,27
fit:5e7d75375ffbac6fd9baa8131646a6726e786d6ca7f4f82cf90c8956f7fcce8a,2026-05-02T11:40:02+00:00,2112.0,275,177,82,10.404,18.0,27
fit:5e7d75375ffbac6fd9baa8131646a6726e786d6ca7f4f82cf90c8956f7fcce8a,2026-05-02T11:40:03+00:00,2113.0,315,176,82,10.416,18.0,27
fit:5e7d75375ffbac6fd9baa8131646a6726e786d6ca7f4f82cf90c8956f7fcce8a,2026-05-02T11:40:04+00:00,2114.0,297,176,82,10.314,18.799999999999955,27
fit:5e7d75375ffbac6fd9baa8131646a6726e786d6ca7f4f82cf90c8956f7fcce8a,2026-05-02T11:40:05+00:00,2115.0,297,175,81,10.273,18.799999999999955,27
fit:5e7d75375ffbac6fd9baa8131646a6726e786d6ca7f4f82cf90c8956f7fcce8a,2026-05-02T11:40:06+00:00,2116.0,310,175,82,10.262,18.799999999999955,27
fit:5e7d75375ffbac6fd9baa8131646a6726e786d6ca7f4f82cf90c8956f7fcce8a,2026-05-02T11:40:07+00:00,2117.0,317,175,81,10.192,18.799999999999955,27
fit:5e7d75375ffbac6fd9baa8131646a6726e786d6ca7f4f82cf90c8956f7fcce8a,2026-05-02T11:40:08+00:00,2118.0,300,174,81,10.176,18.600000000000023,27
fit:5e7d75375ffbac6fd9baa8131646a6726e786d6ca7f4f82cf90c8956f7fcce8a,2026-05-02T11:40:09+00:00,2119.0,291,175,82,10.211,18.600000000000023,27
fit:5e7d75375ffbac6fd9baa8131646a6726e786d6ca7f4f82cf90c8956f7fcce8a,2026-05-02T11:40:10+00:00,2120.0,336,175,81,10.331,18.600000000000023,27
fit:5e7d75375ffbac6fd9baa8131646a6726e786d6ca7f4f82cf90c8956f7fcce8a,2026-05-02T11:40:11+00:00,2121.0,258,175,81,10.25,18.0,27
fit:5e7d75375ffbac6fd9baa8131646a6726e786d6ca7f4f82cf90c8956f7fcce8a,2026-05-02T11:40:12+00:00,2122.0,307,175,80,10.149,17.399999999999977,27
fit:5e7d75375ffbac6fd9baa8131646a6726e786d6ca7f4f82cf90c8956f7fcce8a,2026-05-02T11:40:13+00:00,2123.0,308,175,80,10.06,17.399999999999977,27
fit:5e7d75375ffbac6fd9baa8131646a6726e786d6ca7f4f82cf90c8956f7fcce8a,2026-05-02T11:40:14+00:00,2124.0,343,175,80,10.067,17.399999999999977,27
fit:5e7d75375ffbac6fd9baa8131646a6726e786d6ca7f4f82cf90c8956f7fcce8a,2026-05-02T11:40:15+00:00,2125.0,332,175,79,9.965,16.399999999999977,27
fit:5e7d75375ffbac6fd9baa8131646a6726e786d6ca7f4f82cf90c8956f7fcce8a,2026-05-02T11:40:16+00:00,2126.0,383,174,80,9.976,17.0,27
fit:5e7d75375ffbac6fd9baa8131646a6726e786d6ca7f4f82cf90c8956f7fcce8a,2026-05-02T11:40:17+00:00,2127.0,329,174,81,9.902,17.0,27
fit:5e7d75375ffbac6fd9baa8131646a6726e786d6ca7f4f82cf90c8956f7fcce8a,2026-05-02T11:40:18+00:00,2128.0,319,174,81,10.039,17.0,27
fit:5e7d75375ffbac6fd9baa8131646a6726e786d6ca7f4f82cf90c8956f7fcce8a,2026-05-02T11:40:19+00:00,2129.0,356,174,81,10.067,18.0,27
fit:5e7d75375ffbac6fd9baa8131646a6726e786d6ca7f4f82cf90c8956f7fcce8a,2026-05-02T11:40:20+00:00,2130.0,356,174,81,10.099,18.200000000000045,27
fit:5e7d75375ffbac6fd9baa8131646a6726e786d6ca7f4f82cf90c8956f7fcce8a,2026-05-02T11:40:21+00:00,2131.0,317,174,81,10.069,18.200000000000045,27
fit:5e7d75375ffbac6fd9baa8131646a6726e786d6ca7f4f82cf90c8956f7fcce8a,2026-05-02T11:40:22+00:00,2132.0,327,174,81,10.094,18.200000000000045,27
fit:5e7d75375ffbac6fd9baa8131646a6726e786d6ca7f4f82cf90c8956f7fcce8a,2026-05-02T11:40:23+00:00,2133.0,326,174,80,10.051,18.200000000000045,27
fit:5e7d75375ffbac6fd9baa8131646a6726e786d6ca7f4f82cf90c8956f7fcce8a,2026-05-02T11:40:24+00:00,2134.0,288,174,80,10.186,18.799999999999955,27
fit:5e7d75375ffbac6fd9baa8131646a6726e786d6ca7f4f82cf90c8956f7fcce8a,2026-05-02T11:40:25+00:00,2135.0,288,174,80,10.092,18.799999999999955,27
fit:5e7d75375ffbac6fd9baa8131646a6726e786d6ca7f4f82cf90c8956f7fcce8a,2026-05-02T11:40:26+00:00,2136.0,302,174,80,10.054,18.799999999999955,27
fit:5e7d75375ffbac6fd9baa8131646a6726e786d6ca7f4f82cf90c8956f7fcce8a,2026-05-02T11:40:27+00:00,2137.0,283,174,80,10.104,18.799999999999955,27
fit:5e7d75375ffbac6fd9baa8131646a6726e786d6ca7f4f82cf90c8956f7fcce8a,2026-05-02T11:40:28+00:00,2138.0,224,174,80,9.994,17.600000000000023,27
fit:5e7d75375ffbac6fd9baa8131646a6726e786d6ca7f4f82cf90c8956f7fcce8a,2026-05-02T11:40:29+00:00,2139.0,232,174,80,10.063,17.600000000000023,27
fit:5e7d75375ffbac6fd9baa8131646a6726e786d6ca7f4f82cf90c8956f7fcce8a,2026-05-02T11:40:30+00:00,2140.0,173,175,79,10.021,17.600000000000023,27
fit:5e7d75375ffbac6fd9baa8131646a6726e786d6ca7f4f82cf90c8956f7fcce8a,2026-05-02T11:40:31+00:00,2141.0,157,175,79,9.921,18.399999999999977,27
fit:5e7d75375ffbac6fd9baa8131646a6726e786d6ca7f4f82cf90c8956f7fcce8a,2026-05-02T11:40:32+00:00,2142.0,263,174,79,9.921,18.399999999999977,27
fit:5e7d75375ffbac6fd9baa8131646a6726e786d6ca7f4f82cf90c8956f7fcce8a,2026-05-02T11:40:33+00:00,2143.0,303,174,79,9.912,18.399999999999977,27
fit:5e7d75375ffbac6fd9baa8131646a6726e786d6ca7f4f82cf90c8956f7fcce8a,2026-05-02T11:40:34+00:00,2144.0,323,174,79,9.8,18.399999999999977,27
fit:5e7d75375ffbac6fd9baa8131646a6726e786d6ca7f4f82cf90c8956f7fcce8a,2026-05-02T11:40:35+00:00,2145.0,323,173,80,9.879,18.399999999999977,27
fit:5e7d75375ffbac6fd9baa8131646a6726e786d6ca7f4f82cf90c8956f7fcce8a,2026-05-02T11:40:36+00:00,2146.0,322,173,81,9.999,18.600000000000023,27
fit:5e7d75375ffbac6fd9baa8131646a6726e786d6ca7f4f82cf90c8956f7fcce8a,2026-05-02T11:40:37+00:00,2147.0,301,173,81,9.909,18.600000000000023,27
fit:5e7d75375ffbac6fd9baa8131646a6726e786d6ca7f4f82cf90c8956f7fcce8a,2026-05-02T11:40:38+00:00,2148.0,294,172,82,10.044,18.600000000000023,27
fit:5e7d75375ffbac6fd9baa8131646a6726e786d6ca7f4f82cf90c8956f7fcce8a,2026-05-02T11:40:39+00:00,2149.0,294,172,83,10.283,18.799999999999955,27
fit:5e7d75375ffbac6fd9baa8131646a6726e786d6ca7f4f82cf90c8956f7fcce8a,2026-05-02T11:40:40+00:00,2150.0,310,172,84,10.39,19.0,27
fit:5e7d75375ffbac6fd9baa8131646a6726e786d6ca7f4f82cf90c8956f7fcce8a,2026-05-02T11:40:41+00:00,2151.0,307,172,84,10.456,19.0,27
fit:5e7d75375ffbac6fd9baa8131646a6726e786d6ca7f4f82cf90c8956f7fcce8a,2026-05-02T11:40:42+00:00,2152.0,276,172,84,10.494,19.0,27
fit:5e7d75375ffbac6fd9baa8131646a6726e786d6ca7f4f82cf90c8956f7fcce8a,2026-05-02T11:40:43+00:00,2153.0,355,172,84,10.501,18.200000000000045,27
fit:5e7d75375ffbac6fd9baa8131646a6726e786d6ca7f4f82cf90c8956f7fcce8a,2026-05-02T11:40:44+00:00,2154.0,319,172,85,10.518,18.799999999999955,27
fit:5e7d75375ffbac6fd9baa8131646a6726e786d6ca7f4f82cf90c8956f7fcce8a,2026-05-02T11:40:45+00:00,2155.0,281,172,85,10.615,18.799999999999955,27
fit:5e7d75375ffbac6fd9baa8131646a6726e786d6ca7f4f82cf90c8956f7fcce8a,2026-05-02T11:40:46+00:00,2156.0,287,172,85,10.718,18.799999999999955,27
fit:5e7d75375ffbac6fd9baa8131646a6726e786d6ca7f4f82cf90c8956f7fcce8a,2026-05-02T11:40:47+00:00,2157.0,266,172,85,10.712,18.799999999999955,27
fit:5e7d75375ffbac6fd9baa8131646a6726e786d6ca7f4f82cf90c8956f7fcce8a,2026-05-02T11:40:48+00:00,2158.0,236,172,84,10.704,17.799999999999955,27
fit:5e7d75375ffbac6fd9baa8131646a6726e786d6ca7f4f82cf90c8956f7fcce8a,2026-05-02T11:40:49+00:00,2159.0,171,172,84,10.537,17.799999999999955,27
fit:5e7d75375ffbac6fd9baa8131646a6726e786d6ca7f4f82cf90c8956f7fcce8a,2026-05-02T11:40:50+00:00,2160.0,185,172,83,10.486,17.799999999999955,27
fit:5e7d75375ffbac6fd9baa8131646a6726e786d6ca7f4f82cf90c8956f7fcce8a,2026-05-02T11:40:51+00:00,2161.0,230,172,82,10.494,18.600000000000023,27
fit:5e7d75375ffbac6fd9baa8131646a6726e786d6ca7f4f82cf90c8956f7fcce8a,2026-05-02T11:40:52+00:00,2162.0,363,172,82,10.382,17.399999999999977,27
fit:5e7d75375ffbac6fd9baa8131646a6726e786d6ca7f4f82cf90c8956f7fcce8a,2026-05-02T11:40:53+00:00,2163.0,333,172,81,10.289,17.399999999999977,27
fit:5e7d75375ffbac6fd9baa8131646a6726e786d6ca7f4f82cf90c8956f7fcce8a,2026-05-02T11:40:54+00:00,2164.0,375,172,81,10.155,17.399999999999977,27
fit:5e7d75375ffbac6fd9baa8131646a6726e786d6ca7f4f82cf90c8956f7fcce8a,2026-05-02T11:40:55+00:00,2165.0,375,172,82,10.006,18.399999999999977,27
fit:5e7d75375ffbac6fd9baa8131646a6726e786d6ca7f4f82cf90c8956f7fcce8a,2026-05-02T11:40:56+00:00,2166.0,375,171,82,9.98,18.200000000000045,27
fit:5e7d75375ffbac6fd9baa8131646a6726e786d6ca7f4f82cf90c8956f7fcce8a,2026-05-02T11:40:57+00:00,2167.0,278,170,83,10.119,18.200000000000045,27
fit:5e7d75375ffbac6fd9baa8131646a6726e786d6ca7f4f82cf90c8956f7fcce8a,2026-05-02T11:40:58+00:00,2168.0,286,170,84,10.211,18.200000000000045,27
fit:5e7d75375ffbac6fd9baa8131646a6726e786d6ca7f4f82cf90c8956f7fcce8a,2026-05-02T11:40:59+00:00,2169.0,247,170,84,10.34,18.200000000000045,27
fit:5e7d75375ffbac6fd9baa8131646a6726e786d6ca7f4f82cf90c8956f7fcce8a,2026-05-02T11:41:00+00:00,2170.0,286,170,84,10.337,18.200000000000045,27
fit:5e7d75375ffbac6fd9baa8131646a6726e786d6ca7f4f82cf90c8956f7fcce8a,2026-05-02T11:41:01+00:00,2171.0,286,170,85,10.432,18.200000000000045,27
fit:5e7d75375ffbac6fd9baa8131646a6726e786d6ca7f4f82cf90c8956f7fcce8a,2026-05-02T11:41:02+00:00,2172.0,281,170,85,10.536,18.200000000000045,27
fit:5e7d75375ffbac6fd9baa8131646a6726e786d6ca7f4f82cf90c8956f7fcce8a,2026-05-02T11:41:03+00:00,2173.0,306,170,85,10.571,18.200000000000045,27
fit:5e7d75375ffbac6fd9baa8131646a6726e786d6ca7f4f82cf90c8956f7fcce8a,2026-05-02T11:41:04+00:00,2174.0,286,170,86,10.564,18.200000000000045,27
fit:5e7d75375ffbac6fd9baa8131646a6726e786d6ca7f4f82cf90c8956f7fcce8a,2026-05-02T11:41:05+00:00,2175.0,239,170,86,10.527,18.200000000000045,27
fit:5e7d75375ffbac6fd9baa8131646a6726e786d6ca7f4f82cf90c8956f7fcce8a,2026-05-02T11:41:06+00:00,2176.0,273,170,86,10.611,18.200000000000045,27
fit:5e7d75375ffbac6fd9baa8131646a6726e786d6ca7f4f82cf90c8956f7fcce8a,2026-05-02T11:41:07+00:00,2177.0,289,170,86,10.755,17.200000000000045,27
fit:5e7d75375ffbac6fd9baa8131646a6726e786d6ca7f4f82cf90c8956f7fcce8a,2026-05-02T11:41:08+00:00,2178.0,274,170,86,10.755,16.799999999999955,27
fit:5e7d75375ffbac6fd9baa8131646a6726e786d6ca7f4f82cf90c8956f7fcce8a,2026-05-02T11:41:09+00:00,2179.0,274,170,86,10.841,16.799999999999955,27
fit:5e7d75375ffbac6fd9baa8131646a6726e786d6ca7f4f82cf90c8956f7fcce8a,2026-05-02T11:41:10+00:00,2180.0,289,170,86,10.875,16.799999999999955,27
fit:5e7d75375ffbac6fd9baa8131646a6726e786d6ca7f4f82cf90c8956f7fcce8a,2026-05-02T11:41:11+00:00,2181.0,277,171,86,10.879,16.799999999999955,27
fit:5e7d75375ffbac6fd9baa8131646a6726e786d6ca7f4f82cf90c8956f7fcce8a,2026-05-02T11:41:12+00:00,2182.0,342,171,85,10.831,18.799999999999955,27
fit:5e7d75375ffbac6fd9baa8131646a6726e786d6ca7f4f82cf90c8956f7fcce8a,2026-05-02T11:41:13+00:00,2183.0,319,171,86,10.713,18.799999999999955,27
fit:5e7d75375ffbac6fd9baa8131646a6726e786d6ca7f4f82cf90c8956f7fcce8a,2026-05-02T11:41:14+00:00,2184.0,268,170,85,10.648,18.799999999999955,27
fit:5e7d75375ffbac6fd9baa8131646a6726e786d6ca7f4f82cf90c8956f7fcce8a,2026-05-02T11:41:15+00:00,2185.0,268,170,85,10.618,17.799999999999955,27
fit:5e7d75375ffbac6fd9baa8131646a6726e786d6ca7f4f82cf90c8956f7fcce8a,2026-05-02T11:41:16+00:00,2186.0,288,170,86,10.713,17.600000000000023,27
fit:5e7d75375ffbac6fd9baa8131646a6726e786d6ca7f4f82cf90c8956f7fcce8a,2026-05-02T11:41:17+00:00,2187.0,261,170,87,10.838,17.600000000000023,27
fit:5e7d75375ffbac6fd9baa8131646a6726e786d6ca7f4f82cf90c8956f7fcce8a,2026-05-02T11:41:18+00:00,2188.0,295,170,86,10.907,17.600000000000023,27
fit:5e7d75375ffbac6fd9baa8131646a6726e786d6ca7f4f82cf90c8956f7fcce8a,2026-05-02T11:41:19+00:00,2189.0,297,169,86,10.959,17.600000000000023,27
fit:5e7d75375ffbac6fd9baa8131646a6726e786d6ca7f4f82cf90c8956f7fcce8a,2026-05-02T11:41:20+00:00,2190.0,251,169,87,10.919,19.0,27
fit:5e7d75375ffbac6fd9baa8131646a6726e786d6ca7f4f82cf90c8956f7fcce8a,2026-05-02T11:41:21+00:00,2191.0,215,169,87,10.905,19.0,27
fit:5e7d75375ffbac6fd9baa8131646a6726e786d6ca7f4f82cf90c8956f7fcce8a,2026-05-02T11:41:22+00:00,2192.0,205,169,86,10.832,19.0,27
fit:5e7d75375ffbac6fd9baa8131646a6726e786d6ca7f4f82cf90c8956f7fcce8a,2026-05-02T11:41:23+00:00,2193.0,254,168,85,10.657,18.0,27
fit:5e7d75375ffbac6fd9baa8131646a6726e786d6ca7f4f82cf90c8956f7fcce8a,2026-05-02T11:41:24+00:00,2194.0,262,168,85,10.519,17.0,27
fit:5e7d75375ffbac6fd9baa8131646a6726e786d6ca7f4f82cf90c8956f7fcce8a,2026-05-02T11:41:25+00:00,2195.0,204,168,84,10.57,17.0,27
fit:5e7d75375ffbac6fd9baa8131646a6726e786d6ca7f4f82cf90c8956f7fcce8a,2026-05-02T11:41:26+00:00,2196.0,291,168,83,10.606,17.0,27
fit:5e7d75375ffbac6fd9baa8131646a6726e786d6ca7f4f82cf90c8956f7fcce8a,2026-05-02T11:41:27+00:00,2197.0,287,167,83,10.586,17.0,27
fit:5e7d75375ffbac6fd9baa8131646a6726e786d6ca7f4f82cf90c8956f7fcce8a,2026-05-02T11:41:28+00:00,2198.0,304,167,83,10.513,17.799999999999955,27
fit:5e7d75375ffbac6fd9baa8131646a6726e786d6ca7f4f82cf90c8956f7fcce8a,2026-05-02T11:41:29+00:00,2199.0,303,167,82,10.367,17.799999999999955,27
fit:5e7d75375ffbac6fd9baa8131646a6726e786d6ca7f4f82cf90c8956f7fcce8a,2026-05-02T11:41:30+00:00,2200.0,298,167,82,10.317,17.799999999999955,27
fit:5e7d75375ffbac6fd9baa8131646a6726e786d6ca7f4f82cf90c8956f7fcce8a,2026-05-02T11:41:31+00:00,2201.0,298,167,82,10.301,17.0,27
fit:5e7d75375ffbac6fd9baa8131646a6726e786d6ca7f4f82cf90c8956f7fcce8a,2026-05-02T11:41:32+00:00,2202.0,276,167,81,10.27,16.600000000000023,27
fit:5e7d75375ffbac6fd9baa8131646a6726e786d6ca7f4f82cf90c8956f7fcce8a,2026-05-02T11:41:33+00:00,2203.0,255,167,80,10.202,16.600000000000023,27
fit:5e7d75375ffbac6fd9baa8131646a6726e786d6ca7f4f82cf90c8956f7fcce8a,2026-05-02T11:41:34+00:00,2204.0,272,167,79,10.133,16.600000000000023,27
fit:5e7d75375ffbac6fd9baa8131646a6726e786d6ca7f4f82cf90c8956f7fcce8a,2026-05-02T11:41:35+00:00,2205.0,273,167,78,10.044,16.600000000000023,27
fit:5e7d75375ffbac6fd9baa8131646a6726e786d6ca7f4f82cf90c8956f7fcce8a,2026-05-02T11:41:36+00:00,2206.0,303,167,77,9.862,16.0,27
fit:5e7d75375ffbac6fd9baa8131646a6726e786d6ca7f4f82cf90c8956f7fcce8a,2026-05-02T11:41:37+00:00,2207.0,244,167,77,9.732,16.0,27
fit:5e7d75375ffbac6fd9baa8131646a6726e786d6ca7f4f82cf90c8956f7fcce8a,2026-05-02T11:41:38+00:00,2208.0,261,167,87,9.754,16.0,27
fit:5e7d75375ffbac6fd9baa8131646a6726e786d6ca7f4f82cf90c8956f7fcce8a,2026-05-02T11:41:39+00:00,2209.0,304,167,87,9.552,16.200000000000045,27
fit:5e7d75375ffbac6fd9baa8131646a6726e786d6ca7f4f82cf90c8956f7fcce8a,2026-05-02T11:41:40+00:00,2210.0,290,166,87,9.579,16.0,27
fit:5e7d75375ffbac6fd9baa8131646a6726e786d6ca7f4f82cf90c8956f7fcce8a,2026-05-02T11:41:41+00:00,2211.0,270,166,86,9.548,16.0,27
fit:5e7d75375ffbac6fd9baa8131646a6726e786d6ca7f4f82cf90c8956f7fcce8a,2026-05-02T11:41:42+00:00,2212.0,252,166,86,9.493,16.0,27
fit:5e7d75375ffbac6fd9baa8131646a6726e786d6ca7f4f82cf90c8956f7fcce8a,2026-05-02T11:41:43+00:00,2213.0,316,165,86,9.468,16.200000000000045,27
fit:5e7d75375ffbac6fd9baa8131646a6726e786d6ca7f4f82cf90c8956f7fcce8a,2026-05-02T11:41:44+00:00,2214.0,316,165,86,9.558,16.399999999999977,27
fit:5e7d75375ffbac6fd9baa8131646a6726e786d6ca7f4f82cf90c8956f7fcce8a,2026-05-02T11:41:45+00:00,2215.0,298,166,86,9.583,16.399999999999977,27
fit:5e7d75375ffbac6fd9baa8131646a6726e786d6ca7f4f82cf90c8956f7fcce8a,2026-05-02T11:41:46+00:00,2216.0,280,166,85,9.578,16.399999999999977,27
fit:5e7d75375ffbac6fd9baa8131646a6726e786d6ca7f4f82cf90c8956f7fcce8a,2026-05-02T11:41:47+00:00,2217.0,270,165,84,9.462,15.399999999999977,27
fit:5e7d75375ffbac6fd9baa8131646a6726e786d6ca7f4f82cf90c8956f7fcce8a,2026-05-02T11:41:48+00:00,2218.0,270,165,84,9.348,15.600000000000023,27
fit:5e7d75375ffbac6fd9baa8131646a6726e786d6ca7f4f82cf90c8956f7fcce8a,2026-05-02T11:41:49+00:00,2219.0,310,165,84,9.25,15.600000000000023,27
fit:5e7d75375ffbac6fd9baa8131646a6726e786d6ca7f4f82cf90c8956f7fcce8a,2026-05-02T11:41:50+00:00,2220.0,320,165,84,9.302,15.600000000000023,27
fit:5e7d75375ffbac6fd9baa8131646a6726e786d6ca7f4f82cf90c8956f7fcce8a,2026-05-02T11:41:51+00:00,2221.0,311,165,85,9.412,16.399999999999977,27
fit:5e7d75375ffbac6fd9baa8131646a6726e786d6ca7f4f82cf90c8956f7fcce8a,2026-05-02T11:41:52+00:00,2222.0,312,165,86,9.457,15.399999999999977,27
fit:5e7d75375ffbac6fd9baa8131646a6726e786d6ca7f4f82cf90c8956f7fcce8a,2026-05-02T11:41:53+00:00,2223.0,281,165,86,9.451,15.399999999999977,27
fit:5e7d75375ffbac6fd9baa8131646a6726e786d6ca7f4f82cf90c8956f7fcce8a,2026-05-02T11:41:54+00:00,2224.0,278,165,87,9.391,15.399999999999977,27
fit:5e7d75375ffbac6fd9baa8131646a6726e786d6ca7f4f82cf90c8956f7fcce8a,2026-05-02T11:41:55+00:00,2225.0,342,165,87,9.411,16.399999999999977,27
fit:5e7d75375ffbac6fd9baa8131646a6726e786d6ca7f4f82cf90c8956f7fcce8a,2026-05-02T11:41:56+00:00,2226.0,381,165,88,9.472,17.399999999999977,27
fit:5e7d75375ffbac6fd9baa8131646a6726e786d6ca7f4f82cf90c8956f7fcce8a,2026-05-02T11:41:57+00:00,2227.0,345,165,89,9.56,17.399999999999977,27
fit:5e7d75375ffbac6fd9baa8131646a6726e786d6ca7f4f82cf90c8956f7fcce8a,2026-05-02T11:41:58+00:00,2228.0,356,165,91,9.655,17.399999999999977,27
fit:5e7d75375ffbac6fd9baa8131646a6726e786d6ca7f4f82cf90c8956f7fcce8a,2026-05-02T11:41:59+00:00,2229.0,356,165,91,9.8,17.0,27
fit:5e7d75375ffbac6fd9baa8131646a6726e786d6ca7f4f82cf90c8956f7fcce8a,2026-05-02T11:42:00+00:00,2230.0,338,166,92,9.893,15.799999999999955,27
fit:5e7d75375ffbac6fd9baa8131646a6726e786d6ca7f4f82cf90c8956f7fcce8a,2026-05-02T11:42:01+00:00,2231.0,338,166,92,9.902,15.799999999999955,27
fit:5e7d75375ffbac6fd9baa8131646a6726e786d6ca7f4f82cf90c8956f7fcce8a,2026-05-02T11:42:02+00:00,2232.0,307,166,93,9.962,15.799999999999955,27
fit:5e7d75375ffbac6fd9baa8131646a6726e786d6ca7f4f82cf90c8956f7fcce8a,2026-05-02T11:42:03+00:00,2233.0,307,166,93,9.994,16.799999999999955,27
fit:5e7d75375ffbac6fd9baa8131646a6726e786d6ca7f4f82cf90c8956f7fcce8a,2026-05-02T11:42:04+00:00,2234.0,328,167,94,10.192,16.399999999999977,27
fit:5e7d75375ffbac6fd9baa8131646a6726e786d6ca7f4f82cf90c8956f7fcce8a,2026-05-02T11:42:05+00:00,2235.0,316,167,94,10.387,16.399999999999977,27
fit:5e7d75375ffbac6fd9baa8131646a6726e786d6ca7f4f82cf90c8956f7fcce8a,2026-05-02T11:42:06+00:00,2236.0,354,168,95,10.477,16.399999999999977,27
fit:5e7d75375ffbac6fd9baa8131646a6726e786d6ca7f4f82cf90c8956f7fcce8a,2026-05-02T11:42:07+00:00,2237.0,350,168,96,10.46,16.200000000000045,27
fit:5e7d75375ffbac6fd9baa8131646a6726e786d6ca7f4f82cf90c8956f7fcce8a,2026-05-02T11:42:08+00:00,2238.0,353,168,96,10.482,17.0,27
fit:5e7d75375ffbac6fd9baa8131646a6726e786d6ca7f4f82cf90c8956f7fcce8a,2026-05-02T11:42:09+00:00,2239.0,362,168,96,10.457,17.0,27
fit:5e7d75375ffbac6fd9baa8131646a6726e786d6ca7f4f82cf90c8956f7fcce8a,2026-05-02T11:42:10+00:00,2240.0,438,169,96,10.541,17.0,27
fit:5e7d75375ffbac6fd9baa8131646a6726e786d6ca7f4f82cf90c8956f7fcce8a,2026-05-02T11:42:11+00:00,2241.0,438,169,96,10.569,16.0,27
fit:5e7d75375ffbac6fd9baa8131646a6726e786d6ca7f4f82cf90c8956f7fcce8a,2026-05-02T11:42:12+00:00,2242.0,470,169,97,10.492,16.799999999999955,27
fit:5e7d75375ffbac6fd9baa8131646a6726e786d6ca7f4f82cf90c8956f7fcce8a,2026-05-02T11:42:13+00:00,2243.0,187,170,99,10.519,16.799999999999955,27
fit:5e7d75375ffbac6fd9baa8131646a6726e786d6ca7f4f82cf90c8956f7fcce8a,2026-05-02T11:42:14+00:00,2244.0,476,171,96,10.787,16.799999999999955,27
fit:5e7d75375ffbac6fd9baa8131646a6726e786d6ca7f4f82cf90c8956f7fcce8a,2026-05-02T11:42:15+00:00,2245.0,433,172,89,10.914,16.799999999999955,27
fit:5e7d75375ffbac6fd9baa8131646a6726e786d6ca7f4f82cf90c8956f7fcce8a,2026-05-02T11:42:16+00:00,2246.0,415,172,89,10.983,15.399999999999977,27
fit:5e7d75375ffbac6fd9baa8131646a6726e786d6ca7f4f82cf90c8956f7fcce8a,2026-05-02T11:42:17+00:00,2247.0,403,172,89,11.074,15.399999999999977,27
fit:5e7d75375ffbac6fd9baa8131646a6726e786d6ca7f4f82cf90c8956f7fcce8a,2026-05-02T11:42:18+00:00,2248.0,416,173,89,11.121,15.399999999999977,27
fit:5e7d75375ffbac6fd9baa8131646a6726e786d6ca7f4f82cf90c8956f7fcce8a,2026-05-02T11:42:19+00:00,2249.0,416,173,89,11.118,15.200000000000045,27
fit:5e7d75375ffbac6fd9baa8131646a6726e786d6ca7f4f82cf90c8956f7fcce8a,2026-05-02T11:42:20+00:00,2250.0,351,173,89,11.208,14.200000000000045,27
fit:5e7d75375ffbac6fd9baa8131646a6726e786d6ca7f4f82cf90c8956f7fcce8a,2026-05-02T11:42:21+00:00,2251.0,312,174,88,11.254,14.200000000000045,27
fit:5e7d75375ffbac6fd9baa8131646a6726e786d6ca7f4f82cf90c8956f7fcce8a,2026-05-02T11:42:22+00:00,2252.0,295,175,88,11.142,14.200000000000045,27
fit:5e7d75375ffbac6fd9baa8131646a6726e786d6ca7f4f82cf90c8956f7fcce8a,2026-05-02T11:42:23+00:00,2253.0,330,175,88,11.113,15.200000000000045,27
fit:5e7d75375ffbac6fd9baa8131646a6726e786d6ca7f4f82cf90c8956f7fcce8a,2026-05-02T11:42:24+00:00,2254.0,332,175,88,11.056,12.799999999999955,27
fit:5e7d75375ffbac6fd9baa8131646a6726e786d6ca7f4f82cf90c8956f7fcce8a,2026-05-02T11:42:25+00:00,2255.0,351,175,87,11.08,12.799999999999955,27
fit:5e7d75375ffbac6fd9baa8131646a6726e786d6ca7f4f82cf90c8956f7fcce8a,2026-05-02T11:42:26+00:00,2256.0,351,175,88,11.051,12.799999999999955,27
fit:5e7d75375ffbac6fd9baa8131646a6726e786d6ca7f4f82cf90c8956f7fcce8a,2026-05-02T11:42:27+00:00,2257.0,362,175,88,11.047,13.799999999999955,27
fit:5e7d75375ffbac6fd9baa8131646a6726e786d6ca7f4f82cf90c8956f7fcce8a,2026-05-02T11:42:28+00:00,2258.0,379,175,88,10.943,14.200000000000045,27
fit:5e7d75375ffbac6fd9baa8131646a6726e786d6ca7f4f82cf90c8956f7fcce8a,2026-05-02T11:42:29+00:00,2259.0,304,176,87,10.885,14.200000000000045,27
fit:5e7d75375ffbac6fd9baa8131646a6726e786d6ca7f4f82cf90c8956f7fcce8a,2026-05-02T11:42:30+00:00,2260.0,320,176,88,10.889,14.200000000000045,27
fit:5e7d75375ffbac6fd9baa8131646a6726e786d6ca7f4f82cf90c8956f7fcce8a,2026-05-02T11:42:31+00:00,2261.0,330,176,88,10.784,14.200000000000045,27
fit:5e7d75375ffbac6fd9baa8131646a6726e786d6ca7f4f82cf90c8956f7fcce8a,2026-05-02T11:42:32+00:00,2262.0,314,176,88,10.796,17.200000000000045,27
fit:5e7d75375ffbac6fd9baa8131646a6726e786d6ca7f4f82cf90c8956f7fcce8a,2026-05-02T11:42:33+00:00,2263.0,324,176,88,10.825,17.200000000000045,27
fit:5e7d75375ffbac6fd9baa8131646a6726e786d6ca7f4f82cf90c8956f7fcce8a,2026-05-02T11:42:34+00:00,2264.0,318,177,87,10.906,17.200000000000045,27
fit:5e7d75375ffbac6fd9baa8131646a6726e786d6ca7f4f82cf90c8956f7fcce8a,2026-05-02T11:42:35+00:00,2265.0,353,177,87,10.915,16.200000000000045,27
fit:5e7d75375ffbac6fd9baa8131646a6726e786d6ca7f4f82cf90c8956f7fcce8a,2026-05-02T11:42:36+00:00,2266.0,411,176,87,11.049,14.600000000000023,27
fit:5e7d75375ffbac6fd9baa8131646a6726e786d6ca7f4f82cf90c8956f7fcce8a,2026-05-02T11:42:37+00:00,2267.0,357,176,88,11.023,14.600000000000023,27
fit:5e7d75375ffbac6fd9baa8131646a6726e786d6ca7f4f82cf90c8956f7fcce8a,2026-05-02T11:42:38+00:00,2268.0,307,176,88,11.079,14.600000000000023,27
fit:5e7d75375ffbac6fd9baa8131646a6726e786d6ca7f4f82cf90c8956f7fcce8a,2026-05-02T11:42:39+00:00,2269.0,351,176,88,11.067,15.0,27
fit:5e7d75375ffbac6fd9baa8131646a6726e786d6ca7f4f82cf90c8956f7fcce8a,2026-05-02T11:42:40+00:00,2270.0,359,176,88,11.159,15.600000000000023,27
fit:5e7d75375ffbac6fd9baa8131646a6726e786d6ca7f4f82cf90c8956f7fcce8a,2026-05-02T11:42:41+00:00,2271.0,308,176,88,11.128,15.600000000000023,27
fit:5e7d75375ffbac6fd9baa8131646a6726e786d6ca7f4f82cf90c8956f7fcce8a,2026-05-02T11:42:42+00:00,2272.0,264,176,87,11.189,15.600000000000023,27
fit:5e7d75375ffbac6fd9baa8131646a6726e786d6ca7f4f82cf90c8956f7fcce8a,2026-05-02T11:42:43+00:00,2273.0,207,176,85,11.063,15.600000000000023,27
fit:5e7d75375ffbac6fd9baa8131646a6726e786d6ca7f4f82cf90c8956f7fcce8a,2026-05-02T11:42:44+00:00,2274.0,234,176,85,10.965,15.600000000000023,27
fit:5e7d75375ffbac6fd9baa8131646a6726e786d6ca7f4f82cf90c8956f7fcce8a,2026-05-02T11:42:45+00:00,2275.0,286,176,84,10.788,15.600000000000023,27
fit:5e7d75375ffbac6fd9baa8131646a6726e786d6ca7f4f82cf90c8956f7fcce8a,2026-05-02T11:42:46+00:00,2276.0,258,176,85,10.649,15.600000000000023,27
fit:5e7d75375ffbac6fd9baa8131646a6726e786d6ca7f4f82cf90c8956f7fcce8a,2026-05-02T11:42:47+00:00,2277.0,99,176,85,10.622,15.600000000000023,27
fit:5e7d75375ffbac6fd9baa8131646a6726e786d6ca7f4f82cf90c8956f7fcce8a,2026-05-02T11:42:48+00:00,2278.0,99,175,82,10.607,15.600000000000023,27
fit:5e7d75375ffbac6fd9baa8131646a6726e786d6ca7f4f82cf90c8956f7fcce8a,2026-05-02T11:42:49+00:00,2279.0,222,175,82,10.537,15.600000000000023,27
fit:5e7d75375ffbac6fd9baa8131646a6726e786d6ca7f4f82cf90c8956f7fcce8a,2026-05-02T11:42:50+00:00,2280.0,222,174,81,10.403,15.600000000000023,27
fit:5e7d75375ffbac6fd9baa8131646a6726e786d6ca7f4f82cf90c8956f7fcce8a,2026-05-02T11:42:51+00:00,2281.0,223,174,81,10.229,16.0,27
fit:5e7d75375ffbac6fd9baa8131646a6726e786d6ca7f4f82cf90c8956f7fcce8a,2026-05-02T11:42:52+00:00,2282.0,176,173,80,10.146,15.600000000000023,27
fit:5e7d75375ffbac6fd9baa8131646a6726e786d6ca7f4f82cf90c8956f7fcce8a,2026-05-02T11:42:53+00:00,2283.0,172,173,80,10.12,15.600000000000023,27
fit:5e7d75375ffbac6fd9baa8131646a6726e786d6ca7f4f82cf90c8956f7fcce8a,2026-05-02T11:42:54+00:00,2284.0,172,172,80,10.081,15.600000000000023,27
fit:5e7d75375ffbac6fd9baa8131646a6726e786d6ca7f4f82cf90c8956f7fcce8a,2026-05-02T11:42:55+00:00,2285.0,76,172,79,9.998,15.399999999999977,27
fit:5e7d75375ffbac6fd9baa8131646a6726e786d6ca7f4f82cf90c8956f7fcce8a,2026-05-02T11:42:56+00:00,2286.0,76,172,79,9.926,14.600000000000023,27
fit:5e7d75375ffbac6fd9baa8131646a6726e786d6ca7f4f82cf90c8956f7fcce8a,2026-05-02T11:42:57+00:00,2287.0,41,171,21,9.725,14.600000000000023,27
fit:5e7d75375ffbac6fd9baa8131646a6726e786d6ca7f4f82cf90c8956f7fcce8a,2026-05-02T11:42:58+00:00,2288.0,461,171,74,9.48,14.600000000000023,27
fit:5e7d75375ffbac6fd9baa8131646a6726e786d6ca7f4f82cf90c8956f7fcce8a,2026-05-02T11:42:59+00:00,2289.0,461,170,74,9.422,15.600000000000023,27
fit:5e7d75375ffbac6fd9baa8131646a6726e786d6ca7f4f82cf90c8956f7fcce8a,2026-05-02T11:43:00+00:00,2290.0,401,169,79,9.514,16.399999999999977,27
fit:5e7d75375ffbac6fd9baa8131646a6726e786d6ca7f4f82cf90c8956f7fcce8a,2026-05-02T11:43:01+00:00,2291.0,455,169,82,9.742,16.399999999999977,27
fit:5e7d75375ffbac6fd9baa8131646a6726e786d6ca7f4f82cf90c8956f7fcce8a,2026-05-02T11:43:02+00:00,2292.0,354,168,84,10.016,16.399999999999977,27
fit:5e7d75375ffbac6fd9baa8131646a6726e786d6ca7f4f82cf90c8956f7fcce8a,2026-05-02T11:43:03+00:00,2293.0,298,168,85,10.269,15.399999999999977,27
fit:5e7d75375ffbac6fd9baa8131646a6726e786d6ca7f4f82cf90c8956f7fcce8a,2026-05-02T11:43:04+00:00,2294.0,272,168,85,10.462,16.0,27
fit:5e7d75375ffbac6fd9baa8131646a6726e786d6ca7f4f82cf90c8956f7fcce8a,2026-05-02T11:43:05+00:00,2295.0,99,168,85,10.6,16.0,27
fit:5e7d75375ffbac6fd9baa8131646a6726e786d6ca7f4f82cf90c8956f7fcce8a,2026-05-02T11:43:06+00:00,2296.0,272,168,85,10.579,16.0,27
fit:5e7d75375ffbac6fd9baa8131646a6726e786d6ca7f4f82cf90c8956f7fcce8a,2026-05-02T11:43:07+00:00,2297.0,289,169,85,10.582,16.200000000000045,27
fit:5e7d75375ffbac6fd9baa8131646a6726e786d6ca7f4f82cf90c8956f7fcce8a,2026-05-02T11:43:08+00:00,2298.0,269,169,86,10.659,15.799999999999955,27
fit:5e7d75375ffbac6fd9baa8131646a6726e786d6ca7f4f82cf90c8956f7fcce8a,2026-05-02T11:43:09+00:00,2299.0,257,169,87,10.794,15.799999999999955,27
fit:5e7d75375ffbac6fd9baa8131646a6726e786d6ca7f4f82cf90c8956f7fcce8a,2026-05-02T11:43:10+00:00,2300.0,197,169,87,10.915,15.799999999999955,27
fit:5e7d75375ffbac6fd9baa8131646a6726e786d6ca7f4f82cf90c8956f7fcce8a,2026-05-02T11:43:11+00:00,2301.0,260,169,87,10.915,15.799999999999955,27
fit:5e7d75375ffbac6fd9baa8131646a6726e786d6ca7f4f82cf90c8956f7fcce8a,2026-05-02T11:43:12+00:00,2302.0,201,169,87,10.864,15.200000000000045,27
fit:5e7d75375ffbac6fd9baa8131646a6726e786d6ca7f4f82cf90c8956f7fcce8a,2026-05-02T11:43:13+00:00,2303.0,258,169,88,10.945,15.200000000000045,27
fit:5e7d75375ffbac6fd9baa8131646a6726e786d6ca7f4f82cf90c8956f7fcce8a,2026-05-02T11:43:14+00:00,2304.0,203,168,87,10.924,15.200000000000045,27
fit:5e7d75375ffbac6fd9baa8131646a6726e786d6ca7f4f82cf90c8956f7fcce8a,2026-05-02T11:43:15+00:00,2305.0,220,168,87,10.892,15.200000000000045,27
fit:5e7d75375ffbac6fd9baa8131646a6726e786d6ca7f4f82cf90c8956f7fcce8a,2026-05-02T11:43:16+00:00,2306.0,205,168,86,10.785,15.200000000000045,27
fit:5e7d75375ffbac6fd9baa8131646a6726e786d6ca7f4f82cf90c8956f7fcce8a,2026-05-02T11:43:17+00:00,2307.0,367,168,85,10.628,15.200000000000045,27
fit:5e7d75375ffbac6fd9baa8131646a6726e786d6ca7f4f82cf90c8956f7fcce8a,2026-05-02T11:43:18+00:00,2308.0,234,168,86,10.701,15.200000000000045,27
fit:5e7d75375ffbac6fd9baa8131646a6726e786d6ca7f4f82cf90c8956f7fcce8a,2026-05-02T11:43:19+00:00,2309.0,201,168,86,10.813,16.0,27
fit:5e7d75375ffbac6fd9baa8131646a6726e786d6ca7f4f82cf90c8956f7fcce8a,2026-05-02T11:43:20+00:00,2310.0,198,168,86,10.855,15.0,27
fit:5e7d75375ffbac6fd9baa8131646a6726e786d6ca7f4f82cf90c8956f7fcce8a,2026-05-02T11:43:21+00:00,2311.0,200,167,85,10.833,15.0,27
fit:5e7d75375ffbac6fd9baa8131646a6726e786d6ca7f4f82cf90c8956f7fcce8a,2026-05-02T11:43:22+00:00,2312.0,218,167,85,10.796,15.0,27
fit:5e7d75375ffbac6fd9baa8131646a6726e786d6ca7f4f82cf90c8956f7fcce8a,2026-05-02T11:43:23+00:00,2313.0,287,167,84,10.705,15.0,27
fit:5e7d75375ffbac6fd9baa8131646a6726e786d6ca7f4f82cf90c8956f7fcce8a,2026-05-02T11:43:24+00:00,2314.0,270,166,85,10.667,16.0,27
fit:5e7d75375ffbac6fd9baa8131646a6726e786d6ca7f4f82cf90c8956f7fcce8a,2026-05-02T11:43:25+00:00,2315.0,179,166,85,10.656,16.0,27
fit:5e7d75375ffbac6fd9baa8131646a6726e786d6ca7f4f82cf90c8956f7fcce8a,2026-05-02T11:43:26+00:00,2316.0,180,166,85,10.71,16.0,27
fit:5e7d75375ffbac6fd9baa8131646a6726e786d6ca7f4f82cf90c8956f7fcce8a,2026-05-02T11:43:27+00:00,2317.0,188,166,85,10.692,16.0,27
fit:5e7d75375ffbac6fd9baa8131646a6726e786d6ca7f4f82cf90c8956f7fcce8a,2026-05-02T11:43:28+00:00,2318.0,140,165,84,10.697,15.399999999999977,27
fit:5e7d75375ffbac6fd9baa8131646a6726e786d6ca7f4f82cf90c8956f7fcce8a,2026-05-02T11:43:29+00:00,2319.0,179,165,84,10.632,15.399999999999977,27
fit:5e7d75375ffbac6fd9baa8131646a6726e786d6ca7f4f82cf90c8956f7fcce8a,2026-05-02T11:43:30+00:00,2320.0,172,165,84,10.48,15.399999999999977,27
fit:5e7d75375ffbac6fd9baa8131646a6726e786d6ca7f4f82cf90c8956f7fcce8a,2026-05-02T11:43:31+00:00,2321.0,200,165,84,10.507,16.399999999999977,27
fit:5e7d75375ffbac6fd9baa8131646a6726e786d6ca7f4f82cf90c8956f7fcce8a,2026-05-02T11:43:32+00:00,2322.0,154,165,84,10.484,16.600000000000023,27
fit:5e7d75375ffbac6fd9baa8131646a6726e786d6ca7f4f82cf90c8956f7fcce8a,2026-05-02T11:43:33+00:00,2323.0,171,164,84,10.515,16.600000000000023,27
fit:5e7d75375ffbac6fd9baa8131646a6726e786d6ca7f4f82cf90c8956f7fcce8a,2026-05-02T11:43:34+00:00,2324.0,214,163,83,10.488,16.600000000000023,27
fit:5e7d75375ffbac6fd9baa8131646a6726e786d6ca7f4f82cf90c8956f7fcce8a,2026-05-02T11:43:35+00:00,2325.0,214,163,83,10.349,15.600000000000023,27
fit:5e7d75375ffbac6fd9baa8131646a6726e786d6ca7f4f82cf90c8956f7fcce8a,2026-05-02T11:43:36+00:00,2326.0,225,163,83,10.319,15.799999999999955,27
fit:5e7d75375ffbac6fd9baa8131646a6726e786d6ca7f4f82cf90c8956f7fcce8a,2026-05-02T11:43:37+00:00,2327.0,262,162,82,10.282,15.799999999999955,27
fit:5e7d75375ffbac6fd9baa8131646a6726e786d6ca7f4f82cf90c8956f7fcce8a,2026-05-02T11:43:38+00:00,2328.0,266,162,82,10.261,15.799999999999955,27
fit:5e7d75375ffbac6fd9baa8131646a6726e786d6ca7f4f82cf90c8956f7fcce8a,2026-05-02T11:43:39+00:00,2329.0,272,161,81,10.21,16.0,27
fit:5e7d75375ffbac6fd9baa8131646a6726e786d6ca7f4f82cf90c8956f7fcce8a,2026-05-02T11:43:40+00:00,2330.0,272,161,81,10.125,15.799999999999955,27
fit:5e7d75375ffbac6fd9baa8131646a6726e786d6ca7f4f82cf90c8956f7fcce8a,2026-05-02T11:43:41+00:00,2331.0,306,160,81,10.103,15.799999999999955,27
fit:5e7d75375ffbac6fd9baa8131646a6726e786d6ca7f4f82cf90c8956f7fcce8a,2026-05-02T11:43:42+00:00,2332.0,197,160,92,10.161,15.799999999999955,27
fit:5e7d75375ffbac6fd9baa8131646a6726e786d6ca7f4f82cf90c8956f7fcce8a,2026-05-02T11:43:43+00:00,2333.0,223,159,92,10.092,16.399999999999977,27
fit:5e7d75375ffbac6fd9baa8131646a6726e786d6ca7f4f82cf90c8956f7fcce8a,2026-05-02T11:43:44+00:00,2334.0,235,158,91,10.161,16.799999999999955,27
fit:5e7d75375ffbac6fd9baa8131646a6726e786d6ca7f4f82cf90c8956f7fcce8a,2026-05-02T11:43:45+00:00,2335.0,225,158,91,10.133,16.799999999999955,27
fit:5e7d75375ffbac6fd9baa8131646a6726e786d6ca7f4f82cf90c8956f7fcce8a,2026-05-02T11:43:46+00:00,2336.0,233,158,90,10.112,16.799999999999955,27
fit:5e7d75375ffbac6fd9baa8131646a6726e786d6ca7f4f82cf90c8956f7fcce8a,2026-05-02T11:43:47+00:00,2337.0,233,158,89,10.068,16.799999999999955,27
fit:5e7d75375ffbac6fd9baa8131646a6726e786d6ca7f4f82cf90c8956f7fcce8a,2026-05-02T11:43:48+00:00,2338.0,249,158,89,9.961,16.200000000000045,27
fit:5e7d75375ffbac6fd9baa8131646a6726e786d6ca7f4f82cf90c8956f7fcce8a,2026-05-02T11:43:49+00:00,2339.0,250,158,87,9.892,16.200000000000045,27
fit:5e7d75375ffbac6fd9baa8131646a6726e786d6ca7f4f82cf90c8956f7fcce8a,2026-05-02T11:43:50+00:00,2340.0,251,158,87,9.807,16.200000000000045,27
fit:5e7d75375ffbac6fd9baa8131646a6726e786d6ca7f4f82cf90c8956f7fcce8a,2026-05-02T11:43:51+00:00,2341.0,243,157,86,9.717,17.200000000000045,27
fit:5e7d75375ffbac6fd9baa8131646a6726e786d6ca7f4f82cf90c8956f7fcce8a,2026-05-02T11:43:52+00:00,2342.0,228,157,85,9.572,17.200000000000045,27
fit:5e7d75375ffbac6fd9baa8131646a6726e786d6ca7f4f82cf90c8956f7fcce8a,2026-05-02T11:43:53+00:00,2343.0,239,157,84,9.455,17.200000000000045,27
fit:5e7d75375ffbac6fd9baa8131646a6726e786d6ca7f4f82cf90c8956f7fcce8a,2026-05-02T11:43:54+00:00,2344.0,235,157,84,9.341,17.200000000000045,27
fit:5e7d75375ffbac6fd9baa8131646a6726e786d6ca7f4f82cf90c8956f7fcce8a,2026-05-02T11:43:55+00:00,2345.0,243,157,83,9.273,17.200000000000045,27
fit:5e7d75375ffbac6fd9baa8131646a6726e786d6ca7f4f82cf90c8956f7fcce8a,2026-05-02T11:43:56+00:00,2346.0,244,157,83,9.245,18.0,27
fit:5e7d75375ffbac6fd9baa8131646a6726e786d6ca7f4f82cf90c8956f7fcce8a,2026-05-02T11:43:57+00:00,2347.0,264,157,83,9.231,18.0,27
fit:5e7d75375ffbac6fd9baa8131646a6726e786d6ca7f4f82cf90c8956f7fcce8a,2026-05-02T11:43:58+00:00,2348.0,236,157,83,9.151,18.0,27
fit:5e7d75375ffbac6fd9baa8131646a6726e786d6ca7f4f82cf90c8956f7fcce8a,2026-05-02T11:43:59+00:00,2349.0,278,156,83,9.14,18.0,27
fit:5e7d75375ffbac6fd9baa8131646a6726e786d6ca7f4f82cf90c8956f7fcce8a,2026-05-02T11:44:00+00:00,2350.0,263,156,83,9.2,18.799999999999955,27
fit:5e7d75375ffbac6fd9baa8131646a6726e786d6ca7f4f82cf90c8956f7fcce8a,2026-05-02T11:44:01+00:00,2351.0,284,156,84,9.25,18.799999999999955,27
fit:5e7d75375ffbac6fd9baa8131646a6726e786d6ca7f4f82cf90c8956f7fcce8a,2026-05-02T11:44:02+00:00,2352.0,262,155,85,9.193,18.799999999999955,27
fit:5e7d75375ffbac6fd9baa8131646a6726e786d6ca7f4f82cf90c8956f7fcce8a,2026-05-02T11:44:03+00:00,2353.0,208,155,86,9.228,18.799999999999955,27
fit:5e7d75375ffbac6fd9baa8131646a6726e786d6ca7f4f82cf90c8956f7fcce8a,2026-05-02T11:44:04+00:00,2354.0,237,154,87,9.288,19.0,27
fit:5e7d75375ffbac6fd9baa8131646a6726e786d6ca7f4f82cf90c8956f7fcce8a,2026-05-02T11:44:05+00:00,2355.0,246,154,87,9.363,19.0,27
fit:5e7d75375ffbac6fd9baa8131646a6726e786d6ca7f4f82cf90c8956f7fcce8a,2026-05-02T11:44:06+00:00,2356.0,235,154,88,9.459,19.0,27
fit:5e7d75375ffbac6fd9baa8131646a6726e786d6ca7f4f82cf90c8956f7fcce8a,2026-05-02T11:44:07+00:00,2357.0,180,154,89,9.582,19.0,27
fit:5e7d75375ffbac6fd9baa8131646a6726e786d6ca7f4f82cf90c8956f7fcce8a,2026-05-02T11:44:08+00:00,2358.0,179,154,89,9.652,18.399999999999977,27
fit:5e7d75375ffbac6fd9baa8131646a6726e786d6ca7f4f82cf90c8956f7fcce8a,2026-05-02T11:44:09+00:00,2359.0,185,154,89,9.691,18.399999999999977,27
fit:5e7d75375ffbac6fd9baa8131646a6726e786d6ca7f4f82cf90c8956f7fcce8a,2026-05-02T11:44:10+00:00,2360.0,208,153,89,9.795,18.399999999999977,27
fit:5e7d75375ffbac6fd9baa8131646a6726e786d6ca7f4f82cf90c8956f7fcce8a,2026-05-02T11:44:11+00:00,2361.0,202,153,89,9.821,17.399999999999977,27
fit:5e7d75375ffbac6fd9baa8131646a6726e786d6ca7f4f82cf90c8956f7fcce8a,2026-05-02T11:44:12+00:00,2362.0,241,152,89,9.896,17.399999999999977,27
fit:5e7d75375ffbac6fd9baa8131646a6726e786d6ca7f4f82cf90c8956f7fcce8a,2026-05-02T11:44:13+00:00,2363.0,246,152,90,9.943,17.399999999999977,27
fit:5e7d75375ffbac6fd9baa8131646a6726e786d6ca7f4f82cf90c8956f7fcce8a,2026-05-02T11:44:14+00:00,2364.0,228,152,91,10.006,17.399999999999977,27
fit:5e7d75375ffbac6fd9baa8131646a6726e786d6ca7f4f82cf90c8956f7fcce8a,2026-05-02T11:44:15+00:00,2365.0,204,152,92,10.056,17.399999999999977,27
fit:5e7d75375ffbac6fd9baa8131646a6726e786d6ca7f4f82cf90c8956f7fcce8a,2026-05-02T11:44:16+00:00,2366.0,190,152,92,10.067,17.600000000000023,27
fit:5e7d75375ffbac6fd9baa8131646a6726e786d6ca7f4f82cf90c8956f7fcce8a,2026-05-02T11:44:17+00:00,2367.0,190,152,92,10.089,17.600000000000023,27
fit:5e7d75375ffbac6fd9baa8131646a6726e786d6ca7f4f82cf90c8956f7fcce8a,2026-05-02T11:44:18+00:00,2368.0,196,153,92,10.027,17.600000000000023,27
fit:5e7d75375ffbac6fd9baa8131646a6726e786d6ca7f4f82cf90c8956f7fcce8a,2026-05-02T11:44:19+00:00,2369.0,189,153,92,10.009,17.600000000000023,27
fit:5e7d75375ffbac6fd9baa8131646a6726e786d6ca7f4f82cf90c8956f7fcce8a,2026-05-02T11:44:20+00:00,2370.0,198,153,92,10.057,17.799999999999955,27
fit:5e7d75375ffbac6fd9baa8131646a6726e786d6ca7f4f82cf90c8956f7fcce8a,2026-05-02T11:44:21+00:00,2371.0,199,154,92,10.029,17.799999999999955,27
fit:5e7d75375ffbac6fd9baa8131646a6726e786d6ca7f4f82cf90c8956f7fcce8a,2026-05-02T11:44:22+00:00,2372.0,208,154,92,10.096,17.799999999999955,27
fit:5e7d75375ffbac6fd9baa8131646a6726e786d6ca7f4f82cf90c8956f7fcce8a,2026-05-02T11:44:23+00:00,2373.0,222,155,92,10.196,17.799999999999955,27
fit:5e7d75375ffbac6fd9baa8131646a6726e786d6ca7f4f82cf90c8956f7fcce8a,2026-05-02T11:44:24+00:00,2374.0,199,155,93,10.256,17.799999999999955,27
fit:5e7d75375ffbac6fd9baa8131646a6726e786d6ca7f4f82cf90c8956f7fcce8a,2026-05-02T11:44:25+00:00,2375.0,242,155,93,10.265,17.799999999999955,27
fit:5e7d75375ffbac6fd9baa8131646a6726e786d6ca7f4f82cf90c8956f7fcce8a,2026-05-02T11:44:26+00:00,2376.0,204,155,93,10.297,17.799999999999955,27
fit:5e7d75375ffbac6fd9baa8131646a6726e786d6ca7f4f82cf90c8956f7fcce8a,2026-05-02T11:44:27+00:00,2377.0,234,155,93,10.191,17.799999999999955,27
fit:5e7d75375ffbac6fd9baa8131646a6726e786d6ca7f4f82cf90c8956f7fcce8a,2026-05-02T11:44:28+00:00,2378.0,202,154,92,10.047,17.200000000000045,27
fit:5e7d75375ffbac6fd9baa8131646a6726e786d6ca7f4f82cf90c8956f7fcce8a,2026-05-02T11:44:29+00:00,2379.0,209,154,92,10.048,17.200000000000045,27
fit:5e7d75375ffbac6fd9baa8131646a6726e786d6ca7f4f82cf90c8956f7fcce8a,2026-05-02T11:44:30+00:00,2380.0,226,154,92,10.122,17.200000000000045,27
fit:5e7d75375ffbac6fd9baa8131646a6726e786d6ca7f4f82cf90c8956f7fcce8a,2026-05-02T11:44:31+00:00,2381.0,187,153,92,10.208,17.200000000000045,27
fit:5e7d75375ffbac6fd9baa8131646a6726e786d6ca7f4f82cf90c8956f7fcce8a,2026-05-02T11:44:32+00:00,2382.0,193,153,92,10.217,16.799999999999955,27
fit:5e7d75375ffbac6fd9baa8131646a6726e786d6ca7f4f82cf90c8956f7fcce8a,2026-05-02T11:44:33+00:00,2383.0,203,153,92,10.164,16.799999999999955,27
fit:5e7d75375ffbac6fd9baa8131646a6726e786d6ca7f4f82cf90c8956f7fcce8a,2026-05-02T11:44:34+00:00,2384.0,194,153,91,10.205,16.799999999999955,27
fit:5e7d75375ffbac6fd9baa8131646a6726e786d6ca7f4f82cf90c8956f7fcce8a,2026-05-02T11:44:35+00:00,2385.0,178,153,91,10.157,17.200000000000045,27
fit:5e7d75375ffbac6fd9baa8131646a6726e786d6ca7f4f82cf90c8956f7fcce8a,2026-05-02T11:44:36+00:00,2386.0,202,153,91,10.137,17.0,27
fit:5e7d75375ffbac6fd9baa8131646a6726e786d6ca7f4f82cf90c8956f7fcce8a,2026-05-02T11:44:37+00:00,2387.0,213,153,91,10.087,17.0,27
fit:5e7d75375ffbac6fd9baa8131646a6726e786d6ca7f4f82cf90c8956f7fcce8a,2026-05-02T11:44:38+00:00,2388.0,220,152,91,10.111,17.0,27
fit:5e7d75375ffbac6fd9baa8131646a6726e786d6ca7f4f82cf90c8956f7fcce8a,2026-05-02T11:44:39+00:00,2389.0,194,152,91,10.079,17.0,27
fit:5e7d75375ffbac6fd9baa8131646a6726e786d6ca7f4f82cf90c8956f7fcce8a,2026-05-02T11:44:40+00:00,2390.0,196,151,91,9.998,17.200000000000045,27
fit:5e7d75375ffbac6fd9baa8131646a6726e786d6ca7f4f82cf90c8956f7fcce8a,2026-05-02T11:44:41+00:00,2391.0,192,151,90,9.859,17.200000000000045,27
fit:5e7d75375ffbac6fd9baa8131646a6726e786d6ca7f4f82cf90c8956f7fcce8a,2026-05-02T11:44:42+00:00,2392.0,224,150,90,9.797,17.200000000000045,27
fit:5e7d75375ffbac6fd9baa8131646a6726e786d6ca7f4f82cf90c8956f7fcce8a,2026-05-02T11:44:43+00:00,2393.0,266,150,91,9.841,17.200000000000045,27
fit:5e7d75375ffbac6fd9baa8131646a6726e786d6ca7f4f82cf90c8956f7fcce8a,2026-05-02T11:44:44+00:00,2394.0,266,149,91,9.781,16.600000000000023,28
fit:5e7d75375ffbac6fd9baa8131646a6726e786d6ca7f4f82cf90c8956f7fcce8a,2026-05-02T11:44:45+00:00,2395.0,242,149,91,9.785,16.600000000000023,28
fit:5e7d75375ffbac6fd9baa8131646a6726e786d6ca7f4f82cf90c8956f7fcce8a,2026-05-02T11:44:46+00:00,2396.0,242,149,91,9.802,16.600000000000023,28
fit:5e7d75375ffbac6fd9baa8131646a6726e786d6ca7f4f82cf90c8956f7fcce8a,2026-05-02T11:44:47+00:00,2397.0,242,149,92,9.913,17.0,28
fit:5e7d75375ffbac6fd9baa8131646a6726e786d6ca7f4f82cf90c8956f7fcce8a,2026-05-02T11:44:48+00:00,2398.0,243,149,91,9.978,16.0,28
fit:5e7d75375ffbac6fd9baa8131646a6726e786d6ca7f4f82cf90c8956f7fcce8a,2026-05-02T11:44:49+00:00,2399.0,208,149,90,10.036,16.0,28
fit:5e7d75375ffbac6fd9baa8131646a6726e786d6ca7f4f82cf90c8956f7fcce8a,2026-05-02T11:44:50+00:00,2400.0,209,149,90,10.07,16.0,28
fit:5e7d75375ffbac6fd9baa8131646a6726e786d6ca7f4f82cf90c8956f7fcce8a,2026-05-02T11:44:51+00:00,2401.0,253,149,90,9.888,17.0,28
fit:5e7d75375ffbac6fd9baa8131646a6726e786d6ca7f4f82cf90c8956f7fcce8a,2026-05-02T11:44:52+00:00,2402.0,240,149,90,9.939,16.399999999999977,28
fit:5e7d75375ffbac6fd9baa8131646a6726e786d6ca7f4f82cf90c8956f7fcce8a,2026-05-02T11:44:53+00:00,2403.0,216,149,90,10.02,16.399999999999977,28
fit:5e7d75375ffbac6fd9baa8131646a6726e786d6ca7f4f82cf90c8956f7fcce8a,2026-05-02T11:44:54+00:00,2404.0,282,149,91,10.016,16.399999999999977,28
fit:5e7d75375ffbac6fd9baa8131646a6726e786d6ca7f4f82cf90c8956f7fcce8a,2026-05-02T11:44:55+00:00,2405.0,307,149,90,10.096,16.399999999999977,28
fit:5e7d75375ffbac6fd9baa8131646a6726e786d6ca7f4f82cf90c8956f7fcce8a,2026-05-02T11:44:56+00:00,2406.0,307,149,90,10.076,16.0,28
fit:5e7d75375ffbac6fd9baa8131646a6726e786d6ca7f4f82cf90c8956f7fcce8a,2026-05-02T11:44:57+00:00,2407.0,238,149,91,10.136,16.0,28
fit:5e7d75375ffbac6fd9baa8131646a6726e786d6ca7f4f82cf90c8956f7fcce8a,2026-05-02T11:44:58+00:00,2408.0,182,148,92,10.117,16.0,28
fit:5e7d75375ffbac6fd9baa8131646a6726e786d6ca7f4f82cf90c8956f7fcce8a,2026-05-02T11:44:59+00:00,2409.0,222,148,92,10.099,17.0,28
fit:5e7d75375ffbac6fd9baa8131646a6726e786d6ca7f4f82cf90c8956f7fcce8a,2026-05-02T11:45:00+00:00,2410.0,223,148,92,10.115,17.0,28
fit:5e7d75375ffbac6fd9baa8131646a6726e786d6ca7f4f82cf90c8956f7fcce8a,2026-05-02T11:45:01+00:00,2411.0,210,148,92,10.164,17.0,28
fit:5e7d75375ffbac6fd9baa8131646a6726e786d6ca7f4f82cf90c8956f7fcce8a,2026-05-02T11:45:02+00:00,2412.0,239,148,92,10.118,17.0,28
fit:5e7d75375ffbac6fd9baa8131646a6726e786d6ca7f4f82cf90c8956f7fcce8a,2026-05-02T11:45:03+00:00,2413.0,257,148,92,10.073,16.0,28
fit:5e7d75375ffbac6fd9baa8131646a6726e786d6ca7f4f82cf90c8956f7fcce8a,2026-05-02T11:45:04+00:00,2414.0,218,149,92,9.971,16.399999999999977,28
fit:5e7d75375ffbac6fd9baa8131646a6726e786d6ca7f4f82cf90c8956f7fcce8a,2026-05-02T11:45:05+00:00,2415.0,246,149,92,10.024,16.399999999999977,28
fit:5e7d75375ffbac6fd9baa8131646a6726e786d6ca7f4f82cf90c8956f7fcce8a,2026-05-02T11:45:06+00:00,2416.0,188,149,93,10.02,16.399999999999977,28
fit:5e7d75375ffbac6fd9baa8131646a6726e786d6ca7f4f82cf90c8956f7fcce8a,2026-05-02T11:45:07+00:00,2417.0,185,149,93,10.132,17.399999999999977,28
fit:5e7d75375ffbac6fd9baa8131646a6726e786d6ca7f4f82cf90c8956f7fcce8a,2026-05-02T11:45:08+00:00,2418.0,200,149,94,10.248,17.399999999999977,28
fit:5e7d75375ffbac6fd9baa8131646a6726e786d6ca7f4f82cf90c8956f7fcce8a,2026-05-02T11:45:09+00:00,2419.0,180,149,94,10.273,17.399999999999977,28
fit:5e7d75375ffbac6fd9baa8131646a6726e786d6ca7f4f82cf90c8956f7fcce8a,2026-05-02T11:45:10+00:00,2420.0,220,149,93,10.148,17.399999999999977,28
fit:5e7d75375ffbac6fd9baa8131646a6726e786d6ca7f4f82cf90c8956f7fcce8a,2026-05-02T11:45:11+00:00,2421.0,220,149,93,10.173,17.399999999999977,28
fit:5e7d75375ffbac6fd9baa8131646a6726e786d6ca7f4f82cf90c8956f7fcce8a,2026-05-02T11:45:12+00:00,2422.0,182,149,94,10.159,16.0,28
fit:5e7d75375ffbac6fd9baa8131646a6726e786d6ca7f4f82cf90c8956f7fcce8a,2026-05-02T11:45:13+00:00,2423.0,179,149,94,10.18,16.0,28
fit:5e7d75375ffbac6fd9baa8131646a6726e786d6ca7f4f82cf90c8956f7fcce8a,2026-05-02T11:45:14+00:00,2424.0,211,149,93,10.273,16.0,28
fit:5e7d75375ffbac6fd9baa8131646a6726e786d6ca7f4f82cf90c8956f7fcce8a,2026-05-02T11:45:15+00:00,2425.0,211,149,93,10.358,16.0,28
fit:5e7d75375ffbac6fd9baa8131646a6726e786d6ca7f4f82cf90c8956f7fcce8a,2026-05-02T11:45:16+00:00,2426.0,238,149,93,10.384,16.0,28
fit:5e7d75375ffbac6fd9baa8131646a6726e786d6ca7f4f82cf90c8956f7fcce8a,2026-05-02T11:45:17+00:00,2427.0,224,150,93,10.306,16.0,28
fit:5e7d75375ffbac6fd9baa8131646a6726e786d6ca7f4f82cf90c8956f7fcce8a,2026-05-02T11:45:18+00:00,2428.0,221,150,92,10.206,16.0,28
fit:5e7d75375ffbac6fd9baa8131646a6726e786d6ca7f4f82cf90c8956f7fcce8a,2026-05-02T11:45:19+00:00,2429.0,220,151,92,10.129,16.0,28
fit:5e7d75375ffbac6fd9baa8131646a6726e786d6ca7f4f82cf90c8956f7fcce8a,2026-05-02T11:45:20+00:00,2430.0,204,151,92,10.099,16.0,28
fit:5e7d75375ffbac6fd9baa8131646a6726e786d6ca7f4f82cf90c8956f7fcce8a,2026-05-02T11:45:21+00:00,2431.0,195,151,92,10.06,16.0,28
fit:5e7d75375ffbac6fd9baa8131646a6726e786d6ca7f4f82cf90c8956f7fcce8a,2026-05-02T11:45:22+00:00,2432.0,167,151,92,9.998,16.0,28
fit:5e7d75375ffbac6fd9baa8131646a6726e786d6ca7f4f82cf90c8956f7fcce8a,2026-05-02T11:45:23+00:00,2433.0,198,151,92,10.045,16.0,28
fit:5e7d75375ffbac6fd9baa8131646a6726e786d6ca7f4f82cf90c8956f7fcce8a,2026-05-02T11:45:24+00:00,2434.0,200,152,91,10.101,16.399999999999977,28
fit:5e7d75375ffbac6fd9baa8131646a6726e786d6ca7f4f82cf90c8956f7fcce8a,2026-05-02T11:45:25+00:00,2435.0,241,152,91,10.183,16.399999999999977,28
fit:5e7d75375ffbac6fd9baa8131646a6726e786d6ca7f4f82cf90c8956f7fcce8a,2026-05-02T11:45:26+00:00,2436.0,236,152,91,10.223,16.399999999999977,28
fit:5e7d75375ffbac6fd9baa8131646a6726e786d6ca7f4f82cf90c8956f7fcce8a,2026-05-02T11:45:27+00:00,2437.0,236,151,91,10.175,16.399999999999977,28
fit:5e7d75375ffbac6fd9baa8131646a6726e786d6ca7f4f82cf90c8956f7fcce8a,2026-05-02T11:45:28+00:00,2438.0,213,151,90,10.114,16.0,28
fit:5e7d75375ffbac6fd9baa8131646a6726e786d6ca7f4f82cf90c8956f7fcce8a,2026-05-02T11:45:29+00:00,2439.0,225,152,89,10.061,16.0,28
fit:5e7d75375ffbac6fd9baa8131646a6726e786d6ca7f4f82cf90c8956f7fcce8a,2026-05-02T11:45:30+00:00,2440.0,199,152,89,10.077,16.0,28
fit:5e7d75375ffbac6fd9baa8131646a6726e786d6ca7f4f82cf90c8956f7fcce8a,2026-05-02T11:45:31+00:00,2441.0,201,152,89,9.956,16.0,28
fit:5e7d75375ffbac6fd9baa8131646a6726e786d6ca7f4f82cf90c8956f7fcce8a,2026-05-02T11:45:32+00:00,2442.0,164,153,89,9.892,18.200000000000045,28
fit:5e7d75375ffbac6fd9baa8131646a6726e786d6ca7f4f82cf90c8956f7fcce8a,2026-05-02T11:45:33+00:00,2443.0,151,153,88,9.882,18.200000000000045,28
fit:5e7d75375ffbac6fd9baa8131646a6726e786d6ca7f4f82cf90c8956f7fcce8a,2026-05-02T11:45:34+00:00,2444.0,222,153,88,9.915,18.200000000000045,28
fit:5e7d75375ffbac6fd9baa8131646a6726e786d6ca7f4f82cf90c8956f7fcce8a,2026-05-02T11:45:35+00:00,2445.0,222,153,88,9.775,17.200000000000045,28
fit:5e7d75375ffbac6fd9baa8131646a6726e786d6ca7f4f82cf90c8956f7fcce8a,2026-05-02T11:45:36+00:00,2446.0,196,153,86,9.775,16.600000000000023,28
fit:5e7d75375ffbac6fd9baa8131646a6726e786d6ca7f4f82cf90c8956f7fcce8a,2026-05-02T11:45:37+00:00,2447.0,175,153,84,9.624,16.600000000000023,28
fit:5e7d75375ffbac6fd9baa8131646a6726e786d6ca7f4f82cf90c8956f7fcce8a,2026-05-02T11:45:38+00:00,2448.0,216,153,83,9.466,16.600000000000023,28
fit:5e7d75375ffbac6fd9baa8131646a6726e786d6ca7f4f82cf90c8956f7fcce8a,2026-05-02T11:45:39+00:00,2449.0,277,152,83,9.314,16.600000000000023,28
fit:5e7d75375ffbac6fd9baa8131646a6726e786d6ca7f4f82cf90c8956f7fcce8a,2026-05-02T11:45:40+00:00,2450.0,328,151,83,9.378,15.600000000000023,28
fit:5e7d75375ffbac6fd9baa8131646a6726e786d6ca7f4f82cf90c8956f7fcce8a,2026-05-02T11:45:41+00:00,2451.0,406,150,83,9.407,15.600000000000023,28
fit:5e7d75375ffbac6fd9baa8131646a6726e786d6ca7f4f82cf90c8956f7fcce8a,2026-05-02T11:45:42+00:00,2452.0,406,150,83,9.27,15.600000000000023,28
fit:5e7d75375ffbac6fd9baa8131646a6726e786d6ca7f4f82cf90c8956f7fcce8a,2026-05-02T11:45:43+00:00,2453.0,409,150,87,9.201,16.600000000000023,28
fit:5e7d75375ffbac6fd9baa8131646a6726e786d6ca7f4f82cf90c8956f7fcce8a,2026-05-02T11:45:44+00:00,2454.0,383,150,87,9.258,14.0,28
fit:5e7d75375ffbac6fd9baa8131646a6726e786d6ca7f4f82cf90c8956f7fcce8a,2026-05-02T11:45:45+00:00,2455.0,385,150,88,9.291,14.0,28
fit:5e7d75375ffbac6fd9baa8131646a6726e786d6ca7f4f82cf90c8956f7fcce8a,2026-05-02T11:45:46+00:00,2456.0,376,150,88,9.47,14.0,28
fit:5e7d75375ffbac6fd9baa8131646a6726e786d6ca7f4f82cf90c8956f7fcce8a,2026-05-02T11:45:47+00:00,2457.0,251,150,88,9.585,14.0,28
fit:5e7d75375ffbac6fd9baa8131646a6726e786d6ca7f4f82cf90c8956f7fcce8a,2026-05-02T11:45:48+00:00,2458.0,345,150,88,9.62,16.600000000000023,28
fit:5e7d75375ffbac6fd9baa8131646a6726e786d6ca7f4f82cf90c8956f7fcce8a,2026-05-02T11:45:49+00:00,2459.0,432,151,89,9.674,16.600000000000023,28
fit:5e7d75375ffbac6fd9baa8131646a6726e786d6ca7f4f82cf90c8956f7fcce8a,2026-05-02T11:45:50+00:00,2460.0,534,151,90,9.78,16.600000000000023,28
fit:5e7d75375ffbac6fd9baa8131646a6726e786d6ca7f4f82cf90c8956f7fcce8a,2026-05-02T11:45:51+00:00,2461.0,606,152,92,9.939,15.600000000000023,28
fit:5e7d75375ffbac6fd9baa8131646a6726e786d6ca7f4f82cf90c8956f7fcce8a,2026-05-02T11:45:52+00:00,2462.0,250,152,95,10.058,15.399999999999977,28
fit:5e7d75375ffbac6fd9baa8131646a6726e786d6ca7f4f82cf90c8956f7fcce8a,2026-05-02T11:45:53+00:00,2463.0,542,153,95,10.253,15.399999999999977,28
fit:5e7d75375ffbac6fd9baa8131646a6726e786d6ca7f4f82cf90c8956f7fcce8a,2026-05-02T11:45:54+00:00,2464.0,462,154,98,10.28,15.399999999999977,28
fit:5e7d75375ffbac6fd9baa8131646a6726e786d6ca7f4f82cf90c8956f7fcce8a,2026-05-02T11:45:55+00:00,2465.0,382,154,98,10.636,15.399999999999977,28
fit:5e7d75375ffbac6fd9baa8131646a6726e786d6ca7f4f82cf90c8956f7fcce8a,2026-05-02T11:45:56+00:00,2466.0,480,155,99,10.833,17.0,28
fit:5e7d75375ffbac6fd9baa8131646a6726e786d6ca7f4f82cf90c8956f7fcce8a,2026-05-02T11:45:57+00:00,2467.0,468,155,104,10.962,17.0,28
fit:5e7d75375ffbac6fd9baa8131646a6726e786d6ca7f4f82cf90c8956f7fcce8a,2026-05-02T11:45:58+00:00,2468.0,576,156,93,11.233,17.0,28
fit:5e7d75375ffbac6fd9baa8131646a6726e786d6ca7f4f82cf90c8956f7fcce8a,2026-05-02T11:45:59+00:00,2469.0,563,157,94,11.292,17.0,28
fit:5e7d75375ffbac6fd9baa8131646a6726e786d6ca7f4f82cf90c8956f7fcce8a,2026-05-02T11:46:00+00:00,2470.0,681,157,96,11.463,18.600000000000023,28
fit:5e7d75375ffbac6fd9baa8131646a6726e786d6ca7f4f82cf90c8956f7fcce8a,2026-05-02T11:46:01+00:00,2471.0,709,157,97,11.528,18.600000000000023,28
fit:5e7d75375ffbac6fd9baa8131646a6726e786d6ca7f4f82cf90c8956f7fcce8a,2026-05-02T11:46:02+00:00,2472.0,727,159,99,11.755,18.600000000000023,28
fit:5e7d75375ffbac6fd9baa8131646a6726e786d6ca7f4f82cf90c8956f7fcce8a,2026-05-02T11:46:03+00:00,2473.0,735,161,101,12.303,18.600000000000023,28
fit:5e7d75375ffbac6fd9baa8131646a6726e786d6ca7f4f82cf90c8956f7fcce8a,2026-05-02T11:46:04+00:00,2474.0,710,162,103,12.303,15.600000000000023,28
fit:5e7d75375ffbac6fd9baa8131646a6726e786d6ca7f4f82cf90c8956f7fcce8a,2026-05-02T11:46:05+00:00,2475.0,689,162,104,12.741,15.600000000000023,28
fit:5e7d75375ffbac6fd9baa8131646a6726e786d6ca7f4f82cf90c8956f7fcce8a,2026-05-02T11:46:06+00:00,2476.0,637,163,107,12.741,15.600000000000023,28
fit:5e7d75375ffbac6fd9baa8131646a6726e786d6ca7f4f82cf90c8956f7fcce8a,2026-05-02T11:46:07+00:00,2477.0,604,164,108,12.98,16.600000000000023,28
fit:5e7d75375ffbac6fd9baa8131646a6726e786d6ca7f4f82cf90c8956f7fcce8a,2026-05-02T11:46:08+00:00,2478.0,602,166,109,13.386,16.799999999999955,28
fit:5e7d75375ffbac6fd9baa8131646a6726e786d6ca7f4f82cf90c8956f7fcce8a,2026-05-02T11:46:09+00:00,2479.0,134,167,109,13.386,16.799999999999955,28
fit:5e7d75375ffbac6fd9baa8131646a6726e786d6ca7f4f82cf90c8956f7fcce8a,2026-05-02T11:46:10+00:00,2480.0,147,169,105,13.379,16.799999999999955,28
fit:5e7d75375ffbac6fd9baa8131646a6726e786d6ca7f4f82cf90c8956f7fcce8a,2026-05-02T11:46:11+00:00,2481.0,115,170,104,13.379,16.799999999999955,28
fit:5e7d75375ffbac6fd9baa8131646a6726e786d6ca7f4f82cf90c8956f7fcce8a,2026-05-02T11:46:12+00:00,2482.0,106,172,100,12.929,15.0,28
fit:5e7d75375ffbac6fd9baa8131646a6726e786d6ca7f4f82cf90c8956f7fcce8a,2026-05-02T11:46:13+00:00,2483.0,66,174,98,12.478,15.0,28
fit:5e7d75375ffbac6fd9baa8131646a6726e786d6ca7f4f82cf90c8956f7fcce8a,2026-05-02T11:46:14+00:00,2484.0,82,175,93,12.156,15.0,28
fit:5e7d75375ffbac6fd9baa8131646a6726e786d6ca7f4f82cf90c8956f7fcce8a,2026-05-02T11:46:15+00:00,2485.0,82,176,93,11.885,15.200000000000045,28
fit:5e7d75375ffbac6fd9baa8131646a6726e786d6ca7f4f82cf90c8956f7fcce8a,2026-05-02T11:46:16+00:00,2486.0,80,177,90,11.534,15.399999999999977,28
fit:5e7d75375ffbac6fd9baa8131646a6726e786d6ca7f4f82cf90c8956f7fcce8a,2026-05-02T11:46:17+00:00,2487.0,165,178,87,11.254,15.399999999999977,28
fit:5e7d75375ffbac6fd9baa8131646a6726e786d6ca7f4f82cf90c8956f7fcce8a,2026-05-02T11:46:18+00:00,2488.0,164,178,86,11.103,15.399999999999977,28
fit:5e7d75375ffbac6fd9baa8131646a6726e786d6ca7f4f82cf90c8956f7fcce8a,2026-05-02T11:46:19+00:00,2489.0,224,178,85,10.872,16.399999999999977,28
fit:5e7d75375ffbac6fd9baa8131646a6726e786d6ca7f4f82cf90c8956f7fcce8a,2026-05-02T11:46:20+00:00,2490.0,323,179,85,10.846,16.399999999999977,28
fit:5e7d75375ffbac6fd9baa8131646a6726e786d6ca7f4f82cf90c8956f7fcce8a,2026-05-02T11:46:21+00:00,2491.0,122,179,85,10.603,16.399999999999977,28
fit:5e7d75375ffbac6fd9baa8131646a6726e786d6ca7f4f82cf90c8956f7fcce8a,2026-05-02T11:46:22+00:00,2492.0,122,179,83,10.337,16.399999999999977,28
fit:5e7d75375ffbac6fd9baa8131646a6726e786d6ca7f4f82cf90c8956f7fcce8a,2026-05-02T11:46:23+00:00,2493.0,200,179,82,10.146,16.399999999999977,28
fit:5e7d75375ffbac6fd9baa8131646a6726e786d6ca7f4f82cf90c8956f7fcce8a,2026-05-02T11:46:24+00:00,2494.0,215,178,86,10.16,17.399999999999977,28
fit:5e7d75375ffbac6fd9baa8131646a6726e786d6ca7f4f82cf90c8956f7fcce8a,2026-05-02T11:46:25+00:00,2495.0,200,177,91,10.113,17.399999999999977,28
fit:5e7d75375ffbac6fd9baa8131646a6726e786d6ca7f4f82cf90c8956f7fcce8a,2026-05-02T11:46:26+00:00,2496.0,173,176,90,10.113,17.399999999999977,28
fit:5e7d75375ffbac6fd9baa8131646a6726e786d6ca7f4f82cf90c8956f7fcce8a,2026-05-02T11:46:27+00:00,2497.0,273,175,88,9.956,16.399999999999977,28
fit:5e7d75375ffbac6fd9baa8131646a6726e786d6ca7f4f82cf90c8956f7fcce8a,2026-05-02T11:46:28+00:00,2498.0,135,174,55,9.828,16.799999999999955,28
fit:5e7d75375ffbac6fd9baa8131646a6726e786d6ca7f4f82cf90c8956f7fcce8a,2026-05-02T11:46:29+00:00,2499.0,400,173,89,9.895,16.799999999999955,28
fit:5e7d75375ffbac6fd9baa8131646a6726e786d6ca7f4f82cf90c8956f7fcce8a,2026-05-02T11:46:30+00:00,2500.0,309,172,90,9.878,16.799999999999955,28
fit:5e7d75375ffbac6fd9baa8131646a6726e786d6ca7f4f82cf90c8956f7fcce8a,2026-05-02T11:46:31+00:00,2501.0,310,172,90,9.75,16.799999999999955,28
fit:5e7d75375ffbac6fd9baa8131646a6726e786d6ca7f4f82cf90c8956f7fcce8a,2026-05-02T11:46:32+00:00,2502.0,180,171,91,9.952,16.600000000000023,28
fit:5e7d75375ffbac6fd9baa8131646a6726e786d6ca7f4f82cf90c8956f7fcce8a,2026-05-02T11:46:33+00:00,2503.0,116,170,90,9.987,16.600000000000023,28
fit:5e7d75375ffbac6fd9baa8131646a6726e786d6ca7f4f82cf90c8956f7fcce8a,2026-05-02T11:46:34+00:00,2504.0,93,170,88,9.877,16.600000000000023,28
fit:5e7d75375ffbac6fd9baa8131646a6726e786d6ca7f4f82cf90c8956f7fcce8a,2026-05-02T11:46:35+00:00,2505.0,158,169,87,9.772,16.600000000000023,28
fit:5e7d75375ffbac6fd9baa8131646a6726e786d6ca7f4f82cf90c8956f7fcce8a,2026-05-02T11:46:36+00:00,2506.0,158,169,87,9.722,16.399999999999977,28
fit:5e7d75375ffbac6fd9baa8131646a6726e786d6ca7f4f82cf90c8956f7fcce8a,2026-05-02T11:46:37+00:00,2507.0,188,169,86,9.627,16.399999999999977,28
fit:5e7d75375ffbac6fd9baa8131646a6726e786d6ca7f4f82cf90c8956f7fcce8a,2026-05-02T11:46:38+00:00,2508.0,181,168,85,9.417,16.399999999999977,28
fit:5e7d75375ffbac6fd9baa8131646a6726e786d6ca7f4f82cf90c8956f7fcce8a,2026-05-02T11:46:39+00:00,2509.0,261,167,85,9.299,16.399999999999977,28
fit:5e7d75375ffbac6fd9baa8131646a6726e786d6ca7f4f82cf90c8956f7fcce8a,2026-05-02T11:46:40+00:00,2510.0,296,166,85,9.306,16.600000000000023,28
fit:5e7d75375ffbac6fd9baa8131646a6726e786d6ca7f4f82cf90c8956f7fcce8a,2026-05-02T11:46:41+00:00,2511.0,296,166,85,9.354,16.600000000000023,28
fit:5e7d75375ffbac6fd9baa8131646a6726e786d6ca7f4f82cf90c8956f7fcce8a,2026-05-02T11:46:42+00:00,2512.0,273,166,85,9.396,16.600000000000023,28
fit:5e7d75375ffbac6fd9baa8131646a6726e786d6ca7f4f82cf90c8956f7fcce8a,2026-05-02T11:46:43+00:00,2513.0,264,164,85,9.348,16.600000000000023,28
fit:5e7d75375ffbac6fd9baa8131646a6726e786d6ca7f4f82cf90c8956f7fcce8a,2026-05-02T11:46:44+00:00,2514.0,197,164,84,9.395,15.600000000000023,28
fit:5e7d75375ffbac6fd9baa8131646a6726e786d6ca7f4f82cf90c8956f7fcce8a,2026-05-02T11:46:45+00:00,2515.0,200,164,84,9.297,15.600000000000023,28
fit:5e7d75375ffbac6fd9baa8131646a6726e786d6ca7f4f82cf90c8956f7fcce8a,2026-05-02T11:46:46+00:00,2516.0,250,163,83,9.135,15.600000000000023,28
fit:5e7d75375ffbac6fd9baa8131646a6726e786d6ca7f4f82cf90c8956f7fcce8a,2026-05-02T11:46:47+00:00,2517.0,250,163,83,9.187,15.600000000000023,28
fit:5e7d75375ffbac6fd9baa8131646a6726e786d6ca7f4f82cf90c8956f7fcce8a,2026-05-02T11:46:48+00:00,2518.0,201,163,83,9.295,16.399999999999977,28
fit:5e7d75375ffbac6fd9baa8131646a6726e786d6ca7f4f82cf90c8956f7fcce8a,2026-05-02T11:46:49+00:00,2519.0,163,163,83,9.321,16.399999999999977,28
fit:5e7d75375ffbac6fd9baa8131646a6726e786d6ca7f4f82cf90c8956f7fcce8a,2026-05-02T11:46:50+00:00,2520.0,206,162,82,9.135,16.399999999999977,28
fit:5e7d75375ffbac6fd9baa8131646a6726e786d6ca7f4f82cf90c8956f7fcce8a,2026-05-02T11:46:51+00:00,2521.0,194,162,82,8.979,16.399999999999977,28
fit:5e7d75375ffbac6fd9baa8131646a6726e786d6ca7f4f82cf90c8956f7fcce8a,2026-05-02T11:46:52+00:00,2522.0,162,162,82,9.045,16.200000000000045,28
fit:5e7d75375ffbac6fd9baa8131646a6726e786d6ca7f4f82cf90c8956f7fcce8a,2026-05-02T11:46:53+00:00,2523.0,226,162,81,9.034,16.200000000000045,28
fit:5e7d75375ffbac6fd9baa8131646a6726e786d6ca7f4f82cf90c8956f7fcce8a,2026-05-02T11:46:54+00:00,2524.0,267,161,81,9.07,16.200000000000045,28
fit:5e7d75375ffbac6fd9baa8131646a6726e786d6ca7f4f82cf90c8956f7fcce8a,2026-05-02T11:46:55+00:00,2525.0,290,161,81,8.926,17.200000000000045,28
fit:5e7d75375ffbac6fd9baa8131646a6726e786d6ca7f4f82cf90c8956f7fcce8a,2026-05-02T11:46:56+00:00,2526.0,244,161,82,9.011,17.399999999999977,28
fit:5e7d75375ffbac6fd9baa8131646a6726e786d6ca7f4f82cf90c8956f7fcce8a,2026-05-02T11:46:57+00:00,2527.0,223,161,82,9.115,17.399999999999977,28
fit:5e7d75375ffbac6fd9baa8131646a6726e786d6ca7f4f82cf90c8956f7fcce8a,2026-05-02T11:46:58+00:00,2528.0,237,160,83,9.064,17.399999999999977,28
fit:5e7d75375ffbac6fd9baa8131646a6726e786d6ca7f4f82cf90c8956f7fcce8a,2026-05-02T11:46:59+00:00,2529.0,244,160,83,9.092,17.0,28
fit:5e7d75375ffbac6fd9baa8131646a6726e786d6ca7f4f82cf90c8956f7fcce8a,2026-05-02T11:47:00+00:00,2530.0,247,160,83,9.076,16.0,28
fit:5e7d75375ffbac6fd9baa8131646a6726e786d6ca7f4f82cf90c8956f7fcce8a,2026-05-02T11:47:01+00:00,2531.0,242,160,83,9.116,16.0,28
fit:5e7d75375ffbac6fd9baa8131646a6726e786d6ca7f4f82cf90c8956f7fcce8a,2026-05-02T11:47:02+00:00,2532.0,218,160,83,9.093,16.0,28
fit:5e7d75375ffbac6fd9baa8131646a6726e786d6ca7f4f82cf90c8956f7fcce8a,2026-05-02T11:47:03+00:00,2533.0,222,160,83,9.073,16.0,28
fit:5e7d75375ffbac6fd9baa8131646a6726e786d6ca7f4f82cf90c8956f7fcce8a,2026-05-02T11:47:04+00:00,2534.0,217,160,83,9.117,16.399999999999977,28
fit:5e7d75375ffbac6fd9baa8131646a6726e786d6ca7f4f82cf90c8956f7fcce8a,2026-05-02T11:47:05+00:00,2535.0,276,160,83,9.179,16.399999999999977,28
fit:5e7d75375ffbac6fd9baa8131646a6726e786d6ca7f4f82cf90c8956f7fcce8a,2026-05-02T11:47:06+00:00,2536.0,260,159,83,9.275,16.399999999999977,28
fit:5e7d75375ffbac6fd9baa8131646a6726e786d6ca7f4f82cf90c8956f7fcce8a,2026-05-02T11:47:07+00:00,2537.0,261,159,84,9.22,16.600000000000023,28
fit:5e7d75375ffbac6fd9baa8131646a6726e786d6ca7f4f82cf90c8956f7fcce8a,2026-05-02T11:47:08+00:00,2538.0,238,159,84,9.127,16.0,28
fit:5e7d75375ffbac6fd9baa8131646a6726e786d6ca7f4f82cf90c8956f7fcce8a,2026-05-02T11:47:09+00:00,2539.0,258,158,84,9.135,16.0,28
fit:5e7d75375ffbac6fd9baa8131646a6726e786d6ca7f4f82cf90c8956f7fcce8a,2026-05-02T11:47:10+00:00,2540.0,260,158,84,9.189,16.0,28
fit:5e7d75375ffbac6fd9baa8131646a6726e786d6ca7f4f82cf90c8956f7fcce8a,2026-05-02T11:47:11+00:00,2541.0,259,157,84,9.315,16.0,28
fit:5e7d75375ffbac6fd9baa8131646a6726e786d6ca7f4f82cf90c8956f7fcce8a,2026-05-02T11:47:12+00:00,2542.0,231,157,84,9.33,16.200000000000045,28
fit:5e7d75375ffbac6fd9baa8131646a6726e786d6ca7f4f82cf90c8956f7fcce8a,2026-05-02T11:47:13+00:00,2543.0,231,157,84,9.344,16.200000000000045,28
fit:5e7d75375ffbac6fd9baa8131646a6726e786d6ca7f4f82cf90c8956f7fcce8a,2026-05-02T11:47:14+00:00,2544.0,228,156,83,9.282,16.200000000000045,28
fit:5e7d75375ffbac6fd9baa8131646a6726e786d6ca7f4f82cf90c8956f7fcce8a,2026-05-02T11:47:15+00:00,2545.0,291,156,83,9.106,16.200000000000045,28
fit:5e7d75375ffbac6fd9baa8131646a6726e786d6ca7f4f82cf90c8956f7fcce8a,2026-05-02T11:47:16+00:00,2546.0,343,155,83,9.106,16.399999999999977,28
fit:5e7d75375ffbac6fd9baa8131646a6726e786d6ca7f4f82cf90c8956f7fcce8a,2026-05-02T11:47:17+00:00,2547.0,255,154,83,9.203,16.399999999999977,28
fit:5e7d75375ffbac6fd9baa8131646a6726e786d6ca7f4f82cf90c8956f7fcce8a,2026-05-02T11:47:18+00:00,2548.0,247,154,83,9.195,16.399999999999977,28
fit:5e7d75375ffbac6fd9baa8131646a6726e786d6ca7f4f82cf90c8956f7fcce8a,2026-05-02T11:47:19+00:00,2549.0,238,154,84,9.196,16.399999999999977,28
fit:5e7d75375ffbac6fd9baa8131646a6726e786d6ca7f4f82cf90c8956f7fcce8a,2026-05-02T11:47:20+00:00,2550.0,195,153,84,9.181,16.0,28
fit:5e7d75375ffbac6fd9baa8131646a6726e786d6ca7f4f82cf90c8956f7fcce8a,2026-05-02T11:47:21+00:00,2551.0,206,153,84,9.256,16.0,28
fit:5e7d75375ffbac6fd9baa8131646a6726e786d6ca7f4f82cf90c8956f7fcce8a,2026-05-02T11:47:22+00:00,2552.0,213,153,84,9.308,16.0,28
fit:5e7d75375ffbac6fd9baa8131646a6726e786d6ca7f4f82cf90c8956f7fcce8a,2026-05-02T11:47:23+00:00,2553.0,182,154,84,9.394,16.0,28
fit:5e7d75375ffbac6fd9baa8131646a6726e786d6ca7f4f82cf90c8956f7fcce8a,2026-05-02T11:47:24+00:00,2554.0,125,154,84,9.295,16.0,28
fit:5e7d75375ffbac6fd9baa8131646a6726e786d6ca7f4f82cf90c8956f7fcce8a,2026-05-02T11:47:25+00:00,2555.0,163,154,84,9.25,16.0,28
fit:5e7d75375ffbac6fd9baa8131646a6726e786d6ca7f4f82cf90c8956f7fcce8a,2026-05-02T11:47:26+00:00,2556.0,107,155,84,9.329,16.0,28
fit:5e7d75375ffbac6fd9baa8131646a6726e786d6ca7f4f82cf90c8956f7fcce8a,2026-05-02T11:47:27+00:00,2557.0,102,155,84,9.332,16.0,28
fit:5e7d75375ffbac6fd9baa8131646a6726e786d6ca7f4f82cf90c8956f7fcce8a,2026-05-02T11:47:28+00:00,2558.0,102,155,83,9.3,16.0,28
fit:5e7d75375ffbac6fd9baa8131646a6726e786d6ca7f4f82cf90c8956f7fcce8a,2026-05-02T11:47:29+00:00,2559.0,92,155,82,9.242,16.0,28
fit:5e7d75375ffbac6fd9baa8131646a6726e786d6ca7f4f82cf90c8956f7fcce8a,2026-05-02T11:47:30+00:00,2560.0,42,154,80,9.099,16.0,28
fit:5e7d75375ffbac6fd9baa8131646a6726e786d6ca7f4f82cf90c8956f7fcce8a,2026-05-02T11:47:31+00:00,2561.0,42,154,78,8.775,16.0,28
fit:5e7d75375ffbac6fd9baa8131646a6726e786d6ca7f4f82cf90c8956f7fcce8a,2026-05-02T11:47:32+00:00,2562.0,255,153,78,8.751,13.200000000000045,28
fit:5e7d75375ffbac6fd9baa8131646a6726e786d6ca7f4f82cf90c8956f7fcce8a,2026-05-02T11:47:33+00:00,2563.0,312,153,81,8.804,13.200000000000045,28
fit:5e7d75375ffbac6fd9baa8131646a6726e786d6ca7f4f82cf90c8956f7fcce8a,2026-05-02T11:47:34+00:00,2564.0,428,152,85,9.044,13.200000000000045,28
fit:5e7d75375ffbac6fd9baa8131646a6726e786d6ca7f4f82cf90c8956f7fcce8a,2026-05-02T11:47:35+00:00,2565.0,454,151,85,9.106,14.200000000000045,28
fit:5e7d75375ffbac6fd9baa8131646a6726e786d6ca7f4f82cf90c8956f7fcce8a,2026-05-02T11:47:36+00:00,2566.0,324,149,87,9.106,16.0,28
fit:5e7d75375ffbac6fd9baa8131646a6726e786d6ca7f4f82cf90c8956f7fcce8a,2026-05-02T11:47:37+00:00,2567.0,286,149,88,9.614,16.0,28
fit:5e7d75375ffbac6fd9baa8131646a6726e786d6ca7f4f82cf90c8956f7fcce8a,2026-05-02T11:47:38+00:00,2568.0,278,148,89,9.738,16.0,28
fit:5e7d75375ffbac6fd9baa8131646a6726e786d6ca7f4f82cf90c8956f7fcce8a,2026-05-02T11:47:39+00:00,2569.0,183,148,88,9.822,16.0,28
fit:5e7d75375ffbac6fd9baa8131646a6726e786d6ca7f4f82cf90c8956f7fcce8a,2026-05-02T11:47:40+00:00,2570.0,216,148,88,9.845,17.200000000000045,28
fit:5e7d75375ffbac6fd9baa8131646a6726e786d6ca7f4f82cf90c8956f7fcce8a,2026-05-02T11:47:41+00:00,2571.0,183,148,87,9.79,17.200000000000045,28
fit:5e7d75375ffbac6fd9baa8131646a6726e786d6ca7f4f82cf90c8956f7fcce8a,2026-05-02T11:47:42+00:00,2572.0,221,148,86,9.69,17.200000000000045,28
fit:5e7d75375ffbac6fd9baa8131646a6726e786d6ca7f4f82cf90c8956f7fcce8a,2026-05-02T11:47:43+00:00,2573.0,221,147,86,9.64,16.200000000000045,28
fit:5e7d75375ffbac6fd9baa8131646a6726e786d6ca7f4f82cf90c8956f7fcce8a,2026-05-02T11:47:44+00:00,2574.0,231,148,85,9.515,16.200000000000045,28
fit:5e7d75375ffbac6fd9baa8131646a6726e786d6ca7f4f82cf90c8956f7fcce8a,2026-05-02T11:47:45+00:00,2575.0,217,148,85,9.441,16.200000000000045,28
fit:5e7d75375ffbac6fd9baa8131646a6726e786d6ca7f4f82cf90c8956f7fcce8a,2026-05-02T11:47:46+00:00,2576.0,186,148,85,9.363,16.200000000000045,28
fit:5e7d75375ffbac6fd9baa8131646a6726e786d6ca7f4f82cf90c8956f7fcce8a,2026-05-02T11:47:47+00:00,2577.0,175,148,85,9.299,16.600000000000023,28
fit:5e7d75375ffbac6fd9baa8131646a6726e786d6ca7f4f82cf90c8956f7fcce8a,2026-05-02T11:47:48+00:00,2578.0,227,148,84,8.888,17.399999999999977,28
fit:5e7d75375ffbac6fd9baa8131646a6726e786d6ca7f4f82cf90c8956f7fcce8a,2026-05-02T11:47:49+00:00,2579.0,218,148,84,9.067,17.399999999999977,28
fit:5e7d75375ffbac6fd9baa8131646a6726e786d6ca7f4f82cf90c8956f7fcce8a,2026-05-02T11:47:50+00:00,2580.0,195,148,84,9.199,17.399999999999977,28
fit:5e7d75375ffbac6fd9baa8131646a6726e786d6ca7f4f82cf90c8956f7fcce8a,2026-05-02T11:47:51+00:00,2581.0,297,148,84,9.265,16.600000000000023,28
fit:5e7d75375ffbac6fd9baa8131646a6726e786d6ca7f4f82cf90c8956f7fcce8a,2026-05-02T11:47:52+00:00,2582.0,397,148,85,9.351,16.200000000000045,28
fit:5e7d75375ffbac6fd9baa8131646a6726e786d6ca7f4f82cf90c8956f7fcce8a,2026-05-02T11:47:53+00:00,2583.0,397,148,86,9.385,16.200000000000045,28
fit:5e7d75375ffbac6fd9baa8131646a6726e786d6ca7f4f82cf90c8956f7fcce8a,2026-05-02T11:47:54+00:00,2584.0,243,148,86,9.387,16.200000000000045,28
fit:5e7d75375ffbac6fd9baa8131646a6726e786d6ca7f4f82cf90c8956f7fcce8a,2026-05-02T11:47:55+00:00,2585.0,217,148,85,9.453,16.799999999999955,28
fit:5e7d75375ffbac6fd9baa8131646a6726e786d6ca7f4f82cf90c8956f7fcce8a,2026-05-02T11:47:56+00:00,2586.0,161,148,84,9.396,16.600000000000023,28
fit:5e7d75375ffbac6fd9baa8131646a6726e786d6ca7f4f82cf90c8956f7fcce8a,2026-05-02T11:47:57+00:00,2587.0,197,148,83,9.297,16.600000000000023,28
fit:5e7d75375ffbac6fd9baa8131646a6726e786d6ca7f4f82cf90c8956f7fcce8a,2026-05-02T11:47:58+00:00,2588.0,183,148,83,9.222,16.600000000000023,28
fit:5e7d75375ffbac6fd9baa8131646a6726e786d6ca7f4f82cf90c8956f7fcce8a,2026-05-02T11:47:59+00:00,2589.0,147,148,82,9.147,16.600000000000023,28
fit:5e7d75375ffbac6fd9baa8131646a6726e786d6ca7f4f82cf90c8956f7fcce8a,2026-05-02T11:48:00+00:00,2590.0,167,147,82,9.141,18.0,28
fit:5e7d75375ffbac6fd9baa8131646a6726e786d6ca7f4f82cf90c8956f7fcce8a,2026-05-02T11:48:01+00:00,2591.0,189,147,82,9.038,18.0,28
fit:5e7d75375ffbac6fd9baa8131646a6726e786d6ca7f4f82cf90c8956f7fcce8a,2026-05-02T11:48:02+00:00,2592.0,184,146,82,9.038,18.0,28
fit:5e7d75375ffbac6fd9baa8131646a6726e786d6ca7f4f82cf90c8956f7fcce8a,2026-05-02T11:48:03+00:00,2593.0,188,146,82,9.017,17.399999999999977,28
fit:5e7d75375ffbac6fd9baa8131646a6726e786d6ca7f4f82cf90c8956f7fcce8a,2026-05-02T11:48:04+00:00,2594.0,191,145,82,9.104,17.799999999999955,28
fit:5e7d75375ffbac6fd9baa8131646a6726e786d6ca7f4f82cf90c8956f7fcce8a,2026-05-02T11:48:05+00:00,2595.0,199,145,82,9.097,17.799999999999955,28
fit:5e7d75375ffbac6fd9baa8131646a6726e786d6ca7f4f82cf90c8956f7fcce8a,2026-05-02T11:48:06+00:00,2596.0,212,144,82,9.068,17.799999999999955,28
fit:5e7d75375ffbac6fd9baa8131646a6726e786d6ca7f4f82cf90c8956f7fcce8a,2026-05-02T11:48:07+00:00,2597.0,199,144,82,9.044,17.799999999999955,28
fit:5e7d75375ffbac6fd9baa8131646a6726e786d6ca7f4f82cf90c8956f7fcce8a,2026-05-02T11:48:08+00:00,2598.0,191,144,82,9.084,17.0,28
fit:5e7d75375ffbac6fd9baa8131646a6726e786d6ca7f4f82cf90c8956f7fcce8a,2026-05-02T11:48:09+00:00,2599.0,194,144,81,9.057,17.0,28
fit:5e7d75375ffbac6fd9baa8131646a6726e786d6ca7f4f82cf90c8956f7fcce8a,2026-05-02T11:48:10+00:00,2600.0,176,144,81,9.0,17.0,28
fit:5e7d75375ffbac6fd9baa8131646a6726e786d6ca7f4f82cf90c8956f7fcce8a,2026-05-02T11:48:11+00:00,2601.0,194,145,81,9.0,18.0,28
fit:5e7d75375ffbac6fd9baa8131646a6726e786d6ca7f4f82cf90c8956f7fcce8a,2026-05-02T11:48:12+00:00,2602.0,207,145,81,9.0,18.0,28
fit:5e7d75375ffbac6fd9baa8131646a6726e786d6ca7f4f82cf90c8956f7fcce8a,2026-05-02T11:48:13+00:00,2603.0,194,145,81,9.03,18.0,28
fit:5e7d75375ffbac6fd9baa8131646a6726e786d6ca7f4f82cf90c8956f7fcce8a,2026-05-02T11:48:14+00:00,2604.0,194,145,81,8.985,18.0,28
fit:5e7d75375ffbac6fd9baa8131646a6726e786d6ca7f4f82cf90c8956f7fcce8a,2026-05-02T11:48:15+00:00,2605.0,262,145,81,8.953,18.0,28
fit:5e7d75375ffbac6fd9baa8131646a6726e786d6ca7f4f82cf90c8956f7fcce8a,2026-05-02T11:48:16+00:00,2606.0,180,144,81,8.918,18.600000000000023,28
fit:5e7d75375ffbac6fd9baa8131646a6726e786d6ca7f4f82cf90c8956f7fcce8a,2026-05-02T11:48:17+00:00,2607.0,204,144,81,8.918,18.600000000000023,28
fit:5e7d75375ffbac6fd9baa8131646a6726e786d6ca7f4f82cf90c8956f7fcce8a,2026-05-02T11:48:18+00:00,2608.0,109,144,81,8.913,18.600000000000023,28
fit:5e7d75375ffbac6fd9baa8131646a6726e786d6ca7f4f82cf90c8956f7fcce8a,2026-05-02T11:48:19+00:00,2609.0,83,144,81,8.933,17.600000000000023,28
fit:5e7d75375ffbac6fd9baa8131646a6726e786d6ca7f4f82cf90c8956f7fcce8a,2026-05-02T11:48:20+00:00,2610.0,159,143,81,8.894,18.399999999999977,28
fit:5e7d75375ffbac6fd9baa8131646a6726e786d6ca7f4f82cf90c8956f7fcce8a,2026-05-02T11:48:21+00:00,2611.0,306,143,82,8.849,18.399999999999977,28
fit:5e7d75375ffbac6fd9baa8131646a6726e786d6ca7f4f82cf90c8956f7fcce8a,2026-05-02T11:48:22+00:00,2612.0,302,143,83,8.934,18.399999999999977,28
fit:5e7d75375ffbac6fd9baa8131646a6726e786d6ca7f4f82cf90c8956f7fcce8a,2026-05-02T11:48:23+00:00,2613.0,232,142,84,9.122,18.399999999999977,28
fit:5e7d75375ffbac6fd9baa8131646a6726e786d6ca7f4f82cf90c8956f7fcce8a,2026-05-02T11:48:24+00:00,2614.0,162,142,84,9.263,18.600000000000023,28
fit:5e7d75375ffbac6fd9baa8131646a6726e786d6ca7f4f82cf90c8956f7fcce8a,2026-05-02T11:48:25+00:00,2615.0,146,141,85,9.301,18.600000000000023,28
fit:5e7d75375ffbac6fd9baa8131646a6726e786d6ca7f4f82cf90c8956f7fcce8a,2026-05-02T11:48:26+00:00,2616.0,125,141,84,9.278,18.600000000000023,28
fit:5e7d75375ffbac6fd9baa8131646a6726e786d6ca7f4f82cf90c8956f7fcce8a,2026-05-02T11:48:27+00:00,2617.0,224,141,84,9.373,17.600000000000023,28
fit:5e7d75375ffbac6fd9baa8131646a6726e786d6ca7f4f82cf90c8956f7fcce8a,2026-05-02T11:48:28+00:00,2618.0,225,141,84,9.348,19.0,28
fit:5e7d75375ffbac6fd9baa8131646a6726e786d6ca7f4f82cf90c8956f7fcce8a,2026-05-02T11:48:29+00:00,2619.0,178,140,86,9.449,19.0,28
fit:5e7d75375ffbac6fd9baa8131646a6726e786d6ca7f4f82cf90c8956f7fcce8a,2026-05-02T11:48:30+00:00,2620.0,221,140,87,9.622,19.0,28
fit:5e7d75375ffbac6fd9baa8131646a6726e786d6ca7f4f82cf90c8956f7fcce8a,2026-05-02T11:48:31+00:00,2621.0,222,140,87,9.636,19.0,28
fit:5e7d75375ffbac6fd9baa8131646a6726e786d6ca7f4f82cf90c8956f7fcce8a,2026-05-02T11:48:32+00:00,2622.0,167,140,88,9.651,18.399999999999977,28
fit:5e7d75375ffbac6fd9baa8131646a6726e786d6ca7f4f82cf90c8956f7fcce8a,2026-05-02T11:48:33+00:00,2623.0,117,139,87,9.613,18.399999999999977,28
fit:5e7d75375ffbac6fd9baa8131646a6726e786d6ca7f4f82cf90c8956f7fcce8a,2026-05-02T11:48:34+00:00,2624.0,124,139,86,9.58,18.399999999999977,28
fit:5e7d75375ffbac6fd9baa8131646a6726e786d6ca7f4f82cf90c8956f7fcce8a,2026-05-02T11:48:35+00:00,2625.0,117,139,86,9.485,18.399999999999977,28
fit:5e7d75375ffbac6fd9baa8131646a6726e786d6ca7f4f82cf90c8956f7fcce8a,2026-05-02T11:48:36+00:00,2626.0,143,139,86,9.504,18.200000000000045,28
fit:5e7d75375ffbac6fd9baa8131646a6726e786d6ca7f4f82cf90c8956f7fcce8a,2026-05-02T11:48:37+00:00,2627.0,128,139,85,9.504,18.200000000000045,28
fit:5e7d75375ffbac6fd9baa8131646a6726e786d6ca7f4f82cf90c8956f7fcce8a,2026-05-02T11:48:38+00:00,2628.0,183,139,84,9.38,18.200000000000045,28
fit:5e7d75375ffbac6fd9baa8131646a6726e786d6ca7f4f82cf90c8956f7fcce8a,2026-05-02T11:48:39+00:00,2629.0,141,139,84,9.359,18.200000000000045,28
fit:5e7d75375ffbac6fd9baa8131646a6726e786d6ca7f4f82cf90c8956f7fcce8a,2026-05-02T11:48:40+00:00,2630.0,144,139,83,9.335,17.799999999999955,28
fit:5e7d75375ffbac6fd9baa8131646a6726e786d6ca7f4f82cf90c8956f7fcce8a,2026-05-02T11:48:41+00:00,2631.0,205,139,83,9.296,17.799999999999955,28
fit:5e7d75375ffbac6fd9baa8131646a6726e786d6ca7f4f82cf90c8956f7fcce8a,2026-05-02T11:48:42+00:00,2632.0,179,139,83,9.296,17.799999999999955,28
fit:5e7d75375ffbac6fd9baa8131646a6726e786d6ca7f4f82cf90c8956f7fcce8a,2026-05-02T11:48:43+00:00,2633.0,81,138,83,9.192,18.799999999999955,28
fit:5e7d75375ffbac6fd9baa8131646a6726e786d6ca7f4f82cf90c8956f7fcce8a,2026-05-02T11:48:44+00:00,2634.0,60,137,82,9.144,19.0,28
fit:5e7d75375ffbac6fd9baa8131646a6726e786d6ca7f4f82cf90c8956f7fcce8a,2026-05-02T11:48:45+00:00,2635.0,73,137,81,9.046,19.0,28
fit:5e7d75375ffbac6fd9baa8131646a6726e786d6ca7f4f82cf90c8956f7fcce8a,2026-05-02T11:48:46+00:00,2636.0,66,137,80,8.954,19.0,28
fit:5e7d75375ffbac6fd9baa8131646a6726e786d6ca7f4f82cf90c8956f7fcce8a,2026-05-02T11:48:47+00:00,2637.0,73,137,79,8.92,19.0,28
fit:5e7d75375ffbac6fd9baa8131646a6726e786d6ca7f4f82cf90c8956f7fcce8a,2026-05-02T11:48:48+00:00,2638.0,73,136,79,8.712,19.200000000000045,28
fit:5e7d75375ffbac6fd9baa8131646a6726e786d6ca7f4f82cf90c8956f7fcce8a,2026-05-02T11:48:49+00:00,2639.0,94,136,79,8.692,19.200000000000045,28
fit:5e7d75375ffbac6fd9baa8131646a6726e786d6ca7f4f82cf90c8956f7fcce8a,2026-05-02T11:48:50+00:00,2640.0,106,136,79,8.753,19.200000000000045,28
fit:5e7d75375ffbac6fd9baa8131646a6726e786d6ca7f4f82cf90c8956f7fcce8a,2026-05-02T11:48:51+00:00,2641.0,81,136,78,8.694,19.200000000000045,28
fit:5e7d75375ffbac6fd9baa8131646a6726e786d6ca7f4f82cf90c8956f7fcce8a,2026-05-02T11:48:52+00:00,2642.0,70,136,78,8.644,19.399999999999977,28
fit:5e7d75375ffbac6fd9baa8131646a6726e786d6ca7f4f82cf90c8956f7fcce8a,2026-05-02T11:48:53+00:00,2643.0,32,136,76,8.643,19.399999999999977,28
fit:5e7d75375ffbac6fd9baa8131646a6726e786d6ca7f4f82cf90c8956f7fcce8a,2026-05-02T11:48:54+00:00,2644.0,73,135,77,8.605,19.399999999999977,28
fit:5e7d75375ffbac6fd9baa8131646a6726e786d6ca7f4f82cf90c8956f7fcce8a,2026-05-02T11:48:55+00:00,2645.0,79,134,76,8.502,19.399999999999977,28
fit:5e7d75375ffbac6fd9baa8131646a6726e786d6ca7f4f82cf90c8956f7fcce8a,2026-05-02T11:48:56+00:00,2646.0,70,133,76,8.413,19.399999999999977,28
fit:5e7d75375ffbac6fd9baa8131646a6726e786d6ca7f4f82cf90c8956f7fcce8a,2026-05-02T11:48:57+00:00,2647.0,66,133,76,8.422,19.399999999999977,28
fit:5e7d75375ffbac6fd9baa8131646a6726e786d6ca7f4f82cf90c8956f7fcce8a,2026-05-02T11:48:58+00:00,2648.0,66,132,76,8.353,19.399999999999977,28
fit:5e7d75375ffbac6fd9baa8131646a6726e786d6ca7f4f82cf90c8956f7fcce8a,2026-05-02T11:48:59+00:00,2649.0,66,132,76,8.379,19.399999999999977,28
fit:5e7d75375ffbac6fd9baa8131646a6726e786d6ca7f4f82cf90c8956f7fcce8a,2026-05-02T11:49:00+00:00,2650.0,66,131,76,8.192,18.600000000000023,28
fit:5e7d75375ffbac6fd9baa8131646a6726e786d6ca7f4f82cf90c8956f7fcce8a,2026-05-02T11:49:01+00:00,2651.0,63,131,0,8.078,18.600000000000023,28
fit:5e7d75375ffbac6fd9baa8131646a6726e786d6ca7f4f82cf90c8956f7fcce8a,2026-05-02T11:49:02+00:00,2652.0,57,131,0,7.787,18.600000000000023,28
fit:5e7d75375ffbac6fd9baa8131646a6726e786d6ca7f4f82cf90c8956f7fcce8a,2026-05-02T11:49:03+00:00,2653.0,51,130,0,7.726,18.799999999999955,28
fit:5e7d75375ffbac6fd9baa8131646a6726e786d6ca7f4f82cf90c8956f7fcce8a,2026-05-02T11:49:04+00:00,2654.0,46,130,0,7.697,19.0,28
fit:5e7d75375ffbac6fd9baa8131646a6726e786d6ca7f4f82cf90c8956f7fcce8a,2026-05-02T11:49:05+00:00,2655.0,42,130,0,7.62,19.0,28
fit:5e7d75375ffbac6fd9baa8131646a6726e786d6ca7f4f82cf90c8956f7fcce8a,2026-05-02T11:49:06+00:00,2656.0,38,129,0,7.416,19.0,28
fit:5e7d75375ffbac6fd9baa8131646a6726e786d6ca7f4f82cf90c8956f7fcce8a,2026-05-02T11:49:07+00:00,2657.0,0,129,0,7.154,19.0,28
fit:5e7d75375ffbac6fd9baa8131646a6726e786d6ca7f4f82cf90c8956f7fcce8a,2026-05-02T11:49:08+00:00,2658.0,0,127,0,6.534,20.0,28
fit:5e7d75375ffbac6fd9baa8131646a6726e786d6ca7f4f82cf90c8956f7fcce8a,2026-05-02T11:49:09+00:00,2659.0,0,125,0,4.702,20.0,28
fit:5e7d75375ffbac6fd9baa8131646a6726e786d6ca7f4f82cf90c8956f7fcce8a,2026-05-02T11:49:10+00:00,2660.0,0,124,0,3.654,20.0,28
fit:5e7d75375ffbac6fd9baa8131646a6726e786d6ca7f4f82cf90c8956f7fcce8a,2026-05-02T11:49:11+00:00,2661.0,147,122,0,3.532,19.399999999999977,28
fit:5e7d75375ffbac6fd9baa8131646a6726e786d6ca7f4f82cf90c8956f7fcce8a,2026-05-02T11:49:12+00:00,2662.0,147,121,32,3.902,19.600000000000023,28
fit:5e7d75375ffbac6fd9baa8131646a6726e786d6ca7f4f82cf90c8956f7fcce8a,2026-05-02T11:49:13+00:00,2663.0,226,120,44,4.329,19.600000000000023,28
fit:5e7d75375ffbac6fd9baa8131646a6726e786d6ca7f4f82cf90c8956f7fcce8a,2026-05-02T11:49:14+00:00,2664.0,240,120,51,4.975,19.600000000000023,28
fit:5e7d75375ffbac6fd9baa8131646a6726e786d6ca7f4f82cf90c8956f7fcce8a,2026-05-02T11:49:15+00:00,2665.0,193,120,51,5.352,18.799999999999955,28
fit:5e7d75375ffbac6fd9baa8131646a6726e786d6ca7f4f82cf90c8956f7fcce8a,2026-05-02T11:49:16+00:00,2666.0,184,120,59,5.909,18.600000000000023,28
fit:5e7d75375ffbac6fd9baa8131646a6726e786d6ca7f4f82cf90c8956f7fcce8a,2026-05-02T11:49:17+00:00,2667.0,64,120,59,6.329,18.600000000000023,28
fit:5e7d75375ffbac6fd9baa8131646a6726e786d6ca7f4f82cf90c8956f7fcce8a,2026-05-02T11:49:18+00:00,2668.0,77,122,70,6.579,18.600000000000023,28
fit:5e7d75375ffbac6fd9baa8131646a6726e786d6ca7f4f82cf90c8956f7fcce8a,2026-05-02T11:49:19+00:00,2669.0,58,122,71,6.764,18.200000000000045,28
