activity_id,timestamp,elapsed_seconds,power_w,heart_rate_bpm,cadence_rpm,speed_m_s,altitude_m,temperature_c
fit:11ba0ac28d468bdc19c88c55a8774bab8f7f966b006f61c6fd30348907495707,2026-08-30T08:45:15+00:00,0.0,0,111,0,0.0,4.800000000000011,30
fit:11ba0ac28d468bdc19c88c55a8774bab8f7f966b006f61c6fd30348907495707,2026-08-30T08:45:16+00:00,1.0,333,114,0,2.607,4.800000000000011,30
fit:11ba0ac28d468bdc19c88c55a8774bab8f7f966b006f61c6fd30348907495707,2026-08-30T08:45:17+00:00,2.0,333,114,37,2.782,5.0,30
fit:11ba0ac28d468bdc19c88c55a8774bab8f7f966b006f61c6fd30348907495707,2026-08-30T08:45:18+00:00,3.0,312,118,49,3.543,5.0,30
fit:11ba0ac28d468bdc19c88c55a8774bab8f7f966b006f61c6fd30348907495707,2026-08-30T08:45:19+00:00,4.0,312,121,49,4.292,5.0,30
fit:11ba0ac28d468bdc19c88c55a8774bab8f7f966b006f61c6fd30348907495707,2026-08-30T08:45:20+00:00,5.0,33,121,27,4.005,4.399999999999977,30
fit:11ba0ac28d468bdc19c88c55a8774bab8f7f966b006f61c6fd30348907495707,2026-08-30T08:45:21+00:00,6.0,136,124,27,3.992,4.399999999999977,30
fit:11ba0ac28d468bdc19c88c55a8774bab8f7f966b006f61c6fd30348907495707,2026-08-30T08:45:22+00:00,7.0,136,127,43,4.181,4.399999999999977,30
fit:11ba0ac28d468bdc19c88c55a8774bab8f7f966b006f61c6fd30348907495707,2026-08-30T08:45:23+00:00,8.0,27,129,43,4.185,5.399999999999977,30
fit:11ba0ac28d468bdc19c88c55a8774bab8f7f966b006f61c6fd30348907495707,2026-08-30T08:45:24+00:00,9.0,237,129,47,4.34,5.399999999999977,30
fit:11ba0ac28d468bdc19c88c55a8774bab8f7f966b006f61c6fd30348907495707,2026-08-30T08:45:25+00:00,10.0,237,131,47,4.622,5.399999999999977,30
fit:11ba0ac28d468bdc19c88c55a8774bab8f7f966b006f61c6fd30348907495707,2026-08-30T08:45:26+00:00,11.0,237,133,47,5.012,5.399999999999977,30
fit:11ba0ac28d468bdc19c88c55a8774bab8f7f966b006f61c6fd30348907495707,2026-08-30T08:45:27+00:00,12.0,55,133,24,5.217,4.800000000000011,30
fit:11ba0ac28d468bdc19c88c55a8774bab8f7f966b006f61c6fd30348907495707,2026-08-30T08:45:28+00:00,13.0,257,134,55,5.409,4.800000000000011,30
fit:11ba0ac28d468bdc19c88c55a8774bab8f7f966b006f61c6fd30348907495707,2026-08-30T08:45:29+00:00,14.0,386,136,63,5.812,4.800000000000011,30
fit:11ba0ac28d468bdc19c88c55a8774bab8f7f966b006f61c6fd30348907495707,2026-08-30T08:45:30+00:00,15.0,177,137,68,6.111,5.199999999999989,30
fit:11ba0ac28d468bdc19c88c55a8774bab8f7f966b006f61c6fd30348907495707,2026-08-30T08:45:31+00:00,16.0,177,139,68,6.139,5.199999999999989,30
fit:11ba0ac28d468bdc19c88c55a8774bab8f7f966b006f61c6fd30348907495707,2026-08-30T08:45:32+00:00,17.0,203,142,73,6.387,5.199999999999989,30
fit:11ba0ac28d468bdc19c88c55a8774bab8f7f966b006f61c6fd30348907495707,2026-08-30T08:45:33+00:00,18.0,97,144,42,6.661,5.199999999999989,30
fit:11ba0ac28d468bdc19c88c55a8774bab8f7f966b006f61c6fd30348907495707,2026-08-30T08:45:34+00:00,19.0,162,144,50,7.179,5.199999999999989,30
fit:11ba0ac28d468bdc19c88c55a8774bab8f7f966b006f61c6fd30348907495707,2026-08-30T08:45:35+00:00,20.0,221,147,63,7.4,5.199999999999989,30
fit:11ba0ac28d468bdc19c88c55a8774bab8f7f966b006f61c6fd30348907495707,2026-08-30T08:45:36+00:00,21.0,408,149,89,7.679,5.199999999999989,30
fit:11ba0ac28d468bdc19c88c55a8774bab8f7f966b006f61c6fd30348907495707,2026-08-30T08:45:37+00:00,22.0,408,151,89,8.283,5.199999999999989,30
fit:11ba0ac28d468bdc19c88c55a8774bab8f7f966b006f61c6fd30348907495707,2026-08-30T08:45:38+00:00,23.0,183,152,94,8.793,4.199999999999989,30
fit:11ba0ac28d468bdc19c88c55a8774bab8f7f966b006f61c6fd30348907495707,2026-08-30T08:45:39+00:00,24.0,143,152,64,9.14,3.1999999999999886,30
fit:11ba0ac28d468bdc19c88c55a8774bab8f7f966b006f61c6fd30348907495707,2026-08-30T08:45:40+00:00,25.0,477,153,95,9.455,3.1999999999999886,30
fit:11ba0ac28d468bdc19c88c55a8774bab8f7f966b006f61c6fd30348907495707,2026-08-30T08:45:41+00:00,26.0,685,154,100,10.062,3.1999999999999886,30
fit:11ba0ac28d468bdc19c88c55a8774bab8f7f966b006f61c6fd30348907495707,2026-08-30T08:45:42+00:00,27.0,667,155,108,10.707,4.199999999999989,30
fit:11ba0ac28d468bdc19c88c55a8774bab8f7f966b006f61c6fd30348907495707,2026-08-30T08:45:43+00:00,28.0,296,155,111,11.534,4.199999999999989,30
fit:11ba0ac28d468bdc19c88c55a8774bab8f7f966b006f61c6fd30348907495707,2026-08-30T08:45:44+00:00,29.0,463,156,102,11.886,4.199999999999989,30
fit:11ba0ac28d468bdc19c88c55a8774bab8f7f966b006f61c6fd30348907495707,2026-08-30T08:45:45+00:00,30.0,539,156,105,12.368,4.199999999999989,30
fit:11ba0ac28d468bdc19c88c55a8774bab8f7f966b006f61c6fd30348907495707,2026-08-30T08:45:46+00:00,31.0,613,157,108,12.78,4.199999999999989,30
fit:11ba0ac28d468bdc19c88c55a8774bab8f7f966b006f61c6fd30348907495707,2026-08-30T08:45:47+00:00,32.0,344,159,109,13.196,3.1999999999999886,30
fit:11ba0ac28d468bdc19c88c55a8774bab8f7f966b006f61c6fd30348907495707,2026-08-30T08:45:48+00:00,33.0,345,159,109,13.377,2.1999999999999886,30
fit:11ba0ac28d468bdc19c88c55a8774bab8f7f966b006f61c6fd30348907495707,2026-08-30T08:45:49+00:00,34.0,504,161,103,13.496,2.0,30
fit:11ba0ac28d468bdc19c88c55a8774bab8f7f966b006f61c6fd30348907495707,2026-08-30T08:45:50+00:00,35.0,483,161,104,13.612,2.0,30
fit:11ba0ac28d468bdc19c88c55a8774bab8f7f966b006f61c6fd30348907495707,2026-08-30T08:45:51+00:00,36.0,483,162,104,13.856,2.0,30
fit:11ba0ac28d468bdc19c88c55a8774bab8f7f966b006f61c6fd30348907495707,2026-08-30T08:45:52+00:00,37.0,263,163,104,13.535,2.0,30
fit:11ba0ac28d468bdc19c88c55a8774bab8f7f966b006f61c6fd30348907495707,2026-08-30T08:45:53+00:00,38.0,525,165,104,13.519,2.0,30
fit:11ba0ac28d468bdc19c88c55a8774bab8f7f966b006f61c6fd30348907495707,2026-08-30T08:45:54+00:00,39.0,275,165,106,13.721,2.8000000000000114,30
fit:11ba0ac28d468bdc19c88c55a8774bab8f7f966b006f61c6fd30348907495707,2026-08-30T08:45:55+00:00,40.0,362,167,106,13.853,3.0,30
fit:11ba0ac28d468bdc19c88c55a8774bab8f7f966b006f61c6fd30348907495707,2026-08-30T08:45:56+00:00,41.0,461,167,107,14.003,3.0,30
fit:11ba0ac28d468bdc19c88c55a8774bab8f7f966b006f61c6fd30348907495707,2026-08-30T08:45:57+00:00,42.0,367,169,107,14.122,3.0,30
fit:11ba0ac28d468bdc19c88c55a8774bab8f7f966b006f61c6fd30348907495707,2026-08-30T08:45:58+00:00,43.0,402,170,107,14.188,2.0,30
fit:11ba0ac28d468bdc19c88c55a8774bab8f7f966b006f61c6fd30348907495707,2026-08-30T08:45:59+00:00,44.0,617,171,100,14.184,1.0,30
fit:11ba0ac28d468bdc19c88c55a8774bab8f7f966b006f61c6fd30348907495707,2026-08-30T08:46:00+00:00,45.0,739,173,101,14.34,0.6000000000000227,30
fit:11ba0ac28d468bdc19c88c55a8774bab8f7f966b006f61c6fd30348907495707,2026-08-30T08:46:01+00:00,46.0,739,173,101,14.286,0.0,30
fit:11ba0ac28d468bdc19c88c55a8774bab8f7f966b006f61c6fd30348907495707,2026-08-30T08:46:02+00:00,47.0,479,175,105,14.739,0.0,30
fit:11ba0ac28d468bdc19c88c55a8774bab8f7f966b006f61c6fd30348907495707,2026-08-30T08:46:03+00:00,48.0,634,176,105,14.775,0.0,30
fit:11ba0ac28d468bdc19c88c55a8774bab8f7f966b006f61c6fd30348907495707,2026-08-30T08:46:04+00:00,49.0,538,177,107,15.151,1.0,30
fit:11ba0ac28d468bdc19c88c55a8774bab8f7f966b006f61c6fd30348907495707,2026-08-30T08:46:05+00:00,50.0,561,178,107,15.127,2.0,30
fit:11ba0ac28d468bdc19c88c55a8774bab8f7f966b006f61c6fd30348907495707,2026-08-30T08:46:06+00:00,51.0,442,178,108,15.395,3.0,30
fit:11ba0ac28d468bdc19c88c55a8774bab8f7f966b006f61c6fd30348907495707,2026-08-30T08:46:07+00:00,52.0,414,179,109,15.559,3.3999999999999773,30
fit:11ba0ac28d468bdc19c88c55a8774bab8f7f966b006f61c6fd30348907495707,2026-08-30T08:46:08+00:00,53.0,238,180,109,15.533,3.3999999999999773,30
fit:11ba0ac28d468bdc19c88c55a8774bab8f7f966b006f61c6fd30348907495707,2026-08-30T08:46:09+00:00,54.0,249,181,108,15.64,3.3999999999999773,30
fit:11ba0ac28d468bdc19c88c55a8774bab8f7f966b006f61c6fd30348907495707,2026-08-30T08:46:10+00:00,55.0,602,181,109,15.641,2.3999999999999773,30
fit:11ba0ac28d468bdc19c88c55a8774bab8f7f966b006f61c6fd30348907495707,2026-08-30T08:46:11+00:00,56.0,551,182,110,15.636,1.8000000000000114,30
fit:11ba0ac28d468bdc19c88c55a8774bab8f7f966b006f61c6fd30348907495707,2026-08-30T08:46:12+00:00,57.0,388,183,111,15.937,1.6000000000000227,30
fit:11ba0ac28d468bdc19c88c55a8774bab8f7f966b006f61c6fd30348907495707,2026-08-30T08:46:13+00:00,58.0,364,183,112,16.027,1.6000000000000227,30
fit:11ba0ac28d468bdc19c88c55a8774bab8f7f966b006f61c6fd30348907495707,2026-08-30T08:46:14+00:00,59.0,415,183,112,15.916,1.6000000000000227,30
fit:11ba0ac28d468bdc19c88c55a8774bab8f7f966b006f61c6fd30348907495707,2026-08-30T08:46:15+00:00,60.0,182,184,111,15.909,2.6000000000000227,30
fit:11ba0ac28d468bdc19c88c55a8774bab8f7f966b006f61c6fd30348907495707,2026-08-30T08:46:16+00:00,61.0,149,185,110,15.963,2.6000000000000227,30
fit:11ba0ac28d468bdc19c88c55a8774bab8f7f966b006f61c6fd30348907495707,2026-08-30T08:46:17+00:00,62.0,147,185,109,15.827,2.6000000000000227,30
fit:11ba0ac28d468bdc19c88c55a8774bab8f7f966b006f61c6fd30348907495707,2026-08-30T08:46:18+00:00,63.0,118,185,107,15.604,1.6000000000000227,30
fit:11ba0ac28d468bdc19c88c55a8774bab8f7f966b006f61c6fd30348907495707,2026-08-30T08:46:19+00:00,64.0,48,185,90,15.517,1.0,30
fit:11ba0ac28d468bdc19c88c55a8774bab8f7f966b006f61c6fd30348907495707,2026-08-30T08:46:20+00:00,65.0,292,185,105,15.382,0.6000000000000227,30
fit:11ba0ac28d468bdc19c88c55a8774bab8f7f966b006f61c6fd30348907495707,2026-08-30T08:46:21+00:00,66.0,224,185,105,15.208,0.19999999999998863,30
fit:11ba0ac28d468bdc19c88c55a8774bab8f7f966b006f61c6fd30348907495707,2026-08-30T08:46:22+00:00,67.0,210,185,74,14.936,0.19999999999998863,30
fit:11ba0ac28d468bdc19c88c55a8774bab8f7f966b006f61c6fd30348907495707,2026-08-30T08:46:23+00:00,68.0,210,185,74,14.939,0.19999999999998863,30
fit:11ba0ac28d468bdc19c88c55a8774bab8f7f966b006f61c6fd30348907495707,2026-08-30T08:46:24+00:00,69.0,210,186,74,14.794,1.1999999999999886,30
fit:11ba0ac28d468bdc19c88c55a8774bab8f7f966b006f61c6fd30348907495707,2026-08-30T08:46:25+00:00,70.0,14,186,21,14.039,1.6000000000000227,30
fit:11ba0ac28d468bdc19c88c55a8774bab8f7f966b006f61c6fd30348907495707,2026-08-30T08:46:26+00:00,71.0,792,186,93,13.555,1.6000000000000227,30
fit:11ba0ac28d468bdc19c88c55a8774bab8f7f966b006f61c6fd30348907495707,2026-08-30T08:46:27+00:00,72.0,905,186,95,13.466,1.6000000000000227,30
fit:11ba0ac28d468bdc19c88c55a8774bab8f7f966b006f61c6fd30348907495707,2026-08-30T08:46:28+00:00,73.0,956,186,98,13.772,1.6000000000000227,30
fit:11ba0ac28d468bdc19c88c55a8774bab8f7f966b006f61c6fd30348907495707,2026-08-30T08:46:29+00:00,74.0,816,185,102,14.059,2.1999999999999886,30
fit:11ba0ac28d468bdc19c88c55a8774bab8f7f966b006f61c6fd30348907495707,2026-08-30T08:46:30+00:00,75.0,750,185,103,14.523,2.8000000000000114,30
fit:11ba0ac28d468bdc19c88c55a8774bab8f7f966b006f61c6fd30348907495707,2026-08-30T08:46:31+00:00,76.0,718,185,105,14.674,3.6000000000000227,30
fit:11ba0ac28d468bdc19c88c55a8774bab8f7f966b006f61c6fd30348907495707,2026-08-30T08:46:32+00:00,77.0,291,185,104,14.811,3.6000000000000227,30
fit:11ba0ac28d468bdc19c88c55a8774bab8f7f966b006f61c6fd30348907495707,2026-08-30T08:46:33+00:00,78.0,583,185,105,14.96,3.6000000000000227,30
fit:11ba0ac28d468bdc19c88c55a8774bab8f7f966b006f61c6fd30348907495707,2026-08-30T08:46:34+00:00,79.0,400,185,105,15.053,2.6000000000000227,30
fit:11ba0ac28d468bdc19c88c55a8774bab8f7f966b006f61c6fd30348907495707,2026-08-30T08:46:35+00:00,80.0,544,186,106,15.106,1.6000000000000227,30
fit:11ba0ac28d468bdc19c88c55a8774bab8f7f966b006f61c6fd30348907495707,2026-08-30T08:46:36+00:00,81.0,534,186,106,15.125,0.6000000000000227,30
fit:11ba0ac28d468bdc19c88c55a8774bab8f7f966b006f61c6fd30348907495707,2026-08-30T08:46:37+00:00,82.0,526,186,107,15.247,-0.19999999999998863,30
fit:11ba0ac28d468bdc19c88c55a8774bab8f7f966b006f61c6fd30348907495707,2026-08-30T08:46:38+00:00,83.0,556,187,107,15.231,-0.19999999999998863,30
fit:11ba0ac28d468bdc19c88c55a8774bab8f7f966b006f61c6fd30348907495707,2026-08-30T08:46:39+00:00,84.0,482,187,108,15.502,-0.19999999999998863,30
fit:11ba0ac28d468bdc19c88c55a8774bab8f7f966b006f61c6fd30348907495707,2026-08-30T08:46:40+00:00,85.0,335,187,107,15.435,-0.19999999999998863,30
fit:11ba0ac28d468bdc19c88c55a8774bab8f7f966b006f61c6fd30348907495707,2026-08-30T08:46:41+00:00,86.0,349,187,106,15.308,-0.19999999999998863,30
fit:11ba0ac28d468bdc19c88c55a8774bab8f7f966b006f61c6fd30348907495707,2026-08-30T08:46:42+00:00,87.0,379,188,106,15.348,-0.19999999999998863,30
fit:11ba0ac28d468bdc19c88c55a8774bab8f7f966b006f61c6fd30348907495707,2026-08-30T08:46:43+00:00,88.0,274,188,105,15.149,-0.19999999999998863,30
fit:11ba0ac28d468bdc19c88c55a8774bab8f7f966b006f61c6fd30348907495707,2026-08-30T08:46:44+00:00,89.0,274,188,105,15.169,-0.19999999999998863,30
fit:11ba0ac28d468bdc19c88c55a8774bab8f7f966b006f61c6fd30348907495707,2026-08-30T08:46:45+00:00,90.0,413,188,105,15.073,0.8000000000000114,30
fit:11ba0ac28d468bdc19c88c55a8774bab8f7f966b006f61c6fd30348907495707,2026-08-30T08:46:46+00:00,91.0,313,188,105,15.311,0.8000000000000114,30
fit:11ba0ac28d468bdc19c88c55a8774bab8f7f966b006f61c6fd30348907495707,2026-08-30T08:46:47+00:00,92.0,151,188,104,15.121,0.8000000000000114,30
fit:11ba0ac28d468bdc19c88c55a8774bab8f7f966b006f61c6fd30348907495707,2026-08-30T08:46:48+00:00,93.0,151,188,104,15.178,0.8000000000000114,30
fit:11ba0ac28d468bdc19c88c55a8774bab8f7f966b006f61c6fd30348907495707,2026-08-30T08:46:49+00:00,94.0,110,188,103,14.935,1.3999999999999773,30
fit:11ba0ac28d468bdc19c88c55a8774bab8f7f966b006f61c6fd30348907495707,2026-08-30T08:46:50+00:00,95.0,110,188,101,14.933,2.0,30
fit:11ba0ac28d468bdc19c88c55a8774bab8f7f966b006f61c6fd30348907495707,2026-08-30T08:46:51+00:00,96.0,9,189,80,14.749,3.0,30
fit:11ba0ac28d468bdc19c88c55a8774bab8f7f966b006f61c6fd30348907495707,2026-08-30T08:46:52+00:00,97.0,157,187,98,14.484,3.3999999999999773,30
fit:11ba0ac28d468bdc19c88c55a8774bab8f7f966b006f61c6fd30348907495707,2026-08-30T08:46:53+00:00,98.0,437,185,98,14.227,4.399999999999977,30
fit:11ba0ac28d468bdc19c88c55a8774bab8f7f966b006f61c6fd30348907495707,2026-08-30T08:46:54+00:00,99.0,480,185,99,14.204,4.399999999999977,30
fit:11ba0ac28d468bdc19c88c55a8774bab8f7f966b006f61c6fd30348907495707,2026-08-30T08:46:55+00:00,100.0,507,185,101,14.381,4.399999999999977,30
fit:11ba0ac28d468bdc19c88c55a8774bab8f7f966b006f61c6fd30348907495707,2026-08-30T08:46:56+00:00,101.0,413,185,101,14.338,4.399999999999977,30
fit:11ba0ac28d468bdc19c88c55a8774bab8f7f966b006f61c6fd30348907495707,2026-08-30T08:46:57+00:00,102.0,338,186,102,14.537,3.3999999999999773,30
fit:11ba0ac28d468bdc19c88c55a8774bab8f7f966b006f61c6fd30348907495707,2026-08-30T08:46:58+00:00,103.0,344,187,102,14.632,3.3999999999999773,30
fit:11ba0ac28d468bdc19c88c55a8774bab8f7f966b006f61c6fd30348907495707,2026-08-30T08:46:59+00:00,104.0,344,187,102,14.552,3.3999999999999773,30
fit:11ba0ac28d468bdc19c88c55a8774bab8f7f966b006f61c6fd30348907495707,2026-08-30T08:47:00+00:00,105.0,358,187,102,14.771,3.3999999999999773,30
fit:11ba0ac28d468bdc19c88c55a8774bab8f7f966b006f61c6fd30348907495707,2026-08-30T08:47:01+00:00,106.0,163,187,100,14.718,3.3999999999999773,30
fit:11ba0ac28d468bdc19c88c55a8774bab8f7f966b006f61c6fd30348907495707,2026-08-30T08:47:02+00:00,107.0,65,187,96,14.584,3.1999999999999886,30
fit:11ba0ac28d468bdc19c88c55a8774bab8f7f966b006f61c6fd30348907495707,2026-08-30T08:47:03+00:00,108.0,65,187,96,14.398,3.1999999999999886,30
fit:11ba0ac28d468bdc19c88c55a8774bab8f7f966b006f61c6fd30348907495707,2026-08-30T08:47:04+00:00,109.0,65,187,63,14.121,3.1999999999999886,30
fit:11ba0ac28d468bdc19c88c55a8774bab8f7f966b006f61c6fd30348907495707,2026-08-30T08:47:05+00:00,110.0,65,187,63,13.995,3.1999999999999886,30
fit:11ba0ac28d468bdc19c88c55a8774bab8f7f966b006f61c6fd30348907495707,2026-08-30T08:47:06+00:00,111.0,65,187,63,13.766,2.8000000000000114,30
fit:11ba0ac28d468bdc19c88c55a8774bab8f7f966b006f61c6fd30348907495707,2026-08-30T08:47:07+00:00,112.0,65,185,63,13.569,1.8000000000000114,30
fit:11ba0ac28d468bdc19c88c55a8774bab8f7f966b006f61c6fd30348907495707,2026-08-30T08:47:08+00:00,113.0,0,183,62,13.35,1.8000000000000114,30
fit:11ba0ac28d468bdc19c88c55a8774bab8f7f966b006f61c6fd30348907495707,2026-08-30T08:47:09+00:00,114.0,0,183,0,12.891,1.8000000000000114,30
fit:11ba0ac28d468bdc19c88c55a8774bab8f7f966b006f61c6fd30348907495707,2026-08-30T08:47:10+00:00,115.0,0,184,0,12.479,1.8000000000000114,30
fit:11ba0ac28d468bdc19c88c55a8774bab8f7f966b006f61c6fd30348907495707,2026-08-30T08:47:11+00:00,116.0,0,182,0,12.342,1.8000000000000114,30
fit:11ba0ac28d468bdc19c88c55a8774bab8f7f966b006f61c6fd30348907495707,2026-08-30T08:47:12+00:00,117.0,5,183,0,12.011,1.8000000000000114,30
fit:11ba0ac28d468bdc19c88c55a8774bab8f7f966b006f61c6fd30348907495707,2026-08-30T08:47:13+00:00,118.0,5,183,59,11.606,2.3999999999999773,30
fit:11ba0ac28d468bdc19c88c55a8774bab8f7f966b006f61c6fd30348907495707,2026-08-30T08:47:14+00:00,119.0,9,184,59,11.358,2.3999999999999773,30
fit:11ba0ac28d468bdc19c88c55a8774bab8f7f966b006f61c6fd30348907495707,2026-08-30T08:47:15+00:00,120.0,141,183,77,11.258,2.3999999999999773,30
fit:11ba0ac28d468bdc19c88c55a8774bab8f7f966b006f61c6fd30348907495707,2026-08-30T08:47:16+00:00,121.0,356,180,78,11.176,2.3999999999999773,30
fit:11ba0ac28d468bdc19c88c55a8774bab8f7f966b006f61c6fd30348907495707,2026-08-30T08:47:17+00:00,122.0,137,180,78,11.23,2.3999999999999773,30
fit:11ba0ac28d468bdc19c88c55a8774bab8f7f966b006f61c6fd30348907495707,2026-08-30T08:47:18+00:00,123.0,304,181,78,11.261,2.3999999999999773,30
fit:11ba0ac28d468bdc19c88c55a8774bab8f7f966b006f61c6fd30348907495707,2026-08-30T08:47:19+00:00,124.0,509,180,79,11.254,2.3999999999999773,30
fit:11ba0ac28d468bdc19c88c55a8774bab8f7f966b006f61c6fd30348907495707,2026-08-30T08:47:20+00:00,125.0,509,180,81,11.558,2.3999999999999773,30
fit:11ba0ac28d468bdc19c88c55a8774bab8f7f966b006f61c6fd30348907495707,2026-08-30T08:47:21+00:00,126.0,622,178,86,11.987,2.3999999999999773,30
fit:11ba0ac28d468bdc19c88c55a8774bab8f7f966b006f61c6fd30348907495707,2026-08-30T08:47:22+00:00,127.0,721,178,88,12.271,2.3999999999999773,30
fit:11ba0ac28d468bdc19c88c55a8774bab8f7f966b006f61c6fd30348907495707,2026-08-30T08:47:23+00:00,128.0,352,177,90,12.546,2.3999999999999773,30
fit:11ba0ac28d468bdc19c88c55a8774bab8f7f966b006f61c6fd30348907495707,2026-08-30T08:47:24+00:00,129.0,314,176,91,12.861,2.3999999999999773,30
fit:11ba0ac28d468bdc19c88c55a8774bab8f7f966b006f61c6fd30348907495707,2026-08-30T08:47:25+00:00,130.0,506,175,92,13.088,2.3999999999999773,30
fit:11ba0ac28d468bdc19c88c55a8774bab8f7f966b006f61c6fd30348907495707,2026-08-30T08:47:26+00:00,131.0,597,175,93,13.379,2.3999999999999773,30
fit:11ba0ac28d468bdc19c88c55a8774bab8f7f966b006f61c6fd30348907495707,2026-08-30T08:47:27+00:00,132.0,448,174,93,13.448,2.1999999999999886,30
fit:11ba0ac28d468bdc19c88c55a8774bab8f7f966b006f61c6fd30348907495707,2026-08-30T08:47:28+00:00,133.0,165,175,93,13.639,1.1999999999999886,30
fit:11ba0ac28d468bdc19c88c55a8774bab8f7f966b006f61c6fd30348907495707,2026-08-30T08:47:29+00:00,134.0,165,175,93,13.745,1.1999999999999886,30
fit:11ba0ac28d468bdc19c88c55a8774bab8f7f966b006f61c6fd30348907495707,2026-08-30T08:47:30+00:00,135.0,21,175,87,13.639,1.1999999999999886,30
fit:11ba0ac28d468bdc19c88c55a8774bab8f7f966b006f61c6fd30348907495707,2026-08-30T08:47:31+00:00,136.0,35,174,89,13.516,1.8000000000000114,30
fit:11ba0ac28d468bdc19c88c55a8774bab8f7f966b006f61c6fd30348907495707,2026-08-30T08:47:32+00:00,137.0,35,172,89,13.219,2.8000000000000114,30
fit:11ba0ac28d468bdc19c88c55a8774bab8f7f966b006f61c6fd30348907495707,2026-08-30T08:47:33+00:00,138.0,35,176,89,13.109,2.8000000000000114,30
fit:11ba0ac28d468bdc19c88c55a8774bab8f7f966b006f61c6fd30348907495707,2026-08-30T08:47:34+00:00,139.0,39,177,42,12.813,2.8000000000000114,30
fit:11ba0ac28d468bdc19c88c55a8774bab8f7f966b006f61c6fd30348907495707,2026-08-30T08:47:35+00:00,140.0,119,177,88,12.67,1.8000000000000114,30
fit:11ba0ac28d468bdc19c88c55a8774bab8f7f966b006f61c6fd30348907495707,2026-08-30T08:47:36+00:00,141.0,96,178,88,12.632,1.8000000000000114,30
fit:11ba0ac28d468bdc19c88c55a8774bab8f7f966b006f61c6fd30348907495707,2026-08-30T08:47:37+00:00,142.0,96,178,88,12.567,1.8000000000000114,30
fit:11ba0ac28d468bdc19c88c55a8774bab8f7f966b006f61c6fd30348907495707,2026-08-30T08:47:38+00:00,143.0,96,178,88,12.46,2.8000000000000114,30
fit:11ba0ac28d468bdc19c88c55a8774bab8f7f966b006f61c6fd30348907495707,2026-08-30T08:47:39+00:00,144.0,96,178,88,12.314,2.8000000000000114,30
fit:11ba0ac28d468bdc19c88c55a8774bab8f7f966b006f61c6fd30348907495707,2026-08-30T08:47:40+00:00,145.0,88,177,85,12.125,2.8000000000000114,30
fit:11ba0ac28d468bdc19c88c55a8774bab8f7f966b006f61c6fd30348907495707,2026-08-30T08:47:41+00:00,146.0,0,176,0,12.017,2.8000000000000114,30
fit:11ba0ac28d468bdc19c88c55a8774bab8f7f966b006f61c6fd30348907495707,2026-08-30T08:47:42+00:00,147.0,0,176,0,11.881,3.6000000000000227,30
fit:11ba0ac28d468bdc19c88c55a8774bab8f7f966b006f61c6fd30348907495707,2026-08-30T08:47:43+00:00,148.0,0,176,0,11.739,3.6000000000000227,30
fit:11ba0ac28d468bdc19c88c55a8774bab8f7f966b006f61c6fd30348907495707,2026-08-30T08:47:44+00:00,149.0,6,175,0,11.482,3.6000000000000227,30
fit:11ba0ac28d468bdc19c88c55a8774bab8f7f966b006f61c6fd30348907495707,2026-08-30T08:47:45+00:00,150.0,46,175,76,11.26,2.6000000000000227,30
fit:11ba0ac28d468bdc19c88c55a8774bab8f7f966b006f61c6fd30348907495707,2026-08-30T08:47:46+00:00,151.0,16,174,64,11.206,1.6000000000000227,30
fit:11ba0ac28d468bdc19c88c55a8774bab8f7f966b006f61c6fd30348907495707,2026-08-30T08:47:47+00:00,152.0,16,174,64,10.787,1.1999999999999886,30
fit:11ba0ac28d468bdc19c88c55a8774bab8f7f966b006f61c6fd30348907495707,2026-08-30T08:47:48+00:00,153.0,16,173,64,10.457,1.1999999999999886,30
fit:11ba0ac28d468bdc19c88c55a8774bab8f7f966b006f61c6fd30348907495707,2026-08-30T08:47:49+00:00,154.0,16,172,64,10.158,1.1999999999999886,30
fit:11ba0ac28d468bdc19c88c55a8774bab8f7f966b006f61c6fd30348907495707,2026-08-30T08:47:50+00:00,155.0,0,170,0,9.952,2.1999999999999886,30
fit:11ba0ac28d468bdc19c88c55a8774bab8f7f966b006f61c6fd30348907495707,2026-08-30T08:47:51+00:00,156.0,0,170,0,9.717,2.6000000000000227,30
fit:11ba0ac28d468bdc19c88c55a8774bab8f7f966b006f61c6fd30348907495707,2026-08-30T08:47:52+00:00,157.0,0,168,0,9.518,3.6000000000000227,30
fit:11ba0ac28d468bdc19c88c55a8774bab8f7f966b006f61c6fd30348907495707,2026-08-30T08:47:53+00:00,158.0,210,168,61,9.447,3.6000000000000227,30
fit:11ba0ac28d468bdc19c88c55a8774bab8f7f966b006f61c6fd30348907495707,2026-08-30T08:47:54+00:00,159.0,210,167,61,9.686,3.6000000000000227,30
fit:11ba0ac28d468bdc19c88c55a8774bab8f7f966b006f61c6fd30348907495707,2026-08-30T08:47:55+00:00,160.0,210,166,61,9.667,2.6000000000000227,30
fit:11ba0ac28d468bdc19c88c55a8774bab8f7f966b006f61c6fd30348907495707,2026-08-30T08:47:56+00:00,161.0,210,166,75,10.396,2.1999999999999886,30
fit:11ba0ac28d468bdc19c88c55a8774bab8f7f966b006f61c6fd30348907495707,2026-08-30T08:47:57+00:00,162.0,600,166,79,10.721,2.1999999999999886,30
fit:11ba0ac28d468bdc19c88c55a8774bab8f7f966b006f61c6fd30348907495707,2026-08-30T08:47:58+00:00,163.0,452,166,79,11.266,2.1999999999999886,30
fit:11ba0ac28d468bdc19c88c55a8774bab8f7f966b006f61c6fd30348907495707,2026-08-30T08:47:59+00:00,164.0,452,166,81,11.574,2.1999999999999886,30
fit:11ba0ac28d468bdc19c88c55a8774bab8f7f966b006f61c6fd30348907495707,2026-08-30T08:48:00+00:00,165.0,371,167,83,11.68,2.1999999999999886,30
fit:11ba0ac28d468bdc19c88c55a8774bab8f7f966b006f61c6fd30348907495707,2026-08-30T08:48:01+00:00,166.0,347,167,84,11.887,2.1999999999999886,30
fit:11ba0ac28d468bdc19c88c55a8774bab8f7f966b006f61c6fd30348907495707,2026-08-30T08:48:02+00:00,167.0,346,168,85,12.12,2.1999999999999886,30
fit:11ba0ac28d468bdc19c88c55a8774bab8f7f966b006f61c6fd30348907495707,2026-08-30T08:48:03+00:00,168.0,346,168,85,12.21,2.1999999999999886,30
fit:11ba0ac28d468bdc19c88c55a8774bab8f7f966b006f61c6fd30348907495707,2026-08-30T08:48:04+00:00,169.0,346,169,85,12.251,2.1999999999999886,30
fit:11ba0ac28d468bdc19c88c55a8774bab8f7f966b006f61c6fd30348907495707,2026-08-30T08:48:05+00:00,170.0,339,169,85,12.076,2.1999999999999886,30
fit:11ba0ac28d468bdc19c88c55a8774bab8f7f966b006f61c6fd30348907495707,2026-08-30T08:48:06+00:00,171.0,10,169,0,11.855,2.1999999999999886,30
fit:11ba0ac28d468bdc19c88c55a8774bab8f7f966b006f61c6fd30348907495707,2026-08-30T08:48:07+00:00,172.0,660,169,82,11.555,2.1999999999999886,30
fit:11ba0ac28d468bdc19c88c55a8774bab8f7f966b006f61c6fd30348907495707,2026-08-30T08:48:08+00:00,173.0,865,170,82,11.666,2.1999999999999886,30
fit:11ba0ac28d468bdc19c88c55a8774bab8f7f966b006f61c6fd30348907495707,2026-08-30T08:48:09+00:00,174.0,913,170,87,11.865,2.1999999999999886,30
fit:11ba0ac28d468bdc19c88c55a8774bab8f7f966b006f61c6fd30348907495707,2026-08-30T08:48:10+00:00,175.0,812,170,93,12.477,2.1999999999999886,30
fit:11ba0ac28d468bdc19c88c55a8774bab8f7f966b006f61c6fd30348907495707,2026-08-30T08:48:11+00:00,176.0,695,171,95,12.852,2.1999999999999886,30
fit:11ba0ac28d468bdc19c88c55a8774bab8f7f966b006f61c6fd30348907495707,2026-08-30T08:48:12+00:00,177.0,622,171,97,13.389,2.1999999999999886,30
fit:11ba0ac28d468bdc19c88c55a8774bab8f7f966b006f61c6fd30348907495707,2026-08-30T08:48:13+00:00,178.0,620,172,98,13.793,3.1999999999999886,30
fit:11ba0ac28d468bdc19c88c55a8774bab8f7f966b006f61c6fd30348907495707,2026-08-30T08:48:14+00:00,179.0,255,174,98,13.993,4.199999999999989,30
fit:11ba0ac28d468bdc19c88c55a8774bab8f7f966b006f61c6fd30348907495707,2026-08-30T08:48:15+00:00,180.0,294,175,82,14.014,4.199999999999989,30
fit:11ba0ac28d468bdc19c88c55a8774bab8f7f966b006f61c6fd30348907495707,2026-08-30T08:48:16+00:00,181.0,567,176,98,13.912,4.199999999999989,30
fit:11ba0ac28d468bdc19c88c55a8774bab8f7f966b006f61c6fd30348907495707,2026-08-30T08:48:17+00:00,182.0,688,176,99,14.149,3.1999999999999886,30
fit:11ba0ac28d468bdc19c88c55a8774bab8f7f966b006f61c6fd30348907495707,2026-08-30T08:48:18+00:00,183.0,689,177,100,14.311,2.1999999999999886,30
fit:11ba0ac28d468bdc19c88c55a8774bab8f7f966b006f61c6fd30348907495707,2026-08-30T08:48:19+00:00,184.0,315,177,101,14.243,2.0,30
fit:11ba0ac28d468bdc19c88c55a8774bab8f7f966b006f61c6fd30348907495707,2026-08-30T08:48:20+00:00,185.0,315,178,102,14.487,2.0,30
fit:11ba0ac28d468bdc19c88c55a8774bab8f7f966b006f61c6fd30348907495707,2026-08-30T08:48:21+00:00,186.0,126,178,101,14.458,2.0,30
fit:11ba0ac28d468bdc19c88c55a8774bab8f7f966b006f61c6fd30348907495707,2026-08-30T08:48:22+00:00,187.0,126,178,101,14.424,3.0,30
fit:11ba0ac28d468bdc19c88c55a8774bab8f7f966b006f61c6fd30348907495707,2026-08-30T08:48:23+00:00,188.0,126,177,101,14.218,3.0,30
fit:11ba0ac28d468bdc19c88c55a8774bab8f7f966b006f61c6fd30348907495707,2026-08-30T08:48:24+00:00,189.0,126,175,101,13.982,3.0,30
fit:11ba0ac28d468bdc19c88c55a8774bab8f7f966b006f61c6fd30348907495707,2026-08-30T08:48:25+00:00,190.0,126,173,101,13.444,2.0,30
fit:11ba0ac28d468bdc19c88c55a8774bab8f7f966b006f61c6fd30348907495707,2026-08-30T08:48:26+00:00,191.0,126,173,101,12.983,1.0,30
fit:11ba0ac28d468bdc19c88c55a8774bab8f7f966b006f61c6fd30348907495707,2026-08-30T08:48:27+00:00,192.0,24,176,49,12.635,1.0,30
fit:11ba0ac28d468bdc19c88c55a8774bab8f7f966b006f61c6fd30348907495707,2026-08-30T08:48:28+00:00,193.0,30,176,55,12.301,1.0,30
fit:11ba0ac28d468bdc19c88c55a8774bab8f7f966b006f61c6fd30348907495707,2026-08-30T08:48:29+00:00,194.0,56,178,49,12.194,1.8000000000000114,30
fit:11ba0ac28d468bdc19c88c55a8774bab8f7f966b006f61c6fd30348907495707,2026-08-30T08:48:30+00:00,195.0,104,176,81,11.904,2.0,30
fit:11ba0ac28d468bdc19c88c55a8774bab8f7f966b006f61c6fd30348907495707,2026-08-30T08:48:31+00:00,196.0,422,177,82,11.896,2.3999999999999773,30
fit:11ba0ac28d468bdc19c88c55a8774bab8f7f966b006f61c6fd30348907495707,2026-08-30T08:48:32+00:00,197.0,588,177,84,12.008,2.3999999999999773,30
fit:11ba0ac28d468bdc19c88c55a8774bab8f7f966b006f61c6fd30348907495707,2026-08-30T08:48:33+00:00,198.0,588,175,84,12.111,2.3999999999999773,30
fit:11ba0ac28d468bdc19c88c55a8774bab8f7f966b006f61c6fd30348907495707,2026-08-30T08:48:34+00:00,199.0,609,175,91,12.359,2.3999999999999773,30
fit:11ba0ac28d468bdc19c88c55a8774bab8f7f966b006f61c6fd30348907495707,2026-08-30T08:48:35+00:00,200.0,527,174,94,12.823,3.3999999999999773,30
fit:11ba0ac28d468bdc19c88c55a8774bab8f7f966b006f61c6fd30348907495707,2026-08-30T08:48:36+00:00,201.0,164,173,68,13.154,3.3999999999999773,30
fit:11ba0ac28d468bdc19c88c55a8774bab8f7f966b006f61c6fd30348907495707,2026-08-30T08:48:37+00:00,202.0,348,174,92,13.344,3.3999999999999773,30
fit:11ba0ac28d468bdc19c88c55a8774bab8f7f966b006f61c6fd30348907495707,2026-08-30T08:48:38+00:00,203.0,86,174,40,13.25,2.3999999999999773,30
fit:11ba0ac28d468bdc19c88c55a8774bab8f7f966b006f61c6fd30348907495707,2026-08-30T08:48:39+00:00,204.0,436,174,90,13.098,1.8000000000000114,30
fit:11ba0ac28d468bdc19c88c55a8774bab8f7f966b006f61c6fd30348907495707,2026-08-30T08:48:40+00:00,205.0,767,174,90,12.993,1.8000000000000114,30
fit:11ba0ac28d468bdc19c88c55a8774bab8f7f966b006f61c6fd30348907495707,2026-08-30T08:48:41+00:00,206.0,767,175,94,13.088,1.8000000000000114,30
fit:11ba0ac28d468bdc19c88c55a8774bab8f7f966b006f61c6fd30348907495707,2026-08-30T08:48:42+00:00,207.0,728,175,97,13.524,2.8000000000000114,30
fit:11ba0ac28d468bdc19c88c55a8774bab8f7f966b006f61c6fd30348907495707,2026-08-30T08:48:43+00:00,208.0,728,176,97,13.878,3.8000000000000114,30
fit:11ba0ac28d468bdc19c88c55a8774bab8f7f966b006f61c6fd30348907495707,2026-08-30T08:48:44+00:00,209.0,548,175,100,13.99,3.8000000000000114,30
fit:11ba0ac28d468bdc19c88c55a8774bab8f7f966b006f61c6fd30348907495707,2026-08-30T08:48:45+00:00,210.0,24,178,101,13.98,3.8000000000000114,30
fit:11ba0ac28d468bdc19c88c55a8774bab8f7f966b006f61c6fd30348907495707,2026-08-30T08:48:46+00:00,211.0,23,178,65,14.152,3.3999999999999773,30
fit:11ba0ac28d468bdc19c88c55a8774bab8f7f966b006f61c6fd30348907495707,2026-08-30T08:48:47+00:00,212.0,23,180,65,14.155,2.8000000000000114,30
fit:11ba0ac28d468bdc19c88c55a8774bab8f7f966b006f61c6fd30348907495707,2026-08-30T08:48:48+00:00,213.0,23,181,65,14.0,2.8000000000000114,30
fit:11ba0ac28d468bdc19c88c55a8774bab8f7f966b006f61c6fd30348907495707,2026-08-30T08:48:49+00:00,214.0,23,181,65,13.533,2.8000000000000114,30
fit:11ba0ac28d468bdc19c88c55a8774bab8f7f966b006f61c6fd30348907495707,2026-08-30T08:48:50+00:00,215.0,20,181,61,12.954,2.8000000000000114,30
fit:11ba0ac28d468bdc19c88c55a8774bab8f7f966b006f61c6fd30348907495707,2026-08-30T08:48:51+00:00,216.0,0,183,0,12.123,3.1999999999999886,30
fit:11ba0ac28d468bdc19c88c55a8774bab8f7f966b006f61c6fd30348907495707,2026-08-30T08:48:52+00:00,217.0,0,184,0,11.579,3.3999999999999773,30
fit:11ba0ac28d468bdc19c88c55a8774bab8f7f966b006f61c6fd30348907495707,2026-08-30T08:48:53+00:00,218.0,0,186,0,10.927,3.8000000000000114,30
fit:11ba0ac28d468bdc19c88c55a8774bab8f7f966b006f61c6fd30348907495707,2026-08-30T08:48:54+00:00,219.0,0,186,0,10.115,3.8000000000000114,30
fit:11ba0ac28d468bdc19c88c55a8774bab8f7f966b006f61c6fd30348907495707,2026-08-30T08:48:55+00:00,220.0,0,186,0,9.525,3.8000000000000114,30
fit:11ba0ac28d468bdc19c88c55a8774bab8f7f966b006f61c6fd30348907495707,2026-08-30T08:48:56+00:00,221.0,213,186,67,9.55,3.3999999999999773,30
fit:11ba0ac28d468bdc19c88c55a8774bab8f7f966b006f61c6fd30348907495707,2026-08-30T08:48:57+00:00,222.0,0,186,70,9.779,3.3999999999999773,30
fit:11ba0ac28d468bdc19c88c55a8774bab8f7f966b006f61c6fd30348907495707,2026-08-30T08:48:58+00:00,223.0,809,186,74,10.147,3.3999999999999773,30
fit:11ba0ac28d468bdc19c88c55a8774bab8f7f966b006f61c6fd30348907495707,2026-08-30T08:48:59+00:00,224.0,794,186,77,10.429,3.3999999999999773,30
fit:11ba0ac28d468bdc19c88c55a8774bab8f7f966b006f61c6fd30348907495707,2026-08-30T08:49:00+00:00,225.0,478,185,81,10.984,2.3999999999999773,30
fit:11ba0ac28d468bdc19c88c55a8774bab8f7f966b006f61c6fd30348907495707,2026-08-30T08:49:01+00:00,226.0,244,185,61,11.669,1.8000000000000114,30
fit:11ba0ac28d468bdc19c88c55a8774bab8f7f966b006f61c6fd30348907495707,2026-08-30T08:49:02+00:00,227.0,244,185,82,11.718,1.8000000000000114,30
fit:11ba0ac28d468bdc19c88c55a8774bab8f7f966b006f61c6fd30348907495707,2026-08-30T08:49:03+00:00,228.0,241,184,82,11.716,1.8000000000000114,30
fit:11ba0ac28d468bdc19c88c55a8774bab8f7f966b006f61c6fd30348907495707,2026-08-30T08:49:04+00:00,229.0,22,184,74,11.795,1.8000000000000114,30
fit:11ba0ac28d468bdc19c88c55a8774bab8f7f966b006f61c6fd30348907495707,2026-08-30T08:49:05+00:00,230.0,517,185,81,11.738,1.8000000000000114,30
fit:11ba0ac28d468bdc19c88c55a8774bab8f7f966b006f61c6fd30348907495707,2026-08-30T08:49:06+00:00,231.0,706,185,82,11.538,1.8000000000000114,30
fit:11ba0ac28d468bdc19c88c55a8774bab8f7f966b006f61c6fd30348907495707,2026-08-30T08:49:07+00:00,232.0,892,185,82,11.49,1.8000000000000114,30
fit:11ba0ac28d468bdc19c88c55a8774bab8f7f966b006f61c6fd30348907495707,2026-08-30T08:49:08+00:00,233.0,971,185,89,12.131,2.8000000000000114,30
fit:11ba0ac28d468bdc19c88c55a8774bab8f7f966b006f61c6fd30348907495707,2026-08-30T08:49:09+00:00,234.0,971,185,95,12.797,3.1999999999999886,30
fit:11ba0ac28d468bdc19c88c55a8774bab8f7f966b006f61c6fd30348907495707,2026-08-30T08:49:10+00:00,235.0,941,185,99,13.072,3.1999999999999886,30
fit:11ba0ac28d468bdc19c88c55a8774bab8f7f966b006f61c6fd30348907495707,2026-08-30T08:49:11+00:00,236.0,829,185,101,13.691,3.1999999999999886,30
fit:11ba0ac28d468bdc19c88c55a8774bab8f7f966b006f61c6fd30348907495707,2026-08-30T08:49:12+00:00,237.0,678,185,102,14.149,3.1999999999999886,30
fit:11ba0ac28d468bdc19c88c55a8774bab8f7f966b006f61c6fd30348907495707,2026-08-30T08:49:13+00:00,238.0,458,186,102,14.313,3.1999999999999886,30
fit:11ba0ac28d468bdc19c88c55a8774bab8f7f966b006f61c6fd30348907495707,2026-08-30T08:49:14+00:00,239.0,362,187,79,14.651,3.1999999999999886,30
fit:11ba0ac28d468bdc19c88c55a8774bab8f7f966b006f61c6fd30348907495707,2026-08-30T08:49:15+00:00,240.0,593,187,104,14.727,2.6000000000000227,30
fit:11ba0ac28d468bdc19c88c55a8774bab8f7f966b006f61c6fd30348907495707,2026-08-30T08:49:16+00:00,241.0,582,188,105,15.005,1.6000000000000227,30
fit:11ba0ac28d468bdc19c88c55a8774bab8f7f966b006f61c6fd30348907495707,2026-08-30T08:49:17+00:00,242.0,500,189,106,15.0,1.3999999999999773,30
fit:11ba0ac28d468bdc19c88c55a8774bab8f7f966b006f61c6fd30348907495707,2026-08-30T08:49:18+00:00,243.0,348,189,106,15.201,1.1999999999999886,30
fit:11ba0ac28d468bdc19c88c55a8774bab8f7f966b006f61c6fd30348907495707,2026-08-30T08:49:19+00:00,244.0,295,189,105,15.12,1.1999999999999886,30
fit:11ba0ac28d468bdc19c88c55a8774bab8f7f966b006f61c6fd30348907495707,2026-08-30T08:49:20+00:00,245.0,223,190,105,15.135,1.1999999999999886,30
fit:11ba0ac28d468bdc19c88c55a8774bab8f7f966b006f61c6fd30348907495707,2026-08-30T08:49:21+00:00,246.0,364,191,105,15.152,2.1999999999999886,30
fit:11ba0ac28d468bdc19c88c55a8774bab8f7f966b006f61c6fd30348907495707,2026-08-30T08:49:22+00:00,247.0,416,191,104,15.188,3.1999999999999886,30
fit:11ba0ac28d468bdc19c88c55a8774bab8f7f966b006f61c6fd30348907495707,2026-08-30T08:49:23+00:00,248.0,413,192,105,14.982,3.1999999999999886,30
fit:11ba0ac28d468bdc19c88c55a8774bab8f7f966b006f61c6fd30348907495707,2026-08-30T08:49:24+00:00,249.0,414,192,105,15.153,3.1999999999999886,30
fit:11ba0ac28d468bdc19c88c55a8774bab8f7f966b006f61c6fd30348907495707,2026-08-30T08:49:25+00:00,250.0,567,192,105,15.21,2.1999999999999886,30
fit:11ba0ac28d468bdc19c88c55a8774bab8f7f966b006f61c6fd30348907495707,2026-08-30T08:49:26+00:00,251.0,340,192,105,15.144,1.3999999999999773,30
fit:11ba0ac28d468bdc19c88c55a8774bab8f7f966b006f61c6fd30348907495707,2026-08-30T08:49:27+00:00,252.0,610,192,106,15.067,1.3999999999999773,30
fit:11ba0ac28d468bdc19c88c55a8774bab8f7f966b006f61c6fd30348907495707,2026-08-30T08:49:28+00:00,253.0,163,192,102,15.085,1.3999999999999773,30
fit:11ba0ac28d468bdc19c88c55a8774bab8f7f966b006f61c6fd30348907495707,2026-08-30T08:49:29+00:00,254.0,234,190,97,15.291,1.8000000000000114,30
fit:11ba0ac28d468bdc19c88c55a8774bab8f7f966b006f61c6fd30348907495707,2026-08-30T08:49:30+00:00,255.0,148,190,95,15.223,1.8000000000000114,30
fit:11ba0ac28d468bdc19c88c55a8774bab8f7f966b006f61c6fd30348907495707,2026-08-30T08:49:31+00:00,256.0,13,190,78,15.054,1.8000000000000114,30
fit:11ba0ac28d468bdc19c88c55a8774bab8f7f966b006f61c6fd30348907495707,2026-08-30T08:49:32+00:00,257.0,13,190,78,14.861,1.8000000000000114,30
fit:11ba0ac28d468bdc19c88c55a8774bab8f7f966b006f61c6fd30348907495707,2026-08-30T08:49:33+00:00,258.0,13,189,78,14.577,1.8000000000000114,30
fit:11ba0ac28d468bdc19c88c55a8774bab8f7f966b006f61c6fd30348907495707,2026-08-30T08:49:34+00:00,259.0,13,189,78,14.279,2.1999999999999886,30
fit:11ba0ac28d468bdc19c88c55a8774bab8f7f966b006f61c6fd30348907495707,2026-08-30T08:49:35+00:00,260.0,13,188,78,14.039,2.1999999999999886,30
fit:11ba0ac28d468bdc19c88c55a8774bab8f7f966b006f61c6fd30348907495707,2026-08-30T08:49:36+00:00,261.0,0,190,0,12.734,2.1999999999999886,30
fit:11ba0ac28d468bdc19c88c55a8774bab8f7f966b006f61c6fd30348907495707,2026-08-30T08:49:37+00:00,262.0,0,192,0,11.084,2.1999999999999886,30
fit:11ba0ac28d468bdc19c88c55a8774bab8f7f966b006f61c6fd30348907495707,2026-08-30T08:49:38+00:00,263.0,39,192,0,9.884,2.1999999999999886,30
fit:11ba0ac28d468bdc19c88c55a8774bab8f7f966b006f61c6fd30348907495707,2026-08-30T08:49:39+00:00,264.0,39,192,0,9.014,2.1999999999999886,30
fit:11ba0ac28d468bdc19c88c55a8774bab8f7f966b006f61c6fd30348907495707,2026-08-30T08:49:40+00:00,265.0,645,191,57,8.956,2.1999999999999886,30
fit:11ba0ac28d468bdc19c88c55a8774bab8f7f966b006f61c6fd30348907495707,2026-08-30T08:49:41+00:00,266.0,726,189,61,9.424,2.1999999999999886,30
fit:11ba0ac28d468bdc19c88c55a8774bab8f7f966b006f61c6fd30348907495707,2026-08-30T08:49:42+00:00,267.0,781,189,67,9.706,1.6000000000000227,30
fit:11ba0ac28d468bdc19c88c55a8774bab8f7f966b006f61c6fd30348907495707,2026-08-30T08:49:43+00:00,268.0,782,188,67,10.268,1.6000000000000227,30
fit:11ba0ac28d468bdc19c88c55a8774bab8f7f966b006f61c6fd30348907495707,2026-08-30T08:49:44+00:00,269.0,668,188,72,10.943,1.6000000000000227,30
fit:11ba0ac28d468bdc19c88c55a8774bab8f7f966b006f61c6fd30348907495707,2026-08-30T08:49:45+00:00,270.0,668,191,72,11.116,1.6000000000000227,30
fit:11ba0ac28d468bdc19c88c55a8774bab8f7f966b006f61c6fd30348907495707,2026-08-30T08:49:46+00:00,271.0,47,191,22,10.816,1.6000000000000227,30
fit:11ba0ac28d468bdc19c88c55a8774bab8f7f966b006f61c6fd30348907495707,2026-08-30T08:49:47+00:00,272.0,74,191,67,10.573,1.6000000000000227,30
fit:11ba0ac28d468bdc19c88c55a8774bab8f7f966b006f61c6fd30348907495707,2026-08-30T08:49:48+00:00,273.0,74,191,67,10.45,2.0,30
fit:11ba0ac28d468bdc19c88c55a8774bab8f7f966b006f61c6fd30348907495707,2026-08-30T08:49:49+00:00,274.0,74,191,69,10.242,2.0,30
fit:11ba0ac28d468bdc19c88c55a8774bab8f7f966b006f61c6fd30348907495707,2026-08-30T08:49:50+00:00,275.0,20,191,27,9.955,2.0,30
fit:11ba0ac28d468bdc19c88c55a8774bab8f7f966b006f61c6fd30348907495707,2026-08-30T08:49:51+00:00,276.0,20,191,27,9.921,1.8000000000000114,30
fit:11ba0ac28d468bdc19c88c55a8774bab8f7f966b006f61c6fd30348907495707,2026-08-30T08:49:52+00:00,277.0,216,191,70,9.624,1.8000000000000114,30
fit:11ba0ac28d468bdc19c88c55a8774bab8f7f966b006f61c6fd30348907495707,2026-08-30T08:49:53+00:00,278.0,216,189,70,9.562,1.8000000000000114,30
fit:11ba0ac28d468bdc19c88c55a8774bab8f7f966b006f61c6fd30348907495707,2026-08-30T08:49:54+00:00,279.0,190,188,72,9.627,1.8000000000000114,30
fit:11ba0ac28d468bdc19c88c55a8774bab8f7f966b006f61c6fd30348907495707,2026-08-30T08:49:55+00:00,280.0,306,186,73,9.584,1.8000000000000114,30
fit:11ba0ac28d468bdc19c88c55a8774bab8f7f966b006f61c6fd30348907495707,2026-08-30T08:49:56+00:00,281.0,316,185,74,9.705,1.8000000000000114,30
fit:11ba0ac28d468bdc19c88c55a8774bab8f7f966b006f61c6fd30348907495707,2026-08-30T08:49:57+00:00,282.0,194,185,75,9.958,1.8000000000000114,30
fit:11ba0ac28d468bdc19c88c55a8774bab8f7f966b006f61c6fd30348907495707,2026-08-30T08:49:58+00:00,283.0,195,186,75,10.038,1.8000000000000114,30
fit:11ba0ac28d468bdc19c88c55a8774bab8f7f966b006f61c6fd30348907495707,2026-08-30T08:49:59+00:00,284.0,117,186,76,10.096,1.8000000000000114,30
fit:11ba0ac28d468bdc19c88c55a8774bab8f7f966b006f61c6fd30348907495707,2026-08-30T08:50:00+00:00,285.0,129,185,75,10.063,1.8000000000000114,30
fit:11ba0ac28d468bdc19c88c55a8774bab8f7f966b006f61c6fd30348907495707,2026-08-30T08:50:01+00:00,286.0,130,186,75,10.024,1.8000000000000114,30
fit:11ba0ac28d468bdc19c88c55a8774bab8f7f966b006f61c6fd30348907495707,2026-08-30T08:50:02+00:00,287.0,146,185,75,10.006,1.8000000000000114,30
fit:11ba0ac28d468bdc19c88c55a8774bab8f7f966b006f61c6fd30348907495707,2026-08-30T08:50:03+00:00,288.0,35,184,74,9.95,1.8000000000000114,30
fit:11ba0ac28d468bdc19c88c55a8774bab8f7f966b006f61c6fd30348907495707,2026-08-30T08:50:04+00:00,289.0,35,184,70,9.949,1.8000000000000114,30
fit:11ba0ac28d468bdc19c88c55a8774bab8f7f966b006f61c6fd30348907495707,2026-08-30T08:50:05+00:00,290.0,48,184,72,9.871,2.8000000000000114,30
fit:11ba0ac28d468bdc19c88c55a8774bab8f7f966b006f61c6fd30348907495707,2026-08-30T08:50:06+00:00,291.0,126,184,72,9.725,2.8000000000000114,30
fit:11ba0ac28d468bdc19c88c55a8774bab8f7f966b006f61c6fd30348907495707,2026-08-30T08:50:07+00:00,292.0,208,183,72,9.635,2.8000000000000114,30
fit:11ba0ac28d468bdc19c88c55a8774bab8f7f966b006f61c6fd30348907495707,2026-08-30T08:50:08+00:00,293.0,229,183,72,9.572,2.8000000000000114,30
fit:11ba0ac28d468bdc19c88c55a8774bab8f7f966b006f61c6fd30348907495707,2026-08-30T08:50:09+00:00,294.0,272,182,73,9.605,2.8000000000000114,30
fit:11ba0ac28d468bdc19c88c55a8774bab8f7f966b006f61c6fd30348907495707,2026-08-30T08:50:10+00:00,295.0,223,181,74,9.816,2.8000000000000114,30
fit:11ba0ac28d468bdc19c88c55a8774bab8f7f966b006f61c6fd30348907495707,2026-08-30T08:50:11+00:00,296.0,254,181,75,9.919,2.8000000000000114,30
fit:11ba0ac28d468bdc19c88c55a8774bab8f7f966b006f61c6fd30348907495707,2026-08-30T08:50:12+00:00,297.0,282,181,75,9.873,2.8000000000000114,30
fit:11ba0ac28d468bdc19c88c55a8774bab8f7f966b006f61c6fd30348907495707,2026-08-30T08:50:13+00:00,298.0,157,181,76,10.055,2.6000000000000227,30
fit:11ba0ac28d468bdc19c88c55a8774bab8f7f966b006f61c6fd30348907495707,2026-08-30T08:50:14+00:00,299.0,157,180,76,10.074,2.3999999999999773,30
fit:11ba0ac28d468bdc19c88c55a8774bab8f7f966b006f61c6fd30348907495707,2026-08-30T08:50:15+00:00,300.0,180,180,76,10.057,1.8000000000000114,30
fit:11ba0ac28d468bdc19c88c55a8774bab8f7f966b006f61c6fd30348907495707,2026-08-30T08:50:16+00:00,301.0,385,180,76,9.93,1.8000000000000114,30
fit:11ba0ac28d468bdc19c88c55a8774bab8f7f966b006f61c6fd30348907495707,2026-08-30T08:50:17+00:00,302.0,386,179,76,10.244,1.6000000000000227,30
fit:11ba0ac28d468bdc19c88c55a8774bab8f7f966b006f61c6fd30348907495707,2026-08-30T08:50:18+00:00,303.0,603,178,82,10.45,1.6000000000000227,30
fit:11ba0ac28d468bdc19c88c55a8774bab8f7f966b006f61c6fd30348907495707,2026-08-30T08:50:19+00:00,304.0,432,178,84,10.598,1.6000000000000227,30
fit:11ba0ac28d468bdc19c88c55a8774bab8f7f966b006f61c6fd30348907495707,2026-08-30T08:50:20+00:00,305.0,905,178,86,10.892,1.6000000000000227,30
fit:11ba0ac28d468bdc19c88c55a8774bab8f7f966b006f61c6fd30348907495707,2026-08-30T08:50:21+00:00,306.0,904,178,92,11.165,1.8000000000000114,30
fit:11ba0ac28d468bdc19c88c55a8774bab8f7f966b006f61c6fd30348907495707,2026-08-30T08:50:22+00:00,307.0,836,178,95,11.56,2.3999999999999773,30
fit:11ba0ac28d468bdc19c88c55a8774bab8f7f966b006f61c6fd30348907495707,2026-08-30T08:50:23+00:00,308.0,865,179,97,11.938,3.3999999999999773,30
fit:11ba0ac28d468bdc19c88c55a8774bab8f7f966b006f61c6fd30348907495707,2026-08-30T08:50:24+00:00,309.0,840,179,100,12.636,3.3999999999999773,30
fit:11ba0ac28d468bdc19c88c55a8774bab8f7f966b006f61c6fd30348907495707,2026-08-30T08:50:25+00:00,310.0,763,179,104,13.132,3.3999999999999773,30
fit:11ba0ac28d468bdc19c88c55a8774bab8f7f966b006f61c6fd30348907495707,2026-08-30T08:50:26+00:00,311.0,699,180,105,13.13,3.3999999999999773,30
fit:11ba0ac28d468bdc19c88c55a8774bab8f7f966b006f61c6fd30348907495707,2026-08-30T08:50:27+00:00,312.0,854,180,105,13.649,3.3999999999999773,30
fit:11ba0ac28d468bdc19c88c55a8774bab8f7f966b006f61c6fd30348907495707,2026-08-30T08:50:28+00:00,313.0,854,180,107,13.883,3.3999999999999773,30
fit:11ba0ac28d468bdc19c88c55a8774bab8f7f966b006f61c6fd30348907495707,2026-08-30T08:50:29+00:00,314.0,96,180,107,14.291,2.3999999999999773,30
fit:11ba0ac28d468bdc19c88c55a8774bab8f7f966b006f61c6fd30348907495707,2026-08-30T08:50:30+00:00,315.0,523,183,105,14.149,1.3999999999999773,30
fit:11ba0ac28d468bdc19c88c55a8774bab8f7f966b006f61c6fd30348907495707,2026-08-30T08:50:31+00:00,316.0,351,183,105,14.031,1.3999999999999773,30
fit:11ba0ac28d468bdc19c88c55a8774bab8f7f966b006f61c6fd30348907495707,2026-08-30T08:50:32+00:00,317.0,324,185,98,13.932,1.3999999999999773,30
fit:11ba0ac28d468bdc19c88c55a8774bab8f7f966b006f61c6fd30348907495707,2026-08-30T08:50:33+00:00,318.0,221,187,95,13.818,1.3999999999999773,30
fit:11ba0ac28d468bdc19c88c55a8774bab8f7f966b006f61c6fd30348907495707,2026-08-30T08:50:34+00:00,319.0,75,189,95,13.648,1.3999999999999773,30
fit:11ba0ac28d468bdc19c88c55a8774bab8f7f966b006f61c6fd30348907495707,2026-08-30T08:50:35+00:00,320.0,75,190,58,13.465,1.3999999999999773,30
fit:11ba0ac28d468bdc19c88c55a8774bab8f7f966b006f61c6fd30348907495707,2026-08-30T08:50:36+00:00,321.0,75,190,58,13.302,2.3999999999999773,30
fit:11ba0ac28d468bdc19c88c55a8774bab8f7f966b006f61c6fd30348907495707,2026-08-30T08:50:37+00:00,322.0,75,190,58,12.754,3.3999999999999773,30
fit:11ba0ac28d468bdc19c88c55a8774bab8f7f966b006f61c6fd30348907495707,2026-08-30T08:50:38+00:00,323.0,72,190,57,12.539,3.3999999999999773,30
fit:11ba0ac28d468bdc19c88c55a8774bab8f7f966b006f61c6fd30348907495707,2026-08-30T08:50:39+00:00,324.0,63,191,54,12.253,3.3999999999999773,30
fit:11ba0ac28d468bdc19c88c55a8774bab8f7f966b006f61c6fd30348907495707,2026-08-30T08:50:40+00:00,325.0,0,191,0,12.038,3.3999999999999773,30
fit:11ba0ac28d468bdc19c88c55a8774bab8f7f966b006f61c6fd30348907495707,2026-08-30T08:50:41+00:00,326.0,170,189,68,11.524,3.3999999999999773,30
fit:11ba0ac28d468bdc19c88c55a8774bab8f7f966b006f61c6fd30348907495707,2026-08-30T08:50:42+00:00,327.0,178,189,78,11.202,4.399999999999977,30
fit:11ba0ac28d468bdc19c88c55a8774bab8f7f966b006f61c6fd30348907495707,2026-08-30T08:50:43+00:00,328.0,100,191,49,11.028,4.399999999999977,30
fit:11ba0ac28d468bdc19c88c55a8774bab8f7f966b006f61c6fd30348907495707,2026-08-30T08:50:44+00:00,329.0,100,191,77,10.963,4.399999999999977,30
fit:11ba0ac28d468bdc19c88c55a8774bab8f7f966b006f61c6fd30348907495707,2026-08-30T08:50:45+00:00,330.0,386,190,78,10.914,3.3999999999999773,30
fit:11ba0ac28d468bdc19c88c55a8774bab8f7f966b006f61c6fd30348907495707,2026-08-30T08:50:46+00:00,331.0,185,190,76,11.064,2.3999999999999773,30
fit:11ba0ac28d468bdc19c88c55a8774bab8f7f966b006f61c6fd30348907495707,2026-08-30T08:50:47+00:00,332.0,185,190,76,11.07,2.3999999999999773,30
fit:11ba0ac28d468bdc19c88c55a8774bab8f7f966b006f61c6fd30348907495707,2026-08-30T08:50:48+00:00,333.0,186,189,76,11.036,2.3999999999999773,30
fit:11ba0ac28d468bdc19c88c55a8774bab8f7f966b006f61c6fd30348907495707,2026-08-30T08:50:49+00:00,334.0,186,189,76,10.766,2.8000000000000114,30
fit:11ba0ac28d468bdc19c88c55a8774bab8f7f966b006f61c6fd30348907495707,2026-08-30T08:50:50+00:00,335.0,186,188,76,10.477,3.8000000000000114,30
fit:11ba0ac28d468bdc19c88c55a8774bab8f7f966b006f61c6fd30348907495707,2026-08-30T08:50:51+00:00,336.0,186,188,76,9.682,4.399999999999977,30
fit:11ba0ac28d468bdc19c88c55a8774bab8f7f966b006f61c6fd30348907495707,2026-08-30T08:50:52+00:00,337.0,0,187,0,9.112,4.399999999999977,30
fit:11ba0ac28d468bdc19c88c55a8774bab8f7f966b006f61c6fd30348907495707,2026-08-30T08:50:53+00:00,338.0,0,186,0,8.596,4.399999999999977,30
fit:11ba0ac28d468bdc19c88c55a8774bab8f7f966b006f61c6fd30348907495707,2026-08-30T08:50:54+00:00,339.0,0,184,0,8.11,4.399999999999977,30
fit:11ba0ac28d468bdc19c88c55a8774bab8f7f966b006f61c6fd30348907495707,2026-08-30T08:50:55+00:00,340.0,517,184,58,8.165,5.399999999999977,30
fit:11ba0ac28d468bdc19c88c55a8774bab8f7f966b006f61c6fd30348907495707,2026-08-30T08:50:56+00:00,341.0,698,184,61,8.245,6.0,30
fit:11ba0ac28d468bdc19c88c55a8774bab8f7f966b006f61c6fd30348907495707,2026-08-30T08:50:57+00:00,342.0,756,183,66,8.757,6.0,30
fit:11ba0ac28d468bdc19c88c55a8774bab8f7f966b006f61c6fd30348907495707,2026-08-30T08:50:58+00:00,343.0,756,183,66,9.409,6.0,30
fit:11ba0ac28d468bdc19c88c55a8774bab8f7f966b006f61c6fd30348907495707,2026-08-30T08:50:59+00:00,344.0,839,183,73,9.599,5.600000000000023,30
fit:11ba0ac28d468bdc19c88c55a8774bab8f7f966b006f61c6fd30348907495707,2026-08-30T08:51:00+00:00,345.0,799,183,75,10.271,5.199999999999989,30
fit:11ba0ac28d468bdc19c88c55a8774bab8f7f966b006f61c6fd30348907495707,2026-08-30T08:51:01+00:00,346.0,673,183,79,10.541,4.399999999999977,30
fit:11ba0ac28d468bdc19c88c55a8774bab8f7f966b006f61c6fd30348907495707,2026-08-30T08:51:02+00:00,347.0,702,183,78,10.993,4.399999999999977,30
fit:11ba0ac28d468bdc19c88c55a8774bab8f7f966b006f61c6fd30348907495707,2026-08-30T08:51:03+00:00,348.0,728,184,78,11.135,4.399999999999977,30
fit:11ba0ac28d468bdc19c88c55a8774bab8f7f966b006f61c6fd30348907495707,2026-08-30T08:51:04+00:00,349.0,680,184,78,11.124,5.399999999999977,30
fit:11ba0ac28d468bdc19c88c55a8774bab8f7f966b006f61c6fd30348907495707,2026-08-30T08:51:05+00:00,350.0,557,184,79,11.408,6.399999999999977,30
fit:11ba0ac28d468bdc19c88c55a8774bab8f7f966b006f61c6fd30348907495707,2026-08-30T08:51:06+00:00,351.0,496,185,78,11.316,7.399999999999977,30
fit:11ba0ac28d468bdc19c88c55a8774bab8f7f966b006f61c6fd30348907495707,2026-08-30T08:51:07+00:00,352.0,496,186,78,11.37,8.0,30
fit:11ba0ac28d468bdc19c88c55a8774bab8f7f966b006f61c6fd30348907495707,2026-08-30T08:51:08+00:00,353.0,95,186,37,11.121,8.800000000000011,30
fit:11ba0ac28d468bdc19c88c55a8774bab8f7f966b006f61c6fd30348907495707,2026-08-30T08:51:09+00:00,354.0,95,187,37,10.555,9.800000000000011,30
fit:11ba0ac28d468bdc19c88c55a8774bab8f7f966b006f61c6fd30348907495707,2026-08-30T08:51:10+00:00,355.0,34,187,21,10.18,9.800000000000011,30
fit:11ba0ac28d468bdc19c88c55a8774bab8f7f966b006f61c6fd30348907495707,2026-08-30T08:51:11+00:00,356.0,17,188,63,9.723,9.800000000000011,30
fit:11ba0ac28d468bdc19c88c55a8774bab8f7f966b006f61c6fd30348907495707,2026-08-30T08:51:12+00:00,357.0,116,187,63,9.406,9.800000000000011,30
fit:11ba0ac28d468bdc19c88c55a8774bab8f7f966b006f61c6fd30348907495707,2026-08-30T08:51:13+00:00,358.0,138,187,64,9.276,10.199999999999989,30
fit:11ba0ac28d468bdc19c88c55a8774bab8f7f966b006f61c6fd30348907495707,2026-08-30T08:51:14+00:00,359.0,176,187,64,9.351,10.199999999999989,30
fit:11ba0ac28d468bdc19c88c55a8774bab8f7f966b006f61c6fd30348907495707,2026-08-30T08:51:15+00:00,360.0,115,185,65,9.35,10.199999999999989,30
fit:11ba0ac28d468bdc19c88c55a8774bab8f7f966b006f61c6fd30348907495707,2026-08-30T08:51:16+00:00,361.0,115,189,65,9.438,10.199999999999989,30
fit:11ba0ac28d468bdc19c88c55a8774bab8f7f966b006f61c6fd30348907495707,2026-08-30T08:51:17+00:00,362.0,99,189,65,9.373,10.199999999999989,30
fit:11ba0ac28d468bdc19c88c55a8774bab8f7f966b006f61c6fd30348907495707,2026-08-30T08:51:18+00:00,363.0,100,189,64,9.347,10.199999999999989,30
fit:11ba0ac28d468bdc19c88c55a8774bab8f7f966b006f61c6fd30348907495707,2026-08-30T08:51:19+00:00,364.0,163,188,65,9.346,10.199999999999989,30
fit:11ba0ac28d468bdc19c88c55a8774bab8f7f966b006f61c6fd30348907495707,2026-08-30T08:51:20+00:00,365.0,12,188,37,9.27,10.199999999999989,30
fit:11ba0ac28d468bdc19c88c55a8774bab8f7f966b006f61c6fd30348907495707,2026-08-30T08:51:21+00:00,366.0,173,188,67,9.246,10.199999999999989,30
fit:11ba0ac28d468bdc19c88c55a8774bab8f7f966b006f61c6fd30348907495707,2026-08-30T08:51:22+00:00,367.0,36,187,68,9.478,9.199999999999989,30
fit:11ba0ac28d468bdc19c88c55a8774bab8f7f966b006f61c6fd30348907495707,2026-08-30T08:51:23+00:00,368.0,38,187,42,9.822,8.199999999999989,30
fit:11ba0ac28d468bdc19c88c55a8774bab8f7f966b006f61c6fd30348907495707,2026-08-30T08:51:24+00:00,369.0,38,187,42,9.943,7.199999999999989,30
fit:11ba0ac28d468bdc19c88c55a8774bab8f7f966b006f61c6fd30348907495707,2026-08-30T08:51:25+00:00,370.0,242,186,75,10.348,7.0,30
fit:11ba0ac28d468bdc19c88c55a8774bab8f7f966b006f61c6fd30348907495707,2026-08-30T08:51:26+00:00,371.0,327,186,77,10.605,7.0,30
fit:11ba0ac28d468bdc19c88c55a8774bab8f7f966b006f61c6fd30348907495707,2026-08-30T08:51:27+00:00,372.0,206,186,84,10.953,7.0,30
fit:11ba0ac28d468bdc19c88c55a8774bab8f7f966b006f61c6fd30348907495707,2026-08-30T08:51:28+00:00,373.0,236,186,86,11.204,7.0,30
fit:11ba0ac28d468bdc19c88c55a8774bab8f7f966b006f61c6fd30348907495707,2026-08-30T08:51:29+00:00,374.0,237,185,88,11.436,7.0,30
fit:11ba0ac28d468bdc19c88c55a8774bab8f7f966b006f61c6fd30348907495707,2026-08-30T08:51:30+00:00,375.0,185,185,90,12.018,7.0,30
fit:11ba0ac28d468bdc19c88c55a8774bab8f7f966b006f61c6fd30348907495707,2026-08-30T08:51:31+00:00,376.0,430,184,95,12.433,6.0,30
fit:11ba0ac28d468bdc19c88c55a8774bab8f7f966b006f61c6fd30348907495707,2026-08-30T08:51:32+00:00,377.0,498,184,97,12.856,5.0,30
fit:11ba0ac28d468bdc19c88c55a8774bab8f7f966b006f61c6fd30348907495707,2026-08-30T08:51:33+00:00,378.0,438,183,99,13.04,5.0,30
fit:11ba0ac28d468bdc19c88c55a8774bab8f7f966b006f61c6fd30348907495707,2026-08-30T08:51:34+00:00,379.0,438,183,100,13.775,5.0,30
fit:11ba0ac28d468bdc19c88c55a8774bab8f7f966b006f61c6fd30348907495707,2026-08-30T08:51:35+00:00,380.0,204,182,101,14.076,5.0,30
fit:11ba0ac28d468bdc19c88c55a8774bab8f7f966b006f61c6fd30348907495707,2026-08-30T08:51:36+00:00,381.0,392,182,93,14.269,4.0,30
fit:11ba0ac28d468bdc19c88c55a8774bab8f7f966b006f61c6fd30348907495707,2026-08-30T08:51:37+00:00,382.0,590,181,93,14.513,3.3999999999999773,30
fit:11ba0ac28d468bdc19c88c55a8774bab8f7f966b006f61c6fd30348907495707,2026-08-30T08:51:38+00:00,383.0,643,181,95,14.684,2.3999999999999773,30
fit:11ba0ac28d468bdc19c88c55a8774bab8f7f966b006f61c6fd30348907495707,2026-08-30T08:51:39+00:00,384.0,647,181,96,14.784,1.3999999999999773,30
fit:11ba0ac28d468bdc19c88c55a8774bab8f7f966b006f61c6fd30348907495707,2026-08-30T08:51:40+00:00,385.0,593,181,96,14.83,1.3999999999999773,30
fit:11ba0ac28d468bdc19c88c55a8774bab8f7f966b006f61c6fd30348907495707,2026-08-30T08:51:41+00:00,386.0,736,180,98,14.814,1.3999999999999773,30
fit:11ba0ac28d468bdc19c88c55a8774bab8f7f966b006f61c6fd30348907495707,2026-08-30T08:51:42+00:00,387.0,758,180,99,14.964,2.1999999999999886,30
fit:11ba0ac28d468bdc19c88c55a8774bab8f7f966b006f61c6fd30348907495707,2026-08-30T08:51:43+00:00,388.0,730,180,100,15.377,2.1999999999999886,30
fit:11ba0ac28d468bdc19c88c55a8774bab8f7f966b006f61c6fd30348907495707,2026-08-30T08:51:44+00:00,389.0,731,181,100,15.375,2.1999999999999886,30
fit:11ba0ac28d468bdc19c88c55a8774bab8f7f966b006f61c6fd30348907495707,2026-08-30T08:51:45+00:00,390.0,472,182,100,15.579,1.1999999999999886,30
fit:11ba0ac28d468bdc19c88c55a8774bab8f7f966b006f61c6fd30348907495707,2026-08-30T08:51:46+00:00,391.0,466,182,100,15.511,1.1999999999999886,30
fit:11ba0ac28d468bdc19c88c55a8774bab8f7f966b006f61c6fd30348907495707,2026-08-30T08:51:47+00:00,392.0,26,184,79,15.58,1.1999999999999886,30
fit:11ba0ac28d468bdc19c88c55a8774bab8f7f966b006f61c6fd30348907495707,2026-08-30T08:51:48+00:00,393.0,26,185,79,15.368,1.3999999999999773,30
fit:11ba0ac28d468bdc19c88c55a8774bab8f7f966b006f61c6fd30348907495707,2026-08-30T08:51:49+00:00,394.0,26,186,59,15.125,1.3999999999999773,30
fit:11ba0ac28d468bdc19c88c55a8774bab8f7f966b006f61c6fd30348907495707,2026-08-30T08:51:50+00:00,395.0,8,186,28,14.659,1.3999999999999773,30
fit:11ba0ac28d468bdc19c88c55a8774bab8f7f966b006f61c6fd30348907495707,2026-08-30T08:51:51+00:00,396.0,142,186,82,14.353,1.3999999999999773,30
fit:11ba0ac28d468bdc19c88c55a8774bab8f7f966b006f61c6fd30348907495707,2026-08-30T08:51:52+00:00,397.0,12,183,71,14.052,2.3999999999999773,30
fit:11ba0ac28d468bdc19c88c55a8774bab8f7f966b006f61c6fd30348907495707,2026-08-30T08:51:53+00:00,398.0,12,184,71,13.927,3.3999999999999773,30
fit:11ba0ac28d468bdc19c88c55a8774bab8f7f966b006f61c6fd30348907495707,2026-08-30T08:51:54+00:00,399.0,12,187,60,13.731,3.8000000000000114,30
fit:11ba0ac28d468bdc19c88c55a8774bab8f7f966b006f61c6fd30348907495707,2026-08-30T08:51:55+00:00,400.0,12,187,50,13.359,4.0,30
fit:11ba0ac28d468bdc19c88c55a8774bab8f7f966b006f61c6fd30348907495707,2026-08-30T08:51:56+00:00,401.0,296,188,76,13.168,4.399999999999977,30
fit:11ba0ac28d468bdc19c88c55a8774bab8f7f966b006f61c6fd30348907495707,2026-08-30T08:51:57+00:00,402.0,228,189,75,12.896,4.399999999999977,30
fit:11ba0ac28d468bdc19c88c55a8774bab8f7f966b006f61c6fd30348907495707,2026-08-30T08:51:58+00:00,403.0,234,191,65,12.873,4.399999999999977,30
fit:11ba0ac28d468bdc19c88c55a8774bab8f7f966b006f61c6fd30348907495707,2026-08-30T08:51:59+00:00,404.0,234,190,73,12.67,4.399999999999977,30
fit:11ba0ac28d468bdc19c88c55a8774bab8f7f966b006f61c6fd30348907495707,2026-08-30T08:52:00+00:00,405.0,181,190,72,12.435,4.399999999999977,30
fit:11ba0ac28d468bdc19c88c55a8774bab8f7f966b006f61c6fd30348907495707,2026-08-30T08:52:01+00:00,406.0,393,190,72,12.371,3.3999999999999773,30
fit:11ba0ac28d468bdc19c88c55a8774bab8f7f966b006f61c6fd30348907495707,2026-08-30T08:52:02+00:00,407.0,544,190,72,12.282,2.3999999999999773,30
fit:11ba0ac28d468bdc19c88c55a8774bab8f7f966b006f61c6fd30348907495707,2026-08-30T08:52:03+00:00,408.0,537,190,79,12.33,2.3999999999999773,30
fit:11ba0ac28d468bdc19c88c55a8774bab8f7f966b006f61c6fd30348907495707,2026-08-30T08:52:04+00:00,409.0,537,187,79,12.271,2.3999999999999773,30
fit:11ba0ac28d468bdc19c88c55a8774bab8f7f966b006f61c6fd30348907495707,2026-08-30T08:52:05+00:00,410.0,440,189,82,12.525,3.3999999999999773,30
fit:11ba0ac28d468bdc19c88c55a8774bab8f7f966b006f61c6fd30348907495707,2026-08-30T08:52:06+00:00,411.0,332,189,83,12.748,4.399999999999977,30
fit:11ba0ac28d468bdc19c88c55a8774bab8f7f966b006f61c6fd30348907495707,2026-08-30T08:52:07+00:00,412.0,278,185,82,12.821,4.399999999999977,30
fit:11ba0ac28d468bdc19c88c55a8774bab8f7f966b006f61c6fd30348907495707,2026-08-30T08:52:08+00:00,413.0,167,187,82,12.798,4.399999999999977,30
fit:11ba0ac28d468bdc19c88c55a8774bab8f7f966b006f61c6fd30348907495707,2026-08-30T08:52:09+00:00,414.0,214,187,80,12.775,3.3999999999999773,30
fit:11ba0ac28d468bdc19c88c55a8774bab8f7f966b006f61c6fd30348907495707,2026-08-30T08:52:10+00:00,415.0,198,187,78,12.633,2.3999999999999773,30
fit:11ba0ac28d468bdc19c88c55a8774bab8f7f966b006f61c6fd30348907495707,2026-08-30T08:52:11+00:00,416.0,227,186,83,12.401,1.3999999999999773,30
fit:11ba0ac28d468bdc19c88c55a8774bab8f7f966b006f61c6fd30348907495707,2026-08-30T08:52:12+00:00,417.0,573,186,85,12.321,1.3999999999999773,30
fit:11ba0ac28d468bdc19c88c55a8774bab8f7f966b006f61c6fd30348907495707,2026-08-30T08:52:13+00:00,418.0,334,186,86,12.336,1.3999999999999773,30
fit:11ba0ac28d468bdc19c88c55a8774bab8f7f966b006f61c6fd30348907495707,2026-08-30T08:52:14+00:00,419.0,405,186,86,12.449,2.3999999999999773,30
fit:11ba0ac28d468bdc19c88c55a8774bab8f7f966b006f61c6fd30348907495707,2026-08-30T08:52:15+00:00,420.0,405,186,86,12.07,2.6000000000000227,30
fit:11ba0ac28d468bdc19c88c55a8774bab8f7f966b006f61c6fd30348907495707,2026-08-30T08:52:16+00:00,421.0,233,186,87,12.428,3.3999999999999773,30
fit:11ba0ac28d468bdc19c88c55a8774bab8f7f966b006f61c6fd30348907495707,2026-08-30T08:52:17+00:00,422.0,233,186,87,12.71,4.399999999999977,30
fit:11ba0ac28d468bdc19c88c55a8774bab8f7f966b006f61c6fd30348907495707,2026-08-30T08:52:18+00:00,423.0,447,186,88,12.781,4.399999999999977,30
fit:11ba0ac28d468bdc19c88c55a8774bab8f7f966b006f61c6fd30348907495707,2026-08-30T08:52:19+00:00,424.0,390,186,90,12.831,4.399999999999977,30
fit:11ba0ac28d468bdc19c88c55a8774bab8f7f966b006f61c6fd30348907495707,2026-08-30T08:52:20+00:00,425.0,351,186,90,12.964,3.3999999999999773,30
fit:11ba0ac28d468bdc19c88c55a8774bab8f7f966b006f61c6fd30348907495707,2026-08-30T08:52:21+00:00,426.0,324,187,90,12.962,3.3999999999999773,30
fit:11ba0ac28d468bdc19c88c55a8774bab8f7f966b006f61c6fd30348907495707,2026-08-30T08:52:22+00:00,427.0,158,187,90,12.915,3.3999999999999773,30
fit:11ba0ac28d468bdc19c88c55a8774bab8f7f966b006f61c6fd30348907495707,2026-08-30T08:52:23+00:00,428.0,228,187,89,12.909,3.3999999999999773,30
fit:11ba0ac28d468bdc19c88c55a8774bab8f7f966b006f61c6fd30348907495707,2026-08-30T08:52:24+00:00,429.0,307,187,90,12.919,3.3999999999999773,30
fit:11ba0ac28d468bdc19c88c55a8774bab8f7f966b006f61c6fd30348907495707,2026-08-30T08:52:25+00:00,430.0,231,188,89,12.916,2.3999999999999773,30
fit:11ba0ac28d468bdc19c88c55a8774bab8f7f966b006f61c6fd30348907495707,2026-08-30T08:52:26+00:00,431.0,578,188,90,13.001,1.8000000000000114,30
fit:11ba0ac28d468bdc19c88c55a8774bab8f7f966b006f61c6fd30348907495707,2026-08-30T08:52:27+00:00,432.0,562,188,91,13.022,1.1999999999999886,29
fit:11ba0ac28d468bdc19c88c55a8774bab8f7f966b006f61c6fd30348907495707,2026-08-30T08:52:28+00:00,433.0,450,188,91,13.126,1.1999999999999886,29
fit:11ba0ac28d468bdc19c88c55a8774bab8f7f966b006f61c6fd30348907495707,2026-08-30T08:52:29+00:00,434.0,397,189,90,13.088,1.1999999999999886,29
fit:11ba0ac28d468bdc19c88c55a8774bab8f7f966b006f61c6fd30348907495707,2026-08-30T08:52:30+00:00,435.0,457,189,90,13.008,1.1999999999999886,29
fit:11ba0ac28d468bdc19c88c55a8774bab8f7f966b006f61c6fd30348907495707,2026-08-30T08:52:31+00:00,436.0,501,189,91,13.026,1.1999999999999886,29
fit:11ba0ac28d468bdc19c88c55a8774bab8f7f966b006f61c6fd30348907495707,2026-08-30T08:52:32+00:00,437.0,452,189,91,13.018,1.1999999999999886,29
fit:11ba0ac28d468bdc19c88c55a8774bab8f7f966b006f61c6fd30348907495707,2026-08-30T08:52:33+00:00,438.0,461,189,91,13.015,1.6000000000000227,29
fit:11ba0ac28d468bdc19c88c55a8774bab8f7f966b006f61c6fd30348907495707,2026-08-30T08:52:34+00:00,439.0,494,189,90,13.028,2.3999999999999773,29
fit:11ba0ac28d468bdc19c88c55a8774bab8f7f966b006f61c6fd30348907495707,2026-08-30T08:52:35+00:00,440.0,496,189,90,12.775,2.6000000000000227,29
fit:11ba0ac28d468bdc19c88c55a8774bab8f7f966b006f61c6fd30348907495707,2026-08-30T08:52:36+00:00,441.0,435,190,90,12.709,3.0,29
fit:11ba0ac28d468bdc19c88c55a8774bab8f7f966b006f61c6fd30348907495707,2026-08-30T08:52:37+00:00,442.0,289,190,90,12.755,3.1999999999999886,29
fit:11ba0ac28d468bdc19c88c55a8774bab8f7f966b006f61c6fd30348907495707,2026-08-30T08:52:38+00:00,443.0,32,191,81,12.682,3.3999999999999773,29
fit:11ba0ac28d468bdc19c88c55a8774bab8f7f966b006f61c6fd30348907495707,2026-08-30T08:52:39+00:00,444.0,32,191,81,12.492,3.3999999999999773,29
fit:11ba0ac28d468bdc19c88c55a8774bab8f7f966b006f61c6fd30348907495707,2026-08-30T08:52:40+00:00,445.0,32,191,81,11.901,3.3999999999999773,29
fit:11ba0ac28d468bdc19c88c55a8774bab8f7f966b006f61c6fd30348907495707,2026-08-30T08:52:41+00:00,446.0,32,191,81,11.248,3.3999999999999773,29
fit:11ba0ac28d468bdc19c88c55a8774bab8f7f966b006f61c6fd30348907495707,2026-08-30T08:52:42+00:00,447.0,22,192,0,10.684,3.3999999999999773,29
fit:11ba0ac28d468bdc19c88c55a8774bab8f7f966b006f61c6fd30348907495707,2026-08-30T08:52:43+00:00,448.0,509,192,70,10.151,4.399999999999977,29
fit:11ba0ac28d468bdc19c88c55a8774bab8f7f966b006f61c6fd30348907495707,2026-08-30T08:52:44+00:00,449.0,536,192,71,10.275,5.399999999999977,29
fit:11ba0ac28d468bdc19c88c55a8774bab8f7f966b006f61c6fd30348907495707,2026-08-30T08:52:45+00:00,450.0,549,191,73,10.257,5.399999999999977,29
fit:11ba0ac28d468bdc19c88c55a8774bab8f7f966b006f61c6fd30348907495707,2026-08-30T08:52:46+00:00,451.0,481,191,76,10.562,5.399999999999977,29
fit:11ba0ac28d468bdc19c88c55a8774bab8f7f966b006f61c6fd30348907495707,2026-08-30T08:52:47+00:00,452.0,474,189,77,10.653,4.600000000000023,29
fit:11ba0ac28d468bdc19c88c55a8774bab8f7f966b006f61c6fd30348907495707,2026-08-30T08:52:48+00:00,453.0,257,189,77,10.946,4.399999999999977,29
fit:11ba0ac28d468bdc19c88c55a8774bab8f7f966b006f61c6fd30348907495707,2026-08-30T08:52:49+00:00,454.0,89,190,77,11.076,4.399999999999977,29
fit:11ba0ac28d468bdc19c88c55a8774bab8f7f966b006f61c6fd30348907495707,2026-08-30T08:52:50+00:00,455.0,89,191,77,11.1,4.399999999999977,29
fit:11ba0ac28d468bdc19c88c55a8774bab8f7f966b006f61c6fd30348907495707,2026-08-30T08:52:51+00:00,456.0,197,190,84,11.139,4.399999999999977,29
fit:11ba0ac28d468bdc19c88c55a8774bab8f7f966b006f61c6fd30348907495707,2026-08-30T08:52:52+00:00,457.0,270,189,85,11.155,4.399999999999977,29
fit:11ba0ac28d468bdc19c88c55a8774bab8f7f966b006f61c6fd30348907495707,2026-08-30T08:52:53+00:00,458.0,419,189,85,11.352,4.399999999999977,29
fit:11ba0ac28d468bdc19c88c55a8774bab8f7f966b006f61c6fd30348907495707,2026-08-30T08:52:54+00:00,459.0,419,189,88,11.211,3.3999999999999773,29
fit:11ba0ac28d468bdc19c88c55a8774bab8f7f966b006f61c6fd30348907495707,2026-08-30T08:52:55+00:00,460.0,416,188,89,11.432,3.3999999999999773,29
fit:11ba0ac28d468bdc19c88c55a8774bab8f7f966b006f61c6fd30348907495707,2026-08-30T08:52:56+00:00,461.0,434,188,90,11.713,3.3999999999999773,29
fit:11ba0ac28d468bdc19c88c55a8774bab8f7f966b006f61c6fd30348907495707,2026-08-30T08:52:57+00:00,462.0,267,189,91,11.816,3.3999999999999773,29
fit:11ba0ac28d468bdc19c88c55a8774bab8f7f966b006f61c6fd30348907495707,2026-08-30T08:52:58+00:00,463.0,87,188,90,11.948,2.3999999999999773,29
fit:11ba0ac28d468bdc19c88c55a8774bab8f7f966b006f61c6fd30348907495707,2026-08-30T08:52:59+00:00,464.0,99,189,89,11.956,2.3999999999999773,29
fit:11ba0ac28d468bdc19c88c55a8774bab8f7f966b006f61c6fd30348907495707,2026-08-30T08:53:00+00:00,465.0,122,189,89,11.831,2.3999999999999773,29
fit:11ba0ac28d468bdc19c88c55a8774bab8f7f966b006f61c6fd30348907495707,2026-08-30T08:53:01+00:00,466.0,296,189,81,11.648,2.6000000000000227,29
fit:11ba0ac28d468bdc19c88c55a8774bab8f7f966b006f61c6fd30348907495707,2026-08-30T08:53:02+00:00,467.0,358,189,82,11.762,2.8000000000000114,29
fit:11ba0ac28d468bdc19c88c55a8774bab8f7f966b006f61c6fd30348907495707,2026-08-30T08:53:03+00:00,468.0,319,188,82,11.839,3.0,29
fit:11ba0ac28d468bdc19c88c55a8774bab8f7f966b006f61c6fd30348907495707,2026-08-30T08:53:04+00:00,469.0,359,188,82,11.854,3.0,29
fit:11ba0ac28d468bdc19c88c55a8774bab8f7f966b006f61c6fd30348907495707,2026-08-30T08:53:05+00:00,470.0,395,186,82,11.685,3.0,29
fit:11ba0ac28d468bdc19c88c55a8774bab8f7f966b006f61c6fd30348907495707,2026-08-30T08:53:06+00:00,471.0,140,186,82,11.73,2.1999999999999886,29
fit:11ba0ac28d468bdc19c88c55a8774bab8f7f966b006f61c6fd30348907495707,2026-08-30T08:53:07+00:00,472.0,513,186,82,11.718,1.6000000000000227,29
fit:11ba0ac28d468bdc19c88c55a8774bab8f7f966b006f61c6fd30348907495707,2026-08-30T08:53:08+00:00,473.0,436,184,83,11.668,1.0,29
fit:11ba0ac28d468bdc19c88c55a8774bab8f7f966b006f61c6fd30348907495707,2026-08-30T08:53:09+00:00,474.0,436,182,83,11.689,0.0,29
fit:11ba0ac28d468bdc19c88c55a8774bab8f7f966b006f61c6fd30348907495707,2026-08-30T08:53:10+00:00,475.0,424,182,83,11.858,0.0,29
fit:11ba0ac28d468bdc19c88c55a8774bab8f7f966b006f61c6fd30348907495707,2026-08-30T08:53:11+00:00,476.0,495,182,83,11.996,0.0,29
fit:11ba0ac28d468bdc19c88c55a8774bab8f7f966b006f61c6fd30348907495707,2026-08-30T08:53:12+00:00,477.0,495,183,84,12.077,1.0,29
fit:11ba0ac28d468bdc19c88c55a8774bab8f7f966b006f61c6fd30348907495707,2026-08-30T08:53:13+00:00,478.0,274,187,85,12.072,2.0,29
fit:11ba0ac28d468bdc19c88c55a8774bab8f7f966b006f61c6fd30348907495707,2026-08-30T08:53:14+00:00,479.0,234,188,86,12.196,3.0,29
fit:11ba0ac28d468bdc19c88c55a8774bab8f7f966b006f61c6fd30348907495707,2026-08-30T08:53:15+00:00,480.0,321,189,86,12.2,4.0,29
fit:11ba0ac28d468bdc19c88c55a8774bab8f7f966b006f61c6fd30348907495707,2026-08-30T08:53:16+00:00,481.0,374,189,88,12.206,5.0,29
fit:11ba0ac28d468bdc19c88c55a8774bab8f7f966b006f61c6fd30348907495707,2026-08-30T08:53:17+00:00,482.0,242,189,88,12.364,6.0,29
fit:11ba0ac28d468bdc19c88c55a8774bab8f7f966b006f61c6fd30348907495707,2026-08-30T08:53:18+00:00,483.0,270,190,88,12.4,6.0,29
fit:11ba0ac28d468bdc19c88c55a8774bab8f7f966b006f61c6fd30348907495707,2026-08-30T08:53:19+00:00,484.0,276,189,88,12.499,6.0,29
fit:11ba0ac28d468bdc19c88c55a8774bab8f7f966b006f61c6fd30348907495707,2026-08-30T08:53:20+00:00,485.0,277,190,88,12.398,6.0,29
fit:11ba0ac28d468bdc19c88c55a8774bab8f7f966b006f61c6fd30348907495707,2026-08-30T08:53:21+00:00,486.0,378,190,89,12.467,6.0,29
fit:11ba0ac28d468bdc19c88c55a8774bab8f7f966b006f61c6fd30348907495707,2026-08-30T08:53:22+00:00,487.0,193,190,89,12.542,5.0,29
fit:11ba0ac28d468bdc19c88c55a8774bab8f7f966b006f61c6fd30348907495707,2026-08-30T08:53:23+00:00,488.0,62,190,87,12.641,4.600000000000023,29
fit:11ba0ac28d468bdc19c88c55a8774bab8f7f966b006f61c6fd30348907495707,2026-08-30T08:53:24+00:00,489.0,50,190,87,12.649,4.600000000000023,29
fit:11ba0ac28d468bdc19c88c55a8774bab8f7f966b006f61c6fd30348907495707,2026-08-30T08:53:25+00:00,490.0,358,190,87,12.499,4.600000000000023,29
fit:11ba0ac28d468bdc19c88c55a8774bab8f7f966b006f61c6fd30348907495707,2026-08-30T08:53:26+00:00,491.0,302,189,88,12.566,4.600000000000023,29
fit:11ba0ac28d468bdc19c88c55a8774bab8f7f966b006f61c6fd30348907495707,2026-08-30T08:53:27+00:00,492.0,306,189,88,12.657,4.600000000000023,29
fit:11ba0ac28d468bdc19c88c55a8774bab8f7f966b006f61c6fd30348907495707,2026-08-30T08:53:28+00:00,493.0,195,188,89,12.645,4.600000000000023,29
fit:11ba0ac28d468bdc19c88c55a8774bab8f7f966b006f61c6fd30348907495707,2026-08-30T08:53:29+00:00,494.0,195,190,89,12.836,4.600000000000023,29
fit:11ba0ac28d468bdc19c88c55a8774bab8f7f966b006f61c6fd30348907495707,2026-08-30T08:53:30+00:00,495.0,243,191,89,12.787,4.0,29
fit:11ba0ac28d468bdc19c88c55a8774bab8f7f966b006f61c6fd30348907495707,2026-08-30T08:53:31+00:00,496.0,209,191,89,12.813,4.0,29
fit:11ba0ac28d468bdc19c88c55a8774bab8f7f966b006f61c6fd30348907495707,2026-08-30T08:53:32+00:00,497.0,101,190,46,12.721,4.0,29
fit:11ba0ac28d468bdc19c88c55a8774bab8f7f966b006f61c6fd30348907495707,2026-08-30T08:53:33+00:00,498.0,339,190,89,12.899,4.399999999999977,29
fit:11ba0ac28d468bdc19c88c55a8774bab8f7f966b006f61c6fd30348907495707,2026-08-30T08:53:34+00:00,499.0,113,189,88,12.874,4.399999999999977,29
fit:11ba0ac28d468bdc19c88c55a8774bab8f7f966b006f61c6fd30348907495707,2026-08-30T08:53:35+00:00,500.0,113,189,88,12.901,4.399999999999977,29
fit:11ba0ac28d468bdc19c88c55a8774bab8f7f966b006f61c6fd30348907495707,2026-08-30T08:53:36+00:00,501.0,171,187,87,12.74,4.399999999999977,29
fit:11ba0ac28d468bdc19c88c55a8774bab8f7f966b006f61c6fd30348907495707,2026-08-30T08:53:37+00:00,502.0,171,187,87,12.631,4.399999999999977,29
fit:11ba0ac28d468bdc19c88c55a8774bab8f7f966b006f61c6fd30348907495707,2026-08-30T08:53:38+00:00,503.0,171,185,87,12.402,4.399999999999977,29
fit:11ba0ac28d468bdc19c88c55a8774bab8f7f966b006f61c6fd30348907495707,2026-08-30T08:53:39+00:00,504.0,171,186,87,12.272,4.399999999999977,29
fit:11ba0ac28d468bdc19c88c55a8774bab8f7f966b006f61c6fd30348907495707,2026-08-30T08:53:40+00:00,505.0,0,187,0,12.186,4.399999999999977,29
fit:11ba0ac28d468bdc19c88c55a8774bab8f7f966b006f61c6fd30348907495707,2026-08-30T08:53:41+00:00,506.0,0,187,0,11.918,3.3999999999999773,29
fit:11ba0ac28d468bdc19c88c55a8774bab8f7f966b006f61c6fd30348907495707,2026-08-30T08:53:42+00:00,507.0,0,187,0,11.669,3.3999999999999773,29
fit:11ba0ac28d468bdc19c88c55a8774bab8f7f966b006f61c6fd30348907495707,2026-08-30T08:53:43+00:00,508.0,193,186,78,11.556,3.3999999999999773,29
fit:11ba0ac28d468bdc19c88c55a8774bab8f7f966b006f61c6fd30348907495707,2026-08-30T08:53:44+00:00,509.0,361,185,80,11.38,3.3999999999999773,29
fit:11ba0ac28d468bdc19c88c55a8774bab8f7f966b006f61c6fd30348907495707,2026-08-30T08:53:45+00:00,510.0,371,185,80,11.428,2.3999999999999773,29
fit:11ba0ac28d468bdc19c88c55a8774bab8f7f966b006f61c6fd30348907495707,2026-08-30T08:53:46+00:00,511.0,371,184,80,11.249,2.3999999999999773,29
fit:11ba0ac28d468bdc19c88c55a8774bab8f7f966b006f61c6fd30348907495707,2026-08-30T08:53:47+00:00,512.0,78,183,22,11.065,2.3999999999999773,29
fit:11ba0ac28d468bdc19c88c55a8774bab8f7f966b006f61c6fd30348907495707,2026-08-30T08:53:48+00:00,513.0,77,183,76,11.019,3.0,29
fit:11ba0ac28d468bdc19c88c55a8774bab8f7f966b006f61c6fd30348907495707,2026-08-30T08:53:49+00:00,514.0,74,183,40,10.917,3.0,29
fit:11ba0ac28d468bdc19c88c55a8774bab8f7f966b006f61c6fd30348907495707,2026-08-30T08:53:50+00:00,515.0,75,182,40,10.749,3.0,29
fit:11ba0ac28d468bdc19c88c55a8774bab8f7f966b006f61c6fd30348907495707,2026-08-30T08:53:51+00:00,516.0,84,181,37,10.517,2.0,29
fit:11ba0ac28d468bdc19c88c55a8774bab8f7f966b006f61c6fd30348907495707,2026-08-30T08:53:52+00:00,517.0,456,180,73,10.688,1.3999999999999773,29
fit:11ba0ac28d468bdc19c88c55a8774bab8f7f966b006f61c6fd30348907495707,2026-08-30T08:53:53+00:00,518.0,446,179,76,10.668,1.3999999999999773,29
fit:11ba0ac28d468bdc19c88c55a8774bab8f7f966b006f61c6fd30348907495707,2026-08-30T08:53:54+00:00,519.0,439,179,78,10.88,1.3999999999999773,29
fit:11ba0ac28d468bdc19c88c55a8774bab8f7f966b006f61c6fd30348907495707,2026-08-30T08:53:55+00:00,520.0,441,178,79,11.09,1.3999999999999773,29
fit:11ba0ac28d468bdc19c88c55a8774bab8f7f966b006f61c6fd30348907495707,2026-08-30T08:53:56+00:00,521.0,442,178,80,11.195,2.3999999999999773,29
fit:11ba0ac28d468bdc19c88c55a8774bab8f7f966b006f61c6fd30348907495707,2026-08-30T08:53:57+00:00,522.0,410,178,83,11.529,3.3999999999999773,29
fit:11ba0ac28d468bdc19c88c55a8774bab8f7f966b006f61c6fd30348907495707,2026-08-30T08:53:58+00:00,523.0,410,178,83,11.803,4.399999999999977,29
fit:11ba0ac28d468bdc19c88c55a8774bab8f7f966b006f61c6fd30348907495707,2026-08-30T08:53:59+00:00,524.0,233,177,84,11.986,4.399999999999977,29
fit:11ba0ac28d468bdc19c88c55a8774bab8f7f966b006f61c6fd30348907495707,2026-08-30T08:54:00+00:00,525.0,201,177,84,12.027,4.399999999999977,29
fit:11ba0ac28d468bdc19c88c55a8774bab8f7f966b006f61c6fd30348907495707,2026-08-30T08:54:01+00:00,526.0,156,177,84,12.009,4.399999999999977,29
fit:11ba0ac28d468bdc19c88c55a8774bab8f7f966b006f61c6fd30348907495707,2026-08-30T08:54:02+00:00,527.0,271,178,84,12.073,4.399999999999977,29
fit:11ba0ac28d468bdc19c88c55a8774bab8f7f966b006f61c6fd30348907495707,2026-08-30T08:54:03+00:00,528.0,221,178,84,12.105,4.399999999999977,29
fit:11ba0ac28d468bdc19c88c55a8774bab8f7f966b006f61c6fd30348907495707,2026-08-30T08:54:04+00:00,529.0,375,178,84,12.143,3.3999999999999773,29
fit:11ba0ac28d468bdc19c88c55a8774bab8f7f966b006f61c6fd30348907495707,2026-08-30T08:54:05+00:00,530.0,376,179,84,12.121,3.0,29
fit:11ba0ac28d468bdc19c88c55a8774bab8f7f966b006f61c6fd30348907495707,2026-08-30T08:54:06+00:00,531.0,376,179,85,12.141,3.0,29
fit:11ba0ac28d468bdc19c88c55a8774bab8f7f966b006f61c6fd30348907495707,2026-08-30T08:54:07+00:00,532.0,617,179,88,12.217,3.0,29
fit:11ba0ac28d468bdc19c88c55a8774bab8f7f966b006f61c6fd30348907495707,2026-08-30T08:54:08+00:00,533.0,549,179,90,12.507,3.3999999999999773,29
fit:11ba0ac28d468bdc19c88c55a8774bab8f7f966b006f61c6fd30348907495707,2026-08-30T08:54:09+00:00,534.0,407,179,93,12.897,3.3999999999999773,29
fit:11ba0ac28d468bdc19c88c55a8774bab8f7f966b006f61c6fd30348907495707,2026-08-30T08:54:10+00:00,535.0,288,179,93,13.125,3.3999999999999773,29
fit:11ba0ac28d468bdc19c88c55a8774bab8f7f966b006f61c6fd30348907495707,2026-08-30T08:54:11+00:00,536.0,397,179,93,13.339,3.3999999999999773,29
fit:11ba0ac28d468bdc19c88c55a8774bab8f7f966b006f61c6fd30348907495707,2026-08-30T08:54:12+00:00,537.0,401,179,95,13.57,4.199999999999989,29
fit:11ba0ac28d468bdc19c88c55a8774bab8f7f966b006f61c6fd30348907495707,2026-08-30T08:54:13+00:00,538.0,153,179,95,13.731,5.0,29
fit:11ba0ac28d468bdc19c88c55a8774bab8f7f966b006f61c6fd30348907495707,2026-08-30T08:54:14+00:00,539.0,153,180,95,13.704,5.0,29
fit:11ba0ac28d468bdc19c88c55a8774bab8f7f966b006f61c6fd30348907495707,2026-08-30T08:54:15+00:00,540.0,153,180,95,13.561,5.0,29
fit:11ba0ac28d468bdc19c88c55a8774bab8f7f966b006f61c6fd30348907495707,2026-08-30T08:54:16+00:00,541.0,153,181,95,13.371,4.0,29
fit:11ba0ac28d468bdc19c88c55a8774bab8f7f966b006f61c6fd30348907495707,2026-08-30T08:54:17+00:00,542.0,141,181,92,13.065,3.3999999999999773,29
fit:11ba0ac28d468bdc19c88c55a8774bab8f7f966b006f61c6fd30348907495707,2026-08-30T08:54:18+00:00,543.0,3,182,0,12.846,2.6000000000000227,29
fit:11ba0ac28d468bdc19c88c55a8774bab8f7f966b006f61c6fd30348907495707,2026-08-30T08:54:19+00:00,544.0,229,181,86,12.604,1.6000000000000227,29
fit:11ba0ac28d468bdc19c88c55a8774bab8f7f966b006f61c6fd30348907495707,2026-08-30T08:54:20+00:00,545.0,387,181,85,12.416,1.6000000000000227,29
fit:11ba0ac28d468bdc19c88c55a8774bab8f7f966b006f61c6fd30348907495707,2026-08-30T08:54:21+00:00,546.0,644,181,87,12.365,1.6000000000000227,29
fit:11ba0ac28d468bdc19c88c55a8774bab8f7f966b006f61c6fd30348907495707,2026-08-30T08:54:22+00:00,547.0,160,181,90,12.349,2.6000000000000227,29
fit:11ba0ac28d468bdc19c88c55a8774bab8f7f966b006f61c6fd30348907495707,2026-08-30T08:54:23+00:00,548.0,108,181,90,12.583,3.6000000000000227,29
fit:11ba0ac28d468bdc19c88c55a8774bab8f7f966b006f61c6fd30348907495707,2026-08-30T08:54:24+00:00,549.0,270,181,89,12.684,4.0,29
fit:11ba0ac28d468bdc19c88c55a8774bab8f7f966b006f61c6fd30348907495707,2026-08-30T08:54:25+00:00,550.0,386,181,89,12.654,4.399999999999977,29
fit:11ba0ac28d468bdc19c88c55a8774bab8f7f966b006f61c6fd30348907495707,2026-08-30T08:54:26+00:00,551.0,386,181,90,12.677,4.399999999999977,29
fit:11ba0ac28d468bdc19c88c55a8774bab8f7f966b006f61c6fd30348907495707,2026-08-30T08:54:27+00:00,552.0,69,180,77,12.812,4.399999999999977,29
fit:11ba0ac28d468bdc19c88c55a8774bab8f7f966b006f61c6fd30348907495707,2026-08-30T08:54:28+00:00,553.0,293,179,89,12.834,4.399999999999977,29
fit:11ba0ac28d468bdc19c88c55a8774bab8f7f966b006f61c6fd30348907495707,2026-08-30T08:54:29+00:00,554.0,455,178,91,12.868,4.399999999999977,29
fit:11ba0ac28d468bdc19c88c55a8774bab8f7f966b006f61c6fd30348907495707,2026-08-30T08:54:30+00:00,555.0,15,178,91,13.076,4.399999999999977,29
fit:11ba0ac28d468bdc19c88c55a8774bab8f7f966b006f61c6fd30348907495707,2026-08-30T08:54:31+00:00,556.0,29,179,78,12.947,4.399999999999977,29
fit:11ba0ac28d468bdc19c88c55a8774bab8f7f966b006f61c6fd30348907495707,2026-08-30T08:54:32+00:00,557.0,127,178,88,12.925,4.600000000000023,29
fit:11ba0ac28d468bdc19c88c55a8774bab8f7f966b006f61c6fd30348907495707,2026-08-30T08:54:33+00:00,558.0,130,179,87,12.811,4.800000000000011,29
fit:11ba0ac28d468bdc19c88c55a8774bab8f7f966b006f61c6fd30348907495707,2026-08-30T08:54:34+00:00,559.0,81,179,87,12.74,4.800000000000011,29
fit:11ba0ac28d468bdc19c88c55a8774bab8f7f966b006f61c6fd30348907495707,2026-08-30T08:54:35+00:00,560.0,130,179,87,12.559,4.800000000000011,29
fit:11ba0ac28d468bdc19c88c55a8774bab8f7f966b006f61c6fd30348907495707,2026-08-30T08:54:36+00:00,561.0,113,179,85,12.44,4.800000000000011,29
fit:11ba0ac28d468bdc19c88c55a8774bab8f7f966b006f61c6fd30348907495707,2026-08-30T08:54:37+00:00,562.0,195,179,85,12.39,4.800000000000011,29
fit:11ba0ac28d468bdc19c88c55a8774bab8f7f966b006f61c6fd30348907495707,2026-08-30T08:54:38+00:00,563.0,318,179,85,12.308,4.800000000000011,29
fit:11ba0ac28d468bdc19c88c55a8774bab8f7f966b006f61c6fd30348907495707,2026-08-30T08:54:39+00:00,564.0,239,177,86,12.268,4.800000000000011,29
fit:11ba0ac28d468bdc19c88c55a8774bab8f7f966b006f61c6fd30348907495707,2026-08-30T08:54:40+00:00,565.0,236,177,86,12.249,4.800000000000011,29
fit:11ba0ac28d468bdc19c88c55a8774bab8f7f966b006f61c6fd30348907495707,2026-08-30T08:54:41+00:00,566.0,236,177,86,12.256,4.800000000000011,29
fit:11ba0ac28d468bdc19c88c55a8774bab8f7f966b006f61c6fd30348907495707,2026-08-30T08:54:42+00:00,567.0,89,177,86,12.338,4.800000000000011,29
fit:11ba0ac28d468bdc19c88c55a8774bab8f7f966b006f61c6fd30348907495707,2026-08-30T08:54:43+00:00,568.0,200,177,85,12.355,4.800000000000011,29
fit:11ba0ac28d468bdc19c88c55a8774bab8f7f966b006f61c6fd30348907495707,2026-08-30T08:54:44+00:00,569.0,279,176,85,12.356,4.800000000000011,29
fit:11ba0ac28d468bdc19c88c55a8774bab8f7f966b006f61c6fd30348907495707,2026-08-30T08:54:45+00:00,570.0,265,176,86,12.394,4.800000000000011,29
fit:11ba0ac28d468bdc19c88c55a8774bab8f7f966b006f61c6fd30348907495707,2026-08-30T08:54:46+00:00,571.0,265,176,86,12.359,4.800000000000011,29
fit:11ba0ac28d468bdc19c88c55a8774bab8f7f966b006f61c6fd30348907495707,2026-08-30T08:54:47+00:00,572.0,206,175,86,12.446,4.800000000000011,29
fit:11ba0ac28d468bdc19c88c55a8774bab8f7f966b006f61c6fd30348907495707,2026-08-30T08:54:48+00:00,573.0,206,175,85,12.38,4.800000000000011,29
fit:11ba0ac28d468bdc19c88c55a8774bab8f7f966b006f61c6fd30348907495707,2026-08-30T08:54:49+00:00,574.0,123,175,85,12.215,4.800000000000011,29
fit:11ba0ac28d468bdc19c88c55a8774bab8f7f966b006f61c6fd30348907495707,2026-08-30T08:54:50+00:00,575.0,113,175,84,12.203,3.8000000000000114,29
fit:11ba0ac28d468bdc19c88c55a8774bab8f7f966b006f61c6fd30348907495707,2026-08-30T08:54:51+00:00,576.0,68,174,84,12.24,2.8000000000000114,29
fit:11ba0ac28d468bdc19c88c55a8774bab8f7f966b006f61c6fd30348907495707,2026-08-30T08:54:52+00:00,577.0,13,174,80,12.032,1.8000000000000114,29
fit:11ba0ac28d468bdc19c88c55a8774bab8f7f966b006f61c6fd30348907495707,2026-08-30T08:54:53+00:00,578.0,10,173,34,11.789,1.8000000000000114,29
fit:11ba0ac28d468bdc19c88c55a8774bab8f7f966b006f61c6fd30348907495707,2026-08-30T08:54:54+00:00,579.0,164,172,79,11.638,1.8000000000000114,29
fit:11ba0ac28d468bdc19c88c55a8774bab8f7f966b006f61c6fd30348907495707,2026-08-30T08:54:55+00:00,580.0,279,172,80,11.5,2.8000000000000114,29
fit:11ba0ac28d468bdc19c88c55a8774bab8f7f966b006f61c6fd30348907495707,2026-08-30T08:54:56+00:00,581.0,279,172,80,11.473,3.1999999999999886,29
fit:11ba0ac28d468bdc19c88c55a8774bab8f7f966b006f61c6fd30348907495707,2026-08-30T08:54:57+00:00,582.0,638,171,84,11.635,4.199999999999989,29
fit:11ba0ac28d468bdc19c88c55a8774bab8f7f966b006f61c6fd30348907495707,2026-08-30T08:54:58+00:00,583.0,600,171,86,11.838,4.399999999999977,29
fit:11ba0ac28d468bdc19c88c55a8774bab8f7f966b006f61c6fd30348907495707,2026-08-30T08:54:59+00:00,584.0,500,171,87,12.17,4.800000000000011,29
fit:11ba0ac28d468bdc19c88c55a8774bab8f7f966b006f61c6fd30348907495707,2026-08-30T08:55:00+00:00,585.0,336,171,89,12.53,4.800000000000011,29
fit:11ba0ac28d468bdc19c88c55a8774bab8f7f966b006f61c6fd30348907495707,2026-08-30T08:55:01+00:00,586.0,164,171,89,12.665,4.800000000000011,29
fit:11ba0ac28d468bdc19c88c55a8774bab8f7f966b006f61c6fd30348907495707,2026-08-30T08:55:02+00:00,587.0,137,170,88,12.709,3.8000000000000114,29
fit:11ba0ac28d468bdc19c88c55a8774bab8f7f966b006f61c6fd30348907495707,2026-08-30T08:55:03+00:00,588.0,63,170,82,12.627,3.8000000000000114,29
fit:11ba0ac28d468bdc19c88c55a8774bab8f7f966b006f61c6fd30348907495707,2026-08-30T08:55:04+00:00,589.0,46,170,78,12.556,3.8000000000000114,29
fit:11ba0ac28d468bdc19c88c55a8774bab8f7f966b006f61c6fd30348907495707,2026-08-30T08:55:05+00:00,590.0,202,170,85,12.523,3.8000000000000114,29
fit:11ba0ac28d468bdc19c88c55a8774bab8f7f966b006f61c6fd30348907495707,2026-08-30T08:55:06+00:00,591.0,168,171,85,12.345,3.8000000000000114,29
fit:11ba0ac28d468bdc19c88c55a8774bab8f7f966b006f61c6fd30348907495707,2026-08-30T08:55:07+00:00,592.0,137,170,84,12.239,3.8000000000000114,29
fit:11ba0ac28d468bdc19c88c55a8774bab8f7f966b006f61c6fd30348907495707,2026-08-30T08:55:08+00:00,593.0,222,171,83,12.11,3.8000000000000114,29
fit:11ba0ac28d468bdc19c88c55a8774bab8f7f966b006f61c6fd30348907495707,2026-08-30T08:55:09+00:00,594.0,561,171,86,11.992,4.800000000000011,29
fit:11ba0ac28d468bdc19c88c55a8774bab8f7f966b006f61c6fd30348907495707,2026-08-30T08:55:10+00:00,595.0,738,171,88,12.031,5.800000000000011,29
fit:11ba0ac28d468bdc19c88c55a8774bab8f7f966b006f61c6fd30348907495707,2026-08-30T08:55:11+00:00,596.0,739,171,88,12.072,5.800000000000011,29
fit:11ba0ac28d468bdc19c88c55a8774bab8f7f966b006f61c6fd30348907495707,2026-08-30T08:55:12+00:00,597.0,702,171,93,12.319,5.800000000000011,29
fit:11ba0ac28d468bdc19c88c55a8774bab8f7f966b006f61c6fd30348907495707,2026-08-30T08:55:13+00:00,598.0,444,171,94,12.859,4.800000000000011,29
fit:11ba0ac28d468bdc19c88c55a8774bab8f7f966b006f61c6fd30348907495707,2026-08-30T08:55:14+00:00,599.0,445,171,94,13.255,3.8000000000000114,29
fit:11ba0ac28d468bdc19c88c55a8774bab8f7f966b006f61c6fd30348907495707,2026-08-30T08:55:15+00:00,600.0,151,171,94,13.375,3.3999999999999773,29
fit:11ba0ac28d468bdc19c88c55a8774bab8f7f966b006f61c6fd30348907495707,2026-08-30T08:55:16+00:00,601.0,314,172,94,13.362,3.3999999999999773,29
fit:11ba0ac28d468bdc19c88c55a8774bab8f7f966b006f61c6fd30348907495707,2026-08-30T08:55:17+00:00,602.0,704,172,95,13.222,3.3999999999999773,29
fit:11ba0ac28d468bdc19c88c55a8774bab8f7f966b006f61c6fd30348907495707,2026-08-30T08:55:18+00:00,603.0,711,172,96,13.179,4.399999999999977,29
fit:11ba0ac28d468bdc19c88c55a8774bab8f7f966b006f61c6fd30348907495707,2026-08-30T08:55:19+00:00,604.0,619,172,98,13.541,4.399999999999977,29
fit:11ba0ac28d468bdc19c88c55a8774bab8f7f966b006f61c6fd30348907495707,2026-08-30T08:55:20+00:00,605.0,719,173,100,13.93,4.399999999999977,29
fit:11ba0ac28d468bdc19c88c55a8774bab8f7f966b006f61c6fd30348907495707,2026-08-30T08:55:21+00:00,606.0,680,174,101,14.016,4.399999999999977,29
fit:11ba0ac28d468bdc19c88c55a8774bab8f7f966b006f61c6fd30348907495707,2026-08-30T08:55:22+00:00,607.0,591,175,102,14.257,4.399999999999977,29
fit:11ba0ac28d468bdc19c88c55a8774bab8f7f966b006f61c6fd30348907495707,2026-08-30T08:55:23+00:00,608.0,474,176,102,14.509,4.399999999999977,29
fit:11ba0ac28d468bdc19c88c55a8774bab8f7f966b006f61c6fd30348907495707,2026-08-30T08:55:24+00:00,609.0,239,176,102,14.597,4.399999999999977,29
fit:11ba0ac28d468bdc19c88c55a8774bab8f7f966b006f61c6fd30348907495707,2026-08-30T08:55:25+00:00,610.0,239,177,102,14.715,5.399999999999977,29
fit:11ba0ac28d468bdc19c88c55a8774bab8f7f966b006f61c6fd30348907495707,2026-08-30T08:55:26+00:00,611.0,65,177,101,14.604,5.399999999999977,29
fit:11ba0ac28d468bdc19c88c55a8774bab8f7f966b006f61c6fd30348907495707,2026-08-30T08:55:27+00:00,612.0,309,178,102,14.337,5.399999999999977,29
fit:11ba0ac28d468bdc19c88c55a8774bab8f7f966b006f61c6fd30348907495707,2026-08-30T08:55:28+00:00,613.0,438,178,102,14.531,4.399999999999977,29
fit:11ba0ac28d468bdc19c88c55a8774bab8f7f966b006f61c6fd30348907495707,2026-08-30T08:55:29+00:00,614.0,427,180,104,14.604,3.6000000000000227,29
fit:11ba0ac28d468bdc19c88c55a8774bab8f7f966b006f61c6fd30348907495707,2026-08-30T08:55:30+00:00,615.0,427,181,104,14.64,3.6000000000000227,29
fit:11ba0ac28d468bdc19c88c55a8774bab8f7f966b006f61c6fd30348907495707,2026-08-30T08:55:31+00:00,616.0,427,181,104,14.895,3.6000000000000227,29
fit:11ba0ac28d468bdc19c88c55a8774bab8f7f966b006f61c6fd30348907495707,2026-08-30T08:55:32+00:00,617.0,248,181,104,14.95,3.6000000000000227,29
fit:11ba0ac28d468bdc19c88c55a8774bab8f7f966b006f61c6fd30348907495707,2026-08-30T08:55:33+00:00,618.0,31,182,98,14.946,4.199999999999989,29
fit:11ba0ac28d468bdc19c88c55a8774bab8f7f966b006f61c6fd30348907495707,2026-08-30T08:55:34+00:00,619.0,32,182,98,14.911,5.199999999999989,29
fit:11ba0ac28d468bdc19c88c55a8774bab8f7f966b006f61c6fd30348907495707,2026-08-30T08:55:35+00:00,620.0,32,181,98,14.814,5.199999999999989,29
fit:11ba0ac28d468bdc19c88c55a8774bab8f7f966b006f61c6fd30348907495707,2026-08-30T08:55:36+00:00,621.0,32,182,98,14.575,5.199999999999989,29
fit:11ba0ac28d468bdc19c88c55a8774bab8f7f966b006f61c6fd30348907495707,2026-08-30T08:55:37+00:00,622.0,32,182,0,14.351,4.199999999999989,30
fit:11ba0ac28d468bdc19c88c55a8774bab8f7f966b006f61c6fd30348907495707,2026-08-30T08:55:38+00:00,623.0,32,183,0,14.131,4.199999999999989,30
fit:11ba0ac28d468bdc19c88c55a8774bab8f7f966b006f61c6fd30348907495707,2026-08-30T08:55:39+00:00,624.0,30,183,0,13.86,4.199999999999989,30
fit:11ba0ac28d468bdc19c88c55a8774bab8f7f966b006f61c6fd30348907495707,2026-08-30T08:55:40+00:00,625.0,26,183,0,13.542,4.199999999999989,30
fit:11ba0ac28d468bdc19c88c55a8774bab8f7f966b006f61c6fd30348907495707,2026-08-30T08:55:41+00:00,626.0,24,185,0,13.237,4.199999999999989,30
fit:11ba0ac28d468bdc19c88c55a8774bab8f7f966b006f61c6fd30348907495707,2026-08-30T08:55:42+00:00,627.0,21,185,0,12.943,4.199999999999989,30
fit:11ba0ac28d468bdc19c88c55a8774bab8f7f966b006f61c6fd30348907495707,2026-08-30T08:55:43+00:00,628.0,0,184,0,12.611,3.1999999999999886,30
fit:11ba0ac28d468bdc19c88c55a8774bab8f7f966b006f61c6fd30348907495707,2026-08-30T08:55:44+00:00,629.0,0,184,0,12.161,3.1999999999999886,30
fit:11ba0ac28d468bdc19c88c55a8774bab8f7f966b006f61c6fd30348907495707,2026-08-30T08:55:45+00:00,630.0,0,184,0,11.92,3.1999999999999886,30
fit:11ba0ac28d468bdc19c88c55a8774bab8f7f966b006f61c6fd30348907495707,2026-08-30T08:55:46+00:00,631.0,33,183,64,11.59,3.1999999999999886,30
fit:11ba0ac28d468bdc19c88c55a8774bab8f7f966b006f61c6fd30348907495707,2026-08-30T08:55:47+00:00,632.0,34,183,64,11.315,3.1999999999999886,30
fit:11ba0ac28d468bdc19c88c55a8774bab8f7f966b006f61c6fd30348907495707,2026-08-30T08:55:48+00:00,633.0,341,181,75,10.942,2.6000000000000227,30
fit:11ba0ac28d468bdc19c88c55a8774bab8f7f966b006f61c6fd30348907495707,2026-08-30T08:55:49+00:00,634.0,646,181,76,10.887,2.6000000000000227,30
fit:11ba0ac28d468bdc19c88c55a8774bab8f7f966b006f61c6fd30348907495707,2026-08-30T08:55:50+00:00,635.0,627,181,79,10.888,2.6000000000000227,30
fit:11ba0ac28d468bdc19c88c55a8774bab8f7f966b006f61c6fd30348907495707,2026-08-30T08:55:51+00:00,636.0,389,181,80,11.132,3.6000000000000227,30
fit:11ba0ac28d468bdc19c88c55a8774bab8f7f966b006f61c6fd30348907495707,2026-08-30T08:55:52+00:00,637.0,514,182,82,11.717,4.600000000000023,30
fit:11ba0ac28d468bdc19c88c55a8774bab8f7f966b006f61c6fd30348907495707,2026-08-30T08:55:53+00:00,638.0,241,182,82,11.887,5.600000000000023,30
fit:11ba0ac28d468bdc19c88c55a8774bab8f7f966b006f61c6fd30348907495707,2026-08-30T08:55:54+00:00,639.0,129,182,82,11.81,5.600000000000023,30
fit:11ba0ac28d468bdc19c88c55a8774bab8f7f966b006f61c6fd30348907495707,2026-08-30T08:55:55+00:00,640.0,233,181,82,11.755,5.600000000000023,30
fit:11ba0ac28d468bdc19c88c55a8774bab8f7f966b006f61c6fd30348907495707,2026-08-30T08:55:56+00:00,641.0,228,181,82,11.866,4.800000000000011,30
fit:11ba0ac28d468bdc19c88c55a8774bab8f7f966b006f61c6fd30348907495707,2026-08-30T08:55:57+00:00,642.0,63,180,78,11.85,4.600000000000023,30
fit:11ba0ac28d468bdc19c88c55a8774bab8f7f966b006f61c6fd30348907495707,2026-08-30T08:55:58+00:00,643.0,122,180,80,11.744,4.399999999999977,30
fit:11ba0ac28d468bdc19c88c55a8774bab8f7f966b006f61c6fd30348907495707,2026-08-30T08:55:59+00:00,644.0,47,179,79,11.687,4.399999999999977,30
fit:11ba0ac28d468bdc19c88c55a8774bab8f7f966b006f61c6fd30348907495707,2026-08-30T08:56:00+00:00,645.0,47,178,79,11.575,4.399999999999977,30
fit:11ba0ac28d468bdc19c88c55a8774bab8f7f966b006f61c6fd30348907495707,2026-08-30T08:56:01+00:00,646.0,48,178,79,11.398,4.399999999999977,30
fit:11ba0ac28d468bdc19c88c55a8774bab8f7f966b006f61c6fd30348907495707,2026-08-30T08:56:02+00:00,647.0,113,178,76,11.183,4.399999999999977,30
fit:11ba0ac28d468bdc19c88c55a8774bab8f7f966b006f61c6fd30348907495707,2026-08-30T08:56:03+00:00,648.0,137,178,76,11.043,3.8000000000000114,30
fit:11ba0ac28d468bdc19c88c55a8774bab8f7f966b006f61c6fd30348907495707,2026-08-30T08:56:04+00:00,649.0,236,177,75,10.926,3.6000000000000227,30
fit:11ba0ac28d468bdc19c88c55a8774bab8f7f966b006f61c6fd30348907495707,2026-08-30T08:56:05+00:00,650.0,236,177,75,10.866,3.6000000000000227,30
fit:11ba0ac28d468bdc19c88c55a8774bab8f7f966b006f61c6fd30348907495707,2026-08-30T08:56:06+00:00,651.0,113,176,76,10.967,3.6000000000000227,30
fit:11ba0ac28d468bdc19c88c55a8774bab8f7f966b006f61c6fd30348907495707,2026-08-30T08:56:07+00:00,652.0,82,176,76,10.949,3.6000000000000227,30
fit:11ba0ac28d468bdc19c88c55a8774bab8f7f966b006f61c6fd30348907495707,2026-08-30T08:56:08+00:00,653.0,14,175,72,10.889,3.6000000000000227,30
fit:11ba0ac28d468bdc19c88c55a8774bab8f7f966b006f61c6fd30348907495707,2026-08-30T08:56:09+00:00,654.0,103,175,74,10.861,3.6000000000000227,30
fit:11ba0ac28d468bdc19c88c55a8774bab8f7f966b006f61c6fd30348907495707,2026-08-30T08:56:10+00:00,655.0,198,173,75,10.799,3.8000000000000114,30
fit:11ba0ac28d468bdc19c88c55a8774bab8f7f966b006f61c6fd30348907495707,2026-08-30T08:56:11+00:00,656.0,198,172,75,10.769,4.800000000000011,30
fit:11ba0ac28d468bdc19c88c55a8774bab8f7f966b006f61c6fd30348907495707,2026-08-30T08:56:12+00:00,657.0,241,171,76,10.825,4.800000000000011,30
fit:11ba0ac28d468bdc19c88c55a8774bab8f7f966b006f61c6fd30348907495707,2026-08-30T08:56:13+00:00,658.0,186,170,77,10.905,4.800000000000011,30
fit:11ba0ac28d468bdc19c88c55a8774bab8f7f966b006f61c6fd30348907495707,2026-08-30T08:56:14+00:00,659.0,186,169,77,10.919,4.800000000000011,30
fit:11ba0ac28d468bdc19c88c55a8774bab8f7f966b006f61c6fd30348907495707,2026-08-30T08:56:15+00:00,660.0,266,168,80,11.089,3.8000000000000114,30
fit:11ba0ac28d468bdc19c88c55a8774bab8f7f966b006f61c6fd30348907495707,2026-08-30T08:56:16+00:00,661.0,72,168,80,11.388,3.8000000000000114,30
fit:11ba0ac28d468bdc19c88c55a8774bab8f7f966b006f61c6fd30348907495707,2026-08-30T08:56:17+00:00,662.0,94,167,80,11.486,3.8000000000000114,30
fit:11ba0ac28d468bdc19c88c55a8774bab8f7f966b006f61c6fd30348907495707,2026-08-30T08:56:18+00:00,663.0,59,167,79,11.417,4.600000000000023,30
fit:11ba0ac28d468bdc19c88c55a8774bab8f7f966b006f61c6fd30348907495707,2026-08-30T08:56:19+00:00,664.0,87,167,79,11.459,4.600000000000023,30
fit:11ba0ac28d468bdc19c88c55a8774bab8f7f966b006f61c6fd30348907495707,2026-08-30T08:56:20+00:00,665.0,198,166,79,11.464,4.600000000000023,30
fit:11ba0ac28d468bdc19c88c55a8774bab8f7f966b006f61c6fd30348907495707,2026-08-30T08:56:21+00:00,666.0,198,166,79,11.456,4.600000000000023,30
fit:11ba0ac28d468bdc19c88c55a8774bab8f7f966b006f61c6fd30348907495707,2026-08-30T08:56:22+00:00,667.0,96,165,78,11.376,3.8000000000000114,30
fit:11ba0ac28d468bdc19c88c55a8774bab8f7f966b006f61c6fd30348907495707,2026-08-30T08:56:23+00:00,668.0,96,165,78,11.237,2.8000000000000114,30
fit:11ba0ac28d468bdc19c88c55a8774bab8f7f966b006f61c6fd30348907495707,2026-08-30T08:56:24+00:00,669.0,195,165,78,11.16,2.1999999999999886,30
fit:11ba0ac28d468bdc19c88c55a8774bab8f7f966b006f61c6fd30348907495707,2026-08-30T08:56:25+00:00,670.0,55,163,77,11.205,2.1999999999999886,30
fit:11ba0ac28d468bdc19c88c55a8774bab8f7f966b006f61c6fd30348907495707,2026-08-30T08:56:26+00:00,671.0,153,163,73,11.03,2.1999999999999886,30
fit:11ba0ac28d468bdc19c88c55a8774bab8f7f966b006f61c6fd30348907495707,2026-08-30T08:56:27+00:00,672.0,507,162,77,11.101,3.1999999999999886,30
fit:11ba0ac28d468bdc19c88c55a8774bab8f7f966b006f61c6fd30348907495707,2026-08-30T08:56:28+00:00,673.0,592,162,82,11.226,4.199999999999989,30
fit:11ba0ac28d468bdc19c88c55a8774bab8f7f966b006f61c6fd30348907495707,2026-08-30T08:56:29+00:00,674.0,146,162,83,11.492,4.199999999999989,30
fit:11ba0ac28d468bdc19c88c55a8774bab8f7f966b006f61c6fd30348907495707,2026-08-30T08:56:30+00:00,675.0,56,162,83,11.67,4.199999999999989,30
fit:11ba0ac28d468bdc19c88c55a8774bab8f7f966b006f61c6fd30348907495707,2026-08-30T08:56:31+00:00,676.0,57,163,83,11.694,4.199999999999989,30
fit:11ba0ac28d468bdc19c88c55a8774bab8f7f966b006f61c6fd30348907495707,2026-08-30T08:56:32+00:00,677.0,45,163,80,11.516,4.199999999999989,30
fit:11ba0ac28d468bdc19c88c55a8774bab8f7f966b006f61c6fd30348907495707,2026-08-30T08:56:33+00:00,678.0,154,163,80,11.578,4.199999999999989,30
fit:11ba0ac28d468bdc19c88c55a8774bab8f7f966b006f61c6fd30348907495707,2026-08-30T08:56:34+00:00,679.0,188,163,80,11.599,4.199999999999989,30
fit:11ba0ac28d468bdc19c88c55a8774bab8f7f966b006f61c6fd30348907495707,2026-08-30T08:56:35+00:00,680.0,295,164,80,11.554,4.199999999999989,30
fit:11ba0ac28d468bdc19c88c55a8774bab8f7f966b006f61c6fd30348907495707,2026-08-30T08:56:36+00:00,681.0,179,164,81,11.586,4.399999999999977,30
fit:11ba0ac28d468bdc19c88c55a8774bab8f7f966b006f61c6fd30348907495707,2026-08-30T08:56:37+00:00,682.0,169,165,82,11.717,4.399999999999977,30
fit:11ba0ac28d468bdc19c88c55a8774bab8f7f966b006f61c6fd30348907495707,2026-08-30T08:56:38+00:00,683.0,165,165,82,11.775,4.399999999999977,30
fit:11ba0ac28d468bdc19c88c55a8774bab8f7f966b006f61c6fd30348907495707,2026-08-30T08:56:39+00:00,684.0,240,165,82,11.792,4.399999999999977,30
fit:11ba0ac28d468bdc19c88c55a8774bab8f7f966b006f61c6fd30348907495707,2026-08-30T08:56:40+00:00,685.0,133,166,82,11.772,4.800000000000011,30
fit:11ba0ac28d468bdc19c88c55a8774bab8f7f966b006f61c6fd30348907495707,2026-08-30T08:56:41+00:00,686.0,125,166,82,11.689,4.800000000000011,30
fit:11ba0ac28d468bdc19c88c55a8774bab8f7f966b006f61c6fd30348907495707,2026-08-30T08:56:42+00:00,687.0,157,166,82,11.72,4.800000000000011,30
fit:11ba0ac28d468bdc19c88c55a8774bab8f7f966b006f61c6fd30348907495707,2026-08-30T08:56:43+00:00,688.0,194,165,82,11.664,4.800000000000011,30
fit:11ba0ac28d468bdc19c88c55a8774bab8f7f966b006f61c6fd30348907495707,2026-08-30T08:56:44+00:00,689.0,176,165,82,11.6,5.0,30
fit:11ba0ac28d468bdc19c88c55a8774bab8f7f966b006f61c6fd30348907495707,2026-08-30T08:56:45+00:00,690.0,171,164,82,11.658,5.0,30
fit:11ba0ac28d468bdc19c88c55a8774bab8f7f966b006f61c6fd30348907495707,2026-08-30T08:56:46+00:00,691.0,190,164,82,11.576,5.0,30
fit:11ba0ac28d468bdc19c88c55a8774bab8f7f966b006f61c6fd30348907495707,2026-08-30T08:56:47+00:00,692.0,195,163,82,11.7,4.0,30
fit:11ba0ac28d468bdc19c88c55a8774bab8f7f966b006f61c6fd30348907495707,2026-08-30T08:56:48+00:00,693.0,168,162,83,11.744,4.0,30
fit:11ba0ac28d468bdc19c88c55a8774bab8f7f966b006f61c6fd30348907495707,2026-08-30T08:56:49+00:00,694.0,202,161,83,11.896,4.0,30
fit:11ba0ac28d468bdc19c88c55a8774bab8f7f966b006f61c6fd30348907495707,2026-08-30T08:56:50+00:00,695.0,192,160,84,11.936,4.600000000000023,30
fit:11ba0ac28d468bdc19c88c55a8774bab8f7f966b006f61c6fd30348907495707,2026-08-30T08:56:51+00:00,696.0,192,160,84,12.041,4.600000000000023,30
fit:11ba0ac28d468bdc19c88c55a8774bab8f7f966b006f61c6fd30348907495707,2026-08-30T08:56:52+00:00,697.0,176,160,84,12.087,4.600000000000023,30
fit:11ba0ac28d468bdc19c88c55a8774bab8f7f966b006f61c6fd30348907495707,2026-08-30T08:56:53+00:00,698.0,215,159,84,12.097,3.6000000000000227,30
fit:11ba0ac28d468bdc19c88c55a8774bab8f7f966b006f61c6fd30348907495707,2026-08-30T08:56:54+00:00,699.0,215,159,84,12.044,3.3999999999999773,30
fit:11ba0ac28d468bdc19c88c55a8774bab8f7f966b006f61c6fd30348907495707,2026-08-30T08:56:55+00:00,700.0,507,160,85,12.512,2.3999999999999773,30
fit:11ba0ac28d468bdc19c88c55a8774bab8f7f966b006f61c6fd30348907495707,2026-08-30T08:56:56+00:00,701.0,507,160,85,12.373,2.3999999999999773,30
fit:11ba0ac28d468bdc19c88c55a8774bab8f7f966b006f61c6fd30348907495707,2026-08-30T08:56:57+00:00,702.0,307,160,86,12.338,2.3999999999999773,30
fit:11ba0ac28d468bdc19c88c55a8774bab8f7f966b006f61c6fd30348907495707,2026-08-30T08:56:58+00:00,703.0,307,160,87,12.321,3.3999999999999773,30
fit:11ba0ac28d468bdc19c88c55a8774bab8f7f966b006f61c6fd30348907495707,2026-08-30T08:56:59+00:00,704.0,210,161,87,12.383,3.8000000000000114,30
fit:11ba0ac28d468bdc19c88c55a8774bab8f7f966b006f61c6fd30348907495707,2026-08-30T08:57:00+00:00,705.0,9,161,78,12.383,4.199999999999989,30
fit:11ba0ac28d468bdc19c88c55a8774bab8f7f966b006f61c6fd30348907495707,2026-08-30T08:57:01+00:00,706.0,6,162,78,12.477,4.199999999999989,30
fit:11ba0ac28d468bdc19c88c55a8774bab8f7f966b006f61c6fd30348907495707,2026-08-30T08:57:02+00:00,707.0,189,162,84,12.299,4.199999999999989,30
fit:11ba0ac28d468bdc19c88c55a8774bab8f7f966b006f61c6fd30348907495707,2026-08-30T08:57:03+00:00,708.0,250,162,83,12.188,3.1999999999999886,30
fit:11ba0ac28d468bdc19c88c55a8774bab8f7f966b006f61c6fd30348907495707,2026-08-30T08:57:04+00:00,709.0,163,163,82,12.066,3.1999999999999886,30
fit:11ba0ac28d468bdc19c88c55a8774bab8f7f966b006f61c6fd30348907495707,2026-08-30T08:57:05+00:00,710.0,222,163,82,11.729,3.1999999999999886,30
fit:11ba0ac28d468bdc19c88c55a8774bab8f7f966b006f61c6fd30348907495707,2026-08-30T08:57:06+00:00,711.0,232,164,81,11.5,3.1999999999999886,30
fit:11ba0ac28d468bdc19c88c55a8774bab8f7f966b006f61c6fd30348907495707,2026-08-30T08:57:07+00:00,712.0,173,164,81,11.495,2.6000000000000227,30
fit:11ba0ac28d468bdc19c88c55a8774bab8f7f966b006f61c6fd30348907495707,2026-08-30T08:57:08+00:00,713.0,173,165,81,11.423,2.6000000000000227,30
fit:11ba0ac28d468bdc19c88c55a8774bab8f7f966b006f61c6fd30348907495707,2026-08-30T08:57:09+00:00,714.0,23,165,21,11.374,2.6000000000000227,30
fit:11ba0ac28d468bdc19c88c55a8774bab8f7f966b006f61c6fd30348907495707,2026-08-30T08:57:10+00:00,715.0,23,165,21,11.282,2.6000000000000227,30
fit:11ba0ac28d468bdc19c88c55a8774bab8f7f966b006f61c6fd30348907495707,2026-08-30T08:57:11+00:00,716.0,23,165,21,11.01,2.6000000000000227,30
fit:11ba0ac28d468bdc19c88c55a8774bab8f7f966b006f61c6fd30348907495707,2026-08-30T08:57:12+00:00,717.0,23,165,21,10.699,2.6000000000000227,30
fit:11ba0ac28d468bdc19c88c55a8774bab8f7f966b006f61c6fd30348907495707,2026-08-30T08:57:13+00:00,718.0,23,164,21,10.403,2.6000000000000227,30
fit:11ba0ac28d468bdc19c88c55a8774bab8f7f966b006f61c6fd30348907495707,2026-08-30T08:57:14+00:00,719.0,23,164,0,10.208,3.6000000000000227,30
fit:11ba0ac28d468bdc19c88c55a8774bab8f7f966b006f61c6fd30348907495707,2026-08-30T08:57:15+00:00,720.0,23,163,0,10.054,3.6000000000000227,30
fit:11ba0ac28d468bdc19c88c55a8774bab8f7f966b006f61c6fd30348907495707,2026-08-30T08:57:16+00:00,721.0,23,163,0,9.474,3.6000000000000227,30
fit:11ba0ac28d468bdc19c88c55a8774bab8f7f966b006f61c6fd30348907495707,2026-08-30T08:57:17+00:00,722.0,0,163,0,8.632,3.6000000000000227,30
fit:11ba0ac28d468bdc19c88c55a8774bab8f7f966b006f61c6fd30348907495707,2026-08-30T08:57:18+00:00,723.0,41,162,0,8.589,3.6000000000000227,30
fit:11ba0ac28d468bdc19c88c55a8774bab8f7f966b006f61c6fd30348907495707,2026-08-30T08:57:19+00:00,724.0,0,163,68,9.022,4.399999999999977,30
fit:11ba0ac28d468bdc19c88c55a8774bab8f7f966b006f61c6fd30348907495707,2026-08-30T08:57:20+00:00,725.0,917,163,82,9.405,4.399999999999977,30
fit:11ba0ac28d468bdc19c88c55a8774bab8f7f966b006f61c6fd30348907495707,2026-08-30T08:57:21+00:00,726.0,791,163,85,10.505,4.399999999999977,30
fit:11ba0ac28d468bdc19c88c55a8774bab8f7f966b006f61c6fd30348907495707,2026-08-30T08:57:22+00:00,727.0,706,163,89,11.462,3.3999999999999773,30
fit:11ba0ac28d468bdc19c88c55a8774bab8f7f966b006f61c6fd30348907495707,2026-08-30T08:57:23+00:00,728.0,276,163,68,12.184,3.3999999999999773,30
fit:11ba0ac28d468bdc19c88c55a8774bab8f7f966b006f61c6fd30348907495707,2026-08-30T08:57:24+00:00,729.0,321,163,93,12.82,3.3999999999999773,30
fit:11ba0ac28d468bdc19c88c55a8774bab8f7f966b006f61c6fd30348907495707,2026-08-30T08:57:25+00:00,730.0,150,164,95,12.983,3.3999999999999773,30
fit:11ba0ac28d468bdc19c88c55a8774bab8f7f966b006f61c6fd30348907495707,2026-08-30T08:57:26+00:00,731.0,151,165,95,13.247,2.3999999999999773,30
fit:11ba0ac28d468bdc19c88c55a8774bab8f7f966b006f61c6fd30348907495707,2026-08-30T08:57:27+00:00,732.0,151,167,35,13.338,1.8000000000000114,30
fit:11ba0ac28d468bdc19c88c55a8774bab8f7f966b006f61c6fd30348907495707,2026-08-30T08:57:28+00:00,733.0,227,168,94,13.526,1.1999999999999886,30
fit:11ba0ac28d468bdc19c88c55a8774bab8f7f966b006f61c6fd30348907495707,2026-08-30T08:57:29+00:00,734.0,224,170,93,13.378,1.1999999999999886,30
fit:11ba0ac28d468bdc19c88c55a8774bab8f7f966b006f61c6fd30348907495707,2026-08-30T08:57:30+00:00,735.0,257,170,85,13.297,1.1999999999999886,30
fit:11ba0ac28d468bdc19c88c55a8774bab8f7f966b006f61c6fd30348907495707,2026-08-30T08:57:31+00:00,736.0,257,170,85,13.275,2.0,30
fit:11ba0ac28d468bdc19c88c55a8774bab8f7f966b006f61c6fd30348907495707,2026-08-30T08:57:32+00:00,737.0,257,172,85,13.078,2.8000000000000114,30
fit:11ba0ac28d468bdc19c88c55a8774bab8f7f966b006f61c6fd30348907495707,2026-08-30T08:57:33+00:00,738.0,257,172,85,12.822,3.3999999999999773,30
fit:11ba0ac28d468bdc19c88c55a8774bab8f7f966b006f61c6fd30348907495707,2026-08-30T08:57:34+00:00,739.0,147,173,29,12.62,3.3999999999999773,30
fit:11ba0ac28d468bdc19c88c55a8774bab8f7f966b006f61c6fd30348907495707,2026-08-30T08:57:35+00:00,740.0,783,173,94,12.788,3.3999999999999773,30
fit:11ba0ac28d468bdc19c88c55a8774bab8f7f966b006f61c6fd30348907495707,2026-08-30T08:57:36+00:00,741.0,552,173,95,13.049,2.3999999999999773,30
fit:11ba0ac28d468bdc19c88c55a8774bab8f7f966b006f61c6fd30348907495707,2026-08-30T08:57:37+00:00,742.0,433,173,96,13.38,1.3999999999999773,30
fit:11ba0ac28d468bdc19c88c55a8774bab8f7f966b006f61c6fd30348907495707,2026-08-30T08:57:38+00:00,743.0,382,173,96,13.775,0.39999999999997726,30
fit:11ba0ac28d468bdc19c88c55a8774bab8f7f966b006f61c6fd30348907495707,2026-08-30T08:57:39+00:00,744.0,596,174,97,13.747,0.39999999999997726,30
fit:11ba0ac28d468bdc19c88c55a8774bab8f7f966b006f61c6fd30348907495707,2026-08-30T08:57:40+00:00,745.0,322,174,98,13.725,0.39999999999997726,30
fit:11ba0ac28d468bdc19c88c55a8774bab8f7f966b006f61c6fd30348907495707,2026-08-30T08:57:41+00:00,746.0,43,174,90,13.799,0.39999999999997726,30
fit:11ba0ac28d468bdc19c88c55a8774bab8f7f966b006f61c6fd30348907495707,2026-08-30T08:57:42+00:00,747.0,43,175,54,13.815,0.39999999999997726,30
fit:11ba0ac28d468bdc19c88c55a8774bab8f7f966b006f61c6fd30348907495707,2026-08-30T08:57:43+00:00,748.0,107,176,61,13.216,1.3999999999999773,30
fit:11ba0ac28d468bdc19c88c55a8774bab8f7f966b006f61c6fd30348907495707,2026-08-30T08:57:44+00:00,749.0,462,176,86,12.732,2.3999999999999773,30
fit:11ba0ac28d468bdc19c88c55a8774bab8f7f966b006f61c6fd30348907495707,2026-08-30T08:57:45+00:00,750.0,542,178,89,12.535,3.0,30
fit:11ba0ac28d468bdc19c88c55a8774bab8f7f966b006f61c6fd30348907495707,2026-08-30T08:57:46+00:00,751.0,519,178,92,12.561,3.0,30
fit:11ba0ac28d468bdc19c88c55a8774bab8f7f966b006f61c6fd30348907495707,2026-08-30T08:57:47+00:00,752.0,413,179,92,12.671,3.0,30
fit:11ba0ac28d468bdc19c88c55a8774bab8f7f966b006f61c6fd30348907495707,2026-08-30T08:57:48+00:00,753.0,78,179,94,12.955,3.0,30
fit:11ba0ac28d468bdc19c88c55a8774bab8f7f966b006f61c6fd30348907495707,2026-08-30T08:57:49+00:00,754.0,112,180,91,13.214,3.0,30
fit:11ba0ac28d468bdc19c88c55a8774bab8f7f966b006f61c6fd30348907495707,2026-08-30T08:57:50+00:00,755.0,126,180,92,13.273,3.0,30
fit:11ba0ac28d468bdc19c88c55a8774bab8f7f966b006f61c6fd30348907495707,2026-08-30T08:57:51+00:00,756.0,58,180,91,13.236,3.0,30
fit:11ba0ac28d468bdc19c88c55a8774bab8f7f966b006f61c6fd30348907495707,2026-08-30T08:57:52+00:00,757.0,244,180,91,13.207,3.0,30
fit:11ba0ac28d468bdc19c88c55a8774bab8f7f966b006f61c6fd30348907495707,2026-08-30T08:57:53+00:00,758.0,110,181,91,13.229,3.0,30
fit:11ba0ac28d468bdc19c88c55a8774bab8f7f966b006f61c6fd30348907495707,2026-08-30T08:57:54+00:00,759.0,435,181,93,13.213,2.8000000000000114,30
fit:11ba0ac28d468bdc19c88c55a8774bab8f7f966b006f61c6fd30348907495707,2026-08-30T08:57:55+00:00,760.0,410,182,94,13.296,2.6000000000000227,30
fit:11ba0ac28d468bdc19c88c55a8774bab8f7f966b006f61c6fd30348907495707,2026-08-30T08:57:56+00:00,761.0,410,182,95,13.244,2.6000000000000227,30
fit:11ba0ac28d468bdc19c88c55a8774bab8f7f966b006f61c6fd30348907495707,2026-08-30T08:57:57+00:00,762.0,153,182,96,13.371,2.6000000000000227,30
fit:11ba0ac28d468bdc19c88c55a8774bab8f7f966b006f61c6fd30348907495707,2026-08-30T08:57:58+00:00,763.0,116,182,96,13.543,2.6000000000000227,30
fit:11ba0ac28d468bdc19c88c55a8774bab8f7f966b006f61c6fd30348907495707,2026-08-30T08:57:59+00:00,764.0,103,182,95,13.709,2.6000000000000227,30
fit:11ba0ac28d468bdc19c88c55a8774bab8f7f966b006f61c6fd30348907495707,2026-08-30T08:58:00+00:00,765.0,192,182,94,13.753,2.6000000000000227,30
fit:11ba0ac28d468bdc19c88c55a8774bab8f7f966b006f61c6fd30348907495707,2026-08-30T08:58:01+00:00,766.0,192,183,94,13.753,2.6000000000000227,30
fit:11ba0ac28d468bdc19c88c55a8774bab8f7f966b006f61c6fd30348907495707,2026-08-30T08:58:02+00:00,767.0,163,183,93,13.593,1.8000000000000114,30
fit:11ba0ac28d468bdc19c88c55a8774bab8f7f966b006f61c6fd30348907495707,2026-08-30T08:58:03+00:00,768.0,105,183,92,13.438,1.8000000000000114,30
fit:11ba0ac28d468bdc19c88c55a8774bab8f7f966b006f61c6fd30348907495707,2026-08-30T08:58:04+00:00,769.0,99,183,92,13.376,1.8000000000000114,30
fit:11ba0ac28d468bdc19c88c55a8774bab8f7f966b006f61c6fd30348907495707,2026-08-30T08:58:05+00:00,770.0,99,183,92,13.275,2.3999999999999773,30
fit:11ba0ac28d468bdc19c88c55a8774bab8f7f966b006f61c6fd30348907495707,2026-08-30T08:58:06+00:00,771.0,99,183,92,13.302,2.3999999999999773,30
fit:11ba0ac28d468bdc19c88c55a8774bab8f7f966b006f61c6fd30348907495707,2026-08-30T08:58:07+00:00,772.0,99,183,92,13.168,2.3999999999999773,30
fit:11ba0ac28d468bdc19c88c55a8774bab8f7f966b006f61c6fd30348907495707,2026-08-30T08:58:08+00:00,773.0,99,183,92,12.672,1.8000000000000114,30
fit:11ba0ac28d468bdc19c88c55a8774bab8f7f966b006f61c6fd30348907495707,2026-08-30T08:58:09+00:00,774.0,93,182,89,11.942,1.8000000000000114,30
fit:11ba0ac28d468bdc19c88c55a8774bab8f7f966b006f61c6fd30348907495707,2026-08-30T08:58:10+00:00,775.0,0,181,0,11.282,1.8000000000000114,30
fit:11ba0ac28d468bdc19c88c55a8774bab8f7f966b006f61c6fd30348907495707,2026-08-30T08:58:11+00:00,776.0,0,181,75,10.831,1.8000000000000114,30
fit:11ba0ac28d468bdc19c88c55a8774bab8f7f966b006f61c6fd30348907495707,2026-08-30T08:58:12+00:00,777.0,0,181,75,10.464,2.0,30
fit:11ba0ac28d468bdc19c88c55a8774bab8f7f966b006f61c6fd30348907495707,2026-08-30T08:58:13+00:00,778.0,788,180,83,10.748,2.3999999999999773,30
fit:11ba0ac28d468bdc19c88c55a8774bab8f7f966b006f61c6fd30348907495707,2026-08-30T08:58:14+00:00,779.0,758,180,87,10.966,3.1999999999999886,30
fit:11ba0ac28d468bdc19c88c55a8774bab8f7f966b006f61c6fd30348907495707,2026-08-30T08:58:15+00:00,780.0,834,180,91,11.472,3.1999999999999886,30
fit:11ba0ac28d468bdc19c88c55a8774bab8f7f966b006f61c6fd30348907495707,2026-08-30T08:58:16+00:00,781.0,596,179,94,11.939,3.1999999999999886,30
fit:11ba0ac28d468bdc19c88c55a8774bab8f7f966b006f61c6fd30348907495707,2026-08-30T08:58:17+00:00,782.0,553,179,94,12.434,3.1999999999999886,30
fit:11ba0ac28d468bdc19c88c55a8774bab8f7f966b006f61c6fd30348907495707,2026-08-30T08:58:18+00:00,783.0,86,179,37,12.807,3.1999999999999886,30
fit:11ba0ac28d468bdc19c88c55a8774bab8f7f966b006f61c6fd30348907495707,2026-08-30T08:58:19+00:00,784.0,383,179,94,13.212,2.3999999999999773,30
fit:11ba0ac28d468bdc19c88c55a8774bab8f7f966b006f61c6fd30348907495707,2026-08-30T08:58:20+00:00,785.0,325,179,95,13.19,2.3999999999999773,30
fit:11ba0ac28d468bdc19c88c55a8774bab8f7f966b006f61c6fd30348907495707,2026-08-30T08:58:21+00:00,786.0,71,180,94,13.404,2.3999999999999773,30
fit:11ba0ac28d468bdc19c88c55a8774bab8f7f966b006f61c6fd30348907495707,2026-08-30T08:58:22+00:00,787.0,129,180,94,13.506,2.3999999999999773,30
fit:11ba0ac28d468bdc19c88c55a8774bab8f7f966b006f61c6fd30348907495707,2026-08-30T08:58:23+00:00,788.0,276,180,94,13.479,2.3999999999999773,30
fit:11ba0ac28d468bdc19c88c55a8774bab8f7f966b006f61c6fd30348907495707,2026-08-30T08:58:24+00:00,789.0,219,181,94,13.429,1.6000000000000227,30
fit:11ba0ac28d468bdc19c88c55a8774bab8f7f966b006f61c6fd30348907495707,2026-08-30T08:58:25+00:00,790.0,219,181,94,13.385,1.6000000000000227,30
fit:11ba0ac28d468bdc19c88c55a8774bab8f7f966b006f61c6fd30348907495707,2026-08-30T08:58:26+00:00,791.0,84,181,94,13.555,1.6000000000000227,30
fit:11ba0ac28d468bdc19c88c55a8774bab8f7f966b006f61c6fd30348907495707,2026-08-30T08:58:27+00:00,792.0,25,181,74,13.454,1.6000000000000227,30
fit:11ba0ac28d468bdc19c88c55a8774bab8f7f966b006f61c6fd30348907495707,2026-08-30T08:58:28+00:00,793.0,24,182,74,13.34,1.6000000000000227,30
fit:11ba0ac28d468bdc19c88c55a8774bab8f7f966b006f61c6fd30348907495707,2026-08-30T08:58:29+00:00,794.0,17,182,32,13.136,1.6000000000000227,30
fit:11ba0ac28d468bdc19c88c55a8774bab8f7f966b006f61c6fd30348907495707,2026-08-30T08:58:30+00:00,795.0,146,182,32,13.065,1.6000000000000227,30
fit:11ba0ac28d468bdc19c88c55a8774bab8f7f966b006f61c6fd30348907495707,2026-08-30T08:58:31+00:00,796.0,143,183,89,12.934,2.6000000000000227,30
fit:11ba0ac28d468bdc19c88c55a8774bab8f7f966b006f61c6fd30348907495707,2026-08-30T08:58:32+00:00,797.0,144,183,89,12.889,2.6000000000000227,30
fit:11ba0ac28d468bdc19c88c55a8774bab8f7f966b006f61c6fd30348907495707,2026-08-30T08:58:33+00:00,798.0,169,183,89,12.838,2.6000000000000227,30
fit:11ba0ac28d468bdc19c88c55a8774bab8f7f966b006f61c6fd30348907495707,2026-08-30T08:58:34+00:00,799.0,157,183,89,12.861,2.6000000000000227,30
fit:11ba0ac28d468bdc19c88c55a8774bab8f7f966b006f61c6fd30348907495707,2026-08-30T08:58:35+00:00,800.0,80,183,89,12.825,2.6000000000000227,30
fit:11ba0ac28d468bdc19c88c55a8774bab8f7f966b006f61c6fd30348907495707,2026-08-30T08:58:36+00:00,801.0,121,183,89,12.927,2.0,30
fit:11ba0ac28d468bdc19c88c55a8774bab8f7f966b006f61c6fd30348907495707,2026-08-30T08:58:37+00:00,802.0,141,183,89,12.834,2.0,30
fit:11ba0ac28d468bdc19c88c55a8774bab8f7f966b006f61c6fd30348907495707,2026-08-30T08:58:38+00:00,803.0,99,183,89,12.861,2.0,30
fit:11ba0ac28d468bdc19c88c55a8774bab8f7f966b006f61c6fd30348907495707,2026-08-30T08:58:39+00:00,804.0,15,182,88,12.773,2.3999999999999773,30
fit:11ba0ac28d468bdc19c88c55a8774bab8f7f966b006f61c6fd30348907495707,2026-08-30T08:58:40+00:00,805.0,15,182,68,12.709,2.3999999999999773,30
fit:11ba0ac28d468bdc19c88c55a8774bab8f7f966b006f61c6fd30348907495707,2026-08-30T08:58:41+00:00,806.0,15,182,68,12.531,2.3999999999999773,30
fit:11ba0ac28d468bdc19c88c55a8774bab8f7f966b006f61c6fd30348907495707,2026-08-30T08:58:42+00:00,807.0,5,182,68,12.37,2.3999999999999773,30
fit:11ba0ac28d468bdc19c88c55a8774bab8f7f966b006f61c6fd30348907495707,2026-08-30T08:58:43+00:00,808.0,243,181,20,12.219,2.3999999999999773,30
fit:11ba0ac28d468bdc19c88c55a8774bab8f7f966b006f61c6fd30348907495707,2026-08-30T08:58:44+00:00,809.0,171,181,84,12.157,2.3999999999999773,30
fit:11ba0ac28d468bdc19c88c55a8774bab8f7f966b006f61c6fd30348907495707,2026-08-30T08:58:45+00:00,810.0,171,180,84,12.088,2.3999999999999773,30
fit:11ba0ac28d468bdc19c88c55a8774bab8f7f966b006f61c6fd30348907495707,2026-08-30T08:58:46+00:00,811.0,133,179,84,11.993,2.3999999999999773,30
fit:11ba0ac28d468bdc19c88c55a8774bab8f7f966b006f61c6fd30348907495707,2026-08-30T08:58:47+00:00,812.0,189,179,84,12.111,3.1999999999999886,30
fit:11ba0ac28d468bdc19c88c55a8774bab8f7f966b006f61c6fd30348907495707,2026-08-30T08:58:48+00:00,813.0,195,178,84,12.099,3.6000000000000227,30
fit:11ba0ac28d468bdc19c88c55a8774bab8f7f966b006f61c6fd30348907495707,2026-08-30T08:58:49+00:00,814.0,240,177,84,12.061,3.6000000000000227,30
fit:11ba0ac28d468bdc19c88c55a8774bab8f7f966b006f61c6fd30348907495707,2026-08-30T08:58:50+00:00,815.0,231,176,85,12.157,3.6000000000000227,30
fit:11ba0ac28d468bdc19c88c55a8774bab8f7f966b006f61c6fd30348907495707,2026-08-30T08:58:51+00:00,816.0,270,175,85,12.225,2.8000000000000114,30
fit:11ba0ac28d468bdc19c88c55a8774bab8f7f966b006f61c6fd30348907495707,2026-08-30T08:58:52+00:00,817.0,301,173,86,12.291,2.8000000000000114,30
fit:11ba0ac28d468bdc19c88c55a8774bab8f7f966b006f61c6fd30348907495707,2026-08-30T08:58:53+00:00,818.0,117,173,87,12.325,2.8000000000000114,30
fit:11ba0ac28d468bdc19c88c55a8774bab8f7f966b006f61c6fd30348907495707,2026-08-30T08:58:54+00:00,819.0,192,171,87,12.449,2.8000000000000114,30
fit:11ba0ac28d468bdc19c88c55a8774bab8f7f966b006f61c6fd30348907495707,2026-08-30T08:58:55+00:00,820.0,77,171,86,12.478,2.8000000000000114,30
fit:11ba0ac28d468bdc19c88c55a8774bab8f7f966b006f61c6fd30348907495707,2026-08-30T08:58:56+00:00,821.0,77,170,86,12.437,2.8000000000000114,30
fit:11ba0ac28d468bdc19c88c55a8774bab8f7f966b006f61c6fd30348907495707,2026-08-30T08:58:57+00:00,822.0,55,170,86,12.395,2.8000000000000114,30
fit:11ba0ac28d468bdc19c88c55a8774bab8f7f966b006f61c6fd30348907495707,2026-08-30T08:58:58+00:00,823.0,167,169,84,12.352,2.8000000000000114,30
fit:11ba0ac28d468bdc19c88c55a8774bab8f7f966b006f61c6fd30348907495707,2026-08-30T08:58:59+00:00,824.0,239,169,85,12.159,2.8000000000000114,30
fit:11ba0ac28d468bdc19c88c55a8774bab8f7f966b006f61c6fd30348907495707,2026-08-30T08:59:00+00:00,825.0,143,168,87,12.244,2.8000000000000114,30
fit:11ba0ac28d468bdc19c88c55a8774bab8f7f966b006f61c6fd30348907495707,2026-08-30T08:59:01+00:00,826.0,144,168,87,12.361,2.8000000000000114,30
fit:11ba0ac28d468bdc19c88c55a8774bab8f7f966b006f61c6fd30348907495707,2026-08-30T08:59:02+00:00,827.0,84,168,87,12.447,2.8000000000000114,30
fit:11ba0ac28d468bdc19c88c55a8774bab8f7f966b006f61c6fd30348907495707,2026-08-30T08:59:03+00:00,828.0,173,168,86,12.428,2.8000000000000114,30
fit:11ba0ac28d468bdc19c88c55a8774bab8f7f966b006f61c6fd30348907495707,2026-08-30T08:59:04+00:00,829.0,137,168,87,12.445,2.8000000000000114,30
fit:11ba0ac28d468bdc19c88c55a8774bab8f7f966b006f61c6fd30348907495707,2026-08-30T08:59:05+00:00,830.0,86,168,87,12.465,3.8000000000000114,30
fit:11ba0ac28d468bdc19c88c55a8774bab8f7f966b006f61c6fd30348907495707,2026-08-30T08:59:06+00:00,831.0,239,167,86,12.433,3.8000000000000114,30
fit:11ba0ac28d468bdc19c88c55a8774bab8f7f966b006f61c6fd30348907495707,2026-08-30T08:59:07+00:00,832.0,199,167,87,12.513,3.8000000000000114,30
fit:11ba0ac28d468bdc19c88c55a8774bab8f7f966b006f61c6fd30348907495707,2026-08-30T08:59:08+00:00,833.0,238,167,87,12.533,3.8000000000000114,30
fit:11ba0ac28d468bdc19c88c55a8774bab8f7f966b006f61c6fd30348907495707,2026-08-30T08:59:09+00:00,834.0,160,167,88,12.608,3.8000000000000114,30
fit:11ba0ac28d468bdc19c88c55a8774bab8f7f966b006f61c6fd30348907495707,2026-08-30T08:59:10+00:00,835.0,180,167,88,12.676,3.8000000000000114,30
fit:11ba0ac28d468bdc19c88c55a8774bab8f7f966b006f61c6fd30348907495707,2026-08-30T08:59:11+00:00,836.0,180,167,88,12.688,4.399999999999977,30
fit:11ba0ac28d468bdc19c88c55a8774bab8f7f966b006f61c6fd30348907495707,2026-08-30T08:59:12+00:00,837.0,234,166,88,12.707,4.399999999999977,30
fit:11ba0ac28d468bdc19c88c55a8774bab8f7f966b006f61c6fd30348907495707,2026-08-30T08:59:13+00:00,838.0,186,166,89,12.757,4.399999999999977,30
fit:11ba0ac28d468bdc19c88c55a8774bab8f7f966b006f61c6fd30348907495707,2026-08-30T08:59:14+00:00,839.0,166,166,90,12.778,3.8000000000000114,30
fit:11ba0ac28d468bdc19c88c55a8774bab8f7f966b006f61c6fd30348907495707,2026-08-30T08:59:15+00:00,840.0,167,166,90,12.876,3.6000000000000227,30
fit:11ba0ac28d468bdc19c88c55a8774bab8f7f966b006f61c6fd30348907495707,2026-08-30T08:59:16+00:00,841.0,220,166,90,12.949,3.6000000000000227,30
fit:11ba0ac28d468bdc19c88c55a8774bab8f7f966b006f61c6fd30348907495707,2026-08-30T08:59:17+00:00,842.0,186,166,90,12.942,3.6000000000000227,30
fit:11ba0ac28d468bdc19c88c55a8774bab8f7f966b006f61c6fd30348907495707,2026-08-30T08:59:18+00:00,843.0,69,166,91,12.984,4.199999999999989,30
fit:11ba0ac28d468bdc19c88c55a8774bab8f7f966b006f61c6fd30348907495707,2026-08-30T08:59:19+00:00,844.0,69,166,89,12.94,4.199999999999989,30
fit:11ba0ac28d468bdc19c88c55a8774bab8f7f966b006f61c6fd30348907495707,2026-08-30T08:59:20+00:00,845.0,90,166,89,12.782,4.199999999999989,30
fit:11ba0ac28d468bdc19c88c55a8774bab8f7f966b006f61c6fd30348907495707,2026-08-30T08:59:21+00:00,846.0,115,166,88,12.616,3.3999999999999773,30
fit:11ba0ac28d468bdc19c88c55a8774bab8f7f966b006f61c6fd30348907495707,2026-08-30T08:59:22+00:00,847.0,115,165,88,12.666,3.3999999999999773,30
fit:11ba0ac28d468bdc19c88c55a8774bab8f7f966b006f61c6fd30348907495707,2026-08-30T08:59:23+00:00,848.0,200,165,88,12.566,3.3999999999999773,30
fit:11ba0ac28d468bdc19c88c55a8774bab8f7f966b006f61c6fd30348907495707,2026-08-30T08:59:24+00:00,849.0,528,165,88,12.597,3.3999999999999773,30
fit:11ba0ac28d468bdc19c88c55a8774bab8f7f966b006f61c6fd30348907495707,2026-08-30T08:59:25+00:00,850.0,432,166,91,12.848,3.3999999999999773,30
fit:11ba0ac28d468bdc19c88c55a8774bab8f7f966b006f61c6fd30348907495707,2026-08-30T08:59:26+00:00,851.0,392,166,92,12.942,3.3999999999999773,30
fit:11ba0ac28d468bdc19c88c55a8774bab8f7f966b006f61c6fd30348907495707,2026-08-30T08:59:27+00:00,852.0,118,166,92,13.087,3.3999999999999773,30
fit:11ba0ac28d468bdc19c88c55a8774bab8f7f966b006f61c6fd30348907495707,2026-08-30T08:59:28+00:00,853.0,118,166,84,13.228,3.3999999999999773,30
fit:11ba0ac28d468bdc19c88c55a8774bab8f7f966b006f61c6fd30348907495707,2026-08-30T08:59:29+00:00,854.0,118,166,61,13.131,3.3999999999999773,30
fit:11ba0ac28d468bdc19c88c55a8774bab8f7f966b006f61c6fd30348907495707,2026-08-30T08:59:30+00:00,855.0,113,167,61,12.9,3.0,30
fit:11ba0ac28d468bdc19c88c55a8774bab8f7f966b006f61c6fd30348907495707,2026-08-30T08:59:31+00:00,856.0,102,167,59,12.601,3.0,30
fit:11ba0ac28d468bdc19c88c55a8774bab8f7f966b006f61c6fd30348907495707,2026-08-30T08:59:32+00:00,857.0,166,167,56,12.378,3.0,30
fit:11ba0ac28d468bdc19c88c55a8774bab8f7f966b006f61c6fd30348907495707,2026-08-30T08:59:33+00:00,858.0,169,168,84,12.28,3.1999999999999886,30
fit:11ba0ac28d468bdc19c88c55a8774bab8f7f966b006f61c6fd30348907495707,2026-08-30T08:59:34+00:00,859.0,55,168,84,12.132,3.1999999999999886,30
fit:11ba0ac28d468bdc19c88c55a8774bab8f7f966b006f61c6fd30348907495707,2026-08-30T08:59:35+00:00,860.0,157,168,76,12.044,3.1999999999999886,30
fit:11ba0ac28d468bdc19c88c55a8774bab8f7f966b006f61c6fd30348907495707,2026-08-30T08:59:36+00:00,861.0,157,168,78,11.895,3.1999999999999886,30
fit:11ba0ac28d468bdc19c88c55a8774bab8f7f966b006f61c6fd30348907495707,2026-08-30T08:59:37+00:00,862.0,157,167,78,11.802,3.1999999999999886,30
fit:11ba0ac28d468bdc19c88c55a8774bab8f7f966b006f61c6fd30348907495707,2026-08-30T08:59:38+00:00,863.0,157,167,78,11.775,4.0,30
fit:11ba0ac28d468bdc19c88c55a8774bab8f7f966b006f61c6fd30348907495707,2026-08-30T08:59:39+00:00,864.0,157,166,78,11.626,4.399999999999977,30
fit:11ba0ac28d468bdc19c88c55a8774bab8f7f966b006f61c6fd30348907495707,2026-08-30T08:59:40+00:00,865.0,153,165,78,11.52,4.800000000000011,30
fit:11ba0ac28d468bdc19c88c55a8774bab8f7f966b006f61c6fd30348907495707,2026-08-30T08:59:41+00:00,866.0,139,164,76,11.198,4.800000000000011,30
fit:11ba0ac28d468bdc19c88c55a8774bab8f7f966b006f61c6fd30348907495707,2026-08-30T08:59:42+00:00,867.0,125,163,72,10.784,4.800000000000011,30
fit:11ba0ac28d468bdc19c88c55a8774bab8f7f966b006f61c6fd30348907495707,2026-08-30T08:59:43+00:00,868.0,113,163,69,10.235,4.0,30
fit:11ba0ac28d468bdc19c88c55a8774bab8f7f966b006f61c6fd30348907495707,2026-08-30T08:59:44+00:00,869.0,10,162,65,9.382,4.0,30
fit:11ba0ac28d468bdc19c88c55a8774bab8f7f966b006f61c6fd30348907495707,2026-08-30T08:59:45+00:00,870.0,626,162,0,8.498,4.0,30
fit:11ba0ac28d468bdc19c88c55a8774bab8f7f966b006f61c6fd30348907495707,2026-08-30T08:59:46+00:00,871.0,626,161,61,8.193,4.0,30
fit:11ba0ac28d468bdc19c88c55a8774bab8f7f966b006f61c6fd30348907495707,2026-08-30T08:59:47+00:00,872.0,603,160,61,8.693,3.8000000000000114,30
fit:11ba0ac28d468bdc19c88c55a8774bab8f7f966b006f61c6fd30348907495707,2026-08-30T08:59:48+00:00,873.0,710,160,68,9.037,2.8000000000000114,30
fit:11ba0ac28d468bdc19c88c55a8774bab8f7f966b006f61c6fd30348907495707,2026-08-30T08:59:49+00:00,874.0,617,160,72,9.498,2.3999999999999773,30
fit:11ba0ac28d468bdc19c88c55a8774bab8f7f966b006f61c6fd30348907495707,2026-08-30T08:59:50+00:00,875.0,426,160,79,10.401,2.3999999999999773,30
fit:11ba0ac28d468bdc19c88c55a8774bab8f7f966b006f61c6fd30348907495707,2026-08-30T08:59:51+00:00,876.0,497,160,81,10.838,2.3999999999999773,30
fit:11ba0ac28d468bdc19c88c55a8774bab8f7f966b006f61c6fd30348907495707,2026-08-30T08:59:52+00:00,877.0,392,161,82,11.268,2.8000000000000114,30
fit:11ba0ac28d468bdc19c88c55a8774bab8f7f966b006f61c6fd30348907495707,2026-08-30T08:59:53+00:00,878.0,109,161,84,11.731,3.0,30
fit:11ba0ac28d468bdc19c88c55a8774bab8f7f966b006f61c6fd30348907495707,2026-08-30T08:59:54+00:00,879.0,108,163,85,12.006,3.0,30
fit:11ba0ac28d468bdc19c88c55a8774bab8f7f966b006f61c6fd30348907495707,2026-08-30T08:59:55+00:00,880.0,108,163,85,12.143,3.0,30
fit:11ba0ac28d468bdc19c88c55a8774bab8f7f966b006f61c6fd30348907495707,2026-08-30T08:59:56+00:00,881.0,111,163,85,11.94,3.0,30
fit:11ba0ac28d468bdc19c88c55a8774bab8f7f966b006f61c6fd30348907495707,2026-08-30T08:59:57+00:00,882.0,111,164,32,11.52,3.0,30
fit:11ba0ac28d468bdc19c88c55a8774bab8f7f966b006f61c6fd30348907495707,2026-08-30T08:59:58+00:00,883.0,112,165,32,11.593,3.0,30
fit:11ba0ac28d468bdc19c88c55a8774bab8f7f966b006f61c6fd30348907495707,2026-08-30T08:59:59+00:00,884.0,706,166,32,11.339,3.0,30
fit:11ba0ac28d468bdc19c88c55a8774bab8f7f966b006f61c6fd30348907495707,2026-08-30T09:00:00+00:00,885.0,813,166,76,10.996,3.0,30
fit:11ba0ac28d468bdc19c88c55a8774bab8f7f966b006f61c6fd30348907495707,2026-08-30T09:00:01+00:00,886.0,813,166,80,10.929,3.0,30
fit:11ba0ac28d468bdc19c88c55a8774bab8f7f966b006f61c6fd30348907495707,2026-08-30T09:00:02+00:00,887.0,835,167,86,11.462,2.0,30
fit:11ba0ac28d468bdc19c88c55a8774bab8f7f966b006f61c6fd30348907495707,2026-08-30T09:00:03+00:00,888.0,746,167,86,12.002,2.0,30
fit:11ba0ac28d468bdc19c88c55a8774bab8f7f966b006f61c6fd30348907495707,2026-08-30T09:00:04+00:00,889.0,697,168,91,12.454,2.0,30
fit:11ba0ac28d468bdc19c88c55a8774bab8f7f966b006f61c6fd30348907495707,2026-08-30T09:00:05+00:00,890.0,654,169,94,12.974,2.0,30
fit:11ba0ac28d468bdc19c88c55a8774bab8f7f966b006f61c6fd30348907495707,2026-08-30T09:00:06+00:00,891.0,538,170,97,13.393,2.0,30
fit:11ba0ac28d468bdc19c88c55a8774bab8f7f966b006f61c6fd30348907495707,2026-08-30T09:00:07+00:00,892.0,461,171,98,13.739,2.0,30
fit:11ba0ac28d468bdc19c88c55a8774bab8f7f966b006f61c6fd30348907495707,2026-08-30T09:00:08+00:00,893.0,552,172,100,13.866,2.0,30
fit:11ba0ac28d468bdc19c88c55a8774bab8f7f966b006f61c6fd30348907495707,2026-08-30T09:00:09+00:00,894.0,566,173,101,14.122,2.0,30
fit:11ba0ac28d468bdc19c88c55a8774bab8f7f966b006f61c6fd30348907495707,2026-08-30T09:00:10+00:00,895.0,595,174,102,14.39,2.0,30
fit:11ba0ac28d468bdc19c88c55a8774bab8f7f966b006f61c6fd30348907495707,2026-08-30T09:00:11+00:00,896.0,241,175,103,14.419,2.0,30
fit:11ba0ac28d468bdc19c88c55a8774bab8f7f966b006f61c6fd30348907495707,2026-08-30T09:00:12+00:00,897.0,187,176,104,14.762,2.0,30
fit:11ba0ac28d468bdc19c88c55a8774bab8f7f966b006f61c6fd30348907495707,2026-08-30T09:00:13+00:00,898.0,533,177,104,14.839,2.0,30
fit:11ba0ac28d468bdc19c88c55a8774bab8f7f966b006f61c6fd30348907495707,2026-08-30T09:00:14+00:00,899.0,628,178,105,14.872,2.0,30
fit:11ba0ac28d468bdc19c88c55a8774bab8f7f966b006f61c6fd30348907495707,2026-08-30T09:00:15+00:00,900.0,523,179,107,14.927,1.6000000000000227,30
fit:11ba0ac28d468bdc19c88c55a8774bab8f7f966b006f61c6fd30348907495707,2026-08-30T09:00:16+00:00,901.0,581,180,108,15.235,1.6000000000000227,30
fit:11ba0ac28d468bdc19c88c55a8774bab8f7f966b006f61c6fd30348907495707,2026-08-30T09:00:17+00:00,902.0,581,180,109,15.183,1.6000000000000227,30
fit:11ba0ac28d468bdc19c88c55a8774bab8f7f966b006f61c6fd30348907495707,2026-08-30T09:00:18+00:00,903.0,242,181,109,15.396,1.6000000000000227,30
fit:11ba0ac28d468bdc19c88c55a8774bab8f7f966b006f61c6fd30348907495707,2026-08-30T09:00:19+00:00,904.0,289,182,109,15.687,1.6000000000000227,30
fit:11ba0ac28d468bdc19c88c55a8774bab8f7f966b006f61c6fd30348907495707,2026-08-30T09:00:20+00:00,905.0,509,182,100,15.661,1.6000000000000227,30
fit:11ba0ac28d468bdc19c88c55a8774bab8f7f966b006f61c6fd30348907495707,2026-08-30T09:00:21+00:00,906.0,440,182,100,15.687,1.6000000000000227,30
fit:11ba0ac28d468bdc19c88c55a8774bab8f7f966b006f61c6fd30348907495707,2026-08-30T09:00:22+00:00,907.0,424,183,99,15.43,1.6000000000000227,30
fit:11ba0ac28d468bdc19c88c55a8774bab8f7f966b006f61c6fd30348907495707,2026-08-30T09:00:23+00:00,908.0,458,184,100,15.558,1.6000000000000227,30
fit:11ba0ac28d468bdc19c88c55a8774bab8f7f966b006f61c6fd30348907495707,2026-08-30T09:00:24+00:00,909.0,478,184,100,15.579,2.6000000000000227,30
fit:11ba0ac28d468bdc19c88c55a8774bab8f7f966b006f61c6fd30348907495707,2026-08-30T09:00:25+00:00,910.0,382,184,101,15.382,2.6000000000000227,30
fit:11ba0ac28d468bdc19c88c55a8774bab8f7f966b006f61c6fd30348907495707,2026-08-30T09:00:26+00:00,911.0,383,185,102,15.724,2.6000000000000227,30
fit:11ba0ac28d468bdc19c88c55a8774bab8f7f966b006f61c6fd30348907495707,2026-08-30T09:00:27+00:00,912.0,146,186,101,15.738,2.3999999999999773,30
fit:11ba0ac28d468bdc19c88c55a8774bab8f7f966b006f61c6fd30348907495707,2026-08-30T09:00:28+00:00,913.0,146,187,100,15.767,2.3999999999999773,30
fit:11ba0ac28d468bdc19c88c55a8774bab8f7f966b006f61c6fd30348907495707,2026-08-30T09:00:29+00:00,914.0,151,187,100,15.683,2.3999999999999773,30
fit:11ba0ac28d468bdc19c88c55a8774bab8f7f966b006f61c6fd30348907495707,2026-08-30T09:00:30+00:00,915.0,125,187,98,15.589,2.3999999999999773,30
fit:11ba0ac28d468bdc19c88c55a8774bab8f7f966b006f61c6fd30348907495707,2026-08-30T09:00:31+00:00,916.0,22,188,97,15.413,1.8000000000000114,30
fit:11ba0ac28d468bdc19c88c55a8774bab8f7f966b006f61c6fd30348907495707,2026-08-30T09:00:32+00:00,917.0,22,189,80,15.316,1.8000000000000114,30
fit:11ba0ac28d468bdc19c88c55a8774bab8f7f966b006f61c6fd30348907495707,2026-08-30T09:00:33+00:00,918.0,22,189,58,15.049,1.8000000000000114,30
fit:11ba0ac28d468bdc19c88c55a8774bab8f7f966b006f61c6fd30348907495707,2026-08-30T09:00:34+00:00,919.0,77,189,58,14.798,2.8000000000000114,30
fit:11ba0ac28d468bdc19c88c55a8774bab8f7f966b006f61c6fd30348907495707,2026-08-30T09:00:35+00:00,920.0,45,189,79,14.526,3.3999999999999773,30
fit:11ba0ac28d468bdc19c88c55a8774bab8f7f966b006f61c6fd30348907495707,2026-08-30T09:00:36+00:00,921.0,46,189,89,14.36,3.8000000000000114,30
fit:11ba0ac28d468bdc19c88c55a8774bab8f7f966b006f61c6fd30348907495707,2026-08-30T09:00:37+00:00,922.0,46,189,89,14.171,3.8000000000000114,30
fit:11ba0ac28d468bdc19c88c55a8774bab8f7f966b006f61c6fd30348907495707,2026-08-30T09:00:38+00:00,923.0,46,189,89,13.958,3.8000000000000114,30
fit:11ba0ac28d468bdc19c88c55a8774bab8f7f966b006f61c6fd30348907495707,2026-08-30T09:00:39+00:00,924.0,0,189,89,13.804,2.8000000000000114,30
fit:11ba0ac28d468bdc19c88c55a8774bab8f7f966b006f61c6fd30348907495707,2026-08-30T09:00:40+00:00,925.0,0,189,0,13.668,1.8000000000000114,30
fit:11ba0ac28d468bdc19c88c55a8774bab8f7f966b006f61c6fd30348907495707,2026-08-30T09:00:41+00:00,926.0,0,189,0,13.264,1.8000000000000114,30
fit:11ba0ac28d468bdc19c88c55a8774bab8f7f966b006f61c6fd30348907495707,2026-08-30T09:00:42+00:00,927.0,0,189,0,12.762,1.8000000000000114,30
fit:11ba0ac28d468bdc19c88c55a8774bab8f7f966b006f61c6fd30348907495707,2026-08-30T09:00:43+00:00,928.0,0,189,0,10.789,2.8000000000000114,30
fit:11ba0ac28d468bdc19c88c55a8774bab8f7f966b006f61c6fd30348907495707,2026-08-30T09:00:44+00:00,929.0,340,188,0,9.219,3.8000000000000114,30
fit:11ba0ac28d468bdc19c88c55a8774bab8f7f966b006f61c6fd30348907495707,2026-08-30T09:00:45+00:00,930.0,0,188,50,8.417,3.8000000000000114,30
fit:11ba0ac28d468bdc19c88c55a8774bab8f7f966b006f61c6fd30348907495707,2026-08-30T09:00:46+00:00,931.0,796,187,59,8.076,3.8000000000000114,30
fit:11ba0ac28d468bdc19c88c55a8774bab8f7f966b006f61c6fd30348907495707,2026-08-30T09:00:47+00:00,932.0,839,187,65,8.309,2.8000000000000114,30
fit:11ba0ac28d468bdc19c88c55a8774bab8f7f966b006f61c6fd30348907495707,2026-08-30T09:00:48+00:00,933.0,839,186,73,8.948,1.8000000000000114,30
fit:11ba0ac28d468bdc19c88c55a8774bab8f7f966b006f61c6fd30348907495707,2026-08-30T09:00:49+00:00,934.0,881,186,73,9.856,1.8000000000000114,30
fit:11ba0ac28d468bdc19c88c55a8774bab8f7f966b006f61c6fd30348907495707,2026-08-30T09:00:50+00:00,935.0,625,186,77,10.428,1.8000000000000114,30
fit:11ba0ac28d468bdc19c88c55a8774bab8f7f966b006f61c6fd30348907495707,2026-08-30T09:00:51+00:00,936.0,414,185,85,11.194,2.8000000000000114,30
fit:11ba0ac28d468bdc19c88c55a8774bab8f7f966b006f61c6fd30348907495707,2026-08-30T09:00:52+00:00,937.0,376,186,86,11.852,2.8000000000000114,30
fit:11ba0ac28d468bdc19c88c55a8774bab8f7f966b006f61c6fd30348907495707,2026-08-30T09:00:53+00:00,938.0,377,186,81,12.538,2.8000000000000114,30
fit:11ba0ac28d468bdc19c88c55a8774bab8f7f966b006f61c6fd30348907495707,2026-08-30T09:00:54+00:00,939.0,316,186,81,12.603,1.8000000000000114,30
fit:11ba0ac28d468bdc19c88c55a8774bab8f7f966b006f61c6fd30348907495707,2026-08-30T09:00:55+00:00,940.0,315,187,89,12.698,0.8000000000000114,30
fit:11ba0ac28d468bdc19c88c55a8774bab8f7f966b006f61c6fd30348907495707,2026-08-30T09:00:56+00:00,941.0,83,187,89,12.731,0.6000000000000227,30
fit:11ba0ac28d468bdc19c88c55a8774bab8f7f966b006f61c6fd30348907495707,2026-08-30T09:00:57+00:00,942.0,184,187,87,12.749,0.6000000000000227,30
fit:11ba0ac28d468bdc19c88c55a8774bab8f7f966b006f61c6fd30348907495707,2026-08-30T09:00:58+00:00,943.0,184,188,81,12.679,0.6000000000000227,30
fit:11ba0ac28d468bdc19c88c55a8774bab8f7f966b006f61c6fd30348907495707,2026-08-30T09:00:59+00:00,944.0,245,188,81,12.645,1.1999999999999886,30
fit:11ba0ac28d468bdc19c88c55a8774bab8f7f966b006f61c6fd30348907495707,2026-08-30T09:01:00+00:00,945.0,145,188,82,12.663,2.1999999999999886,30
fit:11ba0ac28d468bdc19c88c55a8774bab8f7f966b006f61c6fd30348907495707,2026-08-30T09:01:01+00:00,946.0,124,189,82,12.68,2.3999999999999773,30
fit:11ba0ac28d468bdc19c88c55a8774bab8f7f966b006f61c6fd30348907495707,2026-08-30T09:01:02+00:00,947.0,124,189,81,12.715,2.3999999999999773,30
fit:11ba0ac28d468bdc19c88c55a8774bab8f7f966b006f61c6fd30348907495707,2026-08-30T09:01:03+00:00,948.0,230,189,81,12.708,2.3999999999999773,30
fit:11ba0ac28d468bdc19c88c55a8774bab8f7f966b006f61c6fd30348907495707,2026-08-30T09:01:04+00:00,949.0,333,189,81,12.714,1.6000000000000227,30
fit:11ba0ac28d468bdc19c88c55a8774bab8f7f966b006f61c6fd30348907495707,2026-08-30T09:01:05+00:00,950.0,294,189,82,12.688,1.6000000000000227,30
fit:11ba0ac28d468bdc19c88c55a8774bab8f7f966b006f61c6fd30348907495707,2026-08-30T09:01:06+00:00,951.0,111,189,83,12.746,1.6000000000000227,30
fit:11ba0ac28d468bdc19c88c55a8774bab8f7f966b006f61c6fd30348907495707,2026-08-30T09:01:07+00:00,952.0,48,189,83,12.745,1.6000000000000227,30
fit:11ba0ac28d468bdc19c88c55a8774bab8f7f966b006f61c6fd30348907495707,2026-08-30T09:01:08+00:00,953.0,17,189,82,12.779,1.6000000000000227,30
fit:11ba0ac28d468bdc19c88c55a8774bab8f7f966b006f61c6fd30348907495707,2026-08-30T09:01:09+00:00,954.0,17,188,75,12.787,1.6000000000000227,30
fit:11ba0ac28d468bdc19c88c55a8774bab8f7f966b006f61c6fd30348907495707,2026-08-30T09:01:10+00:00,955.0,17,188,73,12.728,2.6000000000000227,30
fit:11ba0ac28d468bdc19c88c55a8774bab8f7f966b006f61c6fd30348907495707,2026-08-30T09:01:11+00:00,956.0,214,184,73,12.585,3.6000000000000227,30
fit:11ba0ac28d468bdc19c88c55a8774bab8f7f966b006f61c6fd30348907495707,2026-08-30T09:01:12+00:00,957.0,396,184,79,12.395,3.6000000000000227,30
fit:11ba0ac28d468bdc19c88c55a8774bab8f7f966b006f61c6fd30348907495707,2026-08-30T09:01:13+00:00,958.0,357,186,80,12.357,3.6000000000000227,30
fit:11ba0ac28d468bdc19c88c55a8774bab8f7f966b006f61c6fd30348907495707,2026-08-30T09:01:14+00:00,959.0,372,186,81,12.403,2.6000000000000227,30
fit:11ba0ac28d468bdc19c88c55a8774bab8f7f966b006f61c6fd30348907495707,2026-08-30T09:01:15+00:00,960.0,438,184,82,12.575,2.6000000000000227,30
fit:11ba0ac28d468bdc19c88c55a8774bab8f7f966b006f61c6fd30348907495707,2026-08-30T09:01:16+00:00,961.0,432,186,83,12.656,2.6000000000000227,30
fit:11ba0ac28d468bdc19c88c55a8774bab8f7f966b006f61c6fd30348907495707,2026-08-30T09:01:17+00:00,962.0,513,187,84,12.834,2.6000000000000227,30
fit:11ba0ac28d468bdc19c88c55a8774bab8f7f966b006f61c6fd30348907495707,2026-08-30T09:01:18+00:00,963.0,290,189,85,12.908,1.6000000000000227,30
fit:11ba0ac28d468bdc19c88c55a8774bab8f7f966b006f61c6fd30348907495707,2026-08-30T09:01:19+00:00,964.0,346,186,86,12.96,0.6000000000000227,30
fit:11ba0ac28d468bdc19c88c55a8774bab8f7f966b006f61c6fd30348907495707,2026-08-30T09:01:20+00:00,965.0,108,187,87,13.506,0.6000000000000227,30
fit:11ba0ac28d468bdc19c88c55a8774bab8f7f966b006f61c6fd30348907495707,2026-08-30T09:01:21+00:00,966.0,42,187,87,13.613,0.6000000000000227,30
fit:11ba0ac28d468bdc19c88c55a8774bab8f7f966b006f61c6fd30348907495707,2026-08-30T09:01:22+00:00,967.0,42,188,86,13.55,0.6000000000000227,30
fit:11ba0ac28d468bdc19c88c55a8774bab8f7f966b006f61c6fd30348907495707,2026-08-30T09:01:23+00:00,968.0,42,188,86,13.471,1.3999999999999773,30
fit:11ba0ac28d468bdc19c88c55a8774bab8f7f966b006f61c6fd30348907495707,2026-08-30T09:01:24+00:00,969.0,42,187,77,13.326,1.3999999999999773,30
fit:11ba0ac28d468bdc19c88c55a8774bab8f7f966b006f61c6fd30348907495707,2026-08-30T09:01:25+00:00,970.0,42,187,77,13.084,1.3999999999999773,30
fit:11ba0ac28d468bdc19c88c55a8774bab8f7f966b006f61c6fd30348907495707,2026-08-30T09:01:26+00:00,971.0,42,188,77,12.821,1.3999999999999773,30
fit:11ba0ac28d468bdc19c88c55a8774bab8f7f966b006f61c6fd30348907495707,2026-08-30T09:01:27+00:00,972.0,0,187,77,12.623,2.3999999999999773,30
fit:11ba0ac28d468bdc19c88c55a8774bab8f7f966b006f61c6fd30348907495707,2026-08-30T09:01:28+00:00,973.0,0,186,0,12.22,2.3999999999999773,30
fit:11ba0ac28d468bdc19c88c55a8774bab8f7f966b006f61c6fd30348907495707,2026-08-30T09:01:29+00:00,974.0,0,186,0,11.042,2.3999999999999773,30
fit:11ba0ac28d468bdc19c88c55a8774bab8f7f966b006f61c6fd30348907495707,2026-08-30T09:01:30+00:00,975.0,0,186,0,10.12,2.3999999999999773,30
fit:11ba0ac28d468bdc19c88c55a8774bab8f7f966b006f61c6fd30348907495707,2026-08-30T09:01:31+00:00,976.0,0,185,0,9.154,2.3999999999999773,30
fit:11ba0ac28d468bdc19c88c55a8774bab8f7f966b006f61c6fd30348907495707,2026-08-30T09:01:32+00:00,977.0,57,184,0,8.618,3.0,30
fit:11ba0ac28d468bdc19c88c55a8774bab8f7f966b006f61c6fd30348907495707,2026-08-30T09:01:33+00:00,978.0,612,183,0,8.356,4.0,30
fit:11ba0ac28d468bdc19c88c55a8774bab8f7f966b006f61c6fd30348907495707,2026-08-30T09:01:34+00:00,979.0,707,182,56,8.497,4.0,30
fit:11ba0ac28d468bdc19c88c55a8774bab8f7f966b006f61c6fd30348907495707,2026-08-30T09:01:35+00:00,980.0,770,182,60,8.843,4.0,30
fit:11ba0ac28d468bdc19c88c55a8774bab8f7f966b006f61c6fd30348907495707,2026-08-30T09:01:36+00:00,981.0,891,182,65,9.404,3.0,30
fit:11ba0ac28d468bdc19c88c55a8774bab8f7f966b006f61c6fd30348907495707,2026-08-30T09:01:37+00:00,982.0,705,179,69,9.93,2.1999999999999886,30
fit:11ba0ac28d468bdc19c88c55a8774bab8f7f966b006f61c6fd30348907495707,2026-08-30T09:01:38+00:00,983.0,649,179,76,10.552,2.1999999999999886,30
fit:11ba0ac28d468bdc19c88c55a8774bab8f7f966b006f61c6fd30348907495707,2026-08-30T09:01:39+00:00,984.0,725,179,78,11.45,2.1999999999999886,30
fit:11ba0ac28d468bdc19c88c55a8774bab8f7f966b006f61c6fd30348907495707,2026-08-30T09:01:40+00:00,985.0,618,182,80,11.862,2.1999999999999886,30
fit:11ba0ac28d468bdc19c88c55a8774bab8f7f966b006f61c6fd30348907495707,2026-08-30T09:01:41+00:00,986.0,537,180,83,12.005,2.1999999999999886,30
fit:11ba0ac28d468bdc19c88c55a8774bab8f7f966b006f61c6fd30348907495707,2026-08-30T09:01:42+00:00,987.0,525,183,83,12.491,2.1999999999999886,30
fit:11ba0ac28d468bdc19c88c55a8774bab8f7f966b006f61c6fd30348907495707,2026-08-30T09:01:43+00:00,988.0,198,183,85,12.934,2.1999999999999886,30
fit:11ba0ac28d468bdc19c88c55a8774bab8f7f966b006f61c6fd30348907495707,2026-08-30T09:01:44+00:00,989.0,232,183,59,13.283,2.1999999999999886,30
fit:11ba0ac28d468bdc19c88c55a8774bab8f7f966b006f61c6fd30348907495707,2026-08-30T09:01:45+00:00,990.0,232,184,85,13.238,3.1999999999999886,30
fit:11ba0ac28d468bdc19c88c55a8774bab8f7f966b006f61c6fd30348907495707,2026-08-30T09:01:46+00:00,991.0,233,185,85,13.16,3.1999999999999886,30
fit:11ba0ac28d468bdc19c88c55a8774bab8f7f966b006f61c6fd30348907495707,2026-08-30T09:01:47+00:00,992.0,370,185,85,12.9,3.1999999999999886,30
fit:11ba0ac28d468bdc19c88c55a8774bab8f7f966b006f61c6fd30348907495707,2026-08-30T09:01:48+00:00,993.0,345,186,83,12.783,2.1999999999999886,30
fit:11ba0ac28d468bdc19c88c55a8774bab8f7f966b006f61c6fd30348907495707,2026-08-30T09:01:49+00:00,994.0,269,186,84,12.844,1.8000000000000114,30
fit:11ba0ac28d468bdc19c88c55a8774bab8f7f966b006f61c6fd30348907495707,2026-08-30T09:01:50+00:00,995.0,114,186,84,13.075,1.8000000000000114,30
fit:11ba0ac28d468bdc19c88c55a8774bab8f7f966b006f61c6fd30348907495707,2026-08-30T09:01:51+00:00,996.0,163,187,83,12.928,1.8000000000000114,30
fit:11ba0ac28d468bdc19c88c55a8774bab8f7f966b006f61c6fd30348907495707,2026-08-30T09:01:52+00:00,997.0,312,187,82,12.805,1.8000000000000114,30
fit:11ba0ac28d468bdc19c88c55a8774bab8f7f966b006f61c6fd30348907495707,2026-08-30T09:01:53+00:00,998.0,312,187,82,12.625,1.8000000000000114,30
fit:11ba0ac28d468bdc19c88c55a8774bab8f7f966b006f61c6fd30348907495707,2026-08-30T09:01:54+00:00,999.0,251,188,82,12.567,1.0,30
fit:11ba0ac28d468bdc19c88c55a8774bab8f7f966b006f61c6fd30348907495707,2026-08-30T09:01:55+00:00,1000.0,285,188,81,12.619,0.39999999999997726,30
fit:11ba0ac28d468bdc19c88c55a8774bab8f7f966b006f61c6fd30348907495707,2026-08-30T09:01:56+00:00,1001.0,273,188,81,12.546,0.39999999999997726,30
fit:11ba0ac28d468bdc19c88c55a8774bab8f7f966b006f61c6fd30348907495707,2026-08-30T09:01:57+00:00,1002.0,273,188,81,12.555,0.39999999999997726,30
fit:11ba0ac28d468bdc19c88c55a8774bab8f7f966b006f61c6fd30348907495707,2026-08-30T09:01:58+00:00,1003.0,282,188,81,12.572,1.1999999999999886,30
fit:11ba0ac28d468bdc19c88c55a8774bab8f7f966b006f61c6fd30348907495707,2026-08-30T09:01:59+00:00,1004.0,146,186,81,12.576,1.3999999999999773,30
fit:11ba0ac28d468bdc19c88c55a8774bab8f7f966b006f61c6fd30348907495707,2026-08-30T09:02:00+00:00,1005.0,326,186,82,12.717,1.3999999999999773,30
fit:11ba0ac28d468bdc19c88c55a8774bab8f7f966b006f61c6fd30348907495707,2026-08-30T09:02:01+00:00,1006.0,301,186,82,12.646,1.3999999999999773,30
fit:11ba0ac28d468bdc19c88c55a8774bab8f7f966b006f61c6fd30348907495707,2026-08-30T09:02:02+00:00,1007.0,302,186,83,12.728,1.3999999999999773,30
fit:11ba0ac28d468bdc19c88c55a8774bab8f7f966b006f61c6fd30348907495707,2026-08-30T09:02:03+00:00,1008.0,170,187,83,12.83,1.3999999999999773,30
fit:11ba0ac28d468bdc19c88c55a8774bab8f7f966b006f61c6fd30348907495707,2026-08-30T09:02:04+00:00,1009.0,210,189,83,12.891,1.3999999999999773,30
fit:11ba0ac28d468bdc19c88c55a8774bab8f7f966b006f61c6fd30348907495707,2026-08-30T09:02:05+00:00,1010.0,38,189,83,12.913,1.3999999999999773,30
fit:11ba0ac28d468bdc19c88c55a8774bab8f7f966b006f61c6fd30348907495707,2026-08-30T09:02:06+00:00,1011.0,45,189,31,12.771,2.1999999999999886,30
fit:11ba0ac28d468bdc19c88c55a8774bab8f7f966b006f61c6fd30348907495707,2026-08-30T09:02:07+00:00,1012.0,46,189,75,12.666,3.0,30
fit:11ba0ac28d468bdc19c88c55a8774bab8f7f966b006f61c6fd30348907495707,2026-08-30T09:02:08+00:00,1013.0,439,189,75,12.52,3.1999999999999886,30
fit:11ba0ac28d468bdc19c88c55a8774bab8f7f966b006f61c6fd30348907495707,2026-08-30T09:02:09+00:00,1014.0,258,188,80,12.581,3.1999999999999886,30
fit:11ba0ac28d468bdc19c88c55a8774bab8f7f966b006f61c6fd30348907495707,2026-08-30T09:02:10+00:00,1015.0,258,188,81,12.664,3.1999999999999886,30
fit:11ba0ac28d468bdc19c88c55a8774bab8f7f966b006f61c6fd30348907495707,2026-08-30T09:02:11+00:00,1016.0,258,188,81,12.556,2.3999999999999773,30
fit:11ba0ac28d468bdc19c88c55a8774bab8f7f966b006f61c6fd30348907495707,2026-08-30T09:02:12+00:00,1017.0,14,187,81,12.489,2.3999999999999773,30
fit:11ba0ac28d468bdc19c88c55a8774bab8f7f966b006f61c6fd30348907495707,2026-08-30T09:02:13+00:00,1018.0,14,187,0,12.431,2.3999999999999773,30
fit:11ba0ac28d468bdc19c88c55a8774bab8f7f966b006f61c6fd30348907495707,2026-08-30T09:02:14+00:00,1019.0,140,187,0,12.291,2.3999999999999773,30
fit:11ba0ac28d468bdc19c88c55a8774bab8f7f966b006f61c6fd30348907495707,2026-08-30T09:02:15+00:00,1020.0,140,187,79,12.16,2.3999999999999773,30
fit:11ba0ac28d468bdc19c88c55a8774bab8f7f966b006f61c6fd30348907495707,2026-08-30T09:02:16+00:00,1021.0,140,187,79,12.169,2.3999999999999773,30
fit:11ba0ac28d468bdc19c88c55a8774bab8f7f966b006f61c6fd30348907495707,2026-08-30T09:02:17+00:00,1022.0,0,187,79,12.059,3.1999999999999886,30
fit:11ba0ac28d468bdc19c88c55a8774bab8f7f966b006f61c6fd30348907495707,2026-08-30T09:02:18+00:00,1023.0,0,187,0,11.989,3.3999999999999773,30
fit:11ba0ac28d468bdc19c88c55a8774bab8f7f966b006f61c6fd30348907495707,2026-08-30T09:02:19+00:00,1024.0,0,186,0,11.872,3.3999999999999773,30
fit:11ba0ac28d468bdc19c88c55a8774bab8f7f966b006f61c6fd30348907495707,2026-08-30T09:02:20+00:00,1025.0,0,184,0,11.708,3.3999999999999773,30
fit:11ba0ac28d468bdc19c88c55a8774bab8f7f966b006f61c6fd30348907495707,2026-08-30T09:02:21+00:00,1026.0,179,184,0,11.575,3.3999999999999773,30
fit:11ba0ac28d468bdc19c88c55a8774bab8f7f966b006f61c6fd30348907495707,2026-08-30T09:02:22+00:00,1027.0,347,182,72,11.447,3.3999999999999773,30
fit:11ba0ac28d468bdc19c88c55a8774bab8f7f966b006f61c6fd30348907495707,2026-08-30T09:02:23+00:00,1028.0,347,181,72,11.351,3.3999999999999773,30
fit:11ba0ac28d468bdc19c88c55a8774bab8f7f966b006f61c6fd30348907495707,2026-08-30T09:02:24+00:00,1029.0,347,181,72,11.256,3.3999999999999773,30
fit:11ba0ac28d468bdc19c88c55a8774bab8f7f966b006f61c6fd30348907495707,2026-08-30T09:02:25+00:00,1030.0,347,180,72,10.925,3.3999999999999773,30
fit:11ba0ac28d468bdc19c88c55a8774bab8f7f966b006f61c6fd30348907495707,2026-08-30T09:02:26+00:00,1031.0,48,180,0,10.747,3.8000000000000114,30
fit:11ba0ac28d468bdc19c88c55a8774bab8f7f966b006f61c6fd30348907495707,2026-08-30T09:02:27+00:00,1032.0,48,180,66,10.577,4.800000000000011,30
fit:11ba0ac28d468bdc19c88c55a8774bab8f7f966b006f61c6fd30348907495707,2026-08-30T09:02:28+00:00,1033.0,404,180,66,10.578,4.800000000000011,30
fit:11ba0ac28d468bdc19c88c55a8774bab8f7f966b006f61c6fd30348907495707,2026-08-30T09:02:29+00:00,1034.0,315,178,70,10.659,4.800000000000011,30
fit:11ba0ac28d468bdc19c88c55a8774bab8f7f966b006f61c6fd30348907495707,2026-08-30T09:02:30+00:00,1035.0,35,177,70,10.695,4.800000000000011,30
fit:11ba0ac28d468bdc19c88c55a8774bab8f7f966b006f61c6fd30348907495707,2026-08-30T09:02:31+00:00,1036.0,124,177,50,10.818,4.199999999999989,30
fit:11ba0ac28d468bdc19c88c55a8774bab8f7f966b006f61c6fd30348907495707,2026-08-30T09:02:32+00:00,1037.0,275,176,70,10.918,3.8000000000000114,30
fit:11ba0ac28d468bdc19c88c55a8774bab8f7f966b006f61c6fd30348907495707,2026-08-30T09:02:33+00:00,1038.0,292,175,70,10.904,3.8000000000000114,30
fit:11ba0ac28d468bdc19c88c55a8774bab8f7f966b006f61c6fd30348907495707,2026-08-30T09:02:34+00:00,1039.0,229,174,52,11.031,3.8000000000000114,30
fit:11ba0ac28d468bdc19c88c55a8774bab8f7f966b006f61c6fd30348907495707,2026-08-30T09:02:35+00:00,1040.0,536,173,52,11.0,4.399999999999977,30
fit:11ba0ac28d468bdc19c88c55a8774bab8f7f966b006f61c6fd30348907495707,2026-08-30T09:02:36+00:00,1041.0,537,172,75,11.176,4.399999999999977,30
fit:11ba0ac28d468bdc19c88c55a8774bab8f7f966b006f61c6fd30348907495707,2026-08-30T09:02:37+00:00,1042.0,11,171,75,11.566,4.399999999999977,30
fit:11ba0ac28d468bdc19c88c55a8774bab8f7f966b006f61c6fd30348907495707,2026-08-30T09:02:38+00:00,1043.0,11,171,28,11.634,3.3999999999999773,30
fit:11ba0ac28d468bdc19c88c55a8774bab8f7f966b006f61c6fd30348907495707,2026-08-30T09:02:39+00:00,1044.0,12,171,28,11.12,3.3999999999999773,30
fit:11ba0ac28d468bdc19c88c55a8774bab8f7f966b006f61c6fd30348907495707,2026-08-30T09:02:40+00:00,1045.0,16,171,28,10.654,3.3999999999999773,30
fit:11ba0ac28d468bdc19c88c55a8774bab8f7f966b006f61c6fd30348907495707,2026-08-30T09:02:41+00:00,1046.0,16,171,27,9.973,3.3999999999999773,30
fit:11ba0ac28d468bdc19c88c55a8774bab8f7f966b006f61c6fd30348907495707,2026-08-30T09:02:42+00:00,1047.0,40,171,27,9.21,4.399999999999977,30
fit:11ba0ac28d468bdc19c88c55a8774bab8f7f966b006f61c6fd30348907495707,2026-08-30T09:02:43+00:00,1048.0,40,172,28,8.749,5.399999999999977,30
fit:11ba0ac28d468bdc19c88c55a8774bab8f7f966b006f61c6fd30348907495707,2026-08-30T09:02:44+00:00,1049.0,286,172,28,8.337,6.399999999999977,30
fit:11ba0ac28d468bdc19c88c55a8774bab8f7f966b006f61c6fd30348907495707,2026-08-30T09:02:45+00:00,1050.0,706,172,36,8.169,6.399999999999977,30
fit:11ba0ac28d468bdc19c88c55a8774bab8f7f966b006f61c6fd30348907495707,2026-08-30T09:02:46+00:00,1051.0,753,172,65,8.448,6.399999999999977,30
fit:11ba0ac28d468bdc19c88c55a8774bab8f7f966b006f61c6fd30348907495707,2026-08-30T09:02:47+00:00,1052.0,754,172,68,8.76,6.399999999999977,30
fit:11ba0ac28d468bdc19c88c55a8774bab8f7f966b006f61c6fd30348907495707,2026-08-30T09:02:48+00:00,1053.0,796,172,76,9.51,6.399999999999977,30
fit:11ba0ac28d468bdc19c88c55a8774bab8f7f966b006f61c6fd30348907495707,2026-08-30T09:02:49+00:00,1054.0,695,172,78,10.051,6.399999999999977,30
fit:11ba0ac28d468bdc19c88c55a8774bab8f7f966b006f61c6fd30348907495707,2026-08-30T09:02:50+00:00,1055.0,674,170,79,10.655,6.399999999999977,30
fit:11ba0ac28d468bdc19c88c55a8774bab8f7f966b006f61c6fd30348907495707,2026-08-30T09:02:51+00:00,1056.0,674,170,79,10.77,6.399999999999977,30
fit:11ba0ac28d468bdc19c88c55a8774bab8f7f966b006f61c6fd30348907495707,2026-08-30T09:02:52+00:00,1057.0,898,170,81,11.045,6.399999999999977,30
fit:11ba0ac28d468bdc19c88c55a8774bab8f7f966b006f61c6fd30348907495707,2026-08-30T09:02:53+00:00,1058.0,795,169,83,11.36,6.399999999999977,30
fit:11ba0ac28d468bdc19c88c55a8774bab8f7f966b006f61c6fd30348907495707,2026-08-30T09:02:54+00:00,1059.0,843,170,84,11.564,6.399999999999977,30
fit:11ba0ac28d468bdc19c88c55a8774bab8f7f966b006f61c6fd30348907495707,2026-08-30T09:02:55+00:00,1060.0,810,176,85,11.698,6.399999999999977,30
fit:11ba0ac28d468bdc19c88c55a8774bab8f7f966b006f61c6fd30348907495707,2026-08-30T09:02:56+00:00,1061.0,698,176,86,12.033,6.399999999999977,30
fit:11ba0ac28d468bdc19c88c55a8774bab8f7f966b006f61c6fd30348907495707,2026-08-30T09:02:57+00:00,1062.0,666,178,86,12.388,6.399999999999977,30
fit:11ba0ac28d468bdc19c88c55a8774bab8f7f966b006f61c6fd30348907495707,2026-08-30T09:02:58+00:00,1063.0,666,181,87,12.488,7.399999999999977,30
fit:11ba0ac28d468bdc19c88c55a8774bab8f7f966b006f61c6fd30348907495707,2026-08-30T09:02:59+00:00,1064.0,529,181,50,12.707,8.399999999999977,30
fit:11ba0ac28d468bdc19c88c55a8774bab8f7f966b006f61c6fd30348907495707,2026-08-30T09:03:00+00:00,1065.0,448,182,85,12.308,9.399999999999977,30
fit:11ba0ac28d468bdc19c88c55a8774bab8f7f966b006f61c6fd30348907495707,2026-08-30T09:03:01+00:00,1066.0,371,184,86,12.28,10.399999999999977,30
fit:11ba0ac28d468bdc19c88c55a8774bab8f7f966b006f61c6fd30348907495707,2026-08-30T09:03:02+00:00,1067.0,192,186,87,12.353,10.399999999999977,30
fit:11ba0ac28d468bdc19c88c55a8774bab8f7f966b006f61c6fd30348907495707,2026-08-30T09:03:03+00:00,1068.0,193,186,87,12.495,10.399999999999977,30
fit:11ba0ac28d468bdc19c88c55a8774bab8f7f966b006f61c6fd30348907495707,2026-08-30T09:03:04+00:00,1069.0,193,186,87,12.561,10.399999999999977,30
fit:11ba0ac28d468bdc19c88c55a8774bab8f7f966b006f61c6fd30348907495707,2026-08-30T09:03:05+00:00,1070.0,20,188,87,12.486,10.399999999999977,30
fit:11ba0ac28d468bdc19c88c55a8774bab8f7f966b006f61c6fd30348907495707,2026-08-30T09:03:06+00:00,1071.0,322,188,0,12.398,10.399999999999977,30
fit:11ba0ac28d468bdc19c88c55a8774bab8f7f966b006f61c6fd30348907495707,2026-08-30T09:03:07+00:00,1072.0,322,188,88,12.106,10.399999999999977,30
fit:11ba0ac28d468bdc19c88c55a8774bab8f7f966b006f61c6fd30348907495707,2026-08-30T09:03:08+00:00,1073.0,124,188,88,12.46,9.399999999999977,30
fit:11ba0ac28d468bdc19c88c55a8774bab8f7f966b006f61c6fd30348907495707,2026-08-30T09:03:09+00:00,1074.0,92,189,88,12.673,9.199999999999989,30
fit:11ba0ac28d468bdc19c88c55a8774bab8f7f966b006f61c6fd30348907495707,2026-08-30T09:03:10+00:00,1075.0,92,187,85,13.107,8.199999999999989,30
fit:11ba0ac28d468bdc19c88c55a8774bab8f7f966b006f61c6fd30348907495707,2026-08-30T09:03:11+00:00,1076.0,92,189,85,13.195,7.199999999999989,30
fit:11ba0ac28d468bdc19c88c55a8774bab8f7f966b006f61c6fd30348907495707,2026-08-30T09:03:12+00:00,1077.0,54,187,87,13.353,7.199999999999989,30
fit:11ba0ac28d468bdc19c88c55a8774bab8f7f966b006f61c6fd30348907495707,2026-08-30T09:03:13+00:00,1078.0,54,187,87,13.741,7.199999999999989,30
fit:11ba0ac28d468bdc19c88c55a8774bab8f7f966b006f61c6fd30348907495707,2026-08-30T09:03:14+00:00,1079.0,54,189,87,13.708,7.199999999999989,30
fit:11ba0ac28d468bdc19c88c55a8774bab8f7f966b006f61c6fd30348907495707,2026-08-30T09:03:15+00:00,1080.0,54,189,87,13.766,6.199999999999989,30
fit:11ba0ac28d468bdc19c88c55a8774bab8f7f966b006f61c6fd30348907495707,2026-08-30T09:03:16+00:00,1081.0,0,189,87,13.795,5.199999999999989,30
fit:11ba0ac28d468bdc19c88c55a8774bab8f7f966b006f61c6fd30348907495707,2026-08-30T09:03:17+00:00,1082.0,0,187,0,14.07,4.199999999999989,30
fit:11ba0ac28d468bdc19c88c55a8774bab8f7f966b006f61c6fd30348907495707,2026-08-30T09:03:18+00:00,1083.0,0,187,0,13.936,3.8000000000000114,30
fit:11ba0ac28d468bdc19c88c55a8774bab8f7f966b006f61c6fd30348907495707,2026-08-30T09:03:19+00:00,1084.0,0,186,0,13.688,3.6000000000000227,30
fit:11ba0ac28d468bdc19c88c55a8774bab8f7f966b006f61c6fd30348907495707,2026-08-30T09:03:20+00:00,1085.0,0,186,0,13.448,3.3999999999999773,30
fit:11ba0ac28d468bdc19c88c55a8774bab8f7f966b006f61c6fd30348907495707,2026-08-30T09:03:21+00:00,1086.0,0,186,0,13.031,3.1999999999999886,30
fit:11ba0ac28d468bdc19c88c55a8774bab8f7f966b006f61c6fd30348907495707,2026-08-30T09:03:22+00:00,1087.0,0,188,,12.683,2.3999999999999773,30
fit:11ba0ac28d468bdc19c88c55a8774bab8f7f966b006f61c6fd30348907495707,2026-08-30T09:03:23+00:00,1088.0,0,188,,12.515,2.3999999999999773,30
fit:11ba0ac28d468bdc19c88c55a8774bab8f7f966b006f61c6fd30348907495707,2026-08-30T09:03:24+00:00,1089.0,0,188,0,12.474,2.3999999999999773,30
fit:11ba0ac28d468bdc19c88c55a8774bab8f7f966b006f61c6fd30348907495707,2026-08-30T09:03:25+00:00,1090.0,0,187,0,12.455,2.3999999999999773,30
fit:11ba0ac28d468bdc19c88c55a8774bab8f7f966b006f61c6fd30348907495707,2026-08-30T09:03:26+00:00,1091.0,0,186,0,12.572,2.3999999999999773,30
fit:11ba0ac28d468bdc19c88c55a8774bab8f7f966b006f61c6fd30348907495707,2026-08-30T09:03:27+00:00,1092.0,302,186,0,12.636,2.3999999999999773,30
fit:11ba0ac28d468bdc19c88c55a8774bab8f7f966b006f61c6fd30348907495707,2026-08-30T09:03:28+00:00,1093.0,0,186,81,12.702,2.3999999999999773,30
fit:11ba0ac28d468bdc19c88c55a8774bab8f7f966b006f61c6fd30348907495707,2026-08-30T09:03:29+00:00,1094.0,61,185,82,12.767,2.3999999999999773,30
fit:11ba0ac28d468bdc19c88c55a8774bab8f7f966b006f61c6fd30348907495707,2026-08-30T09:03:30+00:00,1095.0,62,184,57,12.85,2.3999999999999773,30
fit:11ba0ac28d468bdc19c88c55a8774bab8f7f966b006f61c6fd30348907495707,2026-08-30T09:03:31+00:00,1096.0,451,184,57,12.74,3.3999999999999773,30
fit:11ba0ac28d468bdc19c88c55a8774bab8f7f966b006f61c6fd30348907495707,2026-08-30T09:03:32+00:00,1097.0,518,184,81,12.804,3.8000000000000114,30
fit:11ba0ac28d468bdc19c88c55a8774bab8f7f966b006f61c6fd30348907495707,2026-08-30T09:03:33+00:00,1098.0,331,183,83,12.892,3.8000000000000114,30
fit:11ba0ac28d468bdc19c88c55a8774bab8f7f966b006f61c6fd30348907495707,2026-08-30T09:03:34+00:00,1099.0,534,182,84,13.08,3.8000000000000114,30
fit:11ba0ac28d468bdc19c88c55a8774bab8f7f966b006f61c6fd30348907495707,2026-08-30T09:03:35+00:00,1100.0,393,182,85,13.075,3.0,30
fit:11ba0ac28d468bdc19c88c55a8774bab8f7f966b006f61c6fd30348907495707,2026-08-30T09:03:36+00:00,1101.0,630,182,86,13.18,3.0,30
fit:11ba0ac28d468bdc19c88c55a8774bab8f7f966b006f61c6fd30348907495707,2026-08-30T09:03:37+00:00,1102.0,910,182,87,13.269,3.0,30
fit:11ba0ac28d468bdc19c88c55a8774bab8f7f966b006f61c6fd30348907495707,2026-08-30T09:03:38+00:00,1103.0,901,181,91,13.409,4.0,30
fit:11ba0ac28d468bdc19c88c55a8774bab8f7f966b006f61c6fd30348907495707,2026-08-30T09:03:39+00:00,1104.0,1027,179,95,13.791,4.0,30
fit:11ba0ac28d468bdc19c88c55a8774bab8f7f966b006f61c6fd30348907495707,2026-08-30T09:03:40+00:00,1105.0,827,179,98,14.051,4.0,30
fit:11ba0ac28d468bdc19c88c55a8774bab8f7f966b006f61c6fd30348907495707,2026-08-30T09:03:41+00:00,1106.0,114,179,100,14.575,3.6000000000000227,30
fit:11ba0ac28d468bdc19c88c55a8774bab8f7f966b006f61c6fd30348907495707,2026-08-30T09:03:42+00:00,1107.0,115,179,58,15.22,3.3999999999999773,30
fit:11ba0ac28d468bdc19c88c55a8774bab8f7f966b006f61c6fd30348907495707,2026-08-30T09:03:43+00:00,1108.0,188,180,58,15.32,3.3999999999999773,30
fit:11ba0ac28d468bdc19c88c55a8774bab8f7f966b006f61c6fd30348907495707,2026-08-30T09:03:44+00:00,1109.0,188,180,97,15.222,3.3999999999999773,30
fit:11ba0ac28d468bdc19c88c55a8774bab8f7f966b006f61c6fd30348907495707,2026-08-30T09:03:45+00:00,1110.0,188,184,97,15.009,4.399999999999977,30
fit:11ba0ac28d468bdc19c88c55a8774bab8f7f966b006f61c6fd30348907495707,2026-08-30T09:03:46+00:00,1111.0,23,184,39,14.759,5.199999999999989,30
fit:11ba0ac28d468bdc19c88c55a8774bab8f7f966b006f61c6fd30348907495707,2026-08-30T09:03:47+00:00,1112.0,411,184,35,14.478,5.199999999999989,30
fit:11ba0ac28d468bdc19c88c55a8774bab8f7f966b006f61c6fd30348907495707,2026-08-30T09:03:48+00:00,1113.0,425,185,91,14.226,5.199999999999989,30
fit:11ba0ac28d468bdc19c88c55a8774bab8f7f966b006f61c6fd30348907495707,2026-08-30T09:03:49+00:00,1114.0,306,186,92,14.17,5.199999999999989,30
fit:11ba0ac28d468bdc19c88c55a8774bab8f7f966b006f61c6fd30348907495707,2026-08-30T09:03:50+00:00,1115.0,582,185,92,14.198,6.199999999999989,30
fit:11ba0ac28d468bdc19c88c55a8774bab8f7f966b006f61c6fd30348907495707,2026-08-30T09:03:51+00:00,1116.0,433,188,94,14.277,6.199999999999989,30
fit:11ba0ac28d468bdc19c88c55a8774bab8f7f966b006f61c6fd30348907495707,2026-08-30T09:03:52+00:00,1117.0,478,188,94,14.377,6.199999999999989,30
fit:11ba0ac28d468bdc19c88c55a8774bab8f7f966b006f61c6fd30348907495707,2026-08-30T09:03:53+00:00,1118.0,586,190,95,14.691,5.199999999999989,30
fit:11ba0ac28d468bdc19c88c55a8774bab8f7f966b006f61c6fd30348907495707,2026-08-30T09:03:54+00:00,1119.0,337,190,96,14.783,4.199999999999989,30
fit:11ba0ac28d468bdc19c88c55a8774bab8f7f966b006f61c6fd30348907495707,2026-08-30T09:03:55+00:00,1120.0,98,191,94,14.908,3.1999999999999886,30
fit:11ba0ac28d468bdc19c88c55a8774bab8f7f966b006f61c6fd30348907495707,2026-08-30T09:03:56+00:00,1121.0,47,191,93,14.798,2.6000000000000227,30
fit:11ba0ac28d468bdc19c88c55a8774bab8f7f966b006f61c6fd30348907495707,2026-08-30T09:03:57+00:00,1122.0,166,191,90,14.364,2.6000000000000227,30
fit:11ba0ac28d468bdc19c88c55a8774bab8f7f966b006f61c6fd30348907495707,2026-08-30T09:03:58+00:00,1123.0,265,192,91,14.195,2.6000000000000227,30
fit:11ba0ac28d468bdc19c88c55a8774bab8f7f966b006f61c6fd30348907495707,2026-08-30T09:03:59+00:00,1124.0,225,192,90,14.246,2.6000000000000227,30
fit:11ba0ac28d468bdc19c88c55a8774bab8f7f966b006f61c6fd30348907495707,2026-08-30T09:04:00+00:00,1125.0,81,192,89,14.066,2.6000000000000227,30
fit:11ba0ac28d468bdc19c88c55a8774bab8f7f966b006f61c6fd30348907495707,2026-08-30T09:04:01+00:00,1126.0,138,192,87,13.943,3.6000000000000227,30
fit:11ba0ac28d468bdc19c88c55a8774bab8f7f966b006f61c6fd30348907495707,2026-08-30T09:04:02+00:00,1127.0,139,193,87,13.738,4.600000000000023,30
fit:11ba0ac28d468bdc19c88c55a8774bab8f7f966b006f61c6fd30348907495707,2026-08-30T09:04:03+00:00,1128.0,139,193,87,13.568,4.600000000000023,30
fit:11ba0ac28d468bdc19c88c55a8774bab8f7f966b006f61c6fd30348907495707,2026-08-30T09:04:04+00:00,1129.0,136,191,86,13.395,4.600000000000023,30
fit:11ba0ac28d468bdc19c88c55a8774bab8f7f966b006f61c6fd30348907495707,2026-08-30T09:04:05+00:00,1130.0,133,191,85,13.477,4.600000000000023,30
fit:11ba0ac28d468bdc19c88c55a8774bab8f7f966b006f61c6fd30348907495707,2026-08-30T09:04:06+00:00,1131.0,70,191,85,13.252,4.600000000000023,30
fit:11ba0ac28d468bdc19c88c55a8774bab8f7f966b006f61c6fd30348907495707,2026-08-30T09:04:07+00:00,1132.0,149,194,84,13.124,4.800000000000011,30
fit:11ba0ac28d468bdc19c88c55a8774bab8f7f966b006f61c6fd30348907495707,2026-08-30T09:04:08+00:00,1133.0,233,192,83,13.063,5.800000000000011,30
fit:11ba0ac28d468bdc19c88c55a8774bab8f7f966b006f61c6fd30348907495707,2026-08-30T09:04:09+00:00,1134.0,167,192,83,12.997,5.800000000000011,30
fit:11ba0ac28d468bdc19c88c55a8774bab8f7f966b006f61c6fd30348907495707,2026-08-30T09:04:10+00:00,1135.0,167,190,82,12.826,5.800000000000011,30
fit:11ba0ac28d468bdc19c88c55a8774bab8f7f966b006f61c6fd30348907495707,2026-08-30T09:04:11+00:00,1136.0,167,193,82,12.695,5.800000000000011,30
fit:11ba0ac28d468bdc19c88c55a8774bab8f7f966b006f61c6fd30348907495707,2026-08-30T09:04:12+00:00,1137.0,167,193,82,12.655,5.399999999999977,30
fit:11ba0ac28d468bdc19c88c55a8774bab8f7f966b006f61c6fd30348907495707,2026-08-30T09:04:13+00:00,1138.0,0,193,82,12.471,5.399999999999977,30
fit:11ba0ac28d468bdc19c88c55a8774bab8f7f966b006f61c6fd30348907495707,2026-08-30T09:04:14+00:00,1139.0,0,193,0,12.236,5.399999999999977,30
fit:11ba0ac28d468bdc19c88c55a8774bab8f7f966b006f61c6fd30348907495707,2026-08-30T09:04:15+00:00,1140.0,0,193,0,12.113,5.399999999999977,30
fit:11ba0ac28d468bdc19c88c55a8774bab8f7f966b006f61c6fd30348907495707,2026-08-30T09:04:16+00:00,1141.0,0,192,,11.949,5.399999999999977,30
fit:11ba0ac28d468bdc19c88c55a8774bab8f7f966b006f61c6fd30348907495707,2026-08-30T09:04:17+00:00,1142.0,0,191,,11.762,6.199999999999989,30
fit:11ba0ac28d468bdc19c88c55a8774bab8f7f966b006f61c6fd30348907495707,2026-08-30T09:04:18+00:00,1143.0,0,191,0,11.489,6.199999999999989,30
fit:11ba0ac28d468bdc19c88c55a8774bab8f7f966b006f61c6fd30348907495707,2026-08-30T09:04:19+00:00,1144.0,0,188,0,11.448,6.199999999999989,30
fit:11ba0ac28d468bdc19c88c55a8774bab8f7f966b006f61c6fd30348907495707,2026-08-30T09:04:20+00:00,1145.0,0,188,0,11.087,5.600000000000023,30
fit:11ba0ac28d468bdc19c88c55a8774bab8f7f966b006f61c6fd30348907495707,2026-08-30T09:04:21+00:00,1146.0,82,189,0,10.88,5.600000000000023,30
fit:11ba0ac28d468bdc19c88c55a8774bab8f7f966b006f61c6fd30348907495707,2026-08-30T09:04:22+00:00,1147.0,82,188,79,10.591,5.600000000000023,30
fit:11ba0ac28d468bdc19c88c55a8774bab8f7f966b006f61c6fd30348907495707,2026-08-30T09:04:23+00:00,1148.0,82,188,79,10.415,5.800000000000011,30
fit:11ba0ac28d468bdc19c88c55a8774bab8f7f966b006f61c6fd30348907495707,2026-08-30T09:04:24+00:00,1149.0,82,188,79,10.153,6.600000000000023,30
fit:11ba0ac28d468bdc19c88c55a8774bab8f7f966b006f61c6fd30348907495707,2026-08-30T09:04:25+00:00,1150.0,78,187,79,9.834,6.800000000000011,30
fit:11ba0ac28d468bdc19c88c55a8774bab8f7f966b006f61c6fd30348907495707,2026-08-30T09:04:26+00:00,1151.0,270,186,77,9.369,7.800000000000011,30
fit:11ba0ac28d468bdc19c88c55a8774bab8f7f966b006f61c6fd30348907495707,2026-08-30T09:04:27+00:00,1152.0,426,185,44,9.171,7.800000000000011,30
fit:11ba0ac28d468bdc19c88c55a8774bab8f7f966b006f61c6fd30348907495707,2026-08-30T09:04:28+00:00,1153.0,626,183,64,9.049,7.800000000000011,30
fit:11ba0ac28d468bdc19c88c55a8774bab8f7f966b006f61c6fd30348907495707,2026-08-30T09:04:29+00:00,1154.0,626,182,67,9.063,6.800000000000011,30
fit:11ba0ac28d468bdc19c88c55a8774bab8f7f966b006f61c6fd30348907495707,2026-08-30T09:04:30+00:00,1155.0,753,179,67,9.588,6.600000000000023,30
fit:11ba0ac28d468bdc19c88c55a8774bab8f7f966b006f61c6fd30348907495707,2026-08-30T09:04:31+00:00,1156.0,754,179,76,9.78,6.0,30
fit:11ba0ac28d468bdc19c88c55a8774bab8f7f966b006f61c6fd30348907495707,2026-08-30T09:04:32+00:00,1157.0,705,179,76,10.526,5.399999999999977,30
fit:11ba0ac28d468bdc19c88c55a8774bab8f7f966b006f61c6fd30348907495707,2026-08-30T09:04:33+00:00,1158.0,531,179,81,10.941,5.399999999999977,30
fit:11ba0ac28d468bdc19c88c55a8774bab8f7f966b006f61c6fd30348907495707,2026-08-30T09:04:34+00:00,1159.0,532,179,86,11.319,5.399999999999977,30
fit:11ba0ac28d468bdc19c88c55a8774bab8f7f966b006f61c6fd30348907495707,2026-08-30T09:04:35+00:00,1160.0,372,177,86,11.957,5.800000000000011,30
fit:11ba0ac28d468bdc19c88c55a8774bab8f7f966b006f61c6fd30348907495707,2026-08-30T09:04:36+00:00,1161.0,372,179,88,12.446,6.399999999999977,30
fit:11ba0ac28d468bdc19c88c55a8774bab8f7f966b006f61c6fd30348907495707,2026-08-30T09:04:37+00:00,1162.0,217,179,88,12.453,6.399999999999977,30
fit:11ba0ac28d468bdc19c88c55a8774bab8f7f966b006f61c6fd30348907495707,2026-08-30T09:04:38+00:00,1163.0,42,179,89,12.639,6.399999999999977,30
fit:11ba0ac28d468bdc19c88c55a8774bab8f7f966b006f61c6fd30348907495707,2026-08-30T09:04:39+00:00,1164.0,123,179,86,12.832,5.399999999999977,30
fit:11ba0ac28d468bdc19c88c55a8774bab8f7f966b006f61c6fd30348907495707,2026-08-30T09:04:40+00:00,1165.0,123,180,83,12.844,4.399999999999977,30
fit:11ba0ac28d468bdc19c88c55a8774bab8f7f966b006f61c6fd30348907495707,2026-08-30T09:04:41+00:00,1166.0,19,181,83,12.77,4.399999999999977,30
fit:11ba0ac28d468bdc19c88c55a8774bab8f7f966b006f61c6fd30348907495707,2026-08-30T09:04:42+00:00,1167.0,170,181,32,12.342,4.399999999999977,30
fit:11ba0ac28d468bdc19c88c55a8774bab8f7f966b006f61c6fd30348907495707,2026-08-30T09:04:43+00:00,1168.0,170,181,76,12.052,4.399999999999977,30
fit:11ba0ac28d468bdc19c88c55a8774bab8f7f966b006f61c6fd30348907495707,2026-08-30T09:04:44+00:00,1169.0,170,182,76,12.004,4.399999999999977,30
fit:11ba0ac28d468bdc19c88c55a8774bab8f7f966b006f61c6fd30348907495707,2026-08-30T09:04:45+00:00,1170.0,170,182,76,11.792,4.399999999999977,30
fit:11ba0ac28d468bdc19c88c55a8774bab8f7f966b006f61c6fd30348907495707,2026-08-30T09:04:46+00:00,1171.0,166,182,76,11.562,3.3999999999999773,30
fit:11ba0ac28d468bdc19c88c55a8774bab8f7f966b006f61c6fd30348907495707,2026-08-30T09:04:47+00:00,1172.0,281,182,75,11.126,3.3999999999999773,30
fit:11ba0ac28d468bdc19c88c55a8774bab8f7f966b006f61c6fd30348907495707,2026-08-30T09:04:48+00:00,1173.0,394,182,73,10.743,3.3999999999999773,30
fit:11ba0ac28d468bdc19c88c55a8774bab8f7f966b006f61c6fd30348907495707,2026-08-30T09:04:49+00:00,1174.0,661,182,74,10.596,3.3999999999999773,30
fit:11ba0ac28d468bdc19c88c55a8774bab8f7f966b006f61c6fd30348907495707,2026-08-30T09:04:50+00:00,1175.0,727,182,77,10.795,3.3999999999999773,30
fit:11ba0ac28d468bdc19c88c55a8774bab8f7f966b006f61c6fd30348907495707,2026-08-30T09:04:51+00:00,1176.0,709,182,80,10.76,2.6000000000000227,30
fit:11ba0ac28d468bdc19c88c55a8774bab8f7f966b006f61c6fd30348907495707,2026-08-30T09:04:52+00:00,1177.0,691,182,82,10.934,2.1999999999999886,30
fit:11ba0ac28d468bdc19c88c55a8774bab8f7f966b006f61c6fd30348907495707,2026-08-30T09:04:53+00:00,1178.0,665,182,84,11.325,1.3999999999999773,30
fit:11ba0ac28d468bdc19c88c55a8774bab8f7f966b006f61c6fd30348907495707,2026-08-30T09:04:54+00:00,1179.0,666,182,86,11.674,1.3999999999999773,30
fit:11ba0ac28d468bdc19c88c55a8774bab8f7f966b006f61c6fd30348907495707,2026-08-30T09:04:55+00:00,1180.0,695,182,86,11.922,1.3999999999999773,30
fit:11ba0ac28d468bdc19c88c55a8774bab8f7f966b006f61c6fd30348907495707,2026-08-30T09:04:56+00:00,1181.0,611,182,89,12.152,1.3999999999999773,30
fit:11ba0ac28d468bdc19c88c55a8774bab8f7f966b006f61c6fd30348907495707,2026-08-30T09:04:57+00:00,1182.0,585,182,90,12.421,1.3999999999999773,30
fit:11ba0ac28d468bdc19c88c55a8774bab8f7f966b006f61c6fd30348907495707,2026-08-30T09:04:58+00:00,1183.0,568,182,92,12.652,1.3999999999999773,30
fit:11ba0ac28d468bdc19c88c55a8774bab8f7f966b006f61c6fd30348907495707,2026-08-30T09:04:59+00:00,1184.0,519,183,93,12.953,1.6000000000000227,30
fit:11ba0ac28d468bdc19c88c55a8774bab8f7f966b006f61c6fd30348907495707,2026-08-30T09:05:00+00:00,1185.0,511,183,93,13.138,1.6000000000000227,30
fit:11ba0ac28d468bdc19c88c55a8774bab8f7f966b006f61c6fd30348907495707,2026-08-30T09:05:01+00:00,1186.0,511,183,93,13.36,1.6000000000000227,30
fit:11ba0ac28d468bdc19c88c55a8774bab8f7f966b006f61c6fd30348907495707,2026-08-30T09:05:02+00:00,1187.0,526,184,93,13.395,1.6000000000000227,30
fit:11ba0ac28d468bdc19c88c55a8774bab8f7f966b006f61c6fd30348907495707,2026-08-30T09:05:03+00:00,1188.0,555,185,94,13.357,1.6000000000000227,30
fit:11ba0ac28d468bdc19c88c55a8774bab8f7f966b006f61c6fd30348907495707,2026-08-30T09:05:04+00:00,1189.0,565,185,93,13.256,2.6000000000000227,30
fit:11ba0ac28d468bdc19c88c55a8774bab8f7f966b006f61c6fd30348907495707,2026-08-30T09:05:05+00:00,1190.0,565,185,94,13.203,2.6000000000000227,30
fit:11ba0ac28d468bdc19c88c55a8774bab8f7f966b006f61c6fd30348907495707,2026-08-30T09:05:06+00:00,1191.0,455,187,94,13.202,2.6000000000000227,30
fit:11ba0ac28d468bdc19c88c55a8774bab8f7f966b006f61c6fd30348907495707,2026-08-30T09:05:07+00:00,1192.0,528,187,93,13.176,1.6000000000000227,30
fit:11ba0ac28d468bdc19c88c55a8774bab8f7f966b006f61c6fd30348907495707,2026-08-30T09:05:08+00:00,1193.0,522,188,93,13.272,1.3999999999999773,30
fit:11ba0ac28d468bdc19c88c55a8774bab8f7f966b006f61c6fd30348907495707,2026-08-30T09:05:09+00:00,1194.0,487,188,93,13.388,1.3999999999999773,30
fit:11ba0ac28d468bdc19c88c55a8774bab8f7f966b006f61c6fd30348907495707,2026-08-30T09:05:10+00:00,1195.0,530,188,94,13.405,1.3999999999999773,30
fit:11ba0ac28d468bdc19c88c55a8774bab8f7f966b006f61c6fd30348907495707,2026-08-30T09:05:11+00:00,1196.0,546,189,95,13.471,2.0,30
fit:11ba0ac28d468bdc19c88c55a8774bab8f7f966b006f61c6fd30348907495707,2026-08-30T09:05:12+00:00,1197.0,553,190,95,13.433,2.0,30
fit:11ba0ac28d468bdc19c88c55a8774bab8f7f966b006f61c6fd30348907495707,2026-08-30T09:05:13+00:00,1198.0,206,190,95,13.495,2.0,30
fit:11ba0ac28d468bdc19c88c55a8774bab8f7f966b006f61c6fd30348907495707,2026-08-30T09:05:14+00:00,1199.0,299,190,95,13.694,1.0,30
fit:11ba0ac28d468bdc19c88c55a8774bab8f7f966b006f61c6fd30348907495707,2026-08-30T09:05:15+00:00,1200.0,179,191,93,13.65,1.0,30
fit:11ba0ac28d468bdc19c88c55a8774bab8f7f966b006f61c6fd30348907495707,2026-08-30T09:05:16+00:00,1201.0,79,191,90,13.509,1.0,30
fit:11ba0ac28d468bdc19c88c55a8774bab8f7f966b006f61c6fd30348907495707,2026-08-30T09:05:17+00:00,1202.0,174,192,90,13.322,1.8000000000000114,30
fit:11ba0ac28d468bdc19c88c55a8774bab8f7f966b006f61c6fd30348907495707,2026-08-30T09:05:18+00:00,1203.0,324,192,93,13.047,1.8000000000000114,30
fit:11ba0ac28d468bdc19c88c55a8774bab8f7f966b006f61c6fd30348907495707,2026-08-30T09:05:19+00:00,1204.0,328,192,92,12.754,1.8000000000000114,30
fit:11ba0ac28d468bdc19c88c55a8774bab8f7f966b006f61c6fd30348907495707,2026-08-30T09:05:20+00:00,1205.0,326,192,92,12.452,1.8000000000000114,30
fit:11ba0ac28d468bdc19c88c55a8774bab8f7f966b006f61c6fd30348907495707,2026-08-30T09:05:21+00:00,1206.0,264,192,91,12.258,1.8000000000000114,30
fit:11ba0ac28d468bdc19c88c55a8774bab8f7f966b006f61c6fd30348907495707,2026-08-30T09:05:22+00:00,1207.0,303,193,90,12.171,1.8000000000000114,30
fit:11ba0ac28d468bdc19c88c55a8774bab8f7f966b006f61c6fd30348907495707,2026-08-30T09:05:23+00:00,1208.0,304,192,90,12.096,1.8000000000000114,30
fit:11ba0ac28d468bdc19c88c55a8774bab8f7f966b006f61c6fd30348907495707,2026-08-30T09:05:24+00:00,1209.0,299,192,90,12.079,1.8000000000000114,30
fit:11ba0ac28d468bdc19c88c55a8774bab8f7f966b006f61c6fd30348907495707,2026-08-30T09:05:25+00:00,1210.0,300,192,90,12.061,1.8000000000000114,30
fit:11ba0ac28d468bdc19c88c55a8774bab8f7f966b006f61c6fd30348907495707,2026-08-30T09:05:26+00:00,1211.0,366,192,90,12.041,1.8000000000000114,30
fit:11ba0ac28d468bdc19c88c55a8774bab8f7f966b006f61c6fd30348907495707,2026-08-30T09:05:27+00:00,1212.0,316,192,90,12.01,0.8000000000000114,30
fit:11ba0ac28d468bdc19c88c55a8774bab8f7f966b006f61c6fd30348907495707,2026-08-30T09:05:28+00:00,1213.0,318,193,91,12.014,0.8000000000000114,30
fit:11ba0ac28d468bdc19c88c55a8774bab8f7f966b006f61c6fd30348907495707,2026-08-30T09:05:29+00:00,1214.0,247,193,91,12.053,0.8000000000000114,30
fit:11ba0ac28d468bdc19c88c55a8774bab8f7f966b006f61c6fd30348907495707,2026-08-30T09:05:30+00:00,1215.0,247,193,90,12.205,1.6000000000000227,30
fit:11ba0ac28d468bdc19c88c55a8774bab8f7f966b006f61c6fd30348907495707,2026-08-30T09:05:31+00:00,1216.0,441,193,90,12.052,1.6000000000000227,30
fit:11ba0ac28d468bdc19c88c55a8774bab8f7f966b006f61c6fd30348907495707,2026-08-30T09:05:32+00:00,1217.0,177,194,89,12.131,1.6000000000000227,30
fit:11ba0ac28d468bdc19c88c55a8774bab8f7f966b006f61c6fd30348907495707,2026-08-30T09:05:33+00:00,1218.0,154,194,89,12.031,1.6000000000000227,30
fit:11ba0ac28d468bdc19c88c55a8774bab8f7f966b006f61c6fd30348907495707,2026-08-30T09:05:34+00:00,1219.0,242,194,87,11.794,1.6000000000000227,30
fit:11ba0ac28d468bdc19c88c55a8774bab8f7f966b006f61c6fd30348907495707,2026-08-30T09:05:35+00:00,1220.0,403,194,86,11.586,1.6000000000000227,30
fit:11ba0ac28d468bdc19c88c55a8774bab8f7f966b006f61c6fd30348907495707,2026-08-30T09:05:36+00:00,1221.0,241,194,86,11.582,1.6000000000000227,30
fit:11ba0ac28d468bdc19c88c55a8774bab8f7f966b006f61c6fd30348907495707,2026-08-30T09:05:37+00:00,1222.0,114,194,87,11.389,2.6000000000000227,30
fit:11ba0ac28d468bdc19c88c55a8774bab8f7f966b006f61c6fd30348907495707,2026-08-30T09:05:38+00:00,1223.0,219,194,86,11.421,3.6000000000000227,30
fit:11ba0ac28d468bdc19c88c55a8774bab8f7f966b006f61c6fd30348907495707,2026-08-30T09:05:39+00:00,1224.0,347,194,86,11.544,4.199999999999989,30
fit:11ba0ac28d468bdc19c88c55a8774bab8f7f966b006f61c6fd30348907495707,2026-08-30T09:05:40+00:00,1225.0,288,194,88,11.622,4.199999999999989,30
fit:11ba0ac28d468bdc19c88c55a8774bab8f7f966b006f61c6fd30348907495707,2026-08-30T09:05:41+00:00,1226.0,251,192,88,11.668,4.199999999999989,30
fit:11ba0ac28d468bdc19c88c55a8774bab8f7f966b006f61c6fd30348907495707,2026-08-30T09:05:42+00:00,1227.0,193,192,88,11.751,3.3999999999999773,30
fit:11ba0ac28d468bdc19c88c55a8774bab8f7f966b006f61c6fd30348907495707,2026-08-30T09:05:43+00:00,1228.0,94,192,88,11.64,3.3999999999999773,30
fit:11ba0ac28d468bdc19c88c55a8774bab8f7f966b006f61c6fd30348907495707,2026-08-30T09:05:44+00:00,1229.0,74,192,88,11.704,3.3999999999999773,30
fit:11ba0ac28d468bdc19c88c55a8774bab8f7f966b006f61c6fd30348907495707,2026-08-30T09:05:45+00:00,1230.0,74,192,84,11.682,3.3999999999999773,30
fit:11ba0ac28d468bdc19c88c55a8774bab8f7f966b006f61c6fd30348907495707,2026-08-30T09:05:46+00:00,1231.0,74,194,84,11.59,3.3999999999999773,30
fit:11ba0ac28d468bdc19c88c55a8774bab8f7f966b006f61c6fd30348907495707,2026-08-30T09:05:47+00:00,1232.0,0,194,84,11.218,3.3999999999999773,30
fit:11ba0ac28d468bdc19c88c55a8774bab8f7f966b006f61c6fd30348907495707,2026-08-30T09:05:48+00:00,1233.0,0,191,0,11.124,3.3999999999999773,30
fit:11ba0ac28d468bdc19c88c55a8774bab8f7f966b006f61c6fd30348907495707,2026-08-30T09:05:49+00:00,1234.0,0,193,0,10.935,3.3999999999999773,30
fit:11ba0ac28d468bdc19c88c55a8774bab8f7f966b006f61c6fd30348907495707,2026-08-30T09:05:50+00:00,1235.0,259,190,0,10.613,3.3999999999999773,30
fit:11ba0ac28d468bdc19c88c55a8774bab8f7f966b006f61c6fd30348907495707,2026-08-30T09:05:51+00:00,1236.0,300,190,77,10.44,3.3999999999999773,30
fit:11ba0ac28d468bdc19c88c55a8774bab8f7f966b006f61c6fd30348907495707,2026-08-30T09:05:52+00:00,1237.0,169,190,77,10.364,3.3999999999999773,30
fit:11ba0ac28d468bdc19c88c55a8774bab8f7f966b006f61c6fd30348907495707,2026-08-30T09:05:53+00:00,1238.0,156,192,77,10.401,3.3999999999999773,30
fit:11ba0ac28d468bdc19c88c55a8774bab8f7f966b006f61c6fd30348907495707,2026-08-30T09:05:54+00:00,1239.0,268,192,77,10.314,3.3999999999999773,30
fit:11ba0ac28d468bdc19c88c55a8774bab8f7f966b006f61c6fd30348907495707,2026-08-30T09:05:55+00:00,1240.0,323,191,78,10.348,3.3999999999999773,30
fit:11ba0ac28d468bdc19c88c55a8774bab8f7f966b006f61c6fd30348907495707,2026-08-30T09:05:56+00:00,1241.0,323,191,78,10.388,3.3999999999999773,30
fit:11ba0ac28d468bdc19c88c55a8774bab8f7f966b006f61c6fd30348907495707,2026-08-30T09:05:57+00:00,1242.0,333,191,80,10.361,2.8000000000000114,30
fit:11ba0ac28d468bdc19c88c55a8774bab8f7f966b006f61c6fd30348907495707,2026-08-30T09:05:58+00:00,1243.0,396,190,80,10.498,2.8000000000000114,30
fit:11ba0ac28d468bdc19c88c55a8774bab8f7f966b006f61c6fd30348907495707,2026-08-30T09:05:59+00:00,1244.0,396,189,81,10.613,2.8000000000000114,30
fit:11ba0ac28d468bdc19c88c55a8774bab8f7f966b006f61c6fd30348907495707,2026-08-30T09:06:00+00:00,1245.0,283,189,85,10.797,2.8000000000000114,30
fit:11ba0ac28d468bdc19c88c55a8774bab8f7f966b006f61c6fd30348907495707,2026-08-30T09:06:01+00:00,1246.0,338,186,86,11.042,2.8000000000000114,30
fit:11ba0ac28d468bdc19c88c55a8774bab8f7f966b006f61c6fd30348907495707,2026-08-30T09:06:02+00:00,1247.0,383,185,86,11.251,2.8000000000000114,30
fit:11ba0ac28d468bdc19c88c55a8774bab8f7f966b006f61c6fd30348907495707,2026-08-30T09:06:03+00:00,1248.0,523,185,87,11.355,2.8000000000000114,30
fit:11ba0ac28d468bdc19c88c55a8774bab8f7f966b006f61c6fd30348907495707,2026-08-30T09:06:04+00:00,1249.0,489,186,89,11.576,2.8000000000000114,30
fit:11ba0ac28d468bdc19c88c55a8774bab8f7f966b006f61c6fd30348907495707,2026-08-30T09:06:05+00:00,1250.0,543,186,91,11.821,3.1999999999999886,30
fit:11ba0ac28d468bdc19c88c55a8774bab8f7f966b006f61c6fd30348907495707,2026-08-30T09:06:06+00:00,1251.0,545,187,95,12.186,4.199999999999989,30
fit:11ba0ac28d468bdc19c88c55a8774bab8f7f966b006f61c6fd30348907495707,2026-08-30T09:06:07+00:00,1252.0,622,186,96,12.432,5.199999999999989,30
fit:11ba0ac28d468bdc19c88c55a8774bab8f7f966b006f61c6fd30348907495707,2026-08-30T09:06:08+00:00,1253.0,434,186,98,12.694,5.199999999999989,30
fit:11ba0ac28d468bdc19c88c55a8774bab8f7f966b006f61c6fd30348907495707,2026-08-30T09:06:09+00:00,1254.0,185,186,99,12.761,5.199999999999989,30
fit:11ba0ac28d468bdc19c88c55a8774bab8f7f966b006f61c6fd30348907495707,2026-08-30T09:06:10+00:00,1255.0,185,186,100,13.041,4.199999999999989,30
fit:11ba0ac28d468bdc19c88c55a8774bab8f7f966b006f61c6fd30348907495707,2026-08-30T09:06:11+00:00,1256.0,31,186,59,13.109,4.199999999999989,30
fit:11ba0ac28d468bdc19c88c55a8774bab8f7f966b006f61c6fd30348907495707,2026-08-30T09:06:12+00:00,1257.0,31,186,59,13.109,4.199999999999989,30
fit:11ba0ac28d468bdc19c88c55a8774bab8f7f966b006f61c6fd30348907495707,2026-08-30T09:06:13+00:00,1258.0,137,186,59,13.058,4.199999999999989,30
fit:11ba0ac28d468bdc19c88c55a8774bab8f7f966b006f61c6fd30348907495707,2026-08-30T09:06:14+00:00,1259.0,780,186,51,12.869,3.3999999999999773,30
fit:11ba0ac28d468bdc19c88c55a8774bab8f7f966b006f61c6fd30348907495707,2026-08-30T09:06:15+00:00,1260.0,781,187,97,12.726,3.3999999999999773,30
fit:11ba0ac28d468bdc19c88c55a8774bab8f7f966b006f61c6fd30348907495707,2026-08-30T09:06:16+00:00,1261.0,608,187,101,13.067,2.3999999999999773,30
fit:11ba0ac28d468bdc19c88c55a8774bab8f7f966b006f61c6fd30348907495707,2026-08-30T09:06:17+00:00,1262.0,711,187,96,13.071,2.3999999999999773,30
fit:11ba0ac28d468bdc19c88c55a8774bab8f7f966b006f61c6fd30348907495707,2026-08-30T09:06:18+00:00,1263.0,669,188,96,13.328,2.3999999999999773,30
fit:11ba0ac28d468bdc19c88c55a8774bab8f7f966b006f61c6fd30348907495707,2026-08-30T09:06:19+00:00,1264.0,669,188,97,13.719,2.3999999999999773,30
fit:11ba0ac28d468bdc19c88c55a8774bab8f7f966b006f61c6fd30348907495707,2026-08-30T09:06:20+00:00,1265.0,598,188,99,13.899,2.3999999999999773,30
fit:11ba0ac28d468bdc19c88c55a8774bab8f7f966b006f61c6fd30348907495707,2026-08-30T09:06:21+00:00,1266.0,544,188,99,13.949,1.3999999999999773,30
fit:11ba0ac28d468bdc19c88c55a8774bab8f7f966b006f61c6fd30348907495707,2026-08-30T09:06:22+00:00,1267.0,544,189,100,14.147,0.39999999999997726,30
fit:11ba0ac28d468bdc19c88c55a8774bab8f7f966b006f61c6fd30348907495707,2026-08-30T09:06:23+00:00,1268.0,583,189,100,14.229,0.39999999999997726,30
fit:11ba0ac28d468bdc19c88c55a8774bab8f7f966b006f61c6fd30348907495707,2026-08-30T09:06:24+00:00,1269.0,610,190,102,14.286,0.39999999999997726,30
fit:11ba0ac28d468bdc19c88c55a8774bab8f7f966b006f61c6fd30348907495707,2026-08-30T09:06:25+00:00,1270.0,527,191,103,14.582,1.3999999999999773,30
fit:11ba0ac28d468bdc19c88c55a8774bab8f7f966b006f61c6fd30348907495707,2026-08-30T09:06:26+00:00,1271.0,407,191,103,14.626,2.3999999999999773,30
fit:11ba0ac28d468bdc19c88c55a8774bab8f7f966b006f61c6fd30348907495707,2026-08-30T09:06:27+00:00,1272.0,245,192,103,14.764,3.0,30
fit:11ba0ac28d468bdc19c88c55a8774bab8f7f966b006f61c6fd30348907495707,2026-08-30T09:06:28+00:00,1273.0,244,193,102,14.723,3.0,30
fit:11ba0ac28d468bdc19c88c55a8774bab8f7f966b006f61c6fd30348907495707,2026-08-30T09:06:29+00:00,1274.0,213,193,100,14.693,3.0,30
fit:11ba0ac28d468bdc19c88c55a8774bab8f7f966b006f61c6fd30348907495707,2026-08-30T09:06:30+00:00,1275.0,213,194,100,14.56,3.0,30
fit:11ba0ac28d468bdc19c88c55a8774bab8f7f966b006f61c6fd30348907495707,2026-08-30T09:06:31+00:00,1276.0,223,194,98,14.428,3.0,30
fit:11ba0ac28d468bdc19c88c55a8774bab8f7f966b006f61c6fd30348907495707,2026-08-30T09:06:32+00:00,1277.0,328,195,98,14.249,3.0,30
fit:11ba0ac28d468bdc19c88c55a8774bab8f7f966b006f61c6fd30348907495707,2026-08-30T09:06:33+00:00,1278.0,497,196,96,14.133,2.0,30
fit:11ba0ac28d468bdc19c88c55a8774bab8f7f966b006f61c6fd30348907495707,2026-08-30T09:06:34+00:00,1279.0,396,196,96,13.996,2.0,30
fit:11ba0ac28d468bdc19c88c55a8774bab8f7f966b006f61c6fd30348907495707,2026-08-30T09:06:35+00:00,1280.0,397,196,98,13.862,2.0,30
fit:11ba0ac28d468bdc19c88c55a8774bab8f7f966b006f61c6fd30348907495707,2026-08-30T09:06:36+00:00,1281.0,124,197,98,13.993,3.0,30
fit:11ba0ac28d468bdc19c88c55a8774bab8f7f966b006f61c6fd30348907495707,2026-08-30T09:06:37+00:00,1282.0,189,197,97,14.028,3.8000000000000114,30
fit:11ba0ac28d468bdc19c88c55a8774bab8f7f966b006f61c6fd30348907495707,2026-08-30T09:06:38+00:00,1283.0,231,197,97,13.889,3.8000000000000114,30
fit:11ba0ac28d468bdc19c88c55a8774bab8f7f966b006f61c6fd30348907495707,2026-08-30T09:06:39+00:00,1284.0,176,197,96,13.817,3.8000000000000114,30
fit:11ba0ac28d468bdc19c88c55a8774bab8f7f966b006f61c6fd30348907495707,2026-08-30T09:06:40+00:00,1285.0,523,197,95,13.845,3.8000000000000114,30
fit:11ba0ac28d468bdc19c88c55a8774bab8f7f966b006f61c6fd30348907495707,2026-08-30T09:06:41+00:00,1286.0,376,197,95,13.777,3.8000000000000114,30
fit:11ba0ac28d468bdc19c88c55a8774bab8f7f966b006f61c6fd30348907495707,2026-08-30T09:06:42+00:00,1287.0,389,197,94,13.703,3.8000000000000114,30
fit:11ba0ac28d468bdc19c88c55a8774bab8f7f966b006f61c6fd30348907495707,2026-08-30T09:06:43+00:00,1288.0,395,195,94,13.569,2.8000000000000114,30
fit:11ba0ac28d468bdc19c88c55a8774bab8f7f966b006f61c6fd30348907495707,2026-08-30T09:06:44+00:00,1289.0,384,193,93,13.466,1.8000000000000114,30
fit:11ba0ac28d468bdc19c88c55a8774bab8f7f966b006f61c6fd30348907495707,2026-08-30T09:06:45+00:00,1290.0,221,195,93,13.296,1.8000000000000114,30
fit:11ba0ac28d468bdc19c88c55a8774bab8f7f966b006f61c6fd30348907495707,2026-08-30T09:06:46+00:00,1291.0,297,195,91,13.281,1.1999999999999886,30
fit:11ba0ac28d468bdc19c88c55a8774bab8f7f966b006f61c6fd30348907495707,2026-08-30T09:06:47+00:00,1292.0,201,195,91,13.258,1.1999999999999886,30
fit:11ba0ac28d468bdc19c88c55a8774bab8f7f966b006f61c6fd30348907495707,2026-08-30T09:06:48+00:00,1293.0,85,193,89,13.162,1.1999999999999886,30
fit:11ba0ac28d468bdc19c88c55a8774bab8f7f966b006f61c6fd30348907495707,2026-08-30T09:06:49+00:00,1294.0,108,193,93,13.041,2.1999999999999886,30
fit:11ba0ac28d468bdc19c88c55a8774bab8f7f966b006f61c6fd30348907495707,2026-08-30T09:06:50+00:00,1295.0,108,193,91,12.893,2.8000000000000114,30
fit:11ba0ac28d468bdc19c88c55a8774bab8f7f966b006f61c6fd30348907495707,2026-08-30T09:06:51+00:00,1296.0,123,192,89,12.13,2.8000000000000114,30
fit:11ba0ac28d468bdc19c88c55a8774bab8f7f966b006f61c6fd30348907495707,2026-08-30T09:06:52+00:00,1297.0,144,192,89,11.905,2.8000000000000114,30
fit:11ba0ac28d468bdc19c88c55a8774bab8f7f966b006f61c6fd30348907495707,2026-08-30T09:06:53+00:00,1298.0,122,192,88,11.521,2.3999999999999773,30
fit:11ba0ac28d468bdc19c88c55a8774bab8f7f966b006f61c6fd30348907495707,2026-08-30T09:06:54+00:00,1299.0,140,194,86,11.509,1.3999999999999773,30
fit:11ba0ac28d468bdc19c88c55a8774bab8f7f966b006f61c6fd30348907495707,2026-08-30T09:06:55+00:00,1300.0,120,196,85,11.128,1.3999999999999773,30
fit:11ba0ac28d468bdc19c88c55a8774bab8f7f966b006f61c6fd30348907495707,2026-08-30T09:06:56+00:00,1301.0,170,195,89,11.011,1.3999999999999773,30
fit:11ba0ac28d468bdc19c88c55a8774bab8f7f966b006f61c6fd30348907495707,2026-08-30T09:06:57+00:00,1302.0,166,195,88,10.925,2.3999999999999773,30
fit:11ba0ac28d468bdc19c88c55a8774bab8f7f966b006f61c6fd30348907495707,2026-08-30T09:06:58+00:00,1303.0,149,195,88,10.866,3.0,30
fit:11ba0ac28d468bdc19c88c55a8774bab8f7f966b006f61c6fd30348907495707,2026-08-30T09:06:59+00:00,1304.0,206,195,87,10.961,3.0,30
fit:11ba0ac28d468bdc19c88c55a8774bab8f7f966b006f61c6fd30348907495707,2026-08-30T09:07:00+00:00,1305.0,207,194,86,10.812,3.3999999999999773,30
fit:11ba0ac28d468bdc19c88c55a8774bab8f7f966b006f61c6fd30348907495707,2026-08-30T09:07:01+00:00,1306.0,220,194,86,10.733,3.3999999999999773,30
fit:11ba0ac28d468bdc19c88c55a8774bab8f7f966b006f61c6fd30348907495707,2026-08-30T09:07:02+00:00,1307.0,228,192,84,10.672,3.3999999999999773,30
fit:11ba0ac28d468bdc19c88c55a8774bab8f7f966b006f61c6fd30348907495707,2026-08-30T09:07:03+00:00,1308.0,211,193,84,10.51,2.3999999999999773,30
fit:11ba0ac28d468bdc19c88c55a8774bab8f7f966b006f61c6fd30348907495707,2026-08-30T09:07:04+00:00,1309.0,223,193,84,10.5,2.1999999999999886,30
fit:11ba0ac28d468bdc19c88c55a8774bab8f7f966b006f61c6fd30348907495707,2026-08-30T09:07:05+00:00,1310.0,172,193,83,10.541,2.1999999999999886,30
fit:11ba0ac28d468bdc19c88c55a8774bab8f7f966b006f61c6fd30348907495707,2026-08-30T09:07:06+00:00,1311.0,173,192,82,10.433,2.1999999999999886,30
fit:11ba0ac28d468bdc19c88c55a8774bab8f7f966b006f61c6fd30348907495707,2026-08-30T09:07:07+00:00,1312.0,34,192,82,10.342,3.1999999999999886,30
fit:11ba0ac28d468bdc19c88c55a8774bab8f7f966b006f61c6fd30348907495707,2026-08-30T09:07:08+00:00,1313.0,153,191,73,10.243,3.3999999999999773,30
fit:11ba0ac28d468bdc19c88c55a8774bab8f7f966b006f61c6fd30348907495707,2026-08-30T09:07:09+00:00,1314.0,220,191,89,10.036,3.3999999999999773,30
fit:11ba0ac28d468bdc19c88c55a8774bab8f7f966b006f61c6fd30348907495707,2026-08-30T09:07:10+00:00,1315.0,94,190,89,9.955,3.3999999999999773,30
fit:11ba0ac28d468bdc19c88c55a8774bab8f7f966b006f61c6fd30348907495707,2026-08-30T09:07:11+00:00,1316.0,196,189,88,9.884,3.3999999999999773,30
fit:11ba0ac28d468bdc19c88c55a8774bab8f7f966b006f61c6fd30348907495707,2026-08-30T09:07:12+00:00,1317.0,196,188,89,9.838,3.3999999999999773,30
fit:11ba0ac28d468bdc19c88c55a8774bab8f7f966b006f61c6fd30348907495707,2026-08-30T09:07:13+00:00,1318.0,335,188,89,9.84,3.3999999999999773,30
fit:11ba0ac28d468bdc19c88c55a8774bab8f7f966b006f61c6fd30348907495707,2026-08-30T09:07:14+00:00,1319.0,304,187,90,9.875,3.3999999999999773,30
fit:11ba0ac28d468bdc19c88c55a8774bab8f7f966b006f61c6fd30348907495707,2026-08-30T09:07:15+00:00,1320.0,343,187,91,9.932,2.3999999999999773,30
fit:11ba0ac28d468bdc19c88c55a8774bab8f7f966b006f61c6fd30348907495707,2026-08-30T09:07:16+00:00,1321.0,262,187,94,9.973,2.3999999999999773,30
fit:11ba0ac28d468bdc19c88c55a8774bab8f7f966b006f61c6fd30348907495707,2026-08-30T09:07:17+00:00,1322.0,130,186,94,10.125,2.3999999999999773,30
fit:11ba0ac28d468bdc19c88c55a8774bab8f7f966b006f61c6fd30348907495707,2026-08-30T09:07:18+00:00,1323.0,488,186,92,10.163,2.3999999999999773,30
fit:11ba0ac28d468bdc19c88c55a8774bab8f7f966b006f61c6fd30348907495707,2026-08-30T09:07:19+00:00,1324.0,394,186,84,10.302,2.3999999999999773,30
fit:11ba0ac28d468bdc19c88c55a8774bab8f7f966b006f61c6fd30348907495707,2026-08-30T09:07:20+00:00,1325.0,394,185,86,10.496,2.3999999999999773,30
fit:11ba0ac28d468bdc19c88c55a8774bab8f7f966b006f61c6fd30348907495707,2026-08-30T09:07:21+00:00,1326.0,462,185,88,10.639,2.3999999999999773,30
fit:11ba0ac28d468bdc19c88c55a8774bab8f7f966b006f61c6fd30348907495707,2026-08-30T09:07:22+00:00,1327.0,462,185,90,10.863,2.3999999999999773,30
fit:11ba0ac28d468bdc19c88c55a8774bab8f7f966b006f61c6fd30348907495707,2026-08-30T09:07:23+00:00,1328.0,273,185,90,11.206,2.3999999999999773,30
fit:11ba0ac28d468bdc19c88c55a8774bab8f7f966b006f61c6fd30348907495707,2026-08-30T09:07:24+00:00,1329.0,246,184,92,11.342,2.3999999999999773,30
fit:11ba0ac28d468bdc19c88c55a8774bab8f7f966b006f61c6fd30348907495707,2026-08-30T09:07:25+00:00,1330.0,231,184,92,11.425,2.3999999999999773,30
fit:11ba0ac28d468bdc19c88c55a8774bab8f7f966b006f61c6fd30348907495707,2026-08-30T09:07:26+00:00,1331.0,148,184,92,11.381,2.3999999999999773,30
fit:11ba0ac28d468bdc19c88c55a8774bab8f7f966b006f61c6fd30348907495707,2026-08-30T09:07:27+00:00,1332.0,231,184,91,11.427,2.6000000000000227,30
fit:11ba0ac28d468bdc19c88c55a8774bab8f7f966b006f61c6fd30348907495707,2026-08-30T09:07:28+00:00,1333.0,279,185,91,11.356,3.6000000000000227,30
fit:11ba0ac28d468bdc19c88c55a8774bab8f7f966b006f61c6fd30348907495707,2026-08-30T09:07:29+00:00,1334.0,10,185,91,11.293,3.6000000000000227,30
fit:11ba0ac28d468bdc19c88c55a8774bab8f7f966b006f61c6fd30348907495707,2026-08-30T09:07:30+00:00,1335.0,343,185,86,11.259,3.6000000000000227,30
fit:11ba0ac28d468bdc19c88c55a8774bab8f7f966b006f61c6fd30348907495707,2026-08-30T09:07:31+00:00,1336.0,422,185,90,11.294,3.6000000000000227,30
fit:11ba0ac28d468bdc19c88c55a8774bab8f7f966b006f61c6fd30348907495707,2026-08-30T09:07:32+00:00,1337.0,401,186,91,11.11,4.600000000000023,30
fit:11ba0ac28d468bdc19c88c55a8774bab8f7f966b006f61c6fd30348907495707,2026-08-30T09:07:33+00:00,1338.0,390,185,92,11.096,5.199999999999989,30
fit:11ba0ac28d468bdc19c88c55a8774bab8f7f966b006f61c6fd30348907495707,2026-08-30T09:07:34+00:00,1339.0,403,185,93,11.377,5.199999999999989,30
fit:11ba0ac28d468bdc19c88c55a8774bab8f7f966b006f61c6fd30348907495707,2026-08-30T09:07:35+00:00,1340.0,123,185,95,11.565,5.199999999999989,30
fit:11ba0ac28d468bdc19c88c55a8774bab8f7f966b006f61c6fd30348907495707,2026-08-30T09:07:36+00:00,1341.0,124,185,95,11.786,4.199999999999989,30
fit:11ba0ac28d468bdc19c88c55a8774bab8f7f966b006f61c6fd30348907495707,2026-08-30T09:07:37+00:00,1342.0,153,185,95,11.968,4.199999999999989,30
fit:11ba0ac28d468bdc19c88c55a8774bab8f7f966b006f61c6fd30348907495707,2026-08-30T09:07:38+00:00,1343.0,194,186,93,11.851,4.199999999999989,30
fit:11ba0ac28d468bdc19c88c55a8774bab8f7f966b006f61c6fd30348907495707,2026-08-30T09:07:39+00:00,1344.0,237,185,93,11.778,4.199999999999989,30
fit:11ba0ac28d468bdc19c88c55a8774bab8f7f966b006f61c6fd30348907495707,2026-08-30T09:07:40+00:00,1345.0,237,186,93,11.613,4.199999999999989,30
fit:11ba0ac28d468bdc19c88c55a8774bab8f7f966b006f61c6fd30348907495707,2026-08-30T09:07:41+00:00,1346.0,264,186,93,11.591,4.399999999999977,30
fit:11ba0ac28d468bdc19c88c55a8774bab8f7f966b006f61c6fd30348907495707,2026-08-30T09:07:42+00:00,1347.0,265,186,93,11.525,4.600000000000023,30
fit:11ba0ac28d468bdc19c88c55a8774bab8f7f966b006f61c6fd30348907495707,2026-08-30T09:07:43+00:00,1348.0,369,185,93,11.607,4.600000000000023,30
fit:11ba0ac28d468bdc19c88c55a8774bab8f7f966b006f61c6fd30348907495707,2026-08-30T09:07:44+00:00,1349.0,134,185,93,11.585,4.600000000000023,30
fit:11ba0ac28d468bdc19c88c55a8774bab8f7f966b006f61c6fd30348907495707,2026-08-30T09:07:45+00:00,1350.0,66,185,93,11.589,4.600000000000023,30
fit:11ba0ac28d468bdc19c88c55a8774bab8f7f966b006f61c6fd30348907495707,2026-08-30T09:07:46+00:00,1351.0,139,185,93,11.598,4.600000000000023,30
fit:11ba0ac28d468bdc19c88c55a8774bab8f7f966b006f61c6fd30348907495707,2026-08-30T09:07:47+00:00,1352.0,403,186,92,11.584,4.600000000000023,30
fit:11ba0ac28d468bdc19c88c55a8774bab8f7f966b006f61c6fd30348907495707,2026-08-30T09:07:48+00:00,1353.0,494,185,92,11.455,5.0,30
fit:11ba0ac28d468bdc19c88c55a8774bab8f7f966b006f61c6fd30348907495707,2026-08-30T09:07:49+00:00,1354.0,504,185,93,11.311,5.0,30
fit:11ba0ac28d468bdc19c88c55a8774bab8f7f966b006f61c6fd30348907495707,2026-08-30T09:07:50+00:00,1355.0,384,185,96,11.515,5.0,30
fit:11ba0ac28d468bdc19c88c55a8774bab8f7f966b006f61c6fd30348907495707,2026-08-30T09:07:51+00:00,1356.0,11,185,98,11.766,4.800000000000011,30
fit:11ba0ac28d468bdc19c88c55a8774bab8f7f966b006f61c6fd30348907495707,2026-08-30T09:07:52+00:00,1357.0,12,185,68,12.06,4.800000000000011,30
fit:11ba0ac28d468bdc19c88c55a8774bab8f7f966b006f61c6fd30348907495707,2026-08-30T09:07:53+00:00,1358.0,12,185,68,12.005,4.800000000000011,30
fit:11ba0ac28d468bdc19c88c55a8774bab8f7f966b006f61c6fd30348907495707,2026-08-30T09:07:54+00:00,1359.0,107,185,53,11.896,4.800000000000011,30
fit:11ba0ac28d468bdc19c88c55a8774bab8f7f966b006f61c6fd30348907495707,2026-08-30T09:07:55+00:00,1360.0,107,185,91,11.732,4.800000000000011,30
fit:11ba0ac28d468bdc19c88c55a8774bab8f7f966b006f61c6fd30348907495707,2026-08-30T09:07:56+00:00,1361.0,249,184,91,11.574,4.800000000000011,30
fit:11ba0ac28d468bdc19c88c55a8774bab8f7f966b006f61c6fd30348907495707,2026-08-30T09:07:57+00:00,1362.0,249,184,95,11.52,4.800000000000011,30
fit:11ba0ac28d468bdc19c88c55a8774bab8f7f966b006f61c6fd30348907495707,2026-08-30T09:07:58+00:00,1363.0,129,184,95,11.71,4.800000000000011,30
fit:11ba0ac28d468bdc19c88c55a8774bab8f7f966b006f61c6fd30348907495707,2026-08-30T09:07:59+00:00,1364.0,199,184,96,11.833,4.800000000000011,30
fit:11ba0ac28d468bdc19c88c55a8774bab8f7f966b006f61c6fd30348907495707,2026-08-30T09:08:00+00:00,1365.0,178,184,97,11.926,5.600000000000023,30
fit:11ba0ac28d468bdc19c88c55a8774bab8f7f966b006f61c6fd30348907495707,2026-08-30T09:08:01+00:00,1366.0,155,185,97,11.946,5.600000000000023,30
fit:11ba0ac28d468bdc19c88c55a8774bab8f7f966b006f61c6fd30348907495707,2026-08-30T09:08:02+00:00,1367.0,93,184,97,12.072,5.600000000000023,30
fit:11ba0ac28d468bdc19c88c55a8774bab8f7f966b006f61c6fd30348907495707,2026-08-30T09:08:03+00:00,1368.0,87,184,97,12.19,5.0,30
fit:11ba0ac28d468bdc19c88c55a8774bab8f7f966b006f61c6fd30348907495707,2026-08-30T09:08:04+00:00,1369.0,109,183,97,12.011,4.800000000000011,30
fit:11ba0ac28d468bdc19c88c55a8774bab8f7f966b006f61c6fd30348907495707,2026-08-30T09:08:05+00:00,1370.0,148,183,97,11.888,4.399999999999977,30
fit:11ba0ac28d468bdc19c88c55a8774bab8f7f966b006f61c6fd30348907495707,2026-08-30T09:08:06+00:00,1371.0,116,180,97,12.043,4.399999999999977,30
fit:11ba0ac28d468bdc19c88c55a8774bab8f7f966b006f61c6fd30348907495707,2026-08-30T09:08:07+00:00,1372.0,116,180,97,12.099,4.399999999999977,30
fit:11ba0ac28d468bdc19c88c55a8774bab8f7f966b006f61c6fd30348907495707,2026-08-30T09:08:08+00:00,1373.0,69,181,97,12.081,4.800000000000011,30
fit:11ba0ac28d468bdc19c88c55a8774bab8f7f966b006f61c6fd30348907495707,2026-08-30T09:08:09+00:00,1374.0,109,181,95,12.084,5.600000000000023,30
fit:11ba0ac28d468bdc19c88c55a8774bab8f7f966b006f61c6fd30348907495707,2026-08-30T09:08:10+00:00,1375.0,283,180,83,12.029,5.600000000000023,30
fit:11ba0ac28d468bdc19c88c55a8774bab8f7f966b006f61c6fd30348907495707,2026-08-30T09:08:11+00:00,1376.0,212,179,96,11.9,5.600000000000023,30
fit:11ba0ac28d468bdc19c88c55a8774bab8f7f966b006f61c6fd30348907495707,2026-08-30T09:08:12+00:00,1377.0,142,179,96,11.975,5.0,30
fit:11ba0ac28d468bdc19c88c55a8774bab8f7f966b006f61c6fd30348907495707,2026-08-30T09:08:13+00:00,1378.0,195,179,93,11.95,4.600000000000023,30
fit:11ba0ac28d468bdc19c88c55a8774bab8f7f966b006f61c6fd30348907495707,2026-08-30T09:08:14+00:00,1379.0,194,179,96,11.933,4.600000000000023,30
fit:11ba0ac28d468bdc19c88c55a8774bab8f7f966b006f61c6fd30348907495707,2026-08-30T09:08:15+00:00,1380.0,194,177,96,11.842,4.600000000000023,30
fit:11ba0ac28d468bdc19c88c55a8774bab8f7f966b006f61c6fd30348907495707,2026-08-30T09:08:16+00:00,1381.0,194,177,96,11.789,4.600000000000023,30
fit:11ba0ac28d468bdc19c88c55a8774bab8f7f966b006f61c6fd30348907495707,2026-08-30T09:08:17+00:00,1382.0,69,177,96,11.766,4.0,30
fit:11ba0ac28d468bdc19c88c55a8774bab8f7f966b006f61c6fd30348907495707,2026-08-30T09:08:18+00:00,1383.0,475,176,91,11.675,4.0,30
fit:11ba0ac28d468bdc19c88c55a8774bab8f7f966b006f61c6fd30348907495707,2026-08-30T09:08:19+00:00,1384.0,338,175,94,11.659,4.0,30
fit:11ba0ac28d468bdc19c88c55a8774bab8f7f966b006f61c6fd30348907495707,2026-08-30T09:08:20+00:00,1385.0,234,174,97,11.81,4.0,30
fit:11ba0ac28d468bdc19c88c55a8774bab8f7f966b006f61c6fd30348907495707,2026-08-30T09:08:21+00:00,1386.0,186,174,97,11.842,4.0,30
fit:11ba0ac28d468bdc19c88c55a8774bab8f7f966b006f61c6fd30348907495707,2026-08-30T09:08:22+00:00,1387.0,281,173,98,11.999,4.0,30
fit:11ba0ac28d468bdc19c88c55a8774bab8f7f966b006f61c6fd30348907495707,2026-08-30T09:08:23+00:00,1388.0,578,173,99,12.123,4.0,30
fit:11ba0ac28d468bdc19c88c55a8774bab8f7f966b006f61c6fd30348907495707,2026-08-30T09:08:24+00:00,1389.0,605,172,100,12.224,4.0,30
fit:11ba0ac28d468bdc19c88c55a8774bab8f7f966b006f61c6fd30348907495707,2026-08-30T09:08:25+00:00,1390.0,648,172,103,12.275,4.0,30
fit:11ba0ac28d468bdc19c88c55a8774bab8f7f966b006f61c6fd30348907495707,2026-08-30T09:08:26+00:00,1391.0,648,172,105,12.583,3.0,30
fit:11ba0ac28d468bdc19c88c55a8774bab8f7f966b006f61c6fd30348907495707,2026-08-30T09:08:27+00:00,1392.0,442,172,105,12.831,2.8000000000000114,30
fit:11ba0ac28d468bdc19c88c55a8774bab8f7f966b006f61c6fd30348907495707,2026-08-30T09:08:28+00:00,1393.0,608,171,103,13.074,2.6000000000000227,30
fit:11ba0ac28d468bdc19c88c55a8774bab8f7f966b006f61c6fd30348907495707,2026-08-30T09:08:29+00:00,1394.0,711,171,103,13.269,2.6000000000000227,30
fit:11ba0ac28d468bdc19c88c55a8774bab8f7f966b006f61c6fd30348907495707,2026-08-30T09:08:30+00:00,1395.0,607,172,105,13.407,2.6000000000000227,30
fit:11ba0ac28d468bdc19c88c55a8774bab8f7f966b006f61c6fd30348907495707,2026-08-30T09:08:31+00:00,1396.0,622,172,107,13.742,2.6000000000000227,30
fit:11ba0ac28d468bdc19c88c55a8774bab8f7f966b006f61c6fd30348907495707,2026-08-30T09:08:32+00:00,1397.0,534,172,109,13.927,3.6000000000000227,30
fit:11ba0ac28d468bdc19c88c55a8774bab8f7f966b006f61c6fd30348907495707,2026-08-30T09:08:33+00:00,1398.0,506,173,111,14.152,4.600000000000023,30
fit:11ba0ac28d468bdc19c88c55a8774bab8f7f966b006f61c6fd30348907495707,2026-08-30T09:08:34+00:00,1399.0,220,174,111,14.328,4.800000000000011,30
fit:11ba0ac28d468bdc19c88c55a8774bab8f7f966b006f61c6fd30348907495707,2026-08-30T09:08:35+00:00,1400.0,141,175,110,14.521,4.800000000000011,30
fit:11ba0ac28d468bdc19c88c55a8774bab8f7f966b006f61c6fd30348907495707,2026-08-30T09:08:36+00:00,1401.0,234,176,102,14.682,4.800000000000011,30
fit:11ba0ac28d468bdc19c88c55a8774bab8f7f966b006f61c6fd30348907495707,2026-08-30T09:08:37+00:00,1402.0,470,176,102,14.714,4.800000000000011,30
fit:11ba0ac28d468bdc19c88c55a8774bab8f7f966b006f61c6fd30348907495707,2026-08-30T09:08:38+00:00,1403.0,470,178,103,14.633,4.800000000000011,30
fit:11ba0ac28d468bdc19c88c55a8774bab8f7f966b006f61c6fd30348907495707,2026-08-30T09:08:39+00:00,1404.0,311,178,104,14.707,5.0,30
fit:11ba0ac28d468bdc19c88c55a8774bab8f7f966b006f61c6fd30348907495707,2026-08-30T09:08:40+00:00,1405.0,311,179,104,14.879,5.0,30
fit:11ba0ac28d468bdc19c88c55a8774bab8f7f966b006f61c6fd30348907495707,2026-08-30T09:08:41+00:00,1406.0,331,180,104,14.995,5.0,30
fit:11ba0ac28d468bdc19c88c55a8774bab8f7f966b006f61c6fd30348907495707,2026-08-30T09:08:42+00:00,1407.0,331,181,103,14.792,5.0,30
fit:11ba0ac28d468bdc19c88c55a8774bab8f7f966b006f61c6fd30348907495707,2026-08-30T09:08:43+00:00,1408.0,541,181,103,14.652,5.0,30
fit:11ba0ac28d468bdc19c88c55a8774bab8f7f966b006f61c6fd30348907495707,2026-08-30T09:08:44+00:00,1409.0,338,182,104,14.787,5.0,30
fit:11ba0ac28d468bdc19c88c55a8774bab8f7f966b006f61c6fd30348907495707,2026-08-30T09:08:45+00:00,1410.0,123,182,105,14.707,4.0,30
fit:11ba0ac28d468bdc19c88c55a8774bab8f7f966b006f61c6fd30348907495707,2026-08-30T09:08:46+00:00,1411.0,106,183,103,14.857,4.0,30
fit:11ba0ac28d468bdc19c88c55a8774bab8f7f966b006f61c6fd30348907495707,2026-08-30T09:08:47+00:00,1412.0,14,184,100,14.836,4.0,30
fit:11ba0ac28d468bdc19c88c55a8774bab8f7f966b006f61c6fd30348907495707,2026-08-30T09:08:48+00:00,1413.0,10,184,75,14.729,4.0,30
fit:11ba0ac28d468bdc19c88c55a8774bab8f7f966b006f61c6fd30348907495707,2026-08-30T09:08:49+00:00,1414.0,37,184,66,14.714,4.0,30
fit:11ba0ac28d468bdc19c88c55a8774bab8f7f966b006f61c6fd30348907495707,2026-08-30T09:08:50+00:00,1415.0,82,185,94,14.487,3.8000000000000114,30
fit:11ba0ac28d468bdc19c88c55a8774bab8f7f966b006f61c6fd30348907495707,2026-08-30T09:08:51+00:00,1416.0,82,185,94,14.332,3.3999999999999773,30
fit:11ba0ac28d468bdc19c88c55a8774bab8f7f966b006f61c6fd30348907495707,2026-08-30T09:08:52+00:00,1417.0,82,185,94,14.038,3.3999999999999773,30
fit:11ba0ac28d468bdc19c88c55a8774bab8f7f966b006f61c6fd30348907495707,2026-08-30T09:08:53+00:00,1418.0,82,185,94,13.776,3.3999999999999773,30
fit:11ba0ac28d468bdc19c88c55a8774bab8f7f966b006f61c6fd30348907495707,2026-08-30T09:08:54+00:00,1419.0,0,186,94,13.517,3.6000000000000227,30
fit:11ba0ac28d468bdc19c88c55a8774bab8f7f966b006f61c6fd30348907495707,2026-08-30T09:08:55+00:00,1420.0,0,186,0,13.204,4.199999999999989,30
fit:11ba0ac28d468bdc19c88c55a8774bab8f7f966b006f61c6fd30348907495707,2026-08-30T09:08:56+00:00,1421.0,0,186,0,12.446,4.199999999999989,30
fit:11ba0ac28d468bdc19c88c55a8774bab8f7f966b006f61c6fd30348907495707,2026-08-30T09:08:57+00:00,1422.0,0,186,0,11.463,4.199999999999989,30
fit:11ba0ac28d468bdc19c88c55a8774bab8f7f966b006f61c6fd30348907495707,2026-08-30T09:08:58+00:00,1423.0,0,186,0,10.655,4.199999999999989,30
fit:11ba0ac28d468bdc19c88c55a8774bab8f7f966b006f61c6fd30348907495707,2026-08-30T09:08:59+00:00,1424.0,58,186,0,10.199,4.199999999999989,30
fit:11ba0ac28d468bdc19c88c55a8774bab8f7f966b006f61c6fd30348907495707,2026-08-30T09:09:00+00:00,1425.0,730,186,0,9.671,4.199999999999989,30
fit:11ba0ac28d468bdc19c88c55a8774bab8f7f966b006f61c6fd30348907495707,2026-08-30T09:09:01+00:00,1426.0,753,185,77,9.398,4.199999999999989,30
fit:11ba0ac28d468bdc19c88c55a8774bab8f7f966b006f61c6fd30348907495707,2026-08-30T09:09:02+00:00,1427.0,787,185,82,9.66,4.199999999999989,30
fit:11ba0ac28d468bdc19c88c55a8774bab8f7f966b006f61c6fd30348907495707,2026-08-30T09:09:03+00:00,1428.0,896,185,89,10.067,4.199999999999989,30
fit:11ba0ac28d468bdc19c88c55a8774bab8f7f966b006f61c6fd30348907495707,2026-08-30T09:09:04+00:00,1429.0,834,185,89,10.706,3.3999999999999773,30
fit:11ba0ac28d468bdc19c88c55a8774bab8f7f966b006f61c6fd30348907495707,2026-08-30T09:09:05+00:00,1430.0,754,185,99,11.84,3.1999999999999886,30
fit:11ba0ac28d468bdc19c88c55a8774bab8f7f966b006f61c6fd30348907495707,2026-08-30T09:09:06+00:00,1431.0,778,185,107,12.836,3.1999999999999886,30
fit:11ba0ac28d468bdc19c88c55a8774bab8f7f966b006f61c6fd30348907495707,2026-08-30T09:09:07+00:00,1432.0,146,185,107,13.672,3.1999999999999886,30
fit:11ba0ac28d468bdc19c88c55a8774bab8f7f966b006f61c6fd30348907495707,2026-08-30T09:09:08+00:00,1433.0,432,185,107,14.201,3.1999999999999886,30
fit:11ba0ac28d468bdc19c88c55a8774bab8f7f966b006f61c6fd30348907495707,2026-08-30T09:09:09+00:00,1434.0,362,185,107,14.216,2.1999999999999886,30
fit:11ba0ac28d468bdc19c88c55a8774bab8f7f966b006f61c6fd30348907495707,2026-08-30T09:09:10+00:00,1435.0,138,185,100,14.288,1.1999999999999886,30
fit:11ba0ac28d468bdc19c88c55a8774bab8f7f966b006f61c6fd30348907495707,2026-08-30T09:09:11+00:00,1436.0,122,186,99,14.198,1.1999999999999886,30
fit:11ba0ac28d468bdc19c88c55a8774bab8f7f966b006f61c6fd30348907495707,2026-08-30T09:09:12+00:00,1437.0,123,186,98,14.17,1.1999999999999886,30
fit:11ba0ac28d468bdc19c88c55a8774bab8f7f966b006f61c6fd30348907495707,2026-08-30T09:09:13+00:00,1438.0,123,186,98,14.219,1.3999999999999773,30
fit:11ba0ac28d468bdc19c88c55a8774bab8f7f966b006f61c6fd30348907495707,2026-08-30T09:09:14+00:00,1439.0,42,187,98,14.199,1.8000000000000114,30
fit:11ba0ac28d468bdc19c88c55a8774bab8f7f966b006f61c6fd30348907495707,2026-08-30T09:09:15+00:00,1440.0,635,188,24,14.04,1.8000000000000114,30
fit:11ba0ac28d468bdc19c88c55a8774bab8f7f966b006f61c6fd30348907495707,2026-08-30T09:09:16+00:00,1441.0,250,188,96,13.679,1.8000000000000114,30
fit:11ba0ac28d468bdc19c88c55a8774bab8f7f966b006f61c6fd30348907495707,2026-08-30T09:09:17+00:00,1442.0,105,188,97,14.094,1.8000000000000114,30
fit:11ba0ac28d468bdc19c88c55a8774bab8f7f966b006f61c6fd30348907495707,2026-08-30T09:09:18+00:00,1443.0,266,189,96,13.937,2.1999999999999886,30
fit:11ba0ac28d468bdc19c88c55a8774bab8f7f966b006f61c6fd30348907495707,2026-08-30T09:09:19+00:00,1444.0,645,190,96,13.829,3.1999999999999886,30
fit:11ba0ac28d468bdc19c88c55a8774bab8f7f966b006f61c6fd30348907495707,2026-08-30T09:09:20+00:00,1445.0,645,190,98,13.889,3.1999999999999886,30
fit:11ba0ac28d468bdc19c88c55a8774bab8f7f966b006f61c6fd30348907495707,2026-08-30T09:09:21+00:00,1446.0,367,190,100,14.109,3.1999999999999886,30
fit:11ba0ac28d468bdc19c88c55a8774bab8f7f966b006f61c6fd30348907495707,2026-08-30T09:09:22+00:00,1447.0,368,190,100,14.086,3.1999999999999886,30
fit:11ba0ac28d468bdc19c88c55a8774bab8f7f966b006f61c6fd30348907495707,2026-08-30T09:09:23+00:00,1448.0,164,191,100,14.166,3.1999999999999886,30
fit:11ba0ac28d468bdc19c88c55a8774bab8f7f966b006f61c6fd30348907495707,2026-08-30T09:09:24+00:00,1449.0,157,191,100,14.277,3.1999999999999886,30
fit:11ba0ac28d468bdc19c88c55a8774bab8f7f966b006f61c6fd30348907495707,2026-08-30T09:09:25+00:00,1450.0,324,192,99,14.227,2.8000000000000114,30
fit:11ba0ac28d468bdc19c88c55a8774bab8f7f966b006f61c6fd30348907495707,2026-08-30T09:09:26+00:00,1451.0,560,192,99,14.213,2.8000000000000114,30
fit:11ba0ac28d468bdc19c88c55a8774bab8f7f966b006f61c6fd30348907495707,2026-08-30T09:09:27+00:00,1452.0,560,191,100,14.249,2.3999999999999773,30
fit:11ba0ac28d468bdc19c88c55a8774bab8f7f966b006f61c6fd30348907495707,2026-08-30T09:09:28+00:00,1453.0,646,191,101,14.238,2.1999999999999886,30
fit:11ba0ac28d468bdc19c88c55a8774bab8f7f966b006f61c6fd30348907495707,2026-08-30T09:09:29+00:00,1454.0,356,191,102,14.367,1.1999999999999886,30
fit:11ba0ac28d468bdc19c88c55a8774bab8f7f966b006f61c6fd30348907495707,2026-08-30T09:09:30+00:00,1455.0,309,191,103,14.463,1.1999999999999886,30
fit:11ba0ac28d468bdc19c88c55a8774bab8f7f966b006f61c6fd30348907495707,2026-08-30T09:09:31+00:00,1456.0,492,191,103,14.559,1.1999999999999886,30
fit:11ba0ac28d468bdc19c88c55a8774bab8f7f966b006f61c6fd30348907495707,2026-08-30T09:09:32+00:00,1457.0,533,192,103,14.726,2.1999999999999886,30
fit:11ba0ac28d468bdc19c88c55a8774bab8f7f966b006f61c6fd30348907495707,2026-08-30T09:09:33+00:00,1458.0,384,192,104,14.659,3.0,30
fit:11ba0ac28d468bdc19c88c55a8774bab8f7f966b006f61c6fd30348907495707,2026-08-30T09:09:34+00:00,1459.0,62,192,105,14.971,4.0,30
fit:11ba0ac28d468bdc19c88c55a8774bab8f7f966b006f61c6fd30348907495707,2026-08-30T09:09:35+00:00,1460.0,62,193,76,14.954,4.0,30
fit:11ba0ac28d468bdc19c88c55a8774bab8f7f966b006f61c6fd30348907495707,2026-08-30T09:09:36+00:00,1461.0,192,193,96,14.867,4.0,30
fit:11ba0ac28d468bdc19c88c55a8774bab8f7f966b006f61c6fd30348907495707,2026-08-30T09:09:37+00:00,1462.0,194,193,96,14.791,3.1999999999999886,30
fit:11ba0ac28d468bdc19c88c55a8774bab8f7f966b006f61c6fd30348907495707,2026-08-30T09:09:38+00:00,1463.0,43,193,83,14.805,2.1999999999999886,30
fit:11ba0ac28d468bdc19c88c55a8774bab8f7f966b006f61c6fd30348907495707,2026-08-30T09:09:39+00:00,1464.0,43,194,85,14.717,2.1999999999999886,30
fit:11ba0ac28d468bdc19c88c55a8774bab8f7f966b006f61c6fd30348907495707,2026-08-30T09:09:40+00:00,1465.0,43,194,85,14.619,2.1999999999999886,30
fit:11ba0ac28d468bdc19c88c55a8774bab8f7f966b006f61c6fd30348907495707,2026-08-30T09:09:41+00:00,1466.0,43,193,85,14.564,2.3999999999999773,30
fit:11ba0ac28d468bdc19c88c55a8774bab8f7f966b006f61c6fd30348907495707,2026-08-30T09:09:42+00:00,1467.0,0,194,0,14.436,2.8000000000000114,30
fit:11ba0ac28d468bdc19c88c55a8774bab8f7f966b006f61c6fd30348907495707,2026-08-30T09:09:43+00:00,1468.0,0,194,59,14.289,3.8000000000000114,30
fit:11ba0ac28d468bdc19c88c55a8774bab8f7f966b006f61c6fd30348907495707,2026-08-30T09:09:44+00:00,1469.0,0,194,59,14.143,3.8000000000000114,30
fit:11ba0ac28d468bdc19c88c55a8774bab8f7f966b006f61c6fd30348907495707,2026-08-30T09:09:45+00:00,1470.0,0,194,59,13.852,3.8000000000000114,30
fit:11ba0ac28d468bdc19c88c55a8774bab8f7f966b006f61c6fd30348907495707,2026-08-30T09:09:46+00:00,1471.0,0,194,59,13.502,3.8000000000000114,30
fit:11ba0ac28d468bdc19c88c55a8774bab8f7f966b006f61c6fd30348907495707,2026-08-30T09:09:47+00:00,1472.0,0,194,0,13.22,3.8000000000000114,30
fit:11ba0ac28d468bdc19c88c55a8774bab8f7f966b006f61c6fd30348907495707,2026-08-30T09:09:48+00:00,1473.0,74,194,30,12.786,3.3999999999999773,30
fit:11ba0ac28d468bdc19c88c55a8774bab8f7f966b006f61c6fd30348907495707,2026-08-30T09:09:49+00:00,1474.0,187,193,30,12.509,2.8000000000000114,30
fit:11ba0ac28d468bdc19c88c55a8774bab8f7f966b006f61c6fd30348907495707,2026-08-30T09:09:50+00:00,1475.0,378,193,45,12.379,2.1999999999999886,30
fit:11ba0ac28d468bdc19c88c55a8774bab8f7f966b006f61c6fd30348907495707,2026-08-30T09:09:51+00:00,1476.0,14,193,82,12.227,2.1999999999999886,30
fit:11ba0ac28d468bdc19c88c55a8774bab8f7f966b006f61c6fd30348907495707,2026-08-30T09:09:52+00:00,1477.0,14,193,77,12.656,2.1999999999999886,30
fit:11ba0ac28d468bdc19c88c55a8774bab8f7f966b006f61c6fd30348907495707,2026-08-30T09:09:53+00:00,1478.0,14,193,78,12.704,2.1999999999999886,30
fit:11ba0ac28d468bdc19c88c55a8774bab8f7f966b006f61c6fd30348907495707,2026-08-30T09:09:54+00:00,1479.0,14,193,74,12.667,3.0,30
fit:11ba0ac28d468bdc19c88c55a8774bab8f7f966b006f61c6fd30348907495707,2026-08-30T09:09:55+00:00,1480.0,17,192,74,12.524,3.0,30
fit:11ba0ac28d468bdc19c88c55a8774bab8f7f966b006f61c6fd30348907495707,2026-08-30T09:09:56+00:00,1481.0,39,192,26,12.346,3.0,30
fit:11ba0ac28d468bdc19c88c55a8774bab8f7f966b006f61c6fd30348907495707,2026-08-30T09:09:57+00:00,1482.0,39,191,78,12.345,2.0,30
fit:11ba0ac28d468bdc19c88c55a8774bab8f7f966b006f61c6fd30348907495707,2026-08-30T09:09:58+00:00,1483.0,39,189,78,12.249,1.1999999999999886,30
fit:11ba0ac28d468bdc19c88c55a8774bab8f7f966b006f61c6fd30348907495707,2026-08-30T09:09:59+00:00,1484.0,24,188,78,12.089,1.1999999999999886,30
fit:11ba0ac28d468bdc19c88c55a8774bab8f7f966b006f61c6fd30348907495707,2026-08-30T09:10:00+00:00,1485.0,236,188,72,11.966,1.1999999999999886,30
fit:11ba0ac28d468bdc19c88c55a8774bab8f7f966b006f61c6fd30348907495707,2026-08-30T09:10:01+00:00,1486.0,405,186,75,11.822,1.1999999999999886,30
fit:11ba0ac28d468bdc19c88c55a8774bab8f7f966b006f61c6fd30348907495707,2026-08-30T09:10:02+00:00,1487.0,405,187,75,11.786,1.1999999999999886,30
fit:11ba0ac28d468bdc19c88c55a8774bab8f7f966b006f61c6fd30348907495707,2026-08-30T09:10:03+00:00,1488.0,307,189,75,11.69,0.19999999999998863,30
fit:11ba0ac28d468bdc19c88c55a8774bab8f7f966b006f61c6fd30348907495707,2026-08-30T09:10:04+00:00,1489.0,382,188,76,11.828,0.19999999999998863,30
fit:11ba0ac28d468bdc19c88c55a8774bab8f7f966b006f61c6fd30348907495707,2026-08-30T09:10:05+00:00,1490.0,322,188,78,11.97,0.19999999999998863,30
fit:11ba0ac28d468bdc19c88c55a8774bab8f7f966b006f61c6fd30348907495707,2026-08-30T09:10:06+00:00,1491.0,484,187,79,12.035,0.19999999999998863,30
fit:11ba0ac28d468bdc19c88c55a8774bab8f7f966b006f61c6fd30348907495707,2026-08-30T09:10:07+00:00,1492.0,484,186,80,12.106,1.0,30
fit:11ba0ac28d468bdc19c88c55a8774bab8f7f966b006f61c6fd30348907495707,2026-08-30T09:10:08+00:00,1493.0,361,185,80,12.271,1.0,30
fit:11ba0ac28d468bdc19c88c55a8774bab8f7f966b006f61c6fd30348907495707,2026-08-30T09:10:09+00:00,1494.0,308,185,81,12.431,1.0,30
fit:11ba0ac28d468bdc19c88c55a8774bab8f7f966b006f61c6fd30348907495707,2026-08-30T09:10:10+00:00,1495.0,342,184,81,12.432,0.0,30
fit:11ba0ac28d468bdc19c88c55a8774bab8f7f966b006f61c6fd30348907495707,2026-08-30T09:10:11+00:00,1496.0,310,183,81,12.478,0.0,30
fit:11ba0ac28d468bdc19c88c55a8774bab8f7f966b006f61c6fd30348907495707,2026-08-30T09:10:12+00:00,1497.0,426,182,82,12.585,0.0,30
fit:11ba0ac28d468bdc19c88c55a8774bab8f7f966b006f61c6fd30348907495707,2026-08-30T09:10:13+00:00,1498.0,426,182,82,12.588,1.0,30
fit:11ba0ac28d468bdc19c88c55a8774bab8f7f966b006f61c6fd30348907495707,2026-08-30T09:10:14+00:00,1499.0,912,182,85,12.792,1.6000000000000227,30
fit:11ba0ac28d468bdc19c88c55a8774bab8f7f966b006f61c6fd30348907495707,2026-08-30T09:10:15+00:00,1500.0,937,181,88,13.17,1.6000000000000227,30
fit:11ba0ac28d468bdc19c88c55a8774bab8f7f966b006f61c6fd30348907495707,2026-08-30T09:10:16+00:00,1501.0,938,181,90,13.442,1.6000000000000227,30
fit:11ba0ac28d468bdc19c88c55a8774bab8f7f966b006f61c6fd30348907495707,2026-08-30T09:10:17+00:00,1502.0,914,181,92,13.842,0.6000000000000227,30
fit:11ba0ac28d468bdc19c88c55a8774bab8f7f966b006f61c6fd30348907495707,2026-08-30T09:10:18+00:00,1503.0,911,181,95,14.259,0.6000000000000227,30
fit:11ba0ac28d468bdc19c88c55a8774bab8f7f966b006f61c6fd30348907495707,2026-08-30T09:10:19+00:00,1504.0,832,182,95,14.517,0.6000000000000227,30
fit:11ba0ac28d468bdc19c88c55a8774bab8f7f966b006f61c6fd30348907495707,2026-08-30T09:10:20+00:00,1505.0,804,181,97,14.671,0.6000000000000227,30
fit:11ba0ac28d468bdc19c88c55a8774bab8f7f966b006f61c6fd30348907495707,2026-08-30T09:10:21+00:00,1506.0,804,183,98,14.609,0.6000000000000227,30
fit:11ba0ac28d468bdc19c88c55a8774bab8f7f966b006f61c6fd30348907495707,2026-08-30T09:10:22+00:00,1507.0,811,184,98,15.082,0.6000000000000227,30
fit:11ba0ac28d468bdc19c88c55a8774bab8f7f966b006f61c6fd30348907495707,2026-08-30T09:10:23+00:00,1508.0,159,184,61,15.318,-0.19999999999998863,30
fit:11ba0ac28d468bdc19c88c55a8774bab8f7f966b006f61c6fd30348907495707,2026-08-30T09:10:24+00:00,1509.0,591,186,61,15.25,-0.39999999999997726,30
fit:11ba0ac28d468bdc19c88c55a8774bab8f7f966b006f61c6fd30348907495707,2026-08-30T09:10:25+00:00,1510.0,475,188,97,14.987,-0.39999999999997726,30
fit:11ba0ac28d468bdc19c88c55a8774bab8f7f966b006f61c6fd30348907495707,2026-08-30T09:10:26+00:00,1511.0,346,189,97,15.042,-0.39999999999997726,30
fit:11ba0ac28d468bdc19c88c55a8774bab8f7f966b006f61c6fd30348907495707,2026-08-30T09:10:27+00:00,1512.0,189,189,97,15.162,0.6000000000000227,30
fit:11ba0ac28d468bdc19c88c55a8774bab8f7f966b006f61c6fd30348907495707,2026-08-30T09:10:28+00:00,1513.0,163,191,95,15.061,0.6000000000000227,30
fit:11ba0ac28d468bdc19c88c55a8774bab8f7f966b006f61c6fd30348907495707,2026-08-30T09:10:29+00:00,1514.0,102,191,94,14.933,0.6000000000000227,30
fit:11ba0ac28d468bdc19c88c55a8774bab8f7f966b006f61c6fd30348907495707,2026-08-30T09:10:30+00:00,1515.0,143,192,91,14.747,0.6000000000000227,30
fit:11ba0ac28d468bdc19c88c55a8774bab8f7f966b006f61c6fd30348907495707,2026-08-30T09:10:31+00:00,1516.0,296,190,90,14.564,0.6000000000000227,30
fit:11ba0ac28d468bdc19c88c55a8774bab8f7f966b006f61c6fd30348907495707,2026-08-30T09:10:32+00:00,1517.0,358,191,90,14.251,1.6000000000000227,30
fit:11ba0ac28d468bdc19c88c55a8774bab8f7f966b006f61c6fd30348907495707,2026-08-30T09:10:33+00:00,1518.0,358,191,89,14.061,1.6000000000000227,30
fit:11ba0ac28d468bdc19c88c55a8774bab8f7f966b006f61c6fd30348907495707,2026-08-30T09:10:34+00:00,1519.0,312,192,89,13.929,1.6000000000000227,30
fit:11ba0ac28d468bdc19c88c55a8774bab8f7f966b006f61c6fd30348907495707,2026-08-30T09:10:35+00:00,1520.0,357,190,89,13.918,1.6000000000000227,30
fit:11ba0ac28d468bdc19c88c55a8774bab8f7f966b006f61c6fd30348907495707,2026-08-30T09:10:36+00:00,1521.0,297,188,89,13.902,1.6000000000000227,30
fit:11ba0ac28d468bdc19c88c55a8774bab8f7f966b006f61c6fd30348907495707,2026-08-30T09:10:37+00:00,1522.0,352,190,89,13.861,1.6000000000000227,30
fit:11ba0ac28d468bdc19c88c55a8774bab8f7f966b006f61c6fd30348907495707,2026-08-30T09:10:38+00:00,1523.0,233,190,89,13.769,1.6000000000000227,30
fit:11ba0ac28d468bdc19c88c55a8774bab8f7f966b006f61c6fd30348907495707,2026-08-30T09:10:39+00:00,1524.0,343,194,89,13.776,1.6000000000000227,30
fit:11ba0ac28d468bdc19c88c55a8774bab8f7f966b006f61c6fd30348907495707,2026-08-30T09:10:40+00:00,1525.0,366,192,89,13.718,1.6000000000000227,30
fit:11ba0ac28d468bdc19c88c55a8774bab8f7f966b006f61c6fd30348907495707,2026-08-30T09:10:41+00:00,1526.0,209,195,89,13.663,1.6000000000000227,30
fit:11ba0ac28d468bdc19c88c55a8774bab8f7f966b006f61c6fd30348907495707,2026-08-30T09:10:42+00:00,1527.0,315,195,88,13.735,1.6000000000000227,30
fit:11ba0ac28d468bdc19c88c55a8774bab8f7f966b006f61c6fd30348907495707,2026-08-30T09:10:43+00:00,1528.0,327,195,88,13.773,2.6000000000000227,30
fit:11ba0ac28d468bdc19c88c55a8774bab8f7f966b006f61c6fd30348907495707,2026-08-30T09:10:44+00:00,1529.0,203,195,88,13.773,2.6000000000000227,30
fit:11ba0ac28d468bdc19c88c55a8774bab8f7f966b006f61c6fd30348907495707,2026-08-30T09:10:45+00:00,1530.0,140,195,87,13.716,2.6000000000000227,30
fit:11ba0ac28d468bdc19c88c55a8774bab8f7f966b006f61c6fd30348907495707,2026-08-30T09:10:46+00:00,1531.0,217,196,86,13.679,2.6000000000000227,30
fit:11ba0ac28d468bdc19c88c55a8774bab8f7f966b006f61c6fd30348907495707,2026-08-30T09:10:47+00:00,1532.0,347,195,86,13.63,2.6000000000000227,30
fit:11ba0ac28d468bdc19c88c55a8774bab8f7f966b006f61c6fd30348907495707,2026-08-30T09:10:48+00:00,1533.0,188,196,86,13.55,2.8000000000000114,30
fit:11ba0ac28d468bdc19c88c55a8774bab8f7f966b006f61c6fd30348907495707,2026-08-30T09:10:49+00:00,1534.0,222,196,86,13.447,3.3999999999999773,30
fit:11ba0ac28d468bdc19c88c55a8774bab8f7f966b006f61c6fd30348907495707,2026-08-30T09:10:50+00:00,1535.0,540,196,86,13.46,3.3999999999999773,30
fit:11ba0ac28d468bdc19c88c55a8774bab8f7f966b006f61c6fd30348907495707,2026-08-30T09:10:51+00:00,1536.0,579,195,87,13.484,3.3999999999999773,30
fit:11ba0ac28d468bdc19c88c55a8774bab8f7f966b006f61c6fd30348907495707,2026-08-30T09:10:52+00:00,1537.0,579,195,88,13.598,3.3999999999999773,30
fit:11ba0ac28d468bdc19c88c55a8774bab8f7f966b006f61c6fd30348907495707,2026-08-30T09:10:53+00:00,1538.0,491,195,88,13.716,3.3999999999999773,30
fit:11ba0ac28d468bdc19c88c55a8774bab8f7f966b006f61c6fd30348907495707,2026-08-30T09:10:54+00:00,1539.0,506,195,90,13.877,3.3999999999999773,30
fit:11ba0ac28d468bdc19c88c55a8774bab8f7f966b006f61c6fd30348907495707,2026-08-30T09:10:55+00:00,1540.0,65,196,92,14.059,3.6000000000000227,30
fit:11ba0ac28d468bdc19c88c55a8774bab8f7f966b006f61c6fd30348907495707,2026-08-30T09:10:56+00:00,1541.0,66,196,88,14.358,4.600000000000023,30
fit:11ba0ac28d468bdc19c88c55a8774bab8f7f966b006f61c6fd30348907495707,2026-08-30T09:10:57+00:00,1542.0,66,196,88,14.3,5.199999999999989,30
fit:11ba0ac28d468bdc19c88c55a8774bab8f7f966b006f61c6fd30348907495707,2026-08-30T09:10:58+00:00,1543.0,66,196,75,14.068,5.199999999999989,30
fit:11ba0ac28d468bdc19c88c55a8774bab8f7f966b006f61c6fd30348907495707,2026-08-30T09:10:59+00:00,1544.0,66,194,55,13.975,5.199999999999989,30
fit:11ba0ac28d468bdc19c88c55a8774bab8f7f966b006f61c6fd30348907495707,2026-08-30T09:11:00+00:00,1545.0,176,194,50,13.827,4.199999999999989,30
fit:11ba0ac28d468bdc19c88c55a8774bab8f7f966b006f61c6fd30348907495707,2026-08-30T09:11:01+00:00,1546.0,72,194,84,13.572,3.8000000000000114,30
fit:11ba0ac28d468bdc19c88c55a8774bab8f7f966b006f61c6fd30348907495707,2026-08-30T09:11:02+00:00,1547.0,73,192,83,13.35,2.8000000000000114,30
fit:11ba0ac28d468bdc19c88c55a8774bab8f7f966b006f61c6fd30348907495707,2026-08-30T09:11:03+00:00,1548.0,80,191,83,13.13,2.8000000000000114,30
fit:11ba0ac28d468bdc19c88c55a8774bab8f7f966b006f61c6fd30348907495707,2026-08-30T09:11:04+00:00,1549.0,45,191,81,12.972,2.8000000000000114,30
fit:11ba0ac28d468bdc19c88c55a8774bab8f7f966b006f61c6fd30348907495707,2026-08-30T09:11:05+00:00,1550.0,21,191,81,12.857,2.8000000000000114,30
fit:11ba0ac28d468bdc19c88c55a8774bab8f7f966b006f61c6fd30348907495707,2026-08-30T09:11:06+00:00,1551.0,11,196,79,12.734,2.8000000000000114,30
fit:11ba0ac28d468bdc19c88c55a8774bab8f7f966b006f61c6fd30348907495707,2026-08-30T09:11:07+00:00,1552.0,11,196,71,12.642,2.8000000000000114,30
fit:11ba0ac28d468bdc19c88c55a8774bab8f7f966b006f61c6fd30348907495707,2026-08-30T09:11:08+00:00,1553.0,11,195,71,12.513,2.8000000000000114,30
fit:11ba0ac28d468bdc19c88c55a8774bab8f7f966b006f61c6fd30348907495707,2026-08-30T09:11:09+00:00,1554.0,41,195,73,12.217,2.8000000000000114,30
fit:11ba0ac28d468bdc19c88c55a8774bab8f7f966b006f61c6fd30348907495707,2026-08-30T09:11:10+00:00,1555.0,136,193,73,12.006,2.8000000000000114,30
fit:11ba0ac28d468bdc19c88c55a8774bab8f7f966b006f61c6fd30348907495707,2026-08-30T09:11:11+00:00,1556.0,98,190,77,11.693,2.8000000000000114,30
fit:11ba0ac28d468bdc19c88c55a8774bab8f7f966b006f61c6fd30348907495707,2026-08-30T09:11:12+00:00,1557.0,15,190,77,11.505,2.8000000000000114,30
fit:11ba0ac28d468bdc19c88c55a8774bab8f7f966b006f61c6fd30348907495707,2026-08-30T09:11:13+00:00,1558.0,15,189,71,11.231,2.8000000000000114,30
fit:11ba0ac28d468bdc19c88c55a8774bab8f7f966b006f61c6fd30348907495707,2026-08-30T09:11:14+00:00,1559.0,15,191,71,11.155,2.6000000000000227,30
fit:11ba0ac28d468bdc19c88c55a8774bab8f7f966b006f61c6fd30348907495707,2026-08-30T09:11:15+00:00,1560.0,15,191,71,10.995,2.6000000000000227,30
fit:11ba0ac28d468bdc19c88c55a8774bab8f7f966b006f61c6fd30348907495707,2026-08-30T09:11:16+00:00,1561.0,15,191,71,10.683,2.6000000000000227,30
fit:11ba0ac28d468bdc19c88c55a8774bab8f7f966b006f61c6fd30348907495707,2026-08-30T09:11:17+00:00,1562.0,9,192,71,10.388,2.6000000000000227,30
fit:11ba0ac28d468bdc19c88c55a8774bab8f7f966b006f61c6fd30348907495707,2026-08-30T09:11:18+00:00,1563.0,9,191,0,9.723,2.6000000000000227,30
fit:11ba0ac28d468bdc19c88c55a8774bab8f7f966b006f61c6fd30348907495707,2026-08-30T09:11:19+00:00,1564.0,246,190,0,9.154,2.6000000000000227,30
fit:11ba0ac28d468bdc19c88c55a8774bab8f7f966b006f61c6fd30348907495707,2026-08-30T09:11:20+00:00,1565.0,565,190,66,9.274,3.6000000000000227,30
fit:11ba0ac28d468bdc19c88c55a8774bab8f7f966b006f61c6fd30348907495707,2026-08-30T09:11:21+00:00,1566.0,716,187,68,9.778,3.8000000000000114,30
fit:11ba0ac28d468bdc19c88c55a8774bab8f7f966b006f61c6fd30348907495707,2026-08-30T09:11:22+00:00,1567.0,633,188,72,9.752,4.800000000000011,30
fit:11ba0ac28d468bdc19c88c55a8774bab8f7f966b006f61c6fd30348907495707,2026-08-30T09:11:23+00:00,1568.0,588,185,79,10.109,4.800000000000011,30
fit:11ba0ac28d468bdc19c88c55a8774bab8f7f966b006f61c6fd30348907495707,2026-08-30T09:11:24+00:00,1569.0,345,185,79,10.491,4.800000000000011,30
fit:11ba0ac28d468bdc19c88c55a8774bab8f7f966b006f61c6fd30348907495707,2026-08-30T09:11:25+00:00,1570.0,403,186,81,11.063,3.8000000000000114,30
fit:11ba0ac28d468bdc19c88c55a8774bab8f7f966b006f61c6fd30348907495707,2026-08-30T09:11:26+00:00,1571.0,190,185,82,11.36,3.8000000000000114,30
fit:11ba0ac28d468bdc19c88c55a8774bab8f7f966b006f61c6fd30348907495707,2026-08-30T09:11:27+00:00,1572.0,10,185,83,11.611,3.8000000000000114,30
fit:11ba0ac28d468bdc19c88c55a8774bab8f7f966b006f61c6fd30348907495707,2026-08-30T09:11:28+00:00,1573.0,232,185,75,11.738,3.8000000000000114,30
fit:11ba0ac28d468bdc19c88c55a8774bab8f7f966b006f61c6fd30348907495707,2026-08-30T09:11:29+00:00,1574.0,44,185,79,11.756,3.8000000000000114,30
fit:11ba0ac28d468bdc19c88c55a8774bab8f7f966b006f61c6fd30348907495707,2026-08-30T09:11:30+00:00,1575.0,44,185,79,11.851,3.8000000000000114,30
fit:11ba0ac28d468bdc19c88c55a8774bab8f7f966b006f61c6fd30348907495707,2026-08-30T09:11:31+00:00,1576.0,44,185,79,11.942,3.8000000000000114,30
fit:11ba0ac28d468bdc19c88c55a8774bab8f7f966b006f61c6fd30348907495707,2026-08-30T09:11:32+00:00,1577.0,43,185,79,11.851,3.8000000000000114,30
fit:11ba0ac28d468bdc19c88c55a8774bab8f7f966b006f61c6fd30348907495707,2026-08-30T09:11:33+00:00,1578.0,36,184,0,11.708,3.8000000000000114,30
fit:11ba0ac28d468bdc19c88c55a8774bab8f7f966b006f61c6fd30348907495707,2026-08-30T09:11:34+00:00,1579.0,783,184,82,11.592,2.8000000000000114,30
fit:11ba0ac28d468bdc19c88c55a8774bab8f7f966b006f61c6fd30348907495707,2026-08-30T09:11:35+00:00,1580.0,807,184,84,11.674,2.8000000000000114,30
fit:11ba0ac28d468bdc19c88c55a8774bab8f7f966b006f61c6fd30348907495707,2026-08-30T09:11:36+00:00,1581.0,820,184,89,12.123,2.8000000000000114,30
fit:11ba0ac28d468bdc19c88c55a8774bab8f7f966b006f61c6fd30348907495707,2026-08-30T09:11:37+00:00,1582.0,748,184,92,12.676,2.8000000000000114,30
fit:11ba0ac28d468bdc19c88c55a8774bab8f7f966b006f61c6fd30348907495707,2026-08-30T09:11:38+00:00,1583.0,721,184,96,13.011,2.8000000000000114,30
fit:11ba0ac28d468bdc19c88c55a8774bab8f7f966b006f61c6fd30348907495707,2026-08-30T09:11:39+00:00,1584.0,756,184,96,13.202,2.8000000000000114,30
fit:11ba0ac28d468bdc19c88c55a8774bab8f7f966b006f61c6fd30348907495707,2026-08-30T09:11:40+00:00,1585.0,661,185,99,13.526,2.8000000000000114,30
fit:11ba0ac28d468bdc19c88c55a8774bab8f7f966b006f61c6fd30348907495707,2026-08-30T09:11:41+00:00,1586.0,544,185,102,14.133,2.1999999999999886,30
fit:11ba0ac28d468bdc19c88c55a8774bab8f7f966b006f61c6fd30348907495707,2026-08-30T09:11:42+00:00,1587.0,247,186,102,14.318,1.1999999999999886,30
fit:11ba0ac28d468bdc19c88c55a8774bab8f7f966b006f61c6fd30348907495707,2026-08-30T09:11:43+00:00,1588.0,99,186,100,14.6,0.19999999999998863,30
fit:11ba0ac28d468bdc19c88c55a8774bab8f7f966b006f61c6fd30348907495707,2026-08-30T09:11:44+00:00,1589.0,99,186,100,14.586,0.19999999999998863,30
fit:11ba0ac28d468bdc19c88c55a8774bab8f7f966b006f61c6fd30348907495707,2026-08-30T09:11:45+00:00,1590.0,99,186,100,14.462,0.19999999999998863,30
fit:11ba0ac28d468bdc19c88c55a8774bab8f7f966b006f61c6fd30348907495707,2026-08-30T09:11:46+00:00,1591.0,99,187,100,14.214,1.1999999999999886,30
fit:11ba0ac28d468bdc19c88c55a8774bab8f7f966b006f61c6fd30348907495707,2026-08-30T09:11:47+00:00,1592.0,17,187,0,14.076,2.1999999999999886,30
fit:11ba0ac28d468bdc19c88c55a8774bab8f7f966b006f61c6fd30348907495707,2026-08-30T09:11:48+00:00,1593.0,75,188,88,13.814,3.1999999999999886,30
fit:11ba0ac28d468bdc19c88c55a8774bab8f7f966b006f61c6fd30348907495707,2026-08-30T09:11:49+00:00,1594.0,349,188,92,13.672,4.199999999999989,30
fit:11ba0ac28d468bdc19c88c55a8774bab8f7f966b006f61c6fd30348907495707,2026-08-30T09:11:50+00:00,1595.0,413,187,93,13.519,4.199999999999989,30
fit:11ba0ac28d468bdc19c88c55a8774bab8f7f966b006f61c6fd30348907495707,2026-08-30T09:11:51+00:00,1596.0,494,183,94,13.507,4.199999999999989,30
fit:11ba0ac28d468bdc19c88c55a8774bab8f7f966b006f61c6fd30348907495707,2026-08-30T09:11:52+00:00,1597.0,494,183,95,13.431,3.1999999999999886,30
fit:11ba0ac28d468bdc19c88c55a8774bab8f7f966b006f61c6fd30348907495707,2026-08-30T09:11:53+00:00,1598.0,84,183,95,13.365,3.1999999999999886,30
fit:11ba0ac28d468bdc19c88c55a8774bab8f7f966b006f61c6fd30348907495707,2026-08-30T09:11:54+00:00,1599.0,142,182,95,13.446,3.1999999999999886,30
fit:11ba0ac28d468bdc19c88c55a8774bab8f7f966b006f61c6fd30348907495707,2026-08-30T09:11:55+00:00,1600.0,94,182,94,13.502,3.1999999999999886,30
fit:11ba0ac28d468bdc19c88c55a8774bab8f7f966b006f61c6fd30348907495707,2026-08-30T09:11:56+00:00,1601.0,74,186,93,13.498,3.1999999999999886,30
fit:11ba0ac28d468bdc19c88c55a8774bab8f7f966b006f61c6fd30348907495707,2026-08-30T09:11:57+00:00,1602.0,74,186,92,13.481,3.1999999999999886,30
fit:11ba0ac28d468bdc19c88c55a8774bab8f7f966b006f61c6fd30348907495707,2026-08-30T09:11:58+00:00,1603.0,104,188,91,13.383,4.199999999999989,30
fit:11ba0ac28d468bdc19c88c55a8774bab8f7f966b006f61c6fd30348907495707,2026-08-30T09:11:59+00:00,1604.0,67,187,90,13.205,4.199999999999989,30
fit:11ba0ac28d468bdc19c88c55a8774bab8f7f966b006f61c6fd30348907495707,2026-08-30T09:12:00+00:00,1605.0,115,186,89,13.066,4.199999999999989,30
fit:11ba0ac28d468bdc19c88c55a8774bab8f7f966b006f61c6fd30348907495707,2026-08-30T09:12:01+00:00,1606.0,148,185,89,13.005,3.1999999999999886,30
fit:11ba0ac28d468bdc19c88c55a8774bab8f7f966b006f61c6fd30348907495707,2026-08-30T09:12:02+00:00,1607.0,149,185,88,12.869,2.1999999999999886,30
fit:11ba0ac28d468bdc19c88c55a8774bab8f7f966b006f61c6fd30348907495707,2026-08-30T09:12:03+00:00,1608.0,118,185,87,12.765,2.1999999999999886,30
fit:11ba0ac28d468bdc19c88c55a8774bab8f7f966b006f61c6fd30348907495707,2026-08-30T09:12:04+00:00,1609.0,312,186,87,12.619,2.1999999999999886,30
fit:11ba0ac28d468bdc19c88c55a8774bab8f7f966b006f61c6fd30348907495707,2026-08-30T09:12:05+00:00,1610.0,318,186,87,12.53,3.1999999999999886,30
fit:11ba0ac28d468bdc19c88c55a8774bab8f7f966b006f61c6fd30348907495707,2026-08-30T09:12:06+00:00,1611.0,310,188,89,12.526,3.1999999999999886,30
fit:11ba0ac28d468bdc19c88c55a8774bab8f7f966b006f61c6fd30348907495707,2026-08-30T09:12:07+00:00,1612.0,269,188,89,12.647,3.1999999999999886,30
fit:11ba0ac28d468bdc19c88c55a8774bab8f7f966b006f61c6fd30348907495707,2026-08-30T09:12:08+00:00,1613.0,198,188,89,12.781,3.1999999999999886,30
fit:11ba0ac28d468bdc19c88c55a8774bab8f7f966b006f61c6fd30348907495707,2026-08-30T09:12:09+00:00,1614.0,201,188,89,12.849,4.199999999999989,30
fit:11ba0ac28d468bdc19c88c55a8774bab8f7f966b006f61c6fd30348907495707,2026-08-30T09:12:10+00:00,1615.0,225,188,89,12.814,4.399999999999977,30
fit:11ba0ac28d468bdc19c88c55a8774bab8f7f966b006f61c6fd30348907495707,2026-08-30T09:12:11+00:00,1616.0,160,188,89,12.796,4.399999999999977,30
fit:11ba0ac28d468bdc19c88c55a8774bab8f7f966b006f61c6fd30348907495707,2026-08-30T09:12:12+00:00,1617.0,21,188,89,12.788,4.399999999999977,30
fit:11ba0ac28d468bdc19c88c55a8774bab8f7f966b006f61c6fd30348907495707,2026-08-30T09:12:13+00:00,1618.0,22,188,82,12.861,4.399999999999977,30
fit:11ba0ac28d468bdc19c88c55a8774bab8f7f966b006f61c6fd30348907495707,2026-08-30T09:12:14+00:00,1619.0,22,188,82,12.762,4.399999999999977,30
fit:11ba0ac28d468bdc19c88c55a8774bab8f7f966b006f61c6fd30348907495707,2026-08-30T09:12:15+00:00,1620.0,22,187,54,12.665,4.399999999999977,30
fit:11ba0ac28d468bdc19c88c55a8774bab8f7f966b006f61c6fd30348907495707,2026-08-30T09:12:16+00:00,1621.0,22,187,54,12.541,4.399999999999977,30
fit:11ba0ac28d468bdc19c88c55a8774bab8f7f966b006f61c6fd30348907495707,2026-08-30T09:12:17+00:00,1622.0,22,186,54,12.324,4.399999999999977,30
fit:11ba0ac28d468bdc19c88c55a8774bab8f7f966b006f61c6fd30348907495707,2026-08-30T09:12:18+00:00,1623.0,19,186,53,11.461,4.399999999999977,30
fit:11ba0ac28d468bdc19c88c55a8774bab8f7f966b006f61c6fd30348907495707,2026-08-30T09:12:19+00:00,1624.0,0,186,50,10.819,4.399999999999977,30
fit:11ba0ac28d468bdc19c88c55a8774bab8f7f966b006f61c6fd30348907495707,2026-08-30T09:12:20+00:00,1625.0,73,185,0,10.149,4.399999999999977,30
fit:11ba0ac28d468bdc19c88c55a8774bab8f7f966b006f61c6fd30348907495707,2026-08-30T09:12:21+00:00,1626.0,74,185,70,9.83,4.399999999999977,30
fit:11ba0ac28d468bdc19c88c55a8774bab8f7f966b006f61c6fd30348907495707,2026-08-30T09:12:22+00:00,1627.0,74,185,70,9.381,4.399999999999977,30
fit:11ba0ac28d468bdc19c88c55a8774bab8f7f966b006f61c6fd30348907495707,2026-08-30T09:12:23+00:00,1628.0,200,184,66,8.905,4.399999999999977,30
fit:11ba0ac28d468bdc19c88c55a8774bab8f7f966b006f61c6fd30348907495707,2026-08-30T09:12:24+00:00,1629.0,584,183,70,9.137,4.399999999999977,30
fit:11ba0ac28d468bdc19c88c55a8774bab8f7f966b006f61c6fd30348907495707,2026-08-30T09:12:25+00:00,1630.0,836,184,70,9.428,3.3999999999999773,30
fit:11ba0ac28d468bdc19c88c55a8774bab8f7f966b006f61c6fd30348907495707,2026-08-30T09:12:26+00:00,1631.0,933,183,73,9.135,3.3999999999999773,30
fit:11ba0ac28d468bdc19c88c55a8774bab8f7f966b006f61c6fd30348907495707,2026-08-30T09:12:27+00:00,1632.0,889,183,84,9.994,3.3999999999999773,30
fit:11ba0ac28d468bdc19c88c55a8774bab8f7f966b006f61c6fd30348907495707,2026-08-30T09:12:28+00:00,1633.0,889,183,90,10.805,4.199999999999989,30
fit:11ba0ac28d468bdc19c88c55a8774bab8f7f966b006f61c6fd30348907495707,2026-08-30T09:12:29+00:00,1634.0,801,183,96,11.658,4.600000000000023,30
fit:11ba0ac28d468bdc19c88c55a8774bab8f7f966b006f61c6fd30348907495707,2026-08-30T09:12:30+00:00,1635.0,689,183,96,12.577,4.600000000000023,30
fit:11ba0ac28d468bdc19c88c55a8774bab8f7f966b006f61c6fd30348907495707,2026-08-30T09:12:31+00:00,1636.0,454,183,100,12.625,4.600000000000023,30
fit:11ba0ac28d468bdc19c88c55a8774bab8f7f966b006f61c6fd30348907495707,2026-08-30T09:12:32+00:00,1637.0,337,184,101,13.297,3.6000000000000227,30
fit:11ba0ac28d468bdc19c88c55a8774bab8f7f966b006f61c6fd30348907495707,2026-08-30T09:12:33+00:00,1638.0,337,184,101,13.483,2.6000000000000227,30
fit:11ba0ac28d468bdc19c88c55a8774bab8f7f966b006f61c6fd30348907495707,2026-08-30T09:12:34+00:00,1639.0,104,184,101,13.448,2.3999999999999773,30
fit:11ba0ac28d468bdc19c88c55a8774bab8f7f966b006f61c6fd30348907495707,2026-08-30T09:12:35+00:00,1640.0,83,185,97,13.45,2.3999999999999773,30
fit:11ba0ac28d468bdc19c88c55a8774bab8f7f966b006f61c6fd30348907495707,2026-08-30T09:12:36+00:00,1641.0,32,185,90,13.452,2.3999999999999773,30
fit:11ba0ac28d468bdc19c88c55a8774bab8f7f966b006f61c6fd30348907495707,2026-08-30T09:12:37+00:00,1642.0,83,185,90,13.289,3.1999999999999886,30
fit:11ba0ac28d468bdc19c88c55a8774bab8f7f966b006f61c6fd30348907495707,2026-08-30T09:12:38+00:00,1643.0,127,186,92,13.271,3.3999999999999773,30
fit:11ba0ac28d468bdc19c88c55a8774bab8f7f966b006f61c6fd30348907495707,2026-08-30T09:12:39+00:00,1644.0,153,186,91,13.271,3.3999999999999773,30
fit:11ba0ac28d468bdc19c88c55a8774bab8f7f966b006f61c6fd30348907495707,2026-08-30T09:12:40+00:00,1645.0,126,186,91,13.207,3.3999999999999773,30
fit:11ba0ac28d468bdc19c88c55a8774bab8f7f966b006f61c6fd30348907495707,2026-08-30T09:12:41+00:00,1646.0,119,186,91,13.219,3.1999999999999886,30
fit:11ba0ac28d468bdc19c88c55a8774bab8f7f966b006f61c6fd30348907495707,2026-08-30T09:12:42+00:00,1647.0,93,187,91,13.152,2.1999999999999886,30
fit:11ba0ac28d468bdc19c88c55a8774bab8f7f966b006f61c6fd30348907495707,2026-08-30T09:12:43+00:00,1648.0,94,187,91,13.224,2.1999999999999886,30
fit:11ba0ac28d468bdc19c88c55a8774bab8f7f966b006f61c6fd30348907495707,2026-08-30T09:12:44+00:00,1649.0,94,187,91,13.175,2.1999999999999886,30
fit:11ba0ac28d468bdc19c88c55a8774bab8f7f966b006f61c6fd30348907495707,2026-08-30T09:12:45+00:00,1650.0,94,187,91,13.073,3.0,30
fit:11ba0ac28d468bdc19c88c55a8774bab8f7f966b006f61c6fd30348907495707,2026-08-30T09:12:46+00:00,1651.0,94,188,91,12.927,3.0,30
fit:11ba0ac28d468bdc19c88c55a8774bab8f7f966b006f61c6fd30348907495707,2026-08-30T09:12:47+00:00,1652.0,34,188,79,12.789,3.0,30
fit:11ba0ac28d468bdc19c88c55a8774bab8f7f966b006f61c6fd30348907495707,2026-08-30T09:12:48+00:00,1653.0,34,187,79,12.604,3.0,30
fit:11ba0ac28d468bdc19c88c55a8774bab8f7f966b006f61c6fd30348907495707,2026-08-30T09:12:49+00:00,1654.0,34,187,79,12.429,3.0,30
fit:11ba0ac28d468bdc19c88c55a8774bab8f7f966b006f61c6fd30348907495707,2026-08-30T09:12:50+00:00,1655.0,12,187,79,12.32,3.0,30
fit:11ba0ac28d468bdc19c88c55a8774bab8f7f966b006f61c6fd30348907495707,2026-08-30T09:12:51+00:00,1656.0,334,187,0,12.168,3.0,30
fit:11ba0ac28d468bdc19c88c55a8774bab8f7f966b006f61c6fd30348907495707,2026-08-30T09:12:52+00:00,1657.0,446,187,85,12.001,3.0,30
fit:11ba0ac28d468bdc19c88c55a8774bab8f7f966b006f61c6fd30348907495707,2026-08-30T09:12:53+00:00,1658.0,313,185,86,12.142,3.0,30
fit:11ba0ac28d468bdc19c88c55a8774bab8f7f966b006f61c6fd30348907495707,2026-08-30T09:12:54+00:00,1659.0,334,186,87,12.333,3.0,30
fit:11ba0ac28d468bdc19c88c55a8774bab8f7f966b006f61c6fd30348907495707,2026-08-30T09:12:55+00:00,1660.0,401,186,87,12.357,2.6000000000000227,30
fit:11ba0ac28d468bdc19c88c55a8774bab8f7f966b006f61c6fd30348907495707,2026-08-30T09:12:56+00:00,1661.0,49,186,89,12.531,2.3999999999999773,30
fit:11ba0ac28d468bdc19c88c55a8774bab8f7f966b006f61c6fd30348907495707,2026-08-30T09:12:57+00:00,1662.0,50,186,89,12.715,2.3999999999999773,30
fit:11ba0ac28d468bdc19c88c55a8774bab8f7f966b006f61c6fd30348907495707,2026-08-30T09:12:58+00:00,1663.0,50,185,89,12.73,2.3999999999999773,30
fit:11ba0ac28d468bdc19c88c55a8774bab8f7f966b006f61c6fd30348907495707,2026-08-30T09:12:59+00:00,1664.0,50,185,89,12.619,2.3999999999999773,30
fit:11ba0ac28d468bdc19c88c55a8774bab8f7f966b006f61c6fd30348907495707,2026-08-30T09:13:00+00:00,1665.0,48,184,89,12.532,2.3999999999999773,30
fit:11ba0ac28d468bdc19c88c55a8774bab8f7f966b006f61c6fd30348907495707,2026-08-30T09:13:01+00:00,1666.0,0,184,85,12.472,2.3999999999999773,30
fit:11ba0ac28d468bdc19c88c55a8774bab8f7f966b006f61c6fd30348907495707,2026-08-30T09:13:02+00:00,1667.0,0,185,0,12.389,3.3999999999999773,30
fit:11ba0ac28d468bdc19c88c55a8774bab8f7f966b006f61c6fd30348907495707,2026-08-30T09:13:03+00:00,1668.0,0,184,0,11.96,3.3999999999999773,30
fit:11ba0ac28d468bdc19c88c55a8774bab8f7f966b006f61c6fd30348907495707,2026-08-30T09:13:04+00:00,1669.0,0,183,0,11.542,3.3999999999999773,30
fit:11ba0ac28d468bdc19c88c55a8774bab8f7f966b006f61c6fd30348907495707,2026-08-30T09:13:05+00:00,1670.0,0,182,0,11.237,3.3999999999999773,30
fit:11ba0ac28d468bdc19c88c55a8774bab8f7f966b006f61c6fd30348907495707,2026-08-30T09:13:06+00:00,1671.0,0,182,0,10.818,3.8000000000000114,30
fit:11ba0ac28d468bdc19c88c55a8774bab8f7f966b006f61c6fd30348907495707,2026-08-30T09:13:07+00:00,1672.0,0,182,0,10.486,3.8000000000000114,30
fit:11ba0ac28d468bdc19c88c55a8774bab8f7f966b006f61c6fd30348907495707,2026-08-30T09:13:08+00:00,1673.0,0,181,0,9.903,3.8000000000000114,30
fit:11ba0ac28d468bdc19c88c55a8774bab8f7f966b006f61c6fd30348907495707,2026-08-30T09:13:09+00:00,1674.0,0,181,0,9.313,3.8000000000000114,30
fit:11ba0ac28d468bdc19c88c55a8774bab8f7f966b006f61c6fd30348907495707,2026-08-30T09:13:10+00:00,1675.0,0,180,0,8.281,3.0,30
fit:11ba0ac28d468bdc19c88c55a8774bab8f7f966b006f61c6fd30348907495707,2026-08-30T09:13:11+00:00,1676.0,0,180,0,7.568,3.0,31
fit:11ba0ac28d468bdc19c88c55a8774bab8f7f966b006f61c6fd30348907495707,2026-08-30T09:13:12+00:00,1677.0,0,179,50,7.178,3.0,31
fit:11ba0ac28d468bdc19c88c55a8774bab8f7f966b006f61c6fd30348907495707,2026-08-30T09:13:13+00:00,1678.0,0,179,60,7.414,3.0,31
fit:11ba0ac28d468bdc19c88c55a8774bab8f7f966b006f61c6fd30348907495707,2026-08-30T09:13:14+00:00,1679.0,870,178,60,7.747,3.0,31
fit:11ba0ac28d468bdc19c88c55a8774bab8f7f966b006f61c6fd30348907495707,2026-08-30T09:13:15+00:00,1680.0,890,178,73,8.552,3.0,31
fit:11ba0ac28d468bdc19c88c55a8774bab8f7f966b006f61c6fd30348907495707,2026-08-30T09:13:16+00:00,1681.0,849,178,82,9.2,3.0,31
fit:11ba0ac28d468bdc19c88c55a8774bab8f7f966b006f61c6fd30348907495707,2026-08-30T09:13:17+00:00,1682.0,869,177,86,10.164,2.0,31
fit:11ba0ac28d468bdc19c88c55a8774bab8f7f966b006f61c6fd30348907495707,2026-08-30T09:13:18+00:00,1683.0,792,178,91,10.807,2.0,31
fit:11ba0ac28d468bdc19c88c55a8774bab8f7f966b006f61c6fd30348907495707,2026-08-30T09:13:19+00:00,1684.0,709,179,93,11.342,2.0,31
fit:11ba0ac28d468bdc19c88c55a8774bab8f7f966b006f61c6fd30348907495707,2026-08-30T09:13:20+00:00,1685.0,743,179,95,11.997,3.0,31
fit:11ba0ac28d468bdc19c88c55a8774bab8f7f966b006f61c6fd30348907495707,2026-08-30T09:13:21+00:00,1686.0,724,179,98,12.556,3.0,31
fit:11ba0ac28d468bdc19c88c55a8774bab8f7f966b006f61c6fd30348907495707,2026-08-30T09:13:22+00:00,1687.0,649,180,101,12.681,3.0,31
fit:11ba0ac28d468bdc19c88c55a8774bab8f7f966b006f61c6fd30348907495707,2026-08-30T09:13:23+00:00,1688.0,118,181,52,12.878,2.3999999999999773,31
fit:11ba0ac28d468bdc19c88c55a8774bab8f7f966b006f61c6fd30348907495707,2026-08-30T09:13:24+00:00,1689.0,396,182,100,13.077,2.3999999999999773,31
fit:11ba0ac28d468bdc19c88c55a8774bab8f7f966b006f61c6fd30348907495707,2026-08-30T09:13:25+00:00,1690.0,25,182,100,13.139,2.3999999999999773,31
fit:11ba0ac28d468bdc19c88c55a8774bab8f7f966b006f61c6fd30348907495707,2026-08-30T09:13:26+00:00,1691.0,26,184,75,13.177,2.3999999999999773,31
fit:11ba0ac28d468bdc19c88c55a8774bab8f7f966b006f61c6fd30348907495707,2026-08-30T09:13:27+00:00,1692.0,100,185,75,13.071,3.3999999999999773,31
fit:11ba0ac28d468bdc19c88c55a8774bab8f7f966b006f61c6fd30348907495707,2026-08-30T09:13:28+00:00,1693.0,119,185,95,12.978,4.399999999999977,31
fit:11ba0ac28d468bdc19c88c55a8774bab8f7f966b006f61c6fd30348907495707,2026-08-30T09:13:29+00:00,1694.0,81,186,91,12.764,4.399999999999977,31
fit:11ba0ac28d468bdc19c88c55a8774bab8f7f966b006f61c6fd30348907495707,2026-08-30T09:13:30+00:00,1695.0,81,186,91,12.675,4.399999999999977,31
fit:11ba0ac28d468bdc19c88c55a8774bab8f7f966b006f61c6fd30348907495707,2026-08-30T09:13:31+00:00,1696.0,97,187,91,12.46,3.6000000000000227,31
fit:11ba0ac28d468bdc19c88c55a8774bab8f7f966b006f61c6fd30348907495707,2026-08-30T09:13:32+00:00,1697.0,158,188,46,12.194,2.6000000000000227,31
fit:11ba0ac28d468bdc19c88c55a8774bab8f7f966b006f61c6fd30348907495707,2026-08-30T09:13:33+00:00,1698.0,95,188,89,12.12,2.6000000000000227,31
fit:11ba0ac28d468bdc19c88c55a8774bab8f7f966b006f61c6fd30348907495707,2026-08-30T09:13:34+00:00,1699.0,92,188,89,11.919,2.6000000000000227,31
fit:11ba0ac28d468bdc19c88c55a8774bab8f7f966b006f61c6fd30348907495707,2026-08-30T09:13:35+00:00,1700.0,123,189,88,11.87,3.6000000000000227,31
fit:11ba0ac28d468bdc19c88c55a8774bab8f7f966b006f61c6fd30348907495707,2026-08-30T09:13:36+00:00,1701.0,181,188,87,11.742,3.6000000000000227,31
fit:11ba0ac28d468bdc19c88c55a8774bab8f7f966b006f61c6fd30348907495707,2026-08-30T09:13:37+00:00,1702.0,170,188,87,11.713,3.6000000000000227,31
fit:11ba0ac28d468bdc19c88c55a8774bab8f7f966b006f61c6fd30348907495707,2026-08-30T09:13:38+00:00,1703.0,193,188,87,11.7,2.6000000000000227,31
fit:11ba0ac28d468bdc19c88c55a8774bab8f7f966b006f61c6fd30348907495707,2026-08-30T09:13:39+00:00,1704.0,189,188,86,11.467,2.1999999999999886,31
fit:11ba0ac28d468bdc19c88c55a8774bab8f7f966b006f61c6fd30348907495707,2026-08-30T09:13:40+00:00,1705.0,221,188,86,11.491,2.1999999999999886,31
fit:11ba0ac28d468bdc19c88c55a8774bab8f7f966b006f61c6fd30348907495707,2026-08-30T09:13:41+00:00,1706.0,301,188,85,11.434,2.1999999999999886,31
fit:11ba0ac28d468bdc19c88c55a8774bab8f7f966b006f61c6fd30348907495707,2026-08-30T09:13:42+00:00,1707.0,175,188,85,11.461,2.1999999999999886,31
fit:11ba0ac28d468bdc19c88c55a8774bab8f7f966b006f61c6fd30348907495707,2026-08-30T09:13:43+00:00,1708.0,303,188,85,11.439,2.1999999999999886,31
fit:11ba0ac28d468bdc19c88c55a8774bab8f7f966b006f61c6fd30348907495707,2026-08-30T09:13:44+00:00,1709.0,189,188,84,11.426,1.1999999999999886,31
fit:11ba0ac28d468bdc19c88c55a8774bab8f7f966b006f61c6fd30348907495707,2026-08-30T09:13:45+00:00,1710.0,369,188,84,11.375,1.1999999999999886,31
fit:11ba0ac28d468bdc19c88c55a8774bab8f7f966b006f61c6fd30348907495707,2026-08-30T09:13:46+00:00,1711.0,555,187,85,11.245,1.1999999999999886,31
fit:11ba0ac28d468bdc19c88c55a8774bab8f7f966b006f61c6fd30348907495707,2026-08-30T09:13:47+00:00,1712.0,558,187,87,11.259,1.1999999999999886,31
fit:11ba0ac28d468bdc19c88c55a8774bab8f7f966b006f61c6fd30348907495707,2026-08-30T09:13:48+00:00,1713.0,558,187,89,11.46,1.1999999999999886,31
fit:11ba0ac28d468bdc19c88c55a8774bab8f7f966b006f61c6fd30348907495707,2026-08-30T09:13:49+00:00,1714.0,515,187,92,11.846,2.1999999999999886,31
fit:11ba0ac28d468bdc19c88c55a8774bab8f7f966b006f61c6fd30348907495707,2026-08-30T09:13:50+00:00,1715.0,420,187,96,12.207,3.1999999999999886,31
fit:11ba0ac28d468bdc19c88c55a8774bab8f7f966b006f61c6fd30348907495707,2026-08-30T09:13:51+00:00,1716.0,325,187,97,12.351,4.199999999999989,31
fit:11ba0ac28d468bdc19c88c55a8774bab8f7f966b006f61c6fd30348907495707,2026-08-30T09:13:52+00:00,1717.0,427,188,97,12.53,5.199999999999989,31
fit:11ba0ac28d468bdc19c88c55a8774bab8f7f966b006f61c6fd30348907495707,2026-08-30T09:13:53+00:00,1718.0,458,188,100,12.697,5.199999999999989,31
fit:11ba0ac28d468bdc19c88c55a8774bab8f7f966b006f61c6fd30348907495707,2026-08-30T09:13:54+00:00,1719.0,562,188,100,12.978,5.199999999999989,31
fit:11ba0ac28d468bdc19c88c55a8774bab8f7f966b006f61c6fd30348907495707,2026-08-30T09:13:55+00:00,1720.0,557,188,102,13.055,5.199999999999989,31
fit:11ba0ac28d468bdc19c88c55a8774bab8f7f966b006f61c6fd30348907495707,2026-08-30T09:13:56+00:00,1721.0,99,188,103,13.205,5.199999999999989,31
fit:11ba0ac28d468bdc19c88c55a8774bab8f7f966b006f61c6fd30348907495707,2026-08-30T09:13:57+00:00,1722.0,189,189,100,13.59,5.199999999999989,31
fit:11ba0ac28d468bdc19c88c55a8774bab8f7f966b006f61c6fd30348907495707,2026-08-30T09:13:58+00:00,1723.0,388,189,96,13.706,4.199999999999989,31
fit:11ba0ac28d468bdc19c88c55a8774bab8f7f966b006f61c6fd30348907495707,2026-08-30T09:13:59+00:00,1724.0,284,189,96,13.788,3.1999999999999886,31
fit:11ba0ac28d468bdc19c88c55a8774bab8f7f966b006f61c6fd30348907495707,2026-08-30T09:14:00+00:00,1725.0,17,189,96,13.897,3.1999999999999886,31
fit:11ba0ac28d468bdc19c88c55a8774bab8f7f966b006f61c6fd30348907495707,2026-08-30T09:14:01+00:00,1726.0,210,190,86,13.716,3.1999999999999886,31
fit:11ba0ac28d468bdc19c88c55a8774bab8f7f966b006f61c6fd30348907495707,2026-08-30T09:14:02+00:00,1727.0,461,190,95,13.658,3.1999999999999886,31
fit:11ba0ac28d468bdc19c88c55a8774bab8f7f966b006f61c6fd30348907495707,2026-08-30T09:14:03+00:00,1728.0,21,190,96,13.535,3.1999999999999886,31
fit:11ba0ac28d468bdc19c88c55a8774bab8f7f966b006f61c6fd30348907495707,2026-08-30T09:14:04+00:00,1729.0,226,190,82,13.521,4.199999999999989,31
fit:11ba0ac28d468bdc19c88c55a8774bab8f7f966b006f61c6fd30348907495707,2026-08-30T09:14:05+00:00,1730.0,181,191,95,13.646,5.199999999999989,31
fit:11ba0ac28d468bdc19c88c55a8774bab8f7f966b006f61c6fd30348907495707,2026-08-30T09:14:06+00:00,1731.0,135,192,94,13.568,5.199999999999989,31
fit:11ba0ac28d468bdc19c88c55a8774bab8f7f966b006f61c6fd30348907495707,2026-08-30T09:14:07+00:00,1732.0,76,192,93,13.553,5.199999999999989,31
fit:11ba0ac28d468bdc19c88c55a8774bab8f7f966b006f61c6fd30348907495707,2026-08-30T09:14:08+00:00,1733.0,78,192,93,13.515,4.199999999999989,31
fit:11ba0ac28d468bdc19c88c55a8774bab8f7f966b006f61c6fd30348907495707,2026-08-30T09:14:09+00:00,1734.0,79,192,90,13.535,3.1999999999999886,31
fit:11ba0ac28d468bdc19c88c55a8774bab8f7f966b006f61c6fd30348907495707,2026-08-30T09:14:10+00:00,1735.0,194,192,90,13.331,2.8000000000000114,31
fit:11ba0ac28d468bdc19c88c55a8774bab8f7f966b006f61c6fd30348907495707,2026-08-30T09:14:11+00:00,1736.0,134,193,89,13.088,2.8000000000000114,31
fit:11ba0ac28d468bdc19c88c55a8774bab8f7f966b006f61c6fd30348907495707,2026-08-30T09:14:12+00:00,1737.0,28,193,89,12.943,2.8000000000000114,31
fit:11ba0ac28d468bdc19c88c55a8774bab8f7f966b006f61c6fd30348907495707,2026-08-30T09:14:13+00:00,1738.0,28,193,55,12.742,2.8000000000000114,31
fit:11ba0ac28d468bdc19c88c55a8774bab8f7f966b006f61c6fd30348907495707,2026-08-30T09:14:14+00:00,1739.0,29,193,55,12.68,2.8000000000000114,31
fit:11ba0ac28d468bdc19c88c55a8774bab8f7f966b006f61c6fd30348907495707,2026-08-30T09:14:15+00:00,1740.0,29,193,55,12.2,3.8000000000000114,31
fit:11ba0ac28d468bdc19c88c55a8774bab8f7f966b006f61c6fd30348907495707,2026-08-30T09:14:16+00:00,1741.0,29,193,55,11.654,4.800000000000011,31
fit:11ba0ac28d468bdc19c88c55a8774bab8f7f966b006f61c6fd30348907495707,2026-08-30T09:14:17+00:00,1742.0,29,193,55,11.302,5.199999999999989,31
fit:11ba0ac28d468bdc19c88c55a8774bab8f7f966b006f61c6fd30348907495707,2026-08-30T09:14:18+00:00,1743.0,0,193,55,10.787,5.199999999999989,31
fit:11ba0ac28d468bdc19c88c55a8774bab8f7f966b006f61c6fd30348907495707,2026-08-30T09:14:19+00:00,1744.0,249,193,0,10.065,6.199999999999989,31
fit:11ba0ac28d468bdc19c88c55a8774bab8f7f966b006f61c6fd30348907495707,2026-08-30T09:14:20+00:00,1745.0,249,192,65,8.974,6.199999999999989,31
fit:11ba0ac28d468bdc19c88c55a8774bab8f7f966b006f61c6fd30348907495707,2026-08-30T09:14:21+00:00,1746.0,185,192,65,8.473,6.199999999999989,31
fit:11ba0ac28d468bdc19c88c55a8774bab8f7f966b006f61c6fd30348907495707,2026-08-30T09:14:22+00:00,1747.0,734,192,69,8.193,6.199999999999989,31
fit:11ba0ac28d468bdc19c88c55a8774bab8f7f966b006f61c6fd30348907495707,2026-08-30T09:14:23+00:00,1748.0,781,192,78,8.304,6.199999999999989,31
fit:11ba0ac28d468bdc19c88c55a8774bab8f7f966b006f61c6fd30348907495707,2026-08-30T09:14:24+00:00,1749.0,897,192,82,8.687,6.199999999999989,31
fit:11ba0ac28d468bdc19c88c55a8774bab8f7f966b006f61c6fd30348907495707,2026-08-30T09:14:25+00:00,1750.0,775,192,82,9.245,6.199999999999989,31
fit:11ba0ac28d468bdc19c88c55a8774bab8f7f966b006f61c6fd30348907495707,2026-08-30T09:14:26+00:00,1751.0,695,192,87,9.921,6.199999999999989,31
fit:11ba0ac28d468bdc19c88c55a8774bab8f7f966b006f61c6fd30348907495707,2026-08-30T09:14:27+00:00,1752.0,664,192,91,10.438,5.199999999999989,31
fit:11ba0ac28d468bdc19c88c55a8774bab8f7f966b006f61c6fd30348907495707,2026-08-30T09:14:28+00:00,1753.0,669,192,91,10.825,5.199999999999989,31
fit:11ba0ac28d468bdc19c88c55a8774bab8f7f966b006f61c6fd30348907495707,2026-08-30T09:14:29+00:00,1754.0,710,192,92,11.029,5.199999999999989,31
fit:11ba0ac28d468bdc19c88c55a8774bab8f7f966b006f61c6fd30348907495707,2026-08-30T09:14:30+00:00,1755.0,692,192,92,11.22,6.199999999999989,31
fit:11ba0ac28d468bdc19c88c55a8774bab8f7f966b006f61c6fd30348907495707,2026-08-30T09:14:31+00:00,1756.0,678,192,93,10.993,7.199999999999989,31
fit:11ba0ac28d468bdc19c88c55a8774bab8f7f966b006f61c6fd30348907495707,2026-08-30T09:14:32+00:00,1757.0,542,192,92,10.893,8.199999999999989,31
fit:11ba0ac28d468bdc19c88c55a8774bab8f7f966b006f61c6fd30348907495707,2026-08-30T09:14:33+00:00,1758.0,542,193,92,10.932,9.199999999999989,31
fit:11ba0ac28d468bdc19c88c55a8774bab8f7f966b006f61c6fd30348907495707,2026-08-30T09:14:34+00:00,1759.0,565,193,89,11.07,9.199999999999989,31
fit:11ba0ac28d468bdc19c88c55a8774bab8f7f966b006f61c6fd30348907495707,2026-08-30T09:14:35+00:00,1760.0,476,193,89,11.024,9.199999999999989,31
fit:11ba0ac28d468bdc19c88c55a8774bab8f7f966b006f61c6fd30348907495707,2026-08-30T09:14:36+00:00,1761.0,411,194,89,11.07,9.199999999999989,31
fit:11ba0ac28d468bdc19c88c55a8774bab8f7f966b006f61c6fd30348907495707,2026-08-30T09:14:37+00:00,1762.0,511,194,89,11.051,9.199999999999989,31
fit:11ba0ac28d468bdc19c88c55a8774bab8f7f966b006f61c6fd30348907495707,2026-08-30T09:14:38+00:00,1763.0,376,194,91,11.057,9.199999999999989,31
fit:11ba0ac28d468bdc19c88c55a8774bab8f7f966b006f61c6fd30348907495707,2026-08-30T09:14:39+00:00,1764.0,410,194,93,11.15,9.199999999999989,31
fit:11ba0ac28d468bdc19c88c55a8774bab8f7f966b006f61c6fd30348907495707,2026-08-30T09:14:40+00:00,1765.0,556,195,93,11.338,10.199999999999989,31
fit:11ba0ac28d468bdc19c88c55a8774bab8f7f966b006f61c6fd30348907495707,2026-08-30T09:14:41+00:00,1766.0,230,196,95,11.489,10.199999999999989,31
fit:11ba0ac28d468bdc19c88c55a8774bab8f7f966b006f61c6fd30348907495707,2026-08-30T09:14:42+00:00,1767.0,230,196,96,11.771,10.199999999999989,31
fit:11ba0ac28d468bdc19c88c55a8774bab8f7f966b006f61c6fd30348907495707,2026-08-30T09:14:43+00:00,1768.0,113,196,96,11.842,10.199999999999989,31
fit:11ba0ac28d468bdc19c88c55a8774bab8f7f966b006f61c6fd30348907495707,2026-08-30T09:14:44+00:00,1769.0,70,196,96,11.891,10.199999999999989,31
fit:11ba0ac28d468bdc19c88c55a8774bab8f7f966b006f61c6fd30348907495707,2026-08-30T09:14:45+00:00,1770.0,101,196,94,11.948,10.199999999999989,31
fit:11ba0ac28d468bdc19c88c55a8774bab8f7f966b006f61c6fd30348907495707,2026-08-30T09:14:46+00:00,1771.0,64,196,94,12.095,10.199999999999989,31
fit:11ba0ac28d468bdc19c88c55a8774bab8f7f966b006f61c6fd30348907495707,2026-08-30T09:14:47+00:00,1772.0,45,196,91,12.191,10.199999999999989,31
fit:11ba0ac28d468bdc19c88c55a8774bab8f7f966b006f61c6fd30348907495707,2026-08-30T09:14:48+00:00,1773.0,50,196,94,12.454,10.199999999999989,31
fit:11ba0ac28d468bdc19c88c55a8774bab8f7f966b006f61c6fd30348907495707,2026-08-30T09:14:49+00:00,1774.0,103,196,99,12.766,10.199999999999989,31
fit:11ba0ac28d468bdc19c88c55a8774bab8f7f966b006f61c6fd30348907495707,2026-08-30T09:14:50+00:00,1775.0,82,196,96,12.848,9.199999999999989,31
fit:11ba0ac28d468bdc19c88c55a8774bab8f7f966b006f61c6fd30348907495707,2026-08-30T09:14:51+00:00,1776.0,95,196,101,12.966,8.199999999999989,31
fit:11ba0ac28d468bdc19c88c55a8774bab8f7f966b006f61c6fd30348907495707,2026-08-30T09:14:52+00:00,1777.0,144,196,104,13.31,7.199999999999989,31
fit:11ba0ac28d468bdc19c88c55a8774bab8f7f966b006f61c6fd30348907495707,2026-08-30T09:14:53+00:00,1778.0,223,196,107,13.629,6.199999999999989,31
fit:11ba0ac28d468bdc19c88c55a8774bab8f7f966b006f61c6fd30348907495707,2026-08-30T09:14:54+00:00,1779.0,223,196,108,13.395,6.199999999999989,31
fit:11ba0ac28d468bdc19c88c55a8774bab8f7f966b006f61c6fd30348907495707,2026-08-30T09:14:55+00:00,1780.0,183,196,109,13.423,6.199999999999989,31
fit:11ba0ac28d468bdc19c88c55a8774bab8f7f966b006f61c6fd30348907495707,2026-08-30T09:14:56+00:00,1781.0,129,195,109,13.917,6.199999999999989,31
fit:11ba0ac28d468bdc19c88c55a8774bab8f7f966b006f61c6fd30348907495707,2026-08-30T09:14:57+00:00,1782.0,29,196,101,14.197,5.199999999999989,31
fit:11ba0ac28d468bdc19c88c55a8774bab8f7f966b006f61c6fd30348907495707,2026-08-30T09:14:58+00:00,1783.0,29,196,95,14.335,5.199999999999989,31
fit:11ba0ac28d468bdc19c88c55a8774bab8f7f966b006f61c6fd30348907495707,2026-08-30T09:14:59+00:00,1784.0,104,196,98,14.243,5.199999999999989,31
fit:11ba0ac28d468bdc19c88c55a8774bab8f7f966b006f61c6fd30348907495707,2026-08-30T09:15:00+00:00,1785.0,70,196,98,14.122,5.199999999999989,31
fit:11ba0ac28d468bdc19c88c55a8774bab8f7f966b006f61c6fd30348907495707,2026-08-30T09:15:01+00:00,1786.0,83,195,94,14.061,5.199999999999989,31
fit:11ba0ac28d468bdc19c88c55a8774bab8f7f966b006f61c6fd30348907495707,2026-08-30T09:15:02+00:00,1787.0,155,195,96,14.078,4.600000000000023,31
fit:11ba0ac28d468bdc19c88c55a8774bab8f7f966b006f61c6fd30348907495707,2026-08-30T09:15:03+00:00,1788.0,122,195,95,13.936,4.399999999999977,31
fit:11ba0ac28d468bdc19c88c55a8774bab8f7f966b006f61c6fd30348907495707,2026-08-30T09:15:04+00:00,1789.0,54,194,94,13.885,4.0,31
fit:11ba0ac28d468bdc19c88c55a8774bab8f7f966b006f61c6fd30348907495707,2026-08-30T09:15:05+00:00,1790.0,101,194,93,13.724,3.3999999999999773,31
fit:11ba0ac28d468bdc19c88c55a8774bab8f7f966b006f61c6fd30348907495707,2026-08-30T09:15:06+00:00,1791.0,122,193,93,13.466,3.0,31
fit:11ba0ac28d468bdc19c88c55a8774bab8f7f966b006f61c6fd30348907495707,2026-08-30T09:15:07+00:00,1792.0,55,193,92,13.308,3.0,31
fit:11ba0ac28d468bdc19c88c55a8774bab8f7f966b006f61c6fd30348907495707,2026-08-30T09:15:08+00:00,1793.0,67,192,90,13.221,3.0,31
fit:11ba0ac28d468bdc19c88c55a8774bab8f7f966b006f61c6fd30348907495707,2026-08-30T09:15:09+00:00,1794.0,68,192,90,13.267,4.0,31
fit:11ba0ac28d468bdc19c88c55a8774bab8f7f966b006f61c6fd30348907495707,2026-08-30T09:15:10+00:00,1795.0,33,192,90,13.095,4.800000000000011,31
fit:11ba0ac28d468bdc19c88c55a8774bab8f7f966b006f61c6fd30348907495707,2026-08-30T09:15:11+00:00,1796.0,33,192,86,12.992,5.800000000000011,31
fit:11ba0ac28d468bdc19c88c55a8774bab8f7f966b006f61c6fd30348907495707,2026-08-30T09:15:12+00:00,1797.0,33,191,86,12.845,6.199999999999989,31
fit:11ba0ac28d468bdc19c88c55a8774bab8f7f966b006f61c6fd30348907495707,2026-08-30T09:15:13+00:00,1798.0,32,190,86,12.797,6.199999999999989,31
fit:11ba0ac28d468bdc19c88c55a8774bab8f7f966b006f61c6fd30348907495707,2026-08-30T09:15:14+00:00,1799.0,29,189,59,12.496,6.199999999999989,31
fit:11ba0ac28d468bdc19c88c55a8774bab8f7f966b006f61c6fd30348907495707,2026-08-30T09:15:15+00:00,1800.0,26,189,56,12.121,5.199999999999989,31
fit:11ba0ac28d468bdc19c88c55a8774bab8f7f966b006f61c6fd30348907495707,2026-08-30T09:15:16+00:00,1801.0,23,188,53,11.927,4.199999999999989,31
fit:11ba0ac28d468bdc19c88c55a8774bab8f7f966b006f61c6fd30348907495707,2026-08-30T09:15:17+00:00,1802.0,0,188,0,11.63,4.199999999999989,31
fit:11ba0ac28d468bdc19c88c55a8774bab8f7f966b006f61c6fd30348907495707,2026-08-30T09:15:18+00:00,1803.0,178,187,0,11.341,4.199999999999989,31
fit:11ba0ac28d468bdc19c88c55a8774bab8f7f966b006f61c6fd30348907495707,2026-08-30T09:15:19+00:00,1804.0,63,186,75,10.993,4.199999999999989,31
fit:11ba0ac28d468bdc19c88c55a8774bab8f7f966b006f61c6fd30348907495707,2026-08-30T09:15:20+00:00,1805.0,260,186,76,10.772,3.3999999999999773,31
fit:11ba0ac28d468bdc19c88c55a8774bab8f7f966b006f61c6fd30348907495707,2026-08-30T09:15:21+00:00,1806.0,218,185,80,10.642,3.3999999999999773,31
fit:11ba0ac28d468bdc19c88c55a8774bab8f7f966b006f61c6fd30348907495707,2026-08-30T09:15:22+00:00,1807.0,213,184,78,10.649,3.3999999999999773,31
fit:11ba0ac28d468bdc19c88c55a8774bab8f7f966b006f61c6fd30348907495707,2026-08-30T09:15:23+00:00,1808.0,304,183,78,10.479,4.399999999999977,31
fit:11ba0ac28d468bdc19c88c55a8774bab8f7f966b006f61c6fd30348907495707,2026-08-30T09:15:24+00:00,1809.0,118,183,78,10.467,4.399999999999977,31
fit:11ba0ac28d468bdc19c88c55a8774bab8f7f966b006f61c6fd30348907495707,2026-08-30T09:15:25+00:00,1810.0,201,182,78,10.422,4.399999999999977,31
fit:11ba0ac28d468bdc19c88c55a8774bab8f7f966b006f61c6fd30348907495707,2026-08-30T09:15:26+00:00,1811.0,168,181,78,10.262,4.399999999999977,31
fit:11ba0ac28d468bdc19c88c55a8774bab8f7f966b006f61c6fd30348907495707,2026-08-30T09:15:27+00:00,1812.0,253,180,79,10.386,4.399999999999977,31
fit:11ba0ac28d468bdc19c88c55a8774bab8f7f966b006f61c6fd30348907495707,2026-08-30T09:15:28+00:00,1813.0,253,179,80,10.393,5.399999999999977,31
fit:11ba0ac28d468bdc19c88c55a8774bab8f7f966b006f61c6fd30348907495707,2026-08-30T09:15:29+00:00,1814.0,303,179,80,10.451,5.600000000000023,31
fit:11ba0ac28d468bdc19c88c55a8774bab8f7f966b006f61c6fd30348907495707,2026-08-30T09:15:30+00:00,1815.0,272,178,82,10.508,5.600000000000023,31
fit:11ba0ac28d468bdc19c88c55a8774bab8f7f966b006f61c6fd30348907495707,2026-08-30T09:15:31+00:00,1816.0,84,177,82,10.622,5.600000000000023,31
fit:11ba0ac28d468bdc19c88c55a8774bab8f7f966b006f61c6fd30348907495707,2026-08-30T09:15:32+00:00,1817.0,101,177,82,10.922,4.600000000000023,31
fit:11ba0ac28d468bdc19c88c55a8774bab8f7f966b006f61c6fd30348907495707,2026-08-30T09:15:33+00:00,1818.0,69,176,82,11.001,4.600000000000023,31
fit:11ba0ac28d468bdc19c88c55a8774bab8f7f966b006f61c6fd30348907495707,2026-08-30T09:15:34+00:00,1819.0,139,175,82,11.009,4.600000000000023,31
fit:11ba0ac28d468bdc19c88c55a8774bab8f7f966b006f61c6fd30348907495707,2026-08-30T09:15:35+00:00,1820.0,25,174,81,10.995,4.600000000000023,31
fit:11ba0ac28d468bdc19c88c55a8774bab8f7f966b006f61c6fd30348907495707,2026-08-30T09:15:36+00:00,1821.0,24,174,81,11.051,4.600000000000023,31
fit:11ba0ac28d468bdc19c88c55a8774bab8f7f966b006f61c6fd30348907495707,2026-08-30T09:15:37+00:00,1822.0,24,173,81,11.071,4.399999999999977,31
fit:11ba0ac28d468bdc19c88c55a8774bab8f7f966b006f61c6fd30348907495707,2026-08-30T09:15:38+00:00,1823.0,19,173,81,10.903,4.399999999999977,31
fit:11ba0ac28d468bdc19c88c55a8774bab8f7f966b006f61c6fd30348907495707,2026-08-30T09:15:39+00:00,1824.0,18,173,29,10.712,4.199999999999989,31
fit:11ba0ac28d468bdc19c88c55a8774bab8f7f966b006f61c6fd30348907495707,2026-08-30T09:15:40+00:00,1825.0,191,173,29,10.357,3.8000000000000114,31
fit:11ba0ac28d468bdc19c88c55a8774bab8f7f966b006f61c6fd30348907495707,2026-08-30T09:15:41+00:00,1826.0,158,173,74,10.147,3.8000000000000114,30
fit:11ba0ac28d468bdc19c88c55a8774bab8f7f966b006f61c6fd30348907495707,2026-08-30T09:15:42+00:00,1827.0,225,172,74,10.046,3.8000000000000114,30
fit:11ba0ac28d468bdc19c88c55a8774bab8f7f966b006f61c6fd30348907495707,2026-08-30T09:15:43+00:00,1828.0,331,172,75,9.884,4.800000000000011,30
fit:11ba0ac28d468bdc19c88c55a8774bab8f7f966b006f61c6fd30348907495707,2026-08-30T09:15:44+00:00,1829.0,261,172,76,9.91,5.199999999999989,30
fit:11ba0ac28d468bdc19c88c55a8774bab8f7f966b006f61c6fd30348907495707,2026-08-30T09:15:45+00:00,1830.0,72,171,77,10.183,6.0,30
fit:11ba0ac28d468bdc19c88c55a8774bab8f7f966b006f61c6fd30348907495707,2026-08-30T09:15:46+00:00,1831.0,39,171,77,10.162,6.0,30
fit:11ba0ac28d468bdc19c88c55a8774bab8f7f966b006f61c6fd30348907495707,2026-08-30T09:15:47+00:00,1832.0,44,170,74,10.297,6.0,30
fit:11ba0ac28d468bdc19c88c55a8774bab8f7f966b006f61c6fd30348907495707,2026-08-30T09:15:48+00:00,1833.0,44,170,76,10.247,5.0,30
fit:11ba0ac28d468bdc19c88c55a8774bab8f7f966b006f61c6fd30348907495707,2026-08-30T09:15:49+00:00,1834.0,44,169,92,10.153,4.0,30
fit:11ba0ac28d468bdc19c88c55a8774bab8f7f966b006f61c6fd30348907495707,2026-08-30T09:15:50+00:00,1835.0,152,168,93,10.17,4.0,30
fit:11ba0ac28d468bdc19c88c55a8774bab8f7f966b006f61c6fd30348907495707,2026-08-30T09:15:51+00:00,1836.0,257,168,93,10.096,4.0,30
fit:11ba0ac28d468bdc19c88c55a8774bab8f7f966b006f61c6fd30348907495707,2026-08-30T09:15:52+00:00,1837.0,196,168,93,10.175,4.0,30
fit:11ba0ac28d468bdc19c88c55a8774bab8f7f966b006f61c6fd30348907495707,2026-08-30T09:15:53+00:00,1838.0,260,167,93,10.331,3.6000000000000227,30
fit:11ba0ac28d468bdc19c88c55a8774bab8f7f966b006f61c6fd30348907495707,2026-08-30T09:15:54+00:00,1839.0,335,167,94,10.259,3.6000000000000227,30
fit:11ba0ac28d468bdc19c88c55a8774bab8f7f966b006f61c6fd30348907495707,2026-08-30T09:15:55+00:00,1840.0,161,167,94,10.192,3.6000000000000227,30
fit:11ba0ac28d468bdc19c88c55a8774bab8f7f966b006f61c6fd30348907495707,2026-08-30T09:15:56+00:00,1841.0,138,167,85,10.266,4.600000000000023,30
fit:11ba0ac28d468bdc19c88c55a8774bab8f7f966b006f61c6fd30348907495707,2026-08-30T09:15:57+00:00,1842.0,138,166,85,10.235,5.600000000000023,30
fit:11ba0ac28d468bdc19c88c55a8774bab8f7f966b006f61c6fd30348907495707,2026-08-30T09:15:58+00:00,1843.0,228,165,85,10.266,5.600000000000023,30
fit:11ba0ac28d468bdc19c88c55a8774bab8f7f966b006f61c6fd30348907495707,2026-08-30T09:15:59+00:00,1844.0,187,165,87,10.487,5.600000000000023,30
fit:11ba0ac28d468bdc19c88c55a8774bab8f7f966b006f61c6fd30348907495707,2026-08-30T09:16:00+00:00,1845.0,104,165,87,10.608,5.600000000000023,30
fit:11ba0ac28d468bdc19c88c55a8774bab8f7f966b006f61c6fd30348907495707,2026-08-30T09:16:01+00:00,1846.0,173,165,87,10.633,6.600000000000023,30
fit:11ba0ac28d468bdc19c88c55a8774bab8f7f966b006f61c6fd30348907495707,2026-08-30T09:16:02+00:00,1847.0,86,165,87,10.699,6.600000000000023,30
fit:11ba0ac28d468bdc19c88c55a8774bab8f7f966b006f61c6fd30348907495707,2026-08-30T09:16:03+00:00,1848.0,212,165,87,10.808,6.600000000000023,30
fit:11ba0ac28d468bdc19c88c55a8774bab8f7f966b006f61c6fd30348907495707,2026-08-30T09:16:04+00:00,1849.0,212,165,87,10.695,6.199999999999989,30
fit:11ba0ac28d468bdc19c88c55a8774bab8f7f966b006f61c6fd30348907495707,2026-08-30T09:16:05+00:00,1850.0,247,166,87,10.817,6.199999999999989,30
fit:11ba0ac28d468bdc19c88c55a8774bab8f7f966b006f61c6fd30348907495707,2026-08-30T09:16:06+00:00,1851.0,178,166,89,10.919,6.199999999999989,30
fit:11ba0ac28d468bdc19c88c55a8774bab8f7f966b006f61c6fd30348907495707,2026-08-30T09:16:07+00:00,1852.0,141,166,89,10.968,6.199999999999989,30
fit:11ba0ac28d468bdc19c88c55a8774bab8f7f966b006f61c6fd30348907495707,2026-08-30T09:16:08+00:00,1853.0,14,166,81,10.896,5.199999999999989,30
fit:11ba0ac28d468bdc19c88c55a8774bab8f7f966b006f61c6fd30348907495707,2026-08-30T09:16:09+00:00,1854.0,14,166,81,10.779,5.199999999999989,30
fit:11ba0ac28d468bdc19c88c55a8774bab8f7f966b006f61c6fd30348907495707,2026-08-30T09:16:10+00:00,1855.0,14,165,81,10.499,5.199999999999989,30
fit:11ba0ac28d468bdc19c88c55a8774bab8f7f966b006f61c6fd30348907495707,2026-08-30T09:16:11+00:00,1856.0,13,165,81,10.562,5.199999999999989,30
fit:11ba0ac28d468bdc19c88c55a8774bab8f7f966b006f61c6fd30348907495707,2026-08-30T09:16:12+00:00,1857.0,51,165,77,10.351,4.800000000000011,30
fit:11ba0ac28d468bdc19c88c55a8774bab8f7f966b006f61c6fd30348907495707,2026-08-30T09:16:13+00:00,1858.0,92,164,90,10.2,4.800000000000011,30
fit:11ba0ac28d468bdc19c88c55a8774bab8f7f966b006f61c6fd30348907495707,2026-08-30T09:16:14+00:00,1859.0,93,164,82,9.973,4.800000000000011,30
fit:11ba0ac28d468bdc19c88c55a8774bab8f7f966b006f61c6fd30348907495707,2026-08-30T09:16:15+00:00,1860.0,372,164,86,9.712,5.800000000000011,30
fit:11ba0ac28d468bdc19c88c55a8774bab8f7f966b006f61c6fd30348907495707,2026-08-30T09:16:16+00:00,1861.0,256,164,86,9.554,6.800000000000011,30
fit:11ba0ac28d468bdc19c88c55a8774bab8f7f966b006f61c6fd30348907495707,2026-08-30T09:16:17+00:00,1862.0,236,164,86,9.477,6.800000000000011,30
fit:11ba0ac28d468bdc19c88c55a8774bab8f7f966b006f61c6fd30348907495707,2026-08-30T09:16:18+00:00,1863.0,541,166,87,9.346,6.800000000000011,30
fit:11ba0ac28d468bdc19c88c55a8774bab8f7f966b006f61c6fd30348907495707,2026-08-30T09:16:19+00:00,1864.0,558,166,93,9.457,6.800000000000011,30
fit:11ba0ac28d468bdc19c88c55a8774bab8f7f966b006f61c6fd30348907495707,2026-08-30T09:16:20+00:00,1865.0,378,166,95,9.481,7.800000000000011,30
fit:11ba0ac28d468bdc19c88c55a8774bab8f7f966b006f61c6fd30348907495707,2026-08-30T09:16:21+00:00,1866.0,339,166,97,9.758,7.800000000000011,30
fit:11ba0ac28d468bdc19c88c55a8774bab8f7f966b006f61c6fd30348907495707,2026-08-30T09:16:22+00:00,1867.0,108,167,99,10.258,7.800000000000011,30
fit:11ba0ac28d468bdc19c88c55a8774bab8f7f966b006f61c6fd30348907495707,2026-08-30T09:16:23+00:00,1868.0,108,167,94,10.726,7.199999999999989,30
fit:11ba0ac28d468bdc19c88c55a8774bab8f7f966b006f61c6fd30348907495707,2026-08-30T09:16:24+00:00,1869.0,201,167,89,10.755,7.199999999999989,30
fit:11ba0ac28d468bdc19c88c55a8774bab8f7f966b006f61c6fd30348907495707,2026-08-30T09:16:25+00:00,1870.0,22,167,71,10.949,6.199999999999989,30
fit:11ba0ac28d468bdc19c88c55a8774bab8f7f966b006f61c6fd30348907495707,2026-08-30T09:16:26+00:00,1871.0,25,167,78,11.093,6.199999999999989,30
fit:11ba0ac28d468bdc19c88c55a8774bab8f7f966b006f61c6fd30348907495707,2026-08-30T09:16:27+00:00,1872.0,25,167,78,11.243,6.199999999999989,30
fit:11ba0ac28d468bdc19c88c55a8774bab8f7f966b006f61c6fd30348907495707,2026-08-30T09:16:28+00:00,1873.0,69,167,90,11.346,6.199999999999989,30
fit:11ba0ac28d468bdc19c88c55a8774bab8f7f966b006f61c6fd30348907495707,2026-08-30T09:16:29+00:00,1874.0,69,168,90,11.436,7.199999999999989,30
fit:11ba0ac28d468bdc19c88c55a8774bab8f7f966b006f61c6fd30348907495707,2026-08-30T09:16:30+00:00,1875.0,69,168,90,11.514,7.199999999999989,30
fit:11ba0ac28d468bdc19c88c55a8774bab8f7f966b006f61c6fd30348907495707,2026-08-30T09:16:31+00:00,1876.0,2,168,90,11.514,7.199999999999989,30
fit:11ba0ac28d468bdc19c88c55a8774bab8f7f966b006f61c6fd30348907495707,2026-08-30T09:16:32+00:00,1877.0,2,168,0,11.487,6.199999999999989,30
fit:11ba0ac28d468bdc19c88c55a8774bab8f7f966b006f61c6fd30348907495707,2026-08-30T09:16:33+00:00,1878.0,124,167,93,11.436,5.800000000000011,30
fit:11ba0ac28d468bdc19c88c55a8774bab8f7f966b006f61c6fd30348907495707,2026-08-30T09:16:34+00:00,1879.0,159,167,93,11.457,4.800000000000011,30
fit:11ba0ac28d468bdc19c88c55a8774bab8f7f966b006f61c6fd30348907495707,2026-08-30T09:16:35+00:00,1880.0,182,168,92,11.421,3.8000000000000114,30
fit:11ba0ac28d468bdc19c88c55a8774bab8f7f966b006f61c6fd30348907495707,2026-08-30T09:16:36+00:00,1881.0,137,168,92,11.474,3.8000000000000114,30
fit:11ba0ac28d468bdc19c88c55a8774bab8f7f966b006f61c6fd30348907495707,2026-08-30T09:16:37+00:00,1882.0,152,168,92,11.48,3.8000000000000114,30
fit:11ba0ac28d468bdc19c88c55a8774bab8f7f966b006f61c6fd30348907495707,2026-08-30T09:16:38+00:00,1883.0,150,168,92,11.473,3.8000000000000114,30
fit:11ba0ac28d468bdc19c88c55a8774bab8f7f966b006f61c6fd30348907495707,2026-08-30T09:16:39+00:00,1884.0,166,168,92,11.492,3.8000000000000114,30
fit:11ba0ac28d468bdc19c88c55a8774bab8f7f966b006f61c6fd30348907495707,2026-08-30T09:16:40+00:00,1885.0,168,168,92,11.277,3.8000000000000114,30
fit:11ba0ac28d468bdc19c88c55a8774bab8f7f966b006f61c6fd30348907495707,2026-08-30T09:16:41+00:00,1886.0,373,168,92,11.339,3.8000000000000114,30
fit:11ba0ac28d468bdc19c88c55a8774bab8f7f966b006f61c6fd30348907495707,2026-08-30T09:16:42+00:00,1887.0,186,168,92,11.277,3.1999999999999886,30
fit:11ba0ac28d468bdc19c88c55a8774bab8f7f966b006f61c6fd30348907495707,2026-08-30T09:16:43+00:00,1888.0,225,166,93,11.357,3.1999999999999886,30
fit:11ba0ac28d468bdc19c88c55a8774bab8f7f966b006f61c6fd30348907495707,2026-08-30T09:16:44+00:00,1889.0,225,165,93,11.426,3.1999999999999886,30
fit:11ba0ac28d468bdc19c88c55a8774bab8f7f966b006f61c6fd30348907495707,2026-08-30T09:16:45+00:00,1890.0,225,165,93,11.521,4.199999999999989,30
fit:11ba0ac28d468bdc19c88c55a8774bab8f7f966b006f61c6fd30348907495707,2026-08-30T09:16:46+00:00,1891.0,225,165,93,11.379,5.0,30
fit:11ba0ac28d468bdc19c88c55a8774bab8f7f966b006f61c6fd30348907495707,2026-08-30T09:16:47+00:00,1892.0,220,164,93,11.301,5.399999999999977,30
fit:11ba0ac28d468bdc19c88c55a8774bab8f7f966b006f61c6fd30348907495707,2026-08-30T09:16:48+00:00,1893.0,251,164,90,11.245,5.399999999999977,30
fit:11ba0ac28d468bdc19c88c55a8774bab8f7f966b006f61c6fd30348907495707,2026-08-30T09:16:49+00:00,1894.0,281,164,92,11.29,5.399999999999977,30
fit:11ba0ac28d468bdc19c88c55a8774bab8f7f966b006f61c6fd30348907495707,2026-08-30T09:16:50+00:00,1895.0,142,163,91,11.369,5.399999999999977,30
fit:11ba0ac28d468bdc19c88c55a8774bab8f7f966b006f61c6fd30348907495707,2026-08-30T09:16:51+00:00,1896.0,202,163,91,11.421,5.399999999999977,30
fit:11ba0ac28d468bdc19c88c55a8774bab8f7f966b006f61c6fd30348907495707,2026-08-30T09:16:52+00:00,1897.0,212,162,90,11.318,4.399999999999977,30
fit:11ba0ac28d468bdc19c88c55a8774bab8f7f966b006f61c6fd30348907495707,2026-08-30T09:16:53+00:00,1898.0,191,162,90,11.343,4.399999999999977,30
fit:11ba0ac28d468bdc19c88c55a8774bab8f7f966b006f61c6fd30348907495707,2026-08-30T09:16:54+00:00,1899.0,219,162,90,11.261,4.399999999999977,30
fit:11ba0ac28d468bdc19c88c55a8774bab8f7f966b006f61c6fd30348907495707,2026-08-30T09:16:55+00:00,1900.0,161,161,88,11.263,4.399999999999977,30
fit:11ba0ac28d468bdc19c88c55a8774bab8f7f966b006f61c6fd30348907495707,2026-08-30T09:16:56+00:00,1901.0,351,161,90,11.283,4.399999999999977,30
fit:11ba0ac28d468bdc19c88c55a8774bab8f7f966b006f61c6fd30348907495707,2026-08-30T09:16:57+00:00,1902.0,352,161,90,11.345,3.3999999999999773,30
fit:11ba0ac28d468bdc19c88c55a8774bab8f7f966b006f61c6fd30348907495707,2026-08-30T09:16:58+00:00,1903.0,94,161,89,11.15,2.3999999999999773,30
fit:11ba0ac28d468bdc19c88c55a8774bab8f7f966b006f61c6fd30348907495707,2026-08-30T09:16:59+00:00,1904.0,158,161,87,11.064,2.3999999999999773,30
fit:11ba0ac28d468bdc19c88c55a8774bab8f7f966b006f61c6fd30348907495707,2026-08-30T09:17:00+00:00,1905.0,216,160,87,11.021,2.3999999999999773,30
fit:11ba0ac28d468bdc19c88c55a8774bab8f7f966b006f61c6fd30348907495707,2026-08-30T09:17:01+00:00,1906.0,225,160,87,11.03,3.3999999999999773,30
fit:11ba0ac28d468bdc19c88c55a8774bab8f7f966b006f61c6fd30348907495707,2026-08-30T09:17:02+00:00,1907.0,158,160,88,10.926,4.399999999999977,30
fit:11ba0ac28d468bdc19c88c55a8774bab8f7f966b006f61c6fd30348907495707,2026-08-30T09:17:03+00:00,1908.0,133,160,89,10.922,4.399999999999977,30
fit:11ba0ac28d468bdc19c88c55a8774bab8f7f966b006f61c6fd30348907495707,2026-08-30T09:17:04+00:00,1909.0,134,160,89,11.033,4.399999999999977,30
fit:11ba0ac28d468bdc19c88c55a8774bab8f7f966b006f61c6fd30348907495707,2026-08-30T09:17:05+00:00,1910.0,79,160,88,11.085,4.399999999999977,30
fit:11ba0ac28d468bdc19c88c55a8774bab8f7f966b006f61c6fd30348907495707,2026-08-30T09:17:06+00:00,1911.0,98,159,86,11.099,5.399999999999977,30
fit:11ba0ac28d468bdc19c88c55a8774bab8f7f966b006f61c6fd30348907495707,2026-08-30T09:17:07+00:00,1912.0,282,159,86,10.9,5.399999999999977,30
fit:11ba0ac28d468bdc19c88c55a8774bab8f7f966b006f61c6fd30348907495707,2026-08-30T09:17:08+00:00,1913.0,204,160,88,10.858,5.399999999999977,30
fit:11ba0ac28d468bdc19c88c55a8774bab8f7f966b006f61c6fd30348907495707,2026-08-30T09:17:09+00:00,1914.0,307,160,90,10.886,4.800000000000011,30
fit:11ba0ac28d468bdc19c88c55a8774bab8f7f966b006f61c6fd30348907495707,2026-08-30T09:17:10+00:00,1915.0,139,161,90,11.065,4.0,30
fit:11ba0ac28d468bdc19c88c55a8774bab8f7f966b006f61c6fd30348907495707,2026-08-30T09:17:11+00:00,1916.0,127,161,91,11.251,4.0,30
fit:11ba0ac28d468bdc19c88c55a8774bab8f7f966b006f61c6fd30348907495707,2026-08-30T09:17:12+00:00,1917.0,95,161,91,11.276,4.0,30
fit:11ba0ac28d468bdc19c88c55a8774bab8f7f966b006f61c6fd30348907495707,2026-08-30T09:17:13+00:00,1918.0,65,162,90,11.349,4.0,30
fit:11ba0ac28d468bdc19c88c55a8774bab8f7f966b006f61c6fd30348907495707,2026-08-30T09:17:14+00:00,1919.0,65,163,90,11.076,4.0,30
fit:11ba0ac28d468bdc19c88c55a8774bab8f7f966b006f61c6fd30348907495707,2026-08-30T09:17:15+00:00,1920.0,91,163,45,10.934,4.0,30
fit:11ba0ac28d468bdc19c88c55a8774bab8f7f966b006f61c6fd30348907495707,2026-08-30T09:17:16+00:00,1921.0,90,163,45,10.774,4.0,30
fit:11ba0ac28d468bdc19c88c55a8774bab8f7f966b006f61c6fd30348907495707,2026-08-30T09:17:17+00:00,1922.0,157,163,88,10.775,4.0,30
fit:11ba0ac28d468bdc19c88c55a8774bab8f7f966b006f61c6fd30348907495707,2026-08-30T09:17:18+00:00,1923.0,163,163,90,10.856,4.800000000000011,30
fit:11ba0ac28d468bdc19c88c55a8774bab8f7f966b006f61c6fd30348907495707,2026-08-30T09:17:19+00:00,1924.0,167,163,91,10.935,4.800000000000011,30
fit:11ba0ac28d468bdc19c88c55a8774bab8f7f966b006f61c6fd30348907495707,2026-08-30T09:17:20+00:00,1925.0,179,163,91,11.13,4.800000000000011,30
fit:11ba0ac28d468bdc19c88c55a8774bab8f7f966b006f61c6fd30348907495707,2026-08-30T09:17:21+00:00,1926.0,124,163,91,11.228,4.800000000000011,30
fit:11ba0ac28d468bdc19c88c55a8774bab8f7f966b006f61c6fd30348907495707,2026-08-30T09:17:22+00:00,1927.0,106,163,91,11.31,3.8000000000000114,30
fit:11ba0ac28d468bdc19c88c55a8774bab8f7f966b006f61c6fd30348907495707,2026-08-30T09:17:23+00:00,1928.0,105,163,91,11.399,3.8000000000000114,30
fit:11ba0ac28d468bdc19c88c55a8774bab8f7f966b006f61c6fd30348907495707,2026-08-30T09:17:24+00:00,1929.0,195,163,90,11.296,3.8000000000000114,30
fit:11ba0ac28d468bdc19c88c55a8774bab8f7f966b006f61c6fd30348907495707,2026-08-30T09:17:25+00:00,1930.0,195,163,90,11.147,3.8000000000000114,30
fit:11ba0ac28d468bdc19c88c55a8774bab8f7f966b006f61c6fd30348907495707,2026-08-30T09:17:26+00:00,1931.0,52,163,31,11.034,2.8000000000000114,30
fit:11ba0ac28d468bdc19c88c55a8774bab8f7f966b006f61c6fd30348907495707,2026-08-30T09:17:27+00:00,1932.0,521,163,31,10.918,2.8000000000000114,30
fit:11ba0ac28d468bdc19c88c55a8774bab8f7f966b006f61c6fd30348907495707,2026-08-30T09:17:28+00:00,1933.0,257,162,89,10.877,2.8000000000000114,30
fit:11ba0ac28d468bdc19c88c55a8774bab8f7f966b006f61c6fd30348907495707,2026-08-30T09:17:29+00:00,1934.0,257,162,92,11.048,3.8000000000000114,30
fit:11ba0ac28d468bdc19c88c55a8774bab8f7f966b006f61c6fd30348907495707,2026-08-30T09:17:30+00:00,1935.0,141,162,91,11.247,3.8000000000000114,30
fit:11ba0ac28d468bdc19c88c55a8774bab8f7f966b006f61c6fd30348907495707,2026-08-30T09:17:31+00:00,1936.0,133,162,91,11.354,3.8000000000000114,30
fit:11ba0ac28d468bdc19c88c55a8774bab8f7f966b006f61c6fd30348907495707,2026-08-30T09:17:32+00:00,1937.0,129,162,91,11.372,3.8000000000000114,30
fit:11ba0ac28d468bdc19c88c55a8774bab8f7f966b006f61c6fd30348907495707,2026-08-30T09:17:33+00:00,1938.0,168,161,90,11.347,3.8000000000000114,30
fit:11ba0ac28d468bdc19c88c55a8774bab8f7f966b006f61c6fd30348907495707,2026-08-30T09:17:34+00:00,1939.0,126,161,90,11.307,3.8000000000000114,30
fit:11ba0ac28d468bdc19c88c55a8774bab8f7f966b006f61c6fd30348907495707,2026-08-30T09:17:35+00:00,1940.0,126,161,90,11.283,4.199999999999989,30
fit:11ba0ac28d468bdc19c88c55a8774bab8f7f966b006f61c6fd30348907495707,2026-08-30T09:17:36+00:00,1941.0,94,161,90,11.244,4.199999999999989,30
fit:11ba0ac28d468bdc19c88c55a8774bab8f7f966b006f61c6fd30348907495707,2026-08-30T09:17:37+00:00,1942.0,127,161,90,11.1,4.199999999999989,30
fit:11ba0ac28d468bdc19c88c55a8774bab8f7f966b006f61c6fd30348907495707,2026-08-30T09:17:38+00:00,1943.0,181,161,89,11.095,3.6000000000000227,30
fit:11ba0ac28d468bdc19c88c55a8774bab8f7f966b006f61c6fd30348907495707,2026-08-30T09:17:39+00:00,1944.0,256,160,89,10.994,3.6000000000000227,30
fit:11ba0ac28d468bdc19c88c55a8774bab8f7f966b006f61c6fd30348907495707,2026-08-30T09:17:40+00:00,1945.0,263,160,89,11.02,3.6000000000000227,30
fit:11ba0ac28d468bdc19c88c55a8774bab8f7f966b006f61c6fd30348907495707,2026-08-30T09:17:41+00:00,1946.0,240,160,90,11.096,3.6000000000000227,30
fit:11ba0ac28d468bdc19c88c55a8774bab8f7f966b006f61c6fd30348907495707,2026-08-30T09:17:42+00:00,1947.0,484,160,90,11.152,3.6000000000000227,30
fit:11ba0ac28d468bdc19c88c55a8774bab8f7f966b006f61c6fd30348907495707,2026-08-30T09:17:43+00:00,1948.0,381,160,94,11.274,2.6000000000000227,30
fit:11ba0ac28d468bdc19c88c55a8774bab8f7f966b006f61c6fd30348907495707,2026-08-30T09:17:44+00:00,1949.0,184,160,94,11.495,2.6000000000000227,30
fit:11ba0ac28d468bdc19c88c55a8774bab8f7f966b006f61c6fd30348907495707,2026-08-30T09:17:45+00:00,1950.0,44,160,94,11.583,2.6000000000000227,30
fit:11ba0ac28d468bdc19c88c55a8774bab8f7f966b006f61c6fd30348907495707,2026-08-30T09:17:46+00:00,1951.0,146,160,93,11.642,3.6000000000000227,30
fit:11ba0ac28d468bdc19c88c55a8774bab8f7f966b006f61c6fd30348907495707,2026-08-30T09:17:47+00:00,1952.0,158,161,92,11.549,3.6000000000000227,30
fit:11ba0ac28d468bdc19c88c55a8774bab8f7f966b006f61c6fd30348907495707,2026-08-30T09:17:48+00:00,1953.0,174,161,92,11.527,3.6000000000000227,30
fit:11ba0ac28d468bdc19c88c55a8774bab8f7f966b006f61c6fd30348907495707,2026-08-30T09:17:49+00:00,1954.0,140,161,92,11.501,3.6000000000000227,30
fit:11ba0ac28d468bdc19c88c55a8774bab8f7f966b006f61c6fd30348907495707,2026-08-30T09:17:50+00:00,1955.0,140,162,91,11.461,4.600000000000023,30
fit:11ba0ac28d468bdc19c88c55a8774bab8f7f966b006f61c6fd30348907495707,2026-08-30T09:17:51+00:00,1956.0,108,162,91,11.422,5.399999999999977,30
fit:11ba0ac28d468bdc19c88c55a8774bab8f7f966b006f61c6fd30348907495707,2026-08-30T09:17:52+00:00,1957.0,13,163,91,11.453,5.399999999999977,30
fit:11ba0ac28d468bdc19c88c55a8774bab8f7f966b006f61c6fd30348907495707,2026-08-30T09:17:53+00:00,1958.0,14,163,80,11.388,5.399999999999977,30
fit:11ba0ac28d468bdc19c88c55a8774bab8f7f966b006f61c6fd30348907495707,2026-08-30T09:17:54+00:00,1959.0,14,163,80,11.192,4.399999999999977,30
fit:11ba0ac28d468bdc19c88c55a8774bab8f7f966b006f61c6fd30348907495707,2026-08-30T09:17:55+00:00,1960.0,56,164,70,11.057,4.399999999999977,30
fit:11ba0ac28d468bdc19c88c55a8774bab8f7f966b006f61c6fd30348907495707,2026-08-30T09:17:56+00:00,1961.0,108,164,70,11.019,4.399999999999977,30
fit:11ba0ac28d468bdc19c88c55a8774bab8f7f966b006f61c6fd30348907495707,2026-08-30T09:17:57+00:00,1962.0,151,164,85,10.856,4.399999999999977,30
fit:11ba0ac28d468bdc19c88c55a8774bab8f7f966b006f61c6fd30348907495707,2026-08-30T09:17:58+00:00,1963.0,343,164,85,10.665,4.399999999999977,30
fit:11ba0ac28d468bdc19c88c55a8774bab8f7f966b006f61c6fd30348907495707,2026-08-30T09:17:59+00:00,1964.0,267,164,86,10.62,4.399999999999977,30
fit:11ba0ac28d468bdc19c88c55a8774bab8f7f966b006f61c6fd30348907495707,2026-08-30T09:18:00+00:00,1965.0,267,164,87,10.662,4.399999999999977,30
fit:11ba0ac28d468bdc19c88c55a8774bab8f7f966b006f61c6fd30348907495707,2026-08-30T09:18:01+00:00,1966.0,146,164,88,10.793,4.399999999999977,30
fit:11ba0ac28d468bdc19c88c55a8774bab8f7f966b006f61c6fd30348907495707,2026-08-30T09:18:02+00:00,1967.0,105,164,89,10.904,4.399999999999977,30
fit:11ba0ac28d468bdc19c88c55a8774bab8f7f966b006f61c6fd30348907495707,2026-08-30T09:18:03+00:00,1968.0,105,164,89,11.019,4.399999999999977,30
fit:11ba0ac28d468bdc19c88c55a8774bab8f7f966b006f61c6fd30348907495707,2026-08-30T09:18:04+00:00,1969.0,44,164,89,11.058,4.600000000000023,30
fit:11ba0ac28d468bdc19c88c55a8774bab8f7f966b006f61c6fd30348907495707,2026-08-30T09:18:05+00:00,1970.0,44,164,43,11.052,4.600000000000023,30
fit:11ba0ac28d468bdc19c88c55a8774bab8f7f966b006f61c6fd30348907495707,2026-08-30T09:18:06+00:00,1971.0,149,163,87,10.981,4.600000000000023,30
fit:11ba0ac28d468bdc19c88c55a8774bab8f7f966b006f61c6fd30348907495707,2026-08-30T09:18:07+00:00,1972.0,133,163,88,10.966,4.399999999999977,30
fit:11ba0ac28d468bdc19c88c55a8774bab8f7f966b006f61c6fd30348907495707,2026-08-30T09:18:08+00:00,1973.0,173,164,88,10.949,4.0,30
fit:11ba0ac28d468bdc19c88c55a8774bab8f7f966b006f61c6fd30348907495707,2026-08-30T09:18:09+00:00,1974.0,142,163,88,11.007,4.0,30
fit:11ba0ac28d468bdc19c88c55a8774bab8f7f966b006f61c6fd30348907495707,2026-08-30T09:18:10+00:00,1975.0,56,163,61,11.029,4.0,30
fit:11ba0ac28d468bdc19c88c55a8774bab8f7f966b006f61c6fd30348907495707,2026-08-30T09:18:11+00:00,1976.0,249,164,87,10.99,4.0,30
fit:11ba0ac28d468bdc19c88c55a8774bab8f7f966b006f61c6fd30348907495707,2026-08-30T09:18:12+00:00,1977.0,260,163,87,10.916,4.0,30
fit:11ba0ac28d468bdc19c88c55a8774bab8f7f966b006f61c6fd30348907495707,2026-08-30T09:18:13+00:00,1978.0,188,163,88,10.964,4.0,30
fit:11ba0ac28d468bdc19c88c55a8774bab8f7f966b006f61c6fd30348907495707,2026-08-30T09:18:14+00:00,1979.0,171,163,89,11.02,4.0,30
fit:11ba0ac28d468bdc19c88c55a8774bab8f7f966b006f61c6fd30348907495707,2026-08-30T09:18:15+00:00,1980.0,229,164,89,11.085,4.0,30
fit:11ba0ac28d468bdc19c88c55a8774bab8f7f966b006f61c6fd30348907495707,2026-08-30T09:18:16+00:00,1981.0,112,164,89,11.094,5.0,30
fit:11ba0ac28d468bdc19c88c55a8774bab8f7f966b006f61c6fd30348907495707,2026-08-30T09:18:17+00:00,1982.0,162,164,89,11.151,5.0,30
fit:11ba0ac28d468bdc19c88c55a8774bab8f7f966b006f61c6fd30348907495707,2026-08-30T09:18:18+00:00,1983.0,134,164,89,11.084,5.0,30
fit:11ba0ac28d468bdc19c88c55a8774bab8f7f966b006f61c6fd30348907495707,2026-08-30T09:18:19+00:00,1984.0,135,165,89,11.165,4.399999999999977,30
fit:11ba0ac28d468bdc19c88c55a8774bab8f7f966b006f61c6fd30348907495707,2026-08-30T09:18:20+00:00,1985.0,43,165,87,11.097,4.0,30
fit:11ba0ac28d468bdc19c88c55a8774bab8f7f966b006f61c6fd30348907495707,2026-08-30T09:18:21+00:00,1986.0,189,165,87,10.96,4.0,30
fit:11ba0ac28d468bdc19c88c55a8774bab8f7f966b006f61c6fd30348907495707,2026-08-30T09:18:22+00:00,1987.0,233,165,87,10.853,4.0,30
fit:11ba0ac28d468bdc19c88c55a8774bab8f7f966b006f61c6fd30348907495707,2026-08-30T09:18:23+00:00,1988.0,264,165,87,10.774,4.399999999999977,30
fit:11ba0ac28d468bdc19c88c55a8774bab8f7f966b006f61c6fd30348907495707,2026-08-30T09:18:24+00:00,1989.0,271,165,89,10.86,4.399999999999977,30
fit:11ba0ac28d468bdc19c88c55a8774bab8f7f966b006f61c6fd30348907495707,2026-08-30T09:18:25+00:00,1990.0,294,165,91,10.886,4.399999999999977,30
fit:11ba0ac28d468bdc19c88c55a8774bab8f7f966b006f61c6fd30348907495707,2026-08-30T09:18:26+00:00,1991.0,245,165,92,11.019,4.399999999999977,30
fit:11ba0ac28d468bdc19c88c55a8774bab8f7f966b006f61c6fd30348907495707,2026-08-30T09:18:27+00:00,1992.0,187,164,92,11.139,5.199999999999989,30
fit:11ba0ac28d468bdc19c88c55a8774bab8f7f966b006f61c6fd30348907495707,2026-08-30T09:18:28+00:00,1993.0,91,165,92,11.254,5.199999999999989,30
fit:11ba0ac28d468bdc19c88c55a8774bab8f7f966b006f61c6fd30348907495707,2026-08-30T09:18:29+00:00,1994.0,109,164,92,11.181,5.199999999999989,30
fit:11ba0ac28d468bdc19c88c55a8774bab8f7f966b006f61c6fd30348907495707,2026-08-30T09:18:30+00:00,1995.0,250,164,91,11.219,4.199999999999989,30
fit:11ba0ac28d468bdc19c88c55a8774bab8f7f966b006f61c6fd30348907495707,2026-08-30T09:18:31+00:00,1996.0,240,164,90,11.234,4.199999999999989,30
fit:11ba0ac28d468bdc19c88c55a8774bab8f7f966b006f61c6fd30348907495707,2026-08-30T09:18:32+00:00,1997.0,560,164,90,11.218,4.199999999999989,30
fit:11ba0ac28d468bdc19c88c55a8774bab8f7f966b006f61c6fd30348907495707,2026-08-30T09:18:33+00:00,1998.0,485,164,90,11.263,4.199999999999989,30
fit:11ba0ac28d468bdc19c88c55a8774bab8f7f966b006f61c6fd30348907495707,2026-08-30T09:18:34+00:00,1999.0,213,164,92,11.267,4.0,30
fit:11ba0ac28d468bdc19c88c55a8774bab8f7f966b006f61c6fd30348907495707,2026-08-30T09:18:35+00:00,2000.0,190,164,93,11.354,3.6000000000000227,30
fit:11ba0ac28d468bdc19c88c55a8774bab8f7f966b006f61c6fd30348907495707,2026-08-30T09:18:36+00:00,2001.0,236,164,93,11.432,3.3999999999999773,30
fit:11ba0ac28d468bdc19c88c55a8774bab8f7f966b006f61c6fd30348907495707,2026-08-30T09:18:37+00:00,2002.0,217,165,93,11.517,2.3999999999999773,30
fit:11ba0ac28d468bdc19c88c55a8774bab8f7f966b006f61c6fd30348907495707,2026-08-30T09:18:38+00:00,2003.0,194,165,92,11.478,1.3999999999999773,30
fit:11ba0ac28d468bdc19c88c55a8774bab8f7f966b006f61c6fd30348907495707,2026-08-30T09:18:39+00:00,2004.0,285,165,92,11.412,1.3999999999999773,30
fit:11ba0ac28d468bdc19c88c55a8774bab8f7f966b006f61c6fd30348907495707,2026-08-30T09:18:40+00:00,2005.0,294,165,92,11.341,1.3999999999999773,30
fit:11ba0ac28d468bdc19c88c55a8774bab8f7f966b006f61c6fd30348907495707,2026-08-30T09:18:41+00:00,2006.0,108,165,93,11.384,2.3999999999999773,30
fit:11ba0ac28d468bdc19c88c55a8774bab8f7f966b006f61c6fd30348907495707,2026-08-30T09:18:42+00:00,2007.0,68,165,93,11.525,3.3999999999999773,30
fit:11ba0ac28d468bdc19c88c55a8774bab8f7f966b006f61c6fd30348907495707,2026-08-30T09:18:43+00:00,2008.0,73,166,93,11.46,4.399999999999977,30
fit:11ba0ac28d468bdc19c88c55a8774bab8f7f966b006f61c6fd30348907495707,2026-08-30T09:18:44+00:00,2009.0,127,166,92,11.538,4.800000000000011,30
fit:11ba0ac28d468bdc19c88c55a8774bab8f7f966b006f61c6fd30348907495707,2026-08-30T09:18:45+00:00,2010.0,185,166,93,11.528,5.0,30
fit:11ba0ac28d468bdc19c88c55a8774bab8f7f966b006f61c6fd30348907495707,2026-08-30T09:18:46+00:00,2011.0,171,166,93,11.482,5.0,30
fit:11ba0ac28d468bdc19c88c55a8774bab8f7f966b006f61c6fd30348907495707,2026-08-30T09:18:47+00:00,2012.0,460,167,93,11.5,5.0,30
fit:11ba0ac28d468bdc19c88c55a8774bab8f7f966b006f61c6fd30348907495707,2026-08-30T09:18:48+00:00,2013.0,188,167,96,11.552,4.0,30
fit:11ba0ac28d468bdc19c88c55a8774bab8f7f966b006f61c6fd30348907495707,2026-08-30T09:18:49+00:00,2014.0,240,167,96,11.659,4.0,30
fit:11ba0ac28d468bdc19c88c55a8774bab8f7f966b006f61c6fd30348907495707,2026-08-30T09:18:50+00:00,2015.0,393,167,97,11.828,4.0,30
fit:11ba0ac28d468bdc19c88c55a8774bab8f7f966b006f61c6fd30348907495707,2026-08-30T09:18:51+00:00,2016.0,185,168,98,11.848,4.0,30
fit:11ba0ac28d468bdc19c88c55a8774bab8f7f966b006f61c6fd30348907495707,2026-08-30T09:18:52+00:00,2017.0,160,168,97,12.12,5.0,30
fit:11ba0ac28d468bdc19c88c55a8774bab8f7f966b006f61c6fd30348907495707,2026-08-30T09:18:53+00:00,2018.0,160,169,96,12.142,5.0,30
fit:11ba0ac28d468bdc19c88c55a8774bab8f7f966b006f61c6fd30348907495707,2026-08-30T09:18:54+00:00,2019.0,160,169,96,12.08,5.0,30
fit:11ba0ac28d468bdc19c88c55a8774bab8f7f966b006f61c6fd30348907495707,2026-08-30T09:18:55+00:00,2020.0,190,170,67,12.01,4.199999999999989,30
fit:11ba0ac28d468bdc19c88c55a8774bab8f7f966b006f61c6fd30348907495707,2026-08-30T09:18:56+00:00,2021.0,190,170,93,11.81,4.199999999999989,30
fit:11ba0ac28d468bdc19c88c55a8774bab8f7f966b006f61c6fd30348907495707,2026-08-30T09:18:57+00:00,2022.0,214,170,93,11.66,4.199999999999989,30
fit:11ba0ac28d468bdc19c88c55a8774bab8f7f966b006f61c6fd30348907495707,2026-08-30T09:18:58+00:00,2023.0,214,170,95,11.463,5.199999999999989,30
fit:11ba0ac28d468bdc19c88c55a8774bab8f7f966b006f61c6fd30348907495707,2026-08-30T09:18:59+00:00,2024.0,90,170,94,11.599,6.0,30
fit:11ba0ac28d468bdc19c88c55a8774bab8f7f966b006f61c6fd30348907495707,2026-08-30T09:19:00+00:00,2025.0,183,170,95,11.601,6.0,30
fit:11ba0ac28d468bdc19c88c55a8774bab8f7f966b006f61c6fd30348907495707,2026-08-30T09:19:01+00:00,2026.0,290,170,95,11.699,6.0,30
fit:11ba0ac28d468bdc19c88c55a8774bab8f7f966b006f61c6fd30348907495707,2026-08-30T09:19:02+00:00,2027.0,147,170,95,11.696,5.399999999999977,30
fit:11ba0ac28d468bdc19c88c55a8774bab8f7f966b006f61c6fd30348907495707,2026-08-30T09:19:03+00:00,2028.0,306,170,96,11.66,5.399999999999977,30
fit:11ba0ac28d468bdc19c88c55a8774bab8f7f966b006f61c6fd30348907495707,2026-08-30T09:19:04+00:00,2029.0,196,169,97,11.657,5.399999999999977,30
fit:11ba0ac28d468bdc19c88c55a8774bab8f7f966b006f61c6fd30348907495707,2026-08-30T09:19:05+00:00,2030.0,227,169,97,11.697,5.399999999999977,30
fit:11ba0ac28d468bdc19c88c55a8774bab8f7f966b006f61c6fd30348907495707,2026-08-30T09:19:06+00:00,2031.0,157,169,97,11.889,4.399999999999977,30
fit:11ba0ac28d468bdc19c88c55a8774bab8f7f966b006f61c6fd30348907495707,2026-08-30T09:19:07+00:00,2032.0,174,169,97,11.949,4.399999999999977,30
fit:11ba0ac28d468bdc19c88c55a8774bab8f7f966b006f61c6fd30348907495707,2026-08-30T09:19:08+00:00,2033.0,175,169,97,12.039,4.399999999999977,30
fit:11ba0ac28d468bdc19c88c55a8774bab8f7f966b006f61c6fd30348907495707,2026-08-30T09:19:09+00:00,2034.0,88,168,96,11.961,5.399999999999977,30
fit:11ba0ac28d468bdc19c88c55a8774bab8f7f966b006f61c6fd30348907495707,2026-08-30T09:19:10+00:00,2035.0,112,169,96,12.004,5.800000000000011,30
fit:11ba0ac28d468bdc19c88c55a8774bab8f7f966b006f61c6fd30348907495707,2026-08-30T09:19:11+00:00,2036.0,138,168,95,12.045,6.199999999999989,30
fit:11ba0ac28d468bdc19c88c55a8774bab8f7f966b006f61c6fd30348907495707,2026-08-30T09:19:12+00:00,2037.0,189,168,95,11.929,6.600000000000023,30
fit:11ba0ac28d468bdc19c88c55a8774bab8f7f966b006f61c6fd30348907495707,2026-08-30T09:19:13+00:00,2038.0,189,169,94,11.787,7.399999999999977,30
fit:11ba0ac28d468bdc19c88c55a8774bab8f7f966b006f61c6fd30348907495707,2026-08-30T09:19:14+00:00,2039.0,174,169,95,11.694,7.399999999999977,30
fit:11ba0ac28d468bdc19c88c55a8774bab8f7f966b006f61c6fd30348907495707,2026-08-30T09:19:15+00:00,2040.0,274,169,96,11.776,7.399999999999977,30
fit:11ba0ac28d468bdc19c88c55a8774bab8f7f966b006f61c6fd30348907495707,2026-08-30T09:19:16+00:00,2041.0,194,169,96,11.878,6.399999999999977,30
fit:11ba0ac28d468bdc19c88c55a8774bab8f7f966b006f61c6fd30348907495707,2026-08-30T09:19:17+00:00,2042.0,103,169,96,11.932,5.399999999999977,30
fit:11ba0ac28d468bdc19c88c55a8774bab8f7f966b006f61c6fd30348907495707,2026-08-30T09:19:18+00:00,2043.0,106,169,96,11.917,5.399999999999977,30
fit:11ba0ac28d468bdc19c88c55a8774bab8f7f966b006f61c6fd30348907495707,2026-08-30T09:19:19+00:00,2044.0,81,169,95,11.919,5.399999999999977,30
fit:11ba0ac28d468bdc19c88c55a8774bab8f7f966b006f61c6fd30348907495707,2026-08-30T09:19:20+00:00,2045.0,85,169,94,11.91,5.399999999999977,30
fit:11ba0ac28d468bdc19c88c55a8774bab8f7f966b006f61c6fd30348907495707,2026-08-30T09:19:21+00:00,2046.0,101,169,94,11.932,5.399999999999977,30
fit:11ba0ac28d468bdc19c88c55a8774bab8f7f966b006f61c6fd30348907495707,2026-08-30T09:19:22+00:00,2047.0,181,168,94,11.984,5.199999999999989,30
fit:11ba0ac28d468bdc19c88c55a8774bab8f7f966b006f61c6fd30348907495707,2026-08-30T09:19:23+00:00,2048.0,423,168,94,11.853,4.199999999999989,30
fit:11ba0ac28d468bdc19c88c55a8774bab8f7f966b006f61c6fd30348907495707,2026-08-30T09:19:24+00:00,2049.0,423,168,95,11.68,3.8000000000000114,30
fit:11ba0ac28d468bdc19c88c55a8774bab8f7f966b006f61c6fd30348907495707,2026-08-30T09:19:25+00:00,2050.0,250,167,97,11.724,3.8000000000000114,30
fit:11ba0ac28d468bdc19c88c55a8774bab8f7f966b006f61c6fd30348907495707,2026-08-30T09:19:26+00:00,2051.0,218,167,97,11.893,3.8000000000000114,30
fit:11ba0ac28d468bdc19c88c55a8774bab8f7f966b006f61c6fd30348907495707,2026-08-30T09:19:27+00:00,2052.0,218,167,97,11.958,3.8000000000000114,30
fit:11ba0ac28d468bdc19c88c55a8774bab8f7f966b006f61c6fd30348907495707,2026-08-30T09:19:28+00:00,2053.0,422,168,98,12.041,3.8000000000000114,30
fit:11ba0ac28d468bdc19c88c55a8774bab8f7f966b006f61c6fd30348907495707,2026-08-30T09:19:29+00:00,2054.0,334,168,99,12.059,3.8000000000000114,30
fit:11ba0ac28d468bdc19c88c55a8774bab8f7f966b006f61c6fd30348907495707,2026-08-30T09:19:30+00:00,2055.0,245,168,101,12.203,3.8000000000000114,30
fit:11ba0ac28d468bdc19c88c55a8774bab8f7f966b006f61c6fd30348907495707,2026-08-30T09:19:31+00:00,2056.0,408,168,101,12.331,4.600000000000023,30
fit:11ba0ac28d468bdc19c88c55a8774bab8f7f966b006f61c6fd30348907495707,2026-08-30T09:19:32+00:00,2057.0,560,168,101,12.379,5.0,30
fit:11ba0ac28d468bdc19c88c55a8774bab8f7f966b006f61c6fd30348907495707,2026-08-30T09:19:33+00:00,2058.0,306,169,105,12.484,5.0,30
fit:11ba0ac28d468bdc19c88c55a8774bab8f7f966b006f61c6fd30348907495707,2026-08-30T09:19:34+00:00,2059.0,116,169,104,12.612,5.0,30
fit:11ba0ac28d468bdc19c88c55a8774bab8f7f966b006f61c6fd30348907495707,2026-08-30T09:19:35+00:00,2060.0,212,169,104,12.799,4.600000000000023,30
fit:11ba0ac28d468bdc19c88c55a8774bab8f7f966b006f61c6fd30348907495707,2026-08-30T09:19:36+00:00,2061.0,206,169,104,12.806,3.6000000000000227,30
fit:11ba0ac28d468bdc19c88c55a8774bab8f7f966b006f61c6fd30348907495707,2026-08-30T09:19:37+00:00,2062.0,529,170,103,12.858,3.6000000000000227,30
fit:11ba0ac28d468bdc19c88c55a8774bab8f7f966b006f61c6fd30348907495707,2026-08-30T09:19:38+00:00,2063.0,666,170,104,12.794,3.6000000000000227,30
fit:11ba0ac28d468bdc19c88c55a8774bab8f7f966b006f61c6fd30348907495707,2026-08-30T09:19:39+00:00,2064.0,693,171,108,12.846,4.600000000000023,31
fit:11ba0ac28d468bdc19c88c55a8774bab8f7f966b006f61c6fd30348907495707,2026-08-30T09:19:40+00:00,2065.0,803,171,113,13.132,4.600000000000023,31
fit:11ba0ac28d468bdc19c88c55a8774bab8f7f966b006f61c6fd30348907495707,2026-08-30T09:19:41+00:00,2066.0,453,171,114,13.584,4.600000000000023,31
fit:11ba0ac28d468bdc19c88c55a8774bab8f7f966b006f61c6fd30348907495707,2026-08-30T09:19:42+00:00,2067.0,453,171,114,13.672,3.6000000000000227,31
fit:11ba0ac28d468bdc19c88c55a8774bab8f7f966b006f61c6fd30348907495707,2026-08-30T09:19:43+00:00,2068.0,164,173,113,13.891,3.6000000000000227,31
fit:11ba0ac28d468bdc19c88c55a8774bab8f7f966b006f61c6fd30348907495707,2026-08-30T09:19:44+00:00,2069.0,252,173,103,14.035,3.6000000000000227,31
fit:11ba0ac28d468bdc19c88c55a8774bab8f7f966b006f61c6fd30348907495707,2026-08-30T09:19:45+00:00,2070.0,247,173,103,14.032,3.6000000000000227,31
fit:11ba0ac28d468bdc19c88c55a8774bab8f7f966b006f61c6fd30348907495707,2026-08-30T09:19:46+00:00,2071.0,505,174,102,13.813,4.600000000000023,31
fit:11ba0ac28d468bdc19c88c55a8774bab8f7f966b006f61c6fd30348907495707,2026-08-30T09:19:47+00:00,2072.0,316,175,103,13.828,4.600000000000023,31
fit:11ba0ac28d468bdc19c88c55a8774bab8f7f966b006f61c6fd30348907495707,2026-08-30T09:19:48+00:00,2073.0,261,175,104,13.783,4.600000000000023,31
fit:11ba0ac28d468bdc19c88c55a8774bab8f7f966b006f61c6fd30348907495707,2026-08-30T09:19:49+00:00,2074.0,261,176,105,13.865,4.600000000000023,31
fit:11ba0ac28d468bdc19c88c55a8774bab8f7f966b006f61c6fd30348907495707,2026-08-30T09:19:50+00:00,2075.0,254,177,104,13.904,5.600000000000023,31
fit:11ba0ac28d468bdc19c88c55a8774bab8f7f966b006f61c6fd30348907495707,2026-08-30T09:19:51+00:00,2076.0,400,178,104,13.908,6.0,31
fit:11ba0ac28d468bdc19c88c55a8774bab8f7f966b006f61c6fd30348907495707,2026-08-30T09:19:52+00:00,2077.0,202,179,105,13.808,7.0,31
fit:11ba0ac28d468bdc19c88c55a8774bab8f7f966b006f61c6fd30348907495707,2026-08-30T09:19:53+00:00,2078.0,400,180,105,13.947,7.0,31
fit:11ba0ac28d468bdc19c88c55a8774bab8f7f966b006f61c6fd30348907495707,2026-08-30T09:19:54+00:00,2079.0,273,180,106,13.913,7.0,31
fit:11ba0ac28d468bdc19c88c55a8774bab8f7f966b006f61c6fd30348907495707,2026-08-30T09:19:55+00:00,2080.0,183,180,105,14.084,7.0,31
fit:11ba0ac28d468bdc19c88c55a8774bab8f7f966b006f61c6fd30348907495707,2026-08-30T09:19:56+00:00,2081.0,183,180,105,14.126,7.0,31
fit:11ba0ac28d468bdc19c88c55a8774bab8f7f966b006f61c6fd30348907495707,2026-08-30T09:19:57+00:00,2082.0,221,180,106,14.122,7.0,31
fit:11ba0ac28d468bdc19c88c55a8774bab8f7f966b006f61c6fd30348907495707,2026-08-30T09:19:58+00:00,2083.0,360,180,106,14.02,6.0,31
fit:11ba0ac28d468bdc19c88c55a8774bab8f7f966b006f61c6fd30348907495707,2026-08-30T09:19:59+00:00,2084.0,492,181,107,14.172,6.0,31
fit:11ba0ac28d468bdc19c88c55a8774bab8f7f966b006f61c6fd30348907495707,2026-08-30T09:20:00+00:00,2085.0,90,182,108,14.121,5.399999999999977,31
fit:11ba0ac28d468bdc19c88c55a8774bab8f7f966b006f61c6fd30348907495707,2026-08-30T09:20:01+00:00,2086.0,90,182,107,14.243,5.399999999999977,31
fit:11ba0ac28d468bdc19c88c55a8774bab8f7f966b006f61c6fd30348907495707,2026-08-30T09:20:02+00:00,2087.0,90,182,72,13.887,5.399999999999977,31
fit:11ba0ac28d468bdc19c88c55a8774bab8f7f966b006f61c6fd30348907495707,2026-08-30T09:20:03+00:00,2088.0,90,183,72,13.917,5.399999999999977,31
fit:11ba0ac28d468bdc19c88c55a8774bab8f7f966b006f61c6fd30348907495707,2026-08-30T09:20:04+00:00,2089.0,90,183,103,13.866,6.399999999999977,31
fit:11ba0ac28d468bdc19c88c55a8774bab8f7f966b006f61c6fd30348907495707,2026-08-30T09:20:05+00:00,2090.0,235,184,103,13.647,6.399999999999977,31
fit:11ba0ac28d468bdc19c88c55a8774bab8f7f966b006f61c6fd30348907495707,2026-08-30T09:20:06+00:00,2091.0,155,184,102,13.663,6.399999999999977,31
fit:11ba0ac28d468bdc19c88c55a8774bab8f7f966b006f61c6fd30348907495707,2026-08-30T09:20:07+00:00,2092.0,178,184,102,13.731,5.800000000000011,31
fit:11ba0ac28d468bdc19c88c55a8774bab8f7f966b006f61c6fd30348907495707,2026-08-30T09:20:08+00:00,2093.0,130,184,101,13.671,5.399999999999977,31
fit:11ba0ac28d468bdc19c88c55a8774bab8f7f966b006f61c6fd30348907495707,2026-08-30T09:20:09+00:00,2094.0,131,184,101,13.556,5.399999999999977,31
fit:11ba0ac28d468bdc19c88c55a8774bab8f7f966b006f61c6fd30348907495707,2026-08-30T09:20:10+00:00,2095.0,201,184,101,13.506,5.399999999999977,31
fit:11ba0ac28d468bdc19c88c55a8774bab8f7f966b006f61c6fd30348907495707,2026-08-30T09:20:11+00:00,2096.0,219,184,100,13.448,6.0,31
fit:11ba0ac28d468bdc19c88c55a8774bab8f7f966b006f61c6fd30348907495707,2026-08-30T09:20:12+00:00,2097.0,409,184,100,13.369,6.199999999999989,31
fit:11ba0ac28d468bdc19c88c55a8774bab8f7f966b006f61c6fd30348907495707,2026-08-30T09:20:13+00:00,2098.0,512,184,102,13.434,6.199999999999989,31
fit:11ba0ac28d468bdc19c88c55a8774bab8f7f966b006f61c6fd30348907495707,2026-08-30T09:20:14+00:00,2099.0,451,184,103,13.464,6.199999999999989,31
fit:11ba0ac28d468bdc19c88c55a8774bab8f7f966b006f61c6fd30348907495707,2026-08-30T09:20:15+00:00,2100.0,113,183,81,13.701,6.199999999999989,31
fit:11ba0ac28d468bdc19c88c55a8774bab8f7f966b006f61c6fd30348907495707,2026-08-30T09:20:16+00:00,2101.0,113,183,81,13.551,6.199999999999989,31
fit:11ba0ac28d468bdc19c88c55a8774bab8f7f966b006f61c6fd30348907495707,2026-08-30T09:20:17+00:00,2102.0,113,183,81,13.452,6.199999999999989,31
fit:11ba0ac28d468bdc19c88c55a8774bab8f7f966b006f61c6fd30348907495707,2026-08-30T09:20:18+00:00,2103.0,113,183,51,13.291,5.399999999999977,31
fit:11ba0ac28d468bdc19c88c55a8774bab8f7f966b006f61c6fd30348907495707,2026-08-30T09:20:19+00:00,2104.0,99,184,51,13.212,5.0,31
fit:11ba0ac28d468bdc19c88c55a8774bab8f7f966b006f61c6fd30348907495707,2026-08-30T09:20:20+00:00,2105.0,172,183,96,13.129,5.0,31
fit:11ba0ac28d468bdc19c88c55a8774bab8f7f966b006f61c6fd30348907495707,2026-08-30T09:20:21+00:00,2106.0,332,183,95,13.007,5.0,31
fit:11ba0ac28d468bdc19c88c55a8774bab8f7f966b006f61c6fd30348907495707,2026-08-30T09:20:22+00:00,2107.0,299,183,95,12.771,6.0,31
fit:11ba0ac28d468bdc19c88c55a8774bab8f7f966b006f61c6fd30348907495707,2026-08-30T09:20:23+00:00,2108.0,108,183,96,12.577,6.0,31
fit:11ba0ac28d468bdc19c88c55a8774bab8f7f966b006f61c6fd30348907495707,2026-08-30T09:20:24+00:00,2109.0,75,183,96,12.599,6.0,31
fit:11ba0ac28d468bdc19c88c55a8774bab8f7f966b006f61c6fd30348907495707,2026-08-30T09:20:25+00:00,2110.0,139,183,95,12.652,5.600000000000023,31
fit:11ba0ac28d468bdc19c88c55a8774bab8f7f966b006f61c6fd30348907495707,2026-08-30T09:20:26+00:00,2111.0,370,183,95,12.645,5.600000000000023,31
fit:11ba0ac28d468bdc19c88c55a8774bab8f7f966b006f61c6fd30348907495707,2026-08-30T09:20:27+00:00,2112.0,434,182,95,12.671,5.600000000000023,31
fit:11ba0ac28d468bdc19c88c55a8774bab8f7f966b006f61c6fd30348907495707,2026-08-30T09:20:28+00:00,2113.0,308,181,99,12.719,5.600000000000023,31
fit:11ba0ac28d468bdc19c88c55a8774bab8f7f966b006f61c6fd30348907495707,2026-08-30T09:20:29+00:00,2114.0,308,181,99,12.728,5.600000000000023,31
fit:11ba0ac28d468bdc19c88c55a8774bab8f7f966b006f61c6fd30348907495707,2026-08-30T09:20:30+00:00,2115.0,17,181,99,12.945,5.600000000000023,31
fit:11ba0ac28d468bdc19c88c55a8774bab8f7f966b006f61c6fd30348907495707,2026-08-30T09:20:31+00:00,2116.0,17,180,91,13.059,5.600000000000023,31
fit:11ba0ac28d468bdc19c88c55a8774bab8f7f966b006f61c6fd30348907495707,2026-08-30T09:20:32+00:00,2117.0,17,180,91,13.068,5.600000000000023,31
fit:11ba0ac28d468bdc19c88c55a8774bab8f7f966b006f61c6fd30348907495707,2026-08-30T09:20:33+00:00,2118.0,135,180,96,13.03,5.600000000000023,31
fit:11ba0ac28d468bdc19c88c55a8774bab8f7f966b006f61c6fd30348907495707,2026-08-30T09:20:34+00:00,2119.0,193,179,97,12.851,6.600000000000023,31
fit:11ba0ac28d468bdc19c88c55a8774bab8f7f966b006f61c6fd30348907495707,2026-08-30T09:20:35+00:00,2120.0,170,178,97,12.727,7.199999999999989,31
fit:11ba0ac28d468bdc19c88c55a8774bab8f7f966b006f61c6fd30348907495707,2026-08-30T09:20:36+00:00,2121.0,130,178,96,12.697,7.199999999999989,31
fit:11ba0ac28d468bdc19c88c55a8774bab8f7f966b006f61c6fd30348907495707,2026-08-30T09:20:37+00:00,2122.0,130,178,96,12.841,7.199999999999989,31
fit:11ba0ac28d468bdc19c88c55a8774bab8f7f966b006f61c6fd30348907495707,2026-08-30T09:20:38+00:00,2123.0,150,177,96,12.791,6.199999999999989,31
fit:11ba0ac28d468bdc19c88c55a8774bab8f7f966b006f61c6fd30348907495707,2026-08-30T09:20:39+00:00,2124.0,464,177,96,12.795,6.199999999999989,31
fit:11ba0ac28d468bdc19c88c55a8774bab8f7f966b006f61c6fd30348907495707,2026-08-30T09:20:40+00:00,2125.0,464,177,96,12.618,6.199999999999989,31
fit:11ba0ac28d468bdc19c88c55a8774bab8f7f966b006f61c6fd30348907495707,2026-08-30T09:20:41+00:00,2126.0,553,176,96,12.58,6.199999999999989,31
fit:11ba0ac28d468bdc19c88c55a8774bab8f7f966b006f61c6fd30348907495707,2026-08-30T09:20:42+00:00,2127.0,363,176,99,12.818,6.199999999999989,31
fit:11ba0ac28d468bdc19c88c55a8774bab8f7f966b006f61c6fd30348907495707,2026-08-30T09:20:43+00:00,2128.0,438,176,101,12.983,5.199999999999989,31
fit:11ba0ac28d468bdc19c88c55a8774bab8f7f966b006f61c6fd30348907495707,2026-08-30T09:20:44+00:00,2129.0,228,176,102,12.885,5.199999999999989,31
fit:11ba0ac28d468bdc19c88c55a8774bab8f7f966b006f61c6fd30348907495707,2026-08-30T09:20:45+00:00,2130.0,84,176,101,13.117,5.199999999999989,31
fit:11ba0ac28d468bdc19c88c55a8774bab8f7f966b006f61c6fd30348907495707,2026-08-30T09:20:46+00:00,2131.0,44,176,101,13.287,6.199999999999989,31
fit:11ba0ac28d468bdc19c88c55a8774bab8f7f966b006f61c6fd30348907495707,2026-08-30T09:20:47+00:00,2132.0,44,176,80,13.272,6.199999999999989,31
fit:11ba0ac28d468bdc19c88c55a8774bab8f7f966b006f61c6fd30348907495707,2026-08-30T09:20:48+00:00,2133.0,11,176,80,12.989,6.199999999999989,31
fit:11ba0ac28d468bdc19c88c55a8774bab8f7f966b006f61c6fd30348907495707,2026-08-30T09:20:49+00:00,2134.0,24,176,80,12.989,6.199999999999989,31
fit:11ba0ac28d468bdc19c88c55a8774bab8f7f966b006f61c6fd30348907495707,2026-08-30T09:20:50+00:00,2135.0,24,176,20,12.707,6.199999999999989,31
fit:11ba0ac28d468bdc19c88c55a8774bab8f7f966b006f61c6fd30348907495707,2026-08-30T09:20:51+00:00,2136.0,24,176,20,12.593,6.199999999999989,31
fit:11ba0ac28d468bdc19c88c55a8774bab8f7f966b006f61c6fd30348907495707,2026-08-30T09:20:52+00:00,2137.0,0,177,20,12.397,5.199999999999989,31
fit:11ba0ac28d468bdc19c88c55a8774bab8f7f966b006f61c6fd30348907495707,2026-08-30T09:20:53+00:00,2138.0,25,176,20,12.104,5.0,31
fit:11ba0ac28d468bdc19c88c55a8774bab8f7f966b006f61c6fd30348907495707,2026-08-30T09:20:54+00:00,2139.0,25,176,20,11.638,5.0,31
fit:11ba0ac28d468bdc19c88c55a8774bab8f7f966b006f61c6fd30348907495707,2026-08-30T09:20:55+00:00,2140.0,25,176,20,10.878,5.0,31
fit:11ba0ac28d468bdc19c88c55a8774bab8f7f966b006f61c6fd30348907495707,2026-08-30T09:20:56+00:00,2141.0,10,175,0,10.432,6.0,31
fit:11ba0ac28d468bdc19c88c55a8774bab8f7f966b006f61c6fd30348907495707,2026-08-30T09:20:57+00:00,2142.0,701,175,0,10.125,6.0,31
fit:11ba0ac28d468bdc19c88c55a8774bab8f7f966b006f61c6fd30348907495707,2026-08-30T09:20:58+00:00,2143.0,701,174,85,10.232,6.0,31
fit:11ba0ac28d468bdc19c88c55a8774bab8f7f966b006f61c6fd30348907495707,2026-08-30T09:20:59+00:00,2144.0,622,174,89,10.524,5.0,31
fit:11ba0ac28d468bdc19c88c55a8774bab8f7f966b006f61c6fd30348907495707,2026-08-30T09:21:00+00:00,2145.0,622,173,94,11.719,5.0,31
fit:11ba0ac28d468bdc19c88c55a8774bab8f7f966b006f61c6fd30348907495707,2026-08-30T09:21:01+00:00,2146.0,367,173,94,12.26,5.0,31
fit:11ba0ac28d468bdc19c88c55a8774bab8f7f966b006f61c6fd30348907495707,2026-08-30T09:21:02+00:00,2147.0,110,173,102,12.913,5.0,31
fit:11ba0ac28d468bdc19c88c55a8774bab8f7f966b006f61c6fd30348907495707,2026-08-30T09:21:03+00:00,2148.0,44,174,103,13.489,4.800000000000011,31
fit:11ba0ac28d468bdc19c88c55a8774bab8f7f966b006f61c6fd30348907495707,2026-08-30T09:21:04+00:00,2149.0,61,174,102,13.674,4.0,31
fit:11ba0ac28d468bdc19c88c55a8774bab8f7f966b006f61c6fd30348907495707,2026-08-30T09:21:05+00:00,2150.0,80,174,102,13.629,4.0,31
fit:11ba0ac28d468bdc19c88c55a8774bab8f7f966b006f61c6fd30348907495707,2026-08-30T09:21:06+00:00,2151.0,302,174,102,13.62,4.0,31
fit:11ba0ac28d468bdc19c88c55a8774bab8f7f966b006f61c6fd30348907495707,2026-08-30T09:21:07+00:00,2152.0,131,175,101,13.584,4.0,31
fit:11ba0ac28d468bdc19c88c55a8774bab8f7f966b006f61c6fd30348907495707,2026-08-30T09:21:08+00:00,2153.0,118,175,101,13.41,3.0,31
fit:11ba0ac28d468bdc19c88c55a8774bab8f7f966b006f61c6fd30348907495707,2026-08-30T09:21:09+00:00,2154.0,150,175,100,13.346,3.0,31
fit:11ba0ac28d468bdc19c88c55a8774bab8f7f966b006f61c6fd30348907495707,2026-08-30T09:21:10+00:00,2155.0,128,175,98,13.328,3.0,31
fit:11ba0ac28d468bdc19c88c55a8774bab8f7f966b006f61c6fd30348907495707,2026-08-30T09:21:11+00:00,2156.0,128,176,98,13.099,3.3999999999999773,31
fit:11ba0ac28d468bdc19c88c55a8774bab8f7f966b006f61c6fd30348907495707,2026-08-30T09:21:12+00:00,2157.0,43,176,98,13.102,3.3999999999999773,31
fit:11ba0ac28d468bdc19c88c55a8774bab8f7f966b006f61c6fd30348907495707,2026-08-30T09:21:13+00:00,2158.0,429,176,96,13.019,3.3999999999999773,31
fit:11ba0ac28d468bdc19c88c55a8774bab8f7f966b006f61c6fd30348907495707,2026-08-30T09:21:14+00:00,2159.0,179,177,96,12.861,2.3999999999999773,31
fit:11ba0ac28d468bdc19c88c55a8774bab8f7f966b006f61c6fd30348907495707,2026-08-30T09:21:15+00:00,2160.0,107,178,96,12.775,2.3999999999999773,31
fit:11ba0ac28d468bdc19c88c55a8774bab8f7f966b006f61c6fd30348907495707,2026-08-30T09:21:16+00:00,2161.0,255,178,94,12.704,2.3999999999999773,31
fit:11ba0ac28d468bdc19c88c55a8774bab8f7f966b006f61c6fd30348907495707,2026-08-30T09:21:17+00:00,2162.0,163,178,94,12.628,3.3999999999999773,31
fit:11ba0ac28d468bdc19c88c55a8774bab8f7f966b006f61c6fd30348907495707,2026-08-30T09:21:18+00:00,2163.0,164,178,95,12.733,3.3999999999999773,31
fit:11ba0ac28d468bdc19c88c55a8774bab8f7f966b006f61c6fd30348907495707,2026-08-30T09:21:19+00:00,2164.0,6,178,95,12.68,3.3999999999999773,31
fit:11ba0ac28d468bdc19c88c55a8774bab8f7f966b006f61c6fd30348907495707,2026-08-30T09:21:20+00:00,2165.0,6,178,57,12.68,3.3999999999999773,31
fit:11ba0ac28d468bdc19c88c55a8774bab8f7f966b006f61c6fd30348907495707,2026-08-30T09:21:21+00:00,2166.0,84,178,57,12.17,3.3999999999999773,31
fit:11ba0ac28d468bdc19c88c55a8774bab8f7f966b006f61c6fd30348907495707,2026-08-30T09:21:22+00:00,2167.0,290,178,76,11.979,4.199999999999989,31
fit:11ba0ac28d468bdc19c88c55a8774bab8f7f966b006f61c6fd30348907495707,2026-08-30T09:21:23+00:00,2168.0,243,178,90,11.995,4.800000000000011,31
fit:11ba0ac28d468bdc19c88c55a8774bab8f7f966b006f61c6fd30348907495707,2026-08-30T09:21:24+00:00,2169.0,243,178,90,12.094,4.800000000000011,31
fit:11ba0ac28d468bdc19c88c55a8774bab8f7f966b006f61c6fd30348907495707,2026-08-30T09:21:25+00:00,2170.0,32,177,90,11.975,4.800000000000011,31
fit:11ba0ac28d468bdc19c88c55a8774bab8f7f966b006f61c6fd30348907495707,2026-08-30T09:21:26+00:00,2171.0,182,177,88,11.875,4.399999999999977,31
fit:11ba0ac28d468bdc19c88c55a8774bab8f7f966b006f61c6fd30348907495707,2026-08-30T09:21:27+00:00,2172.0,946,177,88,11.736,3.6000000000000227,31
fit:11ba0ac28d468bdc19c88c55a8774bab8f7f966b006f61c6fd30348907495707,2026-08-30T09:21:28+00:00,2173.0,1122,176,93,11.715,3.6000000000000227,31
fit:11ba0ac28d468bdc19c88c55a8774bab8f7f966b006f61c6fd30348907495707,2026-08-30T09:21:29+00:00,2174.0,1112,176,100,12.374,3.6000000000000227,31
fit:11ba0ac28d468bdc19c88c55a8774bab8f7f966b006f61c6fd30348907495707,2026-08-30T09:21:30+00:00,2175.0,1077,176,100,13.183,3.6000000000000227,31
fit:11ba0ac28d468bdc19c88c55a8774bab8f7f966b006f61c6fd30348907495707,2026-08-30T09:21:31+00:00,2176.0,1116,175,108,13.454,2.6000000000000227,31
fit:11ba0ac28d468bdc19c88c55a8774bab8f7f966b006f61c6fd30348907495707,2026-08-30T09:21:32+00:00,2177.0,1008,175,108,14.167,2.1999999999999886,31
fit:11ba0ac28d468bdc19c88c55a8774bab8f7f966b006f61c6fd30348907495707,2026-08-30T09:21:33+00:00,2178.0,1002,176,112,14.924,1.1999999999999886,31
fit:11ba0ac28d468bdc19c88c55a8774bab8f7f966b006f61c6fd30348907495707,2026-08-30T09:21:34+00:00,2179.0,1003,176,117,15.329,1.0,31
fit:11ba0ac28d468bdc19c88c55a8774bab8f7f966b006f61c6fd30348907495707,2026-08-30T09:21:35+00:00,2180.0,917,178,118,15.618,0.0,31
fit:11ba0ac28d468bdc19c88c55a8774bab8f7f966b006f61c6fd30348907495707,2026-08-30T09:21:36+00:00,2181.0,692,179,121,15.878,0.0,31
fit:11ba0ac28d468bdc19c88c55a8774bab8f7f966b006f61c6fd30348907495707,2026-08-30T09:21:37+00:00,2182.0,692,181,120,16.0,0.0,31
fit:11ba0ac28d468bdc19c88c55a8774bab8f7f966b006f61c6fd30348907495707,2026-08-30T09:21:38+00:00,2183.0,691,181,121,16.303,0.19999999999998863,31
fit:11ba0ac28d468bdc19c88c55a8774bab8f7f966b006f61c6fd30348907495707,2026-08-30T09:21:39+00:00,2184.0,458,183,120,16.043,1.1999999999999886,31
fit:11ba0ac28d468bdc19c88c55a8774bab8f7f966b006f61c6fd30348907495707,2026-08-30T09:21:40+00:00,2185.0,725,185,118,16.029,2.1999999999999886,31
fit:11ba0ac28d468bdc19c88c55a8774bab8f7f966b006f61c6fd30348907495707,2026-08-30T09:21:41+00:00,2186.0,555,187,113,16.126,2.1999999999999886,31
fit:11ba0ac28d468bdc19c88c55a8774bab8f7f966b006f61c6fd30348907495707,2026-08-30T09:21:42+00:00,2187.0,407,187,113,16.235,2.1999999999999886,31
fit:11ba0ac28d468bdc19c88c55a8774bab8f7f966b006f61c6fd30348907495707,2026-08-30T09:21:43+00:00,2188.0,357,189,113,16.112,2.1999999999999886,31
fit:11ba0ac28d468bdc19c88c55a8774bab8f7f966b006f61c6fd30348907495707,2026-08-30T09:21:44+00:00,2189.0,357,190,112,15.914,2.8000000000000114,31
fit:11ba0ac28d468bdc19c88c55a8774bab8f7f966b006f61c6fd30348907495707,2026-08-30T09:21:45+00:00,2190.0,357,192,112,15.845,2.8000000000000114,31
fit:11ba0ac28d468bdc19c88c55a8774bab8f7f966b006f61c6fd30348907495707,2026-08-30T09:21:46+00:00,2191.0,357,193,112,15.53,2.8000000000000114,31
fit:11ba0ac28d468bdc19c88c55a8774bab8f7f966b006f61c6fd30348907495707,2026-08-30T09:21:47+00:00,2192.0,357,194,112,15.315,2.8000000000000114,31
fit:11ba0ac28d468bdc19c88c55a8774bab8f7f966b006f61c6fd30348907495707,2026-08-30T09:21:48+00:00,2193.0,84,194,112,15.033,1.8000000000000114,31
fit:11ba0ac28d468bdc19c88c55a8774bab8f7f966b006f61c6fd30348907495707,2026-08-30T09:21:49+00:00,2194.0,408,194,100,14.661,1.8000000000000114,31
fit:11ba0ac28d468bdc19c88c55a8774bab8f7f966b006f61c6fd30348907495707,2026-08-30T09:21:50+00:00,2195.0,408,195,101,14.596,1.8000000000000114,31
fit:11ba0ac28d468bdc19c88c55a8774bab8f7f966b006f61c6fd30348907495707,2026-08-30T09:21:51+00:00,2196.0,601,195,101,14.299,1.8000000000000114,31
fit:11ba0ac28d468bdc19c88c55a8774bab8f7f966b006f61c6fd30348907495707,2026-08-30T09:21:52+00:00,2197.0,621,195,101,14.469,0.8000000000000114,31
fit:11ba0ac28d468bdc19c88c55a8774bab8f7f966b006f61c6fd30348907495707,2026-08-30T09:21:53+00:00,2198.0,688,195,104,14.547,0.8000000000000114,31
fit:11ba0ac28d468bdc19c88c55a8774bab8f7f966b006f61c6fd30348907495707,2026-08-30T09:21:54+00:00,2199.0,555,195,105,14.81,0.8000000000000114,31
fit:11ba0ac28d468bdc19c88c55a8774bab8f7f966b006f61c6fd30348907495707,2026-08-30T09:21:55+00:00,2200.0,555,195,106,14.844,0.8000000000000114,31
fit:11ba0ac28d468bdc19c88c55a8774bab8f7f966b006f61c6fd30348907495707,2026-08-30T09:21:56+00:00,2201.0,208,195,105,15.089,1.3999999999999773,31
fit:11ba0ac28d468bdc19c88c55a8774bab8f7f966b006f61c6fd30348907495707,2026-08-30T09:21:57+00:00,2202.0,259,195,105,14.871,2.3999999999999773,31
fit:11ba0ac28d468bdc19c88c55a8774bab8f7f966b006f61c6fd30348907495707,2026-08-30T09:21:58+00:00,2203.0,217,195,103,14.883,2.3999999999999773,31
fit:11ba0ac28d468bdc19c88c55a8774bab8f7f966b006f61c6fd30348907495707,2026-08-30T09:21:59+00:00,2204.0,306,196,102,14.721,2.3999999999999773,31
fit:11ba0ac28d468bdc19c88c55a8774bab8f7f966b006f61c6fd30348907495707,2026-08-30T09:22:00+00:00,2205.0,391,196,102,14.702,2.3999999999999773,31
fit:11ba0ac28d468bdc19c88c55a8774bab8f7f966b006f61c6fd30348907495707,2026-08-30T09:22:01+00:00,2206.0,391,197,101,14.721,2.3999999999999773,31
fit:11ba0ac28d468bdc19c88c55a8774bab8f7f966b006f61c6fd30348907495707,2026-08-30T09:22:02+00:00,2207.0,237,197,102,14.589,2.3999999999999773,31
fit:11ba0ac28d468bdc19c88c55a8774bab8f7f966b006f61c6fd30348907495707,2026-08-30T09:22:03+00:00,2208.0,449,197,102,14.698,2.3999999999999773,31
fit:11ba0ac28d468bdc19c88c55a8774bab8f7f966b006f61c6fd30348907495707,2026-08-30T09:22:04+00:00,2209.0,560,197,103,14.663,2.3999999999999773,31
fit:11ba0ac28d468bdc19c88c55a8774bab8f7f966b006f61c6fd30348907495707,2026-08-30T09:22:05+00:00,2210.0,454,197,103,14.723,2.3999999999999773,31
fit:11ba0ac28d468bdc19c88c55a8774bab8f7f966b006f61c6fd30348907495707,2026-08-30T09:22:06+00:00,2211.0,480,197,103,14.706,2.3999999999999773,31
fit:11ba0ac28d468bdc19c88c55a8774bab8f7f966b006f61c6fd30348907495707,2026-08-30T09:22:07+00:00,2212.0,452,197,102,14.706,1.6000000000000227,31
fit:11ba0ac28d468bdc19c88c55a8774bab8f7f966b006f61c6fd30348907495707,2026-08-30T09:22:08+00:00,2213.0,448,197,102,14.73,1.3999999999999773,31
fit:11ba0ac28d468bdc19c88c55a8774bab8f7f966b006f61c6fd30348907495707,2026-08-30T09:22:09+00:00,2214.0,398,197,102,14.553,0.39999999999997726,31
fit:11ba0ac28d468bdc19c88c55a8774bab8f7f966b006f61c6fd30348907495707,2026-08-30T09:22:10+00:00,2215.0,398,198,101,14.676,0.39999999999997726,31
fit:11ba0ac28d468bdc19c88c55a8774bab8f7f966b006f61c6fd30348907495707,2026-08-30T09:22:11+00:00,2216.0,392,198,101,14.495,0.39999999999997726,31
fit:11ba0ac28d468bdc19c88c55a8774bab8f7f966b006f61c6fd30348907495707,2026-08-30T09:22:12+00:00,2217.0,407,198,100,14.382,0.6000000000000227,31
fit:11ba0ac28d468bdc19c88c55a8774bab8f7f966b006f61c6fd30348907495707,2026-08-30T09:22:13+00:00,2218.0,310,198,100,14.386,1.6000000000000227,31
fit:11ba0ac28d468bdc19c88c55a8774bab8f7f966b006f61c6fd30348907495707,2026-08-30T09:22:14+00:00,2219.0,126,198,99,14.292,1.6000000000000227,31
fit:11ba0ac28d468bdc19c88c55a8774bab8f7f966b006f61c6fd30348907495707,2026-08-30T09:22:15+00:00,2220.0,127,199,98,14.27,1.6000000000000227,31
fit:11ba0ac28d468bdc19c88c55a8774bab8f7f966b006f61c6fd30348907495707,2026-08-30T09:22:16+00:00,2221.0,352,199,96,14.112,1.6000000000000227,31
fit:11ba0ac28d468bdc19c88c55a8774bab8f7f966b006f61c6fd30348907495707,2026-08-30T09:22:17+00:00,2222.0,207,199,100,14.112,1.6000000000000227,31
fit:11ba0ac28d468bdc19c88c55a8774bab8f7f966b006f61c6fd30348907495707,2026-08-30T09:22:18+00:00,2223.0,283,198,100,13.556,1.6000000000000227,31
fit:11ba0ac28d468bdc19c88c55a8774bab8f7f966b006f61c6fd30348907495707,2026-08-30T09:22:19+00:00,2224.0,180,198,99,13.42,1.6000000000000227,31
fit:11ba0ac28d468bdc19c88c55a8774bab8f7f966b006f61c6fd30348907495707,2026-08-30T09:22:20+00:00,2225.0,322,198,98,13.242,1.6000000000000227,31
fit:11ba0ac28d468bdc19c88c55a8774bab8f7f966b006f61c6fd30348907495707,2026-08-30T09:22:21+00:00,2226.0,537,198,97,13.053,1.6000000000000227,31
fit:11ba0ac28d468bdc19c88c55a8774bab8f7f966b006f61c6fd30348907495707,2026-08-30T09:22:22+00:00,2227.0,501,196,99,12.956,1.8000000000000114,31
fit:11ba0ac28d468bdc19c88c55a8774bab8f7f966b006f61c6fd30348907495707,2026-08-30T09:22:23+00:00,2228.0,164,197,95,13.23,2.8000000000000114,31
fit:11ba0ac28d468bdc19c88c55a8774bab8f7f966b006f61c6fd30348907495707,2026-08-30T09:22:24+00:00,2229.0,636,198,100,13.313,2.8000000000000114,31
fit:11ba0ac28d468bdc19c88c55a8774bab8f7f966b006f61c6fd30348907495707,2026-08-30T09:22:25+00:00,2230.0,486,198,102,13.307,2.8000000000000114,31
fit:11ba0ac28d468bdc19c88c55a8774bab8f7f966b006f61c6fd30348907495707,2026-08-30T09:22:26+00:00,2231.0,298,198,103,13.513,2.8000000000000114,31
fit:11ba0ac28d468bdc19c88c55a8774bab8f7f966b006f61c6fd30348907495707,2026-08-30T09:22:27+00:00,2232.0,398,198,103,13.535,2.8000000000000114,31
fit:11ba0ac28d468bdc19c88c55a8774bab8f7f966b006f61c6fd30348907495707,2026-08-30T09:22:28+00:00,2233.0,269,198,104,13.781,2.8000000000000114,31
fit:11ba0ac28d468bdc19c88c55a8774bab8f7f966b006f61c6fd30348907495707,2026-08-30T09:22:29+00:00,2234.0,447,199,104,13.705,3.8000000000000114,31
fit:11ba0ac28d468bdc19c88c55a8774bab8f7f966b006f61c6fd30348907495707,2026-08-30T09:22:30+00:00,2235.0,231,199,104,13.784,3.8000000000000114,31
fit:11ba0ac28d468bdc19c88c55a8774bab8f7f966b006f61c6fd30348907495707,2026-08-30T09:22:31+00:00,2236.0,211,196,104,13.805,3.8000000000000114,31
fit:11ba0ac28d468bdc19c88c55a8774bab8f7f966b006f61c6fd30348907495707,2026-08-30T09:22:32+00:00,2237.0,189,198,103,13.847,3.3999999999999773,31
fit:11ba0ac28d468bdc19c88c55a8774bab8f7f966b006f61c6fd30348907495707,2026-08-30T09:22:33+00:00,2238.0,280,199,102,13.781,3.3999999999999773,31
fit:11ba0ac28d468bdc19c88c55a8774bab8f7f966b006f61c6fd30348907495707,2026-08-30T09:22:34+00:00,2239.0,310,199,101,13.605,3.3999999999999773,31
fit:11ba0ac28d468bdc19c88c55a8774bab8f7f966b006f61c6fd30348907495707,2026-08-30T09:22:35+00:00,2240.0,164,199,99,13.533,3.3999999999999773,31
fit:11ba0ac28d468bdc19c88c55a8774bab8f7f966b006f61c6fd30348907495707,2026-08-30T09:22:36+00:00,2241.0,174,199,99,13.289,2.3999999999999773,31
fit:11ba0ac28d468bdc19c88c55a8774bab8f7f966b006f61c6fd30348907495707,2026-08-30T09:22:37+00:00,2242.0,342,199,97,13.289,2.3999999999999773,31
fit:11ba0ac28d468bdc19c88c55a8774bab8f7f966b006f61c6fd30348907495707,2026-08-30T09:22:38+00:00,2243.0,363,199,96,12.978,2.3999999999999773,31
fit:11ba0ac28d468bdc19c88c55a8774bab8f7f966b006f61c6fd30348907495707,2026-08-30T09:22:39+00:00,2244.0,348,199,96,12.94,2.3999999999999773,31
fit:11ba0ac28d468bdc19c88c55a8774bab8f7f966b006f61c6fd30348907495707,2026-08-30T09:22:40+00:00,2245.0,380,199,96,12.789,1.3999999999999773,31
fit:11ba0ac28d468bdc19c88c55a8774bab8f7f966b006f61c6fd30348907495707,2026-08-30T09:22:41+00:00,2246.0,279,199,95,12.766,1.3999999999999773,31
fit:11ba0ac28d468bdc19c88c55a8774bab8f7f966b006f61c6fd30348907495707,2026-08-30T09:22:42+00:00,2247.0,322,200,95,12.698,1.3999999999999773,31
fit:11ba0ac28d468bdc19c88c55a8774bab8f7f966b006f61c6fd30348907495707,2026-08-30T09:22:43+00:00,2248.0,365,197,94,12.644,1.3999999999999773,31
fit:11ba0ac28d468bdc19c88c55a8774bab8f7f966b006f61c6fd30348907495707,2026-08-30T09:22:44+00:00,2249.0,424,199,93,12.522,1.3999999999999773,31
fit:11ba0ac28d468bdc19c88c55a8774bab8f7f966b006f61c6fd30348907495707,2026-08-30T09:22:45+00:00,2250.0,123,199,93,12.414,1.3999999999999773,31
fit:11ba0ac28d468bdc19c88c55a8774bab8f7f966b006f61c6fd30348907495707,2026-08-30T09:22:46+00:00,2251.0,18,197,92,12.341,1.3999999999999773,31
fit:11ba0ac28d468bdc19c88c55a8774bab8f7f966b006f61c6fd30348907495707,2026-08-30T09:22:47+00:00,2252.0,119,198,96,12.341,2.3999999999999773,31
fit:11ba0ac28d468bdc19c88c55a8774bab8f7f966b006f61c6fd30348907495707,2026-08-30T09:22:48+00:00,2253.0,188,198,94,11.956,2.6000000000000227,31
fit:11ba0ac28d468bdc19c88c55a8774bab8f7f966b006f61c6fd30348907495707,2026-08-30T09:22:49+00:00,2254.0,260,198,93,11.813,2.6000000000000227,31
fit:11ba0ac28d468bdc19c88c55a8774bab8f7f966b006f61c6fd30348907495707,2026-08-30T09:22:50+00:00,2255.0,259,195,93,11.786,2.6000000000000227,31
fit:11ba0ac28d468bdc19c88c55a8774bab8f7f966b006f61c6fd30348907495707,2026-08-30T09:22:51+00:00,2256.0,237,195,92,11.702,2.0,31
fit:11ba0ac28d468bdc19c88c55a8774bab8f7f966b006f61c6fd30348907495707,2026-08-30T09:22:52+00:00,2257.0,270,193,92,11.657,1.8000000000000114,31
fit:11ba0ac28d468bdc19c88c55a8774bab8f7f966b006f61c6fd30348907495707,2026-08-30T09:22:53+00:00,2258.0,365,190,92,11.512,1.8000000000000114,31
fit:11ba0ac28d468bdc19c88c55a8774bab8f7f966b006f61c6fd30348907495707,2026-08-30T09:22:54+00:00,2259.0,468,192,92,11.507,1.8000000000000114,31
fit:11ba0ac28d468bdc19c88c55a8774bab8f7f966b006f61c6fd30348907495707,2026-08-30T09:22:55+00:00,2260.0,468,196,95,11.572,2.8000000000000114,31
fit:11ba0ac28d468bdc19c88c55a8774bab8f7f966b006f61c6fd30348907495707,2026-08-30T09:22:56+00:00,2261.0,387,196,97,11.689,3.8000000000000114,31
fit:11ba0ac28d468bdc19c88c55a8774bab8f7f966b006f61c6fd30348907495707,2026-08-30T09:22:57+00:00,2262.0,270,195,98,11.995,4.199999999999989,31
fit:11ba0ac28d468bdc19c88c55a8774bab8f7f966b006f61c6fd30348907495707,2026-08-30T09:22:58+00:00,2263.0,217,196,98,11.995,4.199999999999989,31
fit:11ba0ac28d468bdc19c88c55a8774bab8f7f966b006f61c6fd30348907495707,2026-08-30T09:22:59+00:00,2264.0,217,196,99,12.118,4.199999999999989,31
fit:11ba0ac28d468bdc19c88c55a8774bab8f7f966b006f61c6fd30348907495707,2026-08-30T09:23:00+00:00,2265.0,441,196,101,12.303,4.199999999999989,31
fit:11ba0ac28d468bdc19c88c55a8774bab8f7f966b006f61c6fd30348907495707,2026-08-30T09:23:01+00:00,2266.0,622,190,103,12.469,4.199999999999989,31
fit:11ba0ac28d468bdc19c88c55a8774bab8f7f966b006f61c6fd30348907495707,2026-08-30T09:23:02+00:00,2267.0,533,190,106,12.729,4.199999999999989,31
fit:11ba0ac28d468bdc19c88c55a8774bab8f7f966b006f61c6fd30348907495707,2026-08-30T09:23:03+00:00,2268.0,352,190,108,12.729,4.199999999999989,31
fit:11ba0ac28d468bdc19c88c55a8774bab8f7f966b006f61c6fd30348907495707,2026-08-30T09:23:04+00:00,2269.0,267,191,108,13.302,5.199999999999989,31
fit:11ba0ac28d468bdc19c88c55a8774bab8f7f966b006f61c6fd30348907495707,2026-08-30T09:23:05+00:00,2270.0,267,193,109,13.377,5.600000000000023,31
fit:11ba0ac28d468bdc19c88c55a8774bab8f7f966b006f61c6fd30348907495707,2026-08-30T09:23:06+00:00,2271.0,25,195,97,13.513,5.600000000000023,31
fit:11ba0ac28d468bdc19c88c55a8774bab8f7f966b006f61c6fd30348907495707,2026-08-30T09:23:07+00:00,2272.0,42,195,100,13.513,5.600000000000023,31
fit:11ba0ac28d468bdc19c88c55a8774bab8f7f966b006f61c6fd30348907495707,2026-08-30T09:23:08+00:00,2273.0,21,195,85,13.406,5.0,31
fit:11ba0ac28d468bdc19c88c55a8774bab8f7f966b006f61c6fd30348907495707,2026-08-30T09:23:09+00:00,2274.0,32,195,92,13.336,4.0,31
fit:11ba0ac28d468bdc19c88c55a8774bab8f7f966b006f61c6fd30348907495707,2026-08-30T09:23:10+00:00,2275.0,31,193,92,13.149,4.0,31
fit:11ba0ac28d468bdc19c88c55a8774bab8f7f966b006f61c6fd30348907495707,2026-08-30T09:23:11+00:00,2276.0,31,193,92,12.91,4.0,31
fit:11ba0ac28d468bdc19c88c55a8774bab8f7f966b006f61c6fd30348907495707,2026-08-30T09:23:12+00:00,2277.0,31,190,92,11.794,4.600000000000023,31
fit:11ba0ac28d468bdc19c88c55a8774bab8f7f966b006f61c6fd30348907495707,2026-08-30T09:23:13+00:00,2278.0,29,190,91,11.794,4.600000000000023,31
fit:11ba0ac28d468bdc19c88c55a8774bab8f7f966b006f61c6fd30348907495707,2026-08-30T09:23:14+00:00,2279.0,52,188,86,10.808,4.600000000000023,31
fit:11ba0ac28d468bdc19c88c55a8774bab8f7f966b006f61c6fd30348907495707,2026-08-30T09:23:15+00:00,2280.0,53,185,52,9.84,4.600000000000023,31
fit:11ba0ac28d468bdc19c88c55a8774bab8f7f966b006f61c6fd30348907495707,2026-08-30T09:23:16+00:00,2281.0,603,189,77,10.092,5.600000000000023,31
fit:11ba0ac28d468bdc19c88c55a8774bab8f7f966b006f61c6fd30348907495707,2026-08-30T09:23:17+00:00,2282.0,497,187,77,9.926,5.600000000000023,31
fit:11ba0ac28d468bdc19c88c55a8774bab8f7f966b006f61c6fd30348907495707,2026-08-30T09:23:18+00:00,2283.0,497,187,82,10.336,5.600000000000023,31
fit:11ba0ac28d468bdc19c88c55a8774bab8f7f966b006f61c6fd30348907495707,2026-08-30T09:23:19+00:00,2284.0,156,191,84,10.841,4.600000000000023,31
fit:11ba0ac28d468bdc19c88c55a8774bab8f7f966b006f61c6fd30348907495707,2026-08-30T09:23:20+00:00,2285.0,156,192,83,11.085,4.0,31
fit:11ba0ac28d468bdc19c88c55a8774bab8f7f966b006f61c6fd30348907495707,2026-08-30T09:23:21+00:00,2286.0,99,194,81,11.129,3.0,31
fit:11ba0ac28d468bdc19c88c55a8774bab8f7f966b006f61c6fd30348907495707,2026-08-30T09:23:22+00:00,2287.0,133,194,84,11.08,3.0,31
fit:11ba0ac28d468bdc19c88c55a8774bab8f7f966b006f61c6fd30348907495707,2026-08-30T09:23:23+00:00,2288.0,53,194,84,11.155,3.0,31
fit:11ba0ac28d468bdc19c88c55a8774bab8f7f966b006f61c6fd30348907495707,2026-08-30T09:23:24+00:00,2289.0,53,195,79,11.16,4.0,31
fit:11ba0ac28d468bdc19c88c55a8774bab8f7f966b006f61c6fd30348907495707,2026-08-30T09:23:25+00:00,2290.0,28,194,79,11.142,4.399999999999977,31
fit:11ba0ac28d468bdc19c88c55a8774bab8f7f966b006f61c6fd30348907495707,2026-08-30T09:23:26+00:00,2291.0,28,193,79,11.142,4.399999999999977,31
fit:11ba0ac28d468bdc19c88c55a8774bab8f7f966b006f61c6fd30348907495707,2026-08-30T09:23:27+00:00,2292.0,28,192,79,10.912,4.399999999999977,31
fit:11ba0ac28d468bdc19c88c55a8774bab8f7f966b006f61c6fd30348907495707,2026-08-30T09:23:28+00:00,2293.0,9,192,79,10.634,3.3999999999999773,31
fit:11ba0ac28d468bdc19c88c55a8774bab8f7f966b006f61c6fd30348907495707,2026-08-30T09:23:29+00:00,2294.0,573,192,81,10.544,3.3999999999999773,31
fit:11ba0ac28d468bdc19c88c55a8774bab8f7f966b006f61c6fd30348907495707,2026-08-30T09:23:30+00:00,2295.0,602,191,84,10.864,3.3999999999999773,31
fit:11ba0ac28d468bdc19c88c55a8774bab8f7f966b006f61c6fd30348907495707,2026-08-30T09:23:31+00:00,2296.0,630,191,87,11.267,3.3999999999999773,31
fit:11ba0ac28d468bdc19c88c55a8774bab8f7f966b006f61c6fd30348907495707,2026-08-30T09:23:32+00:00,2297.0,705,188,87,11.651,3.3999999999999773,31
fit:11ba0ac28d468bdc19c88c55a8774bab8f7f966b006f61c6fd30348907495707,2026-08-30T09:23:33+00:00,2298.0,701,188,91,12.111,3.3999999999999773,31
fit:11ba0ac28d468bdc19c88c55a8774bab8f7f966b006f61c6fd30348907495707,2026-08-30T09:23:34+00:00,2299.0,701,186,96,12.699,3.3999999999999773,31
fit:11ba0ac28d468bdc19c88c55a8774bab8f7f966b006f61c6fd30348907495707,2026-08-30T09:23:35+00:00,2300.0,593,188,99,12.88,4.399999999999977,31
fit:11ba0ac28d468bdc19c88c55a8774bab8f7f966b006f61c6fd30348907495707,2026-08-30T09:23:36+00:00,2301.0,400,189,102,13.204,5.0,31
fit:11ba0ac28d468bdc19c88c55a8774bab8f7f966b006f61c6fd30348907495707,2026-08-30T09:23:37+00:00,2302.0,507,189,103,13.424,5.0,31
fit:11ba0ac28d468bdc19c88c55a8774bab8f7f966b006f61c6fd30348907495707,2026-08-30T09:23:38+00:00,2303.0,517,189,104,13.424,5.0,31
fit:11ba0ac28d468bdc19c88c55a8774bab8f7f966b006f61c6fd30348907495707,2026-08-30T09:23:39+00:00,2304.0,517,189,104,13.791,5.0,31
fit:11ba0ac28d468bdc19c88c55a8774bab8f7f966b006f61c6fd30348907495707,2026-08-30T09:23:40+00:00,2305.0,574,190,107,13.926,5.0,31
fit:11ba0ac28d468bdc19c88c55a8774bab8f7f966b006f61c6fd30348907495707,2026-08-30T09:23:41+00:00,2306.0,461,190,108,14.138,5.0,31
fit:11ba0ac28d468bdc19c88c55a8774bab8f7f966b006f61c6fd30348907495707,2026-08-30T09:23:42+00:00,2307.0,462,190,109,14.325,4.600000000000023,31
fit:11ba0ac28d468bdc19c88c55a8774bab8f7f966b006f61c6fd30348907495707,2026-08-30T09:23:43+00:00,2308.0,493,190,109,14.325,4.399999999999977,31
fit:11ba0ac28d468bdc19c88c55a8774bab8f7f966b006f61c6fd30348907495707,2026-08-30T09:23:44+00:00,2309.0,561,190,110,14.601,4.199999999999989,31
fit:11ba0ac28d468bdc19c88c55a8774bab8f7f966b006f61c6fd30348907495707,2026-08-30T09:23:45+00:00,2310.0,149,191,110,14.601,4.199999999999989,31
fit:11ba0ac28d468bdc19c88c55a8774bab8f7f966b006f61c6fd30348907495707,2026-08-30T09:23:46+00:00,2311.0,144,192,109,14.621,4.199999999999989,31
fit:11ba0ac28d468bdc19c88c55a8774bab8f7f966b006f61c6fd30348907495707,2026-08-30T09:23:47+00:00,2312.0,112,191,109,14.54,4.199999999999989,31
fit:11ba0ac28d468bdc19c88c55a8774bab8f7f966b006f61c6fd30348907495707,2026-08-30T09:23:48+00:00,2313.0,69,191,107,14.414,4.199999999999989,31
fit:11ba0ac28d468bdc19c88c55a8774bab8f7f966b006f61c6fd30348907495707,2026-08-30T09:23:49+00:00,2314.0,90,191,98,14.239,4.199999999999989,31
fit:11ba0ac28d468bdc19c88c55a8774bab8f7f966b006f61c6fd30348907495707,2026-08-30T09:23:50+00:00,2315.0,146,192,97,14.029,4.199999999999989,31
fit:11ba0ac28d468bdc19c88c55a8774bab8f7f966b006f61c6fd30348907495707,2026-08-30T09:23:51+00:00,2316.0,118,190,96,13.949,5.199999999999989,31
fit:11ba0ac28d468bdc19c88c55a8774bab8f7f966b006f61c6fd30348907495707,2026-08-30T09:23:52+00:00,2317.0,180,189,95,13.847,5.199999999999989,31
fit:11ba0ac28d468bdc19c88c55a8774bab8f7f966b006f61c6fd30348907495707,2026-08-30T09:23:53+00:00,2318.0,323,189,95,13.882,5.199999999999989,31
fit:11ba0ac28d468bdc19c88c55a8774bab8f7f966b006f61c6fd30348907495707,2026-08-30T09:23:54+00:00,2319.0,297,188,96,13.822,5.199999999999989,31
fit:11ba0ac28d468bdc19c88c55a8774bab8f7f966b006f61c6fd30348907495707,2026-08-30T09:23:55+00:00,2320.0,248,188,97,13.779,5.199999999999989,31
fit:11ba0ac28d468bdc19c88c55a8774bab8f7f966b006f61c6fd30348907495707,2026-08-30T09:23:56+00:00,2321.0,176,187,97,13.867,5.199999999999989,31
fit:11ba0ac28d468bdc19c88c55a8774bab8f7f966b006f61c6fd30348907495707,2026-08-30T09:23:57+00:00,2322.0,84,191,96,13.867,5.199999999999989,31
fit:11ba0ac28d468bdc19c88c55a8774bab8f7f966b006f61c6fd30348907495707,2026-08-30T09:23:58+00:00,2323.0,12,191,76,13.847,5.199999999999989,31
fit:11ba0ac28d468bdc19c88c55a8774bab8f7f966b006f61c6fd30348907495707,2026-08-30T09:23:59+00:00,2324.0,12,192,76,13.587,4.199999999999989,31
fit:11ba0ac28d468bdc19c88c55a8774bab8f7f966b006f61c6fd30348907495707,2026-08-30T09:24:00+00:00,2325.0,12,193,76,13.335,4.199999999999989,31
fit:11ba0ac28d468bdc19c88c55a8774bab8f7f966b006f61c6fd30348907495707,2026-08-30T09:24:01+00:00,2326.0,11,191,75,13.335,4.199999999999989,31
fit:11ba0ac28d468bdc19c88c55a8774bab8f7f966b006f61c6fd30348907495707,2026-08-30T09:24:02+00:00,2327.0,139,189,71,13.189,4.199999999999989,31
fit:11ba0ac28d468bdc19c88c55a8774bab8f7f966b006f61c6fd30348907495707,2026-08-30T09:24:03+00:00,2328.0,190,189,90,12.989,4.199999999999989,31
fit:11ba0ac28d468bdc19c88c55a8774bab8f7f966b006f61c6fd30348907495707,2026-08-30T09:24:04+00:00,2329.0,215,186,89,12.933,4.199999999999989,31
fit:11ba0ac28d468bdc19c88c55a8774bab8f7f966b006f61c6fd30348907495707,2026-08-30T09:24:05+00:00,2330.0,152,185,89,12.955,4.199999999999989,31
fit:11ba0ac28d468bdc19c88c55a8774bab8f7f966b006f61c6fd30348907495707,2026-08-30T09:24:06+00:00,2331.0,152,185,89,12.929,4.199999999999989,31
fit:11ba0ac28d468bdc19c88c55a8774bab8f7f966b006f61c6fd30348907495707,2026-08-30T09:24:07+00:00,2332.0,152,185,89,12.776,4.199999999999989,31
fit:11ba0ac28d468bdc19c88c55a8774bab8f7f966b006f61c6fd30348907495707,2026-08-30T09:24:08+00:00,2333.0,0,185,89,12.658,4.199999999999989,31
fit:11ba0ac28d468bdc19c88c55a8774bab8f7f966b006f61c6fd30348907495707,2026-08-30T09:24:09+00:00,2334.0,0,188,0,12.495,4.199999999999989,31
fit:11ba0ac28d468bdc19c88c55a8774bab8f7f966b006f61c6fd30348907495707,2026-08-30T09:24:10+00:00,2335.0,0,190,0,12.353,4.199999999999989,31
fit:11ba0ac28d468bdc19c88c55a8774bab8f7f966b006f61c6fd30348907495707,2026-08-30T09:24:11+00:00,2336.0,0,188,0,12.196,4.199999999999989,31
fit:11ba0ac28d468bdc19c88c55a8774bab8f7f966b006f61c6fd30348907495707,2026-08-30T09:24:12+00:00,2337.0,47,188,0,12.196,4.199999999999989,31
fit:11ba0ac28d468bdc19c88c55a8774bab8f7f966b006f61c6fd30348907495707,2026-08-30T09:24:13+00:00,2338.0,47,187,82,11.893,3.8000000000000114,31
fit:11ba0ac28d468bdc19c88c55a8774bab8f7f966b006f61c6fd30348907495707,2026-08-30T09:24:14+00:00,2339.0,48,189,82,11.553,3.3999999999999773,31
fit:11ba0ac28d468bdc19c88c55a8774bab8f7f966b006f61c6fd30348907495707,2026-08-30T09:24:15+00:00,2340.0,48,188,82,11.05,3.3999999999999773,31
fit:11ba0ac28d468bdc19c88c55a8774bab8f7f966b006f61c6fd30348907495707,2026-08-30T09:24:16+00:00,2341.0,48,187,82,10.138,3.3999999999999773,31
fit:11ba0ac28d468bdc19c88c55a8774bab8f7f966b006f61c6fd30348907495707,2026-08-30T09:24:17+00:00,2342.0,48,187,82,9.3,4.399999999999977,31
fit:11ba0ac28d468bdc19c88c55a8774bab8f7f966b006f61c6fd30348907495707,2026-08-30T09:24:18+00:00,2343.0,565,187,0,8.562,4.399999999999977,31
fit:11ba0ac28d468bdc19c88c55a8774bab8f7f966b006f61c6fd30348907495707,2026-08-30T09:24:19+00:00,2344.0,649,186,63,8.649,5.0,31
fit:11ba0ac28d468bdc19c88c55a8774bab8f7f966b006f61c6fd30348907495707,2026-08-30T09:24:20+00:00,2345.0,722,185,68,8.677,5.0,31
fit:11ba0ac28d468bdc19c88c55a8774bab8f7f966b006f61c6fd30348907495707,2026-08-30T09:24:21+00:00,2346.0,722,184,71,9.304,5.0,31
fit:11ba0ac28d468bdc19c88c55a8774bab8f7f966b006f61c6fd30348907495707,2026-08-30T09:24:22+00:00,2347.0,549,184,71,9.85,4.0,31
fit:11ba0ac28d468bdc19c88c55a8774bab8f7f966b006f61c6fd30348907495707,2026-08-30T09:24:23+00:00,2348.0,692,183,83,10.216,3.8000000000000114,31
fit:11ba0ac28d468bdc19c88c55a8774bab8f7f966b006f61c6fd30348907495707,2026-08-30T09:24:24+00:00,2349.0,329,183,85,10.823,3.8000000000000114,31
fit:11ba0ac28d468bdc19c88c55a8774bab8f7f966b006f61c6fd30348907495707,2026-08-30T09:24:25+00:00,2350.0,431,183,76,11.306,3.8000000000000114,31
fit:11ba0ac28d468bdc19c88c55a8774bab8f7f966b006f61c6fd30348907495707,2026-08-30T09:24:26+00:00,2351.0,580,183,90,11.515,3.8000000000000114,31
fit:11ba0ac28d468bdc19c88c55a8774bab8f7f966b006f61c6fd30348907495707,2026-08-30T09:24:27+00:00,2352.0,656,183,94,11.799,3.8000000000000114,31
fit:11ba0ac28d468bdc19c88c55a8774bab8f7f966b006f61c6fd30348907495707,2026-08-30T09:24:28+00:00,2353.0,684,183,97,12.127,4.399999999999977,31
fit:11ba0ac28d468bdc19c88c55a8774bab8f7f966b006f61c6fd30348907495707,2026-08-30T09:24:29+00:00,2354.0,465,183,100,12.76,5.399999999999977,31
fit:11ba0ac28d468bdc19c88c55a8774bab8f7f966b006f61c6fd30348907495707,2026-08-30T09:24:30+00:00,2355.0,410,184,97,13.065,5.399999999999977,31
fit:11ba0ac28d468bdc19c88c55a8774bab8f7f966b006f61c6fd30348907495707,2026-08-30T09:24:31+00:00,2356.0,261,184,96,13.185,5.399999999999977,31
fit:11ba0ac28d468bdc19c88c55a8774bab8f7f966b006f61c6fd30348907495707,2026-08-30T09:24:32+00:00,2357.0,188,184,91,13.619,5.399999999999977,31
fit:11ba0ac28d468bdc19c88c55a8774bab8f7f966b006f61c6fd30348907495707,2026-08-30T09:24:33+00:00,2358.0,374,185,93,13.619,5.399999999999977,31
fit:11ba0ac28d468bdc19c88c55a8774bab8f7f966b006f61c6fd30348907495707,2026-08-30T09:24:34+00:00,2359.0,547,185,96,13.639,5.399999999999977,31
fit:11ba0ac28d468bdc19c88c55a8774bab8f7f966b006f61c6fd30348907495707,2026-08-30T09:24:35+00:00,2360.0,411,185,97,13.823,4.399999999999977,31
fit:11ba0ac28d468bdc19c88c55a8774bab8f7f966b006f61c6fd30348907495707,2026-08-30T09:24:36+00:00,2361.0,12,186,99,13.966,4.0,31
fit:11ba0ac28d468bdc19c88c55a8774bab8f7f966b006f61c6fd30348907495707,2026-08-30T09:24:37+00:00,2362.0,13,186,80,14.03,4.0,31
fit:11ba0ac28d468bdc19c88c55a8774bab8f7f966b006f61c6fd30348907495707,2026-08-30T09:24:38+00:00,2363.0,13,187,80,13.935,4.0,31
fit:11ba0ac28d468bdc19c88c55a8774bab8f7f966b006f61c6fd30348907495707,2026-08-30T09:24:39+00:00,2364.0,14,187,80,13.914,4.0,31
fit:11ba0ac28d468bdc19c88c55a8774bab8f7f966b006f61c6fd30348907495707,2026-08-30T09:24:40+00:00,2365.0,19,187,94,13.744,3.8000000000000114,31
fit:11ba0ac28d468bdc19c88c55a8774bab8f7f966b006f61c6fd30348907495707,2026-08-30T09:24:41+00:00,2366.0,19,187,87,13.522,3.3999999999999773,31
fit:11ba0ac28d468bdc19c88c55a8774bab8f7f966b006f61c6fd30348907495707,2026-08-30T09:24:42+00:00,2367.0,20,188,87,13.342,2.6000000000000227,31
fit:11ba0ac28d468bdc19c88c55a8774bab8f7f966b006f61c6fd30348907495707,2026-08-30T09:24:43+00:00,2368.0,20,188,87,13.342,2.6000000000000227,31
fit:11ba0ac28d468bdc19c88c55a8774bab8f7f966b006f61c6fd30348907495707,2026-08-30T09:24:44+00:00,2369.0,20,188,87,12.59,2.6000000000000227,31
fit:11ba0ac28d468bdc19c88c55a8774bab8f7f966b006f61c6fd30348907495707,2026-08-30T09:24:45+00:00,2370.0,362,186,86,12.428,3.0,31
fit:11ba0ac28d468bdc19c88c55a8774bab8f7f966b006f61c6fd30348907495707,2026-08-30T09:24:46+00:00,2371.0,362,186,87,12.426,4.0,31
fit:11ba0ac28d468bdc19c88c55a8774bab8f7f966b006f61c6fd30348907495707,2026-08-30T09:24:47+00:00,2372.0,59,188,82,12.494,5.0,31
fit:11ba0ac28d468bdc19c88c55a8774bab8f7f966b006f61c6fd30348907495707,2026-08-30T09:24:48+00:00,2373.0,62,188,81,12.494,5.0,31
fit:11ba0ac28d468bdc19c88c55a8774bab8f7f966b006f61c6fd30348907495707,2026-08-30T09:24:49+00:00,2374.0,14,188,81,12.396,5.0,31
fit:11ba0ac28d468bdc19c88c55a8774bab8f7f966b006f61c6fd30348907495707,2026-08-30T09:24:50+00:00,2375.0,14,189,81,12.272,4.0,31
fit:11ba0ac28d468bdc19c88c55a8774bab8f7f966b006f61c6fd30348907495707,2026-08-30T09:24:51+00:00,2376.0,14,189,81,12.038,3.8000000000000114,31
fit:11ba0ac28d468bdc19c88c55a8774bab8f7f966b006f61c6fd30348907495707,2026-08-30T09:24:52+00:00,2377.0,98,188,82,11.791,3.8000000000000114,31
fit:11ba0ac28d468bdc19c88c55a8774bab8f7f966b006f61c6fd30348907495707,2026-08-30T09:24:53+00:00,2378.0,98,187,82,11.705,3.8000000000000114,31
fit:11ba0ac28d468bdc19c88c55a8774bab8f7f966b006f61c6fd30348907495707,2026-08-30T09:24:54+00:00,2379.0,98,187,82,11.656,3.8000000000000114,31
fit:11ba0ac28d468bdc19c88c55a8774bab8f7f966b006f61c6fd30348907495707,2026-08-30T09:24:55+00:00,2380.0,98,187,82,11.592,3.6000000000000227,31
fit:11ba0ac28d468bdc19c88c55a8774bab8f7f966b006f61c6fd30348907495707,2026-08-30T09:24:56+00:00,2381.0,0,187,82,11.503,3.6000000000000227,31
fit:11ba0ac28d468bdc19c88c55a8774bab8f7f966b006f61c6fd30348907495707,2026-08-30T09:24:57+00:00,2382.0,0,187,0,11.424,3.6000000000000227,31
fit:11ba0ac28d468bdc19c88c55a8774bab8f7f966b006f61c6fd30348907495707,2026-08-30T09:24:58+00:00,2383.0,0,187,0,11.301,3.6000000000000227,31
fit:11ba0ac28d468bdc19c88c55a8774bab8f7f966b006f61c6fd30348907495707,2026-08-30T09:24:59+00:00,2384.0,0,186,0,11.106,3.6000000000000227,31
fit:11ba0ac28d468bdc19c88c55a8774bab8f7f966b006f61c6fd30348907495707,2026-08-30T09:25:00+00:00,2385.0,0,185,0,10.963,3.6000000000000227,31
fit:11ba0ac28d468bdc19c88c55a8774bab8f7f966b006f61c6fd30348907495707,2026-08-30T09:25:01+00:00,2386.0,0,185,0,10.783,4.399999999999977,31
fit:11ba0ac28d468bdc19c88c55a8774bab8f7f966b006f61c6fd30348907495707,2026-08-30T09:25:02+00:00,2387.0,0,184,0,10.568,4.399999999999977,31
fit:11ba0ac28d468bdc19c88c55a8774bab8f7f966b006f61c6fd30348907495707,2026-08-30T09:25:03+00:00,2388.0,0,184,,10.193,4.399999999999977,31
fit:11ba0ac28d468bdc19c88c55a8774bab8f7f966b006f61c6fd30348907495707,2026-08-30T09:25:04+00:00,2389.0,0,183,,9.434,4.399999999999977,31
fit:11ba0ac28d468bdc19c88c55a8774bab8f7f966b006f61c6fd30348907495707,2026-08-30T09:25:05+00:00,2390.0,0,182,,8.679,4.399999999999977,31
fit:11ba0ac28d468bdc19c88c55a8774bab8f7f966b006f61c6fd30348907495707,2026-08-30T09:25:06+00:00,2391.0,0,181,,8.101,4.399999999999977,31
fit:11ba0ac28d468bdc19c88c55a8774bab8f7f966b006f61c6fd30348907495707,2026-08-30T09:25:07+00:00,2392.0,0,179,,7.879,4.399999999999977,31
fit:11ba0ac28d468bdc19c88c55a8774bab8f7f966b006f61c6fd30348907495707,2026-08-30T09:25:08+00:00,2393.0,0,178,0,7.922,4.399999999999977,31
fit:11ba0ac28d468bdc19c88c55a8774bab8f7f966b006f61c6fd30348907495707,2026-08-30T09:25:09+00:00,2394.0,0,178,0,8.03,4.399999999999977,31
fit:11ba0ac28d468bdc19c88c55a8774bab8f7f966b006f61c6fd30348907495707,2026-08-30T09:25:10+00:00,2395.0,0,177,0,8.454,4.399999999999977,31
fit:11ba0ac28d468bdc19c88c55a8774bab8f7f966b006f61c6fd30348907495707,2026-08-30T09:25:11+00:00,2396.0,0,177,0,9.117,4.399999999999977,31
fit:11ba0ac28d468bdc19c88c55a8774bab8f7f966b006f61c6fd30348907495707,2026-08-30T09:25:12+00:00,2397.0,725,177,81,9.765,4.399999999999977,31
fit:11ba0ac28d468bdc19c88c55a8774bab8f7f966b006f61c6fd30348907495707,2026-08-30T09:25:13+00:00,2398.0,753,176,85,10.705,3.3999999999999773,31
fit:11ba0ac28d468bdc19c88c55a8774bab8f7f966b006f61c6fd30348907495707,2026-08-30T09:25:14+00:00,2399.0,643,176,90,11.344,3.3999999999999773,31
fit:11ba0ac28d468bdc19c88c55a8774bab8f7f966b006f61c6fd30348907495707,2026-08-30T09:25:15+00:00,2400.0,518,176,92,12.034,3.3999999999999773,31
fit:11ba0ac28d468bdc19c88c55a8774bab8f7f966b006f61c6fd30348907495707,2026-08-30T09:25:16+00:00,2401.0,517,176,92,12.292,3.3999999999999773,31
fit:11ba0ac28d468bdc19c88c55a8774bab8f7f966b006f61c6fd30348907495707,2026-08-30T09:25:17+00:00,2402.0,175,176,32,12.41,3.3999999999999773,31
fit:11ba0ac28d468bdc19c88c55a8774bab8f7f966b006f61c6fd30348907495707,2026-08-30T09:25:18+00:00,2403.0,175,177,92,12.365,3.3999999999999773,31
fit:11ba0ac28d468bdc19c88c55a8774bab8f7f966b006f61c6fd30348907495707,2026-08-30T09:25:19+00:00,2404.0,252,178,92,12.286,3.3999999999999773,31
fit:11ba0ac28d468bdc19c88c55a8774bab8f7f966b006f61c6fd30348907495707,2026-08-30T09:25:20+00:00,2405.0,162,179,92,12.2,2.3999999999999773,31
fit:11ba0ac28d468bdc19c88c55a8774bab8f7f966b006f61c6fd30348907495707,2026-08-30T09:25:21+00:00,2406.0,89,179,91,12.244,2.3999999999999773,31
fit:11ba0ac28d468bdc19c88c55a8774bab8f7f966b006f61c6fd30348907495707,2026-08-30T09:25:22+00:00,2407.0,120,179,91,12.111,2.3999999999999773,31
fit:11ba0ac28d468bdc19c88c55a8774bab8f7f966b006f61c6fd30348907495707,2026-08-30T09:25:23+00:00,2408.0,156,180,90,11.973,2.3999999999999773,31
fit:11ba0ac28d468bdc19c88c55a8774bab8f7f966b006f61c6fd30348907495707,2026-08-30T09:25:24+00:00,2409.0,255,180,90,11.931,2.3999999999999773,31
fit:11ba0ac28d468bdc19c88c55a8774bab8f7f966b006f61c6fd30348907495707,2026-08-30T09:25:25+00:00,2410.0,164,179,90,11.964,2.3999999999999773,31
fit:11ba0ac28d468bdc19c88c55a8774bab8f7f966b006f61c6fd30348907495707,2026-08-30T09:25:26+00:00,2411.0,139,181,90,12.036,3.3999999999999773,31
fit:11ba0ac28d468bdc19c88c55a8774bab8f7f966b006f61c6fd30348907495707,2026-08-30T09:25:27+00:00,2412.0,208,181,90,12.036,4.399999999999977,31
fit:11ba0ac28d468bdc19c88c55a8774bab8f7f966b006f61c6fd30348907495707,2026-08-30T09:25:28+00:00,2413.0,348,179,90,12.075,4.399999999999977,31
fit:11ba0ac28d468bdc19c88c55a8774bab8f7f966b006f61c6fd30348907495707,2026-08-30T09:25:29+00:00,2414.0,414,178,92,12.088,4.399999999999977,31
fit:11ba0ac28d468bdc19c88c55a8774bab8f7f966b006f61c6fd30348907495707,2026-08-30T09:25:30+00:00,2415.0,414,178,93,12.357,3.3999999999999773,31
fit:11ba0ac28d468bdc19c88c55a8774bab8f7f966b006f61c6fd30348907495707,2026-08-30T09:25:31+00:00,2416.0,159,181,92,12.397,2.8000000000000114,31
fit:11ba0ac28d468bdc19c88c55a8774bab8f7f966b006f61c6fd30348907495707,2026-08-30T09:25:32+00:00,2417.0,75,181,92,12.325,2.8000000000000114,31
fit:11ba0ac28d468bdc19c88c55a8774bab8f7f966b006f61c6fd30348907495707,2026-08-30T09:25:33+00:00,2418.0,166,183,92,12.282,2.8000000000000114,31
fit:11ba0ac28d468bdc19c88c55a8774bab8f7f966b006f61c6fd30348907495707,2026-08-30T09:25:34+00:00,2419.0,131,183,92,12.282,2.8000000000000114,31
fit:11ba0ac28d468bdc19c88c55a8774bab8f7f966b006f61c6fd30348907495707,2026-08-30T09:25:35+00:00,2420.0,213,184,92,12.183,2.8000000000000114,31
fit:11ba0ac28d468bdc19c88c55a8774bab8f7f966b006f61c6fd30348907495707,2026-08-30T09:25:36+00:00,2421.0,361,183,91,12.209,3.8000000000000114,31
fit:11ba0ac28d468bdc19c88c55a8774bab8f7f966b006f61c6fd30348907495707,2026-08-30T09:25:37+00:00,2422.0,324,184,92,12.218,3.8000000000000114,31
fit:11ba0ac28d468bdc19c88c55a8774bab8f7f966b006f61c6fd30348907495707,2026-08-30T09:25:38+00:00,2423.0,211,184,93,12.238,3.8000000000000114,31
fit:11ba0ac28d468bdc19c88c55a8774bab8f7f966b006f61c6fd30348907495707,2026-08-30T09:25:39+00:00,2424.0,198,184,93,12.405,3.8000000000000114,31
fit:11ba0ac28d468bdc19c88c55a8774bab8f7f966b006f61c6fd30348907495707,2026-08-30T09:25:40+00:00,2425.0,32,184,35,12.303,3.8000000000000114,31
fit:11ba0ac28d468bdc19c88c55a8774bab8f7f966b006f61c6fd30348907495707,2026-08-30T09:25:41+00:00,2426.0,227,184,91,12.19,3.8000000000000114,31
fit:11ba0ac28d468bdc19c88c55a8774bab8f7f966b006f61c6fd30348907495707,2026-08-30T09:25:42+00:00,2427.0,244,184,91,12.122,4.800000000000011,31
fit:11ba0ac28d468bdc19c88c55a8774bab8f7f966b006f61c6fd30348907495707,2026-08-30T09:25:43+00:00,2428.0,314,184,91,12.061,4.800000000000011,31
fit:11ba0ac28d468bdc19c88c55a8774bab8f7f966b006f61c6fd30348907495707,2026-08-30T09:25:44+00:00,2429.0,52,183,92,12.05,4.800000000000011,31
fit:11ba0ac28d468bdc19c88c55a8774bab8f7f966b006f61c6fd30348907495707,2026-08-30T09:25:45+00:00,2430.0,52,183,96,12.101,4.399999999999977,31
fit:11ba0ac28d468bdc19c88c55a8774bab8f7f966b006f61c6fd30348907495707,2026-08-30T09:25:46+00:00,2431.0,339,182,31,12.098,4.399999999999977,31
fit:11ba0ac28d468bdc19c88c55a8774bab8f7f966b006f61c6fd30348907495707,2026-08-30T09:25:47+00:00,2432.0,267,182,96,11.945,4.399999999999977,31
fit:11ba0ac28d468bdc19c88c55a8774bab8f7f966b006f61c6fd30348907495707,2026-08-30T09:25:48+00:00,2433.0,125,182,95,11.878,4.399999999999977,31
fit:11ba0ac28d468bdc19c88c55a8774bab8f7f966b006f61c6fd30348907495707,2026-08-30T09:25:49+00:00,2434.0,125,182,95,11.751,3.3999999999999773,31
fit:11ba0ac28d468bdc19c88c55a8774bab8f7f966b006f61c6fd30348907495707,2026-08-30T09:25:50+00:00,2435.0,125,182,95,11.729,3.3999999999999773,31
fit:11ba0ac28d468bdc19c88c55a8774bab8f7f966b006f61c6fd30348907495707,2026-08-30T09:25:51+00:00,2436.0,0,181,95,11.526,3.3999999999999773,31
fit:11ba0ac28d468bdc19c88c55a8774bab8f7f966b006f61c6fd30348907495707,2026-08-30T09:25:52+00:00,2437.0,0,181,0,11.403,3.3999999999999773,31
fit:11ba0ac28d468bdc19c88c55a8774bab8f7f966b006f61c6fd30348907495707,2026-08-30T09:25:53+00:00,2438.0,0,181,67,11.093,3.3999999999999773,31
fit:11ba0ac28d468bdc19c88c55a8774bab8f7f966b006f61c6fd30348907495707,2026-08-30T09:25:54+00:00,2439.0,4,181,0,10.78,4.399999999999977,31
fit:11ba0ac28d468bdc19c88c55a8774bab8f7f966b006f61c6fd30348907495707,2026-08-30T09:25:55+00:00,2440.0,50,180,85,10.61,4.600000000000023,31
fit:11ba0ac28d468bdc19c88c55a8774bab8f7f966b006f61c6fd30348907495707,2026-08-30T09:25:56+00:00,2441.0,93,180,86,10.58,5.600000000000023,31
fit:11ba0ac28d468bdc19c88c55a8774bab8f7f966b006f61c6fd30348907495707,2026-08-30T09:25:57+00:00,2442.0,119,180,86,10.686,6.600000000000023,31
fit:11ba0ac28d468bdc19c88c55a8774bab8f7f966b006f61c6fd30348907495707,2026-08-30T09:25:58+00:00,2443.0,169,180,85,10.766,6.800000000000011,31
fit:11ba0ac28d468bdc19c88c55a8774bab8f7f966b006f61c6fd30348907495707,2026-08-30T09:25:59+00:00,2444.0,79,179,85,10.7,6.800000000000011,31
fit:11ba0ac28d468bdc19c88c55a8774bab8f7f966b006f61c6fd30348907495707,2026-08-30T09:26:00+00:00,2445.0,80,179,84,10.616,6.800000000000011,31
fit:11ba0ac28d468bdc19c88c55a8774bab8f7f966b006f61c6fd30348907495707,2026-08-30T09:26:01+00:00,2446.0,48,178,78,10.45,5.800000000000011,31
fit:11ba0ac28d468bdc19c88c55a8774bab8f7f966b006f61c6fd30348907495707,2026-08-30T09:26:02+00:00,2447.0,312,178,78,10.337,4.800000000000011,31
fit:11ba0ac28d468bdc19c88c55a8774bab8f7f966b006f61c6fd30348907495707,2026-08-30T09:26:03+00:00,2448.0,111,178,83,10.32,4.800000000000011,31
fit:11ba0ac28d468bdc19c88c55a8774bab8f7f966b006f61c6fd30348907495707,2026-08-30T09:26:04+00:00,2449.0,111,176,83,10.32,4.800000000000011,31
fit:11ba0ac28d468bdc19c88c55a8774bab8f7f966b006f61c6fd30348907495707,2026-08-30T09:26:05+00:00,2450.0,177,175,83,10.359,5.800000000000011,31
fit:11ba0ac28d468bdc19c88c55a8774bab8f7f966b006f61c6fd30348907495707,2026-08-30T09:26:06+00:00,2451.0,172,175,83,10.327,5.800000000000011,31
fit:11ba0ac28d468bdc19c88c55a8774bab8f7f966b006f61c6fd30348907495707,2026-08-30T09:26:07+00:00,2452.0,187,174,55,10.437,5.800000000000011,31
fit:11ba0ac28d468bdc19c88c55a8774bab8f7f966b006f61c6fd30348907495707,2026-08-30T09:26:08+00:00,2453.0,83,174,83,10.396,5.800000000000011,31
fit:11ba0ac28d468bdc19c88c55a8774bab8f7f966b006f61c6fd30348907495707,2026-08-30T09:26:09+00:00,2454.0,12,173,83,10.368,5.800000000000011,31
fit:11ba0ac28d468bdc19c88c55a8774bab8f7f966b006f61c6fd30348907495707,2026-08-30T09:26:10+00:00,2455.0,13,172,72,10.192,5.800000000000011,31
fit:11ba0ac28d468bdc19c88c55a8774bab8f7f966b006f61c6fd30348907495707,2026-08-30T09:26:11+00:00,2456.0,226,171,83,10.152,5.800000000000011,31
fit:11ba0ac28d468bdc19c88c55a8774bab8f7f966b006f61c6fd30348907495707,2026-08-30T09:26:12+00:00,2457.0,246,169,83,10.271,5.600000000000023,31
fit:11ba0ac28d468bdc19c88c55a8774bab8f7f966b006f61c6fd30348907495707,2026-08-30T09:26:13+00:00,2458.0,297,169,84,10.358,4.600000000000023,31
fit:11ba0ac28d468bdc19c88c55a8774bab8f7f966b006f61c6fd30348907495707,2026-08-30T09:26:14+00:00,2459.0,268,168,85,10.44,4.399999999999977,31
fit:11ba0ac28d468bdc19c88c55a8774bab8f7f966b006f61c6fd30348907495707,2026-08-30T09:26:15+00:00,2460.0,262,167,86,10.541,4.399999999999977,31
fit:11ba0ac28d468bdc19c88c55a8774bab8f7f966b006f61c6fd30348907495707,2026-08-30T09:26:16+00:00,2461.0,112,167,86,10.649,4.399999999999977,31
fit:11ba0ac28d468bdc19c88c55a8774bab8f7f966b006f61c6fd30348907495707,2026-08-30T09:26:17+00:00,2462.0,112,167,86,10.519,5.399999999999977,31
fit:11ba0ac28d468bdc19c88c55a8774bab8f7f966b006f61c6fd30348907495707,2026-08-30T09:26:18+00:00,2463.0,112,167,86,10.153,5.800000000000011,31
fit:11ba0ac28d468bdc19c88c55a8774bab8f7f966b006f61c6fd30348907495707,2026-08-30T09:26:19+00:00,2464.0,109,166,86,9.792,6.199999999999989,31
fit:11ba0ac28d468bdc19c88c55a8774bab8f7f966b006f61c6fd30348907495707,2026-08-30T09:26:20+00:00,2465.0,99,166,82,9.187,6.199999999999989,31
fit:11ba0ac28d468bdc19c88c55a8774bab8f7f966b006f61c6fd30348907495707,2026-08-30T09:26:21+00:00,2466.0,89,166,78,8.475,6.199999999999989,31
fit:11ba0ac28d468bdc19c88c55a8774bab8f7f966b006f61c6fd30348907495707,2026-08-30T09:26:22+00:00,2467.0,647,166,74,8.255,6.199999999999989,31
fit:11ba0ac28d468bdc19c88c55a8774bab8f7f966b006f61c6fd30348907495707,2026-08-30T09:26:23+00:00,2468.0,605,167,66,8.459,7.0,31
fit:11ba0ac28d468bdc19c88c55a8774bab8f7f966b006f61c6fd30348907495707,2026-08-30T09:26:24+00:00,2469.0,689,168,74,8.478,7.0,31
fit:11ba0ac28d468bdc19c88c55a8774bab8f7f966b006f61c6fd30348907495707,2026-08-30T09:26:25+00:00,2470.0,872,168,82,9.095,7.0,31
fit:11ba0ac28d468bdc19c88c55a8774bab8f7f966b006f61c6fd30348907495707,2026-08-30T09:26:26+00:00,2471.0,839,168,87,9.786,7.0,31
fit:11ba0ac28d468bdc19c88c55a8774bab8f7f966b006f61c6fd30348907495707,2026-08-30T09:26:27+00:00,2472.0,717,169,87,10.2,7.0,31
fit:11ba0ac28d468bdc19c88c55a8774bab8f7f966b006f61c6fd30348907495707,2026-08-30T09:26:28+00:00,2473.0,688,169,90,10.764,7.0,31
fit:11ba0ac28d468bdc19c88c55a8774bab8f7f966b006f61c6fd30348907495707,2026-08-30T09:26:29+00:00,2474.0,688,170,93,11.351,7.0,31
fit:11ba0ac28d468bdc19c88c55a8774bab8f7f966b006f61c6fd30348907495707,2026-08-30T09:26:30+00:00,2475.0,627,171,93,11.668,7.0,31
fit:11ba0ac28d468bdc19c88c55a8774bab8f7f966b006f61c6fd30348907495707,2026-08-30T09:26:31+00:00,2476.0,580,172,94,11.574,7.0,31
fit:11ba0ac28d468bdc19c88c55a8774bab8f7f966b006f61c6fd30348907495707,2026-08-30T09:26:32+00:00,2477.0,569,172,94,11.535,7.0,31
fit:11ba0ac28d468bdc19c88c55a8774bab8f7f966b006f61c6fd30348907495707,2026-08-30T09:26:33+00:00,2478.0,507,174,94,11.413,7.0,31
fit:11ba0ac28d468bdc19c88c55a8774bab8f7f966b006f61c6fd30348907495707,2026-08-30T09:26:34+00:00,2479.0,573,175,93,11.383,8.0,31
fit:11ba0ac28d468bdc19c88c55a8774bab8f7f966b006f61c6fd30348907495707,2026-08-30T09:26:35+00:00,2480.0,683,177,92,11.403,9.0,31
fit:11ba0ac28d468bdc19c88c55a8774bab8f7f966b006f61c6fd30348907495707,2026-08-30T09:26:36+00:00,2481.0,652,179,93,11.322,10.0,31
fit:11ba0ac28d468bdc19c88c55a8774bab8f7f966b006f61c6fd30348907495707,2026-08-30T09:26:37+00:00,2482.0,380,180,66,11.66,11.0,31
fit:11ba0ac28d468bdc19c88c55a8774bab8f7f966b006f61c6fd30348907495707,2026-08-30T09:26:38+00:00,2483.0,488,180,66,11.418,11.800000000000011,31
fit:11ba0ac28d468bdc19c88c55a8774bab8f7f966b006f61c6fd30348907495707,2026-08-30T09:26:39+00:00,2484.0,545,182,84,11.479,11.800000000000011,31
fit:11ba0ac28d468bdc19c88c55a8774bab8f7f966b006f61c6fd30348907495707,2026-08-30T09:26:40+00:00,2485.0,405,183,96,11.852,11.800000000000011,31
fit:11ba0ac28d468bdc19c88c55a8774bab8f7f966b006f61c6fd30348907495707,2026-08-30T09:26:41+00:00,2486.0,179,184,97,11.98,11.199999999999989,31
fit:11ba0ac28d468bdc19c88c55a8774bab8f7f966b006f61c6fd30348907495707,2026-08-30T09:26:42+00:00,2487.0,133,185,97,11.985,11.199999999999989,31
fit:11ba0ac28d468bdc19c88c55a8774bab8f7f966b006f61c6fd30348907495707,2026-08-30T09:26:43+00:00,2488.0,85,185,96,11.992,11.199999999999989,31
fit:11ba0ac28d468bdc19c88c55a8774bab8f7f966b006f61c6fd30348907495707,2026-08-30T09:26:44+00:00,2489.0,24,186,96,11.945,12.200000000000045,31
fit:11ba0ac28d468bdc19c88c55a8774bab8f7f966b006f61c6fd30348907495707,2026-08-30T09:26:45+00:00,2490.0,24,187,89,11.984,12.200000000000045,31
fit:11ba0ac28d468bdc19c88c55a8774bab8f7f966b006f61c6fd30348907495707,2026-08-30T09:26:46+00:00,2491.0,24,188,77,11.882,12.200000000000045,31
fit:11ba0ac28d468bdc19c88c55a8774bab8f7f966b006f61c6fd30348907495707,2026-08-30T09:26:47+00:00,2492.0,75,188,74,11.89,12.200000000000045,31
fit:11ba0ac28d468bdc19c88c55a8774bab8f7f966b006f61c6fd30348907495707,2026-08-30T09:26:48+00:00,2493.0,75,189,94,12.104,12.200000000000045,31
fit:11ba0ac28d468bdc19c88c55a8774bab8f7f966b006f61c6fd30348907495707,2026-08-30T09:26:49+00:00,2494.0,46,189,94,12.116,12.200000000000045,31
fit:11ba0ac28d468bdc19c88c55a8774bab8f7f966b006f61c6fd30348907495707,2026-08-30T09:26:50+00:00,2495.0,18,189,90,12.407,11.199999999999989,31
fit:11ba0ac28d468bdc19c88c55a8774bab8f7f966b006f61c6fd30348907495707,2026-08-30T09:26:51+00:00,2496.0,105,189,97,12.679,10.199999999999989,31
fit:11ba0ac28d468bdc19c88c55a8774bab8f7f966b006f61c6fd30348907495707,2026-08-30T09:26:52+00:00,2497.0,118,189,93,12.972,9.199999999999989,31
fit:11ba0ac28d468bdc19c88c55a8774bab8f7f966b006f61c6fd30348907495707,2026-08-30T09:26:53+00:00,2498.0,113,190,103,12.821,8.199999999999989,31
fit:11ba0ac28d468bdc19c88c55a8774bab8f7f966b006f61c6fd30348907495707,2026-08-30T09:26:54+00:00,2499.0,12,191,105,13.638,7.199999999999989,31
fit:11ba0ac28d468bdc19c88c55a8774bab8f7f966b006f61c6fd30348907495707,2026-08-30T09:26:55+00:00,2500.0,13,190,87,13.646,6.199999999999989,31
fit:11ba0ac28d468bdc19c88c55a8774bab8f7f966b006f61c6fd30348907495707,2026-08-30T09:26:56+00:00,2501.0,13,190,87,13.925,5.199999999999989,31
fit:11ba0ac28d468bdc19c88c55a8774bab8f7f966b006f61c6fd30348907495707,2026-08-30T09:26:57+00:00,2502.0,13,190,87,14.145,5.199999999999989,31
fit:11ba0ac28d468bdc19c88c55a8774bab8f7f966b006f61c6fd30348907495707,2026-08-30T09:26:58+00:00,2503.0,12,190,87,14.13,5.199999999999989,31
fit:11ba0ac28d468bdc19c88c55a8774bab8f7f966b006f61c6fd30348907495707,2026-08-30T09:26:59+00:00,2504.0,11,190,82,14.023,5.399999999999977,31
fit:11ba0ac28d468bdc19c88c55a8774bab8f7f966b006f61c6fd30348907495707,2026-08-30T09:27:00+00:00,2505.0,9,189,78,13.919,5.399999999999977,31
fit:11ba0ac28d468bdc19c88c55a8774bab8f7f966b006f61c6fd30348907495707,2026-08-30T09:27:01+00:00,2506.0,9,189,74,13.776,5.399999999999977,31
fit:11ba0ac28d468bdc19c88c55a8774bab8f7f966b006f61c6fd30348907495707,2026-08-30T09:27:02+00:00,2507.0,0,189,0,13.522,4.399999999999977,31
fit:11ba0ac28d468bdc19c88c55a8774bab8f7f966b006f61c6fd30348907495707,2026-08-30T09:27:03+00:00,2508.0,0,188,0,13.363,3.3999999999999773,31
fit:11ba0ac28d468bdc19c88c55a8774bab8f7f966b006f61c6fd30348907495707,2026-08-30T09:27:04+00:00,2509.0,48,186,0,13.146,3.3999999999999773,31
fit:11ba0ac28d468bdc19c88c55a8774bab8f7f966b006f61c6fd30348907495707,2026-08-30T09:27:05+00:00,2510.0,48,187,81,12.782,3.3999999999999773,31
fit:11ba0ac28d468bdc19c88c55a8774bab8f7f966b006f61c6fd30348907495707,2026-08-30T09:27:06+00:00,2511.0,14,187,35,12.553,3.3999999999999773,31
fit:11ba0ac28d468bdc19c88c55a8774bab8f7f966b006f61c6fd30348907495707,2026-08-30T09:27:07+00:00,2512.0,271,187,93,12.404,3.3999999999999773,31
fit:11ba0ac28d468bdc19c88c55a8774bab8f7f966b006f61c6fd30348907495707,2026-08-30T09:27:08+00:00,2513.0,271,185,94,12.382,4.399999999999977,31
fit:11ba0ac28d468bdc19c88c55a8774bab8f7f966b006f61c6fd30348907495707,2026-08-30T09:27:09+00:00,2514.0,261,183,94,12.539,4.399999999999977,31
fit:11ba0ac28d468bdc19c88c55a8774bab8f7f966b006f61c6fd30348907495707,2026-08-30T09:27:10+00:00,2515.0,170,182,95,12.598,4.399999999999977,31
fit:11ba0ac28d468bdc19c88c55a8774bab8f7f966b006f61c6fd30348907495707,2026-08-30T09:27:11+00:00,2516.0,237,181,95,12.571,4.399999999999977,31
fit:11ba0ac28d468bdc19c88c55a8774bab8f7f966b006f61c6fd30348907495707,2026-08-30T09:27:12+00:00,2517.0,182,180,95,12.564,5.399999999999977,31
fit:11ba0ac28d468bdc19c88c55a8774bab8f7f966b006f61c6fd30348907495707,2026-08-30T09:27:13+00:00,2518.0,219,180,95,12.509,5.399999999999977,31
fit:11ba0ac28d468bdc19c88c55a8774bab8f7f966b006f61c6fd30348907495707,2026-08-30T09:27:14+00:00,2519.0,372,179,94,12.616,5.399999999999977,31
fit:11ba0ac28d468bdc19c88c55a8774bab8f7f966b006f61c6fd30348907495707,2026-08-30T09:27:15+00:00,2520.0,488,179,96,12.683,5.399999999999977,31
fit:11ba0ac28d468bdc19c88c55a8774bab8f7f966b006f61c6fd30348907495707,2026-08-30T09:27:16+00:00,2521.0,99,178,96,12.765,5.399999999999977,31
fit:11ba0ac28d468bdc19c88c55a8774bab8f7f966b006f61c6fd30348907495707,2026-08-30T09:27:17+00:00,2522.0,91,177,96,12.678,6.399999999999977,31
fit:11ba0ac28d468bdc19c88c55a8774bab8f7f966b006f61c6fd30348907495707,2026-08-30T09:27:18+00:00,2523.0,147,176,96,12.682,6.399999999999977,31
fit:11ba0ac28d468bdc19c88c55a8774bab8f7f966b006f61c6fd30348907495707,2026-08-30T09:27:19+00:00,2524.0,98,176,93,12.771,6.399999999999977,31
fit:11ba0ac28d468bdc19c88c55a8774bab8f7f966b006f61c6fd30348907495707,2026-08-30T09:27:20+00:00,2525.0,98,175,93,12.514,5.399999999999977,31
fit:11ba0ac28d468bdc19c88c55a8774bab8f7f966b006f61c6fd30348907495707,2026-08-30T09:27:21+00:00,2526.0,79,175,71,12.324,5.199999999999989,31
fit:11ba0ac28d468bdc19c88c55a8774bab8f7f966b006f61c6fd30348907495707,2026-08-30T09:27:22+00:00,2527.0,79,175,88,12.138,4.600000000000023,31
fit:11ba0ac28d468bdc19c88c55a8774bab8f7f966b006f61c6fd30348907495707,2026-08-30T09:27:23+00:00,2528.0,3,174,88,11.853,4.600000000000023,31
fit:11ba0ac28d468bdc19c88c55a8774bab8f7f966b006f61c6fd30348907495707,2026-08-30T09:27:24+00:00,2529.0,58,174,51,11.524,4.600000000000023,31
fit:11ba0ac28d468bdc19c88c55a8774bab8f7f966b006f61c6fd30348907495707,2026-08-30T09:27:25+00:00,2530.0,97,173,81,11.384,5.600000000000023,31
fit:11ba0ac28d468bdc19c88c55a8774bab8f7f966b006f61c6fd30348907495707,2026-08-30T09:27:26+00:00,2531.0,78,174,73,11.176,6.0,31
fit:11ba0ac28d468bdc19c88c55a8774bab8f7f966b006f61c6fd30348907495707,2026-08-30T09:27:27+00:00,2532.0,207,173,81,11.065,6.0,31
fit:11ba0ac28d468bdc19c88c55a8774bab8f7f966b006f61c6fd30348907495707,2026-08-30T09:27:28+00:00,2533.0,208,174,81,10.965,6.0,31
fit:11ba0ac28d468bdc19c88c55a8774bab8f7f966b006f61c6fd30348907495707,2026-08-30T09:27:29+00:00,2534.0,208,173,58,10.804,5.800000000000011,31
fit:11ba0ac28d468bdc19c88c55a8774bab8f7f966b006f61c6fd30348907495707,2026-08-30T09:27:30+00:00,2535.0,97,173,80,10.661,5.0,31
fit:11ba0ac28d468bdc19c88c55a8774bab8f7f966b006f61c6fd30348907495707,2026-08-30T09:27:31+00:00,2536.0,77,172,80,10.557,5.0,31
fit:11ba0ac28d468bdc19c88c55a8774bab8f7f966b006f61c6fd30348907495707,2026-08-30T09:27:32+00:00,2537.0,21,172,74,10.478,5.0,31
fit:11ba0ac28d468bdc19c88c55a8774bab8f7f966b006f61c6fd30348907495707,2026-08-30T09:27:33+00:00,2538.0,21,171,74,10.509,5.600000000000023,31
fit:11ba0ac28d468bdc19c88c55a8774bab8f7f966b006f61c6fd30348907495707,2026-08-30T09:27:34+00:00,2539.0,21,171,74,10.41,6.399999999999977,31
fit:11ba0ac28d468bdc19c88c55a8774bab8f7f966b006f61c6fd30348907495707,2026-08-30T09:27:35+00:00,2540.0,21,170,74,10.41,6.399999999999977,31
fit:11ba0ac28d468bdc19c88c55a8774bab8f7f966b006f61c6fd30348907495707,2026-08-30T09:27:36+00:00,2541.0,0,170,0,10.268,6.399999999999977,31
fit:11ba0ac28d468bdc19c88c55a8774bab8f7f966b006f61c6fd30348907495707,2026-08-30T09:27:37+00:00,2542.0,5,169,0,9.981,6.399999999999977,31
fit:11ba0ac28d468bdc19c88c55a8774bab8f7f966b006f61c6fd30348907495707,2026-08-30T09:27:38+00:00,2543.0,148,168,71,9.852,6.399999999999977,31
fit:11ba0ac28d468bdc19c88c55a8774bab8f7f966b006f61c6fd30348907495707,2026-08-30T09:27:39+00:00,2544.0,117,168,71,9.703,6.399999999999977,31
fit:11ba0ac28d468bdc19c88c55a8774bab8f7f966b006f61c6fd30348907495707,2026-08-30T09:27:40+00:00,2545.0,183,168,77,9.745,5.399999999999977,31
fit:11ba0ac28d468bdc19c88c55a8774bab8f7f966b006f61c6fd30348907495707,2026-08-30T09:27:41+00:00,2546.0,183,167,77,9.741,5.399999999999977,31
fit:11ba0ac28d468bdc19c88c55a8774bab8f7f966b006f61c6fd30348907495707,2026-08-30T09:27:42+00:00,2547.0,318,167,79,9.716,5.399999999999977,31
fit:11ba0ac28d468bdc19c88c55a8774bab8f7f966b006f61c6fd30348907495707,2026-08-30T09:27:43+00:00,2548.0,278,165,80,9.59,6.0,31
fit:11ba0ac28d468bdc19c88c55a8774bab8f7f966b006f61c6fd30348907495707,2026-08-30T09:27:44+00:00,2549.0,209,165,81,9.747,6.399999999999977,31
fit:11ba0ac28d468bdc19c88c55a8774bab8f7f966b006f61c6fd30348907495707,2026-08-30T09:27:45+00:00,2550.0,220,163,82,9.86,6.800000000000011,31
fit:11ba0ac28d468bdc19c88c55a8774bab8f7f966b006f61c6fd30348907495707,2026-08-30T09:27:46+00:00,2551.0,241,162,82,9.962,6.800000000000011,31
fit:11ba0ac28d468bdc19c88c55a8774bab8f7f966b006f61c6fd30348907495707,2026-08-30T09:27:47+00:00,2552.0,372,162,84,10.051,6.800000000000011,31
fit:11ba0ac28d468bdc19c88c55a8774bab8f7f966b006f61c6fd30348907495707,2026-08-30T09:27:48+00:00,2553.0,509,161,84,10.216,6.399999999999977,31
fit:11ba0ac28d468bdc19c88c55a8774bab8f7f966b006f61c6fd30348907495707,2026-08-30T09:27:49+00:00,2554.0,444,161,88,10.576,6.199999999999989,31
fit:11ba0ac28d468bdc19c88c55a8774bab8f7f966b006f61c6fd30348907495707,2026-08-30T09:27:50+00:00,2555.0,444,161,90,10.961,6.199999999999989,31
fit:11ba0ac28d468bdc19c88c55a8774bab8f7f966b006f61c6fd30348907495707,2026-08-30T09:27:51+00:00,2556.0,211,161,92,11.211,6.199999999999989,31
fit:11ba0ac28d468bdc19c88c55a8774bab8f7f966b006f61c6fd30348907495707,2026-08-30T09:27:52+00:00,2557.0,181,161,93,11.512,6.199999999999989,31
fit:11ba0ac28d468bdc19c88c55a8774bab8f7f966b006f61c6fd30348907495707,2026-08-30T09:27:53+00:00,2558.0,350,162,94,11.583,6.199999999999989,31
fit:11ba0ac28d468bdc19c88c55a8774bab8f7f966b006f61c6fd30348907495707,2026-08-30T09:27:54+00:00,2559.0,390,162,96,11.757,5.600000000000023,31
fit:11ba0ac28d468bdc19c88c55a8774bab8f7f966b006f61c6fd30348907495707,2026-08-30T09:27:55+00:00,2560.0,222,163,98,11.852,5.600000000000023,31
fit:11ba0ac28d468bdc19c88c55a8774bab8f7f966b006f61c6fd30348907495707,2026-08-30T09:27:56+00:00,2561.0,101,164,97,12.052,5.600000000000023,31
fit:11ba0ac28d468bdc19c88c55a8774bab8f7f966b006f61c6fd30348907495707,2026-08-30T09:27:57+00:00,2562.0,104,164,95,11.983,6.600000000000023,31
fit:11ba0ac28d468bdc19c88c55a8774bab8f7f966b006f61c6fd30348907495707,2026-08-30T09:27:58+00:00,2563.0,104,164,95,11.867,6.800000000000011,31
fit:11ba0ac28d468bdc19c88c55a8774bab8f7f966b006f61c6fd30348907495707,2026-08-30T09:27:59+00:00,2564.0,63,164,95,11.443,7.199999999999989,31
fit:11ba0ac28d468bdc19c88c55a8774bab8f7f966b006f61c6fd30348907495707,2026-08-30T09:28:00+00:00,2565.0,63,164,84,11.178,7.199999999999989,31
fit:11ba0ac28d468bdc19c88c55a8774bab8f7f966b006f61c6fd30348907495707,2026-08-30T09:28:01+00:00,2566.0,195,164,83,11.21,7.199999999999989,31
fit:11ba0ac28d468bdc19c88c55a8774bab8f7f966b006f61c6fd30348907495707,2026-08-30T09:28:02+00:00,2567.0,216,164,84,11.128,6.199999999999989,31
fit:11ba0ac28d468bdc19c88c55a8774bab8f7f966b006f61c6fd30348907495707,2026-08-30T09:28:03+00:00,2568.0,216,165,84,11.152,5.199999999999989,31
fit:11ba0ac28d468bdc19c88c55a8774bab8f7f966b006f61c6fd30348907495707,2026-08-30T09:28:04+00:00,2569.0,269,165,83,11.109,4.800000000000011,31
fit:11ba0ac28d468bdc19c88c55a8774bab8f7f966b006f61c6fd30348907495707,2026-08-30T09:28:05+00:00,2570.0,269,165,84,11.132,4.800000000000011,31
fit:11ba0ac28d468bdc19c88c55a8774bab8f7f966b006f61c6fd30348907495707,2026-08-30T09:28:06+00:00,2571.0,255,165,85,11.381,4.800000000000011,31
fit:11ba0ac28d468bdc19c88c55a8774bab8f7f966b006f61c6fd30348907495707,2026-08-30T09:28:07+00:00,2572.0,255,165,85,11.459,5.800000000000011,31
fit:11ba0ac28d468bdc19c88c55a8774bab8f7f966b006f61c6fd30348907495707,2026-08-30T09:28:08+00:00,2573.0,0,165,85,11.297,5.800000000000011,31
fit:11ba0ac28d468bdc19c88c55a8774bab8f7f966b006f61c6fd30348907495707,2026-08-30T09:28:09+00:00,2574.0,10,165,20,11.055,5.800000000000011,31
fit:11ba0ac28d468bdc19c88c55a8774bab8f7f966b006f61c6fd30348907495707,2026-08-30T09:28:10+00:00,2575.0,9,165,20,10.844,5.800000000000011,31
fit:11ba0ac28d468bdc19c88c55a8774bab8f7f966b006f61c6fd30348907495707,2026-08-30T09:28:11+00:00,2576.0,9,165,20,10.682,5.800000000000011,31
fit:11ba0ac28d468bdc19c88c55a8774bab8f7f966b006f61c6fd30348907495707,2026-08-30T09:28:12+00:00,2577.0,9,165,20,10.618,5.800000000000011,31
fit:11ba0ac28d468bdc19c88c55a8774bab8f7f966b006f61c6fd30348907495707,2026-08-30T09:28:13+00:00,2578.0,9,165,20,10.259,5.800000000000011,31
fit:11ba0ac28d468bdc19c88c55a8774bab8f7f966b006f61c6fd30348907495707,2026-08-30T09:28:14+00:00,2579.0,9,165,20,9.827,6.800000000000011,31
fit:11ba0ac28d468bdc19c88c55a8774bab8f7f966b006f61c6fd30348907495707,2026-08-30T09:28:15+00:00,2580.0,0,165,0,9.393,7.800000000000011,31
fit:11ba0ac28d468bdc19c88c55a8774bab8f7f966b006f61c6fd30348907495707,2026-08-30T09:28:16+00:00,2581.0,0,165,0,8.957,8.0,31
fit:11ba0ac28d468bdc19c88c55a8774bab8f7f966b006f61c6fd30348907495707,2026-08-30T09:28:17+00:00,2582.0,559,165,73,8.718,8.199999999999989,31
fit:11ba0ac28d468bdc19c88c55a8774bab8f7f966b006f61c6fd30348907495707,2026-08-30T09:28:18+00:00,2583.0,569,165,73,8.754,8.199999999999989,31
fit:11ba0ac28d468bdc19c88c55a8774bab8f7f966b006f61c6fd30348907495707,2026-08-30T09:28:19+00:00,2584.0,422,164,79,9.084,8.199999999999989,31
fit:11ba0ac28d468bdc19c88c55a8774bab8f7f966b006f61c6fd30348907495707,2026-08-30T09:28:20+00:00,2585.0,177,164,83,9.496,8.199999999999989,31
fit:11ba0ac28d468bdc19c88c55a8774bab8f7f966b006f61c6fd30348907495707,2026-08-30T09:28:21+00:00,2586.0,135,164,83,9.918,8.199999999999989,31
fit:11ba0ac28d468bdc19c88c55a8774bab8f7f966b006f61c6fd30348907495707,2026-08-30T09:28:22+00:00,2587.0,331,164,85,10.154,8.199999999999989,31
fit:11ba0ac28d468bdc19c88c55a8774bab8f7f966b006f61c6fd30348907495707,2026-08-30T09:28:23+00:00,2588.0,52,164,81,10.255,8.199999999999989,31
fit:11ba0ac28d468bdc19c88c55a8774bab8f7f966b006f61c6fd30348907495707,2026-08-30T09:28:24+00:00,2589.0,52,164,82,10.424,8.199999999999989,31
fit:11ba0ac28d468bdc19c88c55a8774bab8f7f966b006f61c6fd30348907495707,2026-08-30T09:28:25+00:00,2590.0,53,164,82,10.429,8.199999999999989,31
fit:11ba0ac28d468bdc19c88c55a8774bab8f7f966b006f61c6fd30348907495707,2026-08-30T09:28:26+00:00,2591.0,53,164,82,10.364,7.199999999999989,31
fit:11ba0ac28d468bdc19c88c55a8774bab8f7f966b006f61c6fd30348907495707,2026-08-30T09:28:27+00:00,2592.0,53,165,82,10.037,7.0,31
fit:11ba0ac28d468bdc19c88c55a8774bab8f7f966b006f61c6fd30348907495707,2026-08-30T09:28:28+00:00,2593.0,0,165,81,9.772,7.0,31
fit:11ba0ac28d468bdc19c88c55a8774bab8f7f966b006f61c6fd30348907495707,2026-08-30T09:28:29+00:00,2594.0,0,165,0,9.787,7.0,31
fit:11ba0ac28d468bdc19c88c55a8774bab8f7f966b006f61c6fd30348907495707,2026-08-30T09:28:30+00:00,2595.0,0,165,0,9.809,7.0,31
fit:11ba0ac28d468bdc19c88c55a8774bab8f7f966b006f61c6fd30348907495707,2026-08-30T09:28:31+00:00,2596.0,0,165,0,9.784,7.199999999999989,31
fit:11ba0ac28d468bdc19c88c55a8774bab8f7f966b006f61c6fd30348907495707,2026-08-30T09:28:32+00:00,2597.0,175,165,81,9.865,7.199999999999989,31
fit:11ba0ac28d468bdc19c88c55a8774bab8f7f966b006f61c6fd30348907495707,2026-08-30T09:28:33+00:00,2598.0,69,165,83,10.068,7.199999999999989,31
fit:11ba0ac28d468bdc19c88c55a8774bab8f7f966b006f61c6fd30348907495707,2026-08-30T09:28:34+00:00,2599.0,246,165,84,10.326,7.199999999999989,31
fit:11ba0ac28d468bdc19c88c55a8774bab8f7f966b006f61c6fd30348907495707,2026-08-30T09:28:35+00:00,2600.0,239,165,86,10.518,6.199999999999989,31
fit:11ba0ac28d468bdc19c88c55a8774bab8f7f966b006f61c6fd30348907495707,2026-08-30T09:28:36+00:00,2601.0,244,164,89,10.743,6.199999999999989,31
fit:11ba0ac28d468bdc19c88c55a8774bab8f7f966b006f61c6fd30348907495707,2026-08-30T09:28:37+00:00,2602.0,395,164,90,10.973,6.199999999999989,31
fit:11ba0ac28d468bdc19c88c55a8774bab8f7f966b006f61c6fd30348907495707,2026-08-30T09:28:38+00:00,2603.0,395,163,93,11.222,6.199999999999989,31
fit:11ba0ac28d468bdc19c88c55a8774bab8f7f966b006f61c6fd30348907495707,2026-08-30T09:28:39+00:00,2604.0,218,163,95,11.376,6.199999999999989,31
fit:11ba0ac28d468bdc19c88c55a8774bab8f7f966b006f61c6fd30348907495707,2026-08-30T09:28:40+00:00,2605.0,116,163,95,11.513,6.199999999999989,31
fit:11ba0ac28d468bdc19c88c55a8774bab8f7f966b006f61c6fd30348907495707,2026-08-30T09:28:41+00:00,2606.0,174,163,96,11.528,6.199999999999989,31
fit:11ba0ac28d468bdc19c88c55a8774bab8f7f966b006f61c6fd30348907495707,2026-08-30T09:28:42+00:00,2607.0,37,163,96,11.451,6.199999999999989,31
fit:11ba0ac28d468bdc19c88c55a8774bab8f7f966b006f61c6fd30348907495707,2026-08-30T09:28:43+00:00,2608.0,358,163,37,11.596,6.199999999999989,31
fit:11ba0ac28d468bdc19c88c55a8774bab8f7f966b006f61c6fd30348907495707,2026-08-30T09:28:44+00:00,2609.0,564,163,96,11.712,6.199999999999989,31
fit:11ba0ac28d468bdc19c88c55a8774bab8f7f966b006f61c6fd30348907495707,2026-08-30T09:28:45+00:00,2610.0,542,163,100,11.747,6.199999999999989,31
fit:11ba0ac28d468bdc19c88c55a8774bab8f7f966b006f61c6fd30348907495707,2026-08-30T09:28:46+00:00,2611.0,369,163,100,12.111,6.199999999999989,31
fit:11ba0ac28d468bdc19c88c55a8774bab8f7f966b006f61c6fd30348907495707,2026-08-30T09:28:47+00:00,2612.0,711,164,96,12.163,6.199999999999989,31
fit:11ba0ac28d468bdc19c88c55a8774bab8f7f966b006f61c6fd30348907495707,2026-08-30T09:28:48+00:00,2613.0,479,164,98,12.495,6.199999999999989,31
fit:11ba0ac28d468bdc19c88c55a8774bab8f7f966b006f61c6fd30348907495707,2026-08-30T09:28:49+00:00,2614.0,586,165,99,12.816,6.199999999999989,31
fit:11ba0ac28d468bdc19c88c55a8774bab8f7f966b006f61c6fd30348907495707,2026-08-30T09:28:50+00:00,2615.0,587,166,100,13.29,6.199999999999989,31
fit:11ba0ac28d468bdc19c88c55a8774bab8f7f966b006f61c6fd30348907495707,2026-08-30T09:28:51+00:00,2616.0,399,167,103,13.323,6.199999999999989,31
fit:11ba0ac28d468bdc19c88c55a8774bab8f7f966b006f61c6fd30348907495707,2026-08-30T09:28:52+00:00,2617.0,378,168,104,13.683,6.199999999999989,31
fit:11ba0ac28d468bdc19c88c55a8774bab8f7f966b006f61c6fd30348907495707,2026-08-30T09:28:53+00:00,2618.0,401,168,105,13.797,6.199999999999989,31
fit:11ba0ac28d468bdc19c88c55a8774bab8f7f966b006f61c6fd30348907495707,2026-08-30T09:28:54+00:00,2619.0,402,168,105,13.924,6.199999999999989,31
fit:11ba0ac28d468bdc19c88c55a8774bab8f7f966b006f61c6fd30348907495707,2026-08-30T09:28:55+00:00,2620.0,402,170,105,13.678,6.199999999999989,31
fit:11ba0ac28d468bdc19c88c55a8774bab8f7f966b006f61c6fd30348907495707,2026-08-30T09:28:56+00:00,2621.0,63,170,37,13.559,6.199999999999989,31
fit:11ba0ac28d468bdc19c88c55a8774bab8f7f966b006f61c6fd30348907495707,2026-08-30T09:28:57+00:00,2622.0,318,170,103,13.554,6.199999999999989,31
fit:11ba0ac28d468bdc19c88c55a8774bab8f7f966b006f61c6fd30348907495707,2026-08-30T09:28:58+00:00,2623.0,168,172,102,13.348,6.0,31
fit:11ba0ac28d468bdc19c88c55a8774bab8f7f966b006f61c6fd30348907495707,2026-08-30T09:28:59+00:00,2624.0,172,172,102,13.396,6.0,31
fit:11ba0ac28d468bdc19c88c55a8774bab8f7f966b006f61c6fd30348907495707,2026-08-30T09:29:00+00:00,2625.0,173,174,100,13.444,6.0,31
fit:11ba0ac28d468bdc19c88c55a8774bab8f7f966b006f61c6fd30348907495707,2026-08-30T09:29:01+00:00,2626.0,173,175,100,13.382,6.0,31
fit:11ba0ac28d468bdc19c88c55a8774bab8f7f966b006f61c6fd30348907495707,2026-08-30T09:29:02+00:00,2627.0,55,175,44,13.189,6.0,31
fit:11ba0ac28d468bdc19c88c55a8774bab8f7f966b006f61c6fd30348907495707,2026-08-30T09:29:03+00:00,2628.0,107,176,44,13.114,6.0,31
fit:11ba0ac28d468bdc19c88c55a8774bab8f7f966b006f61c6fd30348907495707,2026-08-30T09:29:04+00:00,2629.0,108,177,97,13.104,5.0,31
fit:11ba0ac28d468bdc19c88c55a8774bab8f7f966b006f61c6fd30348907495707,2026-08-30T09:29:05+00:00,2630.0,108,177,97,12.942,5.0,31
fit:11ba0ac28d468bdc19c88c55a8774bab8f7f966b006f61c6fd30348907495707,2026-08-30T09:29:06+00:00,2631.0,108,178,97,12.637,5.0,31
fit:11ba0ac28d468bdc19c88c55a8774bab8f7f966b006f61c6fd30348907495707,2026-08-30T09:29:07+00:00,2632.0,13,179,0,12.308,5.0,31
fit:11ba0ac28d468bdc19c88c55a8774bab8f7f966b006f61c6fd30348907495707,2026-08-30T09:29:08+00:00,2633.0,245,179,0,12.297,5.0,31
fit:11ba0ac28d468bdc19c88c55a8774bab8f7f966b006f61c6fd30348907495707,2026-08-30T09:29:09+00:00,2634.0,303,179,92,12.167,5.0,31
fit:11ba0ac28d468bdc19c88c55a8774bab8f7f966b006f61c6fd30348907495707,2026-08-30T09:29:10+00:00,2635.0,355,179,93,12.183,5.0,31
fit:11ba0ac28d468bdc19c88c55a8774bab8f7f966b006f61c6fd30348907495707,2026-08-30T09:29:11+00:00,2636.0,170,179,93,12.393,5.0,31
fit:11ba0ac28d468bdc19c88c55a8774bab8f7f966b006f61c6fd30348907495707,2026-08-30T09:29:12+00:00,2637.0,285,179,93,12.376,5.0,31
fit:11ba0ac28d468bdc19c88c55a8774bab8f7f966b006f61c6fd30348907495707,2026-08-30T09:29:13+00:00,2638.0,59,179,94,12.366,5.0,31
fit:11ba0ac28d468bdc19c88c55a8774bab8f7f966b006f61c6fd30348907495707,2026-08-30T09:29:14+00:00,2639.0,84,179,94,12.436,6.0,31
fit:11ba0ac28d468bdc19c88c55a8774bab8f7f966b006f61c6fd30348907495707,2026-08-30T09:29:15+00:00,2640.0,84,178,52,12.334,6.0,31
fit:11ba0ac28d468bdc19c88c55a8774bab8f7f966b006f61c6fd30348907495707,2026-08-30T09:29:16+00:00,2641.0,224,178,94,12.387,6.0,31
fit:11ba0ac28d468bdc19c88c55a8774bab8f7f966b006f61c6fd30348907495707,2026-08-30T09:29:17+00:00,2642.0,86,177,94,12.303,5.0,31
fit:11ba0ac28d468bdc19c88c55a8774bab8f7f966b006f61c6fd30348907495707,2026-08-30T09:29:18+00:00,2643.0,86,177,93,12.312,5.0,31
fit:11ba0ac28d468bdc19c88c55a8774bab8f7f966b006f61c6fd30348907495707,2026-08-30T09:29:19+00:00,2644.0,86,176,93,12.13,5.0,31
fit:11ba0ac28d468bdc19c88c55a8774bab8f7f966b006f61c6fd30348907495707,2026-08-30T09:29:20+00:00,2645.0,86,176,93,11.956,5.0,31
fit:11ba0ac28d468bdc19c88c55a8774bab8f7f966b006f61c6fd30348907495707,2026-08-30T09:29:21+00:00,2646.0,77,176,90,11.892,5.0,31
fit:11ba0ac28d468bdc19c88c55a8774bab8f7f966b006f61c6fd30348907495707,2026-08-30T09:29:22+00:00,2647.0,0,175,0,11.813,5.0,31
fit:11ba0ac28d468bdc19c88c55a8774bab8f7f966b006f61c6fd30348907495707,2026-08-30T09:29:23+00:00,2648.0,0,176,0,11.59,5.0,31
fit:11ba0ac28d468bdc19c88c55a8774bab8f7f966b006f61c6fd30348907495707,2026-08-30T09:29:24+00:00,2649.0,0,176,0,11.322,4.399999999999977,31
fit:11ba0ac28d468bdc19c88c55a8774bab8f7f966b006f61c6fd30348907495707,2026-08-30T09:29:25+00:00,2650.0,0,176,0,11.079,4.399999999999977,31
fit:11ba0ac28d468bdc19c88c55a8774bab8f7f966b006f61c6fd30348907495707,2026-08-30T09:29:26+00:00,2651.0,0,176,0,10.839,4.399999999999977,31
fit:11ba0ac28d468bdc19c88c55a8774bab8f7f966b006f61c6fd30348907495707,2026-08-30T09:29:27+00:00,2652.0,0,176,0,10.75,5.399999999999977,31
fit:11ba0ac28d468bdc19c88c55a8774bab8f7f966b006f61c6fd30348907495707,2026-08-30T09:29:28+00:00,2653.0,40,176,79,10.582,5.399999999999977,31
fit:11ba0ac28d468bdc19c88c55a8774bab8f7f966b006f61c6fd30348907495707,2026-08-30T09:29:29+00:00,2654.0,40,175,79,10.654,5.399999999999977,31
fit:11ba0ac28d468bdc19c88c55a8774bab8f7f966b006f61c6fd30348907495707,2026-08-30T09:29:30+00:00,2655.0,250,175,81,10.844,5.199999999999989,31
fit:11ba0ac28d468bdc19c88c55a8774bab8f7f966b006f61c6fd30348907495707,2026-08-30T09:29:31+00:00,2656.0,239,174,83,10.923,4.600000000000023,31
fit:11ba0ac28d468bdc19c88c55a8774bab8f7f966b006f61c6fd30348907495707,2026-08-30T09:29:32+00:00,2657.0,229,174,83,11.072,4.600000000000023,31
fit:11ba0ac28d468bdc19c88c55a8774bab8f7f966b006f61c6fd30348907495707,2026-08-30T09:29:33+00:00,2658.0,381,173,85,11.2,4.600000000000023,31
fit:11ba0ac28d468bdc19c88c55a8774bab8f7f966b006f61c6fd30348907495707,2026-08-30T09:29:34+00:00,2659.0,453,173,86,11.338,4.600000000000023,31
fit:11ba0ac28d468bdc19c88c55a8774bab8f7f966b006f61c6fd30348907495707,2026-08-30T09:29:35+00:00,2660.0,288,173,87,11.453,4.600000000000023,31
fit:11ba0ac28d468bdc19c88c55a8774bab8f7f966b006f61c6fd30348907495707,2026-08-30T09:29:36+00:00,2661.0,324,173,88,11.58,4.0,31
fit:11ba0ac28d468bdc19c88c55a8774bab8f7f966b006f61c6fd30348907495707,2026-08-30T09:29:37+00:00,2662.0,347,172,90,11.739,4.0,31
fit:11ba0ac28d468bdc19c88c55a8774bab8f7f966b006f61c6fd30348907495707,2026-08-30T09:29:38+00:00,2663.0,473,172,91,11.944,4.0,31
fit:11ba0ac28d468bdc19c88c55a8774bab8f7f966b006f61c6fd30348907495707,2026-08-30T09:29:39+00:00,2664.0,340,172,92,12.112,4.600000000000023,31
fit:11ba0ac28d468bdc19c88c55a8774bab8f7f966b006f61c6fd30348907495707,2026-08-30T09:29:40+00:00,2665.0,277,172,92,12.244,4.800000000000011,31
fit:11ba0ac28d468bdc19c88c55a8774bab8f7f966b006f61c6fd30348907495707,2026-08-30T09:29:41+00:00,2666.0,323,172,92,12.299,5.199999999999989,31
fit:11ba0ac28d468bdc19c88c55a8774bab8f7f966b006f61c6fd30348907495707,2026-08-30T09:29:42+00:00,2667.0,313,172,93,12.391,5.199999999999989,31
fit:11ba0ac28d468bdc19c88c55a8774bab8f7f966b006f61c6fd30348907495707,2026-08-30T09:29:43+00:00,2668.0,460,172,93,12.45,5.199999999999989,31
fit:11ba0ac28d468bdc19c88c55a8774bab8f7f966b006f61c6fd30348907495707,2026-08-30T09:29:44+00:00,2669.0,563,172,94,12.447,4.199999999999989,31
fit:11ba0ac28d468bdc19c88c55a8774bab8f7f966b006f61c6fd30348907495707,2026-08-30T09:29:45+00:00,2670.0,680,172,97,12.423,4.199999999999989,31
fit:11ba0ac28d468bdc19c88c55a8774bab8f7f966b006f61c6fd30348907495707,2026-08-30T09:29:46+00:00,2671.0,585,173,100,12.815,4.199999999999989,31
fit:11ba0ac28d468bdc19c88c55a8774bab8f7f966b006f61c6fd30348907495707,2026-08-30T09:29:47+00:00,2672.0,41,173,101,13.118,4.199999999999989,31
fit:11ba0ac28d468bdc19c88c55a8774bab8f7f966b006f61c6fd30348907495707,2026-08-30T09:29:48+00:00,2673.0,41,174,82,13.259,4.199999999999989,31
fit:11ba0ac28d468bdc19c88c55a8774bab8f7f966b006f61c6fd30348907495707,2026-08-30T09:29:49+00:00,2674.0,41,174,53,13.196,4.199999999999989,31
fit:11ba0ac28d468bdc19c88c55a8774bab8f7f966b006f61c6fd30348907495707,2026-08-30T09:29:50+00:00,2675.0,41,174,47,13.024,5.0,31
fit:11ba0ac28d468bdc19c88c55a8774bab8f7f966b006f61c6fd30348907495707,2026-08-30T09:29:51+00:00,2676.0,41,176,47,12.819,5.399999999999977,31
fit:11ba0ac28d468bdc19c88c55a8774bab8f7f966b006f61c6fd30348907495707,2026-08-30T09:29:52+00:00,2677.0,37,177,46,12.636,5.600000000000023,31
fit:11ba0ac28d468bdc19c88c55a8774bab8f7f966b006f61c6fd30348907495707,2026-08-30T09:29:53+00:00,2678.0,33,177,43,12.391,5.600000000000023,31
fit:11ba0ac28d468bdc19c88c55a8774bab8f7f966b006f61c6fd30348907495707,2026-08-30T09:29:54+00:00,2679.0,0,177,41,12.158,5.600000000000023,31
fit:11ba0ac28d468bdc19c88c55a8774bab8f7f966b006f61c6fd30348907495707,2026-08-30T09:29:55+00:00,2680.0,0,178,0,11.839,5.399999999999977,31
fit:11ba0ac28d468bdc19c88c55a8774bab8f7f966b006f61c6fd30348907495707,2026-08-30T09:29:56+00:00,2681.0,0,178,0,11.702,5.399999999999977,31
fit:11ba0ac28d468bdc19c88c55a8774bab8f7f966b006f61c6fd30348907495707,2026-08-30T09:29:57+00:00,2682.0,0,178,0,11.361,5.399999999999977,31
fit:11ba0ac28d468bdc19c88c55a8774bab8f7f966b006f61c6fd30348907495707,2026-08-30T09:29:58+00:00,2683.0,59,179,0,10.881,5.399999999999977,31
fit:11ba0ac28d468bdc19c88c55a8774bab8f7f966b006f61c6fd30348907495707,2026-08-30T09:29:59+00:00,2684.0,101,178,80,10.608,5.399999999999977,31
fit:11ba0ac28d468bdc19c88c55a8774bab8f7f966b006f61c6fd30348907495707,2026-08-30T09:30:00+00:00,2685.0,101,178,84,10.573,5.399999999999977,31
fit:11ba0ac28d468bdc19c88c55a8774bab8f7f966b006f61c6fd30348907495707,2026-08-30T09:30:01+00:00,2686.0,329,178,85,10.61,5.399999999999977,31
fit:11ba0ac28d468bdc19c88c55a8774bab8f7f966b006f61c6fd30348907495707,2026-08-30T09:30:02+00:00,2687.0,81,178,85,10.6,5.399999999999977,31
fit:11ba0ac28d468bdc19c88c55a8774bab8f7f966b006f61c6fd30348907495707,2026-08-30T09:30:03+00:00,2688.0,81,177,85,10.548,4.800000000000011,31
fit:11ba0ac28d468bdc19c88c55a8774bab8f7f966b006f61c6fd30348907495707,2026-08-30T09:30:04+00:00,2689.0,263,176,85,10.29,4.800000000000011,31
fit:11ba0ac28d468bdc19c88c55a8774bab8f7f966b006f61c6fd30348907495707,2026-08-30T09:30:05+00:00,2690.0,367,176,84,10.186,4.800000000000011,31
fit:11ba0ac28d468bdc19c88c55a8774bab8f7f966b006f61c6fd30348907495707,2026-08-30T09:30:06+00:00,2691.0,414,175,86,10.234,4.800000000000011,31
fit:11ba0ac28d468bdc19c88c55a8774bab8f7f966b006f61c6fd30348907495707,2026-08-30T09:30:07+00:00,2692.0,543,175,86,10.486,4.800000000000011,31
fit:11ba0ac28d468bdc19c88c55a8774bab8f7f966b006f61c6fd30348907495707,2026-08-30T09:30:08+00:00,2693.0,487,174,87,10.89,3.8000000000000114,31
fit:11ba0ac28d468bdc19c88c55a8774bab8f7f966b006f61c6fd30348907495707,2026-08-30T09:30:09+00:00,2694.0,404,173,92,11.098,3.8000000000000114,31
fit:11ba0ac28d468bdc19c88c55a8774bab8f7f966b006f61c6fd30348907495707,2026-08-30T09:30:10+00:00,2695.0,610,173,93,11.244,3.8000000000000114,31
fit:11ba0ac28d468bdc19c88c55a8774bab8f7f966b006f61c6fd30348907495707,2026-08-30T09:30:11+00:00,2696.0,610,173,95,11.459,4.800000000000011,31
fit:11ba0ac28d468bdc19c88c55a8774bab8f7f966b006f61c6fd30348907495707,2026-08-30T09:30:12+00:00,2697.0,535,173,99,11.802,4.800000000000011,31
fit:11ba0ac28d468bdc19c88c55a8774bab8f7f966b006f61c6fd30348907495707,2026-08-30T09:30:13+00:00,2698.0,603,172,102,12.424,4.800000000000011,31
fit:11ba0ac28d468bdc19c88c55a8774bab8f7f966b006f61c6fd30348907495707,2026-08-30T09:30:14+00:00,2699.0,145,172,104,12.523,4.800000000000011,31
fit:11ba0ac28d468bdc19c88c55a8774bab8f7f966b006f61c6fd30348907495707,2026-08-30T09:30:15+00:00,2700.0,461,173,104,12.654,4.800000000000011,31
fit:11ba0ac28d468bdc19c88c55a8774bab8f7f966b006f61c6fd30348907495707,2026-08-30T09:30:16+00:00,2701.0,642,173,106,12.849,4.800000000000011,31
fit:11ba0ac28d468bdc19c88c55a8774bab8f7f966b006f61c6fd30348907495707,2026-08-30T09:30:17+00:00,2702.0,772,173,110,13.367,4.800000000000011,31
fit:11ba0ac28d468bdc19c88c55a8774bab8f7f966b006f61c6fd30348907495707,2026-08-30T09:30:18+00:00,2703.0,159,174,112,13.448,4.800000000000011,31
fit:11ba0ac28d468bdc19c88c55a8774bab8f7f966b006f61c6fd30348907495707,2026-08-30T09:30:19+00:00,2704.0,497,175,105,13.637,4.800000000000011,31
fit:11ba0ac28d468bdc19c88c55a8774bab8f7f966b006f61c6fd30348907495707,2026-08-30T09:30:20+00:00,2705.0,497,175,105,13.776,4.800000000000011,31
fit:11ba0ac28d468bdc19c88c55a8774bab8f7f966b006f61c6fd30348907495707,2026-08-30T09:30:21+00:00,2706.0,532,176,107,13.797,4.800000000000011,31
fit:11ba0ac28d468bdc19c88c55a8774bab8f7f966b006f61c6fd30348907495707,2026-08-30T09:30:22+00:00,2707.0,644,178,108,14.097,3.8000000000000114,31
fit:11ba0ac28d468bdc19c88c55a8774bab8f7f966b006f61c6fd30348907495707,2026-08-30T09:30:23+00:00,2708.0,470,178,109,14.159,3.8000000000000114,31
fit:11ba0ac28d468bdc19c88c55a8774bab8f7f966b006f61c6fd30348907495707,2026-08-30T09:30:24+00:00,2709.0,615,179,110,14.27,3.8000000000000114,31
fit:11ba0ac28d468bdc19c88c55a8774bab8f7f966b006f61c6fd30348907495707,2026-08-30T09:30:25+00:00,2710.0,615,180,110,14.507,4.800000000000011,31
fit:11ba0ac28d468bdc19c88c55a8774bab8f7f966b006f61c6fd30348907495707,2026-08-30T09:30:26+00:00,2711.0,139,180,110,14.674,5.199999999999989,31
fit:11ba0ac28d468bdc19c88c55a8774bab8f7f966b006f61c6fd30348907495707,2026-08-30T09:30:27+00:00,2712.0,140,181,109,14.576,5.199999999999989,31
fit:11ba0ac28d468bdc19c88c55a8774bab8f7f966b006f61c6fd30348907495707,2026-08-30T09:30:28+00:00,2713.0,27,181,89,14.604,5.199999999999989,31
fit:11ba0ac28d468bdc19c88c55a8774bab8f7f966b006f61c6fd30348907495707,2026-08-30T09:30:29+00:00,2714.0,351,182,108,14.385,5.199999999999989,31
fit:11ba0ac28d468bdc19c88c55a8774bab8f7f966b006f61c6fd30348907495707,2026-08-30T09:30:30+00:00,2715.0,783,182,109,14.469,5.199999999999989,31
fit:11ba0ac28d468bdc19c88c55a8774bab8f7f966b006f61c6fd30348907495707,2026-08-30T09:30:31+00:00,2716.0,626,183,111,14.347,5.199999999999989,31
fit:11ba0ac28d468bdc19c88c55a8774bab8f7f966b006f61c6fd30348907495707,2026-08-30T09:30:32+00:00,2717.0,469,183,112,14.351,5.199999999999989,31
fit:11ba0ac28d468bdc19c88c55a8774bab8f7f966b006f61c6fd30348907495707,2026-08-30T09:30:33+00:00,2718.0,427,183,113,14.703,5.399999999999977,31
fit:11ba0ac28d468bdc19c88c55a8774bab8f7f966b006f61c6fd30348907495707,2026-08-30T09:30:34+00:00,2719.0,569,185,113,14.918,5.399999999999977,31
fit:11ba0ac28d468bdc19c88c55a8774bab8f7f966b006f61c6fd30348907495707,2026-08-30T09:30:35+00:00,2720.0,108,185,110,15.045,5.399999999999977,31
fit:11ba0ac28d468bdc19c88c55a8774bab8f7f966b006f61c6fd30348907495707,2026-08-30T09:30:36+00:00,2721.0,384,186,106,15.077,5.399999999999977,31
fit:11ba0ac28d468bdc19c88c55a8774bab8f7f966b006f61c6fd30348907495707,2026-08-30T09:30:37+00:00,2722.0,221,187,105,15.121,5.399999999999977,31
fit:11ba0ac28d468bdc19c88c55a8774bab8f7f966b006f61c6fd30348907495707,2026-08-30T09:30:38+00:00,2723.0,61,187,94,15.026,6.399999999999977,31
fit:11ba0ac28d468bdc19c88c55a8774bab8f7f966b006f61c6fd30348907495707,2026-08-30T09:30:39+00:00,2724.0,18,187,74,14.947,6.399999999999977,31
fit:11ba0ac28d468bdc19c88c55a8774bab8f7f966b006f61c6fd30348907495707,2026-08-30T09:30:40+00:00,2725.0,201,188,91,14.699,6.399999999999977,31
fit:11ba0ac28d468bdc19c88c55a8774bab8f7f966b006f61c6fd30348907495707,2026-08-30T09:30:41+00:00,2726.0,202,189,99,14.309,6.399999999999977,31
fit:11ba0ac28d468bdc19c88c55a8774bab8f7f966b006f61c6fd30348907495707,2026-08-30T09:30:42+00:00,2727.0,81,190,96,14.08,6.399999999999977,31
fit:11ba0ac28d468bdc19c88c55a8774bab8f7f966b006f61c6fd30348907495707,2026-08-30T09:30:43+00:00,2728.0,71,190,92,13.859,6.399999999999977,31
fit:11ba0ac28d468bdc19c88c55a8774bab8f7f966b006f61c6fd30348907495707,2026-08-30T09:30:44+00:00,2729.0,140,190,96,13.636,6.399999999999977,31
fit:11ba0ac28d468bdc19c88c55a8774bab8f7f966b006f61c6fd30348907495707,2026-08-30T09:30:45+00:00,2730.0,314,190,96,13.387,6.0,31
fit:11ba0ac28d468bdc19c88c55a8774bab8f7f966b006f61c6fd30348907495707,2026-08-30T09:30:46+00:00,2731.0,314,190,96,13.472,6.0,31
fit:11ba0ac28d468bdc19c88c55a8774bab8f7f966b006f61c6fd30348907495707,2026-08-30T09:30:47+00:00,2732.0,468,190,97,13.772,6.0,31
fit:11ba0ac28d468bdc19c88c55a8774bab8f7f966b006f61c6fd30348907495707,2026-08-30T09:30:48+00:00,2733.0,493,190,99,13.799,6.800000000000011,31
fit:11ba0ac28d468bdc19c88c55a8774bab8f7f966b006f61c6fd30348907495707,2026-08-30T09:30:49+00:00,2734.0,236,190,100,13.894,6.800000000000011,31
fit:11ba0ac28d468bdc19c88c55a8774bab8f7f966b006f61c6fd30348907495707,2026-08-30T09:30:50+00:00,2735.0,80,190,98,13.999,6.800000000000011,31
fit:11ba0ac28d468bdc19c88c55a8774bab8f7f966b006f61c6fd30348907495707,2026-08-30T09:30:51+00:00,2736.0,80,191,98,14.072,6.399999999999977,31
fit:11ba0ac28d468bdc19c88c55a8774bab8f7f966b006f61c6fd30348907495707,2026-08-30T09:30:52+00:00,2737.0,80,191,98,13.646,5.600000000000023,31
fit:11ba0ac28d468bdc19c88c55a8774bab8f7f966b006f61c6fd30348907495707,2026-08-30T09:30:53+00:00,2738.0,80,191,57,13.521,5.600000000000023,31
fit:11ba0ac28d468bdc19c88c55a8774bab8f7f966b006f61c6fd30348907495707,2026-08-30T09:30:54+00:00,2739.0,80,191,57,13.445,5.600000000000023,31
fit:11ba0ac28d468bdc19c88c55a8774bab8f7f966b006f61c6fd30348907495707,2026-08-30T09:30:55+00:00,2740.0,8,191,55,13.266,6.199999999999989,31
fit:11ba0ac28d468bdc19c88c55a8774bab8f7f966b006f61c6fd30348907495707,2026-08-30T09:30:56+00:00,2741.0,8,191,23,13.049,7.199999999999989,31
fit:11ba0ac28d468bdc19c88c55a8774bab8f7f966b006f61c6fd30348907495707,2026-08-30T09:30:57+00:00,2742.0,190,190,89,12.971,7.199999999999989,31
fit:11ba0ac28d468bdc19c88c55a8774bab8f7f966b006f61c6fd30348907495707,2026-08-30T09:30:58+00:00,2743.0,279,190,89,12.932,7.199999999999989,31
fit:11ba0ac28d468bdc19c88c55a8774bab8f7f966b006f61c6fd30348907495707,2026-08-30T09:30:59+00:00,2744.0,111,190,89,12.936,6.199999999999989,31
fit:11ba0ac28d468bdc19c88c55a8774bab8f7f966b006f61c6fd30348907495707,2026-08-30T09:31:00+00:00,2745.0,67,190,89,12.978,6.199999999999989,31
fit:11ba0ac28d468bdc19c88c55a8774bab8f7f966b006f61c6fd30348907495707,2026-08-30T09:31:01+00:00,2746.0,67,190,84,12.902,6.199999999999989,31
fit:11ba0ac28d468bdc19c88c55a8774bab8f7f966b006f61c6fd30348907495707,2026-08-30T09:31:02+00:00,2747.0,53,190,38,12.658,6.199999999999989,31
fit:11ba0ac28d468bdc19c88c55a8774bab8f7f966b006f61c6fd30348907495707,2026-08-30T09:31:03+00:00,2748.0,261,190,87,12.609,5.199999999999989,31
fit:11ba0ac28d468bdc19c88c55a8774bab8f7f966b006f61c6fd30348907495707,2026-08-30T09:31:04+00:00,2749.0,11,189,87,12.559,5.199999999999989,31
fit:11ba0ac28d468bdc19c88c55a8774bab8f7f966b006f61c6fd30348907495707,2026-08-30T09:31:05+00:00,2750.0,11,189,68,12.434,5.199999999999989,31
fit:11ba0ac28d468bdc19c88c55a8774bab8f7f966b006f61c6fd30348907495707,2026-08-30T09:31:06+00:00,2751.0,540,188,82,12.296,5.199999999999989,31
fit:11ba0ac28d468bdc19c88c55a8774bab8f7f966b006f61c6fd30348907495707,2026-08-30T09:31:07+00:00,2752.0,617,188,87,12.238,4.199999999999989,31
fit:11ba0ac28d468bdc19c88c55a8774bab8f7f966b006f61c6fd30348907495707,2026-08-30T09:31:08+00:00,2753.0,601,185,90,12.279,3.8000000000000114,31
fit:11ba0ac28d468bdc19c88c55a8774bab8f7f966b006f61c6fd30348907495707,2026-08-30T09:31:09+00:00,2754.0,424,187,91,12.615,3.8000000000000114,31
fit:11ba0ac28d468bdc19c88c55a8774bab8f7f966b006f61c6fd30348907495707,2026-08-30T09:31:10+00:00,2755.0,209,187,91,12.811,3.8000000000000114,31
fit:11ba0ac28d468bdc19c88c55a8774bab8f7f966b006f61c6fd30348907495707,2026-08-30T09:31:11+00:00,2756.0,236,187,91,12.961,3.8000000000000114,31
fit:11ba0ac28d468bdc19c88c55a8774bab8f7f966b006f61c6fd30348907495707,2026-08-30T09:31:12+00:00,2757.0,317,187,91,13.067,3.8000000000000114,31
fit:11ba0ac28d468bdc19c88c55a8774bab8f7f966b006f61c6fd30348907495707,2026-08-30T09:31:13+00:00,2758.0,317,187,91,13.019,3.8000000000000114,31
fit:11ba0ac28d468bdc19c88c55a8774bab8f7f966b006f61c6fd30348907495707,2026-08-30T09:31:14+00:00,2759.0,317,187,66,12.782,4.800000000000011,31
fit:11ba0ac28d468bdc19c88c55a8774bab8f7f966b006f61c6fd30348907495707,2026-08-30T09:31:15+00:00,2760.0,304,186,66,12.612,5.800000000000011,31
fit:11ba0ac28d468bdc19c88c55a8774bab8f7f966b006f61c6fd30348907495707,2026-08-30T09:31:16+00:00,2761.0,275,186,62,12.377,5.800000000000011,31
fit:11ba0ac28d468bdc19c88c55a8774bab8f7f966b006f61c6fd30348907495707,2026-08-30T09:31:17+00:00,2762.0,243,186,59,12.141,5.800000000000011,31
fit:11ba0ac28d468bdc19c88c55a8774bab8f7f966b006f61c6fd30348907495707,2026-08-30T09:31:18+00:00,2763.0,224,186,56,11.685,5.800000000000011,31
fit:11ba0ac28d468bdc19c88c55a8774bab8f7f966b006f61c6fd30348907495707,2026-08-30T09:31:19+00:00,2764.0,0,184,0,11.429,5.800000000000011,31
fit:11ba0ac28d468bdc19c88c55a8774bab8f7f966b006f61c6fd30348907495707,2026-08-30T09:31:20+00:00,2765.0,107,184,79,11.155,5.800000000000011,31
fit:11ba0ac28d468bdc19c88c55a8774bab8f7f966b006f61c6fd30348907495707,2026-08-30T09:31:21+00:00,2766.0,235,183,82,11.045,4.800000000000011,31
fit:11ba0ac28d468bdc19c88c55a8774bab8f7f966b006f61c6fd30348907495707,2026-08-30T09:31:22+00:00,2767.0,235,184,82,11.035,4.600000000000023,31
fit:11ba0ac28d468bdc19c88c55a8774bab8f7f966b006f61c6fd30348907495707,2026-08-30T09:31:23+00:00,2768.0,273,184,83,11.0,4.600000000000023,31
fit:11ba0ac28d468bdc19c88c55a8774bab8f7f966b006f61c6fd30348907495707,2026-08-30T09:31:24+00:00,2769.0,48,183,83,10.984,4.600000000000023,31
fit:11ba0ac28d468bdc19c88c55a8774bab8f7f966b006f61c6fd30348907495707,2026-08-30T09:31:25+00:00,2770.0,125,183,83,11.1,4.600000000000023,31
fit:11ba0ac28d468bdc19c88c55a8774bab8f7f966b006f61c6fd30348907495707,2026-08-30T09:31:26+00:00,2771.0,126,182,83,11.12,5.199999999999989,31
fit:11ba0ac28d468bdc19c88c55a8774bab8f7f966b006f61c6fd30348907495707,2026-08-30T09:31:27+00:00,2772.0,107,182,82,10.99,5.800000000000011,31
fit:11ba0ac28d468bdc19c88c55a8774bab8f7f966b006f61c6fd30348907495707,2026-08-30T09:31:28+00:00,2773.0,39,181,76,10.845,5.800000000000011,31
fit:11ba0ac28d468bdc19c88c55a8774bab8f7f966b006f61c6fd30348907495707,2026-08-30T09:31:29+00:00,2774.0,73,181,78,10.79,5.800000000000011,31
fit:11ba0ac28d468bdc19c88c55a8774bab8f7f966b006f61c6fd30348907495707,2026-08-30T09:31:30+00:00,2775.0,93,180,79,10.693,5.199999999999989,31
fit:11ba0ac28d468bdc19c88c55a8774bab8f7f966b006f61c6fd30348907495707,2026-08-30T09:31:31+00:00,2776.0,33,180,77,10.553,4.199999999999989,31
fit:11ba0ac28d468bdc19c88c55a8774bab8f7f966b006f61c6fd30348907495707,2026-08-30T09:31:32+00:00,2777.0,33,179,76,10.39,4.199999999999989,31
fit:11ba0ac28d468bdc19c88c55a8774bab8f7f966b006f61c6fd30348907495707,2026-08-30T09:31:33+00:00,2778.0,33,179,76,10.248,4.199999999999989,31
fit:11ba0ac28d468bdc19c88c55a8774bab8f7f966b006f61c6fd30348907495707,2026-08-30T09:31:34+00:00,2779.0,207,178,76,10.098,5.199999999999989,31
fit:11ba0ac28d468bdc19c88c55a8774bab8f7f966b006f61c6fd30348907495707,2026-08-30T09:31:35+00:00,2780.0,272,177,76,10.28,6.199999999999989,31
fit:11ba0ac28d468bdc19c88c55a8774bab8f7f966b006f61c6fd30348907495707,2026-08-30T09:31:36+00:00,2781.0,276,176,78,10.338,6.199999999999989,31
fit:11ba0ac28d468bdc19c88c55a8774bab8f7f966b006f61c6fd30348907495707,2026-08-30T09:31:37+00:00,2782.0,206,176,80,10.332,6.199999999999989,31
fit:11ba0ac28d468bdc19c88c55a8774bab8f7f966b006f61c6fd30348907495707,2026-08-30T09:31:38+00:00,2783.0,95,175,80,10.399,6.0,31
fit:11ba0ac28d468bdc19c88c55a8774bab8f7f966b006f61c6fd30348907495707,2026-08-30T09:31:39+00:00,2784.0,113,175,80,10.477,6.0,31
fit:11ba0ac28d468bdc19c88c55a8774bab8f7f966b006f61c6fd30348907495707,2026-08-30T09:31:40+00:00,2785.0,192,174,80,10.508,6.0,31
fit:11ba0ac28d468bdc19c88c55a8774bab8f7f966b006f61c6fd30348907495707,2026-08-30T09:31:41+00:00,2786.0,101,174,80,10.604,6.0,31
fit:11ba0ac28d468bdc19c88c55a8774bab8f7f966b006f61c6fd30348907495707,2026-08-30T09:31:42+00:00,2787.0,121,173,79,10.538,6.0,31
fit:11ba0ac28d468bdc19c88c55a8774bab8f7f966b006f61c6fd30348907495707,2026-08-30T09:31:43+00:00,2788.0,291,173,80,10.483,6.0,31
fit:11ba0ac28d468bdc19c88c55a8774bab8f7f966b006f61c6fd30348907495707,2026-08-30T09:31:44+00:00,2789.0,455,172,81,10.446,6.0,31
fit:11ba0ac28d468bdc19c88c55a8774bab8f7f966b006f61c6fd30348907495707,2026-08-30T09:31:45+00:00,2790.0,475,172,83,10.768,5.800000000000011,31
fit:11ba0ac28d468bdc19c88c55a8774bab8f7f966b006f61c6fd30348907495707,2026-08-30T09:31:46+00:00,2791.0,570,171,85,11.166,4.800000000000011,31
fit:11ba0ac28d468bdc19c88c55a8774bab8f7f966b006f61c6fd30348907495707,2026-08-30T09:31:47+00:00,2792.0,204,170,89,11.6,4.0,31
fit:11ba0ac28d468bdc19c88c55a8774bab8f7f966b006f61c6fd30348907495707,2026-08-30T09:31:48+00:00,2793.0,87,170,89,11.765,4.0,31
fit:11ba0ac28d468bdc19c88c55a8774bab8f7f966b006f61c6fd30348907495707,2026-08-30T09:31:49+00:00,2794.0,138,170,89,11.884,4.0,31
fit:11ba0ac28d468bdc19c88c55a8774bab8f7f966b006f61c6fd30348907495707,2026-08-30T09:31:50+00:00,2795.0,231,170,89,11.781,5.0,31
fit:11ba0ac28d468bdc19c88c55a8774bab8f7f966b006f61c6fd30348907495707,2026-08-30T09:31:51+00:00,2796.0,207,170,90,11.853,5.600000000000023,31
fit:11ba0ac28d468bdc19c88c55a8774bab8f7f966b006f61c6fd30348907495707,2026-08-30T09:31:52+00:00,2797.0,138,170,90,11.885,6.199999999999989,31
fit:11ba0ac28d468bdc19c88c55a8774bab8f7f966b006f61c6fd30348907495707,2026-08-30T09:31:53+00:00,2798.0,540,170,93,11.949,6.399999999999977,31
fit:11ba0ac28d468bdc19c88c55a8774bab8f7f966b006f61c6fd30348907495707,2026-08-30T09:31:54+00:00,2799.0,461,171,94,12.2,6.399999999999977,31
fit:11ba0ac28d468bdc19c88c55a8774bab8f7f966b006f61c6fd30348907495707,2026-08-30T09:31:55+00:00,2800.0,426,172,95,12.339,6.399999999999977,31
fit:11ba0ac28d468bdc19c88c55a8774bab8f7f966b006f61c6fd30348907495707,2026-08-30T09:31:56+00:00,2801.0,89,172,96,12.462,6.199999999999989,31
fit:11ba0ac28d468bdc19c88c55a8774bab8f7f966b006f61c6fd30348907495707,2026-08-30T09:31:57+00:00,2802.0,89,172,86,12.6,6.199999999999989,31
fit:11ba0ac28d468bdc19c88c55a8774bab8f7f966b006f61c6fd30348907495707,2026-08-30T09:31:58+00:00,2803.0,325,173,95,12.521,6.199999999999989,31
fit:11ba0ac28d468bdc19c88c55a8774bab8f7f966b006f61c6fd30348907495707,2026-08-30T09:31:59+00:00,2804.0,278,173,96,12.476,7.199999999999989,31
fit:11ba0ac28d468bdc19c88c55a8774bab8f7f966b006f61c6fd30348907495707,2026-08-30T09:32:00+00:00,2805.0,163,173,96,12.598,7.199999999999989,31
fit:11ba0ac28d468bdc19c88c55a8774bab8f7f966b006f61c6fd30348907495707,2026-08-30T09:32:01+00:00,2806.0,42,174,96,12.669,7.199999999999989,31
fit:11ba0ac28d468bdc19c88c55a8774bab8f7f966b006f61c6fd30348907495707,2026-08-30T09:32:02+00:00,2807.0,42,174,83,12.602,7.199999999999989,31
fit:11ba0ac28d468bdc19c88c55a8774bab8f7f966b006f61c6fd30348907495707,2026-08-30T09:32:03+00:00,2808.0,79,174,93,12.631,7.199999999999989,31
fit:11ba0ac28d468bdc19c88c55a8774bab8f7f966b006f61c6fd30348907495707,2026-08-30T09:32:04+00:00,2809.0,86,174,92,12.403,7.199999999999989,31
fit:11ba0ac28d468bdc19c88c55a8774bab8f7f966b006f61c6fd30348907495707,2026-08-30T09:32:05+00:00,2810.0,142,175,92,12.332,6.600000000000023,31
fit:11ba0ac28d468bdc19c88c55a8774bab8f7f966b006f61c6fd30348907495707,2026-08-30T09:32:06+00:00,2811.0,207,174,92,12.078,6.199999999999989,31
fit:11ba0ac28d468bdc19c88c55a8774bab8f7f966b006f61c6fd30348907495707,2026-08-30T09:32:07+00:00,2812.0,222,175,93,12.022,6.199999999999989,31
fit:11ba0ac28d468bdc19c88c55a8774bab8f7f966b006f61c6fd30348907495707,2026-08-30T09:32:08+00:00,2813.0,256,175,93,12.213,6.199999999999989,31
fit:11ba0ac28d468bdc19c88c55a8774bab8f7f966b006f61c6fd30348907495707,2026-08-30T09:32:09+00:00,2814.0,339,175,94,12.313,6.800000000000011,31
fit:11ba0ac28d468bdc19c88c55a8774bab8f7f966b006f61c6fd30348907495707,2026-08-30T09:32:10+00:00,2815.0,340,175,95,12.392,7.0,31
fit:11ba0ac28d468bdc19c88c55a8774bab8f7f966b006f61c6fd30348907495707,2026-08-30T09:32:11+00:00,2816.0,355,175,95,12.508,7.0,31
fit:11ba0ac28d468bdc19c88c55a8774bab8f7f966b006f61c6fd30348907495707,2026-08-30T09:32:12+00:00,2817.0,287,174,97,12.652,7.0,31
fit:11ba0ac28d468bdc19c88c55a8774bab8f7f966b006f61c6fd30348907495707,2026-08-30T09:32:13+00:00,2818.0,245,174,97,12.733,7.0,31
fit:11ba0ac28d468bdc19c88c55a8774bab8f7f966b006f61c6fd30348907495707,2026-08-30T09:32:14+00:00,2819.0,32,174,97,12.608,7.0,31
fit:11ba0ac28d468bdc19c88c55a8774bab8f7f966b006f61c6fd30348907495707,2026-08-30T09:32:15+00:00,2820.0,33,174,92,12.744,7.0,31
fit:11ba0ac28d468bdc19c88c55a8774bab8f7f966b006f61c6fd30348907495707,2026-08-30T09:32:16+00:00,2821.0,33,174,92,12.578,7.0,31
fit:11ba0ac28d468bdc19c88c55a8774bab8f7f966b006f61c6fd30348907495707,2026-08-30T09:32:17+00:00,2822.0,33,174,92,12.38,7.0,31
fit:11ba0ac28d468bdc19c88c55a8774bab8f7f966b006f61c6fd30348907495707,2026-08-30T09:32:18+00:00,2823.0,144,174,91,12.251,7.0,31
fit:11ba0ac28d468bdc19c88c55a8774bab8f7f966b006f61c6fd30348907495707,2026-08-30T09:32:19+00:00,2824.0,251,174,91,12.126,6.0,31
fit:11ba0ac28d468bdc19c88c55a8774bab8f7f966b006f61c6fd30348907495707,2026-08-30T09:32:20+00:00,2825.0,264,174,91,12.083,5.0,31
fit:11ba0ac28d468bdc19c88c55a8774bab8f7f966b006f61c6fd30348907495707,2026-08-30T09:32:21+00:00,2826.0,436,174,92,12.009,5.0,31
fit:11ba0ac28d468bdc19c88c55a8774bab8f7f966b006f61c6fd30348907495707,2026-08-30T09:32:22+00:00,2827.0,575,173,94,12.15,5.0,31
fit:11ba0ac28d468bdc19c88c55a8774bab8f7f966b006f61c6fd30348907495707,2026-08-30T09:32:23+00:00,2828.0,648,173,95,12.562,5.800000000000011,31
fit:11ba0ac28d468bdc19c88c55a8774bab8f7f966b006f61c6fd30348907495707,2026-08-30T09:32:24+00:00,2829.0,362,173,99,12.546,5.800000000000011,31
fit:11ba0ac28d468bdc19c88c55a8774bab8f7f966b006f61c6fd30348907495707,2026-08-30T09:32:25+00:00,2830.0,362,174,101,12.861,5.800000000000011,31
fit:11ba0ac28d468bdc19c88c55a8774bab8f7f966b006f61c6fd30348907495707,2026-08-30T09:32:26+00:00,2831.0,162,174,101,13.163,5.800000000000011,31
fit:11ba0ac28d468bdc19c88c55a8774bab8f7f966b006f61c6fd30348907495707,2026-08-30T09:32:27+00:00,2832.0,334,174,100,13.417,5.800000000000011,31
fit:11ba0ac28d468bdc19c88c55a8774bab8f7f966b006f61c6fd30348907495707,2026-08-30T09:32:28+00:00,2833.0,383,174,100,13.375,4.800000000000011,31
fit:11ba0ac28d468bdc19c88c55a8774bab8f7f966b006f61c6fd30348907495707,2026-08-30T09:32:29+00:00,2834.0,439,175,100,13.215,4.800000000000011,31
fit:11ba0ac28d468bdc19c88c55a8774bab8f7f966b006f61c6fd30348907495707,2026-08-30T09:32:30+00:00,2835.0,439,175,101,13.213,4.800000000000011,31
fit:11ba0ac28d468bdc19c88c55a8774bab8f7f966b006f61c6fd30348907495707,2026-08-30T09:32:31+00:00,2836.0,442,175,101,13.243,4.800000000000011,31
fit:11ba0ac28d468bdc19c88c55a8774bab8f7f966b006f61c6fd30348907495707,2026-08-30T09:32:32+00:00,2837.0,226,176,102,13.282,4.800000000000011,31
fit:11ba0ac28d468bdc19c88c55a8774bab8f7f966b006f61c6fd30348907495707,2026-08-30T09:32:33+00:00,2838.0,27,176,101,13.356,4.800000000000011,31
fit:11ba0ac28d468bdc19c88c55a8774bab8f7f966b006f61c6fd30348907495707,2026-08-30T09:32:34+00:00,2839.0,28,177,87,13.344,5.800000000000011,31
fit:11ba0ac28d468bdc19c88c55a8774bab8f7f966b006f61c6fd30348907495707,2026-08-30T09:32:35+00:00,2840.0,28,177,87,13.241,5.800000000000011,31
fit:11ba0ac28d468bdc19c88c55a8774bab8f7f966b006f61c6fd30348907495707,2026-08-30T09:32:36+00:00,2841.0,28,178,87,12.972,5.800000000000011,31
fit:11ba0ac28d468bdc19c88c55a8774bab8f7f966b006f61c6fd30348907495707,2026-08-30T09:32:37+00:00,2842.0,310,178,55,12.89,5.800000000000011,31
fit:11ba0ac28d468bdc19c88c55a8774bab8f7f966b006f61c6fd30348907495707,2026-08-30T09:32:38+00:00,2843.0,245,179,96,12.523,5.800000000000011,31
fit:11ba0ac28d468bdc19c88c55a8774bab8f7f966b006f61c6fd30348907495707,2026-08-30T09:32:39+00:00,2844.0,214,179,96,12.603,4.800000000000011,31
fit:11ba0ac28d468bdc19c88c55a8774bab8f7f966b006f61c6fd30348907495707,2026-08-30T09:32:40+00:00,2845.0,106,179,96,12.516,4.800000000000011,31
fit:11ba0ac28d468bdc19c88c55a8774bab8f7f966b006f61c6fd30348907495707,2026-08-30T09:32:41+00:00,2846.0,106,179,57,12.37,4.800000000000011,31
fit:11ba0ac28d468bdc19c88c55a8774bab8f7f966b006f61c6fd30348907495707,2026-08-30T09:32:42+00:00,2847.0,106,179,71,12.555,4.800000000000011,31
fit:11ba0ac28d468bdc19c88c55a8774bab8f7f966b006f61c6fd30348907495707,2026-08-30T09:32:43+00:00,2848.0,220,179,90,12.441,4.800000000000011,31
fit:11ba0ac28d468bdc19c88c55a8774bab8f7f966b006f61c6fd30348907495707,2026-08-30T09:32:44+00:00,2849.0,117,179,93,12.269,4.800000000000011,31
fit:11ba0ac28d468bdc19c88c55a8774bab8f7f966b006f61c6fd30348907495707,2026-08-30T09:32:45+00:00,2850.0,117,179,68,12.163,4.800000000000011,31
fit:11ba0ac28d468bdc19c88c55a8774bab8f7f966b006f61c6fd30348907495707,2026-08-30T09:32:46+00:00,2851.0,117,179,68,12.128,5.800000000000011,31
fit:11ba0ac28d468bdc19c88c55a8774bab8f7f966b006f61c6fd30348907495707,2026-08-30T09:32:47+00:00,2852.0,117,179,68,11.766,6.0,31
fit:11ba0ac28d468bdc19c88c55a8774bab8f7f966b006f61c6fd30348907495707,2026-08-30T09:32:48+00:00,2853.0,117,179,68,11.377,6.0,31
fit:11ba0ac28d468bdc19c88c55a8774bab8f7f966b006f61c6fd30348907495707,2026-08-30T09:32:49+00:00,2854.0,115,179,68,11.092,6.0,31
fit:11ba0ac28d468bdc19c88c55a8774bab8f7f966b006f61c6fd30348907495707,2026-08-30T09:32:50+00:00,2855.0,816,180,93,11.353,6.0,31
fit:11ba0ac28d468bdc19c88c55a8774bab8f7f966b006f61c6fd30348907495707,2026-08-30T09:32:51+00:00,2856.0,813,179,98,11.398,6.0,31
fit:11ba0ac28d468bdc19c88c55a8774bab8f7f966b006f61c6fd30348907495707,2026-08-30T09:32:52+00:00,2857.0,940,179,103,12.123,6.0,31
fit:11ba0ac28d468bdc19c88c55a8774bab8f7f966b006f61c6fd30348907495707,2026-08-30T09:32:53+00:00,2858.0,799,179,107,13.03,5.0,31
fit:11ba0ac28d468bdc19c88c55a8774bab8f7f966b006f61c6fd30348907495707,2026-08-30T09:32:54+00:00,2859.0,242,179,107,13.534,4.0,31
fit:11ba0ac28d468bdc19c88c55a8774bab8f7f966b006f61c6fd30348907495707,2026-08-30T09:32:55+00:00,2860.0,242,179,48,13.97,4.0,31
fit:11ba0ac28d468bdc19c88c55a8774bab8f7f966b006f61c6fd30348907495707,2026-08-30T09:32:56+00:00,2861.0,242,180,48,13.949,4.0,31
fit:11ba0ac28d468bdc19c88c55a8774bab8f7f966b006f61c6fd30348907495707,2026-08-30T09:32:57+00:00,2862.0,242,181,48,13.533,4.0,31
fit:11ba0ac28d468bdc19c88c55a8774bab8f7f966b006f61c6fd30348907495707,2026-08-30T09:32:58+00:00,2863.0,223,181,47,13.168,3.0,31
fit:11ba0ac28d468bdc19c88c55a8774bab8f7f966b006f61c6fd30348907495707,2026-08-30T09:32:59+00:00,2864.0,201,181,44,12.703,2.0,31
fit:11ba0ac28d468bdc19c88c55a8774bab8f7f966b006f61c6fd30348907495707,2026-08-30T09:33:00+00:00,2865.0,182,182,42,12.615,2.0,31
fit:11ba0ac28d468bdc19c88c55a8774bab8f7f966b006f61c6fd30348907495707,2026-08-30T09:33:01+00:00,2866.0,104,182,84,12.275,2.0,31
fit:11ba0ac28d468bdc19c88c55a8774bab8f7f966b006f61c6fd30348907495707,2026-08-30T09:33:02+00:00,2867.0,104,182,84,12.106,3.0,31
fit:11ba0ac28d468bdc19c88c55a8774bab8f7f966b006f61c6fd30348907495707,2026-08-30T09:33:03+00:00,2868.0,40,182,51,11.921,4.0,31
fit:11ba0ac28d468bdc19c88c55a8774bab8f7f966b006f61c6fd30348907495707,2026-08-30T09:33:04+00:00,2869.0,44,182,30,11.677,4.399999999999977,31
fit:11ba0ac28d468bdc19c88c55a8774bab8f7f966b006f61c6fd30348907495707,2026-08-30T09:33:05+00:00,2870.0,76,182,30,11.523,4.399999999999977,31
fit:11ba0ac28d468bdc19c88c55a8774bab8f7f966b006f61c6fd30348907495707,2026-08-30T09:33:06+00:00,2871.0,123,182,84,11.417,4.399999999999977,31
fit:11ba0ac28d468bdc19c88c55a8774bab8f7f966b006f61c6fd30348907495707,2026-08-30T09:33:07+00:00,2872.0,220,182,84,11.286,3.3999999999999773,31
fit:11ba0ac28d468bdc19c88c55a8774bab8f7f966b006f61c6fd30348907495707,2026-08-30T09:33:08+00:00,2873.0,302,182,84,11.277,3.1999999999999886,31
fit:11ba0ac28d468bdc19c88c55a8774bab8f7f966b006f61c6fd30348907495707,2026-08-30T09:33:09+00:00,2874.0,343,182,85,11.25,2.6000000000000227,31
fit:11ba0ac28d468bdc19c88c55a8774bab8f7f966b006f61c6fd30348907495707,2026-08-30T09:33:10+00:00,2875.0,344,181,85,11.348,2.3999999999999773,31
fit:11ba0ac28d468bdc19c88c55a8774bab8f7f966b006f61c6fd30348907495707,2026-08-30T09:33:11+00:00,2876.0,353,181,86,11.411,2.3999999999999773,31
fit:11ba0ac28d468bdc19c88c55a8774bab8f7f966b006f61c6fd30348907495707,2026-08-30T09:33:12+00:00,2877.0,347,181,87,11.53,2.3999999999999773,31
fit:11ba0ac28d468bdc19c88c55a8774bab8f7f966b006f61c6fd30348907495707,2026-08-30T09:33:13+00:00,2878.0,421,180,87,11.655,3.3999999999999773,31
fit:11ba0ac28d468bdc19c88c55a8774bab8f7f966b006f61c6fd30348907495707,2026-08-30T09:33:14+00:00,2879.0,288,180,90,11.841,3.3999999999999773,31
fit:11ba0ac28d468bdc19c88c55a8774bab8f7f966b006f61c6fd30348907495707,2026-08-30T09:33:15+00:00,2880.0,288,180,90,11.939,3.3999999999999773,31
fit:11ba0ac28d468bdc19c88c55a8774bab8f7f966b006f61c6fd30348907495707,2026-08-30T09:33:16+00:00,2881.0,168,180,90,11.97,2.8000000000000114,31
fit:11ba0ac28d468bdc19c88c55a8774bab8f7f966b006f61c6fd30348907495707,2026-08-30T09:33:17+00:00,2882.0,165,180,89,11.904,2.8000000000000114,31
fit:11ba0ac28d468bdc19c88c55a8774bab8f7f966b006f61c6fd30348907495707,2026-08-30T09:33:18+00:00,2883.0,92,179,88,11.868,2.8000000000000114,31
fit:11ba0ac28d468bdc19c88c55a8774bab8f7f966b006f61c6fd30348907495707,2026-08-30T09:33:19+00:00,2884.0,12,179,87,11.767,3.8000000000000114,31
fit:11ba0ac28d468bdc19c88c55a8774bab8f7f966b006f61c6fd30348907495707,2026-08-30T09:33:20+00:00,2885.0,31,179,75,11.641,3.8000000000000114,31
fit:11ba0ac28d468bdc19c88c55a8774bab8f7f966b006f61c6fd30348907495707,2026-08-30T09:33:21+00:00,2886.0,31,179,66,11.471,3.8000000000000114,31
fit:11ba0ac28d468bdc19c88c55a8774bab8f7f966b006f61c6fd30348907495707,2026-08-30T09:33:22+00:00,2887.0,124,178,84,11.286,3.8000000000000114,31
fit:11ba0ac28d468bdc19c88c55a8774bab8f7f966b006f61c6fd30348907495707,2026-08-30T09:33:23+00:00,2888.0,100,178,84,11.199,3.8000000000000114,31
fit:11ba0ac28d468bdc19c88c55a8774bab8f7f966b006f61c6fd30348907495707,2026-08-30T09:33:24+00:00,2889.0,102,178,83,11.211,3.8000000000000114,31
fit:11ba0ac28d468bdc19c88c55a8774bab8f7f966b006f61c6fd30348907495707,2026-08-30T09:33:25+00:00,2890.0,111,178,83,11.137,3.8000000000000114,31
fit:11ba0ac28d468bdc19c88c55a8774bab8f7f966b006f61c6fd30348907495707,2026-08-30T09:33:26+00:00,2891.0,111,178,83,11.056,3.8000000000000114,31
fit:11ba0ac28d468bdc19c88c55a8774bab8f7f966b006f61c6fd30348907495707,2026-08-30T09:33:27+00:00,2892.0,77,178,82,10.974,4.800000000000011,31
fit:11ba0ac28d468bdc19c88c55a8774bab8f7f966b006f61c6fd30348907495707,2026-08-30T09:33:28+00:00,2893.0,118,178,82,10.955,4.800000000000011,31
fit:11ba0ac28d468bdc19c88c55a8774bab8f7f966b006f61c6fd30348907495707,2026-08-30T09:33:29+00:00,2894.0,343,177,81,10.972,4.800000000000011,31
fit:11ba0ac28d468bdc19c88c55a8774bab8f7f966b006f61c6fd30348907495707,2026-08-30T09:33:30+00:00,2895.0,378,177,81,10.914,4.0,31
fit:11ba0ac28d468bdc19c88c55a8774bab8f7f966b006f61c6fd30348907495707,2026-08-30T09:33:31+00:00,2896.0,263,176,84,10.99,4.0,31
fit:11ba0ac28d468bdc19c88c55a8774bab8f7f966b006f61c6fd30348907495707,2026-08-30T09:33:32+00:00,2897.0,326,176,85,11.055,4.0,31
fit:11ba0ac28d468bdc19c88c55a8774bab8f7f966b006f61c6fd30348907495707,2026-08-30T09:33:33+00:00,2898.0,206,176,85,11.148,4.199999999999989,31
fit:11ba0ac28d468bdc19c88c55a8774bab8f7f966b006f61c6fd30348907495707,2026-08-30T09:33:34+00:00,2899.0,249,176,86,11.294,4.800000000000011,31
fit:11ba0ac28d468bdc19c88c55a8774bab8f7f966b006f61c6fd30348907495707,2026-08-30T09:33:35+00:00,2900.0,249,175,86,11.448,4.800000000000011,31
fit:11ba0ac28d468bdc19c88c55a8774bab8f7f966b006f61c6fd30348907495707,2026-08-30T09:33:36+00:00,2901.0,132,175,86,11.511,4.800000000000011,31
fit:11ba0ac28d468bdc19c88c55a8774bab8f7f966b006f61c6fd30348907495707,2026-08-30T09:33:37+00:00,2902.0,169,174,86,11.56,3.8000000000000114,31
fit:11ba0ac28d468bdc19c88c55a8774bab8f7f966b006f61c6fd30348907495707,2026-08-30T09:33:38+00:00,2903.0,227,174,87,11.524,3.6000000000000227,31
fit:11ba0ac28d468bdc19c88c55a8774bab8f7f966b006f61c6fd30348907495707,2026-08-30T09:33:39+00:00,2904.0,298,174,88,11.51,3.3999999999999773,31
fit:11ba0ac28d468bdc19c88c55a8774bab8f7f966b006f61c6fd30348907495707,2026-08-30T09:33:40+00:00,2905.0,298,174,88,11.632,3.3999999999999773,31
fit:11ba0ac28d468bdc19c88c55a8774bab8f7f966b006f61c6fd30348907495707,2026-08-30T09:33:41+00:00,2906.0,298,174,76,11.708,3.3999999999999773,31
fit:11ba0ac28d468bdc19c88c55a8774bab8f7f966b006f61c6fd30348907495707,2026-08-30T09:33:42+00:00,2907.0,298,174,76,11.581,3.3999999999999773,31
fit:11ba0ac28d468bdc19c88c55a8774bab8f7f966b006f61c6fd30348907495707,2026-08-30T09:33:43+00:00,2908.0,203,174,76,11.423,3.3999999999999773,31
fit:11ba0ac28d468bdc19c88c55a8774bab8f7f966b006f61c6fd30348907495707,2026-08-30T09:33:44+00:00,2909.0,290,173,84,11.329,3.1999999999999886,31
fit:11ba0ac28d468bdc19c88c55a8774bab8f7f966b006f61c6fd30348907495707,2026-08-30T09:33:45+00:00,2910.0,227,172,85,11.272,3.1999999999999886,31
fit:11ba0ac28d468bdc19c88c55a8774bab8f7f966b006f61c6fd30348907495707,2026-08-30T09:33:46+00:00,2911.0,350,172,86,11.32,3.1999999999999886,31
fit:11ba0ac28d468bdc19c88c55a8774bab8f7f966b006f61c6fd30348907495707,2026-08-30T09:33:47+00:00,2912.0,552,171,89,11.403,4.199999999999989,31
fit:11ba0ac28d468bdc19c88c55a8774bab8f7f966b006f61c6fd30348907495707,2026-08-30T09:33:48+00:00,2913.0,595,171,94,11.669,4.199999999999989,31
fit:11ba0ac28d468bdc19c88c55a8774bab8f7f966b006f61c6fd30348907495707,2026-08-30T09:33:49+00:00,2914.0,452,171,95,11.993,4.199999999999989,32
fit:11ba0ac28d468bdc19c88c55a8774bab8f7f966b006f61c6fd30348907495707,2026-08-30T09:33:50+00:00,2915.0,375,171,96,12.282,3.1999999999999886,32
fit:11ba0ac28d468bdc19c88c55a8774bab8f7f966b006f61c6fd30348907495707,2026-08-30T09:33:51+00:00,2916.0,375,171,98,12.698,3.0,32
fit:11ba0ac28d468bdc19c88c55a8774bab8f7f966b006f61c6fd30348907495707,2026-08-30T09:33:52+00:00,2917.0,541,171,100,12.93,3.0,32
fit:11ba0ac28d468bdc19c88c55a8774bab8f7f966b006f61c6fd30348907495707,2026-08-30T09:33:53+00:00,2918.0,585,171,102,13.191,3.0,32
fit:11ba0ac28d468bdc19c88c55a8774bab8f7f966b006f61c6fd30348907495707,2026-08-30T09:33:54+00:00,2919.0,585,172,104,13.598,3.3999999999999773,32
fit:11ba0ac28d468bdc19c88c55a8774bab8f7f966b006f61c6fd30348907495707,2026-08-30T09:33:55+00:00,2920.0,547,172,106,13.819,3.3999999999999773,32
fit:11ba0ac28d468bdc19c88c55a8774bab8f7f966b006f61c6fd30348907495707,2026-08-30T09:33:56+00:00,2921.0,602,173,108,14.043,3.3999999999999773,32
fit:11ba0ac28d468bdc19c88c55a8774bab8f7f966b006f61c6fd30348907495707,2026-08-30T09:33:57+00:00,2922.0,574,174,110,14.296,3.3999999999999773,32
fit:11ba0ac28d468bdc19c88c55a8774bab8f7f966b006f61c6fd30348907495707,2026-08-30T09:33:58+00:00,2923.0,361,175,111,14.398,3.3999999999999773,32
fit:11ba0ac28d468bdc19c88c55a8774bab8f7f966b006f61c6fd30348907495707,2026-08-30T09:33:59+00:00,2924.0,327,177,111,14.674,3.3999999999999773,32
fit:11ba0ac28d468bdc19c88c55a8774bab8f7f966b006f61c6fd30348907495707,2026-08-30T09:34:00+00:00,2925.0,85,178,111,14.777,3.3999999999999773,32
fit:11ba0ac28d468bdc19c88c55a8774bab8f7f966b006f61c6fd30348907495707,2026-08-30T09:34:01+00:00,2926.0,397,179,103,14.621,3.3999999999999773,32
fit:11ba0ac28d468bdc19c88c55a8774bab8f7f966b006f61c6fd30348907495707,2026-08-30T09:34:02+00:00,2927.0,102,179,94,14.698,3.3999999999999773,32
fit:11ba0ac28d468bdc19c88c55a8774bab8f7f966b006f61c6fd30348907495707,2026-08-30T09:34:03+00:00,2928.0,102,180,94,14.571,3.3999999999999773,32
fit:11ba0ac28d468bdc19c88c55a8774bab8f7f966b006f61c6fd30348907495707,2026-08-30T09:34:04+00:00,2929.0,102,181,63,14.455,3.3999999999999773,32
fit:11ba0ac28d468bdc19c88c55a8774bab8f7f966b006f61c6fd30348907495707,2026-08-30T09:34:05+00:00,2930.0,16,182,63,14.131,3.3999999999999773,32
fit:11ba0ac28d468bdc19c88c55a8774bab8f7f966b006f61c6fd30348907495707,2026-08-30T09:34:06+00:00,2931.0,172,182,95,13.85,3.3999999999999773,32
fit:11ba0ac28d468bdc19c88c55a8774bab8f7f966b006f61c6fd30348907495707,2026-08-30T09:34:07+00:00,2932.0,148,182,92,13.67,2.6000000000000227,32
fit:11ba0ac28d468bdc19c88c55a8774bab8f7f966b006f61c6fd30348907495707,2026-08-30T09:34:08+00:00,2933.0,141,183,91,13.34,1.6000000000000227,32
fit:11ba0ac28d468bdc19c88c55a8774bab8f7f966b006f61c6fd30348907495707,2026-08-30T09:34:09+00:00,2934.0,142,183,91,13.162,0.6000000000000227,32
fit:11ba0ac28d468bdc19c88c55a8774bab8f7f966b006f61c6fd30348907495707,2026-08-30T09:34:10+00:00,2935.0,232,183,31,12.892,0.6000000000000227,32
fit:11ba0ac28d468bdc19c88c55a8774bab8f7f966b006f61c6fd30348907495707,2026-08-30T09:34:11+00:00,2936.0,232,183,87,12.747,0.6000000000000227,32
fit:11ba0ac28d468bdc19c88c55a8774bab8f7f966b006f61c6fd30348907495707,2026-08-30T09:34:12+00:00,2937.0,133,183,85,12.544,1.6000000000000227,32
fit:11ba0ac28d468bdc19c88c55a8774bab8f7f966b006f61c6fd30348907495707,2026-08-30T09:34:13+00:00,2938.0,12,183,84,12.374,2.3999999999999773,32
fit:11ba0ac28d468bdc19c88c55a8774bab8f7f966b006f61c6fd30348907495707,2026-08-30T09:34:14+00:00,2939.0,192,183,89,12.038,2.8000000000000114,32
fit:11ba0ac28d468bdc19c88c55a8774bab8f7f966b006f61c6fd30348907495707,2026-08-30T09:34:15+00:00,2940.0,228,183,88,11.853,3.1999999999999886,32
fit:11ba0ac28d468bdc19c88c55a8774bab8f7f966b006f61c6fd30348907495707,2026-08-30T09:34:16+00:00,2941.0,227,183,88,11.8,3.6000000000000227,32
fit:11ba0ac28d468bdc19c88c55a8774bab8f7f966b006f61c6fd30348907495707,2026-08-30T09:34:17+00:00,2942.0,460,182,88,11.655,3.6000000000000227,32
fit:11ba0ac28d468bdc19c88c55a8774bab8f7f966b006f61c6fd30348907495707,2026-08-30T09:34:18+00:00,2943.0,338,182,89,11.699,3.6000000000000227,32
fit:11ba0ac28d468bdc19c88c55a8774bab8f7f966b006f61c6fd30348907495707,2026-08-30T09:34:19+00:00,2944.0,343,182,89,11.723,2.6000000000000227,32
fit:11ba0ac28d468bdc19c88c55a8774bab8f7f966b006f61c6fd30348907495707,2026-08-30T09:34:20+00:00,2945.0,387,181,89,11.869,2.6000000000000227,32
fit:11ba0ac28d468bdc19c88c55a8774bab8f7f966b006f61c6fd30348907495707,2026-08-30T09:34:21+00:00,2946.0,387,182,92,11.934,2.6000000000000227,32
fit:11ba0ac28d468bdc19c88c55a8774bab8f7f966b006f61c6fd30348907495707,2026-08-30T09:34:22+00:00,2947.0,130,182,92,12.079,3.6000000000000227,32
fit:11ba0ac28d468bdc19c88c55a8774bab8f7f966b006f61c6fd30348907495707,2026-08-30T09:34:23+00:00,2948.0,121,182,79,12.121,4.600000000000023,32
fit:11ba0ac28d468bdc19c88c55a8774bab8f7f966b006f61c6fd30348907495707,2026-08-30T09:34:24+00:00,2949.0,88,182,91,12.115,4.600000000000023,32
fit:11ba0ac28d468bdc19c88c55a8774bab8f7f966b006f61c6fd30348907495707,2026-08-30T09:34:25+00:00,2950.0,92,182,90,12.065,4.600000000000023,32
fit:11ba0ac28d468bdc19c88c55a8774bab8f7f966b006f61c6fd30348907495707,2026-08-30T09:34:26+00:00,2951.0,92,181,89,12.001,3.6000000000000227,32
fit:11ba0ac28d468bdc19c88c55a8774bab8f7f966b006f61c6fd30348907495707,2026-08-30T09:34:27+00:00,2952.0,312,181,89,11.915,3.3999999999999773,32
fit:11ba0ac28d468bdc19c88c55a8774bab8f7f966b006f61c6fd30348907495707,2026-08-30T09:34:28+00:00,2953.0,531,181,91,11.959,3.3999999999999773,32
fit:11ba0ac28d468bdc19c88c55a8774bab8f7f966b006f61c6fd30348907495707,2026-08-30T09:34:29+00:00,2954.0,934,181,91,11.9,3.3999999999999773,32
fit:11ba0ac28d468bdc19c88c55a8774bab8f7f966b006f61c6fd30348907495707,2026-08-30T09:34:30+00:00,2955.0,880,182,95,12.226,3.3999999999999773,32
fit:11ba0ac28d468bdc19c88c55a8774bab8f7f966b006f61c6fd30348907495707,2026-08-30T09:34:31+00:00,2956.0,881,182,101,12.926,3.1999999999999886,32
fit:11ba0ac28d468bdc19c88c55a8774bab8f7f966b006f61c6fd30348907495707,2026-08-30T09:34:32+00:00,2957.0,94,182,45,13.17,3.1999999999999886,32
fit:11ba0ac28d468bdc19c88c55a8774bab8f7f966b006f61c6fd30348907495707,2026-08-30T09:34:33+00:00,2958.0,679,182,99,13.304,3.1999999999999886,32
fit:11ba0ac28d468bdc19c88c55a8774bab8f7f966b006f61c6fd30348907495707,2026-08-30T09:34:34+00:00,2959.0,702,182,101,13.204,3.1999999999999886,32
fit:11ba0ac28d468bdc19c88c55a8774bab8f7f966b006f61c6fd30348907495707,2026-08-30T09:34:35+00:00,2960.0,239,182,102,13.498,3.1999999999999886,32
fit:11ba0ac28d468bdc19c88c55a8774bab8f7f966b006f61c6fd30348907495707,2026-08-30T09:34:36+00:00,2961.0,14,182,74,13.63,3.1999999999999886,32
fit:11ba0ac28d468bdc19c88c55a8774bab8f7f966b006f61c6fd30348907495707,2026-08-30T09:34:37+00:00,2962.0,14,184,74,13.499,3.1999999999999886,32
fit:11ba0ac28d468bdc19c88c55a8774bab8f7f966b006f61c6fd30348907495707,2026-08-30T09:34:38+00:00,2963.0,14,184,74,13.313,4.199999999999989,32
fit:11ba0ac28d468bdc19c88c55a8774bab8f7f966b006f61c6fd30348907495707,2026-08-30T09:34:39+00:00,2964.0,0,184,73,13.117,4.800000000000011,32
fit:11ba0ac28d468bdc19c88c55a8774bab8f7f966b006f61c6fd30348907495707,2026-08-30T09:34:40+00:00,2965.0,0,185,0,12.705,4.800000000000011,32
fit:11ba0ac28d468bdc19c88c55a8774bab8f7f966b006f61c6fd30348907495707,2026-08-30T09:34:41+00:00,2966.0,15,185,0,12.347,4.800000000000011,32
fit:11ba0ac28d468bdc19c88c55a8774bab8f7f966b006f61c6fd30348907495707,2026-08-30T09:34:42+00:00,2967.0,79,186,82,12.065,3.8000000000000114,32
fit:11ba0ac28d468bdc19c88c55a8774bab8f7f966b006f61c6fd30348907495707,2026-08-30T09:34:43+00:00,2968.0,242,186,81,11.824,3.3999999999999773,32
fit:11ba0ac28d468bdc19c88c55a8774bab8f7f966b006f61c6fd30348907495707,2026-08-30T09:34:44+00:00,2969.0,261,184,81,11.694,3.3999999999999773,32
fit:11ba0ac28d468bdc19c88c55a8774bab8f7f966b006f61c6fd30348907495707,2026-08-30T09:34:45+00:00,2970.0,156,186,81,11.697,3.3999999999999773,32
fit:11ba0ac28d468bdc19c88c55a8774bab8f7f966b006f61c6fd30348907495707,2026-08-30T09:34:46+00:00,2971.0,156,187,81,11.724,3.3999999999999773,32
fit:11ba0ac28d468bdc19c88c55a8774bab8f7f966b006f61c6fd30348907495707,2026-08-30T09:34:47+00:00,2972.0,308,186,81,11.669,4.0,32
fit:11ba0ac28d468bdc19c88c55a8774bab8f7f966b006f61c6fd30348907495707,2026-08-30T09:34:48+00:00,2973.0,374,186,82,11.666,4.0,32
fit:11ba0ac28d468bdc19c88c55a8774bab8f7f966b006f61c6fd30348907495707,2026-08-30T09:34:49+00:00,2974.0,570,186,82,11.758,4.0,32
fit:11ba0ac28d468bdc19c88c55a8774bab8f7f966b006f61c6fd30348907495707,2026-08-30T09:34:50+00:00,2975.0,723,186,84,11.941,3.6000000000000227,32
fit:11ba0ac28d468bdc19c88c55a8774bab8f7f966b006f61c6fd30348907495707,2026-08-30T09:34:51+00:00,2976.0,611,186,89,12.228,3.1999999999999886,32
fit:11ba0ac28d468bdc19c88c55a8774bab8f7f966b006f61c6fd30348907495707,2026-08-30T09:34:52+00:00,2977.0,585,186,92,12.68,3.1999999999999886,32
fit:11ba0ac28d468bdc19c88c55a8774bab8f7f966b006f61c6fd30348907495707,2026-08-30T09:34:53+00:00,2978.0,471,186,93,13.121,3.1999999999999886,32
fit:11ba0ac28d468bdc19c88c55a8774bab8f7f966b006f61c6fd30348907495707,2026-08-30T09:34:54+00:00,2979.0,460,186,95,13.379,4.199999999999989,32
fit:11ba0ac28d468bdc19c88c55a8774bab8f7f966b006f61c6fd30348907495707,2026-08-30T09:34:55+00:00,2980.0,634,186,96,13.593,4.199999999999989,32
fit:11ba0ac28d468bdc19c88c55a8774bab8f7f966b006f61c6fd30348907495707,2026-08-30T09:34:56+00:00,2981.0,618,186,98,13.672,4.199999999999989,32
fit:11ba0ac28d468bdc19c88c55a8774bab8f7f966b006f61c6fd30348907495707,2026-08-30T09:34:57+00:00,2982.0,528,186,100,13.951,4.199999999999989,32
fit:11ba0ac28d468bdc19c88c55a8774bab8f7f966b006f61c6fd30348907495707,2026-08-30T09:34:58+00:00,2983.0,550,186,101,14.26,4.199999999999989,32
fit:11ba0ac28d468bdc19c88c55a8774bab8f7f966b006f61c6fd30348907495707,2026-08-30T09:34:59+00:00,2984.0,177,187,102,14.365,4.199999999999989,32
fit:11ba0ac28d468bdc19c88c55a8774bab8f7f966b006f61c6fd30348907495707,2026-08-30T09:35:00+00:00,2985.0,128,187,101,14.431,4.199999999999989,32
fit:11ba0ac28d468bdc19c88c55a8774bab8f7f966b006f61c6fd30348907495707,2026-08-30T09:35:01+00:00,2986.0,128,188,100,14.365,4.199999999999989,32
fit:11ba0ac28d468bdc19c88c55a8774bab8f7f966b006f61c6fd30348907495707,2026-08-30T09:35:02+00:00,2987.0,76,188,97,14.233,4.199999999999989,32
fit:11ba0ac28d468bdc19c88c55a8774bab8f7f966b006f61c6fd30348907495707,2026-08-30T09:35:03+00:00,2988.0,76,188,97,14.122,4.600000000000023,32
fit:11ba0ac28d468bdc19c88c55a8774bab8f7f966b006f61c6fd30348907495707,2026-08-30T09:35:04+00:00,2989.0,76,188,97,13.95,4.600000000000023,32
fit:11ba0ac28d468bdc19c88c55a8774bab8f7f966b006f61c6fd30348907495707,2026-08-30T09:35:05+00:00,2990.0,76,189,97,13.819,4.600000000000023,32
fit:11ba0ac28d468bdc19c88c55a8774bab8f7f966b006f61c6fd30348907495707,2026-08-30T09:35:06+00:00,2991.0,92,189,97,13.639,4.600000000000023,32
fit:11ba0ac28d468bdc19c88c55a8774bab8f7f966b006f61c6fd30348907495707,2026-08-30T09:35:07+00:00,2992.0,92,189,91,13.515,5.199999999999989,32
fit:11ba0ac28d468bdc19c88c55a8774bab8f7f966b006f61c6fd30348907495707,2026-08-30T09:35:08+00:00,2993.0,92,190,91,13.347,6.199999999999989,32
fit:11ba0ac28d468bdc19c88c55a8774bab8f7f966b006f61c6fd30348907495707,2026-08-30T09:35:09+00:00,2994.0,92,190,91,13.118,6.199999999999989,32
fit:11ba0ac28d468bdc19c88c55a8774bab8f7f966b006f61c6fd30348907495707,2026-08-30T09:35:10+00:00,2995.0,0,190,0,12.859,6.199999999999989,32
fit:11ba0ac28d468bdc19c88c55a8774bab8f7f966b006f61c6fd30348907495707,2026-08-30T09:35:11+00:00,2996.0,0,190,0,12.575,5.199999999999989,32
fit:11ba0ac28d468bdc19c88c55a8774bab8f7f966b006f61c6fd30348907495707,2026-08-30T09:35:12+00:00,2997.0,0,190,0,12.376,5.199999999999989,32
fit:11ba0ac28d468bdc19c88c55a8774bab8f7f966b006f61c6fd30348907495707,2026-08-30T09:35:13+00:00,2998.0,0,189,0,11.959,5.199999999999989,32
fit:11ba0ac28d468bdc19c88c55a8774bab8f7f966b006f61c6fd30348907495707,2026-08-30T09:35:14+00:00,2999.0,0,189,61,11.443,5.199999999999989,32
fit:11ba0ac28d468bdc19c88c55a8774bab8f7f966b006f61c6fd30348907495707,2026-08-30T09:35:15+00:00,3000.0,0,189,58,11.037,5.199999999999989,32
fit:11ba0ac28d468bdc19c88c55a8774bab8f7f966b006f61c6fd30348907495707,2026-08-30T09:35:16+00:00,3001.0,29,188,55,10.462,4.199999999999989,32
fit:11ba0ac28d468bdc19c88c55a8774bab8f7f966b006f61c6fd30348907495707,2026-08-30T09:35:17+00:00,3002.0,352,187,76,9.843,4.199999999999989,32
fit:11ba0ac28d468bdc19c88c55a8774bab8f7f966b006f61c6fd30348907495707,2026-08-30T09:35:18+00:00,3003.0,399,187,79,10.038,4.199999999999989,32
fit:11ba0ac28d468bdc19c88c55a8774bab8f7f966b006f61c6fd30348907495707,2026-08-30T09:35:19+00:00,3004.0,619,187,81,10.318,4.800000000000011,32
fit:11ba0ac28d468bdc19c88c55a8774bab8f7f966b006f61c6fd30348907495707,2026-08-30T09:35:20+00:00,3005.0,500,186,84,10.717,4.800000000000011,32
fit:11ba0ac28d468bdc19c88c55a8774bab8f7f966b006f61c6fd30348907495707,2026-08-30T09:35:21+00:00,3006.0,485,186,88,11.152,4.800000000000011,32
fit:11ba0ac28d468bdc19c88c55a8774bab8f7f966b006f61c6fd30348907495707,2026-08-30T09:35:22+00:00,3007.0,90,186,89,11.459,4.800000000000011,32
fit:11ba0ac28d468bdc19c88c55a8774bab8f7f966b006f61c6fd30348907495707,2026-08-30T09:35:23+00:00,3008.0,90,186,89,11.691,4.800000000000011,32
fit:11ba0ac28d468bdc19c88c55a8774bab8f7f966b006f61c6fd30348907495707,2026-08-30T09:35:24+00:00,3009.0,90,186,89,11.786,4.800000000000011,32
fit:11ba0ac28d468bdc19c88c55a8774bab8f7f966b006f61c6fd30348907495707,2026-08-30T09:35:25+00:00,3010.0,90,186,89,11.558,3.8000000000000114,32
fit:11ba0ac28d468bdc19c88c55a8774bab8f7f966b006f61c6fd30348907495707,2026-08-30T09:35:26+00:00,3011.0,88,186,89,11.06,3.6000000000000227,32
fit:11ba0ac28d468bdc19c88c55a8774bab8f7f966b006f61c6fd30348907495707,2026-08-30T09:35:27+00:00,3012.0,24,186,76,10.757,3.6000000000000227,32
fit:11ba0ac28d468bdc19c88c55a8774bab8f7f966b006f61c6fd30348907495707,2026-08-30T09:35:28+00:00,3013.0,42,185,60,10.611,3.6000000000000227,32
fit:11ba0ac28d468bdc19c88c55a8774bab8f7f966b006f61c6fd30348907495707,2026-08-30T09:35:29+00:00,3014.0,159,185,79,10.689,3.6000000000000227,32
fit:11ba0ac28d468bdc19c88c55a8774bab8f7f966b006f61c6fd30348907495707,2026-08-30T09:35:30+00:00,3015.0,159,184,79,10.738,4.199999999999989,32
fit:11ba0ac28d468bdc19c88c55a8774bab8f7f966b006f61c6fd30348907495707,2026-08-30T09:35:31+00:00,3016.0,492,183,37,10.502,4.199999999999989,32
fit:11ba0ac28d468bdc19c88c55a8774bab8f7f966b006f61c6fd30348907495707,2026-08-30T09:35:32+00:00,3017.0,647,182,80,10.583,4.199999999999989,32
fit:11ba0ac28d468bdc19c88c55a8774bab8f7f966b006f61c6fd30348907495707,2026-08-30T09:35:33+00:00,3018.0,839,182,85,10.872,3.1999999999999886,32
fit:11ba0ac28d468bdc19c88c55a8774bab8f7f966b006f61c6fd30348907495707,2026-08-30T09:35:34+00:00,3019.0,781,182,89,11.164,2.3999999999999773,32
fit:11ba0ac28d468bdc19c88c55a8774bab8f7f966b006f61c6fd30348907495707,2026-08-30T09:35:35+00:00,3020.0,686,181,92,11.776,2.3999999999999773,32
fit:11ba0ac28d468bdc19c88c55a8774bab8f7f966b006f61c6fd30348907495707,2026-08-30T09:35:36+00:00,3021.0,578,181,96,12.26,2.3999999999999773,32
fit:11ba0ac28d468bdc19c88c55a8774bab8f7f966b006f61c6fd30348907495707,2026-08-30T09:35:37+00:00,3022.0,683,181,97,12.508,3.3999999999999773,32
fit:11ba0ac28d468bdc19c88c55a8774bab8f7f966b006f61c6fd30348907495707,2026-08-30T09:35:38+00:00,3023.0,629,181,101,12.789,3.3999999999999773,32
fit:11ba0ac28d468bdc19c88c55a8774bab8f7f966b006f61c6fd30348907495707,2026-08-30T09:35:39+00:00,3024.0,523,181,102,13.368,3.3999999999999773,32
fit:11ba0ac28d468bdc19c88c55a8774bab8f7f966b006f61c6fd30348907495707,2026-08-30T09:35:40+00:00,3025.0,109,182,59,13.396,3.3999999999999773,32
fit:11ba0ac28d468bdc19c88c55a8774bab8f7f966b006f61c6fd30348907495707,2026-08-30T09:35:41+00:00,3026.0,289,183,59,13.579,3.3999999999999773,32
fit:11ba0ac28d468bdc19c88c55a8774bab8f7f966b006f61c6fd30348907495707,2026-08-30T09:35:42+00:00,3027.0,289,183,100,13.61,3.3999999999999773,32
fit:11ba0ac28d468bdc19c88c55a8774bab8f7f966b006f61c6fd30348907495707,2026-08-30T09:35:43+00:00,3028.0,269,184,94,13.583,3.3999999999999773,32
fit:11ba0ac28d468bdc19c88c55a8774bab8f7f966b006f61c6fd30348907495707,2026-08-30T09:35:44+00:00,3029.0,191,184,94,13.502,3.3999999999999773,32
fit:11ba0ac28d468bdc19c88c55a8774bab8f7f966b006f61c6fd30348907495707,2026-08-30T09:35:45+00:00,3030.0,249,184,93,13.459,3.3999999999999773,32
fit:11ba0ac28d468bdc19c88c55a8774bab8f7f966b006f61c6fd30348907495707,2026-08-30T09:35:46+00:00,3031.0,250,185,93,13.384,3.3999999999999773,32
fit:11ba0ac28d468bdc19c88c55a8774bab8f7f966b006f61c6fd30348907495707,2026-08-30T09:35:47+00:00,3032.0,503,185,94,13.296,3.3999999999999773,32
fit:11ba0ac28d468bdc19c88c55a8774bab8f7f966b006f61c6fd30348907495707,2026-08-30T09:35:48+00:00,3033.0,379,186,95,13.37,3.3999999999999773,32
fit:11ba0ac28d468bdc19c88c55a8774bab8f7f966b006f61c6fd30348907495707,2026-08-30T09:35:49+00:00,3034.0,510,186,96,13.646,3.3999999999999773,32
fit:11ba0ac28d468bdc19c88c55a8774bab8f7f966b006f61c6fd30348907495707,2026-08-30T09:35:50+00:00,3035.0,510,187,96,13.769,3.3999999999999773,32
fit:11ba0ac28d468bdc19c88c55a8774bab8f7f966b006f61c6fd30348907495707,2026-08-30T09:35:51+00:00,3036.0,460,188,98,13.815,4.399999999999977,32
fit:11ba0ac28d468bdc19c88c55a8774bab8f7f966b006f61c6fd30348907495707,2026-08-30T09:35:52+00:00,3037.0,253,188,99,14.013,5.399999999999977,32
fit:11ba0ac28d468bdc19c88c55a8774bab8f7f966b006f61c6fd30348907495707,2026-08-30T09:35:53+00:00,3038.0,367,189,99,14.134,5.800000000000011,32
fit:11ba0ac28d468bdc19c88c55a8774bab8f7f966b006f61c6fd30348907495707,2026-08-30T09:35:54+00:00,3039.0,298,189,99,14.104,6.0,32
fit:11ba0ac28d468bdc19c88c55a8774bab8f7f966b006f61c6fd30348907495707,2026-08-30T09:35:55+00:00,3040.0,373,189,99,14.155,6.199999999999989,32
fit:11ba0ac28d468bdc19c88c55a8774bab8f7f966b006f61c6fd30348907495707,2026-08-30T09:35:56+00:00,3041.0,373,190,99,14.278,6.199999999999989,32
fit:11ba0ac28d468bdc19c88c55a8774bab8f7f966b006f61c6fd30348907495707,2026-08-30T09:35:57+00:00,3042.0,248,191,99,14.195,6.199999999999989,32
fit:11ba0ac28d468bdc19c88c55a8774bab8f7f966b006f61c6fd30348907495707,2026-08-30T09:35:58+00:00,3043.0,27,191,89,14.123,6.199999999999989,32
fit:11ba0ac28d468bdc19c88c55a8774bab8f7f966b006f61c6fd30348907495707,2026-08-30T09:35:59+00:00,3044.0,27,191,89,14.016,6.199999999999989,32
fit:11ba0ac28d468bdc19c88c55a8774bab8f7f966b006f61c6fd30348907495707,2026-08-30T09:36:00+00:00,3045.0,27,191,89,13.728,6.199999999999989,32
fit:11ba0ac28d468bdc19c88c55a8774bab8f7f966b006f61c6fd30348907495707,2026-08-30T09:36:01+00:00,3046.0,27,192,89,13.533,6.199999999999989,32
fit:11ba0ac28d468bdc19c88c55a8774bab8f7f966b006f61c6fd30348907495707,2026-08-30T09:36:02+00:00,3047.0,25,192,89,13.25,5.199999999999989,32
fit:11ba0ac28d468bdc19c88c55a8774bab8f7f966b006f61c6fd30348907495707,2026-08-30T09:36:03+00:00,3048.0,23,192,84,12.94,4.199999999999989,32
fit:11ba0ac28d468bdc19c88c55a8774bab8f7f966b006f61c6fd30348907495707,2026-08-30T09:36:04+00:00,3049.0,167,192,87,12.761,3.1999999999999886,32
fit:11ba0ac28d468bdc19c88c55a8774bab8f7f966b006f61c6fd30348907495707,2026-08-30T09:36:05+00:00,3050.0,167,193,87,12.632,3.1999999999999886,32
fit:11ba0ac28d468bdc19c88c55a8774bab8f7f966b006f61c6fd30348907495707,2026-08-30T09:36:06+00:00,3051.0,235,192,87,12.57,3.1999999999999886,32
fit:11ba0ac28d468bdc19c88c55a8774bab8f7f966b006f61c6fd30348907495707,2026-08-30T09:36:07+00:00,3052.0,267,192,88,12.612,4.199999999999989,32
fit:11ba0ac28d468bdc19c88c55a8774bab8f7f966b006f61c6fd30348907495707,2026-08-30T09:36:08+00:00,3053.0,429,192,90,12.573,4.800000000000011,32
fit:11ba0ac28d468bdc19c88c55a8774bab8f7f966b006f61c6fd30348907495707,2026-08-30T09:36:09+00:00,3054.0,384,192,91,12.744,4.800000000000011,32
fit:11ba0ac28d468bdc19c88c55a8774bab8f7f966b006f61c6fd30348907495707,2026-08-30T09:36:10+00:00,3055.0,348,192,92,12.873,5.800000000000011,32
fit:11ba0ac28d468bdc19c88c55a8774bab8f7f966b006f61c6fd30348907495707,2026-08-30T09:36:11+00:00,3056.0,364,192,92,13.114,6.0,32
fit:11ba0ac28d468bdc19c88c55a8774bab8f7f966b006f61c6fd30348907495707,2026-08-30T09:36:12+00:00,3057.0,364,192,94,13.357,6.800000000000011,32
fit:11ba0ac28d468bdc19c88c55a8774bab8f7f966b006f61c6fd30348907495707,2026-08-30T09:36:13+00:00,3058.0,60,192,48,13.359,6.800000000000011,32
fit:11ba0ac28d468bdc19c88c55a8774bab8f7f966b006f61c6fd30348907495707,2026-08-30T09:36:14+00:00,3059.0,60,192,48,13.336,6.800000000000011,32
fit:11ba0ac28d468bdc19c88c55a8774bab8f7f966b006f61c6fd30348907495707,2026-08-30T09:36:15+00:00,3060.0,60,191,48,12.985,5.800000000000011,32
fit:11ba0ac28d468bdc19c88c55a8774bab8f7f966b006f61c6fd30348907495707,2026-08-30T09:36:16+00:00,3061.0,60,191,48,12.637,4.800000000000011,32
fit:11ba0ac28d468bdc19c88c55a8774bab8f7f966b006f61c6fd30348907495707,2026-08-30T09:36:17+00:00,3062.0,60,191,48,12.105,4.800000000000011,32
fit:11ba0ac28d468bdc19c88c55a8774bab8f7f966b006f61c6fd30348907495707,2026-08-30T09:36:18+00:00,3063.0,0,191,0,11.423,4.800000000000011,32
fit:11ba0ac28d468bdc19c88c55a8774bab8f7f966b006f61c6fd30348907495707,2026-08-30T09:36:19+00:00,3064.0,0,190,0,10.824,4.800000000000011,32
fit:11ba0ac28d468bdc19c88c55a8774bab8f7f966b006f61c6fd30348907495707,2026-08-30T09:36:20+00:00,3065.0,113,190,0,10.002,4.800000000000011,32
fit:11ba0ac28d468bdc19c88c55a8774bab8f7f966b006f61c6fd30348907495707,2026-08-30T09:36:21+00:00,3066.0,0,190,77,9.733,5.800000000000011,32
fit:11ba0ac28d468bdc19c88c55a8774bab8f7f966b006f61c6fd30348907495707,2026-08-30T09:36:22+00:00,3067.0,715,189,84,9.807,5.800000000000011,32
fit:11ba0ac28d468bdc19c88c55a8774bab8f7f966b006f61c6fd30348907495707,2026-08-30T09:36:23+00:00,3068.0,922,189,92,10.226,5.800000000000011,32
fit:11ba0ac28d468bdc19c88c55a8774bab8f7f966b006f61c6fd30348907495707,2026-08-30T09:36:24+00:00,3069.0,740,189,95,10.815,4.800000000000011,32
fit:11ba0ac28d468bdc19c88c55a8774bab8f7f966b006f61c6fd30348907495707,2026-08-30T09:36:25+00:00,3070.0,839,189,98,11.313,4.600000000000023,32
fit:11ba0ac28d468bdc19c88c55a8774bab8f7f966b006f61c6fd30348907495707,2026-08-30T09:36:26+00:00,3071.0,682,189,99,11.837,4.600000000000023,32
fit:11ba0ac28d468bdc19c88c55a8774bab8f7f966b006f61c6fd30348907495707,2026-08-30T09:36:27+00:00,3072.0,658,189,105,12.2,4.600000000000023,32
fit:11ba0ac28d468bdc19c88c55a8774bab8f7f966b006f61c6fd30348907495707,2026-08-30T09:36:28+00:00,3073.0,593,189,100,12.701,4.600000000000023,32
fit:11ba0ac28d468bdc19c88c55a8774bab8f7f966b006f61c6fd30348907495707,2026-08-30T09:36:29+00:00,3074.0,645,190,78,12.916,4.600000000000023,32
fit:11ba0ac28d468bdc19c88c55a8774bab8f7f966b006f61c6fd30348907495707,2026-08-30T09:36:30+00:00,3075.0,620,190,108,12.987,3.6000000000000227,32
fit:11ba0ac28d468bdc19c88c55a8774bab8f7f966b006f61c6fd30348907495707,2026-08-30T09:36:31+00:00,3076.0,524,191,108,13.1,3.6000000000000227,32
fit:11ba0ac28d468bdc19c88c55a8774bab8f7f966b006f61c6fd30348907495707,2026-08-30T09:36:32+00:00,3077.0,644,191,103,13.329,3.6000000000000227,32
fit:11ba0ac28d468bdc19c88c55a8774bab8f7f966b006f61c6fd30348907495707,2026-08-30T09:36:33+00:00,3078.0,653,192,105,13.586,4.600000000000023,32
fit:11ba0ac28d468bdc19c88c55a8774bab8f7f966b006f61c6fd30348907495707,2026-08-30T09:36:34+00:00,3079.0,663,192,107,13.833,4.600000000000023,32
fit:11ba0ac28d468bdc19c88c55a8774bab8f7f966b006f61c6fd30348907495707,2026-08-30T09:36:35+00:00,3080.0,594,192,108,13.985,4.600000000000023,32
fit:11ba0ac28d468bdc19c88c55a8774bab8f7f966b006f61c6fd30348907495707,2026-08-30T09:36:36+00:00,3081.0,655,193,108,14.27,4.399999999999977,32
fit:11ba0ac28d468bdc19c88c55a8774bab8f7f966b006f61c6fd30348907495707,2026-08-30T09:36:37+00:00,3082.0,656,193,110,14.351,3.3999999999999773,32
fit:11ba0ac28d468bdc19c88c55a8774bab8f7f966b006f61c6fd30348907495707,2026-08-30T09:36:38+00:00,3083.0,395,194,111,14.527,3.1999999999999886,32
fit:11ba0ac28d468bdc19c88c55a8774bab8f7f966b006f61c6fd30348907495707,2026-08-30T09:36:39+00:00,3084.0,452,194,111,14.688,2.6000000000000227,32
fit:11ba0ac28d468bdc19c88c55a8774bab8f7f966b006f61c6fd30348907495707,2026-08-30T09:36:40+00:00,3085.0,294,195,110,14.756,1.6000000000000227,32
fit:11ba0ac28d468bdc19c88c55a8774bab8f7f966b006f61c6fd30348907495707,2026-08-30T09:36:41+00:00,3086.0,92,195,110,14.538,1.6000000000000227,32
fit:11ba0ac28d468bdc19c88c55a8774bab8f7f966b006f61c6fd30348907495707,2026-08-30T09:36:42+00:00,3087.0,92,195,99,14.447,1.6000000000000227,32
fit:11ba0ac28d468bdc19c88c55a8774bab8f7f966b006f61c6fd30348907495707,2026-08-30T09:36:43+00:00,3088.0,135,195,106,14.35,2.6000000000000227,32
fit:11ba0ac28d468bdc19c88c55a8774bab8f7f966b006f61c6fd30348907495707,2026-08-30T09:36:44+00:00,3089.0,16,195,90,14.248,3.6000000000000227,32
fit:11ba0ac28d468bdc19c88c55a8774bab8f7f966b006f61c6fd30348907495707,2026-08-30T09:36:45+00:00,3090.0,44,195,90,14.155,3.8000000000000114,32
fit:11ba0ac28d468bdc19c88c55a8774bab8f7f966b006f61c6fd30348907495707,2026-08-30T09:36:46+00:00,3091.0,158,194,103,13.773,4.399999999999977,32
fit:11ba0ac28d468bdc19c88c55a8774bab8f7f966b006f61c6fd30348907495707,2026-08-30T09:36:47+00:00,3092.0,109,194,101,13.682,4.399999999999977,32
fit:11ba0ac28d468bdc19c88c55a8774bab8f7f966b006f61c6fd30348907495707,2026-08-30T09:36:48+00:00,3093.0,166,196,100,13.602,4.399999999999977,32
fit:11ba0ac28d468bdc19c88c55a8774bab8f7f966b006f61c6fd30348907495707,2026-08-30T09:36:49+00:00,3094.0,151,196,99,13.511,4.399999999999977,32
fit:11ba0ac28d468bdc19c88c55a8774bab8f7f966b006f61c6fd30348907495707,2026-08-30T09:36:50+00:00,3095.0,113,197,98,13.377,5.399999999999977,32
fit:11ba0ac28d468bdc19c88c55a8774bab8f7f966b006f61c6fd30348907495707,2026-08-30T09:36:51+00:00,3096.0,96,197,98,13.183,5.800000000000011,32
fit:11ba0ac28d468bdc19c88c55a8774bab8f7f966b006f61c6fd30348907495707,2026-08-30T09:36:52+00:00,3097.0,201,197,97,12.933,5.800000000000011,32
fit:11ba0ac28d468bdc19c88c55a8774bab8f7f966b006f61c6fd30348907495707,2026-08-30T09:36:53+00:00,3098.0,225,197,97,12.985,5.800000000000011,32
fit:11ba0ac28d468bdc19c88c55a8774bab8f7f966b006f61c6fd30348907495707,2026-08-30T09:36:54+00:00,3099.0,118,197,97,12.948,4.800000000000011,32
fit:11ba0ac28d468bdc19c88c55a8774bab8f7f966b006f61c6fd30348907495707,2026-08-30T09:36:55+00:00,3100.0,34,197,96,12.888,4.399999999999977,32
fit:11ba0ac28d468bdc19c88c55a8774bab8f7f966b006f61c6fd30348907495707,2026-08-30T09:36:56+00:00,3101.0,34,197,74,12.806,4.399999999999977,32
fit:11ba0ac28d468bdc19c88c55a8774bab8f7f966b006f61c6fd30348907495707,2026-08-30T09:36:57+00:00,3102.0,34,197,74,12.736,4.399999999999977,32
fit:11ba0ac28d468bdc19c88c55a8774bab8f7f966b006f61c6fd30348907495707,2026-08-30T09:36:58+00:00,3103.0,34,197,74,12.557,4.399999999999977,32
fit:11ba0ac28d468bdc19c88c55a8774bab8f7f966b006f61c6fd30348907495707,2026-08-30T09:36:59+00:00,3104.0,0,196,0,12.456,4.399999999999977,32
fit:11ba0ac28d468bdc19c88c55a8774bab8f7f966b006f61c6fd30348907495707,2026-08-30T09:37:00+00:00,3105.0,0,196,74,12.186,4.399999999999977,32
fit:11ba0ac28d468bdc19c88c55a8774bab8f7f966b006f61c6fd30348907495707,2026-08-30T09:37:01+00:00,3106.0,0,195,74,11.847,4.399999999999977,32
fit:11ba0ac28d468bdc19c88c55a8774bab8f7f966b006f61c6fd30348907495707,2026-08-30T09:37:02+00:00,3107.0,0,195,74,11.397,4.399999999999977,32
fit:11ba0ac28d468bdc19c88c55a8774bab8f7f966b006f61c6fd30348907495707,2026-08-30T09:37:03+00:00,3108.0,0,195,74,10.622,4.399999999999977,32
fit:11ba0ac28d468bdc19c88c55a8774bab8f7f966b006f61c6fd30348907495707,2026-08-30T09:37:04+00:00,3109.0,0,195,55,9.699,4.399999999999977,32
fit:11ba0ac28d468bdc19c88c55a8774bab8f7f966b006f61c6fd30348907495707,2026-08-30T09:37:05+00:00,3110.0,0,195,55,9.081,4.399999999999977,32
fit:11ba0ac28d468bdc19c88c55a8774bab8f7f966b006f61c6fd30348907495707,2026-08-30T09:37:06+00:00,3111.0,47,195,55,8.724,4.399999999999977,32
fit:11ba0ac28d468bdc19c88c55a8774bab8f7f966b006f61c6fd30348907495707,2026-08-30T09:37:07+00:00,3112.0,532,194,66,8.562,4.399999999999977,32
fit:11ba0ac28d468bdc19c88c55a8774bab8f7f966b006f61c6fd30348907495707,2026-08-30T09:37:08+00:00,3113.0,654,194,69,8.785,4.399999999999977,32
fit:11ba0ac28d468bdc19c88c55a8774bab8f7f966b006f61c6fd30348907495707,2026-08-30T09:37:09+00:00,3114.0,692,194,75,9.412,4.399999999999977,32
fit:11ba0ac28d468bdc19c88c55a8774bab8f7f966b006f61c6fd30348907495707,2026-08-30T09:37:10+00:00,3115.0,608,193,82,9.934,4.399999999999977,32
fit:11ba0ac28d468bdc19c88c55a8774bab8f7f966b006f61c6fd30348907495707,2026-08-30T09:37:11+00:00,3116.0,347,192,82,10.223,4.399999999999977,32
fit:11ba0ac28d468bdc19c88c55a8774bab8f7f966b006f61c6fd30348907495707,2026-08-30T09:37:12+00:00,3117.0,347,191,78,10.72,4.399999999999977,32
fit:11ba0ac28d468bdc19c88c55a8774bab8f7f966b006f61c6fd30348907495707,2026-08-30T09:37:13+00:00,3118.0,321,191,86,11.072,4.199999999999989,32
fit:11ba0ac28d468bdc19c88c55a8774bab8f7f966b006f61c6fd30348907495707,2026-08-30T09:37:14+00:00,3119.0,321,191,86,11.244,4.199999999999989,32
fit:11ba0ac28d468bdc19c88c55a8774bab8f7f966b006f61c6fd30348907495707,2026-08-30T09:37:15+00:00,3120.0,17,191,70,11.249,4.199999999999989,32
fit:11ba0ac28d468bdc19c88c55a8774bab8f7f966b006f61c6fd30348907495707,2026-08-30T09:37:16+00:00,3121.0,17,190,70,11.231,4.199999999999989,32
fit:11ba0ac28d468bdc19c88c55a8774bab8f7f966b006f61c6fd30348907495707,2026-08-30T09:37:17+00:00,3122.0,17,189,70,11.121,3.1999999999999886,32
fit:11ba0ac28d468bdc19c88c55a8774bab8f7f966b006f61c6fd30348907495707,2026-08-30T09:37:18+00:00,3123.0,17,189,70,11.022,3.1999999999999886,32
fit:11ba0ac28d468bdc19c88c55a8774bab8f7f966b006f61c6fd30348907495707,2026-08-30T09:37:19+00:00,3124.0,17,189,70,10.838,3.1999999999999886,32
fit:11ba0ac28d468bdc19c88c55a8774bab8f7f966b006f61c6fd30348907495707,2026-08-30T09:37:20+00:00,3125.0,16,189,69,10.734,4.199999999999989,32
fit:11ba0ac28d468bdc19c88c55a8774bab8f7f966b006f61c6fd30348907495707,2026-08-30T09:37:21+00:00,3126.0,14,188,65,10.402,4.600000000000023,32
fit:11ba0ac28d468bdc19c88c55a8774bab8f7f966b006f61c6fd30348907495707,2026-08-30T09:37:22+00:00,3127.0,0,188,0,10.097,4.600000000000023,32
fit:11ba0ac28d468bdc19c88c55a8774bab8f7f966b006f61c6fd30348907495707,2026-08-30T09:37:23+00:00,3128.0,192,188,70,9.66,4.600000000000023,32
fit:11ba0ac28d468bdc19c88c55a8774bab8f7f966b006f61c6fd30348907495707,2026-08-30T09:37:24+00:00,3129.0,284,185,71,9.424,3.6000000000000227,32
fit:11ba0ac28d468bdc19c88c55a8774bab8f7f966b006f61c6fd30348907495707,2026-08-30T09:37:25+00:00,3130.0,179,184,71,9.491,2.6000000000000227,32
fit:11ba0ac28d468bdc19c88c55a8774bab8f7f966b006f61c6fd30348907495707,2026-08-30T09:37:26+00:00,3131.0,65,186,72,9.563,1.6000000000000227,32
fit:11ba0ac28d468bdc19c88c55a8774bab8f7f966b006f61c6fd30348907495707,2026-08-30T09:37:27+00:00,3132.0,66,186,72,9.471,1.6000000000000227,32
fit:11ba0ac28d468bdc19c88c55a8774bab8f7f966b006f61c6fd30348907495707,2026-08-30T09:37:28+00:00,3133.0,98,185,82,9.577,1.6000000000000227,32
fit:11ba0ac28d468bdc19c88c55a8774bab8f7f966b006f61c6fd30348907495707,2026-08-30T09:37:29+00:00,3134.0,218,185,97,9.599,2.6000000000000227,32
fit:11ba0ac28d468bdc19c88c55a8774bab8f7f966b006f61c6fd30348907495707,2026-08-30T09:37:30+00:00,3135.0,166,185,97,9.489,2.6000000000000227,32
fit:11ba0ac28d468bdc19c88c55a8774bab8f7f966b006f61c6fd30348907495707,2026-08-30T09:37:31+00:00,3136.0,110,185,89,9.615,2.6000000000000227,32
fit:11ba0ac28d468bdc19c88c55a8774bab8f7f966b006f61c6fd30348907495707,2026-08-30T09:37:32+00:00,3137.0,160,184,88,9.609,2.6000000000000227,32
fit:11ba0ac28d468bdc19c88c55a8774bab8f7f966b006f61c6fd30348907495707,2026-08-30T09:37:33+00:00,3138.0,246,183,88,9.667,2.6000000000000227,32
fit:11ba0ac28d468bdc19c88c55a8774bab8f7f966b006f61c6fd30348907495707,2026-08-30T09:37:34+00:00,3139.0,274,183,88,9.625,2.6000000000000227,32
fit:11ba0ac28d468bdc19c88c55a8774bab8f7f966b006f61c6fd30348907495707,2026-08-30T09:37:35+00:00,3140.0,359,181,90,9.671,2.6000000000000227,32
fit:11ba0ac28d468bdc19c88c55a8774bab8f7f966b006f61c6fd30348907495707,2026-08-30T09:37:36+00:00,3141.0,485,181,90,9.729,3.6000000000000227,32
fit:11ba0ac28d468bdc19c88c55a8774bab8f7f966b006f61c6fd30348907495707,2026-08-30T09:37:37+00:00,3142.0,486,181,93,9.922,3.6000000000000227,32
fit:11ba0ac28d468bdc19c88c55a8774bab8f7f966b006f61c6fd30348907495707,2026-08-30T09:37:38+00:00,3143.0,486,181,93,10.147,3.6000000000000227,32
fit:11ba0ac28d468bdc19c88c55a8774bab8f7f966b006f61c6fd30348907495707,2026-08-30T09:37:39+00:00,3144.0,212,180,96,10.339,3.6000000000000227,32
fit:11ba0ac28d468bdc19c88c55a8774bab8f7f966b006f61c6fd30348907495707,2026-08-30T09:37:40+00:00,3145.0,150,180,95,10.319,3.6000000000000227,32
fit:11ba0ac28d468bdc19c88c55a8774bab8f7f966b006f61c6fd30348907495707,2026-08-30T09:37:41+00:00,3146.0,192,180,95,10.342,3.6000000000000227,32
fit:11ba0ac28d468bdc19c88c55a8774bab8f7f966b006f61c6fd30348907495707,2026-08-30T09:37:42+00:00,3147.0,312,179,84,10.341,3.3999999999999773,32
fit:11ba0ac28d468bdc19c88c55a8774bab8f7f966b006f61c6fd30348907495707,2026-08-30T09:37:43+00:00,3148.0,199,179,84,10.34,3.3999999999999773,32
fit:11ba0ac28d468bdc19c88c55a8774bab8f7f966b006f61c6fd30348907495707,2026-08-30T09:37:44+00:00,3149.0,289,179,85,10.439,3.3999999999999773,32
fit:11ba0ac28d468bdc19c88c55a8774bab8f7f966b006f61c6fd30348907495707,2026-08-30T09:37:45+00:00,3150.0,281,179,85,10.483,3.3999999999999773,32
fit:11ba0ac28d468bdc19c88c55a8774bab8f7f966b006f61c6fd30348907495707,2026-08-30T09:37:46+00:00,3151.0,329,179,86,10.496,3.3999999999999773,32
fit:11ba0ac28d468bdc19c88c55a8774bab8f7f966b006f61c6fd30348907495707,2026-08-30T09:37:47+00:00,3152.0,330,180,89,10.65,3.3999999999999773,32
fit:11ba0ac28d468bdc19c88c55a8774bab8f7f966b006f61c6fd30348907495707,2026-08-30T09:37:48+00:00,3153.0,804,180,92,10.879,3.3999999999999773,32
fit:11ba0ac28d468bdc19c88c55a8774bab8f7f966b006f61c6fd30348907495707,2026-08-30T09:37:49+00:00,3154.0,880,180,95,11.193,3.3999999999999773,32
fit:11ba0ac28d468bdc19c88c55a8774bab8f7f966b006f61c6fd30348907495707,2026-08-30T09:37:50+00:00,3155.0,970,180,100,11.536,4.0,32
fit:11ba0ac28d468bdc19c88c55a8774bab8f7f966b006f61c6fd30348907495707,2026-08-30T09:37:51+00:00,3156.0,898,180,103,12.224,4.199999999999989,32
fit:11ba0ac28d468bdc19c88c55a8774bab8f7f966b006f61c6fd30348907495707,2026-08-30T09:37:52+00:00,3157.0,791,180,107,12.544,4.199999999999989,32
fit:11ba0ac28d468bdc19c88c55a8774bab8f7f966b006f61c6fd30348907495707,2026-08-30T09:37:53+00:00,3158.0,791,180,110,13.254,4.199999999999989,32
fit:11ba0ac28d468bdc19c88c55a8774bab8f7f966b006f61c6fd30348907495707,2026-08-30T09:37:54+00:00,3159.0,683,181,68,13.503,4.199999999999989,32
fit:11ba0ac28d468bdc19c88c55a8774bab8f7f966b006f61c6fd30348907495707,2026-08-30T09:37:55+00:00,3160.0,640,181,112,13.7,4.199999999999989,32
fit:11ba0ac28d468bdc19c88c55a8774bab8f7f966b006f61c6fd30348907495707,2026-08-30T09:37:56+00:00,3161.0,437,183,113,13.901,3.8000000000000114,32
fit:11ba0ac28d468bdc19c88c55a8774bab8f7f966b006f61c6fd30348907495707,2026-08-30T09:37:57+00:00,3162.0,437,184,113,14.054,2.8000000000000114,32
fit:11ba0ac28d468bdc19c88c55a8774bab8f7f966b006f61c6fd30348907495707,2026-08-30T09:37:58+00:00,3163.0,378,185,111,14.023,2.8000000000000114,32
fit:11ba0ac28d468bdc19c88c55a8774bab8f7f966b006f61c6fd30348907495707,2026-08-30T09:37:59+00:00,3164.0,423,185,106,13.954,2.8000000000000114,32
fit:11ba0ac28d468bdc19c88c55a8774bab8f7f966b006f61c6fd30348907495707,2026-08-30T09:38:00+00:00,3165.0,419,187,106,14.081,2.8000000000000114,32
fit:11ba0ac28d468bdc19c88c55a8774bab8f7f966b006f61c6fd30348907495707,2026-08-30T09:38:01+00:00,3166.0,269,188,105,14.086,1.8000000000000114,32
fit:11ba0ac28d468bdc19c88c55a8774bab8f7f966b006f61c6fd30348907495707,2026-08-30T09:38:02+00:00,3167.0,246,189,104,14.067,1.8000000000000114,32
fit:11ba0ac28d468bdc19c88c55a8774bab8f7f966b006f61c6fd30348907495707,2026-08-30T09:38:03+00:00,3168.0,367,189,103,13.911,1.8000000000000114,32
fit:11ba0ac28d468bdc19c88c55a8774bab8f7f966b006f61c6fd30348907495707,2026-08-30T09:38:04+00:00,3169.0,388,190,102,13.721,2.8000000000000114,32
fit:11ba0ac28d468bdc19c88c55a8774bab8f7f966b006f61c6fd30348907495707,2026-08-30T09:38:05+00:00,3170.0,334,191,101,13.701,3.8000000000000114,32
fit:11ba0ac28d468bdc19c88c55a8774bab8f7f966b006f61c6fd30348907495707,2026-08-30T09:38:06+00:00,3171.0,287,192,101,13.405,3.8000000000000114,32
fit:11ba0ac28d468bdc19c88c55a8774bab8f7f966b006f61c6fd30348907495707,2026-08-30T09:38:07+00:00,3172.0,287,193,100,13.287,3.8000000000000114,32
fit:11ba0ac28d468bdc19c88c55a8774bab8f7f966b006f61c6fd30348907495707,2026-08-30T09:38:08+00:00,3173.0,257,193,99,13.24,3.0,32
fit:11ba0ac28d468bdc19c88c55a8774bab8f7f966b006f61c6fd30348907495707,2026-08-30T09:38:09+00:00,3174.0,110,193,97,13.147,3.0,32
fit:11ba0ac28d468bdc19c88c55a8774bab8f7f966b006f61c6fd30348907495707,2026-08-30T09:38:10+00:00,3175.0,58,194,42,13.1,3.0,32
fit:11ba0ac28d468bdc19c88c55a8774bab8f7f966b006f61c6fd30348907495707,2026-08-30T09:38:11+00:00,3176.0,368,194,97,12.981,3.3999999999999773,32
fit:11ba0ac28d468bdc19c88c55a8774bab8f7f966b006f61c6fd30348907495707,2026-08-30T09:38:12+00:00,3177.0,144,194,97,12.954,4.199999999999989,32
fit:11ba0ac28d468bdc19c88c55a8774bab8f7f966b006f61c6fd30348907495707,2026-08-30T09:38:13+00:00,3178.0,24,194,103,12.907,5.199999999999989,32
fit:11ba0ac28d468bdc19c88c55a8774bab8f7f966b006f61c6fd30348907495707,2026-08-30T09:38:14+00:00,3179.0,23,192,95,12.669,5.199999999999989,32
fit:11ba0ac28d468bdc19c88c55a8774bab8f7f966b006f61c6fd30348907495707,2026-08-30T09:38:15+00:00,3180.0,23,190,95,12.469,5.199999999999989,32
fit:11ba0ac28d468bdc19c88c55a8774bab8f7f966b006f61c6fd30348907495707,2026-08-30T09:38:16+00:00,3181.0,0,190,95,12.176,5.199999999999989,32
fit:11ba0ac28d468bdc19c88c55a8774bab8f7f966b006f61c6fd30348907495707,2026-08-30T09:38:17+00:00,3182.0,0,191,0,11.524,6.199999999999989,32
fit:11ba0ac28d468bdc19c88c55a8774bab8f7f966b006f61c6fd30348907495707,2026-08-30T09:38:18+00:00,3183.0,7,193,0,10.527,6.199999999999989,32
fit:11ba0ac28d468bdc19c88c55a8774bab8f7f966b006f61c6fd30348907495707,2026-08-30T09:38:19+00:00,3184.0,69,193,73,9.787,6.199999999999989,32
fit:11ba0ac28d468bdc19c88c55a8774bab8f7f966b006f61c6fd30348907495707,2026-08-30T09:38:20+00:00,3185.0,709,194,75,9.525,6.199999999999989,32
fit:11ba0ac28d468bdc19c88c55a8774bab8f7f966b006f61c6fd30348907495707,2026-08-30T09:38:21+00:00,3186.0,812,195,78,9.366,6.199999999999989,32
fit:11ba0ac28d468bdc19c88c55a8774bab8f7f966b006f61c6fd30348907495707,2026-08-30T09:38:22+00:00,3187.0,765,195,81,9.448,6.199999999999989,32
fit:11ba0ac28d468bdc19c88c55a8774bab8f7f966b006f61c6fd30348907495707,2026-08-30T09:38:23+00:00,3188.0,773,195,88,9.99,6.199999999999989,32
fit:11ba0ac28d468bdc19c88c55a8774bab8f7f966b006f61c6fd30348907495707,2026-08-30T09:38:24+00:00,3189.0,703,195,95,10.715,7.199999999999989,32
fit:11ba0ac28d468bdc19c88c55a8774bab8f7f966b006f61c6fd30348907495707,2026-08-30T09:38:25+00:00,3190.0,693,195,104,10.811,7.800000000000011,32
fit:11ba0ac28d468bdc19c88c55a8774bab8f7f966b006f61c6fd30348907495707,2026-08-30T09:38:26+00:00,3191.0,251,195,104,10.969,7.800000000000011,32
fit:11ba0ac28d468bdc19c88c55a8774bab8f7f966b006f61c6fd30348907495707,2026-08-30T09:38:27+00:00,3192.0,616,195,86,10.854,7.800000000000011,32
fit:11ba0ac28d468bdc19c88c55a8774bab8f7f966b006f61c6fd30348907495707,2026-08-30T09:38:28+00:00,3193.0,458,195,86,10.908,7.600000000000023,32
fit:11ba0ac28d468bdc19c88c55a8774bab8f7f966b006f61c6fd30348907495707,2026-08-30T09:38:29+00:00,3194.0,348,195,86,10.733,7.0,32
fit:11ba0ac28d468bdc19c88c55a8774bab8f7f966b006f61c6fd30348907495707,2026-08-30T09:38:30+00:00,3195.0,315,196,94,10.668,7.0,32
fit:11ba0ac28d468bdc19c88c55a8774bab8f7f966b006f61c6fd30348907495707,2026-08-30T09:38:31+00:00,3196.0,429,196,93,10.611,7.0,32
fit:11ba0ac28d468bdc19c88c55a8774bab8f7f966b006f61c6fd30348907495707,2026-08-30T09:38:32+00:00,3197.0,467,196,93,10.491,8.0,32
fit:11ba0ac28d468bdc19c88c55a8774bab8f7f966b006f61c6fd30348907495707,2026-08-30T09:38:33+00:00,3198.0,435,196,92,10.283,9.0,32
fit:11ba0ac28d468bdc19c88c55a8774bab8f7f966b006f61c6fd30348907495707,2026-08-30T09:38:34+00:00,3199.0,266,196,91,10.144,10.0,32
fit:11ba0ac28d468bdc19c88c55a8774bab8f7f966b006f61c6fd30348907495707,2026-08-30T09:38:35+00:00,3200.0,424,196,88,9.877,11.0,32
fit:11ba0ac28d468bdc19c88c55a8774bab8f7f966b006f61c6fd30348907495707,2026-08-30T09:38:36+00:00,3201.0,571,197,89,9.774,11.0,32
fit:11ba0ac28d468bdc19c88c55a8774bab8f7f966b006f61c6fd30348907495707,2026-08-30T09:38:37+00:00,3202.0,284,197,93,9.871,11.0,32
fit:11ba0ac28d468bdc19c88c55a8774bab8f7f966b006f61c6fd30348907495707,2026-08-30T09:38:38+00:00,3203.0,284,197,94,9.982,10.800000000000011,32
fit:11ba0ac28d468bdc19c88c55a8774bab8f7f966b006f61c6fd30348907495707,2026-08-30T09:38:39+00:00,3204.0,441,198,94,10.111,10.199999999999989,32
fit:11ba0ac28d468bdc19c88c55a8774bab8f7f966b006f61c6fd30348907495707,2026-08-30T09:38:40+00:00,3205.0,398,198,98,10.204,10.199999999999989,32
fit:11ba0ac28d468bdc19c88c55a8774bab8f7f966b006f61c6fd30348907495707,2026-08-30T09:38:41+00:00,3206.0,214,198,98,10.49,10.199999999999989,32
fit:11ba0ac28d468bdc19c88c55a8774bab8f7f966b006f61c6fd30348907495707,2026-08-30T09:38:42+00:00,3207.0,254,198,95,10.643,11.0,32
fit:11ba0ac28d468bdc19c88c55a8774bab8f7f966b006f61c6fd30348907495707,2026-08-30T09:38:43+00:00,3208.0,217,198,89,10.828,11.0,32
fit:11ba0ac28d468bdc19c88c55a8774bab8f7f966b006f61c6fd30348907495707,2026-08-30T09:38:44+00:00,3209.0,124,198,90,10.795,11.0,32
fit:11ba0ac28d468bdc19c88c55a8774bab8f7f966b006f61c6fd30348907495707,2026-08-30T09:38:45+00:00,3210.0,113,198,91,11.073,11.0,32
fit:11ba0ac28d468bdc19c88c55a8774bab8f7f966b006f61c6fd30348907495707,2026-08-30T09:38:46+00:00,3211.0,140,198,91,11.243,11.0,32
fit:11ba0ac28d468bdc19c88c55a8774bab8f7f966b006f61c6fd30348907495707,2026-08-30T09:38:47+00:00,3212.0,135,198,94,11.183,10.399999999999977,32
fit:11ba0ac28d468bdc19c88c55a8774bab8f7f966b006f61c6fd30348907495707,2026-08-30T09:38:48+00:00,3213.0,135,198,97,11.368,9.399999999999977,32
fit:11ba0ac28d468bdc19c88c55a8774bab8f7f966b006f61c6fd30348907495707,2026-08-30T09:38:49+00:00,3214.0,183,197,101,11.825,9.199999999999989,32
fit:11ba0ac28d468bdc19c88c55a8774bab8f7f966b006f61c6fd30348907495707,2026-08-30T09:38:50+00:00,3215.0,189,197,102,11.99,8.199999999999989,32
fit:11ba0ac28d468bdc19c88c55a8774bab8f7f966b006f61c6fd30348907495707,2026-08-30T09:38:51+00:00,3216.0,428,197,99,12.405,8.199999999999989,32
fit:11ba0ac28d468bdc19c88c55a8774bab8f7f966b006f61c6fd30348907495707,2026-08-30T09:38:52+00:00,3217.0,514,197,103,12.687,8.199999999999989,32
fit:11ba0ac28d468bdc19c88c55a8774bab8f7f966b006f61c6fd30348907495707,2026-08-30T09:38:53+00:00,3218.0,221,197,107,13.061,8.199999999999989,32
fit:11ba0ac28d468bdc19c88c55a8774bab8f7f966b006f61c6fd30348907495707,2026-08-30T09:38:54+00:00,3219.0,224,197,109,13.094,7.199999999999989,32
fit:11ba0ac28d468bdc19c88c55a8774bab8f7f966b006f61c6fd30348907495707,2026-08-30T09:38:55+00:00,3220.0,203,197,110,13.777,6.199999999999989,32
fit:11ba0ac28d468bdc19c88c55a8774bab8f7f966b006f61c6fd30348907495707,2026-08-30T09:38:56+00:00,3221.0,321,198,111,14.328,5.199999999999989,32
fit:11ba0ac28d468bdc19c88c55a8774bab8f7f966b006f61c6fd30348907495707,2026-08-30T09:38:57+00:00,3222.0,153,198,110,14.527,5.0,32
fit:11ba0ac28d468bdc19c88c55a8774bab8f7f966b006f61c6fd30348907495707,2026-08-30T09:38:58+00:00,3223.0,147,197,102,14.659,4.800000000000011,32
fit:11ba0ac28d468bdc19c88c55a8774bab8f7f966b006f61c6fd30348907495707,2026-08-30T09:38:59+00:00,3224.0,122,197,100,14.609,4.800000000000011,32
fit:11ba0ac28d468bdc19c88c55a8774bab8f7f966b006f61c6fd30348907495707,2026-08-30T09:39:00+00:00,3225.0,492,197,100,14.554,4.800000000000011,32
fit:11ba0ac28d468bdc19c88c55a8774bab8f7f966b006f61c6fd30348907495707,2026-08-30T09:39:01+00:00,3226.0,504,195,101,14.48,4.800000000000011,32
fit:11ba0ac28d468bdc19c88c55a8774bab8f7f966b006f61c6fd30348907495707,2026-08-30T09:39:02+00:00,3227.0,448,194,102,14.388,4.800000000000011,32
fit:11ba0ac28d468bdc19c88c55a8774bab8f7f966b006f61c6fd30348907495707,2026-08-30T09:39:03+00:00,3228.0,384,194,102,14.527,4.800000000000011,32
fit:11ba0ac28d468bdc19c88c55a8774bab8f7f966b006f61c6fd30348907495707,2026-08-30T09:39:04+00:00,3229.0,558,196,102,14.4,3.8000000000000114,32
fit:11ba0ac28d468bdc19c88c55a8774bab8f7f966b006f61c6fd30348907495707,2026-08-30T09:39:05+00:00,3230.0,399,196,103,14.505,3.8000000000000114,32
fit:11ba0ac28d468bdc19c88c55a8774bab8f7f966b006f61c6fd30348907495707,2026-08-30T09:39:06+00:00,3231.0,289,196,103,14.582,3.8000000000000114,32
fit:11ba0ac28d468bdc19c88c55a8774bab8f7f966b006f61c6fd30348907495707,2026-08-30T09:39:07+00:00,3232.0,193,196,103,14.626,4.800000000000011,32
fit:11ba0ac28d468bdc19c88c55a8774bab8f7f966b006f61c6fd30348907495707,2026-08-30T09:39:08+00:00,3233.0,73,196,99,14.625,4.800000000000011,32
fit:11ba0ac28d468bdc19c88c55a8774bab8f7f966b006f61c6fd30348907495707,2026-08-30T09:39:09+00:00,3234.0,98,196,98,14.588,5.0,32
fit:11ba0ac28d468bdc19c88c55a8774bab8f7f966b006f61c6fd30348907495707,2026-08-30T09:39:10+00:00,3235.0,13,196,72,14.433,5.399999999999977,32
fit:11ba0ac28d468bdc19c88c55a8774bab8f7f966b006f61c6fd30348907495707,2026-08-30T09:39:11+00:00,3236.0,13,196,72,14.156,6.399999999999977,32
fit:11ba0ac28d468bdc19c88c55a8774bab8f7f966b006f61c6fd30348907495707,2026-08-30T09:39:12+00:00,3237.0,13,196,57,13.968,6.399999999999977,32
fit:11ba0ac28d468bdc19c88c55a8774bab8f7f966b006f61c6fd30348907495707,2026-08-30T09:39:13+00:00,3238.0,13,196,57,13.631,6.399999999999977,32
fit:11ba0ac28d468bdc19c88c55a8774bab8f7f966b006f61c6fd30348907495707,2026-08-30T09:39:14+00:00,3239.0,75,195,91,13.408,6.199999999999989,32
fit:11ba0ac28d468bdc19c88c55a8774bab8f7f966b006f61c6fd30348907495707,2026-08-30T09:39:15+00:00,3240.0,79,193,90,13.21,6.199999999999989,32
fit:11ba0ac28d468bdc19c88c55a8774bab8f7f966b006f61c6fd30348907495707,2026-08-30T09:39:16+00:00,3241.0,161,192,90,13.023,6.199999999999989,32
fit:11ba0ac28d468bdc19c88c55a8774bab8f7f966b006f61c6fd30348907495707,2026-08-30T09:39:17+00:00,3242.0,161,192,89,12.876,6.199999999999989,32
fit:11ba0ac28d468bdc19c88c55a8774bab8f7f966b006f61c6fd30348907495707,2026-08-30T09:39:18+00:00,3243.0,25,190,80,12.794,6.0,32
fit:11ba0ac28d468bdc19c88c55a8774bab8f7f966b006f61c6fd30348907495707,2026-08-30T09:39:19+00:00,3244.0,101,189,85,12.663,6.0,32
fit:11ba0ac28d468bdc19c88c55a8774bab8f7f966b006f61c6fd30348907495707,2026-08-30T09:39:20+00:00,3245.0,400,192,85,12.389,6.0,32
fit:11ba0ac28d468bdc19c88c55a8774bab8f7f966b006f61c6fd30348907495707,2026-08-30T09:39:21+00:00,3246.0,307,192,85,12.245,6.0,32
fit:11ba0ac28d468bdc19c88c55a8774bab8f7f966b006f61c6fd30348907495707,2026-08-30T09:39:22+00:00,3247.0,307,192,85,12.274,6.0,32
fit:11ba0ac28d468bdc19c88c55a8774bab8f7f966b006f61c6fd30348907495707,2026-08-30T09:39:23+00:00,3248.0,308,191,86,12.392,6.0,32
fit:11ba0ac28d468bdc19c88c55a8774bab8f7f966b006f61c6fd30348907495707,2026-08-30T09:39:24+00:00,3249.0,357,191,87,12.489,7.0,32
fit:11ba0ac28d468bdc19c88c55a8774bab8f7f966b006f61c6fd30348907495707,2026-08-30T09:39:25+00:00,3250.0,268,188,88,12.553,7.0,32
fit:11ba0ac28d468bdc19c88c55a8774bab8f7f966b006f61c6fd30348907495707,2026-08-30T09:39:26+00:00,3251.0,203,188,88,12.617,7.0,32
fit:11ba0ac28d468bdc19c88c55a8774bab8f7f966b006f61c6fd30348907495707,2026-08-30T09:39:27+00:00,3252.0,525,189,88,12.617,6.0,32
fit:11ba0ac28d468bdc19c88c55a8774bab8f7f966b006f61c6fd30348907495707,2026-08-30T09:39:28+00:00,3253.0,440,189,90,12.682,5.199999999999989,32
fit:11ba0ac28d468bdc19c88c55a8774bab8f7f966b006f61c6fd30348907495707,2026-08-30T09:39:29+00:00,3254.0,432,189,92,12.816,5.199999999999989,32
fit:11ba0ac28d468bdc19c88c55a8774bab8f7f966b006f61c6fd30348907495707,2026-08-30T09:39:30+00:00,3255.0,381,189,93,13.104,5.199999999999989,32
fit:11ba0ac28d468bdc19c88c55a8774bab8f7f966b006f61c6fd30348907495707,2026-08-30T09:39:31+00:00,3256.0,252,189,94,13.263,6.199999999999989,32
fit:11ba0ac28d468bdc19c88c55a8774bab8f7f966b006f61c6fd30348907495707,2026-08-30T09:39:32+00:00,3257.0,253,188,94,13.377,7.199999999999989,32
fit:11ba0ac28d468bdc19c88c55a8774bab8f7f966b006f61c6fd30348907495707,2026-08-30T09:39:33+00:00,3258.0,70,188,83,13.339,8.199999999999989,32
fit:11ba0ac28d468bdc19c88c55a8774bab8f7f966b006f61c6fd30348907495707,2026-08-30T09:39:34+00:00,3259.0,67,188,83,13.313,8.199999999999989,31
fit:11ba0ac28d468bdc19c88c55a8774bab8f7f966b006f61c6fd30348907495707,2026-08-30T09:39:35+00:00,3260.0,67,188,83,13.151,8.199999999999989,31
fit:11ba0ac28d468bdc19c88c55a8774bab8f7f966b006f61c6fd30348907495707,2026-08-30T09:39:36+00:00,3261.0,67,188,83,12.822,7.199999999999989,31
fit:11ba0ac28d468bdc19c88c55a8774bab8f7f966b006f61c6fd30348907495707,2026-08-30T09:39:37+00:00,3262.0,466,187,83,12.502,6.199999999999989,31
fit:11ba0ac28d468bdc19c88c55a8774bab8f7f966b006f61c6fd30348907495707,2026-08-30T09:39:38+00:00,3263.0,466,185,92,12.265,5.800000000000011,31
fit:11ba0ac28d468bdc19c88c55a8774bab8f7f966b006f61c6fd30348907495707,2026-08-30T09:39:39+00:00,3264.0,325,185,93,12.262,5.800000000000011,31
fit:11ba0ac28d468bdc19c88c55a8774bab8f7f966b006f61c6fd30348907495707,2026-08-30T09:39:40+00:00,3265.0,106,185,80,12.321,5.800000000000011,31
fit:11ba0ac28d468bdc19c88c55a8774bab8f7f966b006f61c6fd30348907495707,2026-08-30T09:39:41+00:00,3266.0,63,187,91,12.391,6.800000000000011,31
fit:11ba0ac28d468bdc19c88c55a8774bab8f7f966b006f61c6fd30348907495707,2026-08-30T09:39:42+00:00,3267.0,13,187,73,12.159,7.199999999999989,31
fit:11ba0ac28d468bdc19c88c55a8774bab8f7f966b006f61c6fd30348907495707,2026-08-30T09:39:43+00:00,3268.0,13,187,73,11.931,7.199999999999989,31
fit:11ba0ac28d468bdc19c88c55a8774bab8f7f966b006f61c6fd30348907495707,2026-08-30T09:39:44+00:00,3269.0,13,187,73,11.816,7.199999999999989,31
fit:11ba0ac28d468bdc19c88c55a8774bab8f7f966b006f61c6fd30348907495707,2026-08-30T09:39:45+00:00,3270.0,0,186,73,11.93,7.199999999999989,31
fit:11ba0ac28d468bdc19c88c55a8774bab8f7f966b006f61c6fd30348907495707,2026-08-30T09:39:46+00:00,3271.0,0,186,0,11.863,7.199999999999989,31
fit:11ba0ac28d468bdc19c88c55a8774bab8f7f966b006f61c6fd30348907495707,2026-08-30T09:39:47+00:00,3272.0,363,186,0,11.705,7.199999999999989,31
fit:11ba0ac28d468bdc19c88c55a8774bab8f7f966b006f61c6fd30348907495707,2026-08-30T09:39:48+00:00,3273.0,442,183,89,11.819,7.199999999999989,31
fit:11ba0ac28d468bdc19c88c55a8774bab8f7f966b006f61c6fd30348907495707,2026-08-30T09:39:49+00:00,3274.0,140,185,90,12.045,7.199999999999989,31
fit:11ba0ac28d468bdc19c88c55a8774bab8f7f966b006f61c6fd30348907495707,2026-08-30T09:39:50+00:00,3275.0,140,185,90,12.019,7.199999999999989,31
fit:11ba0ac28d468bdc19c88c55a8774bab8f7f966b006f61c6fd30348907495707,2026-08-30T09:39:51+00:00,3276.0,68,185,90,12.164,7.199999999999989,31
fit:11ba0ac28d468bdc19c88c55a8774bab8f7f966b006f61c6fd30348907495707,2026-08-30T09:39:52+00:00,3277.0,68,184,65,12.065,7.199999999999989,31
fit:11ba0ac28d468bdc19c88c55a8774bab8f7f966b006f61c6fd30348907495707,2026-08-30T09:39:53+00:00,3278.0,68,184,65,12.107,8.199999999999989,31
fit:11ba0ac28d468bdc19c88c55a8774bab8f7f966b006f61c6fd30348907495707,2026-08-30T09:39:54+00:00,3279.0,68,184,65,11.955,8.199999999999989,31
fit:11ba0ac28d468bdc19c88c55a8774bab8f7f966b006f61c6fd30348907495707,2026-08-30T09:39:55+00:00,3280.0,19,181,0,11.791,8.199999999999989,31
fit:11ba0ac28d468bdc19c88c55a8774bab8f7f966b006f61c6fd30348907495707,2026-08-30T09:39:56+00:00,3281.0,203,181,88,11.807,7.199999999999989,31
fit:11ba0ac28d468bdc19c88c55a8774bab8f7f966b006f61c6fd30348907495707,2026-08-30T09:39:57+00:00,3282.0,203,179,88,11.735,7.199999999999989,31
fit:11ba0ac28d468bdc19c88c55a8774bab8f7f966b006f61c6fd30348907495707,2026-08-30T09:39:58+00:00,3283.0,18,179,68,11.552,7.199999999999989,31
fit:11ba0ac28d468bdc19c88c55a8774bab8f7f966b006f61c6fd30348907495707,2026-08-30T09:39:59+00:00,3284.0,36,178,31,11.53,7.199999999999989,31
fit:11ba0ac28d468bdc19c88c55a8774bab8f7f966b006f61c6fd30348907495707,2026-08-30T09:40:00+00:00,3285.0,36,178,31,11.469,7.199999999999989,31
fit:11ba0ac28d468bdc19c88c55a8774bab8f7f966b006f61c6fd30348907495707,2026-08-30T09:40:01+00:00,3286.0,36,177,31,11.487,7.199999999999989,31
fit:11ba0ac28d468bdc19c88c55a8774bab8f7f966b006f61c6fd30348907495707,2026-08-30T09:40:02+00:00,3287.0,135,176,85,11.43,7.199999999999989,31
fit:11ba0ac28d468bdc19c88c55a8774bab8f7f966b006f61c6fd30348907495707,2026-08-30T09:40:03+00:00,3288.0,183,176,85,11.28,6.199999999999989,31
fit:11ba0ac28d468bdc19c88c55a8774bab8f7f966b006f61c6fd30348907495707,2026-08-30T09:40:04+00:00,3289.0,183,175,85,10.811,6.199999999999989,31
fit:11ba0ac28d468bdc19c88c55a8774bab8f7f966b006f61c6fd30348907495707,2026-08-30T09:40:05+00:00,3290.0,183,175,85,10.394,6.199999999999989,31
fit:11ba0ac28d468bdc19c88c55a8774bab8f7f966b006f61c6fd30348907495707,2026-08-30T09:40:06+00:00,3291.0,183,174,0,9.955,7.199999999999989,31
fit:11ba0ac28d468bdc19c88c55a8774bab8f7f966b006f61c6fd30348907495707,2026-08-30T09:40:07+00:00,3292.0,210,173,73,9.376,8.199999999999989,31
fit:11ba0ac28d468bdc19c88c55a8774bab8f7f966b006f61c6fd30348907495707,2026-08-30T09:40:08+00:00,3293.0,582,172,74,9.038,9.199999999999989,31
fit:11ba0ac28d468bdc19c88c55a8774bab8f7f966b006f61c6fd30348907495707,2026-08-30T09:40:09+00:00,3294.0,545,171,80,8.614,9.199999999999989,31
fit:11ba0ac28d468bdc19c88c55a8774bab8f7f966b006f61c6fd30348907495707,2026-08-30T09:40:10+00:00,3295.0,516,170,82,9.082,9.199999999999989,31
fit:11ba0ac28d468bdc19c88c55a8774bab8f7f966b006f61c6fd30348907495707,2026-08-30T09:40:11+00:00,3296.0,470,170,85,9.814,8.199999999999989,31
fit:11ba0ac28d468bdc19c88c55a8774bab8f7f966b006f61c6fd30348907495707,2026-08-30T09:40:12+00:00,3297.0,496,170,85,10.202,8.0,31
fit:11ba0ac28d468bdc19c88c55a8774bab8f7f966b006f61c6fd30348907495707,2026-08-30T09:40:13+00:00,3298.0,494,170,90,10.408,8.0,31
fit:11ba0ac28d468bdc19c88c55a8774bab8f7f966b006f61c6fd30348907495707,2026-08-30T09:40:14+00:00,3299.0,46,170,88,10.877,8.0,31
fit:11ba0ac28d468bdc19c88c55a8774bab8f7f966b006f61c6fd30348907495707,2026-08-30T09:40:15+00:00,3300.0,45,170,88,11.295,8.600000000000023,31
fit:11ba0ac28d468bdc19c88c55a8774bab8f7f966b006f61c6fd30348907495707,2026-08-30T09:40:16+00:00,3301.0,368,170,89,11.562,9.199999999999989,31
fit:11ba0ac28d468bdc19c88c55a8774bab8f7f966b006f61c6fd30348907495707,2026-08-30T09:40:17+00:00,3302.0,138,171,92,11.877,9.199999999999989,31
fit:11ba0ac28d468bdc19c88c55a8774bab8f7f966b006f61c6fd30348907495707,2026-08-30T09:40:18+00:00,3303.0,122,172,93,12.163,9.199999999999989,31
fit:11ba0ac28d468bdc19c88c55a8774bab8f7f966b006f61c6fd30348907495707,2026-08-30T09:40:19+00:00,3304.0,121,172,94,12.278,8.199999999999989,31
fit:11ba0ac28d468bdc19c88c55a8774bab8f7f966b006f61c6fd30348907495707,2026-08-30T09:40:20+00:00,3305.0,127,172,94,12.427,8.0,31
fit:11ba0ac28d468bdc19c88c55a8774bab8f7f966b006f61c6fd30348907495707,2026-08-30T09:40:21+00:00,3306.0,196,173,95,12.469,8.0,31
fit:11ba0ac28d468bdc19c88c55a8774bab8f7f966b006f61c6fd30348907495707,2026-08-30T09:40:22+00:00,3307.0,277,173,95,12.485,8.0,31
fit:11ba0ac28d468bdc19c88c55a8774bab8f7f966b006f61c6fd30348907495707,2026-08-30T09:40:23+00:00,3308.0,229,173,97,12.588,8.0,31
fit:11ba0ac28d468bdc19c88c55a8774bab8f7f966b006f61c6fd30348907495707,2026-08-30T09:40:24+00:00,3309.0,154,173,97,12.749,8.0,31
fit:11ba0ac28d468bdc19c88c55a8774bab8f7f966b006f61c6fd30348907495707,2026-08-30T09:40:25+00:00,3310.0,174,174,97,12.913,7.0,31
fit:11ba0ac28d468bdc19c88c55a8774bab8f7f966b006f61c6fd30348907495707,2026-08-30T09:40:26+00:00,3311.0,121,174,96,12.848,6.399999999999977,31
fit:11ba0ac28d468bdc19c88c55a8774bab8f7f966b006f61c6fd30348907495707,2026-08-30T09:40:27+00:00,3312.0,122,174,96,12.905,6.399999999999977,31
fit:11ba0ac28d468bdc19c88c55a8774bab8f7f966b006f61c6fd30348907495707,2026-08-30T09:40:28+00:00,3313.0,15,174,94,12.767,6.399999999999977,31
fit:11ba0ac28d468bdc19c88c55a8774bab8f7f966b006f61c6fd30348907495707,2026-08-30T09:40:29+00:00,3314.0,15,174,94,12.649,6.399999999999977,31
fit:11ba0ac28d468bdc19c88c55a8774bab8f7f966b006f61c6fd30348907495707,2026-08-30T09:40:30+00:00,3315.0,24,174,29,12.453,6.399999999999977,31
fit:11ba0ac28d468bdc19c88c55a8774bab8f7f966b006f61c6fd30348907495707,2026-08-30T09:40:31+00:00,3316.0,221,174,29,12.188,6.399999999999977,31
fit:11ba0ac28d468bdc19c88c55a8774bab8f7f966b006f61c6fd30348907495707,2026-08-30T09:40:32+00:00,3317.0,178,174,90,12.194,5.800000000000011,31
fit:11ba0ac28d468bdc19c88c55a8774bab8f7f966b006f61c6fd30348907495707,2026-08-30T09:40:33+00:00,3318.0,90,174,90,12.109,5.199999999999989,31
fit:11ba0ac28d468bdc19c88c55a8774bab8f7f966b006f61c6fd30348907495707,2026-08-30T09:40:34+00:00,3319.0,262,173,90,12.048,5.199999999999989,31
fit:11ba0ac28d468bdc19c88c55a8774bab8f7f966b006f61c6fd30348907495707,2026-08-30T09:40:35+00:00,3320.0,349,173,91,12.022,5.199999999999989,31
fit:11ba0ac28d468bdc19c88c55a8774bab8f7f966b006f61c6fd30348907495707,2026-08-30T09:40:36+00:00,3321.0,219,172,93,12.182,5.600000000000023,31
fit:11ba0ac28d468bdc19c88c55a8774bab8f7f966b006f61c6fd30348907495707,2026-08-30T09:40:37+00:00,3322.0,336,172,93,12.354,6.399999999999977,31
fit:11ba0ac28d468bdc19c88c55a8774bab8f7f966b006f61c6fd30348907495707,2026-08-30T09:40:38+00:00,3323.0,151,172,93,12.354,6.399999999999977,31
fit:11ba0ac28d468bdc19c88c55a8774bab8f7f966b006f61c6fd30348907495707,2026-08-30T09:40:39+00:00,3324.0,170,172,93,12.302,6.399999999999977,31
fit:11ba0ac28d468bdc19c88c55a8774bab8f7f966b006f61c6fd30348907495707,2026-08-30T09:40:40+00:00,3325.0,152,172,92,12.205,6.399999999999977,31
fit:11ba0ac28d468bdc19c88c55a8774bab8f7f966b006f61c6fd30348907495707,2026-08-30T09:40:41+00:00,3326.0,109,171,91,12.176,6.399999999999977,31
fit:11ba0ac28d468bdc19c88c55a8774bab8f7f966b006f61c6fd30348907495707,2026-08-30T09:40:42+00:00,3327.0,195,171,91,12.093,6.399999999999977,31
fit:11ba0ac28d468bdc19c88c55a8774bab8f7f966b006f61c6fd30348907495707,2026-08-30T09:40:43+00:00,3328.0,327,171,91,12.038,6.399999999999977,31
fit:11ba0ac28d468bdc19c88c55a8774bab8f7f966b006f61c6fd30348907495707,2026-08-30T09:40:44+00:00,3329.0,369,170,92,11.867,6.399999999999977,31
fit:11ba0ac28d468bdc19c88c55a8774bab8f7f966b006f61c6fd30348907495707,2026-08-30T09:40:45+00:00,3330.0,138,170,92,12.122,6.399999999999977,31
fit:11ba0ac28d468bdc19c88c55a8774bab8f7f966b006f61c6fd30348907495707,2026-08-30T09:40:46+00:00,3331.0,139,169,91,12.111,6.399999999999977,31
fit:11ba0ac28d468bdc19c88c55a8774bab8f7f966b006f61c6fd30348907495707,2026-08-30T09:40:47+00:00,3332.0,106,169,91,12.039,6.399999999999977,31
fit:11ba0ac28d468bdc19c88c55a8774bab8f7f966b006f61c6fd30348907495707,2026-08-30T09:40:48+00:00,3333.0,159,170,90,12.109,6.399999999999977,31
fit:11ba0ac28d468bdc19c88c55a8774bab8f7f966b006f61c6fd30348907495707,2026-08-30T09:40:49+00:00,3334.0,92,170,90,12.108,6.399999999999977,31
fit:11ba0ac28d468bdc19c88c55a8774bab8f7f966b006f61c6fd30348907495707,2026-08-30T09:40:50+00:00,3335.0,109,170,90,12.091,6.399999999999977,31
fit:11ba0ac28d468bdc19c88c55a8774bab8f7f966b006f61c6fd30348907495707,2026-08-30T09:40:51+00:00,3336.0,132,170,90,12.108,6.399999999999977,31
fit:11ba0ac28d468bdc19c88c55a8774bab8f7f966b006f61c6fd30348907495707,2026-08-30T09:40:52+00:00,3337.0,157,170,90,12.052,7.399999999999977,31
fit:11ba0ac28d468bdc19c88c55a8774bab8f7f966b006f61c6fd30348907495707,2026-08-30T09:40:53+00:00,3338.0,158,170,89,12.061,7.399999999999977,31
fit:11ba0ac28d468bdc19c88c55a8774bab8f7f966b006f61c6fd30348907495707,2026-08-30T09:40:54+00:00,3339.0,44,170,88,11.988,7.399999999999977,31
fit:11ba0ac28d468bdc19c88c55a8774bab8f7f966b006f61c6fd30348907495707,2026-08-30T09:40:55+00:00,3340.0,45,170,54,11.908,6.399999999999977,31
fit:11ba0ac28d468bdc19c88c55a8774bab8f7f966b006f61c6fd30348907495707,2026-08-30T09:40:56+00:00,3341.0,46,169,54,11.745,6.399999999999977,31
fit:11ba0ac28d468bdc19c88c55a8774bab8f7f966b006f61c6fd30348907495707,2026-08-30T09:40:57+00:00,3342.0,24,169,54,11.71,6.399999999999977,31
fit:11ba0ac28d468bdc19c88c55a8774bab8f7f966b006f61c6fd30348907495707,2026-08-30T09:40:58+00:00,3343.0,94,169,85,11.559,6.399999999999977,31
fit:11ba0ac28d468bdc19c88c55a8774bab8f7f966b006f61c6fd30348907495707,2026-08-30T09:40:59+00:00,3344.0,325,169,86,11.373,6.399999999999977,31
fit:11ba0ac28d468bdc19c88c55a8774bab8f7f966b006f61c6fd30348907495707,2026-08-30T09:41:00+00:00,3345.0,227,167,86,11.423,6.399999999999977,31
fit:11ba0ac28d468bdc19c88c55a8774bab8f7f966b006f61c6fd30348907495707,2026-08-30T09:41:01+00:00,3346.0,186,167,87,11.381,6.399999999999977,31
fit:11ba0ac28d468bdc19c88c55a8774bab8f7f966b006f61c6fd30348907495707,2026-08-30T09:41:02+00:00,3347.0,187,167,87,11.495,6.399999999999977,31
fit:11ba0ac28d468bdc19c88c55a8774bab8f7f966b006f61c6fd30348907495707,2026-08-30T09:41:03+00:00,3348.0,68,166,80,11.505,6.399999999999977,31
fit:11ba0ac28d468bdc19c88c55a8774bab8f7f966b006f61c6fd30348907495707,2026-08-30T09:41:04+00:00,3349.0,85,165,85,11.575,6.399999999999977,31
fit:11ba0ac28d468bdc19c88c55a8774bab8f7f966b006f61c6fd30348907495707,2026-08-30T09:41:05+00:00,3350.0,209,164,85,11.451,5.800000000000011,31
fit:11ba0ac28d468bdc19c88c55a8774bab8f7f966b006f61c6fd30348907495707,2026-08-30T09:41:06+00:00,3351.0,237,164,86,11.378,5.800000000000011,31
fit:11ba0ac28d468bdc19c88c55a8774bab8f7f966b006f61c6fd30348907495707,2026-08-30T09:41:07+00:00,3352.0,280,163,86,11.463,5.800000000000011,31
fit:11ba0ac28d468bdc19c88c55a8774bab8f7f966b006f61c6fd30348907495707,2026-08-30T09:41:08+00:00,3353.0,268,162,87,11.458,5.800000000000011,31
fit:11ba0ac28d468bdc19c88c55a8774bab8f7f966b006f61c6fd30348907495707,2026-08-30T09:41:09+00:00,3354.0,370,161,89,11.488,5.800000000000011,31
fit:11ba0ac28d468bdc19c88c55a8774bab8f7f966b006f61c6fd30348907495707,2026-08-30T09:41:10+00:00,3355.0,205,161,88,11.678,4.800000000000011,31
fit:11ba0ac28d468bdc19c88c55a8774bab8f7f966b006f61c6fd30348907495707,2026-08-30T09:41:11+00:00,3356.0,205,162,88,11.746,4.600000000000023,31
fit:11ba0ac28d468bdc19c88c55a8774bab8f7f966b006f61c6fd30348907495707,2026-08-30T09:41:12+00:00,3357.0,205,162,88,11.838,4.600000000000023,31
fit:11ba0ac28d468bdc19c88c55a8774bab8f7f966b006f61c6fd30348907495707,2026-08-30T09:41:13+00:00,3358.0,8,162,88,11.558,4.600000000000023,31
fit:11ba0ac28d468bdc19c88c55a8774bab8f7f966b006f61c6fd30348907495707,2026-08-30T09:41:14+00:00,3359.0,130,162,82,11.251,5.600000000000023,31
fit:11ba0ac28d468bdc19c88c55a8774bab8f7f966b006f61c6fd30348907495707,2026-08-30T09:41:15+00:00,3360.0,139,162,81,11.049,6.0,31
fit:11ba0ac28d468bdc19c88c55a8774bab8f7f966b006f61c6fd30348907495707,2026-08-30T09:41:16+00:00,3361.0,139,163,81,10.929,6.199999999999989,31
fit:11ba0ac28d468bdc19c88c55a8774bab8f7f966b006f61c6fd30348907495707,2026-08-30T09:41:17+00:00,3362.0,139,163,81,10.857,6.199999999999989,31
fit:11ba0ac28d468bdc19c88c55a8774bab8f7f966b006f61c6fd30348907495707,2026-08-30T09:41:18+00:00,3363.0,12,163,81,10.686,6.199999999999989,31
fit:11ba0ac28d468bdc19c88c55a8774bab8f7f966b006f61c6fd30348907495707,2026-08-30T09:41:19+00:00,3364.0,220,163,80,10.599,5.800000000000011,31
fit:11ba0ac28d468bdc19c88c55a8774bab8f7f966b006f61c6fd30348907495707,2026-08-30T09:41:20+00:00,3365.0,215,163,81,10.57,5.800000000000011,31
fit:11ba0ac28d468bdc19c88c55a8774bab8f7f966b006f61c6fd30348907495707,2026-08-30T09:41:21+00:00,3366.0,153,162,81,10.681,5.800000000000011,31
fit:11ba0ac28d468bdc19c88c55a8774bab8f7f966b006f61c6fd30348907495707,2026-08-30T09:41:22+00:00,3367.0,170,162,81,10.723,5.800000000000011,31
fit:11ba0ac28d468bdc19c88c55a8774bab8f7f966b006f61c6fd30348907495707,2026-08-30T09:41:23+00:00,3368.0,185,162,82,10.872,5.800000000000011,31
fit:11ba0ac28d468bdc19c88c55a8774bab8f7f966b006f61c6fd30348907495707,2026-08-30T09:41:24+00:00,3369.0,86,162,82,10.929,5.800000000000011,31
fit:11ba0ac28d468bdc19c88c55a8774bab8f7f966b006f61c6fd30348907495707,2026-08-30T09:41:25+00:00,3370.0,251,161,82,10.897,5.800000000000011,31
fit:11ba0ac28d468bdc19c88c55a8774bab8f7f966b006f61c6fd30348907495707,2026-08-30T09:41:26+00:00,3371.0,363,161,83,10.986,5.600000000000023,31
fit:11ba0ac28d468bdc19c88c55a8774bab8f7f966b006f61c6fd30348907495707,2026-08-30T09:41:27+00:00,3372.0,195,161,85,11.072,5.399999999999977,31
fit:11ba0ac28d468bdc19c88c55a8774bab8f7f966b006f61c6fd30348907495707,2026-08-30T09:41:28+00:00,3373.0,84,160,86,11.242,5.399999999999977,31
fit:11ba0ac28d468bdc19c88c55a8774bab8f7f966b006f61c6fd30348907495707,2026-08-30T09:41:29+00:00,3374.0,84,160,85,11.361,5.399999999999977,31
fit:11ba0ac28d468bdc19c88c55a8774bab8f7f966b006f61c6fd30348907495707,2026-08-30T09:41:30+00:00,3375.0,84,160,85,11.415,5.399999999999977,31
fit:11ba0ac28d468bdc19c88c55a8774bab8f7f966b006f61c6fd30348907495707,2026-08-30T09:41:31+00:00,3376.0,84,160,85,11.31,5.399999999999977,31
fit:11ba0ac28d468bdc19c88c55a8774bab8f7f966b006f61c6fd30348907495707,2026-08-30T09:41:32+00:00,3377.0,0,160,0,11.1,5.0,31
fit:11ba0ac28d468bdc19c88c55a8774bab8f7f966b006f61c6fd30348907495707,2026-08-30T09:41:33+00:00,3378.0,0,159,0,11.078,5.0,31
fit:11ba0ac28d468bdc19c88c55a8774bab8f7f966b006f61c6fd30348907495707,2026-08-30T09:41:34+00:00,3379.0,236,159,83,11.021,5.0,31
fit:11ba0ac28d468bdc19c88c55a8774bab8f7f966b006f61c6fd30348907495707,2026-08-30T09:41:35+00:00,3380.0,236,159,83,11.114,5.199999999999989,31
fit:11ba0ac28d468bdc19c88c55a8774bab8f7f966b006f61c6fd30348907495707,2026-08-30T09:41:36+00:00,3381.0,236,159,83,11.196,5.199999999999989,31
fit:11ba0ac28d468bdc19c88c55a8774bab8f7f966b006f61c6fd30348907495707,2026-08-30T09:41:37+00:00,3382.0,228,159,84,11.26,5.199999999999989,31
fit:11ba0ac28d468bdc19c88c55a8774bab8f7f966b006f61c6fd30348907495707,2026-08-30T09:41:38+00:00,3383.0,228,159,84,11.076,4.800000000000011,31
fit:11ba0ac28d468bdc19c88c55a8774bab8f7f966b006f61c6fd30348907495707,2026-08-30T09:41:39+00:00,3384.0,16,159,81,11.036,4.600000000000023,31
fit:11ba0ac28d468bdc19c88c55a8774bab8f7f966b006f61c6fd30348907495707,2026-08-30T09:41:40+00:00,3385.0,132,159,82,10.997,4.600000000000023,31
fit:11ba0ac28d468bdc19c88c55a8774bab8f7f966b006f61c6fd30348907495707,2026-08-30T09:41:41+00:00,3386.0,195,160,82,10.988,4.600000000000023,31
fit:11ba0ac28d468bdc19c88c55a8774bab8f7f966b006f61c6fd30348907495707,2026-08-30T09:41:42+00:00,3387.0,201,160,83,10.929,5.600000000000023,31
fit:11ba0ac28d468bdc19c88c55a8774bab8f7f966b006f61c6fd30348907495707,2026-08-30T09:41:43+00:00,3388.0,201,160,83,11.014,5.800000000000011,31
fit:11ba0ac28d468bdc19c88c55a8774bab8f7f966b006f61c6fd30348907495707,2026-08-30T09:41:44+00:00,3389.0,172,160,82,10.977,6.800000000000011,31
fit:11ba0ac28d468bdc19c88c55a8774bab8f7f966b006f61c6fd30348907495707,2026-08-30T09:41:45+00:00,3390.0,220,160,83,10.972,6.800000000000011,31
fit:11ba0ac28d468bdc19c88c55a8774bab8f7f966b006f61c6fd30348907495707,2026-08-30T09:41:46+00:00,3391.0,118,160,82,11.025,6.800000000000011,31
fit:11ba0ac28d468bdc19c88c55a8774bab8f7f966b006f61c6fd30348907495707,2026-08-30T09:41:47+00:00,3392.0,119,160,82,11.051,6.800000000000011,31
fit:11ba0ac28d468bdc19c88c55a8774bab8f7f966b006f61c6fd30348907495707,2026-08-30T09:41:48+00:00,3393.0,78,159,74,10.918,7.0,31
fit:11ba0ac28d468bdc19c88c55a8774bab8f7f966b006f61c6fd30348907495707,2026-08-30T09:41:49+00:00,3394.0,72,159,81,10.822,7.0,31
fit:11ba0ac28d468bdc19c88c55a8774bab8f7f966b006f61c6fd30348907495707,2026-08-30T09:41:50+00:00,3395.0,72,158,81,10.802,7.0,31
fit:11ba0ac28d468bdc19c88c55a8774bab8f7f966b006f61c6fd30348907495707,2026-08-30T09:41:51+00:00,3396.0,253,158,81,10.799,7.0,31
fit:11ba0ac28d468bdc19c88c55a8774bab8f7f966b006f61c6fd30348907495707,2026-08-30T09:41:52+00:00,3397.0,200,157,82,10.845,7.0,31
fit:11ba0ac28d468bdc19c88c55a8774bab8f7f966b006f61c6fd30348907495707,2026-08-30T09:41:53+00:00,3398.0,207,157,82,10.846,7.0,31
fit:11ba0ac28d468bdc19c88c55a8774bab8f7f966b006f61c6fd30348907495707,2026-08-30T09:41:54+00:00,3399.0,207,156,83,10.96,7.0,31
fit:11ba0ac28d468bdc19c88c55a8774bab8f7f966b006f61c6fd30348907495707,2026-08-30T09:41:55+00:00,3400.0,140,156,83,10.985,6.0,31
fit:11ba0ac28d468bdc19c88c55a8774bab8f7f966b006f61c6fd30348907495707,2026-08-30T09:41:56+00:00,3401.0,140,156,83,11.04,5.600000000000023,31
fit:11ba0ac28d468bdc19c88c55a8774bab8f7f966b006f61c6fd30348907495707,2026-08-30T09:41:57+00:00,3402.0,140,156,83,10.82,5.399999999999977,31
fit:11ba0ac28d468bdc19c88c55a8774bab8f7f966b006f61c6fd30348907495707,2026-08-30T09:41:58+00:00,3403.0,140,157,83,10.708,5.399999999999977,31
fit:11ba0ac28d468bdc19c88c55a8774bab8f7f966b006f61c6fd30348907495707,2026-08-30T09:41:59+00:00,3404.0,0,157,0,10.699,5.399999999999977,31
fit:11ba0ac28d468bdc19c88c55a8774bab8f7f966b006f61c6fd30348907495707,2026-08-30T09:42:00+00:00,3405.0,16,157,21,10.607,5.399999999999977,31
fit:11ba0ac28d468bdc19c88c55a8774bab8f7f966b006f61c6fd30348907495707,2026-08-30T09:42:01+00:00,3406.0,112,157,78,10.458,5.399999999999977,31
fit:11ba0ac28d468bdc19c88c55a8774bab8f7f966b006f61c6fd30348907495707,2026-08-30T09:42:02+00:00,3407.0,112,157,78,10.394,5.399999999999977,31
fit:11ba0ac28d468bdc19c88c55a8774bab8f7f966b006f61c6fd30348907495707,2026-08-30T09:42:03+00:00,3408.0,118,156,77,10.283,5.399999999999977,31
fit:11ba0ac28d468bdc19c88c55a8774bab8f7f966b006f61c6fd30348907495707,2026-08-30T09:42:04+00:00,3409.0,15,156,76,10.283,5.399999999999977,31
fit:11ba0ac28d468bdc19c88c55a8774bab8f7f966b006f61c6fd30348907495707,2026-08-30T09:42:05+00:00,3410.0,110,156,76,10.189,6.199999999999989,31
fit:11ba0ac28d468bdc19c88c55a8774bab8f7f966b006f61c6fd30348907495707,2026-08-30T09:42:06+00:00,3411.0,161,155,76,10.1,6.600000000000023,31
fit:11ba0ac28d468bdc19c88c55a8774bab8f7f966b006f61c6fd30348907495707,2026-08-30T09:42:07+00:00,3412.0,227,155,76,10.137,6.600000000000023,31
fit:11ba0ac28d468bdc19c88c55a8774bab8f7f966b006f61c6fd30348907495707,2026-08-30T09:42:08+00:00,3413.0,110,154,75,10.135,6.600000000000023,31
fit:11ba0ac28d468bdc19c88c55a8774bab8f7f966b006f61c6fd30348907495707,2026-08-30T09:42:09+00:00,3414.0,212,154,76,10.116,5.600000000000023,31
fit:11ba0ac28d468bdc19c88c55a8774bab8f7f966b006f61c6fd30348907495707,2026-08-30T09:42:10+00:00,3415.0,212,153,76,10.085,5.600000000000023,31
fit:11ba0ac28d468bdc19c88c55a8774bab8f7f966b006f61c6fd30348907495707,2026-08-30T09:42:11+00:00,3416.0,212,153,76,10.079,5.600000000000023,31
fit:11ba0ac28d468bdc19c88c55a8774bab8f7f966b006f61c6fd30348907495707,2026-08-30T09:42:12+00:00,3417.0,227,153,78,10.196,5.600000000000023,31
fit:11ba0ac28d468bdc19c88c55a8774bab8f7f966b006f61c6fd30348907495707,2026-08-30T09:42:13+00:00,3418.0,399,152,80,10.396,5.800000000000011,31
fit:11ba0ac28d468bdc19c88c55a8774bab8f7f966b006f61c6fd30348907495707,2026-08-30T09:42:14+00:00,3419.0,436,152,83,10.573,5.800000000000011,31
fit:11ba0ac28d468bdc19c88c55a8774bab8f7f966b006f61c6fd30348907495707,2026-08-30T09:42:15+00:00,3420.0,418,152,85,10.918,5.800000000000011,31
fit:11ba0ac28d468bdc19c88c55a8774bab8f7f966b006f61c6fd30348907495707,2026-08-30T09:42:16+00:00,3421.0,316,152,85,11.179,4.800000000000011,31
fit:11ba0ac28d468bdc19c88c55a8774bab8f7f966b006f61c6fd30348907495707,2026-08-30T09:42:17+00:00,3422.0,128,152,86,11.288,4.800000000000011,31
fit:11ba0ac28d468bdc19c88c55a8774bab8f7f966b006f61c6fd30348907495707,2026-08-30T09:42:18+00:00,3423.0,220,153,85,11.352,4.800000000000011,31
fit:11ba0ac28d468bdc19c88c55a8774bab8f7f966b006f61c6fd30348907495707,2026-08-30T09:42:19+00:00,3424.0,302,153,86,11.369,5.800000000000011,31
fit:11ba0ac28d468bdc19c88c55a8774bab8f7f966b006f61c6fd30348907495707,2026-08-30T09:42:20+00:00,3425.0,248,154,86,11.404,5.800000000000011,31
fit:11ba0ac28d468bdc19c88c55a8774bab8f7f966b006f61c6fd30348907495707,2026-08-30T09:42:21+00:00,3426.0,332,155,86,11.355,5.800000000000011,31
fit:11ba0ac28d468bdc19c88c55a8774bab8f7f966b006f61c6fd30348907495707,2026-08-30T09:42:22+00:00,3427.0,404,156,88,11.528,4.800000000000011,31
fit:11ba0ac28d468bdc19c88c55a8774bab8f7f966b006f61c6fd30348907495707,2026-08-30T09:42:23+00:00,3428.0,399,156,88,11.511,4.800000000000011,31
fit:11ba0ac28d468bdc19c88c55a8774bab8f7f966b006f61c6fd30348907495707,2026-08-30T09:42:24+00:00,3429.0,399,157,90,11.661,4.800000000000011,31
fit:11ba0ac28d468bdc19c88c55a8774bab8f7f966b006f61c6fd30348907495707,2026-08-30T09:42:25+00:00,3430.0,320,158,91,11.891,4.800000000000011,31
fit:11ba0ac28d468bdc19c88c55a8774bab8f7f966b006f61c6fd30348907495707,2026-08-30T09:42:26+00:00,3431.0,190,159,92,12.046,4.800000000000011,31
fit:11ba0ac28d468bdc19c88c55a8774bab8f7f966b006f61c6fd30348907495707,2026-08-30T09:42:27+00:00,3432.0,191,159,92,12.12,4.800000000000011,31
fit:11ba0ac28d468bdc19c88c55a8774bab8f7f966b006f61c6fd30348907495707,2026-08-30T09:42:28+00:00,3433.0,221,160,92,12.145,5.800000000000011,31
fit:11ba0ac28d468bdc19c88c55a8774bab8f7f966b006f61c6fd30348907495707,2026-08-30T09:42:29+00:00,3434.0,149,160,92,12.192,6.199999999999989,31
fit:11ba0ac28d468bdc19c88c55a8774bab8f7f966b006f61c6fd30348907495707,2026-08-30T09:42:30+00:00,3435.0,68,161,91,12.243,7.199999999999989,31
fit:11ba0ac28d468bdc19c88c55a8774bab8f7f966b006f61c6fd30348907495707,2026-08-30T09:42:31+00:00,3436.0,84,161,91,12.228,7.199999999999989,31
fit:11ba0ac28d468bdc19c88c55a8774bab8f7f966b006f61c6fd30348907495707,2026-08-30T09:42:32+00:00,3437.0,73,162,90,12.16,7.199999999999989,31
fit:11ba0ac28d468bdc19c88c55a8774bab8f7f966b006f61c6fd30348907495707,2026-08-30T09:42:33+00:00,3438.0,86,163,90,12.196,6.600000000000023,31
fit:11ba0ac28d468bdc19c88c55a8774bab8f7f966b006f61c6fd30348907495707,2026-08-30T09:42:34+00:00,3439.0,124,163,89,12.108,6.600000000000023,31
fit:11ba0ac28d468bdc19c88c55a8774bab8f7f966b006f61c6fd30348907495707,2026-08-30T09:42:35+00:00,3440.0,114,164,89,12.026,6.600000000000023,31
fit:11ba0ac28d468bdc19c88c55a8774bab8f7f966b006f61c6fd30348907495707,2026-08-30T09:42:36+00:00,3441.0,132,164,89,11.985,6.600000000000023,31
fit:11ba0ac28d468bdc19c88c55a8774bab8f7f966b006f61c6fd30348907495707,2026-08-30T09:42:37+00:00,3442.0,190,164,89,11.925,6.600000000000023,31
fit:11ba0ac28d468bdc19c88c55a8774bab8f7f966b006f61c6fd30348907495707,2026-08-30T09:42:38+00:00,3443.0,224,164,89,11.936,6.800000000000011,31
fit:11ba0ac28d468bdc19c88c55a8774bab8f7f966b006f61c6fd30348907495707,2026-08-30T09:42:39+00:00,3444.0,161,164,89,11.909,7.399999999999977,31
fit:11ba0ac28d468bdc19c88c55a8774bab8f7f966b006f61c6fd30348907495707,2026-08-30T09:42:40+00:00,3445.0,118,164,89,11.952,7.399999999999977,31
fit:11ba0ac28d468bdc19c88c55a8774bab8f7f966b006f61c6fd30348907495707,2026-08-30T09:42:41+00:00,3446.0,191,163,88,11.839,7.399999999999977,31
fit:11ba0ac28d468bdc19c88c55a8774bab8f7f966b006f61c6fd30348907495707,2026-08-30T09:42:42+00:00,3447.0,169,163,88,11.507,6.600000000000023,31
fit:11ba0ac28d468bdc19c88c55a8774bab8f7f966b006f61c6fd30348907495707,2026-08-30T09:42:43+00:00,3448.0,325,163,88,11.363,6.600000000000023,31
fit:11ba0ac28d468bdc19c88c55a8774bab8f7f966b006f61c6fd30348907495707,2026-08-30T09:42:44+00:00,3449.0,339,162,89,11.532,6.600000000000023,31
fit:11ba0ac28d468bdc19c88c55a8774bab8f7f966b006f61c6fd30348907495707,2026-08-30T09:42:45+00:00,3450.0,276,162,91,11.504,7.199999999999989,31
fit:11ba0ac28d468bdc19c88c55a8774bab8f7f966b006f61c6fd30348907495707,2026-08-30T09:42:46+00:00,3451.0,241,162,91,11.72,7.199999999999989,31
fit:11ba0ac28d468bdc19c88c55a8774bab8f7f966b006f61c6fd30348907495707,2026-08-30T09:42:47+00:00,3452.0,150,162,91,11.814,7.199999999999989,31
fit:11ba0ac28d468bdc19c88c55a8774bab8f7f966b006f61c6fd30348907495707,2026-08-30T09:42:48+00:00,3453.0,133,162,91,11.973,6.199999999999989,31
fit:11ba0ac28d468bdc19c88c55a8774bab8f7f966b006f61c6fd30348907495707,2026-08-30T09:42:49+00:00,3454.0,240,162,91,12.014,6.199999999999989,31
fit:11ba0ac28d468bdc19c88c55a8774bab8f7f966b006f61c6fd30348907495707,2026-08-30T09:42:50+00:00,3455.0,132,162,91,12.153,6.199999999999989,31
fit:11ba0ac28d468bdc19c88c55a8774bab8f7f966b006f61c6fd30348907495707,2026-08-30T09:42:51+00:00,3456.0,176,162,90,12.134,6.199999999999989,31
fit:11ba0ac28d468bdc19c88c55a8774bab8f7f966b006f61c6fd30348907495707,2026-08-30T09:42:52+00:00,3457.0,212,163,91,12.088,5.199999999999989,31
fit:11ba0ac28d468bdc19c88c55a8774bab8f7f966b006f61c6fd30348907495707,2026-08-30T09:42:53+00:00,3458.0,216,163,90,11.915,4.199999999999989,31
fit:11ba0ac28d468bdc19c88c55a8774bab8f7f966b006f61c6fd30348907495707,2026-08-30T09:42:54+00:00,3459.0,203,163,90,11.947,4.199999999999989,31
fit:11ba0ac28d468bdc19c88c55a8774bab8f7f966b006f61c6fd30348907495707,2026-08-30T09:42:55+00:00,3460.0,96,163,90,11.981,4.199999999999989,31
fit:11ba0ac28d468bdc19c88c55a8774bab8f7f966b006f61c6fd30348907495707,2026-08-30T09:42:56+00:00,3461.0,125,163,89,11.944,5.199999999999989,31
fit:11ba0ac28d468bdc19c88c55a8774bab8f7f966b006f61c6fd30348907495707,2026-08-30T09:42:57+00:00,3462.0,113,164,89,11.896,6.0,31
fit:11ba0ac28d468bdc19c88c55a8774bab8f7f966b006f61c6fd30348907495707,2026-08-30T09:42:58+00:00,3463.0,177,164,89,11.912,6.199999999999989,31
fit:11ba0ac28d468bdc19c88c55a8774bab8f7f966b006f61c6fd30348907495707,2026-08-30T09:42:59+00:00,3464.0,178,164,89,11.913,6.800000000000011,31
fit:11ba0ac28d468bdc19c88c55a8774bab8f7f966b006f61c6fd30348907495707,2026-08-30T09:43:00+00:00,3465.0,105,164,88,11.853,7.199999999999989,31
fit:11ba0ac28d468bdc19c88c55a8774bab8f7f966b006f61c6fd30348907495707,2026-08-30T09:43:01+00:00,3466.0,105,164,88,11.888,7.199999999999989,31
fit:11ba0ac28d468bdc19c88c55a8774bab8f7f966b006f61c6fd30348907495707,2026-08-30T09:43:02+00:00,3467.0,91,163,87,11.905,7.199999999999989,31
fit:11ba0ac28d468bdc19c88c55a8774bab8f7f966b006f61c6fd30348907495707,2026-08-30T09:43:03+00:00,3468.0,178,163,87,11.688,6.199999999999989,31
fit:11ba0ac28d468bdc19c88c55a8774bab8f7f966b006f61c6fd30348907495707,2026-08-30T09:43:04+00:00,3469.0,197,163,87,11.68,5.800000000000011,31
fit:11ba0ac28d468bdc19c88c55a8774bab8f7f966b006f61c6fd30348907495707,2026-08-30T09:43:05+00:00,3470.0,145,163,88,11.603,4.800000000000011,31
fit:11ba0ac28d468bdc19c88c55a8774bab8f7f966b006f61c6fd30348907495707,2026-08-30T09:43:06+00:00,3471.0,353,163,88,11.626,4.800000000000011,31
fit:11ba0ac28d468bdc19c88c55a8774bab8f7f966b006f61c6fd30348907495707,2026-08-30T09:43:07+00:00,3472.0,322,163,90,11.632,4.800000000000011,31
fit:11ba0ac28d468bdc19c88c55a8774bab8f7f966b006f61c6fd30348907495707,2026-08-30T09:43:08+00:00,3473.0,365,163,90,11.736,4.800000000000011,31
fit:11ba0ac28d468bdc19c88c55a8774bab8f7f966b006f61c6fd30348907495707,2026-08-30T09:43:09+00:00,3474.0,365,163,90,11.718,4.800000000000011,31
fit:11ba0ac28d468bdc19c88c55a8774bab8f7f966b006f61c6fd30348907495707,2026-08-30T09:43:10+00:00,3475.0,683,163,94,11.836,4.800000000000011,31
fit:11ba0ac28d468bdc19c88c55a8774bab8f7f966b006f61c6fd30348907495707,2026-08-30T09:43:11+00:00,3476.0,266,163,96,12.146,4.800000000000011,31
fit:11ba0ac28d468bdc19c88c55a8774bab8f7f966b006f61c6fd30348907495707,2026-08-30T09:43:12+00:00,3477.0,240,163,96,12.508,4.800000000000011,31
fit:11ba0ac28d468bdc19c88c55a8774bab8f7f966b006f61c6fd30348907495707,2026-08-30T09:43:13+00:00,3478.0,11,163,96,12.616,4.800000000000011,32
fit:11ba0ac28d468bdc19c88c55a8774bab8f7f966b006f61c6fd30348907495707,2026-08-30T09:43:14+00:00,3479.0,166,164,90,12.577,4.800000000000011,32
fit:11ba0ac28d468bdc19c88c55a8774bab8f7f966b006f61c6fd30348907495707,2026-08-30T09:43:15+00:00,3480.0,282,164,93,12.469,5.800000000000011,32
fit:11ba0ac28d468bdc19c88c55a8774bab8f7f966b006f61c6fd30348907495707,2026-08-30T09:43:16+00:00,3481.0,357,164,92,12.397,5.800000000000011,32
fit:11ba0ac28d468bdc19c88c55a8774bab8f7f966b006f61c6fd30348907495707,2026-08-30T09:43:17+00:00,3482.0,380,165,93,12.433,5.800000000000011,32
fit:11ba0ac28d468bdc19c88c55a8774bab8f7f966b006f61c6fd30348907495707,2026-08-30T09:43:18+00:00,3483.0,131,165,93,12.332,4.800000000000011,32
fit:11ba0ac28d468bdc19c88c55a8774bab8f7f966b006f61c6fd30348907495707,2026-08-30T09:43:19+00:00,3484.0,132,165,92,12.271,3.8000000000000114,32
fit:11ba0ac28d468bdc19c88c55a8774bab8f7f966b006f61c6fd30348907495707,2026-08-30T09:43:20+00:00,3485.0,215,167,90,12.083,3.8000000000000114,32
fit:11ba0ac28d468bdc19c88c55a8774bab8f7f966b006f61c6fd30348907495707,2026-08-30T09:43:21+00:00,3486.0,122,167,88,11.918,3.8000000000000114,32
fit:11ba0ac28d468bdc19c88c55a8774bab8f7f966b006f61c6fd30348907495707,2026-08-30T09:43:22+00:00,3487.0,174,167,87,11.751,4.800000000000011,32
fit:11ba0ac28d468bdc19c88c55a8774bab8f7f966b006f61c6fd30348907495707,2026-08-30T09:43:23+00:00,3488.0,309,168,87,11.603,5.199999999999989,32
fit:11ba0ac28d468bdc19c88c55a8774bab8f7f966b006f61c6fd30348907495707,2026-08-30T09:43:24+00:00,3489.0,457,168,87,11.629,5.199999999999989,32
fit:11ba0ac28d468bdc19c88c55a8774bab8f7f966b006f61c6fd30348907495707,2026-08-30T09:43:25+00:00,3490.0,375,169,87,11.713,5.199999999999989,32
fit:11ba0ac28d468bdc19c88c55a8774bab8f7f966b006f61c6fd30348907495707,2026-08-30T09:43:26+00:00,3491.0,480,169,89,11.867,5.199999999999989,32
fit:11ba0ac28d468bdc19c88c55a8774bab8f7f966b006f61c6fd30348907495707,2026-08-30T09:43:27+00:00,3492.0,480,170,91,12.196,5.199999999999989,32
fit:11ba0ac28d468bdc19c88c55a8774bab8f7f966b006f61c6fd30348907495707,2026-08-30T09:43:28+00:00,3493.0,456,170,92,12.335,5.199999999999989,32
fit:11ba0ac28d468bdc19c88c55a8774bab8f7f966b006f61c6fd30348907495707,2026-08-30T09:43:29+00:00,3494.0,456,171,92,12.399,5.199999999999989,32
fit:11ba0ac28d468bdc19c88c55a8774bab8f7f966b006f61c6fd30348907495707,2026-08-30T09:43:30+00:00,3495.0,600,171,95,12.454,5.199999999999989,32
fit:11ba0ac28d468bdc19c88c55a8774bab8f7f966b006f61c6fd30348907495707,2026-08-30T09:43:31+00:00,3496.0,546,172,98,12.594,5.399999999999977,32
fit:11ba0ac28d468bdc19c88c55a8774bab8f7f966b006f61c6fd30348907495707,2026-08-30T09:43:32+00:00,3497.0,475,172,100,12.892,6.399999999999977,32
fit:11ba0ac28d468bdc19c88c55a8774bab8f7f966b006f61c6fd30348907495707,2026-08-30T09:43:33+00:00,3498.0,523,173,101,13.22,7.399999999999977,32
fit:11ba0ac28d468bdc19c88c55a8774bab8f7f966b006f61c6fd30348907495707,2026-08-30T09:43:34+00:00,3499.0,500,174,103,13.274,7.399999999999977,32
fit:11ba0ac28d468bdc19c88c55a8774bab8f7f966b006f61c6fd30348907495707,2026-08-30T09:43:35+00:00,3500.0,495,174,104,13.681,7.399999999999977,32
fit:11ba0ac28d468bdc19c88c55a8774bab8f7f966b006f61c6fd30348907495707,2026-08-30T09:43:36+00:00,3501.0,597,175,106,13.569,7.399999999999977,32
fit:11ba0ac28d468bdc19c88c55a8774bab8f7f966b006f61c6fd30348907495707,2026-08-30T09:43:37+00:00,3502.0,249,176,106,13.969,7.399999999999977,32
fit:11ba0ac28d468bdc19c88c55a8774bab8f7f966b006f61c6fd30348907495707,2026-08-30T09:43:38+00:00,3503.0,28,177,106,14.003,7.399999999999977,32
fit:11ba0ac28d468bdc19c88c55a8774bab8f7f966b006f61c6fd30348907495707,2026-08-30T09:43:39+00:00,3504.0,107,177,104,13.935,7.399999999999977,32
fit:11ba0ac28d468bdc19c88c55a8774bab8f7f966b006f61c6fd30348907495707,2026-08-30T09:43:40+00:00,3505.0,12,178,73,13.833,7.399999999999977,32
fit:11ba0ac28d468bdc19c88c55a8774bab8f7f966b006f61c6fd30348907495707,2026-08-30T09:43:41+00:00,3506.0,12,178,73,13.708,7.399999999999977,32
fit:11ba0ac28d468bdc19c88c55a8774bab8f7f966b006f61c6fd30348907495707,2026-08-30T09:43:42+00:00,3507.0,12,178,73,13.571,7.399999999999977,32
fit:11ba0ac28d468bdc19c88c55a8774bab8f7f966b006f61c6fd30348907495707,2026-08-30T09:43:43+00:00,3508.0,12,179,73,13.476,7.399999999999977,32
fit:11ba0ac28d468bdc19c88c55a8774bab8f7f966b006f61c6fd30348907495707,2026-08-30T09:43:44+00:00,3509.0,11,180,73,13.328,6.800000000000011,32
fit:11ba0ac28d468bdc19c88c55a8774bab8f7f966b006f61c6fd30348907495707,2026-08-30T09:43:45+00:00,3510.0,0,181,0,13.191,6.600000000000023,32
fit:11ba0ac28d468bdc19c88c55a8774bab8f7f966b006f61c6fd30348907495707,2026-08-30T09:43:46+00:00,3511.0,260,181,96,13.016,5.600000000000023,32
fit:11ba0ac28d468bdc19c88c55a8774bab8f7f966b006f61c6fd30348907495707,2026-08-30T09:43:47+00:00,3512.0,268,181,96,12.844,5.199999999999989,32
fit:11ba0ac28d468bdc19c88c55a8774bab8f7f966b006f61c6fd30348907495707,2026-08-30T09:43:48+00:00,3513.0,371,182,98,12.88,5.199999999999989,32
fit:11ba0ac28d468bdc19c88c55a8774bab8f7f966b006f61c6fd30348907495707,2026-08-30T09:43:49+00:00,3514.0,515,182,99,12.916,5.199999999999989,32
fit:11ba0ac28d468bdc19c88c55a8774bab8f7f966b006f61c6fd30348907495707,2026-08-30T09:43:50+00:00,3515.0,213,182,101,13.112,6.199999999999989,32
fit:11ba0ac28d468bdc19c88c55a8774bab8f7f966b006f61c6fd30348907495707,2026-08-30T09:43:51+00:00,3516.0,142,182,100,13.224,6.600000000000023,32
fit:11ba0ac28d468bdc19c88c55a8774bab8f7f966b006f61c6fd30348907495707,2026-08-30T09:43:52+00:00,3517.0,96,182,93,13.283,6.800000000000011,32
fit:11ba0ac28d468bdc19c88c55a8774bab8f7f966b006f61c6fd30348907495707,2026-08-30T09:43:53+00:00,3518.0,96,182,93,13.287,7.199999999999989,32
fit:11ba0ac28d468bdc19c88c55a8774bab8f7f966b006f61c6fd30348907495707,2026-08-30T09:43:54+00:00,3519.0,96,182,93,13.104,7.199999999999989,32
fit:11ba0ac28d468bdc19c88c55a8774bab8f7f966b006f61c6fd30348907495707,2026-08-30T09:43:55+00:00,3520.0,96,182,93,12.938,7.199999999999989,32
fit:11ba0ac28d468bdc19c88c55a8774bab8f7f966b006f61c6fd30348907495707,2026-08-30T09:43:56+00:00,3521.0,30,182,39,12.81,7.199999999999989,32
fit:11ba0ac28d468bdc19c88c55a8774bab8f7f966b006f61c6fd30348907495707,2026-08-30T09:43:57+00:00,3522.0,30,182,39,12.634,7.199999999999989,32
fit:11ba0ac28d468bdc19c88c55a8774bab8f7f966b006f61c6fd30348907495707,2026-08-30T09:43:58+00:00,3523.0,83,182,44,12.352,7.199999999999989,32
fit:11ba0ac28d468bdc19c88c55a8774bab8f7f966b006f61c6fd30348907495707,2026-08-30T09:43:59+00:00,3524.0,83,182,44,12.186,7.0,32
fit:11ba0ac28d468bdc19c88c55a8774bab8f7f966b006f61c6fd30348907495707,2026-08-30T09:44:00+00:00,3525.0,169,181,90,12.208,6.600000000000023,32
fit:11ba0ac28d468bdc19c88c55a8774bab8f7f966b006f61c6fd30348907495707,2026-08-30T09:44:01+00:00,3526.0,83,181,91,12.332,6.399999999999977,32
fit:11ba0ac28d468bdc19c88c55a8774bab8f7f966b006f61c6fd30348907495707,2026-08-30T09:44:02+00:00,3527.0,83,181,91,12.242,6.0,32
fit:11ba0ac28d468bdc19c88c55a8774bab8f7f966b006f61c6fd30348907495707,2026-08-30T09:44:03+00:00,3528.0,245,181,92,12.314,6.0,32
fit:11ba0ac28d468bdc19c88c55a8774bab8f7f966b006f61c6fd30348907495707,2026-08-30T09:44:04+00:00,3529.0,245,180,92,12.391,6.0,32
fit:11ba0ac28d468bdc19c88c55a8774bab8f7f966b006f61c6fd30348907495707,2026-08-30T09:44:05+00:00,3530.0,207,180,94,12.348,7.0,32
fit:11ba0ac28d468bdc19c88c55a8774bab8f7f966b006f61c6fd30348907495707,2026-08-30T09:44:06+00:00,3531.0,110,180,93,12.353,7.800000000000011,32
fit:11ba0ac28d468bdc19c88c55a8774bab8f7f966b006f61c6fd30348907495707,2026-08-30T09:44:07+00:00,3532.0,110,180,93,12.169,7.800000000000011,32
fit:11ba0ac28d468bdc19c88c55a8774bab8f7f966b006f61c6fd30348907495707,2026-08-30T09:44:08+00:00,3533.0,386,179,94,11.92,7.800000000000011,32
fit:11ba0ac28d468bdc19c88c55a8774bab8f7f966b006f61c6fd30348907495707,2026-08-30T09:44:09+00:00,3534.0,386,179,94,12.212,6.800000000000011,32
fit:11ba0ac28d468bdc19c88c55a8774bab8f7f966b006f61c6fd30348907495707,2026-08-30T09:44:10+00:00,3535.0,167,179,95,12.373,5.800000000000011,32
fit:11ba0ac28d468bdc19c88c55a8774bab8f7f966b006f61c6fd30348907495707,2026-08-30T09:44:11+00:00,3536.0,338,179,95,12.582,5.800000000000011,32
fit:11ba0ac28d468bdc19c88c55a8774bab8f7f966b006f61c6fd30348907495707,2026-08-30T09:44:12+00:00,3537.0,301,178,96,12.621,5.800000000000011,32
fit:11ba0ac28d468bdc19c88c55a8774bab8f7f966b006f61c6fd30348907495707,2026-08-30T09:44:13+00:00,3538.0,126,178,95,12.536,6.399999999999977,32
fit:11ba0ac28d468bdc19c88c55a8774bab8f7f966b006f61c6fd30348907495707,2026-08-30T09:44:14+00:00,3539.0,127,178,95,12.649,6.600000000000023,32
fit:11ba0ac28d468bdc19c88c55a8774bab8f7f966b006f61c6fd30348907495707,2026-08-30T09:44:15+00:00,3540.0,84,178,94,12.591,6.600000000000023,32
fit:11ba0ac28d468bdc19c88c55a8774bab8f7f966b006f61c6fd30348907495707,2026-08-30T09:44:16+00:00,3541.0,75,177,93,12.581,6.600000000000023,32
fit:11ba0ac28d468bdc19c88c55a8774bab8f7f966b006f61c6fd30348907495707,2026-08-30T09:44:17+00:00,3542.0,149,177,93,12.537,5.600000000000023,32
fit:11ba0ac28d468bdc19c88c55a8774bab8f7f966b006f61c6fd30348907495707,2026-08-30T09:44:18+00:00,3543.0,119,177,93,12.37,5.600000000000023,32
fit:11ba0ac28d468bdc19c88c55a8774bab8f7f966b006f61c6fd30348907495707,2026-08-30T09:44:19+00:00,3544.0,287,176,93,12.373,5.600000000000023,32
fit:11ba0ac28d468bdc19c88c55a8774bab8f7f966b006f61c6fd30348907495707,2026-08-30T09:44:20+00:00,3545.0,182,176,94,12.381,6.600000000000023,32
fit:11ba0ac28d468bdc19c88c55a8774bab8f7f966b006f61c6fd30348907495707,2026-08-30T09:44:21+00:00,3546.0,339,176,96,12.485,6.800000000000011,32
fit:11ba0ac28d468bdc19c88c55a8774bab8f7f966b006f61c6fd30348907495707,2026-08-30T09:44:22+00:00,3547.0,253,175,98,12.715,6.800000000000011,32
fit:11ba0ac28d468bdc19c88c55a8774bab8f7f966b006f61c6fd30348907495707,2026-08-30T09:44:23+00:00,3548.0,207,174,98,12.877,6.800000000000011,32
fit:11ba0ac28d468bdc19c88c55a8774bab8f7f966b006f61c6fd30348907495707,2026-08-30T09:44:24+00:00,3549.0,126,174,97,12.887,6.800000000000011,32
fit:11ba0ac28d468bdc19c88c55a8774bab8f7f966b006f61c6fd30348907495707,2026-08-30T09:44:25+00:00,3550.0,192,174,98,12.853,6.800000000000011,32
fit:11ba0ac28d468bdc19c88c55a8774bab8f7f966b006f61c6fd30348907495707,2026-08-30T09:44:26+00:00,3551.0,151,173,97,13.005,6.800000000000011,32
fit:11ba0ac28d468bdc19c88c55a8774bab8f7f966b006f61c6fd30348907495707,2026-08-30T09:44:27+00:00,3552.0,238,174,97,12.961,6.0,32
fit:11ba0ac28d468bdc19c88c55a8774bab8f7f966b006f61c6fd30348907495707,2026-08-30T09:44:28+00:00,3553.0,146,174,97,12.871,6.0,32
fit:11ba0ac28d468bdc19c88c55a8774bab8f7f966b006f61c6fd30348907495707,2026-08-30T09:44:29+00:00,3554.0,166,174,97,12.846,6.0,32
fit:11ba0ac28d468bdc19c88c55a8774bab8f7f966b006f61c6fd30348907495707,2026-08-30T09:44:30+00:00,3555.0,140,174,96,12.936,6.199999999999989,32
fit:11ba0ac28d468bdc19c88c55a8774bab8f7f966b006f61c6fd30348907495707,2026-08-30T09:44:31+00:00,3556.0,114,174,96,12.888,6.199999999999989,32
fit:11ba0ac28d468bdc19c88c55a8774bab8f7f966b006f61c6fd30348907495707,2026-08-30T09:44:32+00:00,3557.0,244,174,97,12.846,6.199999999999989,32
fit:11ba0ac28d468bdc19c88c55a8774bab8f7f966b006f61c6fd30348907495707,2026-08-30T09:44:33+00:00,3558.0,277,174,97,12.646,5.199999999999989,32
fit:11ba0ac28d468bdc19c88c55a8774bab8f7f966b006f61c6fd30348907495707,2026-08-30T09:44:34+00:00,3559.0,287,174,97,12.768,5.0,32
fit:11ba0ac28d468bdc19c88c55a8774bab8f7f966b006f61c6fd30348907495707,2026-08-30T09:44:35+00:00,3560.0,114,175,95,12.982,5.0,32
fit:11ba0ac28d468bdc19c88c55a8774bab8f7f966b006f61c6fd30348907495707,2026-08-30T09:44:36+00:00,3561.0,44,175,94,12.805,5.0,32
fit:11ba0ac28d468bdc19c88c55a8774bab8f7f966b006f61c6fd30348907495707,2026-08-30T09:44:37+00:00,3562.0,74,175,109,12.778,6.0,32
fit:11ba0ac28d468bdc19c88c55a8774bab8f7f966b006f61c6fd30348907495707,2026-08-30T09:44:38+00:00,3563.0,49,175,102,12.605,6.399999999999977,32
fit:11ba0ac28d468bdc19c88c55a8774bab8f7f966b006f61c6fd30348907495707,2026-08-30T09:44:39+00:00,3564.0,49,175,102,12.257,6.399999999999977,32
fit:11ba0ac28d468bdc19c88c55a8774bab8f7f966b006f61c6fd30348907495707,2026-08-30T09:44:40+00:00,3565.0,49,175,102,12.076,6.399999999999977,32
fit:11ba0ac28d468bdc19c88c55a8774bab8f7f966b006f61c6fd30348907495707,2026-08-30T09:44:41+00:00,3566.0,49,175,102,12.214,6.199999999999989,32
fit:11ba0ac28d468bdc19c88c55a8774bab8f7f966b006f61c6fd30348907495707,2026-08-30T09:44:42+00:00,3567.0,46,175,98,11.877,5.600000000000023,32
fit:11ba0ac28d468bdc19c88c55a8774bab8f7f966b006f61c6fd30348907495707,2026-08-30T09:44:43+00:00,3568.0,41,175,94,11.059,5.600000000000023,32
fit:11ba0ac28d468bdc19c88c55a8774bab8f7f966b006f61c6fd30348907495707,2026-08-30T09:44:44+00:00,3569.0,37,175,90,10.156,5.600000000000023,32
fit:11ba0ac28d468bdc19c88c55a8774bab8f7f966b006f61c6fd30348907495707,2026-08-30T09:44:45+00:00,3570.0,257,175,85,10.045,6.600000000000023,32
fit:11ba0ac28d468bdc19c88c55a8774bab8f7f966b006f61c6fd30348907495707,2026-08-30T09:44:46+00:00,3571.0,143,174,73,10.251,7.199999999999989,32
fit:11ba0ac28d468bdc19c88c55a8774bab8f7f966b006f61c6fd30348907495707,2026-08-30T09:44:47+00:00,3572.0,329,173,86,10.355,7.199999999999989,32
fit:11ba0ac28d468bdc19c88c55a8774bab8f7f966b006f61c6fd30348907495707,2026-08-30T09:44:48+00:00,3573.0,55,173,86,10.489,7.199999999999989,32
fit:11ba0ac28d468bdc19c88c55a8774bab8f7f966b006f61c6fd30348907495707,2026-08-30T09:44:49+00:00,3574.0,554,172,45,10.346,7.199999999999989,32
fit:11ba0ac28d468bdc19c88c55a8774bab8f7f966b006f61c6fd30348907495707,2026-08-30T09:44:50+00:00,3575.0,601,171,95,10.517,6.199999999999989,32
fit:11ba0ac28d468bdc19c88c55a8774bab8f7f966b006f61c6fd30348907495707,2026-08-30T09:44:51+00:00,3576.0,556,171,97,11.28,5.800000000000011,32
fit:11ba0ac28d468bdc19c88c55a8774bab8f7f966b006f61c6fd30348907495707,2026-08-30T09:44:52+00:00,3577.0,584,170,98,11.861,4.800000000000011,32
fit:11ba0ac28d468bdc19c88c55a8774bab8f7f966b006f61c6fd30348907495707,2026-08-30T09:44:53+00:00,3578.0,499,170,100,12.379,4.800000000000011,32
fit:11ba0ac28d468bdc19c88c55a8774bab8f7f966b006f61c6fd30348907495707,2026-08-30T09:44:54+00:00,3579.0,600,170,103,12.788,4.800000000000011,32
fit:11ba0ac28d468bdc19c88c55a8774bab8f7f966b006f61c6fd30348907495707,2026-08-30T09:44:55+00:00,3580.0,432,170,105,13.318,4.800000000000011,32
fit:11ba0ac28d468bdc19c88c55a8774bab8f7f966b006f61c6fd30348907495707,2026-08-30T09:44:56+00:00,3581.0,208,171,106,13.599,3.8000000000000114,32
fit:11ba0ac28d468bdc19c88c55a8774bab8f7f966b006f61c6fd30348907495707,2026-08-30T09:44:57+00:00,3582.0,163,171,105,13.746,3.3999999999999773,32
fit:11ba0ac28d468bdc19c88c55a8774bab8f7f966b006f61c6fd30348907495707,2026-08-30T09:44:58+00:00,3583.0,218,171,104,13.782,3.3999999999999773,32
fit:11ba0ac28d468bdc19c88c55a8774bab8f7f966b006f61c6fd30348907495707,2026-08-30T09:44:59+00:00,3584.0,150,172,103,13.94,3.3999999999999773,32
fit:11ba0ac28d468bdc19c88c55a8774bab8f7f966b006f61c6fd30348907495707,2026-08-30T09:45:00+00:00,3585.0,158,174,101,13.807,3.3999999999999773,32
fit:11ba0ac28d468bdc19c88c55a8774bab8f7f966b006f61c6fd30348907495707,2026-08-30T09:45:01+00:00,3586.0,328,175,100,13.676,2.3999999999999773,32
fit:11ba0ac28d468bdc19c88c55a8774bab8f7f966b006f61c6fd30348907495707,2026-08-30T09:45:02+00:00,3587.0,165,175,77,13.456,2.3999999999999773,32
fit:11ba0ac28d468bdc19c88c55a8774bab8f7f966b006f61c6fd30348907495707,2026-08-30T09:45:03+00:00,3588.0,166,176,77,13.269,2.3999999999999773,32
fit:11ba0ac28d468bdc19c88c55a8774bab8f7f966b006f61c6fd30348907495707,2026-08-30T09:45:04+00:00,3589.0,613,176,30,13.2,3.3999999999999773,32
fit:11ba0ac28d468bdc19c88c55a8774bab8f7f966b006f61c6fd30348907495707,2026-08-30T09:45:05+00:00,3590.0,613,177,99,13.112,4.399999999999977,32
fit:11ba0ac28d468bdc19c88c55a8774bab8f7f966b006f61c6fd30348907495707,2026-08-30T09:45:06+00:00,3591.0,570,177,102,13.183,4.399999999999977,32
fit:11ba0ac28d468bdc19c88c55a8774bab8f7f966b006f61c6fd30348907495707,2026-08-30T09:45:07+00:00,3592.0,334,177,103,13.299,4.399999999999977,32
fit:11ba0ac28d468bdc19c88c55a8774bab8f7f966b006f61c6fd30348907495707,2026-08-30T09:45:08+00:00,3593.0,389,177,103,13.406,3.3999999999999773,32
fit:11ba0ac28d468bdc19c88c55a8774bab8f7f966b006f61c6fd30348907495707,2026-08-30T09:45:09+00:00,3594.0,286,177,103,13.477,3.3999999999999773,32
fit:11ba0ac28d468bdc19c88c55a8774bab8f7f966b006f61c6fd30348907495707,2026-08-30T09:45:10+00:00,3595.0,286,178,103,13.657,3.3999999999999773,32
fit:11ba0ac28d468bdc19c88c55a8774bab8f7f966b006f61c6fd30348907495707,2026-08-30T09:45:11+00:00,3596.0,98,178,101,13.601,3.3999999999999773,32
fit:11ba0ac28d468bdc19c88c55a8774bab8f7f966b006f61c6fd30348907495707,2026-08-30T09:45:12+00:00,3597.0,77,179,100,13.55,3.3999999999999773,32
fit:11ba0ac28d468bdc19c88c55a8774bab8f7f966b006f61c6fd30348907495707,2026-08-30T09:45:13+00:00,3598.0,17,179,75,13.494,3.3999999999999773,32
fit:11ba0ac28d468bdc19c88c55a8774bab8f7f966b006f61c6fd30348907495707,2026-08-30T09:45:14+00:00,3599.0,17,179,57,13.361,4.399999999999977,32
fit:11ba0ac28d468bdc19c88c55a8774bab8f7f966b006f61c6fd30348907495707,2026-08-30T09:45:15+00:00,3600.0,17,180,57,13.142,4.399999999999977,32
fit:11ba0ac28d468bdc19c88c55a8774bab8f7f966b006f61c6fd30348907495707,2026-08-30T09:45:16+00:00,3601.0,17,179,57,12.93,4.399999999999977,32
fit:11ba0ac28d468bdc19c88c55a8774bab8f7f966b006f61c6fd30348907495707,2026-08-30T09:45:17+00:00,3602.0,16,180,55,12.732,4.399999999999977,32
fit:11ba0ac28d468bdc19c88c55a8774bab8f7f966b006f61c6fd30348907495707,2026-08-30T09:45:18+00:00,3603.0,0,180,0,12.35,4.399999999999977,32
fit:11ba0ac28d468bdc19c88c55a8774bab8f7f966b006f61c6fd30348907495707,2026-08-30T09:45:19+00:00,3604.0,0,180,0,12.126,4.399999999999977,32
fit:11ba0ac28d468bdc19c88c55a8774bab8f7f966b006f61c6fd30348907495707,2026-08-30T09:45:20+00:00,3605.0,465,180,95,12.327,4.199999999999989,32
fit:11ba0ac28d468bdc19c88c55a8774bab8f7f966b006f61c6fd30348907495707,2026-08-30T09:45:21+00:00,3606.0,613,180,96,12.438,4.199999999999989,32
fit:11ba0ac28d468bdc19c88c55a8774bab8f7f966b006f61c6fd30348907495707,2026-08-30T09:45:22+00:00,3607.0,575,180,99,12.685,4.199999999999989,32
fit:11ba0ac28d468bdc19c88c55a8774bab8f7f966b006f61c6fd30348907495707,2026-08-30T09:45:23+00:00,3608.0,299,180,101,13.159,5.0,32
fit:11ba0ac28d468bdc19c88c55a8774bab8f7f966b006f61c6fd30348907495707,2026-08-30T09:45:24+00:00,3609.0,153,180,102,13.346,6.0,32
fit:11ba0ac28d468bdc19c88c55a8774bab8f7f966b006f61c6fd30348907495707,2026-08-30T09:45:25+00:00,3610.0,23,180,88,13.572,6.399999999999977,32
fit:11ba0ac28d468bdc19c88c55a8774bab8f7f966b006f61c6fd30348907495707,2026-08-30T09:45:26+00:00,3611.0,60,180,98,13.498,6.399999999999977,32
fit:11ba0ac28d468bdc19c88c55a8774bab8f7f966b006f61c6fd30348907495707,2026-08-30T09:45:27+00:00,3612.0,54,180,90,13.48,6.399999999999977,32
fit:11ba0ac28d468bdc19c88c55a8774bab8f7f966b006f61c6fd30348907495707,2026-08-30T09:45:28+00:00,3613.0,10,180,82,13.348,5.800000000000011,32
fit:11ba0ac28d468bdc19c88c55a8774bab8f7f966b006f61c6fd30348907495707,2026-08-30T09:45:29+00:00,3614.0,58,180,82,13.216,5.800000000000011,32
fit:11ba0ac28d468bdc19c88c55a8774bab8f7f966b006f61c6fd30348907495707,2026-08-30T09:45:30+00:00,3615.0,94,179,97,13.092,5.800000000000011,32
fit:11ba0ac28d468bdc19c88c55a8774bab8f7f966b006f61c6fd30348907495707,2026-08-30T09:45:31+00:00,3616.0,87,179,85,12.892,5.800000000000011,32
fit:11ba0ac28d468bdc19c88c55a8774bab8f7f966b006f61c6fd30348907495707,2026-08-30T09:45:32+00:00,3617.0,87,179,57,12.8,5.800000000000011,32
fit:11ba0ac28d468bdc19c88c55a8774bab8f7f966b006f61c6fd30348907495707,2026-08-30T09:45:33+00:00,3618.0,87,178,57,12.66,4.800000000000011,32
fit:11ba0ac28d468bdc19c88c55a8774bab8f7f966b006f61c6fd30348907495707,2026-08-30T09:45:34+00:00,3619.0,85,178,57,12.467,3.8000000000000114,32
fit:11ba0ac28d468bdc19c88c55a8774bab8f7f966b006f61c6fd30348907495707,2026-08-30T09:45:35+00:00,3620.0,77,178,54,12.278,3.8000000000000114,32
fit:11ba0ac28d468bdc19c88c55a8774bab8f7f966b006f61c6fd30348907495707,2026-08-30T09:45:36+00:00,3621.0,0,177,0,12.141,3.8000000000000114,32
fit:11ba0ac28d468bdc19c88c55a8774bab8f7f966b006f61c6fd30348907495707,2026-08-30T09:45:37+00:00,3622.0,239,177,0,11.974,4.399999999999977,32
fit:11ba0ac28d468bdc19c88c55a8774bab8f7f966b006f61c6fd30348907495707,2026-08-30T09:45:38+00:00,3623.0,142,177,87,11.828,5.399999999999977,32
fit:11ba0ac28d468bdc19c88c55a8774bab8f7f966b006f61c6fd30348907495707,2026-08-30T09:45:39+00:00,3624.0,142,177,87,11.784,5.399999999999977,32
fit:11ba0ac28d468bdc19c88c55a8774bab8f7f966b006f61c6fd30348907495707,2026-08-30T09:45:40+00:00,3625.0,212,177,61,11.826,5.399999999999977,32
fit:11ba0ac28d468bdc19c88c55a8774bab8f7f966b006f61c6fd30348907495707,2026-08-30T09:45:41+00:00,3626.0,433,177,91,11.788,5.399999999999977,32
fit:11ba0ac28d468bdc19c88c55a8774bab8f7f966b006f61c6fd30348907495707,2026-08-30T09:45:42+00:00,3627.0,510,177,93,12.157,4.399999999999977,32
fit:11ba0ac28d468bdc19c88c55a8774bab8f7f966b006f61c6fd30348907495707,2026-08-30T09:45:43+00:00,3628.0,692,176,97,12.401,3.3999999999999773,32
fit:11ba0ac28d468bdc19c88c55a8774bab8f7f966b006f61c6fd30348907495707,2026-08-30T09:45:44+00:00,3629.0,609,175,98,12.462,2.6000000000000227,32
fit:11ba0ac28d468bdc19c88c55a8774bab8f7f966b006f61c6fd30348907495707,2026-08-30T09:45:45+00:00,3630.0,475,175,101,12.719,2.6000000000000227,32
fit:11ba0ac28d468bdc19c88c55a8774bab8f7f966b006f61c6fd30348907495707,2026-08-30T09:45:46+00:00,3631.0,292,175,102,13.036,2.6000000000000227,32
fit:11ba0ac28d468bdc19c88c55a8774bab8f7f966b006f61c6fd30348907495707,2026-08-30T09:45:47+00:00,3632.0,217,175,102,13.139,3.6000000000000227,32
fit:11ba0ac28d468bdc19c88c55a8774bab8f7f966b006f61c6fd30348907495707,2026-08-30T09:45:48+00:00,3633.0,154,175,102,13.419,4.600000000000023,32
fit:11ba0ac28d468bdc19c88c55a8774bab8f7f966b006f61c6fd30348907495707,2026-08-30T09:45:49+00:00,3634.0,65,175,100,13.48,4.800000000000011,32
fit:11ba0ac28d468bdc19c88c55a8774bab8f7f966b006f61c6fd30348907495707,2026-08-30T09:45:50+00:00,3635.0,110,175,100,13.462,5.800000000000011,32
fit:11ba0ac28d468bdc19c88c55a8774bab8f7f966b006f61c6fd30348907495707,2026-08-30T09:45:51+00:00,3636.0,12,174,72,13.452,5.800000000000011,32
fit:11ba0ac28d468bdc19c88c55a8774bab8f7f966b006f61c6fd30348907495707,2026-08-30T09:45:52+00:00,3637.0,311,174,50,13.22,5.800000000000011,32
fit:11ba0ac28d468bdc19c88c55a8774bab8f7f966b006f61c6fd30348907495707,2026-08-30T09:45:53+00:00,3638.0,274,175,98,13.169,5.199999999999989,32
fit:11ba0ac28d468bdc19c88c55a8774bab8f7f966b006f61c6fd30348907495707,2026-08-30T09:45:54+00:00,3639.0,371,175,98,13.149,4.800000000000011,32
fit:11ba0ac28d468bdc19c88c55a8774bab8f7f966b006f61c6fd30348907495707,2026-08-30T09:45:55+00:00,3640.0,334,175,99,13.191,4.800000000000011,32
fit:11ba0ac28d468bdc19c88c55a8774bab8f7f966b006f61c6fd30348907495707,2026-08-30T09:45:56+00:00,3641.0,563,176,101,13.241,4.800000000000011,32
fit:11ba0ac28d468bdc19c88c55a8774bab8f7f966b006f61c6fd30348907495707,2026-08-30T09:45:57+00:00,3642.0,489,176,105,13.504,4.800000000000011,32
fit:11ba0ac28d468bdc19c88c55a8774bab8f7f966b006f61c6fd30348907495707,2026-08-30T09:45:58+00:00,3643.0,389,177,105,13.797,4.800000000000011,32
fit:11ba0ac28d468bdc19c88c55a8774bab8f7f966b006f61c6fd30348907495707,2026-08-30T09:45:59+00:00,3644.0,454,177,106,14.089,4.800000000000011,32
fit:11ba0ac28d468bdc19c88c55a8774bab8f7f966b006f61c6fd30348907495707,2026-08-30T09:46:00+00:00,3645.0,410,178,107,14.083,3.8000000000000114,32
fit:11ba0ac28d468bdc19c88c55a8774bab8f7f966b006f61c6fd30348907495707,2026-08-30T09:46:01+00:00,3646.0,333,178,108,14.149,2.8000000000000114,32
fit:11ba0ac28d468bdc19c88c55a8774bab8f7f966b006f61c6fd30348907495707,2026-08-30T09:46:02+00:00,3647.0,303,179,108,14.311,2.8000000000000114,32
fit:11ba0ac28d468bdc19c88c55a8774bab8f7f966b006f61c6fd30348907495707,2026-08-30T09:46:03+00:00,3648.0,23,179,87,14.287,2.8000000000000114,32
fit:11ba0ac28d468bdc19c88c55a8774bab8f7f966b006f61c6fd30348907495707,2026-08-30T09:46:04+00:00,3649.0,9,180,56,14.161,2.8000000000000114,32
fit:11ba0ac28d468bdc19c88c55a8774bab8f7f966b006f61c6fd30348907495707,2026-08-30T09:46:05+00:00,3650.0,9,180,44,13.968,2.8000000000000114,32
fit:11ba0ac28d468bdc19c88c55a8774bab8f7f966b006f61c6fd30348907495707,2026-08-30T09:46:06+00:00,3651.0,9,181,44,13.789,3.3999999999999773,32
fit:11ba0ac28d468bdc19c88c55a8774bab8f7f966b006f61c6fd30348907495707,2026-08-30T09:46:07+00:00,3652.0,8,181,52,13.629,4.0,32
fit:11ba0ac28d468bdc19c88c55a8774bab8f7f966b006f61c6fd30348907495707,2026-08-30T09:46:08+00:00,3653.0,7,181,50,13.398,4.399999999999977,32
fit:11ba0ac28d468bdc19c88c55a8774bab8f7f966b006f61c6fd30348907495707,2026-08-30T09:46:09+00:00,3654.0,7,182,47,13.236,5.0,32
fit:11ba0ac28d468bdc19c88c55a8774bab8f7f966b006f61c6fd30348907495707,2026-08-30T09:46:10+00:00,3655.0,6,182,45,12.857,5.0,32
fit:11ba0ac28d468bdc19c88c55a8774bab8f7f966b006f61c6fd30348907495707,2026-08-30T09:46:11+00:00,3656.0,0,182,0,12.562,5.0,32
fit:11ba0ac28d468bdc19c88c55a8774bab8f7f966b006f61c6fd30348907495707,2026-08-30T09:46:12+00:00,3657.0,0,182,0,12.276,5.0,32
fit:11ba0ac28d468bdc19c88c55a8774bab8f7f966b006f61c6fd30348907495707,2026-08-30T09:46:13+00:00,3658.0,62,182,0,12.074,5.0,32
fit:11ba0ac28d468bdc19c88c55a8774bab8f7f966b006f61c6fd30348907495707,2026-08-30T09:46:14+00:00,3659.0,309,182,73,11.914,5.0,32
fit:11ba0ac28d468bdc19c88c55a8774bab8f7f966b006f61c6fd30348907495707,2026-08-30T09:46:15+00:00,3660.0,357,182,83,11.874,5.0,32
fit:11ba0ac28d468bdc19c88c55a8774bab8f7f966b006f61c6fd30348907495707,2026-08-30T09:46:16+00:00,3661.0,253,181,84,11.911,5.0,32
fit:11ba0ac28d468bdc19c88c55a8774bab8f7f966b006f61c6fd30348907495707,2026-08-30T09:46:17+00:00,3662.0,253,181,85,12.031,5.0,32
fit:11ba0ac28d468bdc19c88c55a8774bab8f7f966b006f61c6fd30348907495707,2026-08-30T09:46:18+00:00,3663.0,287,181,86,12.086,4.800000000000011,32
fit:11ba0ac28d468bdc19c88c55a8774bab8f7f966b006f61c6fd30348907495707,2026-08-30T09:46:19+00:00,3664.0,246,180,86,12.304,4.800000000000011,32
fit:11ba0ac28d468bdc19c88c55a8774bab8f7f966b006f61c6fd30348907495707,2026-08-30T09:46:20+00:00,3665.0,367,180,87,12.344,4.800000000000011,32
fit:11ba0ac28d468bdc19c88c55a8774bab8f7f966b006f61c6fd30348907495707,2026-08-30T09:46:21+00:00,3666.0,303,180,89,12.551,4.800000000000011,32
fit:11ba0ac28d468bdc19c88c55a8774bab8f7f966b006f61c6fd30348907495707,2026-08-30T09:46:22+00:00,3667.0,258,180,89,12.71,4.800000000000011,32
fit:11ba0ac28d468bdc19c88c55a8774bab8f7f966b006f61c6fd30348907495707,2026-08-30T09:46:23+00:00,3668.0,277,180,90,12.784,4.800000000000011,32
fit:11ba0ac28d468bdc19c88c55a8774bab8f7f966b006f61c6fd30348907495707,2026-08-30T09:46:24+00:00,3669.0,381,179,90,12.792,4.0,32
fit:11ba0ac28d468bdc19c88c55a8774bab8f7f966b006f61c6fd30348907495707,2026-08-30T09:46:25+00:00,3670.0,431,179,91,12.842,3.3999999999999773,32
fit:11ba0ac28d468bdc19c88c55a8774bab8f7f966b006f61c6fd30348907495707,2026-08-30T09:46:26+00:00,3671.0,439,178,91,12.918,3.1999999999999886,32
fit:11ba0ac28d468bdc19c88c55a8774bab8f7f966b006f61c6fd30348907495707,2026-08-30T09:46:27+00:00,3672.0,619,178,93,13.162,3.1999999999999886,32
fit:11ba0ac28d468bdc19c88c55a8774bab8f7f966b006f61c6fd30348907495707,2026-08-30T09:46:28+00:00,3673.0,698,178,96,13.345,3.1999999999999886,32
fit:11ba0ac28d468bdc19c88c55a8774bab8f7f966b006f61c6fd30348907495707,2026-08-30T09:46:29+00:00,3674.0,615,178,99,13.524,4.199999999999989,32
fit:11ba0ac28d468bdc19c88c55a8774bab8f7f966b006f61c6fd30348907495707,2026-08-30T09:46:30+00:00,3675.0,615,178,99,13.908,4.399999999999977,32
fit:11ba0ac28d468bdc19c88c55a8774bab8f7f966b006f61c6fd30348907495707,2026-08-30T09:46:31+00:00,3676.0,415,179,100,14.165,5.399999999999977,32
fit:11ba0ac28d468bdc19c88c55a8774bab8f7f966b006f61c6fd30348907495707,2026-08-30T09:46:32+00:00,3677.0,298,180,101,14.201,5.399999999999977,32
fit:11ba0ac28d468bdc19c88c55a8774bab8f7f966b006f61c6fd30348907495707,2026-08-30T09:46:33+00:00,3678.0,251,180,101,14.499,5.399999999999977,32
fit:11ba0ac28d468bdc19c88c55a8774bab8f7f966b006f61c6fd30348907495707,2026-08-30T09:46:34+00:00,3679.0,195,180,101,14.444,5.399999999999977,32
fit:11ba0ac28d468bdc19c88c55a8774bab8f7f966b006f61c6fd30348907495707,2026-08-30T09:46:35+00:00,3680.0,195,181,101,14.438,5.399999999999977,32
fit:11ba0ac28d468bdc19c88c55a8774bab8f7f966b006f61c6fd30348907495707,2026-08-30T09:46:36+00:00,3681.0,195,181,101,14.246,4.800000000000011,32
fit:11ba0ac28d468bdc19c88c55a8774bab8f7f966b006f61c6fd30348907495707,2026-08-30T09:46:37+00:00,3682.0,195,181,101,14.107,4.399999999999977,32
fit:11ba0ac28d468bdc19c88c55a8774bab8f7f966b006f61c6fd30348907495707,2026-08-30T09:46:38+00:00,3683.0,191,182,99,13.963,3.3999999999999773,32
fit:11ba0ac28d468bdc19c88c55a8774bab8f7f966b006f61c6fd30348907495707,2026-08-30T09:46:39+00:00,3684.0,0,182,0,13.731,3.3999999999999773,32
fit:11ba0ac28d468bdc19c88c55a8774bab8f7f966b006f61c6fd30348907495707,2026-08-30T09:46:40+00:00,3685.0,0,186,0,13.467,3.3999999999999773,32
fit:11ba0ac28d468bdc19c88c55a8774bab8f7f966b006f61c6fd30348907495707,2026-08-30T09:46:41+00:00,3686.0,0,186,0,13.197,4.399999999999977,32
fit:11ba0ac28d468bdc19c88c55a8774bab8f7f966b006f61c6fd30348907495707,2026-08-30T09:46:42+00:00,3687.0,0,187,0,13.044,5.399999999999977,32
fit:11ba0ac28d468bdc19c88c55a8774bab8f7f966b006f61c6fd30348907495707,2026-08-30T09:46:43+00:00,3688.0,0,187,0,12.814,5.399999999999977,32
fit:11ba0ac28d468bdc19c88c55a8774bab8f7f966b006f61c6fd30348907495707,2026-08-30T09:46:44+00:00,3689.0,0,186,0,12.587,5.399999999999977,32
fit:11ba0ac28d468bdc19c88c55a8774bab8f7f966b006f61c6fd30348907495707,2026-08-30T09:46:45+00:00,3690.0,0,185,0,12.301,4.399999999999977,32
fit:11ba0ac28d468bdc19c88c55a8774bab8f7f966b006f61c6fd30348907495707,2026-08-30T09:46:46+00:00,3691.0,84,186,72,12.12,4.399999999999977,32
fit:11ba0ac28d468bdc19c88c55a8774bab8f7f966b006f61c6fd30348907495707,2026-08-30T09:46:47+00:00,3692.0,10,186,59,11.958,4.399999999999977,32
fit:11ba0ac28d468bdc19c88c55a8774bab8f7f966b006f61c6fd30348907495707,2026-08-30T09:46:48+00:00,3693.0,11,185,67,11.927,5.0,32
fit:11ba0ac28d468bdc19c88c55a8774bab8f7f966b006f61c6fd30348907495707,2026-08-30T09:46:49+00:00,3694.0,61,184,81,11.773,5.600000000000023,32
fit:11ba0ac28d468bdc19c88c55a8774bab8f7f966b006f61c6fd30348907495707,2026-08-30T09:46:50+00:00,3695.0,62,182,81,11.703,5.600000000000023,32
fit:11ba0ac28d468bdc19c88c55a8774bab8f7f966b006f61c6fd30348907495707,2026-08-30T09:46:51+00:00,3696.0,229,186,81,11.622,5.600000000000023,32
fit:11ba0ac28d468bdc19c88c55a8774bab8f7f966b006f61c6fd30348907495707,2026-08-30T09:46:52+00:00,3697.0,172,185,82,11.643,5.600000000000023,32
fit:11ba0ac28d468bdc19c88c55a8774bab8f7f966b006f61c6fd30348907495707,2026-08-30T09:46:53+00:00,3698.0,370,184,83,11.821,5.600000000000023,32
fit:11ba0ac28d468bdc19c88c55a8774bab8f7f966b006f61c6fd30348907495707,2026-08-30T09:46:54+00:00,3699.0,370,184,83,12.003,4.600000000000023,32
fit:11ba0ac28d468bdc19c88c55a8774bab8f7f966b006f61c6fd30348907495707,2026-08-30T09:46:55+00:00,3700.0,363,184,85,12.092,4.600000000000023,32
fit:11ba0ac28d468bdc19c88c55a8774bab8f7f966b006f61c6fd30348907495707,2026-08-30T09:46:56+00:00,3701.0,307,184,87,12.153,4.600000000000023,32
fit:11ba0ac28d468bdc19c88c55a8774bab8f7f966b006f61c6fd30348907495707,2026-08-30T09:46:57+00:00,3702.0,404,184,87,12.28,4.600000000000023,32
fit:11ba0ac28d468bdc19c88c55a8774bab8f7f966b006f61c6fd30348907495707,2026-08-30T09:46:58+00:00,3703.0,375,184,89,12.423,4.600000000000023,32
fit:11ba0ac28d468bdc19c88c55a8774bab8f7f966b006f61c6fd30348907495707,2026-08-30T09:46:59+00:00,3704.0,62,183,88,12.591,4.600000000000023,32
fit:11ba0ac28d468bdc19c88c55a8774bab8f7f966b006f61c6fd30348907495707,2026-08-30T09:47:00+00:00,3705.0,62,182,88,12.584,5.399999999999977,32
fit:11ba0ac28d468bdc19c88c55a8774bab8f7f966b006f61c6fd30348907495707,2026-08-30T09:47:01+00:00,3706.0,62,182,56,12.552,5.800000000000011,32
fit:11ba0ac28d468bdc19c88c55a8774bab8f7f966b006f61c6fd30348907495707,2026-08-30T09:47:02+00:00,3707.0,62,182,56,12.448,6.399999999999977,32
fit:11ba0ac28d468bdc19c88c55a8774bab8f7f966b006f61c6fd30348907495707,2026-08-30T09:47:03+00:00,3708.0,59,181,55,12.404,6.399999999999977,32
fit:11ba0ac28d468bdc19c88c55a8774bab8f7f966b006f61c6fd30348907495707,2026-08-30T09:47:04+00:00,3709.0,53,180,52,12.276,6.399999999999977,32
fit:11ba0ac28d468bdc19c88c55a8774bab8f7f966b006f61c6fd30348907495707,2026-08-30T09:47:05+00:00,3710.0,48,180,49,11.723,5.399999999999977,32
fit:11ba0ac28d468bdc19c88c55a8774bab8f7f966b006f61c6fd30348907495707,2026-08-30T09:47:06+00:00,3711.0,0,179,0,11.268,5.399999999999977,32
fit:11ba0ac28d468bdc19c88c55a8774bab8f7f966b006f61c6fd30348907495707,2026-08-30T09:47:07+00:00,3712.0,0,179,0,10.715,5.399999999999977,32
fit:11ba0ac28d468bdc19c88c55a8774bab8f7f966b006f61c6fd30348907495707,2026-08-30T09:47:08+00:00,3713.0,0,178,0,10.311,6.199999999999989,32
fit:11ba0ac28d468bdc19c88c55a8774bab8f7f966b006f61c6fd30348907495707,2026-08-30T09:47:09+00:00,3714.0,0,178,58,9.994,6.199999999999989,32
fit:11ba0ac28d468bdc19c88c55a8774bab8f7f966b006f61c6fd30348907495707,2026-08-30T09:47:10+00:00,3715.0,0,179,57,9.431,6.199999999999989,32
fit:11ba0ac28d468bdc19c88c55a8774bab8f7f966b006f61c6fd30348907495707,2026-08-30T09:47:11+00:00,3716.0,0,178,54,9.005,6.199999999999989,32
fit:11ba0ac28d468bdc19c88c55a8774bab8f7f966b006f61c6fd30348907495707,2026-08-30T09:47:12+00:00,3717.0,0,177,52,8.577,6.199999999999989,32
fit:11ba0ac28d468bdc19c88c55a8774bab8f7f966b006f61c6fd30348907495707,2026-08-30T09:47:13+00:00,3718.0,57,176,65,8.325,6.199999999999989,32
fit:11ba0ac28d468bdc19c88c55a8774bab8f7f966b006f61c6fd30348907495707,2026-08-30T09:47:14+00:00,3719.0,284,176,65,8.536,6.199999999999989,32
fit:11ba0ac28d468bdc19c88c55a8774bab8f7f966b006f61c6fd30348907495707,2026-08-30T09:47:15+00:00,3720.0,694,175,73,8.968,6.199999999999989,32
fit:11ba0ac28d468bdc19c88c55a8774bab8f7f966b006f61c6fd30348907495707,2026-08-30T09:47:16+00:00,3721.0,683,174,77,9.441,6.199999999999989,32
fit:11ba0ac28d468bdc19c88c55a8774bab8f7f966b006f61c6fd30348907495707,2026-08-30T09:47:17+00:00,3722.0,534,174,83,10.061,5.399999999999977,32
fit:11ba0ac28d468bdc19c88c55a8774bab8f7f966b006f61c6fd30348907495707,2026-08-30T09:47:18+00:00,3723.0,345,174,86,10.765,4.399999999999977,32
fit:11ba0ac28d468bdc19c88c55a8774bab8f7f966b006f61c6fd30348907495707,2026-08-30T09:47:19+00:00,3724.0,133,173,87,11.155,4.399999999999977,32
fit:11ba0ac28d468bdc19c88c55a8774bab8f7f966b006f61c6fd30348907495707,2026-08-30T09:47:20+00:00,3725.0,263,173,87,11.375,4.399999999999977,32
fit:11ba0ac28d468bdc19c88c55a8774bab8f7f966b006f61c6fd30348907495707,2026-08-30T09:47:21+00:00,3726.0,152,173,89,11.556,5.0,32
fit:11ba0ac28d468bdc19c88c55a8774bab8f7f966b006f61c6fd30348907495707,2026-08-30T09:47:22+00:00,3727.0,79,173,89,11.703,5.0,32
fit:11ba0ac28d468bdc19c88c55a8774bab8f7f966b006f61c6fd30348907495707,2026-08-30T09:47:23+00:00,3728.0,79,173,89,11.766,5.0,32
fit:11ba0ac28d468bdc19c88c55a8774bab8f7f966b006f61c6fd30348907495707,2026-08-30T09:47:24+00:00,3729.0,79,173,67,11.732,5.0,32
fit:11ba0ac28d468bdc19c88c55a8774bab8f7f966b006f61c6fd30348907495707,2026-08-30T09:47:25+00:00,3730.0,79,174,67,11.679,5.0,32
fit:11ba0ac28d468bdc19c88c55a8774bab8f7f966b006f61c6fd30348907495707,2026-08-30T09:47:26+00:00,3731.0,79,174,67,11.587,5.0,32
fit:11ba0ac28d468bdc19c88c55a8774bab8f7f966b006f61c6fd30348907495707,2026-08-30T09:47:27+00:00,3732.0,79,174,67,11.523,5.0,32
fit:11ba0ac28d468bdc19c88c55a8774bab8f7f966b006f61c6fd30348907495707,2026-08-30T09:47:28+00:00,3733.0,42,174,85,11.393,5.0,32
fit:11ba0ac28d468bdc19c88c55a8774bab8f7f966b006f61c6fd30348907495707,2026-08-30T09:47:29+00:00,3734.0,724,174,88,11.413,5.0,32
fit:11ba0ac28d468bdc19c88c55a8774bab8f7f966b006f61c6fd30348907495707,2026-08-30T09:47:30+00:00,3735.0,590,174,91,11.471,5.0,32
fit:11ba0ac28d468bdc19c88c55a8774bab8f7f966b006f61c6fd30348907495707,2026-08-30T09:47:31+00:00,3736.0,473,175,94,11.803,5.0,32
fit:11ba0ac28d468bdc19c88c55a8774bab8f7f966b006f61c6fd30348907495707,2026-08-30T09:47:32+00:00,3737.0,431,175,96,12.2,5.0,32
fit:11ba0ac28d468bdc19c88c55a8774bab8f7f966b006f61c6fd30348907495707,2026-08-30T09:47:33+00:00,3738.0,437,175,97,12.592,5.0,32
fit:11ba0ac28d468bdc19c88c55a8774bab8f7f966b006f61c6fd30348907495707,2026-08-30T09:47:34+00:00,3739.0,225,175,97,12.789,5.0,32
fit:11ba0ac28d468bdc19c88c55a8774bab8f7f966b006f61c6fd30348907495707,2026-08-30T09:47:35+00:00,3740.0,145,176,97,12.828,5.0,32
fit:11ba0ac28d468bdc19c88c55a8774bab8f7f966b006f61c6fd30348907495707,2026-08-30T09:47:36+00:00,3741.0,181,175,97,12.973,5.0,32
fit:11ba0ac28d468bdc19c88c55a8774bab8f7f966b006f61c6fd30348907495707,2026-08-30T09:47:37+00:00,3742.0,444,175,98,12.996,5.0,32
fit:11ba0ac28d468bdc19c88c55a8774bab8f7f966b006f61c6fd30348907495707,2026-08-30T09:47:38+00:00,3743.0,444,176,98,13.112,5.0,32
fit:11ba0ac28d468bdc19c88c55a8774bab8f7f966b006f61c6fd30348907495707,2026-08-30T09:47:39+00:00,3744.0,246,176,87,13.173,5.0,32
fit:11ba0ac28d468bdc19c88c55a8774bab8f7f966b006f61c6fd30348907495707,2026-08-30T09:47:40+00:00,3745.0,82,176,87,13.115,5.0,32
fit:11ba0ac28d468bdc19c88c55a8774bab8f7f966b006f61c6fd30348907495707,2026-08-30T09:47:41+00:00,3746.0,97,176,86,13.049,5.0,32
fit:11ba0ac28d468bdc19c88c55a8774bab8f7f966b006f61c6fd30348907495707,2026-08-30T09:47:42+00:00,3747.0,97,176,86,12.894,5.0,32
fit:11ba0ac28d468bdc19c88c55a8774bab8f7f966b006f61c6fd30348907495707,2026-08-30T09:47:43+00:00,3748.0,226,176,87,12.698,5.0,32
fit:11ba0ac28d468bdc19c88c55a8774bab8f7f966b006f61c6fd30348907495707,2026-08-30T09:47:44+00:00,3749.0,166,176,87,12.585,5.0,32
fit:11ba0ac28d468bdc19c88c55a8774bab8f7f966b006f61c6fd30348907495707,2026-08-30T09:47:45+00:00,3750.0,173,176,88,12.556,5.0,32
fit:11ba0ac28d468bdc19c88c55a8774bab8f7f966b006f61c6fd30348907495707,2026-08-30T09:47:46+00:00,3751.0,206,176,88,12.531,5.0,32
fit:11ba0ac28d468bdc19c88c55a8774bab8f7f966b006f61c6fd30348907495707,2026-08-30T09:47:47+00:00,3752.0,291,176,89,12.549,5.199999999999989,32
fit:11ba0ac28d468bdc19c88c55a8774bab8f7f966b006f61c6fd30348907495707,2026-08-30T09:47:48+00:00,3753.0,427,177,90,12.551,5.600000000000023,32
fit:11ba0ac28d468bdc19c88c55a8774bab8f7f966b006f61c6fd30348907495707,2026-08-30T09:47:49+00:00,3754.0,284,177,91,12.775,5.600000000000023,32
fit:11ba0ac28d468bdc19c88c55a8774bab8f7f966b006f61c6fd30348907495707,2026-08-30T09:47:50+00:00,3755.0,284,177,91,12.862,5.600000000000023,32
fit:11ba0ac28d468bdc19c88c55a8774bab8f7f966b006f61c6fd30348907495707,2026-08-30T09:47:51+00:00,3756.0,465,178,93,12.994,5.600000000000023,32
fit:11ba0ac28d468bdc19c88c55a8774bab8f7f966b006f61c6fd30348907495707,2026-08-30T09:47:52+00:00,3757.0,514,178,95,13.185,5.600000000000023,32
fit:11ba0ac28d468bdc19c88c55a8774bab8f7f966b006f61c6fd30348907495707,2026-08-30T09:47:53+00:00,3758.0,607,177,97,13.421,5.600000000000023,32
fit:11ba0ac28d468bdc19c88c55a8774bab8f7f966b006f61c6fd30348907495707,2026-08-30T09:47:54+00:00,3759.0,586,177,99,13.897,4.600000000000023,32
fit:11ba0ac28d468bdc19c88c55a8774bab8f7f966b006f61c6fd30348907495707,2026-08-30T09:47:55+00:00,3760.0,587,177,99,14.038,4.600000000000023,32
fit:11ba0ac28d468bdc19c88c55a8774bab8f7f966b006f61c6fd30348907495707,2026-08-30T09:47:56+00:00,3761.0,426,178,101,14.22,4.600000000000023,32
fit:11ba0ac28d468bdc19c88c55a8774bab8f7f966b006f61c6fd30348907495707,2026-08-30T09:47:57+00:00,3762.0,384,179,102,14.498,4.600000000000023,32
fit:11ba0ac28d468bdc19c88c55a8774bab8f7f966b006f61c6fd30348907495707,2026-08-30T09:47:58+00:00,3763.0,345,179,103,14.533,4.600000000000023,32
fit:11ba0ac28d468bdc19c88c55a8774bab8f7f966b006f61c6fd30348907495707,2026-08-30T09:47:59+00:00,3764.0,158,179,96,14.748,4.600000000000023,32
fit:11ba0ac28d468bdc19c88c55a8774bab8f7f966b006f61c6fd30348907495707,2026-08-30T09:48:00+00:00,3765.0,158,180,96,14.661,4.600000000000023,32
fit:11ba0ac28d468bdc19c88c55a8774bab8f7f966b006f61c6fd30348907495707,2026-08-30T09:48:01+00:00,3766.0,21,181,64,14.485,4.600000000000023,32
fit:11ba0ac28d468bdc19c88c55a8774bab8f7f966b006f61c6fd30348907495707,2026-08-30T09:48:02+00:00,3767.0,22,181,93,14.291,5.600000000000023,32
fit:11ba0ac28d468bdc19c88c55a8774bab8f7f966b006f61c6fd30348907495707,2026-08-30T09:48:03+00:00,3768.0,22,181,93,14.123,5.600000000000023,32
fit:11ba0ac28d468bdc19c88c55a8774bab8f7f966b006f61c6fd30348907495707,2026-08-30T09:48:04+00:00,3769.0,22,182,93,13.965,5.600000000000023,32
fit:11ba0ac28d468bdc19c88c55a8774bab8f7f966b006f61c6fd30348907495707,2026-08-30T09:48:05+00:00,3770.0,22,183,93,13.806,4.600000000000023,32
fit:11ba0ac28d468bdc19c88c55a8774bab8f7f966b006f61c6fd30348907495707,2026-08-30T09:48:06+00:00,3771.0,19,183,89,13.605,4.600000000000023,32
fit:11ba0ac28d468bdc19c88c55a8774bab8f7f966b006f61c6fd30348907495707,2026-08-30T09:48:07+00:00,3772.0,0,183,0,13.364,4.600000000000023,32
fit:11ba0ac28d468bdc19c88c55a8774bab8f7f966b006f61c6fd30348907495707,2026-08-30T09:48:08+00:00,3773.0,0,184,0,13.221,4.800000000000011,32
fit:11ba0ac28d468bdc19c88c55a8774bab8f7f966b006f61c6fd30348907495707,2026-08-30T09:48:09+00:00,3774.0,0,184,0,12.851,5.199999999999989,32
fit:11ba0ac28d468bdc19c88c55a8774bab8f7f966b006f61c6fd30348907495707,2026-08-30T09:48:10+00:00,3775.0,0,184,0,12.453,5.199999999999989,32
fit:11ba0ac28d468bdc19c88c55a8774bab8f7f966b006f61c6fd30348907495707,2026-08-30T09:48:11+00:00,3776.0,0,184,0,12.135,5.199999999999989,32
fit:11ba0ac28d468bdc19c88c55a8774bab8f7f966b006f61c6fd30348907495707,2026-08-30T09:48:12+00:00,3777.0,0,184,0,11.667,5.199999999999989,32
fit:11ba0ac28d468bdc19c88c55a8774bab8f7f966b006f61c6fd30348907495707,2026-08-30T09:48:13+00:00,3778.0,0,184,0,11.22,5.199999999999989,32
fit:11ba0ac28d468bdc19c88c55a8774bab8f7f966b006f61c6fd30348907495707,2026-08-30T09:48:14+00:00,3779.0,0,183,0,10.609,5.199999999999989,32
fit:11ba0ac28d468bdc19c88c55a8774bab8f7f966b006f61c6fd30348907495707,2026-08-30T09:48:15+00:00,3780.0,0,183,21,10.213,5.199999999999989,32
fit:11ba0ac28d468bdc19c88c55a8774bab8f7f966b006f61c6fd30348907495707,2026-08-30T09:48:16+00:00,3781.0,0,182,21,9.585,5.199999999999989,32
fit:11ba0ac28d468bdc19c88c55a8774bab8f7f966b006f61c6fd30348907495707,2026-08-30T09:48:17+00:00,3782.0,79,181,31,8.916,5.199999999999989,32
fit:11ba0ac28d468bdc19c88c55a8774bab8f7f966b006f61c6fd30348907495707,2026-08-30T09:48:18+00:00,3783.0,736,180,73,8.17,5.199999999999989,32
fit:11ba0ac28d468bdc19c88c55a8774bab8f7f966b006f61c6fd30348907495707,2026-08-30T09:48:19+00:00,3784.0,733,180,81,8.684,5.199999999999989,32
fit:11ba0ac28d468bdc19c88c55a8774bab8f7f966b006f61c6fd30348907495707,2026-08-30T09:48:20+00:00,3785.0,734,180,81,9.532,5.199999999999989,32
fit:11ba0ac28d468bdc19c88c55a8774bab8f7f966b006f61c6fd30348907495707,2026-08-30T09:48:21+00:00,3786.0,734,180,81,10.095,4.800000000000011,32
fit:11ba0ac28d468bdc19c88c55a8774bab8f7f966b006f61c6fd30348907495707,2026-08-30T09:48:22+00:00,3787.0,542,180,93,10.609,4.800000000000011,32
fit:11ba0ac28d468bdc19c88c55a8774bab8f7f966b006f61c6fd30348907495707,2026-08-30T09:48:23+00:00,3788.0,514,180,95,11.154,4.800000000000011,32
fit:11ba0ac28d468bdc19c88c55a8774bab8f7f966b006f61c6fd30348907495707,2026-08-30T09:48:24+00:00,3789.0,397,180,99,11.675,5.0,32
fit:11ba0ac28d468bdc19c88c55a8774bab8f7f966b006f61c6fd30348907495707,2026-08-30T09:48:25+00:00,3790.0,248,180,100,11.982,5.0,32
fit:11ba0ac28d468bdc19c88c55a8774bab8f7f966b006f61c6fd30348907495707,2026-08-30T09:48:26+00:00,3791.0,137,180,99,12.294,5.0,32
fit:11ba0ac28d468bdc19c88c55a8774bab8f7f966b006f61c6fd30348907495707,2026-08-30T09:48:27+00:00,3792.0,57,180,93,12.444,5.0,32
fit:11ba0ac28d468bdc19c88c55a8774bab8f7f966b006f61c6fd30348907495707,2026-08-30T09:48:28+00:00,3793.0,56,180,92,12.471,5.0,32
fit:11ba0ac28d468bdc19c88c55a8774bab8f7f966b006f61c6fd30348907495707,2026-08-30T09:48:29+00:00,3794.0,39,181,91,12.439,4.600000000000023,32
fit:11ba0ac28d468bdc19c88c55a8774bab8f7f966b006f61c6fd30348907495707,2026-08-30T09:48:30+00:00,3795.0,37,181,88,12.36,3.8000000000000114,32
fit:11ba0ac28d468bdc19c88c55a8774bab8f7f966b006f61c6fd30348907495707,2026-08-30T09:48:31+00:00,3796.0,37,181,88,12.227,3.3999999999999773,32
fit:11ba0ac28d468bdc19c88c55a8774bab8f7f966b006f61c6fd30348907495707,2026-08-30T09:48:32+00:00,3797.0,37,181,88,12.076,2.8000000000000114,32
fit:11ba0ac28d468bdc19c88c55a8774bab8f7f966b006f61c6fd30348907495707,2026-08-30T09:48:33+00:00,3798.0,101,181,86,11.856,2.8000000000000114,32
fit:11ba0ac28d468bdc19c88c55a8774bab8f7f966b006f61c6fd30348907495707,2026-08-30T09:48:34+00:00,3799.0,101,181,87,11.642,2.8000000000000114,32
fit:11ba0ac28d468bdc19c88c55a8774bab8f7f966b006f61c6fd30348907495707,2026-08-30T09:48:35+00:00,3800.0,246,181,91,11.482,3.1999999999999886,32
fit:11ba0ac28d468bdc19c88c55a8774bab8f7f966b006f61c6fd30348907495707,2026-08-30T09:48:36+00:00,3801.0,218,181,91,11.341,3.8000000000000114,32
fit:11ba0ac28d468bdc19c88c55a8774bab8f7f966b006f61c6fd30348907495707,2026-08-30T09:48:37+00:00,3802.0,173,181,90,11.276,4.399999999999977,32
fit:11ba0ac28d468bdc19c88c55a8774bab8f7f966b006f61c6fd30348907495707,2026-08-30T09:48:38+00:00,3803.0,65,181,90,11.257,4.399999999999977,32
fit:11ba0ac28d468bdc19c88c55a8774bab8f7f966b006f61c6fd30348907495707,2026-08-30T09:48:39+00:00,3804.0,119,181,90,11.243,4.399999999999977,32
fit:11ba0ac28d468bdc19c88c55a8774bab8f7f966b006f61c6fd30348907495707,2026-08-30T09:48:40+00:00,3805.0,98,181,89,11.158,3.3999999999999773,32
fit:11ba0ac28d468bdc19c88c55a8774bab8f7f966b006f61c6fd30348907495707,2026-08-30T09:48:41+00:00,3806.0,98,181,59,11.084,3.3999999999999773,32
fit:11ba0ac28d468bdc19c88c55a8774bab8f7f966b006f61c6fd30348907495707,2026-08-30T09:48:42+00:00,3807.0,215,180,87,10.963,3.3999999999999773,32
fit:11ba0ac28d468bdc19c88c55a8774bab8f7f966b006f61c6fd30348907495707,2026-08-30T09:48:43+00:00,3808.0,289,180,88,10.94,4.399999999999977,32
fit:11ba0ac28d468bdc19c88c55a8774bab8f7f966b006f61c6fd30348907495707,2026-08-30T09:48:44+00:00,3809.0,243,180,89,10.923,5.199999999999989,32
fit:11ba0ac28d468bdc19c88c55a8774bab8f7f966b006f61c6fd30348907495707,2026-08-30T09:48:45+00:00,3810.0,243,179,89,10.956,5.199999999999989,32
fit:11ba0ac28d468bdc19c88c55a8774bab8f7f966b006f61c6fd30348907495707,2026-08-30T09:48:46+00:00,3811.0,92,179,87,11.007,5.199999999999989,32
fit:11ba0ac28d468bdc19c88c55a8774bab8f7f966b006f61c6fd30348907495707,2026-08-30T09:48:47+00:00,3812.0,96,179,86,11.053,5.0,32
fit:11ba0ac28d468bdc19c88c55a8774bab8f7f966b006f61c6fd30348907495707,2026-08-30T09:48:48+00:00,3813.0,186,179,88,11.002,4.800000000000011,32
fit:11ba0ac28d468bdc19c88c55a8774bab8f7f966b006f61c6fd30348907495707,2026-08-30T09:48:49+00:00,3814.0,275,179,88,10.946,4.800000000000011,32
fit:11ba0ac28d468bdc19c88c55a8774bab8f7f966b006f61c6fd30348907495707,2026-08-30T09:48:50+00:00,3815.0,319,178,89,10.967,4.800000000000011,32
fit:11ba0ac28d468bdc19c88c55a8774bab8f7f966b006f61c6fd30348907495707,2026-08-30T09:48:51+00:00,3816.0,320,177,90,11.02,4.800000000000011,32
fit:11ba0ac28d468bdc19c88c55a8774bab8f7f966b006f61c6fd30348907495707,2026-08-30T09:48:52+00:00,3817.0,257,176,91,11.181,4.800000000000011,32
fit:11ba0ac28d468bdc19c88c55a8774bab8f7f966b006f61c6fd30348907495707,2026-08-30T09:48:53+00:00,3818.0,122,175,91,11.246,4.800000000000011,32
fit:11ba0ac28d468bdc19c88c55a8774bab8f7f966b006f61c6fd30348907495707,2026-08-30T09:48:54+00:00,3819.0,148,175,91,11.313,4.800000000000011,32
fit:11ba0ac28d468bdc19c88c55a8774bab8f7f966b006f61c6fd30348907495707,2026-08-30T09:48:55+00:00,3820.0,265,175,90,11.284,4.800000000000011,32
fit:11ba0ac28d468bdc19c88c55a8774bab8f7f966b006f61c6fd30348907495707,2026-08-30T09:48:56+00:00,3821.0,311,174,92,11.309,4.800000000000011,32
fit:11ba0ac28d468bdc19c88c55a8774bab8f7f966b006f61c6fd30348907495707,2026-08-30T09:48:57+00:00,3822.0,233,174,93,11.34,4.800000000000011,32
fit:11ba0ac28d468bdc19c88c55a8774bab8f7f966b006f61c6fd30348907495707,2026-08-30T09:48:58+00:00,3823.0,88,174,93,11.459,3.8000000000000114,32
fit:11ba0ac28d468bdc19c88c55a8774bab8f7f966b006f61c6fd30348907495707,2026-08-30T09:48:59+00:00,3824.0,149,173,93,11.518,3.1999999999999886,32
fit:11ba0ac28d468bdc19c88c55a8774bab8f7f966b006f61c6fd30348907495707,2026-08-30T09:49:00+00:00,3825.0,149,173,93,11.541,3.1999999999999886,32
fit:11ba0ac28d468bdc19c88c55a8774bab8f7f966b006f61c6fd30348907495707,2026-08-30T09:49:01+00:00,3826.0,150,173,93,11.421,3.1999999999999886,32
fit:11ba0ac28d468bdc19c88c55a8774bab8f7f966b006f61c6fd30348907495707,2026-08-30T09:49:02+00:00,3827.0,150,174,93,11.218,4.199999999999989,32
fit:11ba0ac28d468bdc19c88c55a8774bab8f7f966b006f61c6fd30348907495707,2026-08-30T09:49:03+00:00,3828.0,37,174,82,11.008,4.199999999999989,32
fit:11ba0ac28d468bdc19c88c55a8774bab8f7f966b006f61c6fd30348907495707,2026-08-30T09:49:04+00:00,3829.0,37,174,82,10.867,4.199999999999989,32
fit:11ba0ac28d468bdc19c88c55a8774bab8f7f966b006f61c6fd30348907495707,2026-08-30T09:49:05+00:00,3830.0,38,174,82,10.461,4.199999999999989,32
fit:11ba0ac28d468bdc19c88c55a8774bab8f7f966b006f61c6fd30348907495707,2026-08-30T09:49:06+00:00,3831.0,38,174,82,10.074,5.199999999999989,32
fit:11ba0ac28d468bdc19c88c55a8774bab8f7f966b006f61c6fd30348907495707,2026-08-30T09:49:07+00:00,3832.0,38,173,82,9.335,5.600000000000023,32
fit:11ba0ac28d468bdc19c88c55a8774bab8f7f966b006f61c6fd30348907495707,2026-08-30T09:49:08+00:00,3833.0,38,173,82,8.639,5.600000000000023,32
fit:11ba0ac28d468bdc19c88c55a8774bab8f7f966b006f61c6fd30348907495707,2026-08-30T09:49:09+00:00,3834.0,0,173,0,8.174,5.600000000000023,32
fit:11ba0ac28d468bdc19c88c55a8774bab8f7f966b006f61c6fd30348907495707,2026-08-30T09:49:10+00:00,3835.0,0,171,58,7.967,4.600000000000023,32
fit:11ba0ac28d468bdc19c88c55a8774bab8f7f966b006f61c6fd30348907495707,2026-08-30T09:49:11+00:00,3836.0,0,171,67,8.224,3.6000000000000227,32
fit:11ba0ac28d468bdc19c88c55a8774bab8f7f966b006f61c6fd30348907495707,2026-08-30T09:49:12+00:00,3837.0,778,170,73,8.329,3.3999999999999773,32
fit:11ba0ac28d468bdc19c88c55a8774bab8f7f966b006f61c6fd30348907495707,2026-08-30T09:49:13+00:00,3838.0,820,170,84,8.97,3.3999999999999773,32
fit:11ba0ac28d468bdc19c88c55a8774bab8f7f966b006f61c6fd30348907495707,2026-08-30T09:49:14+00:00,3839.0,803,169,88,9.371,3.3999999999999773,32
fit:11ba0ac28d468bdc19c88c55a8774bab8f7f966b006f61c6fd30348907495707,2026-08-30T09:49:15+00:00,3840.0,615,169,94,10.064,4.399999999999977,32
fit:11ba0ac28d468bdc19c88c55a8774bab8f7f966b006f61c6fd30348907495707,2026-08-30T09:49:16+00:00,3841.0,593,170,96,10.731,5.399999999999977,32
fit:11ba0ac28d468bdc19c88c55a8774bab8f7f966b006f61c6fd30348907495707,2026-08-30T09:49:17+00:00,3842.0,555,170,97,11.272,5.399999999999977,32
fit:11ba0ac28d468bdc19c88c55a8774bab8f7f966b006f61c6fd30348907495707,2026-08-30T09:49:18+00:00,3843.0,319,171,97,11.86,5.399999999999977,32
fit:11ba0ac28d468bdc19c88c55a8774bab8f7f966b006f61c6fd30348907495707,2026-08-30T09:49:19+00:00,3844.0,159,172,97,12.082,5.399999999999977,32
fit:11ba0ac28d468bdc19c88c55a8774bab8f7f966b006f61c6fd30348907495707,2026-08-30T09:49:20+00:00,3845.0,201,173,97,12.102,5.399999999999977,32
fit:11ba0ac28d468bdc19c88c55a8774bab8f7f966b006f61c6fd30348907495707,2026-08-30T09:49:21+00:00,3846.0,223,174,97,11.985,4.399999999999977,32
fit:11ba0ac28d468bdc19c88c55a8774bab8f7f966b006f61c6fd30348907495707,2026-08-30T09:49:22+00:00,3847.0,118,175,96,11.878,4.399999999999977,32
fit:11ba0ac28d468bdc19c88c55a8774bab8f7f966b006f61c6fd30348907495707,2026-08-30T09:49:23+00:00,3848.0,75,176,96,11.953,4.399999999999977,32
fit:11ba0ac28d468bdc19c88c55a8774bab8f7f966b006f61c6fd30348907495707,2026-08-30T09:49:24+00:00,3849.0,75,176,96,11.918,4.399999999999977,32
fit:11ba0ac28d468bdc19c88c55a8774bab8f7f966b006f61c6fd30348907495707,2026-08-30T09:49:25+00:00,3850.0,75,177,96,11.839,4.399999999999977,32
fit:11ba0ac28d468bdc19c88c55a8774bab8f7f966b006f61c6fd30348907495707,2026-08-30T09:49:26+00:00,3851.0,37,178,91,11.87,5.399999999999977,32
fit:11ba0ac28d468bdc19c88c55a8774bab8f7f966b006f61c6fd30348907495707,2026-08-30T09:49:27+00:00,3852.0,37,178,91,11.636,5.600000000000023,32
fit:11ba0ac28d468bdc19c88c55a8774bab8f7f966b006f61c6fd30348907495707,2026-08-30T09:49:28+00:00,3853.0,37,178,91,11.485,5.600000000000023,32
fit:11ba0ac28d468bdc19c88c55a8774bab8f7f966b006f61c6fd30348907495707,2026-08-30T09:49:29+00:00,3854.0,37,178,91,11.396,5.600000000000023,32
fit:11ba0ac28d468bdc19c88c55a8774bab8f7f966b006f61c6fd30348907495707,2026-08-30T09:49:30+00:00,3855.0,3,178,0,11.263,5.600000000000023,32
fit:11ba0ac28d468bdc19c88c55a8774bab8f7f966b006f61c6fd30348907495707,2026-08-30T09:49:31+00:00,3856.0,270,177,89,11.178,4.800000000000011,32
fit:11ba0ac28d468bdc19c88c55a8774bab8f7f966b006f61c6fd30348907495707,2026-08-30T09:49:32+00:00,3857.0,203,177,89,11.055,4.800000000000011,32
fit:11ba0ac28d468bdc19c88c55a8774bab8f7f966b006f61c6fd30348907495707,2026-08-30T09:49:33+00:00,3858.0,151,177,89,11.16,4.800000000000011,32
fit:11ba0ac28d468bdc19c88c55a8774bab8f7f966b006f61c6fd30348907495707,2026-08-30T09:49:34+00:00,3859.0,204,177,89,11.059,5.399999999999977,32
fit:11ba0ac28d468bdc19c88c55a8774bab8f7f966b006f61c6fd30348907495707,2026-08-30T09:49:35+00:00,3860.0,200,177,90,11.143,5.600000000000023,32
fit:11ba0ac28d468bdc19c88c55a8774bab8f7f966b006f61c6fd30348907495707,2026-08-30T09:49:36+00:00,3861.0,200,177,90,11.18,6.600000000000023,32
fit:11ba0ac28d468bdc19c88c55a8774bab8f7f966b006f61c6fd30348907495707,2026-08-30T09:49:37+00:00,3862.0,265,176,91,11.308,6.600000000000023,32
fit:11ba0ac28d468bdc19c88c55a8774bab8f7f966b006f61c6fd30348907495707,2026-08-30T09:49:38+00:00,3863.0,123,176,92,11.326,6.600000000000023,32
fit:11ba0ac28d468bdc19c88c55a8774bab8f7f966b006f61c6fd30348907495707,2026-08-30T09:49:39+00:00,3864.0,92,175,92,11.269,5.600000000000023,33
fit:11ba0ac28d468bdc19c88c55a8774bab8f7f966b006f61c6fd30348907495707,2026-08-30T09:49:40+00:00,3865.0,93,175,92,11.289,5.199999999999989,33
fit:11ba0ac28d468bdc19c88c55a8774bab8f7f966b006f61c6fd30348907495707,2026-08-30T09:49:41+00:00,3866.0,111,175,91,11.314,5.199999999999989,32
fit:11ba0ac28d468bdc19c88c55a8774bab8f7f966b006f61c6fd30348907495707,2026-08-30T09:49:42+00:00,3867.0,10,175,30,11.118,5.199999999999989,33
fit:11ba0ac28d468bdc19c88c55a8774bab8f7f966b006f61c6fd30348907495707,2026-08-30T09:49:43+00:00,3868.0,472,175,90,11.097,5.199999999999989,33
fit:11ba0ac28d468bdc19c88c55a8774bab8f7f966b006f61c6fd30348907495707,2026-08-30T09:49:44+00:00,3869.0,315,175,92,11.08,5.199999999999989,33
fit:11ba0ac28d468bdc19c88c55a8774bab8f7f966b006f61c6fd30348907495707,2026-08-30T09:49:45+00:00,3870.0,216,176,92,11.171,5.199999999999989,33
fit:11ba0ac28d468bdc19c88c55a8774bab8f7f966b006f61c6fd30348907495707,2026-08-30T09:49:46+00:00,3871.0,178,176,92,11.309,5.199999999999989,33
fit:11ba0ac28d468bdc19c88c55a8774bab8f7f966b006f61c6fd30348907495707,2026-08-30T09:49:47+00:00,3872.0,97,177,92,11.337,6.199999999999989,33
fit:11ba0ac28d468bdc19c88c55a8774bab8f7f966b006f61c6fd30348907495707,2026-08-30T09:49:48+00:00,3873.0,65,177,90,11.263,6.800000000000011,33
fit:11ba0ac28d468bdc19c88c55a8774bab8f7f966b006f61c6fd30348907495707,2026-08-30T09:49:49+00:00,3874.0,23,177,31,11.283,6.800000000000011,33
fit:11ba0ac28d468bdc19c88c55a8774bab8f7f966b006f61c6fd30348907495707,2026-08-30T09:49:50+00:00,3875.0,23,177,31,11.176,6.800000000000011,33
fit:11ba0ac28d468bdc19c88c55a8774bab8f7f966b006f61c6fd30348907495707,2026-08-30T09:49:51+00:00,3876.0,201,177,89,11.157,5.800000000000011,33
fit:11ba0ac28d468bdc19c88c55a8774bab8f7f966b006f61c6fd30348907495707,2026-08-30T09:49:52+00:00,3877.0,196,176,88,10.964,5.600000000000023,33
fit:11ba0ac28d468bdc19c88c55a8774bab8f7f966b006f61c6fd30348907495707,2026-08-30T09:49:53+00:00,3878.0,153,176,89,10.91,4.600000000000023,33
fit:11ba0ac28d468bdc19c88c55a8774bab8f7f966b006f61c6fd30348907495707,2026-08-30T09:49:54+00:00,3879.0,180,176,89,11.094,4.600000000000023,33
fit:11ba0ac28d468bdc19c88c55a8774bab8f7f966b006f61c6fd30348907495707,2026-08-30T09:49:55+00:00,3880.0,181,176,89,10.901,4.600000000000023,33
fit:11ba0ac28d468bdc19c88c55a8774bab8f7f966b006f61c6fd30348907495707,2026-08-30T09:49:56+00:00,3881.0,318,176,91,11.025,4.600000000000023,33
fit:11ba0ac28d468bdc19c88c55a8774bab8f7f966b006f61c6fd30348907495707,2026-08-30T09:49:57+00:00,3882.0,333,175,91,11.079,4.600000000000023,33
fit:11ba0ac28d468bdc19c88c55a8774bab8f7f966b006f61c6fd30348907495707,2026-08-30T09:49:58+00:00,3883.0,209,175,92,11.257,5.399999999999977,33
fit:11ba0ac28d468bdc19c88c55a8774bab8f7f966b006f61c6fd30348907495707,2026-08-30T09:49:59+00:00,3884.0,179,174,92,11.386,5.399999999999977,33
fit:11ba0ac28d468bdc19c88c55a8774bab8f7f966b006f61c6fd30348907495707,2026-08-30T09:50:00+00:00,3885.0,179,174,92,11.432,5.399999999999977,33
fit:11ba0ac28d468bdc19c88c55a8774bab8f7f966b006f61c6fd30348907495707,2026-08-30T09:50:01+00:00,3886.0,124,174,92,11.49,5.399999999999977,33
fit:11ba0ac28d468bdc19c88c55a8774bab8f7f966b006f61c6fd30348907495707,2026-08-30T09:50:02+00:00,3887.0,193,172,92,11.398,6.199999999999989,33
fit:11ba0ac28d468bdc19c88c55a8774bab8f7f966b006f61c6fd30348907495707,2026-08-30T09:50:03+00:00,3888.0,203,172,92,11.49,6.199999999999989,33
fit:11ba0ac28d468bdc19c88c55a8774bab8f7f966b006f61c6fd30348907495707,2026-08-30T09:50:04+00:00,3889.0,219,172,92,11.526,6.199999999999989,33
fit:11ba0ac28d468bdc19c88c55a8774bab8f7f966b006f61c6fd30348907495707,2026-08-30T09:50:05+00:00,3890.0,281,171,92,11.605,6.199999999999989,33
fit:11ba0ac28d468bdc19c88c55a8774bab8f7f966b006f61c6fd30348907495707,2026-08-30T09:50:06+00:00,3891.0,173,171,94,11.621,6.199999999999989,33
fit:11ba0ac28d468bdc19c88c55a8774bab8f7f966b006f61c6fd30348907495707,2026-08-30T09:50:07+00:00,3892.0,287,171,94,11.599,6.199999999999989,33
fit:11ba0ac28d468bdc19c88c55a8774bab8f7f966b006f61c6fd30348907495707,2026-08-30T09:50:08+00:00,3893.0,326,170,95,11.61,6.199999999999989,33
fit:11ba0ac28d468bdc19c88c55a8774bab8f7f966b006f61c6fd30348907495707,2026-08-30T09:50:09+00:00,3894.0,255,170,96,11.697,6.199999999999989,33
fit:11ba0ac28d468bdc19c88c55a8774bab8f7f966b006f61c6fd30348907495707,2026-08-30T09:50:10+00:00,3895.0,255,170,96,11.835,5.199999999999989,33
fit:11ba0ac28d468bdc19c88c55a8774bab8f7f966b006f61c6fd30348907495707,2026-08-30T09:50:11+00:00,3896.0,245,170,97,11.793,5.199999999999989,33
fit:11ba0ac28d468bdc19c88c55a8774bab8f7f966b006f61c6fd30348907495707,2026-08-30T09:50:12+00:00,3897.0,209,170,98,11.994,5.199999999999989,33
fit:11ba0ac28d468bdc19c88c55a8774bab8f7f966b006f61c6fd30348907495707,2026-08-30T09:50:13+00:00,3898.0,202,170,97,12.093,5.199999999999989,33
fit:11ba0ac28d468bdc19c88c55a8774bab8f7f966b006f61c6fd30348907495707,2026-08-30T09:50:14+00:00,3899.0,194,170,97,12.158,5.199999999999989,33
fit:11ba0ac28d468bdc19c88c55a8774bab8f7f966b006f61c6fd30348907495707,2026-08-30T09:50:15+00:00,3900.0,194,170,97,12.173,6.199999999999989,33
fit:11ba0ac28d468bdc19c88c55a8774bab8f7f966b006f61c6fd30348907495707,2026-08-30T09:50:16+00:00,3901.0,23,170,25,11.946,6.199999999999989,33
fit:11ba0ac28d468bdc19c88c55a8774bab8f7f966b006f61c6fd30348907495707,2026-08-30T09:50:17+00:00,3902.0,120,170,94,11.822,6.199999999999989,33
fit:11ba0ac28d468bdc19c88c55a8774bab8f7f966b006f61c6fd30348907495707,2026-08-30T09:50:18+00:00,3903.0,120,171,94,11.747,5.199999999999989,33
fit:11ba0ac28d468bdc19c88c55a8774bab8f7f966b006f61c6fd30348907495707,2026-08-30T09:50:19+00:00,3904.0,120,171,94,11.303,5.199999999999989,33
fit:11ba0ac28d468bdc19c88c55a8774bab8f7f966b006f61c6fd30348907495707,2026-08-30T09:50:20+00:00,3905.0,120,171,94,10.774,5.199999999999989,33
fit:11ba0ac28d468bdc19c88c55a8774bab8f7f966b006f61c6fd30348907495707,2026-08-30T09:50:21+00:00,3906.0,120,170,94,9.799,6.199999999999989,33
fit:11ba0ac28d468bdc19c88c55a8774bab8f7f966b006f61c6fd30348907495707,2026-08-30T09:50:22+00:00,3907.0,0,170,0,9.173,6.199999999999989,33
fit:11ba0ac28d468bdc19c88c55a8774bab8f7f966b006f61c6fd30348907495707,2026-08-30T09:50:23+00:00,3908.0,0,170,0,8.631,6.199999999999989,33
fit:11ba0ac28d468bdc19c88c55a8774bab8f7f966b006f61c6fd30348907495707,2026-08-30T09:50:24+00:00,3909.0,0,170,65,8.278,6.199999999999989,33
fit:11ba0ac28d468bdc19c88c55a8774bab8f7f966b006f61c6fd30348907495707,2026-08-30T09:50:25+00:00,3910.0,543,170,71,8.334,6.199999999999989,33
fit:11ba0ac28d468bdc19c88c55a8774bab8f7f966b006f61c6fd30348907495707,2026-08-30T09:50:26+00:00,3911.0,687,170,71,8.586,7.199999999999989,33
fit:11ba0ac28d468bdc19c88c55a8774bab8f7f966b006f61c6fd30348907495707,2026-08-30T09:50:27+00:00,3912.0,661,171,78,9.053,7.600000000000023,33
fit:11ba0ac28d468bdc19c88c55a8774bab8f7f966b006f61c6fd30348907495707,2026-08-30T09:50:28+00:00,3913.0,556,171,84,9.604,7.600000000000023,33
fit:11ba0ac28d468bdc19c88c55a8774bab8f7f966b006f61c6fd30348907495707,2026-08-30T09:50:29+00:00,3914.0,467,171,85,10.0,7.600000000000023,33
fit:11ba0ac28d468bdc19c88c55a8774bab8f7f966b006f61c6fd30348907495707,2026-08-30T09:50:30+00:00,3915.0,386,172,86,10.193,7.600000000000023,33
fit:11ba0ac28d468bdc19c88c55a8774bab8f7f966b006f61c6fd30348907495707,2026-08-30T09:50:31+00:00,3916.0,386,172,86,10.334,7.199999999999989,33
fit:11ba0ac28d468bdc19c88c55a8774bab8f7f966b006f61c6fd30348907495707,2026-08-30T09:50:32+00:00,3917.0,468,173,85,10.385,7.199999999999989,33
fit:11ba0ac28d468bdc19c88c55a8774bab8f7f966b006f61c6fd30348907495707,2026-08-30T09:50:33+00:00,3918.0,548,174,85,10.547,7.199999999999989,33
fit:11ba0ac28d468bdc19c88c55a8774bab8f7f966b006f61c6fd30348907495707,2026-08-30T09:50:34+00:00,3919.0,512,174,85,10.709,7.399999999999977,33
fit:11ba0ac28d468bdc19c88c55a8774bab8f7f966b006f61c6fd30348907495707,2026-08-30T09:50:35+00:00,3920.0,357,175,84,10.564,7.399999999999977,33
fit:11ba0ac28d468bdc19c88c55a8774bab8f7f966b006f61c6fd30348907495707,2026-08-30T09:50:36+00:00,3921.0,265,176,83,10.412,7.399999999999977,33
fit:11ba0ac28d468bdc19c88c55a8774bab8f7f966b006f61c6fd30348907495707,2026-08-30T09:50:37+00:00,3922.0,469,176,82,10.233,7.399999999999977,33
fit:11ba0ac28d468bdc19c88c55a8774bab8f7f966b006f61c6fd30348907495707,2026-08-30T09:50:38+00:00,3923.0,458,177,81,10.169,8.399999999999977,33
fit:11ba0ac28d468bdc19c88c55a8774bab8f7f966b006f61c6fd30348907495707,2026-08-30T09:50:39+00:00,3924.0,401,178,81,10.148,9.199999999999989,33
fit:11ba0ac28d468bdc19c88c55a8774bab8f7f966b006f61c6fd30348907495707,2026-08-30T09:50:40+00:00,3925.0,401,179,81,9.897,10.199999999999989,33
fit:11ba0ac28d468bdc19c88c55a8774bab8f7f966b006f61c6fd30348907495707,2026-08-30T09:50:41+00:00,3926.0,419,179,82,9.971,11.199999999999989,33
fit:11ba0ac28d468bdc19c88c55a8774bab8f7f966b006f61c6fd30348907495707,2026-08-30T09:50:42+00:00,3927.0,502,180,84,10.214,11.199999999999989,33
fit:11ba0ac28d468bdc19c88c55a8774bab8f7f966b006f61c6fd30348907495707,2026-08-30T09:50:43+00:00,3928.0,506,181,88,10.395,11.199999999999989,33
fit:11ba0ac28d468bdc19c88c55a8774bab8f7f966b006f61c6fd30348907495707,2026-08-30T09:50:44+00:00,3929.0,544,181,90,10.74,11.199999999999989,33
fit:11ba0ac28d468bdc19c88c55a8774bab8f7f966b006f61c6fd30348907495707,2026-08-30T09:50:45+00:00,3930.0,544,182,90,11.039,11.199999999999989,33
fit:11ba0ac28d468bdc19c88c55a8774bab8f7f966b006f61c6fd30348907495707,2026-08-30T09:50:46+00:00,3931.0,289,182,91,11.233,10.800000000000011,33
fit:11ba0ac28d468bdc19c88c55a8774bab8f7f966b006f61c6fd30348907495707,2026-08-30T09:50:47+00:00,3932.0,250,183,92,11.37,10.399999999999977,33
fit:11ba0ac28d468bdc19c88c55a8774bab8f7f966b006f61c6fd30348907495707,2026-08-30T09:50:48+00:00,3933.0,307,184,94,11.536,10.399999999999977,33
fit:11ba0ac28d468bdc19c88c55a8774bab8f7f966b006f61c6fd30348907495707,2026-08-30T09:50:49+00:00,3934.0,432,185,97,11.688,10.399999999999977,33
fit:11ba0ac28d468bdc19c88c55a8774bab8f7f966b006f61c6fd30348907495707,2026-08-30T09:50:50+00:00,3935.0,432,185,97,12.058,10.399999999999977,33
fit:11ba0ac28d468bdc19c88c55a8774bab8f7f966b006f61c6fd30348907495707,2026-08-30T09:50:51+00:00,3936.0,168,185,99,12.351,10.399999999999977,33
fit:11ba0ac28d468bdc19c88c55a8774bab8f7f966b006f61c6fd30348907495707,2026-08-30T09:50:52+00:00,3937.0,30,186,71,12.345,10.399999999999977,33
fit:11ba0ac28d468bdc19c88c55a8774bab8f7f966b006f61c6fd30348907495707,2026-08-30T09:50:53+00:00,3938.0,30,186,71,12.442,10.399999999999977,33
fit:11ba0ac28d468bdc19c88c55a8774bab8f7f966b006f61c6fd30348907495707,2026-08-30T09:50:54+00:00,3939.0,30,186,71,12.855,10.399999999999977,33
fit:11ba0ac28d468bdc19c88c55a8774bab8f7f966b006f61c6fd30348907495707,2026-08-30T09:50:55+00:00,3940.0,30,187,71,12.846,10.399999999999977,33
fit:11ba0ac28d468bdc19c88c55a8774bab8f7f966b006f61c6fd30348907495707,2026-08-30T09:50:56+00:00,3941.0,30,187,71,12.709,9.399999999999977,33
fit:11ba0ac28d468bdc19c88c55a8774bab8f7f966b006f61c6fd30348907495707,2026-08-30T09:50:57+00:00,3942.0,129,187,103,13.024,8.399999999999977,33
fit:11ba0ac28d468bdc19c88c55a8774bab8f7f966b006f61c6fd30348907495707,2026-08-30T09:50:58+00:00,3943.0,133,187,104,13.079,7.399999999999977,33
fit:11ba0ac28d468bdc19c88c55a8774bab8f7f966b006f61c6fd30348907495707,2026-08-30T09:50:59+00:00,3944.0,133,187,104,13.209,7.399999999999977,33
fit:11ba0ac28d468bdc19c88c55a8774bab8f7f966b006f61c6fd30348907495707,2026-08-30T09:51:00+00:00,3945.0,28,187,28,13.49,7.399999999999977,33
fit:11ba0ac28d468bdc19c88c55a8774bab8f7f966b006f61c6fd30348907495707,2026-08-30T09:51:01+00:00,3946.0,28,186,28,13.672,7.399999999999977,33
fit:11ba0ac28d468bdc19c88c55a8774bab8f7f966b006f61c6fd30348907495707,2026-08-30T09:51:02+00:00,3947.0,28,186,28,13.622,6.399999999999977,33
fit:11ba0ac28d468bdc19c88c55a8774bab8f7f966b006f61c6fd30348907495707,2026-08-30T09:51:03+00:00,3948.0,45,186,35,13.565,5.399999999999977,33
fit:11ba0ac28d468bdc19c88c55a8774bab8f7f966b006f61c6fd30348907495707,2026-08-30T09:51:04+00:00,3949.0,152,185,100,13.381,4.399999999999977,33
fit:11ba0ac28d468bdc19c88c55a8774bab8f7f966b006f61c6fd30348907495707,2026-08-30T09:51:05+00:00,3950.0,190,184,99,13.378,4.399999999999977,33
fit:11ba0ac28d468bdc19c88c55a8774bab8f7f966b006f61c6fd30348907495707,2026-08-30T09:51:06+00:00,3951.0,190,184,99,13.188,4.399999999999977,33
fit:11ba0ac28d468bdc19c88c55a8774bab8f7f966b006f61c6fd30348907495707,2026-08-30T09:51:07+00:00,3952.0,103,184,99,13.171,5.199999999999989,33
fit:11ba0ac28d468bdc19c88c55a8774bab8f7f966b006f61c6fd30348907495707,2026-08-30T09:51:08+00:00,3953.0,99,183,99,13.096,5.600000000000023,33
fit:11ba0ac28d468bdc19c88c55a8774bab8f7f966b006f61c6fd30348907495707,2026-08-30T09:51:09+00:00,3954.0,99,183,99,13.034,5.600000000000023,33
fit:11ba0ac28d468bdc19c88c55a8774bab8f7f966b006f61c6fd30348907495707,2026-08-30T09:51:10+00:00,3955.0,99,182,99,12.906,5.600000000000023,33
fit:11ba0ac28d468bdc19c88c55a8774bab8f7f966b006f61c6fd30348907495707,2026-08-30T09:51:11+00:00,3956.0,99,182,99,12.771,5.600000000000023,33
fit:11ba0ac28d468bdc19c88c55a8774bab8f7f966b006f61c6fd30348907495707,2026-08-30T09:51:12+00:00,3957.0,3,181,0,12.362,5.800000000000011,33
fit:11ba0ac28d468bdc19c88c55a8774bab8f7f966b006f61c6fd30348907495707,2026-08-30T09:51:13+00:00,3958.0,273,180,89,12.093,5.800000000000011,33
fit:11ba0ac28d468bdc19c88c55a8774bab8f7f966b006f61c6fd30348907495707,2026-08-30T09:51:14+00:00,3959.0,273,180,89,11.947,5.800000000000011,33
fit:11ba0ac28d468bdc19c88c55a8774bab8f7f966b006f61c6fd30348907495707,2026-08-30T09:51:15+00:00,3960.0,226,179,89,11.914,5.800000000000011,33
fit:11ba0ac28d468bdc19c88c55a8774bab8f7f966b006f61c6fd30348907495707,2026-08-30T09:51:16+00:00,3961.0,323,178,90,11.856,5.800000000000011,33
fit:11ba0ac28d468bdc19c88c55a8774bab8f7f966b006f61c6fd30348907495707,2026-08-30T09:51:17+00:00,3962.0,388,177,92,11.938,5.800000000000011,33
fit:11ba0ac28d468bdc19c88c55a8774bab8f7f966b006f61c6fd30348907495707,2026-08-30T09:51:18+00:00,3963.0,220,177,92,12.083,5.800000000000011,33
fit:11ba0ac28d468bdc19c88c55a8774bab8f7f966b006f61c6fd30348907495707,2026-08-30T09:51:19+00:00,3964.0,70,176,92,12.175,5.800000000000011,32
fit:11ba0ac28d468bdc19c88c55a8774bab8f7f966b006f61c6fd30348907495707,2026-08-30T09:51:20+00:00,3965.0,83,175,35,12.165,5.600000000000023,32
fit:11ba0ac28d468bdc19c88c55a8774bab8f7f966b006f61c6fd30348907495707,2026-08-30T09:51:21+00:00,3966.0,51,174,35,11.925,5.600000000000023,32
fit:11ba0ac28d468bdc19c88c55a8774bab8f7f966b006f61c6fd30348907495707,2026-08-30T09:51:22+00:00,3967.0,52,174,80,11.946,5.600000000000023,32
fit:11ba0ac28d468bdc19c88c55a8774bab8f7f966b006f61c6fd30348907495707,2026-08-30T09:51:23+00:00,3968.0,52,174,80,11.877,5.800000000000011,32
fit:11ba0ac28d468bdc19c88c55a8774bab8f7f966b006f61c6fd30348907495707,2026-08-30T09:51:24+00:00,3969.0,52,174,80,11.813,6.199999999999989,32
fit:11ba0ac28d468bdc19c88c55a8774bab8f7f966b006f61c6fd30348907495707,2026-08-30T09:51:25+00:00,3970.0,4,173,0,11.61,6.199999999999989,32
fit:11ba0ac28d468bdc19c88c55a8774bab8f7f966b006f61c6fd30348907495707,2026-08-30T09:51:26+00:00,3971.0,255,173,0,11.408,6.199999999999989,32
fit:11ba0ac28d468bdc19c88c55a8774bab8f7f966b006f61c6fd30348907495707,2026-08-30T09:51:27+00:00,3972.0,324,172,84,11.295,5.800000000000011,32
fit:11ba0ac28d468bdc19c88c55a8774bab8f7f966b006f61c6fd30348907495707,2026-08-30T09:51:28+00:00,3973.0,141,172,83,11.214,5.800000000000011,32
fit:11ba0ac28d468bdc19c88c55a8774bab8f7f966b006f61c6fd30348907495707,2026-08-30T09:51:29+00:00,3974.0,139,172,82,11.101,5.800000000000011,32
fit:11ba0ac28d468bdc19c88c55a8774bab8f7f966b006f61c6fd30348907495707,2026-08-30T09:51:30+00:00,3975.0,47,171,81,11.016,6.199999999999989,32
fit:11ba0ac28d468bdc19c88c55a8774bab8f7f966b006f61c6fd30348907495707,2026-08-30T09:51:31+00:00,3976.0,49,171,78,10.89,6.399999999999977,32
fit:11ba0ac28d468bdc19c88c55a8774bab8f7f966b006f61c6fd30348907495707,2026-08-30T09:51:32+00:00,3977.0,245,170,85,10.709,6.399999999999977,32
fit:11ba0ac28d468bdc19c88c55a8774bab8f7f966b006f61c6fd30348907495707,2026-08-30T09:51:33+00:00,3978.0,56,170,86,10.625,6.399999999999977,32
fit:11ba0ac28d468bdc19c88c55a8774bab8f7f966b006f61c6fd30348907495707,2026-08-30T09:51:34+00:00,3979.0,234,169,86,10.678,6.399999999999977,32
fit:11ba0ac28d468bdc19c88c55a8774bab8f7f966b006f61c6fd30348907495707,2026-08-30T09:51:35+00:00,3980.0,216,169,87,10.667,6.399999999999977,32
fit:11ba0ac28d468bdc19c88c55a8774bab8f7f966b006f61c6fd30348907495707,2026-08-30T09:51:36+00:00,3981.0,196,168,87,10.796,6.399999999999977,32
fit:11ba0ac28d468bdc19c88c55a8774bab8f7f966b006f61c6fd30348907495707,2026-08-30T09:51:37+00:00,3982.0,142,167,87,10.841,6.399999999999977,32
fit:11ba0ac28d468bdc19c88c55a8774bab8f7f966b006f61c6fd30348907495707,2026-08-30T09:51:38+00:00,3983.0,121,166,87,10.837,6.399999999999977,32
fit:11ba0ac28d468bdc19c88c55a8774bab8f7f966b006f61c6fd30348907495707,2026-08-30T09:51:39+00:00,3984.0,33,166,47,10.755,6.399999999999977,32
fit:11ba0ac28d468bdc19c88c55a8774bab8f7f966b006f61c6fd30348907495707,2026-08-30T09:51:40+00:00,3985.0,229,165,87,10.742,5.600000000000023,32
fit:11ba0ac28d468bdc19c88c55a8774bab8f7f966b006f61c6fd30348907495707,2026-08-30T09:51:41+00:00,3986.0,226,165,87,10.832,4.600000000000023,32
fit:11ba0ac28d468bdc19c88c55a8774bab8f7f966b006f61c6fd30348907495707,2026-08-30T09:51:42+00:00,3987.0,249,165,87,10.744,4.600000000000023,32
fit:11ba0ac28d468bdc19c88c55a8774bab8f7f966b006f61c6fd30348907495707,2026-08-30T09:51:43+00:00,3988.0,133,165,87,10.805,4.600000000000023,32
fit:11ba0ac28d468bdc19c88c55a8774bab8f7f966b006f61c6fd30348907495707,2026-08-30T09:51:44+00:00,3989.0,133,165,87,10.745,5.600000000000023,32
fit:11ba0ac28d468bdc19c88c55a8774bab8f7f966b006f61c6fd30348907495707,2026-08-30T09:51:45+00:00,3990.0,133,165,77,10.631,6.199999999999989,32
fit:11ba0ac28d468bdc19c88c55a8774bab8f7f966b006f61c6fd30348907495707,2026-08-30T09:51:46+00:00,3991.0,133,165,77,10.41,6.600000000000023,32
fit:11ba0ac28d468bdc19c88c55a8774bab8f7f966b006f61c6fd30348907495707,2026-08-30T09:51:47+00:00,3992.0,133,165,77,10.213,6.600000000000023,32
fit:11ba0ac28d468bdc19c88c55a8774bab8f7f966b006f61c6fd30348907495707,2026-08-30T09:51:48+00:00,3993.0,27,164,68,9.822,6.600000000000023,32
fit:11ba0ac28d468bdc19c88c55a8774bab8f7f966b006f61c6fd30348907495707,2026-08-30T09:51:49+00:00,3994.0,188,164,77,9.581,6.399999999999977,32
fit:11ba0ac28d468bdc19c88c55a8774bab8f7f966b006f61c6fd30348907495707,2026-08-30T09:51:50+00:00,3995.0,213,163,77,9.345,6.399999999999977,32
fit:11ba0ac28d468bdc19c88c55a8774bab8f7f966b006f61c6fd30348907495707,2026-08-30T09:51:51+00:00,3996.0,284,163,77,9.402,6.399999999999977,32
fit:11ba0ac28d468bdc19c88c55a8774bab8f7f966b006f61c6fd30348907495707,2026-08-30T09:51:52+00:00,3997.0,285,163,79,9.48,6.399999999999977,32
fit:11ba0ac28d468bdc19c88c55a8774bab8f7f966b006f61c6fd30348907495707,2026-08-30T09:51:53+00:00,3998.0,361,163,82,9.655,6.399999999999977,32
fit:11ba0ac28d468bdc19c88c55a8774bab8f7f966b006f61c6fd30348907495707,2026-08-30T09:51:54+00:00,3999.0,369,162,84,9.992,6.800000000000011,32
fit:11ba0ac28d468bdc19c88c55a8774bab8f7f966b006f61c6fd30348907495707,2026-08-30T09:51:55+00:00,4000.0,295,161,86,10.292,6.800000000000011,32
fit:11ba0ac28d468bdc19c88c55a8774bab8f7f966b006f61c6fd30348907495707,2026-08-30T09:51:56+00:00,4001.0,295,160,86,10.521,6.800000000000011,32
fit:11ba0ac28d468bdc19c88c55a8774bab8f7f966b006f61c6fd30348907495707,2026-08-30T09:51:57+00:00,4002.0,223,160,87,10.761,6.800000000000011,32
fit:11ba0ac28d468bdc19c88c55a8774bab8f7f966b006f61c6fd30348907495707,2026-08-30T09:51:58+00:00,4003.0,304,160,88,10.892,6.800000000000011,32
fit:11ba0ac28d468bdc19c88c55a8774bab8f7f966b006f61c6fd30348907495707,2026-08-30T09:51:59+00:00,4004.0,332,160,90,10.952,7.199999999999989,32
fit:11ba0ac28d468bdc19c88c55a8774bab8f7f966b006f61c6fd30348907495707,2026-08-30T09:52:00+00:00,4005.0,369,160,92,11.107,7.199999999999989,32
fit:11ba0ac28d468bdc19c88c55a8774bab8f7f966b006f61c6fd30348907495707,2026-08-30T09:52:01+00:00,4006.0,443,160,94,11.259,7.199999999999989,32
fit:11ba0ac28d468bdc19c88c55a8774bab8f7f966b006f61c6fd30348907495707,2026-08-30T09:52:02+00:00,4007.0,495,160,96,11.496,7.0,32
fit:11ba0ac28d468bdc19c88c55a8774bab8f7f966b006f61c6fd30348907495707,2026-08-30T09:52:03+00:00,4008.0,437,160,96,11.804,6.0,32
fit:11ba0ac28d468bdc19c88c55a8774bab8f7f966b006f61c6fd30348907495707,2026-08-30T09:52:04+00:00,4009.0,626,161,101,11.938,6.0,32
fit:11ba0ac28d468bdc19c88c55a8774bab8f7f966b006f61c6fd30348907495707,2026-08-30T09:52:05+00:00,4010.0,458,162,104,12.06,6.0,32
fit:11ba0ac28d468bdc19c88c55a8774bab8f7f966b006f61c6fd30348907495707,2026-08-30T09:52:06+00:00,4011.0,470,162,105,12.463,7.0,32
fit:11ba0ac28d468bdc19c88c55a8774bab8f7f966b006f61c6fd30348907495707,2026-08-30T09:52:07+00:00,4012.0,471,163,105,12.606,7.600000000000023,32
fit:11ba0ac28d468bdc19c88c55a8774bab8f7f966b006f61c6fd30348907495707,2026-08-30T09:52:08+00:00,4013.0,673,163,102,13.048,7.600000000000023,32
fit:11ba0ac28d468bdc19c88c55a8774bab8f7f966b006f61c6fd30348907495707,2026-08-30T09:52:09+00:00,4014.0,605,165,104,13.157,7.600000000000023,32
fit:11ba0ac28d468bdc19c88c55a8774bab8f7f966b006f61c6fd30348907495707,2026-08-30T09:52:10+00:00,4015.0,382,167,105,13.661,7.600000000000023,32
fit:11ba0ac28d468bdc19c88c55a8774bab8f7f966b006f61c6fd30348907495707,2026-08-30T09:52:11+00:00,4016.0,88,169,101,13.718,7.600000000000023,32
fit:11ba0ac28d468bdc19c88c55a8774bab8f7f966b006f61c6fd30348907495707,2026-08-30T09:52:12+00:00,4017.0,159,169,103,13.816,6.600000000000023,32
fit:11ba0ac28d468bdc19c88c55a8774bab8f7f966b006f61c6fd30348907495707,2026-08-30T09:52:13+00:00,4018.0,92,169,100,13.668,5.600000000000023,32
fit:11ba0ac28d468bdc19c88c55a8774bab8f7f966b006f61c6fd30348907495707,2026-08-30T09:52:14+00:00,4019.0,92,170,100,13.421,5.600000000000023,32
fit:11ba0ac28d468bdc19c88c55a8774bab8f7f966b006f61c6fd30348907495707,2026-08-30T09:52:15+00:00,4020.0,92,172,100,13.318,5.600000000000023,32
fit:11ba0ac28d468bdc19c88c55a8774bab8f7f966b006f61c6fd30348907495707,2026-08-30T09:52:16+00:00,4021.0,92,174,100,12.868,6.600000000000023,32
fit:11ba0ac28d468bdc19c88c55a8774bab8f7f966b006f61c6fd30348907495707,2026-08-30T09:52:17+00:00,4022.0,92,175,100,12.221,7.600000000000023,32
fit:11ba0ac28d468bdc19c88c55a8774bab8f7f966b006f61c6fd30348907495707,2026-08-30T09:52:18+00:00,4023.0,57,176,25,11.86,8.600000000000023,32
fit:11ba0ac28d468bdc19c88c55a8774bab8f7f966b006f61c6fd30348907495707,2026-08-30T09:52:19+00:00,4024.0,278,176,91,11.483,9.0,32
fit:11ba0ac28d468bdc19c88c55a8774bab8f7f966b006f61c6fd30348907495707,2026-08-30T09:52:20+00:00,4025.0,501,176,94,11.15,9.0,32
fit:11ba0ac28d468bdc19c88c55a8774bab8f7f966b006f61c6fd30348907495707,2026-08-30T09:52:21+00:00,4026.0,729,176,96,11.275,9.0,32
fit:11ba0ac28d468bdc19c88c55a8774bab8f7f966b006f61c6fd30348907495707,2026-08-30T09:52:22+00:00,4027.0,767,177,99,11.395,8.0,32
fit:11ba0ac28d468bdc19c88c55a8774bab8f7f966b006f61c6fd30348907495707,2026-08-30T09:52:23+00:00,4028.0,658,177,102,11.838,8.0,32
fit:11ba0ac28d468bdc19c88c55a8774bab8f7f966b006f61c6fd30348907495707,2026-08-30T09:52:24+00:00,4029.0,584,177,104,12.231,8.0,32
fit:11ba0ac28d468bdc19c88c55a8774bab8f7f966b006f61c6fd30348907495707,2026-08-30T09:52:25+00:00,4030.0,291,178,104,12.599,8.0,32
fit:11ba0ac28d468bdc19c88c55a8774bab8f7f966b006f61c6fd30348907495707,2026-08-30T09:52:26+00:00,4031.0,143,179,100,12.951,9.0,32
fit:11ba0ac28d468bdc19c88c55a8774bab8f7f966b006f61c6fd30348907495707,2026-08-30T09:52:27+00:00,4032.0,11,179,73,13.099,9.0,32
fit:11ba0ac28d468bdc19c88c55a8774bab8f7f966b006f61c6fd30348907495707,2026-08-30T09:52:28+00:00,4033.0,70,180,98,13.19,9.0,32
fit:11ba0ac28d468bdc19c88c55a8774bab8f7f966b006f61c6fd30348907495707,2026-08-30T09:52:29+00:00,4034.0,130,180,100,13.221,8.399999999999977,32
fit:11ba0ac28d468bdc19c88c55a8774bab8f7f966b006f61c6fd30348907495707,2026-08-30T09:52:30+00:00,4035.0,221,181,101,13.184,8.399999999999977,32
fit:11ba0ac28d468bdc19c88c55a8774bab8f7f966b006f61c6fd30348907495707,2026-08-30T09:52:31+00:00,4036.0,223,182,102,13.334,8.399999999999977,32
fit:11ba0ac28d468bdc19c88c55a8774bab8f7f966b006f61c6fd30348907495707,2026-08-30T09:52:32+00:00,4037.0,148,183,102,13.454,8.399999999999977,32
fit:11ba0ac28d468bdc19c88c55a8774bab8f7f966b006f61c6fd30348907495707,2026-08-30T09:52:33+00:00,4038.0,244,183,102,13.597,7.399999999999977,32
fit:11ba0ac28d468bdc19c88c55a8774bab8f7f966b006f61c6fd30348907495707,2026-08-30T09:52:34+00:00,4039.0,259,184,103,13.676,7.199999999999989,32
fit:11ba0ac28d468bdc19c88c55a8774bab8f7f966b006f61c6fd30348907495707,2026-08-30T09:52:35+00:00,4040.0,259,184,104,13.743,7.199999999999989,32
fit:11ba0ac28d468bdc19c88c55a8774bab8f7f966b006f61c6fd30348907495707,2026-08-30T09:52:36+00:00,4041.0,300,185,104,13.935,7.199999999999989,32
fit:11ba0ac28d468bdc19c88c55a8774bab8f7f966b006f61c6fd30348907495707,2026-08-30T09:52:37+00:00,4042.0,329,185,105,13.922,7.199999999999989,32
fit:11ba0ac28d468bdc19c88c55a8774bab8f7f966b006f61c6fd30348907495707,2026-08-30T09:52:38+00:00,4043.0,236,185,105,13.926,7.199999999999989,32
fit:11ba0ac28d468bdc19c88c55a8774bab8f7f966b006f61c6fd30348907495707,2026-08-30T09:52:39+00:00,4044.0,272,185,104,13.847,7.199999999999989,32
fit:11ba0ac28d468bdc19c88c55a8774bab8f7f966b006f61c6fd30348907495707,2026-08-30T09:52:40+00:00,4045.0,276,185,104,13.899,7.199999999999989,32
fit:11ba0ac28d468bdc19c88c55a8774bab8f7f966b006f61c6fd30348907495707,2026-08-30T09:52:41+00:00,4046.0,203,185,103,13.833,6.199999999999989,32
fit:11ba0ac28d468bdc19c88c55a8774bab8f7f966b006f61c6fd30348907495707,2026-08-30T09:52:42+00:00,4047.0,299,185,102,13.719,6.199999999999989,32
fit:11ba0ac28d468bdc19c88c55a8774bab8f7f966b006f61c6fd30348907495707,2026-08-30T09:52:43+00:00,4048.0,207,185,102,13.58,6.199999999999989,32
fit:11ba0ac28d468bdc19c88c55a8774bab8f7f966b006f61c6fd30348907495707,2026-08-30T09:52:44+00:00,4049.0,122,184,101,13.635,6.199999999999989,32
fit:11ba0ac28d468bdc19c88c55a8774bab8f7f966b006f61c6fd30348907495707,2026-08-30T09:52:45+00:00,4050.0,14,184,40,13.406,6.199999999999989,32
fit:11ba0ac28d468bdc19c88c55a8774bab8f7f966b006f61c6fd30348907495707,2026-08-30T09:52:46+00:00,4051.0,14,184,40,13.331,6.199999999999989,32
fit:11ba0ac28d468bdc19c88c55a8774bab8f7f966b006f61c6fd30348907495707,2026-08-30T09:52:47+00:00,4052.0,14,184,40,13.112,6.199999999999989,32
fit:11ba0ac28d468bdc19c88c55a8774bab8f7f966b006f61c6fd30348907495707,2026-08-30T09:52:48+00:00,4053.0,11,184,65,12.985,6.199999999999989,32
fit:11ba0ac28d468bdc19c88c55a8774bab8f7f966b006f61c6fd30348907495707,2026-08-30T09:52:49+00:00,4054.0,11,181,65,12.835,6.199999999999989,32
fit:11ba0ac28d468bdc19c88c55a8774bab8f7f966b006f61c6fd30348907495707,2026-08-30T09:52:50+00:00,4055.0,11,182,65,12.583,6.199999999999989,32
fit:11ba0ac28d468bdc19c88c55a8774bab8f7f966b006f61c6fd30348907495707,2026-08-30T09:52:51+00:00,4056.0,6,182,0,12.46,6.199999999999989,32
fit:11ba0ac28d468bdc19c88c55a8774bab8f7f966b006f61c6fd30348907495707,2026-08-30T09:52:52+00:00,4057.0,7,182,0,12.147,6.199999999999989,32
fit:11ba0ac28d468bdc19c88c55a8774bab8f7f966b006f61c6fd30348907495707,2026-08-30T09:52:53+00:00,4058.0,7,182,0,11.844,6.199999999999989,32
fit:11ba0ac28d468bdc19c88c55a8774bab8f7f966b006f61c6fd30348907495707,2026-08-30T09:52:54+00:00,4059.0,7,181,0,11.735,7.0,32
fit:11ba0ac28d468bdc19c88c55a8774bab8f7f966b006f61c6fd30348907495707,2026-08-30T09:52:55+00:00,4060.0,6,181,0,11.575,7.0,32
fit:11ba0ac28d468bdc19c88c55a8774bab8f7f966b006f61c6fd30348907495707,2026-08-30T09:52:56+00:00,4061.0,32,181,79,11.517,7.0,32
fit:11ba0ac28d468bdc19c88c55a8774bab8f7f966b006f61c6fd30348907495707,2026-08-30T09:52:57+00:00,4062.0,25,181,80,11.291,7.0,32
fit:11ba0ac28d468bdc19c88c55a8774bab8f7f966b006f61c6fd30348907495707,2026-08-30T09:52:58+00:00,4063.0,61,180,88,11.219,7.0,32
fit:11ba0ac28d468bdc19c88c55a8774bab8f7f966b006f61c6fd30348907495707,2026-08-30T09:52:59+00:00,4064.0,61,179,88,11.032,6.600000000000023,32
fit:11ba0ac28d468bdc19c88c55a8774bab8f7f966b006f61c6fd30348907495707,2026-08-30T09:53:00+00:00,4065.0,61,178,88,10.856,6.600000000000023,32
fit:11ba0ac28d468bdc19c88c55a8774bab8f7f966b006f61c6fd30348907495707,2026-08-30T09:53:01+00:00,4066.0,43,178,38,10.764,6.600000000000023,32
fit:11ba0ac28d468bdc19c88c55a8774bab8f7f966b006f61c6fd30348907495707,2026-08-30T09:53:02+00:00,4067.0,43,178,38,10.652,6.600000000000023,32
fit:11ba0ac28d468bdc19c88c55a8774bab8f7f966b006f61c6fd30348907495707,2026-08-30T09:53:03+00:00,4068.0,7,177,31,10.571,6.600000000000023,32
fit:11ba0ac28d468bdc19c88c55a8774bab8f7f966b006f61c6fd30348907495707,2026-08-30T09:53:04+00:00,4069.0,7,176,31,10.488,6.600000000000023,32
fit:11ba0ac28d468bdc19c88c55a8774bab8f7f966b006f61c6fd30348907495707,2026-08-30T09:53:05+00:00,4070.0,7,176,31,10.392,6.600000000000023,32
fit:11ba0ac28d468bdc19c88c55a8774bab8f7f966b006f61c6fd30348907495707,2026-08-30T09:53:06+00:00,4071.0,9,174,20,10.23,5.800000000000011,32
fit:11ba0ac28d468bdc19c88c55a8774bab8f7f966b006f61c6fd30348907495707,2026-08-30T09:53:07+00:00,4072.0,123,173,82,10.077,5.800000000000011,32
fit:11ba0ac28d468bdc19c88c55a8774bab8f7f966b006f61c6fd30348907495707,2026-08-30T09:53:08+00:00,4073.0,123,172,82,10.053,5.800000000000011,32
fit:11ba0ac28d468bdc19c88c55a8774bab8f7f966b006f61c6fd30348907495707,2026-08-30T09:53:09+00:00,4074.0,123,171,82,10.005,6.600000000000023,32
fit:11ba0ac28d468bdc19c88c55a8774bab8f7f966b006f61c6fd30348907495707,2026-08-30T09:53:10+00:00,4075.0,83,171,79,10.01,6.600000000000023,31
fit:11ba0ac28d468bdc19c88c55a8774bab8f7f966b006f61c6fd30348907495707,2026-08-30T09:53:11+00:00,4076.0,83,169,79,9.95,6.600000000000023,32
fit:11ba0ac28d468bdc19c88c55a8774bab8f7f966b006f61c6fd30348907495707,2026-08-30T09:53:12+00:00,4077.0,188,169,80,9.915,6.600000000000023,31
fit:11ba0ac28d468bdc19c88c55a8774bab8f7f966b006f61c6fd30348907495707,2026-08-30T09:53:13+00:00,4078.0,20,167,77,9.872,6.600000000000023,31
fit:11ba0ac28d468bdc19c88c55a8774bab8f7f966b006f61c6fd30348907495707,2026-08-30T09:53:14+00:00,4079.0,114,166,79,9.818,6.600000000000023,31
fit:11ba0ac28d468bdc19c88c55a8774bab8f7f966b006f61c6fd30348907495707,2026-08-30T09:53:15+00:00,4080.0,132,165,80,9.565,6.600000000000023,31
fit:11ba0ac28d468bdc19c88c55a8774bab8f7f966b006f61c6fd30348907495707,2026-08-30T09:53:16+00:00,4081.0,246,164,80,9.814,6.600000000000023,31
fit:11ba0ac28d468bdc19c88c55a8774bab8f7f966b006f61c6fd30348907495707,2026-08-30T09:53:17+00:00,4082.0,229,164,82,9.94,6.600000000000023,31
fit:11ba0ac28d468bdc19c88c55a8774bab8f7f966b006f61c6fd30348907495707,2026-08-30T09:53:18+00:00,4083.0,185,162,82,10.145,6.199999999999989,31
fit:11ba0ac28d468bdc19c88c55a8774bab8f7f966b006f61c6fd30348907495707,2026-08-30T09:53:19+00:00,4084.0,227,161,84,10.209,5.199999999999989,31
fit:11ba0ac28d468bdc19c88c55a8774bab8f7f966b006f61c6fd30348907495707,2026-08-30T09:53:20+00:00,4085.0,261,161,85,10.255,5.0,31
fit:11ba0ac28d468bdc19c88c55a8774bab8f7f966b006f61c6fd30348907495707,2026-08-30T09:53:21+00:00,4086.0,88,159,86,10.462,5.0,31
fit:11ba0ac28d468bdc19c88c55a8774bab8f7f966b006f61c6fd30348907495707,2026-08-30T09:53:22+00:00,4087.0,120,159,86,10.571,5.0,31
fit:11ba0ac28d468bdc19c88c55a8774bab8f7f966b006f61c6fd30348907495707,2026-08-30T09:53:23+00:00,4088.0,154,159,83,10.713,5.800000000000011,31
fit:11ba0ac28d468bdc19c88c55a8774bab8f7f966b006f61c6fd30348907495707,2026-08-30T09:53:24+00:00,4089.0,154,159,83,10.529,5.800000000000011,31
fit:11ba0ac28d468bdc19c88c55a8774bab8f7f966b006f61c6fd30348907495707,2026-08-30T09:53:25+00:00,4090.0,36,159,28,10.083,5.800000000000011,31
fit:11ba0ac28d468bdc19c88c55a8774bab8f7f966b006f61c6fd30348907495707,2026-08-30T09:53:26+00:00,4091.0,61,160,77,9.831,4.800000000000011,31
fit:11ba0ac28d468bdc19c88c55a8774bab8f7f966b006f61c6fd30348907495707,2026-08-30T09:53:27+00:00,4092.0,61,160,77,9.708,3.8000000000000114,31
fit:11ba0ac28d468bdc19c88c55a8774bab8f7f966b006f61c6fd30348907495707,2026-08-30T09:53:28+00:00,4093.0,179,160,76,9.501,3.8000000000000114,31
fit:11ba0ac28d468bdc19c88c55a8774bab8f7f966b006f61c6fd30348907495707,2026-08-30T09:53:29+00:00,4094.0,96,159,75,9.427,3.8000000000000114,31
fit:11ba0ac28d468bdc19c88c55a8774bab8f7f966b006f61c6fd30348907495707,2026-08-30T09:53:30+00:00,4095.0,126,159,83,9.358,4.800000000000011,31
fit:11ba0ac28d468bdc19c88c55a8774bab8f7f966b006f61c6fd30348907495707,2026-08-30T09:53:31+00:00,4096.0,126,158,83,9.297,5.800000000000011,31
fit:11ba0ac28d468bdc19c88c55a8774bab8f7f966b006f61c6fd30348907495707,2026-08-30T09:53:32+00:00,4097.0,121,158,87,9.432,6.800000000000011,31
fit:11ba0ac28d468bdc19c88c55a8774bab8f7f966b006f61c6fd30348907495707,2026-08-30T09:53:33+00:00,4098.0,248,157,88,9.451,6.800000000000011,31
fit:11ba0ac28d468bdc19c88c55a8774bab8f7f966b006f61c6fd30348907495707,2026-08-30T09:53:34+00:00,4099.0,248,157,90,9.647,6.800000000000011,31
fit:11ba0ac28d468bdc19c88c55a8774bab8f7f966b006f61c6fd30348907495707,2026-08-30T09:53:35+00:00,4100.0,175,157,89,9.787,6.199999999999989,31
fit:11ba0ac28d468bdc19c88c55a8774bab8f7f966b006f61c6fd30348907495707,2026-08-30T09:53:36+00:00,4101.0,143,157,81,9.899,6.199999999999989,31
fit:11ba0ac28d468bdc19c88c55a8774bab8f7f966b006f61c6fd30348907495707,2026-08-30T09:53:37+00:00,4102.0,143,157,81,10.029,6.199999999999989,31
fit:11ba0ac28d468bdc19c88c55a8774bab8f7f966b006f61c6fd30348907495707,2026-08-30T09:53:38+00:00,4103.0,164,158,82,10.062,6.199999999999989,31
fit:11ba0ac28d468bdc19c88c55a8774bab8f7f966b006f61c6fd30348907495707,2026-08-30T09:53:39+00:00,4104.0,239,158,82,10.086,7.0,31
fit:11ba0ac28d468bdc19c88c55a8774bab8f7f966b006f61c6fd30348907495707,2026-08-30T09:53:40+00:00,4105.0,259,158,83,10.214,7.0,31
fit:11ba0ac28d468bdc19c88c55a8774bab8f7f966b006f61c6fd30348907495707,2026-08-30T09:53:41+00:00,4106.0,176,158,86,10.299,7.0,31
fit:11ba0ac28d468bdc19c88c55a8774bab8f7f966b006f61c6fd30348907495707,2026-08-30T09:53:42+00:00,4107.0,177,158,86,10.551,6.0,31
fit:11ba0ac28d468bdc19c88c55a8774bab8f7f966b006f61c6fd30348907495707,2026-08-30T09:53:43+00:00,4108.0,177,158,86,10.632,5.800000000000011,32
fit:11ba0ac28d468bdc19c88c55a8774bab8f7f966b006f61c6fd30348907495707,2026-08-30T09:53:44+00:00,4109.0,540,158,89,10.725,4.800000000000011,32
fit:11ba0ac28d468bdc19c88c55a8774bab8f7f966b006f61c6fd30348907495707,2026-08-30T09:53:45+00:00,4110.0,248,159,90,10.829,4.800000000000011,32
fit:11ba0ac28d468bdc19c88c55a8774bab8f7f966b006f61c6fd30348907495707,2026-08-30T09:53:46+00:00,4111.0,78,159,89,10.965,4.800000000000011,32
fit:11ba0ac28d468bdc19c88c55a8774bab8f7f966b006f61c6fd30348907495707,2026-08-30T09:53:47+00:00,4112.0,426,159,90,10.938,5.800000000000011,32
fit:11ba0ac28d468bdc19c88c55a8774bab8f7f966b006f61c6fd30348907495707,2026-08-30T09:53:48+00:00,4113.0,443,159,92,11.0,6.199999999999989,32
fit:11ba0ac28d468bdc19c88c55a8774bab8f7f966b006f61c6fd30348907495707,2026-08-30T09:53:49+00:00,4114.0,165,160,92,11.166,6.199999999999989,32
fit:11ba0ac28d468bdc19c88c55a8774bab8f7f966b006f61c6fd30348907495707,2026-08-30T09:53:50+00:00,4115.0,43,160,92,11.465,6.199999999999989,32
fit:11ba0ac28d468bdc19c88c55a8774bab8f7f966b006f61c6fd30348907495707,2026-08-30T09:53:51+00:00,4116.0,79,160,93,11.481,6.199999999999989,32
fit:11ba0ac28d468bdc19c88c55a8774bab8f7f966b006f61c6fd30348907495707,2026-08-30T09:53:52+00:00,4117.0,14,161,74,11.522,6.199999999999989,32
fit:11ba0ac28d468bdc19c88c55a8774bab8f7f966b006f61c6fd30348907495707,2026-08-30T09:53:53+00:00,4118.0,4,161,73,11.349,6.199999999999989,32
fit:11ba0ac28d468bdc19c88c55a8774bab8f7f966b006f61c6fd30348907495707,2026-08-30T09:53:54+00:00,4119.0,47,161,40,11.211,6.199999999999989,32
fit:11ba0ac28d468bdc19c88c55a8774bab8f7f966b006f61c6fd30348907495707,2026-08-30T09:53:55+00:00,4120.0,241,161,89,11.055,6.199999999999989,32
fit:11ba0ac28d468bdc19c88c55a8774bab8f7f966b006f61c6fd30348907495707,2026-08-30T09:53:56+00:00,4121.0,207,161,89,11.048,5.199999999999989,32
fit:11ba0ac28d468bdc19c88c55a8774bab8f7f966b006f61c6fd30348907495707,2026-08-30T09:53:57+00:00,4122.0,208,161,89,10.977,5.199999999999989,32
fit:11ba0ac28d468bdc19c88c55a8774bab8f7f966b006f61c6fd30348907495707,2026-08-30T09:53:58+00:00,4123.0,212,161,89,10.941,5.199999999999989,32
fit:11ba0ac28d468bdc19c88c55a8774bab8f7f966b006f61c6fd30348907495707,2026-08-30T09:53:59+00:00,4124.0,130,160,85,10.915,6.199999999999989,32
fit:11ba0ac28d468bdc19c88c55a8774bab8f7f966b006f61c6fd30348907495707,2026-08-30T09:54:00+00:00,4125.0,262,160,88,10.94,6.199999999999989,32
fit:11ba0ac28d468bdc19c88c55a8774bab8f7f966b006f61c6fd30348907495707,2026-08-30T09:54:01+00:00,4126.0,279,159,89,10.92,6.199999999999989,32
fit:11ba0ac28d468bdc19c88c55a8774bab8f7f966b006f61c6fd30348907495707,2026-08-30T09:54:02+00:00,4127.0,232,158,90,11.051,6.199999999999989,32
fit:11ba0ac28d468bdc19c88c55a8774bab8f7f966b006f61c6fd30348907495707,2026-08-30T09:54:03+00:00,4128.0,127,158,91,11.127,6.199999999999989,32
fit:11ba0ac28d468bdc19c88c55a8774bab8f7f966b006f61c6fd30348907495707,2026-08-30T09:54:04+00:00,4129.0,127,157,91,11.269,6.199999999999989,32
fit:11ba0ac28d468bdc19c88c55a8774bab8f7f966b006f61c6fd30348907495707,2026-08-30T09:54:05+00:00,4130.0,209,157,92,11.293,6.399999999999977,32
fit:11ba0ac28d468bdc19c88c55a8774bab8f7f966b006f61c6fd30348907495707,2026-08-30T09:54:06+00:00,4131.0,226,157,92,11.28,6.800000000000011,32
fit:11ba0ac28d468bdc19c88c55a8774bab8f7f966b006f61c6fd30348907495707,2026-08-30T09:54:07+00:00,4132.0,96,157,92,11.378,6.800000000000011,32
fit:11ba0ac28d468bdc19c88c55a8774bab8f7f966b006f61c6fd30348907495707,2026-08-30T09:54:08+00:00,4133.0,90,157,92,11.362,6.800000000000011,32
fit:11ba0ac28d468bdc19c88c55a8774bab8f7f966b006f61c6fd30348907495707,2026-08-30T09:54:09+00:00,4134.0,25,157,49,11.271,6.600000000000023,32
fit:11ba0ac28d468bdc19c88c55a8774bab8f7f966b006f61c6fd30348907495707,2026-08-30T09:54:10+00:00,4135.0,232,157,90,11.157,5.800000000000011,32
fit:11ba0ac28d468bdc19c88c55a8774bab8f7f966b006f61c6fd30348907495707,2026-08-30T09:54:11+00:00,4136.0,225,157,91,11.274,5.800000000000011,32
fit:11ba0ac28d468bdc19c88c55a8774bab8f7f966b006f61c6fd30348907495707,2026-08-30T09:54:12+00:00,4137.0,226,158,91,11.324,5.800000000000011,32
fit:11ba0ac28d468bdc19c88c55a8774bab8f7f966b006f61c6fd30348907495707,2026-08-30T09:54:13+00:00,4138.0,236,158,92,11.428,5.800000000000011,32
fit:11ba0ac28d468bdc19c88c55a8774bab8f7f966b006f61c6fd30348907495707,2026-08-30T09:54:14+00:00,4139.0,190,158,91,11.415,5.800000000000011,32
fit:11ba0ac28d468bdc19c88c55a8774bab8f7f966b006f61c6fd30348907495707,2026-08-30T09:54:15+00:00,4140.0,173,159,91,11.458,4.800000000000011,32
fit:11ba0ac28d468bdc19c88c55a8774bab8f7f966b006f61c6fd30348907495707,2026-08-30T09:54:16+00:00,4141.0,174,159,91,11.287,3.8000000000000114,32
fit:11ba0ac28d468bdc19c88c55a8774bab8f7f966b006f61c6fd30348907495707,2026-08-30T09:54:17+00:00,4142.0,194,159,76,11.111,3.8000000000000114,32
fit:11ba0ac28d468bdc19c88c55a8774bab8f7f966b006f61c6fd30348907495707,2026-08-30T09:54:18+00:00,4143.0,194,159,76,10.882,3.8000000000000114,32
fit:11ba0ac28d468bdc19c88c55a8774bab8f7f966b006f61c6fd30348907495707,2026-08-30T09:54:19+00:00,4144.0,194,159,76,10.739,4.800000000000011,32
fit:11ba0ac28d468bdc19c88c55a8774bab8f7f966b006f61c6fd30348907495707,2026-08-30T09:54:20+00:00,4145.0,190,160,75,10.593,5.0,32
fit:11ba0ac28d468bdc19c88c55a8774bab8f7f966b006f61c6fd30348907495707,2026-08-30T09:54:21+00:00,4146.0,280,160,80,10.337,5.0,32
fit:11ba0ac28d468bdc19c88c55a8774bab8f7f966b006f61c6fd30348907495707,2026-08-30T09:54:22+00:00,4147.0,280,160,80,10.103,5.0,32
fit:11ba0ac28d468bdc19c88c55a8774bab8f7f966b006f61c6fd30348907495707,2026-08-30T09:54:23+00:00,4148.0,460,160,82,10.033,5.0,32
fit:11ba0ac28d468bdc19c88c55a8774bab8f7f966b006f61c6fd30348907495707,2026-08-30T09:54:24+00:00,4149.0,460,161,82,10.121,5.0,32
fit:11ba0ac28d468bdc19c88c55a8774bab8f7f966b006f61c6fd30348907495707,2026-08-30T09:54:25+00:00,4150.0,508,161,87,10.256,5.0,32
fit:11ba0ac28d468bdc19c88c55a8774bab8f7f966b006f61c6fd30348907495707,2026-08-30T09:54:26+00:00,4151.0,413,161,91,10.614,5.0,32
fit:11ba0ac28d468bdc19c88c55a8774bab8f7f966b006f61c6fd30348907495707,2026-08-30T09:54:27+00:00,4152.0,118,161,92,10.955,6.0,32
fit:11ba0ac28d468bdc19c88c55a8774bab8f7f966b006f61c6fd30348907495707,2026-08-30T09:54:28+00:00,4153.0,106,162,92,11.093,6.199999999999989,32
fit:11ba0ac28d468bdc19c88c55a8774bab8f7f966b006f61c6fd30348907495707,2026-08-30T09:54:29+00:00,4154.0,118,162,92,11.184,7.199999999999989,32
fit:11ba0ac28d468bdc19c88c55a8774bab8f7f966b006f61c6fd30348907495707,2026-08-30T09:54:30+00:00,4155.0,93,162,89,11.202,7.600000000000023,32
fit:11ba0ac28d468bdc19c88c55a8774bab8f7f966b006f61c6fd30348907495707,2026-08-30T09:54:31+00:00,4156.0,120,162,91,11.152,7.600000000000023,32
fit:11ba0ac28d468bdc19c88c55a8774bab8f7f966b006f61c6fd30348907495707,2026-08-30T09:54:32+00:00,4157.0,164,163,91,11.13,7.600000000000023,32
fit:11ba0ac28d468bdc19c88c55a8774bab8f7f966b006f61c6fd30348907495707,2026-08-30T09:54:33+00:00,4158.0,157,163,91,11.17,6.600000000000023,32
fit:11ba0ac28d468bdc19c88c55a8774bab8f7f966b006f61c6fd30348907495707,2026-08-30T09:54:34+00:00,4159.0,157,163,91,11.195,5.600000000000023,32
fit:11ba0ac28d468bdc19c88c55a8774bab8f7f966b006f61c6fd30348907495707,2026-08-30T09:54:35+00:00,4160.0,221,163,91,11.233,5.600000000000023,32
fit:11ba0ac28d468bdc19c88c55a8774bab8f7f966b006f61c6fd30348907495707,2026-08-30T09:54:36+00:00,4161.0,289,163,92,11.255,5.600000000000023,32
fit:11ba0ac28d468bdc19c88c55a8774bab8f7f966b006f61c6fd30348907495707,2026-08-30T09:54:37+00:00,4162.0,258,163,93,11.405,5.600000000000023,32
fit:11ba0ac28d468bdc19c88c55a8774bab8f7f966b006f61c6fd30348907495707,2026-08-30T09:54:38+00:00,4163.0,266,164,93,11.475,5.600000000000023,32
fit:11ba0ac28d468bdc19c88c55a8774bab8f7f966b006f61c6fd30348907495707,2026-08-30T09:54:39+00:00,4164.0,292,164,94,11.606,4.600000000000023,32
fit:11ba0ac28d468bdc19c88c55a8774bab8f7f966b006f61c6fd30348907495707,2026-08-30T09:54:40+00:00,4165.0,498,165,94,11.561,3.6000000000000227,32
fit:11ba0ac28d468bdc19c88c55a8774bab8f7f966b006f61c6fd30348907495707,2026-08-30T09:54:41+00:00,4166.0,430,165,95,11.543,3.1999999999999886,32
fit:11ba0ac28d468bdc19c88c55a8774bab8f7f966b006f61c6fd30348907495707,2026-08-30T09:54:42+00:00,4167.0,538,165,97,11.603,2.6000000000000227,32
fit:11ba0ac28d468bdc19c88c55a8774bab8f7f966b006f61c6fd30348907495707,2026-08-30T09:54:43+00:00,4168.0,267,166,98,11.824,2.6000000000000227,32
fit:11ba0ac28d468bdc19c88c55a8774bab8f7f966b006f61c6fd30348907495707,2026-08-30T09:54:44+00:00,4169.0,391,167,99,12.007,2.6000000000000227,32
fit:11ba0ac28d468bdc19c88c55a8774bab8f7f966b006f61c6fd30348907495707,2026-08-30T09:54:45+00:00,4170.0,373,167,99,12.113,3.6000000000000227,32
fit:11ba0ac28d468bdc19c88c55a8774bab8f7f966b006f61c6fd30348907495707,2026-08-30T09:54:46+00:00,4171.0,278,167,101,12.194,4.600000000000023,32
fit:11ba0ac28d468bdc19c88c55a8774bab8f7f966b006f61c6fd30348907495707,2026-08-30T09:54:47+00:00,4172.0,234,168,102,12.46,5.600000000000023,32
fit:11ba0ac28d468bdc19c88c55a8774bab8f7f966b006f61c6fd30348907495707,2026-08-30T09:54:48+00:00,4173.0,352,169,102,12.517,6.600000000000023,32
fit:11ba0ac28d468bdc19c88c55a8774bab8f7f966b006f61c6fd30348907495707,2026-08-30T09:54:49+00:00,4174.0,351,170,104,12.707,6.600000000000023,32
fit:11ba0ac28d468bdc19c88c55a8774bab8f7f966b006f61c6fd30348907495707,2026-08-30T09:54:50+00:00,4175.0,261,170,104,12.781,6.600000000000023,32
fit:11ba0ac28d468bdc19c88c55a8774bab8f7f966b006f61c6fd30348907495707,2026-08-30T09:54:51+00:00,4176.0,401,171,105,12.976,6.600000000000023,32
fit:11ba0ac28d468bdc19c88c55a8774bab8f7f966b006f61c6fd30348907495707,2026-08-30T09:54:52+00:00,4177.0,667,172,107,12.948,6.600000000000023,32
fit:11ba0ac28d468bdc19c88c55a8774bab8f7f966b006f61c6fd30348907495707,2026-08-30T09:54:53+00:00,4178.0,668,173,107,13.135,6.600000000000023,32
fit:11ba0ac28d468bdc19c88c55a8774bab8f7f966b006f61c6fd30348907495707,2026-08-30T09:54:54+00:00,4179.0,316,173,103,13.205,6.600000000000023,32
fit:11ba0ac28d468bdc19c88c55a8774bab8f7f966b006f61c6fd30348907495707,2026-08-30T09:54:55+00:00,4180.0,198,174,100,13.206,6.600000000000023,32
fit:11ba0ac28d468bdc19c88c55a8774bab8f7f966b006f61c6fd30348907495707,2026-08-30T09:54:56+00:00,4181.0,492,175,101,13.18,6.600000000000023,32
fit:11ba0ac28d468bdc19c88c55a8774bab8f7f966b006f61c6fd30348907495707,2026-08-30T09:54:57+00:00,4182.0,480,175,102,13.193,6.600000000000023,32
fit:11ba0ac28d468bdc19c88c55a8774bab8f7f966b006f61c6fd30348907495707,2026-08-30T09:54:58+00:00,4183.0,314,176,103,13.529,6.600000000000023,32
fit:11ba0ac28d468bdc19c88c55a8774bab8f7f966b006f61c6fd30348907495707,2026-08-30T09:54:59+00:00,4184.0,242,177,103,13.468,6.600000000000023,32
fit:11ba0ac28d468bdc19c88c55a8774bab8f7f966b006f61c6fd30348907495707,2026-08-30T09:55:00+00:00,4185.0,203,178,103,13.541,7.600000000000023,32
fit:11ba0ac28d468bdc19c88c55a8774bab8f7f966b006f61c6fd30348907495707,2026-08-30T09:55:01+00:00,4186.0,340,179,103,13.361,7.600000000000023,32
fit:11ba0ac28d468bdc19c88c55a8774bab8f7f966b006f61c6fd30348907495707,2026-08-30T09:55:02+00:00,4187.0,216,179,103,13.287,7.600000000000023,32
fit:11ba0ac28d468bdc19c88c55a8774bab8f7f966b006f61c6fd30348907495707,2026-08-30T09:55:03+00:00,4188.0,217,180,103,13.367,7.600000000000023,32
fit:11ba0ac28d468bdc19c88c55a8774bab8f7f966b006f61c6fd30348907495707,2026-08-30T09:55:04+00:00,4189.0,161,181,101,13.393,7.600000000000023,32
fit:11ba0ac28d468bdc19c88c55a8774bab8f7f966b006f61c6fd30348907495707,2026-08-30T09:55:05+00:00,4190.0,100,181,100,13.626,7.199999999999989,32
fit:11ba0ac28d468bdc19c88c55a8774bab8f7f966b006f61c6fd30348907495707,2026-08-30T09:55:06+00:00,4191.0,60,181,90,13.57,7.199999999999989,32
fit:11ba0ac28d468bdc19c88c55a8774bab8f7f966b006f61c6fd30348907495707,2026-08-30T09:55:07+00:00,4192.0,136,182,98,13.327,7.199999999999989,32
fit:11ba0ac28d468bdc19c88c55a8774bab8f7f966b006f61c6fd30348907495707,2026-08-30T09:55:08+00:00,4193.0,162,183,97,13.115,7.199999999999989,32
fit:11ba0ac28d468bdc19c88c55a8774bab8f7f966b006f61c6fd30348907495707,2026-08-30T09:55:09+00:00,4194.0,161,183,97,13.093,7.199999999999989,32
fit:11ba0ac28d468bdc19c88c55a8774bab8f7f966b006f61c6fd30348907495707,2026-08-30T09:55:10+00:00,4195.0,23,183,76,12.98,7.199999999999989,32
fit:11ba0ac28d468bdc19c88c55a8774bab8f7f966b006f61c6fd30348907495707,2026-08-30T09:55:11+00:00,4196.0,26,184,91,12.979,7.199999999999989,32
fit:11ba0ac28d468bdc19c88c55a8774bab8f7f966b006f61c6fd30348907495707,2026-08-30T09:55:12+00:00,4197.0,153,183,95,12.821,8.199999999999989,32
fit:11ba0ac28d468bdc19c88c55a8774bab8f7f966b006f61c6fd30348907495707,2026-08-30T09:55:13+00:00,4198.0,153,183,95,12.769,8.199999999999989,32
fit:11ba0ac28d468bdc19c88c55a8774bab8f7f966b006f61c6fd30348907495707,2026-08-30T09:55:14+00:00,4199.0,153,183,95,12.603,8.199999999999989,32
fit:11ba0ac28d468bdc19c88c55a8774bab8f7f966b006f61c6fd30348907495707,2026-08-30T09:55:15+00:00,4200.0,153,182,54,12.474,7.199999999999989,32
fit:11ba0ac28d468bdc19c88c55a8774bab8f7f966b006f61c6fd30348907495707,2026-08-30T09:55:16+00:00,4201.0,153,182,55,12.334,6.199999999999989,32
fit:11ba0ac28d468bdc19c88c55a8774bab8f7f966b006f61c6fd30348907495707,2026-08-30T09:55:17+00:00,4202.0,153,179,55,12.16,6.0,32
fit:11ba0ac28d468bdc19c88c55a8774bab8f7f966b006f61c6fd30348907495707,2026-08-30T09:55:18+00:00,4203.0,153,181,28,11.997,6.0,32
fit:11ba0ac28d468bdc19c88c55a8774bab8f7f966b006f61c6fd30348907495707,2026-08-30T09:55:19+00:00,4204.0,13,179,31,11.886,6.0,32
fit:11ba0ac28d468bdc19c88c55a8774bab8f7f966b006f61c6fd30348907495707,2026-08-30T09:55:20+00:00,4205.0,238,178,88,11.732,6.0,32
fit:11ba0ac28d468bdc19c88c55a8774bab8f7f966b006f61c6fd30348907495707,2026-08-30T09:55:21+00:00,4206.0,238,176,88,11.707,6.0,32
fit:11ba0ac28d468bdc19c88c55a8774bab8f7f966b006f61c6fd30348907495707,2026-08-30T09:55:22+00:00,4207.0,177,177,88,11.769,5.0,32
fit:11ba0ac28d468bdc19c88c55a8774bab8f7f966b006f61c6fd30348907495707,2026-08-30T09:55:23+00:00,4208.0,222,179,88,11.722,5.0,32
fit:11ba0ac28d468bdc19c88c55a8774bab8f7f966b006f61c6fd30348907495707,2026-08-30T09:55:24+00:00,4209.0,222,178,88,11.698,5.0,32
fit:11ba0ac28d468bdc19c88c55a8774bab8f7f966b006f61c6fd30348907495707,2026-08-30T09:55:25+00:00,4210.0,362,178,89,11.766,5.800000000000011,32
fit:11ba0ac28d468bdc19c88c55a8774bab8f7f966b006f61c6fd30348907495707,2026-08-30T09:55:26+00:00,4211.0,226,178,91,11.934,6.600000000000023,32
fit:11ba0ac28d468bdc19c88c55a8774bab8f7f966b006f61c6fd30348907495707,2026-08-30T09:55:27+00:00,4212.0,227,178,91,12.028,6.600000000000023,32
fit:11ba0ac28d468bdc19c88c55a8774bab8f7f966b006f61c6fd30348907495707,2026-08-30T09:55:28+00:00,4213.0,255,177,91,12.096,6.600000000000023,32
fit:11ba0ac28d468bdc19c88c55a8774bab8f7f966b006f61c6fd30348907495707,2026-08-30T09:55:29+00:00,4214.0,180,177,91,12.08,6.0,32
fit:11ba0ac28d468bdc19c88c55a8774bab8f7f966b006f61c6fd30348907495707,2026-08-30T09:55:30+00:00,4215.0,108,176,90,12.095,6.0,32
fit:11ba0ac28d468bdc19c88c55a8774bab8f7f966b006f61c6fd30348907495707,2026-08-30T09:55:31+00:00,4216.0,483,175,90,12.01,6.0,32
fit:11ba0ac28d468bdc19c88c55a8774bab8f7f966b006f61c6fd30348907495707,2026-08-30T09:55:32+00:00,4217.0,709,175,92,11.893,6.0,32
fit:11ba0ac28d468bdc19c88c55a8774bab8f7f966b006f61c6fd30348907495707,2026-08-30T09:55:33+00:00,4218.0,858,174,97,12.111,6.0,32
fit:11ba0ac28d468bdc19c88c55a8774bab8f7f966b006f61c6fd30348907495707,2026-08-30T09:55:34+00:00,4219.0,782,174,99,12.619,5.399999999999977,32
fit:11ba0ac28d468bdc19c88c55a8774bab8f7f966b006f61c6fd30348907495707,2026-08-30T09:55:35+00:00,4220.0,798,174,102,12.997,4.399999999999977,32
fit:11ba0ac28d468bdc19c88c55a8774bab8f7f966b006f61c6fd30348907495707,2026-08-30T09:55:36+00:00,4221.0,798,175,102,12.892,4.399999999999977,32
fit:11ba0ac28d468bdc19c88c55a8774bab8f7f966b006f61c6fd30348907495707,2026-08-30T09:55:37+00:00,4222.0,761,175,105,13.55,4.399999999999977,32
fit:11ba0ac28d468bdc19c88c55a8774bab8f7f966b006f61c6fd30348907495707,2026-08-30T09:55:38+00:00,4223.0,770,176,107,13.65,4.399999999999977,32
fit:11ba0ac28d468bdc19c88c55a8774bab8f7f966b006f61c6fd30348907495707,2026-08-30T09:55:39+00:00,4224.0,613,177,107,14.199,4.399999999999977,32
fit:11ba0ac28d468bdc19c88c55a8774bab8f7f966b006f61c6fd30348907495707,2026-08-30T09:55:40+00:00,4225.0,488,179,107,14.14,4.399999999999977,32
fit:11ba0ac28d468bdc19c88c55a8774bab8f7f966b006f61c6fd30348907495707,2026-08-30T09:55:41+00:00,4226.0,537,179,107,14.317,4.399999999999977,32
fit:11ba0ac28d468bdc19c88c55a8774bab8f7f966b006f61c6fd30348907495707,2026-08-30T09:55:42+00:00,4227.0,474,180,107,14.307,5.0,32
fit:11ba0ac28d468bdc19c88c55a8774bab8f7f966b006f61c6fd30348907495707,2026-08-30T09:55:43+00:00,4228.0,332,182,107,14.204,6.0,32
fit:11ba0ac28d468bdc19c88c55a8774bab8f7f966b006f61c6fd30348907495707,2026-08-30T09:55:44+00:00,4229.0,287,182,106,14.279,6.0,32
fit:11ba0ac28d468bdc19c88c55a8774bab8f7f966b006f61c6fd30348907495707,2026-08-30T09:55:45+00:00,4230.0,128,183,104,14.144,6.0,32
fit:11ba0ac28d468bdc19c88c55a8774bab8f7f966b006f61c6fd30348907495707,2026-08-30T09:55:46+00:00,4231.0,213,185,103,14.03,6.0,32
fit:11ba0ac28d468bdc19c88c55a8774bab8f7f966b006f61c6fd30348907495707,2026-08-30T09:55:47+00:00,4232.0,202,186,102,13.772,7.0,32
fit:11ba0ac28d468bdc19c88c55a8774bab8f7f966b006f61c6fd30348907495707,2026-08-30T09:55:48+00:00,4233.0,156,188,101,13.734,7.0,32
fit:11ba0ac28d468bdc19c88c55a8774bab8f7f966b006f61c6fd30348907495707,2026-08-30T09:55:49+00:00,4234.0,341,188,99,13.553,7.0,32
fit:11ba0ac28d468bdc19c88c55a8774bab8f7f966b006f61c6fd30348907495707,2026-08-30T09:55:50+00:00,4235.0,217,188,99,13.289,7.0,32
fit:11ba0ac28d468bdc19c88c55a8774bab8f7f966b006f61c6fd30348907495707,2026-08-30T09:55:51+00:00,4236.0,217,188,99,13.376,7.0,32
fit:11ba0ac28d468bdc19c88c55a8774bab8f7f966b006f61c6fd30348907495707,2026-08-30T09:55:52+00:00,4237.0,187,189,99,13.283,7.0,32
fit:11ba0ac28d468bdc19c88c55a8774bab8f7f966b006f61c6fd30348907495707,2026-08-30T09:55:53+00:00,4238.0,270,189,100,13.171,6.199999999999989,32
fit:11ba0ac28d468bdc19c88c55a8774bab8f7f966b006f61c6fd30348907495707,2026-08-30T09:55:54+00:00,4239.0,233,189,101,13.336,6.199999999999989,32
fit:11ba0ac28d468bdc19c88c55a8774bab8f7f966b006f61c6fd30348907495707,2026-08-30T09:55:55+00:00,4240.0,309,190,101,13.374,6.199999999999989,32
fit:11ba0ac28d468bdc19c88c55a8774bab8f7f966b006f61c6fd30348907495707,2026-08-30T09:55:56+00:00,4241.0,146,190,101,13.338,6.199999999999989,32
fit:11ba0ac28d468bdc19c88c55a8774bab8f7f966b006f61c6fd30348907495707,2026-08-30T09:55:57+00:00,4242.0,142,190,100,13.366,6.199999999999989,32
fit:11ba0ac28d468bdc19c88c55a8774bab8f7f966b006f61c6fd30348907495707,2026-08-30T09:55:58+00:00,4243.0,10,191,84,13.394,6.199999999999989,32
fit:11ba0ac28d468bdc19c88c55a8774bab8f7f966b006f61c6fd30348907495707,2026-08-30T09:55:59+00:00,4244.0,149,191,98,13.35,6.199999999999989,32
fit:11ba0ac28d468bdc19c88c55a8774bab8f7f966b006f61c6fd30348907495707,2026-08-30T09:56:00+00:00,4245.0,149,191,98,13.158,6.800000000000011,32
fit:11ba0ac28d468bdc19c88c55a8774bab8f7f966b006f61c6fd30348907495707,2026-08-30T09:56:01+00:00,4246.0,103,191,98,13.2,7.0,32
fit:11ba0ac28d468bdc19c88c55a8774bab8f7f966b006f61c6fd30348907495707,2026-08-30T09:56:02+00:00,4247.0,107,191,98,13.161,7.399999999999977,32
fit:11ba0ac28d468bdc19c88c55a8774bab8f7f966b006f61c6fd30348907495707,2026-08-30T09:56:03+00:00,4248.0,88,188,97,13.057,7.600000000000023,32
fit:11ba0ac28d468bdc19c88c55a8774bab8f7f966b006f61c6fd30348907495707,2026-08-30T09:56:04+00:00,4249.0,76,186,96,13.031,7.600000000000023,32
fit:11ba0ac28d468bdc19c88c55a8774bab8f7f966b006f61c6fd30348907495707,2026-08-30T09:56:05+00:00,4250.0,15,186,85,13.034,7.600000000000023,32
fit:11ba0ac28d468bdc19c88c55a8774bab8f7f966b006f61c6fd30348907495707,2026-08-30T09:56:06+00:00,4251.0,89,188,94,12.767,6.800000000000011,32
fit:11ba0ac28d468bdc19c88c55a8774bab8f7f966b006f61c6fd30348907495707,2026-08-30T09:56:07+00:00,4252.0,13,190,81,12.767,6.800000000000011,32
fit:11ba0ac28d468bdc19c88c55a8774bab8f7f966b006f61c6fd30348907495707,2026-08-30T09:56:08+00:00,4253.0,35,187,91,12.602,6.800000000000011,32
fit:11ba0ac28d468bdc19c88c55a8774bab8f7f966b006f61c6fd30348907495707,2026-08-30T09:56:09+00:00,4254.0,35,190,91,12.454,6.800000000000011,32
fit:11ba0ac28d468bdc19c88c55a8774bab8f7f966b006f61c6fd30348907495707,2026-08-30T09:56:10+00:00,4255.0,35,190,91,12.079,6.800000000000011,32
fit:11ba0ac28d468bdc19c88c55a8774bab8f7f966b006f61c6fd30348907495707,2026-08-30T09:56:11+00:00,4256.0,35,190,64,12.008,7.399999999999977,32
fit:11ba0ac28d468bdc19c88c55a8774bab8f7f966b006f61c6fd30348907495707,2026-08-30T09:56:12+00:00,4257.0,35,189,64,11.919,7.399999999999977,32
fit:11ba0ac28d468bdc19c88c55a8774bab8f7f966b006f61c6fd30348907495707,2026-08-30T09:56:13+00:00,4258.0,0,188,64,11.778,7.399999999999977,32
fit:11ba0ac28d468bdc19c88c55a8774bab8f7f966b006f61c6fd30348907495707,2026-08-30T09:56:14+00:00,4259.0,0,185,0,11.458,7.399999999999977,32
fit:11ba0ac28d468bdc19c88c55a8774bab8f7f966b006f61c6fd30348907495707,2026-08-30T09:56:15+00:00,4260.0,48,186,0,11.16,7.399999999999977,32
fit:11ba0ac28d468bdc19c88c55a8774bab8f7f966b006f61c6fd30348907495707,2026-08-30T09:56:16+00:00,4261.0,27,183,78,10.883,7.399999999999977,32
fit:11ba0ac28d468bdc19c88c55a8774bab8f7f966b006f61c6fd30348907495707,2026-08-30T09:56:17+00:00,4262.0,370,183,80,10.7,7.399999999999977,32
fit:11ba0ac28d468bdc19c88c55a8774bab8f7f966b006f61c6fd30348907495707,2026-08-30T09:56:18+00:00,4263.0,204,184,85,10.509,6.800000000000011,32
fit:11ba0ac28d468bdc19c88c55a8774bab8f7f966b006f61c6fd30348907495707,2026-08-30T09:56:19+00:00,4264.0,266,183,87,10.61,6.800000000000011,32
fit:11ba0ac28d468bdc19c88c55a8774bab8f7f966b006f61c6fd30348907495707,2026-08-30T09:56:20+00:00,4265.0,149,183,88,10.666,6.800000000000011,32
fit:11ba0ac28d468bdc19c88c55a8774bab8f7f966b006f61c6fd30348907495707,2026-08-30T09:56:21+00:00,4266.0,119,184,89,10.679,6.800000000000011,32
fit:11ba0ac28d468bdc19c88c55a8774bab8f7f966b006f61c6fd30348907495707,2026-08-30T09:56:22+00:00,4267.0,119,182,89,10.952,6.800000000000011,32
fit:11ba0ac28d468bdc19c88c55a8774bab8f7f966b006f61c6fd30348907495707,2026-08-30T09:56:23+00:00,4268.0,139,181,89,11.01,6.800000000000011,32
fit:11ba0ac28d468bdc19c88c55a8774bab8f7f966b006f61c6fd30348907495707,2026-08-30T09:56:24+00:00,4269.0,137,180,89,10.928,7.0,32
fit:11ba0ac28d468bdc19c88c55a8774bab8f7f966b006f61c6fd30348907495707,2026-08-30T09:56:25+00:00,4270.0,188,179,89,10.833,7.199999999999989,32
fit:11ba0ac28d468bdc19c88c55a8774bab8f7f966b006f61c6fd30348907495707,2026-08-30T09:56:26+00:00,4271.0,246,177,90,10.973,7.199999999999989,32
fit:11ba0ac28d468bdc19c88c55a8774bab8f7f966b006f61c6fd30348907495707,2026-08-30T09:56:27+00:00,4272.0,399,176,90,10.892,7.199999999999989,32
fit:11ba0ac28d468bdc19c88c55a8774bab8f7f966b006f61c6fd30348907495707,2026-08-30T09:56:28+00:00,4273.0,231,174,92,11.092,7.199999999999989,32
fit:11ba0ac28d468bdc19c88c55a8774bab8f7f966b006f61c6fd30348907495707,2026-08-30T09:56:29+00:00,4274.0,441,174,94,11.519,7.199999999999989,32
fit:11ba0ac28d468bdc19c88c55a8774bab8f7f966b006f61c6fd30348907495707,2026-08-30T09:56:30+00:00,4275.0,365,173,97,11.579,7.199999999999989,32
fit:11ba0ac28d468bdc19c88c55a8774bab8f7f966b006f61c6fd30348907495707,2026-08-30T09:56:31+00:00,4276.0,464,172,99,11.702,8.199999999999989,32
fit:11ba0ac28d468bdc19c88c55a8774bab8f7f966b006f61c6fd30348907495707,2026-08-30T09:56:32+00:00,4277.0,568,172,100,11.829,8.199999999999989,32
fit:11ba0ac28d468bdc19c88c55a8774bab8f7f966b006f61c6fd30348907495707,2026-08-30T09:56:33+00:00,4278.0,657,172,102,12.26,8.199999999999989,32
fit:11ba0ac28d468bdc19c88c55a8774bab8f7f966b006f61c6fd30348907495707,2026-08-30T09:56:34+00:00,4279.0,612,172,106,12.73,7.199999999999989,32
fit:11ba0ac28d468bdc19c88c55a8774bab8f7f966b006f61c6fd30348907495707,2026-08-30T09:56:35+00:00,4280.0,626,173,108,13.004,7.199999999999989,32
fit:11ba0ac28d468bdc19c88c55a8774bab8f7f966b006f61c6fd30348907495707,2026-08-30T09:56:36+00:00,4281.0,535,173,111,13.209,7.199999999999989,32
fit:11ba0ac28d468bdc19c88c55a8774bab8f7f966b006f61c6fd30348907495707,2026-08-30T09:56:37+00:00,4282.0,628,174,113,13.621,7.199999999999989,32
fit:11ba0ac28d468bdc19c88c55a8774bab8f7f966b006f61c6fd30348907495707,2026-08-30T09:56:38+00:00,4283.0,510,174,106,13.84,7.199999999999989,32
fit:11ba0ac28d468bdc19c88c55a8774bab8f7f966b006f61c6fd30348907495707,2026-08-30T09:56:39+00:00,4284.0,444,175,107,13.774,7.199999999999989,32
fit:11ba0ac28d468bdc19c88c55a8774bab8f7f966b006f61c6fd30348907495707,2026-08-30T09:56:40+00:00,4285.0,158,176,108,14.061,7.199999999999989,32
fit:11ba0ac28d468bdc19c88c55a8774bab8f7f966b006f61c6fd30348907495707,2026-08-30T09:56:41+00:00,4286.0,128,176,104,14.237,7.199999999999989,32
fit:11ba0ac28d468bdc19c88c55a8774bab8f7f966b006f61c6fd30348907495707,2026-08-30T09:56:42+00:00,4287.0,128,176,103,14.255,7.0,32
fit:11ba0ac28d468bdc19c88c55a8774bab8f7f966b006f61c6fd30348907495707,2026-08-30T09:56:43+00:00,4288.0,27,178,103,14.129,7.0,32
fit:11ba0ac28d468bdc19c88c55a8774bab8f7f966b006f61c6fd30348907495707,2026-08-30T09:56:44+00:00,4289.0,27,178,78,13.732,6.0,32
fit:11ba0ac28d468bdc19c88c55a8774bab8f7f966b006f61c6fd30348907495707,2026-08-30T09:56:45+00:00,4290.0,27,179,78,13.527,6.0,32
fit:11ba0ac28d468bdc19c88c55a8774bab8f7f966b006f61c6fd30348907495707,2026-08-30T09:56:46+00:00,4291.0,27,179,78,13.497,6.0,32
fit:11ba0ac28d468bdc19c88c55a8774bab8f7f966b006f61c6fd30348907495707,2026-08-30T09:56:47+00:00,4292.0,27,180,78,13.205,7.0,32
fit:11ba0ac28d468bdc19c88c55a8774bab8f7f966b006f61c6fd30348907495707,2026-08-30T09:56:48+00:00,4293.0,24,180,78,12.91,7.0,32
fit:11ba0ac28d468bdc19c88c55a8774bab8f7f966b006f61c6fd30348907495707,2026-08-30T09:56:49+00:00,4294.0,0,181,74,12.594,7.600000000000023,32
fit:11ba0ac28d468bdc19c88c55a8774bab8f7f966b006f61c6fd30348907495707,2026-08-30T09:56:50+00:00,4295.0,0,181,0,12.286,7.600000000000023,32
fit:11ba0ac28d468bdc19c88c55a8774bab8f7f966b006f61c6fd30348907495707,2026-08-30T09:56:51+00:00,4296.0,0,181,0,12.14,7.600000000000023,32
fit:11ba0ac28d468bdc19c88c55a8774bab8f7f966b006f61c6fd30348907495707,2026-08-30T09:56:52+00:00,4297.0,0,181,0,11.895,6.600000000000023,32
fit:11ba0ac28d468bdc19c88c55a8774bab8f7f966b006f61c6fd30348907495707,2026-08-30T09:56:53+00:00,4298.0,16,181,0,11.717,6.600000000000023,32
fit:11ba0ac28d468bdc19c88c55a8774bab8f7f966b006f61c6fd30348907495707,2026-08-30T09:56:54+00:00,4299.0,16,181,0,11.627,6.600000000000023,32
fit:11ba0ac28d468bdc19c88c55a8774bab8f7f966b006f61c6fd30348907495707,2026-08-30T09:56:55+00:00,4300.0,16,181,0,11.267,7.199999999999989,32
fit:11ba0ac28d468bdc19c88c55a8774bab8f7f966b006f61c6fd30348907495707,2026-08-30T09:56:56+00:00,4301.0,16,181,0,11.072,7.399999999999977,32
fit:11ba0ac28d468bdc19c88c55a8774bab8f7f966b006f61c6fd30348907495707,2026-08-30T09:56:57+00:00,4302.0,7,180,0,10.521,7.399999999999977,32
fit:11ba0ac28d468bdc19c88c55a8774bab8f7f966b006f61c6fd30348907495707,2026-08-30T09:56:58+00:00,4303.0,418,180,0,10.384,7.399999999999977,32
fit:11ba0ac28d468bdc19c88c55a8774bab8f7f966b006f61c6fd30348907495707,2026-08-30T09:56:59+00:00,4304.0,707,179,81,10.317,6.399999999999977,32
fit:11ba0ac28d468bdc19c88c55a8774bab8f7f966b006f61c6fd30348907495707,2026-08-30T09:57:00+00:00,4305.0,772,179,88,10.227,5.800000000000011,32
fit:11ba0ac28d468bdc19c88c55a8774bab8f7f966b006f61c6fd30348907495707,2026-08-30T09:57:01+00:00,4306.0,666,178,95,10.868,5.199999999999989,32
fit:11ba0ac28d468bdc19c88c55a8774bab8f7f966b006f61c6fd30348907495707,2026-08-30T09:57:02+00:00,4307.0,584,178,98,11.243,4.800000000000011,32
fit:11ba0ac28d468bdc19c88c55a8774bab8f7f966b006f61c6fd30348907495707,2026-08-30T09:57:03+00:00,4308.0,333,177,100,11.904,4.800000000000011,32
fit:11ba0ac28d468bdc19c88c55a8774bab8f7f966b006f61c6fd30348907495707,2026-08-30T09:57:04+00:00,4309.0,118,177,65,12.834,4.800000000000011,32
fit:11ba0ac28d468bdc19c88c55a8774bab8f7f966b006f61c6fd30348907495707,2026-08-30T09:57:05+00:00,4310.0,118,177,103,13.159,4.800000000000011,32
fit:11ba0ac28d468bdc19c88c55a8774bab8f7f966b006f61c6fd30348907495707,2026-08-30T09:57:06+00:00,4311.0,262,177,103,13.402,4.399999999999977,32
fit:11ba0ac28d468bdc19c88c55a8774bab8f7f966b006f61c6fd30348907495707,2026-08-30T09:57:07+00:00,4312.0,357,177,103,13.521,4.0,32
fit:11ba0ac28d468bdc19c88c55a8774bab8f7f966b006f61c6fd30348907495707,2026-08-30T09:57:08+00:00,4313.0,216,177,103,13.537,4.0,32
fit:11ba0ac28d468bdc19c88c55a8774bab8f7f966b006f61c6fd30348907495707,2026-08-30T09:57:09+00:00,4314.0,157,177,103,13.624,4.0,32
fit:11ba0ac28d468bdc19c88c55a8774bab8f7f966b006f61c6fd30348907495707,2026-08-30T09:57:10+00:00,4315.0,67,178,58,13.62,4.0,32
fit:11ba0ac28d468bdc19c88c55a8774bab8f7f966b006f61c6fd30348907495707,2026-08-30T09:57:11+00:00,4316.0,58,178,49,13.357,4.0,32
fit:11ba0ac28d468bdc19c88c55a8774bab8f7f966b006f61c6fd30348907495707,2026-08-30T09:57:12+00:00,4317.0,58,179,87,13.231,4.800000000000011,32
fit:11ba0ac28d468bdc19c88c55a8774bab8f7f966b006f61c6fd30348907495707,2026-08-30T09:57:13+00:00,4318.0,58,179,87,13.157,5.800000000000011,32
fit:11ba0ac28d468bdc19c88c55a8774bab8f7f966b006f61c6fd30348907495707,2026-08-30T09:57:14+00:00,4319.0,0,179,87,13.029,5.800000000000011,32
fit:11ba0ac28d468bdc19c88c55a8774bab8f7f966b006f61c6fd30348907495707,2026-08-30T09:57:15+00:00,4320.0,0,179,0,12.775,5.800000000000011,32
fit:11ba0ac28d468bdc19c88c55a8774bab8f7f966b006f61c6fd30348907495707,2026-08-30T09:57:16+00:00,4321.0,84.5,178,,12.845,4.800000000000011,32
fit:11ba0ac28d468bdc19c88c55a8774bab8f7f966b006f61c6fd30348907495707,2026-08-30T09:57:17+00:00,4322.0,169,178,0,13.266,4.800000000000011,32
fit:11ba0ac28d468bdc19c88c55a8774bab8f7f966b006f61c6fd30348907495707,2026-08-30T09:57:18+00:00,4323.0,169,178,52,13.273,4.800000000000011,32
fit:11ba0ac28d468bdc19c88c55a8774bab8f7f966b006f61c6fd30348907495707,2026-08-30T09:57:19+00:00,4324.0,169,179,52,13.257,4.800000000000011,32
fit:11ba0ac28d468bdc19c88c55a8774bab8f7f966b006f61c6fd30348907495707,2026-08-30T09:57:20+00:00,4325.0,0,179,52,13.307,4.800000000000011,32
fit:11ba0ac28d468bdc19c88c55a8774bab8f7f966b006f61c6fd30348907495707,2026-08-30T09:57:21+00:00,4326.0,392,179,0,13.405,4.800000000000011,32
fit:11ba0ac28d468bdc19c88c55a8774bab8f7f966b006f61c6fd30348907495707,2026-08-30T09:57:22+00:00,4327.0,392,180,101,13.341,4.800000000000011,32
fit:11ba0ac28d468bdc19c88c55a8774bab8f7f966b006f61c6fd30348907495707,2026-08-30T09:57:23+00:00,4328.0,87,180,101,13.396,5.399999999999977,32
fit:11ba0ac28d468bdc19c88c55a8774bab8f7f966b006f61c6fd30348907495707,2026-08-30T09:57:24+00:00,4329.0,87,180,99,13.289,5.800000000000011,32
fit:11ba0ac28d468bdc19c88c55a8774bab8f7f966b006f61c6fd30348907495707,2026-08-30T09:57:25+00:00,4330.0,136,180,99,13.237,5.800000000000011,32
fit:11ba0ac28d468bdc19c88c55a8774bab8f7f966b006f61c6fd30348907495707,2026-08-30T09:57:26+00:00,4331.0,178,180,99,13.268,5.800000000000011,32
fit:11ba0ac28d468bdc19c88c55a8774bab8f7f966b006f61c6fd30348907495707,2026-08-30T09:57:27+00:00,4332.0,199,181,99,13.157,5.0,32
fit:11ba0ac28d468bdc19c88c55a8774bab8f7f966b006f61c6fd30348907495707,2026-08-30T09:57:28+00:00,4333.0,199,181,98,13.157,4.399999999999977,32
fit:11ba0ac28d468bdc19c88c55a8774bab8f7f966b006f61c6fd30348907495707,2026-08-30T09:57:29+00:00,4334.0,486,181,98,13.125,4.399999999999977,32
fit:11ba0ac28d468bdc19c88c55a8774bab8f7f966b006f61c6fd30348907495707,2026-08-30T09:57:30+00:00,4335.0,419,182,99,13.179,4.399999999999977,32
fit:11ba0ac28d468bdc19c88c55a8774bab8f7f966b006f61c6fd30348907495707,2026-08-30T09:57:31+00:00,4336.0,468,182,100,13.178,5.199999999999989,32
fit:11ba0ac28d468bdc19c88c55a8774bab8f7f966b006f61c6fd30348907495707,2026-08-30T09:57:32+00:00,4337.0,299,183,102,13.36,6.199999999999989,32
fit:11ba0ac28d468bdc19c88c55a8774bab8f7f966b006f61c6fd30348907495707,2026-08-30T09:57:33+00:00,4338.0,121,183,102,13.432,6.199999999999989,32
fit:11ba0ac28d468bdc19c88c55a8774bab8f7f966b006f61c6fd30348907495707,2026-08-30T09:57:34+00:00,4339.0,121,183,101,13.496,6.199999999999989,32
fit:11ba0ac28d468bdc19c88c55a8774bab8f7f966b006f61c6fd30348907495707,2026-08-30T09:57:35+00:00,4340.0,121,183,101,13.53,6.0,32
fit:11ba0ac28d468bdc19c88c55a8774bab8f7f966b006f61c6fd30348907495707,2026-08-30T09:57:36+00:00,4341.0,121,184,65,13.491,5.800000000000011,32
fit:11ba0ac28d468bdc19c88c55a8774bab8f7f966b006f61c6fd30348907495707,2026-08-30T09:57:37+00:00,4342.0,111,183,65,13.29,5.399999999999977,32
fit:11ba0ac28d468bdc19c88c55a8774bab8f7f966b006f61c6fd30348907495707,2026-08-30T09:57:38+00:00,4343.0,0,183,62,13.215,5.399999999999977,32
fit:11ba0ac28d468bdc19c88c55a8774bab8f7f966b006f61c6fd30348907495707,2026-08-30T09:57:39+00:00,4344.0,102,184,,13.196,5.399999999999977,32
fit:11ba0ac28d468bdc19c88c55a8774bab8f7f966b006f61c6fd30348907495707,2026-08-30T09:57:40+00:00,4345.0,62,182,98,13.125,6.0,32
fit:11ba0ac28d468bdc19c88c55a8774bab8f7f966b006f61c6fd30348907495707,2026-08-30T09:57:41+00:00,4346.0,62,181,98,13.048,6.0,32
fit:11ba0ac28d468bdc19c88c55a8774bab8f7f966b006f61c6fd30348907495707,2026-08-30T09:57:42+00:00,4347.0,57,181,98,13.096,6.0,32
fit:11ba0ac28d468bdc19c88c55a8774bab8f7f966b006f61c6fd30348907495707,2026-08-30T09:57:43+00:00,4348.0,51,180,,13.066,6.0,32
fit:11ba0ac28d468bdc19c88c55a8774bab8f7f966b006f61c6fd30348907495707,2026-08-30T09:57:44+00:00,4349.0,46,182,,12.948,6.0,32
fit:11ba0ac28d468bdc19c88c55a8774bab8f7f966b006f61c6fd30348907495707,2026-08-30T09:57:45+00:00,4350.0,42,184,,12.768,6.0,32
fit:11ba0ac28d468bdc19c88c55a8774bab8f7f966b006f61c6fd30348907495707,2026-08-30T09:57:46+00:00,4351.0,38,183,,12.689,6.0,32
fit:11ba0ac28d468bdc19c88c55a8774bab8f7f966b006f61c6fd30348907495707,2026-08-30T09:57:47+00:00,4352.0,34,183,,12.426,5.800000000000011,32
fit:11ba0ac28d468bdc19c88c55a8774bab8f7f966b006f61c6fd30348907495707,2026-08-30T09:57:48+00:00,4353.0,0,183,,12.237,5.800000000000011,32
fit:11ba0ac28d468bdc19c88c55a8774bab8f7f966b006f61c6fd30348907495707,2026-08-30T09:57:49+00:00,4354.0,0,182,0,12.134,5.800000000000011,32
fit:11ba0ac28d468bdc19c88c55a8774bab8f7f966b006f61c6fd30348907495707,2026-08-30T09:57:50+00:00,4355.0,0,181,0,12.079,5.800000000000011,32
fit:11ba0ac28d468bdc19c88c55a8774bab8f7f966b006f61c6fd30348907495707,2026-08-30T09:57:51+00:00,4356.0,0,180,0,11.791,5.399999999999977,32
fit:11ba0ac28d468bdc19c88c55a8774bab8f7f966b006f61c6fd30348907495707,2026-08-30T09:57:52+00:00,4357.0,155,180,29,11.725,5.0,32
fit:11ba0ac28d468bdc19c88c55a8774bab8f7f966b006f61c6fd30348907495707,2026-08-30T09:57:53+00:00,4358.0,550,179,96,11.959,5.0,32
fit:11ba0ac28d468bdc19c88c55a8774bab8f7f966b006f61c6fd30348907495707,2026-08-30T09:57:54+00:00,4359.0,198,179,96,12.48,5.0,32
fit:11ba0ac28d468bdc19c88c55a8774bab8f7f966b006f61c6fd30348907495707,2026-08-30T09:57:55+00:00,4360.0,332,179,97,12.646,5.399999999999977,32
fit:11ba0ac28d468bdc19c88c55a8774bab8f7f966b006f61c6fd30348907495707,2026-08-30T09:57:56+00:00,4361.0,308,178,98,12.807,5.399999999999977,32
fit:11ba0ac28d468bdc19c88c55a8774bab8f7f966b006f61c6fd30348907495707,2026-08-30T09:57:57+00:00,4362.0,309,178,99,12.925,5.399999999999977,32
fit:11ba0ac28d468bdc19c88c55a8774bab8f7f966b006f61c6fd30348907495707,2026-08-30T09:57:58+00:00,4363.0,244,177,100,13.113,5.399999999999977,32
fit:11ba0ac28d468bdc19c88c55a8774bab8f7f966b006f61c6fd30348907495707,2026-08-30T09:57:59+00:00,4364.0,204,177,101,13.174,5.399999999999977,32
fit:11ba0ac28d468bdc19c88c55a8774bab8f7f966b006f61c6fd30348907495707,2026-08-30T09:58:00+00:00,4365.0,14,177,100,13.306,5.399999999999977,32
fit:11ba0ac28d468bdc19c88c55a8774bab8f7f966b006f61c6fd30348907495707,2026-08-30T09:58:01+00:00,4366.0,172,178,77,13.27,4.399999999999977,32
fit:11ba0ac28d468bdc19c88c55a8774bab8f7f966b006f61c6fd30348907495707,2026-08-30T09:58:02+00:00,4367.0,121,177,95,13.118,3.3999999999999773,32
fit:11ba0ac28d468bdc19c88c55a8774bab8f7f966b006f61c6fd30348907495707,2026-08-30T09:58:03+00:00,4368.0,162,177,94,12.79,2.3999999999999773,32
fit:11ba0ac28d468bdc19c88c55a8774bab8f7f966b006f61c6fd30348907495707,2026-08-30T09:58:04+00:00,4369.0,155,177,93,12.693,2.3999999999999773,32
fit:11ba0ac28d468bdc19c88c55a8774bab8f7f966b006f61c6fd30348907495707,2026-08-30T09:58:05+00:00,4370.0,78,176,93,12.575,2.3999999999999773,32
fit:11ba0ac28d468bdc19c88c55a8774bab8f7f966b006f61c6fd30348907495707,2026-08-30T09:58:06+00:00,4371.0,89,175,90,12.529,3.3999999999999773,32
fit:11ba0ac28d468bdc19c88c55a8774bab8f7f966b006f61c6fd30348907495707,2026-08-30T09:58:07+00:00,4372.0,95,175,93,12.467,3.8000000000000114,32
fit:11ba0ac28d468bdc19c88c55a8774bab8f7f966b006f61c6fd30348907495707,2026-08-30T09:58:08+00:00,4373.0,99,174,92,12.465,4.0,32
fit:11ba0ac28d468bdc19c88c55a8774bab8f7f966b006f61c6fd30348907495707,2026-08-30T09:58:09+00:00,4374.0,99,174,92,12.426,5.0,33
fit:11ba0ac28d468bdc19c88c55a8774bab8f7f966b006f61c6fd30348907495707,2026-08-30T09:58:10+00:00,4375.0,99,174,78,12.247,5.0,33
fit:11ba0ac28d468bdc19c88c55a8774bab8f7f966b006f61c6fd30348907495707,2026-08-30T09:58:11+00:00,4376.0,99,173,78,12.109,5.0,33
fit:11ba0ac28d468bdc19c88c55a8774bab8f7f966b006f61c6fd30348907495707,2026-08-30T09:58:12+00:00,4377.0,97,173,78,12.015,5.0,33
fit:11ba0ac28d468bdc19c88c55a8774bab8f7f966b006f61c6fd30348907495707,2026-08-30T09:58:13+00:00,4378.0,0,173,77,11.554,5.0,33
fit:11ba0ac28d468bdc19c88c55a8774bab8f7f966b006f61c6fd30348907495707,2026-08-30T09:58:14+00:00,4379.0,181,173,0,11.238,5.0,33
fit:11ba0ac28d468bdc19c88c55a8774bab8f7f966b006f61c6fd30348907495707,2026-08-30T09:58:15+00:00,4380.0,74,172,82,11.038,5.0,33
fit:11ba0ac28d468bdc19c88c55a8774bab8f7f966b006f61c6fd30348907495707,2026-08-30T09:58:16+00:00,4381.0,74,172,82,11.044,5.0,33
fit:11ba0ac28d468bdc19c88c55a8774bab8f7f966b006f61c6fd30348907495707,2026-08-30T09:58:17+00:00,4382.0,210,172,82,11.094,5.399999999999977,33
fit:11ba0ac28d468bdc19c88c55a8774bab8f7f966b006f61c6fd30348907495707,2026-08-30T09:58:18+00:00,4383.0,211,172,81,11.01,5.399999999999977,33
fit:11ba0ac28d468bdc19c88c55a8774bab8f7f966b006f61c6fd30348907495707,2026-08-30T09:58:19+00:00,4384.0,342,172,81,10.743,5.399999999999977,33
fit:11ba0ac28d468bdc19c88c55a8774bab8f7f966b006f61c6fd30348907495707,2026-08-30T09:58:20+00:00,4385.0,288,172,82,10.775,4.399999999999977,33
fit:11ba0ac28d468bdc19c88c55a8774bab8f7f966b006f61c6fd30348907495707,2026-08-30T09:58:21+00:00,4386.0,286,172,84,10.911,4.399999999999977,33
fit:11ba0ac28d468bdc19c88c55a8774bab8f7f966b006f61c6fd30348907495707,2026-08-30T09:58:22+00:00,4387.0,127,172,85,11.058,4.399999999999977,33
fit:11ba0ac28d468bdc19c88c55a8774bab8f7f966b006f61c6fd30348907495707,2026-08-30T09:58:23+00:00,4388.0,127,173,85,11.2,4.800000000000011,33
fit:11ba0ac28d468bdc19c88c55a8774bab8f7f966b006f61c6fd30348907495707,2026-08-30T09:58:24+00:00,4389.0,17,172,85,11.164,5.399999999999977,33
fit:11ba0ac28d468bdc19c88c55a8774bab8f7f966b006f61c6fd30348907495707,2026-08-30T09:58:25+00:00,4390.0,17,172,72,11.143,5.399999999999977,33
fit:11ba0ac28d468bdc19c88c55a8774bab8f7f966b006f61c6fd30348907495707,2026-08-30T09:58:26+00:00,4391.0,17,170,72,11.156,5.399999999999977,33
fit:11ba0ac28d468bdc19c88c55a8774bab8f7f966b006f61c6fd30348907495707,2026-08-30T09:58:27+00:00,4392.0,17,169,72,11.114,4.399999999999977,33
fit:11ba0ac28d468bdc19c88c55a8774bab8f7f966b006f61c6fd30348907495707,2026-08-30T09:58:28+00:00,4393.0,17,169,72,10.933,4.399999999999977,33
fit:11ba0ac28d468bdc19c88c55a8774bab8f7f966b006f61c6fd30348907495707,2026-08-30T09:58:29+00:00,4394.0,15,169,71,10.826,4.399999999999977,33
fit:11ba0ac28d468bdc19c88c55a8774bab8f7f966b006f61c6fd30348907495707,2026-08-30T09:58:30+00:00,4395.0,0,168,68,10.736,5.399999999999977,33
fit:11ba0ac28d468bdc19c88c55a8774bab8f7f966b006f61c6fd30348907495707,2026-08-30T09:58:31+00:00,4396.0,270,167,0,10.5,5.800000000000011,33
fit:11ba0ac28d468bdc19c88c55a8774bab8f7f966b006f61c6fd30348907495707,2026-08-30T09:58:32+00:00,4397.0,343,167,77,10.381,6.800000000000011,33
fit:11ba0ac28d468bdc19c88c55a8774bab8f7f966b006f61c6fd30348907495707,2026-08-30T09:58:33+00:00,4398.0,234,166,78,10.306,6.800000000000011,33
fit:11ba0ac28d468bdc19c88c55a8774bab8f7f966b006f61c6fd30348907495707,2026-08-30T09:58:34+00:00,4399.0,261,166,80,10.477,6.800000000000011,33
fit:11ba0ac28d468bdc19c88c55a8774bab8f7f966b006f61c6fd30348907495707,2026-08-30T09:58:35+00:00,4400.0,185,166,80,10.576,6.399999999999977,33
fit:11ba0ac28d468bdc19c88c55a8774bab8f7f966b006f61c6fd30348907495707,2026-08-30T09:58:36+00:00,4401.0,86,165,82,10.662,5.399999999999977,33
fit:11ba0ac28d468bdc19c88c55a8774bab8f7f966b006f61c6fd30348907495707,2026-08-30T09:58:37+00:00,4402.0,29,165,82,10.803,5.399999999999977,33
fit:11ba0ac28d468bdc19c88c55a8774bab8f7f966b006f61c6fd30348907495707,2026-08-30T09:58:38+00:00,4403.0,29,164,78,10.817,5.399999999999977,33
fit:11ba0ac28d468bdc19c88c55a8774bab8f7f966b006f61c6fd30348907495707,2026-08-30T09:58:39+00:00,4404.0,53,163,78,10.68,5.399999999999977,33
fit:11ba0ac28d468bdc19c88c55a8774bab8f7f966b006f61c6fd30348907495707,2026-08-30T09:58:40+00:00,4405.0,22,163,86,10.713,5.399999999999977,33
fit:11ba0ac28d468bdc19c88c55a8774bab8f7f966b006f61c6fd30348907495707,2026-08-30T09:58:41+00:00,4406.0,205,163,35,10.612,5.399999999999977,33
fit:11ba0ac28d468bdc19c88c55a8774bab8f7f966b006f61c6fd30348907495707,2026-08-30T09:58:42+00:00,4407.0,205,163,88,10.678,5.399999999999977,33
fit:11ba0ac28d468bdc19c88c55a8774bab8f7f966b006f61c6fd30348907495707,2026-08-30T09:58:43+00:00,4408.0,205,162,88,10.704,5.399999999999977,33
fit:11ba0ac28d468bdc19c88c55a8774bab8f7f966b006f61c6fd30348907495707,2026-08-30T09:58:44+00:00,4409.0,0,162,88,10.663,5.399999999999977,33
fit:11ba0ac28d468bdc19c88c55a8774bab8f7f966b006f61c6fd30348907495707,2026-08-30T09:58:45+00:00,4410.0,153,162,0,10.759,5.399999999999977,33
fit:11ba0ac28d468bdc19c88c55a8774bab8f7f966b006f61c6fd30348907495707,2026-08-30T09:58:46+00:00,4411.0,153,162,87,10.851,5.399999999999977,33
fit:11ba0ac28d468bdc19c88c55a8774bab8f7f966b006f61c6fd30348907495707,2026-08-30T09:58:47+00:00,4412.0,153,161,87,10.837,6.399999999999977,33
fit:11ba0ac28d468bdc19c88c55a8774bab8f7f966b006f61c6fd30348907495707,2026-08-30T09:58:48+00:00,4413.0,0,161,87,10.935,7.199999999999989,33
fit:11ba0ac28d468bdc19c88c55a8774bab8f7f966b006f61c6fd30348907495707,2026-08-30T09:58:49+00:00,4414.0,98,160,0,10.67,7.199999999999989,33
fit:11ba0ac28d468bdc19c88c55a8774bab8f7f966b006f61c6fd30348907495707,2026-08-30T09:58:50+00:00,4415.0,98,159,87,10.843,7.199999999999989,33
fit:11ba0ac28d468bdc19c88c55a8774bab8f7f966b006f61c6fd30348907495707,2026-08-30T09:58:51+00:00,4416.0,151,159,87,10.729,6.199999999999989,33
fit:11ba0ac28d468bdc19c88c55a8774bab8f7f966b006f61c6fd30348907495707,2026-08-30T09:58:52+00:00,4417.0,148,158,90,10.886,6.199999999999989,33
fit:11ba0ac28d468bdc19c88c55a8774bab8f7f966b006f61c6fd30348907495707,2026-08-30T09:58:53+00:00,4418.0,148,158,90,11.004,6.199999999999989,33
fit:11ba0ac28d468bdc19c88c55a8774bab8f7f966b006f61c6fd30348907495707,2026-08-30T09:58:54+00:00,4419.0,186,158,90,11.099,6.199999999999989,33
fit:11ba0ac28d468bdc19c88c55a8774bab8f7f966b006f61c6fd30348907495707,2026-08-30T09:58:55+00:00,4420.0,176,157,92,11.158,6.199999999999989,33
fit:11ba0ac28d468bdc19c88c55a8774bab8f7f966b006f61c6fd30348907495707,2026-08-30T09:58:56+00:00,4421.0,196,156,92,11.257,6.199999999999989,33
fit:11ba0ac28d468bdc19c88c55a8774bab8f7f966b006f61c6fd30348907495707,2026-08-30T09:58:57+00:00,4422.0,261,156,92,11.37,6.199999999999989,33
fit:11ba0ac28d468bdc19c88c55a8774bab8f7f966b006f61c6fd30348907495707,2026-08-30T09:58:58+00:00,4423.0,227,156,93,11.578,6.199999999999989,33
fit:11ba0ac28d468bdc19c88c55a8774bab8f7f966b006f61c6fd30348907495707,2026-08-30T09:58:59+00:00,4424.0,151,155,94,11.677,5.399999999999977,33
fit:11ba0ac28d468bdc19c88c55a8774bab8f7f966b006f61c6fd30348907495707,2026-08-30T09:59:00+00:00,4425.0,151,156,94,11.698,5.399999999999977,33
fit:11ba0ac28d468bdc19c88c55a8774bab8f7f966b006f61c6fd30348907495707,2026-08-30T09:59:01+00:00,4426.0,112,156,94,11.677,5.399999999999977,33
fit:11ba0ac28d468bdc19c88c55a8774bab8f7f966b006f61c6fd30348907495707,2026-08-30T09:59:02+00:00,4427.0,146,157,94,11.641,5.399999999999977,33
fit:11ba0ac28d468bdc19c88c55a8774bab8f7f966b006f61c6fd30348907495707,2026-08-30T09:59:03+00:00,4428.0,179,158,93,11.571,5.0,33
fit:11ba0ac28d468bdc19c88c55a8774bab8f7f966b006f61c6fd30348907495707,2026-08-30T09:59:04+00:00,4429.0,114,158,94,11.515,4.199999999999989,33
fit:11ba0ac28d468bdc19c88c55a8774bab8f7f966b006f61c6fd30348907495707,2026-08-30T09:59:05+00:00,4430.0,162,159,94,11.726,4.199999999999989,33
fit:11ba0ac28d468bdc19c88c55a8774bab8f7f966b006f61c6fd30348907495707,2026-08-30T09:59:06+00:00,4431.0,232,160,94,11.742,4.199999999999989,33
fit:11ba0ac28d468bdc19c88c55a8774bab8f7f966b006f61c6fd30348907495707,2026-08-30T09:59:07+00:00,4432.0,195,160,95,11.858,5.199999999999989,33
fit:11ba0ac28d468bdc19c88c55a8774bab8f7f966b006f61c6fd30348907495707,2026-08-30T09:59:08+00:00,4433.0,193,161,96,11.874,5.199999999999989,33
fit:11ba0ac28d468bdc19c88c55a8774bab8f7f966b006f61c6fd30348907495707,2026-08-30T09:59:09+00:00,4434.0,173,161,97,11.941,5.199999999999989,33
fit:11ba0ac28d468bdc19c88c55a8774bab8f7f966b006f61c6fd30348907495707,2026-08-30T09:59:10+00:00,4435.0,196,161,97,12.031,5.199999999999989,33
fit:11ba0ac28d468bdc19c88c55a8774bab8f7f966b006f61c6fd30348907495707,2026-08-30T09:59:11+00:00,4436.0,143,162,96,12.044,5.800000000000011,33
fit:11ba0ac28d468bdc19c88c55a8774bab8f7f966b006f61c6fd30348907495707,2026-08-30T09:59:12+00:00,4437.0,174,162,97,11.999,6.399999999999977,33
fit:11ba0ac28d468bdc19c88c55a8774bab8f7f966b006f61c6fd30348907495707,2026-08-30T09:59:13+00:00,4438.0,195,161,96,11.958,6.800000000000011,33
fit:11ba0ac28d468bdc19c88c55a8774bab8f7f966b006f61c6fd30348907495707,2026-08-30T09:59:14+00:00,4439.0,175,161,96,11.965,6.800000000000011,33
fit:11ba0ac28d468bdc19c88c55a8774bab8f7f966b006f61c6fd30348907495707,2026-08-30T09:59:15+00:00,4440.0,175,161,96,12.01,6.800000000000011,33
fit:11ba0ac28d468bdc19c88c55a8774bab8f7f966b006f61c6fd30348907495707,2026-08-30T09:59:16+00:00,4441.0,206,161,96,12.036,6.199999999999989,33
fit:11ba0ac28d468bdc19c88c55a8774bab8f7f966b006f61c6fd30348907495707,2026-08-30T09:59:17+00:00,4442.0,222,161,96,12.032,5.199999999999989,33
fit:11ba0ac28d468bdc19c88c55a8774bab8f7f966b006f61c6fd30348907495707,2026-08-30T09:59:18+00:00,4443.0,222,160,97,11.956,5.199999999999989,33
fit:11ba0ac28d468bdc19c88c55a8774bab8f7f966b006f61c6fd30348907495707,2026-08-30T09:59:19+00:00,4444.0,136,160,97,12.068,5.199999999999989,33
fit:11ba0ac28d468bdc19c88c55a8774bab8f7f966b006f61c6fd30348907495707,2026-08-30T09:59:20+00:00,4445.0,136,160,95,12.082,6.199999999999989,33
fit:11ba0ac28d468bdc19c88c55a8774bab8f7f966b006f61c6fd30348907495707,2026-08-30T09:59:21+00:00,4446.0,136,159,95,12.028,6.399999999999977,33
fit:11ba0ac28d468bdc19c88c55a8774bab8f7f966b006f61c6fd30348907495707,2026-08-30T09:59:22+00:00,4447.0,132.75,159,,11.89,6.600000000000023,33
fit:11ba0ac28d468bdc19c88c55a8774bab8f7f966b006f61c6fd30348907495707,2026-08-30T09:59:23+00:00,4448.0,129.5,159,,11.744,6.600000000000023,33
fit:11ba0ac28d468bdc19c88c55a8774bab8f7f966b006f61c6fd30348907495707,2026-08-30T09:59:24+00:00,4449.0,126.25,159,95,11.741,6.600000000000023,33
fit:11ba0ac28d468bdc19c88c55a8774bab8f7f966b006f61c6fd30348907495707,2026-08-30T09:59:25+00:00,4450.0,123,159,95,11.672,6.600000000000023,33
fit:11ba0ac28d468bdc19c88c55a8774bab8f7f966b006f61c6fd30348907495707,2026-08-30T09:59:26+00:00,4451.0,113,159,90,11.608,6.600000000000023,33
fit:11ba0ac28d468bdc19c88c55a8774bab8f7f966b006f61c6fd30348907495707,2026-08-30T09:59:27+00:00,4452.0,102,158,,11.555,5.800000000000011,33
fit:11ba0ac28d468bdc19c88c55a8774bab8f7f966b006f61c6fd30348907495707,2026-08-30T09:59:28+00:00,4453.0,92,158,,11.496,5.800000000000011,33
fit:11ba0ac28d468bdc19c88c55a8774bab8f7f966b006f61c6fd30348907495707,2026-08-30T09:59:29+00:00,4454.0,84,157,,11.202,5.800000000000011,33
fit:11ba0ac28d468bdc19c88c55a8774bab8f7f966b006f61c6fd30348907495707,2026-08-30T09:59:30+00:00,4455.0,77,157,74,10.863,6.800000000000011,33
fit:11ba0ac28d468bdc19c88c55a8774bab8f7f966b006f61c6fd30348907495707,2026-08-30T09:59:31+00:00,4456.0,0,157,70,10.171,7.0,33
fit:11ba0ac28d468bdc19c88c55a8774bab8f7f966b006f61c6fd30348907495707,2026-08-30T09:59:32+00:00,4457.0,0,157,,9.679,7.199999999999989,33
fit:11ba0ac28d468bdc19c88c55a8774bab8f7f966b006f61c6fd30348907495707,2026-08-30T09:59:33+00:00,4458.0,0,157,,9.423,8.0,33
fit:11ba0ac28d468bdc19c88c55a8774bab8f7f966b006f61c6fd30348907495707,2026-08-30T09:59:34+00:00,4459.0,0,157,0,9.388,8.0,33
fit:11ba0ac28d468bdc19c88c55a8774bab8f7f966b006f61c6fd30348907495707,2026-08-30T09:59:35+00:00,4460.0,0,157,0,9.314,8.0,33
fit:11ba0ac28d468bdc19c88c55a8774bab8f7f966b006f61c6fd30348907495707,2026-08-30T09:59:36+00:00,4461.0,0,157,0,9.954,7.0,33
fit:11ba0ac28d468bdc19c88c55a8774bab8f7f966b006f61c6fd30348907495707,2026-08-30T09:59:37+00:00,4462.0,0,158,0,10.491,6.0,33
fit:11ba0ac28d468bdc19c88c55a8774bab8f7f966b006f61c6fd30348907495707,2026-08-30T09:59:38+00:00,4463.0,0,158,0,11.008,5.600000000000023,33
fit:11ba0ac28d468bdc19c88c55a8774bab8f7f966b006f61c6fd30348907495707,2026-08-30T09:59:39+00:00,4464.0,0,159,0,11.195,5.600000000000023,33
fit:11ba0ac28d468bdc19c88c55a8774bab8f7f966b006f61c6fd30348907495707,2026-08-30T09:59:40+00:00,4465.0,0,159,,11.451,5.600000000000023,33
fit:11ba0ac28d468bdc19c88c55a8774bab8f7f966b006f61c6fd30348907495707,2026-08-30T09:59:41+00:00,4466.0,0,160,0,11.441,6.600000000000023,33
fit:11ba0ac28d468bdc19c88c55a8774bab8f7f966b006f61c6fd30348907495707,2026-08-30T09:59:42+00:00,4467.0,0,162,0,11.497,6.600000000000023,33
fit:11ba0ac28d468bdc19c88c55a8774bab8f7f966b006f61c6fd30348907495707,2026-08-30T09:59:43+00:00,4468.0,0,162,0,11.431,6.600000000000023,33
fit:11ba0ac28d468bdc19c88c55a8774bab8f7f966b006f61c6fd30348907495707,2026-08-30T09:59:44+00:00,4469.0,0,163,0,11.055,5.600000000000023,33
fit:11ba0ac28d468bdc19c88c55a8774bab8f7f966b006f61c6fd30348907495707,2026-08-30T09:59:45+00:00,4470.0,141,164,0,10.675,5.600000000000023,33
fit:11ba0ac28d468bdc19c88c55a8774bab8f7f966b006f61c6fd30348907495707,2026-08-30T09:59:46+00:00,4471.0,108,165,91,10.531,5.600000000000023,33
fit:11ba0ac28d468bdc19c88c55a8774bab8f7f966b006f61c6fd30348907495707,2026-08-30T09:59:47+00:00,4472.0,629,165,36,10.468,5.600000000000023,33
fit:11ba0ac28d468bdc19c88c55a8774bab8f7f966b006f61c6fd30348907495707,2026-08-30T09:59:48+00:00,4473.0,650,164,89,10.571,5.600000000000023,33
fit:11ba0ac28d468bdc19c88c55a8774bab8f7f966b006f61c6fd30348907495707,2026-08-30T09:59:49+00:00,4474.0,625,165,95,10.831,5.600000000000023,33
fit:11ba0ac28d468bdc19c88c55a8774bab8f7f966b006f61c6fd30348907495707,2026-08-30T09:59:50+00:00,4475.0,432,165,97,11.203,5.199999999999989,33
fit:11ba0ac28d468bdc19c88c55a8774bab8f7f966b006f61c6fd30348907495707,2026-08-30T09:59:51+00:00,4476.0,115,166,99,11.62,5.199999999999989,33
fit:11ba0ac28d468bdc19c88c55a8774bab8f7f966b006f61c6fd30348907495707,2026-08-30T09:59:52+00:00,4477.0,15,166,93,12.09,5.199999999999989,33
fit:11ba0ac28d468bdc19c88c55a8774bab8f7f966b006f61c6fd30348907495707,2026-08-30T09:59:53+00:00,4478.0,89,167,98,12.255,5.800000000000011,33
fit:11ba0ac28d468bdc19c88c55a8774bab8f7f966b006f61c6fd30348907495707,2026-08-30T09:59:54+00:00,4479.0,89,168,97,12.247,5.800000000000011,33
fit:11ba0ac28d468bdc19c88c55a8774bab8f7f966b006f61c6fd30348907495707,2026-08-30T09:59:55+00:00,4480.0,15,168,97,12.18,5.800000000000011,33
fit:11ba0ac28d468bdc19c88c55a8774bab8f7f966b006f61c6fd30348907495707,2026-08-30T09:59:56+00:00,4481.0,15,169,70,12.049,5.800000000000011,33
fit:11ba0ac28d468bdc19c88c55a8774bab8f7f966b006f61c6fd30348907495707,2026-08-30T09:59:57+00:00,4482.0,15,170,70,11.893,5.800000000000011,33
fit:11ba0ac28d468bdc19c88c55a8774bab8f7f966b006f61c6fd30348907495707,2026-08-30T09:59:58+00:00,4483.0,15,170,70,11.707,5.800000000000011,33
fit:11ba0ac28d468bdc19c88c55a8774bab8f7f966b006f61c6fd30348907495707,2026-08-30T09:59:59+00:00,4484.0,0,171,70,11.564,5.800000000000011,33
fit:11ba0ac28d468bdc19c88c55a8774bab8f7f966b006f61c6fd30348907495707,2026-08-30T10:00:00+00:00,4485.0,0,171,0,11.441,5.800000000000011,33
fit:11ba0ac28d468bdc19c88c55a8774bab8f7f966b006f61c6fd30348907495707,2026-08-30T10:00:01+00:00,4486.0,435,171,0,10.966,5.800000000000011,33
fit:11ba0ac28d468bdc19c88c55a8774bab8f7f966b006f61c6fd30348907495707,2026-08-30T10:00:02+00:00,4487.0,411,171,85,10.699,5.800000000000011,33
fit:11ba0ac28d468bdc19c88c55a8774bab8f7f966b006f61c6fd30348907495707,2026-08-30T10:00:03+00:00,4488.0,367,172,89,10.779,5.800000000000011,33
fit:11ba0ac28d468bdc19c88c55a8774bab8f7f966b006f61c6fd30348907495707,2026-08-30T10:00:04+00:00,4489.0,368,172,93,10.911,5.800000000000011,33
fit:11ba0ac28d468bdc19c88c55a8774bab8f7f966b006f61c6fd30348907495707,2026-08-30T10:00:05+00:00,4490.0,258,172,93,11.129,5.800000000000011,33
fit:11ba0ac28d468bdc19c88c55a8774bab8f7f966b006f61c6fd30348907495707,2026-08-30T10:00:06+00:00,4491.0,169,171,95,11.414,5.800000000000011,33
fit:11ba0ac28d468bdc19c88c55a8774bab8f7f966b006f61c6fd30348907495707,2026-08-30T10:00:07+00:00,4492.0,18,171,97,11.766,5.800000000000011,33
fit:11ba0ac28d468bdc19c88c55a8774bab8f7f966b006f61c6fd30348907495707,2026-08-30T10:00:08+00:00,4493.0,14,171,67,11.886,5.800000000000011,33
fit:11ba0ac28d468bdc19c88c55a8774bab8f7f966b006f61c6fd30348907495707,2026-08-30T10:00:09+00:00,4494.0,15,171,35,11.916,5.800000000000011,33
fit:11ba0ac28d468bdc19c88c55a8774bab8f7f966b006f61c6fd30348907495707,2026-08-30T10:00:10+00:00,4495.0,105,171,95,11.807,5.800000000000011,33
fit:11ba0ac28d468bdc19c88c55a8774bab8f7f966b006f61c6fd30348907495707,2026-08-30T10:00:11+00:00,4496.0,97,170,94,11.841,5.800000000000011,33
fit:11ba0ac28d468bdc19c88c55a8774bab8f7f966b006f61c6fd30348907495707,2026-08-30T10:00:12+00:00,4497.0,78,170,94,11.684,6.399999999999977,33
fit:11ba0ac28d468bdc19c88c55a8774bab8f7f966b006f61c6fd30348907495707,2026-08-30T10:00:13+00:00,4498.0,150,170,94,11.529,6.399999999999977,33
fit:11ba0ac28d468bdc19c88c55a8774bab8f7f966b006f61c6fd30348907495707,2026-08-30T10:00:14+00:00,4499.0,295,170,94,11.539,6.399999999999977,33
fit:11ba0ac28d468bdc19c88c55a8774bab8f7f966b006f61c6fd30348907495707,2026-08-30T10:00:15+00:00,4500.0,82,170,95,11.613,6.399999999999977,33
fit:11ba0ac28d468bdc19c88c55a8774bab8f7f966b006f61c6fd30348907495707,2026-08-30T10:00:16+00:00,4501.0,310,170,89,11.759,6.399999999999977,33
fit:11ba0ac28d468bdc19c88c55a8774bab8f7f966b006f61c6fd30348907495707,2026-08-30T10:00:17+00:00,4502.0,496,170,90,11.862,6.399999999999977,33
fit:11ba0ac28d468bdc19c88c55a8774bab8f7f966b006f61c6fd30348907495707,2026-08-30T10:00:18+00:00,4503.0,597,171,92,11.962,6.399999999999977,33
fit:11ba0ac28d468bdc19c88c55a8774bab8f7f966b006f61c6fd30348907495707,2026-08-30T10:00:19+00:00,4504.0,597,171,94,12.242,5.800000000000011,33
fit:11ba0ac28d468bdc19c88c55a8774bab8f7f966b006f61c6fd30348907495707,2026-08-30T10:00:20+00:00,4505.0,643,171,97,12.377,5.600000000000023,33
fit:11ba0ac28d468bdc19c88c55a8774bab8f7f966b006f61c6fd30348907495707,2026-08-30T10:00:21+00:00,4506.0,640,171,99,12.468,5.600000000000023,33
fit:11ba0ac28d468bdc19c88c55a8774bab8f7f966b006f61c6fd30348907495707,2026-08-30T10:00:22+00:00,4507.0,653,171,102,12.793,5.600000000000023,33
fit:11ba0ac28d468bdc19c88c55a8774bab8f7f966b006f61c6fd30348907495707,2026-08-30T10:00:23+00:00,4508.0,575,172,105,13.102,5.600000000000023,33
fit:11ba0ac28d468bdc19c88c55a8774bab8f7f966b006f61c6fd30348907495707,2026-08-30T10:00:24+00:00,4509.0,403,172,105,13.334,5.600000000000023,33
fit:11ba0ac28d468bdc19c88c55a8774bab8f7f966b006f61c6fd30348907495707,2026-08-30T10:00:25+00:00,4510.0,410,173,107,13.667,5.600000000000023,33
fit:11ba0ac28d468bdc19c88c55a8774bab8f7f966b006f61c6fd30348907495707,2026-08-30T10:00:26+00:00,4511.0,421,173,108,13.992,5.600000000000023,33
fit:11ba0ac28d468bdc19c88c55a8774bab8f7f966b006f61c6fd30348907495707,2026-08-30T10:00:27+00:00,4512.0,513,174,108,14.051,6.199999999999989,33
fit:11ba0ac28d468bdc19c88c55a8774bab8f7f966b006f61c6fd30348907495707,2026-08-30T10:00:28+00:00,4513.0,238,175,102,14.218,6.199999999999989,33
fit:11ba0ac28d468bdc19c88c55a8774bab8f7f966b006f61c6fd30348907495707,2026-08-30T10:00:29+00:00,4514.0,239,176,101,14.295,6.199999999999989,33
fit:11ba0ac28d468bdc19c88c55a8774bab8f7f966b006f61c6fd30348907495707,2026-08-30T10:00:30+00:00,4515.0,138,178,96,14.45,6.199999999999989,33
fit:11ba0ac28d468bdc19c88c55a8774bab8f7f966b006f61c6fd30348907495707,2026-08-30T10:00:31+00:00,4516.0,138,178,96,14.443,5.199999999999989,33
fit:11ba0ac28d468bdc19c88c55a8774bab8f7f966b006f61c6fd30348907495707,2026-08-30T10:00:32+00:00,4517.0,138,179,96,14.295,5.199999999999989,33
fit:11ba0ac28d468bdc19c88c55a8774bab8f7f966b006f61c6fd30348907495707,2026-08-30T10:00:33+00:00,4518.0,138,179,55,14.131,5.199999999999989,33
fit:11ba0ac28d468bdc19c88c55a8774bab8f7f966b006f61c6fd30348907495707,2026-08-30T10:00:34+00:00,4519.0,138,179,55,13.949,6.199999999999989,33
fit:11ba0ac28d468bdc19c88c55a8774bab8f7f966b006f61c6fd30348907495707,2026-08-30T10:00:35+00:00,4520.0,138,181,55,13.769,6.800000000000011,33
fit:11ba0ac28d468bdc19c88c55a8774bab8f7f966b006f61c6fd30348907495707,2026-08-30T10:00:36+00:00,4521.0,124,182,53,13.299,6.800000000000011,33
fit:11ba0ac28d468bdc19c88c55a8774bab8f7f966b006f61c6fd30348907495707,2026-08-30T10:00:37+00:00,4522.0,112,182,51,12.55,6.800000000000011,33
fit:11ba0ac28d468bdc19c88c55a8774bab8f7f966b006f61c6fd30348907495707,2026-08-30T10:00:38+00:00,4523.0,321,182,49,11.146,6.800000000000011,33
fit:11ba0ac28d468bdc19c88c55a8774bab8f7f966b006f61c6fd30348907495707,2026-08-30T10:00:39+00:00,4524.0,322,183,61,10.243,6.800000000000011,33
fit:11ba0ac28d468bdc19c88c55a8774bab8f7f966b006f61c6fd30348907495707,2026-08-30T10:00:40+00:00,4525.0,534,183,70,9.861,6.800000000000011,33
fit:11ba0ac28d468bdc19c88c55a8774bab8f7f966b006f61c6fd30348907495707,2026-08-30T10:00:41+00:00,4526.0,584,184,75,10.174,6.0,33
fit:11ba0ac28d468bdc19c88c55a8774bab8f7f966b006f61c6fd30348907495707,2026-08-30T10:00:42+00:00,4527.0,361,184,75,10.349,6.0,33
fit:11ba0ac28d468bdc19c88c55a8774bab8f7f966b006f61c6fd30348907495707,2026-08-30T10:00:43+00:00,4528.0,643,183,83,10.586,6.0,33
fit:11ba0ac28d468bdc19c88c55a8774bab8f7f966b006f61c6fd30348907495707,2026-08-30T10:00:44+00:00,4529.0,737,184,91,10.928,7.0,33
fit:11ba0ac28d468bdc19c88c55a8774bab8f7f966b006f61c6fd30348907495707,2026-08-30T10:00:45+00:00,4530.0,737,183,92,11.352,7.0,33
fit:11ba0ac28d468bdc19c88c55a8774bab8f7f966b006f61c6fd30348907495707,2026-08-30T10:00:46+00:00,4531.0,508,183,92,11.819,7.0,33
fit:11ba0ac28d468bdc19c88c55a8774bab8f7f966b006f61c6fd30348907495707,2026-08-30T10:00:47+00:00,4532.0,508,184,95,12.496,6.0,33
fit:11ba0ac28d468bdc19c88c55a8774bab8f7f966b006f61c6fd30348907495707,2026-08-30T10:00:48+00:00,4533.0,98,184,95,12.907,5.0,33
fit:11ba0ac28d468bdc19c88c55a8774bab8f7f966b006f61c6fd30348907495707,2026-08-30T10:00:49+00:00,4534.0,255,184,95,12.686,4.0,33
fit:11ba0ac28d468bdc19c88c55a8774bab8f7f966b006f61c6fd30348907495707,2026-08-30T10:00:50+00:00,4535.0,233,185,95,12.593,3.8000000000000114,33
fit:11ba0ac28d468bdc19c88c55a8774bab8f7f966b006f61c6fd30348907495707,2026-08-30T10:00:51+00:00,4536.0,314,185,94,12.663,3.6000000000000227,33
fit:11ba0ac28d468bdc19c88c55a8774bab8f7f966b006f61c6fd30348907495707,2026-08-30T10:00:52+00:00,4537.0,287,185,95,12.626,3.6000000000000227,33
fit:11ba0ac28d468bdc19c88c55a8774bab8f7f966b006f61c6fd30348907495707,2026-08-30T10:00:53+00:00,4538.0,155,185,96,12.762,3.6000000000000227,33
fit:11ba0ac28d468bdc19c88c55a8774bab8f7f966b006f61c6fd30348907495707,2026-08-30T10:00:54+00:00,4539.0,79,185,96,12.727,4.600000000000023,33
fit:11ba0ac28d468bdc19c88c55a8774bab8f7f966b006f61c6fd30348907495707,2026-08-30T10:00:55+00:00,4540.0,64,186,95,12.686,5.600000000000023,33
fit:11ba0ac28d468bdc19c88c55a8774bab8f7f966b006f61c6fd30348907495707,2026-08-30T10:00:56+00:00,4541.0,60,186,94,12.615,6.199999999999989,33
fit:11ba0ac28d468bdc19c88c55a8774bab8f7f966b006f61c6fd30348907495707,2026-08-30T10:00:57+00:00,4542.0,9,186,94,12.586,6.399999999999977,33
fit:11ba0ac28d468bdc19c88c55a8774bab8f7f966b006f61c6fd30348907495707,2026-08-30T10:00:58+00:00,4543.0,10,187,63,12.541,6.399999999999977,33
fit:11ba0ac28d468bdc19c88c55a8774bab8f7f966b006f61c6fd30348907495707,2026-08-30T10:00:59+00:00,4544.0,10,187,59,12.317,6.399999999999977,33
fit:11ba0ac28d468bdc19c88c55a8774bab8f7f966b006f61c6fd30348907495707,2026-08-30T10:01:00+00:00,4545.0,10,187,59,12.117,6.399999999999977,33
fit:11ba0ac28d468bdc19c88c55a8774bab8f7f966b006f61c6fd30348907495707,2026-08-30T10:01:01+00:00,4546.0,10,188,59,11.822,5.399999999999977,33
fit:11ba0ac28d468bdc19c88c55a8774bab8f7f966b006f61c6fd30348907495707,2026-08-30T10:01:02+00:00,4547.0,10,187,52,11.66,5.399999999999977,33
fit:11ba0ac28d468bdc19c88c55a8774bab8f7f966b006f61c6fd30348907495707,2026-08-30T10:01:03+00:00,4548.0,10,187,55,11.557,5.399999999999977,33
fit:11ba0ac28d468bdc19c88c55a8774bab8f7f966b006f61c6fd30348907495707,2026-08-30T10:01:04+00:00,4549.0,10,187,55,11.327,6.399999999999977,33
fit:11ba0ac28d468bdc19c88c55a8774bab8f7f966b006f61c6fd30348907495707,2026-08-30T10:01:05+00:00,4550.0,10,184,55,11.169,6.800000000000011,33
fit:11ba0ac28d468bdc19c88c55a8774bab8f7f966b006f61c6fd30348907495707,2026-08-30T10:01:06+00:00,4551.0,9,184,55,11.01,6.800000000000011,33
fit:11ba0ac28d468bdc19c88c55a8774bab8f7f966b006f61c6fd30348907495707,2026-08-30T10:01:07+00:00,4552.0,0,186,52,10.856,6.800000000000011,33
fit:11ba0ac28d468bdc19c88c55a8774bab8f7f966b006f61c6fd30348907495707,2026-08-30T10:01:08+00:00,4553.0,224,186,0,10.735,5.800000000000011,33
fit:11ba0ac28d468bdc19c88c55a8774bab8f7f966b006f61c6fd30348907495707,2026-08-30T10:01:09+00:00,4554.0,150,185,80,10.749,5.600000000000023,33
fit:11ba0ac28d468bdc19c88c55a8774bab8f7f966b006f61c6fd30348907495707,2026-08-30T10:01:10+00:00,4555.0,164,185,80,10.689,5.399999999999977,33
fit:11ba0ac28d468bdc19c88c55a8774bab8f7f966b006f61c6fd30348907495707,2026-08-30T10:01:11+00:00,4556.0,288,184,81,10.697,5.399999999999977,33
fit:11ba0ac28d468bdc19c88c55a8774bab8f7f966b006f61c6fd30348907495707,2026-08-30T10:01:12+00:00,4557.0,256,184,81,10.837,5.399999999999977,33
fit:11ba0ac28d468bdc19c88c55a8774bab8f7f966b006f61c6fd30348907495707,2026-08-30T10:01:13+00:00,4558.0,141,183,82,10.873,6.0,33
fit:11ba0ac28d468bdc19c88c55a8774bab8f7f966b006f61c6fd30348907495707,2026-08-30T10:01:14+00:00,4559.0,141,183,83,10.921,6.199999999999989,33
fit:11ba0ac28d468bdc19c88c55a8774bab8f7f966b006f61c6fd30348907495707,2026-08-30T10:01:15+00:00,4560.0,211,182,83,11.026,6.199999999999989,33
fit:11ba0ac28d468bdc19c88c55a8774bab8f7f966b006f61c6fd30348907495707,2026-08-30T10:01:16+00:00,4561.0,346,182,75,11.002,6.199999999999989,33
fit:11ba0ac28d468bdc19c88c55a8774bab8f7f966b006f61c6fd30348907495707,2026-08-30T10:01:17+00:00,4562.0,31,181,75,11.02,6.199999999999989,33
fit:11ba0ac28d468bdc19c88c55a8774bab8f7f966b006f61c6fd30348907495707,2026-08-30T10:01:18+00:00,4563.0,51,181,76,11.196,6.199999999999989,33
fit:11ba0ac28d468bdc19c88c55a8774bab8f7f966b006f61c6fd30348907495707,2026-08-30T10:01:19+00:00,4564.0,51,180,86,11.091,6.199999999999989,33
fit:11ba0ac28d468bdc19c88c55a8774bab8f7f966b006f61c6fd30348907495707,2026-08-30T10:01:20+00:00,4565.0,151,180,86,10.962,5.199999999999989,33
fit:11ba0ac28d468bdc19c88c55a8774bab8f7f966b006f61c6fd30348907495707,2026-08-30T10:01:21+00:00,4566.0,44,179,87,10.996,4.199999999999989,33
fit:11ba0ac28d468bdc19c88c55a8774bab8f7f966b006f61c6fd30348907495707,2026-08-30T10:01:22+00:00,4567.0,95,179,84,10.889,4.199999999999989,33
fit:11ba0ac28d468bdc19c88c55a8774bab8f7f966b006f61c6fd30348907495707,2026-08-30T10:01:23+00:00,4568.0,41,178,86,10.844,4.199999999999989,33
fit:11ba0ac28d468bdc19c88c55a8774bab8f7f966b006f61c6fd30348907495707,2026-08-30T10:01:24+00:00,4569.0,42,177,82,10.775,5.199999999999989,33
fit:11ba0ac28d468bdc19c88c55a8774bab8f7f966b006f61c6fd30348907495707,2026-08-30T10:01:25+00:00,4570.0,42,177,82,10.816,5.199999999999989,33
fit:11ba0ac28d468bdc19c88c55a8774bab8f7f966b006f61c6fd30348907495707,2026-08-30T10:01:26+00:00,4571.0,42,176,82,10.738,5.199999999999989,33
fit:11ba0ac28d468bdc19c88c55a8774bab8f7f966b006f61c6fd30348907495707,2026-08-30T10:01:27+00:00,4572.0,39,176,82,10.618,5.199999999999989,33
fit:11ba0ac28d468bdc19c88c55a8774bab8f7f966b006f61c6fd30348907495707,2026-08-30T10:01:28+00:00,4573.0,0,176,78,10.209,5.199999999999989,33
fit:11ba0ac28d468bdc19c88c55a8774bab8f7f966b006f61c6fd30348907495707,2026-08-30T10:01:29+00:00,4574.0,0,175,0,9.359,5.199999999999989,33
fit:11ba0ac28d468bdc19c88c55a8774bab8f7f966b006f61c6fd30348907495707,2026-08-30T10:01:30+00:00,4575.0,0,174,0,8.794,6.199999999999989,33
fit:11ba0ac28d468bdc19c88c55a8774bab8f7f966b006f61c6fd30348907495707,2026-08-30T10:01:31+00:00,4576.0,854,172,68,8.573,6.199999999999989,33
fit:11ba0ac28d468bdc19c88c55a8774bab8f7f966b006f61c6fd30348907495707,2026-08-30T10:01:32+00:00,4577.0,975,172,75,8.73,6.199999999999989,33
fit:11ba0ac28d468bdc19c88c55a8774bab8f7f966b006f61c6fd30348907495707,2026-08-30T10:01:33+00:00,4578.0,904,171,85,9.318,5.199999999999989,33
fit:11ba0ac28d468bdc19c88c55a8774bab8f7f966b006f61c6fd30348907495707,2026-08-30T10:01:34+00:00,4579.0,930,171,90,9.867,5.0,33
fit:11ba0ac28d468bdc19c88c55a8774bab8f7f966b006f61c6fd30348907495707,2026-08-30T10:01:35+00:00,4580.0,742,171,97,10.507,4.800000000000011,33
fit:11ba0ac28d468bdc19c88c55a8774bab8f7f966b006f61c6fd30348907495707,2026-08-30T10:01:36+00:00,4581.0,577,171,101,11.336,4.800000000000011,33
fit:11ba0ac28d468bdc19c88c55a8774bab8f7f966b006f61c6fd30348907495707,2026-08-30T10:01:37+00:00,4582.0,577,171,103,11.872,4.800000000000011,33
fit:11ba0ac28d468bdc19c88c55a8774bab8f7f966b006f61c6fd30348907495707,2026-08-30T10:01:38+00:00,4583.0,294,174,103,12.054,4.800000000000011,33
fit:11ba0ac28d468bdc19c88c55a8774bab8f7f966b006f61c6fd30348907495707,2026-08-30T10:01:39+00:00,4584.0,294,174,69,12.332,4.800000000000011,33
fit:11ba0ac28d468bdc19c88c55a8774bab8f7f966b006f61c6fd30348907495707,2026-08-30T10:01:40+00:00,4585.0,294,177,69,12.371,4.800000000000011,33
fit:11ba0ac28d468bdc19c88c55a8774bab8f7f966b006f61c6fd30348907495707,2026-08-30T10:01:41+00:00,4586.0,294,177,69,12.288,4.800000000000011,33
fit:11ba0ac28d468bdc19c88c55a8774bab8f7f966b006f61c6fd30348907495707,2026-08-30T10:01:42+00:00,4587.0,265,178,69,12.151,4.800000000000011,33
fit:11ba0ac28d468bdc19c88c55a8774bab8f7f966b006f61c6fd30348907495707,2026-08-30T10:01:43+00:00,4588.0,0,180,65,11.946,4.800000000000011,33
fit:11ba0ac28d468bdc19c88c55a8774bab8f7f966b006f61c6fd30348907495707,2026-08-30T10:01:44+00:00,4589.0,227,180,0,11.601,4.800000000000011,33
fit:11ba0ac28d468bdc19c88c55a8774bab8f7f966b006f61c6fd30348907495707,2026-08-30T10:01:45+00:00,4590.0,286,180,90,11.333,5.800000000000011,33
fit:11ba0ac28d468bdc19c88c55a8774bab8f7f966b006f61c6fd30348907495707,2026-08-30T10:01:46+00:00,4591.0,286,180,91,11.228,6.800000000000011,33
fit:11ba0ac28d468bdc19c88c55a8774bab8f7f966b006f61c6fd30348907495707,2026-08-30T10:01:47+00:00,4592.0,151,181,91,11.147,6.800000000000011,33
fit:11ba0ac28d468bdc19c88c55a8774bab8f7f966b006f61c6fd30348907495707,2026-08-30T10:01:48+00:00,4593.0,190,181,91,11.2,6.800000000000011,33
fit:11ba0ac28d468bdc19c88c55a8774bab8f7f966b006f61c6fd30348907495707,2026-08-30T10:01:49+00:00,4594.0,419,181,92,11.258,6.399999999999977,33
fit:11ba0ac28d468bdc19c88c55a8774bab8f7f966b006f61c6fd30348907495707,2026-08-30T10:01:50+00:00,4595.0,442,181,93,11.358,6.399999999999977,33
fit:11ba0ac28d468bdc19c88c55a8774bab8f7f966b006f61c6fd30348907495707,2026-08-30T10:01:51+00:00,4596.0,457,182,96,11.472,6.399999999999977,33
fit:11ba0ac28d468bdc19c88c55a8774bab8f7f966b006f61c6fd30348907495707,2026-08-30T10:01:52+00:00,4597.0,480,182,97,11.625,6.399999999999977,33
fit:11ba0ac28d468bdc19c88c55a8774bab8f7f966b006f61c6fd30348907495707,2026-08-30T10:01:53+00:00,4598.0,429,182,99,12.053,6.399999999999977,33
fit:11ba0ac28d468bdc19c88c55a8774bab8f7f966b006f61c6fd30348907495707,2026-08-30T10:01:54+00:00,4599.0,167,182,102,12.256,6.399999999999977,33
fit:11ba0ac28d468bdc19c88c55a8774bab8f7f966b006f61c6fd30348907495707,2026-08-30T10:01:55+00:00,4600.0,91,182,103,12.528,6.399999999999977,33
fit:11ba0ac28d468bdc19c88c55a8774bab8f7f966b006f61c6fd30348907495707,2026-08-30T10:01:56+00:00,4601.0,100,182,103,12.689,6.399999999999977,33
fit:11ba0ac28d468bdc19c88c55a8774bab8f7f966b006f61c6fd30348907495707,2026-08-30T10:01:57+00:00,4602.0,27,182,97,12.682,7.399999999999977,33
fit:11ba0ac28d468bdc19c88c55a8774bab8f7f966b006f61c6fd30348907495707,2026-08-30T10:01:58+00:00,4603.0,27,183,93,12.788,8.399999999999977,33
fit:11ba0ac28d468bdc19c88c55a8774bab8f7f966b006f61c6fd30348907495707,2026-08-30T10:01:59+00:00,4604.0,27,183,93,12.71,8.399999999999977,33
fit:11ba0ac28d468bdc19c88c55a8774bab8f7f966b006f61c6fd30348907495707,2026-08-30T10:02:00+00:00,4605.0,30,184,70,12.584,8.399999999999977,33
fit:11ba0ac28d468bdc19c88c55a8774bab8f7f966b006f61c6fd30348907495707,2026-08-30T10:02:01+00:00,4606.0,30,184,56,12.45,8.399999999999977,33
fit:11ba0ac28d468bdc19c88c55a8774bab8f7f966b006f61c6fd30348907495707,2026-08-30T10:02:02+00:00,4607.0,18,184,56,12.14,8.399999999999977,33
fit:11ba0ac28d468bdc19c88c55a8774bab8f7f966b006f61c6fd30348907495707,2026-08-30T10:02:03+00:00,4608.0,18,184,39,11.847,8.399999999999977,33
fit:11ba0ac28d468bdc19c88c55a8774bab8f7f966b006f61c6fd30348907495707,2026-08-30T10:02:04+00:00,4609.0,51,184,39,11.72,8.399999999999977,33
fit:11ba0ac28d468bdc19c88c55a8774bab8f7f966b006f61c6fd30348907495707,2026-08-30T10:02:05+00:00,4610.0,14,185,85,11.564,8.399999999999977,33
fit:11ba0ac28d468bdc19c88c55a8774bab8f7f966b006f61c6fd30348907495707,2026-08-30T10:02:06+00:00,4611.0,14,185,82,11.428,8.399999999999977,33
fit:11ba0ac28d468bdc19c88c55a8774bab8f7f966b006f61c6fd30348907495707,2026-08-30T10:02:07+00:00,4612.0,14,184,82,11.332,8.399999999999977,33
fit:11ba0ac28d468bdc19c88c55a8774bab8f7f966b006f61c6fd30348907495707,2026-08-30T10:02:08+00:00,4613.0,0,184,82,11.162,7.399999999999977,33
fit:11ba0ac28d468bdc19c88c55a8774bab8f7f966b006f61c6fd30348907495707,2026-08-30T10:02:09+00:00,4614.0,0,184,0,11.124,6.399999999999977,33
fit:11ba0ac28d468bdc19c88c55a8774bab8f7f966b006f61c6fd30348907495707,2026-08-30T10:02:10+00:00,4615.0,14,184,0,10.974,5.600000000000023,33
fit:11ba0ac28d468bdc19c88c55a8774bab8f7f966b006f61c6fd30348907495707,2026-08-30T10:02:11+00:00,4616.0,14,183,82,10.682,4.600000000000023,33
fit:11ba0ac28d468bdc19c88c55a8774bab8f7f966b006f61c6fd30348907495707,2026-08-30T10:02:12+00:00,4617.0,14,183,82,10.501,4.600000000000023,33
fit:11ba0ac28d468bdc19c88c55a8774bab8f7f966b006f61c6fd30348907495707,2026-08-30T10:02:13+00:00,4618.0,14,182,82,10.289,4.600000000000023,33
fit:11ba0ac28d468bdc19c88c55a8774bab8f7f966b006f61c6fd30348907495707,2026-08-30T10:02:14+00:00,4619.0,13.666666666666666,180,,10.092,5.600000000000023,33
fit:11ba0ac28d468bdc19c88c55a8774bab8f7f966b006f61c6fd30348907495707,2026-08-30T10:02:15+00:00,4620.0,13.333333333333334,179,,9.789,6.399999999999977,33
fit:11ba0ac28d468bdc19c88c55a8774bab8f7f966b006f61c6fd30348907495707,2026-08-30T10:02:16+00:00,4621.0,13,178,,9.555,7.199999999999989,33
fit:11ba0ac28d468bdc19c88c55a8774bab8f7f966b006f61c6fd30348907495707,2026-08-30T10:02:17+00:00,4622.0,11,178,,9.481,7.199999999999989,33
fit:11ba0ac28d468bdc19c88c55a8774bab8f7f966b006f61c6fd30348907495707,2026-08-30T10:02:18+00:00,4623.0,10,177,,9.304,7.199999999999989,33
fit:11ba0ac28d468bdc19c88c55a8774bab8f7f966b006f61c6fd30348907495707,2026-08-30T10:02:19+00:00,4624.0,9,177,71,9.38,7.0,33
fit:11ba0ac28d468bdc19c88c55a8774bab8f7f966b006f61c6fd30348907495707,2026-08-30T10:02:20+00:00,4625.0,8,176,68,9.508,7.0,33
fit:11ba0ac28d468bdc19c88c55a8774bab8f7f966b006f61c6fd30348907495707,2026-08-30T10:02:21+00:00,4626.0,7,174,65,9.506,7.0,33
fit:11ba0ac28d468bdc19c88c55a8774bab8f7f966b006f61c6fd30348907495707,2026-08-30T10:02:22+00:00,4627.0,0,172,61,9.59,7.0,33
fit:11ba0ac28d468bdc19c88c55a8774bab8f7f966b006f61c6fd30348907495707,2026-08-30T10:02:23+00:00,4628.0,88,171,0,9.646,7.0,33
fit:11ba0ac28d468bdc19c88c55a8774bab8f7f966b006f61c6fd30348907495707,2026-08-30T10:02:24+00:00,4629.0,88,171,76,9.494,7.0,33
fit:11ba0ac28d468bdc19c88c55a8774bab8f7f966b006f61c6fd30348907495707,2026-08-30T10:02:25+00:00,4630.0,88,169,76,9.429,7.0,33
fit:11ba0ac28d468bdc19c88c55a8774bab8f7f966b006f61c6fd30348907495707,2026-08-30T10:02:26+00:00,4631.0,88,168,76,9.548,8.0,33
fit:11ba0ac28d468bdc19c88c55a8774bab8f7f966b006f61c6fd30348907495707,2026-08-30T10:02:27+00:00,4632.0,142.5,168,,9.634,8.0,33
fit:11ba0ac28d468bdc19c88c55a8774bab8f7f966b006f61c6fd30348907495707,2026-08-30T10:02:28+00:00,4633.0,197,166,76,9.794,8.0,33
fit:11ba0ac28d468bdc19c88c55a8774bab8f7f966b006f61c6fd30348907495707,2026-08-30T10:02:29+00:00,4634.0,181,166,80,9.831,8.0,33
fit:11ba0ac28d468bdc19c88c55a8774bab8f7f966b006f61c6fd30348907495707,2026-08-30T10:02:30+00:00,4635.0,164,164,76,9.759,8.0,33
fit:11ba0ac28d468bdc19c88c55a8774bab8f7f966b006f61c6fd30348907495707,2026-08-30T10:02:31+00:00,4636.0,139,164,72,9.69,8.0,33
fit:11ba0ac28d468bdc19c88c55a8774bab8f7f966b006f61c6fd30348907495707,2026-08-30T10:02:32+00:00,4637.0,191,163,79,9.794,8.0,33
fit:11ba0ac28d468bdc19c88c55a8774bab8f7f966b006f61c6fd30348907495707,2026-08-30T10:02:33+00:00,4638.0,215,163,79,9.778,8.800000000000011,33
fit:11ba0ac28d468bdc19c88c55a8774bab8f7f966b006f61c6fd30348907495707,2026-08-30T10:02:34+00:00,4639.0,367,163,80,9.923,8.800000000000011,33
fit:11ba0ac28d468bdc19c88c55a8774bab8f7f966b006f61c6fd30348907495707,2026-08-30T10:02:35+00:00,4640.0,382,162,83,10.069,8.800000000000011,33
fit:11ba0ac28d468bdc19c88c55a8774bab8f7f966b006f61c6fd30348907495707,2026-08-30T10:02:36+00:00,4641.0,277,163,85,10.238,8.800000000000011,33
fit:11ba0ac28d468bdc19c88c55a8774bab8f7f966b006f61c6fd30348907495707,2026-08-30T10:02:37+00:00,4642.0,129,163,87,10.504,7.800000000000011,33
fit:11ba0ac28d468bdc19c88c55a8774bab8f7f966b006f61c6fd30348907495707,2026-08-30T10:02:38+00:00,4643.0,129,164,86,10.686,7.800000000000011,33
fit:11ba0ac28d468bdc19c88c55a8774bab8f7f966b006f61c6fd30348907495707,2026-08-30T10:02:39+00:00,4644.0,129,164,86,10.793,7.800000000000011,33
fit:11ba0ac28d468bdc19c88c55a8774bab8f7f966b006f61c6fd30348907495707,2026-08-30T10:02:40+00:00,4645.0,0,165,86,10.767,8.800000000000011,33
fit:11ba0ac28d468bdc19c88c55a8774bab8f7f966b006f61c6fd30348907495707,2026-08-30T10:02:41+00:00,4646.0,53,166,23,10.686,8.800000000000011,33
fit:11ba0ac28d468bdc19c88c55a8774bab8f7f966b006f61c6fd30348907495707,2026-08-30T10:02:42+00:00,4647.0,53,166,80,10.428,8.800000000000011,33
fit:11ba0ac28d468bdc19c88c55a8774bab8f7f966b006f61c6fd30348907495707,2026-08-30T10:02:43+00:00,4648.0,40,166,80,10.186,8.800000000000011,33
fit:11ba0ac28d468bdc19c88c55a8774bab8f7f966b006f61c6fd30348907495707,2026-08-30T10:02:44+00:00,4649.0,40,166,80,9.817,8.800000000000011,33
fit:11ba0ac28d468bdc19c88c55a8774bab8f7f966b006f61c6fd30348907495707,2026-08-30T10:02:45+00:00,4650.0,40,166,80,9.373,8.800000000000011,33
fit:11ba0ac28d468bdc19c88c55a8774bab8f7f966b006f61c6fd30348907495707,2026-08-30T10:02:46+00:00,4651.0,40,166,80,9.147,7.800000000000011,33
fit:11ba0ac28d468bdc19c88c55a8774bab8f7f966b006f61c6fd30348907495707,2026-08-30T10:02:47+00:00,4652.0,555,167,80,8.858,7.800000000000011,33
fit:11ba0ac28d468bdc19c88c55a8774bab8f7f966b006f61c6fd30348907495707,2026-08-30T10:02:48+00:00,4653.0,803,166,83,9.033,7.800000000000011,33
fit:11ba0ac28d468bdc19c88c55a8774bab8f7f966b006f61c6fd30348907495707,2026-08-30T10:02:49+00:00,4654.0,861,166,89,9.227,8.800000000000011,33
fit:11ba0ac28d468bdc19c88c55a8774bab8f7f966b006f61c6fd30348907495707,2026-08-30T10:02:50+00:00,4655.0,811,167,96,9.625,8.800000000000011,33
fit:11ba0ac28d468bdc19c88c55a8774bab8f7f966b006f61c6fd30348907495707,2026-08-30T10:02:51+00:00,4656.0,734,167,101,10.419,8.800000000000011,33
fit:11ba0ac28d468bdc19c88c55a8774bab8f7f966b006f61c6fd30348907495707,2026-08-30T10:02:52+00:00,4657.0,658,168,104,10.596,8.800000000000011,33
fit:11ba0ac28d468bdc19c88c55a8774bab8f7f966b006f61c6fd30348907495707,2026-08-30T10:02:53+00:00,4658.0,666,168,106,10.91,9.800000000000011,33
fit:11ba0ac28d468bdc19c88c55a8774bab8f7f966b006f61c6fd30348907495707,2026-08-30T10:02:54+00:00,4659.0,666,169,107,11.16,9.800000000000011,33
fit:11ba0ac28d468bdc19c88c55a8774bab8f7f966b006f61c6fd30348907495707,2026-08-30T10:02:55+00:00,4660.0,585,170,107,11.332,9.800000000000011,33
fit:11ba0ac28d468bdc19c88c55a8774bab8f7f966b006f61c6fd30348907495707,2026-08-30T10:02:56+00:00,4661.0,532,171,103,11.374,9.800000000000011,33
fit:11ba0ac28d468bdc19c88c55a8774bab8f7f966b006f61c6fd30348907495707,2026-08-30T10:02:57+00:00,4662.0,316,173,103,11.269,9.800000000000011,33
fit:11ba0ac28d468bdc19c88c55a8774bab8f7f966b006f61c6fd30348907495707,2026-08-30T10:02:58+00:00,4663.0,316,175,103,11.408,10.800000000000011,33
fit:11ba0ac28d468bdc19c88c55a8774bab8f7f966b006f61c6fd30348907495707,2026-08-30T10:02:59+00:00,4664.0,431,176,103,11.193,11.800000000000011,33
fit:11ba0ac28d468bdc19c88c55a8774bab8f7f966b006f61c6fd30348907495707,2026-08-30T10:03:00+00:00,4665.0,482,176,101,11.234,12.799999999999955,33
fit:11ba0ac28d468bdc19c88c55a8774bab8f7f966b006f61c6fd30348907495707,2026-08-30T10:03:01+00:00,4666.0,403,177,101,11.076,13.0,33
fit:11ba0ac28d468bdc19c88c55a8774bab8f7f966b006f61c6fd30348907495707,2026-08-30T10:03:02+00:00,4667.0,305,179,101,11.022,13.799999999999955,33
fit:11ba0ac28d468bdc19c88c55a8774bab8f7f966b006f61c6fd30348907495707,2026-08-30T10:03:03+00:00,4668.0,121,180,101,11.041,14.799999999999955,33
fit:11ba0ac28d468bdc19c88c55a8774bab8f7f966b006f61c6fd30348907495707,2026-08-30T10:03:04+00:00,4669.0,118,181,100,10.978,14.799999999999955,33
fit:11ba0ac28d468bdc19c88c55a8774bab8f7f966b006f61c6fd30348907495707,2026-08-30T10:03:05+00:00,4670.0,83,182,96,11.021,14.799999999999955,33
fit:11ba0ac28d468bdc19c88c55a8774bab8f7f966b006f61c6fd30348907495707,2026-08-30T10:03:06+00:00,4671.0,108,182,87,10.978,14.799999999999955,33
fit:11ba0ac28d468bdc19c88c55a8774bab8f7f966b006f61c6fd30348907495707,2026-08-30T10:03:07+00:00,4672.0,57,183,87,10.965,14.799999999999955,33
fit:11ba0ac28d468bdc19c88c55a8774bab8f7f966b006f61c6fd30348907495707,2026-08-30T10:03:08+00:00,4673.0,57,184,83,10.977,13.799999999999955,33
fit:11ba0ac28d468bdc19c88c55a8774bab8f7f966b006f61c6fd30348907495707,2026-08-30T10:03:09+00:00,4674.0,57,184,83,10.939,13.799999999999955,33
fit:11ba0ac28d468bdc19c88c55a8774bab8f7f966b006f61c6fd30348907495707,2026-08-30T10:03:10+00:00,4675.0,24,184,83,10.778,13.799999999999955,33
fit:11ba0ac28d468bdc19c88c55a8774bab8f7f966b006f61c6fd30348907495707,2026-08-30T10:03:11+00:00,4676.0,26,185,83,10.892,13.799999999999955,33
fit:11ba0ac28d468bdc19c88c55a8774bab8f7f966b006f61c6fd30348907495707,2026-08-30T10:03:12+00:00,4677.0,26,185,77,11.12,13.799999999999955,33
fit:11ba0ac28d468bdc19c88c55a8774bab8f7f966b006f61c6fd30348907495707,2026-08-30T10:03:13+00:00,4678.0,26,186,77,11.2,13.200000000000045,33
fit:11ba0ac28d468bdc19c88c55a8774bab8f7f966b006f61c6fd30348907495707,2026-08-30T10:03:14+00:00,4679.0,26,185,73,11.335,12.200000000000045,33
fit:11ba0ac28d468bdc19c88c55a8774bab8f7f966b006f61c6fd30348907495707,2026-08-30T10:03:15+00:00,4680.0,26,185,73,11.421,12.200000000000045,33
fit:11ba0ac28d468bdc19c88c55a8774bab8f7f966b006f61c6fd30348907495707,2026-08-30T10:03:16+00:00,4681.0,0,186,73,11.691,12.200000000000045,33
fit:11ba0ac28d468bdc19c88c55a8774bab8f7f966b006f61c6fd30348907495707,2026-08-30T10:03:17+00:00,4682.0,38,186,0,11.76,12.200000000000045,33
fit:11ba0ac28d468bdc19c88c55a8774bab8f7f966b006f61c6fd30348907495707,2026-08-30T10:03:18+00:00,4683.0,38,186,89,11.863,11.199999999999989,33
fit:11ba0ac28d468bdc19c88c55a8774bab8f7f966b006f61c6fd30348907495707,2026-08-30T10:03:19+00:00,4684.0,38,186,89,12.054,10.199999999999989,33
fit:11ba0ac28d468bdc19c88c55a8774bab8f7f966b006f61c6fd30348907495707,2026-08-30T10:03:20+00:00,4685.0,38,185,89,12.136,9.199999999999989,33
fit:11ba0ac28d468bdc19c88c55a8774bab8f7f966b006f61c6fd30348907495707,2026-08-30T10:03:21+00:00,4686.0,35,186,89,12.414,9.199999999999989,33
fit:11ba0ac28d468bdc19c88c55a8774bab8f7f966b006f61c6fd30348907495707,2026-08-30T10:03:22+00:00,4687.0,31,186,84,12.519,9.199999999999989,33
fit:11ba0ac28d468bdc19c88c55a8774bab8f7f966b006f61c6fd30348907495707,2026-08-30T10:03:23+00:00,4688.0,28,184,80,12.792,9.199999999999989,33
fit:11ba0ac28d468bdc19c88c55a8774bab8f7f966b006f61c6fd30348907495707,2026-08-30T10:03:24+00:00,4689.0,25,185,76,12.86,8.199999999999989,33
fit:11ba0ac28d468bdc19c88c55a8774bab8f7f966b006f61c6fd30348907495707,2026-08-30T10:03:25+00:00,4690.0,120,182,72,12.516,8.199999999999989,33
fit:11ba0ac28d468bdc19c88c55a8774bab8f7f966b006f61c6fd30348907495707,2026-08-30T10:03:26+00:00,4691.0,134,182,95,12.166,8.199999999999989,33
fit:11ba0ac28d468bdc19c88c55a8774bab8f7f966b006f61c6fd30348907495707,2026-08-30T10:03:27+00:00,4692.0,134,182,96,11.964,8.199999999999989,33
fit:11ba0ac28d468bdc19c88c55a8774bab8f7f966b006f61c6fd30348907495707,2026-08-30T10:03:28+00:00,4693.0,144,181,97,11.983,8.199999999999989,33
fit:11ba0ac28d468bdc19c88c55a8774bab8f7f966b006f61c6fd30348907495707,2026-08-30T10:03:29+00:00,4694.0,144,181,97,12.06,8.199999999999989,33
fit:11ba0ac28d468bdc19c88c55a8774bab8f7f966b006f61c6fd30348907495707,2026-08-30T10:03:30+00:00,4695.0,144,181,97,12.022,7.199999999999989,33
fit:11ba0ac28d468bdc19c88c55a8774bab8f7f966b006f61c6fd30348907495707,2026-08-30T10:03:31+00:00,4696.0,129,180,97,12.033,7.199999999999989,33
fit:11ba0ac28d468bdc19c88c55a8774bab8f7f966b006f61c6fd30348907495707,2026-08-30T10:03:32+00:00,4697.0,129,180,90,12.022,7.199999999999989,33
fit:11ba0ac28d468bdc19c88c55a8774bab8f7f966b006f61c6fd30348907495707,2026-08-30T10:03:33+00:00,4698.0,29,180,90,12.075,7.600000000000023,33
fit:11ba0ac28d468bdc19c88c55a8774bab8f7f966b006f61c6fd30348907495707,2026-08-30T10:03:34+00:00,4699.0,29,179,86,12.134,8.399999999999977,33
fit:11ba0ac28d468bdc19c88c55a8774bab8f7f966b006f61c6fd30348907495707,2026-08-30T10:03:35+00:00,4700.0,131,179,86,12.074,8.399999999999977,33
fit:11ba0ac28d468bdc19c88c55a8774bab8f7f966b006f61c6fd30348907495707,2026-08-30T10:03:36+00:00,4701.0,131,178,90,12.013,8.399999999999977,33
fit:11ba0ac28d468bdc19c88c55a8774bab8f7f966b006f61c6fd30348907495707,2026-08-30T10:03:37+00:00,4702.0,131,178,90,11.872,8.0,33
fit:11ba0ac28d468bdc19c88c55a8774bab8f7f966b006f61c6fd30348907495707,2026-08-30T10:03:38+00:00,4703.0,230,176,90,11.756,7.800000000000011,33
fit:11ba0ac28d468bdc19c88c55a8774bab8f7f966b006f61c6fd30348907495707,2026-08-30T10:03:39+00:00,4704.0,147,175,85,11.597,7.199999999999989,33
fit:11ba0ac28d468bdc19c88c55a8774bab8f7f966b006f61c6fd30348907495707,2026-08-30T10:03:40+00:00,4705.0,136,173,87,11.518,7.199999999999989,33
fit:11ba0ac28d468bdc19c88c55a8774bab8f7f966b006f61c6fd30348907495707,2026-08-30T10:03:41+00:00,4706.0,71,171,87,11.521,7.199999999999989,33
fit:11ba0ac28d468bdc19c88c55a8774bab8f7f966b006f61c6fd30348907495707,2026-08-30T10:03:42+00:00,4707.0,33,170,73,11.5,7.199999999999989,33
fit:11ba0ac28d468bdc19c88c55a8774bab8f7f966b006f61c6fd30348907495707,2026-08-30T10:03:43+00:00,4708.0,33,169,73,11.469,7.199999999999989,33
fit:11ba0ac28d468bdc19c88c55a8774bab8f7f966b006f61c6fd30348907495707,2026-08-30T10:03:44+00:00,4709.0,33,168,73,11.277,8.199999999999989,33
fit:11ba0ac28d468bdc19c88c55a8774bab8f7f966b006f61c6fd30348907495707,2026-08-30T10:03:45+00:00,4710.0,0,167,73,11.088,8.199999999999989,33
fit:11ba0ac28d468bdc19c88c55a8774bab8f7f966b006f61c6fd30348907495707,2026-08-30T10:03:46+00:00,4711.0,12,167,0,10.953,8.199999999999989,33
fit:11ba0ac28d468bdc19c88c55a8774bab8f7f966b006f61c6fd30348907495707,2026-08-30T10:03:47+00:00,4712.0,66,166,0,10.804,7.199999999999989,33
fit:11ba0ac28d468bdc19c88c55a8774bab8f7f966b006f61c6fd30348907495707,2026-08-30T10:03:48+00:00,4713.0,66,165,76,10.529,7.199999999999989,33
fit:11ba0ac28d468bdc19c88c55a8774bab8f7f966b006f61c6fd30348907495707,2026-08-30T10:03:49+00:00,4714.0,126,163,76,10.303,7.199999999999989,33
fit:11ba0ac28d468bdc19c88c55a8774bab8f7f966b006f61c6fd30348907495707,2026-08-30T10:03:50+00:00,4715.0,200,163,82,10.296,8.199999999999989,33
fit:11ba0ac28d468bdc19c88c55a8774bab8f7f966b006f61c6fd30348907495707,2026-08-30T10:03:51+00:00,4716.0,139,162,82,10.282,8.399999999999977,33
fit:11ba0ac28d468bdc19c88c55a8774bab8f7f966b006f61c6fd30348907495707,2026-08-30T10:03:52+00:00,4717.0,139,161,83,10.398,8.800000000000011,33
fit:11ba0ac28d468bdc19c88c55a8774bab8f7f966b006f61c6fd30348907495707,2026-08-30T10:03:53+00:00,4718.0,348,161,83,10.376,9.0,33
fit:11ba0ac28d468bdc19c88c55a8774bab8f7f966b006f61c6fd30348907495707,2026-08-30T10:03:54+00:00,4719.0,404,160,84,10.353,9.0,33
fit:11ba0ac28d468bdc19c88c55a8774bab8f7f966b006f61c6fd30348907495707,2026-08-30T10:03:55+00:00,4720.0,315,160,85,10.483,9.0,33
fit:11ba0ac28d468bdc19c88c55a8774bab8f7f966b006f61c6fd30348907495707,2026-08-30T10:03:56+00:00,4721.0,247,160,87,10.617,9.0,33
fit:11ba0ac28d468bdc19c88c55a8774bab8f7f966b006f61c6fd30348907495707,2026-08-30T10:03:57+00:00,4722.0,216,160,90,10.923,9.0,33
fit:11ba0ac28d468bdc19c88c55a8774bab8f7f966b006f61c6fd30348907495707,2026-08-30T10:03:58+00:00,4723.0,216,160,90,10.985,9.0,33
fit:11ba0ac28d468bdc19c88c55a8774bab8f7f966b006f61c6fd30348907495707,2026-08-30T10:03:59+00:00,4724.0,466,160,92,11.176,9.199999999999989,33
fit:11ba0ac28d468bdc19c88c55a8774bab8f7f966b006f61c6fd30348907495707,2026-08-30T10:04:00+00:00,4725.0,373,160,95,11.363,9.399999999999977,33
fit:11ba0ac28d468bdc19c88c55a8774bab8f7f966b006f61c6fd30348907495707,2026-08-30T10:04:01+00:00,4726.0,270,160,96,11.664,9.399999999999977,33
fit:11ba0ac28d468bdc19c88c55a8774bab8f7f966b006f61c6fd30348907495707,2026-08-30T10:04:02+00:00,4727.0,412,160,98,11.753,9.399999999999977,33
fit:11ba0ac28d468bdc19c88c55a8774bab8f7f966b006f61c6fd30348907495707,2026-08-30T10:04:03+00:00,4728.0,578,161,101,12.001,9.199999999999989,33
fit:11ba0ac28d468bdc19c88c55a8774bab8f7f966b006f61c6fd30348907495707,2026-08-30T10:04:04+00:00,4729.0,131,161,103,12.413,8.800000000000011,33
fit:11ba0ac28d468bdc19c88c55a8774bab8f7f966b006f61c6fd30348907495707,2026-08-30T10:04:05+00:00,4730.0,440,162,97,12.56,8.399999999999977,33
fit:11ba0ac28d468bdc19c88c55a8774bab8f7f966b006f61c6fd30348907495707,2026-08-30T10:04:06+00:00,4731.0,393,163,99,12.672,8.399999999999977,33
fit:11ba0ac28d468bdc19c88c55a8774bab8f7f966b006f61c6fd30348907495707,2026-08-30T10:04:07+00:00,4732.0,18,163,100,12.899,8.399999999999977,33
fit:11ba0ac28d468bdc19c88c55a8774bab8f7f966b006f61c6fd30348907495707,2026-08-30T10:04:08+00:00,4733.0,431,165,98,12.961,8.399999999999977,33
fit:11ba0ac28d468bdc19c88c55a8774bab8f7f966b006f61c6fd30348907495707,2026-08-30T10:04:09+00:00,4734.0,432,165,97,12.777,7.399999999999977,33
fit:11ba0ac28d468bdc19c88c55a8774bab8f7f966b006f61c6fd30348907495707,2026-08-30T10:04:10+00:00,4735.0,281,166,97,12.641,7.399999999999977,33
fit:11ba0ac28d468bdc19c88c55a8774bab8f7f966b006f61c6fd30348907495707,2026-08-30T10:04:11+00:00,4736.0,286,167,97,12.809,7.399999999999977,33
fit:11ba0ac28d468bdc19c88c55a8774bab8f7f966b006f61c6fd30348907495707,2026-08-30T10:04:12+00:00,4737.0,289,169,97,12.405,7.399999999999977,33
fit:11ba0ac28d468bdc19c88c55a8774bab8f7f966b006f61c6fd30348907495707,2026-08-30T10:04:13+00:00,4738.0,407,170,97,12.458,7.399999999999977,33
fit:11ba0ac28d468bdc19c88c55a8774bab8f7f966b006f61c6fd30348907495707,2026-08-30T10:04:14+00:00,4739.0,407,171,98,12.724,7.399999999999977,33
fit:11ba0ac28d468bdc19c88c55a8774bab8f7f966b006f61c6fd30348907495707,2026-08-30T10:04:15+00:00,4740.0,423,172,99,12.837,7.399999999999977,33
fit:11ba0ac28d468bdc19c88c55a8774bab8f7f966b006f61c6fd30348907495707,2026-08-30T10:04:16+00:00,4741.0,520,173,99,13.07,7.399999999999977,33
fit:11ba0ac28d468bdc19c88c55a8774bab8f7f966b006f61c6fd30348907495707,2026-08-30T10:04:17+00:00,4742.0,548,173,100,12.942,7.399999999999977,33
fit:11ba0ac28d468bdc19c88c55a8774bab8f7f966b006f61c6fd30348907495707,2026-08-30T10:04:18+00:00,4743.0,339,175,102,12.765,7.399999999999977,33
fit:11ba0ac28d468bdc19c88c55a8774bab8f7f966b006f61c6fd30348907495707,2026-08-30T10:04:19+00:00,4744.0,189,176,102,13.015,7.399999999999977,33
fit:11ba0ac28d468bdc19c88c55a8774bab8f7f966b006f61c6fd30348907495707,2026-08-30T10:04:20+00:00,4745.0,126,176,102,13.26,8.399999999999977,33
fit:11ba0ac28d468bdc19c88c55a8774bab8f7f966b006f61c6fd30348907495707,2026-08-30T10:04:21+00:00,4746.0,210,177,102,13.113,9.399999999999977,33
fit:11ba0ac28d468bdc19c88c55a8774bab8f7f966b006f61c6fd30348907495707,2026-08-30T10:04:22+00:00,4747.0,205,178,102,13.233,9.399999999999977,33
fit:11ba0ac28d468bdc19c88c55a8774bab8f7f966b006f61c6fd30348907495707,2026-08-30T10:04:23+00:00,4748.0,100,178,101,13.213,9.399999999999977,33
fit:11ba0ac28d468bdc19c88c55a8774bab8f7f966b006f61c6fd30348907495707,2026-08-30T10:04:24+00:00,4749.0,100,180,99,13.421,8.399999999999977,33
fit:11ba0ac28d468bdc19c88c55a8774bab8f7f966b006f61c6fd30348907495707,2026-08-30T10:04:25+00:00,4750.0,100,180,99,13.467,7.399999999999977,33
fit:11ba0ac28d468bdc19c88c55a8774bab8f7f966b006f61c6fd30348907495707,2026-08-30T10:04:26+00:00,4751.0,0,180,99,13.299,7.399999999999977,33
fit:11ba0ac28d468bdc19c88c55a8774bab8f7f966b006f61c6fd30348907495707,2026-08-30T10:04:27+00:00,4752.0,100,181,99,12.828,7.399999999999977,33
fit:11ba0ac28d468bdc19c88c55a8774bab8f7f966b006f61c6fd30348907495707,2026-08-30T10:04:28+00:00,4753.0,237,181,94,12.695,8.399999999999977,33
fit:11ba0ac28d468bdc19c88c55a8774bab8f7f966b006f61c6fd30348907495707,2026-08-30T10:04:29+00:00,4754.0,183,182,95,12.602,9.0,33
fit:11ba0ac28d468bdc19c88c55a8774bab8f7f966b006f61c6fd30348907495707,2026-08-30T10:04:30+00:00,4755.0,70,182,95,12.659,9.0,33
fit:11ba0ac28d468bdc19c88c55a8774bab8f7f966b006f61c6fd30348907495707,2026-08-30T10:04:31+00:00,4756.0,70,183,93,12.586,9.0,33
fit:11ba0ac28d468bdc19c88c55a8774bab8f7f966b006f61c6fd30348907495707,2026-08-30T10:04:32+00:00,4757.0,70,183,93,12.432,9.0,33
fit:11ba0ac28d468bdc19c88c55a8774bab8f7f966b006f61c6fd30348907495707,2026-08-30T10:04:33+00:00,4758.0,70,183,93,12.243,9.0,33
fit:11ba0ac28d468bdc19c88c55a8774bab8f7f966b006f61c6fd30348907495707,2026-08-30T10:04:34+00:00,4759.0,0,183,93,12.013,9.0,33
fit:11ba0ac28d468bdc19c88c55a8774bab8f7f966b006f61c6fd30348907495707,2026-08-30T10:04:35+00:00,4760.0,10,183,0,11.856,9.199999999999989,33
fit:11ba0ac28d468bdc19c88c55a8774bab8f7f966b006f61c6fd30348907495707,2026-08-30T10:04:36+00:00,4761.0,10,184,71,11.655,9.199999999999989,33
fit:11ba0ac28d468bdc19c88c55a8774bab8f7f966b006f61c6fd30348907495707,2026-08-30T10:04:37+00:00,4762.0,3,184,71,11.389,9.199999999999989,33
fit:11ba0ac28d468bdc19c88c55a8774bab8f7f966b006f61c6fd30348907495707,2026-08-30T10:04:38+00:00,4763.0,3,183,34,10.817,9.199999999999989,33
fit:11ba0ac28d468bdc19c88c55a8774bab8f7f966b006f61c6fd30348907495707,2026-08-30T10:04:39+00:00,4764.0,206,183,79,10.299,10.199999999999989,33
fit:11ba0ac28d468bdc19c88c55a8774bab8f7f966b006f61c6fd30348907495707,2026-08-30T10:04:40+00:00,4765.0,559,183,79,9.694,11.0,33
fit:11ba0ac28d468bdc19c88c55a8774bab8f7f966b006f61c6fd30348907495707,2026-08-30T10:04:41+00:00,4766.0,420,182,82,9.316,11.600000000000023,33
fit:11ba0ac28d468bdc19c88c55a8774bab8f7f966b006f61c6fd30348907495707,2026-08-30T10:04:42+00:00,4767.0,421,181,85,9.737,11.600000000000023,33
fit:11ba0ac28d468bdc19c88c55a8774bab8f7f966b006f61c6fd30348907495707,2026-08-30T10:04:43+00:00,4768.0,135,180,101,10.135,11.600000000000023,33
fit:11ba0ac28d468bdc19c88c55a8774bab8f7f966b006f61c6fd30348907495707,2026-08-30T10:04:44+00:00,4769.0,390,180,97,10.641,10.600000000000023,33
fit:11ba0ac28d468bdc19c88c55a8774bab8f7f966b006f61c6fd30348907495707,2026-08-30T10:04:45+00:00,4770.0,179,180,90,10.87,10.399999999999977,33
fit:11ba0ac28d468bdc19c88c55a8774bab8f7f966b006f61c6fd30348907495707,2026-08-30T10:04:46+00:00,4771.0,283,179,93,11.194,10.199999999999989,33
fit:11ba0ac28d468bdc19c88c55a8774bab8f7f966b006f61c6fd30348907495707,2026-08-30T10:04:47+00:00,4772.0,328,179,96,11.287,10.199999999999989,32
fit:11ba0ac28d468bdc19c88c55a8774bab8f7f966b006f61c6fd30348907495707,2026-08-30T10:04:48+00:00,4773.0,280,178,99,11.567,10.199999999999989,32
fit:11ba0ac28d468bdc19c88c55a8774bab8f7f966b006f61c6fd30348907495707,2026-08-30T10:04:49+00:00,4774.0,206,178,99,11.874,10.199999999999989,32
fit:11ba0ac28d468bdc19c88c55a8774bab8f7f966b006f61c6fd30348907495707,2026-08-30T10:04:50+00:00,4775.0,193,177,100,12.107,9.800000000000011,32
fit:11ba0ac28d468bdc19c88c55a8774bab8f7f966b006f61c6fd30348907495707,2026-08-30T10:04:51+00:00,4776.0,350,177,99,12.182,9.199999999999989,32
fit:11ba0ac28d468bdc19c88c55a8774bab8f7f966b006f61c6fd30348907495707,2026-08-30T10:04:52+00:00,4777.0,350,177,98,12.375,8.199999999999989,32
fit:11ba0ac28d468bdc19c88c55a8774bab8f7f966b006f61c6fd30348907495707,2026-08-30T10:04:53+00:00,4778.0,303,177,100,12.616,8.0,32
fit:11ba0ac28d468bdc19c88c55a8774bab8f7f966b006f61c6fd30348907495707,2026-08-30T10:04:54+00:00,4779.0,316,177,100,12.828,8.0,32
fit:11ba0ac28d468bdc19c88c55a8774bab8f7f966b006f61c6fd30348907495707,2026-08-30T10:04:55+00:00,4780.0,374,177,100,13.126,8.0,32
fit:11ba0ac28d468bdc19c88c55a8774bab8f7f966b006f61c6fd30348907495707,2026-08-30T10:04:56+00:00,4781.0,175,177,102,13.252,8.399999999999977,32
fit:11ba0ac28d468bdc19c88c55a8774bab8f7f966b006f61c6fd30348907495707,2026-08-30T10:04:57+00:00,4782.0,52,177,103,13.535,8.600000000000023,32
fit:11ba0ac28d468bdc19c88c55a8774bab8f7f966b006f61c6fd30348907495707,2026-08-30T10:04:58+00:00,4783.0,126,177,97,13.579,8.600000000000023,32
fit:11ba0ac28d468bdc19c88c55a8774bab8f7f966b006f61c6fd30348907495707,2026-08-30T10:04:59+00:00,4784.0,196,178,95,13.524,8.600000000000023,32
fit:11ba0ac28d468bdc19c88c55a8774bab8f7f966b006f61c6fd30348907495707,2026-08-30T10:05:00+00:00,4785.0,293,178,101,13.486,8.600000000000023,32
fit:11ba0ac28d468bdc19c88c55a8774bab8f7f966b006f61c6fd30348907495707,2026-08-30T10:05:01+00:00,4786.0,397,178,101,13.558,8.600000000000023,32
fit:11ba0ac28d468bdc19c88c55a8774bab8f7f966b006f61c6fd30348907495707,2026-08-30T10:05:02+00:00,4787.0,232,178,103,13.593,8.600000000000023,32
fit:11ba0ac28d468bdc19c88c55a8774bab8f7f966b006f61c6fd30348907495707,2026-08-30T10:05:03+00:00,4788.0,313,178,103,13.661,7.600000000000023,32
fit:11ba0ac28d468bdc19c88c55a8774bab8f7f966b006f61c6fd30348907495707,2026-08-30T10:05:04+00:00,4789.0,235,179,103,13.668,7.0,32
fit:11ba0ac28d468bdc19c88c55a8774bab8f7f966b006f61c6fd30348907495707,2026-08-30T10:05:05+00:00,4790.0,295,179,102,13.611,6.600000000000023,32
fit:11ba0ac28d468bdc19c88c55a8774bab8f7f966b006f61c6fd30348907495707,2026-08-30T10:05:06+00:00,4791.0,484,179,102,13.668,6.600000000000023,32
fit:11ba0ac28d468bdc19c88c55a8774bab8f7f966b006f61c6fd30348907495707,2026-08-30T10:05:07+00:00,4792.0,465,179,102,13.688,6.600000000000023,32
fit:11ba0ac28d468bdc19c88c55a8774bab8f7f966b006f61c6fd30348907495707,2026-08-30T10:05:08+00:00,4793.0,109,180,104,13.706,7.600000000000023,32
fit:11ba0ac28d468bdc19c88c55a8774bab8f7f966b006f61c6fd30348907495707,2026-08-30T10:05:09+00:00,4794.0,109,180,46,13.961,8.600000000000023,32
fit:11ba0ac28d468bdc19c88c55a8774bab8f7f966b006f61c6fd30348907495707,2026-08-30T10:05:10+00:00,4795.0,298,181,46,13.792,8.600000000000023,32
fit:11ba0ac28d468bdc19c88c55a8774bab8f7f966b006f61c6fd30348907495707,2026-08-30T10:05:11+00:00,4796.0,161,181,103,13.753,8.600000000000023,32
fit:11ba0ac28d468bdc19c88c55a8774bab8f7f966b006f61c6fd30348907495707,2026-08-30T10:05:12+00:00,4797.0,161,181,102,13.8,8.600000000000023,32
fit:11ba0ac28d468bdc19c88c55a8774bab8f7f966b006f61c6fd30348907495707,2026-08-30T10:05:13+00:00,4798.0,106,181,102,13.556,8.600000000000023,32
fit:11ba0ac28d468bdc19c88c55a8774bab8f7f966b006f61c6fd30348907495707,2026-08-30T10:05:14+00:00,4799.0,121,182,98,13.16,8.600000000000023,32
fit:11ba0ac28d468bdc19c88c55a8774bab8f7f966b006f61c6fd30348907495707,2026-08-30T10:05:15+00:00,4800.0,121,182,97,13.143,8.600000000000023,32
fit:11ba0ac28d468bdc19c88c55a8774bab8f7f966b006f61c6fd30348907495707,2026-08-30T10:05:16+00:00,4801.0,16,182,97,12.993,8.600000000000023,32
fit:11ba0ac28d468bdc19c88c55a8774bab8f7f966b006f61c6fd30348907495707,2026-08-30T10:05:17+00:00,4802.0,16,182,79,12.866,8.600000000000023,32
fit:11ba0ac28d468bdc19c88c55a8774bab8f7f966b006f61c6fd30348907495707,2026-08-30T10:05:18+00:00,4803.0,16,182,79,12.773,8.600000000000023,32
fit:11ba0ac28d468bdc19c88c55a8774bab8f7f966b006f61c6fd30348907495707,2026-08-30T10:05:19+00:00,4804.0,16,182,79,12.631,7.600000000000023,32
fit:11ba0ac28d468bdc19c88c55a8774bab8f7f966b006f61c6fd30348907495707,2026-08-30T10:05:20+00:00,4805.0,14,182,78,12.407,6.800000000000011,32
fit:11ba0ac28d468bdc19c88c55a8774bab8f7f966b006f61c6fd30348907495707,2026-08-30T10:05:21+00:00,4806.0,13,182,74,12.201,6.800000000000011,32
fit:11ba0ac28d468bdc19c88c55a8774bab8f7f966b006f61c6fd30348907495707,2026-08-30T10:05:22+00:00,4807.0,0,182,70,11.712,6.800000000000011,32
fit:11ba0ac28d468bdc19c88c55a8774bab8f7f966b006f61c6fd30348907495707,2026-08-30T10:05:23+00:00,4808.0,0,182,0,11.042,6.800000000000011,32
fit:11ba0ac28d468bdc19c88c55a8774bab8f7f966b006f61c6fd30348907495707,2026-08-30T10:05:24+00:00,4809.0,0,182,0,10.539,7.0,32
fit:11ba0ac28d468bdc19c88c55a8774bab8f7f966b006f61c6fd30348907495707,2026-08-30T10:05:25+00:00,4810.0,19,182,50,10.01,7.600000000000023,32
fit:11ba0ac28d468bdc19c88c55a8774bab8f7f966b006f61c6fd30348907495707,2026-08-30T10:05:26+00:00,4811.0,26,182,65,9.761,7.600000000000023,32
fit:11ba0ac28d468bdc19c88c55a8774bab8f7f966b006f61c6fd30348907495707,2026-08-30T10:05:27+00:00,4812.0,26,182,45,9.39,7.600000000000023,32
fit:11ba0ac28d468bdc19c88c55a8774bab8f7f966b006f61c6fd30348907495707,2026-08-30T10:05:28+00:00,4813.0,287,181,45,9.164,7.600000000000023,32
fit:11ba0ac28d468bdc19c88c55a8774bab8f7f966b006f61c6fd30348907495707,2026-08-30T10:05:29+00:00,4814.0,62,181,75,9.085,7.600000000000023,32
fit:11ba0ac28d468bdc19c88c55a8774bab8f7f966b006f61c6fd30348907495707,2026-08-30T10:05:30+00:00,4815.0,42,181,77,9.27,7.600000000000023,32
fit:11ba0ac28d468bdc19c88c55a8774bab8f7f966b006f61c6fd30348907495707,2026-08-30T10:05:31+00:00,4816.0,42,180,77,9.437,7.600000000000023,32
fit:11ba0ac28d468bdc19c88c55a8774bab8f7f966b006f61c6fd30348907495707,2026-08-30T10:05:32+00:00,4817.0,88,180,77,9.558,8.0,32
fit:11ba0ac28d468bdc19c88c55a8774bab8f7f966b006f61c6fd30348907495707,2026-08-30T10:05:33+00:00,4818.0,88,180,76,9.615,9.0,32
fit:11ba0ac28d468bdc19c88c55a8774bab8f7f966b006f61c6fd30348907495707,2026-08-30T10:05:34+00:00,4819.0,339,178,76,9.572,9.0,32
fit:11ba0ac28d468bdc19c88c55a8774bab8f7f966b006f61c6fd30348907495707,2026-08-30T10:05:35+00:00,4820.0,356,177,81,9.58,9.0,32
fit:11ba0ac28d468bdc19c88c55a8774bab8f7f966b006f61c6fd30348907495707,2026-08-30T10:05:36+00:00,4821.0,321,177,82,9.751,8.0,32
fit:11ba0ac28d468bdc19c88c55a8774bab8f7f966b006f61c6fd30348907495707,2026-08-30T10:05:37+00:00,4822.0,322,175,86,10.016,8.0,32
fit:11ba0ac28d468bdc19c88c55a8774bab8f7f966b006f61c6fd30348907495707,2026-08-30T10:05:38+00:00,4823.0,377,175,87,10.348,8.0,32
fit:11ba0ac28d468bdc19c88c55a8774bab8f7f966b006f61c6fd30348907495707,2026-08-30T10:05:39+00:00,4824.0,366,174,87,10.596,8.0,32
fit:11ba0ac28d468bdc19c88c55a8774bab8f7f966b006f61c6fd30348907495707,2026-08-30T10:05:40+00:00,4825.0,256,172,90,10.812,8.0,32
fit:11ba0ac28d468bdc19c88c55a8774bab8f7f966b006f61c6fd30348907495707,2026-08-30T10:05:41+00:00,4826.0,224,171,91,11.054,8.0,32
fit:11ba0ac28d468bdc19c88c55a8774bab8f7f966b006f61c6fd30348907495707,2026-08-30T10:05:42+00:00,4827.0,286,170,92,11.228,7.199999999999989,32
fit:11ba0ac28d468bdc19c88c55a8774bab8f7f966b006f61c6fd30348907495707,2026-08-30T10:05:43+00:00,4828.0,272,170,94,11.291,6.199999999999989,32
fit:11ba0ac28d468bdc19c88c55a8774bab8f7f966b006f61c6fd30348907495707,2026-08-30T10:05:44+00:00,4829.0,94,170,94,11.539,6.199999999999989,32
fit:11ba0ac28d468bdc19c88c55a8774bab8f7f966b006f61c6fd30348907495707,2026-08-30T10:05:45+00:00,4830.0,369,170,51,12.037,6.199999999999989,32
fit:11ba0ac28d468bdc19c88c55a8774bab8f7f966b006f61c6fd30348907495707,2026-08-30T10:05:46+00:00,4831.0,359,170,94,11.781,7.199999999999989,32
fit:11ba0ac28d468bdc19c88c55a8774bab8f7f966b006f61c6fd30348907495707,2026-08-30T10:05:47+00:00,4832.0,287,170,96,11.813,7.199999999999989,32
fit:11ba0ac28d468bdc19c88c55a8774bab8f7f966b006f61c6fd30348907495707,2026-08-30T10:05:48+00:00,4833.0,260,170,96,11.875,7.199999999999989,32
fit:11ba0ac28d468bdc19c88c55a8774bab8f7f966b006f61c6fd30348907495707,2026-08-30T10:05:49+00:00,4834.0,227,171,96,11.942,6.600000000000023,32
fit:11ba0ac28d468bdc19c88c55a8774bab8f7f966b006f61c6fd30348907495707,2026-08-30T10:05:50+00:00,4835.0,266,171,95,11.766,5.600000000000023,32
fit:11ba0ac28d468bdc19c88c55a8774bab8f7f966b006f61c6fd30348907495707,2026-08-30T10:05:51+00:00,4836.0,421,171,95,11.865,5.600000000000023,32
fit:11ba0ac28d468bdc19c88c55a8774bab8f7f966b006f61c6fd30348907495707,2026-08-30T10:05:52+00:00,4837.0,62,171,97,11.856,5.600000000000023,32
fit:11ba0ac28d468bdc19c88c55a8774bab8f7f966b006f61c6fd30348907495707,2026-08-30T10:05:53+00:00,4838.0,62,172,97,12.067,6.199999999999989,32
fit:11ba0ac28d468bdc19c88c55a8774bab8f7f966b006f61c6fd30348907495707,2026-08-30T10:05:54+00:00,4839.0,96,173,97,12.049,6.399999999999977,32
fit:11ba0ac28d468bdc19c88c55a8774bab8f7f966b006f61c6fd30348907495707,2026-08-30T10:05:55+00:00,4840.0,55,173,95,12.02,6.399999999999977,32
fit:11ba0ac28d468bdc19c88c55a8774bab8f7f966b006f61c6fd30348907495707,2026-08-30T10:05:56+00:00,4841.0,76,174,90,11.921,6.399999999999977,32
fit:11ba0ac28d468bdc19c88c55a8774bab8f7f966b006f61c6fd30348907495707,2026-08-30T10:05:57+00:00,4842.0,73,174,93,11.763,5.800000000000011,32
fit:11ba0ac28d468bdc19c88c55a8774bab8f7f966b006f61c6fd30348907495707,2026-08-30T10:05:58+00:00,4843.0,73,174,78,11.548,5.800000000000011,32
fit:11ba0ac28d468bdc19c88c55a8774bab8f7f966b006f61c6fd30348907495707,2026-08-30T10:05:59+00:00,4844.0,53,174,78,11.413,5.800000000000011,32
fit:11ba0ac28d468bdc19c88c55a8774bab8f7f966b006f61c6fd30348907495707,2026-08-30T10:06:00+00:00,4845.0,12,174,44,11.353,5.800000000000011,32
fit:11ba0ac28d468bdc19c88c55a8774bab8f7f966b006f61c6fd30348907495707,2026-08-30T10:06:01+00:00,4846.0,12,174,75,11.138,5.800000000000011,32
fit:11ba0ac28d468bdc19c88c55a8774bab8f7f966b006f61c6fd30348907495707,2026-08-30T10:06:02+00:00,4847.0,12,175,75,10.99,6.800000000000011,32
fit:11ba0ac28d468bdc19c88c55a8774bab8f7f966b006f61c6fd30348907495707,2026-08-30T10:06:03+00:00,4848.0,12,175,75,10.837,7.600000000000023,32
fit:11ba0ac28d468bdc19c88c55a8774bab8f7f966b006f61c6fd30348907495707,2026-08-30T10:06:04+00:00,4849.0,3,175,75,10.405,7.600000000000023,32
fit:11ba0ac28d468bdc19c88c55a8774bab8f7f966b006f61c6fd30348907495707,2026-08-30T10:06:05+00:00,4850.0,3,175,71,10.08,7.600000000000023,32
fit:11ba0ac28d468bdc19c88c55a8774bab8f7f966b006f61c6fd30348907495707,2026-08-30T10:06:06+00:00,4851.0,166,175,71,9.883,7.600000000000023,32
fit:11ba0ac28d468bdc19c88c55a8774bab8f7f966b006f61c6fd30348907495707,2026-08-30T10:06:07+00:00,4852.0,101,175,77,9.681,7.600000000000023,32
fit:11ba0ac28d468bdc19c88c55a8774bab8f7f966b006f61c6fd30348907495707,2026-08-30T10:06:08+00:00,4853.0,29,175,76,9.625,7.600000000000023,32
fit:11ba0ac28d468bdc19c88c55a8774bab8f7f966b006f61c6fd30348907495707,2026-08-30T10:06:09+00:00,4854.0,21,175,76,9.492,7.600000000000023,32
fit:11ba0ac28d468bdc19c88c55a8774bab8f7f966b006f61c6fd30348907495707,2026-08-30T10:06:10+00:00,4855.0,20,175,74,9.477,7.600000000000023,32
fit:11ba0ac28d468bdc19c88c55a8774bab8f7f966b006f61c6fd30348907495707,2026-08-30T10:06:11+00:00,4856.0,20,174,74,9.399,7.600000000000023,32
fit:11ba0ac28d468bdc19c88c55a8774bab8f7f966b006f61c6fd30348907495707,2026-08-30T10:06:12+00:00,4857.0,20,173,22,9.187,6.600000000000023,32
fit:11ba0ac28d468bdc19c88c55a8774bab8f7f966b006f61c6fd30348907495707,2026-08-30T10:06:13+00:00,4858.0,73,173,22,8.879,6.600000000000023,32
fit:11ba0ac28d468bdc19c88c55a8774bab8f7f966b006f61c6fd30348907495707,2026-08-30T10:06:14+00:00,4859.0,83,172,76,8.709,6.600000000000023,32
fit:11ba0ac28d468bdc19c88c55a8774bab8f7f966b006f61c6fd30348907495707,2026-08-30T10:06:15+00:00,4860.0,125,172,76,8.553,7.399999999999977,32
fit:11ba0ac28d468bdc19c88c55a8774bab8f7f966b006f61c6fd30348907495707,2026-08-30T10:06:16+00:00,4861.0,264,171,76,8.508,7.600000000000023,32
fit:11ba0ac28d468bdc19c88c55a8774bab8f7f966b006f61c6fd30348907495707,2026-08-30T10:06:17+00:00,4862.0,296,170,78,8.462,8.0,32
fit:11ba0ac28d468bdc19c88c55a8774bab8f7f966b006f61c6fd30348907495707,2026-08-30T10:06:18+00:00,4863.0,237,169,79,8.515,8.0,32
fit:11ba0ac28d468bdc19c88c55a8774bab8f7f966b006f61c6fd30348907495707,2026-08-30T10:06:19+00:00,4864.0,181,167,82,8.763,8.0,32
fit:11ba0ac28d468bdc19c88c55a8774bab8f7f966b006f61c6fd30348907495707,2026-08-30T10:06:20+00:00,4865.0,22,166,82,8.89,7.600000000000023,32
fit:11ba0ac28d468bdc19c88c55a8774bab8f7f966b006f61c6fd30348907495707,2026-08-30T10:06:21+00:00,4866.0,110,165,81,8.973,7.600000000000023,32
fit:11ba0ac28d468bdc19c88c55a8774bab8f7f966b006f61c6fd30348907495707,2026-08-30T10:06:22+00:00,4867.0,198,165,81,8.923,7.600000000000023,32
fit:11ba0ac28d468bdc19c88c55a8774bab8f7f966b006f61c6fd30348907495707,2026-08-30T10:06:23+00:00,4868.0,112,164,82,8.948,7.600000000000023,32
fit:11ba0ac28d468bdc19c88c55a8774bab8f7f966b006f61c6fd30348907495707,2026-08-30T10:06:24+00:00,4869.0,30,163,83,9.044,7.600000000000023,32
fit:11ba0ac28d468bdc19c88c55a8774bab8f7f966b006f61c6fd30348907495707,2026-08-30T10:06:25+00:00,4870.0,30,162,42,9.114,7.600000000000023,32
fit:11ba0ac28d468bdc19c88c55a8774bab8f7f966b006f61c6fd30348907495707,2026-08-30T10:06:26+00:00,4871.0,279,162,82,9.031,7.600000000000023,32
fit:11ba0ac28d468bdc19c88c55a8774bab8f7f966b006f61c6fd30348907495707,2026-08-30T10:06:27+00:00,4872.0,376,161,82,9.052,7.600000000000023,32
fit:11ba0ac28d468bdc19c88c55a8774bab8f7f966b006f61c6fd30348907495707,2026-08-30T10:06:28+00:00,4873.0,392,161,87,9.109,7.600000000000023,32
fit:11ba0ac28d468bdc19c88c55a8774bab8f7f966b006f61c6fd30348907495707,2026-08-30T10:06:29+00:00,4874.0,524,161,91,9.39,7.800000000000011,32
fit:11ba0ac28d468bdc19c88c55a8774bab8f7f966b006f61c6fd30348907495707,2026-08-30T10:06:30+00:00,4875.0,326,161,93,9.622,7.800000000000011,32
fit:11ba0ac28d468bdc19c88c55a8774bab8f7f966b006f61c6fd30348907495707,2026-08-30T10:06:31+00:00,4876.0,120,161,95,9.96,7.800000000000011,32
fit:11ba0ac28d468bdc19c88c55a8774bab8f7f966b006f61c6fd30348907495707,2026-08-30T10:06:32+00:00,4877.0,21,162,95,10.215,7.800000000000011,32
fit:11ba0ac28d468bdc19c88c55a8774bab8f7f966b006f61c6fd30348907495707,2026-08-30T10:06:33+00:00,4878.0,46,163,72,10.253,7.800000000000011,32
fit:11ba0ac28d468bdc19c88c55a8774bab8f7f966b006f61c6fd30348907495707,2026-08-30T10:06:34+00:00,4879.0,232,163,93,10.26,7.800000000000011,32
fit:11ba0ac28d468bdc19c88c55a8774bab8f7f966b006f61c6fd30348907495707,2026-08-30T10:06:35+00:00,4880.0,232,164,83,10.167,7.800000000000011,32
fit:11ba0ac28d468bdc19c88c55a8774bab8f7f966b006f61c6fd30348907495707,2026-08-30T10:06:36+00:00,4881.0,402,164,85,10.248,7.800000000000011,32
fit:11ba0ac28d468bdc19c88c55a8774bab8f7f966b006f61c6fd30348907495707,2026-08-30T10:06:37+00:00,4882.0,13,165,85,10.391,7.800000000000011,32
fit:11ba0ac28d468bdc19c88c55a8774bab8f7f966b006f61c6fd30348907495707,2026-08-30T10:06:38+00:00,4883.0,196,165,44,10.241,7.800000000000011,32
fit:11ba0ac28d468bdc19c88c55a8774bab8f7f966b006f61c6fd30348907495707,2026-08-30T10:06:39+00:00,4884.0,536,166,79,10.082,8.0,32
fit:11ba0ac28d468bdc19c88c55a8774bab8f7f966b006f61c6fd30348907495707,2026-08-30T10:06:40+00:00,4885.0,464,166,81,9.942,8.199999999999989,32
fit:11ba0ac28d468bdc19c88c55a8774bab8f7f966b006f61c6fd30348907495707,2026-08-30T10:06:41+00:00,4886.0,249,166,84,10.311,8.199999999999989,32
fit:11ba0ac28d468bdc19c88c55a8774bab8f7f966b006f61c6fd30348907495707,2026-08-30T10:06:42+00:00,4887.0,75,166,85,10.434,8.199999999999989,32
fit:11ba0ac28d468bdc19c88c55a8774bab8f7f966b006f61c6fd30348907495707,2026-08-30T10:06:43+00:00,4888.0,36,166,86,10.487,8.199999999999989,32
fit:11ba0ac28d468bdc19c88c55a8774bab8f7f966b006f61c6fd30348907495707,2026-08-30T10:06:44+00:00,4889.0,63,167,85,10.596,8.199999999999989,32
fit:11ba0ac28d468bdc19c88c55a8774bab8f7f966b006f61c6fd30348907495707,2026-08-30T10:06:45+00:00,4890.0,63,167,85,10.572,9.199999999999989,32
fit:11ba0ac28d468bdc19c88c55a8774bab8f7f966b006f61c6fd30348907495707,2026-08-30T10:06:46+00:00,4891.0,258,166,85,10.61,9.199999999999989,32
fit:11ba0ac28d468bdc19c88c55a8774bab8f7f966b006f61c6fd30348907495707,2026-08-30T10:06:47+00:00,4892.0,82,167,86,10.668,9.199999999999989,32
fit:11ba0ac28d468bdc19c88c55a8774bab8f7f966b006f61c6fd30348907495707,2026-08-30T10:06:48+00:00,4893.0,642,166,86,10.653,9.0,32
fit:11ba0ac28d468bdc19c88c55a8774bab8f7f966b006f61c6fd30348907495707,2026-08-30T10:06:49+00:00,4894.0,498,166,91,10.712,8.600000000000023,32
fit:11ba0ac28d468bdc19c88c55a8774bab8f7f966b006f61c6fd30348907495707,2026-08-30T10:06:50+00:00,4895.0,412,166,93,10.853,7.600000000000023,32
fit:11ba0ac28d468bdc19c88c55a8774bab8f7f966b006f61c6fd30348907495707,2026-08-30T10:06:51+00:00,4896.0,378,167,94,11.32,6.600000000000023,32
fit:11ba0ac28d468bdc19c88c55a8774bab8f7f966b006f61c6fd30348907495707,2026-08-30T10:06:52+00:00,4897.0,220,167,95,11.563,5.800000000000011,32
fit:11ba0ac28d468bdc19c88c55a8774bab8f7f966b006f61c6fd30348907495707,2026-08-30T10:06:53+00:00,4898.0,220,167,96,11.687,5.800000000000011,32
fit:11ba0ac28d468bdc19c88c55a8774bab8f7f966b006f61c6fd30348907495707,2026-08-30T10:06:54+00:00,4899.0,234,167,96,11.835,5.800000000000011,32
fit:11ba0ac28d468bdc19c88c55a8774bab8f7f966b006f61c6fd30348907495707,2026-08-30T10:06:55+00:00,4900.0,154,168,97,11.823,6.800000000000011,32
fit:11ba0ac28d468bdc19c88c55a8774bab8f7f966b006f61c6fd30348907495707,2026-08-30T10:06:56+00:00,4901.0,140,169,97,12.034,6.800000000000011,32
fit:11ba0ac28d468bdc19c88c55a8774bab8f7f966b006f61c6fd30348907495707,2026-08-30T10:06:57+00:00,4902.0,179,169,97,12.155,6.800000000000011,32
fit:11ba0ac28d468bdc19c88c55a8774bab8f7f966b006f61c6fd30348907495707,2026-08-30T10:06:58+00:00,4903.0,179,169,97,12.089,6.800000000000011,32
fit:11ba0ac28d468bdc19c88c55a8774bab8f7f966b006f61c6fd30348907495707,2026-08-30T10:06:59+00:00,4904.0,236,169,98,12.076,7.800000000000011,32
fit:11ba0ac28d468bdc19c88c55a8774bab8f7f966b006f61c6fd30348907495707,2026-08-30T10:07:00+00:00,4905.0,103,170,98,12.121,7.800000000000011,32
fit:11ba0ac28d468bdc19c88c55a8774bab8f7f966b006f61c6fd30348907495707,2026-08-30T10:07:01+00:00,4906.0,21,170,97,12.115,7.800000000000011,32
fit:11ba0ac28d468bdc19c88c55a8774bab8f7f966b006f61c6fd30348907495707,2026-08-30T10:07:02+00:00,4907.0,21,170,61,12.081,7.199999999999989,32
fit:11ba0ac28d468bdc19c88c55a8774bab8f7f966b006f61c6fd30348907495707,2026-08-30T10:07:03+00:00,4908.0,21,170,53,11.908,7.199999999999989,32
fit:11ba0ac28d468bdc19c88c55a8774bab8f7f966b006f61c6fd30348907495707,2026-08-30T10:07:04+00:00,4909.0,21,171,53,11.84,7.199999999999989,32
fit:11ba0ac28d468bdc19c88c55a8774bab8f7f966b006f61c6fd30348907495707,2026-08-30T10:07:05+00:00,4910.0,21,171,56,11.695,8.199999999999989,32
fit:11ba0ac28d468bdc19c88c55a8774bab8f7f966b006f61c6fd30348907495707,2026-08-30T10:07:06+00:00,4911.0,21,172,56,11.586,8.199999999999989,32
fit:11ba0ac28d468bdc19c88c55a8774bab8f7f966b006f61c6fd30348907495707,2026-08-30T10:07:07+00:00,4912.0,186,172,56,11.423,8.199999999999989,32
fit:11ba0ac28d468bdc19c88c55a8774bab8f7f966b006f61c6fd30348907495707,2026-08-30T10:07:08+00:00,4913.0,381,172,91,11.404,7.199999999999989,32
fit:11ba0ac28d468bdc19c88c55a8774bab8f7f966b006f61c6fd30348907495707,2026-08-30T10:07:09+00:00,4914.0,299,173,92,11.4,7.199999999999989,32
fit:11ba0ac28d468bdc19c88c55a8774bab8f7f966b006f61c6fd30348907495707,2026-08-30T10:07:10+00:00,4915.0,299,173,94,11.474,7.199999999999989,32
fit:11ba0ac28d468bdc19c88c55a8774bab8f7f966b006f61c6fd30348907495707,2026-08-30T10:07:11+00:00,4916.0,506,173,97,11.616,7.199999999999989,32
fit:11ba0ac28d468bdc19c88c55a8774bab8f7f966b006f61c6fd30348907495707,2026-08-30T10:07:12+00:00,4917.0,475,174,97,11.867,7.199999999999989,32
fit:11ba0ac28d468bdc19c88c55a8774bab8f7f966b006f61c6fd30348907495707,2026-08-30T10:07:13+00:00,4918.0,409,174,99,12.025,7.199999999999989,32
fit:11ba0ac28d468bdc19c88c55a8774bab8f7f966b006f61c6fd30348907495707,2026-08-30T10:07:14+00:00,4919.0,344,174,102,12.292,7.199999999999989,32
fit:11ba0ac28d468bdc19c88c55a8774bab8f7f966b006f61c6fd30348907495707,2026-08-30T10:07:15+00:00,4920.0,178,175,103,12.526,7.199999999999989,32
fit:11ba0ac28d468bdc19c88c55a8774bab8f7f966b006f61c6fd30348907495707,2026-08-30T10:07:16+00:00,4921.0,162,175,102,12.487,7.199999999999989,32
fit:11ba0ac28d468bdc19c88c55a8774bab8f7f966b006f61c6fd30348907495707,2026-08-30T10:07:17+00:00,4922.0,313,176,102,12.563,7.199999999999989,32
fit:11ba0ac28d468bdc19c88c55a8774bab8f7f966b006f61c6fd30348907495707,2026-08-30T10:07:18+00:00,4923.0,310,176,102,12.642,7.199999999999989,32
fit:11ba0ac28d468bdc19c88c55a8774bab8f7f966b006f61c6fd30348907495707,2026-08-30T10:07:19+00:00,4924.0,234,176,103,12.638,7.199999999999989,32
fit:11ba0ac28d468bdc19c88c55a8774bab8f7f966b006f61c6fd30348907495707,2026-08-30T10:07:20+00:00,4925.0,258,177,104,12.699,6.600000000000023,32
fit:11ba0ac28d468bdc19c88c55a8774bab8f7f966b006f61c6fd30348907495707,2026-08-30T10:07:21+00:00,4926.0,403,177,105,12.846,6.600000000000023,32
fit:11ba0ac28d468bdc19c88c55a8774bab8f7f966b006f61c6fd30348907495707,2026-08-30T10:07:22+00:00,4927.0,360,177,105,12.919,6.600000000000023,32
fit:11ba0ac28d468bdc19c88c55a8774bab8f7f966b006f61c6fd30348907495707,2026-08-30T10:07:23+00:00,4928.0,220,178,108,12.977,6.800000000000011,32
fit:11ba0ac28d468bdc19c88c55a8774bab8f7f966b006f61c6fd30348907495707,2026-08-30T10:07:24+00:00,4929.0,220,178,108,13.054,7.800000000000011,32
fit:11ba0ac28d468bdc19c88c55a8774bab8f7f966b006f61c6fd30348907495707,2026-08-30T10:07:25+00:00,4930.0,395,178,108,13.299,7.800000000000011,32
fit:11ba0ac28d468bdc19c88c55a8774bab8f7f966b006f61c6fd30348907495707,2026-08-30T10:07:26+00:00,4931.0,433,179,100,13.144,7.800000000000011,32
fit:11ba0ac28d468bdc19c88c55a8774bab8f7f966b006f61c6fd30348907495707,2026-08-30T10:07:27+00:00,4932.0,354,179,101,13.279,7.800000000000011,32
fit:11ba0ac28d468bdc19c88c55a8774bab8f7f966b006f61c6fd30348907495707,2026-08-30T10:07:28+00:00,4933.0,250,179,102,13.236,7.800000000000011,32
fit:11ba0ac28d468bdc19c88c55a8774bab8f7f966b006f61c6fd30348907495707,2026-08-30T10:07:29+00:00,4934.0,250,180,101,13.505,7.399999999999977,32
fit:11ba0ac28d468bdc19c88c55a8774bab8f7f966b006f61c6fd30348907495707,2026-08-30T10:07:30+00:00,4935.0,358,180,102,13.608,7.399999999999977,32
fit:11ba0ac28d468bdc19c88c55a8774bab8f7f966b006f61c6fd30348907495707,2026-08-30T10:07:31+00:00,4936.0,288,180,103,13.539,7.399999999999977,32
fit:11ba0ac28d468bdc19c88c55a8774bab8f7f966b006f61c6fd30348907495707,2026-08-30T10:07:32+00:00,4937.0,244,180,103,13.706,8.199999999999989,32
fit:11ba0ac28d468bdc19c88c55a8774bab8f7f966b006f61c6fd30348907495707,2026-08-30T10:07:33+00:00,4938.0,447,181,102,13.592,8.199999999999989,32
fit:11ba0ac28d468bdc19c88c55a8774bab8f7f966b006f61c6fd30348907495707,2026-08-30T10:07:34+00:00,4939.0,274,181,103,13.573,8.199999999999989,32
fit:11ba0ac28d468bdc19c88c55a8774bab8f7f966b006f61c6fd30348907495707,2026-08-30T10:07:35+00:00,4940.0,427,181,105,13.641,8.199999999999989,32
fit:11ba0ac28d468bdc19c88c55a8774bab8f7f966b006f61c6fd30348907495707,2026-08-30T10:07:36+00:00,4941.0,360,181,106,13.781,8.199999999999989,32
fit:11ba0ac28d468bdc19c88c55a8774bab8f7f966b006f61c6fd30348907495707,2026-08-30T10:07:37+00:00,4942.0,488,182,106,13.911,8.199999999999989,32
fit:11ba0ac28d468bdc19c88c55a8774bab8f7f966b006f61c6fd30348907495707,2026-08-30T10:07:38+00:00,4943.0,382,182,107,14.005,8.199999999999989,32
fit:11ba0ac28d468bdc19c88c55a8774bab8f7f966b006f61c6fd30348907495707,2026-08-30T10:07:39+00:00,4944.0,200,183,108,14.105,8.199999999999989,32
fit:11ba0ac28d468bdc19c88c55a8774bab8f7f966b006f61c6fd30348907495707,2026-08-30T10:07:40+00:00,4945.0,153,183,108,14.348,8.199999999999989,32
fit:11ba0ac28d468bdc19c88c55a8774bab8f7f966b006f61c6fd30348907495707,2026-08-30T10:07:41+00:00,4946.0,136,183,107,14.243,8.199999999999989,32
fit:11ba0ac28d468bdc19c88c55a8774bab8f7f966b006f61c6fd30348907495707,2026-08-30T10:07:42+00:00,4947.0,22,183,107,14.292,8.199999999999989,32
fit:11ba0ac28d468bdc19c88c55a8774bab8f7f966b006f61c6fd30348907495707,2026-08-30T10:07:43+00:00,4948.0,23,184,81,14.237,8.199999999999989,32
fit:11ba0ac28d468bdc19c88c55a8774bab8f7f966b006f61c6fd30348907495707,2026-08-30T10:07:44+00:00,4949.0,23,184,81,14.027,8.199999999999989,32
fit:11ba0ac28d468bdc19c88c55a8774bab8f7f966b006f61c6fd30348907495707,2026-08-30T10:07:45+00:00,4950.0,23,184,81,13.801,7.199999999999989,32
fit:11ba0ac28d468bdc19c88c55a8774bab8f7f966b006f61c6fd30348907495707,2026-08-30T10:07:46+00:00,4951.0,23,184,81,13.644,7.0,32
fit:11ba0ac28d468bdc19c88c55a8774bab8f7f966b006f61c6fd30348907495707,2026-08-30T10:07:47+00:00,4952.0,0,184,81,13.433,7.0,32
fit:11ba0ac28d468bdc19c88c55a8774bab8f7f966b006f61c6fd30348907495707,2026-08-30T10:07:48+00:00,4953.0,185,184,0,13.205,7.0,32
fit:11ba0ac28d468bdc19c88c55a8774bab8f7f966b006f61c6fd30348907495707,2026-08-30T10:07:49+00:00,4954.0,132,184,96,13.006,7.0,32
fit:11ba0ac28d468bdc19c88c55a8774bab8f7f966b006f61c6fd30348907495707,2026-08-30T10:07:50+00:00,4955.0,177,184,95,12.965,7.0,32
fit:11ba0ac28d468bdc19c88c55a8774bab8f7f966b006f61c6fd30348907495707,2026-08-30T10:07:51+00:00,4956.0,553,184,94,12.88,8.0,32
fit:11ba0ac28d468bdc19c88c55a8774bab8f7f966b006f61c6fd30348907495707,2026-08-30T10:07:52+00:00,4957.0,556,184,95,12.888,8.600000000000023,32
fit:11ba0ac28d468bdc19c88c55a8774bab8f7f966b006f61c6fd30348907495707,2026-08-30T10:07:53+00:00,4958.0,126,184,98,12.992,8.600000000000023,32
fit:11ba0ac28d468bdc19c88c55a8774bab8f7f966b006f61c6fd30348907495707,2026-08-30T10:07:54+00:00,4959.0,101,184,99,13.143,8.600000000000023,32
fit:11ba0ac28d468bdc19c88c55a8774bab8f7f966b006f61c6fd30348907495707,2026-08-30T10:07:55+00:00,4960.0,31,184,82,13.085,8.600000000000023,32
fit:11ba0ac28d468bdc19c88c55a8774bab8f7f966b006f61c6fd30348907495707,2026-08-30T10:07:56+00:00,4961.0,31,184,82,13.106,8.600000000000023,32
fit:11ba0ac28d468bdc19c88c55a8774bab8f7f966b006f61c6fd30348907495707,2026-08-30T10:07:57+00:00,4962.0,31,184,73,12.879,8.600000000000023,32
fit:11ba0ac28d468bdc19c88c55a8774bab8f7f966b006f61c6fd30348907495707,2026-08-30T10:07:58+00:00,4963.0,29,184,73,12.658,7.600000000000023,32
fit:11ba0ac28d468bdc19c88c55a8774bab8f7f966b006f61c6fd30348907495707,2026-08-30T10:07:59+00:00,4964.0,26,184,70,12.472,7.600000000000023,32
fit:11ba0ac28d468bdc19c88c55a8774bab8f7f966b006f61c6fd30348907495707,2026-08-30T10:08:00+00:00,4965.0,23,182,66,12.264,7.600000000000023,32
fit:11ba0ac28d468bdc19c88c55a8774bab8f7f966b006f61c6fd30348907495707,2026-08-30T10:08:01+00:00,4966.0,0,180,63,12.114,8.600000000000023,32
fit:11ba0ac28d468bdc19c88c55a8774bab8f7f966b006f61c6fd30348907495707,2026-08-30T10:08:02+00:00,4967.0,2,179,0,11.91,8.600000000000023,32
fit:11ba0ac28d468bdc19c88c55a8774bab8f7f966b006f61c6fd30348907495707,2026-08-30T10:08:03+00:00,4968.0,195,175,81,11.751,8.600000000000023,32
fit:11ba0ac28d468bdc19c88c55a8774bab8f7f966b006f61c6fd30348907495707,2026-08-30T10:08:04+00:00,4969.0,121,175,81,11.66,8.600000000000023,32
fit:11ba0ac28d468bdc19c88c55a8774bab8f7f966b006f61c6fd30348907495707,2026-08-30T10:08:05+00:00,4970.0,106,177,81,11.624,8.600000000000023,33
fit:11ba0ac28d468bdc19c88c55a8774bab8f7f966b006f61c6fd30348907495707,2026-08-30T10:08:06+00:00,4971.0,224,180,80,11.568,8.600000000000023,33
fit:11ba0ac28d468bdc19c88c55a8774bab8f7f966b006f61c6fd30348907495707,2026-08-30T10:08:07+00:00,4972.0,296,181,80,11.528,8.600000000000023,33
fit:11ba0ac28d468bdc19c88c55a8774bab8f7f966b006f61c6fd30348907495707,2026-08-30T10:08:08+00:00,4973.0,271,181,80,11.419,8.600000000000023,33
fit:11ba0ac28d468bdc19c88c55a8774bab8f7f966b006f61c6fd30348907495707,2026-08-30T10:08:09+00:00,4974.0,258,181,81,11.56,8.600000000000023,33
fit:11ba0ac28d468bdc19c88c55a8774bab8f7f966b006f61c6fd30348907495707,2026-08-30T10:08:10+00:00,4975.0,259,181,82,11.721,8.600000000000023,33
fit:11ba0ac28d468bdc19c88c55a8774bab8f7f966b006f61c6fd30348907495707,2026-08-30T10:08:11+00:00,4976.0,223,181,83,11.777,8.600000000000023,33
fit:11ba0ac28d468bdc19c88c55a8774bab8f7f966b006f61c6fd30348907495707,2026-08-30T10:08:12+00:00,4977.0,152,180,83,11.852,8.600000000000023,33
fit:11ba0ac28d468bdc19c88c55a8774bab8f7f966b006f61c6fd30348907495707,2026-08-30T10:08:13+00:00,4978.0,152,180,84,11.935,8.600000000000023,33
fit:11ba0ac28d468bdc19c88c55a8774bab8f7f966b006f61c6fd30348907495707,2026-08-30T10:08:14+00:00,4979.0,152,180,84,11.959,8.600000000000023,33
fit:11ba0ac28d468bdc19c88c55a8774bab8f7f966b006f61c6fd30348907495707,2026-08-30T10:08:15+00:00,4980.0,73,180,82,11.879,9.0,33
fit:11ba0ac28d468bdc19c88c55a8774bab8f7f966b006f61c6fd30348907495707,2026-08-30T10:08:16+00:00,4981.0,73,180,83,11.861,9.399999999999977,33
fit:11ba0ac28d468bdc19c88c55a8774bab8f7f966b006f61c6fd30348907495707,2026-08-30T10:08:17+00:00,4982.0,267,179,83,11.873,10.399999999999977,33
fit:11ba0ac28d468bdc19c88c55a8774bab8f7f966b006f61c6fd30348907495707,2026-08-30T10:08:18+00:00,4983.0,267,179,84,11.905,10.399999999999977,33
fit:11ba0ac28d468bdc19c88c55a8774bab8f7f966b006f61c6fd30348907495707,2026-08-30T10:08:19+00:00,4984.0,267,179,84,12.084,10.399999999999977,33
fit:11ba0ac28d468bdc19c88c55a8774bab8f7f966b006f61c6fd30348907495707,2026-08-30T10:08:20+00:00,4985.0,326.5,179,,12.138,9.800000000000011,33
fit:11ba0ac28d468bdc19c88c55a8774bab8f7f966b006f61c6fd30348907495707,2026-08-30T10:08:21+00:00,4986.0,386,179,84,12.301,8.800000000000011,33
fit:11ba0ac28d468bdc19c88c55a8774bab8f7f966b006f61c6fd30348907495707,2026-08-30T10:08:22+00:00,4987.0,386,179,88,12.391,8.800000000000011,33
fit:11ba0ac28d468bdc19c88c55a8774bab8f7f966b006f61c6fd30348907495707,2026-08-30T10:08:23+00:00,4988.0,0,178,88,12.444,8.800000000000011,33
fit:11ba0ac28d468bdc19c88c55a8774bab8f7f966b006f61c6fd30348907495707,2026-08-30T10:08:24+00:00,4989.0,0,178,0,12.703,8.800000000000011,33
fit:11ba0ac28d468bdc19c88c55a8774bab8f7f966b006f61c6fd30348907495707,2026-08-30T10:08:25+00:00,4990.0,171,177,0,12.81,8.800000000000011,33
fit:11ba0ac28d468bdc19c88c55a8774bab8f7f966b006f61c6fd30348907495707,2026-08-30T10:08:26+00:00,4991.0,107,178,90,12.988,8.800000000000011,33
fit:11ba0ac28d468bdc19c88c55a8774bab8f7f966b006f61c6fd30348907495707,2026-08-30T10:08:27+00:00,4992.0,141,177,90,12.946,8.800000000000011,33
fit:11ba0ac28d468bdc19c88c55a8774bab8f7f966b006f61c6fd30348907495707,2026-08-30T10:08:28+00:00,4993.0,254,177,90,12.961,8.800000000000011,33
fit:11ba0ac28d468bdc19c88c55a8774bab8f7f966b006f61c6fd30348907495707,2026-08-30T10:08:29+00:00,4994.0,226,177,90,12.931,8.800000000000011,33
fit:11ba0ac28d468bdc19c88c55a8774bab8f7f966b006f61c6fd30348907495707,2026-08-30T10:08:30+00:00,4995.0,256,177,90,13.025,8.0,33
fit:11ba0ac28d468bdc19c88c55a8774bab8f7f966b006f61c6fd30348907495707,2026-08-30T10:08:31+00:00,4996.0,224,177,91,13.065,7.800000000000011,33
fit:11ba0ac28d468bdc19c88c55a8774bab8f7f966b006f61c6fd30348907495707,2026-08-30T10:08:32+00:00,4997.0,168,177,91,13.057,7.600000000000023,33
fit:11ba0ac28d468bdc19c88c55a8774bab8f7f966b006f61c6fd30348907495707,2026-08-30T10:08:33+00:00,4998.0,147,177,91,13.132,7.399999999999977,33
fit:11ba0ac28d468bdc19c88c55a8774bab8f7f966b006f61c6fd30348907495707,2026-08-30T10:08:34+00:00,4999.0,262,177,90,13.044,7.399999999999977,33
fit:11ba0ac28d468bdc19c88c55a8774bab8f7f966b006f61c6fd30348907495707,2026-08-30T10:08:35+00:00,5000.0,346,177,90,12.858,7.399999999999977,33
fit:11ba0ac28d468bdc19c88c55a8774bab8f7f966b006f61c6fd30348907495707,2026-08-30T10:08:36+00:00,5001.0,311,176,91,12.795,8.399999999999977,33
fit:11ba0ac28d468bdc19c88c55a8774bab8f7f966b006f61c6fd30348907495707,2026-08-30T10:08:37+00:00,5002.0,498,176,91,12.836,8.800000000000011,33
fit:11ba0ac28d468bdc19c88c55a8774bab8f7f966b006f61c6fd30348907495707,2026-08-30T10:08:38+00:00,5003.0,296,176,92,12.966,9.0,33
fit:11ba0ac28d468bdc19c88c55a8774bab8f7f966b006f61c6fd30348907495707,2026-08-30T10:08:39+00:00,5004.0,199,176,94,13.231,9.0,33
fit:11ba0ac28d468bdc19c88c55a8774bab8f7f966b006f61c6fd30348907495707,2026-08-30T10:08:40+00:00,5005.0,235,176,93,13.317,9.0,33
fit:11ba0ac28d468bdc19c88c55a8774bab8f7f966b006f61c6fd30348907495707,2026-08-30T10:08:41+00:00,5006.0,186,176,93,13.282,8.0,33
fit:11ba0ac28d468bdc19c88c55a8774bab8f7f966b006f61c6fd30348907495707,2026-08-30T10:08:42+00:00,5007.0,157,176,92,13.234,8.0,33
fit:11ba0ac28d468bdc19c88c55a8774bab8f7f966b006f61c6fd30348907495707,2026-08-30T10:08:43+00:00,5008.0,88,176,92,13.197,8.0,33
fit:11ba0ac28d468bdc19c88c55a8774bab8f7f966b006f61c6fd30348907495707,2026-08-30T10:08:44+00:00,5009.0,30,176,89,13.023,8.199999999999989,33
fit:11ba0ac28d468bdc19c88c55a8774bab8f7f966b006f61c6fd30348907495707,2026-08-30T10:08:45+00:00,5010.0,116,177,81,13.205,9.0,33
fit:11ba0ac28d468bdc19c88c55a8774bab8f7f966b006f61c6fd30348907495707,2026-08-30T10:08:46+00:00,5011.0,195,177,88,13.026,9.0,33
fit:11ba0ac28d468bdc19c88c55a8774bab8f7f966b006f61c6fd30348907495707,2026-08-30T10:08:47+00:00,5012.0,283,177,88,12.85,9.0,33
fit:11ba0ac28d468bdc19c88c55a8774bab8f7f966b006f61c6fd30348907495707,2026-08-30T10:08:48+00:00,5013.0,450,176,88,12.699,8.0,33
fit:11ba0ac28d468bdc19c88c55a8774bab8f7f966b006f61c6fd30348907495707,2026-08-30T10:08:49+00:00,5014.0,542,176,89,12.591,8.0,33
fit:11ba0ac28d468bdc19c88c55a8774bab8f7f966b006f61c6fd30348907495707,2026-08-30T10:08:50+00:00,5015.0,450,176,91,12.627,8.0,33
fit:11ba0ac28d468bdc19c88c55a8774bab8f7f966b006f61c6fd30348907495707,2026-08-30T10:08:51+00:00,5016.0,164,177,92,12.807,8.0,33
fit:11ba0ac28d468bdc19c88c55a8774bab8f7f966b006f61c6fd30348907495707,2026-08-30T10:08:52+00:00,5017.0,164,177,92,13.053,8.0,33
fit:11ba0ac28d468bdc19c88c55a8774bab8f7f966b006f61c6fd30348907495707,2026-08-30T10:08:53+00:00,5018.0,194,178,92,13.009,8.0,33
fit:11ba0ac28d468bdc19c88c55a8774bab8f7f966b006f61c6fd30348907495707,2026-08-30T10:08:54+00:00,5019.0,194,178,92,12.866,8.0,33
fit:11ba0ac28d468bdc19c88c55a8774bab8f7f966b006f61c6fd30348907495707,2026-08-30T10:08:55+00:00,5020.0,338,179,92,13.05,7.800000000000011,33
fit:11ba0ac28d468bdc19c88c55a8774bab8f7f966b006f61c6fd30348907495707,2026-08-30T10:08:56+00:00,5021.0,361,179,93,13.094,7.800000000000011,33
fit:11ba0ac28d468bdc19c88c55a8774bab8f7f966b006f61c6fd30348907495707,2026-08-30T10:08:57+00:00,5022.0,122,179,94,13.163,7.800000000000011,33
fit:11ba0ac28d468bdc19c88c55a8774bab8f7f966b006f61c6fd30348907495707,2026-08-30T10:08:58+00:00,5023.0,122,179,93,13.415,7.800000000000011,33
fit:11ba0ac28d468bdc19c88c55a8774bab8f7f966b006f61c6fd30348907495707,2026-08-30T10:08:59+00:00,5024.0,29,180,58,13.39,7.800000000000011,33
fit:11ba0ac28d468bdc19c88c55a8774bab8f7f966b006f61c6fd30348907495707,2026-08-30T10:09:00+00:00,5025.0,30,180,32,13.168,7.800000000000011,33
fit:11ba0ac28d468bdc19c88c55a8774bab8f7f966b006f61c6fd30348907495707,2026-08-30T10:09:01+00:00,5026.0,330,180,89,12.903,7.800000000000011,33
fit:11ba0ac28d468bdc19c88c55a8774bab8f7f966b006f61c6fd30348907495707,2026-08-30T10:09:02+00:00,5027.0,331,180,90,12.808,7.800000000000011,33
fit:11ba0ac28d468bdc19c88c55a8774bab8f7f966b006f61c6fd30348907495707,2026-08-30T10:09:03+00:00,5028.0,12,180,64,12.851,7.800000000000011,33
fit:11ba0ac28d468bdc19c88c55a8774bab8f7f966b006f61c6fd30348907495707,2026-08-30T10:09:04+00:00,5029.0,83,180,64,12.999,7.800000000000011,33
fit:11ba0ac28d468bdc19c88c55a8774bab8f7f966b006f61c6fd30348907495707,2026-08-30T10:09:05+00:00,5030.0,211,179,74,12.885,8.800000000000011,33
fit:11ba0ac28d468bdc19c88c55a8774bab8f7f966b006f61c6fd30348907495707,2026-08-30T10:09:06+00:00,5031.0,173,180,88,12.735,8.800000000000011,33
fit:11ba0ac28d468bdc19c88c55a8774bab8f7f966b006f61c6fd30348907495707,2026-08-30T10:09:07+00:00,5032.0,76,180,88,12.764,8.800000000000011,33
fit:11ba0ac28d468bdc19c88c55a8774bab8f7f966b006f61c6fd30348907495707,2026-08-30T10:09:08+00:00,5033.0,58,180,87,12.751,8.600000000000023,33
fit:11ba0ac28d468bdc19c88c55a8774bab8f7f966b006f61c6fd30348907495707,2026-08-30T10:09:09+00:00,5034.0,58,180,80,12.592,8.600000000000023,33
fit:11ba0ac28d468bdc19c88c55a8774bab8f7f966b006f61c6fd30348907495707,2026-08-30T10:09:10+00:00,5035.0,58,181,80,12.471,8.600000000000023,33
fit:11ba0ac28d468bdc19c88c55a8774bab8f7f966b006f61c6fd30348907495707,2026-08-30T10:09:11+00:00,5036.0,58,180,80,12.283,8.600000000000023,33
fit:11ba0ac28d468bdc19c88c55a8774bab8f7f966b006f61c6fd30348907495707,2026-08-30T10:09:12+00:00,5037.0,58,180,80,12.052,7.600000000000023,33
fit:11ba0ac28d468bdc19c88c55a8774bab8f7f966b006f61c6fd30348907495707,2026-08-30T10:09:13+00:00,5038.0,11,180,0,12.223,7.600000000000023,33
fit:11ba0ac28d468bdc19c88c55a8774bab8f7f966b006f61c6fd30348907495707,2026-08-30T10:09:14+00:00,5039.0,11,180,0,11.756,7.600000000000023,33
fit:11ba0ac28d468bdc19c88c55a8774bab8f7f966b006f61c6fd30348907495707,2026-08-30T10:09:15+00:00,5040.0,11,180,0,11.52,8.199999999999989,33
fit:11ba0ac28d468bdc19c88c55a8774bab8f7f966b006f61c6fd30348907495707,2026-08-30T10:09:16+00:00,5041.0,64,179,0,11.025,8.199999999999989,33
fit:11ba0ac28d468bdc19c88c55a8774bab8f7f966b006f61c6fd30348907495707,2026-08-30T10:09:17+00:00,5042.0,64,179,72,10.541,8.199999999999989,33
fit:11ba0ac28d468bdc19c88c55a8774bab8f7f966b006f61c6fd30348907495707,2026-08-30T10:09:18+00:00,5043.0,64,178,72,10.215,8.199999999999989,33
fit:11ba0ac28d468bdc19c88c55a8774bab8f7f966b006f61c6fd30348907495707,2026-08-30T10:09:19+00:00,5044.0,14,177,72,9.882,8.800000000000011,33
fit:11ba0ac28d468bdc19c88c55a8774bab8f7f966b006f61c6fd30348907495707,2026-08-30T10:09:20+00:00,5045.0,14,175,0,9.656,8.800000000000011,33
fit:11ba0ac28d468bdc19c88c55a8774bab8f7f966b006f61c6fd30348907495707,2026-08-30T10:09:21+00:00,5046.0,529,174,0,9.112,8.800000000000011,33
fit:11ba0ac28d468bdc19c88c55a8774bab8f7f966b006f61c6fd30348907495707,2026-08-30T10:09:22+00:00,5047.0,589,173,73,8.838,8.199999999999989,33
fit:11ba0ac28d468bdc19c88c55a8774bab8f7f966b006f61c6fd30348907495707,2026-08-30T10:09:23+00:00,5048.0,493,172,80,9.457,7.199999999999989,33
fit:11ba0ac28d468bdc19c88c55a8774bab8f7f966b006f61c6fd30348907495707,2026-08-30T10:09:24+00:00,5049.0,493,172,82,9.994,7.199999999999989,33
fit:11ba0ac28d468bdc19c88c55a8774bab8f7f966b006f61c6fd30348907495707,2026-08-30T10:09:25+00:00,5050.0,458,171,85,10.643,7.199999999999989,33
fit:11ba0ac28d468bdc19c88c55a8774bab8f7f966b006f61c6fd30348907495707,2026-08-30T10:09:26+00:00,5051.0,416,171,92,11.452,8.0,33
fit:11ba0ac28d468bdc19c88c55a8774bab8f7f966b006f61c6fd30348907495707,2026-08-30T10:09:27+00:00,5052.0,455,171,93,12.192,8.0,33
fit:11ba0ac28d468bdc19c88c55a8774bab8f7f966b006f61c6fd30348907495707,2026-08-30T10:09:28+00:00,5053.0,248,171,94,12.671,8.0,33
fit:11ba0ac28d468bdc19c88c55a8774bab8f7f966b006f61c6fd30348907495707,2026-08-30T10:09:29+00:00,5054.0,199,171,94,12.922,7.0,33
fit:11ba0ac28d468bdc19c88c55a8774bab8f7f966b006f61c6fd30348907495707,2026-08-30T10:09:30+00:00,5055.0,86,171,94,13.164,6.0,33
fit:11ba0ac28d468bdc19c88c55a8774bab8f7f966b006f61c6fd30348907495707,2026-08-30T10:09:31+00:00,5056.0,117,171,93,13.174,5.0,33
fit:11ba0ac28d468bdc19c88c55a8774bab8f7f966b006f61c6fd30348907495707,2026-08-30T10:09:32+00:00,5057.0,196,172,92,13.09,5.0,33
fit:11ba0ac28d468bdc19c88c55a8774bab8f7f966b006f61c6fd30348907495707,2026-08-30T10:09:33+00:00,5058.0,65,172,92,13.329,5.0,33
fit:11ba0ac28d468bdc19c88c55a8774bab8f7f966b006f61c6fd30348907495707,2026-08-30T10:09:34+00:00,5059.0,65,172,91,13.226,6.0,33
fit:11ba0ac28d468bdc19c88c55a8774bab8f7f966b006f61c6fd30348907495707,2026-08-30T10:09:35+00:00,5060.0,65,173,90,13.081,6.0,33
fit:11ba0ac28d468bdc19c88c55a8774bab8f7f966b006f61c6fd30348907495707,2026-08-30T10:09:36+00:00,5061.0,162,174,90,12.892,6.0,33
fit:11ba0ac28d468bdc19c88c55a8774bab8f7f966b006f61c6fd30348907495707,2026-08-30T10:09:37+00:00,5062.0,162,175,41,12.59,6.0,33
fit:11ba0ac28d468bdc19c88c55a8774bab8f7f966b006f61c6fd30348907495707,2026-08-30T10:09:38+00:00,5063.0,259,175,41,12.507,6.0,33
fit:11ba0ac28d468bdc19c88c55a8774bab8f7f966b006f61c6fd30348907495707,2026-08-30T10:09:39+00:00,5064.0,96,176,89,12.516,5.199999999999989,33
fit:11ba0ac28d468bdc19c88c55a8774bab8f7f966b006f61c6fd30348907495707,2026-08-30T10:09:40+00:00,5065.0,82,176,88,12.473,5.199999999999989,33
fit:11ba0ac28d468bdc19c88c55a8774bab8f7f966b006f61c6fd30348907495707,2026-08-30T10:09:41+00:00,5066.0,83,177,75,12.522,5.199999999999989,33
fit:11ba0ac28d468bdc19c88c55a8774bab8f7f966b006f61c6fd30348907495707,2026-08-30T10:09:42+00:00,5067.0,46,177,77,12.419,6.199999999999989,33
fit:11ba0ac28d468bdc19c88c55a8774bab8f7f966b006f61c6fd30348907495707,2026-08-30T10:09:43+00:00,5068.0,87,178,77,12.276,6.199999999999989,33
fit:11ba0ac28d468bdc19c88c55a8774bab8f7f966b006f61c6fd30348907495707,2026-08-30T10:09:44+00:00,5069.0,254,178,82,12.109,6.199999999999989,33
fit:11ba0ac28d468bdc19c88c55a8774bab8f7f966b006f61c6fd30348907495707,2026-08-30T10:09:45+00:00,5070.0,263,178,82,11.968,5.399999999999977,33
fit:11ba0ac28d468bdc19c88c55a8774bab8f7f966b006f61c6fd30348907495707,2026-08-30T10:09:46+00:00,5071.0,57,178,82,11.867,5.399999999999977,33
fit:11ba0ac28d468bdc19c88c55a8774bab8f7f966b006f61c6fd30348907495707,2026-08-30T10:09:47+00:00,5072.0,57,178,82,11.824,5.399999999999977,33
fit:11ba0ac28d468bdc19c88c55a8774bab8f7f966b006f61c6fd30348907495707,2026-08-30T10:09:48+00:00,5073.0,57,178,57,11.727,6.399999999999977,33
fit:11ba0ac28d468bdc19c88c55a8774bab8f7f966b006f61c6fd30348907495707,2026-08-30T10:09:49+00:00,5074.0,57,178,57,11.568,6.399999999999977,33
fit:11ba0ac28d468bdc19c88c55a8774bab8f7f966b006f61c6fd30348907495707,2026-08-30T10:09:50+00:00,5075.0,258,178,60,11.352,6.399999999999977,33
fit:11ba0ac28d468bdc19c88c55a8774bab8f7f966b006f61c6fd30348907495707,2026-08-30T10:09:51+00:00,5076.0,259,177,81,11.071,5.800000000000011,33
fit:11ba0ac28d468bdc19c88c55a8774bab8f7f966b006f61c6fd30348907495707,2026-08-30T10:09:52+00:00,5077.0,195,177,82,10.993,5.399999999999977,33
fit:11ba0ac28d468bdc19c88c55a8774bab8f7f966b006f61c6fd30348907495707,2026-08-30T10:09:53+00:00,5078.0,246,176,82,10.916,5.399999999999977,33
fit:11ba0ac28d468bdc19c88c55a8774bab8f7f966b006f61c6fd30348907495707,2026-08-30T10:09:54+00:00,5079.0,322,175,82,10.969,5.399999999999977,33
fit:11ba0ac28d468bdc19c88c55a8774bab8f7f966b006f61c6fd30348907495707,2026-08-30T10:09:55+00:00,5080.0,329,175,82,10.936,5.399999999999977,33
fit:11ba0ac28d468bdc19c88c55a8774bab8f7f966b006f61c6fd30348907495707,2026-08-30T10:09:56+00:00,5081.0,289,174,83,11.03,5.800000000000011,33
fit:11ba0ac28d468bdc19c88c55a8774bab8f7f966b006f61c6fd30348907495707,2026-08-30T10:09:57+00:00,5082.0,232,174,84,11.051,5.800000000000011,33
fit:11ba0ac28d468bdc19c88c55a8774bab8f7f966b006f61c6fd30348907495707,2026-08-30T10:09:58+00:00,5083.0,234,174,84,11.08,5.800000000000011,33
fit:11ba0ac28d468bdc19c88c55a8774bab8f7f966b006f61c6fd30348907495707,2026-08-30T10:09:59+00:00,5084.0,305,174,84,11.202,5.800000000000011,33
fit:11ba0ac28d468bdc19c88c55a8774bab8f7f966b006f61c6fd30348907495707,2026-08-30T10:10:00+00:00,5085.0,327,174,85,11.297,5.800000000000011,33
fit:11ba0ac28d468bdc19c88c55a8774bab8f7f966b006f61c6fd30348907495707,2026-08-30T10:10:01+00:00,5086.0,350,174,87,11.419,5.800000000000011,33
fit:11ba0ac28d468bdc19c88c55a8774bab8f7f966b006f61c6fd30348907495707,2026-08-30T10:10:02+00:00,5087.0,670,174,92,11.373,6.800000000000011,33
fit:11ba0ac28d468bdc19c88c55a8774bab8f7f966b006f61c6fd30348907495707,2026-08-30T10:10:03+00:00,5088.0,180,174,92,11.577,6.800000000000011,33
fit:11ba0ac28d468bdc19c88c55a8774bab8f7f966b006f61c6fd30348907495707,2026-08-30T10:10:04+00:00,5089.0,129,174,94,11.942,6.800000000000011,33
fit:11ba0ac28d468bdc19c88c55a8774bab8f7f966b006f61c6fd30348907495707,2026-08-30T10:10:05+00:00,5090.0,129,174,94,12.229,6.199999999999989,33
fit:11ba0ac28d468bdc19c88c55a8774bab8f7f966b006f61c6fd30348907495707,2026-08-30T10:10:06+00:00,5091.0,129,174,94,12.357,6.0,33
fit:11ba0ac28d468bdc19c88c55a8774bab8f7f966b006f61c6fd30348907495707,2026-08-30T10:10:07+00:00,5092.0,129,174,94,12.355,6.0,33
fit:11ba0ac28d468bdc19c88c55a8774bab8f7f966b006f61c6fd30348907495707,2026-08-30T10:10:08+00:00,5093.0,129,175,94,12.223,6.0,33
fit:11ba0ac28d468bdc19c88c55a8774bab8f7f966b006f61c6fd30348907495707,2026-08-30T10:10:09+00:00,5094.0,123,175,57,12.056,6.0,33
fit:11ba0ac28d468bdc19c88c55a8774bab8f7f966b006f61c6fd30348907495707,2026-08-30T10:10:10+00:00,5095.0,111,175,55,11.842,6.0,33
fit:11ba0ac28d468bdc19c88c55a8774bab8f7f966b006f61c6fd30348907495707,2026-08-30T10:10:11+00:00,5096.0,101,176,52,11.703,6.0,33
fit:11ba0ac28d468bdc19c88c55a8774bab8f7f966b006f61c6fd30348907495707,2026-08-30T10:10:12+00:00,5097.0,91,176,49,11.527,5.399999999999977,33
fit:11ba0ac28d468bdc19c88c55a8774bab8f7f966b006f61c6fd30348907495707,2026-08-30T10:10:13+00:00,5098.0,0,176,47,11.338,5.399999999999977,33
fit:11ba0ac28d468bdc19c88c55a8774bab8f7f966b006f61c6fd30348907495707,2026-08-30T10:10:14+00:00,5099.0,0,176,0,11.117,5.399999999999977,33
fit:11ba0ac28d468bdc19c88c55a8774bab8f7f966b006f61c6fd30348907495707,2026-08-30T10:10:15+00:00,5100.0,326,176,0,10.841,5.399999999999977,33
fit:11ba0ac28d468bdc19c88c55a8774bab8f7f966b006f61c6fd30348907495707,2026-08-30T10:10:16+00:00,5101.0,483,176,85,10.54,5.399999999999977,33
fit:11ba0ac28d468bdc19c88c55a8774bab8f7f966b006f61c6fd30348907495707,2026-08-30T10:10:17+00:00,5102.0,483,176,85,10.441,6.0,33
fit:11ba0ac28d468bdc19c88c55a8774bab8f7f966b006f61c6fd30348907495707,2026-08-30T10:10:18+00:00,5103.0,361,175,85,10.448,6.0,33
fit:11ba0ac28d468bdc19c88c55a8774bab8f7f966b006f61c6fd30348907495707,2026-08-30T10:10:19+00:00,5104.0,649,175,90,10.524,6.0,33
fit:11ba0ac28d468bdc19c88c55a8774bab8f7f966b006f61c6fd30348907495707,2026-08-30T10:10:20+00:00,5105.0,46,175,96,10.989,6.0,33
fit:11ba0ac28d468bdc19c88c55a8774bab8f7f966b006f61c6fd30348907495707,2026-08-30T10:10:21+00:00,5106.0,46,175,79,11.479,6.0,33
fit:11ba0ac28d468bdc19c88c55a8774bab8f7f966b006f61c6fd30348907495707,2026-08-30T10:10:22+00:00,5107.0,46,175,79,11.911,6.0,33
fit:11ba0ac28d468bdc19c88c55a8774bab8f7f966b006f61c6fd30348907495707,2026-08-30T10:10:23+00:00,5108.0,46,175,79,11.864,6.0,33
fit:11ba0ac28d468bdc19c88c55a8774bab8f7f966b006f61c6fd30348907495707,2026-08-30T10:10:24+00:00,5109.0,46,175,79,11.783,7.0,33
fit:11ba0ac28d468bdc19c88c55a8774bab8f7f966b006f61c6fd30348907495707,2026-08-30T10:10:25+00:00,5110.0,46,175,79,11.719,7.0,33
fit:11ba0ac28d468bdc19c88c55a8774bab8f7f966b006f61c6fd30348907495707,2026-08-30T10:10:26+00:00,5111.0,46,175,79,11.52,7.0,33
fit:11ba0ac28d468bdc19c88c55a8774bab8f7f966b006f61c6fd30348907495707,2026-08-30T10:10:27+00:00,5112.0,46,175,0,11.36,6.199999999999989,33
fit:11ba0ac28d468bdc19c88c55a8774bab8f7f966b006f61c6fd30348907495707,2026-08-30T10:10:28+00:00,5113.0,46,176,0,11.231,6.199999999999989,33
fit:11ba0ac28d468bdc19c88c55a8774bab8f7f966b006f61c6fd30348907495707,2026-08-30T10:10:29+00:00,5114.0,5,176,0,11.089,6.199999999999989,33
fit:11ba0ac28d468bdc19c88c55a8774bab8f7f966b006f61c6fd30348907495707,2026-08-30T10:10:30+00:00,5115.0,289,175,0,10.952,6.199999999999989,33
fit:11ba0ac28d468bdc19c88c55a8774bab8f7f966b006f61c6fd30348907495707,2026-08-30T10:10:31+00:00,5116.0,172,175,87,10.849,6.199999999999989,33
fit:11ba0ac28d468bdc19c88c55a8774bab8f7f966b006f61c6fd30348907495707,2026-08-30T10:10:32+00:00,5117.0,273,175,88,10.865,6.199999999999989,33
fit:11ba0ac28d468bdc19c88c55a8774bab8f7f966b006f61c6fd30348907495707,2026-08-30T10:10:33+00:00,5118.0,425,174,90,10.876,6.199999999999989,33
fit:11ba0ac28d468bdc19c88c55a8774bab8f7f966b006f61c6fd30348907495707,2026-08-30T10:10:34+00:00,5119.0,416,174,91,10.947,6.199999999999989,33
fit:11ba0ac28d468bdc19c88c55a8774bab8f7f966b006f61c6fd30348907495707,2026-08-30T10:10:35+00:00,5120.0,628,173,94,11.084,6.199999999999989,33
fit:11ba0ac28d468bdc19c88c55a8774bab8f7f966b006f61c6fd30348907495707,2026-08-30T10:10:36+00:00,5121.0,358,173,98,11.291,6.199999999999989,33
fit:11ba0ac28d468bdc19c88c55a8774bab8f7f966b006f61c6fd30348907495707,2026-08-30T10:10:37+00:00,5122.0,358,172,99,11.535,6.199999999999989,33
fit:11ba0ac28d468bdc19c88c55a8774bab8f7f966b006f61c6fd30348907495707,2026-08-30T10:10:38+00:00,5123.0,321,172,99,11.947,6.199999999999989,33
fit:11ba0ac28d468bdc19c88c55a8774bab8f7f966b006f61c6fd30348907495707,2026-08-30T10:10:39+00:00,5124.0,513,172,100,12.17,6.199999999999989,33
fit:11ba0ac28d468bdc19c88c55a8774bab8f7f966b006f61c6fd30348907495707,2026-08-30T10:10:40+00:00,5125.0,513,172,101,12.323,6.199999999999989,33
fit:11ba0ac28d468bdc19c88c55a8774bab8f7f966b006f61c6fd30348907495707,2026-08-30T10:10:41+00:00,5126.0,433,171,103,12.582,6.199999999999989,33
fit:11ba0ac28d468bdc19c88c55a8774bab8f7f966b006f61c6fd30348907495707,2026-08-30T10:10:42+00:00,5127.0,556,171,107,12.698,6.199999999999989,33
fit:11ba0ac28d468bdc19c88c55a8774bab8f7f966b006f61c6fd30348907495707,2026-08-30T10:10:43+00:00,5128.0,472,171,110,13.038,6.199999999999989,33
fit:11ba0ac28d468bdc19c88c55a8774bab8f7f966b006f61c6fd30348907495707,2026-08-30T10:10:44+00:00,5129.0,285,171,111,13.26,6.199999999999989,33
fit:11ba0ac28d468bdc19c88c55a8774bab8f7f966b006f61c6fd30348907495707,2026-08-30T10:10:45+00:00,5130.0,235,172,113,13.513,6.199999999999989,33
fit:11ba0ac28d468bdc19c88c55a8774bab8f7f966b006f61c6fd30348907495707,2026-08-30T10:10:46+00:00,5131.0,422,172,112,13.797,6.199999999999989,33
fit:11ba0ac28d468bdc19c88c55a8774bab8f7f966b006f61c6fd30348907495707,2026-08-30T10:10:47+00:00,5132.0,422,173,113,13.865,6.199999999999989,33
fit:11ba0ac28d468bdc19c88c55a8774bab8f7f966b006f61c6fd30348907495707,2026-08-30T10:10:48+00:00,5133.0,106,174,113,13.885,5.199999999999989,33
fit:11ba0ac28d468bdc19c88c55a8774bab8f7f966b006f61c6fd30348907495707,2026-08-30T10:10:49+00:00,5134.0,253,175,109,13.892,5.199999999999989,33
fit:11ba0ac28d468bdc19c88c55a8774bab8f7f966b006f61c6fd30348907495707,2026-08-30T10:10:50+00:00,5135.0,59,176,111,13.919,5.199999999999989,33
fit:11ba0ac28d468bdc19c88c55a8774bab8f7f966b006f61c6fd30348907495707,2026-08-30T10:10:51+00:00,5136.0,59,176,100,13.852,6.199999999999989,33
fit:11ba0ac28d468bdc19c88c55a8774bab8f7f966b006f61c6fd30348907495707,2026-08-30T10:10:52+00:00,5137.0,59,177,100,13.781,6.199999999999989,33
fit:11ba0ac28d468bdc19c88c55a8774bab8f7f966b006f61c6fd30348907495707,2026-08-30T10:10:53+00:00,5138.0,59,177,61,13.563,6.199999999999989,33
fit:11ba0ac28d468bdc19c88c55a8774bab8f7f966b006f61c6fd30348907495707,2026-08-30T10:10:54+00:00,5139.0,59,177,61,13.265,6.199999999999989,33
fit:11ba0ac28d468bdc19c88c55a8774bab8f7f966b006f61c6fd30348907495707,2026-08-30T10:10:55+00:00,5140.0,56,177,61,12.734,6.199999999999989,33
fit:11ba0ac28d468bdc19c88c55a8774bab8f7f966b006f61c6fd30348907495707,2026-08-30T10:10:56+00:00,5141.0,51,178,59,12.365,6.199999999999989,33
fit:11ba0ac28d468bdc19c88c55a8774bab8f7f966b006f61c6fd30348907495707,2026-08-30T10:10:57+00:00,5142.0,0,178,0,12.064,6.199999999999989,33
fit:11ba0ac28d468bdc19c88c55a8774bab8f7f966b006f61c6fd30348907495707,2026-08-30T10:10:58+00:00,5143.0,0,179,0,11.903,6.199999999999989,33
fit:11ba0ac28d468bdc19c88c55a8774bab8f7f966b006f61c6fd30348907495707,2026-08-30T10:10:59+00:00,5144.0,0,179,0,11.619,6.199999999999989,33
fit:11ba0ac28d468bdc19c88c55a8774bab8f7f966b006f61c6fd30348907495707,2026-08-30T10:11:00+00:00,5145.0,0,179,0,11.491,6.199999999999989,33
fit:11ba0ac28d468bdc19c88c55a8774bab8f7f966b006f61c6fd30348907495707,2026-08-30T10:11:01+00:00,5146.0,0,179,0,11.382,6.199999999999989,33
fit:11ba0ac28d468bdc19c88c55a8774bab8f7f966b006f61c6fd30348907495707,2026-08-30T10:11:02+00:00,5147.0,0,178,0,11.16,6.199999999999989,33
fit:11ba0ac28d468bdc19c88c55a8774bab8f7f966b006f61c6fd30348907495707,2026-08-30T10:11:03+00:00,5148.0,0,178,54,11.035,6.199999999999989,33
fit:11ba0ac28d468bdc19c88c55a8774bab8f7f966b006f61c6fd30348907495707,2026-08-30T10:11:04+00:00,5149.0,0,177,51,10.754,6.199999999999989,33
fit:11ba0ac28d468bdc19c88c55a8774bab8f7f966b006f61c6fd30348907495707,2026-08-30T10:11:05+00:00,5150.0,10,177,59,10.523,6.199999999999989,33
fit:11ba0ac28d468bdc19c88c55a8774bab8f7f966b006f61c6fd30348907495707,2026-08-30T10:11:06+00:00,5151.0,204,177,75,10.317,6.199999999999989,33
fit:11ba0ac28d468bdc19c88c55a8774bab8f7f966b006f61c6fd30348907495707,2026-08-30T10:11:07+00:00,5152.0,237,175,76,10.278,6.199999999999989,33
fit:11ba0ac28d468bdc19c88c55a8774bab8f7f966b006f61c6fd30348907495707,2026-08-30T10:11:08+00:00,5153.0,300,175,76,10.272,7.0,33
fit:11ba0ac28d468bdc19c88c55a8774bab8f7f966b006f61c6fd30348907495707,2026-08-30T10:11:09+00:00,5154.0,293,176,79,10.399,8.0,33
fit:11ba0ac28d468bdc19c88c55a8774bab8f7f966b006f61c6fd30348907495707,2026-08-30T10:11:10+00:00,5155.0,197,176,80,10.537,8.199999999999989,33
fit:11ba0ac28d468bdc19c88c55a8774bab8f7f966b006f61c6fd30348907495707,2026-08-30T10:11:11+00:00,5156.0,99,175,81,10.594,8.199999999999989,33
fit:11ba0ac28d468bdc19c88c55a8774bab8f7f966b006f61c6fd30348907495707,2026-08-30T10:11:12+00:00,5157.0,128,175,81,10.779,8.199999999999989,33
fit:11ba0ac28d468bdc19c88c55a8774bab8f7f966b006f61c6fd30348907495707,2026-08-30T10:11:13+00:00,5158.0,45,174,81,10.789,7.199999999999989,33
fit:11ba0ac28d468bdc19c88c55a8774bab8f7f966b006f61c6fd30348907495707,2026-08-30T10:11:14+00:00,5159.0,214,174,80,10.756,7.0,33
fit:11ba0ac28d468bdc19c88c55a8774bab8f7f966b006f61c6fd30348907495707,2026-08-30T10:11:15+00:00,5160.0,217,173,81,10.735,7.0,33
fit:11ba0ac28d468bdc19c88c55a8774bab8f7f966b006f61c6fd30348907495707,2026-08-30T10:11:16+00:00,5161.0,217,173,83,10.844,7.0,33
fit:11ba0ac28d468bdc19c88c55a8774bab8f7f966b006f61c6fd30348907495707,2026-08-30T10:11:17+00:00,5162.0,134,172,83,11.042,7.0,33
fit:11ba0ac28d468bdc19c88c55a8774bab8f7f966b006f61c6fd30348907495707,2026-08-30T10:11:18+00:00,5163.0,191,171,83,11.154,7.0,33
fit:11ba0ac28d468bdc19c88c55a8774bab8f7f966b006f61c6fd30348907495707,2026-08-30T10:11:19+00:00,5164.0,155,171,84,11.166,7.0,33
fit:11ba0ac28d468bdc19c88c55a8774bab8f7f966b006f61c6fd30348907495707,2026-08-30T10:11:20+00:00,5165.0,147,170,84,11.275,7.199999999999989,33
fit:11ba0ac28d468bdc19c88c55a8774bab8f7f966b006f61c6fd30348907495707,2026-08-30T10:11:21+00:00,5166.0,146,170,84,11.297,7.199999999999989,33
fit:11ba0ac28d468bdc19c88c55a8774bab8f7f966b006f61c6fd30348907495707,2026-08-30T10:11:22+00:00,5167.0,169,169,84,11.278,7.199999999999989,33
fit:11ba0ac28d468bdc19c88c55a8774bab8f7f966b006f61c6fd30348907495707,2026-08-30T10:11:23+00:00,5168.0,282,168,84,11.304,7.199999999999989,33
fit:11ba0ac28d468bdc19c88c55a8774bab8f7f966b006f61c6fd30348907495707,2026-08-30T10:11:24+00:00,5169.0,299,168,84,11.234,7.199999999999989,33
fit:11ba0ac28d468bdc19c88c55a8774bab8f7f966b006f61c6fd30348907495707,2026-08-30T10:11:25+00:00,5170.0,532,167,85,11.213,7.199999999999989,33
fit:11ba0ac28d468bdc19c88c55a8774bab8f7f966b006f61c6fd30348907495707,2026-08-30T10:11:26+00:00,5171.0,532,167,87,11.355,7.0,33
fit:11ba0ac28d468bdc19c88c55a8774bab8f7f966b006f61c6fd30348907495707,2026-08-30T10:11:27+00:00,5172.0,296,167,91,11.722,7.0,33
fit:11ba0ac28d468bdc19c88c55a8774bab8f7f966b006f61c6fd30348907495707,2026-08-30T10:11:28+00:00,5173.0,240,167,92,11.883,7.0,33
fit:11ba0ac28d468bdc19c88c55a8774bab8f7f966b006f61c6fd30348907495707,2026-08-30T10:11:29+00:00,5174.0,336,167,92,12.134,7.0,33
fit:11ba0ac28d468bdc19c88c55a8774bab8f7f966b006f61c6fd30348907495707,2026-08-30T10:11:30+00:00,5175.0,374,167,91,12.177,6.0,33
fit:11ba0ac28d468bdc19c88c55a8774bab8f7f966b006f61c6fd30348907495707,2026-08-30T10:11:31+00:00,5176.0,341,167,92,12.199,6.0,33
fit:11ba0ac28d468bdc19c88c55a8774bab8f7f966b006f61c6fd30348907495707,2026-08-30T10:11:32+00:00,5177.0,339,168,93,12.114,6.0,33
fit:11ba0ac28d468bdc19c88c55a8774bab8f7f966b006f61c6fd30348907495707,2026-08-30T10:11:33+00:00,5178.0,339,168,93,12.117,7.0,33
fit:11ba0ac28d468bdc19c88c55a8774bab8f7f966b006f61c6fd30348907495707,2026-08-30T10:11:34+00:00,5179.0,339,169,93,12.175,7.0,33
fit:11ba0ac28d468bdc19c88c55a8774bab8f7f966b006f61c6fd30348907495707,2026-08-30T10:11:35+00:00,5180.0,332.33333333333331,169,,12.311,7.0,33
fit:11ba0ac28d468bdc19c88c55a8774bab8f7f966b006f61c6fd30348907495707,2026-08-30T10:11:36+00:00,5181.0,325.66666666666669,170,,12.371,7.0,33
fit:11ba0ac28d468bdc19c88c55a8774bab8f7f966b006f61c6fd30348907495707,2026-08-30T10:11:37+00:00,5182.0,319,171,93,12.302,7.0,33
fit:11ba0ac28d468bdc19c88c55a8774bab8f7f966b006f61c6fd30348907495707,2026-08-30T10:11:38+00:00,5183.0,289,171,88,12.126,7.0,33
fit:11ba0ac28d468bdc19c88c55a8774bab8f7f966b006f61c6fd30348907495707,2026-08-30T10:11:39+00:00,5184.0,261,173,84,11.966,7.0,33
fit:11ba0ac28d468bdc19c88c55a8774bab8f7f966b006f61c6fd30348907495707,2026-08-30T10:11:40+00:00,5185.0,62,173,79,11.824,8.0,33
fit:11ba0ac28d468bdc19c88c55a8774bab8f7f966b006f61c6fd30348907495707,2026-08-30T10:11:41+00:00,5186.0,147,173,75,11.479,8.0,33
fit:11ba0ac28d468bdc19c88c55a8774bab8f7f966b006f61c6fd30348907495707,2026-08-30T10:11:42+00:00,5187.0,226,173,81,11.319,8.0,33
fit:11ba0ac28d468bdc19c88c55a8774bab8f7f966b006f61c6fd30348907495707,2026-08-30T10:11:43+00:00,5188.0,350,173,82,11.094,8.0,33
fit:11ba0ac28d468bdc19c88c55a8774bab8f7f966b006f61c6fd30348907495707,2026-08-30T10:11:44+00:00,5189.0,330,173,82,11.024,8.0,33
fit:11ba0ac28d468bdc19c88c55a8774bab8f7f966b006f61c6fd30348907495707,2026-08-30T10:11:45+00:00,5190.0,231,173,83,11.061,7.199999999999989,33
fit:11ba0ac28d468bdc19c88c55a8774bab8f7f966b006f61c6fd30348907495707,2026-08-30T10:11:46+00:00,5191.0,176,173,85,11.058,7.199999999999989,33
fit:11ba0ac28d468bdc19c88c55a8774bab8f7f966b006f61c6fd30348907495707,2026-08-30T10:11:47+00:00,5192.0,162,172,86,11.169,7.199999999999989,33
fit:11ba0ac28d468bdc19c88c55a8774bab8f7f966b006f61c6fd30348907495707,2026-08-30T10:11:48+00:00,5193.0,162,172,86,11.249,7.800000000000011,33
fit:11ba0ac28d468bdc19c88c55a8774bab8f7f966b006f61c6fd30348907495707,2026-08-30T10:11:49+00:00,5194.0,110,171,86,11.314,7.800000000000011,33
fit:11ba0ac28d468bdc19c88c55a8774bab8f7f966b006f61c6fd30348907495707,2026-08-30T10:11:50+00:00,5195.0,110,171,86,11.352,7.800000000000011,33
fit:11ba0ac28d468bdc19c88c55a8774bab8f7f966b006f61c6fd30348907495707,2026-08-30T10:11:51+00:00,5196.0,110,171,31,11.325,7.800000000000011,33
fit:11ba0ac28d468bdc19c88c55a8774bab8f7f966b006f61c6fd30348907495707,2026-08-30T10:11:52+00:00,5197.0,110,170,31,11.134,7.800000000000011,33
fit:11ba0ac28d468bdc19c88c55a8774bab8f7f966b006f61c6fd30348907495707,2026-08-30T10:11:53+00:00,5198.0,110,170,31,10.957,8.399999999999977,33
fit:11ba0ac28d468bdc19c88c55a8774bab8f7f966b006f61c6fd30348907495707,2026-08-30T10:11:54+00:00,5199.0,99,170,30,10.559,8.399999999999977,33
fit:11ba0ac28d468bdc19c88c55a8774bab8f7f966b006f61c6fd30348907495707,2026-08-30T10:11:55+00:00,5200.0,91,170,29,10.21,8.399999999999977,33
fit:11ba0ac28d468bdc19c88c55a8774bab8f7f966b006f61c6fd30348907495707,2026-08-30T10:11:56+00:00,5201.0,0,169,27,9.866,7.399999999999977,33
fit:11ba0ac28d468bdc19c88c55a8774bab8f7f966b006f61c6fd30348907495707,2026-08-30T10:11:57+00:00,5202.0,0,169,0,9.342,7.399999999999977,33
fit:11ba0ac28d468bdc19c88c55a8774bab8f7f966b006f61c6fd30348907495707,2026-08-30T10:11:58+00:00,5203.0,0,169,0,8.921,7.399999999999977,33
fit:11ba0ac28d468bdc19c88c55a8774bab8f7f966b006f61c6fd30348907495707,2026-08-30T10:11:59+00:00,5204.0,0,168,63,8.437,7.800000000000011,33
fit:11ba0ac28d468bdc19c88c55a8774bab8f7f966b006f61c6fd30348907495707,2026-08-30T10:12:00+00:00,5205.0,0,168,82,8.292,8.0,33
fit:11ba0ac28d468bdc19c88c55a8774bab8f7f966b006f61c6fd30348907495707,2026-08-30T10:12:01+00:00,5206.0,0,168,82,8.458,8.0,33
fit:11ba0ac28d468bdc19c88c55a8774bab8f7f966b006f61c6fd30348907495707,2026-08-30T10:12:02+00:00,5207.0,123.5,167,,8.907,8.0,33
fit:11ba0ac28d468bdc19c88c55a8774bab8f7f966b006f61c6fd30348907495707,2026-08-30T10:12:03+00:00,5208.0,247,167,,9.39,7.0,33
fit:11ba0ac28d468bdc19c88c55a8774bab8f7f966b006f61c6fd30348907495707,2026-08-30T10:12:04+00:00,5209.0,370.5,167,,10.041,7.0,33
fit:11ba0ac28d468bdc19c88c55a8774bab8f7f966b006f61c6fd30348907495707,2026-08-30T10:12:05+00:00,5210.0,494,167,,10.396,7.0,33
fit:11ba0ac28d468bdc19c88c55a8774bab8f7f966b006f61c6fd30348907495707,2026-08-30T10:12:06+00:00,5211.0,446,167,,10.749,7.0,33
fit:11ba0ac28d468bdc19c88c55a8774bab8f7f966b006f61c6fd30348907495707,2026-08-30T10:12:07+00:00,5212.0,403,167,,10.962,7.0,33
fit:11ba0ac28d468bdc19c88c55a8774bab8f7f966b006f61c6fd30348907495707,2026-08-30T10:12:08+00:00,5213.0,357,168,,11.155,7.0,33
fit:11ba0ac28d468bdc19c88c55a8774bab8f7f966b006f61c6fd30348907495707,2026-08-30T10:12:09+00:00,5214.0,330,168,67,11.369,7.0,33
fit:11ba0ac28d468bdc19c88c55a8774bab8f7f966b006f61c6fd30348907495707,2026-08-30T10:12:10+00:00,5215.0,298,169,63,11.454,7.0,33
fit:11ba0ac28d468bdc19c88c55a8774bab8f7f966b006f61c6fd30348907495707,2026-08-30T10:12:11+00:00,5216.0,0,169,60,11.472,7.0,33
fit:11ba0ac28d468bdc19c88c55a8774bab8f7f966b006f61c6fd30348907495707,2026-08-30T10:12:12+00:00,5217.0,0,170,0,11.409,7.0,33
fit:11ba0ac28d468bdc19c88c55a8774bab8f7f966b006f61c6fd30348907495707,2026-08-30T10:12:13+00:00,5218.0,165,170,0,11.105,7.800000000000011,33
fit:11ba0ac28d468bdc19c88c55a8774bab8f7f966b006f61c6fd30348907495707,2026-08-30T10:12:14+00:00,5219.0,561,170,93,10.917,8.800000000000011,33
fit:11ba0ac28d468bdc19c88c55a8774bab8f7f966b006f61c6fd30348907495707,2026-08-30T10:12:15+00:00,5220.0,450,170,97,11.165,8.800000000000011,33
fit:11ba0ac28d468bdc19c88c55a8774bab8f7f966b006f61c6fd30348907495707,2026-08-30T10:12:16+00:00,5221.0,172,171,99,11.737,8.800000000000011,33
fit:11ba0ac28d468bdc19c88c55a8774bab8f7f966b006f61c6fd30348907495707,2026-08-30T10:12:17+00:00,5222.0,218,171,99,11.999,8.600000000000023,33
fit:11ba0ac28d468bdc19c88c55a8774bab8f7f966b006f61c6fd30348907495707,2026-08-30T10:12:18+00:00,5223.0,111,171,99,12.154,7.600000000000023,33
fit:11ba0ac28d468bdc19c88c55a8774bab8f7f966b006f61c6fd30348907495707,2026-08-30T10:12:19+00:00,5224.0,124,172,91,12.289,6.600000000000023,33
fit:11ba0ac28d468bdc19c88c55a8774bab8f7f966b006f61c6fd30348907495707,2026-08-30T10:12:20+00:00,5225.0,105,172,91,12.254,6.600000000000023,33
fit:11ba0ac28d468bdc19c88c55a8774bab8f7f966b006f61c6fd30348907495707,2026-08-30T10:12:21+00:00,5226.0,87,172,91,12.255,6.600000000000023,33
fit:11ba0ac28d468bdc19c88c55a8774bab8f7f966b006f61c6fd30348907495707,2026-08-30T10:12:22+00:00,5227.0,11,173,91,12.241,7.600000000000023,33
fit:11ba0ac28d468bdc19c88c55a8774bab8f7f966b006f61c6fd30348907495707,2026-08-30T10:12:23+00:00,5228.0,67,173,75,12.117,7.600000000000023,33
fit:11ba0ac28d468bdc19c88c55a8774bab8f7f966b006f61c6fd30348907495707,2026-08-30T10:12:24+00:00,5229.0,68,173,89,12.034,7.600000000000023,33
fit:11ba0ac28d468bdc19c88c55a8774bab8f7f966b006f61c6fd30348907495707,2026-08-30T10:12:25+00:00,5230.0,110,173,88,11.954,6.600000000000023,33
fit:11ba0ac28d468bdc19c88c55a8774bab8f7f966b006f61c6fd30348907495707,2026-08-30T10:12:26+00:00,5231.0,115,173,87,11.92,6.600000000000023,33
fit:11ba0ac28d468bdc19c88c55a8774bab8f7f966b006f61c6fd30348907495707,2026-08-30T10:12:27+00:00,5232.0,186,173,87,11.779,6.600000000000023,33
fit:11ba0ac28d468bdc19c88c55a8774bab8f7f966b006f61c6fd30348907495707,2026-08-30T10:12:28+00:00,5233.0,178,173,87,11.645,6.600000000000023,33
fit:11ba0ac28d468bdc19c88c55a8774bab8f7f966b006f61c6fd30348907495707,2026-08-30T10:12:29+00:00,5234.0,232,173,86,11.663,6.399999999999977,33
fit:11ba0ac28d468bdc19c88c55a8774bab8f7f966b006f61c6fd30348907495707,2026-08-30T10:12:30+00:00,5235.0,475,173,87,11.55,6.399999999999977,33
fit:11ba0ac28d468bdc19c88c55a8774bab8f7f966b006f61c6fd30348907495707,2026-08-30T10:12:31+00:00,5236.0,671,172,91,11.58,6.399999999999977,33
fit:11ba0ac28d468bdc19c88c55a8774bab8f7f966b006f61c6fd30348907495707,2026-08-30T10:12:32+00:00,5237.0,637,172,91,11.678,6.399999999999977,33
fit:11ba0ac28d468bdc19c88c55a8774bab8f7f966b006f61c6fd30348907495707,2026-08-30T10:12:33+00:00,5238.0,637,172,95,11.926,6.399999999999977,33
fit:11ba0ac28d468bdc19c88c55a8774bab8f7f966b006f61c6fd30348907495707,2026-08-30T10:12:34+00:00,5239.0,659,172,99,12.278,6.399999999999977,33
fit:11ba0ac28d468bdc19c88c55a8774bab8f7f966b006f61c6fd30348907495707,2026-08-30T10:12:35+00:00,5240.0,507,172,102,12.825,6.399999999999977,33
fit:11ba0ac28d468bdc19c88c55a8774bab8f7f966b006f61c6fd30348907495707,2026-08-30T10:12:36+00:00,5241.0,432,173,103,13.093,6.399999999999977,33
fit:11ba0ac28d468bdc19c88c55a8774bab8f7f966b006f61c6fd30348907495707,2026-08-30T10:12:37+00:00,5242.0,483,174,104,13.473,5.600000000000023,33
fit:11ba0ac28d468bdc19c88c55a8774bab8f7f966b006f61c6fd30348907495707,2026-08-30T10:12:38+00:00,5243.0,418,174,105,13.654,5.600000000000023,33
fit:11ba0ac28d468bdc19c88c55a8774bab8f7f966b006f61c6fd30348907495707,2026-08-30T10:12:39+00:00,5244.0,452,175,106,13.823,5.600000000000023,33
fit:11ba0ac28d468bdc19c88c55a8774bab8f7f966b006f61c6fd30348907495707,2026-08-30T10:12:40+00:00,5245.0,293,176,107,13.918,6.600000000000023,33
fit:11ba0ac28d468bdc19c88c55a8774bab8f7f966b006f61c6fd30348907495707,2026-08-30T10:12:41+00:00,5246.0,210,177,107,14.111,7.199999999999989,33
fit:11ba0ac28d468bdc19c88c55a8774bab8f7f966b006f61c6fd30348907495707,2026-08-30T10:12:42+00:00,5247.0,253,177,106,14.103,7.199999999999989,33
fit:11ba0ac28d468bdc19c88c55a8774bab8f7f966b006f61c6fd30348907495707,2026-08-30T10:12:43+00:00,5248.0,92,179,107,14.179,7.199999999999989,33
fit:11ba0ac28d468bdc19c88c55a8774bab8f7f966b006f61c6fd30348907495707,2026-08-30T10:12:44+00:00,5249.0,20,180,90,14.166,7.199999999999989,33
fit:11ba0ac28d468bdc19c88c55a8774bab8f7f966b006f61c6fd30348907495707,2026-08-30T10:12:45+00:00,5250.0,97,181,79,14.186,7.199999999999989,33
fit:11ba0ac28d468bdc19c88c55a8774bab8f7f966b006f61c6fd30348907495707,2026-08-30T10:12:46+00:00,5251.0,86,182,102,14.062,7.199999999999989,33
fit:11ba0ac28d468bdc19c88c55a8774bab8f7f966b006f61c6fd30348907495707,2026-08-30T10:12:47+00:00,5252.0,86,182,101,13.903,7.199999999999989,33
fit:11ba0ac28d468bdc19c88c55a8774bab8f7f966b006f61c6fd30348907495707,2026-08-30T10:12:48+00:00,5253.0,86,183,75,13.675,7.199999999999989,33
fit:11ba0ac28d468bdc19c88c55a8774bab8f7f966b006f61c6fd30348907495707,2026-08-30T10:12:49+00:00,5254.0,86,183,75,13.485,7.199999999999989,33
fit:11ba0ac28d468bdc19c88c55a8774bab8f7f966b006f61c6fd30348907495707,2026-08-30T10:12:50+00:00,5255.0,86,184,56,13.32,7.199999999999989,33
fit:11ba0ac28d468bdc19c88c55a8774bab8f7f966b006f61c6fd30348907495707,2026-08-30T10:12:51+00:00,5256.0,86,184,56,13.162,7.199999999999989,33
fit:11ba0ac28d468bdc19c88c55a8774bab8f7f966b006f61c6fd30348907495707,2026-08-30T10:12:52+00:00,5257.0,80,184,56,12.907,7.199999999999989,33
fit:11ba0ac28d468bdc19c88c55a8774bab8f7f966b006f61c6fd30348907495707,2026-08-30T10:12:53+00:00,5258.0,0,184,53,12.654,7.199999999999989,33
fit:11ba0ac28d468bdc19c88c55a8774bab8f7f966b006f61c6fd30348907495707,2026-08-30T10:12:54+00:00,5259.0,0,184,0,12.384,7.199999999999989,33
fit:11ba0ac28d468bdc19c88c55a8774bab8f7f966b006f61c6fd30348907495707,2026-08-30T10:12:55+00:00,5260.0,0,184,0,12.064,6.399999999999977,33
fit:11ba0ac28d468bdc19c88c55a8774bab8f7f966b006f61c6fd30348907495707,2026-08-30T10:12:56+00:00,5261.0,0,184,0,11.805,6.399999999999977,33
fit:11ba0ac28d468bdc19c88c55a8774bab8f7f966b006f61c6fd30348907495707,2026-08-30T10:12:57+00:00,5262.0,12,184,0,11.557,6.0,33
fit:11ba0ac28d468bdc19c88c55a8774bab8f7f966b006f61c6fd30348907495707,2026-08-30T10:12:58+00:00,5263.0,27,184,75,11.257,5.800000000000011,33
fit:11ba0ac28d468bdc19c88c55a8774bab8f7f966b006f61c6fd30348907495707,2026-08-30T10:12:59+00:00,5264.0,27,183,75,10.992,5.800000000000011,33
fit:11ba0ac28d468bdc19c88c55a8774bab8f7f966b006f61c6fd30348907495707,2026-08-30T10:13:00+00:00,5265.0,27,183,75,10.703,5.800000000000011,33
fit:11ba0ac28d468bdc19c88c55a8774bab8f7f966b006f61c6fd30348907495707,2026-08-30T10:13:01+00:00,5266.0,24,182,67,10.418,6.600000000000023,33
fit:11ba0ac28d468bdc19c88c55a8774bab8f7f966b006f61c6fd30348907495707,2026-08-30T10:13:02+00:00,5267.0,22,181,63,10.161,7.199999999999989,33
fit:11ba0ac28d468bdc19c88c55a8774bab8f7f966b006f61c6fd30348907495707,2026-08-30T10:13:03+00:00,5268.0,20,180,60,9.869,7.199999999999989,33
fit:11ba0ac28d468bdc19c88c55a8774bab8f7f966b006f61c6fd30348907495707,2026-08-30T10:13:04+00:00,5269.0,18,180,57,9.495,7.199999999999989,33
fit:11ba0ac28d468bdc19c88c55a8774bab8f7f966b006f61c6fd30348907495707,2026-08-30T10:13:05+00:00,5270.0,16,180,54,9.056,7.199999999999989,33
fit:11ba0ac28d468bdc19c88c55a8774bab8f7f966b006f61c6fd30348907495707,2026-08-30T10:13:06+00:00,5271.0,571,179,52,8.608,7.199999999999989,33
fit:11ba0ac28d468bdc19c88c55a8774bab8f7f966b006f61c6fd30348907495707,2026-08-30T10:13:07+00:00,5272.0,577,179,70,8.301,7.199999999999989,33
fit:11ba0ac28d468bdc19c88c55a8774bab8f7f966b006f61c6fd30348907495707,2026-08-30T10:13:08+00:00,5273.0,524,178,73,8.508,7.800000000000011,33
fit:11ba0ac28d468bdc19c88c55a8774bab8f7f966b006f61c6fd30348907495707,2026-08-30T10:13:09+00:00,5274.0,512,178,80,8.918,7.800000000000011,33
fit:11ba0ac28d468bdc19c88c55a8774bab8f7f966b006f61c6fd30348907495707,2026-08-30T10:13:10+00:00,5275.0,436,177,82,9.536,7.800000000000011,33
fit:11ba0ac28d468bdc19c88c55a8774bab8f7f966b006f61c6fd30348907495707,2026-08-30T10:13:11+00:00,5276.0,360,175,85,9.952,6.800000000000011,33
fit:11ba0ac28d468bdc19c88c55a8774bab8f7f966b006f61c6fd30348907495707,2026-08-30T10:13:12+00:00,5277.0,265,175,85,10.181,6.800000000000011,33
fit:11ba0ac28d468bdc19c88c55a8774bab8f7f966b006f61c6fd30348907495707,2026-08-30T10:13:13+00:00,5278.0,281,175,87,10.495,6.800000000000011,33
fit:11ba0ac28d468bdc19c88c55a8774bab8f7f966b006f61c6fd30348907495707,2026-08-30T10:13:14+00:00,5279.0,503,174,88,10.626,6.800000000000011,33
fit:11ba0ac28d468bdc19c88c55a8774bab8f7f966b006f61c6fd30348907495707,2026-08-30T10:13:15+00:00,5280.0,503,174,89,10.771,5.800000000000011,33
fit:11ba0ac28d468bdc19c88c55a8774bab8f7f966b006f61c6fd30348907495707,2026-08-30T10:13:16+00:00,5281.0,328,173,93,11.037,5.800000000000011,33
fit:11ba0ac28d468bdc19c88c55a8774bab8f7f966b006f61c6fd30348907495707,2026-08-30T10:13:17+00:00,5282.0,467,173,94,11.341,5.800000000000011,33
fit:11ba0ac28d468bdc19c88c55a8774bab8f7f966b006f61c6fd30348907495707,2026-08-30T10:13:18+00:00,5283.0,311,173,96,11.49,6.800000000000011,33
fit:11ba0ac28d468bdc19c88c55a8774bab8f7f966b006f61c6fd30348907495707,2026-08-30T10:13:19+00:00,5284.0,327,174,97,11.694,6.800000000000011,33
fit:11ba0ac28d468bdc19c88c55a8774bab8f7f966b006f61c6fd30348907495707,2026-08-30T10:13:20+00:00,5285.0,155,174,100,11.891,6.800000000000011,33
fit:11ba0ac28d468bdc19c88c55a8774bab8f7f966b006f61c6fd30348907495707,2026-08-30T10:13:21+00:00,5286.0,205,175,100,12.221,6.199999999999989,33
fit:11ba0ac28d468bdc19c88c55a8774bab8f7f966b006f61c6fd30348907495707,2026-08-30T10:13:22+00:00,5287.0,448,176,100,12.268,6.199999999999989,33
fit:11ba0ac28d468bdc19c88c55a8774bab8f7f966b006f61c6fd30348907495707,2026-08-30T10:13:23+00:00,5288.0,299,176,102,12.282,5.800000000000011,33
fit:11ba0ac28d468bdc19c88c55a8774bab8f7f966b006f61c6fd30348907495707,2026-08-30T10:13:24+00:00,5289.0,394,177,103,12.573,5.800000000000011,33
fit:11ba0ac28d468bdc19c88c55a8774bab8f7f966b006f61c6fd30348907495707,2026-08-30T10:13:25+00:00,5290.0,394,178,105,12.618,5.800000000000011,33
fit:11ba0ac28d468bdc19c88c55a8774bab8f7f966b006f61c6fd30348907495707,2026-08-30T10:13:26+00:00,5291.0,124,179,106,12.903,6.800000000000011,33
fit:11ba0ac28d468bdc19c88c55a8774bab8f7f966b006f61c6fd30348907495707,2026-08-30T10:13:27+00:00,5292.0,124,179,106,12.933,7.199999999999989,33
fit:11ba0ac28d468bdc19c88c55a8774bab8f7f966b006f61c6fd30348907495707,2026-08-30T10:13:28+00:00,5293.0,13,180,74,13.152,7.199999999999989,33
fit:11ba0ac28d468bdc19c88c55a8774bab8f7f966b006f61c6fd30348907495707,2026-08-30T10:13:29+00:00,5294.0,13,180,54,13.039,7.199999999999989,33
fit:11ba0ac28d468bdc19c88c55a8774bab8f7f966b006f61c6fd30348907495707,2026-08-30T10:13:30+00:00,5295.0,13,180,54,12.92,7.199999999999989,33
fit:11ba0ac28d468bdc19c88c55a8774bab8f7f966b006f61c6fd30348907495707,2026-08-30T10:13:31+00:00,5296.0,13,181,54,12.712,7.199999999999989,33
fit:11ba0ac28d468bdc19c88c55a8774bab8f7f966b006f61c6fd30348907495707,2026-08-30T10:13:32+00:00,5297.0,13,181,54,12.651,6.800000000000011,33
fit:11ba0ac28d468bdc19c88c55a8774bab8f7f966b006f61c6fd30348907495707,2026-08-30T10:13:33+00:00,5298.0,0,181,54,12.436,6.399999999999977,33
fit:11ba0ac28d468bdc19c88c55a8774bab8f7f966b006f61c6fd30348907495707,2026-08-30T10:13:34+00:00,5299.0,0,181,0,12.26,6.399999999999977,33
fit:11ba0ac28d468bdc19c88c55a8774bab8f7f966b006f61c6fd30348907495707,2026-08-30T10:13:35+00:00,5300.0,0,182,0,12.031,6.399999999999977,33
fit:11ba0ac28d468bdc19c88c55a8774bab8f7f966b006f61c6fd30348907495707,2026-08-30T10:13:36+00:00,5301.0,0,181,0,11.855,7.399999999999977,33
fit:11ba0ac28d468bdc19c88c55a8774bab8f7f966b006f61c6fd30348907495707,2026-08-30T10:13:37+00:00,5302.0,62,181,0,11.621,7.399999999999977,33
fit:11ba0ac28d468bdc19c88c55a8774bab8f7f966b006f61c6fd30348907495707,2026-08-30T10:13:38+00:00,5303.0,260,181,90,11.439,7.399999999999977,33
fit:11ba0ac28d468bdc19c88c55a8774bab8f7f966b006f61c6fd30348907495707,2026-08-30T10:13:39+00:00,5304.0,350,181,89,11.237,7.399999999999977,33
fit:11ba0ac28d468bdc19c88c55a8774bab8f7f966b006f61c6fd30348907495707,2026-08-30T10:13:40+00:00,5305.0,417,179,91,11.208,6.600000000000023,33
fit:11ba0ac28d468bdc19c88c55a8774bab8f7f966b006f61c6fd30348907495707,2026-08-30T10:13:41+00:00,5306.0,140,179,92,11.263,6.600000000000023,33
fit:11ba0ac28d468bdc19c88c55a8774bab8f7f966b006f61c6fd30348907495707,2026-08-30T10:13:42+00:00,5307.0,29,179,93,11.363,6.600000000000023,33
fit:11ba0ac28d468bdc19c88c55a8774bab8f7f966b006f61c6fd30348907495707,2026-08-30T10:13:43+00:00,5308.0,142,181,92,11.376,7.600000000000023,33
fit:11ba0ac28d468bdc19c88c55a8774bab8f7f966b006f61c6fd30348907495707,2026-08-30T10:13:44+00:00,5309.0,475,181,93,11.44,7.600000000000023,33
fit:11ba0ac28d468bdc19c88c55a8774bab8f7f966b006f61c6fd30348907495707,2026-08-30T10:13:45+00:00,5310.0,494,180,95,11.42,7.600000000000023,33
fit:11ba0ac28d468bdc19c88c55a8774bab8f7f966b006f61c6fd30348907495707,2026-08-30T10:13:46+00:00,5311.0,222,180,95,11.735,6.600000000000023,33
fit:11ba0ac28d468bdc19c88c55a8774bab8f7f966b006f61c6fd30348907495707,2026-08-30T10:13:47+00:00,5312.0,182,180,97,11.851,6.600000000000023,33
fit:11ba0ac28d468bdc19c88c55a8774bab8f7f966b006f61c6fd30348907495707,2026-08-30T10:13:48+00:00,5313.0,238,179,96,11.768,6.199999999999989,33
fit:11ba0ac28d468bdc19c88c55a8774bab8f7f966b006f61c6fd30348907495707,2026-08-30T10:13:49+00:00,5314.0,81,179,97,11.853,6.199999999999989,33
fit:11ba0ac28d468bdc19c88c55a8774bab8f7f966b006f61c6fd30348907495707,2026-08-30T10:13:50+00:00,5315.0,81,179,97,12.022,6.199999999999989,33
fit:11ba0ac28d468bdc19c88c55a8774bab8f7f966b006f61c6fd30348907495707,2026-08-30T10:13:51+00:00,5316.0,81,179,97,12.089,6.199999999999989,33
fit:11ba0ac28d468bdc19c88c55a8774bab8f7f966b006f61c6fd30348907495707,2026-08-30T10:13:52+00:00,5317.0,17,179,38,11.833,5.399999999999977,33
fit:11ba0ac28d468bdc19c88c55a8774bab8f7f966b006f61c6fd30348907495707,2026-08-30T10:13:53+00:00,5318.0,17,179,91,11.784,5.399999999999977,33
fit:11ba0ac28d468bdc19c88c55a8774bab8f7f966b006f61c6fd30348907495707,2026-08-30T10:13:54+00:00,5319.0,17,178,91,11.324,5.399999999999977,33
fit:11ba0ac28d468bdc19c88c55a8774bab8f7f966b006f61c6fd30348907495707,2026-08-30T10:13:55+00:00,5320.0,18,178,91,10.269,5.399999999999977,33
fit:11ba0ac28d468bdc19c88c55a8774bab8f7f966b006f61c6fd30348907495707,2026-08-30T10:13:56+00:00,5321.0,819,177,0,9.283,6.399999999999977,33
fit:11ba0ac28d468bdc19c88c55a8774bab8f7f966b006f61c6fd30348907495707,2026-08-30T10:13:57+00:00,5322.0,865,176,84,8.934,7.0,33
fit:11ba0ac28d468bdc19c88c55a8774bab8f7f966b006f61c6fd30348907495707,2026-08-30T10:13:58+00:00,5323.0,913,176,94,9.149,7.0,33
fit:11ba0ac28d468bdc19c88c55a8774bab8f7f966b006f61c6fd30348907495707,2026-08-30T10:13:59+00:00,5324.0,914,176,103,9.738,7.0,33
fit:11ba0ac28d468bdc19c88c55a8774bab8f7f966b006f61c6fd30348907495707,2026-08-30T10:14:00+00:00,5325.0,842,176,103,10.402,6.0,33
fit:11ba0ac28d468bdc19c88c55a8774bab8f7f966b006f61c6fd30348907495707,2026-08-30T10:14:01+00:00,5326.0,675,176,112,11.08,6.0,33
fit:11ba0ac28d468bdc19c88c55a8774bab8f7f966b006f61c6fd30348907495707,2026-08-30T10:14:02+00:00,5327.0,265,176,112,11.653,6.0,33
fit:11ba0ac28d468bdc19c88c55a8774bab8f7f966b006f61c6fd30348907495707,2026-08-30T10:14:03+00:00,5328.0,487,177,61,12.182,6.0,33
fit:11ba0ac28d468bdc19c88c55a8774bab8f7f966b006f61c6fd30348907495707,2026-08-30T10:14:04+00:00,5329.0,315,178,114,12.275,6.0,33
fit:11ba0ac28d468bdc19c88c55a8774bab8f7f966b006f61c6fd30348907495707,2026-08-30T10:14:05+00:00,5330.0,315,179,106,12.27,6.0,33
fit:11ba0ac28d468bdc19c88c55a8774bab8f7f966b006f61c6fd30348907495707,2026-08-30T10:14:06+00:00,5331.0,196,180,106,12.353,6.0,33
fit:11ba0ac28d468bdc19c88c55a8774bab8f7f966b006f61c6fd30348907495707,2026-08-30T10:14:07+00:00,5332.0,138,180,100,12.44,7.0,33
fit:11ba0ac28d468bdc19c88c55a8774bab8f7f966b006f61c6fd30348907495707,2026-08-30T10:14:08+00:00,5333.0,252,182,99,12.5,7.399999999999977,33
fit:11ba0ac28d468bdc19c88c55a8774bab8f7f966b006f61c6fd30348907495707,2026-08-30T10:14:09+00:00,5334.0,152,183,99,12.428,7.399999999999977,33
fit:11ba0ac28d468bdc19c88c55a8774bab8f7f966b006f61c6fd30348907495707,2026-08-30T10:14:10+00:00,5335.0,138,183,98,12.362,7.399999999999977,33
fit:11ba0ac28d468bdc19c88c55a8774bab8f7f966b006f61c6fd30348907495707,2026-08-30T10:14:11+00:00,5336.0,197,183,98,12.289,6.399999999999977,33
fit:11ba0ac28d468bdc19c88c55a8774bab8f7f966b006f61c6fd30348907495707,2026-08-30T10:14:12+00:00,5337.0,299,184,97,12.22,6.399999999999977,33
fit:11ba0ac28d468bdc19c88c55a8774bab8f7f966b006f61c6fd30348907495707,2026-08-30T10:14:13+00:00,5338.0,298,185,97,12.113,6.399999999999977,33
fit:11ba0ac28d468bdc19c88c55a8774bab8f7f966b006f61c6fd30348907495707,2026-08-30T10:14:14+00:00,5339.0,412,185,97,12.095,6.399999999999977,33
fit:11ba0ac28d468bdc19c88c55a8774bab8f7f966b006f61c6fd30348907495707,2026-08-30T10:14:15+00:00,5340.0,459,186,98,12.101,6.399999999999977,33
fit:11ba0ac28d468bdc19c88c55a8774bab8f7f966b006f61c6fd30348907495707,2026-08-30T10:14:16+00:00,5341.0,412,186,100,12.097,6.399999999999977,33
fit:11ba0ac28d468bdc19c88c55a8774bab8f7f966b006f61c6fd30348907495707,2026-08-30T10:14:17+00:00,5342.0,351,186,103,12.031,6.399999999999977,33
fit:11ba0ac28d468bdc19c88c55a8774bab8f7f966b006f61c6fd30348907495707,2026-08-30T10:14:18+00:00,5343.0,233,186,104,12.473,6.399999999999977,33
fit:11ba0ac28d468bdc19c88c55a8774bab8f7f966b006f61c6fd30348907495707,2026-08-30T10:14:19+00:00,5344.0,436,188,103,12.547,6.800000000000011,33
fit:11ba0ac28d468bdc19c88c55a8774bab8f7f966b006f61c6fd30348907495707,2026-08-30T10:14:20+00:00,5345.0,423,188,105,12.739,7.800000000000011,33
fit:11ba0ac28d468bdc19c88c55a8774bab8f7f966b006f61c6fd30348907495707,2026-08-30T10:14:21+00:00,5346.0,148,189,105,12.716,7.800000000000011,33
fit:11ba0ac28d468bdc19c88c55a8774bab8f7f966b006f61c6fd30348907495707,2026-08-30T10:14:22+00:00,5347.0,120,189,105,13.021,7.800000000000011,33
fit:11ba0ac28d468bdc19c88c55a8774bab8f7f966b006f61c6fd30348907495707,2026-08-30T10:14:23+00:00,5348.0,37,190,104,12.935,7.800000000000011,33
fit:11ba0ac28d468bdc19c88c55a8774bab8f7f966b006f61c6fd30348907495707,2026-08-30T10:14:24+00:00,5349.0,111,191,97,12.974,7.800000000000011,33
fit:11ba0ac28d468bdc19c88c55a8774bab8f7f966b006f61c6fd30348907495707,2026-08-30T10:14:25+00:00,5350.0,50,191,101,12.935,7.800000000000011,33
fit:11ba0ac28d468bdc19c88c55a8774bab8f7f966b006f61c6fd30348907495707,2026-08-30T10:14:26+00:00,5351.0,77,191,95,12.827,7.800000000000011,33
fit:11ba0ac28d468bdc19c88c55a8774bab8f7f966b006f61c6fd30348907495707,2026-08-30T10:14:27+00:00,5352.0,77,192,95,12.688,7.800000000000011,33
fit:11ba0ac28d468bdc19c88c55a8774bab8f7f966b006f61c6fd30348907495707,2026-08-30T10:14:28+00:00,5353.0,314,192,34,12.469,7.800000000000011,33
fit:11ba0ac28d468bdc19c88c55a8774bab8f7f966b006f61c6fd30348907495707,2026-08-30T10:14:29+00:00,5354.0,523,191,97,12.314,7.800000000000011,33
fit:11ba0ac28d468bdc19c88c55a8774bab8f7f966b006f61c6fd30348907495707,2026-08-30T10:14:30+00:00,5355.0,443,192,98,12.164,7.800000000000011,33
fit:11ba0ac28d468bdc19c88c55a8774bab8f7f966b006f61c6fd30348907495707,2026-08-30T10:14:31+00:00,5356.0,270,192,99,12.072,6.800000000000011,33
fit:11ba0ac28d468bdc19c88c55a8774bab8f7f966b006f61c6fd30348907495707,2026-08-30T10:14:32+00:00,5357.0,151,192,100,12.105,6.800000000000011,33
fit:11ba0ac28d468bdc19c88c55a8774bab8f7f966b006f61c6fd30348907495707,2026-08-30T10:14:33+00:00,5358.0,168,192,99,12.302,6.800000000000011,33
fit:11ba0ac28d468bdc19c88c55a8774bab8f7f966b006f61c6fd30348907495707,2026-08-30T10:14:34+00:00,5359.0,38,192,98,12.286,6.800000000000011,33
fit:11ba0ac28d468bdc19c88c55a8774bab8f7f966b006f61c6fd30348907495707,2026-08-30T10:14:35+00:00,5360.0,9,192,82,12.207,6.800000000000011,33
fit:11ba0ac28d468bdc19c88c55a8774bab8f7f966b006f61c6fd30348907495707,2026-08-30T10:14:36+00:00,5361.0,56,192,87,12.152,6.800000000000011,33
fit:11ba0ac28d468bdc19c88c55a8774bab8f7f966b006f61c6fd30348907495707,2026-08-30T10:14:37+00:00,5362.0,183,192,94,11.953,6.800000000000011,33
fit:11ba0ac28d468bdc19c88c55a8774bab8f7f966b006f61c6fd30348907495707,2026-08-30T10:14:38+00:00,5363.0,120,191,94,11.892,6.800000000000011,33
fit:11ba0ac28d468bdc19c88c55a8774bab8f7f966b006f61c6fd30348907495707,2026-08-30T10:14:39+00:00,5364.0,120,191,93,11.903,6.800000000000011,33
fit:11ba0ac28d468bdc19c88c55a8774bab8f7f966b006f61c6fd30348907495707,2026-08-30T10:14:40+00:00,5365.0,185,191,93,11.801,7.800000000000011,33
fit:11ba0ac28d468bdc19c88c55a8774bab8f7f966b006f61c6fd30348907495707,2026-08-30T10:14:41+00:00,5366.0,243,189,92,11.78,7.800000000000011,33
fit:11ba0ac28d468bdc19c88c55a8774bab8f7f966b006f61c6fd30348907495707,2026-08-30T10:14:42+00:00,5367.0,482,191,93,11.729,7.800000000000011,33
fit:11ba0ac28d468bdc19c88c55a8774bab8f7f966b006f61c6fd30348907495707,2026-08-30T10:14:43+00:00,5368.0,335,188,94,11.599,6.800000000000011,33
fit:11ba0ac28d468bdc19c88c55a8774bab8f7f966b006f61c6fd30348907495707,2026-08-30T10:14:44+00:00,5369.0,91,190,94,11.564,6.800000000000011,33
fit:11ba0ac28d468bdc19c88c55a8774bab8f7f966b006f61c6fd30348907495707,2026-08-30T10:14:45+00:00,5370.0,91,190,87,11.686,6.800000000000011,33
fit:11ba0ac28d468bdc19c88c55a8774bab8f7f966b006f61c6fd30348907495707,2026-08-30T10:14:46+00:00,5371.0,227,190,93,11.622,7.800000000000011,33
fit:11ba0ac28d468bdc19c88c55a8774bab8f7f966b006f61c6fd30348907495707,2026-08-30T10:14:47+00:00,5372.0,275,189,86,11.655,7.800000000000011,33
fit:11ba0ac28d468bdc19c88c55a8774bab8f7f966b006f61c6fd30348907495707,2026-08-30T10:14:48+00:00,5373.0,95,189,86,11.666,7.800000000000011,33
fit:11ba0ac28d468bdc19c88c55a8774bab8f7f966b006f61c6fd30348907495707,2026-08-30T10:14:49+00:00,5374.0,95,188,86,11.454,7.800000000000011,33
fit:11ba0ac28d468bdc19c88c55a8774bab8f7f966b006f61c6fd30348907495707,2026-08-30T10:14:50+00:00,5375.0,5,188,21,11.323,7.800000000000011,33
fit:11ba0ac28d468bdc19c88c55a8774bab8f7f966b006f61c6fd30348907495707,2026-08-30T10:14:51+00:00,5376.0,29,188,96,11.105,7.800000000000011,33
fit:11ba0ac28d468bdc19c88c55a8774bab8f7f966b006f61c6fd30348907495707,2026-08-30T10:14:52+00:00,5377.0,161,187,108,10.956,7.800000000000011,33
fit:11ba0ac28d468bdc19c88c55a8774bab8f7f966b006f61c6fd30348907495707,2026-08-30T10:14:53+00:00,5378.0,185,187,107,10.791,8.399999999999977,33
fit:11ba0ac28d468bdc19c88c55a8774bab8f7f966b006f61c6fd30348907495707,2026-08-30T10:14:54+00:00,5379.0,326,187,107,10.67,8.800000000000011,33
fit:11ba0ac28d468bdc19c88c55a8774bab8f7f966b006f61c6fd30348907495707,2026-08-30T10:14:55+00:00,5380.0,335,187,108,10.58,8.800000000000011,33
fit:11ba0ac28d468bdc19c88c55a8774bab8f7f966b006f61c6fd30348907495707,2026-08-30T10:14:56+00:00,5381.0,321,187,108,10.603,8.800000000000011,33
fit:11ba0ac28d468bdc19c88c55a8774bab8f7f966b006f61c6fd30348907495707,2026-08-30T10:14:57+00:00,5382.0,287,187,110,10.5,8.800000000000011,33
fit:11ba0ac28d468bdc19c88c55a8774bab8f7f966b006f61c6fd30348907495707,2026-08-30T10:14:58+00:00,5383.0,276,187,110,10.665,8.800000000000011,33
fit:11ba0ac28d468bdc19c88c55a8774bab8f7f966b006f61c6fd30348907495707,2026-08-30T10:14:59+00:00,5384.0,201,187,100,10.784,9.800000000000011,33
fit:11ba0ac28d468bdc19c88c55a8774bab8f7f966b006f61c6fd30348907495707,2026-08-30T10:15:00+00:00,5385.0,202,187,100,10.865,9.800000000000011,33
fit:11ba0ac28d468bdc19c88c55a8774bab8f7f966b006f61c6fd30348907495707,2026-08-30T10:15:01+00:00,5386.0,204,186,101,10.909,9.800000000000011,33
fit:11ba0ac28d468bdc19c88c55a8774bab8f7f966b006f61c6fd30348907495707,2026-08-30T10:15:02+00:00,5387.0,13,186,75,11.046,9.800000000000011,33
fit:11ba0ac28d468bdc19c88c55a8774bab8f7f966b006f61c6fd30348907495707,2026-08-30T10:15:03+00:00,5388.0,13,186,75,11.094,8.800000000000011,33
fit:11ba0ac28d468bdc19c88c55a8774bab8f7f966b006f61c6fd30348907495707,2026-08-30T10:15:04+00:00,5389.0,0,186,75,10.889,8.199999999999989,33
fit:11ba0ac28d468bdc19c88c55a8774bab8f7f966b006f61c6fd30348907495707,2026-08-30T10:15:05+00:00,5390.0,0,185,0,10.725,8.199999999999989,33
fit:11ba0ac28d468bdc19c88c55a8774bab8f7f966b006f61c6fd30348907495707,2026-08-30T10:15:06+00:00,5391.0,493,184,0,10.29,8.199999999999989,33
fit:11ba0ac28d468bdc19c88c55a8774bab8f7f966b006f61c6fd30348907495707,2026-08-30T10:15:07+00:00,5392.0,439,183,88,9.673,9.199999999999989,33
fit:11ba0ac28d468bdc19c88c55a8774bab8f7f966b006f61c6fd30348907495707,2026-08-30T10:15:08+00:00,5393.0,585,183,91,9.353,9.199999999999989,33
fit:11ba0ac28d468bdc19c88c55a8774bab8f7f966b006f61c6fd30348907495707,2026-08-30T10:15:09+00:00,5394.0,641,183,95,9.242,9.199999999999989,33
fit:11ba0ac28d468bdc19c88c55a8774bab8f7f966b006f61c6fd30348907495707,2026-08-30T10:15:10+00:00,5395.0,618,183,104,9.327,9.0,33
fit:11ba0ac28d468bdc19c88c55a8774bab8f7f966b006f61c6fd30348907495707,2026-08-30T10:15:11+00:00,5396.0,595,183,104,9.737,9.0,33
fit:11ba0ac28d468bdc19c88c55a8774bab8f7f966b006f61c6fd30348907495707,2026-08-30T10:15:12+00:00,5397.0,480,183,109,9.942,9.0,33
fit:11ba0ac28d468bdc19c88c55a8774bab8f7f966b006f61c6fd30348907495707,2026-08-30T10:15:13+00:00,5398.0,474,183,109,10.41,9.0,33
fit:11ba0ac28d468bdc19c88c55a8774bab8f7f966b006f61c6fd30348907495707,2026-08-30T10:15:14+00:00,5399.0,460,184,109,10.482,9.0,33
fit:11ba0ac28d468bdc19c88c55a8774bab8f7f966b006f61c6fd30348907495707,2026-08-30T10:15:15+00:00,5400.0,460,184,107,10.525,9.0,33
fit:11ba0ac28d468bdc19c88c55a8774bab8f7f966b006f61c6fd30348907495707,2026-08-30T10:15:16+00:00,5401.0,505,185,107,10.651,9.0,33
fit:11ba0ac28d468bdc19c88c55a8774bab8f7f966b006f61c6fd30348907495707,2026-08-30T10:15:17+00:00,5402.0,469,185,107,10.483,9.0,33
fit:11ba0ac28d468bdc19c88c55a8774bab8f7f966b006f61c6fd30348907495707,2026-08-30T10:15:18+00:00,5403.0,595,185,106,10.517,9.600000000000023,33
fit:11ba0ac28d468bdc19c88c55a8774bab8f7f966b006f61c6fd30348907495707,2026-08-30T10:15:19+00:00,5404.0,611,186,107,10.41,10.600000000000023,33
fit:11ba0ac28d468bdc19c88c55a8774bab8f7f966b006f61c6fd30348907495707,2026-08-30T10:15:20+00:00,5405.0,523,186,107,10.525,11.600000000000023,33
fit:11ba0ac28d468bdc19c88c55a8774bab8f7f966b006f61c6fd30348907495707,2026-08-30T10:15:21+00:00,5406.0,538,187,107,10.558,12.600000000000023,33
fit:11ba0ac28d468bdc19c88c55a8774bab8f7f966b006f61c6fd30348907495707,2026-08-30T10:15:22+00:00,5407.0,254,187,107,10.44,12.799999999999955,33
fit:11ba0ac28d468bdc19c88c55a8774bab8f7f966b006f61c6fd30348907495707,2026-08-30T10:15:23+00:00,5408.0,278,188,106,10.639,13.799999999999955,33
fit:11ba0ac28d468bdc19c88c55a8774bab8f7f966b006f61c6fd30348907495707,2026-08-30T10:15:24+00:00,5409.0,550,189,105,10.287,13.799999999999955,33
fit:11ba0ac28d468bdc19c88c55a8774bab8f7f966b006f61c6fd30348907495707,2026-08-30T10:15:25+00:00,5410.0,449,189,107,10.204,13.799999999999955,33
fit:11ba0ac28d468bdc19c88c55a8774bab8f7f966b006f61c6fd30348907495707,2026-08-30T10:15:26+00:00,5411.0,482,189,109,10.076,13.799999999999955,33
fit:11ba0ac28d468bdc19c88c55a8774bab8f7f966b006f61c6fd30348907495707,2026-08-30T10:15:27+00:00,5412.0,258,190,111,10.369,14.799999999999955,33
fit:11ba0ac28d468bdc19c88c55a8774bab8f7f966b006f61c6fd30348907495707,2026-08-30T10:15:28+00:00,5413.0,188,190,112,10.659,14.799999999999955,33
fit:11ba0ac28d468bdc19c88c55a8774bab8f7f966b006f61c6fd30348907495707,2026-08-30T10:15:29+00:00,5414.0,229,191,99,10.717,14.799999999999955,33
fit:11ba0ac28d468bdc19c88c55a8774bab8f7f966b006f61c6fd30348907495707,2026-08-30T10:15:30+00:00,5415.0,144,191,99,10.693,13.799999999999955,33
fit:11ba0ac28d468bdc19c88c55a8774bab8f7f966b006f61c6fd30348907495707,2026-08-30T10:15:31+00:00,5416.0,111,191,99,10.717,12.799999999999955,33
fit:11ba0ac28d468bdc19c88c55a8774bab8f7f966b006f61c6fd30348907495707,2026-08-30T10:15:32+00:00,5417.0,177,191,101,10.936,12.799999999999955,33
fit:11ba0ac28d468bdc19c88c55a8774bab8f7f966b006f61c6fd30348907495707,2026-08-30T10:15:33+00:00,5418.0,178,192,102,11.004,12.799999999999955,33
fit:11ba0ac28d468bdc19c88c55a8774bab8f7f966b006f61c6fd30348907495707,2026-08-30T10:15:34+00:00,5419.0,136,192,105,11.171,12.799999999999955,33
fit:11ba0ac28d468bdc19c88c55a8774bab8f7f966b006f61c6fd30348907495707,2026-08-30T10:15:35+00:00,5420.0,143,192,107,11.359,11.800000000000011,33
fit:11ba0ac28d468bdc19c88c55a8774bab8f7f966b006f61c6fd30348907495707,2026-08-30T10:15:36+00:00,5421.0,142,192,108,11.548,11.399999999999977,33
fit:11ba0ac28d468bdc19c88c55a8774bab8f7f966b006f61c6fd30348907495707,2026-08-30T10:15:37+00:00,5422.0,267,190,110,11.769,10.399999999999977,33
fit:11ba0ac28d468bdc19c88c55a8774bab8f7f966b006f61c6fd30348907495707,2026-08-30T10:15:38+00:00,5423.0,159,191,101,12.029,10.399999999999977,33
fit:11ba0ac28d468bdc19c88c55a8774bab8f7f966b006f61c6fd30348907495707,2026-08-30T10:15:39+00:00,5424.0,299,193,103,12.226,10.399999999999977,33
fit:11ba0ac28d468bdc19c88c55a8774bab8f7f966b006f61c6fd30348907495707,2026-08-30T10:15:40+00:00,5425.0,165,193,106,12.565,10.399999999999977,33
fit:11ba0ac28d468bdc19c88c55a8774bab8f7f966b006f61c6fd30348907495707,2026-08-30T10:15:41+00:00,5426.0,140,193,108,12.399,9.399999999999977,33
fit:11ba0ac28d468bdc19c88c55a8774bab8f7f966b006f61c6fd30348907495707,2026-08-30T10:15:42+00:00,5427.0,159,194,110,12.68,8.399999999999977,33
fit:11ba0ac28d468bdc19c88c55a8774bab8f7f966b006f61c6fd30348907495707,2026-08-30T10:15:43+00:00,5428.0,204,194,110,12.899,7.800000000000011,33
fit:11ba0ac28d468bdc19c88c55a8774bab8f7f966b006f61c6fd30348907495707,2026-08-30T10:15:44+00:00,5429.0,212,194,110,13.256,6.800000000000011,33
fit:11ba0ac28d468bdc19c88c55a8774bab8f7f966b006f61c6fd30348907495707,2026-08-30T10:15:45+00:00,5430.0,196,194,109,13.486,6.800000000000011,33
fit:11ba0ac28d468bdc19c88c55a8774bab8f7f966b006f61c6fd30348907495707,2026-08-30T10:15:46+00:00,5431.0,263,194,109,13.434,6.800000000000011,33
fit:11ba0ac28d468bdc19c88c55a8774bab8f7f966b006f61c6fd30348907495707,2026-08-30T10:15:47+00:00,5432.0,210,194,108,13.45,6.800000000000011,33
fit:11ba0ac28d468bdc19c88c55a8774bab8f7f966b006f61c6fd30348907495707,2026-08-30T10:15:48+00:00,5433.0,222,193,109,13.538,6.800000000000011,33
fit:11ba0ac28d468bdc19c88c55a8774bab8f7f966b006f61c6fd30348907495707,2026-08-30T10:15:49+00:00,5434.0,417,193,108,13.434,7.800000000000011,33
fit:11ba0ac28d468bdc19c88c55a8774bab8f7f966b006f61c6fd30348907495707,2026-08-30T10:15:50+00:00,5435.0,418,193,108,13.499,7.800000000000011,33
fit:11ba0ac28d468bdc19c88c55a8774bab8f7f966b006f61c6fd30348907495707,2026-08-30T10:15:51+00:00,5436.0,216,193,108,13.492,7.800000000000011,33
fit:11ba0ac28d468bdc19c88c55a8774bab8f7f966b006f61c6fd30348907495707,2026-08-30T10:15:52+00:00,5437.0,236,193,109,13.458,6.800000000000011,33
fit:11ba0ac28d468bdc19c88c55a8774bab8f7f966b006f61c6fd30348907495707,2026-08-30T10:15:53+00:00,5438.0,290,193,108,13.579,5.800000000000011,33
fit:11ba0ac28d468bdc19c88c55a8774bab8f7f966b006f61c6fd30348907495707,2026-08-30T10:15:54+00:00,5439.0,286,193,107,13.509,5.800000000000011,33
fit:11ba0ac28d468bdc19c88c55a8774bab8f7f966b006f61c6fd30348907495707,2026-08-30T10:15:55+00:00,5440.0,370,193,108,13.456,5.800000000000011,33
fit:11ba0ac28d468bdc19c88c55a8774bab8f7f966b006f61c6fd30348907495707,2026-08-30T10:15:56+00:00,5441.0,370,193,107,13.395,5.800000000000011,33
fit:11ba0ac28d468bdc19c88c55a8774bab8f7f966b006f61c6fd30348907495707,2026-08-30T10:15:57+00:00,5442.0,366,192,108,13.249,5.800000000000011,33
fit:11ba0ac28d468bdc19c88c55a8774bab8f7f966b006f61c6fd30348907495707,2026-08-30T10:15:58+00:00,5443.0,268,192,108,13.453,5.800000000000011,33
fit:11ba0ac28d468bdc19c88c55a8774bab8f7f966b006f61c6fd30348907495707,2026-08-30T10:15:59+00:00,5444.0,302,192,107,13.358,6.800000000000011,33
fit:11ba0ac28d468bdc19c88c55a8774bab8f7f966b006f61c6fd30348907495707,2026-08-30T10:16:00+00:00,5445.0,186,192,107,13.347,6.800000000000011,33
fit:11ba0ac28d468bdc19c88c55a8774bab8f7f966b006f61c6fd30348907495707,2026-08-30T10:16:01+00:00,5446.0,130,192,106,13.382,6.800000000000011,33
fit:11ba0ac28d468bdc19c88c55a8774bab8f7f966b006f61c6fd30348907495707,2026-08-30T10:16:02+00:00,5447.0,44,192,80,13.254,6.800000000000011,33
fit:11ba0ac28d468bdc19c88c55a8774bab8f7f966b006f61c6fd30348907495707,2026-08-30T10:16:03+00:00,5448.0,42,192,91,13.336,6.800000000000011,33
fit:11ba0ac28d468bdc19c88c55a8774bab8f7f966b006f61c6fd30348907495707,2026-08-30T10:16:04+00:00,5449.0,77,192,96,12.951,6.800000000000011,33
fit:11ba0ac28d468bdc19c88c55a8774bab8f7f966b006f61c6fd30348907495707,2026-08-30T10:16:05+00:00,5450.0,92,192,90,12.699,6.800000000000011,33
fit:11ba0ac28d468bdc19c88c55a8774bab8f7f966b006f61c6fd30348907495707,2026-08-30T10:16:06+00:00,5451.0,92,192,98,12.5,6.800000000000011,33
fit:11ba0ac28d468bdc19c88c55a8774bab8f7f966b006f61c6fd30348907495707,2026-08-30T10:16:07+00:00,5452.0,261,191,98,12.352,7.800000000000011,33
fit:11ba0ac28d468bdc19c88c55a8774bab8f7f966b006f61c6fd30348907495707,2026-08-30T10:16:08+00:00,5453.0,253,190,97,12.243,7.800000000000011,33
fit:11ba0ac28d468bdc19c88c55a8774bab8f7f966b006f61c6fd30348907495707,2026-08-30T10:16:09+00:00,5454.0,281,190,96,12.047,7.800000000000011,33
fit:11ba0ac28d468bdc19c88c55a8774bab8f7f966b006f61c6fd30348907495707,2026-08-30T10:16:10+00:00,5455.0,281,190,96,12.021,7.800000000000011,33
fit:11ba0ac28d468bdc19c88c55a8774bab8f7f966b006f61c6fd30348907495707,2026-08-30T10:16:11+00:00,5456.0,248,190,97,12.079,7.800000000000011,33
fit:11ba0ac28d468bdc19c88c55a8774bab8f7f966b006f61c6fd30348907495707,2026-08-30T10:16:12+00:00,5457.0,198,191,97,12.06,8.800000000000011,33
fit:11ba0ac28d468bdc19c88c55a8774bab8f7f966b006f61c6fd30348907495707,2026-08-30T10:16:13+00:00,5458.0,268,191,97,11.996,9.800000000000011,33
fit:11ba0ac28d468bdc19c88c55a8774bab8f7f966b006f61c6fd30348907495707,2026-08-30T10:16:14+00:00,5459.0,196,191,97,12.015,9.800000000000011,33
fit:11ba0ac28d468bdc19c88c55a8774bab8f7f966b006f61c6fd30348907495707,2026-08-30T10:16:15+00:00,5460.0,240,191,98,12.161,9.800000000000011,33
fit:11ba0ac28d468bdc19c88c55a8774bab8f7f966b006f61c6fd30348907495707,2026-08-30T10:16:16+00:00,5461.0,240,191,98,12.154,9.800000000000011,33
fit:11ba0ac28d468bdc19c88c55a8774bab8f7f966b006f61c6fd30348907495707,2026-08-30T10:16:17+00:00,5462.0,194,190,98,12.137,9.800000000000011,33
fit:11ba0ac28d468bdc19c88c55a8774bab8f7f966b006f61c6fd30348907495707,2026-08-30T10:16:18+00:00,5463.0,194,190,96,12.196,9.199999999999989,33
fit:11ba0ac28d468bdc19c88c55a8774bab8f7f966b006f61c6fd30348907495707,2026-08-30T10:16:19+00:00,5464.0,169,190,96,12.212,8.199999999999989,33
fit:11ba0ac28d468bdc19c88c55a8774bab8f7f966b006f61c6fd30348907495707,2026-08-30T10:16:20+00:00,5465.0,170,189,96,12.033,7.199999999999989,33
fit:11ba0ac28d468bdc19c88c55a8774bab8f7f966b006f61c6fd30348907495707,2026-08-30T10:16:21+00:00,5466.0,170,188,96,11.99,6.199999999999989,33
fit:11ba0ac28d468bdc19c88c55a8774bab8f7f966b006f61c6fd30348907495707,2026-08-30T10:16:22+00:00,5467.0,102,187,97,11.771,6.199999999999989,33
fit:11ba0ac28d468bdc19c88c55a8774bab8f7f966b006f61c6fd30348907495707,2026-08-30T10:16:23+00:00,5468.0,108,187,97,11.66,6.199999999999989,33
fit:11ba0ac28d468bdc19c88c55a8774bab8f7f966b006f61c6fd30348907495707,2026-08-30T10:16:24+00:00,5469.0,45,187,104,11.607,7.0,33
fit:11ba0ac28d468bdc19c88c55a8774bab8f7f966b006f61c6fd30348907495707,2026-08-30T10:16:25+00:00,5470.0,158,187,101,11.569,7.0,33
fit:11ba0ac28d468bdc19c88c55a8774bab8f7f966b006f61c6fd30348907495707,2026-08-30T10:16:26+00:00,5471.0,190,187,100,11.466,7.0,33
fit:11ba0ac28d468bdc19c88c55a8774bab8f7f966b006f61c6fd30348907495707,2026-08-30T10:16:27+00:00,5472.0,298,187,99,11.174,6.800000000000011,33
fit:11ba0ac28d468bdc19c88c55a8774bab8f7f966b006f61c6fd30348907495707,2026-08-30T10:16:28+00:00,5473.0,236,186,99,10.911,6.800000000000011,33
fit:11ba0ac28d468bdc19c88c55a8774bab8f7f966b006f61c6fd30348907495707,2026-08-30T10:16:29+00:00,5474.0,171,186,99,10.625,6.800000000000011,33
fit:11ba0ac28d468bdc19c88c55a8774bab8f7f966b006f61c6fd30348907495707,2026-08-30T10:16:30+00:00,5475.0,117,186,98,10.699,7.800000000000011,33
fit:11ba0ac28d468bdc19c88c55a8774bab8f7f966b006f61c6fd30348907495707,2026-08-30T10:16:31+00:00,5476.0,276,186,98,10.51,8.800000000000011,33
fit:11ba0ac28d468bdc19c88c55a8774bab8f7f966b006f61c6fd30348907495707,2026-08-30T10:16:32+00:00,5477.0,234,185,98,10.519,8.800000000000011,33
fit:11ba0ac28d468bdc19c88c55a8774bab8f7f966b006f61c6fd30348907495707,2026-08-30T10:16:33+00:00,5478.0,270,186,99,10.488,8.800000000000011,33
fit:11ba0ac28d468bdc19c88c55a8774bab8f7f966b006f61c6fd30348907495707,2026-08-30T10:16:34+00:00,5479.0,392,186,100,10.655,8.800000000000011,33
fit:11ba0ac28d468bdc19c88c55a8774bab8f7f966b006f61c6fd30348907495707,2026-08-30T10:16:35+00:00,5480.0,393,185,103,10.835,9.800000000000011,33
fit:11ba0ac28d468bdc19c88c55a8774bab8f7f966b006f61c6fd30348907495707,2026-08-30T10:16:36+00:00,5481.0,399,185,105,11.12,9.800000000000011,33
fit:11ba0ac28d468bdc19c88c55a8774bab8f7f966b006f61c6fd30348907495707,2026-08-30T10:16:37+00:00,5482.0,175,185,101,11.331,9.800000000000011,33
fit:11ba0ac28d468bdc19c88c55a8774bab8f7f966b006f61c6fd30348907495707,2026-08-30T10:16:38+00:00,5483.0,114,185,101,11.468,9.800000000000011,33
fit:11ba0ac28d468bdc19c88c55a8774bab8f7f966b006f61c6fd30348907495707,2026-08-30T10:16:39+00:00,5484.0,136,184,92,11.058,9.800000000000011,33
fit:11ba0ac28d468bdc19c88c55a8774bab8f7f966b006f61c6fd30348907495707,2026-08-30T10:16:40+00:00,5485.0,274,184,92,11.35,9.800000000000011,33
fit:11ba0ac28d468bdc19c88c55a8774bab8f7f966b006f61c6fd30348907495707,2026-08-30T10:16:41+00:00,5486.0,238,184,93,11.438,9.800000000000011,33
fit:11ba0ac28d468bdc19c88c55a8774bab8f7f966b006f61c6fd30348907495707,2026-08-30T10:16:42+00:00,5487.0,225,183,93,11.492,9.800000000000011,33
fit:11ba0ac28d468bdc19c88c55a8774bab8f7f966b006f61c6fd30348907495707,2026-08-30T10:16:43+00:00,5488.0,173,183,93,11.596,9.800000000000011,33
fit:11ba0ac28d468bdc19c88c55a8774bab8f7f966b006f61c6fd30348907495707,2026-08-30T10:16:44+00:00,5489.0,174,183,94,11.622,9.800000000000011,32
fit:11ba0ac28d468bdc19c88c55a8774bab8f7f966b006f61c6fd30348907495707,2026-08-30T10:16:45+00:00,5490.0,228,183,94,11.756,9.800000000000011,32
fit:11ba0ac28d468bdc19c88c55a8774bab8f7f966b006f61c6fd30348907495707,2026-08-30T10:16:46+00:00,5491.0,229,183,94,11.83,9.800000000000011,32
fit:11ba0ac28d468bdc19c88c55a8774bab8f7f966b006f61c6fd30348907495707,2026-08-30T10:16:47+00:00,5492.0,194,183,94,11.718,9.800000000000011,32
fit:11ba0ac28d468bdc19c88c55a8774bab8f7f966b006f61c6fd30348907495707,2026-08-30T10:16:48+00:00,5493.0,140,182,94,11.747,9.800000000000011,32
fit:11ba0ac28d468bdc19c88c55a8774bab8f7f966b006f61c6fd30348907495707,2026-08-30T10:16:49+00:00,5494.0,219,182,94,11.811,9.600000000000023,32
fit:11ba0ac28d468bdc19c88c55a8774bab8f7f966b006f61c6fd30348907495707,2026-08-30T10:16:50+00:00,5495.0,229,182,95,11.831,9.600000000000023,32
fit:11ba0ac28d468bdc19c88c55a8774bab8f7f966b006f61c6fd30348907495707,2026-08-30T10:16:51+00:00,5496.0,207,182,95,11.862,9.600000000000023,32
fit:11ba0ac28d468bdc19c88c55a8774bab8f7f966b006f61c6fd30348907495707,2026-08-30T10:16:52+00:00,5497.0,95,182,95,11.932,9.600000000000023,32
fit:11ba0ac28d468bdc19c88c55a8774bab8f7f966b006f61c6fd30348907495707,2026-08-30T10:16:53+00:00,5498.0,95,182,94,11.83,9.600000000000023,32
fit:11ba0ac28d468bdc19c88c55a8774bab8f7f966b006f61c6fd30348907495707,2026-08-30T10:16:54+00:00,5499.0,88,182,83,11.72,9.600000000000023,32
fit:11ba0ac28d468bdc19c88c55a8774bab8f7f966b006f61c6fd30348907495707,2026-08-30T10:16:55+00:00,5500.0,102,182,80,11.637,9.600000000000023,32
fit:11ba0ac28d468bdc19c88c55a8774bab8f7f966b006f61c6fd30348907495707,2026-08-30T10:16:56+00:00,5501.0,228,182,95,11.561,9.600000000000023,32
fit:11ba0ac28d468bdc19c88c55a8774bab8f7f966b006f61c6fd30348907495707,2026-08-30T10:16:57+00:00,5502.0,16,182,99,11.432,9.600000000000023,32
fit:11ba0ac28d468bdc19c88c55a8774bab8f7f966b006f61c6fd30348907495707,2026-08-30T10:16:58+00:00,5503.0,16,182,71,11.2,9.800000000000011,32
fit:11ba0ac28d468bdc19c88c55a8774bab8f7f966b006f61c6fd30348907495707,2026-08-30T10:16:59+00:00,5504.0,199,182,92,10.764,9.800000000000011,32
fit:11ba0ac28d468bdc19c88c55a8774bab8f7f966b006f61c6fd30348907495707,2026-08-30T10:17:00+00:00,5505.0,395,181,91,10.331,9.800000000000011,32
fit:11ba0ac28d468bdc19c88c55a8774bab8f7f966b006f61c6fd30348907495707,2026-08-30T10:17:01+00:00,5506.0,513,182,92,10.018,9.800000000000011,32
fit:11ba0ac28d468bdc19c88c55a8774bab8f7f966b006f61c6fd30348907495707,2026-08-30T10:17:02+00:00,5507.0,547,182,96,10.022,9.800000000000011,32
fit:11ba0ac28d468bdc19c88c55a8774bab8f7f966b006f61c6fd30348907495707,2026-08-30T10:17:03+00:00,5508.0,420,182,100,10.0,10.800000000000011,32
fit:11ba0ac28d468bdc19c88c55a8774bab8f7f966b006f61c6fd30348907495707,2026-08-30T10:17:04+00:00,5509.0,353,181,101,10.456,10.800000000000011,32
fit:11ba0ac28d468bdc19c88c55a8774bab8f7f966b006f61c6fd30348907495707,2026-08-30T10:17:05+00:00,5510.0,174,181,102,10.724,10.800000000000011,32
fit:11ba0ac28d468bdc19c88c55a8774bab8f7f966b006f61c6fd30348907495707,2026-08-30T10:17:06+00:00,5511.0,30,181,82,10.735,10.800000000000011,32
fit:11ba0ac28d468bdc19c88c55a8774bab8f7f966b006f61c6fd30348907495707,2026-08-30T10:17:07+00:00,5512.0,242,181,90,10.988,10.800000000000011,32
fit:11ba0ac28d468bdc19c88c55a8774bab8f7f966b006f61c6fd30348907495707,2026-08-30T10:17:08+00:00,5513.0,284,181,92,11.046,10.399999999999977,32
fit:11ba0ac28d468bdc19c88c55a8774bab8f7f966b006f61c6fd30348907495707,2026-08-30T10:17:09+00:00,5514.0,174,182,94,11.091,10.399999999999977,32
fit:11ba0ac28d468bdc19c88c55a8774bab8f7f966b006f61c6fd30348907495707,2026-08-30T10:17:10+00:00,5515.0,174,182,94,11.327,10.399999999999977,32
fit:11ba0ac28d468bdc19c88c55a8774bab8f7f966b006f61c6fd30348907495707,2026-08-30T10:17:11+00:00,5516.0,174,182,94,11.663,10.399999999999977,32
fit:11ba0ac28d468bdc19c88c55a8774bab8f7f966b006f61c6fd30348907495707,2026-08-30T10:17:12+00:00,5517.0,0,182,94,11.753,11.0,32
fit:11ba0ac28d468bdc19c88c55a8774bab8f7f966b006f61c6fd30348907495707,2026-08-30T10:17:13+00:00,5518.0,0,182,0,11.82,11.800000000000011,32
fit:11ba0ac28d468bdc19c88c55a8774bab8f7f966b006f61c6fd30348907495707,2026-08-30T10:17:14+00:00,5519.0,407,182,46,11.876,11.800000000000011,32
fit:11ba0ac28d468bdc19c88c55a8774bab8f7f966b006f61c6fd30348907495707,2026-08-30T10:17:15+00:00,5520.0,396,181,99,11.862,11.800000000000011,32
fit:11ba0ac28d468bdc19c88c55a8774bab8f7f966b006f61c6fd30348907495707,2026-08-30T10:17:16+00:00,5521.0,183,181,100,12.059,10.800000000000011,32
fit:11ba0ac28d468bdc19c88c55a8774bab8f7f966b006f61c6fd30348907495707,2026-08-30T10:17:17+00:00,5522.0,187,181,100,12.077,9.800000000000011,32
fit:11ba0ac28d468bdc19c88c55a8774bab8f7f966b006f61c6fd30348907495707,2026-08-30T10:17:18+00:00,5523.0,321,181,100,12.215,8.800000000000011,32
fit:11ba0ac28d468bdc19c88c55a8774bab8f7f966b006f61c6fd30348907495707,2026-08-30T10:17:19+00:00,5524.0,53,181,77,12.39,8.199999999999989,32
fit:11ba0ac28d468bdc19c88c55a8774bab8f7f966b006f61c6fd30348907495707,2026-08-30T10:17:20+00:00,5525.0,53,181,74,12.364,8.199999999999989,32
fit:11ba0ac28d468bdc19c88c55a8774bab8f7f966b006f61c6fd30348907495707,2026-08-30T10:17:21+00:00,5526.0,272,181,101,12.392,8.199999999999989,32
fit:11ba0ac28d468bdc19c88c55a8774bab8f7f966b006f61c6fd30348907495707,2026-08-30T10:17:22+00:00,5527.0,182,180,101,12.564,8.800000000000011,32
fit:11ba0ac28d468bdc19c88c55a8774bab8f7f966b006f61c6fd30348907495707,2026-08-30T10:17:23+00:00,5528.0,245,180,101,12.472,9.800000000000011,32
fit:11ba0ac28d468bdc19c88c55a8774bab8f7f966b006f61c6fd30348907495707,2026-08-30T10:17:24+00:00,5529.0,124,180,101,12.515,9.800000000000011,32
fit:11ba0ac28d468bdc19c88c55a8774bab8f7f966b006f61c6fd30348907495707,2026-08-30T10:17:25+00:00,5530.0,124,180,90,12.548,9.800000000000011,32
fit:11ba0ac28d468bdc19c88c55a8774bab8f7f966b006f61c6fd30348907495707,2026-08-30T10:17:26+00:00,5531.0,12,180,90,12.458,9.800000000000011,32
fit:11ba0ac28d468bdc19c88c55a8774bab8f7f966b006f61c6fd30348907495707,2026-08-30T10:17:27+00:00,5532.0,48,180,94,12.343,9.800000000000011,32
fit:11ba0ac28d468bdc19c88c55a8774bab8f7f966b006f61c6fd30348907495707,2026-08-30T10:17:28+00:00,5533.0,312,180,94,12.137,9.800000000000011,32
fit:11ba0ac28d468bdc19c88c55a8774bab8f7f966b006f61c6fd30348907495707,2026-08-30T10:17:29+00:00,5534.0,312,180,95,11.911,8.800000000000011,32
fit:11ba0ac28d468bdc19c88c55a8774bab8f7f966b006f61c6fd30348907495707,2026-08-30T10:17:30+00:00,5535.0,271,180,96,11.844,8.800000000000011,32
fit:11ba0ac28d468bdc19c88c55a8774bab8f7f966b006f61c6fd30348907495707,2026-08-30T10:17:31+00:00,5536.0,307,179,97,11.93,8.800000000000011,32
fit:11ba0ac28d468bdc19c88c55a8774bab8f7f966b006f61c6fd30348907495707,2026-08-30T10:17:32+00:00,5537.0,205,179,98,11.921,8.800000000000011,32
fit:11ba0ac28d468bdc19c88c55a8774bab8f7f966b006f61c6fd30348907495707,2026-08-30T10:17:33+00:00,5538.0,223,179,97,12.008,8.600000000000023,32
fit:11ba0ac28d468bdc19c88c55a8774bab8f7f966b006f61c6fd30348907495707,2026-08-30T10:17:34+00:00,5539.0,318,179,98,11.976,7.800000000000011,32
fit:11ba0ac28d468bdc19c88c55a8774bab8f7f966b006f61c6fd30348907495707,2026-08-30T10:17:35+00:00,5540.0,318,179,98,12.104,7.800000000000011,32
fit:11ba0ac28d468bdc19c88c55a8774bab8f7f966b006f61c6fd30348907495707,2026-08-30T10:17:36+00:00,5541.0,318,179,98,12.194,7.800000000000011,32
fit:11ba0ac28d468bdc19c88c55a8774bab8f7f966b006f61c6fd30348907495707,2026-08-30T10:17:37+00:00,5542.0,285,179,84,12.016,7.800000000000011,32
fit:11ba0ac28d468bdc19c88c55a8774bab8f7f966b006f61c6fd30348907495707,2026-08-30T10:17:38+00:00,5543.0,289,179,94,11.866,7.800000000000011,32
fit:11ba0ac28d468bdc19c88c55a8774bab8f7f966b006f61c6fd30348907495707,2026-08-30T10:17:39+00:00,5544.0,421,179,94,11.79,6.800000000000011,32
fit:11ba0ac28d468bdc19c88c55a8774bab8f7f966b006f61c6fd30348907495707,2026-08-30T10:17:40+00:00,5545.0,351,178,96,11.682,6.800000000000011,32
fit:11ba0ac28d468bdc19c88c55a8774bab8f7f966b006f61c6fd30348907495707,2026-08-30T10:17:41+00:00,5546.0,351,178,97,11.66,6.800000000000011,32
fit:11ba0ac28d468bdc19c88c55a8774bab8f7f966b006f61c6fd30348907495707,2026-08-30T10:17:42+00:00,5547.0,310,178,97,11.838,6.800000000000011,32
fit:11ba0ac28d468bdc19c88c55a8774bab8f7f966b006f61c6fd30348907495707,2026-08-30T10:17:43+00:00,5548.0,234,178,97,11.892,6.800000000000011,32
fit:11ba0ac28d468bdc19c88c55a8774bab8f7f966b006f61c6fd30348907495707,2026-08-30T10:17:44+00:00,5549.0,234,178,99,12.052,7.800000000000011,32
fit:11ba0ac28d468bdc19c88c55a8774bab8f7f966b006f61c6fd30348907495707,2026-08-30T10:17:45+00:00,5550.0,83,179,99,12.18,8.800000000000011,32
fit:11ba0ac28d468bdc19c88c55a8774bab8f7f966b006f61c6fd30348907495707,2026-08-30T10:17:46+00:00,5551.0,83,179,60,12.216,9.800000000000011,32
fit:11ba0ac28d468bdc19c88c55a8774bab8f7f966b006f61c6fd30348907495707,2026-08-30T10:17:47+00:00,5552.0,105,179,96,11.93,9.800000000000011,32
fit:11ba0ac28d468bdc19c88c55a8774bab8f7f966b006f61c6fd30348907495707,2026-08-30T10:17:48+00:00,5553.0,305,179,96,11.891,9.800000000000011,32
fit:11ba0ac28d468bdc19c88c55a8774bab8f7f966b006f61c6fd30348907495707,2026-08-30T10:17:49+00:00,5554.0,402,180,96,11.861,9.800000000000011,32
fit:11ba0ac28d468bdc19c88c55a8774bab8f7f966b006f61c6fd30348907495707,2026-08-30T10:17:50+00:00,5555.0,266,180,97,11.963,9.800000000000011,32
fit:11ba0ac28d468bdc19c88c55a8774bab8f7f966b006f61c6fd30348907495707,2026-08-30T10:17:51+00:00,5556.0,267,180,98,11.98,9.800000000000011,32
fit:11ba0ac28d468bdc19c88c55a8774bab8f7f966b006f61c6fd30348907495707,2026-08-30T10:17:52+00:00,5557.0,226,180,98,12.297,9.800000000000011,32
fit:11ba0ac28d468bdc19c88c55a8774bab8f7f966b006f61c6fd30348907495707,2026-08-30T10:17:53+00:00,5558.0,219,180,98,12.196,8.800000000000011,32
fit:11ba0ac28d468bdc19c88c55a8774bab8f7f966b006f61c6fd30348907495707,2026-08-30T10:17:54+00:00,5559.0,14,181,98,12.18,8.800000000000011,32
fit:11ba0ac28d468bdc19c88c55a8774bab8f7f966b006f61c6fd30348907495707,2026-08-30T10:17:55+00:00,5560.0,14,181,82,12.158,8.800000000000011,32
fit:11ba0ac28d468bdc19c88c55a8774bab8f7f966b006f61c6fd30348907495707,2026-08-30T10:17:56+00:00,5561.0,223,181,97,12.133,8.800000000000011,32
fit:11ba0ac28d468bdc19c88c55a8774bab8f7f966b006f61c6fd30348907495707,2026-08-30T10:17:57+00:00,5562.0,201,181,97,12.137,9.800000000000011,32
fit:11ba0ac28d468bdc19c88c55a8774bab8f7f966b006f61c6fd30348907495707,2026-08-30T10:17:58+00:00,5563.0,169,181,97,12.253,10.399999999999977,32
fit:11ba0ac28d468bdc19c88c55a8774bab8f7f966b006f61c6fd30348907495707,2026-08-30T10:17:59+00:00,5564.0,170,181,97,12.239,10.399999999999977,32
fit:11ba0ac28d468bdc19c88c55a8774bab8f7f966b006f61c6fd30348907495707,2026-08-30T10:18:00+00:00,5565.0,204,181,97,12.171,10.399999999999977,32
fit:11ba0ac28d468bdc19c88c55a8774bab8f7f966b006f61c6fd30348907495707,2026-08-30T10:18:01+00:00,5566.0,204,180,97,12.051,9.399999999999977,32
fit:11ba0ac28d468bdc19c88c55a8774bab8f7f966b006f61c6fd30348907495707,2026-08-30T10:18:02+00:00,5567.0,149,181,96,12.092,8.800000000000011,32
fit:11ba0ac28d468bdc19c88c55a8774bab8f7f966b006f61c6fd30348907495707,2026-08-30T10:18:03+00:00,5568.0,152,181,96,12.048,7.800000000000011,32
fit:11ba0ac28d468bdc19c88c55a8774bab8f7f966b006f61c6fd30348907495707,2026-08-30T10:18:04+00:00,5569.0,152,181,95,11.978,7.800000000000011,32
fit:11ba0ac28d468bdc19c88c55a8774bab8f7f966b006f61c6fd30348907495707,2026-08-30T10:18:05+00:00,5570.0,541,181,26,11.587,7.800000000000011,32
fit:11ba0ac28d468bdc19c88c55a8774bab8f7f966b006f61c6fd30348907495707,2026-08-30T10:18:06+00:00,5571.0,409,181,91,11.509,7.800000000000011,32
fit:11ba0ac28d468bdc19c88c55a8774bab8f7f966b006f61c6fd30348907495707,2026-08-30T10:18:07+00:00,5572.0,248,181,91,11.543,7.800000000000011,32
fit:11ba0ac28d468bdc19c88c55a8774bab8f7f966b006f61c6fd30348907495707,2026-08-30T10:18:08+00:00,5573.0,279,181,91,11.554,6.800000000000011,32
fit:11ba0ac28d468bdc19c88c55a8774bab8f7f966b006f61c6fd30348907495707,2026-08-30T10:18:09+00:00,5574.0,280,181,91,11.495,6.800000000000011,32
fit:11ba0ac28d468bdc19c88c55a8774bab8f7f966b006f61c6fd30348907495707,2026-08-30T10:18:10+00:00,5575.0,248,181,90,11.336,6.800000000000011,32
fit:11ba0ac28d468bdc19c88c55a8774bab8f7f966b006f61c6fd30348907495707,2026-08-30T10:18:11+00:00,5576.0,285,182,91,11.252,6.800000000000011,32
fit:11ba0ac28d468bdc19c88c55a8774bab8f7f966b006f61c6fd30348907495707,2026-08-30T10:18:12+00:00,5577.0,321,182,91,11.256,6.800000000000011,32
fit:11ba0ac28d468bdc19c88c55a8774bab8f7f966b006f61c6fd30348907495707,2026-08-30T10:18:13+00:00,5578.0,232,182,92,11.279,6.800000000000011,32
fit:11ba0ac28d468bdc19c88c55a8774bab8f7f966b006f61c6fd30348907495707,2026-08-30T10:18:14+00:00,5579.0,242,182,93,11.319,7.800000000000011,32
fit:11ba0ac28d468bdc19c88c55a8774bab8f7f966b006f61c6fd30348907495707,2026-08-30T10:18:15+00:00,5580.0,210,182,93,11.395,8.800000000000011,32
fit:11ba0ac28d468bdc19c88c55a8774bab8f7f966b006f61c6fd30348907495707,2026-08-30T10:18:16+00:00,5581.0,233,182,93,11.404,9.0,32
fit:11ba0ac28d468bdc19c88c55a8774bab8f7f966b006f61c6fd30348907495707,2026-08-30T10:18:17+00:00,5582.0,186,182,94,11.53,9.0,32
fit:11ba0ac28d468bdc19c88c55a8774bab8f7f966b006f61c6fd30348907495707,2026-08-30T10:18:18+00:00,5583.0,197,183,93,11.638,9.0,32
fit:11ba0ac28d468bdc19c88c55a8774bab8f7f966b006f61c6fd30348907495707,2026-08-30T10:18:19+00:00,5584.0,197,182,93,11.705,9.0,32
fit:11ba0ac28d468bdc19c88c55a8774bab8f7f966b006f61c6fd30348907495707,2026-08-30T10:18:20+00:00,5585.0,211,182,93,11.709,9.0,32
fit:11ba0ac28d468bdc19c88c55a8774bab8f7f966b006f61c6fd30348907495707,2026-08-30T10:18:21+00:00,5586.0,271,182,93,11.661,9.0,32
fit:11ba0ac28d468bdc19c88c55a8774bab8f7f966b006f61c6fd30348907495707,2026-08-30T10:18:22+00:00,5587.0,246,182,94,11.634,9.0,32
fit:11ba0ac28d468bdc19c88c55a8774bab8f7f966b006f61c6fd30348907495707,2026-08-30T10:18:23+00:00,5588.0,259,182,93,11.547,8.600000000000023,32
fit:11ba0ac28d468bdc19c88c55a8774bab8f7f966b006f61c6fd30348907495707,2026-08-30T10:18:24+00:00,5589.0,130,182,93,11.581,8.600000000000023,32
fit:11ba0ac28d468bdc19c88c55a8774bab8f7f966b006f61c6fd30348907495707,2026-08-30T10:18:25+00:00,5590.0,131,182,93,11.633,8.600000000000023,32
fit:11ba0ac28d468bdc19c88c55a8774bab8f7f966b006f61c6fd30348907495707,2026-08-30T10:18:26+00:00,5591.0,125,182,93,11.632,8.600000000000023,32
fit:11ba0ac28d468bdc19c88c55a8774bab8f7f966b006f61c6fd30348907495707,2026-08-30T10:18:27+00:00,5592.0,194,183,92,11.602,8.600000000000023,32
fit:11ba0ac28d468bdc19c88c55a8774bab8f7f966b006f61c6fd30348907495707,2026-08-30T10:18:28+00:00,5593.0,309,183,93,11.555,8.600000000000023,32
fit:11ba0ac28d468bdc19c88c55a8774bab8f7f966b006f61c6fd30348907495707,2026-08-30T10:18:29+00:00,5594.0,142,183,93,11.565,8.600000000000023,32
fit:11ba0ac28d468bdc19c88c55a8774bab8f7f966b006f61c6fd30348907495707,2026-08-30T10:18:30+00:00,5595.0,177,183,92,11.57,8.600000000000023,32
fit:11ba0ac28d468bdc19c88c55a8774bab8f7f966b006f61c6fd30348907495707,2026-08-30T10:18:31+00:00,5596.0,246,183,90,11.498,8.600000000000023,32
fit:11ba0ac28d468bdc19c88c55a8774bab8f7f966b006f61c6fd30348907495707,2026-08-30T10:18:32+00:00,5597.0,414,182,90,11.346,7.600000000000023,32
fit:11ba0ac28d468bdc19c88c55a8774bab8f7f966b006f61c6fd30348907495707,2026-08-30T10:18:33+00:00,5598.0,267,182,90,11.285,6.600000000000023,32
fit:11ba0ac28d468bdc19c88c55a8774bab8f7f966b006f61c6fd30348907495707,2026-08-30T10:18:34+00:00,5599.0,293,182,91,11.242,6.399999999999977,32
fit:11ba0ac28d468bdc19c88c55a8774bab8f7f966b006f61c6fd30348907495707,2026-08-30T10:18:35+00:00,5600.0,381,182,91,11.237,6.399999999999977,32
fit:11ba0ac28d468bdc19c88c55a8774bab8f7f966b006f61c6fd30348907495707,2026-08-30T10:18:36+00:00,5601.0,182,182,92,11.185,6.399999999999977,32
fit:11ba0ac28d468bdc19c88c55a8774bab8f7f966b006f61c6fd30348907495707,2026-08-30T10:18:37+00:00,5602.0,151,182,92,11.25,7.399999999999977,32
fit:11ba0ac28d468bdc19c88c55a8774bab8f7f966b006f61c6fd30348907495707,2026-08-30T10:18:38+00:00,5603.0,298,182,91,11.345,7.399999999999977,32
fit:11ba0ac28d468bdc19c88c55a8774bab8f7f966b006f61c6fd30348907495707,2026-08-30T10:18:39+00:00,5604.0,384,181,91,11.325,7.399999999999977,32
fit:11ba0ac28d468bdc19c88c55a8774bab8f7f966b006f61c6fd30348907495707,2026-08-30T10:18:40+00:00,5605.0,242,181,93,11.373,7.399999999999977,32
fit:11ba0ac28d468bdc19c88c55a8774bab8f7f966b006f61c6fd30348907495707,2026-08-30T10:18:41+00:00,5606.0,242,181,94,11.563,7.399999999999977,32
fit:11ba0ac28d468bdc19c88c55a8774bab8f7f966b006f61c6fd30348907495707,2026-08-30T10:18:42+00:00,5607.0,130,181,95,11.717,8.399999999999977,32
fit:11ba0ac28d468bdc19c88c55a8774bab8f7f966b006f61c6fd30348907495707,2026-08-30T10:18:43+00:00,5608.0,157,181,95,11.749,9.199999999999989,32
fit:11ba0ac28d468bdc19c88c55a8774bab8f7f966b006f61c6fd30348907495707,2026-08-30T10:18:44+00:00,5609.0,173,182,94,11.73,9.199999999999989,32
fit:11ba0ac28d468bdc19c88c55a8774bab8f7f966b006f61c6fd30348907495707,2026-08-30T10:18:45+00:00,5610.0,187,182,94,11.703,9.199999999999989,32
fit:11ba0ac28d468bdc19c88c55a8774bab8f7f966b006f61c6fd30348907495707,2026-08-30T10:18:46+00:00,5611.0,219,182,94,11.689,8.199999999999989,32
fit:11ba0ac28d468bdc19c88c55a8774bab8f7f966b006f61c6fd30348907495707,2026-08-30T10:18:47+00:00,5612.0,76,182,94,11.747,8.199999999999989,32
fit:11ba0ac28d468bdc19c88c55a8774bab8f7f966b006f61c6fd30348907495707,2026-08-30T10:18:48+00:00,5613.0,32,183,94,11.778,8.199999999999989,32
fit:11ba0ac28d468bdc19c88c55a8774bab8f7f966b006f61c6fd30348907495707,2026-08-30T10:18:49+00:00,5614.0,394,182,80,11.712,9.0,32
fit:11ba0ac28d468bdc19c88c55a8774bab8f7f966b006f61c6fd30348907495707,2026-08-30T10:18:50+00:00,5615.0,168,182,93,11.474,9.0,32
fit:11ba0ac28d468bdc19c88c55a8774bab8f7f966b006f61c6fd30348907495707,2026-08-30T10:18:51+00:00,5616.0,286,183,94,11.494,9.0,32
fit:11ba0ac28d468bdc19c88c55a8774bab8f7f966b006f61c6fd30348907495707,2026-08-30T10:18:52+00:00,5617.0,230,183,94,11.571,9.0,32
fit:11ba0ac28d468bdc19c88c55a8774bab8f7f966b006f61c6fd30348907495707,2026-08-30T10:18:53+00:00,5618.0,185,183,95,11.709,9.0,32
fit:11ba0ac28d468bdc19c88c55a8774bab8f7f966b006f61c6fd30348907495707,2026-08-30T10:18:54+00:00,5619.0,201,183,95,11.707,9.0,32
fit:11ba0ac28d468bdc19c88c55a8774bab8f7f966b006f61c6fd30348907495707,2026-08-30T10:18:55+00:00,5620.0,111,183,96,11.696,9.0,32
fit:11ba0ac28d468bdc19c88c55a8774bab8f7f966b006f61c6fd30348907495707,2026-08-30T10:18:56+00:00,5621.0,228,182,96,11.704,9.0,32
fit:11ba0ac28d468bdc19c88c55a8774bab8f7f966b006f61c6fd30348907495707,2026-08-30T10:18:57+00:00,5622.0,228,182,96,11.837,9.0,32
fit:11ba0ac28d468bdc19c88c55a8774bab8f7f966b006f61c6fd30348907495707,2026-08-30T10:18:58+00:00,5623.0,160,182,95,11.912,9.0,32
fit:11ba0ac28d468bdc19c88c55a8774bab8f7f966b006f61c6fd30348907495707,2026-08-30T10:18:59+00:00,5624.0,163,181,95,11.892,8.0,32
fit:11ba0ac28d468bdc19c88c55a8774bab8f7f966b006f61c6fd30348907495707,2026-08-30T10:19:00+00:00,5625.0,280,181,95,11.822,7.0,32
fit:11ba0ac28d468bdc19c88c55a8774bab8f7f966b006f61c6fd30348907495707,2026-08-30T10:19:01+00:00,5626.0,280,181,95,11.736,7.0,32
fit:11ba0ac28d468bdc19c88c55a8774bab8f7f966b006f61c6fd30348907495707,2026-08-30T10:19:02+00:00,5627.0,168,181,95,11.842,7.0,32
fit:11ba0ac28d468bdc19c88c55a8774bab8f7f966b006f61c6fd30348907495707,2026-08-30T10:19:03+00:00,5628.0,284,180,93,11.902,7.0,32
fit:11ba0ac28d468bdc19c88c55a8774bab8f7f966b006f61c6fd30348907495707,2026-08-30T10:19:04+00:00,5629.0,497,181,93,11.778,7.0,32
fit:11ba0ac28d468bdc19c88c55a8774bab8f7f966b006f61c6fd30348907495707,2026-08-30T10:19:05+00:00,5630.0,592,180,95,11.619,7.0,32
fit:11ba0ac28d468bdc19c88c55a8774bab8f7f966b006f61c6fd30348907495707,2026-08-30T10:19:06+00:00,5631.0,592,180,97,11.738,6.0,32
fit:11ba0ac28d468bdc19c88c55a8774bab8f7f966b006f61c6fd30348907495707,2026-08-30T10:19:07+00:00,5632.0,554,180,101,11.8,6.0,32
fit:11ba0ac28d468bdc19c88c55a8774bab8f7f966b006f61c6fd30348907495707,2026-08-30T10:19:08+00:00,5633.0,666,180,103,12.133,6.0,32
fit:11ba0ac28d468bdc19c88c55a8774bab8f7f966b006f61c6fd30348907495707,2026-08-30T10:19:09+00:00,5634.0,159,180,103,12.383,7.0,32
fit:11ba0ac28d468bdc19c88c55a8774bab8f7f966b006f61c6fd30348907495707,2026-08-30T10:19:10+00:00,5635.0,599,181,106,12.693,7.600000000000023,32
fit:11ba0ac28d468bdc19c88c55a8774bab8f7f966b006f61c6fd30348907495707,2026-08-30T10:19:11+00:00,5636.0,599,181,106,12.85,7.800000000000011,32
fit:11ba0ac28d468bdc19c88c55a8774bab8f7f966b006f61c6fd30348907495707,2026-08-30T10:19:12+00:00,5637.0,599,182,106,12.953,7.800000000000011,32
fit:11ba0ac28d468bdc19c88c55a8774bab8f7f966b006f61c6fd30348907495707,2026-08-30T10:19:13+00:00,5638.0,664,183,112,13.064,7.800000000000011,32
fit:11ba0ac28d468bdc19c88c55a8774bab8f7f966b006f61c6fd30348907495707,2026-08-30T10:19:14+00:00,5639.0,96,184,114,13.58,7.800000000000011,32
fit:11ba0ac28d468bdc19c88c55a8774bab8f7f966b006f61c6fd30348907495707,2026-08-30T10:19:15+00:00,5640.0,78,184,106,14.025,7.800000000000011,32
fit:11ba0ac28d468bdc19c88c55a8774bab8f7f966b006f61c6fd30348907495707,2026-08-30T10:19:16+00:00,5641.0,78,185,96,14.008,8.800000000000011,32
fit:11ba0ac28d468bdc19c88c55a8774bab8f7f966b006f61c6fd30348907495707,2026-08-30T10:19:17+00:00,5642.0,78,186,96,14.081,8.800000000000011,32
fit:11ba0ac28d468bdc19c88c55a8774bab8f7f966b006f61c6fd30348907495707,2026-08-30T10:19:18+00:00,5643.0,0,186,96,13.967,8.800000000000011,32
fit:11ba0ac28d468bdc19c88c55a8774bab8f7f966b006f61c6fd30348907495707,2026-08-30T10:19:19+00:00,5644.0,0,186,48,13.704,7.800000000000011,32
fit:11ba0ac28d468bdc19c88c55a8774bab8f7f966b006f61c6fd30348907495707,2026-08-30T10:19:20+00:00,5645.0,0,186,54,13.449,6.800000000000011,32
fit:11ba0ac28d468bdc19c88c55a8774bab8f7f966b006f61c6fd30348907495707,2026-08-30T10:19:21+00:00,5646.0,0,187,54,13.188,5.800000000000011,32
fit:11ba0ac28d468bdc19c88c55a8774bab8f7f966b006f61c6fd30348907495707,2026-08-30T10:19:22+00:00,5647.0,0,188,52,12.89,5.600000000000023,32
fit:11ba0ac28d468bdc19c88c55a8774bab8f7f966b006f61c6fd30348907495707,2026-08-30T10:19:23+00:00,5648.0,0,188,49,12.61,5.600000000000023,32
fit:11ba0ac28d468bdc19c88c55a8774bab8f7f966b006f61c6fd30348907495707,2026-08-30T10:19:24+00:00,5649.0,0,189,0,12.272,5.600000000000023,32
fit:11ba0ac28d468bdc19c88c55a8774bab8f7f966b006f61c6fd30348907495707,2026-08-30T10:19:25+00:00,5650.0,380,189,0,12.053,6.600000000000023,32
fit:11ba0ac28d468bdc19c88c55a8774bab8f7f966b006f61c6fd30348907495707,2026-08-30T10:19:26+00:00,5651.0,446,189,88,11.861,7.600000000000023,32
fit:11ba0ac28d468bdc19c88c55a8774bab8f7f966b006f61c6fd30348907495707,2026-08-30T10:19:27+00:00,5652.0,561,190,91,11.752,8.199999999999989,32
fit:11ba0ac28d468bdc19c88c55a8774bab8f7f966b006f61c6fd30348907495707,2026-08-30T10:19:28+00:00,5653.0,228,190,92,11.932,8.199999999999989,32
fit:11ba0ac28d468bdc19c88c55a8774bab8f7f966b006f61c6fd30348907495707,2026-08-30T10:19:29+00:00,5654.0,224,190,92,11.953,8.199999999999989,32
fit:11ba0ac28d468bdc19c88c55a8774bab8f7f966b006f61c6fd30348907495707,2026-08-30T10:19:30+00:00,5655.0,291,190,91,11.949,7.199999999999989,32
fit:11ba0ac28d468bdc19c88c55a8774bab8f7f966b006f61c6fd30348907495707,2026-08-30T10:19:31+00:00,5656.0,291,190,92,12.044,7.199999999999989,32
fit:11ba0ac28d468bdc19c88c55a8774bab8f7f966b006f61c6fd30348907495707,2026-08-30T10:19:32+00:00,5657.0,374,190,92,12.087,7.199999999999989,32
fit:11ba0ac28d468bdc19c88c55a8774bab8f7f966b006f61c6fd30348907495707,2026-08-30T10:19:33+00:00,5658.0,491,189,93,12.033,8.199999999999989,32
fit:11ba0ac28d468bdc19c88c55a8774bab8f7f966b006f61c6fd30348907495707,2026-08-30T10:19:34+00:00,5659.0,178,189,93,12.178,9.199999999999989,32
fit:11ba0ac28d468bdc19c88c55a8774bab8f7f966b006f61c6fd30348907495707,2026-08-30T10:19:35+00:00,5660.0,77,189,93,12.221,9.199999999999989,32
fit:11ba0ac28d468bdc19c88c55a8774bab8f7f966b006f61c6fd30348907495707,2026-08-30T10:19:36+00:00,5661.0,309,188,93,12.183,9.199999999999989,32
fit:11ba0ac28d468bdc19c88c55a8774bab8f7f966b006f61c6fd30348907495707,2026-08-30T10:19:37+00:00,5662.0,296,188,93,12.295,8.600000000000023,32
fit:11ba0ac28d468bdc19c88c55a8774bab8f7f966b006f61c6fd30348907495707,2026-08-30T10:19:38+00:00,5663.0,354,188,95,12.065,8.600000000000023,32
fit:11ba0ac28d468bdc19c88c55a8774bab8f7f966b006f61c6fd30348907495707,2026-08-30T10:19:39+00:00,5664.0,78,188,96,12.215,8.600000000000023,32
fit:11ba0ac28d468bdc19c88c55a8774bab8f7f966b006f61c6fd30348907495707,2026-08-30T10:19:40+00:00,5665.0,78,188,95,12.518,9.600000000000023,32
fit:11ba0ac28d468bdc19c88c55a8774bab8f7f966b006f61c6fd30348907495707,2026-08-30T10:19:41+00:00,5666.0,178,188,95,12.66,9.600000000000023,32
fit:11ba0ac28d468bdc19c88c55a8774bab8f7f966b006f61c6fd30348907495707,2026-08-30T10:19:42+00:00,5667.0,177,188,95,12.687,9.600000000000023,32
fit:11ba0ac28d468bdc19c88c55a8774bab8f7f966b006f61c6fd30348907495707,2026-08-30T10:19:43+00:00,5668.0,213,188,95,12.702,9.600000000000023,32
fit:11ba0ac28d468bdc19c88c55a8774bab8f7f966b006f61c6fd30348907495707,2026-08-30T10:19:44+00:00,5669.0,248,188,102,12.684,9.600000000000023,32
fit:11ba0ac28d468bdc19c88c55a8774bab8f7f966b006f61c6fd30348907495707,2026-08-30T10:19:45+00:00,5670.0,248,188,96,12.707,9.600000000000023,32
fit:11ba0ac28d468bdc19c88c55a8774bab8f7f966b006f61c6fd30348907495707,2026-08-30T10:19:46+00:00,5671.0,261,188,98,12.775,10.399999999999977,32
fit:11ba0ac28d468bdc19c88c55a8774bab8f7f966b006f61c6fd30348907495707,2026-08-30T10:19:47+00:00,5672.0,128,188,98,12.875,10.399999999999977,32
fit:11ba0ac28d468bdc19c88c55a8774bab8f7f966b006f61c6fd30348907495707,2026-08-30T10:19:48+00:00,5673.0,113,188,97,12.948,10.399999999999977,32
fit:11ba0ac28d468bdc19c88c55a8774bab8f7f966b006f61c6fd30348907495707,2026-08-30T10:19:49+00:00,5674.0,138,188,97,12.996,9.399999999999977,32
fit:11ba0ac28d468bdc19c88c55a8774bab8f7f966b006f61c6fd30348907495707,2026-08-30T10:19:50+00:00,5675.0,71,187,97,13.018,8.600000000000023,32
fit:11ba0ac28d468bdc19c88c55a8774bab8f7f966b006f61c6fd30348907495707,2026-08-30T10:19:51+00:00,5676.0,71,187,84,12.966,8.199999999999989,32
fit:11ba0ac28d468bdc19c88c55a8774bab8f7f966b006f61c6fd30348907495707,2026-08-30T10:19:52+00:00,5677.0,220,186,86,12.954,8.199999999999989,32
fit:11ba0ac28d468bdc19c88c55a8774bab8f7f966b006f61c6fd30348907495707,2026-08-30T10:19:53+00:00,5678.0,220,186,97,12.915,8.199999999999989,32
fit:11ba0ac28d468bdc19c88c55a8774bab8f7f966b006f61c6fd30348907495707,2026-08-30T10:19:54+00:00,5679.0,214,186,98,12.876,8.199999999999989,32
fit:11ba0ac28d468bdc19c88c55a8774bab8f7f966b006f61c6fd30348907495707,2026-08-30T10:19:55+00:00,5680.0,248,186,99,12.976,8.199999999999989,32
fit:11ba0ac28d468bdc19c88c55a8774bab8f7f966b006f61c6fd30348907495707,2026-08-30T10:19:56+00:00,5681.0,50,186,99,13.076,8.199999999999989,32
fit:11ba0ac28d468bdc19c88c55a8774bab8f7f966b006f61c6fd30348907495707,2026-08-30T10:19:57+00:00,5682.0,50,186,87,13.08,8.199999999999989,32
fit:11ba0ac28d468bdc19c88c55a8774bab8f7f966b006f61c6fd30348907495707,2026-08-30T10:19:58+00:00,5683.0,50,186,87,13.07,8.199999999999989,32
fit:11ba0ac28d468bdc19c88c55a8774bab8f7f966b006f61c6fd30348907495707,2026-08-30T10:19:59+00:00,5684.0,365,186,51,12.917,8.199999999999989,32
fit:11ba0ac28d468bdc19c88c55a8774bab8f7f966b006f61c6fd30348907495707,2026-08-30T10:20:00+00:00,5685.0,326,185,95,12.768,7.800000000000011,32
fit:11ba0ac28d468bdc19c88c55a8774bab8f7f966b006f61c6fd30348907495707,2026-08-30T10:20:01+00:00,5686.0,332,185,96,12.8,7.800000000000011,32
fit:11ba0ac28d468bdc19c88c55a8774bab8f7f966b006f61c6fd30348907495707,2026-08-30T10:20:02+00:00,5687.0,105,185,96,12.905,7.800000000000011,32
fit:11ba0ac28d468bdc19c88c55a8774bab8f7f966b006f61c6fd30348907495707,2026-08-30T10:20:03+00:00,5688.0,183,185,95,12.833,8.800000000000011,32
fit:11ba0ac28d468bdc19c88c55a8774bab8f7f966b006f61c6fd30348907495707,2026-08-30T10:20:04+00:00,5689.0,347,185,96,12.724,9.0,32
fit:11ba0ac28d468bdc19c88c55a8774bab8f7f966b006f61c6fd30348907495707,2026-08-30T10:20:05+00:00,5690.0,94,185,96,12.65,9.600000000000023,32
fit:11ba0ac28d468bdc19c88c55a8774bab8f7f966b006f61c6fd30348907495707,2026-08-30T10:20:06+00:00,5691.0,12,184,84,12.866,9.600000000000023,32
fit:11ba0ac28d468bdc19c88c55a8774bab8f7f966b006f61c6fd30348907495707,2026-08-30T10:20:07+00:00,5692.0,39,184,78,12.885,9.600000000000023,32
fit:11ba0ac28d468bdc19c88c55a8774bab8f7f966b006f61c6fd30348907495707,2026-08-30T10:20:08+00:00,5693.0,17,184,80,12.85,8.600000000000023,32
fit:11ba0ac28d468bdc19c88c55a8774bab8f7f966b006f61c6fd30348907495707,2026-08-30T10:20:09+00:00,5694.0,433,184,88,12.66,8.600000000000023,32
fit:11ba0ac28d468bdc19c88c55a8774bab8f7f966b006f61c6fd30348907495707,2026-08-30T10:20:10+00:00,5695.0,433,183,92,12.396,8.600000000000023,32
fit:11ba0ac28d468bdc19c88c55a8774bab8f7f966b006f61c6fd30348907495707,2026-08-30T10:20:11+00:00,5696.0,374,183,94,12.275,8.600000000000023,32
fit:11ba0ac28d468bdc19c88c55a8774bab8f7f966b006f61c6fd30348907495707,2026-08-30T10:20:12+00:00,5697.0,374,182,94,12.344,9.199999999999989,32
fit:11ba0ac28d468bdc19c88c55a8774bab8f7f966b006f61c6fd30348907495707,2026-08-30T10:20:13+00:00,5698.0,568,182,68,12.432,9.199999999999989,32
fit:11ba0ac28d468bdc19c88c55a8774bab8f7f966b006f61c6fd30348907495707,2026-08-30T10:20:14+00:00,5699.0,625,182,95,12.404,9.199999999999989,32
fit:11ba0ac28d468bdc19c88c55a8774bab8f7f966b006f61c6fd30348907495707,2026-08-30T10:20:15+00:00,5700.0,626,182,97,12.49,9.199999999999989,32
fit:11ba0ac28d468bdc19c88c55a8774bab8f7f966b006f61c6fd30348907495707,2026-08-30T10:20:16+00:00,5701.0,447,181,97,12.589,9.199999999999989,32
fit:11ba0ac28d468bdc19c88c55a8774bab8f7f966b006f61c6fd30348907495707,2026-08-30T10:20:17+00:00,5702.0,447,181,97,12.675,8.800000000000011,32
fit:11ba0ac28d468bdc19c88c55a8774bab8f7f966b006f61c6fd30348907495707,2026-08-30T10:20:18+00:00,5703.0,173,181,68,12.869,8.600000000000023,32
fit:11ba0ac28d468bdc19c88c55a8774bab8f7f966b006f61c6fd30348907495707,2026-08-30T10:20:19+00:00,5704.0,138,181,97,13.036,8.600000000000023,32
fit:11ba0ac28d468bdc19c88c55a8774bab8f7f966b006f61c6fd30348907495707,2026-08-30T10:20:20+00:00,5705.0,429,182,96,12.899,8.600000000000023,32
fit:11ba0ac28d468bdc19c88c55a8774bab8f7f966b006f61c6fd30348907495707,2026-08-30T10:20:21+00:00,5706.0,289,182,97,12.868,9.600000000000023,32
fit:11ba0ac28d468bdc19c88c55a8774bab8f7f966b006f61c6fd30348907495707,2026-08-30T10:20:22+00:00,5707.0,177,183,96,12.901,9.600000000000023,32
fit:11ba0ac28d468bdc19c88c55a8774bab8f7f966b006f61c6fd30348907495707,2026-08-30T10:20:23+00:00,5708.0,246,183,96,12.785,9.600000000000023,32
fit:11ba0ac28d468bdc19c88c55a8774bab8f7f966b006f61c6fd30348907495707,2026-08-30T10:20:24+00:00,5709.0,147,183,96,12.683,8.600000000000023,32
fit:11ba0ac28d468bdc19c88c55a8774bab8f7f966b006f61c6fd30348907495707,2026-08-30T10:20:25+00:00,5710.0,436,183,95,12.693,8.600000000000023,32
fit:11ba0ac28d468bdc19c88c55a8774bab8f7f966b006f61c6fd30348907495707,2026-08-30T10:20:26+00:00,5711.0,495,184,95,12.756,8.600000000000023,32
fit:11ba0ac28d468bdc19c88c55a8774bab8f7f966b006f61c6fd30348907495707,2026-08-30T10:20:27+00:00,5712.0,483,184,96,12.838,8.600000000000023,32
fit:11ba0ac28d468bdc19c88c55a8774bab8f7f966b006f61c6fd30348907495707,2026-08-30T10:20:28+00:00,5713.0,319,184,97,12.8,7.600000000000023,32
fit:11ba0ac28d468bdc19c88c55a8774bab8f7f966b006f61c6fd30348907495707,2026-08-30T10:20:29+00:00,5714.0,399,184,97,12.778,7.600000000000023,32
fit:11ba0ac28d468bdc19c88c55a8774bab8f7f966b006f61c6fd30348907495707,2026-08-30T10:20:30+00:00,5715.0,528,184,98,12.921,7.600000000000023,32
fit:11ba0ac28d468bdc19c88c55a8774bab8f7f966b006f61c6fd30348907495707,2026-08-30T10:20:31+00:00,5716.0,364,184,101,13.106,7.600000000000023,32
fit:11ba0ac28d468bdc19c88c55a8774bab8f7f966b006f61c6fd30348907495707,2026-08-30T10:20:32+00:00,5717.0,388,185,101,13.326,7.600000000000023,32
fit:11ba0ac28d468bdc19c88c55a8774bab8f7f966b006f61c6fd30348907495707,2026-08-30T10:20:33+00:00,5718.0,492,185,101,13.402,7.600000000000023,32
fit:11ba0ac28d468bdc19c88c55a8774bab8f7f966b006f61c6fd30348907495707,2026-08-30T10:20:34+00:00,5719.0,379,185,98,13.189,8.600000000000023,32
fit:11ba0ac28d468bdc19c88c55a8774bab8f7f966b006f61c6fd30348907495707,2026-08-30T10:20:35+00:00,5720.0,380,185,100,13.192,9.399999999999977,32
fit:11ba0ac28d468bdc19c88c55a8774bab8f7f966b006f61c6fd30348907495707,2026-08-30T10:20:36+00:00,5721.0,465,186,104,13.488,9.399999999999977,32
fit:11ba0ac28d468bdc19c88c55a8774bab8f7f966b006f61c6fd30348907495707,2026-08-30T10:20:37+00:00,5722.0,465,186,106,13.562,9.399999999999977,32
fit:11ba0ac28d468bdc19c88c55a8774bab8f7f966b006f61c6fd30348907495707,2026-08-30T10:20:38+00:00,5723.0,486,187,99,13.866,9.399999999999977,32
fit:11ba0ac28d468bdc19c88c55a8774bab8f7f966b006f61c6fd30348907495707,2026-08-30T10:20:39+00:00,5724.0,431,187,99,13.927,9.399999999999977,32
fit:11ba0ac28d468bdc19c88c55a8774bab8f7f966b006f61c6fd30348907495707,2026-08-30T10:20:40+00:00,5725.0,340,188,100,14.164,9.0,32
fit:11ba0ac28d468bdc19c88c55a8774bab8f7f966b006f61c6fd30348907495707,2026-08-30T10:20:41+00:00,5726.0,238,188,101,14.156,8.600000000000023,32
fit:11ba0ac28d468bdc19c88c55a8774bab8f7f966b006f61c6fd30348907495707,2026-08-30T10:20:42+00:00,5727.0,239,188,101,14.239,8.600000000000023,32
fit:11ba0ac28d468bdc19c88c55a8774bab8f7f966b006f61c6fd30348907495707,2026-08-30T10:20:43+00:00,5728.0,27,188,77,14.333,8.600000000000023,32
fit:11ba0ac28d468bdc19c88c55a8774bab8f7f966b006f61c6fd30348907495707,2026-08-30T10:20:44+00:00,5729.0,27,189,77,14.37,8.600000000000023,32
fit:11ba0ac28d468bdc19c88c55a8774bab8f7f966b006f61c6fd30348907495707,2026-08-30T10:20:45+00:00,5730.0,27,189,77,14.433,8.600000000000023,32
fit:11ba0ac28d468bdc19c88c55a8774bab8f7f966b006f61c6fd30348907495707,2026-08-30T10:20:46+00:00,5731.0,13,189,76,14.317,8.600000000000023,32
fit:11ba0ac28d468bdc19c88c55a8774bab8f7f966b006f61c6fd30348907495707,2026-08-30T10:20:47+00:00,5732.0,454,190,76,14.166,8.399999999999977,32
fit:11ba0ac28d468bdc19c88c55a8774bab8f7f966b006f61c6fd30348907495707,2026-08-30T10:20:48+00:00,5733.0,282,190,97,13.998,8.399999999999977,32
fit:11ba0ac28d468bdc19c88c55a8774bab8f7f966b006f61c6fd30348907495707,2026-08-30T10:20:49+00:00,5734.0,701,191,98,13.955,8.399999999999977,32
fit:11ba0ac28d468bdc19c88c55a8774bab8f7f966b006f61c6fd30348907495707,2026-08-30T10:20:50+00:00,5735.0,456,191,100,13.987,8.399999999999977,32
fit:11ba0ac28d468bdc19c88c55a8774bab8f7f966b006f61c6fd30348907495707,2026-08-30T10:20:51+00:00,5736.0,457,191,102,14.149,8.399999999999977,32
fit:11ba0ac28d468bdc19c88c55a8774bab8f7f966b006f61c6fd30348907495707,2026-08-30T10:20:52+00:00,5737.0,319,192,103,14.347,8.399999999999977,32
fit:11ba0ac28d468bdc19c88c55a8774bab8f7f966b006f61c6fd30348907495707,2026-08-30T10:20:53+00:00,5738.0,381,192,103,14.319,8.399999999999977,32
fit:11ba0ac28d468bdc19c88c55a8774bab8f7f966b006f61c6fd30348907495707,2026-08-30T10:20:54+00:00,5739.0,361,192,103,14.433,8.399999999999977,32
fit:11ba0ac28d468bdc19c88c55a8774bab8f7f966b006f61c6fd30348907495707,2026-08-30T10:20:55+00:00,5740.0,361,192,103,14.612,8.399999999999977,32
fit:11ba0ac28d468bdc19c88c55a8774bab8f7f966b006f61c6fd30348907495707,2026-08-30T10:20:56+00:00,5741.0,919,192,105,14.75,8.399999999999977,32
fit:11ba0ac28d468bdc19c88c55a8774bab8f7f966b006f61c6fd30348907495707,2026-08-30T10:20:57+00:00,5742.0,862,192,107,15.025,8.399999999999977,32
fit:11ba0ac28d468bdc19c88c55a8774bab8f7f966b006f61c6fd30348907495707,2026-08-30T10:20:58+00:00,5743.0,840,192,109,14.962,8.399999999999977,32
fit:11ba0ac28d468bdc19c88c55a8774bab8f7f966b006f61c6fd30348907495707,2026-08-30T10:20:59+00:00,5744.0,360,193,109,15.197,8.399999999999977,32
fit:11ba0ac28d468bdc19c88c55a8774bab8f7f966b006f61c6fd30348907495707,2026-08-30T10:21:00+00:00,5745.0,672,193,108,15.619,7.399999999999977,32
fit:11ba0ac28d468bdc19c88c55a8774bab8f7f966b006f61c6fd30348907495707,2026-08-30T10:21:01+00:00,5746.0,672,194,108,15.432,6.399999999999977,32
fit:11ba0ac28d468bdc19c88c55a8774bab8f7f966b006f61c6fd30348907495707,2026-08-30T10:21:02+00:00,5747.0,212,194,109,15.397,6.399999999999977,32
fit:11ba0ac28d468bdc19c88c55a8774bab8f7f966b006f61c6fd30348907495707,2026-08-30T10:21:03+00:00,5748.0,498,194,109,15.64,6.399999999999977,32
fit:11ba0ac28d468bdc19c88c55a8774bab8f7f966b006f61c6fd30348907495707,2026-08-30T10:21:04+00:00,5749.0,852,195,104,15.44,7.399999999999977,32
fit:11ba0ac28d468bdc19c88c55a8774bab8f7f966b006f61c6fd30348907495707,2026-08-30T10:21:05+00:00,5750.0,867,195,112,15.484,8.399999999999977,32
fit:11ba0ac28d468bdc19c88c55a8774bab8f7f966b006f61c6fd30348907495707,2026-08-30T10:21:06+00:00,5751.0,797,193,114,15.53,9.199999999999989,32
fit:11ba0ac28d468bdc19c88c55a8774bab8f7f966b006f61c6fd30348907495707,2026-08-30T10:21:07+00:00,5752.0,753,194,116,15.841,9.199999999999989,32
fit:11ba0ac28d468bdc19c88c55a8774bab8f7f966b006f61c6fd30348907495707,2026-08-30T10:21:08+00:00,5753.0,679,196,116,16.388,9.199999999999989,32
fit:11ba0ac28d468bdc19c88c55a8774bab8f7f966b006f61c6fd30348907495707,2026-08-30T10:21:09+00:00,5754.0,531,199,116,16.872,8.199999999999989,32
fit:11ba0ac28d468bdc19c88c55a8774bab8f7f966b006f61c6fd30348907495707,2026-08-30T10:21:10+00:00,5755.0,639,199,116,16.945,7.399999999999977,32
fit:11ba0ac28d468bdc19c88c55a8774bab8f7f966b006f61c6fd30348907495707,2026-08-30T10:21:11+00:00,5756.0,412,200,113,16.863,6.399999999999977,32
fit:11ba0ac28d468bdc19c88c55a8774bab8f7f966b006f61c6fd30348907495707,2026-08-30T10:21:12+00:00,5757.0,412,200,113,16.597,6.399999999999977,32
fit:11ba0ac28d468bdc19c88c55a8774bab8f7f966b006f61c6fd30348907495707,2026-08-30T10:21:13+00:00,5758.0,78,200,100,15.983,6.399999999999977,32
fit:11ba0ac28d468bdc19c88c55a8774bab8f7f966b006f61c6fd30348907495707,2026-08-30T10:21:14+00:00,5759.0,208,200,100,15.527,6.600000000000023,32
fit:11ba0ac28d468bdc19c88c55a8774bab8f7f966b006f61c6fd30348907495707,2026-08-30T10:21:15+00:00,5760.0,208,199,102,15.081,6.600000000000023,32
