activity_id,field,row_count,observed_count,missing_count,zero_count,zero_fraction_observed,longest_constant_run_samples,min,p05,median,p95,max
250511145356,altitude,7511,7511,0,0,0.0,23,-4.0,3.1999999999999886,6.199999999999989,26.600000000000023,29.399999999999977
250511145356,cadence,7511,7511,0,249,0.03315137797896418,25,0.0,53.0,92.0,100.0,110.0
250511145356,distance,7511,7511,0,0,0.0,7,4.24,3119.48,31186.9,60254.884999999995,63274.18
250511145356,enhanced_altitude,7511,7511,0,0,0.0,23,-4.0,3.1999999999999886,6.199999999999989,26.600000000000023,29.399999999999977
250511145356,enhanced_speed,7511,7511,0,11,0.0014645187058980162,4,0.0,6.5695,8.585,9.391,11.608
250511145356,heart_rate,7511,7511,0,0,0.0,24,71.0,106.0,120.0,130.0,145.0
250511145356,power,7511,7511,0,205,0.02729330315537212,23,0.0,93.0,166.0,256.0,627.0
250511145356,speed,7511,7511,0,11,0.0014645187058980162,4,0.0,6.5695,8.585,9.391,11.608
250511145356,temperature,7511,7511,0,0,0.0,1517,24.0,24.0,26.0,27.0,27.0
250518083010,altitude,10133,10133,0,0,0.0,13,100.0,116.71999999999998,202.0,668.0,761.5999999999999
250518083010,cadence,10133,10031,102,973,0.09699930216329379,85,0.0,0.0,80.0,100.0,116.0
250518083010,distance,10133,10133,0,0,0.0,2,4.27,4706.704000000001,46381.46,86084.104,91939.12
250518083010,enhanced_altitude,10133,10133,0,0,0.0,13,100.0,116.71999999999998,202.0,668.0,761.5999999999999
250518083010,enhanced_speed,10133,10133,0,0,0.0,2,1.125,2.8376,9.749,14.5298,20.257
250518083010,heart_rate,10133,10117,16,0,0.0,39,85.0,121.0,164.0,185.0,188.0
250518083010,power,10133,10068,65,807,0.0801549463647199,70,0.0,0.0,270.5,475.64999999999964,1085.0
250518083010,speed,10133,10133,0,0,0.0,2,1.125,2.8376,9.749,14.5298,20.257
250518083010,temperature,10133,10133,0,0,0.0,1023,11.0,11.0,13.0,19.0,20.0
250524075639,altitude,3676,3676,0,0,0.0,28,16.399999999999977,17.799999999999955,22.600000000000023,35.799999999999955,43.0
250524075639,cadence,3676,3676,0,133,0.03618063112078346,18,0.0,45.0,88.0,96.0,116.0
250524075639,distance,3676,3676,0,0,0.0,2,5.35,1378.745,15050.05,28958.53,30493.67
250524075639,enhanced_altitude,3676,3676,0,0,0.0,28,16.399999999999977,17.799999999999955,22.600000000000023,35.799999999999955,43.0
250524075639,enhanced_speed,3676,3676,0,2,0.000544069640914037,2,0.0,6.295,8.435,9.2315,14.028
250524075639,heart_rate,3676,3676,0,0,0.0,24,97.0,113.0,126.0,138.0,176.0
250524075639,power,3676,3676,0,108,0.029379760609358,15,0.0,74.0,176.0,276.25,975.0
250524075639,speed,3676,3676,0,2,0.000544069640914037,2,0.0,6.295,8.435,9.2315,14.028
250524075639,temperature,3676,3676,0,0,0.0,681,14.0,14.0,16.0,18.0,21.0
250525093943,altitude,2520,2520,0,0,0.0,16,1.3999999999999773,3.0,4.800000000000011,7.199999999999989,9.199999999999989
250525093943,cadence,2520,2520,0,246,0.09761904761904762,19,0.0,0.0,93.0,102.0,106.0
250525093943,distance,2520,2520,0,0,0.0,6,9.37,1090.5625,10363.369999999999,19744.3605,20281.34
250525093943,enhanced_altitude,2520,2520,0,0,0.0,16,1.3999999999999773,3.0,4.800000000000011,7.199999999999989,9.199999999999989
250525093943,enhanced_speed,2520,2520,0,8,0.0031746031746031746,2,0.0,3.4067,8.749500000000001,10.06205,10.674
250525093943,heart_rate,2520,2520,0,0,0.0,19,81.0,94.0,136.0,157.0,165.0
250525093943,power,2520,2520,0,197,0.07817460317460317,16,0.0,0.0,184.0,341.0,756.0
250525093943,speed,2520,2520,0,8,0.0031746031746031746,2,0.0,3.4067,8.749500000000001,10.06205,10.674
250525093943,temperature,2520,2520,0,0,0.0,579,19.0,19.0,21.0,27.0,29.0
250525105224,altitude,6222,6222,0,0,0.0,13,1.3999999999999773,5.0,10.399999999999977,14.600000000000023,17.600000000000023
250525105224,cadence,6222,6211,11,211,0.03397198518757044,17,0.0,35.5,88.0,101.0,112.0
250525105224,distance,6222,6222,0,2,0.0003214400514304082,2,0.0,3672.266,36533.92,67549.72249999999,71002.64
250525105224,enhanced_altitude,6222,6222,0,0,0.0,13,1.3999999999999773,5.0,10.399999999999977,14.600000000000023,17.600000000000023
250525105224,enhanced_speed,6222,6222,0,1,0.0001607200257152041,3,0.0,9.7701,11.391,13.2319,15.249
250525105224,heart_rate,6222,6216,6,0,0.0,32,105.0,156.0,175.0,188.0,195.0
250525105224,power,6222,6216,6,130,0.020913770913770915,6,0.0,33.0,271.0,565.25,1007.0
250525105224,speed,6222,6222,0,1,0.0001607200257152041,3,0.0,9.7701,11.391,13.2319,15.249
250525105224,temperature,6222,6222,0,0,0.0,572,21.0,22.0,24.0,26.0,31.0
250601090758,altitude,1383,1383,0,0,0.0,12,16.600000000000023,17.600000000000023,27.399999999999977,35.39999999999998,36.799999999999955
250601090758,cadence,1383,1383,0,242,0.1749819233550253,33,0.0,0.0,85.0,100.0,116.0
250601090758,distance,1383,1383,0,0,0.0,7,3.62,283.5330000000001,5383.86,9879.17,10154.3
250601090758,enhanced_altitude,1383,1383,0,0,0.0,12,16.600000000000023,17.600000000000023,27.399999999999977,35.39999999999998,36.799999999999955
250601090758,enhanced_speed,1383,1383,0,10,0.0072306579898770785,2,0.0,2.7382,7.79,9.57,11.377
250601090758,heart_rate,1383,1383,0,0,0.0,18,70.0,80.0,114.0,148.0,158.0
250601090758,power,1383,1383,0,222,0.16052060737527116,34,0.0,0.0,134.0,310.7999999999997,751.0
250601090758,speed,1383,1383,0,10,0.0072306579898770785,2,0.0,2.7382,7.79,9.57,11.377
250601090758,temperature,1383,1383,0,0,0.0,279,25.0,26.0,27.0,31.0,32.0
250601095058,altitude,5950,5950,0,0,0.0,16,18.399999999999977,36.200000000000045,145.60000000000002,261.0,274.6
250601095058,cadence,5950,5921,29,287,0.04847154196926195,14,0.0,20.0,91.0,107.0,118.0
250601095058,distance,5950,5950,0,0,0.0,1,6.73,2694.941,35349.19,69014.6535,73283.87
250601095058,enhanced_altitude,5950,5950,0,0,0.0,16,18.399999999999977,36.200000000000045,145.60000000000002,261.0,274.6
250601095058,enhanced_speed,5950,5950,0,2,0.0003361344537815126,2,0.0,9.0916,12.475,15.271,17.056
250601095058,heart_rate,5950,5943,7,0,0.0,32,128.0,145.0,176.0,188.0,193.0
250601095058,power,5950,5933,17,217,0.03657508848811731,12,0.0,10.0,246.0,611.0,1016.0
250601095058,speed,5950,5950,0,2,0.0003361344537815126,2,0.0,9.0916,12.475,15.271,17.056
250601095058,temperature,5950,5950,0,0,0.0,1019,25.0,26.0,29.0,31.0,38.0
250604173939,altitude,3716,3716,0,0,0.0,16,14.200000000000045,16.0,23.0,30.399999999999977,33.60000000000002
250604173939,cadence,3716,3716,0,69,0.018568353067814854,33,0.0,75.75,92.0,103.0,119.0
250604173939,distance,3716,3716,0,0,0.0,13,7.13,1637.595,18077.300000000003,34405.902500000004,36128.36
250604173939,enhanced_altitude,3716,3716,0,0,0.0,16,14.200000000000045,16.0,23.0,30.399999999999977,33.60000000000002
250604173939,enhanced_speed,3716,3716,0,18,0.004843918191603875,12,0.0,7.8325,9.7375,12.02175,15.659
250604173939,heart_rate,3716,3716,0,0,0.0,44,102.0,131.0,151.0,171.0,180.0
250604173939,power,3716,3716,0,45,0.012109795479009687,31,0.0,111.0,215.0,545.25,806.0
250604173939,speed,3716,3716,0,18,0.004843918191603875,12,0.0,7.8325,9.7375,12.02175,15.659
250604173939,temperature,3716,3716,0,0,0.0,766,25.0,25.0,26.0,28.0,28.0
250607081806,altitude,3607,3607,0,0,0.0,13,16.799999999999955,18.600000000000023,34.200000000000045,56.799999999999955,58.60000000000002
250607081806,cadence,3607,3607,0,92,0.02550596063210424,24,0.0,61.30000000000001,93.0,105.0,115.0
250607081806,distance,3607,3607,0,0,0.0,5,5.66,1468.547,15467.74,29458.507,30998.0
250607081806,enhanced_altitude,3607,3607,0,0,0.0,13,16.799999999999955,18.600000000000023,34.200000000000045,56.799999999999955,58.60000000000002
250607081806,enhanced_speed,3607,3607,0,4,0.0011089548100914888,3,0.0,6.5358,8.836,9.5247,10.819
250607081806,heart_rate,3607,3607,0,0,0.0,25,85.0,110.0,129.0,139.0,148.0
250607081806,power,3607,3607,0,78,0.02162461879678403,24,0.0,91.0,185.0,288.6999999999998,579.0
250607081806,speed,3607,3607,0,4,0.0011089548100914888,3,0.0,6.5358,8.836,9.5247,10.819
250607081806,temperature,3607,3607,0,0,0.0,690,21.0,21.0,22.0,25.0,25.0
250608073054,altitude,8276,8276,0,0,0.0,9,153.20000000000005,179.39999999999998,432.79999999999995,991.2,1040.0
250608073054,cadence,8276,8253,23,1003,0.12153156427965588,34,0.0,0.0,83.0,104.0,129.0
250608073054,distance,8276,8276,0,0,0.0,13,8.46,5135.62,37163.5,67392.5775,71825.61
250608073054,enhanced_altitude,8276,8276,0,0,0.0,9,153.20000000000005,179.39999999999998,432.79999999999995,991.2,1040.0
250608073054,enhanced_speed,8276,8268,8,3,0.000362844702467344,5,0.0,2.8917,9.341999999999999,14.785649999999999,18.963
250608073054,heart_rate,8276,8276,0,0,0.0,43,114.0,129.0,174.0,187.0,190.0
250608073054,power,8276,8262,14,770,0.09319777293633502,32,0.0,0.0,269.0,476.0,891.0
250608073054,speed,8276,8268,8,3,0.000362844702467344,5,0.0,2.8917,9.341999999999999,14.785649999999999,18.963
250608073054,temperature,8276,8276,0,0,0.0,1282,16.0,16.0,19.0,26.0,27.0
250611110321,altitude,3775,3775,0,0,0.0,23,15.600000000000023,20.0,32.39999999999998,48.200000000000045,51.60000000000002
250611110321,cadence,3775,3775,0,90,0.02384105960264901,16,0.0,68.0,88.0,101.0,112.0
250611110321,distance,3775,3775,0,0,0.0,1,2.15,1629.736,18219.64,35516.022,37322.65
250611110321,enhanced_altitude,3775,3775,0,0,0.0,23,15.600000000000023,20.0,32.39999999999998,48.200000000000045,51.60000000000002
250611110321,enhanced_speed,3775,3775,0,1,0.00026490066225165563,2,0.0,7.7736,9.824,12.0993,14.035
250611110321,heart_rate,3775,3775,0,0,0.0,58,79.0,128.0,152.0,169.0,175.0
250611110321,power,3775,3775,0,82,0.021721854304635763,16,0.0,90.0,225.0,437.0,842.0
250611110321,speed,3775,3775,0,1,0.00026490066225165563,2,0.0,7.7736,9.824,12.0993,14.035
250611110321,temperature,3775,3775,0,0,0.0,888,24.0,27.0,32.0,34.0,34.0
250615095052,altitude,718,718,0,0,0.0,20,294.0,294.4,297.4,301.79999999999995,302.20000000000005
250615095052,cadence,718,718,0,215,0.2994428969359331,73,0.0,0.0,69.0,91.14999999999998,99.0
250615095052,distance,718,718,0,0,0.0,6,6.02,202.537,2527.815,3852.433,3910.67
250615095052,enhanced_altitude,718,718,0,0,0.0,20,294.0,294.4,297.4,301.79999999999995,302.20000000000005
250615095052,enhanced_speed,718,718,0,14,0.019498607242339833,2,0.0,0.97195,6.4015,8.18945,8.834
250615095052,heart_rate,718,718,0,0,0.0,14,77.0,81.0,101.0,122.0,128.0
250615095052,power,718,718,0,168,0.233983286908078,59,0.0,0.0,104.0,231.29999999999995,359.0
250615095052,speed,718,718,0,14,0.019498607242339833,2,0.0,0.97195,6.4015,8.18945,8.834
250615095052,temperature,718,718,0,0,0.0,268,26.0,26.0,27.0,33.0,33.0
250615104019,altitude,8374,8374,0,0,0.0,12,286.79999999999995,296.79999999999995,351.9,595.5999999999999,671.5999999999999
250615104019,cadence,8374,8312,62,602,0.07242540904716073,21,0.0,0.0,88.0,105.0,122.0
250615104019,distance,8374,8374,0,0,0.0,4,3.61,5164.835,45420.715,90293.9055,95821.65
250615104019,enhanced_altitude,8374,8374,0,0,0.0,12,286.79999999999995,296.79999999999995,351.9,595.5999999999999,671.5999999999999
250615104019,enhanced_speed,8374,8374,0,1,0.00011941724385001195,4,0.0,5.47465,11.819,15.122099999999996,19.145
250615104019,heart_rate,8374,8348,26,0,0.0,36,110.0,146.0,169.0,190.0,195.0
250615104019,power,8374,8324,50,437,0.052498798654493035,19,0.0,0.0,230.5,527.0,973.0
250615104019,speed,8374,8374,0,1,0.00011941724385001195,4,0.0,5.47465,11.819,15.122099999999996,19.145
250615104019,temperature,8374,8374,0,0,0.0,679,28.0,28.0,32.0,34.0,43.0
250618105426,altitude,220,220,0,0,0.0,8,15.0,15.789999999999958,18.0,19.0,19.0
250618105426,cadence,220,220,0,19,0.08636363636363636,19,0.0,0.0,86.0,102.04999999999998,104.0
250618105426,distance,220,220,0,0,0.0,15,5.0,66.92150000000001,887.06,1668.43,1668.43
250618105426,enhanced_altitude,220,220,0,0,0.0,8,15.0,15.789999999999958,18.0,19.0,19.0
250618105426,enhanced_speed,220,220,0,13,0.05909090909090909,12,0.0,0.0,8.43,9.06705,9.236
250618105426,heart_rate,220,220,0,0,0.0,22,87.0,91.95,127.0,134.0,134.0
250618105426,power,220,219,1,20,0.091324200913242,20,0.0,0.0,193.0,292.2,343.0
250618105426,speed,220,220,0,13,0.05909090909090909,12,0.0,0.0,8.43,9.06705,9.236
250618105426,temperature,220,220,0,0,0.0,63,23.0,23.0,25.0,27.0,27.0
250622100132,altitude,1521,1521,0,0,0.0,29,34.60000000000002,36.0,39.0,43.39999999999998,44.799999999999955
250622100132,cadence,1521,1521,0,134,0.0880999342537804,40,0.0,0.0,94.0,102.0,107.0
250622100132,distance,1521,1521,0,0,0.0,7,2.8,509.09,7253.31,12716.7,13006.24
250622100132,enhanced_altitude,1521,1521,0,0,0.0,29,34.60000000000002,36.0,39.0,43.39999999999998,44.799999999999955
250622100132,enhanced_speed,1521,1521,0,5,0.003287310979618672,2,0.0,2.726,9.755,10.661,11.024
250622100132,heart_rate,1521,1521,0,0,0.0,19,74.0,94.0,145.0,160.0,168.0
250622100132,power,1521,1521,0,98,0.06443129520052597,40,0.0,0.0,213.0,347.0,578.0
250622100132,speed,1521,1521,0,5,0.003287310979618672,2,0.0,2.726,9.755,10.661,11.024
250622100132,temperature,1521,1521,0,0,0.0,353,26.0,27.0,29.0,31.0,31.0
250622105241,altitude,6666,6666,0,0,0.0,31,33.60000000000002,36.200000000000045,40.39999999999998,44.200000000000045,47.39999999999998
250622105241,cadence,6666,6664,2,275,0.041266506602641057,20,0.0,27.0,90.0,105.0,125.0
250622105241,distance,6666,6666,0,1,0.00015001500150015003,1,0.0,4309.82,41745.04,77036.75,81055.89
250622105241,enhanced_altitude,6666,6666,0,0,0.0,31,33.60000000000002,36.200000000000045,40.39999999999998,44.200000000000045,47.39999999999998
250622105241,enhanced_speed,6666,6666,0,2,0.00030003000300030005,2,0.0,10.221,12.102,14.245750000000001,16.563
250622105241,heart_rate,6666,6666,0,0,0.0,30,118.0,157.0,177.0,190.0,193.0
250622105241,power,6666,6664,2,191,0.028661464585834334,13,0.0,15.0,242.0,563.0,1077.0
250622105241,speed,6666,6666,0,2,0.00030003000300030005,2,0.0,10.221,12.102,14.245750000000001,16.563
250622105241,temperature,6666,6666,0,0,0.0,762,30.0,31.0,32.0,34.0,36.0
250625105513,altitude,4371,4371,0,0,0.0,24,8.0,10.600000000000023,21.399999999999977,27.0,34.200000000000045
250625105513,cadence,4371,4371,0,351,0.08030199039121483,277,0.0,0.0,89.0,101.0,134.0
250625105513,distance,4371,4371,0,0,0.0,247,13.08,2052.425,21003.81,37639.405,39360.11
250625105513,enhanced_altitude,4371,4371,0,0,0.0,24,8.0,10.600000000000023,21.399999999999977,27.0,34.200000000000045
250625105513,enhanced_speed,4371,4371,0,252,0.05765271105010295,246,0.0,0.0,9.513,11.264,13.305
250625105513,heart_rate,4371,4371,0,0,0.0,31,99.0,110.0,144.0,170.0,179.0
250625105513,power,4371,4371,0,336,0.07687028140013727,277,0.0,0.0,212.0,337.5,696.0
250625105513,speed,4371,4371,0,252,0.05765271105010295,246,0.0,0.0,9.513,11.264,13.305
250625105513,temperature,4371,4371,0,0,0.0,909,25.0,29.0,33.0,38.0,39.0
250628080614,altitude,3338,3338,0,14,0.004194128220491312,16,-1.6000000000000227,0.6000000000000227,10.600000000000023,22.799999999999955,25.399999999999977
250628080614,cadence,3338,3338,0,119,0.03565008987417615,24,0.0,54.0,91.0,99.0,107.0
250628080614,distance,3338,3338,0,0,0.0,5,6.3,1466.6055000000001,14401.279999999999,27536.254999999997,28854.09
250628080614,enhanced_altitude,3338,3338,0,14,0.004194128220491312,16,-1.6000000000000227,0.6000000000000227,10.600000000000023,22.799999999999955,25.399999999999977
250628080614,enhanced_speed,3338,3338,0,3,0.0008987417615338526,2,0.0,6.82455,8.7675,9.6863,11.552
250628080614,heart_rate,3338,3338,0,0,0.0,22,94.0,110.0,128.0,135.0,154.0
250628080614,power,3338,3337,1,88,0.02637099190890021,16,0.0,89.0,185.0,274.0,552.0
250628080614,speed,3338,3338,0,3,0.0008987417615338526,2,0.0,6.82455,8.7675,9.6863,11.552
250628080614,temperature,3338,3338,0,0,0.0,545,24.0,25.0,28.0,29.0,29.0
250629080321,altitude,1032,1032,0,0,0.0,15,34.799999999999955,36.31000000000001,42.200000000000045,50.60000000000002,52.39999999999998
250629080321,cadence,1032,1032,0,100,0.09689922480620156,21,0.0,0.0,94.0,106.0,110.0
250629080321,distance,1032,1032,0,1,0.0009689922480620155,6,0.0,171.23100000000002,3857.115,7805.175499999999,8054.08
250629080321,enhanced_altitude,1032,1032,0,0,0.0,15,34.799999999999955,36.31000000000001,42.200000000000045,50.60000000000002,52.39999999999998
250629080321,enhanced_speed,1032,1032,0,7,0.006782945736434108,2,0.0,3.1703,8.6365,9.758799999999999,10.062
250629080321,heart_rate,1032,1032,0,0,0.0,16,70.0,94.55000000000001,128.0,141.0,150.0
250629080321,power,1032,1031,1,72,0.06983511154219205,17,0.0,0.0,171.0,306.5,548.0
250629080321,speed,1032,1032,0,7,0.006782945736434108,2,0.0,3.1703,8.6365,9.758799999999999,10.062
250629080321,temperature,1032,1032,0,0,0.0,412,28.0,29.0,29.0,32.0,32.0
250629084934,altitude,14193,14193,0,0,0.0,16,47.60000000000002,84.84000000000002,203.79999999999995,584.4000000000001,683.2
250629084934,cadence,14193,14139,54,1022,0.07228233962797935,49,0.0,0.0,84.0,104.0,161.0
250629084934,distance,14193,14193,0,0,0.0,65,7.82,6426.9580000000005,65402.69,127688.57400000001,136008.5
250629084934,enhanced_altitude,14193,14193,0,0,0.0,16,47.60000000000002,84.84000000000002,203.79999999999995,584.4000000000001,683.2
250629084934,enhanced_speed,14193,14105,88,7,0.0004962779156327543,4,0.0,3.5212,10.22,14.3066,18.74
250629084934,heart_rate,14193,14154,39,0,0.0,39,122.0,135.0,159.0,181.0,188.0
250629084934,power,14193,14153,40,856,0.060481876633929205,56,0.0,0.0,225.0,439.0,1061.0
250629084934,speed,14193,14105,88,7,0.0004962779156327543,4,0.0,3.5212,10.22,14.3066,18.74
250629084934,temperature,14193,14193,0,0,0.0,1461,28.0,29.0,33.0,37.0,39.0
250701180337,altitude,4844,4844,0,0,0.0,16,3.6000000000000227,9.0,17.69999999999999,46.60000000000002,51.799999999999955
250701180337,cadence,4844,4844,0,197,0.040668868703550784,28,0.0,40.150000000000006,93.0,99.0,105.0
250701180337,distance,4844,4844,0,0,0.0,5,7.19,2147.6005,21984.34,42767.73649999999,44803.23
250701180337,enhanced_altitude,4844,4844,0,0,0.0,16,3.6000000000000227,9.0,17.69999999999999,46.60000000000002,51.799999999999955
250701180337,enhanced_speed,4844,4844,0,7,0.001445086705202312,4,0.0,7.3372,9.447,10.371549999999997,11.07
250701180337,heart_rate,4844,4844,0,0,0.0,33,94.0,118.0,138.0,146.0,160.0
250701180337,power,4844,4844,0,169,0.03488852188274154,26,0.0,57.0,204.0,298.84999999999945,525.0
250701180337,speed,4844,4844,0,7,0.001445086705202312,4,0.0,7.3372,9.447,10.371549999999997,11.07
250701180337,temperature,4844,4844,0,0,0.0,701,26.0,29.0,30.0,31.0,32.0
250706152531,altitude,11385,11385,0,0,0.0,21,26.600000000000023,32.39999999999998,88.39999999999998,408.51999999999975,480.79999999999995
250706152531,cadence,11385,11385,0,960,0.08432147562582346,117,0.0,0.0,88.0,98.0,113.0
250706152531,distance,11385,11385,0,1,8.78348704435661e-05,5,0.0,5193.448,46854.91,90897.882,95347.75
250706152531,enhanced_altitude,11385,11385,0,0,0.0,21,26.600000000000023,32.39999999999998,88.39999999999998,408.51999999999975,480.79999999999995
250706152531,enhanced_speed,11385,11385,0,5,0.0004391743522178305,2,0.0,3.9392,9.087,10.8028,20.027
250706152531,heart_rate,11385,11385,0,0,0.0,31,58.0,111.0,143.0,177.0,185.0
250706152531,power,11385,11385,0,905,0.07949055775142731,117,0.0,0.0,205.0,344.7999999999993,616.0
250706152531,speed,11385,11385,0,5,0.0004391743522178305,2,0.0,3.9392,9.087,10.8028,20.027
250706152531,temperature,11385,11385,0,0,0.0,1934,25.0,26.0,28.0,32.0,32.0
250708171459,altitude,5016,5016,0,0,0.0,25,0.39999999999997726,7.399999999999977,24.799999999999955,89.0,101.60000000000002
250708171459,cadence,5016,5016,0,414,0.08253588516746412,58,0.0,0.0,86.0,97.0,110.0
250708171459,distance,5016,5016,0,0,0.0,6,6.45,2050.6,20887.434999999998,40175.905,42696.77
250708171459,enhanced_altitude,5016,5016,0,0,0.0,25,0.39999999999997726,7.399999999999977,24.799999999999955,89.0,101.60000000000002
250708171459,enhanced_speed,5016,5016,0,4,0.0007974481658692185,2,0.0,4.2645,8.659,12.546,15.805
250708171459,heart_rate,5016,5016,0,0,0.0,26,84.0,112.0,132.0,179.25,185.0
250708171459,power,5016,5016,0,407,0.08114035087719298,61,0.0,0.0,184.5,477.0,761.0
250708171459,speed,5016,5016,0,4,0.0007974481658692185,2,0.0,4.2645,8.659,12.546,15.805
250708171459,temperature,5016,5016,0,0,0.0,1036,17.0,19.0,21.0,25.0,26.0
250709173010,altitude,4678,4678,0,0,0.0,16,5.199999999999989,7.600000000000023,17.600000000000023,28.200000000000045,32.60000000000002
250709173010,cadence,4678,4678,0,147,0.03142368533561351,21,0.0,61.0,88.0,99.0,113.0
250709173010,distance,4678,4678,0,0,0.0,6,7.76,1936.5945000000004,22068.555,41340.998499999994,42999.72
250709173010,enhanced_altitude,4678,4678,0,0,0.0,16,5.199999999999989,7.600000000000023,17.600000000000023,28.200000000000045,32.60000000000002
250709173010,enhanced_speed,4678,4678,0,6,0.0012825994014536127,2,0.0,7.1127,9.287,11.412849999999993,14.891
250709173010,heart_rate,4678,4678,0,0,0.0,26,95.0,113.0,133.0,162.0,173.0
250709173010,power,4678,4678,0,110,0.0235143223599829,9,0.0,84.0,194.0,479.3499999999967,1013.0
250709173010,speed,4678,4678,0,6,0.0012825994014536127,2,0.0,7.1127,9.287,11.412849999999993,14.891
250709173010,temperature,4678,4678,0,0,0.0,664,24.0,24.0,25.0,28.0,28.0
250712072905,altitude,17094,17094,0,0,0.0,31,14.399999999999977,22.600000000000023,122.0,814.4000000000001,922.4000000000001
250712072905,cadence,17094,17093,1,2124,0.1242613935529164,280,0.0,0.0,83.0,96.0,109.0
250712072905,distance,17094,17094,0,0,0.0,6,6.25,6877.092500000001,60177.875,123417.68549999999,130386.84
250712072905,enhanced_altitude,17094,17094,0,0,0.0,31,14.399999999999977,22.600000000000023,122.0,814.4000000000001,922.4000000000001
250712072905,enhanced_speed,17094,17092,2,19,0.0011116311724783524,4,0.0,3.079,8.196,12.112449999999999,17.693
250712072905,heart_rate,17094,17094,0,0,0.0,37,88.0,103.0,141.0,177.0,189.0
250712072905,power,17094,17094,0,2014,0.11781911781911782,165,0.0,0.0,212.0,352.0,649.0
250712072905,speed,17094,17092,2,19,0.0011116311724783524,4,0.0,3.079,8.196,12.112449999999999,17.693
250712072905,temperature,17094,17094,0,0,0.0,2033,15.0,16.0,18.0,26.0,27.0
250715165154,altitude,5487,5487,0,0,0.0,12,12.799999999999955,17.0,31.799999999999955,103.60000000000002,116.60000000000002
250715165154,cadence,5487,5487,0,640,0.11663932932385639,114,0.0,0.0,86.0,98.0,117.0
250715165154,distance,5487,5487,0,0,0.0,6,5.57,2318.577,22996.33,43888.140999999996,46003.57
250715165154,enhanced_altitude,5487,5487,0,0,0.0,12,12.799999999999955,17.0,31.799999999999955,103.60000000000002,116.60000000000002
250715165154,enhanced_speed,5487,5487,0,11,0.0020047384727537817,2,0.0,4.1457,8.439,12.5687,16.197
250715165154,heart_rate,5487,5487,0,0,0.0,28,75.0,119.30000000000001,142.0,185.0,190.0
250715165154,power,5487,5487,0,634,0.11554583561144523,131,0.0,0.0,174.0,490.6999999999998,727.0
250715165154,speed,5487,5487,0,11,0.0020047384727537817,2,0.0,4.1457,8.439,12.5687,16.197
250715165154,temperature,5487,5487,0,0,0.0,828,26.0,29.0,31.0,32.0,32.0
250716153128,altitude,4691,4691,0,0,0.0,13,14.200000000000045,17.200000000000045,28.799999999999955,54.60000000000002,58.799999999999955
250716153128,cadence,4691,4691,0,85,0.01811980387976977,16,0.0,72.0,88.0,96.0,106.0
250716153128,distance,4691,4691,0,0,0.0,5,5.24,1771.0700000000002,20168.4,40123.634999999995,42149.14
250716153128,enhanced_altitude,4691,4691,0,0,0.0,13,14.200000000000045,17.200000000000045,28.799999999999955,54.60000000000002,58.799999999999955
250716153128,enhanced_speed,4691,4691,0,5,0.0010658708164570454,3,0.0,7.367,9.074,10.4175,10.99
250716153128,heart_rate,4691,4691,0,0,0.0,31,92.0,117.0,130.0,137.0,142.0
250716153128,power,4691,4691,0,60,0.012790449797484544,12,0.0,110.0,194.0,279.0,553.0
250716153128,speed,4691,4691,0,5,0.0010658708164570454,3,0.0,7.367,9.074,10.4175,10.99
250716153128,temperature,4691,4691,0,0,0.0,1336,23.0,24.0,26.0,28.0,28.0
250717102658,altitude,4947,4947,0,121,0.024459268243379826,15,-6.0,-3.1999999999999886,1.3999999999999773,16.0,23.200000000000045
250717102658,cadence,4947,4947,0,154,0.031129977764301597,27,0.0,53.0,88.0,97.0,121.0
250717102658,distance,4947,4947,0,0,0.0,5,7.58,2170.17,23958.18,44312.596999999994,46496.94
250717102658,enhanced_altitude,4947,4947,0,121,0.024459268243379826,15,-6.0,-3.1999999999999886,1.3999999999999773,16.0,23.200000000000045
250717102658,enhanced_speed,4947,4947,0,5,0.001010713563776026,2,0.0,6.6474,9.462,11.634,14.214
250717102658,heart_rate,4947,4947,0,0,0.0,23,58.0,108.0,146.0,169.0,180.0
250717102658,power,4947,4947,0,105,0.021224984839296544,27,0.0,73.0,206.0,505.7999999999993,943.0
250717102658,speed,4947,4947,0,5,0.001010713563776026,2,0.0,6.6474,9.462,11.634,14.214
250717102658,temperature,4947,4947,0,0,0.0,488,23.0,25.0,31.0,32.0,32.0
250718101116,altitude,6656,6656,0,0,0.0,16,16.200000000000045,19.399999999999977,42.799999999999955,94.20000000000005,167.0
250718101116,cadence,6656,6646,10,152,0.022870899789346977,43,0.0,70.0,91.0,100.0,111.0
250718101116,distance,6656,6656,0,0,0.0,6,6.17,2807.0,30457.510000000002,57348.134999999995,60289.56
250718101116,enhanced_altitude,6656,6656,0,0,0.0,16,16.200000000000045,19.399999999999977,42.799999999999955,94.20000000000005,167.0
250718101116,enhanced_speed,6656,6656,0,8,0.001201923076923077,4,0.0,6.89475,9.183499999999999,10.42425,16.797
250718101116,heart_rate,6656,6656,0,0,0.0,24,92.0,122.0,137.0,156.25,184.0
250718101116,power,6656,6654,2,140,0.021039975954313193,44,0.0,103.0,199.0,338.0,583.0
250718101116,speed,6656,6656,0,8,0.001201923076923077,4,0.0,6.89475,9.183499999999999,10.42425,16.797
250718101116,temperature,6656,6656,0,0,0.0,1415,22.0,26.0,29.0,31.0,31.0
250722170310,altitude,5202,5202,0,0,0.0,16,18.0,21.200000000000045,33.0,106.77999999999989,119.60000000000002
250722170310,cadence,5202,5202,0,495,0.09515570934256055,104,0.0,0.0,83.0,95.0,108.0
250722170310,distance,5202,5202,0,0,0.0,5,14.68,2158.649,22050.515,41891.536499999995,43986.31
250722170310,enhanced_altitude,5202,5202,0,0,0.0,16,18.0,21.200000000000045,33.0,106.77999999999989,119.60000000000002
250722170310,enhanced_speed,5202,5202,0,4,0.0007689350249903883,2,0.0,3.9330499999999997,8.654499999999999,12.8026,16.92
250722170310,heart_rate,5202,5202,0,0,0.0,38,71.0,114.0,138.0,183.0,186.0
250722170310,power,5202,5202,0,488,0.09381007304882738,127,0.0,0.0,183.0,457.0,737.0
250722170310,speed,5202,5202,0,4,0.0007689350249903883,2,0.0,3.9330499999999997,8.654499999999999,12.8026,16.92
250722170310,temperature,5202,5202,0,0,0.0,1175,24.0,29.0,30.0,31.0,31.0
250723173905,altitude,5230,5230,0,0,0.0,15,14.200000000000045,18.399999999999977,34.60000000000002,67.20000000000005,71.20000000000005
250723173905,cadence,5230,5230,0,99,0.01892925430210325,27,0.0,62.0,86.0,96.0,116.0
250723173905,distance,5230,5230,0,0,0.0,6,6.2,2084.781,23948.68,45813.8575,47998.79
250723173905,enhanced_altitude,5230,5230,0,0,0.0,15,14.200000000000045,18.399999999999977,34.60000000000002,67.20000000000005,71.20000000000005
250723173905,enhanced_speed,5230,5230,0,3,0.0005736137667304016,2,0.0,6.87015,9.180499999999999,11.0103,14.786
250723173905,heart_rate,5230,5230,0,0,0.0,25,84.0,116.0,134.0,165.0,176.0
250723173905,power,5230,5230,0,76,0.014531548757170172,9,0.0,82.0,187.5,398.7500000000009,957.0
250723173905,speed,5230,5230,0,3,0.0005736137667304016,2,0.0,6.87015,9.180499999999999,11.0103,14.786
250723173905,temperature,5230,5230,0,0,0.0,941,25.0,28.0,30.0,31.0,32.0
250726080238,altitude,16130,16130,0,0,0.0,12,6.800000000000011,15.200000000000045,132.2,344.0,377.0
250726080238,cadence,16130,16130,0,1959,0.12145071295722257,68,0.0,0.0,83.0,101.0,120.0
250726080238,distance,16130,16130,0,0,0.0,6,6.39,5974.124000000001,62367.445,121225.89399999999,128186.38
250726080238,enhanced_altitude,16130,16130,0,0,0.0,12,6.800000000000011,15.200000000000045,132.2,344.0,377.0
250726080238,enhanced_speed,16130,16130,0,24,0.0014879107253564787,3,0.0,3.6503500000000004,8.0505,12.06355,16.457
250726080238,heart_rate,16130,16130,0,0,0.0,24,82.0,103.0,141.0,178.0,186.0
250726080238,power,16130,16130,0,1801,0.11165530068195909,68,0.0,0.0,201.0,372.0,720.0
250726080238,speed,16130,16130,0,24,0.0014879107253564787,3,0.0,3.6503500000000004,8.0505,12.06355,16.457
250726080238,temperature,16130,16130,0,0,0.0,3469,18.0,18.0,23.0,29.0,30.0
250729173622,altitude,4980,4980,0,0,0.0,16,16.600000000000023,22.200000000000045,32.60000000000002,122.20000000000005,129.0
250729173622,cadence,4980,4980,0,474,0.09518072289156626,92,0.0,0.0,84.0,98.0,114.0
250729173622,distance,4980,4980,0,0,0.0,4,5.68,2130.9535,21538.64,40321.6935,42371.58
250729173622,enhanced_altitude,4980,4980,0,0,0.0,16,16.600000000000023,22.200000000000045,32.60000000000002,122.20000000000005,129.0
250729173622,enhanced_speed,4980,4980,0,0,0.0,5,1.856,4.15595,8.523,13.073300000000001,16.244
250729173622,heart_rate,4980,4980,0,0,0.0,31,78.0,110.0,136.0,185.0,190.0
250729173622,power,4980,4980,0,454,0.09116465863453815,92,0.0,0.0,181.0,488.0500000000002,846.0
250729173622,speed,4980,4980,0,0,0.0,5,1.856,4.15595,8.523,13.073300000000001,16.244
250729173622,temperature,4980,4980,0,0,0.0,629,22.0,23.0,24.0,26.0,26.0
250731170346,altitude,8354,8354,0,0,0.0,16,11.199999999999989,14.799999999999955,25.399999999999977,229.0,250.79999999999995
250731170346,cadence,8354,8354,0,867,0.10378261910462054,99,0.0,0.0,83.0,95.0,114.0
250731170346,distance,8354,8354,0,0,0.0,6,5.36,3576.7365000000004,32680.92,62689.48,65647.96
250731170346,enhanced_altitude,8354,8354,0,0,0.0,16,11.199999999999989,14.799999999999955,25.399999999999977,229.0,250.79999999999995
250731170346,enhanced_speed,8354,8354,0,15,0.0017955470433325352,3,0.0,3.59265,8.719999999999999,11.761,16.958
250731170346,heart_rate,8354,8354,0,0,0.0,37,72.0,99.0,134.0,174.0,190.0
250731170346,power,8354,8354,0,816,0.09767775915728992,60,0.0,0.0,203.0,372.0,544.0
250731170346,speed,8354,8354,0,15,0.0017955470433325352,3,0.0,3.59265,8.719999999999999,11.761,16.958
250731170346,temperature,8354,8354,0,0,0.0,1135,24.0,24.0,26.0,28.0,28.0
250815073628,altitude,7306,7306,0,0,0.0,16,13.600000000000023,18.399999999999977,55.60000000000002,120.94999999999999,128.0
250815073628,cadence,7306,7306,0,328,0.04489460717218725,38,0.0,35.0,87.0,97.0,113.0
250815073628,distance,7306,7306,0,0,0.0,5,7.72,2824.0874999999996,29795.33,61158.1,64202.61
250815073628,enhanced_altitude,7306,7306,0,0,0.0,16,13.600000000000023,18.399999999999977,55.60000000000002,120.94999999999999,128.0
250815073628,enhanced_speed,7306,7304,2,11,0.0015060240963855422,3,0.0,5.089600000000001,8.655,11.56585,13.702
250815073628,heart_rate,7306,7306,0,0,0.0,23,118.0,134.0,155.0,166.0,179.0
250815073628,power,7306,7306,0,265,0.03627155762387079,28,0.0,40.0,192.0,310.75,565.0
250815073628,speed,7306,7304,2,11,0.0015060240963855422,3,0.0,5.089600000000001,8.655,11.56585,13.702
250815073628,temperature,7306,7306,0,0,0.0,1195,23.0,23.0,27.0,31.0,31.0
250823070906,altitude,17568,17568,0,0,0.0,33,8.0,17.399999999999977,122.0,754.3299999999996,913.8
250823070906,cadence,17568,17566,2,2203,0.12541272913583057,189,0.0,0.0,82.0,99.0,118.0
250823070906,distance,17568,17568,0,0,0.0,6,5.42,7317.3295,61189.975000000006,123435.96799999998,130437.38
250823070906,enhanced_altitude,17568,17568,0,0,0.0,33,8.0,17.399999999999977,122.0,754.3299999999996,913.8
250823070906,enhanced_speed,17568,17568,0,26,0.0014799635701275046,5,0.0,2.79,8.156500000000001,11.41,17.65
250823070906,heart_rate,17568,17568,0,0,0.0,32,89.0,104.0,145.0,174.0,183.0
250823070906,power,17568,17567,1,2073,0.11800535094210736,159,0.0,0.0,204.0,333.0,621.0
250823070906,speed,17568,17568,0,26,0.0014799635701275046,5,0.0,2.79,8.156500000000001,11.41,17.65
250823070906,temperature,17568,17568,0,0,0.0,1493,13.0,14.0,17.0,26.0,28.0
250830074715,altitude,6942,6942,0,4,0.0005762028233938346,20,-4.0,2.6000000000000227,19.899999999999977,52.39999999999998,58.39999999999998
250830074715,cadence,6942,6942,0,127,0.01829443964275425,25,0.0,73.0,89.0,96.0,107.0
250830074715,distance,6942,6942,0,1,0.00014405070584845865,2,0.0,3000.9705000000004,30335.795,58997.8365,61996.75
250830074715,enhanced_altitude,6942,6942,0,4,0.0005762028233938346,20,-4.0,2.6000000000000227,19.899999999999977,52.39999999999998,58.39999999999998
250830074715,enhanced_speed,6942,6942,0,4,0.0005762028233938346,3,0.0,7.514,8.981,9.981,11.521
250830074715,heart_rate,6942,6942,0,0,0.0,31,106.0,122.0,137.0,151.0,164.0
250830074715,power,6942,6942,0,106,0.015269374819936617,13,0.0,113.0,199.0,305.0,581.0
250830074715,speed,6942,6942,0,4,0.0005762028233938346,3,0.0,7.514,8.981,9.981,11.521
250830074715,temperature,6942,6942,0,0,0.0,2346,17.0,17.0,19.0,22.0,24.0
250831104855,altitude,5865,5865,0,114,0.019437340153452685,12,-12.600000000000023,-5.0,-2.3999999999999773,0.0,2.3999999999999773
250831104855,cadence,5865,5859,6,311,0.05308073050008534,28,0.0,0.0,92.0,105.0,118.0
250831104855,distance,5865,5865,0,0,0.0,6,3.94,3606.806,35938.72,67442.028,70003.36
250831104855,enhanced_altitude,5865,5865,0,114,0.019437340153452685,12,-12.600000000000023,-5.0,-2.3999999999999773,0.0,2.3999999999999773
250831104855,enhanced_speed,5865,5865,0,5,0.0008525149190110827,2,0.0,9.8712,12.065,14.2566,16.202
250831104855,heart_rate,5865,5815,50,0,0.0,26,110.0,150.0,179.0,191.0,197.0
250831104855,power,5865,5859,6,233,0.0397678784775559,11,0.0,9.0,267.0,618.1999999999989,1033.0
250831104855,speed,5865,5865,0,5,0.0008525149190110827,2,0.0,9.8712,12.065,14.2566,16.202
250831104855,temperature,5865,5865,0,0,0.0,1480,25.0,26.0,26.0,29.0,33.0
250831123125,altitude,592,592,0,3,0.005067567567567568,17,-5.0,-4.0,-3.1999999999999886,-1.1999999999999886,0.0
250831123125,cadence,592,592,0,66,0.11148648648648649,13,0.0,0.0,76.0,89.0,92.0
250831123125,distance,592,592,0,1,0.0016891891891891893,5,0.0,133.06400000000002,1320.045,2524.8379999999997,2624.48
250831123125,enhanced_altitude,592,592,0,3,0.005067567567567568,17,-5.0,-4.0,-3.1999999999999886,-1.1999999999999886,0.0
250831123125,enhanced_speed,592,592,0,5,0.008445945945945946,2,0.0,1.82485,4.6265,5.36135,5.544
250831123125,heart_rate,592,587,5,0,0.0,19,107.0,110.0,116.0,122.0,125.0
250831123125,power,592,592,0,62,0.10472972972972973,13,0.0,0.0,60.0,107.0,194.0
250831123125,speed,592,592,0,5,0.008445945945945946,2,0.0,1.82485,4.6265,5.36135,5.544
250831123125,temperature,592,592,0,0,0.0,287,29.0,29.0,29.0,30.0,34.0
250906154316,altitude,2453,2453,0,0,0.0,23,20.399999999999977,22.600000000000023,24.399999999999977,26.600000000000023,28.600000000000023
250906154316,cadence,2453,2453,0,154,0.06278026905829596,24,0.0,0.0,94.0,104.0,109.0
250906154316,distance,2453,2453,0,0,0.0,9,6.42,1023.5860000000001,10707.68,20648.006,21263.89
250906154316,enhanced_altitude,2453,2453,0,0,0.0,23,20.399999999999977,22.600000000000023,24.399999999999977,26.600000000000023,28.600000000000023
250906154316,enhanced_speed,2453,2453,0,11,0.004484304932735426,3,0.0,4.0628,9.07,11.2608,12.318
250906154316,heart_rate,2453,2453,0,0,0.0,16,95.0,118.0,141.0,171.0,179.0
250906154316,power,2453,2452,1,134,0.05464926590538336,18,0.0,0.0,200.0,372.89999999999964,563.0
250906154316,speed,2453,2453,0,11,0.004484304932735426,3,0.0,4.0628,9.07,11.2608,12.318
250906154316,temperature,2453,2453,0,0,0.0,402,27.0,27.0,29.0,37.0,39.0
250906164426,altitude,4684,4684,0,0,0.0,20,22.799999999999955,25.600000000000023,28.0,30.600000000000023,33.200000000000045
250906164426,cadence,4684,4658,26,160,0.034349506225848,13,0.0,38.85000000000002,90.0,101.0,120.0
250906164426,distance,4684,4684,0,0,0.0,1,3.94,2914.8825,28028.22,53414.19049999999,56007.41
250906164426,enhanced_altitude,4684,4684,0,0,0.0,20,22.799999999999955,25.600000000000023,28.0,30.600000000000023,33.200000000000045
250906164426,enhanced_speed,4684,4684,0,1,0.0002134927412467976,3,0.0,9.93215,12.0405,13.946799999999996,15.237
250906164426,heart_rate,4684,4684,0,0,0.0,37,101.0,165.0,185.0,195.0,199.0
250906164426,power,4684,4670,14,126,0.026980728051391862,12,0.0,17.450000000000017,275.0,634.1000000000004,1071.0
250906164426,speed,4684,4684,0,1,0.0002134927412467976,3,0.0,9.93215,12.0405,13.946799999999996,15.237
250906164426,temperature,4684,4684,0,0,0.0,1293,26.0,26.0,27.0,30.0,32.0
250907080204,altitude,6395,6395,0,0,0.0,12,13.399999999999977,18.0,46.0,146.1199999999997,204.0
250907080204,cadence,6395,6395,0,411,0.06426896012509774,73,0.0,0.0,86.0,97.0,105.0
250907080204,distance,6395,6395,0,0,0.0,6,7.76,2341.507,25383.03,49459.579999999994,52051.1
250907080204,enhanced_altitude,6395,6395,0,0,0.0,12,13.399999999999977,18.0,46.0,146.1199999999997,204.0
250907080204,enhanced_speed,6395,6395,0,12,0.0018764659890539485,2,0.0,4.1327,8.225,10.0923,15.249
250907080204,heart_rate,6395,6395,0,0,0.0,27,78.0,98.0,125.0,142.0,163.0
250907080204,power,6395,6395,0,396,0.061923377638780294,73,0.0,0.0,184.0,311.0,532.0
250907080204,speed,6395,6395,0,12,0.0018764659890539485,2,0.0,4.1327,8.225,10.0923,15.249
250907080204,temperature,6395,6395,0,0,0.0,1659,17.0,17.0,19.0,22.0,24.0
250913140208,altitude,2688,2688,0,3,0.0011160714285714285,16,-7.600000000000023,-4.930000000000005,-3.0,-1.6000000000000227,0.0
250913140208,cadence,2688,2683,5,363,0.13529631010063362,81,0.0,0.0,84.0,97.0,114.0
250913140208,distance,2688,2688,0,1,0.0003720238095238095,8,0.0,855.7405,11613.744999999999,19049.3245,19535.87
250913140208,enhanced_altitude,2688,2688,0,3,0.0011160714285714285,16,-7.600000000000023,-4.930000000000005,-3.0,-1.6000000000000227,0.0
250913140208,enhanced_speed,2688,2688,0,11,0.004092261904761905,2,0.0,2.21015,8.159500000000001,9.61,11.23
250913140208,heart_rate,2688,2688,0,0,0.0,26,84.0,92.0,126.0,143.0,161.0
250913140208,power,2688,2688,0,271,0.10081845238095238,24,0.0,0.0,158.0,286.0,588.0
250913140208,speed,2688,2688,0,11,0.004092261904761905,2,0.0,2.21015,8.159500000000001,9.61,11.23
250913140208,temperature,2688,2688,0,0,0.0,600,28.0,28.0,30.0,33.0,35.0
250913145805,altitude,5136,5136,0,0,0.0,21,2.6000000000000227,6.0,9.399999999999977,12.600000000000023,18.0
250913145805,cadence,5136,5086,50,293,0.05760912308297287,17,0.0,0.0,88.0,101.0,126.0
250913145805,distance,5136,5136,0,0,0.0,4,4.16,3085.1625,31270.945,58053.119999999995,61209.72
250913145805,enhanced_altitude,5136,5136,0,0,0.0,21,2.6000000000000227,6.0,9.399999999999977,12.600000000000023,18.0
250913145805,enhanced_speed,5136,5136,0,0,0.0,4,3.527,9.856,11.928,13.94175,15.89
250913145805,heart_rate,5136,5136,0,0,0.0,34,95.0,151.0,179.0,193.0,198.0
250913145805,power,5136,5110,26,252,0.049315068493150684,12,0.0,3.450000000000017,249.0,623.0,921.0
250913145805,speed,5136,5136,0,0,0.0,4,3.527,9.856,11.928,13.94175,15.89
250913145805,temperature,5136,5136,0,0,0.0,1063,25.0,26.0,26.0,29.0,32.0
250914163102,altitude,4039,4039,0,0,0.0,12,4.800000000000011,7.980000000000002,17.0,33.39999999999998,42.799999999999955
250914163102,cadence,4039,4039,0,238,0.058925476603119586,26,0.0,0.0,86.0,94.0,111.0
250914163102,distance,4039,4039,0,0,0.0,5,6.18,1579.3880000000001,16131.19,31010.388,32443.0
250914163102,enhanced_altitude,4039,4039,0,0,0.0,12,4.800000000000011,7.980000000000002,17.0,33.39999999999998,42.799999999999955
250914163102,enhanced_speed,4039,4039,0,10,0.0024758603614756128,2,0.0,5.890300000000001,8.257,9.1481,11.178
250914163102,heart_rate,4039,4039,0,0,0.0,23,55.0,87.0,109.0,126.0,139.0
250914163102,power,4039,4039,0,197,0.04877444912106957,24,0.0,8.900000000000006,177.0,279.0999999999999,523.0
250914163102,speed,4039,4039,0,10,0.0024758603614756128,2,0.0,5.890300000000001,8.257,9.1481,11.178
250914163102,temperature,4039,4039,0,0,0.0,783,23.0,23.0,24.0,26.0,26.0
250920081438,altitude,5442,5442,0,0,0.0,13,16.600000000000023,20.799999999999955,48.0,75.79999999999995,82.39999999999998
250920081438,cadence,5442,5442,0,158,0.029033443586916573,20,0.0,50.0,89.0,98.0,105.0
250920081438,distance,5442,5442,0,0,0.0,6,5.78,2299.4895,23256.45,45102.4485,47394.71
250920081438,enhanced_altitude,5442,5442,0,0,0.0,13,16.600000000000023,20.799999999999955,48.0,75.79999999999995,82.39999999999998
250920081438,enhanced_speed,5442,5439,3,5,0.0009192866335723479,3,0.0,6.466000000000001,8.793,10.110399999999997,11.806
250920081438,heart_rate,5442,5442,0,0,0.0,49,66.0,78.0,122.0,139.0,158.0
250920081438,power,5442,5442,0,145,0.026644615950018376,15,0.0,67.05000000000001,196.0,304.0,564.0
250920081438,speed,5442,5439,3,5,0.0009192866335723479,3,0.0,6.466000000000001,8.793,10.110399999999997,11.806
250920081438,temperature,5442,5442,0,0,0.0,868,17.0,17.0,20.0,21.0,22.0
250921082448,altitude,1504,1504,0,0,0.0,16,-4.199999999999989,2.3999999999999773,4.0,7.0,13.799999999999955
250921082448,cadence,1504,1504,0,115,0.0764627659574468,26,0.0,0.0,85.0,97.0,108.0
250921082448,distance,1504,1504,0,0,0.0,5,7.06,579.0350000000001,6754.23,12989.789,13299.66
250921082448,enhanced_altitude,1504,1504,0,0,0.0,16,-4.199999999999989,2.3999999999999773,4.0,7.0,13.799999999999955
250921082448,enhanced_speed,1504,1504,0,5,0.003324468085106383,2,0.0,5.778149999999999,9.362,10.683549999999999,11.896
250921082448,heart_rate,1504,1504,0,0,0.0,15,99.0,105.0,128.0,157.0,169.0
250921082448,power,1504,1504,0,99,0.06582446808510638,21,0.0,0.0,201.0,338.0,841.0
250921082448,speed,1504,1504,0,5,0.003324468085106383,2,0.0,5.778149999999999,9.362,10.683549999999999,11.896
250921082448,temperature,1504,1504,0,0,0.0,1133,18.0,18.0,18.0,19.0,19.0
250921090114,altitude,7391,7391,0,23,0.003111892842646462,20,-6.399999999999977,0.39999999999997726,4.199999999999989,9.0,16.399999999999977
250921090114,cadence,7391,7366,25,414,0.05620418137387999,12,0.0,0.0,88.0,102.0,121.0
250921090114,distance,7391,7391,0,0,0.0,2,1.56,4666.110000000001,45592.46,86201.655,90901.7
250921090114,enhanced_altitude,7391,7391,0,23,0.003111892842646462,20,-6.399999999999977,0.39999999999997726,4.199999999999989,9.0,16.399999999999977
250921090114,enhanced_speed,7391,7391,0,1,0.00013529968881071573,2,0.0,9.711,12.432,14.446,16.83
250921090114,heart_rate,7391,7368,23,0,0.0,29,119.0,143.0,169.0,188.0,192.0
250921090114,power,7391,7376,15,302,0.04094360086767896,11,0.0,6.0,242.0,589.0,965.0
250921090114,speed,7391,7391,0,1,0.00013529968881071573,2,0.0,9.711,12.432,14.446,16.83
250921090114,temperature,7391,7391,0,0,0.0,857,20.0,20.0,22.0,26.0,26.0
251011081438,altitude,13330,13330,0,3,0.0002250562640660165,16,0.0,5.199999999999989,66.20000000000005,174.79999999999995,270.0
251011081438,cadence,13330,13330,0,999,0.0749437359339835,123,0.0,0.0,87.0,99.0,126.0
251011081438,distance,13330,13330,0,0,0.0,6,7.26,5985.266500000001,55597.715,107946.83099999999,112786.63
251011081438,enhanced_altitude,13330,13330,0,3,0.0002250562640660165,16,0.0,5.199999999999989,66.20000000000005,174.79999999999995,270.0
251011081438,enhanced_speed,13330,13327,3,15,0.0011255346289487506,3,0.0,3.6939,8.807,11.653699999999999,17.104
251011081438,heart_rate,13330,13330,0,0,0.0,36,79.0,107.0,150.0,174.0,185.0
251011081438,power,13330,13330,0,917,0.06879219804951238,124,0.0,0.0,216.0,359.0,854.0
251011081438,speed,13330,13327,3,15,0.0011255346289487506,3,0.0,3.6939,8.807,11.653699999999999,17.104
251011081438,temperature,13330,13330,0,0,0.0,1408,11.0,11.0,17.0,23.0,25.0
251015170431,altitude,4896,4896,0,0,0.0,13,8.0,11.199999999999989,17.799999999999955,26.200000000000045,31.799999999999955
251015170431,cadence,4896,4896,0,198,0.04044117647058824,25,0.0,34.0,90.0,96.0,108.0
251015170431,distance,4896,4896,0,0,0.0,12,8.22,2241.9475,20300.085,39262.759999999995,41361.32
251015170431,enhanced_altitude,4896,4896,0,0,0.0,13,8.0,11.199999999999989,17.799999999999955,26.200000000000045,31.799999999999955
251015170431,enhanced_speed,4896,4896,0,13,0.0026552287581699347,7,0.0,5.38175,8.847,9.405,11.926
251015170431,heart_rate,4896,4896,0,0,0.0,23,78.0,117.0,134.0,146.0,161.0
251015170431,power,4896,4896,0,143,0.02920751633986928,15,0.0,50.0,195.0,308.25,744.0
251015170431,speed,4896,4896,0,13,0.0026552287581699347,7,0.0,5.38175,8.847,9.405,11.926
251015170431,temperature,4896,4896,0,0,0.0,866,15.0,15.0,17.0,20.0,22.0
251018083143,altitude,13628,13628,0,0,0.0,17,26.799999999999955,34.799999999999955,75.39999999999998,173.39999999999998,215.79999999999995
251018083143,cadence,13628,13622,6,1382,0.10145353105270885,155,0.0,0.0,86.0,99.0,110.0
251018083143,distance,13628,13628,0,0,0.0,7,13.31,5702.1495,53560.305,103926.30249999999,109445.73
251018083143,enhanced_altitude,13628,13628,0,0,0.0,17,26.799999999999955,34.799999999999955,75.39999999999998,173.39999999999998,215.79999999999995
251018083143,enhanced_speed,13628,13628,0,13,0.0009539184032873496,3,0.0,3.44035,8.453,11.085949999999999,16.506
251018083143,heart_rate,13628,13628,0,0,0.0,34,97.0,114.0,151.0,176.0,187.0
251018083143,power,13628,13628,0,1292,0.09480481361901967,155,0.0,0.0,214.0,374.0,717.0
251018083143,speed,13628,13628,0,13,0.0009539184032873496,3,0.0,3.44035,8.453,11.085949999999999,16.506
251018083143,temperature,13628,13628,0,0,0.0,1014,8.0,9.0,15.0,20.0,21.0
251025083018,altitude,14243,14243,0,3,0.00021062978305132345,16,0.0,9.800000000000011,52.39999999999998,256.6,331.4
251025083018,cadence,14243,14243,0,1590,0.11163378501720143,118,0.0,0.0,77.0,98.0,115.0
251025083018,distance,14243,14243,0,0,0.0,7,7.56,5632.1410000000005,51976.49,100721.15299999999,107956.11
251025083018,enhanced_altitude,14243,14243,0,3,0.00021062978305132345,16,0.0,9.800000000000011,52.39999999999998,256.6,331.4
251025083018,enhanced_speed,14243,14239,4,20,0.0014045930191726947,3,0.0,3.1949,7.623,12.06,20.109
251025083018,heart_rate,14243,14243,0,0,0.0,30,83.0,104.0,137.0,181.0,193.0
251025083018,power,14243,14243,0,1434,0.10068103629853262,115,0.0,0.0,198.0,339.0,808.0
251025083018,speed,14243,14239,4,20,0.0014045930191726947,3,0.0,3.1949,7.623,12.06,20.109
251025083018,temperature,14243,14243,0,0,0.0,1326,8.0,8.0,12.0,18.0,19.0
251220083114,altitude,13932,13932,0,0,0.0,22,19.399999999999977,23.0,80.79999999999995,184.0,222.60000000000002
251220083114,cadence,13932,13932,0,1663,0.11936548952052828,112,0.0,0.0,86.0,98.0,111.0
251220083114,distance,13932,13932,0,0,0.0,8,7.3,5433.3150000000005,54942.145000000004,105587.02099999998,110738.55
251220083114,enhanced_altitude,13932,13932,0,0,0.0,22,19.399999999999977,23.0,80.79999999999995,184.0,222.60000000000002
251220083114,enhanced_speed,13932,13932,0,12,0.0008613264427217916,5,0.0,3.413,8.318,11.359449999999999,16.488
251220083114,heart_rate,13932,13901,31,0,0.0,30,74.0,102.0,142.0,167.0,184.0
251220083114,power,13932,13931,1,1529,0.1097552221663915,75,0.0,0.0,200.0,342.0,788.0
251220083114,speed,13932,13932,0,12,0.0008613264427217916,5,0.0,3.413,8.318,11.359449999999999,16.488
251220083114,temperature,13932,13932,0,0,0.0,1201,3.0,4.0,9.0,12.0,16.0
260105090043,altitude,12660,12660,0,0,0.0,16,20.399999999999977,29.600000000000023,65.39999999999998,148.60000000000002,181.79999999999995
260105090043,cadence,12660,12655,5,1138,0.08992493085736863,157,0.0,0.0,87.0,99.0,113.0
260105090043,distance,12660,12660,0,0,0.0,5,14.01,5253.6605,49713.975000000006,92856.9585,98597.05
260105090043,enhanced_altitude,12660,12660,0,0,0.0,16,20.399999999999977,29.600000000000023,65.39999999999998,148.60000000000002,181.79999999999995
260105090043,enhanced_speed,12660,12660,0,8,0.000631911532385466,3,0.0,3.9078500000000003,8.145,10.056099999999997,17.899
260105090043,heart_rate,12660,12660,0,0,0.0,33,86.0,111.0,144.0,157.0,181.0
260105090043,power,12660,12656,4,1037,0.08193742098609355,157,0.0,0.0,200.0,303.25,574.0
260105090043,speed,12660,12660,0,8,0.000631911532385466,3,0.0,3.9078500000000003,8.145,10.056099999999997,17.899
260105090043,temperature,12660,12660,0,0,0.0,5406,2.0,2.0,3.0,5.0,15.0
260110082743,altitude,14248,14248,0,0,0.0,19,6.399999999999977,16.399999999999977,58.200000000000045,165.39999999999998,210.79999999999995
260110082743,cadence,14248,14248,0,1738,0.12198203256597417,75,0.0,0.0,80.0,93.0,107.0
260110082743,distance,14248,14248,0,1,7.018528916339136e-05,11,0.0,5860.6325,51741.28999999999,101309.6185,106454.55
260110082743,enhanced_altitude,14248,14248,0,0,0.0,19,6.399999999999977,16.399999999999977,58.200000000000045,165.39999999999998,210.79999999999995
260110082743,enhanced_speed,14248,14248,0,23,0.0016142616507580012,2,0.0,3.053,8.125,10.077,15.072
260110082743,heart_rate,14248,14246,2,0,0.0,26,83.0,98.0,135.0,158.0,177.0
260110082743,power,14248,14248,0,1588,0.11145423919146547,75,0.0,0.0,178.0,290.0,745.0
260110082743,speed,14248,14248,0,23,0.0016142616507580012,2,0.0,3.053,8.125,10.077,15.072
260110082743,temperature,14248,14248,0,4306,0.30221785513756316,2023,-1.0,0.0,4.0,9.0,13.0
260117082736,altitude,13536,13536,0,9,0.0006648936170212766,16,-52.0,-46.19999999999999,-17.600000000000023,213.45,247.79999999999995
260117082736,cadence,13536,13536,0,1197,0.0884308510638298,55,0.0,0.0,81.0,95.0,109.0
260117082736,distance,13536,13536,0,0,0.0,6,6.89,5405.865,48750.285,104478.125,109620.28
260117082736,enhanced_altitude,13536,13536,0,9,0.0006648936170212766,16,-52.0,-46.19999999999999,-17.600000000000023,213.45,247.79999999999995
260117082736,enhanced_speed,13536,13536,0,12,0.0008865248226950354,3,0.0,3.56,8.380500000000001,11.874,15.897
260117082736,heart_rate,13536,13536,0,0,0.0,35,86.0,114.0,146.0,177.0,189.0
260117082736,power,13536,13536,0,1084,0.08008274231678487,63,0.0,0.0,193.0,329.25,866.0
260117082736,speed,13536,13536,0,12,0.0008865248226950354,3,0.0,3.56,8.380500000000001,11.874,15.897
260117082736,temperature,13536,13536,0,0,0.0,2869,7.0,8.0,10.0,14.0,19.0
260221081917,altitude,13675,13675,0,0,0.0,16,23.200000000000045,26.600000000000023,86.20000000000005,319.20000000000005,430.79999999999995
260221081917,cadence,13675,13675,0,885,0.06471663619744059,106,0.0,0.0,84.0,95.0,118.0
260221081917,distance,13675,13675,0,1,7.312614259597807e-05,9,0.0,6058.194,56944.45,109529.63399999999,115301.2
260221081917,enhanced_altitude,13675,13675,0,0,0.0,16,23.200000000000045,26.600000000000023,86.20000000000005,319.20000000000005,430.79999999999995
260221081917,enhanced_speed,13675,13672,3,9,0.0006582796957284962,3,0.0,4.052,8.974,11.0,16.773
260221081917,heart_rate,13675,13675,0,0,0.0,26,88.0,117.0,155.0,174.0,187.0
260221081917,power,13675,13675,0,842,0.06157221206581353,106,0.0,0.0,216.0,342.0,895.0
260221081917,speed,13675,13672,3,9,0.0006582796957284962,3,0.0,4.052,8.974,11.0,16.773
260221081917,temperature,13675,13675,0,0,0.0,1719,2.0,3.0,9.0,12.0,14.0
260301114610,altitude,7915,7915,0,0,0.0,13,20.799999999999955,23.0,26.0,29.200000000000045,32.0
260301114610,cadence,7915,7791,124,722,0.09267103067642152,19,0.0,0.0,92.0,105.0,117.0
260301114610,distance,7915,7915,0,0,0.0,2,4.83,3950.472,46660.26,89605.38199999998,94749.78
260301114610,enhanced_altitude,7915,7915,0,0,0.0,13,20.799999999999955,23.0,26.0,29.200000000000045,32.0
260301114610,enhanced_speed,7915,7915,0,1,0.00012634238787113077,2,0.0,8.3784,12.32,14.183899999999998,15.845
260301114610,heart_rate,7915,7914,1,0,0.0,30,93.0,136.0,158.0,176.0,192.0
260301114610,power,7915,7841,74,590,0.07524550439994898,13,0.0,0.0,193.0,625.0,928.0
260301114610,speed,7915,7915,0,1,0.00012634238787113077,2,0.0,8.3784,12.32,14.183899999999998,15.845
260301114610,temperature,7915,7915,0,0,0.0,4207,8.0,8.0,9.0,10.0,10.0
260321102409,altitude,5482,5482,0,0,0.0,16,-7.0,2.6000000000000227,10.800000000000011,23.399999999999977,26.399999999999977
260321102409,cadence,5482,5482,0,170,0.031010580080262678,25,0.0,57.0,90.0,97.0,114.0
260321102409,distance,5482,5482,0,0,0.0,5,7.28,2392.124,25881.265,47060.915499999996,49369.4
260321102409,enhanced_altitude,5482,5482,0,0,0.0,16,-7.0,2.6000000000000227,10.800000000000011,23.399999999999977,26.399999999999977
260321102409,enhanced_speed,5482,5482,0,3,0.0005472455308281649,2,0.0,6.96905,8.993,11.24595,14.494
260321102409,heart_rate,5482,5482,0,0,0.0,31,82.0,120.0,133.0,168.0,180.0
260321102409,power,5482,5482,0,132,0.024078803356439256,18,0.0,77.0,191.0,362.0,1011.0
260321102409,speed,5482,5482,0,3,0.0005472455308281649,2,0.0,6.96905,8.993,11.24595,14.494
260321102409,temperature,5482,5482,0,0,0.0,890,15.0,15.0,16.0,17.0,19.0
260322111400,altitude,5156,5156,0,98,0.01900698215671063,13,-3.6000000000000227,-0.6000000000000227,2.6000000000000227,5.0,7.0
260322111400,cadence,5156,5136,20,224,0.04361370716510903,13,0.0,23.0,88.0,106.0,120.0
260322111400,distance,5156,5156,0,0,0.0,2,0.78,3498.5525,30762.405,57797.585,60768.2
260322111400,enhanced_altitude,5156,5156,0,98,0.01900698215671063,13,-3.6000000000000227,-0.6000000000000227,2.6000000000000227,5.0,7.0
260322111400,enhanced_speed,5156,5156,0,1,0.0001939487975174554,2,0.0,8.77175,11.718,14.78925,16.908
260322111400,heart_rate,5156,5145,11,0,0.0,27,92.0,146.0,169.0,186.0,193.0
260322111400,power,5156,5149,7,133,0.025830258302583026,12,0.0,15.0,244.0,620.5999999999995,1002.0
260322111400,speed,5156,5156,0,1,0.0001939487975174554,2,0.0,8.77175,11.718,14.78925,16.908
260322111400,temperature,5156,5156,0,0,0.0,586,16.0,17.0,18.0,19.0,19.0
260404082403,altitude,14973,14973,0,32,0.0021371802577973688,21,-4.800000000000011,-0.6000000000000227,31.399999999999977,315.4,355.4
260404082403,cadence,14973,14933,40,1028,0.06884082233978436,46,0.0,0.0,85.0,99.0,125.0
260404082403,distance,14973,14973,0,0,0.0,9,6.33,6635.052000000001,68264.26,130188.692,137085.03
260404082403,enhanced_altitude,14973,14973,0,32,0.0021371802577973688,21,-4.800000000000011,-0.6000000000000227,31.399999999999977,315.4,355.4
260404082403,enhanced_speed,14973,14968,5,54,0.0036076964190272583,3,0.0,4.6627,9.393,13.267,18.424
260404082403,heart_rate,14973,14971,2,0,0.0,41,72.0,107.0,144.0,178.0,190.0
260404082403,power,14973,14942,31,866,0.05795743541694552,32,0.0,0.0,219.0,381.0,838.0
260404082403,speed,14973,14968,5,54,0.0036076964190272583,3,0.0,4.6627,9.393,13.267,18.424
260404082403,temperature,14973,14973,0,0,0.0,878,10.0,10.0,18.0,23.0,23.0
260407082440,altitude,5157,5157,0,0,0.0,13,-6.0,6.600000000000023,15.200000000000045,27.600000000000023,32.0
260407082440,cadence,5157,5157,0,56,0.010859026565832848,22,0.0,67.0,83.0,91.0,108.0
260407082440,distance,5157,5157,0,0,0.0,2,5.86,2327.264,25892.98,46941.426,49008.94
260407082440,enhanced_altitude,5157,5157,0,0,0.0,13,-6.0,6.600000000000023,15.200000000000045,27.600000000000023,32.0
260407082440,enhanced_speed,5157,5157,0,1,0.00019391118867558658,3,0.0,7.3808,9.296,11.905,13.587
260407082440,heart_rate,5157,5157,0,0,0.0,27,104.0,132.0,145.0,175.0,181.0
260407082440,power,5157,5157,0,40,0.0077564475470234635,13,0.0,66.0,214.0,460.0,708.0
260407082440,speed,5157,5157,0,1,0.00019391118867558658,3,0.0,7.3808,9.296,11.905,13.587
260407082440,temperature,5157,5157,0,0,0.0,1060,13.0,13.0,16.0,19.0,19.0
260412113502,altitude,7818,7818,0,0,0.0,15,83.79999999999995,89.20000000000005,100.0,109.60000000000002,112.20000000000005
260412113502,cadence,7818,7729,89,416,0.05382326303532152,17,0.0,0.0,89.0,106.0,124.0
260412113502,distance,7818,7818,0,0,0.0,1,2.74,4205.4755000000005,47059.475000000006,87536.3,92306.92
260412113502,enhanced_altitude,7818,7818,0,0,0.0,15,83.79999999999995,89.20000000000005,100.0,109.60000000000002,112.20000000000005
260412113502,enhanced_speed,7818,7818,0,0,0.0,3,3.002,9.26585,11.7895,14.258,17.206
260412113502,heart_rate,7818,7812,6,0,0.0,32,101.0,151.0,172.0,190.0,195.0
260412113502,power,7818,7768,50,348,0.04479917610710608,17,0.0,5.0,233.0,613.6499999999996,1201.0
260412113502,speed,7818,7818,0,0,0.0,3,3.002,9.26585,11.7895,14.258,17.206
260412113502,temperature,7818,7818,0,0,0.0,1318,20.0,21.0,22.0,23.0,27.0
260418073226,altitude,14455,14455,0,0,0.0,13,146.20000000000005,165.79999999999995,208.0,413.0,478.0
260418073226,cadence,14455,14455,0,1587,0.10978900034590107,63,0.0,0.0,76.0,93.0,110.0
260418073226,distance,14455,14455,0,0,0.0,12,11.2,6044.705000000001,59272.05,106670.094,112001.45
260418073226,enhanced_altitude,14455,14455,0,0,0.0,13,146.20000000000005,165.79999999999995,208.0,413.0,478.0
260418073226,enhanced_speed,14455,14437,18,26,0.0018009281706725775,2,0.0,3.103,7.909,11.8072,16.894
260418073226,heart_rate,14455,14455,0,0,0.0,35,84.0,110.0,147.0,179.0,187.0
260418073226,power,14455,14455,0,1458,0.1008647526807333,63,0.0,0.0,235.0,376.0,671.0
260418073226,speed,14455,14437,18,26,0.0018009281706725775,2,0.0,3.103,7.909,11.8072,16.894
260418073226,temperature,14455,14455,0,0,0.0,1431,14.0,15.0,18.0,24.0,25.0
260419082508,altitude,2766,2766,0,0,0.0,21,29.0,30.399999999999977,38.799999999999955,50.39999999999998,53.0
260419082508,cadence,2766,2766,0,100,0.036153289949385395,30,0.0,52.5,80.0,89.0,103.0
260419082508,distance,2766,2766,0,0,0.0,5,4.85,957.635,10802.025000000001,20332.66,21378.69
260419082508,enhanced_altitude,2766,2766,0,0,0.0,21,29.0,30.399999999999977,38.799999999999955,50.39999999999998,53.0
260419082508,enhanced_speed,2766,2766,0,5,0.0018076644974692696,3,0.0,5.99775,7.8614999999999995,8.68575,10.19
260419082508,heart_rate,2766,2766,0,0,0.0,19,73.0,101.0,120.0,128.0,138.0
260419082508,power,2766,2766,0,83,0.030007230657989877,29,0.0,63.0,148.0,209.75,338.0
260419082508,speed,2766,2766,0,5,0.0018076644974692696,3,0.0,5.99775,7.8614999999999995,8.68575,10.19
260419082508,temperature,2766,2766,0,0,0.0,1200,14.0,15.0,15.0,17.0,18.0
260424160919,altitude,4667,4667,0,0,0.0,15,11.600000000000023,15.200000000000045,27.200000000000045,55.39999999999998,60.799999999999955
260424160919,cadence,4667,4574,93,71,0.015522518583296896,19,0.0,69.65,86.0,95.0,112.0
260424160919,distance,4667,4667,0,0,0.0,5,8.26,2093.826,23734.25,43256.534,45270.84
260424160919,enhanced_altitude,4667,4667,0,0,0.0,15,11.600000000000023,15.200000000000045,27.200000000000045,55.39999999999998,60.799999999999955
260424160919,enhanced_speed,4667,4667,0,3,0.0006428112277694451,3,0.0,7.5191,9.631,11.9907,13.972
260424160919,heart_rate,4667,4667,0,0,0.0,25,96.0,120.0,150.0,173.0,187.0
260424160919,power,4667,4575,92,61,0.013333333333333334,16,0.0,75.0,210.0,462.0,848.0
260424160919,speed,4667,4667,0,3,0.0006428112277694451,3,0.0,7.5191,9.631,11.9907,13.972
260424160919,temperature,4667,4667,0,0,0.0,1666,21.0,22.0,23.0,25.0,25.0
260425073220,altitude,16934,16934,0,0,0.0,21,12.799999999999955,18.600000000000023,61.60000000000002,1058.0699999999997,1169.0
260425073220,cadence,16934,16934,0,1418,0.08373686075351364,87,0.0,0.0,83.0,94.0,109.0
260425073220,distance,16934,16934,0,0,0.0,9,6.67,7408.505,60226.854999999996,127172.78049999998,134218.47
260425073220,enhanced_altitude,16934,16934,0,0,0.0,21,12.799999999999955,18.600000000000023,61.60000000000002,1058.0699999999997,1169.0
260425073220,enhanced_speed,16934,16930,4,23,0.0013585351447135262,4,0.0,3.39745,8.398,11.923649999999999,19.465
260425073220,heart_rate,16934,16934,0,0,0.0,41,84.0,104.0,143.0,172.0,183.0
260425073220,power,16934,16934,0,1374,0.08113853785284043,86,0.0,0.0,212.0,343.0,626.0
260425073220,speed,16934,16930,4,23,0.0013585351447135262,4,0.0,3.39745,8.398,11.923649999999999,19.465
260425073220,temperature,16934,16934,0,0,0.0,1069,10.0,11.0,18.0,26.0,27.0
260427170343,altitude,5136,5136,0,0,0.0,16,13.399999999999977,16.200000000000045,30.0,52.39999999999998,58.0
260427170343,cadence,5136,5136,0,217,0.042250778816199375,28,0.0,29.0,86.0,95.0,109.0
260427170343,distance,5136,5136,0,1,0.00019470404984423675,7,0.0,2157.7574999999997,25072.805,45948.47,48086.52
260427170343,enhanced_altitude,5136,5136,0,0,0.0,16,13.399999999999977,16.200000000000045,30.0,52.39999999999998,58.0
260427170343,enhanced_speed,5136,5136,0,12,0.002336448598130841,2,0.0,5.16375,9.438500000000001,11.880500000000001,14.248
260427170343,heart_rate,5136,5136,0,0,0.0,25,91.0,116.0,143.0,169.0,188.0
260427170343,power,5136,5136,0,176,0.03426791277258567,29,0.0,31.75,196.0,459.0,797.0
260427170343,speed,5136,5136,0,12,0.002336448598130841,2,0.0,5.16375,9.438500000000001,11.880500000000001,14.248
260427170343,temperature,5136,5136,0,0,0.0,1017,22.0,23.0,25.0,25.0,26.0
260428165622,altitude,4364,4364,0,0,0.0,16,-1.1999999999999886,6.199999999999989,14.799999999999955,23.399999999999977,31.0
260428165622,cadence,4364,4364,0,81,0.01856095325389551,22,0.0,60.0,86.0,98.0,107.0
260428165622,distance,4364,4364,0,0,0.0,6,6.29,1925.739,20558.02,40369.746499999994,42222.63
260428165622,enhanced_altitude,4364,4364,0,0,0.0,16,-1.1999999999999886,6.199999999999989,14.799999999999955,23.399999999999977,31.0
260428165622,enhanced_speed,4364,4364,0,3,0.000687442713107241,3,0.0,7.0262,9.671,12.441699999999999,13.571
260428165622,heart_rate,4364,4364,0,0,0.0,20,96.0,119.0,140.0,175.0,180.0
260428165622,power,4364,4364,0,64,0.01466544454628781,11,0.0,49.0,202.0,479.0,717.0
260428165622,speed,4364,4364,0,3,0.000687442713107241,3,0.0,7.0262,9.671,12.441699999999999,13.571
260428165622,temperature,4364,4364,0,0,0.0,1615,21.0,21.0,22.0,23.0,23.0
260501094312,altitude,4477,4477,0,0,0.0,15,26.0,30.399999999999977,43.60000000000002,58.39999999999998,66.60000000000002
260501094312,cadence,4477,4477,0,68,0.015188742461469734,42,0.0,72.0,86.0,94.0,114.0
260501094312,distance,4477,4477,0,0,0.0,2,5.54,1839.24,20954.35,39098.301999999996,41002.36
260501094312,enhanced_altitude,4477,4477,0,0,0.0,15,26.0,30.399999999999977,43.60000000000002,58.39999999999998,66.60000000000002
260501094312,enhanced_speed,4477,4477,0,1,0.00022336385972749609,2,0.0,7.6782,8.998,11.524399999999998,15.874
260501094312,heart_rate,4477,4477,0,0,0.0,22,84.0,118.0,131.0,163.0,179.0
260501094312,power,4477,4477,0,64,0.01429528702255975,14,0.0,84.80000000000001,185.0,385.1999999999998,1044.0
260501094312,speed,4477,4477,0,1,0.00022336385972749609,2,0.0,7.6782,8.998,11.524399999999998,15.874
260501094312,temperature,4477,4477,0,0,0.0,902,16.0,16.0,19.0,19.0,19.0
260502130449,altitude,2434,2434,0,0,0.0,12,7.800000000000011,11.530000000000008,15.200000000000045,18.600000000000023,20.0
260502130449,cadence,2434,2432,2,45,0.01850328947368421,33,0.0,74.0,87.0,95.0,109.0
260502130449,distance,2434,2434,0,0,0.0,6,6.61,1121.3085,11825.09,23017.0185,24068.68
260502130449,enhanced_altitude,2434,2434,0,0,0.0,12,7.800000000000011,11.530000000000008,15.200000000000045,18.600000000000023,20.0
260502130449,enhanced_speed,2434,2434,0,9,0.0036976170912078883,3,0.0,8.1899,9.963,11.808,13.386
260502130449,heart_rate,2434,2434,0,0,0.0,20,98.0,112.0,145.0,172.0,179.0
260502130449,power,2434,2433,1,34,0.013974517057131115,30,0.0,82.0,216.0,372.4000000000001,735.0
260502130449,speed,2434,2434,0,9,0.0036976170912078883,3,0.0,8.1899,9.963,11.808,13.386
260502130449,temperature,2434,2434,0,0,0.0,438,22.0,24.0,27.0,29.0,30.0
260502140459,altitude,6105,6105,0,38,0.0062244062244062245,21,-6.199999999999989,0.39999999999997726,6.399999999999977,11.800000000000011,15.399999999999977
260502140459,cadence,6105,6086,19,68,0.0111731843575419,11,0.0,71.0,92.0,106.0,126.0
260502140459,distance,6105,6105,0,0,0.0,1,2.95,3898.2219999999998,37033.55,69011.56199999999,72335.22
260502140459,enhanced_altitude,6105,6105,0,38,0.0062244062244062245,21,-6.199999999999989,0.39999999999997726,6.399999999999977,11.800000000000011,15.399999999999977
260502140459,enhanced_speed,6105,6105,0,0,0.0,2,3.831,9.5966,11.815,14.191600000000001,16.361
260502140459,heart_rate,6105,6105,0,0,0.0,33,106.0,155.0,176.0,190.0,193.0
260502140459,power,6105,6083,22,46,0.007562058194969587,6,0.0,48.10000000000002,266.0,563.0,1102.0
260502140459,speed,6105,6105,0,0,0.0,2,3.831,9.5966,11.815,14.191600000000001,16.361
260502140459,temperature,6105,6105,0,0,0.0,759,26.0,26.0,27.0,29.0,35.0
260509140032,altitude,2886,2886,0,0,0.0,13,10.199999999999989,31.600000000000023,38.0,44.799999999999955,48.200000000000045
260509140032,cadence,2886,2886,0,110,0.038115038115038115,23,0.0,35.25,90.0,100.0,114.0
260509140032,distance,2886,2886,0,1,0.0003465003465003465,5,0.0,1237.335,13094.07,25234.705,26124.62
260509140032,enhanced_altitude,2886,2886,0,0,0.0,13,10.199999999999989,31.600000000000023,38.0,44.799999999999955,48.200000000000045
260509140032,enhanced_speed,2886,2886,0,6,0.002079002079002079,2,0.0,5.673,9.325,11.32925,12.267
260509140032,heart_rate,2886,2886,0,0,0.0,19,104.0,120.0,145.0,171.0,181.0
260509140032,power,2886,2886,0,93,0.032224532224532226,22,0.0,26.0,186.5,429.0,882.0
260509140032,speed,2886,2886,0,6,0.002079002079002079,2,0.0,5.673,9.325,11.32925,12.267
260509140032,temperature,2886,2886,0,0,0.0,531,26.0,27.0,29.0,34.0,38.0
260509150834,altitude,5835,5835,0,0,0.0,27,33.60000000000002,38.60000000000002,44.60000000000002,52.39999999999998,55.39999999999998
260509150834,cadence,5835,5819,16,147,0.025262072521051726,18,0.0,45.900000000000034,90.0,104.0,119.0
260509150834,distance,5835,5835,0,0,0.0,2,6.43,3489.0769999999998,35339.53,66106.77900000001,69402.89
260509150834,enhanced_altitude,5835,5835,0,0,0.0,27,33.60000000000002,38.60000000000002,44.60000000000002,52.39999999999998,55.39999999999998
260509150834,enhanced_speed,5835,5835,0,2,0.00034275921165381317,3,0.0,9.723,11.825,14.2558,16.354
260509150834,heart_rate,5835,5832,3,0,0.0,36,103.0,155.0,180.0,189.0,194.0
260509150834,power,5835,5825,10,99,0.016995708154506437,17,0.0,28.0,272.0,607.0,961.0
260509150834,speed,5835,5835,0,2,0.00034275921165381317,3,0.0,9.723,11.825,14.2558,16.354
260509150834,temperature,5835,5835,0,0,0.0,685,25.0,25.0,27.0,31.0,37.0
260512171641,altitude,5216,5216,0,0,0.0,16,14.799999999999955,20.399999999999977,35.60000000000002,72.44999999999999,82.0
260512171641,cadence,5216,5216,0,174,0.033358895705521474,24,0.0,47.0,83.0,93.0,105.0
260512171641,distance,5216,5216,0,0,0.0,9,6.46,2073.2825,24084.64,47053.925,49377.48
260512171641,enhanced_altitude,5216,5216,0,0,0.0,16,14.799999999999955,20.399999999999977,35.60000000000002,72.44999999999999,82.0
260512171641,enhanced_speed,5216,5216,0,10,0.0019171779141104294,3,0.0,6.76225,9.655,11.47125,12.884
260512171641,heart_rate,5216,5216,0,0,0.0,25,63.0,108.0,140.0,171.0,179.0
260512171641,power,5216,5216,0,140,0.026840490797546013,16,0.0,54.0,221.0,454.25,756.0
260512171641,speed,5216,5216,0,10,0.0019171779141104294,3,0.0,6.76225,9.655,11.47125,12.884
260512171641,temperature,5216,5216,0,0,0.0,950,15.0,15.0,17.0,18.0,18.0
260513170002,altitude,5777,5777,0,0,0.0,13,8.600000000000023,13.399999999999977,44.60000000000002,113.39999999999998,124.39999999999998
260513170002,cadence,5777,5777,0,166,0.028734637355028562,36,0.0,54.0,84.0,92.0,103.0
260513170002,distance,5777,5777,0,0,0.0,5,6.77,2485.75,25845.13,49910.111999999994,52178.54
260513170002,enhanced_altitude,5777,5777,0,0,0.0,13,8.600000000000023,13.399999999999977,44.60000000000002,113.39999999999998,124.39999999999998
260513170002,enhanced_speed,5777,5777,0,6,0.0010386013501817552,6,0.0,6.281,9.258,10.717,16.542
260513170002,heart_rate,5777,5777,0,0,0.0,35,74.0,111.0,132.0,143.0,150.0
260513170002,power,5777,5777,0,129,0.02232992902890774,36,0.0,56.0,215.0,323.0,623.0
260513170002,speed,5777,5777,0,6,0.0010386013501817552,6,0.0,6.281,9.258,10.717,16.542
260513170002,temperature,5777,5777,0,0,0.0,1144,16.0,16.0,17.0,20.0,20.0
260517080120,altitude,10492,10492,0,0,0.0,16,147.20000000000005,161.51000000000002,211.60000000000002,421.20000000000005,479.0
260517080120,cadence,10492,10453,39,752,0.07194106954941165,33,0.0,0.0,84.0,100.0,115.0
260517080120,distance,10492,10492,0,0,0.0,11,5.62,5077.830500000001,54343.39,93961.75749999999,98676.69
260517080120,enhanced_altitude,10492,10492,0,0,0.0,16,147.20000000000005,161.51000000000002,211.60000000000002,421.20000000000005,479.0
260517080120,enhanced_speed,10492,10485,7,10,0.0009537434430138292,4,0.0,3.0432000000000006,9.927,14.463799999999999,18.601
260517080120,heart_rate,10492,10492,0,0,0.0,24,99.0,136.0,167.0,186.0,197.0
260517080120,power,10492,10471,21,660,0.06303122910896762,34,0.0,0.0,279.0,509.0,972.0
260517080120,speed,10492,10485,7,10,0.0009537434430138292,4,0.0,3.0432000000000006,9.927,14.463799999999999,18.601
260517080120,temperature,10492,10492,0,0,0.0,960,10.0,11.0,15.0,21.0,23.0
260519170927,altitude,5632,5632,0,0,0.0,20,8.600000000000023,11.399999999999977,25.0,56.39999999999998,63.0
260519170927,cadence,5632,5632,0,167,0.029651988636363636,27,0.0,51.0,85.0,94.0,103.0
260519170927,distance,5632,5632,0,0,0.0,7,6.72,2466.389,27191.934999999998,49825.551499999994,52200.14
260519170927,enhanced_altitude,5632,5632,0,0,0.0,20,8.600000000000023,11.399999999999977,25.0,56.39999999999998,63.0
260519170927,enhanced_speed,5632,5632,0,15,0.0026633522727272725,3,0.0,6.55795,9.361,11.68825,14.198
260519170927,heart_rate,5632,5632,0,0,0.0,28,77.0,112.0,141.0,178.0,183.0
260519170927,power,5632,5632,0,150,0.026633522727272728,41,0.0,35.0,204.0,445.0,795.0
260519170927,speed,5632,5632,0,15,0.0026633522727272725,3,0.0,6.55795,9.361,11.68825,14.198
260519170927,temperature,5632,5632,0,0,0.0,1466,21.0,21.0,23.0,25.0,25.0
260522164831,altitude,4382,4382,0,46,0.010497489730716568,12,-14.199999999999989,-3.0,6.199999999999989,13.399999999999977,20.600000000000023
260522164831,cadence,4382,4382,0,93,0.021223185759926974,23,0.0,61.0,89.0,97.0,105.0
260522164831,distance,4382,4382,0,1,0.00022820629849383843,4,0.0,1844.0680000000002,20980.11,40126.4255,41956.61
260522164831,enhanced_altitude,4382,4382,0,46,0.010497489730716568,12,-14.199999999999989,-3.0,6.199999999999989,13.399999999999977,20.600000000000023
260522164831,enhanced_speed,4382,4382,0,8,0.0018256503879507074,2,0.0,7.04725,9.707,11.553,12.865
260522164831,heart_rate,4382,4382,0,0,0.0,24,71.0,122.0,140.0,152.0,159.0
260522164831,power,4382,4382,0,74,0.016887266088544045,15,0.0,83.05000000000001,212.0,338.9499999999998,703.0
260522164831,speed,4382,4382,0,8,0.0018256503879507074,2,0.0,7.04725,9.707,11.553,12.865
260522164831,temperature,4382,4382,0,0,0.0,544,23.0,26.0,28.0,29.0,30.0
260523080618,altitude,3907,3907,0,0,0.0,22,7.399999999999977,10.399999999999977,26.0,46.799999999999955,51.60000000000002
260523080618,cadence,3907,3907,0,69,0.017660609163040696,16,0.0,72.0,92.0,99.0,119.0
260523080618,distance,3907,3907,0,0,0.0,5,6.5,1546.726,16152.15,31878.213999999996,33519.42
260523080618,enhanced_altitude,3907,3907,0,0,0.0,22,7.399999999999977,10.399999999999977,26.0,46.799999999999955,51.60000000000002
260523080618,enhanced_speed,3907,3907,0,4,0.0010238034297414896,2,0.0,6.8019,8.472,10.669299999999998,14.746
260523080618,heart_rate,3907,3907,0,0,0.0,19,99.0,112.0,129.0,162.0,180.0
260523080618,power,3907,3907,0,53,0.013565395444074738,10,0.0,70.0,163.0,342.0,1014.0
260523080618,speed,3907,3907,0,4,0.0010238034297414896,2,0.0,6.8019,8.472,10.669299999999998,14.746
260523080618,temperature,3907,3907,0,0,0.0,1232,21.0,21.0,22.0,25.0,25.0
260524095636,altitude,2209,2209,0,7,0.003168854685377999,20,-1.8000000000000114,0.6000000000000227,3.1999999999999886,5.199999999999989,13.0
260524095636,cadence,2209,2209,0,293,0.13263920325939338,36,0.0,0.0,87.0,102.0,121.0
260524095636,distance,2209,2209,0,0,0.0,6,8.04,937.294,9902.12,16760.218,17184.99
260524095636,enhanced_altitude,2209,2209,0,7,0.003168854685377999,20,-1.8000000000000114,0.6000000000000227,3.1999999999999886,5.199999999999989,13.0
260524095636,enhanced_speed,2209,2209,0,16,0.007243096423721141,3,0.0,2.4744,8.844,11.1262,14.545
260524095636,heart_rate,2209,2209,0,0,0.0,17,89.0,102.0,135.0,161.0,177.0
260524095636,power,2209,2209,0,252,0.11407876867360797,36,0.0,0.0,171.0,433.0,983.0
260524095636,speed,2209,2209,0,16,0.007243096423721141,3,0.0,2.4744,8.844,11.1262,14.545
260524095636,temperature,2209,2209,0,0,0.0,542,24.0,25.0,28.0,31.0,31.0
260524104617,altitude,5968,5968,0,0,0.0,12,0.6000000000000227,5.600000000000023,9.199999999999989,12.200000000000045,18.399999999999977
260524104617,cadence,5968,5960,8,161,0.027013422818791946,15,0.0,52.0,89.0,104.0,119.0
260524104617,distance,5968,5968,0,1,0.0001675603217158177,2,0.0,3449.9255000000003,36126.085,67311.2315,70988.9
260524104617,enhanced_altitude,5968,5968,0,0,0.0,12,0.6000000000000227,5.600000000000023,9.199999999999989,12.200000000000045,18.399999999999977
260524104617,enhanced_speed,5968,5968,0,3,0.0005026809651474531,3,0.0,10.0887,11.9295,13.702,16.082
260524104617,heart_rate,5968,5952,16,0,0.0,28,86.0,159.0,177.0,189.0,194.0
260524104617,power,5968,5963,5,116,0.019453295321147073,7,0.0,36.0,258.0,589.0,1013.0
260524104617,speed,5968,5968,0,3,0.0005026809651474531,3,0.0,10.0887,11.9295,13.702,16.082
260524104617,temperature,5968,5968,0,0,0.0,979,29.0,29.0,30.0,32.0,32.0
260526170146,altitude,5983,5983,0,0,0.0,16,6.600000000000023,14.0,35.200000000000045,69.39999999999998,101.79999999999995
260526170146,cadence,5983,5980,3,205,0.034280936454849496,26,0.0,50.0,86.0,96.0,107.0
260526170146,distance,5983,5983,0,0,0.0,5,6.45,2668.9750000000004,30043.16,54996.823,57445.56
260526170146,enhanced_altitude,5983,5983,0,0,0.0,16,6.600000000000023,14.0,35.200000000000045,69.39999999999998,101.79999999999995
260526170146,enhanced_speed,5983,5983,0,7,0.001169981614574628,3,0.0,6.3245,9.524,12.4437,18.559
260526170146,heart_rate,5983,5983,0,0,0.0,26,92.0,121.0,149.0,180.0,185.0
260526170146,power,5983,5980,3,189,0.03160535117056856,27,0.0,25.0,199.0,493.0,802.0
260526170146,speed,5983,5983,0,7,0.001169981614574628,3,0.0,6.3245,9.524,12.4437,18.559
260526170146,temperature,5983,5983,0,0,0.0,986,24.0,30.0,32.0,34.0,35.0
260529161523,altitude,4614,4614,0,0,0.0,23,5.199999999999989,6.600000000000023,15.600000000000023,24.0,29.399999999999977
260529161523,cadence,4614,4577,37,181,0.03954555385623771,64,0.0,42.60000000000002,86.0,94.0,101.0
260529161523,distance,4614,4614,0,1,0.00021673168617251842,7,0.0,1965.271,21361.375,40241.76649999999,41520.17
260529161523,enhanced_altitude,4614,4614,0,0,0.0,23,5.199999999999989,6.600000000000023,15.600000000000023,24.0,29.399999999999977
260529161523,enhanced_speed,4614,4588,26,20,0.004359197907585004,3,0.0,6.158200000000001,9.339500000000001,10.355599999999997,11.323
260529161523,heart_rate,4614,4614,0,0,0.0,26,76.0,109.0,131.0,138.0,147.0
260529161523,power,4614,4577,37,150,0.032772558444395895,57,0.0,42.80000000000001,200.0,284.0,566.0
260529161523,speed,4614,4588,26,20,0.004359197907585004,3,0.0,6.158200000000001,9.339500000000001,10.355599999999997,11.323
260529161523,temperature,4614,4614,0,0,0.0,847,24.0,27.0,30.0,31.0,32.0
260602090418,altitude,2387,2387,0,0,0.0,16,39.60000000000002,44.0,48.60000000000002,58.60000000000002,61.799999999999955
260602090418,cadence,2387,2382,5,279,0.11712846347607053,22,0.0,0.0,78.0,99.0,111.0
260602090418,distance,2387,2387,0,2,0.0008378718056137411,6,0.0,830.796,9159.73,16253.750999999998,16529.88
260602090418,enhanced_altitude,2387,2387,0,0,0.0,16,39.60000000000002,44.0,48.60000000000002,58.60000000000002,61.799999999999955
260602090418,enhanced_speed,2387,2387,0,13,0.005446166736489317,2,0.0,1.9681000000000002,7.317,10.604699999999998,11.944
260602090418,heart_rate,2387,2387,0,0,0.0,19,76.0,88.0,115.0,143.0,168.0
260602090418,power,2387,2387,0,260,0.10892333472978634,23,0.0,0.0,109.0,308.0,767.0
260602090418,speed,2387,2387,0,13,0.005446166736489317,2,0.0,1.9681000000000002,7.317,10.604699999999998,11.944
260602090418,temperature,2387,2387,0,0,0.0,1284,22.0,22.0,22.0,26.0,27.0
260602100204,altitude,6026,6026,0,0,0.0,11,44.0,55.849999999999966,166.79999999999995,283.79999999999995,297.20000000000005
260602100204,cadence,6026,5983,43,146,0.02440247367541367,14,0.0,63.0,92.0,104.0,116.0
260602100204,distance,6026,6026,0,0,0.0,1,4.06,2299.975,33408.744999999995,69211.64499999999,73453.7
260602100204,enhanced_altitude,6026,6026,0,0,0.0,11,44.0,55.849999999999966,166.79999999999995,283.79999999999995,297.20000000000005
260602100204,enhanced_speed,6026,6026,0,0,0.0,2,4.389,8.120249999999999,12.3865,15.333,17.185
260602100204,heart_rate,6026,6026,0,0,0.0,18,94.0,138.0,174.0,187.0,192.0
260602100204,power,6026,6007,19,135,0.02247378058931247,12,0.0,23.30000000000001,259.0,566.0,915.0
260602100204,speed,6026,6026,0,0,0.0,2,4.389,8.120249999999999,12.3865,15.333,17.185
260602100204,temperature,6026,6026,0,0,0.0,2103,22.0,22.0,24.0,28.0,30.0
260606075342,altitude,14402,14402,0,0,0.0,15,-32.60000000000002,21.799999999999955,78.0,373.1899999999998,477.20000000000005
260606075342,cadence,14402,14402,0,1276,0.08859880572142757,120,0.0,0.0,81.0,91.0,112.0
260606075342,distance,14402,14402,0,0,0.0,6,5.7,6078.646500000001,57597.565,114805.886,120464.96
260606075342,enhanced_altitude,14402,14402,0,0,0.0,15,-32.60000000000002,21.799999999999955,78.0,373.1899999999998,477.20000000000005
260606075342,enhanced_speed,14402,14402,0,11,0.0007637828079433412,3,0.0,4.089,8.706,11.571799999999994,18.05
260606075342,heart_rate,14402,14402,0,0,0.0,48,85.0,112.0,139.0,179.0,190.0
260606075342,power,14402,14402,0,1163,0.08075267323982781,99,0.0,0.0,207.0,387.0,872.0
260606075342,speed,14402,14402,0,11,0.0007637828079433412,3,0.0,4.089,8.706,11.571799999999994,18.05
260606075342,temperature,14402,14402,0,0,0.0,1736,16.0,17.0,21.0,24.0,27.0
260609170059,altitude,5131,5131,0,0,0.0,16,14.399999999999977,16.200000000000045,31.799999999999955,57.39999999999998,61.60000000000002
260609170059,cadence,5131,5131,0,88,0.017150652894172676,38,0.0,65.0,85.0,96.0,112.0
260609170059,distance,5131,5131,0,0,0.0,6,7.68,2222.0249999999996,24978.78,47105.880000000005,49368.61
260609170059,enhanced_altitude,5131,5131,0,0,0.0,16,14.399999999999977,16.200000000000045,31.799999999999955,57.39999999999998,61.60000000000002
260609170059,enhanced_speed,5131,5131,0,7,0.001364256480218281,2,0.0,7.2059999999999995,9.596,11.926,13.67
260609170059,heart_rate,5131,5131,0,0,0.0,30,94.0,117.0,141.0,175.0,190.0
260609170059,power,5131,5131,0,63,0.01227830832196453,13,0.0,62.0,194.0,433.0,769.0
260609170059,speed,5131,5131,0,7,0.001364256480218281,2,0.0,7.2059999999999995,9.596,11.926,13.67
260609170059,temperature,5131,5131,0,0,0.0,705,24.0,27.0,28.0,30.0,30.0
260614094858,altitude,1194,1194,0,0,0.0,12,283.0,286.79999999999995,289.20000000000005,292.4,293.4
260614094858,cadence,1194,1189,5,257,0.216148023549201,21,0.0,0.0,46.0,94.0,121.0
260614094858,distance,1194,1194,0,0,0.0,6,5.62,359.18250000000006,3615.7,5792.483499999999,5903.95
260614094858,enhanced_altitude,1194,1194,0,0,0.0,12,283.0,286.79999999999995,289.20000000000005,292.4,293.4
260614094858,enhanced_speed,1194,1194,0,19,0.015912897822445562,2,0.0,1.67695,4.9030000000000005,9.110499999999998,13.008
260614094858,heart_rate,1194,1194,0,0,0.0,11,86.0,89.0,117.0,156.0,171.0
260614094858,power,1194,1193,1,195,0.16345347862531434,19,0.0,0.0,56.0,371.3999999999992,739.0
260614094858,speed,1194,1194,0,19,0.015912897822445562,2,0.0,1.67695,4.9030000000000005,9.110499999999998,13.008
260614094858,temperature,1194,1194,0,0,0.0,344,29.0,29.0,31.0,35.0,36.0
260614104013,altitude,8803,8803,0,0,0.0,18,287.20000000000005,298.79999999999995,352.4,594.38,676.5999999999999
260614104013,cadence,8803,8764,39,292,0.03331811958010041,21,0.0,43.0,89.0,104.0,121.0
260614104013,distance,8803,8803,0,0,0.0,3,7.24,5079.32,43742.98,91742.846,96691.0
260614104013,enhanced_altitude,8803,8803,0,0,0.0,18,287.20000000000005,298.79999999999995,352.4,594.38,676.5999999999999
260614104013,enhanced_speed,8803,8803,0,1,0.00011359763716914689,3,0.0,5.475099999999999,11.185,14.8448,18.517
260614104013,heart_rate,8803,8803,0,0,0.0,37,134.0,149.0,174.0,192.0,197.0
260614104013,power,8803,8785,18,238,0.027091633466135457,22,0.0,26.200000000000045,237.0,501.0,950.0
260614104013,speed,8803,8803,0,1,0.00011359763716914689,3,0.0,5.475099999999999,11.185,14.8448,18.517
260614104013,temperature,8803,8803,0,0,0.0,1311,25.0,26.0,30.0,32.0,38.0
260616171138,altitude,5566,5566,0,90,0.016169601149838304,20,-25.399999999999977,-3.8000000000000114,10.900000000000006,43.200000000000045,50.200000000000045
260616171138,cadence,5566,5566,0,77,0.01383399209486166,22,0.0,69.0,83.0,93.0,106.0
260616171138,distance,5566,5566,0,0,0.0,5,8.21,2500.32,27358.760000000002,50250.3725,52727.49
260616171138,enhanced_altitude,5566,5566,0,90,0.016169601149838304,20,-25.399999999999977,-3.8000000000000114,10.900000000000006,43.200000000000045,50.200000000000045
260616171138,enhanced_speed,5566,5566,0,5,0.0008983111749910168,4,0.0,7.453749999999999,9.36,11.849499999999999,13.938
260616171138,heart_rate,5566,5566,0,0,0.0,34,94.0,118.0,139.0,175.0,181.0
260616171138,power,5566,5566,0,54,0.009701760689902982,11,0.0,56.0,195.0,454.75,748.0
260616171138,speed,5566,5566,0,5,0.0008983111749910168,4,0.0,7.453749999999999,9.36,11.849499999999999,13.938
260616171138,temperature,5566,5566,0,0,0.0,903,24.0,25.0,28.0,30.0,30.0
260621094805,altitude,2400,2400,0,0,0.0,13,19.399999999999977,21.799999999999955,25.200000000000045,28.600000000000023,29.600000000000023
260621094805,cadence,2400,2400,0,140,0.058333333333333334,22,0.0,0.0,92.0,98.0,105.0
260621094805,distance,2400,2400,0,0,0.0,6,6.56,941.74,10045.645,19839.1795,20155.31
260621094805,enhanced_altitude,2400,2400,0,0,0.0,13,19.399999999999977,21.799999999999955,25.200000000000045,28.600000000000023,29.600000000000023
260621094805,enhanced_speed,2400,2400,0,15,0.00625,2,0.0,2.72595,8.993500000000001,11.40915,14.832
260621094805,heart_rate,2400,2400,0,0,0.0,16,82.0,105.0,129.0,159.0,174.0
260621094805,power,2400,2400,0,111,0.04625,14,0.0,6.0,163.0,339.0499999999997,972.0
260621094805,speed,2400,2400,0,15,0.00625,2,0.0,2.72595,8.993500000000001,11.40915,14.832
260621094805,temperature,2400,2400,0,0,0.0,527,30.0,30.0,31.0,37.0,39.0
260621150426,altitude,9386,9386,0,0,0.0,15,4.600000000000023,21.0,54.0,126.15000000000003,181.60000000000002
260621150426,cadence,9386,9386,0,451,0.04805028766247603,75,0.0,24.0,88.0,98.0,111.0
260621150426,distance,9386,9386,0,0,0.0,5,6.65,4845.2675,45392.89,84293.0475,87556.75
260621150426,enhanced_altitude,9386,9386,0,0,0.0,15,4.600000000000023,21.0,54.0,126.15000000000003,181.60000000000002
260621150426,enhanced_speed,9386,9386,0,11,0.001171958235670147,4,0.0,4.9325,9.861,11.497499999999999,16.776
260621150426,heart_rate,9386,9386,0,0,0.0,36,98.0,135.0,167.0,181.0,194.0
260621150426,power,9386,9386,0,408,0.043468996377583634,66,0.0,13.25,219.0,360.0,674.0
260621150426,speed,9386,9386,0,11,0.001171958235670147,4,0.0,4.9325,9.861,11.497499999999999,16.776
260621150426,temperature,9386,9386,0,0,0.0,1628,31.0,35.0,37.0,39.0,39.0
260623171613,altitude,6654,6654,0,0,0.0,17,1.3999999999999773,24.0,41.799999999999955,75.60000000000002,80.60000000000002
260623171613,cadence,6654,6654,0,157,0.02359483017733694,38,0.0,61.0,83.0,92.0,111.0
260623171613,distance,6654,6654,0,0,0.0,6,5.91,2760.8370000000004,31185.34,59128.898499999996,62030.35
260623171613,enhanced_altitude,6654,6654,0,0,0.0,17,1.3999999999999773,24.0,41.799999999999955,75.60000000000002,80.60000000000002
260623171613,enhanced_speed,6654,6654,0,7,0.0010519987977156598,6,0.0,7.4523,9.358,10.625049999999998,14.691
260623171613,heart_rate,6654,6654,0,0,0.0,36,88.0,117.0,133.0,147.0,173.0
260623171613,power,6654,6654,0,142,0.021340547039374814,20,0.0,76.0,193.0,318.34999999999945,994.0
260623171613,speed,6654,6654,0,7,0.0010519987977156598,6,0.0,7.4523,9.358,10.625049999999998,14.691
260623171613,temperature,6654,6654,0,0,0.0,805,27.0,28.0,31.0,33.0,34.0
260624171412,altitude,4495,4495,0,48,0.01067853170189099,18,-4.399999999999977,-0.39999999999997726,10.600000000000023,21.600000000000023,24.399999999999977
260624171412,cadence,4495,4495,0,113,0.02513904338153504,29,0.0,57.0,85.0,94.0,105.0
260624171412,distance,4495,4495,0,0,0.0,6,7.78,1871.796,22059.99,40943.939000000006,42713.41
260624171412,enhanced_altitude,4495,4495,0,48,0.01067853170189099,18,-4.399999999999977,-0.39999999999997726,10.600000000000023,21.600000000000023,24.399999999999977
260624171412,enhanced_speed,4495,4495,0,9,0.0020022246941045607,3,0.0,7.5121,9.431,12.2201,15.178
260624171412,heart_rate,4495,4495,0,0,0.0,33,98.0,121.0,144.0,177.0,182.0
260624171412,power,4495,4495,0,82,0.01824249165739711,18,0.0,46.0,179.0,450.0,792.0
260624171412,speed,4495,4495,0,9,0.0020022246941045607,3,0.0,7.5121,9.431,12.2201,15.178
260624171412,temperature,4495,4495,0,0,0.0,1036,26.0,29.0,32.0,34.0,34.0
260625062641,altitude,3826,3826,0,0,0.0,12,15.200000000000045,18.799999999999955,34.200000000000045,53.0,56.0
260625062641,cadence,3826,3826,0,54,0.014113957135389441,30,0.0,65.0,84.0,92.0,97.0
260625062641,distance,3826,3826,0,0,0.0,6,6.16,1579.8274999999999,17370.445,33742.8625,35568.26
260625062641,enhanced_altitude,3826,3826,0,0,0.0,12,15.200000000000045,18.799999999999955,34.200000000000045,53.0,56.0
260625062641,enhanced_speed,3826,3826,0,6,0.0015682174594877157,3,0.0,7.78875,9.380500000000001,10.439499999999999,11.535
260625062641,heart_rate,3826,3826,0,0,0.0,27,94.0,122.0,136.0,144.0,158.0
260625062641,power,3826,3826,0,40,0.010454783063251438,11,0.0,93.0,201.0,289.75,557.0
260625062641,speed,3826,3826,0,6,0.0015682174594877157,3,0.0,7.78875,9.380500000000001,10.439499999999999,11.535
260625062641,temperature,3826,3826,0,0,0.0,1065,23.0,23.0,24.0,26.0,26.0
260705084902,altitude,10702,10702,0,0,0.0,13,17.799999999999955,31.0,149.39999999999998,290.20000000000005,391.4
260705084902,cadence,10702,10653,49,592,0.055571200600769734,38,0.0,0.0,88.0,103.0,123.0
260705084902,distance,10702,10702,0,0,0.0,7,4.78,4811.5685,54330.229999999996,105601.46099999998,112022.77
260705084902,enhanced_altitude,10702,10702,0,0,0.0,13,17.799999999999955,31.0,149.39999999999998,290.20000000000005,391.4
260705084902,enhanced_speed,10702,10702,0,9,0.0008409643057372453,2,0.0,4.47525,10.96,14.6299,20.547
260705084902,heart_rate,10702,10674,28,0,0.0,29,106.0,138.0,166.0,189.0,195.0
260705084902,power,10702,10678,24,449,0.04204907286008616,24,0.0,7.0,216.5,496.14999999999964,1011.0
260705084902,speed,10702,10702,0,9,0.0008409643057372453,2,0.0,4.47525,10.96,14.6299,20.547
260705084902,temperature,10702,10702,0,0,0.0,1020,26.0,27.0,29.0,32.0,33.0
260707172316,altitude,5854,5854,0,0,0.0,16,-0.39999999999997726,1.6000000000000227,6.199999999999989,19.669999999999888,23.399999999999977
260707172316,cadence,5854,5854,0,161,0.02750256235052955,23,0.0,54.0,85.0,92.0,106.0
260707172316,distance,5854,5854,0,0,0.0,6,7.43,2394.2225000000003,24582.34,48112.562,50462.08
260707172316,enhanced_altitude,5854,5854,0,0,0.0,16,-0.39999999999997726,1.6000000000000227,6.199999999999989,19.669999999999888,23.399999999999977
260707172316,enhanced_speed,5854,5854,0,3,0.0005124701059104886,3,0.0,6.433,8.773,9.986699999999999,11.208
260707172316,heart_rate,5854,5854,0,0,0.0,26,83.0,101.0,118.0,128.0,141.0
260707172316,power,5854,5854,0,125,0.02135292107960369,16,0.0,53.30000000000007,172.0,253.0,570.0
260707172316,speed,5854,5854,0,3,0.0005124701059104886,3,0.0,6.433,8.773,9.986699999999999,11.208
260707172316,temperature,5854,5854,0,0,0.0,1476,26.0,26.0,28.0,30.0,30.0
260708172128,altitude,5666,5666,0,0,0.0,12,8.199999999999989,11.600000000000023,25.200000000000045,52.60000000000002,56.39999999999998
260708172128,cadence,5666,5666,0,146,0.025767737380868336,30,0.0,53.25,84.0,90.0,99.0
260708172128,distance,5666,5666,0,0,0.0,6,6.18,2311.6775,24443.445,46807.525,49166.01
260708172128,enhanced_altitude,5666,5666,0,0,0.0,12,8.199999999999989,11.600000000000023,25.200000000000045,52.60000000000002,56.39999999999998
260708172128,enhanced_speed,5666,5666,0,6,0.0010589481115425344,2,0.0,6.91525,8.765,9.84,11.42
260708172128,heart_rate,5666,5666,0,0,0.0,28,89.0,105.0,125.0,149.0,164.0
260708172128,power,5666,5666,0,107,0.018884574655841865,15,0.0,67.0,171.0,275.75,535.0
260708172128,speed,5666,5666,0,6,0.0010589481115425344,2,0.0,6.91525,8.765,9.84,11.42
260708172128,temperature,5666,5666,0,0,0.0,826,26.0,29.0,30.0,31.0,31.0
260712080105,altitude,5774,5774,0,53,0.009179078628333911,13,-6.0,-4.399999999999977,6.800000000000011,26.600000000000023,31.799999999999955
260712080105,cadence,5774,5774,0,91,0.015760304814686526,28,0.0,71.0,86.0,93.0,106.0
260712080105,distance,5774,5774,0,0,0.0,2,7.49,2342.6310000000003,24317.28,48013.52449999999,50539.13
260712080105,enhanced_altitude,5774,5774,0,53,0.009179078628333911,13,-6.0,-4.399999999999977,6.800000000000011,26.600000000000023,31.799999999999955
260712080105,enhanced_speed,5774,5774,0,2,0.00034638032559750607,2,0.0,7.04265,8.705,10.279349999999999,11.482
260712080105,heart_rate,5774,5774,0,0,0.0,33,95.0,113.0,127.0,138.0,145.0
260712080105,power,5774,5774,0,74,0.012816072047107724,14,0.0,93.65000000000003,172.0,253.34999999999945,430.0
260712080105,speed,5774,5774,0,2,0.00034638032559750607,2,0.0,7.04265,8.705,10.279349999999999,11.482
260712080105,temperature,5774,5774,0,0,0.0,1197,25.0,25.0,26.0,28.0,29.0
260714172507,altitude,5183,5183,0,0,0.0,12,19.200000000000045,23.0,32.39999999999998,62.799999999999955,68.60000000000002
260714172507,cadence,5183,5183,0,117,0.022573798958132357,32,0.0,59.0,84.0,91.0,98.0
260714172507,distance,5183,5183,0,0,0.0,7,6.77,2269.5420000000004,24481.62,46342.59799999999,48668.63
260714172507,enhanced_altitude,5183,5183,0,0,0.0,12,19.200000000000045,23.0,32.39999999999998,62.799999999999955,68.60000000000002
260714172507,enhanced_speed,5183,5183,0,9,0.001736446073702489,2,0.0,7.229900000000001,9.304,11.662,12.714
260714172507,heart_rate,5183,5183,0,0,0.0,24,93.0,120.0,135.0,177.0,185.0
260714172507,power,5183,5183,0,98,0.018907968358093767,17,0.0,78.0,192.0,362.0,800.0
260714172507,speed,5183,5183,0,9,0.001736446073702489,2,0.0,7.229900000000001,9.304,11.662,12.714
260714172507,temperature,5183,5183,0,0,0.0,822,23.0,23.0,25.0,26.0,27.0
260715173151,altitude,4921,4921,0,43,0.008738061369640317,16,-12.600000000000023,-6.399999999999977,1.3999999999999773,11.399999999999977,16.799999999999955
260715173151,cadence,4921,4921,0,272,0.05527331843121317,27,0.0,0.0,85.0,93.0,105.0
260715173151,distance,4921,4921,0,0,0.0,7,6.7,2037.78,19774.58,39450.0,41451.88
260715173151,enhanced_altitude,4921,4921,0,43,0.008738061369640317,16,-12.600000000000023,-6.399999999999977,1.3999999999999773,11.399999999999977,16.799999999999955
260715173151,enhanced_speed,4921,4921,0,16,0.003251371672424304,3,0.0,4.875,8.789,9.716,11.57
260715173151,heart_rate,4921,4921,0,0,0.0,26,76.0,103.0,121.0,138.0,146.0
260715173151,power,4921,4921,0,231,0.04694167852062589,22,0.0,8.0,168.0,283.0,642.0
260715173151,speed,4921,4921,0,16,0.003251371672424304,3,0.0,4.875,8.789,9.716,11.57
260715173151,temperature,4921,4921,0,1,0.000203210729526519,1198,0.0,28.0,29.0,30.0,31.0
260716153012,altitude,4792,4792,0,0,0.0,12,9.800000000000011,23.200000000000045,30.799999999999955,57.39999999999998,64.0
260716153012,cadence,4792,4792,0,113,0.023580968280467445,36,0.0,65.0,84.0,91.0,98.0
260716153012,distance,4792,4792,0,0,0.0,4,11.69,2200.092,23051.97,43197.9925,45361.23
260716153012,enhanced_altitude,4792,4792,0,0,0.0,12,9.800000000000011,23.200000000000045,30.799999999999955,57.39999999999998,64.0
260716153012,enhanced_speed,4792,4792,0,4,0.0008347245409015025,2,0.0,7.3011,9.385,12.465449999999999,14.508
260716153012,heart_rate,4792,4792,0,0,0.0,29,97.0,117.0,141.0,189.0,192.0
260716153012,power,4792,4792,0,103,0.02149415692821369,50,0.0,54.0,164.0,376.0,646.0
260716153012,speed,4792,4792,0,4,0.0008347245409015025,2,0.0,7.3011,9.385,12.465449999999999,14.508
260716153012,temperature,4792,4792,0,0,0.0,930,25.0,31.0,35.0,36.0,36.0
260721071628,altitude,5976,5976,0,0,0.0,16,21.799999999999955,29.600000000000023,52.0,81.20000000000005,87.20000000000005
260721071628,cadence,5976,5976,0,163,0.027275769745649263,19,0.0,55.75,83.0,92.0,103.0
260721071628,distance,5976,5976,0,0,0.0,6,5.78,2478.9425,27598.760000000002,54403.47,57198.28
260721071628,enhanced_altitude,5976,5976,0,0,0.0,16,21.799999999999955,29.600000000000023,52.0,81.20000000000005,87.20000000000005
260721071628,enhanced_speed,5976,5976,0,5,0.0008366800535475234,2,0.0,7.253,9.536,11.84675,13.891
260721071628,heart_rate,5976,5976,0,0,0.0,33,92.0,112.0,137.0,176.0,185.0
260721071628,power,5976,5976,0,106,0.017737617135207495,14,0.0,63.75,199.0,434.0,765.0
260721071628,speed,5976,5976,0,5,0.0008366800535475234,2,0.0,7.253,9.536,11.84675,13.891
260721071628,temperature,5976,5976,0,0,0.0,896,22.0,22.0,24.0,27.0,27.0
260722172413,altitude,3788,3788,0,0,0.0,22,5.600000000000023,17.67,30.0,46.0,48.39999999999998
260722172413,cadence,3788,3788,0,144,0.03801478352692714,32,0.0,33.0,85.0,92.0,103.0
260722172413,distance,3788,3788,0,0,0.0,7,6.67,1472.6235000000001,15662.244999999999,29809.342999999997,31315.76
260722172413,enhanced_altitude,3788,3788,0,0,0.0,22,5.600000000000023,17.67,30.0,46.0,48.39999999999998
260722172413,enhanced_speed,3788,3788,0,11,0.002903907074973601,5,0.0,5.864,8.4865,9.6123,10.648
260722172413,heart_rate,3788,3788,0,0,0.0,24,76.0,101.0,119.0,131.0,145.0
260722172413,power,3788,3788,0,121,0.03194297782470961,31,0.0,41.0,153.0,247.0,454.0
260722172413,speed,3788,3788,0,11,0.002903907074973601,5,0.0,5.864,8.4865,9.6123,10.648
260722172413,temperature,3788,3788,0,0,0.0,758,25.0,28.0,29.0,31.0,31.0
260728062911,altitude,5557,5557,0,10,0.0017995321216483715,17,-2.6000000000000227,3.0,21.600000000000023,49.43999999999995,60.200000000000045
260728062911,cadence,5557,5553,4,87,0.015667206915180983,22,0.0,64.0,84.0,94.0,106.0
260728062911,distance,5557,5557,0,0,0.0,5,5.99,2322.588,25487.83,50259.576,52688.45
260728062911,enhanced_altitude,5557,5557,0,10,0.0017995321216483715,17,-2.6000000000000227,3.0,21.600000000000023,49.43999999999995,60.200000000000045
260728062911,enhanced_speed,5557,5557,0,5,0.0008997660608241857,3,0.0,6.9914,9.285,12.26,14.421
260728062911,heart_rate,5557,5557,0,0,0.0,27,92.0,115.0,141.0,180.0,185.0
260728062911,power,5557,5556,1,61,0.010979121670266379,9,0.0,51.0,188.0,544.25,766.0
260728062911,speed,5557,5557,0,5,0.0008997660608241857,3,0.0,6.9914,9.285,12.26,14.421
260728062911,temperature,5557,5557,0,0,0.0,859,20.0,20.0,24.0,26.0,26.0
260729172451,altitude,3766,3766,0,5,0.0013276686139139671,34,-0.6000000000000227,1.3999999999999773,6.800000000000011,17.600000000000023,20.600000000000023
260729172451,cadence,3766,3766,0,95,0.025225703664365374,26,0.0,57.0,88.0,94.0,103.0
260729172451,distance,3766,3766,0,1,0.0002655337227827934,6,0.0,1461.96,15444.86,29531.3875,31011.27
260729172451,enhanced_altitude,3766,3766,0,5,0.0013276686139139671,34,-0.6000000000000227,1.3999999999999773,6.800000000000011,17.600000000000023,20.600000000000023
260729172451,enhanced_speed,3766,3766,0,5,0.0013276686139139671,2,0.0,6.39825,8.429,9.1995,10.257
260729172451,heart_rate,3766,3766,0,0,0.0,20,101.0,115.0,125.0,139.0,156.0
260729172451,power,3766,3766,0,78,0.020711630377057887,12,0.0,70.0,144.0,225.0,459.0
260729172451,speed,3766,3766,0,5,0.0013276686139139671,2,0.0,6.39825,8.429,9.1995,10.257
260729172451,temperature,3766,3766,0,0,0.0,1498,23.0,28.0,34.0,34.0,35.0
260801060832,altitude,19348,19348,0,0,0.0,22,168.20000000000005,179.20000000000005,406.6,1038.2,1134.8
260801060832,cadence,19348,19342,6,1874,0.09688760210939923,54,0.0,0.0,80.0,99.0,120.0
260801060832,distance,19348,19348,0,1,5.168492867479843e-05,74,0.0,7154.2855,61730.765,142830.24149999997,150325.8
260801060832,enhanced_altitude,19348,19348,0,0,0.0,22,168.20000000000005,179.20000000000005,406.6,1038.2,1134.8
260801060832,enhanced_speed,19348,19001,347,56,0.0029472133045629176,3,0.0,2.902,7.323,13.78,18.915
260801060832,heart_rate,19348,19348,0,0,0.0,32,93.0,115.0,153.0,174.0,189.0
260801060832,power,19348,19344,4,1688,0.08726220016542598,62,0.0,0.0,220.0,338.0,613.0
260801060832,speed,19348,19001,347,56,0.0029472133045629176,3,0.0,2.902,7.323,13.78,18.915
260801060832,temperature,19348,19348,0,0,0.0,813,16.0,19.0,22.0,37.0,40.0
260802064005,altitude,3851,3851,0,0,0.0,16,5.600000000000023,9.0,23.200000000000045,41.799999999999955,44.200000000000045
260802064005,cadence,3851,3851,0,76,0.019735133731498312,37,0.0,72.0,87.0,97.0,107.0
260802064005,distance,3851,3851,0,0,0.0,4,5.78,1413.81,14687.55,28673.895,30129.6
260802064005,enhanced_altitude,3851,3851,0,0,0.0,16,5.600000000000023,9.0,23.200000000000045,41.799999999999955,44.200000000000045
260802064005,enhanced_speed,3851,3851,0,2,0.0005193456245131135,2,0.0,6.531000000000001,7.819,8.8575,10.483
260802064005,heart_rate,3851,3851,0,0,0.0,33,82.0,104.0,114.0,121.0,126.0
260802064005,power,3851,3851,0,68,0.01765775123344586,24,0.0,93.5,137.0,185.0,358.0
260802064005,speed,3851,3851,0,2,0.0005193456245131135,2,0.0,6.531000000000001,7.819,8.8575,10.483
260802064005,temperature,3851,3851,0,0,0.0,822,24.0,24.0,26.0,27.0,28.0
260811165713,altitude,5228,5228,0,0,0.0,16,11.0,14.0,28.200000000000045,62.60000000000002,67.60000000000002
260811165713,cadence,5228,5228,0,131,0.025057383320581484,27,0.0,57.0,87.0,96.0,113.0
260811165713,distance,5228,5228,0,0,0.0,7,7.23,2289.3855000000003,26442.39,47895.8485,50087.62
260811165713,enhanced_altitude,5228,5228,0,0,0.0,16,11.0,14.0,28.200000000000045,62.60000000000002,67.60000000000002
260811165713,enhanced_speed,5228,5228,0,6,0.0011476664116296864,3,0.0,7.2187,9.44,12.244649999999998,14.121
260811165713,heart_rate,5228,5228,0,0,0.0,33,105.0,135.0,154.0,182.0,190.0
260811165713,power,5228,5228,0,120,0.022953328232593728,25,0.0,35.0,178.0,445.64999999999964,744.0
260811165713,speed,5228,5228,0,6,0.0011476664116296864,3,0.0,7.2187,9.44,12.244649999999998,14.121
260811165713,temperature,5228,5228,0,0,0.0,518,27.0,30.0,33.0,36.0,36.0
260815064223,altitude,17433,17433,0,0,0.0,16,13.200000000000045,19.600000000000023,150.20000000000005,551.2799999999996,611.8
260815064223,cadence,17433,17433,0,1135,0.06510640738828659,54,0.0,0.0,83.0,97.0,111.0
260815064223,distance,17433,17433,0,0,0.0,7,6.23,7662.4800000000005,68343.54,142586.51199999996,150361.02
260815064223,enhanced_altitude,17433,17433,0,0,0.0,16,13.200000000000045,19.600000000000023,150.20000000000005,551.2799999999996,611.8
260815064223,enhanced_speed,17433,17430,3,29,0.001663798049340218,2,0.0,3.711,9.006,11.951649999999997,16.243
260815064223,heart_rate,17433,17433,0,0,0.0,31,92.0,113.0,144.0,171.0,186.0
260815064223,power,17433,17433,0,1024,0.05873917283313256,53,0.0,0.0,205.0,333.0,789.0
260815064223,speed,17433,17430,3,29,0.001663798049340218,2,0.0,3.711,9.006,11.951649999999997,16.243
260815064223,temperature,17433,17433,0,0,0.0,910,18.0,19.0,22.0,36.0,37.0
260816063546,altitude,3963,3963,0,0,0.0,12,-0.8000000000000114,1.3999999999999773,8.800000000000011,19.799999999999955,27.200000000000045
260816063546,cadence,3963,3963,0,110,0.02775674993691648,24,0.0,63.0,85.0,95.0,122.0
260816063546,distance,3963,3963,0,0,0.0,4,6.33,1368.5720000000003,16056.93,30097.534999999996,31643.27
260816063546,enhanced_altitude,3963,3963,0,0,0.0,12,-0.8000000000000114,1.3999999999999773,8.800000000000011,19.799999999999955,27.200000000000045
260816063546,enhanced_speed,3963,3963,0,2,0.0005046681806712087,3,0.0,6.557300000000001,8.124,8.7289,11.032
260816063546,heart_rate,3963,3963,0,0,0.0,25,84.0,106.0,116.0,123.0,145.0
260816063546,power,3963,3963,0,95,0.023971738581882413,24,0.0,87.0,148.0,201.89999999999964,679.0
260816063546,speed,3963,3963,0,2,0.0005046681806712087,3,0.0,6.557300000000001,8.124,8.7289,11.032
260816063546,temperature,3963,3963,0,0,0.0,830,16.0,17.0,18.0,21.0,25.0
260818062429,altitude,5331,5331,0,0,0.0,16,5.0,10.0,29.600000000000023,49.799999999999955,53.39999999999998
260818062429,cadence,5331,5331,0,76,0.014256237103732883,23,0.0,63.0,85.0,94.0,111.0
260818062429,distance,5331,5331,0,0,0.0,5,5.36,2214.51,24300.51,47407.18,49793.73
260818062429,enhanced_altitude,5331,5331,0,0,0.0,16,5.0,10.0,29.600000000000023,49.799999999999955,53.39999999999998
260818062429,enhanced_speed,5331,5330,1,6,0.001125703564727955,3,0.0,7.381,9.1175,11.501100000000001,12.941
260818062429,heart_rate,5331,5331,0,0,0.0,32,87.0,115.0,137.0,168.0,179.0
260818062429,power,5331,5331,0,46,0.008628775089101481,12,0.0,47.0,186.0,459.0,820.0
260818062429,speed,5331,5330,1,6,0.001125703564727955,3,0.0,7.381,9.1175,11.501100000000001,12.941
260818062429,temperature,5331,5331,0,0,0.0,2048,17.0,17.0,18.0,19.0,22.0
260819062707,altitude,5297,5297,0,0,0.0,19,5.199999999999989,9.600000000000023,37.799999999999955,63.799999999999955,68.39999999999998
260819062707,cadence,5297,5297,0,107,0.020200113271663205,23,0.0,71.0,86.0,93.0,108.0
260819062707,distance,5297,5297,0,0,0.0,5,6.62,2186.7580000000003,22487.89,45132.644,47378.16
260819062707,enhanced_altitude,5297,5297,0,0,0.0,19,5.199999999999989,9.600000000000023,37.799999999999955,63.799999999999955,68.39999999999998
260819062707,enhanced_speed,5297,5297,0,5,0.000943930526713234,3,0.0,7.1042000000000005,8.807,10.8644,11.604
260819062707,heart_rate,5297,5297,0,0,0.0,43,78.0,112.0,131.0,138.0,146.0
260819062707,power,5297,5297,0,84,0.01585803284878233,22,0.0,84.0,194.0,275.1999999999998,575.0
260819062707,speed,5297,5297,0,5,0.000943930526713234,3,0.0,7.1042000000000005,8.807,10.8644,11.604
260819062707,temperature,5297,5297,0,0,0.0,2663,19.0,19.0,19.0,22.0,24.0
260822080018,altitude,18273,18273,0,0,0.0,13,389.20000000000005,419.79999999999995,1315.8,2011.2799999999995,2173.8
260822080018,cadence,18273,18273,0,2411,0.13194330432879112,229,0.0,0.0,75.0,94.0,120.0
260822080018,distance,18273,18273,0,0,0.0,193,4.22,6158.192,43131.26,87835.37199999999,95899.33
260822080018,enhanced_altitude,18273,18273,0,0,0.0,13,389.20000000000005,419.79999999999995,1315.8,2011.2799999999995,2173.8
260822080018,enhanced_speed,18273,17904,369,53,0.0029602323503127794,5,0.0,2.31,3.981,12.087249999999992,19.599
260822080018,heart_rate,18273,18273,0,0,0.0,39,77.0,93.0,146.0,175.0,181.0
260822080018,power,18273,18271,2,2363,0.12933063324393848,229,0.0,0.0,208.0,298.0,596.0
260822080018,speed,18273,17904,369,53,0.0029602323503127794,5,0.0,2.31,3.981,12.087249999999992,19.599
260822080018,temperature,18273,18273,0,0,0.0,1429,12.0,13.0,17.0,25.0,28.0
260824074938,altitude,23603,23603,0,0,0.0,13,81.0,105.39999999999998,597.8,1483.8,1631.6
260824074938,cadence,23603,23603,0,3230,0.1368470109731814,161,0.0,0.0,82.0,96.0,108.0
260824074938,distance,23603,23603,0,0,0.0,108,6.55,12616.001,89312.45,178803.906,188656.6
260824074938,enhanced_altitude,23603,23603,0,0,0.0,13,81.0,105.39999999999998,597.8,1483.8,1631.6
260824074938,enhanced_speed,23603,23456,147,67,0.002856412005457026,3,0.0,3.276,8.1445,12.59375,23.491
260824074938,heart_rate,23603,23603,0,0,0.0,34,66.0,91.0,127.0,148.0,166.0
260824074938,power,23603,23603,0,3012,0.12761089691988306,144,0.0,0.0,159.0,278.0,521.0
260824074938,speed,23603,23456,147,67,0.002856412005457026,3,0.0,3.276,8.1445,12.59375,23.491
260824074938,temperature,23603,23603,0,0,0.0,804,9.0,11.0,26.0,34.0,36.0
260826062619,altitude,5048,5048,0,0,0.0,12,-3.8000000000000114,7.399999999999977,25.0,55.0,58.799999999999955
260826062619,cadence,5048,5048,0,79,0.015649762282091917,27,0.0,68.0,86.0,95.0,107.0
260826062619,distance,5048,5048,0,0,0.0,6,5.87,1962.4910000000002,23456.739999999998,44448.8305,46523.3
260826062619,enhanced_altitude,5048,5048,0,0,0.0,12,-3.8000000000000114,7.399999999999977,25.0,55.0,58.799999999999955
260826062619,enhanced_speed,5048,5048,0,7,0.0013866877971473852,2,0.0,7.4744,9.131,11.526099999999994,13.764
260826062619,heart_rate,5048,5048,0,0,0.0,29,80.0,115.0,132.0,163.0,171.0
260826062619,power,5048,5048,0,66,0.013074484944532488,10,0.0,60.0,186.0,441.0,653.0
260826062619,speed,5048,5048,0,7,0.0013866877971473852,2,0.0,7.4744,9.131,11.526099999999994,13.764
260826062619,temperature,5048,5048,0,0,0.0,1514,16.0,17.0,18.0,19.0,21.0
260827070608,altitude,4586,4586,0,20,0.00436109899694723,17,-14.800000000000011,-12.600000000000023,-4.0,9.600000000000023,12.399999999999977
260827070608,cadence,4586,4580,6,82,0.017903930131004366,32,0.0,73.0,87.0,95.0,120.0
260827070608,distance,4586,4586,0,7,0.0015263846489315307,7,0.0,1701.455,21466.465,40092.395,42040.68
260827070608,enhanced_altitude,4586,4586,0,20,0.00436109899694723,17,-14.800000000000011,-12.600000000000023,-4.0,9.600000000000023,12.399999999999977
260827070608,enhanced_speed,4586,4582,4,4,0.0008729812309035355,2,0.0,7.6173,9.2345,10.636949999999995,15.39
260827070608,heart_rate,4586,4586,0,0,0.0,26,62.0,117.0,133.0,155.0,181.0
260827070608,power,4586,4579,7,65,0.014195239135182355,16,0.0,83.9,190.0,313.0,1051.0
260827070608,speed,4586,4582,4,4,0.0008729812309035355,2,0.0,7.6173,9.2345,10.636949999999995,15.39
260827070608,temperature,4586,4586,0,0,0.0,2221,20.0,20.0,20.0,22.0,22.0
260829063044,altitude,4545,4545,0,0,0.0,27,5.199999999999989,7.399999999999977,25.799999999999955,53.60000000000002,56.39999999999998
260829063044,cadence,4545,4545,0,36,0.007920792079207921,28,0.0,74.0,85.0,92.0,111.0
260829063044,distance,4545,4545,0,0,0.0,2,7.03,1844.728,19996.83,38861.36,40751.27
260829063044,enhanced_altitude,4545,4545,0,0,0.0,27,5.199999999999989,7.399999999999977,25.799999999999955,53.60000000000002,56.39999999999998
260829063044,enhanced_speed,4545,4545,0,2,0.00044004400440044003,2,0.0,7.464,8.762,10.910600000000002,15.896
260829063044,heart_rate,4545,4545,0,0,0.0,35,90.0,124.0,136.0,174.0,185.0
260829063044,power,4545,4545,0,26,0.00572057205720572,6,0.0,85.0,180.0,366.60000000000036,1012.0
260829063044,speed,4545,4545,0,2,0.00044004400440044003,2,0.0,7.464,8.762,10.910600000000002,15.896
260829063044,temperature,4545,4545,0,0,0.0,1505,19.0,19.0,20.0,21.0,22.0
260830095410,altitude,2145,2145,0,146,0.06806526806526807,16,-3.8000000000000114,-1.0,0.6000000000000227,3.1999999999999886,7.399999999999977
260830095410,cadence,2145,2145,0,143,0.06666666666666667,24,0.0,0.0,88.0,98.0,124.0
260830095410,distance,2145,2145,0,0,0.0,5,6.35,830.836,10154.86,18902.272,19736.91
260830095410,enhanced_altitude,2145,2145,0,146,0.06806526806526807,16,-3.8000000000000114,-1.0,0.6000000000000227,3.1999999999999886,7.399999999999977
260830095410,enhanced_speed,2145,2145,0,6,0.002797202797202797,3,0.0,3.7872000000000003,9.843,11.7846,14.622
260830095410,heart_rate,2145,2145,0,0,0.0,21,104.0,122.0,147.0,177.0,180.0
260830095410,power,2145,2145,0,115,0.053613053613053616,23,0.0,0.0,211.0,399.0,984.0
260830095410,speed,2145,2145,0,6,0.002797202797202797,3,0.0,3.7872000000000003,9.843,11.7846,14.622
260830095410,temperature,2145,2145,0,0,0.0,471,26.0,26.0,27.0,31.0,31.0
260830104514,altitude,5761,5761,0,12,0.0020829717063009894,26,-0.39999999999997726,1.6000000000000227,5.199999999999989,9.199999999999989,14.799999999999955
260830104514,cadence,5761,5720,41,300,0.05244755244755245,11,0.0,0.0,89.0,105.0,121.0
260830104514,distance,5761,5761,0,0,0.0,1,2.99,3582.06,35248.36,65999.79,69589.88
260830104514,enhanced_altitude,5761,5761,0,12,0.0020829717063009894,26,-0.39999999999997726,1.6000000000000227,5.199999999999989,9.199999999999989,14.799999999999955
260830104514,enhanced_speed,5761,5761,0,1,0.00017358097552508245,2,0.0,9.647,12.059,14.455,16.945
260830104514,heart_rate,5761,5761,0,0,0.0,17,111.0,161.0,180.0,194.0,200.0
260830104514,power,5761,5743,18,292,0.05084450635556329,16,0.0,0.0,194.0,668.0,1122.0
260830104514,speed,5761,5761,0,1,0.00017358097552508245,2,0.0,9.647,12.059,14.455,16.945
260830104514,temperature,5761,5761,0,0,0.0,1054,29.0,30.0,31.0,33.0,33.0
260901062237,altitude,4787,4787,0,20,0.004177982034677251,16,-9.600000000000023,-6.0,4.399999999999977,20.799999999999955,27.399999999999977
260901062237,cadence,4787,4787,0,104,0.021725506580321706,28,0.0,60.0,83.0,90.0,102.0
260901062237,distance,4787,4787,0,0,0.0,5,5.46,1941.363,22934.73,42009.17,43969.97
260901062237,enhanced_altitude,4787,4787,0,20,0.004177982034677251,16,-9.600000000000023,-6.0,4.399999999999977,20.799999999999955,27.399999999999977
260901062237,enhanced_speed,4787,4787,0,7,0.0014622937121370379,3,0.0,6.966600000000001,9.127,11.577,15.393
260901062237,heart_rate,4787,4787,0,0,0.0,30,84.0,108.0,132.0,163.0,168.0
260901062237,power,4787,4787,0,91,0.019009818257781492,15,0.0,45.30000000000001,196.0,412.0,626.0
260901062237,speed,4787,4787,0,7,0.0014622937121370379,3,0.0,6.966600000000001,9.127,11.577,15.393
260901062237,temperature,4787,4787,0,0,0.0,3654,18.0,18.0,18.0,20.0,22.0
260902062649,altitude,5046,5046,0,0,0.0,20,21.399999999999977,24.200000000000045,35.39999999999998,61.799999999999955,68.0
260902062649,cadence,5046,5046,0,87,0.017241379310344827,32,0.0,63.0,82.0,90.0,112.0
260902062649,distance,5046,5046,0,0,0.0,6,6.44,1813.925,22332.66,44210.8225,46288.43
260902062649,enhanced_altitude,5046,5046,0,0,0.0,20,21.399999999999977,24.200000000000045,35.39999999999998,61.799999999999955,68.0
260902062649,enhanced_speed,5046,5046,0,9,0.0017835909631391202,2,0.0,7.03125,9.1085,10.745750000000001,14.867
260902062649,heart_rate,5046,5046,0,0,0.0,29,83.0,115.0,133.0,154.0,174.0
260902062649,power,5046,5046,0,68,0.013476020610384463,12,0.0,81.0,200.0,295.0,1044.0
260902062649,speed,5046,5046,0,9,0.0017835909631391202,2,0.0,7.03125,9.1085,10.745750000000001,14.867
260902062649,temperature,5046,5046,0,0,0.0,2588,18.0,19.0,20.0,21.0,21.0
260904062108,altitude,4631,4631,0,14,0.0030231051608723817,20,-9.800000000000011,-7.199999999999989,-1.6000000000000227,12.799999999999955,14.600000000000023
260904062108,cadence,4631,4631,0,114,0.024616713452817966,31,0.0,61.0,86.0,95.0,108.0
260904062108,distance,4631,4631,0,0,0.0,6,7.96,1941.37,21674.9,39525.15,41329.44
260904062108,enhanced_altitude,4631,4631,0,14,0.0030231051608723817,20,-9.800000000000011,-7.199999999999989,-1.6000000000000227,12.799999999999955,14.600000000000023
260904062108,enhanced_speed,4631,4631,0,8,0.0017274886633556468,6,0.0,6.795,8.938,11.3415,15.25
260904062108,heart_rate,4631,4631,0,0,0.0,25,92.0,114.0,130.0,158.0,178.0
260904062108,power,4631,4631,0,99,0.021377672209026127,30,0.0,66.5,185.0,364.0,1025.0
260904062108,speed,4631,4631,0,8,0.0017274886633556468,6,0.0,6.795,8.938,11.3415,15.25
260904062108,temperature,4631,4631,0,0,0.0,828,17.0,17.0,18.0,20.0,22.0
260905142842,altitude,2248,2248,0,0,0.0,12,16.200000000000045,18.200000000000045,20.799999999999955,23.600000000000023,27.0
260905142842,cadence,2248,2248,0,201,0.08941281138790036,30,0.0,0.0,83.0,96.65000000000009,117.0
260905142842,distance,2248,2248,0,0,0.0,6,9.12,992.1535,10438.525,18783.197,19305.64
260905142842,enhanced_altitude,2248,2248,0,0,0.0,12,16.200000000000045,18.200000000000045,20.799999999999955,23.600000000000023,27.0
260905142842,enhanced_speed,2248,2248,0,15,0.0066725978647686835,2,0.0,2.40105,9.21,12.5104,14.159
260905142842,heart_rate,2248,2248,0,0,0.0,21,104.0,113.0,134.0,167.0,185.0
260905142842,power,2248,2248,0,142,0.06316725978647687,31,0.0,0.0,173.0,438.60000000000036,874.0
260905142842,speed,2248,2248,0,15,0.0066725978647686835,2,0.0,2.40105,9.21,12.5104,14.159
260905142842,temperature,2248,2248,0,0,0.0,325,33.0,33.0,35.0,38.0,39.0
260905152115,altitude,5337,5337,0,0,0.0,12,21.0,24.600000000000023,28.200000000000045,31.399999999999977,34.60000000000002
260905152115,cadence,5337,5302,35,143,0.026970954356846474,12,0.0,51.0,89.0,104.0,123.0
260905152115,distance,5337,5337,0,0,0.0,2,4.7,3357.808,32636.28,59966.07399999999,62969.8
260905152115,enhanced_altitude,5337,5337,0,0,0.0,12,21.0,24.600000000000023,28.200000000000045,31.399999999999977,34.60000000000002
260905152115,enhanced_speed,5337,5337,0,1,0.00018737118231216038,2,0.0,9.5056,11.757,14.099,15.891
260905152115,heart_rate,5337,5327,10,0,0.0,24,112.0,160.0,185.0,196.0,200.0
260905152115,power,5337,5326,11,129,0.024220803604956816,8,0.0,17.0,213.0,617.0,1120.0
260905152115,speed,5337,5337,0,1,0.00018737118231216038,2,0.0,9.5056,11.757,14.099,15.891
260905152115,temperature,5337,5337,0,0,0.0,444,33.0,33.0,34.0,37.0,38.0
260906074723,altitude,4046,4046,0,24,0.005931784478497282,12,-9.600000000000023,-6.399999999999977,2.0,10.0,13.0
260906074723,cadence,4046,4046,0,85,0.02100840336134454,20,0.0,67.0,84.0,92.0,99.0
260906074723,distance,4046,4046,0,0,0.0,3,5.51,1537.0075000000002,15054.695,29392.9475,31194.08
260906074723,enhanced_altitude,4046,4046,0,24,0.005931784478497282,12,-9.600000000000023,-6.399999999999977,2.0,10.0,13.0
260906074723,enhanced_speed,4046,4046,0,1,0.00024715768660405336,3,0.0,6.104,7.674,8.93475,10.421
260906074723,heart_rate,4046,4046,0,0,0.0,25,75.0,90.0,102.0,110.0,121.0
260906074723,power,4046,4046,0,68,0.01680672268907563,18,0.0,69.0,138.0,190.0,329.0
260906074723,speed,4046,4046,0,1,0.00024715768660405336,3,0.0,6.104,7.674,8.93475,10.421
260906074723,temperature,4046,4046,0,0,0.0,1266,23.0,23.0,24.0,25.0,26.0
260908061657,altitude,4734,4734,0,0,0.0,17,0.39999999999997726,5.199999999999989,19.69999999999999,43.60000000000002,49.799999999999955
260908061657,cadence,4734,4734,0,51,0.010773130544993664,24,0.0,66.0,83.0,93.0,106.0
260908061657,distance,4734,4734,0,0,0.0,6,7.02,1803.55,21462.739999999998,41205.31649999999,43242.94
260908061657,enhanced_altitude,4734,4734,0,0,0.0,17,0.39999999999997726,5.199999999999989,19.69999999999999,43.60000000000002,49.799999999999955
260908061657,enhanced_speed,4734,4734,0,6,0.0012674271229404308,2,0.0,7.03265,9.098,11.148349999999999,13.588
260908061657,heart_rate,4734,4734,0,0,0.0,37,84.0,102.0,126.0,161.0,169.0
260908061657,power,4734,4733,1,42,0.008873864356644834,10,0.0,53.60000000000002,183.0,431.0,732.0
260908061657,speed,4734,4734,0,6,0.0012674271229404308,2,0.0,7.03265,9.098,11.148349999999999,13.588
260908061657,temperature,4734,4734,0,0,0.0,1428,17.0,18.0,19.0,20.0,22.0
260915062325,altitude,4547,4547,0,0,0.0,23,16.600000000000023,19.200000000000045,42.799999999999955,62.39999999999998,65.20000000000005
260915062325,cadence,4547,4547,0,46,0.010116560369474378,23,0.0,68.0,81.0,90.0,100.0
260915062325,distance,4547,4547,0,0,0.0,2,7.04,1875.0400000000002,21367.54,41036.450999999994,43019.51
260915062325,enhanced_altitude,4547,4547,0,0,0.0,23,16.600000000000023,19.200000000000045,42.799999999999955,62.39999999999998,65.20000000000005
260915062325,enhanced_speed,4547,4547,0,2,0.0004398504508467121,2,0.0,7.6659,9.396,11.5017,13.923
260915062325,heart_rate,4547,4547,0,0,0.0,26,87.0,118.0,138.0,168.0,189.0
260915062325,power,4547,4547,0,31,0.006817681988124038,13,0.0,74.30000000000001,205.0,427.6999999999998,886.0
260915062325,speed,4547,4547,0,2,0.0004398504508467121,2,0.0,7.6659,9.396,11.5017,13.923
260915062325,temperature,4547,4547,0,0,0.0,1402,16.0,16.0,17.0,18.0,21.0
260916062309,altitude,3760,3760,0,0,0.0,13,5.399999999999977,9.0,21.600000000000023,44.39999999999998,54.200000000000045
260916062309,cadence,3760,3760,0,62,0.01648936170212766,27,0.0,68.0,82.0,90.0,105.0
260916062309,distance,3760,3760,0,0,0.0,5,5.83,1534.3465,16418.595,32484.932499999995,34271.48
260916062309,enhanced_altitude,3760,3760,0,0,0.0,13,5.399999999999977,9.0,21.600000000000023,44.39999999999998,54.200000000000045
260916062309,enhanced_speed,3760,3760,0,10,0.0026595744680851063,2,0.0,7.337,9.1525,10.51105,11.458
260916062309,heart_rate,3760,3760,0,0,0.0,32,87.0,118.0,134.0,144.0,151.0
260916062309,power,3760,3760,0,53,0.014095744680851063,18,0.0,97.95000000000002,213.0,282.0,459.0
260916062309,speed,3760,3760,0,10,0.0026595744680851063,2,0.0,7.337,9.1525,10.51105,11.458
260916062309,temperature,3760,3760,0,0,0.0,1428,13.0,13.0,14.0,17.0,20.0
260919065417,altitude,4541,4541,0,14,0.0030830213609337152,12,-6.800000000000011,-1.1999999999999886,9.600000000000023,23.0,26.600000000000023
260919065417,cadence,4541,4541,0,49,0.010790574763268003,26,0.0,70.0,83.0,91.0,107.0
260919065417,distance,4541,4541,0,0,0.0,5,7.64,1804.91,20090.59,38093.59,40039.31
260919065417,enhanced_altitude,4541,4541,0,14,0.0030830213609337152,12,-6.800000000000011,-1.1999999999999886,9.600000000000023,23.0,26.600000000000023
260919065417,enhanced_speed,4541,4541,0,3,0.0006606474344857961,2,0.0,7.274,8.756,11.207,14.288
260919065417,heart_rate,4541,4541,0,0,0.0,24,93.0,109.0,124.0,162.0,186.0
260919065417,power,4541,4541,0,44,0.009689495705791676,9,0.0,84.0,172.0,364.0,1007.0
260919065417,speed,4541,4541,0,3,0.0006606474344857961,2,0.0,7.274,8.756,11.207,14.288
260919065417,temperature,4541,4541,0,0,0.0,1597,15.0,16.0,16.0,17.0,20.0
