activity_id,timestamp,elapsed_seconds,power_w,heart_rate_bpm,cadence_rpm,speed_m_s,altitude_m,temperature_c,segment_id,segment_number,source_elapsed_seconds,source_row_index,source_file,activity_split,segment_selected_from_activity,power_missing,hr_missing
fit:e47555f16f02711dc446d8bfb5ee6625d9c15688be7bc41a38dbac9a7bc8e103,2026-04-25T06:49:48+00:00,0,277,130,39,2.6,100.79999999999995,14,fit:e47555f16f02711dc446d8bfb5ee6625d9c15688be7bc41a38dbac9a7bc8e103:segment:003,3,4647.0,4576,activities/067_260425073220.csv,1,1,0,0
fit:e47555f16f02711dc446d8bfb5ee6625d9c15688be7bc41a38dbac9a7bc8e103,2026-04-25T06:49:49+00:00,1,363,130,39,2.985,100.79999999999995,14,fit:e47555f16f02711dc446d8bfb5ee6625d9c15688be7bc41a38dbac9a7bc8e103:segment:003,3,4648.0,4577,activities/067_260425073220.csv,1,1,0,0
fit:e47555f16f02711dc446d8bfb5ee6625d9c15688be7bc41a38dbac9a7bc8e103,2026-04-25T06:49:50+00:00,2,397,130,57,3.486,100.79999999999995,14,fit:e47555f16f02711dc446d8bfb5ee6625d9c15688be7bc41a38dbac9a7bc8e103:segment:003,3,4649.0,4578,activities/067_260425073220.csv,1,1,0,0
fit:e47555f16f02711dc446d8bfb5ee6625d9c15688be7bc41a38dbac9a7bc8e103,2026-04-25T06:49:51+00:00,3,63,130,78,4.084,101.39999999999998,14,fit:e47555f16f02711dc446d8bfb5ee6625d9c15688be7bc41a38dbac9a7bc8e103:segment:003,3,4650.0,4579,activities/067_260425073220.csv,1,1,0,0
fit:e47555f16f02711dc446d8bfb5ee6625d9c15688be7bc41a38dbac9a7bc8e103,2026-04-25T06:49:52+00:00,4,484,130,80,4.157,102.39999999999998,14,fit:e47555f16f02711dc446d8bfb5ee6625d9c15688be7bc41a38dbac9a7bc8e103:segment:003,3,4651.0,4580,activities/067_260425073220.csv,1,1,0,0
fit:e47555f16f02711dc446d8bfb5ee6625d9c15688be7bc41a38dbac9a7bc8e103,2026-04-25T06:49:53+00:00,5,386,130,89,4.855,103.39999999999998,14,fit:e47555f16f02711dc446d8bfb5ee6625d9c15688be7bc41a38dbac9a7bc8e103:segment:003,3,4652.0,4581,activities/067_260425073220.csv,1,1,0,0
fit:e47555f16f02711dc446d8bfb5ee6625d9c15688be7bc41a38dbac9a7bc8e103,2026-04-25T06:49:54+00:00,6,387,130,104,5.499,103.39999999999998,14,fit:e47555f16f02711dc446d8bfb5ee6625d9c15688be7bc41a38dbac9a7bc8e103:segment:003,3,4653.0,4582,activities/067_260425073220.csv,1,1,0,0
fit:e47555f16f02711dc446d8bfb5ee6625d9c15688be7bc41a38dbac9a7bc8e103,2026-04-25T06:49:55+00:00,7,387,130,104,6.012,103.39999999999998,14,fit:e47555f16f02711dc446d8bfb5ee6625d9c15688be7bc41a38dbac9a7bc8e103:segment:003,3,4654.0,4583,activities/067_260425073220.csv,1,1,0,0
fit:e47555f16f02711dc446d8bfb5ee6625d9c15688be7bc41a38dbac9a7bc8e103,2026-04-25T06:49:56+00:00,8,376,132,99,6.583,102.39999999999998,14,fit:e47555f16f02711dc446d8bfb5ee6625d9c15688be7bc41a38dbac9a7bc8e103:segment:003,3,4655.0,4584,activities/067_260425073220.csv,1,1,0,0
fit:e47555f16f02711dc446d8bfb5ee6625d9c15688be7bc41a38dbac9a7bc8e103,2026-04-25T06:49:57+00:00,9,320,133,94,6.885,102.39999999999998,14,fit:e47555f16f02711dc446d8bfb5ee6625d9c15688be7bc41a38dbac9a7bc8e103:segment:003,3,4656.0,4585,activities/067_260425073220.csv,1,1,0,0
fit:e47555f16f02711dc446d8bfb5ee6625d9c15688be7bc41a38dbac9a7bc8e103,2026-04-25T06:49:58+00:00,10,412,134,89,6.856,102.39999999999998,14,fit:e47555f16f02711dc446d8bfb5ee6625d9c15688be7bc41a38dbac9a7bc8e103:segment:003,3,4657.0,4586,activities/067_260425073220.csv,1,1,0,0
fit:e47555f16f02711dc446d8bfb5ee6625d9c15688be7bc41a38dbac9a7bc8e103,2026-04-25T06:49:59+00:00,11,405,135,84,6.713,103.20000000000005,14,fit:e47555f16f02711dc446d8bfb5ee6625d9c15688be7bc41a38dbac9a7bc8e103:segment:003,3,4658.0,4587,activities/067_260425073220.csv,1,1,0,0
fit:e47555f16f02711dc446d8bfb5ee6625d9c15688be7bc41a38dbac9a7bc8e103,2026-04-25T06:50:00+00:00,12,252,135,81,6.178,103.20000000000005,14,fit:e47555f16f02711dc446d8bfb5ee6625d9c15688be7bc41a38dbac9a7bc8e103:segment:003,3,4659.0,4588,activities/067_260425073220.csv,1,1,0,0
fit:e47555f16f02711dc446d8bfb5ee6625d9c15688be7bc41a38dbac9a7bc8e103,2026-04-25T06:50:01+00:00,13,439,136,82,5.714,103.20000000000005,14,fit:e47555f16f02711dc446d8bfb5ee6625d9c15688be7bc41a38dbac9a7bc8e103:segment:003,3,4660.0,4589,activities/067_260425073220.csv,1,1,0,0
fit:e47555f16f02711dc446d8bfb5ee6625d9c15688be7bc41a38dbac9a7bc8e103,2026-04-25T06:50:02+00:00,14,192,137,81,5.478,103.20000000000005,14,fit:e47555f16f02711dc446d8bfb5ee6625d9c15688be7bc41a38dbac9a7bc8e103:segment:003,3,4661.0,4590,activities/067_260425073220.csv,1,1,0,0
fit:e47555f16f02711dc446d8bfb5ee6625d9c15688be7bc41a38dbac9a7bc8e103,2026-04-25T06:50:03+00:00,15,447,138,81,5.199,104.20000000000005,14,fit:e47555f16f02711dc446d8bfb5ee6625d9c15688be7bc41a38dbac9a7bc8e103:segment:003,3,4662.0,4591,activities/067_260425073220.csv,1,1,0,0
fit:e47555f16f02711dc446d8bfb5ee6625d9c15688be7bc41a38dbac9a7bc8e103,2026-04-25T06:50:04+00:00,16,426,139,79,4.968,105.20000000000005,14,fit:e47555f16f02711dc446d8bfb5ee6625d9c15688be7bc41a38dbac9a7bc8e103:segment:003,3,4663.0,4592,activities/067_260425073220.csv,1,1,0,0
fit:e47555f16f02711dc446d8bfb5ee6625d9c15688be7bc41a38dbac9a7bc8e103,2026-04-25T06:50:05+00:00,17,426,139,77,4.766,106.20000000000005,14,fit:e47555f16f02711dc446d8bfb5ee6625d9c15688be7bc41a38dbac9a7bc8e103:segment:003,3,4664.0,4593,activities/067_260425073220.csv,1,1,0,0
fit:e47555f16f02711dc446d8bfb5ee6625d9c15688be7bc41a38dbac9a7bc8e103,2026-04-25T06:50:06+00:00,18,449,140,77,4.714,107.20000000000005,14,fit:e47555f16f02711dc446d8bfb5ee6625d9c15688be7bc41a38dbac9a7bc8e103:segment:003,3,4665.0,4594,activities/067_260425073220.csv,1,1,0,0
fit:e47555f16f02711dc446d8bfb5ee6625d9c15688be7bc41a38dbac9a7bc8e103,2026-04-25T06:50:07+00:00,19,468,141,76,4.537,107.20000000000005,14,fit:e47555f16f02711dc446d8bfb5ee6625d9c15688be7bc41a38dbac9a7bc8e103:segment:003,3,4666.0,4595,activities/067_260425073220.csv,1,1,0,0
fit:e47555f16f02711dc446d8bfb5ee6625d9c15688be7bc41a38dbac9a7bc8e103,2026-04-25T06:50:08+00:00,20,422,141,80,4.725,107.60000000000002,14,fit:e47555f16f02711dc446d8bfb5ee6625d9c15688be7bc41a38dbac9a7bc8e103:segment:003,3,4667.0,4596,activities/067_260425073220.csv,1,1,0,0
fit:e47555f16f02711dc446d8bfb5ee6625d9c15688be7bc41a38dbac9a7bc8e103,2026-04-25T06:50:09+00:00,21,405,142,78,4.408,107.60000000000002,14,fit:e47555f16f02711dc446d8bfb5ee6625d9c15688be7bc41a38dbac9a7bc8e103:segment:003,3,4668.0,4597,activities/067_260425073220.csv,1,1,0,0
fit:e47555f16f02711dc446d8bfb5ee6625d9c15688be7bc41a38dbac9a7bc8e103,2026-04-25T06:50:10+00:00,22,400,143,78,4.22,107.60000000000002,14,fit:e47555f16f02711dc446d8bfb5ee6625d9c15688be7bc41a38dbac9a7bc8e103:segment:003,3,4669.0,4598,activities/067_260425073220.csv,1,1,0,0
fit:e47555f16f02711dc446d8bfb5ee6625d9c15688be7bc41a38dbac9a7bc8e103,2026-04-25T06:50:11+00:00,23,376,143,77,4.144,107.60000000000002,14,fit:e47555f16f02711dc446d8bfb5ee6625d9c15688be7bc41a38dbac9a7bc8e103:segment:003,3,4670.0,4599,activities/067_260425073220.csv,1,1,0,0
fit:e47555f16f02711dc446d8bfb5ee6625d9c15688be7bc41a38dbac9a7bc8e103,2026-04-25T06:50:12+00:00,24,380,144,75,4.016,108.60000000000002,14,fit:e47555f16f02711dc446d8bfb5ee6625d9c15688be7bc41a38dbac9a7bc8e103:segment:003,3,4671.0,4600,activities/067_260425073220.csv,1,1,0,0
fit:e47555f16f02711dc446d8bfb5ee6625d9c15688be7bc41a38dbac9a7bc8e103,2026-04-25T06:50:13+00:00,25,375,145,74,4.133,109.60000000000002,14,fit:e47555f16f02711dc446d8bfb5ee6625d9c15688be7bc41a38dbac9a7bc8e103:segment:003,3,4672.0,4601,activities/067_260425073220.csv,1,1,0,0
fit:e47555f16f02711dc446d8bfb5ee6625d9c15688be7bc41a38dbac9a7bc8e103,2026-04-25T06:50:14+00:00,26,375,146,74,4.003,110.39999999999998,14,fit:e47555f16f02711dc446d8bfb5ee6625d9c15688be7bc41a38dbac9a7bc8e103:segment:003,3,4673.0,4602,activities/067_260425073220.csv,1,1,0,0
fit:e47555f16f02711dc446d8bfb5ee6625d9c15688be7bc41a38dbac9a7bc8e103,2026-04-25T06:50:15+00:00,27,365,147,74,3.816,110.39999999999998,14,fit:e47555f16f02711dc446d8bfb5ee6625d9c15688be7bc41a38dbac9a7bc8e103:segment:003,3,4674.0,4603,activities/067_260425073220.csv,1,1,0,0
fit:e47555f16f02711dc446d8bfb5ee6625d9c15688be7bc41a38dbac9a7bc8e103,2026-04-25T06:50:16+00:00,28,365,147,74,3.91,110.39999999999998,14,fit:e47555f16f02711dc446d8bfb5ee6625d9c15688be7bc41a38dbac9a7bc8e103:segment:003,3,4675.0,4604,activities/067_260425073220.csv,1,1,0,0
fit:e47555f16f02711dc446d8bfb5ee6625d9c15688be7bc41a38dbac9a7bc8e103,2026-04-25T06:50:17+00:00,29,393,148,74,4.138,110.39999999999998,14,fit:e47555f16f02711dc446d8bfb5ee6625d9c15688be7bc41a38dbac9a7bc8e103:segment:003,3,4676.0,4605,activities/067_260425073220.csv,1,1,0,0
fit:e47555f16f02711dc446d8bfb5ee6625d9c15688be7bc41a38dbac9a7bc8e103,2026-04-25T06:50:18+00:00,30,415,149,75,3.858,111.39999999999998,14,fit:e47555f16f02711dc446d8bfb5ee6625d9c15688be7bc41a38dbac9a7bc8e103:segment:003,3,4677.0,4606,activities/067_260425073220.csv,1,1,0,0
fit:e47555f16f02711dc446d8bfb5ee6625d9c15688be7bc41a38dbac9a7bc8e103,2026-04-25T06:50:19+00:00,31,293,150,75,3.712,112.39999999999998,14,fit:e47555f16f02711dc446d8bfb5ee6625d9c15688be7bc41a38dbac9a7bc8e103:segment:003,3,4678.0,4607,activities/067_260425073220.csv,1,1,0,0
fit:e47555f16f02711dc446d8bfb5ee6625d9c15688be7bc41a38dbac9a7bc8e103,2026-04-25T06:50:20+00:00,32,428,151,82,3.892,112.39999999999998,14,fit:e47555f16f02711dc446d8bfb5ee6625d9c15688be7bc41a38dbac9a7bc8e103:segment:003,3,4679.0,4608,activities/067_260425073220.csv,1,1,0,0
fit:e47555f16f02711dc446d8bfb5ee6625d9c15688be7bc41a38dbac9a7bc8e103,2026-04-25T06:50:21+00:00,33,388,153,85,3.867,113.39999999999998,14,fit:e47555f16f02711dc446d8bfb5ee6625d9c15688be7bc41a38dbac9a7bc8e103:segment:003,3,4680.0,4609,activities/067_260425073220.csv,1,1,0,0
fit:e47555f16f02711dc446d8bfb5ee6625d9c15688be7bc41a38dbac9a7bc8e103,2026-04-25T06:50:22+00:00,34,414,153,85,3.67,114.39999999999998,14,fit:e47555f16f02711dc446d8bfb5ee6625d9c15688be7bc41a38dbac9a7bc8e103:segment:003,3,4681.0,4610,activities/067_260425073220.csv,1,1,0,0
fit:e47555f16f02711dc446d8bfb5ee6625d9c15688be7bc41a38dbac9a7bc8e103,2026-04-25T06:50:23+00:00,35,411,154,86,3.663,114.60000000000002,14,fit:e47555f16f02711dc446d8bfb5ee6625d9c15688be7bc41a38dbac9a7bc8e103:segment:003,3,4682.0,4611,activities/067_260425073220.csv,1,1,0,0
fit:e47555f16f02711dc446d8bfb5ee6625d9c15688be7bc41a38dbac9a7bc8e103,2026-04-25T06:50:24+00:00,36,411,155,86,3.638,114.60000000000002,14,fit:e47555f16f02711dc446d8bfb5ee6625d9c15688be7bc41a38dbac9a7bc8e103:segment:003,3,4683.0,4612,activities/067_260425073220.csv,1,1,0,0
fit:e47555f16f02711dc446d8bfb5ee6625d9c15688be7bc41a38dbac9a7bc8e103,2026-04-25T06:50:25+00:00,37,379,157,84,3.673,114.60000000000002,14,fit:e47555f16f02711dc446d8bfb5ee6625d9c15688be7bc41a38dbac9a7bc8e103:segment:003,3,4684.0,4613,activities/067_260425073220.csv,1,1,0,0
fit:e47555f16f02711dc446d8bfb5ee6625d9c15688be7bc41a38dbac9a7bc8e103,2026-04-25T06:50:26+00:00,38,390,158,81,3.626,114.60000000000002,14,fit:e47555f16f02711dc446d8bfb5ee6625d9c15688be7bc41a38dbac9a7bc8e103:segment:003,3,4685.0,4614,activities/067_260425073220.csv,1,1,0,0
fit:e47555f16f02711dc446d8bfb5ee6625d9c15688be7bc41a38dbac9a7bc8e103,2026-04-25T06:50:27+00:00,39,397,160,80,3.36,115.0,14,fit:e47555f16f02711dc446d8bfb5ee6625d9c15688be7bc41a38dbac9a7bc8e103:segment:003,3,4686.0,4615,activities/067_260425073220.csv,1,1,0,0
fit:e47555f16f02711dc446d8bfb5ee6625d9c15688be7bc41a38dbac9a7bc8e103,2026-04-25T06:50:28+00:00,40,377,160,80,3.479,116.0,14,fit:e47555f16f02711dc446d8bfb5ee6625d9c15688be7bc41a38dbac9a7bc8e103:segment:003,3,4687.0,4616,activities/067_260425073220.csv,1,1,0,0
fit:e47555f16f02711dc446d8bfb5ee6625d9c15688be7bc41a38dbac9a7bc8e103,2026-04-25T06:50:29+00:00,41,386,162,79,3.249,116.0,14,fit:e47555f16f02711dc446d8bfb5ee6625d9c15688be7bc41a38dbac9a7bc8e103:segment:003,3,4688.0,4617,activities/067_260425073220.csv,1,1,0,0
fit:e47555f16f02711dc446d8bfb5ee6625d9c15688be7bc41a38dbac9a7bc8e103,2026-04-25T06:50:30+00:00,42,386,163,79,3.226,116.0,14,fit:e47555f16f02711dc446d8bfb5ee6625d9c15688be7bc41a38dbac9a7bc8e103:segment:003,3,4689.0,4618,activities/067_260425073220.csv,1,1,0,0
fit:e47555f16f02711dc446d8bfb5ee6625d9c15688be7bc41a38dbac9a7bc8e103,2026-04-25T06:50:31+00:00,43,380,163,79,3.323,116.0,14,fit:e47555f16f02711dc446d8bfb5ee6625d9c15688be7bc41a38dbac9a7bc8e103:segment:003,3,4690.0,4619,activities/067_260425073220.csv,1,1,0,0
fit:e47555f16f02711dc446d8bfb5ee6625d9c15688be7bc41a38dbac9a7bc8e103,2026-04-25T06:50:32+00:00,44,368,166,80,3.334,117.0,14,fit:e47555f16f02711dc446d8bfb5ee6625d9c15688be7bc41a38dbac9a7bc8e103:segment:003,3,4691.0,4620,activities/067_260425073220.csv,1,1,0,0
fit:e47555f16f02711dc446d8bfb5ee6625d9c15688be7bc41a38dbac9a7bc8e103,2026-04-25T06:50:33+00:00,45,365,166,79,3.386,117.60000000000002,14,fit:e47555f16f02711dc446d8bfb5ee6625d9c15688be7bc41a38dbac9a7bc8e103:segment:003,3,4692.0,4621,activities/067_260425073220.csv,1,1,0,0
fit:e47555f16f02711dc446d8bfb5ee6625d9c15688be7bc41a38dbac9a7bc8e103,2026-04-25T06:50:34+00:00,46,366,166,77,3.432,117.60000000000002,14,fit:e47555f16f02711dc446d8bfb5ee6625d9c15688be7bc41a38dbac9a7bc8e103:segment:003,3,4693.0,4622,activities/067_260425073220.csv,1,1,0,0
fit:e47555f16f02711dc446d8bfb5ee6625d9c15688be7bc41a38dbac9a7bc8e103,2026-04-25T06:50:35+00:00,47,346,167,77,3.314,118.0,14,fit:e47555f16f02711dc446d8bfb5ee6625d9c15688be7bc41a38dbac9a7bc8e103:segment:003,3,4694.0,4623,activities/067_260425073220.csv,1,1,0,0
fit:e47555f16f02711dc446d8bfb5ee6625d9c15688be7bc41a38dbac9a7bc8e103,2026-04-25T06:50:36+00:00,48,330,168,74,3.248,118.0,14,fit:e47555f16f02711dc446d8bfb5ee6625d9c15688be7bc41a38dbac9a7bc8e103:segment:003,3,4695.0,4624,activities/067_260425073220.csv,1,1,0,0
fit:e47555f16f02711dc446d8bfb5ee6625d9c15688be7bc41a38dbac9a7bc8e103,2026-04-25T06:50:37+00:00,49,348,168,75,3.274,118.0,14,fit:e47555f16f02711dc446d8bfb5ee6625d9c15688be7bc41a38dbac9a7bc8e103:segment:003,3,4696.0,4625,activities/067_260425073220.csv,1,1,0,0
fit:e47555f16f02711dc446d8bfb5ee6625d9c15688be7bc41a38dbac9a7bc8e103,2026-04-25T06:50:38+00:00,50,372,168,75,3.533,118.0,14,fit:e47555f16f02711dc446d8bfb5ee6625d9c15688be7bc41a38dbac9a7bc8e103:segment:003,3,4697.0,4626,activities/067_260425073220.csv,1,1,0,0
fit:e47555f16f02711dc446d8bfb5ee6625d9c15688be7bc41a38dbac9a7bc8e103,2026-04-25T06:50:39+00:00,51,368,169,76,3.443,119.0,14,fit:e47555f16f02711dc446d8bfb5ee6625d9c15688be7bc41a38dbac9a7bc8e103:segment:003,3,4698.0,4627,activities/067_260425073220.csv,1,1,0,0
fit:e47555f16f02711dc446d8bfb5ee6625d9c15688be7bc41a38dbac9a7bc8e103,2026-04-25T06:50:40+00:00,52,355,169,76,3.349,119.0,14,fit:e47555f16f02711dc446d8bfb5ee6625d9c15688be7bc41a38dbac9a7bc8e103:segment:003,3,4699.0,4628,activities/067_260425073220.csv,1,1,0,0
fit:e47555f16f02711dc446d8bfb5ee6625d9c15688be7bc41a38dbac9a7bc8e103,2026-04-25T06:50:41+00:00,53,361,169,76,3.337,119.0,14,fit:e47555f16f02711dc446d8bfb5ee6625d9c15688be7bc41a38dbac9a7bc8e103:segment:003,3,4700.0,4629,activities/067_260425073220.csv,1,1,0,0
fit:e47555f16f02711dc446d8bfb5ee6625d9c15688be7bc41a38dbac9a7bc8e103,2026-04-25T06:50:42+00:00,54,346,169,75,3.451,119.0,14,fit:e47555f16f02711dc446d8bfb5ee6625d9c15688be7bc41a38dbac9a7bc8e103:segment:003,3,4701.0,4630,activities/067_260425073220.csv,1,1,0,0
fit:e47555f16f02711dc446d8bfb5ee6625d9c15688be7bc41a38dbac9a7bc8e103,2026-04-25T06:50:43+00:00,55,324,169,74,3.344,120.0,14,fit:e47555f16f02711dc446d8bfb5ee6625d9c15688be7bc41a38dbac9a7bc8e103:segment:003,3,4702.0,4631,activities/067_260425073220.csv,1,1,0,0
fit:e47555f16f02711dc446d8bfb5ee6625d9c15688be7bc41a38dbac9a7bc8e103,2026-04-25T06:50:44+00:00,56,369,169,74,3.247,121.0,14,fit:e47555f16f02711dc446d8bfb5ee6625d9c15688be7bc41a38dbac9a7bc8e103:segment:003,3,4703.0,4632,activities/067_260425073220.csv,1,1,0,0
fit:e47555f16f02711dc446d8bfb5ee6625d9c15688be7bc41a38dbac9a7bc8e103,2026-04-25T06:50:45+00:00,57,351,169,75,3.247,121.39999999999998,14,fit:e47555f16f02711dc446d8bfb5ee6625d9c15688be7bc41a38dbac9a7bc8e103:segment:003,3,4704.0,4633,activities/067_260425073220.csv,1,1,0,0
fit:e47555f16f02711dc446d8bfb5ee6625d9c15688be7bc41a38dbac9a7bc8e103,2026-04-25T06:50:46+00:00,58,351,169,75,3.284,121.39999999999998,14,fit:e47555f16f02711dc446d8bfb5ee6625d9c15688be7bc41a38dbac9a7bc8e103:segment:003,3,4705.0,4634,activities/067_260425073220.csv,1,1,0,0
fit:e47555f16f02711dc446d8bfb5ee6625d9c15688be7bc41a38dbac9a7bc8e103,2026-04-25T06:50:47+00:00,59,321,169,74,3.275,121.39999999999998,14,fit:e47555f16f02711dc446d8bfb5ee6625d9c15688be7bc41a38dbac9a7bc8e103:segment:003,3,4706.0,4635,activities/067_260425073220.csv,1,1,0,0
fit:e47555f16f02711dc446d8bfb5ee6625d9c15688be7bc41a38dbac9a7bc8e103,2026-04-25T06:50:48+00:00,60,352,169,73,3.289,121.39999999999998,14,fit:e47555f16f02711dc446d8bfb5ee6625d9c15688be7bc41a38dbac9a7bc8e103:segment:003,3,4707.0,4636,activities/067_260425073220.csv,1,1,0,0
fit:e47555f16f02711dc446d8bfb5ee6625d9c15688be7bc41a38dbac9a7bc8e103,2026-04-25T06:50:49+00:00,61,347,170,74,3.274,121.39999999999998,14,fit:e47555f16f02711dc446d8bfb5ee6625d9c15688be7bc41a38dbac9a7bc8e103:segment:003,3,4708.0,4637,activities/067_260425073220.csv,1,1,0,0
fit:e47555f16f02711dc446d8bfb5ee6625d9c15688be7bc41a38dbac9a7bc8e103,2026-04-25T06:50:50+00:00,62,343,170,74,3.337,122.39999999999998,14,fit:e47555f16f02711dc446d8bfb5ee6625d9c15688be7bc41a38dbac9a7bc8e103:segment:003,3,4709.0,4638,activities/067_260425073220.csv,1,1,0,0
fit:e47555f16f02711dc446d8bfb5ee6625d9c15688be7bc41a38dbac9a7bc8e103,2026-04-25T06:50:51+00:00,63,320,170,74,3.296,122.79999999999995,14,fit:e47555f16f02711dc446d8bfb5ee6625d9c15688be7bc41a38dbac9a7bc8e103:segment:003,3,4710.0,4639,activities/067_260425073220.csv,1,1,0,0
fit:e47555f16f02711dc446d8bfb5ee6625d9c15688be7bc41a38dbac9a7bc8e103,2026-04-25T06:50:52+00:00,64,321,170,72,3.282,123.20000000000005,14,fit:e47555f16f02711dc446d8bfb5ee6625d9c15688be7bc41a38dbac9a7bc8e103:segment:003,3,4711.0,4640,activities/067_260425073220.csv,1,1,0,0
fit:e47555f16f02711dc446d8bfb5ee6625d9c15688be7bc41a38dbac9a7bc8e103,2026-04-25T06:50:53+00:00,65,339,170,72,3.321,124.20000000000005,14,fit:e47555f16f02711dc446d8bfb5ee6625d9c15688be7bc41a38dbac9a7bc8e103:segment:003,3,4712.0,4641,activities/067_260425073220.csv,1,1,0,0
fit:e47555f16f02711dc446d8bfb5ee6625d9c15688be7bc41a38dbac9a7bc8e103,2026-04-25T06:50:54+00:00,66,273,171,71,3.349,124.20000000000005,14,fit:e47555f16f02711dc446d8bfb5ee6625d9c15688be7bc41a38dbac9a7bc8e103:segment:003,3,4713.0,4642,activities/067_260425073220.csv,1,1,0,0
fit:e47555f16f02711dc446d8bfb5ee6625d9c15688be7bc41a38dbac9a7bc8e103,2026-04-25T06:50:55+00:00,67,389,171,69,3.335,124.20000000000005,14,fit:e47555f16f02711dc446d8bfb5ee6625d9c15688be7bc41a38dbac9a7bc8e103:segment:003,3,4714.0,4643,activities/067_260425073220.csv,1,1,0,0
fit:e47555f16f02711dc446d8bfb5ee6625d9c15688be7bc41a38dbac9a7bc8e103,2026-04-25T06:50:56+00:00,68,354,171,70,3.325,124.20000000000005,14,fit:e47555f16f02711dc446d8bfb5ee6625d9c15688be7bc41a38dbac9a7bc8e103:segment:003,3,4715.0,4644,activities/067_260425073220.csv,1,1,0,0
fit:e47555f16f02711dc446d8bfb5ee6625d9c15688be7bc41a38dbac9a7bc8e103,2026-04-25T06:50:57+00:00,69,351,171,74,3.304,125.20000000000005,14,fit:e47555f16f02711dc446d8bfb5ee6625d9c15688be7bc41a38dbac9a7bc8e103:segment:003,3,4716.0,4645,activities/067_260425073220.csv,1,1,0,0
fit:e47555f16f02711dc446d8bfb5ee6625d9c15688be7bc41a38dbac9a7bc8e103,2026-04-25T06:50:58+00:00,70,341,171,75,3.318,125.60000000000002,14,fit:e47555f16f02711dc446d8bfb5ee6625d9c15688be7bc41a38dbac9a7bc8e103:segment:003,3,4717.0,4646,activities/067_260425073220.csv,1,1,0,0
fit:e47555f16f02711dc446d8bfb5ee6625d9c15688be7bc41a38dbac9a7bc8e103,2026-04-25T06:50:59+00:00,71,307,171,75,3.47,125.79999999999995,14,fit:e47555f16f02711dc446d8bfb5ee6625d9c15688be7bc41a38dbac9a7bc8e103:segment:003,3,4718.0,4647,activities/067_260425073220.csv,1,1,0,0
fit:e47555f16f02711dc446d8bfb5ee6625d9c15688be7bc41a38dbac9a7bc8e103,2026-04-25T06:51:00+00:00,72,321,171,74,3.416,126.39999999999998,14,fit:e47555f16f02711dc446d8bfb5ee6625d9c15688be7bc41a38dbac9a7bc8e103:segment:003,3,4719.0,4648,activities/067_260425073220.csv,1,1,0,0
fit:e47555f16f02711dc446d8bfb5ee6625d9c15688be7bc41a38dbac9a7bc8e103,2026-04-25T06:51:01+00:00,73,313,170,73,3.463,127.0,14,fit:e47555f16f02711dc446d8bfb5ee6625d9c15688be7bc41a38dbac9a7bc8e103:segment:003,3,4720.0,4649,activities/067_260425073220.csv,1,1,0,0
fit:e47555f16f02711dc446d8bfb5ee6625d9c15688be7bc41a38dbac9a7bc8e103,2026-04-25T06:51:02+00:00,74,338,170,72,3.286,127.20000000000005,14,fit:e47555f16f02711dc446d8bfb5ee6625d9c15688be7bc41a38dbac9a7bc8e103:segment:003,3,4721.0,4650,activities/067_260425073220.csv,1,1,0,0
fit:e47555f16f02711dc446d8bfb5ee6625d9c15688be7bc41a38dbac9a7bc8e103,2026-04-25T06:51:03+00:00,75,351,170,72,3.354,127.60000000000002,13,fit:e47555f16f02711dc446d8bfb5ee6625d9c15688be7bc41a38dbac9a7bc8e103:segment:003,3,4722.0,4651,activities/067_260425073220.csv,1,1,0,0
fit:e47555f16f02711dc446d8bfb5ee6625d9c15688be7bc41a38dbac9a7bc8e103,2026-04-25T06:51:04+00:00,76,346,170,72,3.339,128.39999999999998,13,fit:e47555f16f02711dc446d8bfb5ee6625d9c15688be7bc41a38dbac9a7bc8e103:segment:003,3,4723.0,4652,activities/067_260425073220.csv,1,1,0,0
fit:e47555f16f02711dc446d8bfb5ee6625d9c15688be7bc41a38dbac9a7bc8e103,2026-04-25T06:51:05+00:00,77,340,169,71,3.282,128.79999999999995,13,fit:e47555f16f02711dc446d8bfb5ee6625d9c15688be7bc41a38dbac9a7bc8e103:segment:003,3,4724.0,4653,activities/067_260425073220.csv,1,1,0,0
fit:e47555f16f02711dc446d8bfb5ee6625d9c15688be7bc41a38dbac9a7bc8e103,2026-04-25T06:51:06+00:00,78,317,170,71,3.275,129.20000000000005,13,fit:e47555f16f02711dc446d8bfb5ee6625d9c15688be7bc41a38dbac9a7bc8e103:segment:003,3,4725.0,4654,activities/067_260425073220.csv,1,1,0,0
fit:e47555f16f02711dc446d8bfb5ee6625d9c15688be7bc41a38dbac9a7bc8e103,2026-04-25T06:51:07+00:00,79,299,170,70,3.251,129.20000000000005,13,fit:e47555f16f02711dc446d8bfb5ee6625d9c15688be7bc41a38dbac9a7bc8e103:segment:003,3,4726.0,4655,activities/067_260425073220.csv,1,1,0,0
fit:e47555f16f02711dc446d8bfb5ee6625d9c15688be7bc41a38dbac9a7bc8e103,2026-04-25T06:51:08+00:00,80,317,170,70,3.31,129.20000000000005,13,fit:e47555f16f02711dc446d8bfb5ee6625d9c15688be7bc41a38dbac9a7bc8e103:segment:003,3,4727.0,4656,activities/067_260425073220.csv,1,1,0,0
fit:e47555f16f02711dc446d8bfb5ee6625d9c15688be7bc41a38dbac9a7bc8e103,2026-04-25T06:51:09+00:00,81,286,170,71,3.36,129.20000000000005,13,fit:e47555f16f02711dc446d8bfb5ee6625d9c15688be7bc41a38dbac9a7bc8e103:segment:003,3,4728.0,4657,activities/067_260425073220.csv,1,1,0,0
fit:e47555f16f02711dc446d8bfb5ee6625d9c15688be7bc41a38dbac9a7bc8e103,2026-04-25T06:51:10+00:00,82,332,170,69,3.238,129.20000000000005,13,fit:e47555f16f02711dc446d8bfb5ee6625d9c15688be7bc41a38dbac9a7bc8e103:segment:003,3,4729.0,4658,activities/067_260425073220.csv,1,1,0,0
fit:e47555f16f02711dc446d8bfb5ee6625d9c15688be7bc41a38dbac9a7bc8e103,2026-04-25T06:51:11+00:00,83,301,170,68,3.323,129.20000000000005,13,fit:e47555f16f02711dc446d8bfb5ee6625d9c15688be7bc41a38dbac9a7bc8e103:segment:003,3,4730.0,4659,activities/067_260425073220.csv,1,1,0,0
fit:e47555f16f02711dc446d8bfb5ee6625d9c15688be7bc41a38dbac9a7bc8e103,2026-04-25T06:51:12+00:00,84,345,170,72,3.365,130.20000000000005,13,fit:e47555f16f02711dc446d8bfb5ee6625d9c15688be7bc41a38dbac9a7bc8e103:segment:003,3,4731.0,4660,activities/067_260425073220.csv,1,1,0,0
fit:e47555f16f02711dc446d8bfb5ee6625d9c15688be7bc41a38dbac9a7bc8e103,2026-04-25T06:51:13+00:00,85,345,170,75,3.296,130.79999999999995,13,fit:e47555f16f02711dc446d8bfb5ee6625d9c15688be7bc41a38dbac9a7bc8e103:segment:003,3,4732.0,4661,activities/067_260425073220.csv,1,1,0,0
fit:e47555f16f02711dc446d8bfb5ee6625d9c15688be7bc41a38dbac9a7bc8e103,2026-04-25T06:51:14+00:00,86,341,170,76,3.374,131.0,13,fit:e47555f16f02711dc446d8bfb5ee6625d9c15688be7bc41a38dbac9a7bc8e103:segment:003,3,4733.0,4662,activities/067_260425073220.csv,1,1,0,0
fit:e47555f16f02711dc446d8bfb5ee6625d9c15688be7bc41a38dbac9a7bc8e103,2026-04-25T06:51:15+00:00,87,327,170,77,3.338,131.0,13,fit:e47555f16f02711dc446d8bfb5ee6625d9c15688be7bc41a38dbac9a7bc8e103:segment:003,3,4734.0,4663,activities/067_260425073220.csv,1,1,0,0
fit:e47555f16f02711dc446d8bfb5ee6625d9c15688be7bc41a38dbac9a7bc8e103,2026-04-25T06:51:16+00:00,88,327,169,76,3.389,131.0,13,fit:e47555f16f02711dc446d8bfb5ee6625d9c15688be7bc41a38dbac9a7bc8e103:segment:003,3,4735.0,4664,activities/067_260425073220.csv,1,1,0,0
fit:e47555f16f02711dc446d8bfb5ee6625d9c15688be7bc41a38dbac9a7bc8e103,2026-04-25T06:51:17+00:00,89,342,169,78,3.446,131.0,13,fit:e47555f16f02711dc446d8bfb5ee6625d9c15688be7bc41a38dbac9a7bc8e103:segment:003,3,4736.0,4665,activities/067_260425073220.csv,1,1,0,0
fit:e47555f16f02711dc446d8bfb5ee6625d9c15688be7bc41a38dbac9a7bc8e103,2026-04-25T06:51:18+00:00,90,327,169,78,3.54,132.0,13,fit:e47555f16f02711dc446d8bfb5ee6625d9c15688be7bc41a38dbac9a7bc8e103:segment:003,3,4737.0,4666,activities/067_260425073220.csv,1,1,0,0
fit:e47555f16f02711dc446d8bfb5ee6625d9c15688be7bc41a38dbac9a7bc8e103,2026-04-25T06:51:19+00:00,91,316,169,78,3.653,133.0,13,fit:e47555f16f02711dc446d8bfb5ee6625d9c15688be7bc41a38dbac9a7bc8e103:segment:003,3,4738.0,4667,activities/067_260425073220.csv,1,1,0,0
fit:e47555f16f02711dc446d8bfb5ee6625d9c15688be7bc41a38dbac9a7bc8e103,2026-04-25T06:51:20+00:00,92,312,169,78,3.674,133.0,13,fit:e47555f16f02711dc446d8bfb5ee6625d9c15688be7bc41a38dbac9a7bc8e103:segment:003,3,4739.0,4668,activities/067_260425073220.csv,1,1,0,0
fit:e47555f16f02711dc446d8bfb5ee6625d9c15688be7bc41a38dbac9a7bc8e103,2026-04-25T06:51:21+00:00,93,300,169,77,3.577,133.0,13,fit:e47555f16f02711dc446d8bfb5ee6625d9c15688be7bc41a38dbac9a7bc8e103:segment:003,3,4740.0,4669,activities/067_260425073220.csv,1,1,0,0
fit:e47555f16f02711dc446d8bfb5ee6625d9c15688be7bc41a38dbac9a7bc8e103,2026-04-25T06:51:22+00:00,94,301,169,76,3.606,133.0,13,fit:e47555f16f02711dc446d8bfb5ee6625d9c15688be7bc41a38dbac9a7bc8e103:segment:003,3,4741.0,4670,activities/067_260425073220.csv,1,1,0,0
fit:e47555f16f02711dc446d8bfb5ee6625d9c15688be7bc41a38dbac9a7bc8e103,2026-04-25T06:51:23+00:00,95,291,169,74,3.575,134.0,13,fit:e47555f16f02711dc446d8bfb5ee6625d9c15688be7bc41a38dbac9a7bc8e103:segment:003,3,4742.0,4671,activities/067_260425073220.csv,1,1,0,0
fit:e47555f16f02711dc446d8bfb5ee6625d9c15688be7bc41a38dbac9a7bc8e103,2026-04-25T06:51:24+00:00,96,303,169,74,3.55,134.39999999999998,13,fit:e47555f16f02711dc446d8bfb5ee6625d9c15688be7bc41a38dbac9a7bc8e103:segment:003,3,4743.0,4672,activities/067_260425073220.csv,1,1,0,0
fit:e47555f16f02711dc446d8bfb5ee6625d9c15688be7bc41a38dbac9a7bc8e103,2026-04-25T06:51:25+00:00,97,290,169,74,3.361,134.39999999999998,13,fit:e47555f16f02711dc446d8bfb5ee6625d9c15688be7bc41a38dbac9a7bc8e103:segment:003,3,4744.0,4673,activities/067_260425073220.csv,1,1,0,0
fit:e47555f16f02711dc446d8bfb5ee6625d9c15688be7bc41a38dbac9a7bc8e103,2026-04-25T06:51:26+00:00,98,335,169,73,3.36,135.20000000000005,13,fit:e47555f16f02711dc446d8bfb5ee6625d9c15688be7bc41a38dbac9a7bc8e103:segment:003,3,4745.0,4674,activities/067_260425073220.csv,1,1,0,0
fit:e47555f16f02711dc446d8bfb5ee6625d9c15688be7bc41a38dbac9a7bc8e103,2026-04-25T06:51:27+00:00,99,327,169,76,3.395,135.20000000000005,13,fit:e47555f16f02711dc446d8bfb5ee6625d9c15688be7bc41a38dbac9a7bc8e103:segment:003,3,4746.0,4675,activities/067_260425073220.csv,1,1,0,0
fit:e47555f16f02711dc446d8bfb5ee6625d9c15688be7bc41a38dbac9a7bc8e103,2026-04-25T06:51:28+00:00,100,306,170,77,3.391,135.20000000000005,13,fit:e47555f16f02711dc446d8bfb5ee6625d9c15688be7bc41a38dbac9a7bc8e103:segment:003,3,4747.0,4676,activities/067_260425073220.csv,1,1,0,0
fit:e47555f16f02711dc446d8bfb5ee6625d9c15688be7bc41a38dbac9a7bc8e103,2026-04-25T06:51:29+00:00,101,317,170,78,3.239,135.20000000000005,13,fit:e47555f16f02711dc446d8bfb5ee6625d9c15688be7bc41a38dbac9a7bc8e103:segment:003,3,4748.0,4677,activities/067_260425073220.csv,1,1,0,0
fit:e47555f16f02711dc446d8bfb5ee6625d9c15688be7bc41a38dbac9a7bc8e103,2026-04-25T06:51:30+00:00,102,306,170,78,3.338,135.20000000000005,13,fit:e47555f16f02711dc446d8bfb5ee6625d9c15688be7bc41a38dbac9a7bc8e103:segment:003,3,4749.0,4678,activities/067_260425073220.csv,1,1,0,0
fit:e47555f16f02711dc446d8bfb5ee6625d9c15688be7bc41a38dbac9a7bc8e103,2026-04-25T06:51:31+00:00,103,319,170,77,3.417,135.20000000000005,13,fit:e47555f16f02711dc446d8bfb5ee6625d9c15688be7bc41a38dbac9a7bc8e103:segment:003,3,4750.0,4679,activities/067_260425073220.csv,1,1,0,0
fit:e47555f16f02711dc446d8bfb5ee6625d9c15688be7bc41a38dbac9a7bc8e103,2026-04-25T06:51:32+00:00,104,338,170,77,3.386,135.20000000000005,13,fit:e47555f16f02711dc446d8bfb5ee6625d9c15688be7bc41a38dbac9a7bc8e103:segment:003,3,4751.0,4680,activities/067_260425073220.csv,1,1,0,0
fit:e47555f16f02711dc446d8bfb5ee6625d9c15688be7bc41a38dbac9a7bc8e103,2026-04-25T06:51:33+00:00,105,300,170,76,3.415,136.20000000000005,13,fit:e47555f16f02711dc446d8bfb5ee6625d9c15688be7bc41a38dbac9a7bc8e103:segment:003,3,4752.0,4681,activities/067_260425073220.csv,1,1,0,0
fit:e47555f16f02711dc446d8bfb5ee6625d9c15688be7bc41a38dbac9a7bc8e103,2026-04-25T06:51:34+00:00,106,335,170,75,3.391,137.20000000000005,13,fit:e47555f16f02711dc446d8bfb5ee6625d9c15688be7bc41a38dbac9a7bc8e103:segment:003,3,4753.0,4682,activities/067_260425073220.csv,1,1,0,0
fit:e47555f16f02711dc446d8bfb5ee6625d9c15688be7bc41a38dbac9a7bc8e103,2026-04-25T06:51:35+00:00,107,316,170,75,3.467,138.20000000000005,13,fit:e47555f16f02711dc446d8bfb5ee6625d9c15688be7bc41a38dbac9a7bc8e103:segment:003,3,4754.0,4683,activities/067_260425073220.csv,1,1,0,0
fit:e47555f16f02711dc446d8bfb5ee6625d9c15688be7bc41a38dbac9a7bc8e103,2026-04-25T06:51:36+00:00,108,322,170,76,3.396,138.39999999999998,13,fit:e47555f16f02711dc446d8bfb5ee6625d9c15688be7bc41a38dbac9a7bc8e103:segment:003,3,4755.0,4684,activities/067_260425073220.csv,1,1,0,0
fit:e47555f16f02711dc446d8bfb5ee6625d9c15688be7bc41a38dbac9a7bc8e103,2026-04-25T06:51:37+00:00,109,323,170,76,3.471,138.60000000000002,13,fit:e47555f16f02711dc446d8bfb5ee6625d9c15688be7bc41a38dbac9a7bc8e103:segment:003,3,4756.0,4685,activities/067_260425073220.csv,1,1,0,0
fit:e47555f16f02711dc446d8bfb5ee6625d9c15688be7bc41a38dbac9a7bc8e103,2026-04-25T06:51:38+00:00,110,309,170,76,3.461,138.60000000000002,13,fit:e47555f16f02711dc446d8bfb5ee6625d9c15688be7bc41a38dbac9a7bc8e103:segment:003,3,4757.0,4686,activities/067_260425073220.csv,1,1,0,0
fit:e47555f16f02711dc446d8bfb5ee6625d9c15688be7bc41a38dbac9a7bc8e103,2026-04-25T06:51:39+00:00,111,299,170,75,3.368,138.60000000000002,13,fit:e47555f16f02711dc446d8bfb5ee6625d9c15688be7bc41a38dbac9a7bc8e103:segment:003,3,4758.0,4687,activities/067_260425073220.csv,1,1,0,0
fit:e47555f16f02711dc446d8bfb5ee6625d9c15688be7bc41a38dbac9a7bc8e103,2026-04-25T06:51:40+00:00,112,299,170,75,3.331,138.60000000000002,13,fit:e47555f16f02711dc446d8bfb5ee6625d9c15688be7bc41a38dbac9a7bc8e103:segment:003,3,4759.0,4688,activities/067_260425073220.csv,1,1,0,0
fit:e47555f16f02711dc446d8bfb5ee6625d9c15688be7bc41a38dbac9a7bc8e103,2026-04-25T06:51:41+00:00,113,308,170,74,3.397,138.60000000000002,13,fit:e47555f16f02711dc446d8bfb5ee6625d9c15688be7bc41a38dbac9a7bc8e103:segment:003,3,4760.0,4689,activities/067_260425073220.csv,1,1,0,0
fit:e47555f16f02711dc446d8bfb5ee6625d9c15688be7bc41a38dbac9a7bc8e103,2026-04-25T06:51:42+00:00,114,309,170,74,3.39,139.60000000000002,13,fit:e47555f16f02711dc446d8bfb5ee6625d9c15688be7bc41a38dbac9a7bc8e103:segment:003,3,4761.0,4690,activities/067_260425073220.csv,1,1,0,0
fit:e47555f16f02711dc446d8bfb5ee6625d9c15688be7bc41a38dbac9a7bc8e103,2026-04-25T06:51:43+00:00,115,313,170,74,3.428,140.39999999999998,13,fit:e47555f16f02711dc446d8bfb5ee6625d9c15688be7bc41a38dbac9a7bc8e103:segment:003,3,4762.0,4691,activities/067_260425073220.csv,1,1,0,0
fit:e47555f16f02711dc446d8bfb5ee6625d9c15688be7bc41a38dbac9a7bc8e103,2026-04-25T06:51:44+00:00,116,313,170,74,3.382,141.0,13,fit:e47555f16f02711dc446d8bfb5ee6625d9c15688be7bc41a38dbac9a7bc8e103:segment:003,3,4763.0,4692,activities/067_260425073220.csv,1,1,0,0
fit:e47555f16f02711dc446d8bfb5ee6625d9c15688be7bc41a38dbac9a7bc8e103,2026-04-25T06:51:45+00:00,117,313,170,74,3.357,141.20000000000005,13,fit:e47555f16f02711dc446d8bfb5ee6625d9c15688be7bc41a38dbac9a7bc8e103:segment:003,3,4764.0,4693,activities/067_260425073220.csv,1,1,0,0
fit:e47555f16f02711dc446d8bfb5ee6625d9c15688be7bc41a38dbac9a7bc8e103,2026-04-25T06:51:46+00:00,118,313,170,74,3.352,141.20000000000005,13,fit:e47555f16f02711dc446d8bfb5ee6625d9c15688be7bc41a38dbac9a7bc8e103:segment:003,3,4765.0,4694,activities/067_260425073220.csv,1,1,0,0
fit:e47555f16f02711dc446d8bfb5ee6625d9c15688be7bc41a38dbac9a7bc8e103,2026-04-25T06:51:47+00:00,119,312,170,74,3.281,141.20000000000005,13,fit:e47555f16f02711dc446d8bfb5ee6625d9c15688be7bc41a38dbac9a7bc8e103:segment:003,3,4766.0,4695,activities/067_260425073220.csv,1,1,0,0
fit:e47555f16f02711dc446d8bfb5ee6625d9c15688be7bc41a38dbac9a7bc8e103,2026-04-25T06:51:48+00:00,120,309,170,74,3.272,141.20000000000005,13,fit:e47555f16f02711dc446d8bfb5ee6625d9c15688be7bc41a38dbac9a7bc8e103:segment:003,3,4767.0,4696,activities/067_260425073220.csv,1,1,0,0
fit:e47555f16f02711dc446d8bfb5ee6625d9c15688be7bc41a38dbac9a7bc8e103,2026-04-25T06:51:49+00:00,121,309,170,74,3.224,141.20000000000005,13,fit:e47555f16f02711dc446d8bfb5ee6625d9c15688be7bc41a38dbac9a7bc8e103:segment:003,3,4768.0,4697,activities/067_260425073220.csv,1,1,0,0
fit:e47555f16f02711dc446d8bfb5ee6625d9c15688be7bc41a38dbac9a7bc8e103,2026-04-25T06:51:50+00:00,122,302,170,75,3.287,142.20000000000005,13,fit:e47555f16f02711dc446d8bfb5ee6625d9c15688be7bc41a38dbac9a7bc8e103:segment:003,3,4769.0,4698,activities/067_260425073220.csv,1,1,0,0
fit:e47555f16f02711dc446d8bfb5ee6625d9c15688be7bc41a38dbac9a7bc8e103,2026-04-25T06:51:51+00:00,123,328,170,75,3.305,143.0,13,fit:e47555f16f02711dc446d8bfb5ee6625d9c15688be7bc41a38dbac9a7bc8e103:segment:003,3,4770.0,4699,activities/067_260425073220.csv,1,1,0,0
fit:e47555f16f02711dc446d8bfb5ee6625d9c15688be7bc41a38dbac9a7bc8e103,2026-04-25T06:51:52+00:00,124,313,170,77,3.363,143.0,13,fit:e47555f16f02711dc446d8bfb5ee6625d9c15688be7bc41a38dbac9a7bc8e103:segment:003,3,4771.0,4700,activities/067_260425073220.csv,1,1,0,0
fit:e47555f16f02711dc446d8bfb5ee6625d9c15688be7bc41a38dbac9a7bc8e103,2026-04-25T06:51:53+00:00,125,288,170,78,3.422,143.0,13,fit:e47555f16f02711dc446d8bfb5ee6625d9c15688be7bc41a38dbac9a7bc8e103:segment:003,3,4772.0,4701,activities/067_260425073220.csv,1,1,0,0
fit:e47555f16f02711dc446d8bfb5ee6625d9c15688be7bc41a38dbac9a7bc8e103,2026-04-25T06:51:54+00:00,126,290,170,78,3.403,143.0,13,fit:e47555f16f02711dc446d8bfb5ee6625d9c15688be7bc41a38dbac9a7bc8e103:segment:003,3,4773.0,4702,activities/067_260425073220.csv,1,1,0,0
fit:e47555f16f02711dc446d8bfb5ee6625d9c15688be7bc41a38dbac9a7bc8e103,2026-04-25T06:51:55+00:00,127,297,170,76,3.48,144.0,13,fit:e47555f16f02711dc446d8bfb5ee6625d9c15688be7bc41a38dbac9a7bc8e103:segment:003,3,4774.0,4703,activities/067_260425073220.csv,1,1,0,0
fit:e47555f16f02711dc446d8bfb5ee6625d9c15688be7bc41a38dbac9a7bc8e103,2026-04-25T06:51:56+00:00,128,323,170,76,3.481,144.79999999999995,13,fit:e47555f16f02711dc446d8bfb5ee6625d9c15688be7bc41a38dbac9a7bc8e103:segment:003,3,4775.0,4704,activities/067_260425073220.csv,1,1,0,0
fit:e47555f16f02711dc446d8bfb5ee6625d9c15688be7bc41a38dbac9a7bc8e103,2026-04-25T06:51:57+00:00,129,288,169,76,3.496,144.79999999999995,13,fit:e47555f16f02711dc446d8bfb5ee6625d9c15688be7bc41a38dbac9a7bc8e103:segment:003,3,4776.0,4705,activities/067_260425073220.csv,1,1,0,0
fit:e47555f16f02711dc446d8bfb5ee6625d9c15688be7bc41a38dbac9a7bc8e103,2026-04-25T06:51:58+00:00,130,315,169,75,3.515,144.79999999999995,13,fit:e47555f16f02711dc446d8bfb5ee6625d9c15688be7bc41a38dbac9a7bc8e103:segment:003,3,4777.0,4706,activities/067_260425073220.csv,1,1,0,0
fit:e47555f16f02711dc446d8bfb5ee6625d9c15688be7bc41a38dbac9a7bc8e103,2026-04-25T06:51:59+00:00,131,310,169,75,3.471,144.79999999999995,13,fit:e47555f16f02711dc446d8bfb5ee6625d9c15688be7bc41a38dbac9a7bc8e103:segment:003,3,4778.0,4707,activities/067_260425073220.csv,1,1,0,0
fit:e47555f16f02711dc446d8bfb5ee6625d9c15688be7bc41a38dbac9a7bc8e103,2026-04-25T06:52:00+00:00,132,320,169,76,3.414,144.79999999999995,13,fit:e47555f16f02711dc446d8bfb5ee6625d9c15688be7bc41a38dbac9a7bc8e103:segment:003,3,4779.0,4708,activities/067_260425073220.csv,1,1,0,0
fit:e47555f16f02711dc446d8bfb5ee6625d9c15688be7bc41a38dbac9a7bc8e103,2026-04-25T06:52:01+00:00,133,328,169,77,3.398,145.79999999999995,13,fit:e47555f16f02711dc446d8bfb5ee6625d9c15688be7bc41a38dbac9a7bc8e103:segment:003,3,4780.0,4709,activities/067_260425073220.csv,1,1,0,0
fit:e47555f16f02711dc446d8bfb5ee6625d9c15688be7bc41a38dbac9a7bc8e103,2026-04-25T06:52:02+00:00,134,329,169,77,3.429,146.39999999999998,13,fit:e47555f16f02711dc446d8bfb5ee6625d9c15688be7bc41a38dbac9a7bc8e103:segment:003,3,4781.0,4710,activities/067_260425073220.csv,1,1,0,0
fit:e47555f16f02711dc446d8bfb5ee6625d9c15688be7bc41a38dbac9a7bc8e103,2026-04-25T06:52:03+00:00,135,324,168,80,3.436,146.39999999999998,13,fit:e47555f16f02711dc446d8bfb5ee6625d9c15688be7bc41a38dbac9a7bc8e103:segment:003,3,4782.0,4711,activities/067_260425073220.csv,1,1,0,0
fit:e47555f16f02711dc446d8bfb5ee6625d9c15688be7bc41a38dbac9a7bc8e103,2026-04-25T06:52:04+00:00,136,370,168,80,3.49,147.20000000000005,13,fit:e47555f16f02711dc446d8bfb5ee6625d9c15688be7bc41a38dbac9a7bc8e103:segment:003,3,4783.0,4712,activities/067_260425073220.csv,1,1,0,0
fit:e47555f16f02711dc446d8bfb5ee6625d9c15688be7bc41a38dbac9a7bc8e103,2026-04-25T06:52:05+00:00,137,300,168,81,3.469,148.0,13,fit:e47555f16f02711dc446d8bfb5ee6625d9c15688be7bc41a38dbac9a7bc8e103:segment:003,3,4784.0,4713,activities/067_260425073220.csv,1,1,0,0
fit:e47555f16f02711dc446d8bfb5ee6625d9c15688be7bc41a38dbac9a7bc8e103,2026-04-25T06:52:06+00:00,138,315,168,81,3.599,148.79999999999995,13,fit:e47555f16f02711dc446d8bfb5ee6625d9c15688be7bc41a38dbac9a7bc8e103:segment:003,3,4785.0,4714,activities/067_260425073220.csv,1,1,0,0
fit:e47555f16f02711dc446d8bfb5ee6625d9c15688be7bc41a38dbac9a7bc8e103,2026-04-25T06:52:07+00:00,139,315,168,80,3.574,148.79999999999995,13,fit:e47555f16f02711dc446d8bfb5ee6625d9c15688be7bc41a38dbac9a7bc8e103:segment:003,3,4786.0,4715,activities/067_260425073220.csv,1,1,0,0
fit:e47555f16f02711dc446d8bfb5ee6625d9c15688be7bc41a38dbac9a7bc8e103,2026-04-25T06:52:08+00:00,140,336,168,82,3.622,148.79999999999995,13,fit:e47555f16f02711dc446d8bfb5ee6625d9c15688be7bc41a38dbac9a7bc8e103:segment:003,3,4787.0,4716,activities/067_260425073220.csv,1,1,0,0
fit:e47555f16f02711dc446d8bfb5ee6625d9c15688be7bc41a38dbac9a7bc8e103,2026-04-25T06:52:09+00:00,141,347,168,82,3.659,148.79999999999995,13,fit:e47555f16f02711dc446d8bfb5ee6625d9c15688be7bc41a38dbac9a7bc8e103:segment:003,3,4788.0,4717,activities/067_260425073220.csv,1,1,0,0
fit:e47555f16f02711dc446d8bfb5ee6625d9c15688be7bc41a38dbac9a7bc8e103,2026-04-25T06:52:10+00:00,142,309,168,81,3.7,148.79999999999995,13,fit:e47555f16f02711dc446d8bfb5ee6625d9c15688be7bc41a38dbac9a7bc8e103:segment:003,3,4789.0,4718,activities/067_260425073220.csv,1,1,0,0
fit:e47555f16f02711dc446d8bfb5ee6625d9c15688be7bc41a38dbac9a7bc8e103,2026-04-25T06:52:11+00:00,143,335,168,81,3.715,148.79999999999995,13,fit:e47555f16f02711dc446d8bfb5ee6625d9c15688be7bc41a38dbac9a7bc8e103:segment:003,3,4790.0,4719,activities/067_260425073220.csv,1,1,0,0
fit:e47555f16f02711dc446d8bfb5ee6625d9c15688be7bc41a38dbac9a7bc8e103,2026-04-25T06:52:12+00:00,144,321,168,81,3.738,149.79999999999995,13,fit:e47555f16f02711dc446d8bfb5ee6625d9c15688be7bc41a38dbac9a7bc8e103:segment:003,3,4791.0,4720,activities/067_260425073220.csv,1,1,0,0
fit:e47555f16f02711dc446d8bfb5ee6625d9c15688be7bc41a38dbac9a7bc8e103,2026-04-25T06:52:13+00:00,145,317,168,81,3.733,150.20000000000005,13,fit:e47555f16f02711dc446d8bfb5ee6625d9c15688be7bc41a38dbac9a7bc8e103:segment:003,3,4792.0,4721,activities/067_260425073220.csv,1,1,0,0
fit:e47555f16f02711dc446d8bfb5ee6625d9c15688be7bc41a38dbac9a7bc8e103,2026-04-25T06:52:14+00:00,146,308,168,80,3.597,151.0,13,fit:e47555f16f02711dc446d8bfb5ee6625d9c15688be7bc41a38dbac9a7bc8e103:segment:003,3,4793.0,4722,activities/067_260425073220.csv,1,1,0,0
fit:e47555f16f02711dc446d8bfb5ee6625d9c15688be7bc41a38dbac9a7bc8e103,2026-04-25T06:52:15+00:00,147,336,169,80,3.594,151.0,13,fit:e47555f16f02711dc446d8bfb5ee6625d9c15688be7bc41a38dbac9a7bc8e103:segment:003,3,4794.0,4723,activities/067_260425073220.csv,1,1,0,0
fit:e47555f16f02711dc446d8bfb5ee6625d9c15688be7bc41a38dbac9a7bc8e103,2026-04-25T06:52:16+00:00,148,353,169,79,3.592,151.79999999999995,13,fit:e47555f16f02711dc446d8bfb5ee6625d9c15688be7bc41a38dbac9a7bc8e103:segment:003,3,4795.0,4724,activities/067_260425073220.csv,1,1,0,0
fit:e47555f16f02711dc446d8bfb5ee6625d9c15688be7bc41a38dbac9a7bc8e103,2026-04-25T06:52:17+00:00,149,311,169,81,3.611,151.79999999999995,13,fit:e47555f16f02711dc446d8bfb5ee6625d9c15688be7bc41a38dbac9a7bc8e103:segment:003,3,4796.0,4725,activities/067_260425073220.csv,1,1,0,0
fit:e47555f16f02711dc446d8bfb5ee6625d9c15688be7bc41a38dbac9a7bc8e103,2026-04-25T06:52:18+00:00,150,323,169,80,3.595,151.79999999999995,13,fit:e47555f16f02711dc446d8bfb5ee6625d9c15688be7bc41a38dbac9a7bc8e103:segment:003,3,4797.0,4726,activities/067_260425073220.csv,1,1,0,0
fit:e47555f16f02711dc446d8bfb5ee6625d9c15688be7bc41a38dbac9a7bc8e103,2026-04-25T06:52:19+00:00,151,309,169,80,3.607,151.79999999999995,13,fit:e47555f16f02711dc446d8bfb5ee6625d9c15688be7bc41a38dbac9a7bc8e103:segment:003,3,4798.0,4727,activities/067_260425073220.csv,1,1,0,0
fit:e47555f16f02711dc446d8bfb5ee6625d9c15688be7bc41a38dbac9a7bc8e103,2026-04-25T06:52:20+00:00,152,283,169,78,3.621,152.39999999999998,13,fit:e47555f16f02711dc446d8bfb5ee6625d9c15688be7bc41a38dbac9a7bc8e103:segment:003,3,4799.0,4728,activities/067_260425073220.csv,1,1,0,0
fit:e47555f16f02711dc446d8bfb5ee6625d9c15688be7bc41a38dbac9a7bc8e103,2026-04-25T06:52:21+00:00,153,294,169,77,3.504,152.60000000000002,13,fit:e47555f16f02711dc446d8bfb5ee6625d9c15688be7bc41a38dbac9a7bc8e103:segment:003,3,4800.0,4729,activities/067_260425073220.csv,1,1,0,0
fit:e47555f16f02711dc446d8bfb5ee6625d9c15688be7bc41a38dbac9a7bc8e103,2026-04-25T06:52:22+00:00,154,298,169,77,3.483,153.0,13,fit:e47555f16f02711dc446d8bfb5ee6625d9c15688be7bc41a38dbac9a7bc8e103:segment:003,3,4801.0,4730,activities/067_260425073220.csv,1,1,0,0
fit:e47555f16f02711dc446d8bfb5ee6625d9c15688be7bc41a38dbac9a7bc8e103,2026-04-25T06:52:23+00:00,155,314,169,77,3.408,153.0,13,fit:e47555f16f02711dc446d8bfb5ee6625d9c15688be7bc41a38dbac9a7bc8e103:segment:003,3,4802.0,4731,activities/067_260425073220.csv,1,1,0,0
fit:e47555f16f02711dc446d8bfb5ee6625d9c15688be7bc41a38dbac9a7bc8e103,2026-04-25T06:52:24+00:00,156,314,170,77,3.348,153.0,13,fit:e47555f16f02711dc446d8bfb5ee6625d9c15688be7bc41a38dbac9a7bc8e103:segment:003,3,4803.0,4732,activities/067_260425073220.csv,1,1,0,0
fit:e47555f16f02711dc446d8bfb5ee6625d9c15688be7bc41a38dbac9a7bc8e103,2026-04-25T06:52:25+00:00,157,315,170,77,3.398,153.0,13,fit:e47555f16f02711dc446d8bfb5ee6625d9c15688be7bc41a38dbac9a7bc8e103:segment:003,3,4804.0,4733,activities/067_260425073220.csv,1,1,0,0
fit:e47555f16f02711dc446d8bfb5ee6625d9c15688be7bc41a38dbac9a7bc8e103,2026-04-25T06:52:26+00:00,158,299,170,76,3.363,153.39999999999998,13,fit:e47555f16f02711dc446d8bfb5ee6625d9c15688be7bc41a38dbac9a7bc8e103:segment:003,3,4805.0,4734,activities/067_260425073220.csv,1,1,0,0
fit:e47555f16f02711dc446d8bfb5ee6625d9c15688be7bc41a38dbac9a7bc8e103,2026-04-25T06:52:27+00:00,159,300,169,76,3.46,153.79999999999995,13,fit:e47555f16f02711dc446d8bfb5ee6625d9c15688be7bc41a38dbac9a7bc8e103:segment:003,3,4806.0,4735,activities/067_260425073220.csv,1,1,0,0
fit:e47555f16f02711dc446d8bfb5ee6625d9c15688be7bc41a38dbac9a7bc8e103,2026-04-25T06:52:28+00:00,160,326,170,76,3.381,154.0,13,fit:e47555f16f02711dc446d8bfb5ee6625d9c15688be7bc41a38dbac9a7bc8e103:segment:003,3,4807.0,4736,activities/067_260425073220.csv,1,1,0,0
fit:e47555f16f02711dc446d8bfb5ee6625d9c15688be7bc41a38dbac9a7bc8e103,2026-04-25T06:52:29+00:00,161,291,170,76,3.442,154.20000000000005,13,fit:e47555f16f02711dc446d8bfb5ee6625d9c15688be7bc41a38dbac9a7bc8e103:segment:003,3,4808.0,4737,activities/067_260425073220.csv,1,1,0,0
fit:e47555f16f02711dc446d8bfb5ee6625d9c15688be7bc41a38dbac9a7bc8e103,2026-04-25T06:52:30+00:00,162,312,170,76,3.434,154.60000000000002,13,fit:e47555f16f02711dc446d8bfb5ee6625d9c15688be7bc41a38dbac9a7bc8e103:segment:003,3,4809.0,4738,activities/067_260425073220.csv,1,1,0,0
fit:e47555f16f02711dc446d8bfb5ee6625d9c15688be7bc41a38dbac9a7bc8e103,2026-04-25T06:52:31+00:00,163,295,170,76,3.38,155.39999999999998,13,fit:e47555f16f02711dc446d8bfb5ee6625d9c15688be7bc41a38dbac9a7bc8e103:segment:003,3,4810.0,4739,activities/067_260425073220.csv,1,1,0,0
fit:e47555f16f02711dc446d8bfb5ee6625d9c15688be7bc41a38dbac9a7bc8e103,2026-04-25T06:52:32+00:00,164,295,170,75,3.456,155.60000000000002,13,fit:e47555f16f02711dc446d8bfb5ee6625d9c15688be7bc41a38dbac9a7bc8e103:segment:003,3,4811.0,4740,activities/067_260425073220.csv,1,1,0,0
fit:e47555f16f02711dc446d8bfb5ee6625d9c15688be7bc41a38dbac9a7bc8e103,2026-04-25T06:52:33+00:00,165,283,169,75,3.455,155.79999999999995,13,fit:e47555f16f02711dc446d8bfb5ee6625d9c15688be7bc41a38dbac9a7bc8e103:segment:003,3,4812.0,4741,activities/067_260425073220.csv,1,1,0,0
fit:e47555f16f02711dc446d8bfb5ee6625d9c15688be7bc41a38dbac9a7bc8e103,2026-04-25T06:52:34+00:00,166,330,169,76,3.421,156.79999999999995,13,fit:e47555f16f02711dc446d8bfb5ee6625d9c15688be7bc41a38dbac9a7bc8e103:segment:003,3,4813.0,4742,activities/067_260425073220.csv,1,1,0,0
fit:e47555f16f02711dc446d8bfb5ee6625d9c15688be7bc41a38dbac9a7bc8e103,2026-04-25T06:52:35+00:00,167,303,169,76,3.439,156.79999999999995,13,fit:e47555f16f02711dc446d8bfb5ee6625d9c15688be7bc41a38dbac9a7bc8e103:segment:003,3,4814.0,4743,activities/067_260425073220.csv,1,1,0,0
fit:e47555f16f02711dc446d8bfb5ee6625d9c15688be7bc41a38dbac9a7bc8e103,2026-04-25T06:52:36+00:00,168,318,169,76,3.529,156.79999999999995,13,fit:e47555f16f02711dc446d8bfb5ee6625d9c15688be7bc41a38dbac9a7bc8e103:segment:003,3,4815.0,4744,activities/067_260425073220.csv,1,1,0,0
fit:e47555f16f02711dc446d8bfb5ee6625d9c15688be7bc41a38dbac9a7bc8e103,2026-04-25T06:52:37+00:00,169,312,169,76,3.566,156.79999999999995,13,fit:e47555f16f02711dc446d8bfb5ee6625d9c15688be7bc41a38dbac9a7bc8e103:segment:003,3,4816.0,4745,activities/067_260425073220.csv,1,1,0,0
fit:e47555f16f02711dc446d8bfb5ee6625d9c15688be7bc41a38dbac9a7bc8e103,2026-04-25T06:52:38+00:00,170,339,169,78,3.536,156.79999999999995,13,fit:e47555f16f02711dc446d8bfb5ee6625d9c15688be7bc41a38dbac9a7bc8e103:segment:003,3,4817.0,4746,activities/067_260425073220.csv,1,1,0,0
fit:e47555f16f02711dc446d8bfb5ee6625d9c15688be7bc41a38dbac9a7bc8e103,2026-04-25T06:52:39+00:00,171,331,168,79,3.544,156.79999999999995,13,fit:e47555f16f02711dc446d8bfb5ee6625d9c15688be7bc41a38dbac9a7bc8e103:segment:003,3,4818.0,4747,activities/067_260425073220.csv,1,1,0,0
fit:e47555f16f02711dc446d8bfb5ee6625d9c15688be7bc41a38dbac9a7bc8e103,2026-04-25T06:52:40+00:00,172,327,168,78,3.591,157.60000000000002,13,fit:e47555f16f02711dc446d8bfb5ee6625d9c15688be7bc41a38dbac9a7bc8e103:segment:003,3,4819.0,4748,activities/067_260425073220.csv,1,1,0,0
fit:e47555f16f02711dc446d8bfb5ee6625d9c15688be7bc41a38dbac9a7bc8e103,2026-04-25T06:52:41+00:00,173,342,168,77,3.584,158.60000000000002,13,fit:e47555f16f02711dc446d8bfb5ee6625d9c15688be7bc41a38dbac9a7bc8e103:segment:003,3,4820.0,4749,activities/067_260425073220.csv,1,1,0,0
fit:e47555f16f02711dc446d8bfb5ee6625d9c15688be7bc41a38dbac9a7bc8e103,2026-04-25T06:52:42+00:00,174,331,168,78,3.604,158.60000000000002,13,fit:e47555f16f02711dc446d8bfb5ee6625d9c15688be7bc41a38dbac9a7bc8e103:segment:003,3,4821.0,4750,activities/067_260425073220.csv,1,1,0,0
fit:e47555f16f02711dc446d8bfb5ee6625d9c15688be7bc41a38dbac9a7bc8e103,2026-04-25T06:52:43+00:00,175,312,168,77,3.58,159.39999999999998,13,fit:e47555f16f02711dc446d8bfb5ee6625d9c15688be7bc41a38dbac9a7bc8e103:segment:003,3,4822.0,4751,activities/067_260425073220.csv,1,1,0,0
fit:e47555f16f02711dc446d8bfb5ee6625d9c15688be7bc41a38dbac9a7bc8e103,2026-04-25T06:52:44+00:00,176,314,169,77,3.544,159.39999999999998,13,fit:e47555f16f02711dc446d8bfb5ee6625d9c15688be7bc41a38dbac9a7bc8e103:segment:003,3,4823.0,4752,activities/067_260425073220.csv,1,1,0,0
fit:e47555f16f02711dc446d8bfb5ee6625d9c15688be7bc41a38dbac9a7bc8e103,2026-04-25T06:52:45+00:00,177,297,169,76,3.575,159.39999999999998,13,fit:e47555f16f02711dc446d8bfb5ee6625d9c15688be7bc41a38dbac9a7bc8e103:segment:003,3,4824.0,4753,activities/067_260425073220.csv,1,1,0,0
fit:e47555f16f02711dc446d8bfb5ee6625d9c15688be7bc41a38dbac9a7bc8e103,2026-04-25T06:52:46+00:00,178,322,169,76,3.559,159.39999999999998,13,fit:e47555f16f02711dc446d8bfb5ee6625d9c15688be7bc41a38dbac9a7bc8e103:segment:003,3,4825.0,4754,activities/067_260425073220.csv,1,1,0,0
fit:e47555f16f02711dc446d8bfb5ee6625d9c15688be7bc41a38dbac9a7bc8e103,2026-04-25T06:52:47+00:00,179,327,169,75,3.427,159.39999999999998,13,fit:e47555f16f02711dc446d8bfb5ee6625d9c15688be7bc41a38dbac9a7bc8e103:segment:003,3,4826.0,4755,activities/067_260425073220.csv,1,1,0,0
fit:e47555f16f02711dc446d8bfb5ee6625d9c15688be7bc41a38dbac9a7bc8e103,2026-04-25T06:52:48+00:00,180,320,169,75,3.357,159.39999999999998,13,fit:e47555f16f02711dc446d8bfb5ee6625d9c15688be7bc41a38dbac9a7bc8e103:segment:003,3,4827.0,4756,activities/067_260425073220.csv,1,1,0,0
fit:e47555f16f02711dc446d8bfb5ee6625d9c15688be7bc41a38dbac9a7bc8e103,2026-04-25T06:52:49+00:00,181,323,169,77,3.467,160.39999999999998,13,fit:e47555f16f02711dc446d8bfb5ee6625d9c15688be7bc41a38dbac9a7bc8e103:segment:003,3,4828.0,4757,activities/067_260425073220.csv,1,1,0,0
fit:e47555f16f02711dc446d8bfb5ee6625d9c15688be7bc41a38dbac9a7bc8e103,2026-04-25T06:52:50+00:00,182,291,169,77,3.533,161.39999999999998,13,fit:e47555f16f02711dc446d8bfb5ee6625d9c15688be7bc41a38dbac9a7bc8e103:segment:003,3,4829.0,4758,activities/067_260425073220.csv,1,1,0,0
fit:e47555f16f02711dc446d8bfb5ee6625d9c15688be7bc41a38dbac9a7bc8e103,2026-04-25T06:52:51+00:00,183,298,168,76,3.533,162.20000000000005,13,fit:e47555f16f02711dc446d8bfb5ee6625d9c15688be7bc41a38dbac9a7bc8e103:segment:003,3,4830.0,4759,activities/067_260425073220.csv,1,1,0,0
fit:e47555f16f02711dc446d8bfb5ee6625d9c15688be7bc41a38dbac9a7bc8e103,2026-04-25T06:52:52+00:00,184,287,168,75,3.517,162.79999999999995,13,fit:e47555f16f02711dc446d8bfb5ee6625d9c15688be7bc41a38dbac9a7bc8e103:segment:003,3,4831.0,4760,activities/067_260425073220.csv,1,1,0,0
fit:e47555f16f02711dc446d8bfb5ee6625d9c15688be7bc41a38dbac9a7bc8e103,2026-04-25T06:52:53+00:00,185,294,168,74,3.577,163.20000000000005,13,fit:e47555f16f02711dc446d8bfb5ee6625d9c15688be7bc41a38dbac9a7bc8e103:segment:003,3,4832.0,4761,activities/067_260425073220.csv,1,1,0,0
fit:e47555f16f02711dc446d8bfb5ee6625d9c15688be7bc41a38dbac9a7bc8e103,2026-04-25T06:52:54+00:00,186,297,167,74,3.528,163.20000000000005,13,fit:e47555f16f02711dc446d8bfb5ee6625d9c15688be7bc41a38dbac9a7bc8e103:segment:003,3,4833.0,4762,activities/067_260425073220.csv,1,1,0,0
fit:e47555f16f02711dc446d8bfb5ee6625d9c15688be7bc41a38dbac9a7bc8e103,2026-04-25T06:52:55+00:00,187,298,167,76,3.304,163.20000000000005,13,fit:e47555f16f02711dc446d8bfb5ee6625d9c15688be7bc41a38dbac9a7bc8e103:segment:003,3,4834.0,4763,activities/067_260425073220.csv,1,1,0,0
fit:e47555f16f02711dc446d8bfb5ee6625d9c15688be7bc41a38dbac9a7bc8e103,2026-04-25T06:52:56+00:00,188,283,167,76,3.315,163.0,13,fit:e47555f16f02711dc446d8bfb5ee6625d9c15688be7bc41a38dbac9a7bc8e103:segment:003,3,4835.0,4764,activities/067_260425073220.csv,1,1,0,0
fit:e47555f16f02711dc446d8bfb5ee6625d9c15688be7bc41a38dbac9a7bc8e103,2026-04-25T06:52:57+00:00,189,284,167,76,3.324,163.0,13,fit:e47555f16f02711dc446d8bfb5ee6625d9c15688be7bc41a38dbac9a7bc8e103:segment:003,3,4836.0,4765,activities/067_260425073220.csv,1,1,0,0
fit:e47555f16f02711dc446d8bfb5ee6625d9c15688be7bc41a38dbac9a7bc8e103,2026-04-25T06:52:58+00:00,190,280,167,78,3.504,163.0,13,fit:e47555f16f02711dc446d8bfb5ee6625d9c15688be7bc41a38dbac9a7bc8e103:segment:003,3,4837.0,4766,activities/067_260425073220.csv,1,1,0,0
fit:e47555f16f02711dc446d8bfb5ee6625d9c15688be7bc41a38dbac9a7bc8e103,2026-04-25T06:52:59+00:00,191,321,167,79,3.571,163.79999999999995,13,fit:e47555f16f02711dc446d8bfb5ee6625d9c15688be7bc41a38dbac9a7bc8e103:segment:003,3,4838.0,4767,activities/067_260425073220.csv,1,1,0,0
fit:e47555f16f02711dc446d8bfb5ee6625d9c15688be7bc41a38dbac9a7bc8e103,2026-04-25T06:53:00+00:00,192,301,167,81,3.571,164.0,13,fit:e47555f16f02711dc446d8bfb5ee6625d9c15688be7bc41a38dbac9a7bc8e103:segment:003,3,4839.0,4768,activities/067_260425073220.csv,1,1,0,0
fit:e47555f16f02711dc446d8bfb5ee6625d9c15688be7bc41a38dbac9a7bc8e103,2026-04-25T06:53:01+00:00,193,308,168,81,3.597,164.0,13,fit:e47555f16f02711dc446d8bfb5ee6625d9c15688be7bc41a38dbac9a7bc8e103:segment:003,3,4840.0,4769,activities/067_260425073220.csv,1,1,0,0
fit:e47555f16f02711dc446d8bfb5ee6625d9c15688be7bc41a38dbac9a7bc8e103,2026-04-25T06:53:02+00:00,194,311,168,81,3.578,165.0,13,fit:e47555f16f02711dc446d8bfb5ee6625d9c15688be7bc41a38dbac9a7bc8e103:segment:003,3,4841.0,4770,activities/067_260425073220.csv,1,1,0,0
fit:e47555f16f02711dc446d8bfb5ee6625d9c15688be7bc41a38dbac9a7bc8e103,2026-04-25T06:53:03+00:00,195,324,168,81,3.596,165.0,13,fit:e47555f16f02711dc446d8bfb5ee6625d9c15688be7bc41a38dbac9a7bc8e103:segment:003,3,4842.0,4771,activities/067_260425073220.csv,1,1,0,0
fit:e47555f16f02711dc446d8bfb5ee6625d9c15688be7bc41a38dbac9a7bc8e103,2026-04-25T06:53:04+00:00,196,302,168,80,3.68,165.0,13,fit:e47555f16f02711dc446d8bfb5ee6625d9c15688be7bc41a38dbac9a7bc8e103:segment:003,3,4843.0,4772,activities/067_260425073220.csv,1,1,0,0
fit:e47555f16f02711dc446d8bfb5ee6625d9c15688be7bc41a38dbac9a7bc8e103,2026-04-25T06:53:05+00:00,197,274,168,78,3.673,165.0,13,fit:e47555f16f02711dc446d8bfb5ee6625d9c15688be7bc41a38dbac9a7bc8e103:segment:003,3,4844.0,4773,activities/067_260425073220.csv,1,1,0,0
fit:e47555f16f02711dc446d8bfb5ee6625d9c15688be7bc41a38dbac9a7bc8e103,2026-04-25T06:53:06+00:00,198,337,168,78,3.582,166.0,13,fit:e47555f16f02711dc446d8bfb5ee6625d9c15688be7bc41a38dbac9a7bc8e103:segment:003,3,4845.0,4774,activities/067_260425073220.csv,1,1,0,0
fit:e47555f16f02711dc446d8bfb5ee6625d9c15688be7bc41a38dbac9a7bc8e103,2026-04-25T06:53:07+00:00,199,316,167,80,3.519,167.0,13,fit:e47555f16f02711dc446d8bfb5ee6625d9c15688be7bc41a38dbac9a7bc8e103:segment:003,3,4846.0,4775,activities/067_260425073220.csv,1,1,0,0
fit:e47555f16f02711dc446d8bfb5ee6625d9c15688be7bc41a38dbac9a7bc8e103,2026-04-25T06:53:08+00:00,200,307,168,79,3.619,167.39999999999998,13,fit:e47555f16f02711dc446d8bfb5ee6625d9c15688be7bc41a38dbac9a7bc8e103:segment:003,3,4847.0,4776,activities/067_260425073220.csv,1,1,0,0
fit:e47555f16f02711dc446d8bfb5ee6625d9c15688be7bc41a38dbac9a7bc8e103,2026-04-25T06:53:09+00:00,201,316,168,79,3.423,167.39999999999998,13,fit:e47555f16f02711dc446d8bfb5ee6625d9c15688be7bc41a38dbac9a7bc8e103:segment:003,3,4848.0,4777,activities/067_260425073220.csv,1,1,0,0
fit:e47555f16f02711dc446d8bfb5ee6625d9c15688be7bc41a38dbac9a7bc8e103,2026-04-25T06:53:10+00:00,202,277,168,79,3.387,167.39999999999998,13,fit:e47555f16f02711dc446d8bfb5ee6625d9c15688be7bc41a38dbac9a7bc8e103:segment:003,3,4849.0,4778,activities/067_260425073220.csv,1,1,0,0
fit:e47555f16f02711dc446d8bfb5ee6625d9c15688be7bc41a38dbac9a7bc8e103,2026-04-25T06:53:11+00:00,203,278,168,79,3.411,167.39999999999998,13,fit:e47555f16f02711dc446d8bfb5ee6625d9c15688be7bc41a38dbac9a7bc8e103:segment:003,3,4850.0,4779,activities/067_260425073220.csv,1,1,0,0
fit:e47555f16f02711dc446d8bfb5ee6625d9c15688be7bc41a38dbac9a7bc8e103,2026-04-25T06:53:12+00:00,204,315,168,78,3.427,168.39999999999998,13,fit:e47555f16f02711dc446d8bfb5ee6625d9c15688be7bc41a38dbac9a7bc8e103:segment:003,3,4851.0,4780,activities/067_260425073220.csv,1,1,0,0
fit:e47555f16f02711dc446d8bfb5ee6625d9c15688be7bc41a38dbac9a7bc8e103,2026-04-25T06:53:13+00:00,205,317,168,76,3.621,168.39999999999998,13,fit:e47555f16f02711dc446d8bfb5ee6625d9c15688be7bc41a38dbac9a7bc8e103:segment:003,3,4852.0,4781,activities/067_260425073220.csv,1,1,0,0
fit:e47555f16f02711dc446d8bfb5ee6625d9c15688be7bc41a38dbac9a7bc8e103,2026-04-25T06:53:14+00:00,206,317,168,76,3.392,168.39999999999998,13,fit:e47555f16f02711dc446d8bfb5ee6625d9c15688be7bc41a38dbac9a7bc8e103:segment:003,3,4853.0,4782,activities/067_260425073220.csv,1,1,0,0
fit:e47555f16f02711dc446d8bfb5ee6625d9c15688be7bc41a38dbac9a7bc8e103,2026-04-25T06:53:15+00:00,207,330,168,75,3.466,168.39999999999998,13,fit:e47555f16f02711dc446d8bfb5ee6625d9c15688be7bc41a38dbac9a7bc8e103:segment:003,3,4854.0,4783,activities/067_260425073220.csv,1,1,0,0
fit:e47555f16f02711dc446d8bfb5ee6625d9c15688be7bc41a38dbac9a7bc8e103,2026-04-25T06:53:16+00:00,208,332,169,74,3.332,168.79999999999995,13,fit:e47555f16f02711dc446d8bfb5ee6625d9c15688be7bc41a38dbac9a7bc8e103:segment:003,3,4855.0,4784,activities/067_260425073220.csv,1,1,0,0
fit:e47555f16f02711dc446d8bfb5ee6625d9c15688be7bc41a38dbac9a7bc8e103,2026-04-25T06:53:17+00:00,209,338,169,74,3.35,169.79999999999995,13,fit:e47555f16f02711dc446d8bfb5ee6625d9c15688be7bc41a38dbac9a7bc8e103:segment:003,3,4856.0,4785,activities/067_260425073220.csv,1,1,0,0
fit:e47555f16f02711dc446d8bfb5ee6625d9c15688be7bc41a38dbac9a7bc8e103,2026-04-25T06:53:18+00:00,210,346,169,75,3.572,170.79999999999995,13,fit:e47555f16f02711dc446d8bfb5ee6625d9c15688be7bc41a38dbac9a7bc8e103:segment:003,3,4857.0,4786,activities/067_260425073220.csv,1,1,0,0
fit:e47555f16f02711dc446d8bfb5ee6625d9c15688be7bc41a38dbac9a7bc8e103,2026-04-25T06:53:19+00:00,211,308,169,75,3.383,170.79999999999995,13,fit:e47555f16f02711dc446d8bfb5ee6625d9c15688be7bc41a38dbac9a7bc8e103:segment:003,3,4858.0,4787,activities/067_260425073220.csv,1,1,0,0
fit:e47555f16f02711dc446d8bfb5ee6625d9c15688be7bc41a38dbac9a7bc8e103,2026-04-25T06:53:20+00:00,212,323,169,77,3.513,170.79999999999995,13,fit:e47555f16f02711dc446d8bfb5ee6625d9c15688be7bc41a38dbac9a7bc8e103:segment:003,3,4859.0,4788,activities/067_260425073220.csv,1,1,0,0
fit:e47555f16f02711dc446d8bfb5ee6625d9c15688be7bc41a38dbac9a7bc8e103,2026-04-25T06:53:21+00:00,213,316,170,77,3.354,170.79999999999995,13,fit:e47555f16f02711dc446d8bfb5ee6625d9c15688be7bc41a38dbac9a7bc8e103:segment:003,3,4860.0,4789,activities/067_260425073220.csv,1,1,0,0
fit:e47555f16f02711dc446d8bfb5ee6625d9c15688be7bc41a38dbac9a7bc8e103,2026-04-25T06:53:22+00:00,214,308,170,78,3.362,170.79999999999995,13,fit:e47555f16f02711dc446d8bfb5ee6625d9c15688be7bc41a38dbac9a7bc8e103:segment:003,3,4861.0,4790,activities/067_260425073220.csv,1,1,0,0
fit:e47555f16f02711dc446d8bfb5ee6625d9c15688be7bc41a38dbac9a7bc8e103,2026-04-25T06:53:23+00:00,215,336,170,79,3.334,171.79999999999995,13,fit:e47555f16f02711dc446d8bfb5ee6625d9c15688be7bc41a38dbac9a7bc8e103:segment:003,3,4862.0,4791,activities/067_260425073220.csv,1,1,0,0
fit:e47555f16f02711dc446d8bfb5ee6625d9c15688be7bc41a38dbac9a7bc8e103,2026-04-25T06:53:24+00:00,216,332,170,79,3.403,171.79999999999995,13,fit:e47555f16f02711dc446d8bfb5ee6625d9c15688be7bc41a38dbac9a7bc8e103:segment:003,3,4863.0,4792,activities/067_260425073220.csv,1,1,0,0
fit:e47555f16f02711dc446d8bfb5ee6625d9c15688be7bc41a38dbac9a7bc8e103,2026-04-25T06:53:25+00:00,217,335,171,78,3.555,172.60000000000002,13,fit:e47555f16f02711dc446d8bfb5ee6625d9c15688be7bc41a38dbac9a7bc8e103:segment:003,3,4864.0,4793,activities/067_260425073220.csv,1,1,0,0
fit:e47555f16f02711dc446d8bfb5ee6625d9c15688be7bc41a38dbac9a7bc8e103,2026-04-25T06:53:26+00:00,218,347,170,78,3.616,173.0,13,fit:e47555f16f02711dc446d8bfb5ee6625d9c15688be7bc41a38dbac9a7bc8e103:segment:003,3,4865.0,4794,activities/067_260425073220.csv,1,1,0,0
fit:e47555f16f02711dc446d8bfb5ee6625d9c15688be7bc41a38dbac9a7bc8e103,2026-04-25T06:53:27+00:00,219,348,170,79,3.659,173.0,13,fit:e47555f16f02711dc446d8bfb5ee6625d9c15688be7bc41a38dbac9a7bc8e103:segment:003,3,4866.0,4795,activities/067_260425073220.csv,1,1,0,0
fit:e47555f16f02711dc446d8bfb5ee6625d9c15688be7bc41a38dbac9a7bc8e103,2026-04-25T06:53:28+00:00,220,329,170,79,3.757,173.0,13,fit:e47555f16f02711dc446d8bfb5ee6625d9c15688be7bc41a38dbac9a7bc8e103:segment:003,3,4867.0,4796,activities/067_260425073220.csv,1,1,0,0
fit:e47555f16f02711dc446d8bfb5ee6625d9c15688be7bc41a38dbac9a7bc8e103,2026-04-25T06:53:29+00:00,221,316,170,79,3.689,173.0,13,fit:e47555f16f02711dc446d8bfb5ee6625d9c15688be7bc41a38dbac9a7bc8e103:segment:003,3,4868.0,4797,activities/067_260425073220.csv,1,1,0,0
fit:e47555f16f02711dc446d8bfb5ee6625d9c15688be7bc41a38dbac9a7bc8e103,2026-04-25T06:53:30+00:00,222,282,170,79,3.724,173.0,13,fit:e47555f16f02711dc446d8bfb5ee6625d9c15688be7bc41a38dbac9a7bc8e103:segment:003,3,4869.0,4798,activities/067_260425073220.csv,1,1,0,0
fit:e47555f16f02711dc446d8bfb5ee6625d9c15688be7bc41a38dbac9a7bc8e103,2026-04-25T06:53:31+00:00,223,283,170,79,3.771,174.0,13,fit:e47555f16f02711dc446d8bfb5ee6625d9c15688be7bc41a38dbac9a7bc8e103:segment:003,3,4870.0,4799,activities/067_260425073220.csv,1,1,0,0
fit:e47555f16f02711dc446d8bfb5ee6625d9c15688be7bc41a38dbac9a7bc8e103,2026-04-25T06:53:32+00:00,224,347,170,76,3.647,175.0,13,fit:e47555f16f02711dc446d8bfb5ee6625d9c15688be7bc41a38dbac9a7bc8e103:segment:003,3,4871.0,4800,activities/067_260425073220.csv,1,1,0,0
fit:e47555f16f02711dc446d8bfb5ee6625d9c15688be7bc41a38dbac9a7bc8e103,2026-04-25T06:53:33+00:00,225,331,170,78,3.548,175.39999999999998,13,fit:e47555f16f02711dc446d8bfb5ee6625d9c15688be7bc41a38dbac9a7bc8e103:segment:003,3,4872.0,4801,activities/067_260425073220.csv,1,1,0,0
fit:e47555f16f02711dc446d8bfb5ee6625d9c15688be7bc41a38dbac9a7bc8e103,2026-04-25T06:53:34+00:00,226,339,170,79,3.556,175.79999999999995,13,fit:e47555f16f02711dc446d8bfb5ee6625d9c15688be7bc41a38dbac9a7bc8e103:segment:003,3,4873.0,4802,activities/067_260425073220.csv,1,1,0,0
fit:e47555f16f02711dc446d8bfb5ee6625d9c15688be7bc41a38dbac9a7bc8e103,2026-04-25T06:53:35+00:00,227,311,169,80,3.607,175.79999999999995,13,fit:e47555f16f02711dc446d8bfb5ee6625d9c15688be7bc41a38dbac9a7bc8e103:segment:003,3,4874.0,4803,activities/067_260425073220.csv,1,1,0,0
fit:e47555f16f02711dc446d8bfb5ee6625d9c15688be7bc41a38dbac9a7bc8e103,2026-04-25T06:53:36+00:00,228,336,169,80,3.644,175.79999999999995,13,fit:e47555f16f02711dc446d8bfb5ee6625d9c15688be7bc41a38dbac9a7bc8e103:segment:003,3,4875.0,4804,activities/067_260425073220.csv,1,1,0,0
fit:e47555f16f02711dc446d8bfb5ee6625d9c15688be7bc41a38dbac9a7bc8e103,2026-04-25T06:53:37+00:00,229,337,169,79,3.655,175.79999999999995,13,fit:e47555f16f02711dc446d8bfb5ee6625d9c15688be7bc41a38dbac9a7bc8e103:segment:003,3,4876.0,4805,activities/067_260425073220.csv,1,1,0,0
fit:e47555f16f02711dc446d8bfb5ee6625d9c15688be7bc41a38dbac9a7bc8e103,2026-04-25T06:53:38+00:00,230,304,169,79,3.504,175.79999999999995,13,fit:e47555f16f02711dc446d8bfb5ee6625d9c15688be7bc41a38dbac9a7bc8e103:segment:003,3,4877.0,4806,activities/067_260425073220.csv,1,1,0,0
fit:e47555f16f02711dc446d8bfb5ee6625d9c15688be7bc41a38dbac9a7bc8e103,2026-04-25T06:53:39+00:00,231,290,169,78,3.56,176.79999999999995,13,fit:e47555f16f02711dc446d8bfb5ee6625d9c15688be7bc41a38dbac9a7bc8e103:segment:003,3,4878.0,4807,activities/067_260425073220.csv,1,1,0,0
fit:e47555f16f02711dc446d8bfb5ee6625d9c15688be7bc41a38dbac9a7bc8e103,2026-04-25T06:53:40+00:00,232,302,169,76,3.527,176.79999999999995,13,fit:e47555f16f02711dc446d8bfb5ee6625d9c15688be7bc41a38dbac9a7bc8e103:segment:003,3,4879.0,4808,activities/067_260425073220.csv,1,1,0,0
fit:e47555f16f02711dc446d8bfb5ee6625d9c15688be7bc41a38dbac9a7bc8e103,2026-04-25T06:53:41+00:00,233,316,168,76,3.546,177.79999999999995,13,fit:e47555f16f02711dc446d8bfb5ee6625d9c15688be7bc41a38dbac9a7bc8e103:segment:003,3,4880.0,4809,activities/067_260425073220.csv,1,1,0,0
fit:e47555f16f02711dc446d8bfb5ee6625d9c15688be7bc41a38dbac9a7bc8e103,2026-04-25T06:53:42+00:00,234,293,168,76,3.552,178.20000000000005,13,fit:e47555f16f02711dc446d8bfb5ee6625d9c15688be7bc41a38dbac9a7bc8e103:segment:003,3,4881.0,4810,activities/067_260425073220.csv,1,1,0,0
fit:e47555f16f02711dc446d8bfb5ee6625d9c15688be7bc41a38dbac9a7bc8e103,2026-04-25T06:53:43+00:00,235,312,168,75,3.541,178.60000000000002,13,fit:e47555f16f02711dc446d8bfb5ee6625d9c15688be7bc41a38dbac9a7bc8e103:segment:003,3,4882.0,4811,activities/067_260425073220.csv,1,1,0,0
fit:e47555f16f02711dc446d8bfb5ee6625d9c15688be7bc41a38dbac9a7bc8e103,2026-04-25T06:53:44+00:00,236,307,168,75,3.612,178.60000000000002,13,fit:e47555f16f02711dc446d8bfb5ee6625d9c15688be7bc41a38dbac9a7bc8e103:segment:003,3,4883.0,4812,activities/067_260425073220.csv,1,1,0,0
fit:e47555f16f02711dc446d8bfb5ee6625d9c15688be7bc41a38dbac9a7bc8e103,2026-04-25T06:53:45+00:00,237,315,168,74,3.424,178.79999999999995,13,fit:e47555f16f02711dc446d8bfb5ee6625d9c15688be7bc41a38dbac9a7bc8e103:segment:003,3,4884.0,4813,activities/067_260425073220.csv,1,1,0,0
fit:e47555f16f02711dc446d8bfb5ee6625d9c15688be7bc41a38dbac9a7bc8e103,2026-04-25T06:53:46+00:00,238,315,167,74,3.441,179.79999999999995,13,fit:e47555f16f02711dc446d8bfb5ee6625d9c15688be7bc41a38dbac9a7bc8e103:segment:003,3,4885.0,4814,activities/067_260425073220.csv,1,1,0,0
fit:e47555f16f02711dc446d8bfb5ee6625d9c15688be7bc41a38dbac9a7bc8e103,2026-04-25T06:53:47+00:00,239,325,167,74,3.407,180.0,13,fit:e47555f16f02711dc446d8bfb5ee6625d9c15688be7bc41a38dbac9a7bc8e103:segment:003,3,4886.0,4815,activities/067_260425073220.csv,1,1,0,0
fit:e47555f16f02711dc446d8bfb5ee6625d9c15688be7bc41a38dbac9a7bc8e103,2026-04-25T06:53:48+00:00,240,321,167,75,3.469,181.0,13,fit:e47555f16f02711dc446d8bfb5ee6625d9c15688be7bc41a38dbac9a7bc8e103:segment:003,3,4887.0,4816,activities/067_260425073220.csv,1,1,0,0
fit:e47555f16f02711dc446d8bfb5ee6625d9c15688be7bc41a38dbac9a7bc8e103,2026-04-25T06:53:49+00:00,241,318,167,75,3.376,181.39999999999998,13,fit:e47555f16f02711dc446d8bfb5ee6625d9c15688be7bc41a38dbac9a7bc8e103:segment:003,3,4888.0,4817,activities/067_260425073220.csv,1,1,0,0
fit:e47555f16f02711dc446d8bfb5ee6625d9c15688be7bc41a38dbac9a7bc8e103,2026-04-25T06:53:50+00:00,242,308,168,75,3.416,181.39999999999998,13,fit:e47555f16f02711dc446d8bfb5ee6625d9c15688be7bc41a38dbac9a7bc8e103:segment:003,3,4889.0,4818,activities/067_260425073220.csv,1,1,0,0
fit:e47555f16f02711dc446d8bfb5ee6625d9c15688be7bc41a38dbac9a7bc8e103,2026-04-25T06:53:51+00:00,243,308,168,74,3.386,181.39999999999998,13,fit:e47555f16f02711dc446d8bfb5ee6625d9c15688be7bc41a38dbac9a7bc8e103:segment:003,3,4890.0,4819,activities/067_260425073220.csv,1,1,0,0
fit:e47555f16f02711dc446d8bfb5ee6625d9c15688be7bc41a38dbac9a7bc8e103,2026-04-25T06:53:52+00:00,244,301,168,72,3.286,181.39999999999998,13,fit:e47555f16f02711dc446d8bfb5ee6625d9c15688be7bc41a38dbac9a7bc8e103:segment:003,3,4891.0,4820,activities/067_260425073220.csv,1,1,0,0
fit:e47555f16f02711dc446d8bfb5ee6625d9c15688be7bc41a38dbac9a7bc8e103,2026-04-25T06:53:53+00:00,245,324,168,71,3.372,181.39999999999998,13,fit:e47555f16f02711dc446d8bfb5ee6625d9c15688be7bc41a38dbac9a7bc8e103:segment:003,3,4892.0,4821,activities/067_260425073220.csv,1,1,0,0
fit:e47555f16f02711dc446d8bfb5ee6625d9c15688be7bc41a38dbac9a7bc8e103,2026-04-25T06:53:54+00:00,246,322,168,71,3.3,182.39999999999998,13,fit:e47555f16f02711dc446d8bfb5ee6625d9c15688be7bc41a38dbac9a7bc8e103:segment:003,3,4893.0,4822,activities/067_260425073220.csv,1,1,0,0
fit:e47555f16f02711dc446d8bfb5ee6625d9c15688be7bc41a38dbac9a7bc8e103,2026-04-25T06:53:55+00:00,247,321,168,70,3.25,182.39999999999998,13,fit:e47555f16f02711dc446d8bfb5ee6625d9c15688be7bc41a38dbac9a7bc8e103:segment:003,3,4894.0,4823,activities/067_260425073220.csv,1,1,0,0
fit:e47555f16f02711dc446d8bfb5ee6625d9c15688be7bc41a38dbac9a7bc8e103,2026-04-25T06:53:56+00:00,248,329,168,72,3.254,182.39999999999998,13,fit:e47555f16f02711dc446d8bfb5ee6625d9c15688be7bc41a38dbac9a7bc8e103:segment:003,3,4895.0,4824,activities/067_260425073220.csv,1,1,0,0
fit:e47555f16f02711dc446d8bfb5ee6625d9c15688be7bc41a38dbac9a7bc8e103,2026-04-25T06:53:57+00:00,249,304,168,73,3.321,182.39999999999998,12,fit:e47555f16f02711dc446d8bfb5ee6625d9c15688be7bc41a38dbac9a7bc8e103:segment:003,3,4896.0,4825,activities/067_260425073220.csv,1,1,0,0
fit:e47555f16f02711dc446d8bfb5ee6625d9c15688be7bc41a38dbac9a7bc8e103,2026-04-25T06:53:58+00:00,250,287,168,76,3.42,183.39999999999998,12,fit:e47555f16f02711dc446d8bfb5ee6625d9c15688be7bc41a38dbac9a7bc8e103:segment:003,3,4897.0,4826,activities/067_260425073220.csv,1,1,0,0
fit:e47555f16f02711dc446d8bfb5ee6625d9c15688be7bc41a38dbac9a7bc8e103,2026-04-25T06:53:59+00:00,251,309,169,81,3.459,184.20000000000005,12,fit:e47555f16f02711dc446d8bfb5ee6625d9c15688be7bc41a38dbac9a7bc8e103:segment:003,3,4898.0,4827,activities/067_260425073220.csv,1,1,0,0
fit:e47555f16f02711dc446d8bfb5ee6625d9c15688be7bc41a38dbac9a7bc8e103,2026-04-25T06:54:00+00:00,252,184,169,81,3.528,184.60000000000002,12,fit:e47555f16f02711dc446d8bfb5ee6625d9c15688be7bc41a38dbac9a7bc8e103:segment:003,3,4899.0,4828,activities/067_260425073220.csv,1,1,0,0
fit:e47555f16f02711dc446d8bfb5ee6625d9c15688be7bc41a38dbac9a7bc8e103,2026-04-25T06:54:01+00:00,253,377,169,81,3.614,185.0,12,fit:e47555f16f02711dc446d8bfb5ee6625d9c15688be7bc41a38dbac9a7bc8e103:segment:003,3,4900.0,4829,activities/067_260425073220.csv,1,1,0,0
fit:e47555f16f02711dc446d8bfb5ee6625d9c15688be7bc41a38dbac9a7bc8e103,2026-04-25T06:54:02+00:00,254,329,169,82,3.914,185.0,12,fit:e47555f16f02711dc446d8bfb5ee6625d9c15688be7bc41a38dbac9a7bc8e103:segment:003,3,4901.0,4830,activities/067_260425073220.csv,1,1,0,0
fit:e47555f16f02711dc446d8bfb5ee6625d9c15688be7bc41a38dbac9a7bc8e103,2026-04-25T06:54:03+00:00,255,310,170,81,4.035,185.20000000000005,12,fit:e47555f16f02711dc446d8bfb5ee6625d9c15688be7bc41a38dbac9a7bc8e103:segment:003,3,4902.0,4831,activities/067_260425073220.csv,1,1,0,0
fit:e47555f16f02711dc446d8bfb5ee6625d9c15688be7bc41a38dbac9a7bc8e103,2026-04-25T06:54:04+00:00,256,265,170,80,4.095,185.79999999999995,12,fit:e47555f16f02711dc446d8bfb5ee6625d9c15688be7bc41a38dbac9a7bc8e103:segment:003,3,4903.0,4832,activities/067_260425073220.csv,1,1,0,0
fit:e47555f16f02711dc446d8bfb5ee6625d9c15688be7bc41a38dbac9a7bc8e103,2026-04-25T06:54:05+00:00,257,249,170,77,4.186,186.20000000000005,12,fit:e47555f16f02711dc446d8bfb5ee6625d9c15688be7bc41a38dbac9a7bc8e103:segment:003,3,4904.0,4833,activities/067_260425073220.csv,1,1,0,0
fit:e47555f16f02711dc446d8bfb5ee6625d9c15688be7bc41a38dbac9a7bc8e103,2026-04-25T06:54:06+00:00,258,340,169,79,4.076,186.60000000000002,12,fit:e47555f16f02711dc446d8bfb5ee6625d9c15688be7bc41a38dbac9a7bc8e103:segment:003,3,4905.0,4834,activities/067_260425073220.csv,1,1,0,0
fit:e47555f16f02711dc446d8bfb5ee6625d9c15688be7bc41a38dbac9a7bc8e103,2026-04-25T06:54:07+00:00,259,340,169,79,4.066,186.79999999999995,12,fit:e47555f16f02711dc446d8bfb5ee6625d9c15688be7bc41a38dbac9a7bc8e103:segment:003,3,4906.0,4835,activities/067_260425073220.csv,1,1,0,0
fit:e47555f16f02711dc446d8bfb5ee6625d9c15688be7bc41a38dbac9a7bc8e103,2026-04-25T06:54:08+00:00,260,313,170,83,4.139,187.20000000000005,12,fit:e47555f16f02711dc446d8bfb5ee6625d9c15688be7bc41a38dbac9a7bc8e103:segment:003,3,4907.0,4836,activities/067_260425073220.csv,1,1,0,0
fit:e47555f16f02711dc446d8bfb5ee6625d9c15688be7bc41a38dbac9a7bc8e103,2026-04-25T06:54:09+00:00,261,259,170,82,4.22,187.20000000000005,12,fit:e47555f16f02711dc446d8bfb5ee6625d9c15688be7bc41a38dbac9a7bc8e103:segment:003,3,4908.0,4837,activities/067_260425073220.csv,1,1,0,0
fit:e47555f16f02711dc446d8bfb5ee6625d9c15688be7bc41a38dbac9a7bc8e103,2026-04-25T06:54:10+00:00,262,276,170,80,4.19,187.20000000000005,12,fit:e47555f16f02711dc446d8bfb5ee6625d9c15688be7bc41a38dbac9a7bc8e103:segment:003,3,4909.0,4838,activities/067_260425073220.csv,1,1,0,0
fit:e47555f16f02711dc446d8bfb5ee6625d9c15688be7bc41a38dbac9a7bc8e103,2026-04-25T06:54:11+00:00,263,308,170,82,4.112,187.20000000000005,12,fit:e47555f16f02711dc446d8bfb5ee6625d9c15688be7bc41a38dbac9a7bc8e103:segment:003,3,4910.0,4839,activities/067_260425073220.csv,1,1,0,0
fit:e47555f16f02711dc446d8bfb5ee6625d9c15688be7bc41a38dbac9a7bc8e103,2026-04-25T06:54:12+00:00,264,308,169,82,4.233,188.20000000000005,12,fit:e47555f16f02711dc446d8bfb5ee6625d9c15688be7bc41a38dbac9a7bc8e103:segment:003,3,4911.0,4840,activities/067_260425073220.csv,1,1,0,0
fit:e47555f16f02711dc446d8bfb5ee6625d9c15688be7bc41a38dbac9a7bc8e103,2026-04-25T06:54:13+00:00,265,300,169,80,3.959,188.60000000000002,12,fit:e47555f16f02711dc446d8bfb5ee6625d9c15688be7bc41a38dbac9a7bc8e103:segment:003,3,4912.0,4841,activities/067_260425073220.csv,1,1,0,0
fit:e47555f16f02711dc446d8bfb5ee6625d9c15688be7bc41a38dbac9a7bc8e103,2026-04-25T06:54:14+00:00,266,308,169,78,3.975,189.20000000000005,12,fit:e47555f16f02711dc446d8bfb5ee6625d9c15688be7bc41a38dbac9a7bc8e103:segment:003,3,4913.0,4842,activities/067_260425073220.csv,1,1,0,0
fit:e47555f16f02711dc446d8bfb5ee6625d9c15688be7bc41a38dbac9a7bc8e103,2026-04-25T06:54:15+00:00,267,314,169,74,3.969,189.39999999999998,12,fit:e47555f16f02711dc446d8bfb5ee6625d9c15688be7bc41a38dbac9a7bc8e103:segment:003,3,4914.0,4843,activities/067_260425073220.csv,1,1,0,0
fit:e47555f16f02711dc446d8bfb5ee6625d9c15688be7bc41a38dbac9a7bc8e103,2026-04-25T06:54:16+00:00,268,337,169,74,3.822,189.79999999999995,12,fit:e47555f16f02711dc446d8bfb5ee6625d9c15688be7bc41a38dbac9a7bc8e103:segment:003,3,4915.0,4844,activities/067_260425073220.csv,1,1,0,0
fit:e47555f16f02711dc446d8bfb5ee6625d9c15688be7bc41a38dbac9a7bc8e103,2026-04-25T06:54:17+00:00,269,313,169,73,3.846,190.0,12,fit:e47555f16f02711dc446d8bfb5ee6625d9c15688be7bc41a38dbac9a7bc8e103:segment:003,3,4916.0,4845,activities/067_260425073220.csv,1,1,0,0
fit:e47555f16f02711dc446d8bfb5ee6625d9c15688be7bc41a38dbac9a7bc8e103,2026-04-25T06:54:18+00:00,270,328,169,72,3.836,190.39999999999998,12,fit:e47555f16f02711dc446d8bfb5ee6625d9c15688be7bc41a38dbac9a7bc8e103:segment:003,3,4917.0,4846,activities/067_260425073220.csv,1,1,0,0
fit:e47555f16f02711dc446d8bfb5ee6625d9c15688be7bc41a38dbac9a7bc8e103,2026-04-25T06:54:19+00:00,271,318,169,72,3.629,190.79999999999995,12,fit:e47555f16f02711dc446d8bfb5ee6625d9c15688be7bc41a38dbac9a7bc8e103:segment:003,3,4918.0,4847,activities/067_260425073220.csv,1,1,0,0
fit:e47555f16f02711dc446d8bfb5ee6625d9c15688be7bc41a38dbac9a7bc8e103,2026-04-25T06:54:20+00:00,272,331,169,74,3.61,191.20000000000005,12,fit:e47555f16f02711dc446d8bfb5ee6625d9c15688be7bc41a38dbac9a7bc8e103:segment:003,3,4919.0,4848,activities/067_260425073220.csv,1,1,0,0
fit:e47555f16f02711dc446d8bfb5ee6625d9c15688be7bc41a38dbac9a7bc8e103,2026-04-25T06:54:21+00:00,273,319,169,75,3.692,191.20000000000005,12,fit:e47555f16f02711dc446d8bfb5ee6625d9c15688be7bc41a38dbac9a7bc8e103:segment:003,3,4920.0,4849,activities/067_260425073220.csv,1,1,0,0
fit:e47555f16f02711dc446d8bfb5ee6625d9c15688be7bc41a38dbac9a7bc8e103,2026-04-25T06:54:22+00:00,274,297,169,75,3.699,191.20000000000005,12,fit:e47555f16f02711dc446d8bfb5ee6625d9c15688be7bc41a38dbac9a7bc8e103:segment:003,3,4921.0,4850,activities/067_260425073220.csv,1,1,0,0
fit:e47555f16f02711dc446d8bfb5ee6625d9c15688be7bc41a38dbac9a7bc8e103,2026-04-25T06:54:23+00:00,275,297,169,73,3.761,191.20000000000005,12,fit:e47555f16f02711dc446d8bfb5ee6625d9c15688be7bc41a38dbac9a7bc8e103:segment:003,3,4922.0,4851,activities/067_260425073220.csv,1,1,0,0
fit:e47555f16f02711dc446d8bfb5ee6625d9c15688be7bc41a38dbac9a7bc8e103,2026-04-25T06:54:24+00:00,276,303,169,70,3.725,192.20000000000005,12,fit:e47555f16f02711dc446d8bfb5ee6625d9c15688be7bc41a38dbac9a7bc8e103:segment:003,3,4923.0,4852,activities/067_260425073220.csv,1,1,0,0
fit:e47555f16f02711dc446d8bfb5ee6625d9c15688be7bc41a38dbac9a7bc8e103,2026-04-25T06:54:25+00:00,277,337,169,70,3.733,192.20000000000005,12,fit:e47555f16f02711dc446d8bfb5ee6625d9c15688be7bc41a38dbac9a7bc8e103:segment:003,3,4924.0,4853,activities/067_260425073220.csv,1,1,0,0
fit:e47555f16f02711dc446d8bfb5ee6625d9c15688be7bc41a38dbac9a7bc8e103,2026-04-25T06:54:26+00:00,278,337,169,70,3.643,192.39999999999998,12,fit:e47555f16f02711dc446d8bfb5ee6625d9c15688be7bc41a38dbac9a7bc8e103:segment:003,3,4925.0,4854,activities/067_260425073220.csv,1,1,0,0
fit:e47555f16f02711dc446d8bfb5ee6625d9c15688be7bc41a38dbac9a7bc8e103,2026-04-25T06:54:27+00:00,279,322,169,70,3.668,193.0,12,fit:e47555f16f02711dc446d8bfb5ee6625d9c15688be7bc41a38dbac9a7bc8e103:segment:003,3,4926.0,4855,activities/067_260425073220.csv,1,1,0,0
fit:e47555f16f02711dc446d8bfb5ee6625d9c15688be7bc41a38dbac9a7bc8e103,2026-04-25T06:54:28+00:00,280,312,169,70,3.619,193.39999999999998,12,fit:e47555f16f02711dc446d8bfb5ee6625d9c15688be7bc41a38dbac9a7bc8e103:segment:003,3,4927.0,4856,activities/067_260425073220.csv,1,1,0,0
fit:e47555f16f02711dc446d8bfb5ee6625d9c15688be7bc41a38dbac9a7bc8e103,2026-04-25T06:54:29+00:00,281,273,169,69,3.441,194.39999999999998,12,fit:e47555f16f02711dc446d8bfb5ee6625d9c15688be7bc41a38dbac9a7bc8e103:segment:003,3,4928.0,4857,activities/067_260425073220.csv,1,1,0,0
fit:e47555f16f02711dc446d8bfb5ee6625d9c15688be7bc41a38dbac9a7bc8e103,2026-04-25T06:54:30+00:00,282,291,169,70,3.316,194.39999999999998,12,fit:e47555f16f02711dc446d8bfb5ee6625d9c15688be7bc41a38dbac9a7bc8e103:segment:003,3,4929.0,4858,activities/067_260425073220.csv,1,1,0,0
fit:e47555f16f02711dc446d8bfb5ee6625d9c15688be7bc41a38dbac9a7bc8e103,2026-04-25T06:54:31+00:00,283,290,168,72,3.38,194.39999999999998,12,fit:e47555f16f02711dc446d8bfb5ee6625d9c15688be7bc41a38dbac9a7bc8e103:segment:003,3,4930.0,4859,activities/067_260425073220.csv,1,1,0,0
fit:e47555f16f02711dc446d8bfb5ee6625d9c15688be7bc41a38dbac9a7bc8e103,2026-04-25T06:54:32+00:00,284,290,168,72,3.393,194.39999999999998,12,fit:e47555f16f02711dc446d8bfb5ee6625d9c15688be7bc41a38dbac9a7bc8e103:segment:003,3,4931.0,4860,activities/067_260425073220.csv,1,1,0,0
fit:e47555f16f02711dc446d8bfb5ee6625d9c15688be7bc41a38dbac9a7bc8e103,2026-04-25T06:54:33+00:00,285,265,168,72,3.572,194.79999999999995,12,fit:e47555f16f02711dc446d8bfb5ee6625d9c15688be7bc41a38dbac9a7bc8e103:segment:003,3,4932.0,4861,activities/067_260425073220.csv,1,1,0,0
fit:e47555f16f02711dc446d8bfb5ee6625d9c15688be7bc41a38dbac9a7bc8e103,2026-04-25T06:54:34+00:00,286,282,168,72,3.661,195.39999999999998,12,fit:e47555f16f02711dc446d8bfb5ee6625d9c15688be7bc41a38dbac9a7bc8e103:segment:003,3,4933.0,4862,activities/067_260425073220.csv,1,1,0,0
fit:e47555f16f02711dc446d8bfb5ee6625d9c15688be7bc41a38dbac9a7bc8e103,2026-04-25T06:54:35+00:00,287,283,167,70,3.534,196.0,12,fit:e47555f16f02711dc446d8bfb5ee6625d9c15688be7bc41a38dbac9a7bc8e103:segment:003,3,4934.0,4863,activities/067_260425073220.csv,1,1,0,0
fit:e47555f16f02711dc446d8bfb5ee6625d9c15688be7bc41a38dbac9a7bc8e103,2026-04-25T06:54:36+00:00,288,281,167,71,3.649,196.39999999999998,12,fit:e47555f16f02711dc446d8bfb5ee6625d9c15688be7bc41a38dbac9a7bc8e103:segment:003,3,4935.0,4864,activities/067_260425073220.csv,1,1,0,0
fit:e47555f16f02711dc446d8bfb5ee6625d9c15688be7bc41a38dbac9a7bc8e103,2026-04-25T06:54:37+00:00,289,281,166,71,3.623,196.39999999999998,12,fit:e47555f16f02711dc446d8bfb5ee6625d9c15688be7bc41a38dbac9a7bc8e103:segment:003,3,4936.0,4865,activities/067_260425073220.csv,1,1,0,0
fit:e47555f16f02711dc446d8bfb5ee6625d9c15688be7bc41a38dbac9a7bc8e103,2026-04-25T06:54:38+00:00,290,267,166,71,3.643,196.39999999999998,12,fit:e47555f16f02711dc446d8bfb5ee6625d9c15688be7bc41a38dbac9a7bc8e103:segment:003,3,4937.0,4866,activities/067_260425073220.csv,1,1,0,0
fit:e47555f16f02711dc446d8bfb5ee6625d9c15688be7bc41a38dbac9a7bc8e103,2026-04-25T06:54:39+00:00,291,280,165,70,3.397,196.39999999999998,12,fit:e47555f16f02711dc446d8bfb5ee6625d9c15688be7bc41a38dbac9a7bc8e103:segment:003,3,4938.0,4867,activities/067_260425073220.csv,1,1,0,0
fit:e47555f16f02711dc446d8bfb5ee6625d9c15688be7bc41a38dbac9a7bc8e103,2026-04-25T06:54:40+00:00,292,299,165,69,3.323,196.79999999999995,12,fit:e47555f16f02711dc446d8bfb5ee6625d9c15688be7bc41a38dbac9a7bc8e103:segment:003,3,4939.0,4868,activities/067_260425073220.csv,1,1,0,0
fit:e47555f16f02711dc446d8bfb5ee6625d9c15688be7bc41a38dbac9a7bc8e103,2026-04-25T06:54:41+00:00,293,265,165,68,3.462,197.79999999999995,12,fit:e47555f16f02711dc446d8bfb5ee6625d9c15688be7bc41a38dbac9a7bc8e103:segment:003,3,4940.0,4869,activities/067_260425073220.csv,1,1,0,0
fit:e47555f16f02711dc446d8bfb5ee6625d9c15688be7bc41a38dbac9a7bc8e103,2026-04-25T06:54:42+00:00,294,260,165,68,3.336,197.79999999999995,12,fit:e47555f16f02711dc446d8bfb5ee6625d9c15688be7bc41a38dbac9a7bc8e103:segment:003,3,4941.0,4870,activities/067_260425073220.csv,1,1,0,0
fit:e47555f16f02711dc446d8bfb5ee6625d9c15688be7bc41a38dbac9a7bc8e103,2026-04-25T06:54:43+00:00,295,272,165,72,3.486,197.79999999999995,12,fit:e47555f16f02711dc446d8bfb5ee6625d9c15688be7bc41a38dbac9a7bc8e103:segment:003,3,4942.0,4871,activities/067_260425073220.csv,1,1,0,0
fit:e47555f16f02711dc446d8bfb5ee6625d9c15688be7bc41a38dbac9a7bc8e103,2026-04-25T06:54:44+00:00,296,270,165,73,3.487,197.79999999999995,12,fit:e47555f16f02711dc446d8bfb5ee6625d9c15688be7bc41a38dbac9a7bc8e103:segment:003,3,4943.0,4872,activities/067_260425073220.csv,1,1,0,0
fit:e47555f16f02711dc446d8bfb5ee6625d9c15688be7bc41a38dbac9a7bc8e103,2026-04-25T06:54:45+00:00,297,266,165,73,3.567,198.60000000000002,12,fit:e47555f16f02711dc446d8bfb5ee6625d9c15688be7bc41a38dbac9a7bc8e103:segment:003,3,4944.0,4873,activities/067_260425073220.csv,1,1,0,0
fit:e47555f16f02711dc446d8bfb5ee6625d9c15688be7bc41a38dbac9a7bc8e103,2026-04-25T06:54:46+00:00,298,261,165,73,3.445,199.0,12,fit:e47555f16f02711dc446d8bfb5ee6625d9c15688be7bc41a38dbac9a7bc8e103:segment:003,3,4945.0,4874,activities/067_260425073220.csv,1,1,0,0
fit:e47555f16f02711dc446d8bfb5ee6625d9c15688be7bc41a38dbac9a7bc8e103,2026-04-25T06:54:47+00:00,299,281,165,73,3.54,199.0,12,fit:e47555f16f02711dc446d8bfb5ee6625d9c15688be7bc41a38dbac9a7bc8e103:segment:003,3,4946.0,4875,activities/067_260425073220.csv,1,1,0,0
fit:e47555f16f02711dc446d8bfb5ee6625d9c15688be7bc41a38dbac9a7bc8e103,2026-04-25T06:54:48+00:00,300,297,165,73,3.286,199.0,12,fit:e47555f16f02711dc446d8bfb5ee6625d9c15688be7bc41a38dbac9a7bc8e103:segment:003,3,4947.0,4876,activities/067_260425073220.csv,1,1,0,0
fit:e47555f16f02711dc446d8bfb5ee6625d9c15688be7bc41a38dbac9a7bc8e103,2026-04-25T06:54:49+00:00,301,270,165,74,3.451,199.0,12,fit:e47555f16f02711dc446d8bfb5ee6625d9c15688be7bc41a38dbac9a7bc8e103:segment:003,3,4948.0,4877,activities/067_260425073220.csv,1,1,0,0
fit:e47555f16f02711dc446d8bfb5ee6625d9c15688be7bc41a38dbac9a7bc8e103,2026-04-25T06:54:50+00:00,302,280,165,74,3.355,200.0,12,fit:e47555f16f02711dc446d8bfb5ee6625d9c15688be7bc41a38dbac9a7bc8e103:segment:003,3,4949.0,4878,activities/067_260425073220.csv,1,1,0,0
fit:e47555f16f02711dc446d8bfb5ee6625d9c15688be7bc41a38dbac9a7bc8e103,2026-04-25T06:54:51+00:00,303,267,165,75,3.471,200.60000000000002,12,fit:e47555f16f02711dc446d8bfb5ee6625d9c15688be7bc41a38dbac9a7bc8e103:segment:003,3,4950.0,4879,activities/067_260425073220.csv,1,1,0,0
fit:e47555f16f02711dc446d8bfb5ee6625d9c15688be7bc41a38dbac9a7bc8e103,2026-04-25T06:54:52+00:00,304,271,164,75,3.679,201.0,12,fit:e47555f16f02711dc446d8bfb5ee6625d9c15688be7bc41a38dbac9a7bc8e103:segment:003,3,4951.0,4880,activities/067_260425073220.csv,1,1,0,0
fit:e47555f16f02711dc446d8bfb5ee6625d9c15688be7bc41a38dbac9a7bc8e103,2026-04-25T06:54:53+00:00,305,287,164,73,3.803,201.0,12,fit:e47555f16f02711dc446d8bfb5ee6625d9c15688be7bc41a38dbac9a7bc8e103:segment:003,3,4952.0,4881,activities/067_260425073220.csv,1,1,0,0
fit:e47555f16f02711dc446d8bfb5ee6625d9c15688be7bc41a38dbac9a7bc8e103,2026-04-25T06:54:54+00:00,306,289,164,73,3.771,201.0,12,fit:e47555f16f02711dc446d8bfb5ee6625d9c15688be7bc41a38dbac9a7bc8e103:segment:003,3,4953.0,4882,activities/067_260425073220.csv,1,1,0,0
fit:e47555f16f02711dc446d8bfb5ee6625d9c15688be7bc41a38dbac9a7bc8e103,2026-04-25T06:54:55+00:00,307,307,164,73,3.827,201.0,12,fit:e47555f16f02711dc446d8bfb5ee6625d9c15688be7bc41a38dbac9a7bc8e103:segment:003,3,4954.0,4883,activities/067_260425073220.csv,1,1,0,0
fit:e47555f16f02711dc446d8bfb5ee6625d9c15688be7bc41a38dbac9a7bc8e103,2026-04-25T06:54:56+00:00,308,324,164,72,3.911,202.0,12,fit:e47555f16f02711dc446d8bfb5ee6625d9c15688be7bc41a38dbac9a7bc8e103:segment:003,3,4955.0,4884,activities/067_260425073220.csv,1,1,0,0
fit:e47555f16f02711dc446d8bfb5ee6625d9c15688be7bc41a38dbac9a7bc8e103,2026-04-25T06:54:57+00:00,309,352,163,72,3.945,202.39999999999998,12,fit:e47555f16f02711dc446d8bfb5ee6625d9c15688be7bc41a38dbac9a7bc8e103:segment:003,3,4956.0,4885,activities/067_260425073220.csv,1,1,0,0
fit:e47555f16f02711dc446d8bfb5ee6625d9c15688be7bc41a38dbac9a7bc8e103,2026-04-25T06:54:58+00:00,310,344,164,70,3.878,203.20000000000005,12,fit:e47555f16f02711dc446d8bfb5ee6625d9c15688be7bc41a38dbac9a7bc8e103:segment:003,3,4957.0,4886,activities/067_260425073220.csv,1,1,0,0
fit:e47555f16f02711dc446d8bfb5ee6625d9c15688be7bc41a38dbac9a7bc8e103,2026-04-25T06:54:59+00:00,311,355,164,70,3.462,203.60000000000002,12,fit:e47555f16f02711dc446d8bfb5ee6625d9c15688be7bc41a38dbac9a7bc8e103:segment:003,3,4958.0,4887,activities/067_260425073220.csv,1,1,0,0
fit:e47555f16f02711dc446d8bfb5ee6625d9c15688be7bc41a38dbac9a7bc8e103,2026-04-25T06:55:00+00:00,312,348,164,71,3.411,203.60000000000002,12,fit:e47555f16f02711dc446d8bfb5ee6625d9c15688be7bc41a38dbac9a7bc8e103:segment:003,3,4959.0,4888,activities/067_260425073220.csv,1,1,0,0
fit:e47555f16f02711dc446d8bfb5ee6625d9c15688be7bc41a38dbac9a7bc8e103,2026-04-25T06:55:01+00:00,313,342,164,72,3.588,203.60000000000002,12,fit:e47555f16f02711dc446d8bfb5ee6625d9c15688be7bc41a38dbac9a7bc8e103:segment:003,3,4960.0,4889,activities/067_260425073220.csv,1,1,0,0
fit:e47555f16f02711dc446d8bfb5ee6625d9c15688be7bc41a38dbac9a7bc8e103,2026-04-25T06:55:02+00:00,314,344,164,72,3.69,203.60000000000002,12,fit:e47555f16f02711dc446d8bfb5ee6625d9c15688be7bc41a38dbac9a7bc8e103:segment:003,3,4961.0,4890,activities/067_260425073220.csv,1,1,0,0
fit:e47555f16f02711dc446d8bfb5ee6625d9c15688be7bc41a38dbac9a7bc8e103,2026-04-25T06:55:03+00:00,315,344,165,73,3.448,203.60000000000002,12,fit:e47555f16f02711dc446d8bfb5ee6625d9c15688be7bc41a38dbac9a7bc8e103:segment:003,3,4962.0,4891,activities/067_260425073220.csv,1,1,0,0
fit:e47555f16f02711dc446d8bfb5ee6625d9c15688be7bc41a38dbac9a7bc8e103,2026-04-25T06:55:04+00:00,316,304,166,73,3.609,204.60000000000002,12,fit:e47555f16f02711dc446d8bfb5ee6625d9c15688be7bc41a38dbac9a7bc8e103:segment:003,3,4963.0,4892,activities/067_260425073220.csv,1,1,0,0
fit:e47555f16f02711dc446d8bfb5ee6625d9c15688be7bc41a38dbac9a7bc8e103,2026-04-25T06:55:05+00:00,317,298,166,73,3.766,205.20000000000005,12,fit:e47555f16f02711dc446d8bfb5ee6625d9c15688be7bc41a38dbac9a7bc8e103:segment:003,3,4964.0,4893,activities/067_260425073220.csv,1,1,0,0
fit:e47555f16f02711dc446d8bfb5ee6625d9c15688be7bc41a38dbac9a7bc8e103,2026-04-25T06:55:06+00:00,318,298,167,73,3.62,205.20000000000005,12,fit:e47555f16f02711dc446d8bfb5ee6625d9c15688be7bc41a38dbac9a7bc8e103:segment:003,3,4965.0,4894,activities/067_260425073220.csv,1,1,0,0
fit:e47555f16f02711dc446d8bfb5ee6625d9c15688be7bc41a38dbac9a7bc8e103,2026-04-25T06:55:07+00:00,319,320,167,74,3.784,205.60000000000002,12,fit:e47555f16f02711dc446d8bfb5ee6625d9c15688be7bc41a38dbac9a7bc8e103:segment:003,3,4966.0,4895,activities/067_260425073220.csv,1,1,0,0
fit:e47555f16f02711dc446d8bfb5ee6625d9c15688be7bc41a38dbac9a7bc8e103,2026-04-25T06:55:08+00:00,320,322,167,75,3.709,206.60000000000002,12,fit:e47555f16f02711dc446d8bfb5ee6625d9c15688be7bc41a38dbac9a7bc8e103:segment:003,3,4967.0,4896,activities/067_260425073220.csv,1,1,0,0
fit:e47555f16f02711dc446d8bfb5ee6625d9c15688be7bc41a38dbac9a7bc8e103,2026-04-25T06:55:09+00:00,321,330,167,75,3.85,206.60000000000002,12,fit:e47555f16f02711dc446d8bfb5ee6625d9c15688be7bc41a38dbac9a7bc8e103:segment:003,3,4968.0,4897,activities/067_260425073220.csv,1,1,0,0
fit:e47555f16f02711dc446d8bfb5ee6625d9c15688be7bc41a38dbac9a7bc8e103,2026-04-25T06:55:10+00:00,322,311,167,74,3.922,206.60000000000002,12,fit:e47555f16f02711dc446d8bfb5ee6625d9c15688be7bc41a38dbac9a7bc8e103:segment:003,3,4969.0,4898,activities/067_260425073220.csv,1,1,0,0
fit:e47555f16f02711dc446d8bfb5ee6625d9c15688be7bc41a38dbac9a7bc8e103,2026-04-25T06:55:11+00:00,323,317,168,74,3.901,206.60000000000002,12,fit:e47555f16f02711dc446d8bfb5ee6625d9c15688be7bc41a38dbac9a7bc8e103:segment:003,3,4970.0,4899,activities/067_260425073220.csv,1,1,0,0
fit:e47555f16f02711dc446d8bfb5ee6625d9c15688be7bc41a38dbac9a7bc8e103,2026-04-25T06:55:12+00:00,324,317,168,74,3.827,206.60000000000002,12,fit:e47555f16f02711dc446d8bfb5ee6625d9c15688be7bc41a38dbac9a7bc8e103:segment:003,3,4971.0,4900,activities/067_260425073220.csv,1,1,0,0
fit:e47555f16f02711dc446d8bfb5ee6625d9c15688be7bc41a38dbac9a7bc8e103,2026-04-25T06:55:13+00:00,325,323,168,76,3.837,207.60000000000002,12,fit:e47555f16f02711dc446d8bfb5ee6625d9c15688be7bc41a38dbac9a7bc8e103:segment:003,3,4972.0,4901,activities/067_260425073220.csv,1,1,0,0
fit:e47555f16f02711dc446d8bfb5ee6625d9c15688be7bc41a38dbac9a7bc8e103,2026-04-25T06:55:14+00:00,326,316,169,77,3.727,208.20000000000005,12,fit:e47555f16f02711dc446d8bfb5ee6625d9c15688be7bc41a38dbac9a7bc8e103:segment:003,3,4973.0,4902,activities/067_260425073220.csv,1,1,0,0
fit:e47555f16f02711dc446d8bfb5ee6625d9c15688be7bc41a38dbac9a7bc8e103,2026-04-25T06:55:15+00:00,327,308,169,79,3.901,208.79999999999995,12,fit:e47555f16f02711dc446d8bfb5ee6625d9c15688be7bc41a38dbac9a7bc8e103:segment:003,3,4974.0,4903,activities/067_260425073220.csv,1,1,0,0
fit:e47555f16f02711dc446d8bfb5ee6625d9c15688be7bc41a38dbac9a7bc8e103,2026-04-25T06:55:16+00:00,328,316,169,79,4.102,208.79999999999995,12,fit:e47555f16f02711dc446d8bfb5ee6625d9c15688be7bc41a38dbac9a7bc8e103:segment:003,3,4975.0,4904,activities/067_260425073220.csv,1,1,0,0
fit:e47555f16f02711dc446d8bfb5ee6625d9c15688be7bc41a38dbac9a7bc8e103,2026-04-25T06:55:17+00:00,329,325,169,79,4.106,209.79999999999995,12,fit:e47555f16f02711dc446d8bfb5ee6625d9c15688be7bc41a38dbac9a7bc8e103:segment:003,3,4976.0,4905,activities/067_260425073220.csv,1,1,0,0
fit:e47555f16f02711dc446d8bfb5ee6625d9c15688be7bc41a38dbac9a7bc8e103,2026-04-25T06:55:18+00:00,330,327,170,79,4.12,209.79999999999995,12,fit:e47555f16f02711dc446d8bfb5ee6625d9c15688be7bc41a38dbac9a7bc8e103:segment:003,3,4977.0,4906,activities/067_260425073220.csv,1,1,0,0
fit:e47555f16f02711dc446d8bfb5ee6625d9c15688be7bc41a38dbac9a7bc8e103,2026-04-25T06:55:19+00:00,331,341,170,79,4.208,209.79999999999995,12,fit:e47555f16f02711dc446d8bfb5ee6625d9c15688be7bc41a38dbac9a7bc8e103:segment:003,3,4978.0,4907,activities/067_260425073220.csv,1,1,0,0
fit:e47555f16f02711dc446d8bfb5ee6625d9c15688be7bc41a38dbac9a7bc8e103,2026-04-25T06:55:20+00:00,332,319,170,80,4.083,209.79999999999995,12,fit:e47555f16f02711dc446d8bfb5ee6625d9c15688be7bc41a38dbac9a7bc8e103:segment:003,3,4979.0,4908,activities/067_260425073220.csv,1,1,0,0
fit:e47555f16f02711dc446d8bfb5ee6625d9c15688be7bc41a38dbac9a7bc8e103,2026-04-25T06:55:21+00:00,333,325,170,81,4.104,210.0,12,fit:e47555f16f02711dc446d8bfb5ee6625d9c15688be7bc41a38dbac9a7bc8e103:segment:003,3,4980.0,4909,activities/067_260425073220.csv,1,1,0,0
fit:e47555f16f02711dc446d8bfb5ee6625d9c15688be7bc41a38dbac9a7bc8e103,2026-04-25T06:55:22+00:00,334,322,170,81,4.291,211.0,12,fit:e47555f16f02711dc446d8bfb5ee6625d9c15688be7bc41a38dbac9a7bc8e103:segment:003,3,4981.0,4910,activities/067_260425073220.csv,1,1,0,0
fit:e47555f16f02711dc446d8bfb5ee6625d9c15688be7bc41a38dbac9a7bc8e103,2026-04-25T06:55:23+00:00,335,322,171,80,4.243,211.20000000000005,12,fit:e47555f16f02711dc446d8bfb5ee6625d9c15688be7bc41a38dbac9a7bc8e103:segment:003,3,4982.0,4911,activities/067_260425073220.csv,1,1,0,0
fit:e47555f16f02711dc446d8bfb5ee6625d9c15688be7bc41a38dbac9a7bc8e103,2026-04-25T06:55:24+00:00,336,312,171,81,4.257,212.0,12,fit:e47555f16f02711dc446d8bfb5ee6625d9c15688be7bc41a38dbac9a7bc8e103:segment:003,3,4983.0,4912,activities/067_260425073220.csv,1,1,0,0
fit:e47555f16f02711dc446d8bfb5ee6625d9c15688be7bc41a38dbac9a7bc8e103,2026-04-25T06:55:25+00:00,337,308,171,81,4.244,212.0,12,fit:e47555f16f02711dc446d8bfb5ee6625d9c15688be7bc41a38dbac9a7bc8e103:segment:003,3,4984.0,4913,activities/067_260425073220.csv,1,1,0,0
fit:e47555f16f02711dc446d8bfb5ee6625d9c15688be7bc41a38dbac9a7bc8e103,2026-04-25T06:55:26+00:00,338,334,171,81,4.262,212.0,12,fit:e47555f16f02711dc446d8bfb5ee6625d9c15688be7bc41a38dbac9a7bc8e103:segment:003,3,4985.0,4914,activities/067_260425073220.csv,1,1,0,0
fit:e47555f16f02711dc446d8bfb5ee6625d9c15688be7bc41a38dbac9a7bc8e103,2026-04-25T06:55:27+00:00,339,355,171,81,4.237,212.0,12,fit:e47555f16f02711dc446d8bfb5ee6625d9c15688be7bc41a38dbac9a7bc8e103:segment:003,3,4986.0,4915,activities/067_260425073220.csv,1,1,0,0
fit:e47555f16f02711dc446d8bfb5ee6625d9c15688be7bc41a38dbac9a7bc8e103,2026-04-25T06:55:28+00:00,340,322,171,84,4.346,212.39999999999998,12,fit:e47555f16f02711dc446d8bfb5ee6625d9c15688be7bc41a38dbac9a7bc8e103:segment:003,3,4987.0,4916,activities/067_260425073220.csv,1,1,0,0
fit:e47555f16f02711dc446d8bfb5ee6625d9c15688be7bc41a38dbac9a7bc8e103,2026-04-25T06:55:29+00:00,341,288,171,83,4.271,212.60000000000002,12,fit:e47555f16f02711dc446d8bfb5ee6625d9c15688be7bc41a38dbac9a7bc8e103:segment:003,3,4988.0,4917,activities/067_260425073220.csv,1,1,0,0
fit:e47555f16f02711dc446d8bfb5ee6625d9c15688be7bc41a38dbac9a7bc8e103,2026-04-25T06:55:30+00:00,342,278,171,82,4.396,213.39999999999998,12,fit:e47555f16f02711dc446d8bfb5ee6625d9c15688be7bc41a38dbac9a7bc8e103:segment:003,3,4989.0,4918,activities/067_260425073220.csv,1,1,0,0
fit:e47555f16f02711dc446d8bfb5ee6625d9c15688be7bc41a38dbac9a7bc8e103,2026-04-25T06:55:31+00:00,343,282,171,81,4.281,213.79999999999995,12,fit:e47555f16f02711dc446d8bfb5ee6625d9c15688be7bc41a38dbac9a7bc8e103:segment:003,3,4990.0,4919,activities/067_260425073220.csv,1,1,0,0
fit:e47555f16f02711dc446d8bfb5ee6625d9c15688be7bc41a38dbac9a7bc8e103,2026-04-25T06:55:32+00:00,344,275,171,81,4.209,213.79999999999995,12,fit:e47555f16f02711dc446d8bfb5ee6625d9c15688be7bc41a38dbac9a7bc8e103:segment:003,3,4991.0,4920,activities/067_260425073220.csv,1,1,0,0
fit:e47555f16f02711dc446d8bfb5ee6625d9c15688be7bc41a38dbac9a7bc8e103,2026-04-25T06:55:33+00:00,345,261,171,80,4.186,213.79999999999995,12,fit:e47555f16f02711dc446d8bfb5ee6625d9c15688be7bc41a38dbac9a7bc8e103:segment:003,3,4992.0,4921,activities/067_260425073220.csv,1,1,0,0
fit:e47555f16f02711dc446d8bfb5ee6625d9c15688be7bc41a38dbac9a7bc8e103,2026-04-25T06:55:34+00:00,346,334,171,82,4.124,213.79999999999995,12,fit:e47555f16f02711dc446d8bfb5ee6625d9c15688be7bc41a38dbac9a7bc8e103:segment:003,3,4993.0,4922,activities/067_260425073220.csv,1,1,0,0
fit:e47555f16f02711dc446d8bfb5ee6625d9c15688be7bc41a38dbac9a7bc8e103,2026-04-25T06:55:35+00:00,347,310,171,83,4.157,214.79999999999995,12,fit:e47555f16f02711dc446d8bfb5ee6625d9c15688be7bc41a38dbac9a7bc8e103:segment:003,3,4994.0,4923,activities/067_260425073220.csv,1,1,0,0
fit:e47555f16f02711dc446d8bfb5ee6625d9c15688be7bc41a38dbac9a7bc8e103,2026-04-25T06:55:36+00:00,348,272,170,84,4.153,214.79999999999995,12,fit:e47555f16f02711dc446d8bfb5ee6625d9c15688be7bc41a38dbac9a7bc8e103:segment:003,3,4995.0,4924,activities/067_260425073220.csv,1,1,0,0
fit:e47555f16f02711dc446d8bfb5ee6625d9c15688be7bc41a38dbac9a7bc8e103,2026-04-25T06:55:37+00:00,349,271,170,84,4.365,214.79999999999995,12,fit:e47555f16f02711dc446d8bfb5ee6625d9c15688be7bc41a38dbac9a7bc8e103:segment:003,3,4996.0,4925,activities/067_260425073220.csv,1,1,0,0
fit:e47555f16f02711dc446d8bfb5ee6625d9c15688be7bc41a38dbac9a7bc8e103,2026-04-25T06:55:38+00:00,350,330,170,85,4.231,214.79999999999995,12,fit:e47555f16f02711dc446d8bfb5ee6625d9c15688be7bc41a38dbac9a7bc8e103:segment:003,3,4997.0,4926,activities/067_260425073220.csv,1,1,0,0
fit:e47555f16f02711dc446d8bfb5ee6625d9c15688be7bc41a38dbac9a7bc8e103,2026-04-25T06:55:39+00:00,351,266,170,87,4.372,215.79999999999995,12,fit:e47555f16f02711dc446d8bfb5ee6625d9c15688be7bc41a38dbac9a7bc8e103:segment:003,3,4998.0,4927,activities/067_260425073220.csv,1,1,0,0
fit:e47555f16f02711dc446d8bfb5ee6625d9c15688be7bc41a38dbac9a7bc8e103,2026-04-25T06:55:40+00:00,352,236,169,86,4.19,216.60000000000002,12,fit:e47555f16f02711dc446d8bfb5ee6625d9c15688be7bc41a38dbac9a7bc8e103:segment:003,3,4999.0,4928,activities/067_260425073220.csv,1,1,0,0
fit:e47555f16f02711dc446d8bfb5ee6625d9c15688be7bc41a38dbac9a7bc8e103,2026-04-25T06:55:41+00:00,353,314,169,85,4.199,217.0,12,fit:e47555f16f02711dc446d8bfb5ee6625d9c15688be7bc41a38dbac9a7bc8e103:segment:003,3,5000.0,4929,activities/067_260425073220.csv,1,1,0,0
fit:e47555f16f02711dc446d8bfb5ee6625d9c15688be7bc41a38dbac9a7bc8e103,2026-04-25T06:55:42+00:00,354,326,169,85,4.345,217.0,12,fit:e47555f16f02711dc446d8bfb5ee6625d9c15688be7bc41a38dbac9a7bc8e103:segment:003,3,5001.0,4930,activities/067_260425073220.csv,1,1,0,0
fit:e47555f16f02711dc446d8bfb5ee6625d9c15688be7bc41a38dbac9a7bc8e103,2026-04-25T06:55:43+00:00,355,267,169,86,4.22,217.0,12,fit:e47555f16f02711dc446d8bfb5ee6625d9c15688be7bc41a38dbac9a7bc8e103:segment:003,3,5002.0,4931,activities/067_260425073220.csv,1,1,0,0
fit:e47555f16f02711dc446d8bfb5ee6625d9c15688be7bc41a38dbac9a7bc8e103,2026-04-25T06:55:44+00:00,356,264,169,82,4.187,217.0,12,fit:e47555f16f02711dc446d8bfb5ee6625d9c15688be7bc41a38dbac9a7bc8e103:segment:003,3,5003.0,4932,activities/067_260425073220.csv,1,1,0,0
fit:e47555f16f02711dc446d8bfb5ee6625d9c15688be7bc41a38dbac9a7bc8e103,2026-04-25T06:55:45+00:00,357,303,169,81,4.033,217.0,12,fit:e47555f16f02711dc446d8bfb5ee6625d9c15688be7bc41a38dbac9a7bc8e103:segment:003,3,5004.0,4933,activities/067_260425073220.csv,1,1,0,0
fit:e47555f16f02711dc446d8bfb5ee6625d9c15688be7bc41a38dbac9a7bc8e103,2026-04-25T06:55:46+00:00,358,313,169,82,4.154,217.60000000000002,12,fit:e47555f16f02711dc446d8bfb5ee6625d9c15688be7bc41a38dbac9a7bc8e103:segment:003,3,5005.0,4934,activities/067_260425073220.csv,1,1,0,0
fit:e47555f16f02711dc446d8bfb5ee6625d9c15688be7bc41a38dbac9a7bc8e103,2026-04-25T06:55:47+00:00,359,283,169,83,3.906,218.60000000000002,12,fit:e47555f16f02711dc446d8bfb5ee6625d9c15688be7bc41a38dbac9a7bc8e103:segment:003,3,5006.0,4935,activities/067_260425073220.csv,1,1,0,0
fit:e47555f16f02711dc446d8bfb5ee6625d9c15688be7bc41a38dbac9a7bc8e103,2026-04-25T06:55:48+00:00,360,284,169,83,3.887,218.79999999999995,12,fit:e47555f16f02711dc446d8bfb5ee6625d9c15688be7bc41a38dbac9a7bc8e103:segment:003,3,5007.0,4936,activities/067_260425073220.csv,1,1,0,0
fit:e47555f16f02711dc446d8bfb5ee6625d9c15688be7bc41a38dbac9a7bc8e103,2026-04-25T06:55:49+00:00,361,335,169,83,4.108,219.60000000000002,12,fit:e47555f16f02711dc446d8bfb5ee6625d9c15688be7bc41a38dbac9a7bc8e103:segment:003,3,5008.0,4937,activities/067_260425073220.csv,1,1,0,0
fit:e47555f16f02711dc446d8bfb5ee6625d9c15688be7bc41a38dbac9a7bc8e103,2026-04-25T06:55:50+00:00,362,321,169,83,4.218,219.79999999999995,12,fit:e47555f16f02711dc446d8bfb5ee6625d9c15688be7bc41a38dbac9a7bc8e103:segment:003,3,5009.0,4938,activities/067_260425073220.csv,1,1,0,0
fit:e47555f16f02711dc446d8bfb5ee6625d9c15688be7bc41a38dbac9a7bc8e103,2026-04-25T06:55:51+00:00,363,321,169,83,4.356,219.79999999999995,12,fit:e47555f16f02711dc446d8bfb5ee6625d9c15688be7bc41a38dbac9a7bc8e103:segment:003,3,5010.0,4939,activities/067_260425073220.csv,1,1,0,0
fit:e47555f16f02711dc446d8bfb5ee6625d9c15688be7bc41a38dbac9a7bc8e103,2026-04-25T06:55:52+00:00,364,280,169,82,4.153,219.79999999999995,12,fit:e47555f16f02711dc446d8bfb5ee6625d9c15688be7bc41a38dbac9a7bc8e103:segment:003,3,5011.0,4940,activities/067_260425073220.csv,1,1,0,0
fit:e47555f16f02711dc446d8bfb5ee6625d9c15688be7bc41a38dbac9a7bc8e103,2026-04-25T06:55:53+00:00,365,284,168,80,4.104,219.79999999999995,12,fit:e47555f16f02711dc446d8bfb5ee6625d9c15688be7bc41a38dbac9a7bc8e103:segment:003,3,5012.0,4941,activities/067_260425073220.csv,1,1,0,0
fit:e47555f16f02711dc446d8bfb5ee6625d9c15688be7bc41a38dbac9a7bc8e103,2026-04-25T06:55:54+00:00,366,285,168,78,4.028,219.79999999999995,12,fit:e47555f16f02711dc446d8bfb5ee6625d9c15688be7bc41a38dbac9a7bc8e103:segment:003,3,5013.0,4942,activities/067_260425073220.csv,1,1,0,0
fit:e47555f16f02711dc446d8bfb5ee6625d9c15688be7bc41a38dbac9a7bc8e103,2026-04-25T06:55:55+00:00,367,333,168,76,3.86,220.79999999999995,12,fit:e47555f16f02711dc446d8bfb5ee6625d9c15688be7bc41a38dbac9a7bc8e103:segment:003,3,5014.0,4943,activities/067_260425073220.csv,1,1,0,0
fit:e47555f16f02711dc446d8bfb5ee6625d9c15688be7bc41a38dbac9a7bc8e103,2026-04-25T06:55:56+00:00,368,306,167,76,3.981,221.79999999999995,12,fit:e47555f16f02711dc446d8bfb5ee6625d9c15688be7bc41a38dbac9a7bc8e103:segment:003,3,5015.0,4944,activities/067_260425073220.csv,1,1,0,0
fit:e47555f16f02711dc446d8bfb5ee6625d9c15688be7bc41a38dbac9a7bc8e103,2026-04-25T06:55:57+00:00,369,295,168,77,4.128,222.60000000000002,12,fit:e47555f16f02711dc446d8bfb5ee6625d9c15688be7bc41a38dbac9a7bc8e103:segment:003,3,5016.0,4945,activities/067_260425073220.csv,1,1,0,0
fit:e47555f16f02711dc446d8bfb5ee6625d9c15688be7bc41a38dbac9a7bc8e103,2026-04-25T06:55:58+00:00,370,297,168,77,3.937,222.60000000000002,12,fit:e47555f16f02711dc446d8bfb5ee6625d9c15688be7bc41a38dbac9a7bc8e103:segment:003,3,5017.0,4946,activities/067_260425073220.csv,1,1,0,0
fit:e47555f16f02711dc446d8bfb5ee6625d9c15688be7bc41a38dbac9a7bc8e103,2026-04-25T06:55:59+00:00,371,291,168,77,3.888,222.60000000000002,12,fit:e47555f16f02711dc446d8bfb5ee6625d9c15688be7bc41a38dbac9a7bc8e103:segment:003,3,5018.0,4947,activities/067_260425073220.csv,1,1,0,0
fit:e47555f16f02711dc446d8bfb5ee6625d9c15688be7bc41a38dbac9a7bc8e103,2026-04-25T06:56:00+00:00,372,276,168,75,3.919,222.60000000000002,12,fit:e47555f16f02711dc446d8bfb5ee6625d9c15688be7bc41a38dbac9a7bc8e103:segment:003,3,5019.0,4948,activities/067_260425073220.csv,1,1,0,0
fit:e47555f16f02711dc446d8bfb5ee6625d9c15688be7bc41a38dbac9a7bc8e103,2026-04-25T06:56:01+00:00,373,337,169,75,3.94,223.60000000000002,12,fit:e47555f16f02711dc446d8bfb5ee6625d9c15688be7bc41a38dbac9a7bc8e103:segment:003,3,5020.0,4949,activities/067_260425073220.csv,1,1,0,0
fit:e47555f16f02711dc446d8bfb5ee6625d9c15688be7bc41a38dbac9a7bc8e103,2026-04-25T06:56:02+00:00,374,274,169,77,3.981,224.20000000000005,12,fit:e47555f16f02711dc446d8bfb5ee6625d9c15688be7bc41a38dbac9a7bc8e103:segment:003,3,5021.0,4950,activities/067_260425073220.csv,1,1,0,0
fit:e47555f16f02711dc446d8bfb5ee6625d9c15688be7bc41a38dbac9a7bc8e103,2026-04-25T06:56:03+00:00,375,274,168,77,4.103,224.39999999999998,12,fit:e47555f16f02711dc446d8bfb5ee6625d9c15688be7bc41a38dbac9a7bc8e103:segment:003,3,5022.0,4951,activities/067_260425073220.csv,1,1,0,0
fit:e47555f16f02711dc446d8bfb5ee6625d9c15688be7bc41a38dbac9a7bc8e103,2026-04-25T06:56:04+00:00,376,295,168,76,4.09,224.39999999999998,12,fit:e47555f16f02711dc446d8bfb5ee6625d9c15688be7bc41a38dbac9a7bc8e103:segment:003,3,5023.0,4952,activities/067_260425073220.csv,1,1,0,0
fit:e47555f16f02711dc446d8bfb5ee6625d9c15688be7bc41a38dbac9a7bc8e103,2026-04-25T06:56:05+00:00,377,309,168,77,4.023,224.39999999999998,12,fit:e47555f16f02711dc446d8bfb5ee6625d9c15688be7bc41a38dbac9a7bc8e103:segment:003,3,5024.0,4953,activities/067_260425073220.csv,1,1,0,0
fit:e47555f16f02711dc446d8bfb5ee6625d9c15688be7bc41a38dbac9a7bc8e103,2026-04-25T06:56:06+00:00,378,319,168,79,4.019,224.39999999999998,12,fit:e47555f16f02711dc446d8bfb5ee6625d9c15688be7bc41a38dbac9a7bc8e103:segment:003,3,5025.0,4954,activities/067_260425073220.csv,1,1,0,0
fit:e47555f16f02711dc446d8bfb5ee6625d9c15688be7bc41a38dbac9a7bc8e103,2026-04-25T06:56:07+00:00,379,289,168,79,4.001,224.39999999999998,12,fit:e47555f16f02711dc446d8bfb5ee6625d9c15688be7bc41a38dbac9a7bc8e103:segment:003,3,5026.0,4955,activities/067_260425073220.csv,1,1,0,0
fit:e47555f16f02711dc446d8bfb5ee6625d9c15688be7bc41a38dbac9a7bc8e103,2026-04-25T06:56:08+00:00,380,282,168,81,4.179,224.79999999999995,12,fit:e47555f16f02711dc446d8bfb5ee6625d9c15688be7bc41a38dbac9a7bc8e103:segment:003,3,5027.0,4956,activities/067_260425073220.csv,1,1,0,0
fit:e47555f16f02711dc446d8bfb5ee6625d9c15688be7bc41a38dbac9a7bc8e103,2026-04-25T06:56:09+00:00,381,250,168,82,4.277,225.79999999999995,12,fit:e47555f16f02711dc446d8bfb5ee6625d9c15688be7bc41a38dbac9a7bc8e103:segment:003,3,5028.0,4957,activities/067_260425073220.csv,1,1,0,0
fit:e47555f16f02711dc446d8bfb5ee6625d9c15688be7bc41a38dbac9a7bc8e103,2026-04-25T06:56:10+00:00,382,249,168,81,4.289,225.79999999999995,12,fit:e47555f16f02711dc446d8bfb5ee6625d9c15688be7bc41a38dbac9a7bc8e103:segment:003,3,5029.0,4958,activities/067_260425073220.csv,1,1,0,0
fit:e47555f16f02711dc446d8bfb5ee6625d9c15688be7bc41a38dbac9a7bc8e103,2026-04-25T06:56:11+00:00,383,289,168,82,4.283,225.79999999999995,12,fit:e47555f16f02711dc446d8bfb5ee6625d9c15688be7bc41a38dbac9a7bc8e103:segment:003,3,5030.0,4959,activities/067_260425073220.csv,1,1,0,0
fit:e47555f16f02711dc446d8bfb5ee6625d9c15688be7bc41a38dbac9a7bc8e103,2026-04-25T06:56:12+00:00,384,268,168,82,4.279,225.79999999999995,12,fit:e47555f16f02711dc446d8bfb5ee6625d9c15688be7bc41a38dbac9a7bc8e103:segment:003,3,5031.0,4960,activities/067_260425073220.csv,1,1,0,0
fit:e47555f16f02711dc446d8bfb5ee6625d9c15688be7bc41a38dbac9a7bc8e103,2026-04-25T06:56:13+00:00,385,268,168,82,4.327,225.79999999999995,12,fit:e47555f16f02711dc446d8bfb5ee6625d9c15688be7bc41a38dbac9a7bc8e103:segment:003,3,5032.0,4961,activities/067_260425073220.csv,1,1,0,0
fit:e47555f16f02711dc446d8bfb5ee6625d9c15688be7bc41a38dbac9a7bc8e103,2026-04-25T06:56:14+00:00,386,319,168,84,4.33,226.79999999999995,12,fit:e47555f16f02711dc446d8bfb5ee6625d9c15688be7bc41a38dbac9a7bc8e103:segment:003,3,5033.0,4962,activities/067_260425073220.csv,1,1,0,0
fit:e47555f16f02711dc446d8bfb5ee6625d9c15688be7bc41a38dbac9a7bc8e103,2026-04-25T06:56:15+00:00,387,357,168,77,4.355,226.79999999999995,12,fit:e47555f16f02711dc446d8bfb5ee6625d9c15688be7bc41a38dbac9a7bc8e103:segment:003,3,5034.0,4963,activities/067_260425073220.csv,1,1,0,0
fit:e47555f16f02711dc446d8bfb5ee6625d9c15688be7bc41a38dbac9a7bc8e103,2026-04-25T06:56:16+00:00,388,332,167,78,4.605,226.79999999999995,12,fit:e47555f16f02711dc446d8bfb5ee6625d9c15688be7bc41a38dbac9a7bc8e103:segment:003,3,5035.0,4964,activities/067_260425073220.csv,1,1,0,0
fit:e47555f16f02711dc446d8bfb5ee6625d9c15688be7bc41a38dbac9a7bc8e103,2026-04-25T06:56:17+00:00,389,288,167,79,4.657,226.79999999999995,12,fit:e47555f16f02711dc446d8bfb5ee6625d9c15688be7bc41a38dbac9a7bc8e103:segment:003,3,5036.0,4965,activities/067_260425073220.csv,1,1,0,0
fit:e47555f16f02711dc446d8bfb5ee6625d9c15688be7bc41a38dbac9a7bc8e103,2026-04-25T06:56:18+00:00,390,289,167,79,4.638,227.79999999999995,12,fit:e47555f16f02711dc446d8bfb5ee6625d9c15688be7bc41a38dbac9a7bc8e103:segment:003,3,5037.0,4966,activities/067_260425073220.csv,1,1,0,0
fit:e47555f16f02711dc446d8bfb5ee6625d9c15688be7bc41a38dbac9a7bc8e103,2026-04-25T06:56:19+00:00,391,266,167,77,4.642,228.60000000000002,12,fit:e47555f16f02711dc446d8bfb5ee6625d9c15688be7bc41a38dbac9a7bc8e103:segment:003,3,5038.0,4967,activities/067_260425073220.csv,1,1,0,0
fit:e47555f16f02711dc446d8bfb5ee6625d9c15688be7bc41a38dbac9a7bc8e103,2026-04-25T06:56:20+00:00,392,301,167,76,4.673,228.60000000000002,12,fit:e47555f16f02711dc446d8bfb5ee6625d9c15688be7bc41a38dbac9a7bc8e103:segment:003,3,5039.0,4968,activities/067_260425073220.csv,1,1,0,0
fit:e47555f16f02711dc446d8bfb5ee6625d9c15688be7bc41a38dbac9a7bc8e103,2026-04-25T06:56:21+00:00,393,300,167,77,4.615,228.60000000000002,12,fit:e47555f16f02711dc446d8bfb5ee6625d9c15688be7bc41a38dbac9a7bc8e103:segment:003,3,5040.0,4969,activities/067_260425073220.csv,1,1,0,0
fit:e47555f16f02711dc446d8bfb5ee6625d9c15688be7bc41a38dbac9a7bc8e103,2026-04-25T06:56:22+00:00,394,302,167,77,4.514,228.60000000000002,12,fit:e47555f16f02711dc446d8bfb5ee6625d9c15688be7bc41a38dbac9a7bc8e103:segment:003,3,5041.0,4970,activities/067_260425073220.csv,1,1,0,0
fit:e47555f16f02711dc446d8bfb5ee6625d9c15688be7bc41a38dbac9a7bc8e103,2026-04-25T06:56:23+00:00,395,315,168,77,4.475,229.60000000000002,12,fit:e47555f16f02711dc446d8bfb5ee6625d9c15688be7bc41a38dbac9a7bc8e103:segment:003,3,5042.0,4971,activities/067_260425073220.csv,1,1,0,0
fit:e47555f16f02711dc446d8bfb5ee6625d9c15688be7bc41a38dbac9a7bc8e103,2026-04-25T06:56:24+00:00,396,311,168,77,4.454,229.60000000000002,12,fit:e47555f16f02711dc446d8bfb5ee6625d9c15688be7bc41a38dbac9a7bc8e103:segment:003,3,5043.0,4972,activities/067_260425073220.csv,1,1,0,0
fit:e47555f16f02711dc446d8bfb5ee6625d9c15688be7bc41a38dbac9a7bc8e103,2026-04-25T06:56:25+00:00,397,315,167,77,4.484,229.60000000000002,12,fit:e47555f16f02711dc446d8bfb5ee6625d9c15688be7bc41a38dbac9a7bc8e103:segment:003,3,5044.0,4973,activities/067_260425073220.csv,1,1,0,0
fit:e47555f16f02711dc446d8bfb5ee6625d9c15688be7bc41a38dbac9a7bc8e103,2026-04-25T06:56:26+00:00,398,142,167,83,4.572,229.60000000000002,12,fit:e47555f16f02711dc446d8bfb5ee6625d9c15688be7bc41a38dbac9a7bc8e103:segment:003,3,5045.0,4974,activities/067_260425073220.csv,1,1,0,0
fit:e47555f16f02711dc446d8bfb5ee6625d9c15688be7bc41a38dbac9a7bc8e103,2026-04-25T06:56:27+00:00,399,142,167,83,4.578,229.60000000000002,12,fit:e47555f16f02711dc446d8bfb5ee6625d9c15688be7bc41a38dbac9a7bc8e103:segment:003,3,5046.0,4975,activities/067_260425073220.csv,1,1,0,0
fit:e47555f16f02711dc446d8bfb5ee6625d9c15688be7bc41a38dbac9a7bc8e103,2026-04-25T06:56:28+00:00,400,261,167,87,4.547,229.60000000000002,12,fit:e47555f16f02711dc446d8bfb5ee6625d9c15688be7bc41a38dbac9a7bc8e103:segment:003,3,5047.0,4976,activities/067_260425073220.csv,1,1,0,0
fit:e47555f16f02711dc446d8bfb5ee6625d9c15688be7bc41a38dbac9a7bc8e103,2026-04-25T06:56:29+00:00,401,326,167,87,4.612,229.60000000000002,12,fit:e47555f16f02711dc446d8bfb5ee6625d9c15688be7bc41a38dbac9a7bc8e103:segment:003,3,5048.0,4977,activities/067_260425073220.csv,1,1,0,0
fit:e47555f16f02711dc446d8bfb5ee6625d9c15688be7bc41a38dbac9a7bc8e103,2026-04-25T06:56:30+00:00,402,322,167,87,4.56,230.60000000000002,12,fit:e47555f16f02711dc446d8bfb5ee6625d9c15688be7bc41a38dbac9a7bc8e103:segment:003,3,5049.0,4978,activities/067_260425073220.csv,1,1,0,0
fit:e47555f16f02711dc446d8bfb5ee6625d9c15688be7bc41a38dbac9a7bc8e103,2026-04-25T06:56:31+00:00,403,297,168,87,4.511,231.60000000000002,12,fit:e47555f16f02711dc446d8bfb5ee6625d9c15688be7bc41a38dbac9a7bc8e103:segment:003,3,5050.0,4979,activities/067_260425073220.csv,1,1,0,0
fit:e47555f16f02711dc446d8bfb5ee6625d9c15688be7bc41a38dbac9a7bc8e103,2026-04-25T06:56:32+00:00,404,297,168,87,4.567,231.60000000000002,12,fit:e47555f16f02711dc446d8bfb5ee6625d9c15688be7bc41a38dbac9a7bc8e103:segment:003,3,5051.0,4980,activities/067_260425073220.csv,1,1,0,0
fit:e47555f16f02711dc446d8bfb5ee6625d9c15688be7bc41a38dbac9a7bc8e103,2026-04-25T06:56:33+00:00,405,305,168,88,4.541,231.60000000000002,12,fit:e47555f16f02711dc446d8bfb5ee6625d9c15688be7bc41a38dbac9a7bc8e103:segment:003,3,5052.0,4981,activities/067_260425073220.csv,1,1,0,0
fit:e47555f16f02711dc446d8bfb5ee6625d9c15688be7bc41a38dbac9a7bc8e103,2026-04-25T06:56:34+00:00,406,345,168,89,4.529,231.60000000000002,12,fit:e47555f16f02711dc446d8bfb5ee6625d9c15688be7bc41a38dbac9a7bc8e103:segment:003,3,5053.0,4982,activities/067_260425073220.csv,1,1,0,0
fit:e47555f16f02711dc446d8bfb5ee6625d9c15688be7bc41a38dbac9a7bc8e103,2026-04-25T06:56:35+00:00,407,275,168,89,4.493,232.60000000000002,12,fit:e47555f16f02711dc446d8bfb5ee6625d9c15688be7bc41a38dbac9a7bc8e103:segment:003,3,5054.0,4983,activities/067_260425073220.csv,1,1,0,0
fit:e47555f16f02711dc446d8bfb5ee6625d9c15688be7bc41a38dbac9a7bc8e103,2026-04-25T06:56:36+00:00,408,275,168,89,4.493,233.0,12,fit:e47555f16f02711dc446d8bfb5ee6625d9c15688be7bc41a38dbac9a7bc8e103:segment:003,3,5055.0,4984,activities/067_260425073220.csv,1,1,0,0
fit:e47555f16f02711dc446d8bfb5ee6625d9c15688be7bc41a38dbac9a7bc8e103,2026-04-25T06:56:37+00:00,409,189,168,79,4.476,234.0,12,fit:e47555f16f02711dc446d8bfb5ee6625d9c15688be7bc41a38dbac9a7bc8e103:segment:003,3,5056.0,4985,activities/067_260425073220.csv,1,1,0,0
fit:e47555f16f02711dc446d8bfb5ee6625d9c15688be7bc41a38dbac9a7bc8e103,2026-04-25T06:56:38+00:00,410,393,168,78,4.522,234.20000000000005,12,fit:e47555f16f02711dc446d8bfb5ee6625d9c15688be7bc41a38dbac9a7bc8e103:segment:003,3,5057.0,4986,activities/067_260425073220.csv,1,1,0,0
fit:e47555f16f02711dc446d8bfb5ee6625d9c15688be7bc41a38dbac9a7bc8e103,2026-04-25T06:56:39+00:00,411,373,168,79,4.466,234.20000000000005,12,fit:e47555f16f02711dc446d8bfb5ee6625d9c15688be7bc41a38dbac9a7bc8e103:segment:003,3,5058.0,4987,activities/067_260425073220.csv,1,1,0,0
fit:e47555f16f02711dc446d8bfb5ee6625d9c15688be7bc41a38dbac9a7bc8e103,2026-04-25T06:56:40+00:00,412,308,168,77,4.577,235.0,12,fit:e47555f16f02711dc446d8bfb5ee6625d9c15688be7bc41a38dbac9a7bc8e103:segment:003,3,5059.0,4988,activities/067_260425073220.csv,1,1,0,0
fit:e47555f16f02711dc446d8bfb5ee6625d9c15688be7bc41a38dbac9a7bc8e103,2026-04-25T06:56:41+00:00,413,342,168,75,4.524,235.60000000000002,11,fit:e47555f16f02711dc446d8bfb5ee6625d9c15688be7bc41a38dbac9a7bc8e103:segment:003,3,5060.0,4989,activities/067_260425073220.csv,1,1,0,0
fit:e47555f16f02711dc446d8bfb5ee6625d9c15688be7bc41a38dbac9a7bc8e103,2026-04-25T06:56:42+00:00,414,339,169,75,4.458,235.79999999999995,11,fit:e47555f16f02711dc446d8bfb5ee6625d9c15688be7bc41a38dbac9a7bc8e103:segment:003,3,5061.0,4990,activities/067_260425073220.csv,1,1,0,0
fit:e47555f16f02711dc446d8bfb5ee6625d9c15688be7bc41a38dbac9a7bc8e103,2026-04-25T06:56:43+00:00,415,308,169,75,4.491,236.79999999999995,11,fit:e47555f16f02711dc446d8bfb5ee6625d9c15688be7bc41a38dbac9a7bc8e103:segment:003,3,5062.0,4991,activities/067_260425073220.csv,1,1,0,0
fit:e47555f16f02711dc446d8bfb5ee6625d9c15688be7bc41a38dbac9a7bc8e103,2026-04-25T06:56:44+00:00,416,355,169,76,4.557,236.79999999999995,11,fit:e47555f16f02711dc446d8bfb5ee6625d9c15688be7bc41a38dbac9a7bc8e103:segment:003,3,5063.0,4992,activities/067_260425073220.csv,1,1,0,0
fit:e47555f16f02711dc446d8bfb5ee6625d9c15688be7bc41a38dbac9a7bc8e103,2026-04-25T06:56:45+00:00,417,305,169,75,4.659,236.79999999999995,11,fit:e47555f16f02711dc446d8bfb5ee6625d9c15688be7bc41a38dbac9a7bc8e103:segment:003,3,5064.0,4993,activities/067_260425073220.csv,1,1,0,0
fit:e47555f16f02711dc446d8bfb5ee6625d9c15688be7bc41a38dbac9a7bc8e103,2026-04-25T06:56:46+00:00,418,290,169,75,4.539,236.79999999999995,11,fit:e47555f16f02711dc446d8bfb5ee6625d9c15688be7bc41a38dbac9a7bc8e103:segment:003,3,5065.0,4994,activities/067_260425073220.csv,1,1,0,0
fit:e47555f16f02711dc446d8bfb5ee6625d9c15688be7bc41a38dbac9a7bc8e103,2026-04-25T06:56:47+00:00,419,341,169,74,4.438,236.79999999999995,11,fit:e47555f16f02711dc446d8bfb5ee6625d9c15688be7bc41a38dbac9a7bc8e103:segment:003,3,5066.0,4995,activities/067_260425073220.csv,1,1,0,0
fit:e47555f16f02711dc446d8bfb5ee6625d9c15688be7bc41a38dbac9a7bc8e103,2026-04-25T06:56:48+00:00,420,342,169,74,4.551,237.60000000000002,11,fit:e47555f16f02711dc446d8bfb5ee6625d9c15688be7bc41a38dbac9a7bc8e103:segment:003,3,5067.0,4996,activities/067_260425073220.csv,1,1,0,0
fit:e47555f16f02711dc446d8bfb5ee6625d9c15688be7bc41a38dbac9a7bc8e103,2026-04-25T06:56:49+00:00,421,299,169,72,4.536,238.20000000000005,11,fit:e47555f16f02711dc446d8bfb5ee6625d9c15688be7bc41a38dbac9a7bc8e103:segment:003,3,5068.0,4997,activities/067_260425073220.csv,1,1,0,0
fit:e47555f16f02711dc446d8bfb5ee6625d9c15688be7bc41a38dbac9a7bc8e103,2026-04-25T06:56:50+00:00,422,316,169,71,4.398,238.20000000000005,11,fit:e47555f16f02711dc446d8bfb5ee6625d9c15688be7bc41a38dbac9a7bc8e103:segment:003,3,5069.0,4998,activities/067_260425073220.csv,1,1,0,0
fit:e47555f16f02711dc446d8bfb5ee6625d9c15688be7bc41a38dbac9a7bc8e103,2026-04-25T06:56:51+00:00,423,283,169,79,4.374,238.20000000000005,11,fit:e47555f16f02711dc446d8bfb5ee6625d9c15688be7bc41a38dbac9a7bc8e103:segment:003,3,5070.0,4999,activities/067_260425073220.csv,1,1,0,0
fit:e47555f16f02711dc446d8bfb5ee6625d9c15688be7bc41a38dbac9a7bc8e103,2026-04-25T06:56:52+00:00,424,299,169,79,4.234,238.20000000000005,11,fit:e47555f16f02711dc446d8bfb5ee6625d9c15688be7bc41a38dbac9a7bc8e103:segment:003,3,5071.0,5000,activities/067_260425073220.csv,1,1,0,0
fit:e47555f16f02711dc446d8bfb5ee6625d9c15688be7bc41a38dbac9a7bc8e103,2026-04-25T06:56:53+00:00,425,313,169,79,4.2,238.79999999999995,11,fit:e47555f16f02711dc446d8bfb5ee6625d9c15688be7bc41a38dbac9a7bc8e103:segment:003,3,5072.0,5001,activities/067_260425073220.csv,1,1,0,0
fit:e47555f16f02711dc446d8bfb5ee6625d9c15688be7bc41a38dbac9a7bc8e103,2026-04-25T06:56:54+00:00,426,304,169,79,4.094,239.79999999999995,11,fit:e47555f16f02711dc446d8bfb5ee6625d9c15688be7bc41a38dbac9a7bc8e103:segment:003,3,5073.0,5002,activities/067_260425073220.csv,1,1,0,0
fit:e47555f16f02711dc446d8bfb5ee6625d9c15688be7bc41a38dbac9a7bc8e103,2026-04-25T06:56:55+00:00,427,328,169,80,4.027,239.79999999999995,11,fit:e47555f16f02711dc446d8bfb5ee6625d9c15688be7bc41a38dbac9a7bc8e103:segment:003,3,5074.0,5003,activities/067_260425073220.csv,1,1,0,0
fit:e47555f16f02711dc446d8bfb5ee6625d9c15688be7bc41a38dbac9a7bc8e103,2026-04-25T06:56:56+00:00,428,320,169,80,4.126,239.79999999999995,11,fit:e47555f16f02711dc446d8bfb5ee6625d9c15688be7bc41a38dbac9a7bc8e103:segment:003,3,5075.0,5004,activities/067_260425073220.csv,1,1,0,0
fit:e47555f16f02711dc446d8bfb5ee6625d9c15688be7bc41a38dbac9a7bc8e103,2026-04-25T06:56:57+00:00,429,342,169,81,4.162,239.79999999999995,11,fit:e47555f16f02711dc446d8bfb5ee6625d9c15688be7bc41a38dbac9a7bc8e103:segment:003,3,5076.0,5005,activities/067_260425073220.csv,1,1,0,0
fit:e47555f16f02711dc446d8bfb5ee6625d9c15688be7bc41a38dbac9a7bc8e103,2026-04-25T06:56:58+00:00,430,335,169,82,4.206,240.79999999999995,11,fit:e47555f16f02711dc446d8bfb5ee6625d9c15688be7bc41a38dbac9a7bc8e103:segment:003,3,5077.0,5006,activities/067_260425073220.csv,1,1,0,0
fit:e47555f16f02711dc446d8bfb5ee6625d9c15688be7bc41a38dbac9a7bc8e103,2026-04-25T06:56:59+00:00,431,338,169,84,4.182,241.0,11,fit:e47555f16f02711dc446d8bfb5ee6625d9c15688be7bc41a38dbac9a7bc8e103:segment:003,3,5078.0,5007,activities/067_260425073220.csv,1,1,0,0
fit:e47555f16f02711dc446d8bfb5ee6625d9c15688be7bc41a38dbac9a7bc8e103,2026-04-25T06:57:00+00:00,432,323,169,85,4.333,241.39999999999998,11,fit:e47555f16f02711dc446d8bfb5ee6625d9c15688be7bc41a38dbac9a7bc8e103:segment:003,3,5079.0,5008,activities/067_260425073220.csv,1,1,0,0
fit:e47555f16f02711dc446d8bfb5ee6625d9c15688be7bc41a38dbac9a7bc8e103,2026-04-25T06:57:01+00:00,433,297,169,85,4.351,241.39999999999998,11,fit:e47555f16f02711dc446d8bfb5ee6625d9c15688be7bc41a38dbac9a7bc8e103:segment:003,3,5080.0,5009,activities/067_260425073220.csv,1,1,0,0
fit:e47555f16f02711dc446d8bfb5ee6625d9c15688be7bc41a38dbac9a7bc8e103,2026-04-25T06:57:02+00:00,434,275,170,83,4.327,241.39999999999998,11,fit:e47555f16f02711dc446d8bfb5ee6625d9c15688be7bc41a38dbac9a7bc8e103:segment:003,3,5081.0,5010,activities/067_260425073220.csv,1,1,0,0
fit:e47555f16f02711dc446d8bfb5ee6625d9c15688be7bc41a38dbac9a7bc8e103,2026-04-25T06:57:03+00:00,435,302,170,83,4.155,241.39999999999998,11,fit:e47555f16f02711dc446d8bfb5ee6625d9c15688be7bc41a38dbac9a7bc8e103:segment:003,3,5082.0,5011,activities/067_260425073220.csv,1,1,0,0
fit:e47555f16f02711dc446d8bfb5ee6625d9c15688be7bc41a38dbac9a7bc8e103,2026-04-25T06:57:04+00:00,436,324,171,82,4.121,242.20000000000005,11,fit:e47555f16f02711dc446d8bfb5ee6625d9c15688be7bc41a38dbac9a7bc8e103:segment:003,3,5083.0,5012,activities/067_260425073220.csv,1,1,0,0
fit:e47555f16f02711dc446d8bfb5ee6625d9c15688be7bc41a38dbac9a7bc8e103,2026-04-25T06:57:05+00:00,437,307,171,83,4.163,242.60000000000002,11,fit:e47555f16f02711dc446d8bfb5ee6625d9c15688be7bc41a38dbac9a7bc8e103:segment:003,3,5084.0,5013,activities/067_260425073220.csv,1,1,0,0
fit:e47555f16f02711dc446d8bfb5ee6625d9c15688be7bc41a38dbac9a7bc8e103,2026-04-25T06:57:06+00:00,438,308,171,83,4.259,243.39999999999998,11,fit:e47555f16f02711dc446d8bfb5ee6625d9c15688be7bc41a38dbac9a7bc8e103:segment:003,3,5085.0,5014,activities/067_260425073220.csv,1,1,0,0
fit:e47555f16f02711dc446d8bfb5ee6625d9c15688be7bc41a38dbac9a7bc8e103,2026-04-25T06:57:07+00:00,439,313,171,84,4.205,243.39999999999998,11,fit:e47555f16f02711dc446d8bfb5ee6625d9c15688be7bc41a38dbac9a7bc8e103:segment:003,3,5086.0,5015,activities/067_260425073220.csv,1,1,0,0
fit:e47555f16f02711dc446d8bfb5ee6625d9c15688be7bc41a38dbac9a7bc8e103,2026-04-25T06:57:08+00:00,440,299,171,84,4.283,243.39999999999998,11,fit:e47555f16f02711dc446d8bfb5ee6625d9c15688be7bc41a38dbac9a7bc8e103:segment:003,3,5087.0,5016,activities/067_260425073220.csv,1,1,0,0
fit:e47555f16f02711dc446d8bfb5ee6625d9c15688be7bc41a38dbac9a7bc8e103,2026-04-25T06:57:09+00:00,441,318,171,84,4.34,243.39999999999998,11,fit:e47555f16f02711dc446d8bfb5ee6625d9c15688be7bc41a38dbac9a7bc8e103:segment:003,3,5088.0,5017,activities/067_260425073220.csv,1,1,0,0
fit:e47555f16f02711dc446d8bfb5ee6625d9c15688be7bc41a38dbac9a7bc8e103,2026-04-25T06:57:10+00:00,442,300,171,83,4.357,243.39999999999998,11,fit:e47555f16f02711dc446d8bfb5ee6625d9c15688be7bc41a38dbac9a7bc8e103:segment:003,3,5089.0,5018,activities/067_260425073220.csv,1,1,0,0
fit:e47555f16f02711dc446d8bfb5ee6625d9c15688be7bc41a38dbac9a7bc8e103,2026-04-25T06:57:11+00:00,443,301,172,82,4.357,243.39999999999998,11,fit:e47555f16f02711dc446d8bfb5ee6625d9c15688be7bc41a38dbac9a7bc8e103:segment:003,3,5090.0,5019,activities/067_260425073220.csv,1,1,0,0
fit:e47555f16f02711dc446d8bfb5ee6625d9c15688be7bc41a38dbac9a7bc8e103,2026-04-25T06:57:12+00:00,444,301,172,82,4.353,243.39999999999998,11,fit:e47555f16f02711dc446d8bfb5ee6625d9c15688be7bc41a38dbac9a7bc8e103:segment:003,3,5091.0,5020,activities/067_260425073220.csv,1,1,0,0
fit:e47555f16f02711dc446d8bfb5ee6625d9c15688be7bc41a38dbac9a7bc8e103,2026-04-25T06:57:13+00:00,445,310,172,81,4.318,244.39999999999998,11,fit:e47555f16f02711dc446d8bfb5ee6625d9c15688be7bc41a38dbac9a7bc8e103:segment:003,3,5092.0,5021,activities/067_260425073220.csv,1,1,0,0
fit:e47555f16f02711dc446d8bfb5ee6625d9c15688be7bc41a38dbac9a7bc8e103,2026-04-25T06:57:14+00:00,446,283,172,81,4.352,245.20000000000005,11,fit:e47555f16f02711dc446d8bfb5ee6625d9c15688be7bc41a38dbac9a7bc8e103:segment:003,3,5093.0,5022,activities/067_260425073220.csv,1,1,0,0
fit:e47555f16f02711dc446d8bfb5ee6625d9c15688be7bc41a38dbac9a7bc8e103,2026-04-25T06:57:15+00:00,447,283,171,81,4.358,245.79999999999995,11,fit:e47555f16f02711dc446d8bfb5ee6625d9c15688be7bc41a38dbac9a7bc8e103:segment:003,3,5094.0,5023,activities/067_260425073220.csv,1,1,0,0
fit:e47555f16f02711dc446d8bfb5ee6625d9c15688be7bc41a38dbac9a7bc8e103,2026-04-25T06:57:16+00:00,448,306,171,79,4.172,246.0,11,fit:e47555f16f02711dc446d8bfb5ee6625d9c15688be7bc41a38dbac9a7bc8e103:segment:003,3,5095.0,5024,activities/067_260425073220.csv,1,1,0,0
fit:e47555f16f02711dc446d8bfb5ee6625d9c15688be7bc41a38dbac9a7bc8e103,2026-04-25T06:57:17+00:00,449,346,171,80,4.09,246.20000000000005,11,fit:e47555f16f02711dc446d8bfb5ee6625d9c15688be7bc41a38dbac9a7bc8e103:segment:003,3,5096.0,5025,activities/067_260425073220.csv,1,1,0,0
fit:e47555f16f02711dc446d8bfb5ee6625d9c15688be7bc41a38dbac9a7bc8e103,2026-04-25T06:57:18+00:00,450,329,171,80,4.211,247.0,11,fit:e47555f16f02711dc446d8bfb5ee6625d9c15688be7bc41a38dbac9a7bc8e103:segment:003,3,5097.0,5026,activities/067_260425073220.csv,1,1,0,0
fit:e47555f16f02711dc446d8bfb5ee6625d9c15688be7bc41a38dbac9a7bc8e103,2026-04-25T06:57:19+00:00,451,315,171,81,4.155,247.0,11,fit:e47555f16f02711dc446d8bfb5ee6625d9c15688be7bc41a38dbac9a7bc8e103:segment:003,3,5098.0,5027,activities/067_260425073220.csv,1,1,0,0
fit:e47555f16f02711dc446d8bfb5ee6625d9c15688be7bc41a38dbac9a7bc8e103,2026-04-25T06:57:20+00:00,452,271,171,81,4.2,247.0,11,fit:e47555f16f02711dc446d8bfb5ee6625d9c15688be7bc41a38dbac9a7bc8e103:segment:003,3,5099.0,5028,activities/067_260425073220.csv,1,1,0,0
fit:e47555f16f02711dc446d8bfb5ee6625d9c15688be7bc41a38dbac9a7bc8e103,2026-04-25T06:57:21+00:00,453,285,171,80,4.213,247.0,11,fit:e47555f16f02711dc446d8bfb5ee6625d9c15688be7bc41a38dbac9a7bc8e103:segment:003,3,5100.0,5029,activities/067_260425073220.csv,1,1,0,0
fit:e47555f16f02711dc446d8bfb5ee6625d9c15688be7bc41a38dbac9a7bc8e103,2026-04-25T06:57:22+00:00,454,283,170,79,4.198,247.0,11,fit:e47555f16f02711dc446d8bfb5ee6625d9c15688be7bc41a38dbac9a7bc8e103:segment:003,3,5101.0,5030,activities/067_260425073220.csv,1,1,0,0
fit:e47555f16f02711dc446d8bfb5ee6625d9c15688be7bc41a38dbac9a7bc8e103,2026-04-25T06:57:23+00:00,455,283,169,79,4.202,248.0,11,fit:e47555f16f02711dc446d8bfb5ee6625d9c15688be7bc41a38dbac9a7bc8e103:segment:003,3,5102.0,5031,activities/067_260425073220.csv,1,1,0,0
fit:e47555f16f02711dc446d8bfb5ee6625d9c15688be7bc41a38dbac9a7bc8e103,2026-04-25T06:57:24+00:00,456,329,169,80,4.131,248.60000000000002,11,fit:e47555f16f02711dc446d8bfb5ee6625d9c15688be7bc41a38dbac9a7bc8e103:segment:003,3,5103.0,5032,activities/067_260425073220.csv,1,1,0,0
fit:e47555f16f02711dc446d8bfb5ee6625d9c15688be7bc41a38dbac9a7bc8e103,2026-04-25T06:57:25+00:00,457,166,169,77,4.247,249.0,11,fit:e47555f16f02711dc446d8bfb5ee6625d9c15688be7bc41a38dbac9a7bc8e103:segment:003,3,5104.0,5033,activities/067_260425073220.csv,1,1,0,0
fit:e47555f16f02711dc446d8bfb5ee6625d9c15688be7bc41a38dbac9a7bc8e103,2026-04-25T06:57:26+00:00,458,368,168,73,4.242,249.39999999999998,11,fit:e47555f16f02711dc446d8bfb5ee6625d9c15688be7bc41a38dbac9a7bc8e103:segment:003,3,5105.0,5034,activities/067_260425073220.csv,1,1,0,0
fit:e47555f16f02711dc446d8bfb5ee6625d9c15688be7bc41a38dbac9a7bc8e103,2026-04-25T06:57:27+00:00,459,334,168,74,4.319,250.0,11,fit:e47555f16f02711dc446d8bfb5ee6625d9c15688be7bc41a38dbac9a7bc8e103:segment:003,3,5106.0,5035,activities/067_260425073220.csv,1,1,0,0
fit:e47555f16f02711dc446d8bfb5ee6625d9c15688be7bc41a38dbac9a7bc8e103,2026-04-25T06:57:28+00:00,460,329,168,75,4.29,250.0,11,fit:e47555f16f02711dc446d8bfb5ee6625d9c15688be7bc41a38dbac9a7bc8e103:segment:003,3,5107.0,5036,activities/067_260425073220.csv,1,1,0,0
fit:e47555f16f02711dc446d8bfb5ee6625d9c15688be7bc41a38dbac9a7bc8e103,2026-04-25T06:57:29+00:00,461,292,168,74,4.403,250.0,11,fit:e47555f16f02711dc446d8bfb5ee6625d9c15688be7bc41a38dbac9a7bc8e103:segment:003,3,5108.0,5037,activities/067_260425073220.csv,1,1,0,0
fit:e47555f16f02711dc446d8bfb5ee6625d9c15688be7bc41a38dbac9a7bc8e103,2026-04-25T06:57:30+00:00,462,311,168,73,4.368,250.0,11,fit:e47555f16f02711dc446d8bfb5ee6625d9c15688be7bc41a38dbac9a7bc8e103:segment:003,3,5109.0,5038,activities/067_260425073220.csv,1,1,0,0
fit:e47555f16f02711dc446d8bfb5ee6625d9c15688be7bc41a38dbac9a7bc8e103,2026-04-25T06:57:31+00:00,463,235,168,79,4.376,250.0,11,fit:e47555f16f02711dc446d8bfb5ee6625d9c15688be7bc41a38dbac9a7bc8e103:segment:003,3,5110.0,5039,activities/067_260425073220.csv,1,1,0,0
fit:e47555f16f02711dc446d8bfb5ee6625d9c15688be7bc41a38dbac9a7bc8e103,2026-04-25T06:57:32+00:00,464,303,168,80,4.251,251.0,11,fit:e47555f16f02711dc446d8bfb5ee6625d9c15688be7bc41a38dbac9a7bc8e103:segment:003,3,5111.0,5040,activities/067_260425073220.csv,1,1,0,0
fit:e47555f16f02711dc446d8bfb5ee6625d9c15688be7bc41a38dbac9a7bc8e103,2026-04-25T06:57:33+00:00,465,297,169,78,4.08,251.39999999999998,11,fit:e47555f16f02711dc446d8bfb5ee6625d9c15688be7bc41a38dbac9a7bc8e103:segment:003,3,5112.0,5041,activities/067_260425073220.csv,1,1,0,0
fit:e47555f16f02711dc446d8bfb5ee6625d9c15688be7bc41a38dbac9a7bc8e103,2026-04-25T06:57:34+00:00,466,290,169,77,3.99,251.39999999999998,11,fit:e47555f16f02711dc446d8bfb5ee6625d9c15688be7bc41a38dbac9a7bc8e103:segment:003,3,5113.0,5042,activities/067_260425073220.csv,1,1,0,0
fit:e47555f16f02711dc446d8bfb5ee6625d9c15688be7bc41a38dbac9a7bc8e103,2026-04-25T06:57:35+00:00,467,296,169,76,4.02,252.20000000000005,11,fit:e47555f16f02711dc446d8bfb5ee6625d9c15688be7bc41a38dbac9a7bc8e103:segment:003,3,5114.0,5043,activities/067_260425073220.csv,1,1,0,0
fit:e47555f16f02711dc446d8bfb5ee6625d9c15688be7bc41a38dbac9a7bc8e103,2026-04-25T06:57:36+00:00,468,302,169,76,3.978,252.39999999999998,11,fit:e47555f16f02711dc446d8bfb5ee6625d9c15688be7bc41a38dbac9a7bc8e103:segment:003,3,5115.0,5044,activities/067_260425073220.csv,1,1,0,0
fit:e47555f16f02711dc446d8bfb5ee6625d9c15688be7bc41a38dbac9a7bc8e103,2026-04-25T06:57:37+00:00,469,288,169,76,4.028,252.60000000000002,11,fit:e47555f16f02711dc446d8bfb5ee6625d9c15688be7bc41a38dbac9a7bc8e103:segment:003,3,5116.0,5045,activities/067_260425073220.csv,1,1,0,0
fit:e47555f16f02711dc446d8bfb5ee6625d9c15688be7bc41a38dbac9a7bc8e103,2026-04-25T06:57:38+00:00,470,288,168,76,3.853,252.79999999999995,11,fit:e47555f16f02711dc446d8bfb5ee6625d9c15688be7bc41a38dbac9a7bc8e103:segment:003,3,5117.0,5046,activities/067_260425073220.csv,1,1,0,0
fit:e47555f16f02711dc446d8bfb5ee6625d9c15688be7bc41a38dbac9a7bc8e103,2026-04-25T06:57:39+00:00,471,279,168,76,3.884,252.79999999999995,11,fit:e47555f16f02711dc446d8bfb5ee6625d9c15688be7bc41a38dbac9a7bc8e103:segment:003,3,5118.0,5047,activities/067_260425073220.csv,1,1,0,0
fit:e47555f16f02711dc446d8bfb5ee6625d9c15688be7bc41a38dbac9a7bc8e103,2026-04-25T06:57:40+00:00,472,286,167,76,3.928,252.79999999999995,11,fit:e47555f16f02711dc446d8bfb5ee6625d9c15688be7bc41a38dbac9a7bc8e103:segment:003,3,5119.0,5048,activities/067_260425073220.csv,1,1,0,0
fit:e47555f16f02711dc446d8bfb5ee6625d9c15688be7bc41a38dbac9a7bc8e103,2026-04-25T06:57:41+00:00,473,284,167,76,3.93,252.79999999999995,11,fit:e47555f16f02711dc446d8bfb5ee6625d9c15688be7bc41a38dbac9a7bc8e103:segment:003,3,5120.0,5049,activities/067_260425073220.csv,1,1,0,0
fit:e47555f16f02711dc446d8bfb5ee6625d9c15688be7bc41a38dbac9a7bc8e103,2026-04-25T06:57:42+00:00,474,273,167,76,3.829,253.79999999999995,11,fit:e47555f16f02711dc446d8bfb5ee6625d9c15688be7bc41a38dbac9a7bc8e103:segment:003,3,5121.0,5050,activities/067_260425073220.csv,1,1,0,0
fit:e47555f16f02711dc446d8bfb5ee6625d9c15688be7bc41a38dbac9a7bc8e103,2026-04-25T06:57:43+00:00,475,276,168,75,3.933,254.79999999999995,11,fit:e47555f16f02711dc446d8bfb5ee6625d9c15688be7bc41a38dbac9a7bc8e103:segment:003,3,5122.0,5051,activities/067_260425073220.csv,1,1,0,0
fit:e47555f16f02711dc446d8bfb5ee6625d9c15688be7bc41a38dbac9a7bc8e103,2026-04-25T06:57:44+00:00,476,276,168,75,3.932,254.79999999999995,11,fit:e47555f16f02711dc446d8bfb5ee6625d9c15688be7bc41a38dbac9a7bc8e103:segment:003,3,5123.0,5052,activities/067_260425073220.csv,1,1,0,0
fit:e47555f16f02711dc446d8bfb5ee6625d9c15688be7bc41a38dbac9a7bc8e103,2026-04-25T06:57:45+00:00,477,302,168,76,3.972,254.79999999999995,11,fit:e47555f16f02711dc446d8bfb5ee6625d9c15688be7bc41a38dbac9a7bc8e103:segment:003,3,5124.0,5053,activities/067_260425073220.csv,1,1,0,0
fit:e47555f16f02711dc446d8bfb5ee6625d9c15688be7bc41a38dbac9a7bc8e103,2026-04-25T06:57:46+00:00,478,321,168,78,3.914,254.79999999999995,11,fit:e47555f16f02711dc446d8bfb5ee6625d9c15688be7bc41a38dbac9a7bc8e103:segment:003,3,5125.0,5054,activities/067_260425073220.csv,1,1,0,0
fit:e47555f16f02711dc446d8bfb5ee6625d9c15688be7bc41a38dbac9a7bc8e103,2026-04-25T06:57:47+00:00,479,282,168,80,4.024,255.39999999999998,11,fit:e47555f16f02711dc446d8bfb5ee6625d9c15688be7bc41a38dbac9a7bc8e103:segment:003,3,5126.0,5055,activities/067_260425073220.csv,1,1,0,0
fit:e47555f16f02711dc446d8bfb5ee6625d9c15688be7bc41a38dbac9a7bc8e103,2026-04-25T06:57:48+00:00,480,353,168,80,4.122,256.0,11,fit:e47555f16f02711dc446d8bfb5ee6625d9c15688be7bc41a38dbac9a7bc8e103:segment:003,3,5127.0,5056,activities/067_260425073220.csv,1,1,0,0
fit:e47555f16f02711dc446d8bfb5ee6625d9c15688be7bc41a38dbac9a7bc8e103,2026-04-25T06:57:49+00:00,481,326,169,82,4.049,257.0,11,fit:e47555f16f02711dc446d8bfb5ee6625d9c15688be7bc41a38dbac9a7bc8e103:segment:003,3,5128.0,5057,activities/067_260425073220.csv,1,1,0,0
fit:e47555f16f02711dc446d8bfb5ee6625d9c15688be7bc41a38dbac9a7bc8e103,2026-04-25T06:57:50+00:00,482,296,169,81,3.988,257.0,11,fit:e47555f16f02711dc446d8bfb5ee6625d9c15688be7bc41a38dbac9a7bc8e103:segment:003,3,5129.0,5058,activities/067_260425073220.csv,1,1,0,0
fit:e47555f16f02711dc446d8bfb5ee6625d9c15688be7bc41a38dbac9a7bc8e103,2026-04-25T06:57:51+00:00,483,300,169,72,4.137,257.0,11,fit:e47555f16f02711dc446d8bfb5ee6625d9c15688be7bc41a38dbac9a7bc8e103:segment:003,3,5130.0,5059,activities/067_260425073220.csv,1,1,0,0
fit:e47555f16f02711dc446d8bfb5ee6625d9c15688be7bc41a38dbac9a7bc8e103,2026-04-25T06:57:52+00:00,484,300,169,72,4.213,257.0,11,fit:e47555f16f02711dc446d8bfb5ee6625d9c15688be7bc41a38dbac9a7bc8e103:segment:003,3,5131.0,5060,activities/067_260425073220.csv,1,1,0,0
fit:e47555f16f02711dc446d8bfb5ee6625d9c15688be7bc41a38dbac9a7bc8e103,2026-04-25T06:57:53+00:00,485,351,169,72,4.304,257.0,11,fit:e47555f16f02711dc446d8bfb5ee6625d9c15688be7bc41a38dbac9a7bc8e103:segment:003,3,5132.0,5061,activities/067_260425073220.csv,1,1,0,0
fit:e47555f16f02711dc446d8bfb5ee6625d9c15688be7bc41a38dbac9a7bc8e103,2026-04-25T06:57:54+00:00,486,332,169,70,4.21,258.0,11,fit:e47555f16f02711dc446d8bfb5ee6625d9c15688be7bc41a38dbac9a7bc8e103:segment:003,3,5133.0,5062,activities/067_260425073220.csv,1,1,0,0
fit:e47555f16f02711dc446d8bfb5ee6625d9c15688be7bc41a38dbac9a7bc8e103,2026-04-25T06:57:55+00:00,487,289,169,69,4.144,258.4,11,fit:e47555f16f02711dc446d8bfb5ee6625d9c15688be7bc41a38dbac9a7bc8e103:segment:003,3,5134.0,5063,activities/067_260425073220.csv,1,1,0,0
fit:e47555f16f02711dc446d8bfb5ee6625d9c15688be7bc41a38dbac9a7bc8e103,2026-04-25T06:57:56+00:00,488,289,169,77,4.207,259.4,11,fit:e47555f16f02711dc446d8bfb5ee6625d9c15688be7bc41a38dbac9a7bc8e103:segment:003,3,5135.0,5064,activities/067_260425073220.csv,1,1,0,0
fit:e47555f16f02711dc446d8bfb5ee6625d9c15688be7bc41a38dbac9a7bc8e103,2026-04-25T06:57:57+00:00,489,315,169,77,4.049,259.4,11,fit:e47555f16f02711dc446d8bfb5ee6625d9c15688be7bc41a38dbac9a7bc8e103:segment:003,3,5136.0,5065,activities/067_260425073220.csv,1,1,0,0
fit:e47555f16f02711dc446d8bfb5ee6625d9c15688be7bc41a38dbac9a7bc8e103,2026-04-25T06:57:58+00:00,490,318,169,77,4.102,259.4,11,fit:e47555f16f02711dc446d8bfb5ee6625d9c15688be7bc41a38dbac9a7bc8e103:segment:003,3,5137.0,5066,activities/067_260425073220.csv,1,1,0,0
fit:e47555f16f02711dc446d8bfb5ee6625d9c15688be7bc41a38dbac9a7bc8e103,2026-04-25T06:57:59+00:00,491,320,169,78,4.125,259.4,11,fit:e47555f16f02711dc446d8bfb5ee6625d9c15688be7bc41a38dbac9a7bc8e103:segment:003,3,5138.0,5067,activities/067_260425073220.csv,1,1,0,0
fit:e47555f16f02711dc446d8bfb5ee6625d9c15688be7bc41a38dbac9a7bc8e103,2026-04-25T06:58:00+00:00,492,332,168,77,3.996,260.20000000000005,11,fit:e47555f16f02711dc446d8bfb5ee6625d9c15688be7bc41a38dbac9a7bc8e103:segment:003,3,5139.0,5068,activities/067_260425073220.csv,1,1,0,0
fit:e47555f16f02711dc446d8bfb5ee6625d9c15688be7bc41a38dbac9a7bc8e103,2026-04-25T06:58:01+00:00,493,302,168,76,4.084,260.4,11,fit:e47555f16f02711dc446d8bfb5ee6625d9c15688be7bc41a38dbac9a7bc8e103:segment:003,3,5140.0,5069,activities/067_260425073220.csv,1,1,0,0
fit:e47555f16f02711dc446d8bfb5ee6625d9c15688be7bc41a38dbac9a7bc8e103,2026-04-25T06:58:02+00:00,494,325,168,76,4.042,261.4,11,fit:e47555f16f02711dc446d8bfb5ee6625d9c15688be7bc41a38dbac9a7bc8e103:segment:003,3,5141.0,5070,activities/067_260425073220.csv,1,1,0,0
fit:e47555f16f02711dc446d8bfb5ee6625d9c15688be7bc41a38dbac9a7bc8e103,2026-04-25T06:58:03+00:00,495,306,169,76,4.099,261.4,11,fit:e47555f16f02711dc446d8bfb5ee6625d9c15688be7bc41a38dbac9a7bc8e103:segment:003,3,5142.0,5071,activities/067_260425073220.csv,1,1,0,0
fit:e47555f16f02711dc446d8bfb5ee6625d9c15688be7bc41a38dbac9a7bc8e103,2026-04-25T06:58:04+00:00,496,316,169,77,4.115,261.4,11,fit:e47555f16f02711dc446d8bfb5ee6625d9c15688be7bc41a38dbac9a7bc8e103:segment:003,3,5143.0,5072,activities/067_260425073220.csv,1,1,0,0
fit:e47555f16f02711dc446d8bfb5ee6625d9c15688be7bc41a38dbac9a7bc8e103,2026-04-25T06:58:05+00:00,497,320,169,76,4.069,261.20000000000005,11,fit:e47555f16f02711dc446d8bfb5ee6625d9c15688be7bc41a38dbac9a7bc8e103:segment:003,3,5144.0,5073,activities/067_260425073220.csv,1,1,0,0
fit:e47555f16f02711dc446d8bfb5ee6625d9c15688be7bc41a38dbac9a7bc8e103,2026-04-25T06:58:06+00:00,498,345,169,76,4.094,261.20000000000005,11,fit:e47555f16f02711dc446d8bfb5ee6625d9c15688be7bc41a38dbac9a7bc8e103:segment:003,3,5145.0,5074,activities/067_260425073220.csv,1,1,0,0
fit:e47555f16f02711dc446d8bfb5ee6625d9c15688be7bc41a38dbac9a7bc8e103,2026-04-25T06:58:07+00:00,499,340,169,78,4.009,261.20000000000005,11,fit:e47555f16f02711dc446d8bfb5ee6625d9c15688be7bc41a38dbac9a7bc8e103:segment:003,3,5146.0,5075,activities/067_260425073220.csv,1,1,0,0
fit:e47555f16f02711dc446d8bfb5ee6625d9c15688be7bc41a38dbac9a7bc8e103,2026-04-25T06:58:08+00:00,500,319,169,78,4.111,262.20000000000005,11,fit:e47555f16f02711dc446d8bfb5ee6625d9c15688be7bc41a38dbac9a7bc8e103:segment:003,3,5147.0,5076,activities/067_260425073220.csv,1,1,0,0
fit:e47555f16f02711dc446d8bfb5ee6625d9c15688be7bc41a38dbac9a7bc8e103,2026-04-25T06:58:09+00:00,501,320,169,80,4.048,262.6,11,fit:e47555f16f02711dc446d8bfb5ee6625d9c15688be7bc41a38dbac9a7bc8e103:segment:003,3,5148.0,5077,activities/067_260425073220.csv,1,1,0,0
fit:e47555f16f02711dc446d8bfb5ee6625d9c15688be7bc41a38dbac9a7bc8e103,2026-04-25T06:58:10+00:00,502,328,169,81,4.097,263.0,11,fit:e47555f16f02711dc446d8bfb5ee6625d9c15688be7bc41a38dbac9a7bc8e103:segment:003,3,5149.0,5078,activities/067_260425073220.csv,1,1,0,0
fit:e47555f16f02711dc446d8bfb5ee6625d9c15688be7bc41a38dbac9a7bc8e103,2026-04-25T06:58:11+00:00,503,287,169,81,4.194,264.0,11,fit:e47555f16f02711dc446d8bfb5ee6625d9c15688be7bc41a38dbac9a7bc8e103:segment:003,3,5150.0,5079,activities/067_260425073220.csv,1,1,0,0
fit:e47555f16f02711dc446d8bfb5ee6625d9c15688be7bc41a38dbac9a7bc8e103,2026-04-25T06:58:12+00:00,504,324,169,81,4.328,264.0,11,fit:e47555f16f02711dc446d8bfb5ee6625d9c15688be7bc41a38dbac9a7bc8e103:segment:003,3,5151.0,5080,activities/067_260425073220.csv,1,1,0,0
fit:e47555f16f02711dc446d8bfb5ee6625d9c15688be7bc41a38dbac9a7bc8e103,2026-04-25T06:58:13+00:00,505,341,169,81,4.281,264.0,11,fit:e47555f16f02711dc446d8bfb5ee6625d9c15688be7bc41a38dbac9a7bc8e103:segment:003,3,5152.0,5081,activities/067_260425073220.csv,1,1,0,0
fit:e47555f16f02711dc446d8bfb5ee6625d9c15688be7bc41a38dbac9a7bc8e103,2026-04-25T06:58:14+00:00,506,335,169,83,4.277,264.0,11,fit:e47555f16f02711dc446d8bfb5ee6625d9c15688be7bc41a38dbac9a7bc8e103:segment:003,3,5153.0,5082,activities/067_260425073220.csv,1,1,0,0
fit:e47555f16f02711dc446d8bfb5ee6625d9c15688be7bc41a38dbac9a7bc8e103,2026-04-25T06:58:15+00:00,507,324,169,84,4.368,264.0,11,fit:e47555f16f02711dc446d8bfb5ee6625d9c15688be7bc41a38dbac9a7bc8e103:segment:003,3,5154.0,5083,activities/067_260425073220.csv,1,1,0,0
fit:e47555f16f02711dc446d8bfb5ee6625d9c15688be7bc41a38dbac9a7bc8e103,2026-04-25T06:58:16+00:00,508,309,169,83,4.434,264.79999999999995,11,fit:e47555f16f02711dc446d8bfb5ee6625d9c15688be7bc41a38dbac9a7bc8e103:segment:003,3,5155.0,5084,activities/067_260425073220.csv,1,1,0,0
fit:e47555f16f02711dc446d8bfb5ee6625d9c15688be7bc41a38dbac9a7bc8e103,2026-04-25T06:58:17+00:00,509,354,169,84,4.391,265.4,11,fit:e47555f16f02711dc446d8bfb5ee6625d9c15688be7bc41a38dbac9a7bc8e103:segment:003,3,5156.0,5085,activities/067_260425073220.csv,1,1,0,0
fit:e47555f16f02711dc446d8bfb5ee6625d9c15688be7bc41a38dbac9a7bc8e103,2026-04-25T06:58:18+00:00,510,129,169,84,4.297,265.4,11,fit:e47555f16f02711dc446d8bfb5ee6625d9c15688be7bc41a38dbac9a7bc8e103:segment:003,3,5157.0,5086,activities/067_260425073220.csv,1,1,0,0
fit:e47555f16f02711dc446d8bfb5ee6625d9c15688be7bc41a38dbac9a7bc8e103,2026-04-25T06:58:19+00:00,511,130,169,83,4.367,265.4,11,fit:e47555f16f02711dc446d8bfb5ee6625d9c15688be7bc41a38dbac9a7bc8e103:segment:003,3,5158.0,5087,activities/067_260425073220.csv,1,1,0,0
fit:e47555f16f02711dc446d8bfb5ee6625d9c15688be7bc41a38dbac9a7bc8e103,2026-04-25T06:58:20+00:00,512,382,169,75,4.467,265.4,11,fit:e47555f16f02711dc446d8bfb5ee6625d9c15688be7bc41a38dbac9a7bc8e103:segment:003,3,5159.0,5088,activities/067_260425073220.csv,1,1,0,0
fit:e47555f16f02711dc446d8bfb5ee6625d9c15688be7bc41a38dbac9a7bc8e103,2026-04-25T06:58:21+00:00,513,347,169,77,4.493,266.0,11,fit:e47555f16f02711dc446d8bfb5ee6625d9c15688be7bc41a38dbac9a7bc8e103:segment:003,3,5160.0,5089,activities/067_260425073220.csv,1,1,0,0
fit:e47555f16f02711dc446d8bfb5ee6625d9c15688be7bc41a38dbac9a7bc8e103,2026-04-25T06:58:22+00:00,514,328,169,77,4.516,266.79999999999995,11,fit:e47555f16f02711dc446d8bfb5ee6625d9c15688be7bc41a38dbac9a7bc8e103:segment:003,3,5161.0,5090,activities/067_260425073220.csv,1,1,0,0
fit:e47555f16f02711dc446d8bfb5ee6625d9c15688be7bc41a38dbac9a7bc8e103,2026-04-25T06:58:23+00:00,515,328,169,77,4.506,267.0,11,fit:e47555f16f02711dc446d8bfb5ee6625d9c15688be7bc41a38dbac9a7bc8e103:segment:003,3,5162.0,5091,activities/067_260425073220.csv,1,1,0,0
fit:e47555f16f02711dc446d8bfb5ee6625d9c15688be7bc41a38dbac9a7bc8e103,2026-04-25T06:58:24+00:00,516,334,169,76,4.526,267.6,11,fit:e47555f16f02711dc446d8bfb5ee6625d9c15688be7bc41a38dbac9a7bc8e103:segment:003,3,5163.0,5092,activities/067_260425073220.csv,1,1,0,0
fit:e47555f16f02711dc446d8bfb5ee6625d9c15688be7bc41a38dbac9a7bc8e103,2026-04-25T06:58:25+00:00,517,335,169,76,4.621,268.20000000000005,11,fit:e47555f16f02711dc446d8bfb5ee6625d9c15688be7bc41a38dbac9a7bc8e103:segment:003,3,5164.0,5093,activities/067_260425073220.csv,1,1,0,0
fit:e47555f16f02711dc446d8bfb5ee6625d9c15688be7bc41a38dbac9a7bc8e103,2026-04-25T06:58:26+00:00,518,143,169,81,4.593,268.79999999999995,11,fit:e47555f16f02711dc446d8bfb5ee6625d9c15688be7bc41a38dbac9a7bc8e103:segment:003,3,5165.0,5094,activities/067_260425073220.csv,1,1,0,0
fit:e47555f16f02711dc446d8bfb5ee6625d9c15688be7bc41a38dbac9a7bc8e103,2026-04-25T06:58:27+00:00,519,301,169,84,4.543,268.79999999999995,11,fit:e47555f16f02711dc446d8bfb5ee6625d9c15688be7bc41a38dbac9a7bc8e103:segment:003,3,5166.0,5095,activities/067_260425073220.csv,1,1,0,0
fit:e47555f16f02711dc446d8bfb5ee6625d9c15688be7bc41a38dbac9a7bc8e103,2026-04-25T06:58:28+00:00,520,316,169,84,4.432,268.79999999999995,11,fit:e47555f16f02711dc446d8bfb5ee6625d9c15688be7bc41a38dbac9a7bc8e103:segment:003,3,5167.0,5096,activities/067_260425073220.csv,1,1,0,0
fit:e47555f16f02711dc446d8bfb5ee6625d9c15688be7bc41a38dbac9a7bc8e103,2026-04-25T06:58:29+00:00,521,303,169,85,4.325,268.79999999999995,11,fit:e47555f16f02711dc446d8bfb5ee6625d9c15688be7bc41a38dbac9a7bc8e103:segment:003,3,5168.0,5097,activities/067_260425073220.csv,1,1,0,0
fit:e47555f16f02711dc446d8bfb5ee6625d9c15688be7bc41a38dbac9a7bc8e103,2026-04-25T06:58:30+00:00,522,278,169,84,4.269,268.79999999999995,11,fit:e47555f16f02711dc446d8bfb5ee6625d9c15688be7bc41a38dbac9a7bc8e103:segment:003,3,5169.0,5098,activities/067_260425073220.csv,1,1,0,0
fit:e47555f16f02711dc446d8bfb5ee6625d9c15688be7bc41a38dbac9a7bc8e103,2026-04-25T06:58:31+00:00,523,286,169,84,4.269,269.6,11,fit:e47555f16f02711dc446d8bfb5ee6625d9c15688be7bc41a38dbac9a7bc8e103:segment:003,3,5170.0,5099,activities/067_260425073220.csv,1,1,0,0
fit:e47555f16f02711dc446d8bfb5ee6625d9c15688be7bc41a38dbac9a7bc8e103,2026-04-25T06:58:32+00:00,524,301,169,83,4.33,270.20000000000005,11,fit:e47555f16f02711dc446d8bfb5ee6625d9c15688be7bc41a38dbac9a7bc8e103:segment:003,3,5171.0,5100,activities/067_260425073220.csv,1,1,0,0
fit:e47555f16f02711dc446d8bfb5ee6625d9c15688be7bc41a38dbac9a7bc8e103,2026-04-25T06:58:33+00:00,525,301,169,83,4.402,270.6,11,fit:e47555f16f02711dc446d8bfb5ee6625d9c15688be7bc41a38dbac9a7bc8e103:segment:003,3,5172.0,5101,activities/067_260425073220.csv,1,1,0,0
fit:e47555f16f02711dc446d8bfb5ee6625d9c15688be7bc41a38dbac9a7bc8e103,2026-04-25T06:58:34+00:00,526,295,169,82,4.427,270.6,11,fit:e47555f16f02711dc446d8bfb5ee6625d9c15688be7bc41a38dbac9a7bc8e103:segment:003,3,5173.0,5102,activities/067_260425073220.csv,1,1,0,0
fit:e47555f16f02711dc446d8bfb5ee6625d9c15688be7bc41a38dbac9a7bc8e103,2026-04-25T06:58:35+00:00,527,304,169,82,4.287,270.6,11,fit:e47555f16f02711dc446d8bfb5ee6625d9c15688be7bc41a38dbac9a7bc8e103:segment:003,3,5174.0,5103,activities/067_260425073220.csv,1,1,0,0
fit:e47555f16f02711dc446d8bfb5ee6625d9c15688be7bc41a38dbac9a7bc8e103,2026-04-25T06:58:36+00:00,528,335,169,83,4.267,270.6,11,fit:e47555f16f02711dc446d8bfb5ee6625d9c15688be7bc41a38dbac9a7bc8e103:segment:003,3,5175.0,5104,activities/067_260425073220.csv,1,1,0,0
fit:e47555f16f02711dc446d8bfb5ee6625d9c15688be7bc41a38dbac9a7bc8e103,2026-04-25T06:58:37+00:00,529,335,169,83,4.293,271.6,11,fit:e47555f16f02711dc446d8bfb5ee6625d9c15688be7bc41a38dbac9a7bc8e103:segment:003,3,5176.0,5105,activities/067_260425073220.csv,1,1,0,0
fit:e47555f16f02711dc446d8bfb5ee6625d9c15688be7bc41a38dbac9a7bc8e103,2026-04-25T06:58:38+00:00,530,387,169,86,4.302,272.0,11,fit:e47555f16f02711dc446d8bfb5ee6625d9c15688be7bc41a38dbac9a7bc8e103:segment:003,3,5177.0,5106,activities/067_260425073220.csv,1,1,0,0
fit:e47555f16f02711dc446d8bfb5ee6625d9c15688be7bc41a38dbac9a7bc8e103,2026-04-25T06:58:39+00:00,531,159,169,80,4.303,272.0,11,fit:e47555f16f02711dc446d8bfb5ee6625d9c15688be7bc41a38dbac9a7bc8e103:segment:003,3,5178.0,5107,activities/067_260425073220.csv,1,1,0,0
fit:e47555f16f02711dc446d8bfb5ee6625d9c15688be7bc41a38dbac9a7bc8e103,2026-04-25T06:58:40+00:00,532,319,169,75,4.283,272.0,11,fit:e47555f16f02711dc446d8bfb5ee6625d9c15688be7bc41a38dbac9a7bc8e103:segment:003,3,5179.0,5108,activities/067_260425073220.csv,1,1,0,0
fit:e47555f16f02711dc446d8bfb5ee6625d9c15688be7bc41a38dbac9a7bc8e103,2026-04-25T06:58:41+00:00,533,356,169,78,4.348,272.0,11,fit:e47555f16f02711dc446d8bfb5ee6625d9c15688be7bc41a38dbac9a7bc8e103:segment:003,3,5180.0,5109,activities/067_260425073220.csv,1,1,0,0
fit:e47555f16f02711dc446d8bfb5ee6625d9c15688be7bc41a38dbac9a7bc8e103,2026-04-25T06:58:42+00:00,534,390,169,78,4.433,273.0,11,fit:e47555f16f02711dc446d8bfb5ee6625d9c15688be7bc41a38dbac9a7bc8e103:segment:003,3,5181.0,5110,activities/067_260425073220.csv,1,1,0,0
fit:e47555f16f02711dc446d8bfb5ee6625d9c15688be7bc41a38dbac9a7bc8e103,2026-04-25T06:58:43+00:00,535,385,169,78,4.418,273.4,11,fit:e47555f16f02711dc446d8bfb5ee6625d9c15688be7bc41a38dbac9a7bc8e103:segment:003,3,5182.0,5111,activities/067_260425073220.csv,1,1,0,0
fit:e47555f16f02711dc446d8bfb5ee6625d9c15688be7bc41a38dbac9a7bc8e103,2026-04-25T06:58:44+00:00,536,385,170,79,4.564,273.79999999999995,11,fit:e47555f16f02711dc446d8bfb5ee6625d9c15688be7bc41a38dbac9a7bc8e103:segment:003,3,5183.0,5112,activities/067_260425073220.csv,1,1,0,0
fit:e47555f16f02711dc446d8bfb5ee6625d9c15688be7bc41a38dbac9a7bc8e103,2026-04-25T06:58:45+00:00,537,402,170,80,4.514,274.0,11,fit:e47555f16f02711dc446d8bfb5ee6625d9c15688be7bc41a38dbac9a7bc8e103:segment:003,3,5184.0,5113,activities/067_260425073220.csv,1,1,0,0
fit:e47555f16f02711dc446d8bfb5ee6625d9c15688be7bc41a38dbac9a7bc8e103,2026-04-25T06:58:46+00:00,538,396,171,82,4.673,274.6,11,fit:e47555f16f02711dc446d8bfb5ee6625d9c15688be7bc41a38dbac9a7bc8e103:segment:003,3,5185.0,5114,activities/067_260425073220.csv,1,1,0,0
fit:e47555f16f02711dc446d8bfb5ee6625d9c15688be7bc41a38dbac9a7bc8e103,2026-04-25T06:58:47+00:00,539,375,171,83,4.827,275.20000000000005,11,fit:e47555f16f02711dc446d8bfb5ee6625d9c15688be7bc41a38dbac9a7bc8e103:segment:003,3,5186.0,5115,activities/067_260425073220.csv,1,1,0,0
fit:e47555f16f02711dc446d8bfb5ee6625d9c15688be7bc41a38dbac9a7bc8e103,2026-04-25T06:58:48+00:00,540,296,171,83,4.98,275.79999999999995,11,fit:e47555f16f02711dc446d8bfb5ee6625d9c15688be7bc41a38dbac9a7bc8e103:segment:003,3,5187.0,5116,activities/067_260425073220.csv,1,1,0,0
fit:e47555f16f02711dc446d8bfb5ee6625d9c15688be7bc41a38dbac9a7bc8e103,2026-04-25T06:58:49+00:00,541,279,172,82,4.984,275.79999999999995,11,fit:e47555f16f02711dc446d8bfb5ee6625d9c15688be7bc41a38dbac9a7bc8e103:segment:003,3,5188.0,5117,activities/067_260425073220.csv,1,1,0,0
fit:e47555f16f02711dc446d8bfb5ee6625d9c15688be7bc41a38dbac9a7bc8e103,2026-04-25T06:58:50+00:00,542,293,172,81,4.902,275.79999999999995,11,fit:e47555f16f02711dc446d8bfb5ee6625d9c15688be7bc41a38dbac9a7bc8e103:segment:003,3,5189.0,5118,activities/067_260425073220.csv,1,1,0,0
fit:e47555f16f02711dc446d8bfb5ee6625d9c15688be7bc41a38dbac9a7bc8e103,2026-04-25T06:58:51+00:00,543,336,172,82,4.839,275.79999999999995,11,fit:e47555f16f02711dc446d8bfb5ee6625d9c15688be7bc41a38dbac9a7bc8e103:segment:003,3,5190.0,5119,activities/067_260425073220.csv,1,1,0,0
fit:e47555f16f02711dc446d8bfb5ee6625d9c15688be7bc41a38dbac9a7bc8e103,2026-04-25T06:58:52+00:00,544,396,172,84,4.838,276.4,11,fit:e47555f16f02711dc446d8bfb5ee6625d9c15688be7bc41a38dbac9a7bc8e103:segment:003,3,5191.0,5120,activities/067_260425073220.csv,1,1,0,0
fit:e47555f16f02711dc446d8bfb5ee6625d9c15688be7bc41a38dbac9a7bc8e103,2026-04-25T06:58:53+00:00,545,386,172,86,4.792,277.4,11,fit:e47555f16f02711dc446d8bfb5ee6625d9c15688be7bc41a38dbac9a7bc8e103:segment:003,3,5192.0,5121,activities/067_260425073220.csv,1,1,0,0
fit:e47555f16f02711dc446d8bfb5ee6625d9c15688be7bc41a38dbac9a7bc8e103,2026-04-25T06:58:54+00:00,546,358,172,87,4.948,277.4,11,fit:e47555f16f02711dc446d8bfb5ee6625d9c15688be7bc41a38dbac9a7bc8e103:segment:003,3,5193.0,5122,activities/067_260425073220.csv,1,1,0,0
fit:e47555f16f02711dc446d8bfb5ee6625d9c15688be7bc41a38dbac9a7bc8e103,2026-04-25T06:58:55+00:00,547,348,173,89,5.122,277.4,11,fit:e47555f16f02711dc446d8bfb5ee6625d9c15688be7bc41a38dbac9a7bc8e103:segment:003,3,5194.0,5123,activities/067_260425073220.csv,1,1,0,0
fit:e47555f16f02711dc446d8bfb5ee6625d9c15688be7bc41a38dbac9a7bc8e103,2026-04-25T06:58:56+00:00,548,352,173,90,5.341,277.4,11,fit:e47555f16f02711dc446d8bfb5ee6625d9c15688be7bc41a38dbac9a7bc8e103:segment:003,3,5195.0,5124,activities/067_260425073220.csv,1,1,0,0
fit:e47555f16f02711dc446d8bfb5ee6625d9c15688be7bc41a38dbac9a7bc8e103,2026-04-25T06:58:57+00:00,549,372,172,93,5.455,277.4,11,fit:e47555f16f02711dc446d8bfb5ee6625d9c15688be7bc41a38dbac9a7bc8e103:segment:003,3,5196.0,5125,activities/067_260425073220.csv,1,1,0,0
fit:e47555f16f02711dc446d8bfb5ee6625d9c15688be7bc41a38dbac9a7bc8e103,2026-04-25T06:58:58+00:00,550,278,173,94,5.568,277.4,11,fit:e47555f16f02711dc446d8bfb5ee6625d9c15688be7bc41a38dbac9a7bc8e103:segment:003,3,5197.0,5126,activities/067_260425073220.csv,1,1,0,0
fit:e47555f16f02711dc446d8bfb5ee6625d9c15688be7bc41a38dbac9a7bc8e103,2026-04-25T06:58:59+00:00,551,158,173,75,5.58,278.4,11,fit:e47555f16f02711dc446d8bfb5ee6625d9c15688be7bc41a38dbac9a7bc8e103:segment:003,3,5198.0,5127,activities/067_260425073220.csv,1,1,0,0
fit:e47555f16f02711dc446d8bfb5ee6625d9c15688be7bc41a38dbac9a7bc8e103,2026-04-25T06:59:00+00:00,552,251,173,65,5.517,278.6,11,fit:e47555f16f02711dc446d8bfb5ee6625d9c15688be7bc41a38dbac9a7bc8e103:segment:003,3,5199.0,5128,activities/067_260425073220.csv,1,1,0,0
fit:e47555f16f02711dc446d8bfb5ee6625d9c15688be7bc41a38dbac9a7bc8e103,2026-04-25T06:59:01+00:00,553,401,173,79,5.262,279.6,11,fit:e47555f16f02711dc446d8bfb5ee6625d9c15688be7bc41a38dbac9a7bc8e103:segment:003,3,5200.0,5129,activities/067_260425073220.csv,1,1,0,0
fit:e47555f16f02711dc446d8bfb5ee6625d9c15688be7bc41a38dbac9a7bc8e103,2026-04-25T06:59:02+00:00,554,374,173,81,5.318,280.0,11,fit:e47555f16f02711dc446d8bfb5ee6625d9c15688be7bc41a38dbac9a7bc8e103:segment:003,3,5201.0,5130,activities/067_260425073220.csv,1,1,0,0
fit:e47555f16f02711dc446d8bfb5ee6625d9c15688be7bc41a38dbac9a7bc8e103,2026-04-25T06:59:03+00:00,555,358,173,84,5.38,280.0,11,fit:e47555f16f02711dc446d8bfb5ee6625d9c15688be7bc41a38dbac9a7bc8e103:segment:003,3,5202.0,5131,activities/067_260425073220.csv,1,1,0,0
fit:e47555f16f02711dc446d8bfb5ee6625d9c15688be7bc41a38dbac9a7bc8e103,2026-04-25T06:59:04+00:00,556,323,173,84,5.383,280.0,11,fit:e47555f16f02711dc446d8bfb5ee6625d9c15688be7bc41a38dbac9a7bc8e103:segment:003,3,5203.0,5132,activities/067_260425073220.csv,1,1,0,0
fit:e47555f16f02711dc446d8bfb5ee6625d9c15688be7bc41a38dbac9a7bc8e103,2026-04-25T06:59:05+00:00,557,331,173,84,5.543,279.79999999999995,11,fit:e47555f16f02711dc446d8bfb5ee6625d9c15688be7bc41a38dbac9a7bc8e103:segment:003,3,5204.0,5133,activities/067_260425073220.csv,1,1,0,0
fit:e47555f16f02711dc446d8bfb5ee6625d9c15688be7bc41a38dbac9a7bc8e103,2026-04-25T06:59:06+00:00,558,322,173,85,5.662,279.79999999999995,11,fit:e47555f16f02711dc446d8bfb5ee6625d9c15688be7bc41a38dbac9a7bc8e103:segment:003,3,5205.0,5134,activities/067_260425073220.csv,1,1,0,0
fit:e47555f16f02711dc446d8bfb5ee6625d9c15688be7bc41a38dbac9a7bc8e103,2026-04-25T06:59:07+00:00,559,310,173,84,5.801,279.79999999999995,11,fit:e47555f16f02711dc446d8bfb5ee6625d9c15688be7bc41a38dbac9a7bc8e103:segment:003,3,5206.0,5135,activities/067_260425073220.csv,1,1,0,0
fit:e47555f16f02711dc446d8bfb5ee6625d9c15688be7bc41a38dbac9a7bc8e103,2026-04-25T06:59:08+00:00,560,316,173,84,5.682,280.79999999999995,11,fit:e47555f16f02711dc446d8bfb5ee6625d9c15688be7bc41a38dbac9a7bc8e103:segment:003,3,5207.0,5136,activities/067_260425073220.csv,1,1,0,0
fit:e47555f16f02711dc446d8bfb5ee6625d9c15688be7bc41a38dbac9a7bc8e103,2026-04-25T06:59:09+00:00,561,316,173,84,5.74,281.20000000000005,11,fit:e47555f16f02711dc446d8bfb5ee6625d9c15688be7bc41a38dbac9a7bc8e103:segment:003,3,5208.0,5137,activities/067_260425073220.csv,1,1,0,0
fit:e47555f16f02711dc446d8bfb5ee6625d9c15688be7bc41a38dbac9a7bc8e103,2026-04-25T06:59:10+00:00,562,345,173,83,5.795,281.6,11,fit:e47555f16f02711dc446d8bfb5ee6625d9c15688be7bc41a38dbac9a7bc8e103:segment:003,3,5209.0,5138,activities/067_260425073220.csv,1,1,0,0
fit:e47555f16f02711dc446d8bfb5ee6625d9c15688be7bc41a38dbac9a7bc8e103,2026-04-25T06:59:11+00:00,563,376,173,82,5.794,282.4,11,fit:e47555f16f02711dc446d8bfb5ee6625d9c15688be7bc41a38dbac9a7bc8e103:segment:003,3,5210.0,5139,activities/067_260425073220.csv,1,1,0,0
fit:e47555f16f02711dc446d8bfb5ee6625d9c15688be7bc41a38dbac9a7bc8e103,2026-04-25T06:59:12+00:00,564,376,174,82,5.686,282.4,11,fit:e47555f16f02711dc446d8bfb5ee6625d9c15688be7bc41a38dbac9a7bc8e103:segment:003,3,5211.0,5140,activities/067_260425073220.csv,1,1,0,0
fit:e47555f16f02711dc446d8bfb5ee6625d9c15688be7bc41a38dbac9a7bc8e103,2026-04-25T06:59:13+00:00,565,362,174,83,5.607,282.4,11,fit:e47555f16f02711dc446d8bfb5ee6625d9c15688be7bc41a38dbac9a7bc8e103:segment:003,3,5212.0,5141,activities/067_260425073220.csv,1,1,0,0
fit:e47555f16f02711dc446d8bfb5ee6625d9c15688be7bc41a38dbac9a7bc8e103,2026-04-25T06:59:14+00:00,566,362,174,83,5.486,282.4,11,fit:e47555f16f02711dc446d8bfb5ee6625d9c15688be7bc41a38dbac9a7bc8e103:segment:003,3,5213.0,5142,activities/067_260425073220.csv,1,1,0,0
fit:e47555f16f02711dc446d8bfb5ee6625d9c15688be7bc41a38dbac9a7bc8e103,2026-04-25T06:59:15+00:00,567,362,175,83,5.412,283.20000000000005,11,fit:e47555f16f02711dc446d8bfb5ee6625d9c15688be7bc41a38dbac9a7bc8e103:segment:003,3,5214.0,5143,activities/067_260425073220.csv,1,1,0,0
fit:e47555f16f02711dc446d8bfb5ee6625d9c15688be7bc41a38dbac9a7bc8e103,2026-04-25T06:59:16+00:00,568,345,175,87,5.75,283.6,11,fit:e47555f16f02711dc446d8bfb5ee6625d9c15688be7bc41a38dbac9a7bc8e103:segment:003,3,5215.0,5144,activities/067_260425073220.csv,1,1,0,0
fit:e47555f16f02711dc446d8bfb5ee6625d9c15688be7bc41a38dbac9a7bc8e103,2026-04-25T06:59:17+00:00,569,352,175,90,5.681,284.0,11,fit:e47555f16f02711dc446d8bfb5ee6625d9c15688be7bc41a38dbac9a7bc8e103:segment:003,3,5216.0,5145,activities/067_260425073220.csv,1,1,0,0
fit:e47555f16f02711dc446d8bfb5ee6625d9c15688be7bc41a38dbac9a7bc8e103,2026-04-25T06:59:18+00:00,570,352,175,90,5.684,284.0,11,fit:e47555f16f02711dc446d8bfb5ee6625d9c15688be7bc41a38dbac9a7bc8e103:segment:003,3,5217.0,5146,activities/067_260425073220.csv,1,1,0,0
fit:e47555f16f02711dc446d8bfb5ee6625d9c15688be7bc41a38dbac9a7bc8e103,2026-04-25T06:59:19+00:00,571,326,176,95,5.936,284.0,11,fit:e47555f16f02711dc446d8bfb5ee6625d9c15688be7bc41a38dbac9a7bc8e103:segment:003,3,5218.0,5147,activities/067_260425073220.csv,1,1,0,0
fit:e47555f16f02711dc446d8bfb5ee6625d9c15688be7bc41a38dbac9a7bc8e103,2026-04-25T06:59:20+00:00,572,400,176,100,6.021,284.0,11,fit:e47555f16f02711dc446d8bfb5ee6625d9c15688be7bc41a38dbac9a7bc8e103:segment:003,3,5219.0,5148,activities/067_260425073220.csv,1,1,0,0
fit:e47555f16f02711dc446d8bfb5ee6625d9c15688be7bc41a38dbac9a7bc8e103,2026-04-25T06:59:21+00:00,573,271,176,96,6.12,284.6,11,fit:e47555f16f02711dc446d8bfb5ee6625d9c15688be7bc41a38dbac9a7bc8e103:segment:003,3,5220.0,5149,activities/067_260425073220.csv,1,1,0,0
fit:e47555f16f02711dc446d8bfb5ee6625d9c15688be7bc41a38dbac9a7bc8e103,2026-04-25T06:59:22+00:00,574,422,176,95,6.319,284.6,11,fit:e47555f16f02711dc446d8bfb5ee6625d9c15688be7bc41a38dbac9a7bc8e103:segment:003,3,5221.0,5150,activities/067_260425073220.csv,1,1,0,0
fit:e47555f16f02711dc446d8bfb5ee6625d9c15688be7bc41a38dbac9a7bc8e103,2026-04-25T06:59:23+00:00,575,303,176,100,6.546,284.6,11,fit:e47555f16f02711dc446d8bfb5ee6625d9c15688be7bc41a38dbac9a7bc8e103:segment:003,3,5222.0,5151,activities/067_260425073220.csv,1,1,0,0
fit:e47555f16f02711dc446d8bfb5ee6625d9c15688be7bc41a38dbac9a7bc8e103,2026-04-25T06:59:24+00:00,576,423,176,102,6.959,284.6,11,fit:e47555f16f02711dc446d8bfb5ee6625d9c15688be7bc41a38dbac9a7bc8e103:segment:003,3,5223.0,5152,activities/067_260425073220.csv,1,1,0,0
fit:e47555f16f02711dc446d8bfb5ee6625d9c15688be7bc41a38dbac9a7bc8e103,2026-04-25T06:59:25+00:00,577,153,176,96,7.247,284.6,11,fit:e47555f16f02711dc446d8bfb5ee6625d9c15688be7bc41a38dbac9a7bc8e103:segment:003,3,5224.0,5153,activities/067_260425073220.csv,1,1,0,0
fit:e47555f16f02711dc446d8bfb5ee6625d9c15688be7bc41a38dbac9a7bc8e103,2026-04-25T06:59:26+00:00,578,283,176,93,7.372,284.0,11,fit:e47555f16f02711dc446d8bfb5ee6625d9c15688be7bc41a38dbac9a7bc8e103:segment:003,3,5225.0,5154,activities/067_260425073220.csv,1,1,0,0
fit:e47555f16f02711dc446d8bfb5ee6625d9c15688be7bc41a38dbac9a7bc8e103,2026-04-25T06:59:27+00:00,579,251,176,94,7.579,284.0,11,fit:e47555f16f02711dc446d8bfb5ee6625d9c15688be7bc41a38dbac9a7bc8e103:segment:003,3,5226.0,5155,activities/067_260425073220.csv,1,1,0,0
fit:e47555f16f02711dc446d8bfb5ee6625d9c15688be7bc41a38dbac9a7bc8e103,2026-04-25T06:59:28+00:00,580,357,176,96,7.792,284.0,11,fit:e47555f16f02711dc446d8bfb5ee6625d9c15688be7bc41a38dbac9a7bc8e103:segment:003,3,5227.0,5156,activities/067_260425073220.csv,1,1,0,0
fit:e47555f16f02711dc446d8bfb5ee6625d9c15688be7bc41a38dbac9a7bc8e103,2026-04-25T06:59:29+00:00,581,358,176,96,7.997,284.4,11,fit:e47555f16f02711dc446d8bfb5ee6625d9c15688be7bc41a38dbac9a7bc8e103:segment:003,3,5228.0,5157,activities/067_260425073220.csv,1,1,0,0
fit:e47555f16f02711dc446d8bfb5ee6625d9c15688be7bc41a38dbac9a7bc8e103,2026-04-25T06:59:30+00:00,582,243,176,97,7.822,284.4,11,fit:e47555f16f02711dc446d8bfb5ee6625d9c15688be7bc41a38dbac9a7bc8e103:segment:003,3,5229.0,5158,activities/067_260425073220.csv,1,1,0,0
fit:e47555f16f02711dc446d8bfb5ee6625d9c15688be7bc41a38dbac9a7bc8e103,2026-04-25T06:59:31+00:00,583,283,176,88,7.917,284.4,11,fit:e47555f16f02711dc446d8bfb5ee6625d9c15688be7bc41a38dbac9a7bc8e103:segment:003,3,5230.0,5159,activities/067_260425073220.csv,1,1,0,0
fit:e47555f16f02711dc446d8bfb5ee6625d9c15688be7bc41a38dbac9a7bc8e103,2026-04-25T06:59:32+00:00,584,249,176,89,8.054,284.20000000000005,11,fit:e47555f16f02711dc446d8bfb5ee6625d9c15688be7bc41a38dbac9a7bc8e103:segment:003,3,5231.0,5160,activities/067_260425073220.csv,1,1,0,0
fit:e47555f16f02711dc446d8bfb5ee6625d9c15688be7bc41a38dbac9a7bc8e103,2026-04-25T06:59:33+00:00,585,300,176,89,8.339,284.20000000000005,11,fit:e47555f16f02711dc446d8bfb5ee6625d9c15688be7bc41a38dbac9a7bc8e103:segment:003,3,5232.0,5161,activities/067_260425073220.csv,1,1,0,0
fit:e47555f16f02711dc446d8bfb5ee6625d9c15688be7bc41a38dbac9a7bc8e103,2026-04-25T06:59:34+00:00,586,301,176,89,8.236,284.20000000000005,11,fit:e47555f16f02711dc446d8bfb5ee6625d9c15688be7bc41a38dbac9a7bc8e103:segment:003,3,5233.0,5162,activities/067_260425073220.csv,1,1,0,0
fit:e47555f16f02711dc446d8bfb5ee6625d9c15688be7bc41a38dbac9a7bc8e103,2026-04-25T06:59:35+00:00,587,279,176,90,8.462,284.20000000000005,11,fit:e47555f16f02711dc446d8bfb5ee6625d9c15688be7bc41a38dbac9a7bc8e103:segment:003,3,5234.0,5163,activities/067_260425073220.csv,1,1,0,0
fit:e47555f16f02711dc446d8bfb5ee6625d9c15688be7bc41a38dbac9a7bc8e103,2026-04-25T06:59:36+00:00,588,286,176,90,8.398,284.20000000000005,11,fit:e47555f16f02711dc446d8bfb5ee6625d9c15688be7bc41a38dbac9a7bc8e103:segment:003,3,5235.0,5164,activities/067_260425073220.csv,1,1,0,0
fit:e47555f16f02711dc446d8bfb5ee6625d9c15688be7bc41a38dbac9a7bc8e103,2026-04-25T06:59:37+00:00,589,336,177,91,8.607,284.20000000000005,11,fit:e47555f16f02711dc446d8bfb5ee6625d9c15688be7bc41a38dbac9a7bc8e103:segment:003,3,5236.0,5165,activities/067_260425073220.csv,1,1,0,0
fit:e47555f16f02711dc446d8bfb5ee6625d9c15688be7bc41a38dbac9a7bc8e103,2026-04-25T06:59:38+00:00,590,291,177,91,8.771,284.20000000000005,11,fit:e47555f16f02711dc446d8bfb5ee6625d9c15688be7bc41a38dbac9a7bc8e103:segment:003,3,5237.0,5166,activities/067_260425073220.csv,1,1,0,0
fit:e47555f16f02711dc446d8bfb5ee6625d9c15688be7bc41a38dbac9a7bc8e103,2026-04-25T06:59:39+00:00,591,321,177,92,8.842,284.20000000000005,11,fit:e47555f16f02711dc446d8bfb5ee6625d9c15688be7bc41a38dbac9a7bc8e103:segment:003,3,5238.0,5167,activities/067_260425073220.csv,1,1,0,0
fit:e47555f16f02711dc446d8bfb5ee6625d9c15688be7bc41a38dbac9a7bc8e103,2026-04-25T06:59:40+00:00,592,219,177,92,8.755,285.20000000000005,11,fit:e47555f16f02711dc446d8bfb5ee6625d9c15688be7bc41a38dbac9a7bc8e103:segment:003,3,5239.0,5168,activities/067_260425073220.csv,1,1,0,0
fit:e47555f16f02711dc446d8bfb5ee6625d9c15688be7bc41a38dbac9a7bc8e103,2026-04-25T06:59:41+00:00,593,221,178,91,8.683,285.4,11,fit:e47555f16f02711dc446d8bfb5ee6625d9c15688be7bc41a38dbac9a7bc8e103:segment:003,3,5240.0,5169,activities/067_260425073220.csv,1,1,0,0
fit:e47555f16f02711dc446d8bfb5ee6625d9c15688be7bc41a38dbac9a7bc8e103,2026-04-25T06:59:42+00:00,594,94,178,96,8.744,285.4,11,fit:e47555f16f02711dc446d8bfb5ee6625d9c15688be7bc41a38dbac9a7bc8e103:segment:003,3,5241.0,5170,activities/067_260425073220.csv,1,1,0,0
fit:e47555f16f02711dc446d8bfb5ee6625d9c15688be7bc41a38dbac9a7bc8e103,2026-04-25T06:59:43+00:00,595,176,178,96,8.692,286.0,11,fit:e47555f16f02711dc446d8bfb5ee6625d9c15688be7bc41a38dbac9a7bc8e103:segment:003,3,5242.0,5171,activities/067_260425073220.csv,1,1,0,0
fit:e47555f16f02711dc446d8bfb5ee6625d9c15688be7bc41a38dbac9a7bc8e103,2026-04-25T06:59:44+00:00,596,219,177,93,8.756,286.4,11,fit:e47555f16f02711dc446d8bfb5ee6625d9c15688be7bc41a38dbac9a7bc8e103:segment:003,3,5243.0,5172,activities/067_260425073220.csv,1,1,0,0
fit:e47555f16f02711dc446d8bfb5ee6625d9c15688be7bc41a38dbac9a7bc8e103,2026-04-25T06:59:45+00:00,597,247,177,92,8.509,286.4,11,fit:e47555f16f02711dc446d8bfb5ee6625d9c15688be7bc41a38dbac9a7bc8e103:segment:003,3,5244.0,5173,activities/067_260425073220.csv,1,1,0,0
fit:e47555f16f02711dc446d8bfb5ee6625d9c15688be7bc41a38dbac9a7bc8e103,2026-04-25T06:59:46+00:00,598,284,177,91,8.237,286.4,11,fit:e47555f16f02711dc446d8bfb5ee6625d9c15688be7bc41a38dbac9a7bc8e103:segment:003,3,5245.0,5174,activities/067_260425073220.csv,1,1,0,0
fit:e47555f16f02711dc446d8bfb5ee6625d9c15688be7bc41a38dbac9a7bc8e103,2026-04-25T06:59:47+00:00,599,213,176,94,8.013,286.4,11,fit:e47555f16f02711dc446d8bfb5ee6625d9c15688be7bc41a38dbac9a7bc8e103:segment:003,3,5246.0,5175,activities/067_260425073220.csv,1,1,0,0
fit:e47555f16f02711dc446d8bfb5ee6625d9c15688be7bc41a38dbac9a7bc8e103,2026-04-25T06:59:48+00:00,600,244,176,96,7.794,287.4,11,fit:e47555f16f02711dc446d8bfb5ee6625d9c15688be7bc41a38dbac9a7bc8e103:segment:003,3,5247.0,5176,activities/067_260425073220.csv,1,1,0,0
fit:e47555f16f02711dc446d8bfb5ee6625d9c15688be7bc41a38dbac9a7bc8e103,2026-04-25T06:59:49+00:00,601,245,175,96,7.565,287.6,11,fit:e47555f16f02711dc446d8bfb5ee6625d9c15688be7bc41a38dbac9a7bc8e103:segment:003,3,5248.0,5177,activities/067_260425073220.csv,1,1,0,0
fit:e47555f16f02711dc446d8bfb5ee6625d9c15688be7bc41a38dbac9a7bc8e103,2026-04-25T06:59:50+00:00,602,296,175,93,7.473,288.4,11,fit:e47555f16f02711dc446d8bfb5ee6625d9c15688be7bc41a38dbac9a7bc8e103:segment:003,3,5249.0,5178,activities/067_260425073220.csv,1,1,0,0
fit:e47555f16f02711dc446d8bfb5ee6625d9c15688be7bc41a38dbac9a7bc8e103,2026-04-25T06:59:51+00:00,603,302,175,89,7.29,289.4,11,fit:e47555f16f02711dc446d8bfb5ee6625d9c15688be7bc41a38dbac9a7bc8e103:segment:003,3,5250.0,5179,activities/067_260425073220.csv,1,1,0,0
fit:e47555f16f02711dc446d8bfb5ee6625d9c15688be7bc41a38dbac9a7bc8e103,2026-04-25T06:59:52+00:00,604,292,175,86,7.148,289.4,11,fit:e47555f16f02711dc446d8bfb5ee6625d9c15688be7bc41a38dbac9a7bc8e103:segment:003,3,5251.0,5180,activities/067_260425073220.csv,1,1,0,0
fit:e47555f16f02711dc446d8bfb5ee6625d9c15688be7bc41a38dbac9a7bc8e103,2026-04-25T06:59:53+00:00,605,352,174,86,7.057,289.4,11,fit:e47555f16f02711dc446d8bfb5ee6625d9c15688be7bc41a38dbac9a7bc8e103:segment:003,3,5252.0,5181,activities/067_260425073220.csv,1,1,0,0
fit:e47555f16f02711dc446d8bfb5ee6625d9c15688be7bc41a38dbac9a7bc8e103,2026-04-25T06:59:54+00:00,606,307,174,86,6.852,289.4,11,fit:e47555f16f02711dc446d8bfb5ee6625d9c15688be7bc41a38dbac9a7bc8e103:segment:003,3,5253.0,5182,activities/067_260425073220.csv,1,1,0,0
fit:e47555f16f02711dc446d8bfb5ee6625d9c15688be7bc41a38dbac9a7bc8e103,2026-04-25T06:59:55+00:00,607,277,174,85,6.663,289.4,11,fit:e47555f16f02711dc446d8bfb5ee6625d9c15688be7bc41a38dbac9a7bc8e103:segment:003,3,5254.0,5183,activities/067_260425073220.csv,1,1,0,0
fit:e47555f16f02711dc446d8bfb5ee6625d9c15688be7bc41a38dbac9a7bc8e103,2026-04-25T06:59:56+00:00,608,277,174,85,6.686,290.4,11,fit:e47555f16f02711dc446d8bfb5ee6625d9c15688be7bc41a38dbac9a7bc8e103:segment:003,3,5255.0,5184,activities/067_260425073220.csv,1,1,0,0
fit:e47555f16f02711dc446d8bfb5ee6625d9c15688be7bc41a38dbac9a7bc8e103,2026-04-25T06:59:57+00:00,609,272,174,92,6.301,290.79999999999995,11,fit:e47555f16f02711dc446d8bfb5ee6625d9c15688be7bc41a38dbac9a7bc8e103:segment:003,3,5256.0,5185,activities/067_260425073220.csv,1,1,0,0
fit:e47555f16f02711dc446d8bfb5ee6625d9c15688be7bc41a38dbac9a7bc8e103,2026-04-25T06:59:58+00:00,610,319,174,92,6.154,290.79999999999995,11,fit:e47555f16f02711dc446d8bfb5ee6625d9c15688be7bc41a38dbac9a7bc8e103:segment:003,3,5257.0,5186,activities/067_260425073220.csv,1,1,0,0
fit:e47555f16f02711dc446d8bfb5ee6625d9c15688be7bc41a38dbac9a7bc8e103,2026-04-25T06:59:59+00:00,611,345,175,81,6.038,290.79999999999995,11,fit:e47555f16f02711dc446d8bfb5ee6625d9c15688be7bc41a38dbac9a7bc8e103:segment:003,3,5258.0,5187,activities/067_260425073220.csv,1,1,0,0
fit:e47555f16f02711dc446d8bfb5ee6625d9c15688be7bc41a38dbac9a7bc8e103,2026-04-25T07:00:00+00:00,612,325,175,80,6.025,290.79999999999995,11,fit:e47555f16f02711dc446d8bfb5ee6625d9c15688be7bc41a38dbac9a7bc8e103:segment:003,3,5259.0,5188,activities/067_260425073220.csv,1,1,0,0
fit:e47555f16f02711dc446d8bfb5ee6625d9c15688be7bc41a38dbac9a7bc8e103,2026-04-25T07:00:01+00:00,613,307,174,80,5.996,291.79999999999995,11,fit:e47555f16f02711dc446d8bfb5ee6625d9c15688be7bc41a38dbac9a7bc8e103:segment:003,3,5260.0,5189,activities/067_260425073220.csv,1,1,0,0
fit:e47555f16f02711dc446d8bfb5ee6625d9c15688be7bc41a38dbac9a7bc8e103,2026-04-25T07:00:02+00:00,614,311,174,80,6.112,292.6,11,fit:e47555f16f02711dc446d8bfb5ee6625d9c15688be7bc41a38dbac9a7bc8e103:segment:003,3,5261.0,5190,activities/067_260425073220.csv,1,1,0,0
fit:e47555f16f02711dc446d8bfb5ee6625d9c15688be7bc41a38dbac9a7bc8e103,2026-04-25T07:00:03+00:00,615,287,174,78,5.9,293.4,11,fit:e47555f16f02711dc446d8bfb5ee6625d9c15688be7bc41a38dbac9a7bc8e103:segment:003,3,5262.0,5191,activities/067_260425073220.csv,1,1,0,0
fit:e47555f16f02711dc446d8bfb5ee6625d9c15688be7bc41a38dbac9a7bc8e103,2026-04-25T07:00:04+00:00,616,324,173,78,5.952,293.4,11,fit:e47555f16f02711dc446d8bfb5ee6625d9c15688be7bc41a38dbac9a7bc8e103:segment:003,3,5263.0,5192,activities/067_260425073220.csv,1,1,0,0
fit:e47555f16f02711dc446d8bfb5ee6625d9c15688be7bc41a38dbac9a7bc8e103,2026-04-25T07:00:05+00:00,617,318,173,78,5.931,293.4,11,fit:e47555f16f02711dc446d8bfb5ee6625d9c15688be7bc41a38dbac9a7bc8e103:segment:003,3,5264.0,5193,activities/067_260425073220.csv,1,1,0,0
fit:e47555f16f02711dc446d8bfb5ee6625d9c15688be7bc41a38dbac9a7bc8e103,2026-04-25T07:00:06+00:00,618,351,173,79,5.726,293.4,11,fit:e47555f16f02711dc446d8bfb5ee6625d9c15688be7bc41a38dbac9a7bc8e103:segment:003,3,5265.0,5194,activities/067_260425073220.csv,1,1,0,0
fit:e47555f16f02711dc446d8bfb5ee6625d9c15688be7bc41a38dbac9a7bc8e103,2026-04-25T07:00:07+00:00,619,326,173,80,5.766,293.4,11,fit:e47555f16f02711dc446d8bfb5ee6625d9c15688be7bc41a38dbac9a7bc8e103:segment:003,3,5266.0,5195,activities/067_260425073220.csv,1,1,0,0
fit:e47555f16f02711dc446d8bfb5ee6625d9c15688be7bc41a38dbac9a7bc8e103,2026-04-25T07:00:08+00:00,620,307,172,81,5.802,294.4,11,fit:e47555f16f02711dc446d8bfb5ee6625d9c15688be7bc41a38dbac9a7bc8e103:segment:003,3,5267.0,5196,activities/067_260425073220.csv,1,1,0,0
fit:e47555f16f02711dc446d8bfb5ee6625d9c15688be7bc41a38dbac9a7bc8e103,2026-04-25T07:00:09+00:00,621,254,172,81,5.795,294.79999999999995,11,fit:e47555f16f02711dc446d8bfb5ee6625d9c15688be7bc41a38dbac9a7bc8e103:segment:003,3,5268.0,5197,activities/067_260425073220.csv,1,1,0,0
fit:e47555f16f02711dc446d8bfb5ee6625d9c15688be7bc41a38dbac9a7bc8e103,2026-04-25T07:00:10+00:00,622,301,172,80,5.866,294.79999999999995,11,fit:e47555f16f02711dc446d8bfb5ee6625d9c15688be7bc41a38dbac9a7bc8e103:segment:003,3,5269.0,5198,activities/067_260425073220.csv,1,1,0,0
fit:e47555f16f02711dc446d8bfb5ee6625d9c15688be7bc41a38dbac9a7bc8e103,2026-04-25T07:00:11+00:00,623,342,172,87,5.939,294.79999999999995,11,fit:e47555f16f02711dc446d8bfb5ee6625d9c15688be7bc41a38dbac9a7bc8e103:segment:003,3,5270.0,5199,activities/067_260425073220.csv,1,1,0,0
fit:e47555f16f02711dc446d8bfb5ee6625d9c15688be7bc41a38dbac9a7bc8e103,2026-04-25T07:00:12+00:00,624,324,172,87,6.013,294.79999999999995,11,fit:e47555f16f02711dc446d8bfb5ee6625d9c15688be7bc41a38dbac9a7bc8e103:segment:003,3,5271.0,5200,activities/067_260425073220.csv,1,1,0,0
fit:e47555f16f02711dc446d8bfb5ee6625d9c15688be7bc41a38dbac9a7bc8e103,2026-04-25T07:00:13+00:00,625,288,172,86,5.916,295.79999999999995,11,fit:e47555f16f02711dc446d8bfb5ee6625d9c15688be7bc41a38dbac9a7bc8e103:segment:003,3,5272.0,5201,activities/067_260425073220.csv,1,1,0,0
fit:e47555f16f02711dc446d8bfb5ee6625d9c15688be7bc41a38dbac9a7bc8e103,2026-04-25T07:00:14+00:00,626,336,171,86,5.82,296.4,11,fit:e47555f16f02711dc446d8bfb5ee6625d9c15688be7bc41a38dbac9a7bc8e103:segment:003,3,5273.0,5202,activities/067_260425073220.csv,1,1,0,0
fit:e47555f16f02711dc446d8bfb5ee6625d9c15688be7bc41a38dbac9a7bc8e103,2026-04-25T07:00:15+00:00,627,272,171,86,5.725,296.4,11,fit:e47555f16f02711dc446d8bfb5ee6625d9c15688be7bc41a38dbac9a7bc8e103:segment:003,3,5274.0,5203,activities/067_260425073220.csv,1,1,0,0
fit:e47555f16f02711dc446d8bfb5ee6625d9c15688be7bc41a38dbac9a7bc8e103,2026-04-25T07:00:16+00:00,628,293,171,86,5.575,296.4,11,fit:e47555f16f02711dc446d8bfb5ee6625d9c15688be7bc41a38dbac9a7bc8e103:segment:003,3,5275.0,5204,activities/067_260425073220.csv,1,1,0,0
fit:e47555f16f02711dc446d8bfb5ee6625d9c15688be7bc41a38dbac9a7bc8e103,2026-04-25T07:00:17+00:00,629,275,171,85,5.632,296.4,11,fit:e47555f16f02711dc446d8bfb5ee6625d9c15688be7bc41a38dbac9a7bc8e103:segment:003,3,5276.0,5205,activities/067_260425073220.csv,1,1,0,0
fit:e47555f16f02711dc446d8bfb5ee6625d9c15688be7bc41a38dbac9a7bc8e103,2026-04-25T07:00:18+00:00,630,301,171,85,5.666,297.4,11,fit:e47555f16f02711dc446d8bfb5ee6625d9c15688be7bc41a38dbac9a7bc8e103:segment:003,3,5277.0,5206,activities/067_260425073220.csv,1,1,0,0
fit:e47555f16f02711dc446d8bfb5ee6625d9c15688be7bc41a38dbac9a7bc8e103,2026-04-25T07:00:19+00:00,631,301,171,85,5.568,297.79999999999995,11,fit:e47555f16f02711dc446d8bfb5ee6625d9c15688be7bc41a38dbac9a7bc8e103:segment:003,3,5278.0,5207,activities/067_260425073220.csv,1,1,0,0
fit:e47555f16f02711dc446d8bfb5ee6625d9c15688be7bc41a38dbac9a7bc8e103,2026-04-25T07:00:20+00:00,632,312,171,84,5.509,298.4,11,fit:e47555f16f02711dc446d8bfb5ee6625d9c15688be7bc41a38dbac9a7bc8e103:segment:003,3,5279.0,5208,activities/067_260425073220.csv,1,1,0,0
fit:e47555f16f02711dc446d8bfb5ee6625d9c15688be7bc41a38dbac9a7bc8e103,2026-04-25T07:00:21+00:00,633,346,171,86,5.659,298.4,11,fit:e47555f16f02711dc446d8bfb5ee6625d9c15688be7bc41a38dbac9a7bc8e103:segment:003,3,5280.0,5209,activities/067_260425073220.csv,1,1,0,0
fit:e47555f16f02711dc446d8bfb5ee6625d9c15688be7bc41a38dbac9a7bc8e103,2026-04-25T07:00:22+00:00,634,311,171,86,5.74,298.4,11,fit:e47555f16f02711dc446d8bfb5ee6625d9c15688be7bc41a38dbac9a7bc8e103:segment:003,3,5281.0,5210,activities/067_260425073220.csv,1,1,0,0
fit:e47555f16f02711dc446d8bfb5ee6625d9c15688be7bc41a38dbac9a7bc8e103,2026-04-25T07:00:23+00:00,635,296,171,87,5.878,298.4,11,fit:e47555f16f02711dc446d8bfb5ee6625d9c15688be7bc41a38dbac9a7bc8e103:segment:003,3,5282.0,5211,activities/067_260425073220.csv,1,1,0,0
fit:e47555f16f02711dc446d8bfb5ee6625d9c15688be7bc41a38dbac9a7bc8e103,2026-04-25T07:00:24+00:00,636,297,171,87,5.976,298.79999999999995,11,fit:e47555f16f02711dc446d8bfb5ee6625d9c15688be7bc41a38dbac9a7bc8e103:segment:003,3,5283.0,5212,activities/067_260425073220.csv,1,1,0,0
fit:e47555f16f02711dc446d8bfb5ee6625d9c15688be7bc41a38dbac9a7bc8e103,2026-04-25T07:00:25+00:00,637,275,171,88,5.991,299.0,11,fit:e47555f16f02711dc446d8bfb5ee6625d9c15688be7bc41a38dbac9a7bc8e103:segment:003,3,5284.0,5213,activities/067_260425073220.csv,1,1,0,0
fit:e47555f16f02711dc446d8bfb5ee6625d9c15688be7bc41a38dbac9a7bc8e103,2026-04-25T07:00:26+00:00,638,298,171,87,5.991,299.4,11,fit:e47555f16f02711dc446d8bfb5ee6625d9c15688be7bc41a38dbac9a7bc8e103:segment:003,3,5285.0,5214,activities/067_260425073220.csv,1,1,0,0
fit:e47555f16f02711dc446d8bfb5ee6625d9c15688be7bc41a38dbac9a7bc8e103,2026-04-25T07:00:27+00:00,639,289,171,87,5.883,299.79999999999995,11,fit:e47555f16f02711dc446d8bfb5ee6625d9c15688be7bc41a38dbac9a7bc8e103:segment:003,3,5286.0,5215,activities/067_260425073220.csv,1,1,0,0
fit:e47555f16f02711dc446d8bfb5ee6625d9c15688be7bc41a38dbac9a7bc8e103,2026-04-25T07:00:28+00:00,640,305,171,87,5.919,299.79999999999995,11,fit:e47555f16f02711dc446d8bfb5ee6625d9c15688be7bc41a38dbac9a7bc8e103:segment:003,3,5287.0,5216,activities/067_260425073220.csv,1,1,0,0
fit:e47555f16f02711dc446d8bfb5ee6625d9c15688be7bc41a38dbac9a7bc8e103,2026-04-25T07:00:29+00:00,641,307,171,88,6.118,299.79999999999995,11,fit:e47555f16f02711dc446d8bfb5ee6625d9c15688be7bc41a38dbac9a7bc8e103:segment:003,3,5288.0,5217,activities/067_260425073220.csv,1,1,0,0
fit:e47555f16f02711dc446d8bfb5ee6625d9c15688be7bc41a38dbac9a7bc8e103,2026-04-25T07:00:30+00:00,642,287,171,89,6.168,299.79999999999995,11,fit:e47555f16f02711dc446d8bfb5ee6625d9c15688be7bc41a38dbac9a7bc8e103:segment:003,3,5289.0,5218,activities/067_260425073220.csv,1,1,0,0
fit:e47555f16f02711dc446d8bfb5ee6625d9c15688be7bc41a38dbac9a7bc8e103,2026-04-25T07:00:31+00:00,643,338,170,89,6.152,299.79999999999995,11,fit:e47555f16f02711dc446d8bfb5ee6625d9c15688be7bc41a38dbac9a7bc8e103:segment:003,3,5290.0,5219,activities/067_260425073220.csv,1,1,0,0
fit:e47555f16f02711dc446d8bfb5ee6625d9c15688be7bc41a38dbac9a7bc8e103,2026-04-25T07:00:32+00:00,644,325,170,78,6.009,300.6,11,fit:e47555f16f02711dc446d8bfb5ee6625d9c15688be7bc41a38dbac9a7bc8e103:segment:003,3,5291.0,5220,activities/067_260425073220.csv,1,1,0,0
fit:e47555f16f02711dc446d8bfb5ee6625d9c15688be7bc41a38dbac9a7bc8e103,2026-04-25T07:00:33+00:00,645,295,169,79,6.0,300.6,11,fit:e47555f16f02711dc446d8bfb5ee6625d9c15688be7bc41a38dbac9a7bc8e103:segment:003,3,5292.0,5221,activities/067_260425073220.csv,1,1,0,0
fit:e47555f16f02711dc446d8bfb5ee6625d9c15688be7bc41a38dbac9a7bc8e103,2026-04-25T07:00:34+00:00,646,296,168,79,6.118,300.6,11,fit:e47555f16f02711dc446d8bfb5ee6625d9c15688be7bc41a38dbac9a7bc8e103:segment:003,3,5293.0,5222,activities/067_260425073220.csv,1,1,0,0
fit:e47555f16f02711dc446d8bfb5ee6625d9c15688be7bc41a38dbac9a7bc8e103,2026-04-25T07:00:35+00:00,647,287,168,79,6.22,300.6,11,fit:e47555f16f02711dc446d8bfb5ee6625d9c15688be7bc41a38dbac9a7bc8e103:segment:003,3,5294.0,5223,activities/067_260425073220.csv,1,1,0,0
fit:e47555f16f02711dc446d8bfb5ee6625d9c15688be7bc41a38dbac9a7bc8e103,2026-04-25T07:00:36+00:00,648,315,168,78,6.287,300.79999999999995,11,fit:e47555f16f02711dc446d8bfb5ee6625d9c15688be7bc41a38dbac9a7bc8e103:segment:003,3,5295.0,5224,activities/067_260425073220.csv,1,1,0,0
fit:e47555f16f02711dc446d8bfb5ee6625d9c15688be7bc41a38dbac9a7bc8e103,2026-04-25T07:00:37+00:00,649,310,168,77,6.109,301.4,11,fit:e47555f16f02711dc446d8bfb5ee6625d9c15688be7bc41a38dbac9a7bc8e103:segment:003,3,5296.0,5225,activities/067_260425073220.csv,1,1,0,0
fit:e47555f16f02711dc446d8bfb5ee6625d9c15688be7bc41a38dbac9a7bc8e103,2026-04-25T07:00:38+00:00,650,310,169,76,5.948,302.0,11,fit:e47555f16f02711dc446d8bfb5ee6625d9c15688be7bc41a38dbac9a7bc8e103:segment:003,3,5297.0,5226,activities/067_260425073220.csv,1,1,0,0
fit:e47555f16f02711dc446d8bfb5ee6625d9c15688be7bc41a38dbac9a7bc8e103,2026-04-25T07:00:39+00:00,651,324,169,76,5.884,302.20000000000005,11,fit:e47555f16f02711dc446d8bfb5ee6625d9c15688be7bc41a38dbac9a7bc8e103:segment:003,3,5298.0,5227,activities/067_260425073220.csv,1,1,0,0
fit:e47555f16f02711dc446d8bfb5ee6625d9c15688be7bc41a38dbac9a7bc8e103,2026-04-25T07:00:40+00:00,652,324,169,77,5.991,302.79999999999995,11,fit:e47555f16f02711dc446d8bfb5ee6625d9c15688be7bc41a38dbac9a7bc8e103:segment:003,3,5299.0,5228,activities/067_260425073220.csv,1,1,0,0
fit:e47555f16f02711dc446d8bfb5ee6625d9c15688be7bc41a38dbac9a7bc8e103,2026-04-25T07:00:41+00:00,653,166,169,77,5.884,302.79999999999995,11,fit:e47555f16f02711dc446d8bfb5ee6625d9c15688be7bc41a38dbac9a7bc8e103:segment:003,3,5300.0,5229,activities/067_260425073220.csv,1,1,0,0
fit:e47555f16f02711dc446d8bfb5ee6625d9c15688be7bc41a38dbac9a7bc8e103,2026-04-25T07:00:42+00:00,654,312,169,84,5.905,303.4,11,fit:e47555f16f02711dc446d8bfb5ee6625d9c15688be7bc41a38dbac9a7bc8e103:segment:003,3,5301.0,5230,activities/067_260425073220.csv,1,1,0,0
fit:e47555f16f02711dc446d8bfb5ee6625d9c15688be7bc41a38dbac9a7bc8e103,2026-04-25T07:00:43+00:00,655,297,169,84,5.842,303.6,11,fit:e47555f16f02711dc446d8bfb5ee6625d9c15688be7bc41a38dbac9a7bc8e103:segment:003,3,5302.0,5231,activities/067_260425073220.csv,1,1,0,0
fit:e47555f16f02711dc446d8bfb5ee6625d9c15688be7bc41a38dbac9a7bc8e103,2026-04-25T07:00:44+00:00,656,309,169,84,5.886,303.6,11,fit:e47555f16f02711dc446d8bfb5ee6625d9c15688be7bc41a38dbac9a7bc8e103:segment:003,3,5303.0,5232,activities/067_260425073220.csv,1,1,0,0
fit:e47555f16f02711dc446d8bfb5ee6625d9c15688be7bc41a38dbac9a7bc8e103,2026-04-25T07:00:45+00:00,657,300,169,84,5.778,303.6,11,fit:e47555f16f02711dc446d8bfb5ee6625d9c15688be7bc41a38dbac9a7bc8e103:segment:003,3,5304.0,5233,activities/067_260425073220.csv,1,1,0,0
fit:e47555f16f02711dc446d8bfb5ee6625d9c15688be7bc41a38dbac9a7bc8e103,2026-04-25T07:00:46+00:00,658,343,169,84,5.693,303.6,11,fit:e47555f16f02711dc446d8bfb5ee6625d9c15688be7bc41a38dbac9a7bc8e103:segment:003,3,5305.0,5234,activities/067_260425073220.csv,1,1,0,0
fit:e47555f16f02711dc446d8bfb5ee6625d9c15688be7bc41a38dbac9a7bc8e103,2026-04-25T07:00:47+00:00,659,292,169,83,5.756,304.4,11,fit:e47555f16f02711dc446d8bfb5ee6625d9c15688be7bc41a38dbac9a7bc8e103:segment:003,3,5306.0,5235,activities/067_260425073220.csv,1,1,0,0
fit:e47555f16f02711dc446d8bfb5ee6625d9c15688be7bc41a38dbac9a7bc8e103,2026-04-25T07:00:48+00:00,660,284,169,84,5.737,304.4,11,fit:e47555f16f02711dc446d8bfb5ee6625d9c15688be7bc41a38dbac9a7bc8e103:segment:003,3,5307.0,5236,activities/067_260425073220.csv,1,1,0,0
fit:e47555f16f02711dc446d8bfb5ee6625d9c15688be7bc41a38dbac9a7bc8e103,2026-04-25T07:00:49+00:00,661,284,169,83,5.733,304.4,11,fit:e47555f16f02711dc446d8bfb5ee6625d9c15688be7bc41a38dbac9a7bc8e103:segment:003,3,5308.0,5237,activities/067_260425073220.csv,1,1,0,0
fit:e47555f16f02711dc446d8bfb5ee6625d9c15688be7bc41a38dbac9a7bc8e103,2026-04-25T07:00:50+00:00,662,290,169,83,5.663,304.4,11,fit:e47555f16f02711dc446d8bfb5ee6625d9c15688be7bc41a38dbac9a7bc8e103:segment:003,3,5309.0,5238,activities/067_260425073220.csv,1,1,0,0
fit:e47555f16f02711dc446d8bfb5ee6625d9c15688be7bc41a38dbac9a7bc8e103,2026-04-25T07:00:51+00:00,663,293,169,80,5.43,305.4,11,fit:e47555f16f02711dc446d8bfb5ee6625d9c15688be7bc41a38dbac9a7bc8e103:segment:003,3,5310.0,5239,activities/067_260425073220.csv,1,1,0,0
fit:e47555f16f02711dc446d8bfb5ee6625d9c15688be7bc41a38dbac9a7bc8e103,2026-04-25T07:00:52+00:00,664,314,169,78,5.4,305.4,11,fit:e47555f16f02711dc446d8bfb5ee6625d9c15688be7bc41a38dbac9a7bc8e103:segment:003,3,5311.0,5240,activities/067_260425073220.csv,1,1,0,0
fit:e47555f16f02711dc446d8bfb5ee6625d9c15688be7bc41a38dbac9a7bc8e103,2026-04-25T07:00:53+00:00,665,309,169,78,5.167,305.4,11,fit:e47555f16f02711dc446d8bfb5ee6625d9c15688be7bc41a38dbac9a7bc8e103:segment:003,3,5312.0,5241,activities/067_260425073220.csv,1,1,0,0
fit:e47555f16f02711dc446d8bfb5ee6625d9c15688be7bc41a38dbac9a7bc8e103,2026-04-25T07:00:54+00:00,666,311,169,78,5.209,305.4,11,fit:e47555f16f02711dc446d8bfb5ee6625d9c15688be7bc41a38dbac9a7bc8e103:segment:003,3,5313.0,5242,activities/067_260425073220.csv,1,1,0,0
fit:e47555f16f02711dc446d8bfb5ee6625d9c15688be7bc41a38dbac9a7bc8e103,2026-04-25T07:00:55+00:00,667,302,169,77,5.437,306.4,11,fit:e47555f16f02711dc446d8bfb5ee6625d9c15688be7bc41a38dbac9a7bc8e103:segment:003,3,5314.0,5243,activities/067_260425073220.csv,1,1,0,0
fit:e47555f16f02711dc446d8bfb5ee6625d9c15688be7bc41a38dbac9a7bc8e103,2026-04-25T07:00:56+00:00,668,348,170,76,5.421,306.4,11,fit:e47555f16f02711dc446d8bfb5ee6625d9c15688be7bc41a38dbac9a7bc8e103:segment:003,3,5315.0,5244,activities/067_260425073220.csv,1,1,0,0
fit:e47555f16f02711dc446d8bfb5ee6625d9c15688be7bc41a38dbac9a7bc8e103,2026-04-25T07:00:57+00:00,669,338,170,75,5.286,307.4,11,fit:e47555f16f02711dc446d8bfb5ee6625d9c15688be7bc41a38dbac9a7bc8e103:segment:003,3,5316.0,5245,activities/067_260425073220.csv,1,1,0,0
fit:e47555f16f02711dc446d8bfb5ee6625d9c15688be7bc41a38dbac9a7bc8e103,2026-04-25T07:00:58+00:00,670,322,170,76,5.275,307.79999999999995,11,fit:e47555f16f02711dc446d8bfb5ee6625d9c15688be7bc41a38dbac9a7bc8e103:segment:003,3,5317.0,5246,activities/067_260425073220.csv,1,1,0,0
fit:e47555f16f02711dc446d8bfb5ee6625d9c15688be7bc41a38dbac9a7bc8e103,2026-04-25T07:00:59+00:00,671,323,170,78,5.145,308.0,11,fit:e47555f16f02711dc446d8bfb5ee6625d9c15688be7bc41a38dbac9a7bc8e103:segment:003,3,5318.0,5247,activities/067_260425073220.csv,1,1,0,0
fit:e47555f16f02711dc446d8bfb5ee6625d9c15688be7bc41a38dbac9a7bc8e103,2026-04-25T07:01:00+00:00,672,340,170,78,5.248,308.20000000000005,11,fit:e47555f16f02711dc446d8bfb5ee6625d9c15688be7bc41a38dbac9a7bc8e103:segment:003,3,5319.0,5248,activities/067_260425073220.csv,1,1,0,0
fit:e47555f16f02711dc446d8bfb5ee6625d9c15688be7bc41a38dbac9a7bc8e103,2026-04-25T07:01:01+00:00,673,293,170,78,5.207,308.79999999999995,11,fit:e47555f16f02711dc446d8bfb5ee6625d9c15688be7bc41a38dbac9a7bc8e103:segment:003,3,5320.0,5249,activities/067_260425073220.csv,1,1,0,0
fit:e47555f16f02711dc446d8bfb5ee6625d9c15688be7bc41a38dbac9a7bc8e103,2026-04-25T07:01:02+00:00,674,314,170,77,5.275,309.20000000000005,11,fit:e47555f16f02711dc446d8bfb5ee6625d9c15688be7bc41a38dbac9a7bc8e103:segment:003,3,5321.0,5250,activities/067_260425073220.csv,1,1,0,0
fit:e47555f16f02711dc446d8bfb5ee6625d9c15688be7bc41a38dbac9a7bc8e103,2026-04-25T07:01:03+00:00,675,296,170,76,5.154,309.79999999999995,11,fit:e47555f16f02711dc446d8bfb5ee6625d9c15688be7bc41a38dbac9a7bc8e103:segment:003,3,5322.0,5251,activities/067_260425073220.csv,1,1,0,0
fit:e47555f16f02711dc446d8bfb5ee6625d9c15688be7bc41a38dbac9a7bc8e103,2026-04-25T07:01:04+00:00,676,298,170,76,5.022,310.20000000000005,11,fit:e47555f16f02711dc446d8bfb5ee6625d9c15688be7bc41a38dbac9a7bc8e103:segment:003,3,5323.0,5252,activities/067_260425073220.csv,1,1,0,0
fit:e47555f16f02711dc446d8bfb5ee6625d9c15688be7bc41a38dbac9a7bc8e103,2026-04-25T07:01:05+00:00,677,303,170,76,5.091,310.6,11,fit:e47555f16f02711dc446d8bfb5ee6625d9c15688be7bc41a38dbac9a7bc8e103:segment:003,3,5324.0,5253,activities/067_260425073220.csv,1,1,0,0
fit:e47555f16f02711dc446d8bfb5ee6625d9c15688be7bc41a38dbac9a7bc8e103,2026-04-25T07:01:06+00:00,678,303,170,76,5.118,310.79999999999995,11,fit:e47555f16f02711dc446d8bfb5ee6625d9c15688be7bc41a38dbac9a7bc8e103:segment:003,3,5325.0,5254,activities/067_260425073220.csv,1,1,0,0
fit:e47555f16f02711dc446d8bfb5ee6625d9c15688be7bc41a38dbac9a7bc8e103,2026-04-25T07:01:07+00:00,679,290,170,76,5.194,310.79999999999995,11,fit:e47555f16f02711dc446d8bfb5ee6625d9c15688be7bc41a38dbac9a7bc8e103:segment:003,3,5326.0,5255,activities/067_260425073220.csv,1,1,0,0
fit:e47555f16f02711dc446d8bfb5ee6625d9c15688be7bc41a38dbac9a7bc8e103,2026-04-25T07:01:08+00:00,680,298,170,76,5.267,310.79999999999995,11,fit:e47555f16f02711dc446d8bfb5ee6625d9c15688be7bc41a38dbac9a7bc8e103:segment:003,3,5327.0,5256,activities/067_260425073220.csv,1,1,0,0
fit:e47555f16f02711dc446d8bfb5ee6625d9c15688be7bc41a38dbac9a7bc8e103,2026-04-25T07:01:09+00:00,681,284,170,74,5.255,310.79999999999995,11,fit:e47555f16f02711dc446d8bfb5ee6625d9c15688be7bc41a38dbac9a7bc8e103:segment:003,3,5328.0,5257,activities/067_260425073220.csv,1,1,0,0
fit:e47555f16f02711dc446d8bfb5ee6625d9c15688be7bc41a38dbac9a7bc8e103,2026-04-25T07:01:10+00:00,682,343,170,74,5.263,311.6,11,fit:e47555f16f02711dc446d8bfb5ee6625d9c15688be7bc41a38dbac9a7bc8e103:segment:003,3,5329.0,5258,activities/067_260425073220.csv,1,1,0,0
fit:e47555f16f02711dc446d8bfb5ee6625d9c15688be7bc41a38dbac9a7bc8e103,2026-04-25T07:01:11+00:00,683,335,170,74,5.184,312.20000000000005,11,fit:e47555f16f02711dc446d8bfb5ee6625d9c15688be7bc41a38dbac9a7bc8e103:segment:003,3,5330.0,5259,activities/067_260425073220.csv,1,1,0,0
fit:e47555f16f02711dc446d8bfb5ee6625d9c15688be7bc41a38dbac9a7bc8e103,2026-04-25T07:01:12+00:00,684,337,170,74,5.203,312.4,11,fit:e47555f16f02711dc446d8bfb5ee6625d9c15688be7bc41a38dbac9a7bc8e103:segment:003,3,5331.0,5260,activities/067_260425073220.csv,1,1,0,0
fit:e47555f16f02711dc446d8bfb5ee6625d9c15688be7bc41a38dbac9a7bc8e103,2026-04-25T07:01:13+00:00,685,329,170,73,5.146,312.79999999999995,11,fit:e47555f16f02711dc446d8bfb5ee6625d9c15688be7bc41a38dbac9a7bc8e103:segment:003,3,5332.0,5261,activities/067_260425073220.csv,1,1,0,0
fit:e47555f16f02711dc446d8bfb5ee6625d9c15688be7bc41a38dbac9a7bc8e103,2026-04-25T07:01:14+00:00,686,329,170,73,5.178,313.0,11,fit:e47555f16f02711dc446d8bfb5ee6625d9c15688be7bc41a38dbac9a7bc8e103:segment:003,3,5333.0,5262,activities/067_260425073220.csv,1,1,0,0
fit:e47555f16f02711dc446d8bfb5ee6625d9c15688be7bc41a38dbac9a7bc8e103,2026-04-25T07:01:15+00:00,687,305,170,72,5.138,313.4,11,fit:e47555f16f02711dc446d8bfb5ee6625d9c15688be7bc41a38dbac9a7bc8e103:segment:003,3,5334.0,5263,activities/067_260425073220.csv,1,1,0,0
fit:e47555f16f02711dc446d8bfb5ee6625d9c15688be7bc41a38dbac9a7bc8e103,2026-04-25T07:01:16+00:00,688,318,169,72,5.173,313.79999999999995,11,fit:e47555f16f02711dc446d8bfb5ee6625d9c15688be7bc41a38dbac9a7bc8e103:segment:003,3,5335.0,5264,activities/067_260425073220.csv,1,1,0,0
fit:e47555f16f02711dc446d8bfb5ee6625d9c15688be7bc41a38dbac9a7bc8e103,2026-04-25T07:01:17+00:00,689,352,169,70,5.142,314.20000000000005,11,fit:e47555f16f02711dc446d8bfb5ee6625d9c15688be7bc41a38dbac9a7bc8e103:segment:003,3,5336.0,5265,activities/067_260425073220.csv,1,1,0,0
fit:e47555f16f02711dc446d8bfb5ee6625d9c15688be7bc41a38dbac9a7bc8e103,2026-04-25T07:01:18+00:00,690,352,169,72,4.915,314.4,11,fit:e47555f16f02711dc446d8bfb5ee6625d9c15688be7bc41a38dbac9a7bc8e103:segment:003,3,5337.0,5266,activities/067_260425073220.csv,1,1,0,0
fit:e47555f16f02711dc446d8bfb5ee6625d9c15688be7bc41a38dbac9a7bc8e103,2026-04-25T07:01:19+00:00,691,381,169,72,4.692,315.20000000000005,11,fit:e47555f16f02711dc446d8bfb5ee6625d9c15688be7bc41a38dbac9a7bc8e103:segment:003,3,5338.0,5267,activities/067_260425073220.csv,1,1,0,0
fit:e47555f16f02711dc446d8bfb5ee6625d9c15688be7bc41a38dbac9a7bc8e103,2026-04-25T07:01:20+00:00,692,371,169,73,4.489,315.20000000000005,11,fit:e47555f16f02711dc446d8bfb5ee6625d9c15688be7bc41a38dbac9a7bc8e103:segment:003,3,5339.0,5268,activities/067_260425073220.csv,1,1,0,0
fit:e47555f16f02711dc446d8bfb5ee6625d9c15688be7bc41a38dbac9a7bc8e103,2026-04-25T07:01:21+00:00,693,325,170,73,4.459,315.20000000000005,11,fit:e47555f16f02711dc446d8bfb5ee6625d9c15688be7bc41a38dbac9a7bc8e103:segment:003,3,5340.0,5269,activities/067_260425073220.csv,1,1,0,0
fit:e47555f16f02711dc446d8bfb5ee6625d9c15688be7bc41a38dbac9a7bc8e103,2026-04-25T07:01:22+00:00,694,350,170,72,4.451,315.20000000000005,11,fit:e47555f16f02711dc446d8bfb5ee6625d9c15688be7bc41a38dbac9a7bc8e103:segment:003,3,5341.0,5270,activities/067_260425073220.csv,1,1,0,0
fit:e47555f16f02711dc446d8bfb5ee6625d9c15688be7bc41a38dbac9a7bc8e103,2026-04-25T07:01:23+00:00,695,350,170,70,4.4,316.20000000000005,11,fit:e47555f16f02711dc446d8bfb5ee6625d9c15688be7bc41a38dbac9a7bc8e103:segment:003,3,5342.0,5271,activities/067_260425073220.csv,1,1,0,0
fit:e47555f16f02711dc446d8bfb5ee6625d9c15688be7bc41a38dbac9a7bc8e103,2026-04-25T07:01:24+00:00,696,386,170,70,4.227,316.79999999999995,11,fit:e47555f16f02711dc446d8bfb5ee6625d9c15688be7bc41a38dbac9a7bc8e103:segment:003,3,5343.0,5272,activities/067_260425073220.csv,1,1,0,0
fit:e47555f16f02711dc446d8bfb5ee6625d9c15688be7bc41a38dbac9a7bc8e103,2026-04-25T07:01:25+00:00,697,387,170,67,4.096,317.20000000000005,11,fit:e47555f16f02711dc446d8bfb5ee6625d9c15688be7bc41a38dbac9a7bc8e103:segment:003,3,5344.0,5273,activities/067_260425073220.csv,1,1,0,0
fit:e47555f16f02711dc446d8bfb5ee6625d9c15688be7bc41a38dbac9a7bc8e103,2026-04-25T07:01:26+00:00,698,371,170,67,4.433,317.4,11,fit:e47555f16f02711dc446d8bfb5ee6625d9c15688be7bc41a38dbac9a7bc8e103:segment:003,3,5345.0,5274,activities/067_260425073220.csv,1,1,0,0
fit:e47555f16f02711dc446d8bfb5ee6625d9c15688be7bc41a38dbac9a7bc8e103,2026-04-25T07:01:27+00:00,699,312,171,77,4.417,318.0,11,fit:e47555f16f02711dc446d8bfb5ee6625d9c15688be7bc41a38dbac9a7bc8e103:segment:003,3,5346.0,5275,activities/067_260425073220.csv,1,1,0,0
fit:e47555f16f02711dc446d8bfb5ee6625d9c15688be7bc41a38dbac9a7bc8e103,2026-04-25T07:01:28+00:00,700,315,171,80,4.812,318.0,11,fit:e47555f16f02711dc446d8bfb5ee6625d9c15688be7bc41a38dbac9a7bc8e103:segment:003,3,5347.0,5276,activities/067_260425073220.csv,1,1,0,0
fit:e47555f16f02711dc446d8bfb5ee6625d9c15688be7bc41a38dbac9a7bc8e103,2026-04-25T07:01:29+00:00,701,111,171,82,4.868,318.0,11,fit:e47555f16f02711dc446d8bfb5ee6625d9c15688be7bc41a38dbac9a7bc8e103:segment:003,3,5348.0,5277,activities/067_260425073220.csv,1,1,0,0
fit:e47555f16f02711dc446d8bfb5ee6625d9c15688be7bc41a38dbac9a7bc8e103,2026-04-25T07:01:30+00:00,702,111,171,58,5.202,318.0,11,fit:e47555f16f02711dc446d8bfb5ee6625d9c15688be7bc41a38dbac9a7bc8e103:segment:003,3,5349.0,5278,activities/067_260425073220.csv,1,1,0,0
fit:e47555f16f02711dc446d8bfb5ee6625d9c15688be7bc41a38dbac9a7bc8e103,2026-04-25T07:01:31+00:00,703,246,171,58,5.146,318.4,11,fit:e47555f16f02711dc446d8bfb5ee6625d9c15688be7bc41a38dbac9a7bc8e103:segment:003,3,5350.0,5279,activities/067_260425073220.csv,1,1,0,0
fit:e47555f16f02711dc446d8bfb5ee6625d9c15688be7bc41a38dbac9a7bc8e103,2026-04-25T07:01:32+00:00,704,182,172,84,5.242,318.6,11,fit:e47555f16f02711dc446d8bfb5ee6625d9c15688be7bc41a38dbac9a7bc8e103:segment:003,3,5351.0,5280,activities/067_260425073220.csv,1,1,0,0
fit:e47555f16f02711dc446d8bfb5ee6625d9c15688be7bc41a38dbac9a7bc8e103,2026-04-25T07:01:33+00:00,705,242,172,88,5.41,318.79999999999995,11,fit:e47555f16f02711dc446d8bfb5ee6625d9c15688be7bc41a38dbac9a7bc8e103:segment:003,3,5352.0,5281,activities/067_260425073220.csv,1,1,0,0
fit:e47555f16f02711dc446d8bfb5ee6625d9c15688be7bc41a38dbac9a7bc8e103,2026-04-25T07:01:34+00:00,706,147,172,90,5.41,318.79999999999995,11,fit:e47555f16f02711dc446d8bfb5ee6625d9c15688be7bc41a38dbac9a7bc8e103:segment:003,3,5353.0,5282,activities/067_260425073220.csv,1,1,0,0
fit:e47555f16f02711dc446d8bfb5ee6625d9c15688be7bc41a38dbac9a7bc8e103,2026-04-25T07:01:35+00:00,707,192,172,89,5.388,318.79999999999995,11,fit:e47555f16f02711dc446d8bfb5ee6625d9c15688be7bc41a38dbac9a7bc8e103:segment:003,3,5354.0,5283,activities/067_260425073220.csv,1,1,0,0
fit:e47555f16f02711dc446d8bfb5ee6625d9c15688be7bc41a38dbac9a7bc8e103,2026-04-25T07:01:36+00:00,708,220,171,87,5.345,318.79999999999995,11,fit:e47555f16f02711dc446d8bfb5ee6625d9c15688be7bc41a38dbac9a7bc8e103:segment:003,3,5355.0,5284,activities/067_260425073220.csv,1,1,0,0
fit:e47555f16f02711dc446d8bfb5ee6625d9c15688be7bc41a38dbac9a7bc8e103,2026-04-25T07:01:37+00:00,709,304,171,82,5.226,318.79999999999995,11,fit:e47555f16f02711dc446d8bfb5ee6625d9c15688be7bc41a38dbac9a7bc8e103:segment:003,3,5356.0,5285,activities/067_260425073220.csv,1,1,0,0
fit:e47555f16f02711dc446d8bfb5ee6625d9c15688be7bc41a38dbac9a7bc8e103,2026-04-25T07:01:38+00:00,710,303,171,80,5.144,318.79999999999995,11,fit:e47555f16f02711dc446d8bfb5ee6625d9c15688be7bc41a38dbac9a7bc8e103:segment:003,3,5357.0,5286,activities/067_260425073220.csv,1,1,0,0
fit:e47555f16f02711dc446d8bfb5ee6625d9c15688be7bc41a38dbac9a7bc8e103,2026-04-25T07:01:39+00:00,711,321,169,76,4.923,319.79999999999995,11,fit:e47555f16f02711dc446d8bfb5ee6625d9c15688be7bc41a38dbac9a7bc8e103:segment:003,3,5358.0,5287,activities/067_260425073220.csv,1,1,0,0
fit:e47555f16f02711dc446d8bfb5ee6625d9c15688be7bc41a38dbac9a7bc8e103,2026-04-25T07:01:40+00:00,712,290,169,76,4.815,320.4,11,fit:e47555f16f02711dc446d8bfb5ee6625d9c15688be7bc41a38dbac9a7bc8e103:segment:003,3,5359.0,5288,activities/067_260425073220.csv,1,1,0,0
fit:e47555f16f02711dc446d8bfb5ee6625d9c15688be7bc41a38dbac9a7bc8e103,2026-04-25T07:01:41+00:00,713,291,169,75,4.773,320.6,11,fit:e47555f16f02711dc446d8bfb5ee6625d9c15688be7bc41a38dbac9a7bc8e103:segment:003,3,5360.0,5289,activities/067_260425073220.csv,1,1,0,0
fit:e47555f16f02711dc446d8bfb5ee6625d9c15688be7bc41a38dbac9a7bc8e103,2026-04-25T07:01:42+00:00,714,315,169,74,4.693,320.79999999999995,11,fit:e47555f16f02711dc446d8bfb5ee6625d9c15688be7bc41a38dbac9a7bc8e103:segment:003,3,5361.0,5290,activities/067_260425073220.csv,1,1,0,0
fit:e47555f16f02711dc446d8bfb5ee6625d9c15688be7bc41a38dbac9a7bc8e103,2026-04-25T07:01:43+00:00,715,309,169,74,4.616,321.4,11,fit:e47555f16f02711dc446d8bfb5ee6625d9c15688be7bc41a38dbac9a7bc8e103:segment:003,3,5362.0,5291,activities/067_260425073220.csv,1,1,0,0
fit:e47555f16f02711dc446d8bfb5ee6625d9c15688be7bc41a38dbac9a7bc8e103,2026-04-25T07:01:44+00:00,716,320,168,74,4.596,321.4,11,fit:e47555f16f02711dc446d8bfb5ee6625d9c15688be7bc41a38dbac9a7bc8e103:segment:003,3,5363.0,5292,activities/067_260425073220.csv,1,1,0,0
fit:e47555f16f02711dc446d8bfb5ee6625d9c15688be7bc41a38dbac9a7bc8e103,2026-04-25T07:01:45+00:00,717,320,168,74,4.596,321.4,11,fit:e47555f16f02711dc446d8bfb5ee6625d9c15688be7bc41a38dbac9a7bc8e103:segment:003,3,5364.0,5293,activities/067_260425073220.csv,1,1,0,0
fit:e47555f16f02711dc446d8bfb5ee6625d9c15688be7bc41a38dbac9a7bc8e103,2026-04-25T07:01:46+00:00,718,317,168,74,4.649,321.4,11,fit:e47555f16f02711dc446d8bfb5ee6625d9c15688be7bc41a38dbac9a7bc8e103:segment:003,3,5365.0,5294,activities/067_260425073220.csv,1,1,0,0
fit:e47555f16f02711dc446d8bfb5ee6625d9c15688be7bc41a38dbac9a7bc8e103,2026-04-25T07:01:47+00:00,719,354,167,73,4.472,322.4,11,fit:e47555f16f02711dc446d8bfb5ee6625d9c15688be7bc41a38dbac9a7bc8e103:segment:003,3,5366.0,5295,activities/067_260425073220.csv,1,1,0,0
fit:e47555f16f02711dc446d8bfb5ee6625d9c15688be7bc41a38dbac9a7bc8e103,2026-04-25T07:01:48+00:00,720,325,167,73,4.56,322.6,11,fit:e47555f16f02711dc446d8bfb5ee6625d9c15688be7bc41a38dbac9a7bc8e103:segment:003,3,5367.0,5296,activities/067_260425073220.csv,1,1,0,0
fit:e47555f16f02711dc446d8bfb5ee6625d9c15688be7bc41a38dbac9a7bc8e103,2026-04-25T07:01:49+00:00,721,321,167,73,4.56,323.20000000000005,11,fit:e47555f16f02711dc446d8bfb5ee6625d9c15688be7bc41a38dbac9a7bc8e103:segment:003,3,5368.0,5297,activities/067_260425073220.csv,1,1,0,0
fit:e47555f16f02711dc446d8bfb5ee6625d9c15688be7bc41a38dbac9a7bc8e103,2026-04-25T07:01:50+00:00,722,279,167,74,4.524,323.20000000000005,11,fit:e47555f16f02711dc446d8bfb5ee6625d9c15688be7bc41a38dbac9a7bc8e103:segment:003,3,5369.0,5298,activities/067_260425073220.csv,1,1,0,0
fit:e47555f16f02711dc446d8bfb5ee6625d9c15688be7bc41a38dbac9a7bc8e103,2026-04-25T07:01:51+00:00,723,279,167,73,4.512,323.20000000000005,11,fit:e47555f16f02711dc446d8bfb5ee6625d9c15688be7bc41a38dbac9a7bc8e103:segment:003,3,5370.0,5299,activities/067_260425073220.csv,1,1,0,0
fit:e47555f16f02711dc446d8bfb5ee6625d9c15688be7bc41a38dbac9a7bc8e103,2026-04-25T07:01:52+00:00,724,308,167,72,4.473,323.20000000000005,11,fit:e47555f16f02711dc446d8bfb5ee6625d9c15688be7bc41a38dbac9a7bc8e103:segment:003,3,5371.0,5300,activities/067_260425073220.csv,1,1,0,0
fit:e47555f16f02711dc446d8bfb5ee6625d9c15688be7bc41a38dbac9a7bc8e103,2026-04-25T07:01:53+00:00,725,329,167,71,4.467,324.20000000000005,11,fit:e47555f16f02711dc446d8bfb5ee6625d9c15688be7bc41a38dbac9a7bc8e103:segment:003,3,5372.0,5301,activities/067_260425073220.csv,1,1,0,0
fit:e47555f16f02711dc446d8bfb5ee6625d9c15688be7bc41a38dbac9a7bc8e103,2026-04-25T07:01:54+00:00,726,299,167,71,4.505,324.79999999999995,11,fit:e47555f16f02711dc446d8bfb5ee6625d9c15688be7bc41a38dbac9a7bc8e103:segment:003,3,5373.0,5302,activities/067_260425073220.csv,1,1,0,0
fit:e47555f16f02711dc446d8bfb5ee6625d9c15688be7bc41a38dbac9a7bc8e103,2026-04-25T07:01:55+00:00,727,315,167,71,4.493,324.79999999999995,11,fit:e47555f16f02711dc446d8bfb5ee6625d9c15688be7bc41a38dbac9a7bc8e103:segment:003,3,5374.0,5303,activities/067_260425073220.csv,1,1,0,0
fit:e47555f16f02711dc446d8bfb5ee6625d9c15688be7bc41a38dbac9a7bc8e103,2026-04-25T07:01:56+00:00,728,316,167,72,4.352,325.4,11,fit:e47555f16f02711dc446d8bfb5ee6625d9c15688be7bc41a38dbac9a7bc8e103:segment:003,3,5375.0,5304,activities/067_260425073220.csv,1,1,0,0
fit:e47555f16f02711dc446d8bfb5ee6625d9c15688be7bc41a38dbac9a7bc8e103,2026-04-25T07:01:57+00:00,729,302,167,72,4.479,325.6,11,fit:e47555f16f02711dc446d8bfb5ee6625d9c15688be7bc41a38dbac9a7bc8e103:segment:003,3,5376.0,5305,activities/067_260425073220.csv,1,1,0,0
fit:e47555f16f02711dc446d8bfb5ee6625d9c15688be7bc41a38dbac9a7bc8e103,2026-04-25T07:01:58+00:00,730,309,167,72,4.476,325.79999999999995,11,fit:e47555f16f02711dc446d8bfb5ee6625d9c15688be7bc41a38dbac9a7bc8e103:segment:003,3,5377.0,5306,activities/067_260425073220.csv,1,1,0,0
fit:e47555f16f02711dc446d8bfb5ee6625d9c15688be7bc41a38dbac9a7bc8e103,2026-04-25T07:01:59+00:00,731,309,167,71,4.515,326.20000000000005,11,fit:e47555f16f02711dc446d8bfb5ee6625d9c15688be7bc41a38dbac9a7bc8e103:segment:003,3,5378.0,5307,activities/067_260425073220.csv,1,1,0,0
fit:e47555f16f02711dc446d8bfb5ee6625d9c15688be7bc41a38dbac9a7bc8e103,2026-04-25T07:02:00+00:00,732,309,167,71,4.399,326.79999999999995,11,fit:e47555f16f02711dc446d8bfb5ee6625d9c15688be7bc41a38dbac9a7bc8e103:segment:003,3,5379.0,5308,activities/067_260425073220.csv,1,1,0,0
fit:e47555f16f02711dc446d8bfb5ee6625d9c15688be7bc41a38dbac9a7bc8e103,2026-04-25T07:02:01+00:00,733,308,167,71,4.35,326.79999999999995,11,fit:e47555f16f02711dc446d8bfb5ee6625d9c15688be7bc41a38dbac9a7bc8e103:segment:003,3,5380.0,5309,activities/067_260425073220.csv,1,1,0,0
fit:e47555f16f02711dc446d8bfb5ee6625d9c15688be7bc41a38dbac9a7bc8e103,2026-04-25T07:02:02+00:00,734,308,167,72,4.481,326.79999999999995,11,fit:e47555f16f02711dc446d8bfb5ee6625d9c15688be7bc41a38dbac9a7bc8e103:segment:003,3,5381.0,5310,activities/067_260425073220.csv,1,1,0,0
fit:e47555f16f02711dc446d8bfb5ee6625d9c15688be7bc41a38dbac9a7bc8e103,2026-04-25T07:02:03+00:00,735,295,167,72,4.412,326.79999999999995,11,fit:e47555f16f02711dc446d8bfb5ee6625d9c15688be7bc41a38dbac9a7bc8e103:segment:003,3,5382.0,5311,activities/067_260425073220.csv,1,1,0,0
fit:e47555f16f02711dc446d8bfb5ee6625d9c15688be7bc41a38dbac9a7bc8e103,2026-04-25T07:02:04+00:00,736,288,167,73,4.317,326.79999999999995,11,fit:e47555f16f02711dc446d8bfb5ee6625d9c15688be7bc41a38dbac9a7bc8e103:segment:003,3,5383.0,5312,activities/067_260425073220.csv,1,1,0,0
fit:e47555f16f02711dc446d8bfb5ee6625d9c15688be7bc41a38dbac9a7bc8e103,2026-04-25T07:02:05+00:00,737,282,167,73,4.359,327.79999999999995,11,fit:e47555f16f02711dc446d8bfb5ee6625d9c15688be7bc41a38dbac9a7bc8e103:segment:003,3,5384.0,5313,activities/067_260425073220.csv,1,1,0,0
fit:e47555f16f02711dc446d8bfb5ee6625d9c15688be7bc41a38dbac9a7bc8e103,2026-04-25T07:02:06+00:00,738,262,166,74,4.437,328.0,11,fit:e47555f16f02711dc446d8bfb5ee6625d9c15688be7bc41a38dbac9a7bc8e103:segment:003,3,5385.0,5314,activities/067_260425073220.csv,1,1,0,0
fit:e47555f16f02711dc446d8bfb5ee6625d9c15688be7bc41a38dbac9a7bc8e103,2026-04-25T07:02:07+00:00,739,251,166,74,4.549,328.79999999999995,11,fit:e47555f16f02711dc446d8bfb5ee6625d9c15688be7bc41a38dbac9a7bc8e103:segment:003,3,5386.0,5315,activities/067_260425073220.csv,1,1,0,0
fit:e47555f16f02711dc446d8bfb5ee6625d9c15688be7bc41a38dbac9a7bc8e103,2026-04-25T07:02:08+00:00,740,259,166,73,4.578,328.79999999999995,11,fit:e47555f16f02711dc446d8bfb5ee6625d9c15688be7bc41a38dbac9a7bc8e103:segment:003,3,5387.0,5316,activities/067_260425073220.csv,1,1,0,0
fit:e47555f16f02711dc446d8bfb5ee6625d9c15688be7bc41a38dbac9a7bc8e103,2026-04-25T07:02:09+00:00,741,259,166,73,4.429,328.79999999999995,11,fit:e47555f16f02711dc446d8bfb5ee6625d9c15688be7bc41a38dbac9a7bc8e103:segment:003,3,5388.0,5317,activities/067_260425073220.csv,1,1,0,0
fit:e47555f16f02711dc446d8bfb5ee6625d9c15688be7bc41a38dbac9a7bc8e103,2026-04-25T07:02:10+00:00,742,298,165,73,4.431,328.79999999999995,11,fit:e47555f16f02711dc446d8bfb5ee6625d9c15688be7bc41a38dbac9a7bc8e103:segment:003,3,5389.0,5318,activities/067_260425073220.csv,1,1,0,0
fit:e47555f16f02711dc446d8bfb5ee6625d9c15688be7bc41a38dbac9a7bc8e103,2026-04-25T07:02:11+00:00,743,255,165,74,4.529,328.79999999999995,11,fit:e47555f16f02711dc446d8bfb5ee6625d9c15688be7bc41a38dbac9a7bc8e103:segment:003,3,5390.0,5319,activities/067_260425073220.csv,1,1,0,0
fit:e47555f16f02711dc446d8bfb5ee6625d9c15688be7bc41a38dbac9a7bc8e103,2026-04-25T07:02:12+00:00,744,264,165,75,4.519,329.79999999999995,11,fit:e47555f16f02711dc446d8bfb5ee6625d9c15688be7bc41a38dbac9a7bc8e103:segment:003,3,5391.0,5320,activities/067_260425073220.csv,1,1,0,0
fit:e47555f16f02711dc446d8bfb5ee6625d9c15688be7bc41a38dbac9a7bc8e103,2026-04-25T07:02:13+00:00,745,272,165,75,4.573,330.20000000000005,11,fit:e47555f16f02711dc446d8bfb5ee6625d9c15688be7bc41a38dbac9a7bc8e103:segment:003,3,5392.0,5321,activities/067_260425073220.csv,1,1,0,0
fit:e47555f16f02711dc446d8bfb5ee6625d9c15688be7bc41a38dbac9a7bc8e103,2026-04-25T07:02:14+00:00,746,251,165,75,4.523,330.4,11,fit:e47555f16f02711dc446d8bfb5ee6625d9c15688be7bc41a38dbac9a7bc8e103:segment:003,3,5393.0,5322,activities/067_260425073220.csv,1,1,0,0
fit:e47555f16f02711dc446d8bfb5ee6625d9c15688be7bc41a38dbac9a7bc8e103,2026-04-25T07:02:15+00:00,747,243,165,76,4.597,330.79999999999995,11,fit:e47555f16f02711dc446d8bfb5ee6625d9c15688be7bc41a38dbac9a7bc8e103:segment:003,3,5394.0,5323,activities/067_260425073220.csv,1,1,0,0
fit:e47555f16f02711dc446d8bfb5ee6625d9c15688be7bc41a38dbac9a7bc8e103,2026-04-25T07:02:16+00:00,748,259,165,76,4.598,330.79999999999995,11,fit:e47555f16f02711dc446d8bfb5ee6625d9c15688be7bc41a38dbac9a7bc8e103:segment:003,3,5395.0,5324,activities/067_260425073220.csv,1,1,0,0
fit:e47555f16f02711dc446d8bfb5ee6625d9c15688be7bc41a38dbac9a7bc8e103,2026-04-25T07:02:17+00:00,749,282,165,75,4.621,331.4,11,fit:e47555f16f02711dc446d8bfb5ee6625d9c15688be7bc41a38dbac9a7bc8e103:segment:003,3,5396.0,5325,activities/067_260425073220.csv,1,1,0,0
fit:e47555f16f02711dc446d8bfb5ee6625d9c15688be7bc41a38dbac9a7bc8e103,2026-04-25T07:02:18+00:00,750,288,164,74,4.591,331.4,11,fit:e47555f16f02711dc446d8bfb5ee6625d9c15688be7bc41a38dbac9a7bc8e103:segment:003,3,5397.0,5326,activities/067_260425073220.csv,1,1,0,0
fit:e47555f16f02711dc446d8bfb5ee6625d9c15688be7bc41a38dbac9a7bc8e103,2026-04-25T07:02:19+00:00,751,293,164,73,4.514,331.4,11,fit:e47555f16f02711dc446d8bfb5ee6625d9c15688be7bc41a38dbac9a7bc8e103:segment:003,3,5398.0,5327,activities/067_260425073220.csv,1,1,0,0
fit:e47555f16f02711dc446d8bfb5ee6625d9c15688be7bc41a38dbac9a7bc8e103,2026-04-25T07:02:20+00:00,752,293,164,73,4.557,331.4,11,fit:e47555f16f02711dc446d8bfb5ee6625d9c15688be7bc41a38dbac9a7bc8e103:segment:003,3,5399.0,5328,activities/067_260425073220.csv,1,1,0,0
fit:e47555f16f02711dc446d8bfb5ee6625d9c15688be7bc41a38dbac9a7bc8e103,2026-04-25T07:02:21+00:00,753,277,164,73,4.558,331.4,11,fit:e47555f16f02711dc446d8bfb5ee6625d9c15688be7bc41a38dbac9a7bc8e103:segment:003,3,5400.0,5329,activities/067_260425073220.csv,1,1,0,0
fit:e47555f16f02711dc446d8bfb5ee6625d9c15688be7bc41a38dbac9a7bc8e103,2026-04-25T07:02:22+00:00,754,297,164,73,4.612,332.4,11,fit:e47555f16f02711dc446d8bfb5ee6625d9c15688be7bc41a38dbac9a7bc8e103:segment:003,3,5401.0,5330,activities/067_260425073220.csv,1,1,0,0
fit:e47555f16f02711dc446d8bfb5ee6625d9c15688be7bc41a38dbac9a7bc8e103,2026-04-25T07:02:23+00:00,755,282,164,73,4.618,332.79999999999995,11,fit:e47555f16f02711dc446d8bfb5ee6625d9c15688be7bc41a38dbac9a7bc8e103:segment:003,3,5402.0,5331,activities/067_260425073220.csv,1,1,0,0
fit:e47555f16f02711dc446d8bfb5ee6625d9c15688be7bc41a38dbac9a7bc8e103,2026-04-25T07:02:24+00:00,756,272,164,73,4.455,333.4,11,fit:e47555f16f02711dc446d8bfb5ee6625d9c15688be7bc41a38dbac9a7bc8e103:segment:003,3,5403.0,5332,activities/067_260425073220.csv,1,1,0,0
fit:e47555f16f02711dc446d8bfb5ee6625d9c15688be7bc41a38dbac9a7bc8e103,2026-04-25T07:02:25+00:00,757,273,164,73,4.432,334.0,11,fit:e47555f16f02711dc446d8bfb5ee6625d9c15688be7bc41a38dbac9a7bc8e103:segment:003,3,5404.0,5333,activities/067_260425073220.csv,1,1,0,0
fit:e47555f16f02711dc446d8bfb5ee6625d9c15688be7bc41a38dbac9a7bc8e103,2026-04-25T07:02:26+00:00,758,295,164,73,4.422,334.0,11,fit:e47555f16f02711dc446d8bfb5ee6625d9c15688be7bc41a38dbac9a7bc8e103:segment:003,3,5405.0,5334,activities/067_260425073220.csv,1,1,0,0
fit:e47555f16f02711dc446d8bfb5ee6625d9c15688be7bc41a38dbac9a7bc8e103,2026-04-25T07:02:27+00:00,759,283,163,73,4.435,334.0,11,fit:e47555f16f02711dc446d8bfb5ee6625d9c15688be7bc41a38dbac9a7bc8e103:segment:003,3,5406.0,5335,activities/067_260425073220.csv,1,1,0,0
fit:e47555f16f02711dc446d8bfb5ee6625d9c15688be7bc41a38dbac9a7bc8e103,2026-04-25T07:02:28+00:00,760,304,163,74,4.342,334.0,11,fit:e47555f16f02711dc446d8bfb5ee6625d9c15688be7bc41a38dbac9a7bc8e103:segment:003,3,5407.0,5336,activities/067_260425073220.csv,1,1,0,0
fit:e47555f16f02711dc446d8bfb5ee6625d9c15688be7bc41a38dbac9a7bc8e103,2026-04-25T07:02:29+00:00,761,280,163,75,4.441,334.0,11,fit:e47555f16f02711dc446d8bfb5ee6625d9c15688be7bc41a38dbac9a7bc8e103:segment:003,3,5408.0,5337,activities/067_260425073220.csv,1,1,0,0
fit:e47555f16f02711dc446d8bfb5ee6625d9c15688be7bc41a38dbac9a7bc8e103,2026-04-25T07:02:30+00:00,762,280,163,75,4.514,335.0,11,fit:e47555f16f02711dc446d8bfb5ee6625d9c15688be7bc41a38dbac9a7bc8e103:segment:003,3,5409.0,5338,activities/067_260425073220.csv,1,1,0,0
fit:e47555f16f02711dc446d8bfb5ee6625d9c15688be7bc41a38dbac9a7bc8e103,2026-04-25T07:02:31+00:00,763,284,163,75,4.517,335.0,11,fit:e47555f16f02711dc446d8bfb5ee6625d9c15688be7bc41a38dbac9a7bc8e103:segment:003,3,5410.0,5339,activities/067_260425073220.csv,1,1,0,0
fit:e47555f16f02711dc446d8bfb5ee6625d9c15688be7bc41a38dbac9a7bc8e103,2026-04-25T07:02:32+00:00,764,311,162,73,4.455,335.6,11,fit:e47555f16f02711dc446d8bfb5ee6625d9c15688be7bc41a38dbac9a7bc8e103:segment:003,3,5411.0,5340,activities/067_260425073220.csv,1,1,0,0
fit:e47555f16f02711dc446d8bfb5ee6625d9c15688be7bc41a38dbac9a7bc8e103,2026-04-25T07:02:33+00:00,765,332,162,73,4.312,335.6,11,fit:e47555f16f02711dc446d8bfb5ee6625d9c15688be7bc41a38dbac9a7bc8e103:segment:003,3,5412.0,5341,activities/067_260425073220.csv,1,1,0,0
fit:e47555f16f02711dc446d8bfb5ee6625d9c15688be7bc41a38dbac9a7bc8e103,2026-04-25T07:02:34+00:00,766,312,162,76,4.351,335.6,11,fit:e47555f16f02711dc446d8bfb5ee6625d9c15688be7bc41a38dbac9a7bc8e103:segment:003,3,5413.0,5342,activities/067_260425073220.csv,1,1,0,0
fit:e47555f16f02711dc446d8bfb5ee6625d9c15688be7bc41a38dbac9a7bc8e103,2026-04-25T07:02:35+00:00,767,276,163,79,4.735,335.6,11,fit:e47555f16f02711dc446d8bfb5ee6625d9c15688be7bc41a38dbac9a7bc8e103:segment:003,3,5414.0,5343,activities/067_260425073220.csv,1,1,0,0
fit:e47555f16f02711dc446d8bfb5ee6625d9c15688be7bc41a38dbac9a7bc8e103,2026-04-25T07:02:36+00:00,768,271,163,80,4.879,336.20000000000005,11,fit:e47555f16f02711dc446d8bfb5ee6625d9c15688be7bc41a38dbac9a7bc8e103:segment:003,3,5415.0,5344,activities/067_260425073220.csv,1,1,0,0
fit:e47555f16f02711dc446d8bfb5ee6625d9c15688be7bc41a38dbac9a7bc8e103,2026-04-25T07:02:37+00:00,769,273,163,81,4.697,336.6,11,fit:e47555f16f02711dc446d8bfb5ee6625d9c15688be7bc41a38dbac9a7bc8e103:segment:003,3,5416.0,5345,activities/067_260425073220.csv,1,1,0,0
fit:e47555f16f02711dc446d8bfb5ee6625d9c15688be7bc41a38dbac9a7bc8e103,2026-04-25T07:02:38+00:00,770,313,163,83,4.771,336.6,11,fit:e47555f16f02711dc446d8bfb5ee6625d9c15688be7bc41a38dbac9a7bc8e103:segment:003,3,5417.0,5346,activities/067_260425073220.csv,1,1,0,0
fit:e47555f16f02711dc446d8bfb5ee6625d9c15688be7bc41a38dbac9a7bc8e103,2026-04-25T07:02:39+00:00,771,290,164,83,5.018,336.6,11,fit:e47555f16f02711dc446d8bfb5ee6625d9c15688be7bc41a38dbac9a7bc8e103:segment:003,3,5418.0,5347,activities/067_260425073220.csv,1,1,0,0
fit:e47555f16f02711dc446d8bfb5ee6625d9c15688be7bc41a38dbac9a7bc8e103,2026-04-25T07:02:40+00:00,772,288,164,84,5.173,336.6,11,fit:e47555f16f02711dc446d8bfb5ee6625d9c15688be7bc41a38dbac9a7bc8e103:segment:003,3,5419.0,5348,activities/067_260425073220.csv,1,1,0,0
fit:e47555f16f02711dc446d8bfb5ee6625d9c15688be7bc41a38dbac9a7bc8e103,2026-04-25T07:02:41+00:00,773,265,164,84,5.141,336.6,11,fit:e47555f16f02711dc446d8bfb5ee6625d9c15688be7bc41a38dbac9a7bc8e103:segment:003,3,5420.0,5349,activities/067_260425073220.csv,1,1,0,0
fit:e47555f16f02711dc446d8bfb5ee6625d9c15688be7bc41a38dbac9a7bc8e103,2026-04-25T07:02:42+00:00,774,97,165,76,5.186,337.6,11,fit:e47555f16f02711dc446d8bfb5ee6625d9c15688be7bc41a38dbac9a7bc8e103:segment:003,3,5421.0,5350,activities/067_260425073220.csv,1,1,0,0
fit:e47555f16f02711dc446d8bfb5ee6625d9c15688be7bc41a38dbac9a7bc8e103,2026-04-25T07:02:43+00:00,775,237,165,74,5.151,338.4,11,fit:e47555f16f02711dc446d8bfb5ee6625d9c15688be7bc41a38dbac9a7bc8e103:segment:003,3,5422.0,5351,activities/067_260425073220.csv,1,1,0,0
fit:e47555f16f02711dc446d8bfb5ee6625d9c15688be7bc41a38dbac9a7bc8e103,2026-04-25T07:02:44+00:00,776,199,165,75,5.136,338.4,11,fit:e47555f16f02711dc446d8bfb5ee6625d9c15688be7bc41a38dbac9a7bc8e103:segment:003,3,5423.0,5352,activities/067_260425073220.csv,1,1,0,0
fit:e47555f16f02711dc446d8bfb5ee6625d9c15688be7bc41a38dbac9a7bc8e103,2026-04-25T07:02:45+00:00,777,199,164,75,5.126,338.4,11,fit:e47555f16f02711dc446d8bfb5ee6625d9c15688be7bc41a38dbac9a7bc8e103:segment:003,3,5424.0,5353,activities/067_260425073220.csv,1,1,0,0
fit:e47555f16f02711dc446d8bfb5ee6625d9c15688be7bc41a38dbac9a7bc8e103,2026-04-25T07:02:46+00:00,778,234,164,75,5.203,338.4,11,fit:e47555f16f02711dc446d8bfb5ee6625d9c15688be7bc41a38dbac9a7bc8e103:segment:003,3,5425.0,5354,activities/067_260425073220.csv,1,1,0,0
fit:e47555f16f02711dc446d8bfb5ee6625d9c15688be7bc41a38dbac9a7bc8e103,2026-04-25T07:02:47+00:00,779,263,164,76,5.241,338.6,11,fit:e47555f16f02711dc446d8bfb5ee6625d9c15688be7bc41a38dbac9a7bc8e103:segment:003,3,5426.0,5355,activities/067_260425073220.csv,1,1,0,0
fit:e47555f16f02711dc446d8bfb5ee6625d9c15688be7bc41a38dbac9a7bc8e103,2026-04-25T07:02:48+00:00,780,251,164,80,5.398,339.0,11,fit:e47555f16f02711dc446d8bfb5ee6625d9c15688be7bc41a38dbac9a7bc8e103:segment:003,3,5427.0,5356,activities/067_260425073220.csv,1,1,0,0
fit:e47555f16f02711dc446d8bfb5ee6625d9c15688be7bc41a38dbac9a7bc8e103,2026-04-25T07:02:49+00:00,781,360,163,80,5.493,339.4,11,fit:e47555f16f02711dc446d8bfb5ee6625d9c15688be7bc41a38dbac9a7bc8e103:segment:003,3,5428.0,5357,activities/067_260425073220.csv,1,1,0,0
fit:e47555f16f02711dc446d8bfb5ee6625d9c15688be7bc41a38dbac9a7bc8e103,2026-04-25T07:02:50+00:00,782,360,162,84,5.596,339.4,11,fit:e47555f16f02711dc446d8bfb5ee6625d9c15688be7bc41a38dbac9a7bc8e103:segment:003,3,5429.0,5358,activities/067_260425073220.csv,1,1,0,0
fit:e47555f16f02711dc446d8bfb5ee6625d9c15688be7bc41a38dbac9a7bc8e103,2026-04-25T07:02:51+00:00,783,366,162,84,5.731,339.4,11,fit:e47555f16f02711dc446d8bfb5ee6625d9c15688be7bc41a38dbac9a7bc8e103:segment:003,3,5430.0,5359,activities/067_260425073220.csv,1,1,0,0
fit:e47555f16f02711dc446d8bfb5ee6625d9c15688be7bc41a38dbac9a7bc8e103,2026-04-25T07:02:52+00:00,784,340,161,78,5.949,339.4,11,fit:e47555f16f02711dc446d8bfb5ee6625d9c15688be7bc41a38dbac9a7bc8e103:segment:003,3,5431.0,5360,activities/067_260425073220.csv,1,1,0,0
fit:e47555f16f02711dc446d8bfb5ee6625d9c15688be7bc41a38dbac9a7bc8e103,2026-04-25T07:02:53+00:00,785,276,161,81,6.096,340.4,11,fit:e47555f16f02711dc446d8bfb5ee6625d9c15688be7bc41a38dbac9a7bc8e103:segment:003,3,5432.0,5361,activities/067_260425073220.csv,1,1,0,0
fit:e47555f16f02711dc446d8bfb5ee6625d9c15688be7bc41a38dbac9a7bc8e103,2026-04-25T07:02:54+00:00,786,259,161,82,6.235,340.4,11,fit:e47555f16f02711dc446d8bfb5ee6625d9c15688be7bc41a38dbac9a7bc8e103:segment:003,3,5433.0,5362,activities/067_260425073220.csv,1,1,0,0
fit:e47555f16f02711dc446d8bfb5ee6625d9c15688be7bc41a38dbac9a7bc8e103,2026-04-25T07:02:55+00:00,787,308,161,82,6.406,340.4,11,fit:e47555f16f02711dc446d8bfb5ee6625d9c15688be7bc41a38dbac9a7bc8e103:segment:003,3,5434.0,5363,activities/067_260425073220.csv,1,1,0,0
fit:e47555f16f02711dc446d8bfb5ee6625d9c15688be7bc41a38dbac9a7bc8e103,2026-04-25T07:02:56+00:00,788,301,162,83,6.55,340.4,11,fit:e47555f16f02711dc446d8bfb5ee6625d9c15688be7bc41a38dbac9a7bc8e103:segment:003,3,5435.0,5364,activities/067_260425073220.csv,1,1,0,0
fit:e47555f16f02711dc446d8bfb5ee6625d9c15688be7bc41a38dbac9a7bc8e103,2026-04-25T07:02:57+00:00,789,404,162,84,6.713,340.4,11,fit:e47555f16f02711dc446d8bfb5ee6625d9c15688be7bc41a38dbac9a7bc8e103:segment:003,3,5436.0,5365,activities/067_260425073220.csv,1,1,0,0
fit:e47555f16f02711dc446d8bfb5ee6625d9c15688be7bc41a38dbac9a7bc8e103,2026-04-25T07:02:58+00:00,790,365,162,89,6.736,340.79999999999995,11,fit:e47555f16f02711dc446d8bfb5ee6625d9c15688be7bc41a38dbac9a7bc8e103:segment:003,3,5437.0,5366,activities/067_260425073220.csv,1,1,0,0
fit:e47555f16f02711dc446d8bfb5ee6625d9c15688be7bc41a38dbac9a7bc8e103,2026-04-25T07:02:59+00:00,791,328,163,90,6.825,341.0,11,fit:e47555f16f02711dc446d8bfb5ee6625d9c15688be7bc41a38dbac9a7bc8e103:segment:003,3,5438.0,5367,activities/067_260425073220.csv,1,1,0,0
fit:e47555f16f02711dc446d8bfb5ee6625d9c15688be7bc41a38dbac9a7bc8e103,2026-04-25T07:03:00+00:00,792,328,163,91,7.032,341.6,11,fit:e47555f16f02711dc446d8bfb5ee6625d9c15688be7bc41a38dbac9a7bc8e103:segment:003,3,5439.0,5368,activities/067_260425073220.csv,1,1,0,0
fit:e47555f16f02711dc446d8bfb5ee6625d9c15688be7bc41a38dbac9a7bc8e103,2026-04-25T07:03:01+00:00,793,291,164,91,7.263,341.6,11,fit:e47555f16f02711dc446d8bfb5ee6625d9c15688be7bc41a38dbac9a7bc8e103:segment:003,3,5440.0,5369,activities/067_260425073220.csv,1,1,0,0
fit:e47555f16f02711dc446d8bfb5ee6625d9c15688be7bc41a38dbac9a7bc8e103,2026-04-25T07:03:02+00:00,794,313,164,91,7.342,341.6,11,fit:e47555f16f02711dc446d8bfb5ee6625d9c15688be7bc41a38dbac9a7bc8e103:segment:003,3,5441.0,5370,activities/067_260425073220.csv,1,1,0,0
fit:e47555f16f02711dc446d8bfb5ee6625d9c15688be7bc41a38dbac9a7bc8e103,2026-04-25T07:03:03+00:00,795,251,165,90,7.296,341.6,11,fit:e47555f16f02711dc446d8bfb5ee6625d9c15688be7bc41a38dbac9a7bc8e103:segment:003,3,5442.0,5371,activities/067_260425073220.csv,1,1,0,0
fit:e47555f16f02711dc446d8bfb5ee6625d9c15688be7bc41a38dbac9a7bc8e103,2026-04-25T07:03:04+00:00,796,239,165,90,7.282,341.6,11,fit:e47555f16f02711dc446d8bfb5ee6625d9c15688be7bc41a38dbac9a7bc8e103:segment:003,3,5443.0,5372,activities/067_260425073220.csv,1,1,0,0
fit:e47555f16f02711dc446d8bfb5ee6625d9c15688be7bc41a38dbac9a7bc8e103,2026-04-25T07:03:05+00:00,797,255,165,90,7.194,342.20000000000005,11,fit:e47555f16f02711dc446d8bfb5ee6625d9c15688be7bc41a38dbac9a7bc8e103:segment:003,3,5444.0,5373,activities/067_260425073220.csv,1,1,0,0
fit:e47555f16f02711dc446d8bfb5ee6625d9c15688be7bc41a38dbac9a7bc8e103,2026-04-25T07:03:06+00:00,798,279,166,91,7.113,342.6,11,fit:e47555f16f02711dc446d8bfb5ee6625d9c15688be7bc41a38dbac9a7bc8e103:segment:003,3,5445.0,5374,activities/067_260425073220.csv,1,1,0,0
fit:e47555f16f02711dc446d8bfb5ee6625d9c15688be7bc41a38dbac9a7bc8e103,2026-04-25T07:03:07+00:00,799,318,166,91,7.015,342.6,11,fit:e47555f16f02711dc446d8bfb5ee6625d9c15688be7bc41a38dbac9a7bc8e103:segment:003,3,5446.0,5375,activities/067_260425073220.csv,1,1,0,0
fit:e47555f16f02711dc446d8bfb5ee6625d9c15688be7bc41a38dbac9a7bc8e103,2026-04-25T07:03:08+00:00,800,331,167,92,7.005,342.6,11,fit:e47555f16f02711dc446d8bfb5ee6625d9c15688be7bc41a38dbac9a7bc8e103:segment:003,3,5447.0,5376,activities/067_260425073220.csv,1,1,0,0
fit:e47555f16f02711dc446d8bfb5ee6625d9c15688be7bc41a38dbac9a7bc8e103,2026-04-25T07:03:09+00:00,801,273,167,93,7.105,342.6,11,fit:e47555f16f02711dc446d8bfb5ee6625d9c15688be7bc41a38dbac9a7bc8e103:segment:003,3,5448.0,5377,activities/067_260425073220.csv,1,1,0,0
fit:e47555f16f02711dc446d8bfb5ee6625d9c15688be7bc41a38dbac9a7bc8e103,2026-04-25T07:03:10+00:00,802,354,167,94,7.114,342.6,11,fit:e47555f16f02711dc446d8bfb5ee6625d9c15688be7bc41a38dbac9a7bc8e103:segment:003,3,5449.0,5378,activities/067_260425073220.csv,1,1,0,0
fit:e47555f16f02711dc446d8bfb5ee6625d9c15688be7bc41a38dbac9a7bc8e103,2026-04-25T07:03:11+00:00,803,265,167,94,7.04,343.20000000000005,11,fit:e47555f16f02711dc446d8bfb5ee6625d9c15688be7bc41a38dbac9a7bc8e103:segment:003,3,5450.0,5379,activities/067_260425073220.csv,1,1,0,0
fit:e47555f16f02711dc446d8bfb5ee6625d9c15688be7bc41a38dbac9a7bc8e103,2026-04-25T07:03:12+00:00,804,338,166,95,7.184,343.20000000000005,11,fit:e47555f16f02711dc446d8bfb5ee6625d9c15688be7bc41a38dbac9a7bc8e103:segment:003,3,5451.0,5380,activities/067_260425073220.csv,1,1,0,0
fit:e47555f16f02711dc446d8bfb5ee6625d9c15688be7bc41a38dbac9a7bc8e103,2026-04-25T07:03:13+00:00,805,293,167,84,7.239,343.20000000000005,11,fit:e47555f16f02711dc446d8bfb5ee6625d9c15688be7bc41a38dbac9a7bc8e103:segment:003,3,5452.0,5381,activities/067_260425073220.csv,1,1,0,0
fit:e47555f16f02711dc446d8bfb5ee6625d9c15688be7bc41a38dbac9a7bc8e103,2026-04-25T07:03:14+00:00,806,317,167,85,7.377,343.20000000000005,11,fit:e47555f16f02711dc446d8bfb5ee6625d9c15688be7bc41a38dbac9a7bc8e103:segment:003,3,5453.0,5382,activities/067_260425073220.csv,1,1,0,0
fit:e47555f16f02711dc446d8bfb5ee6625d9c15688be7bc41a38dbac9a7bc8e103,2026-04-25T07:03:15+00:00,807,318,167,85,7.506,344.20000000000005,11,fit:e47555f16f02711dc446d8bfb5ee6625d9c15688be7bc41a38dbac9a7bc8e103:segment:003,3,5454.0,5383,activities/067_260425073220.csv,1,1,0,0
fit:e47555f16f02711dc446d8bfb5ee6625d9c15688be7bc41a38dbac9a7bc8e103,2026-04-25T07:03:16+00:00,808,291,167,85,7.624,344.20000000000005,11,fit:e47555f16f02711dc446d8bfb5ee6625d9c15688be7bc41a38dbac9a7bc8e103:segment:003,3,5455.0,5384,activities/067_260425073220.csv,1,1,0,0
fit:e47555f16f02711dc446d8bfb5ee6625d9c15688be7bc41a38dbac9a7bc8e103,2026-04-25T07:03:17+00:00,809,340,167,85,7.734,344.20000000000005,11,fit:e47555f16f02711dc446d8bfb5ee6625d9c15688be7bc41a38dbac9a7bc8e103:segment:003,3,5456.0,5385,activities/067_260425073220.csv,1,1,0,0
fit:e47555f16f02711dc446d8bfb5ee6625d9c15688be7bc41a38dbac9a7bc8e103,2026-04-25T07:03:18+00:00,810,345,167,85,7.653,344.20000000000005,11,fit:e47555f16f02711dc446d8bfb5ee6625d9c15688be7bc41a38dbac9a7bc8e103:segment:003,3,5457.0,5386,activities/067_260425073220.csv,1,1,0,0
fit:e47555f16f02711dc446d8bfb5ee6625d9c15688be7bc41a38dbac9a7bc8e103,2026-04-25T07:03:19+00:00,811,345,168,86,7.545,344.20000000000005,11,fit:e47555f16f02711dc446d8bfb5ee6625d9c15688be7bc41a38dbac9a7bc8e103:segment:003,3,5458.0,5387,activities/067_260425073220.csv,1,1,0,0
fit:e47555f16f02711dc446d8bfb5ee6625d9c15688be7bc41a38dbac9a7bc8e103,2026-04-25T07:03:20+00:00,812,296,168,86,7.377,344.6,11,fit:e47555f16f02711dc446d8bfb5ee6625d9c15688be7bc41a38dbac9a7bc8e103:segment:003,3,5459.0,5388,activities/067_260425073220.csv,1,1,0,0
fit:e47555f16f02711dc446d8bfb5ee6625d9c15688be7bc41a38dbac9a7bc8e103,2026-04-25T07:03:21+00:00,813,271,168,85,7.371,345.0,11,fit:e47555f16f02711dc446d8bfb5ee6625d9c15688be7bc41a38dbac9a7bc8e103:segment:003,3,5460.0,5389,activities/067_260425073220.csv,1,1,0,0
fit:e47555f16f02711dc446d8bfb5ee6625d9c15688be7bc41a38dbac9a7bc8e103,2026-04-25T07:03:22+00:00,814,277,168,85,7.328,345.6,11,fit:e47555f16f02711dc446d8bfb5ee6625d9c15688be7bc41a38dbac9a7bc8e103:segment:003,3,5461.0,5390,activities/067_260425073220.csv,1,1,0,0
fit:e47555f16f02711dc446d8bfb5ee6625d9c15688be7bc41a38dbac9a7bc8e103,2026-04-25T07:03:23+00:00,815,277,169,84,7.353,345.6,11,fit:e47555f16f02711dc446d8bfb5ee6625d9c15688be7bc41a38dbac9a7bc8e103:segment:003,3,5462.0,5391,activities/067_260425073220.csv,1,1,0,0
fit:e47555f16f02711dc446d8bfb5ee6625d9c15688be7bc41a38dbac9a7bc8e103,2026-04-25T07:03:24+00:00,816,270,169,84,7.359,345.6,11,fit:e47555f16f02711dc446d8bfb5ee6625d9c15688be7bc41a38dbac9a7bc8e103:segment:003,3,5463.0,5392,activities/067_260425073220.csv,1,1,0,0
fit:e47555f16f02711dc446d8bfb5ee6625d9c15688be7bc41a38dbac9a7bc8e103,2026-04-25T07:03:25+00:00,817,264,169,83,7.3,344.6,11,fit:e47555f16f02711dc446d8bfb5ee6625d9c15688be7bc41a38dbac9a7bc8e103:segment:003,3,5464.0,5393,activities/067_260425073220.csv,1,1,0,0
fit:e47555f16f02711dc446d8bfb5ee6625d9c15688be7bc41a38dbac9a7bc8e103,2026-04-25T07:03:26+00:00,818,251,170,82,7.203,343.6,11,fit:e47555f16f02711dc446d8bfb5ee6625d9c15688be7bc41a38dbac9a7bc8e103:segment:003,3,5465.0,5394,activities/067_260425073220.csv,1,1,0,0
fit:e47555f16f02711dc446d8bfb5ee6625d9c15688be7bc41a38dbac9a7bc8e103,2026-04-25T07:03:27+00:00,819,268,170,82,7.221,343.6,11,fit:e47555f16f02711dc446d8bfb5ee6625d9c15688be7bc41a38dbac9a7bc8e103:segment:003,3,5466.0,5395,activities/067_260425073220.csv,1,1,0,0
fit:e47555f16f02711dc446d8bfb5ee6625d9c15688be7bc41a38dbac9a7bc8e103,2026-04-25T07:03:28+00:00,820,294,170,82,7.243,343.6,11,fit:e47555f16f02711dc446d8bfb5ee6625d9c15688be7bc41a38dbac9a7bc8e103:segment:003,3,5467.0,5396,activities/067_260425073220.csv,1,1,0,0
fit:e47555f16f02711dc446d8bfb5ee6625d9c15688be7bc41a38dbac9a7bc8e103,2026-04-25T07:03:29+00:00,821,266,170,84,7.353,344.6,11,fit:e47555f16f02711dc446d8bfb5ee6625d9c15688be7bc41a38dbac9a7bc8e103:segment:003,3,5468.0,5397,activities/067_260425073220.csv,1,1,0,0
fit:e47555f16f02711dc446d8bfb5ee6625d9c15688be7bc41a38dbac9a7bc8e103,2026-04-25T07:03:30+00:00,822,266,170,84,7.343,345.6,11,fit:e47555f16f02711dc446d8bfb5ee6625d9c15688be7bc41a38dbac9a7bc8e103:segment:003,3,5469.0,5398,activities/067_260425073220.csv,1,1,0,0
fit:e47555f16f02711dc446d8bfb5ee6625d9c15688be7bc41a38dbac9a7bc8e103,2026-04-25T07:03:31+00:00,823,267,170,84,7.192,346.6,11,fit:e47555f16f02711dc446d8bfb5ee6625d9c15688be7bc41a38dbac9a7bc8e103:segment:003,3,5470.0,5399,activities/067_260425073220.csv,1,1,0,0
fit:e47555f16f02711dc446d8bfb5ee6625d9c15688be7bc41a38dbac9a7bc8e103,2026-04-25T07:03:32+00:00,824,255,170,84,7.25,346.6,11,fit:e47555f16f02711dc446d8bfb5ee6625d9c15688be7bc41a38dbac9a7bc8e103:segment:003,3,5471.0,5400,activities/067_260425073220.csv,1,1,0,0
fit:e47555f16f02711dc446d8bfb5ee6625d9c15688be7bc41a38dbac9a7bc8e103,2026-04-25T07:03:33+00:00,825,240,170,85,7.351,346.6,11,fit:e47555f16f02711dc446d8bfb5ee6625d9c15688be7bc41a38dbac9a7bc8e103:segment:003,3,5472.0,5401,activities/067_260425073220.csv,1,1,0,0
fit:e47555f16f02711dc446d8bfb5ee6625d9c15688be7bc41a38dbac9a7bc8e103,2026-04-25T07:03:34+00:00,826,256,170,85,7.457,346.6,11,fit:e47555f16f02711dc446d8bfb5ee6625d9c15688be7bc41a38dbac9a7bc8e103:segment:003,3,5473.0,5402,activities/067_260425073220.csv,1,1,0,0
fit:e47555f16f02711dc446d8bfb5ee6625d9c15688be7bc41a38dbac9a7bc8e103,2026-04-25T07:03:35+00:00,827,257,169,85,7.561,347.0,11,fit:e47555f16f02711dc446d8bfb5ee6625d9c15688be7bc41a38dbac9a7bc8e103:segment:003,3,5474.0,5403,activities/067_260425073220.csv,1,1,0,0
fit:e47555f16f02711dc446d8bfb5ee6625d9c15688be7bc41a38dbac9a7bc8e103,2026-04-25T07:03:36+00:00,828,232,169,86,7.559,347.4,11,fit:e47555f16f02711dc446d8bfb5ee6625d9c15688be7bc41a38dbac9a7bc8e103:segment:003,3,5475.0,5404,activities/067_260425073220.csv,1,1,0,0
fit:e47555f16f02711dc446d8bfb5ee6625d9c15688be7bc41a38dbac9a7bc8e103,2026-04-25T07:03:37+00:00,829,247,169,86,7.645,347.6,11,fit:e47555f16f02711dc446d8bfb5ee6625d9c15688be7bc41a38dbac9a7bc8e103:segment:003,3,5476.0,5405,activities/067_260425073220.csv,1,1,0,0
fit:e47555f16f02711dc446d8bfb5ee6625d9c15688be7bc41a38dbac9a7bc8e103,2026-04-25T07:03:38+00:00,830,234,169,85,7.601,348.4,12,fit:e47555f16f02711dc446d8bfb5ee6625d9c15688be7bc41a38dbac9a7bc8e103:segment:003,3,5477.0,5406,activities/067_260425073220.csv,1,1,0,0
fit:e47555f16f02711dc446d8bfb5ee6625d9c15688be7bc41a38dbac9a7bc8e103,2026-04-25T07:03:39+00:00,831,253,169,85,7.467,348.4,12,fit:e47555f16f02711dc446d8bfb5ee6625d9c15688be7bc41a38dbac9a7bc8e103:segment:003,3,5478.0,5407,activities/067_260425073220.csv,1,1,0,0
fit:e47555f16f02711dc446d8bfb5ee6625d9c15688be7bc41a38dbac9a7bc8e103,2026-04-25T07:03:40+00:00,832,249,169,84,7.507,348.4,12,fit:e47555f16f02711dc446d8bfb5ee6625d9c15688be7bc41a38dbac9a7bc8e103:segment:003,3,5479.0,5408,activities/067_260425073220.csv,1,1,0,0
fit:e47555f16f02711dc446d8bfb5ee6625d9c15688be7bc41a38dbac9a7bc8e103,2026-04-25T07:03:41+00:00,833,291,168,84,7.503,348.4,12,fit:e47555f16f02711dc446d8bfb5ee6625d9c15688be7bc41a38dbac9a7bc8e103:segment:003,3,5480.0,5409,activities/067_260425073220.csv,1,1,0,0
fit:e47555f16f02711dc446d8bfb5ee6625d9c15688be7bc41a38dbac9a7bc8e103,2026-04-25T07:03:42+00:00,834,249,168,84,7.506,348.4,12,fit:e47555f16f02711dc446d8bfb5ee6625d9c15688be7bc41a38dbac9a7bc8e103:segment:003,3,5481.0,5410,activities/067_260425073220.csv,1,1,0,0
fit:e47555f16f02711dc446d8bfb5ee6625d9c15688be7bc41a38dbac9a7bc8e103,2026-04-25T07:03:43+00:00,835,251,168,84,7.504,349.0,12,fit:e47555f16f02711dc446d8bfb5ee6625d9c15688be7bc41a38dbac9a7bc8e103:segment:003,3,5482.0,5411,activities/067_260425073220.csv,1,1,0,0
fit:e47555f16f02711dc446d8bfb5ee6625d9c15688be7bc41a38dbac9a7bc8e103,2026-04-25T07:03:44+00:00,836,256,168,83,7.354,349.20000000000005,12,fit:e47555f16f02711dc446d8bfb5ee6625d9c15688be7bc41a38dbac9a7bc8e103:segment:003,3,5483.0,5412,activities/067_260425073220.csv,1,1,0,0
fit:e47555f16f02711dc446d8bfb5ee6625d9c15688be7bc41a38dbac9a7bc8e103,2026-04-25T07:03:45+00:00,837,256,168,83,7.297,349.79999999999995,12,fit:e47555f16f02711dc446d8bfb5ee6625d9c15688be7bc41a38dbac9a7bc8e103:segment:003,3,5484.0,5413,activities/067_260425073220.csv,1,1,0,0
fit:e47555f16f02711dc446d8bfb5ee6625d9c15688be7bc41a38dbac9a7bc8e103,2026-04-25T07:03:46+00:00,838,256,169,82,7.155,350.0,12,fit:e47555f16f02711dc446d8bfb5ee6625d9c15688be7bc41a38dbac9a7bc8e103:segment:003,3,5485.0,5414,activities/067_260425073220.csv,1,1,0,0
fit:e47555f16f02711dc446d8bfb5ee6625d9c15688be7bc41a38dbac9a7bc8e103,2026-04-25T07:03:47+00:00,839,254,169,82,7.152,350.0,12,fit:e47555f16f02711dc446d8bfb5ee6625d9c15688be7bc41a38dbac9a7bc8e103:segment:003,3,5486.0,5415,activities/067_260425073220.csv,1,1,0,0
fit:e47555f16f02711dc446d8bfb5ee6625d9c15688be7bc41a38dbac9a7bc8e103,2026-04-25T07:03:48+00:00,840,247,169,80,6.988,350.0,12,fit:e47555f16f02711dc446d8bfb5ee6625d9c15688be7bc41a38dbac9a7bc8e103:segment:003,3,5487.0,5416,activities/067_260425073220.csv,1,1,0,0
fit:e47555f16f02711dc446d8bfb5ee6625d9c15688be7bc41a38dbac9a7bc8e103,2026-04-25T07:03:49+00:00,841,278,169,79,7.035,350.0,12,fit:e47555f16f02711dc446d8bfb5ee6625d9c15688be7bc41a38dbac9a7bc8e103:segment:003,3,5488.0,5417,activities/067_260425073220.csv,1,1,0,0
fit:e47555f16f02711dc446d8bfb5ee6625d9c15688be7bc41a38dbac9a7bc8e103,2026-04-25T07:03:50+00:00,842,304,169,79,6.989,350.0,12,fit:e47555f16f02711dc446d8bfb5ee6625d9c15688be7bc41a38dbac9a7bc8e103:segment:003,3,5489.0,5418,activities/067_260425073220.csv,1,1,0,0
fit:e47555f16f02711dc446d8bfb5ee6625d9c15688be7bc41a38dbac9a7bc8e103,2026-04-25T07:03:51+00:00,843,323,169,78,6.805,350.4,12,fit:e47555f16f02711dc446d8bfb5ee6625d9c15688be7bc41a38dbac9a7bc8e103:segment:003,3,5490.0,5419,activities/067_260425073220.csv,1,1,0,0
fit:e47555f16f02711dc446d8bfb5ee6625d9c15688be7bc41a38dbac9a7bc8e103,2026-04-25T07:03:52+00:00,844,270,169,78,6.73,350.4,12,fit:e47555f16f02711dc446d8bfb5ee6625d9c15688be7bc41a38dbac9a7bc8e103:segment:003,3,5491.0,5420,activities/067_260425073220.csv,1,1,0,0
fit:e47555f16f02711dc446d8bfb5ee6625d9c15688be7bc41a38dbac9a7bc8e103,2026-04-25T07:03:53+00:00,845,286,169,78,6.903,350.79999999999995,12,fit:e47555f16f02711dc446d8bfb5ee6625d9c15688be7bc41a38dbac9a7bc8e103:segment:003,3,5492.0,5421,activities/067_260425073220.csv,1,1,0,0
fit:e47555f16f02711dc446d8bfb5ee6625d9c15688be7bc41a38dbac9a7bc8e103,2026-04-25T07:03:54+00:00,846,327,169,78,6.922,351.6,12,fit:e47555f16f02711dc446d8bfb5ee6625d9c15688be7bc41a38dbac9a7bc8e103:segment:003,3,5493.0,5422,activities/067_260425073220.csv,1,1,0,0
fit:e47555f16f02711dc446d8bfb5ee6625d9c15688be7bc41a38dbac9a7bc8e103,2026-04-25T07:03:55+00:00,847,308,169,78,6.955,351.6,12,fit:e47555f16f02711dc446d8bfb5ee6625d9c15688be7bc41a38dbac9a7bc8e103:segment:003,3,5494.0,5423,activities/067_260425073220.csv,1,1,0,0
fit:e47555f16f02711dc446d8bfb5ee6625d9c15688be7bc41a38dbac9a7bc8e103,2026-04-25T07:03:56+00:00,848,297,169,79,6.783,351.6,12,fit:e47555f16f02711dc446d8bfb5ee6625d9c15688be7bc41a38dbac9a7bc8e103:segment:003,3,5495.0,5424,activities/067_260425073220.csv,1,1,0,0
fit:e47555f16f02711dc446d8bfb5ee6625d9c15688be7bc41a38dbac9a7bc8e103,2026-04-25T07:03:57+00:00,849,326,169,79,6.71,351.6,12,fit:e47555f16f02711dc446d8bfb5ee6625d9c15688be7bc41a38dbac9a7bc8e103:segment:003,3,5496.0,5425,activities/067_260425073220.csv,1,1,0,0
fit:e47555f16f02711dc446d8bfb5ee6625d9c15688be7bc41a38dbac9a7bc8e103,2026-04-25T07:03:58+00:00,850,332,169,80,6.761,352.4,12,fit:e47555f16f02711dc446d8bfb5ee6625d9c15688be7bc41a38dbac9a7bc8e103:segment:003,3,5497.0,5426,activities/067_260425073220.csv,1,1,0,0
fit:e47555f16f02711dc446d8bfb5ee6625d9c15688be7bc41a38dbac9a7bc8e103,2026-04-25T07:03:59+00:00,851,303,169,81,6.86,352.4,12,fit:e47555f16f02711dc446d8bfb5ee6625d9c15688be7bc41a38dbac9a7bc8e103:segment:003,3,5498.0,5427,activities/067_260425073220.csv,1,1,0,0
fit:e47555f16f02711dc446d8bfb5ee6625d9c15688be7bc41a38dbac9a7bc8e103,2026-04-25T07:04:00+00:00,852,348,169,82,6.934,352.4,12,fit:e47555f16f02711dc446d8bfb5ee6625d9c15688be7bc41a38dbac9a7bc8e103:segment:003,3,5499.0,5428,activities/067_260425073220.csv,1,1,0,0
fit:e47555f16f02711dc446d8bfb5ee6625d9c15688be7bc41a38dbac9a7bc8e103,2026-04-25T07:04:01+00:00,853,339,169,82,7.141,352.4,12,fit:e47555f16f02711dc446d8bfb5ee6625d9c15688be7bc41a38dbac9a7bc8e103:segment:003,3,5500.0,5429,activities/067_260425073220.csv,1,1,0,0
fit:e47555f16f02711dc446d8bfb5ee6625d9c15688be7bc41a38dbac9a7bc8e103,2026-04-25T07:04:02+00:00,854,339,170,82,7.17,352.4,12,fit:e47555f16f02711dc446d8bfb5ee6625d9c15688be7bc41a38dbac9a7bc8e103:segment:003,3,5501.0,5430,activities/067_260425073220.csv,1,1,0,0
fit:e47555f16f02711dc446d8bfb5ee6625d9c15688be7bc41a38dbac9a7bc8e103,2026-04-25T07:04:03+00:00,855,306,170,82,7.251,352.4,12,fit:e47555f16f02711dc446d8bfb5ee6625d9c15688be7bc41a38dbac9a7bc8e103:segment:003,3,5502.0,5431,activities/067_260425073220.csv,1,1,0,0
fit:e47555f16f02711dc446d8bfb5ee6625d9c15688be7bc41a38dbac9a7bc8e103,2026-04-25T07:04:04+00:00,856,306,170,82,6.986,353.4,12,fit:e47555f16f02711dc446d8bfb5ee6625d9c15688be7bc41a38dbac9a7bc8e103:segment:003,3,5503.0,5432,activities/067_260425073220.csv,1,1,0,0
fit:e47555f16f02711dc446d8bfb5ee6625d9c15688be7bc41a38dbac9a7bc8e103,2026-04-25T07:04:05+00:00,857,309,169,82,7.064,353.4,12,fit:e47555f16f02711dc446d8bfb5ee6625d9c15688be7bc41a38dbac9a7bc8e103:segment:003,3,5504.0,5433,activities/067_260425073220.csv,1,1,0,0
fit:e47555f16f02711dc446d8bfb5ee6625d9c15688be7bc41a38dbac9a7bc8e103,2026-04-25T07:04:06+00:00,858,268,169,81,6.709,353.4,12,fit:e47555f16f02711dc446d8bfb5ee6625d9c15688be7bc41a38dbac9a7bc8e103:segment:003,3,5505.0,5434,activities/067_260425073220.csv,1,1,0,0
fit:e47555f16f02711dc446d8bfb5ee6625d9c15688be7bc41a38dbac9a7bc8e103,2026-04-25T07:04:07+00:00,859,246,169,82,6.611,353.4,12,fit:e47555f16f02711dc446d8bfb5ee6625d9c15688be7bc41a38dbac9a7bc8e103:segment:003,3,5506.0,5435,activities/067_260425073220.csv,1,1,0,0
fit:e47555f16f02711dc446d8bfb5ee6625d9c15688be7bc41a38dbac9a7bc8e103,2026-04-25T07:04:08+00:00,860,253,169,81,6.793,354.20000000000005,12,fit:e47555f16f02711dc446d8bfb5ee6625d9c15688be7bc41a38dbac9a7bc8e103:segment:003,3,5507.0,5436,activities/067_260425073220.csv,1,1,0,0
fit:e47555f16f02711dc446d8bfb5ee6625d9c15688be7bc41a38dbac9a7bc8e103,2026-04-25T07:04:09+00:00,861,280,169,81,6.91,354.4,12,fit:e47555f16f02711dc446d8bfb5ee6625d9c15688be7bc41a38dbac9a7bc8e103:segment:003,3,5508.0,5437,activities/067_260425073220.csv,1,1,0,0
fit:e47555f16f02711dc446d8bfb5ee6625d9c15688be7bc41a38dbac9a7bc8e103,2026-04-25T07:04:10+00:00,862,311,169,81,6.9,354.4,12,fit:e47555f16f02711dc446d8bfb5ee6625d9c15688be7bc41a38dbac9a7bc8e103:segment:003,3,5509.0,5438,activities/067_260425073220.csv,1,1,0,0
fit:e47555f16f02711dc446d8bfb5ee6625d9c15688be7bc41a38dbac9a7bc8e103,2026-04-25T07:04:11+00:00,863,334,169,81,6.745,354.4,12,fit:e47555f16f02711dc446d8bfb5ee6625d9c15688be7bc41a38dbac9a7bc8e103:segment:003,3,5510.0,5439,activities/067_260425073220.csv,1,1,0,0
fit:e47555f16f02711dc446d8bfb5ee6625d9c15688be7bc41a38dbac9a7bc8e103,2026-04-25T07:04:12+00:00,864,283,169,82,6.706,354.4,12,fit:e47555f16f02711dc446d8bfb5ee6625d9c15688be7bc41a38dbac9a7bc8e103:segment:003,3,5511.0,5440,activities/067_260425073220.csv,1,1,0,0
fit:e47555f16f02711dc446d8bfb5ee6625d9c15688be7bc41a38dbac9a7bc8e103,2026-04-25T07:04:13+00:00,865,266,169,82,6.754,355.4,12,fit:e47555f16f02711dc446d8bfb5ee6625d9c15688be7bc41a38dbac9a7bc8e103:segment:003,3,5512.0,5441,activities/067_260425073220.csv,1,1,0,0
fit:e47555f16f02711dc446d8bfb5ee6625d9c15688be7bc41a38dbac9a7bc8e103,2026-04-25T07:04:14+00:00,866,331,169,80,6.768,355.4,12,fit:e47555f16f02711dc446d8bfb5ee6625d9c15688be7bc41a38dbac9a7bc8e103:segment:003,3,5513.0,5442,activities/067_260425073220.csv,1,1,0,0
fit:e47555f16f02711dc446d8bfb5ee6625d9c15688be7bc41a38dbac9a7bc8e103,2026-04-25T07:04:15+00:00,867,332,169,80,6.841,355.4,12,fit:e47555f16f02711dc446d8bfb5ee6625d9c15688be7bc41a38dbac9a7bc8e103:segment:003,3,5514.0,5443,activities/067_260425073220.csv,1,1,0,0
fit:e47555f16f02711dc446d8bfb5ee6625d9c15688be7bc41a38dbac9a7bc8e103,2026-04-25T07:04:16+00:00,868,296,169,81,6.834,355.4,12,fit:e47555f16f02711dc446d8bfb5ee6625d9c15688be7bc41a38dbac9a7bc8e103:segment:003,3,5515.0,5444,activities/067_260425073220.csv,1,1,0,0
fit:e47555f16f02711dc446d8bfb5ee6625d9c15688be7bc41a38dbac9a7bc8e103,2026-04-25T07:04:17+00:00,869,328,169,81,7.006,356.0,12,fit:e47555f16f02711dc446d8bfb5ee6625d9c15688be7bc41a38dbac9a7bc8e103:segment:003,3,5516.0,5445,activities/067_260425073220.csv,1,1,0,0
fit:e47555f16f02711dc446d8bfb5ee6625d9c15688be7bc41a38dbac9a7bc8e103,2026-04-25T07:04:18+00:00,870,276,169,81,7.149,356.20000000000005,12,fit:e47555f16f02711dc446d8bfb5ee6625d9c15688be7bc41a38dbac9a7bc8e103:segment:003,3,5517.0,5446,activities/067_260425073220.csv,1,1,0,0
fit:e47555f16f02711dc446d8bfb5ee6625d9c15688be7bc41a38dbac9a7bc8e103,2026-04-25T07:04:19+00:00,871,295,169,81,7.094,356.6,12,fit:e47555f16f02711dc446d8bfb5ee6625d9c15688be7bc41a38dbac9a7bc8e103:segment:003,3,5518.0,5447,activities/067_260425073220.csv,1,1,0,0
fit:e47555f16f02711dc446d8bfb5ee6625d9c15688be7bc41a38dbac9a7bc8e103,2026-04-25T07:04:20+00:00,872,298,169,80,7.228,356.79999999999995,12,fit:e47555f16f02711dc446d8bfb5ee6625d9c15688be7bc41a38dbac9a7bc8e103:segment:003,3,5519.0,5448,activities/067_260425073220.csv,1,1,0,0
fit:e47555f16f02711dc446d8bfb5ee6625d9c15688be7bc41a38dbac9a7bc8e103,2026-04-25T07:04:21+00:00,873,293,169,81,7.263,357.4,12,fit:e47555f16f02711dc446d8bfb5ee6625d9c15688be7bc41a38dbac9a7bc8e103:segment:003,3,5520.0,5449,activities/067_260425073220.csv,1,1,0,0
fit:e47555f16f02711dc446d8bfb5ee6625d9c15688be7bc41a38dbac9a7bc8e103,2026-04-25T07:04:22+00:00,874,246,169,81,7.231,357.4,12,fit:e47555f16f02711dc446d8bfb5ee6625d9c15688be7bc41a38dbac9a7bc8e103:segment:003,3,5521.0,5450,activities/067_260425073220.csv,1,1,0,0
fit:e47555f16f02711dc446d8bfb5ee6625d9c15688be7bc41a38dbac9a7bc8e103,2026-04-25T07:04:23+00:00,875,258,169,82,7.367,357.4,12,fit:e47555f16f02711dc446d8bfb5ee6625d9c15688be7bc41a38dbac9a7bc8e103:segment:003,3,5522.0,5451,activities/067_260425073220.csv,1,1,0,0
fit:e47555f16f02711dc446d8bfb5ee6625d9c15688be7bc41a38dbac9a7bc8e103,2026-04-25T07:04:24+00:00,876,260,169,82,7.417,357.4,12,fit:e47555f16f02711dc446d8bfb5ee6625d9c15688be7bc41a38dbac9a7bc8e103:segment:003,3,5523.0,5452,activities/067_260425073220.csv,1,1,0,0
fit:e47555f16f02711dc446d8bfb5ee6625d9c15688be7bc41a38dbac9a7bc8e103,2026-04-25T07:04:25+00:00,877,260,169,83,7.436,357.4,12,fit:e47555f16f02711dc446d8bfb5ee6625d9c15688be7bc41a38dbac9a7bc8e103:segment:003,3,5524.0,5453,activities/067_260425073220.csv,1,1,0,0
fit:e47555f16f02711dc446d8bfb5ee6625d9c15688be7bc41a38dbac9a7bc8e103,2026-04-25T07:04:26+00:00,878,278,169,83,7.351,357.79999999999995,12,fit:e47555f16f02711dc446d8bfb5ee6625d9c15688be7bc41a38dbac9a7bc8e103:segment:003,3,5525.0,5454,activities/067_260425073220.csv,1,1,0,0
fit:e47555f16f02711dc446d8bfb5ee6625d9c15688be7bc41a38dbac9a7bc8e103,2026-04-25T07:04:27+00:00,879,265,169,83,7.488,357.79999999999995,12,fit:e47555f16f02711dc446d8bfb5ee6625d9c15688be7bc41a38dbac9a7bc8e103:segment:003,3,5526.0,5455,activities/067_260425073220.csv,1,1,0,0
fit:e47555f16f02711dc446d8bfb5ee6625d9c15688be7bc41a38dbac9a7bc8e103,2026-04-25T07:04:28+00:00,880,273,169,84,7.569,357.79999999999995,12,fit:e47555f16f02711dc446d8bfb5ee6625d9c15688be7bc41a38dbac9a7bc8e103:segment:003,3,5527.0,5456,activities/067_260425073220.csv,1,1,0,0
fit:e47555f16f02711dc446d8bfb5ee6625d9c15688be7bc41a38dbac9a7bc8e103,2026-04-25T07:04:29+00:00,881,243,169,83,7.664,357.79999999999995,12,fit:e47555f16f02711dc446d8bfb5ee6625d9c15688be7bc41a38dbac9a7bc8e103:segment:003,3,5528.0,5457,activities/067_260425073220.csv,1,1,0,0
fit:e47555f16f02711dc446d8bfb5ee6625d9c15688be7bc41a38dbac9a7bc8e103,2026-04-25T07:04:30+00:00,882,244,169,82,7.506,357.79999999999995,12,fit:e47555f16f02711dc446d8bfb5ee6625d9c15688be7bc41a38dbac9a7bc8e103:segment:003,3,5529.0,5458,activities/067_260425073220.csv,1,1,0,0
fit:e47555f16f02711dc446d8bfb5ee6625d9c15688be7bc41a38dbac9a7bc8e103,2026-04-25T07:04:31+00:00,883,282,169,82,7.423,358.79999999999995,12,fit:e47555f16f02711dc446d8bfb5ee6625d9c15688be7bc41a38dbac9a7bc8e103:segment:003,3,5530.0,5459,activities/067_260425073220.csv,1,1,0,0
fit:e47555f16f02711dc446d8bfb5ee6625d9c15688be7bc41a38dbac9a7bc8e103,2026-04-25T07:04:32+00:00,884,318,169,81,7.309,359.0,12,fit:e47555f16f02711dc446d8bfb5ee6625d9c15688be7bc41a38dbac9a7bc8e103:segment:003,3,5531.0,5460,activities/067_260425073220.csv,1,1,0,0
fit:e47555f16f02711dc446d8bfb5ee6625d9c15688be7bc41a38dbac9a7bc8e103,2026-04-25T07:04:33+00:00,885,313,169,79,7.246,359.0,12,fit:e47555f16f02711dc446d8bfb5ee6625d9c15688be7bc41a38dbac9a7bc8e103:segment:003,3,5532.0,5461,activities/067_260425073220.csv,1,1,0,0
fit:e47555f16f02711dc446d8bfb5ee6625d9c15688be7bc41a38dbac9a7bc8e103,2026-04-25T07:04:34+00:00,886,310,169,78,7.076,359.0,11,fit:e47555f16f02711dc446d8bfb5ee6625d9c15688be7bc41a38dbac9a7bc8e103:segment:003,3,5533.0,5462,activities/067_260425073220.csv,1,1,0,0
fit:e47555f16f02711dc446d8bfb5ee6625d9c15688be7bc41a38dbac9a7bc8e103,2026-04-25T07:04:35+00:00,887,318,169,77,6.978,359.0,11,fit:e47555f16f02711dc446d8bfb5ee6625d9c15688be7bc41a38dbac9a7bc8e103:segment:003,3,5534.0,5463,activities/067_260425073220.csv,1,1,0,0
fit:e47555f16f02711dc446d8bfb5ee6625d9c15688be7bc41a38dbac9a7bc8e103,2026-04-25T07:04:36+00:00,888,318,169,75,6.818,359.0,11,fit:e47555f16f02711dc446d8bfb5ee6625d9c15688be7bc41a38dbac9a7bc8e103:segment:003,3,5535.0,5464,activities/067_260425073220.csv,1,1,0,0
fit:e47555f16f02711dc446d8bfb5ee6625d9c15688be7bc41a38dbac9a7bc8e103,2026-04-25T07:04:37+00:00,889,372,168,75,6.691,360.0,11,fit:e47555f16f02711dc446d8bfb5ee6625d9c15688be7bc41a38dbac9a7bc8e103:segment:003,3,5536.0,5465,activities/067_260425073220.csv,1,1,0,0
fit:e47555f16f02711dc446d8bfb5ee6625d9c15688be7bc41a38dbac9a7bc8e103,2026-04-25T07:04:38+00:00,890,364,168,84,6.581,360.4,11,fit:e47555f16f02711dc446d8bfb5ee6625d9c15688be7bc41a38dbac9a7bc8e103:segment:003,3,5537.0,5466,activities/067_260425073220.csv,1,1,0,0
fit:e47555f16f02711dc446d8bfb5ee6625d9c15688be7bc41a38dbac9a7bc8e103,2026-04-25T07:04:39+00:00,891,364,168,85,6.648,360.79999999999995,11,fit:e47555f16f02711dc446d8bfb5ee6625d9c15688be7bc41a38dbac9a7bc8e103:segment:003,3,5538.0,5467,activities/067_260425073220.csv,1,1,0,0
fit:e47555f16f02711dc446d8bfb5ee6625d9c15688be7bc41a38dbac9a7bc8e103,2026-04-25T07:04:40+00:00,892,341,168,85,6.664,361.20000000000005,11,fit:e47555f16f02711dc446d8bfb5ee6625d9c15688be7bc41a38dbac9a7bc8e103:segment:003,3,5539.0,5468,activities/067_260425073220.csv,1,1,0,0
fit:e47555f16f02711dc446d8bfb5ee6625d9c15688be7bc41a38dbac9a7bc8e103,2026-04-25T07:04:41+00:00,893,341,169,84,6.608,361.4,11,fit:e47555f16f02711dc446d8bfb5ee6625d9c15688be7bc41a38dbac9a7bc8e103:segment:003,3,5540.0,5469,activities/067_260425073220.csv,1,1,0,0
fit:e47555f16f02711dc446d8bfb5ee6625d9c15688be7bc41a38dbac9a7bc8e103,2026-04-25T07:04:42+00:00,894,336,169,84,6.577,361.4,11,fit:e47555f16f02711dc446d8bfb5ee6625d9c15688be7bc41a38dbac9a7bc8e103:segment:003,3,5541.0,5470,activities/067_260425073220.csv,1,1,0,0
fit:e47555f16f02711dc446d8bfb5ee6625d9c15688be7bc41a38dbac9a7bc8e103,2026-04-25T07:04:43+00:00,895,340,169,85,6.714,361.79999999999995,11,fit:e47555f16f02711dc446d8bfb5ee6625d9c15688be7bc41a38dbac9a7bc8e103:segment:003,3,5542.0,5471,activities/067_260425073220.csv,1,1,0,0
fit:e47555f16f02711dc446d8bfb5ee6625d9c15688be7bc41a38dbac9a7bc8e103,2026-04-25T07:04:44+00:00,896,335,169,86,6.705,361.79999999999995,11,fit:e47555f16f02711dc446d8bfb5ee6625d9c15688be7bc41a38dbac9a7bc8e103:segment:003,3,5543.0,5472,activities/067_260425073220.csv,1,1,0,0
fit:e47555f16f02711dc446d8bfb5ee6625d9c15688be7bc41a38dbac9a7bc8e103,2026-04-25T07:04:45+00:00,897,347,169,86,6.674,361.79999999999995,11,fit:e47555f16f02711dc446d8bfb5ee6625d9c15688be7bc41a38dbac9a7bc8e103:segment:003,3,5544.0,5473,activities/067_260425073220.csv,1,1,0,0
fit:e47555f16f02711dc446d8bfb5ee6625d9c15688be7bc41a38dbac9a7bc8e103,2026-04-25T07:04:46+00:00,898,348,168,85,6.729,361.79999999999995,11,fit:e47555f16f02711dc446d8bfb5ee6625d9c15688be7bc41a38dbac9a7bc8e103:segment:003,3,5545.0,5474,activities/067_260425073220.csv,1,1,0,0
fit:e47555f16f02711dc446d8bfb5ee6625d9c15688be7bc41a38dbac9a7bc8e103,2026-04-25T07:04:47+00:00,899,318,168,85,6.638,362.79999999999995,11,fit:e47555f16f02711dc446d8bfb5ee6625d9c15688be7bc41a38dbac9a7bc8e103:segment:003,3,5546.0,5475,activities/067_260425073220.csv,1,1,0,0
fit:e47555f16f02711dc446d8bfb5ee6625d9c15688be7bc41a38dbac9a7bc8e103,2026-04-25T07:04:48+00:00,900,311,168,85,6.557,363.4,11,fit:e47555f16f02711dc446d8bfb5ee6625d9c15688be7bc41a38dbac9a7bc8e103:segment:003,3,5547.0,5476,activities/067_260425073220.csv,1,1,0,0
fit:e47555f16f02711dc446d8bfb5ee6625d9c15688be7bc41a38dbac9a7bc8e103,2026-04-25T07:04:49+00:00,901,328,168,84,6.508,363.6,11,fit:e47555f16f02711dc446d8bfb5ee6625d9c15688be7bc41a38dbac9a7bc8e103:segment:003,3,5548.0,5477,activities/067_260425073220.csv,1,1,0,0
fit:e47555f16f02711dc446d8bfb5ee6625d9c15688be7bc41a38dbac9a7bc8e103,2026-04-25T07:04:50+00:00,902,324,168,83,6.508,364.20000000000005,11,fit:e47555f16f02711dc446d8bfb5ee6625d9c15688be7bc41a38dbac9a7bc8e103:segment:003,3,5549.0,5478,activities/067_260425073220.csv,1,1,0,0
fit:e47555f16f02711dc446d8bfb5ee6625d9c15688be7bc41a38dbac9a7bc8e103,2026-04-25T07:04:51+00:00,903,324,167,83,6.407,364.20000000000005,11,fit:e47555f16f02711dc446d8bfb5ee6625d9c15688be7bc41a38dbac9a7bc8e103:segment:003,3,5550.0,5479,activities/067_260425073220.csv,1,1,0,0
fit:e47555f16f02711dc446d8bfb5ee6625d9c15688be7bc41a38dbac9a7bc8e103,2026-04-25T07:04:52+00:00,904,337,168,83,6.394,364.20000000000005,11,fit:e47555f16f02711dc446d8bfb5ee6625d9c15688be7bc41a38dbac9a7bc8e103:segment:003,3,5551.0,5480,activities/067_260425073220.csv,1,1,0,0
fit:e47555f16f02711dc446d8bfb5ee6625d9c15688be7bc41a38dbac9a7bc8e103,2026-04-25T07:04:53+00:00,905,295,168,83,6.227,364.20000000000005,11,fit:e47555f16f02711dc446d8bfb5ee6625d9c15688be7bc41a38dbac9a7bc8e103:segment:003,3,5552.0,5481,activities/067_260425073220.csv,1,1,0,0
fit:e47555f16f02711dc446d8bfb5ee6625d9c15688be7bc41a38dbac9a7bc8e103,2026-04-25T07:04:54+00:00,906,325,168,82,6.311,364.79999999999995,11,fit:e47555f16f02711dc446d8bfb5ee6625d9c15688be7bc41a38dbac9a7bc8e103:segment:003,3,5553.0,5482,activities/067_260425073220.csv,1,1,0,0
fit:e47555f16f02711dc446d8bfb5ee6625d9c15688be7bc41a38dbac9a7bc8e103,2026-04-25T07:04:55+00:00,907,278,168,82,6.261,365.0,11,fit:e47555f16f02711dc446d8bfb5ee6625d9c15688be7bc41a38dbac9a7bc8e103:segment:003,3,5554.0,5483,activities/067_260425073220.csv,1,1,0,0
fit:e47555f16f02711dc446d8bfb5ee6625d9c15688be7bc41a38dbac9a7bc8e103,2026-04-25T07:04:56+00:00,908,278,168,80,6.313,366.0,11,fit:e47555f16f02711dc446d8bfb5ee6625d9c15688be7bc41a38dbac9a7bc8e103:segment:003,3,5555.0,5484,activities/067_260425073220.csv,1,1,0,0
fit:e47555f16f02711dc446d8bfb5ee6625d9c15688be7bc41a38dbac9a7bc8e103,2026-04-25T07:04:57+00:00,909,334,167,80,6.199,366.20000000000005,11,fit:e47555f16f02711dc446d8bfb5ee6625d9c15688be7bc41a38dbac9a7bc8e103:segment:003,3,5556.0,5485,activities/067_260425073220.csv,1,1,0,0
fit:e47555f16f02711dc446d8bfb5ee6625d9c15688be7bc41a38dbac9a7bc8e103,2026-04-25T07:04:58+00:00,910,307,167,80,6.175,366.6,11,fit:e47555f16f02711dc446d8bfb5ee6625d9c15688be7bc41a38dbac9a7bc8e103:segment:003,3,5557.0,5486,activities/067_260425073220.csv,1,1,0,0
fit:e47555f16f02711dc446d8bfb5ee6625d9c15688be7bc41a38dbac9a7bc8e103,2026-04-25T07:04:59+00:00,911,289,167,81,6.247,366.6,11,fit:e47555f16f02711dc446d8bfb5ee6625d9c15688be7bc41a38dbac9a7bc8e103:segment:003,3,5558.0,5487,activities/067_260425073220.csv,1,1,0,0
fit:e47555f16f02711dc446d8bfb5ee6625d9c15688be7bc41a38dbac9a7bc8e103,2026-04-25T07:05:00+00:00,912,280,167,81,6.255,366.6,11,fit:e47555f16f02711dc446d8bfb5ee6625d9c15688be7bc41a38dbac9a7bc8e103:segment:003,3,5559.0,5488,activities/067_260425073220.csv,1,1,0,0
fit:e47555f16f02711dc446d8bfb5ee6625d9c15688be7bc41a38dbac9a7bc8e103,2026-04-25T07:05:01+00:00,913,277,167,82,6.212,366.6,11,fit:e47555f16f02711dc446d8bfb5ee6625d9c15688be7bc41a38dbac9a7bc8e103:segment:003,3,5560.0,5489,activities/067_260425073220.csv,1,1,0,0
fit:e47555f16f02711dc446d8bfb5ee6625d9c15688be7bc41a38dbac9a7bc8e103,2026-04-25T07:05:02+00:00,914,291,167,82,6.256,367.6,11,fit:e47555f16f02711dc446d8bfb5ee6625d9c15688be7bc41a38dbac9a7bc8e103:segment:003,3,5561.0,5490,activities/067_260425073220.csv,1,1,0,0
fit:e47555f16f02711dc446d8bfb5ee6625d9c15688be7bc41a38dbac9a7bc8e103,2026-04-25T07:05:03+00:00,915,316,168,82,6.385,367.79999999999995,11,fit:e47555f16f02711dc446d8bfb5ee6625d9c15688be7bc41a38dbac9a7bc8e103:segment:003,3,5562.0,5491,activities/067_260425073220.csv,1,1,0,0
fit:e47555f16f02711dc446d8bfb5ee6625d9c15688be7bc41a38dbac9a7bc8e103,2026-04-25T07:05:04+00:00,916,279,168,82,6.321,368.0,11,fit:e47555f16f02711dc446d8bfb5ee6625d9c15688be7bc41a38dbac9a7bc8e103:segment:003,3,5563.0,5492,activities/067_260425073220.csv,1,1,0,0
fit:e47555f16f02711dc446d8bfb5ee6625d9c15688be7bc41a38dbac9a7bc8e103,2026-04-25T07:05:05+00:00,917,279,168,82,6.249,368.0,11,fit:e47555f16f02711dc446d8bfb5ee6625d9c15688be7bc41a38dbac9a7bc8e103:segment:003,3,5564.0,5493,activities/067_260425073220.csv,1,1,0,0
fit:e47555f16f02711dc446d8bfb5ee6625d9c15688be7bc41a38dbac9a7bc8e103,2026-04-25T07:05:06+00:00,918,344,168,82,6.277,368.0,11,fit:e47555f16f02711dc446d8bfb5ee6625d9c15688be7bc41a38dbac9a7bc8e103:segment:003,3,5565.0,5494,activities/067_260425073220.csv,1,1,0,0
fit:e47555f16f02711dc446d8bfb5ee6625d9c15688be7bc41a38dbac9a7bc8e103,2026-04-25T07:05:07+00:00,919,290,169,83,6.423,368.0,11,fit:e47555f16f02711dc446d8bfb5ee6625d9c15688be7bc41a38dbac9a7bc8e103:segment:003,3,5566.0,5495,activities/067_260425073220.csv,1,1,0,0
fit:e47555f16f02711dc446d8bfb5ee6625d9c15688be7bc41a38dbac9a7bc8e103,2026-04-25T07:05:08+00:00,920,280,169,84,6.455,369.0,11,fit:e47555f16f02711dc446d8bfb5ee6625d9c15688be7bc41a38dbac9a7bc8e103:segment:003,3,5567.0,5496,activities/067_260425073220.csv,1,1,0,0
fit:e47555f16f02711dc446d8bfb5ee6625d9c15688be7bc41a38dbac9a7bc8e103,2026-04-25T07:05:09+00:00,921,262,168,84,6.492,369.0,11,fit:e47555f16f02711dc446d8bfb5ee6625d9c15688be7bc41a38dbac9a7bc8e103:segment:003,3,5568.0,5497,activities/067_260425073220.csv,1,1,0,0
fit:e47555f16f02711dc446d8bfb5ee6625d9c15688be7bc41a38dbac9a7bc8e103,2026-04-25T07:05:10+00:00,922,278,169,82,6.457,369.0,11,fit:e47555f16f02711dc446d8bfb5ee6625d9c15688be7bc41a38dbac9a7bc8e103:segment:003,3,5569.0,5498,activities/067_260425073220.csv,1,1,0,0
fit:e47555f16f02711dc446d8bfb5ee6625d9c15688be7bc41a38dbac9a7bc8e103,2026-04-25T07:05:11+00:00,923,311,169,82,6.374,369.0,11,fit:e47555f16f02711dc446d8bfb5ee6625d9c15688be7bc41a38dbac9a7bc8e103:segment:003,3,5570.0,5499,activities/067_260425073220.csv,1,1,0,0
fit:e47555f16f02711dc446d8bfb5ee6625d9c15688be7bc41a38dbac9a7bc8e103,2026-04-25T07:05:12+00:00,924,320,169,82,6.441,369.6,11,fit:e47555f16f02711dc446d8bfb5ee6625d9c15688be7bc41a38dbac9a7bc8e103:segment:003,3,5571.0,5500,activities/067_260425073220.csv,1,1,0,0
fit:e47555f16f02711dc446d8bfb5ee6625d9c15688be7bc41a38dbac9a7bc8e103,2026-04-25T07:05:13+00:00,925,318,169,82,6.44,369.79999999999995,11,fit:e47555f16f02711dc446d8bfb5ee6625d9c15688be7bc41a38dbac9a7bc8e103:segment:003,3,5572.0,5501,activities/067_260425073220.csv,1,1,0,0
fit:e47555f16f02711dc446d8bfb5ee6625d9c15688be7bc41a38dbac9a7bc8e103,2026-04-25T07:05:14+00:00,926,320,169,83,6.375,370.20000000000005,11,fit:e47555f16f02711dc446d8bfb5ee6625d9c15688be7bc41a38dbac9a7bc8e103:segment:003,3,5573.0,5502,activities/067_260425073220.csv,1,1,0,0
fit:e47555f16f02711dc446d8bfb5ee6625d9c15688be7bc41a38dbac9a7bc8e103,2026-04-25T07:05:15+00:00,927,298,169,83,6.402,370.6,11,fit:e47555f16f02711dc446d8bfb5ee6625d9c15688be7bc41a38dbac9a7bc8e103:segment:003,3,5574.0,5503,activities/067_260425073220.csv,1,1,0,0
fit:e47555f16f02711dc446d8bfb5ee6625d9c15688be7bc41a38dbac9a7bc8e103,2026-04-25T07:05:16+00:00,928,297,169,83,6.409,370.6,11,fit:e47555f16f02711dc446d8bfb5ee6625d9c15688be7bc41a38dbac9a7bc8e103:segment:003,3,5575.0,5504,activities/067_260425073220.csv,1,1,0,0
fit:e47555f16f02711dc446d8bfb5ee6625d9c15688be7bc41a38dbac9a7bc8e103,2026-04-25T07:05:17+00:00,929,288,169,82,6.483,370.6,11,fit:e47555f16f02711dc446d8bfb5ee6625d9c15688be7bc41a38dbac9a7bc8e103:segment:003,3,5576.0,5505,activities/067_260425073220.csv,1,1,0,0
fit:e47555f16f02711dc446d8bfb5ee6625d9c15688be7bc41a38dbac9a7bc8e103,2026-04-25T07:05:18+00:00,930,288,169,82,6.44,370.6,11,fit:e47555f16f02711dc446d8bfb5ee6625d9c15688be7bc41a38dbac9a7bc8e103:segment:003,3,5577.0,5506,activities/067_260425073220.csv,1,1,0,0
fit:e47555f16f02711dc446d8bfb5ee6625d9c15688be7bc41a38dbac9a7bc8e103,2026-04-25T07:05:19+00:00,931,307,169,82,6.457,371.6,11,fit:e47555f16f02711dc446d8bfb5ee6625d9c15688be7bc41a38dbac9a7bc8e103:segment:003,3,5578.0,5507,activities/067_260425073220.csv,1,1,0,0
fit:e47555f16f02711dc446d8bfb5ee6625d9c15688be7bc41a38dbac9a7bc8e103,2026-04-25T07:05:20+00:00,932,307,169,83,6.506,372.0,11,fit:e47555f16f02711dc446d8bfb5ee6625d9c15688be7bc41a38dbac9a7bc8e103:segment:003,3,5579.0,5508,activities/067_260425073220.csv,1,1,0,0
fit:e47555f16f02711dc446d8bfb5ee6625d9c15688be7bc41a38dbac9a7bc8e103,2026-04-25T07:05:21+00:00,933,307,168,83,6.583,372.0,12,fit:e47555f16f02711dc446d8bfb5ee6625d9c15688be7bc41a38dbac9a7bc8e103:segment:003,3,5580.0,5509,activities/067_260425073220.csv,1,1,0,0
fit:e47555f16f02711dc446d8bfb5ee6625d9c15688be7bc41a38dbac9a7bc8e103,2026-04-25T07:05:22+00:00,934,299,168,83,6.602,372.0,12,fit:e47555f16f02711dc446d8bfb5ee6625d9c15688be7bc41a38dbac9a7bc8e103:segment:003,3,5581.0,5510,activities/067_260425073220.csv,1,1,0,0
fit:e47555f16f02711dc446d8bfb5ee6625d9c15688be7bc41a38dbac9a7bc8e103,2026-04-25T07:05:23+00:00,935,295,168,83,6.489,372.0,12,fit:e47555f16f02711dc446d8bfb5ee6625d9c15688be7bc41a38dbac9a7bc8e103:segment:003,3,5582.0,5511,activities/067_260425073220.csv,1,1,0,0
fit:e47555f16f02711dc446d8bfb5ee6625d9c15688be7bc41a38dbac9a7bc8e103,2026-04-25T07:05:24+00:00,936,295,168,82,6.442,372.0,12,fit:e47555f16f02711dc446d8bfb5ee6625d9c15688be7bc41a38dbac9a7bc8e103:segment:003,3,5583.0,5512,activities/067_260425073220.csv,1,1,0,0
fit:e47555f16f02711dc446d8bfb5ee6625d9c15688be7bc41a38dbac9a7bc8e103,2026-04-25T07:05:25+00:00,937,304,168,82,6.398,373.0,12,fit:e47555f16f02711dc446d8bfb5ee6625d9c15688be7bc41a38dbac9a7bc8e103:segment:003,3,5584.0,5513,activities/067_260425073220.csv,1,1,0,0
fit:e47555f16f02711dc446d8bfb5ee6625d9c15688be7bc41a38dbac9a7bc8e103,2026-04-25T07:05:26+00:00,938,308,168,81,6.427,373.0,12,fit:e47555f16f02711dc446d8bfb5ee6625d9c15688be7bc41a38dbac9a7bc8e103:segment:003,3,5585.0,5514,activities/067_260425073220.csv,1,1,0,0
fit:e47555f16f02711dc446d8bfb5ee6625d9c15688be7bc41a38dbac9a7bc8e103,2026-04-25T07:05:27+00:00,939,306,169,81,6.333,373.0,12,fit:e47555f16f02711dc446d8bfb5ee6625d9c15688be7bc41a38dbac9a7bc8e103:segment:003,3,5586.0,5515,activities/067_260425073220.csv,1,1,0,0
fit:e47555f16f02711dc446d8bfb5ee6625d9c15688be7bc41a38dbac9a7bc8e103,2026-04-25T07:05:28+00:00,940,296,169,82,6.331,373.0,12,fit:e47555f16f02711dc446d8bfb5ee6625d9c15688be7bc41a38dbac9a7bc8e103:segment:003,3,5587.0,5516,activities/067_260425073220.csv,1,1,0,0
fit:e47555f16f02711dc446d8bfb5ee6625d9c15688be7bc41a38dbac9a7bc8e103,2026-04-25T07:05:29+00:00,941,297,169,83,6.334,374.0,12,fit:e47555f16f02711dc446d8bfb5ee6625d9c15688be7bc41a38dbac9a7bc8e103:segment:003,3,5588.0,5517,activities/067_260425073220.csv,1,1,0,0
fit:e47555f16f02711dc446d8bfb5ee6625d9c15688be7bc41a38dbac9a7bc8e103,2026-04-25T07:05:30+00:00,942,281,168,83,6.474,374.0,12,fit:e47555f16f02711dc446d8bfb5ee6625d9c15688be7bc41a38dbac9a7bc8e103:segment:003,3,5589.0,5518,activities/067_260425073220.csv,1,1,0,0
fit:e47555f16f02711dc446d8bfb5ee6625d9c15688be7bc41a38dbac9a7bc8e103,2026-04-25T07:05:31+00:00,943,292,168,84,6.448,374.0,12,fit:e47555f16f02711dc446d8bfb5ee6625d9c15688be7bc41a38dbac9a7bc8e103:segment:003,3,5590.0,5519,activities/067_260425073220.csv,1,1,0,0
fit:e47555f16f02711dc446d8bfb5ee6625d9c15688be7bc41a38dbac9a7bc8e103,2026-04-25T07:05:32+00:00,944,259,168,84,6.398,374.0,12,fit:e47555f16f02711dc446d8bfb5ee6625d9c15688be7bc41a38dbac9a7bc8e103:segment:003,3,5591.0,5520,activities/067_260425073220.csv,1,1,0,0
fit:e47555f16f02711dc446d8bfb5ee6625d9c15688be7bc41a38dbac9a7bc8e103,2026-04-25T07:05:33+00:00,945,299,169,84,6.429,374.0,12,fit:e47555f16f02711dc446d8bfb5ee6625d9c15688be7bc41a38dbac9a7bc8e103:segment:003,3,5592.0,5521,activities/067_260425073220.csv,1,1,0,0
fit:e47555f16f02711dc446d8bfb5ee6625d9c15688be7bc41a38dbac9a7bc8e103,2026-04-25T07:05:34+00:00,946,287,169,84,6.415,375.0,12,fit:e47555f16f02711dc446d8bfb5ee6625d9c15688be7bc41a38dbac9a7bc8e103:segment:003,3,5593.0,5522,activities/067_260425073220.csv,1,1,0,0
fit:e47555f16f02711dc446d8bfb5ee6625d9c15688be7bc41a38dbac9a7bc8e103,2026-04-25T07:05:35+00:00,947,323,169,84,6.508,375.4,12,fit:e47555f16f02711dc446d8bfb5ee6625d9c15688be7bc41a38dbac9a7bc8e103:segment:003,3,5594.0,5523,activities/067_260425073220.csv,1,1,0,0
fit:e47555f16f02711dc446d8bfb5ee6625d9c15688be7bc41a38dbac9a7bc8e103,2026-04-25T07:05:36+00:00,948,320,169,85,6.479,375.4,12,fit:e47555f16f02711dc446d8bfb5ee6625d9c15688be7bc41a38dbac9a7bc8e103:segment:003,3,5595.0,5524,activities/067_260425073220.csv,1,1,0,0
fit:e47555f16f02711dc446d8bfb5ee6625d9c15688be7bc41a38dbac9a7bc8e103,2026-04-25T07:05:37+00:00,949,296,169,85,6.493,375.4,12,fit:e47555f16f02711dc446d8bfb5ee6625d9c15688be7bc41a38dbac9a7bc8e103:segment:003,3,5596.0,5525,activities/067_260425073220.csv,1,1,0,0
fit:e47555f16f02711dc446d8bfb5ee6625d9c15688be7bc41a38dbac9a7bc8e103,2026-04-25T07:05:38+00:00,950,272,168,85,6.501,375.4,12,fit:e47555f16f02711dc446d8bfb5ee6625d9c15688be7bc41a38dbac9a7bc8e103:segment:003,3,5597.0,5526,activities/067_260425073220.csv,1,1,0,0
fit:e47555f16f02711dc446d8bfb5ee6625d9c15688be7bc41a38dbac9a7bc8e103,2026-04-25T07:05:39+00:00,951,278,168,84,6.493,375.4,12,fit:e47555f16f02711dc446d8bfb5ee6625d9c15688be7bc41a38dbac9a7bc8e103:segment:003,3,5598.0,5527,activities/067_260425073220.csv,1,1,0,0
fit:e47555f16f02711dc446d8bfb5ee6625d9c15688be7bc41a38dbac9a7bc8e103,2026-04-25T07:05:40+00:00,952,286,168,84,6.553,376.4,12,fit:e47555f16f02711dc446d8bfb5ee6625d9c15688be7bc41a38dbac9a7bc8e103:segment:003,3,5599.0,5528,activities/067_260425073220.csv,1,1,0,0
fit:e47555f16f02711dc446d8bfb5ee6625d9c15688be7bc41a38dbac9a7bc8e103,2026-04-25T07:05:41+00:00,953,303,168,84,6.51,377.0,12,fit:e47555f16f02711dc446d8bfb5ee6625d9c15688be7bc41a38dbac9a7bc8e103:segment:003,3,5600.0,5529,activities/067_260425073220.csv,1,1,0,0
fit:e47555f16f02711dc446d8bfb5ee6625d9c15688be7bc41a38dbac9a7bc8e103,2026-04-25T07:05:42+00:00,954,329,168,83,6.554,377.0,12,fit:e47555f16f02711dc446d8bfb5ee6625d9c15688be7bc41a38dbac9a7bc8e103:segment:003,3,5601.0,5530,activities/067_260425073220.csv,1,1,0,0
fit:e47555f16f02711dc446d8bfb5ee6625d9c15688be7bc41a38dbac9a7bc8e103,2026-04-25T07:05:43+00:00,955,312,168,84,6.49,377.0,12,fit:e47555f16f02711dc446d8bfb5ee6625d9c15688be7bc41a38dbac9a7bc8e103:segment:003,3,5602.0,5531,activities/067_260425073220.csv,1,1,0,0
fit:e47555f16f02711dc446d8bfb5ee6625d9c15688be7bc41a38dbac9a7bc8e103,2026-04-25T07:05:44+00:00,956,320,168,82,6.46,377.0,12,fit:e47555f16f02711dc446d8bfb5ee6625d9c15688be7bc41a38dbac9a7bc8e103:segment:003,3,5603.0,5532,activities/067_260425073220.csv,1,1,0,0
fit:e47555f16f02711dc446d8bfb5ee6625d9c15688be7bc41a38dbac9a7bc8e103,2026-04-25T07:05:45+00:00,957,309,168,81,6.412,378.0,12,fit:e47555f16f02711dc446d8bfb5ee6625d9c15688be7bc41a38dbac9a7bc8e103:segment:003,3,5604.0,5533,activities/067_260425073220.csv,1,1,0,0
fit:e47555f16f02711dc446d8bfb5ee6625d9c15688be7bc41a38dbac9a7bc8e103,2026-04-25T07:05:46+00:00,958,284,168,80,6.407,378.4,12,fit:e47555f16f02711dc446d8bfb5ee6625d9c15688be7bc41a38dbac9a7bc8e103:segment:003,3,5605.0,5534,activities/067_260425073220.csv,1,1,0,0
fit:e47555f16f02711dc446d8bfb5ee6625d9c15688be7bc41a38dbac9a7bc8e103,2026-04-25T07:05:47+00:00,959,306,168,80,6.244,379.0,12,fit:e47555f16f02711dc446d8bfb5ee6625d9c15688be7bc41a38dbac9a7bc8e103:segment:003,3,5606.0,5535,activities/067_260425073220.csv,1,1,0,0
fit:e47555f16f02711dc446d8bfb5ee6625d9c15688be7bc41a38dbac9a7bc8e103,2026-04-25T07:05:48+00:00,960,315,168,79,6.259,379.20000000000005,12,fit:e47555f16f02711dc446d8bfb5ee6625d9c15688be7bc41a38dbac9a7bc8e103:segment:003,3,5607.0,5536,activities/067_260425073220.csv,1,1,0,0
fit:e47555f16f02711dc446d8bfb5ee6625d9c15688be7bc41a38dbac9a7bc8e103,2026-04-25T07:05:49+00:00,961,348,168,79,6.226,379.6,12,fit:e47555f16f02711dc446d8bfb5ee6625d9c15688be7bc41a38dbac9a7bc8e103:segment:003,3,5608.0,5537,activities/067_260425073220.csv,1,1,0,0
fit:e47555f16f02711dc446d8bfb5ee6625d9c15688be7bc41a38dbac9a7bc8e103,2026-04-25T07:05:50+00:00,962,330,167,79,6.078,380.20000000000005,12,fit:e47555f16f02711dc446d8bfb5ee6625d9c15688be7bc41a38dbac9a7bc8e103:segment:003,3,5609.0,5538,activities/067_260425073220.csv,1,1,0,0
fit:e47555f16f02711dc446d8bfb5ee6625d9c15688be7bc41a38dbac9a7bc8e103,2026-04-25T07:05:51+00:00,963,331,168,79,6.055,380.20000000000005,12,fit:e47555f16f02711dc446d8bfb5ee6625d9c15688be7bc41a38dbac9a7bc8e103:segment:003,3,5610.0,5539,activities/067_260425073220.csv,1,1,0,0
fit:e47555f16f02711dc446d8bfb5ee6625d9c15688be7bc41a38dbac9a7bc8e103,2026-04-25T07:05:52+00:00,964,337,168,79,6.12,380.20000000000005,12,fit:e47555f16f02711dc446d8bfb5ee6625d9c15688be7bc41a38dbac9a7bc8e103:segment:003,3,5611.0,5540,activities/067_260425073220.csv,1,1,0,0
fit:e47555f16f02711dc446d8bfb5ee6625d9c15688be7bc41a38dbac9a7bc8e103,2026-04-25T07:05:53+00:00,965,360,168,79,6.12,380.20000000000005,12,fit:e47555f16f02711dc446d8bfb5ee6625d9c15688be7bc41a38dbac9a7bc8e103:segment:003,3,5612.0,5541,activities/067_260425073220.csv,1,1,0,0
fit:e47555f16f02711dc446d8bfb5ee6625d9c15688be7bc41a38dbac9a7bc8e103,2026-04-25T07:05:54+00:00,966,314,168,78,6.115,380.79999999999995,12,fit:e47555f16f02711dc446d8bfb5ee6625d9c15688be7bc41a38dbac9a7bc8e103:segment:003,3,5613.0,5542,activities/067_260425073220.csv,1,1,0,0
fit:e47555f16f02711dc446d8bfb5ee6625d9c15688be7bc41a38dbac9a7bc8e103,2026-04-25T07:05:55+00:00,967,322,169,78,6.15,381.20000000000005,12,fit:e47555f16f02711dc446d8bfb5ee6625d9c15688be7bc41a38dbac9a7bc8e103:segment:003,3,5614.0,5543,activities/067_260425073220.csv,1,1,0,0
fit:e47555f16f02711dc446d8bfb5ee6625d9c15688be7bc41a38dbac9a7bc8e103,2026-04-25T07:05:56+00:00,968,371,169,78,6.1,382.0,12,fit:e47555f16f02711dc446d8bfb5ee6625d9c15688be7bc41a38dbac9a7bc8e103:segment:003,3,5615.0,5544,activities/067_260425073220.csv,1,1,0,0
fit:e47555f16f02711dc446d8bfb5ee6625d9c15688be7bc41a38dbac9a7bc8e103,2026-04-25T07:05:57+00:00,969,350,169,78,6.096,382.0,12,fit:e47555f16f02711dc446d8bfb5ee6625d9c15688be7bc41a38dbac9a7bc8e103:segment:003,3,5616.0,5545,activities/067_260425073220.csv,1,1,0,0
fit:e47555f16f02711dc446d8bfb5ee6625d9c15688be7bc41a38dbac9a7bc8e103,2026-04-25T07:05:58+00:00,970,351,169,78,6.06,382.0,12,fit:e47555f16f02711dc446d8bfb5ee6625d9c15688be7bc41a38dbac9a7bc8e103:segment:003,3,5617.0,5546,activities/067_260425073220.csv,1,1,0,0
fit:e47555f16f02711dc446d8bfb5ee6625d9c15688be7bc41a38dbac9a7bc8e103,2026-04-25T07:05:59+00:00,971,301,169,79,6.136,382.0,12,fit:e47555f16f02711dc446d8bfb5ee6625d9c15688be7bc41a38dbac9a7bc8e103:segment:003,3,5618.0,5547,activities/067_260425073220.csv,1,1,0,0
fit:e47555f16f02711dc446d8bfb5ee6625d9c15688be7bc41a38dbac9a7bc8e103,2026-04-25T07:06:00+00:00,972,308,169,79,6.094,382.79999999999995,12,fit:e47555f16f02711dc446d8bfb5ee6625d9c15688be7bc41a38dbac9a7bc8e103:segment:003,3,5619.0,5548,activities/067_260425073220.csv,1,1,0,0
fit:e47555f16f02711dc446d8bfb5ee6625d9c15688be7bc41a38dbac9a7bc8e103,2026-04-25T07:06:01+00:00,973,306,169,78,6.031,383.20000000000005,12,fit:e47555f16f02711dc446d8bfb5ee6625d9c15688be7bc41a38dbac9a7bc8e103:segment:003,3,5620.0,5549,activities/067_260425073220.csv,1,1,0,0
fit:e47555f16f02711dc446d8bfb5ee6625d9c15688be7bc41a38dbac9a7bc8e103,2026-04-25T07:06:02+00:00,974,286,169,78,6.026,383.79999999999995,12,fit:e47555f16f02711dc446d8bfb5ee6625d9c15688be7bc41a38dbac9a7bc8e103:segment:003,3,5621.0,5550,activities/067_260425073220.csv,1,1,0,0
fit:e47555f16f02711dc446d8bfb5ee6625d9c15688be7bc41a38dbac9a7bc8e103,2026-04-25T07:06:03+00:00,975,286,169,77,6.055,384.0,12,fit:e47555f16f02711dc446d8bfb5ee6625d9c15688be7bc41a38dbac9a7bc8e103:segment:003,3,5622.0,5551,activities/067_260425073220.csv,1,1,0,0
fit:e47555f16f02711dc446d8bfb5ee6625d9c15688be7bc41a38dbac9a7bc8e103,2026-04-25T07:06:04+00:00,976,290,170,77,5.97,384.0,12,fit:e47555f16f02711dc446d8bfb5ee6625d9c15688be7bc41a38dbac9a7bc8e103:segment:003,3,5623.0,5552,activities/067_260425073220.csv,1,1,0,0
fit:e47555f16f02711dc446d8bfb5ee6625d9c15688be7bc41a38dbac9a7bc8e103,2026-04-25T07:06:05+00:00,977,323,170,76,5.979,384.0,12,fit:e47555f16f02711dc446d8bfb5ee6625d9c15688be7bc41a38dbac9a7bc8e103:segment:003,3,5624.0,5553,activities/067_260425073220.csv,1,1,0,0
fit:e47555f16f02711dc446d8bfb5ee6625d9c15688be7bc41a38dbac9a7bc8e103,2026-04-25T07:06:06+00:00,978,319,170,76,5.85,384.0,12,fit:e47555f16f02711dc446d8bfb5ee6625d9c15688be7bc41a38dbac9a7bc8e103:segment:003,3,5625.0,5554,activities/067_260425073220.csv,1,1,0,0
fit:e47555f16f02711dc446d8bfb5ee6625d9c15688be7bc41a38dbac9a7bc8e103,2026-04-25T07:06:07+00:00,979,306,170,75,5.772,385.0,12,fit:e47555f16f02711dc446d8bfb5ee6625d9c15688be7bc41a38dbac9a7bc8e103:segment:003,3,5626.0,5555,activities/067_260425073220.csv,1,1,0,0
fit:e47555f16f02711dc446d8bfb5ee6625d9c15688be7bc41a38dbac9a7bc8e103,2026-04-25T07:06:08+00:00,980,308,170,75,5.637,385.79999999999995,12,fit:e47555f16f02711dc446d8bfb5ee6625d9c15688be7bc41a38dbac9a7bc8e103:segment:003,3,5627.0,5556,activities/067_260425073220.csv,1,1,0,0
fit:e47555f16f02711dc446d8bfb5ee6625d9c15688be7bc41a38dbac9a7bc8e103,2026-04-25T07:06:09+00:00,981,290,170,76,5.729,385.79999999999995,12,fit:e47555f16f02711dc446d8bfb5ee6625d9c15688be7bc41a38dbac9a7bc8e103:segment:003,3,5628.0,5557,activities/067_260425073220.csv,1,1,0,0
fit:e47555f16f02711dc446d8bfb5ee6625d9c15688be7bc41a38dbac9a7bc8e103,2026-04-25T07:06:10+00:00,982,280,170,76,5.724,385.79999999999995,12,fit:e47555f16f02711dc446d8bfb5ee6625d9c15688be7bc41a38dbac9a7bc8e103:segment:003,3,5629.0,5558,activities/067_260425073220.csv,1,1,0,0
fit:e47555f16f02711dc446d8bfb5ee6625d9c15688be7bc41a38dbac9a7bc8e103,2026-04-25T07:06:11+00:00,983,262,169,76,5.775,385.79999999999995,12,fit:e47555f16f02711dc446d8bfb5ee6625d9c15688be7bc41a38dbac9a7bc8e103:segment:003,3,5630.0,5559,activities/067_260425073220.csv,1,1,0,0
fit:e47555f16f02711dc446d8bfb5ee6625d9c15688be7bc41a38dbac9a7bc8e103,2026-04-25T07:06:12+00:00,984,291,169,74,5.893,385.79999999999995,12,fit:e47555f16f02711dc446d8bfb5ee6625d9c15688be7bc41a38dbac9a7bc8e103:segment:003,3,5631.0,5560,activities/067_260425073220.csv,1,1,0,0
fit:e47555f16f02711dc446d8bfb5ee6625d9c15688be7bc41a38dbac9a7bc8e103,2026-04-25T07:06:13+00:00,985,283,169,73,5.757,385.79999999999995,12,fit:e47555f16f02711dc446d8bfb5ee6625d9c15688be7bc41a38dbac9a7bc8e103:segment:003,3,5632.0,5561,activities/067_260425073220.csv,1,1,0,0
fit:e47555f16f02711dc446d8bfb5ee6625d9c15688be7bc41a38dbac9a7bc8e103,2026-04-25T07:06:14+00:00,986,287,169,72,5.685,386.6,12,fit:e47555f16f02711dc446d8bfb5ee6625d9c15688be7bc41a38dbac9a7bc8e103:segment:003,3,5633.0,5562,activities/067_260425073220.csv,1,1,0,0
fit:e47555f16f02711dc446d8bfb5ee6625d9c15688be7bc41a38dbac9a7bc8e103,2026-04-25T07:06:15+00:00,987,288,169,73,5.684,387.20000000000005,12,fit:e47555f16f02711dc446d8bfb5ee6625d9c15688be7bc41a38dbac9a7bc8e103:segment:003,3,5634.0,5563,activities/067_260425073220.csv,1,1,0,0
fit:e47555f16f02711dc446d8bfb5ee6625d9c15688be7bc41a38dbac9a7bc8e103,2026-04-25T07:06:16+00:00,988,287,169,73,5.642,387.4,12,fit:e47555f16f02711dc446d8bfb5ee6625d9c15688be7bc41a38dbac9a7bc8e103:segment:003,3,5635.0,5564,activities/067_260425073220.csv,1,1,0,0
fit:e47555f16f02711dc446d8bfb5ee6625d9c15688be7bc41a38dbac9a7bc8e103,2026-04-25T07:06:17+00:00,989,299,169,73,5.692,388.20000000000005,12,fit:e47555f16f02711dc446d8bfb5ee6625d9c15688be7bc41a38dbac9a7bc8e103:segment:003,3,5636.0,5565,activities/067_260425073220.csv,1,1,0,0
fit:e47555f16f02711dc446d8bfb5ee6625d9c15688be7bc41a38dbac9a7bc8e103,2026-04-25T07:06:18+00:00,990,291,169,73,5.485,388.20000000000005,12,fit:e47555f16f02711dc446d8bfb5ee6625d9c15688be7bc41a38dbac9a7bc8e103:segment:003,3,5637.0,5566,activities/067_260425073220.csv,1,1,0,0
fit:e47555f16f02711dc446d8bfb5ee6625d9c15688be7bc41a38dbac9a7bc8e103,2026-04-25T07:06:19+00:00,991,292,168,72,5.445,388.20000000000005,12,fit:e47555f16f02711dc446d8bfb5ee6625d9c15688be7bc41a38dbac9a7bc8e103:segment:003,3,5638.0,5567,activities/067_260425073220.csv,1,1,0,0
fit:e47555f16f02711dc446d8bfb5ee6625d9c15688be7bc41a38dbac9a7bc8e103,2026-04-25T07:06:20+00:00,992,271,168,72,5.536,388.20000000000005,12,fit:e47555f16f02711dc446d8bfb5ee6625d9c15688be7bc41a38dbac9a7bc8e103:segment:003,3,5639.0,5568,activities/067_260425073220.csv,1,1,0,0
fit:e47555f16f02711dc446d8bfb5ee6625d9c15688be7bc41a38dbac9a7bc8e103,2026-04-25T07:06:21+00:00,993,271,168,72,5.584,388.79999999999995,12,fit:e47555f16f02711dc446d8bfb5ee6625d9c15688be7bc41a38dbac9a7bc8e103:segment:003,3,5640.0,5569,activities/067_260425073220.csv,1,1,0,0
fit:e47555f16f02711dc446d8bfb5ee6625d9c15688be7bc41a38dbac9a7bc8e103,2026-04-25T07:06:22+00:00,994,290,167,73,5.704,389.4,12,fit:e47555f16f02711dc446d8bfb5ee6625d9c15688be7bc41a38dbac9a7bc8e103:segment:003,3,5641.0,5570,activities/067_260425073220.csv,1,1,0,0
fit:e47555f16f02711dc446d8bfb5ee6625d9c15688be7bc41a38dbac9a7bc8e103,2026-04-25T07:06:23+00:00,995,278,167,74,5.674,389.6,12,fit:e47555f16f02711dc446d8bfb5ee6625d9c15688be7bc41a38dbac9a7bc8e103:segment:003,3,5642.0,5571,activities/067_260425073220.csv,1,1,0,0
fit:e47555f16f02711dc446d8bfb5ee6625d9c15688be7bc41a38dbac9a7bc8e103,2026-04-25T07:06:24+00:00,996,267,167,74,5.661,389.79999999999995,12,fit:e47555f16f02711dc446d8bfb5ee6625d9c15688be7bc41a38dbac9a7bc8e103:segment:003,3,5643.0,5572,activities/067_260425073220.csv,1,1,0,0
fit:e47555f16f02711dc446d8bfb5ee6625d9c15688be7bc41a38dbac9a7bc8e103,2026-04-25T07:06:25+00:00,997,268,167,73,5.609,390.0,12,fit:e47555f16f02711dc446d8bfb5ee6625d9c15688be7bc41a38dbac9a7bc8e103:segment:003,3,5644.0,5573,activities/067_260425073220.csv,1,1,0,0
fit:e47555f16f02711dc446d8bfb5ee6625d9c15688be7bc41a38dbac9a7bc8e103,2026-04-25T07:06:26+00:00,998,269,167,73,5.592,390.0,12,fit:e47555f16f02711dc446d8bfb5ee6625d9c15688be7bc41a38dbac9a7bc8e103:segment:003,3,5645.0,5574,activities/067_260425073220.csv,1,1,0,0
fit:e47555f16f02711dc446d8bfb5ee6625d9c15688be7bc41a38dbac9a7bc8e103,2026-04-25T07:06:27+00:00,999,277,167,73,5.667,390.4,12,fit:e47555f16f02711dc446d8bfb5ee6625d9c15688be7bc41a38dbac9a7bc8e103:segment:003,3,5646.0,5575,activities/067_260425073220.csv,1,1,0,0
fit:e47555f16f02711dc446d8bfb5ee6625d9c15688be7bc41a38dbac9a7bc8e103,2026-04-25T07:06:28+00:00,1000,288,166,73,5.647,390.4,12,fit:e47555f16f02711dc446d8bfb5ee6625d9c15688be7bc41a38dbac9a7bc8e103:segment:003,3,5647.0,5576,activities/067_260425073220.csv,1,1,0,0
fit:e47555f16f02711dc446d8bfb5ee6625d9c15688be7bc41a38dbac9a7bc8e103,2026-04-25T07:06:29+00:00,1001,260,166,73,5.616,390.4,12,fit:e47555f16f02711dc446d8bfb5ee6625d9c15688be7bc41a38dbac9a7bc8e103:segment:003,3,5648.0,5577,activities/067_260425073220.csv,1,1,0,0
fit:e47555f16f02711dc446d8bfb5ee6625d9c15688be7bc41a38dbac9a7bc8e103,2026-04-25T07:06:30+00:00,1002,316,166,72,5.608,390.4,12,fit:e47555f16f02711dc446d8bfb5ee6625d9c15688be7bc41a38dbac9a7bc8e103:segment:003,3,5649.0,5578,activities/067_260425073220.csv,1,1,0,0
fit:e47555f16f02711dc446d8bfb5ee6625d9c15688be7bc41a38dbac9a7bc8e103,2026-04-25T07:06:31+00:00,1003,316,166,72,5.585,390.79999999999995,12,fit:e47555f16f02711dc446d8bfb5ee6625d9c15688be7bc41a38dbac9a7bc8e103:segment:003,3,5650.0,5579,activities/067_260425073220.csv,1,1,0,0
fit:e47555f16f02711dc446d8bfb5ee6625d9c15688be7bc41a38dbac9a7bc8e103,2026-04-25T07:06:32+00:00,1004,287,166,72,5.452,391.4,12,fit:e47555f16f02711dc446d8bfb5ee6625d9c15688be7bc41a38dbac9a7bc8e103:segment:003,3,5651.0,5580,activities/067_260425073220.csv,1,1,0,0
fit:e47555f16f02711dc446d8bfb5ee6625d9c15688be7bc41a38dbac9a7bc8e103,2026-04-25T07:06:33+00:00,1005,292,166,72,5.376,391.79999999999995,12,fit:e47555f16f02711dc446d8bfb5ee6625d9c15688be7bc41a38dbac9a7bc8e103:segment:003,3,5652.0,5581,activities/067_260425073220.csv,1,1,0,0
fit:e47555f16f02711dc446d8bfb5ee6625d9c15688be7bc41a38dbac9a7bc8e103,2026-04-25T07:06:34+00:00,1006,334,166,72,5.368,392.0,12,fit:e47555f16f02711dc446d8bfb5ee6625d9c15688be7bc41a38dbac9a7bc8e103:segment:003,3,5653.0,5582,activities/067_260425073220.csv,1,1,0,0
fit:e47555f16f02711dc446d8bfb5ee6625d9c15688be7bc41a38dbac9a7bc8e103,2026-04-25T07:06:35+00:00,1007,323,166,81,5.456,392.20000000000005,12,fit:e47555f16f02711dc446d8bfb5ee6625d9c15688be7bc41a38dbac9a7bc8e103:segment:003,3,5654.0,5583,activities/067_260425073220.csv,1,1,0,0
fit:e47555f16f02711dc446d8bfb5ee6625d9c15688be7bc41a38dbac9a7bc8e103,2026-04-25T07:06:36+00:00,1008,312,166,82,5.645,392.79999999999995,12,fit:e47555f16f02711dc446d8bfb5ee6625d9c15688be7bc41a38dbac9a7bc8e103:segment:003,3,5655.0,5584,activities/067_260425073220.csv,1,1,0,0
fit:e47555f16f02711dc446d8bfb5ee6625d9c15688be7bc41a38dbac9a7bc8e103,2026-04-25T07:06:37+00:00,1009,301,166,83,5.588,393.20000000000005,12,fit:e47555f16f02711dc446d8bfb5ee6625d9c15688be7bc41a38dbac9a7bc8e103:segment:003,3,5656.0,5585,activities/067_260425073220.csv,1,1,0,0
fit:e47555f16f02711dc446d8bfb5ee6625d9c15688be7bc41a38dbac9a7bc8e103,2026-04-25T07:06:38+00:00,1010,264,166,83,5.587,393.20000000000005,12,fit:e47555f16f02711dc446d8bfb5ee6625d9c15688be7bc41a38dbac9a7bc8e103:segment:003,3,5657.0,5586,activities/067_260425073220.csv,1,1,0,0
fit:e47555f16f02711dc446d8bfb5ee6625d9c15688be7bc41a38dbac9a7bc8e103,2026-04-25T07:06:39+00:00,1011,264,166,83,5.633,393.20000000000005,12,fit:e47555f16f02711dc446d8bfb5ee6625d9c15688be7bc41a38dbac9a7bc8e103:segment:003,3,5658.0,5587,activities/067_260425073220.csv,1,1,0,0
fit:e47555f16f02711dc446d8bfb5ee6625d9c15688be7bc41a38dbac9a7bc8e103,2026-04-25T07:06:40+00:00,1012,264,166,84,5.624,393.20000000000005,12,fit:e47555f16f02711dc446d8bfb5ee6625d9c15688be7bc41a38dbac9a7bc8e103:segment:003,3,5659.0,5588,activities/067_260425073220.csv,1,1,0,0
fit:e47555f16f02711dc446d8bfb5ee6625d9c15688be7bc41a38dbac9a7bc8e103,2026-04-25T07:06:41+00:00,1013,285,166,84,5.796,393.20000000000005,12,fit:e47555f16f02711dc446d8bfb5ee6625d9c15688be7bc41a38dbac9a7bc8e103:segment:003,3,5660.0,5589,activities/067_260425073220.csv,1,1,0,0
fit:e47555f16f02711dc446d8bfb5ee6625d9c15688be7bc41a38dbac9a7bc8e103,2026-04-25T07:06:42+00:00,1014,271,166,84,5.767,394.20000000000005,12,fit:e47555f16f02711dc446d8bfb5ee6625d9c15688be7bc41a38dbac9a7bc8e103:segment:003,3,5661.0,5590,activities/067_260425073220.csv,1,1,0,0
fit:e47555f16f02711dc446d8bfb5ee6625d9c15688be7bc41a38dbac9a7bc8e103,2026-04-25T07:06:43+00:00,1015,320,166,84,5.713,395.0,13,fit:e47555f16f02711dc446d8bfb5ee6625d9c15688be7bc41a38dbac9a7bc8e103:segment:003,3,5662.0,5591,activities/067_260425073220.csv,1,1,0,0
fit:e47555f16f02711dc446d8bfb5ee6625d9c15688be7bc41a38dbac9a7bc8e103,2026-04-25T07:06:44+00:00,1016,287,166,85,5.822,395.0,13,fit:e47555f16f02711dc446d8bfb5ee6625d9c15688be7bc41a38dbac9a7bc8e103:segment:003,3,5663.0,5592,activities/067_260425073220.csv,1,1,0,0
fit:e47555f16f02711dc446d8bfb5ee6625d9c15688be7bc41a38dbac9a7bc8e103,2026-04-25T07:06:45+00:00,1017,287,166,79,5.901,395.0,13,fit:e47555f16f02711dc446d8bfb5ee6625d9c15688be7bc41a38dbac9a7bc8e103:segment:003,3,5664.0,5593,activities/067_260425073220.csv,1,1,0,0
fit:e47555f16f02711dc446d8bfb5ee6625d9c15688be7bc41a38dbac9a7bc8e103,2026-04-25T07:06:46+00:00,1018,303,166,79,5.982,395.0,13,fit:e47555f16f02711dc446d8bfb5ee6625d9c15688be7bc41a38dbac9a7bc8e103:segment:003,3,5665.0,5594,activities/067_260425073220.csv,1,1,0,0
fit:e47555f16f02711dc446d8bfb5ee6625d9c15688be7bc41a38dbac9a7bc8e103,2026-04-25T07:06:47+00:00,1019,314,166,79,5.991,395.0,13,fit:e47555f16f02711dc446d8bfb5ee6625d9c15688be7bc41a38dbac9a7bc8e103:segment:003,3,5666.0,5595,activities/067_260425073220.csv,1,1,0,0
fit:e47555f16f02711dc446d8bfb5ee6625d9c15688be7bc41a38dbac9a7bc8e103,2026-04-25T07:06:48+00:00,1020,308,166,79,5.981,395.6,13,fit:e47555f16f02711dc446d8bfb5ee6625d9c15688be7bc41a38dbac9a7bc8e103:segment:003,3,5667.0,5596,activities/067_260425073220.csv,1,1,0,0
fit:e47555f16f02711dc446d8bfb5ee6625d9c15688be7bc41a38dbac9a7bc8e103,2026-04-25T07:06:49+00:00,1021,308,166,79,6.021,396.0,13,fit:e47555f16f02711dc446d8bfb5ee6625d9c15688be7bc41a38dbac9a7bc8e103:segment:003,3,5668.0,5597,activities/067_260425073220.csv,1,1,0,0
fit:e47555f16f02711dc446d8bfb5ee6625d9c15688be7bc41a38dbac9a7bc8e103,2026-04-25T07:06:50+00:00,1022,301,166,79,6.181,396.4,13,fit:e47555f16f02711dc446d8bfb5ee6625d9c15688be7bc41a38dbac9a7bc8e103:segment:003,3,5669.0,5598,activities/067_260425073220.csv,1,1,0,0
fit:e47555f16f02711dc446d8bfb5ee6625d9c15688be7bc41a38dbac9a7bc8e103,2026-04-25T07:06:51+00:00,1023,288,166,79,6.159,396.4,13,fit:e47555f16f02711dc446d8bfb5ee6625d9c15688be7bc41a38dbac9a7bc8e103:segment:003,3,5670.0,5599,activities/067_260425073220.csv,1,1,0,0
fit:e47555f16f02711dc446d8bfb5ee6625d9c15688be7bc41a38dbac9a7bc8e103,2026-04-25T07:06:52+00:00,1024,290,166,80,6.17,396.4,13,fit:e47555f16f02711dc446d8bfb5ee6625d9c15688be7bc41a38dbac9a7bc8e103:segment:003,3,5671.0,5600,activities/067_260425073220.csv,1,1,0,0
fit:e47555f16f02711dc446d8bfb5ee6625d9c15688be7bc41a38dbac9a7bc8e103,2026-04-25T07:06:53+00:00,1025,280,166,80,6.165,396.4,13,fit:e47555f16f02711dc446d8bfb5ee6625d9c15688be7bc41a38dbac9a7bc8e103:segment:003,3,5672.0,5601,activities/067_260425073220.csv,1,1,0,0
fit:e47555f16f02711dc446d8bfb5ee6625d9c15688be7bc41a38dbac9a7bc8e103,2026-04-25T07:06:54+00:00,1026,293,166,80,6.21,396.4,13,fit:e47555f16f02711dc446d8bfb5ee6625d9c15688be7bc41a38dbac9a7bc8e103:segment:003,3,5673.0,5602,activities/067_260425073220.csv,1,1,0,0
fit:e47555f16f02711dc446d8bfb5ee6625d9c15688be7bc41a38dbac9a7bc8e103,2026-04-25T07:06:55+00:00,1027,294,166,80,6.235,397.4,13,fit:e47555f16f02711dc446d8bfb5ee6625d9c15688be7bc41a38dbac9a7bc8e103:segment:003,3,5674.0,5603,activities/067_260425073220.csv,1,1,0,0
fit:e47555f16f02711dc446d8bfb5ee6625d9c15688be7bc41a38dbac9a7bc8e103,2026-04-25T07:06:56+00:00,1028,294,167,80,6.142,397.79999999999995,13,fit:e47555f16f02711dc446d8bfb5ee6625d9c15688be7bc41a38dbac9a7bc8e103:segment:003,3,5675.0,5604,activities/067_260425073220.csv,1,1,0,0
fit:e47555f16f02711dc446d8bfb5ee6625d9c15688be7bc41a38dbac9a7bc8e103,2026-04-25T07:06:57+00:00,1029,288,167,79,6.13,398.0,13,fit:e47555f16f02711dc446d8bfb5ee6625d9c15688be7bc41a38dbac9a7bc8e103:segment:003,3,5676.0,5605,activities/067_260425073220.csv,1,1,0,0
fit:e47555f16f02711dc446d8bfb5ee6625d9c15688be7bc41a38dbac9a7bc8e103,2026-04-25T07:06:58+00:00,1030,263,167,79,6.194,398.0,13,fit:e47555f16f02711dc446d8bfb5ee6625d9c15688be7bc41a38dbac9a7bc8e103:segment:003,3,5677.0,5606,activities/067_260425073220.csv,1,1,0,0
fit:e47555f16f02711dc446d8bfb5ee6625d9c15688be7bc41a38dbac9a7bc8e103,2026-04-25T07:06:59+00:00,1031,270,167,79,6.177,398.0,13,fit:e47555f16f02711dc446d8bfb5ee6625d9c15688be7bc41a38dbac9a7bc8e103:segment:003,3,5678.0,5607,activities/067_260425073220.csv,1,1,0,0
fit:e47555f16f02711dc446d8bfb5ee6625d9c15688be7bc41a38dbac9a7bc8e103,2026-04-25T07:07:00+00:00,1032,287,167,79,6.077,398.0,13,fit:e47555f16f02711dc446d8bfb5ee6625d9c15688be7bc41a38dbac9a7bc8e103:segment:003,3,5679.0,5608,activities/067_260425073220.csv,1,1,0,0
fit:e47555f16f02711dc446d8bfb5ee6625d9c15688be7bc41a38dbac9a7bc8e103,2026-04-25T07:07:01+00:00,1033,287,167,79,6.092,398.0,13,fit:e47555f16f02711dc446d8bfb5ee6625d9c15688be7bc41a38dbac9a7bc8e103:segment:003,3,5680.0,5609,activities/067_260425073220.csv,1,1,0,0
fit:e47555f16f02711dc446d8bfb5ee6625d9c15688be7bc41a38dbac9a7bc8e103,2026-04-25T07:07:02+00:00,1034,289,166,80,6.188,399.0,13,fit:e47555f16f02711dc446d8bfb5ee6625d9c15688be7bc41a38dbac9a7bc8e103:segment:003,3,5681.0,5610,activities/067_260425073220.csv,1,1,0,0
fit:e47555f16f02711dc446d8bfb5ee6625d9c15688be7bc41a38dbac9a7bc8e103,2026-04-25T07:07:03+00:00,1035,281,166,80,6.221,399.79999999999995,13,fit:e47555f16f02711dc446d8bfb5ee6625d9c15688be7bc41a38dbac9a7bc8e103:segment:003,3,5682.0,5611,activities/067_260425073220.csv,1,1,0,0
fit:e47555f16f02711dc446d8bfb5ee6625d9c15688be7bc41a38dbac9a7bc8e103,2026-04-25T07:07:04+00:00,1036,276,166,79,6.261,399.79999999999995,13,fit:e47555f16f02711dc446d8bfb5ee6625d9c15688be7bc41a38dbac9a7bc8e103:segment:003,3,5683.0,5612,activities/067_260425073220.csv,1,1,0,0
fit:e47555f16f02711dc446d8bfb5ee6625d9c15688be7bc41a38dbac9a7bc8e103,2026-04-25T07:07:05+00:00,1037,311,166,78,6.209,399.79999999999995,13,fit:e47555f16f02711dc446d8bfb5ee6625d9c15688be7bc41a38dbac9a7bc8e103:segment:003,3,5684.0,5613,activities/067_260425073220.csv,1,1,0,0
fit:e47555f16f02711dc446d8bfb5ee6625d9c15688be7bc41a38dbac9a7bc8e103,2026-04-25T07:07:06+00:00,1038,263,166,78,6.184,399.79999999999995,13,fit:e47555f16f02711dc446d8bfb5ee6625d9c15688be7bc41a38dbac9a7bc8e103:segment:003,3,5685.0,5614,activities/067_260425073220.csv,1,1,0,0
fit:e47555f16f02711dc446d8bfb5ee6625d9c15688be7bc41a38dbac9a7bc8e103,2026-04-25T07:07:07+00:00,1039,253,166,78,6.179,400.6,13,fit:e47555f16f02711dc446d8bfb5ee6625d9c15688be7bc41a38dbac9a7bc8e103:segment:003,3,5686.0,5615,activities/067_260425073220.csv,1,1,0,0
fit:e47555f16f02711dc446d8bfb5ee6625d9c15688be7bc41a38dbac9a7bc8e103,2026-04-25T07:07:08+00:00,1040,308,166,77,6.051,401.0,13,fit:e47555f16f02711dc446d8bfb5ee6625d9c15688be7bc41a38dbac9a7bc8e103:segment:003,3,5687.0,5616,activities/067_260425073220.csv,1,1,0,0
fit:e47555f16f02711dc446d8bfb5ee6625d9c15688be7bc41a38dbac9a7bc8e103,2026-04-25T07:07:09+00:00,1041,320,166,77,6.018,401.0,13,fit:e47555f16f02711dc446d8bfb5ee6625d9c15688be7bc41a38dbac9a7bc8e103:segment:003,3,5688.0,5617,activities/067_260425073220.csv,1,1,0,0
fit:e47555f16f02711dc446d8bfb5ee6625d9c15688be7bc41a38dbac9a7bc8e103,2026-04-25T07:07:10+00:00,1042,256,166,77,6.0,401.0,13,fit:e47555f16f02711dc446d8bfb5ee6625d9c15688be7bc41a38dbac9a7bc8e103:segment:003,3,5689.0,5618,activities/067_260425073220.csv,1,1,0,0
fit:e47555f16f02711dc446d8bfb5ee6625d9c15688be7bc41a38dbac9a7bc8e103,2026-04-25T07:07:11+00:00,1043,256,166,77,5.912,401.0,13,fit:e47555f16f02711dc446d8bfb5ee6625d9c15688be7bc41a38dbac9a7bc8e103:segment:003,3,5690.0,5619,activities/067_260425073220.csv,1,1,0,0
fit:e47555f16f02711dc446d8bfb5ee6625d9c15688be7bc41a38dbac9a7bc8e103,2026-04-25T07:07:12+00:00,1044,269,166,76,5.974,402.0,13,fit:e47555f16f02711dc446d8bfb5ee6625d9c15688be7bc41a38dbac9a7bc8e103:segment:003,3,5691.0,5620,activities/067_260425073220.csv,1,1,0,0
fit:e47555f16f02711dc446d8bfb5ee6625d9c15688be7bc41a38dbac9a7bc8e103,2026-04-25T07:07:13+00:00,1045,258,166,75,5.822,402.4,13,fit:e47555f16f02711dc446d8bfb5ee6625d9c15688be7bc41a38dbac9a7bc8e103:segment:003,3,5692.0,5621,activities/067_260425073220.csv,1,1,0,0
fit:e47555f16f02711dc446d8bfb5ee6625d9c15688be7bc41a38dbac9a7bc8e103,2026-04-25T07:07:14+00:00,1046,269,166,75,5.833,402.4,13,fit:e47555f16f02711dc446d8bfb5ee6625d9c15688be7bc41a38dbac9a7bc8e103:segment:003,3,5693.0,5622,activities/067_260425073220.csv,1,1,0,0
fit:e47555f16f02711dc446d8bfb5ee6625d9c15688be7bc41a38dbac9a7bc8e103,2026-04-25T07:07:15+00:00,1047,284,166,74,5.809,402.4,13,fit:e47555f16f02711dc446d8bfb5ee6625d9c15688be7bc41a38dbac9a7bc8e103:segment:003,3,5694.0,5623,activities/067_260425073220.csv,1,1,0,0
fit:e47555f16f02711dc446d8bfb5ee6625d9c15688be7bc41a38dbac9a7bc8e103,2026-04-25T07:07:16+00:00,1048,309,166,74,5.807,402.4,13,fit:e47555f16f02711dc446d8bfb5ee6625d9c15688be7bc41a38dbac9a7bc8e103:segment:003,3,5695.0,5624,activities/067_260425073220.csv,1,1,0,0
fit:e47555f16f02711dc446d8bfb5ee6625d9c15688be7bc41a38dbac9a7bc8e103,2026-04-25T07:07:17+00:00,1049,312,165,74,5.691,403.20000000000005,13,fit:e47555f16f02711dc446d8bfb5ee6625d9c15688be7bc41a38dbac9a7bc8e103:segment:003,3,5696.0,5625,activities/067_260425073220.csv,1,1,0,0
fit:e47555f16f02711dc446d8bfb5ee6625d9c15688be7bc41a38dbac9a7bc8e103,2026-04-25T07:07:18+00:00,1050,307,165,75,5.723,403.6,13,fit:e47555f16f02711dc446d8bfb5ee6625d9c15688be7bc41a38dbac9a7bc8e103:segment:003,3,5697.0,5626,activities/067_260425073220.csv,1,1,0,0
fit:e47555f16f02711dc446d8bfb5ee6625d9c15688be7bc41a38dbac9a7bc8e103,2026-04-25T07:07:19+00:00,1051,300,165,84,5.643,404.20000000000005,13,fit:e47555f16f02711dc446d8bfb5ee6625d9c15688be7bc41a38dbac9a7bc8e103:segment:003,3,5698.0,5627,activities/067_260425073220.csv,1,1,0,0
fit:e47555f16f02711dc446d8bfb5ee6625d9c15688be7bc41a38dbac9a7bc8e103,2026-04-25T07:07:20+00:00,1052,310,165,84,5.691,404.20000000000005,13,fit:e47555f16f02711dc446d8bfb5ee6625d9c15688be7bc41a38dbac9a7bc8e103:segment:003,3,5699.0,5628,activities/067_260425073220.csv,1,1,0,0
fit:e47555f16f02711dc446d8bfb5ee6625d9c15688be7bc41a38dbac9a7bc8e103,2026-04-25T07:07:21+00:00,1053,284,165,85,5.854,404.20000000000005,13,fit:e47555f16f02711dc446d8bfb5ee6625d9c15688be7bc41a38dbac9a7bc8e103:segment:003,3,5700.0,5629,activities/067_260425073220.csv,1,1,0,0
fit:e47555f16f02711dc446d8bfb5ee6625d9c15688be7bc41a38dbac9a7bc8e103,2026-04-25T07:07:22+00:00,1054,275,165,85,5.918,404.20000000000005,13,fit:e47555f16f02711dc446d8bfb5ee6625d9c15688be7bc41a38dbac9a7bc8e103:segment:003,3,5701.0,5630,activities/067_260425073220.csv,1,1,0,0
fit:e47555f16f02711dc446d8bfb5ee6625d9c15688be7bc41a38dbac9a7bc8e103,2026-04-25T07:07:23+00:00,1055,275,165,86,5.955,405.0,13,fit:e47555f16f02711dc446d8bfb5ee6625d9c15688be7bc41a38dbac9a7bc8e103:segment:003,3,5702.0,5631,activities/067_260425073220.csv,1,1,0,0
fit:e47555f16f02711dc446d8bfb5ee6625d9c15688be7bc41a38dbac9a7bc8e103,2026-04-25T07:07:24+00:00,1056,285,165,85,5.887,405.0,13,fit:e47555f16f02711dc446d8bfb5ee6625d9c15688be7bc41a38dbac9a7bc8e103:segment:003,3,5703.0,5632,activities/067_260425073220.csv,1,1,0,0
fit:e47555f16f02711dc446d8bfb5ee6625d9c15688be7bc41a38dbac9a7bc8e103,2026-04-25T07:07:25+00:00,1057,367,165,86,5.924,405.0,13,fit:e47555f16f02711dc446d8bfb5ee6625d9c15688be7bc41a38dbac9a7bc8e103:segment:003,3,5704.0,5633,activities/067_260425073220.csv,1,1,0,0
fit:e47555f16f02711dc446d8bfb5ee6625d9c15688be7bc41a38dbac9a7bc8e103,2026-04-25T07:07:26+00:00,1058,350,165,88,5.923,405.0,13,fit:e47555f16f02711dc446d8bfb5ee6625d9c15688be7bc41a38dbac9a7bc8e103:segment:003,3,5705.0,5634,activities/067_260425073220.csv,1,1,0,0
fit:e47555f16f02711dc446d8bfb5ee6625d9c15688be7bc41a38dbac9a7bc8e103,2026-04-25T07:07:27+00:00,1059,401,165,89,5.998,405.0,13,fit:e47555f16f02711dc446d8bfb5ee6625d9c15688be7bc41a38dbac9a7bc8e103:segment:003,3,5706.0,5635,activities/067_260425073220.csv,1,1,0,0
fit:e47555f16f02711dc446d8bfb5ee6625d9c15688be7bc41a38dbac9a7bc8e103,2026-04-25T07:07:28+00:00,1060,290,165,90,6.007,405.6,13,fit:e47555f16f02711dc446d8bfb5ee6625d9c15688be7bc41a38dbac9a7bc8e103:segment:003,3,5707.0,5636,activities/067_260425073220.csv,1,1,0,0
fit:e47555f16f02711dc446d8bfb5ee6625d9c15688be7bc41a38dbac9a7bc8e103,2026-04-25T07:07:29+00:00,1061,402,165,90,6.15,406.0,13,fit:e47555f16f02711dc446d8bfb5ee6625d9c15688be7bc41a38dbac9a7bc8e103:segment:003,3,5708.0,5637,activities/067_260425073220.csv,1,1,0,0
fit:e47555f16f02711dc446d8bfb5ee6625d9c15688be7bc41a38dbac9a7bc8e103,2026-04-25T07:07:30+00:00,1062,152,165,91,6.158,406.6,13,fit:e47555f16f02711dc446d8bfb5ee6625d9c15688be7bc41a38dbac9a7bc8e103:segment:003,3,5709.0,5638,activities/067_260425073220.csv,1,1,0,0
fit:e47555f16f02711dc446d8bfb5ee6625d9c15688be7bc41a38dbac9a7bc8e103,2026-04-25T07:07:31+00:00,1063,365,166,85,6.244,406.6,13,fit:e47555f16f02711dc446d8bfb5ee6625d9c15688be7bc41a38dbac9a7bc8e103:segment:003,3,5710.0,5639,activities/067_260425073220.csv,1,1,0,0
fit:e47555f16f02711dc446d8bfb5ee6625d9c15688be7bc41a38dbac9a7bc8e103,2026-04-25T07:07:32+00:00,1064,305,166,80,6.175,407.20000000000005,13,fit:e47555f16f02711dc446d8bfb5ee6625d9c15688be7bc41a38dbac9a7bc8e103:segment:003,3,5711.0,5640,activities/067_260425073220.csv,1,1,0,0
fit:e47555f16f02711dc446d8bfb5ee6625d9c15688be7bc41a38dbac9a7bc8e103,2026-04-25T07:07:33+00:00,1065,288,166,80,6.186,407.6,13,fit:e47555f16f02711dc446d8bfb5ee6625d9c15688be7bc41a38dbac9a7bc8e103:segment:003,3,5712.0,5641,activities/067_260425073220.csv,1,1,0,0
fit:e47555f16f02711dc446d8bfb5ee6625d9c15688be7bc41a38dbac9a7bc8e103,2026-04-25T07:07:34+00:00,1066,287,166,79,6.144,407.6,13,fit:e47555f16f02711dc446d8bfb5ee6625d9c15688be7bc41a38dbac9a7bc8e103:segment:003,3,5713.0,5642,activities/067_260425073220.csv,1,1,0,0
fit:e47555f16f02711dc446d8bfb5ee6625d9c15688be7bc41a38dbac9a7bc8e103,2026-04-25T07:07:35+00:00,1067,307,167,80,6.17,407.6,13,fit:e47555f16f02711dc446d8bfb5ee6625d9c15688be7bc41a38dbac9a7bc8e103:segment:003,3,5714.0,5643,activities/067_260425073220.csv,1,1,0,0
fit:e47555f16f02711dc446d8bfb5ee6625d9c15688be7bc41a38dbac9a7bc8e103,2026-04-25T07:07:36+00:00,1068,307,167,80,6.191,407.6,13,fit:e47555f16f02711dc446d8bfb5ee6625d9c15688be7bc41a38dbac9a7bc8e103:segment:003,3,5715.0,5644,activities/067_260425073220.csv,1,1,0,0
fit:e47555f16f02711dc446d8bfb5ee6625d9c15688be7bc41a38dbac9a7bc8e103,2026-04-25T07:07:37+00:00,1069,287,167,80,6.236,408.20000000000005,13,fit:e47555f16f02711dc446d8bfb5ee6625d9c15688be7bc41a38dbac9a7bc8e103:segment:003,3,5716.0,5645,activities/067_260425073220.csv,1,1,0,0
fit:e47555f16f02711dc446d8bfb5ee6625d9c15688be7bc41a38dbac9a7bc8e103,2026-04-25T07:07:38+00:00,1070,294,167,80,6.257,408.20000000000005,13,fit:e47555f16f02711dc446d8bfb5ee6625d9c15688be7bc41a38dbac9a7bc8e103:segment:003,3,5717.0,5646,activities/067_260425073220.csv,1,1,0,0
fit:e47555f16f02711dc446d8bfb5ee6625d9c15688be7bc41a38dbac9a7bc8e103,2026-04-25T07:07:39+00:00,1071,317,167,80,6.168,408.79999999999995,13,fit:e47555f16f02711dc446d8bfb5ee6625d9c15688be7bc41a38dbac9a7bc8e103:segment:003,3,5718.0,5647,activities/067_260425073220.csv,1,1,0,0
fit:e47555f16f02711dc446d8bfb5ee6625d9c15688be7bc41a38dbac9a7bc8e103,2026-04-25T07:07:40+00:00,1072,316,167,80,6.09,409.0,13,fit:e47555f16f02711dc446d8bfb5ee6625d9c15688be7bc41a38dbac9a7bc8e103:segment:003,3,5719.0,5648,activities/067_260425073220.csv,1,1,0,0
fit:e47555f16f02711dc446d8bfb5ee6625d9c15688be7bc41a38dbac9a7bc8e103,2026-04-25T07:07:41+00:00,1073,287,166,80,6.06,409.0,13,fit:e47555f16f02711dc446d8bfb5ee6625d9c15688be7bc41a38dbac9a7bc8e103:segment:003,3,5720.0,5649,activities/067_260425073220.csv,1,1,0,0
fit:e47555f16f02711dc446d8bfb5ee6625d9c15688be7bc41a38dbac9a7bc8e103,2026-04-25T07:07:42+00:00,1074,321,166,80,6.058,409.0,13,fit:e47555f16f02711dc446d8bfb5ee6625d9c15688be7bc41a38dbac9a7bc8e103:segment:003,3,5721.0,5650,activities/067_260425073220.csv,1,1,0,0
fit:e47555f16f02711dc446d8bfb5ee6625d9c15688be7bc41a38dbac9a7bc8e103,2026-04-25T07:07:43+00:00,1075,294,166,80,6.189,409.0,13,fit:e47555f16f02711dc446d8bfb5ee6625d9c15688be7bc41a38dbac9a7bc8e103:segment:003,3,5722.0,5651,activities/067_260425073220.csv,1,1,0,0
fit:e47555f16f02711dc446d8bfb5ee6625d9c15688be7bc41a38dbac9a7bc8e103,2026-04-25T07:07:44+00:00,1076,285,166,79,6.167,410.0,13,fit:e47555f16f02711dc446d8bfb5ee6625d9c15688be7bc41a38dbac9a7bc8e103:segment:003,3,5723.0,5652,activities/067_260425073220.csv,1,1,0,0
fit:e47555f16f02711dc446d8bfb5ee6625d9c15688be7bc41a38dbac9a7bc8e103,2026-04-25T07:07:45+00:00,1077,289,166,79,6.092,410.0,13,fit:e47555f16f02711dc446d8bfb5ee6625d9c15688be7bc41a38dbac9a7bc8e103:segment:003,3,5724.0,5653,activities/067_260425073220.csv,1,1,0,0
fit:e47555f16f02711dc446d8bfb5ee6625d9c15688be7bc41a38dbac9a7bc8e103,2026-04-25T07:07:46+00:00,1078,286,166,78,5.947,410.6,13,fit:e47555f16f02711dc446d8bfb5ee6625d9c15688be7bc41a38dbac9a7bc8e103:segment:003,3,5725.0,5654,activities/067_260425073220.csv,1,1,0,0
fit:e47555f16f02711dc446d8bfb5ee6625d9c15688be7bc41a38dbac9a7bc8e103,2026-04-25T07:07:47+00:00,1079,290,166,78,5.921,410.79999999999995,13,fit:e47555f16f02711dc446d8bfb5ee6625d9c15688be7bc41a38dbac9a7bc8e103:segment:003,3,5726.0,5655,activities/067_260425073220.csv,1,1,0,0
fit:e47555f16f02711dc446d8bfb5ee6625d9c15688be7bc41a38dbac9a7bc8e103,2026-04-25T07:07:48+00:00,1080,292,167,77,5.807,411.4,13,fit:e47555f16f02711dc446d8bfb5ee6625d9c15688be7bc41a38dbac9a7bc8e103:segment:003,3,5727.0,5656,activities/067_260425073220.csv,1,1,0,0
fit:e47555f16f02711dc446d8bfb5ee6625d9c15688be7bc41a38dbac9a7bc8e103,2026-04-25T07:07:49+00:00,1081,305,167,76,5.776,411.4,13,fit:e47555f16f02711dc446d8bfb5ee6625d9c15688be7bc41a38dbac9a7bc8e103:segment:003,3,5728.0,5657,activities/067_260425073220.csv,1,1,0,0
fit:e47555f16f02711dc446d8bfb5ee6625d9c15688be7bc41a38dbac9a7bc8e103,2026-04-25T07:07:50+00:00,1082,320,167,76,5.75,411.4,13,fit:e47555f16f02711dc446d8bfb5ee6625d9c15688be7bc41a38dbac9a7bc8e103:segment:003,3,5729.0,5658,activities/067_260425073220.csv,1,1,0,0
fit:e47555f16f02711dc446d8bfb5ee6625d9c15688be7bc41a38dbac9a7bc8e103,2026-04-25T07:07:51+00:00,1083,312,167,75,5.799,411.4,13,fit:e47555f16f02711dc446d8bfb5ee6625d9c15688be7bc41a38dbac9a7bc8e103:segment:003,3,5730.0,5659,activities/067_260425073220.csv,1,1,0,0
fit:e47555f16f02711dc446d8bfb5ee6625d9c15688be7bc41a38dbac9a7bc8e103,2026-04-25T07:07:52+00:00,1084,312,168,75,5.741,412.20000000000005,13,fit:e47555f16f02711dc446d8bfb5ee6625d9c15688be7bc41a38dbac9a7bc8e103:segment:003,3,5731.0,5660,activities/067_260425073220.csv,1,1,0,0
fit:e47555f16f02711dc446d8bfb5ee6625d9c15688be7bc41a38dbac9a7bc8e103,2026-04-25T07:07:53+00:00,1085,309,168,75,5.749,412.6,13,fit:e47555f16f02711dc446d8bfb5ee6625d9c15688be7bc41a38dbac9a7bc8e103:segment:003,3,5732.0,5661,activities/067_260425073220.csv,1,1,0,0
fit:e47555f16f02711dc446d8bfb5ee6625d9c15688be7bc41a38dbac9a7bc8e103,2026-04-25T07:07:54+00:00,1086,197,168,74,5.676,413.4,13,fit:e47555f16f02711dc446d8bfb5ee6625d9c15688be7bc41a38dbac9a7bc8e103:segment:003,3,5733.0,5662,activities/067_260425073220.csv,1,1,0,0
fit:e47555f16f02711dc446d8bfb5ee6625d9c15688be7bc41a38dbac9a7bc8e103,2026-04-25T07:07:55+00:00,1087,286,168,80,5.593,413.4,13,fit:e47555f16f02711dc446d8bfb5ee6625d9c15688be7bc41a38dbac9a7bc8e103:segment:003,3,5734.0,5663,activities/067_260425073220.csv,1,1,0,0
fit:e47555f16f02711dc446d8bfb5ee6625d9c15688be7bc41a38dbac9a7bc8e103,2026-04-25T07:07:56+00:00,1088,287,168,80,5.47,413.4,13,fit:e47555f16f02711dc446d8bfb5ee6625d9c15688be7bc41a38dbac9a7bc8e103:segment:003,3,5735.0,5664,activities/067_260425073220.csv,1,1,0,0
fit:e47555f16f02711dc446d8bfb5ee6625d9c15688be7bc41a38dbac9a7bc8e103,2026-04-25T07:07:57+00:00,1089,286,168,79,5.308,413.4,14,fit:e47555f16f02711dc446d8bfb5ee6625d9c15688be7bc41a38dbac9a7bc8e103:segment:003,3,5736.0,5665,activities/067_260425073220.csv,1,1,0,0
fit:e47555f16f02711dc446d8bfb5ee6625d9c15688be7bc41a38dbac9a7bc8e103,2026-04-25T07:07:58+00:00,1090,298,168,78,5.337,414.20000000000005,14,fit:e47555f16f02711dc446d8bfb5ee6625d9c15688be7bc41a38dbac9a7bc8e103:segment:003,3,5737.0,5666,activities/067_260425073220.csv,1,1,0,0
fit:e47555f16f02711dc446d8bfb5ee6625d9c15688be7bc41a38dbac9a7bc8e103,2026-04-25T07:07:59+00:00,1091,317,168,77,5.143,414.6,14,fit:e47555f16f02711dc446d8bfb5ee6625d9c15688be7bc41a38dbac9a7bc8e103:segment:003,3,5738.0,5667,activities/067_260425073220.csv,1,1,0,0
fit:e47555f16f02711dc446d8bfb5ee6625d9c15688be7bc41a38dbac9a7bc8e103,2026-04-25T07:08:00+00:00,1092,317,168,77,5.198,415.0,14,fit:e47555f16f02711dc446d8bfb5ee6625d9c15688be7bc41a38dbac9a7bc8e103:segment:003,3,5739.0,5668,activities/067_260425073220.csv,1,1,0,0
fit:e47555f16f02711dc446d8bfb5ee6625d9c15688be7bc41a38dbac9a7bc8e103,2026-04-25T07:08:01+00:00,1093,331,168,78,5.136,415.4,14,fit:e47555f16f02711dc446d8bfb5ee6625d9c15688be7bc41a38dbac9a7bc8e103:segment:003,3,5740.0,5669,activities/067_260425073220.csv,1,1,0,0
fit:e47555f16f02711dc446d8bfb5ee6625d9c15688be7bc41a38dbac9a7bc8e103,2026-04-25T07:08:02+00:00,1094,313,167,78,5.123,415.4,14,fit:e47555f16f02711dc446d8bfb5ee6625d9c15688be7bc41a38dbac9a7bc8e103:segment:003,3,5741.0,5670,activities/067_260425073220.csv,1,1,0,0
fit:e47555f16f02711dc446d8bfb5ee6625d9c15688be7bc41a38dbac9a7bc8e103,2026-04-25T07:08:03+00:00,1095,318,167,78,5.11,415.4,14,fit:e47555f16f02711dc446d8bfb5ee6625d9c15688be7bc41a38dbac9a7bc8e103:segment:003,3,5742.0,5671,activities/067_260425073220.csv,1,1,0,0
fit:e47555f16f02711dc446d8bfb5ee6625d9c15688be7bc41a38dbac9a7bc8e103,2026-04-25T07:08:04+00:00,1096,315,167,77,5.062,415.4,14,fit:e47555f16f02711dc446d8bfb5ee6625d9c15688be7bc41a38dbac9a7bc8e103:segment:003,3,5743.0,5672,activities/067_260425073220.csv,1,1,0,0
fit:e47555f16f02711dc446d8bfb5ee6625d9c15688be7bc41a38dbac9a7bc8e103,2026-04-25T07:08:05+00:00,1097,302,167,77,5.089,416.4,14,fit:e47555f16f02711dc446d8bfb5ee6625d9c15688be7bc41a38dbac9a7bc8e103:segment:003,3,5744.0,5673,activities/067_260425073220.csv,1,1,0,0
fit:e47555f16f02711dc446d8bfb5ee6625d9c15688be7bc41a38dbac9a7bc8e103,2026-04-25T07:08:06+00:00,1098,303,167,77,5.057,416.6,14,fit:e47555f16f02711dc446d8bfb5ee6625d9c15688be7bc41a38dbac9a7bc8e103:segment:003,3,5745.0,5674,activities/067_260425073220.csv,1,1,0,0
fit:e47555f16f02711dc446d8bfb5ee6625d9c15688be7bc41a38dbac9a7bc8e103,2026-04-25T07:08:07+00:00,1099,300,167,78,5.202,417.4,14,fit:e47555f16f02711dc446d8bfb5ee6625d9c15688be7bc41a38dbac9a7bc8e103:segment:003,3,5746.0,5675,activities/067_260425073220.csv,1,1,0,0
fit:e47555f16f02711dc446d8bfb5ee6625d9c15688be7bc41a38dbac9a7bc8e103,2026-04-25T07:08:08+00:00,1100,299,167,78,5.25,418.0,14,fit:e47555f16f02711dc446d8bfb5ee6625d9c15688be7bc41a38dbac9a7bc8e103:segment:003,3,5747.0,5676,activities/067_260425073220.csv,1,1,0,0
fit:e47555f16f02711dc446d8bfb5ee6625d9c15688be7bc41a38dbac9a7bc8e103,2026-04-25T07:08:09+00:00,1101,327,167,78,5.129,418.0,14,fit:e47555f16f02711dc446d8bfb5ee6625d9c15688be7bc41a38dbac9a7bc8e103:segment:003,3,5748.0,5677,activities/067_260425073220.csv,1,1,0,0
fit:e47555f16f02711dc446d8bfb5ee6625d9c15688be7bc41a38dbac9a7bc8e103,2026-04-25T07:08:10+00:00,1102,353,166,77,5.171,418.0,14,fit:e47555f16f02711dc446d8bfb5ee6625d9c15688be7bc41a38dbac9a7bc8e103:segment:003,3,5749.0,5678,activities/067_260425073220.csv,1,1,0,0
fit:e47555f16f02711dc446d8bfb5ee6625d9c15688be7bc41a38dbac9a7bc8e103,2026-04-25T07:08:11+00:00,1103,319,166,75,5.181,418.0,14,fit:e47555f16f02711dc446d8bfb5ee6625d9c15688be7bc41a38dbac9a7bc8e103:segment:003,3,5750.0,5679,activities/067_260425073220.csv,1,1,0,0
fit:e47555f16f02711dc446d8bfb5ee6625d9c15688be7bc41a38dbac9a7bc8e103,2026-04-25T07:08:12+00:00,1104,320,166,79,5.205,418.0,14,fit:e47555f16f02711dc446d8bfb5ee6625d9c15688be7bc41a38dbac9a7bc8e103:segment:003,3,5751.0,5680,activities/067_260425073220.csv,1,1,0,0
fit:e47555f16f02711dc446d8bfb5ee6625d9c15688be7bc41a38dbac9a7bc8e103,2026-04-25T07:08:13+00:00,1105,342,166,79,5.244,419.0,14,fit:e47555f16f02711dc446d8bfb5ee6625d9c15688be7bc41a38dbac9a7bc8e103:segment:003,3,5752.0,5681,activities/067_260425073220.csv,1,1,0,0
fit:e47555f16f02711dc446d8bfb5ee6625d9c15688be7bc41a38dbac9a7bc8e103,2026-04-25T07:08:14+00:00,1106,352,166,80,5.171,419.20000000000005,14,fit:e47555f16f02711dc446d8bfb5ee6625d9c15688be7bc41a38dbac9a7bc8e103:segment:003,3,5753.0,5682,activities/067_260425073220.csv,1,1,0,0
fit:e47555f16f02711dc446d8bfb5ee6625d9c15688be7bc41a38dbac9a7bc8e103,2026-04-25T07:08:15+00:00,1107,340,166,80,5.409,419.20000000000005,14,fit:e47555f16f02711dc446d8bfb5ee6625d9c15688be7bc41a38dbac9a7bc8e103:segment:003,3,5754.0,5683,activities/067_260425073220.csv,1,1,0,0
fit:e47555f16f02711dc446d8bfb5ee6625d9c15688be7bc41a38dbac9a7bc8e103,2026-04-25T07:08:16+00:00,1108,348,167,80,5.336,419.20000000000005,14,fit:e47555f16f02711dc446d8bfb5ee6625d9c15688be7bc41a38dbac9a7bc8e103:segment:003,3,5755.0,5684,activities/067_260425073220.csv,1,1,0,0
fit:e47555f16f02711dc446d8bfb5ee6625d9c15688be7bc41a38dbac9a7bc8e103,2026-04-25T07:08:17+00:00,1109,366,167,79,5.165,419.20000000000005,14,fit:e47555f16f02711dc446d8bfb5ee6625d9c15688be7bc41a38dbac9a7bc8e103:segment:003,3,5756.0,5685,activities/067_260425073220.csv,1,1,0,0
fit:e47555f16f02711dc446d8bfb5ee6625d9c15688be7bc41a38dbac9a7bc8e103,2026-04-25T07:08:18+00:00,1110,372,168,78,5.255,420.20000000000005,14,fit:e47555f16f02711dc446d8bfb5ee6625d9c15688be7bc41a38dbac9a7bc8e103:segment:003,3,5757.0,5686,activities/067_260425073220.csv,1,1,0,0
fit:e47555f16f02711dc446d8bfb5ee6625d9c15688be7bc41a38dbac9a7bc8e103,2026-04-25T07:08:19+00:00,1111,372,169,78,4.966,420.6,14,fit:e47555f16f02711dc446d8bfb5ee6625d9c15688be7bc41a38dbac9a7bc8e103:segment:003,3,5758.0,5687,activities/067_260425073220.csv,1,1,0,0
fit:e47555f16f02711dc446d8bfb5ee6625d9c15688be7bc41a38dbac9a7bc8e103,2026-04-25T07:08:20+00:00,1112,368,169,79,5.06,421.6,14,fit:e47555f16f02711dc446d8bfb5ee6625d9c15688be7bc41a38dbac9a7bc8e103:segment:003,3,5759.0,5688,activities/067_260425073220.csv,1,1,0,0
fit:e47555f16f02711dc446d8bfb5ee6625d9c15688be7bc41a38dbac9a7bc8e103,2026-04-25T07:08:21+00:00,1113,393,169,78,5.15,422.0,14,fit:e47555f16f02711dc446d8bfb5ee6625d9c15688be7bc41a38dbac9a7bc8e103:segment:003,3,5760.0,5689,activities/067_260425073220.csv,1,1,0,0
fit:e47555f16f02711dc446d8bfb5ee6625d9c15688be7bc41a38dbac9a7bc8e103,2026-04-25T07:08:22+00:00,1114,394,170,79,5.243,422.0,14,fit:e47555f16f02711dc446d8bfb5ee6625d9c15688be7bc41a38dbac9a7bc8e103:segment:003,3,5761.0,5690,activities/067_260425073220.csv,1,1,0,0
fit:e47555f16f02711dc446d8bfb5ee6625d9c15688be7bc41a38dbac9a7bc8e103,2026-04-25T07:08:23+00:00,1115,336,170,80,5.343,422.0,14,fit:e47555f16f02711dc446d8bfb5ee6625d9c15688be7bc41a38dbac9a7bc8e103:segment:003,3,5762.0,5691,activities/067_260425073220.csv,1,1,0,0
fit:e47555f16f02711dc446d8bfb5ee6625d9c15688be7bc41a38dbac9a7bc8e103,2026-04-25T07:08:24+00:00,1116,323,170,81,5.415,422.0,14,fit:e47555f16f02711dc446d8bfb5ee6625d9c15688be7bc41a38dbac9a7bc8e103:segment:003,3,5763.0,5692,activities/067_260425073220.csv,1,1,0,0
fit:e47555f16f02711dc446d8bfb5ee6625d9c15688be7bc41a38dbac9a7bc8e103,2026-04-25T07:08:25+00:00,1117,399,170,78,5.239,422.0,14,fit:e47555f16f02711dc446d8bfb5ee6625d9c15688be7bc41a38dbac9a7bc8e103:segment:003,3,5764.0,5693,activities/067_260425073220.csv,1,1,0,0
fit:e47555f16f02711dc446d8bfb5ee6625d9c15688be7bc41a38dbac9a7bc8e103,2026-04-25T07:08:26+00:00,1118,354,170,78,5.111,423.0,14,fit:e47555f16f02711dc446d8bfb5ee6625d9c15688be7bc41a38dbac9a7bc8e103:segment:003,3,5765.0,5694,activities/067_260425073220.csv,1,1,0,0
fit:e47555f16f02711dc446d8bfb5ee6625d9c15688be7bc41a38dbac9a7bc8e103,2026-04-25T07:08:27+00:00,1119,339,170,79,5.188,423.6,14,fit:e47555f16f02711dc446d8bfb5ee6625d9c15688be7bc41a38dbac9a7bc8e103:segment:003,3,5766.0,5695,activities/067_260425073220.csv,1,1,0,0
fit:e47555f16f02711dc446d8bfb5ee6625d9c15688be7bc41a38dbac9a7bc8e103,2026-04-25T07:08:28+00:00,1120,383,170,78,5.254,423.6,14,fit:e47555f16f02711dc446d8bfb5ee6625d9c15688be7bc41a38dbac9a7bc8e103:segment:003,3,5767.0,5696,activities/067_260425073220.csv,1,1,0,0
fit:e47555f16f02711dc446d8bfb5ee6625d9c15688be7bc41a38dbac9a7bc8e103,2026-04-25T07:08:29+00:00,1121,330,170,77,5.202,423.6,14,fit:e47555f16f02711dc446d8bfb5ee6625d9c15688be7bc41a38dbac9a7bc8e103:segment:003,3,5768.0,5697,activities/067_260425073220.csv,1,1,0,0
fit:e47555f16f02711dc446d8bfb5ee6625d9c15688be7bc41a38dbac9a7bc8e103,2026-04-25T07:08:30+00:00,1122,361,170,76,5.255,423.6,14,fit:e47555f16f02711dc446d8bfb5ee6625d9c15688be7bc41a38dbac9a7bc8e103:segment:003,3,5769.0,5698,activities/067_260425073220.csv,1,1,0,0
fit:e47555f16f02711dc446d8bfb5ee6625d9c15688be7bc41a38dbac9a7bc8e103,2026-04-25T07:08:31+00:00,1123,333,170,75,5.203,424.6,14,fit:e47555f16f02711dc446d8bfb5ee6625d9c15688be7bc41a38dbac9a7bc8e103:segment:003,3,5770.0,5699,activities/067_260425073220.csv,1,1,0,0
fit:e47555f16f02711dc446d8bfb5ee6625d9c15688be7bc41a38dbac9a7bc8e103,2026-04-25T07:08:32+00:00,1124,334,170,75,5.204,425.20000000000005,14,fit:e47555f16f02711dc446d8bfb5ee6625d9c15688be7bc41a38dbac9a7bc8e103:segment:003,3,5771.0,5700,activities/067_260425073220.csv,1,1,0,0
fit:e47555f16f02711dc446d8bfb5ee6625d9c15688be7bc41a38dbac9a7bc8e103,2026-04-25T07:08:33+00:00,1125,366,170,75,5.106,425.4,14,fit:e47555f16f02711dc446d8bfb5ee6625d9c15688be7bc41a38dbac9a7bc8e103:segment:003,3,5772.0,5701,activities/067_260425073220.csv,1,1,0,0
fit:e47555f16f02711dc446d8bfb5ee6625d9c15688be7bc41a38dbac9a7bc8e103,2026-04-25T07:08:34+00:00,1126,371,171,74,5.049,425.6,14,fit:e47555f16f02711dc446d8bfb5ee6625d9c15688be7bc41a38dbac9a7bc8e103:segment:003,3,5773.0,5702,activities/067_260425073220.csv,1,1,0,0
fit:e47555f16f02711dc446d8bfb5ee6625d9c15688be7bc41a38dbac9a7bc8e103,2026-04-25T07:08:35+00:00,1127,385,171,73,5.005,426.6,14,fit:e47555f16f02711dc446d8bfb5ee6625d9c15688be7bc41a38dbac9a7bc8e103:segment:003,3,5774.0,5703,activities/067_260425073220.csv,1,1,0,0
fit:e47555f16f02711dc446d8bfb5ee6625d9c15688be7bc41a38dbac9a7bc8e103,2026-04-25T07:08:36+00:00,1128,367,171,73,5.096,426.79999999999995,14,fit:e47555f16f02711dc446d8bfb5ee6625d9c15688be7bc41a38dbac9a7bc8e103:segment:003,3,5775.0,5704,activities/067_260425073220.csv,1,1,0,0
fit:e47555f16f02711dc446d8bfb5ee6625d9c15688be7bc41a38dbac9a7bc8e103,2026-04-25T07:08:37+00:00,1129,367,171,74,5.199,426.79999999999995,14,fit:e47555f16f02711dc446d8bfb5ee6625d9c15688be7bc41a38dbac9a7bc8e103:segment:003,3,5776.0,5705,activities/067_260425073220.csv,1,1,0,0
fit:e47555f16f02711dc446d8bfb5ee6625d9c15688be7bc41a38dbac9a7bc8e103,2026-04-25T07:08:38+00:00,1130,365,171,74,4.995,426.79999999999995,14,fit:e47555f16f02711dc446d8bfb5ee6625d9c15688be7bc41a38dbac9a7bc8e103:segment:003,3,5777.0,5706,activities/067_260425073220.csv,1,1,0,0
fit:e47555f16f02711dc446d8bfb5ee6625d9c15688be7bc41a38dbac9a7bc8e103,2026-04-25T07:08:39+00:00,1131,363,171,73,5.111,426.79999999999995,14,fit:e47555f16f02711dc446d8bfb5ee6625d9c15688be7bc41a38dbac9a7bc8e103:segment:003,3,5778.0,5707,activities/067_260425073220.csv,1,1,0,0
fit:e47555f16f02711dc446d8bfb5ee6625d9c15688be7bc41a38dbac9a7bc8e103,2026-04-25T07:08:40+00:00,1132,360,172,73,4.929,426.79999999999995,14,fit:e47555f16f02711dc446d8bfb5ee6625d9c15688be7bc41a38dbac9a7bc8e103:segment:003,3,5779.0,5708,activities/067_260425073220.csv,1,1,0,0
fit:e47555f16f02711dc446d8bfb5ee6625d9c15688be7bc41a38dbac9a7bc8e103,2026-04-25T07:08:41+00:00,1133,347,172,73,5.047,427.79999999999995,14,fit:e47555f16f02711dc446d8bfb5ee6625d9c15688be7bc41a38dbac9a7bc8e103:segment:003,3,5780.0,5709,activities/067_260425073220.csv,1,1,0,0
fit:e47555f16f02711dc446d8bfb5ee6625d9c15688be7bc41a38dbac9a7bc8e103,2026-04-25T07:08:42+00:00,1134,341,173,73,4.717,428.79999999999995,14,fit:e47555f16f02711dc446d8bfb5ee6625d9c15688be7bc41a38dbac9a7bc8e103:segment:003,3,5781.0,5710,activities/067_260425073220.csv,1,1,0,0
fit:e47555f16f02711dc446d8bfb5ee6625d9c15688be7bc41a38dbac9a7bc8e103,2026-04-25T07:08:43+00:00,1135,319,173,73,5.123,428.79999999999995,14,fit:e47555f16f02711dc446d8bfb5ee6625d9c15688be7bc41a38dbac9a7bc8e103:segment:003,3,5782.0,5711,activities/067_260425073220.csv,1,1,0,0
fit:e47555f16f02711dc446d8bfb5ee6625d9c15688be7bc41a38dbac9a7bc8e103,2026-04-25T07:08:44+00:00,1136,350,173,72,4.772,428.79999999999995,14,fit:e47555f16f02711dc446d8bfb5ee6625d9c15688be7bc41a38dbac9a7bc8e103:segment:003,3,5783.0,5712,activities/067_260425073220.csv,1,1,0,0
fit:e47555f16f02711dc446d8bfb5ee6625d9c15688be7bc41a38dbac9a7bc8e103,2026-04-25T07:08:45+00:00,1137,350,173,72,4.795,428.79999999999995,14,fit:e47555f16f02711dc446d8bfb5ee6625d9c15688be7bc41a38dbac9a7bc8e103:segment:003,3,5784.0,5713,activities/067_260425073220.csv,1,1,0,0
fit:e47555f16f02711dc446d8bfb5ee6625d9c15688be7bc41a38dbac9a7bc8e103,2026-04-25T07:08:46+00:00,1138,316,173,71,4.679,429.79999999999995,14,fit:e47555f16f02711dc446d8bfb5ee6625d9c15688be7bc41a38dbac9a7bc8e103:segment:003,3,5785.0,5714,activities/067_260425073220.csv,1,1,0,0
fit:e47555f16f02711dc446d8bfb5ee6625d9c15688be7bc41a38dbac9a7bc8e103,2026-04-25T07:08:47+00:00,1139,328,174,71,4.552,430.79999999999995,14,fit:e47555f16f02711dc446d8bfb5ee6625d9c15688be7bc41a38dbac9a7bc8e103:segment:003,3,5786.0,5715,activities/067_260425073220.csv,1,1,0,0
fit:e47555f16f02711dc446d8bfb5ee6625d9c15688be7bc41a38dbac9a7bc8e103,2026-04-25T07:08:48+00:00,1140,329,174,72,4.832,430.79999999999995,14,fit:e47555f16f02711dc446d8bfb5ee6625d9c15688be7bc41a38dbac9a7bc8e103:segment:003,3,5787.0,5716,activities/067_260425073220.csv,1,1,0,0
fit:e47555f16f02711dc446d8bfb5ee6625d9c15688be7bc41a38dbac9a7bc8e103,2026-04-25T07:08:49+00:00,1141,297,174,72,4.588,430.79999999999995,14,fit:e47555f16f02711dc446d8bfb5ee6625d9c15688be7bc41a38dbac9a7bc8e103:segment:003,3,5788.0,5717,activities/067_260425073220.csv,1,1,0,0
fit:e47555f16f02711dc446d8bfb5ee6625d9c15688be7bc41a38dbac9a7bc8e103,2026-04-25T07:08:50+00:00,1142,334,174,71,4.781,430.79999999999995,14,fit:e47555f16f02711dc446d8bfb5ee6625d9c15688be7bc41a38dbac9a7bc8e103:segment:003,3,5789.0,5718,activities/067_260425073220.csv,1,1,0,0
fit:e47555f16f02711dc446d8bfb5ee6625d9c15688be7bc41a38dbac9a7bc8e103,2026-04-25T07:08:51+00:00,1143,326,175,71,4.761,431.4,14,fit:e47555f16f02711dc446d8bfb5ee6625d9c15688be7bc41a38dbac9a7bc8e103:segment:003,3,5790.0,5719,activities/067_260425073220.csv,1,1,0,0
fit:e47555f16f02711dc446d8bfb5ee6625d9c15688be7bc41a38dbac9a7bc8e103,2026-04-25T07:08:52+00:00,1144,326,175,72,4.622,431.79999999999995,14,fit:e47555f16f02711dc446d8bfb5ee6625d9c15688be7bc41a38dbac9a7bc8e103:segment:003,3,5791.0,5720,activities/067_260425073220.csv,1,1,0,0
fit:e47555f16f02711dc446d8bfb5ee6625d9c15688be7bc41a38dbac9a7bc8e103,2026-04-25T07:08:53+00:00,1145,145,175,75,5.142,431.79999999999995,14,fit:e47555f16f02711dc446d8bfb5ee6625d9c15688be7bc41a38dbac9a7bc8e103:segment:003,3,5792.0,5721,activities/067_260425073220.csv,1,1,0,0
fit:e47555f16f02711dc446d8bfb5ee6625d9c15688be7bc41a38dbac9a7bc8e103,2026-04-25T07:08:54+00:00,1146,265,174,59,5.386,431.79999999999995,14,fit:e47555f16f02711dc446d8bfb5ee6625d9c15688be7bc41a38dbac9a7bc8e103:segment:003,3,5793.0,5722,activities/067_260425073220.csv,1,1,0,0
fit:e47555f16f02711dc446d8bfb5ee6625d9c15688be7bc41a38dbac9a7bc8e103,2026-04-25T07:08:55+00:00,1147,254,174,73,5.27,431.79999999999995,14,fit:e47555f16f02711dc446d8bfb5ee6625d9c15688be7bc41a38dbac9a7bc8e103:segment:003,3,5794.0,5723,activities/067_260425073220.csv,1,1,0,0
fit:e47555f16f02711dc446d8bfb5ee6625d9c15688be7bc41a38dbac9a7bc8e103,2026-04-25T07:08:56+00:00,1148,256,174,76,5.208,432.0,14,fit:e47555f16f02711dc446d8bfb5ee6625d9c15688be7bc41a38dbac9a7bc8e103:segment:003,3,5795.0,5724,activities/067_260425073220.csv,1,1,0,0
fit:e47555f16f02711dc446d8bfb5ee6625d9c15688be7bc41a38dbac9a7bc8e103,2026-04-25T07:08:57+00:00,1149,256,174,78,5.312,432.0,14,fit:e47555f16f02711dc446d8bfb5ee6625d9c15688be7bc41a38dbac9a7bc8e103:segment:003,3,5796.0,5725,activities/067_260425073220.csv,1,1,0,0
fit:e47555f16f02711dc446d8bfb5ee6625d9c15688be7bc41a38dbac9a7bc8e103,2026-04-25T07:08:58+00:00,1150,247,174,79,5.406,432.0,14,fit:e47555f16f02711dc446d8bfb5ee6625d9c15688be7bc41a38dbac9a7bc8e103:segment:003,3,5797.0,5726,activities/067_260425073220.csv,1,1,0,0
fit:e47555f16f02711dc446d8bfb5ee6625d9c15688be7bc41a38dbac9a7bc8e103,2026-04-25T07:08:59+00:00,1151,191,173,80,5.509,432.0,14,fit:e47555f16f02711dc446d8bfb5ee6625d9c15688be7bc41a38dbac9a7bc8e103:segment:003,3,5798.0,5727,activities/067_260425073220.csv,1,1,0,0
fit:e47555f16f02711dc446d8bfb5ee6625d9c15688be7bc41a38dbac9a7bc8e103,2026-04-25T07:09:00+00:00,1152,191,173,73,5.501,432.4,14,fit:e47555f16f02711dc446d8bfb5ee6625d9c15688be7bc41a38dbac9a7bc8e103:segment:003,3,5799.0,5728,activities/067_260425073220.csv,1,1,0,0
fit:e47555f16f02711dc446d8bfb5ee6625d9c15688be7bc41a38dbac9a7bc8e103,2026-04-25T07:09:01+00:00,1153,403,172,76,5.764,433.20000000000005,14,fit:e47555f16f02711dc446d8bfb5ee6625d9c15688be7bc41a38dbac9a7bc8e103:segment:003,3,5800.0,5729,activities/067_260425073220.csv,1,1,0,0
fit:e47555f16f02711dc446d8bfb5ee6625d9c15688be7bc41a38dbac9a7bc8e103,2026-04-25T07:09:02+00:00,1154,386,172,85,5.989,433.20000000000005,14,fit:e47555f16f02711dc446d8bfb5ee6625d9c15688be7bc41a38dbac9a7bc8e103:segment:003,3,5801.0,5730,activities/067_260425073220.csv,1,1,0,0
fit:e47555f16f02711dc446d8bfb5ee6625d9c15688be7bc41a38dbac9a7bc8e103,2026-04-25T07:09:03+00:00,1155,370,172,87,6.229,433.20000000000005,14,fit:e47555f16f02711dc446d8bfb5ee6625d9c15688be7bc41a38dbac9a7bc8e103:segment:003,3,5802.0,5731,activities/067_260425073220.csv,1,1,0,0
fit:e47555f16f02711dc446d8bfb5ee6625d9c15688be7bc41a38dbac9a7bc8e103,2026-04-25T07:09:04+00:00,1156,178,171,89,6.497,433.20000000000005,14,fit:e47555f16f02711dc446d8bfb5ee6625d9c15688be7bc41a38dbac9a7bc8e103:segment:003,3,5803.0,5732,activities/067_260425073220.csv,1,1,0,0
fit:e47555f16f02711dc446d8bfb5ee6625d9c15688be7bc41a38dbac9a7bc8e103,2026-04-25T07:09:05+00:00,1157,398,171,83,6.842,433.20000000000005,14,fit:e47555f16f02711dc446d8bfb5ee6625d9c15688be7bc41a38dbac9a7bc8e103:segment:003,3,5804.0,5733,activities/067_260425073220.csv,1,1,0,0
fit:e47555f16f02711dc446d8bfb5ee6625d9c15688be7bc41a38dbac9a7bc8e103,2026-04-25T07:09:06+00:00,1158,360,171,82,7.033,432.4,14,fit:e47555f16f02711dc446d8bfb5ee6625d9c15688be7bc41a38dbac9a7bc8e103:segment:003,3,5805.0,5734,activities/067_260425073220.csv,1,1,0,0
fit:e47555f16f02711dc446d8bfb5ee6625d9c15688be7bc41a38dbac9a7bc8e103,2026-04-25T07:09:07+00:00,1159,348,171,86,7.321,432.4,14,fit:e47555f16f02711dc446d8bfb5ee6625d9c15688be7bc41a38dbac9a7bc8e103:segment:003,3,5806.0,5735,activities/067_260425073220.csv,1,1,0,0
fit:e47555f16f02711dc446d8bfb5ee6625d9c15688be7bc41a38dbac9a7bc8e103,2026-04-25T07:09:08+00:00,1160,292,171,87,7.507,432.4,14,fit:e47555f16f02711dc446d8bfb5ee6625d9c15688be7bc41a38dbac9a7bc8e103:segment:003,3,5807.0,5736,activities/067_260425073220.csv,1,1,0,0
fit:e47555f16f02711dc446d8bfb5ee6625d9c15688be7bc41a38dbac9a7bc8e103,2026-04-25T07:09:09+00:00,1161,272,171,89,7.781,432.4,14,fit:e47555f16f02711dc446d8bfb5ee6625d9c15688be7bc41a38dbac9a7bc8e103:segment:003,3,5808.0,5737,activities/067_260425073220.csv,1,1,0,0
fit:e47555f16f02711dc446d8bfb5ee6625d9c15688be7bc41a38dbac9a7bc8e103,2026-04-25T07:09:10+00:00,1162,318,172,89,7.819,432.4,14,fit:e47555f16f02711dc446d8bfb5ee6625d9c15688be7bc41a38dbac9a7bc8e103:segment:003,3,5809.0,5738,activities/067_260425073220.csv,1,1,0,0
fit:e47555f16f02711dc446d8bfb5ee6625d9c15688be7bc41a38dbac9a7bc8e103,2026-04-25T07:09:11+00:00,1163,293,172,91,7.916,432.4,14,fit:e47555f16f02711dc446d8bfb5ee6625d9c15688be7bc41a38dbac9a7bc8e103:segment:003,3,5810.0,5739,activities/067_260425073220.csv,1,1,0,0
fit:e47555f16f02711dc446d8bfb5ee6625d9c15688be7bc41a38dbac9a7bc8e103,2026-04-25T07:09:12+00:00,1164,228,172,91,8.065,433.4,14,fit:e47555f16f02711dc446d8bfb5ee6625d9c15688be7bc41a38dbac9a7bc8e103:segment:003,3,5811.0,5740,activities/067_260425073220.csv,1,1,0,0
fit:e47555f16f02711dc446d8bfb5ee6625d9c15688be7bc41a38dbac9a7bc8e103,2026-04-25T07:09:13+00:00,1165,228,172,92,8.21,433.4,14,fit:e47555f16f02711dc446d8bfb5ee6625d9c15688be7bc41a38dbac9a7bc8e103:segment:003,3,5812.0,5741,activities/067_260425073220.csv,1,1,0,0
fit:e47555f16f02711dc446d8bfb5ee6625d9c15688be7bc41a38dbac9a7bc8e103,2026-04-25T07:09:14+00:00,1166,263,172,92,8.234,433.4,14,fit:e47555f16f02711dc446d8bfb5ee6625d9c15688be7bc41a38dbac9a7bc8e103:segment:003,3,5813.0,5742,activities/067_260425073220.csv,1,1,0,0
fit:e47555f16f02711dc446d8bfb5ee6625d9c15688be7bc41a38dbac9a7bc8e103,2026-04-25T07:09:15+00:00,1167,227,172,93,8.31,433.4,14,fit:e47555f16f02711dc446d8bfb5ee6625d9c15688be7bc41a38dbac9a7bc8e103:segment:003,3,5814.0,5743,activities/067_260425073220.csv,1,1,0,0
fit:e47555f16f02711dc446d8bfb5ee6625d9c15688be7bc41a38dbac9a7bc8e103,2026-04-25T07:09:16+00:00,1168,295,172,93,8.237,433.4,14,fit:e47555f16f02711dc446d8bfb5ee6625d9c15688be7bc41a38dbac9a7bc8e103:segment:003,3,5815.0,5744,activities/067_260425073220.csv,1,1,0,0
fit:e47555f16f02711dc446d8bfb5ee6625d9c15688be7bc41a38dbac9a7bc8e103,2026-04-25T07:09:17+00:00,1169,296,172,93,8.213,433.4,14,fit:e47555f16f02711dc446d8bfb5ee6625d9c15688be7bc41a38dbac9a7bc8e103:segment:003,3,5816.0,5745,activities/067_260425073220.csv,1,1,0,0
fit:e47555f16f02711dc446d8bfb5ee6625d9c15688be7bc41a38dbac9a7bc8e103,2026-04-25T07:09:18+00:00,1170,222,172,94,8.23,433.79999999999995,14,fit:e47555f16f02711dc446d8bfb5ee6625d9c15688be7bc41a38dbac9a7bc8e103:segment:003,3,5817.0,5746,activities/067_260425073220.csv,1,1,0,0
fit:e47555f16f02711dc446d8bfb5ee6625d9c15688be7bc41a38dbac9a7bc8e103,2026-04-25T07:09:19+00:00,1171,235,172,94,8.248,433.79999999999995,14,fit:e47555f16f02711dc446d8bfb5ee6625d9c15688be7bc41a38dbac9a7bc8e103:segment:003,3,5818.0,5747,activities/067_260425073220.csv,1,1,0,0
fit:e47555f16f02711dc446d8bfb5ee6625d9c15688be7bc41a38dbac9a7bc8e103,2026-04-25T07:09:20+00:00,1172,301,172,95,8.424,433.79999999999995,14,fit:e47555f16f02711dc446d8bfb5ee6625d9c15688be7bc41a38dbac9a7bc8e103:segment:003,3,5819.0,5748,activities/067_260425073220.csv,1,1,0,0
fit:e47555f16f02711dc446d8bfb5ee6625d9c15688be7bc41a38dbac9a7bc8e103,2026-04-25T07:09:21+00:00,1173,314,172,87,8.493,433.79999999999995,14,fit:e47555f16f02711dc446d8bfb5ee6625d9c15688be7bc41a38dbac9a7bc8e103:segment:003,3,5820.0,5749,activities/067_260425073220.csv,1,1,0,0
fit:e47555f16f02711dc446d8bfb5ee6625d9c15688be7bc41a38dbac9a7bc8e103,2026-04-25T07:09:22+00:00,1174,290,172,89,8.73,433.79999999999995,14,fit:e47555f16f02711dc446d8bfb5ee6625d9c15688be7bc41a38dbac9a7bc8e103:segment:003,3,5821.0,5750,activities/067_260425073220.csv,1,1,0,0
fit:e47555f16f02711dc446d8bfb5ee6625d9c15688be7bc41a38dbac9a7bc8e103,2026-04-25T07:09:23+00:00,1175,333,172,89,8.758,433.79999999999995,14,fit:e47555f16f02711dc446d8bfb5ee6625d9c15688be7bc41a38dbac9a7bc8e103:segment:003,3,5822.0,5751,activities/067_260425073220.csv,1,1,0,0
fit:e47555f16f02711dc446d8bfb5ee6625d9c15688be7bc41a38dbac9a7bc8e103,2026-04-25T07:09:24+00:00,1176,250,172,91,8.864,433.79999999999995,14,fit:e47555f16f02711dc446d8bfb5ee6625d9c15688be7bc41a38dbac9a7bc8e103:segment:003,3,5823.0,5752,activities/067_260425073220.csv,1,1,0,0
fit:e47555f16f02711dc446d8bfb5ee6625d9c15688be7bc41a38dbac9a7bc8e103,2026-04-25T07:09:25+00:00,1177,268,172,93,8.984,433.79999999999995,14,fit:e47555f16f02711dc446d8bfb5ee6625d9c15688be7bc41a38dbac9a7bc8e103:segment:003,3,5824.0,5753,activities/067_260425073220.csv,1,1,0,0
fit:e47555f16f02711dc446d8bfb5ee6625d9c15688be7bc41a38dbac9a7bc8e103,2026-04-25T07:09:26+00:00,1178,268,172,93,9.145,433.79999999999995,14,fit:e47555f16f02711dc446d8bfb5ee6625d9c15688be7bc41a38dbac9a7bc8e103:segment:003,3,5825.0,5754,activities/067_260425073220.csv,1,1,0,0
fit:e47555f16f02711dc446d8bfb5ee6625d9c15688be7bc41a38dbac9a7bc8e103,2026-04-25T07:09:27+00:00,1179,296,172,93,9.168,433.20000000000005,14,fit:e47555f16f02711dc446d8bfb5ee6625d9c15688be7bc41a38dbac9a7bc8e103:segment:003,3,5826.0,5755,activities/067_260425073220.csv,1,1,0,0
fit:e47555f16f02711dc446d8bfb5ee6625d9c15688be7bc41a38dbac9a7bc8e103,2026-04-25T07:09:28+00:00,1180,261,172,94,9.223,433.0,14,fit:e47555f16f02711dc446d8bfb5ee6625d9c15688be7bc41a38dbac9a7bc8e103:segment:003,3,5827.0,5756,activities/067_260425073220.csv,1,1,0,0
fit:e47555f16f02711dc446d8bfb5ee6625d9c15688be7bc41a38dbac9a7bc8e103,2026-04-25T07:09:29+00:00,1181,298,172,96,9.279,433.0,14,fit:e47555f16f02711dc446d8bfb5ee6625d9c15688be7bc41a38dbac9a7bc8e103:segment:003,3,5828.0,5757,activities/067_260425073220.csv,1,1,0,0
fit:e47555f16f02711dc446d8bfb5ee6625d9c15688be7bc41a38dbac9a7bc8e103,2026-04-25T07:09:30+00:00,1182,293,172,96,9.341,433.0,14,fit:e47555f16f02711dc446d8bfb5ee6625d9c15688be7bc41a38dbac9a7bc8e103:segment:003,3,5829.0,5758,activities/067_260425073220.csv,1,1,0,0
fit:e47555f16f02711dc446d8bfb5ee6625d9c15688be7bc41a38dbac9a7bc8e103,2026-04-25T07:09:31+00:00,1183,346,172,96,9.527,434.0,14,fit:e47555f16f02711dc446d8bfb5ee6625d9c15688be7bc41a38dbac9a7bc8e103:segment:003,3,5830.0,5759,activities/067_260425073220.csv,1,1,0,0
fit:e47555f16f02711dc446d8bfb5ee6625d9c15688be7bc41a38dbac9a7bc8e103,2026-04-25T07:09:32+00:00,1184,285,172,98,9.58,434.0,14,fit:e47555f16f02711dc446d8bfb5ee6625d9c15688be7bc41a38dbac9a7bc8e103:segment:003,3,5831.0,5760,activities/067_260425073220.csv,1,1,0,0
fit:e47555f16f02711dc446d8bfb5ee6625d9c15688be7bc41a38dbac9a7bc8e103,2026-04-25T07:09:33+00:00,1185,162,172,95,9.589,434.0,14,fit:e47555f16f02711dc446d8bfb5ee6625d9c15688be7bc41a38dbac9a7bc8e103:segment:003,3,5832.0,5761,activities/067_260425073220.csv,1,1,0,0
fit:e47555f16f02711dc446d8bfb5ee6625d9c15688be7bc41a38dbac9a7bc8e103,2026-04-25T07:09:34+00:00,1186,358,172,95,9.733,433.20000000000005,14,fit:e47555f16f02711dc446d8bfb5ee6625d9c15688be7bc41a38dbac9a7bc8e103:segment:003,3,5833.0,5762,activities/067_260425073220.csv,1,1,0,0
fit:e47555f16f02711dc446d8bfb5ee6625d9c15688be7bc41a38dbac9a7bc8e103,2026-04-25T07:09:35+00:00,1187,296,172,89,9.786,433.20000000000005,14,fit:e47555f16f02711dc446d8bfb5ee6625d9c15688be7bc41a38dbac9a7bc8e103:segment:003,3,5834.0,5763,activities/067_260425073220.csv,1,1,0,0
fit:e47555f16f02711dc446d8bfb5ee6625d9c15688be7bc41a38dbac9a7bc8e103,2026-04-25T07:09:36+00:00,1188,274,172,89,9.815,433.20000000000005,14,fit:e47555f16f02711dc446d8bfb5ee6625d9c15688be7bc41a38dbac9a7bc8e103:segment:003,3,5835.0,5764,activities/067_260425073220.csv,1,1,0,0
fit:e47555f16f02711dc446d8bfb5ee6625d9c15688be7bc41a38dbac9a7bc8e103,2026-04-25T07:09:37+00:00,1189,317,172,89,9.795,433.20000000000005,14,fit:e47555f16f02711dc446d8bfb5ee6625d9c15688be7bc41a38dbac9a7bc8e103:segment:003,3,5836.0,5765,activities/067_260425073220.csv,1,1,0,0
fit:e47555f16f02711dc446d8bfb5ee6625d9c15688be7bc41a38dbac9a7bc8e103,2026-04-25T07:09:38+00:00,1190,261,171,89,9.808,433.20000000000005,14,fit:e47555f16f02711dc446d8bfb5ee6625d9c15688be7bc41a38dbac9a7bc8e103:segment:003,3,5837.0,5766,activities/067_260425073220.csv,1,1,0,0
fit:e47555f16f02711dc446d8bfb5ee6625d9c15688be7bc41a38dbac9a7bc8e103,2026-04-25T07:09:39+00:00,1191,224,171,89,9.794,433.79999999999995,14,fit:e47555f16f02711dc446d8bfb5ee6625d9c15688be7bc41a38dbac9a7bc8e103:segment:003,3,5838.0,5767,activities/067_260425073220.csv,1,1,0,0
fit:e47555f16f02711dc446d8bfb5ee6625d9c15688be7bc41a38dbac9a7bc8e103,2026-04-25T07:09:40+00:00,1192,230,171,89,9.817,434.20000000000005,14,fit:e47555f16f02711dc446d8bfb5ee6625d9c15688be7bc41a38dbac9a7bc8e103:segment:003,3,5839.0,5768,activities/067_260425073220.csv,1,1,0,0
fit:e47555f16f02711dc446d8bfb5ee6625d9c15688be7bc41a38dbac9a7bc8e103,2026-04-25T07:09:41+00:00,1193,310,171,88,9.756,434.20000000000005,14,fit:e47555f16f02711dc446d8bfb5ee6625d9c15688be7bc41a38dbac9a7bc8e103:segment:003,3,5840.0,5769,activities/067_260425073220.csv,1,1,0,0
fit:e47555f16f02711dc446d8bfb5ee6625d9c15688be7bc41a38dbac9a7bc8e103,2026-04-25T07:09:42+00:00,1194,311,171,87,9.749,434.20000000000005,14,fit:e47555f16f02711dc446d8bfb5ee6625d9c15688be7bc41a38dbac9a7bc8e103:segment:003,3,5841.0,5770,activities/067_260425073220.csv,1,1,0,0
fit:e47555f16f02711dc446d8bfb5ee6625d9c15688be7bc41a38dbac9a7bc8e103,2026-04-25T07:09:43+00:00,1195,308,171,87,9.596,434.20000000000005,14,fit:e47555f16f02711dc446d8bfb5ee6625d9c15688be7bc41a38dbac9a7bc8e103:segment:003,3,5842.0,5771,activities/067_260425073220.csv,1,1,0,0
fit:e47555f16f02711dc446d8bfb5ee6625d9c15688be7bc41a38dbac9a7bc8e103,2026-04-25T07:09:44+00:00,1196,250,171,87,9.391,434.20000000000005,14,fit:e47555f16f02711dc446d8bfb5ee6625d9c15688be7bc41a38dbac9a7bc8e103:segment:003,3,5843.0,5772,activities/067_260425073220.csv,1,1,0,0
fit:e47555f16f02711dc446d8bfb5ee6625d9c15688be7bc41a38dbac9a7bc8e103,2026-04-25T07:09:45+00:00,1197,290,171,87,9.413,434.4,14,fit:e47555f16f02711dc446d8bfb5ee6625d9c15688be7bc41a38dbac9a7bc8e103:segment:003,3,5844.0,5773,activities/067_260425073220.csv,1,1,0,0
fit:e47555f16f02711dc446d8bfb5ee6625d9c15688be7bc41a38dbac9a7bc8e103,2026-04-25T07:09:46+00:00,1198,287,171,87,9.445,434.79999999999995,14,fit:e47555f16f02711dc446d8bfb5ee6625d9c15688be7bc41a38dbac9a7bc8e103:segment:003,3,5845.0,5774,activities/067_260425073220.csv,1,1,0,0
fit:e47555f16f02711dc446d8bfb5ee6625d9c15688be7bc41a38dbac9a7bc8e103,2026-04-25T07:09:47+00:00,1199,289,171,86,9.495,434.79999999999995,14,fit:e47555f16f02711dc446d8bfb5ee6625d9c15688be7bc41a38dbac9a7bc8e103:segment:003,3,5846.0,5775,activities/067_260425073220.csv,1,1,0,0
fit:e47555f16f02711dc446d8bfb5ee6625d9c15688be7bc41a38dbac9a7bc8e103,2026-04-25T07:09:48+00:00,1200,314,171,85,9.461,434.79999999999995,14,fit:e47555f16f02711dc446d8bfb5ee6625d9c15688be7bc41a38dbac9a7bc8e103:segment:003,3,5847.0,5776,activities/067_260425073220.csv,1,1,0,0
fit:e47555f16f02711dc446d8bfb5ee6625d9c15688be7bc41a38dbac9a7bc8e103,2026-04-25T07:09:49+00:00,1201,303,171,85,9.573,434.79999999999995,14,fit:e47555f16f02711dc446d8bfb5ee6625d9c15688be7bc41a38dbac9a7bc8e103:segment:003,3,5848.0,5777,activities/067_260425073220.csv,1,1,0,0
fit:e47555f16f02711dc446d8bfb5ee6625d9c15688be7bc41a38dbac9a7bc8e103,2026-04-25T07:09:50+00:00,1202,303,171,84,9.444,434.79999999999995,14,fit:e47555f16f02711dc446d8bfb5ee6625d9c15688be7bc41a38dbac9a7bc8e103:segment:003,3,5849.0,5778,activities/067_260425073220.csv,1,1,0,0
fit:e47555f16f02711dc446d8bfb5ee6625d9c15688be7bc41a38dbac9a7bc8e103,2026-04-25T07:09:51+00:00,1203,124,171,82,9.27,434.79999999999995,14,fit:e47555f16f02711dc446d8bfb5ee6625d9c15688be7bc41a38dbac9a7bc8e103:segment:003,3,5850.0,5779,activities/067_260425073220.csv,1,1,0,0
fit:e47555f16f02711dc446d8bfb5ee6625d9c15688be7bc41a38dbac9a7bc8e103,2026-04-25T07:09:52+00:00,1204,342,171,88,9.141,435.79999999999995,14,fit:e47555f16f02711dc446d8bfb5ee6625d9c15688be7bc41a38dbac9a7bc8e103:segment:003,3,5851.0,5780,activities/067_260425073220.csv,1,1,0,0
fit:e47555f16f02711dc446d8bfb5ee6625d9c15688be7bc41a38dbac9a7bc8e103,2026-04-25T07:09:53+00:00,1205,295,171,89,9.002,436.4,14,fit:e47555f16f02711dc446d8bfb5ee6625d9c15688be7bc41a38dbac9a7bc8e103:segment:003,3,5852.0,5781,activities/067_260425073220.csv,1,1,0,0
fit:e47555f16f02711dc446d8bfb5ee6625d9c15688be7bc41a38dbac9a7bc8e103,2026-04-25T07:09:54+00:00,1206,308,171,89,8.766,436.6,14,fit:e47555f16f02711dc446d8bfb5ee6625d9c15688be7bc41a38dbac9a7bc8e103:segment:003,3,5853.0,5782,activities/067_260425073220.csv,1,1,0,0
fit:e47555f16f02711dc446d8bfb5ee6625d9c15688be7bc41a38dbac9a7bc8e103,2026-04-25T07:09:55+00:00,1207,280,171,87,8.63,436.6,14,fit:e47555f16f02711dc446d8bfb5ee6625d9c15688be7bc41a38dbac9a7bc8e103:segment:003,3,5854.0,5783,activities/067_260425073220.csv,1,1,0,0
fit:e47555f16f02711dc446d8bfb5ee6625d9c15688be7bc41a38dbac9a7bc8e103,2026-04-25T07:09:56+00:00,1208,274,171,84,8.565,437.0,14,fit:e47555f16f02711dc446d8bfb5ee6625d9c15688be7bc41a38dbac9a7bc8e103:segment:003,3,5855.0,5784,activities/067_260425073220.csv,1,1,0,0
fit:e47555f16f02711dc446d8bfb5ee6625d9c15688be7bc41a38dbac9a7bc8e103,2026-04-25T07:09:57+00:00,1209,284,170,83,8.36,437.79999999999995,14,fit:e47555f16f02711dc446d8bfb5ee6625d9c15688be7bc41a38dbac9a7bc8e103:segment:003,3,5856.0,5785,activities/067_260425073220.csv,1,1,0,0
fit:e47555f16f02711dc446d8bfb5ee6625d9c15688be7bc41a38dbac9a7bc8e103,2026-04-25T07:09:58+00:00,1210,286,170,81,8.27,437.79999999999995,14,fit:e47555f16f02711dc446d8bfb5ee6625d9c15688be7bc41a38dbac9a7bc8e103:segment:003,3,5857.0,5786,activities/067_260425073220.csv,1,1,0,0
fit:e47555f16f02711dc446d8bfb5ee6625d9c15688be7bc41a38dbac9a7bc8e103,2026-04-25T07:09:59+00:00,1211,258,170,81,8.034,437.79999999999995,14,fit:e47555f16f02711dc446d8bfb5ee6625d9c15688be7bc41a38dbac9a7bc8e103:segment:003,3,5858.0,5787,activities/067_260425073220.csv,1,1,0,0
fit:e47555f16f02711dc446d8bfb5ee6625d9c15688be7bc41a38dbac9a7bc8e103,2026-04-25T07:10:00+00:00,1212,243,169,80,7.879,437.79999999999995,14,fit:e47555f16f02711dc446d8bfb5ee6625d9c15688be7bc41a38dbac9a7bc8e103:segment:003,3,5859.0,5788,activities/067_260425073220.csv,1,1,0,0
fit:e47555f16f02711dc446d8bfb5ee6625d9c15688be7bc41a38dbac9a7bc8e103,2026-04-25T07:10:01+00:00,1213,243,169,79,7.923,438.79999999999995,14,fit:e47555f16f02711dc446d8bfb5ee6625d9c15688be7bc41a38dbac9a7bc8e103:segment:003,3,5860.0,5789,activities/067_260425073220.csv,1,1,0,0
fit:e47555f16f02711dc446d8bfb5ee6625d9c15688be7bc41a38dbac9a7bc8e103,2026-04-25T07:10:02+00:00,1214,252,169,79,7.63,439.20000000000005,14,fit:e47555f16f02711dc446d8bfb5ee6625d9c15688be7bc41a38dbac9a7bc8e103:segment:003,3,5861.0,5790,activities/067_260425073220.csv,1,1,0,0
fit:e47555f16f02711dc446d8bfb5ee6625d9c15688be7bc41a38dbac9a7bc8e103,2026-04-25T07:10:03+00:00,1215,285,169,77,7.612,439.20000000000005,14,fit:e47555f16f02711dc446d8bfb5ee6625d9c15688be7bc41a38dbac9a7bc8e103:segment:003,3,5862.0,5791,activities/067_260425073220.csv,1,1,0,0
fit:e47555f16f02711dc446d8bfb5ee6625d9c15688be7bc41a38dbac9a7bc8e103,2026-04-25T07:10:04+00:00,1216,266,169,77,7.706,440.20000000000005,14,fit:e47555f16f02711dc446d8bfb5ee6625d9c15688be7bc41a38dbac9a7bc8e103:segment:003,3,5863.0,5792,activities/067_260425073220.csv,1,1,0,0
fit:e47555f16f02711dc446d8bfb5ee6625d9c15688be7bc41a38dbac9a7bc8e103,2026-04-25T07:10:05+00:00,1217,225,168,77,7.626,440.20000000000005,14,fit:e47555f16f02711dc446d8bfb5ee6625d9c15688be7bc41a38dbac9a7bc8e103:segment:003,3,5864.0,5793,activities/067_260425073220.csv,1,1,0,0
fit:e47555f16f02711dc446d8bfb5ee6625d9c15688be7bc41a38dbac9a7bc8e103,2026-04-25T07:10:06+00:00,1218,313,168,83,7.408,440.20000000000005,14,fit:e47555f16f02711dc446d8bfb5ee6625d9c15688be7bc41a38dbac9a7bc8e103:segment:003,3,5865.0,5794,activities/067_260425073220.csv,1,1,0,0
fit:e47555f16f02711dc446d8bfb5ee6625d9c15688be7bc41a38dbac9a7bc8e103,2026-04-25T07:10:07+00:00,1219,329,167,83,7.362,440.20000000000005,14,fit:e47555f16f02711dc446d8bfb5ee6625d9c15688be7bc41a38dbac9a7bc8e103:segment:003,3,5866.0,5795,activities/067_260425073220.csv,1,1,0,0
fit:e47555f16f02711dc446d8bfb5ee6625d9c15688be7bc41a38dbac9a7bc8e103,2026-04-25T07:10:08+00:00,1220,275,167,83,7.305,440.6,14,fit:e47555f16f02711dc446d8bfb5ee6625d9c15688be7bc41a38dbac9a7bc8e103:segment:003,3,5867.0,5796,activities/067_260425073220.csv,1,1,0,0
fit:e47555f16f02711dc446d8bfb5ee6625d9c15688be7bc41a38dbac9a7bc8e103,2026-04-25T07:10:09+00:00,1221,292,167,82,7.352,441.6,14,fit:e47555f16f02711dc446d8bfb5ee6625d9c15688be7bc41a38dbac9a7bc8e103:segment:003,3,5868.0,5797,activities/067_260425073220.csv,1,1,0,0
fit:e47555f16f02711dc446d8bfb5ee6625d9c15688be7bc41a38dbac9a7bc8e103,2026-04-25T07:10:10+00:00,1222,306,166,81,7.223,441.6,14,fit:e47555f16f02711dc446d8bfb5ee6625d9c15688be7bc41a38dbac9a7bc8e103:segment:003,3,5869.0,5798,activities/067_260425073220.csv,1,1,0,0
fit:e47555f16f02711dc446d8bfb5ee6625d9c15688be7bc41a38dbac9a7bc8e103,2026-04-25T07:10:11+00:00,1223,285,166,79,7.148,441.6,14,fit:e47555f16f02711dc446d8bfb5ee6625d9c15688be7bc41a38dbac9a7bc8e103:segment:003,3,5870.0,5799,activities/067_260425073220.csv,1,1,0,0
fit:e47555f16f02711dc446d8bfb5ee6625d9c15688be7bc41a38dbac9a7bc8e103,2026-04-25T07:10:12+00:00,1224,286,166,78,7.057,441.0,14,fit:e47555f16f02711dc446d8bfb5ee6625d9c15688be7bc41a38dbac9a7bc8e103:segment:003,3,5871.0,5800,activities/067_260425073220.csv,1,1,0,0
fit:e47555f16f02711dc446d8bfb5ee6625d9c15688be7bc41a38dbac9a7bc8e103,2026-04-25T07:10:13+00:00,1225,266,166,78,6.996,441.0,14,fit:e47555f16f02711dc446d8bfb5ee6625d9c15688be7bc41a38dbac9a7bc8e103:segment:003,3,5872.0,5801,activities/067_260425073220.csv,1,1,0,0
fit:e47555f16f02711dc446d8bfb5ee6625d9c15688be7bc41a38dbac9a7bc8e103,2026-04-25T07:10:14+00:00,1226,283,165,77,6.824,441.0,14,fit:e47555f16f02711dc446d8bfb5ee6625d9c15688be7bc41a38dbac9a7bc8e103:segment:003,3,5873.0,5802,activities/067_260425073220.csv,1,1,0,0
fit:e47555f16f02711dc446d8bfb5ee6625d9c15688be7bc41a38dbac9a7bc8e103,2026-04-25T07:10:15+00:00,1227,293,165,76,6.949,442.0,14,fit:e47555f16f02711dc446d8bfb5ee6625d9c15688be7bc41a38dbac9a7bc8e103:segment:003,3,5874.0,5803,activities/067_260425073220.csv,1,1,0,0
fit:e47555f16f02711dc446d8bfb5ee6625d9c15688be7bc41a38dbac9a7bc8e103,2026-04-25T07:10:16+00:00,1228,321,165,76,6.806,443.0,14,fit:e47555f16f02711dc446d8bfb5ee6625d9c15688be7bc41a38dbac9a7bc8e103:segment:003,3,5875.0,5804,activities/067_260425073220.csv,1,1,0,0
fit:e47555f16f02711dc446d8bfb5ee6625d9c15688be7bc41a38dbac9a7bc8e103,2026-04-25T07:10:17+00:00,1229,307,165,75,6.856,443.6,14,fit:e47555f16f02711dc446d8bfb5ee6625d9c15688be7bc41a38dbac9a7bc8e103:segment:003,3,5876.0,5805,activities/067_260425073220.csv,1,1,0,0
fit:e47555f16f02711dc446d8bfb5ee6625d9c15688be7bc41a38dbac9a7bc8e103,2026-04-25T07:10:18+00:00,1230,295,166,75,6.852,444.20000000000005,14,fit:e47555f16f02711dc446d8bfb5ee6625d9c15688be7bc41a38dbac9a7bc8e103:segment:003,3,5877.0,5806,activities/067_260425073220.csv,1,1,0,0
fit:e47555f16f02711dc446d8bfb5ee6625d9c15688be7bc41a38dbac9a7bc8e103,2026-04-25T07:10:19+00:00,1231,348,166,75,6.796,444.20000000000005,14,fit:e47555f16f02711dc446d8bfb5ee6625d9c15688be7bc41a38dbac9a7bc8e103:segment:003,3,5878.0,5807,activities/067_260425073220.csv,1,1,0,0
fit:e47555f16f02711dc446d8bfb5ee6625d9c15688be7bc41a38dbac9a7bc8e103,2026-04-25T07:10:20+00:00,1232,318,166,76,6.899,444.20000000000005,14,fit:e47555f16f02711dc446d8bfb5ee6625d9c15688be7bc41a38dbac9a7bc8e103:segment:003,3,5879.0,5808,activities/067_260425073220.csv,1,1,0,0
fit:e47555f16f02711dc446d8bfb5ee6625d9c15688be7bc41a38dbac9a7bc8e103,2026-04-25T07:10:21+00:00,1233,319,167,76,6.671,444.20000000000005,14,fit:e47555f16f02711dc446d8bfb5ee6625d9c15688be7bc41a38dbac9a7bc8e103:segment:003,3,5880.0,5809,activities/067_260425073220.csv,1,1,0,0
fit:e47555f16f02711dc446d8bfb5ee6625d9c15688be7bc41a38dbac9a7bc8e103,2026-04-25T07:10:22+00:00,1234,330,167,77,6.744,444.20000000000005,14,fit:e47555f16f02711dc446d8bfb5ee6625d9c15688be7bc41a38dbac9a7bc8e103:segment:003,3,5881.0,5810,activities/067_260425073220.csv,1,1,0,0
fit:e47555f16f02711dc446d8bfb5ee6625d9c15688be7bc41a38dbac9a7bc8e103,2026-04-25T07:10:23+00:00,1235,320,167,77,6.627,444.20000000000005,14,fit:e47555f16f02711dc446d8bfb5ee6625d9c15688be7bc41a38dbac9a7bc8e103:segment:003,3,5882.0,5811,activities/067_260425073220.csv,1,1,0,0
fit:e47555f16f02711dc446d8bfb5ee6625d9c15688be7bc41a38dbac9a7bc8e103,2026-04-25T07:10:24+00:00,1236,313,168,77,6.708,445.20000000000005,14,fit:e47555f16f02711dc446d8bfb5ee6625d9c15688be7bc41a38dbac9a7bc8e103:segment:003,3,5883.0,5812,activities/067_260425073220.csv,1,1,0,0
fit:e47555f16f02711dc446d8bfb5ee6625d9c15688be7bc41a38dbac9a7bc8e103,2026-04-25T07:10:25+00:00,1237,306,168,77,6.755,445.6,14,fit:e47555f16f02711dc446d8bfb5ee6625d9c15688be7bc41a38dbac9a7bc8e103:segment:003,3,5884.0,5813,activities/067_260425073220.csv,1,1,0,0
fit:e47555f16f02711dc446d8bfb5ee6625d9c15688be7bc41a38dbac9a7bc8e103,2026-04-25T07:10:26+00:00,1238,320,168,76,6.784,446.20000000000005,14,fit:e47555f16f02711dc446d8bfb5ee6625d9c15688be7bc41a38dbac9a7bc8e103:segment:003,3,5885.0,5814,activities/067_260425073220.csv,1,1,0,0
fit:e47555f16f02711dc446d8bfb5ee6625d9c15688be7bc41a38dbac9a7bc8e103,2026-04-25T07:10:27+00:00,1239,320,168,75,6.789,446.4,14,fit:e47555f16f02711dc446d8bfb5ee6625d9c15688be7bc41a38dbac9a7bc8e103:segment:003,3,5886.0,5815,activities/067_260425073220.csv,1,1,0,0
fit:e47555f16f02711dc446d8bfb5ee6625d9c15688be7bc41a38dbac9a7bc8e103,2026-04-25T07:10:28+00:00,1240,323,169,76,6.762,446.4,14,fit:e47555f16f02711dc446d8bfb5ee6625d9c15688be7bc41a38dbac9a7bc8e103:segment:003,3,5887.0,5816,activities/067_260425073220.csv,1,1,0,0
fit:e47555f16f02711dc446d8bfb5ee6625d9c15688be7bc41a38dbac9a7bc8e103,2026-04-25T07:10:29+00:00,1241,323,169,76,6.87,446.4,14,fit:e47555f16f02711dc446d8bfb5ee6625d9c15688be7bc41a38dbac9a7bc8e103:segment:003,3,5888.0,5817,activities/067_260425073220.csv,1,1,0,0
fit:e47555f16f02711dc446d8bfb5ee6625d9c15688be7bc41a38dbac9a7bc8e103,2026-04-25T07:10:30+00:00,1242,301,169,76,6.786,446.4,14,fit:e47555f16f02711dc446d8bfb5ee6625d9c15688be7bc41a38dbac9a7bc8e103:segment:003,3,5889.0,5818,activities/067_260425073220.csv,1,1,0,0
fit:e47555f16f02711dc446d8bfb5ee6625d9c15688be7bc41a38dbac9a7bc8e103,2026-04-25T07:10:31+00:00,1243,314,169,77,6.791,446.4,14,fit:e47555f16f02711dc446d8bfb5ee6625d9c15688be7bc41a38dbac9a7bc8e103:segment:003,3,5890.0,5819,activities/067_260425073220.csv,1,1,0,0
fit:e47555f16f02711dc446d8bfb5ee6625d9c15688be7bc41a38dbac9a7bc8e103,2026-04-25T07:10:32+00:00,1244,287,169,79,6.8,446.4,14,fit:e47555f16f02711dc446d8bfb5ee6625d9c15688be7bc41a38dbac9a7bc8e103:segment:003,3,5891.0,5820,activities/067_260425073220.csv,1,1,0,0
fit:e47555f16f02711dc446d8bfb5ee6625d9c15688be7bc41a38dbac9a7bc8e103,2026-04-25T07:10:33+00:00,1245,309,169,80,6.916,446.79999999999995,14,fit:e47555f16f02711dc446d8bfb5ee6625d9c15688be7bc41a38dbac9a7bc8e103:segment:003,3,5892.0,5821,activities/067_260425073220.csv,1,1,0,0
fit:e47555f16f02711dc446d8bfb5ee6625d9c15688be7bc41a38dbac9a7bc8e103,2026-04-25T07:10:34+00:00,1246,298,169,82,7.046,447.4,14,fit:e47555f16f02711dc446d8bfb5ee6625d9c15688be7bc41a38dbac9a7bc8e103:segment:003,3,5893.0,5822,activities/067_260425073220.csv,1,1,0,0
fit:e47555f16f02711dc446d8bfb5ee6625d9c15688be7bc41a38dbac9a7bc8e103,2026-04-25T07:10:35+00:00,1247,272,170,82,7.069,447.4,14,fit:e47555f16f02711dc446d8bfb5ee6625d9c15688be7bc41a38dbac9a7bc8e103:segment:003,3,5894.0,5823,activities/067_260425073220.csv,1,1,0,0
fit:e47555f16f02711dc446d8bfb5ee6625d9c15688be7bc41a38dbac9a7bc8e103,2026-04-25T07:10:36+00:00,1248,221,170,82,7.185,447.4,14,fit:e47555f16f02711dc446d8bfb5ee6625d9c15688be7bc41a38dbac9a7bc8e103:segment:003,3,5895.0,5824,activities/067_260425073220.csv,1,1,0,0
fit:e47555f16f02711dc446d8bfb5ee6625d9c15688be7bc41a38dbac9a7bc8e103,2026-04-25T07:10:37+00:00,1249,257,170,82,7.256,447.4,14,fit:e47555f16f02711dc446d8bfb5ee6625d9c15688be7bc41a38dbac9a7bc8e103:segment:003,3,5896.0,5825,activities/067_260425073220.csv,1,1,0,0
fit:e47555f16f02711dc446d8bfb5ee6625d9c15688be7bc41a38dbac9a7bc8e103,2026-04-25T07:10:38+00:00,1250,298,169,83,7.23,447.79999999999995,14,fit:e47555f16f02711dc446d8bfb5ee6625d9c15688be7bc41a38dbac9a7bc8e103:segment:003,3,5897.0,5826,activities/067_260425073220.csv,1,1,0,0
fit:e47555f16f02711dc446d8bfb5ee6625d9c15688be7bc41a38dbac9a7bc8e103,2026-04-25T07:10:39+00:00,1251,276,169,83,7.191,448.4,14,fit:e47555f16f02711dc446d8bfb5ee6625d9c15688be7bc41a38dbac9a7bc8e103:segment:003,3,5898.0,5827,activities/067_260425073220.csv,1,1,0,0
fit:e47555f16f02711dc446d8bfb5ee6625d9c15688be7bc41a38dbac9a7bc8e103,2026-04-25T07:10:40+00:00,1252,276,169,84,7.267,449.20000000000005,14,fit:e47555f16f02711dc446d8bfb5ee6625d9c15688be7bc41a38dbac9a7bc8e103:segment:003,3,5899.0,5828,activities/067_260425073220.csv,1,1,0,0
fit:e47555f16f02711dc446d8bfb5ee6625d9c15688be7bc41a38dbac9a7bc8e103,2026-04-25T07:10:41+00:00,1253,213,169,85,7.287,449.20000000000005,14,fit:e47555f16f02711dc446d8bfb5ee6625d9c15688be7bc41a38dbac9a7bc8e103:segment:003,3,5900.0,5829,activities/067_260425073220.csv,1,1,0,0
fit:e47555f16f02711dc446d8bfb5ee6625d9c15688be7bc41a38dbac9a7bc8e103,2026-04-25T07:10:42+00:00,1254,213,169,86,7.52,449.20000000000005,14,fit:e47555f16f02711dc446d8bfb5ee6625d9c15688be7bc41a38dbac9a7bc8e103:segment:003,3,5901.0,5830,activities/067_260425073220.csv,1,1,0,0
fit:e47555f16f02711dc446d8bfb5ee6625d9c15688be7bc41a38dbac9a7bc8e103,2026-04-25T07:10:43+00:00,1255,272,168,86,7.644,448.6,14,fit:e47555f16f02711dc446d8bfb5ee6625d9c15688be7bc41a38dbac9a7bc8e103:segment:003,3,5902.0,5831,activities/067_260425073220.csv,1,1,0,0
fit:e47555f16f02711dc446d8bfb5ee6625d9c15688be7bc41a38dbac9a7bc8e103,2026-04-25T07:10:44+00:00,1256,235,168,84,7.717,448.6,14,fit:e47555f16f02711dc446d8bfb5ee6625d9c15688be7bc41a38dbac9a7bc8e103:segment:003,3,5903.0,5832,activities/067_260425073220.csv,1,1,0,0
fit:e47555f16f02711dc446d8bfb5ee6625d9c15688be7bc41a38dbac9a7bc8e103,2026-04-25T07:10:45+00:00,1257,360,167,78,7.701,448.6,14,fit:e47555f16f02711dc446d8bfb5ee6625d9c15688be7bc41a38dbac9a7bc8e103:segment:003,3,5904.0,5833,activities/067_260425073220.csv,1,1,0,0
fit:e47555f16f02711dc446d8bfb5ee6625d9c15688be7bc41a38dbac9a7bc8e103,2026-04-25T07:10:46+00:00,1258,285,167,80,7.78,449.20000000000005,14,fit:e47555f16f02711dc446d8bfb5ee6625d9c15688be7bc41a38dbac9a7bc8e103:segment:003,3,5905.0,5834,activities/067_260425073220.csv,1,1,0,0
fit:e47555f16f02711dc446d8bfb5ee6625d9c15688be7bc41a38dbac9a7bc8e103,2026-04-25T07:10:47+00:00,1259,312,166,80,7.926,449.20000000000005,14,fit:e47555f16f02711dc446d8bfb5ee6625d9c15688be7bc41a38dbac9a7bc8e103:segment:003,3,5906.0,5835,activities/067_260425073220.csv,1,1,0,0
fit:e47555f16f02711dc446d8bfb5ee6625d9c15688be7bc41a38dbac9a7bc8e103,2026-04-25T07:10:48+00:00,1260,314,166,80,7.776,449.20000000000005,14,fit:e47555f16f02711dc446d8bfb5ee6625d9c15688be7bc41a38dbac9a7bc8e103:segment:003,3,5907.0,5836,activities/067_260425073220.csv,1,1,0,0
fit:e47555f16f02711dc446d8bfb5ee6625d9c15688be7bc41a38dbac9a7bc8e103,2026-04-25T07:10:49+00:00,1261,267,166,81,7.801,449.20000000000005,14,fit:e47555f16f02711dc446d8bfb5ee6625d9c15688be7bc41a38dbac9a7bc8e103:segment:003,3,5908.0,5837,activities/067_260425073220.csv,1,1,0,0
fit:e47555f16f02711dc446d8bfb5ee6625d9c15688be7bc41a38dbac9a7bc8e103,2026-04-25T07:10:50+00:00,1262,261,166,81,7.874,449.20000000000005,14,fit:e47555f16f02711dc446d8bfb5ee6625d9c15688be7bc41a38dbac9a7bc8e103:segment:003,3,5909.0,5838,activities/067_260425073220.csv,1,1,0,0
fit:e47555f16f02711dc446d8bfb5ee6625d9c15688be7bc41a38dbac9a7bc8e103,2026-04-25T07:10:51+00:00,1263,277,166,80,7.871,449.20000000000005,14,fit:e47555f16f02711dc446d8bfb5ee6625d9c15688be7bc41a38dbac9a7bc8e103:segment:003,3,5910.0,5839,activities/067_260425073220.csv,1,1,0,0
fit:e47555f16f02711dc446d8bfb5ee6625d9c15688be7bc41a38dbac9a7bc8e103,2026-04-25T07:10:52+00:00,1264,295,166,80,7.814,449.4,14,fit:e47555f16f02711dc446d8bfb5ee6625d9c15688be7bc41a38dbac9a7bc8e103:segment:003,3,5911.0,5840,activities/067_260425073220.csv,1,1,0,0
fit:e47555f16f02711dc446d8bfb5ee6625d9c15688be7bc41a38dbac9a7bc8e103,2026-04-25T07:10:53+00:00,1265,286,166,81,7.867,450.4,14,fit:e47555f16f02711dc446d8bfb5ee6625d9c15688be7bc41a38dbac9a7bc8e103:segment:003,3,5912.0,5841,activities/067_260425073220.csv,1,1,0,0
fit:e47555f16f02711dc446d8bfb5ee6625d9c15688be7bc41a38dbac9a7bc8e103,2026-04-25T07:10:54+00:00,1266,247,166,81,8.009,450.6,14,fit:e47555f16f02711dc446d8bfb5ee6625d9c15688be7bc41a38dbac9a7bc8e103:segment:003,3,5913.0,5842,activities/067_260425073220.csv,1,1,0,0
fit:e47555f16f02711dc446d8bfb5ee6625d9c15688be7bc41a38dbac9a7bc8e103,2026-04-25T07:10:55+00:00,1267,274,166,81,7.957,450.6,14,fit:e47555f16f02711dc446d8bfb5ee6625d9c15688be7bc41a38dbac9a7bc8e103:segment:003,3,5914.0,5843,activities/067_260425073220.csv,1,1,0,0
fit:e47555f16f02711dc446d8bfb5ee6625d9c15688be7bc41a38dbac9a7bc8e103,2026-04-25T07:10:56+00:00,1268,286,166,80,7.919,450.6,14,fit:e47555f16f02711dc446d8bfb5ee6625d9c15688be7bc41a38dbac9a7bc8e103:segment:003,3,5915.0,5844,activities/067_260425073220.csv,1,1,0,0
fit:e47555f16f02711dc446d8bfb5ee6625d9c15688be7bc41a38dbac9a7bc8e103,2026-04-25T07:10:57+00:00,1269,262,166,80,7.857,450.6,14,fit:e47555f16f02711dc446d8bfb5ee6625d9c15688be7bc41a38dbac9a7bc8e103:segment:003,3,5916.0,5845,activities/067_260425073220.csv,1,1,0,0
fit:e47555f16f02711dc446d8bfb5ee6625d9c15688be7bc41a38dbac9a7bc8e103,2026-04-25T07:10:58+00:00,1270,287,166,80,7.956,450.6,14,fit:e47555f16f02711dc446d8bfb5ee6625d9c15688be7bc41a38dbac9a7bc8e103:segment:003,3,5917.0,5846,activities/067_260425073220.csv,1,1,0,0
fit:e47555f16f02711dc446d8bfb5ee6625d9c15688be7bc41a38dbac9a7bc8e103,2026-04-25T07:10:59+00:00,1271,184,166,84,7.807,451.0,14,fit:e47555f16f02711dc446d8bfb5ee6625d9c15688be7bc41a38dbac9a7bc8e103:segment:003,3,5918.0,5847,activities/067_260425073220.csv,1,1,0,0
fit:e47555f16f02711dc446d8bfb5ee6625d9c15688be7bc41a38dbac9a7bc8e103,2026-04-25T07:11:00+00:00,1272,258,166,84,7.738,451.79999999999995,14,fit:e47555f16f02711dc446d8bfb5ee6625d9c15688be7bc41a38dbac9a7bc8e103:segment:003,3,5919.0,5848,activities/067_260425073220.csv,1,1,0,0
fit:e47555f16f02711dc446d8bfb5ee6625d9c15688be7bc41a38dbac9a7bc8e103,2026-04-25T07:11:01+00:00,1273,256,166,84,7.697,451.79999999999995,14,fit:e47555f16f02711dc446d8bfb5ee6625d9c15688be7bc41a38dbac9a7bc8e103:segment:003,3,5920.0,5849,activities/067_260425073220.csv,1,1,0,0
fit:e47555f16f02711dc446d8bfb5ee6625d9c15688be7bc41a38dbac9a7bc8e103,2026-04-25T07:11:02+00:00,1274,218,166,82,7.511,451.79999999999995,14,fit:e47555f16f02711dc446d8bfb5ee6625d9c15688be7bc41a38dbac9a7bc8e103:segment:003,3,5921.0,5850,activities/067_260425073220.csv,1,1,0,0
fit:e47555f16f02711dc446d8bfb5ee6625d9c15688be7bc41a38dbac9a7bc8e103,2026-04-25T07:11:03+00:00,1275,296,166,81,7.393,451.79999999999995,14,fit:e47555f16f02711dc446d8bfb5ee6625d9c15688be7bc41a38dbac9a7bc8e103:segment:003,3,5922.0,5851,activities/067_260425073220.csv,1,1,0,0
fit:e47555f16f02711dc446d8bfb5ee6625d9c15688be7bc41a38dbac9a7bc8e103,2026-04-25T07:11:04+00:00,1276,119,166,81,7.28,451.79999999999995,14,fit:e47555f16f02711dc446d8bfb5ee6625d9c15688be7bc41a38dbac9a7bc8e103:segment:003,3,5923.0,5852,activities/067_260425073220.csv,1,1,0,0
fit:e47555f16f02711dc446d8bfb5ee6625d9c15688be7bc41a38dbac9a7bc8e103,2026-04-25T07:11:05+00:00,1277,284,166,86,7.05,452.6,14,fit:e47555f16f02711dc446d8bfb5ee6625d9c15688be7bc41a38dbac9a7bc8e103:segment:003,3,5924.0,5853,activities/067_260425073220.csv,1,1,0,0
fit:e47555f16f02711dc446d8bfb5ee6625d9c15688be7bc41a38dbac9a7bc8e103,2026-04-25T07:11:06+00:00,1278,259,166,88,7.202,453.4,14,fit:e47555f16f02711dc446d8bfb5ee6625d9c15688be7bc41a38dbac9a7bc8e103:segment:003,3,5925.0,5854,activities/067_260425073220.csv,1,1,0,0
fit:e47555f16f02711dc446d8bfb5ee6625d9c15688be7bc41a38dbac9a7bc8e103,2026-04-25T07:11:07+00:00,1279,240,166,86,7.108,453.4,14,fit:e47555f16f02711dc446d8bfb5ee6625d9c15688be7bc41a38dbac9a7bc8e103:segment:003,3,5926.0,5855,activities/067_260425073220.csv,1,1,0,0
fit:e47555f16f02711dc446d8bfb5ee6625d9c15688be7bc41a38dbac9a7bc8e103,2026-04-25T07:11:08+00:00,1280,291,166,85,6.994,453.4,14,fit:e47555f16f02711dc446d8bfb5ee6625d9c15688be7bc41a38dbac9a7bc8e103:segment:003,3,5927.0,5856,activities/067_260425073220.csv,1,1,0,0
fit:e47555f16f02711dc446d8bfb5ee6625d9c15688be7bc41a38dbac9a7bc8e103,2026-04-25T07:11:09+00:00,1281,293,166,82,6.724,453.4,14,fit:e47555f16f02711dc446d8bfb5ee6625d9c15688be7bc41a38dbac9a7bc8e103:segment:003,3,5928.0,5857,activities/067_260425073220.csv,1,1,0,0
fit:e47555f16f02711dc446d8bfb5ee6625d9c15688be7bc41a38dbac9a7bc8e103,2026-04-25T07:11:10+00:00,1282,316,166,82,6.544,454.4,14,fit:e47555f16f02711dc446d8bfb5ee6625d9c15688be7bc41a38dbac9a7bc8e103:segment:003,3,5929.0,5858,activities/067_260425073220.csv,1,1,0,0
fit:e47555f16f02711dc446d8bfb5ee6625d9c15688be7bc41a38dbac9a7bc8e103,2026-04-25T07:11:11+00:00,1283,308,166,79,6.4,455.0,14,fit:e47555f16f02711dc446d8bfb5ee6625d9c15688be7bc41a38dbac9a7bc8e103:segment:003,3,5930.0,5859,activities/067_260425073220.csv,1,1,0,0
fit:e47555f16f02711dc446d8bfb5ee6625d9c15688be7bc41a38dbac9a7bc8e103,2026-04-25T07:11:12+00:00,1284,308,165,78,6.242,455.6,14,fit:e47555f16f02711dc446d8bfb5ee6625d9c15688be7bc41a38dbac9a7bc8e103:segment:003,3,5931.0,5860,activities/067_260425073220.csv,1,1,0,0
fit:e47555f16f02711dc446d8bfb5ee6625d9c15688be7bc41a38dbac9a7bc8e103,2026-04-25T07:11:13+00:00,1285,316,165,76,6.149,456.4,14,fit:e47555f16f02711dc446d8bfb5ee6625d9c15688be7bc41a38dbac9a7bc8e103:segment:003,3,5932.0,5861,activities/067_260425073220.csv,1,1,0,0
fit:e47555f16f02711dc446d8bfb5ee6625d9c15688be7bc41a38dbac9a7bc8e103,2026-04-25T07:11:14+00:00,1286,175,165,80,5.887,456.4,14,fit:e47555f16f02711dc446d8bfb5ee6625d9c15688be7bc41a38dbac9a7bc8e103:segment:003,3,5933.0,5862,activities/067_260425073220.csv,1,1,0,0
fit:e47555f16f02711dc446d8bfb5ee6625d9c15688be7bc41a38dbac9a7bc8e103,2026-04-25T07:11:15+00:00,1287,330,165,80,5.721,456.4,14,fit:e47555f16f02711dc446d8bfb5ee6625d9c15688be7bc41a38dbac9a7bc8e103:segment:003,3,5934.0,5863,activities/067_260425073220.csv,1,1,0,0
fit:e47555f16f02711dc446d8bfb5ee6625d9c15688be7bc41a38dbac9a7bc8e103,2026-04-25T07:11:16+00:00,1288,331,166,79,5.548,456.4,14,fit:e47555f16f02711dc446d8bfb5ee6625d9c15688be7bc41a38dbac9a7bc8e103:segment:003,3,5935.0,5864,activities/067_260425073220.csv,1,1,0,0
fit:e47555f16f02711dc446d8bfb5ee6625d9c15688be7bc41a38dbac9a7bc8e103,2026-04-25T07:11:17+00:00,1289,295,166,75,5.526,456.4,14,fit:e47555f16f02711dc446d8bfb5ee6625d9c15688be7bc41a38dbac9a7bc8e103:segment:003,3,5936.0,5865,activities/067_260425073220.csv,1,1,0,0
fit:e47555f16f02711dc446d8bfb5ee6625d9c15688be7bc41a38dbac9a7bc8e103,2026-04-25T07:11:18+00:00,1290,401,166,74,5.308,457.4,14,fit:e47555f16f02711dc446d8bfb5ee6625d9c15688be7bc41a38dbac9a7bc8e103:segment:003,3,5937.0,5866,activities/067_260425073220.csv,1,1,0,0
fit:e47555f16f02711dc446d8bfb5ee6625d9c15688be7bc41a38dbac9a7bc8e103,2026-04-25T07:11:19+00:00,1291,357,166,74,5.275,458.4,14,fit:e47555f16f02711dc446d8bfb5ee6625d9c15688be7bc41a38dbac9a7bc8e103:segment:003,3,5938.0,5867,activities/067_260425073220.csv,1,1,0,0
fit:e47555f16f02711dc446d8bfb5ee6625d9c15688be7bc41a38dbac9a7bc8e103,2026-04-25T07:11:20+00:00,1292,424,166,70,5.028,459.4,14,fit:e47555f16f02711dc446d8bfb5ee6625d9c15688be7bc41a38dbac9a7bc8e103:segment:003,3,5939.0,5868,activities/067_260425073220.csv,1,1,0,0
fit:e47555f16f02711dc446d8bfb5ee6625d9c15688be7bc41a38dbac9a7bc8e103,2026-04-25T07:11:21+00:00,1293,424,166,73,5.364,459.4,14,fit:e47555f16f02711dc446d8bfb5ee6625d9c15688be7bc41a38dbac9a7bc8e103:segment:003,3,5940.0,5869,activities/067_260425073220.csv,1,1,0,0
fit:e47555f16f02711dc446d8bfb5ee6625d9c15688be7bc41a38dbac9a7bc8e103,2026-04-25T07:11:22+00:00,1294,412,166,76,4.846,459.4,14,fit:e47555f16f02711dc446d8bfb5ee6625d9c15688be7bc41a38dbac9a7bc8e103:segment:003,3,5941.0,5870,activities/067_260425073220.csv,1,1,0,0
fit:e47555f16f02711dc446d8bfb5ee6625d9c15688be7bc41a38dbac9a7bc8e103,2026-04-25T07:11:23+00:00,1295,412,166,76,4.766,459.4,14,fit:e47555f16f02711dc446d8bfb5ee6625d9c15688be7bc41a38dbac9a7bc8e103:segment:003,3,5942.0,5871,activities/067_260425073220.csv,1,1,0,0
fit:e47555f16f02711dc446d8bfb5ee6625d9c15688be7bc41a38dbac9a7bc8e103,2026-04-25T07:11:24+00:00,1296,412,167,73,4.898,459.4,14,fit:e47555f16f02711dc446d8bfb5ee6625d9c15688be7bc41a38dbac9a7bc8e103:segment:003,3,5943.0,5872,activities/067_260425073220.csv,1,1,0,0
fit:e47555f16f02711dc446d8bfb5ee6625d9c15688be7bc41a38dbac9a7bc8e103,2026-04-25T07:11:25+00:00,1297,412,167,73,5.126,460.4,14,fit:e47555f16f02711dc446d8bfb5ee6625d9c15688be7bc41a38dbac9a7bc8e103:segment:003,3,5944.0,5873,activities/067_260425073220.csv,1,1,0,0
fit:e47555f16f02711dc446d8bfb5ee6625d9c15688be7bc41a38dbac9a7bc8e103,2026-04-25T07:11:26+00:00,1298,412,167,73,4.688,460.4,14,fit:e47555f16f02711dc446d8bfb5ee6625d9c15688be7bc41a38dbac9a7bc8e103:segment:003,3,5945.0,5874,activities/067_260425073220.csv,1,1,0,0
fit:e47555f16f02711dc446d8bfb5ee6625d9c15688be7bc41a38dbac9a7bc8e103,2026-04-25T07:11:27+00:00,1299,422,168,71,4.732,461.4,14,fit:e47555f16f02711dc446d8bfb5ee6625d9c15688be7bc41a38dbac9a7bc8e103:segment:003,3,5946.0,5875,activities/067_260425073220.csv,1,1,0,0
fit:e47555f16f02711dc446d8bfb5ee6625d9c15688be7bc41a38dbac9a7bc8e103,2026-04-25T07:11:28+00:00,1300,402,168,71,4.984,461.79999999999995,14,fit:e47555f16f02711dc446d8bfb5ee6625d9c15688be7bc41a38dbac9a7bc8e103:segment:003,3,5947.0,5876,activities/067_260425073220.csv,1,1,0,0
fit:e47555f16f02711dc446d8bfb5ee6625d9c15688be7bc41a38dbac9a7bc8e103,2026-04-25T07:11:29+00:00,1301,378,169,71,4.742,462.6,14,fit:e47555f16f02711dc446d8bfb5ee6625d9c15688be7bc41a38dbac9a7bc8e103:segment:003,3,5948.0,5877,activities/067_260425073220.csv,1,1,0,0
fit:e47555f16f02711dc446d8bfb5ee6625d9c15688be7bc41a38dbac9a7bc8e103,2026-04-25T07:11:30+00:00,1302,378,169,71,4.93,463.0,14,fit:e47555f16f02711dc446d8bfb5ee6625d9c15688be7bc41a38dbac9a7bc8e103:segment:003,3,5949.0,5878,activities/067_260425073220.csv,1,1,0,0
fit:e47555f16f02711dc446d8bfb5ee6625d9c15688be7bc41a38dbac9a7bc8e103,2026-04-25T07:11:31+00:00,1303,342,170,71,4.432,463.6,14,fit:e47555f16f02711dc446d8bfb5ee6625d9c15688be7bc41a38dbac9a7bc8e103:segment:003,3,5950.0,5879,activities/067_260425073220.csv,1,1,0,0
fit:e47555f16f02711dc446d8bfb5ee6625d9c15688be7bc41a38dbac9a7bc8e103,2026-04-25T07:11:32+00:00,1304,349,170,69,4.448,463.6,14,fit:e47555f16f02711dc446d8bfb5ee6625d9c15688be7bc41a38dbac9a7bc8e103:segment:003,3,5951.0,5880,activities/067_260425073220.csv,1,1,0,0
fit:e47555f16f02711dc446d8bfb5ee6625d9c15688be7bc41a38dbac9a7bc8e103,2026-04-25T07:11:33+00:00,1305,349,170,68,4.643,463.6,14,fit:e47555f16f02711dc446d8bfb5ee6625d9c15688be7bc41a38dbac9a7bc8e103:segment:003,3,5952.0,5881,activities/067_260425073220.csv,1,1,0,0
fit:e47555f16f02711dc446d8bfb5ee6625d9c15688be7bc41a38dbac9a7bc8e103,2026-04-25T07:11:34+00:00,1306,356,170,68,4.677,463.6,14,fit:e47555f16f02711dc446d8bfb5ee6625d9c15688be7bc41a38dbac9a7bc8e103:segment:003,3,5953.0,5882,activities/067_260425073220.csv,1,1,0,0
fit:e47555f16f02711dc446d8bfb5ee6625d9c15688be7bc41a38dbac9a7bc8e103,2026-04-25T07:11:35+00:00,1307,336,170,68,4.625,464.6,14,fit:e47555f16f02711dc446d8bfb5ee6625d9c15688be7bc41a38dbac9a7bc8e103:segment:003,3,5954.0,5883,activities/067_260425073220.csv,1,1,0,0
fit:e47555f16f02711dc446d8bfb5ee6625d9c15688be7bc41a38dbac9a7bc8e103,2026-04-25T07:11:36+00:00,1308,311,171,68,4.753,465.0,14,fit:e47555f16f02711dc446d8bfb5ee6625d9c15688be7bc41a38dbac9a7bc8e103:segment:003,3,5955.0,5884,activities/067_260425073220.csv,1,1,0,0
fit:e47555f16f02711dc446d8bfb5ee6625d9c15688be7bc41a38dbac9a7bc8e103,2026-04-25T07:11:37+00:00,1309,333,171,68,4.666,465.20000000000005,14,fit:e47555f16f02711dc446d8bfb5ee6625d9c15688be7bc41a38dbac9a7bc8e103:segment:003,3,5956.0,5885,activities/067_260425073220.csv,1,1,0,0
fit:e47555f16f02711dc446d8bfb5ee6625d9c15688be7bc41a38dbac9a7bc8e103,2026-04-25T07:11:38+00:00,1310,346,171,67,4.323,466.20000000000005,14,fit:e47555f16f02711dc446d8bfb5ee6625d9c15688be7bc41a38dbac9a7bc8e103:segment:003,3,5957.0,5886,activities/067_260425073220.csv,1,1,0,0
fit:e47555f16f02711dc446d8bfb5ee6625d9c15688be7bc41a38dbac9a7bc8e103,2026-04-25T07:11:39+00:00,1311,369,172,67,4.361,466.20000000000005,14,fit:e47555f16f02711dc446d8bfb5ee6625d9c15688be7bc41a38dbac9a7bc8e103:segment:003,3,5958.0,5887,activities/067_260425073220.csv,1,1,0,0
fit:e47555f16f02711dc446d8bfb5ee6625d9c15688be7bc41a38dbac9a7bc8e103,2026-04-25T07:11:40+00:00,1312,343,172,65,4.299,466.20000000000005,14,fit:e47555f16f02711dc446d8bfb5ee6625d9c15688be7bc41a38dbac9a7bc8e103:segment:003,3,5959.0,5888,activities/067_260425073220.csv,1,1,0,0
fit:e47555f16f02711dc446d8bfb5ee6625d9c15688be7bc41a38dbac9a7bc8e103,2026-04-25T07:11:41+00:00,1313,318,171,66,4.205,466.20000000000005,14,fit:e47555f16f02711dc446d8bfb5ee6625d9c15688be7bc41a38dbac9a7bc8e103:segment:003,3,5960.0,5889,activities/067_260425073220.csv,1,1,0,0
fit:e47555f16f02711dc446d8bfb5ee6625d9c15688be7bc41a38dbac9a7bc8e103,2026-04-25T07:11:42+00:00,1314,332,171,66,4.279,466.20000000000005,14,fit:e47555f16f02711dc446d8bfb5ee6625d9c15688be7bc41a38dbac9a7bc8e103:segment:003,3,5961.0,5890,activities/067_260425073220.csv,1,1,0,0
fit:e47555f16f02711dc446d8bfb5ee6625d9c15688be7bc41a38dbac9a7bc8e103,2026-04-25T07:11:43+00:00,1315,332,171,66,4.435,466.20000000000005,14,fit:e47555f16f02711dc446d8bfb5ee6625d9c15688be7bc41a38dbac9a7bc8e103:segment:003,3,5962.0,5891,activities/067_260425073220.csv,1,1,0,0
fit:e47555f16f02711dc446d8bfb5ee6625d9c15688be7bc41a38dbac9a7bc8e103,2026-04-25T07:11:44+00:00,1316,293,171,65,4.405,466.20000000000005,14,fit:e47555f16f02711dc446d8bfb5ee6625d9c15688be7bc41a38dbac9a7bc8e103:segment:003,3,5963.0,5892,activities/067_260425073220.csv,1,1,0,0
fit:e47555f16f02711dc446d8bfb5ee6625d9c15688be7bc41a38dbac9a7bc8e103,2026-04-25T07:11:45+00:00,1317,204,171,65,4.333,467.20000000000005,14,fit:e47555f16f02711dc446d8bfb5ee6625d9c15688be7bc41a38dbac9a7bc8e103:segment:003,3,5964.0,5893,activities/067_260425073220.csv,1,1,0,0
fit:e47555f16f02711dc446d8bfb5ee6625d9c15688be7bc41a38dbac9a7bc8e103,2026-04-25T07:11:46+00:00,1318,449,171,58,4.113,468.0,14,fit:e47555f16f02711dc446d8bfb5ee6625d9c15688be7bc41a38dbac9a7bc8e103:segment:003,3,5965.0,5894,activities/067_260425073220.csv,1,1,0,0
fit:e47555f16f02711dc446d8bfb5ee6625d9c15688be7bc41a38dbac9a7bc8e103,2026-04-25T07:11:47+00:00,1319,485,170,61,4.273,468.79999999999995,14,fit:e47555f16f02711dc446d8bfb5ee6625d9c15688be7bc41a38dbac9a7bc8e103:segment:003,3,5966.0,5895,activities/067_260425073220.csv,1,1,0,0
fit:e47555f16f02711dc446d8bfb5ee6625d9c15688be7bc41a38dbac9a7bc8e103,2026-04-25T07:11:48+00:00,1320,382,170,67,4.458,468.79999999999995,14,fit:e47555f16f02711dc446d8bfb5ee6625d9c15688be7bc41a38dbac9a7bc8e103:segment:003,3,5967.0,5896,activities/067_260425073220.csv,1,1,0,0
fit:e47555f16f02711dc446d8bfb5ee6625d9c15688be7bc41a38dbac9a7bc8e103,2026-04-25T07:11:49+00:00,1321,381,170,71,4.388,468.79999999999995,14,fit:e47555f16f02711dc446d8bfb5ee6625d9c15688be7bc41a38dbac9a7bc8e103:segment:003,3,5968.0,5897,activities/067_260425073220.csv,1,1,0,0
fit:e47555f16f02711dc446d8bfb5ee6625d9c15688be7bc41a38dbac9a7bc8e103,2026-04-25T07:11:50+00:00,1322,357,170,71,4.687,468.79999999999995,14,fit:e47555f16f02711dc446d8bfb5ee6625d9c15688be7bc41a38dbac9a7bc8e103:segment:003,3,5969.0,5898,activities/067_260425073220.csv,1,1,0,0
fit:e47555f16f02711dc446d8bfb5ee6625d9c15688be7bc41a38dbac9a7bc8e103,2026-04-25T07:11:51+00:00,1323,361,170,72,4.758,469.79999999999995,14,fit:e47555f16f02711dc446d8bfb5ee6625d9c15688be7bc41a38dbac9a7bc8e103:segment:003,3,5970.0,5899,activities/067_260425073220.csv,1,1,0,0
fit:e47555f16f02711dc446d8bfb5ee6625d9c15688be7bc41a38dbac9a7bc8e103,2026-04-25T07:11:52+00:00,1324,315,170,72,4.665,470.4,14,fit:e47555f16f02711dc446d8bfb5ee6625d9c15688be7bc41a38dbac9a7bc8e103:segment:003,3,5971.0,5900,activities/067_260425073220.csv,1,1,0,0
fit:e47555f16f02711dc446d8bfb5ee6625d9c15688be7bc41a38dbac9a7bc8e103,2026-04-25T07:11:53+00:00,1325,404,170,71,4.913,470.79999999999995,14,fit:e47555f16f02711dc446d8bfb5ee6625d9c15688be7bc41a38dbac9a7bc8e103:segment:003,3,5972.0,5901,activities/067_260425073220.csv,1,1,0,0
fit:e47555f16f02711dc446d8bfb5ee6625d9c15688be7bc41a38dbac9a7bc8e103,2026-04-25T07:11:54+00:00,1326,369,170,71,4.722,471.79999999999995,14,fit:e47555f16f02711dc446d8bfb5ee6625d9c15688be7bc41a38dbac9a7bc8e103:segment:003,3,5973.0,5902,activities/067_260425073220.csv,1,1,0,0
fit:e47555f16f02711dc446d8bfb5ee6625d9c15688be7bc41a38dbac9a7bc8e103,2026-04-25T07:11:55+00:00,1327,359,170,71,4.764,471.79999999999995,14,fit:e47555f16f02711dc446d8bfb5ee6625d9c15688be7bc41a38dbac9a7bc8e103:segment:003,3,5974.0,5903,activities/067_260425073220.csv,1,1,0,0
fit:e47555f16f02711dc446d8bfb5ee6625d9c15688be7bc41a38dbac9a7bc8e103,2026-04-25T07:11:56+00:00,1328,256,170,71,4.629,471.79999999999995,14,fit:e47555f16f02711dc446d8bfb5ee6625d9c15688be7bc41a38dbac9a7bc8e103:segment:003,3,5975.0,5904,activities/067_260425073220.csv,1,1,0,0
fit:e47555f16f02711dc446d8bfb5ee6625d9c15688be7bc41a38dbac9a7bc8e103,2026-04-25T07:11:57+00:00,1329,253,170,71,4.827,471.79999999999995,14,fit:e47555f16f02711dc446d8bfb5ee6625d9c15688be7bc41a38dbac9a7bc8e103:segment:003,3,5976.0,5905,activities/067_260425073220.csv,1,1,0,0
fit:e47555f16f02711dc446d8bfb5ee6625d9c15688be7bc41a38dbac9a7bc8e103,2026-04-25T07:11:58+00:00,1330,279,170,76,4.772,471.79999999999995,14,fit:e47555f16f02711dc446d8bfb5ee6625d9c15688be7bc41a38dbac9a7bc8e103:segment:003,3,5977.0,5906,activities/067_260425073220.csv,1,1,0,0
fit:e47555f16f02711dc446d8bfb5ee6625d9c15688be7bc41a38dbac9a7bc8e103,2026-04-25T07:11:59+00:00,1331,295,170,73,4.685,471.79999999999995,14,fit:e47555f16f02711dc446d8bfb5ee6625d9c15688be7bc41a38dbac9a7bc8e103:segment:003,3,5978.0,5907,activities/067_260425073220.csv,1,1,0,0
fit:e47555f16f02711dc446d8bfb5ee6625d9c15688be7bc41a38dbac9a7bc8e103,2026-04-25T07:12:00+00:00,1332,298,170,73,4.615,472.79999999999995,14,fit:e47555f16f02711dc446d8bfb5ee6625d9c15688be7bc41a38dbac9a7bc8e103:segment:003,3,5979.0,5908,activities/067_260425073220.csv,1,1,0,0
fit:e47555f16f02711dc446d8bfb5ee6625d9c15688be7bc41a38dbac9a7bc8e103,2026-04-25T07:12:01+00:00,1333,298,170,70,4.445,473.20000000000005,14,fit:e47555f16f02711dc446d8bfb5ee6625d9c15688be7bc41a38dbac9a7bc8e103:segment:003,3,5980.0,5909,activities/067_260425073220.csv,1,1,0,0
fit:e47555f16f02711dc446d8bfb5ee6625d9c15688be7bc41a38dbac9a7bc8e103,2026-04-25T07:12:02+00:00,1334,313,170,71,4.129,473.6,14,fit:e47555f16f02711dc446d8bfb5ee6625d9c15688be7bc41a38dbac9a7bc8e103:segment:003,3,5981.0,5910,activities/067_260425073220.csv,1,1,0,0
fit:e47555f16f02711dc446d8bfb5ee6625d9c15688be7bc41a38dbac9a7bc8e103,2026-04-25T07:12:03+00:00,1335,317,170,71,4.189,474.4,14,fit:e47555f16f02711dc446d8bfb5ee6625d9c15688be7bc41a38dbac9a7bc8e103:segment:003,3,5982.0,5911,activities/067_260425073220.csv,1,1,0,0
fit:e47555f16f02711dc446d8bfb5ee6625d9c15688be7bc41a38dbac9a7bc8e103,2026-04-25T07:12:04+00:00,1336,317,170,71,4.178,474.4,14,fit:e47555f16f02711dc446d8bfb5ee6625d9c15688be7bc41a38dbac9a7bc8e103:segment:003,3,5983.0,5912,activities/067_260425073220.csv,1,1,0,0
fit:e47555f16f02711dc446d8bfb5ee6625d9c15688be7bc41a38dbac9a7bc8e103,2026-04-25T07:12:05+00:00,1337,305,170,71,4.026,474.4,14,fit:e47555f16f02711dc446d8bfb5ee6625d9c15688be7bc41a38dbac9a7bc8e103:segment:003,3,5984.0,5913,activities/067_260425073220.csv,1,1,0,0
fit:e47555f16f02711dc446d8bfb5ee6625d9c15688be7bc41a38dbac9a7bc8e103,2026-04-25T07:12:06+00:00,1338,305,171,68,3.971,474.4,14,fit:e47555f16f02711dc446d8bfb5ee6625d9c15688be7bc41a38dbac9a7bc8e103:segment:003,3,5985.0,5914,activities/067_260425073220.csv,1,1,0,0
fit:e47555f16f02711dc446d8bfb5ee6625d9c15688be7bc41a38dbac9a7bc8e103,2026-04-25T07:12:07+00:00,1339,287,171,67,3.963,474.4,14,fit:e47555f16f02711dc446d8bfb5ee6625d9c15688be7bc41a38dbac9a7bc8e103:segment:003,3,5986.0,5915,activities/067_260425073220.csv,1,1,0,0
fit:e47555f16f02711dc446d8bfb5ee6625d9c15688be7bc41a38dbac9a7bc8e103,2026-04-25T07:12:08+00:00,1340,295,171,65,3.892,474.4,14,fit:e47555f16f02711dc446d8bfb5ee6625d9c15688be7bc41a38dbac9a7bc8e103:segment:003,3,5987.0,5916,activities/067_260425073220.csv,1,1,0,0
fit:e47555f16f02711dc446d8bfb5ee6625d9c15688be7bc41a38dbac9a7bc8e103,2026-04-25T07:12:09+00:00,1341,293,171,65,3.734,474.4,14,fit:e47555f16f02711dc446d8bfb5ee6625d9c15688be7bc41a38dbac9a7bc8e103:segment:003,3,5988.0,5917,activities/067_260425073220.csv,1,1,0,0
fit:e47555f16f02711dc446d8bfb5ee6625d9c15688be7bc41a38dbac9a7bc8e103,2026-04-25T07:12:10+00:00,1342,303,171,65,3.915,475.4,14,fit:e47555f16f02711dc446d8bfb5ee6625d9c15688be7bc41a38dbac9a7bc8e103:segment:003,3,5989.0,5918,activities/067_260425073220.csv,1,1,0,0
fit:e47555f16f02711dc446d8bfb5ee6625d9c15688be7bc41a38dbac9a7bc8e103,2026-04-25T07:12:11+00:00,1343,193,171,66,3.808,476.20000000000005,14,fit:e47555f16f02711dc446d8bfb5ee6625d9c15688be7bc41a38dbac9a7bc8e103:segment:003,3,5990.0,5919,activities/067_260425073220.csv,1,1,0,0
fit:e47555f16f02711dc446d8bfb5ee6625d9c15688be7bc41a38dbac9a7bc8e103,2026-04-25T07:12:12+00:00,1344,302,171,69,3.964,477.20000000000005,14,fit:e47555f16f02711dc446d8bfb5ee6625d9c15688be7bc41a38dbac9a7bc8e103:segment:003,3,5991.0,5920,activities/067_260425073220.csv,1,1,0,0
fit:e47555f16f02711dc446d8bfb5ee6625d9c15688be7bc41a38dbac9a7bc8e103,2026-04-25T07:12:13+00:00,1345,299,171,72,4.025,477.20000000000005,14,fit:e47555f16f02711dc446d8bfb5ee6625d9c15688be7bc41a38dbac9a7bc8e103:segment:003,3,5992.0,5921,activities/067_260425073220.csv,1,1,0,0
fit:e47555f16f02711dc446d8bfb5ee6625d9c15688be7bc41a38dbac9a7bc8e103,2026-04-25T07:12:14+00:00,1346,294,172,72,3.645,478.20000000000005,14,fit:e47555f16f02711dc446d8bfb5ee6625d9c15688be7bc41a38dbac9a7bc8e103:segment:003,3,5993.0,5922,activities/067_260425073220.csv,1,1,0,0
fit:e47555f16f02711dc446d8bfb5ee6625d9c15688be7bc41a38dbac9a7bc8e103,2026-04-25T07:12:15+00:00,1347,309,172,73,3.379,478.20000000000005,14,fit:e47555f16f02711dc446d8bfb5ee6625d9c15688be7bc41a38dbac9a7bc8e103:segment:003,3,5994.0,5923,activities/067_260425073220.csv,1,1,0,0
fit:e47555f16f02711dc446d8bfb5ee6625d9c15688be7bc41a38dbac9a7bc8e103,2026-04-25T07:12:16+00:00,1348,295,172,75,3.438,478.20000000000005,14,fit:e47555f16f02711dc446d8bfb5ee6625d9c15688be7bc41a38dbac9a7bc8e103:segment:003,3,5995.0,5924,activities/067_260425073220.csv,1,1,0,0
fit:e47555f16f02711dc446d8bfb5ee6625d9c15688be7bc41a38dbac9a7bc8e103,2026-04-25T07:12:17+00:00,1349,264,172,75,3.488,478.20000000000005,14,fit:e47555f16f02711dc446d8bfb5ee6625d9c15688be7bc41a38dbac9a7bc8e103:segment:003,3,5996.0,5925,activities/067_260425073220.csv,1,1,0,0
fit:e47555f16f02711dc446d8bfb5ee6625d9c15688be7bc41a38dbac9a7bc8e103,2026-04-25T07:12:18+00:00,1350,258,171,75,3.247,478.20000000000005,14,fit:e47555f16f02711dc446d8bfb5ee6625d9c15688be7bc41a38dbac9a7bc8e103:segment:003,3,5997.0,5926,activities/067_260425073220.csv,1,1,0,0
fit:e47555f16f02711dc446d8bfb5ee6625d9c15688be7bc41a38dbac9a7bc8e103,2026-04-25T07:12:19+00:00,1351,264,171,75,3.341,478.20000000000005,14,fit:e47555f16f02711dc446d8bfb5ee6625d9c15688be7bc41a38dbac9a7bc8e103:segment:003,3,5998.0,5927,activities/067_260425073220.csv,1,1,0,0
fit:e47555f16f02711dc446d8bfb5ee6625d9c15688be7bc41a38dbac9a7bc8e103,2026-04-25T07:12:20+00:00,1352,267,171,75,3.536,478.20000000000005,14,fit:e47555f16f02711dc446d8bfb5ee6625d9c15688be7bc41a38dbac9a7bc8e103:segment:003,3,5999.0,5928,activities/067_260425073220.csv,1,1,0,0
fit:e47555f16f02711dc446d8bfb5ee6625d9c15688be7bc41a38dbac9a7bc8e103,2026-04-25T07:12:21+00:00,1353,267,171,74,3.576,479.20000000000005,14,fit:e47555f16f02711dc446d8bfb5ee6625d9c15688be7bc41a38dbac9a7bc8e103:segment:003,3,6000.0,5929,activities/067_260425073220.csv,1,1,0,0
fit:e47555f16f02711dc446d8bfb5ee6625d9c15688be7bc41a38dbac9a7bc8e103,2026-04-25T07:12:22+00:00,1354,276,171,73,3.625,479.6,14,fit:e47555f16f02711dc446d8bfb5ee6625d9c15688be7bc41a38dbac9a7bc8e103:segment:003,3,6001.0,5930,activities/067_260425073220.csv,1,1,0,0
fit:e47555f16f02711dc446d8bfb5ee6625d9c15688be7bc41a38dbac9a7bc8e103,2026-04-25T07:12:23+00:00,1355,276,171,72,3.533,479.79999999999995,14,fit:e47555f16f02711dc446d8bfb5ee6625d9c15688be7bc41a38dbac9a7bc8e103:segment:003,3,6002.0,5931,activities/067_260425073220.csv,1,1,0,0
fit:e47555f16f02711dc446d8bfb5ee6625d9c15688be7bc41a38dbac9a7bc8e103,2026-04-25T07:12:24+00:00,1356,274,171,72,3.549,480.20000000000005,14,fit:e47555f16f02711dc446d8bfb5ee6625d9c15688be7bc41a38dbac9a7bc8e103:segment:003,3,6003.0,5932,activities/067_260425073220.csv,1,1,0,0
fit:e47555f16f02711dc446d8bfb5ee6625d9c15688be7bc41a38dbac9a7bc8e103,2026-04-25T07:12:25+00:00,1357,259,171,72,3.599,480.20000000000005,14,fit:e47555f16f02711dc446d8bfb5ee6625d9c15688be7bc41a38dbac9a7bc8e103:segment:003,3,6004.0,5933,activities/067_260425073220.csv,1,1,0,0
fit:e47555f16f02711dc446d8bfb5ee6625d9c15688be7bc41a38dbac9a7bc8e103,2026-04-25T07:12:26+00:00,1358,270,170,72,3.508,480.20000000000005,14,fit:e47555f16f02711dc446d8bfb5ee6625d9c15688be7bc41a38dbac9a7bc8e103:segment:003,3,6005.0,5934,activities/067_260425073220.csv,1,1,0,0
fit:e47555f16f02711dc446d8bfb5ee6625d9c15688be7bc41a38dbac9a7bc8e103,2026-04-25T07:12:27+00:00,1359,296,170,73,3.476,480.20000000000005,14,fit:e47555f16f02711dc446d8bfb5ee6625d9c15688be7bc41a38dbac9a7bc8e103:segment:003,3,6006.0,5935,activities/067_260425073220.csv,1,1,0,0
fit:e47555f16f02711dc446d8bfb5ee6625d9c15688be7bc41a38dbac9a7bc8e103,2026-04-25T07:12:28+00:00,1360,297,170,73,3.588,481.0,14,fit:e47555f16f02711dc446d8bfb5ee6625d9c15688be7bc41a38dbac9a7bc8e103:segment:003,3,6007.0,5936,activities/067_260425073220.csv,1,1,0,0
fit:e47555f16f02711dc446d8bfb5ee6625d9c15688be7bc41a38dbac9a7bc8e103,2026-04-25T07:12:29+00:00,1361,324,170,72,3.649,481.4,14,fit:e47555f16f02711dc446d8bfb5ee6625d9c15688be7bc41a38dbac9a7bc8e103:segment:003,3,6008.0,5937,activities/067_260425073220.csv,1,1,0,0
fit:e47555f16f02711dc446d8bfb5ee6625d9c15688be7bc41a38dbac9a7bc8e103,2026-04-25T07:12:30+00:00,1362,325,170,72,3.632,481.79999999999995,14,fit:e47555f16f02711dc446d8bfb5ee6625d9c15688be7bc41a38dbac9a7bc8e103:segment:003,3,6009.0,5938,activities/067_260425073220.csv,1,1,0,0
fit:e47555f16f02711dc446d8bfb5ee6625d9c15688be7bc41a38dbac9a7bc8e103,2026-04-25T07:12:31+00:00,1363,317,170,74,3.595,482.4,14,fit:e47555f16f02711dc446d8bfb5ee6625d9c15688be7bc41a38dbac9a7bc8e103:segment:003,3,6010.0,5939,activities/067_260425073220.csv,1,1,0,0
fit:e47555f16f02711dc446d8bfb5ee6625d9c15688be7bc41a38dbac9a7bc8e103,2026-04-25T07:12:32+00:00,1364,313,170,74,3.689,482.79999999999995,14,fit:e47555f16f02711dc446d8bfb5ee6625d9c15688be7bc41a38dbac9a7bc8e103:segment:003,3,6011.0,5940,activities/067_260425073220.csv,1,1,0,0
fit:e47555f16f02711dc446d8bfb5ee6625d9c15688be7bc41a38dbac9a7bc8e103,2026-04-25T07:12:33+00:00,1365,313,170,74,3.584,482.79999999999995,14,fit:e47555f16f02711dc446d8bfb5ee6625d9c15688be7bc41a38dbac9a7bc8e103:segment:003,3,6012.0,5941,activities/067_260425073220.csv,1,1,0,0
fit:e47555f16f02711dc446d8bfb5ee6625d9c15688be7bc41a38dbac9a7bc8e103,2026-04-25T07:12:34+00:00,1366,320,170,74,3.686,482.79999999999995,14,fit:e47555f16f02711dc446d8bfb5ee6625d9c15688be7bc41a38dbac9a7bc8e103:segment:003,3,6013.0,5942,activities/067_260425073220.csv,1,1,0,0
fit:e47555f16f02711dc446d8bfb5ee6625d9c15688be7bc41a38dbac9a7bc8e103,2026-04-25T07:12:35+00:00,1367,302,170,74,3.757,482.79999999999995,14,fit:e47555f16f02711dc446d8bfb5ee6625d9c15688be7bc41a38dbac9a7bc8e103:segment:003,3,6014.0,5943,activities/067_260425073220.csv,1,1,0,0
fit:e47555f16f02711dc446d8bfb5ee6625d9c15688be7bc41a38dbac9a7bc8e103,2026-04-25T07:12:36+00:00,1368,339,170,75,3.723,483.6,14,fit:e47555f16f02711dc446d8bfb5ee6625d9c15688be7bc41a38dbac9a7bc8e103:segment:003,3,6015.0,5944,activities/067_260425073220.csv,1,1,0,0
fit:e47555f16f02711dc446d8bfb5ee6625d9c15688be7bc41a38dbac9a7bc8e103,2026-04-25T07:12:37+00:00,1369,327,170,74,3.8,484.4,14,fit:e47555f16f02711dc446d8bfb5ee6625d9c15688be7bc41a38dbac9a7bc8e103:segment:003,3,6016.0,5945,activities/067_260425073220.csv,1,1,0,0
fit:e47555f16f02711dc446d8bfb5ee6625d9c15688be7bc41a38dbac9a7bc8e103,2026-04-25T07:12:38+00:00,1370,365,170,77,3.811,484.6,14,fit:e47555f16f02711dc446d8bfb5ee6625d9c15688be7bc41a38dbac9a7bc8e103:segment:003,3,6017.0,5946,activities/067_260425073220.csv,1,1,0,0
fit:e47555f16f02711dc446d8bfb5ee6625d9c15688be7bc41a38dbac9a7bc8e103,2026-04-25T07:12:39+00:00,1371,356,170,80,3.937,484.6,14,fit:e47555f16f02711dc446d8bfb5ee6625d9c15688be7bc41a38dbac9a7bc8e103:segment:003,3,6018.0,5947,activities/067_260425073220.csv,1,1,0,0
fit:e47555f16f02711dc446d8bfb5ee6625d9c15688be7bc41a38dbac9a7bc8e103,2026-04-25T07:12:40+00:00,1372,295,170,80,4.201,484.6,14,fit:e47555f16f02711dc446d8bfb5ee6625d9c15688be7bc41a38dbac9a7bc8e103:segment:003,3,6019.0,5948,activities/067_260425073220.csv,1,1,0,0
fit:e47555f16f02711dc446d8bfb5ee6625d9c15688be7bc41a38dbac9a7bc8e103,2026-04-25T07:12:41+00:00,1373,292,170,82,4.181,484.6,14,fit:e47555f16f02711dc446d8bfb5ee6625d9c15688be7bc41a38dbac9a7bc8e103:segment:003,3,6020.0,5949,activities/067_260425073220.csv,1,1,0,0
fit:e47555f16f02711dc446d8bfb5ee6625d9c15688be7bc41a38dbac9a7bc8e103,2026-04-25T07:12:42+00:00,1374,286,170,81,4.27,485.6,14,fit:e47555f16f02711dc446d8bfb5ee6625d9c15688be7bc41a38dbac9a7bc8e103:segment:003,3,6021.0,5950,activities/067_260425073220.csv,1,1,0,0
fit:e47555f16f02711dc446d8bfb5ee6625d9c15688be7bc41a38dbac9a7bc8e103,2026-04-25T07:12:43+00:00,1375,287,170,81,4.261,486.20000000000005,14,fit:e47555f16f02711dc446d8bfb5ee6625d9c15688be7bc41a38dbac9a7bc8e103:segment:003,3,6022.0,5951,activities/067_260425073220.csv,1,1,0,0
fit:e47555f16f02711dc446d8bfb5ee6625d9c15688be7bc41a38dbac9a7bc8e103,2026-04-25T07:12:44+00:00,1376,319,170,81,4.211,486.6,14,fit:e47555f16f02711dc446d8bfb5ee6625d9c15688be7bc41a38dbac9a7bc8e103:segment:003,3,6023.0,5952,activities/067_260425073220.csv,1,1,0,0
fit:e47555f16f02711dc446d8bfb5ee6625d9c15688be7bc41a38dbac9a7bc8e103,2026-04-25T07:12:45+00:00,1377,304,170,80,4.23,486.6,14,fit:e47555f16f02711dc446d8bfb5ee6625d9c15688be7bc41a38dbac9a7bc8e103:segment:003,3,6024.0,5953,activities/067_260425073220.csv,1,1,0,0
fit:e47555f16f02711dc446d8bfb5ee6625d9c15688be7bc41a38dbac9a7bc8e103,2026-04-25T07:12:46+00:00,1378,304,170,79,4.161,486.6,14,fit:e47555f16f02711dc446d8bfb5ee6625d9c15688be7bc41a38dbac9a7bc8e103:segment:003,3,6025.0,5954,activities/067_260425073220.csv,1,1,0,0
fit:e47555f16f02711dc446d8bfb5ee6625d9c15688be7bc41a38dbac9a7bc8e103,2026-04-25T07:12:47+00:00,1379,304,170,77,4.051,486.6,14,fit:e47555f16f02711dc446d8bfb5ee6625d9c15688be7bc41a38dbac9a7bc8e103:segment:003,3,6026.0,5955,activities/067_260425073220.csv,1,1,0,0
fit:e47555f16f02711dc446d8bfb5ee6625d9c15688be7bc41a38dbac9a7bc8e103,2026-04-25T07:12:48+00:00,1380,311,170,76,3.847,486.6,14,fit:e47555f16f02711dc446d8bfb5ee6625d9c15688be7bc41a38dbac9a7bc8e103:segment:003,3,6027.0,5956,activities/067_260425073220.csv,1,1,0,0
fit:e47555f16f02711dc446d8bfb5ee6625d9c15688be7bc41a38dbac9a7bc8e103,2026-04-25T07:12:49+00:00,1381,317,170,76,3.647,487.6,14,fit:e47555f16f02711dc446d8bfb5ee6625d9c15688be7bc41a38dbac9a7bc8e103:segment:003,3,6028.0,5957,activities/067_260425073220.csv,1,1,0,0
fit:e47555f16f02711dc446d8bfb5ee6625d9c15688be7bc41a38dbac9a7bc8e103,2026-04-25T07:12:50+00:00,1382,323,170,76,3.779,487.79999999999995,14,fit:e47555f16f02711dc446d8bfb5ee6625d9c15688be7bc41a38dbac9a7bc8e103:segment:003,3,6029.0,5958,activities/067_260425073220.csv,1,1,0,0
fit:e47555f16f02711dc446d8bfb5ee6625d9c15688be7bc41a38dbac9a7bc8e103,2026-04-25T07:12:51+00:00,1383,300,170,75,3.815,488.20000000000005,14,fit:e47555f16f02711dc446d8bfb5ee6625d9c15688be7bc41a38dbac9a7bc8e103:segment:003,3,6030.0,5959,activities/067_260425073220.csv,1,1,0,0
fit:e47555f16f02711dc446d8bfb5ee6625d9c15688be7bc41a38dbac9a7bc8e103,2026-04-25T07:12:52+00:00,1384,301,170,74,3.775,488.6,14,fit:e47555f16f02711dc446d8bfb5ee6625d9c15688be7bc41a38dbac9a7bc8e103:segment:003,3,6031.0,5960,activities/067_260425073220.csv,1,1,0,0
fit:e47555f16f02711dc446d8bfb5ee6625d9c15688be7bc41a38dbac9a7bc8e103,2026-04-25T07:12:53+00:00,1385,305,170,74,3.631,489.6,14,fit:e47555f16f02711dc446d8bfb5ee6625d9c15688be7bc41a38dbac9a7bc8e103:segment:003,3,6032.0,5961,activities/067_260425073220.csv,1,1,0,0
fit:e47555f16f02711dc446d8bfb5ee6625d9c15688be7bc41a38dbac9a7bc8e103,2026-04-25T07:12:54+00:00,1386,317,170,73,3.664,489.6,14,fit:e47555f16f02711dc446d8bfb5ee6625d9c15688be7bc41a38dbac9a7bc8e103:segment:003,3,6033.0,5962,activities/067_260425073220.csv,1,1,0,0
fit:e47555f16f02711dc446d8bfb5ee6625d9c15688be7bc41a38dbac9a7bc8e103,2026-04-25T07:12:55+00:00,1387,305,171,73,3.752,489.6,14,fit:e47555f16f02711dc446d8bfb5ee6625d9c15688be7bc41a38dbac9a7bc8e103:segment:003,3,6034.0,5963,activities/067_260425073220.csv,1,1,0,0
fit:e47555f16f02711dc446d8bfb5ee6625d9c15688be7bc41a38dbac9a7bc8e103,2026-04-25T07:12:56+00:00,1388,319,171,73,3.675,489.6,14,fit:e47555f16f02711dc446d8bfb5ee6625d9c15688be7bc41a38dbac9a7bc8e103:segment:003,3,6035.0,5964,activities/067_260425073220.csv,1,1,0,0
fit:e47555f16f02711dc446d8bfb5ee6625d9c15688be7bc41a38dbac9a7bc8e103,2026-04-25T07:12:57+00:00,1389,306,171,74,3.699,489.6,14,fit:e47555f16f02711dc446d8bfb5ee6625d9c15688be7bc41a38dbac9a7bc8e103:segment:003,3,6036.0,5965,activities/067_260425073220.csv,1,1,0,0
fit:e47555f16f02711dc446d8bfb5ee6625d9c15688be7bc41a38dbac9a7bc8e103,2026-04-25T07:12:58+00:00,1390,306,171,75,3.757,490.6,14,fit:e47555f16f02711dc446d8bfb5ee6625d9c15688be7bc41a38dbac9a7bc8e103:segment:003,3,6037.0,5966,activities/067_260425073220.csv,1,1,0,0
fit:e47555f16f02711dc446d8bfb5ee6625d9c15688be7bc41a38dbac9a7bc8e103,2026-04-25T07:12:59+00:00,1391,291,171,75,3.574,491.6,14,fit:e47555f16f02711dc446d8bfb5ee6625d9c15688be7bc41a38dbac9a7bc8e103:segment:003,3,6038.0,5967,activities/067_260425073220.csv,1,1,0,0
fit:e47555f16f02711dc446d8bfb5ee6625d9c15688be7bc41a38dbac9a7bc8e103,2026-04-25T07:13:00+00:00,1392,293,171,74,3.43,491.6,14,fit:e47555f16f02711dc446d8bfb5ee6625d9c15688be7bc41a38dbac9a7bc8e103:segment:003,3,6039.0,5968,activities/067_260425073220.csv,1,1,0,0
fit:e47555f16f02711dc446d8bfb5ee6625d9c15688be7bc41a38dbac9a7bc8e103,2026-04-25T07:13:01+00:00,1393,316,171,74,3.41,491.6,14,fit:e47555f16f02711dc446d8bfb5ee6625d9c15688be7bc41a38dbac9a7bc8e103:segment:003,3,6040.0,5969,activities/067_260425073220.csv,1,1,0,0
fit:e47555f16f02711dc446d8bfb5ee6625d9c15688be7bc41a38dbac9a7bc8e103,2026-04-25T07:13:02+00:00,1394,315,171,75,3.496,491.6,14,fit:e47555f16f02711dc446d8bfb5ee6625d9c15688be7bc41a38dbac9a7bc8e103:segment:003,3,6041.0,5970,activities/067_260425073220.csv,1,1,0,0
fit:e47555f16f02711dc446d8bfb5ee6625d9c15688be7bc41a38dbac9a7bc8e103,2026-04-25T07:13:03+00:00,1395,316,171,75,3.283,491.6,15,fit:e47555f16f02711dc446d8bfb5ee6625d9c15688be7bc41a38dbac9a7bc8e103:segment:003,3,6042.0,5971,activities/067_260425073220.csv,1,1,0,0
fit:e47555f16f02711dc446d8bfb5ee6625d9c15688be7bc41a38dbac9a7bc8e103,2026-04-25T07:13:04+00:00,1396,308,171,75,3.157,491.6,15,fit:e47555f16f02711dc446d8bfb5ee6625d9c15688be7bc41a38dbac9a7bc8e103:segment:003,3,6043.0,5972,activities/067_260425073220.csv,1,1,0,0
fit:e47555f16f02711dc446d8bfb5ee6625d9c15688be7bc41a38dbac9a7bc8e103,2026-04-25T07:13:05+00:00,1397,294,171,74,2.958,492.6,15,fit:e47555f16f02711dc446d8bfb5ee6625d9c15688be7bc41a38dbac9a7bc8e103:segment:003,3,6044.0,5973,activities/067_260425073220.csv,1,1,0,0
fit:e47555f16f02711dc446d8bfb5ee6625d9c15688be7bc41a38dbac9a7bc8e103,2026-04-25T07:13:06+00:00,1398,316,171,74,3.208,492.79999999999995,15,fit:e47555f16f02711dc446d8bfb5ee6625d9c15688be7bc41a38dbac9a7bc8e103:segment:003,3,6045.0,5974,activities/067_260425073220.csv,1,1,0,0
fit:e47555f16f02711dc446d8bfb5ee6625d9c15688be7bc41a38dbac9a7bc8e103,2026-04-25T07:13:07+00:00,1399,295,171,74,3.109,493.20000000000005,15,fit:e47555f16f02711dc446d8bfb5ee6625d9c15688be7bc41a38dbac9a7bc8e103:segment:003,3,6046.0,5975,activities/067_260425073220.csv,1,1,0,0
fit:e47555f16f02711dc446d8bfb5ee6625d9c15688be7bc41a38dbac9a7bc8e103,2026-04-25T07:13:08+00:00,1400,305,171,74,2.926,493.20000000000005,15,fit:e47555f16f02711dc446d8bfb5ee6625d9c15688be7bc41a38dbac9a7bc8e103:segment:003,3,6047.0,5976,activities/067_260425073220.csv,1,1,0,0
fit:e47555f16f02711dc446d8bfb5ee6625d9c15688be7bc41a38dbac9a7bc8e103,2026-04-25T07:13:09+00:00,1401,281,171,74,3.344,493.20000000000005,15,fit:e47555f16f02711dc446d8bfb5ee6625d9c15688be7bc41a38dbac9a7bc8e103:segment:003,3,6048.0,5977,activities/067_260425073220.csv,1,1,0,0
fit:e47555f16f02711dc446d8bfb5ee6625d9c15688be7bc41a38dbac9a7bc8e103,2026-04-25T07:13:10+00:00,1402,276,171,74,3.469,493.20000000000005,15,fit:e47555f16f02711dc446d8bfb5ee6625d9c15688be7bc41a38dbac9a7bc8e103:segment:003,3,6049.0,5978,activities/067_260425073220.csv,1,1,0,0
fit:e47555f16f02711dc446d8bfb5ee6625d9c15688be7bc41a38dbac9a7bc8e103,2026-04-25T07:13:11+00:00,1403,329,171,75,3.457,493.4,15,fit:e47555f16f02711dc446d8bfb5ee6625d9c15688be7bc41a38dbac9a7bc8e103:segment:003,3,6050.0,5979,activities/067_260425073220.csv,1,1,0,0
fit:e47555f16f02711dc446d8bfb5ee6625d9c15688be7bc41a38dbac9a7bc8e103,2026-04-25T07:13:12+00:00,1404,294,172,75,3.532,494.4,15,fit:e47555f16f02711dc446d8bfb5ee6625d9c15688be7bc41a38dbac9a7bc8e103:segment:003,3,6051.0,5980,activities/067_260425073220.csv,1,1,0,0
fit:e47555f16f02711dc446d8bfb5ee6625d9c15688be7bc41a38dbac9a7bc8e103,2026-04-25T07:13:13+00:00,1405,295,172,77,3.665,494.6,15,fit:e47555f16f02711dc446d8bfb5ee6625d9c15688be7bc41a38dbac9a7bc8e103:segment:003,3,6052.0,5981,activities/067_260425073220.csv,1,1,0,0
fit:e47555f16f02711dc446d8bfb5ee6625d9c15688be7bc41a38dbac9a7bc8e103,2026-04-25T07:13:14+00:00,1406,254,172,77,3.798,494.79999999999995,15,fit:e47555f16f02711dc446d8bfb5ee6625d9c15688be7bc41a38dbac9a7bc8e103:segment:003,3,6053.0,5982,activities/067_260425073220.csv,1,1,0,0
fit:e47555f16f02711dc446d8bfb5ee6625d9c15688be7bc41a38dbac9a7bc8e103,2026-04-25T07:13:15+00:00,1407,286,171,79,3.763,495.20000000000005,15,fit:e47555f16f02711dc446d8bfb5ee6625d9c15688be7bc41a38dbac9a7bc8e103:segment:003,3,6054.0,5983,activities/067_260425073220.csv,1,1,0,0
fit:e47555f16f02711dc446d8bfb5ee6625d9c15688be7bc41a38dbac9a7bc8e103,2026-04-25T07:13:16+00:00,1408,257,171,80,3.848,496.0,15,fit:e47555f16f02711dc446d8bfb5ee6625d9c15688be7bc41a38dbac9a7bc8e103:segment:003,3,6055.0,5984,activities/067_260425073220.csv,1,1,0,0
fit:e47555f16f02711dc446d8bfb5ee6625d9c15688be7bc41a38dbac9a7bc8e103,2026-04-25T07:13:17+00:00,1409,281,171,81,3.977,496.0,15,fit:e47555f16f02711dc446d8bfb5ee6625d9c15688be7bc41a38dbac9a7bc8e103:segment:003,3,6056.0,5985,activities/067_260425073220.csv,1,1,0,0
fit:e47555f16f02711dc446d8bfb5ee6625d9c15688be7bc41a38dbac9a7bc8e103,2026-04-25T07:13:18+00:00,1410,308,171,83,4.062,496.0,15,fit:e47555f16f02711dc446d8bfb5ee6625d9c15688be7bc41a38dbac9a7bc8e103:segment:003,3,6057.0,5986,activities/067_260425073220.csv,1,1,0,0
fit:e47555f16f02711dc446d8bfb5ee6625d9c15688be7bc41a38dbac9a7bc8e103,2026-04-25T07:13:19+00:00,1411,299,171,85,3.984,496.0,15,fit:e47555f16f02711dc446d8bfb5ee6625d9c15688be7bc41a38dbac9a7bc8e103:segment:003,3,6058.0,5987,activities/067_260425073220.csv,1,1,0,0
fit:e47555f16f02711dc446d8bfb5ee6625d9c15688be7bc41a38dbac9a7bc8e103,2026-04-25T07:13:20+00:00,1412,299,171,86,4.333,496.0,15,fit:e47555f16f02711dc446d8bfb5ee6625d9c15688be7bc41a38dbac9a7bc8e103:segment:003,3,6059.0,5988,activities/067_260425073220.csv,1,1,0,0
fit:e47555f16f02711dc446d8bfb5ee6625d9c15688be7bc41a38dbac9a7bc8e103,2026-04-25T07:13:21+00:00,1413,288,170,86,4.254,496.0,15,fit:e47555f16f02711dc446d8bfb5ee6625d9c15688be7bc41a38dbac9a7bc8e103:segment:003,3,6060.0,5989,activities/067_260425073220.csv,1,1,0,0
fit:e47555f16f02711dc446d8bfb5ee6625d9c15688be7bc41a38dbac9a7bc8e103,2026-04-25T07:13:22+00:00,1414,326,170,84,4.409,496.0,15,fit:e47555f16f02711dc446d8bfb5ee6625d9c15688be7bc41a38dbac9a7bc8e103:segment:003,3,6061.0,5990,activities/067_260425073220.csv,1,1,0,0
fit:e47555f16f02711dc446d8bfb5ee6625d9c15688be7bc41a38dbac9a7bc8e103,2026-04-25T07:13:23+00:00,1415,212,170,83,4.382,496.79999999999995,15,fit:e47555f16f02711dc446d8bfb5ee6625d9c15688be7bc41a38dbac9a7bc8e103:segment:003,3,6062.0,5991,activities/067_260425073220.csv,1,1,0,0
fit:e47555f16f02711dc446d8bfb5ee6625d9c15688be7bc41a38dbac9a7bc8e103,2026-04-25T07:13:24+00:00,1416,331,170,74,4.255,497.6,15,fit:e47555f16f02711dc446d8bfb5ee6625d9c15688be7bc41a38dbac9a7bc8e103:segment:003,3,6063.0,5992,activities/067_260425073220.csv,1,1,0,0
fit:e47555f16f02711dc446d8bfb5ee6625d9c15688be7bc41a38dbac9a7bc8e103,2026-04-25T07:13:25+00:00,1417,351,170,74,4.406,498.6,15,fit:e47555f16f02711dc446d8bfb5ee6625d9c15688be7bc41a38dbac9a7bc8e103:segment:003,3,6064.0,5993,activities/067_260425073220.csv,1,1,0,0
fit:e47555f16f02711dc446d8bfb5ee6625d9c15688be7bc41a38dbac9a7bc8e103,2026-04-25T07:13:26+00:00,1418,327,170,73,4.24,498.6,15,fit:e47555f16f02711dc446d8bfb5ee6625d9c15688be7bc41a38dbac9a7bc8e103:segment:003,3,6065.0,5994,activities/067_260425073220.csv,1,1,0,0
fit:e47555f16f02711dc446d8bfb5ee6625d9c15688be7bc41a38dbac9a7bc8e103,2026-04-25T07:13:27+00:00,1419,327,170,72,4.227,498.6,15,fit:e47555f16f02711dc446d8bfb5ee6625d9c15688be7bc41a38dbac9a7bc8e103:segment:003,3,6066.0,5995,activities/067_260425073220.csv,1,1,0,0
fit:e47555f16f02711dc446d8bfb5ee6625d9c15688be7bc41a38dbac9a7bc8e103,2026-04-25T07:13:28+00:00,1420,327,170,72,4.197,498.6,15,fit:e47555f16f02711dc446d8bfb5ee6625d9c15688be7bc41a38dbac9a7bc8e103:segment:003,3,6067.0,5996,activities/067_260425073220.csv,1,1,0,0
fit:e47555f16f02711dc446d8bfb5ee6625d9c15688be7bc41a38dbac9a7bc8e103,2026-04-25T07:13:29+00:00,1421,323,170,80,4.117,499.6,15,fit:e47555f16f02711dc446d8bfb5ee6625d9c15688be7bc41a38dbac9a7bc8e103:segment:003,3,6068.0,5997,activities/067_260425073220.csv,1,1,0,0
fit:e47555f16f02711dc446d8bfb5ee6625d9c15688be7bc41a38dbac9a7bc8e103,2026-04-25T07:13:30+00:00,1422,315,170,80,4.131,499.6,15,fit:e47555f16f02711dc446d8bfb5ee6625d9c15688be7bc41a38dbac9a7bc8e103:segment:003,3,6069.0,5998,activities/067_260425073220.csv,1,1,0,0
fit:e47555f16f02711dc446d8bfb5ee6625d9c15688be7bc41a38dbac9a7bc8e103,2026-04-25T07:13:31+00:00,1423,315,169,81,4.1,499.6,15,fit:e47555f16f02711dc446d8bfb5ee6625d9c15688be7bc41a38dbac9a7bc8e103:segment:003,3,6070.0,5999,activities/067_260425073220.csv,1,1,0,0
fit:e47555f16f02711dc446d8bfb5ee6625d9c15688be7bc41a38dbac9a7bc8e103,2026-04-25T07:13:32+00:00,1424,289,169,81,4.193,499.6,15,fit:e47555f16f02711dc446d8bfb5ee6625d9c15688be7bc41a38dbac9a7bc8e103:segment:003,3,6071.0,6000,activities/067_260425073220.csv,1,1,0,0
fit:e47555f16f02711dc446d8bfb5ee6625d9c15688be7bc41a38dbac9a7bc8e103,2026-04-25T07:13:33+00:00,1425,289,169,80,4.132,500.6,15,fit:e47555f16f02711dc446d8bfb5ee6625d9c15688be7bc41a38dbac9a7bc8e103:segment:003,3,6072.0,6001,activities/067_260425073220.csv,1,1,0,0
fit:e47555f16f02711dc446d8bfb5ee6625d9c15688be7bc41a38dbac9a7bc8e103,2026-04-25T07:13:34+00:00,1426,310,169,81,3.978,500.6,15,fit:e47555f16f02711dc446d8bfb5ee6625d9c15688be7bc41a38dbac9a7bc8e103:segment:003,3,6073.0,6002,activities/067_260425073220.csv,1,1,0,0
fit:e47555f16f02711dc446d8bfb5ee6625d9c15688be7bc41a38dbac9a7bc8e103,2026-04-25T07:13:35+00:00,1427,299,169,82,3.807,501.4,15,fit:e47555f16f02711dc446d8bfb5ee6625d9c15688be7bc41a38dbac9a7bc8e103:segment:003,3,6074.0,6003,activities/067_260425073220.csv,1,1,0,0
fit:e47555f16f02711dc446d8bfb5ee6625d9c15688be7bc41a38dbac9a7bc8e103,2026-04-25T07:13:36+00:00,1428,309,169,81,4.129,501.4,15,fit:e47555f16f02711dc446d8bfb5ee6625d9c15688be7bc41a38dbac9a7bc8e103:segment:003,3,6075.0,6004,activities/067_260425073220.csv,1,1,0,0
fit:e47555f16f02711dc446d8bfb5ee6625d9c15688be7bc41a38dbac9a7bc8e103,2026-04-25T07:13:37+00:00,1429,309,169,82,4.049,501.4,15,fit:e47555f16f02711dc446d8bfb5ee6625d9c15688be7bc41a38dbac9a7bc8e103:segment:003,3,6076.0,6005,activities/067_260425073220.csv,1,1,0,0
fit:e47555f16f02711dc446d8bfb5ee6625d9c15688be7bc41a38dbac9a7bc8e103,2026-04-25T07:13:38+00:00,1430,301,169,84,4.021,501.4,15,fit:e47555f16f02711dc446d8bfb5ee6625d9c15688be7bc41a38dbac9a7bc8e103:segment:003,3,6077.0,6006,activities/067_260425073220.csv,1,1,0,0
fit:e47555f16f02711dc446d8bfb5ee6625d9c15688be7bc41a38dbac9a7bc8e103,2026-04-25T07:13:39+00:00,1431,277,169,85,4.076,502.4,15,fit:e47555f16f02711dc446d8bfb5ee6625d9c15688be7bc41a38dbac9a7bc8e103:segment:003,3,6078.0,6007,activities/067_260425073220.csv,1,1,0,0
fit:e47555f16f02711dc446d8bfb5ee6625d9c15688be7bc41a38dbac9a7bc8e103,2026-04-25T07:13:40+00:00,1432,337,169,85,4.23,502.4,15,fit:e47555f16f02711dc446d8bfb5ee6625d9c15688be7bc41a38dbac9a7bc8e103:segment:003,3,6079.0,6008,activities/067_260425073220.csv,1,1,0,0
fit:e47555f16f02711dc446d8bfb5ee6625d9c15688be7bc41a38dbac9a7bc8e103,2026-04-25T07:13:41+00:00,1433,278,168,88,4.349,502.4,15,fit:e47555f16f02711dc446d8bfb5ee6625d9c15688be7bc41a38dbac9a7bc8e103:segment:003,3,6080.0,6009,activities/067_260425073220.csv,1,1,0,0
fit:e47555f16f02711dc446d8bfb5ee6625d9c15688be7bc41a38dbac9a7bc8e103,2026-04-25T07:13:42+00:00,1434,263,168,89,4.469,502.4,15,fit:e47555f16f02711dc446d8bfb5ee6625d9c15688be7bc41a38dbac9a7bc8e103:segment:003,3,6081.0,6010,activities/067_260425073220.csv,1,1,0,0
fit:e47555f16f02711dc446d8bfb5ee6625d9c15688be7bc41a38dbac9a7bc8e103,2026-04-25T07:13:43+00:00,1435,263,169,87,4.519,503.0,15,fit:e47555f16f02711dc446d8bfb5ee6625d9c15688be7bc41a38dbac9a7bc8e103:segment:003,3,6082.0,6011,activities/067_260425073220.csv,1,1,0,0
fit:e47555f16f02711dc446d8bfb5ee6625d9c15688be7bc41a38dbac9a7bc8e103,2026-04-25T07:13:44+00:00,1436,275,169,86,4.473,503.6,15,fit:e47555f16f02711dc446d8bfb5ee6625d9c15688be7bc41a38dbac9a7bc8e103:segment:003,3,6083.0,6012,activities/067_260425073220.csv,1,1,0,0
fit:e47555f16f02711dc446d8bfb5ee6625d9c15688be7bc41a38dbac9a7bc8e103,2026-04-25T07:13:45+00:00,1437,110,169,87,4.368,504.0,15,fit:e47555f16f02711dc446d8bfb5ee6625d9c15688be7bc41a38dbac9a7bc8e103:segment:003,3,6084.0,6013,activities/067_260425073220.csv,1,1,0,0
fit:e47555f16f02711dc446d8bfb5ee6625d9c15688be7bc41a38dbac9a7bc8e103,2026-04-25T07:13:46+00:00,1438,367,169,86,4.487,504.20000000000005,15,fit:e47555f16f02711dc446d8bfb5ee6625d9c15688be7bc41a38dbac9a7bc8e103:segment:003,3,6085.0,6014,activities/067_260425073220.csv,1,1,0,0
fit:e47555f16f02711dc446d8bfb5ee6625d9c15688be7bc41a38dbac9a7bc8e103,2026-04-25T07:13:47+00:00,1439,281,168,77,4.577,504.4,15,fit:e47555f16f02711dc446d8bfb5ee6625d9c15688be7bc41a38dbac9a7bc8e103:segment:003,3,6086.0,6015,activities/067_260425073220.csv,1,1,0,0
fit:e47555f16f02711dc446d8bfb5ee6625d9c15688be7bc41a38dbac9a7bc8e103,2026-04-25T07:13:48+00:00,1440,265,168,79,4.657,504.4,15,fit:e47555f16f02711dc446d8bfb5ee6625d9c15688be7bc41a38dbac9a7bc8e103:segment:003,3,6087.0,6016,activities/067_260425073220.csv,1,1,0,0
fit:e47555f16f02711dc446d8bfb5ee6625d9c15688be7bc41a38dbac9a7bc8e103,2026-04-25T07:13:49+00:00,1441,292,168,79,4.711,504.4,15,fit:e47555f16f02711dc446d8bfb5ee6625d9c15688be7bc41a38dbac9a7bc8e103:segment:003,3,6088.0,6017,activities/067_260425073220.csv,1,1,0,0
fit:e47555f16f02711dc446d8bfb5ee6625d9c15688be7bc41a38dbac9a7bc8e103,2026-04-25T07:13:50+00:00,1442,274,169,79,4.764,504.4,15,fit:e47555f16f02711dc446d8bfb5ee6625d9c15688be7bc41a38dbac9a7bc8e103:segment:003,3,6089.0,6018,activities/067_260425073220.csv,1,1,0,0
fit:e47555f16f02711dc446d8bfb5ee6625d9c15688be7bc41a38dbac9a7bc8e103,2026-04-25T07:13:51+00:00,1443,295,169,79,4.82,504.4,15,fit:e47555f16f02711dc446d8bfb5ee6625d9c15688be7bc41a38dbac9a7bc8e103:segment:003,3,6090.0,6019,activities/067_260425073220.csv,1,1,0,0
fit:e47555f16f02711dc446d8bfb5ee6625d9c15688be7bc41a38dbac9a7bc8e103,2026-04-25T07:13:52+00:00,1444,288,168,79,4.525,505.0,15,fit:e47555f16f02711dc446d8bfb5ee6625d9c15688be7bc41a38dbac9a7bc8e103:segment:003,3,6091.0,6020,activities/067_260425073220.csv,1,1,0,0
fit:e47555f16f02711dc446d8bfb5ee6625d9c15688be7bc41a38dbac9a7bc8e103,2026-04-25T07:13:53+00:00,1445,271,168,80,4.621,505.0,15,fit:e47555f16f02711dc446d8bfb5ee6625d9c15688be7bc41a38dbac9a7bc8e103:segment:003,3,6092.0,6021,activities/067_260425073220.csv,1,1,0,0
fit:e47555f16f02711dc446d8bfb5ee6625d9c15688be7bc41a38dbac9a7bc8e103,2026-04-25T07:13:54+00:00,1446,243,168,79,4.651,506.0,15,fit:e47555f16f02711dc446d8bfb5ee6625d9c15688be7bc41a38dbac9a7bc8e103:segment:003,3,6093.0,6022,activities/067_260425073220.csv,1,1,0,0
fit:e47555f16f02711dc446d8bfb5ee6625d9c15688be7bc41a38dbac9a7bc8e103,2026-04-25T07:13:55+00:00,1447,257,168,78,4.639,507.0,15,fit:e47555f16f02711dc446d8bfb5ee6625d9c15688be7bc41a38dbac9a7bc8e103:segment:003,3,6094.0,6023,activities/067_260425073220.csv,1,1,0,0
fit:e47555f16f02711dc446d8bfb5ee6625d9c15688be7bc41a38dbac9a7bc8e103,2026-04-25T07:13:56+00:00,1448,248,168,78,4.499,507.0,15,fit:e47555f16f02711dc446d8bfb5ee6625d9c15688be7bc41a38dbac9a7bc8e103:segment:003,3,6095.0,6024,activities/067_260425073220.csv,1,1,0,0
fit:e47555f16f02711dc446d8bfb5ee6625d9c15688be7bc41a38dbac9a7bc8e103,2026-04-25T07:13:57+00:00,1449,335,168,79,4.541,507.0,15,fit:e47555f16f02711dc446d8bfb5ee6625d9c15688be7bc41a38dbac9a7bc8e103:segment:003,3,6096.0,6025,activities/067_260425073220.csv,1,1,0,0
fit:e47555f16f02711dc446d8bfb5ee6625d9c15688be7bc41a38dbac9a7bc8e103,2026-04-25T07:13:58+00:00,1450,335,168,80,4.558,507.0,15,fit:e47555f16f02711dc446d8bfb5ee6625d9c15688be7bc41a38dbac9a7bc8e103:segment:003,3,6097.0,6026,activities/067_260425073220.csv,1,1,0,0
fit:e47555f16f02711dc446d8bfb5ee6625d9c15688be7bc41a38dbac9a7bc8e103,2026-04-25T07:13:59+00:00,1451,326,168,81,4.579,507.0,15,fit:e47555f16f02711dc446d8bfb5ee6625d9c15688be7bc41a38dbac9a7bc8e103:segment:003,3,6098.0,6027,activities/067_260425073220.csv,1,1,0,0
fit:e47555f16f02711dc446d8bfb5ee6625d9c15688be7bc41a38dbac9a7bc8e103,2026-04-25T07:14:00+00:00,1452,286,168,81,4.604,507.20000000000005,15,fit:e47555f16f02711dc446d8bfb5ee6625d9c15688be7bc41a38dbac9a7bc8e103:segment:003,3,6099.0,6028,activities/067_260425073220.csv,1,1,0,0
fit:e47555f16f02711dc446d8bfb5ee6625d9c15688be7bc41a38dbac9a7bc8e103,2026-04-25T07:14:01+00:00,1453,311,168,81,4.57,507.79999999999995,15,fit:e47555f16f02711dc446d8bfb5ee6625d9c15688be7bc41a38dbac9a7bc8e103:segment:003,3,6100.0,6029,activities/067_260425073220.csv,1,1,0,0
fit:e47555f16f02711dc446d8bfb5ee6625d9c15688be7bc41a38dbac9a7bc8e103,2026-04-25T07:14:02+00:00,1454,312,168,80,4.574,508.6,15,fit:e47555f16f02711dc446d8bfb5ee6625d9c15688be7bc41a38dbac9a7bc8e103:segment:003,3,6101.0,6030,activities/067_260425073220.csv,1,1,0,0
fit:e47555f16f02711dc446d8bfb5ee6625d9c15688be7bc41a38dbac9a7bc8e103,2026-04-25T07:14:03+00:00,1455,301,168,81,4.647,508.6,15,fit:e47555f16f02711dc446d8bfb5ee6625d9c15688be7bc41a38dbac9a7bc8e103:segment:003,3,6102.0,6031,activities/067_260425073220.csv,1,1,0,0
fit:e47555f16f02711dc446d8bfb5ee6625d9c15688be7bc41a38dbac9a7bc8e103,2026-04-25T07:14:04+00:00,1456,292,168,81,4.658,508.6,15,fit:e47555f16f02711dc446d8bfb5ee6625d9c15688be7bc41a38dbac9a7bc8e103:segment:003,3,6103.0,6032,activities/067_260425073220.csv,1,1,0,0
fit:e47555f16f02711dc446d8bfb5ee6625d9c15688be7bc41a38dbac9a7bc8e103,2026-04-25T07:14:05+00:00,1457,260,168,82,4.84,508.6,15,fit:e47555f16f02711dc446d8bfb5ee6625d9c15688be7bc41a38dbac9a7bc8e103:segment:003,3,6104.0,6033,activities/067_260425073220.csv,1,1,0,0
fit:e47555f16f02711dc446d8bfb5ee6625d9c15688be7bc41a38dbac9a7bc8e103,2026-04-25T07:14:06+00:00,1458,288,168,82,4.875,509.4,15,fit:e47555f16f02711dc446d8bfb5ee6625d9c15688be7bc41a38dbac9a7bc8e103:segment:003,3,6105.0,6034,activities/067_260425073220.csv,1,1,0,0
fit:e47555f16f02711dc446d8bfb5ee6625d9c15688be7bc41a38dbac9a7bc8e103,2026-04-25T07:14:07+00:00,1459,289,168,82,4.921,509.4,15,fit:e47555f16f02711dc446d8bfb5ee6625d9c15688be7bc41a38dbac9a7bc8e103:segment:003,3,6106.0,6035,activities/067_260425073220.csv,1,1,0,0
fit:e47555f16f02711dc446d8bfb5ee6625d9c15688be7bc41a38dbac9a7bc8e103,2026-04-25T07:14:08+00:00,1460,259,168,82,4.745,509.4,15,fit:e47555f16f02711dc446d8bfb5ee6625d9c15688be7bc41a38dbac9a7bc8e103:segment:003,3,6107.0,6036,activities/067_260425073220.csv,1,1,0,0
fit:e47555f16f02711dc446d8bfb5ee6625d9c15688be7bc41a38dbac9a7bc8e103,2026-04-25T07:14:09+00:00,1461,288,168,82,4.61,509.4,15,fit:e47555f16f02711dc446d8bfb5ee6625d9c15688be7bc41a38dbac9a7bc8e103:segment:003,3,6108.0,6037,activities/067_260425073220.csv,1,1,0,0
fit:e47555f16f02711dc446d8bfb5ee6625d9c15688be7bc41a38dbac9a7bc8e103,2026-04-25T07:14:10+00:00,1462,291,168,80,4.627,509.4,15,fit:e47555f16f02711dc446d8bfb5ee6625d9c15688be7bc41a38dbac9a7bc8e103:segment:003,3,6109.0,6038,activities/067_260425073220.csv,1,1,0,0
fit:e47555f16f02711dc446d8bfb5ee6625d9c15688be7bc41a38dbac9a7bc8e103,2026-04-25T07:14:11+00:00,1463,286,168,80,4.639,509.4,15,fit:e47555f16f02711dc446d8bfb5ee6625d9c15688be7bc41a38dbac9a7bc8e103:segment:003,3,6110.0,6039,activities/067_260425073220.csv,1,1,0,0
fit:e47555f16f02711dc446d8bfb5ee6625d9c15688be7bc41a38dbac9a7bc8e103,2026-04-25T07:14:12+00:00,1464,286,168,79,4.537,509.4,15,fit:e47555f16f02711dc446d8bfb5ee6625d9c15688be7bc41a38dbac9a7bc8e103:segment:003,3,6111.0,6040,activities/067_260425073220.csv,1,1,0,0
fit:e47555f16f02711dc446d8bfb5ee6625d9c15688be7bc41a38dbac9a7bc8e103,2026-04-25T07:14:13+00:00,1465,324,168,81,4.587,510.4,15,fit:e47555f16f02711dc446d8bfb5ee6625d9c15688be7bc41a38dbac9a7bc8e103:segment:003,3,6112.0,6041,activities/067_260425073220.csv,1,1,0,0
fit:e47555f16f02711dc446d8bfb5ee6625d9c15688be7bc41a38dbac9a7bc8e103,2026-04-25T07:14:14+00:00,1466,354,168,85,4.743,511.4,15,fit:e47555f16f02711dc446d8bfb5ee6625d9c15688be7bc41a38dbac9a7bc8e103:segment:003,3,6113.0,6042,activities/067_260425073220.csv,1,1,0,0
fit:e47555f16f02711dc446d8bfb5ee6625d9c15688be7bc41a38dbac9a7bc8e103,2026-04-25T07:14:15+00:00,1467,210,168,88,4.798,512.4,15,fit:e47555f16f02711dc446d8bfb5ee6625d9c15688be7bc41a38dbac9a7bc8e103:segment:003,3,6114.0,6043,activities/067_260425073220.csv,1,1,0,0
fit:e47555f16f02711dc446d8bfb5ee6625d9c15688be7bc41a38dbac9a7bc8e103,2026-04-25T07:14:16+00:00,1468,211,168,87,4.846,512.4,15,fit:e47555f16f02711dc446d8bfb5ee6625d9c15688be7bc41a38dbac9a7bc8e103:segment:003,3,6115.0,6044,activities/067_260425073220.csv,1,1,0,0
fit:e47555f16f02711dc446d8bfb5ee6625d9c15688be7bc41a38dbac9a7bc8e103,2026-04-25T07:14:17+00:00,1469,232,168,84,4.92,512.4,15,fit:e47555f16f02711dc446d8bfb5ee6625d9c15688be7bc41a38dbac9a7bc8e103:segment:003,3,6116.0,6045,activities/067_260425073220.csv,1,1,0,0
fit:e47555f16f02711dc446d8bfb5ee6625d9c15688be7bc41a38dbac9a7bc8e103,2026-04-25T07:14:18+00:00,1470,224,168,83,4.91,512.4,15,fit:e47555f16f02711dc446d8bfb5ee6625d9c15688be7bc41a38dbac9a7bc8e103:segment:003,3,6117.0,6046,activities/067_260425073220.csv,1,1,0,0
fit:e47555f16f02711dc446d8bfb5ee6625d9c15688be7bc41a38dbac9a7bc8e103,2026-04-25T07:14:19+00:00,1471,254,167,81,4.752,512.4,15,fit:e47555f16f02711dc446d8bfb5ee6625d9c15688be7bc41a38dbac9a7bc8e103:segment:003,3,6118.0,6047,activities/067_260425073220.csv,1,1,0,0
fit:e47555f16f02711dc446d8bfb5ee6625d9c15688be7bc41a38dbac9a7bc8e103,2026-04-25T07:14:20+00:00,1472,327,167,79,4.669,512.4,15,fit:e47555f16f02711dc446d8bfb5ee6625d9c15688be7bc41a38dbac9a7bc8e103:segment:003,3,6119.0,6048,activities/067_260425073220.csv,1,1,0,0
fit:e47555f16f02711dc446d8bfb5ee6625d9c15688be7bc41a38dbac9a7bc8e103,2026-04-25T07:14:21+00:00,1473,315,167,78,4.607,512.4,15,fit:e47555f16f02711dc446d8bfb5ee6625d9c15688be7bc41a38dbac9a7bc8e103:segment:003,3,6120.0,6049,activities/067_260425073220.csv,1,1,0,0
fit:e47555f16f02711dc446d8bfb5ee6625d9c15688be7bc41a38dbac9a7bc8e103,2026-04-25T07:14:22+00:00,1474,185,168,88,4.623,512.4,15,fit:e47555f16f02711dc446d8bfb5ee6625d9c15688be7bc41a38dbac9a7bc8e103:segment:003,3,6121.0,6050,activities/067_260425073220.csv,1,1,0,0
fit:e47555f16f02711dc446d8bfb5ee6625d9c15688be7bc41a38dbac9a7bc8e103,2026-04-25T07:14:23+00:00,1475,340,167,88,4.561,513.4,15,fit:e47555f16f02711dc446d8bfb5ee6625d9c15688be7bc41a38dbac9a7bc8e103:segment:003,3,6122.0,6051,activities/067_260425073220.csv,1,1,0,0
fit:e47555f16f02711dc446d8bfb5ee6625d9c15688be7bc41a38dbac9a7bc8e103,2026-04-25T07:14:24+00:00,1476,291,167,87,4.487,514.4,15,fit:e47555f16f02711dc446d8bfb5ee6625d9c15688be7bc41a38dbac9a7bc8e103:segment:003,3,6123.0,6052,activities/067_260425073220.csv,1,1,0,0
fit:e47555f16f02711dc446d8bfb5ee6625d9c15688be7bc41a38dbac9a7bc8e103,2026-04-25T07:14:25+00:00,1477,311,167,86,4.38,515.4,15,fit:e47555f16f02711dc446d8bfb5ee6625d9c15688be7bc41a38dbac9a7bc8e103:segment:003,3,6124.0,6053,activities/067_260425073220.csv,1,1,0,0
fit:e47555f16f02711dc446d8bfb5ee6625d9c15688be7bc41a38dbac9a7bc8e103,2026-04-25T07:14:26+00:00,1478,309,167,85,4.191,515.6,15,fit:e47555f16f02711dc446d8bfb5ee6625d9c15688be7bc41a38dbac9a7bc8e103:segment:003,3,6125.0,6054,activities/067_260425073220.csv,1,1,0,0
fit:e47555f16f02711dc446d8bfb5ee6625d9c15688be7bc41a38dbac9a7bc8e103,2026-04-25T07:14:27+00:00,1479,292,167,84,4.064,515.6,15,fit:e47555f16f02711dc446d8bfb5ee6625d9c15688be7bc41a38dbac9a7bc8e103:segment:003,3,6126.0,6055,activities/067_260425073220.csv,1,1,0,0
fit:e47555f16f02711dc446d8bfb5ee6625d9c15688be7bc41a38dbac9a7bc8e103,2026-04-25T07:14:28+00:00,1480,293,167,84,3.967,515.6,15,fit:e47555f16f02711dc446d8bfb5ee6625d9c15688be7bc41a38dbac9a7bc8e103:segment:003,3,6127.0,6056,activities/067_260425073220.csv,1,1,0,0
fit:e47555f16f02711dc446d8bfb5ee6625d9c15688be7bc41a38dbac9a7bc8e103,2026-04-25T07:14:29+00:00,1481,345,166,84,3.931,515.6,15,fit:e47555f16f02711dc446d8bfb5ee6625d9c15688be7bc41a38dbac9a7bc8e103:segment:003,3,6128.0,6057,activities/067_260425073220.csv,1,1,0,0
fit:e47555f16f02711dc446d8bfb5ee6625d9c15688be7bc41a38dbac9a7bc8e103,2026-04-25T07:14:30+00:00,1482,325,166,86,4.281,516.0,15,fit:e47555f16f02711dc446d8bfb5ee6625d9c15688be7bc41a38dbac9a7bc8e103:segment:003,3,6129.0,6058,activities/067_260425073220.csv,1,1,0,0
fit:e47555f16f02711dc446d8bfb5ee6625d9c15688be7bc41a38dbac9a7bc8e103,2026-04-25T07:14:31+00:00,1483,321,166,86,4.397,516.6,15,fit:e47555f16f02711dc446d8bfb5ee6625d9c15688be7bc41a38dbac9a7bc8e103:segment:003,3,6130.0,6059,activities/067_260425073220.csv,1,1,0,0
fit:e47555f16f02711dc446d8bfb5ee6625d9c15688be7bc41a38dbac9a7bc8e103,2026-04-25T07:14:32+00:00,1484,294,166,85,4.454,517.2,15,fit:e47555f16f02711dc446d8bfb5ee6625d9c15688be7bc41a38dbac9a7bc8e103:segment:003,3,6131.0,6060,activities/067_260425073220.csv,1,1,0,0
fit:e47555f16f02711dc446d8bfb5ee6625d9c15688be7bc41a38dbac9a7bc8e103,2026-04-25T07:14:33+00:00,1485,282,166,85,4.465,517.8,15,fit:e47555f16f02711dc446d8bfb5ee6625d9c15688be7bc41a38dbac9a7bc8e103:segment:003,3,6132.0,6061,activities/067_260425073220.csv,1,1,0,0
fit:e47555f16f02711dc446d8bfb5ee6625d9c15688be7bc41a38dbac9a7bc8e103,2026-04-25T07:14:34+00:00,1486,308,166,85,4.333,517.8,15,fit:e47555f16f02711dc446d8bfb5ee6625d9c15688be7bc41a38dbac9a7bc8e103:segment:003,3,6133.0,6062,activities/067_260425073220.csv,1,1,0,0
fit:e47555f16f02711dc446d8bfb5ee6625d9c15688be7bc41a38dbac9a7bc8e103,2026-04-25T07:14:35+00:00,1487,317,166,84,4.273,517.8,15,fit:e47555f16f02711dc446d8bfb5ee6625d9c15688be7bc41a38dbac9a7bc8e103:segment:003,3,6134.0,6063,activities/067_260425073220.csv,1,1,0,0
fit:e47555f16f02711dc446d8bfb5ee6625d9c15688be7bc41a38dbac9a7bc8e103,2026-04-25T07:14:36+00:00,1488,317,166,85,4.331,517.8,15,fit:e47555f16f02711dc446d8bfb5ee6625d9c15688be7bc41a38dbac9a7bc8e103:segment:003,3,6135.0,6064,activities/067_260425073220.csv,1,1,0,0
fit:e47555f16f02711dc446d8bfb5ee6625d9c15688be7bc41a38dbac9a7bc8e103,2026-04-25T07:14:37+00:00,1489,315,166,85,4.305,517.8,15,fit:e47555f16f02711dc446d8bfb5ee6625d9c15688be7bc41a38dbac9a7bc8e103:segment:003,3,6136.0,6065,activities/067_260425073220.csv,1,1,0,0
fit:e47555f16f02711dc446d8bfb5ee6625d9c15688be7bc41a38dbac9a7bc8e103,2026-04-25T07:14:38+00:00,1490,315,166,84,4.387,518.4,15,fit:e47555f16f02711dc446d8bfb5ee6625d9c15688be7bc41a38dbac9a7bc8e103:segment:003,3,6137.0,6066,activities/067_260425073220.csv,1,1,0,0
fit:e47555f16f02711dc446d8bfb5ee6625d9c15688be7bc41a38dbac9a7bc8e103,2026-04-25T07:14:39+00:00,1491,291,167,84,4.446,518.8,15,fit:e47555f16f02711dc446d8bfb5ee6625d9c15688be7bc41a38dbac9a7bc8e103:segment:003,3,6138.0,6067,activities/067_260425073220.csv,1,1,0,0
fit:e47555f16f02711dc446d8bfb5ee6625d9c15688be7bc41a38dbac9a7bc8e103,2026-04-25T07:14:40+00:00,1492,327,167,84,4.307,519.0,15,fit:e47555f16f02711dc446d8bfb5ee6625d9c15688be7bc41a38dbac9a7bc8e103:segment:003,3,6139.0,6068,activities/067_260425073220.csv,1,1,0,0
fit:e47555f16f02711dc446d8bfb5ee6625d9c15688be7bc41a38dbac9a7bc8e103,2026-04-25T07:14:41+00:00,1493,319,167,84,4.252,519.6,15,fit:e47555f16f02711dc446d8bfb5ee6625d9c15688be7bc41a38dbac9a7bc8e103:segment:003,3,6140.0,6069,activities/067_260425073220.csv,1,1,0,0
fit:e47555f16f02711dc446d8bfb5ee6625d9c15688be7bc41a38dbac9a7bc8e103,2026-04-25T07:14:42+00:00,1494,314,166,84,4.318,519.6,15,fit:e47555f16f02711dc446d8bfb5ee6625d9c15688be7bc41a38dbac9a7bc8e103:segment:003,3,6141.0,6070,activities/067_260425073220.csv,1,1,0,0
fit:e47555f16f02711dc446d8bfb5ee6625d9c15688be7bc41a38dbac9a7bc8e103,2026-04-25T07:14:43+00:00,1495,302,166,83,4.448,520.2,15,fit:e47555f16f02711dc446d8bfb5ee6625d9c15688be7bc41a38dbac9a7bc8e103:segment:003,3,6142.0,6071,activities/067_260425073220.csv,1,1,0,0
fit:e47555f16f02711dc446d8bfb5ee6625d9c15688be7bc41a38dbac9a7bc8e103,2026-04-25T07:14:44+00:00,1496,319,166,83,4.436,520.8,15,fit:e47555f16f02711dc446d8bfb5ee6625d9c15688be7bc41a38dbac9a7bc8e103:segment:003,3,6143.0,6072,activities/067_260425073220.csv,1,1,0,0
fit:e47555f16f02711dc446d8bfb5ee6625d9c15688be7bc41a38dbac9a7bc8e103,2026-04-25T07:14:45+00:00,1497,315,167,83,4.417,520.8,15,fit:e47555f16f02711dc446d8bfb5ee6625d9c15688be7bc41a38dbac9a7bc8e103:segment:003,3,6144.0,6073,activities/067_260425073220.csv,1,1,0,0
fit:e47555f16f02711dc446d8bfb5ee6625d9c15688be7bc41a38dbac9a7bc8e103,2026-04-25T07:14:46+00:00,1498,302,167,83,4.29,520.8,15,fit:e47555f16f02711dc446d8bfb5ee6625d9c15688be7bc41a38dbac9a7bc8e103:segment:003,3,6145.0,6074,activities/067_260425073220.csv,1,1,0,0
fit:e47555f16f02711dc446d8bfb5ee6625d9c15688be7bc41a38dbac9a7bc8e103,2026-04-25T07:14:47+00:00,1499,284,167,84,4.264,520.8,15,fit:e47555f16f02711dc446d8bfb5ee6625d9c15688be7bc41a38dbac9a7bc8e103:segment:003,3,6146.0,6075,activities/067_260425073220.csv,1,1,0,0
fit:e47555f16f02711dc446d8bfb5ee6625d9c15688be7bc41a38dbac9a7bc8e103,2026-04-25T07:14:48+00:00,1500,296,167,84,4.342,520.8,15,fit:e47555f16f02711dc446d8bfb5ee6625d9c15688be7bc41a38dbac9a7bc8e103:segment:003,3,6147.0,6076,activities/067_260425073220.csv,1,1,0,0
fit:e47555f16f02711dc446d8bfb5ee6625d9c15688be7bc41a38dbac9a7bc8e103,2026-04-25T07:14:49+00:00,1501,309,167,84,4.354,521.8,15,fit:e47555f16f02711dc446d8bfb5ee6625d9c15688be7bc41a38dbac9a7bc8e103:segment:003,3,6148.0,6077,activities/067_260425073220.csv,1,1,0,0
fit:e47555f16f02711dc446d8bfb5ee6625d9c15688be7bc41a38dbac9a7bc8e103,2026-04-25T07:14:50+00:00,1502,309,168,83,4.321,522.8,15,fit:e47555f16f02711dc446d8bfb5ee6625d9c15688be7bc41a38dbac9a7bc8e103:segment:003,3,6149.0,6078,activities/067_260425073220.csv,1,1,0,0
fit:e47555f16f02711dc446d8bfb5ee6625d9c15688be7bc41a38dbac9a7bc8e103,2026-04-25T07:14:51+00:00,1503,307,168,84,4.32,522.8,15,fit:e47555f16f02711dc446d8bfb5ee6625d9c15688be7bc41a38dbac9a7bc8e103:segment:003,3,6150.0,6079,activities/067_260425073220.csv,1,1,0,0
fit:e47555f16f02711dc446d8bfb5ee6625d9c15688be7bc41a38dbac9a7bc8e103,2026-04-25T07:14:52+00:00,1504,307,168,84,4.385,522.8,15,fit:e47555f16f02711dc446d8bfb5ee6625d9c15688be7bc41a38dbac9a7bc8e103:segment:003,3,6151.0,6080,activities/067_260425073220.csv,1,1,0,0
fit:e47555f16f02711dc446d8bfb5ee6625d9c15688be7bc41a38dbac9a7bc8e103,2026-04-25T07:14:53+00:00,1505,307,168,84,4.424,522.8,15,fit:e47555f16f02711dc446d8bfb5ee6625d9c15688be7bc41a38dbac9a7bc8e103:segment:003,3,6152.0,6081,activities/067_260425073220.csv,1,1,0,0
fit:e47555f16f02711dc446d8bfb5ee6625d9c15688be7bc41a38dbac9a7bc8e103,2026-04-25T07:14:54+00:00,1506,325,168,83,4.294,522.8,15,fit:e47555f16f02711dc446d8bfb5ee6625d9c15688be7bc41a38dbac9a7bc8e103:segment:003,3,6153.0,6082,activities/067_260425073220.csv,1,1,0,0
fit:e47555f16f02711dc446d8bfb5ee6625d9c15688be7bc41a38dbac9a7bc8e103,2026-04-25T07:14:55+00:00,1507,318,169,82,4.353,522.8,15,fit:e47555f16f02711dc446d8bfb5ee6625d9c15688be7bc41a38dbac9a7bc8e103:segment:003,3,6154.0,6083,activities/067_260425073220.csv,1,1,0,0
fit:e47555f16f02711dc446d8bfb5ee6625d9c15688be7bc41a38dbac9a7bc8e103,2026-04-25T07:14:56+00:00,1508,299,169,82,4.257,523.8,15,fit:e47555f16f02711dc446d8bfb5ee6625d9c15688be7bc41a38dbac9a7bc8e103:segment:003,3,6155.0,6084,activities/067_260425073220.csv,1,1,0,0
fit:e47555f16f02711dc446d8bfb5ee6625d9c15688be7bc41a38dbac9a7bc8e103,2026-04-25T07:14:57+00:00,1509,308,169,81,4.399,524.5999999999999,15,fit:e47555f16f02711dc446d8bfb5ee6625d9c15688be7bc41a38dbac9a7bc8e103:segment:003,3,6156.0,6085,activities/067_260425073220.csv,1,1,0,0
fit:e47555f16f02711dc446d8bfb5ee6625d9c15688be7bc41a38dbac9a7bc8e103,2026-04-25T07:14:58+00:00,1510,319,169,80,4.413,524.8,15,fit:e47555f16f02711dc446d8bfb5ee6625d9c15688be7bc41a38dbac9a7bc8e103:segment:003,3,6157.0,6086,activities/067_260425073220.csv,1,1,0,0
fit:e47555f16f02711dc446d8bfb5ee6625d9c15688be7bc41a38dbac9a7bc8e103,2026-04-25T07:14:59+00:00,1511,315,170,80,4.305,525.8,15,fit:e47555f16f02711dc446d8bfb5ee6625d9c15688be7bc41a38dbac9a7bc8e103:segment:003,3,6158.0,6087,activities/067_260425073220.csv,1,1,0,0
fit:e47555f16f02711dc446d8bfb5ee6625d9c15688be7bc41a38dbac9a7bc8e103,2026-04-25T07:15:00+00:00,1512,323,170,80,4.196,526.2,15,fit:e47555f16f02711dc446d8bfb5ee6625d9c15688be7bc41a38dbac9a7bc8e103:segment:003,3,6159.0,6088,activities/067_260425073220.csv,1,1,0,0
fit:e47555f16f02711dc446d8bfb5ee6625d9c15688be7bc41a38dbac9a7bc8e103,2026-04-25T07:15:01+00:00,1513,310,170,79,4.18,526.2,15,fit:e47555f16f02711dc446d8bfb5ee6625d9c15688be7bc41a38dbac9a7bc8e103:segment:003,3,6160.0,6089,activities/067_260425073220.csv,1,1,0,0
fit:e47555f16f02711dc446d8bfb5ee6625d9c15688be7bc41a38dbac9a7bc8e103,2026-04-25T07:15:02+00:00,1514,308,170,79,4.162,526.2,15,fit:e47555f16f02711dc446d8bfb5ee6625d9c15688be7bc41a38dbac9a7bc8e103:segment:003,3,6161.0,6090,activities/067_260425073220.csv,1,1,0,0
fit:e47555f16f02711dc446d8bfb5ee6625d9c15688be7bc41a38dbac9a7bc8e103,2026-04-25T07:15:03+00:00,1515,283,170,79,4.168,526.2,15,fit:e47555f16f02711dc446d8bfb5ee6625d9c15688be7bc41a38dbac9a7bc8e103:segment:003,3,6162.0,6091,activities/067_260425073220.csv,1,1,0,0
fit:e47555f16f02711dc446d8bfb5ee6625d9c15688be7bc41a38dbac9a7bc8e103,2026-04-25T07:15:04+00:00,1516,316,170,79,4.002,525.8,15,fit:e47555f16f02711dc446d8bfb5ee6625d9c15688be7bc41a38dbac9a7bc8e103:segment:003,3,6163.0,6092,activities/067_260425073220.csv,1,1,0,0
fit:e47555f16f02711dc446d8bfb5ee6625d9c15688be7bc41a38dbac9a7bc8e103,2026-04-25T07:15:05+00:00,1517,299,170,80,4.015,525.8,15,fit:e47555f16f02711dc446d8bfb5ee6625d9c15688be7bc41a38dbac9a7bc8e103:segment:003,3,6164.0,6093,activities/067_260425073220.csv,1,1,0,0
fit:e47555f16f02711dc446d8bfb5ee6625d9c15688be7bc41a38dbac9a7bc8e103,2026-04-25T07:15:06+00:00,1518,297,170,80,3.802,525.8,14,fit:e47555f16f02711dc446d8bfb5ee6625d9c15688be7bc41a38dbac9a7bc8e103:segment:003,3,6165.0,6094,activities/067_260425073220.csv,1,1,0,0
fit:e47555f16f02711dc446d8bfb5ee6625d9c15688be7bc41a38dbac9a7bc8e103,2026-04-25T07:15:07+00:00,1519,277,169,81,3.922,526.8,14,fit:e47555f16f02711dc446d8bfb5ee6625d9c15688be7bc41a38dbac9a7bc8e103:segment:003,3,6166.0,6095,activities/067_260425073220.csv,1,1,0,0
fit:e47555f16f02711dc446d8bfb5ee6625d9c15688be7bc41a38dbac9a7bc8e103,2026-04-25T07:15:08+00:00,1520,280,170,80,3.925,527.4000000000001,14,fit:e47555f16f02711dc446d8bfb5ee6625d9c15688be7bc41a38dbac9a7bc8e103:segment:003,3,6167.0,6096,activities/067_260425073220.csv,1,1,0,0
fit:e47555f16f02711dc446d8bfb5ee6625d9c15688be7bc41a38dbac9a7bc8e103,2026-04-25T07:15:09+00:00,1521,271,169,79,3.979,528.0,14,fit:e47555f16f02711dc446d8bfb5ee6625d9c15688be7bc41a38dbac9a7bc8e103:segment:003,3,6168.0,6097,activities/067_260425073220.csv,1,1,0,0
fit:e47555f16f02711dc446d8bfb5ee6625d9c15688be7bc41a38dbac9a7bc8e103,2026-04-25T07:15:10+00:00,1522,296,169,78,4.017,528.4000000000001,14,fit:e47555f16f02711dc446d8bfb5ee6625d9c15688be7bc41a38dbac9a7bc8e103:segment:003,3,6169.0,6098,activities/067_260425073220.csv,1,1,0,0
fit:e47555f16f02711dc446d8bfb5ee6625d9c15688be7bc41a38dbac9a7bc8e103,2026-04-25T07:15:11+00:00,1523,301,169,76,3.99,529.0,14,fit:e47555f16f02711dc446d8bfb5ee6625d9c15688be7bc41a38dbac9a7bc8e103:segment:003,3,6170.0,6099,activities/067_260425073220.csv,1,1,0,0
fit:e47555f16f02711dc446d8bfb5ee6625d9c15688be7bc41a38dbac9a7bc8e103,2026-04-25T07:15:12+00:00,1524,283,169,75,3.954,529.2,14,fit:e47555f16f02711dc446d8bfb5ee6625d9c15688be7bc41a38dbac9a7bc8e103:segment:003,3,6171.0,6100,activities/067_260425073220.csv,1,1,0,0
fit:e47555f16f02711dc446d8bfb5ee6625d9c15688be7bc41a38dbac9a7bc8e103,2026-04-25T07:15:13+00:00,1525,283,169,77,4.044,529.5999999999999,14,fit:e47555f16f02711dc446d8bfb5ee6625d9c15688be7bc41a38dbac9a7bc8e103:segment:003,3,6172.0,6101,activities/067_260425073220.csv,1,1,0,0
fit:e47555f16f02711dc446d8bfb5ee6625d9c15688be7bc41a38dbac9a7bc8e103,2026-04-25T07:15:14+00:00,1526,304,169,77,3.937,529.5999999999999,14,fit:e47555f16f02711dc446d8bfb5ee6625d9c15688be7bc41a38dbac9a7bc8e103:segment:003,3,6173.0,6102,activities/067_260425073220.csv,1,1,0,0
fit:e47555f16f02711dc446d8bfb5ee6625d9c15688be7bc41a38dbac9a7bc8e103,2026-04-25T07:15:15+00:00,1527,334,169,78,3.864,529.5999999999999,14,fit:e47555f16f02711dc446d8bfb5ee6625d9c15688be7bc41a38dbac9a7bc8e103:segment:003,3,6174.0,6103,activities/067_260425073220.csv,1,1,0,0
fit:e47555f16f02711dc446d8bfb5ee6625d9c15688be7bc41a38dbac9a7bc8e103,2026-04-25T07:15:16+00:00,1528,335,169,79,3.882,529.5999999999999,14,fit:e47555f16f02711dc446d8bfb5ee6625d9c15688be7bc41a38dbac9a7bc8e103:segment:003,3,6175.0,6104,activities/067_260425073220.csv,1,1,0,0
fit:e47555f16f02711dc446d8bfb5ee6625d9c15688be7bc41a38dbac9a7bc8e103,2026-04-25T07:15:17+00:00,1529,307,169,80,3.926,530.5999999999999,14,fit:e47555f16f02711dc446d8bfb5ee6625d9c15688be7bc41a38dbac9a7bc8e103:segment:003,3,6176.0,6105,activities/067_260425073220.csv,1,1,0,0
fit:e47555f16f02711dc446d8bfb5ee6625d9c15688be7bc41a38dbac9a7bc8e103,2026-04-25T07:15:18+00:00,1530,293,169,80,3.992,530.5999999999999,14,fit:e47555f16f02711dc446d8bfb5ee6625d9c15688be7bc41a38dbac9a7bc8e103:segment:003,3,6177.0,6106,activities/067_260425073220.csv,1,1,0,0
fit:e47555f16f02711dc446d8bfb5ee6625d9c15688be7bc41a38dbac9a7bc8e103,2026-04-25T07:15:19+00:00,1531,300,169,77,3.989,530.5999999999999,14,fit:e47555f16f02711dc446d8bfb5ee6625d9c15688be7bc41a38dbac9a7bc8e103:segment:003,3,6178.0,6107,activities/067_260425073220.csv,1,1,0,0
fit:e47555f16f02711dc446d8bfb5ee6625d9c15688be7bc41a38dbac9a7bc8e103,2026-04-25T07:15:20+00:00,1532,290,169,77,3.734,530.5999999999999,14,fit:e47555f16f02711dc446d8bfb5ee6625d9c15688be7bc41a38dbac9a7bc8e103:segment:003,3,6179.0,6108,activities/067_260425073220.csv,1,1,0,0
fit:e47555f16f02711dc446d8bfb5ee6625d9c15688be7bc41a38dbac9a7bc8e103,2026-04-25T07:15:21+00:00,1533,273,169,76,3.763,531.5999999999999,14,fit:e47555f16f02711dc446d8bfb5ee6625d9c15688be7bc41a38dbac9a7bc8e103:segment:003,3,6180.0,6109,activities/067_260425073220.csv,1,1,0,0
fit:e47555f16f02711dc446d8bfb5ee6625d9c15688be7bc41a38dbac9a7bc8e103,2026-04-25T07:15:22+00:00,1534,292,169,76,3.757,532.0,14,fit:e47555f16f02711dc446d8bfb5ee6625d9c15688be7bc41a38dbac9a7bc8e103:segment:003,3,6181.0,6110,activities/067_260425073220.csv,1,1,0,0
fit:e47555f16f02711dc446d8bfb5ee6625d9c15688be7bc41a38dbac9a7bc8e103,2026-04-25T07:15:23+00:00,1535,288,169,75,3.713,532.5999999999999,14,fit:e47555f16f02711dc446d8bfb5ee6625d9c15688be7bc41a38dbac9a7bc8e103:segment:003,3,6182.0,6111,activities/067_260425073220.csv,1,1,0,0
fit:e47555f16f02711dc446d8bfb5ee6625d9c15688be7bc41a38dbac9a7bc8e103,2026-04-25T07:15:24+00:00,1536,288,170,73,3.67,532.5999999999999,14,fit:e47555f16f02711dc446d8bfb5ee6625d9c15688be7bc41a38dbac9a7bc8e103:segment:003,3,6183.0,6112,activities/067_260425073220.csv,1,1,0,0
fit:e47555f16f02711dc446d8bfb5ee6625d9c15688be7bc41a38dbac9a7bc8e103,2026-04-25T07:15:25+00:00,1537,298,170,72,3.702,532.5999999999999,14,fit:e47555f16f02711dc446d8bfb5ee6625d9c15688be7bc41a38dbac9a7bc8e103:segment:003,3,6184.0,6113,activities/067_260425073220.csv,1,1,0,0
fit:e47555f16f02711dc446d8bfb5ee6625d9c15688be7bc41a38dbac9a7bc8e103,2026-04-25T07:15:26+00:00,1538,297,170,72,3.543,532.5999999999999,14,fit:e47555f16f02711dc446d8bfb5ee6625d9c15688be7bc41a38dbac9a7bc8e103:segment:003,3,6185.0,6114,activities/067_260425073220.csv,1,1,0,0
fit:e47555f16f02711dc446d8bfb5ee6625d9c15688be7bc41a38dbac9a7bc8e103,2026-04-25T07:15:27+00:00,1539,297,170,71,3.618,533.4000000000001,14,fit:e47555f16f02711dc446d8bfb5ee6625d9c15688be7bc41a38dbac9a7bc8e103:segment:003,3,6186.0,6115,activities/067_260425073220.csv,1,1,0,0
fit:e47555f16f02711dc446d8bfb5ee6625d9c15688be7bc41a38dbac9a7bc8e103,2026-04-25T07:15:28+00:00,1540,278,170,72,3.584,534.0,14,fit:e47555f16f02711dc446d8bfb5ee6625d9c15688be7bc41a38dbac9a7bc8e103:segment:003,3,6187.0,6116,activities/067_260425073220.csv,1,1,0,0
fit:e47555f16f02711dc446d8bfb5ee6625d9c15688be7bc41a38dbac9a7bc8e103,2026-04-25T07:15:29+00:00,1541,279,170,73,3.625,534.2,14,fit:e47555f16f02711dc446d8bfb5ee6625d9c15688be7bc41a38dbac9a7bc8e103:segment:003,3,6188.0,6117,activities/067_260425073220.csv,1,1,0,0
fit:e47555f16f02711dc446d8bfb5ee6625d9c15688be7bc41a38dbac9a7bc8e103,2026-04-25T07:15:30+00:00,1542,257,171,74,3.646,534.2,14,fit:e47555f16f02711dc446d8bfb5ee6625d9c15688be7bc41a38dbac9a7bc8e103:segment:003,3,6189.0,6118,activities/067_260425073220.csv,1,1,0,0
fit:e47555f16f02711dc446d8bfb5ee6625d9c15688be7bc41a38dbac9a7bc8e103,2026-04-25T07:15:31+00:00,1543,252,171,77,3.713,535.0,14,fit:e47555f16f02711dc446d8bfb5ee6625d9c15688be7bc41a38dbac9a7bc8e103:segment:003,3,6190.0,6119,activities/067_260425073220.csv,1,1,0,0
fit:e47555f16f02711dc446d8bfb5ee6625d9c15688be7bc41a38dbac9a7bc8e103,2026-04-25T07:15:32+00:00,1544,281,171,78,3.903,535.0,14,fit:e47555f16f02711dc446d8bfb5ee6625d9c15688be7bc41a38dbac9a7bc8e103:segment:003,3,6191.0,6120,activities/067_260425073220.csv,1,1,0,0
fit:e47555f16f02711dc446d8bfb5ee6625d9c15688be7bc41a38dbac9a7bc8e103,2026-04-25T07:15:33+00:00,1545,281,171,78,3.916,535.0,14,fit:e47555f16f02711dc446d8bfb5ee6625d9c15688be7bc41a38dbac9a7bc8e103:segment:003,3,6192.0,6121,activities/067_260425073220.csv,1,1,0,0
fit:e47555f16f02711dc446d8bfb5ee6625d9c15688be7bc41a38dbac9a7bc8e103,2026-04-25T07:15:34+00:00,1546,267,171,79,3.927,535.0,14,fit:e47555f16f02711dc446d8bfb5ee6625d9c15688be7bc41a38dbac9a7bc8e103:segment:003,3,6193.0,6122,activities/067_260425073220.csv,1,1,0,0
fit:e47555f16f02711dc446d8bfb5ee6625d9c15688be7bc41a38dbac9a7bc8e103,2026-04-25T07:15:35+00:00,1547,262,170,78,3.979,536.0,14,fit:e47555f16f02711dc446d8bfb5ee6625d9c15688be7bc41a38dbac9a7bc8e103:segment:003,3,6194.0,6123,activities/067_260425073220.csv,1,1,0,0
fit:e47555f16f02711dc446d8bfb5ee6625d9c15688be7bc41a38dbac9a7bc8e103,2026-04-25T07:15:36+00:00,1548,277,170,77,3.955,536.4000000000001,14,fit:e47555f16f02711dc446d8bfb5ee6625d9c15688be7bc41a38dbac9a7bc8e103:segment:003,3,6195.0,6124,activities/067_260425073220.csv,1,1,0,0
fit:e47555f16f02711dc446d8bfb5ee6625d9c15688be7bc41a38dbac9a7bc8e103,2026-04-25T07:15:37+00:00,1549,292,170,77,3.901,536.5999999999999,14,fit:e47555f16f02711dc446d8bfb5ee6625d9c15688be7bc41a38dbac9a7bc8e103:segment:003,3,6196.0,6125,activities/067_260425073220.csv,1,1,0,0
fit:e47555f16f02711dc446d8bfb5ee6625d9c15688be7bc41a38dbac9a7bc8e103,2026-04-25T07:15:38+00:00,1550,302,170,79,3.898,536.8,14,fit:e47555f16f02711dc446d8bfb5ee6625d9c15688be7bc41a38dbac9a7bc8e103:segment:003,3,6197.0,6126,activities/067_260425073220.csv,1,1,0,0
fit:e47555f16f02711dc446d8bfb5ee6625d9c15688be7bc41a38dbac9a7bc8e103,2026-04-25T07:15:39+00:00,1551,302,170,79,3.73,536.8,14,fit:e47555f16f02711dc446d8bfb5ee6625d9c15688be7bc41a38dbac9a7bc8e103:segment:003,3,6198.0,6127,activities/067_260425073220.csv,1,1,0,0
fit:e47555f16f02711dc446d8bfb5ee6625d9c15688be7bc41a38dbac9a7bc8e103,2026-04-25T07:15:40+00:00,1552,288,170,78,3.752,536.8,14,fit:e47555f16f02711dc446d8bfb5ee6625d9c15688be7bc41a38dbac9a7bc8e103:segment:003,3,6199.0,6128,activities/067_260425073220.csv,1,1,0,0
fit:e47555f16f02711dc446d8bfb5ee6625d9c15688be7bc41a38dbac9a7bc8e103,2026-04-25T07:15:41+00:00,1553,305,170,77,3.863,536.8,14,fit:e47555f16f02711dc446d8bfb5ee6625d9c15688be7bc41a38dbac9a7bc8e103:segment:003,3,6200.0,6129,activities/067_260425073220.csv,1,1,0,0
fit:e47555f16f02711dc446d8bfb5ee6625d9c15688be7bc41a38dbac9a7bc8e103,2026-04-25T07:15:42+00:00,1554,288,170,77,3.765,537.8,14,fit:e47555f16f02711dc446d8bfb5ee6625d9c15688be7bc41a38dbac9a7bc8e103:segment:003,3,6201.0,6130,activities/067_260425073220.csv,1,1,0,0
fit:e47555f16f02711dc446d8bfb5ee6625d9c15688be7bc41a38dbac9a7bc8e103,2026-04-25T07:15:43+00:00,1555,321,170,76,3.758,538.4000000000001,14,fit:e47555f16f02711dc446d8bfb5ee6625d9c15688be7bc41a38dbac9a7bc8e103:segment:003,3,6202.0,6131,activities/067_260425073220.csv,1,1,0,0
fit:e47555f16f02711dc446d8bfb5ee6625d9c15688be7bc41a38dbac9a7bc8e103,2026-04-25T07:15:44+00:00,1556,321,170,77,3.649,539.0,14,fit:e47555f16f02711dc446d8bfb5ee6625d9c15688be7bc41a38dbac9a7bc8e103:segment:003,3,6203.0,6132,activities/067_260425073220.csv,1,1,0,0
fit:e47555f16f02711dc446d8bfb5ee6625d9c15688be7bc41a38dbac9a7bc8e103,2026-04-25T07:15:45+00:00,1557,290,170,77,3.867,539.0,14,fit:e47555f16f02711dc446d8bfb5ee6625d9c15688be7bc41a38dbac9a7bc8e103:segment:003,3,6204.0,6133,activities/067_260425073220.csv,1,1,0,0
fit:e47555f16f02711dc446d8bfb5ee6625d9c15688be7bc41a38dbac9a7bc8e103,2026-04-25T07:15:46+00:00,1558,311,170,77,3.751,539.0,14,fit:e47555f16f02711dc446d8bfb5ee6625d9c15688be7bc41a38dbac9a7bc8e103:segment:003,3,6205.0,6134,activities/067_260425073220.csv,1,1,0,0
fit:e47555f16f02711dc446d8bfb5ee6625d9c15688be7bc41a38dbac9a7bc8e103,2026-04-25T07:15:47+00:00,1559,294,170,77,3.587,539.0,14,fit:e47555f16f02711dc446d8bfb5ee6625d9c15688be7bc41a38dbac9a7bc8e103:segment:003,3,6206.0,6135,activities/067_260425073220.csv,1,1,0,0
fit:e47555f16f02711dc446d8bfb5ee6625d9c15688be7bc41a38dbac9a7bc8e103,2026-04-25T07:15:48+00:00,1560,271,170,76,3.36,539.0,14,fit:e47555f16f02711dc446d8bfb5ee6625d9c15688be7bc41a38dbac9a7bc8e103:segment:003,3,6207.0,6136,activities/067_260425073220.csv,1,1,0,0
fit:e47555f16f02711dc446d8bfb5ee6625d9c15688be7bc41a38dbac9a7bc8e103,2026-04-25T07:15:49+00:00,1561,267,170,74,3.199,539.0,14,fit:e47555f16f02711dc446d8bfb5ee6625d9c15688be7bc41a38dbac9a7bc8e103:segment:003,3,6208.0,6137,activities/067_260425073220.csv,1,1,0,0
fit:e47555f16f02711dc446d8bfb5ee6625d9c15688be7bc41a38dbac9a7bc8e103,2026-04-25T07:15:50+00:00,1562,260,170,72,3.279,539.0,14,fit:e47555f16f02711dc446d8bfb5ee6625d9c15688be7bc41a38dbac9a7bc8e103:segment:003,3,6209.0,6138,activities/067_260425073220.csv,1,1,0,0
fit:e47555f16f02711dc446d8bfb5ee6625d9c15688be7bc41a38dbac9a7bc8e103,2026-04-25T07:15:51+00:00,1563,298,170,72,3.233,540.0,14,fit:e47555f16f02711dc446d8bfb5ee6625d9c15688be7bc41a38dbac9a7bc8e103:segment:003,3,6210.0,6139,activities/067_260425073220.csv,1,1,0,0
fit:e47555f16f02711dc446d8bfb5ee6625d9c15688be7bc41a38dbac9a7bc8e103,2026-04-25T07:15:52+00:00,1564,311,170,73,3.396,541.0,14,fit:e47555f16f02711dc446d8bfb5ee6625d9c15688be7bc41a38dbac9a7bc8e103:segment:003,3,6211.0,6140,activities/067_260425073220.csv,1,1,0,0
fit:e47555f16f02711dc446d8bfb5ee6625d9c15688be7bc41a38dbac9a7bc8e103,2026-04-25T07:15:53+00:00,1565,308,170,75,3.395,541.2,14,fit:e47555f16f02711dc446d8bfb5ee6625d9c15688be7bc41a38dbac9a7bc8e103:segment:003,3,6212.0,6141,activities/067_260425073220.csv,1,1,0,0
fit:e47555f16f02711dc446d8bfb5ee6625d9c15688be7bc41a38dbac9a7bc8e103,2026-04-25T07:15:54+00:00,1566,293,169,76,3.613,541.8,14,fit:e47555f16f02711dc446d8bfb5ee6625d9c15688be7bc41a38dbac9a7bc8e103:segment:003,3,6213.0,6142,activities/067_260425073220.csv,1,1,0,0
fit:e47555f16f02711dc446d8bfb5ee6625d9c15688be7bc41a38dbac9a7bc8e103,2026-04-25T07:15:55+00:00,1567,293,169,76,3.508,542.5999999999999,14,fit:e47555f16f02711dc446d8bfb5ee6625d9c15688be7bc41a38dbac9a7bc8e103:segment:003,3,6214.0,6143,activities/067_260425073220.csv,1,1,0,0
fit:e47555f16f02711dc446d8bfb5ee6625d9c15688be7bc41a38dbac9a7bc8e103,2026-04-25T07:15:56+00:00,1568,282,169,75,3.573,542.5999999999999,14,fit:e47555f16f02711dc446d8bfb5ee6625d9c15688be7bc41a38dbac9a7bc8e103:segment:003,3,6215.0,6144,activities/067_260425073220.csv,1,1,0,0
fit:e47555f16f02711dc446d8bfb5ee6625d9c15688be7bc41a38dbac9a7bc8e103,2026-04-25T07:15:57+00:00,1569,318,169,75,3.468,542.5999999999999,14,fit:e47555f16f02711dc446d8bfb5ee6625d9c15688be7bc41a38dbac9a7bc8e103:segment:003,3,6216.0,6145,activities/067_260425073220.csv,1,1,0,0
fit:e47555f16f02711dc446d8bfb5ee6625d9c15688be7bc41a38dbac9a7bc8e103,2026-04-25T07:15:58+00:00,1570,304,169,75,3.635,542.2,14,fit:e47555f16f02711dc446d8bfb5ee6625d9c15688be7bc41a38dbac9a7bc8e103:segment:003,3,6217.0,6146,activities/067_260425073220.csv,1,1,0,0
fit:e47555f16f02711dc446d8bfb5ee6625d9c15688be7bc41a38dbac9a7bc8e103,2026-04-25T07:15:59+00:00,1571,304,169,75,3.68,542.2,14,fit:e47555f16f02711dc446d8bfb5ee6625d9c15688be7bc41a38dbac9a7bc8e103:segment:003,3,6218.0,6147,activities/067_260425073220.csv,1,1,0,0
fit:e47555f16f02711dc446d8bfb5ee6625d9c15688be7bc41a38dbac9a7bc8e103,2026-04-25T07:16:00+00:00,1572,310,169,76,3.675,542.2,14,fit:e47555f16f02711dc446d8bfb5ee6625d9c15688be7bc41a38dbac9a7bc8e103:segment:003,3,6219.0,6148,activities/067_260425073220.csv,1,1,0,0
fit:e47555f16f02711dc446d8bfb5ee6625d9c15688be7bc41a38dbac9a7bc8e103,2026-04-25T07:16:01+00:00,1573,306,169,76,3.663,543.2,14,fit:e47555f16f02711dc446d8bfb5ee6625d9c15688be7bc41a38dbac9a7bc8e103:segment:003,3,6220.0,6149,activities/067_260425073220.csv,1,1,0,0
fit:e47555f16f02711dc446d8bfb5ee6625d9c15688be7bc41a38dbac9a7bc8e103,2026-04-25T07:16:02+00:00,1574,325,169,76,3.701,544.0,14,fit:e47555f16f02711dc446d8bfb5ee6625d9c15688be7bc41a38dbac9a7bc8e103:segment:003,3,6221.0,6150,activities/067_260425073220.csv,1,1,0,0
fit:e47555f16f02711dc446d8bfb5ee6625d9c15688be7bc41a38dbac9a7bc8e103,2026-04-25T07:16:03+00:00,1575,361,169,73,3.789,544.0,14,fit:e47555f16f02711dc446d8bfb5ee6625d9c15688be7bc41a38dbac9a7bc8e103:segment:003,3,6222.0,6151,activities/067_260425073220.csv,1,1,0,0
fit:e47555f16f02711dc446d8bfb5ee6625d9c15688be7bc41a38dbac9a7bc8e103,2026-04-25T07:16:04+00:00,1576,323,169,79,4.138,544.4000000000001,14,fit:e47555f16f02711dc446d8bfb5ee6625d9c15688be7bc41a38dbac9a7bc8e103:segment:003,3,6223.0,6152,activities/067_260425073220.csv,1,1,0,0
fit:e47555f16f02711dc446d8bfb5ee6625d9c15688be7bc41a38dbac9a7bc8e103,2026-04-25T07:16:05+00:00,1577,343,169,80,3.922,545.4000000000001,14,fit:e47555f16f02711dc446d8bfb5ee6625d9c15688be7bc41a38dbac9a7bc8e103:segment:003,3,6224.0,6153,activities/067_260425073220.csv,1,1,0,0
fit:e47555f16f02711dc446d8bfb5ee6625d9c15688be7bc41a38dbac9a7bc8e103,2026-04-25T07:16:06+00:00,1578,333,169,79,3.794,545.4000000000001,14,fit:e47555f16f02711dc446d8bfb5ee6625d9c15688be7bc41a38dbac9a7bc8e103:segment:003,3,6225.0,6154,activities/067_260425073220.csv,1,1,0,0
fit:e47555f16f02711dc446d8bfb5ee6625d9c15688be7bc41a38dbac9a7bc8e103,2026-04-25T07:16:07+00:00,1579,325,169,77,3.939,545.4000000000001,14,fit:e47555f16f02711dc446d8bfb5ee6625d9c15688be7bc41a38dbac9a7bc8e103:segment:003,3,6226.0,6155,activities/067_260425073220.csv,1,1,0,0
fit:e47555f16f02711dc446d8bfb5ee6625d9c15688be7bc41a38dbac9a7bc8e103,2026-04-25T07:16:08+00:00,1580,325,169,77,3.517,545.4000000000001,14,fit:e47555f16f02711dc446d8bfb5ee6625d9c15688be7bc41a38dbac9a7bc8e103:segment:003,3,6227.0,6156,activities/067_260425073220.csv,1,1,0,0
fit:e47555f16f02711dc446d8bfb5ee6625d9c15688be7bc41a38dbac9a7bc8e103,2026-04-25T07:16:09+00:00,1581,369,169,79,3.752,546.4000000000001,14,fit:e47555f16f02711dc446d8bfb5ee6625d9c15688be7bc41a38dbac9a7bc8e103:segment:003,3,6228.0,6157,activities/067_260425073220.csv,1,1,0,0
fit:e47555f16f02711dc446d8bfb5ee6625d9c15688be7bc41a38dbac9a7bc8e103,2026-04-25T07:16:10+00:00,1582,322,170,80,3.905,546.4000000000001,14,fit:e47555f16f02711dc446d8bfb5ee6625d9c15688be7bc41a38dbac9a7bc8e103:segment:003,3,6229.0,6158,activities/067_260425073220.csv,1,1,0,0
fit:e47555f16f02711dc446d8bfb5ee6625d9c15688be7bc41a38dbac9a7bc8e103,2026-04-25T07:16:11+00:00,1583,353,170,80,3.734,546.4000000000001,14,fit:e47555f16f02711dc446d8bfb5ee6625d9c15688be7bc41a38dbac9a7bc8e103:segment:003,3,6230.0,6159,activities/067_260425073220.csv,1,1,0,0
fit:e47555f16f02711dc446d8bfb5ee6625d9c15688be7bc41a38dbac9a7bc8e103,2026-04-25T07:16:12+00:00,1584,344,170,84,3.933,546.4000000000001,14,fit:e47555f16f02711dc446d8bfb5ee6625d9c15688be7bc41a38dbac9a7bc8e103:segment:003,3,6231.0,6160,activities/067_260425073220.csv,1,1,0,0
fit:e47555f16f02711dc446d8bfb5ee6625d9c15688be7bc41a38dbac9a7bc8e103,2026-04-25T07:16:13+00:00,1585,344,171,81,3.972,547.2,14,fit:e47555f16f02711dc446d8bfb5ee6625d9c15688be7bc41a38dbac9a7bc8e103:segment:003,3,6232.0,6161,activities/067_260425073220.csv,1,1,0,0
fit:e47555f16f02711dc446d8bfb5ee6625d9c15688be7bc41a38dbac9a7bc8e103,2026-04-25T07:16:14+00:00,1586,337,171,82,3.994,547.2,14,fit:e47555f16f02711dc446d8bfb5ee6625d9c15688be7bc41a38dbac9a7bc8e103:segment:003,3,6233.0,6162,activities/067_260425073220.csv,1,1,0,0
fit:e47555f16f02711dc446d8bfb5ee6625d9c15688be7bc41a38dbac9a7bc8e103,2026-04-25T07:16:15+00:00,1587,358,171,82,4.045,547.2,14,fit:e47555f16f02711dc446d8bfb5ee6625d9c15688be7bc41a38dbac9a7bc8e103:segment:003,3,6234.0,6163,activities/067_260425073220.csv,1,1,0,0
fit:e47555f16f02711dc446d8bfb5ee6625d9c15688be7bc41a38dbac9a7bc8e103,2026-04-25T07:16:16+00:00,1588,352,171,82,4.043,547.2,14,fit:e47555f16f02711dc446d8bfb5ee6625d9c15688be7bc41a38dbac9a7bc8e103:segment:003,3,6235.0,6164,activities/067_260425073220.csv,1,1,0,0
fit:e47555f16f02711dc446d8bfb5ee6625d9c15688be7bc41a38dbac9a7bc8e103,2026-04-25T07:16:17+00:00,1589,276,172,82,4.116,548.2,14,fit:e47555f16f02711dc446d8bfb5ee6625d9c15688be7bc41a38dbac9a7bc8e103:segment:003,3,6236.0,6165,activities/067_260425073220.csv,1,1,0,0
fit:e47555f16f02711dc446d8bfb5ee6625d9c15688be7bc41a38dbac9a7bc8e103,2026-04-25T07:16:18+00:00,1590,316,172,81,4.197,549.2,14,fit:e47555f16f02711dc446d8bfb5ee6625d9c15688be7bc41a38dbac9a7bc8e103:segment:003,3,6237.0,6166,activities/067_260425073220.csv,1,1,0,0
fit:e47555f16f02711dc446d8bfb5ee6625d9c15688be7bc41a38dbac9a7bc8e103,2026-04-25T07:16:19+00:00,1591,270,172,80,4.213,549.2,14,fit:e47555f16f02711dc446d8bfb5ee6625d9c15688be7bc41a38dbac9a7bc8e103:segment:003,3,6238.0,6167,activities/067_260425073220.csv,1,1,0,0
fit:e47555f16f02711dc446d8bfb5ee6625d9c15688be7bc41a38dbac9a7bc8e103,2026-04-25T07:16:20+00:00,1592,287,172,80,4.2,549.2,14,fit:e47555f16f02711dc446d8bfb5ee6625d9c15688be7bc41a38dbac9a7bc8e103:segment:003,3,6239.0,6168,activities/067_260425073220.csv,1,1,0,0
fit:e47555f16f02711dc446d8bfb5ee6625d9c15688be7bc41a38dbac9a7bc8e103,2026-04-25T07:16:21+00:00,1593,277,172,80,4.201,549.2,14,fit:e47555f16f02711dc446d8bfb5ee6625d9c15688be7bc41a38dbac9a7bc8e103:segment:003,3,6240.0,6169,activities/067_260425073220.csv,1,1,0,0
fit:e47555f16f02711dc446d8bfb5ee6625d9c15688be7bc41a38dbac9a7bc8e103,2026-04-25T07:16:22+00:00,1594,309,171,79,4.165,550.2,14,fit:e47555f16f02711dc446d8bfb5ee6625d9c15688be7bc41a38dbac9a7bc8e103:segment:003,3,6241.0,6170,activities/067_260425073220.csv,1,1,0,0
fit:e47555f16f02711dc446d8bfb5ee6625d9c15688be7bc41a38dbac9a7bc8e103,2026-04-25T07:16:23+00:00,1595,224,171,80,4.073,550.2,14,fit:e47555f16f02711dc446d8bfb5ee6625d9c15688be7bc41a38dbac9a7bc8e103:segment:003,3,6242.0,6171,activities/067_260425073220.csv,1,1,0,0
fit:e47555f16f02711dc446d8bfb5ee6625d9c15688be7bc41a38dbac9a7bc8e103,2026-04-25T07:16:24+00:00,1596,225,171,82,3.986,550.2,14,fit:e47555f16f02711dc446d8bfb5ee6625d9c15688be7bc41a38dbac9a7bc8e103:segment:003,3,6243.0,6172,activities/067_260425073220.csv,1,1,0,0
fit:e47555f16f02711dc446d8bfb5ee6625d9c15688be7bc41a38dbac9a7bc8e103,2026-04-25T07:16:25+00:00,1597,266,171,84,4.208,550.2,14,fit:e47555f16f02711dc446d8bfb5ee6625d9c15688be7bc41a38dbac9a7bc8e103:segment:003,3,6244.0,6173,activities/067_260425073220.csv,1,1,0,0
fit:e47555f16f02711dc446d8bfb5ee6625d9c15688be7bc41a38dbac9a7bc8e103,2026-04-25T07:16:26+00:00,1598,199,171,85,4.262,550.2,14,fit:e47555f16f02711dc446d8bfb5ee6625d9c15688be7bc41a38dbac9a7bc8e103:segment:003,3,6245.0,6174,activities/067_260425073220.csv,1,1,0,0
fit:e47555f16f02711dc446d8bfb5ee6625d9c15688be7bc41a38dbac9a7bc8e103,2026-04-25T07:16:27+00:00,1599,238,170,85,4.269,551.0,14,fit:e47555f16f02711dc446d8bfb5ee6625d9c15688be7bc41a38dbac9a7bc8e103:segment:003,3,6246.0,6175,activities/067_260425073220.csv,1,1,0,0
fit:e47555f16f02711dc446d8bfb5ee6625d9c15688be7bc41a38dbac9a7bc8e103,2026-04-25T07:16:28+00:00,1600,249,170,87,4.35,551.2,14,fit:e47555f16f02711dc446d8bfb5ee6625d9c15688be7bc41a38dbac9a7bc8e103:segment:003,3,6247.0,6176,activities/067_260425073220.csv,1,1,0,0
fit:e47555f16f02711dc446d8bfb5ee6625d9c15688be7bc41a38dbac9a7bc8e103,2026-04-25T07:16:29+00:00,1601,250,170,89,4.431,552.2,14,fit:e47555f16f02711dc446d8bfb5ee6625d9c15688be7bc41a38dbac9a7bc8e103:segment:003,3,6248.0,6177,activities/067_260425073220.csv,1,1,0,0
fit:e47555f16f02711dc446d8bfb5ee6625d9c15688be7bc41a38dbac9a7bc8e103,2026-04-25T07:16:30+00:00,1602,197,170,91,4.439,553.2,14,fit:e47555f16f02711dc446d8bfb5ee6625d9c15688be7bc41a38dbac9a7bc8e103:segment:003,3,6249.0,6178,activities/067_260425073220.csv,1,1,0,0
fit:e47555f16f02711dc446d8bfb5ee6625d9c15688be7bc41a38dbac9a7bc8e103,2026-04-25T07:16:31+00:00,1603,177,170,91,4.624,553.2,15,fit:e47555f16f02711dc446d8bfb5ee6625d9c15688be7bc41a38dbac9a7bc8e103:segment:003,3,6250.0,6179,activities/067_260425073220.csv,1,1,0,0
fit:e47555f16f02711dc446d8bfb5ee6625d9c15688be7bc41a38dbac9a7bc8e103,2026-04-25T07:16:32+00:00,1604,299,169,87,4.617,553.2,15,fit:e47555f16f02711dc446d8bfb5ee6625d9c15688be7bc41a38dbac9a7bc8e103:segment:003,3,6251.0,6180,activities/067_260425073220.csv,1,1,0,0
fit:e47555f16f02711dc446d8bfb5ee6625d9c15688be7bc41a38dbac9a7bc8e103,2026-04-25T07:16:33+00:00,1605,299,169,86,4.839,552.2,15,fit:e47555f16f02711dc446d8bfb5ee6625d9c15688be7bc41a38dbac9a7bc8e103:segment:003,3,6252.0,6181,activities/067_260425073220.csv,1,1,0,0
fit:e47555f16f02711dc446d8bfb5ee6625d9c15688be7bc41a38dbac9a7bc8e103,2026-04-25T07:16:34+00:00,1606,276,169,87,5.066,552.0,15,fit:e47555f16f02711dc446d8bfb5ee6625d9c15688be7bc41a38dbac9a7bc8e103:segment:003,3,6253.0,6182,activities/067_260425073220.csv,1,1,0,0
fit:e47555f16f02711dc446d8bfb5ee6625d9c15688be7bc41a38dbac9a7bc8e103,2026-04-25T07:16:35+00:00,1607,346,168,86,5.129,552.0,15,fit:e47555f16f02711dc446d8bfb5ee6625d9c15688be7bc41a38dbac9a7bc8e103:segment:003,3,6254.0,6183,activities/067_260425073220.csv,1,1,0,0
fit:e47555f16f02711dc446d8bfb5ee6625d9c15688be7bc41a38dbac9a7bc8e103,2026-04-25T07:16:36+00:00,1608,297,168,87,5.192,552.0,15,fit:e47555f16f02711dc446d8bfb5ee6625d9c15688be7bc41a38dbac9a7bc8e103:segment:003,3,6255.0,6184,activities/067_260425073220.csv,1,1,0,0
fit:e47555f16f02711dc446d8bfb5ee6625d9c15688be7bc41a38dbac9a7bc8e103,2026-04-25T07:16:37+00:00,1609,272,168,87,5.205,552.8,15,fit:e47555f16f02711dc446d8bfb5ee6625d9c15688be7bc41a38dbac9a7bc8e103:segment:003,3,6256.0,6185,activities/067_260425073220.csv,1,1,0,0
fit:e47555f16f02711dc446d8bfb5ee6625d9c15688be7bc41a38dbac9a7bc8e103,2026-04-25T07:16:38+00:00,1610,270,168,85,5.203,553.5999999999999,15,fit:e47555f16f02711dc446d8bfb5ee6625d9c15688be7bc41a38dbac9a7bc8e103:segment:003,3,6257.0,6186,activities/067_260425073220.csv,1,1,0,0
fit:e47555f16f02711dc446d8bfb5ee6625d9c15688be7bc41a38dbac9a7bc8e103,2026-04-25T07:16:39+00:00,1611,285,169,80,5.033,553.8,15,fit:e47555f16f02711dc446d8bfb5ee6625d9c15688be7bc41a38dbac9a7bc8e103:segment:003,3,6258.0,6187,activities/067_260425073220.csv,1,1,0,0
fit:e47555f16f02711dc446d8bfb5ee6625d9c15688be7bc41a38dbac9a7bc8e103,2026-04-25T07:16:40+00:00,1612,280,169,79,4.874,553.8,15,fit:e47555f16f02711dc446d8bfb5ee6625d9c15688be7bc41a38dbac9a7bc8e103:segment:003,3,6259.0,6188,activities/067_260425073220.csv,1,1,0,0
fit:e47555f16f02711dc446d8bfb5ee6625d9c15688be7bc41a38dbac9a7bc8e103,2026-04-25T07:16:41+00:00,1613,308,170,77,4.871,553.8,15,fit:e47555f16f02711dc446d8bfb5ee6625d9c15688be7bc41a38dbac9a7bc8e103:segment:003,3,6260.0,6189,activities/067_260425073220.csv,1,1,0,0
fit:e47555f16f02711dc446d8bfb5ee6625d9c15688be7bc41a38dbac9a7bc8e103,2026-04-25T07:16:42+00:00,1614,307,170,76,4.523,553.8,15,fit:e47555f16f02711dc446d8bfb5ee6625d9c15688be7bc41a38dbac9a7bc8e103:segment:003,3,6261.0,6190,activities/067_260425073220.csv,1,1,0,0
fit:e47555f16f02711dc446d8bfb5ee6625d9c15688be7bc41a38dbac9a7bc8e103,2026-04-25T07:16:43+00:00,1615,159,170,75,4.545,554.8,15,fit:e47555f16f02711dc446d8bfb5ee6625d9c15688be7bc41a38dbac9a7bc8e103:segment:003,3,6262.0,6191,activities/067_260425073220.csv,1,1,0,0
fit:e47555f16f02711dc446d8bfb5ee6625d9c15688be7bc41a38dbac9a7bc8e103,2026-04-25T07:16:44+00:00,1616,160,170,80,4.46,555.4000000000001,15,fit:e47555f16f02711dc446d8bfb5ee6625d9c15688be7bc41a38dbac9a7bc8e103:segment:003,3,6263.0,6192,activities/067_260425073220.csv,1,1,0,0
fit:e47555f16f02711dc446d8bfb5ee6625d9c15688be7bc41a38dbac9a7bc8e103,2026-04-25T07:16:45+00:00,1617,331,170,85,4.51,556.2,15,fit:e47555f16f02711dc446d8bfb5ee6625d9c15688be7bc41a38dbac9a7bc8e103:segment:003,3,6264.0,6193,activities/067_260425073220.csv,1,1,0,0
fit:e47555f16f02711dc446d8bfb5ee6625d9c15688be7bc41a38dbac9a7bc8e103,2026-04-25T07:16:46+00:00,1618,281,170,83,4.493,556.2,15,fit:e47555f16f02711dc446d8bfb5ee6625d9c15688be7bc41a38dbac9a7bc8e103:segment:003,3,6265.0,6194,activities/067_260425073220.csv,1,1,0,0
fit:e47555f16f02711dc446d8bfb5ee6625d9c15688be7bc41a38dbac9a7bc8e103,2026-04-25T07:16:47+00:00,1619,281,170,82,4.478,556.2,15,fit:e47555f16f02711dc446d8bfb5ee6625d9c15688be7bc41a38dbac9a7bc8e103:segment:003,3,6266.0,6195,activities/067_260425073220.csv,1,1,0,0
fit:e47555f16f02711dc446d8bfb5ee6625d9c15688be7bc41a38dbac9a7bc8e103,2026-04-25T07:16:48+00:00,1620,319,170,81,4.385,556.2,15,fit:e47555f16f02711dc446d8bfb5ee6625d9c15688be7bc41a38dbac9a7bc8e103:segment:003,3,6267.0,6196,activities/067_260425073220.csv,1,1,0,0
fit:e47555f16f02711dc446d8bfb5ee6625d9c15688be7bc41a38dbac9a7bc8e103,2026-04-25T07:16:49+00:00,1621,261,170,80,4.305,556.2,15,fit:e47555f16f02711dc446d8bfb5ee6625d9c15688be7bc41a38dbac9a7bc8e103:segment:003,3,6268.0,6197,activities/067_260425073220.csv,1,1,0,0
fit:e47555f16f02711dc446d8bfb5ee6625d9c15688be7bc41a38dbac9a7bc8e103,2026-04-25T07:16:50+00:00,1622,305,170,80,4.185,557.2,15,fit:e47555f16f02711dc446d8bfb5ee6625d9c15688be7bc41a38dbac9a7bc8e103:segment:003,3,6269.0,6198,activities/067_260425073220.csv,1,1,0,0
fit:e47555f16f02711dc446d8bfb5ee6625d9c15688be7bc41a38dbac9a7bc8e103,2026-04-25T07:16:51+00:00,1623,286,170,80,4.162,558.0,15,fit:e47555f16f02711dc446d8bfb5ee6625d9c15688be7bc41a38dbac9a7bc8e103:segment:003,3,6270.0,6199,activities/067_260425073220.csv,1,1,0,0
fit:e47555f16f02711dc446d8bfb5ee6625d9c15688be7bc41a38dbac9a7bc8e103,2026-04-25T07:16:52+00:00,1624,308,170,79,4.141,558.0,15,fit:e47555f16f02711dc446d8bfb5ee6625d9c15688be7bc41a38dbac9a7bc8e103:segment:003,3,6271.0,6200,activities/067_260425073220.csv,1,1,0,0
fit:e47555f16f02711dc446d8bfb5ee6625d9c15688be7bc41a38dbac9a7bc8e103,2026-04-25T07:16:53+00:00,1625,361,170,77,4.027,558.4000000000001,15,fit:e47555f16f02711dc446d8bfb5ee6625d9c15688be7bc41a38dbac9a7bc8e103:segment:003,3,6272.0,6201,activities/067_260425073220.csv,1,1,0,0
fit:e47555f16f02711dc446d8bfb5ee6625d9c15688be7bc41a38dbac9a7bc8e103,2026-04-25T07:16:54+00:00,1626,344,170,77,3.835,558.4000000000001,15,fit:e47555f16f02711dc446d8bfb5ee6625d9c15688be7bc41a38dbac9a7bc8e103:segment:003,3,6273.0,6202,activities/067_260425073220.csv,1,1,0,0
fit:e47555f16f02711dc446d8bfb5ee6625d9c15688be7bc41a38dbac9a7bc8e103,2026-04-25T07:16:55+00:00,1627,306,170,77,3.932,558.4000000000001,15,fit:e47555f16f02711dc446d8bfb5ee6625d9c15688be7bc41a38dbac9a7bc8e103:segment:003,3,6274.0,6203,activities/067_260425073220.csv,1,1,0,0
fit:e47555f16f02711dc446d8bfb5ee6625d9c15688be7bc41a38dbac9a7bc8e103,2026-04-25T07:16:56+00:00,1628,316,170,74,3.8,558.4000000000001,15,fit:e47555f16f02711dc446d8bfb5ee6625d9c15688be7bc41a38dbac9a7bc8e103:segment:003,3,6275.0,6204,activities/067_260425073220.csv,1,1,0,0
fit:e47555f16f02711dc446d8bfb5ee6625d9c15688be7bc41a38dbac9a7bc8e103,2026-04-25T07:16:57+00:00,1629,344,171,75,3.957,559.4000000000001,15,fit:e47555f16f02711dc446d8bfb5ee6625d9c15688be7bc41a38dbac9a7bc8e103:segment:003,3,6276.0,6205,activities/067_260425073220.csv,1,1,0,0
fit:e47555f16f02711dc446d8bfb5ee6625d9c15688be7bc41a38dbac9a7bc8e103,2026-04-25T07:16:58+00:00,1630,324,171,76,3.9,559.4000000000001,15,fit:e47555f16f02711dc446d8bfb5ee6625d9c15688be7bc41a38dbac9a7bc8e103:segment:003,3,6277.0,6206,activities/067_260425073220.csv,1,1,0,0
fit:e47555f16f02711dc446d8bfb5ee6625d9c15688be7bc41a38dbac9a7bc8e103,2026-04-25T07:16:59+00:00,1631,348,171,76,3.978,559.4000000000001,15,fit:e47555f16f02711dc446d8bfb5ee6625d9c15688be7bc41a38dbac9a7bc8e103:segment:003,3,6278.0,6207,activities/067_260425073220.csv,1,1,0,0
fit:e47555f16f02711dc446d8bfb5ee6625d9c15688be7bc41a38dbac9a7bc8e103,2026-04-25T07:17:00+00:00,1632,338,171,75,3.823,559.4000000000001,15,fit:e47555f16f02711dc446d8bfb5ee6625d9c15688be7bc41a38dbac9a7bc8e103:segment:003,3,6279.0,6208,activities/067_260425073220.csv,1,1,0,0
fit:e47555f16f02711dc446d8bfb5ee6625d9c15688be7bc41a38dbac9a7bc8e103,2026-04-25T07:17:01+00:00,1633,348,171,75,3.738,560.4000000000001,15,fit:e47555f16f02711dc446d8bfb5ee6625d9c15688be7bc41a38dbac9a7bc8e103:segment:003,3,6280.0,6209,activities/067_260425073220.csv,1,1,0,0
fit:e47555f16f02711dc446d8bfb5ee6625d9c15688be7bc41a38dbac9a7bc8e103,2026-04-25T07:17:02+00:00,1634,321,171,76,3.753,561.4000000000001,15,fit:e47555f16f02711dc446d8bfb5ee6625d9c15688be7bc41a38dbac9a7bc8e103:segment:003,3,6281.0,6210,activities/067_260425073220.csv,1,1,0,0
fit:e47555f16f02711dc446d8bfb5ee6625d9c15688be7bc41a38dbac9a7bc8e103,2026-04-25T07:17:03+00:00,1635,312,171,75,3.74,562.2,15,fit:e47555f16f02711dc446d8bfb5ee6625d9c15688be7bc41a38dbac9a7bc8e103:segment:003,3,6282.0,6211,activities/067_260425073220.csv,1,1,0,0
fit:e47555f16f02711dc446d8bfb5ee6625d9c15688be7bc41a38dbac9a7bc8e103,2026-04-25T07:17:04+00:00,1636,313,171,75,3.86,562.2,15,fit:e47555f16f02711dc446d8bfb5ee6625d9c15688be7bc41a38dbac9a7bc8e103:segment:003,3,6283.0,6212,activities/067_260425073220.csv,1,1,0,0
fit:e47555f16f02711dc446d8bfb5ee6625d9c15688be7bc41a38dbac9a7bc8e103,2026-04-25T07:17:05+00:00,1637,343,171,75,3.773,562.2,15,fit:e47555f16f02711dc446d8bfb5ee6625d9c15688be7bc41a38dbac9a7bc8e103:segment:003,3,6284.0,6213,activities/067_260425073220.csv,1,1,0,0
fit:e47555f16f02711dc446d8bfb5ee6625d9c15688be7bc41a38dbac9a7bc8e103,2026-04-25T07:17:06+00:00,1638,296,171,74,3.839,562.2,15,fit:e47555f16f02711dc446d8bfb5ee6625d9c15688be7bc41a38dbac9a7bc8e103:segment:003,3,6285.0,6214,activities/067_260425073220.csv,1,1,0,0
fit:e47555f16f02711dc446d8bfb5ee6625d9c15688be7bc41a38dbac9a7bc8e103,2026-04-25T07:17:07+00:00,1639,309,171,74,3.777,563.2,15,fit:e47555f16f02711dc446d8bfb5ee6625d9c15688be7bc41a38dbac9a7bc8e103:segment:003,3,6286.0,6215,activities/067_260425073220.csv,1,1,0,0
fit:e47555f16f02711dc446d8bfb5ee6625d9c15688be7bc41a38dbac9a7bc8e103,2026-04-25T07:17:08+00:00,1640,324,171,74,3.866,563.2,15,fit:e47555f16f02711dc446d8bfb5ee6625d9c15688be7bc41a38dbac9a7bc8e103:segment:003,3,6287.0,6216,activities/067_260425073220.csv,1,1,0,0
fit:e47555f16f02711dc446d8bfb5ee6625d9c15688be7bc41a38dbac9a7bc8e103,2026-04-25T07:17:09+00:00,1641,324,171,76,3.965,563.2,15,fit:e47555f16f02711dc446d8bfb5ee6625d9c15688be7bc41a38dbac9a7bc8e103:segment:003,3,6288.0,6217,activities/067_260425073220.csv,1,1,0,0
fit:e47555f16f02711dc446d8bfb5ee6625d9c15688be7bc41a38dbac9a7bc8e103,2026-04-25T07:17:10+00:00,1642,335,171,80,4.021,563.2,15,fit:e47555f16f02711dc446d8bfb5ee6625d9c15688be7bc41a38dbac9a7bc8e103:segment:003,3,6289.0,6218,activities/067_260425073220.csv,1,1,0,0
fit:e47555f16f02711dc446d8bfb5ee6625d9c15688be7bc41a38dbac9a7bc8e103,2026-04-25T07:17:11+00:00,1643,315,171,82,3.919,564.2,15,fit:e47555f16f02711dc446d8bfb5ee6625d9c15688be7bc41a38dbac9a7bc8e103:segment:003,3,6290.0,6219,activities/067_260425073220.csv,1,1,0,0
fit:e47555f16f02711dc446d8bfb5ee6625d9c15688be7bc41a38dbac9a7bc8e103,2026-04-25T07:17:12+00:00,1644,281,171,82,4.016,564.2,15,fit:e47555f16f02711dc446d8bfb5ee6625d9c15688be7bc41a38dbac9a7bc8e103:segment:003,3,6291.0,6220,activities/067_260425073220.csv,1,1,0,0
fit:e47555f16f02711dc446d8bfb5ee6625d9c15688be7bc41a38dbac9a7bc8e103,2026-04-25T07:17:13+00:00,1645,246,171,84,4.076,564.8,15,fit:e47555f16f02711dc446d8bfb5ee6625d9c15688be7bc41a38dbac9a7bc8e103:segment:003,3,6292.0,6221,activities/067_260425073220.csv,1,1,0,0
fit:e47555f16f02711dc446d8bfb5ee6625d9c15688be7bc41a38dbac9a7bc8e103,2026-04-25T07:17:14+00:00,1646,246,171,87,4.281,564.8,15,fit:e47555f16f02711dc446d8bfb5ee6625d9c15688be7bc41a38dbac9a7bc8e103:segment:003,3,6293.0,6222,activities/067_260425073220.csv,1,1,0,0
fit:e47555f16f02711dc446d8bfb5ee6625d9c15688be7bc41a38dbac9a7bc8e103,2026-04-25T07:17:15+00:00,1647,305,170,78,4.461,564.8,15,fit:e47555f16f02711dc446d8bfb5ee6625d9c15688be7bc41a38dbac9a7bc8e103:segment:003,3,6294.0,6223,activities/067_260425073220.csv,1,1,0,0
fit:e47555f16f02711dc446d8bfb5ee6625d9c15688be7bc41a38dbac9a7bc8e103,2026-04-25T07:17:16+00:00,1648,297,170,78,4.347,564.8,15,fit:e47555f16f02711dc446d8bfb5ee6625d9c15688be7bc41a38dbac9a7bc8e103:segment:003,3,6295.0,6224,activities/067_260425073220.csv,1,1,0,0
fit:e47555f16f02711dc446d8bfb5ee6625d9c15688be7bc41a38dbac9a7bc8e103,2026-04-25T07:17:17+00:00,1649,275,170,78,4.436,564.8,15,fit:e47555f16f02711dc446d8bfb5ee6625d9c15688be7bc41a38dbac9a7bc8e103:segment:003,3,6296.0,6225,activities/067_260425073220.csv,1,1,0,0
fit:e47555f16f02711dc446d8bfb5ee6625d9c15688be7bc41a38dbac9a7bc8e103,2026-04-25T07:17:18+00:00,1650,286,170,80,4.512,564.8,15,fit:e47555f16f02711dc446d8bfb5ee6625d9c15688be7bc41a38dbac9a7bc8e103:segment:003,3,6297.0,6226,activities/067_260425073220.csv,1,1,0,0
fit:e47555f16f02711dc446d8bfb5ee6625d9c15688be7bc41a38dbac9a7bc8e103,2026-04-25T07:17:19+00:00,1651,240,170,81,4.573,565.5999999999999,15,fit:e47555f16f02711dc446d8bfb5ee6625d9c15688be7bc41a38dbac9a7bc8e103:segment:003,3,6298.0,6227,activities/067_260425073220.csv,1,1,0,0
fit:e47555f16f02711dc446d8bfb5ee6625d9c15688be7bc41a38dbac9a7bc8e103,2026-04-25T07:17:20+00:00,1652,256,170,80,4.639,565.5999999999999,15,fit:e47555f16f02711dc446d8bfb5ee6625d9c15688be7bc41a38dbac9a7bc8e103:segment:003,3,6299.0,6228,activities/067_260425073220.csv,1,1,0,0
fit:e47555f16f02711dc446d8bfb5ee6625d9c15688be7bc41a38dbac9a7bc8e103,2026-04-25T07:17:21+00:00,1653,244,170,80,4.602,565.5999999999999,15,fit:e47555f16f02711dc446d8bfb5ee6625d9c15688be7bc41a38dbac9a7bc8e103:segment:003,3,6300.0,6229,activities/067_260425073220.csv,1,1,0,0
fit:e47555f16f02711dc446d8bfb5ee6625d9c15688be7bc41a38dbac9a7bc8e103,2026-04-25T07:17:22+00:00,1654,275,169,79,4.654,565.5999999999999,15,fit:e47555f16f02711dc446d8bfb5ee6625d9c15688be7bc41a38dbac9a7bc8e103:segment:003,3,6301.0,6230,activities/067_260425073220.csv,1,1,0,0
fit:e47555f16f02711dc446d8bfb5ee6625d9c15688be7bc41a38dbac9a7bc8e103,2026-04-25T07:17:23+00:00,1655,264,169,79,4.779,566.5999999999999,15,fit:e47555f16f02711dc446d8bfb5ee6625d9c15688be7bc41a38dbac9a7bc8e103:segment:003,3,6302.0,6231,activities/067_260425073220.csv,1,1,0,0
fit:e47555f16f02711dc446d8bfb5ee6625d9c15688be7bc41a38dbac9a7bc8e103,2026-04-25T07:17:24+00:00,1656,265,169,79,4.709,567.4000000000001,15,fit:e47555f16f02711dc446d8bfb5ee6625d9c15688be7bc41a38dbac9a7bc8e103:segment:003,3,6303.0,6232,activities/067_260425073220.csv,1,1,0,0
fit:e47555f16f02711dc446d8bfb5ee6625d9c15688be7bc41a38dbac9a7bc8e103,2026-04-25T07:17:25+00:00,1657,295,169,77,4.722,567.4000000000001,15,fit:e47555f16f02711dc446d8bfb5ee6625d9c15688be7bc41a38dbac9a7bc8e103:segment:003,3,6304.0,6233,activities/067_260425073220.csv,1,1,0,0
fit:e47555f16f02711dc446d8bfb5ee6625d9c15688be7bc41a38dbac9a7bc8e103,2026-04-25T07:17:26+00:00,1658,300,169,76,4.645,567.4000000000001,15,fit:e47555f16f02711dc446d8bfb5ee6625d9c15688be7bc41a38dbac9a7bc8e103:segment:003,3,6305.0,6234,activities/067_260425073220.csv,1,1,0,0
fit:e47555f16f02711dc446d8bfb5ee6625d9c15688be7bc41a38dbac9a7bc8e103,2026-04-25T07:17:27+00:00,1659,296,169,76,4.665,567.4000000000001,15,fit:e47555f16f02711dc446d8bfb5ee6625d9c15688be7bc41a38dbac9a7bc8e103:segment:003,3,6306.0,6235,activities/067_260425073220.csv,1,1,0,0
fit:e47555f16f02711dc446d8bfb5ee6625d9c15688be7bc41a38dbac9a7bc8e103,2026-04-25T07:17:28+00:00,1660,296,168,77,4.611,567.5999999999999,15,fit:e47555f16f02711dc446d8bfb5ee6625d9c15688be7bc41a38dbac9a7bc8e103:segment:003,3,6307.0,6236,activities/067_260425073220.csv,1,1,0,0
fit:e47555f16f02711dc446d8bfb5ee6625d9c15688be7bc41a38dbac9a7bc8e103,2026-04-25T07:17:29+00:00,1661,292,168,78,4.761,568.5999999999999,15,fit:e47555f16f02711dc446d8bfb5ee6625d9c15688be7bc41a38dbac9a7bc8e103:segment:003,3,6308.0,6237,activities/067_260425073220.csv,1,1,0,0
fit:e47555f16f02711dc446d8bfb5ee6625d9c15688be7bc41a38dbac9a7bc8e103,2026-04-25T07:17:30+00:00,1662,252,168,78,4.658,568.8,15,fit:e47555f16f02711dc446d8bfb5ee6625d9c15688be7bc41a38dbac9a7bc8e103:segment:003,3,6309.0,6238,activities/067_260425073220.csv,1,1,0,0
fit:e47555f16f02711dc446d8bfb5ee6625d9c15688be7bc41a38dbac9a7bc8e103,2026-04-25T07:17:31+00:00,1663,271,168,86,4.618,569.0,15,fit:e47555f16f02711dc446d8bfb5ee6625d9c15688be7bc41a38dbac9a7bc8e103:segment:003,3,6310.0,6239,activities/067_260425073220.csv,1,1,0,0
fit:e47555f16f02711dc446d8bfb5ee6625d9c15688be7bc41a38dbac9a7bc8e103,2026-04-25T07:17:32+00:00,1664,271,168,86,4.626,569.2,15,fit:e47555f16f02711dc446d8bfb5ee6625d9c15688be7bc41a38dbac9a7bc8e103:segment:003,3,6311.0,6240,activities/067_260425073220.csv,1,1,0,0
fit:e47555f16f02711dc446d8bfb5ee6625d9c15688be7bc41a38dbac9a7bc8e103,2026-04-25T07:17:33+00:00,1665,286,168,85,4.617,569.8,15,fit:e47555f16f02711dc446d8bfb5ee6625d9c15688be7bc41a38dbac9a7bc8e103:segment:003,3,6312.0,6241,activities/067_260425073220.csv,1,1,0,0
fit:e47555f16f02711dc446d8bfb5ee6625d9c15688be7bc41a38dbac9a7bc8e103,2026-04-25T07:17:34+00:00,1666,297,168,84,4.582,569.8,15,fit:e47555f16f02711dc446d8bfb5ee6625d9c15688be7bc41a38dbac9a7bc8e103:segment:003,3,6313.0,6242,activities/067_260425073220.csv,1,1,0,0
fit:e47555f16f02711dc446d8bfb5ee6625d9c15688be7bc41a38dbac9a7bc8e103,2026-04-25T07:17:35+00:00,1667,295,168,83,4.471,569.8,15,fit:e47555f16f02711dc446d8bfb5ee6625d9c15688be7bc41a38dbac9a7bc8e103:segment:003,3,6314.0,6243,activities/067_260425073220.csv,1,1,0,0
fit:e47555f16f02711dc446d8bfb5ee6625d9c15688be7bc41a38dbac9a7bc8e103,2026-04-25T07:17:36+00:00,1668,288,168,83,4.364,569.8,15,fit:e47555f16f02711dc446d8bfb5ee6625d9c15688be7bc41a38dbac9a7bc8e103:segment:003,3,6315.0,6244,activities/067_260425073220.csv,1,1,0,0
fit:e47555f16f02711dc446d8bfb5ee6625d9c15688be7bc41a38dbac9a7bc8e103,2026-04-25T07:17:37+00:00,1669,286,168,82,4.324,569.8,15,fit:e47555f16f02711dc446d8bfb5ee6625d9c15688be7bc41a38dbac9a7bc8e103:segment:003,3,6316.0,6245,activities/067_260425073220.csv,1,1,0,0
fit:e47555f16f02711dc446d8bfb5ee6625d9c15688be7bc41a38dbac9a7bc8e103,2026-04-25T07:17:38+00:00,1670,264,168,82,4.367,570.8,15,fit:e47555f16f02711dc446d8bfb5ee6625d9c15688be7bc41a38dbac9a7bc8e103:segment:003,3,6317.0,6246,activities/067_260425073220.csv,1,1,0,0
fit:e47555f16f02711dc446d8bfb5ee6625d9c15688be7bc41a38dbac9a7bc8e103,2026-04-25T07:17:39+00:00,1671,264,168,82,4.326,571.5999999999999,15,fit:e47555f16f02711dc446d8bfb5ee6625d9c15688be7bc41a38dbac9a7bc8e103:segment:003,3,6318.0,6247,activities/067_260425073220.csv,1,1,0,0
fit:e47555f16f02711dc446d8bfb5ee6625d9c15688be7bc41a38dbac9a7bc8e103,2026-04-25T07:17:40+00:00,1672,293,168,81,4.25,571.5999999999999,15,fit:e47555f16f02711dc446d8bfb5ee6625d9c15688be7bc41a38dbac9a7bc8e103:segment:003,3,6319.0,6248,activities/067_260425073220.csv,1,1,0,0
fit:e47555f16f02711dc446d8bfb5ee6625d9c15688be7bc41a38dbac9a7bc8e103,2026-04-25T07:17:41+00:00,1673,267,168,81,4.308,571.5999999999999,15,fit:e47555f16f02711dc446d8bfb5ee6625d9c15688be7bc41a38dbac9a7bc8e103:segment:003,3,6320.0,6249,activities/067_260425073220.csv,1,1,0,0
fit:e47555f16f02711dc446d8bfb5ee6625d9c15688be7bc41a38dbac9a7bc8e103,2026-04-25T07:17:42+00:00,1674,276,168,80,4.317,571.5999999999999,15,fit:e47555f16f02711dc446d8bfb5ee6625d9c15688be7bc41a38dbac9a7bc8e103:segment:003,3,6321.0,6250,activities/067_260425073220.csv,1,1,0,0
fit:e47555f16f02711dc446d8bfb5ee6625d9c15688be7bc41a38dbac9a7bc8e103,2026-04-25T07:17:43+00:00,1675,280,168,78,4.263,572.0,15,fit:e47555f16f02711dc446d8bfb5ee6625d9c15688be7bc41a38dbac9a7bc8e103:segment:003,3,6322.0,6251,activities/067_260425073220.csv,1,1,0,0
fit:e47555f16f02711dc446d8bfb5ee6625d9c15688be7bc41a38dbac9a7bc8e103,2026-04-25T07:17:44+00:00,1676,280,168,78,4.155,572.8,15,fit:e47555f16f02711dc446d8bfb5ee6625d9c15688be7bc41a38dbac9a7bc8e103:segment:003,3,6323.0,6252,activities/067_260425073220.csv,1,1,0,0
fit:e47555f16f02711dc446d8bfb5ee6625d9c15688be7bc41a38dbac9a7bc8e103,2026-04-25T07:17:45+00:00,1677,289,168,80,4.226,573.2,15,fit:e47555f16f02711dc446d8bfb5ee6625d9c15688be7bc41a38dbac9a7bc8e103:segment:003,3,6324.0,6253,activities/067_260425073220.csv,1,1,0,0
fit:e47555f16f02711dc446d8bfb5ee6625d9c15688be7bc41a38dbac9a7bc8e103,2026-04-25T07:17:46+00:00,1678,307,168,80,4.075,573.2,15,fit:e47555f16f02711dc446d8bfb5ee6625d9c15688be7bc41a38dbac9a7bc8e103:segment:003,3,6325.0,6254,activities/067_260425073220.csv,1,1,0,0
fit:e47555f16f02711dc446d8bfb5ee6625d9c15688be7bc41a38dbac9a7bc8e103,2026-04-25T07:17:47+00:00,1679,322,168,81,4.17,573.4000000000001,15,fit:e47555f16f02711dc446d8bfb5ee6625d9c15688be7bc41a38dbac9a7bc8e103:segment:003,3,6326.0,6255,activities/067_260425073220.csv,1,1,0,0
fit:e47555f16f02711dc446d8bfb5ee6625d9c15688be7bc41a38dbac9a7bc8e103,2026-04-25T07:17:48+00:00,1680,321,169,82,4.072,573.5999999999999,15,fit:e47555f16f02711dc446d8bfb5ee6625d9c15688be7bc41a38dbac9a7bc8e103:segment:003,3,6327.0,6256,activities/067_260425073220.csv,1,1,0,0
fit:e47555f16f02711dc446d8bfb5ee6625d9c15688be7bc41a38dbac9a7bc8e103,2026-04-25T07:17:49+00:00,1681,330,169,84,4.235,573.5999999999999,15,fit:e47555f16f02711dc446d8bfb5ee6625d9c15688be7bc41a38dbac9a7bc8e103:segment:003,3,6328.0,6257,activities/067_260425073220.csv,1,1,0,0
fit:e47555f16f02711dc446d8bfb5ee6625d9c15688be7bc41a38dbac9a7bc8e103,2026-04-25T07:17:50+00:00,1682,289,169,85,4.115,573.5999999999999,15,fit:e47555f16f02711dc446d8bfb5ee6625d9c15688be7bc41a38dbac9a7bc8e103:segment:003,3,6329.0,6258,activities/067_260425073220.csv,1,1,0,0
fit:e47555f16f02711dc446d8bfb5ee6625d9c15688be7bc41a38dbac9a7bc8e103,2026-04-25T07:17:51+00:00,1683,293,169,84,4.043,573.5999999999999,15,fit:e47555f16f02711dc446d8bfb5ee6625d9c15688be7bc41a38dbac9a7bc8e103:segment:003,3,6330.0,6259,activities/067_260425073220.csv,1,1,0,0
fit:e47555f16f02711dc446d8bfb5ee6625d9c15688be7bc41a38dbac9a7bc8e103,2026-04-25T07:17:52+00:00,1684,294,169,83,4.147,574.5999999999999,15,fit:e47555f16f02711dc446d8bfb5ee6625d9c15688be7bc41a38dbac9a7bc8e103:segment:003,3,6331.0,6260,activities/067_260425073220.csv,1,1,0,0
fit:e47555f16f02711dc446d8bfb5ee6625d9c15688be7bc41a38dbac9a7bc8e103,2026-04-25T07:17:53+00:00,1685,296,169,82,4.238,575.5999999999999,15,fit:e47555f16f02711dc446d8bfb5ee6625d9c15688be7bc41a38dbac9a7bc8e103:segment:003,3,6332.0,6261,activities/067_260425073220.csv,1,1,0,0
fit:e47555f16f02711dc446d8bfb5ee6625d9c15688be7bc41a38dbac9a7bc8e103,2026-04-25T07:17:54+00:00,1686,302,169,81,4.284,576.4000000000001,15,fit:e47555f16f02711dc446d8bfb5ee6625d9c15688be7bc41a38dbac9a7bc8e103:segment:003,3,6333.0,6262,activities/067_260425073220.csv,1,1,0,0
fit:e47555f16f02711dc446d8bfb5ee6625d9c15688be7bc41a38dbac9a7bc8e103,2026-04-25T07:17:55+00:00,1687,311,169,81,4.303,576.4000000000001,15,fit:e47555f16f02711dc446d8bfb5ee6625d9c15688be7bc41a38dbac9a7bc8e103:segment:003,3,6334.0,6263,activities/067_260425073220.csv,1,1,0,0
fit:e47555f16f02711dc446d8bfb5ee6625d9c15688be7bc41a38dbac9a7bc8e103,2026-04-25T07:17:56+00:00,1688,336,169,83,4.298,576.4000000000001,15,fit:e47555f16f02711dc446d8bfb5ee6625d9c15688be7bc41a38dbac9a7bc8e103:segment:003,3,6335.0,6264,activities/067_260425073220.csv,1,1,0,0
fit:e47555f16f02711dc446d8bfb5ee6625d9c15688be7bc41a38dbac9a7bc8e103,2026-04-25T07:17:57+00:00,1689,315,169,83,4.382,576.4000000000001,15,fit:e47555f16f02711dc446d8bfb5ee6625d9c15688be7bc41a38dbac9a7bc8e103:segment:003,3,6336.0,6265,activities/067_260425073220.csv,1,1,0,0
fit:e47555f16f02711dc446d8bfb5ee6625d9c15688be7bc41a38dbac9a7bc8e103,2026-04-25T07:17:58+00:00,1690,281,169,84,4.388,577.2,15,fit:e47555f16f02711dc446d8bfb5ee6625d9c15688be7bc41a38dbac9a7bc8e103:segment:003,3,6337.0,6266,activities/067_260425073220.csv,1,1,0,0
fit:e47555f16f02711dc446d8bfb5ee6625d9c15688be7bc41a38dbac9a7bc8e103,2026-04-25T07:17:59+00:00,1691,281,169,84,4.332,577.4000000000001,15,fit:e47555f16f02711dc446d8bfb5ee6625d9c15688be7bc41a38dbac9a7bc8e103:segment:003,3,6338.0,6267,activities/067_260425073220.csv,1,1,0,0
fit:e47555f16f02711dc446d8bfb5ee6625d9c15688be7bc41a38dbac9a7bc8e103,2026-04-25T07:18:00+00:00,1692,286,169,83,4.314,577.5999999999999,15,fit:e47555f16f02711dc446d8bfb5ee6625d9c15688be7bc41a38dbac9a7bc8e103:segment:003,3,6339.0,6268,activities/067_260425073220.csv,1,1,0,0
fit:e47555f16f02711dc446d8bfb5ee6625d9c15688be7bc41a38dbac9a7bc8e103,2026-04-25T07:18:01+00:00,1693,307,169,81,4.252,578.2,15,fit:e47555f16f02711dc446d8bfb5ee6625d9c15688be7bc41a38dbac9a7bc8e103:segment:003,3,6340.0,6269,activities/067_260425073220.csv,1,1,0,0
fit:e47555f16f02711dc446d8bfb5ee6625d9c15688be7bc41a38dbac9a7bc8e103,2026-04-25T07:18:02+00:00,1694,290,169,81,4.189,578.5999999999999,15,fit:e47555f16f02711dc446d8bfb5ee6625d9c15688be7bc41a38dbac9a7bc8e103:segment:003,3,6341.0,6270,activities/067_260425073220.csv,1,1,0,0
fit:e47555f16f02711dc446d8bfb5ee6625d9c15688be7bc41a38dbac9a7bc8e103,2026-04-25T07:18:03+00:00,1695,300,169,82,4.045,578.5999999999999,15,fit:e47555f16f02711dc446d8bfb5ee6625d9c15688be7bc41a38dbac9a7bc8e103:segment:003,3,6342.0,6271,activities/067_260425073220.csv,1,1,0,0
fit:e47555f16f02711dc446d8bfb5ee6625d9c15688be7bc41a38dbac9a7bc8e103,2026-04-25T07:18:04+00:00,1696,321,170,86,4.106,578.5999999999999,15,fit:e47555f16f02711dc446d8bfb5ee6625d9c15688be7bc41a38dbac9a7bc8e103:segment:003,3,6343.0,6272,activities/067_260425073220.csv,1,1,0,0
fit:e47555f16f02711dc446d8bfb5ee6625d9c15688be7bc41a38dbac9a7bc8e103,2026-04-25T07:18:05+00:00,1697,330,170,87,4.329,578.5999999999999,15,fit:e47555f16f02711dc446d8bfb5ee6625d9c15688be7bc41a38dbac9a7bc8e103:segment:003,3,6344.0,6273,activities/067_260425073220.csv,1,1,0,0
fit:e47555f16f02711dc446d8bfb5ee6625d9c15688be7bc41a38dbac9a7bc8e103,2026-04-25T07:18:06+00:00,1698,373,170,85,4.528,579.4000000000001,15,fit:e47555f16f02711dc446d8bfb5ee6625d9c15688be7bc41a38dbac9a7bc8e103:segment:003,3,6345.0,6274,activities/067_260425073220.csv,1,1,0,0
fit:e47555f16f02711dc446d8bfb5ee6625d9c15688be7bc41a38dbac9a7bc8e103,2026-04-25T07:18:07+00:00,1699,332,170,76,4.543,579.5999999999999,15,fit:e47555f16f02711dc446d8bfb5ee6625d9c15688be7bc41a38dbac9a7bc8e103:segment:003,3,6346.0,6275,activities/067_260425073220.csv,1,1,0,0
fit:e47555f16f02711dc446d8bfb5ee6625d9c15688be7bc41a38dbac9a7bc8e103,2026-04-25T07:18:08+00:00,1700,297,170,78,4.618,579.5999999999999,15,fit:e47555f16f02711dc446d8bfb5ee6625d9c15688be7bc41a38dbac9a7bc8e103:segment:003,3,6347.0,6276,activities/067_260425073220.csv,1,1,0,0
fit:e47555f16f02711dc446d8bfb5ee6625d9c15688be7bc41a38dbac9a7bc8e103,2026-04-25T07:18:09+00:00,1701,297,170,78,4.591,579.5999999999999,15,fit:e47555f16f02711dc446d8bfb5ee6625d9c15688be7bc41a38dbac9a7bc8e103:segment:003,3,6348.0,6277,activities/067_260425073220.csv,1,1,0,0
fit:e47555f16f02711dc446d8bfb5ee6625d9c15688be7bc41a38dbac9a7bc8e103,2026-04-25T07:18:10+00:00,1702,302,170,76,4.492,579.5999999999999,15,fit:e47555f16f02711dc446d8bfb5ee6625d9c15688be7bc41a38dbac9a7bc8e103:segment:003,3,6349.0,6278,activities/067_260425073220.csv,1,1,0,0
fit:e47555f16f02711dc446d8bfb5ee6625d9c15688be7bc41a38dbac9a7bc8e103,2026-04-25T07:18:11+00:00,1703,302,170,76,4.497,580.5999999999999,15,fit:e47555f16f02711dc446d8bfb5ee6625d9c15688be7bc41a38dbac9a7bc8e103:segment:003,3,6350.0,6279,activities/067_260425073220.csv,1,1,0,0
fit:e47555f16f02711dc446d8bfb5ee6625d9c15688be7bc41a38dbac9a7bc8e103,2026-04-25T07:18:12+00:00,1704,311,170,76,4.367,581.2,15,fit:e47555f16f02711dc446d8bfb5ee6625d9c15688be7bc41a38dbac9a7bc8e103:segment:003,3,6351.0,6280,activities/067_260425073220.csv,1,1,0,0
fit:e47555f16f02711dc446d8bfb5ee6625d9c15688be7bc41a38dbac9a7bc8e103,2026-04-25T07:18:13+00:00,1705,334,171,75,4.291,582.2,15,fit:e47555f16f02711dc446d8bfb5ee6625d9c15688be7bc41a38dbac9a7bc8e103:segment:003,3,6352.0,6281,activities/067_260425073220.csv,1,1,0,0
fit:e47555f16f02711dc446d8bfb5ee6625d9c15688be7bc41a38dbac9a7bc8e103,2026-04-25T07:18:14+00:00,1706,311,171,76,4.309,582.2,15,fit:e47555f16f02711dc446d8bfb5ee6625d9c15688be7bc41a38dbac9a7bc8e103:segment:003,3,6353.0,6282,activities/067_260425073220.csv,1,1,0,0
fit:e47555f16f02711dc446d8bfb5ee6625d9c15688be7bc41a38dbac9a7bc8e103,2026-04-25T07:18:15+00:00,1707,306,171,76,4.106,582.2,15,fit:e47555f16f02711dc446d8bfb5ee6625d9c15688be7bc41a38dbac9a7bc8e103:segment:003,3,6354.0,6283,activities/067_260425073220.csv,1,1,0,0
fit:e47555f16f02711dc446d8bfb5ee6625d9c15688be7bc41a38dbac9a7bc8e103,2026-04-25T07:18:16+00:00,1708,327,171,75,3.968,582.2,15,fit:e47555f16f02711dc446d8bfb5ee6625d9c15688be7bc41a38dbac9a7bc8e103:segment:003,3,6355.0,6284,activities/067_260425073220.csv,1,1,0,0
fit:e47555f16f02711dc446d8bfb5ee6625d9c15688be7bc41a38dbac9a7bc8e103,2026-04-25T07:18:17+00:00,1709,243,171,81,3.935,582.2,15,fit:e47555f16f02711dc446d8bfb5ee6625d9c15688be7bc41a38dbac9a7bc8e103:segment:003,3,6356.0,6285,activities/067_260425073220.csv,1,1,0,0
fit:e47555f16f02711dc446d8bfb5ee6625d9c15688be7bc41a38dbac9a7bc8e103,2026-04-25T07:18:18+00:00,1710,243,171,82,3.878,582.2,15,fit:e47555f16f02711dc446d8bfb5ee6625d9c15688be7bc41a38dbac9a7bc8e103:segment:003,3,6357.0,6286,activities/067_260425073220.csv,1,1,0,0
fit:e47555f16f02711dc446d8bfb5ee6625d9c15688be7bc41a38dbac9a7bc8e103,2026-04-25T07:18:19+00:00,1711,315,171,82,3.984,582.2,15,fit:e47555f16f02711dc446d8bfb5ee6625d9c15688be7bc41a38dbac9a7bc8e103:segment:003,3,6358.0,6287,activities/067_260425073220.csv,1,1,0,0
fit:e47555f16f02711dc446d8bfb5ee6625d9c15688be7bc41a38dbac9a7bc8e103,2026-04-25T07:18:20+00:00,1712,298,171,82,4.115,583.2,15,fit:e47555f16f02711dc446d8bfb5ee6625d9c15688be7bc41a38dbac9a7bc8e103:segment:003,3,6359.0,6288,activities/067_260425073220.csv,1,1,0,0
fit:e47555f16f02711dc446d8bfb5ee6625d9c15688be7bc41a38dbac9a7bc8e103,2026-04-25T07:18:21+00:00,1713,317,172,82,4.019,584.0,15,fit:e47555f16f02711dc446d8bfb5ee6625d9c15688be7bc41a38dbac9a7bc8e103:segment:003,3,6360.0,6289,activities/067_260425073220.csv,1,1,0,0
fit:e47555f16f02711dc446d8bfb5ee6625d9c15688be7bc41a38dbac9a7bc8e103,2026-04-25T07:18:22+00:00,1714,287,171,82,4.087,584.0,15,fit:e47555f16f02711dc446d8bfb5ee6625d9c15688be7bc41a38dbac9a7bc8e103:segment:003,3,6361.0,6290,activities/067_260425073220.csv,1,1,0,0
fit:e47555f16f02711dc446d8bfb5ee6625d9c15688be7bc41a38dbac9a7bc8e103,2026-04-25T07:18:23+00:00,1715,297,171,81,4.046,584.0,15,fit:e47555f16f02711dc446d8bfb5ee6625d9c15688be7bc41a38dbac9a7bc8e103:segment:003,3,6362.0,6291,activities/067_260425073220.csv,1,1,0,0
fit:e47555f16f02711dc446d8bfb5ee6625d9c15688be7bc41a38dbac9a7bc8e103,2026-04-25T07:18:24+00:00,1716,316,171,79,3.866,584.0,15,fit:e47555f16f02711dc446d8bfb5ee6625d9c15688be7bc41a38dbac9a7bc8e103:segment:003,3,6363.0,6292,activities/067_260425073220.csv,1,1,0,0
fit:e47555f16f02711dc446d8bfb5ee6625d9c15688be7bc41a38dbac9a7bc8e103,2026-04-25T07:18:25+00:00,1717,309,171,79,3.989,585.0,15,fit:e47555f16f02711dc446d8bfb5ee6625d9c15688be7bc41a38dbac9a7bc8e103:segment:003,3,6364.0,6293,activities/067_260425073220.csv,1,1,0,0
fit:e47555f16f02711dc446d8bfb5ee6625d9c15688be7bc41a38dbac9a7bc8e103,2026-04-25T07:18:26+00:00,1718,304,171,80,4.083,585.4000000000001,15,fit:e47555f16f02711dc446d8bfb5ee6625d9c15688be7bc41a38dbac9a7bc8e103:segment:003,3,6365.0,6294,activities/067_260425073220.csv,1,1,0,0
fit:e47555f16f02711dc446d8bfb5ee6625d9c15688be7bc41a38dbac9a7bc8e103,2026-04-25T07:18:27+00:00,1719,289,170,80,4.011,586.4000000000001,15,fit:e47555f16f02711dc446d8bfb5ee6625d9c15688be7bc41a38dbac9a7bc8e103:segment:003,3,6366.0,6295,activities/067_260425073220.csv,1,1,0,0
fit:e47555f16f02711dc446d8bfb5ee6625d9c15688be7bc41a38dbac9a7bc8e103,2026-04-25T07:18:28+00:00,1720,312,170,79,4.003,586.4000000000001,15,fit:e47555f16f02711dc446d8bfb5ee6625d9c15688be7bc41a38dbac9a7bc8e103:segment:003,3,6367.0,6296,activities/067_260425073220.csv,1,1,0,0
fit:e47555f16f02711dc446d8bfb5ee6625d9c15688be7bc41a38dbac9a7bc8e103,2026-04-25T07:18:29+00:00,1721,285,170,80,4.029,586.4000000000001,15,fit:e47555f16f02711dc446d8bfb5ee6625d9c15688be7bc41a38dbac9a7bc8e103:segment:003,3,6368.0,6297,activities/067_260425073220.csv,1,1,0,0
fit:e47555f16f02711dc446d8bfb5ee6625d9c15688be7bc41a38dbac9a7bc8e103,2026-04-25T07:18:30+00:00,1722,286,170,81,4.123,586.4000000000001,15,fit:e47555f16f02711dc446d8bfb5ee6625d9c15688be7bc41a38dbac9a7bc8e103:segment:003,3,6369.0,6298,activities/067_260425073220.csv,1,1,0,0
fit:e47555f16f02711dc446d8bfb5ee6625d9c15688be7bc41a38dbac9a7bc8e103,2026-04-25T07:18:31+00:00,1723,250,170,81,4.074,586.4000000000001,15,fit:e47555f16f02711dc446d8bfb5ee6625d9c15688be7bc41a38dbac9a7bc8e103:segment:003,3,6370.0,6299,activities/067_260425073220.csv,1,1,0,0
fit:e47555f16f02711dc446d8bfb5ee6625d9c15688be7bc41a38dbac9a7bc8e103,2026-04-25T07:18:32+00:00,1724,272,170,81,4.166,586.4000000000001,15,fit:e47555f16f02711dc446d8bfb5ee6625d9c15688be7bc41a38dbac9a7bc8e103:segment:003,3,6371.0,6300,activities/067_260425073220.csv,1,1,0,0
fit:e47555f16f02711dc446d8bfb5ee6625d9c15688be7bc41a38dbac9a7bc8e103,2026-04-25T07:18:33+00:00,1725,310,169,72,4.23,586.4000000000001,15,fit:e47555f16f02711dc446d8bfb5ee6625d9c15688be7bc41a38dbac9a7bc8e103:segment:003,3,6372.0,6301,activities/067_260425073220.csv,1,1,0,0
fit:e47555f16f02711dc446d8bfb5ee6625d9c15688be7bc41a38dbac9a7bc8e103,2026-04-25T07:18:34+00:00,1726,270,169,76,4.366,587.4000000000001,15,fit:e47555f16f02711dc446d8bfb5ee6625d9c15688be7bc41a38dbac9a7bc8e103:segment:003,3,6373.0,6302,activities/067_260425073220.csv,1,1,0,0
fit:e47555f16f02711dc446d8bfb5ee6625d9c15688be7bc41a38dbac9a7bc8e103,2026-04-25T07:18:35+00:00,1727,270,169,77,4.446,587.8,15,fit:e47555f16f02711dc446d8bfb5ee6625d9c15688be7bc41a38dbac9a7bc8e103:segment:003,3,6374.0,6303,activities/067_260425073220.csv,1,1,0,0
fit:e47555f16f02711dc446d8bfb5ee6625d9c15688be7bc41a38dbac9a7bc8e103,2026-04-25T07:18:36+00:00,1728,267,169,77,4.48,588.5999999999999,15,fit:e47555f16f02711dc446d8bfb5ee6625d9c15688be7bc41a38dbac9a7bc8e103:segment:003,3,6375.0,6304,activities/067_260425073220.csv,1,1,0,0
fit:e47555f16f02711dc446d8bfb5ee6625d9c15688be7bc41a38dbac9a7bc8e103,2026-04-25T07:18:37+00:00,1729,264,169,77,4.63,588.5999999999999,15,fit:e47555f16f02711dc446d8bfb5ee6625d9c15688be7bc41a38dbac9a7bc8e103:segment:003,3,6376.0,6305,activities/067_260425073220.csv,1,1,0,0
fit:e47555f16f02711dc446d8bfb5ee6625d9c15688be7bc41a38dbac9a7bc8e103,2026-04-25T07:18:38+00:00,1730,280,169,77,4.606,588.5999999999999,15,fit:e47555f16f02711dc446d8bfb5ee6625d9c15688be7bc41a38dbac9a7bc8e103:segment:003,3,6377.0,6306,activities/067_260425073220.csv,1,1,0,0
fit:e47555f16f02711dc446d8bfb5ee6625d9c15688be7bc41a38dbac9a7bc8e103,2026-04-25T07:18:39+00:00,1731,298,169,77,4.553,588.5999999999999,15,fit:e47555f16f02711dc446d8bfb5ee6625d9c15688be7bc41a38dbac9a7bc8e103:segment:003,3,6378.0,6307,activities/067_260425073220.csv,1,1,0,0
fit:e47555f16f02711dc446d8bfb5ee6625d9c15688be7bc41a38dbac9a7bc8e103,2026-04-25T07:18:40+00:00,1732,273,169,76,4.52,588.5999999999999,15,fit:e47555f16f02711dc446d8bfb5ee6625d9c15688be7bc41a38dbac9a7bc8e103:segment:003,3,6379.0,6308,activities/067_260425073220.csv,1,1,0,0
fit:e47555f16f02711dc446d8bfb5ee6625d9c15688be7bc41a38dbac9a7bc8e103,2026-04-25T07:18:41+00:00,1733,277,169,75,4.46,589.2,15,fit:e47555f16f02711dc446d8bfb5ee6625d9c15688be7bc41a38dbac9a7bc8e103:segment:003,3,6380.0,6309,activities/067_260425073220.csv,1,1,0,0
fit:e47555f16f02711dc446d8bfb5ee6625d9c15688be7bc41a38dbac9a7bc8e103,2026-04-25T07:18:42+00:00,1734,311,169,75,4.361,589.5999999999999,15,fit:e47555f16f02711dc446d8bfb5ee6625d9c15688be7bc41a38dbac9a7bc8e103:segment:003,3,6381.0,6310,activities/067_260425073220.csv,1,1,0,0
fit:e47555f16f02711dc446d8bfb5ee6625d9c15688be7bc41a38dbac9a7bc8e103,2026-04-25T07:18:43+00:00,1735,306,168,75,4.332,589.5999999999999,15,fit:e47555f16f02711dc446d8bfb5ee6625d9c15688be7bc41a38dbac9a7bc8e103:segment:003,3,6382.0,6311,activities/067_260425073220.csv,1,1,0,0
fit:e47555f16f02711dc446d8bfb5ee6625d9c15688be7bc41a38dbac9a7bc8e103,2026-04-25T07:18:44+00:00,1736,275,168,75,4.352,589.5999999999999,15,fit:e47555f16f02711dc446d8bfb5ee6625d9c15688be7bc41a38dbac9a7bc8e103:segment:003,3,6383.0,6312,activities/067_260425073220.csv,1,1,0,0
fit:e47555f16f02711dc446d8bfb5ee6625d9c15688be7bc41a38dbac9a7bc8e103,2026-04-25T07:18:45+00:00,1737,315,168,73,4.494,589.5999999999999,15,fit:e47555f16f02711dc446d8bfb5ee6625d9c15688be7bc41a38dbac9a7bc8e103:segment:003,3,6384.0,6313,activities/067_260425073220.csv,1,1,0,0
fit:e47555f16f02711dc446d8bfb5ee6625d9c15688be7bc41a38dbac9a7bc8e103,2026-04-25T07:18:46+00:00,1738,149,168,73,4.543,590.4000000000001,15,fit:e47555f16f02711dc446d8bfb5ee6625d9c15688be7bc41a38dbac9a7bc8e103:segment:003,3,6385.0,6314,activities/067_260425073220.csv,1,1,0,0
fit:e47555f16f02711dc446d8bfb5ee6625d9c15688be7bc41a38dbac9a7bc8e103,2026-04-25T07:18:47+00:00,1739,263,168,79,4.27,591.0,15,fit:e47555f16f02711dc446d8bfb5ee6625d9c15688be7bc41a38dbac9a7bc8e103:segment:003,3,6386.0,6315,activities/067_260425073220.csv,1,1,0,0
fit:e47555f16f02711dc446d8bfb5ee6625d9c15688be7bc41a38dbac9a7bc8e103,2026-04-25T07:18:48+00:00,1740,270,168,79,4.236,591.0,15,fit:e47555f16f02711dc446d8bfb5ee6625d9c15688be7bc41a38dbac9a7bc8e103:segment:003,3,6387.0,6316,activities/067_260425073220.csv,1,1,0,0
fit:e47555f16f02711dc446d8bfb5ee6625d9c15688be7bc41a38dbac9a7bc8e103,2026-04-25T07:18:49+00:00,1741,268,168,78,4.131,591.0,15,fit:e47555f16f02711dc446d8bfb5ee6625d9c15688be7bc41a38dbac9a7bc8e103:segment:003,3,6388.0,6317,activities/067_260425073220.csv,1,1,0,0
fit:e47555f16f02711dc446d8bfb5ee6625d9c15688be7bc41a38dbac9a7bc8e103,2026-04-25T07:18:50+00:00,1742,269,168,77,4.116,591.0,15,fit:e47555f16f02711dc446d8bfb5ee6625d9c15688be7bc41a38dbac9a7bc8e103:segment:003,3,6389.0,6318,activities/067_260425073220.csv,1,1,0,0
fit:e47555f16f02711dc446d8bfb5ee6625d9c15688be7bc41a38dbac9a7bc8e103,2026-04-25T07:18:51+00:00,1743,279,167,77,4.073,591.0,15,fit:e47555f16f02711dc446d8bfb5ee6625d9c15688be7bc41a38dbac9a7bc8e103:segment:003,3,6390.0,6319,activities/067_260425073220.csv,1,1,0,0
fit:e47555f16f02711dc446d8bfb5ee6625d9c15688be7bc41a38dbac9a7bc8e103,2026-04-25T07:18:52+00:00,1744,288,167,78,4.064,591.5999999999999,15,fit:e47555f16f02711dc446d8bfb5ee6625d9c15688be7bc41a38dbac9a7bc8e103:segment:003,3,6391.0,6320,activities/067_260425073220.csv,1,1,0,0
fit:e47555f16f02711dc446d8bfb5ee6625d9c15688be7bc41a38dbac9a7bc8e103,2026-04-25T07:18:53+00:00,1745,288,167,78,4.051,592.4000000000001,15,fit:e47555f16f02711dc446d8bfb5ee6625d9c15688be7bc41a38dbac9a7bc8e103:segment:003,3,6392.0,6321,activities/067_260425073220.csv,1,1,0,0
fit:e47555f16f02711dc446d8bfb5ee6625d9c15688be7bc41a38dbac9a7bc8e103,2026-04-25T07:18:54+00:00,1746,281,167,79,3.968,593.0,15,fit:e47555f16f02711dc446d8bfb5ee6625d9c15688be7bc41a38dbac9a7bc8e103:segment:003,3,6393.0,6322,activities/067_260425073220.csv,1,1,0,0
fit:e47555f16f02711dc446d8bfb5ee6625d9c15688be7bc41a38dbac9a7bc8e103,2026-04-25T07:18:55+00:00,1747,296,167,79,4.002,593.0,15,fit:e47555f16f02711dc446d8bfb5ee6625d9c15688be7bc41a38dbac9a7bc8e103:segment:003,3,6394.0,6323,activities/067_260425073220.csv,1,1,0,0
fit:e47555f16f02711dc446d8bfb5ee6625d9c15688be7bc41a38dbac9a7bc8e103,2026-04-25T07:18:56+00:00,1748,304,167,79,4.108,593.0,15,fit:e47555f16f02711dc446d8bfb5ee6625d9c15688be7bc41a38dbac9a7bc8e103:segment:003,3,6395.0,6324,activities/067_260425073220.csv,1,1,0,0
fit:e47555f16f02711dc446d8bfb5ee6625d9c15688be7bc41a38dbac9a7bc8e103,2026-04-25T07:18:57+00:00,1749,328,167,79,4.081,593.0,15,fit:e47555f16f02711dc446d8bfb5ee6625d9c15688be7bc41a38dbac9a7bc8e103:segment:003,3,6396.0,6325,activities/067_260425073220.csv,1,1,0,0
fit:e47555f16f02711dc446d8bfb5ee6625d9c15688be7bc41a38dbac9a7bc8e103,2026-04-25T07:18:58+00:00,1750,310,167,81,4.179,593.4000000000001,15,fit:e47555f16f02711dc446d8bfb5ee6625d9c15688be7bc41a38dbac9a7bc8e103:segment:003,3,6397.0,6326,activities/067_260425073220.csv,1,1,0,0
fit:e47555f16f02711dc446d8bfb5ee6625d9c15688be7bc41a38dbac9a7bc8e103,2026-04-25T07:18:59+00:00,1751,285,167,81,4.193,593.4000000000001,15,fit:e47555f16f02711dc446d8bfb5ee6625d9c15688be7bc41a38dbac9a7bc8e103:segment:003,3,6398.0,6327,activities/067_260425073220.csv,1,1,0,0
fit:e47555f16f02711dc446d8bfb5ee6625d9c15688be7bc41a38dbac9a7bc8e103,2026-04-25T07:19:00+00:00,1752,335,167,80,4.079,593.4000000000001,15,fit:e47555f16f02711dc446d8bfb5ee6625d9c15688be7bc41a38dbac9a7bc8e103:segment:003,3,6399.0,6328,activities/067_260425073220.csv,1,1,0,0
fit:e47555f16f02711dc446d8bfb5ee6625d9c15688be7bc41a38dbac9a7bc8e103,2026-04-25T07:19:01+00:00,1753,316,167,81,4.129,593.4000000000001,15,fit:e47555f16f02711dc446d8bfb5ee6625d9c15688be7bc41a38dbac9a7bc8e103:segment:003,3,6400.0,6329,activities/067_260425073220.csv,1,1,0,0
fit:e47555f16f02711dc446d8bfb5ee6625d9c15688be7bc41a38dbac9a7bc8e103,2026-04-25T07:19:02+00:00,1754,327,168,82,4.227,594.4000000000001,15,fit:e47555f16f02711dc446d8bfb5ee6625d9c15688be7bc41a38dbac9a7bc8e103:segment:003,3,6401.0,6330,activities/067_260425073220.csv,1,1,0,0
fit:e47555f16f02711dc446d8bfb5ee6625d9c15688be7bc41a38dbac9a7bc8e103,2026-04-25T07:19:03+00:00,1755,290,168,82,4.237,594.4000000000001,15,fit:e47555f16f02711dc446d8bfb5ee6625d9c15688be7bc41a38dbac9a7bc8e103:segment:003,3,6402.0,6331,activities/067_260425073220.csv,1,1,0,0
fit:e47555f16f02711dc446d8bfb5ee6625d9c15688be7bc41a38dbac9a7bc8e103,2026-04-25T07:19:04+00:00,1756,310,168,84,4.173,595.4000000000001,15,fit:e47555f16f02711dc446d8bfb5ee6625d9c15688be7bc41a38dbac9a7bc8e103:segment:003,3,6403.0,6332,activities/067_260425073220.csv,1,1,0,0
fit:e47555f16f02711dc446d8bfb5ee6625d9c15688be7bc41a38dbac9a7bc8e103,2026-04-25T07:19:05+00:00,1757,321,169,87,4.297,595.4000000000001,15,fit:e47555f16f02711dc446d8bfb5ee6625d9c15688be7bc41a38dbac9a7bc8e103:segment:003,3,6404.0,6333,activities/067_260425073220.csv,1,1,0,0
fit:e47555f16f02711dc446d8bfb5ee6625d9c15688be7bc41a38dbac9a7bc8e103,2026-04-25T07:19:06+00:00,1758,236,169,90,4.401,595.4000000000001,15,fit:e47555f16f02711dc446d8bfb5ee6625d9c15688be7bc41a38dbac9a7bc8e103:segment:003,3,6405.0,6334,activities/067_260425073220.csv,1,1,0,0
fit:e47555f16f02711dc446d8bfb5ee6625d9c15688be7bc41a38dbac9a7bc8e103,2026-04-25T07:19:07+00:00,1759,262,169,83,4.602,595.4000000000001,15,fit:e47555f16f02711dc446d8bfb5ee6625d9c15688be7bc41a38dbac9a7bc8e103:segment:003,3,6406.0,6335,activities/067_260425073220.csv,1,1,0,0
fit:e47555f16f02711dc446d8bfb5ee6625d9c15688be7bc41a38dbac9a7bc8e103,2026-04-25T07:19:08+00:00,1760,334,169,83,4.596,595.4000000000001,15,fit:e47555f16f02711dc446d8bfb5ee6625d9c15688be7bc41a38dbac9a7bc8e103:segment:003,3,6407.0,6336,activities/067_260425073220.csv,1,1,0,0
fit:e47555f16f02711dc446d8bfb5ee6625d9c15688be7bc41a38dbac9a7bc8e103,2026-04-25T07:19:09+00:00,1761,282,169,83,4.54,596.4000000000001,15,fit:e47555f16f02711dc446d8bfb5ee6625d9c15688be7bc41a38dbac9a7bc8e103:segment:003,3,6408.0,6337,activities/067_260425073220.csv,1,1,0,0
fit:e47555f16f02711dc446d8bfb5ee6625d9c15688be7bc41a38dbac9a7bc8e103,2026-04-25T07:19:10+00:00,1762,314,169,84,4.458,596.5999999999999,15,fit:e47555f16f02711dc446d8bfb5ee6625d9c15688be7bc41a38dbac9a7bc8e103:segment:003,3,6409.0,6338,activities/067_260425073220.csv,1,1,0,0
fit:e47555f16f02711dc446d8bfb5ee6625d9c15688be7bc41a38dbac9a7bc8e103,2026-04-25T07:19:11+00:00,1763,325,169,86,4.507,597.4000000000001,15,fit:e47555f16f02711dc446d8bfb5ee6625d9c15688be7bc41a38dbac9a7bc8e103:segment:003,3,6410.0,6339,activities/067_260425073220.csv,1,1,0,0
fit:e47555f16f02711dc446d8bfb5ee6625d9c15688be7bc41a38dbac9a7bc8e103,2026-04-25T07:19:12+00:00,1764,274,169,87,4.503,597.5999999999999,15,fit:e47555f16f02711dc446d8bfb5ee6625d9c15688be7bc41a38dbac9a7bc8e103:segment:003,3,6411.0,6340,activities/067_260425073220.csv,1,1,0,0
fit:e47555f16f02711dc446d8bfb5ee6625d9c15688be7bc41a38dbac9a7bc8e103,2026-04-25T07:19:13+00:00,1765,244,169,87,4.622,597.5999999999999,15,fit:e47555f16f02711dc446d8bfb5ee6625d9c15688be7bc41a38dbac9a7bc8e103:segment:003,3,6412.0,6341,activities/067_260425073220.csv,1,1,0,0
fit:e47555f16f02711dc446d8bfb5ee6625d9c15688be7bc41a38dbac9a7bc8e103,2026-04-25T07:19:14+00:00,1766,268,169,87,4.483,597.5999999999999,15,fit:e47555f16f02711dc446d8bfb5ee6625d9c15688be7bc41a38dbac9a7bc8e103:segment:003,3,6413.0,6342,activities/067_260425073220.csv,1,1,0,0
fit:e47555f16f02711dc446d8bfb5ee6625d9c15688be7bc41a38dbac9a7bc8e103,2026-04-25T07:19:15+00:00,1767,304,169,88,4.616,597.5999999999999,15,fit:e47555f16f02711dc446d8bfb5ee6625d9c15688be7bc41a38dbac9a7bc8e103:segment:003,3,6414.0,6343,activities/067_260425073220.csv,1,1,0,0
fit:e47555f16f02711dc446d8bfb5ee6625d9c15688be7bc41a38dbac9a7bc8e103,2026-04-25T07:19:16+00:00,1768,369,169,89,4.738,597.5999999999999,15,fit:e47555f16f02711dc446d8bfb5ee6625d9c15688be7bc41a38dbac9a7bc8e103:segment:003,3,6415.0,6344,activities/067_260425073220.csv,1,1,0,0
fit:e47555f16f02711dc446d8bfb5ee6625d9c15688be7bc41a38dbac9a7bc8e103,2026-04-25T07:19:17+00:00,1769,329,169,82,4.548,597.5999999999999,15,fit:e47555f16f02711dc446d8bfb5ee6625d9c15688be7bc41a38dbac9a7bc8e103:segment:003,3,6416.0,6345,activities/067_260425073220.csv,1,1,0,0
fit:e47555f16f02711dc446d8bfb5ee6625d9c15688be7bc41a38dbac9a7bc8e103,2026-04-25T07:19:18+00:00,1770,297,169,82,4.875,598.0,15,fit:e47555f16f02711dc446d8bfb5ee6625d9c15688be7bc41a38dbac9a7bc8e103:segment:003,3,6417.0,6346,activities/067_260425073220.csv,1,1,0,0
fit:e47555f16f02711dc446d8bfb5ee6625d9c15688be7bc41a38dbac9a7bc8e103,2026-04-25T07:19:19+00:00,1771,280,169,83,4.836,599.0,15,fit:e47555f16f02711dc446d8bfb5ee6625d9c15688be7bc41a38dbac9a7bc8e103:segment:003,3,6418.0,6347,activities/067_260425073220.csv,1,1,0,0
fit:e47555f16f02711dc446d8bfb5ee6625d9c15688be7bc41a38dbac9a7bc8e103,2026-04-25T07:19:20+00:00,1772,293,169,84,4.953,599.4000000000001,15,fit:e47555f16f02711dc446d8bfb5ee6625d9c15688be7bc41a38dbac9a7bc8e103:segment:003,3,6419.0,6348,activities/067_260425073220.csv,1,1,0,0
fit:e47555f16f02711dc446d8bfb5ee6625d9c15688be7bc41a38dbac9a7bc8e103,2026-04-25T07:19:21+00:00,1773,303,169,85,5.163,599.5999999999999,15,fit:e47555f16f02711dc446d8bfb5ee6625d9c15688be7bc41a38dbac9a7bc8e103:segment:003,3,6420.0,6349,activities/067_260425073220.csv,1,1,0,0
fit:e47555f16f02711dc446d8bfb5ee6625d9c15688be7bc41a38dbac9a7bc8e103,2026-04-25T07:19:22+00:00,1774,286,169,87,5.397,599.5999999999999,15,fit:e47555f16f02711dc446d8bfb5ee6625d9c15688be7bc41a38dbac9a7bc8e103:segment:003,3,6421.0,6350,activities/067_260425073220.csv,1,1,0,0
fit:e47555f16f02711dc446d8bfb5ee6625d9c15688be7bc41a38dbac9a7bc8e103,2026-04-25T07:19:23+00:00,1775,264,169,87,5.658,599.5999999999999,15,fit:e47555f16f02711dc446d8bfb5ee6625d9c15688be7bc41a38dbac9a7bc8e103:segment:003,3,6422.0,6351,activities/067_260425073220.csv,1,1,0,0
fit:e47555f16f02711dc446d8bfb5ee6625d9c15688be7bc41a38dbac9a7bc8e103,2026-04-25T07:19:24+00:00,1776,313,169,88,5.691,599.5999999999999,15,fit:e47555f16f02711dc446d8bfb5ee6625d9c15688be7bc41a38dbac9a7bc8e103:segment:003,3,6423.0,6352,activities/067_260425073220.csv,1,1,0,0
fit:e47555f16f02711dc446d8bfb5ee6625d9c15688be7bc41a38dbac9a7bc8e103,2026-04-25T07:19:25+00:00,1777,284,169,89,5.759,600.0,15,fit:e47555f16f02711dc446d8bfb5ee6625d9c15688be7bc41a38dbac9a7bc8e103:segment:003,3,6424.0,6353,activities/067_260425073220.csv,1,1,0,0
fit:e47555f16f02711dc446d8bfb5ee6625d9c15688be7bc41a38dbac9a7bc8e103,2026-04-25T07:19:26+00:00,1778,256,169,90,5.826,600.2,15,fit:e47555f16f02711dc446d8bfb5ee6625d9c15688be7bc41a38dbac9a7bc8e103:segment:003,3,6425.0,6354,activities/067_260425073220.csv,1,1,0,0
fit:e47555f16f02711dc446d8bfb5ee6625d9c15688be7bc41a38dbac9a7bc8e103,2026-04-25T07:19:27+00:00,1779,206,169,90,5.871,600.4000000000001,15,fit:e47555f16f02711dc446d8bfb5ee6625d9c15688be7bc41a38dbac9a7bc8e103:segment:003,3,6426.0,6355,activities/067_260425073220.csv,1,1,0,0
fit:e47555f16f02711dc446d8bfb5ee6625d9c15688be7bc41a38dbac9a7bc8e103,2026-04-25T07:19:28+00:00,1780,210,169,89,5.876,601.2,15,fit:e47555f16f02711dc446d8bfb5ee6625d9c15688be7bc41a38dbac9a7bc8e103:segment:003,3,6427.0,6356,activities/067_260425073220.csv,1,1,0,0
fit:e47555f16f02711dc446d8bfb5ee6625d9c15688be7bc41a38dbac9a7bc8e103,2026-04-25T07:19:29+00:00,1781,257,169,89,5.917,601.2,15,fit:e47555f16f02711dc446d8bfb5ee6625d9c15688be7bc41a38dbac9a7bc8e103:segment:003,3,6428.0,6357,activities/067_260425073220.csv,1,1,0,0
fit:e47555f16f02711dc446d8bfb5ee6625d9c15688be7bc41a38dbac9a7bc8e103,2026-04-25T07:19:30+00:00,1782,140,169,85,5.911,601.2,15,fit:e47555f16f02711dc446d8bfb5ee6625d9c15688be7bc41a38dbac9a7bc8e103:segment:003,3,6429.0,6358,activities/067_260425073220.csv,1,1,0,0
fit:e47555f16f02711dc446d8bfb5ee6625d9c15688be7bc41a38dbac9a7bc8e103,2026-04-25T07:19:31+00:00,1783,353,169,86,5.989,601.2,15,fit:e47555f16f02711dc446d8bfb5ee6625d9c15688be7bc41a38dbac9a7bc8e103:segment:003,3,6430.0,6359,activities/067_260425073220.csv,1,1,0,0
fit:e47555f16f02711dc446d8bfb5ee6625d9c15688be7bc41a38dbac9a7bc8e103,2026-04-25T07:19:32+00:00,1784,282,169,90,6.132,601.2,15,fit:e47555f16f02711dc446d8bfb5ee6625d9c15688be7bc41a38dbac9a7bc8e103:segment:003,3,6431.0,6360,activities/067_260425073220.csv,1,1,0,0
fit:e47555f16f02711dc446d8bfb5ee6625d9c15688be7bc41a38dbac9a7bc8e103,2026-04-25T07:19:33+00:00,1785,282,169,90,6.452,601.2,15,fit:e47555f16f02711dc446d8bfb5ee6625d9c15688be7bc41a38dbac9a7bc8e103:segment:003,3,6432.0,6361,activities/067_260425073220.csv,1,1,0,0
fit:e47555f16f02711dc446d8bfb5ee6625d9c15688be7bc41a38dbac9a7bc8e103,2026-04-25T07:19:34+00:00,1786,239,168,91,6.45,601.2,15,fit:e47555f16f02711dc446d8bfb5ee6625d9c15688be7bc41a38dbac9a7bc8e103:segment:003,3,6433.0,6362,activities/067_260425073220.csv,1,1,0,0
fit:e47555f16f02711dc446d8bfb5ee6625d9c15688be7bc41a38dbac9a7bc8e103,2026-04-25T07:19:35+00:00,1787,197,168,91,6.366,601.2,15,fit:e47555f16f02711dc446d8bfb5ee6625d9c15688be7bc41a38dbac9a7bc8e103:segment:003,3,6434.0,6363,activities/067_260425073220.csv,1,1,0,0
fit:e47555f16f02711dc446d8bfb5ee6625d9c15688be7bc41a38dbac9a7bc8e103,2026-04-25T07:19:36+00:00,1788,192,168,91,6.306,601.2,15,fit:e47555f16f02711dc446d8bfb5ee6625d9c15688be7bc41a38dbac9a7bc8e103:segment:003,3,6435.0,6364,activities/067_260425073220.csv,1,1,0,0
fit:e47555f16f02711dc446d8bfb5ee6625d9c15688be7bc41a38dbac9a7bc8e103,2026-04-25T07:19:37+00:00,1789,180,168,91,6.391,601.2,15,fit:e47555f16f02711dc446d8bfb5ee6625d9c15688be7bc41a38dbac9a7bc8e103:segment:003,3,6436.0,6365,activities/067_260425073220.csv,1,1,0,0
fit:e47555f16f02711dc446d8bfb5ee6625d9c15688be7bc41a38dbac9a7bc8e103,2026-04-25T07:19:38+00:00,1790,180,168,90,6.248,601.8,15,fit:e47555f16f02711dc446d8bfb5ee6625d9c15688be7bc41a38dbac9a7bc8e103:segment:003,3,6437.0,6366,activities/067_260425073220.csv,1,1,0,0
fit:e47555f16f02711dc446d8bfb5ee6625d9c15688be7bc41a38dbac9a7bc8e103,2026-04-25T07:19:39+00:00,1791,220,168,88,6.354,602.2,15,fit:e47555f16f02711dc446d8bfb5ee6625d9c15688be7bc41a38dbac9a7bc8e103:segment:003,3,6438.0,6367,activities/067_260425073220.csv,1,1,0,0
fit:e47555f16f02711dc446d8bfb5ee6625d9c15688be7bc41a38dbac9a7bc8e103,2026-04-25T07:19:40+00:00,1792,270,168,87,6.235,602.2,15,fit:e47555f16f02711dc446d8bfb5ee6625d9c15688be7bc41a38dbac9a7bc8e103:segment:003,3,6439.0,6368,activities/067_260425073220.csv,1,1,0,0
fit:e47555f16f02711dc446d8bfb5ee6625d9c15688be7bc41a38dbac9a7bc8e103,2026-04-25T07:19:41+00:00,1793,257,168,87,6.249,602.2,15,fit:e47555f16f02711dc446d8bfb5ee6625d9c15688be7bc41a38dbac9a7bc8e103:segment:003,3,6440.0,6369,activities/067_260425073220.csv,1,1,0,0
fit:e47555f16f02711dc446d8bfb5ee6625d9c15688be7bc41a38dbac9a7bc8e103,2026-04-25T07:19:42+00:00,1794,286,168,85,5.959,602.2,15,fit:e47555f16f02711dc446d8bfb5ee6625d9c15688be7bc41a38dbac9a7bc8e103:segment:003,3,6441.0,6370,activities/067_260425073220.csv,1,1,0,0
fit:e47555f16f02711dc446d8bfb5ee6625d9c15688be7bc41a38dbac9a7bc8e103,2026-04-25T07:19:43+00:00,1795,286,168,85,5.852,602.2,15,fit:e47555f16f02711dc446d8bfb5ee6625d9c15688be7bc41a38dbac9a7bc8e103:segment:003,3,6442.0,6371,activities/067_260425073220.csv,1,1,0,0
fit:e47555f16f02711dc446d8bfb5ee6625d9c15688be7bc41a38dbac9a7bc8e103,2026-04-25T07:19:44+00:00,1796,205,168,84,5.932,602.2,15,fit:e47555f16f02711dc446d8bfb5ee6625d9c15688be7bc41a38dbac9a7bc8e103:segment:003,3,6443.0,6372,activities/067_260425073220.csv,1,1,0,0
fit:e47555f16f02711dc446d8bfb5ee6625d9c15688be7bc41a38dbac9a7bc8e103,2026-04-25T07:19:45+00:00,1797,206,168,88,5.855,602.2,15,fit:e47555f16f02711dc446d8bfb5ee6625d9c15688be7bc41a38dbac9a7bc8e103:segment:003,3,6444.0,6373,activities/067_260425073220.csv,1,1,0,0
fit:e47555f16f02711dc446d8bfb5ee6625d9c15688be7bc41a38dbac9a7bc8e103,2026-04-25T07:19:46+00:00,1798,256,167,90,6.056,602.2,15,fit:e47555f16f02711dc446d8bfb5ee6625d9c15688be7bc41a38dbac9a7bc8e103:segment:003,3,6445.0,6374,activities/067_260425073220.csv,1,1,0,0
fit:e47555f16f02711dc446d8bfb5ee6625d9c15688be7bc41a38dbac9a7bc8e103,2026-04-25T07:19:47+00:00,1799,271,167,87,5.796,602.2,15,fit:e47555f16f02711dc446d8bfb5ee6625d9c15688be7bc41a38dbac9a7bc8e103:segment:003,3,6446.0,6375,activities/067_260425073220.csv,1,1,0,0
fit:e47555f16f02711dc446d8bfb5ee6625d9c15688be7bc41a38dbac9a7bc8e103,2026-04-25T07:19:48+00:00,1800,256,167,87,5.623,603.2,15,fit:e47555f16f02711dc446d8bfb5ee6625d9c15688be7bc41a38dbac9a7bc8e103:segment:003,3,6447.0,6376,activities/067_260425073220.csv,1,1,0,0
fit:e47555f16f02711dc446d8bfb5ee6625d9c15688be7bc41a38dbac9a7bc8e103,2026-04-25T07:19:49+00:00,1801,260,167,86,5.241,604.2,15,fit:e47555f16f02711dc446d8bfb5ee6625d9c15688be7bc41a38dbac9a7bc8e103:segment:003,3,6448.0,6377,activities/067_260425073220.csv,1,1,0,0
fit:e47555f16f02711dc446d8bfb5ee6625d9c15688be7bc41a38dbac9a7bc8e103,2026-04-25T07:19:50+00:00,1802,276,167,84,4.804,604.8,15,fit:e47555f16f02711dc446d8bfb5ee6625d9c15688be7bc41a38dbac9a7bc8e103:segment:003,3,6449.0,6378,activities/067_260425073220.csv,1,1,0,0
fit:e47555f16f02711dc446d8bfb5ee6625d9c15688be7bc41a38dbac9a7bc8e103,2026-04-25T07:19:51+00:00,1803,281,167,84,5.127,604.8,15,fit:e47555f16f02711dc446d8bfb5ee6625d9c15688be7bc41a38dbac9a7bc8e103:segment:003,3,6450.0,6379,activities/067_260425073220.csv,1,1,0,0
fit:e47555f16f02711dc446d8bfb5ee6625d9c15688be7bc41a38dbac9a7bc8e103,2026-04-25T07:19:52+00:00,1804,273,167,83,4.988,605.8,15,fit:e47555f16f02711dc446d8bfb5ee6625d9c15688be7bc41a38dbac9a7bc8e103:segment:003,3,6451.0,6380,activities/067_260425073220.csv,1,1,0,0
fit:e47555f16f02711dc446d8bfb5ee6625d9c15688be7bc41a38dbac9a7bc8e103,2026-04-25T07:19:53+00:00,1805,286,166,83,4.999,606.0,15,fit:e47555f16f02711dc446d8bfb5ee6625d9c15688be7bc41a38dbac9a7bc8e103:segment:003,3,6452.0,6381,activities/067_260425073220.csv,1,1,0,0
fit:e47555f16f02711dc446d8bfb5ee6625d9c15688be7bc41a38dbac9a7bc8e103,2026-04-25T07:19:54+00:00,1806,272,166,84,4.748,606.4000000000001,15,fit:e47555f16f02711dc446d8bfb5ee6625d9c15688be7bc41a38dbac9a7bc8e103:segment:003,3,6453.0,6382,activities/067_260425073220.csv,1,1,0,0
fit:e47555f16f02711dc446d8bfb5ee6625d9c15688be7bc41a38dbac9a7bc8e103,2026-04-25T07:19:55+00:00,1807,278,166,84,4.842,606.8,15,fit:e47555f16f02711dc446d8bfb5ee6625d9c15688be7bc41a38dbac9a7bc8e103:segment:003,3,6454.0,6383,activities/067_260425073220.csv,1,1,0,0
fit:e47555f16f02711dc446d8bfb5ee6625d9c15688be7bc41a38dbac9a7bc8e103,2026-04-25T07:19:56+00:00,1808,298,166,84,4.943,607.0,15,fit:e47555f16f02711dc446d8bfb5ee6625d9c15688be7bc41a38dbac9a7bc8e103:segment:003,3,6455.0,6384,activities/067_260425073220.csv,1,1,0,0
fit:e47555f16f02711dc446d8bfb5ee6625d9c15688be7bc41a38dbac9a7bc8e103,2026-04-25T07:19:57+00:00,1809,256,166,83,4.754,607.2,15,fit:e47555f16f02711dc446d8bfb5ee6625d9c15688be7bc41a38dbac9a7bc8e103:segment:003,3,6456.0,6385,activities/067_260425073220.csv,1,1,0,0
fit:e47555f16f02711dc446d8bfb5ee6625d9c15688be7bc41a38dbac9a7bc8e103,2026-04-25T07:19:58+00:00,1810,303,165,83,4.879,607.2,15,fit:e47555f16f02711dc446d8bfb5ee6625d9c15688be7bc41a38dbac9a7bc8e103:segment:003,3,6457.0,6386,activities/067_260425073220.csv,1,1,0,0
fit:e47555f16f02711dc446d8bfb5ee6625d9c15688be7bc41a38dbac9a7bc8e103,2026-04-25T07:19:59+00:00,1811,322,165,81,4.98,607.2,15,fit:e47555f16f02711dc446d8bfb5ee6625d9c15688be7bc41a38dbac9a7bc8e103:segment:003,3,6458.0,6387,activities/067_260425073220.csv,1,1,0,0
fit:e47555f16f02711dc446d8bfb5ee6625d9c15688be7bc41a38dbac9a7bc8e103,2026-04-25T07:20:00+00:00,1812,322,165,82,5.118,607.2,15,fit:e47555f16f02711dc446d8bfb5ee6625d9c15688be7bc41a38dbac9a7bc8e103:segment:003,3,6459.0,6388,activities/067_260425073220.csv,1,1,0,0
fit:e47555f16f02711dc446d8bfb5ee6625d9c15688be7bc41a38dbac9a7bc8e103,2026-04-25T07:20:01+00:00,1813,327,165,80,5.357,608.2,15,fit:e47555f16f02711dc446d8bfb5ee6625d9c15688be7bc41a38dbac9a7bc8e103:segment:003,3,6460.0,6389,activities/067_260425073220.csv,1,1,0,0
fit:e47555f16f02711dc446d8bfb5ee6625d9c15688be7bc41a38dbac9a7bc8e103,2026-04-25T07:20:02+00:00,1814,325,165,78,5.12,608.5999999999999,15,fit:e47555f16f02711dc446d8bfb5ee6625d9c15688be7bc41a38dbac9a7bc8e103:segment:003,3,6461.0,6390,activities/067_260425073220.csv,1,1,0,0
fit:e47555f16f02711dc446d8bfb5ee6625d9c15688be7bc41a38dbac9a7bc8e103,2026-04-25T07:20:03+00:00,1815,337,166,77,5.169,609.4000000000001,15,fit:e47555f16f02711dc446d8bfb5ee6625d9c15688be7bc41a38dbac9a7bc8e103:segment:003,3,6462.0,6391,activities/067_260425073220.csv,1,1,0,0
fit:e47555f16f02711dc446d8bfb5ee6625d9c15688be7bc41a38dbac9a7bc8e103,2026-04-25T07:20:04+00:00,1816,336,165,77,5.192,609.8,15,fit:e47555f16f02711dc446d8bfb5ee6625d9c15688be7bc41a38dbac9a7bc8e103:segment:003,3,6463.0,6392,activities/067_260425073220.csv,1,1,0,0
fit:e47555f16f02711dc446d8bfb5ee6625d9c15688be7bc41a38dbac9a7bc8e103,2026-04-25T07:20:05+00:00,1817,343,165,75,5.037,609.8,15,fit:e47555f16f02711dc446d8bfb5ee6625d9c15688be7bc41a38dbac9a7bc8e103:segment:003,3,6464.0,6393,activities/067_260425073220.csv,1,1,0,0
fit:e47555f16f02711dc446d8bfb5ee6625d9c15688be7bc41a38dbac9a7bc8e103,2026-04-25T07:20:06+00:00,1818,326,166,75,5.061,610.4000000000001,15,fit:e47555f16f02711dc446d8bfb5ee6625d9c15688be7bc41a38dbac9a7bc8e103:segment:003,3,6465.0,6394,activities/067_260425073220.csv,1,1,0,0
fit:e47555f16f02711dc446d8bfb5ee6625d9c15688be7bc41a38dbac9a7bc8e103,2026-04-25T07:20:07+00:00,1819,352,166,77,4.991,610.8,15,fit:e47555f16f02711dc446d8bfb5ee6625d9c15688be7bc41a38dbac9a7bc8e103:segment:003,3,6466.0,6395,activities/067_260425073220.csv,1,1,0,0
fit:e47555f16f02711dc446d8bfb5ee6625d9c15688be7bc41a38dbac9a7bc8e103,2026-04-25T07:20:08+00:00,1820,354,166,77,5.089,611.5999999999999,15,fit:e47555f16f02711dc446d8bfb5ee6625d9c15688be7bc41a38dbac9a7bc8e103:segment:003,3,6467.0,6396,activities/067_260425073220.csv,1,1,0,0
fit:e47555f16f02711dc446d8bfb5ee6625d9c15688be7bc41a38dbac9a7bc8e103,2026-04-25T07:20:09+00:00,1821,357,166,79,5.084,611.5999999999999,15,fit:e47555f16f02711dc446d8bfb5ee6625d9c15688be7bc41a38dbac9a7bc8e103:segment:003,3,6468.0,6397,activities/067_260425073220.csv,1,1,0,0
fit:e47555f16f02711dc446d8bfb5ee6625d9c15688be7bc41a38dbac9a7bc8e103,2026-04-25T07:20:10+00:00,1822,336,166,81,5.051,611.5999999999999,15,fit:e47555f16f02711dc446d8bfb5ee6625d9c15688be7bc41a38dbac9a7bc8e103:segment:003,3,6469.0,6398,activities/067_260425073220.csv,1,1,0,0
fit:e47555f16f02711dc446d8bfb5ee6625d9c15688be7bc41a38dbac9a7bc8e103,2026-04-25T07:20:11+00:00,1823,283,166,79,5.172,611.5999999999999,15,fit:e47555f16f02711dc446d8bfb5ee6625d9c15688be7bc41a38dbac9a7bc8e103:segment:003,3,6470.0,6399,activities/067_260425073220.csv,1,1,0,0
fit:e47555f16f02711dc446d8bfb5ee6625d9c15688be7bc41a38dbac9a7bc8e103,2026-04-25T07:20:12+00:00,1824,353,166,78,5.126,611.5999999999999,15,fit:e47555f16f02711dc446d8bfb5ee6625d9c15688be7bc41a38dbac9a7bc8e103:segment:003,3,6471.0,6400,activities/067_260425073220.csv,1,1,0,0
fit:e47555f16f02711dc446d8bfb5ee6625d9c15688be7bc41a38dbac9a7bc8e103,2026-04-25T07:20:13+00:00,1825,353,166,78,5.139,612.5999999999999,15,fit:e47555f16f02711dc446d8bfb5ee6625d9c15688be7bc41a38dbac9a7bc8e103:segment:003,3,6472.0,6401,activities/067_260425073220.csv,1,1,0,0
fit:e47555f16f02711dc446d8bfb5ee6625d9c15688be7bc41a38dbac9a7bc8e103,2026-04-25T07:20:14+00:00,1826,335,166,78,5.051,612.8,15,fit:e47555f16f02711dc446d8bfb5ee6625d9c15688be7bc41a38dbac9a7bc8e103:segment:003,3,6473.0,6402,activities/067_260425073220.csv,1,1,0,0
fit:e47555f16f02711dc446d8bfb5ee6625d9c15688be7bc41a38dbac9a7bc8e103,2026-04-25T07:20:15+00:00,1827,319,166,76,4.98,612.8,15,fit:e47555f16f02711dc446d8bfb5ee6625d9c15688be7bc41a38dbac9a7bc8e103:segment:003,3,6474.0,6403,activities/067_260425073220.csv,1,1,0,0
fit:e47555f16f02711dc446d8bfb5ee6625d9c15688be7bc41a38dbac9a7bc8e103,2026-04-25T07:20:16+00:00,1828,335,167,76,5.038,613.8,15,fit:e47555f16f02711dc446d8bfb5ee6625d9c15688be7bc41a38dbac9a7bc8e103:segment:003,3,6475.0,6404,activities/067_260425073220.csv,1,1,0,0
fit:e47555f16f02711dc446d8bfb5ee6625d9c15688be7bc41a38dbac9a7bc8e103,2026-04-25T07:20:17+00:00,1829,344,167,75,4.89,613.8,15,fit:e47555f16f02711dc446d8bfb5ee6625d9c15688be7bc41a38dbac9a7bc8e103:segment:003,3,6476.0,6405,activities/067_260425073220.csv,1,1,0,0
fit:e47555f16f02711dc446d8bfb5ee6625d9c15688be7bc41a38dbac9a7bc8e103,2026-04-25T07:20:18+00:00,1830,340,167,75,5.026,613.8,15,fit:e47555f16f02711dc446d8bfb5ee6625d9c15688be7bc41a38dbac9a7bc8e103:segment:003,3,6477.0,6406,activities/067_260425073220.csv,1,1,0,0
fit:e47555f16f02711dc446d8bfb5ee6625d9c15688be7bc41a38dbac9a7bc8e103,2026-04-25T07:20:19+00:00,1831,353,167,76,4.951,613.8,15,fit:e47555f16f02711dc446d8bfb5ee6625d9c15688be7bc41a38dbac9a7bc8e103:segment:003,3,6478.0,6407,activities/067_260425073220.csv,1,1,0,0
fit:e47555f16f02711dc446d8bfb5ee6625d9c15688be7bc41a38dbac9a7bc8e103,2026-04-25T07:20:20+00:00,1832,348,168,78,5.005,613.8,15,fit:e47555f16f02711dc446d8bfb5ee6625d9c15688be7bc41a38dbac9a7bc8e103:segment:003,3,6479.0,6408,activities/067_260425073220.csv,1,1,0,0
fit:e47555f16f02711dc446d8bfb5ee6625d9c15688be7bc41a38dbac9a7bc8e103,2026-04-25T07:20:21+00:00,1833,362,168,79,4.974,614.5999999999999,15,fit:e47555f16f02711dc446d8bfb5ee6625d9c15688be7bc41a38dbac9a7bc8e103:segment:003,3,6480.0,6409,activities/067_260425073220.csv,1,1,0,0
fit:e47555f16f02711dc446d8bfb5ee6625d9c15688be7bc41a38dbac9a7bc8e103,2026-04-25T07:20:22+00:00,1834,355,168,80,5.145,615.2,15,fit:e47555f16f02711dc446d8bfb5ee6625d9c15688be7bc41a38dbac9a7bc8e103:segment:003,3,6481.0,6410,activities/067_260425073220.csv,1,1,0,0
fit:e47555f16f02711dc446d8bfb5ee6625d9c15688be7bc41a38dbac9a7bc8e103,2026-04-25T07:20:23+00:00,1835,280,168,85,5.427,615.2,15,fit:e47555f16f02711dc446d8bfb5ee6625d9c15688be7bc41a38dbac9a7bc8e103:segment:003,3,6482.0,6411,activities/067_260425073220.csv,1,1,0,0
fit:e47555f16f02711dc446d8bfb5ee6625d9c15688be7bc41a38dbac9a7bc8e103,2026-04-25T07:20:24+00:00,1836,401,168,79,5.416,615.2,15,fit:e47555f16f02711dc446d8bfb5ee6625d9c15688be7bc41a38dbac9a7bc8e103:segment:003,3,6483.0,6412,activities/067_260425073220.csv,1,1,0,0
fit:e47555f16f02711dc446d8bfb5ee6625d9c15688be7bc41a38dbac9a7bc8e103,2026-04-25T07:20:25+00:00,1837,341,168,82,5.344,615.2,15,fit:e47555f16f02711dc446d8bfb5ee6625d9c15688be7bc41a38dbac9a7bc8e103:segment:003,3,6484.0,6413,activities/067_260425073220.csv,1,1,0,0
fit:e47555f16f02711dc446d8bfb5ee6625d9c15688be7bc41a38dbac9a7bc8e103,2026-04-25T07:20:26+00:00,1838,265,168,84,5.58,615.4000000000001,15,fit:e47555f16f02711dc446d8bfb5ee6625d9c15688be7bc41a38dbac9a7bc8e103:segment:003,3,6485.0,6414,activities/067_260425073220.csv,1,1,0,0
fit:e47555f16f02711dc446d8bfb5ee6625d9c15688be7bc41a38dbac9a7bc8e103,2026-04-25T07:20:27+00:00,1839,269,169,85,5.88,616.4000000000001,15,fit:e47555f16f02711dc446d8bfb5ee6625d9c15688be7bc41a38dbac9a7bc8e103:segment:003,3,6486.0,6415,activities/067_260425073220.csv,1,1,0,0
fit:e47555f16f02711dc446d8bfb5ee6625d9c15688be7bc41a38dbac9a7bc8e103,2026-04-25T07:20:28+00:00,1840,246,169,85,6.11,616.4000000000001,15,fit:e47555f16f02711dc446d8bfb5ee6625d9c15688be7bc41a38dbac9a7bc8e103:segment:003,3,6487.0,6416,activities/067_260425073220.csv,1,1,0,0
fit:e47555f16f02711dc446d8bfb5ee6625d9c15688be7bc41a38dbac9a7bc8e103,2026-04-25T07:20:29+00:00,1841,246,169,84,6.144,616.4000000000001,15,fit:e47555f16f02711dc446d8bfb5ee6625d9c15688be7bc41a38dbac9a7bc8e103:segment:003,3,6488.0,6417,activities/067_260425073220.csv,1,1,0,0
fit:e47555f16f02711dc446d8bfb5ee6625d9c15688be7bc41a38dbac9a7bc8e103,2026-04-25T07:20:30+00:00,1842,337,169,79,6.163,616.2,15,fit:e47555f16f02711dc446d8bfb5ee6625d9c15688be7bc41a38dbac9a7bc8e103:segment:003,3,6489.0,6418,activities/067_260425073220.csv,1,1,0,0
fit:e47555f16f02711dc446d8bfb5ee6625d9c15688be7bc41a38dbac9a7bc8e103,2026-04-25T07:20:31+00:00,1843,300,170,79,6.359,615.8,15,fit:e47555f16f02711dc446d8bfb5ee6625d9c15688be7bc41a38dbac9a7bc8e103:segment:003,3,6490.0,6419,activities/067_260425073220.csv,1,1,0,0
fit:e47555f16f02711dc446d8bfb5ee6625d9c15688be7bc41a38dbac9a7bc8e103,2026-04-25T07:20:32+00:00,1844,300,170,78,6.458,615.8,15,fit:e47555f16f02711dc446d8bfb5ee6625d9c15688be7bc41a38dbac9a7bc8e103:segment:003,3,6491.0,6420,activities/067_260425073220.csv,1,1,0,0
fit:e47555f16f02711dc446d8bfb5ee6625d9c15688be7bc41a38dbac9a7bc8e103,2026-04-25T07:20:33+00:00,1845,282,170,77,6.116,615.8,15,fit:e47555f16f02711dc446d8bfb5ee6625d9c15688be7bc41a38dbac9a7bc8e103:segment:003,3,6492.0,6421,activities/067_260425073220.csv,1,1,0,0
fit:e47555f16f02711dc446d8bfb5ee6625d9c15688be7bc41a38dbac9a7bc8e103,2026-04-25T07:20:34+00:00,1846,302,170,75,6.198,616.8,15,fit:e47555f16f02711dc446d8bfb5ee6625d9c15688be7bc41a38dbac9a7bc8e103:segment:003,3,6493.0,6422,activities/067_260425073220.csv,1,1,0,0
fit:e47555f16f02711dc446d8bfb5ee6625d9c15688be7bc41a38dbac9a7bc8e103,2026-04-25T07:20:35+00:00,1847,303,170,75,6.092,617.5999999999999,15,fit:e47555f16f02711dc446d8bfb5ee6625d9c15688be7bc41a38dbac9a7bc8e103:segment:003,3,6494.0,6423,activities/067_260425073220.csv,1,1,0,0
fit:e47555f16f02711dc446d8bfb5ee6625d9c15688be7bc41a38dbac9a7bc8e103,2026-04-25T07:20:36+00:00,1848,263,170,75,6.167,617.5999999999999,15,fit:e47555f16f02711dc446d8bfb5ee6625d9c15688be7bc41a38dbac9a7bc8e103:segment:003,3,6495.0,6424,activities/067_260425073220.csv,1,1,0,0
fit:e47555f16f02711dc446d8bfb5ee6625d9c15688be7bc41a38dbac9a7bc8e103,2026-04-25T07:20:37+00:00,1849,146,170,73,6.018,618.0,15,fit:e47555f16f02711dc446d8bfb5ee6625d9c15688be7bc41a38dbac9a7bc8e103:segment:003,3,6496.0,6425,activities/067_260425073220.csv,1,1,0,0
fit:e47555f16f02711dc446d8bfb5ee6625d9c15688be7bc41a38dbac9a7bc8e103,2026-04-25T07:20:38+00:00,1850,294,170,79,5.828,618.5999999999999,15,fit:e47555f16f02711dc446d8bfb5ee6625d9c15688be7bc41a38dbac9a7bc8e103:segment:003,3,6497.0,6426,activities/067_260425073220.csv,1,1,0,0
fit:e47555f16f02711dc446d8bfb5ee6625d9c15688be7bc41a38dbac9a7bc8e103,2026-04-25T07:20:39+00:00,1851,280,170,79,5.791,619.4000000000001,15,fit:e47555f16f02711dc446d8bfb5ee6625d9c15688be7bc41a38dbac9a7bc8e103:segment:003,3,6498.0,6427,activities/067_260425073220.csv,1,1,0,0
fit:e47555f16f02711dc446d8bfb5ee6625d9c15688be7bc41a38dbac9a7bc8e103,2026-04-25T07:20:40+00:00,1852,281,170,78,5.538,619.4000000000001,15,fit:e47555f16f02711dc446d8bfb5ee6625d9c15688be7bc41a38dbac9a7bc8e103:segment:003,3,6499.0,6428,activities/067_260425073220.csv,1,1,0,0
fit:e47555f16f02711dc446d8bfb5ee6625d9c15688be7bc41a38dbac9a7bc8e103,2026-04-25T07:20:41+00:00,1853,290,170,78,5.638,619.4000000000001,15,fit:e47555f16f02711dc446d8bfb5ee6625d9c15688be7bc41a38dbac9a7bc8e103:segment:003,3,6500.0,6429,activities/067_260425073220.csv,1,1,0,0
fit:e47555f16f02711dc446d8bfb5ee6625d9c15688be7bc41a38dbac9a7bc8e103,2026-04-25T07:20:42+00:00,1854,306,170,77,5.737,619.4000000000001,15,fit:e47555f16f02711dc446d8bfb5ee6625d9c15688be7bc41a38dbac9a7bc8e103:segment:003,3,6501.0,6430,activities/067_260425073220.csv,1,1,0,0
fit:e47555f16f02711dc446d8bfb5ee6625d9c15688be7bc41a38dbac9a7bc8e103,2026-04-25T07:20:43+00:00,1855,311,170,77,5.871,620.2,15,fit:e47555f16f02711dc446d8bfb5ee6625d9c15688be7bc41a38dbac9a7bc8e103:segment:003,3,6502.0,6431,activities/067_260425073220.csv,1,1,0,0
fit:e47555f16f02711dc446d8bfb5ee6625d9c15688be7bc41a38dbac9a7bc8e103,2026-04-25T07:20:44+00:00,1856,305,170,77,5.729,620.2,15,fit:e47555f16f02711dc446d8bfb5ee6625d9c15688be7bc41a38dbac9a7bc8e103:segment:003,3,6503.0,6432,activities/067_260425073220.csv,1,1,0,0
fit:e47555f16f02711dc446d8bfb5ee6625d9c15688be7bc41a38dbac9a7bc8e103,2026-04-25T07:20:45+00:00,1857,296,170,77,5.465,620.2,15,fit:e47555f16f02711dc446d8bfb5ee6625d9c15688be7bc41a38dbac9a7bc8e103:segment:003,3,6504.0,6433,activities/067_260425073220.csv,1,1,0,0
fit:e47555f16f02711dc446d8bfb5ee6625d9c15688be7bc41a38dbac9a7bc8e103,2026-04-25T07:20:46+00:00,1858,277,169,76,5.489,620.2,15,fit:e47555f16f02711dc446d8bfb5ee6625d9c15688be7bc41a38dbac9a7bc8e103:segment:003,3,6505.0,6434,activities/067_260425073220.csv,1,1,0,0
fit:e47555f16f02711dc446d8bfb5ee6625d9c15688be7bc41a38dbac9a7bc8e103,2026-04-25T07:20:47+00:00,1859,273,169,74,5.279,621.2,15,fit:e47555f16f02711dc446d8bfb5ee6625d9c15688be7bc41a38dbac9a7bc8e103:segment:003,3,6506.0,6435,activities/067_260425073220.csv,1,1,0,0
fit:e47555f16f02711dc446d8bfb5ee6625d9c15688be7bc41a38dbac9a7bc8e103,2026-04-25T07:20:48+00:00,1860,301,169,74,5.283,622.0,15,fit:e47555f16f02711dc446d8bfb5ee6625d9c15688be7bc41a38dbac9a7bc8e103:segment:003,3,6507.0,6436,activities/067_260425073220.csv,1,1,0,0
fit:e47555f16f02711dc446d8bfb5ee6625d9c15688be7bc41a38dbac9a7bc8e103,2026-04-25T07:20:49+00:00,1861,302,169,74,5.006,622.4000000000001,15,fit:e47555f16f02711dc446d8bfb5ee6625d9c15688be7bc41a38dbac9a7bc8e103:segment:003,3,6508.0,6437,activities/067_260425073220.csv,1,1,0,0
fit:e47555f16f02711dc446d8bfb5ee6625d9c15688be7bc41a38dbac9a7bc8e103,2026-04-25T07:20:50+00:00,1862,303,169,74,5.028,622.4000000000001,15,fit:e47555f16f02711dc446d8bfb5ee6625d9c15688be7bc41a38dbac9a7bc8e103:segment:003,3,6509.0,6438,activities/067_260425073220.csv,1,1,0,0
fit:e47555f16f02711dc446d8bfb5ee6625d9c15688be7bc41a38dbac9a7bc8e103,2026-04-25T07:20:51+00:00,1863,270,169,73,5.11,622.4000000000001,15,fit:e47555f16f02711dc446d8bfb5ee6625d9c15688be7bc41a38dbac9a7bc8e103:segment:003,3,6510.0,6439,activities/067_260425073220.csv,1,1,0,0
fit:e47555f16f02711dc446d8bfb5ee6625d9c15688be7bc41a38dbac9a7bc8e103,2026-04-25T07:20:52+00:00,1864,272,169,71,4.752,622.4000000000001,15,fit:e47555f16f02711dc446d8bfb5ee6625d9c15688be7bc41a38dbac9a7bc8e103:segment:003,3,6511.0,6440,activities/067_260425073220.csv,1,1,0,0
fit:e47555f16f02711dc446d8bfb5ee6625d9c15688be7bc41a38dbac9a7bc8e103,2026-04-25T07:20:53+00:00,1865,282,169,71,4.683,622.5999999999999,15,fit:e47555f16f02711dc446d8bfb5ee6625d9c15688be7bc41a38dbac9a7bc8e103:segment:003,3,6512.0,6441,activities/067_260425073220.csv,1,1,0,0
fit:e47555f16f02711dc446d8bfb5ee6625d9c15688be7bc41a38dbac9a7bc8e103,2026-04-25T07:20:54+00:00,1866,275,170,71,4.496,623.4000000000001,15,fit:e47555f16f02711dc446d8bfb5ee6625d9c15688be7bc41a38dbac9a7bc8e103:segment:003,3,6513.0,6442,activities/067_260425073220.csv,1,1,0,0
fit:e47555f16f02711dc446d8bfb5ee6625d9c15688be7bc41a38dbac9a7bc8e103,2026-04-25T07:20:55+00:00,1867,275,170,72,4.91,623.4000000000001,15,fit:e47555f16f02711dc446d8bfb5ee6625d9c15688be7bc41a38dbac9a7bc8e103:segment:003,3,6514.0,6443,activities/067_260425073220.csv,1,1,0,0
fit:e47555f16f02711dc446d8bfb5ee6625d9c15688be7bc41a38dbac9a7bc8e103,2026-04-25T07:20:56+00:00,1868,299,170,73,5.059,623.4000000000001,15,fit:e47555f16f02711dc446d8bfb5ee6625d9c15688be7bc41a38dbac9a7bc8e103:segment:003,3,6515.0,6444,activities/067_260425073220.csv,1,1,0,0
fit:e47555f16f02711dc446d8bfb5ee6625d9c15688be7bc41a38dbac9a7bc8e103,2026-04-25T07:20:57+00:00,1869,301,170,73,5.208,623.4000000000001,15,fit:e47555f16f02711dc446d8bfb5ee6625d9c15688be7bc41a38dbac9a7bc8e103:segment:003,3,6516.0,6445,activities/067_260425073220.csv,1,1,0,0
fit:e47555f16f02711dc446d8bfb5ee6625d9c15688be7bc41a38dbac9a7bc8e103,2026-04-25T07:20:58+00:00,1870,308,170,76,5.208,624.2,15,fit:e47555f16f02711dc446d8bfb5ee6625d9c15688be7bc41a38dbac9a7bc8e103:segment:003,3,6517.0,6446,activities/067_260425073220.csv,1,1,0,0
fit:e47555f16f02711dc446d8bfb5ee6625d9c15688be7bc41a38dbac9a7bc8e103,2026-04-25T07:20:59+00:00,1871,286,170,78,5.483,624.2,15,fit:e47555f16f02711dc446d8bfb5ee6625d9c15688be7bc41a38dbac9a7bc8e103:segment:003,3,6518.0,6447,activities/067_260425073220.csv,1,1,0,0
fit:e47555f16f02711dc446d8bfb5ee6625d9c15688be7bc41a38dbac9a7bc8e103,2026-04-25T07:21:00+00:00,1872,258,170,80,5.698,624.2,15,fit:e47555f16f02711dc446d8bfb5ee6625d9c15688be7bc41a38dbac9a7bc8e103:segment:003,3,6519.0,6448,activities/067_260425073220.csv,1,1,0,0
fit:e47555f16f02711dc446d8bfb5ee6625d9c15688be7bc41a38dbac9a7bc8e103,2026-04-25T07:21:01+00:00,1873,249,170,80,5.761,624.2,15,fit:e47555f16f02711dc446d8bfb5ee6625d9c15688be7bc41a38dbac9a7bc8e103:segment:003,3,6520.0,6449,activities/067_260425073220.csv,1,1,0,0
fit:e47555f16f02711dc446d8bfb5ee6625d9c15688be7bc41a38dbac9a7bc8e103,2026-04-25T07:21:02+00:00,1874,260,170,80,5.894,624.4000000000001,15,fit:e47555f16f02711dc446d8bfb5ee6625d9c15688be7bc41a38dbac9a7bc8e103:segment:003,3,6521.0,6450,activities/067_260425073220.csv,1,1,0,0
fit:e47555f16f02711dc446d8bfb5ee6625d9c15688be7bc41a38dbac9a7bc8e103,2026-04-25T07:21:03+00:00,1875,261,170,80,5.917,624.4000000000001,15,fit:e47555f16f02711dc446d8bfb5ee6625d9c15688be7bc41a38dbac9a7bc8e103:segment:003,3,6522.0,6451,activities/067_260425073220.csv,1,1,0,0
fit:e47555f16f02711dc446d8bfb5ee6625d9c15688be7bc41a38dbac9a7bc8e103,2026-04-25T07:21:04+00:00,1876,267,170,79,5.88,624.4000000000001,15,fit:e47555f16f02711dc446d8bfb5ee6625d9c15688be7bc41a38dbac9a7bc8e103:segment:003,3,6523.0,6452,activities/067_260425073220.csv,1,1,0,0
fit:e47555f16f02711dc446d8bfb5ee6625d9c15688be7bc41a38dbac9a7bc8e103,2026-04-25T07:21:05+00:00,1877,268,170,79,5.599,624.4000000000001,15,fit:e47555f16f02711dc446d8bfb5ee6625d9c15688be7bc41a38dbac9a7bc8e103:segment:003,3,6524.0,6453,activities/067_260425073220.csv,1,1,0,0
fit:e47555f16f02711dc446d8bfb5ee6625d9c15688be7bc41a38dbac9a7bc8e103,2026-04-25T07:21:06+00:00,1878,278,170,79,5.667,624.4000000000001,15,fit:e47555f16f02711dc446d8bfb5ee6625d9c15688be7bc41a38dbac9a7bc8e103:segment:003,3,6525.0,6454,activities/067_260425073220.csv,1,1,0,0
fit:e47555f16f02711dc446d8bfb5ee6625d9c15688be7bc41a38dbac9a7bc8e103,2026-04-25T07:21:07+00:00,1879,294,170,79,5.648,625.2,15,fit:e47555f16f02711dc446d8bfb5ee6625d9c15688be7bc41a38dbac9a7bc8e103:segment:003,3,6526.0,6455,activities/067_260425073220.csv,1,1,0,0
fit:e47555f16f02711dc446d8bfb5ee6625d9c15688be7bc41a38dbac9a7bc8e103,2026-04-25T07:21:08+00:00,1880,292,170,79,5.594,625.4000000000001,15,fit:e47555f16f02711dc446d8bfb5ee6625d9c15688be7bc41a38dbac9a7bc8e103:segment:003,3,6527.0,6456,activities/067_260425073220.csv,1,1,0,0
fit:e47555f16f02711dc446d8bfb5ee6625d9c15688be7bc41a38dbac9a7bc8e103,2026-04-25T07:21:09+00:00,1881,267,170,79,5.551,625.4000000000001,15,fit:e47555f16f02711dc446d8bfb5ee6625d9c15688be7bc41a38dbac9a7bc8e103:segment:003,3,6528.0,6457,activities/067_260425073220.csv,1,1,0,0
fit:e47555f16f02711dc446d8bfb5ee6625d9c15688be7bc41a38dbac9a7bc8e103,2026-04-25T07:21:10+00:00,1882,200,170,79,5.675,625.4000000000001,15,fit:e47555f16f02711dc446d8bfb5ee6625d9c15688be7bc41a38dbac9a7bc8e103:segment:003,3,6529.0,6458,activities/067_260425073220.csv,1,1,0,0
fit:e47555f16f02711dc446d8bfb5ee6625d9c15688be7bc41a38dbac9a7bc8e103,2026-04-25T07:21:11+00:00,1883,302,170,85,5.574,625.4000000000001,15,fit:e47555f16f02711dc446d8bfb5ee6625d9c15688be7bc41a38dbac9a7bc8e103:segment:003,3,6530.0,6459,activities/067_260425073220.csv,1,1,0,0
fit:e47555f16f02711dc446d8bfb5ee6625d9c15688be7bc41a38dbac9a7bc8e103,2026-04-25T07:21:12+00:00,1884,300,169,84,5.263,626.4000000000001,15,fit:e47555f16f02711dc446d8bfb5ee6625d9c15688be7bc41a38dbac9a7bc8e103:segment:003,3,6531.0,6460,activities/067_260425073220.csv,1,1,0,0
fit:e47555f16f02711dc446d8bfb5ee6625d9c15688be7bc41a38dbac9a7bc8e103,2026-04-25T07:21:13+00:00,1885,294,169,84,5.259,627.4000000000001,15,fit:e47555f16f02711dc446d8bfb5ee6625d9c15688be7bc41a38dbac9a7bc8e103:segment:003,3,6532.0,6461,activities/067_260425073220.csv,1,1,0,0
fit:e47555f16f02711dc446d8bfb5ee6625d9c15688be7bc41a38dbac9a7bc8e103,2026-04-25T07:21:14+00:00,1886,302,169,84,4.967,627.4000000000001,15,fit:e47555f16f02711dc446d8bfb5ee6625d9c15688be7bc41a38dbac9a7bc8e103:segment:003,3,6533.0,6462,activities/067_260425073220.csv,1,1,0,0
fit:e47555f16f02711dc446d8bfb5ee6625d9c15688be7bc41a38dbac9a7bc8e103,2026-04-25T07:21:15+00:00,1887,275,169,86,4.755,627.8,15,fit:e47555f16f02711dc446d8bfb5ee6625d9c15688be7bc41a38dbac9a7bc8e103:segment:003,3,6534.0,6463,activities/067_260425073220.csv,1,1,0,0
fit:e47555f16f02711dc446d8bfb5ee6625d9c15688be7bc41a38dbac9a7bc8e103,2026-04-25T07:21:16+00:00,1888,236,169,85,4.791,628.4000000000001,15,fit:e47555f16f02711dc446d8bfb5ee6625d9c15688be7bc41a38dbac9a7bc8e103:segment:003,3,6535.0,6464,activities/067_260425073220.csv,1,1,0,0
fit:e47555f16f02711dc446d8bfb5ee6625d9c15688be7bc41a38dbac9a7bc8e103,2026-04-25T07:21:17+00:00,1889,224,168,84,4.911,628.4000000000001,15,fit:e47555f16f02711dc446d8bfb5ee6625d9c15688be7bc41a38dbac9a7bc8e103:segment:003,3,6536.0,6465,activities/067_260425073220.csv,1,1,0,0
fit:e47555f16f02711dc446d8bfb5ee6625d9c15688be7bc41a38dbac9a7bc8e103,2026-04-25T07:21:18+00:00,1890,254,169,83,4.944,628.4000000000001,15,fit:e47555f16f02711dc446d8bfb5ee6625d9c15688be7bc41a38dbac9a7bc8e103:segment:003,3,6537.0,6466,activities/067_260425073220.csv,1,1,0,0
fit:e47555f16f02711dc446d8bfb5ee6625d9c15688be7bc41a38dbac9a7bc8e103,2026-04-25T07:21:19+00:00,1891,284,169,83,4.96,628.4000000000001,15,fit:e47555f16f02711dc446d8bfb5ee6625d9c15688be7bc41a38dbac9a7bc8e103:segment:003,3,6538.0,6467,activities/067_260425073220.csv,1,1,0,0
fit:e47555f16f02711dc446d8bfb5ee6625d9c15688be7bc41a38dbac9a7bc8e103,2026-04-25T07:21:20+00:00,1892,260,168,82,4.945,628.4000000000001,15,fit:e47555f16f02711dc446d8bfb5ee6625d9c15688be7bc41a38dbac9a7bc8e103:segment:003,3,6539.0,6468,activities/067_260425073220.csv,1,1,0,0
fit:e47555f16f02711dc446d8bfb5ee6625d9c15688be7bc41a38dbac9a7bc8e103,2026-04-25T07:21:21+00:00,1893,248,168,81,4.934,629.4000000000001,15,fit:e47555f16f02711dc446d8bfb5ee6625d9c15688be7bc41a38dbac9a7bc8e103:segment:003,3,6540.0,6469,activities/067_260425073220.csv,1,1,0,0
fit:e47555f16f02711dc446d8bfb5ee6625d9c15688be7bc41a38dbac9a7bc8e103,2026-04-25T07:21:22+00:00,1894,271,168,78,4.968,629.5999999999999,15,fit:e47555f16f02711dc446d8bfb5ee6625d9c15688be7bc41a38dbac9a7bc8e103:segment:003,3,6541.0,6470,activities/067_260425073220.csv,1,1,0,0
fit:e47555f16f02711dc446d8bfb5ee6625d9c15688be7bc41a38dbac9a7bc8e103,2026-04-25T07:21:23+00:00,1895,262,168,78,4.999,630.2,15,fit:e47555f16f02711dc446d8bfb5ee6625d9c15688be7bc41a38dbac9a7bc8e103:segment:003,3,6542.0,6471,activities/067_260425073220.csv,1,1,0,0
fit:e47555f16f02711dc446d8bfb5ee6625d9c15688be7bc41a38dbac9a7bc8e103,2026-04-25T07:21:24+00:00,1896,274,167,78,4.755,630.4000000000001,15,fit:e47555f16f02711dc446d8bfb5ee6625d9c15688be7bc41a38dbac9a7bc8e103:segment:003,3,6543.0,6472,activities/067_260425073220.csv,1,1,0,0
fit:e47555f16f02711dc446d8bfb5ee6625d9c15688be7bc41a38dbac9a7bc8e103,2026-04-25T07:21:25+00:00,1897,274,166,76,4.86,630.8,15,fit:e47555f16f02711dc446d8bfb5ee6625d9c15688be7bc41a38dbac9a7bc8e103:segment:003,3,6544.0,6473,activities/067_260425073220.csv,1,1,0,0
fit:e47555f16f02711dc446d8bfb5ee6625d9c15688be7bc41a38dbac9a7bc8e103,2026-04-25T07:21:26+00:00,1898,274,166,76,4.925,631.0,15,fit:e47555f16f02711dc446d8bfb5ee6625d9c15688be7bc41a38dbac9a7bc8e103:segment:003,3,6545.0,6474,activities/067_260425073220.csv,1,1,0,0
fit:e47555f16f02711dc446d8bfb5ee6625d9c15688be7bc41a38dbac9a7bc8e103,2026-04-25T07:21:27+00:00,1899,273,166,75,5.016,631.5999999999999,15,fit:e47555f16f02711dc446d8bfb5ee6625d9c15688be7bc41a38dbac9a7bc8e103:segment:003,3,6546.0,6475,activities/067_260425073220.csv,1,1,0,0
fit:e47555f16f02711dc446d8bfb5ee6625d9c15688be7bc41a38dbac9a7bc8e103,2026-04-25T07:21:28+00:00,1900,268,166,75,4.971,631.5999999999999,15,fit:e47555f16f02711dc446d8bfb5ee6625d9c15688be7bc41a38dbac9a7bc8e103:segment:003,3,6547.0,6476,activities/067_260425073220.csv,1,1,0,0
fit:e47555f16f02711dc446d8bfb5ee6625d9c15688be7bc41a38dbac9a7bc8e103,2026-04-25T07:21:29+00:00,1901,285,166,74,5.05,631.5999999999999,15,fit:e47555f16f02711dc446d8bfb5ee6625d9c15688be7bc41a38dbac9a7bc8e103:segment:003,3,6548.0,6477,activities/067_260425073220.csv,1,1,0,0
fit:e47555f16f02711dc446d8bfb5ee6625d9c15688be7bc41a38dbac9a7bc8e103,2026-04-25T07:21:30+00:00,1902,285,166,74,5.068,631.5999999999999,15,fit:e47555f16f02711dc446d8bfb5ee6625d9c15688be7bc41a38dbac9a7bc8e103:segment:003,3,6549.0,6478,activities/067_260425073220.csv,1,1,0,0
fit:e47555f16f02711dc446d8bfb5ee6625d9c15688be7bc41a38dbac9a7bc8e103,2026-04-25T07:21:31+00:00,1903,290,166,73,4.95,631.5999999999999,15,fit:e47555f16f02711dc446d8bfb5ee6625d9c15688be7bc41a38dbac9a7bc8e103:segment:003,3,6550.0,6479,activities/067_260425073220.csv,1,1,0,0
fit:e47555f16f02711dc446d8bfb5ee6625d9c15688be7bc41a38dbac9a7bc8e103,2026-04-25T07:21:32+00:00,1904,301,166,73,4.94,632.4000000000001,15,fit:e47555f16f02711dc446d8bfb5ee6625d9c15688be7bc41a38dbac9a7bc8e103:segment:003,3,6551.0,6480,activities/067_260425073220.csv,1,1,0,0
fit:e47555f16f02711dc446d8bfb5ee6625d9c15688be7bc41a38dbac9a7bc8e103,2026-04-25T07:21:33+00:00,1905,301,166,73,4.916,632.5999999999999,15,fit:e47555f16f02711dc446d8bfb5ee6625d9c15688be7bc41a38dbac9a7bc8e103:segment:003,3,6552.0,6481,activities/067_260425073220.csv,1,1,0,0
fit:e47555f16f02711dc446d8bfb5ee6625d9c15688be7bc41a38dbac9a7bc8e103,2026-04-25T07:21:34+00:00,1906,283,166,74,4.857,633.2,15,fit:e47555f16f02711dc446d8bfb5ee6625d9c15688be7bc41a38dbac9a7bc8e103:segment:003,3,6553.0,6482,activities/067_260425073220.csv,1,1,0,0
fit:e47555f16f02711dc446d8bfb5ee6625d9c15688be7bc41a38dbac9a7bc8e103,2026-04-25T07:21:35+00:00,1907,261,167,74,4.928,633.4000000000001,15,fit:e47555f16f02711dc446d8bfb5ee6625d9c15688be7bc41a38dbac9a7bc8e103:segment:003,3,6554.0,6483,activities/067_260425073220.csv,1,1,0,0
fit:e47555f16f02711dc446d8bfb5ee6625d9c15688be7bc41a38dbac9a7bc8e103,2026-04-25T07:21:36+00:00,1908,288,167,73,4.78,633.4000000000001,15,fit:e47555f16f02711dc446d8bfb5ee6625d9c15688be7bc41a38dbac9a7bc8e103:segment:003,3,6555.0,6484,activities/067_260425073220.csv,1,1,0,0
fit:e47555f16f02711dc446d8bfb5ee6625d9c15688be7bc41a38dbac9a7bc8e103,2026-04-25T07:21:37+00:00,1909,298,167,73,4.786,633.4000000000001,15,fit:e47555f16f02711dc446d8bfb5ee6625d9c15688be7bc41a38dbac9a7bc8e103:segment:003,3,6556.0,6485,activities/067_260425073220.csv,1,1,0,0
fit:e47555f16f02711dc446d8bfb5ee6625d9c15688be7bc41a38dbac9a7bc8e103,2026-04-25T07:21:38+00:00,1910,298,167,73,4.77,633.4000000000001,15,fit:e47555f16f02711dc446d8bfb5ee6625d9c15688be7bc41a38dbac9a7bc8e103:segment:003,3,6557.0,6486,activities/067_260425073220.csv,1,1,0,0
fit:e47555f16f02711dc446d8bfb5ee6625d9c15688be7bc41a38dbac9a7bc8e103,2026-04-25T07:21:39+00:00,1911,298,167,73,4.846,634.4000000000001,15,fit:e47555f16f02711dc446d8bfb5ee6625d9c15688be7bc41a38dbac9a7bc8e103:segment:003,3,6558.0,6487,activities/067_260425073220.csv,1,1,0,0
fit:e47555f16f02711dc446d8bfb5ee6625d9c15688be7bc41a38dbac9a7bc8e103,2026-04-25T07:21:40+00:00,1912,269,167,74,4.897,635.0,15,fit:e47555f16f02711dc446d8bfb5ee6625d9c15688be7bc41a38dbac9a7bc8e103:segment:003,3,6559.0,6488,activities/067_260425073220.csv,1,1,0,0
fit:e47555f16f02711dc446d8bfb5ee6625d9c15688be7bc41a38dbac9a7bc8e103,2026-04-25T07:21:41+00:00,1913,251,167,74,4.978,635.4000000000001,15,fit:e47555f16f02711dc446d8bfb5ee6625d9c15688be7bc41a38dbac9a7bc8e103:segment:003,3,6560.0,6489,activities/067_260425073220.csv,1,1,0,0
fit:e47555f16f02711dc446d8bfb5ee6625d9c15688be7bc41a38dbac9a7bc8e103,2026-04-25T07:21:42+00:00,1914,288,167,73,4.966,635.4000000000001,15,fit:e47555f16f02711dc446d8bfb5ee6625d9c15688be7bc41a38dbac9a7bc8e103:segment:003,3,6561.0,6490,activities/067_260425073220.csv,1,1,0,0
fit:e47555f16f02711dc446d8bfb5ee6625d9c15688be7bc41a38dbac9a7bc8e103,2026-04-25T07:21:43+00:00,1915,266,167,73,4.969,635.4000000000001,15,fit:e47555f16f02711dc446d8bfb5ee6625d9c15688be7bc41a38dbac9a7bc8e103:segment:003,3,6562.0,6491,activities/067_260425073220.csv,1,1,0,0
fit:e47555f16f02711dc446d8bfb5ee6625d9c15688be7bc41a38dbac9a7bc8e103,2026-04-25T07:21:44+00:00,1916,150,167,73,4.896,635.4000000000001,15,fit:e47555f16f02711dc446d8bfb5ee6625d9c15688be7bc41a38dbac9a7bc8e103:segment:003,3,6563.0,6492,activities/067_260425073220.csv,1,1,0,0
fit:e47555f16f02711dc446d8bfb5ee6625d9c15688be7bc41a38dbac9a7bc8e103,2026-04-25T07:21:45+00:00,1917,305,167,77,4.923,636.4000000000001,15,fit:e47555f16f02711dc446d8bfb5ee6625d9c15688be7bc41a38dbac9a7bc8e103:segment:003,3,6564.0,6493,activities/067_260425073220.csv,1,1,0,0
fit:e47555f16f02711dc446d8bfb5ee6625d9c15688be7bc41a38dbac9a7bc8e103,2026-04-25T07:21:46+00:00,1918,324,166,76,4.645,636.4000000000001,15,fit:e47555f16f02711dc446d8bfb5ee6625d9c15688be7bc41a38dbac9a7bc8e103:segment:003,3,6565.0,6494,activities/067_260425073220.csv,1,1,0,0
fit:e47555f16f02711dc446d8bfb5ee6625d9c15688be7bc41a38dbac9a7bc8e103,2026-04-25T07:21:47+00:00,1919,314,166,74,4.524,636.4000000000001,15,fit:e47555f16f02711dc446d8bfb5ee6625d9c15688be7bc41a38dbac9a7bc8e103:segment:003,3,6566.0,6495,activities/067_260425073220.csv,1,1,0,0
fit:e47555f16f02711dc446d8bfb5ee6625d9c15688be7bc41a38dbac9a7bc8e103,2026-04-25T07:21:48+00:00,1920,314,166,73,4.39,636.4000000000001,15,fit:e47555f16f02711dc446d8bfb5ee6625d9c15688be7bc41a38dbac9a7bc8e103:segment:003,3,6567.0,6496,activities/067_260425073220.csv,1,1,0,0
fit:e47555f16f02711dc446d8bfb5ee6625d9c15688be7bc41a38dbac9a7bc8e103,2026-04-25T07:21:49+00:00,1921,315,166,73,4.257,637.4000000000001,15,fit:e47555f16f02711dc446d8bfb5ee6625d9c15688be7bc41a38dbac9a7bc8e103:segment:003,3,6568.0,6497,activities/067_260425073220.csv,1,1,0,0
fit:e47555f16f02711dc446d8bfb5ee6625d9c15688be7bc41a38dbac9a7bc8e103,2026-04-25T07:21:50+00:00,1922,316,166,73,4.348,638.0,15,fit:e47555f16f02711dc446d8bfb5ee6625d9c15688be7bc41a38dbac9a7bc8e103:segment:003,3,6569.0,6498,activities/067_260425073220.csv,1,1,0,0
fit:e47555f16f02711dc446d8bfb5ee6625d9c15688be7bc41a38dbac9a7bc8e103,2026-04-25T07:21:51+00:00,1923,316,166,72,4.424,638.4000000000001,15,fit:e47555f16f02711dc446d8bfb5ee6625d9c15688be7bc41a38dbac9a7bc8e103:segment:003,3,6570.0,6499,activities/067_260425073220.csv,1,1,0,0
fit:e47555f16f02711dc446d8bfb5ee6625d9c15688be7bc41a38dbac9a7bc8e103,2026-04-25T07:21:52+00:00,1924,376,166,69,4.334,638.5999999999999,15,fit:e47555f16f02711dc446d8bfb5ee6625d9c15688be7bc41a38dbac9a7bc8e103:segment:003,3,6571.0,6500,activities/067_260425073220.csv,1,1,0,0
fit:e47555f16f02711dc446d8bfb5ee6625d9c15688be7bc41a38dbac9a7bc8e103,2026-04-25T07:21:53+00:00,1925,333,166,71,4.24,639.0,15,fit:e47555f16f02711dc446d8bfb5ee6625d9c15688be7bc41a38dbac9a7bc8e103:segment:003,3,6572.0,6501,activities/067_260425073220.csv,1,1,0,0
fit:e47555f16f02711dc446d8bfb5ee6625d9c15688be7bc41a38dbac9a7bc8e103,2026-04-25T07:21:54+00:00,1926,340,166,71,4.292,639.4000000000001,15,fit:e47555f16f02711dc446d8bfb5ee6625d9c15688be7bc41a38dbac9a7bc8e103:segment:003,3,6573.0,6502,activities/067_260425073220.csv,1,1,0,0
fit:e47555f16f02711dc446d8bfb5ee6625d9c15688be7bc41a38dbac9a7bc8e103,2026-04-25T07:21:55+00:00,1927,337,166,73,4.154,639.5999999999999,15,fit:e47555f16f02711dc446d8bfb5ee6625d9c15688be7bc41a38dbac9a7bc8e103:segment:003,3,6574.0,6503,activities/067_260425073220.csv,1,1,0,0
fit:e47555f16f02711dc446d8bfb5ee6625d9c15688be7bc41a38dbac9a7bc8e103,2026-04-25T07:21:56+00:00,1928,358,166,75,4.183,640.4000000000001,15,fit:e47555f16f02711dc446d8bfb5ee6625d9c15688be7bc41a38dbac9a7bc8e103:segment:003,3,6575.0,6504,activities/067_260425073220.csv,1,1,0,0
fit:e47555f16f02711dc446d8bfb5ee6625d9c15688be7bc41a38dbac9a7bc8e103,2026-04-25T07:21:57+00:00,1929,349,166,75,4.597,640.4000000000001,15,fit:e47555f16f02711dc446d8bfb5ee6625d9c15688be7bc41a38dbac9a7bc8e103:segment:003,3,6576.0,6505,activities/067_260425073220.csv,1,1,0,0
fit:e47555f16f02711dc446d8bfb5ee6625d9c15688be7bc41a38dbac9a7bc8e103,2026-04-25T07:21:58+00:00,1930,324,167,75,4.595,640.4000000000001,15,fit:e47555f16f02711dc446d8bfb5ee6625d9c15688be7bc41a38dbac9a7bc8e103:segment:003,3,6577.0,6506,activities/067_260425073220.csv,1,1,0,0
fit:e47555f16f02711dc446d8bfb5ee6625d9c15688be7bc41a38dbac9a7bc8e103,2026-04-25T07:21:59+00:00,1931,340,167,75,4.583,640.4000000000001,15,fit:e47555f16f02711dc446d8bfb5ee6625d9c15688be7bc41a38dbac9a7bc8e103:segment:003,3,6578.0,6507,activities/067_260425073220.csv,1,1,0,0
fit:e47555f16f02711dc446d8bfb5ee6625d9c15688be7bc41a38dbac9a7bc8e103,2026-04-25T07:22:00+00:00,1932,360,168,77,4.597,640.4000000000001,15,fit:e47555f16f02711dc446d8bfb5ee6625d9c15688be7bc41a38dbac9a7bc8e103:segment:003,3,6579.0,6508,activities/067_260425073220.csv,1,1,0,0
fit:e47555f16f02711dc446d8bfb5ee6625d9c15688be7bc41a38dbac9a7bc8e103,2026-04-25T07:22:01+00:00,1933,332,168,77,4.735,641.4000000000001,15,fit:e47555f16f02711dc446d8bfb5ee6625d9c15688be7bc41a38dbac9a7bc8e103:segment:003,3,6580.0,6509,activities/067_260425073220.csv,1,1,0,0
fit:e47555f16f02711dc446d8bfb5ee6625d9c15688be7bc41a38dbac9a7bc8e103,2026-04-25T07:22:02+00:00,1934,228,169,77,4.832,642.0,15,fit:e47555f16f02711dc446d8bfb5ee6625d9c15688be7bc41a38dbac9a7bc8e103:segment:003,3,6581.0,6510,activities/067_260425073220.csv,1,1,0,0
fit:e47555f16f02711dc446d8bfb5ee6625d9c15688be7bc41a38dbac9a7bc8e103,2026-04-25T07:22:03+00:00,1935,261,169,79,4.39,642.0,15,fit:e47555f16f02711dc446d8bfb5ee6625d9c15688be7bc41a38dbac9a7bc8e103:segment:003,3,6582.0,6511,activities/067_260425073220.csv,1,1,0,0
fit:e47555f16f02711dc446d8bfb5ee6625d9c15688be7bc41a38dbac9a7bc8e103,2026-04-25T07:22:04+00:00,1936,332,169,75,4.454,642.0,15,fit:e47555f16f02711dc446d8bfb5ee6625d9c15688be7bc41a38dbac9a7bc8e103:segment:003,3,6583.0,6512,activities/067_260425073220.csv,1,1,0,0
fit:e47555f16f02711dc446d8bfb5ee6625d9c15688be7bc41a38dbac9a7bc8e103,2026-04-25T07:22:05+00:00,1937,327,170,74,4.399,642.0,15,fit:e47555f16f02711dc446d8bfb5ee6625d9c15688be7bc41a38dbac9a7bc8e103:segment:003,3,6584.0,6513,activities/067_260425073220.csv,1,1,0,0
fit:e47555f16f02711dc446d8bfb5ee6625d9c15688be7bc41a38dbac9a7bc8e103,2026-04-25T07:22:06+00:00,1938,327,170,74,4.446,643.0,15,fit:e47555f16f02711dc446d8bfb5ee6625d9c15688be7bc41a38dbac9a7bc8e103:segment:003,3,6585.0,6514,activities/067_260425073220.csv,1,1,0,0
fit:e47555f16f02711dc446d8bfb5ee6625d9c15688be7bc41a38dbac9a7bc8e103,2026-04-25T07:22:07+00:00,1939,342,170,75,4.44,643.0,15,fit:e47555f16f02711dc446d8bfb5ee6625d9c15688be7bc41a38dbac9a7bc8e103:segment:003,3,6586.0,6515,activities/067_260425073220.csv,1,1,0,0
fit:e47555f16f02711dc446d8bfb5ee6625d9c15688be7bc41a38dbac9a7bc8e103,2026-04-25T07:22:08+00:00,1940,327,169,75,4.525,643.0,15,fit:e47555f16f02711dc446d8bfb5ee6625d9c15688be7bc41a38dbac9a7bc8e103:segment:003,3,6587.0,6516,activities/067_260425073220.csv,1,1,0,0
fit:e47555f16f02711dc446d8bfb5ee6625d9c15688be7bc41a38dbac9a7bc8e103,2026-04-25T07:22:09+00:00,1941,287,169,75,4.495,643.0,15,fit:e47555f16f02711dc446d8bfb5ee6625d9c15688be7bc41a38dbac9a7bc8e103:segment:003,3,6588.0,6517,activities/067_260425073220.csv,1,1,0,0
fit:e47555f16f02711dc446d8bfb5ee6625d9c15688be7bc41a38dbac9a7bc8e103,2026-04-25T07:22:10+00:00,1942,328,169,73,4.365,644.0,15,fit:e47555f16f02711dc446d8bfb5ee6625d9c15688be7bc41a38dbac9a7bc8e103:segment:003,3,6589.0,6518,activities/067_260425073220.csv,1,1,0,0
fit:e47555f16f02711dc446d8bfb5ee6625d9c15688be7bc41a38dbac9a7bc8e103,2026-04-25T07:22:11+00:00,1943,329,169,73,4.296,644.0,15,fit:e47555f16f02711dc446d8bfb5ee6625d9c15688be7bc41a38dbac9a7bc8e103:segment:003,3,6590.0,6519,activities/067_260425073220.csv,1,1,0,0
fit:e47555f16f02711dc446d8bfb5ee6625d9c15688be7bc41a38dbac9a7bc8e103,2026-04-25T07:22:12+00:00,1944,305,169,72,4.15,644.0,15,fit:e47555f16f02711dc446d8bfb5ee6625d9c15688be7bc41a38dbac9a7bc8e103:segment:003,3,6591.0,6520,activities/067_260425073220.csv,1,1,0,0
fit:e47555f16f02711dc446d8bfb5ee6625d9c15688be7bc41a38dbac9a7bc8e103,2026-04-25T07:22:13+00:00,1945,305,169,72,4.355,644.0,15,fit:e47555f16f02711dc446d8bfb5ee6625d9c15688be7bc41a38dbac9a7bc8e103:segment:003,3,6592.0,6521,activities/067_260425073220.csv,1,1,0,0
fit:e47555f16f02711dc446d8bfb5ee6625d9c15688be7bc41a38dbac9a7bc8e103,2026-04-25T07:22:14+00:00,1946,346,169,71,4.422,645.0,15,fit:e47555f16f02711dc446d8bfb5ee6625d9c15688be7bc41a38dbac9a7bc8e103:segment:003,3,6593.0,6522,activities/067_260425073220.csv,1,1,0,0
fit:e47555f16f02711dc446d8bfb5ee6625d9c15688be7bc41a38dbac9a7bc8e103,2026-04-25T07:22:15+00:00,1947,361,169,73,4.285,646.0,15,fit:e47555f16f02711dc446d8bfb5ee6625d9c15688be7bc41a38dbac9a7bc8e103:segment:003,3,6594.0,6523,activities/067_260425073220.csv,1,1,0,0
fit:e47555f16f02711dc446d8bfb5ee6625d9c15688be7bc41a38dbac9a7bc8e103,2026-04-25T07:22:16+00:00,1948,351,169,74,4.381,646.0,15,fit:e47555f16f02711dc446d8bfb5ee6625d9c15688be7bc41a38dbac9a7bc8e103:segment:003,3,6595.0,6524,activities/067_260425073220.csv,1,1,0,0
fit:e47555f16f02711dc446d8bfb5ee6625d9c15688be7bc41a38dbac9a7bc8e103,2026-04-25T07:22:17+00:00,1949,319,168,73,4.238,646.0,15,fit:e47555f16f02711dc446d8bfb5ee6625d9c15688be7bc41a38dbac9a7bc8e103:segment:003,3,6596.0,6525,activities/067_260425073220.csv,1,1,0,0
fit:e47555f16f02711dc446d8bfb5ee6625d9c15688be7bc41a38dbac9a7bc8e103,2026-04-25T07:22:18+00:00,1950,319,168,73,4.2,646.0,15,fit:e47555f16f02711dc446d8bfb5ee6625d9c15688be7bc41a38dbac9a7bc8e103:segment:003,3,6597.0,6526,activities/067_260425073220.csv,1,1,0,0
fit:e47555f16f02711dc446d8bfb5ee6625d9c15688be7bc41a38dbac9a7bc8e103,2026-04-25T07:22:19+00:00,1951,317,168,73,4.1,646.0,15,fit:e47555f16f02711dc446d8bfb5ee6625d9c15688be7bc41a38dbac9a7bc8e103:segment:003,3,6598.0,6527,activities/067_260425073220.csv,1,1,0,0
fit:e47555f16f02711dc446d8bfb5ee6625d9c15688be7bc41a38dbac9a7bc8e103,2026-04-25T07:22:20+00:00,1952,341,169,73,4.07,647.0,15,fit:e47555f16f02711dc446d8bfb5ee6625d9c15688be7bc41a38dbac9a7bc8e103:segment:003,3,6599.0,6528,activities/067_260425073220.csv,1,1,0,0
fit:e47555f16f02711dc446d8bfb5ee6625d9c15688be7bc41a38dbac9a7bc8e103,2026-04-25T07:22:21+00:00,1953,337,169,73,4.169,648.0,15,fit:e47555f16f02711dc446d8bfb5ee6625d9c15688be7bc41a38dbac9a7bc8e103:segment:003,3,6600.0,6529,activities/067_260425073220.csv,1,1,0,0
fit:e47555f16f02711dc446d8bfb5ee6625d9c15688be7bc41a38dbac9a7bc8e103,2026-04-25T07:22:22+00:00,1954,151,169,80,4.246,648.8,15,fit:e47555f16f02711dc446d8bfb5ee6625d9c15688be7bc41a38dbac9a7bc8e103:segment:003,3,6601.0,6530,activities/067_260425073220.csv,1,1,0,0
fit:e47555f16f02711dc446d8bfb5ee6625d9c15688be7bc41a38dbac9a7bc8e103,2026-04-25T07:22:23+00:00,1955,286,169,81,4.193,649.4000000000001,15,fit:e47555f16f02711dc446d8bfb5ee6625d9c15688be7bc41a38dbac9a7bc8e103:segment:003,3,6602.0,6531,activities/067_260425073220.csv,1,1,0,0
fit:e47555f16f02711dc446d8bfb5ee6625d9c15688be7bc41a38dbac9a7bc8e103,2026-04-25T07:22:24+00:00,1956,276,169,81,4.276,649.4000000000001,15,fit:e47555f16f02711dc446d8bfb5ee6625d9c15688be7bc41a38dbac9a7bc8e103:segment:003,3,6603.0,6532,activities/067_260425073220.csv,1,1,0,0
fit:e47555f16f02711dc446d8bfb5ee6625d9c15688be7bc41a38dbac9a7bc8e103,2026-04-25T07:22:25+00:00,1957,301,169,80,4.364,649.4000000000001,15,fit:e47555f16f02711dc446d8bfb5ee6625d9c15688be7bc41a38dbac9a7bc8e103:segment:003,3,6604.0,6533,activities/067_260425073220.csv,1,1,0,0
fit:e47555f16f02711dc446d8bfb5ee6625d9c15688be7bc41a38dbac9a7bc8e103,2026-04-25T07:22:26+00:00,1958,339,169,80,4.151,649.4000000000001,15,fit:e47555f16f02711dc446d8bfb5ee6625d9c15688be7bc41a38dbac9a7bc8e103:segment:003,3,6605.0,6534,activities/067_260425073220.csv,1,1,0,0
fit:e47555f16f02711dc446d8bfb5ee6625d9c15688be7bc41a38dbac9a7bc8e103,2026-04-25T07:22:27+00:00,1959,293,170,80,4.101,649.4000000000001,15,fit:e47555f16f02711dc446d8bfb5ee6625d9c15688be7bc41a38dbac9a7bc8e103:segment:003,3,6606.0,6535,activities/067_260425073220.csv,1,1,0,0
fit:e47555f16f02711dc446d8bfb5ee6625d9c15688be7bc41a38dbac9a7bc8e103,2026-04-25T07:22:28+00:00,1960,273,169,79,4.095,650.4000000000001,15,fit:e47555f16f02711dc446d8bfb5ee6625d9c15688be7bc41a38dbac9a7bc8e103:segment:003,3,6607.0,6536,activities/067_260425073220.csv,1,1,0,0
fit:e47555f16f02711dc446d8bfb5ee6625d9c15688be7bc41a38dbac9a7bc8e103,2026-04-25T07:22:29+00:00,1961,296,169,78,4.04,651.0,15,fit:e47555f16f02711dc446d8bfb5ee6625d9c15688be7bc41a38dbac9a7bc8e103:segment:003,3,6608.0,6537,activities/067_260425073220.csv,1,1,0,0
fit:e47555f16f02711dc446d8bfb5ee6625d9c15688be7bc41a38dbac9a7bc8e103,2026-04-25T07:22:30+00:00,1962,297,169,76,3.968,651.0,15,fit:e47555f16f02711dc446d8bfb5ee6625d9c15688be7bc41a38dbac9a7bc8e103:segment:003,3,6609.0,6538,activities/067_260425073220.csv,1,1,0,0
fit:e47555f16f02711dc446d8bfb5ee6625d9c15688be7bc41a38dbac9a7bc8e103,2026-04-25T07:22:31+00:00,1963,298,169,76,3.744,651.0,15,fit:e47555f16f02711dc446d8bfb5ee6625d9c15688be7bc41a38dbac9a7bc8e103:segment:003,3,6610.0,6539,activities/067_260425073220.csv,1,1,0,0
fit:e47555f16f02711dc446d8bfb5ee6625d9c15688be7bc41a38dbac9a7bc8e103,2026-04-25T07:22:32+00:00,1964,296,169,75,3.831,651.0,15,fit:e47555f16f02711dc446d8bfb5ee6625d9c15688be7bc41a38dbac9a7bc8e103:segment:003,3,6611.0,6540,activities/067_260425073220.csv,1,1,0,0
fit:e47555f16f02711dc446d8bfb5ee6625d9c15688be7bc41a38dbac9a7bc8e103,2026-04-25T07:22:33+00:00,1965,280,169,75,3.899,651.5999999999999,15,fit:e47555f16f02711dc446d8bfb5ee6625d9c15688be7bc41a38dbac9a7bc8e103:segment:003,3,6612.0,6541,activities/067_260425073220.csv,1,1,0,0
fit:e47555f16f02711dc446d8bfb5ee6625d9c15688be7bc41a38dbac9a7bc8e103,2026-04-25T07:22:34+00:00,1966,285,169,75,3.917,652.2,15,fit:e47555f16f02711dc446d8bfb5ee6625d9c15688be7bc41a38dbac9a7bc8e103:segment:003,3,6613.0,6542,activities/067_260425073220.csv,1,1,0,0
fit:e47555f16f02711dc446d8bfb5ee6625d9c15688be7bc41a38dbac9a7bc8e103,2026-04-25T07:22:35+00:00,1967,280,169,75,3.922,652.2,15,fit:e47555f16f02711dc446d8bfb5ee6625d9c15688be7bc41a38dbac9a7bc8e103:segment:003,3,6614.0,6543,activities/067_260425073220.csv,1,1,0,0
fit:e47555f16f02711dc446d8bfb5ee6625d9c15688be7bc41a38dbac9a7bc8e103,2026-04-25T07:22:36+00:00,1968,303,169,75,3.919,652.2,15,fit:e47555f16f02711dc446d8bfb5ee6625d9c15688be7bc41a38dbac9a7bc8e103:segment:003,3,6615.0,6544,activities/067_260425073220.csv,1,1,0,0
fit:e47555f16f02711dc446d8bfb5ee6625d9c15688be7bc41a38dbac9a7bc8e103,2026-04-25T07:22:37+00:00,1969,303,169,76,3.954,652.2,15,fit:e47555f16f02711dc446d8bfb5ee6625d9c15688be7bc41a38dbac9a7bc8e103:segment:003,3,6616.0,6545,activities/067_260425073220.csv,1,1,0,0
fit:e47555f16f02711dc446d8bfb5ee6625d9c15688be7bc41a38dbac9a7bc8e103,2026-04-25T07:22:38+00:00,1970,305,170,77,3.957,653.0,15,fit:e47555f16f02711dc446d8bfb5ee6625d9c15688be7bc41a38dbac9a7bc8e103:segment:003,3,6617.0,6546,activities/067_260425073220.csv,1,1,0,0
fit:e47555f16f02711dc446d8bfb5ee6625d9c15688be7bc41a38dbac9a7bc8e103,2026-04-25T07:22:39+00:00,1971,298,170,78,4.005,654.0,15,fit:e47555f16f02711dc446d8bfb5ee6625d9c15688be7bc41a38dbac9a7bc8e103:segment:003,3,6618.0,6547,activities/067_260425073220.csv,1,1,0,0
fit:e47555f16f02711dc446d8bfb5ee6625d9c15688be7bc41a38dbac9a7bc8e103,2026-04-25T07:22:40+00:00,1972,281,170,77,4.098,654.0,15,fit:e47555f16f02711dc446d8bfb5ee6625d9c15688be7bc41a38dbac9a7bc8e103:segment:003,3,6619.0,6548,activities/067_260425073220.csv,1,1,0,0
fit:e47555f16f02711dc446d8bfb5ee6625d9c15688be7bc41a38dbac9a7bc8e103,2026-04-25T07:22:41+00:00,1973,280,170,77,3.96,654.0,15,fit:e47555f16f02711dc446d8bfb5ee6625d9c15688be7bc41a38dbac9a7bc8e103:segment:003,3,6620.0,6549,activities/067_260425073220.csv,1,1,0,0
fit:e47555f16f02711dc446d8bfb5ee6625d9c15688be7bc41a38dbac9a7bc8e103,2026-04-25T07:22:42+00:00,1974,290,170,76,4.006,654.0,15,fit:e47555f16f02711dc446d8bfb5ee6625d9c15688be7bc41a38dbac9a7bc8e103:segment:003,3,6621.0,6550,activities/067_260425073220.csv,1,1,0,0
fit:e47555f16f02711dc446d8bfb5ee6625d9c15688be7bc41a38dbac9a7bc8e103,2026-04-25T07:22:43+00:00,1975,291,170,76,3.821,654.0,15,fit:e47555f16f02711dc446d8bfb5ee6625d9c15688be7bc41a38dbac9a7bc8e103:segment:003,3,6622.0,6551,activities/067_260425073220.csv,1,1,0,0
fit:e47555f16f02711dc446d8bfb5ee6625d9c15688be7bc41a38dbac9a7bc8e103,2026-04-25T07:22:44+00:00,1976,290,170,76,3.904,655.0,15,fit:e47555f16f02711dc446d8bfb5ee6625d9c15688be7bc41a38dbac9a7bc8e103:segment:003,3,6623.0,6552,activities/067_260425073220.csv,1,1,0,0
fit:e47555f16f02711dc446d8bfb5ee6625d9c15688be7bc41a38dbac9a7bc8e103,2026-04-25T07:22:45+00:00,1977,290,170,76,3.889,655.0,15,fit:e47555f16f02711dc446d8bfb5ee6625d9c15688be7bc41a38dbac9a7bc8e103:segment:003,3,6624.0,6553,activities/067_260425073220.csv,1,1,0,0
fit:e47555f16f02711dc446d8bfb5ee6625d9c15688be7bc41a38dbac9a7bc8e103,2026-04-25T07:22:46+00:00,1978,320,170,77,3.936,655.0,15,fit:e47555f16f02711dc446d8bfb5ee6625d9c15688be7bc41a38dbac9a7bc8e103:segment:003,3,6625.0,6554,activities/067_260425073220.csv,1,1,0,0
fit:e47555f16f02711dc446d8bfb5ee6625d9c15688be7bc41a38dbac9a7bc8e103,2026-04-25T07:22:47+00:00,1979,324,171,80,3.903,655.0,15,fit:e47555f16f02711dc446d8bfb5ee6625d9c15688be7bc41a38dbac9a7bc8e103:segment:003,3,6626.0,6555,activities/067_260425073220.csv,1,1,0,0
fit:e47555f16f02711dc446d8bfb5ee6625d9c15688be7bc41a38dbac9a7bc8e103,2026-04-25T07:22:48+00:00,1980,290,171,80,4.074,656.0,15,fit:e47555f16f02711dc446d8bfb5ee6625d9c15688be7bc41a38dbac9a7bc8e103:segment:003,3,6627.0,6556,activities/067_260425073220.csv,1,1,0,0
fit:e47555f16f02711dc446d8bfb5ee6625d9c15688be7bc41a38dbac9a7bc8e103,2026-04-25T07:22:49+00:00,1981,295,171,80,4.117,656.5999999999999,15,fit:e47555f16f02711dc446d8bfb5ee6625d9c15688be7bc41a38dbac9a7bc8e103:segment:003,3,6628.0,6557,activities/067_260425073220.csv,1,1,0,0
fit:e47555f16f02711dc446d8bfb5ee6625d9c15688be7bc41a38dbac9a7bc8e103,2026-04-25T07:22:50+00:00,1982,293,171,79,4.044,656.5999999999999,15,fit:e47555f16f02711dc446d8bfb5ee6625d9c15688be7bc41a38dbac9a7bc8e103:segment:003,3,6629.0,6558,activities/067_260425073220.csv,1,1,0,0
fit:e47555f16f02711dc446d8bfb5ee6625d9c15688be7bc41a38dbac9a7bc8e103,2026-04-25T07:22:51+00:00,1983,279,170,78,4.097,656.5999999999999,15,fit:e47555f16f02711dc446d8bfb5ee6625d9c15688be7bc41a38dbac9a7bc8e103:segment:003,3,6630.0,6559,activities/067_260425073220.csv,1,1,0,0
fit:e47555f16f02711dc446d8bfb5ee6625d9c15688be7bc41a38dbac9a7bc8e103,2026-04-25T07:22:52+00:00,1984,327,171,77,4.017,656.5999999999999,15,fit:e47555f16f02711dc446d8bfb5ee6625d9c15688be7bc41a38dbac9a7bc8e103:segment:003,3,6631.0,6560,activities/067_260425073220.csv,1,1,0,0
fit:e47555f16f02711dc446d8bfb5ee6625d9c15688be7bc41a38dbac9a7bc8e103,2026-04-25T07:22:53+00:00,1985,322,171,77,3.952,657.5999999999999,15,fit:e47555f16f02711dc446d8bfb5ee6625d9c15688be7bc41a38dbac9a7bc8e103:segment:003,3,6632.0,6561,activities/067_260425073220.csv,1,1,0,0
fit:e47555f16f02711dc446d8bfb5ee6625d9c15688be7bc41a38dbac9a7bc8e103,2026-04-25T07:22:54+00:00,1986,302,171,77,3.953,657.5999999999999,15,fit:e47555f16f02711dc446d8bfb5ee6625d9c15688be7bc41a38dbac9a7bc8e103:segment:003,3,6633.0,6562,activities/067_260425073220.csv,1,1,0,0
fit:e47555f16f02711dc446d8bfb5ee6625d9c15688be7bc41a38dbac9a7bc8e103,2026-04-25T07:22:55+00:00,1987,271,171,78,3.836,657.5999999999999,15,fit:e47555f16f02711dc446d8bfb5ee6625d9c15688be7bc41a38dbac9a7bc8e103:segment:003,3,6634.0,6563,activities/067_260425073220.csv,1,1,0,0
fit:e47555f16f02711dc446d8bfb5ee6625d9c15688be7bc41a38dbac9a7bc8e103,2026-04-25T07:22:56+00:00,1988,272,171,77,3.96,657.5999999999999,15,fit:e47555f16f02711dc446d8bfb5ee6625d9c15688be7bc41a38dbac9a7bc8e103:segment:003,3,6635.0,6564,activities/067_260425073220.csv,1,1,0,0
fit:e47555f16f02711dc446d8bfb5ee6625d9c15688be7bc41a38dbac9a7bc8e103,2026-04-25T07:22:57+00:00,1989,328,170,78,3.993,658.2,15,fit:e47555f16f02711dc446d8bfb5ee6625d9c15688be7bc41a38dbac9a7bc8e103:segment:003,3,6636.0,6565,activities/067_260425073220.csv,1,1,0,0
fit:e47555f16f02711dc446d8bfb5ee6625d9c15688be7bc41a38dbac9a7bc8e103,2026-04-25T07:22:58+00:00,1990,328,171,78,3.989,659.2,15,fit:e47555f16f02711dc446d8bfb5ee6625d9c15688be7bc41a38dbac9a7bc8e103:segment:003,3,6637.0,6566,activities/067_260425073220.csv,1,1,0,0
fit:e47555f16f02711dc446d8bfb5ee6625d9c15688be7bc41a38dbac9a7bc8e103,2026-04-25T07:22:59+00:00,1991,305,171,78,4.02,659.4000000000001,15,fit:e47555f16f02711dc446d8bfb5ee6625d9c15688be7bc41a38dbac9a7bc8e103:segment:003,3,6638.0,6567,activities/067_260425073220.csv,1,1,0,0
fit:e47555f16f02711dc446d8bfb5ee6625d9c15688be7bc41a38dbac9a7bc8e103,2026-04-25T07:23:00+00:00,1992,309,171,79,4.045,659.4000000000001,15,fit:e47555f16f02711dc446d8bfb5ee6625d9c15688be7bc41a38dbac9a7bc8e103:segment:003,3,6639.0,6568,activities/067_260425073220.csv,1,1,0,0
fit:e47555f16f02711dc446d8bfb5ee6625d9c15688be7bc41a38dbac9a7bc8e103,2026-04-25T07:23:01+00:00,1993,311,171,78,4.09,660.0,15,fit:e47555f16f02711dc446d8bfb5ee6625d9c15688be7bc41a38dbac9a7bc8e103:segment:003,3,6640.0,6569,activities/067_260425073220.csv,1,1,0,0
fit:e47555f16f02711dc446d8bfb5ee6625d9c15688be7bc41a38dbac9a7bc8e103,2026-04-25T07:23:02+00:00,1994,314,170,78,4.032,660.5999999999999,15,fit:e47555f16f02711dc446d8bfb5ee6625d9c15688be7bc41a38dbac9a7bc8e103:segment:003,3,6641.0,6570,activities/067_260425073220.csv,1,1,0,0
fit:e47555f16f02711dc446d8bfb5ee6625d9c15688be7bc41a38dbac9a7bc8e103,2026-04-25T07:23:03+00:00,1995,306,170,77,3.922,660.8,15,fit:e47555f16f02711dc446d8bfb5ee6625d9c15688be7bc41a38dbac9a7bc8e103:segment:003,3,6642.0,6571,activities/067_260425073220.csv,1,1,0,0
fit:e47555f16f02711dc446d8bfb5ee6625d9c15688be7bc41a38dbac9a7bc8e103,2026-04-25T07:23:04+00:00,1996,319,170,77,3.957,660.8,15,fit:e47555f16f02711dc446d8bfb5ee6625d9c15688be7bc41a38dbac9a7bc8e103:segment:003,3,6643.0,6572,activities/067_260425073220.csv,1,1,0,0
fit:e47555f16f02711dc446d8bfb5ee6625d9c15688be7bc41a38dbac9a7bc8e103,2026-04-25T07:23:05+00:00,1997,324,170,77,3.905,660.8,15,fit:e47555f16f02711dc446d8bfb5ee6625d9c15688be7bc41a38dbac9a7bc8e103:segment:003,3,6644.0,6573,activities/067_260425073220.csv,1,1,0,0
fit:e47555f16f02711dc446d8bfb5ee6625d9c15688be7bc41a38dbac9a7bc8e103,2026-04-25T07:23:06+00:00,1998,324,170,78,3.948,660.8,15,fit:e47555f16f02711dc446d8bfb5ee6625d9c15688be7bc41a38dbac9a7bc8e103:segment:003,3,6645.0,6574,activities/067_260425073220.csv,1,1,0,0
fit:e47555f16f02711dc446d8bfb5ee6625d9c15688be7bc41a38dbac9a7bc8e103,2026-04-25T07:23:07+00:00,1999,326,170,79,4.009,661.8,15,fit:e47555f16f02711dc446d8bfb5ee6625d9c15688be7bc41a38dbac9a7bc8e103:segment:003,3,6646.0,6575,activities/067_260425073220.csv,1,1,0,0
fit:e47555f16f02711dc446d8bfb5ee6625d9c15688be7bc41a38dbac9a7bc8e103,2026-04-25T07:23:08+00:00,2000,291,171,79,4.041,662.0,15,fit:e47555f16f02711dc446d8bfb5ee6625d9c15688be7bc41a38dbac9a7bc8e103:segment:003,3,6647.0,6576,activities/067_260425073220.csv,1,1,0,0
fit:e47555f16f02711dc446d8bfb5ee6625d9c15688be7bc41a38dbac9a7bc8e103,2026-04-25T07:23:09+00:00,2001,306,171,80,4.057,662.4000000000001,15,fit:e47555f16f02711dc446d8bfb5ee6625d9c15688be7bc41a38dbac9a7bc8e103:segment:003,3,6648.0,6577,activities/067_260425073220.csv,1,1,0,0
fit:e47555f16f02711dc446d8bfb5ee6625d9c15688be7bc41a38dbac9a7bc8e103,2026-04-25T07:23:10+00:00,2002,324,171,80,4.151,663.0,15,fit:e47555f16f02711dc446d8bfb5ee6625d9c15688be7bc41a38dbac9a7bc8e103:segment:003,3,6649.0,6578,activities/067_260425073220.csv,1,1,0,0
fit:e47555f16f02711dc446d8bfb5ee6625d9c15688be7bc41a38dbac9a7bc8e103,2026-04-25T07:23:11+00:00,2003,315,171,81,4.191,663.2,15,fit:e47555f16f02711dc446d8bfb5ee6625d9c15688be7bc41a38dbac9a7bc8e103:segment:003,3,6650.0,6579,activities/067_260425073220.csv,1,1,0,0
fit:e47555f16f02711dc446d8bfb5ee6625d9c15688be7bc41a38dbac9a7bc8e103,2026-04-25T07:23:12+00:00,2004,298,171,80,4.186,663.2,15,fit:e47555f16f02711dc446d8bfb5ee6625d9c15688be7bc41a38dbac9a7bc8e103:segment:003,3,6651.0,6580,activities/067_260425073220.csv,1,1,0,0
fit:e47555f16f02711dc446d8bfb5ee6625d9c15688be7bc41a38dbac9a7bc8e103,2026-04-25T07:23:13+00:00,2005,288,171,77,4.133,663.2,15,fit:e47555f16f02711dc446d8bfb5ee6625d9c15688be7bc41a38dbac9a7bc8e103:segment:003,3,6652.0,6581,activities/067_260425073220.csv,1,1,0,0
fit:e47555f16f02711dc446d8bfb5ee6625d9c15688be7bc41a38dbac9a7bc8e103,2026-04-25T07:23:14+00:00,2006,324,171,77,3.985,663.2,15,fit:e47555f16f02711dc446d8bfb5ee6625d9c15688be7bc41a38dbac9a7bc8e103:segment:003,3,6653.0,6582,activities/067_260425073220.csv,1,1,0,0
fit:e47555f16f02711dc446d8bfb5ee6625d9c15688be7bc41a38dbac9a7bc8e103,2026-04-25T07:23:15+00:00,2007,303,171,75,3.964,664.2,15,fit:e47555f16f02711dc446d8bfb5ee6625d9c15688be7bc41a38dbac9a7bc8e103:segment:003,3,6654.0,6583,activities/067_260425073220.csv,1,1,0,0
fit:e47555f16f02711dc446d8bfb5ee6625d9c15688be7bc41a38dbac9a7bc8e103,2026-04-25T07:23:16+00:00,2008,303,171,77,4.015,664.5999999999999,15,fit:e47555f16f02711dc446d8bfb5ee6625d9c15688be7bc41a38dbac9a7bc8e103:segment:003,3,6655.0,6584,activities/067_260425073220.csv,1,1,0,0
fit:e47555f16f02711dc446d8bfb5ee6625d9c15688be7bc41a38dbac9a7bc8e103,2026-04-25T07:23:17+00:00,2009,297,171,77,3.938,664.5999999999999,15,fit:e47555f16f02711dc446d8bfb5ee6625d9c15688be7bc41a38dbac9a7bc8e103:segment:003,3,6656.0,6585,activities/067_260425073220.csv,1,1,0,0
fit:e47555f16f02711dc446d8bfb5ee6625d9c15688be7bc41a38dbac9a7bc8e103,2026-04-25T07:23:18+00:00,2010,285,171,77,3.977,665.2,15,fit:e47555f16f02711dc446d8bfb5ee6625d9c15688be7bc41a38dbac9a7bc8e103:segment:003,3,6657.0,6586,activities/067_260425073220.csv,1,1,0,0
fit:e47555f16f02711dc446d8bfb5ee6625d9c15688be7bc41a38dbac9a7bc8e103,2026-04-25T07:23:19+00:00,2011,291,171,76,3.863,665.4000000000001,15,fit:e47555f16f02711dc446d8bfb5ee6625d9c15688be7bc41a38dbac9a7bc8e103:segment:003,3,6658.0,6587,activities/067_260425073220.csv,1,1,0,0
fit:e47555f16f02711dc446d8bfb5ee6625d9c15688be7bc41a38dbac9a7bc8e103,2026-04-25T07:23:20+00:00,2012,308,171,76,3.979,666.4000000000001,15,fit:e47555f16f02711dc446d8bfb5ee6625d9c15688be7bc41a38dbac9a7bc8e103:segment:003,3,6659.0,6588,activities/067_260425073220.csv,1,1,0,0
fit:e47555f16f02711dc446d8bfb5ee6625d9c15688be7bc41a38dbac9a7bc8e103,2026-04-25T07:23:21+00:00,2013,286,171,76,3.939,666.4000000000001,15,fit:e47555f16f02711dc446d8bfb5ee6625d9c15688be7bc41a38dbac9a7bc8e103:segment:003,3,6660.0,6589,activities/067_260425073220.csv,1,1,0,0
fit:e47555f16f02711dc446d8bfb5ee6625d9c15688be7bc41a38dbac9a7bc8e103,2026-04-25T07:23:22+00:00,2014,285,171,75,3.895,666.4000000000001,15,fit:e47555f16f02711dc446d8bfb5ee6625d9c15688be7bc41a38dbac9a7bc8e103:segment:003,3,6661.0,6590,activities/067_260425073220.csv,1,1,0,0
fit:e47555f16f02711dc446d8bfb5ee6625d9c15688be7bc41a38dbac9a7bc8e103,2026-04-25T07:23:23+00:00,2015,292,171,74,3.919,666.4000000000001,15,fit:e47555f16f02711dc446d8bfb5ee6625d9c15688be7bc41a38dbac9a7bc8e103:segment:003,3,6662.0,6591,activities/067_260425073220.csv,1,1,0,0
fit:e47555f16f02711dc446d8bfb5ee6625d9c15688be7bc41a38dbac9a7bc8e103,2026-04-25T07:23:24+00:00,2016,284,171,73,3.881,667.0,15,fit:e47555f16f02711dc446d8bfb5ee6625d9c15688be7bc41a38dbac9a7bc8e103:segment:003,3,6663.0,6592,activities/067_260425073220.csv,1,1,0,0
fit:e47555f16f02711dc446d8bfb5ee6625d9c15688be7bc41a38dbac9a7bc8e103,2026-04-25T07:23:25+00:00,2017,270,171,72,3.819,667.5999999999999,15,fit:e47555f16f02711dc446d8bfb5ee6625d9c15688be7bc41a38dbac9a7bc8e103:segment:003,3,6664.0,6593,activities/067_260425073220.csv,1,1,0,0
fit:e47555f16f02711dc446d8bfb5ee6625d9c15688be7bc41a38dbac9a7bc8e103,2026-04-25T07:23:26+00:00,2018,281,171,71,3.763,668.2,15,fit:e47555f16f02711dc446d8bfb5ee6625d9c15688be7bc41a38dbac9a7bc8e103:segment:003,3,6665.0,6594,activities/067_260425073220.csv,1,1,0,0
fit:e47555f16f02711dc446d8bfb5ee6625d9c15688be7bc41a38dbac9a7bc8e103,2026-04-25T07:23:27+00:00,2019,276,171,70,3.648,668.5999999999999,15,fit:e47555f16f02711dc446d8bfb5ee6625d9c15688be7bc41a38dbac9a7bc8e103:segment:003,3,6666.0,6595,activities/067_260425073220.csv,1,1,0,0
fit:e47555f16f02711dc446d8bfb5ee6625d9c15688be7bc41a38dbac9a7bc8e103,2026-04-25T07:23:28+00:00,2020,303,171,70,3.594,668.5999999999999,15,fit:e47555f16f02711dc446d8bfb5ee6625d9c15688be7bc41a38dbac9a7bc8e103:segment:003,3,6667.0,6596,activities/067_260425073220.csv,1,1,0,0
fit:e47555f16f02711dc446d8bfb5ee6625d9c15688be7bc41a38dbac9a7bc8e103,2026-04-25T07:23:29+00:00,2021,303,171,69,3.514,668.5999999999999,15,fit:e47555f16f02711dc446d8bfb5ee6625d9c15688be7bc41a38dbac9a7bc8e103:segment:003,3,6668.0,6597,activities/067_260425073220.csv,1,1,0,0
fit:e47555f16f02711dc446d8bfb5ee6625d9c15688be7bc41a38dbac9a7bc8e103,2026-04-25T07:23:30+00:00,2022,284,171,68,3.474,668.5999999999999,15,fit:e47555f16f02711dc446d8bfb5ee6625d9c15688be7bc41a38dbac9a7bc8e103:segment:003,3,6669.0,6598,activities/067_260425073220.csv,1,1,0,0
fit:e47555f16f02711dc446d8bfb5ee6625d9c15688be7bc41a38dbac9a7bc8e103,2026-04-25T07:23:31+00:00,2023,303,170,69,3.44,669.5999999999999,15,fit:e47555f16f02711dc446d8bfb5ee6625d9c15688be7bc41a38dbac9a7bc8e103:segment:003,3,6670.0,6599,activities/067_260425073220.csv,1,1,0,0
fit:e47555f16f02711dc446d8bfb5ee6625d9c15688be7bc41a38dbac9a7bc8e103,2026-04-25T07:23:32+00:00,2024,292,170,70,3.538,669.8,15,fit:e47555f16f02711dc446d8bfb5ee6625d9c15688be7bc41a38dbac9a7bc8e103:segment:003,3,6671.0,6600,activities/067_260425073220.csv,1,1,0,0
fit:e47555f16f02711dc446d8bfb5ee6625d9c15688be7bc41a38dbac9a7bc8e103,2026-04-25T07:23:33+00:00,2025,317,170,70,3.612,670.5999999999999,15,fit:e47555f16f02711dc446d8bfb5ee6625d9c15688be7bc41a38dbac9a7bc8e103:segment:003,3,6672.0,6601,activities/067_260425073220.csv,1,1,0,0
fit:e47555f16f02711dc446d8bfb5ee6625d9c15688be7bc41a38dbac9a7bc8e103,2026-04-25T07:23:34+00:00,2026,283,169,73,3.591,670.5999999999999,15,fit:e47555f16f02711dc446d8bfb5ee6625d9c15688be7bc41a38dbac9a7bc8e103:segment:003,3,6673.0,6602,activities/067_260425073220.csv,1,1,0,0
fit:e47555f16f02711dc446d8bfb5ee6625d9c15688be7bc41a38dbac9a7bc8e103,2026-04-25T07:23:35+00:00,2027,283,169,73,3.727,670.5999999999999,15,fit:e47555f16f02711dc446d8bfb5ee6625d9c15688be7bc41a38dbac9a7bc8e103:segment:003,3,6674.0,6603,activities/067_260425073220.csv,1,1,0,0
fit:e47555f16f02711dc446d8bfb5ee6625d9c15688be7bc41a38dbac9a7bc8e103,2026-04-25T07:23:36+00:00,2028,255,169,71,3.698,670.5999999999999,15,fit:e47555f16f02711dc446d8bfb5ee6625d9c15688be7bc41a38dbac9a7bc8e103:segment:003,3,6675.0,6604,activities/067_260425073220.csv,1,1,0,0
fit:e47555f16f02711dc446d8bfb5ee6625d9c15688be7bc41a38dbac9a7bc8e103,2026-04-25T07:23:37+00:00,2029,271,169,71,3.733,671.5999999999999,15,fit:e47555f16f02711dc446d8bfb5ee6625d9c15688be7bc41a38dbac9a7bc8e103:segment:003,3,6676.0,6605,activities/067_260425073220.csv,1,1,0,0
fit:e47555f16f02711dc446d8bfb5ee6625d9c15688be7bc41a38dbac9a7bc8e103,2026-04-25T07:23:38+00:00,2030,280,169,72,3.722,672.5999999999999,15,fit:e47555f16f02711dc446d8bfb5ee6625d9c15688be7bc41a38dbac9a7bc8e103:segment:003,3,6677.0,6606,activities/067_260425073220.csv,1,1,0,0
fit:e47555f16f02711dc446d8bfb5ee6625d9c15688be7bc41a38dbac9a7bc8e103,2026-04-25T07:23:39+00:00,2031,282,169,71,3.69,672.5999999999999,15,fit:e47555f16f02711dc446d8bfb5ee6625d9c15688be7bc41a38dbac9a7bc8e103:segment:003,3,6678.0,6607,activities/067_260425073220.csv,1,1,0,0
fit:e47555f16f02711dc446d8bfb5ee6625d9c15688be7bc41a38dbac9a7bc8e103,2026-04-25T07:23:40+00:00,2032,282,169,71,3.627,672.5999999999999,15,fit:e47555f16f02711dc446d8bfb5ee6625d9c15688be7bc41a38dbac9a7bc8e103:segment:003,3,6679.0,6608,activities/067_260425073220.csv,1,1,0,0
fit:e47555f16f02711dc446d8bfb5ee6625d9c15688be7bc41a38dbac9a7bc8e103,2026-04-25T07:23:41+00:00,2033,308,169,71,3.655,672.5999999999999,15,fit:e47555f16f02711dc446d8bfb5ee6625d9c15688be7bc41a38dbac9a7bc8e103:segment:003,3,6680.0,6609,activities/067_260425073220.csv,1,1,0,0
fit:e47555f16f02711dc446d8bfb5ee6625d9c15688be7bc41a38dbac9a7bc8e103,2026-04-25T07:23:42+00:00,2034,359,169,71,3.69,673.4000000000001,15,fit:e47555f16f02711dc446d8bfb5ee6625d9c15688be7bc41a38dbac9a7bc8e103:segment:003,3,6681.0,6610,activities/067_260425073220.csv,1,1,0,0
fit:e47555f16f02711dc446d8bfb5ee6625d9c15688be7bc41a38dbac9a7bc8e103,2026-04-25T07:23:43+00:00,2035,367,170,75,3.565,673.8,15,fit:e47555f16f02711dc446d8bfb5ee6625d9c15688be7bc41a38dbac9a7bc8e103:segment:003,3,6682.0,6611,activities/067_260425073220.csv,1,1,0,0
fit:e47555f16f02711dc446d8bfb5ee6625d9c15688be7bc41a38dbac9a7bc8e103,2026-04-25T07:23:44+00:00,2036,328,170,75,3.529,674.0,15,fit:e47555f16f02711dc446d8bfb5ee6625d9c15688be7bc41a38dbac9a7bc8e103:segment:003,3,6683.0,6612,activities/067_260425073220.csv,1,1,0,0
fit:e47555f16f02711dc446d8bfb5ee6625d9c15688be7bc41a38dbac9a7bc8e103,2026-04-25T07:23:45+00:00,2037,342,170,77,3.692,674.0,15,fit:e47555f16f02711dc446d8bfb5ee6625d9c15688be7bc41a38dbac9a7bc8e103:segment:003,3,6684.0,6613,activities/067_260425073220.csv,1,1,0,0
fit:e47555f16f02711dc446d8bfb5ee6625d9c15688be7bc41a38dbac9a7bc8e103,2026-04-25T07:23:46+00:00,2038,364,170,77,4.017,674.0,15,fit:e47555f16f02711dc446d8bfb5ee6625d9c15688be7bc41a38dbac9a7bc8e103:segment:003,3,6685.0,6614,activities/067_260425073220.csv,1,1,0,0
fit:e47555f16f02711dc446d8bfb5ee6625d9c15688be7bc41a38dbac9a7bc8e103,2026-04-25T07:23:47+00:00,2039,340,170,78,3.673,674.0,15,fit:e47555f16f02711dc446d8bfb5ee6625d9c15688be7bc41a38dbac9a7bc8e103:segment:003,3,6686.0,6615,activities/067_260425073220.csv,1,1,0,0
fit:e47555f16f02711dc446d8bfb5ee6625d9c15688be7bc41a38dbac9a7bc8e103,2026-04-25T07:23:48+00:00,2040,336,170,79,3.875,675.0,15,fit:e47555f16f02711dc446d8bfb5ee6625d9c15688be7bc41a38dbac9a7bc8e103:segment:003,3,6687.0,6616,activities/067_260425073220.csv,1,1,0,0
fit:e47555f16f02711dc446d8bfb5ee6625d9c15688be7bc41a38dbac9a7bc8e103,2026-04-25T07:23:49+00:00,2041,354,171,79,3.901,675.2,15,fit:e47555f16f02711dc446d8bfb5ee6625d9c15688be7bc41a38dbac9a7bc8e103:segment:003,3,6688.0,6617,activities/067_260425073220.csv,1,1,0,0
fit:e47555f16f02711dc446d8bfb5ee6625d9c15688be7bc41a38dbac9a7bc8e103,2026-04-25T07:23:50+00:00,2042,363,171,81,3.841,676.2,15,fit:e47555f16f02711dc446d8bfb5ee6625d9c15688be7bc41a38dbac9a7bc8e103:segment:003,3,6689.0,6618,activities/067_260425073220.csv,1,1,0,0
fit:e47555f16f02711dc446d8bfb5ee6625d9c15688be7bc41a38dbac9a7bc8e103,2026-04-25T07:23:51+00:00,2043,363,172,82,4.008,676.4000000000001,15,fit:e47555f16f02711dc446d8bfb5ee6625d9c15688be7bc41a38dbac9a7bc8e103:segment:003,3,6690.0,6619,activities/067_260425073220.csv,1,1,0,0
fit:e47555f16f02711dc446d8bfb5ee6625d9c15688be7bc41a38dbac9a7bc8e103,2026-04-25T07:23:52+00:00,2044,314,172,84,4.023,677.2,15,fit:e47555f16f02711dc446d8bfb5ee6625d9c15688be7bc41a38dbac9a7bc8e103:segment:003,3,6691.0,6620,activities/067_260425073220.csv,1,1,0,0
fit:e47555f16f02711dc446d8bfb5ee6625d9c15688be7bc41a38dbac9a7bc8e103,2026-04-25T07:23:53+00:00,2045,321,173,84,4.13,677.2,15,fit:e47555f16f02711dc446d8bfb5ee6625d9c15688be7bc41a38dbac9a7bc8e103:segment:003,3,6692.0,6621,activities/067_260425073220.csv,1,1,0,0
fit:e47555f16f02711dc446d8bfb5ee6625d9c15688be7bc41a38dbac9a7bc8e103,2026-04-25T07:23:54+00:00,2046,29,173,85,4.328,677.2,15,fit:e47555f16f02711dc446d8bfb5ee6625d9c15688be7bc41a38dbac9a7bc8e103:segment:003,3,6693.0,6622,activities/067_260425073220.csv,1,1,0,0
fit:e47555f16f02711dc446d8bfb5ee6625d9c15688be7bc41a38dbac9a7bc8e103,2026-04-25T07:23:55+00:00,2047,116,173,80,4.246,677.2,15,fit:e47555f16f02711dc446d8bfb5ee6625d9c15688be7bc41a38dbac9a7bc8e103:segment:003,3,6694.0,6623,activities/067_260425073220.csv,1,1,0,0
fit:e47555f16f02711dc446d8bfb5ee6625d9c15688be7bc41a38dbac9a7bc8e103,2026-04-25T07:23:56+00:00,2048,261,173,69,3.846,677.2,15,fit:e47555f16f02711dc446d8bfb5ee6625d9c15688be7bc41a38dbac9a7bc8e103:segment:003,3,6695.0,6624,activities/067_260425073220.csv,1,1,0,0
fit:e47555f16f02711dc446d8bfb5ee6625d9c15688be7bc41a38dbac9a7bc8e103,2026-04-25T07:23:57+00:00,2049,253,173,60,3.656,678.2,15,fit:e47555f16f02711dc446d8bfb5ee6625d9c15688be7bc41a38dbac9a7bc8e103:segment:003,3,6696.0,6625,activities/067_260425073220.csv,1,1,0,0
fit:e47555f16f02711dc446d8bfb5ee6625d9c15688be7bc41a38dbac9a7bc8e103,2026-04-25T07:23:58+00:00,2050,254,173,66,3.604,678.8,15,fit:e47555f16f02711dc446d8bfb5ee6625d9c15688be7bc41a38dbac9a7bc8e103:segment:003,3,6697.0,6626,activities/067_260425073220.csv,1,1,0,0
fit:e47555f16f02711dc446d8bfb5ee6625d9c15688be7bc41a38dbac9a7bc8e103,2026-04-25T07:23:59+00:00,2051,191,173,66,3.389,678.8,15,fit:e47555f16f02711dc446d8bfb5ee6625d9c15688be7bc41a38dbac9a7bc8e103:segment:003,3,6698.0,6627,activities/067_260425073220.csv,1,1,0,0
fit:e47555f16f02711dc446d8bfb5ee6625d9c15688be7bc41a38dbac9a7bc8e103,2026-04-25T07:24:00+00:00,2052,335,172,58,3.423,678.8,15,fit:e47555f16f02711dc446d8bfb5ee6625d9c15688be7bc41a38dbac9a7bc8e103:segment:003,3,6699.0,6628,activities/067_260425073220.csv,1,1,0,0
fit:e47555f16f02711dc446d8bfb5ee6625d9c15688be7bc41a38dbac9a7bc8e103,2026-04-25T07:24:01+00:00,2053,289,172,62,3.548,678.8,15,fit:e47555f16f02711dc446d8bfb5ee6625d9c15688be7bc41a38dbac9a7bc8e103:segment:003,3,6700.0,6629,activities/067_260425073220.csv,1,1,0,0
fit:e47555f16f02711dc446d8bfb5ee6625d9c15688be7bc41a38dbac9a7bc8e103,2026-04-25T07:24:02+00:00,2054,320,172,65,3.742,679.8,15,fit:e47555f16f02711dc446d8bfb5ee6625d9c15688be7bc41a38dbac9a7bc8e103:segment:003,3,6701.0,6630,activities/067_260425073220.csv,1,1,0,0
fit:e47555f16f02711dc446d8bfb5ee6625d9c15688be7bc41a38dbac9a7bc8e103,2026-04-25T07:24:03+00:00,2055,320,171,67,3.787,680.0,15,fit:e47555f16f02711dc446d8bfb5ee6625d9c15688be7bc41a38dbac9a7bc8e103:segment:003,3,6702.0,6631,activities/067_260425073220.csv,1,1,0,0
fit:e47555f16f02711dc446d8bfb5ee6625d9c15688be7bc41a38dbac9a7bc8e103,2026-04-25T07:24:04+00:00,2056,336,171,69,3.987,680.8,15,fit:e47555f16f02711dc446d8bfb5ee6625d9c15688be7bc41a38dbac9a7bc8e103:segment:003,3,6703.0,6632,activities/067_260425073220.csv,1,1,0,0
fit:e47555f16f02711dc446d8bfb5ee6625d9c15688be7bc41a38dbac9a7bc8e103,2026-04-25T07:24:05+00:00,2057,319,171,71,3.999,680.8,15,fit:e47555f16f02711dc446d8bfb5ee6625d9c15688be7bc41a38dbac9a7bc8e103:segment:003,3,6704.0,6633,activities/067_260425073220.csv,1,1,0,0
fit:e47555f16f02711dc446d8bfb5ee6625d9c15688be7bc41a38dbac9a7bc8e103,2026-04-25T07:24:06+00:00,2058,306,171,72,4.013,680.8,15,fit:e47555f16f02711dc446d8bfb5ee6625d9c15688be7bc41a38dbac9a7bc8e103:segment:003,3,6705.0,6634,activities/067_260425073220.csv,1,1,0,0
fit:e47555f16f02711dc446d8bfb5ee6625d9c15688be7bc41a38dbac9a7bc8e103,2026-04-25T07:24:07+00:00,2059,304,170,72,4.047,680.8,15,fit:e47555f16f02711dc446d8bfb5ee6625d9c15688be7bc41a38dbac9a7bc8e103:segment:003,3,6706.0,6635,activities/067_260425073220.csv,1,1,0,0
fit:e47555f16f02711dc446d8bfb5ee6625d9c15688be7bc41a38dbac9a7bc8e103,2026-04-25T07:24:08+00:00,2060,333,170,71,4.077,680.8,15,fit:e47555f16f02711dc446d8bfb5ee6625d9c15688be7bc41a38dbac9a7bc8e103:segment:003,3,6707.0,6636,activities/067_260425073220.csv,1,1,0,0
fit:e47555f16f02711dc446d8bfb5ee6625d9c15688be7bc41a38dbac9a7bc8e103,2026-04-25T07:24:09+00:00,2061,281,169,71,4.124,680.8,15,fit:e47555f16f02711dc446d8bfb5ee6625d9c15688be7bc41a38dbac9a7bc8e103:segment:003,3,6708.0,6637,activities/067_260425073220.csv,1,1,0,0
fit:e47555f16f02711dc446d8bfb5ee6625d9c15688be7bc41a38dbac9a7bc8e103,2026-04-25T07:24:10+00:00,2062,290,169,70,4.057,680.8,15,fit:e47555f16f02711dc446d8bfb5ee6625d9c15688be7bc41a38dbac9a7bc8e103:segment:003,3,6709.0,6638,activities/067_260425073220.csv,1,1,0,0
fit:e47555f16f02711dc446d8bfb5ee6625d9c15688be7bc41a38dbac9a7bc8e103,2026-04-25T07:24:11+00:00,2063,290,169,71,4.119,681.8,15,fit:e47555f16f02711dc446d8bfb5ee6625d9c15688be7bc41a38dbac9a7bc8e103:segment:003,3,6710.0,6639,activities/067_260425073220.csv,1,1,0,0
fit:e47555f16f02711dc446d8bfb5ee6625d9c15688be7bc41a38dbac9a7bc8e103,2026-04-25T07:24:12+00:00,2064,311,169,72,4.324,682.8,15,fit:e47555f16f02711dc446d8bfb5ee6625d9c15688be7bc41a38dbac9a7bc8e103:segment:003,3,6711.0,6640,activities/067_260425073220.csv,1,1,0,0
fit:e47555f16f02711dc446d8bfb5ee6625d9c15688be7bc41a38dbac9a7bc8e103,2026-04-25T07:24:13+00:00,2065,246,169,72,4.124,683.5999999999999,15,fit:e47555f16f02711dc446d8bfb5ee6625d9c15688be7bc41a38dbac9a7bc8e103:segment:003,3,6712.0,6641,activities/067_260425073220.csv,1,1,0,0
fit:e47555f16f02711dc446d8bfb5ee6625d9c15688be7bc41a38dbac9a7bc8e103,2026-04-25T07:24:14+00:00,2066,301,169,79,4.001,683.5999999999999,15,fit:e47555f16f02711dc446d8bfb5ee6625d9c15688be7bc41a38dbac9a7bc8e103:segment:003,3,6713.0,6642,activities/067_260425073220.csv,1,1,0,0
fit:e47555f16f02711dc446d8bfb5ee6625d9c15688be7bc41a38dbac9a7bc8e103,2026-04-25T07:24:15+00:00,2067,301,169,80,4.021,683.5999999999999,15,fit:e47555f16f02711dc446d8bfb5ee6625d9c15688be7bc41a38dbac9a7bc8e103:segment:003,3,6714.0,6643,activities/067_260425073220.csv,1,1,0,0
fit:e47555f16f02711dc446d8bfb5ee6625d9c15688be7bc41a38dbac9a7bc8e103,2026-04-25T07:24:16+00:00,2068,301,169,78,4.223,683.5999999999999,15,fit:e47555f16f02711dc446d8bfb5ee6625d9c15688be7bc41a38dbac9a7bc8e103:segment:003,3,6715.0,6644,activities/067_260425073220.csv,1,1,0,0
fit:e47555f16f02711dc446d8bfb5ee6625d9c15688be7bc41a38dbac9a7bc8e103,2026-04-25T07:24:17+00:00,2069,343,169,78,4.095,684.2,15,fit:e47555f16f02711dc446d8bfb5ee6625d9c15688be7bc41a38dbac9a7bc8e103:segment:003,3,6716.0,6645,activities/067_260425073220.csv,1,1,0,0
fit:e47555f16f02711dc446d8bfb5ee6625d9c15688be7bc41a38dbac9a7bc8e103,2026-04-25T07:24:18+00:00,2070,318,169,78,3.997,684.2,15,fit:e47555f16f02711dc446d8bfb5ee6625d9c15688be7bc41a38dbac9a7bc8e103:segment:003,3,6717.0,6646,activities/067_260425073220.csv,1,1,0,0
fit:e47555f16f02711dc446d8bfb5ee6625d9c15688be7bc41a38dbac9a7bc8e103,2026-04-25T07:24:19+00:00,2071,283,170,78,3.88,684.2,15,fit:e47555f16f02711dc446d8bfb5ee6625d9c15688be7bc41a38dbac9a7bc8e103:segment:003,3,6718.0,6647,activities/067_260425073220.csv,1,1,0,0
fit:e47555f16f02711dc446d8bfb5ee6625d9c15688be7bc41a38dbac9a7bc8e103,2026-04-25T07:24:20+00:00,2072,283,170,74,3.847,684.2,15,fit:e47555f16f02711dc446d8bfb5ee6625d9c15688be7bc41a38dbac9a7bc8e103:segment:003,3,6719.0,6648,activities/067_260425073220.csv,1,1,0,0
fit:e47555f16f02711dc446d8bfb5ee6625d9c15688be7bc41a38dbac9a7bc8e103,2026-04-25T07:24:21+00:00,2073,295,170,74,3.817,685.2,15,fit:e47555f16f02711dc446d8bfb5ee6625d9c15688be7bc41a38dbac9a7bc8e103:segment:003,3,6720.0,6649,activities/067_260425073220.csv,1,1,0,0
fit:e47555f16f02711dc446d8bfb5ee6625d9c15688be7bc41a38dbac9a7bc8e103,2026-04-25T07:24:22+00:00,2074,305,170,73,3.98,686.0,15,fit:e47555f16f02711dc446d8bfb5ee6625d9c15688be7bc41a38dbac9a7bc8e103:segment:003,3,6721.0,6650,activities/067_260425073220.csv,1,1,0,0
fit:e47555f16f02711dc446d8bfb5ee6625d9c15688be7bc41a38dbac9a7bc8e103,2026-04-25T07:24:23+00:00,2075,292,170,72,4.02,686.2,15,fit:e47555f16f02711dc446d8bfb5ee6625d9c15688be7bc41a38dbac9a7bc8e103:segment:003,3,6722.0,6651,activities/067_260425073220.csv,1,1,0,0
fit:e47555f16f02711dc446d8bfb5ee6625d9c15688be7bc41a38dbac9a7bc8e103,2026-04-25T07:24:24+00:00,2076,288,170,72,3.88,686.5999999999999,15,fit:e47555f16f02711dc446d8bfb5ee6625d9c15688be7bc41a38dbac9a7bc8e103:segment:003,3,6723.0,6652,activities/067_260425073220.csv,1,1,0,0
fit:e47555f16f02711dc446d8bfb5ee6625d9c15688be7bc41a38dbac9a7bc8e103,2026-04-25T07:24:25+00:00,2077,263,170,73,3.819,686.5999999999999,15,fit:e47555f16f02711dc446d8bfb5ee6625d9c15688be7bc41a38dbac9a7bc8e103:segment:003,3,6724.0,6653,activities/067_260425073220.csv,1,1,0,0
fit:e47555f16f02711dc446d8bfb5ee6625d9c15688be7bc41a38dbac9a7bc8e103,2026-04-25T07:24:26+00:00,2078,263,170,72,3.666,686.5999999999999,15,fit:e47555f16f02711dc446d8bfb5ee6625d9c15688be7bc41a38dbac9a7bc8e103:segment:003,3,6725.0,6654,activities/067_260425073220.csv,1,1,0,0
fit:e47555f16f02711dc446d8bfb5ee6625d9c15688be7bc41a38dbac9a7bc8e103,2026-04-25T07:24:27+00:00,2079,310,170,73,3.677,686.5999999999999,15,fit:e47555f16f02711dc446d8bfb5ee6625d9c15688be7bc41a38dbac9a7bc8e103:segment:003,3,6726.0,6655,activities/067_260425073220.csv,1,1,0,0
fit:e47555f16f02711dc446d8bfb5ee6625d9c15688be7bc41a38dbac9a7bc8e103,2026-04-25T07:24:28+00:00,2080,285,170,74,3.72,687.5999999999999,15,fit:e47555f16f02711dc446d8bfb5ee6625d9c15688be7bc41a38dbac9a7bc8e103:segment:003,3,6727.0,6656,activities/067_260425073220.csv,1,1,0,0
fit:e47555f16f02711dc446d8bfb5ee6625d9c15688be7bc41a38dbac9a7bc8e103,2026-04-25T07:24:29+00:00,2081,256,170,74,3.694,687.5999999999999,15,fit:e47555f16f02711dc446d8bfb5ee6625d9c15688be7bc41a38dbac9a7bc8e103:segment:003,3,6728.0,6657,activities/067_260425073220.csv,1,1,0,0
fit:e47555f16f02711dc446d8bfb5ee6625d9c15688be7bc41a38dbac9a7bc8e103,2026-04-25T07:24:30+00:00,2082,255,169,74,3.814,687.5999999999999,15,fit:e47555f16f02711dc446d8bfb5ee6625d9c15688be7bc41a38dbac9a7bc8e103:segment:003,3,6729.0,6658,activities/067_260425073220.csv,1,1,0,0
fit:e47555f16f02711dc446d8bfb5ee6625d9c15688be7bc41a38dbac9a7bc8e103,2026-04-25T07:24:31+00:00,2083,277,169,71,3.837,687.5999999999999,15,fit:e47555f16f02711dc446d8bfb5ee6625d9c15688be7bc41a38dbac9a7bc8e103:segment:003,3,6730.0,6659,activities/067_260425073220.csv,1,1,0,0
fit:e47555f16f02711dc446d8bfb5ee6625d9c15688be7bc41a38dbac9a7bc8e103,2026-04-25T07:24:32+00:00,2084,268,169,71,3.812,688.5999999999999,15,fit:e47555f16f02711dc446d8bfb5ee6625d9c15688be7bc41a38dbac9a7bc8e103:segment:003,3,6731.0,6660,activities/067_260425073220.csv,1,1,0,0
fit:e47555f16f02711dc446d8bfb5ee6625d9c15688be7bc41a38dbac9a7bc8e103,2026-04-25T07:24:33+00:00,2085,277,169,70,3.769,689.0,15,fit:e47555f16f02711dc446d8bfb5ee6625d9c15688be7bc41a38dbac9a7bc8e103:segment:003,3,6732.0,6661,activities/067_260425073220.csv,1,1,0,0
fit:e47555f16f02711dc446d8bfb5ee6625d9c15688be7bc41a38dbac9a7bc8e103,2026-04-25T07:24:34+00:00,2086,298,169,71,3.776,689.0,15,fit:e47555f16f02711dc446d8bfb5ee6625d9c15688be7bc41a38dbac9a7bc8e103:segment:003,3,6733.0,6662,activities/067_260425073220.csv,1,1,0,0
fit:e47555f16f02711dc446d8bfb5ee6625d9c15688be7bc41a38dbac9a7bc8e103,2026-04-25T07:24:35+00:00,2087,302,169,71,3.61,689.0,15,fit:e47555f16f02711dc446d8bfb5ee6625d9c15688be7bc41a38dbac9a7bc8e103:segment:003,3,6734.0,6663,activities/067_260425073220.csv,1,1,0,0
fit:e47555f16f02711dc446d8bfb5ee6625d9c15688be7bc41a38dbac9a7bc8e103,2026-04-25T07:24:36+00:00,2088,329,169,74,3.738,689.0,15,fit:e47555f16f02711dc446d8bfb5ee6625d9c15688be7bc41a38dbac9a7bc8e103:segment:003,3,6735.0,6664,activities/067_260425073220.csv,1,1,0,0
fit:e47555f16f02711dc446d8bfb5ee6625d9c15688be7bc41a38dbac9a7bc8e103,2026-04-25T07:24:37+00:00,2089,301,169,76,3.765,690.0,15,fit:e47555f16f02711dc446d8bfb5ee6625d9c15688be7bc41a38dbac9a7bc8e103:segment:003,3,6736.0,6665,activities/067_260425073220.csv,1,1,0,0
fit:e47555f16f02711dc446d8bfb5ee6625d9c15688be7bc41a38dbac9a7bc8e103,2026-04-25T07:24:38+00:00,2090,294,169,77,3.783,690.2,15,fit:e47555f16f02711dc446d8bfb5ee6625d9c15688be7bc41a38dbac9a7bc8e103:segment:003,3,6737.0,6666,activities/067_260425073220.csv,1,1,0,0
fit:e47555f16f02711dc446d8bfb5ee6625d9c15688be7bc41a38dbac9a7bc8e103,2026-04-25T07:24:39+00:00,2091,289,169,76,3.831,690.4000000000001,15,fit:e47555f16f02711dc446d8bfb5ee6625d9c15688be7bc41a38dbac9a7bc8e103:segment:003,3,6738.0,6667,activities/067_260425073220.csv,1,1,0,0
fit:e47555f16f02711dc446d8bfb5ee6625d9c15688be7bc41a38dbac9a7bc8e103,2026-04-25T07:24:40+00:00,2092,287,169,76,3.794,690.8,15,fit:e47555f16f02711dc446d8bfb5ee6625d9c15688be7bc41a38dbac9a7bc8e103:segment:003,3,6739.0,6668,activities/067_260425073220.csv,1,1,0,0
fit:e47555f16f02711dc446d8bfb5ee6625d9c15688be7bc41a38dbac9a7bc8e103,2026-04-25T07:24:41+00:00,2093,335,169,77,3.676,691.0,15,fit:e47555f16f02711dc446d8bfb5ee6625d9c15688be7bc41a38dbac9a7bc8e103:segment:003,3,6740.0,6669,activities/067_260425073220.csv,1,1,0,0
fit:e47555f16f02711dc446d8bfb5ee6625d9c15688be7bc41a38dbac9a7bc8e103,2026-04-25T07:24:42+00:00,2094,295,169,77,3.576,691.5999999999999,15,fit:e47555f16f02711dc446d8bfb5ee6625d9c15688be7bc41a38dbac9a7bc8e103:segment:003,3,6741.0,6670,activities/067_260425073220.csv,1,1,0,0
fit:e47555f16f02711dc446d8bfb5ee6625d9c15688be7bc41a38dbac9a7bc8e103,2026-04-25T07:24:43+00:00,2095,328,169,80,3.394,691.8,15,fit:e47555f16f02711dc446d8bfb5ee6625d9c15688be7bc41a38dbac9a7bc8e103:segment:003,3,6742.0,6671,activities/067_260425073220.csv,1,1,0,0
fit:e47555f16f02711dc446d8bfb5ee6625d9c15688be7bc41a38dbac9a7bc8e103,2026-04-25T07:24:44+00:00,2096,315,169,81,3.667,692.4000000000001,15,fit:e47555f16f02711dc446d8bfb5ee6625d9c15688be7bc41a38dbac9a7bc8e103:segment:003,3,6743.0,6672,activities/067_260425073220.csv,1,1,0,0
fit:e47555f16f02711dc446d8bfb5ee6625d9c15688be7bc41a38dbac9a7bc8e103,2026-04-25T07:24:45+00:00,2097,301,169,82,3.73,692.4000000000001,15,fit:e47555f16f02711dc446d8bfb5ee6625d9c15688be7bc41a38dbac9a7bc8e103:segment:003,3,6744.0,6673,activities/067_260425073220.csv,1,1,0,0
fit:e47555f16f02711dc446d8bfb5ee6625d9c15688be7bc41a38dbac9a7bc8e103,2026-04-25T07:24:46+00:00,2098,311,169,84,3.888,692.4000000000001,15,fit:e47555f16f02711dc446d8bfb5ee6625d9c15688be7bc41a38dbac9a7bc8e103:segment:003,3,6745.0,6674,activities/067_260425073220.csv,1,1,0,0
fit:e47555f16f02711dc446d8bfb5ee6625d9c15688be7bc41a38dbac9a7bc8e103,2026-04-25T07:24:47+00:00,2099,271,169,84,3.948,692.4000000000001,15,fit:e47555f16f02711dc446d8bfb5ee6625d9c15688be7bc41a38dbac9a7bc8e103:segment:003,3,6746.0,6675,activities/067_260425073220.csv,1,1,0,0
fit:e47555f16f02711dc446d8bfb5ee6625d9c15688be7bc41a38dbac9a7bc8e103,2026-04-25T07:24:48+00:00,2100,218,170,83,4.132,693.2,15,fit:e47555f16f02711dc446d8bfb5ee6625d9c15688be7bc41a38dbac9a7bc8e103:segment:003,3,6747.0,6676,activities/067_260425073220.csv,1,1,0,0
fit:e47555f16f02711dc446d8bfb5ee6625d9c15688be7bc41a38dbac9a7bc8e103,2026-04-25T07:24:49+00:00,2101,224,170,79,4.252,694.2,15,fit:e47555f16f02711dc446d8bfb5ee6625d9c15688be7bc41a38dbac9a7bc8e103:segment:003,3,6748.0,6677,activities/067_260425073220.csv,1,1,0,0
fit:e47555f16f02711dc446d8bfb5ee6625d9c15688be7bc41a38dbac9a7bc8e103,2026-04-25T07:24:50+00:00,2102,243,170,78,4.055,694.2,15,fit:e47555f16f02711dc446d8bfb5ee6625d9c15688be7bc41a38dbac9a7bc8e103:segment:003,3,6749.0,6678,activities/067_260425073220.csv,1,1,0,0
fit:e47555f16f02711dc446d8bfb5ee6625d9c15688be7bc41a38dbac9a7bc8e103,2026-04-25T07:24:51+00:00,2103,243,170,77,3.99,694.2,15,fit:e47555f16f02711dc446d8bfb5ee6625d9c15688be7bc41a38dbac9a7bc8e103:segment:003,3,6750.0,6679,activities/067_260425073220.csv,1,1,0,0
fit:e47555f16f02711dc446d8bfb5ee6625d9c15688be7bc41a38dbac9a7bc8e103,2026-04-25T07:24:52+00:00,2104,234,170,77,3.902,694.2,15,fit:e47555f16f02711dc446d8bfb5ee6625d9c15688be7bc41a38dbac9a7bc8e103:segment:003,3,6751.0,6680,activities/067_260425073220.csv,1,1,0,0
fit:e47555f16f02711dc446d8bfb5ee6625d9c15688be7bc41a38dbac9a7bc8e103,2026-04-25T07:24:53+00:00,2105,239,169,75,3.776,694.5999999999999,15,fit:e47555f16f02711dc446d8bfb5ee6625d9c15688be7bc41a38dbac9a7bc8e103:segment:003,3,6752.0,6681,activities/067_260425073220.csv,1,1,0,0
fit:e47555f16f02711dc446d8bfb5ee6625d9c15688be7bc41a38dbac9a7bc8e103,2026-04-25T07:24:54+00:00,2106,239,169,75,3.774,695.2,15,fit:e47555f16f02711dc446d8bfb5ee6625d9c15688be7bc41a38dbac9a7bc8e103:segment:003,3,6753.0,6682,activities/067_260425073220.csv,1,1,0,0
fit:e47555f16f02711dc446d8bfb5ee6625d9c15688be7bc41a38dbac9a7bc8e103,2026-04-25T07:24:55+00:00,2107,260,169,73,3.691,695.8,15,fit:e47555f16f02711dc446d8bfb5ee6625d9c15688be7bc41a38dbac9a7bc8e103:segment:003,3,6754.0,6683,activities/067_260425073220.csv,1,1,0,0
fit:e47555f16f02711dc446d8bfb5ee6625d9c15688be7bc41a38dbac9a7bc8e103,2026-04-25T07:24:56+00:00,2108,269,169,73,3.674,696.0,15,fit:e47555f16f02711dc446d8bfb5ee6625d9c15688be7bc41a38dbac9a7bc8e103:segment:003,3,6755.0,6684,activities/067_260425073220.csv,1,1,0,0
fit:e47555f16f02711dc446d8bfb5ee6625d9c15688be7bc41a38dbac9a7bc8e103,2026-04-25T07:24:57+00:00,2109,278,169,74,3.698,696.2,15,fit:e47555f16f02711dc446d8bfb5ee6625d9c15688be7bc41a38dbac9a7bc8e103:segment:003,3,6756.0,6685,activities/067_260425073220.csv,1,1,0,0
fit:e47555f16f02711dc446d8bfb5ee6625d9c15688be7bc41a38dbac9a7bc8e103,2026-04-25T07:24:58+00:00,2110,278,169,74,3.688,696.4000000000001,15,fit:e47555f16f02711dc446d8bfb5ee6625d9c15688be7bc41a38dbac9a7bc8e103:segment:003,3,6757.0,6686,activities/067_260425073220.csv,1,1,0,0
fit:e47555f16f02711dc446d8bfb5ee6625d9c15688be7bc41a38dbac9a7bc8e103,2026-04-25T07:24:59+00:00,2111,267,169,74,3.679,696.4000000000001,15,fit:e47555f16f02711dc446d8bfb5ee6625d9c15688be7bc41a38dbac9a7bc8e103:segment:003,3,6758.0,6687,activities/067_260425073220.csv,1,1,0,0
fit:e47555f16f02711dc446d8bfb5ee6625d9c15688be7bc41a38dbac9a7bc8e103,2026-04-25T07:25:00+00:00,2112,291,168,73,3.765,696.4000000000001,15,fit:e47555f16f02711dc446d8bfb5ee6625d9c15688be7bc41a38dbac9a7bc8e103:segment:003,3,6759.0,6688,activities/067_260425073220.csv,1,1,0,0
fit:e47555f16f02711dc446d8bfb5ee6625d9c15688be7bc41a38dbac9a7bc8e103,2026-04-25T07:25:01+00:00,2113,304,169,72,3.67,696.4000000000001,15,fit:e47555f16f02711dc446d8bfb5ee6625d9c15688be7bc41a38dbac9a7bc8e103:segment:003,3,6760.0,6689,activities/067_260425073220.csv,1,1,0,0
fit:e47555f16f02711dc446d8bfb5ee6625d9c15688be7bc41a38dbac9a7bc8e103,2026-04-25T07:25:02+00:00,2114,316,168,71,3.703,697.4000000000001,15,fit:e47555f16f02711dc446d8bfb5ee6625d9c15688be7bc41a38dbac9a7bc8e103:segment:003,3,6761.0,6690,activities/067_260425073220.csv,1,1,0,0
fit:e47555f16f02711dc446d8bfb5ee6625d9c15688be7bc41a38dbac9a7bc8e103,2026-04-25T07:25:03+00:00,2115,263,168,71,3.459,698.2,15,fit:e47555f16f02711dc446d8bfb5ee6625d9c15688be7bc41a38dbac9a7bc8e103:segment:003,3,6762.0,6691,activities/067_260425073220.csv,1,1,0,0
fit:e47555f16f02711dc446d8bfb5ee6625d9c15688be7bc41a38dbac9a7bc8e103,2026-04-25T07:25:04+00:00,2116,280,168,71,3.685,698.2,15,fit:e47555f16f02711dc446d8bfb5ee6625d9c15688be7bc41a38dbac9a7bc8e103:segment:003,3,6763.0,6692,activities/067_260425073220.csv,1,1,0,0
fit:e47555f16f02711dc446d8bfb5ee6625d9c15688be7bc41a38dbac9a7bc8e103,2026-04-25T07:25:05+00:00,2117,271,168,73,3.821,698.2,15,fit:e47555f16f02711dc446d8bfb5ee6625d9c15688be7bc41a38dbac9a7bc8e103:segment:003,3,6764.0,6693,activities/067_260425073220.csv,1,1,0,0
fit:e47555f16f02711dc446d8bfb5ee6625d9c15688be7bc41a38dbac9a7bc8e103,2026-04-25T07:25:06+00:00,2118,271,168,73,3.735,698.2,15,fit:e47555f16f02711dc446d8bfb5ee6625d9c15688be7bc41a38dbac9a7bc8e103:segment:003,3,6765.0,6694,activities/067_260425073220.csv,1,1,0,0
fit:e47555f16f02711dc446d8bfb5ee6625d9c15688be7bc41a38dbac9a7bc8e103,2026-04-25T07:25:07+00:00,2119,261,168,71,3.688,699.2,15,fit:e47555f16f02711dc446d8bfb5ee6625d9c15688be7bc41a38dbac9a7bc8e103:segment:003,3,6766.0,6695,activities/067_260425073220.csv,1,1,0,0
fit:e47555f16f02711dc446d8bfb5ee6625d9c15688be7bc41a38dbac9a7bc8e103,2026-04-25T07:25:08+00:00,2120,293,168,70,3.548,699.2,15,fit:e47555f16f02711dc446d8bfb5ee6625d9c15688be7bc41a38dbac9a7bc8e103:segment:003,3,6767.0,6696,activities/067_260425073220.csv,1,1,0,0
fit:e47555f16f02711dc446d8bfb5ee6625d9c15688be7bc41a38dbac9a7bc8e103,2026-04-25T07:25:09+00:00,2121,284,168,70,3.56,699.2,15,fit:e47555f16f02711dc446d8bfb5ee6625d9c15688be7bc41a38dbac9a7bc8e103:segment:003,3,6768.0,6697,activities/067_260425073220.csv,1,1,0,0
fit:e47555f16f02711dc446d8bfb5ee6625d9c15688be7bc41a38dbac9a7bc8e103,2026-04-25T07:25:10+00:00,2122,284,168,72,3.658,699.2,15,fit:e47555f16f02711dc446d8bfb5ee6625d9c15688be7bc41a38dbac9a7bc8e103:segment:003,3,6769.0,6698,activities/067_260425073220.csv,1,1,0,0
fit:e47555f16f02711dc446d8bfb5ee6625d9c15688be7bc41a38dbac9a7bc8e103,2026-04-25T07:25:11+00:00,2123,303,168,72,3.722,699.2,15,fit:e47555f16f02711dc446d8bfb5ee6625d9c15688be7bc41a38dbac9a7bc8e103:segment:003,3,6770.0,6699,activities/067_260425073220.csv,1,1,0,0
fit:e47555f16f02711dc446d8bfb5ee6625d9c15688be7bc41a38dbac9a7bc8e103,2026-04-25T07:25:12+00:00,2124,304,168,75,3.7,700.0,15,fit:e47555f16f02711dc446d8bfb5ee6625d9c15688be7bc41a38dbac9a7bc8e103:segment:003,3,6771.0,6700,activities/067_260425073220.csv,1,1,0,0
fit:e47555f16f02711dc446d8bfb5ee6625d9c15688be7bc41a38dbac9a7bc8e103,2026-04-25T07:25:13+00:00,2125,268,168,75,3.781,700.5999999999999,15,fit:e47555f16f02711dc446d8bfb5ee6625d9c15688be7bc41a38dbac9a7bc8e103:segment:003,3,6772.0,6701,activities/067_260425073220.csv,1,1,0,0
fit:e47555f16f02711dc446d8bfb5ee6625d9c15688be7bc41a38dbac9a7bc8e103,2026-04-25T07:25:14+00:00,2126,293,168,75,3.851,700.5999999999999,15,fit:e47555f16f02711dc446d8bfb5ee6625d9c15688be7bc41a38dbac9a7bc8e103:segment:003,3,6773.0,6702,activities/067_260425073220.csv,1,1,0,0
fit:e47555f16f02711dc446d8bfb5ee6625d9c15688be7bc41a38dbac9a7bc8e103,2026-04-25T07:25:15+00:00,2127,352,168,75,3.794,700.5999999999999,15,fit:e47555f16f02711dc446d8bfb5ee6625d9c15688be7bc41a38dbac9a7bc8e103:segment:003,3,6774.0,6703,activities/067_260425073220.csv,1,1,0,0
fit:e47555f16f02711dc446d8bfb5ee6625d9c15688be7bc41a38dbac9a7bc8e103,2026-04-25T07:25:16+00:00,2128,325,168,78,3.907,700.5999999999999,15,fit:e47555f16f02711dc446d8bfb5ee6625d9c15688be7bc41a38dbac9a7bc8e103:segment:003,3,6775.0,6704,activities/067_260425073220.csv,1,1,0,0
fit:e47555f16f02711dc446d8bfb5ee6625d9c15688be7bc41a38dbac9a7bc8e103,2026-04-25T07:25:17+00:00,2129,325,169,79,3.89,701.5999999999999,15,fit:e47555f16f02711dc446d8bfb5ee6625d9c15688be7bc41a38dbac9a7bc8e103:segment:003,3,6776.0,6705,activities/067_260425073220.csv,1,1,0,0
fit:e47555f16f02711dc446d8bfb5ee6625d9c15688be7bc41a38dbac9a7bc8e103,2026-04-25T07:25:18+00:00,2130,276,169,75,3.932,702.4000000000001,15,fit:e47555f16f02711dc446d8bfb5ee6625d9c15688be7bc41a38dbac9a7bc8e103:segment:003,3,6777.0,6706,activities/067_260425073220.csv,1,1,0,0
fit:e47555f16f02711dc446d8bfb5ee6625d9c15688be7bc41a38dbac9a7bc8e103,2026-04-25T07:25:19+00:00,2131,276,168,74,3.827,702.4000000000001,15,fit:e47555f16f02711dc446d8bfb5ee6625d9c15688be7bc41a38dbac9a7bc8e103:segment:003,3,6778.0,6707,activities/067_260425073220.csv,1,1,0,0
fit:e47555f16f02711dc446d8bfb5ee6625d9c15688be7bc41a38dbac9a7bc8e103,2026-04-25T07:25:20+00:00,2132,276,168,74,3.9,702.8,15,fit:e47555f16f02711dc446d8bfb5ee6625d9c15688be7bc41a38dbac9a7bc8e103:segment:003,3,6779.0,6708,activities/067_260425073220.csv,1,1,0,0
fit:e47555f16f02711dc446d8bfb5ee6625d9c15688be7bc41a38dbac9a7bc8e103,2026-04-25T07:25:21+00:00,2133,271,168,73,3.697,703.0,15,fit:e47555f16f02711dc446d8bfb5ee6625d9c15688be7bc41a38dbac9a7bc8e103:segment:003,3,6780.0,6709,activities/067_260425073220.csv,1,1,0,0
fit:e47555f16f02711dc446d8bfb5ee6625d9c15688be7bc41a38dbac9a7bc8e103,2026-04-25T07:25:22+00:00,2134,271,168,72,3.724,703.2,15,fit:e47555f16f02711dc446d8bfb5ee6625d9c15688be7bc41a38dbac9a7bc8e103:segment:003,3,6781.0,6710,activities/067_260425073220.csv,1,1,0,0
fit:e47555f16f02711dc446d8bfb5ee6625d9c15688be7bc41a38dbac9a7bc8e103,2026-04-25T07:25:23+00:00,2135,259,168,71,3.541,703.5999999999999,15,fit:e47555f16f02711dc446d8bfb5ee6625d9c15688be7bc41a38dbac9a7bc8e103:segment:003,3,6782.0,6711,activities/067_260425073220.csv,1,1,0,0
fit:e47555f16f02711dc446d8bfb5ee6625d9c15688be7bc41a38dbac9a7bc8e103,2026-04-25T07:25:24+00:00,2136,243,168,70,3.505,704.0,15,fit:e47555f16f02711dc446d8bfb5ee6625d9c15688be7bc41a38dbac9a7bc8e103:segment:003,3,6783.0,6712,activities/067_260425073220.csv,1,1,0,0
fit:e47555f16f02711dc446d8bfb5ee6625d9c15688be7bc41a38dbac9a7bc8e103,2026-04-25T07:25:25+00:00,2137,271,168,70,3.346,704.2,15,fit:e47555f16f02711dc446d8bfb5ee6625d9c15688be7bc41a38dbac9a7bc8e103:segment:003,3,6784.0,6713,activities/067_260425073220.csv,1,1,0,0
fit:e47555f16f02711dc446d8bfb5ee6625d9c15688be7bc41a38dbac9a7bc8e103,2026-04-25T07:25:26+00:00,2138,272,167,71,3.407,704.4000000000001,15,fit:e47555f16f02711dc446d8bfb5ee6625d9c15688be7bc41a38dbac9a7bc8e103:segment:003,3,6785.0,6714,activities/067_260425073220.csv,1,1,0,0
fit:e47555f16f02711dc446d8bfb5ee6625d9c15688be7bc41a38dbac9a7bc8e103,2026-04-25T07:25:27+00:00,2139,273,167,72,3.48,704.8,15,fit:e47555f16f02711dc446d8bfb5ee6625d9c15688be7bc41a38dbac9a7bc8e103:segment:003,3,6786.0,6715,activities/067_260425073220.csv,1,1,0,0
fit:e47555f16f02711dc446d8bfb5ee6625d9c15688be7bc41a38dbac9a7bc8e103,2026-04-25T07:25:28+00:00,2140,267,167,75,3.493,705.5999999999999,15,fit:e47555f16f02711dc446d8bfb5ee6625d9c15688be7bc41a38dbac9a7bc8e103:segment:003,3,6787.0,6716,activities/067_260425073220.csv,1,1,0,0
fit:e47555f16f02711dc446d8bfb5ee6625d9c15688be7bc41a38dbac9a7bc8e103,2026-04-25T07:25:29+00:00,2141,232,167,66,3.571,705.8,15,fit:e47555f16f02711dc446d8bfb5ee6625d9c15688be7bc41a38dbac9a7bc8e103:segment:003,3,6788.0,6717,activities/067_260425073220.csv,1,1,0,0
fit:e47555f16f02711dc446d8bfb5ee6625d9c15688be7bc41a38dbac9a7bc8e103,2026-04-25T07:25:30+00:00,2142,356,167,66,3.573,705.8,15,fit:e47555f16f02711dc446d8bfb5ee6625d9c15688be7bc41a38dbac9a7bc8e103:segment:003,3,6789.0,6718,activities/067_260425073220.csv,1,1,0,0
fit:e47555f16f02711dc446d8bfb5ee6625d9c15688be7bc41a38dbac9a7bc8e103,2026-04-25T07:25:31+00:00,2143,269,167,72,3.82,705.8,15,fit:e47555f16f02711dc446d8bfb5ee6625d9c15688be7bc41a38dbac9a7bc8e103:segment:003,3,6790.0,6719,activities/067_260425073220.csv,1,1,0,0
fit:e47555f16f02711dc446d8bfb5ee6625d9c15688be7bc41a38dbac9a7bc8e103,2026-04-25T07:25:32+00:00,2144,270,167,72,4.195,705.8,15,fit:e47555f16f02711dc446d8bfb5ee6625d9c15688be7bc41a38dbac9a7bc8e103:segment:003,3,6791.0,6720,activities/067_260425073220.csv,1,1,0,0
fit:e47555f16f02711dc446d8bfb5ee6625d9c15688be7bc41a38dbac9a7bc8e103,2026-04-25T07:25:33+00:00,2145,277,167,73,4.027,706.4000000000001,15,fit:e47555f16f02711dc446d8bfb5ee6625d9c15688be7bc41a38dbac9a7bc8e103:segment:003,3,6792.0,6721,activities/067_260425073220.csv,1,1,0,0
fit:e47555f16f02711dc446d8bfb5ee6625d9c15688be7bc41a38dbac9a7bc8e103,2026-04-25T07:25:34+00:00,2146,284,167,73,4.034,706.5999999999999,15,fit:e47555f16f02711dc446d8bfb5ee6625d9c15688be7bc41a38dbac9a7bc8e103:segment:003,3,6793.0,6722,activities/067_260425073220.csv,1,1,0,0
fit:e47555f16f02711dc446d8bfb5ee6625d9c15688be7bc41a38dbac9a7bc8e103,2026-04-25T07:25:35+00:00,2147,284,167,73,4.269,707.2,15,fit:e47555f16f02711dc446d8bfb5ee6625d9c15688be7bc41a38dbac9a7bc8e103:segment:003,3,6794.0,6723,activities/067_260425073220.csv,1,1,0,0
fit:e47555f16f02711dc446d8bfb5ee6625d9c15688be7bc41a38dbac9a7bc8e103,2026-04-25T07:25:36+00:00,2148,229,168,70,4.244,708.0,15,fit:e47555f16f02711dc446d8bfb5ee6625d9c15688be7bc41a38dbac9a7bc8e103:segment:003,3,6795.0,6724,activities/067_260425073220.csv,1,1,0,0
fit:e47555f16f02711dc446d8bfb5ee6625d9c15688be7bc41a38dbac9a7bc8e103,2026-04-25T07:25:37+00:00,2149,229,168,77,4.266,708.0,15,fit:e47555f16f02711dc446d8bfb5ee6625d9c15688be7bc41a38dbac9a7bc8e103:segment:003,3,6796.0,6725,activities/067_260425073220.csv,1,1,0,0
fit:e47555f16f02711dc446d8bfb5ee6625d9c15688be7bc41a38dbac9a7bc8e103,2026-04-25T07:25:38+00:00,2150,305,168,77,4.117,708.0,15,fit:e47555f16f02711dc446d8bfb5ee6625d9c15688be7bc41a38dbac9a7bc8e103:segment:003,3,6797.0,6726,activities/067_260425073220.csv,1,1,0,0
fit:e47555f16f02711dc446d8bfb5ee6625d9c15688be7bc41a38dbac9a7bc8e103,2026-04-25T07:25:39+00:00,2151,298,168,75,4.109,708.0,15,fit:e47555f16f02711dc446d8bfb5ee6625d9c15688be7bc41a38dbac9a7bc8e103:segment:003,3,6798.0,6727,activities/067_260425073220.csv,1,1,0,0
fit:e47555f16f02711dc446d8bfb5ee6625d9c15688be7bc41a38dbac9a7bc8e103,2026-04-25T07:25:40+00:00,2152,303,168,75,3.867,708.0,15,fit:e47555f16f02711dc446d8bfb5ee6625d9c15688be7bc41a38dbac9a7bc8e103:segment:003,3,6799.0,6728,activities/067_260425073220.csv,1,1,0,0
fit:e47555f16f02711dc446d8bfb5ee6625d9c15688be7bc41a38dbac9a7bc8e103,2026-04-25T07:25:41+00:00,2153,307,168,74,3.737,708.8,15,fit:e47555f16f02711dc446d8bfb5ee6625d9c15688be7bc41a38dbac9a7bc8e103:segment:003,3,6800.0,6729,activities/067_260425073220.csv,1,1,0,0
fit:e47555f16f02711dc446d8bfb5ee6625d9c15688be7bc41a38dbac9a7bc8e103,2026-04-25T07:25:42+00:00,2154,304,168,73,3.693,709.5999999999999,15,fit:e47555f16f02711dc446d8bfb5ee6625d9c15688be7bc41a38dbac9a7bc8e103:segment:003,3,6801.0,6730,activities/067_260425073220.csv,1,1,0,0
fit:e47555f16f02711dc446d8bfb5ee6625d9c15688be7bc41a38dbac9a7bc8e103,2026-04-25T07:25:43+00:00,2155,290,168,73,3.809,709.5999999999999,15,fit:e47555f16f02711dc446d8bfb5ee6625d9c15688be7bc41a38dbac9a7bc8e103:segment:003,3,6802.0,6731,activities/067_260425073220.csv,1,1,0,0
fit:e47555f16f02711dc446d8bfb5ee6625d9c15688be7bc41a38dbac9a7bc8e103,2026-04-25T07:25:44+00:00,2156,296,169,73,3.762,709.5999999999999,15,fit:e47555f16f02711dc446d8bfb5ee6625d9c15688be7bc41a38dbac9a7bc8e103:segment:003,3,6803.0,6732,activities/067_260425073220.csv,1,1,0,0
fit:e47555f16f02711dc446d8bfb5ee6625d9c15688be7bc41a38dbac9a7bc8e103,2026-04-25T07:25:45+00:00,2157,288,169,76,3.728,709.5999999999999,15,fit:e47555f16f02711dc446d8bfb5ee6625d9c15688be7bc41a38dbac9a7bc8e103:segment:003,3,6804.0,6733,activities/067_260425073220.csv,1,1,0,0
fit:e47555f16f02711dc446d8bfb5ee6625d9c15688be7bc41a38dbac9a7bc8e103,2026-04-25T07:25:46+00:00,2158,277,169,76,3.959,710.5999999999999,15,fit:e47555f16f02711dc446d8bfb5ee6625d9c15688be7bc41a38dbac9a7bc8e103:segment:003,3,6805.0,6734,activities/067_260425073220.csv,1,1,0,0
fit:e47555f16f02711dc446d8bfb5ee6625d9c15688be7bc41a38dbac9a7bc8e103,2026-04-25T07:25:47+00:00,2159,318,169,75,4.008,710.8,15,fit:e47555f16f02711dc446d8bfb5ee6625d9c15688be7bc41a38dbac9a7bc8e103:segment:003,3,6806.0,6735,activities/067_260425073220.csv,1,1,0,0
fit:e47555f16f02711dc446d8bfb5ee6625d9c15688be7bc41a38dbac9a7bc8e103,2026-04-25T07:25:48+00:00,2160,332,169,76,4.044,711.2,15,fit:e47555f16f02711dc446d8bfb5ee6625d9c15688be7bc41a38dbac9a7bc8e103:segment:003,3,6807.0,6736,activities/067_260425073220.csv,1,1,0,0
fit:e47555f16f02711dc446d8bfb5ee6625d9c15688be7bc41a38dbac9a7bc8e103,2026-04-25T07:25:49+00:00,2161,326,169,77,4.008,711.2,15,fit:e47555f16f02711dc446d8bfb5ee6625d9c15688be7bc41a38dbac9a7bc8e103:segment:003,3,6808.0,6737,activities/067_260425073220.csv,1,1,0,0
fit:e47555f16f02711dc446d8bfb5ee6625d9c15688be7bc41a38dbac9a7bc8e103,2026-04-25T07:25:50+00:00,2162,296,169,78,3.972,711.2,15,fit:e47555f16f02711dc446d8bfb5ee6625d9c15688be7bc41a38dbac9a7bc8e103:segment:003,3,6809.0,6738,activities/067_260425073220.csv,1,1,0,0
fit:e47555f16f02711dc446d8bfb5ee6625d9c15688be7bc41a38dbac9a7bc8e103,2026-04-25T07:25:51+00:00,2163,305,169,78,3.964,711.2,15,fit:e47555f16f02711dc446d8bfb5ee6625d9c15688be7bc41a38dbac9a7bc8e103:segment:003,3,6810.0,6739,activities/067_260425073220.csv,1,1,0,0
fit:e47555f16f02711dc446d8bfb5ee6625d9c15688be7bc41a38dbac9a7bc8e103,2026-04-25T07:25:52+00:00,2164,347,169,78,4.0,711.2,15,fit:e47555f16f02711dc446d8bfb5ee6625d9c15688be7bc41a38dbac9a7bc8e103:segment:003,3,6811.0,6740,activities/067_260425073220.csv,1,1,0,0
fit:e47555f16f02711dc446d8bfb5ee6625d9c15688be7bc41a38dbac9a7bc8e103,2026-04-25T07:25:53+00:00,2165,299,169,78,4.081,712.2,15,fit:e47555f16f02711dc446d8bfb5ee6625d9c15688be7bc41a38dbac9a7bc8e103:segment:003,3,6812.0,6741,activities/067_260425073220.csv,1,1,0,0
fit:e47555f16f02711dc446d8bfb5ee6625d9c15688be7bc41a38dbac9a7bc8e103,2026-04-25T07:25:54+00:00,2166,292,169,77,3.987,712.5999999999999,15,fit:e47555f16f02711dc446d8bfb5ee6625d9c15688be7bc41a38dbac9a7bc8e103:segment:003,3,6813.0,6742,activities/067_260425073220.csv,1,1,0,0
fit:e47555f16f02711dc446d8bfb5ee6625d9c15688be7bc41a38dbac9a7bc8e103,2026-04-25T07:25:55+00:00,2167,291,169,77,3.946,712.5999999999999,15,fit:e47555f16f02711dc446d8bfb5ee6625d9c15688be7bc41a38dbac9a7bc8e103:segment:003,3,6814.0,6743,activities/067_260425073220.csv,1,1,0,0
fit:e47555f16f02711dc446d8bfb5ee6625d9c15688be7bc41a38dbac9a7bc8e103,2026-04-25T07:25:56+00:00,2168,311,169,75,3.917,712.5999999999999,15,fit:e47555f16f02711dc446d8bfb5ee6625d9c15688be7bc41a38dbac9a7bc8e103:segment:003,3,6815.0,6744,activities/067_260425073220.csv,1,1,0,0
fit:e47555f16f02711dc446d8bfb5ee6625d9c15688be7bc41a38dbac9a7bc8e103,2026-04-25T07:25:57+00:00,2169,311,169,75,3.871,712.5999999999999,15,fit:e47555f16f02711dc446d8bfb5ee6625d9c15688be7bc41a38dbac9a7bc8e103:segment:003,3,6816.0,6745,activities/067_260425073220.csv,1,1,0,0
fit:e47555f16f02711dc446d8bfb5ee6625d9c15688be7bc41a38dbac9a7bc8e103,2026-04-25T07:25:58+00:00,2170,288,169,76,3.873,713.5999999999999,15,fit:e47555f16f02711dc446d8bfb5ee6625d9c15688be7bc41a38dbac9a7bc8e103:segment:003,3,6817.0,6746,activities/067_260425073220.csv,1,1,0,0
fit:e47555f16f02711dc446d8bfb5ee6625d9c15688be7bc41a38dbac9a7bc8e103,2026-04-25T07:25:59+00:00,2171,287,169,76,3.956,714.0,15,fit:e47555f16f02711dc446d8bfb5ee6625d9c15688be7bc41a38dbac9a7bc8e103:segment:003,3,6818.0,6747,activities/067_260425073220.csv,1,1,0,0
fit:e47555f16f02711dc446d8bfb5ee6625d9c15688be7bc41a38dbac9a7bc8e103,2026-04-25T07:26:00+00:00,2172,256,169,76,3.985,714.0,15,fit:e47555f16f02711dc446d8bfb5ee6625d9c15688be7bc41a38dbac9a7bc8e103:segment:003,3,6819.0,6748,activities/067_260425073220.csv,1,1,0,0
fit:e47555f16f02711dc446d8bfb5ee6625d9c15688be7bc41a38dbac9a7bc8e103,2026-04-25T07:26:01+00:00,2173,288,169,74,3.911,714.0,15,fit:e47555f16f02711dc446d8bfb5ee6625d9c15688be7bc41a38dbac9a7bc8e103:segment:003,3,6820.0,6749,activities/067_260425073220.csv,1,1,0,0
fit:e47555f16f02711dc446d8bfb5ee6625d9c15688be7bc41a38dbac9a7bc8e103,2026-04-25T07:26:02+00:00,2174,280,169,70,3.883,714.0,15,fit:e47555f16f02711dc446d8bfb5ee6625d9c15688be7bc41a38dbac9a7bc8e103:segment:003,3,6821.0,6750,activities/067_260425073220.csv,1,1,0,0
fit:e47555f16f02711dc446d8bfb5ee6625d9c15688be7bc41a38dbac9a7bc8e103,2026-04-25T07:26:03+00:00,2175,255,169,70,3.775,714.0,15,fit:e47555f16f02711dc446d8bfb5ee6625d9c15688be7bc41a38dbac9a7bc8e103:segment:003,3,6822.0,6751,activities/067_260425073220.csv,1,1,0,0
fit:e47555f16f02711dc446d8bfb5ee6625d9c15688be7bc41a38dbac9a7bc8e103,2026-04-25T07:26:04+00:00,2176,312,169,70,3.631,715.0,15,fit:e47555f16f02711dc446d8bfb5ee6625d9c15688be7bc41a38dbac9a7bc8e103:segment:003,3,6823.0,6752,activities/067_260425073220.csv,1,1,0,0
fit:e47555f16f02711dc446d8bfb5ee6625d9c15688be7bc41a38dbac9a7bc8e103,2026-04-25T07:26:05+00:00,2177,285,168,70,3.607,715.5999999999999,15,fit:e47555f16f02711dc446d8bfb5ee6625d9c15688be7bc41a38dbac9a7bc8e103:segment:003,3,6824.0,6753,activities/067_260425073220.csv,1,1,0,0
fit:e47555f16f02711dc446d8bfb5ee6625d9c15688be7bc41a38dbac9a7bc8e103,2026-04-25T07:26:06+00:00,2178,316,168,69,3.443,716.2,15,fit:e47555f16f02711dc446d8bfb5ee6625d9c15688be7bc41a38dbac9a7bc8e103:segment:003,3,6825.0,6754,activities/067_260425073220.csv,1,1,0,0
fit:e47555f16f02711dc446d8bfb5ee6625d9c15688be7bc41a38dbac9a7bc8e103,2026-04-25T07:26:07+00:00,2179,316,168,69,3.271,716.4000000000001,15,fit:e47555f16f02711dc446d8bfb5ee6625d9c15688be7bc41a38dbac9a7bc8e103:segment:003,3,6826.0,6755,activities/067_260425073220.csv,1,1,0,0
fit:e47555f16f02711dc446d8bfb5ee6625d9c15688be7bc41a38dbac9a7bc8e103,2026-04-25T07:26:08+00:00,2180,296,167,70,3.427,716.8,15,fit:e47555f16f02711dc446d8bfb5ee6625d9c15688be7bc41a38dbac9a7bc8e103:segment:003,3,6827.0,6756,activities/067_260425073220.csv,1,1,0,0
fit:e47555f16f02711dc446d8bfb5ee6625d9c15688be7bc41a38dbac9a7bc8e103,2026-04-25T07:26:09+00:00,2181,284,167,71,3.459,717.0,15,fit:e47555f16f02711dc446d8bfb5ee6625d9c15688be7bc41a38dbac9a7bc8e103:segment:003,3,6828.0,6757,activities/067_260425073220.csv,1,1,0,0
fit:e47555f16f02711dc446d8bfb5ee6625d9c15688be7bc41a38dbac9a7bc8e103,2026-04-25T07:26:10+00:00,2182,293,167,71,3.469,717.2,15,fit:e47555f16f02711dc446d8bfb5ee6625d9c15688be7bc41a38dbac9a7bc8e103:segment:003,3,6829.0,6758,activities/067_260425073220.csv,1,1,0,0
fit:e47555f16f02711dc446d8bfb5ee6625d9c15688be7bc41a38dbac9a7bc8e103,2026-04-25T07:26:11+00:00,2183,289,167,72,3.463,717.5999999999999,15,fit:e47555f16f02711dc446d8bfb5ee6625d9c15688be7bc41a38dbac9a7bc8e103:segment:003,3,6830.0,6759,activities/067_260425073220.csv,1,1,0,0
fit:e47555f16f02711dc446d8bfb5ee6625d9c15688be7bc41a38dbac9a7bc8e103,2026-04-25T07:26:12+00:00,2184,289,167,72,3.574,718.0,15,fit:e47555f16f02711dc446d8bfb5ee6625d9c15688be7bc41a38dbac9a7bc8e103:segment:003,3,6831.0,6760,activities/067_260425073220.csv,1,1,0,0
fit:e47555f16f02711dc446d8bfb5ee6625d9c15688be7bc41a38dbac9a7bc8e103,2026-04-25T07:26:13+00:00,2185,289,167,72,3.629,718.4000000000001,15,fit:e47555f16f02711dc446d8bfb5ee6625d9c15688be7bc41a38dbac9a7bc8e103:segment:003,3,6832.0,6761,activities/067_260425073220.csv,1,1,0,0
fit:e47555f16f02711dc446d8bfb5ee6625d9c15688be7bc41a38dbac9a7bc8e103,2026-04-25T07:26:14+00:00,2186,303,166,75,3.727,719.0,15,fit:e47555f16f02711dc446d8bfb5ee6625d9c15688be7bc41a38dbac9a7bc8e103:segment:003,3,6833.0,6762,activities/067_260425073220.csv,1,1,0,0
fit:e47555f16f02711dc446d8bfb5ee6625d9c15688be7bc41a38dbac9a7bc8e103,2026-04-25T07:26:15+00:00,2187,304,166,75,3.777,719.0,15,fit:e47555f16f02711dc446d8bfb5ee6625d9c15688be7bc41a38dbac9a7bc8e103:segment:003,3,6834.0,6763,activities/067_260425073220.csv,1,1,0,0
fit:e47555f16f02711dc446d8bfb5ee6625d9c15688be7bc41a38dbac9a7bc8e103,2026-04-25T07:26:16+00:00,2188,304,166,78,3.933,719.0,15,fit:e47555f16f02711dc446d8bfb5ee6625d9c15688be7bc41a38dbac9a7bc8e103:segment:003,3,6835.0,6764,activities/067_260425073220.csv,1,1,0,0
fit:e47555f16f02711dc446d8bfb5ee6625d9c15688be7bc41a38dbac9a7bc8e103,2026-04-25T07:26:17+00:00,2189,270,165,78,4.015,719.0,15,fit:e47555f16f02711dc446d8bfb5ee6625d9c15688be7bc41a38dbac9a7bc8e103:segment:003,3,6836.0,6765,activities/067_260425073220.csv,1,1,0,0
fit:e47555f16f02711dc446d8bfb5ee6625d9c15688be7bc41a38dbac9a7bc8e103,2026-04-25T07:26:18+00:00,2190,280,165,77,3.947,720.0,15,fit:e47555f16f02711dc446d8bfb5ee6625d9c15688be7bc41a38dbac9a7bc8e103:segment:003,3,6837.0,6766,activities/067_260425073220.csv,1,1,0,0
fit:e47555f16f02711dc446d8bfb5ee6625d9c15688be7bc41a38dbac9a7bc8e103,2026-04-25T07:26:19+00:00,2191,331,166,77,3.941,720.0,15,fit:e47555f16f02711dc446d8bfb5ee6625d9c15688be7bc41a38dbac9a7bc8e103:segment:003,3,6838.0,6767,activities/067_260425073220.csv,1,1,0,0
fit:e47555f16f02711dc446d8bfb5ee6625d9c15688be7bc41a38dbac9a7bc8e103,2026-04-25T07:26:20+00:00,2192,331,166,77,4.012,720.0,15,fit:e47555f16f02711dc446d8bfb5ee6625d9c15688be7bc41a38dbac9a7bc8e103:segment:003,3,6839.0,6768,activities/067_260425073220.csv,1,1,0,0
fit:e47555f16f02711dc446d8bfb5ee6625d9c15688be7bc41a38dbac9a7bc8e103,2026-04-25T07:26:21+00:00,2193,296,166,76,4.041,720.0,15,fit:e47555f16f02711dc446d8bfb5ee6625d9c15688be7bc41a38dbac9a7bc8e103:segment:003,3,6840.0,6769,activities/067_260425073220.csv,1,1,0,0
fit:e47555f16f02711dc446d8bfb5ee6625d9c15688be7bc41a38dbac9a7bc8e103,2026-04-25T07:26:22+00:00,2194,322,166,76,4.034,721.0,15,fit:e47555f16f02711dc446d8bfb5ee6625d9c15688be7bc41a38dbac9a7bc8e103:segment:003,3,6841.0,6770,activities/067_260425073220.csv,1,1,0,0
fit:e47555f16f02711dc446d8bfb5ee6625d9c15688be7bc41a38dbac9a7bc8e103,2026-04-25T07:26:23+00:00,2195,308,166,79,4.067,721.0,15,fit:e47555f16f02711dc446d8bfb5ee6625d9c15688be7bc41a38dbac9a7bc8e103:segment:003,3,6842.0,6771,activities/067_260425073220.csv,1,1,0,0
fit:e47555f16f02711dc446d8bfb5ee6625d9c15688be7bc41a38dbac9a7bc8e103,2026-04-25T07:26:24+00:00,2196,326,166,79,4.108,721.5999999999999,15,fit:e47555f16f02711dc446d8bfb5ee6625d9c15688be7bc41a38dbac9a7bc8e103:segment:003,3,6843.0,6772,activities/067_260425073220.csv,1,1,0,0
fit:e47555f16f02711dc446d8bfb5ee6625d9c15688be7bc41a38dbac9a7bc8e103,2026-04-25T07:26:25+00:00,2197,277,166,79,4.028,722.2,15,fit:e47555f16f02711dc446d8bfb5ee6625d9c15688be7bc41a38dbac9a7bc8e103:segment:003,3,6844.0,6773,activities/067_260425073220.csv,1,1,0,0
fit:e47555f16f02711dc446d8bfb5ee6625d9c15688be7bc41a38dbac9a7bc8e103,2026-04-25T07:26:26+00:00,2198,396,166,75,4.079,722.4000000000001,15,fit:e47555f16f02711dc446d8bfb5ee6625d9c15688be7bc41a38dbac9a7bc8e103:segment:003,3,6845.0,6774,activities/067_260425073220.csv,1,1,0,0
fit:e47555f16f02711dc446d8bfb5ee6625d9c15688be7bc41a38dbac9a7bc8e103,2026-04-25T07:26:27+00:00,2199,397,167,71,4.141,722.4000000000001,15,fit:e47555f16f02711dc446d8bfb5ee6625d9c15688be7bc41a38dbac9a7bc8e103:segment:003,3,6846.0,6775,activities/067_260425073220.csv,1,1,0,0
fit:e47555f16f02711dc446d8bfb5ee6625d9c15688be7bc41a38dbac9a7bc8e103,2026-04-25T07:26:28+00:00,2200,327,167,72,4.271,722.4000000000001,15,fit:e47555f16f02711dc446d8bfb5ee6625d9c15688be7bc41a38dbac9a7bc8e103:segment:003,3,6847.0,6776,activities/067_260425073220.csv,1,1,0,0
fit:e47555f16f02711dc446d8bfb5ee6625d9c15688be7bc41a38dbac9a7bc8e103,2026-04-25T07:26:29+00:00,2201,343,167,72,4.288,722.4000000000001,15,fit:e47555f16f02711dc446d8bfb5ee6625d9c15688be7bc41a38dbac9a7bc8e103:segment:003,3,6848.0,6777,activities/067_260425073220.csv,1,1,0,0
fit:e47555f16f02711dc446d8bfb5ee6625d9c15688be7bc41a38dbac9a7bc8e103,2026-04-25T07:26:30+00:00,2202,298,167,72,4.335,723.4000000000001,15,fit:e47555f16f02711dc446d8bfb5ee6625d9c15688be7bc41a38dbac9a7bc8e103:segment:003,3,6849.0,6778,activities/067_260425073220.csv,1,1,0,0
fit:e47555f16f02711dc446d8bfb5ee6625d9c15688be7bc41a38dbac9a7bc8e103,2026-04-25T07:26:31+00:00,2203,291,168,71,4.237,723.8,15,fit:e47555f16f02711dc446d8bfb5ee6625d9c15688be7bc41a38dbac9a7bc8e103:segment:003,3,6850.0,6779,activities/067_260425073220.csv,1,1,0,0
fit:e47555f16f02711dc446d8bfb5ee6625d9c15688be7bc41a38dbac9a7bc8e103,2026-04-25T07:26:32+00:00,2204,292,168,68,4.184,723.8,15,fit:e47555f16f02711dc446d8bfb5ee6625d9c15688be7bc41a38dbac9a7bc8e103:segment:003,3,6851.0,6780,activities/067_260425073220.csv,1,1,0,0
fit:e47555f16f02711dc446d8bfb5ee6625d9c15688be7bc41a38dbac9a7bc8e103,2026-04-25T07:26:33+00:00,2205,318,168,72,4.09,723.8,15,fit:e47555f16f02711dc446d8bfb5ee6625d9c15688be7bc41a38dbac9a7bc8e103:segment:003,3,6852.0,6781,activities/067_260425073220.csv,1,1,0,0
fit:e47555f16f02711dc446d8bfb5ee6625d9c15688be7bc41a38dbac9a7bc8e103,2026-04-25T07:26:34+00:00,2206,323,168,75,3.916,723.8,15,fit:e47555f16f02711dc446d8bfb5ee6625d9c15688be7bc41a38dbac9a7bc8e103:segment:003,3,6853.0,6782,activities/067_260425073220.csv,1,1,0,0
fit:e47555f16f02711dc446d8bfb5ee6625d9c15688be7bc41a38dbac9a7bc8e103,2026-04-25T07:26:35+00:00,2207,328,168,75,3.921,724.8,15,fit:e47555f16f02711dc446d8bfb5ee6625d9c15688be7bc41a38dbac9a7bc8e103:segment:003,3,6854.0,6783,activities/067_260425073220.csv,1,1,0,0
fit:e47555f16f02711dc446d8bfb5ee6625d9c15688be7bc41a38dbac9a7bc8e103,2026-04-25T07:26:36+00:00,2208,285,168,77,3.901,725.4000000000001,15,fit:e47555f16f02711dc446d8bfb5ee6625d9c15688be7bc41a38dbac9a7bc8e103:segment:003,3,6855.0,6784,activities/067_260425073220.csv,1,1,0,0
fit:e47555f16f02711dc446d8bfb5ee6625d9c15688be7bc41a38dbac9a7bc8e103,2026-04-25T07:26:37+00:00,2209,362,168,78,4.028,725.5999999999999,15,fit:e47555f16f02711dc446d8bfb5ee6625d9c15688be7bc41a38dbac9a7bc8e103:segment:003,3,6856.0,6785,activities/067_260425073220.csv,1,1,0,0
fit:e47555f16f02711dc446d8bfb5ee6625d9c15688be7bc41a38dbac9a7bc8e103,2026-04-25T07:26:38+00:00,2210,341,168,80,4.078,725.5999999999999,15,fit:e47555f16f02711dc446d8bfb5ee6625d9c15688be7bc41a38dbac9a7bc8e103:segment:003,3,6857.0,6786,activities/067_260425073220.csv,1,1,0,0
fit:e47555f16f02711dc446d8bfb5ee6625d9c15688be7bc41a38dbac9a7bc8e103,2026-04-25T07:26:39+00:00,2211,293,168,80,4.135,725.5999999999999,15,fit:e47555f16f02711dc446d8bfb5ee6625d9c15688be7bc41a38dbac9a7bc8e103:segment:003,3,6858.0,6787,activities/067_260425073220.csv,1,1,0,0
fit:e47555f16f02711dc446d8bfb5ee6625d9c15688be7bc41a38dbac9a7bc8e103,2026-04-25T07:26:40+00:00,2212,288,169,78,4.208,725.5999999999999,15,fit:e47555f16f02711dc446d8bfb5ee6625d9c15688be7bc41a38dbac9a7bc8e103:segment:003,3,6859.0,6788,activities/067_260425073220.csv,1,1,0,0
fit:e47555f16f02711dc446d8bfb5ee6625d9c15688be7bc41a38dbac9a7bc8e103,2026-04-25T07:26:41+00:00,2213,288,169,77,4.112,726.4000000000001,15,fit:e47555f16f02711dc446d8bfb5ee6625d9c15688be7bc41a38dbac9a7bc8e103:segment:003,3,6860.0,6789,activities/067_260425073220.csv,1,1,0,0
fit:e47555f16f02711dc446d8bfb5ee6625d9c15688be7bc41a38dbac9a7bc8e103,2026-04-25T07:26:42+00:00,2214,309,169,74,4.096,727.4000000000001,15,fit:e47555f16f02711dc446d8bfb5ee6625d9c15688be7bc41a38dbac9a7bc8e103:segment:003,3,6861.0,6790,activities/067_260425073220.csv,1,1,0,0
fit:e47555f16f02711dc446d8bfb5ee6625d9c15688be7bc41a38dbac9a7bc8e103,2026-04-25T07:26:43+00:00,2215,310,169,74,3.985,728.0,15,fit:e47555f16f02711dc446d8bfb5ee6625d9c15688be7bc41a38dbac9a7bc8e103:segment:003,3,6862.0,6791,activities/067_260425073220.csv,1,1,0,0
fit:e47555f16f02711dc446d8bfb5ee6625d9c15688be7bc41a38dbac9a7bc8e103,2026-04-25T07:26:44+00:00,2216,311,169,74,3.955,728.0,15,fit:e47555f16f02711dc446d8bfb5ee6625d9c15688be7bc41a38dbac9a7bc8e103:segment:003,3,6863.0,6792,activities/067_260425073220.csv,1,1,0,0
fit:e47555f16f02711dc446d8bfb5ee6625d9c15688be7bc41a38dbac9a7bc8e103,2026-04-25T07:26:45+00:00,2217,303,169,73,3.88,728.0,15,fit:e47555f16f02711dc446d8bfb5ee6625d9c15688be7bc41a38dbac9a7bc8e103:segment:003,3,6864.0,6793,activities/067_260425073220.csv,1,1,0,0
fit:e47555f16f02711dc446d8bfb5ee6625d9c15688be7bc41a38dbac9a7bc8e103,2026-04-25T07:26:46+00:00,2218,307,169,73,3.864,728.0,15,fit:e47555f16f02711dc446d8bfb5ee6625d9c15688be7bc41a38dbac9a7bc8e103:segment:003,3,6865.0,6794,activities/067_260425073220.csv,1,1,0,0
fit:e47555f16f02711dc446d8bfb5ee6625d9c15688be7bc41a38dbac9a7bc8e103,2026-04-25T07:26:47+00:00,2219,295,169,74,3.837,728.0,15,fit:e47555f16f02711dc446d8bfb5ee6625d9c15688be7bc41a38dbac9a7bc8e103:segment:003,3,6866.0,6795,activities/067_260425073220.csv,1,1,0,0
fit:e47555f16f02711dc446d8bfb5ee6625d9c15688be7bc41a38dbac9a7bc8e103,2026-04-25T07:26:48+00:00,2220,289,169,74,3.89,729.0,15,fit:e47555f16f02711dc446d8bfb5ee6625d9c15688be7bc41a38dbac9a7bc8e103:segment:003,3,6867.0,6796,activities/067_260425073220.csv,1,1,0,0
fit:e47555f16f02711dc446d8bfb5ee6625d9c15688be7bc41a38dbac9a7bc8e103,2026-04-25T07:26:49+00:00,2221,276,169,75,3.902,729.0,15,fit:e47555f16f02711dc446d8bfb5ee6625d9c15688be7bc41a38dbac9a7bc8e103:segment:003,3,6868.0,6797,activities/067_260425073220.csv,1,1,0,0
fit:e47555f16f02711dc446d8bfb5ee6625d9c15688be7bc41a38dbac9a7bc8e103,2026-04-25T07:26:50+00:00,2222,240,169,75,3.906,729.0,15,fit:e47555f16f02711dc446d8bfb5ee6625d9c15688be7bc41a38dbac9a7bc8e103:segment:003,3,6869.0,6798,activities/067_260425073220.csv,1,1,0,0
fit:e47555f16f02711dc446d8bfb5ee6625d9c15688be7bc41a38dbac9a7bc8e103,2026-04-25T07:26:51+00:00,2223,267,169,73,3.882,729.0,15,fit:e47555f16f02711dc446d8bfb5ee6625d9c15688be7bc41a38dbac9a7bc8e103:segment:003,3,6870.0,6799,activities/067_260425073220.csv,1,1,0,0
fit:e47555f16f02711dc446d8bfb5ee6625d9c15688be7bc41a38dbac9a7bc8e103,2026-04-25T07:26:52+00:00,2224,267,169,72,3.789,730.0,15,fit:e47555f16f02711dc446d8bfb5ee6625d9c15688be7bc41a38dbac9a7bc8e103:segment:003,3,6871.0,6800,activities/067_260425073220.csv,1,1,0,0
fit:e47555f16f02711dc446d8bfb5ee6625d9c15688be7bc41a38dbac9a7bc8e103,2026-04-25T07:26:53+00:00,2225,274,169,71,3.694,730.2,15,fit:e47555f16f02711dc446d8bfb5ee6625d9c15688be7bc41a38dbac9a7bc8e103:segment:003,3,6872.0,6801,activities/067_260425073220.csv,1,1,0,0
fit:e47555f16f02711dc446d8bfb5ee6625d9c15688be7bc41a38dbac9a7bc8e103,2026-04-25T07:26:54+00:00,2226,283,169,71,3.73,731.0,15,fit:e47555f16f02711dc446d8bfb5ee6625d9c15688be7bc41a38dbac9a7bc8e103:segment:003,3,6873.0,6802,activities/067_260425073220.csv,1,1,0,0
fit:e47555f16f02711dc446d8bfb5ee6625d9c15688be7bc41a38dbac9a7bc8e103,2026-04-25T07:26:55+00:00,2227,266,169,71,3.769,731.2,15,fit:e47555f16f02711dc446d8bfb5ee6625d9c15688be7bc41a38dbac9a7bc8e103:segment:003,3,6874.0,6803,activities/067_260425073220.csv,1,1,0,0
fit:e47555f16f02711dc446d8bfb5ee6625d9c15688be7bc41a38dbac9a7bc8e103,2026-04-25T07:26:56+00:00,2228,266,169,72,3.703,731.4000000000001,15,fit:e47555f16f02711dc446d8bfb5ee6625d9c15688be7bc41a38dbac9a7bc8e103:segment:003,3,6875.0,6804,activities/067_260425073220.csv,1,1,0,0
fit:e47555f16f02711dc446d8bfb5ee6625d9c15688be7bc41a38dbac9a7bc8e103,2026-04-25T07:26:57+00:00,2229,275,169,70,3.745,732.2,15,fit:e47555f16f02711dc446d8bfb5ee6625d9c15688be7bc41a38dbac9a7bc8e103:segment:003,3,6876.0,6805,activities/067_260425073220.csv,1,1,0,0
fit:e47555f16f02711dc446d8bfb5ee6625d9c15688be7bc41a38dbac9a7bc8e103,2026-04-25T07:26:58+00:00,2230,284,170,71,3.692,732.2,15,fit:e47555f16f02711dc446d8bfb5ee6625d9c15688be7bc41a38dbac9a7bc8e103:segment:003,3,6877.0,6806,activities/067_260425073220.csv,1,1,0,0
fit:e47555f16f02711dc446d8bfb5ee6625d9c15688be7bc41a38dbac9a7bc8e103,2026-04-25T07:26:59+00:00,2231,278,170,71,3.705,732.2,15,fit:e47555f16f02711dc446d8bfb5ee6625d9c15688be7bc41a38dbac9a7bc8e103:segment:003,3,6878.0,6807,activities/067_260425073220.csv,1,1,0,0
fit:e47555f16f02711dc446d8bfb5ee6625d9c15688be7bc41a38dbac9a7bc8e103,2026-04-25T07:27:00+00:00,2232,278,170,70,3.752,732.2,15,fit:e47555f16f02711dc446d8bfb5ee6625d9c15688be7bc41a38dbac9a7bc8e103:segment:003,3,6879.0,6808,activities/067_260425073220.csv,1,1,0,0
fit:e47555f16f02711dc446d8bfb5ee6625d9c15688be7bc41a38dbac9a7bc8e103,2026-04-25T07:27:01+00:00,2233,269,170,70,3.624,733.2,15,fit:e47555f16f02711dc446d8bfb5ee6625d9c15688be7bc41a38dbac9a7bc8e103:segment:003,3,6880.0,6809,activities/067_260425073220.csv,1,1,0,0
fit:e47555f16f02711dc446d8bfb5ee6625d9c15688be7bc41a38dbac9a7bc8e103,2026-04-25T07:27:02+00:00,2234,296,170,70,3.674,734.0,15,fit:e47555f16f02711dc446d8bfb5ee6625d9c15688be7bc41a38dbac9a7bc8e103:segment:003,3,6881.0,6810,activities/067_260425073220.csv,1,1,0,0
fit:e47555f16f02711dc446d8bfb5ee6625d9c15688be7bc41a38dbac9a7bc8e103,2026-04-25T07:27:03+00:00,2235,305,170,70,3.698,734.0,15,fit:e47555f16f02711dc446d8bfb5ee6625d9c15688be7bc41a38dbac9a7bc8e103:segment:003,3,6882.0,6811,activities/067_260425073220.csv,1,1,0,0
fit:e47555f16f02711dc446d8bfb5ee6625d9c15688be7bc41a38dbac9a7bc8e103,2026-04-25T07:27:04+00:00,2236,291,170,71,3.688,734.0,15,fit:e47555f16f02711dc446d8bfb5ee6625d9c15688be7bc41a38dbac9a7bc8e103:segment:003,3,6883.0,6812,activities/067_260425073220.csv,1,1,0,0
fit:e47555f16f02711dc446d8bfb5ee6625d9c15688be7bc41a38dbac9a7bc8e103,2026-04-25T07:27:05+00:00,2237,255,170,72,3.743,734.0,15,fit:e47555f16f02711dc446d8bfb5ee6625d9c15688be7bc41a38dbac9a7bc8e103:segment:003,3,6884.0,6813,activities/067_260425073220.csv,1,1,0,0
fit:e47555f16f02711dc446d8bfb5ee6625d9c15688be7bc41a38dbac9a7bc8e103,2026-04-25T07:27:06+00:00,2238,282,170,70,3.665,734.0,15,fit:e47555f16f02711dc446d8bfb5ee6625d9c15688be7bc41a38dbac9a7bc8e103:segment:003,3,6885.0,6814,activities/067_260425073220.csv,1,1,0,0
fit:e47555f16f02711dc446d8bfb5ee6625d9c15688be7bc41a38dbac9a7bc8e103,2026-04-25T07:27:07+00:00,2239,289,170,70,3.624,735.0,15,fit:e47555f16f02711dc446d8bfb5ee6625d9c15688be7bc41a38dbac9a7bc8e103:segment:003,3,6886.0,6815,activities/067_260425073220.csv,1,1,0,0
fit:e47555f16f02711dc446d8bfb5ee6625d9c15688be7bc41a38dbac9a7bc8e103,2026-04-25T07:27:08+00:00,2240,300,170,70,3.66,735.2,15,fit:e47555f16f02711dc446d8bfb5ee6625d9c15688be7bc41a38dbac9a7bc8e103:segment:003,3,6887.0,6816,activities/067_260425073220.csv,1,1,0,0
fit:e47555f16f02711dc446d8bfb5ee6625d9c15688be7bc41a38dbac9a7bc8e103,2026-04-25T07:27:09+00:00,2241,268,170,71,3.572,735.8,15,fit:e47555f16f02711dc446d8bfb5ee6625d9c15688be7bc41a38dbac9a7bc8e103:segment:003,3,6888.0,6817,activities/067_260425073220.csv,1,1,0,0
fit:e47555f16f02711dc446d8bfb5ee6625d9c15688be7bc41a38dbac9a7bc8e103,2026-04-25T07:27:10+00:00,2242,296,170,70,3.534,736.0,15,fit:e47555f16f02711dc446d8bfb5ee6625d9c15688be7bc41a38dbac9a7bc8e103:segment:003,3,6889.0,6818,activities/067_260425073220.csv,1,1,0,0
fit:e47555f16f02711dc446d8bfb5ee6625d9c15688be7bc41a38dbac9a7bc8e103,2026-04-25T07:27:11+00:00,2243,296,170,70,3.617,736.5999999999999,15,fit:e47555f16f02711dc446d8bfb5ee6625d9c15688be7bc41a38dbac9a7bc8e103:segment:003,3,6890.0,6819,activities/067_260425073220.csv,1,1,0,0
fit:e47555f16f02711dc446d8bfb5ee6625d9c15688be7bc41a38dbac9a7bc8e103,2026-04-25T07:27:12+00:00,2244,277,170,70,3.59,736.5999999999999,15,fit:e47555f16f02711dc446d8bfb5ee6625d9c15688be7bc41a38dbac9a7bc8e103:segment:003,3,6891.0,6820,activities/067_260425073220.csv,1,1,0,0
fit:e47555f16f02711dc446d8bfb5ee6625d9c15688be7bc41a38dbac9a7bc8e103,2026-04-25T07:27:13+00:00,2245,282,170,71,3.557,736.5999999999999,15,fit:e47555f16f02711dc446d8bfb5ee6625d9c15688be7bc41a38dbac9a7bc8e103:segment:003,3,6892.0,6821,activities/067_260425073220.csv,1,1,0,0
fit:e47555f16f02711dc446d8bfb5ee6625d9c15688be7bc41a38dbac9a7bc8e103,2026-04-25T07:27:14+00:00,2246,304,170,72,3.541,736.5999999999999,15,fit:e47555f16f02711dc446d8bfb5ee6625d9c15688be7bc41a38dbac9a7bc8e103:segment:003,3,6893.0,6822,activities/067_260425073220.csv,1,1,0,0
fit:e47555f16f02711dc446d8bfb5ee6625d9c15688be7bc41a38dbac9a7bc8e103,2026-04-25T07:27:15+00:00,2247,295,170,71,3.675,737.5999999999999,15,fit:e47555f16f02711dc446d8bfb5ee6625d9c15688be7bc41a38dbac9a7bc8e103:segment:003,3,6894.0,6823,activities/067_260425073220.csv,1,1,0,0
fit:e47555f16f02711dc446d8bfb5ee6625d9c15688be7bc41a38dbac9a7bc8e103,2026-04-25T07:27:16+00:00,2248,290,170,71,3.796,738.2,15,fit:e47555f16f02711dc446d8bfb5ee6625d9c15688be7bc41a38dbac9a7bc8e103:segment:003,3,6895.0,6824,activities/067_260425073220.csv,1,1,0,0
fit:e47555f16f02711dc446d8bfb5ee6625d9c15688be7bc41a38dbac9a7bc8e103,2026-04-25T07:27:17+00:00,2249,298,170,70,3.704,738.2,15,fit:e47555f16f02711dc446d8bfb5ee6625d9c15688be7bc41a38dbac9a7bc8e103:segment:003,3,6896.0,6825,activities/067_260425073220.csv,1,1,0,0
fit:e47555f16f02711dc446d8bfb5ee6625d9c15688be7bc41a38dbac9a7bc8e103,2026-04-25T07:27:18+00:00,2250,302,170,71,3.687,738.2,15,fit:e47555f16f02711dc446d8bfb5ee6625d9c15688be7bc41a38dbac9a7bc8e103:segment:003,3,6897.0,6826,activities/067_260425073220.csv,1,1,0,0
fit:e47555f16f02711dc446d8bfb5ee6625d9c15688be7bc41a38dbac9a7bc8e103,2026-04-25T07:27:19+00:00,2251,280,170,72,3.637,738.2,15,fit:e47555f16f02711dc446d8bfb5ee6625d9c15688be7bc41a38dbac9a7bc8e103:segment:003,3,6898.0,6827,activities/067_260425073220.csv,1,1,0,0
fit:e47555f16f02711dc446d8bfb5ee6625d9c15688be7bc41a38dbac9a7bc8e103,2026-04-25T07:27:20+00:00,2252,284,170,72,3.679,739.2,15,fit:e47555f16f02711dc446d8bfb5ee6625d9c15688be7bc41a38dbac9a7bc8e103:segment:003,3,6899.0,6828,activities/067_260425073220.csv,1,1,0,0
fit:e47555f16f02711dc446d8bfb5ee6625d9c15688be7bc41a38dbac9a7bc8e103,2026-04-25T07:27:21+00:00,2253,288,170,71,3.676,739.2,15,fit:e47555f16f02711dc446d8bfb5ee6625d9c15688be7bc41a38dbac9a7bc8e103:segment:003,3,6900.0,6829,activities/067_260425073220.csv,1,1,0,0
fit:e47555f16f02711dc446d8bfb5ee6625d9c15688be7bc41a38dbac9a7bc8e103,2026-04-25T07:27:22+00:00,2254,312,170,71,3.578,739.5999999999999,15,fit:e47555f16f02711dc446d8bfb5ee6625d9c15688be7bc41a38dbac9a7bc8e103:segment:003,3,6901.0,6830,activities/067_260425073220.csv,1,1,0,0
fit:e47555f16f02711dc446d8bfb5ee6625d9c15688be7bc41a38dbac9a7bc8e103,2026-04-25T07:27:23+00:00,2255,286,170,71,3.567,739.8,15,fit:e47555f16f02711dc446d8bfb5ee6625d9c15688be7bc41a38dbac9a7bc8e103:segment:003,3,6902.0,6831,activities/067_260425073220.csv,1,1,0,0
fit:e47555f16f02711dc446d8bfb5ee6625d9c15688be7bc41a38dbac9a7bc8e103,2026-04-25T07:27:24+00:00,2256,279,170,71,3.455,739.8,15,fit:e47555f16f02711dc446d8bfb5ee6625d9c15688be7bc41a38dbac9a7bc8e103:segment:003,3,6903.0,6832,activities/067_260425073220.csv,1,1,0,0
fit:e47555f16f02711dc446d8bfb5ee6625d9c15688be7bc41a38dbac9a7bc8e103,2026-04-25T07:27:25+00:00,2257,286,170,70,3.491,739.8,15,fit:e47555f16f02711dc446d8bfb5ee6625d9c15688be7bc41a38dbac9a7bc8e103:segment:003,3,6904.0,6833,activities/067_260425073220.csv,1,1,0,0
fit:e47555f16f02711dc446d8bfb5ee6625d9c15688be7bc41a38dbac9a7bc8e103,2026-04-25T07:27:26+00:00,2258,280,170,69,3.498,739.8,15,fit:e47555f16f02711dc446d8bfb5ee6625d9c15688be7bc41a38dbac9a7bc8e103:segment:003,3,6905.0,6834,activities/067_260425073220.csv,1,1,0,0
fit:e47555f16f02711dc446d8bfb5ee6625d9c15688be7bc41a38dbac9a7bc8e103,2026-04-25T07:27:27+00:00,2259,280,170,68,3.5,739.8,15,fit:e47555f16f02711dc446d8bfb5ee6625d9c15688be7bc41a38dbac9a7bc8e103:segment:003,3,6906.0,6835,activities/067_260425073220.csv,1,1,0,0
fit:e47555f16f02711dc446d8bfb5ee6625d9c15688be7bc41a38dbac9a7bc8e103,2026-04-25T07:27:28+00:00,2260,304,170,68,3.455,739.8,15,fit:e47555f16f02711dc446d8bfb5ee6625d9c15688be7bc41a38dbac9a7bc8e103:segment:003,3,6907.0,6836,activities/067_260425073220.csv,1,1,0,0
fit:e47555f16f02711dc446d8bfb5ee6625d9c15688be7bc41a38dbac9a7bc8e103,2026-04-25T07:27:29+00:00,2261,302,170,68,3.428,740.8,15,fit:e47555f16f02711dc446d8bfb5ee6625d9c15688be7bc41a38dbac9a7bc8e103:segment:003,3,6908.0,6837,activities/067_260425073220.csv,1,1,0,0
fit:e47555f16f02711dc446d8bfb5ee6625d9c15688be7bc41a38dbac9a7bc8e103,2026-04-25T07:27:30+00:00,2262,284,170,69,3.517,741.8,15,fit:e47555f16f02711dc446d8bfb5ee6625d9c15688be7bc41a38dbac9a7bc8e103:segment:003,3,6909.0,6838,activities/067_260425073220.csv,1,1,0,0
fit:e47555f16f02711dc446d8bfb5ee6625d9c15688be7bc41a38dbac9a7bc8e103,2026-04-25T07:27:31+00:00,2263,285,171,69,3.398,742.2,15,fit:e47555f16f02711dc446d8bfb5ee6625d9c15688be7bc41a38dbac9a7bc8e103:segment:003,3,6910.0,6839,activities/067_260425073220.csv,1,1,0,0
fit:e47555f16f02711dc446d8bfb5ee6625d9c15688be7bc41a38dbac9a7bc8e103,2026-04-25T07:27:32+00:00,2264,325,171,69,3.44,742.8,15,fit:e47555f16f02711dc446d8bfb5ee6625d9c15688be7bc41a38dbac9a7bc8e103:segment:003,3,6911.0,6840,activities/067_260425073220.csv,1,1,0,0
fit:e47555f16f02711dc446d8bfb5ee6625d9c15688be7bc41a38dbac9a7bc8e103,2026-04-25T07:27:33+00:00,2265,321,171,73,3.491,742.8,15,fit:e47555f16f02711dc446d8bfb5ee6625d9c15688be7bc41a38dbac9a7bc8e103:segment:003,3,6912.0,6841,activities/067_260425073220.csv,1,1,0,0
fit:e47555f16f02711dc446d8bfb5ee6625d9c15688be7bc41a38dbac9a7bc8e103,2026-04-25T07:27:34+00:00,2266,281,171,73,3.598,742.8,15,fit:e47555f16f02711dc446d8bfb5ee6625d9c15688be7bc41a38dbac9a7bc8e103:segment:003,3,6913.0,6842,activities/067_260425073220.csv,1,1,0,0
fit:e47555f16f02711dc446d8bfb5ee6625d9c15688be7bc41a38dbac9a7bc8e103,2026-04-25T07:27:35+00:00,2267,316,171,73,3.724,742.8,15,fit:e47555f16f02711dc446d8bfb5ee6625d9c15688be7bc41a38dbac9a7bc8e103:segment:003,3,6914.0,6843,activities/067_260425073220.csv,1,1,0,0
fit:e47555f16f02711dc446d8bfb5ee6625d9c15688be7bc41a38dbac9a7bc8e103,2026-04-25T07:27:36+00:00,2268,285,170,74,3.729,743.5999999999999,15,fit:e47555f16f02711dc446d8bfb5ee6625d9c15688be7bc41a38dbac9a7bc8e103:segment:003,3,6915.0,6844,activities/067_260425073220.csv,1,1,0,0
fit:e47555f16f02711dc446d8bfb5ee6625d9c15688be7bc41a38dbac9a7bc8e103,2026-04-25T07:27:37+00:00,2269,299,170,74,3.784,743.8,15,fit:e47555f16f02711dc446d8bfb5ee6625d9c15688be7bc41a38dbac9a7bc8e103:segment:003,3,6916.0,6845,activities/067_260425073220.csv,1,1,0,0
fit:e47555f16f02711dc446d8bfb5ee6625d9c15688be7bc41a38dbac9a7bc8e103,2026-04-25T07:27:38+00:00,2270,284,170,75,3.777,744.2,15,fit:e47555f16f02711dc446d8bfb5ee6625d9c15688be7bc41a38dbac9a7bc8e103:segment:003,3,6917.0,6846,activities/067_260425073220.csv,1,1,0,0
fit:e47555f16f02711dc446d8bfb5ee6625d9c15688be7bc41a38dbac9a7bc8e103,2026-04-25T07:27:39+00:00,2271,279,170,76,3.828,744.5999999999999,15,fit:e47555f16f02711dc446d8bfb5ee6625d9c15688be7bc41a38dbac9a7bc8e103:segment:003,3,6918.0,6847,activities/067_260425073220.csv,1,1,0,0
fit:e47555f16f02711dc446d8bfb5ee6625d9c15688be7bc41a38dbac9a7bc8e103,2026-04-25T07:27:40+00:00,2272,294,170,77,3.838,745.0,15,fit:e47555f16f02711dc446d8bfb5ee6625d9c15688be7bc41a38dbac9a7bc8e103:segment:003,3,6919.0,6848,activities/067_260425073220.csv,1,1,0,0
fit:e47555f16f02711dc446d8bfb5ee6625d9c15688be7bc41a38dbac9a7bc8e103,2026-04-25T07:27:41+00:00,2273,232,170,77,3.928,745.4000000000001,15,fit:e47555f16f02711dc446d8bfb5ee6625d9c15688be7bc41a38dbac9a7bc8e103:segment:003,3,6920.0,6849,activities/067_260425073220.csv,1,1,0,0
fit:e47555f16f02711dc446d8bfb5ee6625d9c15688be7bc41a38dbac9a7bc8e103,2026-04-25T07:27:42+00:00,2274,238,169,75,3.948,745.4000000000001,15,fit:e47555f16f02711dc446d8bfb5ee6625d9c15688be7bc41a38dbac9a7bc8e103:segment:003,3,6921.0,6850,activities/067_260425073220.csv,1,1,0,0
fit:e47555f16f02711dc446d8bfb5ee6625d9c15688be7bc41a38dbac9a7bc8e103,2026-04-25T07:27:43+00:00,2275,276,169,74,3.944,745.4000000000001,15,fit:e47555f16f02711dc446d8bfb5ee6625d9c15688be7bc41a38dbac9a7bc8e103:segment:003,3,6922.0,6851,activities/067_260425073220.csv,1,1,0,0
fit:e47555f16f02711dc446d8bfb5ee6625d9c15688be7bc41a38dbac9a7bc8e103,2026-04-25T07:27:44+00:00,2276,232,169,74,3.948,745.4000000000001,15,fit:e47555f16f02711dc446d8bfb5ee6625d9c15688be7bc41a38dbac9a7bc8e103:segment:003,3,6923.0,6852,activities/067_260425073220.csv,1,1,0,0
fit:e47555f16f02711dc446d8bfb5ee6625d9c15688be7bc41a38dbac9a7bc8e103,2026-04-25T07:27:45+00:00,2277,369,169,73,3.983,746.4000000000001,15,fit:e47555f16f02711dc446d8bfb5ee6625d9c15688be7bc41a38dbac9a7bc8e103:segment:003,3,6924.0,6853,activities/067_260425073220.csv,1,1,0,0
fit:e47555f16f02711dc446d8bfb5ee6625d9c15688be7bc41a38dbac9a7bc8e103,2026-04-25T07:27:46+00:00,2278,307,169,67,3.967,746.8,15,fit:e47555f16f02711dc446d8bfb5ee6625d9c15688be7bc41a38dbac9a7bc8e103:segment:003,3,6925.0,6854,activities/067_260425073220.csv,1,1,0,0
fit:e47555f16f02711dc446d8bfb5ee6625d9c15688be7bc41a38dbac9a7bc8e103,2026-04-25T07:27:47+00:00,2279,307,169,69,3.95,747.2,15,fit:e47555f16f02711dc446d8bfb5ee6625d9c15688be7bc41a38dbac9a7bc8e103:segment:003,3,6926.0,6855,activities/067_260425073220.csv,1,1,0,0
fit:e47555f16f02711dc446d8bfb5ee6625d9c15688be7bc41a38dbac9a7bc8e103,2026-04-25T07:27:48+00:00,2280,297,169,68,4.102,747.5999999999999,15,fit:e47555f16f02711dc446d8bfb5ee6625d9c15688be7bc41a38dbac9a7bc8e103:segment:003,3,6927.0,6856,activities/067_260425073220.csv,1,1,0,0
fit:e47555f16f02711dc446d8bfb5ee6625d9c15688be7bc41a38dbac9a7bc8e103,2026-04-25T07:27:49+00:00,2281,288,169,67,4.029,747.5999999999999,15,fit:e47555f16f02711dc446d8bfb5ee6625d9c15688be7bc41a38dbac9a7bc8e103:segment:003,3,6928.0,6857,activities/067_260425073220.csv,1,1,0,0
fit:e47555f16f02711dc446d8bfb5ee6625d9c15688be7bc41a38dbac9a7bc8e103,2026-04-25T07:27:50+00:00,2282,321,169,68,4.001,747.5999999999999,15,fit:e47555f16f02711dc446d8bfb5ee6625d9c15688be7bc41a38dbac9a7bc8e103:segment:003,3,6929.0,6858,activities/067_260425073220.csv,1,1,0,0
fit:e47555f16f02711dc446d8bfb5ee6625d9c15688be7bc41a38dbac9a7bc8e103,2026-04-25T07:27:51+00:00,2283,304,169,67,4.066,747.5999999999999,15,fit:e47555f16f02711dc446d8bfb5ee6625d9c15688be7bc41a38dbac9a7bc8e103:segment:003,3,6930.0,6859,activities/067_260425073220.csv,1,1,0,0
fit:e47555f16f02711dc446d8bfb5ee6625d9c15688be7bc41a38dbac9a7bc8e103,2026-04-25T07:27:52+00:00,2284,333,169,64,3.987,748.2,15,fit:e47555f16f02711dc446d8bfb5ee6625d9c15688be7bc41a38dbac9a7bc8e103:segment:003,3,6931.0,6860,activities/067_260425073220.csv,1,1,0,0
fit:e47555f16f02711dc446d8bfb5ee6625d9c15688be7bc41a38dbac9a7bc8e103,2026-04-25T07:27:53+00:00,2285,335,169,67,3.774,749.0,15,fit:e47555f16f02711dc446d8bfb5ee6625d9c15688be7bc41a38dbac9a7bc8e103:segment:003,3,6932.0,6861,activities/067_260425073220.csv,1,1,0,0
fit:e47555f16f02711dc446d8bfb5ee6625d9c15688be7bc41a38dbac9a7bc8e103,2026-04-25T07:27:54+00:00,2286,294,169,68,3.903,749.2,15,fit:e47555f16f02711dc446d8bfb5ee6625d9c15688be7bc41a38dbac9a7bc8e103:segment:003,3,6933.0,6862,activities/067_260425073220.csv,1,1,0,0
fit:e47555f16f02711dc446d8bfb5ee6625d9c15688be7bc41a38dbac9a7bc8e103,2026-04-25T07:27:55+00:00,2287,313,169,67,4.097,750.2,15,fit:e47555f16f02711dc446d8bfb5ee6625d9c15688be7bc41a38dbac9a7bc8e103:segment:003,3,6934.0,6863,activities/067_260425073220.csv,1,1,0,0
fit:e47555f16f02711dc446d8bfb5ee6625d9c15688be7bc41a38dbac9a7bc8e103,2026-04-25T07:27:56+00:00,2288,318,169,67,4.247,750.4000000000001,15,fit:e47555f16f02711dc446d8bfb5ee6625d9c15688be7bc41a38dbac9a7bc8e103:segment:003,3,6935.0,6864,activities/067_260425073220.csv,1,1,0,0
fit:e47555f16f02711dc446d8bfb5ee6625d9c15688be7bc41a38dbac9a7bc8e103,2026-04-25T07:27:57+00:00,2289,337,169,69,3.953,750.5999999999999,15,fit:e47555f16f02711dc446d8bfb5ee6625d9c15688be7bc41a38dbac9a7bc8e103:segment:003,3,6936.0,6865,activities/067_260425073220.csv,1,1,0,0
fit:e47555f16f02711dc446d8bfb5ee6625d9c15688be7bc41a38dbac9a7bc8e103,2026-04-25T07:27:58+00:00,2290,299,169,70,3.981,751.2,15,fit:e47555f16f02711dc446d8bfb5ee6625d9c15688be7bc41a38dbac9a7bc8e103:segment:003,3,6937.0,6866,activities/067_260425073220.csv,1,1,0,0
fit:e47555f16f02711dc446d8bfb5ee6625d9c15688be7bc41a38dbac9a7bc8e103,2026-04-25T07:27:59+00:00,2291,295,170,70,4.116,751.2,15,fit:e47555f16f02711dc446d8bfb5ee6625d9c15688be7bc41a38dbac9a7bc8e103:segment:003,3,6938.0,6867,activities/067_260425073220.csv,1,1,0,0
fit:e47555f16f02711dc446d8bfb5ee6625d9c15688be7bc41a38dbac9a7bc8e103,2026-04-25T07:28:00+00:00,2292,331,170,72,3.972,751.2,15,fit:e47555f16f02711dc446d8bfb5ee6625d9c15688be7bc41a38dbac9a7bc8e103:segment:003,3,6939.0,6868,activities/067_260425073220.csv,1,1,0,0
fit:e47555f16f02711dc446d8bfb5ee6625d9c15688be7bc41a38dbac9a7bc8e103,2026-04-25T07:28:01+00:00,2293,297,171,72,4.252,751.2,15,fit:e47555f16f02711dc446d8bfb5ee6625d9c15688be7bc41a38dbac9a7bc8e103:segment:003,3,6940.0,6869,activities/067_260425073220.csv,1,1,0,0
fit:e47555f16f02711dc446d8bfb5ee6625d9c15688be7bc41a38dbac9a7bc8e103,2026-04-25T07:28:02+00:00,2294,306,171,74,4.219,751.8,15,fit:e47555f16f02711dc446d8bfb5ee6625d9c15688be7bc41a38dbac9a7bc8e103:segment:003,3,6941.0,6870,activities/067_260425073220.csv,1,1,0,0
fit:e47555f16f02711dc446d8bfb5ee6625d9c15688be7bc41a38dbac9a7bc8e103,2026-04-25T07:28:03+00:00,2295,306,172,74,4.386,752.5999999999999,15,fit:e47555f16f02711dc446d8bfb5ee6625d9c15688be7bc41a38dbac9a7bc8e103:segment:003,3,6942.0,6871,activities/067_260425073220.csv,1,1,0,0
fit:e47555f16f02711dc446d8bfb5ee6625d9c15688be7bc41a38dbac9a7bc8e103,2026-04-25T07:28:04+00:00,2296,289,172,75,4.335,752.8,15,fit:e47555f16f02711dc446d8bfb5ee6625d9c15688be7bc41a38dbac9a7bc8e103:segment:003,3,6943.0,6872,activities/067_260425073220.csv,1,1,0,0
fit:e47555f16f02711dc446d8bfb5ee6625d9c15688be7bc41a38dbac9a7bc8e103,2026-04-25T07:28:05+00:00,2297,307,172,75,4.4,752.8,15,fit:e47555f16f02711dc446d8bfb5ee6625d9c15688be7bc41a38dbac9a7bc8e103:segment:003,3,6944.0,6873,activities/067_260425073220.csv,1,1,0,0
fit:e47555f16f02711dc446d8bfb5ee6625d9c15688be7bc41a38dbac9a7bc8e103,2026-04-25T07:28:06+00:00,2298,297,172,75,4.359,752.8,15,fit:e47555f16f02711dc446d8bfb5ee6625d9c15688be7bc41a38dbac9a7bc8e103:segment:003,3,6945.0,6874,activities/067_260425073220.csv,1,1,0,0
fit:e47555f16f02711dc446d8bfb5ee6625d9c15688be7bc41a38dbac9a7bc8e103,2026-04-25T07:28:07+00:00,2299,299,173,77,4.518,752.8,15,fit:e47555f16f02711dc446d8bfb5ee6625d9c15688be7bc41a38dbac9a7bc8e103:segment:003,3,6946.0,6875,activities/067_260425073220.csv,1,1,0,0
fit:e47555f16f02711dc446d8bfb5ee6625d9c15688be7bc41a38dbac9a7bc8e103,2026-04-25T07:28:08+00:00,2300,278,172,76,4.448,753.5999999999999,15,fit:e47555f16f02711dc446d8bfb5ee6625d9c15688be7bc41a38dbac9a7bc8e103:segment:003,3,6947.0,6876,activities/067_260425073220.csv,1,1,0,0
fit:e47555f16f02711dc446d8bfb5ee6625d9c15688be7bc41a38dbac9a7bc8e103,2026-04-25T07:28:09+00:00,2301,315,173,75,4.667,753.5999999999999,15,fit:e47555f16f02711dc446d8bfb5ee6625d9c15688be7bc41a38dbac9a7bc8e103:segment:003,3,6948.0,6877,activities/067_260425073220.csv,1,1,0,0
fit:e47555f16f02711dc446d8bfb5ee6625d9c15688be7bc41a38dbac9a7bc8e103,2026-04-25T07:28:10+00:00,2302,315,173,76,4.579,753.5999999999999,15,fit:e47555f16f02711dc446d8bfb5ee6625d9c15688be7bc41a38dbac9a7bc8e103:segment:003,3,6949.0,6878,activities/067_260425073220.csv,1,1,0,0
fit:e47555f16f02711dc446d8bfb5ee6625d9c15688be7bc41a38dbac9a7bc8e103,2026-04-25T07:28:11+00:00,2303,318,173,76,4.552,753.5999999999999,15,fit:e47555f16f02711dc446d8bfb5ee6625d9c15688be7bc41a38dbac9a7bc8e103:segment:003,3,6950.0,6879,activities/067_260425073220.csv,1,1,0,0
fit:e47555f16f02711dc446d8bfb5ee6625d9c15688be7bc41a38dbac9a7bc8e103,2026-04-25T07:28:12+00:00,2304,289,173,76,4.483,754.2,15,fit:e47555f16f02711dc446d8bfb5ee6625d9c15688be7bc41a38dbac9a7bc8e103:segment:003,3,6951.0,6880,activities/067_260425073220.csv,1,1,0,0
fit:e47555f16f02711dc446d8bfb5ee6625d9c15688be7bc41a38dbac9a7bc8e103,2026-04-25T07:28:13+00:00,2305,290,173,76,4.624,754.2,15,fit:e47555f16f02711dc446d8bfb5ee6625d9c15688be7bc41a38dbac9a7bc8e103:segment:003,3,6952.0,6881,activities/067_260425073220.csv,1,1,0,0
fit:e47555f16f02711dc446d8bfb5ee6625d9c15688be7bc41a38dbac9a7bc8e103,2026-04-25T07:28:14+00:00,2306,287,173,75,4.628,754.2,15,fit:e47555f16f02711dc446d8bfb5ee6625d9c15688be7bc41a38dbac9a7bc8e103:segment:003,3,6953.0,6882,activities/067_260425073220.csv,1,1,0,0
fit:e47555f16f02711dc446d8bfb5ee6625d9c15688be7bc41a38dbac9a7bc8e103,2026-04-25T07:28:15+00:00,2307,326,173,75,4.441,754.2,15,fit:e47555f16f02711dc446d8bfb5ee6625d9c15688be7bc41a38dbac9a7bc8e103:segment:003,3,6954.0,6883,activities/067_260425073220.csv,1,1,0,0
fit:e47555f16f02711dc446d8bfb5ee6625d9c15688be7bc41a38dbac9a7bc8e103,2026-04-25T07:28:16+00:00,2308,320,173,76,4.577,755.2,15,fit:e47555f16f02711dc446d8bfb5ee6625d9c15688be7bc41a38dbac9a7bc8e103:segment:003,3,6955.0,6884,activities/067_260425073220.csv,1,1,0,0
fit:e47555f16f02711dc446d8bfb5ee6625d9c15688be7bc41a38dbac9a7bc8e103,2026-04-25T07:28:17+00:00,2309,320,173,77,4.533,756.2,15,fit:e47555f16f02711dc446d8bfb5ee6625d9c15688be7bc41a38dbac9a7bc8e103:segment:003,3,6956.0,6885,activities/067_260425073220.csv,1,1,0,0
fit:e47555f16f02711dc446d8bfb5ee6625d9c15688be7bc41a38dbac9a7bc8e103,2026-04-25T07:28:18+00:00,2310,340,173,79,4.595,756.8,15,fit:e47555f16f02711dc446d8bfb5ee6625d9c15688be7bc41a38dbac9a7bc8e103:segment:003,3,6957.0,6886,activities/067_260425073220.csv,1,1,0,0
fit:e47555f16f02711dc446d8bfb5ee6625d9c15688be7bc41a38dbac9a7bc8e103,2026-04-25T07:28:19+00:00,2311,320,174,79,4.549,757.5999999999999,15,fit:e47555f16f02711dc446d8bfb5ee6625d9c15688be7bc41a38dbac9a7bc8e103:segment:003,3,6958.0,6887,activities/067_260425073220.csv,1,1,0,0
fit:e47555f16f02711dc446d8bfb5ee6625d9c15688be7bc41a38dbac9a7bc8e103,2026-04-25T07:28:20+00:00,2312,339,174,79,4.807,757.5999999999999,15,fit:e47555f16f02711dc446d8bfb5ee6625d9c15688be7bc41a38dbac9a7bc8e103:segment:003,3,6959.0,6888,activities/067_260425073220.csv,1,1,0,0
fit:e47555f16f02711dc446d8bfb5ee6625d9c15688be7bc41a38dbac9a7bc8e103,2026-04-25T07:28:21+00:00,2313,339,174,79,5.116,757.5999999999999,15,fit:e47555f16f02711dc446d8bfb5ee6625d9c15688be7bc41a38dbac9a7bc8e103:segment:003,3,6960.0,6889,activities/067_260425073220.csv,1,1,0,0
fit:e47555f16f02711dc446d8bfb5ee6625d9c15688be7bc41a38dbac9a7bc8e103,2026-04-25T07:28:22+00:00,2314,317,174,78,4.828,757.5999999999999,15,fit:e47555f16f02711dc446d8bfb5ee6625d9c15688be7bc41a38dbac9a7bc8e103:segment:003,3,6961.0,6890,activities/067_260425073220.csv,1,1,0,0
fit:e47555f16f02711dc446d8bfb5ee6625d9c15688be7bc41a38dbac9a7bc8e103,2026-04-25T07:28:23+00:00,2315,258,174,81,4.857,758.4000000000001,16,fit:e47555f16f02711dc446d8bfb5ee6625d9c15688be7bc41a38dbac9a7bc8e103:segment:003,3,6962.0,6891,activities/067_260425073220.csv,1,1,0,0
fit:e47555f16f02711dc446d8bfb5ee6625d9c15688be7bc41a38dbac9a7bc8e103,2026-04-25T07:28:24+00:00,2316,340,174,79,4.921,758.4000000000001,16,fit:e47555f16f02711dc446d8bfb5ee6625d9c15688be7bc41a38dbac9a7bc8e103:segment:003,3,6963.0,6892,activities/067_260425073220.csv,1,1,0,0
fit:e47555f16f02711dc446d8bfb5ee6625d9c15688be7bc41a38dbac9a7bc8e103,2026-04-25T07:28:25+00:00,2317,307,174,79,4.809,758.5999999999999,16,fit:e47555f16f02711dc446d8bfb5ee6625d9c15688be7bc41a38dbac9a7bc8e103:segment:003,3,6964.0,6893,activities/067_260425073220.csv,1,1,0,0
fit:e47555f16f02711dc446d8bfb5ee6625d9c15688be7bc41a38dbac9a7bc8e103,2026-04-25T07:28:26+00:00,2318,318,174,79,4.745,759.2,16,fit:e47555f16f02711dc446d8bfb5ee6625d9c15688be7bc41a38dbac9a7bc8e103:segment:003,3,6965.0,6894,activities/067_260425073220.csv,1,1,0,0
fit:e47555f16f02711dc446d8bfb5ee6625d9c15688be7bc41a38dbac9a7bc8e103,2026-04-25T07:28:27+00:00,2319,376,174,81,4.633,759.2,16,fit:e47555f16f02711dc446d8bfb5ee6625d9c15688be7bc41a38dbac9a7bc8e103:segment:003,3,6966.0,6895,activities/067_260425073220.csv,1,1,0,0
fit:e47555f16f02711dc446d8bfb5ee6625d9c15688be7bc41a38dbac9a7bc8e103,2026-04-25T07:28:28+00:00,2320,366,174,83,4.765,759.2,16,fit:e47555f16f02711dc446d8bfb5ee6625d9c15688be7bc41a38dbac9a7bc8e103:segment:003,3,6967.0,6896,activities/067_260425073220.csv,1,1,0,0
fit:e47555f16f02711dc446d8bfb5ee6625d9c15688be7bc41a38dbac9a7bc8e103,2026-04-25T07:28:29+00:00,2321,353,173,85,4.816,759.2,16,fit:e47555f16f02711dc446d8bfb5ee6625d9c15688be7bc41a38dbac9a7bc8e103:segment:003,3,6968.0,6897,activities/067_260425073220.csv,1,1,0,0
fit:e47555f16f02711dc446d8bfb5ee6625d9c15688be7bc41a38dbac9a7bc8e103,2026-04-25T07:28:30+00:00,2322,324,173,85,4.903,759.2,16,fit:e47555f16f02711dc446d8bfb5ee6625d9c15688be7bc41a38dbac9a7bc8e103:segment:003,3,6969.0,6898,activities/067_260425073220.csv,1,1,0,0
fit:e47555f16f02711dc446d8bfb5ee6625d9c15688be7bc41a38dbac9a7bc8e103,2026-04-25T07:28:31+00:00,2323,335,173,85,4.986,760.2,16,fit:e47555f16f02711dc446d8bfb5ee6625d9c15688be7bc41a38dbac9a7bc8e103:segment:003,3,6970.0,6899,activities/067_260425073220.csv,1,1,0,0
fit:e47555f16f02711dc446d8bfb5ee6625d9c15688be7bc41a38dbac9a7bc8e103,2026-04-25T07:28:32+00:00,2324,107,173,80,5.028,761.0,16,fit:e47555f16f02711dc446d8bfb5ee6625d9c15688be7bc41a38dbac9a7bc8e103:segment:003,3,6971.0,6900,activities/067_260425073220.csv,1,1,0,0
fit:e47555f16f02711dc446d8bfb5ee6625d9c15688be7bc41a38dbac9a7bc8e103,2026-04-25T07:28:33+00:00,2325,46,173,71,5.02,761.0,16,fit:e47555f16f02711dc446d8bfb5ee6625d9c15688be7bc41a38dbac9a7bc8e103:segment:003,3,6972.0,6901,activities/067_260425073220.csv,1,1,0,0
fit:e47555f16f02711dc446d8bfb5ee6625d9c15688be7bc41a38dbac9a7bc8e103,2026-04-25T07:28:34+00:00,2326,159,172,48,4.807,761.0,16,fit:e47555f16f02711dc446d8bfb5ee6625d9c15688be7bc41a38dbac9a7bc8e103:segment:003,3,6973.0,6902,activities/067_260425073220.csv,1,1,0,0
fit:e47555f16f02711dc446d8bfb5ee6625d9c15688be7bc41a38dbac9a7bc8e103,2026-04-25T07:28:35+00:00,2327,321,172,52,4.444,761.0,16,fit:e47555f16f02711dc446d8bfb5ee6625d9c15688be7bc41a38dbac9a7bc8e103:segment:003,3,6974.0,6903,activities/067_260425073220.csv,1,1,0,0
fit:e47555f16f02711dc446d8bfb5ee6625d9c15688be7bc41a38dbac9a7bc8e103,2026-04-25T07:28:36+00:00,2328,344,171,52,4.41,762.0,16,fit:e47555f16f02711dc446d8bfb5ee6625d9c15688be7bc41a38dbac9a7bc8e103:segment:003,3,6975.0,6904,activities/067_260425073220.csv,1,1,0,0
fit:e47555f16f02711dc446d8bfb5ee6625d9c15688be7bc41a38dbac9a7bc8e103,2026-04-25T07:28:37+00:00,2329,345,171,61,4.514,762.0,16,fit:e47555f16f02711dc446d8bfb5ee6625d9c15688be7bc41a38dbac9a7bc8e103:segment:003,3,6976.0,6905,activities/067_260425073220.csv,1,1,0,0
fit:e47555f16f02711dc446d8bfb5ee6625d9c15688be7bc41a38dbac9a7bc8e103,2026-04-25T07:28:38+00:00,2330,349,170,68,4.765,762.0,16,fit:e47555f16f02711dc446d8bfb5ee6625d9c15688be7bc41a38dbac9a7bc8e103:segment:003,3,6977.0,6906,activities/067_260425073220.csv,1,1,0,0
fit:e47555f16f02711dc446d8bfb5ee6625d9c15688be7bc41a38dbac9a7bc8e103,2026-04-25T07:28:39+00:00,2331,357,170,70,5.045,762.0,16,fit:e47555f16f02711dc446d8bfb5ee6625d9c15688be7bc41a38dbac9a7bc8e103:segment:003,3,6978.0,6907,activities/067_260425073220.csv,1,1,0,0
fit:e47555f16f02711dc446d8bfb5ee6625d9c15688be7bc41a38dbac9a7bc8e103,2026-04-25T07:28:40+00:00,2332,326,170,71,5.358,762.8,16,fit:e47555f16f02711dc446d8bfb5ee6625d9c15688be7bc41a38dbac9a7bc8e103:segment:003,3,6979.0,6908,activities/067_260425073220.csv,1,1,0,0
fit:e47555f16f02711dc446d8bfb5ee6625d9c15688be7bc41a38dbac9a7bc8e103,2026-04-25T07:28:41+00:00,2333,322,169,72,5.56,762.8,16,fit:e47555f16f02711dc446d8bfb5ee6625d9c15688be7bc41a38dbac9a7bc8e103:segment:003,3,6980.0,6909,activities/067_260425073220.csv,1,1,0,0
fit:e47555f16f02711dc446d8bfb5ee6625d9c15688be7bc41a38dbac9a7bc8e103,2026-04-25T07:28:42+00:00,2334,324,169,72,5.609,762.8,16,fit:e47555f16f02711dc446d8bfb5ee6625d9c15688be7bc41a38dbac9a7bc8e103:segment:003,3,6981.0,6910,activities/067_260425073220.csv,1,1,0,0
fit:e47555f16f02711dc446d8bfb5ee6625d9c15688be7bc41a38dbac9a7bc8e103,2026-04-25T07:28:43+00:00,2335,325,169,72,5.553,762.8,16,fit:e47555f16f02711dc446d8bfb5ee6625d9c15688be7bc41a38dbac9a7bc8e103:segment:003,3,6982.0,6911,activities/067_260425073220.csv,1,1,0,0
fit:e47555f16f02711dc446d8bfb5ee6625d9c15688be7bc41a38dbac9a7bc8e103,2026-04-25T07:28:44+00:00,2336,82,169,61,5.637,763.5999999999999,16,fit:e47555f16f02711dc446d8bfb5ee6625d9c15688be7bc41a38dbac9a7bc8e103:segment:003,3,6983.0,6912,activities/067_260425073220.csv,1,1,0,0
fit:e47555f16f02711dc446d8bfb5ee6625d9c15688be7bc41a38dbac9a7bc8e103,2026-04-25T07:28:45+00:00,2337,180,169,63,5.292,763.5999999999999,16,fit:e47555f16f02711dc446d8bfb5ee6625d9c15688be7bc41a38dbac9a7bc8e103:segment:003,3,6984.0,6913,activities/067_260425073220.csv,1,1,0,0
fit:e47555f16f02711dc446d8bfb5ee6625d9c15688be7bc41a38dbac9a7bc8e103,2026-04-25T07:28:46+00:00,2338,426,169,63,4.991,764.4000000000001,16,fit:e47555f16f02711dc446d8bfb5ee6625d9c15688be7bc41a38dbac9a7bc8e103:segment:003,3,6985.0,6914,activities/067_260425073220.csv,1,1,0,0
fit:e47555f16f02711dc446d8bfb5ee6625d9c15688be7bc41a38dbac9a7bc8e103,2026-04-25T07:28:47+00:00,2339,426,169,76,4.806,765.0,16,fit:e47555f16f02711dc446d8bfb5ee6625d9c15688be7bc41a38dbac9a7bc8e103:segment:003,3,6986.0,6915,activities/067_260425073220.csv,1,1,0,0
fit:e47555f16f02711dc446d8bfb5ee6625d9c15688be7bc41a38dbac9a7bc8e103,2026-04-25T07:28:48+00:00,2340,435,169,83,4.925,765.0,16,fit:e47555f16f02711dc446d8bfb5ee6625d9c15688be7bc41a38dbac9a7bc8e103:segment:003,3,6987.0,6916,activities/067_260425073220.csv,1,1,0,0
fit:e47555f16f02711dc446d8bfb5ee6625d9c15688be7bc41a38dbac9a7bc8e103,2026-04-25T07:28:49+00:00,2341,414,169,85,5.061,765.0,16,fit:e47555f16f02711dc446d8bfb5ee6625d9c15688be7bc41a38dbac9a7bc8e103:segment:003,3,6988.0,6917,activities/067_260425073220.csv,1,1,0,0
fit:e47555f16f02711dc446d8bfb5ee6625d9c15688be7bc41a38dbac9a7bc8e103,2026-04-25T07:28:50+00:00,2342,388,169,89,5.221,765.0,16,fit:e47555f16f02711dc446d8bfb5ee6625d9c15688be7bc41a38dbac9a7bc8e103:segment:003,3,6989.0,6918,activities/067_260425073220.csv,1,1,0,0
fit:e47555f16f02711dc446d8bfb5ee6625d9c15688be7bc41a38dbac9a7bc8e103,2026-04-25T07:28:51+00:00,2343,305,169,89,5.376,765.8,16,fit:e47555f16f02711dc446d8bfb5ee6625d9c15688be7bc41a38dbac9a7bc8e103:segment:003,3,6990.0,6919,activities/067_260425073220.csv,1,1,0,0
fit:e47555f16f02711dc446d8bfb5ee6625d9c15688be7bc41a38dbac9a7bc8e103,2026-04-25T07:28:52+00:00,2344,273,169,78,5.571,765.8,16,fit:e47555f16f02711dc446d8bfb5ee6625d9c15688be7bc41a38dbac9a7bc8e103:segment:003,3,6991.0,6920,activities/067_260425073220.csv,1,1,0,0
fit:e47555f16f02711dc446d8bfb5ee6625d9c15688be7bc41a38dbac9a7bc8e103,2026-04-25T07:28:53+00:00,2345,247,168,78,5.646,765.8,16,fit:e47555f16f02711dc446d8bfb5ee6625d9c15688be7bc41a38dbac9a7bc8e103:segment:003,3,6992.0,6921,activities/067_260425073220.csv,1,1,0,0
fit:e47555f16f02711dc446d8bfb5ee6625d9c15688be7bc41a38dbac9a7bc8e103,2026-04-25T07:28:54+00:00,2346,311,169,77,5.636,765.8,16,fit:e47555f16f02711dc446d8bfb5ee6625d9c15688be7bc41a38dbac9a7bc8e103:segment:003,3,6993.0,6922,activities/067_260425073220.csv,1,1,0,0
fit:e47555f16f02711dc446d8bfb5ee6625d9c15688be7bc41a38dbac9a7bc8e103,2026-04-25T07:28:55+00:00,2347,284,168,77,5.668,766.8,16,fit:e47555f16f02711dc446d8bfb5ee6625d9c15688be7bc41a38dbac9a7bc8e103:segment:003,3,6994.0,6923,activities/067_260425073220.csv,1,1,0,0
fit:e47555f16f02711dc446d8bfb5ee6625d9c15688be7bc41a38dbac9a7bc8e103,2026-04-25T07:28:56+00:00,2348,245,168,78,5.642,766.8,16,fit:e47555f16f02711dc446d8bfb5ee6625d9c15688be7bc41a38dbac9a7bc8e103:segment:003,3,6995.0,6924,activities/067_260425073220.csv,1,1,0,0
fit:e47555f16f02711dc446d8bfb5ee6625d9c15688be7bc41a38dbac9a7bc8e103,2026-04-25T07:28:57+00:00,2349,246,169,77,5.63,767.4000000000001,16,fit:e47555f16f02711dc446d8bfb5ee6625d9c15688be7bc41a38dbac9a7bc8e103:segment:003,3,6996.0,6925,activities/067_260425073220.csv,1,1,0,0
fit:e47555f16f02711dc446d8bfb5ee6625d9c15688be7bc41a38dbac9a7bc8e103,2026-04-25T07:28:58+00:00,2350,246,169,77,5.673,767.4000000000001,16,fit:e47555f16f02711dc446d8bfb5ee6625d9c15688be7bc41a38dbac9a7bc8e103:segment:003,3,6997.0,6926,activities/067_260425073220.csv,1,1,0,0
fit:e47555f16f02711dc446d8bfb5ee6625d9c15688be7bc41a38dbac9a7bc8e103,2026-04-25T07:28:59+00:00,2351,268,169,77,5.687,767.4000000000001,16,fit:e47555f16f02711dc446d8bfb5ee6625d9c15688be7bc41a38dbac9a7bc8e103:segment:003,3,6998.0,6927,activities/067_260425073220.csv,1,1,0,0
fit:e47555f16f02711dc446d8bfb5ee6625d9c15688be7bc41a38dbac9a7bc8e103,2026-04-25T07:29:00+00:00,2352,247,169,74,5.597,767.4000000000001,16,fit:e47555f16f02711dc446d8bfb5ee6625d9c15688be7bc41a38dbac9a7bc8e103:segment:003,3,6999.0,6928,activities/067_260425073220.csv,1,1,0,0
fit:e47555f16f02711dc446d8bfb5ee6625d9c15688be7bc41a38dbac9a7bc8e103,2026-04-25T07:29:01+00:00,2353,247,169,73,5.543,767.4000000000001,16,fit:e47555f16f02711dc446d8bfb5ee6625d9c15688be7bc41a38dbac9a7bc8e103:segment:003,3,7000.0,6929,activities/067_260425073220.csv,1,1,0,0
fit:e47555f16f02711dc446d8bfb5ee6625d9c15688be7bc41a38dbac9a7bc8e103,2026-04-25T07:29:02+00:00,2354,238,169,70,5.464,768.4000000000001,16,fit:e47555f16f02711dc446d8bfb5ee6625d9c15688be7bc41a38dbac9a7bc8e103:segment:003,3,7001.0,6930,activities/067_260425073220.csv,1,1,0,0
fit:e47555f16f02711dc446d8bfb5ee6625d9c15688be7bc41a38dbac9a7bc8e103,2026-04-25T07:29:03+00:00,2355,233,169,70,5.3,768.5999999999999,16,fit:e47555f16f02711dc446d8bfb5ee6625d9c15688be7bc41a38dbac9a7bc8e103:segment:003,3,7002.0,6931,activities/067_260425073220.csv,1,1,0,0
fit:e47555f16f02711dc446d8bfb5ee6625d9c15688be7bc41a38dbac9a7bc8e103,2026-04-25T07:29:04+00:00,2356,194,169,70,5.149,769.2,16,fit:e47555f16f02711dc446d8bfb5ee6625d9c15688be7bc41a38dbac9a7bc8e103:segment:003,3,7003.0,6932,activities/067_260425073220.csv,1,1,0,0
fit:e47555f16f02711dc446d8bfb5ee6625d9c15688be7bc41a38dbac9a7bc8e103,2026-04-25T07:29:05+00:00,2357,271,169,70,5.055,769.2,16,fit:e47555f16f02711dc446d8bfb5ee6625d9c15688be7bc41a38dbac9a7bc8e103:segment:003,3,7004.0,6933,activities/067_260425073220.csv,1,1,0,0
fit:e47555f16f02711dc446d8bfb5ee6625d9c15688be7bc41a38dbac9a7bc8e103,2026-04-25T07:29:06+00:00,2358,261,170,75,4.919,769.4000000000001,16,fit:e47555f16f02711dc446d8bfb5ee6625d9c15688be7bc41a38dbac9a7bc8e103:segment:003,3,7005.0,6934,activities/067_260425073220.csv,1,1,0,0
fit:e47555f16f02711dc446d8bfb5ee6625d9c15688be7bc41a38dbac9a7bc8e103,2026-04-25T07:29:07+00:00,2359,274,170,79,5.0,769.4000000000001,16,fit:e47555f16f02711dc446d8bfb5ee6625d9c15688be7bc41a38dbac9a7bc8e103:segment:003,3,7006.0,6935,activities/067_260425073220.csv,1,1,0,0
fit:e47555f16f02711dc446d8bfb5ee6625d9c15688be7bc41a38dbac9a7bc8e103,2026-04-25T07:29:08+00:00,2360,275,170,79,5.06,769.4000000000001,16,fit:e47555f16f02711dc446d8bfb5ee6625d9c15688be7bc41a38dbac9a7bc8e103:segment:003,3,7007.0,6936,activities/067_260425073220.csv,1,1,0,0
fit:e47555f16f02711dc446d8bfb5ee6625d9c15688be7bc41a38dbac9a7bc8e103,2026-04-25T07:29:09+00:00,2361,207,170,81,5.106,769.4000000000001,16,fit:e47555f16f02711dc446d8bfb5ee6625d9c15688be7bc41a38dbac9a7bc8e103:segment:003,3,7008.0,6937,activities/067_260425073220.csv,1,1,0,0
fit:e47555f16f02711dc446d8bfb5ee6625d9c15688be7bc41a38dbac9a7bc8e103,2026-04-25T07:29:10+00:00,2362,274,170,80,5.293,770.2,16,fit:e47555f16f02711dc446d8bfb5ee6625d9c15688be7bc41a38dbac9a7bc8e103:segment:003,3,7009.0,6938,activities/067_260425073220.csv,1,1,0,0
fit:e47555f16f02711dc446d8bfb5ee6625d9c15688be7bc41a38dbac9a7bc8e103,2026-04-25T07:29:11+00:00,2363,283,170,80,5.255,770.5999999999999,16,fit:e47555f16f02711dc446d8bfb5ee6625d9c15688be7bc41a38dbac9a7bc8e103:segment:003,3,7010.0,6939,activities/067_260425073220.csv,1,1,0,0
fit:e47555f16f02711dc446d8bfb5ee6625d9c15688be7bc41a38dbac9a7bc8e103,2026-04-25T07:29:12+00:00,2364,292,170,81,5.3,770.5999999999999,16,fit:e47555f16f02711dc446d8bfb5ee6625d9c15688be7bc41a38dbac9a7bc8e103:segment:003,3,7011.0,6940,activities/067_260425073220.csv,1,1,0,0
fit:e47555f16f02711dc446d8bfb5ee6625d9c15688be7bc41a38dbac9a7bc8e103,2026-04-25T07:29:13+00:00,2365,293,170,81,5.409,770.5999999999999,16,fit:e47555f16f02711dc446d8bfb5ee6625d9c15688be7bc41a38dbac9a7bc8e103:segment:003,3,7012.0,6941,activities/067_260425073220.csv,1,1,0,0
fit:e47555f16f02711dc446d8bfb5ee6625d9c15688be7bc41a38dbac9a7bc8e103,2026-04-25T07:29:14+00:00,2366,224,170,79,5.432,770.5999999999999,16,fit:e47555f16f02711dc446d8bfb5ee6625d9c15688be7bc41a38dbac9a7bc8e103:segment:003,3,7013.0,6942,activities/067_260425073220.csv,1,1,0,0
fit:e47555f16f02711dc446d8bfb5ee6625d9c15688be7bc41a38dbac9a7bc8e103,2026-04-25T07:29:15+00:00,2367,228,170,77,5.198,771.5999999999999,16,fit:e47555f16f02711dc446d8bfb5ee6625d9c15688be7bc41a38dbac9a7bc8e103:segment:003,3,7014.0,6943,activities/067_260425073220.csv,1,1,0,0
fit:e47555f16f02711dc446d8bfb5ee6625d9c15688be7bc41a38dbac9a7bc8e103,2026-04-25T07:29:16+00:00,2368,338,170,73,5.0,772.2,16,fit:e47555f16f02711dc446d8bfb5ee6625d9c15688be7bc41a38dbac9a7bc8e103:segment:003,3,7015.0,6944,activities/067_260425073220.csv,1,1,0,0
fit:e47555f16f02711dc446d8bfb5ee6625d9c15688be7bc41a38dbac9a7bc8e103,2026-04-25T07:29:17+00:00,2369,351,171,71,4.703,772.5999999999999,16,fit:e47555f16f02711dc446d8bfb5ee6625d9c15688be7bc41a38dbac9a7bc8e103:segment:003,3,7016.0,6945,activities/067_260425073220.csv,1,1,0,0
fit:e47555f16f02711dc446d8bfb5ee6625d9c15688be7bc41a38dbac9a7bc8e103,2026-04-25T07:29:18+00:00,2370,311,171,71,4.635,772.8,16,fit:e47555f16f02711dc446d8bfb5ee6625d9c15688be7bc41a38dbac9a7bc8e103:segment:003,3,7017.0,6946,activities/067_260425073220.csv,1,1,0,0
fit:e47555f16f02711dc446d8bfb5ee6625d9c15688be7bc41a38dbac9a7bc8e103,2026-04-25T07:29:19+00:00,2371,341,171,73,4.525,772.8,16,fit:e47555f16f02711dc446d8bfb5ee6625d9c15688be7bc41a38dbac9a7bc8e103:segment:003,3,7018.0,6947,activities/067_260425073220.csv,1,1,0,0
fit:e47555f16f02711dc446d8bfb5ee6625d9c15688be7bc41a38dbac9a7bc8e103,2026-04-25T07:29:20+00:00,2372,300,170,76,4.731,773.4000000000001,16,fit:e47555f16f02711dc446d8bfb5ee6625d9c15688be7bc41a38dbac9a7bc8e103:segment:003,3,7019.0,6948,activities/067_260425073220.csv,1,1,0,0
fit:e47555f16f02711dc446d8bfb5ee6625d9c15688be7bc41a38dbac9a7bc8e103,2026-04-25T07:29:21+00:00,2373,271,170,76,4.91,773.4000000000001,16,fit:e47555f16f02711dc446d8bfb5ee6625d9c15688be7bc41a38dbac9a7bc8e103:segment:003,3,7020.0,6949,activities/067_260425073220.csv,1,1,0,0
fit:e47555f16f02711dc446d8bfb5ee6625d9c15688be7bc41a38dbac9a7bc8e103,2026-04-25T07:29:22+00:00,2374,261,170,79,4.957,773.4000000000001,16,fit:e47555f16f02711dc446d8bfb5ee6625d9c15688be7bc41a38dbac9a7bc8e103:segment:003,3,7021.0,6950,activities/067_260425073220.csv,1,1,0,0
fit:e47555f16f02711dc446d8bfb5ee6625d9c15688be7bc41a38dbac9a7bc8e103,2026-04-25T07:29:23+00:00,2375,261,169,80,5.08,773.4000000000001,16,fit:e47555f16f02711dc446d8bfb5ee6625d9c15688be7bc41a38dbac9a7bc8e103:segment:003,3,7022.0,6951,activities/067_260425073220.csv,1,1,0,0
fit:e47555f16f02711dc446d8bfb5ee6625d9c15688be7bc41a38dbac9a7bc8e103,2026-04-25T07:29:24+00:00,2376,269,169,75,5.222,774.2,16,fit:e47555f16f02711dc446d8bfb5ee6625d9c15688be7bc41a38dbac9a7bc8e103:segment:003,3,7023.0,6952,activities/067_260425073220.csv,1,1,0,0
fit:e47555f16f02711dc446d8bfb5ee6625d9c15688be7bc41a38dbac9a7bc8e103,2026-04-25T07:29:25+00:00,2377,273,168,78,5.314,774.4000000000001,16,fit:e47555f16f02711dc446d8bfb5ee6625d9c15688be7bc41a38dbac9a7bc8e103:segment:003,3,7024.0,6953,activities/067_260425073220.csv,1,1,0,0
fit:e47555f16f02711dc446d8bfb5ee6625d9c15688be7bc41a38dbac9a7bc8e103,2026-04-25T07:29:26+00:00,2378,162,168,80,5.329,774.4000000000001,16,fit:e47555f16f02711dc446d8bfb5ee6625d9c15688be7bc41a38dbac9a7bc8e103:segment:003,3,7025.0,6954,activities/067_260425073220.csv,1,1,0,0
fit:e47555f16f02711dc446d8bfb5ee6625d9c15688be7bc41a38dbac9a7bc8e103,2026-04-25T07:29:27+00:00,2379,162,168,77,5.763,774.4000000000001,16,fit:e47555f16f02711dc446d8bfb5ee6625d9c15688be7bc41a38dbac9a7bc8e103:segment:003,3,7026.0,6955,activities/067_260425073220.csv,1,1,0,0
fit:e47555f16f02711dc446d8bfb5ee6625d9c15688be7bc41a38dbac9a7bc8e103,2026-04-25T07:29:28+00:00,2380,162,167,55,5.706,774.4000000000001,16,fit:e47555f16f02711dc446d8bfb5ee6625d9c15688be7bc41a38dbac9a7bc8e103:segment:003,3,7027.0,6956,activities/067_260425073220.csv,1,1,0,0
fit:e47555f16f02711dc446d8bfb5ee6625d9c15688be7bc41a38dbac9a7bc8e103,2026-04-25T07:29:29+00:00,2381,263,167,57,5.686,774.0,16,fit:e47555f16f02711dc446d8bfb5ee6625d9c15688be7bc41a38dbac9a7bc8e103:segment:003,3,7028.0,6957,activities/067_260425073220.csv,1,1,0,0
fit:e47555f16f02711dc446d8bfb5ee6625d9c15688be7bc41a38dbac9a7bc8e103,2026-04-25T07:29:30+00:00,2382,254,166,60,5.808,774.0,16,fit:e47555f16f02711dc446d8bfb5ee6625d9c15688be7bc41a38dbac9a7bc8e103:segment:003,3,7029.0,6958,activities/067_260425073220.csv,1,1,0,0
fit:e47555f16f02711dc446d8bfb5ee6625d9c15688be7bc41a38dbac9a7bc8e103,2026-04-25T07:29:31+00:00,2383,229,167,62,6.169,774.0,16,fit:e47555f16f02711dc446d8bfb5ee6625d9c15688be7bc41a38dbac9a7bc8e103:segment:003,3,7030.0,6959,activities/067_260425073220.csv,1,1,0,0
fit:e47555f16f02711dc446d8bfb5ee6625d9c15688be7bc41a38dbac9a7bc8e103,2026-04-25T07:29:32+00:00,2384,174,167,65,6.523,774.0,16,fit:e47555f16f02711dc446d8bfb5ee6625d9c15688be7bc41a38dbac9a7bc8e103:segment:003,3,7031.0,6960,activities/067_260425073220.csv,1,1,0,0
fit:e47555f16f02711dc446d8bfb5ee6625d9c15688be7bc41a38dbac9a7bc8e103,2026-04-25T07:29:33+00:00,2385,195,167,70,6.883,774.0,16,fit:e47555f16f02711dc446d8bfb5ee6625d9c15688be7bc41a38dbac9a7bc8e103:segment:003,3,7032.0,6961,activities/067_260425073220.csv,1,1,0,0
fit:e47555f16f02711dc446d8bfb5ee6625d9c15688be7bc41a38dbac9a7bc8e103,2026-04-25T07:29:34+00:00,2386,42,167,67,7.12,773.0,16,fit:e47555f16f02711dc446d8bfb5ee6625d9c15688be7bc41a38dbac9a7bc8e103:segment:003,3,7033.0,6962,activities/067_260425073220.csv,1,1,0,0
fit:e47555f16f02711dc446d8bfb5ee6625d9c15688be7bc41a38dbac9a7bc8e103,2026-04-25T07:29:35+00:00,2387,107,167,65,7.487,773.0,16,fit:e47555f16f02711dc446d8bfb5ee6625d9c15688be7bc41a38dbac9a7bc8e103:segment:003,3,7034.0,6963,activities/067_260425073220.csv,1,1,0,0
fit:e47555f16f02711dc446d8bfb5ee6625d9c15688be7bc41a38dbac9a7bc8e103,2026-04-25T07:29:36+00:00,2388,108,167,65,7.838,773.0,16,fit:e47555f16f02711dc446d8bfb5ee6625d9c15688be7bc41a38dbac9a7bc8e103:segment:003,3,7035.0,6964,activities/067_260425073220.csv,1,1,0,0
fit:e47555f16f02711dc446d8bfb5ee6625d9c15688be7bc41a38dbac9a7bc8e103,2026-04-25T07:29:37+00:00,2389,108,167,65,8.109,773.2,16,fit:e47555f16f02711dc446d8bfb5ee6625d9c15688be7bc41a38dbac9a7bc8e103:segment:003,3,7036.0,6965,activities/067_260425073220.csv,1,1,0,0
fit:e47555f16f02711dc446d8bfb5ee6625d9c15688be7bc41a38dbac9a7bc8e103,2026-04-25T07:29:38+00:00,2390,21,167,65,8.249,773.2,16,fit:e47555f16f02711dc446d8bfb5ee6625d9c15688be7bc41a38dbac9a7bc8e103:segment:003,3,7037.0,6966,activities/067_260425073220.csv,1,1,0,0
fit:e47555f16f02711dc446d8bfb5ee6625d9c15688be7bc41a38dbac9a7bc8e103,2026-04-25T07:29:39+00:00,2391,124,166,74,8.524,773.2,16,fit:e47555f16f02711dc446d8bfb5ee6625d9c15688be7bc41a38dbac9a7bc8e103:segment:003,3,7038.0,6967,activities/067_260425073220.csv,1,1,0,0
fit:e47555f16f02711dc446d8bfb5ee6625d9c15688be7bc41a38dbac9a7bc8e103,2026-04-25T07:29:40+00:00,2392,124,166,74,8.952,772.2,16,fit:e47555f16f02711dc446d8bfb5ee6625d9c15688be7bc41a38dbac9a7bc8e103:segment:003,3,7039.0,6968,activities/067_260425073220.csv,1,1,0,0
fit:e47555f16f02711dc446d8bfb5ee6625d9c15688be7bc41a38dbac9a7bc8e103,2026-04-25T07:29:41+00:00,2393,124,165,74,9.343,771.5999999999999,16,fit:e47555f16f02711dc446d8bfb5ee6625d9c15688be7bc41a38dbac9a7bc8e103:segment:003,3,7040.0,6969,activities/067_260425073220.csv,1,1,0,0
fit:e47555f16f02711dc446d8bfb5ee6625d9c15688be7bc41a38dbac9a7bc8e103,2026-04-25T07:29:42+00:00,2394,121,164,74,9.648,770.8,16,fit:e47555f16f02711dc446d8bfb5ee6625d9c15688be7bc41a38dbac9a7bc8e103:segment:003,3,7041.0,6970,activities/067_260425073220.csv,1,1,0,0
fit:e47555f16f02711dc446d8bfb5ee6625d9c15688be7bc41a38dbac9a7bc8e103,2026-04-25T07:29:43+00:00,2395,0,163,71,9.854,770.2,16,fit:e47555f16f02711dc446d8bfb5ee6625d9c15688be7bc41a38dbac9a7bc8e103:segment:003,3,7042.0,6971,activities/067_260425073220.csv,1,1,0,0
fit:e47555f16f02711dc446d8bfb5ee6625d9c15688be7bc41a38dbac9a7bc8e103,2026-04-25T07:29:44+00:00,2396,0,163,0,9.997,769.2,16,fit:e47555f16f02711dc446d8bfb5ee6625d9c15688be7bc41a38dbac9a7bc8e103:segment:003,3,7043.0,6972,activities/067_260425073220.csv,1,1,0,0
fit:e47555f16f02711dc446d8bfb5ee6625d9c15688be7bc41a38dbac9a7bc8e103,2026-04-25T07:29:45+00:00,2397,0,163,0,10.153,769.2,16,fit:e47555f16f02711dc446d8bfb5ee6625d9c15688be7bc41a38dbac9a7bc8e103:segment:003,3,7044.0,6973,activities/067_260425073220.csv,1,1,0,0
fit:e47555f16f02711dc446d8bfb5ee6625d9c15688be7bc41a38dbac9a7bc8e103,2026-04-25T07:29:46+00:00,2398,0,162,0,10.27,769.2,16,fit:e47555f16f02711dc446d8bfb5ee6625d9c15688be7bc41a38dbac9a7bc8e103:segment:003,3,7045.0,6974,activities/067_260425073220.csv,1,1,0,0
fit:e47555f16f02711dc446d8bfb5ee6625d9c15688be7bc41a38dbac9a7bc8e103,2026-04-25T07:29:47+00:00,2399,0,162,0,10.353,769.2,16,fit:e47555f16f02711dc446d8bfb5ee6625d9c15688be7bc41a38dbac9a7bc8e103:segment:003,3,7046.0,6975,activities/067_260425073220.csv,1,1,0,0
fit:e47555f16f02711dc446d8bfb5ee6625d9c15688be7bc41a38dbac9a7bc8e103,2026-04-25T07:29:48+00:00,2400,0,162,0,10.357,768.2,16,fit:e47555f16f02711dc446d8bfb5ee6625d9c15688be7bc41a38dbac9a7bc8e103:segment:003,3,7047.0,6976,activities/067_260425073220.csv,1,1,0,0
fit:e47555f16f02711dc446d8bfb5ee6625d9c15688be7bc41a38dbac9a7bc8e103,2026-04-25T07:29:49+00:00,2401,0,162,0,10.518,767.2,16,fit:e47555f16f02711dc446d8bfb5ee6625d9c15688be7bc41a38dbac9a7bc8e103:segment:003,3,7048.0,6977,activities/067_260425073220.csv,1,1,0,0
fit:e47555f16f02711dc446d8bfb5ee6625d9c15688be7bc41a38dbac9a7bc8e103,2026-04-25T07:29:50+00:00,2402,0,161,0,10.708,767.2,16,fit:e47555f16f02711dc446d8bfb5ee6625d9c15688be7bc41a38dbac9a7bc8e103:segment:003,3,7049.0,6978,activities/067_260425073220.csv,1,1,0,0
fit:e47555f16f02711dc446d8bfb5ee6625d9c15688be7bc41a38dbac9a7bc8e103,2026-04-25T07:29:51+00:00,2403,235,160,40,10.661,767.2,16,fit:e47555f16f02711dc446d8bfb5ee6625d9c15688be7bc41a38dbac9a7bc8e103:segment:003,3,7050.0,6979,activities/067_260425073220.csv,1,1,0,0
fit:e47555f16f02711dc446d8bfb5ee6625d9c15688be7bc41a38dbac9a7bc8e103,2026-04-25T07:29:52+00:00,2404,235,160,84,10.936,767.2,16,fit:e47555f16f02711dc446d8bfb5ee6625d9c15688be7bc41a38dbac9a7bc8e103:segment:003,3,7051.0,6980,activities/067_260425073220.csv,1,1,0,0
fit:e47555f16f02711dc446d8bfb5ee6625d9c15688be7bc41a38dbac9a7bc8e103,2026-04-25T07:29:53+00:00,2405,235,159,84,11.065,766.2,16,fit:e47555f16f02711dc446d8bfb5ee6625d9c15688be7bc41a38dbac9a7bc8e103:segment:003,3,7052.0,6981,activities/067_260425073220.csv,1,1,0,0
fit:e47555f16f02711dc446d8bfb5ee6625d9c15688be7bc41a38dbac9a7bc8e103,2026-04-25T07:29:54+00:00,2406,235,159,84,11.107,765.2,16,fit:e47555f16f02711dc446d8bfb5ee6625d9c15688be7bc41a38dbac9a7bc8e103:segment:003,3,7053.0,6982,activities/067_260425073220.csv,1,1,0,0
fit:e47555f16f02711dc446d8bfb5ee6625d9c15688be7bc41a38dbac9a7bc8e103,2026-04-25T07:29:55+00:00,2407,235,158,84,11.246,764.4000000000001,16,fit:e47555f16f02711dc446d8bfb5ee6625d9c15688be7bc41a38dbac9a7bc8e103:segment:003,3,7054.0,6983,activities/067_260425073220.csv,1,1,0,0
fit:e47555f16f02711dc446d8bfb5ee6625d9c15688be7bc41a38dbac9a7bc8e103,2026-04-25T07:29:56+00:00,2408,0,157,83,11.417,763.4000000000001,16,fit:e47555f16f02711dc446d8bfb5ee6625d9c15688be7bc41a38dbac9a7bc8e103:segment:003,3,7055.0,6984,activities/067_260425073220.csv,1,1,0,0
fit:e47555f16f02711dc446d8bfb5ee6625d9c15688be7bc41a38dbac9a7bc8e103,2026-04-25T07:29:57+00:00,2409,0,156,0,11.688,762.4000000000001,16,fit:e47555f16f02711dc446d8bfb5ee6625d9c15688be7bc41a38dbac9a7bc8e103:segment:003,3,7056.0,6985,activities/067_260425073220.csv,1,1,0,0
fit:e47555f16f02711dc446d8bfb5ee6625d9c15688be7bc41a38dbac9a7bc8e103,2026-04-25T07:29:58+00:00,2410,0,155,0,11.922,761.4000000000001,16,fit:e47555f16f02711dc446d8bfb5ee6625d9c15688be7bc41a38dbac9a7bc8e103:segment:003,3,7057.0,6986,activities/067_260425073220.csv,1,1,0,0
fit:e47555f16f02711dc446d8bfb5ee6625d9c15688be7bc41a38dbac9a7bc8e103,2026-04-25T07:29:59+00:00,2411,0,155,0,12.393,760.4000000000001,16,fit:e47555f16f02711dc446d8bfb5ee6625d9c15688be7bc41a38dbac9a7bc8e103:segment:003,3,7058.0,6987,activities/067_260425073220.csv,1,1,0,0
fit:e47555f16f02711dc446d8bfb5ee6625d9c15688be7bc41a38dbac9a7bc8e103,2026-04-25T07:30:00+00:00,2412,0,154,0,13.027,759.8,16,fit:e47555f16f02711dc446d8bfb5ee6625d9c15688be7bc41a38dbac9a7bc8e103:segment:003,3,7059.0,6988,activities/067_260425073220.csv,1,1,0,0
fit:e47555f16f02711dc446d8bfb5ee6625d9c15688be7bc41a38dbac9a7bc8e103,2026-04-25T07:30:01+00:00,2413,315,152,77,13.117,759.4000000000001,16,fit:e47555f16f02711dc446d8bfb5ee6625d9c15688be7bc41a38dbac9a7bc8e103:segment:003,3,7060.0,6989,activities/067_260425073220.csv,1,1,0,0
fit:e47555f16f02711dc446d8bfb5ee6625d9c15688be7bc41a38dbac9a7bc8e103,2026-04-25T07:30:02+00:00,2414,288,150,99,13.126,759.0,16,fit:e47555f16f02711dc446d8bfb5ee6625d9c15688be7bc41a38dbac9a7bc8e103:segment:003,3,7061.0,6990,activities/067_260425073220.csv,1,1,0,0
fit:e47555f16f02711dc446d8bfb5ee6625d9c15688be7bc41a38dbac9a7bc8e103,2026-04-25T07:30:03+00:00,2415,288,149,100,13.119,758.8,16,fit:e47555f16f02711dc446d8bfb5ee6625d9c15688be7bc41a38dbac9a7bc8e103:segment:003,3,7062.0,6991,activities/067_260425073220.csv,1,1,0,0
fit:e47555f16f02711dc446d8bfb5ee6625d9c15688be7bc41a38dbac9a7bc8e103,2026-04-25T07:30:04+00:00,2416,288,148,100,13.258,758.5999999999999,16,fit:e47555f16f02711dc446d8bfb5ee6625d9c15688be7bc41a38dbac9a7bc8e103:segment:003,3,7063.0,6992,activities/067_260425073220.csv,1,1,0,0
fit:e47555f16f02711dc446d8bfb5ee6625d9c15688be7bc41a38dbac9a7bc8e103,2026-04-25T07:30:05+00:00,2417,5,148,20,13.446,758.4000000000001,16,fit:e47555f16f02711dc446d8bfb5ee6625d9c15688be7bc41a38dbac9a7bc8e103:segment:003,3,7064.0,6993,activities/067_260425073220.csv,1,1,0,0
fit:e47555f16f02711dc446d8bfb5ee6625d9c15688be7bc41a38dbac9a7bc8e103,2026-04-25T07:30:06+00:00,2418,283,148,97,13.298,758.4000000000001,16,fit:e47555f16f02711dc446d8bfb5ee6625d9c15688be7bc41a38dbac9a7bc8e103:segment:003,3,7065.0,6994,activities/067_260425073220.csv,1,1,0,0
fit:e47555f16f02711dc446d8bfb5ee6625d9c15688be7bc41a38dbac9a7bc8e103,2026-04-25T07:30:07+00:00,2419,359,147,96,13.162,758.4000000000001,16,fit:e47555f16f02711dc446d8bfb5ee6625d9c15688be7bc41a38dbac9a7bc8e103:segment:003,3,7066.0,6995,activities/067_260425073220.csv,1,1,0,0
fit:e47555f16f02711dc446d8bfb5ee6625d9c15688be7bc41a38dbac9a7bc8e103,2026-04-25T07:30:08+00:00,2420,276,147,94,13.083,758.5999999999999,16,fit:e47555f16f02711dc446d8bfb5ee6625d9c15688be7bc41a38dbac9a7bc8e103:segment:003,3,7067.0,6996,activities/067_260425073220.csv,1,1,0,0
fit:e47555f16f02711dc446d8bfb5ee6625d9c15688be7bc41a38dbac9a7bc8e103,2026-04-25T07:30:09+00:00,2421,301,146,89,12.805,759.2,16,fit:e47555f16f02711dc446d8bfb5ee6625d9c15688be7bc41a38dbac9a7bc8e103:segment:003,3,7068.0,6997,activities/067_260425073220.csv,1,1,0,0
fit:e47555f16f02711dc446d8bfb5ee6625d9c15688be7bc41a38dbac9a7bc8e103,2026-04-25T07:30:10+00:00,2422,126,146,88,12.33,760.2,16,fit:e47555f16f02711dc446d8bfb5ee6625d9c15688be7bc41a38dbac9a7bc8e103:segment:003,3,7069.0,6998,activities/067_260425073220.csv,1,1,0,0
fit:e47555f16f02711dc446d8bfb5ee6625d9c15688be7bc41a38dbac9a7bc8e103,2026-04-25T07:30:11+00:00,2423,369,146,88,11.774,761.2,16,fit:e47555f16f02711dc446d8bfb5ee6625d9c15688be7bc41a38dbac9a7bc8e103:segment:003,3,7070.0,6999,activities/067_260425073220.csv,1,1,0,0
fit:e47555f16f02711dc446d8bfb5ee6625d9c15688be7bc41a38dbac9a7bc8e103,2026-04-25T07:30:12+00:00,2424,389,146,88,11.394,762.2,16,fit:e47555f16f02711dc446d8bfb5ee6625d9c15688be7bc41a38dbac9a7bc8e103:segment:003,3,7071.0,7000,activities/067_260425073220.csv,1,1,0,0
fit:e47555f16f02711dc446d8bfb5ee6625d9c15688be7bc41a38dbac9a7bc8e103,2026-04-25T07:30:13+00:00,2425,389,146,86,11.311,762.5999999999999,16,fit:e47555f16f02711dc446d8bfb5ee6625d9c15688be7bc41a38dbac9a7bc8e103:segment:003,3,7072.0,7001,activities/067_260425073220.csv,1,1,0,0
fit:e47555f16f02711dc446d8bfb5ee6625d9c15688be7bc41a38dbac9a7bc8e103,2026-04-25T07:30:14+00:00,2426,383,146,84,10.944,763.4000000000001,16,fit:e47555f16f02711dc446d8bfb5ee6625d9c15688be7bc41a38dbac9a7bc8e103:segment:003,3,7073.0,7002,activities/067_260425073220.csv,1,1,0,0
fit:e47555f16f02711dc446d8bfb5ee6625d9c15688be7bc41a38dbac9a7bc8e103,2026-04-25T07:30:15+00:00,2427,298,146,80,10.631,763.4000000000001,16,fit:e47555f16f02711dc446d8bfb5ee6625d9c15688be7bc41a38dbac9a7bc8e103:segment:003,3,7074.0,7003,activities/067_260425073220.csv,1,1,0,0
fit:e47555f16f02711dc446d8bfb5ee6625d9c15688be7bc41a38dbac9a7bc8e103,2026-04-25T07:30:16+00:00,2428,129,146,78,10.325,763.4000000000001,16,fit:e47555f16f02711dc446d8bfb5ee6625d9c15688be7bc41a38dbac9a7bc8e103:segment:003,3,7075.0,7004,activities/067_260425073220.csv,1,1,0,0
fit:e47555f16f02711dc446d8bfb5ee6625d9c15688be7bc41a38dbac9a7bc8e103,2026-04-25T07:30:17+00:00,2429,392,146,78,9.89,763.4000000000001,16,fit:e47555f16f02711dc446d8bfb5ee6625d9c15688be7bc41a38dbac9a7bc8e103:segment:003,3,7076.0,7005,activities/067_260425073220.csv,1,1,0,0
fit:e47555f16f02711dc446d8bfb5ee6625d9c15688be7bc41a38dbac9a7bc8e103,2026-04-25T07:30:18+00:00,2430,426,146,81,9.489,764.4000000000001,16,fit:e47555f16f02711dc446d8bfb5ee6625d9c15688be7bc41a38dbac9a7bc8e103:segment:003,3,7077.0,7006,activities/067_260425073220.csv,1,1,0,0
fit:e47555f16f02711dc446d8bfb5ee6625d9c15688be7bc41a38dbac9a7bc8e103,2026-04-25T07:30:19+00:00,2431,448,145,80,9.175,765.0,16,fit:e47555f16f02711dc446d8bfb5ee6625d9c15688be7bc41a38dbac9a7bc8e103:segment:003,3,7078.0,7007,activities/067_260425073220.csv,1,1,0,0
fit:e47555f16f02711dc446d8bfb5ee6625d9c15688be7bc41a38dbac9a7bc8e103,2026-04-25T07:30:20+00:00,2432,441,145,78,8.928,765.4000000000001,16,fit:e47555f16f02711dc446d8bfb5ee6625d9c15688be7bc41a38dbac9a7bc8e103:segment:003,3,7079.0,7008,activities/067_260425073220.csv,1,1,0,0
fit:e47555f16f02711dc446d8bfb5ee6625d9c15688be7bc41a38dbac9a7bc8e103,2026-04-25T07:30:21+00:00,2433,441,145,78,8.852,766.0,16,fit:e47555f16f02711dc446d8bfb5ee6625d9c15688be7bc41a38dbac9a7bc8e103:segment:003,3,7080.0,7009,activities/067_260425073220.csv,1,1,0,0
fit:e47555f16f02711dc446d8bfb5ee6625d9c15688be7bc41a38dbac9a7bc8e103,2026-04-25T07:30:22+00:00,2434,403,145,77,8.648,766.2,16,fit:e47555f16f02711dc446d8bfb5ee6625d9c15688be7bc41a38dbac9a7bc8e103:segment:003,3,7081.0,7010,activities/067_260425073220.csv,1,1,0,0
fit:e47555f16f02711dc446d8bfb5ee6625d9c15688be7bc41a38dbac9a7bc8e103,2026-04-25T07:30:23+00:00,2435,398,146,76,8.569,766.4000000000001,16,fit:e47555f16f02711dc446d8bfb5ee6625d9c15688be7bc41a38dbac9a7bc8e103:segment:003,3,7082.0,7011,activities/067_260425073220.csv,1,1,0,0
fit:e47555f16f02711dc446d8bfb5ee6625d9c15688be7bc41a38dbac9a7bc8e103,2026-04-25T07:30:24+00:00,2436,432,146,80,8.451,766.8,16,fit:e47555f16f02711dc446d8bfb5ee6625d9c15688be7bc41a38dbac9a7bc8e103:segment:003,3,7083.0,7012,activities/067_260425073220.csv,1,1,0,0
fit:e47555f16f02711dc446d8bfb5ee6625d9c15688be7bc41a38dbac9a7bc8e103,2026-04-25T07:30:25+00:00,2437,423,146,82,8.185,767.2,16,fit:e47555f16f02711dc446d8bfb5ee6625d9c15688be7bc41a38dbac9a7bc8e103:segment:003,3,7084.0,7013,activities/067_260425073220.csv,1,1,0,0
fit:e47555f16f02711dc446d8bfb5ee6625d9c15688be7bc41a38dbac9a7bc8e103,2026-04-25T07:30:26+00:00,2438,423,148,82,7.92,767.5999999999999,16,fit:e47555f16f02711dc446d8bfb5ee6625d9c15688be7bc41a38dbac9a7bc8e103:segment:003,3,7085.0,7014,activities/067_260425073220.csv,1,1,0,0
fit:e47555f16f02711dc446d8bfb5ee6625d9c15688be7bc41a38dbac9a7bc8e103,2026-04-25T07:30:27+00:00,2439,364,148,82,7.882,767.5999999999999,16,fit:e47555f16f02711dc446d8bfb5ee6625d9c15688be7bc41a38dbac9a7bc8e103:segment:003,3,7086.0,7015,activities/067_260425073220.csv,1,1,0,0
fit:e47555f16f02711dc446d8bfb5ee6625d9c15688be7bc41a38dbac9a7bc8e103,2026-04-25T07:30:28+00:00,2440,365,149,83,7.901,767.5999999999999,16,fit:e47555f16f02711dc446d8bfb5ee6625d9c15688be7bc41a38dbac9a7bc8e103:segment:003,3,7087.0,7016,activities/067_260425073220.csv,1,1,0,0
fit:e47555f16f02711dc446d8bfb5ee6625d9c15688be7bc41a38dbac9a7bc8e103,2026-04-25T07:30:29+00:00,2441,367,150,86,8.046,767.5999999999999,16,fit:e47555f16f02711dc446d8bfb5ee6625d9c15688be7bc41a38dbac9a7bc8e103:segment:003,3,7088.0,7017,activities/067_260425073220.csv,1,1,0,0
fit:e47555f16f02711dc446d8bfb5ee6625d9c15688be7bc41a38dbac9a7bc8e103,2026-04-25T07:30:30+00:00,2442,357,152,87,8.152,768.4000000000001,16,fit:e47555f16f02711dc446d8bfb5ee6625d9c15688be7bc41a38dbac9a7bc8e103:segment:003,3,7089.0,7018,activities/067_260425073220.csv,1,1,0,0
fit:e47555f16f02711dc446d8bfb5ee6625d9c15688be7bc41a38dbac9a7bc8e103,2026-04-25T07:30:31+00:00,2443,370,153,87,8.328,768.5999999999999,16,fit:e47555f16f02711dc446d8bfb5ee6625d9c15688be7bc41a38dbac9a7bc8e103:segment:003,3,7090.0,7019,activities/067_260425073220.csv,1,1,0,0
fit:e47555f16f02711dc446d8bfb5ee6625d9c15688be7bc41a38dbac9a7bc8e103,2026-04-25T07:30:32+00:00,2444,332,154,88,8.42,769.0,16,fit:e47555f16f02711dc446d8bfb5ee6625d9c15688be7bc41a38dbac9a7bc8e103:segment:003,3,7091.0,7020,activities/067_260425073220.csv,1,1,0,0
fit:e47555f16f02711dc446d8bfb5ee6625d9c15688be7bc41a38dbac9a7bc8e103,2026-04-25T07:30:33+00:00,2445,332,155,88,8.52,770.0,16,fit:e47555f16f02711dc446d8bfb5ee6625d9c15688be7bc41a38dbac9a7bc8e103:segment:003,3,7092.0,7021,activities/067_260425073220.csv,1,1,0,0
fit:e47555f16f02711dc446d8bfb5ee6625d9c15688be7bc41a38dbac9a7bc8e103,2026-04-25T07:30:34+00:00,2446,309,156,87,8.535,770.2,16,fit:e47555f16f02711dc446d8bfb5ee6625d9c15688be7bc41a38dbac9a7bc8e103:segment:003,3,7093.0,7022,activities/067_260425073220.csv,1,1,0,0
fit:e47555f16f02711dc446d8bfb5ee6625d9c15688be7bc41a38dbac9a7bc8e103,2026-04-25T07:30:35+00:00,2447,305,156,86,8.548,770.4000000000001,16,fit:e47555f16f02711dc446d8bfb5ee6625d9c15688be7bc41a38dbac9a7bc8e103:segment:003,3,7094.0,7023,activities/067_260425073220.csv,1,1,0,0
fit:e47555f16f02711dc446d8bfb5ee6625d9c15688be7bc41a38dbac9a7bc8e103,2026-04-25T07:30:36+00:00,2448,305,157,85,8.514,770.4000000000001,16,fit:e47555f16f02711dc446d8bfb5ee6625d9c15688be7bc41a38dbac9a7bc8e103:segment:003,3,7095.0,7024,activities/067_260425073220.csv,1,1,0,0
fit:e47555f16f02711dc446d8bfb5ee6625d9c15688be7bc41a38dbac9a7bc8e103,2026-04-25T07:30:37+00:00,2449,400,158,84,8.364,770.4000000000001,16,fit:e47555f16f02711dc446d8bfb5ee6625d9c15688be7bc41a38dbac9a7bc8e103:segment:003,3,7096.0,7025,activities/067_260425073220.csv,1,1,0,0
fit:e47555f16f02711dc446d8bfb5ee6625d9c15688be7bc41a38dbac9a7bc8e103,2026-04-25T07:30:38+00:00,2450,408,159,84,8.372,770.4000000000001,16,fit:e47555f16f02711dc446d8bfb5ee6625d9c15688be7bc41a38dbac9a7bc8e103:segment:003,3,7097.0,7026,activities/067_260425073220.csv,1,1,0,0
fit:e47555f16f02711dc446d8bfb5ee6625d9c15688be7bc41a38dbac9a7bc8e103,2026-04-25T07:30:39+00:00,2451,377,159,82,8.257,771.2,16,fit:e47555f16f02711dc446d8bfb5ee6625d9c15688be7bc41a38dbac9a7bc8e103:segment:003,3,7098.0,7027,activities/067_260425073220.csv,1,1,0,0
fit:e47555f16f02711dc446d8bfb5ee6625d9c15688be7bc41a38dbac9a7bc8e103,2026-04-25T07:30:40+00:00,2452,191,160,83,8.112,771.4000000000001,16,fit:e47555f16f02711dc446d8bfb5ee6625d9c15688be7bc41a38dbac9a7bc8e103:segment:003,3,7099.0,7028,activities/067_260425073220.csv,1,1,0,0
fit:e47555f16f02711dc446d8bfb5ee6625d9c15688be7bc41a38dbac9a7bc8e103,2026-04-25T07:30:41+00:00,2453,407,161,82,7.826,772.0,16,fit:e47555f16f02711dc446d8bfb5ee6625d9c15688be7bc41a38dbac9a7bc8e103:segment:003,3,7100.0,7029,activities/067_260425073220.csv,1,1,0,0
fit:e47555f16f02711dc446d8bfb5ee6625d9c15688be7bc41a38dbac9a7bc8e103,2026-04-25T07:30:42+00:00,2454,391,162,81,7.619,772.5999999999999,16,fit:e47555f16f02711dc446d8bfb5ee6625d9c15688be7bc41a38dbac9a7bc8e103:segment:003,3,7101.0,7030,activities/067_260425073220.csv,1,1,0,0
fit:e47555f16f02711dc446d8bfb5ee6625d9c15688be7bc41a38dbac9a7bc8e103,2026-04-25T07:30:43+00:00,2455,391,162,80,7.375,773.4000000000001,16,fit:e47555f16f02711dc446d8bfb5ee6625d9c15688be7bc41a38dbac9a7bc8e103:segment:003,3,7102.0,7031,activities/067_260425073220.csv,1,1,0,0
fit:e47555f16f02711dc446d8bfb5ee6625d9c15688be7bc41a38dbac9a7bc8e103,2026-04-25T07:30:44+00:00,2456,380,165,78,7.269,773.8,16,fit:e47555f16f02711dc446d8bfb5ee6625d9c15688be7bc41a38dbac9a7bc8e103:segment:003,3,7103.0,7032,activities/067_260425073220.csv,1,1,0,0
fit:e47555f16f02711dc446d8bfb5ee6625d9c15688be7bc41a38dbac9a7bc8e103,2026-04-25T07:30:45+00:00,2457,396,166,77,7.016,773.8,16,fit:e47555f16f02711dc446d8bfb5ee6625d9c15688be7bc41a38dbac9a7bc8e103:segment:003,3,7104.0,7033,activities/067_260425073220.csv,1,1,0,0
fit:e47555f16f02711dc446d8bfb5ee6625d9c15688be7bc41a38dbac9a7bc8e103,2026-04-25T07:30:46+00:00,2458,389,166,77,6.892,773.8,16,fit:e47555f16f02711dc446d8bfb5ee6625d9c15688be7bc41a38dbac9a7bc8e103:segment:003,3,7105.0,7034,activities/067_260425073220.csv,1,1,0,0
fit:e47555f16f02711dc446d8bfb5ee6625d9c15688be7bc41a38dbac9a7bc8e103,2026-04-25T07:30:47+00:00,2459,357,167,77,6.744,773.8,16,fit:e47555f16f02711dc446d8bfb5ee6625d9c15688be7bc41a38dbac9a7bc8e103:segment:003,3,7106.0,7035,activities/067_260425073220.csv,1,1,0,0
fit:e47555f16f02711dc446d8bfb5ee6625d9c15688be7bc41a38dbac9a7bc8e103,2026-04-25T07:30:48+00:00,2460,308,168,79,6.785,774.5999999999999,16,fit:e47555f16f02711dc446d8bfb5ee6625d9c15688be7bc41a38dbac9a7bc8e103:segment:003,3,7107.0,7036,activities/067_260425073220.csv,1,1,0,0
fit:e47555f16f02711dc446d8bfb5ee6625d9c15688be7bc41a38dbac9a7bc8e103,2026-04-25T07:30:49+00:00,2461,313,169,80,6.823,775.5999999999999,16,fit:e47555f16f02711dc446d8bfb5ee6625d9c15688be7bc41a38dbac9a7bc8e103:segment:003,3,7108.0,7037,activities/067_260425073220.csv,1,1,0,0
fit:e47555f16f02711dc446d8bfb5ee6625d9c15688be7bc41a38dbac9a7bc8e103,2026-04-25T07:30:50+00:00,2462,311,169,84,6.994,775.5999999999999,16,fit:e47555f16f02711dc446d8bfb5ee6625d9c15688be7bc41a38dbac9a7bc8e103:segment:003,3,7109.0,7038,activities/067_260425073220.csv,1,1,0,0
fit:e47555f16f02711dc446d8bfb5ee6625d9c15688be7bc41a38dbac9a7bc8e103,2026-04-25T07:30:51+00:00,2463,299,169,85,7.205,776.0,16,fit:e47555f16f02711dc446d8bfb5ee6625d9c15688be7bc41a38dbac9a7bc8e103:segment:003,3,7110.0,7039,activities/067_260425073220.csv,1,1,0,0
fit:e47555f16f02711dc446d8bfb5ee6625d9c15688be7bc41a38dbac9a7bc8e103,2026-04-25T07:30:52+00:00,2464,268,169,86,7.362,776.0,16,fit:e47555f16f02711dc446d8bfb5ee6625d9c15688be7bc41a38dbac9a7bc8e103:segment:003,3,7111.0,7040,activities/067_260425073220.csv,1,1,0,0
fit:e47555f16f02711dc446d8bfb5ee6625d9c15688be7bc41a38dbac9a7bc8e103,2026-04-25T07:30:53+00:00,2465,265,169,88,7.548,776.0,16,fit:e47555f16f02711dc446d8bfb5ee6625d9c15688be7bc41a38dbac9a7bc8e103:segment:003,3,7112.0,7041,activities/067_260425073220.csv,1,1,0,0
fit:e47555f16f02711dc446d8bfb5ee6625d9c15688be7bc41a38dbac9a7bc8e103,2026-04-25T07:30:54+00:00,2466,246,169,89,7.677,776.0,16,fit:e47555f16f02711dc446d8bfb5ee6625d9c15688be7bc41a38dbac9a7bc8e103:segment:003,3,7113.0,7042,activities/067_260425073220.csv,1,1,0,0
fit:e47555f16f02711dc446d8bfb5ee6625d9c15688be7bc41a38dbac9a7bc8e103,2026-04-25T07:30:55+00:00,2467,206,169,89,7.771,776.0,16,fit:e47555f16f02711dc446d8bfb5ee6625d9c15688be7bc41a38dbac9a7bc8e103:segment:003,3,7114.0,7043,activities/067_260425073220.csv,1,1,0,0
fit:e47555f16f02711dc446d8bfb5ee6625d9c15688be7bc41a38dbac9a7bc8e103,2026-04-25T07:30:56+00:00,2468,236,169,89,7.815,775.8,16,fit:e47555f16f02711dc446d8bfb5ee6625d9c15688be7bc41a38dbac9a7bc8e103:segment:003,3,7115.0,7044,activities/067_260425073220.csv,1,1,0,0
fit:e47555f16f02711dc446d8bfb5ee6625d9c15688be7bc41a38dbac9a7bc8e103,2026-04-25T07:30:57+00:00,2469,235,169,89,7.878,775.8,16,fit:e47555f16f02711dc446d8bfb5ee6625d9c15688be7bc41a38dbac9a7bc8e103:segment:003,3,7116.0,7045,activities/067_260425073220.csv,1,1,0,0
fit:e47555f16f02711dc446d8bfb5ee6625d9c15688be7bc41a38dbac9a7bc8e103,2026-04-25T07:30:58+00:00,2470,261,169,80,7.951,775.8,16,fit:e47555f16f02711dc446d8bfb5ee6625d9c15688be7bc41a38dbac9a7bc8e103:segment:003,3,7117.0,7046,activities/067_260425073220.csv,1,1,0,0
fit:e47555f16f02711dc446d8bfb5ee6625d9c15688be7bc41a38dbac9a7bc8e103,2026-04-25T07:30:59+00:00,2471,328,169,81,7.989,776.2,16,fit:e47555f16f02711dc446d8bfb5ee6625d9c15688be7bc41a38dbac9a7bc8e103:segment:003,3,7118.0,7047,activities/067_260425073220.csv,1,1,0,0
fit:e47555f16f02711dc446d8bfb5ee6625d9c15688be7bc41a38dbac9a7bc8e103,2026-04-25T07:31:00+00:00,2472,315,169,80,7.978,776.5999999999999,16,fit:e47555f16f02711dc446d8bfb5ee6625d9c15688be7bc41a38dbac9a7bc8e103:segment:003,3,7119.0,7048,activities/067_260425073220.csv,1,1,0,0
fit:e47555f16f02711dc446d8bfb5ee6625d9c15688be7bc41a38dbac9a7bc8e103,2026-04-25T07:31:01+00:00,2473,269,169,80,7.834,777.4000000000001,16,fit:e47555f16f02711dc446d8bfb5ee6625d9c15688be7bc41a38dbac9a7bc8e103:segment:003,3,7120.0,7049,activities/067_260425073220.csv,1,1,0,0
fit:e47555f16f02711dc446d8bfb5ee6625d9c15688be7bc41a38dbac9a7bc8e103,2026-04-25T07:31:02+00:00,2474,269,169,78,7.843,777.4000000000001,16,fit:e47555f16f02711dc446d8bfb5ee6625d9c15688be7bc41a38dbac9a7bc8e103:segment:003,3,7121.0,7050,activities/067_260425073220.csv,1,1,0,0
fit:e47555f16f02711dc446d8bfb5ee6625d9c15688be7bc41a38dbac9a7bc8e103,2026-04-25T07:31:03+00:00,2475,263,169,78,7.614,777.4000000000001,16,fit:e47555f16f02711dc446d8bfb5ee6625d9c15688be7bc41a38dbac9a7bc8e103:segment:003,3,7122.0,7051,activities/067_260425073220.csv,1,1,0,0
fit:e47555f16f02711dc446d8bfb5ee6625d9c15688be7bc41a38dbac9a7bc8e103,2026-04-25T07:31:04+00:00,2476,335,169,82,7.404,777.4000000000001,16,fit:e47555f16f02711dc446d8bfb5ee6625d9c15688be7bc41a38dbac9a7bc8e103:segment:003,3,7123.0,7052,activities/067_260425073220.csv,1,1,0,0
fit:e47555f16f02711dc446d8bfb5ee6625d9c15688be7bc41a38dbac9a7bc8e103,2026-04-25T07:31:05+00:00,2477,352,169,82,7.119,777.4000000000001,16,fit:e47555f16f02711dc446d8bfb5ee6625d9c15688be7bc41a38dbac9a7bc8e103:segment:003,3,7124.0,7053,activities/067_260425073220.csv,1,1,0,0
fit:e47555f16f02711dc446d8bfb5ee6625d9c15688be7bc41a38dbac9a7bc8e103,2026-04-25T07:31:06+00:00,2478,329,170,74,7.078,778.4000000000001,16,fit:e47555f16f02711dc446d8bfb5ee6625d9c15688be7bc41a38dbac9a7bc8e103:segment:003,3,7125.0,7054,activities/067_260425073220.csv,1,1,0,0
fit:e47555f16f02711dc446d8bfb5ee6625d9c15688be7bc41a38dbac9a7bc8e103,2026-04-25T07:31:07+00:00,2479,254,170,74,6.633,779.4000000000001,16,fit:e47555f16f02711dc446d8bfb5ee6625d9c15688be7bc41a38dbac9a7bc8e103:segment:003,3,7126.0,7055,activities/067_260425073220.csv,1,1,0,0
fit:e47555f16f02711dc446d8bfb5ee6625d9c15688be7bc41a38dbac9a7bc8e103,2026-04-25T07:31:08+00:00,2480,280,170,78,6.496,780.4000000000001,16,fit:e47555f16f02711dc446d8bfb5ee6625d9c15688be7bc41a38dbac9a7bc8e103:segment:003,3,7127.0,7056,activities/067_260425073220.csv,1,1,0,0
fit:e47555f16f02711dc446d8bfb5ee6625d9c15688be7bc41a38dbac9a7bc8e103,2026-04-25T07:31:09+00:00,2481,383,171,74,6.078,780.4000000000001,16,fit:e47555f16f02711dc446d8bfb5ee6625d9c15688be7bc41a38dbac9a7bc8e103:segment:003,3,7128.0,7057,activities/067_260425073220.csv,1,1,0,0
fit:e47555f16f02711dc446d8bfb5ee6625d9c15688be7bc41a38dbac9a7bc8e103,2026-04-25T07:31:10+00:00,2482,335,171,73,5.584,780.4000000000001,16,fit:e47555f16f02711dc446d8bfb5ee6625d9c15688be7bc41a38dbac9a7bc8e103:segment:003,3,7129.0,7058,activities/067_260425073220.csv,1,1,0,0
fit:e47555f16f02711dc446d8bfb5ee6625d9c15688be7bc41a38dbac9a7bc8e103,2026-04-25T07:31:11+00:00,2483,300,171,72,5.239,780.4000000000001,16,fit:e47555f16f02711dc446d8bfb5ee6625d9c15688be7bc41a38dbac9a7bc8e103:segment:003,3,7130.0,7059,activities/067_260425073220.csv,1,1,0,0
fit:e47555f16f02711dc446d8bfb5ee6625d9c15688be7bc41a38dbac9a7bc8e103,2026-04-25T07:31:12+00:00,2484,310,171,73,5.01,781.4000000000001,16,fit:e47555f16f02711dc446d8bfb5ee6625d9c15688be7bc41a38dbac9a7bc8e103:segment:003,3,7131.0,7060,activities/067_260425073220.csv,1,1,0,0
fit:e47555f16f02711dc446d8bfb5ee6625d9c15688be7bc41a38dbac9a7bc8e103,2026-04-25T07:31:13+00:00,2485,311,171,74,5.124,782.4000000000001,16,fit:e47555f16f02711dc446d8bfb5ee6625d9c15688be7bc41a38dbac9a7bc8e103:segment:003,3,7132.0,7061,activities/067_260425073220.csv,1,1,0,0
fit:e47555f16f02711dc446d8bfb5ee6625d9c15688be7bc41a38dbac9a7bc8e103,2026-04-25T07:31:14+00:00,2486,317,172,77,5.222,782.8,16,fit:e47555f16f02711dc446d8bfb5ee6625d9c15688be7bc41a38dbac9a7bc8e103:segment:003,3,7133.0,7062,activities/067_260425073220.csv,1,1,0,0
fit:e47555f16f02711dc446d8bfb5ee6625d9c15688be7bc41a38dbac9a7bc8e103,2026-04-25T07:31:15+00:00,2487,276,172,79,5.443,783.0,16,fit:e47555f16f02711dc446d8bfb5ee6625d9c15688be7bc41a38dbac9a7bc8e103:segment:003,3,7134.0,7063,activities/067_260425073220.csv,1,1,0,0
fit:e47555f16f02711dc446d8bfb5ee6625d9c15688be7bc41a38dbac9a7bc8e103,2026-04-25T07:31:16+00:00,2488,274,172,82,5.815,784.0,16,fit:e47555f16f02711dc446d8bfb5ee6625d9c15688be7bc41a38dbac9a7bc8e103:segment:003,3,7135.0,7064,activities/067_260425073220.csv,1,1,0,0
fit:e47555f16f02711dc446d8bfb5ee6625d9c15688be7bc41a38dbac9a7bc8e103,2026-04-25T07:31:17+00:00,2489,317,172,85,6.031,784.0,16,fit:e47555f16f02711dc446d8bfb5ee6625d9c15688be7bc41a38dbac9a7bc8e103:segment:003,3,7136.0,7065,activities/067_260425073220.csv,1,1,0,0
fit:e47555f16f02711dc446d8bfb5ee6625d9c15688be7bc41a38dbac9a7bc8e103,2026-04-25T07:31:18+00:00,2490,331,172,88,6.377,784.0,16,fit:e47555f16f02711dc446d8bfb5ee6625d9c15688be7bc41a38dbac9a7bc8e103:segment:003,3,7137.0,7066,activities/067_260425073220.csv,1,1,0,0
fit:e47555f16f02711dc446d8bfb5ee6625d9c15688be7bc41a38dbac9a7bc8e103,2026-04-25T07:31:19+00:00,2491,321,172,88,6.617,783.4000000000001,16,fit:e47555f16f02711dc446d8bfb5ee6625d9c15688be7bc41a38dbac9a7bc8e103:segment:003,3,7138.0,7067,activities/067_260425073220.csv,1,1,0,0
fit:e47555f16f02711dc446d8bfb5ee6625d9c15688be7bc41a38dbac9a7bc8e103,2026-04-25T07:31:20+00:00,2492,142,172,85,6.76,783.0,16,fit:e47555f16f02711dc446d8bfb5ee6625d9c15688be7bc41a38dbac9a7bc8e103:segment:003,3,7139.0,7068,activities/067_260425073220.csv,1,1,0,0
fit:e47555f16f02711dc446d8bfb5ee6625d9c15688be7bc41a38dbac9a7bc8e103,2026-04-25T07:31:21+00:00,2493,354,172,76,6.797,783.0,16,fit:e47555f16f02711dc446d8bfb5ee6625d9c15688be7bc41a38dbac9a7bc8e103:segment:003,3,7140.0,7069,activities/067_260425073220.csv,1,1,0,0
fit:e47555f16f02711dc446d8bfb5ee6625d9c15688be7bc41a38dbac9a7bc8e103,2026-04-25T07:31:22+00:00,2494,333,173,77,6.864,783.0,16,fit:e47555f16f02711dc446d8bfb5ee6625d9c15688be7bc41a38dbac9a7bc8e103:segment:003,3,7141.0,7070,activities/067_260425073220.csv,1,1,0,0
fit:e47555f16f02711dc446d8bfb5ee6625d9c15688be7bc41a38dbac9a7bc8e103,2026-04-25T07:31:23+00:00,2495,304,173,80,6.961,783.5999999999999,16,fit:e47555f16f02711dc446d8bfb5ee6625d9c15688be7bc41a38dbac9a7bc8e103:segment:003,3,7142.0,7071,activities/067_260425073220.csv,1,1,0,0
fit:e47555f16f02711dc446d8bfb5ee6625d9c15688be7bc41a38dbac9a7bc8e103,2026-04-25T07:31:24+00:00,2496,251,173,80,6.985,783.5999999999999,16,fit:e47555f16f02711dc446d8bfb5ee6625d9c15688be7bc41a38dbac9a7bc8e103:segment:003,3,7143.0,7072,activities/067_260425073220.csv,1,1,0,0
fit:e47555f16f02711dc446d8bfb5ee6625d9c15688be7bc41a38dbac9a7bc8e103,2026-04-25T07:31:25+00:00,2497,302,173,79,7.066,783.5999999999999,16,fit:e47555f16f02711dc446d8bfb5ee6625d9c15688be7bc41a38dbac9a7bc8e103:segment:003,3,7144.0,7073,activities/067_260425073220.csv,1,1,0,0
fit:e47555f16f02711dc446d8bfb5ee6625d9c15688be7bc41a38dbac9a7bc8e103,2026-04-25T07:31:26+00:00,2498,351,174,79,7.139,783.5999999999999,16,fit:e47555f16f02711dc446d8bfb5ee6625d9c15688be7bc41a38dbac9a7bc8e103:segment:003,3,7145.0,7074,activities/067_260425073220.csv,1,1,0,0
fit:e47555f16f02711dc446d8bfb5ee6625d9c15688be7bc41a38dbac9a7bc8e103,2026-04-25T07:31:27+00:00,2499,325,174,79,6.971,784.5999999999999,16,fit:e47555f16f02711dc446d8bfb5ee6625d9c15688be7bc41a38dbac9a7bc8e103:segment:003,3,7146.0,7075,activities/067_260425073220.csv,1,1,0,0
fit:e47555f16f02711dc446d8bfb5ee6625d9c15688be7bc41a38dbac9a7bc8e103,2026-04-25T07:31:28+00:00,2500,325,174,79,6.956,785.2,16,fit:e47555f16f02711dc446d8bfb5ee6625d9c15688be7bc41a38dbac9a7bc8e103:segment:003,3,7147.0,7076,activities/067_260425073220.csv,1,1,0,0
fit:e47555f16f02711dc446d8bfb5ee6625d9c15688be7bc41a38dbac9a7bc8e103,2026-04-25T07:31:29+00:00,2501,308,174,79,6.94,785.2,16,fit:e47555f16f02711dc446d8bfb5ee6625d9c15688be7bc41a38dbac9a7bc8e103:segment:003,3,7148.0,7077,activities/067_260425073220.csv,1,1,0,0
fit:e47555f16f02711dc446d8bfb5ee6625d9c15688be7bc41a38dbac9a7bc8e103,2026-04-25T07:31:30+00:00,2502,319,174,79,6.905,785.2,16,fit:e47555f16f02711dc446d8bfb5ee6625d9c15688be7bc41a38dbac9a7bc8e103:segment:003,3,7149.0,7078,activities/067_260425073220.csv,1,1,0,0
fit:e47555f16f02711dc446d8bfb5ee6625d9c15688be7bc41a38dbac9a7bc8e103,2026-04-25T07:31:31+00:00,2503,232,174,78,7.029,785.2,16,fit:e47555f16f02711dc446d8bfb5ee6625d9c15688be7bc41a38dbac9a7bc8e103:segment:003,3,7150.0,7079,activities/067_260425073220.csv,1,1,0,0
fit:e47555f16f02711dc446d8bfb5ee6625d9c15688be7bc41a38dbac9a7bc8e103,2026-04-25T07:31:32+00:00,2504,191,174,78,7.047,785.5999999999999,16,fit:e47555f16f02711dc446d8bfb5ee6625d9c15688be7bc41a38dbac9a7bc8e103:segment:003,3,7151.0,7080,activities/067_260425073220.csv,1,1,0,0
fit:e47555f16f02711dc446d8bfb5ee6625d9c15688be7bc41a38dbac9a7bc8e103,2026-04-25T07:31:33+00:00,2505,149,174,80,7.034,785.5999999999999,16,fit:e47555f16f02711dc446d8bfb5ee6625d9c15688be7bc41a38dbac9a7bc8e103:segment:003,3,7152.0,7081,activities/067_260425073220.csv,1,1,0,0
fit:e47555f16f02711dc446d8bfb5ee6625d9c15688be7bc41a38dbac9a7bc8e103,2026-04-25T07:31:34+00:00,2506,136,174,85,7.189,785.5999999999999,16,fit:e47555f16f02711dc446d8bfb5ee6625d9c15688be7bc41a38dbac9a7bc8e103:segment:003,3,7153.0,7082,activities/067_260425073220.csv,1,1,0,0
fit:e47555f16f02711dc446d8bfb5ee6625d9c15688be7bc41a38dbac9a7bc8e103,2026-04-25T07:31:35+00:00,2507,125,174,88,7.404,785.5999999999999,16,fit:e47555f16f02711dc446d8bfb5ee6625d9c15688be7bc41a38dbac9a7bc8e103:segment:003,3,7154.0,7083,activities/067_260425073220.csv,1,1,0,0
fit:e47555f16f02711dc446d8bfb5ee6625d9c15688be7bc41a38dbac9a7bc8e103,2026-04-25T07:31:36+00:00,2508,215,173,86,7.6,785.5999999999999,16,fit:e47555f16f02711dc446d8bfb5ee6625d9c15688be7bc41a38dbac9a7bc8e103:segment:003,3,7155.0,7084,activities/067_260425073220.csv,1,1,0,0
fit:e47555f16f02711dc446d8bfb5ee6625d9c15688be7bc41a38dbac9a7bc8e103,2026-04-25T07:31:37+00:00,2509,143,173,85,7.783,784.8,16,fit:e47555f16f02711dc446d8bfb5ee6625d9c15688be7bc41a38dbac9a7bc8e103:segment:003,3,7156.0,7085,activities/067_260425073220.csv,1,1,0,0
fit:e47555f16f02711dc446d8bfb5ee6625d9c15688be7bc41a38dbac9a7bc8e103,2026-04-25T07:31:38+00:00,2510,196,172,90,8.079,784.4000000000001,16,fit:e47555f16f02711dc446d8bfb5ee6625d9c15688be7bc41a38dbac9a7bc8e103:segment:003,3,7157.0,7086,activities/067_260425073220.csv,1,1,0,0
fit:e47555f16f02711dc446d8bfb5ee6625d9c15688be7bc41a38dbac9a7bc8e103,2026-04-25T07:31:39+00:00,2511,272,172,86,8.358,783.4000000000001,16,fit:e47555f16f02711dc446d8bfb5ee6625d9c15688be7bc41a38dbac9a7bc8e103:segment:003,3,7158.0,7087,activities/067_260425073220.csv,1,1,0,0
fit:e47555f16f02711dc446d8bfb5ee6625d9c15688be7bc41a38dbac9a7bc8e103,2026-04-25T07:31:40+00:00,2512,136,172,88,8.713,783.4000000000001,16,fit:e47555f16f02711dc446d8bfb5ee6625d9c15688be7bc41a38dbac9a7bc8e103:segment:003,3,7159.0,7088,activities/067_260425073220.csv,1,1,0,0
fit:e47555f16f02711dc446d8bfb5ee6625d9c15688be7bc41a38dbac9a7bc8e103,2026-04-25T07:31:41+00:00,2513,102,171,91,9.271,783.4000000000001,16,fit:e47555f16f02711dc446d8bfb5ee6625d9c15688be7bc41a38dbac9a7bc8e103:segment:003,3,7160.0,7089,activities/067_260425073220.csv,1,1,0,0
fit:e47555f16f02711dc446d8bfb5ee6625d9c15688be7bc41a38dbac9a7bc8e103,2026-04-25T07:31:42+00:00,2514,137,171,92,9.611,783.4000000000001,16,fit:e47555f16f02711dc446d8bfb5ee6625d9c15688be7bc41a38dbac9a7bc8e103:segment:003,3,7161.0,7090,activities/067_260425073220.csv,1,1,0,0
fit:e47555f16f02711dc446d8bfb5ee6625d9c15688be7bc41a38dbac9a7bc8e103,2026-04-25T07:31:43+00:00,2515,120,170,93,9.78,782.4000000000001,16,fit:e47555f16f02711dc446d8bfb5ee6625d9c15688be7bc41a38dbac9a7bc8e103:segment:003,3,7162.0,7091,activities/067_260425073220.csv,1,1,0,0
fit:e47555f16f02711dc446d8bfb5ee6625d9c15688be7bc41a38dbac9a7bc8e103,2026-04-25T07:31:44+00:00,2516,125,170,88,9.963,781.8,16,fit:e47555f16f02711dc446d8bfb5ee6625d9c15688be7bc41a38dbac9a7bc8e103:segment:003,3,7163.0,7092,activities/067_260425073220.csv,1,1,0,0
fit:e47555f16f02711dc446d8bfb5ee6625d9c15688be7bc41a38dbac9a7bc8e103,2026-04-25T07:31:45+00:00,2517,229,170,87,10.329,781.2,16,fit:e47555f16f02711dc446d8bfb5ee6625d9c15688be7bc41a38dbac9a7bc8e103:segment:003,3,7164.0,7093,activities/067_260425073220.csv,1,1,0,0
fit:e47555f16f02711dc446d8bfb5ee6625d9c15688be7bc41a38dbac9a7bc8e103,2026-04-25T07:31:46+00:00,2518,114,170,88,10.596,781.0,16,fit:e47555f16f02711dc446d8bfb5ee6625d9c15688be7bc41a38dbac9a7bc8e103:segment:003,3,7165.0,7094,activities/067_260425073220.csv,1,1,0,0
fit:e47555f16f02711dc446d8bfb5ee6625d9c15688be7bc41a38dbac9a7bc8e103,2026-04-25T07:31:47+00:00,2519,114,170,90,10.776,780.2,16,fit:e47555f16f02711dc446d8bfb5ee6625d9c15688be7bc41a38dbac9a7bc8e103:segment:003,3,7166.0,7095,activities/067_260425073220.csv,1,1,0,0
fit:e47555f16f02711dc446d8bfb5ee6625d9c15688be7bc41a38dbac9a7bc8e103,2026-04-25T07:31:48+00:00,2520,124,169,93,11.068,779.4000000000001,16,fit:e47555f16f02711dc446d8bfb5ee6625d9c15688be7bc41a38dbac9a7bc8e103:segment:003,3,7167.0,7096,activities/067_260425073220.csv,1,1,0,0
fit:e47555f16f02711dc446d8bfb5ee6625d9c15688be7bc41a38dbac9a7bc8e103,2026-04-25T07:31:49+00:00,2521,124,169,93,11.359,778.5999999999999,16,fit:e47555f16f02711dc446d8bfb5ee6625d9c15688be7bc41a38dbac9a7bc8e103:segment:003,3,7168.0,7097,activities/067_260425073220.csv,1,1,0,0
fit:e47555f16f02711dc446d8bfb5ee6625d9c15688be7bc41a38dbac9a7bc8e103,2026-04-25T07:31:50+00:00,2522,124,169,93,11.507,778.4000000000001,16,fit:e47555f16f02711dc446d8bfb5ee6625d9c15688be7bc41a38dbac9a7bc8e103:segment:003,3,7169.0,7098,activities/067_260425073220.csv,1,1,0,0
fit:e47555f16f02711dc446d8bfb5ee6625d9c15688be7bc41a38dbac9a7bc8e103,2026-04-25T07:31:51+00:00,2523,124,168,93,11.587,777.4000000000001,16,fit:e47555f16f02711dc446d8bfb5ee6625d9c15688be7bc41a38dbac9a7bc8e103:segment:003,3,7170.0,7099,activities/067_260425073220.csv,1,1,0,0
fit:e47555f16f02711dc446d8bfb5ee6625d9c15688be7bc41a38dbac9a7bc8e103,2026-04-25T07:31:52+00:00,2524,36,168,27,11.634,776.4000000000001,16,fit:e47555f16f02711dc446d8bfb5ee6625d9c15688be7bc41a38dbac9a7bc8e103:segment:003,3,7171.0,7100,activities/067_260425073220.csv,1,1,0,0
fit:e47555f16f02711dc446d8bfb5ee6625d9c15688be7bc41a38dbac9a7bc8e103,2026-04-25T07:31:53+00:00,2525,36,167,27,11.747,776.0,16,fit:e47555f16f02711dc446d8bfb5ee6625d9c15688be7bc41a38dbac9a7bc8e103:segment:003,3,7172.0,7101,activities/067_260425073220.csv,1,1,0,0
fit:e47555f16f02711dc446d8bfb5ee6625d9c15688be7bc41a38dbac9a7bc8e103,2026-04-25T07:31:54+00:00,2526,41,166,28,11.872,776.0,16,fit:e47555f16f02711dc446d8bfb5ee6625d9c15688be7bc41a38dbac9a7bc8e103:segment:003,3,7173.0,7102,activities/067_260425073220.csv,1,1,0,0
fit:e47555f16f02711dc446d8bfb5ee6625d9c15688be7bc41a38dbac9a7bc8e103,2026-04-25T07:31:55+00:00,2527,196,165,100,12.072,776.0,16,fit:e47555f16f02711dc446d8bfb5ee6625d9c15688be7bc41a38dbac9a7bc8e103:segment:003,3,7174.0,7103,activities/067_260425073220.csv,1,1,0,0
fit:e47555f16f02711dc446d8bfb5ee6625d9c15688be7bc41a38dbac9a7bc8e103,2026-04-25T07:31:56+00:00,2528,223,164,102,12.102,776.0,16,fit:e47555f16f02711dc446d8bfb5ee6625d9c15688be7bc41a38dbac9a7bc8e103:segment:003,3,7175.0,7104,activities/067_260425073220.csv,1,1,0,0
fit:e47555f16f02711dc446d8bfb5ee6625d9c15688be7bc41a38dbac9a7bc8e103,2026-04-25T07:31:57+00:00,2529,223,164,102,12.325,776.0,16,fit:e47555f16f02711dc446d8bfb5ee6625d9c15688be7bc41a38dbac9a7bc8e103:segment:003,3,7176.0,7105,activities/067_260425073220.csv,1,1,0,0
fit:e47555f16f02711dc446d8bfb5ee6625d9c15688be7bc41a38dbac9a7bc8e103,2026-04-25T07:31:58+00:00,2530,223,162,102,12.607,775.0,16,fit:e47555f16f02711dc446d8bfb5ee6625d9c15688be7bc41a38dbac9a7bc8e103:segment:003,3,7177.0,7106,activities/067_260425073220.csv,1,1,0,0
fit:e47555f16f02711dc446d8bfb5ee6625d9c15688be7bc41a38dbac9a7bc8e103,2026-04-25T07:31:59+00:00,2531,251,162,90,12.748,774.0,16,fit:e47555f16f02711dc446d8bfb5ee6625d9c15688be7bc41a38dbac9a7bc8e103:segment:003,3,7178.0,7107,activities/067_260425073220.csv,1,1,0,0
fit:e47555f16f02711dc446d8bfb5ee6625d9c15688be7bc41a38dbac9a7bc8e103,2026-04-25T07:32:00+00:00,2532,231,161,100,12.739,773.0,16,fit:e47555f16f02711dc446d8bfb5ee6625d9c15688be7bc41a38dbac9a7bc8e103:segment:003,3,7179.0,7108,activities/067_260425073220.csv,1,1,0,0
fit:e47555f16f02711dc446d8bfb5ee6625d9c15688be7bc41a38dbac9a7bc8e103,2026-04-25T07:32:01+00:00,2533,291,161,98,12.793,773.0,16,fit:e47555f16f02711dc446d8bfb5ee6625d9c15688be7bc41a38dbac9a7bc8e103:segment:003,3,7180.0,7109,activities/067_260425073220.csv,1,1,0,0
fit:e47555f16f02711dc446d8bfb5ee6625d9c15688be7bc41a38dbac9a7bc8e103,2026-04-25T07:32:02+00:00,2534,425,160,94,12.591,773.0,16,fit:e47555f16f02711dc446d8bfb5ee6625d9c15688be7bc41a38dbac9a7bc8e103:segment:003,3,7181.0,7110,activities/067_260425073220.csv,1,1,0,0
fit:e47555f16f02711dc446d8bfb5ee6625d9c15688be7bc41a38dbac9a7bc8e103,2026-04-25T07:32:03+00:00,2535,337,159,91,12.234,773.8,16,fit:e47555f16f02711dc446d8bfb5ee6625d9c15688be7bc41a38dbac9a7bc8e103:segment:003,3,7182.0,7111,activities/067_260425073220.csv,1,1,0,0
fit:e47555f16f02711dc446d8bfb5ee6625d9c15688be7bc41a38dbac9a7bc8e103,2026-04-25T07:32:04+00:00,2536,486,159,95,11.805,774.8,16,fit:e47555f16f02711dc446d8bfb5ee6625d9c15688be7bc41a38dbac9a7bc8e103:segment:003,3,7183.0,7112,activities/067_260425073220.csv,1,1,0,0
fit:e47555f16f02711dc446d8bfb5ee6625d9c15688be7bc41a38dbac9a7bc8e103,2026-04-25T07:32:05+00:00,2537,442,158,88,11.218,775.8,16,fit:e47555f16f02711dc446d8bfb5ee6625d9c15688be7bc41a38dbac9a7bc8e103:segment:003,3,7184.0,7113,activities/067_260425073220.csv,1,1,0,0
fit:e47555f16f02711dc446d8bfb5ee6625d9c15688be7bc41a38dbac9a7bc8e103,2026-04-25T07:32:06+00:00,2538,411,157,84,10.65,776.8,16,fit:e47555f16f02711dc446d8bfb5ee6625d9c15688be7bc41a38dbac9a7bc8e103:segment:003,3,7185.0,7114,activities/067_260425073220.csv,1,1,0,0
fit:e47555f16f02711dc446d8bfb5ee6625d9c15688be7bc41a38dbac9a7bc8e103,2026-04-25T07:32:07+00:00,2539,482,157,86,10.16,776.8,16,fit:e47555f16f02711dc446d8bfb5ee6625d9c15688be7bc41a38dbac9a7bc8e103:segment:003,3,7186.0,7115,activities/067_260425073220.csv,1,1,0,0
fit:e47555f16f02711dc446d8bfb5ee6625d9c15688be7bc41a38dbac9a7bc8e103,2026-04-25T07:32:08+00:00,2540,487,157,85,9.408,776.8,16,fit:e47555f16f02711dc446d8bfb5ee6625d9c15688be7bc41a38dbac9a7bc8e103:segment:003,3,7187.0,7116,activities/067_260425073220.csv,1,1,0,0
fit:e47555f16f02711dc446d8bfb5ee6625d9c15688be7bc41a38dbac9a7bc8e103,2026-04-25T07:32:09+00:00,2541,472,156,79,8.794,776.8,16,fit:e47555f16f02711dc446d8bfb5ee6625d9c15688be7bc41a38dbac9a7bc8e103:segment:003,3,7188.0,7117,activities/067_260425073220.csv,1,1,0,0
fit:e47555f16f02711dc446d8bfb5ee6625d9c15688be7bc41a38dbac9a7bc8e103,2026-04-25T07:32:10+00:00,2542,447,156,77,8.336,777.8,16,fit:e47555f16f02711dc446d8bfb5ee6625d9c15688be7bc41a38dbac9a7bc8e103:segment:003,3,7189.0,7118,activities/067_260425073220.csv,1,1,0,0
fit:e47555f16f02711dc446d8bfb5ee6625d9c15688be7bc41a38dbac9a7bc8e103,2026-04-25T07:32:11+00:00,2543,440,157,77,7.881,778.8,16,fit:e47555f16f02711dc446d8bfb5ee6625d9c15688be7bc41a38dbac9a7bc8e103:segment:003,3,7190.0,7119,activities/067_260425073220.csv,1,1,0,0
fit:e47555f16f02711dc446d8bfb5ee6625d9c15688be7bc41a38dbac9a7bc8e103,2026-04-25T07:32:12+00:00,2544,268,157,81,7.477,779.8,16,fit:e47555f16f02711dc446d8bfb5ee6625d9c15688be7bc41a38dbac9a7bc8e103:segment:003,3,7191.0,7120,activities/067_260425073220.csv,1,1,0,0
fit:e47555f16f02711dc446d8bfb5ee6625d9c15688be7bc41a38dbac9a7bc8e103,2026-04-25T07:32:13+00:00,2545,425,158,81,6.944,780.8,16,fit:e47555f16f02711dc446d8bfb5ee6625d9c15688be7bc41a38dbac9a7bc8e103:segment:003,3,7192.0,7121,activities/067_260425073220.csv,1,1,0,0
fit:e47555f16f02711dc446d8bfb5ee6625d9c15688be7bc41a38dbac9a7bc8e103,2026-04-25T07:32:14+00:00,2546,425,159,80,6.674,781.8,16,fit:e47555f16f02711dc446d8bfb5ee6625d9c15688be7bc41a38dbac9a7bc8e103:segment:003,3,7193.0,7122,activities/067_260425073220.csv,1,1,0,0
fit:e47555f16f02711dc446d8bfb5ee6625d9c15688be7bc41a38dbac9a7bc8e103,2026-04-25T07:32:15+00:00,2547,309,160,81,6.359,782.8,16,fit:e47555f16f02711dc446d8bfb5ee6625d9c15688be7bc41a38dbac9a7bc8e103:segment:003,3,7194.0,7123,activities/067_260425073220.csv,1,1,0,0
fit:e47555f16f02711dc446d8bfb5ee6625d9c15688be7bc41a38dbac9a7bc8e103,2026-04-25T07:32:16+00:00,2548,437,160,83,6.148,783.8,16,fit:e47555f16f02711dc446d8bfb5ee6625d9c15688be7bc41a38dbac9a7bc8e103:segment:003,3,7195.0,7124,activities/067_260425073220.csv,1,1,0,0
fit:e47555f16f02711dc446d8bfb5ee6625d9c15688be7bc41a38dbac9a7bc8e103,2026-04-25T07:32:17+00:00,2549,456,160,83,5.941,784.8,16,fit:e47555f16f02711dc446d8bfb5ee6625d9c15688be7bc41a38dbac9a7bc8e103:segment:003,3,7196.0,7125,activities/067_260425073220.csv,1,1,0,0
fit:e47555f16f02711dc446d8bfb5ee6625d9c15688be7bc41a38dbac9a7bc8e103,2026-04-25T07:32:18+00:00,2550,486,161,83,5.804,785.8,16,fit:e47555f16f02711dc446d8bfb5ee6625d9c15688be7bc41a38dbac9a7bc8e103:segment:003,3,7197.0,7126,activities/067_260425073220.csv,1,1,0,0
fit:e47555f16f02711dc446d8bfb5ee6625d9c15688be7bc41a38dbac9a7bc8e103,2026-04-25T07:32:19+00:00,2551,586,162,83,5.77,786.8,16,fit:e47555f16f02711dc446d8bfb5ee6625d9c15688be7bc41a38dbac9a7bc8e103:segment:003,3,7198.0,7127,activities/067_260425073220.csv,1,1,0,0
fit:e47555f16f02711dc446d8bfb5ee6625d9c15688be7bc41a38dbac9a7bc8e103,2026-04-25T07:32:20+00:00,2552,466,162,85,5.652,787.8,16,fit:e47555f16f02711dc446d8bfb5ee6625d9c15688be7bc41a38dbac9a7bc8e103:segment:003,3,7199.0,7128,activities/067_260425073220.csv,1,1,0,0
fit:e47555f16f02711dc446d8bfb5ee6625d9c15688be7bc41a38dbac9a7bc8e103,2026-04-25T07:32:21+00:00,2553,469,163,86,5.756,787.8,16,fit:e47555f16f02711dc446d8bfb5ee6625d9c15688be7bc41a38dbac9a7bc8e103:segment:003,3,7200.0,7129,activities/067_260425073220.csv,1,1,0,0
fit:e47555f16f02711dc446d8bfb5ee6625d9c15688be7bc41a38dbac9a7bc8e103,2026-04-25T07:32:22+00:00,2554,441,163,86,5.76,787.8,16,fit:e47555f16f02711dc446d8bfb5ee6625d9c15688be7bc41a38dbac9a7bc8e103:segment:003,3,7201.0,7130,activities/067_260425073220.csv,1,1,0,0
fit:e47555f16f02711dc446d8bfb5ee6625d9c15688be7bc41a38dbac9a7bc8e103,2026-04-25T07:32:23+00:00,2555,441,164,86,6.052,787.8,16,fit:e47555f16f02711dc446d8bfb5ee6625d9c15688be7bc41a38dbac9a7bc8e103:segment:003,3,7202.0,7131,activities/067_260425073220.csv,1,1,0,0
fit:e47555f16f02711dc446d8bfb5ee6625d9c15688be7bc41a38dbac9a7bc8e103,2026-04-25T07:32:24+00:00,2556,425,164,86,5.857,787.8,16,fit:e47555f16f02711dc446d8bfb5ee6625d9c15688be7bc41a38dbac9a7bc8e103:segment:003,3,7203.0,7132,activities/067_260425073220.csv,1,1,0,0
fit:e47555f16f02711dc446d8bfb5ee6625d9c15688be7bc41a38dbac9a7bc8e103,2026-04-25T07:32:25+00:00,2557,400,165,87,5.822,787.8,16,fit:e47555f16f02711dc446d8bfb5ee6625d9c15688be7bc41a38dbac9a7bc8e103:segment:003,3,7204.0,7133,activities/067_260425073220.csv,1,1,0,0
fit:e47555f16f02711dc446d8bfb5ee6625d9c15688be7bc41a38dbac9a7bc8e103,2026-04-25T07:32:26+00:00,2558,401,166,87,5.833,788.8,16,fit:e47555f16f02711dc446d8bfb5ee6625d9c15688be7bc41a38dbac9a7bc8e103:segment:003,3,7205.0,7134,activities/067_260425073220.csv,1,1,0,0
fit:e47555f16f02711dc446d8bfb5ee6625d9c15688be7bc41a38dbac9a7bc8e103,2026-04-25T07:32:27+00:00,2559,332,166,87,5.825,789.8,16,fit:e47555f16f02711dc446d8bfb5ee6625d9c15688be7bc41a38dbac9a7bc8e103:segment:003,3,7206.0,7135,activities/067_260425073220.csv,1,1,0,0
fit:e47555f16f02711dc446d8bfb5ee6625d9c15688be7bc41a38dbac9a7bc8e103,2026-04-25T07:32:28+00:00,2560,414,167,90,5.896,790.5999999999999,16,fit:e47555f16f02711dc446d8bfb5ee6625d9c15688be7bc41a38dbac9a7bc8e103:segment:003,3,7207.0,7136,activities/067_260425073220.csv,1,1,0,0
fit:e47555f16f02711dc446d8bfb5ee6625d9c15688be7bc41a38dbac9a7bc8e103,2026-04-25T07:32:29+00:00,2561,351,167,91,5.938,791.5999999999999,16,fit:e47555f16f02711dc446d8bfb5ee6625d9c15688be7bc41a38dbac9a7bc8e103:segment:003,3,7208.0,7137,activities/067_260425073220.csv,1,1,0,0
fit:e47555f16f02711dc446d8bfb5ee6625d9c15688be7bc41a38dbac9a7bc8e103,2026-04-25T07:32:30+00:00,2562,336,168,92,6.114,791.5999999999999,16,fit:e47555f16f02711dc446d8bfb5ee6625d9c15688be7bc41a38dbac9a7bc8e103:segment:003,3,7209.0,7138,activities/067_260425073220.csv,1,1,0,0
fit:e47555f16f02711dc446d8bfb5ee6625d9c15688be7bc41a38dbac9a7bc8e103,2026-04-25T07:32:31+00:00,2563,366,169,93,6.093,791.5999999999999,16,fit:e47555f16f02711dc446d8bfb5ee6625d9c15688be7bc41a38dbac9a7bc8e103:segment:003,3,7210.0,7139,activities/067_260425073220.csv,1,1,0,0
fit:e47555f16f02711dc446d8bfb5ee6625d9c15688be7bc41a38dbac9a7bc8e103,2026-04-25T07:32:32+00:00,2564,366,169,86,6.064,791.5999999999999,16,fit:e47555f16f02711dc446d8bfb5ee6625d9c15688be7bc41a38dbac9a7bc8e103:segment:003,3,7211.0,7140,activities/067_260425073220.csv,1,1,0,0
fit:e47555f16f02711dc446d8bfb5ee6625d9c15688be7bc41a38dbac9a7bc8e103,2026-04-25T07:32:33+00:00,2565,417,169,86,6.21,791.5999999999999,16,fit:e47555f16f02711dc446d8bfb5ee6625d9c15688be7bc41a38dbac9a7bc8e103:segment:003,3,7212.0,7141,activities/067_260425073220.csv,1,1,0,0
fit:e47555f16f02711dc446d8bfb5ee6625d9c15688be7bc41a38dbac9a7bc8e103,2026-04-25T07:32:34+00:00,2566,380,170,86,6.303,791.5999999999999,16,fit:e47555f16f02711dc446d8bfb5ee6625d9c15688be7bc41a38dbac9a7bc8e103:segment:003,3,7213.0,7142,activities/067_260425073220.csv,1,1,0,0
fit:e47555f16f02711dc446d8bfb5ee6625d9c15688be7bc41a38dbac9a7bc8e103,2026-04-25T07:32:35+00:00,2567,391,170,90,6.537,791.5999999999999,16,fit:e47555f16f02711dc446d8bfb5ee6625d9c15688be7bc41a38dbac9a7bc8e103:segment:003,3,7214.0,7143,activities/067_260425073220.csv,1,1,0,0
fit:e47555f16f02711dc446d8bfb5ee6625d9c15688be7bc41a38dbac9a7bc8e103,2026-04-25T07:32:36+00:00,2568,233,171,90,6.675,791.5999999999999,16,fit:e47555f16f02711dc446d8bfb5ee6625d9c15688be7bc41a38dbac9a7bc8e103:segment:003,3,7215.0,7144,activities/067_260425073220.csv,1,1,0,0
fit:e47555f16f02711dc446d8bfb5ee6625d9c15688be7bc41a38dbac9a7bc8e103,2026-04-25T07:32:37+00:00,2569,307,172,90,6.778,792.2,16,fit:e47555f16f02711dc446d8bfb5ee6625d9c15688be7bc41a38dbac9a7bc8e103:segment:003,3,7216.0,7145,activities/067_260425073220.csv,1,1,0,0
fit:e47555f16f02711dc446d8bfb5ee6625d9c15688be7bc41a38dbac9a7bc8e103,2026-04-25T07:32:38+00:00,2570,269,172,92,6.895,792.4000000000001,16,fit:e47555f16f02711dc446d8bfb5ee6625d9c15688be7bc41a38dbac9a7bc8e103:segment:003,3,7217.0,7146,activities/067_260425073220.csv,1,1,0,0
fit:e47555f16f02711dc446d8bfb5ee6625d9c15688be7bc41a38dbac9a7bc8e103,2026-04-25T07:32:39+00:00,2571,225,173,92,6.969,792.4000000000001,16,fit:e47555f16f02711dc446d8bfb5ee6625d9c15688be7bc41a38dbac9a7bc8e103:segment:003,3,7218.0,7147,activities/067_260425073220.csv,1,1,0,0
fit:e47555f16f02711dc446d8bfb5ee6625d9c15688be7bc41a38dbac9a7bc8e103,2026-04-25T07:32:40+00:00,2572,304,173,83,7.161,792.4000000000001,16,fit:e47555f16f02711dc446d8bfb5ee6625d9c15688be7bc41a38dbac9a7bc8e103:segment:003,3,7219.0,7148,activities/067_260425073220.csv,1,1,0,0
fit:e47555f16f02711dc446d8bfb5ee6625d9c15688be7bc41a38dbac9a7bc8e103,2026-04-25T07:32:41+00:00,2573,318,174,86,7.267,792.4000000000001,16,fit:e47555f16f02711dc446d8bfb5ee6625d9c15688be7bc41a38dbac9a7bc8e103:segment:003,3,7220.0,7149,activities/067_260425073220.csv,1,1,0,0
fit:e47555f16f02711dc446d8bfb5ee6625d9c15688be7bc41a38dbac9a7bc8e103,2026-04-25T07:32:42+00:00,2574,254,175,87,7.328,792.4000000000001,16,fit:e47555f16f02711dc446d8bfb5ee6625d9c15688be7bc41a38dbac9a7bc8e103:segment:003,3,7221.0,7150,activities/067_260425073220.csv,1,1,0,0
fit:e47555f16f02711dc446d8bfb5ee6625d9c15688be7bc41a38dbac9a7bc8e103,2026-04-25T07:32:43+00:00,2575,271,175,88,7.404,792.4000000000001,16,fit:e47555f16f02711dc446d8bfb5ee6625d9c15688be7bc41a38dbac9a7bc8e103:segment:003,3,7222.0,7151,activities/067_260425073220.csv,1,1,0,0
fit:e47555f16f02711dc446d8bfb5ee6625d9c15688be7bc41a38dbac9a7bc8e103,2026-04-25T07:32:44+00:00,2576,326,175,89,7.619,792.4000000000001,16,fit:e47555f16f02711dc446d8bfb5ee6625d9c15688be7bc41a38dbac9a7bc8e103:segment:003,3,7223.0,7152,activities/067_260425073220.csv,1,1,0,0
fit:e47555f16f02711dc446d8bfb5ee6625d9c15688be7bc41a38dbac9a7bc8e103,2026-04-25T07:32:45+00:00,2577,263,176,90,7.637,792.4000000000001,16,fit:e47555f16f02711dc446d8bfb5ee6625d9c15688be7bc41a38dbac9a7bc8e103:segment:003,3,7224.0,7153,activities/067_260425073220.csv,1,1,0,0
fit:e47555f16f02711dc446d8bfb5ee6625d9c15688be7bc41a38dbac9a7bc8e103,2026-04-25T07:32:46+00:00,2578,289,176,90,7.827,792.4000000000001,16,fit:e47555f16f02711dc446d8bfb5ee6625d9c15688be7bc41a38dbac9a7bc8e103:segment:003,3,7225.0,7154,activities/067_260425073220.csv,1,1,0,0
fit:e47555f16f02711dc446d8bfb5ee6625d9c15688be7bc41a38dbac9a7bc8e103,2026-04-25T07:32:47+00:00,2579,215,176,91,7.702,792.4000000000001,16,fit:e47555f16f02711dc446d8bfb5ee6625d9c15688be7bc41a38dbac9a7bc8e103:segment:003,3,7226.0,7155,activities/067_260425073220.csv,1,1,0,0
fit:e47555f16f02711dc446d8bfb5ee6625d9c15688be7bc41a38dbac9a7bc8e103,2026-04-25T07:32:48+00:00,2580,326,176,90,7.91,793.0,16,fit:e47555f16f02711dc446d8bfb5ee6625d9c15688be7bc41a38dbac9a7bc8e103:segment:003,3,7227.0,7156,activities/067_260425073220.csv,1,1,0,0
fit:e47555f16f02711dc446d8bfb5ee6625d9c15688be7bc41a38dbac9a7bc8e103,2026-04-25T07:32:49+00:00,2581,326,177,89,7.824,793.8,16,fit:e47555f16f02711dc446d8bfb5ee6625d9c15688be7bc41a38dbac9a7bc8e103:segment:003,3,7228.0,7157,activities/067_260425073220.csv,1,1,0,0
fit:e47555f16f02711dc446d8bfb5ee6625d9c15688be7bc41a38dbac9a7bc8e103,2026-04-25T07:32:50+00:00,2582,290,177,86,7.52,794.2,16,fit:e47555f16f02711dc446d8bfb5ee6625d9c15688be7bc41a38dbac9a7bc8e103:segment:003,3,7229.0,7158,activities/067_260425073220.csv,1,1,0,0
fit:e47555f16f02711dc446d8bfb5ee6625d9c15688be7bc41a38dbac9a7bc8e103,2026-04-25T07:32:51+00:00,2583,233,177,87,7.351,794.5999999999999,16,fit:e47555f16f02711dc446d8bfb5ee6625d9c15688be7bc41a38dbac9a7bc8e103:segment:003,3,7230.0,7159,activities/067_260425073220.csv,1,1,0,0
fit:e47555f16f02711dc446d8bfb5ee6625d9c15688be7bc41a38dbac9a7bc8e103,2026-04-25T07:32:52+00:00,2584,266,177,87,7.284,795.2,16,fit:e47555f16f02711dc446d8bfb5ee6625d9c15688be7bc41a38dbac9a7bc8e103:segment:003,3,7231.0,7160,activities/067_260425073220.csv,1,1,0,0
fit:e47555f16f02711dc446d8bfb5ee6625d9c15688be7bc41a38dbac9a7bc8e103,2026-04-25T07:32:53+00:00,2585,240,177,85,7.017,795.2,16,fit:e47555f16f02711dc446d8bfb5ee6625d9c15688be7bc41a38dbac9a7bc8e103:segment:003,3,7232.0,7161,activities/067_260425073220.csv,1,1,0,0
fit:e47555f16f02711dc446d8bfb5ee6625d9c15688be7bc41a38dbac9a7bc8e103,2026-04-25T07:32:54+00:00,2586,241,177,85,6.815,795.2,16,fit:e47555f16f02711dc446d8bfb5ee6625d9c15688be7bc41a38dbac9a7bc8e103:segment:003,3,7233.0,7162,activities/067_260425073220.csv,1,1,0,0
fit:e47555f16f02711dc446d8bfb5ee6625d9c15688be7bc41a38dbac9a7bc8e103,2026-04-25T07:32:55+00:00,2587,276,177,86,6.806,795.2,16,fit:e47555f16f02711dc446d8bfb5ee6625d9c15688be7bc41a38dbac9a7bc8e103:segment:003,3,7234.0,7163,activities/067_260425073220.csv,1,1,0,0
fit:e47555f16f02711dc446d8bfb5ee6625d9c15688be7bc41a38dbac9a7bc8e103,2026-04-25T07:32:56+00:00,2588,248,177,87,6.867,796.2,16,fit:e47555f16f02711dc446d8bfb5ee6625d9c15688be7bc41a38dbac9a7bc8e103:segment:003,3,7235.0,7164,activities/067_260425073220.csv,1,1,0,0
fit:e47555f16f02711dc446d8bfb5ee6625d9c15688be7bc41a38dbac9a7bc8e103,2026-04-25T07:32:57+00:00,2589,108,177,89,6.711,796.2,16,fit:e47555f16f02711dc446d8bfb5ee6625d9c15688be7bc41a38dbac9a7bc8e103:segment:003,3,7236.0,7165,activities/067_260425073220.csv,1,1,0,0
fit:e47555f16f02711dc446d8bfb5ee6625d9c15688be7bc41a38dbac9a7bc8e103,2026-04-25T07:32:58+00:00,2590,343,176,90,6.729,796.2,16,fit:e47555f16f02711dc446d8bfb5ee6625d9c15688be7bc41a38dbac9a7bc8e103:segment:003,3,7237.0,7166,activities/067_260425073220.csv,1,1,0,0
fit:e47555f16f02711dc446d8bfb5ee6625d9c15688be7bc41a38dbac9a7bc8e103,2026-04-25T07:32:59+00:00,2591,257,176,81,6.805,796.2,16,fit:e47555f16f02711dc446d8bfb5ee6625d9c15688be7bc41a38dbac9a7bc8e103:segment:003,3,7238.0,7167,activities/067_260425073220.csv,1,1,0,0
fit:e47555f16f02711dc446d8bfb5ee6625d9c15688be7bc41a38dbac9a7bc8e103,2026-04-25T07:33:00+00:00,2592,280,176,82,6.962,796.2,16,fit:e47555f16f02711dc446d8bfb5ee6625d9c15688be7bc41a38dbac9a7bc8e103:segment:003,3,7239.0,7168,activities/067_260425073220.csv,1,1,0,0
fit:e47555f16f02711dc446d8bfb5ee6625d9c15688be7bc41a38dbac9a7bc8e103,2026-04-25T07:33:01+00:00,2593,285,175,83,6.974,796.4000000000001,16,fit:e47555f16f02711dc446d8bfb5ee6625d9c15688be7bc41a38dbac9a7bc8e103:segment:003,3,7240.0,7169,activities/067_260425073220.csv,1,1,0,0
fit:e47555f16f02711dc446d8bfb5ee6625d9c15688be7bc41a38dbac9a7bc8e103,2026-04-25T07:33:02+00:00,2594,279,175,83,7.227,796.5999999999999,16,fit:e47555f16f02711dc446d8bfb5ee6625d9c15688be7bc41a38dbac9a7bc8e103:segment:003,3,7241.0,7170,activities/067_260425073220.csv,1,1,0,0
fit:e47555f16f02711dc446d8bfb5ee6625d9c15688be7bc41a38dbac9a7bc8e103,2026-04-25T07:33:03+00:00,2595,279,175,82,7.346,797.4000000000001,16,fit:e47555f16f02711dc446d8bfb5ee6625d9c15688be7bc41a38dbac9a7bc8e103:segment:003,3,7242.0,7171,activities/067_260425073220.csv,1,1,0,0
fit:e47555f16f02711dc446d8bfb5ee6625d9c15688be7bc41a38dbac9a7bc8e103,2026-04-25T07:33:04+00:00,2596,297,175,81,7.349,797.5999999999999,16,fit:e47555f16f02711dc446d8bfb5ee6625d9c15688be7bc41a38dbac9a7bc8e103:segment:003,3,7243.0,7172,activities/067_260425073220.csv,1,1,0,0
fit:e47555f16f02711dc446d8bfb5ee6625d9c15688be7bc41a38dbac9a7bc8e103,2026-04-25T07:33:05+00:00,2597,297,175,83,7.379,798.0,16,fit:e47555f16f02711dc446d8bfb5ee6625d9c15688be7bc41a38dbac9a7bc8e103:segment:003,3,7244.0,7173,activities/067_260425073220.csv,1,1,0,0
fit:e47555f16f02711dc446d8bfb5ee6625d9c15688be7bc41a38dbac9a7bc8e103,2026-04-25T07:33:06+00:00,2598,325,175,89,7.246,798.0,16,fit:e47555f16f02711dc446d8bfb5ee6625d9c15688be7bc41a38dbac9a7bc8e103:segment:003,3,7245.0,7174,activities/067_260425073220.csv,1,1,0,0
fit:e47555f16f02711dc446d8bfb5ee6625d9c15688be7bc41a38dbac9a7bc8e103,2026-04-25T07:33:07+00:00,2599,232,175,88,7.14,798.0,16,fit:e47555f16f02711dc446d8bfb5ee6625d9c15688be7bc41a38dbac9a7bc8e103:segment:003,3,7246.0,7175,activities/067_260425073220.csv,1,1,0,0
fit:e47555f16f02711dc446d8bfb5ee6625d9c15688be7bc41a38dbac9a7bc8e103,2026-04-25T07:33:08+00:00,2600,232,175,87,6.962,798.0,16,fit:e47555f16f02711dc446d8bfb5ee6625d9c15688be7bc41a38dbac9a7bc8e103:segment:003,3,7247.0,7176,activities/067_260425073220.csv,1,1,0,0
fit:e47555f16f02711dc446d8bfb5ee6625d9c15688be7bc41a38dbac9a7bc8e103,2026-04-25T07:33:09+00:00,2601,281,175,85,6.862,798.0,16,fit:e47555f16f02711dc446d8bfb5ee6625d9c15688be7bc41a38dbac9a7bc8e103:segment:003,3,7248.0,7177,activities/067_260425073220.csv,1,1,0,0
fit:e47555f16f02711dc446d8bfb5ee6625d9c15688be7bc41a38dbac9a7bc8e103,2026-04-25T07:33:10+00:00,2602,253,175,81,6.664,799.0,16,fit:e47555f16f02711dc446d8bfb5ee6625d9c15688be7bc41a38dbac9a7bc8e103:segment:003,3,7249.0,7178,activities/067_260425073220.csv,1,1,0,0
fit:e47555f16f02711dc446d8bfb5ee6625d9c15688be7bc41a38dbac9a7bc8e103,2026-04-25T07:33:11+00:00,2603,324,175,86,6.497,799.5999999999999,16,fit:e47555f16f02711dc446d8bfb5ee6625d9c15688be7bc41a38dbac9a7bc8e103:segment:003,3,7250.0,7179,activities/067_260425073220.csv,1,1,0,0
fit:e47555f16f02711dc446d8bfb5ee6625d9c15688be7bc41a38dbac9a7bc8e103,2026-04-25T07:33:12+00:00,2604,278,175,85,6.272,799.8,16,fit:e47555f16f02711dc446d8bfb5ee6625d9c15688be7bc41a38dbac9a7bc8e103:segment:003,3,7251.0,7180,activities/067_260425073220.csv,1,1,0,0
fit:e47555f16f02711dc446d8bfb5ee6625d9c15688be7bc41a38dbac9a7bc8e103,2026-04-25T07:33:13+00:00,2605,280,174,85,6.07,800.2,16,fit:e47555f16f02711dc446d8bfb5ee6625d9c15688be7bc41a38dbac9a7bc8e103:segment:003,3,7252.0,7181,activities/067_260425073220.csv,1,1,0,0
fit:e47555f16f02711dc446d8bfb5ee6625d9c15688be7bc41a38dbac9a7bc8e103,2026-04-25T07:33:14+00:00,2606,280,174,84,5.972,800.5999999999999,16,fit:e47555f16f02711dc446d8bfb5ee6625d9c15688be7bc41a38dbac9a7bc8e103:segment:003,3,7253.0,7182,activities/067_260425073220.csv,1,1,0,0
fit:e47555f16f02711dc446d8bfb5ee6625d9c15688be7bc41a38dbac9a7bc8e103,2026-04-25T07:33:15+00:00,2607,331,174,81,5.68,801.2,16,fit:e47555f16f02711dc446d8bfb5ee6625d9c15688be7bc41a38dbac9a7bc8e103:segment:003,3,7254.0,7183,activities/067_260425073220.csv,1,1,0,0
fit:e47555f16f02711dc446d8bfb5ee6625d9c15688be7bc41a38dbac9a7bc8e103,2026-04-25T07:33:16+00:00,2608,356,174,79,5.532,801.5999999999999,16,fit:e47555f16f02711dc446d8bfb5ee6625d9c15688be7bc41a38dbac9a7bc8e103:segment:003,3,7255.0,7184,activities/067_260425073220.csv,1,1,0,0
fit:e47555f16f02711dc446d8bfb5ee6625d9c15688be7bc41a38dbac9a7bc8e103,2026-04-25T07:33:17+00:00,2609,380,174,77,5.354,802.5999999999999,16,fit:e47555f16f02711dc446d8bfb5ee6625d9c15688be7bc41a38dbac9a7bc8e103:segment:003,3,7256.0,7185,activities/067_260425073220.csv,1,1,0,0
fit:e47555f16f02711dc446d8bfb5ee6625d9c15688be7bc41a38dbac9a7bc8e103,2026-04-25T07:33:18+00:00,2610,414,174,77,5.094,803.0,16,fit:e47555f16f02711dc446d8bfb5ee6625d9c15688be7bc41a38dbac9a7bc8e103:segment:003,3,7257.0,7186,activities/067_260425073220.csv,1,1,0,0
fit:e47555f16f02711dc446d8bfb5ee6625d9c15688be7bc41a38dbac9a7bc8e103,2026-04-25T07:33:19+00:00,2611,421,173,78,5.339,803.0,16,fit:e47555f16f02711dc446d8bfb5ee6625d9c15688be7bc41a38dbac9a7bc8e103:segment:003,3,7258.0,7187,activities/067_260425073220.csv,1,1,0,0
fit:e47555f16f02711dc446d8bfb5ee6625d9c15688be7bc41a38dbac9a7bc8e103,2026-04-25T07:33:20+00:00,2612,430,173,79,5.003,803.0,16,fit:e47555f16f02711dc446d8bfb5ee6625d9c15688be7bc41a38dbac9a7bc8e103:segment:003,3,7259.0,7188,activities/067_260425073220.csv,1,1,0,0
fit:e47555f16f02711dc446d8bfb5ee6625d9c15688be7bc41a38dbac9a7bc8e103,2026-04-25T07:33:21+00:00,2613,410,174,80,4.681,803.0,16,fit:e47555f16f02711dc446d8bfb5ee6625d9c15688be7bc41a38dbac9a7bc8e103:segment:003,3,7260.0,7189,activities/067_260425073220.csv,1,1,0,0
fit:e47555f16f02711dc446d8bfb5ee6625d9c15688be7bc41a38dbac9a7bc8e103,2026-04-25T07:33:22+00:00,2614,382,173,80,4.79,804.0,16,fit:e47555f16f02711dc446d8bfb5ee6625d9c15688be7bc41a38dbac9a7bc8e103:segment:003,3,7261.0,7190,activities/067_260425073220.csv,1,1,0,0
fit:e47555f16f02711dc446d8bfb5ee6625d9c15688be7bc41a38dbac9a7bc8e103,2026-04-25T07:33:23+00:00,2615,408,174,81,5.152,804.8,16,fit:e47555f16f02711dc446d8bfb5ee6625d9c15688be7bc41a38dbac9a7bc8e103:segment:003,3,7262.0,7191,activities/067_260425073220.csv,1,1,0,0
fit:e47555f16f02711dc446d8bfb5ee6625d9c15688be7bc41a38dbac9a7bc8e103,2026-04-25T07:33:24+00:00,2616,413,174,83,5.132,804.8,16,fit:e47555f16f02711dc446d8bfb5ee6625d9c15688be7bc41a38dbac9a7bc8e103:segment:003,3,7263.0,7192,activities/067_260425073220.csv,1,1,0,0
fit:e47555f16f02711dc446d8bfb5ee6625d9c15688be7bc41a38dbac9a7bc8e103,2026-04-25T07:33:25+00:00,2617,367,174,82,5.237,804.8,16,fit:e47555f16f02711dc446d8bfb5ee6625d9c15688be7bc41a38dbac9a7bc8e103:segment:003,3,7264.0,7193,activities/067_260425073220.csv,1,1,0,0
fit:e47555f16f02711dc446d8bfb5ee6625d9c15688be7bc41a38dbac9a7bc8e103,2026-04-25T07:33:26+00:00,2618,407,175,80,5.366,804.8,16,fit:e47555f16f02711dc446d8bfb5ee6625d9c15688be7bc41a38dbac9a7bc8e103:segment:003,3,7265.0,7194,activities/067_260425073220.csv,1,1,0,0
fit:e47555f16f02711dc446d8bfb5ee6625d9c15688be7bc41a38dbac9a7bc8e103,2026-04-25T07:33:27+00:00,2619,407,175,79,5.242,805.8,16,fit:e47555f16f02711dc446d8bfb5ee6625d9c15688be7bc41a38dbac9a7bc8e103:segment:003,3,7266.0,7195,activities/067_260425073220.csv,1,1,0,0
fit:e47555f16f02711dc446d8bfb5ee6625d9c15688be7bc41a38dbac9a7bc8e103,2026-04-25T07:33:28+00:00,2620,377,175,79,4.72,806.5999999999999,16,fit:e47555f16f02711dc446d8bfb5ee6625d9c15688be7bc41a38dbac9a7bc8e103:segment:003,3,7267.0,7196,activities/067_260425073220.csv,1,1,0,0
fit:e47555f16f02711dc446d8bfb5ee6625d9c15688be7bc41a38dbac9a7bc8e103,2026-04-25T07:33:29+00:00,2621,378,176,77,4.665,807.2,16,fit:e47555f16f02711dc446d8bfb5ee6625d9c15688be7bc41a38dbac9a7bc8e103:segment:003,3,7268.0,7197,activities/067_260425073220.csv,1,1,0,0
fit:e47555f16f02711dc446d8bfb5ee6625d9c15688be7bc41a38dbac9a7bc8e103,2026-04-25T07:33:30+00:00,2622,376,177,75,4.532,807.2,16,fit:e47555f16f02711dc446d8bfb5ee6625d9c15688be7bc41a38dbac9a7bc8e103:segment:003,3,7269.0,7198,activities/067_260425073220.csv,1,1,0,0
fit:e47555f16f02711dc446d8bfb5ee6625d9c15688be7bc41a38dbac9a7bc8e103,2026-04-25T07:33:31+00:00,2623,337,177,74,4.571,807.2,16,fit:e47555f16f02711dc446d8bfb5ee6625d9c15688be7bc41a38dbac9a7bc8e103:segment:003,3,7270.0,7199,activities/067_260425073220.csv,1,1,0,0
fit:e47555f16f02711dc446d8bfb5ee6625d9c15688be7bc41a38dbac9a7bc8e103,2026-04-25T07:33:32+00:00,2624,346,178,77,4.705,807.2,16,fit:e47555f16f02711dc446d8bfb5ee6625d9c15688be7bc41a38dbac9a7bc8e103:segment:003,3,7271.0,7200,activities/067_260425073220.csv,1,1,0,0
fit:e47555f16f02711dc446d8bfb5ee6625d9c15688be7bc41a38dbac9a7bc8e103,2026-04-25T07:33:33+00:00,2625,387,178,81,4.913,807.5999999999999,16,fit:e47555f16f02711dc446d8bfb5ee6625d9c15688be7bc41a38dbac9a7bc8e103:segment:003,3,7272.0,7201,activities/067_260425073220.csv,1,1,0,0
fit:e47555f16f02711dc446d8bfb5ee6625d9c15688be7bc41a38dbac9a7bc8e103,2026-04-25T07:33:34+00:00,2626,172,178,73,5.465,807.5999999999999,16,fit:e47555f16f02711dc446d8bfb5ee6625d9c15688be7bc41a38dbac9a7bc8e103:segment:003,3,7273.0,7202,activities/067_260425073220.csv,1,1,0,0
fit:e47555f16f02711dc446d8bfb5ee6625d9c15688be7bc41a38dbac9a7bc8e103,2026-04-25T07:33:35+00:00,2627,394,179,87,5.548,807.5999999999999,16,fit:e47555f16f02711dc446d8bfb5ee6625d9c15688be7bc41a38dbac9a7bc8e103:segment:003,3,7274.0,7203,activities/067_260425073220.csv,1,1,0,0
fit:e47555f16f02711dc446d8bfb5ee6625d9c15688be7bc41a38dbac9a7bc8e103,2026-04-25T07:33:36+00:00,2628,405,179,89,5.552,807.5999999999999,16,fit:e47555f16f02711dc446d8bfb5ee6625d9c15688be7bc41a38dbac9a7bc8e103:segment:003,3,7275.0,7204,activities/067_260425073220.csv,1,1,0,0
fit:e47555f16f02711dc446d8bfb5ee6625d9c15688be7bc41a38dbac9a7bc8e103,2026-04-25T07:33:37+00:00,2629,124,179,89,5.802,808.5999999999999,16,fit:e47555f16f02711dc446d8bfb5ee6625d9c15688be7bc41a38dbac9a7bc8e103:segment:003,3,7276.0,7205,activities/067_260425073220.csv,1,1,0,0
fit:e47555f16f02711dc446d8bfb5ee6625d9c15688be7bc41a38dbac9a7bc8e103,2026-04-25T07:33:38+00:00,2630,124,179,84,5.989,809.2,16,fit:e47555f16f02711dc446d8bfb5ee6625d9c15688be7bc41a38dbac9a7bc8e103:segment:003,3,7277.0,7206,activities/067_260425073220.csv,1,1,0,0
fit:e47555f16f02711dc446d8bfb5ee6625d9c15688be7bc41a38dbac9a7bc8e103,2026-04-25T07:33:39+00:00,2631,337,179,78,6.078,809.5999999999999,16,fit:e47555f16f02711dc446d8bfb5ee6625d9c15688be7bc41a38dbac9a7bc8e103:segment:003,3,7278.0,7207,activities/067_260425073220.csv,1,1,0,0
fit:e47555f16f02711dc446d8bfb5ee6625d9c15688be7bc41a38dbac9a7bc8e103,2026-04-25T07:33:40+00:00,2632,293,179,80,6.132,809.5999999999999,16,fit:e47555f16f02711dc446d8bfb5ee6625d9c15688be7bc41a38dbac9a7bc8e103:segment:003,3,7279.0,7208,activities/067_260425073220.csv,1,1,0,0
fit:e47555f16f02711dc446d8bfb5ee6625d9c15688be7bc41a38dbac9a7bc8e103,2026-04-25T07:33:41+00:00,2633,300,179,80,6.028,809.5999999999999,16,fit:e47555f16f02711dc446d8bfb5ee6625d9c15688be7bc41a38dbac9a7bc8e103:segment:003,3,7280.0,7209,activities/067_260425073220.csv,1,1,0,0
fit:e47555f16f02711dc446d8bfb5ee6625d9c15688be7bc41a38dbac9a7bc8e103,2026-04-25T07:33:42+00:00,2634,325,179,81,5.803,809.5999999999999,16,fit:e47555f16f02711dc446d8bfb5ee6625d9c15688be7bc41a38dbac9a7bc8e103:segment:003,3,7281.0,7210,activities/067_260425073220.csv,1,1,0,0
fit:e47555f16f02711dc446d8bfb5ee6625d9c15688be7bc41a38dbac9a7bc8e103,2026-04-25T07:33:43+00:00,2635,313,178,81,5.969,809.5999999999999,16,fit:e47555f16f02711dc446d8bfb5ee6625d9c15688be7bc41a38dbac9a7bc8e103:segment:003,3,7282.0,7211,activities/067_260425073220.csv,1,1,0,0
fit:e47555f16f02711dc446d8bfb5ee6625d9c15688be7bc41a38dbac9a7bc8e103,2026-04-25T07:33:44+00:00,2636,314,178,82,6.076,809.5999999999999,16,fit:e47555f16f02711dc446d8bfb5ee6625d9c15688be7bc41a38dbac9a7bc8e103:segment:003,3,7283.0,7212,activities/067_260425073220.csv,1,1,0,0
fit:e47555f16f02711dc446d8bfb5ee6625d9c15688be7bc41a38dbac9a7bc8e103,2026-04-25T07:33:45+00:00,2637,288,177,82,6.245,810.0,16,fit:e47555f16f02711dc446d8bfb5ee6625d9c15688be7bc41a38dbac9a7bc8e103:segment:003,3,7284.0,7213,activities/067_260425073220.csv,1,1,0,0
fit:e47555f16f02711dc446d8bfb5ee6625d9c15688be7bc41a38dbac9a7bc8e103,2026-04-25T07:33:46+00:00,2638,235,177,82,6.137,810.0,16,fit:e47555f16f02711dc446d8bfb5ee6625d9c15688be7bc41a38dbac9a7bc8e103:segment:003,3,7285.0,7214,activities/067_260425073220.csv,1,1,0,0
fit:e47555f16f02711dc446d8bfb5ee6625d9c15688be7bc41a38dbac9a7bc8e103,2026-04-25T07:33:47+00:00,2639,194,177,81,6.068,810.8,16,fit:e47555f16f02711dc446d8bfb5ee6625d9c15688be7bc41a38dbac9a7bc8e103:segment:003,3,7286.0,7215,activities/067_260425073220.csv,1,1,0,0
fit:e47555f16f02711dc446d8bfb5ee6625d9c15688be7bc41a38dbac9a7bc8e103,2026-04-25T07:33:48+00:00,2640,194,177,81,5.832,810.8,16,fit:e47555f16f02711dc446d8bfb5ee6625d9c15688be7bc41a38dbac9a7bc8e103:segment:003,3,7287.0,7216,activities/067_260425073220.csv,1,1,0,0
fit:e47555f16f02711dc446d8bfb5ee6625d9c15688be7bc41a38dbac9a7bc8e103,2026-04-25T07:33:49+00:00,2641,193,177,79,5.824,811.4000000000001,16,fit:e47555f16f02711dc446d8bfb5ee6625d9c15688be7bc41a38dbac9a7bc8e103:segment:003,3,7288.0,7217,activities/067_260425073220.csv,1,1,0,0
fit:e47555f16f02711dc446d8bfb5ee6625d9c15688be7bc41a38dbac9a7bc8e103,2026-04-25T07:33:50+00:00,2642,265,177,78,5.709,811.8,16,fit:e47555f16f02711dc446d8bfb5ee6625d9c15688be7bc41a38dbac9a7bc8e103:segment:003,3,7289.0,7218,activities/067_260425073220.csv,1,1,0,0
fit:e47555f16f02711dc446d8bfb5ee6625d9c15688be7bc41a38dbac9a7bc8e103,2026-04-25T07:33:51+00:00,2643,264,177,82,5.83,811.8,15,fit:e47555f16f02711dc446d8bfb5ee6625d9c15688be7bc41a38dbac9a7bc8e103:segment:003,3,7290.0,7219,activities/067_260425073220.csv,1,1,0,0
fit:e47555f16f02711dc446d8bfb5ee6625d9c15688be7bc41a38dbac9a7bc8e103,2026-04-25T07:33:52+00:00,2644,245,177,83,5.875,811.8,15,fit:e47555f16f02711dc446d8bfb5ee6625d9c15688be7bc41a38dbac9a7bc8e103:segment:003,3,7291.0,7220,activities/067_260425073220.csv,1,1,0,0
fit:e47555f16f02711dc446d8bfb5ee6625d9c15688be7bc41a38dbac9a7bc8e103,2026-04-25T07:33:53+00:00,2645,236,177,85,5.839,811.2,15,fit:e47555f16f02711dc446d8bfb5ee6625d9c15688be7bc41a38dbac9a7bc8e103:segment:003,3,7292.0,7221,activities/067_260425073220.csv,1,1,0,0
fit:e47555f16f02711dc446d8bfb5ee6625d9c15688be7bc41a38dbac9a7bc8e103,2026-04-25T07:33:54+00:00,2646,259,176,88,6.231,811.2,15,fit:e47555f16f02711dc446d8bfb5ee6625d9c15688be7bc41a38dbac9a7bc8e103:segment:003,3,7293.0,7222,activities/067_260425073220.csv,1,1,0,0
fit:e47555f16f02711dc446d8bfb5ee6625d9c15688be7bc41a38dbac9a7bc8e103,2026-04-25T07:33:55+00:00,2647,302,176,92,6.367,811.2,15,fit:e47555f16f02711dc446d8bfb5ee6625d9c15688be7bc41a38dbac9a7bc8e103:segment:003,3,7294.0,7223,activities/067_260425073220.csv,1,1,0,0
fit:e47555f16f02711dc446d8bfb5ee6625d9c15688be7bc41a38dbac9a7bc8e103,2026-04-25T07:33:56+00:00,2648,158,176,93,6.316,811.2,15,fit:e47555f16f02711dc446d8bfb5ee6625d9c15688be7bc41a38dbac9a7bc8e103:segment:003,3,7295.0,7224,activities/067_260425073220.csv,1,1,0,0
fit:e47555f16f02711dc446d8bfb5ee6625d9c15688be7bc41a38dbac9a7bc8e103,2026-04-25T07:33:57+00:00,2649,300,176,83,6.582,811.2,15,fit:e47555f16f02711dc446d8bfb5ee6625d9c15688be7bc41a38dbac9a7bc8e103:segment:003,3,7296.0,7225,activities/067_260425073220.csv,1,1,0,0
fit:e47555f16f02711dc446d8bfb5ee6625d9c15688be7bc41a38dbac9a7bc8e103,2026-04-25T07:33:58+00:00,2650,254,176,83,6.597,811.2,15,fit:e47555f16f02711dc446d8bfb5ee6625d9c15688be7bc41a38dbac9a7bc8e103:segment:003,3,7297.0,7226,activities/067_260425073220.csv,1,1,0,0
fit:e47555f16f02711dc446d8bfb5ee6625d9c15688be7bc41a38dbac9a7bc8e103,2026-04-25T07:33:59+00:00,2651,254,176,86,6.675,811.2,15,fit:e47555f16f02711dc446d8bfb5ee6625d9c15688be7bc41a38dbac9a7bc8e103:segment:003,3,7298.0,7227,activities/067_260425073220.csv,1,1,0,0
fit:e47555f16f02711dc446d8bfb5ee6625d9c15688be7bc41a38dbac9a7bc8e103,2026-04-25T07:34:00+00:00,2652,290,175,88,6.782,811.2,15,fit:e47555f16f02711dc446d8bfb5ee6625d9c15688be7bc41a38dbac9a7bc8e103:segment:003,3,7299.0,7228,activities/067_260425073220.csv,1,1,0,0
fit:e47555f16f02711dc446d8bfb5ee6625d9c15688be7bc41a38dbac9a7bc8e103,2026-04-25T07:34:01+00:00,2653,227,175,88,6.871,811.4000000000001,15,fit:e47555f16f02711dc446d8bfb5ee6625d9c15688be7bc41a38dbac9a7bc8e103:segment:003,3,7300.0,7229,activities/067_260425073220.csv,1,1,0,0
fit:e47555f16f02711dc446d8bfb5ee6625d9c15688be7bc41a38dbac9a7bc8e103,2026-04-25T07:34:02+00:00,2654,231,175,86,7.158,812.0,15,fit:e47555f16f02711dc446d8bfb5ee6625d9c15688be7bc41a38dbac9a7bc8e103:segment:003,3,7301.0,7230,activities/067_260425073220.csv,1,1,0,0
fit:e47555f16f02711dc446d8bfb5ee6625d9c15688be7bc41a38dbac9a7bc8e103,2026-04-25T07:34:03+00:00,2655,276,175,86,7.095,813.0,15,fit:e47555f16f02711dc446d8bfb5ee6625d9c15688be7bc41a38dbac9a7bc8e103:segment:003,3,7302.0,7231,activities/067_260425073220.csv,1,1,0,0
fit:e47555f16f02711dc446d8bfb5ee6625d9c15688be7bc41a38dbac9a7bc8e103,2026-04-25T07:34:04+00:00,2656,276,174,86,7.162,813.0,15,fit:e47555f16f02711dc446d8bfb5ee6625d9c15688be7bc41a38dbac9a7bc8e103:segment:003,3,7303.0,7232,activities/067_260425073220.csv,1,1,0,0
fit:e47555f16f02711dc446d8bfb5ee6625d9c15688be7bc41a38dbac9a7bc8e103,2026-04-25T07:34:05+00:00,2657,266,174,85,7.251,813.0,15,fit:e47555f16f02711dc446d8bfb5ee6625d9c15688be7bc41a38dbac9a7bc8e103:segment:003,3,7304.0,7233,activities/067_260425073220.csv,1,1,0,0
fit:e47555f16f02711dc446d8bfb5ee6625d9c15688be7bc41a38dbac9a7bc8e103,2026-04-25T07:34:06+00:00,2658,351,174,85,7.12,813.0,15,fit:e47555f16f02711dc446d8bfb5ee6625d9c15688be7bc41a38dbac9a7bc8e103:segment:003,3,7305.0,7234,activities/067_260425073220.csv,1,1,0,0
fit:e47555f16f02711dc446d8bfb5ee6625d9c15688be7bc41a38dbac9a7bc8e103,2026-04-25T07:34:07+00:00,2659,349,174,83,7.179,813.0,15,fit:e47555f16f02711dc446d8bfb5ee6625d9c15688be7bc41a38dbac9a7bc8e103:segment:003,3,7306.0,7235,activities/067_260425073220.csv,1,1,0,0
fit:e47555f16f02711dc446d8bfb5ee6625d9c15688be7bc41a38dbac9a7bc8e103,2026-04-25T07:34:08+00:00,2660,327,174,83,7.169,813.0,15,fit:e47555f16f02711dc446d8bfb5ee6625d9c15688be7bc41a38dbac9a7bc8e103:segment:003,3,7307.0,7236,activities/067_260425073220.csv,1,1,0,0
fit:e47555f16f02711dc446d8bfb5ee6625d9c15688be7bc41a38dbac9a7bc8e103,2026-04-25T07:34:09+00:00,2661,327,174,84,7.386,813.0,15,fit:e47555f16f02711dc446d8bfb5ee6625d9c15688be7bc41a38dbac9a7bc8e103:segment:003,3,7308.0,7237,activities/067_260425073220.csv,1,1,0,0
fit:e47555f16f02711dc446d8bfb5ee6625d9c15688be7bc41a38dbac9a7bc8e103,2026-04-25T07:34:10+00:00,2662,352,174,85,7.099,813.8,15,fit:e47555f16f02711dc446d8bfb5ee6625d9c15688be7bc41a38dbac9a7bc8e103:segment:003,3,7309.0,7238,activities/067_260425073220.csv,1,1,0,0
fit:e47555f16f02711dc446d8bfb5ee6625d9c15688be7bc41a38dbac9a7bc8e103,2026-04-25T07:34:11+00:00,2663,366,174,85,7.243,814.4000000000001,15,fit:e47555f16f02711dc446d8bfb5ee6625d9c15688be7bc41a38dbac9a7bc8e103:segment:003,3,7310.0,7239,activities/067_260425073220.csv,1,1,0,0
fit:e47555f16f02711dc446d8bfb5ee6625d9c15688be7bc41a38dbac9a7bc8e103,2026-04-25T07:34:12+00:00,2664,347,174,86,7.259,814.4000000000001,15,fit:e47555f16f02711dc446d8bfb5ee6625d9c15688be7bc41a38dbac9a7bc8e103:segment:003,3,7311.0,7240,activities/067_260425073220.csv,1,1,0,0
fit:e47555f16f02711dc446d8bfb5ee6625d9c15688be7bc41a38dbac9a7bc8e103,2026-04-25T07:34:13+00:00,2665,301,174,85,7.309,814.4000000000001,15,fit:e47555f16f02711dc446d8bfb5ee6625d9c15688be7bc41a38dbac9a7bc8e103:segment:003,3,7312.0,7241,activities/067_260425073220.csv,1,1,0,0
fit:e47555f16f02711dc446d8bfb5ee6625d9c15688be7bc41a38dbac9a7bc8e103,2026-04-25T07:34:14+00:00,2666,301,174,85,7.322,814.4000000000001,15,fit:e47555f16f02711dc446d8bfb5ee6625d9c15688be7bc41a38dbac9a7bc8e103:segment:003,3,7313.0,7242,activities/067_260425073220.csv,1,1,0,0
fit:e47555f16f02711dc446d8bfb5ee6625d9c15688be7bc41a38dbac9a7bc8e103,2026-04-25T07:34:15+00:00,2667,213,174,83,7.369,814.4000000000001,15,fit:e47555f16f02711dc446d8bfb5ee6625d9c15688be7bc41a38dbac9a7bc8e103:segment:003,3,7314.0,7243,activities/067_260425073220.csv,1,1,0,0
fit:e47555f16f02711dc446d8bfb5ee6625d9c15688be7bc41a38dbac9a7bc8e103,2026-04-25T07:34:16+00:00,2668,215,173,83,7.452,815.4000000000001,15,fit:e47555f16f02711dc446d8bfb5ee6625d9c15688be7bc41a38dbac9a7bc8e103:segment:003,3,7315.0,7244,activities/067_260425073220.csv,1,1,0,0
fit:e47555f16f02711dc446d8bfb5ee6625d9c15688be7bc41a38dbac9a7bc8e103,2026-04-25T07:34:17+00:00,2669,206,173,86,7.579,815.4000000000001,15,fit:e47555f16f02711dc446d8bfb5ee6625d9c15688be7bc41a38dbac9a7bc8e103:segment:003,3,7316.0,7245,activities/067_260425073220.csv,1,1,0,0
fit:e47555f16f02711dc446d8bfb5ee6625d9c15688be7bc41a38dbac9a7bc8e103,2026-04-25T07:34:18+00:00,2670,266,173,83,7.535,815.4000000000001,15,fit:e47555f16f02711dc446d8bfb5ee6625d9c15688be7bc41a38dbac9a7bc8e103:segment:003,3,7317.0,7246,activities/067_260425073220.csv,1,1,0,0
fit:e47555f16f02711dc446d8bfb5ee6625d9c15688be7bc41a38dbac9a7bc8e103,2026-04-25T07:34:19+00:00,2671,231,173,84,7.695,815.4000000000001,15,fit:e47555f16f02711dc446d8bfb5ee6625d9c15688be7bc41a38dbac9a7bc8e103:segment:003,3,7318.0,7247,activities/067_260425073220.csv,1,1,0,0
fit:e47555f16f02711dc446d8bfb5ee6625d9c15688be7bc41a38dbac9a7bc8e103,2026-04-25T07:34:20+00:00,2672,223,173,88,7.996,815.4000000000001,15,fit:e47555f16f02711dc446d8bfb5ee6625d9c15688be7bc41a38dbac9a7bc8e103:segment:003,3,7319.0,7248,activities/067_260425073220.csv,1,1,0,0
fit:e47555f16f02711dc446d8bfb5ee6625d9c15688be7bc41a38dbac9a7bc8e103,2026-04-25T07:34:21+00:00,2673,255,172,90,8.211,814.8,15,fit:e47555f16f02711dc446d8bfb5ee6625d9c15688be7bc41a38dbac9a7bc8e103:segment:003,3,7320.0,7249,activities/067_260425073220.csv,1,1,0,0
fit:e47555f16f02711dc446d8bfb5ee6625d9c15688be7bc41a38dbac9a7bc8e103,2026-04-25T07:34:22+00:00,2674,267,172,90,8.35,813.8,15,fit:e47555f16f02711dc446d8bfb5ee6625d9c15688be7bc41a38dbac9a7bc8e103:segment:003,3,7321.0,7250,activities/067_260425073220.csv,1,1,0,0
fit:e47555f16f02711dc446d8bfb5ee6625d9c15688be7bc41a38dbac9a7bc8e103,2026-04-25T07:34:23+00:00,2675,314,172,90,8.307,813.8,15,fit:e47555f16f02711dc446d8bfb5ee6625d9c15688be7bc41a38dbac9a7bc8e103:segment:003,3,7322.0,7251,activities/067_260425073220.csv,1,1,0,0
fit:e47555f16f02711dc446d8bfb5ee6625d9c15688be7bc41a38dbac9a7bc8e103,2026-04-25T07:34:24+00:00,2676,292,172,90,8.414,813.8,15,fit:e47555f16f02711dc446d8bfb5ee6625d9c15688be7bc41a38dbac9a7bc8e103:segment:003,3,7323.0,7252,activities/067_260425073220.csv,1,1,0,0
fit:e47555f16f02711dc446d8bfb5ee6625d9c15688be7bc41a38dbac9a7bc8e103,2026-04-25T07:34:25+00:00,2677,300,172,91,8.492,813.8,15,fit:e47555f16f02711dc446d8bfb5ee6625d9c15688be7bc41a38dbac9a7bc8e103:segment:003,3,7324.0,7253,activities/067_260425073220.csv,1,1,0,0
fit:e47555f16f02711dc446d8bfb5ee6625d9c15688be7bc41a38dbac9a7bc8e103,2026-04-25T07:34:26+00:00,2678,300,172,91,8.613,813.8,15,fit:e47555f16f02711dc446d8bfb5ee6625d9c15688be7bc41a38dbac9a7bc8e103:segment:003,3,7325.0,7254,activities/067_260425073220.csv,1,1,0,0
fit:e47555f16f02711dc446d8bfb5ee6625d9c15688be7bc41a38dbac9a7bc8e103,2026-04-25T07:34:27+00:00,2679,317,172,94,8.532,814.2,15,fit:e47555f16f02711dc446d8bfb5ee6625d9c15688be7bc41a38dbac9a7bc8e103:segment:003,3,7326.0,7255,activities/067_260425073220.csv,1,1,0,0
fit:e47555f16f02711dc446d8bfb5ee6625d9c15688be7bc41a38dbac9a7bc8e103,2026-04-25T07:34:28+00:00,2680,329,172,94,8.636,814.2,15,fit:e47555f16f02711dc446d8bfb5ee6625d9c15688be7bc41a38dbac9a7bc8e103:segment:003,3,7327.0,7256,activities/067_260425073220.csv,1,1,0,0
fit:e47555f16f02711dc446d8bfb5ee6625d9c15688be7bc41a38dbac9a7bc8e103,2026-04-25T07:34:29+00:00,2681,309,172,95,8.55,814.2,15,fit:e47555f16f02711dc446d8bfb5ee6625d9c15688be7bc41a38dbac9a7bc8e103:segment:003,3,7328.0,7257,activities/067_260425073220.csv,1,1,0,0
fit:e47555f16f02711dc446d8bfb5ee6625d9c15688be7bc41a38dbac9a7bc8e103,2026-04-25T07:34:30+00:00,2682,332,173,98,8.635,814.2,15,fit:e47555f16f02711dc446d8bfb5ee6625d9c15688be7bc41a38dbac9a7bc8e103:segment:003,3,7329.0,7258,activities/067_260425073220.csv,1,1,0,0
fit:e47555f16f02711dc446d8bfb5ee6625d9c15688be7bc41a38dbac9a7bc8e103,2026-04-25T07:34:31+00:00,2683,241,173,99,8.974,814.2,15,fit:e47555f16f02711dc446d8bfb5ee6625d9c15688be7bc41a38dbac9a7bc8e103:segment:003,3,7330.0,7259,activities/067_260425073220.csv,1,1,0,0
fit:e47555f16f02711dc446d8bfb5ee6625d9c15688be7bc41a38dbac9a7bc8e103,2026-04-25T07:34:32+00:00,2684,198,174,100,8.814,814.5999999999999,15,fit:e47555f16f02711dc446d8bfb5ee6625d9c15688be7bc41a38dbac9a7bc8e103:segment:003,3,7331.0,7260,activities/067_260425073220.csv,1,1,0,0
fit:e47555f16f02711dc446d8bfb5ee6625d9c15688be7bc41a38dbac9a7bc8e103,2026-04-25T07:34:33+00:00,2685,241,174,101,9.02,814.5999999999999,15,fit:e47555f16f02711dc446d8bfb5ee6625d9c15688be7bc41a38dbac9a7bc8e103:segment:003,3,7332.0,7261,activities/067_260425073220.csv,1,1,0,0
fit:e47555f16f02711dc446d8bfb5ee6625d9c15688be7bc41a38dbac9a7bc8e103,2026-04-25T07:34:34+00:00,2686,276,174,101,9.279,814.5999999999999,15,fit:e47555f16f02711dc446d8bfb5ee6625d9c15688be7bc41a38dbac9a7bc8e103:segment:003,3,7333.0,7262,activities/067_260425073220.csv,1,1,0,0
fit:e47555f16f02711dc446d8bfb5ee6625d9c15688be7bc41a38dbac9a7bc8e103,2026-04-25T07:34:35+00:00,2687,265,174,101,9.161,813.8,15,fit:e47555f16f02711dc446d8bfb5ee6625d9c15688be7bc41a38dbac9a7bc8e103:segment:003,3,7334.0,7263,activities/067_260425073220.csv,1,1,0,0
fit:e47555f16f02711dc446d8bfb5ee6625d9c15688be7bc41a38dbac9a7bc8e103,2026-04-25T07:34:36+00:00,2688,264,175,101,9.567,813.4000000000001,15,fit:e47555f16f02711dc446d8bfb5ee6625d9c15688be7bc41a38dbac9a7bc8e103:segment:003,3,7335.0,7264,activities/067_260425073220.csv,1,1,0,0
fit:e47555f16f02711dc446d8bfb5ee6625d9c15688be7bc41a38dbac9a7bc8e103,2026-04-25T07:34:37+00:00,2689,363,174,100,9.849,813.4000000000001,15,fit:e47555f16f02711dc446d8bfb5ee6625d9c15688be7bc41a38dbac9a7bc8e103:segment:003,3,7336.0,7265,activities/067_260425073220.csv,1,1,0,0
fit:e47555f16f02711dc446d8bfb5ee6625d9c15688be7bc41a38dbac9a7bc8e103,2026-04-25T07:34:38+00:00,2690,363,174,101,9.763,813.4000000000001,15,fit:e47555f16f02711dc446d8bfb5ee6625d9c15688be7bc41a38dbac9a7bc8e103:segment:003,3,7337.0,7266,activities/067_260425073220.csv,1,1,0,0
fit:e47555f16f02711dc446d8bfb5ee6625d9c15688be7bc41a38dbac9a7bc8e103,2026-04-25T07:34:39+00:00,2691,220,174,102,9.877,814.2,15,fit:e47555f16f02711dc446d8bfb5ee6625d9c15688be7bc41a38dbac9a7bc8e103:segment:003,3,7338.0,7267,activities/067_260425073220.csv,1,1,0,0
fit:e47555f16f02711dc446d8bfb5ee6625d9c15688be7bc41a38dbac9a7bc8e103,2026-04-25T07:34:40+00:00,2692,208,174,103,9.937,814.2,15,fit:e47555f16f02711dc446d8bfb5ee6625d9c15688be7bc41a38dbac9a7bc8e103:segment:003,3,7339.0,7268,activities/067_260425073220.csv,1,1,0,0
fit:e47555f16f02711dc446d8bfb5ee6625d9c15688be7bc41a38dbac9a7bc8e103,2026-04-25T07:34:41+00:00,2693,257,174,103,9.733,814.2,15,fit:e47555f16f02711dc446d8bfb5ee6625d9c15688be7bc41a38dbac9a7bc8e103:segment:003,3,7340.0,7269,activities/067_260425073220.csv,1,1,0,0
fit:e47555f16f02711dc446d8bfb5ee6625d9c15688be7bc41a38dbac9a7bc8e103,2026-04-25T07:34:42+00:00,2694,275,174,102,9.62,814.0,15,fit:e47555f16f02711dc446d8bfb5ee6625d9c15688be7bc41a38dbac9a7bc8e103:segment:003,3,7341.0,7270,activities/067_260425073220.csv,1,1,0,0
fit:e47555f16f02711dc446d8bfb5ee6625d9c15688be7bc41a38dbac9a7bc8e103,2026-04-25T07:34:43+00:00,2695,223,174,101,9.206,814.0,15,fit:e47555f16f02711dc446d8bfb5ee6625d9c15688be7bc41a38dbac9a7bc8e103:segment:003,3,7342.0,7271,activities/067_260425073220.csv,1,1,0,0
fit:e47555f16f02711dc446d8bfb5ee6625d9c15688be7bc41a38dbac9a7bc8e103,2026-04-25T07:34:44+00:00,2696,165,174,100,8.848,814.0,15,fit:e47555f16f02711dc446d8bfb5ee6625d9c15688be7bc41a38dbac9a7bc8e103:segment:003,3,7343.0,7272,activities/067_260425073220.csv,1,1,0,0
fit:e47555f16f02711dc446d8bfb5ee6625d9c15688be7bc41a38dbac9a7bc8e103,2026-04-25T07:34:45+00:00,2697,207,174,100,8.835,814.0,15,fit:e47555f16f02711dc446d8bfb5ee6625d9c15688be7bc41a38dbac9a7bc8e103:segment:003,3,7344.0,7273,activities/067_260425073220.csv,1,1,0,0
fit:e47555f16f02711dc446d8bfb5ee6625d9c15688be7bc41a38dbac9a7bc8e103,2026-04-25T07:34:46+00:00,2698,395,174,89,8.551,814.8,15,fit:e47555f16f02711dc446d8bfb5ee6625d9c15688be7bc41a38dbac9a7bc8e103:segment:003,3,7345.0,7274,activities/067_260425073220.csv,1,1,0,0
fit:e47555f16f02711dc446d8bfb5ee6625d9c15688be7bc41a38dbac9a7bc8e103,2026-04-25T07:34:47+00:00,2699,311,174,90,8.739,814.8,15,fit:e47555f16f02711dc446d8bfb5ee6625d9c15688be7bc41a38dbac9a7bc8e103:segment:003,3,7346.0,7275,activities/067_260425073220.csv,1,1,0,0
fit:e47555f16f02711dc446d8bfb5ee6625d9c15688be7bc41a38dbac9a7bc8e103,2026-04-25T07:34:48+00:00,2700,227,173,92,8.729,814.8,15,fit:e47555f16f02711dc446d8bfb5ee6625d9c15688be7bc41a38dbac9a7bc8e103:segment:003,3,7347.0,7276,activities/067_260425073220.csv,1,1,0,0
fit:e47555f16f02711dc446d8bfb5ee6625d9c15688be7bc41a38dbac9a7bc8e103,2026-04-25T07:34:49+00:00,2701,227,173,92,8.833,814.2,15,fit:e47555f16f02711dc446d8bfb5ee6625d9c15688be7bc41a38dbac9a7bc8e103:segment:003,3,7348.0,7277,activities/067_260425073220.csv,1,1,0,0
fit:e47555f16f02711dc446d8bfb5ee6625d9c15688be7bc41a38dbac9a7bc8e103,2026-04-25T07:34:50+00:00,2702,264,173,91,9.238,814.0,15,fit:e47555f16f02711dc446d8bfb5ee6625d9c15688be7bc41a38dbac9a7bc8e103:segment:003,3,7349.0,7278,activities/067_260425073220.csv,1,1,0,0
fit:e47555f16f02711dc446d8bfb5ee6625d9c15688be7bc41a38dbac9a7bc8e103,2026-04-25T07:34:51+00:00,2703,105,172,94,9.462,814.0,15,fit:e47555f16f02711dc446d8bfb5ee6625d9c15688be7bc41a38dbac9a7bc8e103:segment:003,3,7350.0,7279,activities/067_260425073220.csv,1,1,0,0
fit:e47555f16f02711dc446d8bfb5ee6625d9c15688be7bc41a38dbac9a7bc8e103,2026-04-25T07:34:52+00:00,2704,267,172,91,9.69,814.0,15,fit:e47555f16f02711dc446d8bfb5ee6625d9c15688be7bc41a38dbac9a7bc8e103:segment:003,3,7351.0,7280,activities/067_260425073220.csv,1,1,0,0
fit:e47555f16f02711dc446d8bfb5ee6625d9c15688be7bc41a38dbac9a7bc8e103,2026-04-25T07:34:53+00:00,2705,326,172,88,9.291,815.0,15,fit:e47555f16f02711dc446d8bfb5ee6625d9c15688be7bc41a38dbac9a7bc8e103:segment:003,3,7352.0,7281,activities/067_260425073220.csv,1,1,0,0
fit:e47555f16f02711dc446d8bfb5ee6625d9c15688be7bc41a38dbac9a7bc8e103,2026-04-25T07:34:54+00:00,2706,190,172,92,9.081,816.0,15,fit:e47555f16f02711dc446d8bfb5ee6625d9c15688be7bc41a38dbac9a7bc8e103:segment:003,3,7353.0,7282,activities/067_260425073220.csv,1,1,0,0
fit:e47555f16f02711dc446d8bfb5ee6625d9c15688be7bc41a38dbac9a7bc8e103,2026-04-25T07:34:55+00:00,2707,394,172,87,8.492,817.0,15,fit:e47555f16f02711dc446d8bfb5ee6625d9c15688be7bc41a38dbac9a7bc8e103:segment:003,3,7354.0,7283,activities/067_260425073220.csv,1,1,0,0
fit:e47555f16f02711dc446d8bfb5ee6625d9c15688be7bc41a38dbac9a7bc8e103,2026-04-25T07:34:56+00:00,2708,287,172,85,7.8,817.8,15,fit:e47555f16f02711dc446d8bfb5ee6625d9c15688be7bc41a38dbac9a7bc8e103:segment:003,3,7355.0,7284,activities/067_260425073220.csv,1,1,0,0
fit:e47555f16f02711dc446d8bfb5ee6625d9c15688be7bc41a38dbac9a7bc8e103,2026-04-25T07:34:57+00:00,2709,460,171,80,7.199,818.8,15,fit:e47555f16f02711dc446d8bfb5ee6625d9c15688be7bc41a38dbac9a7bc8e103:segment:003,3,7356.0,7285,activities/067_260425073220.csv,1,1,0,0
fit:e47555f16f02711dc446d8bfb5ee6625d9c15688be7bc41a38dbac9a7bc8e103,2026-04-25T07:34:58+00:00,2710,485,171,76,6.769,819.8,15,fit:e47555f16f02711dc446d8bfb5ee6625d9c15688be7bc41a38dbac9a7bc8e103:segment:003,3,7357.0,7286,activities/067_260425073220.csv,1,1,0,0
fit:e47555f16f02711dc446d8bfb5ee6625d9c15688be7bc41a38dbac9a7bc8e103,2026-04-25T07:34:59+00:00,2711,427,171,73,5.805,820.2,15,fit:e47555f16f02711dc446d8bfb5ee6625d9c15688be7bc41a38dbac9a7bc8e103:segment:003,3,7358.0,7287,activities/067_260425073220.csv,1,1,0,0
fit:e47555f16f02711dc446d8bfb5ee6625d9c15688be7bc41a38dbac9a7bc8e103,2026-04-25T07:35:00+00:00,2712,383,171,70,5.21,821.2,15,fit:e47555f16f02711dc446d8bfb5ee6625d9c15688be7bc41a38dbac9a7bc8e103:segment:003,3,7359.0,7288,activities/067_260425073220.csv,1,1,0,0
fit:e47555f16f02711dc446d8bfb5ee6625d9c15688be7bc41a38dbac9a7bc8e103,2026-04-25T07:35:01+00:00,2713,464,171,68,4.302,821.5999999999999,15,fit:e47555f16f02711dc446d8bfb5ee6625d9c15688be7bc41a38dbac9a7bc8e103:segment:003,3,7360.0,7289,activities/067_260425073220.csv,1,1,0,0
fit:e47555f16f02711dc446d8bfb5ee6625d9c15688be7bc41a38dbac9a7bc8e103,2026-04-25T07:35:02+00:00,2714,465,172,68,4.173,822.4000000000001,15,fit:e47555f16f02711dc446d8bfb5ee6625d9c15688be7bc41a38dbac9a7bc8e103:segment:003,3,7361.0,7290,activities/067_260425073220.csv,1,1,0,0
fit:e47555f16f02711dc446d8bfb5ee6625d9c15688be7bc41a38dbac9a7bc8e103,2026-04-25T07:35:03+00:00,2715,432,172,69,3.978,823.4000000000001,15,fit:e47555f16f02711dc446d8bfb5ee6625d9c15688be7bc41a38dbac9a7bc8e103:segment:003,3,7362.0,7291,activities/067_260425073220.csv,1,1,0,0
fit:e47555f16f02711dc446d8bfb5ee6625d9c15688be7bc41a38dbac9a7bc8e103,2026-04-25T07:35:04+00:00,2716,371,173,71,3.741,823.4000000000001,15,fit:e47555f16f02711dc446d8bfb5ee6625d9c15688be7bc41a38dbac9a7bc8e103:segment:003,3,7363.0,7292,activities/067_260425073220.csv,1,1,0,0
fit:e47555f16f02711dc446d8bfb5ee6625d9c15688be7bc41a38dbac9a7bc8e103,2026-04-25T07:35:05+00:00,2717,399,173,73,3.999,823.4000000000001,15,fit:e47555f16f02711dc446d8bfb5ee6625d9c15688be7bc41a38dbac9a7bc8e103:segment:003,3,7364.0,7293,activities/067_260425073220.csv,1,1,0,0
fit:e47555f16f02711dc446d8bfb5ee6625d9c15688be7bc41a38dbac9a7bc8e103,2026-04-25T07:35:06+00:00,2718,373,173,73,3.631,823.4000000000001,15,fit:e47555f16f02711dc446d8bfb5ee6625d9c15688be7bc41a38dbac9a7bc8e103:segment:003,3,7365.0,7294,activities/067_260425073220.csv,1,1,0,0
fit:e47555f16f02711dc446d8bfb5ee6625d9c15688be7bc41a38dbac9a7bc8e103,2026-04-25T07:35:07+00:00,2719,354,173,73,3.444,824.4000000000001,15,fit:e47555f16f02711dc446d8bfb5ee6625d9c15688be7bc41a38dbac9a7bc8e103:segment:003,3,7366.0,7295,activities/067_260425073220.csv,1,1,0,0
fit:e47555f16f02711dc446d8bfb5ee6625d9c15688be7bc41a38dbac9a7bc8e103,2026-04-25T07:35:08+00:00,2720,354,173,73,3.003,825.2,15,fit:e47555f16f02711dc446d8bfb5ee6625d9c15688be7bc41a38dbac9a7bc8e103:segment:003,3,7367.0,7296,activities/067_260425073220.csv,1,1,0,0
fit:e47555f16f02711dc446d8bfb5ee6625d9c15688be7bc41a38dbac9a7bc8e103,2026-04-25T07:35:09+00:00,2721,352,173,72,3.47,825.5999999999999,15,fit:e47555f16f02711dc446d8bfb5ee6625d9c15688be7bc41a38dbac9a7bc8e103:segment:003,3,7368.0,7297,activities/067_260425073220.csv,1,1,0,0
fit:e47555f16f02711dc446d8bfb5ee6625d9c15688be7bc41a38dbac9a7bc8e103,2026-04-25T07:35:10+00:00,2722,313,173,69,3.272,826.0,15,fit:e47555f16f02711dc446d8bfb5ee6625d9c15688be7bc41a38dbac9a7bc8e103:segment:003,3,7369.0,7298,activities/067_260425073220.csv,1,1,0,0
fit:e47555f16f02711dc446d8bfb5ee6625d9c15688be7bc41a38dbac9a7bc8e103,2026-04-25T07:35:11+00:00,2723,324,173,68,2.764,826.5999999999999,15,fit:e47555f16f02711dc446d8bfb5ee6625d9c15688be7bc41a38dbac9a7bc8e103:segment:003,3,7370.0,7299,activities/067_260425073220.csv,1,1,0,0
fit:e47555f16f02711dc446d8bfb5ee6625d9c15688be7bc41a38dbac9a7bc8e103,2026-04-25T07:35:12+00:00,2724,327,173,68,3.426,826.8,15,fit:e47555f16f02711dc446d8bfb5ee6625d9c15688be7bc41a38dbac9a7bc8e103:segment:003,3,7371.0,7300,activities/067_260425073220.csv,1,1,0,0
fit:e47555f16f02711dc446d8bfb5ee6625d9c15688be7bc41a38dbac9a7bc8e103,2026-04-25T07:35:13+00:00,2725,350,173,67,3.318,827.4000000000001,15,fit:e47555f16f02711dc446d8bfb5ee6625d9c15688be7bc41a38dbac9a7bc8e103:segment:003,3,7372.0,7301,activities/067_260425073220.csv,1,1,0,0
fit:e47555f16f02711dc446d8bfb5ee6625d9c15688be7bc41a38dbac9a7bc8e103,2026-04-25T07:35:14+00:00,2726,334,173,67,3.384,827.8,15,fit:e47555f16f02711dc446d8bfb5ee6625d9c15688be7bc41a38dbac9a7bc8e103:segment:003,3,7373.0,7302,activities/067_260425073220.csv,1,1,0,0
fit:e47555f16f02711dc446d8bfb5ee6625d9c15688be7bc41a38dbac9a7bc8e103,2026-04-25T07:35:15+00:00,2727,351,173,66,2.925,827.8,15,fit:e47555f16f02711dc446d8bfb5ee6625d9c15688be7bc41a38dbac9a7bc8e103:segment:003,3,7374.0,7303,activities/067_260425073220.csv,1,1,0,0
fit:e47555f16f02711dc446d8bfb5ee6625d9c15688be7bc41a38dbac9a7bc8e103,2026-04-25T07:35:16+00:00,2728,315,172,64,2.86,827.8,15,fit:e47555f16f02711dc446d8bfb5ee6625d9c15688be7bc41a38dbac9a7bc8e103:segment:003,3,7375.0,7304,activities/067_260425073220.csv,1,1,0,0
fit:e47555f16f02711dc446d8bfb5ee6625d9c15688be7bc41a38dbac9a7bc8e103,2026-04-25T07:35:17+00:00,2729,321,172,64,3.556,827.8,15,fit:e47555f16f02711dc446d8bfb5ee6625d9c15688be7bc41a38dbac9a7bc8e103:segment:003,3,7376.0,7305,activities/067_260425073220.csv,1,1,0,0
fit:e47555f16f02711dc446d8bfb5ee6625d9c15688be7bc41a38dbac9a7bc8e103,2026-04-25T07:35:18+00:00,2730,330,172,65,3.553,828.2,15,fit:e47555f16f02711dc446d8bfb5ee6625d9c15688be7bc41a38dbac9a7bc8e103:segment:003,3,7377.0,7306,activities/067_260425073220.csv,1,1,0,0
fit:e47555f16f02711dc446d8bfb5ee6625d9c15688be7bc41a38dbac9a7bc8e103,2026-04-25T07:35:19+00:00,2731,331,173,65,4.094,828.5999999999999,15,fit:e47555f16f02711dc446d8bfb5ee6625d9c15688be7bc41a38dbac9a7bc8e103:segment:003,3,7378.0,7307,activities/067_260425073220.csv,1,1,0,0
fit:e47555f16f02711dc446d8bfb5ee6625d9c15688be7bc41a38dbac9a7bc8e103,2026-04-25T07:35:20+00:00,2732,321,173,68,3.964,829.4000000000001,15,fit:e47555f16f02711dc446d8bfb5ee6625d9c15688be7bc41a38dbac9a7bc8e103:segment:003,3,7379.0,7308,activities/067_260425073220.csv,1,1,0,0
fit:e47555f16f02711dc446d8bfb5ee6625d9c15688be7bc41a38dbac9a7bc8e103,2026-04-25T07:35:21+00:00,2733,300,173,69,3.355,829.4000000000001,15,fit:e47555f16f02711dc446d8bfb5ee6625d9c15688be7bc41a38dbac9a7bc8e103:segment:003,3,7380.0,7309,activities/067_260425073220.csv,1,1,0,0
fit:e47555f16f02711dc446d8bfb5ee6625d9c15688be7bc41a38dbac9a7bc8e103,2026-04-25T07:35:22+00:00,2734,309,173,68,3.15,829.4000000000001,15,fit:e47555f16f02711dc446d8bfb5ee6625d9c15688be7bc41a38dbac9a7bc8e103:segment:003,3,7381.0,7310,activities/067_260425073220.csv,1,1,0,0
fit:e47555f16f02711dc446d8bfb5ee6625d9c15688be7bc41a38dbac9a7bc8e103,2026-04-25T07:35:23+00:00,2735,309,174,67,3.698,829.4000000000001,15,fit:e47555f16f02711dc446d8bfb5ee6625d9c15688be7bc41a38dbac9a7bc8e103:segment:003,3,7382.0,7311,activities/067_260425073220.csv,1,1,0,0
fit:e47555f16f02711dc446d8bfb5ee6625d9c15688be7bc41a38dbac9a7bc8e103,2026-04-25T07:35:24+00:00,2736,270,174,67,4.025,829.4000000000001,14,fit:e47555f16f02711dc446d8bfb5ee6625d9c15688be7bc41a38dbac9a7bc8e103:segment:003,3,7383.0,7312,activities/067_260425073220.csv,1,1,0,0
fit:e47555f16f02711dc446d8bfb5ee6625d9c15688be7bc41a38dbac9a7bc8e103,2026-04-25T07:35:25+00:00,2737,264,175,66,3.326,829.4000000000001,14,fit:e47555f16f02711dc446d8bfb5ee6625d9c15688be7bc41a38dbac9a7bc8e103:segment:003,3,7384.0,7313,activities/067_260425073220.csv,1,1,0,0
fit:e47555f16f02711dc446d8bfb5ee6625d9c15688be7bc41a38dbac9a7bc8e103,2026-04-25T07:35:26+00:00,2738,277,175,65,2.725,830.4000000000001,14,fit:e47555f16f02711dc446d8bfb5ee6625d9c15688be7bc41a38dbac9a7bc8e103:segment:003,3,7385.0,7314,activities/067_260425073220.csv,1,1,0,0
fit:e47555f16f02711dc446d8bfb5ee6625d9c15688be7bc41a38dbac9a7bc8e103,2026-04-25T07:35:27+00:00,2739,300,174,66,3.221,831.2,14,fit:e47555f16f02711dc446d8bfb5ee6625d9c15688be7bc41a38dbac9a7bc8e103:segment:003,3,7386.0,7315,activities/067_260425073220.csv,1,1,0,0
fit:e47555f16f02711dc446d8bfb5ee6625d9c15688be7bc41a38dbac9a7bc8e103,2026-04-25T07:35:28+00:00,2740,288,174,68,3.337,831.2,14,fit:e47555f16f02711dc446d8bfb5ee6625d9c15688be7bc41a38dbac9a7bc8e103:segment:003,3,7387.0,7316,activities/067_260425073220.csv,1,1,0,0
fit:e47555f16f02711dc446d8bfb5ee6625d9c15688be7bc41a38dbac9a7bc8e103,2026-04-25T07:35:29+00:00,2741,287,174,68,3.606,831.2,14,fit:e47555f16f02711dc446d8bfb5ee6625d9c15688be7bc41a38dbac9a7bc8e103:segment:003,3,7388.0,7317,activities/067_260425073220.csv,1,1,0,0
fit:e47555f16f02711dc446d8bfb5ee6625d9c15688be7bc41a38dbac9a7bc8e103,2026-04-25T07:35:30+00:00,2742,263,174,68,3.59,831.2,14,fit:e47555f16f02711dc446d8bfb5ee6625d9c15688be7bc41a38dbac9a7bc8e103:segment:003,3,7389.0,7318,activities/067_260425073220.csv,1,1,0,0
fit:e47555f16f02711dc446d8bfb5ee6625d9c15688be7bc41a38dbac9a7bc8e103,2026-04-25T07:35:31+00:00,2743,327,174,67,3.571,831.8,14,fit:e47555f16f02711dc446d8bfb5ee6625d9c15688be7bc41a38dbac9a7bc8e103:segment:003,3,7390.0,7319,activities/067_260425073220.csv,1,1,0,0
fit:e47555f16f02711dc446d8bfb5ee6625d9c15688be7bc41a38dbac9a7bc8e103,2026-04-25T07:35:32+00:00,2744,305,174,68,3.569,832.0,14,fit:e47555f16f02711dc446d8bfb5ee6625d9c15688be7bc41a38dbac9a7bc8e103:segment:003,3,7391.0,7320,activities/067_260425073220.csv,1,1,0,0
fit:e47555f16f02711dc446d8bfb5ee6625d9c15688be7bc41a38dbac9a7bc8e103,2026-04-25T07:35:33+00:00,2745,311,174,69,3.57,832.4000000000001,14,fit:e47555f16f02711dc446d8bfb5ee6625d9c15688be7bc41a38dbac9a7bc8e103:segment:003,3,7392.0,7321,activities/067_260425073220.csv,1,1,0,0
fit:e47555f16f02711dc446d8bfb5ee6625d9c15688be7bc41a38dbac9a7bc8e103,2026-04-25T07:35:34+00:00,2746,295,174,69,3.578,832.4000000000001,14,fit:e47555f16f02711dc446d8bfb5ee6625d9c15688be7bc41a38dbac9a7bc8e103:segment:003,3,7393.0,7322,activities/067_260425073220.csv,1,1,0,0
fit:e47555f16f02711dc446d8bfb5ee6625d9c15688be7bc41a38dbac9a7bc8e103,2026-04-25T07:35:35+00:00,2747,313,174,69,3.761,832.4000000000001,14,fit:e47555f16f02711dc446d8bfb5ee6625d9c15688be7bc41a38dbac9a7bc8e103:segment:003,3,7394.0,7323,activities/067_260425073220.csv,1,1,0,0
fit:e47555f16f02711dc446d8bfb5ee6625d9c15688be7bc41a38dbac9a7bc8e103,2026-04-25T07:35:36+00:00,2748,311,174,69,3.594,832.4000000000001,14,fit:e47555f16f02711dc446d8bfb5ee6625d9c15688be7bc41a38dbac9a7bc8e103:segment:003,3,7395.0,7324,activities/067_260425073220.csv,1,1,0,0
fit:e47555f16f02711dc446d8bfb5ee6625d9c15688be7bc41a38dbac9a7bc8e103,2026-04-25T07:35:37+00:00,2749,286,174,69,3.419,833.4000000000001,14,fit:e47555f16f02711dc446d8bfb5ee6625d9c15688be7bc41a38dbac9a7bc8e103:segment:003,3,7396.0,7325,activities/067_260425073220.csv,1,1,0,0
fit:e47555f16f02711dc446d8bfb5ee6625d9c15688be7bc41a38dbac9a7bc8e103,2026-04-25T07:35:38+00:00,2750,285,174,70,3.559,834.4000000000001,14,fit:e47555f16f02711dc446d8bfb5ee6625d9c15688be7bc41a38dbac9a7bc8e103:segment:003,3,7397.0,7326,activities/067_260425073220.csv,1,1,0,0
fit:e47555f16f02711dc446d8bfb5ee6625d9c15688be7bc41a38dbac9a7bc8e103,2026-04-25T07:35:39+00:00,2751,237,174,70,3.636,834.4000000000001,14,fit:e47555f16f02711dc446d8bfb5ee6625d9c15688be7bc41a38dbac9a7bc8e103:segment:003,3,7398.0,7327,activities/067_260425073220.csv,1,1,0,0
fit:e47555f16f02711dc446d8bfb5ee6625d9c15688be7bc41a38dbac9a7bc8e103,2026-04-25T07:35:40+00:00,2752,200,174,71,2.986,834.4000000000001,14,fit:e47555f16f02711dc446d8bfb5ee6625d9c15688be7bc41a38dbac9a7bc8e103:segment:003,3,7399.0,7328,activities/067_260425073220.csv,1,1,0,0
fit:e47555f16f02711dc446d8bfb5ee6625d9c15688be7bc41a38dbac9a7bc8e103,2026-04-25T07:35:41+00:00,2753,203,174,72,3.344,834.4000000000001,14,fit:e47555f16f02711dc446d8bfb5ee6625d9c15688be7bc41a38dbac9a7bc8e103:segment:003,3,7400.0,7329,activities/067_260425073220.csv,1,1,0,0
fit:e47555f16f02711dc446d8bfb5ee6625d9c15688be7bc41a38dbac9a7bc8e103,2026-04-25T07:35:42+00:00,2754,243,175,74,3.667,835.4000000000001,14,fit:e47555f16f02711dc446d8bfb5ee6625d9c15688be7bc41a38dbac9a7bc8e103:segment:003,3,7401.0,7330,activities/067_260425073220.csv,1,1,0,0
fit:e47555f16f02711dc446d8bfb5ee6625d9c15688be7bc41a38dbac9a7bc8e103,2026-04-25T07:35:43+00:00,2755,264,175,77,3.508,835.4000000000001,14,fit:e47555f16f02711dc446d8bfb5ee6625d9c15688be7bc41a38dbac9a7bc8e103:segment:003,3,7402.0,7331,activities/067_260425073220.csv,1,1,0,0
fit:e47555f16f02711dc446d8bfb5ee6625d9c15688be7bc41a38dbac9a7bc8e103,2026-04-25T07:35:44+00:00,2756,264,175,77,3.493,835.4000000000001,14,fit:e47555f16f02711dc446d8bfb5ee6625d9c15688be7bc41a38dbac9a7bc8e103:segment:003,3,7403.0,7332,activities/067_260425073220.csv,1,1,0,0
fit:e47555f16f02711dc446d8bfb5ee6625d9c15688be7bc41a38dbac9a7bc8e103,2026-04-25T07:35:45+00:00,2757,243,175,81,3.72,835.4000000000001,14,fit:e47555f16f02711dc446d8bfb5ee6625d9c15688be7bc41a38dbac9a7bc8e103:segment:003,3,7404.0,7333,activities/067_260425073220.csv,1,1,0,0
fit:e47555f16f02711dc446d8bfb5ee6625d9c15688be7bc41a38dbac9a7bc8e103,2026-04-25T07:35:46+00:00,2758,204,175,81,4.079,835.4000000000001,14,fit:e47555f16f02711dc446d8bfb5ee6625d9c15688be7bc41a38dbac9a7bc8e103:segment:003,3,7405.0,7334,activities/067_260425073220.csv,1,1,0,0
fit:e47555f16f02711dc446d8bfb5ee6625d9c15688be7bc41a38dbac9a7bc8e103,2026-04-25T07:35:47+00:00,2759,214,174,83,4.282,835.4000000000001,14,fit:e47555f16f02711dc446d8bfb5ee6625d9c15688be7bc41a38dbac9a7bc8e103:segment:003,3,7406.0,7335,activities/067_260425073220.csv,1,1,0,0
fit:e47555f16f02711dc446d8bfb5ee6625d9c15688be7bc41a38dbac9a7bc8e103,2026-04-25T07:35:48+00:00,2760,214,174,83,4.379,836.4000000000001,14,fit:e47555f16f02711dc446d8bfb5ee6625d9c15688be7bc41a38dbac9a7bc8e103:segment:003,3,7407.0,7336,activities/067_260425073220.csv,1,1,0,0
fit:e47555f16f02711dc446d8bfb5ee6625d9c15688be7bc41a38dbac9a7bc8e103,2026-04-25T07:35:49+00:00,2761,94,175,85,4.389,836.4000000000001,14,fit:e47555f16f02711dc446d8bfb5ee6625d9c15688be7bc41a38dbac9a7bc8e103:segment:003,3,7408.0,7337,activities/067_260425073220.csv,1,1,0,0
fit:e47555f16f02711dc446d8bfb5ee6625d9c15688be7bc41a38dbac9a7bc8e103,2026-04-25T07:35:50+00:00,2762,94,174,85,4.871,836.4000000000001,14,fit:e47555f16f02711dc446d8bfb5ee6625d9c15688be7bc41a38dbac9a7bc8e103:segment:003,3,7409.0,7338,activities/067_260425073220.csv,1,1,0,0
fit:e47555f16f02711dc446d8bfb5ee6625d9c15688be7bc41a38dbac9a7bc8e103,2026-04-25T07:35:51+00:00,2763,265,175,85,5.011,836.4000000000001,14,fit:e47555f16f02711dc446d8bfb5ee6625d9c15688be7bc41a38dbac9a7bc8e103:segment:003,3,7410.0,7339,activities/067_260425073220.csv,1,1,0,0
fit:e47555f16f02711dc446d8bfb5ee6625d9c15688be7bc41a38dbac9a7bc8e103,2026-04-25T07:35:52+00:00,2764,242,175,86,5.436,836.4000000000001,14,fit:e47555f16f02711dc446d8bfb5ee6625d9c15688be7bc41a38dbac9a7bc8e103:segment:003,3,7411.0,7340,activities/067_260425073220.csv,1,1,0,0
fit:e47555f16f02711dc446d8bfb5ee6625d9c15688be7bc41a38dbac9a7bc8e103,2026-04-25T07:35:53+00:00,2765,405,175,84,5.975,836.4000000000001,14,fit:e47555f16f02711dc446d8bfb5ee6625d9c15688be7bc41a38dbac9a7bc8e103:segment:003,3,7412.0,7341,activities/067_260425073220.csv,1,1,0,0
fit:e47555f16f02711dc446d8bfb5ee6625d9c15688be7bc41a38dbac9a7bc8e103,2026-04-25T07:35:54+00:00,2766,270,175,82,6.081,835.5999999999999,14,fit:e47555f16f02711dc446d8bfb5ee6625d9c15688be7bc41a38dbac9a7bc8e103:segment:003,3,7413.0,7342,activities/067_260425073220.csv,1,1,0,0
fit:e47555f16f02711dc446d8bfb5ee6625d9c15688be7bc41a38dbac9a7bc8e103,2026-04-25T07:35:55+00:00,2767,224,175,89,6.812,835.5999999999999,14,fit:e47555f16f02711dc446d8bfb5ee6625d9c15688be7bc41a38dbac9a7bc8e103:segment:003,3,7414.0,7343,activities/067_260425073220.csv,1,1,0,0
fit:e47555f16f02711dc446d8bfb5ee6625d9c15688be7bc41a38dbac9a7bc8e103,2026-04-25T07:35:56+00:00,2768,269,175,93,6.828,835.5999999999999,14,fit:e47555f16f02711dc446d8bfb5ee6625d9c15688be7bc41a38dbac9a7bc8e103:segment:003,3,7415.0,7344,activities/067_260425073220.csv,1,1,0,0
fit:e47555f16f02711dc446d8bfb5ee6625d9c15688be7bc41a38dbac9a7bc8e103,2026-04-25T07:35:57+00:00,2769,409,175,96,6.926,835.5999999999999,14,fit:e47555f16f02711dc446d8bfb5ee6625d9c15688be7bc41a38dbac9a7bc8e103:segment:003,3,7416.0,7345,activities/067_260425073220.csv,1,1,0,0
fit:e47555f16f02711dc446d8bfb5ee6625d9c15688be7bc41a38dbac9a7bc8e103,2026-04-25T07:35:58+00:00,2770,191,175,98,6.986,834.5999999999999,14,fit:e47555f16f02711dc446d8bfb5ee6625d9c15688be7bc41a38dbac9a7bc8e103:segment:003,3,7417.0,7346,activities/067_260425073220.csv,1,1,0,0
fit:e47555f16f02711dc446d8bfb5ee6625d9c15688be7bc41a38dbac9a7bc8e103,2026-04-25T07:35:59+00:00,2771,231,174,98,7.006,834.5999999999999,14,fit:e47555f16f02711dc446d8bfb5ee6625d9c15688be7bc41a38dbac9a7bc8e103:segment:003,3,7418.0,7347,activities/067_260425073220.csv,1,1,0,0
fit:e47555f16f02711dc446d8bfb5ee6625d9c15688be7bc41a38dbac9a7bc8e103,2026-04-25T07:36:00+00:00,2772,219,174,99,7.261,834.5999999999999,14,fit:e47555f16f02711dc446d8bfb5ee6625d9c15688be7bc41a38dbac9a7bc8e103:segment:003,3,7419.0,7348,activities/067_260425073220.csv,1,1,0,0
fit:e47555f16f02711dc446d8bfb5ee6625d9c15688be7bc41a38dbac9a7bc8e103,2026-04-25T07:36:01+00:00,2773,269,174,100,7.583,834.5999999999999,14,fit:e47555f16f02711dc446d8bfb5ee6625d9c15688be7bc41a38dbac9a7bc8e103:segment:003,3,7420.0,7349,activities/067_260425073220.csv,1,1,0,0
fit:e47555f16f02711dc446d8bfb5ee6625d9c15688be7bc41a38dbac9a7bc8e103,2026-04-25T07:36:02+00:00,2774,333,174,101,7.927,834.5999999999999,14,fit:e47555f16f02711dc446d8bfb5ee6625d9c15688be7bc41a38dbac9a7bc8e103:segment:003,3,7421.0,7350,activities/067_260425073220.csv,1,1,0,0
fit:e47555f16f02711dc446d8bfb5ee6625d9c15688be7bc41a38dbac9a7bc8e103,2026-04-25T07:36:03+00:00,2775,372,174,99,7.966,834.5999999999999,14,fit:e47555f16f02711dc446d8bfb5ee6625d9c15688be7bc41a38dbac9a7bc8e103:segment:003,3,7422.0,7351,activities/067_260425073220.csv,1,1,0,0
fit:e47555f16f02711dc446d8bfb5ee6625d9c15688be7bc41a38dbac9a7bc8e103,2026-04-25T07:36:04+00:00,2776,319,174,97,8.392,833.5999999999999,14,fit:e47555f16f02711dc446d8bfb5ee6625d9c15688be7bc41a38dbac9a7bc8e103:segment:003,3,7423.0,7352,activities/067_260425073220.csv,1,1,0,0
fit:e47555f16f02711dc446d8bfb5ee6625d9c15688be7bc41a38dbac9a7bc8e103,2026-04-25T07:36:05+00:00,2777,291,174,100,8.123,833.5999999999999,14,fit:e47555f16f02711dc446d8bfb5ee6625d9c15688be7bc41a38dbac9a7bc8e103:segment:003,3,7424.0,7353,activities/067_260425073220.csv,1,1,0,0
fit:e47555f16f02711dc446d8bfb5ee6625d9c15688be7bc41a38dbac9a7bc8e103,2026-04-25T07:36:06+00:00,2778,204,174,101,8.094,833.5999999999999,14,fit:e47555f16f02711dc446d8bfb5ee6625d9c15688be7bc41a38dbac9a7bc8e103:segment:003,3,7425.0,7354,activities/067_260425073220.csv,1,1,0,0
fit:e47555f16f02711dc446d8bfb5ee6625d9c15688be7bc41a38dbac9a7bc8e103,2026-04-25T07:36:07+00:00,2779,160,173,102,8.49,833.5999999999999,14,fit:e47555f16f02711dc446d8bfb5ee6625d9c15688be7bc41a38dbac9a7bc8e103:segment:003,3,7426.0,7355,activities/067_260425073220.csv,1,1,0,0
fit:e47555f16f02711dc446d8bfb5ee6625d9c15688be7bc41a38dbac9a7bc8e103,2026-04-25T07:36:08+00:00,2780,141,173,103,8.409,833.5999999999999,14,fit:e47555f16f02711dc446d8bfb5ee6625d9c15688be7bc41a38dbac9a7bc8e103:segment:003,3,7427.0,7356,activities/067_260425073220.csv,1,1,0,0
fit:e47555f16f02711dc446d8bfb5ee6625d9c15688be7bc41a38dbac9a7bc8e103,2026-04-25T07:36:09+00:00,2781,114,173,103,8.493,832.5999999999999,14,fit:e47555f16f02711dc446d8bfb5ee6625d9c15688be7bc41a38dbac9a7bc8e103:segment:003,3,7428.0,7357,activities/067_260425073220.csv,1,1,0,0
fit:e47555f16f02711dc446d8bfb5ee6625d9c15688be7bc41a38dbac9a7bc8e103,2026-04-25T07:36:10+00:00,2782,118,173,103,8.803,832.5999999999999,14,fit:e47555f16f02711dc446d8bfb5ee6625d9c15688be7bc41a38dbac9a7bc8e103:segment:003,3,7429.0,7358,activities/067_260425073220.csv,1,1,0,0
fit:e47555f16f02711dc446d8bfb5ee6625d9c15688be7bc41a38dbac9a7bc8e103,2026-04-25T07:36:11+00:00,2783,130,173,102,8.834,832.5999999999999,14,fit:e47555f16f02711dc446d8bfb5ee6625d9c15688be7bc41a38dbac9a7bc8e103:segment:003,3,7430.0,7359,activities/067_260425073220.csv,1,1,0,0
fit:e47555f16f02711dc446d8bfb5ee6625d9c15688be7bc41a38dbac9a7bc8e103,2026-04-25T07:36:12+00:00,2784,149,172,103,8.697,833.5999999999999,14,fit:e47555f16f02711dc446d8bfb5ee6625d9c15688be7bc41a38dbac9a7bc8e103:segment:003,3,7431.0,7360,activities/067_260425073220.csv,1,1,0,0
fit:e47555f16f02711dc446d8bfb5ee6625d9c15688be7bc41a38dbac9a7bc8e103,2026-04-25T07:36:13+00:00,2785,130,172,103,9.168,833.5999999999999,14,fit:e47555f16f02711dc446d8bfb5ee6625d9c15688be7bc41a38dbac9a7bc8e103:segment:003,3,7432.0,7361,activities/067_260425073220.csv,1,1,0,0
fit:e47555f16f02711dc446d8bfb5ee6625d9c15688be7bc41a38dbac9a7bc8e103,2026-04-25T07:36:14+00:00,2786,213,171,103,9.338,833.5999999999999,14,fit:e47555f16f02711dc446d8bfb5ee6625d9c15688be7bc41a38dbac9a7bc8e103:segment:003,3,7433.0,7362,activities/067_260425073220.csv,1,1,0,0
fit:e47555f16f02711dc446d8bfb5ee6625d9c15688be7bc41a38dbac9a7bc8e103,2026-04-25T07:36:15+00:00,2787,269,170,100,9.261,832.5999999999999,14,fit:e47555f16f02711dc446d8bfb5ee6625d9c15688be7bc41a38dbac9a7bc8e103:segment:003,3,7434.0,7363,activities/067_260425073220.csv,1,1,0,0
fit:e47555f16f02711dc446d8bfb5ee6625d9c15688be7bc41a38dbac9a7bc8e103,2026-04-25T07:36:16+00:00,2788,221,169,97,9.365,831.8,14,fit:e47555f16f02711dc446d8bfb5ee6625d9c15688be7bc41a38dbac9a7bc8e103:segment:003,3,7435.0,7364,activities/067_260425073220.csv,1,1,0,0
fit:e47555f16f02711dc446d8bfb5ee6625d9c15688be7bc41a38dbac9a7bc8e103,2026-04-25T07:36:17+00:00,2789,162,169,98,9.719,830.8,14,fit:e47555f16f02711dc446d8bfb5ee6625d9c15688be7bc41a38dbac9a7bc8e103:segment:003,3,7436.0,7365,activities/067_260425073220.csv,1,1,0,0
fit:e47555f16f02711dc446d8bfb5ee6625d9c15688be7bc41a38dbac9a7bc8e103,2026-04-25T07:36:18+00:00,2790,162,168,99,9.935,830.8,14,fit:e47555f16f02711dc446d8bfb5ee6625d9c15688be7bc41a38dbac9a7bc8e103:segment:003,3,7437.0,7366,activities/067_260425073220.csv,1,1,0,0
fit:e47555f16f02711dc446d8bfb5ee6625d9c15688be7bc41a38dbac9a7bc8e103,2026-04-25T07:36:19+00:00,2791,298,168,99,10.186,830.8,14,fit:e47555f16f02711dc446d8bfb5ee6625d9c15688be7bc41a38dbac9a7bc8e103:segment:003,3,7438.0,7367,activities/067_260425073220.csv,1,1,0,0
fit:e47555f16f02711dc446d8bfb5ee6625d9c15688be7bc41a38dbac9a7bc8e103,2026-04-25T07:36:20+00:00,2792,298,168,101,10.082,831.5999999999999,14,fit:e47555f16f02711dc446d8bfb5ee6625d9c15688be7bc41a38dbac9a7bc8e103:segment:003,3,7439.0,7368,activities/067_260425073220.csv,1,1,0,0
fit:e47555f16f02711dc446d8bfb5ee6625d9c15688be7bc41a38dbac9a7bc8e103,2026-04-25T07:36:21+00:00,2793,300,168,106,9.86,831.5999999999999,14,fit:e47555f16f02711dc446d8bfb5ee6625d9c15688be7bc41a38dbac9a7bc8e103:segment:003,3,7440.0,7369,activities/067_260425073220.csv,1,1,0,0
fit:e47555f16f02711dc446d8bfb5ee6625d9c15688be7bc41a38dbac9a7bc8e103,2026-04-25T07:36:22+00:00,2794,316,168,106,10.397,831.5999999999999,14,fit:e47555f16f02711dc446d8bfb5ee6625d9c15688be7bc41a38dbac9a7bc8e103:segment:003,3,7441.0,7370,activities/067_260425073220.csv,1,1,0,0
fit:e47555f16f02711dc446d8bfb5ee6625d9c15688be7bc41a38dbac9a7bc8e103,2026-04-25T07:36:23+00:00,2795,366,168,109,10.706,830.5999999999999,14,fit:e47555f16f02711dc446d8bfb5ee6625d9c15688be7bc41a38dbac9a7bc8e103:segment:003,3,7442.0,7371,activities/067_260425073220.csv,1,1,0,0
fit:e47555f16f02711dc446d8bfb5ee6625d9c15688be7bc41a38dbac9a7bc8e103,2026-04-25T07:36:24+00:00,2796,195,168,109,11.057,829.5999999999999,14,fit:e47555f16f02711dc446d8bfb5ee6625d9c15688be7bc41a38dbac9a7bc8e103:segment:003,3,7443.0,7372,activities/067_260425073220.csv,1,1,0,0
fit:e47555f16f02711dc446d8bfb5ee6625d9c15688be7bc41a38dbac9a7bc8e103,2026-04-25T07:36:25+00:00,2797,277,168,99,11.144,828.5999999999999,14,fit:e47555f16f02711dc446d8bfb5ee6625d9c15688be7bc41a38dbac9a7bc8e103:segment:003,3,7444.0,7373,activities/067_260425073220.csv,1,1,0,0
fit:e47555f16f02711dc446d8bfb5ee6625d9c15688be7bc41a38dbac9a7bc8e103,2026-04-25T07:36:26+00:00,2798,181,168,99,11.103,828.2,14,fit:e47555f16f02711dc446d8bfb5ee6625d9c15688be7bc41a38dbac9a7bc8e103:segment:003,3,7445.0,7374,activities/067_260425073220.csv,1,1,0,0
fit:e47555f16f02711dc446d8bfb5ee6625d9c15688be7bc41a38dbac9a7bc8e103,2026-04-25T07:36:27+00:00,2799,181,169,99,11.49,828.2,14,fit:e47555f16f02711dc446d8bfb5ee6625d9c15688be7bc41a38dbac9a7bc8e103:segment:003,3,7446.0,7375,activities/067_260425073220.csv,1,1,0,0
fit:e47555f16f02711dc446d8bfb5ee6625d9c15688be7bc41a38dbac9a7bc8e103,2026-04-25T07:36:28+00:00,2800,181,169,99,11.69,828.2,14,fit:e47555f16f02711dc446d8bfb5ee6625d9c15688be7bc41a38dbac9a7bc8e103:segment:003,3,7447.0,7376,activities/067_260425073220.csv,1,1,0,0
fit:e47555f16f02711dc446d8bfb5ee6625d9c15688be7bc41a38dbac9a7bc8e103,2026-04-25T07:36:29+00:00,2801,10,169,22,11.875,828.2,14,fit:e47555f16f02711dc446d8bfb5ee6625d9c15688be7bc41a38dbac9a7bc8e103:segment:003,3,7448.0,7377,activities/067_260425073220.csv,1,1,0,0
fit:e47555f16f02711dc446d8bfb5ee6625d9c15688be7bc41a38dbac9a7bc8e103,2026-04-25T07:36:30+00:00,2802,379,169,97,11.896,827.2,14,fit:e47555f16f02711dc446d8bfb5ee6625d9c15688be7bc41a38dbac9a7bc8e103:segment:003,3,7449.0,7378,activities/067_260425073220.csv,1,1,0,0
fit:e47555f16f02711dc446d8bfb5ee6625d9c15688be7bc41a38dbac9a7bc8e103,2026-04-25T07:36:31+00:00,2803,379,169,97,11.734,827.2,14,fit:e47555f16f02711dc446d8bfb5ee6625d9c15688be7bc41a38dbac9a7bc8e103:segment:003,3,7450.0,7379,activities/067_260425073220.csv,1,1,0,0
fit:e47555f16f02711dc446d8bfb5ee6625d9c15688be7bc41a38dbac9a7bc8e103,2026-04-25T07:36:32+00:00,2804,451,169,103,11.878,827.2,14,fit:e47555f16f02711dc446d8bfb5ee6625d9c15688be7bc41a38dbac9a7bc8e103:segment:003,3,7451.0,7380,activities/067_260425073220.csv,1,1,0,0
fit:e47555f16f02711dc446d8bfb5ee6625d9c15688be7bc41a38dbac9a7bc8e103,2026-04-25T07:36:33+00:00,2805,393,169,105,12.233,827.2,14,fit:e47555f16f02711dc446d8bfb5ee6625d9c15688be7bc41a38dbac9a7bc8e103:segment:003,3,7452.0,7381,activities/067_260425073220.csv,1,1,0,0
fit:e47555f16f02711dc446d8bfb5ee6625d9c15688be7bc41a38dbac9a7bc8e103,2026-04-25T07:36:34+00:00,2806,345,169,106,12.525,826.2,14,fit:e47555f16f02711dc446d8bfb5ee6625d9c15688be7bc41a38dbac9a7bc8e103:segment:003,3,7453.0,7382,activities/067_260425073220.csv,1,1,0,0
fit:e47555f16f02711dc446d8bfb5ee6625d9c15688be7bc41a38dbac9a7bc8e103,2026-04-25T07:36:35+00:00,2807,216,169,107,12.982,825.2,14,fit:e47555f16f02711dc446d8bfb5ee6625d9c15688be7bc41a38dbac9a7bc8e103:segment:003,3,7454.0,7383,activities/067_260425073220.csv,1,1,0,0
fit:e47555f16f02711dc446d8bfb5ee6625d9c15688be7bc41a38dbac9a7bc8e103,2026-04-25T07:36:36+00:00,2808,286,169,106,13.158,824.4000000000001,14,fit:e47555f16f02711dc446d8bfb5ee6625d9c15688be7bc41a38dbac9a7bc8e103:segment:003,3,7455.0,7384,activities/067_260425073220.csv,1,1,0,0
fit:e47555f16f02711dc446d8bfb5ee6625d9c15688be7bc41a38dbac9a7bc8e103,2026-04-25T07:36:37+00:00,2809,352,169,105,13.164,824.2,14,fit:e47555f16f02711dc446d8bfb5ee6625d9c15688be7bc41a38dbac9a7bc8e103:segment:003,3,7456.0,7385,activities/067_260425073220.csv,1,1,0,0
fit:e47555f16f02711dc446d8bfb5ee6625d9c15688be7bc41a38dbac9a7bc8e103,2026-04-25T07:36:38+00:00,2810,353,169,105,13.077,824.2,14,fit:e47555f16f02711dc446d8bfb5ee6625d9c15688be7bc41a38dbac9a7bc8e103:segment:003,3,7457.0,7386,activities/067_260425073220.csv,1,1,0,0
fit:e47555f16f02711dc446d8bfb5ee6625d9c15688be7bc41a38dbac9a7bc8e103,2026-04-25T07:36:39+00:00,2811,17,169,105,12.887,824.2,14,fit:e47555f16f02711dc446d8bfb5ee6625d9c15688be7bc41a38dbac9a7bc8e103:segment:003,3,7458.0,7387,activities/067_260425073220.csv,1,1,0,0
fit:e47555f16f02711dc446d8bfb5ee6625d9c15688be7bc41a38dbac9a7bc8e103,2026-04-25T07:36:40+00:00,2812,383,169,93,12.51,825.2,14,fit:e47555f16f02711dc446d8bfb5ee6625d9c15688be7bc41a38dbac9a7bc8e103:segment:003,3,7459.0,7388,activities/067_260425073220.csv,1,1,0,0
fit:e47555f16f02711dc446d8bfb5ee6625d9c15688be7bc41a38dbac9a7bc8e103,2026-04-25T07:36:41+00:00,2813,408,169,97,12.038,825.5999999999999,14,fit:e47555f16f02711dc446d8bfb5ee6625d9c15688be7bc41a38dbac9a7bc8e103:segment:003,3,7460.0,7389,activities/067_260425073220.csv,1,1,0,0
fit:e47555f16f02711dc446d8bfb5ee6625d9c15688be7bc41a38dbac9a7bc8e103,2026-04-25T07:36:42+00:00,2814,465,169,101,11.641,826.5999999999999,14,fit:e47555f16f02711dc446d8bfb5ee6625d9c15688be7bc41a38dbac9a7bc8e103:segment:003,3,7461.0,7390,activities/067_260425073220.csv,1,1,0,0
fit:e47555f16f02711dc446d8bfb5ee6625d9c15688be7bc41a38dbac9a7bc8e103,2026-04-25T07:36:43+00:00,2815,464,169,101,11.139,826.5999999999999,14,fit:e47555f16f02711dc446d8bfb5ee6625d9c15688be7bc41a38dbac9a7bc8e103:segment:003,3,7462.0,7391,activities/067_260425073220.csv,1,1,0,0
fit:e47555f16f02711dc446d8bfb5ee6625d9c15688be7bc41a38dbac9a7bc8e103,2026-04-25T07:36:44+00:00,2816,449,169,100,11.056,826.5999999999999,14,fit:e47555f16f02711dc446d8bfb5ee6625d9c15688be7bc41a38dbac9a7bc8e103:segment:003,3,7463.0,7392,activities/067_260425073220.csv,1,1,0,0
fit:e47555f16f02711dc446d8bfb5ee6625d9c15688be7bc41a38dbac9a7bc8e103,2026-04-25T07:36:45+00:00,2817,435,169,98,11.112,826.5999999999999,14,fit:e47555f16f02711dc446d8bfb5ee6625d9c15688be7bc41a38dbac9a7bc8e103:segment:003,3,7464.0,7393,activities/067_260425073220.csv,1,1,0,0
fit:e47555f16f02711dc446d8bfb5ee6625d9c15688be7bc41a38dbac9a7bc8e103,2026-04-25T07:36:46+00:00,2818,455,169,95,10.911,827.5999999999999,14,fit:e47555f16f02711dc446d8bfb5ee6625d9c15688be7bc41a38dbac9a7bc8e103:segment:003,3,7465.0,7394,activities/067_260425073220.csv,1,1,0,0
fit:e47555f16f02711dc446d8bfb5ee6625d9c15688be7bc41a38dbac9a7bc8e103,2026-04-25T07:36:47+00:00,2819,372,169,90,10.666,828.5999999999999,14,fit:e47555f16f02711dc446d8bfb5ee6625d9c15688be7bc41a38dbac9a7bc8e103:segment:003,3,7466.0,7395,activities/067_260425073220.csv,1,1,0,0
fit:e47555f16f02711dc446d8bfb5ee6625d9c15688be7bc41a38dbac9a7bc8e103,2026-04-25T07:36:48+00:00,2820,376,170,93,10.412,829.5999999999999,14,fit:e47555f16f02711dc446d8bfb5ee6625d9c15688be7bc41a38dbac9a7bc8e103:segment:003,3,7467.0,7396,activities/067_260425073220.csv,1,1,0,0
fit:e47555f16f02711dc446d8bfb5ee6625d9c15688be7bc41a38dbac9a7bc8e103,2026-04-25T07:36:49+00:00,2821,393,170,91,10.027,830.5999999999999,14,fit:e47555f16f02711dc446d8bfb5ee6625d9c15688be7bc41a38dbac9a7bc8e103:segment:003,3,7468.0,7397,activities/067_260425073220.csv,1,1,0,0
fit:e47555f16f02711dc446d8bfb5ee6625d9c15688be7bc41a38dbac9a7bc8e103,2026-04-25T07:36:50+00:00,2822,422,170,89,9.558,831.5999999999999,14,fit:e47555f16f02711dc446d8bfb5ee6625d9c15688be7bc41a38dbac9a7bc8e103:segment:003,3,7469.0,7398,activities/067_260425073220.csv,1,1,0,0
fit:e47555f16f02711dc446d8bfb5ee6625d9c15688be7bc41a38dbac9a7bc8e103,2026-04-25T07:36:51+00:00,2823,498,170,91,9.182,832.5999999999999,14,fit:e47555f16f02711dc446d8bfb5ee6625d9c15688be7bc41a38dbac9a7bc8e103:segment:003,3,7470.0,7399,activities/067_260425073220.csv,1,1,0,0
fit:e47555f16f02711dc446d8bfb5ee6625d9c15688be7bc41a38dbac9a7bc8e103,2026-04-25T07:36:52+00:00,2824,460,170,93,8.912,832.8,14,fit:e47555f16f02711dc446d8bfb5ee6625d9c15688be7bc41a38dbac9a7bc8e103:segment:003,3,7471.0,7400,activities/067_260425073220.csv,1,1,0,0
fit:e47555f16f02711dc446d8bfb5ee6625d9c15688be7bc41a38dbac9a7bc8e103,2026-04-25T07:36:53+00:00,2825,264,170,88,8.932,832.8,14,fit:e47555f16f02711dc446d8bfb5ee6625d9c15688be7bc41a38dbac9a7bc8e103:segment:003,3,7472.0,7401,activities/067_260425073220.csv,1,1,0,0
fit:e47555f16f02711dc446d8bfb5ee6625d9c15688be7bc41a38dbac9a7bc8e103,2026-04-25T07:36:54+00:00,2826,203,171,98,9.334,832.8,14,fit:e47555f16f02711dc446d8bfb5ee6625d9c15688be7bc41a38dbac9a7bc8e103:segment:003,3,7473.0,7402,activities/067_260425073220.csv,1,1,0,0
fit:e47555f16f02711dc446d8bfb5ee6625d9c15688be7bc41a38dbac9a7bc8e103,2026-04-25T07:36:55+00:00,2827,456,171,92,9.506,832.4000000000001,14,fit:e47555f16f02711dc446d8bfb5ee6625d9c15688be7bc41a38dbac9a7bc8e103:segment:003,3,7474.0,7403,activities/067_260425073220.csv,1,1,0,0
fit:e47555f16f02711dc446d8bfb5ee6625d9c15688be7bc41a38dbac9a7bc8e103,2026-04-25T07:36:56+00:00,2828,369,172,99,9.881,831.5999999999999,14,fit:e47555f16f02711dc446d8bfb5ee6625d9c15688be7bc41a38dbac9a7bc8e103:segment:003,3,7475.0,7404,activities/067_260425073220.csv,1,1,0,0
fit:e47555f16f02711dc446d8bfb5ee6625d9c15688be7bc41a38dbac9a7bc8e103,2026-04-25T07:36:57+00:00,2829,227,172,104,10.267,830.5999999999999,14,fit:e47555f16f02711dc446d8bfb5ee6625d9c15688be7bc41a38dbac9a7bc8e103:segment:003,3,7476.0,7405,activities/067_260425073220.csv,1,1,0,0
fit:e47555f16f02711dc446d8bfb5ee6625d9c15688be7bc41a38dbac9a7bc8e103,2026-04-25T07:36:58+00:00,2830,232,172,105,10.829,830.5999999999999,14,fit:e47555f16f02711dc446d8bfb5ee6625d9c15688be7bc41a38dbac9a7bc8e103:segment:003,3,7477.0,7406,activities/067_260425073220.csv,1,1,0,0
fit:e47555f16f02711dc446d8bfb5ee6625d9c15688be7bc41a38dbac9a7bc8e103,2026-04-25T07:36:59+00:00,2831,336,172,106,11.162,830.5999999999999,14,fit:e47555f16f02711dc446d8bfb5ee6625d9c15688be7bc41a38dbac9a7bc8e103:segment:003,3,7478.0,7407,activities/067_260425073220.csv,1,1,0,0
fit:e47555f16f02711dc446d8bfb5ee6625d9c15688be7bc41a38dbac9a7bc8e103,2026-04-25T07:37:00+00:00,2832,337,173,106,11.459,830.5999999999999,14,fit:e47555f16f02711dc446d8bfb5ee6625d9c15688be7bc41a38dbac9a7bc8e103:segment:003,3,7479.0,7408,activities/067_260425073220.csv,1,1,0,0
fit:e47555f16f02711dc446d8bfb5ee6625d9c15688be7bc41a38dbac9a7bc8e103,2026-04-25T07:37:01+00:00,2833,263,173,101,11.507,830.5999999999999,14,fit:e47555f16f02711dc446d8bfb5ee6625d9c15688be7bc41a38dbac9a7bc8e103:segment:003,3,7480.0,7409,activities/067_260425073220.csv,1,1,0,0
fit:e47555f16f02711dc446d8bfb5ee6625d9c15688be7bc41a38dbac9a7bc8e103,2026-04-25T07:37:02+00:00,2834,448,174,97,11.501,830.5999999999999,14,fit:e47555f16f02711dc446d8bfb5ee6625d9c15688be7bc41a38dbac9a7bc8e103:segment:003,3,7481.0,7410,activities/067_260425073220.csv,1,1,0,0
fit:e47555f16f02711dc446d8bfb5ee6625d9c15688be7bc41a38dbac9a7bc8e103,2026-04-25T07:37:03+00:00,2835,448,174,95,11.102,830.5999999999999,14,fit:e47555f16f02711dc446d8bfb5ee6625d9c15688be7bc41a38dbac9a7bc8e103:segment:003,3,7482.0,7411,activities/067_260425073220.csv,1,1,0,0
fit:e47555f16f02711dc446d8bfb5ee6625d9c15688be7bc41a38dbac9a7bc8e103,2026-04-25T07:37:04+00:00,2836,413,175,92,10.641,830.5999999999999,14,fit:e47555f16f02711dc446d8bfb5ee6625d9c15688be7bc41a38dbac9a7bc8e103:segment:003,3,7483.0,7412,activities/067_260425073220.csv,1,1,0,0
fit:e47555f16f02711dc446d8bfb5ee6625d9c15688be7bc41a38dbac9a7bc8e103,2026-04-25T07:37:05+00:00,2837,362,175,91,10.304,831.5999999999999,14,fit:e47555f16f02711dc446d8bfb5ee6625d9c15688be7bc41a38dbac9a7bc8e103:segment:003,3,7484.0,7413,activities/067_260425073220.csv,1,1,0,0
fit:e47555f16f02711dc446d8bfb5ee6625d9c15688be7bc41a38dbac9a7bc8e103,2026-04-25T07:37:06+00:00,2838,99,176,91,10.126,832.5999999999999,14,fit:e47555f16f02711dc446d8bfb5ee6625d9c15688be7bc41a38dbac9a7bc8e103:segment:003,3,7485.0,7414,activities/067_260425073220.csv,1,1,0,0
fit:e47555f16f02711dc446d8bfb5ee6625d9c15688be7bc41a38dbac9a7bc8e103,2026-04-25T07:37:07+00:00,2839,263,176,94,9.955,833.5999999999999,14,fit:e47555f16f02711dc446d8bfb5ee6625d9c15688be7bc41a38dbac9a7bc8e103:segment:003,3,7486.0,7415,activities/067_260425073220.csv,1,1,0,0
fit:e47555f16f02711dc446d8bfb5ee6625d9c15688be7bc41a38dbac9a7bc8e103,2026-04-25T07:37:08+00:00,2840,383,177,91,9.619,834.5999999999999,14,fit:e47555f16f02711dc446d8bfb5ee6625d9c15688be7bc41a38dbac9a7bc8e103:segment:003,3,7487.0,7416,activities/067_260425073220.csv,1,1,0,0
fit:e47555f16f02711dc446d8bfb5ee6625d9c15688be7bc41a38dbac9a7bc8e103,2026-04-25T07:37:09+00:00,2841,323,177,88,9.14,835.4000000000001,14,fit:e47555f16f02711dc446d8bfb5ee6625d9c15688be7bc41a38dbac9a7bc8e103:segment:003,3,7488.0,7417,activities/067_260425073220.csv,1,1,0,0
fit:e47555f16f02711dc446d8bfb5ee6625d9c15688be7bc41a38dbac9a7bc8e103,2026-04-25T07:37:10+00:00,2842,299,177,85,8.776,835.5999999999999,14,fit:e47555f16f02711dc446d8bfb5ee6625d9c15688be7bc41a38dbac9a7bc8e103:segment:003,3,7489.0,7418,activities/067_260425073220.csv,1,1,0,0
fit:e47555f16f02711dc446d8bfb5ee6625d9c15688be7bc41a38dbac9a7bc8e103,2026-04-25T07:37:11+00:00,2843,275,177,84,8.524,836.5999999999999,14,fit:e47555f16f02711dc446d8bfb5ee6625d9c15688be7bc41a38dbac9a7bc8e103:segment:003,3,7490.0,7419,activities/067_260425073220.csv,1,1,0,0
fit:e47555f16f02711dc446d8bfb5ee6625d9c15688be7bc41a38dbac9a7bc8e103,2026-04-25T07:37:12+00:00,2844,299,177,85,8.349,836.5999999999999,14,fit:e47555f16f02711dc446d8bfb5ee6625d9c15688be7bc41a38dbac9a7bc8e103:segment:003,3,7491.0,7420,activities/067_260425073220.csv,1,1,0,0
fit:e47555f16f02711dc446d8bfb5ee6625d9c15688be7bc41a38dbac9a7bc8e103,2026-04-25T07:37:13+00:00,2845,319,178,86,8.366,836.5999999999999,14,fit:e47555f16f02711dc446d8bfb5ee6625d9c15688be7bc41a38dbac9a7bc8e103:segment:003,3,7492.0,7421,activities/067_260425073220.csv,1,1,0,0
fit:e47555f16f02711dc446d8bfb5ee6625d9c15688be7bc41a38dbac9a7bc8e103,2026-04-25T07:37:14+00:00,2846,370,178,85,8.394,836.2,14,fit:e47555f16f02711dc446d8bfb5ee6625d9c15688be7bc41a38dbac9a7bc8e103:segment:003,3,7493.0,7422,activities/067_260425073220.csv,1,1,0,0
fit:e47555f16f02711dc446d8bfb5ee6625d9c15688be7bc41a38dbac9a7bc8e103,2026-04-25T07:37:15+00:00,2847,388,178,83,8.429,836.2,14,fit:e47555f16f02711dc446d8bfb5ee6625d9c15688be7bc41a38dbac9a7bc8e103:segment:003,3,7494.0,7423,activities/067_260425073220.csv,1,1,0,0
fit:e47555f16f02711dc446d8bfb5ee6625d9c15688be7bc41a38dbac9a7bc8e103,2026-04-25T07:37:16+00:00,2848,319,178,76,8.225,836.2,14,fit:e47555f16f02711dc446d8bfb5ee6625d9c15688be7bc41a38dbac9a7bc8e103:segment:003,3,7495.0,7424,activities/067_260425073220.csv,1,1,0,0
fit:e47555f16f02711dc446d8bfb5ee6625d9c15688be7bc41a38dbac9a7bc8e103,2026-04-25T07:37:17+00:00,2849,288,177,73,7.914,837.2,14,fit:e47555f16f02711dc446d8bfb5ee6625d9c15688be7bc41a38dbac9a7bc8e103:segment:003,3,7496.0,7425,activities/067_260425073220.csv,1,1,0,0
fit:e47555f16f02711dc446d8bfb5ee6625d9c15688be7bc41a38dbac9a7bc8e103,2026-04-25T07:37:18+00:00,2850,275,177,71,7.513,838.2,14,fit:e47555f16f02711dc446d8bfb5ee6625d9c15688be7bc41a38dbac9a7bc8e103:segment:003,3,7497.0,7426,activities/067_260425073220.csv,1,1,0,0
fit:e47555f16f02711dc446d8bfb5ee6625d9c15688be7bc41a38dbac9a7bc8e103,2026-04-25T07:37:19+00:00,2851,267,177,71,7.228,839.2,14,fit:e47555f16f02711dc446d8bfb5ee6625d9c15688be7bc41a38dbac9a7bc8e103:segment:003,3,7498.0,7427,activities/067_260425073220.csv,1,1,0,0
fit:e47555f16f02711dc446d8bfb5ee6625d9c15688be7bc41a38dbac9a7bc8e103,2026-04-25T07:37:20+00:00,2852,296,177,72,7.12,839.4000000000001,14,fit:e47555f16f02711dc446d8bfb5ee6625d9c15688be7bc41a38dbac9a7bc8e103:segment:003,3,7499.0,7428,activities/067_260425073220.csv,1,1,0,0
fit:e47555f16f02711dc446d8bfb5ee6625d9c15688be7bc41a38dbac9a7bc8e103,2026-04-25T07:37:21+00:00,2853,216,177,77,7.181,839.5999999999999,14,fit:e47555f16f02711dc446d8bfb5ee6625d9c15688be7bc41a38dbac9a7bc8e103:segment:003,3,7500.0,7429,activities/067_260425073220.csv,1,1,0,0
fit:e47555f16f02711dc446d8bfb5ee6625d9c15688be7bc41a38dbac9a7bc8e103,2026-04-25T07:37:22+00:00,2854,165,177,80,7.305,839.5999999999999,14,fit:e47555f16f02711dc446d8bfb5ee6625d9c15688be7bc41a38dbac9a7bc8e103:segment:003,3,7501.0,7430,activities/067_260425073220.csv,1,1,0,0
fit:e47555f16f02711dc446d8bfb5ee6625d9c15688be7bc41a38dbac9a7bc8e103,2026-04-25T07:37:23+00:00,2855,222,177,86,7.539,839.5999999999999,14,fit:e47555f16f02711dc446d8bfb5ee6625d9c15688be7bc41a38dbac9a7bc8e103:segment:003,3,7502.0,7431,activities/067_260425073220.csv,1,1,0,0
fit:e47555f16f02711dc446d8bfb5ee6625d9c15688be7bc41a38dbac9a7bc8e103,2026-04-25T07:37:24+00:00,2856,107,176,83,7.826,838.8,14,fit:e47555f16f02711dc446d8bfb5ee6625d9c15688be7bc41a38dbac9a7bc8e103:segment:003,3,7503.0,7432,activities/067_260425073220.csv,1,1,0,0
fit:e47555f16f02711dc446d8bfb5ee6625d9c15688be7bc41a38dbac9a7bc8e103,2026-04-25T07:37:25+00:00,2857,249,176,82,8.238,837.8,14,fit:e47555f16f02711dc446d8bfb5ee6625d9c15688be7bc41a38dbac9a7bc8e103:segment:003,3,7504.0,7433,activities/067_260425073220.csv,1,1,0,0
fit:e47555f16f02711dc446d8bfb5ee6625d9c15688be7bc41a38dbac9a7bc8e103,2026-04-25T07:37:26+00:00,2858,169,175,86,8.649,837.8,14,fit:e47555f16f02711dc446d8bfb5ee6625d9c15688be7bc41a38dbac9a7bc8e103:segment:003,3,7505.0,7434,activities/067_260425073220.csv,1,1,0,0
fit:e47555f16f02711dc446d8bfb5ee6625d9c15688be7bc41a38dbac9a7bc8e103,2026-04-25T07:37:27+00:00,2859,163,175,87,8.97,837.8,14,fit:e47555f16f02711dc446d8bfb5ee6625d9c15688be7bc41a38dbac9a7bc8e103:segment:003,3,7506.0,7435,activities/067_260425073220.csv,1,1,0,0
fit:e47555f16f02711dc446d8bfb5ee6625d9c15688be7bc41a38dbac9a7bc8e103,2026-04-25T07:37:28+00:00,2860,113,175,88,9.408,837.8,14,fit:e47555f16f02711dc446d8bfb5ee6625d9c15688be7bc41a38dbac9a7bc8e103:segment:003,3,7507.0,7436,activities/067_260425073220.csv,1,1,0,0
fit:e47555f16f02711dc446d8bfb5ee6625d9c15688be7bc41a38dbac9a7bc8e103,2026-04-25T07:37:29+00:00,2861,124,175,89,9.567,837.0,14,fit:e47555f16f02711dc446d8bfb5ee6625d9c15688be7bc41a38dbac9a7bc8e103:segment:003,3,7508.0,7437,activities/067_260425073220.csv,1,1,0,0
fit:e47555f16f02711dc446d8bfb5ee6625d9c15688be7bc41a38dbac9a7bc8e103,2026-04-25T07:37:30+00:00,2862,105,174,89,9.657,836.2,14,fit:e47555f16f02711dc446d8bfb5ee6625d9c15688be7bc41a38dbac9a7bc8e103:segment:003,3,7509.0,7438,activities/067_260425073220.csv,1,1,0,0
fit:e47555f16f02711dc446d8bfb5ee6625d9c15688be7bc41a38dbac9a7bc8e103,2026-04-25T07:37:31+00:00,2863,131,174,88,9.752,836.2,14,fit:e47555f16f02711dc446d8bfb5ee6625d9c15688be7bc41a38dbac9a7bc8e103:segment:003,3,7510.0,7439,activities/067_260425073220.csv,1,1,0,0
fit:e47555f16f02711dc446d8bfb5ee6625d9c15688be7bc41a38dbac9a7bc8e103,2026-04-25T07:37:32+00:00,2864,132,174,87,9.858,836.2,14,fit:e47555f16f02711dc446d8bfb5ee6625d9c15688be7bc41a38dbac9a7bc8e103:segment:003,3,7511.0,7440,activities/067_260425073220.csv,1,1,0,0
fit:e47555f16f02711dc446d8bfb5ee6625d9c15688be7bc41a38dbac9a7bc8e103,2026-04-25T07:37:33+00:00,2865,130,174,85,9.815,836.2,14,fit:e47555f16f02711dc446d8bfb5ee6625d9c15688be7bc41a38dbac9a7bc8e103:segment:003,3,7512.0,7441,activities/067_260425073220.csv,1,1,0,0
fit:e47555f16f02711dc446d8bfb5ee6625d9c15688be7bc41a38dbac9a7bc8e103,2026-04-25T07:37:34+00:00,2866,209,173,84,9.642,837.2,14,fit:e47555f16f02711dc446d8bfb5ee6625d9c15688be7bc41a38dbac9a7bc8e103:segment:003,3,7513.0,7442,activities/067_260425073220.csv,1,1,0,0
fit:e47555f16f02711dc446d8bfb5ee6625d9c15688be7bc41a38dbac9a7bc8e103,2026-04-25T07:37:35+00:00,2867,209,173,84,9.298,838.0,14,fit:e47555f16f02711dc446d8bfb5ee6625d9c15688be7bc41a38dbac9a7bc8e103:segment:003,3,7514.0,7443,activities/067_260425073220.csv,1,1,0,0
fit:e47555f16f02711dc446d8bfb5ee6625d9c15688be7bc41a38dbac9a7bc8e103,2026-04-25T07:37:36+00:00,2868,167,173,87,9.057,838.0,14,fit:e47555f16f02711dc446d8bfb5ee6625d9c15688be7bc41a38dbac9a7bc8e103:segment:003,3,7515.0,7444,activities/067_260425073220.csv,1,1,0,0
fit:e47555f16f02711dc446d8bfb5ee6625d9c15688be7bc41a38dbac9a7bc8e103,2026-04-25T07:37:37+00:00,2869,242,172,88,8.71,838.0,14,fit:e47555f16f02711dc446d8bfb5ee6625d9c15688be7bc41a38dbac9a7bc8e103:segment:003,3,7516.0,7445,activities/067_260425073220.csv,1,1,0,0
fit:e47555f16f02711dc446d8bfb5ee6625d9c15688be7bc41a38dbac9a7bc8e103,2026-04-25T07:37:38+00:00,2870,246,172,84,8.291,838.0,14,fit:e47555f16f02711dc446d8bfb5ee6625d9c15688be7bc41a38dbac9a7bc8e103:segment:003,3,7517.0,7446,activities/067_260425073220.csv,1,1,0,0
fit:e47555f16f02711dc446d8bfb5ee6625d9c15688be7bc41a38dbac9a7bc8e103,2026-04-25T07:37:39+00:00,2871,264,172,84,7.871,839.0,14,fit:e47555f16f02711dc446d8bfb5ee6625d9c15688be7bc41a38dbac9a7bc8e103:segment:003,3,7518.0,7447,activities/067_260425073220.csv,1,1,0,0
fit:e47555f16f02711dc446d8bfb5ee6625d9c15688be7bc41a38dbac9a7bc8e103,2026-04-25T07:37:40+00:00,2872,264,172,84,7.354,840.0,14,fit:e47555f16f02711dc446d8bfb5ee6625d9c15688be7bc41a38dbac9a7bc8e103:segment:003,3,7519.0,7448,activities/067_260425073220.csv,1,1,0,0
fit:e47555f16f02711dc446d8bfb5ee6625d9c15688be7bc41a38dbac9a7bc8e103,2026-04-25T07:37:41+00:00,2873,384,172,75,6.77,841.0,14,fit:e47555f16f02711dc446d8bfb5ee6625d9c15688be7bc41a38dbac9a7bc8e103:segment:003,3,7520.0,7449,activities/067_260425073220.csv,1,1,0,0
fit:e47555f16f02711dc446d8bfb5ee6625d9c15688be7bc41a38dbac9a7bc8e103,2026-04-25T07:37:42+00:00,2874,290,172,78,6.218,842.0,14,fit:e47555f16f02711dc446d8bfb5ee6625d9c15688be7bc41a38dbac9a7bc8e103:segment:003,3,7521.0,7450,activities/067_260425073220.csv,1,1,0,0
fit:e47555f16f02711dc446d8bfb5ee6625d9c15688be7bc41a38dbac9a7bc8e103,2026-04-25T07:37:43+00:00,2875,548,172,68,5.779,842.5999999999999,14,fit:e47555f16f02711dc446d8bfb5ee6625d9c15688be7bc41a38dbac9a7bc8e103:segment:003,3,7522.0,7451,activities/067_260425073220.csv,1,1,0,0
fit:e47555f16f02711dc446d8bfb5ee6625d9c15688be7bc41a38dbac9a7bc8e103,2026-04-25T07:37:44+00:00,2876,537,172,72,5.137,843.5999999999999,14,fit:e47555f16f02711dc446d8bfb5ee6625d9c15688be7bc41a38dbac9a7bc8e103:segment:003,3,7523.0,7452,activities/067_260425073220.csv,1,1,0,0
fit:e47555f16f02711dc446d8bfb5ee6625d9c15688be7bc41a38dbac9a7bc8e103,2026-04-25T07:37:45+00:00,2877,537,172,72,4.859,844.0,14,fit:e47555f16f02711dc446d8bfb5ee6625d9c15688be7bc41a38dbac9a7bc8e103:segment:003,3,7524.0,7453,activities/067_260425073220.csv,1,1,0,0
fit:e47555f16f02711dc446d8bfb5ee6625d9c15688be7bc41a38dbac9a7bc8e103,2026-04-25T07:37:46+00:00,2878,521,172,70,4.915,845.0,14,fit:e47555f16f02711dc446d8bfb5ee6625d9c15688be7bc41a38dbac9a7bc8e103:segment:003,3,7525.0,7454,activities/067_260425073220.csv,1,1,0,0
fit:e47555f16f02711dc446d8bfb5ee6625d9c15688be7bc41a38dbac9a7bc8e103,2026-04-25T07:37:47+00:00,2879,538,172,71,4.43,845.2,14,fit:e47555f16f02711dc446d8bfb5ee6625d9c15688be7bc41a38dbac9a7bc8e103:segment:003,3,7526.0,7455,activities/067_260425073220.csv,1,1,0,0
fit:e47555f16f02711dc446d8bfb5ee6625d9c15688be7bc41a38dbac9a7bc8e103,2026-04-25T07:37:48+00:00,2880,528,172,71,4.702,845.8,14,fit:e47555f16f02711dc446d8bfb5ee6625d9c15688be7bc41a38dbac9a7bc8e103:segment:003,3,7527.0,7456,activities/067_260425073220.csv,1,1,0,0
fit:e47555f16f02711dc446d8bfb5ee6625d9c15688be7bc41a38dbac9a7bc8e103,2026-04-25T07:37:49+00:00,2881,483,172,71,4.805,846.4000000000001,14,fit:e47555f16f02711dc446d8bfb5ee6625d9c15688be7bc41a38dbac9a7bc8e103:segment:003,3,7528.0,7457,activities/067_260425073220.csv,1,1,0,0
fit:e47555f16f02711dc446d8bfb5ee6625d9c15688be7bc41a38dbac9a7bc8e103,2026-04-25T07:37:50+00:00,2882,528,173,70,4.727,847.0,14,fit:e47555f16f02711dc446d8bfb5ee6625d9c15688be7bc41a38dbac9a7bc8e103:segment:003,3,7529.0,7458,activities/067_260425073220.csv,1,1,0,0
fit:e47555f16f02711dc446d8bfb5ee6625d9c15688be7bc41a38dbac9a7bc8e103,2026-04-25T07:37:51+00:00,2883,472,173,70,4.845,847.4000000000001,14,fit:e47555f16f02711dc446d8bfb5ee6625d9c15688be7bc41a38dbac9a7bc8e103:segment:003,3,7530.0,7459,activities/067_260425073220.csv,1,1,0,0
fit:e47555f16f02711dc446d8bfb5ee6625d9c15688be7bc41a38dbac9a7bc8e103,2026-04-25T07:37:52+00:00,2884,480,173,70,4.785,848.0,14,fit:e47555f16f02711dc446d8bfb5ee6625d9c15688be7bc41a38dbac9a7bc8e103:segment:003,3,7531.0,7460,activities/067_260425073220.csv,1,1,0,0
fit:e47555f16f02711dc446d8bfb5ee6625d9c15688be7bc41a38dbac9a7bc8e103,2026-04-25T07:37:53+00:00,2885,470,174,68,4.625,848.5999999999999,14,fit:e47555f16f02711dc446d8bfb5ee6625d9c15688be7bc41a38dbac9a7bc8e103:segment:003,3,7532.0,7461,activities/067_260425073220.csv,1,1,0,0
fit:e47555f16f02711dc446d8bfb5ee6625d9c15688be7bc41a38dbac9a7bc8e103,2026-04-25T07:37:54+00:00,2886,521,175,66,4.589,849.0,14,fit:e47555f16f02711dc446d8bfb5ee6625d9c15688be7bc41a38dbac9a7bc8e103:segment:003,3,7533.0,7462,activities/067_260425073220.csv,1,1,0,0
fit:e47555f16f02711dc446d8bfb5ee6625d9c15688be7bc41a38dbac9a7bc8e103,2026-04-25T07:37:55+00:00,2887,515,176,65,4.56,850.0,14,fit:e47555f16f02711dc446d8bfb5ee6625d9c15688be7bc41a38dbac9a7bc8e103:segment:003,3,7534.0,7463,activities/067_260425073220.csv,1,1,0,0
fit:e47555f16f02711dc446d8bfb5ee6625d9c15688be7bc41a38dbac9a7bc8e103,2026-04-25T07:37:56+00:00,2888,492,176,64,4.247,850.2,14,fit:e47555f16f02711dc446d8bfb5ee6625d9c15688be7bc41a38dbac9a7bc8e103:segment:003,3,7535.0,7464,activities/067_260425073220.csv,1,1,0,0
fit:e47555f16f02711dc446d8bfb5ee6625d9c15688be7bc41a38dbac9a7bc8e103,2026-04-25T07:37:57+00:00,2889,528,176,64,3.893,850.4000000000001,14,fit:e47555f16f02711dc446d8bfb5ee6625d9c15688be7bc41a38dbac9a7bc8e103:segment:003,3,7536.0,7465,activities/067_260425073220.csv,1,1,0,0
fit:e47555f16f02711dc446d8bfb5ee6625d9c15688be7bc41a38dbac9a7bc8e103,2026-04-25T07:37:58+00:00,2890,508,178,66,4.081,850.8,14,fit:e47555f16f02711dc446d8bfb5ee6625d9c15688be7bc41a38dbac9a7bc8e103:segment:003,3,7537.0,7466,activities/067_260425073220.csv,1,1,0,0
fit:e47555f16f02711dc446d8bfb5ee6625d9c15688be7bc41a38dbac9a7bc8e103,2026-04-25T07:37:59+00:00,2891,502,178,66,4.307,851.8,14,fit:e47555f16f02711dc446d8bfb5ee6625d9c15688be7bc41a38dbac9a7bc8e103:segment:003,3,7538.0,7467,activities/067_260425073220.csv,1,1,0,0
fit:e47555f16f02711dc446d8bfb5ee6625d9c15688be7bc41a38dbac9a7bc8e103,2026-04-25T07:38:00+00:00,2892,503,178,66,4.456,852.0,14,fit:e47555f16f02711dc446d8bfb5ee6625d9c15688be7bc41a38dbac9a7bc8e103:segment:003,3,7539.0,7468,activities/067_260425073220.csv,1,1,0,0
fit:e47555f16f02711dc446d8bfb5ee6625d9c15688be7bc41a38dbac9a7bc8e103,2026-04-25T07:38:01+00:00,2893,511,179,61,4.215,853.0,14,fit:e47555f16f02711dc446d8bfb5ee6625d9c15688be7bc41a38dbac9a7bc8e103:segment:003,3,7540.0,7469,activities/067_260425073220.csv,1,1,0,0
fit:e47555f16f02711dc446d8bfb5ee6625d9c15688be7bc41a38dbac9a7bc8e103,2026-04-25T07:38:02+00:00,2894,522,179,61,3.733,853.5999999999999,14,fit:e47555f16f02711dc446d8bfb5ee6625d9c15688be7bc41a38dbac9a7bc8e103:segment:003,3,7541.0,7470,activities/067_260425073220.csv,1,1,0,0
fit:e47555f16f02711dc446d8bfb5ee6625d9c15688be7bc41a38dbac9a7bc8e103,2026-04-25T07:38:03+00:00,2895,502,180,61,3.443,854.5999999999999,14,fit:e47555f16f02711dc446d8bfb5ee6625d9c15688be7bc41a38dbac9a7bc8e103:segment:003,3,7542.0,7471,activities/067_260425073220.csv,1,1,0,0
fit:e47555f16f02711dc446d8bfb5ee6625d9c15688be7bc41a38dbac9a7bc8e103,2026-04-25T07:38:04+00:00,2896,450,180,60,3.381,854.8,14,fit:e47555f16f02711dc446d8bfb5ee6625d9c15688be7bc41a38dbac9a7bc8e103:segment:003,3,7543.0,7472,activities/067_260425073220.csv,1,1,0,0
fit:e47555f16f02711dc446d8bfb5ee6625d9c15688be7bc41a38dbac9a7bc8e103,2026-04-25T07:38:05+00:00,2897,451,180,60,3.472,855.4000000000001,14,fit:e47555f16f02711dc446d8bfb5ee6625d9c15688be7bc41a38dbac9a7bc8e103:segment:003,3,7544.0,7473,activities/067_260425073220.csv,1,1,0,0
fit:e47555f16f02711dc446d8bfb5ee6625d9c15688be7bc41a38dbac9a7bc8e103,2026-04-25T07:38:06+00:00,2898,405,180,60,3.718,855.8,14,fit:e47555f16f02711dc446d8bfb5ee6625d9c15688be7bc41a38dbac9a7bc8e103:segment:003,3,7545.0,7474,activities/067_260425073220.csv,1,1,0,0
fit:e47555f16f02711dc446d8bfb5ee6625d9c15688be7bc41a38dbac9a7bc8e103,2026-04-25T07:38:07+00:00,2899,413,180,61,3.894,856.2,14,fit:e47555f16f02711dc446d8bfb5ee6625d9c15688be7bc41a38dbac9a7bc8e103:segment:003,3,7546.0,7475,activities/067_260425073220.csv,1,1,0,0
fit:e47555f16f02711dc446d8bfb5ee6625d9c15688be7bc41a38dbac9a7bc8e103,2026-04-25T07:38:08+00:00,2900,374,180,60,4.065,857.2,14,fit:e47555f16f02711dc446d8bfb5ee6625d9c15688be7bc41a38dbac9a7bc8e103:segment:003,3,7547.0,7476,activities/067_260425073220.csv,1,1,0,0
fit:e47555f16f02711dc446d8bfb5ee6625d9c15688be7bc41a38dbac9a7bc8e103,2026-04-25T07:38:09+00:00,2901,381,181,61,3.988,857.4000000000001,14,fit:e47555f16f02711dc446d8bfb5ee6625d9c15688be7bc41a38dbac9a7bc8e103:segment:003,3,7548.0,7477,activities/067_260425073220.csv,1,1,0,0
fit:e47555f16f02711dc446d8bfb5ee6625d9c15688be7bc41a38dbac9a7bc8e103,2026-04-25T07:38:10+00:00,2902,381,181,61,3.934,857.4000000000001,14,fit:e47555f16f02711dc446d8bfb5ee6625d9c15688be7bc41a38dbac9a7bc8e103:segment:003,3,7549.0,7478,activities/067_260425073220.csv,1,1,0,0
fit:e47555f16f02711dc446d8bfb5ee6625d9c15688be7bc41a38dbac9a7bc8e103,2026-04-25T07:38:11+00:00,2903,363,181,61,4.145,857.4000000000001,14,fit:e47555f16f02711dc446d8bfb5ee6625d9c15688be7bc41a38dbac9a7bc8e103:segment:003,3,7550.0,7479,activities/067_260425073220.csv,1,1,0,0
fit:e47555f16f02711dc446d8bfb5ee6625d9c15688be7bc41a38dbac9a7bc8e103,2026-04-25T07:38:12+00:00,2904,349,182,61,3.967,857.4000000000001,14,fit:e47555f16f02711dc446d8bfb5ee6625d9c15688be7bc41a38dbac9a7bc8e103:segment:003,3,7551.0,7480,activities/067_260425073220.csv,1,1,0,0
fit:e47555f16f02711dc446d8bfb5ee6625d9c15688be7bc41a38dbac9a7bc8e103,2026-04-25T07:38:13+00:00,2905,349,182,61,4.04,858.4000000000001,14,fit:e47555f16f02711dc446d8bfb5ee6625d9c15688be7bc41a38dbac9a7bc8e103:segment:003,3,7552.0,7481,activities/067_260425073220.csv,1,1,0,0
fit:e47555f16f02711dc446d8bfb5ee6625d9c15688be7bc41a38dbac9a7bc8e103,2026-04-25T07:38:14+00:00,2906,322,182,61,4.112,858.5999999999999,14,fit:e47555f16f02711dc446d8bfb5ee6625d9c15688be7bc41a38dbac9a7bc8e103:segment:003,3,7553.0,7482,activities/067_260425073220.csv,1,1,0,0
fit:e47555f16f02711dc446d8bfb5ee6625d9c15688be7bc41a38dbac9a7bc8e103,2026-04-25T07:38:15+00:00,2907,271,182,60,4.21,859.2,14,fit:e47555f16f02711dc446d8bfb5ee6625d9c15688be7bc41a38dbac9a7bc8e103:segment:003,3,7554.0,7483,activities/067_260425073220.csv,1,1,0,0
fit:e47555f16f02711dc446d8bfb5ee6625d9c15688be7bc41a38dbac9a7bc8e103,2026-04-25T07:38:16+00:00,2908,302,182,58,4.155,859.4000000000001,14,fit:e47555f16f02711dc446d8bfb5ee6625d9c15688be7bc41a38dbac9a7bc8e103:segment:003,3,7555.0,7484,activities/067_260425073220.csv,1,1,0,0
fit:e47555f16f02711dc446d8bfb5ee6625d9c15688be7bc41a38dbac9a7bc8e103,2026-04-25T07:38:17+00:00,2909,295,182,60,4.024,859.5999999999999,14,fit:e47555f16f02711dc446d8bfb5ee6625d9c15688be7bc41a38dbac9a7bc8e103:segment:003,3,7556.0,7485,activities/067_260425073220.csv,1,1,0,0
fit:e47555f16f02711dc446d8bfb5ee6625d9c15688be7bc41a38dbac9a7bc8e103,2026-04-25T07:38:18+00:00,2910,274,183,63,3.863,859.5999999999999,14,fit:e47555f16f02711dc446d8bfb5ee6625d9c15688be7bc41a38dbac9a7bc8e103:segment:003,3,7557.0,7486,activities/067_260425073220.csv,1,1,0,0
fit:e47555f16f02711dc446d8bfb5ee6625d9c15688be7bc41a38dbac9a7bc8e103,2026-04-25T07:38:19+00:00,2911,369,183,68,4.076,859.5999999999999,14,fit:e47555f16f02711dc446d8bfb5ee6625d9c15688be7bc41a38dbac9a7bc8e103:segment:003,3,7558.0,7487,activities/067_260425073220.csv,1,1,0,0
fit:e47555f16f02711dc446d8bfb5ee6625d9c15688be7bc41a38dbac9a7bc8e103,2026-04-25T07:38:20+00:00,2912,258,183,68,4.41,859.5999999999999,14,fit:e47555f16f02711dc446d8bfb5ee6625d9c15688be7bc41a38dbac9a7bc8e103:segment:003,3,7559.0,7488,activities/067_260425073220.csv,1,1,0,0
fit:e47555f16f02711dc446d8bfb5ee6625d9c15688be7bc41a38dbac9a7bc8e103,2026-04-25T07:38:21+00:00,2913,275,183,71,4.079,860.5999999999999,14,fit:e47555f16f02711dc446d8bfb5ee6625d9c15688be7bc41a38dbac9a7bc8e103:segment:003,3,7560.0,7489,activities/067_260425073220.csv,1,1,0,0
fit:e47555f16f02711dc446d8bfb5ee6625d9c15688be7bc41a38dbac9a7bc8e103,2026-04-25T07:38:22+00:00,2914,185,183,75,4.26,860.5999999999999,14,fit:e47555f16f02711dc446d8bfb5ee6625d9c15688be7bc41a38dbac9a7bc8e103:segment:003,3,7561.0,7490,activities/067_260425073220.csv,1,1,0,0
fit:e47555f16f02711dc446d8bfb5ee6625d9c15688be7bc41a38dbac9a7bc8e103,2026-04-25T07:38:23+00:00,2915,215,183,77,4.471,860.5999999999999,14,fit:e47555f16f02711dc446d8bfb5ee6625d9c15688be7bc41a38dbac9a7bc8e103:segment:003,3,7562.0,7491,activities/067_260425073220.csv,1,1,0,0
fit:e47555f16f02711dc446d8bfb5ee6625d9c15688be7bc41a38dbac9a7bc8e103,2026-04-25T07:38:24+00:00,2916,237,182,78,4.683,860.4000000000001,14,fit:e47555f16f02711dc446d8bfb5ee6625d9c15688be7bc41a38dbac9a7bc8e103:segment:003,3,7563.0,7492,activities/067_260425073220.csv,1,1,0,0
fit:e47555f16f02711dc446d8bfb5ee6625d9c15688be7bc41a38dbac9a7bc8e103,2026-04-25T07:38:25+00:00,2917,237,182,78,4.645,860.4000000000001,14,fit:e47555f16f02711dc446d8bfb5ee6625d9c15688be7bc41a38dbac9a7bc8e103:segment:003,3,7564.0,7493,activities/067_260425073220.csv,1,1,0,0
fit:e47555f16f02711dc446d8bfb5ee6625d9c15688be7bc41a38dbac9a7bc8e103,2026-04-25T07:38:26+00:00,2918,227,182,78,4.836,860.4000000000001,14,fit:e47555f16f02711dc446d8bfb5ee6625d9c15688be7bc41a38dbac9a7bc8e103:segment:003,3,7565.0,7494,activities/067_260425073220.csv,1,1,0,0
fit:e47555f16f02711dc446d8bfb5ee6625d9c15688be7bc41a38dbac9a7bc8e103,2026-04-25T07:38:27+00:00,2919,253,181,76,4.771,860.4000000000001,14,fit:e47555f16f02711dc446d8bfb5ee6625d9c15688be7bc41a38dbac9a7bc8e103:segment:003,3,7566.0,7495,activities/067_260425073220.csv,1,1,0,0
fit:e47555f16f02711dc446d8bfb5ee6625d9c15688be7bc41a38dbac9a7bc8e103,2026-04-25T07:38:28+00:00,2920,263,181,73,4.771,861.4000000000001,14,fit:e47555f16f02711dc446d8bfb5ee6625d9c15688be7bc41a38dbac9a7bc8e103:segment:003,3,7567.0,7496,activities/067_260425073220.csv,1,1,0,0
fit:e47555f16f02711dc446d8bfb5ee6625d9c15688be7bc41a38dbac9a7bc8e103,2026-04-25T07:38:29+00:00,2921,263,181,73,4.423,862.2,14,fit:e47555f16f02711dc446d8bfb5ee6625d9c15688be7bc41a38dbac9a7bc8e103:segment:003,3,7568.0,7497,activities/067_260425073220.csv,1,1,0,0
fit:e47555f16f02711dc446d8bfb5ee6625d9c15688be7bc41a38dbac9a7bc8e103,2026-04-25T07:38:30+00:00,2922,288,180,65,4.304,863.0,14,fit:e47555f16f02711dc446d8bfb5ee6625d9c15688be7bc41a38dbac9a7bc8e103:segment:003,3,7569.0,7498,activities/067_260425073220.csv,1,1,0,0
fit:e47555f16f02711dc446d8bfb5ee6625d9c15688be7bc41a38dbac9a7bc8e103,2026-04-25T07:38:31+00:00,2923,289,180,60,4.07,863.4000000000001,14,fit:e47555f16f02711dc446d8bfb5ee6625d9c15688be7bc41a38dbac9a7bc8e103:segment:003,3,7570.0,7499,activities/067_260425073220.csv,1,1,0,0
fit:e47555f16f02711dc446d8bfb5ee6625d9c15688be7bc41a38dbac9a7bc8e103,2026-04-25T07:38:32+00:00,2924,298,180,58,4.076,863.8,14,fit:e47555f16f02711dc446d8bfb5ee6625d9c15688be7bc41a38dbac9a7bc8e103:segment:003,3,7571.0,7500,activities/067_260425073220.csv,1,1,0,0
fit:e47555f16f02711dc446d8bfb5ee6625d9c15688be7bc41a38dbac9a7bc8e103,2026-04-25T07:38:33+00:00,2925,239,180,58,3.665,864.0,14,fit:e47555f16f02711dc446d8bfb5ee6625d9c15688be7bc41a38dbac9a7bc8e103:segment:003,3,7572.0,7501,activities/067_260425073220.csv,1,1,0,0
fit:e47555f16f02711dc446d8bfb5ee6625d9c15688be7bc41a38dbac9a7bc8e103,2026-04-25T07:38:34+00:00,2926,173,180,60,3.665,864.0,14,fit:e47555f16f02711dc446d8bfb5ee6625d9c15688be7bc41a38dbac9a7bc8e103:segment:003,3,7573.0,7502,activities/067_260425073220.csv,1,1,0,0
fit:e47555f16f02711dc446d8bfb5ee6625d9c15688be7bc41a38dbac9a7bc8e103,2026-04-25T07:38:35+00:00,2927,245,180,64,4.049,864.0,14,fit:e47555f16f02711dc446d8bfb5ee6625d9c15688be7bc41a38dbac9a7bc8e103:segment:003,3,7574.0,7503,activities/067_260425073220.csv,1,1,0,0
fit:e47555f16f02711dc446d8bfb5ee6625d9c15688be7bc41a38dbac9a7bc8e103,2026-04-25T07:38:36+00:00,2928,229,180,77,3.724,864.0,14,fit:e47555f16f02711dc446d8bfb5ee6625d9c15688be7bc41a38dbac9a7bc8e103:segment:003,3,7575.0,7504,activities/067_260425073220.csv,1,1,0,0
fit:e47555f16f02711dc446d8bfb5ee6625d9c15688be7bc41a38dbac9a7bc8e103,2026-04-25T07:38:37+00:00,2929,100,180,78,3.63,864.0,14,fit:e47555f16f02711dc446d8bfb5ee6625d9c15688be7bc41a38dbac9a7bc8e103:segment:003,3,7576.0,7505,activities/067_260425073220.csv,1,1,0,0
fit:e47555f16f02711dc446d8bfb5ee6625d9c15688be7bc41a38dbac9a7bc8e103,2026-04-25T07:38:38+00:00,2930,275,180,75,3.784,864.0,14,fit:e47555f16f02711dc446d8bfb5ee6625d9c15688be7bc41a38dbac9a7bc8e103:segment:003,3,7577.0,7506,activities/067_260425073220.csv,1,1,0,0
fit:e47555f16f02711dc446d8bfb5ee6625d9c15688be7bc41a38dbac9a7bc8e103,2026-04-25T07:38:39+00:00,2931,203,180,80,4.259,863.5999999999999,14,fit:e47555f16f02711dc446d8bfb5ee6625d9c15688be7bc41a38dbac9a7bc8e103:segment:003,3,7578.0,7507,activities/067_260425073220.csv,1,1,0,0
fit:e47555f16f02711dc446d8bfb5ee6625d9c15688be7bc41a38dbac9a7bc8e103,2026-04-25T07:38:40+00:00,2932,220,179,80,4.723,863.5999999999999,14,fit:e47555f16f02711dc446d8bfb5ee6625d9c15688be7bc41a38dbac9a7bc8e103:segment:003,3,7579.0,7508,activities/067_260425073220.csv,1,1,0,0
fit:e47555f16f02711dc446d8bfb5ee6625d9c15688be7bc41a38dbac9a7bc8e103,2026-04-25T07:38:41+00:00,2933,179,179,79,5.358,863.5999999999999,14,fit:e47555f16f02711dc446d8bfb5ee6625d9c15688be7bc41a38dbac9a7bc8e103:segment:003,3,7580.0,7509,activities/067_260425073220.csv,1,1,0,0
fit:e47555f16f02711dc446d8bfb5ee6625d9c15688be7bc41a38dbac9a7bc8e103,2026-04-25T07:38:42+00:00,2934,181,179,79,5.523,864.0,14,fit:e47555f16f02711dc446d8bfb5ee6625d9c15688be7bc41a38dbac9a7bc8e103:segment:003,3,7581.0,7510,activities/067_260425073220.csv,1,1,0,0
fit:e47555f16f02711dc446d8bfb5ee6625d9c15688be7bc41a38dbac9a7bc8e103,2026-04-25T07:38:43+00:00,2935,303,178,78,5.47,864.4000000000001,14,fit:e47555f16f02711dc446d8bfb5ee6625d9c15688be7bc41a38dbac9a7bc8e103:segment:003,3,7582.0,7511,activities/067_260425073220.csv,1,1,0,0
fit:e47555f16f02711dc446d8bfb5ee6625d9c15688be7bc41a38dbac9a7bc8e103,2026-04-25T07:38:44+00:00,2936,324,178,72,5.128,865.4000000000001,14,fit:e47555f16f02711dc446d8bfb5ee6625d9c15688be7bc41a38dbac9a7bc8e103:segment:003,3,7583.0,7512,activities/067_260425073220.csv,1,1,0,0
fit:e47555f16f02711dc446d8bfb5ee6625d9c15688be7bc41a38dbac9a7bc8e103,2026-04-25T07:38:45+00:00,2937,308,178,69,4.729,865.8,14,fit:e47555f16f02711dc446d8bfb5ee6625d9c15688be7bc41a38dbac9a7bc8e103:segment:003,3,7584.0,7513,activities/067_260425073220.csv,1,1,0,0
fit:e47555f16f02711dc446d8bfb5ee6625d9c15688be7bc41a38dbac9a7bc8e103,2026-04-25T07:38:46+00:00,2938,339,178,66,4.167,866.2,14,fit:e47555f16f02711dc446d8bfb5ee6625d9c15688be7bc41a38dbac9a7bc8e103:segment:003,3,7585.0,7514,activities/067_260425073220.csv,1,1,0,0
fit:e47555f16f02711dc446d8bfb5ee6625d9c15688be7bc41a38dbac9a7bc8e103,2026-04-25T07:38:47+00:00,2939,409,178,64,4.013,867.0,14,fit:e47555f16f02711dc446d8bfb5ee6625d9c15688be7bc41a38dbac9a7bc8e103:segment:003,3,7586.0,7515,activities/067_260425073220.csv,1,1,0,0
fit:e47555f16f02711dc446d8bfb5ee6625d9c15688be7bc41a38dbac9a7bc8e103,2026-04-25T07:38:48+00:00,2940,443,178,60,3.82,867.0,14,fit:e47555f16f02711dc446d8bfb5ee6625d9c15688be7bc41a38dbac9a7bc8e103:segment:003,3,7587.0,7516,activities/067_260425073220.csv,1,1,0,0
fit:e47555f16f02711dc446d8bfb5ee6625d9c15688be7bc41a38dbac9a7bc8e103,2026-04-25T07:38:49+00:00,2941,430,178,60,3.827,867.0,14,fit:e47555f16f02711dc446d8bfb5ee6625d9c15688be7bc41a38dbac9a7bc8e103:segment:003,3,7588.0,7517,activities/067_260425073220.csv,1,1,0,0
fit:e47555f16f02711dc446d8bfb5ee6625d9c15688be7bc41a38dbac9a7bc8e103,2026-04-25T07:38:50+00:00,2942,430,178,60,3.653,867.0,14,fit:e47555f16f02711dc446d8bfb5ee6625d9c15688be7bc41a38dbac9a7bc8e103:segment:003,3,7589.0,7518,activities/067_260425073220.csv,1,1,0,0
fit:e47555f16f02711dc446d8bfb5ee6625d9c15688be7bc41a38dbac9a7bc8e103,2026-04-25T07:38:51+00:00,2943,420,178,59,3.667,868.0,14,fit:e47555f16f02711dc446d8bfb5ee6625d9c15688be7bc41a38dbac9a7bc8e103:segment:003,3,7590.0,7519,activities/067_260425073220.csv,1,1,0,0
fit:e47555f16f02711dc446d8bfb5ee6625d9c15688be7bc41a38dbac9a7bc8e103,2026-04-25T07:38:52+00:00,2944,417,179,62,3.534,869.0,14,fit:e47555f16f02711dc446d8bfb5ee6625d9c15688be7bc41a38dbac9a7bc8e103:segment:003,3,7591.0,7520,activities/067_260425073220.csv,1,1,0,0
fit:e47555f16f02711dc446d8bfb5ee6625d9c15688be7bc41a38dbac9a7bc8e103,2026-04-25T07:38:53+00:00,2945,389,179,63,3.483,869.2,14,fit:e47555f16f02711dc446d8bfb5ee6625d9c15688be7bc41a38dbac9a7bc8e103:segment:003,3,7592.0,7521,activities/067_260425073220.csv,1,1,0,0
fit:e47555f16f02711dc446d8bfb5ee6625d9c15688be7bc41a38dbac9a7bc8e103,2026-04-25T07:38:54+00:00,2946,382,179,64,4.012,869.8,14,fit:e47555f16f02711dc446d8bfb5ee6625d9c15688be7bc41a38dbac9a7bc8e103:segment:003,3,7593.0,7522,activities/067_260425073220.csv,1,1,0,0
fit:e47555f16f02711dc446d8bfb5ee6625d9c15688be7bc41a38dbac9a7bc8e103,2026-04-25T07:38:55+00:00,2947,382,179,64,3.905,870.0,14,fit:e47555f16f02711dc446d8bfb5ee6625d9c15688be7bc41a38dbac9a7bc8e103:segment:003,3,7594.0,7523,activities/067_260425073220.csv,1,1,0,0
fit:e47555f16f02711dc446d8bfb5ee6625d9c15688be7bc41a38dbac9a7bc8e103,2026-04-25T07:38:56+00:00,2948,351,179,65,3.797,870.4000000000001,14,fit:e47555f16f02711dc446d8bfb5ee6625d9c15688be7bc41a38dbac9a7bc8e103:segment:003,3,7595.0,7524,activities/067_260425073220.csv,1,1,0,0
fit:e47555f16f02711dc446d8bfb5ee6625d9c15688be7bc41a38dbac9a7bc8e103,2026-04-25T07:38:57+00:00,2949,380,180,64,4.143,870.8,14,fit:e47555f16f02711dc446d8bfb5ee6625d9c15688be7bc41a38dbac9a7bc8e103:segment:003,3,7596.0,7525,activities/067_260425073220.csv,1,1,0,0
fit:e47555f16f02711dc446d8bfb5ee6625d9c15688be7bc41a38dbac9a7bc8e103,2026-04-25T07:38:58+00:00,2950,341,180,64,3.974,871.2,14,fit:e47555f16f02711dc446d8bfb5ee6625d9c15688be7bc41a38dbac9a7bc8e103:segment:003,3,7597.0,7526,activities/067_260425073220.csv,1,1,0,0
fit:e47555f16f02711dc446d8bfb5ee6625d9c15688be7bc41a38dbac9a7bc8e103,2026-04-25T07:38:59+00:00,2951,326,180,63,3.979,871.2,14,fit:e47555f16f02711dc446d8bfb5ee6625d9c15688be7bc41a38dbac9a7bc8e103:segment:003,3,7598.0,7527,activities/067_260425073220.csv,1,1,0,0
fit:e47555f16f02711dc446d8bfb5ee6625d9c15688be7bc41a38dbac9a7bc8e103,2026-04-25T07:39:00+00:00,2952,356,180,63,3.982,871.2,14,fit:e47555f16f02711dc446d8bfb5ee6625d9c15688be7bc41a38dbac9a7bc8e103:segment:003,3,7599.0,7528,activities/067_260425073220.csv,1,1,0,0
fit:e47555f16f02711dc446d8bfb5ee6625d9c15688be7bc41a38dbac9a7bc8e103,2026-04-25T07:39:01+00:00,2953,346,180,62,4.066,871.2,14,fit:e47555f16f02711dc446d8bfb5ee6625d9c15688be7bc41a38dbac9a7bc8e103:segment:003,3,7600.0,7529,activities/067_260425073220.csv,1,1,0,0
fit:e47555f16f02711dc446d8bfb5ee6625d9c15688be7bc41a38dbac9a7bc8e103,2026-04-25T07:39:02+00:00,2954,324,180,62,4.565,872.2,14,fit:e47555f16f02711dc446d8bfb5ee6625d9c15688be7bc41a38dbac9a7bc8e103:segment:003,3,7601.0,7530,activities/067_260425073220.csv,1,1,0,0
fit:e47555f16f02711dc446d8bfb5ee6625d9c15688be7bc41a38dbac9a7bc8e103,2026-04-25T07:39:03+00:00,2955,349,180,63,4.324,873.0,14,fit:e47555f16f02711dc446d8bfb5ee6625d9c15688be7bc41a38dbac9a7bc8e103:segment:003,3,7602.0,7531,activities/067_260425073220.csv,1,1,0,0
fit:e47555f16f02711dc446d8bfb5ee6625d9c15688be7bc41a38dbac9a7bc8e103,2026-04-25T07:39:04+00:00,2956,291,180,63,3.97,873.2,14,fit:e47555f16f02711dc446d8bfb5ee6625d9c15688be7bc41a38dbac9a7bc8e103:segment:003,3,7603.0,7532,activities/067_260425073220.csv,1,1,0,0
fit:e47555f16f02711dc446d8bfb5ee6625d9c15688be7bc41a38dbac9a7bc8e103,2026-04-25T07:39:05+00:00,2957,258,180,63,3.842,873.2,14,fit:e47555f16f02711dc446d8bfb5ee6625d9c15688be7bc41a38dbac9a7bc8e103:segment:003,3,7604.0,7533,activities/067_260425073220.csv,1,1,0,0
fit:e47555f16f02711dc446d8bfb5ee6625d9c15688be7bc41a38dbac9a7bc8e103,2026-04-25T07:39:06+00:00,2958,270,180,65,4.15,873.2,14,fit:e47555f16f02711dc446d8bfb5ee6625d9c15688be7bc41a38dbac9a7bc8e103:segment:003,3,7605.0,7534,activities/067_260425073220.csv,1,1,0,0
fit:e47555f16f02711dc446d8bfb5ee6625d9c15688be7bc41a38dbac9a7bc8e103,2026-04-25T07:39:07+00:00,2959,283,180,69,4.587,873.2,14,fit:e47555f16f02711dc446d8bfb5ee6625d9c15688be7bc41a38dbac9a7bc8e103:segment:003,3,7606.0,7535,activities/067_260425073220.csv,1,1,0,0
fit:e47555f16f02711dc446d8bfb5ee6625d9c15688be7bc41a38dbac9a7bc8e103,2026-04-25T07:39:08+00:00,2960,285,180,69,4.846,873.4000000000001,14,fit:e47555f16f02711dc446d8bfb5ee6625d9c15688be7bc41a38dbac9a7bc8e103:segment:003,3,7607.0,7536,activities/067_260425073220.csv,1,1,0,0
fit:e47555f16f02711dc446d8bfb5ee6625d9c15688be7bc41a38dbac9a7bc8e103,2026-04-25T07:39:09+00:00,2961,285,180,73,4.949,873.4000000000001,14,fit:e47555f16f02711dc446d8bfb5ee6625d9c15688be7bc41a38dbac9a7bc8e103:segment:003,3,7608.0,7537,activities/067_260425073220.csv,1,1,0,0
fit:e47555f16f02711dc446d8bfb5ee6625d9c15688be7bc41a38dbac9a7bc8e103,2026-04-25T07:39:10+00:00,2962,15,180,73,5.216,873.4000000000001,14,fit:e47555f16f02711dc446d8bfb5ee6625d9c15688be7bc41a38dbac9a7bc8e103:segment:003,3,7609.0,7538,activities/067_260425073220.csv,1,1,0,0
fit:e47555f16f02711dc446d8bfb5ee6625d9c15688be7bc41a38dbac9a7bc8e103,2026-04-25T07:39:11+00:00,2963,15,180,0,5.358,872.4000000000001,14,fit:e47555f16f02711dc446d8bfb5ee6625d9c15688be7bc41a38dbac9a7bc8e103:segment:003,3,7610.0,7539,activities/067_260425073220.csv,1,1,0,0
fit:e47555f16f02711dc446d8bfb5ee6625d9c15688be7bc41a38dbac9a7bc8e103,2026-04-25T07:39:12+00:00,2964,15,179,0,5.657,872.0,14,fit:e47555f16f02711dc446d8bfb5ee6625d9c15688be7bc41a38dbac9a7bc8e103:segment:003,3,7611.0,7540,activities/067_260425073220.csv,1,1,0,0
fit:e47555f16f02711dc446d8bfb5ee6625d9c15688be7bc41a38dbac9a7bc8e103,2026-04-25T07:39:13+00:00,2965,164,179,85,6.073,871.5999999999999,14,fit:e47555f16f02711dc446d8bfb5ee6625d9c15688be7bc41a38dbac9a7bc8e103:segment:003,3,7612.0,7541,activities/067_260425073220.csv,1,1,0,0
fit:e47555f16f02711dc446d8bfb5ee6625d9c15688be7bc41a38dbac9a7bc8e103,2026-04-25T07:39:14+00:00,2966,267,179,83,6.953,871.5999999999999,14,fit:e47555f16f02711dc446d8bfb5ee6625d9c15688be7bc41a38dbac9a7bc8e103:segment:003,3,7613.0,7542,activities/067_260425073220.csv,1,1,0,0
fit:e47555f16f02711dc446d8bfb5ee6625d9c15688be7bc41a38dbac9a7bc8e103,2026-04-25T07:39:15+00:00,2967,267,178,88,7.465,870.8,14,fit:e47555f16f02711dc446d8bfb5ee6625d9c15688be7bc41a38dbac9a7bc8e103:segment:003,3,7614.0,7543,activities/067_260425073220.csv,1,1,0,0
fit:e47555f16f02711dc446d8bfb5ee6625d9c15688be7bc41a38dbac9a7bc8e103,2026-04-25T07:39:16+00:00,2968,273,178,98,7.949,870.5999999999999,14,fit:e47555f16f02711dc446d8bfb5ee6625d9c15688be7bc41a38dbac9a7bc8e103:segment:003,3,7615.0,7544,activities/067_260425073220.csv,1,1,0,0
fit:e47555f16f02711dc446d8bfb5ee6625d9c15688be7bc41a38dbac9a7bc8e103,2026-04-25T07:39:17+00:00,2969,333,177,94,8.531,870.4000000000001,14,fit:e47555f16f02711dc446d8bfb5ee6625d9c15688be7bc41a38dbac9a7bc8e103:segment:003,3,7616.0,7545,activities/067_260425073220.csv,1,1,0,0
fit:e47555f16f02711dc446d8bfb5ee6625d9c15688be7bc41a38dbac9a7bc8e103,2026-04-25T07:39:18+00:00,2970,154,177,97,8.997,869.8,14,fit:e47555f16f02711dc446d8bfb5ee6625d9c15688be7bc41a38dbac9a7bc8e103:segment:003,3,7617.0,7546,activities/067_260425073220.csv,1,1,0,0
fit:e47555f16f02711dc446d8bfb5ee6625d9c15688be7bc41a38dbac9a7bc8e103,2026-04-25T07:39:19+00:00,2971,308,176,97,9.281,869.2,14,fit:e47555f16f02711dc446d8bfb5ee6625d9c15688be7bc41a38dbac9a7bc8e103:segment:003,3,7618.0,7547,activities/067_260425073220.csv,1,1,0,0
fit:e47555f16f02711dc446d8bfb5ee6625d9c15688be7bc41a38dbac9a7bc8e103,2026-04-25T07:39:20+00:00,2972,378,176,99,9.307,869.2,14,fit:e47555f16f02711dc446d8bfb5ee6625d9c15688be7bc41a38dbac9a7bc8e103:segment:003,3,7619.0,7548,activities/067_260425073220.csv,1,1,0,0
fit:e47555f16f02711dc446d8bfb5ee6625d9c15688be7bc41a38dbac9a7bc8e103,2026-04-25T07:39:21+00:00,2973,224,176,100,9.471,869.2,14,fit:e47555f16f02711dc446d8bfb5ee6625d9c15688be7bc41a38dbac9a7bc8e103:segment:003,3,7620.0,7549,activities/067_260425073220.csv,1,1,0,0
fit:e47555f16f02711dc446d8bfb5ee6625d9c15688be7bc41a38dbac9a7bc8e103,2026-04-25T07:39:22+00:00,2974,163,176,98,9.573,869.8,14,fit:e47555f16f02711dc446d8bfb5ee6625d9c15688be7bc41a38dbac9a7bc8e103:segment:003,3,7621.0,7550,activities/067_260425073220.csv,1,1,0,0
fit:e47555f16f02711dc446d8bfb5ee6625d9c15688be7bc41a38dbac9a7bc8e103,2026-04-25T07:39:23+00:00,2975,325,175,97,9.536,869.8,14,fit:e47555f16f02711dc446d8bfb5ee6625d9c15688be7bc41a38dbac9a7bc8e103:segment:003,3,7622.0,7551,activities/067_260425073220.csv,1,1,0,0
fit:e47555f16f02711dc446d8bfb5ee6625d9c15688be7bc41a38dbac9a7bc8e103,2026-04-25T07:39:24+00:00,2976,274,175,96,9.375,869.8,14,fit:e47555f16f02711dc446d8bfb5ee6625d9c15688be7bc41a38dbac9a7bc8e103:segment:003,3,7623.0,7552,activities/067_260425073220.csv,1,1,0,0
fit:e47555f16f02711dc446d8bfb5ee6625d9c15688be7bc41a38dbac9a7bc8e103,2026-04-25T07:39:25+00:00,2977,294,175,91,9.296,869.8,14,fit:e47555f16f02711dc446d8bfb5ee6625d9c15688be7bc41a38dbac9a7bc8e103:segment:003,3,7624.0,7553,activities/067_260425073220.csv,1,1,0,0
fit:e47555f16f02711dc446d8bfb5ee6625d9c15688be7bc41a38dbac9a7bc8e103,2026-04-25T07:39:26+00:00,2978,379,175,88,9.005,870.8,14,fit:e47555f16f02711dc446d8bfb5ee6625d9c15688be7bc41a38dbac9a7bc8e103:segment:003,3,7625.0,7554,activities/067_260425073220.csv,1,1,0,0
fit:e47555f16f02711dc446d8bfb5ee6625d9c15688be7bc41a38dbac9a7bc8e103,2026-04-25T07:39:27+00:00,2979,370,175,85,8.562,871.8,14,fit:e47555f16f02711dc446d8bfb5ee6625d9c15688be7bc41a38dbac9a7bc8e103:segment:003,3,7626.0,7555,activities/067_260425073220.csv,1,1,0,0
fit:e47555f16f02711dc446d8bfb5ee6625d9c15688be7bc41a38dbac9a7bc8e103,2026-04-25T07:39:28+00:00,2980,387,175,77,8.115,872.8,14,fit:e47555f16f02711dc446d8bfb5ee6625d9c15688be7bc41a38dbac9a7bc8e103:segment:003,3,7627.0,7556,activities/067_260425073220.csv,1,1,0,0
fit:e47555f16f02711dc446d8bfb5ee6625d9c15688be7bc41a38dbac9a7bc8e103,2026-04-25T07:39:29+00:00,2981,324,175,78,7.545,873.8,14,fit:e47555f16f02711dc446d8bfb5ee6625d9c15688be7bc41a38dbac9a7bc8e103:segment:003,3,7628.0,7557,activities/067_260425073220.csv,1,1,0,0
fit:e47555f16f02711dc446d8bfb5ee6625d9c15688be7bc41a38dbac9a7bc8e103,2026-04-25T07:39:30+00:00,2982,414,175,81,7.375,874.2,14,fit:e47555f16f02711dc446d8bfb5ee6625d9c15688be7bc41a38dbac9a7bc8e103:segment:003,3,7629.0,7558,activities/067_260425073220.csv,1,1,0,0
fit:e47555f16f02711dc446d8bfb5ee6625d9c15688be7bc41a38dbac9a7bc8e103,2026-04-25T07:39:31+00:00,2983,381,175,82,7.375,874.4000000000001,14,fit:e47555f16f02711dc446d8bfb5ee6625d9c15688be7bc41a38dbac9a7bc8e103:segment:003,3,7630.0,7559,activities/067_260425073220.csv,1,1,0,0
fit:e47555f16f02711dc446d8bfb5ee6625d9c15688be7bc41a38dbac9a7bc8e103,2026-04-25T07:39:32+00:00,2984,309,175,85,7.211,874.4000000000001,14,fit:e47555f16f02711dc446d8bfb5ee6625d9c15688be7bc41a38dbac9a7bc8e103:segment:003,3,7631.0,7560,activities/067_260425073220.csv,1,1,0,0
fit:e47555f16f02711dc446d8bfb5ee6625d9c15688be7bc41a38dbac9a7bc8e103,2026-04-25T07:39:33+00:00,2985,335,175,91,7.29,874.4000000000001,14,fit:e47555f16f02711dc446d8bfb5ee6625d9c15688be7bc41a38dbac9a7bc8e103:segment:003,3,7632.0,7561,activities/067_260425073220.csv,1,1,0,0
fit:e47555f16f02711dc446d8bfb5ee6625d9c15688be7bc41a38dbac9a7bc8e103,2026-04-25T07:39:34+00:00,2986,236,175,91,7.526,874.4000000000001,14,fit:e47555f16f02711dc446d8bfb5ee6625d9c15688be7bc41a38dbac9a7bc8e103:segment:003,3,7633.0,7562,activities/067_260425073220.csv,1,1,0,0
fit:e47555f16f02711dc446d8bfb5ee6625d9c15688be7bc41a38dbac9a7bc8e103,2026-04-25T07:39:35+00:00,2987,232,176,97,8.028,874.4000000000001,14,fit:e47555f16f02711dc446d8bfb5ee6625d9c15688be7bc41a38dbac9a7bc8e103:segment:003,3,7634.0,7563,activities/067_260425073220.csv,1,1,0,0
fit:e47555f16f02711dc446d8bfb5ee6625d9c15688be7bc41a38dbac9a7bc8e103,2026-04-25T07:39:36+00:00,2988,322,175,91,8.437,874.4000000000001,14,fit:e47555f16f02711dc446d8bfb5ee6625d9c15688be7bc41a38dbac9a7bc8e103:segment:003,3,7635.0,7564,activities/067_260425073220.csv,1,1,0,0
fit:e47555f16f02711dc446d8bfb5ee6625d9c15688be7bc41a38dbac9a7bc8e103,2026-04-25T07:39:37+00:00,2989,221,176,92,8.637,873.4000000000001,14,fit:e47555f16f02711dc446d8bfb5ee6625d9c15688be7bc41a38dbac9a7bc8e103:segment:003,3,7636.0,7565,activities/067_260425073220.csv,1,1,0,0
fit:e47555f16f02711dc446d8bfb5ee6625d9c15688be7bc41a38dbac9a7bc8e103,2026-04-25T07:39:38+00:00,2990,267,175,95,8.953,873.2,14,fit:e47555f16f02711dc446d8bfb5ee6625d9c15688be7bc41a38dbac9a7bc8e103:segment:003,3,7637.0,7566,activities/067_260425073220.csv,1,1,0,0
fit:e47555f16f02711dc446d8bfb5ee6625d9c15688be7bc41a38dbac9a7bc8e103,2026-04-25T07:39:39+00:00,2991,278,175,95,9.091,873.2,14,fit:e47555f16f02711dc446d8bfb5ee6625d9c15688be7bc41a38dbac9a7bc8e103:segment:003,3,7638.0,7567,activities/067_260425073220.csv,1,1,0,0
fit:e47555f16f02711dc446d8bfb5ee6625d9c15688be7bc41a38dbac9a7bc8e103,2026-04-25T07:39:40+00:00,2992,350,175,95,9.186,873.2,14,fit:e47555f16f02711dc446d8bfb5ee6625d9c15688be7bc41a38dbac9a7bc8e103:segment:003,3,7639.0,7568,activities/067_260425073220.csv,1,1,0,0
fit:e47555f16f02711dc446d8bfb5ee6625d9c15688be7bc41a38dbac9a7bc8e103,2026-04-25T07:39:41+00:00,2993,420,175,94,9.147,873.2,14,fit:e47555f16f02711dc446d8bfb5ee6625d9c15688be7bc41a38dbac9a7bc8e103:segment:003,3,7640.0,7569,activities/067_260425073220.csv,1,1,0,0
fit:e47555f16f02711dc446d8bfb5ee6625d9c15688be7bc41a38dbac9a7bc8e103,2026-04-25T07:39:42+00:00,2994,408,175,94,9.238,873.2,14,fit:e47555f16f02711dc446d8bfb5ee6625d9c15688be7bc41a38dbac9a7bc8e103:segment:003,3,7641.0,7570,activities/067_260425073220.csv,1,1,0,0
fit:e47555f16f02711dc446d8bfb5ee6625d9c15688be7bc41a38dbac9a7bc8e103,2026-04-25T07:39:43+00:00,2995,259,175,92,8.943,873.2,14,fit:e47555f16f02711dc446d8bfb5ee6625d9c15688be7bc41a38dbac9a7bc8e103:segment:003,3,7642.0,7571,activities/067_260425073220.csv,1,1,0,0
fit:e47555f16f02711dc446d8bfb5ee6625d9c15688be7bc41a38dbac9a7bc8e103,2026-04-25T07:39:44+00:00,2996,410,175,87,8.533,874.2,14,fit:e47555f16f02711dc446d8bfb5ee6625d9c15688be7bc41a38dbac9a7bc8e103:segment:003,3,7643.0,7572,activities/067_260425073220.csv,1,1,0,0
fit:e47555f16f02711dc446d8bfb5ee6625d9c15688be7bc41a38dbac9a7bc8e103,2026-04-25T07:39:45+00:00,2997,411,175,84,8.028,875.2,14,fit:e47555f16f02711dc446d8bfb5ee6625d9c15688be7bc41a38dbac9a7bc8e103:segment:003,3,7644.0,7573,activities/067_260425073220.csv,1,1,0,0
fit:e47555f16f02711dc446d8bfb5ee6625d9c15688be7bc41a38dbac9a7bc8e103,2026-04-25T07:39:46+00:00,2998,391,175,84,7.698,876.2,14,fit:e47555f16f02711dc446d8bfb5ee6625d9c15688be7bc41a38dbac9a7bc8e103:segment:003,3,7645.0,7574,activities/067_260425073220.csv,1,1,0,0
fit:e47555f16f02711dc446d8bfb5ee6625d9c15688be7bc41a38dbac9a7bc8e103,2026-04-25T07:39:47+00:00,2999,274,175,77,7.257,877.2,14,fit:e47555f16f02711dc446d8bfb5ee6625d9c15688be7bc41a38dbac9a7bc8e103:segment:003,3,7646.0,7575,activities/067_260425073220.csv,1,1,0,0
fit:e47555f16f02711dc446d8bfb5ee6625d9c15688be7bc41a38dbac9a7bc8e103,2026-04-25T07:39:48+00:00,3000,402,176,76,6.786,878.2,14,fit:e47555f16f02711dc446d8bfb5ee6625d9c15688be7bc41a38dbac9a7bc8e103:segment:003,3,7647.0,7576,activities/067_260425073220.csv,1,1,0,0
fit:e47555f16f02711dc446d8bfb5ee6625d9c15688be7bc41a38dbac9a7bc8e103,2026-04-25T07:39:49+00:00,3001,402,176,77,6.359,879.2,14,fit:e47555f16f02711dc446d8bfb5ee6625d9c15688be7bc41a38dbac9a7bc8e103:segment:003,3,7648.0,7577,activities/067_260425073220.csv,1,1,0,0
fit:e47555f16f02711dc446d8bfb5ee6625d9c15688be7bc41a38dbac9a7bc8e103,2026-04-25T07:39:50+00:00,3002,391,176,77,6.074,879.5999999999999,14,fit:e47555f16f02711dc446d8bfb5ee6625d9c15688be7bc41a38dbac9a7bc8e103:segment:003,3,7649.0,7578,activities/067_260425073220.csv,1,1,0,0
fit:e47555f16f02711dc446d8bfb5ee6625d9c15688be7bc41a38dbac9a7bc8e103,2026-04-25T07:39:51+00:00,3003,374,176,74,5.99,880.2,14,fit:e47555f16f02711dc446d8bfb5ee6625d9c15688be7bc41a38dbac9a7bc8e103:segment:003,3,7650.0,7579,activities/067_260425073220.csv,1,1,0,0
fit:e47555f16f02711dc446d8bfb5ee6625d9c15688be7bc41a38dbac9a7bc8e103,2026-04-25T07:39:52+00:00,3004,391,176,74,5.638,880.4000000000001,14,fit:e47555f16f02711dc446d8bfb5ee6625d9c15688be7bc41a38dbac9a7bc8e103:segment:003,3,7651.0,7580,activities/067_260425073220.csv,1,1,0,0
fit:e47555f16f02711dc446d8bfb5ee6625d9c15688be7bc41a38dbac9a7bc8e103,2026-04-25T07:39:53+00:00,3005,310,177,75,5.821,880.4000000000001,14,fit:e47555f16f02711dc446d8bfb5ee6625d9c15688be7bc41a38dbac9a7bc8e103:segment:003,3,7652.0,7581,activities/067_260425073220.csv,1,1,0,0
fit:e47555f16f02711dc446d8bfb5ee6625d9c15688be7bc41a38dbac9a7bc8e103,2026-04-25T07:39:54+00:00,3006,304,177,76,5.951,880.4000000000001,14,fit:e47555f16f02711dc446d8bfb5ee6625d9c15688be7bc41a38dbac9a7bc8e103:segment:003,3,7653.0,7582,activities/067_260425073220.csv,1,1,0,0
fit:e47555f16f02711dc446d8bfb5ee6625d9c15688be7bc41a38dbac9a7bc8e103,2026-04-25T07:39:55+00:00,3007,309,177,76,6.081,880.4000000000001,14,fit:e47555f16f02711dc446d8bfb5ee6625d9c15688be7bc41a38dbac9a7bc8e103:segment:003,3,7654.0,7583,activities/067_260425073220.csv,1,1,0,0
fit:e47555f16f02711dc446d8bfb5ee6625d9c15688be7bc41a38dbac9a7bc8e103,2026-04-25T07:39:56+00:00,3008,283,177,77,6.055,880.4000000000001,14,fit:e47555f16f02711dc446d8bfb5ee6625d9c15688be7bc41a38dbac9a7bc8e103:segment:003,3,7655.0,7584,activities/067_260425073220.csv,1,1,0,0
fit:e47555f16f02711dc446d8bfb5ee6625d9c15688be7bc41a38dbac9a7bc8e103,2026-04-25T07:39:57+00:00,3009,183,177,79,5.513,880.4000000000001,14,fit:e47555f16f02711dc446d8bfb5ee6625d9c15688be7bc41a38dbac9a7bc8e103:segment:003,3,7656.0,7585,activities/067_260425073220.csv,1,1,0,0
fit:e47555f16f02711dc446d8bfb5ee6625d9c15688be7bc41a38dbac9a7bc8e103,2026-04-25T07:39:58+00:00,3010,123,177,83,5.652,880.4000000000001,14,fit:e47555f16f02711dc446d8bfb5ee6625d9c15688be7bc41a38dbac9a7bc8e103:segment:003,3,7657.0,7586,activities/067_260425073220.csv,1,1,0,0
fit:e47555f16f02711dc446d8bfb5ee6625d9c15688be7bc41a38dbac9a7bc8e103,2026-04-25T07:39:59+00:00,3011,152,177,86,5.548,880.4000000000001,14,fit:e47555f16f02711dc446d8bfb5ee6625d9c15688be7bc41a38dbac9a7bc8e103:segment:003,3,7658.0,7587,activities/067_260425073220.csv,1,1,0,0
fit:e47555f16f02711dc446d8bfb5ee6625d9c15688be7bc41a38dbac9a7bc8e103,2026-04-25T07:40:00+00:00,3012,224,177,86,5.465,880.5999999999999,14,fit:e47555f16f02711dc446d8bfb5ee6625d9c15688be7bc41a38dbac9a7bc8e103:segment:003,3,7659.0,7588,activities/067_260425073220.csv,1,1,0,0
fit:e47555f16f02711dc446d8bfb5ee6625d9c15688be7bc41a38dbac9a7bc8e103,2026-04-25T07:40:01+00:00,3013,200,177,87,5.747,881.4000000000001,14,fit:e47555f16f02711dc446d8bfb5ee6625d9c15688be7bc41a38dbac9a7bc8e103:segment:003,3,7660.0,7589,activities/067_260425073220.csv,1,1,0,0
fit:e47555f16f02711dc446d8bfb5ee6625d9c15688be7bc41a38dbac9a7bc8e103,2026-04-25T07:40:02+00:00,3014,253,177,86,6.006,881.4000000000001,14,fit:e47555f16f02711dc446d8bfb5ee6625d9c15688be7bc41a38dbac9a7bc8e103:segment:003,3,7661.0,7590,activities/067_260425073220.csv,1,1,0,0
fit:e47555f16f02711dc446d8bfb5ee6625d9c15688be7bc41a38dbac9a7bc8e103,2026-04-25T07:40:03+00:00,3015,92,177,86,6.174,881.4000000000001,14,fit:e47555f16f02711dc446d8bfb5ee6625d9c15688be7bc41a38dbac9a7bc8e103:segment:003,3,7662.0,7591,activities/067_260425073220.csv,1,1,0,0
fit:e47555f16f02711dc446d8bfb5ee6625d9c15688be7bc41a38dbac9a7bc8e103,2026-04-25T07:40:04+00:00,3016,273,177,86,6.103,881.4000000000001,14,fit:e47555f16f02711dc446d8bfb5ee6625d9c15688be7bc41a38dbac9a7bc8e103:segment:003,3,7663.0,7592,activities/067_260425073220.csv,1,1,0,0
fit:e47555f16f02711dc446d8bfb5ee6625d9c15688be7bc41a38dbac9a7bc8e103,2026-04-25T07:40:05+00:00,3017,314,177,86,5.861,881.4000000000001,14,fit:e47555f16f02711dc446d8bfb5ee6625d9c15688be7bc41a38dbac9a7bc8e103:segment:003,3,7664.0,7593,activities/067_260425073220.csv,1,1,0,0
fit:e47555f16f02711dc446d8bfb5ee6625d9c15688be7bc41a38dbac9a7bc8e103,2026-04-25T07:40:06+00:00,3018,401,177,82,5.669,882.0,14,fit:e47555f16f02711dc446d8bfb5ee6625d9c15688be7bc41a38dbac9a7bc8e103:segment:003,3,7665.0,7594,activities/067_260425073220.csv,1,1,0,0
fit:e47555f16f02711dc446d8bfb5ee6625d9c15688be7bc41a38dbac9a7bc8e103,2026-04-25T07:40:07+00:00,3019,430,177,78,5.754,883.0,14,fit:e47555f16f02711dc446d8bfb5ee6625d9c15688be7bc41a38dbac9a7bc8e103:segment:003,3,7666.0,7595,activities/067_260425073220.csv,1,1,0,0
fit:e47555f16f02711dc446d8bfb5ee6625d9c15688be7bc41a38dbac9a7bc8e103,2026-04-25T07:40:08+00:00,3020,470,177,79,5.584,883.8,14,fit:e47555f16f02711dc446d8bfb5ee6625d9c15688be7bc41a38dbac9a7bc8e103:segment:003,3,7667.0,7596,activities/067_260425073220.csv,1,1,0,0
fit:e47555f16f02711dc446d8bfb5ee6625d9c15688be7bc41a38dbac9a7bc8e103,2026-04-25T07:40:09+00:00,3021,464,176,73,5.277,884.4000000000001,14,fit:e47555f16f02711dc446d8bfb5ee6625d9c15688be7bc41a38dbac9a7bc8e103:segment:003,3,7668.0,7597,activities/067_260425073220.csv,1,1,0,0
fit:e47555f16f02711dc446d8bfb5ee6625d9c15688be7bc41a38dbac9a7bc8e103,2026-04-25T07:40:10+00:00,3022,413,176,73,4.99,884.5999999999999,14,fit:e47555f16f02711dc446d8bfb5ee6625d9c15688be7bc41a38dbac9a7bc8e103:segment:003,3,7669.0,7598,activities/067_260425073220.csv,1,1,0,0
fit:e47555f16f02711dc446d8bfb5ee6625d9c15688be7bc41a38dbac9a7bc8e103,2026-04-25T07:40:11+00:00,3023,362,176,73,5.152,885.2,14,fit:e47555f16f02711dc446d8bfb5ee6625d9c15688be7bc41a38dbac9a7bc8e103:segment:003,3,7670.0,7599,activities/067_260425073220.csv,1,1,0,0
fit:e47555f16f02711dc446d8bfb5ee6625d9c15688be7bc41a38dbac9a7bc8e103,2026-04-25T07:40:12+00:00,3024,412,176,72,4.812,885.2,14,fit:e47555f16f02711dc446d8bfb5ee6625d9c15688be7bc41a38dbac9a7bc8e103:segment:003,3,7671.0,7600,activities/067_260425073220.csv,1,1,0,0
fit:e47555f16f02711dc446d8bfb5ee6625d9c15688be7bc41a38dbac9a7bc8e103,2026-04-25T07:40:13+00:00,3025,452,177,72,4.89,886.2,14,fit:e47555f16f02711dc446d8bfb5ee6625d9c15688be7bc41a38dbac9a7bc8e103:segment:003,3,7672.0,7601,activities/067_260425073220.csv,1,1,0,0
fit:e47555f16f02711dc446d8bfb5ee6625d9c15688be7bc41a38dbac9a7bc8e103,2026-04-25T07:40:14+00:00,3026,452,177,72,4.485,886.4000000000001,14,fit:e47555f16f02711dc446d8bfb5ee6625d9c15688be7bc41a38dbac9a7bc8e103:segment:003,3,7673.0,7602,activities/067_260425073220.csv,1,1,0,0
fit:e47555f16f02711dc446d8bfb5ee6625d9c15688be7bc41a38dbac9a7bc8e103,2026-04-25T07:40:15+00:00,3027,446,177,71,4.759,887.4000000000001,14,fit:e47555f16f02711dc446d8bfb5ee6625d9c15688be7bc41a38dbac9a7bc8e103:segment:003,3,7674.0,7603,activities/067_260425073220.csv,1,1,0,0
fit:e47555f16f02711dc446d8bfb5ee6625d9c15688be7bc41a38dbac9a7bc8e103,2026-04-25T07:40:16+00:00,3028,446,177,69,4.887,887.5999999999999,14,fit:e47555f16f02711dc446d8bfb5ee6625d9c15688be7bc41a38dbac9a7bc8e103:segment:003,3,7675.0,7604,activities/067_260425073220.csv,1,1,0,0
fit:e47555f16f02711dc446d8bfb5ee6625d9c15688be7bc41a38dbac9a7bc8e103,2026-04-25T07:40:17+00:00,3029,409,177,69,4.44,888.0,14,fit:e47555f16f02711dc446d8bfb5ee6625d9c15688be7bc41a38dbac9a7bc8e103:segment:003,3,7676.0,7605,activities/067_260425073220.csv,1,1,0,0
fit:e47555f16f02711dc446d8bfb5ee6625d9c15688be7bc41a38dbac9a7bc8e103,2026-04-25T07:40:18+00:00,3030,365,177,66,4.414,888.4000000000001,14,fit:e47555f16f02711dc446d8bfb5ee6625d9c15688be7bc41a38dbac9a7bc8e103:segment:003,3,7677.0,7606,activities/067_260425073220.csv,1,1,0,0
fit:e47555f16f02711dc446d8bfb5ee6625d9c15688be7bc41a38dbac9a7bc8e103,2026-04-25T07:40:19+00:00,3031,349,177,65,4.426,889.4000000000001,14,fit:e47555f16f02711dc446d8bfb5ee6625d9c15688be7bc41a38dbac9a7bc8e103:segment:003,3,7678.0,7607,activities/067_260425073220.csv,1,1,0,0
fit:e47555f16f02711dc446d8bfb5ee6625d9c15688be7bc41a38dbac9a7bc8e103,2026-04-25T07:40:20+00:00,3032,345,177,64,4.355,889.8,14,fit:e47555f16f02711dc446d8bfb5ee6625d9c15688be7bc41a38dbac9a7bc8e103:segment:003,3,7679.0,7608,activities/067_260425073220.csv,1,1,0,0
fit:e47555f16f02711dc446d8bfb5ee6625d9c15688be7bc41a38dbac9a7bc8e103,2026-04-25T07:40:21+00:00,3033,301,177,64,4.524,890.2,14,fit:e47555f16f02711dc446d8bfb5ee6625d9c15688be7bc41a38dbac9a7bc8e103:segment:003,3,7680.0,7609,activities/067_260425073220.csv,1,1,0,0
fit:e47555f16f02711dc446d8bfb5ee6625d9c15688be7bc41a38dbac9a7bc8e103,2026-04-25T07:40:22+00:00,3034,336,178,64,4.23,890.2,14,fit:e47555f16f02711dc446d8bfb5ee6625d9c15688be7bc41a38dbac9a7bc8e103:segment:003,3,7681.0,7610,activities/067_260425073220.csv,1,1,0,0
fit:e47555f16f02711dc446d8bfb5ee6625d9c15688be7bc41a38dbac9a7bc8e103,2026-04-25T07:40:23+00:00,3035,308,178,65,4.183,890.2,14,fit:e47555f16f02711dc446d8bfb5ee6625d9c15688be7bc41a38dbac9a7bc8e103:segment:003,3,7682.0,7611,activities/067_260425073220.csv,1,1,0,0
fit:e47555f16f02711dc446d8bfb5ee6625d9c15688be7bc41a38dbac9a7bc8e103,2026-04-25T07:40:24+00:00,3036,284,178,73,4.246,890.2,14,fit:e47555f16f02711dc446d8bfb5ee6625d9c15688be7bc41a38dbac9a7bc8e103:segment:003,3,7683.0,7612,activities/067_260425073220.csv,1,1,0,0
fit:e47555f16f02711dc446d8bfb5ee6625d9c15688be7bc41a38dbac9a7bc8e103,2026-04-25T07:40:25+00:00,3037,314,178,77,4.646,890.2,14,fit:e47555f16f02711dc446d8bfb5ee6625d9c15688be7bc41a38dbac9a7bc8e103:segment:003,3,7684.0,7613,activities/067_260425073220.csv,1,1,0,0
fit:e47555f16f02711dc446d8bfb5ee6625d9c15688be7bc41a38dbac9a7bc8e103,2026-04-25T07:40:26+00:00,3038,314,178,82,4.927,891.0,14,fit:e47555f16f02711dc446d8bfb5ee6625d9c15688be7bc41a38dbac9a7bc8e103:segment:003,3,7685.0,7614,activities/067_260425073220.csv,1,1,0,0
fit:e47555f16f02711dc446d8bfb5ee6625d9c15688be7bc41a38dbac9a7bc8e103,2026-04-25T07:40:27+00:00,3039,326,178,82,5.185,891.0,14,fit:e47555f16f02711dc446d8bfb5ee6625d9c15688be7bc41a38dbac9a7bc8e103:segment:003,3,7686.0,7615,activities/067_260425073220.csv,1,1,0,0
fit:e47555f16f02711dc446d8bfb5ee6625d9c15688be7bc41a38dbac9a7bc8e103,2026-04-25T07:40:28+00:00,3040,344,178,83,4.919,891.0,14,fit:e47555f16f02711dc446d8bfb5ee6625d9c15688be7bc41a38dbac9a7bc8e103:segment:003,3,7687.0,7616,activities/067_260425073220.csv,1,1,0,0
fit:e47555f16f02711dc446d8bfb5ee6625d9c15688be7bc41a38dbac9a7bc8e103,2026-04-25T07:40:29+00:00,3041,344,178,79,5.051,891.0,14,fit:e47555f16f02711dc446d8bfb5ee6625d9c15688be7bc41a38dbac9a7bc8e103:segment:003,3,7688.0,7617,activities/067_260425073220.csv,1,1,0,0
fit:e47555f16f02711dc446d8bfb5ee6625d9c15688be7bc41a38dbac9a7bc8e103,2026-04-25T07:40:30+00:00,3042,344,178,79,4.78,891.0,14,fit:e47555f16f02711dc446d8bfb5ee6625d9c15688be7bc41a38dbac9a7bc8e103:segment:003,3,7689.0,7618,activities/067_260425073220.csv,1,1,0,0
fit:e47555f16f02711dc446d8bfb5ee6625d9c15688be7bc41a38dbac9a7bc8e103,2026-04-25T07:40:31+00:00,3043,358,178,79,4.818,891.4000000000001,14,fit:e47555f16f02711dc446d8bfb5ee6625d9c15688be7bc41a38dbac9a7bc8e103:segment:003,3,7690.0,7619,activities/067_260425073220.csv,1,1,0,0
fit:e47555f16f02711dc446d8bfb5ee6625d9c15688be7bc41a38dbac9a7bc8e103,2026-04-25T07:40:32+00:00,3044,347,178,74,4.962,892.4000000000001,14,fit:e47555f16f02711dc446d8bfb5ee6625d9c15688be7bc41a38dbac9a7bc8e103:segment:003,3,7691.0,7620,activities/067_260425073220.csv,1,1,0,0
fit:e47555f16f02711dc446d8bfb5ee6625d9c15688be7bc41a38dbac9a7bc8e103,2026-04-25T07:40:33+00:00,3045,332,178,73,4.679,892.5999999999999,14,fit:e47555f16f02711dc446d8bfb5ee6625d9c15688be7bc41a38dbac9a7bc8e103:segment:003,3,7692.0,7621,activities/067_260425073220.csv,1,1,0,0
fit:e47555f16f02711dc446d8bfb5ee6625d9c15688be7bc41a38dbac9a7bc8e103,2026-04-25T07:40:34+00:00,3046,332,179,71,4.961,893.5999999999999,14,fit:e47555f16f02711dc446d8bfb5ee6625d9c15688be7bc41a38dbac9a7bc8e103:segment:003,3,7693.0,7622,activities/067_260425073220.csv,1,1,0,0
fit:e47555f16f02711dc446d8bfb5ee6625d9c15688be7bc41a38dbac9a7bc8e103,2026-04-25T07:40:35+00:00,3047,335,179,71,5.259,893.5999999999999,14,fit:e47555f16f02711dc446d8bfb5ee6625d9c15688be7bc41a38dbac9a7bc8e103:segment:003,3,7694.0,7623,activities/067_260425073220.csv,1,1,0,0
fit:e47555f16f02711dc446d8bfb5ee6625d9c15688be7bc41a38dbac9a7bc8e103,2026-04-25T07:40:36+00:00,3048,335,179,85,4.999,893.5999999999999,14,fit:e47555f16f02711dc446d8bfb5ee6625d9c15688be7bc41a38dbac9a7bc8e103:segment:003,3,7695.0,7624,activities/067_260425073220.csv,1,1,0,0
fit:e47555f16f02711dc446d8bfb5ee6625d9c15688be7bc41a38dbac9a7bc8e103,2026-04-25T07:40:37+00:00,3049,388,180,85,5.175,892.5999999999999,14,fit:e47555f16f02711dc446d8bfb5ee6625d9c15688be7bc41a38dbac9a7bc8e103:segment:003,3,7696.0,7625,activities/067_260425073220.csv,1,1,0,0
fit:e47555f16f02711dc446d8bfb5ee6625d9c15688be7bc41a38dbac9a7bc8e103,2026-04-25T07:40:38+00:00,3050,294,179,83,5.4,892.5999999999999,14,fit:e47555f16f02711dc446d8bfb5ee6625d9c15688be7bc41a38dbac9a7bc8e103:segment:003,3,7697.0,7626,activities/067_260425073220.csv,1,1,0,0
fit:e47555f16f02711dc446d8bfb5ee6625d9c15688be7bc41a38dbac9a7bc8e103,2026-04-25T07:40:39+00:00,3051,213,180,87,5.845,892.5999999999999,14,fit:e47555f16f02711dc446d8bfb5ee6625d9c15688be7bc41a38dbac9a7bc8e103:segment:003,3,7698.0,7627,activities/067_260425073220.csv,1,1,0,0
fit:e47555f16f02711dc446d8bfb5ee6625d9c15688be7bc41a38dbac9a7bc8e103,2026-04-25T07:40:40+00:00,3052,150,180,91,6.414,892.5999999999999,14,fit:e47555f16f02711dc446d8bfb5ee6625d9c15688be7bc41a38dbac9a7bc8e103:segment:003,3,7699.0,7628,activities/067_260425073220.csv,1,1,0,0
fit:e47555f16f02711dc446d8bfb5ee6625d9c15688be7bc41a38dbac9a7bc8e103,2026-04-25T07:40:41+00:00,3053,133,180,90,6.685,892.5999999999999,14,fit:e47555f16f02711dc446d8bfb5ee6625d9c15688be7bc41a38dbac9a7bc8e103:segment:003,3,7700.0,7629,activities/067_260425073220.csv,1,1,0,0
fit:e47555f16f02711dc446d8bfb5ee6625d9c15688be7bc41a38dbac9a7bc8e103,2026-04-25T07:40:42+00:00,3054,276,180,88,6.509,892.5999999999999,14,fit:e47555f16f02711dc446d8bfb5ee6625d9c15688be7bc41a38dbac9a7bc8e103:segment:003,3,7701.0,7630,activities/067_260425073220.csv,1,1,0,0
fit:e47555f16f02711dc446d8bfb5ee6625d9c15688be7bc41a38dbac9a7bc8e103,2026-04-25T07:40:43+00:00,3055,125,180,87,6.635,892.5999999999999,14,fit:e47555f16f02711dc446d8bfb5ee6625d9c15688be7bc41a38dbac9a7bc8e103:segment:003,3,7702.0,7631,activities/067_260425073220.csv,1,1,0,0
fit:e47555f16f02711dc446d8bfb5ee6625d9c15688be7bc41a38dbac9a7bc8e103,2026-04-25T07:40:44+00:00,3056,156,180,82,6.219,893.4000000000001,14,fit:e47555f16f02711dc446d8bfb5ee6625d9c15688be7bc41a38dbac9a7bc8e103:segment:003,3,7703.0,7632,activities/067_260425073220.csv,1,1,0,0
fit:e47555f16f02711dc446d8bfb5ee6625d9c15688be7bc41a38dbac9a7bc8e103,2026-04-25T07:40:45+00:00,3057,195,179,81,5.719,894.0,14,fit:e47555f16f02711dc446d8bfb5ee6625d9c15688be7bc41a38dbac9a7bc8e103:segment:003,3,7704.0,7633,activities/067_260425073220.csv,1,1,0,0
fit:e47555f16f02711dc446d8bfb5ee6625d9c15688be7bc41a38dbac9a7bc8e103,2026-04-25T07:40:46+00:00,3058,195,179,83,5.558,894.0,14,fit:e47555f16f02711dc446d8bfb5ee6625d9c15688be7bc41a38dbac9a7bc8e103:segment:003,3,7705.0,7634,activities/067_260425073220.csv,1,1,0,0
fit:e47555f16f02711dc446d8bfb5ee6625d9c15688be7bc41a38dbac9a7bc8e103,2026-04-25T07:40:47+00:00,3059,195,179,83,5.808,894.0,14,fit:e47555f16f02711dc446d8bfb5ee6625d9c15688be7bc41a38dbac9a7bc8e103:segment:003,3,7706.0,7635,activities/067_260425073220.csv,1,1,0,0
fit:e47555f16f02711dc446d8bfb5ee6625d9c15688be7bc41a38dbac9a7bc8e103,2026-04-25T07:40:48+00:00,3060,322,179,88,6.393,893.4000000000001,14,fit:e47555f16f02711dc446d8bfb5ee6625d9c15688be7bc41a38dbac9a7bc8e103:segment:003,3,7707.0,7636,activities/067_260425073220.csv,1,1,0,0
fit:e47555f16f02711dc446d8bfb5ee6625d9c15688be7bc41a38dbac9a7bc8e103,2026-04-25T07:40:49+00:00,3061,244,178,78,6.94,892.4000000000001,14,fit:e47555f16f02711dc446d8bfb5ee6625d9c15688be7bc41a38dbac9a7bc8e103:segment:003,3,7708.0,7637,activities/067_260425073220.csv,1,1,0,0
fit:e47555f16f02711dc446d8bfb5ee6625d9c15688be7bc41a38dbac9a7bc8e103,2026-04-25T07:40:50+00:00,3062,261,178,81,7.411,892.4000000000001,14,fit:e47555f16f02711dc446d8bfb5ee6625d9c15688be7bc41a38dbac9a7bc8e103:segment:003,3,7709.0,7638,activities/067_260425073220.csv,1,1,0,0
fit:e47555f16f02711dc446d8bfb5ee6625d9c15688be7bc41a38dbac9a7bc8e103,2026-04-25T07:40:51+00:00,3063,240,178,89,7.168,892.4000000000001,14,fit:e47555f16f02711dc446d8bfb5ee6625d9c15688be7bc41a38dbac9a7bc8e103:segment:003,3,7710.0,7639,activities/067_260425073220.csv,1,1,0,0
fit:e47555f16f02711dc446d8bfb5ee6625d9c15688be7bc41a38dbac9a7bc8e103,2026-04-25T07:40:52+00:00,3064,331,177,92,7.005,892.4000000000001,14,fit:e47555f16f02711dc446d8bfb5ee6625d9c15688be7bc41a38dbac9a7bc8e103:segment:003,3,7711.0,7640,activities/067_260425073220.csv,1,1,0,0
fit:e47555f16f02711dc446d8bfb5ee6625d9c15688be7bc41a38dbac9a7bc8e103,2026-04-25T07:40:53+00:00,3065,216,177,94,7.539,891.5999999999999,14,fit:e47555f16f02711dc446d8bfb5ee6625d9c15688be7bc41a38dbac9a7bc8e103:segment:003,3,7712.0,7641,activities/067_260425073220.csv,1,1,0,0
fit:e47555f16f02711dc446d8bfb5ee6625d9c15688be7bc41a38dbac9a7bc8e103,2026-04-25T07:40:54+00:00,3066,228,177,98,7.779,891.4000000000001,14,fit:e47555f16f02711dc446d8bfb5ee6625d9c15688be7bc41a38dbac9a7bc8e103:segment:003,3,7713.0,7642,activities/067_260425073220.csv,1,1,0,0
fit:e47555f16f02711dc446d8bfb5ee6625d9c15688be7bc41a38dbac9a7bc8e103,2026-04-25T07:40:55+00:00,3067,192,177,98,7.855,891.4000000000001,14,fit:e47555f16f02711dc446d8bfb5ee6625d9c15688be7bc41a38dbac9a7bc8e103:segment:003,3,7714.0,7643,activities/067_260425073220.csv,1,1,0,0
fit:e47555f16f02711dc446d8bfb5ee6625d9c15688be7bc41a38dbac9a7bc8e103,2026-04-25T07:40:56+00:00,3068,344,176,97,7.775,891.4000000000001,14,fit:e47555f16f02711dc446d8bfb5ee6625d9c15688be7bc41a38dbac9a7bc8e103:segment:003,3,7715.0,7644,activities/067_260425073220.csv,1,1,0,0
fit:e47555f16f02711dc446d8bfb5ee6625d9c15688be7bc41a38dbac9a7bc8e103,2026-04-25T07:40:57+00:00,3069,281,176,95,8.108,891.5999999999999,14,fit:e47555f16f02711dc446d8bfb5ee6625d9c15688be7bc41a38dbac9a7bc8e103:segment:003,3,7716.0,7645,activities/067_260425073220.csv,1,1,0,0
fit:e47555f16f02711dc446d8bfb5ee6625d9c15688be7bc41a38dbac9a7bc8e103,2026-04-25T07:40:58+00:00,3070,206,176,94,8.244,892.2,14,fit:e47555f16f02711dc446d8bfb5ee6625d9c15688be7bc41a38dbac9a7bc8e103:segment:003,3,7717.0,7646,activities/067_260425073220.csv,1,1,0,0
fit:e47555f16f02711dc446d8bfb5ee6625d9c15688be7bc41a38dbac9a7bc8e103,2026-04-25T07:40:59+00:00,3071,286,176,94,8.179,892.2,14,fit:e47555f16f02711dc446d8bfb5ee6625d9c15688be7bc41a38dbac9a7bc8e103:segment:003,3,7718.0,7647,activities/067_260425073220.csv,1,1,0,0
fit:e47555f16f02711dc446d8bfb5ee6625d9c15688be7bc41a38dbac9a7bc8e103,2026-04-25T07:41:00+00:00,3072,225,176,97,8.179,892.2,14,fit:e47555f16f02711dc446d8bfb5ee6625d9c15688be7bc41a38dbac9a7bc8e103:segment:003,3,7719.0,7648,activities/067_260425073220.csv,1,1,0,0
fit:e47555f16f02711dc446d8bfb5ee6625d9c15688be7bc41a38dbac9a7bc8e103,2026-04-25T07:41:01+00:00,3073,280,176,100,8.789,892.2,14,fit:e47555f16f02711dc446d8bfb5ee6625d9c15688be7bc41a38dbac9a7bc8e103:segment:003,3,7720.0,7649,activities/067_260425073220.csv,1,1,0,0
fit:e47555f16f02711dc446d8bfb5ee6625d9c15688be7bc41a38dbac9a7bc8e103,2026-04-25T07:41:02+00:00,3074,281,177,101,9.33,892.0,14,fit:e47555f16f02711dc446d8bfb5ee6625d9c15688be7bc41a38dbac9a7bc8e103:segment:003,3,7721.0,7650,activities/067_260425073220.csv,1,1,0,0
fit:e47555f16f02711dc446d8bfb5ee6625d9c15688be7bc41a38dbac9a7bc8e103,2026-04-25T07:41:03+00:00,3075,208,177,102,9.463,892.0,14,fit:e47555f16f02711dc446d8bfb5ee6625d9c15688be7bc41a38dbac9a7bc8e103:segment:003,3,7722.0,7651,activities/067_260425073220.csv,1,1,0,0
fit:e47555f16f02711dc446d8bfb5ee6625d9c15688be7bc41a38dbac9a7bc8e103,2026-04-25T07:41:04+00:00,3076,212,177,101,9.736,892.0,14,fit:e47555f16f02711dc446d8bfb5ee6625d9c15688be7bc41a38dbac9a7bc8e103:segment:003,3,7723.0,7652,activities/067_260425073220.csv,1,1,0,0
fit:e47555f16f02711dc446d8bfb5ee6625d9c15688be7bc41a38dbac9a7bc8e103,2026-04-25T07:41:05+00:00,3077,254,177,100,9.907,892.0,14,fit:e47555f16f02711dc446d8bfb5ee6625d9c15688be7bc41a38dbac9a7bc8e103:segment:003,3,7724.0,7653,activities/067_260425073220.csv,1,1,0,0
fit:e47555f16f02711dc446d8bfb5ee6625d9c15688be7bc41a38dbac9a7bc8e103,2026-04-25T07:41:06+00:00,3078,304,177,99,9.838,892.0,14,fit:e47555f16f02711dc446d8bfb5ee6625d9c15688be7bc41a38dbac9a7bc8e103:segment:003,3,7725.0,7654,activities/067_260425073220.csv,1,1,0,0
fit:e47555f16f02711dc446d8bfb5ee6625d9c15688be7bc41a38dbac9a7bc8e103,2026-04-25T07:41:07+00:00,3079,410,177,99,9.819,892.0,14,fit:e47555f16f02711dc446d8bfb5ee6625d9c15688be7bc41a38dbac9a7bc8e103:segment:003,3,7726.0,7655,activities/067_260425073220.csv,1,1,0,0
fit:e47555f16f02711dc446d8bfb5ee6625d9c15688be7bc41a38dbac9a7bc8e103,2026-04-25T07:41:08+00:00,3080,283,177,90,9.481,892.2,14,fit:e47555f16f02711dc446d8bfb5ee6625d9c15688be7bc41a38dbac9a7bc8e103:segment:003,3,7727.0,7656,activities/067_260425073220.csv,1,1,0,0
fit:e47555f16f02711dc446d8bfb5ee6625d9c15688be7bc41a38dbac9a7bc8e103,2026-04-25T07:41:09+00:00,3081,272,176,92,9.518,892.2,14,fit:e47555f16f02711dc446d8bfb5ee6625d9c15688be7bc41a38dbac9a7bc8e103:segment:003,3,7728.0,7657,activities/067_260425073220.csv,1,1,0,0
fit:e47555f16f02711dc446d8bfb5ee6625d9c15688be7bc41a38dbac9a7bc8e103,2026-04-25T07:41:10+00:00,3082,267,176,93,9.861,892.2,14,fit:e47555f16f02711dc446d8bfb5ee6625d9c15688be7bc41a38dbac9a7bc8e103:segment:003,3,7729.0,7658,activities/067_260425073220.csv,1,1,0,0
fit:e47555f16f02711dc446d8bfb5ee6625d9c15688be7bc41a38dbac9a7bc8e103,2026-04-25T07:41:11+00:00,3083,248,175,93,9.861,891.5999999999999,14,fit:e47555f16f02711dc446d8bfb5ee6625d9c15688be7bc41a38dbac9a7bc8e103:segment:003,3,7730.0,7659,activities/067_260425073220.csv,1,1,0,0
fit:e47555f16f02711dc446d8bfb5ee6625d9c15688be7bc41a38dbac9a7bc8e103,2026-04-25T07:41:12+00:00,3084,248,175,92,9.937,891.5999999999999,14,fit:e47555f16f02711dc446d8bfb5ee6625d9c15688be7bc41a38dbac9a7bc8e103:segment:003,3,7731.0,7660,activities/067_260425073220.csv,1,1,0,0
fit:e47555f16f02711dc446d8bfb5ee6625d9c15688be7bc41a38dbac9a7bc8e103,2026-04-25T07:41:13+00:00,3085,295,175,92,9.835,891.5999999999999,14,fit:e47555f16f02711dc446d8bfb5ee6625d9c15688be7bc41a38dbac9a7bc8e103:segment:003,3,7732.0,7661,activities/067_260425073220.csv,1,1,0,0
fit:e47555f16f02711dc446d8bfb5ee6625d9c15688be7bc41a38dbac9a7bc8e103,2026-04-25T07:41:14+00:00,3086,323,175,94,9.367,891.5999999999999,14,fit:e47555f16f02711dc446d8bfb5ee6625d9c15688be7bc41a38dbac9a7bc8e103:segment:003,3,7733.0,7662,activities/067_260425073220.csv,1,1,0,0
fit:e47555f16f02711dc446d8bfb5ee6625d9c15688be7bc41a38dbac9a7bc8e103,2026-04-25T07:41:15+00:00,3087,267,175,95,9.57,891.5999999999999,14,fit:e47555f16f02711dc446d8bfb5ee6625d9c15688be7bc41a38dbac9a7bc8e103:segment:003,3,7734.0,7663,activities/067_260425073220.csv,1,1,0,0
fit:e47555f16f02711dc446d8bfb5ee6625d9c15688be7bc41a38dbac9a7bc8e103,2026-04-25T07:41:16+00:00,3088,268,175,94,9.528,891.5999999999999,14,fit:e47555f16f02711dc446d8bfb5ee6625d9c15688be7bc41a38dbac9a7bc8e103:segment:003,3,7735.0,7664,activities/067_260425073220.csv,1,1,0,0
fit:e47555f16f02711dc446d8bfb5ee6625d9c15688be7bc41a38dbac9a7bc8e103,2026-04-25T07:41:17+00:00,3089,299,175,94,9.75,891.5999999999999,14,fit:e47555f16f02711dc446d8bfb5ee6625d9c15688be7bc41a38dbac9a7bc8e103:segment:003,3,7736.0,7665,activities/067_260425073220.csv,1,1,0,0
fit:e47555f16f02711dc446d8bfb5ee6625d9c15688be7bc41a38dbac9a7bc8e103,2026-04-25T07:41:18+00:00,3090,423,175,95,10.147,891.5999999999999,14,fit:e47555f16f02711dc446d8bfb5ee6625d9c15688be7bc41a38dbac9a7bc8e103:segment:003,3,7737.0,7666,activities/067_260425073220.csv,1,1,0,0
fit:e47555f16f02711dc446d8bfb5ee6625d9c15688be7bc41a38dbac9a7bc8e103,2026-04-25T07:41:19+00:00,3091,371,175,95,10.316,891.5999999999999,14,fit:e47555f16f02711dc446d8bfb5ee6625d9c15688be7bc41a38dbac9a7bc8e103:segment:003,3,7738.0,7667,activities/067_260425073220.csv,1,1,0,0
fit:e47555f16f02711dc446d8bfb5ee6625d9c15688be7bc41a38dbac9a7bc8e103,2026-04-25T07:41:20+00:00,3092,358,175,96,10.176,892.5999999999999,14,fit:e47555f16f02711dc446d8bfb5ee6625d9c15688be7bc41a38dbac9a7bc8e103:segment:003,3,7739.0,7668,activities/067_260425073220.csv,1,1,0,0
fit:e47555f16f02711dc446d8bfb5ee6625d9c15688be7bc41a38dbac9a7bc8e103,2026-04-25T07:41:21+00:00,3093,332,175,97,10.321,892.5999999999999,14,fit:e47555f16f02711dc446d8bfb5ee6625d9c15688be7bc41a38dbac9a7bc8e103:segment:003,3,7740.0,7669,activities/067_260425073220.csv,1,1,0,0
fit:e47555f16f02711dc446d8bfb5ee6625d9c15688be7bc41a38dbac9a7bc8e103,2026-04-25T07:41:22+00:00,3094,288,175,98,10.463,892.5999999999999,14,fit:e47555f16f02711dc446d8bfb5ee6625d9c15688be7bc41a38dbac9a7bc8e103:segment:003,3,7741.0,7670,activities/067_260425073220.csv,1,1,0,0
fit:e47555f16f02711dc446d8bfb5ee6625d9c15688be7bc41a38dbac9a7bc8e103,2026-04-25T07:41:23+00:00,3095,309,175,98,10.536,892.5999999999999,14,fit:e47555f16f02711dc446d8bfb5ee6625d9c15688be7bc41a38dbac9a7bc8e103:segment:003,3,7742.0,7671,activities/067_260425073220.csv,1,1,0,0
fit:e47555f16f02711dc446d8bfb5ee6625d9c15688be7bc41a38dbac9a7bc8e103,2026-04-25T07:41:24+00:00,3096,349,175,98,10.491,892.5999999999999,14,fit:e47555f16f02711dc446d8bfb5ee6625d9c15688be7bc41a38dbac9a7bc8e103:segment:003,3,7743.0,7672,activities/067_260425073220.csv,1,1,0,0
fit:e47555f16f02711dc446d8bfb5ee6625d9c15688be7bc41a38dbac9a7bc8e103,2026-04-25T07:41:25+00:00,3097,397,175,98,10.356,892.5999999999999,14,fit:e47555f16f02711dc446d8bfb5ee6625d9c15688be7bc41a38dbac9a7bc8e103:segment:003,3,7744.0,7673,activities/067_260425073220.csv,1,1,0,0
fit:e47555f16f02711dc446d8bfb5ee6625d9c15688be7bc41a38dbac9a7bc8e103,2026-04-25T07:41:26+00:00,3098,367,175,98,10.492,892.0,14,fit:e47555f16f02711dc446d8bfb5ee6625d9c15688be7bc41a38dbac9a7bc8e103:segment:003,3,7745.0,7674,activities/067_260425073220.csv,1,1,0,0
fit:e47555f16f02711dc446d8bfb5ee6625d9c15688be7bc41a38dbac9a7bc8e103,2026-04-25T07:41:27+00:00,3099,324,176,97,10.56,892.0,14,fit:e47555f16f02711dc446d8bfb5ee6625d9c15688be7bc41a38dbac9a7bc8e103:segment:003,3,7746.0,7675,activities/067_260425073220.csv,1,1,0,0
fit:e47555f16f02711dc446d8bfb5ee6625d9c15688be7bc41a38dbac9a7bc8e103,2026-04-25T07:41:28+00:00,3100,351,176,96,10.49,892.0,14,fit:e47555f16f02711dc446d8bfb5ee6625d9c15688be7bc41a38dbac9a7bc8e103:segment:003,3,7747.0,7676,activities/067_260425073220.csv,1,1,0,0
fit:e47555f16f02711dc446d8bfb5ee6625d9c15688be7bc41a38dbac9a7bc8e103,2026-04-25T07:41:29+00:00,3101,319,176,95,10.361,893.0,14,fit:e47555f16f02711dc446d8bfb5ee6625d9c15688be7bc41a38dbac9a7bc8e103:segment:003,3,7748.0,7677,activities/067_260425073220.csv,1,1,0,0
fit:e47555f16f02711dc446d8bfb5ee6625d9c15688be7bc41a38dbac9a7bc8e103,2026-04-25T07:41:30+00:00,3102,286,176,92,10.257,893.5999999999999,14,fit:e47555f16f02711dc446d8bfb5ee6625d9c15688be7bc41a38dbac9a7bc8e103:segment:003,3,7749.0,7678,activities/067_260425073220.csv,1,1,0,0
fit:e47555f16f02711dc446d8bfb5ee6625d9c15688be7bc41a38dbac9a7bc8e103,2026-04-25T07:41:31+00:00,3103,320,176,92,9.943,893.8,14,fit:e47555f16f02711dc446d8bfb5ee6625d9c15688be7bc41a38dbac9a7bc8e103:segment:003,3,7750.0,7679,activities/067_260425073220.csv,1,1,0,0
fit:e47555f16f02711dc446d8bfb5ee6625d9c15688be7bc41a38dbac9a7bc8e103,2026-04-25T07:41:32+00:00,3104,297,176,91,9.749,893.8,14,fit:e47555f16f02711dc446d8bfb5ee6625d9c15688be7bc41a38dbac9a7bc8e103:segment:003,3,7751.0,7680,activities/067_260425073220.csv,1,1,0,0
fit:e47555f16f02711dc446d8bfb5ee6625d9c15688be7bc41a38dbac9a7bc8e103,2026-04-25T07:41:33+00:00,3105,290,176,90,9.764,893.8,14,fit:e47555f16f02711dc446d8bfb5ee6625d9c15688be7bc41a38dbac9a7bc8e103:segment:003,3,7752.0,7681,activities/067_260425073220.csv,1,1,0,0
fit:e47555f16f02711dc446d8bfb5ee6625d9c15688be7bc41a38dbac9a7bc8e103,2026-04-25T07:41:34+00:00,3106,322,176,89,9.555,893.8,14,fit:e47555f16f02711dc446d8bfb5ee6625d9c15688be7bc41a38dbac9a7bc8e103:segment:003,3,7753.0,7682,activities/067_260425073220.csv,1,1,0,0
fit:e47555f16f02711dc446d8bfb5ee6625d9c15688be7bc41a38dbac9a7bc8e103,2026-04-25T07:41:35+00:00,3107,310,176,88,9.311,894.5999999999999,14,fit:e47555f16f02711dc446d8bfb5ee6625d9c15688be7bc41a38dbac9a7bc8e103:segment:003,3,7754.0,7683,activities/067_260425073220.csv,1,1,0,0
fit:e47555f16f02711dc446d8bfb5ee6625d9c15688be7bc41a38dbac9a7bc8e103,2026-04-25T07:41:36+00:00,3108,310,177,87,9.188,894.5999999999999,14,fit:e47555f16f02711dc446d8bfb5ee6625d9c15688be7bc41a38dbac9a7bc8e103:segment:003,3,7755.0,7684,activities/067_260425073220.csv,1,1,0,0
fit:e47555f16f02711dc446d8bfb5ee6625d9c15688be7bc41a38dbac9a7bc8e103,2026-04-25T07:41:37+00:00,3109,290,177,87,8.701,894.5999999999999,14,fit:e47555f16f02711dc446d8bfb5ee6625d9c15688be7bc41a38dbac9a7bc8e103:segment:003,3,7756.0,7685,activities/067_260425073220.csv,1,1,0,0
fit:e47555f16f02711dc446d8bfb5ee6625d9c15688be7bc41a38dbac9a7bc8e103,2026-04-25T07:41:38+00:00,3110,391,177,86,8.651,894.5999999999999,14,fit:e47555f16f02711dc446d8bfb5ee6625d9c15688be7bc41a38dbac9a7bc8e103:segment:003,3,7757.0,7686,activities/067_260425073220.csv,1,1,0,0
fit:e47555f16f02711dc446d8bfb5ee6625d9c15688be7bc41a38dbac9a7bc8e103,2026-04-25T07:41:39+00:00,3111,304,177,92,8.77,895.5999999999999,14,fit:e47555f16f02711dc446d8bfb5ee6625d9c15688be7bc41a38dbac9a7bc8e103:segment:003,3,7758.0,7687,activities/067_260425073220.csv,1,1,0,0
fit:e47555f16f02711dc446d8bfb5ee6625d9c15688be7bc41a38dbac9a7bc8e103,2026-04-25T07:41:40+00:00,3112,264,177,89,8.843,896.4000000000001,14,fit:e47555f16f02711dc446d8bfb5ee6625d9c15688be7bc41a38dbac9a7bc8e103:segment:003,3,7759.0,7688,activities/067_260425073220.csv,1,1,0,0
fit:e47555f16f02711dc446d8bfb5ee6625d9c15688be7bc41a38dbac9a7bc8e103,2026-04-25T07:41:41+00:00,3113,319,177,87,8.783,896.5999999999999,14,fit:e47555f16f02711dc446d8bfb5ee6625d9c15688be7bc41a38dbac9a7bc8e103:segment:003,3,7760.0,7689,activities/067_260425073220.csv,1,1,0,0
fit:e47555f16f02711dc446d8bfb5ee6625d9c15688be7bc41a38dbac9a7bc8e103,2026-04-25T07:41:42+00:00,3114,287,178,87,8.72,897.2,14,fit:e47555f16f02711dc446d8bfb5ee6625d9c15688be7bc41a38dbac9a7bc8e103:segment:003,3,7761.0,7690,activities/067_260425073220.csv,1,1,0,0
fit:e47555f16f02711dc446d8bfb5ee6625d9c15688be7bc41a38dbac9a7bc8e103,2026-04-25T07:41:43+00:00,3115,306,178,87,8.539,897.2,14,fit:e47555f16f02711dc446d8bfb5ee6625d9c15688be7bc41a38dbac9a7bc8e103:segment:003,3,7762.0,7691,activities/067_260425073220.csv,1,1,0,0
fit:e47555f16f02711dc446d8bfb5ee6625d9c15688be7bc41a38dbac9a7bc8e103,2026-04-25T07:41:44+00:00,3116,315,178,85,8.31,897.2,14,fit:e47555f16f02711dc446d8bfb5ee6625d9c15688be7bc41a38dbac9a7bc8e103:segment:003,3,7763.0,7692,activities/067_260425073220.csv,1,1,0,0
fit:e47555f16f02711dc446d8bfb5ee6625d9c15688be7bc41a38dbac9a7bc8e103,2026-04-25T07:41:45+00:00,3117,307,178,84,8.268,897.2,14,fit:e47555f16f02711dc446d8bfb5ee6625d9c15688be7bc41a38dbac9a7bc8e103:segment:003,3,7764.0,7693,activities/067_260425073220.csv,1,1,0,0
fit:e47555f16f02711dc446d8bfb5ee6625d9c15688be7bc41a38dbac9a7bc8e103,2026-04-25T07:41:46+00:00,3118,335,177,84,7.977,898.0,14,fit:e47555f16f02711dc446d8bfb5ee6625d9c15688be7bc41a38dbac9a7bc8e103:segment:003,3,7765.0,7694,activities/067_260425073220.csv,1,1,0,0
fit:e47555f16f02711dc446d8bfb5ee6625d9c15688be7bc41a38dbac9a7bc8e103,2026-04-25T07:41:47+00:00,3119,315,177,83,7.856,898.2,14,fit:e47555f16f02711dc446d8bfb5ee6625d9c15688be7bc41a38dbac9a7bc8e103:segment:003,3,7766.0,7695,activities/067_260425073220.csv,1,1,0,0
fit:e47555f16f02711dc446d8bfb5ee6625d9c15688be7bc41a38dbac9a7bc8e103,2026-04-25T07:41:48+00:00,3120,286,177,83,8.023,898.5999999999999,14,fit:e47555f16f02711dc446d8bfb5ee6625d9c15688be7bc41a38dbac9a7bc8e103:segment:003,3,7767.0,7696,activities/067_260425073220.csv,1,1,0,0
fit:e47555f16f02711dc446d8bfb5ee6625d9c15688be7bc41a38dbac9a7bc8e103,2026-04-25T07:41:49+00:00,3121,265,177,81,7.957,898.5999999999999,14,fit:e47555f16f02711dc446d8bfb5ee6625d9c15688be7bc41a38dbac9a7bc8e103:segment:003,3,7768.0,7697,activities/067_260425073220.csv,1,1,0,0
fit:e47555f16f02711dc446d8bfb5ee6625d9c15688be7bc41a38dbac9a7bc8e103,2026-04-25T07:41:50+00:00,3122,275,177,81,7.766,898.5999999999999,14,fit:e47555f16f02711dc446d8bfb5ee6625d9c15688be7bc41a38dbac9a7bc8e103:segment:003,3,7769.0,7698,activities/067_260425073220.csv,1,1,0,0
fit:e47555f16f02711dc446d8bfb5ee6625d9c15688be7bc41a38dbac9a7bc8e103,2026-04-25T07:41:51+00:00,3123,273,177,79,7.361,898.5999999999999,14,fit:e47555f16f02711dc446d8bfb5ee6625d9c15688be7bc41a38dbac9a7bc8e103:segment:003,3,7770.0,7699,activities/067_260425073220.csv,1,1,0,0
fit:e47555f16f02711dc446d8bfb5ee6625d9c15688be7bc41a38dbac9a7bc8e103,2026-04-25T07:41:52+00:00,3124,260,177,79,7.481,898.5999999999999,14,fit:e47555f16f02711dc446d8bfb5ee6625d9c15688be7bc41a38dbac9a7bc8e103:segment:003,3,7771.0,7700,activities/067_260425073220.csv,1,1,0,0
fit:e47555f16f02711dc446d8bfb5ee6625d9c15688be7bc41a38dbac9a7bc8e103,2026-04-25T07:41:53+00:00,3125,284,177,80,7.618,898.5999999999999,14,fit:e47555f16f02711dc446d8bfb5ee6625d9c15688be7bc41a38dbac9a7bc8e103:segment:003,3,7772.0,7701,activities/067_260425073220.csv,1,1,0,0
fit:e47555f16f02711dc446d8bfb5ee6625d9c15688be7bc41a38dbac9a7bc8e103,2026-04-25T07:41:54+00:00,3126,269,177,81,7.661,899.4000000000001,14,fit:e47555f16f02711dc446d8bfb5ee6625d9c15688be7bc41a38dbac9a7bc8e103:segment:003,3,7773.0,7702,activities/067_260425073220.csv,1,1,0,0
fit:e47555f16f02711dc446d8bfb5ee6625d9c15688be7bc41a38dbac9a7bc8e103,2026-04-25T07:41:55+00:00,3127,327,177,82,7.494,900.4000000000001,14,fit:e47555f16f02711dc446d8bfb5ee6625d9c15688be7bc41a38dbac9a7bc8e103:segment:003,3,7774.0,7703,activities/067_260425073220.csv,1,1,0,0
fit:e47555f16f02711dc446d8bfb5ee6625d9c15688be7bc41a38dbac9a7bc8e103,2026-04-25T07:41:56+00:00,3128,347,177,83,7.591,900.4000000000001,14,fit:e47555f16f02711dc446d8bfb5ee6625d9c15688be7bc41a38dbac9a7bc8e103:segment:003,3,7775.0,7704,activities/067_260425073220.csv,1,1,0,0
fit:e47555f16f02711dc446d8bfb5ee6625d9c15688be7bc41a38dbac9a7bc8e103,2026-04-25T07:41:57+00:00,3129,234,177,83,7.686,900.4000000000001,14,fit:e47555f16f02711dc446d8bfb5ee6625d9c15688be7bc41a38dbac9a7bc8e103:segment:003,3,7776.0,7705,activities/067_260425073220.csv,1,1,0,0
fit:e47555f16f02711dc446d8bfb5ee6625d9c15688be7bc41a38dbac9a7bc8e103,2026-04-25T07:41:58+00:00,3130,293,177,84,7.94,900.4000000000001,14,fit:e47555f16f02711dc446d8bfb5ee6625d9c15688be7bc41a38dbac9a7bc8e103:segment:003,3,7777.0,7706,activities/067_260425073220.csv,1,1,0,0
fit:e47555f16f02711dc446d8bfb5ee6625d9c15688be7bc41a38dbac9a7bc8e103,2026-04-25T07:41:59+00:00,3131,280,177,77,8.233,900.4000000000001,14,fit:e47555f16f02711dc446d8bfb5ee6625d9c15688be7bc41a38dbac9a7bc8e103:segment:003,3,7778.0,7707,activities/067_260425073220.csv,1,1,0,0
fit:e47555f16f02711dc446d8bfb5ee6625d9c15688be7bc41a38dbac9a7bc8e103,2026-04-25T07:42:00+00:00,3132,290,177,78,8.24,900.0,14,fit:e47555f16f02711dc446d8bfb5ee6625d9c15688be7bc41a38dbac9a7bc8e103:segment:003,3,7779.0,7708,activities/067_260425073220.csv,1,1,0,0
fit:e47555f16f02711dc446d8bfb5ee6625d9c15688be7bc41a38dbac9a7bc8e103,2026-04-25T07:42:01+00:00,3133,304,177,79,8.469,900.0,14,fit:e47555f16f02711dc446d8bfb5ee6625d9c15688be7bc41a38dbac9a7bc8e103:segment:003,3,7780.0,7709,activities/067_260425073220.csv,1,1,0,0
fit:e47555f16f02711dc446d8bfb5ee6625d9c15688be7bc41a38dbac9a7bc8e103,2026-04-25T07:42:02+00:00,3134,260,177,80,8.37,900.0,14,fit:e47555f16f02711dc446d8bfb5ee6625d9c15688be7bc41a38dbac9a7bc8e103:segment:003,3,7781.0,7710,activities/067_260425073220.csv,1,1,0,0
fit:e47555f16f02711dc446d8bfb5ee6625d9c15688be7bc41a38dbac9a7bc8e103,2026-04-25T07:42:03+00:00,3135,282,177,80,8.563,900.0,14,fit:e47555f16f02711dc446d8bfb5ee6625d9c15688be7bc41a38dbac9a7bc8e103:segment:003,3,7782.0,7711,activities/067_260425073220.csv,1,1,0,0
fit:e47555f16f02711dc446d8bfb5ee6625d9c15688be7bc41a38dbac9a7bc8e103,2026-04-25T07:42:04+00:00,3136,343,177,81,8.712,900.0,14,fit:e47555f16f02711dc446d8bfb5ee6625d9c15688be7bc41a38dbac9a7bc8e103:segment:003,3,7783.0,7712,activities/067_260425073220.csv,1,1,0,0
fit:e47555f16f02711dc446d8bfb5ee6625d9c15688be7bc41a38dbac9a7bc8e103,2026-04-25T07:42:05+00:00,3137,311,177,84,8.804,899.4000000000001,14,fit:e47555f16f02711dc446d8bfb5ee6625d9c15688be7bc41a38dbac9a7bc8e103:segment:003,3,7784.0,7713,activities/067_260425073220.csv,1,1,0,0
fit:e47555f16f02711dc446d8bfb5ee6625d9c15688be7bc41a38dbac9a7bc8e103,2026-04-25T07:42:06+00:00,3138,318,178,84,8.902,899.4000000000001,14,fit:e47555f16f02711dc446d8bfb5ee6625d9c15688be7bc41a38dbac9a7bc8e103:segment:003,3,7785.0,7714,activities/067_260425073220.csv,1,1,0,0
fit:e47555f16f02711dc446d8bfb5ee6625d9c15688be7bc41a38dbac9a7bc8e103,2026-04-25T07:42:07+00:00,3139,344,178,84,9.034,899.4000000000001,14,fit:e47555f16f02711dc446d8bfb5ee6625d9c15688be7bc41a38dbac9a7bc8e103:segment:003,3,7786.0,7715,activities/067_260425073220.csv,1,1,0,0
fit:e47555f16f02711dc446d8bfb5ee6625d9c15688be7bc41a38dbac9a7bc8e103,2026-04-25T07:42:08+00:00,3140,375,177,84,9.178,900.2,14,fit:e47555f16f02711dc446d8bfb5ee6625d9c15688be7bc41a38dbac9a7bc8e103:segment:003,3,7787.0,7716,activities/067_260425073220.csv,1,1,0,0
fit:e47555f16f02711dc446d8bfb5ee6625d9c15688be7bc41a38dbac9a7bc8e103,2026-04-25T07:42:09+00:00,3141,412,178,83,8.989,900.2,14,fit:e47555f16f02711dc446d8bfb5ee6625d9c15688be7bc41a38dbac9a7bc8e103:segment:003,3,7788.0,7717,activities/067_260425073220.csv,1,1,0,0
fit:e47555f16f02711dc446d8bfb5ee6625d9c15688be7bc41a38dbac9a7bc8e103,2026-04-25T07:42:10+00:00,3142,349,178,84,9.0,900.2,14,fit:e47555f16f02711dc446d8bfb5ee6625d9c15688be7bc41a38dbac9a7bc8e103:segment:003,3,7789.0,7718,activities/067_260425073220.csv,1,1,0,0
fit:e47555f16f02711dc446d8bfb5ee6625d9c15688be7bc41a38dbac9a7bc8e103,2026-04-25T07:42:11+00:00,3143,356,178,85,8.769,900.2,14,fit:e47555f16f02711dc446d8bfb5ee6625d9c15688be7bc41a38dbac9a7bc8e103:segment:003,3,7790.0,7719,activities/067_260425073220.csv,1,1,0,0
fit:e47555f16f02711dc446d8bfb5ee6625d9c15688be7bc41a38dbac9a7bc8e103,2026-04-25T07:42:12+00:00,3144,272,178,85,8.997,900.2,14,fit:e47555f16f02711dc446d8bfb5ee6625d9c15688be7bc41a38dbac9a7bc8e103:segment:003,3,7791.0,7720,activities/067_260425073220.csv,1,1,0,0
fit:e47555f16f02711dc446d8bfb5ee6625d9c15688be7bc41a38dbac9a7bc8e103,2026-04-25T07:42:13+00:00,3145,295,179,85,8.859,900.2,14,fit:e47555f16f02711dc446d8bfb5ee6625d9c15688be7bc41a38dbac9a7bc8e103:segment:003,3,7792.0,7721,activities/067_260425073220.csv,1,1,0,0
fit:e47555f16f02711dc446d8bfb5ee6625d9c15688be7bc41a38dbac9a7bc8e103,2026-04-25T07:42:14+00:00,3146,325,179,85,9.135,900.2,14,fit:e47555f16f02711dc446d8bfb5ee6625d9c15688be7bc41a38dbac9a7bc8e103:segment:003,3,7793.0,7722,activities/067_260425073220.csv,1,1,0,0
fit:e47555f16f02711dc446d8bfb5ee6625d9c15688be7bc41a38dbac9a7bc8e103,2026-04-25T07:42:15+00:00,3147,299,179,85,9.344,900.8,14,fit:e47555f16f02711dc446d8bfb5ee6625d9c15688be7bc41a38dbac9a7bc8e103:segment:003,3,7794.0,7723,activities/067_260425073220.csv,1,1,0,0
fit:e47555f16f02711dc446d8bfb5ee6625d9c15688be7bc41a38dbac9a7bc8e103,2026-04-25T07:42:16+00:00,3148,284,179,86,9.186,900.8,14,fit:e47555f16f02711dc446d8bfb5ee6625d9c15688be7bc41a38dbac9a7bc8e103:segment:003,3,7795.0,7724,activities/067_260425073220.csv,1,1,0,0
fit:e47555f16f02711dc446d8bfb5ee6625d9c15688be7bc41a38dbac9a7bc8e103,2026-04-25T07:42:17+00:00,3149,257,179,85,9.035,900.8,14,fit:e47555f16f02711dc446d8bfb5ee6625d9c15688be7bc41a38dbac9a7bc8e103:segment:003,3,7796.0,7725,activities/067_260425073220.csv,1,1,0,0
fit:e47555f16f02711dc446d8bfb5ee6625d9c15688be7bc41a38dbac9a7bc8e103,2026-04-25T07:42:18+00:00,3150,299,178,85,8.967,900.8,14,fit:e47555f16f02711dc446d8bfb5ee6625d9c15688be7bc41a38dbac9a7bc8e103:segment:003,3,7797.0,7726,activities/067_260425073220.csv,1,1,0,0
fit:e47555f16f02711dc446d8bfb5ee6625d9c15688be7bc41a38dbac9a7bc8e103,2026-04-25T07:42:19+00:00,3151,275,179,85,9.079,901.8,14,fit:e47555f16f02711dc446d8bfb5ee6625d9c15688be7bc41a38dbac9a7bc8e103:segment:003,3,7798.0,7727,activities/067_260425073220.csv,1,1,0,0
fit:e47555f16f02711dc446d8bfb5ee6625d9c15688be7bc41a38dbac9a7bc8e103,2026-04-25T07:42:20+00:00,3152,309,179,84,9.088,901.8,14,fit:e47555f16f02711dc446d8bfb5ee6625d9c15688be7bc41a38dbac9a7bc8e103:segment:003,3,7799.0,7728,activities/067_260425073220.csv,1,1,0,0
fit:e47555f16f02711dc446d8bfb5ee6625d9c15688be7bc41a38dbac9a7bc8e103,2026-04-25T07:42:21+00:00,3153,336,179,84,9.046,901.8,14,fit:e47555f16f02711dc446d8bfb5ee6625d9c15688be7bc41a38dbac9a7bc8e103:segment:003,3,7800.0,7729,activities/067_260425073220.csv,1,1,0,0
fit:e47555f16f02711dc446d8bfb5ee6625d9c15688be7bc41a38dbac9a7bc8e103,2026-04-25T07:42:22+00:00,3154,287,179,84,8.867,901.8,14,fit:e47555f16f02711dc446d8bfb5ee6625d9c15688be7bc41a38dbac9a7bc8e103:segment:003,3,7801.0,7730,activities/067_260425073220.csv,1,1,0,0
fit:e47555f16f02711dc446d8bfb5ee6625d9c15688be7bc41a38dbac9a7bc8e103,2026-04-25T07:42:23+00:00,3155,260,179,84,9.034,901.4000000000001,14,fit:e47555f16f02711dc446d8bfb5ee6625d9c15688be7bc41a38dbac9a7bc8e103:segment:003,3,7802.0,7731,activities/067_260425073220.csv,1,1,0,0
fit:e47555f16f02711dc446d8bfb5ee6625d9c15688be7bc41a38dbac9a7bc8e103,2026-04-25T07:42:24+00:00,3156,243,179,83,8.736,901.4000000000001,14,fit:e47555f16f02711dc446d8bfb5ee6625d9c15688be7bc41a38dbac9a7bc8e103:segment:003,3,7803.0,7732,activities/067_260425073220.csv,1,1,0,0
fit:e47555f16f02711dc446d8bfb5ee6625d9c15688be7bc41a38dbac9a7bc8e103,2026-04-25T07:42:25+00:00,3157,252,179,82,8.73,901.4000000000001,14,fit:e47555f16f02711dc446d8bfb5ee6625d9c15688be7bc41a38dbac9a7bc8e103:segment:003,3,7804.0,7733,activities/067_260425073220.csv,1,1,0,0
fit:e47555f16f02711dc446d8bfb5ee6625d9c15688be7bc41a38dbac9a7bc8e103,2026-04-25T07:42:26+00:00,3158,272,179,81,8.761,902.4000000000001,14,fit:e47555f16f02711dc446d8bfb5ee6625d9c15688be7bc41a38dbac9a7bc8e103:segment:003,3,7805.0,7734,activities/067_260425073220.csv,1,1,0,0
fit:e47555f16f02711dc446d8bfb5ee6625d9c15688be7bc41a38dbac9a7bc8e103,2026-04-25T07:42:27+00:00,3159,272,179,81,9.017,903.0,14,fit:e47555f16f02711dc446d8bfb5ee6625d9c15688be7bc41a38dbac9a7bc8e103:segment:003,3,7806.0,7735,activities/067_260425073220.csv,1,1,0,0
fit:e47555f16f02711dc446d8bfb5ee6625d9c15688be7bc41a38dbac9a7bc8e103,2026-04-25T07:42:28+00:00,3160,170,179,81,8.967,903.0,14,fit:e47555f16f02711dc446d8bfb5ee6625d9c15688be7bc41a38dbac9a7bc8e103:segment:003,3,7807.0,7736,activities/067_260425073220.csv,1,1,0,0
fit:e47555f16f02711dc446d8bfb5ee6625d9c15688be7bc41a38dbac9a7bc8e103,2026-04-25T07:42:29+00:00,3161,261,179,81,8.995,903.0,14,fit:e47555f16f02711dc446d8bfb5ee6625d9c15688be7bc41a38dbac9a7bc8e103:segment:003,3,7808.0,7737,activities/067_260425073220.csv,1,1,0,0
fit:e47555f16f02711dc446d8bfb5ee6625d9c15688be7bc41a38dbac9a7bc8e103,2026-04-25T07:42:30+00:00,3162,296,178,80,8.755,903.0,14,fit:e47555f16f02711dc446d8bfb5ee6625d9c15688be7bc41a38dbac9a7bc8e103:segment:003,3,7809.0,7738,activities/067_260425073220.csv,1,1,0,0
fit:e47555f16f02711dc446d8bfb5ee6625d9c15688be7bc41a38dbac9a7bc8e103,2026-04-25T07:42:31+00:00,3163,296,178,80,8.423,903.0,14,fit:e47555f16f02711dc446d8bfb5ee6625d9c15688be7bc41a38dbac9a7bc8e103:segment:003,3,7810.0,7739,activities/067_260425073220.csv,1,1,0,0
fit:e47555f16f02711dc446d8bfb5ee6625d9c15688be7bc41a38dbac9a7bc8e103,2026-04-25T07:42:32+00:00,3164,269,178,80,8.382,903.0,14,fit:e47555f16f02711dc446d8bfb5ee6625d9c15688be7bc41a38dbac9a7bc8e103:segment:003,3,7811.0,7740,activities/067_260425073220.csv,1,1,0,0
fit:e47555f16f02711dc446d8bfb5ee6625d9c15688be7bc41a38dbac9a7bc8e103,2026-04-25T07:42:33+00:00,3165,319,178,80,8.24,903.0,14,fit:e47555f16f02711dc446d8bfb5ee6625d9c15688be7bc41a38dbac9a7bc8e103:segment:003,3,7812.0,7741,activities/067_260425073220.csv,1,1,0,0
fit:e47555f16f02711dc446d8bfb5ee6625d9c15688be7bc41a38dbac9a7bc8e103,2026-04-25T07:42:34+00:00,3166,300,178,80,8.189,903.8,14,fit:e47555f16f02711dc446d8bfb5ee6625d9c15688be7bc41a38dbac9a7bc8e103:segment:003,3,7813.0,7742,activities/067_260425073220.csv,1,1,0,0
fit:e47555f16f02711dc446d8bfb5ee6625d9c15688be7bc41a38dbac9a7bc8e103,2026-04-25T07:42:35+00:00,3167,300,178,80,8.273,904.0,14,fit:e47555f16f02711dc446d8bfb5ee6625d9c15688be7bc41a38dbac9a7bc8e103:segment:003,3,7814.0,7743,activities/067_260425073220.csv,1,1,0,0
fit:e47555f16f02711dc446d8bfb5ee6625d9c15688be7bc41a38dbac9a7bc8e103,2026-04-25T07:42:36+00:00,3168,260,178,80,8.457,904.8,14,fit:e47555f16f02711dc446d8bfb5ee6625d9c15688be7bc41a38dbac9a7bc8e103:segment:003,3,7815.0,7744,activities/067_260425073220.csv,1,1,0,0
fit:e47555f16f02711dc446d8bfb5ee6625d9c15688be7bc41a38dbac9a7bc8e103,2026-04-25T07:42:37+00:00,3169,231,178,81,8.488,905.2,14,fit:e47555f16f02711dc446d8bfb5ee6625d9c15688be7bc41a38dbac9a7bc8e103:segment:003,3,7816.0,7745,activities/067_260425073220.csv,1,1,0,0
fit:e47555f16f02711dc446d8bfb5ee6625d9c15688be7bc41a38dbac9a7bc8e103,2026-04-25T07:42:38+00:00,3170,248,178,80,8.485,905.4000000000001,13,fit:e47555f16f02711dc446d8bfb5ee6625d9c15688be7bc41a38dbac9a7bc8e103:segment:003,3,7817.0,7746,activities/067_260425073220.csv,1,1,0,0
fit:e47555f16f02711dc446d8bfb5ee6625d9c15688be7bc41a38dbac9a7bc8e103,2026-04-25T07:42:39+00:00,3171,217,178,81,8.247,905.4000000000001,13,fit:e47555f16f02711dc446d8bfb5ee6625d9c15688be7bc41a38dbac9a7bc8e103:segment:003,3,7818.0,7747,activities/067_260425073220.csv,1,1,0,0
fit:e47555f16f02711dc446d8bfb5ee6625d9c15688be7bc41a38dbac9a7bc8e103,2026-04-25T07:42:40+00:00,3172,250,178,80,8.145,905.4000000000001,13,fit:e47555f16f02711dc446d8bfb5ee6625d9c15688be7bc41a38dbac9a7bc8e103:segment:003,3,7819.0,7748,activities/067_260425073220.csv,1,1,0,0
fit:e47555f16f02711dc446d8bfb5ee6625d9c15688be7bc41a38dbac9a7bc8e103,2026-04-25T07:42:41+00:00,3173,313,178,80,8.134,905.4000000000001,13,fit:e47555f16f02711dc446d8bfb5ee6625d9c15688be7bc41a38dbac9a7bc8e103:segment:003,3,7820.0,7749,activities/067_260425073220.csv,1,1,0,0
fit:e47555f16f02711dc446d8bfb5ee6625d9c15688be7bc41a38dbac9a7bc8e103,2026-04-25T07:42:42+00:00,3174,313,177,81,8.143,905.4000000000001,13,fit:e47555f16f02711dc446d8bfb5ee6625d9c15688be7bc41a38dbac9a7bc8e103:segment:003,3,7821.0,7750,activities/067_260425073220.csv,1,1,0,0
fit:e47555f16f02711dc446d8bfb5ee6625d9c15688be7bc41a38dbac9a7bc8e103,2026-04-25T07:42:43+00:00,3175,243,177,81,8.106,905.4000000000001,13,fit:e47555f16f02711dc446d8bfb5ee6625d9c15688be7bc41a38dbac9a7bc8e103:segment:003,3,7822.0,7751,activities/067_260425073220.csv,1,1,0,0
fit:e47555f16f02711dc446d8bfb5ee6625d9c15688be7bc41a38dbac9a7bc8e103,2026-04-25T07:42:44+00:00,3176,258,177,84,8.348,905.4000000000001,13,fit:e47555f16f02711dc446d8bfb5ee6625d9c15688be7bc41a38dbac9a7bc8e103:segment:003,3,7823.0,7752,activities/067_260425073220.csv,1,1,0,0
fit:e47555f16f02711dc446d8bfb5ee6625d9c15688be7bc41a38dbac9a7bc8e103,2026-04-25T07:42:45+00:00,3177,289,175,85,8.762,905.4000000000001,13,fit:e47555f16f02711dc446d8bfb5ee6625d9c15688be7bc41a38dbac9a7bc8e103:segment:003,3,7824.0,7753,activities/067_260425073220.csv,1,1,0,0
fit:e47555f16f02711dc446d8bfb5ee6625d9c15688be7bc41a38dbac9a7bc8e103,2026-04-25T07:42:46+00:00,3178,333,175,86,8.78,905.4000000000001,13,fit:e47555f16f02711dc446d8bfb5ee6625d9c15688be7bc41a38dbac9a7bc8e103:segment:003,3,7825.0,7754,activities/067_260425073220.csv,1,1,0,0
fit:e47555f16f02711dc446d8bfb5ee6625d9c15688be7bc41a38dbac9a7bc8e103,2026-04-25T07:42:47+00:00,3179,333,175,86,9.225,905.4000000000001,13,fit:e47555f16f02711dc446d8bfb5ee6625d9c15688be7bc41a38dbac9a7bc8e103:segment:003,3,7826.0,7755,activities/067_260425073220.csv,1,1,0,0
fit:e47555f16f02711dc446d8bfb5ee6625d9c15688be7bc41a38dbac9a7bc8e103,2026-04-25T07:42:48+00:00,3180,254,174,86,9.664,905.4000000000001,13,fit:e47555f16f02711dc446d8bfb5ee6625d9c15688be7bc41a38dbac9a7bc8e103:segment:003,3,7827.0,7756,activities/067_260425073220.csv,1,1,0,0
fit:e47555f16f02711dc446d8bfb5ee6625d9c15688be7bc41a38dbac9a7bc8e103,2026-04-25T07:42:49+00:00,3181,292,174,86,9.694,905.4000000000001,13,fit:e47555f16f02711dc446d8bfb5ee6625d9c15688be7bc41a38dbac9a7bc8e103:segment:003,3,7828.0,7757,activities/067_260425073220.csv,1,1,0,0
fit:e47555f16f02711dc446d8bfb5ee6625d9c15688be7bc41a38dbac9a7bc8e103,2026-04-25T07:42:50+00:00,3182,230,174,87,9.429,905.4000000000001,13,fit:e47555f16f02711dc446d8bfb5ee6625d9c15688be7bc41a38dbac9a7bc8e103:segment:003,3,7829.0,7758,activities/067_260425073220.csv,1,1,0,0
fit:e47555f16f02711dc446d8bfb5ee6625d9c15688be7bc41a38dbac9a7bc8e103,2026-04-25T07:42:51+00:00,3183,281,175,87,9.021,905.4000000000001,13,fit:e47555f16f02711dc446d8bfb5ee6625d9c15688be7bc41a38dbac9a7bc8e103:segment:003,3,7830.0,7759,activities/067_260425073220.csv,1,1,0,0
fit:e47555f16f02711dc446d8bfb5ee6625d9c15688be7bc41a38dbac9a7bc8e103,2026-04-25T07:42:52+00:00,3184,250,175,86,8.973,905.4000000000001,13,fit:e47555f16f02711dc446d8bfb5ee6625d9c15688be7bc41a38dbac9a7bc8e103:segment:003,3,7831.0,7760,activities/067_260425073220.csv,1,1,0,0
fit:e47555f16f02711dc446d8bfb5ee6625d9c15688be7bc41a38dbac9a7bc8e103,2026-04-25T07:42:53+00:00,3185,282,175,85,8.907,905.4000000000001,13,fit:e47555f16f02711dc446d8bfb5ee6625d9c15688be7bc41a38dbac9a7bc8e103:segment:003,3,7832.0,7761,activities/067_260425073220.csv,1,1,0,0
fit:e47555f16f02711dc446d8bfb5ee6625d9c15688be7bc41a38dbac9a7bc8e103,2026-04-25T07:42:54+00:00,3186,263,175,84,8.548,905.8,13,fit:e47555f16f02711dc446d8bfb5ee6625d9c15688be7bc41a38dbac9a7bc8e103:segment:003,3,7833.0,7762,activities/067_260425073220.csv,1,1,0,0
fit:e47555f16f02711dc446d8bfb5ee6625d9c15688be7bc41a38dbac9a7bc8e103,2026-04-25T07:42:55+00:00,3187,372,175,83,8.154,906.8,13,fit:e47555f16f02711dc446d8bfb5ee6625d9c15688be7bc41a38dbac9a7bc8e103:segment:003,3,7834.0,7763,activities/067_260425073220.csv,1,1,0,0
fit:e47555f16f02711dc446d8bfb5ee6625d9c15688be7bc41a38dbac9a7bc8e103,2026-04-25T07:42:56+00:00,3188,348,176,82,8.199,907.4000000000001,13,fit:e47555f16f02711dc446d8bfb5ee6625d9c15688be7bc41a38dbac9a7bc8e103:segment:003,3,7835.0,7764,activities/067_260425073220.csv,1,1,0,0
fit:e47555f16f02711dc446d8bfb5ee6625d9c15688be7bc41a38dbac9a7bc8e103,2026-04-25T07:42:57+00:00,3189,349,176,82,8.449,907.4000000000001,13,fit:e47555f16f02711dc446d8bfb5ee6625d9c15688be7bc41a38dbac9a7bc8e103:segment:003,3,7836.0,7765,activities/067_260425073220.csv,1,1,0,0
fit:e47555f16f02711dc446d8bfb5ee6625d9c15688be7bc41a38dbac9a7bc8e103,2026-04-25T07:42:58+00:00,3190,335,176,82,8.653,907.4000000000001,13,fit:e47555f16f02711dc446d8bfb5ee6625d9c15688be7bc41a38dbac9a7bc8e103:segment:003,3,7837.0,7766,activities/067_260425073220.csv,1,1,0,0
fit:e47555f16f02711dc446d8bfb5ee6625d9c15688be7bc41a38dbac9a7bc8e103,2026-04-25T07:42:59+00:00,3191,301,176,83,8.594,907.4000000000001,13,fit:e47555f16f02711dc446d8bfb5ee6625d9c15688be7bc41a38dbac9a7bc8e103:segment:003,3,7838.0,7767,activities/067_260425073220.csv,1,1,0,0
fit:e47555f16f02711dc446d8bfb5ee6625d9c15688be7bc41a38dbac9a7bc8e103,2026-04-25T07:43:00+00:00,3192,308,176,82,8.816,907.4000000000001,13,fit:e47555f16f02711dc446d8bfb5ee6625d9c15688be7bc41a38dbac9a7bc8e103:segment:003,3,7839.0,7768,activities/067_260425073220.csv,1,1,0,0
fit:e47555f16f02711dc446d8bfb5ee6625d9c15688be7bc41a38dbac9a7bc8e103,2026-04-25T07:43:01+00:00,3193,325,176,82,8.922,907.4000000000001,13,fit:e47555f16f02711dc446d8bfb5ee6625d9c15688be7bc41a38dbac9a7bc8e103:segment:003,3,7840.0,7769,activities/067_260425073220.csv,1,1,0,0
fit:e47555f16f02711dc446d8bfb5ee6625d9c15688be7bc41a38dbac9a7bc8e103,2026-04-25T07:43:02+00:00,3194,325,176,80,8.907,907.8,13,fit:e47555f16f02711dc446d8bfb5ee6625d9c15688be7bc41a38dbac9a7bc8e103:segment:003,3,7841.0,7770,activities/067_260425073220.csv,1,1,0,0
fit:e47555f16f02711dc446d8bfb5ee6625d9c15688be7bc41a38dbac9a7bc8e103,2026-04-25T07:43:03+00:00,3195,317,176,80,8.825,908.0,13,fit:e47555f16f02711dc446d8bfb5ee6625d9c15688be7bc41a38dbac9a7bc8e103:segment:003,3,7842.0,7771,activities/067_260425073220.csv,1,1,0,0
fit:e47555f16f02711dc446d8bfb5ee6625d9c15688be7bc41a38dbac9a7bc8e103,2026-04-25T07:43:04+00:00,3196,321,176,80,8.867,908.5999999999999,13,fit:e47555f16f02711dc446d8bfb5ee6625d9c15688be7bc41a38dbac9a7bc8e103:segment:003,3,7843.0,7772,activities/067_260425073220.csv,1,1,0,0
fit:e47555f16f02711dc446d8bfb5ee6625d9c15688be7bc41a38dbac9a7bc8e103,2026-04-25T07:43:05+00:00,3197,332,176,80,8.863,908.5999999999999,13,fit:e47555f16f02711dc446d8bfb5ee6625d9c15688be7bc41a38dbac9a7bc8e103:segment:003,3,7844.0,7773,activities/067_260425073220.csv,1,1,0,0
fit:e47555f16f02711dc446d8bfb5ee6625d9c15688be7bc41a38dbac9a7bc8e103,2026-04-25T07:43:06+00:00,3198,315,176,79,8.75,908.5999999999999,13,fit:e47555f16f02711dc446d8bfb5ee6625d9c15688be7bc41a38dbac9a7bc8e103:segment:003,3,7845.0,7774,activities/067_260425073220.csv,1,1,0,0
fit:e47555f16f02711dc446d8bfb5ee6625d9c15688be7bc41a38dbac9a7bc8e103,2026-04-25T07:43:07+00:00,3199,306,176,79,8.746,908.5999999999999,13,fit:e47555f16f02711dc446d8bfb5ee6625d9c15688be7bc41a38dbac9a7bc8e103:segment:003,3,7846.0,7775,activities/067_260425073220.csv,1,1,0,0
fit:e47555f16f02711dc446d8bfb5ee6625d9c15688be7bc41a38dbac9a7bc8e103,2026-04-25T07:43:08+00:00,3200,297,177,79,8.714,908.5999999999999,13,fit:e47555f16f02711dc446d8bfb5ee6625d9c15688be7bc41a38dbac9a7bc8e103:segment:003,3,7847.0,7776,activities/067_260425073220.csv,1,1,0,0
fit:e47555f16f02711dc446d8bfb5ee6625d9c15688be7bc41a38dbac9a7bc8e103,2026-04-25T07:43:09+00:00,3201,252,177,79,8.676,908.5999999999999,13,fit:e47555f16f02711dc446d8bfb5ee6625d9c15688be7bc41a38dbac9a7bc8e103:segment:003,3,7848.0,7777,activities/067_260425073220.csv,1,1,0,0
fit:e47555f16f02711dc446d8bfb5ee6625d9c15688be7bc41a38dbac9a7bc8e103,2026-04-25T07:43:10+00:00,3202,294,177,78,8.711,908.5999999999999,13,fit:e47555f16f02711dc446d8bfb5ee6625d9c15688be7bc41a38dbac9a7bc8e103:segment:003,3,7849.0,7778,activities/067_260425073220.csv,1,1,0,0
fit:e47555f16f02711dc446d8bfb5ee6625d9c15688be7bc41a38dbac9a7bc8e103,2026-04-25T07:43:11+00:00,3203,299,177,77,8.667,909.4000000000001,13,fit:e47555f16f02711dc446d8bfb5ee6625d9c15688be7bc41a38dbac9a7bc8e103:segment:003,3,7850.0,7779,activities/067_260425073220.csv,1,1,0,0
fit:e47555f16f02711dc446d8bfb5ee6625d9c15688be7bc41a38dbac9a7bc8e103,2026-04-25T07:43:12+00:00,3204,299,178,77,8.639,910.4000000000001,13,fit:e47555f16f02711dc446d8bfb5ee6625d9c15688be7bc41a38dbac9a7bc8e103:segment:003,3,7851.0,7780,activities/067_260425073220.csv,1,1,0,0
fit:e47555f16f02711dc446d8bfb5ee6625d9c15688be7bc41a38dbac9a7bc8e103,2026-04-25T07:43:13+00:00,3205,165,178,77,8.591,910.4000000000001,13,fit:e47555f16f02711dc446d8bfb5ee6625d9c15688be7bc41a38dbac9a7bc8e103:segment:003,3,7852.0,7781,activities/067_260425073220.csv,1,1,0,0
fit:e47555f16f02711dc446d8bfb5ee6625d9c15688be7bc41a38dbac9a7bc8e103,2026-04-25T07:43:14+00:00,3206,234,178,79,8.496,910.4000000000001,13,fit:e47555f16f02711dc446d8bfb5ee6625d9c15688be7bc41a38dbac9a7bc8e103:segment:003,3,7853.0,7782,activities/067_260425073220.csv,1,1,0,0
fit:e47555f16f02711dc446d8bfb5ee6625d9c15688be7bc41a38dbac9a7bc8e103,2026-04-25T07:43:15+00:00,3207,234,177,86,8.358,909.8,13,fit:e47555f16f02711dc446d8bfb5ee6625d9c15688be7bc41a38dbac9a7bc8e103:segment:003,3,7854.0,7783,activities/067_260425073220.csv,1,1,0,0
fit:e47555f16f02711dc446d8bfb5ee6625d9c15688be7bc41a38dbac9a7bc8e103,2026-04-25T07:43:16+00:00,3208,214,177,86,8.362,909.4000000000001,13,fit:e47555f16f02711dc446d8bfb5ee6625d9c15688be7bc41a38dbac9a7bc8e103:segment:003,3,7855.0,7784,activities/067_260425073220.csv,1,1,0,0
fit:e47555f16f02711dc446d8bfb5ee6625d9c15688be7bc41a38dbac9a7bc8e103,2026-04-25T07:43:17+00:00,3209,215,177,87,8.429,909.4000000000001,13,fit:e47555f16f02711dc446d8bfb5ee6625d9c15688be7bc41a38dbac9a7bc8e103:segment:003,3,7856.0,7785,activities/067_260425073220.csv,1,1,0,0
fit:e47555f16f02711dc446d8bfb5ee6625d9c15688be7bc41a38dbac9a7bc8e103,2026-04-25T07:43:18+00:00,3210,213,177,87,8.524,909.4000000000001,13,fit:e47555f16f02711dc446d8bfb5ee6625d9c15688be7bc41a38dbac9a7bc8e103:segment:003,3,7857.0,7786,activities/067_260425073220.csv,1,1,0,0
fit:e47555f16f02711dc446d8bfb5ee6625d9c15688be7bc41a38dbac9a7bc8e103,2026-04-25T07:43:19+00:00,3211,208,177,89,8.659,909.4000000000001,13,fit:e47555f16f02711dc446d8bfb5ee6625d9c15688be7bc41a38dbac9a7bc8e103:segment:003,3,7858.0,7787,activities/067_260425073220.csv,1,1,0,0
fit:e47555f16f02711dc446d8bfb5ee6625d9c15688be7bc41a38dbac9a7bc8e103,2026-04-25T07:43:20+00:00,3212,316,177,89,8.673,909.4000000000001,13,fit:e47555f16f02711dc446d8bfb5ee6625d9c15688be7bc41a38dbac9a7bc8e103:segment:003,3,7859.0,7788,activities/067_260425073220.csv,1,1,0,0
fit:e47555f16f02711dc446d8bfb5ee6625d9c15688be7bc41a38dbac9a7bc8e103,2026-04-25T07:43:21+00:00,3213,270,177,89,8.754,909.4000000000001,13,fit:e47555f16f02711dc446d8bfb5ee6625d9c15688be7bc41a38dbac9a7bc8e103:segment:003,3,7860.0,7789,activities/067_260425073220.csv,1,1,0,0
fit:e47555f16f02711dc446d8bfb5ee6625d9c15688be7bc41a38dbac9a7bc8e103,2026-04-25T07:43:22+00:00,3214,247,177,89,8.862,910.4000000000001,13,fit:e47555f16f02711dc446d8bfb5ee6625d9c15688be7bc41a38dbac9a7bc8e103:segment:003,3,7861.0,7790,activities/067_260425073220.csv,1,1,0,0
fit:e47555f16f02711dc446d8bfb5ee6625d9c15688be7bc41a38dbac9a7bc8e103,2026-04-25T07:43:23+00:00,3215,292,177,87,8.818,910.5999999999999,13,fit:e47555f16f02711dc446d8bfb5ee6625d9c15688be7bc41a38dbac9a7bc8e103:segment:003,3,7862.0,7791,activities/067_260425073220.csv,1,1,0,0
fit:e47555f16f02711dc446d8bfb5ee6625d9c15688be7bc41a38dbac9a7bc8e103,2026-04-25T07:43:24+00:00,3216,290,177,84,8.722,911.5999999999999,13,fit:e47555f16f02711dc446d8bfb5ee6625d9c15688be7bc41a38dbac9a7bc8e103:segment:003,3,7863.0,7792,activities/067_260425073220.csv,1,1,0,0
fit:e47555f16f02711dc446d8bfb5ee6625d9c15688be7bc41a38dbac9a7bc8e103,2026-04-25T07:43:25+00:00,3217,314,177,83,8.497,911.5999999999999,13,fit:e47555f16f02711dc446d8bfb5ee6625d9c15688be7bc41a38dbac9a7bc8e103:segment:003,3,7864.0,7793,activities/067_260425073220.csv,1,1,0,0
fit:e47555f16f02711dc446d8bfb5ee6625d9c15688be7bc41a38dbac9a7bc8e103,2026-04-25T07:43:26+00:00,3218,344,176,81,8.248,911.5999999999999,13,fit:e47555f16f02711dc446d8bfb5ee6625d9c15688be7bc41a38dbac9a7bc8e103:segment:003,3,7865.0,7794,activities/067_260425073220.csv,1,1,0,0
fit:e47555f16f02711dc446d8bfb5ee6625d9c15688be7bc41a38dbac9a7bc8e103,2026-04-25T07:43:27+00:00,3219,344,176,80,8.165,911.5999999999999,13,fit:e47555f16f02711dc446d8bfb5ee6625d9c15688be7bc41a38dbac9a7bc8e103:segment:003,3,7866.0,7795,activities/067_260425073220.csv,1,1,0,0
fit:e47555f16f02711dc446d8bfb5ee6625d9c15688be7bc41a38dbac9a7bc8e103,2026-04-25T07:43:28+00:00,3220,363,176,80,8.132,912.5999999999999,13,fit:e47555f16f02711dc446d8bfb5ee6625d9c15688be7bc41a38dbac9a7bc8e103:segment:003,3,7867.0,7796,activities/067_260425073220.csv,1,1,0,0
fit:e47555f16f02711dc446d8bfb5ee6625d9c15688be7bc41a38dbac9a7bc8e103,2026-04-25T07:43:29+00:00,3221,351,176,81,8.061,913.2,13,fit:e47555f16f02711dc446d8bfb5ee6625d9c15688be7bc41a38dbac9a7bc8e103:segment:003,3,7868.0,7797,activities/067_260425073220.csv,1,1,0,0
fit:e47555f16f02711dc446d8bfb5ee6625d9c15688be7bc41a38dbac9a7bc8e103,2026-04-25T07:43:30+00:00,3222,353,176,78,7.821,913.4000000000001,13,fit:e47555f16f02711dc446d8bfb5ee6625d9c15688be7bc41a38dbac9a7bc8e103:segment:003,3,7869.0,7798,activities/067_260425073220.csv,1,1,0,0
fit:e47555f16f02711dc446d8bfb5ee6625d9c15688be7bc41a38dbac9a7bc8e103,2026-04-25T07:43:31+00:00,3223,378,176,75,7.704,914.4000000000001,13,fit:e47555f16f02711dc446d8bfb5ee6625d9c15688be7bc41a38dbac9a7bc8e103:segment:003,3,7870.0,7799,activities/067_260425073220.csv,1,1,0,0
fit:e47555f16f02711dc446d8bfb5ee6625d9c15688be7bc41a38dbac9a7bc8e103,2026-04-25T07:43:32+00:00,3224,382,176,73,7.202,914.4000000000001,13,fit:e47555f16f02711dc446d8bfb5ee6625d9c15688be7bc41a38dbac9a7bc8e103:segment:003,3,7871.0,7800,activities/067_260425073220.csv,1,1,0,0
fit:e47555f16f02711dc446d8bfb5ee6625d9c15688be7bc41a38dbac9a7bc8e103,2026-04-25T07:43:33+00:00,3225,337,176,73,7.311,914.4000000000001,13,fit:e47555f16f02711dc446d8bfb5ee6625d9c15688be7bc41a38dbac9a7bc8e103:segment:003,3,7872.0,7801,activities/067_260425073220.csv,1,1,0,0
fit:e47555f16f02711dc446d8bfb5ee6625d9c15688be7bc41a38dbac9a7bc8e103,2026-04-25T07:43:34+00:00,3226,309,177,76,7.311,914.4000000000001,13,fit:e47555f16f02711dc446d8bfb5ee6625d9c15688be7bc41a38dbac9a7bc8e103:segment:003,3,7873.0,7802,activities/067_260425073220.csv,1,1,0,0
fit:e47555f16f02711dc446d8bfb5ee6625d9c15688be7bc41a38dbac9a7bc8e103,2026-04-25T07:43:35+00:00,3227,344,177,77,7.526,914.4000000000001,13,fit:e47555f16f02711dc446d8bfb5ee6625d9c15688be7bc41a38dbac9a7bc8e103:segment:003,3,7874.0,7803,activities/067_260425073220.csv,1,1,0,0
fit:e47555f16f02711dc446d8bfb5ee6625d9c15688be7bc41a38dbac9a7bc8e103,2026-04-25T07:43:36+00:00,3228,330,177,79,7.757,914.8,13,fit:e47555f16f02711dc446d8bfb5ee6625d9c15688be7bc41a38dbac9a7bc8e103:segment:003,3,7875.0,7804,activities/067_260425073220.csv,1,1,0,0
fit:e47555f16f02711dc446d8bfb5ee6625d9c15688be7bc41a38dbac9a7bc8e103,2026-04-25T07:43:37+00:00,3229,281,177,82,7.799,914.8,13,fit:e47555f16f02711dc446d8bfb5ee6625d9c15688be7bc41a38dbac9a7bc8e103:segment:003,3,7876.0,7805,activities/067_260425073220.csv,1,1,0,0
fit:e47555f16f02711dc446d8bfb5ee6625d9c15688be7bc41a38dbac9a7bc8e103,2026-04-25T07:43:38+00:00,3230,263,177,84,7.962,914.8,13,fit:e47555f16f02711dc446d8bfb5ee6625d9c15688be7bc41a38dbac9a7bc8e103:segment:003,3,7877.0,7806,activities/067_260425073220.csv,1,1,0,0
fit:e47555f16f02711dc446d8bfb5ee6625d9c15688be7bc41a38dbac9a7bc8e103,2026-04-25T07:43:39+00:00,3231,258,177,87,8.322,914.4000000000001,13,fit:e47555f16f02711dc446d8bfb5ee6625d9c15688be7bc41a38dbac9a7bc8e103:segment:003,3,7878.0,7807,activities/067_260425073220.csv,1,1,0,0
fit:e47555f16f02711dc446d8bfb5ee6625d9c15688be7bc41a38dbac9a7bc8e103,2026-04-25T07:43:40+00:00,3232,255,178,84,8.807,913.4000000000001,13,fit:e47555f16f02711dc446d8bfb5ee6625d9c15688be7bc41a38dbac9a7bc8e103:segment:003,3,7879.0,7808,activities/067_260425073220.csv,1,1,0,0
fit:e47555f16f02711dc446d8bfb5ee6625d9c15688be7bc41a38dbac9a7bc8e103,2026-04-25T07:43:41+00:00,3233,214,178,92,9.389,913.2,13,fit:e47555f16f02711dc446d8bfb5ee6625d9c15688be7bc41a38dbac9a7bc8e103:segment:003,3,7880.0,7809,activities/067_260425073220.csv,1,1,0,0
fit:e47555f16f02711dc446d8bfb5ee6625d9c15688be7bc41a38dbac9a7bc8e103,2026-04-25T07:43:42+00:00,3234,296,177,94,9.917,912.8,13,fit:e47555f16f02711dc446d8bfb5ee6625d9c15688be7bc41a38dbac9a7bc8e103:segment:003,3,7881.0,7810,activities/067_260425073220.csv,1,1,0,0
fit:e47555f16f02711dc446d8bfb5ee6625d9c15688be7bc41a38dbac9a7bc8e103,2026-04-25T07:43:43+00:00,3235,353,177,96,10.267,912.4000000000001,13,fit:e47555f16f02711dc446d8bfb5ee6625d9c15688be7bc41a38dbac9a7bc8e103:segment:003,3,7882.0,7811,activities/067_260425073220.csv,1,1,0,0
fit:e47555f16f02711dc446d8bfb5ee6625d9c15688be7bc41a38dbac9a7bc8e103,2026-04-25T07:43:44+00:00,3236,276,177,98,10.372,911.8,13,fit:e47555f16f02711dc446d8bfb5ee6625d9c15688be7bc41a38dbac9a7bc8e103:segment:003,3,7883.0,7812,activities/067_260425073220.csv,1,1,0,0
fit:e47555f16f02711dc446d8bfb5ee6625d9c15688be7bc41a38dbac9a7bc8e103,2026-04-25T07:43:45+00:00,3237,183,177,99,10.671,911.8,13,fit:e47555f16f02711dc446d8bfb5ee6625d9c15688be7bc41a38dbac9a7bc8e103:segment:003,3,7884.0,7813,activities/067_260425073220.csv,1,1,0,0
fit:e47555f16f02711dc446d8bfb5ee6625d9c15688be7bc41a38dbac9a7bc8e103,2026-04-25T07:43:46+00:00,3238,274,177,99,10.809,911.8,13,fit:e47555f16f02711dc446d8bfb5ee6625d9c15688be7bc41a38dbac9a7bc8e103:segment:003,3,7885.0,7814,activities/067_260425073220.csv,1,1,0,0
fit:e47555f16f02711dc446d8bfb5ee6625d9c15688be7bc41a38dbac9a7bc8e103,2026-04-25T07:43:47+00:00,3239,296,177,88,10.801,911.8,13,fit:e47555f16f02711dc446d8bfb5ee6625d9c15688be7bc41a38dbac9a7bc8e103:segment:003,3,7886.0,7815,activities/067_260425073220.csv,1,1,0,0
fit:e47555f16f02711dc446d8bfb5ee6625d9c15688be7bc41a38dbac9a7bc8e103,2026-04-25T07:43:48+00:00,3240,182,177,87,10.815,911.8,13,fit:e47555f16f02711dc446d8bfb5ee6625d9c15688be7bc41a38dbac9a7bc8e103:segment:003,3,7887.0,7816,activities/067_260425073220.csv,1,1,0,0
fit:e47555f16f02711dc446d8bfb5ee6625d9c15688be7bc41a38dbac9a7bc8e103,2026-04-25T07:43:49+00:00,3241,182,177,87,10.851,911.8,13,fit:e47555f16f02711dc446d8bfb5ee6625d9c15688be7bc41a38dbac9a7bc8e103:segment:003,3,7888.0,7817,activities/067_260425073220.csv,1,1,0,0
fit:e47555f16f02711dc446d8bfb5ee6625d9c15688be7bc41a38dbac9a7bc8e103,2026-04-25T07:43:50+00:00,3242,233,176,87,10.87,912.4000000000001,13,fit:e47555f16f02711dc446d8bfb5ee6625d9c15688be7bc41a38dbac9a7bc8e103:segment:003,3,7889.0,7818,activities/067_260425073220.csv,1,1,0,0
fit:e47555f16f02711dc446d8bfb5ee6625d9c15688be7bc41a38dbac9a7bc8e103,2026-04-25T07:43:51+00:00,3243,233,176,85,10.881,913.4000000000001,13,fit:e47555f16f02711dc446d8bfb5ee6625d9c15688be7bc41a38dbac9a7bc8e103:segment:003,3,7890.0,7819,activities/067_260425073220.csv,1,1,0,0
fit:e47555f16f02711dc446d8bfb5ee6625d9c15688be7bc41a38dbac9a7bc8e103,2026-04-25T07:43:52+00:00,3244,233,176,85,10.797,913.4000000000001,13,fit:e47555f16f02711dc446d8bfb5ee6625d9c15688be7bc41a38dbac9a7bc8e103:segment:003,3,7891.0,7820,activities/067_260425073220.csv,1,1,0,0
fit:e47555f16f02711dc446d8bfb5ee6625d9c15688be7bc41a38dbac9a7bc8e103,2026-04-25T07:43:53+00:00,3245,330,176,84,10.566,913.4000000000001,13,fit:e47555f16f02711dc446d8bfb5ee6625d9c15688be7bc41a38dbac9a7bc8e103:segment:003,3,7892.0,7821,activities/067_260425073220.csv,1,1,0,0
fit:e47555f16f02711dc446d8bfb5ee6625d9c15688be7bc41a38dbac9a7bc8e103,2026-04-25T07:43:54+00:00,3246,331,176,83,10.276,913.4000000000001,13,fit:e47555f16f02711dc446d8bfb5ee6625d9c15688be7bc41a38dbac9a7bc8e103:segment:003,3,7893.0,7822,activities/067_260425073220.csv,1,1,0,0
fit:e47555f16f02711dc446d8bfb5ee6625d9c15688be7bc41a38dbac9a7bc8e103,2026-04-25T07:43:55+00:00,3247,357,175,83,10.286,913.5999999999999,13,fit:e47555f16f02711dc446d8bfb5ee6625d9c15688be7bc41a38dbac9a7bc8e103:segment:003,3,7894.0,7823,activities/067_260425073220.csv,1,1,0,0
fit:e47555f16f02711dc446d8bfb5ee6625d9c15688be7bc41a38dbac9a7bc8e103,2026-04-25T07:43:56+00:00,3248,402,175,82,10.095,913.8,13,fit:e47555f16f02711dc446d8bfb5ee6625d9c15688be7bc41a38dbac9a7bc8e103:segment:003,3,7895.0,7824,activities/067_260425073220.csv,1,1,0,0
fit:e47555f16f02711dc446d8bfb5ee6625d9c15688be7bc41a38dbac9a7bc8e103,2026-04-25T07:43:57+00:00,3249,356,176,83,10.105,913.8,13,fit:e47555f16f02711dc446d8bfb5ee6625d9c15688be7bc41a38dbac9a7bc8e103:segment:003,3,7896.0,7825,activities/067_260425073220.csv,1,1,0,0
fit:e47555f16f02711dc446d8bfb5ee6625d9c15688be7bc41a38dbac9a7bc8e103,2026-04-25T07:43:58+00:00,3250,307,176,84,10.065,914.4000000000001,13,fit:e47555f16f02711dc446d8bfb5ee6625d9c15688be7bc41a38dbac9a7bc8e103:segment:003,3,7897.0,7826,activities/067_260425073220.csv,1,1,0,0
fit:e47555f16f02711dc446d8bfb5ee6625d9c15688be7bc41a38dbac9a7bc8e103,2026-04-25T07:43:59+00:00,3251,351,177,84,10.124,914.4000000000001,13,fit:e47555f16f02711dc446d8bfb5ee6625d9c15688be7bc41a38dbac9a7bc8e103:segment:003,3,7898.0,7827,activities/067_260425073220.csv,1,1,0,0
fit:e47555f16f02711dc446d8bfb5ee6625d9c15688be7bc41a38dbac9a7bc8e103,2026-04-25T07:44:00+00:00,3252,322,177,83,10.119,914.4000000000001,13,fit:e47555f16f02711dc446d8bfb5ee6625d9c15688be7bc41a38dbac9a7bc8e103:segment:003,3,7899.0,7828,activities/067_260425073220.csv,1,1,0,0
fit:e47555f16f02711dc446d8bfb5ee6625d9c15688be7bc41a38dbac9a7bc8e103,2026-04-25T07:44:01+00:00,3253,290,178,82,10.211,913.4000000000001,13,fit:e47555f16f02711dc446d8bfb5ee6625d9c15688be7bc41a38dbac9a7bc8e103:segment:003,3,7900.0,7829,activities/067_260425073220.csv,1,1,0,0
fit:e47555f16f02711dc446d8bfb5ee6625d9c15688be7bc41a38dbac9a7bc8e103,2026-04-25T07:44:02+00:00,3254,286,178,83,10.272,913.4000000000001,13,fit:e47555f16f02711dc446d8bfb5ee6625d9c15688be7bc41a38dbac9a7bc8e103:segment:003,3,7901.0,7830,activities/067_260425073220.csv,1,1,0,0
fit:e47555f16f02711dc446d8bfb5ee6625d9c15688be7bc41a38dbac9a7bc8e103,2026-04-25T07:44:03+00:00,3255,317,179,92,10.188,913.4000000000001,13,fit:e47555f16f02711dc446d8bfb5ee6625d9c15688be7bc41a38dbac9a7bc8e103:segment:003,3,7902.0,7831,activities/067_260425073220.csv,1,1,0,0
fit:e47555f16f02711dc446d8bfb5ee6625d9c15688be7bc41a38dbac9a7bc8e103,2026-04-25T07:44:04+00:00,3256,306,179,92,10.219,914.4000000000001,13,fit:e47555f16f02711dc446d8bfb5ee6625d9c15688be7bc41a38dbac9a7bc8e103:segment:003,3,7903.0,7832,activities/067_260425073220.csv,1,1,0,0
fit:e47555f16f02711dc446d8bfb5ee6625d9c15688be7bc41a38dbac9a7bc8e103,2026-04-25T07:44:05+00:00,3257,316,179,91,10.156,914.8,13,fit:e47555f16f02711dc446d8bfb5ee6625d9c15688be7bc41a38dbac9a7bc8e103:segment:003,3,7904.0,7833,activities/067_260425073220.csv,1,1,0,0
fit:e47555f16f02711dc446d8bfb5ee6625d9c15688be7bc41a38dbac9a7bc8e103,2026-04-25T07:44:06+00:00,3258,283,179,90,9.97,915.8,13,fit:e47555f16f02711dc446d8bfb5ee6625d9c15688be7bc41a38dbac9a7bc8e103:segment:003,3,7905.0,7834,activities/067_260425073220.csv,1,1,0,0
fit:e47555f16f02711dc446d8bfb5ee6625d9c15688be7bc41a38dbac9a7bc8e103,2026-04-25T07:44:07+00:00,3259,284,179,89,9.896,916.4000000000001,13,fit:e47555f16f02711dc446d8bfb5ee6625d9c15688be7bc41a38dbac9a7bc8e103:segment:003,3,7906.0,7835,activities/067_260425073220.csv,1,1,0,0
fit:e47555f16f02711dc446d8bfb5ee6625d9c15688be7bc41a38dbac9a7bc8e103,2026-04-25T07:44:08+00:00,3260,305,180,89,9.885,916.4000000000001,13,fit:e47555f16f02711dc446d8bfb5ee6625d9c15688be7bc41a38dbac9a7bc8e103:segment:003,3,7907.0,7836,activities/067_260425073220.csv,1,1,0,0
fit:e47555f16f02711dc446d8bfb5ee6625d9c15688be7bc41a38dbac9a7bc8e103,2026-04-25T07:44:09+00:00,3261,335,180,89,9.888,916.4000000000001,13,fit:e47555f16f02711dc446d8bfb5ee6625d9c15688be7bc41a38dbac9a7bc8e103:segment:003,3,7908.0,7837,activities/067_260425073220.csv,1,1,0,0
fit:e47555f16f02711dc446d8bfb5ee6625d9c15688be7bc41a38dbac9a7bc8e103,2026-04-25T07:44:10+00:00,3262,289,180,90,9.871,915.5999999999999,13,fit:e47555f16f02711dc446d8bfb5ee6625d9c15688be7bc41a38dbac9a7bc8e103:segment:003,3,7909.0,7838,activities/067_260425073220.csv,1,1,0,0
fit:e47555f16f02711dc446d8bfb5ee6625d9c15688be7bc41a38dbac9a7bc8e103,2026-04-25T07:44:11+00:00,3263,329,180,88,9.926,915.5999999999999,13,fit:e47555f16f02711dc446d8bfb5ee6625d9c15688be7bc41a38dbac9a7bc8e103:segment:003,3,7910.0,7839,activities/067_260425073220.csv,1,1,0,0
fit:e47555f16f02711dc446d8bfb5ee6625d9c15688be7bc41a38dbac9a7bc8e103,2026-04-25T07:44:12+00:00,3264,330,180,87,9.786,915.5999999999999,13,fit:e47555f16f02711dc446d8bfb5ee6625d9c15688be7bc41a38dbac9a7bc8e103:segment:003,3,7911.0,7840,activities/067_260425073220.csv,1,1,0,0
fit:e47555f16f02711dc446d8bfb5ee6625d9c15688be7bc41a38dbac9a7bc8e103,2026-04-25T07:44:13+00:00,3265,328,180,87,9.795,915.5999999999999,13,fit:e47555f16f02711dc446d8bfb5ee6625d9c15688be7bc41a38dbac9a7bc8e103:segment:003,3,7912.0,7841,activities/067_260425073220.csv,1,1,0,0
fit:e47555f16f02711dc446d8bfb5ee6625d9c15688be7bc41a38dbac9a7bc8e103,2026-04-25T07:44:14+00:00,3266,329,180,86,9.64,915.5999999999999,13,fit:e47555f16f02711dc446d8bfb5ee6625d9c15688be7bc41a38dbac9a7bc8e103:segment:003,3,7913.0,7842,activities/067_260425073220.csv,1,1,0,0
fit:e47555f16f02711dc446d8bfb5ee6625d9c15688be7bc41a38dbac9a7bc8e103,2026-04-25T07:44:15+00:00,3267,303,180,84,9.497,915.5999999999999,13,fit:e47555f16f02711dc446d8bfb5ee6625d9c15688be7bc41a38dbac9a7bc8e103:segment:003,3,7914.0,7843,activities/067_260425073220.csv,1,1,0,0
fit:e47555f16f02711dc446d8bfb5ee6625d9c15688be7bc41a38dbac9a7bc8e103,2026-04-25T07:44:16+00:00,3268,271,180,82,9.085,916.5999999999999,13,fit:e47555f16f02711dc446d8bfb5ee6625d9c15688be7bc41a38dbac9a7bc8e103:segment:003,3,7915.0,7844,activities/067_260425073220.csv,1,1,0,0
fit:e47555f16f02711dc446d8bfb5ee6625d9c15688be7bc41a38dbac9a7bc8e103,2026-04-25T07:44:17+00:00,3269,265,179,82,9.14,917.5999999999999,13,fit:e47555f16f02711dc446d8bfb5ee6625d9c15688be7bc41a38dbac9a7bc8e103:segment:003,3,7916.0,7845,activities/067_260425073220.csv,1,1,0,0
fit:e47555f16f02711dc446d8bfb5ee6625d9c15688be7bc41a38dbac9a7bc8e103,2026-04-25T07:44:18+00:00,3270,331,180,81,9.08,918.5999999999999,13,fit:e47555f16f02711dc446d8bfb5ee6625d9c15688be7bc41a38dbac9a7bc8e103:segment:003,3,7917.0,7846,activities/067_260425073220.csv,1,1,0,0
fit:e47555f16f02711dc446d8bfb5ee6625d9c15688be7bc41a38dbac9a7bc8e103,2026-04-25T07:44:19+00:00,3271,290,179,81,8.997,919.4000000000001,13,fit:e47555f16f02711dc446d8bfb5ee6625d9c15688be7bc41a38dbac9a7bc8e103:segment:003,3,7918.0,7847,activities/067_260425073220.csv,1,1,0,0
fit:e47555f16f02711dc446d8bfb5ee6625d9c15688be7bc41a38dbac9a7bc8e103,2026-04-25T07:44:20+00:00,3272,227,179,82,8.954,919.5999999999999,13,fit:e47555f16f02711dc446d8bfb5ee6625d9c15688be7bc41a38dbac9a7bc8e103:segment:003,3,7919.0,7848,activities/067_260425073220.csv,1,1,0,0
fit:e47555f16f02711dc446d8bfb5ee6625d9c15688be7bc41a38dbac9a7bc8e103,2026-04-25T07:44:21+00:00,3273,328,179,81,8.959,919.5999999999999,13,fit:e47555f16f02711dc446d8bfb5ee6625d9c15688be7bc41a38dbac9a7bc8e103:segment:003,3,7920.0,7849,activities/067_260425073220.csv,1,1,0,0
fit:e47555f16f02711dc446d8bfb5ee6625d9c15688be7bc41a38dbac9a7bc8e103,2026-04-25T07:44:22+00:00,3274,328,179,80,8.885,919.5999999999999,13,fit:e47555f16f02711dc446d8bfb5ee6625d9c15688be7bc41a38dbac9a7bc8e103:segment:003,3,7921.0,7850,activities/067_260425073220.csv,1,1,0,0
fit:e47555f16f02711dc446d8bfb5ee6625d9c15688be7bc41a38dbac9a7bc8e103,2026-04-25T07:44:23+00:00,3275,255,180,80,8.802,919.5999999999999,13,fit:e47555f16f02711dc446d8bfb5ee6625d9c15688be7bc41a38dbac9a7bc8e103:segment:003,3,7922.0,7851,activities/067_260425073220.csv,1,1,0,0
fit:e47555f16f02711dc446d8bfb5ee6625d9c15688be7bc41a38dbac9a7bc8e103,2026-04-25T07:44:24+00:00,3276,296,179,79,8.668,919.5999999999999,13,fit:e47555f16f02711dc446d8bfb5ee6625d9c15688be7bc41a38dbac9a7bc8e103:segment:003,3,7923.0,7852,activities/067_260425073220.csv,1,1,0,0
fit:e47555f16f02711dc446d8bfb5ee6625d9c15688be7bc41a38dbac9a7bc8e103,2026-04-25T07:44:25+00:00,3277,240,179,78,8.489,919.5999999999999,13,fit:e47555f16f02711dc446d8bfb5ee6625d9c15688be7bc41a38dbac9a7bc8e103:segment:003,3,7924.0,7853,activities/067_260425073220.csv,1,1,0,0
fit:e47555f16f02711dc446d8bfb5ee6625d9c15688be7bc41a38dbac9a7bc8e103,2026-04-25T07:44:26+00:00,3278,371,179,78,8.346,919.4000000000001,13,fit:e47555f16f02711dc446d8bfb5ee6625d9c15688be7bc41a38dbac9a7bc8e103:segment:003,3,7925.0,7854,activities/067_260425073220.csv,1,1,0,0
fit:e47555f16f02711dc446d8bfb5ee6625d9c15688be7bc41a38dbac9a7bc8e103,2026-04-25T07:44:27+00:00,3279,337,179,84,8.344,919.4000000000001,13,fit:e47555f16f02711dc446d8bfb5ee6625d9c15688be7bc41a38dbac9a7bc8e103:segment:003,3,7926.0,7855,activities/067_260425073220.csv,1,1,0,0
fit:e47555f16f02711dc446d8bfb5ee6625d9c15688be7bc41a38dbac9a7bc8e103,2026-04-25T07:44:28+00:00,3280,288,179,84,7.996,919.4000000000001,13,fit:e47555f16f02711dc446d8bfb5ee6625d9c15688be7bc41a38dbac9a7bc8e103:segment:003,3,7927.0,7856,activities/067_260425073220.csv,1,1,0,0
fit:e47555f16f02711dc446d8bfb5ee6625d9c15688be7bc41a38dbac9a7bc8e103,2026-04-25T07:44:29+00:00,3281,259,179,84,7.68,920.4000000000001,13,fit:e47555f16f02711dc446d8bfb5ee6625d9c15688be7bc41a38dbac9a7bc8e103:segment:003,3,7928.0,7857,activities/067_260425073220.csv,1,1,0,0
fit:e47555f16f02711dc446d8bfb5ee6625d9c15688be7bc41a38dbac9a7bc8e103,2026-04-25T07:44:30+00:00,3282,256,179,83,7.783,921.0,13,fit:e47555f16f02711dc446d8bfb5ee6625d9c15688be7bc41a38dbac9a7bc8e103:segment:003,3,7929.0,7858,activities/067_260425073220.csv,1,1,0,0
fit:e47555f16f02711dc446d8bfb5ee6625d9c15688be7bc41a38dbac9a7bc8e103,2026-04-25T07:44:31+00:00,3283,223,179,82,7.93,921.4000000000001,13,fit:e47555f16f02711dc446d8bfb5ee6625d9c15688be7bc41a38dbac9a7bc8e103:segment:003,3,7930.0,7859,activities/067_260425073220.csv,1,1,0,0
fit:e47555f16f02711dc446d8bfb5ee6625d9c15688be7bc41a38dbac9a7bc8e103,2026-04-25T07:44:32+00:00,3284,237,179,82,7.972,921.4000000000001,13,fit:e47555f16f02711dc446d8bfb5ee6625d9c15688be7bc41a38dbac9a7bc8e103:segment:003,3,7931.0,7860,activities/067_260425073220.csv,1,1,0,0
fit:e47555f16f02711dc446d8bfb5ee6625d9c15688be7bc41a38dbac9a7bc8e103,2026-04-25T07:44:33+00:00,3285,230,179,83,7.925,921.4000000000001,13,fit:e47555f16f02711dc446d8bfb5ee6625d9c15688be7bc41a38dbac9a7bc8e103:segment:003,3,7932.0,7861,activities/067_260425073220.csv,1,1,0,0
fit:e47555f16f02711dc446d8bfb5ee6625d9c15688be7bc41a38dbac9a7bc8e103,2026-04-25T07:44:34+00:00,3286,271,179,82,7.762,921.4000000000001,13,fit:e47555f16f02711dc446d8bfb5ee6625d9c15688be7bc41a38dbac9a7bc8e103:segment:003,3,7933.0,7862,activities/067_260425073220.csv,1,1,0,0
fit:e47555f16f02711dc446d8bfb5ee6625d9c15688be7bc41a38dbac9a7bc8e103,2026-04-25T07:44:35+00:00,3287,237,179,82,7.505,922.4000000000001,13,fit:e47555f16f02711dc446d8bfb5ee6625d9c15688be7bc41a38dbac9a7bc8e103:segment:003,3,7934.0,7863,activities/067_260425073220.csv,1,1,0,0
fit:e47555f16f02711dc446d8bfb5ee6625d9c15688be7bc41a38dbac9a7bc8e103,2026-04-25T07:44:36+00:00,3288,264,179,81,7.473,922.5999999999999,13,fit:e47555f16f02711dc446d8bfb5ee6625d9c15688be7bc41a38dbac9a7bc8e103:segment:003,3,7935.0,7864,activities/067_260425073220.csv,1,1,0,0
fit:e47555f16f02711dc446d8bfb5ee6625d9c15688be7bc41a38dbac9a7bc8e103,2026-04-25T07:44:37+00:00,3289,325,178,79,7.477,922.5999999999999,13,fit:e47555f16f02711dc446d8bfb5ee6625d9c15688be7bc41a38dbac9a7bc8e103:segment:003,3,7936.0,7865,activities/067_260425073220.csv,1,1,0,0
fit:e47555f16f02711dc446d8bfb5ee6625d9c15688be7bc41a38dbac9a7bc8e103,2026-04-25T07:44:38+00:00,3290,314,178,79,7.347,922.5999999999999,13,fit:e47555f16f02711dc446d8bfb5ee6625d9c15688be7bc41a38dbac9a7bc8e103:segment:003,3,7937.0,7866,activities/067_260425073220.csv,1,1,0,0
fit:e47555f16f02711dc446d8bfb5ee6625d9c15688be7bc41a38dbac9a7bc8e103,2026-04-25T07:44:39+00:00,3291,299,178,78,7.392,922.5999999999999,13,fit:e47555f16f02711dc446d8bfb5ee6625d9c15688be7bc41a38dbac9a7bc8e103:segment:003,3,7938.0,7867,activities/067_260425073220.csv,1,1,0,0
fit:e47555f16f02711dc446d8bfb5ee6625d9c15688be7bc41a38dbac9a7bc8e103,2026-04-25T07:44:40+00:00,3292,295,178,79,7.404,922.5999999999999,13,fit:e47555f16f02711dc446d8bfb5ee6625d9c15688be7bc41a38dbac9a7bc8e103:segment:003,3,7939.0,7868,activities/067_260425073220.csv,1,1,0,0
fit:e47555f16f02711dc446d8bfb5ee6625d9c15688be7bc41a38dbac9a7bc8e103,2026-04-25T07:44:41+00:00,3293,330,178,79,7.443,923.4000000000001,13,fit:e47555f16f02711dc446d8bfb5ee6625d9c15688be7bc41a38dbac9a7bc8e103:segment:003,3,7940.0,7869,activities/067_260425073220.csv,1,1,0,0
fit:e47555f16f02711dc446d8bfb5ee6625d9c15688be7bc41a38dbac9a7bc8e103,2026-04-25T07:44:42+00:00,3294,330,178,80,7.785,924.0,13,fit:e47555f16f02711dc446d8bfb5ee6625d9c15688be7bc41a38dbac9a7bc8e103:segment:003,3,7941.0,7870,activities/067_260425073220.csv,1,1,0,0
fit:e47555f16f02711dc446d8bfb5ee6625d9c15688be7bc41a38dbac9a7bc8e103,2026-04-25T07:44:43+00:00,3295,360,178,81,7.638,924.0,14,fit:e47555f16f02711dc446d8bfb5ee6625d9c15688be7bc41a38dbac9a7bc8e103:segment:003,3,7942.0,7871,activities/067_260425073220.csv,1,1,0,0
fit:e47555f16f02711dc446d8bfb5ee6625d9c15688be7bc41a38dbac9a7bc8e103,2026-04-25T07:44:44+00:00,3296,244,179,82,7.59,924.0,14,fit:e47555f16f02711dc446d8bfb5ee6625d9c15688be7bc41a38dbac9a7bc8e103:segment:003,3,7943.0,7872,activities/067_260425073220.csv,1,1,0,0
fit:e47555f16f02711dc446d8bfb5ee6625d9c15688be7bc41a38dbac9a7bc8e103,2026-04-25T07:44:45+00:00,3297,310,179,82,7.716,924.0,14,fit:e47555f16f02711dc446d8bfb5ee6625d9c15688be7bc41a38dbac9a7bc8e103:segment:003,3,7944.0,7873,activities/067_260425073220.csv,1,1,0,0
fit:e47555f16f02711dc446d8bfb5ee6625d9c15688be7bc41a38dbac9a7bc8e103,2026-04-25T07:44:46+00:00,3298,341,179,82,7.945,925.0,14,fit:e47555f16f02711dc446d8bfb5ee6625d9c15688be7bc41a38dbac9a7bc8e103:segment:003,3,7945.0,7874,activities/067_260425073220.csv,1,1,0,0
fit:e47555f16f02711dc446d8bfb5ee6625d9c15688be7bc41a38dbac9a7bc8e103,2026-04-25T07:44:47+00:00,3299,328,179,83,8.152,925.0,14,fit:e47555f16f02711dc446d8bfb5ee6625d9c15688be7bc41a38dbac9a7bc8e103:segment:003,3,7946.0,7875,activities/067_260425073220.csv,1,1,0,0
fit:e47555f16f02711dc446d8bfb5ee6625d9c15688be7bc41a38dbac9a7bc8e103,2026-04-25T07:44:48+00:00,3300,359,179,83,8.156,925.0,14,fit:e47555f16f02711dc446d8bfb5ee6625d9c15688be7bc41a38dbac9a7bc8e103:segment:003,3,7947.0,7876,activities/067_260425073220.csv,1,1,0,0
fit:e47555f16f02711dc446d8bfb5ee6625d9c15688be7bc41a38dbac9a7bc8e103,2026-04-25T07:44:49+00:00,3301,304,179,83,8.19,925.0,14,fit:e47555f16f02711dc446d8bfb5ee6625d9c15688be7bc41a38dbac9a7bc8e103:segment:003,3,7948.0,7877,activities/067_260425073220.csv,1,1,0,0
fit:e47555f16f02711dc446d8bfb5ee6625d9c15688be7bc41a38dbac9a7bc8e103,2026-04-25T07:44:50+00:00,3302,273,179,83,8.203,925.0,14,fit:e47555f16f02711dc446d8bfb5ee6625d9c15688be7bc41a38dbac9a7bc8e103:segment:003,3,7949.0,7878,activities/067_260425073220.csv,1,1,0,0
fit:e47555f16f02711dc446d8bfb5ee6625d9c15688be7bc41a38dbac9a7bc8e103,2026-04-25T07:44:51+00:00,3303,323,179,83,8.212,925.4000000000001,14,fit:e47555f16f02711dc446d8bfb5ee6625d9c15688be7bc41a38dbac9a7bc8e103:segment:003,3,7950.0,7879,activities/067_260425073220.csv,1,1,0,0
fit:e47555f16f02711dc446d8bfb5ee6625d9c15688be7bc41a38dbac9a7bc8e103,2026-04-25T07:44:52+00:00,3304,337,179,84,8.188,925.4000000000001,14,fit:e47555f16f02711dc446d8bfb5ee6625d9c15688be7bc41a38dbac9a7bc8e103:segment:003,3,7951.0,7880,activities/067_260425073220.csv,1,1,0,0
fit:e47555f16f02711dc446d8bfb5ee6625d9c15688be7bc41a38dbac9a7bc8e103,2026-04-25T07:44:53+00:00,3305,275,179,84,8.05,925.4000000000001,14,fit:e47555f16f02711dc446d8bfb5ee6625d9c15688be7bc41a38dbac9a7bc8e103:segment:003,3,7952.0,7881,activities/067_260425073220.csv,1,1,0,0
fit:e47555f16f02711dc446d8bfb5ee6625d9c15688be7bc41a38dbac9a7bc8e103,2026-04-25T07:44:54+00:00,3306,288,179,84,8.105,925.4000000000001,14,fit:e47555f16f02711dc446d8bfb5ee6625d9c15688be7bc41a38dbac9a7bc8e103:segment:003,3,7953.0,7882,activities/067_260425073220.csv,1,1,0,0
fit:e47555f16f02711dc446d8bfb5ee6625d9c15688be7bc41a38dbac9a7bc8e103,2026-04-25T07:44:55+00:00,3307,300,179,83,8.009,926.2,14,fit:e47555f16f02711dc446d8bfb5ee6625d9c15688be7bc41a38dbac9a7bc8e103:segment:003,3,7954.0,7883,activities/067_260425073220.csv,1,1,0,0
fit:e47555f16f02711dc446d8bfb5ee6625d9c15688be7bc41a38dbac9a7bc8e103,2026-04-25T07:44:56+00:00,3308,278,179,83,7.853,926.2,14,fit:e47555f16f02711dc446d8bfb5ee6625d9c15688be7bc41a38dbac9a7bc8e103:segment:003,3,7955.0,7884,activities/067_260425073220.csv,1,1,0,0
fit:e47555f16f02711dc446d8bfb5ee6625d9c15688be7bc41a38dbac9a7bc8e103,2026-04-25T07:44:57+00:00,3309,312,179,84,8.029,926.2,14,fit:e47555f16f02711dc446d8bfb5ee6625d9c15688be7bc41a38dbac9a7bc8e103:segment:003,3,7956.0,7885,activities/067_260425073220.csv,1,1,0,0
fit:e47555f16f02711dc446d8bfb5ee6625d9c15688be7bc41a38dbac9a7bc8e103,2026-04-25T07:44:58+00:00,3310,265,179,85,8.151,926.2,14,fit:e47555f16f02711dc446d8bfb5ee6625d9c15688be7bc41a38dbac9a7bc8e103:segment:003,3,7957.0,7886,activities/067_260425073220.csv,1,1,0,0
fit:e47555f16f02711dc446d8bfb5ee6625d9c15688be7bc41a38dbac9a7bc8e103,2026-04-25T07:44:59+00:00,3311,239,179,86,8.293,926.2,14,fit:e47555f16f02711dc446d8bfb5ee6625d9c15688be7bc41a38dbac9a7bc8e103:segment:003,3,7958.0,7887,activities/067_260425073220.csv,1,1,0,0
fit:e47555f16f02711dc446d8bfb5ee6625d9c15688be7bc41a38dbac9a7bc8e103,2026-04-25T07:45:00+00:00,3312,151,179,86,8.235,926.4000000000001,14,fit:e47555f16f02711dc446d8bfb5ee6625d9c15688be7bc41a38dbac9a7bc8e103:segment:003,3,7959.0,7888,activities/067_260425073220.csv,1,1,0,0
fit:e47555f16f02711dc446d8bfb5ee6625d9c15688be7bc41a38dbac9a7bc8e103,2026-04-25T07:45:01+00:00,3313,206,179,85,8.406,927.4000000000001,14,fit:e47555f16f02711dc446d8bfb5ee6625d9c15688be7bc41a38dbac9a7bc8e103:segment:003,3,7960.0,7889,activities/067_260425073220.csv,1,1,0,0
fit:e47555f16f02711dc446d8bfb5ee6625d9c15688be7bc41a38dbac9a7bc8e103,2026-04-25T07:45:02+00:00,3314,286,179,86,8.329,927.8,14,fit:e47555f16f02711dc446d8bfb5ee6625d9c15688be7bc41a38dbac9a7bc8e103:segment:003,3,7961.0,7890,activities/067_260425073220.csv,1,1,0,0
fit:e47555f16f02711dc446d8bfb5ee6625d9c15688be7bc41a38dbac9a7bc8e103,2026-04-25T07:45:03+00:00,3315,347,179,87,8.263,927.8,14,fit:e47555f16f02711dc446d8bfb5ee6625d9c15688be7bc41a38dbac9a7bc8e103:segment:003,3,7962.0,7891,activities/067_260425073220.csv,1,1,0,0
fit:e47555f16f02711dc446d8bfb5ee6625d9c15688be7bc41a38dbac9a7bc8e103,2026-04-25T07:45:04+00:00,3316,392,179,87,8.429,927.8,14,fit:e47555f16f02711dc446d8bfb5ee6625d9c15688be7bc41a38dbac9a7bc8e103:segment:003,3,7963.0,7892,activities/067_260425073220.csv,1,1,0,0
fit:e47555f16f02711dc446d8bfb5ee6625d9c15688be7bc41a38dbac9a7bc8e103,2026-04-25T07:45:05+00:00,3317,384,179,86,8.474,927.8,14,fit:e47555f16f02711dc446d8bfb5ee6625d9c15688be7bc41a38dbac9a7bc8e103:segment:003,3,7964.0,7893,activities/067_260425073220.csv,1,1,0,0
fit:e47555f16f02711dc446d8bfb5ee6625d9c15688be7bc41a38dbac9a7bc8e103,2026-04-25T07:45:06+00:00,3318,271,179,86,8.375,927.8,14,fit:e47555f16f02711dc446d8bfb5ee6625d9c15688be7bc41a38dbac9a7bc8e103:segment:003,3,7965.0,7894,activities/067_260425073220.csv,1,1,0,0
fit:e47555f16f02711dc446d8bfb5ee6625d9c15688be7bc41a38dbac9a7bc8e103,2026-04-25T07:45:07+00:00,3319,174,179,82,8.298,927.8,14,fit:e47555f16f02711dc446d8bfb5ee6625d9c15688be7bc41a38dbac9a7bc8e103:segment:003,3,7966.0,7895,activities/067_260425073220.csv,1,1,0,0
fit:e47555f16f02711dc446d8bfb5ee6625d9c15688be7bc41a38dbac9a7bc8e103,2026-04-25T07:45:08+00:00,3320,131,179,79,7.986,928.8,14,fit:e47555f16f02711dc446d8bfb5ee6625d9c15688be7bc41a38dbac9a7bc8e103:segment:003,3,7967.0,7896,activities/067_260425073220.csv,1,1,0,0
fit:e47555f16f02711dc446d8bfb5ee6625d9c15688be7bc41a38dbac9a7bc8e103,2026-04-25T07:45:09+00:00,3321,92,179,76,7.735,929.8,14,fit:e47555f16f02711dc446d8bfb5ee6625d9c15688be7bc41a38dbac9a7bc8e103:segment:003,3,7968.0,7897,activities/067_260425073220.csv,1,1,0,0
fit:e47555f16f02711dc446d8bfb5ee6625d9c15688be7bc41a38dbac9a7bc8e103,2026-04-25T07:45:10+00:00,3322,12,179,73,7.336,929.8,14,fit:e47555f16f02711dc446d8bfb5ee6625d9c15688be7bc41a38dbac9a7bc8e103:segment:003,3,7969.0,7898,activities/067_260425073220.csv,1,1,0,0
fit:e47555f16f02711dc446d8bfb5ee6625d9c15688be7bc41a38dbac9a7bc8e103,2026-04-25T07:45:11+00:00,3323,13,179,69,7.117,929.8,14,fit:e47555f16f02711dc446d8bfb5ee6625d9c15688be7bc41a38dbac9a7bc8e103:segment:003,3,7970.0,7899,activities/067_260425073220.csv,1,1,0,0
fit:e47555f16f02711dc446d8bfb5ee6625d9c15688be7bc41a38dbac9a7bc8e103,2026-04-25T07:45:12+00:00,3324,13,179,69,6.847,929.8,14,fit:e47555f16f02711dc446d8bfb5ee6625d9c15688be7bc41a38dbac9a7bc8e103:segment:003,3,7971.0,7900,activities/067_260425073220.csv,1,1,0,0
fit:e47555f16f02711dc446d8bfb5ee6625d9c15688be7bc41a38dbac9a7bc8e103,2026-04-25T07:45:13+00:00,3325,13,178,69,6.534,930.8,14,fit:e47555f16f02711dc446d8bfb5ee6625d9c15688be7bc41a38dbac9a7bc8e103:segment:003,3,7972.0,7901,activities/067_260425073220.csv,1,1,0,0
fit:e47555f16f02711dc446d8bfb5ee6625d9c15688be7bc41a38dbac9a7bc8e103,2026-04-25T07:45:14+00:00,3326,12,178,49,6.368,930.8,14,fit:e47555f16f02711dc446d8bfb5ee6625d9c15688be7bc41a38dbac9a7bc8e103:segment:003,3,7973.0,7902,activities/067_260425073220.csv,1,1,0,0
fit:e47555f16f02711dc446d8bfb5ee6625d9c15688be7bc41a38dbac9a7bc8e103,2026-04-25T07:45:15+00:00,3327,11,177,47,6.26,930.8,14,fit:e47555f16f02711dc446d8bfb5ee6625d9c15688be7bc41a38dbac9a7bc8e103:segment:003,3,7974.0,7903,activities/067_260425073220.csv,1,1,0,0
fit:e47555f16f02711dc446d8bfb5ee6625d9c15688be7bc41a38dbac9a7bc8e103,2026-04-25T07:45:16+00:00,3328,9,176,44,5.999,930.5999999999999,14,fit:e47555f16f02711dc446d8bfb5ee6625d9c15688be7bc41a38dbac9a7bc8e103:segment:003,3,7975.0,7904,activities/067_260425073220.csv,1,1,0,0
fit:e47555f16f02711dc446d8bfb5ee6625d9c15688be7bc41a38dbac9a7bc8e103,2026-04-25T07:45:17+00:00,3329,9,175,42,5.843,930.5999999999999,14,fit:e47555f16f02711dc446d8bfb5ee6625d9c15688be7bc41a38dbac9a7bc8e103:segment:003,3,7976.0,7905,activities/067_260425073220.csv,1,1,0,0
fit:e47555f16f02711dc446d8bfb5ee6625d9c15688be7bc41a38dbac9a7bc8e103,2026-04-25T07:45:18+00:00,3330,0,174,0,5.624,930.5999999999999,14,fit:e47555f16f02711dc446d8bfb5ee6625d9c15688be7bc41a38dbac9a7bc8e103:segment:003,3,7977.0,7906,activities/067_260425073220.csv,1,1,0,0
fit:e47555f16f02711dc446d8bfb5ee6625d9c15688be7bc41a38dbac9a7bc8e103,2026-04-25T07:45:19+00:00,3331,0,174,55,5.493,931.4000000000001,14,fit:e47555f16f02711dc446d8bfb5ee6625d9c15688be7bc41a38dbac9a7bc8e103:segment:003,3,7978.0,7907,activities/067_260425073220.csv,1,1,0,0
fit:e47555f16f02711dc446d8bfb5ee6625d9c15688be7bc41a38dbac9a7bc8e103,2026-04-25T07:45:20+00:00,3332,0,172,55,5.221,931.4000000000001,14,fit:e47555f16f02711dc446d8bfb5ee6625d9c15688be7bc41a38dbac9a7bc8e103:segment:003,3,7979.0,7908,activities/067_260425073220.csv,1,1,0,0
fit:e47555f16f02711dc446d8bfb5ee6625d9c15688be7bc41a38dbac9a7bc8e103,2026-04-25T07:45:21+00:00,3333,0,172,55,5.207,931.4000000000001,14,fit:e47555f16f02711dc446d8bfb5ee6625d9c15688be7bc41a38dbac9a7bc8e103:segment:003,3,7980.0,7909,activities/067_260425073220.csv,1,1,0,0
fit:e47555f16f02711dc446d8bfb5ee6625d9c15688be7bc41a38dbac9a7bc8e103,2026-04-25T07:45:22+00:00,3334,0,171,54,4.803,931.4000000000001,14,fit:e47555f16f02711dc446d8bfb5ee6625d9c15688be7bc41a38dbac9a7bc8e103:segment:003,3,7981.0,7910,activities/067_260425073220.csv,1,1,0,0
fit:e47555f16f02711dc446d8bfb5ee6625d9c15688be7bc41a38dbac9a7bc8e103,2026-04-25T07:45:23+00:00,3335,0,169,51,4.065,931.0,14,fit:e47555f16f02711dc446d8bfb5ee6625d9c15688be7bc41a38dbac9a7bc8e103:segment:003,3,7982.0,7911,activities/067_260425073220.csv,1,1,0,0
fit:e47555f16f02711dc446d8bfb5ee6625d9c15688be7bc41a38dbac9a7bc8e103,2026-04-25T07:45:24+00:00,3336,0,166,0,3.423,931.0,14,fit:e47555f16f02711dc446d8bfb5ee6625d9c15688be7bc41a38dbac9a7bc8e103:segment:003,3,7983.0,7912,activities/067_260425073220.csv,1,1,0,0
fit:e47555f16f02711dc446d8bfb5ee6625d9c15688be7bc41a38dbac9a7bc8e103,2026-04-25T07:45:25+00:00,3337,0,163,0,2.833,931.0,14,fit:e47555f16f02711dc446d8bfb5ee6625d9c15688be7bc41a38dbac9a7bc8e103:segment:003,3,7984.0,7913,activities/067_260425073220.csv,1,1,0,0
fit:e47555f16f02711dc446d8bfb5ee6625d9c15688be7bc41a38dbac9a7bc8e103,2026-04-25T07:45:26+00:00,3338,0,161,0,2.157,931.4000000000001,14,fit:e47555f16f02711dc446d8bfb5ee6625d9c15688be7bc41a38dbac9a7bc8e103:segment:003,3,7985.0,7914,activities/067_260425073220.csv,1,1,0,0
fit:e47555f16f02711dc446d8bfb5ee6625d9c15688be7bc41a38dbac9a7bc8e103,2026-04-25T07:45:27+00:00,3339,0,160,0,0.0,931.4000000000001,14,fit:e47555f16f02711dc446d8bfb5ee6625d9c15688be7bc41a38dbac9a7bc8e103:segment:003,3,7986.0,7915,activities/067_260425073220.csv,1,1,0,0
