activity_id,timestamp,elapsed_seconds,power_w,heart_rate_bpm,cadence_rpm,speed_m_s,altitude_m,temperature_c,segment_id,segment_number,source_elapsed_seconds,source_row_index,source_file,activity_split,segment_selected_from_activity,power_missing,hr_missing
fit:04f01143c9c76334dc1f7df426f77ac3e8992091d4090e6b06142aee6f9de488,2026-01-10T08:42:35+00:00,0,0,109,0,1.723,187.60000000000002,1,fit:04f01143c9c76334dc1f7df426f77ac3e8992091d4090e6b06142aee6f9de488:segment:004,4,4492.0,4382,activities/055_260110082743.csv,1,1,0,0
fit:04f01143c9c76334dc1f7df426f77ac3e8992091d4090e6b06142aee6f9de488,2026-01-10T08:42:36+00:00,1,0,109,0,1.681,187.60000000000002,1,fit:04f01143c9c76334dc1f7df426f77ac3e8992091d4090e6b06142aee6f9de488:segment:004,4,4493.0,4383,activities/055_260110082743.csv,1,1,0,0
fit:04f01143c9c76334dc1f7df426f77ac3e8992091d4090e6b06142aee6f9de488,2026-01-10T08:42:37+00:00,2,0,109,0,1.693,187.79999999999995,1,fit:04f01143c9c76334dc1f7df426f77ac3e8992091d4090e6b06142aee6f9de488:segment:004,4,4494.0,4384,activities/055_260110082743.csv,1,1,0,0
fit:04f01143c9c76334dc1f7df426f77ac3e8992091d4090e6b06142aee6f9de488,2026-01-10T08:42:38+00:00,3,0,109,0,1.764,188.0,1,fit:04f01143c9c76334dc1f7df426f77ac3e8992091d4090e6b06142aee6f9de488:segment:004,4,4495.0,4385,activities/055_260110082743.csv,1,1,0,0
fit:04f01143c9c76334dc1f7df426f77ac3e8992091d4090e6b06142aee6f9de488,2026-01-10T08:42:39+00:00,4,0,109,0,1.879,188.0,1,fit:04f01143c9c76334dc1f7df426f77ac3e8992091d4090e6b06142aee6f9de488:segment:004,4,4496.0,4386,activities/055_260110082743.csv,1,1,0,0
fit:04f01143c9c76334dc1f7df426f77ac3e8992091d4090e6b06142aee6f9de488,2026-01-10T08:42:40+00:00,5,16,109,0,1.918,188.0,1,fit:04f01143c9c76334dc1f7df426f77ac3e8992091d4090e6b06142aee6f9de488:segment:004,4,4497.0,4387,activities/055_260110082743.csv,1,1,0,0
fit:04f01143c9c76334dc1f7df426f77ac3e8992091d4090e6b06142aee6f9de488,2026-01-10T08:42:41+00:00,6,16,110,0,1.822,188.0,1,fit:04f01143c9c76334dc1f7df426f77ac3e8992091d4090e6b06142aee6f9de488:segment:004,4,4498.0,4388,activities/055_260110082743.csv,1,1,0,0
fit:04f01143c9c76334dc1f7df426f77ac3e8992091d4090e6b06142aee6f9de488,2026-01-10T08:42:42+00:00,7,37,109,0,1.828,188.20000000000005,1,fit:04f01143c9c76334dc1f7df426f77ac3e8992091d4090e6b06142aee6f9de488:segment:004,4,4499.0,4389,activities/055_260110082743.csv,1,1,0,0
fit:04f01143c9c76334dc1f7df426f77ac3e8992091d4090e6b06142aee6f9de488,2026-01-10T08:42:43+00:00,8,25,109,37,1.966,188.20000000000005,1,fit:04f01143c9c76334dc1f7df426f77ac3e8992091d4090e6b06142aee6f9de488:segment:004,4,4500.0,4390,activities/055_260110082743.csv,1,1,0,0
fit:04f01143c9c76334dc1f7df426f77ac3e8992091d4090e6b06142aee6f9de488,2026-01-10T08:42:44+00:00,9,26,108,37,2.021,188.20000000000005,1,fit:04f01143c9c76334dc1f7df426f77ac3e8992091d4090e6b06142aee6f9de488:segment:004,4,4501.0,4391,activities/055_260110082743.csv,1,1,0,0
fit:04f01143c9c76334dc1f7df426f77ac3e8992091d4090e6b06142aee6f9de488,2026-01-10T08:42:45+00:00,10,36,105,31,2.068,188.0,1,fit:04f01143c9c76334dc1f7df426f77ac3e8992091d4090e6b06142aee6f9de488:segment:004,4,4502.0,4392,activities/055_260110082743.csv,1,1,0,0
fit:04f01143c9c76334dc1f7df426f77ac3e8992091d4090e6b06142aee6f9de488,2026-01-10T08:42:46+00:00,11,37,102,31,2.132,188.20000000000005,1,fit:04f01143c9c76334dc1f7df426f77ac3e8992091d4090e6b06142aee6f9de488:segment:004,4,4503.0,4393,activities/055_260110082743.csv,1,1,0,0
fit:04f01143c9c76334dc1f7df426f77ac3e8992091d4090e6b06142aee6f9de488,2026-01-10T08:42:47+00:00,12,67,100,30,2.258,188.20000000000005,1,fit:04f01143c9c76334dc1f7df426f77ac3e8992091d4090e6b06142aee6f9de488:segment:004,4,4504.0,4394,activities/055_260110082743.csv,1,1,0,0
fit:04f01143c9c76334dc1f7df426f77ac3e8992091d4090e6b06142aee6f9de488,2026-01-10T08:42:48+00:00,13,67,100,30,2.503,188.20000000000005,1,fit:04f01143c9c76334dc1f7df426f77ac3e8992091d4090e6b06142aee6f9de488:segment:004,4,4505.0,4395,activities/055_260110082743.csv,1,1,0,0
fit:04f01143c9c76334dc1f7df426f77ac3e8992091d4090e6b06142aee6f9de488,2026-01-10T08:42:49+00:00,14,67,97,30,2.656,187.79999999999995,1,fit:04f01143c9c76334dc1f7df426f77ac3e8992091d4090e6b06142aee6f9de488:segment:004,4,4506.0,4396,activities/055_260110082743.csv,1,1,0,0
fit:04f01143c9c76334dc1f7df426f77ac3e8992091d4090e6b06142aee6f9de488,2026-01-10T08:42:50+00:00,15,116,95,30,2.823,187.79999999999995,1,fit:04f01143c9c76334dc1f7df426f77ac3e8992091d4090e6b06142aee6f9de488:segment:004,4,4507.0,4397,activities/055_260110082743.csv,1,1,0,0
fit:04f01143c9c76334dc1f7df426f77ac3e8992091d4090e6b06142aee6f9de488,2026-01-10T08:42:51+00:00,16,116,95,30,2.892,187.79999999999995,1,fit:04f01143c9c76334dc1f7df426f77ac3e8992091d4090e6b06142aee6f9de488:segment:004,4,4508.0,4398,activities/055_260110082743.csv,1,1,0,0
fit:04f01143c9c76334dc1f7df426f77ac3e8992091d4090e6b06142aee6f9de488,2026-01-10T08:42:52+00:00,17,49,95,25,2.943,187.79999999999995,1,fit:04f01143c9c76334dc1f7df426f77ac3e8992091d4090e6b06142aee6f9de488:segment:004,4,4509.0,4399,activities/055_260110082743.csv,1,1,0,0
fit:04f01143c9c76334dc1f7df426f77ac3e8992091d4090e6b06142aee6f9de488,2026-01-10T08:42:53+00:00,18,49,97,25,2.888,188.20000000000005,1,fit:04f01143c9c76334dc1f7df426f77ac3e8992091d4090e6b06142aee6f9de488:segment:004,4,4510.0,4400,activities/055_260110082743.csv,1,1,0,0
fit:04f01143c9c76334dc1f7df426f77ac3e8992091d4090e6b06142aee6f9de488,2026-01-10T08:42:54+00:00,19,23,97,21,2.75,188.20000000000005,1,fit:04f01143c9c76334dc1f7df426f77ac3e8992091d4090e6b06142aee6f9de488:segment:004,4,4511.0,4401,activities/055_260110082743.csv,1,1,0,0
fit:04f01143c9c76334dc1f7df426f77ac3e8992091d4090e6b06142aee6f9de488,2026-01-10T08:42:55+00:00,20,23,98,21,2.626,188.20000000000005,1,fit:04f01143c9c76334dc1f7df426f77ac3e8992091d4090e6b06142aee6f9de488:segment:004,4,4512.0,4402,activities/055_260110082743.csv,1,1,0,0
fit:04f01143c9c76334dc1f7df426f77ac3e8992091d4090e6b06142aee6f9de488,2026-01-10T08:42:56+00:00,21,125,99,29,2.69,188.20000000000005,1,fit:04f01143c9c76334dc1f7df426f77ac3e8992091d4090e6b06142aee6f9de488:segment:004,4,4513.0,4403,activities/055_260110082743.csv,1,1,0,0
fit:04f01143c9c76334dc1f7df426f77ac3e8992091d4090e6b06142aee6f9de488,2026-01-10T08:42:57+00:00,22,125,101,29,2.865,188.20000000000005,1,fit:04f01143c9c76334dc1f7df426f77ac3e8992091d4090e6b06142aee6f9de488:segment:004,4,4514.0,4404,activities/055_260110082743.csv,1,1,0,0
fit:04f01143c9c76334dc1f7df426f77ac3e8992091d4090e6b06142aee6f9de488,2026-01-10T08:42:58+00:00,23,191,101,35,3.142,188.0,1,fit:04f01143c9c76334dc1f7df426f77ac3e8992091d4090e6b06142aee6f9de488:segment:004,4,4515.0,4405,activities/055_260110082743.csv,1,1,0,0
fit:04f01143c9c76334dc1f7df426f77ac3e8992091d4090e6b06142aee6f9de488,2026-01-10T08:42:59+00:00,24,239,102,42,3.465,188.0,1,fit:04f01143c9c76334dc1f7df426f77ac3e8992091d4090e6b06142aee6f9de488:segment:004,4,4516.0,4406,activities/055_260110082743.csv,1,1,0,0
fit:04f01143c9c76334dc1f7df426f77ac3e8992091d4090e6b06142aee6f9de488,2026-01-10T08:43:00+00:00,25,166,102,46,3.746,188.0,1,fit:04f01143c9c76334dc1f7df426f77ac3e8992091d4090e6b06142aee6f9de488:segment:004,4,4517.0,4407,activities/055_260110082743.csv,1,1,0,0
fit:04f01143c9c76334dc1f7df426f77ac3e8992091d4090e6b06142aee6f9de488,2026-01-10T08:43:01+00:00,26,166,103,46,3.961,188.0,1,fit:04f01143c9c76334dc1f7df426f77ac3e8992091d4090e6b06142aee6f9de488:segment:004,4,4518.0,4408,activities/055_260110082743.csv,1,1,0,0
fit:04f01143c9c76334dc1f7df426f77ac3e8992091d4090e6b06142aee6f9de488,2026-01-10T08:43:02+00:00,27,141,103,46,4.12,188.39999999999998,1,fit:04f01143c9c76334dc1f7df426f77ac3e8992091d4090e6b06142aee6f9de488:segment:004,4,4519.0,4409,activities/055_260110082743.csv,1,1,0,0
fit:04f01143c9c76334dc1f7df426f77ac3e8992091d4090e6b06142aee6f9de488,2026-01-10T08:43:03+00:00,28,165,103,47,4.193,188.39999999999998,1,fit:04f01143c9c76334dc1f7df426f77ac3e8992091d4090e6b06142aee6f9de488:segment:004,4,4520.0,4410,activities/055_260110082743.csv,1,1,0,0
fit:04f01143c9c76334dc1f7df426f77ac3e8992091d4090e6b06142aee6f9de488,2026-01-10T08:43:04+00:00,29,174,104,48,4.249,188.39999999999998,1,fit:04f01143c9c76334dc1f7df426f77ac3e8992091d4090e6b06142aee6f9de488:segment:004,4,4521.0,4411,activities/055_260110082743.csv,1,1,0,0
fit:04f01143c9c76334dc1f7df426f77ac3e8992091d4090e6b06142aee6f9de488,2026-01-10T08:43:05+00:00,30,185,105,50,4.315,188.39999999999998,1,fit:04f01143c9c76334dc1f7df426f77ac3e8992091d4090e6b06142aee6f9de488:segment:004,4,4522.0,4412,activities/055_260110082743.csv,1,1,0,0
fit:04f01143c9c76334dc1f7df426f77ac3e8992091d4090e6b06142aee6f9de488,2026-01-10T08:43:06+00:00,31,185,106,50,4.461,188.39999999999998,1,fit:04f01143c9c76334dc1f7df426f77ac3e8992091d4090e6b06142aee6f9de488:segment:004,4,4523.0,4413,activities/055_260110082743.csv,1,1,0,0
fit:04f01143c9c76334dc1f7df426f77ac3e8992091d4090e6b06142aee6f9de488,2026-01-10T08:43:07+00:00,32,183,106,51,4.488,188.39999999999998,1,fit:04f01143c9c76334dc1f7df426f77ac3e8992091d4090e6b06142aee6f9de488:segment:004,4,4524.0,4414,activities/055_260110082743.csv,1,1,0,0
fit:04f01143c9c76334dc1f7df426f77ac3e8992091d4090e6b06142aee6f9de488,2026-01-10T08:43:08+00:00,33,157,107,52,4.615,188.39999999999998,1,fit:04f01143c9c76334dc1f7df426f77ac3e8992091d4090e6b06142aee6f9de488:segment:004,4,4525.0,4415,activities/055_260110082743.csv,1,1,0,0
fit:04f01143c9c76334dc1f7df426f77ac3e8992091d4090e6b06142aee6f9de488,2026-01-10T08:43:09+00:00,34,141,108,53,4.6,188.39999999999998,1,fit:04f01143c9c76334dc1f7df426f77ac3e8992091d4090e6b06142aee6f9de488:segment:004,4,4526.0,4416,activities/055_260110082743.csv,1,1,0,0
fit:04f01143c9c76334dc1f7df426f77ac3e8992091d4090e6b06142aee6f9de488,2026-01-10T08:43:10+00:00,35,141,109,54,4.654,188.39999999999998,1,fit:04f01143c9c76334dc1f7df426f77ac3e8992091d4090e6b06142aee6f9de488:segment:004,4,4527.0,4417,activities/055_260110082743.csv,1,1,0,0
fit:04f01143c9c76334dc1f7df426f77ac3e8992091d4090e6b06142aee6f9de488,2026-01-10T08:43:11+00:00,36,141,111,54,4.808,188.39999999999998,1,fit:04f01143c9c76334dc1f7df426f77ac3e8992091d4090e6b06142aee6f9de488:segment:004,4,4528.0,4418,activities/055_260110082743.csv,1,1,0,0
fit:04f01143c9c76334dc1f7df426f77ac3e8992091d4090e6b06142aee6f9de488,2026-01-10T08:43:12+00:00,37,127,112,54,4.846,188.39999999999998,1,fit:04f01143c9c76334dc1f7df426f77ac3e8992091d4090e6b06142aee6f9de488:segment:004,4,4529.0,4419,activities/055_260110082743.csv,1,1,0,0
fit:04f01143c9c76334dc1f7df426f77ac3e8992091d4090e6b06142aee6f9de488,2026-01-10T08:43:13+00:00,38,31,113,26,4.802,188.39999999999998,1,fit:04f01143c9c76334dc1f7df426f77ac3e8992091d4090e6b06142aee6f9de488:segment:004,4,4530.0,4420,activities/055_260110082743.csv,1,1,0,0
fit:04f01143c9c76334dc1f7df426f77ac3e8992091d4090e6b06142aee6f9de488,2026-01-10T08:43:14+00:00,39,245,113,56,4.859,188.39999999999998,1,fit:04f01143c9c76334dc1f7df426f77ac3e8992091d4090e6b06142aee6f9de488:segment:004,4,4531.0,4421,activities/055_260110082743.csv,1,1,0,0
fit:04f01143c9c76334dc1f7df426f77ac3e8992091d4090e6b06142aee6f9de488,2026-01-10T08:43:15+00:00,40,246,113,56,4.981,188.39999999999998,1,fit:04f01143c9c76334dc1f7df426f77ac3e8992091d4090e6b06142aee6f9de488:segment:004,4,4532.0,4422,activities/055_260110082743.csv,1,1,0,0
fit:04f01143c9c76334dc1f7df426f77ac3e8992091d4090e6b06142aee6f9de488,2026-01-10T08:43:16+00:00,41,164,113,59,5.208,188.39999999999998,1,fit:04f01143c9c76334dc1f7df426f77ac3e8992091d4090e6b06142aee6f9de488:segment:004,4,4533.0,4423,activities/055_260110082743.csv,1,1,0,0
fit:04f01143c9c76334dc1f7df426f77ac3e8992091d4090e6b06142aee6f9de488,2026-01-10T08:43:17+00:00,42,109,113,61,5.331,188.60000000000002,1,fit:04f01143c9c76334dc1f7df426f77ac3e8992091d4090e6b06142aee6f9de488:segment:004,4,4534.0,4424,activities/055_260110082743.csv,1,1,0,0
fit:04f01143c9c76334dc1f7df426f77ac3e8992091d4090e6b06142aee6f9de488,2026-01-10T08:43:18+00:00,43,119,113,62,5.408,188.60000000000002,1,fit:04f01143c9c76334dc1f7df426f77ac3e8992091d4090e6b06142aee6f9de488:segment:004,4,4535.0,4425,activities/055_260110082743.csv,1,1,0,0
fit:04f01143c9c76334dc1f7df426f77ac3e8992091d4090e6b06142aee6f9de488,2026-01-10T08:43:19+00:00,44,38,113,63,5.618,188.60000000000002,1,fit:04f01143c9c76334dc1f7df426f77ac3e8992091d4090e6b06142aee6f9de488:segment:004,4,4536.0,4426,activities/055_260110082743.csv,1,1,0,0
fit:04f01143c9c76334dc1f7df426f77ac3e8992091d4090e6b06142aee6f9de488,2026-01-10T08:43:20+00:00,45,38,113,63,5.638,188.60000000000002,1,fit:04f01143c9c76334dc1f7df426f77ac3e8992091d4090e6b06142aee6f9de488:segment:004,4,4537.0,4427,activities/055_260110082743.csv,1,1,0,0
fit:04f01143c9c76334dc1f7df426f77ac3e8992091d4090e6b06142aee6f9de488,2026-01-10T08:43:21+00:00,46,112,114,72,5.609,188.39999999999998,1,fit:04f01143c9c76334dc1f7df426f77ac3e8992091d4090e6b06142aee6f9de488:segment:004,4,4538.0,4428,activities/055_260110082743.csv,1,1,0,0
fit:04f01143c9c76334dc1f7df426f77ac3e8992091d4090e6b06142aee6f9de488,2026-01-10T08:43:22+00:00,47,144,114,73,5.625,188.39999999999998,1,fit:04f01143c9c76334dc1f7df426f77ac3e8992091d4090e6b06142aee6f9de488:segment:004,4,4539.0,4429,activities/055_260110082743.csv,1,1,0,0
fit:04f01143c9c76334dc1f7df426f77ac3e8992091d4090e6b06142aee6f9de488,2026-01-10T08:43:23+00:00,48,105,115,75,5.651,188.39999999999998,1,fit:04f01143c9c76334dc1f7df426f77ac3e8992091d4090e6b06142aee6f9de488:segment:004,4,4540.0,4430,activities/055_260110082743.csv,1,1,0,0
fit:04f01143c9c76334dc1f7df426f77ac3e8992091d4090e6b06142aee6f9de488,2026-01-10T08:43:24+00:00,49,112,116,75,5.679,188.39999999999998,1,fit:04f01143c9c76334dc1f7df426f77ac3e8992091d4090e6b06142aee6f9de488:segment:004,4,4541.0,4431,activities/055_260110082743.csv,1,1,0,0
fit:04f01143c9c76334dc1f7df426f77ac3e8992091d4090e6b06142aee6f9de488,2026-01-10T08:43:25+00:00,50,112,118,75,5.792,188.20000000000005,1,fit:04f01143c9c76334dc1f7df426f77ac3e8992091d4090e6b06142aee6f9de488:segment:004,4,4542.0,4432,activities/055_260110082743.csv,1,1,0,0
fit:04f01143c9c76334dc1f7df426f77ac3e8992091d4090e6b06142aee6f9de488,2026-01-10T08:43:26+00:00,51,138,118,76,5.893,187.60000000000002,1,fit:04f01143c9c76334dc1f7df426f77ac3e8992091d4090e6b06142aee6f9de488:segment:004,4,4543.0,4433,activities/055_260110082743.csv,1,1,0,0
fit:04f01143c9c76334dc1f7df426f77ac3e8992091d4090e6b06142aee6f9de488,2026-01-10T08:43:27+00:00,52,157,119,77,6.001,187.60000000000002,1,fit:04f01143c9c76334dc1f7df426f77ac3e8992091d4090e6b06142aee6f9de488:segment:004,4,4544.0,4434,activities/055_260110082743.csv,1,1,0,0
fit:04f01143c9c76334dc1f7df426f77ac3e8992091d4090e6b06142aee6f9de488,2026-01-10T08:43:28+00:00,53,160,120,78,6.014,187.60000000000002,1,fit:04f01143c9c76334dc1f7df426f77ac3e8992091d4090e6b06142aee6f9de488:segment:004,4,4545.0,4435,activities/055_260110082743.csv,1,1,0,0
fit:04f01143c9c76334dc1f7df426f77ac3e8992091d4090e6b06142aee6f9de488,2026-01-10T08:43:29+00:00,54,190,120,79,6.063,187.79999999999995,1,fit:04f01143c9c76334dc1f7df426f77ac3e8992091d4090e6b06142aee6f9de488:segment:004,4,4546.0,4436,activities/055_260110082743.csv,1,1,0,0
fit:04f01143c9c76334dc1f7df426f77ac3e8992091d4090e6b06142aee6f9de488,2026-01-10T08:43:30+00:00,55,109,121,80,6.196,187.79999999999995,1,fit:04f01143c9c76334dc1f7df426f77ac3e8992091d4090e6b06142aee6f9de488:segment:004,4,4547.0,4437,activities/055_260110082743.csv,1,1,0,0
fit:04f01143c9c76334dc1f7df426f77ac3e8992091d4090e6b06142aee6f9de488,2026-01-10T08:43:31+00:00,56,104,122,80,6.206,187.79999999999995,1,fit:04f01143c9c76334dc1f7df426f77ac3e8992091d4090e6b06142aee6f9de488:segment:004,4,4548.0,4438,activities/055_260110082743.csv,1,1,0,0
fit:04f01143c9c76334dc1f7df426f77ac3e8992091d4090e6b06142aee6f9de488,2026-01-10T08:43:32+00:00,57,132,122,79,6.191,187.79999999999995,1,fit:04f01143c9c76334dc1f7df426f77ac3e8992091d4090e6b06142aee6f9de488:segment:004,4,4549.0,4439,activities/055_260110082743.csv,1,1,0,0
fit:04f01143c9c76334dc1f7df426f77ac3e8992091d4090e6b06142aee6f9de488,2026-01-10T08:43:33+00:00,58,118,122,79,6.108,187.79999999999995,1,fit:04f01143c9c76334dc1f7df426f77ac3e8992091d4090e6b06142aee6f9de488:segment:004,4,4550.0,4440,activities/055_260110082743.csv,1,1,0,0
fit:04f01143c9c76334dc1f7df426f77ac3e8992091d4090e6b06142aee6f9de488,2026-01-10T08:43:34+00:00,59,181,122,79,6.095,188.0,1,fit:04f01143c9c76334dc1f7df426f77ac3e8992091d4090e6b06142aee6f9de488:segment:004,4,4551.0,4441,activities/055_260110082743.csv,1,1,0,0
fit:04f01143c9c76334dc1f7df426f77ac3e8992091d4090e6b06142aee6f9de488,2026-01-10T08:43:35+00:00,60,148,122,78,6.087,188.0,1,fit:04f01143c9c76334dc1f7df426f77ac3e8992091d4090e6b06142aee6f9de488:segment:004,4,4552.0,4442,activities/055_260110082743.csv,1,1,0,0
fit:04f01143c9c76334dc1f7df426f77ac3e8992091d4090e6b06142aee6f9de488,2026-01-10T08:43:36+00:00,61,149,122,78,6.076,188.0,1,fit:04f01143c9c76334dc1f7df426f77ac3e8992091d4090e6b06142aee6f9de488:segment:004,4,4553.0,4443,activities/055_260110082743.csv,1,1,0,0
fit:04f01143c9c76334dc1f7df426f77ac3e8992091d4090e6b06142aee6f9de488,2026-01-10T08:43:37+00:00,62,238,122,76,5.983,188.39999999999998,1,fit:04f01143c9c76334dc1f7df426f77ac3e8992091d4090e6b06142aee6f9de488:segment:004,4,4554.0,4444,activities/055_260110082743.csv,1,1,0,0
fit:04f01143c9c76334dc1f7df426f77ac3e8992091d4090e6b06142aee6f9de488,2026-01-10T08:43:38+00:00,63,265,122,76,5.855,189.0,1,fit:04f01143c9c76334dc1f7df426f77ac3e8992091d4090e6b06142aee6f9de488:segment:004,4,4555.0,4445,activities/055_260110082743.csv,1,1,0,0
fit:04f01143c9c76334dc1f7df426f77ac3e8992091d4090e6b06142aee6f9de488,2026-01-10T08:43:39+00:00,64,265,122,76,5.84,189.0,1,fit:04f01143c9c76334dc1f7df426f77ac3e8992091d4090e6b06142aee6f9de488:segment:004,4,4556.0,4446,activities/055_260110082743.csv,1,1,0,0
fit:04f01143c9c76334dc1f7df426f77ac3e8992091d4090e6b06142aee6f9de488,2026-01-10T08:43:40+00:00,65,275,123,74,5.796,189.0,1,fit:04f01143c9c76334dc1f7df426f77ac3e8992091d4090e6b06142aee6f9de488:segment:004,4,4557.0,4447,activities/055_260110082743.csv,1,1,0,0
fit:04f01143c9c76334dc1f7df426f77ac3e8992091d4090e6b06142aee6f9de488,2026-01-10T08:43:41+00:00,66,275,123,74,5.71,189.60000000000002,1,fit:04f01143c9c76334dc1f7df426f77ac3e8992091d4090e6b06142aee6f9de488:segment:004,4,4558.0,4448,activities/055_260110082743.csv,1,1,0,0
fit:04f01143c9c76334dc1f7df426f77ac3e8992091d4090e6b06142aee6f9de488,2026-01-10T08:43:42+00:00,67,109,124,75,5.631,190.0,1,fit:04f01143c9c76334dc1f7df426f77ac3e8992091d4090e6b06142aee6f9de488:segment:004,4,4559.0,4449,activities/055_260110082743.csv,1,1,0,0
fit:04f01143c9c76334dc1f7df426f77ac3e8992091d4090e6b06142aee6f9de488,2026-01-10T08:43:43+00:00,68,391,125,75,5.358,190.0,1,fit:04f01143c9c76334dc1f7df426f77ac3e8992091d4090e6b06142aee6f9de488:segment:004,4,4560.0,4450,activities/055_260110082743.csv,1,1,0,0
fit:04f01143c9c76334dc1f7df426f77ac3e8992091d4090e6b06142aee6f9de488,2026-01-10T08:43:44+00:00,69,360,126,75,5.21,190.0,1,fit:04f01143c9c76334dc1f7df426f77ac3e8992091d4090e6b06142aee6f9de488:segment:004,4,4561.0,4451,activities/055_260110082743.csv,1,1,0,0
fit:04f01143c9c76334dc1f7df426f77ac3e8992091d4090e6b06142aee6f9de488,2026-01-10T08:43:45+00:00,70,288,126,72,5.175,191.0,1,fit:04f01143c9c76334dc1f7df426f77ac3e8992091d4090e6b06142aee6f9de488:segment:004,4,4562.0,4452,activities/055_260110082743.csv,1,1,0,0
fit:04f01143c9c76334dc1f7df426f77ac3e8992091d4090e6b06142aee6f9de488,2026-01-10T08:43:46+00:00,71,307,127,70,5.025,192.0,1,fit:04f01143c9c76334dc1f7df426f77ac3e8992091d4090e6b06142aee6f9de488:segment:004,4,4563.0,4453,activities/055_260110082743.csv,1,1,0,0
fit:04f01143c9c76334dc1f7df426f77ac3e8992091d4090e6b06142aee6f9de488,2026-01-10T08:43:47+00:00,72,352,128,68,4.858,192.0,1,fit:04f01143c9c76334dc1f7df426f77ac3e8992091d4090e6b06142aee6f9de488:segment:004,4,4564.0,4454,activities/055_260110082743.csv,1,1,0,0
fit:04f01143c9c76334dc1f7df426f77ac3e8992091d4090e6b06142aee6f9de488,2026-01-10T08:43:48+00:00,73,351,129,68,4.864,192.0,1,fit:04f01143c9c76334dc1f7df426f77ac3e8992091d4090e6b06142aee6f9de488:segment:004,4,4565.0,4455,activities/055_260110082743.csv,1,1,0,0
fit:04f01143c9c76334dc1f7df426f77ac3e8992091d4090e6b06142aee6f9de488,2026-01-10T08:43:49+00:00,74,351,129,72,4.666,193.0,1,fit:04f01143c9c76334dc1f7df426f77ac3e8992091d4090e6b06142aee6f9de488:segment:004,4,4566.0,4456,activities/055_260110082743.csv,1,1,0,0
fit:04f01143c9c76334dc1f7df426f77ac3e8992091d4090e6b06142aee6f9de488,2026-01-10T08:43:50+00:00,75,458,130,72,4.557,193.79999999999995,1,fit:04f01143c9c76334dc1f7df426f77ac3e8992091d4090e6b06142aee6f9de488:segment:004,4,4567.0,4457,activities/055_260110082743.csv,1,1,0,0
fit:04f01143c9c76334dc1f7df426f77ac3e8992091d4090e6b06142aee6f9de488,2026-01-10T08:43:51+00:00,76,400,131,74,4.585,193.79999999999995,1,fit:04f01143c9c76334dc1f7df426f77ac3e8992091d4090e6b06142aee6f9de488:segment:004,4,4568.0,4458,activities/055_260110082743.csv,1,1,0,0
fit:04f01143c9c76334dc1f7df426f77ac3e8992091d4090e6b06142aee6f9de488,2026-01-10T08:43:52+00:00,77,367,132,72,4.511,193.79999999999995,1,fit:04f01143c9c76334dc1f7df426f77ac3e8992091d4090e6b06142aee6f9de488:segment:004,4,4569.0,4459,activities/055_260110082743.csv,1,1,0,0
fit:04f01143c9c76334dc1f7df426f77ac3e8992091d4090e6b06142aee6f9de488,2026-01-10T08:43:53+00:00,78,358,132,71,4.459,194.79999999999995,1,fit:04f01143c9c76334dc1f7df426f77ac3e8992091d4090e6b06142aee6f9de488:segment:004,4,4570.0,4460,activities/055_260110082743.csv,1,1,0,0
fit:04f01143c9c76334dc1f7df426f77ac3e8992091d4090e6b06142aee6f9de488,2026-01-10T08:43:54+00:00,79,383,133,70,4.395,195.20000000000005,1,fit:04f01143c9c76334dc1f7df426f77ac3e8992091d4090e6b06142aee6f9de488:segment:004,4,4571.0,4461,activities/055_260110082743.csv,1,1,0,0
fit:04f01143c9c76334dc1f7df426f77ac3e8992091d4090e6b06142aee6f9de488,2026-01-10T08:43:55+00:00,80,380,134,68,4.15,195.20000000000005,1,fit:04f01143c9c76334dc1f7df426f77ac3e8992091d4090e6b06142aee6f9de488:segment:004,4,4572.0,4462,activities/055_260110082743.csv,1,1,0,0
fit:04f01143c9c76334dc1f7df426f77ac3e8992091d4090e6b06142aee6f9de488,2026-01-10T08:43:56+00:00,81,371,136,67,4.144,195.20000000000005,1,fit:04f01143c9c76334dc1f7df426f77ac3e8992091d4090e6b06142aee6f9de488:segment:004,4,4573.0,4463,activities/055_260110082743.csv,1,1,0,0
fit:04f01143c9c76334dc1f7df426f77ac3e8992091d4090e6b06142aee6f9de488,2026-01-10T08:43:57+00:00,82,351,138,64,4.004,196.20000000000005,1,fit:04f01143c9c76334dc1f7df426f77ac3e8992091d4090e6b06142aee6f9de488:segment:004,4,4574.0,4464,activities/055_260110082743.csv,1,1,0,0
fit:04f01143c9c76334dc1f7df426f77ac3e8992091d4090e6b06142aee6f9de488,2026-01-10T08:43:58+00:00,83,439,138,63,3.947,197.39999999999998,1,fit:04f01143c9c76334dc1f7df426f77ac3e8992091d4090e6b06142aee6f9de488:segment:004,4,4575.0,4465,activities/055_260110082743.csv,1,1,0,0
fit:04f01143c9c76334dc1f7df426f77ac3e8992091d4090e6b06142aee6f9de488,2026-01-10T08:43:59+00:00,84,335,139,62,3.948,197.39999999999998,1,fit:04f01143c9c76334dc1f7df426f77ac3e8992091d4090e6b06142aee6f9de488:segment:004,4,4576.0,4466,activities/055_260110082743.csv,1,1,0,0
fit:04f01143c9c76334dc1f7df426f77ac3e8992091d4090e6b06142aee6f9de488,2026-01-10T08:44:00+00:00,85,330,142,60,3.864,197.39999999999998,1,fit:04f01143c9c76334dc1f7df426f77ac3e8992091d4090e6b06142aee6f9de488:segment:004,4,4577.0,4467,activities/055_260110082743.csv,1,1,0,0
fit:04f01143c9c76334dc1f7df426f77ac3e8992091d4090e6b06142aee6f9de488,2026-01-10T08:44:01+00:00,86,330,144,60,3.775,197.39999999999998,1,fit:04f01143c9c76334dc1f7df426f77ac3e8992091d4090e6b06142aee6f9de488:segment:004,4,4578.0,4468,activities/055_260110082743.csv,1,1,0,0
fit:04f01143c9c76334dc1f7df426f77ac3e8992091d4090e6b06142aee6f9de488,2026-01-10T08:44:02+00:00,87,317,144,60,3.87,198.60000000000002,1,fit:04f01143c9c76334dc1f7df426f77ac3e8992091d4090e6b06142aee6f9de488:segment:004,4,4579.0,4469,activities/055_260110082743.csv,1,1,0,0
fit:04f01143c9c76334dc1f7df426f77ac3e8992091d4090e6b06142aee6f9de488,2026-01-10T08:44:03+00:00,88,328,146,60,3.782,198.60000000000002,1,fit:04f01143c9c76334dc1f7df426f77ac3e8992091d4090e6b06142aee6f9de488:segment:004,4,4580.0,4470,activities/055_260110082743.csv,1,1,0,0
fit:04f01143c9c76334dc1f7df426f77ac3e8992091d4090e6b06142aee6f9de488,2026-01-10T08:44:04+00:00,89,306,148,60,3.767,198.60000000000002,1,fit:04f01143c9c76334dc1f7df426f77ac3e8992091d4090e6b06142aee6f9de488:segment:004,4,4581.0,4471,activities/055_260110082743.csv,1,1,0,0
fit:04f01143c9c76334dc1f7df426f77ac3e8992091d4090e6b06142aee6f9de488,2026-01-10T08:44:05+00:00,90,307,150,60,3.746,199.60000000000002,1,fit:04f01143c9c76334dc1f7df426f77ac3e8992091d4090e6b06142aee6f9de488:segment:004,4,4582.0,4472,activities/055_260110082743.csv,1,1,0,0
fit:04f01143c9c76334dc1f7df426f77ac3e8992091d4090e6b06142aee6f9de488,2026-01-10T08:44:06+00:00,91,342,151,60,3.752,200.0,1,fit:04f01143c9c76334dc1f7df426f77ac3e8992091d4090e6b06142aee6f9de488:segment:004,4,4583.0,4473,activities/055_260110082743.csv,1,1,0,0
fit:04f01143c9c76334dc1f7df426f77ac3e8992091d4090e6b06142aee6f9de488,2026-01-10T08:44:07+00:00,92,317,153,60,3.747,200.0,1,fit:04f01143c9c76334dc1f7df426f77ac3e8992091d4090e6b06142aee6f9de488:segment:004,4,4584.0,4474,activities/055_260110082743.csv,1,1,0,0
fit:04f01143c9c76334dc1f7df426f77ac3e8992091d4090e6b06142aee6f9de488,2026-01-10T08:44:08+00:00,93,281,154,60,3.719,200.0,1,fit:04f01143c9c76334dc1f7df426f77ac3e8992091d4090e6b06142aee6f9de488:segment:004,4,4585.0,4475,activities/055_260110082743.csv,1,1,0,0
fit:04f01143c9c76334dc1f7df426f77ac3e8992091d4090e6b06142aee6f9de488,2026-01-10T08:44:09+00:00,94,253,156,61,3.753,201.0,1,fit:04f01143c9c76334dc1f7df426f77ac3e8992091d4090e6b06142aee6f9de488:segment:004,4,4586.0,4476,activities/055_260110082743.csv,1,1,0,0
fit:04f01143c9c76334dc1f7df426f77ac3e8992091d4090e6b06142aee6f9de488,2026-01-10T08:44:10+00:00,95,287,156,62,3.776,201.60000000000002,1,fit:04f01143c9c76334dc1f7df426f77ac3e8992091d4090e6b06142aee6f9de488:segment:004,4,4587.0,4477,activities/055_260110082743.csv,1,1,0,0
fit:04f01143c9c76334dc1f7df426f77ac3e8992091d4090e6b06142aee6f9de488,2026-01-10T08:44:11+00:00,96,288,157,62,3.833,201.60000000000002,1,fit:04f01143c9c76334dc1f7df426f77ac3e8992091d4090e6b06142aee6f9de488:segment:004,4,4588.0,4478,activities/055_260110082743.csv,1,1,0,0
fit:04f01143c9c76334dc1f7df426f77ac3e8992091d4090e6b06142aee6f9de488,2026-01-10T08:44:12+00:00,97,162,158,63,3.827,201.60000000000002,1,fit:04f01143c9c76334dc1f7df426f77ac3e8992091d4090e6b06142aee6f9de488:segment:004,4,4589.0,4479,activities/055_260110082743.csv,1,1,0,0
fit:04f01143c9c76334dc1f7df426f77ac3e8992091d4090e6b06142aee6f9de488,2026-01-10T08:44:13+00:00,98,160,158,62,3.976,202.20000000000005,1,fit:04f01143c9c76334dc1f7df426f77ac3e8992091d4090e6b06142aee6f9de488:segment:004,4,4590.0,4480,activities/055_260110082743.csv,1,1,0,0
fit:04f01143c9c76334dc1f7df426f77ac3e8992091d4090e6b06142aee6f9de488,2026-01-10T08:44:14+00:00,99,195,159,60,3.937,202.39999999999998,1,fit:04f01143c9c76334dc1f7df426f77ac3e8992091d4090e6b06142aee6f9de488:segment:004,4,4591.0,4481,activities/055_260110082743.csv,1,1,0,0
fit:04f01143c9c76334dc1f7df426f77ac3e8992091d4090e6b06142aee6f9de488,2026-01-10T08:44:15+00:00,100,162,159,60,3.895,202.39999999999998,1,fit:04f01143c9c76334dc1f7df426f77ac3e8992091d4090e6b06142aee6f9de488:segment:004,4,4592.0,4482,activities/055_260110082743.csv,1,1,0,0
fit:04f01143c9c76334dc1f7df426f77ac3e8992091d4090e6b06142aee6f9de488,2026-01-10T08:44:16+00:00,101,201,159,61,3.87,202.39999999999998,1,fit:04f01143c9c76334dc1f7df426f77ac3e8992091d4090e6b06142aee6f9de488:segment:004,4,4593.0,4483,activities/055_260110082743.csv,1,1,0,0
fit:04f01143c9c76334dc1f7df426f77ac3e8992091d4090e6b06142aee6f9de488,2026-01-10T08:44:17+00:00,102,176,159,63,3.846,202.39999999999998,1,fit:04f01143c9c76334dc1f7df426f77ac3e8992091d4090e6b06142aee6f9de488:segment:004,4,4594.0,4484,activities/055_260110082743.csv,1,1,0,0
fit:04f01143c9c76334dc1f7df426f77ac3e8992091d4090e6b06142aee6f9de488,2026-01-10T08:44:18+00:00,103,151,159,64,3.834,203.0,1,fit:04f01143c9c76334dc1f7df426f77ac3e8992091d4090e6b06142aee6f9de488:segment:004,4,4595.0,4485,activities/055_260110082743.csv,1,1,0,0
fit:04f01143c9c76334dc1f7df426f77ac3e8992091d4090e6b06142aee6f9de488,2026-01-10T08:44:19+00:00,104,138,159,65,3.877,203.0,1,fit:04f01143c9c76334dc1f7df426f77ac3e8992091d4090e6b06142aee6f9de488:segment:004,4,4596.0,4486,activities/055_260110082743.csv,1,1,0,0
fit:04f01143c9c76334dc1f7df426f77ac3e8992091d4090e6b06142aee6f9de488,2026-01-10T08:44:20+00:00,105,115,159,65,3.921,203.0,1,fit:04f01143c9c76334dc1f7df426f77ac3e8992091d4090e6b06142aee6f9de488:segment:004,4,4597.0,4487,activities/055_260110082743.csv,1,1,0,0
fit:04f01143c9c76334dc1f7df426f77ac3e8992091d4090e6b06142aee6f9de488,2026-01-10T08:44:21+00:00,106,114,158,65,3.969,203.0,1,fit:04f01143c9c76334dc1f7df426f77ac3e8992091d4090e6b06142aee6f9de488:segment:004,4,4598.0,4488,activities/055_260110082743.csv,1,1,0,0
fit:04f01143c9c76334dc1f7df426f77ac3e8992091d4090e6b06142aee6f9de488,2026-01-10T08:44:22+00:00,107,68,158,51,3.935,203.39999999999998,1,fit:04f01143c9c76334dc1f7df426f77ac3e8992091d4090e6b06142aee6f9de488:segment:004,4,4599.0,4489,activities/055_260110082743.csv,1,1,0,0
fit:04f01143c9c76334dc1f7df426f77ac3e8992091d4090e6b06142aee6f9de488,2026-01-10T08:44:23+00:00,108,35,157,23,3.806,203.39999999999998,1,fit:04f01143c9c76334dc1f7df426f77ac3e8992091d4090e6b06142aee6f9de488:segment:004,4,4600.0,4490,activities/055_260110082743.csv,1,1,0,0
fit:04f01143c9c76334dc1f7df426f77ac3e8992091d4090e6b06142aee6f9de488,2026-01-10T08:44:24+00:00,109,232,157,63,3.644,203.39999999999998,1,fit:04f01143c9c76334dc1f7df426f77ac3e8992091d4090e6b06142aee6f9de488:segment:004,4,4601.0,4491,activities/055_260110082743.csv,1,1,0,0
fit:04f01143c9c76334dc1f7df426f77ac3e8992091d4090e6b06142aee6f9de488,2026-01-10T08:44:25+00:00,110,232,157,63,3.81,203.39999999999998,1,fit:04f01143c9c76334dc1f7df426f77ac3e8992091d4090e6b06142aee6f9de488:segment:004,4,4602.0,4492,activities/055_260110082743.csv,1,1,0,0
fit:04f01143c9c76334dc1f7df426f77ac3e8992091d4090e6b06142aee6f9de488,2026-01-10T08:44:26+00:00,111,160,156,68,4.001,203.60000000000002,1,fit:04f01143c9c76334dc1f7df426f77ac3e8992091d4090e6b06142aee6f9de488:segment:004,4,4603.0,4493,activities/055_260110082743.csv,1,1,0,0
fit:04f01143c9c76334dc1f7df426f77ac3e8992091d4090e6b06142aee6f9de488,2026-01-10T08:44:27+00:00,112,135,156,75,4.258,203.60000000000002,1,fit:04f01143c9c76334dc1f7df426f77ac3e8992091d4090e6b06142aee6f9de488:segment:004,4,4604.0,4494,activities/055_260110082743.csv,1,1,0,0
fit:04f01143c9c76334dc1f7df426f77ac3e8992091d4090e6b06142aee6f9de488,2026-01-10T08:44:28+00:00,113,127,156,79,4.561,203.60000000000002,1,fit:04f01143c9c76334dc1f7df426f77ac3e8992091d4090e6b06142aee6f9de488:segment:004,4,4605.0,4495,activities/055_260110082743.csv,1,1,0,0
fit:04f01143c9c76334dc1f7df426f77ac3e8992091d4090e6b06142aee6f9de488,2026-01-10T08:44:29+00:00,114,136,155,81,4.781,203.0,1,fit:04f01143c9c76334dc1f7df426f77ac3e8992091d4090e6b06142aee6f9de488:segment:004,4,4606.0,4496,activities/055_260110082743.csv,1,1,0,0
fit:04f01143c9c76334dc1f7df426f77ac3e8992091d4090e6b06142aee6f9de488,2026-01-10T08:44:30+00:00,115,125,154,83,4.918,203.20000000000005,1,fit:04f01143c9c76334dc1f7df426f77ac3e8992091d4090e6b06142aee6f9de488:segment:004,4,4607.0,4497,activities/055_260110082743.csv,1,1,0,0
fit:04f01143c9c76334dc1f7df426f77ac3e8992091d4090e6b06142aee6f9de488,2026-01-10T08:44:31+00:00,116,198,154,86,5.145,203.20000000000005,1,fit:04f01143c9c76334dc1f7df426f77ac3e8992091d4090e6b06142aee6f9de488:segment:004,4,4608.0,4498,activities/055_260110082743.csv,1,1,0,0
fit:04f01143c9c76334dc1f7df426f77ac3e8992091d4090e6b06142aee6f9de488,2026-01-10T08:44:32+00:00,117,95,153,88,5.427,203.20000000000005,1,fit:04f01143c9c76334dc1f7df426f77ac3e8992091d4090e6b06142aee6f9de488:segment:004,4,4609.0,4499,activities/055_260110082743.csv,1,1,0,0
fit:04f01143c9c76334dc1f7df426f77ac3e8992091d4090e6b06142aee6f9de488,2026-01-10T08:44:33+00:00,118,114,153,85,5.564,203.20000000000005,1,fit:04f01143c9c76334dc1f7df426f77ac3e8992091d4090e6b06142aee6f9de488:segment:004,4,4610.0,4500,activities/055_260110082743.csv,1,1,0,0
fit:04f01143c9c76334dc1f7df426f77ac3e8992091d4090e6b06142aee6f9de488,2026-01-10T08:44:34+00:00,119,114,153,85,5.711,203.39999999999998,1,fit:04f01143c9c76334dc1f7df426f77ac3e8992091d4090e6b06142aee6f9de488:segment:004,4,4611.0,4501,activities/055_260110082743.csv,1,1,0,0
fit:04f01143c9c76334dc1f7df426f77ac3e8992091d4090e6b06142aee6f9de488,2026-01-10T08:44:35+00:00,120,79,153,86,5.842,203.39999999999998,1,fit:04f01143c9c76334dc1f7df426f77ac3e8992091d4090e6b06142aee6f9de488:segment:004,4,4612.0,4502,activities/055_260110082743.csv,1,1,0,0
fit:04f01143c9c76334dc1f7df426f77ac3e8992091d4090e6b06142aee6f9de488,2026-01-10T08:44:36+00:00,121,72,153,86,5.892,203.39999999999998,1,fit:04f01143c9c76334dc1f7df426f77ac3e8992091d4090e6b06142aee6f9de488:segment:004,4,4613.0,4503,activities/055_260110082743.csv,1,1,0,0
fit:04f01143c9c76334dc1f7df426f77ac3e8992091d4090e6b06142aee6f9de488,2026-01-10T08:44:37+00:00,122,72,152,87,6.088,203.39999999999998,1,fit:04f01143c9c76334dc1f7df426f77ac3e8992091d4090e6b06142aee6f9de488:segment:004,4,4614.0,4504,activities/055_260110082743.csv,1,1,0,0
fit:04f01143c9c76334dc1f7df426f77ac3e8992091d4090e6b06142aee6f9de488,2026-01-10T08:44:38+00:00,123,84,151,88,6.051,203.0,1,fit:04f01143c9c76334dc1f7df426f77ac3e8992091d4090e6b06142aee6f9de488:segment:004,4,4615.0,4505,activities/055_260110082743.csv,1,1,0,0
fit:04f01143c9c76334dc1f7df426f77ac3e8992091d4090e6b06142aee6f9de488,2026-01-10T08:44:39+00:00,124,73,151,88,6.071,203.0,1,fit:04f01143c9c76334dc1f7df426f77ac3e8992091d4090e6b06142aee6f9de488:segment:004,4,4616.0,4506,activities/055_260110082743.csv,1,1,0,0
fit:04f01143c9c76334dc1f7df426f77ac3e8992091d4090e6b06142aee6f9de488,2026-01-10T08:44:40+00:00,125,81,150,89,6.008,203.0,1,fit:04f01143c9c76334dc1f7df426f77ac3e8992091d4090e6b06142aee6f9de488:segment:004,4,4617.0,4507,activities/055_260110082743.csv,1,1,0,0
fit:04f01143c9c76334dc1f7df426f77ac3e8992091d4090e6b06142aee6f9de488,2026-01-10T08:44:41+00:00,126,78,149,89,6.071,202.79999999999995,1,fit:04f01143c9c76334dc1f7df426f77ac3e8992091d4090e6b06142aee6f9de488:segment:004,4,4618.0,4508,activities/055_260110082743.csv,1,1,0,0
fit:04f01143c9c76334dc1f7df426f77ac3e8992091d4090e6b06142aee6f9de488,2026-01-10T08:44:42+00:00,127,78,148,90,6.051,202.79999999999995,1,fit:04f01143c9c76334dc1f7df426f77ac3e8992091d4090e6b06142aee6f9de488:segment:004,4,4619.0,4509,activities/055_260110082743.csv,1,1,0,0
fit:04f01143c9c76334dc1f7df426f77ac3e8992091d4090e6b06142aee6f9de488,2026-01-10T08:44:43+00:00,128,83,147,90,6.094,202.79999999999995,1,fit:04f01143c9c76334dc1f7df426f77ac3e8992091d4090e6b06142aee6f9de488:segment:004,4,4620.0,4510,activities/055_260110082743.csv,1,1,0,0
fit:04f01143c9c76334dc1f7df426f77ac3e8992091d4090e6b06142aee6f9de488,2026-01-10T08:44:44+00:00,129,81,145,90,6.147,202.79999999999995,1,fit:04f01143c9c76334dc1f7df426f77ac3e8992091d4090e6b06142aee6f9de488:segment:004,4,4621.0,4511,activities/055_260110082743.csv,1,1,0,0
fit:04f01143c9c76334dc1f7df426f77ac3e8992091d4090e6b06142aee6f9de488,2026-01-10T08:44:45+00:00,130,137,145,91,6.238,202.39999999999998,1,fit:04f01143c9c76334dc1f7df426f77ac3e8992091d4090e6b06142aee6f9de488:segment:004,4,4622.0,4512,activities/055_260110082743.csv,1,1,0,0
fit:04f01143c9c76334dc1f7df426f77ac3e8992091d4090e6b06142aee6f9de488,2026-01-10T08:44:46+00:00,131,137,144,91,6.242,202.39999999999998,1,fit:04f01143c9c76334dc1f7df426f77ac3e8992091d4090e6b06142aee6f9de488:segment:004,4,4623.0,4513,activities/055_260110082743.csv,1,1,0,0
fit:04f01143c9c76334dc1f7df426f77ac3e8992091d4090e6b06142aee6f9de488,2026-01-10T08:44:47+00:00,132,156,142,91,6.298,202.39999999999998,1,fit:04f01143c9c76334dc1f7df426f77ac3e8992091d4090e6b06142aee6f9de488:segment:004,4,4624.0,4514,activities/055_260110082743.csv,1,1,0,0
fit:04f01143c9c76334dc1f7df426f77ac3e8992091d4090e6b06142aee6f9de488,2026-01-10T08:44:48+00:00,133,169,141,90,6.326,202.39999999999998,1,fit:04f01143c9c76334dc1f7df426f77ac3e8992091d4090e6b06142aee6f9de488:segment:004,4,4625.0,4515,activities/055_260110082743.csv,1,1,0,0
fit:04f01143c9c76334dc1f7df426f77ac3e8992091d4090e6b06142aee6f9de488,2026-01-10T08:44:49+00:00,134,192,139,88,6.249,203.20000000000005,1,fit:04f01143c9c76334dc1f7df426f77ac3e8992091d4090e6b06142aee6f9de488:segment:004,4,4626.0,4516,activities/055_260110082743.csv,1,1,0,0
fit:04f01143c9c76334dc1f7df426f77ac3e8992091d4090e6b06142aee6f9de488,2026-01-10T08:44:50+00:00,135,181,139,85,6.107,203.0,1,fit:04f01143c9c76334dc1f7df426f77ac3e8992091d4090e6b06142aee6f9de488:segment:004,4,4627.0,4517,activities/055_260110082743.csv,1,1,0,0
fit:04f01143c9c76334dc1f7df426f77ac3e8992091d4090e6b06142aee6f9de488,2026-01-10T08:44:51+00:00,136,207,138,85,6.053,203.0,1,fit:04f01143c9c76334dc1f7df426f77ac3e8992091d4090e6b06142aee6f9de488:segment:004,4,4628.0,4518,activities/055_260110082743.csv,1,1,0,0
fit:04f01143c9c76334dc1f7df426f77ac3e8992091d4090e6b06142aee6f9de488,2026-01-10T08:44:52+00:00,137,196,138,85,5.99,203.0,1,fit:04f01143c9c76334dc1f7df426f77ac3e8992091d4090e6b06142aee6f9de488:segment:004,4,4629.0,4519,activities/055_260110082743.csv,1,1,0,0
fit:04f01143c9c76334dc1f7df426f77ac3e8992091d4090e6b06142aee6f9de488,2026-01-10T08:44:53+00:00,138,198,137,86,5.921,203.0,1,fit:04f01143c9c76334dc1f7df426f77ac3e8992091d4090e6b06142aee6f9de488:segment:004,4,4630.0,4520,activities/055_260110082743.csv,1,1,0,0
fit:04f01143c9c76334dc1f7df426f77ac3e8992091d4090e6b06142aee6f9de488,2026-01-10T08:44:54+00:00,139,225,137,86,5.933,203.20000000000005,1,fit:04f01143c9c76334dc1f7df426f77ac3e8992091d4090e6b06142aee6f9de488:segment:004,4,4631.0,4521,activities/055_260110082743.csv,1,1,0,0
fit:04f01143c9c76334dc1f7df426f77ac3e8992091d4090e6b06142aee6f9de488,2026-01-10T08:44:55+00:00,140,225,137,85,5.957,203.20000000000005,1,fit:04f01143c9c76334dc1f7df426f77ac3e8992091d4090e6b06142aee6f9de488:segment:004,4,4632.0,4522,activities/055_260110082743.csv,1,1,0,0
fit:04f01143c9c76334dc1f7df426f77ac3e8992091d4090e6b06142aee6f9de488,2026-01-10T08:44:56+00:00,141,187,137,85,5.895,203.20000000000005,1,fit:04f01143c9c76334dc1f7df426f77ac3e8992091d4090e6b06142aee6f9de488:segment:004,4,4633.0,4523,activities/055_260110082743.csv,1,1,0,0
fit:04f01143c9c76334dc1f7df426f77ac3e8992091d4090e6b06142aee6f9de488,2026-01-10T08:44:57+00:00,142,195,136,84,5.866,203.60000000000002,1,fit:04f01143c9c76334dc1f7df426f77ac3e8992091d4090e6b06142aee6f9de488:segment:004,4,4634.0,4524,activities/055_260110082743.csv,1,1,0,0
fit:04f01143c9c76334dc1f7df426f77ac3e8992091d4090e6b06142aee6f9de488,2026-01-10T08:44:58+00:00,143,206,136,83,5.823,204.39999999999998,1,fit:04f01143c9c76334dc1f7df426f77ac3e8992091d4090e6b06142aee6f9de488:segment:004,4,4635.0,4525,activities/055_260110082743.csv,1,1,0,0
fit:04f01143c9c76334dc1f7df426f77ac3e8992091d4090e6b06142aee6f9de488,2026-01-10T08:44:59+00:00,144,266,136,83,5.771,204.39999999999998,1,fit:04f01143c9c76334dc1f7df426f77ac3e8992091d4090e6b06142aee6f9de488:segment:004,4,4636.0,4526,activities/055_260110082743.csv,1,1,0,0
fit:04f01143c9c76334dc1f7df426f77ac3e8992091d4090e6b06142aee6f9de488,2026-01-10T08:45:00+00:00,145,233,135,83,5.76,204.39999999999998,1,fit:04f01143c9c76334dc1f7df426f77ac3e8992091d4090e6b06142aee6f9de488:segment:004,4,4637.0,4527,activities/055_260110082743.csv,1,1,0,0
fit:04f01143c9c76334dc1f7df426f77ac3e8992091d4090e6b06142aee6f9de488,2026-01-10T08:45:01+00:00,146,143,135,83,5.74,204.39999999999998,1,fit:04f01143c9c76334dc1f7df426f77ac3e8992091d4090e6b06142aee6f9de488:segment:004,4,4638.0,4528,activities/055_260110082743.csv,1,1,0,0
fit:04f01143c9c76334dc1f7df426f77ac3e8992091d4090e6b06142aee6f9de488,2026-01-10T08:45:02+00:00,147,151,135,79,5.657,205.20000000000005,1,fit:04f01143c9c76334dc1f7df426f77ac3e8992091d4090e6b06142aee6f9de488:segment:004,4,4639.0,4529,activities/055_260110082743.csv,1,1,0,0
fit:04f01143c9c76334dc1f7df426f77ac3e8992091d4090e6b06142aee6f9de488,2026-01-10T08:45:03+00:00,148,183,135,77,5.48,205.20000000000005,1,fit:04f01143c9c76334dc1f7df426f77ac3e8992091d4090e6b06142aee6f9de488:segment:004,4,4640.0,4530,activities/055_260110082743.csv,1,1,0,0
fit:04f01143c9c76334dc1f7df426f77ac3e8992091d4090e6b06142aee6f9de488,2026-01-10T08:45:04+00:00,149,231,135,74,5.292,205.20000000000005,1,fit:04f01143c9c76334dc1f7df426f77ac3e8992091d4090e6b06142aee6f9de488:segment:004,4,4641.0,4531,activities/055_260110082743.csv,1,1,0,0
fit:04f01143c9c76334dc1f7df426f77ac3e8992091d4090e6b06142aee6f9de488,2026-01-10T08:45:05+00:00,150,268,136,74,5.188,205.60000000000002,1,fit:04f01143c9c76334dc1f7df426f77ac3e8992091d4090e6b06142aee6f9de488:segment:004,4,4642.0,4532,activities/055_260110082743.csv,1,1,0,0
fit:04f01143c9c76334dc1f7df426f77ac3e8992091d4090e6b06142aee6f9de488,2026-01-10T08:45:06+00:00,151,274,136,74,5.167,205.79999999999995,1,fit:04f01143c9c76334dc1f7df426f77ac3e8992091d4090e6b06142aee6f9de488:segment:004,4,4643.0,4533,activities/055_260110082743.csv,1,1,0,0
fit:04f01143c9c76334dc1f7df426f77ac3e8992091d4090e6b06142aee6f9de488,2026-01-10T08:45:07+00:00,152,285,136,72,5.038,205.79999999999995,1,fit:04f01143c9c76334dc1f7df426f77ac3e8992091d4090e6b06142aee6f9de488:segment:004,4,4644.0,4534,activities/055_260110082743.csv,1,1,0,0
fit:04f01143c9c76334dc1f7df426f77ac3e8992091d4090e6b06142aee6f9de488,2026-01-10T08:45:08+00:00,153,308,136,71,5.021,205.79999999999995,1,fit:04f01143c9c76334dc1f7df426f77ac3e8992091d4090e6b06142aee6f9de488:segment:004,4,4645.0,4535,activities/055_260110082743.csv,1,1,0,0
fit:04f01143c9c76334dc1f7df426f77ac3e8992091d4090e6b06142aee6f9de488,2026-01-10T08:45:09+00:00,154,323,136,72,4.983,206.79999999999995,1,fit:04f01143c9c76334dc1f7df426f77ac3e8992091d4090e6b06142aee6f9de488:segment:004,4,4646.0,4536,activities/055_260110082743.csv,1,1,0,0
fit:04f01143c9c76334dc1f7df426f77ac3e8992091d4090e6b06142aee6f9de488,2026-01-10T08:45:10+00:00,155,296,136,73,5.065,207.20000000000005,1,fit:04f01143c9c76334dc1f7df426f77ac3e8992091d4090e6b06142aee6f9de488:segment:004,4,4647.0,4537,activities/055_260110082743.csv,1,1,0,0
fit:04f01143c9c76334dc1f7df426f77ac3e8992091d4090e6b06142aee6f9de488,2026-01-10T08:45:11+00:00,156,282,136,74,5.086,207.20000000000005,1,fit:04f01143c9c76334dc1f7df426f77ac3e8992091d4090e6b06142aee6f9de488:segment:004,4,4648.0,4538,activities/055_260110082743.csv,1,1,0,0
fit:04f01143c9c76334dc1f7df426f77ac3e8992091d4090e6b06142aee6f9de488,2026-01-10T08:45:12+00:00,157,282,137,74,5.146,207.20000000000005,1,fit:04f01143c9c76334dc1f7df426f77ac3e8992091d4090e6b06142aee6f9de488:segment:004,4,4649.0,4539,activities/055_260110082743.csv,1,1,0,0
fit:04f01143c9c76334dc1f7df426f77ac3e8992091d4090e6b06142aee6f9de488,2026-01-10T08:45:13+00:00,158,231,137,74,5.167,207.20000000000005,1,fit:04f01143c9c76334dc1f7df426f77ac3e8992091d4090e6b06142aee6f9de488:segment:004,4,4650.0,4540,activities/055_260110082743.csv,1,1,0,0
fit:04f01143c9c76334dc1f7df426f77ac3e8992091d4090e6b06142aee6f9de488,2026-01-10T08:45:14+00:00,159,235,138,73,5.062,208.60000000000002,1,fit:04f01143c9c76334dc1f7df426f77ac3e8992091d4090e6b06142aee6f9de488:segment:004,4,4651.0,4541,activities/055_260110082743.csv,1,1,0,0
fit:04f01143c9c76334dc1f7df426f77ac3e8992091d4090e6b06142aee6f9de488,2026-01-10T08:45:15+00:00,160,194,138,72,5.038,208.60000000000002,1,fit:04f01143c9c76334dc1f7df426f77ac3e8992091d4090e6b06142aee6f9de488:segment:004,4,4652.0,4542,activities/055_260110082743.csv,1,1,0,0
fit:04f01143c9c76334dc1f7df426f77ac3e8992091d4090e6b06142aee6f9de488,2026-01-10T08:45:16+00:00,161,262,139,72,4.93,208.60000000000002,1,fit:04f01143c9c76334dc1f7df426f77ac3e8992091d4090e6b06142aee6f9de488:segment:004,4,4653.0,4543,activities/055_260110082743.csv,1,1,0,0
fit:04f01143c9c76334dc1f7df426f77ac3e8992091d4090e6b06142aee6f9de488,2026-01-10T08:45:17+00:00,162,187,140,73,4.988,208.60000000000002,1,fit:04f01143c9c76334dc1f7df426f77ac3e8992091d4090e6b06142aee6f9de488:segment:004,4,4654.0,4544,activities/055_260110082743.csv,1,1,0,0
fit:04f01143c9c76334dc1f7df426f77ac3e8992091d4090e6b06142aee6f9de488,2026-01-10T08:45:18+00:00,163,156,140,73,5.015,209.0,1,fit:04f01143c9c76334dc1f7df426f77ac3e8992091d4090e6b06142aee6f9de488:segment:004,4,4655.0,4545,activities/055_260110082743.csv,1,1,0,0
fit:04f01143c9c76334dc1f7df426f77ac3e8992091d4090e6b06142aee6f9de488,2026-01-10T08:45:19+00:00,164,180,140,74,5.109,209.0,1,fit:04f01143c9c76334dc1f7df426f77ac3e8992091d4090e6b06142aee6f9de488:segment:004,4,4656.0,4546,activities/055_260110082743.csv,1,1,0,0
fit:04f01143c9c76334dc1f7df426f77ac3e8992091d4090e6b06142aee6f9de488,2026-01-10T08:45:20+00:00,165,187,139,75,5.122,209.0,1,fit:04f01143c9c76334dc1f7df426f77ac3e8992091d4090e6b06142aee6f9de488:segment:004,4,4657.0,4547,activities/055_260110082743.csv,1,1,0,0
fit:04f01143c9c76334dc1f7df426f77ac3e8992091d4090e6b06142aee6f9de488,2026-01-10T08:45:21+00:00,166,193,139,77,5.211,209.0,1,fit:04f01143c9c76334dc1f7df426f77ac3e8992091d4090e6b06142aee6f9de488:segment:004,4,4658.0,4548,activities/055_260110082743.csv,1,1,0,0
fit:04f01143c9c76334dc1f7df426f77ac3e8992091d4090e6b06142aee6f9de488,2026-01-10T08:45:22+00:00,167,180,139,78,5.306,209.39999999999998,1,fit:04f01143c9c76334dc1f7df426f77ac3e8992091d4090e6b06142aee6f9de488:segment:004,4,4659.0,4549,activities/055_260110082743.csv,1,1,0,0
fit:04f01143c9c76334dc1f7df426f77ac3e8992091d4090e6b06142aee6f9de488,2026-01-10T08:45:23+00:00,168,173,138,80,5.4,209.39999999999998,1,fit:04f01143c9c76334dc1f7df426f77ac3e8992091d4090e6b06142aee6f9de488:segment:004,4,4660.0,4550,activities/055_260110082743.csv,1,1,0,0
fit:04f01143c9c76334dc1f7df426f77ac3e8992091d4090e6b06142aee6f9de488,2026-01-10T08:45:24+00:00,169,129,138,83,5.517,209.39999999999998,1,fit:04f01143c9c76334dc1f7df426f77ac3e8992091d4090e6b06142aee6f9de488:segment:004,4,4661.0,4551,activities/055_260110082743.csv,1,1,0,0
fit:04f01143c9c76334dc1f7df426f77ac3e8992091d4090e6b06142aee6f9de488,2026-01-10T08:45:25+00:00,170,89,138,83,5.576,209.39999999999998,1,fit:04f01143c9c76334dc1f7df426f77ac3e8992091d4090e6b06142aee6f9de488:segment:004,4,4662.0,4552,activities/055_260110082743.csv,1,1,0,0
fit:04f01143c9c76334dc1f7df426f77ac3e8992091d4090e6b06142aee6f9de488,2026-01-10T08:45:26+00:00,171,101,139,83,5.727,209.39999999999998,1,fit:04f01143c9c76334dc1f7df426f77ac3e8992091d4090e6b06142aee6f9de488:segment:004,4,4663.0,4553,activities/055_260110082743.csv,1,1,0,0
fit:04f01143c9c76334dc1f7df426f77ac3e8992091d4090e6b06142aee6f9de488,2026-01-10T08:45:27+00:00,172,102,139,83,5.743,209.39999999999998,1,fit:04f01143c9c76334dc1f7df426f77ac3e8992091d4090e6b06142aee6f9de488:segment:004,4,4664.0,4554,activities/055_260110082743.csv,1,1,0,0
fit:04f01143c9c76334dc1f7df426f77ac3e8992091d4090e6b06142aee6f9de488,2026-01-10T08:45:28+00:00,173,127,139,84,5.7,209.39999999999998,1,fit:04f01143c9c76334dc1f7df426f77ac3e8992091d4090e6b06142aee6f9de488:segment:004,4,4665.0,4555,activities/055_260110082743.csv,1,1,0,0
fit:04f01143c9c76334dc1f7df426f77ac3e8992091d4090e6b06142aee6f9de488,2026-01-10T08:45:29+00:00,174,192,139,85,5.745,209.39999999999998,1,fit:04f01143c9c76334dc1f7df426f77ac3e8992091d4090e6b06142aee6f9de488:segment:004,4,4666.0,4556,activities/055_260110082743.csv,1,1,0,0
fit:04f01143c9c76334dc1f7df426f77ac3e8992091d4090e6b06142aee6f9de488,2026-01-10T08:45:30+00:00,175,114,139,85,5.745,209.39999999999998,1,fit:04f01143c9c76334dc1f7df426f77ac3e8992091d4090e6b06142aee6f9de488:segment:004,4,4667.0,4557,activities/055_260110082743.csv,1,1,0,0
fit:04f01143c9c76334dc1f7df426f77ac3e8992091d4090e6b06142aee6f9de488,2026-01-10T08:45:31+00:00,176,115,139,85,5.859,208.79999999999995,1,fit:04f01143c9c76334dc1f7df426f77ac3e8992091d4090e6b06142aee6f9de488:segment:004,4,4668.0,4558,activities/055_260110082743.csv,1,1,0,0
fit:04f01143c9c76334dc1f7df426f77ac3e8992091d4090e6b06142aee6f9de488,2026-01-10T08:45:32+00:00,177,120,140,86,5.875,208.79999999999995,1,fit:04f01143c9c76334dc1f7df426f77ac3e8992091d4090e6b06142aee6f9de488:segment:004,4,4669.0,4559,activities/055_260110082743.csv,1,1,0,0
fit:04f01143c9c76334dc1f7df426f77ac3e8992091d4090e6b06142aee6f9de488,2026-01-10T08:45:33+00:00,178,147,140,87,5.99,208.79999999999995,1,fit:04f01143c9c76334dc1f7df426f77ac3e8992091d4090e6b06142aee6f9de488:segment:004,4,4670.0,4560,activities/055_260110082743.csv,1,1,0,0
fit:04f01143c9c76334dc1f7df426f77ac3e8992091d4090e6b06142aee6f9de488,2026-01-10T08:45:34+00:00,179,132,140,87,6.053,209.0,1,fit:04f01143c9c76334dc1f7df426f77ac3e8992091d4090e6b06142aee6f9de488:segment:004,4,4671.0,4561,activities/055_260110082743.csv,1,1,0,0
fit:04f01143c9c76334dc1f7df426f77ac3e8992091d4090e6b06142aee6f9de488,2026-01-10T08:45:35+00:00,180,145,140,87,6.053,209.20000000000005,1,fit:04f01143c9c76334dc1f7df426f77ac3e8992091d4090e6b06142aee6f9de488:segment:004,4,4672.0,4562,activities/055_260110082743.csv,1,1,0,0
fit:04f01143c9c76334dc1f7df426f77ac3e8992091d4090e6b06142aee6f9de488,2026-01-10T08:45:36+00:00,181,146,140,87,6.126,209.20000000000005,1,fit:04f01143c9c76334dc1f7df426f77ac3e8992091d4090e6b06142aee6f9de488:segment:004,4,4673.0,4563,activities/055_260110082743.csv,1,1,0,0
fit:04f01143c9c76334dc1f7df426f77ac3e8992091d4090e6b06142aee6f9de488,2026-01-10T08:45:37+00:00,182,104,140,86,6.014,209.20000000000005,1,fit:04f01143c9c76334dc1f7df426f77ac3e8992091d4090e6b06142aee6f9de488:segment:004,4,4674.0,4564,activities/055_260110082743.csv,1,1,0,0
fit:04f01143c9c76334dc1f7df426f77ac3e8992091d4090e6b06142aee6f9de488,2026-01-10T08:45:38+00:00,183,120,140,85,5.903,209.20000000000005,1,fit:04f01143c9c76334dc1f7df426f77ac3e8992091d4090e6b06142aee6f9de488:segment:004,4,4675.0,4565,activities/055_260110082743.csv,1,1,0,0
fit:04f01143c9c76334dc1f7df426f77ac3e8992091d4090e6b06142aee6f9de488,2026-01-10T08:45:39+00:00,184,169,139,86,5.739,209.39999999999998,1,fit:04f01143c9c76334dc1f7df426f77ac3e8992091d4090e6b06142aee6f9de488:segment:004,4,4676.0,4566,activities/055_260110082743.csv,1,1,0,0
fit:04f01143c9c76334dc1f7df426f77ac3e8992091d4090e6b06142aee6f9de488,2026-01-10T08:45:40+00:00,185,173,137,87,5.727,209.39999999999998,1,fit:04f01143c9c76334dc1f7df426f77ac3e8992091d4090e6b06142aee6f9de488:segment:004,4,4677.0,4567,activities/055_260110082743.csv,1,1,0,0
fit:04f01143c9c76334dc1f7df426f77ac3e8992091d4090e6b06142aee6f9de488,2026-01-10T08:45:41+00:00,186,149,137,87,5.76,209.39999999999998,1,fit:04f01143c9c76334dc1f7df426f77ac3e8992091d4090e6b06142aee6f9de488:segment:004,4,4678.0,4568,activities/055_260110082743.csv,1,1,0,0
fit:04f01143c9c76334dc1f7df426f77ac3e8992091d4090e6b06142aee6f9de488,2026-01-10T08:45:42+00:00,187,184,136,88,5.868,209.60000000000002,1,fit:04f01143c9c76334dc1f7df426f77ac3e8992091d4090e6b06142aee6f9de488:segment:004,4,4679.0,4569,activities/055_260110082743.csv,1,1,0,0
fit:04f01143c9c76334dc1f7df426f77ac3e8992091d4090e6b06142aee6f9de488,2026-01-10T08:45:43+00:00,188,208,136,78,5.992,209.79999999999995,1,fit:04f01143c9c76334dc1f7df426f77ac3e8992091d4090e6b06142aee6f9de488:segment:004,4,4680.0,4570,activities/055_260110082743.csv,1,1,0,0
fit:04f01143c9c76334dc1f7df426f77ac3e8992091d4090e6b06142aee6f9de488,2026-01-10T08:45:44+00:00,189,157,135,79,6.052,209.79999999999995,1,fit:04f01143c9c76334dc1f7df426f77ac3e8992091d4090e6b06142aee6f9de488:segment:004,4,4681.0,4571,activities/055_260110082743.csv,1,1,0,0
fit:04f01143c9c76334dc1f7df426f77ac3e8992091d4090e6b06142aee6f9de488,2026-01-10T08:45:45+00:00,190,178,135,79,6.035,209.79999999999995,1,fit:04f01143c9c76334dc1f7df426f77ac3e8992091d4090e6b06142aee6f9de488:segment:004,4,4682.0,4572,activities/055_260110082743.csv,1,1,0,0
fit:04f01143c9c76334dc1f7df426f77ac3e8992091d4090e6b06142aee6f9de488,2026-01-10T08:45:46+00:00,191,94,135,79,6.082,209.79999999999995,1,fit:04f01143c9c76334dc1f7df426f77ac3e8992091d4090e6b06142aee6f9de488:segment:004,4,4683.0,4573,activities/055_260110082743.csv,1,1,0,0
fit:04f01143c9c76334dc1f7df426f77ac3e8992091d4090e6b06142aee6f9de488,2026-01-10T08:45:47+00:00,192,94,135,79,6.065,210.0,1,fit:04f01143c9c76334dc1f7df426f77ac3e8992091d4090e6b06142aee6f9de488:segment:004,4,4684.0,4574,activities/055_260110082743.csv,1,1,0,0
fit:04f01143c9c76334dc1f7df426f77ac3e8992091d4090e6b06142aee6f9de488,2026-01-10T08:45:48+00:00,193,80,134,78,6.003,210.0,1,fit:04f01143c9c76334dc1f7df426f77ac3e8992091d4090e6b06142aee6f9de488:segment:004,4,4685.0,4575,activities/055_260110082743.csv,1,1,0,0
fit:04f01143c9c76334dc1f7df426f77ac3e8992091d4090e6b06142aee6f9de488,2026-01-10T08:45:49+00:00,194,80,134,78,5.864,210.0,1,fit:04f01143c9c76334dc1f7df426f77ac3e8992091d4090e6b06142aee6f9de488:segment:004,4,4686.0,4576,activities/055_260110082743.csv,1,1,0,0
fit:04f01143c9c76334dc1f7df426f77ac3e8992091d4090e6b06142aee6f9de488,2026-01-10T08:45:50+00:00,195,80,133,78,5.7,210.0,1,fit:04f01143c9c76334dc1f7df426f77ac3e8992091d4090e6b06142aee6f9de488:segment:004,4,4687.0,4577,activities/055_260110082743.csv,1,1,0,0
fit:04f01143c9c76334dc1f7df426f77ac3e8992091d4090e6b06142aee6f9de488,2026-01-10T08:45:51+00:00,196,21,133,0,5.505,210.79999999999995,1,fit:04f01143c9c76334dc1f7df426f77ac3e8992091d4090e6b06142aee6f9de488:segment:004,4,4688.0,4578,activities/055_260110082743.csv,1,1,0,0
fit:04f01143c9c76334dc1f7df426f77ac3e8992091d4090e6b06142aee6f9de488,2026-01-10T08:45:52+00:00,197,258,131,71,5.455,210.79999999999995,1,fit:04f01143c9c76334dc1f7df426f77ac3e8992091d4090e6b06142aee6f9de488:segment:004,4,4689.0,4579,activities/055_260110082743.csv,1,1,0,0
fit:04f01143c9c76334dc1f7df426f77ac3e8992091d4090e6b06142aee6f9de488,2026-01-10T08:45:53+00:00,198,121,131,75,5.652,210.79999999999995,1,fit:04f01143c9c76334dc1f7df426f77ac3e8992091d4090e6b06142aee6f9de488:segment:004,4,4690.0,4580,activities/055_260110082743.csv,1,1,0,0
fit:04f01143c9c76334dc1f7df426f77ac3e8992091d4090e6b06142aee6f9de488,2026-01-10T08:45:54+00:00,199,111,130,76,5.81,210.0,1,fit:04f01143c9c76334dc1f7df426f77ac3e8992091d4090e6b06142aee6f9de488:segment:004,4,4691.0,4581,activities/055_260110082743.csv,1,1,0,0
fit:04f01143c9c76334dc1f7df426f77ac3e8992091d4090e6b06142aee6f9de488,2026-01-10T08:45:55+00:00,200,102,129,76,5.936,210.0,1,fit:04f01143c9c76334dc1f7df426f77ac3e8992091d4090e6b06142aee6f9de488:segment:004,4,4692.0,4582,activities/055_260110082743.csv,1,1,0,0
fit:04f01143c9c76334dc1f7df426f77ac3e8992091d4090e6b06142aee6f9de488,2026-01-10T08:45:56+00:00,201,102,129,76,5.971,210.0,1,fit:04f01143c9c76334dc1f7df426f77ac3e8992091d4090e6b06142aee6f9de488:segment:004,4,4693.0,4583,activities/055_260110082743.csv,1,1,0,0
fit:04f01143c9c76334dc1f7df426f77ac3e8992091d4090e6b06142aee6f9de488,2026-01-10T08:45:57+00:00,202,102,129,76,5.972,210.0,1,fit:04f01143c9c76334dc1f7df426f77ac3e8992091d4090e6b06142aee6f9de488:segment:004,4,4694.0,4584,activities/055_260110082743.csv,1,1,0,0
fit:04f01143c9c76334dc1f7df426f77ac3e8992091d4090e6b06142aee6f9de488,2026-01-10T08:45:58+00:00,203,94,129,73,6.095,210.0,1,fit:04f01143c9c76334dc1f7df426f77ac3e8992091d4090e6b06142aee6f9de488:segment:004,4,4695.0,4585,activities/055_260110082743.csv,1,1,0,0
fit:04f01143c9c76334dc1f7df426f77ac3e8992091d4090e6b06142aee6f9de488,2026-01-10T08:45:59+00:00,204,0,128,0,6.147,209.39999999999998,1,fit:04f01143c9c76334dc1f7df426f77ac3e8992091d4090e6b06142aee6f9de488:segment:004,4,4696.0,4586,activities/055_260110082743.csv,1,1,0,0
fit:04f01143c9c76334dc1f7df426f77ac3e8992091d4090e6b06142aee6f9de488,2026-01-10T08:46:00+00:00,205,0,128,0,6.263,209.39999999999998,1,fit:04f01143c9c76334dc1f7df426f77ac3e8992091d4090e6b06142aee6f9de488:segment:004,4,4697.0,4587,activities/055_260110082743.csv,1,1,0,0
fit:04f01143c9c76334dc1f7df426f77ac3e8992091d4090e6b06142aee6f9de488,2026-01-10T08:46:01+00:00,206,76,126,83,6.34,209.39999999999998,1,fit:04f01143c9c76334dc1f7df426f77ac3e8992091d4090e6b06142aee6f9de488:segment:004,4,4698.0,4588,activities/055_260110082743.csv,1,1,0,0
fit:04f01143c9c76334dc1f7df426f77ac3e8992091d4090e6b06142aee6f9de488,2026-01-10T08:46:02+00:00,207,76,124,83,6.535,208.39999999999998,1,fit:04f01143c9c76334dc1f7df426f77ac3e8992091d4090e6b06142aee6f9de488:segment:004,4,4699.0,4589,activities/055_260110082743.csv,1,1,0,0
fit:04f01143c9c76334dc1f7df426f77ac3e8992091d4090e6b06142aee6f9de488,2026-01-10T08:46:03+00:00,208,76,124,83,6.713,208.60000000000002,1,fit:04f01143c9c76334dc1f7df426f77ac3e8992091d4090e6b06142aee6f9de488:segment:004,4,4700.0,4590,activities/055_260110082743.csv,1,1,0,0
fit:04f01143c9c76334dc1f7df426f77ac3e8992091d4090e6b06142aee6f9de488,2026-01-10T08:46:04+00:00,209,70,123,79,6.878,208.60000000000002,1,fit:04f01143c9c76334dc1f7df426f77ac3e8992091d4090e6b06142aee6f9de488:segment:004,4,4701.0,4591,activities/055_260110082743.csv,1,1,0,0
fit:04f01143c9c76334dc1f7df426f77ac3e8992091d4090e6b06142aee6f9de488,2026-01-10T08:46:05+00:00,210,0,121,0,6.926,208.60000000000002,1,fit:04f01143c9c76334dc1f7df426f77ac3e8992091d4090e6b06142aee6f9de488:segment:004,4,4702.0,4592,activities/055_260110082743.csv,1,1,0,0
fit:04f01143c9c76334dc1f7df426f77ac3e8992091d4090e6b06142aee6f9de488,2026-01-10T08:46:06+00:00,211,0,120,0,6.989,208.0,1,fit:04f01143c9c76334dc1f7df426f77ac3e8992091d4090e6b06142aee6f9de488:segment:004,4,4703.0,4593,activities/055_260110082743.csv,1,1,0,0
fit:04f01143c9c76334dc1f7df426f77ac3e8992091d4090e6b06142aee6f9de488,2026-01-10T08:46:07+00:00,212,0,120,0,7.04,208.0,1,fit:04f01143c9c76334dc1f7df426f77ac3e8992091d4090e6b06142aee6f9de488:segment:004,4,4704.0,4594,activities/055_260110082743.csv,1,1,0,0
fit:04f01143c9c76334dc1f7df426f77ac3e8992091d4090e6b06142aee6f9de488,2026-01-10T08:46:08+00:00,213,0,119,0,7.004,208.0,1,fit:04f01143c9c76334dc1f7df426f77ac3e8992091d4090e6b06142aee6f9de488:segment:004,4,4705.0,4595,activities/055_260110082743.csv,1,1,0,0
fit:04f01143c9c76334dc1f7df426f77ac3e8992091d4090e6b06142aee6f9de488,2026-01-10T08:46:09+00:00,214,0,119,0,6.893,208.0,1,fit:04f01143c9c76334dc1f7df426f77ac3e8992091d4090e6b06142aee6f9de488:segment:004,4,4706.0,4596,activities/055_260110082743.csv,1,1,0,0
fit:04f01143c9c76334dc1f7df426f77ac3e8992091d4090e6b06142aee6f9de488,2026-01-10T08:46:10+00:00,215,0,119,0,6.741,207.60000000000002,1,fit:04f01143c9c76334dc1f7df426f77ac3e8992091d4090e6b06142aee6f9de488:segment:004,4,4707.0,4597,activities/055_260110082743.csv,1,1,0,0
fit:04f01143c9c76334dc1f7df426f77ac3e8992091d4090e6b06142aee6f9de488,2026-01-10T08:46:11+00:00,216,0,118,0,6.641,207.79999999999995,1,fit:04f01143c9c76334dc1f7df426f77ac3e8992091d4090e6b06142aee6f9de488:segment:004,4,4708.0,4598,activities/055_260110082743.csv,1,1,0,0
fit:04f01143c9c76334dc1f7df426f77ac3e8992091d4090e6b06142aee6f9de488,2026-01-10T08:46:12+00:00,217,72,117,59,6.493,207.79999999999995,1,fit:04f01143c9c76334dc1f7df426f77ac3e8992091d4090e6b06142aee6f9de488:segment:004,4,4709.0,4599,activities/055_260110082743.csv,1,1,0,0
fit:04f01143c9c76334dc1f7df426f77ac3e8992091d4090e6b06142aee6f9de488,2026-01-10T08:46:13+00:00,218,312,114,83,6.482,207.79999999999995,1,fit:04f01143c9c76334dc1f7df426f77ac3e8992091d4090e6b06142aee6f9de488:segment:004,4,4710.0,4600,activities/055_260110082743.csv,1,1,0,0
fit:04f01143c9c76334dc1f7df426f77ac3e8992091d4090e6b06142aee6f9de488,2026-01-10T08:46:14+00:00,219,160,112,85,6.633,207.79999999999995,1,fit:04f01143c9c76334dc1f7df426f77ac3e8992091d4090e6b06142aee6f9de488:segment:004,4,4711.0,4601,activities/055_260110082743.csv,1,1,0,0
fit:04f01143c9c76334dc1f7df426f77ac3e8992091d4090e6b06142aee6f9de488,2026-01-10T08:46:15+00:00,220,160,111,85,6.739,207.60000000000002,1,fit:04f01143c9c76334dc1f7df426f77ac3e8992091d4090e6b06142aee6f9de488:segment:004,4,4712.0,4602,activities/055_260110082743.csv,1,1,0,0
fit:04f01143c9c76334dc1f7df426f77ac3e8992091d4090e6b06142aee6f9de488,2026-01-10T08:46:16+00:00,221,90,110,87,6.77,207.60000000000002,1,fit:04f01143c9c76334dc1f7df426f77ac3e8992091d4090e6b06142aee6f9de488:segment:004,4,4713.0,4603,activities/055_260110082743.csv,1,1,0,0
fit:04f01143c9c76334dc1f7df426f77ac3e8992091d4090e6b06142aee6f9de488,2026-01-10T08:46:17+00:00,222,74,110,87,6.748,207.60000000000002,1,fit:04f01143c9c76334dc1f7df426f77ac3e8992091d4090e6b06142aee6f9de488:segment:004,4,4714.0,4604,activities/055_260110082743.csv,1,1,0,0
fit:04f01143c9c76334dc1f7df426f77ac3e8992091d4090e6b06142aee6f9de488,2026-01-10T08:46:18+00:00,223,154,110,87,6.681,207.60000000000002,1,fit:04f01143c9c76334dc1f7df426f77ac3e8992091d4090e6b06142aee6f9de488:segment:004,4,4715.0,4605,activities/055_260110082743.csv,1,1,0,0
fit:04f01143c9c76334dc1f7df426f77ac3e8992091d4090e6b06142aee6f9de488,2026-01-10T08:46:19+00:00,224,151,110,87,6.681,208.20000000000005,1,fit:04f01143c9c76334dc1f7df426f77ac3e8992091d4090e6b06142aee6f9de488:segment:004,4,4716.0,4606,activities/055_260110082743.csv,1,1,0,0
fit:04f01143c9c76334dc1f7df426f77ac3e8992091d4090e6b06142aee6f9de488,2026-01-10T08:46:20+00:00,225,163,112,87,6.662,208.20000000000005,1,fit:04f01143c9c76334dc1f7df426f77ac3e8992091d4090e6b06142aee6f9de488:segment:004,4,4717.0,4607,activities/055_260110082743.csv,1,1,0,0
fit:04f01143c9c76334dc1f7df426f77ac3e8992091d4090e6b06142aee6f9de488,2026-01-10T08:46:21+00:00,226,120,112,87,6.717,208.20000000000005,1,fit:04f01143c9c76334dc1f7df426f77ac3e8992091d4090e6b06142aee6f9de488:segment:004,4,4718.0,4608,activities/055_260110082743.csv,1,1,0,0
fit:04f01143c9c76334dc1f7df426f77ac3e8992091d4090e6b06142aee6f9de488,2026-01-10T08:46:22+00:00,227,130,112,86,6.713,208.20000000000005,1,fit:04f01143c9c76334dc1f7df426f77ac3e8992091d4090e6b06142aee6f9de488:segment:004,4,4719.0,4609,activities/055_260110082743.csv,1,1,0,0
fit:04f01143c9c76334dc1f7df426f77ac3e8992091d4090e6b06142aee6f9de488,2026-01-10T08:46:23+00:00,228,198,112,87,6.727,208.39999999999998,1,fit:04f01143c9c76334dc1f7df426f77ac3e8992091d4090e6b06142aee6f9de488:segment:004,4,4720.0,4610,activities/055_260110082743.csv,1,1,0,0
fit:04f01143c9c76334dc1f7df426f77ac3e8992091d4090e6b06142aee6f9de488,2026-01-10T08:46:24+00:00,229,155,111,88,6.807,208.39999999999998,1,fit:04f01143c9c76334dc1f7df426f77ac3e8992091d4090e6b06142aee6f9de488:segment:004,4,4721.0,4611,activities/055_260110082743.csv,1,1,0,0
fit:04f01143c9c76334dc1f7df426f77ac3e8992091d4090e6b06142aee6f9de488,2026-01-10T08:46:25+00:00,230,128,110,88,6.914,208.39999999999998,1,fit:04f01143c9c76334dc1f7df426f77ac3e8992091d4090e6b06142aee6f9de488:segment:004,4,4722.0,4612,activities/055_260110082743.csv,1,1,0,0
fit:04f01143c9c76334dc1f7df426f77ac3e8992091d4090e6b06142aee6f9de488,2026-01-10T08:46:26+00:00,231,88,110,88,6.942,208.20000000000005,1,fit:04f01143c9c76334dc1f7df426f77ac3e8992091d4090e6b06142aee6f9de488:segment:004,4,4723.0,4613,activities/055_260110082743.csv,1,1,0,0
fit:04f01143c9c76334dc1f7df426f77ac3e8992091d4090e6b06142aee6f9de488,2026-01-10T08:46:27+00:00,232,86,110,77,6.879,207.79999999999995,1,fit:04f01143c9c76334dc1f7df426f77ac3e8992091d4090e6b06142aee6f9de488:segment:004,4,4724.0,4614,activities/055_260110082743.csv,1,1,0,0
fit:04f01143c9c76334dc1f7df426f77ac3e8992091d4090e6b06142aee6f9de488,2026-01-10T08:46:28+00:00,233,95,111,77,6.818,207.79999999999995,1,fit:04f01143c9c76334dc1f7df426f77ac3e8992091d4090e6b06142aee6f9de488:segment:004,4,4725.0,4615,activities/055_260110082743.csv,1,1,0,0
fit:04f01143c9c76334dc1f7df426f77ac3e8992091d4090e6b06142aee6f9de488,2026-01-10T08:46:29+00:00,234,111,111,77,6.863,207.79999999999995,1,fit:04f01143c9c76334dc1f7df426f77ac3e8992091d4090e6b06142aee6f9de488:segment:004,4,4726.0,4616,activities/055_260110082743.csv,1,1,0,0
fit:04f01143c9c76334dc1f7df426f77ac3e8992091d4090e6b06142aee6f9de488,2026-01-10T08:46:30+00:00,235,38,114,38,6.913,208.20000000000005,1,fit:04f01143c9c76334dc1f7df426f77ac3e8992091d4090e6b06142aee6f9de488:segment:004,4,4727.0,4617,activities/055_260110082743.csv,1,1,0,0
fit:04f01143c9c76334dc1f7df426f77ac3e8992091d4090e6b06142aee6f9de488,2026-01-10T08:46:31+00:00,236,113,115,76,6.921,208.0,1,fit:04f01143c9c76334dc1f7df426f77ac3e8992091d4090e6b06142aee6f9de488:segment:004,4,4728.0,4618,activities/055_260110082743.csv,1,1,0,0
fit:04f01143c9c76334dc1f7df426f77ac3e8992091d4090e6b06142aee6f9de488,2026-01-10T08:46:32+00:00,237,165,115,78,6.875,208.0,1,fit:04f01143c9c76334dc1f7df426f77ac3e8992091d4090e6b06142aee6f9de488:segment:004,4,4729.0,4619,activities/055_260110082743.csv,1,1,0,0
fit:04f01143c9c76334dc1f7df426f77ac3e8992091d4090e6b06142aee6f9de488,2026-01-10T08:46:33+00:00,238,60,115,75,6.937,208.0,1,fit:04f01143c9c76334dc1f7df426f77ac3e8992091d4090e6b06142aee6f9de488:segment:004,4,4730.0,4620,activities/055_260110082743.csv,1,1,0,0
fit:04f01143c9c76334dc1f7df426f77ac3e8992091d4090e6b06142aee6f9de488,2026-01-10T08:46:34+00:00,239,60,115,75,6.87,208.0,1,fit:04f01143c9c76334dc1f7df426f77ac3e8992091d4090e6b06142aee6f9de488:segment:004,4,4731.0,4621,activities/055_260110082743.csv,1,1,0,0
fit:04f01143c9c76334dc1f7df426f77ac3e8992091d4090e6b06142aee6f9de488,2026-01-10T08:46:35+00:00,240,60,115,75,6.812,207.79999999999995,1,fit:04f01143c9c76334dc1f7df426f77ac3e8992091d4090e6b06142aee6f9de488:segment:004,4,4732.0,4622,activities/055_260110082743.csv,1,1,0,0
fit:04f01143c9c76334dc1f7df426f77ac3e8992091d4090e6b06142aee6f9de488,2026-01-10T08:46:36+00:00,241,122,115,74,6.708,207.79999999999995,1,fit:04f01143c9c76334dc1f7df426f77ac3e8992091d4090e6b06142aee6f9de488:segment:004,4,4733.0,4623,activities/055_260110082743.csv,1,1,0,0
fit:04f01143c9c76334dc1f7df426f77ac3e8992091d4090e6b06142aee6f9de488,2026-01-10T08:46:37+00:00,242,123,115,74,6.695,207.79999999999995,1,fit:04f01143c9c76334dc1f7df426f77ac3e8992091d4090e6b06142aee6f9de488:segment:004,4,4734.0,4624,activities/055_260110082743.csv,1,1,0,0
fit:04f01143c9c76334dc1f7df426f77ac3e8992091d4090e6b06142aee6f9de488,2026-01-10T08:46:38+00:00,243,123,115,74,6.587,207.79999999999995,1,fit:04f01143c9c76334dc1f7df426f77ac3e8992091d4090e6b06142aee6f9de488:segment:004,4,4735.0,4625,activities/055_260110082743.csv,1,1,0,0
fit:04f01143c9c76334dc1f7df426f77ac3e8992091d4090e6b06142aee6f9de488,2026-01-10T08:46:39+00:00,244,123,115,74,6.438,208.0,1,fit:04f01143c9c76334dc1f7df426f77ac3e8992091d4090e6b06142aee6f9de488:segment:004,4,4736.0,4626,activities/055_260110082743.csv,1,1,0,0
fit:04f01143c9c76334dc1f7df426f77ac3e8992091d4090e6b06142aee6f9de488,2026-01-10T08:46:40+00:00,245,7,115,0,6.344,208.0,1,fit:04f01143c9c76334dc1f7df426f77ac3e8992091d4090e6b06142aee6f9de488:segment:004,4,4737.0,4627,activities/055_260110082743.csv,1,1,0,0
fit:04f01143c9c76334dc1f7df426f77ac3e8992091d4090e6b06142aee6f9de488,2026-01-10T08:46:41+00:00,246,8,116,0,6.266,208.0,1,fit:04f01143c9c76334dc1f7df426f77ac3e8992091d4090e6b06142aee6f9de488:segment:004,4,4738.0,4628,activities/055_260110082743.csv,1,1,0,0
fit:04f01143c9c76334dc1f7df426f77ac3e8992091d4090e6b06142aee6f9de488,2026-01-10T08:46:42+00:00,247,8,116,0,6.237,207.60000000000002,1,fit:04f01143c9c76334dc1f7df426f77ac3e8992091d4090e6b06142aee6f9de488:segment:004,4,4739.0,4629,activities/055_260110082743.csv,1,1,0,0
fit:04f01143c9c76334dc1f7df426f77ac3e8992091d4090e6b06142aee6f9de488,2026-01-10T08:46:43+00:00,248,8,116,0,6.209,207.60000000000002,1,fit:04f01143c9c76334dc1f7df426f77ac3e8992091d4090e6b06142aee6f9de488:segment:004,4,4740.0,4630,activities/055_260110082743.csv,1,1,0,0
fit:04f01143c9c76334dc1f7df426f77ac3e8992091d4090e6b06142aee6f9de488,2026-01-10T08:46:44+00:00,249,7,116,0,6.182,207.60000000000002,1,fit:04f01143c9c76334dc1f7df426f77ac3e8992091d4090e6b06142aee6f9de488:segment:004,4,4741.0,4631,activities/055_260110082743.csv,1,1,0,0
fit:04f01143c9c76334dc1f7df426f77ac3e8992091d4090e6b06142aee6f9de488,2026-01-10T08:46:45+00:00,250,6,115,0,6.13,207.60000000000002,1,fit:04f01143c9c76334dc1f7df426f77ac3e8992091d4090e6b06142aee6f9de488:segment:004,4,4742.0,4632,activities/055_260110082743.csv,1,1,0,0
fit:04f01143c9c76334dc1f7df426f77ac3e8992091d4090e6b06142aee6f9de488,2026-01-10T08:46:46+00:00,251,10,114,68,6.076,207.60000000000002,1,fit:04f01143c9c76334dc1f7df426f77ac3e8992091d4090e6b06142aee6f9de488:segment:004,4,4743.0,4633,activities/055_260110082743.csv,1,1,0,0
fit:04f01143c9c76334dc1f7df426f77ac3e8992091d4090e6b06142aee6f9de488,2026-01-10T08:46:47+00:00,252,168,113,71,6.079,207.60000000000002,1,fit:04f01143c9c76334dc1f7df426f77ac3e8992091d4090e6b06142aee6f9de488:segment:004,4,4744.0,4634,activities/055_260110082743.csv,1,1,0,0
fit:04f01143c9c76334dc1f7df426f77ac3e8992091d4090e6b06142aee6f9de488,2026-01-10T08:46:48+00:00,253,156,112,74,6.303,207.60000000000002,1,fit:04f01143c9c76334dc1f7df426f77ac3e8992091d4090e6b06142aee6f9de488:segment:004,4,4745.0,4635,activities/055_260110082743.csv,1,1,0,0
fit:04f01143c9c76334dc1f7df426f77ac3e8992091d4090e6b06142aee6f9de488,2026-01-10T08:46:49+00:00,254,105,112,77,6.632,207.60000000000002,1,fit:04f01143c9c76334dc1f7df426f77ac3e8992091d4090e6b06142aee6f9de488:segment:004,4,4746.0,4636,activities/055_260110082743.csv,1,1,0,0
fit:04f01143c9c76334dc1f7df426f77ac3e8992091d4090e6b06142aee6f9de488,2026-01-10T08:46:50+00:00,255,105,112,77,6.967,207.60000000000002,1,fit:04f01143c9c76334dc1f7df426f77ac3e8992091d4090e6b06142aee6f9de488:segment:004,4,4747.0,4637,activities/055_260110082743.csv,1,1,0,0
fit:04f01143c9c76334dc1f7df426f77ac3e8992091d4090e6b06142aee6f9de488,2026-01-10T08:46:51+00:00,256,106,111,77,7.201,206.79999999999995,1,fit:04f01143c9c76334dc1f7df426f77ac3e8992091d4090e6b06142aee6f9de488:segment:004,4,4748.0,4638,activities/055_260110082743.csv,1,1,0,0
fit:04f01143c9c76334dc1f7df426f77ac3e8992091d4090e6b06142aee6f9de488,2026-01-10T08:46:52+00:00,257,106,111,77,7.448,206.79999999999995,1,fit:04f01143c9c76334dc1f7df426f77ac3e8992091d4090e6b06142aee6f9de488:segment:004,4,4749.0,4639,activities/055_260110082743.csv,1,1,0,0
fit:04f01143c9c76334dc1f7df426f77ac3e8992091d4090e6b06142aee6f9de488,2026-01-10T08:46:53+00:00,258,106,112,77,7.773,206.79999999999995,1,fit:04f01143c9c76334dc1f7df426f77ac3e8992091d4090e6b06142aee6f9de488:segment:004,4,4750.0,4640,activities/055_260110082743.csv,1,1,0,0
fit:04f01143c9c76334dc1f7df426f77ac3e8992091d4090e6b06142aee6f9de488,2026-01-10T08:46:54+00:00,259,106,112,77,7.91,205.79999999999995,1,fit:04f01143c9c76334dc1f7df426f77ac3e8992091d4090e6b06142aee6f9de488:segment:004,4,4751.0,4641,activities/055_260110082743.csv,1,1,0,0
fit:04f01143c9c76334dc1f7df426f77ac3e8992091d4090e6b06142aee6f9de488,2026-01-10T08:46:55+00:00,260,101,112,75,8.172,204.39999999999998,1,fit:04f01143c9c76334dc1f7df426f77ac3e8992091d4090e6b06142aee6f9de488:segment:004,4,4752.0,4642,activities/055_260110082743.csv,1,1,0,0
fit:04f01143c9c76334dc1f7df426f77ac3e8992091d4090e6b06142aee6f9de488,2026-01-10T08:46:56+00:00,261,0,111,0,8.344,204.39999999999998,1,fit:04f01143c9c76334dc1f7df426f77ac3e8992091d4090e6b06142aee6f9de488:segment:004,4,4753.0,4643,activities/055_260110082743.csv,1,1,0,0
fit:04f01143c9c76334dc1f7df426f77ac3e8992091d4090e6b06142aee6f9de488,2026-01-10T08:46:57+00:00,262,0,110,0,8.492,204.39999999999998,1,fit:04f01143c9c76334dc1f7df426f77ac3e8992091d4090e6b06142aee6f9de488:segment:004,4,4754.0,4644,activities/055_260110082743.csv,1,1,0,0
fit:04f01143c9c76334dc1f7df426f77ac3e8992091d4090e6b06142aee6f9de488,2026-01-10T08:46:58+00:00,263,0,110,0,8.551,203.79999999999995,1,fit:04f01143c9c76334dc1f7df426f77ac3e8992091d4090e6b06142aee6f9de488:segment:004,4,4755.0,4645,activities/055_260110082743.csv,1,1,0,0
fit:04f01143c9c76334dc1f7df426f77ac3e8992091d4090e6b06142aee6f9de488,2026-01-10T08:46:59+00:00,264,0,108,0,8.438,203.60000000000002,1,fit:04f01143c9c76334dc1f7df426f77ac3e8992091d4090e6b06142aee6f9de488:segment:004,4,4756.0,4646,activities/055_260110082743.csv,1,1,0,0
fit:04f01143c9c76334dc1f7df426f77ac3e8992091d4090e6b06142aee6f9de488,2026-01-10T08:47:00+00:00,265,0,108,0,8.235,203.60000000000002,1,fit:04f01143c9c76334dc1f7df426f77ac3e8992091d4090e6b06142aee6f9de488:segment:004,4,4757.0,4647,activities/055_260110082743.csv,1,1,0,0
fit:04f01143c9c76334dc1f7df426f77ac3e8992091d4090e6b06142aee6f9de488,2026-01-10T08:47:01+00:00,266,74,108,71,8.046,203.60000000000002,1,fit:04f01143c9c76334dc1f7df426f77ac3e8992091d4090e6b06142aee6f9de488:segment:004,4,4758.0,4648,activities/055_260110082743.csv,1,1,0,0
fit:04f01143c9c76334dc1f7df426f77ac3e8992091d4090e6b06142aee6f9de488,2026-01-10T08:47:02+00:00,267,131,107,89,7.963,202.79999999999995,1,fit:04f01143c9c76334dc1f7df426f77ac3e8992091d4090e6b06142aee6f9de488:segment:004,4,4759.0,4649,activities/055_260110082743.csv,1,1,0,0
fit:04f01143c9c76334dc1f7df426f77ac3e8992091d4090e6b06142aee6f9de488,2026-01-10T08:47:03+00:00,268,131,106,89,7.909,202.79999999999995,1,fit:04f01143c9c76334dc1f7df426f77ac3e8992091d4090e6b06142aee6f9de488:segment:004,4,4760.0,4650,activities/055_260110082743.csv,1,1,0,0
fit:04f01143c9c76334dc1f7df426f77ac3e8992091d4090e6b06142aee6f9de488,2026-01-10T08:47:04+00:00,269,131,106,89,7.796,202.79999999999995,1,fit:04f01143c9c76334dc1f7df426f77ac3e8992091d4090e6b06142aee6f9de488:segment:004,4,4761.0,4651,activities/055_260110082743.csv,1,1,0,0
fit:04f01143c9c76334dc1f7df426f77ac3e8992091d4090e6b06142aee6f9de488,2026-01-10T08:47:05+00:00,270,131,107,89,7.755,202.79999999999995,1,fit:04f01143c9c76334dc1f7df426f77ac3e8992091d4090e6b06142aee6f9de488:segment:004,4,4762.0,4652,activities/055_260110082743.csv,1,1,0,0
fit:04f01143c9c76334dc1f7df426f77ac3e8992091d4090e6b06142aee6f9de488,2026-01-10T08:47:06+00:00,271,128,108,88,7.758,202.79999999999995,1,fit:04f01143c9c76334dc1f7df426f77ac3e8992091d4090e6b06142aee6f9de488:segment:004,4,4763.0,4653,activities/055_260110082743.csv,1,1,0,0
fit:04f01143c9c76334dc1f7df426f77ac3e8992091d4090e6b06142aee6f9de488,2026-01-10T08:47:07+00:00,272,116,107,83,7.673,202.20000000000005,1,fit:04f01143c9c76334dc1f7df426f77ac3e8992091d4090e6b06142aee6f9de488:segment:004,4,4764.0,4654,activities/055_260110082743.csv,1,1,0,0
fit:04f01143c9c76334dc1f7df426f77ac3e8992091d4090e6b06142aee6f9de488,2026-01-10T08:47:08+00:00,273,104,106,79,7.761,202.20000000000005,1,fit:04f01143c9c76334dc1f7df426f77ac3e8992091d4090e6b06142aee6f9de488:segment:004,4,4765.0,4655,activities/055_260110082743.csv,1,1,0,0
fit:04f01143c9c76334dc1f7df426f77ac3e8992091d4090e6b06142aee6f9de488,2026-01-10T08:47:09+00:00,274,0,105,0,7.831,202.20000000000005,1,fit:04f01143c9c76334dc1f7df426f77ac3e8992091d4090e6b06142aee6f9de488:segment:004,4,4766.0,4656,activities/055_260110082743.csv,1,1,0,0
fit:04f01143c9c76334dc1f7df426f77ac3e8992091d4090e6b06142aee6f9de488,2026-01-10T08:47:10+00:00,275,0,105,0,7.936,202.20000000000005,1,fit:04f01143c9c76334dc1f7df426f77ac3e8992091d4090e6b06142aee6f9de488:segment:004,4,4767.0,4657,activities/055_260110082743.csv,1,1,0,0
fit:04f01143c9c76334dc1f7df426f77ac3e8992091d4090e6b06142aee6f9de488,2026-01-10T08:47:11+00:00,276,0,104,0,7.973,201.20000000000005,1,fit:04f01143c9c76334dc1f7df426f77ac3e8992091d4090e6b06142aee6f9de488:segment:004,4,4768.0,4658,activities/055_260110082743.csv,1,1,0,0
fit:04f01143c9c76334dc1f7df426f77ac3e8992091d4090e6b06142aee6f9de488,2026-01-10T08:47:12+00:00,277,0,102,0,7.984,201.20000000000005,1,fit:04f01143c9c76334dc1f7df426f77ac3e8992091d4090e6b06142aee6f9de488:segment:004,4,4769.0,4659,activities/055_260110082743.csv,1,1,0,0
fit:04f01143c9c76334dc1f7df426f77ac3e8992091d4090e6b06142aee6f9de488,2026-01-10T08:47:13+00:00,278,121,100,90,8.028,201.20000000000005,1,fit:04f01143c9c76334dc1f7df426f77ac3e8992091d4090e6b06142aee6f9de488:segment:004,4,4770.0,4660,activities/055_260110082743.csv,1,1,0,0
fit:04f01143c9c76334dc1f7df426f77ac3e8992091d4090e6b06142aee6f9de488,2026-01-10T08:47:14+00:00,279,135,100,92,8.022,200.79999999999995,1,fit:04f01143c9c76334dc1f7df426f77ac3e8992091d4090e6b06142aee6f9de488:segment:004,4,4771.0,4661,activities/055_260110082743.csv,1,1,0,0
fit:04f01143c9c76334dc1f7df426f77ac3e8992091d4090e6b06142aee6f9de488,2026-01-10T08:47:15+00:00,280,39,98,65,8.127,200.79999999999995,1,fit:04f01143c9c76334dc1f7df426f77ac3e8992091d4090e6b06142aee6f9de488:segment:004,4,4772.0,4662,activities/055_260110082743.csv,1,1,0,0
fit:04f01143c9c76334dc1f7df426f77ac3e8992091d4090e6b06142aee6f9de488,2026-01-10T08:47:16+00:00,281,113,97,91,8.069,200.79999999999995,1,fit:04f01143c9c76334dc1f7df426f77ac3e8992091d4090e6b06142aee6f9de488:segment:004,4,4773.0,4663,activities/055_260110082743.csv,1,1,0,0
fit:04f01143c9c76334dc1f7df426f77ac3e8992091d4090e6b06142aee6f9de488,2026-01-10T08:47:17+00:00,282,113,97,91,7.988,200.79999999999995,1,fit:04f01143c9c76334dc1f7df426f77ac3e8992091d4090e6b06142aee6f9de488:segment:004,4,4774.0,4664,activities/055_260110082743.csv,1,1,0,0
fit:04f01143c9c76334dc1f7df426f77ac3e8992091d4090e6b06142aee6f9de488,2026-01-10T08:47:18+00:00,283,116,97,91,8.014,200.79999999999995,1,fit:04f01143c9c76334dc1f7df426f77ac3e8992091d4090e6b06142aee6f9de488:segment:004,4,4775.0,4665,activities/055_260110082743.csv,1,1,0,0
fit:04f01143c9c76334dc1f7df426f77ac3e8992091d4090e6b06142aee6f9de488,2026-01-10T08:47:19+00:00,284,116,97,91,7.924,200.39999999999998,1,fit:04f01143c9c76334dc1f7df426f77ac3e8992091d4090e6b06142aee6f9de488:segment:004,4,4776.0,4666,activities/055_260110082743.csv,1,1,0,0
fit:04f01143c9c76334dc1f7df426f77ac3e8992091d4090e6b06142aee6f9de488,2026-01-10T08:47:20+00:00,285,0,98,0,7.777,200.39999999999998,1,fit:04f01143c9c76334dc1f7df426f77ac3e8992091d4090e6b06142aee6f9de488:segment:004,4,4777.0,4667,activities/055_260110082743.csv,1,1,0,0
fit:04f01143c9c76334dc1f7df426f77ac3e8992091d4090e6b06142aee6f9de488,2026-01-10T08:47:21+00:00,286,26,98,84,7.743,200.39999999999998,1,fit:04f01143c9c76334dc1f7df426f77ac3e8992091d4090e6b06142aee6f9de488:segment:004,4,4778.0,4668,activities/055_260110082743.csv,1,1,0,0
fit:04f01143c9c76334dc1f7df426f77ac3e8992091d4090e6b06142aee6f9de488,2026-01-10T08:47:22+00:00,287,26,98,84,7.64,200.39999999999998,1,fit:04f01143c9c76334dc1f7df426f77ac3e8992091d4090e6b06142aee6f9de488:segment:004,4,4779.0,4669,activities/055_260110082743.csv,1,1,0,0
fit:04f01143c9c76334dc1f7df426f77ac3e8992091d4090e6b06142aee6f9de488,2026-01-10T08:47:23+00:00,288,27,98,84,7.559,200.39999999999998,1,fit:04f01143c9c76334dc1f7df426f77ac3e8992091d4090e6b06142aee6f9de488:segment:004,4,4780.0,4670,activities/055_260110082743.csv,1,1,0,0
fit:04f01143c9c76334dc1f7df426f77ac3e8992091d4090e6b06142aee6f9de488,2026-01-10T08:47:24+00:00,289,27,98,84,7.486,200.39999999999998,1,fit:04f01143c9c76334dc1f7df426f77ac3e8992091d4090e6b06142aee6f9de488:segment:004,4,4781.0,4671,activities/055_260110082743.csv,1,1,0,0
fit:04f01143c9c76334dc1f7df426f77ac3e8992091d4090e6b06142aee6f9de488,2026-01-10T08:47:25+00:00,290,27,97,84,7.384,200.39999999999998,1,fit:04f01143c9c76334dc1f7df426f77ac3e8992091d4090e6b06142aee6f9de488:segment:004,4,4782.0,4672,activities/055_260110082743.csv,1,1,0,0
fit:04f01143c9c76334dc1f7df426f77ac3e8992091d4090e6b06142aee6f9de488,2026-01-10T08:47:26+00:00,291,26,96,83,7.339,199.79999999999995,1,fit:04f01143c9c76334dc1f7df426f77ac3e8992091d4090e6b06142aee6f9de488:segment:004,4,4783.0,4673,activities/055_260110082743.csv,1,1,0,0
fit:04f01143c9c76334dc1f7df426f77ac3e8992091d4090e6b06142aee6f9de488,2026-01-10T08:47:27+00:00,292,0,95,0,7.349,200.20000000000005,1,fit:04f01143c9c76334dc1f7df426f77ac3e8992091d4090e6b06142aee6f9de488:segment:004,4,4784.0,4674,activities/055_260110082743.csv,1,1,0,0
fit:04f01143c9c76334dc1f7df426f77ac3e8992091d4090e6b06142aee6f9de488,2026-01-10T08:47:28+00:00,293,0,94,0,7.311,200.20000000000005,1,fit:04f01143c9c76334dc1f7df426f77ac3e8992091d4090e6b06142aee6f9de488:segment:004,4,4785.0,4675,activities/055_260110082743.csv,1,1,0,0
fit:04f01143c9c76334dc1f7df426f77ac3e8992091d4090e6b06142aee6f9de488,2026-01-10T08:47:29+00:00,294,0,94,0,7.349,200.20000000000005,1,fit:04f01143c9c76334dc1f7df426f77ac3e8992091d4090e6b06142aee6f9de488:segment:004,4,4786.0,4676,activities/055_260110082743.csv,1,1,0,0
fit:04f01143c9c76334dc1f7df426f77ac3e8992091d4090e6b06142aee6f9de488,2026-01-10T08:47:30+00:00,295,0,94,0,7.347,199.20000000000005,1,fit:04f01143c9c76334dc1f7df426f77ac3e8992091d4090e6b06142aee6f9de488:segment:004,4,4787.0,4677,activities/055_260110082743.csv,1,1,0,0
fit:04f01143c9c76334dc1f7df426f77ac3e8992091d4090e6b06142aee6f9de488,2026-01-10T08:47:31+00:00,296,0,94,0,7.344,199.20000000000005,1,fit:04f01143c9c76334dc1f7df426f77ac3e8992091d4090e6b06142aee6f9de488:segment:004,4,4788.0,4678,activities/055_260110082743.csv,1,1,0,0
fit:04f01143c9c76334dc1f7df426f77ac3e8992091d4090e6b06142aee6f9de488,2026-01-10T08:47:32+00:00,297,0,96,0,7.367,199.20000000000005,1,fit:04f01143c9c76334dc1f7df426f77ac3e8992091d4090e6b06142aee6f9de488:segment:004,4,4789.0,4679,activities/055_260110082743.csv,1,1,0,0
fit:04f01143c9c76334dc1f7df426f77ac3e8992091d4090e6b06142aee6f9de488,2026-01-10T08:47:33+00:00,298,0,97,0,7.394,199.20000000000005,1,fit:04f01143c9c76334dc1f7df426f77ac3e8992091d4090e6b06142aee6f9de488:segment:004,4,4790.0,4680,activities/055_260110082743.csv,1,1,0,0
fit:04f01143c9c76334dc1f7df426f77ac3e8992091d4090e6b06142aee6f9de488,2026-01-10T08:47:34+00:00,299,0,97,0,7.338,198.20000000000005,1,fit:04f01143c9c76334dc1f7df426f77ac3e8992091d4090e6b06142aee6f9de488:segment:004,4,4791.0,4681,activities/055_260110082743.csv,1,1,0,0
fit:04f01143c9c76334dc1f7df426f77ac3e8992091d4090e6b06142aee6f9de488,2026-01-10T08:47:35+00:00,300,0,97,0,7.384,198.0,1,fit:04f01143c9c76334dc1f7df426f77ac3e8992091d4090e6b06142aee6f9de488:segment:004,4,4792.0,4682,activities/055_260110082743.csv,1,1,0,0
fit:04f01143c9c76334dc1f7df426f77ac3e8992091d4090e6b06142aee6f9de488,2026-01-10T08:47:36+00:00,301,0,97,0,7.427,198.0,1,fit:04f01143c9c76334dc1f7df426f77ac3e8992091d4090e6b06142aee6f9de488:segment:004,4,4793.0,4683,activities/055_260110082743.csv,1,1,0,0
fit:04f01143c9c76334dc1f7df426f77ac3e8992091d4090e6b06142aee6f9de488,2026-01-10T08:47:37+00:00,302,81,97,84,7.605,198.0,1,fit:04f01143c9c76334dc1f7df426f77ac3e8992091d4090e6b06142aee6f9de488:segment:004,4,4794.0,4684,activities/055_260110082743.csv,1,1,0,0
fit:04f01143c9c76334dc1f7df426f77ac3e8992091d4090e6b06142aee6f9de488,2026-01-10T08:47:38+00:00,303,110,98,80,7.77,197.0,1,fit:04f01143c9c76334dc1f7df426f77ac3e8992091d4090e6b06142aee6f9de488:segment:004,4,4795.0,4685,activities/055_260110082743.csv,1,1,0,0
fit:04f01143c9c76334dc1f7df426f77ac3e8992091d4090e6b06142aee6f9de488,2026-01-10T08:47:39+00:00,304,110,98,80,8.031,196.20000000000005,1,fit:04f01143c9c76334dc1f7df426f77ac3e8992091d4090e6b06142aee6f9de488:segment:004,4,4796.0,4686,activities/055_260110082743.csv,1,1,0,0
fit:04f01143c9c76334dc1f7df426f77ac3e8992091d4090e6b06142aee6f9de488,2026-01-10T08:47:40+00:00,305,110,98,80,8.241,196.20000000000005,1,fit:04f01143c9c76334dc1f7df426f77ac3e8992091d4090e6b06142aee6f9de488:segment:004,4,4797.0,4687,activities/055_260110082743.csv,1,1,0,0
fit:04f01143c9c76334dc1f7df426f77ac3e8992091d4090e6b06142aee6f9de488,2026-01-10T08:47:41+00:00,306,110,98,80,8.46,196.20000000000005,1,fit:04f01143c9c76334dc1f7df426f77ac3e8992091d4090e6b06142aee6f9de488:segment:004,4,4798.0,4688,activities/055_260110082743.csv,1,1,0,0
fit:04f01143c9c76334dc1f7df426f77ac3e8992091d4090e6b06142aee6f9de488,2026-01-10T08:47:42+00:00,307,110,98,80,8.699,195.20000000000005,1,fit:04f01143c9c76334dc1f7df426f77ac3e8992091d4090e6b06142aee6f9de488:segment:004,4,4799.0,4689,activities/055_260110082743.csv,1,1,0,0
fit:04f01143c9c76334dc1f7df426f77ac3e8992091d4090e6b06142aee6f9de488,2026-01-10T08:47:43+00:00,308,99,98,76,8.99,194.39999999999998,1,fit:04f01143c9c76334dc1f7df426f77ac3e8992091d4090e6b06142aee6f9de488:segment:004,4,4800.0,4690,activities/055_260110082743.csv,1,1,0,0
fit:04f01143c9c76334dc1f7df426f77ac3e8992091d4090e6b06142aee6f9de488,2026-01-10T08:47:44+00:00,309,89,98,72,9.273,194.39999999999998,1,fit:04f01143c9c76334dc1f7df426f77ac3e8992091d4090e6b06142aee6f9de488:segment:004,4,4801.0,4691,activities/055_260110082743.csv,1,1,0,0
fit:04f01143c9c76334dc1f7df426f77ac3e8992091d4090e6b06142aee6f9de488,2026-01-10T08:47:45+00:00,310,0,98,0,9.488,194.39999999999998,1,fit:04f01143c9c76334dc1f7df426f77ac3e8992091d4090e6b06142aee6f9de488:segment:004,4,4802.0,4692,activities/055_260110082743.csv,1,1,0,0
fit:04f01143c9c76334dc1f7df426f77ac3e8992091d4090e6b06142aee6f9de488,2026-01-10T08:47:46+00:00,311,0,99,0,9.706,193.39999999999998,1,fit:04f01143c9c76334dc1f7df426f77ac3e8992091d4090e6b06142aee6f9de488:segment:004,4,4803.0,4693,activities/055_260110082743.csv,1,1,0,0
fit:04f01143c9c76334dc1f7df426f77ac3e8992091d4090e6b06142aee6f9de488,2026-01-10T08:47:47+00:00,312,0,99,0,9.862,191.20000000000005,1,fit:04f01143c9c76334dc1f7df426f77ac3e8992091d4090e6b06142aee6f9de488:segment:004,4,4804.0,4694,activities/055_260110082743.csv,1,1,0,0
fit:04f01143c9c76334dc1f7df426f77ac3e8992091d4090e6b06142aee6f9de488,2026-01-10T08:47:48+00:00,313,0,99,0,9.985,191.20000000000005,1,fit:04f01143c9c76334dc1f7df426f77ac3e8992091d4090e6b06142aee6f9de488:segment:004,4,4805.0,4695,activities/055_260110082743.csv,1,1,0,0
fit:04f01143c9c76334dc1f7df426f77ac3e8992091d4090e6b06142aee6f9de488,2026-01-10T08:47:49+00:00,314,0,98,0,10.145,191.20000000000005,1,fit:04f01143c9c76334dc1f7df426f77ac3e8992091d4090e6b06142aee6f9de488:segment:004,4,4806.0,4696,activities/055_260110082743.csv,1,1,0,0
fit:04f01143c9c76334dc1f7df426f77ac3e8992091d4090e6b06142aee6f9de488,2026-01-10T08:47:50+00:00,315,0,98,0,10.351,190.20000000000005,1,fit:04f01143c9c76334dc1f7df426f77ac3e8992091d4090e6b06142aee6f9de488:segment:004,4,4807.0,4697,activities/055_260110082743.csv,1,1,0,0
fit:04f01143c9c76334dc1f7df426f77ac3e8992091d4090e6b06142aee6f9de488,2026-01-10T08:47:51+00:00,316,0,97,0,10.507,189.0,1,fit:04f01143c9c76334dc1f7df426f77ac3e8992091d4090e6b06142aee6f9de488:segment:004,4,4808.0,4698,activities/055_260110082743.csv,1,1,0,0
fit:04f01143c9c76334dc1f7df426f77ac3e8992091d4090e6b06142aee6f9de488,2026-01-10T08:47:52+00:00,317,0,96,0,10.644,189.0,1,fit:04f01143c9c76334dc1f7df426f77ac3e8992091d4090e6b06142aee6f9de488:segment:004,4,4809.0,4699,activities/055_260110082743.csv,1,1,0,0
fit:04f01143c9c76334dc1f7df426f77ac3e8992091d4090e6b06142aee6f9de488,2026-01-10T08:47:53+00:00,318,0,95,0,10.61,189.0,1,fit:04f01143c9c76334dc1f7df426f77ac3e8992091d4090e6b06142aee6f9de488:segment:004,4,4810.0,4700,activities/055_260110082743.csv,1,1,0,0
fit:04f01143c9c76334dc1f7df426f77ac3e8992091d4090e6b06142aee6f9de488,2026-01-10T08:47:54+00:00,319,0,94,0,10.455,188.20000000000005,1,fit:04f01143c9c76334dc1f7df426f77ac3e8992091d4090e6b06142aee6f9de488:segment:004,4,4811.0,4701,activities/055_260110082743.csv,1,1,0,0
fit:04f01143c9c76334dc1f7df426f77ac3e8992091d4090e6b06142aee6f9de488,2026-01-10T08:47:55+00:00,320,0,94,0,10.378,187.60000000000002,1,fit:04f01143c9c76334dc1f7df426f77ac3e8992091d4090e6b06142aee6f9de488:segment:004,4,4812.0,4702,activities/055_260110082743.csv,1,1,0,0
fit:04f01143c9c76334dc1f7df426f77ac3e8992091d4090e6b06142aee6f9de488,2026-01-10T08:47:56+00:00,321,0,92,0,10.496,187.60000000000002,1,fit:04f01143c9c76334dc1f7df426f77ac3e8992091d4090e6b06142aee6f9de488:segment:004,4,4813.0,4703,activities/055_260110082743.csv,1,1,0,0
fit:04f01143c9c76334dc1f7df426f77ac3e8992091d4090e6b06142aee6f9de488,2026-01-10T08:47:57+00:00,322,0,91,0,10.742,187.60000000000002,1,fit:04f01143c9c76334dc1f7df426f77ac3e8992091d4090e6b06142aee6f9de488:segment:004,4,4814.0,4704,activities/055_260110082743.csv,1,1,0,0
fit:04f01143c9c76334dc1f7df426f77ac3e8992091d4090e6b06142aee6f9de488,2026-01-10T08:47:58+00:00,323,0,91,0,11.012,186.60000000000002,1,fit:04f01143c9c76334dc1f7df426f77ac3e8992091d4090e6b06142aee6f9de488:segment:004,4,4815.0,4705,activities/055_260110082743.csv,1,1,0,0
fit:04f01143c9c76334dc1f7df426f77ac3e8992091d4090e6b06142aee6f9de488,2026-01-10T08:47:59+00:00,324,0,90,0,11.264,184.39999999999998,1,fit:04f01143c9c76334dc1f7df426f77ac3e8992091d4090e6b06142aee6f9de488:segment:004,4,4816.0,4706,activities/055_260110082743.csv,1,1,0,0
fit:04f01143c9c76334dc1f7df426f77ac3e8992091d4090e6b06142aee6f9de488,2026-01-10T08:48:00+00:00,325,0,89,0,11.532,184.39999999999998,1,fit:04f01143c9c76334dc1f7df426f77ac3e8992091d4090e6b06142aee6f9de488:segment:004,4,4817.0,4707,activities/055_260110082743.csv,1,1,0,0
fit:04f01143c9c76334dc1f7df426f77ac3e8992091d4090e6b06142aee6f9de488,2026-01-10T08:48:01+00:00,326,0,89,0,11.734,184.39999999999998,1,fit:04f01143c9c76334dc1f7df426f77ac3e8992091d4090e6b06142aee6f9de488:segment:004,4,4818.0,4708,activities/055_260110082743.csv,1,1,0,0
fit:04f01143c9c76334dc1f7df426f77ac3e8992091d4090e6b06142aee6f9de488,2026-01-10T08:48:02+00:00,327,0,89,0,11.947,183.39999999999998,1,fit:04f01143c9c76334dc1f7df426f77ac3e8992091d4090e6b06142aee6f9de488:segment:004,4,4819.0,4709,activities/055_260110082743.csv,1,1,0,0
fit:04f01143c9c76334dc1f7df426f77ac3e8992091d4090e6b06142aee6f9de488,2026-01-10T08:48:03+00:00,328,0,89,0,12.225,180.79999999999995,1,fit:04f01143c9c76334dc1f7df426f77ac3e8992091d4090e6b06142aee6f9de488:segment:004,4,4820.0,4710,activities/055_260110082743.csv,1,1,0,0
fit:04f01143c9c76334dc1f7df426f77ac3e8992091d4090e6b06142aee6f9de488,2026-01-10T08:48:04+00:00,329,0,88,0,12.403,180.79999999999995,1,fit:04f01143c9c76334dc1f7df426f77ac3e8992091d4090e6b06142aee6f9de488:segment:004,4,4821.0,4711,activities/055_260110082743.csv,1,1,0,0
fit:04f01143c9c76334dc1f7df426f77ac3e8992091d4090e6b06142aee6f9de488,2026-01-10T08:48:05+00:00,330,0,88,0,12.603,180.79999999999995,1,fit:04f01143c9c76334dc1f7df426f77ac3e8992091d4090e6b06142aee6f9de488:segment:004,4,4822.0,4712,activities/055_260110082743.csv,1,1,0,0
fit:04f01143c9c76334dc1f7df426f77ac3e8992091d4090e6b06142aee6f9de488,2026-01-10T08:48:06+00:00,331,0,88,0,12.771,179.79999999999995,1,fit:04f01143c9c76334dc1f7df426f77ac3e8992091d4090e6b06142aee6f9de488:segment:004,4,4823.0,4713,activities/055_260110082743.csv,1,1,0,0
fit:04f01143c9c76334dc1f7df426f77ac3e8992091d4090e6b06142aee6f9de488,2026-01-10T08:48:07+00:00,332,0,88,0,12.925,177.20000000000005,1,fit:04f01143c9c76334dc1f7df426f77ac3e8992091d4090e6b06142aee6f9de488:segment:004,4,4824.0,4714,activities/055_260110082743.csv,1,1,0,0
fit:04f01143c9c76334dc1f7df426f77ac3e8992091d4090e6b06142aee6f9de488,2026-01-10T08:48:08+00:00,333,0,88,0,13.096,177.20000000000005,1,fit:04f01143c9c76334dc1f7df426f77ac3e8992091d4090e6b06142aee6f9de488:segment:004,4,4825.0,4715,activities/055_260110082743.csv,1,1,0,0
fit:04f01143c9c76334dc1f7df426f77ac3e8992091d4090e6b06142aee6f9de488,2026-01-10T08:48:09+00:00,334,0,88,0,13.331,177.20000000000005,1,fit:04f01143c9c76334dc1f7df426f77ac3e8992091d4090e6b06142aee6f9de488:segment:004,4,4826.0,4716,activities/055_260110082743.csv,1,1,0,0
fit:04f01143c9c76334dc1f7df426f77ac3e8992091d4090e6b06142aee6f9de488,2026-01-10T08:48:10+00:00,335,0,90,0,13.519,176.20000000000005,1,fit:04f01143c9c76334dc1f7df426f77ac3e8992091d4090e6b06142aee6f9de488:segment:004,4,4827.0,4717,activities/055_260110082743.csv,1,1,0,0
fit:04f01143c9c76334dc1f7df426f77ac3e8992091d4090e6b06142aee6f9de488,2026-01-10T08:48:11+00:00,336,0,91,0,13.693,172.79999999999995,1,fit:04f01143c9c76334dc1f7df426f77ac3e8992091d4090e6b06142aee6f9de488:segment:004,4,4828.0,4718,activities/055_260110082743.csv,1,1,0,0
fit:04f01143c9c76334dc1f7df426f77ac3e8992091d4090e6b06142aee6f9de488,2026-01-10T08:48:12+00:00,337,0,93,0,13.839,172.79999999999995,1,fit:04f01143c9c76334dc1f7df426f77ac3e8992091d4090e6b06142aee6f9de488:segment:004,4,4829.0,4719,activities/055_260110082743.csv,1,1,0,0
fit:04f01143c9c76334dc1f7df426f77ac3e8992091d4090e6b06142aee6f9de488,2026-01-10T08:48:13+00:00,338,0,94,0,13.958,172.79999999999995,1,fit:04f01143c9c76334dc1f7df426f77ac3e8992091d4090e6b06142aee6f9de488:segment:004,4,4830.0,4720,activities/055_260110082743.csv,1,1,0,0
fit:04f01143c9c76334dc1f7df426f77ac3e8992091d4090e6b06142aee6f9de488,2026-01-10T08:48:14+00:00,339,0,96,0,14.032,171.79999999999995,1,fit:04f01143c9c76334dc1f7df426f77ac3e8992091d4090e6b06142aee6f9de488:segment:004,4,4831.0,4721,activities/055_260110082743.csv,1,1,0,0
fit:04f01143c9c76334dc1f7df426f77ac3e8992091d4090e6b06142aee6f9de488,2026-01-10T08:48:15+00:00,340,0,96,0,14.186,168.60000000000002,1,fit:04f01143c9c76334dc1f7df426f77ac3e8992091d4090e6b06142aee6f9de488:segment:004,4,4832.0,4722,activities/055_260110082743.csv,1,1,0,0
fit:04f01143c9c76334dc1f7df426f77ac3e8992091d4090e6b06142aee6f9de488,2026-01-10T08:48:16+00:00,341,0,96,0,14.323,168.60000000000002,1,fit:04f01143c9c76334dc1f7df426f77ac3e8992091d4090e6b06142aee6f9de488:segment:004,4,4833.0,4723,activities/055_260110082743.csv,1,1,0,0
fit:04f01143c9c76334dc1f7df426f77ac3e8992091d4090e6b06142aee6f9de488,2026-01-10T08:48:17+00:00,342,0,96,0,14.445,168.60000000000002,1,fit:04f01143c9c76334dc1f7df426f77ac3e8992091d4090e6b06142aee6f9de488:segment:004,4,4834.0,4724,activities/055_260110082743.csv,1,1,0,0
fit:04f01143c9c76334dc1f7df426f77ac3e8992091d4090e6b06142aee6f9de488,2026-01-10T08:48:18+00:00,343,0,96,0,14.53,167.60000000000002,1,fit:04f01143c9c76334dc1f7df426f77ac3e8992091d4090e6b06142aee6f9de488:segment:004,4,4835.0,4725,activities/055_260110082743.csv,1,1,0,0
fit:04f01143c9c76334dc1f7df426f77ac3e8992091d4090e6b06142aee6f9de488,2026-01-10T08:48:19+00:00,344,0,96,0,14.63,164.20000000000005,1,fit:04f01143c9c76334dc1f7df426f77ac3e8992091d4090e6b06142aee6f9de488:segment:004,4,4836.0,4726,activities/055_260110082743.csv,1,1,0,0
fit:04f01143c9c76334dc1f7df426f77ac3e8992091d4090e6b06142aee6f9de488,2026-01-10T08:48:20+00:00,345,0,96,0,14.725,164.20000000000005,1,fit:04f01143c9c76334dc1f7df426f77ac3e8992091d4090e6b06142aee6f9de488:segment:004,4,4837.0,4727,activities/055_260110082743.csv,1,1,0,0
fit:04f01143c9c76334dc1f7df426f77ac3e8992091d4090e6b06142aee6f9de488,2026-01-10T08:48:21+00:00,346,0,96,0,14.806,164.20000000000005,1,fit:04f01143c9c76334dc1f7df426f77ac3e8992091d4090e6b06142aee6f9de488:segment:004,4,4838.0,4728,activities/055_260110082743.csv,1,1,0,0
fit:04f01143c9c76334dc1f7df426f77ac3e8992091d4090e6b06142aee6f9de488,2026-01-10T08:48:22+00:00,347,0,96,0,14.884,163.20000000000005,1,fit:04f01143c9c76334dc1f7df426f77ac3e8992091d4090e6b06142aee6f9de488:segment:004,4,4839.0,4729,activities/055_260110082743.csv,1,1,0,0
fit:04f01143c9c76334dc1f7df426f77ac3e8992091d4090e6b06142aee6f9de488,2026-01-10T08:48:23+00:00,348,0,96,0,14.93,161.0,1,fit:04f01143c9c76334dc1f7df426f77ac3e8992091d4090e6b06142aee6f9de488:segment:004,4,4840.0,4730,activities/055_260110082743.csv,1,1,0,0
fit:04f01143c9c76334dc1f7df426f77ac3e8992091d4090e6b06142aee6f9de488,2026-01-10T08:48:24+00:00,349,0,95,0,14.962,161.0,1,fit:04f01143c9c76334dc1f7df426f77ac3e8992091d4090e6b06142aee6f9de488:segment:004,4,4841.0,4731,activities/055_260110082743.csv,1,1,0,0
fit:04f01143c9c76334dc1f7df426f77ac3e8992091d4090e6b06142aee6f9de488,2026-01-10T08:48:25+00:00,350,0,95,0,15.01,161.0,1,fit:04f01143c9c76334dc1f7df426f77ac3e8992091d4090e6b06142aee6f9de488:segment:004,4,4842.0,4732,activities/055_260110082743.csv,1,1,0,0
fit:04f01143c9c76334dc1f7df426f77ac3e8992091d4090e6b06142aee6f9de488,2026-01-10T08:48:26+00:00,351,0,94,0,15.047,160.0,1,fit:04f01143c9c76334dc1f7df426f77ac3e8992091d4090e6b06142aee6f9de488:segment:004,4,4843.0,4733,activities/055_260110082743.csv,1,1,0,0
fit:04f01143c9c76334dc1f7df426f77ac3e8992091d4090e6b06142aee6f9de488,2026-01-10T08:48:27+00:00,352,0,94,0,15.072,157.20000000000005,1,fit:04f01143c9c76334dc1f7df426f77ac3e8992091d4090e6b06142aee6f9de488:segment:004,4,4844.0,4734,activities/055_260110082743.csv,1,1,0,0
fit:04f01143c9c76334dc1f7df426f77ac3e8992091d4090e6b06142aee6f9de488,2026-01-10T08:48:28+00:00,353,0,94,0,15.048,157.20000000000005,1,fit:04f01143c9c76334dc1f7df426f77ac3e8992091d4090e6b06142aee6f9de488:segment:004,4,4845.0,4735,activities/055_260110082743.csv,1,1,0,0
fit:04f01143c9c76334dc1f7df426f77ac3e8992091d4090e6b06142aee6f9de488,2026-01-10T08:48:29+00:00,354,0,94,0,15.052,157.20000000000005,1,fit:04f01143c9c76334dc1f7df426f77ac3e8992091d4090e6b06142aee6f9de488:segment:004,4,4846.0,4736,activities/055_260110082743.csv,1,1,0,0
fit:04f01143c9c76334dc1f7df426f77ac3e8992091d4090e6b06142aee6f9de488,2026-01-10T08:48:30+00:00,355,0,94,0,14.962,156.20000000000005,1,fit:04f01143c9c76334dc1f7df426f77ac3e8992091d4090e6b06142aee6f9de488:segment:004,4,4847.0,4737,activities/055_260110082743.csv,1,1,0,0
fit:04f01143c9c76334dc1f7df426f77ac3e8992091d4090e6b06142aee6f9de488,2026-01-10T08:48:31+00:00,356,0,94,0,14.821,153.79999999999995,1,fit:04f01143c9c76334dc1f7df426f77ac3e8992091d4090e6b06142aee6f9de488:segment:004,4,4848.0,4738,activities/055_260110082743.csv,1,1,0,0
fit:04f01143c9c76334dc1f7df426f77ac3e8992091d4090e6b06142aee6f9de488,2026-01-10T08:48:32+00:00,357,0,93,0,14.738,153.79999999999995,1,fit:04f01143c9c76334dc1f7df426f77ac3e8992091d4090e6b06142aee6f9de488:segment:004,4,4849.0,4739,activities/055_260110082743.csv,1,1,0,0
fit:04f01143c9c76334dc1f7df426f77ac3e8992091d4090e6b06142aee6f9de488,2026-01-10T08:48:33+00:00,358,0,94,0,14.179,153.79999999999995,1,fit:04f01143c9c76334dc1f7df426f77ac3e8992091d4090e6b06142aee6f9de488:segment:004,4,4850.0,4740,activities/055_260110082743.csv,1,1,0,0
fit:04f01143c9c76334dc1f7df426f77ac3e8992091d4090e6b06142aee6f9de488,2026-01-10T08:48:34+00:00,359,0,95,0,13.369,152.79999999999995,1,fit:04f01143c9c76334dc1f7df426f77ac3e8992091d4090e6b06142aee6f9de488:segment:004,4,4851.0,4741,activities/055_260110082743.csv,1,1,0,0
fit:04f01143c9c76334dc1f7df426f77ac3e8992091d4090e6b06142aee6f9de488,2026-01-10T08:48:35+00:00,360,0,95,0,12.804,152.60000000000002,1,fit:04f01143c9c76334dc1f7df426f77ac3e8992091d4090e6b06142aee6f9de488:segment:004,4,4852.0,4742,activities/055_260110082743.csv,1,1,0,0
fit:04f01143c9c76334dc1f7df426f77ac3e8992091d4090e6b06142aee6f9de488,2026-01-10T08:48:36+00:00,361,0,95,0,11.991,152.60000000000002,1,fit:04f01143c9c76334dc1f7df426f77ac3e8992091d4090e6b06142aee6f9de488:segment:004,4,4853.0,4743,activities/055_260110082743.csv,1,1,0,0
fit:04f01143c9c76334dc1f7df426f77ac3e8992091d4090e6b06142aee6f9de488,2026-01-10T08:48:37+00:00,362,0,94,0,11.042,152.60000000000002,1,fit:04f01143c9c76334dc1f7df426f77ac3e8992091d4090e6b06142aee6f9de488:segment:004,4,4854.0,4744,activities/055_260110082743.csv,1,1,0,0
fit:04f01143c9c76334dc1f7df426f77ac3e8992091d4090e6b06142aee6f9de488,2026-01-10T08:48:38+00:00,363,0,93,0,10.25,151.79999999999995,1,fit:04f01143c9c76334dc1f7df426f77ac3e8992091d4090e6b06142aee6f9de488:segment:004,4,4855.0,4745,activities/055_260110082743.csv,1,1,0,0
fit:04f01143c9c76334dc1f7df426f77ac3e8992091d4090e6b06142aee6f9de488,2026-01-10T08:48:39+00:00,364,0,93,0,9.555,151.60000000000002,1,fit:04f01143c9c76334dc1f7df426f77ac3e8992091d4090e6b06142aee6f9de488:segment:004,4,4856.0,4746,activities/055_260110082743.csv,1,1,0,0
fit:04f01143c9c76334dc1f7df426f77ac3e8992091d4090e6b06142aee6f9de488,2026-01-10T08:48:40+00:00,365,0,93,0,8.859,151.60000000000002,1,fit:04f01143c9c76334dc1f7df426f77ac3e8992091d4090e6b06142aee6f9de488:segment:004,4,4857.0,4747,activities/055_260110082743.csv,1,1,0,0
fit:04f01143c9c76334dc1f7df426f77ac3e8992091d4090e6b06142aee6f9de488,2026-01-10T08:48:41+00:00,366,0,92,0,8.002,151.60000000000002,1,fit:04f01143c9c76334dc1f7df426f77ac3e8992091d4090e6b06142aee6f9de488:segment:004,4,4858.0,4748,activities/055_260110082743.csv,1,1,0,0
fit:04f01143c9c76334dc1f7df426f77ac3e8992091d4090e6b06142aee6f9de488,2026-01-10T08:48:42+00:00,367,0,91,0,7.225,151.60000000000002,1,fit:04f01143c9c76334dc1f7df426f77ac3e8992091d4090e6b06142aee6f9de488:segment:004,4,4859.0,4749,activities/055_260110082743.csv,1,1,0,0
fit:04f01143c9c76334dc1f7df426f77ac3e8992091d4090e6b06142aee6f9de488,2026-01-10T08:48:43+00:00,368,0,91,0,6.753,151.0,1,fit:04f01143c9c76334dc1f7df426f77ac3e8992091d4090e6b06142aee6f9de488:segment:004,4,4860.0,4750,activities/055_260110082743.csv,1,1,0,0
fit:04f01143c9c76334dc1f7df426f77ac3e8992091d4090e6b06142aee6f9de488,2026-01-10T08:48:44+00:00,369,0,90,0,6.753,151.0,1,fit:04f01143c9c76334dc1f7df426f77ac3e8992091d4090e6b06142aee6f9de488:segment:004,4,4861.0,4751,activities/055_260110082743.csv,1,1,0,0
fit:04f01143c9c76334dc1f7df426f77ac3e8992091d4090e6b06142aee6f9de488,2026-01-10T08:48:45+00:00,370,0,89,0,6.708,151.0,1,fit:04f01143c9c76334dc1f7df426f77ac3e8992091d4090e6b06142aee6f9de488:segment:004,4,4862.0,4752,activities/055_260110082743.csv,1,1,0,0
fit:04f01143c9c76334dc1f7df426f77ac3e8992091d4090e6b06142aee6f9de488,2026-01-10T08:48:46+00:00,371,0,89,0,6.28,151.0,1,fit:04f01143c9c76334dc1f7df426f77ac3e8992091d4090e6b06142aee6f9de488:segment:004,4,4863.0,4753,activities/055_260110082743.csv,1,1,0,0
fit:04f01143c9c76334dc1f7df426f77ac3e8992091d4090e6b06142aee6f9de488,2026-01-10T08:48:47+00:00,372,0,88,0,6.135,150.0,1,fit:04f01143c9c76334dc1f7df426f77ac3e8992091d4090e6b06142aee6f9de488:segment:004,4,4864.0,4754,activities/055_260110082743.csv,1,1,0,0
fit:04f01143c9c76334dc1f7df426f77ac3e8992091d4090e6b06142aee6f9de488,2026-01-10T08:48:48+00:00,373,0,88,0,6.119,150.0,1,fit:04f01143c9c76334dc1f7df426f77ac3e8992091d4090e6b06142aee6f9de488:segment:004,4,4865.0,4755,activities/055_260110082743.csv,1,1,0,0
fit:04f01143c9c76334dc1f7df426f77ac3e8992091d4090e6b06142aee6f9de488,2026-01-10T08:48:49+00:00,374,0,90,0,6.201,150.0,1,fit:04f01143c9c76334dc1f7df426f77ac3e8992091d4090e6b06142aee6f9de488:segment:004,4,4866.0,4756,activities/055_260110082743.csv,1,1,0,0
fit:04f01143c9c76334dc1f7df426f77ac3e8992091d4090e6b06142aee6f9de488,2026-01-10T08:48:50+00:00,375,6,90,0,6.422,150.0,1,fit:04f01143c9c76334dc1f7df426f77ac3e8992091d4090e6b06142aee6f9de488:segment:004,4,4867.0,4757,activities/055_260110082743.csv,1,1,0,0
fit:04f01143c9c76334dc1f7df426f77ac3e8992091d4090e6b06142aee6f9de488,2026-01-10T08:48:51+00:00,376,178,95,59,6.66,148.39999999999998,1,fit:04f01143c9c76334dc1f7df426f77ac3e8992091d4090e6b06142aee6f9de488:segment:004,4,4868.0,4758,activities/055_260110082743.csv,1,1,0,0
fit:04f01143c9c76334dc1f7df426f77ac3e8992091d4090e6b06142aee6f9de488,2026-01-10T08:48:52+00:00,377,179,99,59,7.008,148.39999999999998,1,fit:04f01143c9c76334dc1f7df426f77ac3e8992091d4090e6b06142aee6f9de488:segment:004,4,4869.0,4759,activities/055_260110082743.csv,1,1,0,0
fit:04f01143c9c76334dc1f7df426f77ac3e8992091d4090e6b06142aee6f9de488,2026-01-10T08:48:53+00:00,378,40,99,27,7.359,148.39999999999998,1,fit:04f01143c9c76334dc1f7df426f77ac3e8992091d4090e6b06142aee6f9de488:segment:004,4,4870.0,4760,activities/055_260110082743.csv,1,1,0,0
fit:04f01143c9c76334dc1f7df426f77ac3e8992091d4090e6b06142aee6f9de488,2026-01-10T08:48:54+00:00,379,137,102,67,7.606,147.39999999999998,1,fit:04f01143c9c76334dc1f7df426f77ac3e8992091d4090e6b06142aee6f9de488:segment:004,4,4871.0,4761,activities/055_260110082743.csv,1,1,0,0
fit:04f01143c9c76334dc1f7df426f77ac3e8992091d4090e6b06142aee6f9de488,2026-01-10T08:48:55+00:00,380,166,104,69,7.93,146.60000000000002,1,fit:04f01143c9c76334dc1f7df426f77ac3e8992091d4090e6b06142aee6f9de488:segment:004,4,4872.0,4762,activities/055_260110082743.csv,1,1,0,0
fit:04f01143c9c76334dc1f7df426f77ac3e8992091d4090e6b06142aee6f9de488,2026-01-10T08:48:56+00:00,381,97,104,73,8.232,146.60000000000002,1,fit:04f01143c9c76334dc1f7df426f77ac3e8992091d4090e6b06142aee6f9de488:segment:004,4,4873.0,4763,activities/055_260110082743.csv,1,1,0,0
fit:04f01143c9c76334dc1f7df426f77ac3e8992091d4090e6b06142aee6f9de488,2026-01-10T08:48:57+00:00,382,98,104,73,8.54,146.60000000000002,1,fit:04f01143c9c76334dc1f7df426f77ac3e8992091d4090e6b06142aee6f9de488:segment:004,4,4874.0,4764,activities/055_260110082743.csv,1,1,0,0
fit:04f01143c9c76334dc1f7df426f77ac3e8992091d4090e6b06142aee6f9de488,2026-01-10T08:48:58+00:00,383,98,103,73,8.901,145.60000000000002,1,fit:04f01143c9c76334dc1f7df426f77ac3e8992091d4090e6b06142aee6f9de488:segment:004,4,4875.0,4765,activities/055_260110082743.csv,1,1,0,0
fit:04f01143c9c76334dc1f7df426f77ac3e8992091d4090e6b06142aee6f9de488,2026-01-10T08:48:59+00:00,384,98,103,73,9.121,144.60000000000002,1,fit:04f01143c9c76334dc1f7df426f77ac3e8992091d4090e6b06142aee6f9de488:segment:004,4,4876.0,4766,activities/055_260110082743.csv,1,1,0,0
fit:04f01143c9c76334dc1f7df426f77ac3e8992091d4090e6b06142aee6f9de488,2026-01-10T08:49:00+00:00,385,92,103,73,9.28,144.60000000000002,1,fit:04f01143c9c76334dc1f7df426f77ac3e8992091d4090e6b06142aee6f9de488:segment:004,4,4877.0,4767,activities/055_260110082743.csv,1,1,0,0
fit:04f01143c9c76334dc1f7df426f77ac3e8992091d4090e6b06142aee6f9de488,2026-01-10T08:49:01+00:00,386,83,103,70,9.506,144.60000000000002,1,fit:04f01143c9c76334dc1f7df426f77ac3e8992091d4090e6b06142aee6f9de488:segment:004,4,4878.0,4768,activities/055_260110082743.csv,1,1,0,0
fit:04f01143c9c76334dc1f7df426f77ac3e8992091d4090e6b06142aee6f9de488,2026-01-10T08:49:02+00:00,387,0,104,67,9.749,143.60000000000002,1,fit:04f01143c9c76334dc1f7df426f77ac3e8992091d4090e6b06142aee6f9de488:segment:004,4,4879.0,4769,activities/055_260110082743.csv,1,1,0,0
fit:04f01143c9c76334dc1f7df426f77ac3e8992091d4090e6b06142aee6f9de488,2026-01-10T08:49:03+00:00,388,0,104,0,10.012,142.0,1,fit:04f01143c9c76334dc1f7df426f77ac3e8992091d4090e6b06142aee6f9de488:segment:004,4,4880.0,4770,activities/055_260110082743.csv,1,1,0,0
fit:04f01143c9c76334dc1f7df426f77ac3e8992091d4090e6b06142aee6f9de488,2026-01-10T08:49:04+00:00,389,0,105,0,10.251,142.0,1,fit:04f01143c9c76334dc1f7df426f77ac3e8992091d4090e6b06142aee6f9de488:segment:004,4,4881.0,4771,activities/055_260110082743.csv,1,1,0,0
fit:04f01143c9c76334dc1f7df426f77ac3e8992091d4090e6b06142aee6f9de488,2026-01-10T08:49:05+00:00,390,0,106,0,10.491,142.0,1,fit:04f01143c9c76334dc1f7df426f77ac3e8992091d4090e6b06142aee6f9de488:segment:004,4,4882.0,4772,activities/055_260110082743.csv,1,1,0,0
fit:04f01143c9c76334dc1f7df426f77ac3e8992091d4090e6b06142aee6f9de488,2026-01-10T08:49:06+00:00,391,0,106,0,10.647,142.0,1,fit:04f01143c9c76334dc1f7df426f77ac3e8992091d4090e6b06142aee6f9de488:segment:004,4,4883.0,4773,activities/055_260110082743.csv,1,1,0,0
fit:04f01143c9c76334dc1f7df426f77ac3e8992091d4090e6b06142aee6f9de488,2026-01-10T08:49:07+00:00,392,0,106,0,10.761,141.0,1,fit:04f01143c9c76334dc1f7df426f77ac3e8992091d4090e6b06142aee6f9de488:segment:004,4,4884.0,4774,activities/055_260110082743.csv,1,1,0,0
fit:04f01143c9c76334dc1f7df426f77ac3e8992091d4090e6b06142aee6f9de488,2026-01-10T08:49:08+00:00,393,0,104,0,10.898,139.39999999999998,1,fit:04f01143c9c76334dc1f7df426f77ac3e8992091d4090e6b06142aee6f9de488:segment:004,4,4885.0,4775,activities/055_260110082743.csv,1,1,0,0
fit:04f01143c9c76334dc1f7df426f77ac3e8992091d4090e6b06142aee6f9de488,2026-01-10T08:49:09+00:00,394,0,104,0,11.078,139.39999999999998,1,fit:04f01143c9c76334dc1f7df426f77ac3e8992091d4090e6b06142aee6f9de488:segment:004,4,4886.0,4776,activities/055_260110082743.csv,1,1,0,0
fit:04f01143c9c76334dc1f7df426f77ac3e8992091d4090e6b06142aee6f9de488,2026-01-10T08:49:10+00:00,395,0,102,0,11.191,139.39999999999998,1,fit:04f01143c9c76334dc1f7df426f77ac3e8992091d4090e6b06142aee6f9de488:segment:004,4,4887.0,4777,activities/055_260110082743.csv,1,1,0,0
fit:04f01143c9c76334dc1f7df426f77ac3e8992091d4090e6b06142aee6f9de488,2026-01-10T08:49:11+00:00,396,0,100,0,11.399,138.39999999999998,1,fit:04f01143c9c76334dc1f7df426f77ac3e8992091d4090e6b06142aee6f9de488:segment:004,4,4888.0,4778,activities/055_260110082743.csv,1,1,0,0
fit:04f01143c9c76334dc1f7df426f77ac3e8992091d4090e6b06142aee6f9de488,2026-01-10T08:49:12+00:00,397,0,98,0,11.58,135.79999999999995,1,fit:04f01143c9c76334dc1f7df426f77ac3e8992091d4090e6b06142aee6f9de488:segment:004,4,4889.0,4779,activities/055_260110082743.csv,1,1,0,0
fit:04f01143c9c76334dc1f7df426f77ac3e8992091d4090e6b06142aee6f9de488,2026-01-10T08:49:13+00:00,398,0,98,0,11.759,135.79999999999995,1,fit:04f01143c9c76334dc1f7df426f77ac3e8992091d4090e6b06142aee6f9de488:segment:004,4,4890.0,4780,activities/055_260110082743.csv,1,1,0,0
fit:04f01143c9c76334dc1f7df426f77ac3e8992091d4090e6b06142aee6f9de488,2026-01-10T08:49:14+00:00,399,0,98,0,11.998,135.79999999999995,1,fit:04f01143c9c76334dc1f7df426f77ac3e8992091d4090e6b06142aee6f9de488:segment:004,4,4891.0,4781,activities/055_260110082743.csv,1,1,0,0
fit:04f01143c9c76334dc1f7df426f77ac3e8992091d4090e6b06142aee6f9de488,2026-01-10T08:49:15+00:00,400,0,98,0,12.192,134.79999999999995,1,fit:04f01143c9c76334dc1f7df426f77ac3e8992091d4090e6b06142aee6f9de488:segment:004,4,4892.0,4782,activities/055_260110082743.csv,1,1,0,0
fit:04f01143c9c76334dc1f7df426f77ac3e8992091d4090e6b06142aee6f9de488,2026-01-10T08:49:16+00:00,401,66,98,0,12.344,132.0,1,fit:04f01143c9c76334dc1f7df426f77ac3e8992091d4090e6b06142aee6f9de488:segment:004,4,4893.0,4783,activities/055_260110082743.csv,1,1,0,0
fit:04f01143c9c76334dc1f7df426f77ac3e8992091d4090e6b06142aee6f9de488,2026-01-10T08:49:17+00:00,402,133,99,96,12.671,132.0,1,fit:04f01143c9c76334dc1f7df426f77ac3e8992091d4090e6b06142aee6f9de488:segment:004,4,4894.0,4784,activities/055_260110082743.csv,1,1,0,0
fit:04f01143c9c76334dc1f7df426f77ac3e8992091d4090e6b06142aee6f9de488,2026-01-10T08:49:18+00:00,403,133,100,97,12.88,132.0,1,fit:04f01143c9c76334dc1f7df426f77ac3e8992091d4090e6b06142aee6f9de488:segment:004,4,4895.0,4785,activities/055_260110082743.csv,1,1,0,0
fit:04f01143c9c76334dc1f7df426f77ac3e8992091d4090e6b06142aee6f9de488,2026-01-10T08:49:19+00:00,404,133,101,97,12.993,131.0,1,fit:04f01143c9c76334dc1f7df426f77ac3e8992091d4090e6b06142aee6f9de488:segment:004,4,4896.0,4786,activities/055_260110082743.csv,1,1,0,0
fit:04f01143c9c76334dc1f7df426f77ac3e8992091d4090e6b06142aee6f9de488,2026-01-10T08:49:20+00:00,405,133,101,97,13.099,129.20000000000005,1,fit:04f01143c9c76334dc1f7df426f77ac3e8992091d4090e6b06142aee6f9de488:segment:004,4,4897.0,4787,activities/055_260110082743.csv,1,1,0,0
fit:04f01143c9c76334dc1f7df426f77ac3e8992091d4090e6b06142aee6f9de488,2026-01-10T08:49:21+00:00,406,133,102,97,13.157,129.20000000000005,1,fit:04f01143c9c76334dc1f7df426f77ac3e8992091d4090e6b06142aee6f9de488:segment:004,4,4898.0,4788,activities/055_260110082743.csv,1,1,0,0
fit:04f01143c9c76334dc1f7df426f77ac3e8992091d4090e6b06142aee6f9de488,2026-01-10T08:49:22+00:00,407,127,102,97,13.211,129.20000000000005,1,fit:04f01143c9c76334dc1f7df426f77ac3e8992091d4090e6b06142aee6f9de488:segment:004,4,4899.0,4789,activities/055_260110082743.csv,1,1,0,0
fit:04f01143c9c76334dc1f7df426f77ac3e8992091d4090e6b06142aee6f9de488,2026-01-10T08:49:23+00:00,408,0,102,95,13.223,128.20000000000005,1,fit:04f01143c9c76334dc1f7df426f77ac3e8992091d4090e6b06142aee6f9de488:segment:004,4,4900.0,4790,activities/055_260110082743.csv,1,1,0,0
fit:04f01143c9c76334dc1f7df426f77ac3e8992091d4090e6b06142aee6f9de488,2026-01-10T08:49:24+00:00,409,0,102,0,13.262,125.0,1,fit:04f01143c9c76334dc1f7df426f77ac3e8992091d4090e6b06142aee6f9de488:segment:004,4,4901.0,4791,activities/055_260110082743.csv,1,1,0,0
fit:04f01143c9c76334dc1f7df426f77ac3e8992091d4090e6b06142aee6f9de488,2026-01-10T08:49:25+00:00,410,0,102,0,13.298,125.0,1,fit:04f01143c9c76334dc1f7df426f77ac3e8992091d4090e6b06142aee6f9de488:segment:004,4,4902.0,4792,activities/055_260110082743.csv,1,1,0,0
fit:04f01143c9c76334dc1f7df426f77ac3e8992091d4090e6b06142aee6f9de488,2026-01-10T08:49:26+00:00,411,0,101,0,13.13,125.0,1,fit:04f01143c9c76334dc1f7df426f77ac3e8992091d4090e6b06142aee6f9de488:segment:004,4,4903.0,4793,activities/055_260110082743.csv,1,1,0,0
fit:04f01143c9c76334dc1f7df426f77ac3e8992091d4090e6b06142aee6f9de488,2026-01-10T08:49:27+00:00,412,0,100,0,12.816,125.0,1,fit:04f01143c9c76334dc1f7df426f77ac3e8992091d4090e6b06142aee6f9de488:segment:004,4,4904.0,4794,activities/055_260110082743.csv,1,1,0,0
fit:04f01143c9c76334dc1f7df426f77ac3e8992091d4090e6b06142aee6f9de488,2026-01-10T08:49:28+00:00,413,0,100,0,12.398,122.79999999999995,1,fit:04f01143c9c76334dc1f7df426f77ac3e8992091d4090e6b06142aee6f9de488:segment:004,4,4905.0,4795,activities/055_260110082743.csv,1,1,0,0
fit:04f01143c9c76334dc1f7df426f77ac3e8992091d4090e6b06142aee6f9de488,2026-01-10T08:49:29+00:00,414,0,99,0,12.007,122.79999999999995,1,fit:04f01143c9c76334dc1f7df426f77ac3e8992091d4090e6b06142aee6f9de488:segment:004,4,4906.0,4796,activities/055_260110082743.csv,1,1,0,0
fit:04f01143c9c76334dc1f7df426f77ac3e8992091d4090e6b06142aee6f9de488,2026-01-10T08:49:30+00:00,415,0,99,0,11.82,122.79999999999995,1,fit:04f01143c9c76334dc1f7df426f77ac3e8992091d4090e6b06142aee6f9de488:segment:004,4,4907.0,4797,activities/055_260110082743.csv,1,1,0,0
fit:04f01143c9c76334dc1f7df426f77ac3e8992091d4090e6b06142aee6f9de488,2026-01-10T08:49:31+00:00,416,0,98,0,11.806,122.79999999999995,1,fit:04f01143c9c76334dc1f7df426f77ac3e8992091d4090e6b06142aee6f9de488:segment:004,4,4908.0,4798,activities/055_260110082743.csv,1,1,0,0
fit:04f01143c9c76334dc1f7df426f77ac3e8992091d4090e6b06142aee6f9de488,2026-01-10T08:49:32+00:00,417,0,98,0,11.887,120.79999999999995,1,fit:04f01143c9c76334dc1f7df426f77ac3e8992091d4090e6b06142aee6f9de488:segment:004,4,4909.0,4799,activities/055_260110082743.csv,1,1,0,0
fit:04f01143c9c76334dc1f7df426f77ac3e8992091d4090e6b06142aee6f9de488,2026-01-10T08:49:33+00:00,418,0,98,0,11.469,120.79999999999995,1,fit:04f01143c9c76334dc1f7df426f77ac3e8992091d4090e6b06142aee6f9de488:segment:004,4,4910.0,4800,activities/055_260110082743.csv,1,1,0,0
fit:04f01143c9c76334dc1f7df426f77ac3e8992091d4090e6b06142aee6f9de488,2026-01-10T08:49:34+00:00,419,0,97,0,10.398,120.79999999999995,1,fit:04f01143c9c76334dc1f7df426f77ac3e8992091d4090e6b06142aee6f9de488:segment:004,4,4911.0,4801,activities/055_260110082743.csv,1,1,0,0
fit:04f01143c9c76334dc1f7df426f77ac3e8992091d4090e6b06142aee6f9de488,2026-01-10T08:49:35+00:00,420,0,97,0,9.454,120.79999999999995,1,fit:04f01143c9c76334dc1f7df426f77ac3e8992091d4090e6b06142aee6f9de488:segment:004,4,4912.0,4802,activities/055_260110082743.csv,1,1,0,0
fit:04f01143c9c76334dc1f7df426f77ac3e8992091d4090e6b06142aee6f9de488,2026-01-10T08:49:36+00:00,421,0,95,0,8.635,120.79999999999995,1,fit:04f01143c9c76334dc1f7df426f77ac3e8992091d4090e6b06142aee6f9de488:segment:004,4,4913.0,4803,activities/055_260110082743.csv,1,1,0,0
fit:04f01143c9c76334dc1f7df426f77ac3e8992091d4090e6b06142aee6f9de488,2026-01-10T08:49:37+00:00,422,0,95,0,7.834,121.0,1,fit:04f01143c9c76334dc1f7df426f77ac3e8992091d4090e6b06142aee6f9de488:segment:004,4,4914.0,4804,activities/055_260110082743.csv,1,1,0,0
fit:04f01143c9c76334dc1f7df426f77ac3e8992091d4090e6b06142aee6f9de488,2026-01-10T08:49:38+00:00,423,0,94,0,6.924,121.0,1,fit:04f01143c9c76334dc1f7df426f77ac3e8992091d4090e6b06142aee6f9de488:segment:004,4,4915.0,4805,activities/055_260110082743.csv,1,1,0,0
fit:04f01143c9c76334dc1f7df426f77ac3e8992091d4090e6b06142aee6f9de488,2026-01-10T08:49:39+00:00,424,0,92,0,6.147,121.0,1,fit:04f01143c9c76334dc1f7df426f77ac3e8992091d4090e6b06142aee6f9de488:segment:004,4,4916.0,4806,activities/055_260110082743.csv,1,1,0,0
fit:04f01143c9c76334dc1f7df426f77ac3e8992091d4090e6b06142aee6f9de488,2026-01-10T08:49:40+00:00,425,0,91,0,5.668,121.0,1,fit:04f01143c9c76334dc1f7df426f77ac3e8992091d4090e6b06142aee6f9de488:segment:004,4,4917.0,4807,activities/055_260110082743.csv,1,1,0,0
fit:04f01143c9c76334dc1f7df426f77ac3e8992091d4090e6b06142aee6f9de488,2026-01-10T08:49:41+00:00,426,0,90,0,5.309,121.39999999999998,1,fit:04f01143c9c76334dc1f7df426f77ac3e8992091d4090e6b06142aee6f9de488:segment:004,4,4918.0,4808,activities/055_260110082743.csv,1,1,0,0
fit:04f01143c9c76334dc1f7df426f77ac3e8992091d4090e6b06142aee6f9de488,2026-01-10T08:49:42+00:00,427,0,90,0,5.155,121.39999999999998,1,fit:04f01143c9c76334dc1f7df426f77ac3e8992091d4090e6b06142aee6f9de488:segment:004,4,4919.0,4809,activities/055_260110082743.csv,1,1,0,0
fit:04f01143c9c76334dc1f7df426f77ac3e8992091d4090e6b06142aee6f9de488,2026-01-10T08:49:43+00:00,428,0,90,0,5.264,121.39999999999998,1,fit:04f01143c9c76334dc1f7df426f77ac3e8992091d4090e6b06142aee6f9de488:segment:004,4,4920.0,4810,activities/055_260110082743.csv,1,1,0,0
fit:04f01143c9c76334dc1f7df426f77ac3e8992091d4090e6b06142aee6f9de488,2026-01-10T08:49:44+00:00,429,0,89,0,5.469,121.39999999999998,1,fit:04f01143c9c76334dc1f7df426f77ac3e8992091d4090e6b06142aee6f9de488:segment:004,4,4921.0,4811,activities/055_260110082743.csv,1,1,0,0
fit:04f01143c9c76334dc1f7df426f77ac3e8992091d4090e6b06142aee6f9de488,2026-01-10T08:49:45+00:00,430,0,89,0,5.606,120.79999999999995,1,fit:04f01143c9c76334dc1f7df426f77ac3e8992091d4090e6b06142aee6f9de488:segment:004,4,4922.0,4812,activities/055_260110082743.csv,1,1,0,0
fit:04f01143c9c76334dc1f7df426f77ac3e8992091d4090e6b06142aee6f9de488,2026-01-10T08:49:46+00:00,431,72,89,0,5.748,120.79999999999995,1,fit:04f01143c9c76334dc1f7df426f77ac3e8992091d4090e6b06142aee6f9de488:segment:004,4,4923.0,4813,activities/055_260110082743.csv,1,1,0,0
fit:04f01143c9c76334dc1f7df426f77ac3e8992091d4090e6b06142aee6f9de488,2026-01-10T08:49:47+00:00,432,72,89,28,6.089,120.79999999999995,1,fit:04f01143c9c76334dc1f7df426f77ac3e8992091d4090e6b06142aee6f9de488:segment:004,4,4924.0,4814,activities/055_260110082743.csv,1,1,0,0
fit:04f01143c9c76334dc1f7df426f77ac3e8992091d4090e6b06142aee6f9de488,2026-01-10T08:49:48+00:00,433,12,90,28,6.472,120.0,1,fit:04f01143c9c76334dc1f7df426f77ac3e8992091d4090e6b06142aee6f9de488:segment:004,4,4925.0,4815,activities/055_260110082743.csv,1,1,0,0
fit:04f01143c9c76334dc1f7df426f77ac3e8992091d4090e6b06142aee6f9de488,2026-01-10T08:49:49+00:00,434,12,90,33,6.804,119.0,1,fit:04f01143c9c76334dc1f7df426f77ac3e8992091d4090e6b06142aee6f9de488:segment:004,4,4926.0,4816,activities/055_260110082743.csv,1,1,0,0
fit:04f01143c9c76334dc1f7df426f77ac3e8992091d4090e6b06142aee6f9de488,2026-01-10T08:49:50+00:00,435,12,91,33,7.275,119.0,1,fit:04f01143c9c76334dc1f7df426f77ac3e8992091d4090e6b06142aee6f9de488:segment:004,4,4927.0,4817,activities/055_260110082743.csv,1,1,0,0
fit:04f01143c9c76334dc1f7df426f77ac3e8992091d4090e6b06142aee6f9de488,2026-01-10T08:49:51+00:00,436,12,93,33,7.69,119.0,1,fit:04f01143c9c76334dc1f7df426f77ac3e8992091d4090e6b06142aee6f9de488:segment:004,4,4928.0,4818,activities/055_260110082743.csv,1,1,0,0
fit:04f01143c9c76334dc1f7df426f77ac3e8992091d4090e6b06142aee6f9de488,2026-01-10T08:49:52+00:00,437,11,96,33,8.153,118.0,1,fit:04f01143c9c76334dc1f7df426f77ac3e8992091d4090e6b06142aee6f9de488:segment:004,4,4929.0,4819,activities/055_260110082743.csv,1,1,0,0
fit:04f01143c9c76334dc1f7df426f77ac3e8992091d4090e6b06142aee6f9de488,2026-01-10T08:49:53+00:00,438,0,97,32,8.607,116.0,1,fit:04f01143c9c76334dc1f7df426f77ac3e8992091d4090e6b06142aee6f9de488:segment:004,4,4930.0,4820,activities/055_260110082743.csv,1,1,0,0
fit:04f01143c9c76334dc1f7df426f77ac3e8992091d4090e6b06142aee6f9de488,2026-01-10T08:49:54+00:00,439,0,97,0,8.952,116.0,1,fit:04f01143c9c76334dc1f7df426f77ac3e8992091d4090e6b06142aee6f9de488:segment:004,4,4931.0,4821,activities/055_260110082743.csv,1,1,0,0
fit:04f01143c9c76334dc1f7df426f77ac3e8992091d4090e6b06142aee6f9de488,2026-01-10T08:49:55+00:00,440,0,100,0,9.309,116.0,1,fit:04f01143c9c76334dc1f7df426f77ac3e8992091d4090e6b06142aee6f9de488:segment:004,4,4932.0,4822,activities/055_260110082743.csv,1,1,0,0
fit:04f01143c9c76334dc1f7df426f77ac3e8992091d4090e6b06142aee6f9de488,2026-01-10T08:49:56+00:00,441,0,100,0,9.627,115.0,1,fit:04f01143c9c76334dc1f7df426f77ac3e8992091d4090e6b06142aee6f9de488:segment:004,4,4933.0,4823,activities/055_260110082743.csv,1,1,0,0
fit:04f01143c9c76334dc1f7df426f77ac3e8992091d4090e6b06142aee6f9de488,2026-01-10T08:49:57+00:00,442,0,100,0,9.933,112.60000000000002,1,fit:04f01143c9c76334dc1f7df426f77ac3e8992091d4090e6b06142aee6f9de488:segment:004,4,4934.0,4824,activities/055_260110082743.csv,1,1,0,0
fit:04f01143c9c76334dc1f7df426f77ac3e8992091d4090e6b06142aee6f9de488,2026-01-10T08:49:58+00:00,443,0,99,0,10.293,112.60000000000002,1,fit:04f01143c9c76334dc1f7df426f77ac3e8992091d4090e6b06142aee6f9de488:segment:004,4,4935.0,4825,activities/055_260110082743.csv,1,1,0,0
fit:04f01143c9c76334dc1f7df426f77ac3e8992091d4090e6b06142aee6f9de488,2026-01-10T08:49:59+00:00,444,0,97,0,10.636,112.60000000000002,1,fit:04f01143c9c76334dc1f7df426f77ac3e8992091d4090e6b06142aee6f9de488:segment:004,4,4936.0,4826,activities/055_260110082743.csv,1,1,0,0
fit:04f01143c9c76334dc1f7df426f77ac3e8992091d4090e6b06142aee6f9de488,2026-01-10T08:50:00+00:00,445,0,95,0,10.981,112.60000000000002,1,fit:04f01143c9c76334dc1f7df426f77ac3e8992091d4090e6b06142aee6f9de488:segment:004,4,4937.0,4827,activities/055_260110082743.csv,1,1,0,0
fit:04f01143c9c76334dc1f7df426f77ac3e8992091d4090e6b06142aee6f9de488,2026-01-10T08:50:01+00:00,446,0,95,0,11.295,109.20000000000005,1,fit:04f01143c9c76334dc1f7df426f77ac3e8992091d4090e6b06142aee6f9de488:segment:004,4,4938.0,4828,activities/055_260110082743.csv,1,1,0,0
fit:04f01143c9c76334dc1f7df426f77ac3e8992091d4090e6b06142aee6f9de488,2026-01-10T08:50:02+00:00,447,0,94,0,11.643,109.20000000000005,1,fit:04f01143c9c76334dc1f7df426f77ac3e8992091d4090e6b06142aee6f9de488:segment:004,4,4939.0,4829,activities/055_260110082743.csv,1,1,0,0
fit:04f01143c9c76334dc1f7df426f77ac3e8992091d4090e6b06142aee6f9de488,2026-01-10T08:50:03+00:00,448,0,93,0,11.933,109.20000000000005,1,fit:04f01143c9c76334dc1f7df426f77ac3e8992091d4090e6b06142aee6f9de488:segment:004,4,4940.0,4830,activities/055_260110082743.csv,1,1,0,0
fit:04f01143c9c76334dc1f7df426f77ac3e8992091d4090e6b06142aee6f9de488,2026-01-10T08:50:04+00:00,449,0,92,0,12.19,108.20000000000005,1,fit:04f01143c9c76334dc1f7df426f77ac3e8992091d4090e6b06142aee6f9de488:segment:004,4,4941.0,4831,activities/055_260110082743.csv,1,1,0,0
fit:04f01143c9c76334dc1f7df426f77ac3e8992091d4090e6b06142aee6f9de488,2026-01-10T08:50:05+00:00,450,0,92,0,12.394,103.79999999999995,1,fit:04f01143c9c76334dc1f7df426f77ac3e8992091d4090e6b06142aee6f9de488:segment:004,4,4942.0,4832,activities/055_260110082743.csv,1,1,0,0
fit:04f01143c9c76334dc1f7df426f77ac3e8992091d4090e6b06142aee6f9de488,2026-01-10T08:50:06+00:00,451,0,92,0,12.642,103.79999999999995,1,fit:04f01143c9c76334dc1f7df426f77ac3e8992091d4090e6b06142aee6f9de488:segment:004,4,4943.0,4833,activities/055_260110082743.csv,1,1,0,0
fit:04f01143c9c76334dc1f7df426f77ac3e8992091d4090e6b06142aee6f9de488,2026-01-10T08:50:07+00:00,452,0,93,0,12.824,103.79999999999995,1,fit:04f01143c9c76334dc1f7df426f77ac3e8992091d4090e6b06142aee6f9de488:segment:004,4,4944.0,4834,activities/055_260110082743.csv,1,1,0,0
fit:04f01143c9c76334dc1f7df426f77ac3e8992091d4090e6b06142aee6f9de488,2026-01-10T08:50:08+00:00,453,0,94,0,13.012,102.79999999999995,1,fit:04f01143c9c76334dc1f7df426f77ac3e8992091d4090e6b06142aee6f9de488:segment:004,4,4945.0,4835,activities/055_260110082743.csv,1,1,0,0
fit:04f01143c9c76334dc1f7df426f77ac3e8992091d4090e6b06142aee6f9de488,2026-01-10T08:50:09+00:00,454,0,94,0,13.085,100.60000000000002,1,fit:04f01143c9c76334dc1f7df426f77ac3e8992091d4090e6b06142aee6f9de488:segment:004,4,4946.0,4836,activities/055_260110082743.csv,1,1,0,0
fit:04f01143c9c76334dc1f7df426f77ac3e8992091d4090e6b06142aee6f9de488,2026-01-10T08:50:10+00:00,455,0,95,0,13.226,100.60000000000002,1,fit:04f01143c9c76334dc1f7df426f77ac3e8992091d4090e6b06142aee6f9de488:segment:004,4,4947.0,4837,activities/055_260110082743.csv,1,1,0,0
fit:04f01143c9c76334dc1f7df426f77ac3e8992091d4090e6b06142aee6f9de488,2026-01-10T08:50:11+00:00,456,0,96,0,13.36,100.60000000000002,1,fit:04f01143c9c76334dc1f7df426f77ac3e8992091d4090e6b06142aee6f9de488:segment:004,4,4948.0,4838,activities/055_260110082743.csv,1,1,0,0
fit:04f01143c9c76334dc1f7df426f77ac3e8992091d4090e6b06142aee6f9de488,2026-01-10T08:50:12+00:00,457,0,95,0,13.507,99.60000000000002,1,fit:04f01143c9c76334dc1f7df426f77ac3e8992091d4090e6b06142aee6f9de488:segment:004,4,4949.0,4839,activities/055_260110082743.csv,1,1,0,0
fit:04f01143c9c76334dc1f7df426f77ac3e8992091d4090e6b06142aee6f9de488,2026-01-10T08:50:13+00:00,458,0,95,0,13.58,96.39999999999998,1,fit:04f01143c9c76334dc1f7df426f77ac3e8992091d4090e6b06142aee6f9de488:segment:004,4,4950.0,4840,activities/055_260110082743.csv,1,1,0,0
fit:04f01143c9c76334dc1f7df426f77ac3e8992091d4090e6b06142aee6f9de488,2026-01-10T08:50:14+00:00,459,0,95,0,13.695,96.39999999999998,1,fit:04f01143c9c76334dc1f7df426f77ac3e8992091d4090e6b06142aee6f9de488:segment:004,4,4951.0,4841,activities/055_260110082743.csv,1,1,0,0
fit:04f01143c9c76334dc1f7df426f77ac3e8992091d4090e6b06142aee6f9de488,2026-01-10T08:50:15+00:00,460,0,94,0,13.545,96.39999999999998,1,fit:04f01143c9c76334dc1f7df426f77ac3e8992091d4090e6b06142aee6f9de488:segment:004,4,4952.0,4842,activities/055_260110082743.csv,1,1,0,0
fit:04f01143c9c76334dc1f7df426f77ac3e8992091d4090e6b06142aee6f9de488,2026-01-10T08:50:16+00:00,461,0,94,0,13.249,96.39999999999998,1,fit:04f01143c9c76334dc1f7df426f77ac3e8992091d4090e6b06142aee6f9de488:segment:004,4,4953.0,4843,activities/055_260110082743.csv,1,1,0,0
fit:04f01143c9c76334dc1f7df426f77ac3e8992091d4090e6b06142aee6f9de488,2026-01-10T08:50:17+00:00,462,0,92,0,12.96,93.60000000000002,1,fit:04f01143c9c76334dc1f7df426f77ac3e8992091d4090e6b06142aee6f9de488:segment:004,4,4954.0,4844,activities/055_260110082743.csv,1,1,0,0
fit:04f01143c9c76334dc1f7df426f77ac3e8992091d4090e6b06142aee6f9de488,2026-01-10T08:50:18+00:00,463,0,92,0,12.824,93.60000000000002,1,fit:04f01143c9c76334dc1f7df426f77ac3e8992091d4090e6b06142aee6f9de488:segment:004,4,4955.0,4845,activities/055_260110082743.csv,1,1,0,0
fit:04f01143c9c76334dc1f7df426f77ac3e8992091d4090e6b06142aee6f9de488,2026-01-10T08:50:19+00:00,464,0,92,0,12.827,93.60000000000002,1,fit:04f01143c9c76334dc1f7df426f77ac3e8992091d4090e6b06142aee6f9de488:segment:004,4,4956.0,4846,activities/055_260110082743.csv,1,1,0,0
fit:04f01143c9c76334dc1f7df426f77ac3e8992091d4090e6b06142aee6f9de488,2026-01-10T08:50:20+00:00,465,0,92,0,12.839,92.60000000000002,1,fit:04f01143c9c76334dc1f7df426f77ac3e8992091d4090e6b06142aee6f9de488:segment:004,4,4957.0,4847,activities/055_260110082743.csv,1,1,0,0
fit:04f01143c9c76334dc1f7df426f77ac3e8992091d4090e6b06142aee6f9de488,2026-01-10T08:50:21+00:00,466,0,92,0,13.0,90.60000000000002,1,fit:04f01143c9c76334dc1f7df426f77ac3e8992091d4090e6b06142aee6f9de488:segment:004,4,4958.0,4848,activities/055_260110082743.csv,1,1,0,0
fit:04f01143c9c76334dc1f7df426f77ac3e8992091d4090e6b06142aee6f9de488,2026-01-10T08:50:22+00:00,467,0,93,0,13.196,90.60000000000002,1,fit:04f01143c9c76334dc1f7df426f77ac3e8992091d4090e6b06142aee6f9de488:segment:004,4,4959.0,4849,activities/055_260110082743.csv,1,1,0,0
fit:04f01143c9c76334dc1f7df426f77ac3e8992091d4090e6b06142aee6f9de488,2026-01-10T08:50:23+00:00,468,0,93,0,13.424,90.60000000000002,1,fit:04f01143c9c76334dc1f7df426f77ac3e8992091d4090e6b06142aee6f9de488:segment:004,4,4960.0,4850,activities/055_260110082743.csv,1,1,0,0
fit:04f01143c9c76334dc1f7df426f77ac3e8992091d4090e6b06142aee6f9de488,2026-01-10T08:50:24+00:00,469,0,93,0,13.634,89.60000000000002,1,fit:04f01143c9c76334dc1f7df426f77ac3e8992091d4090e6b06142aee6f9de488:segment:004,4,4961.0,4851,activities/055_260110082743.csv,1,1,0,0
fit:04f01143c9c76334dc1f7df426f77ac3e8992091d4090e6b06142aee6f9de488,2026-01-10T08:50:25+00:00,470,0,93,0,13.775,86.20000000000005,1,fit:04f01143c9c76334dc1f7df426f77ac3e8992091d4090e6b06142aee6f9de488:segment:004,4,4962.0,4852,activities/055_260110082743.csv,1,1,0,0
fit:04f01143c9c76334dc1f7df426f77ac3e8992091d4090e6b06142aee6f9de488,2026-01-10T08:50:26+00:00,471,0,93,0,14.047,86.20000000000005,1,fit:04f01143c9c76334dc1f7df426f77ac3e8992091d4090e6b06142aee6f9de488:segment:004,4,4963.0,4853,activities/055_260110082743.csv,1,1,0,0
fit:04f01143c9c76334dc1f7df426f77ac3e8992091d4090e6b06142aee6f9de488,2026-01-10T08:50:27+00:00,472,0,93,0,14.125,86.20000000000005,1,fit:04f01143c9c76334dc1f7df426f77ac3e8992091d4090e6b06142aee6f9de488:segment:004,4,4964.0,4854,activities/055_260110082743.csv,1,1,0,0
fit:04f01143c9c76334dc1f7df426f77ac3e8992091d4090e6b06142aee6f9de488,2026-01-10T08:50:28+00:00,473,0,94,0,14.267,85.20000000000005,1,fit:04f01143c9c76334dc1f7df426f77ac3e8992091d4090e6b06142aee6f9de488:segment:004,4,4965.0,4855,activities/055_260110082743.csv,1,1,0,0
fit:04f01143c9c76334dc1f7df426f77ac3e8992091d4090e6b06142aee6f9de488,2026-01-10T08:50:29+00:00,474,0,94,0,14.136,82.20000000000005,1,fit:04f01143c9c76334dc1f7df426f77ac3e8992091d4090e6b06142aee6f9de488:segment:004,4,4966.0,4856,activities/055_260110082743.csv,1,1,0,0
fit:04f01143c9c76334dc1f7df426f77ac3e8992091d4090e6b06142aee6f9de488,2026-01-10T08:50:30+00:00,475,0,94,0,13.352,82.20000000000005,1,fit:04f01143c9c76334dc1f7df426f77ac3e8992091d4090e6b06142aee6f9de488:segment:004,4,4967.0,4857,activities/055_260110082743.csv,1,1,0,0
fit:04f01143c9c76334dc1f7df426f77ac3e8992091d4090e6b06142aee6f9de488,2026-01-10T08:50:31+00:00,476,0,94,0,12.353,82.20000000000005,1,fit:04f01143c9c76334dc1f7df426f77ac3e8992091d4090e6b06142aee6f9de488:segment:004,4,4968.0,4858,activities/055_260110082743.csv,1,1,0,0
fit:04f01143c9c76334dc1f7df426f77ac3e8992091d4090e6b06142aee6f9de488,2026-01-10T08:50:32+00:00,477,0,94,0,11.059,82.20000000000005,1,fit:04f01143c9c76334dc1f7df426f77ac3e8992091d4090e6b06142aee6f9de488:segment:004,4,4969.0,4859,activities/055_260110082743.csv,1,1,0,0
fit:04f01143c9c76334dc1f7df426f77ac3e8992091d4090e6b06142aee6f9de488,2026-01-10T08:50:33+00:00,478,0,95,0,9.811,81.39999999999998,1,fit:04f01143c9c76334dc1f7df426f77ac3e8992091d4090e6b06142aee6f9de488:segment:004,4,4970.0,4860,activities/055_260110082743.csv,1,1,0,0
fit:04f01143c9c76334dc1f7df426f77ac3e8992091d4090e6b06142aee6f9de488,2026-01-10T08:50:34+00:00,479,0,95,0,8.46,81.39999999999998,1,fit:04f01143c9c76334dc1f7df426f77ac3e8992091d4090e6b06142aee6f9de488:segment:004,4,4971.0,4861,activities/055_260110082743.csv,1,1,0,0
fit:04f01143c9c76334dc1f7df426f77ac3e8992091d4090e6b06142aee6f9de488,2026-01-10T08:50:35+00:00,480,0,95,0,7.3,81.39999999999998,1,fit:04f01143c9c76334dc1f7df426f77ac3e8992091d4090e6b06142aee6f9de488:segment:004,4,4972.0,4862,activities/055_260110082743.csv,1,1,0,0
fit:04f01143c9c76334dc1f7df426f77ac3e8992091d4090e6b06142aee6f9de488,2026-01-10T08:50:36+00:00,481,0,94,0,6.601,81.39999999999998,1,fit:04f01143c9c76334dc1f7df426f77ac3e8992091d4090e6b06142aee6f9de488:segment:004,4,4973.0,4863,activities/055_260110082743.csv,1,1,0,0
fit:04f01143c9c76334dc1f7df426f77ac3e8992091d4090e6b06142aee6f9de488,2026-01-10T08:50:37+00:00,482,0,94,0,6.152,82.39999999999998,1,fit:04f01143c9c76334dc1f7df426f77ac3e8992091d4090e6b06142aee6f9de488:segment:004,4,4974.0,4864,activities/055_260110082743.csv,1,1,0,0
fit:04f01143c9c76334dc1f7df426f77ac3e8992091d4090e6b06142aee6f9de488,2026-01-10T08:50:38+00:00,483,0,93,0,5.917,82.39999999999998,1,fit:04f01143c9c76334dc1f7df426f77ac3e8992091d4090e6b06142aee6f9de488:segment:004,4,4975.0,4865,activities/055_260110082743.csv,1,1,0,0
fit:04f01143c9c76334dc1f7df426f77ac3e8992091d4090e6b06142aee6f9de488,2026-01-10T08:50:39+00:00,484,0,92,0,5.843,82.39999999999998,1,fit:04f01143c9c76334dc1f7df426f77ac3e8992091d4090e6b06142aee6f9de488:segment:004,4,4976.0,4866,activities/055_260110082743.csv,1,1,0,0
fit:04f01143c9c76334dc1f7df426f77ac3e8992091d4090e6b06142aee6f9de488,2026-01-10T08:50:40+00:00,485,0,91,0,5.809,81.39999999999998,1,fit:04f01143c9c76334dc1f7df426f77ac3e8992091d4090e6b06142aee6f9de488:segment:004,4,4977.0,4867,activities/055_260110082743.csv,1,1,0,0
fit:04f01143c9c76334dc1f7df426f77ac3e8992091d4090e6b06142aee6f9de488,2026-01-10T08:50:41+00:00,486,0,91,0,5.947,81.79999999999995,1,fit:04f01143c9c76334dc1f7df426f77ac3e8992091d4090e6b06142aee6f9de488:segment:004,4,4978.0,4868,activities/055_260110082743.csv,1,1,0,0
fit:04f01143c9c76334dc1f7df426f77ac3e8992091d4090e6b06142aee6f9de488,2026-01-10T08:50:42+00:00,487,299,90,0,5.987,81.79999999999995,1,fit:04f01143c9c76334dc1f7df426f77ac3e8992091d4090e6b06142aee6f9de488:segment:004,4,4979.0,4869,activities/055_260110082743.csv,1,1,0,0
fit:04f01143c9c76334dc1f7df426f77ac3e8992091d4090e6b06142aee6f9de488,2026-01-10T08:50:43+00:00,488,299,89,58,6.448,81.79999999999995,1,fit:04f01143c9c76334dc1f7df426f77ac3e8992091d4090e6b06142aee6f9de488:segment:004,4,4980.0,4870,activities/055_260110082743.csv,1,1,0,0
fit:04f01143c9c76334dc1f7df426f77ac3e8992091d4090e6b06142aee6f9de488,2026-01-10T08:50:44+00:00,489,124,89,58,7.068,80.79999999999995,1,fit:04f01143c9c76334dc1f7df426f77ac3e8992091d4090e6b06142aee6f9de488:segment:004,4,4981.0,4871,activities/055_260110082743.csv,1,1,0,0
fit:04f01143c9c76334dc1f7df426f77ac3e8992091d4090e6b06142aee6f9de488,2026-01-10T08:50:45+00:00,490,124,90,47,7.463,79.20000000000005,1,fit:04f01143c9c76334dc1f7df426f77ac3e8992091d4090e6b06142aee6f9de488:segment:004,4,4982.0,4872,activities/055_260110082743.csv,1,1,0,0
fit:04f01143c9c76334dc1f7df426f77ac3e8992091d4090e6b06142aee6f9de488,2026-01-10T08:50:46+00:00,491,124,90,47,7.819,79.20000000000005,1,fit:04f01143c9c76334dc1f7df426f77ac3e8992091d4090e6b06142aee6f9de488:segment:004,4,4983.0,4873,activities/055_260110082743.csv,1,1,0,0
fit:04f01143c9c76334dc1f7df426f77ac3e8992091d4090e6b06142aee6f9de488,2026-01-10T08:50:47+00:00,492,121,91,47,8.202,79.20000000000005,1,fit:04f01143c9c76334dc1f7df426f77ac3e8992091d4090e6b06142aee6f9de488:segment:004,4,4984.0,4874,activities/055_260110082743.csv,1,1,0,0
fit:04f01143c9c76334dc1f7df426f77ac3e8992091d4090e6b06142aee6f9de488,2026-01-10T08:50:48+00:00,493,0,93,0,8.731,78.20000000000005,1,fit:04f01143c9c76334dc1f7df426f77ac3e8992091d4090e6b06142aee6f9de488:segment:004,4,4985.0,4875,activities/055_260110082743.csv,1,1,0,0
fit:04f01143c9c76334dc1f7df426f77ac3e8992091d4090e6b06142aee6f9de488,2026-01-10T08:50:49+00:00,494,0,96,0,9.015,77.0,1,fit:04f01143c9c76334dc1f7df426f77ac3e8992091d4090e6b06142aee6f9de488:segment:004,4,4986.0,4876,activities/055_260110082743.csv,1,1,0,0
fit:04f01143c9c76334dc1f7df426f77ac3e8992091d4090e6b06142aee6f9de488,2026-01-10T08:50:50+00:00,495,0,98,0,9.353,77.0,1,fit:04f01143c9c76334dc1f7df426f77ac3e8992091d4090e6b06142aee6f9de488:segment:004,4,4987.0,4877,activities/055_260110082743.csv,1,1,0,0
fit:04f01143c9c76334dc1f7df426f77ac3e8992091d4090e6b06142aee6f9de488,2026-01-10T08:50:51+00:00,496,0,98,0,9.642,77.0,1,fit:04f01143c9c76334dc1f7df426f77ac3e8992091d4090e6b06142aee6f9de488:segment:004,4,4988.0,4878,activities/055_260110082743.csv,1,1,0,0
fit:04f01143c9c76334dc1f7df426f77ac3e8992091d4090e6b06142aee6f9de488,2026-01-10T08:50:52+00:00,497,0,98,0,9.931,76.0,1,fit:04f01143c9c76334dc1f7df426f77ac3e8992091d4090e6b06142aee6f9de488:segment:004,4,4989.0,4879,activities/055_260110082743.csv,1,1,0,0
fit:04f01143c9c76334dc1f7df426f77ac3e8992091d4090e6b06142aee6f9de488,2026-01-10T08:50:53+00:00,498,0,98,0,10.242,73.79999999999995,1,fit:04f01143c9c76334dc1f7df426f77ac3e8992091d4090e6b06142aee6f9de488:segment:004,4,4990.0,4880,activities/055_260110082743.csv,1,1,0,0
fit:04f01143c9c76334dc1f7df426f77ac3e8992091d4090e6b06142aee6f9de488,2026-01-10T08:50:54+00:00,499,0,97,0,10.576,73.79999999999995,1,fit:04f01143c9c76334dc1f7df426f77ac3e8992091d4090e6b06142aee6f9de488:segment:004,4,4991.0,4881,activities/055_260110082743.csv,1,1,0,0
fit:04f01143c9c76334dc1f7df426f77ac3e8992091d4090e6b06142aee6f9de488,2026-01-10T08:50:55+00:00,500,0,95,0,10.882,73.79999999999995,1,fit:04f01143c9c76334dc1f7df426f77ac3e8992091d4090e6b06142aee6f9de488:segment:004,4,4992.0,4882,activities/055_260110082743.csv,1,1,0,0
fit:04f01143c9c76334dc1f7df426f77ac3e8992091d4090e6b06142aee6f9de488,2026-01-10T08:50:56+00:00,501,0,95,0,11.12,72.79999999999995,1,fit:04f01143c9c76334dc1f7df426f77ac3e8992091d4090e6b06142aee6f9de488:segment:004,4,4993.0,4883,activities/055_260110082743.csv,1,1,0,0
fit:04f01143c9c76334dc1f7df426f77ac3e8992091d4090e6b06142aee6f9de488,2026-01-10T08:50:57+00:00,502,0,93,0,11.261,71.0,1,fit:04f01143c9c76334dc1f7df426f77ac3e8992091d4090e6b06142aee6f9de488:segment:004,4,4994.0,4884,activities/055_260110082743.csv,1,1,0,0
fit:04f01143c9c76334dc1f7df426f77ac3e8992091d4090e6b06142aee6f9de488,2026-01-10T08:50:58+00:00,503,0,90,0,11.622,71.0,1,fit:04f01143c9c76334dc1f7df426f77ac3e8992091d4090e6b06142aee6f9de488:segment:004,4,4995.0,4885,activities/055_260110082743.csv,1,1,0,0
fit:04f01143c9c76334dc1f7df426f77ac3e8992091d4090e6b06142aee6f9de488,2026-01-10T08:50:59+00:00,504,0,90,0,11.848,71.0,1,fit:04f01143c9c76334dc1f7df426f77ac3e8992091d4090e6b06142aee6f9de488:segment:004,4,4996.0,4886,activities/055_260110082743.csv,1,1,0,0
fit:04f01143c9c76334dc1f7df426f77ac3e8992091d4090e6b06142aee6f9de488,2026-01-10T08:51:00+00:00,505,0,88,0,12.128,70.0,1,fit:04f01143c9c76334dc1f7df426f77ac3e8992091d4090e6b06142aee6f9de488:segment:004,4,4997.0,4887,activities/055_260110082743.csv,1,1,0,0
fit:04f01143c9c76334dc1f7df426f77ac3e8992091d4090e6b06142aee6f9de488,2026-01-10T08:51:01+00:00,506,0,88,0,12.464,67.39999999999998,1,fit:04f01143c9c76334dc1f7df426f77ac3e8992091d4090e6b06142aee6f9de488:segment:004,4,4998.0,4888,activities/055_260110082743.csv,1,1,0,0
fit:04f01143c9c76334dc1f7df426f77ac3e8992091d4090e6b06142aee6f9de488,2026-01-10T08:51:02+00:00,507,0,88,0,12.742,67.39999999999998,1,fit:04f01143c9c76334dc1f7df426f77ac3e8992091d4090e6b06142aee6f9de488:segment:004,4,4999.0,4889,activities/055_260110082743.csv,1,1,0,0
fit:04f01143c9c76334dc1f7df426f77ac3e8992091d4090e6b06142aee6f9de488,2026-01-10T08:51:03+00:00,508,0,88,0,13.045,67.39999999999998,1,fit:04f01143c9c76334dc1f7df426f77ac3e8992091d4090e6b06142aee6f9de488:segment:004,4,5000.0,4890,activities/055_260110082743.csv,1,1,0,0
fit:04f01143c9c76334dc1f7df426f77ac3e8992091d4090e6b06142aee6f9de488,2026-01-10T08:51:04+00:00,509,0,88,0,13.252,66.39999999999998,1,fit:04f01143c9c76334dc1f7df426f77ac3e8992091d4090e6b06142aee6f9de488:segment:004,4,5001.0,4891,activities/055_260110082743.csv,1,1,0,0
fit:04f01143c9c76334dc1f7df426f77ac3e8992091d4090e6b06142aee6f9de488,2026-01-10T08:51:05+00:00,510,0,89,0,13.461,61.60000000000002,1,fit:04f01143c9c76334dc1f7df426f77ac3e8992091d4090e6b06142aee6f9de488:segment:004,4,5002.0,4892,activities/055_260110082743.csv,1,1,0,0
fit:04f01143c9c76334dc1f7df426f77ac3e8992091d4090e6b06142aee6f9de488,2026-01-10T08:51:06+00:00,511,0,89,0,13.681,61.60000000000002,1,fit:04f01143c9c76334dc1f7df426f77ac3e8992091d4090e6b06142aee6f9de488:segment:004,4,5003.0,4893,activities/055_260110082743.csv,1,1,0,0
fit:04f01143c9c76334dc1f7df426f77ac3e8992091d4090e6b06142aee6f9de488,2026-01-10T08:51:07+00:00,512,0,89,0,13.763,61.60000000000002,1,fit:04f01143c9c76334dc1f7df426f77ac3e8992091d4090e6b06142aee6f9de488:segment:004,4,5004.0,4894,activities/055_260110082743.csv,1,1,0,0
fit:04f01143c9c76334dc1f7df426f77ac3e8992091d4090e6b06142aee6f9de488,2026-01-10T08:51:08+00:00,513,0,90,0,13.87,61.60000000000002,1,fit:04f01143c9c76334dc1f7df426f77ac3e8992091d4090e6b06142aee6f9de488:segment:004,4,5005.0,4895,activities/055_260110082743.csv,1,1,0,0
fit:04f01143c9c76334dc1f7df426f77ac3e8992091d4090e6b06142aee6f9de488,2026-01-10T08:51:09+00:00,514,0,90,0,14.166,57.39999999999998,1,fit:04f01143c9c76334dc1f7df426f77ac3e8992091d4090e6b06142aee6f9de488:segment:004,4,5006.0,4896,activities/055_260110082743.csv,1,1,0,0
fit:04f01143c9c76334dc1f7df426f77ac3e8992091d4090e6b06142aee6f9de488,2026-01-10T08:51:10+00:00,515,0,91,0,14.385,57.39999999999998,1,fit:04f01143c9c76334dc1f7df426f77ac3e8992091d4090e6b06142aee6f9de488:segment:004,4,5007.0,4897,activities/055_260110082743.csv,1,1,0,0
fit:04f01143c9c76334dc1f7df426f77ac3e8992091d4090e6b06142aee6f9de488,2026-01-10T08:51:11+00:00,516,0,91,0,14.583,57.39999999999998,1,fit:04f01143c9c76334dc1f7df426f77ac3e8992091d4090e6b06142aee6f9de488:segment:004,4,5008.0,4898,activities/055_260110082743.csv,1,1,0,0
fit:04f01143c9c76334dc1f7df426f77ac3e8992091d4090e6b06142aee6f9de488,2026-01-10T08:51:12+00:00,517,0,91,0,14.784,56.39999999999998,1,fit:04f01143c9c76334dc1f7df426f77ac3e8992091d4090e6b06142aee6f9de488:segment:004,4,5009.0,4899,activities/055_260110082743.csv,1,1,0,0
fit:04f01143c9c76334dc1f7df426f77ac3e8992091d4090e6b06142aee6f9de488,2026-01-10T08:51:13+00:00,518,0,92,0,14.848,52.60000000000002,1,fit:04f01143c9c76334dc1f7df426f77ac3e8992091d4090e6b06142aee6f9de488:segment:004,4,5010.0,4900,activities/055_260110082743.csv,1,1,0,0
fit:04f01143c9c76334dc1f7df426f77ac3e8992091d4090e6b06142aee6f9de488,2026-01-10T08:51:14+00:00,519,0,94,0,14.381,52.60000000000002,1,fit:04f01143c9c76334dc1f7df426f77ac3e8992091d4090e6b06142aee6f9de488:segment:004,4,5011.0,4901,activities/055_260110082743.csv,1,1,0,0
fit:04f01143c9c76334dc1f7df426f77ac3e8992091d4090e6b06142aee6f9de488,2026-01-10T08:51:15+00:00,520,0,95,0,13.407,52.60000000000002,1,fit:04f01143c9c76334dc1f7df426f77ac3e8992091d4090e6b06142aee6f9de488:segment:004,4,5012.0,4902,activities/055_260110082743.csv,1,1,0,0
fit:04f01143c9c76334dc1f7df426f77ac3e8992091d4090e6b06142aee6f9de488,2026-01-10T08:51:16+00:00,521,0,96,0,12.345,51.60000000000002,1,fit:04f01143c9c76334dc1f7df426f77ac3e8992091d4090e6b06142aee6f9de488:segment:004,4,5013.0,4903,activities/055_260110082743.csv,1,1,0,0
fit:04f01143c9c76334dc1f7df426f77ac3e8992091d4090e6b06142aee6f9de488,2026-01-10T08:51:17+00:00,522,0,98,0,11.213,51.200000000000045,1,fit:04f01143c9c76334dc1f7df426f77ac3e8992091d4090e6b06142aee6f9de488:segment:004,4,5014.0,4904,activities/055_260110082743.csv,1,1,0,0
fit:04f01143c9c76334dc1f7df426f77ac3e8992091d4090e6b06142aee6f9de488,2026-01-10T08:51:18+00:00,523,0,98,0,10.518,51.200000000000045,1,fit:04f01143c9c76334dc1f7df426f77ac3e8992091d4090e6b06142aee6f9de488:segment:004,4,5015.0,4905,activities/055_260110082743.csv,1,1,0,0
fit:04f01143c9c76334dc1f7df426f77ac3e8992091d4090e6b06142aee6f9de488,2026-01-10T08:51:19+00:00,524,0,99,0,10.184,51.200000000000045,1,fit:04f01143c9c76334dc1f7df426f77ac3e8992091d4090e6b06142aee6f9de488:segment:004,4,5016.0,4906,activities/055_260110082743.csv,1,1,0,0
fit:04f01143c9c76334dc1f7df426f77ac3e8992091d4090e6b06142aee6f9de488,2026-01-10T08:51:20+00:00,525,0,99,0,10.021,50.200000000000045,1,fit:04f01143c9c76334dc1f7df426f77ac3e8992091d4090e6b06142aee6f9de488:segment:004,4,5017.0,4907,activities/055_260110082743.csv,1,1,0,0
fit:04f01143c9c76334dc1f7df426f77ac3e8992091d4090e6b06142aee6f9de488,2026-01-10T08:51:21+00:00,526,0,99,0,9.962,47.39999999999998,1,fit:04f01143c9c76334dc1f7df426f77ac3e8992091d4090e6b06142aee6f9de488:segment:004,4,5018.0,4908,activities/055_260110082743.csv,1,1,0,0
fit:04f01143c9c76334dc1f7df426f77ac3e8992091d4090e6b06142aee6f9de488,2026-01-10T08:51:22+00:00,527,0,98,0,9.905,47.39999999999998,1,fit:04f01143c9c76334dc1f7df426f77ac3e8992091d4090e6b06142aee6f9de488:segment:004,4,5019.0,4909,activities/055_260110082743.csv,1,1,0,0
fit:04f01143c9c76334dc1f7df426f77ac3e8992091d4090e6b06142aee6f9de488,2026-01-10T08:51:23+00:00,528,0,98,0,9.977,47.39999999999998,1,fit:04f01143c9c76334dc1f7df426f77ac3e8992091d4090e6b06142aee6f9de488:segment:004,4,5020.0,4910,activities/055_260110082743.csv,1,1,0,0
fit:04f01143c9c76334dc1f7df426f77ac3e8992091d4090e6b06142aee6f9de488,2026-01-10T08:51:24+00:00,529,0,97,0,10.295,47.39999999999998,1,fit:04f01143c9c76334dc1f7df426f77ac3e8992091d4090e6b06142aee6f9de488:segment:004,4,5021.0,4911,activities/055_260110082743.csv,1,1,0,0
fit:04f01143c9c76334dc1f7df426f77ac3e8992091d4090e6b06142aee6f9de488,2026-01-10T08:51:25+00:00,530,0,97,0,10.296,46.60000000000002,1,fit:04f01143c9c76334dc1f7df426f77ac3e8992091d4090e6b06142aee6f9de488:segment:004,4,5022.0,4912,activities/055_260110082743.csv,1,1,0,0
fit:04f01143c9c76334dc1f7df426f77ac3e8992091d4090e6b06142aee6f9de488,2026-01-10T08:51:26+00:00,531,0,97,0,10.332,46.60000000000002,1,fit:04f01143c9c76334dc1f7df426f77ac3e8992091d4090e6b06142aee6f9de488:segment:004,4,5023.0,4913,activities/055_260110082743.csv,1,1,0,0
fit:04f01143c9c76334dc1f7df426f77ac3e8992091d4090e6b06142aee6f9de488,2026-01-10T08:51:27+00:00,532,0,98,0,10.4,46.60000000000002,1,fit:04f01143c9c76334dc1f7df426f77ac3e8992091d4090e6b06142aee6f9de488:segment:004,4,5024.0,4914,activities/055_260110082743.csv,1,1,0,0
fit:04f01143c9c76334dc1f7df426f77ac3e8992091d4090e6b06142aee6f9de488,2026-01-10T08:51:28+00:00,533,0,99,0,10.37,45.60000000000002,1,fit:04f01143c9c76334dc1f7df426f77ac3e8992091d4090e6b06142aee6f9de488:segment:004,4,5025.0,4915,activities/055_260110082743.csv,1,1,0,0
fit:04f01143c9c76334dc1f7df426f77ac3e8992091d4090e6b06142aee6f9de488,2026-01-10T08:51:29+00:00,534,0,99,0,10.302,44.0,1,fit:04f01143c9c76334dc1f7df426f77ac3e8992091d4090e6b06142aee6f9de488:segment:004,4,5026.0,4916,activities/055_260110082743.csv,1,1,0,0
fit:04f01143c9c76334dc1f7df426f77ac3e8992091d4090e6b06142aee6f9de488,2026-01-10T08:51:30+00:00,535,0,99,0,10.101,44.0,1,fit:04f01143c9c76334dc1f7df426f77ac3e8992091d4090e6b06142aee6f9de488:segment:004,4,5027.0,4917,activities/055_260110082743.csv,1,1,0,0
fit:04f01143c9c76334dc1f7df426f77ac3e8992091d4090e6b06142aee6f9de488,2026-01-10T08:51:31+00:00,536,0,99,0,9.512,44.0,1,fit:04f01143c9c76334dc1f7df426f77ac3e8992091d4090e6b06142aee6f9de488:segment:004,4,5028.0,4918,activities/055_260110082743.csv,1,1,0,0
fit:04f01143c9c76334dc1f7df426f77ac3e8992091d4090e6b06142aee6f9de488,2026-01-10T08:51:32+00:00,537,0,99,0,8.797,44.0,1,fit:04f01143c9c76334dc1f7df426f77ac3e8992091d4090e6b06142aee6f9de488:segment:004,4,5029.0,4919,activities/055_260110082743.csv,1,1,0,0
fit:04f01143c9c76334dc1f7df426f77ac3e8992091d4090e6b06142aee6f9de488,2026-01-10T08:51:33+00:00,538,0,98,0,8.365,43.60000000000002,1,fit:04f01143c9c76334dc1f7df426f77ac3e8992091d4090e6b06142aee6f9de488:segment:004,4,5030.0,4920,activities/055_260110082743.csv,1,1,0,0
fit:04f01143c9c76334dc1f7df426f77ac3e8992091d4090e6b06142aee6f9de488,2026-01-10T08:51:34+00:00,539,0,95,0,8.392,43.60000000000002,1,fit:04f01143c9c76334dc1f7df426f77ac3e8992091d4090e6b06142aee6f9de488:segment:004,4,5031.0,4921,activities/055_260110082743.csv,1,1,0,0
fit:04f01143c9c76334dc1f7df426f77ac3e8992091d4090e6b06142aee6f9de488,2026-01-10T08:51:35+00:00,540,0,92,0,8.548,43.60000000000002,1,fit:04f01143c9c76334dc1f7df426f77ac3e8992091d4090e6b06142aee6f9de488:segment:004,4,5032.0,4922,activities/055_260110082743.csv,1,1,0,0
fit:04f01143c9c76334dc1f7df426f77ac3e8992091d4090e6b06142aee6f9de488,2026-01-10T08:51:36+00:00,541,21,92,0,8.614,43.200000000000045,1,fit:04f01143c9c76334dc1f7df426f77ac3e8992091d4090e6b06142aee6f9de488:segment:004,4,5033.0,4923,activities/055_260110082743.csv,1,1,0,0
fit:04f01143c9c76334dc1f7df426f77ac3e8992091d4090e6b06142aee6f9de488,2026-01-10T08:51:37+00:00,542,63,90,60,8.673,42.39999999999998,1,fit:04f01143c9c76334dc1f7df426f77ac3e8992091d4090e6b06142aee6f9de488:segment:004,4,5034.0,4924,activities/055_260110082743.csv,1,1,0,0
fit:04f01143c9c76334dc1f7df426f77ac3e8992091d4090e6b06142aee6f9de488,2026-01-10T08:51:38+00:00,543,46,88,79,8.701,42.39999999999998,1,fit:04f01143c9c76334dc1f7df426f77ac3e8992091d4090e6b06142aee6f9de488:segment:004,4,5035.0,4925,activities/055_260110082743.csv,1,1,0,0
fit:04f01143c9c76334dc1f7df426f77ac3e8992091d4090e6b06142aee6f9de488,2026-01-10T08:51:39+00:00,544,47,88,79,8.704,42.39999999999998,1,fit:04f01143c9c76334dc1f7df426f77ac3e8992091d4090e6b06142aee6f9de488:segment:004,4,5036.0,4926,activities/055_260110082743.csv,1,1,0,0
fit:04f01143c9c76334dc1f7df426f77ac3e8992091d4090e6b06142aee6f9de488,2026-01-10T08:51:40+00:00,545,66,88,79,8.814,42.39999999999998,1,fit:04f01143c9c76334dc1f7df426f77ac3e8992091d4090e6b06142aee6f9de488:segment:004,4,5037.0,4927,activities/055_260110082743.csv,1,1,0,0
fit:04f01143c9c76334dc1f7df426f77ac3e8992091d4090e6b06142aee6f9de488,2026-01-10T08:51:41+00:00,546,29,89,79,8.743,41.799999999999955,1,fit:04f01143c9c76334dc1f7df426f77ac3e8992091d4090e6b06142aee6f9de488:segment:004,4,5038.0,4928,activities/055_260110082743.csv,1,1,0,0
fit:04f01143c9c76334dc1f7df426f77ac3e8992091d4090e6b06142aee6f9de488,2026-01-10T08:51:42+00:00,547,29,90,56,8.781,41.799999999999955,1,fit:04f01143c9c76334dc1f7df426f77ac3e8992091d4090e6b06142aee6f9de488:segment:004,4,5039.0,4929,activities/055_260110082743.csv,1,1,0,0
fit:04f01143c9c76334dc1f7df426f77ac3e8992091d4090e6b06142aee6f9de488,2026-01-10T08:51:43+00:00,548,29,91,56,8.775,41.799999999999955,1,fit:04f01143c9c76334dc1f7df426f77ac3e8992091d4090e6b06142aee6f9de488:segment:004,4,5040.0,4930,activities/055_260110082743.csv,1,1,0,0
fit:04f01143c9c76334dc1f7df426f77ac3e8992091d4090e6b06142aee6f9de488,2026-01-10T08:51:44+00:00,549,29,92,56,8.649,41.799999999999955,1,fit:04f01143c9c76334dc1f7df426f77ac3e8992091d4090e6b06142aee6f9de488:segment:004,4,5041.0,4931,activities/055_260110082743.csv,1,1,0,0
fit:04f01143c9c76334dc1f7df426f77ac3e8992091d4090e6b06142aee6f9de488,2026-01-10T08:51:45+00:00,550,26,92,56,8.515,41.799999999999955,1,fit:04f01143c9c76334dc1f7df426f77ac3e8992091d4090e6b06142aee6f9de488:segment:004,4,5042.0,4932,activities/055_260110082743.csv,1,1,0,0
fit:04f01143c9c76334dc1f7df426f77ac3e8992091d4090e6b06142aee6f9de488,2026-01-10T08:51:46+00:00,551,23,93,53,8.516,41.799999999999955,1,fit:04f01143c9c76334dc1f7df426f77ac3e8992091d4090e6b06142aee6f9de488:segment:004,4,5043.0,4933,activities/055_260110082743.csv,1,1,0,0
fit:04f01143c9c76334dc1f7df426f77ac3e8992091d4090e6b06142aee6f9de488,2026-01-10T08:51:47+00:00,552,0,92,50,8.57,41.799999999999955,1,fit:04f01143c9c76334dc1f7df426f77ac3e8992091d4090e6b06142aee6f9de488:segment:004,4,5044.0,4934,activities/055_260110082743.csv,1,1,0,0
fit:04f01143c9c76334dc1f7df426f77ac3e8992091d4090e6b06142aee6f9de488,2026-01-10T08:51:48+00:00,553,0,92,0,8.571,41.60000000000002,1,fit:04f01143c9c76334dc1f7df426f77ac3e8992091d4090e6b06142aee6f9de488:segment:004,4,5045.0,4935,activities/055_260110082743.csv,1,1,0,0
fit:04f01143c9c76334dc1f7df426f77ac3e8992091d4090e6b06142aee6f9de488,2026-01-10T08:51:49+00:00,554,0,92,0,8.524,41.200000000000045,1,fit:04f01143c9c76334dc1f7df426f77ac3e8992091d4090e6b06142aee6f9de488:segment:004,4,5046.0,4936,activities/055_260110082743.csv,1,1,0,0
fit:04f01143c9c76334dc1f7df426f77ac3e8992091d4090e6b06142aee6f9de488,2026-01-10T08:51:50+00:00,555,0,91,0,8.514,41.200000000000045,1,fit:04f01143c9c76334dc1f7df426f77ac3e8992091d4090e6b06142aee6f9de488:segment:004,4,5047.0,4937,activities/055_260110082743.csv,1,1,0,0
fit:04f01143c9c76334dc1f7df426f77ac3e8992091d4090e6b06142aee6f9de488,2026-01-10T08:51:51+00:00,556,0,90,0,8.402,41.200000000000045,1,fit:04f01143c9c76334dc1f7df426f77ac3e8992091d4090e6b06142aee6f9de488:segment:004,4,5048.0,4938,activities/055_260110082743.csv,1,1,0,0
fit:04f01143c9c76334dc1f7df426f77ac3e8992091d4090e6b06142aee6f9de488,2026-01-10T08:51:52+00:00,557,0,90,0,8.354,41.0,1,fit:04f01143c9c76334dc1f7df426f77ac3e8992091d4090e6b06142aee6f9de488:segment:004,4,5049.0,4939,activities/055_260110082743.csv,1,1,0,0
fit:04f01143c9c76334dc1f7df426f77ac3e8992091d4090e6b06142aee6f9de488,2026-01-10T08:51:53+00:00,558,0,88,0,8.045,40.799999999999955,1,fit:04f01143c9c76334dc1f7df426f77ac3e8992091d4090e6b06142aee6f9de488:segment:004,4,5050.0,4940,activities/055_260110082743.csv,1,1,0,0
fit:04f01143c9c76334dc1f7df426f77ac3e8992091d4090e6b06142aee6f9de488,2026-01-10T08:51:54+00:00,559,0,88,0,7.806,40.799999999999955,1,fit:04f01143c9c76334dc1f7df426f77ac3e8992091d4090e6b06142aee6f9de488:segment:004,4,5051.0,4941,activities/055_260110082743.csv,1,1,0,0
fit:04f01143c9c76334dc1f7df426f77ac3e8992091d4090e6b06142aee6f9de488,2026-01-10T08:51:55+00:00,560,74,89,0,7.32,40.799999999999955,1,fit:04f01143c9c76334dc1f7df426f77ac3e8992091d4090e6b06142aee6f9de488:segment:004,4,5052.0,4942,activities/055_260110082743.csv,1,1,0,0
fit:04f01143c9c76334dc1f7df426f77ac3e8992091d4090e6b06142aee6f9de488,2026-01-10T08:51:56+00:00,561,87,89,51,6.926,41.799999999999955,1,fit:04f01143c9c76334dc1f7df426f77ac3e8992091d4090e6b06142aee6f9de488:segment:004,4,5053.0,4943,activities/055_260110082743.csv,1,1,0,0
fit:04f01143c9c76334dc1f7df426f77ac3e8992091d4090e6b06142aee6f9de488,2026-01-10T08:51:57+00:00,562,68,90,54,6.58,42.60000000000002,1,fit:04f01143c9c76334dc1f7df426f77ac3e8992091d4090e6b06142aee6f9de488:segment:004,4,5054.0,4944,activities/055_260110082743.csv,1,1,0,0
fit:04f01143c9c76334dc1f7df426f77ac3e8992091d4090e6b06142aee6f9de488,2026-01-10T08:51:58+00:00,563,68,90,56,6.248,42.60000000000002,1,fit:04f01143c9c76334dc1f7df426f77ac3e8992091d4090e6b06142aee6f9de488:segment:004,4,5055.0,4945,activities/055_260110082743.csv,1,1,0,0
fit:04f01143c9c76334dc1f7df426f77ac3e8992091d4090e6b06142aee6f9de488,2026-01-10T08:51:59+00:00,564,147,91,56,5.991,42.60000000000002,1,fit:04f01143c9c76334dc1f7df426f77ac3e8992091d4090e6b06142aee6f9de488:segment:004,4,5056.0,4946,activities/055_260110082743.csv,1,1,0,0
fit:04f01143c9c76334dc1f7df426f77ac3e8992091d4090e6b06142aee6f9de488,2026-01-10T08:52:00+00:00,565,163,93,55,5.663,43.200000000000045,1,fit:04f01143c9c76334dc1f7df426f77ac3e8992091d4090e6b06142aee6f9de488:segment:004,4,5057.0,4947,activities/055_260110082743.csv,1,1,0,0
fit:04f01143c9c76334dc1f7df426f77ac3e8992091d4090e6b06142aee6f9de488,2026-01-10T08:52:01+00:00,566,165,94,54,5.471,43.200000000000045,1,fit:04f01143c9c76334dc1f7df426f77ac3e8992091d4090e6b06142aee6f9de488:segment:004,4,5058.0,4948,activities/055_260110082743.csv,1,1,0,0
fit:04f01143c9c76334dc1f7df426f77ac3e8992091d4090e6b06142aee6f9de488,2026-01-10T08:52:02+00:00,567,149,94,55,5.408,43.200000000000045,1,fit:04f01143c9c76334dc1f7df426f77ac3e8992091d4090e6b06142aee6f9de488:segment:004,4,5059.0,4949,activities/055_260110082743.csv,1,1,0,0
fit:04f01143c9c76334dc1f7df426f77ac3e8992091d4090e6b06142aee6f9de488,2026-01-10T08:52:03+00:00,568,149,95,55,5.506,43.200000000000045,1,fit:04f01143c9c76334dc1f7df426f77ac3e8992091d4090e6b06142aee6f9de488:segment:004,4,5060.0,4950,activities/055_260110082743.csv,1,1,0,0
fit:04f01143c9c76334dc1f7df426f77ac3e8992091d4090e6b06142aee6f9de488,2026-01-10T08:52:04+00:00,569,117,95,55,5.548,43.799999999999955,1,fit:04f01143c9c76334dc1f7df426f77ac3e8992091d4090e6b06142aee6f9de488:segment:004,4,5061.0,4951,activities/055_260110082743.csv,1,1,0,0
fit:04f01143c9c76334dc1f7df426f77ac3e8992091d4090e6b06142aee6f9de488,2026-01-10T08:52:05+00:00,570,122,95,55,5.486,43.39999999999998,1,fit:04f01143c9c76334dc1f7df426f77ac3e8992091d4090e6b06142aee6f9de488:segment:004,4,5062.0,4952,activities/055_260110082743.csv,1,1,0,0
fit:04f01143c9c76334dc1f7df426f77ac3e8992091d4090e6b06142aee6f9de488,2026-01-10T08:52:06+00:00,571,122,95,55,5.436,43.39999999999998,1,fit:04f01143c9c76334dc1f7df426f77ac3e8992091d4090e6b06142aee6f9de488:segment:004,4,5063.0,4953,activities/055_260110082743.csv,1,1,0,0
fit:04f01143c9c76334dc1f7df426f77ac3e8992091d4090e6b06142aee6f9de488,2026-01-10T08:52:07+00:00,572,122,97,55,5.414,43.39999999999998,1,fit:04f01143c9c76334dc1f7df426f77ac3e8992091d4090e6b06142aee6f9de488:segment:004,4,5064.0,4954,activities/055_260110082743.csv,1,1,0,0
fit:04f01143c9c76334dc1f7df426f77ac3e8992091d4090e6b06142aee6f9de488,2026-01-10T08:52:08+00:00,573,122,97,55,5.318,44.0,1,fit:04f01143c9c76334dc1f7df426f77ac3e8992091d4090e6b06142aee6f9de488:segment:004,4,5065.0,4955,activities/055_260110082743.csv,1,1,0,0
fit:04f01143c9c76334dc1f7df426f77ac3e8992091d4090e6b06142aee6f9de488,2026-01-10T08:52:09+00:00,574,122,98,55,5.176,44.200000000000045,1,fit:04f01143c9c76334dc1f7df426f77ac3e8992091d4090e6b06142aee6f9de488:segment:004,4,5066.0,4956,activities/055_260110082743.csv,1,1,0,0
fit:04f01143c9c76334dc1f7df426f77ac3e8992091d4090e6b06142aee6f9de488,2026-01-10T08:52:10+00:00,575,9,98,55,5.026,44.200000000000045,1,fit:04f01143c9c76334dc1f7df426f77ac3e8992091d4090e6b06142aee6f9de488:segment:004,4,5067.0,4957,activities/055_260110082743.csv,1,1,0,0
fit:04f01143c9c76334dc1f7df426f77ac3e8992091d4090e6b06142aee6f9de488,2026-01-10T08:52:11+00:00,576,87,98,0,4.821,44.200000000000045,1,fit:04f01143c9c76334dc1f7df426f77ac3e8992091d4090e6b06142aee6f9de488:segment:004,4,5068.0,4958,activities/055_260110082743.csv,1,1,0,0
fit:04f01143c9c76334dc1f7df426f77ac3e8992091d4090e6b06142aee6f9de488,2026-01-10T08:52:12+00:00,577,88,98,44,4.795,44.39999999999998,1,fit:04f01143c9c76334dc1f7df426f77ac3e8992091d4090e6b06142aee6f9de488:segment:004,4,5069.0,4959,activities/055_260110082743.csv,1,1,0,0
fit:04f01143c9c76334dc1f7df426f77ac3e8992091d4090e6b06142aee6f9de488,2026-01-10T08:52:13+00:00,578,88,98,44,4.711,44.799999999999955,1,fit:04f01143c9c76334dc1f7df426f77ac3e8992091d4090e6b06142aee6f9de488:segment:004,4,5070.0,4960,activities/055_260110082743.csv,1,1,0,0
fit:04f01143c9c76334dc1f7df426f77ac3e8992091d4090e6b06142aee6f9de488,2026-01-10T08:52:14+00:00,579,88,98,44,4.649,44.799999999999955,1,fit:04f01143c9c76334dc1f7df426f77ac3e8992091d4090e6b06142aee6f9de488:segment:004,4,5071.0,4961,activities/055_260110082743.csv,1,1,0,0
fit:04f01143c9c76334dc1f7df426f77ac3e8992091d4090e6b06142aee6f9de488,2026-01-10T08:52:15+00:00,580,88,98,44,4.625,44.799999999999955,1,fit:04f01143c9c76334dc1f7df426f77ac3e8992091d4090e6b06142aee6f9de488:segment:004,4,5072.0,4962,activities/055_260110082743.csv,1,1,0,0
fit:04f01143c9c76334dc1f7df426f77ac3e8992091d4090e6b06142aee6f9de488,2026-01-10T08:52:16+00:00,581,0,97,44,4.774,44.200000000000045,1,fit:04f01143c9c76334dc1f7df426f77ac3e8992091d4090e6b06142aee6f9de488:segment:004,4,5073.0,4963,activities/055_260110082743.csv,1,1,0,0
fit:04f01143c9c76334dc1f7df426f77ac3e8992091d4090e6b06142aee6f9de488,2026-01-10T08:52:17+00:00,582,0,97,0,4.698,44.0,1,fit:04f01143c9c76334dc1f7df426f77ac3e8992091d4090e6b06142aee6f9de488:segment:004,4,5074.0,4964,activities/055_260110082743.csv,1,1,0,0
fit:04f01143c9c76334dc1f7df426f77ac3e8992091d4090e6b06142aee6f9de488,2026-01-10T08:52:18+00:00,583,0,97,0,4.717,44.0,1,fit:04f01143c9c76334dc1f7df426f77ac3e8992091d4090e6b06142aee6f9de488:segment:004,4,5075.0,4965,activities/055_260110082743.csv,1,1,0,0
fit:04f01143c9c76334dc1f7df426f77ac3e8992091d4090e6b06142aee6f9de488,2026-01-10T08:52:19+00:00,584,0,97,0,4.759,44.0,1,fit:04f01143c9c76334dc1f7df426f77ac3e8992091d4090e6b06142aee6f9de488:segment:004,4,5076.0,4966,activities/055_260110082743.csv,1,1,0,0
fit:04f01143c9c76334dc1f7df426f77ac3e8992091d4090e6b06142aee6f9de488,2026-01-10T08:52:20+00:00,585,0,96,0,4.811,44.0,1,fit:04f01143c9c76334dc1f7df426f77ac3e8992091d4090e6b06142aee6f9de488:segment:004,4,5077.0,4967,activities/055_260110082743.csv,1,1,0,0
fit:04f01143c9c76334dc1f7df426f77ac3e8992091d4090e6b06142aee6f9de488,2026-01-10T08:52:21+00:00,586,0,96,0,4.876,43.60000000000002,1,fit:04f01143c9c76334dc1f7df426f77ac3e8992091d4090e6b06142aee6f9de488:segment:004,4,5078.0,4968,activities/055_260110082743.csv,1,1,0,0
fit:04f01143c9c76334dc1f7df426f77ac3e8992091d4090e6b06142aee6f9de488,2026-01-10T08:52:22+00:00,587,0,95,0,4.876,43.60000000000002,1,fit:04f01143c9c76334dc1f7df426f77ac3e8992091d4090e6b06142aee6f9de488:segment:004,4,5079.0,4969,activities/055_260110082743.csv,1,1,0,0
fit:04f01143c9c76334dc1f7df426f77ac3e8992091d4090e6b06142aee6f9de488,2026-01-10T08:52:23+00:00,588,0,95,0,4.625,43.60000000000002,1,fit:04f01143c9c76334dc1f7df426f77ac3e8992091d4090e6b06142aee6f9de488:segment:004,4,5080.0,4970,activities/055_260110082743.csv,1,1,0,0
fit:04f01143c9c76334dc1f7df426f77ac3e8992091d4090e6b06142aee6f9de488,2026-01-10T08:52:24+00:00,589,0,95,0,4.363,43.60000000000002,1,fit:04f01143c9c76334dc1f7df426f77ac3e8992091d4090e6b06142aee6f9de488:segment:004,4,5081.0,4971,activities/055_260110082743.csv,1,1,0,0
fit:04f01143c9c76334dc1f7df426f77ac3e8992091d4090e6b06142aee6f9de488,2026-01-10T08:52:25+00:00,590,0,95,0,4.266,43.799999999999955,1,fit:04f01143c9c76334dc1f7df426f77ac3e8992091d4090e6b06142aee6f9de488:segment:004,4,5082.0,4972,activities/055_260110082743.csv,1,1,0,0
fit:04f01143c9c76334dc1f7df426f77ac3e8992091d4090e6b06142aee6f9de488,2026-01-10T08:52:26+00:00,591,60,94,0,4.278,43.799999999999955,1,fit:04f01143c9c76334dc1f7df426f77ac3e8992091d4090e6b06142aee6f9de488:segment:004,4,5083.0,4973,activities/055_260110082743.csv,1,1,0,0
fit:04f01143c9c76334dc1f7df426f77ac3e8992091d4090e6b06142aee6f9de488,2026-01-10T08:52:27+00:00,592,96,94,39,4.314,43.799999999999955,1,fit:04f01143c9c76334dc1f7df426f77ac3e8992091d4090e6b06142aee6f9de488:segment:004,4,5084.0,4974,activities/055_260110082743.csv,1,1,0,0
fit:04f01143c9c76334dc1f7df426f77ac3e8992091d4090e6b06142aee6f9de488,2026-01-10T08:52:28+00:00,593,97,94,46,4.383,43.799999999999955,1,fit:04f01143c9c76334dc1f7df426f77ac3e8992091d4090e6b06142aee6f9de488:segment:004,4,5085.0,4975,activities/055_260110082743.csv,1,1,0,0
fit:04f01143c9c76334dc1f7df426f77ac3e8992091d4090e6b06142aee6f9de488,2026-01-10T08:52:29+00:00,594,67,94,46,4.409,43.39999999999998,1,fit:04f01143c9c76334dc1f7df426f77ac3e8992091d4090e6b06142aee6f9de488:segment:004,4,5086.0,4976,activities/055_260110082743.csv,1,1,0,0
fit:04f01143c9c76334dc1f7df426f77ac3e8992091d4090e6b06142aee6f9de488,2026-01-10T08:52:30+00:00,595,58,94,47,4.574,43.39999999999998,1,fit:04f01143c9c76334dc1f7df426f77ac3e8992091d4090e6b06142aee6f9de488:segment:004,4,5087.0,4977,activities/055_260110082743.csv,1,1,0,0
fit:04f01143c9c76334dc1f7df426f77ac3e8992091d4090e6b06142aee6f9de488,2026-01-10T08:52:31+00:00,596,81,94,48,4.669,43.39999999999998,1,fit:04f01143c9c76334dc1f7df426f77ac3e8992091d4090e6b06142aee6f9de488:segment:004,4,5088.0,4978,activities/055_260110082743.csv,1,1,0,0
fit:04f01143c9c76334dc1f7df426f77ac3e8992091d4090e6b06142aee6f9de488,2026-01-10T08:52:32+00:00,597,53,95,49,4.744,43.39999999999998,1,fit:04f01143c9c76334dc1f7df426f77ac3e8992091d4090e6b06142aee6f9de488:segment:004,4,5089.0,4979,activities/055_260110082743.csv,1,1,0,0
fit:04f01143c9c76334dc1f7df426f77ac3e8992091d4090e6b06142aee6f9de488,2026-01-10T08:52:33+00:00,598,88,95,50,4.893,42.799999999999955,1,fit:04f01143c9c76334dc1f7df426f77ac3e8992091d4090e6b06142aee6f9de488:segment:004,4,5090.0,4980,activities/055_260110082743.csv,1,1,0,0
fit:04f01143c9c76334dc1f7df426f77ac3e8992091d4090e6b06142aee6f9de488,2026-01-10T08:52:34+00:00,599,88,95,50,4.871,42.799999999999955,0,fit:04f01143c9c76334dc1f7df426f77ac3e8992091d4090e6b06142aee6f9de488:segment:004,4,5091.0,4981,activities/055_260110082743.csv,1,1,0,0
fit:04f01143c9c76334dc1f7df426f77ac3e8992091d4090e6b06142aee6f9de488,2026-01-10T08:52:35+00:00,600,74,95,50,4.978,42.799999999999955,0,fit:04f01143c9c76334dc1f7df426f77ac3e8992091d4090e6b06142aee6f9de488:segment:004,4,5092.0,4982,activities/055_260110082743.csv,1,1,0,0
fit:04f01143c9c76334dc1f7df426f77ac3e8992091d4090e6b06142aee6f9de488,2026-01-10T08:52:36+00:00,601,113,95,50,5.039,43.200000000000045,0,fit:04f01143c9c76334dc1f7df426f77ac3e8992091d4090e6b06142aee6f9de488:segment:004,4,5093.0,4983,activities/055_260110082743.csv,1,1,0,0
fit:04f01143c9c76334dc1f7df426f77ac3e8992091d4090e6b06142aee6f9de488,2026-01-10T08:52:37+00:00,602,113,95,51,5.106,43.200000000000045,0,fit:04f01143c9c76334dc1f7df426f77ac3e8992091d4090e6b06142aee6f9de488:segment:004,4,5094.0,4984,activities/055_260110082743.csv,1,1,0,0
fit:04f01143c9c76334dc1f7df426f77ac3e8992091d4090e6b06142aee6f9de488,2026-01-10T08:52:38+00:00,603,114,96,53,5.147,43.200000000000045,0,fit:04f01143c9c76334dc1f7df426f77ac3e8992091d4090e6b06142aee6f9de488:segment:004,4,5095.0,4985,activities/055_260110082743.csv,1,1,0,0
fit:04f01143c9c76334dc1f7df426f77ac3e8992091d4090e6b06142aee6f9de488,2026-01-10T08:52:39+00:00,604,114,97,54,5.308,43.200000000000045,0,fit:04f01143c9c76334dc1f7df426f77ac3e8992091d4090e6b06142aee6f9de488:segment:004,4,5096.0,4986,activities/055_260110082743.csv,1,1,0,0
fit:04f01143c9c76334dc1f7df426f77ac3e8992091d4090e6b06142aee6f9de488,2026-01-10T08:52:40+00:00,605,73,97,54,5.348,42.799999999999955,0,fit:04f01143c9c76334dc1f7df426f77ac3e8992091d4090e6b06142aee6f9de488:segment:004,4,5097.0,4987,activities/055_260110082743.csv,1,1,0,0
fit:04f01143c9c76334dc1f7df426f77ac3e8992091d4090e6b06142aee6f9de488,2026-01-10T08:52:41+00:00,606,82,98,56,5.393,43.200000000000045,0,fit:04f01143c9c76334dc1f7df426f77ac3e8992091d4090e6b06142aee6f9de488:segment:004,4,5098.0,4988,activities/055_260110082743.csv,1,1,0,0
fit:04f01143c9c76334dc1f7df426f77ac3e8992091d4090e6b06142aee6f9de488,2026-01-10T08:52:42+00:00,607,47,98,57,5.462,43.200000000000045,0,fit:04f01143c9c76334dc1f7df426f77ac3e8992091d4090e6b06142aee6f9de488:segment:004,4,5099.0,4989,activities/055_260110082743.csv,1,1,0,0
fit:04f01143c9c76334dc1f7df426f77ac3e8992091d4090e6b06142aee6f9de488,2026-01-10T08:52:43+00:00,608,48,100,58,5.632,43.200000000000045,0,fit:04f01143c9c76334dc1f7df426f77ac3e8992091d4090e6b06142aee6f9de488:segment:004,4,5100.0,4990,activities/055_260110082743.csv,1,1,0,0
fit:04f01143c9c76334dc1f7df426f77ac3e8992091d4090e6b06142aee6f9de488,2026-01-10T08:52:44+00:00,609,48,100,58,5.61,43.200000000000045,0,fit:04f01143c9c76334dc1f7df426f77ac3e8992091d4090e6b06142aee6f9de488:segment:004,4,5101.0,4991,activities/055_260110082743.csv,1,1,0,0
fit:04f01143c9c76334dc1f7df426f77ac3e8992091d4090e6b06142aee6f9de488,2026-01-10T08:52:45+00:00,610,48,101,58,5.693,42.799999999999955,0,fit:04f01143c9c76334dc1f7df426f77ac3e8992091d4090e6b06142aee6f9de488:segment:004,4,5102.0,4992,activities/055_260110082743.csv,1,1,0,0
fit:04f01143c9c76334dc1f7df426f77ac3e8992091d4090e6b06142aee6f9de488,2026-01-10T08:52:46+00:00,611,48,102,58,5.679,42.799999999999955,0,fit:04f01143c9c76334dc1f7df426f77ac3e8992091d4090e6b06142aee6f9de488:segment:004,4,5103.0,4993,activities/055_260110082743.csv,1,1,0,0
fit:04f01143c9c76334dc1f7df426f77ac3e8992091d4090e6b06142aee6f9de488,2026-01-10T08:52:47+00:00,612,45,102,58,5.612,42.799999999999955,0,fit:04f01143c9c76334dc1f7df426f77ac3e8992091d4090e6b06142aee6f9de488:segment:004,4,5104.0,4994,activities/055_260110082743.csv,1,1,0,0
fit:04f01143c9c76334dc1f7df426f77ac3e8992091d4090e6b06142aee6f9de488,2026-01-10T08:52:48+00:00,613,124,103,55,5.578,42.60000000000002,0,fit:04f01143c9c76334dc1f7df426f77ac3e8992091d4090e6b06142aee6f9de488:segment:004,4,5105.0,4995,activities/055_260110082743.csv,1,1,0,0
fit:04f01143c9c76334dc1f7df426f77ac3e8992091d4090e6b06142aee6f9de488,2026-01-10T08:52:49+00:00,614,124,103,56,5.656,42.39999999999998,0,fit:04f01143c9c76334dc1f7df426f77ac3e8992091d4090e6b06142aee6f9de488:segment:004,4,5106.0,4996,activities/055_260110082743.csv,1,1,0,0
fit:04f01143c9c76334dc1f7df426f77ac3e8992091d4090e6b06142aee6f9de488,2026-01-10T08:52:50+00:00,615,229,102,56,5.593,42.39999999999998,0,fit:04f01143c9c76334dc1f7df426f77ac3e8992091d4090e6b06142aee6f9de488:segment:004,4,5107.0,4997,activities/055_260110082743.csv,1,1,0,0
fit:04f01143c9c76334dc1f7df426f77ac3e8992091d4090e6b06142aee6f9de488,2026-01-10T08:52:51+00:00,616,238,102,61,5.816,42.39999999999998,0,fit:04f01143c9c76334dc1f7df426f77ac3e8992091d4090e6b06142aee6f9de488:segment:004,4,5108.0,4998,activities/055_260110082743.csv,1,1,0,0
fit:04f01143c9c76334dc1f7df426f77ac3e8992091d4090e6b06142aee6f9de488,2026-01-10T08:52:52+00:00,617,204,101,64,6.058,42.200000000000045,0,fit:04f01143c9c76334dc1f7df426f77ac3e8992091d4090e6b06142aee6f9de488:segment:004,4,5109.0,4999,activities/055_260110082743.csv,1,1,0,0
fit:04f01143c9c76334dc1f7df426f77ac3e8992091d4090e6b06142aee6f9de488,2026-01-10T08:52:53+00:00,618,147,101,66,6.23,42.0,0,fit:04f01143c9c76334dc1f7df426f77ac3e8992091d4090e6b06142aee6f9de488:segment:004,4,5110.0,5000,activities/055_260110082743.csv,1,1,0,0
fit:04f01143c9c76334dc1f7df426f77ac3e8992091d4090e6b06142aee6f9de488,2026-01-10T08:52:54+00:00,619,98,100,66,6.392,42.0,0,fit:04f01143c9c76334dc1f7df426f77ac3e8992091d4090e6b06142aee6f9de488:segment:004,4,5111.0,5001,activities/055_260110082743.csv,1,1,0,0
fit:04f01143c9c76334dc1f7df426f77ac3e8992091d4090e6b06142aee6f9de488,2026-01-10T08:52:55+00:00,620,170,100,66,6.551,42.0,0,fit:04f01143c9c76334dc1f7df426f77ac3e8992091d4090e6b06142aee6f9de488:segment:004,4,5112.0,5002,activities/055_260110082743.csv,1,1,0,0
fit:04f01143c9c76334dc1f7df426f77ac3e8992091d4090e6b06142aee6f9de488,2026-01-10T08:52:56+00:00,621,206,100,67,6.573,42.0,0,fit:04f01143c9c76334dc1f7df426f77ac3e8992091d4090e6b06142aee6f9de488:segment:004,4,5113.0,5003,activities/055_260110082743.csv,1,1,0,0
fit:04f01143c9c76334dc1f7df426f77ac3e8992091d4090e6b06142aee6f9de488,2026-01-10T08:52:57+00:00,622,190,100,68,6.623,42.39999999999998,0,fit:04f01143c9c76334dc1f7df426f77ac3e8992091d4090e6b06142aee6f9de488:segment:004,4,5114.0,5004,activities/055_260110082743.csv,1,1,0,0
fit:04f01143c9c76334dc1f7df426f77ac3e8992091d4090e6b06142aee6f9de488,2026-01-10T08:52:58+00:00,623,148,101,68,6.636,42.39999999999998,0,fit:04f01143c9c76334dc1f7df426f77ac3e8992091d4090e6b06142aee6f9de488:segment:004,4,5115.0,5005,activities/055_260110082743.csv,1,1,0,0
fit:04f01143c9c76334dc1f7df426f77ac3e8992091d4090e6b06142aee6f9de488,2026-01-10T08:52:59+00:00,624,148,102,68,6.703,42.39999999999998,0,fit:04f01143c9c76334dc1f7df426f77ac3e8992091d4090e6b06142aee6f9de488:segment:004,4,5116.0,5006,activities/055_260110082743.csv,1,1,0,0
fit:04f01143c9c76334dc1f7df426f77ac3e8992091d4090e6b06142aee6f9de488,2026-01-10T08:53:00+00:00,625,139,103,68,6.716,42.39999999999998,0,fit:04f01143c9c76334dc1f7df426f77ac3e8992091d4090e6b06142aee6f9de488:segment:004,4,5117.0,5007,activities/055_260110082743.csv,1,1,0,0
fit:04f01143c9c76334dc1f7df426f77ac3e8992091d4090e6b06142aee6f9de488,2026-01-10T08:53:01+00:00,626,115,104,68,6.767,42.60000000000002,0,fit:04f01143c9c76334dc1f7df426f77ac3e8992091d4090e6b06142aee6f9de488:segment:004,4,5118.0,5008,activities/055_260110082743.csv,1,1,0,0
fit:04f01143c9c76334dc1f7df426f77ac3e8992091d4090e6b06142aee6f9de488,2026-01-10T08:53:02+00:00,627,131,104,68,6.772,42.60000000000002,0,fit:04f01143c9c76334dc1f7df426f77ac3e8992091d4090e6b06142aee6f9de488:segment:004,4,5119.0,5009,activities/055_260110082743.csv,1,1,0,0
fit:04f01143c9c76334dc1f7df426f77ac3e8992091d4090e6b06142aee6f9de488,2026-01-10T08:53:03+00:00,628,149,104,68,6.717,42.60000000000002,0,fit:04f01143c9c76334dc1f7df426f77ac3e8992091d4090e6b06142aee6f9de488:segment:004,4,5120.0,5010,activities/055_260110082743.csv,1,1,0,0
fit:04f01143c9c76334dc1f7df426f77ac3e8992091d4090e6b06142aee6f9de488,2026-01-10T08:53:04+00:00,629,142,104,68,6.731,42.799999999999955,0,fit:04f01143c9c76334dc1f7df426f77ac3e8992091d4090e6b06142aee6f9de488:segment:004,4,5121.0,5011,activities/055_260110082743.csv,1,1,0,0
fit:04f01143c9c76334dc1f7df426f77ac3e8992091d4090e6b06142aee6f9de488,2026-01-10T08:53:05+00:00,630,176,104,67,6.711,42.60000000000002,0,fit:04f01143c9c76334dc1f7df426f77ac3e8992091d4090e6b06142aee6f9de488:segment:004,4,5122.0,5012,activities/055_260110082743.csv,1,1,0,0
fit:04f01143c9c76334dc1f7df426f77ac3e8992091d4090e6b06142aee6f9de488,2026-01-10T08:53:06+00:00,631,130,104,68,6.643,42.60000000000002,0,fit:04f01143c9c76334dc1f7df426f77ac3e8992091d4090e6b06142aee6f9de488:segment:004,4,5123.0,5013,activities/055_260110082743.csv,1,1,0,0
fit:04f01143c9c76334dc1f7df426f77ac3e8992091d4090e6b06142aee6f9de488,2026-01-10T08:53:07+00:00,632,152,104,68,6.621,42.60000000000002,0,fit:04f01143c9c76334dc1f7df426f77ac3e8992091d4090e6b06142aee6f9de488:segment:004,4,5124.0,5014,activities/055_260110082743.csv,1,1,0,0
fit:04f01143c9c76334dc1f7df426f77ac3e8992091d4090e6b06142aee6f9de488,2026-01-10T08:53:08+00:00,633,152,104,68,6.685,43.200000000000045,0,fit:04f01143c9c76334dc1f7df426f77ac3e8992091d4090e6b06142aee6f9de488:segment:004,4,5125.0,5015,activities/055_260110082743.csv,1,1,0,0
fit:04f01143c9c76334dc1f7df426f77ac3e8992091d4090e6b06142aee6f9de488,2026-01-10T08:53:09+00:00,634,154,105,68,6.684,43.0,0,fit:04f01143c9c76334dc1f7df426f77ac3e8992091d4090e6b06142aee6f9de488:segment:004,4,5126.0,5016,activities/055_260110082743.csv,1,1,0,0
fit:04f01143c9c76334dc1f7df426f77ac3e8992091d4090e6b06142aee6f9de488,2026-01-10T08:53:10+00:00,635,144,105,68,6.638,43.0,0,fit:04f01143c9c76334dc1f7df426f77ac3e8992091d4090e6b06142aee6f9de488:segment:004,4,5127.0,5017,activities/055_260110082743.csv,1,1,0,0
fit:04f01143c9c76334dc1f7df426f77ac3e8992091d4090e6b06142aee6f9de488,2026-01-10T08:53:11+00:00,636,162,106,67,6.659,43.0,0,fit:04f01143c9c76334dc1f7df426f77ac3e8992091d4090e6b06142aee6f9de488:segment:004,4,5128.0,5018,activities/055_260110082743.csv,1,1,0,0
fit:04f01143c9c76334dc1f7df426f77ac3e8992091d4090e6b06142aee6f9de488,2026-01-10T08:53:12+00:00,637,173,107,65,6.588,43.200000000000045,0,fit:04f01143c9c76334dc1f7df426f77ac3e8992091d4090e6b06142aee6f9de488:segment:004,4,5129.0,5019,activities/055_260110082743.csv,1,1,0,0
fit:04f01143c9c76334dc1f7df426f77ac3e8992091d4090e6b06142aee6f9de488,2026-01-10T08:53:13+00:00,638,186,108,65,6.511,43.799999999999955,0,fit:04f01143c9c76334dc1f7df426f77ac3e8992091d4090e6b06142aee6f9de488:segment:004,4,5130.0,5020,activities/055_260110082743.csv,1,1,0,0
fit:04f01143c9c76334dc1f7df426f77ac3e8992091d4090e6b06142aee6f9de488,2026-01-10T08:53:14+00:00,639,186,109,65,6.429,43.799999999999955,0,fit:04f01143c9c76334dc1f7df426f77ac3e8992091d4090e6b06142aee6f9de488:segment:004,4,5131.0,5021,activities/055_260110082743.csv,1,1,0,0
fit:04f01143c9c76334dc1f7df426f77ac3e8992091d4090e6b06142aee6f9de488,2026-01-10T08:53:15+00:00,640,187,110,65,6.463,43.799999999999955,0,fit:04f01143c9c76334dc1f7df426f77ac3e8992091d4090e6b06142aee6f9de488:segment:004,4,5132.0,5022,activities/055_260110082743.csv,1,1,0,0
fit:04f01143c9c76334dc1f7df426f77ac3e8992091d4090e6b06142aee6f9de488,2026-01-10T08:53:16+00:00,641,176,111,66,6.437,43.799999999999955,0,fit:04f01143c9c76334dc1f7df426f77ac3e8992091d4090e6b06142aee6f9de488:segment:004,4,5133.0,5023,activities/055_260110082743.csv,1,1,0,0
fit:04f01143c9c76334dc1f7df426f77ac3e8992091d4090e6b06142aee6f9de488,2026-01-10T08:53:17+00:00,642,173,111,66,6.375,44.0,0,fit:04f01143c9c76334dc1f7df426f77ac3e8992091d4090e6b06142aee6f9de488:segment:004,4,5134.0,5024,activities/055_260110082743.csv,1,1,0,0
fit:04f01143c9c76334dc1f7df426f77ac3e8992091d4090e6b06142aee6f9de488,2026-01-10T08:53:18+00:00,643,130,113,67,6.43,44.0,0,fit:04f01143c9c76334dc1f7df426f77ac3e8992091d4090e6b06142aee6f9de488:segment:004,4,5135.0,5025,activities/055_260110082743.csv,1,1,0,0
fit:04f01143c9c76334dc1f7df426f77ac3e8992091d4090e6b06142aee6f9de488,2026-01-10T08:53:19+00:00,644,166,114,67,6.546,44.0,0,fit:04f01143c9c76334dc1f7df426f77ac3e8992091d4090e6b06142aee6f9de488:segment:004,4,5136.0,5026,activities/055_260110082743.csv,1,1,0,0
fit:04f01143c9c76334dc1f7df426f77ac3e8992091d4090e6b06142aee6f9de488,2026-01-10T08:53:20+00:00,645,141,114,68,6.632,43.799999999999955,0,fit:04f01143c9c76334dc1f7df426f77ac3e8992091d4090e6b06142aee6f9de488:segment:004,4,5137.0,5027,activities/055_260110082743.csv,1,1,0,0
fit:04f01143c9c76334dc1f7df426f77ac3e8992091d4090e6b06142aee6f9de488,2026-01-10T08:53:21+00:00,646,95,116,68,6.781,43.799999999999955,0,fit:04f01143c9c76334dc1f7df426f77ac3e8992091d4090e6b06142aee6f9de488:segment:004,4,5138.0,5028,activities/055_260110082743.csv,1,1,0,0
fit:04f01143c9c76334dc1f7df426f77ac3e8992091d4090e6b06142aee6f9de488,2026-01-10T08:53:22+00:00,647,79,116,70,6.717,43.799999999999955,0,fit:04f01143c9c76334dc1f7df426f77ac3e8992091d4090e6b06142aee6f9de488:segment:004,4,5139.0,5029,activities/055_260110082743.csv,1,1,0,0
fit:04f01143c9c76334dc1f7df426f77ac3e8992091d4090e6b06142aee6f9de488,2026-01-10T08:53:23+00:00,648,79,117,70,6.811,43.799999999999955,0,fit:04f01143c9c76334dc1f7df426f77ac3e8992091d4090e6b06142aee6f9de488:segment:004,4,5140.0,5030,activities/055_260110082743.csv,1,1,0,0
fit:04f01143c9c76334dc1f7df426f77ac3e8992091d4090e6b06142aee6f9de488,2026-01-10T08:53:24+00:00,649,79,117,70,6.914,43.799999999999955,0,fit:04f01143c9c76334dc1f7df426f77ac3e8992091d4090e6b06142aee6f9de488:segment:004,4,5141.0,5031,activities/055_260110082743.csv,1,1,0,0
fit:04f01143c9c76334dc1f7df426f77ac3e8992091d4090e6b06142aee6f9de488,2026-01-10T08:53:25+00:00,650,0,119,70,6.989,43.39999999999998,0,fit:04f01143c9c76334dc1f7df426f77ac3e8992091d4090e6b06142aee6f9de488:segment:004,4,5142.0,5032,activities/055_260110082743.csv,1,1,0,0
fit:04f01143c9c76334dc1f7df426f77ac3e8992091d4090e6b06142aee6f9de488,2026-01-10T08:53:26+00:00,651,0,119,0,6.971,43.39999999999998,0,fit:04f01143c9c76334dc1f7df426f77ac3e8992091d4090e6b06142aee6f9de488:segment:004,4,5143.0,5033,activities/055_260110082743.csv,1,1,0,0
fit:04f01143c9c76334dc1f7df426f77ac3e8992091d4090e6b06142aee6f9de488,2026-01-10T08:53:27+00:00,652,0,120,0,6.967,43.39999999999998,0,fit:04f01143c9c76334dc1f7df426f77ac3e8992091d4090e6b06142aee6f9de488:segment:004,4,5144.0,5034,activities/055_260110082743.csv,1,1,0,0
fit:04f01143c9c76334dc1f7df426f77ac3e8992091d4090e6b06142aee6f9de488,2026-01-10T08:53:28+00:00,653,0,120,0,7.037,43.39999999999998,0,fit:04f01143c9c76334dc1f7df426f77ac3e8992091d4090e6b06142aee6f9de488:segment:004,4,5145.0,5035,activities/055_260110082743.csv,1,1,0,0
fit:04f01143c9c76334dc1f7df426f77ac3e8992091d4090e6b06142aee6f9de488,2026-01-10T08:53:29+00:00,654,0,120,0,6.913,43.200000000000045,0,fit:04f01143c9c76334dc1f7df426f77ac3e8992091d4090e6b06142aee6f9de488:segment:004,4,5146.0,5036,activities/055_260110082743.csv,1,1,0,0
fit:04f01143c9c76334dc1f7df426f77ac3e8992091d4090e6b06142aee6f9de488,2026-01-10T08:53:30+00:00,655,0,121,0,6.915,43.200000000000045,0,fit:04f01143c9c76334dc1f7df426f77ac3e8992091d4090e6b06142aee6f9de488:segment:004,4,5147.0,5037,activities/055_260110082743.csv,1,1,0,0
fit:04f01143c9c76334dc1f7df426f77ac3e8992091d4090e6b06142aee6f9de488,2026-01-10T08:53:31+00:00,656,0,121,0,6.918,43.200000000000045,0,fit:04f01143c9c76334dc1f7df426f77ac3e8992091d4090e6b06142aee6f9de488:segment:004,4,5148.0,5038,activities/055_260110082743.csv,1,1,0,0
fit:04f01143c9c76334dc1f7df426f77ac3e8992091d4090e6b06142aee6f9de488,2026-01-10T08:53:32+00:00,657,0,121,0,6.896,42.60000000000002,0,fit:04f01143c9c76334dc1f7df426f77ac3e8992091d4090e6b06142aee6f9de488:segment:004,4,5149.0,5039,activities/055_260110082743.csv,1,1,0,0
fit:04f01143c9c76334dc1f7df426f77ac3e8992091d4090e6b06142aee6f9de488,2026-01-10T08:53:33+00:00,658,0,120,0,6.968,42.0,0,fit:04f01143c9c76334dc1f7df426f77ac3e8992091d4090e6b06142aee6f9de488:segment:004,4,5150.0,5040,activities/055_260110082743.csv,1,1,0,0
fit:04f01143c9c76334dc1f7df426f77ac3e8992091d4090e6b06142aee6f9de488,2026-01-10T08:53:34+00:00,659,0,120,0,6.879,42.0,0,fit:04f01143c9c76334dc1f7df426f77ac3e8992091d4090e6b06142aee6f9de488:segment:004,4,5151.0,5041,activities/055_260110082743.csv,1,1,0,0
fit:04f01143c9c76334dc1f7df426f77ac3e8992091d4090e6b06142aee6f9de488,2026-01-10T08:53:35+00:00,660,135,119,0,6.866,42.0,0,fit:04f01143c9c76334dc1f7df426f77ac3e8992091d4090e6b06142aee6f9de488:segment:004,4,5152.0,5042,activities/055_260110082743.csv,1,1,0,0
fit:04f01143c9c76334dc1f7df426f77ac3e8992091d4090e6b06142aee6f9de488,2026-01-10T08:53:36+00:00,661,133,119,70,6.885,41.799999999999955,0,fit:04f01143c9c76334dc1f7df426f77ac3e8992091d4090e6b06142aee6f9de488:segment:004,4,5153.0,5043,activities/055_260110082743.csv,1,1,0,0
fit:04f01143c9c76334dc1f7df426f77ac3e8992091d4090e6b06142aee6f9de488,2026-01-10T08:53:37+00:00,662,133,117,72,6.952,41.60000000000002,0,fit:04f01143c9c76334dc1f7df426f77ac3e8992091d4090e6b06142aee6f9de488:segment:004,4,5154.0,5044,activities/055_260110082743.csv,1,1,0,0
fit:04f01143c9c76334dc1f7df426f77ac3e8992091d4090e6b06142aee6f9de488,2026-01-10T08:53:38+00:00,663,18,116,72,7.095,41.60000000000002,0,fit:04f01143c9c76334dc1f7df426f77ac3e8992091d4090e6b06142aee6f9de488:segment:004,4,5155.0,5045,activities/055_260110082743.csv,1,1,0,0
fit:04f01143c9c76334dc1f7df426f77ac3e8992091d4090e6b06142aee6f9de488,2026-01-10T08:53:39+00:00,664,18,115,24,7.132,41.60000000000002,0,fit:04f01143c9c76334dc1f7df426f77ac3e8992091d4090e6b06142aee6f9de488:segment:004,4,5156.0,5046,activities/055_260110082743.csv,1,1,0,0
fit:04f01143c9c76334dc1f7df426f77ac3e8992091d4090e6b06142aee6f9de488,2026-01-10T08:53:40+00:00,665,93,113,60,7.177,41.60000000000002,0,fit:04f01143c9c76334dc1f7df426f77ac3e8992091d4090e6b06142aee6f9de488:segment:004,4,5157.0,5047,activities/055_260110082743.csv,1,1,0,0
fit:04f01143c9c76334dc1f7df426f77ac3e8992091d4090e6b06142aee6f9de488,2026-01-10T08:53:41+00:00,666,98,112,60,7.223,40.799999999999955,0,fit:04f01143c9c76334dc1f7df426f77ac3e8992091d4090e6b06142aee6f9de488:segment:004,4,5158.0,5048,activities/055_260110082743.csv,1,1,0,0
fit:04f01143c9c76334dc1f7df426f77ac3e8992091d4090e6b06142aee6f9de488,2026-01-10T08:53:42+00:00,667,84,112,75,7.285,40.799999999999955,0,fit:04f01143c9c76334dc1f7df426f77ac3e8992091d4090e6b06142aee6f9de488:segment:004,4,5159.0,5049,activities/055_260110082743.csv,1,1,0,0
fit:04f01143c9c76334dc1f7df426f77ac3e8992091d4090e6b06142aee6f9de488,2026-01-10T08:53:43+00:00,668,86,112,76,7.369,40.799999999999955,0,fit:04f01143c9c76334dc1f7df426f77ac3e8992091d4090e6b06142aee6f9de488:segment:004,4,5160.0,5050,activities/055_260110082743.csv,1,1,0,0
fit:04f01143c9c76334dc1f7df426f77ac3e8992091d4090e6b06142aee6f9de488,2026-01-10T08:53:44+00:00,669,122,112,77,7.365,40.799999999999955,0,fit:04f01143c9c76334dc1f7df426f77ac3e8992091d4090e6b06142aee6f9de488:segment:004,4,5161.0,5051,activities/055_260110082743.csv,1,1,0,0
fit:04f01143c9c76334dc1f7df426f77ac3e8992091d4090e6b06142aee6f9de488,2026-01-10T08:53:45+00:00,670,126,112,78,7.452,40.39999999999998,0,fit:04f01143c9c76334dc1f7df426f77ac3e8992091d4090e6b06142aee6f9de488:segment:004,4,5162.0,5052,activities/055_260110082743.csv,1,1,0,0
fit:04f01143c9c76334dc1f7df426f77ac3e8992091d4090e6b06142aee6f9de488,2026-01-10T08:53:46+00:00,671,130,112,78,7.57,40.39999999999998,0,fit:04f01143c9c76334dc1f7df426f77ac3e8992091d4090e6b06142aee6f9de488:segment:004,4,5163.0,5053,activities/055_260110082743.csv,1,1,0,0
fit:04f01143c9c76334dc1f7df426f77ac3e8992091d4090e6b06142aee6f9de488,2026-01-10T08:53:47+00:00,672,87,112,80,7.645,40.39999999999998,0,fit:04f01143c9c76334dc1f7df426f77ac3e8992091d4090e6b06142aee6f9de488:segment:004,4,5164.0,5054,activities/055_260110082743.csv,1,1,0,0
fit:04f01143c9c76334dc1f7df426f77ac3e8992091d4090e6b06142aee6f9de488,2026-01-10T08:53:48+00:00,673,126,112,80,7.683,40.39999999999998,0,fit:04f01143c9c76334dc1f7df426f77ac3e8992091d4090e6b06142aee6f9de488:segment:004,4,5165.0,5055,activities/055_260110082743.csv,1,1,0,0
fit:04f01143c9c76334dc1f7df426f77ac3e8992091d4090e6b06142aee6f9de488,2026-01-10T08:53:49+00:00,674,109,112,81,7.833,40.39999999999998,0,fit:04f01143c9c76334dc1f7df426f77ac3e8992091d4090e6b06142aee6f9de488:segment:004,4,5166.0,5056,activities/055_260110082743.csv,1,1,0,0
fit:04f01143c9c76334dc1f7df426f77ac3e8992091d4090e6b06142aee6f9de488,2026-01-10T08:53:50+00:00,675,78,112,82,7.959,40.39999999999998,0,fit:04f01143c9c76334dc1f7df426f77ac3e8992091d4090e6b06142aee6f9de488:segment:004,4,5167.0,5057,activities/055_260110082743.csv,1,1,0,0
fit:04f01143c9c76334dc1f7df426f77ac3e8992091d4090e6b06142aee6f9de488,2026-01-10T08:53:51+00:00,676,26,111,82,8.005,40.39999999999998,0,fit:04f01143c9c76334dc1f7df426f77ac3e8992091d4090e6b06142aee6f9de488:segment:004,4,5168.0,5058,activities/055_260110082743.csv,1,1,0,0
fit:04f01143c9c76334dc1f7df426f77ac3e8992091d4090e6b06142aee6f9de488,2026-01-10T08:53:52+00:00,677,26,110,53,8.03,40.200000000000045,0,fit:04f01143c9c76334dc1f7df426f77ac3e8992091d4090e6b06142aee6f9de488:segment:004,4,5169.0,5059,activities/055_260110082743.csv,1,1,0,0
fit:04f01143c9c76334dc1f7df426f77ac3e8992091d4090e6b06142aee6f9de488,2026-01-10T08:53:53+00:00,678,26,109,53,8.04,39.799999999999955,0,fit:04f01143c9c76334dc1f7df426f77ac3e8992091d4090e6b06142aee6f9de488:segment:004,4,5170.0,5060,activities/055_260110082743.csv,1,1,0,0
fit:04f01143c9c76334dc1f7df426f77ac3e8992091d4090e6b06142aee6f9de488,2026-01-10T08:53:54+00:00,679,26,108,53,8.012,39.799999999999955,0,fit:04f01143c9c76334dc1f7df426f77ac3e8992091d4090e6b06142aee6f9de488:segment:004,4,5171.0,5061,activities/055_260110082743.csv,1,1,0,0
fit:04f01143c9c76334dc1f7df426f77ac3e8992091d4090e6b06142aee6f9de488,2026-01-10T08:53:55+00:00,680,23,107,52,7.946,39.799999999999955,0,fit:04f01143c9c76334dc1f7df426f77ac3e8992091d4090e6b06142aee6f9de488:segment:004,4,5172.0,5062,activities/055_260110082743.csv,1,1,0,0
fit:04f01143c9c76334dc1f7df426f77ac3e8992091d4090e6b06142aee6f9de488,2026-01-10T08:53:56+00:00,681,27,107,49,7.919,39.60000000000002,0,fit:04f01143c9c76334dc1f7df426f77ac3e8992091d4090e6b06142aee6f9de488:segment:004,4,5173.0,5063,activities/055_260110082743.csv,1,1,0,0
fit:04f01143c9c76334dc1f7df426f77ac3e8992091d4090e6b06142aee6f9de488,2026-01-10T08:53:57+00:00,682,97,107,25,7.925,38.60000000000002,0,fit:04f01143c9c76334dc1f7df426f77ac3e8992091d4090e6b06142aee6f9de488:segment:004,4,5174.0,5064,activities/055_260110082743.csv,1,1,0,0
fit:04f01143c9c76334dc1f7df426f77ac3e8992091d4090e6b06142aee6f9de488,2026-01-10T08:53:58+00:00,683,79,108,81,7.96,38.60000000000002,0,fit:04f01143c9c76334dc1f7df426f77ac3e8992091d4090e6b06142aee6f9de488:segment:004,4,5175.0,5065,activities/055_260110082743.csv,1,1,0,0
fit:04f01143c9c76334dc1f7df426f77ac3e8992091d4090e6b06142aee6f9de488,2026-01-10T08:53:59+00:00,684,72,108,81,8.016,38.60000000000002,0,fit:04f01143c9c76334dc1f7df426f77ac3e8992091d4090e6b06142aee6f9de488:segment:004,4,5176.0,5066,activities/055_260110082743.csv,1,1,0,0
fit:04f01143c9c76334dc1f7df426f77ac3e8992091d4090e6b06142aee6f9de488,2026-01-10T08:54:00+00:00,685,73,108,81,8.069,38.60000000000002,0,fit:04f01143c9c76334dc1f7df426f77ac3e8992091d4090e6b06142aee6f9de488:segment:004,4,5177.0,5067,activities/055_260110082743.csv,1,1,0,0
fit:04f01143c9c76334dc1f7df426f77ac3e8992091d4090e6b06142aee6f9de488,2026-01-10T08:54:01+00:00,686,80,108,81,8.043,38.60000000000002,0,fit:04f01143c9c76334dc1f7df426f77ac3e8992091d4090e6b06142aee6f9de488:segment:004,4,5178.0,5068,activities/055_260110082743.csv,1,1,0,0
fit:04f01143c9c76334dc1f7df426f77ac3e8992091d4090e6b06142aee6f9de488,2026-01-10T08:54:02+00:00,687,95,108,80,7.97,38.60000000000002,0,fit:04f01143c9c76334dc1f7df426f77ac3e8992091d4090e6b06142aee6f9de488:segment:004,4,5179.0,5069,activities/055_260110082743.csv,1,1,0,0
fit:04f01143c9c76334dc1f7df426f77ac3e8992091d4090e6b06142aee6f9de488,2026-01-10T08:54:03+00:00,688,102,108,80,7.944,38.60000000000002,0,fit:04f01143c9c76334dc1f7df426f77ac3e8992091d4090e6b06142aee6f9de488:segment:004,4,5180.0,5070,activities/055_260110082743.csv,1,1,0,0
fit:04f01143c9c76334dc1f7df426f77ac3e8992091d4090e6b06142aee6f9de488,2026-01-10T08:54:04+00:00,689,76,108,79,7.992,38.60000000000002,0,fit:04f01143c9c76334dc1f7df426f77ac3e8992091d4090e6b06142aee6f9de488:segment:004,4,5181.0,5071,activities/055_260110082743.csv,1,1,0,0
fit:04f01143c9c76334dc1f7df426f77ac3e8992091d4090e6b06142aee6f9de488,2026-01-10T08:54:05+00:00,690,76,108,79,7.885,37.799999999999955,0,fit:04f01143c9c76334dc1f7df426f77ac3e8992091d4090e6b06142aee6f9de488:segment:004,4,5182.0,5072,activities/055_260110082743.csv,1,1,0,0
fit:04f01143c9c76334dc1f7df426f77ac3e8992091d4090e6b06142aee6f9de488,2026-01-10T08:54:06+00:00,691,28,107,79,7.83,37.799999999999955,0,fit:04f01143c9c76334dc1f7df426f77ac3e8992091d4090e6b06142aee6f9de488:segment:004,4,5183.0,5073,activities/055_260110082743.csv,1,1,0,0
fit:04f01143c9c76334dc1f7df426f77ac3e8992091d4090e6b06142aee6f9de488,2026-01-10T08:54:07+00:00,692,161,107,20,7.659,37.799999999999955,0,fit:04f01143c9c76334dc1f7df426f77ac3e8992091d4090e6b06142aee6f9de488:segment:004,4,5184.0,5074,activities/055_260110082743.csv,1,1,0,0
fit:04f01143c9c76334dc1f7df426f77ac3e8992091d4090e6b06142aee6f9de488,2026-01-10T08:54:08+00:00,693,161,106,74,7.396,38.60000000000002,0,fit:04f01143c9c76334dc1f7df426f77ac3e8992091d4090e6b06142aee6f9de488:segment:004,4,5185.0,5075,activities/055_260110082743.csv,1,1,0,0
fit:04f01143c9c76334dc1f7df426f77ac3e8992091d4090e6b06142aee6f9de488,2026-01-10T08:54:09+00:00,694,76,105,36,7.277,36.60000000000002,0,fit:04f01143c9c76334dc1f7df426f77ac3e8992091d4090e6b06142aee6f9de488:segment:004,4,5186.0,5076,activities/055_260110082743.csv,1,1,0,0
fit:04f01143c9c76334dc1f7df426f77ac3e8992091d4090e6b06142aee6f9de488,2026-01-10T08:54:10+00:00,695,187,104,36,7.176,36.60000000000002,0,fit:04f01143c9c76334dc1f7df426f77ac3e8992091d4090e6b06142aee6f9de488:segment:004,4,5187.0,5077,activities/055_260110082743.csv,1,1,0,0
fit:04f01143c9c76334dc1f7df426f77ac3e8992091d4090e6b06142aee6f9de488,2026-01-10T08:54:11+00:00,696,175,102,72,7.142,36.60000000000002,0,fit:04f01143c9c76334dc1f7df426f77ac3e8992091d4090e6b06142aee6f9de488:segment:004,4,5188.0,5078,activities/055_260110082743.csv,1,1,0,0
fit:04f01143c9c76334dc1f7df426f77ac3e8992091d4090e6b06142aee6f9de488,2026-01-10T08:54:12+00:00,697,136,102,73,7.143,37.60000000000002,0,fit:04f01143c9c76334dc1f7df426f77ac3e8992091d4090e6b06142aee6f9de488:segment:004,4,5189.0,5079,activities/055_260110082743.csv,1,1,0,0
fit:04f01143c9c76334dc1f7df426f77ac3e8992091d4090e6b06142aee6f9de488,2026-01-10T08:54:13+00:00,698,136,102,73,7.222,38.200000000000045,0,fit:04f01143c9c76334dc1f7df426f77ac3e8992091d4090e6b06142aee6f9de488:segment:004,4,5190.0,5080,activities/055_260110082743.csv,1,1,0,0
fit:04f01143c9c76334dc1f7df426f77ac3e8992091d4090e6b06142aee6f9de488,2026-01-10T08:54:14+00:00,699,49,101,73,7.252,38.200000000000045,0,fit:04f01143c9c76334dc1f7df426f77ac3e8992091d4090e6b06142aee6f9de488:segment:004,4,5191.0,5081,activities/055_260110082743.csv,1,1,0,0
fit:04f01143c9c76334dc1f7df426f77ac3e8992091d4090e6b06142aee6f9de488,2026-01-10T08:54:15+00:00,700,183,101,73,7.169,38.200000000000045,0,fit:04f01143c9c76334dc1f7df426f77ac3e8992091d4090e6b06142aee6f9de488:segment:004,4,5192.0,5082,activities/055_260110082743.csv,1,1,0,0
fit:04f01143c9c76334dc1f7df426f77ac3e8992091d4090e6b06142aee6f9de488,2026-01-10T08:54:16+00:00,701,146,102,73,7.167,38.200000000000045,0,fit:04f01143c9c76334dc1f7df426f77ac3e8992091d4090e6b06142aee6f9de488:segment:004,4,5193.0,5083,activities/055_260110082743.csv,1,1,0,0
fit:04f01143c9c76334dc1f7df426f77ac3e8992091d4090e6b06142aee6f9de488,2026-01-10T08:54:17+00:00,702,142,103,75,7.202,37.799999999999955,0,fit:04f01143c9c76334dc1f7df426f77ac3e8992091d4090e6b06142aee6f9de488:segment:004,4,5194.0,5084,activities/055_260110082743.csv,1,1,0,0
fit:04f01143c9c76334dc1f7df426f77ac3e8992091d4090e6b06142aee6f9de488,2026-01-10T08:54:18+00:00,703,141,104,77,7.362,37.799999999999955,0,fit:04f01143c9c76334dc1f7df426f77ac3e8992091d4090e6b06142aee6f9de488:segment:004,4,5195.0,5085,activities/055_260110082743.csv,1,1,0,0
fit:04f01143c9c76334dc1f7df426f77ac3e8992091d4090e6b06142aee6f9de488,2026-01-10T08:54:19+00:00,704,141,105,77,7.486,37.799999999999955,0,fit:04f01143c9c76334dc1f7df426f77ac3e8992091d4090e6b06142aee6f9de488:segment:004,4,5196.0,5086,activities/055_260110082743.csv,1,1,0,0
fit:04f01143c9c76334dc1f7df426f77ac3e8992091d4090e6b06142aee6f9de488,2026-01-10T08:54:20+00:00,705,41,105,77,7.608,37.799999999999955,0,fit:04f01143c9c76334dc1f7df426f77ac3e8992091d4090e6b06142aee6f9de488:segment:004,4,5197.0,5087,activities/055_260110082743.csv,1,1,0,0
fit:04f01143c9c76334dc1f7df426f77ac3e8992091d4090e6b06142aee6f9de488,2026-01-10T08:54:21+00:00,706,140,106,39,7.551,37.60000000000002,0,fit:04f01143c9c76334dc1f7df426f77ac3e8992091d4090e6b06142aee6f9de488:segment:004,4,5198.0,5088,activities/055_260110082743.csv,1,1,0,0
fit:04f01143c9c76334dc1f7df426f77ac3e8992091d4090e6b06142aee6f9de488,2026-01-10T08:54:22+00:00,707,128,108,76,7.533,37.60000000000002,0,fit:04f01143c9c76334dc1f7df426f77ac3e8992091d4090e6b06142aee6f9de488:segment:004,4,5199.0,5089,activities/055_260110082743.csv,1,1,0,0
fit:04f01143c9c76334dc1f7df426f77ac3e8992091d4090e6b06142aee6f9de488,2026-01-10T08:54:23+00:00,708,139,109,77,7.54,37.60000000000002,0,fit:04f01143c9c76334dc1f7df426f77ac3e8992091d4090e6b06142aee6f9de488:segment:004,4,5200.0,5090,activities/055_260110082743.csv,1,1,0,0
fit:04f01143c9c76334dc1f7df426f77ac3e8992091d4090e6b06142aee6f9de488,2026-01-10T08:54:24+00:00,709,140,109,77,7.522,37.60000000000002,0,fit:04f01143c9c76334dc1f7df426f77ac3e8992091d4090e6b06142aee6f9de488:segment:004,4,5201.0,5091,activities/055_260110082743.csv,1,1,0,0
fit:04f01143c9c76334dc1f7df426f77ac3e8992091d4090e6b06142aee6f9de488,2026-01-10T08:54:25+00:00,710,122,110,77,7.514,38.0,0,fit:04f01143c9c76334dc1f7df426f77ac3e8992091d4090e6b06142aee6f9de488:segment:004,4,5202.0,5092,activities/055_260110082743.csv,1,1,0,0
fit:04f01143c9c76334dc1f7df426f77ac3e8992091d4090e6b06142aee6f9de488,2026-01-10T08:54:26+00:00,711,152,110,77,7.496,38.0,0,fit:04f01143c9c76334dc1f7df426f77ac3e8992091d4090e6b06142aee6f9de488:segment:004,4,5203.0,5093,activities/055_260110082743.csv,1,1,0,0
fit:04f01143c9c76334dc1f7df426f77ac3e8992091d4090e6b06142aee6f9de488,2026-01-10T08:54:27+00:00,712,125,110,76,7.574,38.0,0,fit:04f01143c9c76334dc1f7df426f77ac3e8992091d4090e6b06142aee6f9de488:segment:004,4,5204.0,5094,activities/055_260110082743.csv,1,1,0,0
fit:04f01143c9c76334dc1f7df426f77ac3e8992091d4090e6b06142aee6f9de488,2026-01-10T08:54:28+00:00,713,126,110,77,7.535,37.0,0,fit:04f01143c9c76334dc1f7df426f77ac3e8992091d4090e6b06142aee6f9de488:segment:004,4,5205.0,5095,activities/055_260110082743.csv,1,1,0,0
fit:04f01143c9c76334dc1f7df426f77ac3e8992091d4090e6b06142aee6f9de488,2026-01-10T08:54:29+00:00,714,163,110,77,7.528,38.200000000000045,0,fit:04f01143c9c76334dc1f7df426f77ac3e8992091d4090e6b06142aee6f9de488:segment:004,4,5206.0,5096,activities/055_260110082743.csv,1,1,0,0
fit:04f01143c9c76334dc1f7df426f77ac3e8992091d4090e6b06142aee6f9de488,2026-01-10T08:54:30+00:00,715,130,110,76,7.538,38.200000000000045,0,fit:04f01143c9c76334dc1f7df426f77ac3e8992091d4090e6b06142aee6f9de488:segment:004,4,5207.0,5097,activities/055_260110082743.csv,1,1,0,0
fit:04f01143c9c76334dc1f7df426f77ac3e8992091d4090e6b06142aee6f9de488,2026-01-10T08:54:31+00:00,716,181,110,76,7.466,38.200000000000045,0,fit:04f01143c9c76334dc1f7df426f77ac3e8992091d4090e6b06142aee6f9de488:segment:004,4,5208.0,5098,activities/055_260110082743.csv,1,1,0,0
fit:04f01143c9c76334dc1f7df426f77ac3e8992091d4090e6b06142aee6f9de488,2026-01-10T08:54:32+00:00,717,181,110,75,7.45,37.799999999999955,0,fit:04f01143c9c76334dc1f7df426f77ac3e8992091d4090e6b06142aee6f9de488:segment:004,4,5209.0,5099,activities/055_260110082743.csv,1,1,0,0
fit:04f01143c9c76334dc1f7df426f77ac3e8992091d4090e6b06142aee6f9de488,2026-01-10T08:54:33+00:00,718,161,110,75,7.384,37.60000000000002,0,fit:04f01143c9c76334dc1f7df426f77ac3e8992091d4090e6b06142aee6f9de488:segment:004,4,5210.0,5100,activities/055_260110082743.csv,1,1,0,0
fit:04f01143c9c76334dc1f7df426f77ac3e8992091d4090e6b06142aee6f9de488,2026-01-10T08:54:34+00:00,719,138,110,75,7.413,37.60000000000002,0,fit:04f01143c9c76334dc1f7df426f77ac3e8992091d4090e6b06142aee6f9de488:segment:004,4,5211.0,5101,activities/055_260110082743.csv,1,1,0,0
fit:04f01143c9c76334dc1f7df426f77ac3e8992091d4090e6b06142aee6f9de488,2026-01-10T08:54:35+00:00,720,203,111,75,7.377,37.60000000000002,0,fit:04f01143c9c76334dc1f7df426f77ac3e8992091d4090e6b06142aee6f9de488:segment:004,4,5212.0,5102,activities/055_260110082743.csv,1,1,0,0
fit:04f01143c9c76334dc1f7df426f77ac3e8992091d4090e6b06142aee6f9de488,2026-01-10T08:54:36+00:00,721,183,111,75,7.421,37.799999999999955,0,fit:04f01143c9c76334dc1f7df426f77ac3e8992091d4090e6b06142aee6f9de488:segment:004,4,5213.0,5103,activities/055_260110082743.csv,1,1,0,0
fit:04f01143c9c76334dc1f7df426f77ac3e8992091d4090e6b06142aee6f9de488,2026-01-10T08:54:37+00:00,722,181,110,76,7.431,37.60000000000002,0,fit:04f01143c9c76334dc1f7df426f77ac3e8992091d4090e6b06142aee6f9de488:segment:004,4,5214.0,5104,activities/055_260110082743.csv,1,1,0,0
fit:04f01143c9c76334dc1f7df426f77ac3e8992091d4090e6b06142aee6f9de488,2026-01-10T08:54:38+00:00,723,108,110,76,7.55,37.60000000000002,0,fit:04f01143c9c76334dc1f7df426f77ac3e8992091d4090e6b06142aee6f9de488:segment:004,4,5215.0,5105,activities/055_260110082743.csv,1,1,0,0
fit:04f01143c9c76334dc1f7df426f77ac3e8992091d4090e6b06142aee6f9de488,2026-01-10T08:54:39+00:00,724,108,110,75,7.43,37.60000000000002,0,fit:04f01143c9c76334dc1f7df426f77ac3e8992091d4090e6b06142aee6f9de488:segment:004,4,5216.0,5106,activities/055_260110082743.csv,1,1,0,0
fit:04f01143c9c76334dc1f7df426f77ac3e8992091d4090e6b06142aee6f9de488,2026-01-10T08:54:40+00:00,725,25,110,74,7.397,38.200000000000045,0,fit:04f01143c9c76334dc1f7df426f77ac3e8992091d4090e6b06142aee6f9de488:segment:004,4,5217.0,5107,activities/055_260110082743.csv,1,1,0,0
fit:04f01143c9c76334dc1f7df426f77ac3e8992091d4090e6b06142aee6f9de488,2026-01-10T08:54:41+00:00,726,105,110,76,7.291,38.60000000000002,0,fit:04f01143c9c76334dc1f7df426f77ac3e8992091d4090e6b06142aee6f9de488:segment:004,4,5218.0,5108,activities/055_260110082743.csv,1,1,0,0
fit:04f01143c9c76334dc1f7df426f77ac3e8992091d4090e6b06142aee6f9de488,2026-01-10T08:54:42+00:00,727,188,111,78,7.28,38.60000000000002,0,fit:04f01143c9c76334dc1f7df426f77ac3e8992091d4090e6b06142aee6f9de488:segment:004,4,5219.0,5109,activities/055_260110082743.csv,1,1,0,0
fit:04f01143c9c76334dc1f7df426f77ac3e8992091d4090e6b06142aee6f9de488,2026-01-10T08:54:43+00:00,728,273,111,76,7.039,38.60000000000002,0,fit:04f01143c9c76334dc1f7df426f77ac3e8992091d4090e6b06142aee6f9de488:segment:004,4,5220.0,5110,activities/055_260110082743.csv,1,1,0,0
fit:04f01143c9c76334dc1f7df426f77ac3e8992091d4090e6b06142aee6f9de488,2026-01-10T08:54:44+00:00,729,300,112,75,6.689,38.60000000000002,0,fit:04f01143c9c76334dc1f7df426f77ac3e8992091d4090e6b06142aee6f9de488:segment:004,4,5221.0,5111,activities/055_260110082743.csv,1,1,0,0
fit:04f01143c9c76334dc1f7df426f77ac3e8992091d4090e6b06142aee6f9de488,2026-01-10T08:54:45+00:00,730,268,112,73,6.566,39.39999999999998,0,fit:04f01143c9c76334dc1f7df426f77ac3e8992091d4090e6b06142aee6f9de488:segment:004,4,5222.0,5112,activities/055_260110082743.csv,1,1,0,0
fit:04f01143c9c76334dc1f7df426f77ac3e8992091d4090e6b06142aee6f9de488,2026-01-10T08:54:46+00:00,731,180,113,73,6.589,39.39999999999998,0,fit:04f01143c9c76334dc1f7df426f77ac3e8992091d4090e6b06142aee6f9de488:segment:004,4,5223.0,5113,activities/055_260110082743.csv,1,1,0,0
fit:04f01143c9c76334dc1f7df426f77ac3e8992091d4090e6b06142aee6f9de488,2026-01-10T08:54:47+00:00,732,102,114,71,6.592,39.39999999999998,0,fit:04f01143c9c76334dc1f7df426f77ac3e8992091d4090e6b06142aee6f9de488:segment:004,4,5224.0,5114,activities/055_260110082743.csv,1,1,0,0
fit:04f01143c9c76334dc1f7df426f77ac3e8992091d4090e6b06142aee6f9de488,2026-01-10T08:54:48+00:00,733,92,115,71,6.492,39.60000000000002,0,fit:04f01143c9c76334dc1f7df426f77ac3e8992091d4090e6b06142aee6f9de488:segment:004,4,5225.0,5115,activities/055_260110082743.csv,1,1,0,0
fit:04f01143c9c76334dc1f7df426f77ac3e8992091d4090e6b06142aee6f9de488,2026-01-10T08:54:49+00:00,734,76,115,71,6.446,39.799999999999955,0,fit:04f01143c9c76334dc1f7df426f77ac3e8992091d4090e6b06142aee6f9de488:segment:004,4,5226.0,5116,activities/055_260110082743.csv,1,1,0,0
fit:04f01143c9c76334dc1f7df426f77ac3e8992091d4090e6b06142aee6f9de488,2026-01-10T08:54:50+00:00,735,65,116,70,6.426,39.799999999999955,0,fit:04f01143c9c76334dc1f7df426f77ac3e8992091d4090e6b06142aee6f9de488:segment:004,4,5227.0,5117,activities/055_260110082743.csv,1,1,0,0
fit:04f01143c9c76334dc1f7df426f77ac3e8992091d4090e6b06142aee6f9de488,2026-01-10T08:54:51+00:00,736,65,117,70,6.489,39.799999999999955,0,fit:04f01143c9c76334dc1f7df426f77ac3e8992091d4090e6b06142aee6f9de488:segment:004,4,5228.0,5118,activities/055_260110082743.csv,1,1,0,0
fit:04f01143c9c76334dc1f7df426f77ac3e8992091d4090e6b06142aee6f9de488,2026-01-10T08:54:52+00:00,737,65,117,70,6.302,39.799999999999955,0,fit:04f01143c9c76334dc1f7df426f77ac3e8992091d4090e6b06142aee6f9de488:segment:004,4,5229.0,5119,activities/055_260110082743.csv,1,1,0,0
fit:04f01143c9c76334dc1f7df426f77ac3e8992091d4090e6b06142aee6f9de488,2026-01-10T08:54:53+00:00,738,0,118,70,6.199,40.60000000000002,0,fit:04f01143c9c76334dc1f7df426f77ac3e8992091d4090e6b06142aee6f9de488:segment:004,4,5230.0,5120,activities/055_260110082743.csv,1,1,0,0
fit:04f01143c9c76334dc1f7df426f77ac3e8992091d4090e6b06142aee6f9de488,2026-01-10T08:54:54+00:00,739,0,119,0,6.091,40.60000000000002,0,fit:04f01143c9c76334dc1f7df426f77ac3e8992091d4090e6b06142aee6f9de488:segment:004,4,5231.0,5121,activities/055_260110082743.csv,1,1,0,0
fit:04f01143c9c76334dc1f7df426f77ac3e8992091d4090e6b06142aee6f9de488,2026-01-10T08:54:55+00:00,740,0,119,0,6.074,40.60000000000002,0,fit:04f01143c9c76334dc1f7df426f77ac3e8992091d4090e6b06142aee6f9de488:segment:004,4,5232.0,5122,activities/055_260110082743.csv,1,1,0,0
fit:04f01143c9c76334dc1f7df426f77ac3e8992091d4090e6b06142aee6f9de488,2026-01-10T08:54:56+00:00,741,66,120,0,6.247,39.60000000000002,0,fit:04f01143c9c76334dc1f7df426f77ac3e8992091d4090e6b06142aee6f9de488:segment:004,4,5233.0,5123,activities/055_260110082743.csv,1,1,0,0
fit:04f01143c9c76334dc1f7df426f77ac3e8992091d4090e6b06142aee6f9de488,2026-01-10T08:54:57+00:00,742,66,120,70,6.303,38.60000000000002,0,fit:04f01143c9c76334dc1f7df426f77ac3e8992091d4090e6b06142aee6f9de488:segment:004,4,5234.0,5124,activities/055_260110082743.csv,1,1,0,0
fit:04f01143c9c76334dc1f7df426f77ac3e8992091d4090e6b06142aee6f9de488,2026-01-10T08:54:58+00:00,743,66,120,70,6.513,38.60000000000002,0,fit:04f01143c9c76334dc1f7df426f77ac3e8992091d4090e6b06142aee6f9de488:segment:004,4,5235.0,5125,activities/055_260110082743.csv,1,1,0,0
fit:04f01143c9c76334dc1f7df426f77ac3e8992091d4090e6b06142aee6f9de488,2026-01-10T08:54:59+00:00,744,88,120,70,6.656,38.60000000000002,0,fit:04f01143c9c76334dc1f7df426f77ac3e8992091d4090e6b06142aee6f9de488:segment:004,4,5236.0,5126,activities/055_260110082743.csv,1,1,0,0
fit:04f01143c9c76334dc1f7df426f77ac3e8992091d4090e6b06142aee6f9de488,2026-01-10T08:55:00+00:00,745,88,120,62,6.67,38.799999999999955,0,fit:04f01143c9c76334dc1f7df426f77ac3e8992091d4090e6b06142aee6f9de488:segment:004,4,5237.0,5127,activities/055_260110082743.csv,1,1,0,0
fit:04f01143c9c76334dc1f7df426f77ac3e8992091d4090e6b06142aee6f9de488,2026-01-10T08:55:01+00:00,746,172,119,62,6.639,38.799999999999955,0,fit:04f01143c9c76334dc1f7df426f77ac3e8992091d4090e6b06142aee6f9de488:segment:004,4,5238.0,5128,activities/055_260110082743.csv,1,1,0,0
fit:04f01143c9c76334dc1f7df426f77ac3e8992091d4090e6b06142aee6f9de488,2026-01-10T08:55:02+00:00,747,185,119,73,6.639,38.799999999999955,0,fit:04f01143c9c76334dc1f7df426f77ac3e8992091d4090e6b06142aee6f9de488:segment:004,4,5239.0,5129,activities/055_260110082743.csv,1,1,0,0
fit:04f01143c9c76334dc1f7df426f77ac3e8992091d4090e6b06142aee6f9de488,2026-01-10T08:55:03+00:00,748,171,118,72,6.479,38.799999999999955,0,fit:04f01143c9c76334dc1f7df426f77ac3e8992091d4090e6b06142aee6f9de488:segment:004,4,5240.0,5130,activities/055_260110082743.csv,1,1,0,0
fit:04f01143c9c76334dc1f7df426f77ac3e8992091d4090e6b06142aee6f9de488,2026-01-10T08:55:04+00:00,749,210,117,72,6.431,38.799999999999955,0,fit:04f01143c9c76334dc1f7df426f77ac3e8992091d4090e6b06142aee6f9de488:segment:004,4,5241.0,5131,activities/055_260110082743.csv,1,1,0,0
fit:04f01143c9c76334dc1f7df426f77ac3e8992091d4090e6b06142aee6f9de488,2026-01-10T08:55:05+00:00,750,210,116,72,6.388,39.39999999999998,0,fit:04f01143c9c76334dc1f7df426f77ac3e8992091d4090e6b06142aee6f9de488:segment:004,4,5242.0,5132,activities/055_260110082743.csv,1,1,0,0
fit:04f01143c9c76334dc1f7df426f77ac3e8992091d4090e6b06142aee6f9de488,2026-01-10T08:55:06+00:00,751,199,115,72,6.398,39.39999999999998,0,fit:04f01143c9c76334dc1f7df426f77ac3e8992091d4090e6b06142aee6f9de488:segment:004,4,5243.0,5133,activities/055_260110082743.csv,1,1,0,0
fit:04f01143c9c76334dc1f7df426f77ac3e8992091d4090e6b06142aee6f9de488,2026-01-10T08:55:07+00:00,752,187,115,71,6.21,39.39999999999998,0,fit:04f01143c9c76334dc1f7df426f77ac3e8992091d4090e6b06142aee6f9de488:segment:004,4,5244.0,5134,activities/055_260110082743.csv,1,1,0,0
fit:04f01143c9c76334dc1f7df426f77ac3e8992091d4090e6b06142aee6f9de488,2026-01-10T08:55:08+00:00,753,255,114,68,6.19,40.0,0,fit:04f01143c9c76334dc1f7df426f77ac3e8992091d4090e6b06142aee6f9de488:segment:004,4,5245.0,5135,activities/055_260110082743.csv,1,1,0,0
fit:04f01143c9c76334dc1f7df426f77ac3e8992091d4090e6b06142aee6f9de488,2026-01-10T08:55:09+00:00,754,248,113,67,5.959,40.39999999999998,0,fit:04f01143c9c76334dc1f7df426f77ac3e8992091d4090e6b06142aee6f9de488:segment:004,4,5246.0,5136,activities/055_260110082743.csv,1,1,0,0
fit:04f01143c9c76334dc1f7df426f77ac3e8992091d4090e6b06142aee6f9de488,2026-01-10T08:55:10+00:00,755,236,113,66,5.868,40.39999999999998,0,fit:04f01143c9c76334dc1f7df426f77ac3e8992091d4090e6b06142aee6f9de488:segment:004,4,5247.0,5137,activities/055_260110082743.csv,1,1,0,0
fit:04f01143c9c76334dc1f7df426f77ac3e8992091d4090e6b06142aee6f9de488,2026-01-10T08:55:11+00:00,756,219,113,65,5.805,40.39999999999998,0,fit:04f01143c9c76334dc1f7df426f77ac3e8992091d4090e6b06142aee6f9de488:segment:004,4,5248.0,5138,activities/055_260110082743.csv,1,1,0,0
fit:04f01143c9c76334dc1f7df426f77ac3e8992091d4090e6b06142aee6f9de488,2026-01-10T08:55:12+00:00,757,122,112,65,5.725,40.39999999999998,0,fit:04f01143c9c76334dc1f7df426f77ac3e8992091d4090e6b06142aee6f9de488:segment:004,4,5249.0,5139,activities/055_260110082743.csv,1,1,0,0
fit:04f01143c9c76334dc1f7df426f77ac3e8992091d4090e6b06142aee6f9de488,2026-01-10T08:55:13+00:00,758,280,112,71,5.601,41.60000000000002,0,fit:04f01143c9c76334dc1f7df426f77ac3e8992091d4090e6b06142aee6f9de488:segment:004,4,5250.0,5140,activities/055_260110082743.csv,1,1,0,0
fit:04f01143c9c76334dc1f7df426f77ac3e8992091d4090e6b06142aee6f9de488,2026-01-10T08:55:14+00:00,759,357,112,68,5.473,41.60000000000002,0,fit:04f01143c9c76334dc1f7df426f77ac3e8992091d4090e6b06142aee6f9de488:segment:004,4,5251.0,5141,activities/055_260110082743.csv,1,1,0,0
fit:04f01143c9c76334dc1f7df426f77ac3e8992091d4090e6b06142aee6f9de488,2026-01-10T08:55:15+00:00,760,299,112,69,5.345,41.60000000000002,0,fit:04f01143c9c76334dc1f7df426f77ac3e8992091d4090e6b06142aee6f9de488:segment:004,4,5252.0,5142,activities/055_260110082743.csv,1,1,0,0
fit:04f01143c9c76334dc1f7df426f77ac3e8992091d4090e6b06142aee6f9de488,2026-01-10T08:55:16+00:00,761,257,112,70,5.363,42.60000000000002,0,fit:04f01143c9c76334dc1f7df426f77ac3e8992091d4090e6b06142aee6f9de488:segment:004,4,5253.0,5143,activities/055_260110082743.csv,1,1,0,0
fit:04f01143c9c76334dc1f7df426f77ac3e8992091d4090e6b06142aee6f9de488,2026-01-10T08:55:17+00:00,762,262,112,71,5.391,43.0,0,fit:04f01143c9c76334dc1f7df426f77ac3e8992091d4090e6b06142aee6f9de488:segment:004,4,5254.0,5144,activities/055_260110082743.csv,1,1,0,0
fit:04f01143c9c76334dc1f7df426f77ac3e8992091d4090e6b06142aee6f9de488,2026-01-10T08:55:18+00:00,763,233,113,71,5.36,43.0,0,fit:04f01143c9c76334dc1f7df426f77ac3e8992091d4090e6b06142aee6f9de488:segment:004,4,5255.0,5145,activities/055_260110082743.csv,1,1,0,0
fit:04f01143c9c76334dc1f7df426f77ac3e8992091d4090e6b06142aee6f9de488,2026-01-10T08:55:19+00:00,764,258,114,71,5.414,43.0,0,fit:04f01143c9c76334dc1f7df426f77ac3e8992091d4090e6b06142aee6f9de488:segment:004,4,5256.0,5146,activities/055_260110082743.csv,1,1,0,0
fit:04f01143c9c76334dc1f7df426f77ac3e8992091d4090e6b06142aee6f9de488,2026-01-10T08:55:20+00:00,765,258,114,70,5.488,43.0,0,fit:04f01143c9c76334dc1f7df426f77ac3e8992091d4090e6b06142aee6f9de488:segment:004,4,5257.0,5147,activities/055_260110082743.csv,1,1,0,0
fit:04f01143c9c76334dc1f7df426f77ac3e8992091d4090e6b06142aee6f9de488,2026-01-10T08:55:21+00:00,766,318,116,70,5.393,44.799999999999955,0,fit:04f01143c9c76334dc1f7df426f77ac3e8992091d4090e6b06142aee6f9de488:segment:004,4,5258.0,5148,activities/055_260110082743.csv,1,1,0,0
fit:04f01143c9c76334dc1f7df426f77ac3e8992091d4090e6b06142aee6f9de488,2026-01-10T08:55:22+00:00,767,294,118,70,5.516,44.799999999999955,0,fit:04f01143c9c76334dc1f7df426f77ac3e8992091d4090e6b06142aee6f9de488:segment:004,4,5259.0,5149,activities/055_260110082743.csv,1,1,0,0
fit:04f01143c9c76334dc1f7df426f77ac3e8992091d4090e6b06142aee6f9de488,2026-01-10T08:55:23+00:00,768,259,118,70,5.468,44.799999999999955,0,fit:04f01143c9c76334dc1f7df426f77ac3e8992091d4090e6b06142aee6f9de488:segment:004,4,5260.0,5150,activities/055_260110082743.csv,1,1,0,0
fit:04f01143c9c76334dc1f7df426f77ac3e8992091d4090e6b06142aee6f9de488,2026-01-10T08:55:24+00:00,769,220,119,73,5.568,43.799999999999955,0,fit:04f01143c9c76334dc1f7df426f77ac3e8992091d4090e6b06142aee6f9de488:segment:004,4,5261.0,5151,activities/055_260110082743.csv,1,1,0,0
fit:04f01143c9c76334dc1f7df426f77ac3e8992091d4090e6b06142aee6f9de488,2026-01-10T08:55:25+00:00,770,209,121,74,5.478,44.799999999999955,0,fit:04f01143c9c76334dc1f7df426f77ac3e8992091d4090e6b06142aee6f9de488:segment:004,4,5262.0,5152,activities/055_260110082743.csv,1,1,0,0
fit:04f01143c9c76334dc1f7df426f77ac3e8992091d4090e6b06142aee6f9de488,2026-01-10T08:55:26+00:00,771,178,121,75,5.596,44.799999999999955,0,fit:04f01143c9c76334dc1f7df426f77ac3e8992091d4090e6b06142aee6f9de488:segment:004,4,5263.0,5153,activities/055_260110082743.csv,1,1,0,0
fit:04f01143c9c76334dc1f7df426f77ac3e8992091d4090e6b06142aee6f9de488,2026-01-10T08:55:27+00:00,772,220,123,76,5.781,44.799999999999955,0,fit:04f01143c9c76334dc1f7df426f77ac3e8992091d4090e6b06142aee6f9de488:segment:004,4,5264.0,5154,activities/055_260110082743.csv,1,1,0,0
fit:04f01143c9c76334dc1f7df426f77ac3e8992091d4090e6b06142aee6f9de488,2026-01-10T08:55:28+00:00,773,218,125,76,5.933,44.799999999999955,0,fit:04f01143c9c76334dc1f7df426f77ac3e8992091d4090e6b06142aee6f9de488:segment:004,4,5265.0,5155,activities/055_260110082743.csv,1,1,0,0
fit:04f01143c9c76334dc1f7df426f77ac3e8992091d4090e6b06142aee6f9de488,2026-01-10T08:55:29+00:00,774,209,125,78,5.838,44.39999999999998,0,fit:04f01143c9c76334dc1f7df426f77ac3e8992091d4090e6b06142aee6f9de488:segment:004,4,5266.0,5156,activities/055_260110082743.csv,1,1,0,0
fit:04f01143c9c76334dc1f7df426f77ac3e8992091d4090e6b06142aee6f9de488,2026-01-10T08:55:30+00:00,775,175,127,79,6.012,44.39999999999998,0,fit:04f01143c9c76334dc1f7df426f77ac3e8992091d4090e6b06142aee6f9de488:segment:004,4,5267.0,5157,activities/055_260110082743.csv,1,1,0,0
fit:04f01143c9c76334dc1f7df426f77ac3e8992091d4090e6b06142aee6f9de488,2026-01-10T08:55:31+00:00,776,165,129,79,6.02,44.39999999999998,0,fit:04f01143c9c76334dc1f7df426f77ac3e8992091d4090e6b06142aee6f9de488:segment:004,4,5268.0,5158,activities/055_260110082743.csv,1,1,0,0
fit:04f01143c9c76334dc1f7df426f77ac3e8992091d4090e6b06142aee6f9de488,2026-01-10T08:55:32+00:00,777,178,131,78,6.057,45.200000000000045,0,fit:04f01143c9c76334dc1f7df426f77ac3e8992091d4090e6b06142aee6f9de488:segment:004,4,5269.0,5159,activities/055_260110082743.csv,1,1,0,0
fit:04f01143c9c76334dc1f7df426f77ac3e8992091d4090e6b06142aee6f9de488,2026-01-10T08:55:33+00:00,778,209,133,78,6.038,44.0,0,fit:04f01143c9c76334dc1f7df426f77ac3e8992091d4090e6b06142aee6f9de488:segment:004,4,5270.0,5160,activities/055_260110082743.csv,1,1,0,0
fit:04f01143c9c76334dc1f7df426f77ac3e8992091d4090e6b06142aee6f9de488,2026-01-10T08:55:34+00:00,779,209,133,79,6.057,44.0,0,fit:04f01143c9c76334dc1f7df426f77ac3e8992091d4090e6b06142aee6f9de488:segment:004,4,5271.0,5161,activities/055_260110082743.csv,1,1,0,0
fit:04f01143c9c76334dc1f7df426f77ac3e8992091d4090e6b06142aee6f9de488,2026-01-10T08:55:35+00:00,780,210,134,79,6.051,44.0,0,fit:04f01143c9c76334dc1f7df426f77ac3e8992091d4090e6b06142aee6f9de488:segment:004,4,5272.0,5162,activities/055_260110082743.csv,1,1,0,0
fit:04f01143c9c76334dc1f7df426f77ac3e8992091d4090e6b06142aee6f9de488,2026-01-10T08:55:36+00:00,781,186,136,79,6.102,45.0,0,fit:04f01143c9c76334dc1f7df426f77ac3e8992091d4090e6b06142aee6f9de488:segment:004,4,5273.0,5163,activities/055_260110082743.csv,1,1,0,0
fit:04f01143c9c76334dc1f7df426f77ac3e8992091d4090e6b06142aee6f9de488,2026-01-10T08:55:37+00:00,782,176,137,80,6.095,45.60000000000002,0,fit:04f01143c9c76334dc1f7df426f77ac3e8992091d4090e6b06142aee6f9de488:segment:004,4,5274.0,5164,activities/055_260110082743.csv,1,1,0,0
fit:04f01143c9c76334dc1f7df426f77ac3e8992091d4090e6b06142aee6f9de488,2026-01-10T08:55:38+00:00,783,211,138,80,6.162,45.60000000000002,0,fit:04f01143c9c76334dc1f7df426f77ac3e8992091d4090e6b06142aee6f9de488:segment:004,4,5275.0,5165,activities/055_260110082743.csv,1,1,0,0
fit:04f01143c9c76334dc1f7df426f77ac3e8992091d4090e6b06142aee6f9de488,2026-01-10T08:55:39+00:00,784,211,138,80,6.235,45.60000000000002,0,fit:04f01143c9c76334dc1f7df426f77ac3e8992091d4090e6b06142aee6f9de488:segment:004,4,5276.0,5166,activities/055_260110082743.csv,1,1,0,0
fit:04f01143c9c76334dc1f7df426f77ac3e8992091d4090e6b06142aee6f9de488,2026-01-10T08:55:40+00:00,785,169,138,80,6.248,45.60000000000002,0,fit:04f01143c9c76334dc1f7df426f77ac3e8992091d4090e6b06142aee6f9de488:segment:004,4,5277.0,5167,activities/055_260110082743.csv,1,1,0,0
fit:04f01143c9c76334dc1f7df426f77ac3e8992091d4090e6b06142aee6f9de488,2026-01-10T08:55:41+00:00,786,190,138,80,6.28,45.799999999999955,0,fit:04f01143c9c76334dc1f7df426f77ac3e8992091d4090e6b06142aee6f9de488:segment:004,4,5278.0,5168,activities/055_260110082743.csv,1,1,0,0
fit:04f01143c9c76334dc1f7df426f77ac3e8992091d4090e6b06142aee6f9de488,2026-01-10T08:55:42+00:00,787,164,138,81,6.209,45.799999999999955,0,fit:04f01143c9c76334dc1f7df426f77ac3e8992091d4090e6b06142aee6f9de488:segment:004,4,5279.0,5169,activities/055_260110082743.csv,1,1,0,0
fit:04f01143c9c76334dc1f7df426f77ac3e8992091d4090e6b06142aee6f9de488,2026-01-10T08:55:43+00:00,788,246,138,82,6.211,45.799999999999955,0,fit:04f01143c9c76334dc1f7df426f77ac3e8992091d4090e6b06142aee6f9de488:segment:004,4,5280.0,5170,activities/055_260110082743.csv,1,1,0,0
fit:04f01143c9c76334dc1f7df426f77ac3e8992091d4090e6b06142aee6f9de488,2026-01-10T08:55:44+00:00,789,155,138,82,6.367,45.799999999999955,0,fit:04f01143c9c76334dc1f7df426f77ac3e8992091d4090e6b06142aee6f9de488:segment:004,4,5281.0,5171,activities/055_260110082743.csv,1,1,0,0
fit:04f01143c9c76334dc1f7df426f77ac3e8992091d4090e6b06142aee6f9de488,2026-01-10T08:55:45+00:00,790,143,137,83,6.422,46.39999999999998,0,fit:04f01143c9c76334dc1f7df426f77ac3e8992091d4090e6b06142aee6f9de488:segment:004,4,5282.0,5172,activities/055_260110082743.csv,1,1,0,0
fit:04f01143c9c76334dc1f7df426f77ac3e8992091d4090e6b06142aee6f9de488,2026-01-10T08:55:46+00:00,791,194,137,83,6.436,46.39999999999998,0,fit:04f01143c9c76334dc1f7df426f77ac3e8992091d4090e6b06142aee6f9de488:segment:004,4,5283.0,5173,activities/055_260110082743.csv,1,1,0,0
fit:04f01143c9c76334dc1f7df426f77ac3e8992091d4090e6b06142aee6f9de488,2026-01-10T08:55:47+00:00,792,175,137,82,6.44,46.39999999999998,0,fit:04f01143c9c76334dc1f7df426f77ac3e8992091d4090e6b06142aee6f9de488:segment:004,4,5284.0,5174,activities/055_260110082743.csv,1,1,0,0
fit:04f01143c9c76334dc1f7df426f77ac3e8992091d4090e6b06142aee6f9de488,2026-01-10T08:55:48+00:00,793,163,137,83,6.442,46.39999999999998,0,fit:04f01143c9c76334dc1f7df426f77ac3e8992091d4090e6b06142aee6f9de488:segment:004,4,5285.0,5175,activities/055_260110082743.csv,1,1,0,0
fit:04f01143c9c76334dc1f7df426f77ac3e8992091d4090e6b06142aee6f9de488,2026-01-10T08:55:49+00:00,794,208,137,81,6.458,47.0,0,fit:04f01143c9c76334dc1f7df426f77ac3e8992091d4090e6b06142aee6f9de488:segment:004,4,5286.0,5176,activities/055_260110082743.csv,1,1,0,0
fit:04f01143c9c76334dc1f7df426f77ac3e8992091d4090e6b06142aee6f9de488,2026-01-10T08:55:50+00:00,795,219,137,81,6.457,47.0,0,fit:04f01143c9c76334dc1f7df426f77ac3e8992091d4090e6b06142aee6f9de488:segment:004,4,5287.0,5177,activities/055_260110082743.csv,1,1,0,0
fit:04f01143c9c76334dc1f7df426f77ac3e8992091d4090e6b06142aee6f9de488,2026-01-10T08:55:51+00:00,796,194,138,82,6.427,47.0,0,fit:04f01143c9c76334dc1f7df426f77ac3e8992091d4090e6b06142aee6f9de488:segment:004,4,5288.0,5178,activities/055_260110082743.csv,1,1,0,0
fit:04f01143c9c76334dc1f7df426f77ac3e8992091d4090e6b06142aee6f9de488,2026-01-10T08:55:52+00:00,797,208,138,82,6.415,47.0,0,fit:04f01143c9c76334dc1f7df426f77ac3e8992091d4090e6b06142aee6f9de488:segment:004,4,5289.0,5179,activities/055_260110082743.csv,1,1,0,0
fit:04f01143c9c76334dc1f7df426f77ac3e8992091d4090e6b06142aee6f9de488,2026-01-10T08:55:53+00:00,798,189,138,82,6.436,47.39999999999998,0,fit:04f01143c9c76334dc1f7df426f77ac3e8992091d4090e6b06142aee6f9de488:segment:004,4,5290.0,5180,activities/055_260110082743.csv,1,1,0,0
fit:04f01143c9c76334dc1f7df426f77ac3e8992091d4090e6b06142aee6f9de488,2026-01-10T08:55:54+00:00,799,174,137,82,6.45,47.39999999999998,0,fit:04f01143c9c76334dc1f7df426f77ac3e8992091d4090e6b06142aee6f9de488:segment:004,4,5291.0,5181,activities/055_260110082743.csv,1,1,0,0
fit:04f01143c9c76334dc1f7df426f77ac3e8992091d4090e6b06142aee6f9de488,2026-01-10T08:55:55+00:00,800,147,137,83,6.408,47.39999999999998,0,fit:04f01143c9c76334dc1f7df426f77ac3e8992091d4090e6b06142aee6f9de488:segment:004,4,5292.0,5182,activities/055_260110082743.csv,1,1,0,0
fit:04f01143c9c76334dc1f7df426f77ac3e8992091d4090e6b06142aee6f9de488,2026-01-10T08:55:56+00:00,801,148,137,83,6.441,47.39999999999998,0,fit:04f01143c9c76334dc1f7df426f77ac3e8992091d4090e6b06142aee6f9de488:segment:004,4,5293.0,5183,activities/055_260110082743.csv,1,1,0,0
fit:04f01143c9c76334dc1f7df426f77ac3e8992091d4090e6b06142aee6f9de488,2026-01-10T08:55:57+00:00,802,165,137,82,6.389,47.0,0,fit:04f01143c9c76334dc1f7df426f77ac3e8992091d4090e6b06142aee6f9de488:segment:004,4,5294.0,5184,activities/055_260110082743.csv,1,1,0,0
fit:04f01143c9c76334dc1f7df426f77ac3e8992091d4090e6b06142aee6f9de488,2026-01-10T08:55:58+00:00,803,152,137,82,6.528,47.0,0,fit:04f01143c9c76334dc1f7df426f77ac3e8992091d4090e6b06142aee6f9de488:segment:004,4,5295.0,5185,activities/055_260110082743.csv,1,1,0,0
fit:04f01143c9c76334dc1f7df426f77ac3e8992091d4090e6b06142aee6f9de488,2026-01-10T08:55:59+00:00,804,181,137,81,6.44,47.0,0,fit:04f01143c9c76334dc1f7df426f77ac3e8992091d4090e6b06142aee6f9de488:segment:004,4,5296.0,5186,activities/055_260110082743.csv,1,1,0,0
fit:04f01143c9c76334dc1f7df426f77ac3e8992091d4090e6b06142aee6f9de488,2026-01-10T08:56:00+00:00,805,187,137,81,6.319,48.0,0,fit:04f01143c9c76334dc1f7df426f77ac3e8992091d4090e6b06142aee6f9de488:segment:004,4,5297.0,5187,activities/055_260110082743.csv,1,1,0,0
fit:04f01143c9c76334dc1f7df426f77ac3e8992091d4090e6b06142aee6f9de488,2026-01-10T08:56:01+00:00,806,190,137,81,6.323,48.0,0,fit:04f01143c9c76334dc1f7df426f77ac3e8992091d4090e6b06142aee6f9de488:segment:004,4,5298.0,5188,activities/055_260110082743.csv,1,1,0,0
fit:04f01143c9c76334dc1f7df426f77ac3e8992091d4090e6b06142aee6f9de488,2026-01-10T08:56:02+00:00,807,126,138,82,6.317,48.0,0,fit:04f01143c9c76334dc1f7df426f77ac3e8992091d4090e6b06142aee6f9de488:segment:004,4,5299.0,5189,activities/055_260110082743.csv,1,1,0,0
fit:04f01143c9c76334dc1f7df426f77ac3e8992091d4090e6b06142aee6f9de488,2026-01-10T08:56:03+00:00,808,110,138,80,6.328,48.0,0,fit:04f01143c9c76334dc1f7df426f77ac3e8992091d4090e6b06142aee6f9de488:segment:004,4,5300.0,5190,activities/055_260110082743.csv,1,1,0,0
fit:04f01143c9c76334dc1f7df426f77ac3e8992091d4090e6b06142aee6f9de488,2026-01-10T08:56:04+00:00,809,108,138,79,6.329,48.39999999999998,0,fit:04f01143c9c76334dc1f7df426f77ac3e8992091d4090e6b06142aee6f9de488:segment:004,4,5301.0,5191,activities/055_260110082743.csv,1,1,0,0
fit:04f01143c9c76334dc1f7df426f77ac3e8992091d4090e6b06142aee6f9de488,2026-01-10T08:56:05+00:00,810,59,137,78,6.249,48.799999999999955,0,fit:04f01143c9c76334dc1f7df426f77ac3e8992091d4090e6b06142aee6f9de488:segment:004,4,5302.0,5192,activities/055_260110082743.csv,1,1,0,0
fit:04f01143c9c76334dc1f7df426f77ac3e8992091d4090e6b06142aee6f9de488,2026-01-10T08:56:06+00:00,811,59,137,76,6.086,48.799999999999955,0,fit:04f01143c9c76334dc1f7df426f77ac3e8992091d4090e6b06142aee6f9de488:segment:004,4,5303.0,5193,activities/055_260110082743.csv,1,1,0,0
fit:04f01143c9c76334dc1f7df426f77ac3e8992091d4090e6b06142aee6f9de488,2026-01-10T08:56:07+00:00,812,59,137,76,5.968,48.799999999999955,0,fit:04f01143c9c76334dc1f7df426f77ac3e8992091d4090e6b06142aee6f9de488:segment:004,4,5304.0,5194,activities/055_260110082743.csv,1,1,0,0
fit:04f01143c9c76334dc1f7df426f77ac3e8992091d4090e6b06142aee6f9de488,2026-01-10T08:56:08+00:00,813,4,137,76,5.682,48.799999999999955,0,fit:04f01143c9c76334dc1f7df426f77ac3e8992091d4090e6b06142aee6f9de488:segment:004,4,5305.0,5195,activities/055_260110082743.csv,1,1,0,0
fit:04f01143c9c76334dc1f7df426f77ac3e8992091d4090e6b06142aee6f9de488,2026-01-10T08:56:09+00:00,814,4,137,0,5.313,49.799999999999955,0,fit:04f01143c9c76334dc1f7df426f77ac3e8992091d4090e6b06142aee6f9de488:segment:004,4,5306.0,5196,activities/055_260110082743.csv,1,1,0,0
fit:04f01143c9c76334dc1f7df426f77ac3e8992091d4090e6b06142aee6f9de488,2026-01-10T08:56:10+00:00,815,253,137,0,5.001,49.799999999999955,0,fit:04f01143c9c76334dc1f7df426f77ac3e8992091d4090e6b06142aee6f9de488:segment:004,4,5307.0,5197,activities/055_260110082743.csv,1,1,0,0
fit:04f01143c9c76334dc1f7df426f77ac3e8992091d4090e6b06142aee6f9de488,2026-01-10T08:56:11+00:00,816,292,137,62,4.956,49.799999999999955,0,fit:04f01143c9c76334dc1f7df426f77ac3e8992091d4090e6b06142aee6f9de488:segment:004,4,5308.0,5198,activities/055_260110082743.csv,1,1,0,0
fit:04f01143c9c76334dc1f7df426f77ac3e8992091d4090e6b06142aee6f9de488,2026-01-10T08:56:12+00:00,817,221,137,66,5.063,49.799999999999955,0,fit:04f01143c9c76334dc1f7df426f77ac3e8992091d4090e6b06142aee6f9de488:segment:004,4,5309.0,5199,activities/055_260110082743.csv,1,1,0,0
fit:04f01143c9c76334dc1f7df426f77ac3e8992091d4090e6b06142aee6f9de488,2026-01-10T08:56:13+00:00,818,138,136,67,5.154,50.200000000000045,0,fit:04f01143c9c76334dc1f7df426f77ac3e8992091d4090e6b06142aee6f9de488:segment:004,4,5310.0,5200,activities/055_260110082743.csv,1,1,0,0
fit:04f01143c9c76334dc1f7df426f77ac3e8992091d4090e6b06142aee6f9de488,2026-01-10T08:56:14+00:00,819,175,135,68,5.207,50.200000000000045,0,fit:04f01143c9c76334dc1f7df426f77ac3e8992091d4090e6b06142aee6f9de488:segment:004,4,5311.0,5201,activities/055_260110082743.csv,1,1,0,0
fit:04f01143c9c76334dc1f7df426f77ac3e8992091d4090e6b06142aee6f9de488,2026-01-10T08:56:15+00:00,820,175,134,70,5.298,50.200000000000045,0,fit:04f01143c9c76334dc1f7df426f77ac3e8992091d4090e6b06142aee6f9de488:segment:004,4,5312.0,5202,activities/055_260110082743.csv,1,1,0,0
fit:04f01143c9c76334dc1f7df426f77ac3e8992091d4090e6b06142aee6f9de488,2026-01-10T08:56:16+00:00,821,187,134,70,5.395,50.60000000000002,0,fit:04f01143c9c76334dc1f7df426f77ac3e8992091d4090e6b06142aee6f9de488:segment:004,4,5313.0,5203,activities/055_260110082743.csv,1,1,0,0
fit:04f01143c9c76334dc1f7df426f77ac3e8992091d4090e6b06142aee6f9de488,2026-01-10T08:56:17+00:00,822,172,134,75,5.535,50.60000000000002,0,fit:04f01143c9c76334dc1f7df426f77ac3e8992091d4090e6b06142aee6f9de488:segment:004,4,5314.0,5204,activities/055_260110082743.csv,1,1,0,0
fit:04f01143c9c76334dc1f7df426f77ac3e8992091d4090e6b06142aee6f9de488,2026-01-10T08:56:18+00:00,823,175,134,77,5.797,50.60000000000002,0,fit:04f01143c9c76334dc1f7df426f77ac3e8992091d4090e6b06142aee6f9de488:segment:004,4,5315.0,5205,activities/055_260110082743.csv,1,1,0,0
fit:04f01143c9c76334dc1f7df426f77ac3e8992091d4090e6b06142aee6f9de488,2026-01-10T08:56:19+00:00,824,152,133,80,5.907,50.60000000000002,0,fit:04f01143c9c76334dc1f7df426f77ac3e8992091d4090e6b06142aee6f9de488:segment:004,4,5316.0,5206,activities/055_260110082743.csv,1,1,0,0
fit:04f01143c9c76334dc1f7df426f77ac3e8992091d4090e6b06142aee6f9de488,2026-01-10T08:56:20+00:00,825,161,133,81,6.117,50.60000000000002,0,fit:04f01143c9c76334dc1f7df426f77ac3e8992091d4090e6b06142aee6f9de488:segment:004,4,5317.0,5207,activities/055_260110082743.csv,1,1,0,0
fit:04f01143c9c76334dc1f7df426f77ac3e8992091d4090e6b06142aee6f9de488,2026-01-10T08:56:21+00:00,826,118,133,82,6.15,50.200000000000045,0,fit:04f01143c9c76334dc1f7df426f77ac3e8992091d4090e6b06142aee6f9de488:segment:004,4,5318.0,5208,activities/055_260110082743.csv,1,1,0,0
fit:04f01143c9c76334dc1f7df426f77ac3e8992091d4090e6b06142aee6f9de488,2026-01-10T08:56:22+00:00,827,165,133,82,6.181,50.200000000000045,0,fit:04f01143c9c76334dc1f7df426f77ac3e8992091d4090e6b06142aee6f9de488:segment:004,4,5319.0,5209,activities/055_260110082743.csv,1,1,0,0
fit:04f01143c9c76334dc1f7df426f77ac3e8992091d4090e6b06142aee6f9de488,2026-01-10T08:56:23+00:00,828,141,133,82,6.199,50.200000000000045,0,fit:04f01143c9c76334dc1f7df426f77ac3e8992091d4090e6b06142aee6f9de488:segment:004,4,5320.0,5210,activities/055_260110082743.csv,1,1,0,0
fit:04f01143c9c76334dc1f7df426f77ac3e8992091d4090e6b06142aee6f9de488,2026-01-10T08:56:24+00:00,829,141,133,82,6.288,50.200000000000045,0,fit:04f01143c9c76334dc1f7df426f77ac3e8992091d4090e6b06142aee6f9de488:segment:004,4,5321.0,5211,activities/055_260110082743.csv,1,1,0,0
fit:04f01143c9c76334dc1f7df426f77ac3e8992091d4090e6b06142aee6f9de488,2026-01-10T08:56:25+00:00,830,153,133,82,6.475,49.799999999999955,0,fit:04f01143c9c76334dc1f7df426f77ac3e8992091d4090e6b06142aee6f9de488:segment:004,4,5322.0,5212,activities/055_260110082743.csv,1,1,0,0
fit:04f01143c9c76334dc1f7df426f77ac3e8992091d4090e6b06142aee6f9de488,2026-01-10T08:56:26+00:00,831,162,133,82,6.534,49.799999999999955,0,fit:04f01143c9c76334dc1f7df426f77ac3e8992091d4090e6b06142aee6f9de488:segment:004,4,5323.0,5213,activities/055_260110082743.csv,1,1,0,0
fit:04f01143c9c76334dc1f7df426f77ac3e8992091d4090e6b06142aee6f9de488,2026-01-10T08:56:27+00:00,832,144,133,82,6.353,49.799999999999955,0,fit:04f01143c9c76334dc1f7df426f77ac3e8992091d4090e6b06142aee6f9de488:segment:004,4,5324.0,5214,activities/055_260110082743.csv,1,1,0,0
fit:04f01143c9c76334dc1f7df426f77ac3e8992091d4090e6b06142aee6f9de488,2026-01-10T08:56:28+00:00,833,133,133,82,6.399,50.200000000000045,0,fit:04f01143c9c76334dc1f7df426f77ac3e8992091d4090e6b06142aee6f9de488:segment:004,4,5325.0,5215,activities/055_260110082743.csv,1,1,0,0
fit:04f01143c9c76334dc1f7df426f77ac3e8992091d4090e6b06142aee6f9de488,2026-01-10T08:56:29+00:00,834,244,134,81,6.434,50.39999999999998,0,fit:04f01143c9c76334dc1f7df426f77ac3e8992091d4090e6b06142aee6f9de488:segment:004,4,5326.0,5216,activities/055_260110082743.csv,1,1,0,0
fit:04f01143c9c76334dc1f7df426f77ac3e8992091d4090e6b06142aee6f9de488,2026-01-10T08:56:30+00:00,835,200,133,81,6.447,50.39999999999998,0,fit:04f01143c9c76334dc1f7df426f77ac3e8992091d4090e6b06142aee6f9de488:segment:004,4,5327.0,5217,activities/055_260110082743.csv,1,1,0,0
fit:04f01143c9c76334dc1f7df426f77ac3e8992091d4090e6b06142aee6f9de488,2026-01-10T08:56:31+00:00,836,173,133,81,6.436,50.39999999999998,0,fit:04f01143c9c76334dc1f7df426f77ac3e8992091d4090e6b06142aee6f9de488:segment:004,4,5328.0,5218,activities/055_260110082743.csv,1,1,0,0
fit:04f01143c9c76334dc1f7df426f77ac3e8992091d4090e6b06142aee6f9de488,2026-01-10T08:56:32+00:00,837,173,133,80,6.377,51.0,0,fit:04f01143c9c76334dc1f7df426f77ac3e8992091d4090e6b06142aee6f9de488:segment:004,4,5329.0,5219,activities/055_260110082743.csv,1,1,0,0
fit:04f01143c9c76334dc1f7df426f77ac3e8992091d4090e6b06142aee6f9de488,2026-01-10T08:56:33+00:00,838,26,133,40,6.228,51.200000000000045,0,fit:04f01143c9c76334dc1f7df426f77ac3e8992091d4090e6b06142aee6f9de488:segment:004,4,5330.0,5220,activities/055_260110082743.csv,1,1,0,0
fit:04f01143c9c76334dc1f7df426f77ac3e8992091d4090e6b06142aee6f9de488,2026-01-10T08:56:34+00:00,839,26,132,40,5.954,51.200000000000045,0,fit:04f01143c9c76334dc1f7df426f77ac3e8992091d4090e6b06142aee6f9de488:segment:004,4,5331.0,5221,activities/055_260110082743.csv,1,1,0,0
fit:04f01143c9c76334dc1f7df426f77ac3e8992091d4090e6b06142aee6f9de488,2026-01-10T08:56:35+00:00,840,26,132,40,5.686,51.200000000000045,0,fit:04f01143c9c76334dc1f7df426f77ac3e8992091d4090e6b06142aee6f9de488:segment:004,4,5332.0,5222,activities/055_260110082743.csv,1,1,0,0
fit:04f01143c9c76334dc1f7df426f77ac3e8992091d4090e6b06142aee6f9de488,2026-01-10T08:56:36+00:00,841,26,131,40,5.369,51.200000000000045,0,fit:04f01143c9c76334dc1f7df426f77ac3e8992091d4090e6b06142aee6f9de488:segment:004,4,5333.0,5223,activities/055_260110082743.csv,1,1,0,0
fit:04f01143c9c76334dc1f7df426f77ac3e8992091d4090e6b06142aee6f9de488,2026-01-10T08:56:37+00:00,842,24,130,40,4.879,52.39999999999998,0,fit:04f01143c9c76334dc1f7df426f77ac3e8992091d4090e6b06142aee6f9de488:segment:004,4,5334.0,5224,activities/055_260110082743.csv,1,1,0,0
fit:04f01143c9c76334dc1f7df426f77ac3e8992091d4090e6b06142aee6f9de488,2026-01-10T08:56:38+00:00,843,0,129,0,4.105,52.39999999999998,0,fit:04f01143c9c76334dc1f7df426f77ac3e8992091d4090e6b06142aee6f9de488:segment:004,4,5335.0,5225,activities/055_260110082743.csv,1,1,0,0
fit:04f01143c9c76334dc1f7df426f77ac3e8992091d4090e6b06142aee6f9de488,2026-01-10T08:56:39+00:00,844,0,129,0,3.421,52.39999999999998,0,fit:04f01143c9c76334dc1f7df426f77ac3e8992091d4090e6b06142aee6f9de488:segment:004,4,5336.0,5226,activities/055_260110082743.csv,1,1,0,0
fit:04f01143c9c76334dc1f7df426f77ac3e8992091d4090e6b06142aee6f9de488,2026-01-10T08:56:40+00:00,845,202,127,0,3.235,52.39999999999998,0,fit:04f01143c9c76334dc1f7df426f77ac3e8992091d4090e6b06142aee6f9de488:segment:004,4,5337.0,5227,activities/055_260110082743.csv,1,1,0,0
fit:04f01143c9c76334dc1f7df426f77ac3e8992091d4090e6b06142aee6f9de488,2026-01-10T08:56:41+00:00,846,214,125,53,3.531,51.39999999999998,0,fit:04f01143c9c76334dc1f7df426f77ac3e8992091d4090e6b06142aee6f9de488:segment:004,4,5338.0,5228,activities/055_260110082743.csv,1,1,0,0
fit:04f01143c9c76334dc1f7df426f77ac3e8992091d4090e6b06142aee6f9de488,2026-01-10T08:56:42+00:00,847,214,125,63,4.012,51.39999999999998,0,fit:04f01143c9c76334dc1f7df426f77ac3e8992091d4090e6b06142aee6f9de488:segment:004,4,5339.0,5229,activities/055_260110082743.csv,1,1,0,0
fit:04f01143c9c76334dc1f7df426f77ac3e8992091d4090e6b06142aee6f9de488,2026-01-10T08:56:43+00:00,848,199,123,70,4.688,51.39999999999998,0,fit:04f01143c9c76334dc1f7df426f77ac3e8992091d4090e6b06142aee6f9de488:segment:004,4,5340.0,5230,activities/055_260110082743.csv,1,1,0,0
fit:04f01143c9c76334dc1f7df426f77ac3e8992091d4090e6b06142aee6f9de488,2026-01-10T08:56:44+00:00,849,171,122,75,5.27,51.39999999999998,0,fit:04f01143c9c76334dc1f7df426f77ac3e8992091d4090e6b06142aee6f9de488:segment:004,4,5341.0,5231,activities/055_260110082743.csv,1,1,0,0
fit:04f01143c9c76334dc1f7df426f77ac3e8992091d4090e6b06142aee6f9de488,2026-01-10T08:56:45+00:00,850,177,122,81,5.644,51.39999999999998,0,fit:04f01143c9c76334dc1f7df426f77ac3e8992091d4090e6b06142aee6f9de488:segment:004,4,5342.0,5232,activities/055_260110082743.csv,1,1,0,0
fit:04f01143c9c76334dc1f7df426f77ac3e8992091d4090e6b06142aee6f9de488,2026-01-10T08:56:46+00:00,851,161,121,83,5.995,51.39999999999998,0,fit:04f01143c9c76334dc1f7df426f77ac3e8992091d4090e6b06142aee6f9de488:segment:004,4,5343.0,5233,activities/055_260110082743.csv,1,1,0,0
fit:04f01143c9c76334dc1f7df426f77ac3e8992091d4090e6b06142aee6f9de488,2026-01-10T08:56:47+00:00,852,155,121,85,6.308,51.39999999999998,0,fit:04f01143c9c76334dc1f7df426f77ac3e8992091d4090e6b06142aee6f9de488:segment:004,4,5344.0,5234,activities/055_260110082743.csv,1,1,0,0
fit:04f01143c9c76334dc1f7df426f77ac3e8992091d4090e6b06142aee6f9de488,2026-01-10T08:56:48+00:00,853,157,121,86,6.415,50.799999999999955,0,fit:04f01143c9c76334dc1f7df426f77ac3e8992091d4090e6b06142aee6f9de488:segment:004,4,5345.0,5235,activities/055_260110082743.csv,1,1,0,0
fit:04f01143c9c76334dc1f7df426f77ac3e8992091d4090e6b06142aee6f9de488,2026-01-10T08:56:49+00:00,854,157,122,88,6.573,51.200000000000045,0,fit:04f01143c9c76334dc1f7df426f77ac3e8992091d4090e6b06142aee6f9de488:segment:004,4,5346.0,5236,activities/055_260110082743.csv,1,1,0,0
fit:04f01143c9c76334dc1f7df426f77ac3e8992091d4090e6b06142aee6f9de488,2026-01-10T08:56:50+00:00,855,141,122,89,6.715,51.200000000000045,0,fit:04f01143c9c76334dc1f7df426f77ac3e8992091d4090e6b06142aee6f9de488:segment:004,4,5347.0,5237,activities/055_260110082743.csv,1,1,0,0
fit:04f01143c9c76334dc1f7df426f77ac3e8992091d4090e6b06142aee6f9de488,2026-01-10T08:56:51+00:00,856,284,122,89,6.825,51.200000000000045,0,fit:04f01143c9c76334dc1f7df426f77ac3e8992091d4090e6b06142aee6f9de488:segment:004,4,5348.0,5238,activities/055_260110082743.csv,1,1,0,0
fit:04f01143c9c76334dc1f7df426f77ac3e8992091d4090e6b06142aee6f9de488,2026-01-10T08:56:52+00:00,857,171,122,92,6.923,50.799999999999955,0,fit:04f01143c9c76334dc1f7df426f77ac3e8992091d4090e6b06142aee6f9de488:segment:004,4,5349.0,5239,activities/055_260110082743.csv,1,1,0,0
fit:04f01143c9c76334dc1f7df426f77ac3e8992091d4090e6b06142aee6f9de488,2026-01-10T08:56:53+00:00,858,142,122,81,6.992,50.799999999999955,0,fit:04f01143c9c76334dc1f7df426f77ac3e8992091d4090e6b06142aee6f9de488:segment:004,4,5350.0,5240,activities/055_260110082743.csv,1,1,0,0
fit:04f01143c9c76334dc1f7df426f77ac3e8992091d4090e6b06142aee6f9de488,2026-01-10T08:56:54+00:00,859,118,121,81,7.157,50.799999999999955,0,fit:04f01143c9c76334dc1f7df426f77ac3e8992091d4090e6b06142aee6f9de488:segment:004,4,5351.0,5241,activities/055_260110082743.csv,1,1,0,0
fit:04f01143c9c76334dc1f7df426f77ac3e8992091d4090e6b06142aee6f9de488,2026-01-10T08:56:55+00:00,860,132,121,81,7.252,50.799999999999955,0,fit:04f01143c9c76334dc1f7df426f77ac3e8992091d4090e6b06142aee6f9de488:segment:004,4,5352.0,5242,activities/055_260110082743.csv,1,1,0,0
fit:04f01143c9c76334dc1f7df426f77ac3e8992091d4090e6b06142aee6f9de488,2026-01-10T08:56:56+00:00,861,160,121,82,7.238,51.0,0,fit:04f01143c9c76334dc1f7df426f77ac3e8992091d4090e6b06142aee6f9de488:segment:004,4,5353.0,5243,activities/055_260110082743.csv,1,1,0,0
fit:04f01143c9c76334dc1f7df426f77ac3e8992091d4090e6b06142aee6f9de488,2026-01-10T08:56:57+00:00,862,172,121,82,7.19,51.39999999999998,0,fit:04f01143c9c76334dc1f7df426f77ac3e8992091d4090e6b06142aee6f9de488:segment:004,4,5354.0,5244,activities/055_260110082743.csv,1,1,0,0
fit:04f01143c9c76334dc1f7df426f77ac3e8992091d4090e6b06142aee6f9de488,2026-01-10T08:56:58+00:00,863,170,121,82,7.235,51.39999999999998,0,fit:04f01143c9c76334dc1f7df426f77ac3e8992091d4090e6b06142aee6f9de488:segment:004,4,5355.0,5245,activities/055_260110082743.csv,1,1,0,0
fit:04f01143c9c76334dc1f7df426f77ac3e8992091d4090e6b06142aee6f9de488,2026-01-10T08:56:59+00:00,864,160,122,83,7.344,51.39999999999998,0,fit:04f01143c9c76334dc1f7df426f77ac3e8992091d4090e6b06142aee6f9de488:segment:004,4,5356.0,5246,activities/055_260110082743.csv,1,1,0,0
fit:04f01143c9c76334dc1f7df426f77ac3e8992091d4090e6b06142aee6f9de488,2026-01-10T08:57:00+00:00,865,151,123,83,7.315,50.799999999999955,0,fit:04f01143c9c76334dc1f7df426f77ac3e8992091d4090e6b06142aee6f9de488:segment:004,4,5357.0,5247,activities/055_260110082743.csv,1,1,0,0
fit:04f01143c9c76334dc1f7df426f77ac3e8992091d4090e6b06142aee6f9de488,2026-01-10T08:57:01+00:00,866,127,124,83,7.3,50.200000000000045,0,fit:04f01143c9c76334dc1f7df426f77ac3e8992091d4090e6b06142aee6f9de488:segment:004,4,5358.0,5248,activities/055_260110082743.csv,1,1,0,0
fit:04f01143c9c76334dc1f7df426f77ac3e8992091d4090e6b06142aee6f9de488,2026-01-10T08:57:02+00:00,867,22,124,84,7.484,50.200000000000045,0,fit:04f01143c9c76334dc1f7df426f77ac3e8992091d4090e6b06142aee6f9de488:segment:004,4,5359.0,5249,activities/055_260110082743.csv,1,1,0,0
fit:04f01143c9c76334dc1f7df426f77ac3e8992091d4090e6b06142aee6f9de488,2026-01-10T08:57:03+00:00,868,115,125,55,7.414,50.200000000000045,0,fit:04f01143c9c76334dc1f7df426f77ac3e8992091d4090e6b06142aee6f9de488:segment:004,4,5360.0,5250,activities/055_260110082743.csv,1,1,0,0
fit:04f01143c9c76334dc1f7df426f77ac3e8992091d4090e6b06142aee6f9de488,2026-01-10T08:57:04+00:00,869,115,125,83,7.399,50.799999999999955,0,fit:04f01143c9c76334dc1f7df426f77ac3e8992091d4090e6b06142aee6f9de488:segment:004,4,5361.0,5251,activities/055_260110082743.csv,1,1,0,0
fit:04f01143c9c76334dc1f7df426f77ac3e8992091d4090e6b06142aee6f9de488,2026-01-10T08:57:05+00:00,870,214,125,83,7.306,50.60000000000002,0,fit:04f01143c9c76334dc1f7df426f77ac3e8992091d4090e6b06142aee6f9de488:segment:004,4,5362.0,5252,activities/055_260110082743.csv,1,1,0,0
fit:04f01143c9c76334dc1f7df426f77ac3e8992091d4090e6b06142aee6f9de488,2026-01-10T08:57:06+00:00,871,195,125,85,7.454,50.60000000000002,0,fit:04f01143c9c76334dc1f7df426f77ac3e8992091d4090e6b06142aee6f9de488:segment:004,4,5363.0,5253,activities/055_260110082743.csv,1,1,0,0
fit:04f01143c9c76334dc1f7df426f77ac3e8992091d4090e6b06142aee6f9de488,2026-01-10T08:57:07+00:00,872,199,125,86,7.528,50.60000000000002,0,fit:04f01143c9c76334dc1f7df426f77ac3e8992091d4090e6b06142aee6f9de488:segment:004,4,5364.0,5254,activities/055_260110082743.csv,1,1,0,0
fit:04f01143c9c76334dc1f7df426f77ac3e8992091d4090e6b06142aee6f9de488,2026-01-10T08:57:08+00:00,873,209,125,87,7.517,50.60000000000002,0,fit:04f01143c9c76334dc1f7df426f77ac3e8992091d4090e6b06142aee6f9de488:segment:004,4,5365.0,5255,activities/055_260110082743.csv,1,1,0,0
fit:04f01143c9c76334dc1f7df426f77ac3e8992091d4090e6b06142aee6f9de488,2026-01-10T08:57:09+00:00,874,178,125,88,7.673,50.200000000000045,0,fit:04f01143c9c76334dc1f7df426f77ac3e8992091d4090e6b06142aee6f9de488:segment:004,4,5366.0,5256,activities/055_260110082743.csv,1,1,0,0
fit:04f01143c9c76334dc1f7df426f77ac3e8992091d4090e6b06142aee6f9de488,2026-01-10T08:57:10+00:00,875,178,125,88,7.817,50.200000000000045,0,fit:04f01143c9c76334dc1f7df426f77ac3e8992091d4090e6b06142aee6f9de488:segment:004,4,5367.0,5257,activities/055_260110082743.csv,1,1,0,0
fit:04f01143c9c76334dc1f7df426f77ac3e8992091d4090e6b06142aee6f9de488,2026-01-10T08:57:11+00:00,876,182,125,89,7.952,50.200000000000045,0,fit:04f01143c9c76334dc1f7df426f77ac3e8992091d4090e6b06142aee6f9de488:segment:004,4,5368.0,5258,activities/055_260110082743.csv,1,1,0,0
fit:04f01143c9c76334dc1f7df426f77ac3e8992091d4090e6b06142aee6f9de488,2026-01-10T08:57:12+00:00,877,150,126,89,7.848,50.200000000000045,0,fit:04f01143c9c76334dc1f7df426f77ac3e8992091d4090e6b06142aee6f9de488:segment:004,4,5369.0,5259,activities/055_260110082743.csv,1,1,0,0
fit:04f01143c9c76334dc1f7df426f77ac3e8992091d4090e6b06142aee6f9de488,2026-01-10T08:57:13+00:00,878,127,127,88,7.881,50.0,0,fit:04f01143c9c76334dc1f7df426f77ac3e8992091d4090e6b06142aee6f9de488:segment:004,4,5370.0,5260,activities/055_260110082743.csv,1,1,0,0
fit:04f01143c9c76334dc1f7df426f77ac3e8992091d4090e6b06142aee6f9de488,2026-01-10T08:57:14+00:00,879,164,128,88,7.748,50.0,0,fit:04f01143c9c76334dc1f7df426f77ac3e8992091d4090e6b06142aee6f9de488:segment:004,4,5371.0,5261,activities/055_260110082743.csv,1,1,0,0
fit:04f01143c9c76334dc1f7df426f77ac3e8992091d4090e6b06142aee6f9de488,2026-01-10T08:57:15+00:00,880,150,129,88,7.903,50.0,0,fit:04f01143c9c76334dc1f7df426f77ac3e8992091d4090e6b06142aee6f9de488:segment:004,4,5372.0,5262,activities/055_260110082743.csv,1,1,0,0
fit:04f01143c9c76334dc1f7df426f77ac3e8992091d4090e6b06142aee6f9de488,2026-01-10T08:57:16+00:00,881,105,129,87,7.806,50.0,0,fit:04f01143c9c76334dc1f7df426f77ac3e8992091d4090e6b06142aee6f9de488:segment:004,4,5373.0,5263,activities/055_260110082743.csv,1,1,0,0
fit:04f01143c9c76334dc1f7df426f77ac3e8992091d4090e6b06142aee6f9de488,2026-01-10T08:57:17+00:00,882,100,129,87,7.725,51.200000000000045,0,fit:04f01143c9c76334dc1f7df426f77ac3e8992091d4090e6b06142aee6f9de488:segment:004,4,5374.0,5264,activities/055_260110082743.csv,1,1,0,0
fit:04f01143c9c76334dc1f7df426f77ac3e8992091d4090e6b06142aee6f9de488,2026-01-10T08:57:18+00:00,883,87,130,85,7.488,51.200000000000045,0,fit:04f01143c9c76334dc1f7df426f77ac3e8992091d4090e6b06142aee6f9de488:segment:004,4,5375.0,5265,activities/055_260110082743.csv,1,1,0,0
fit:04f01143c9c76334dc1f7df426f77ac3e8992091d4090e6b06142aee6f9de488,2026-01-10T08:57:19+00:00,884,83,130,84,7.476,51.200000000000045,0,fit:04f01143c9c76334dc1f7df426f77ac3e8992091d4090e6b06142aee6f9de488:segment:004,4,5376.0,5266,activities/055_260110082743.csv,1,1,0,0
fit:04f01143c9c76334dc1f7df426f77ac3e8992091d4090e6b06142aee6f9de488,2026-01-10T08:57:20+00:00,885,93,129,83,7.353,51.200000000000045,0,fit:04f01143c9c76334dc1f7df426f77ac3e8992091d4090e6b06142aee6f9de488:segment:004,4,5377.0,5267,activities/055_260110082743.csv,1,1,0,0
fit:04f01143c9c76334dc1f7df426f77ac3e8992091d4090e6b06142aee6f9de488,2026-01-10T08:57:21+00:00,886,89,129,83,7.437,50.799999999999955,0,fit:04f01143c9c76334dc1f7df426f77ac3e8992091d4090e6b06142aee6f9de488:segment:004,4,5378.0,5268,activities/055_260110082743.csv,1,1,0,0
fit:04f01143c9c76334dc1f7df426f77ac3e8992091d4090e6b06142aee6f9de488,2026-01-10T08:57:22+00:00,887,89,129,82,7.423,50.799999999999955,0,fit:04f01143c9c76334dc1f7df426f77ac3e8992091d4090e6b06142aee6f9de488:segment:004,4,5379.0,5269,activities/055_260110082743.csv,1,1,0,0
fit:04f01143c9c76334dc1f7df426f77ac3e8992091d4090e6b06142aee6f9de488,2026-01-10T08:57:23+00:00,888,89,128,82,7.419,50.799999999999955,0,fit:04f01143c9c76334dc1f7df426f77ac3e8992091d4090e6b06142aee6f9de488:segment:004,4,5380.0,5270,activities/055_260110082743.csv,1,1,0,0
fit:04f01143c9c76334dc1f7df426f77ac3e8992091d4090e6b06142aee6f9de488,2026-01-10T08:57:24+00:00,889,87,127,82,7.335,50.799999999999955,0,fit:04f01143c9c76334dc1f7df426f77ac3e8992091d4090e6b06142aee6f9de488:segment:004,4,5381.0,5271,activities/055_260110082743.csv,1,1,0,0
fit:04f01143c9c76334dc1f7df426f77ac3e8992091d4090e6b06142aee6f9de488,2026-01-10T08:57:25+00:00,890,0,127,80,7.25,51.39999999999998,0,fit:04f01143c9c76334dc1f7df426f77ac3e8992091d4090e6b06142aee6f9de488:segment:004,4,5382.0,5272,activities/055_260110082743.csv,1,1,0,0
fit:04f01143c9c76334dc1f7df426f77ac3e8992091d4090e6b06142aee6f9de488,2026-01-10T08:57:26+00:00,891,0,126,0,7.073,51.39999999999998,0,fit:04f01143c9c76334dc1f7df426f77ac3e8992091d4090e6b06142aee6f9de488:segment:004,4,5383.0,5273,activities/055_260110082743.csv,1,1,0,0
fit:04f01143c9c76334dc1f7df426f77ac3e8992091d4090e6b06142aee6f9de488,2026-01-10T08:57:27+00:00,892,153,125,0,6.969,51.39999999999998,0,fit:04f01143c9c76334dc1f7df426f77ac3e8992091d4090e6b06142aee6f9de488:segment:004,4,5384.0,5274,activities/055_260110082743.csv,1,1,0,0
fit:04f01143c9c76334dc1f7df426f77ac3e8992091d4090e6b06142aee6f9de488,2026-01-10T08:57:28+00:00,893,226,125,78,6.867,50.60000000000002,0,fit:04f01143c9c76334dc1f7df426f77ac3e8992091d4090e6b06142aee6f9de488:segment:004,4,5385.0,5275,activities/055_260110082743.csv,1,1,0,0
fit:04f01143c9c76334dc1f7df426f77ac3e8992091d4090e6b06142aee6f9de488,2026-01-10T08:57:29+00:00,894,224,124,79,6.942,50.39999999999998,0,fit:04f01143c9c76334dc1f7df426f77ac3e8992091d4090e6b06142aee6f9de488:segment:004,4,5386.0,5276,activities/055_260110082743.csv,1,1,0,0
fit:04f01143c9c76334dc1f7df426f77ac3e8992091d4090e6b06142aee6f9de488,2026-01-10T08:57:30+00:00,895,224,123,82,7.129,50.39999999999998,0,fit:04f01143c9c76334dc1f7df426f77ac3e8992091d4090e6b06142aee6f9de488:segment:004,4,5387.0,5277,activities/055_260110082743.csv,1,1,0,0
fit:04f01143c9c76334dc1f7df426f77ac3e8992091d4090e6b06142aee6f9de488,2026-01-10T08:57:31+00:00,896,111,122,84,7.271,50.39999999999998,0,fit:04f01143c9c76334dc1f7df426f77ac3e8992091d4090e6b06142aee6f9de488:segment:004,4,5388.0,5278,activities/055_260110082743.csv,1,1,0,0
fit:04f01143c9c76334dc1f7df426f77ac3e8992091d4090e6b06142aee6f9de488,2026-01-10T08:57:32+00:00,897,115,122,84,7.337,50.799999999999955,0,fit:04f01143c9c76334dc1f7df426f77ac3e8992091d4090e6b06142aee6f9de488:segment:004,4,5389.0,5279,activities/055_260110082743.csv,1,1,0,0
fit:04f01143c9c76334dc1f7df426f77ac3e8992091d4090e6b06142aee6f9de488,2026-01-10T08:57:33+00:00,898,138,121,84,7.43,50.39999999999998,0,fit:04f01143c9c76334dc1f7df426f77ac3e8992091d4090e6b06142aee6f9de488:segment:004,4,5390.0,5280,activities/055_260110082743.csv,1,1,0,0
fit:04f01143c9c76334dc1f7df426f77ac3e8992091d4090e6b06142aee6f9de488,2026-01-10T08:57:34+00:00,899,132,121,84,7.487,50.39999999999998,0,fit:04f01143c9c76334dc1f7df426f77ac3e8992091d4090e6b06142aee6f9de488:segment:004,4,5391.0,5281,activities/055_260110082743.csv,1,1,0,0
fit:04f01143c9c76334dc1f7df426f77ac3e8992091d4090e6b06142aee6f9de488,2026-01-10T08:57:35+00:00,900,133,120,84,7.499,50.39999999999998,0,fit:04f01143c9c76334dc1f7df426f77ac3e8992091d4090e6b06142aee6f9de488:segment:004,4,5392.0,5282,activities/055_260110082743.csv,1,1,0,0
fit:04f01143c9c76334dc1f7df426f77ac3e8992091d4090e6b06142aee6f9de488,2026-01-10T08:57:36+00:00,901,123,120,84,7.494,50.39999999999998,0,fit:04f01143c9c76334dc1f7df426f77ac3e8992091d4090e6b06142aee6f9de488:segment:004,4,5393.0,5283,activities/055_260110082743.csv,1,1,0,0
fit:04f01143c9c76334dc1f7df426f77ac3e8992091d4090e6b06142aee6f9de488,2026-01-10T08:57:37+00:00,902,123,121,84,7.48,50.200000000000045,0,fit:04f01143c9c76334dc1f7df426f77ac3e8992091d4090e6b06142aee6f9de488:segment:004,4,5394.0,5284,activities/055_260110082743.csv,1,1,0,0
fit:04f01143c9c76334dc1f7df426f77ac3e8992091d4090e6b06142aee6f9de488,2026-01-10T08:57:38+00:00,903,152,121,85,7.447,50.200000000000045,0,fit:04f01143c9c76334dc1f7df426f77ac3e8992091d4090e6b06142aee6f9de488:segment:004,4,5395.0,5285,activities/055_260110082743.csv,1,1,0,0
fit:04f01143c9c76334dc1f7df426f77ac3e8992091d4090e6b06142aee6f9de488,2026-01-10T08:57:39+00:00,904,152,121,84,7.427,50.200000000000045,0,fit:04f01143c9c76334dc1f7df426f77ac3e8992091d4090e6b06142aee6f9de488:segment:004,4,5396.0,5286,activities/055_260110082743.csv,1,1,0,0
fit:04f01143c9c76334dc1f7df426f77ac3e8992091d4090e6b06142aee6f9de488,2026-01-10T08:57:40+00:00,905,152,121,84,7.428,50.200000000000045,0,fit:04f01143c9c76334dc1f7df426f77ac3e8992091d4090e6b06142aee6f9de488:segment:004,4,5397.0,5287,activities/055_260110082743.csv,1,1,0,0
fit:04f01143c9c76334dc1f7df426f77ac3e8992091d4090e6b06142aee6f9de488,2026-01-10T08:57:41+00:00,906,72,121,30,7.395,50.200000000000045,0,fit:04f01143c9c76334dc1f7df426f77ac3e8992091d4090e6b06142aee6f9de488:segment:004,4,5398.0,5288,activities/055_260110082743.csv,1,1,0,0
fit:04f01143c9c76334dc1f7df426f77ac3e8992091d4090e6b06142aee6f9de488,2026-01-10T08:57:42+00:00,907,208,121,30,7.282,50.0,0,fit:04f01143c9c76334dc1f7df426f77ac3e8992091d4090e6b06142aee6f9de488:segment:004,4,5399.0,5289,activities/055_260110082743.csv,1,1,0,0
fit:04f01143c9c76334dc1f7df426f77ac3e8992091d4090e6b06142aee6f9de488,2026-01-10T08:57:43+00:00,908,11,121,80,7.266,50.0,0,fit:04f01143c9c76334dc1f7df426f77ac3e8992091d4090e6b06142aee6f9de488:segment:004,4,5400.0,5290,activities/055_260110082743.csv,1,1,0,0
fit:04f01143c9c76334dc1f7df426f77ac3e8992091d4090e6b06142aee6f9de488,2026-01-10T08:57:44+00:00,909,11,121,50,7.117,50.0,0,fit:04f01143c9c76334dc1f7df426f77ac3e8992091d4090e6b06142aee6f9de488:segment:004,4,5401.0,5291,activities/055_260110082743.csv,1,1,0,0
fit:04f01143c9c76334dc1f7df426f77ac3e8992091d4090e6b06142aee6f9de488,2026-01-10T08:57:45+00:00,910,36,121,50,7.055,50.0,0,fit:04f01143c9c76334dc1f7df426f77ac3e8992091d4090e6b06142aee6f9de488:segment:004,4,5402.0,5292,activities/055_260110082743.csv,1,1,0,0
fit:04f01143c9c76334dc1f7df426f77ac3e8992091d4090e6b06142aee6f9de488,2026-01-10T08:57:46+00:00,911,109,121,79,7.112,50.60000000000002,0,fit:04f01143c9c76334dc1f7df426f77ac3e8992091d4090e6b06142aee6f9de488:segment:004,4,5403.0,5293,activities/055_260110082743.csv,1,1,0,0
fit:04f01143c9c76334dc1f7df426f77ac3e8992091d4090e6b06142aee6f9de488,2026-01-10T08:57:47+00:00,912,110,120,78,7.079,50.60000000000002,0,fit:04f01143c9c76334dc1f7df426f77ac3e8992091d4090e6b06142aee6f9de488:segment:004,4,5404.0,5294,activities/055_260110082743.csv,1,1,0,0
fit:04f01143c9c76334dc1f7df426f77ac3e8992091d4090e6b06142aee6f9de488,2026-01-10T08:57:48+00:00,913,153,120,78,7.06,50.60000000000002,0,fit:04f01143c9c76334dc1f7df426f77ac3e8992091d4090e6b06142aee6f9de488:segment:004,4,5405.0,5295,activities/055_260110082743.csv,1,1,0,0
fit:04f01143c9c76334dc1f7df426f77ac3e8992091d4090e6b06142aee6f9de488,2026-01-10T08:57:49+00:00,914,153,119,78,6.989,50.60000000000002,0,fit:04f01143c9c76334dc1f7df426f77ac3e8992091d4090e6b06142aee6f9de488:segment:004,4,5406.0,5296,activities/055_260110082743.csv,1,1,0,0
fit:04f01143c9c76334dc1f7df426f77ac3e8992091d4090e6b06142aee6f9de488,2026-01-10T08:57:50+00:00,915,174,118,78,6.943,50.39999999999998,0,fit:04f01143c9c76334dc1f7df426f77ac3e8992091d4090e6b06142aee6f9de488:segment:004,4,5407.0,5297,activities/055_260110082743.csv,1,1,0,0
fit:04f01143c9c76334dc1f7df426f77ac3e8992091d4090e6b06142aee6f9de488,2026-01-10T08:57:51+00:00,916,182,117,80,6.962,50.39999999999998,0,fit:04f01143c9c76334dc1f7df426f77ac3e8992091d4090e6b06142aee6f9de488:segment:004,4,5408.0,5298,activities/055_260110082743.csv,1,1,0,0
fit:04f01143c9c76334dc1f7df426f77ac3e8992091d4090e6b06142aee6f9de488,2026-01-10T08:57:52+00:00,917,159,117,80,7.007,50.39999999999998,0,fit:04f01143c9c76334dc1f7df426f77ac3e8992091d4090e6b06142aee6f9de488:segment:004,4,5409.0,5299,activities/055_260110082743.csv,1,1,0,0
fit:04f01143c9c76334dc1f7df426f77ac3e8992091d4090e6b06142aee6f9de488,2026-01-10T08:57:53+00:00,918,136,117,81,7.127,50.39999999999998,0,fit:04f01143c9c76334dc1f7df426f77ac3e8992091d4090e6b06142aee6f9de488:segment:004,4,5410.0,5300,activities/055_260110082743.csv,1,1,0,0
fit:04f01143c9c76334dc1f7df426f77ac3e8992091d4090e6b06142aee6f9de488,2026-01-10T08:57:54+00:00,919,151,117,81,7.189,50.799999999999955,0,fit:04f01143c9c76334dc1f7df426f77ac3e8992091d4090e6b06142aee6f9de488:segment:004,4,5411.0,5301,activities/055_260110082743.csv,1,1,0,0
fit:04f01143c9c76334dc1f7df426f77ac3e8992091d4090e6b06142aee6f9de488,2026-01-10T08:57:55+00:00,920,152,116,81,7.141,50.799999999999955,0,fit:04f01143c9c76334dc1f7df426f77ac3e8992091d4090e6b06142aee6f9de488:segment:004,4,5412.0,5302,activities/055_260110082743.csv,1,1,0,0
fit:04f01143c9c76334dc1f7df426f77ac3e8992091d4090e6b06142aee6f9de488,2026-01-10T08:57:56+00:00,921,128,117,81,7.241,50.799999999999955,0,fit:04f01143c9c76334dc1f7df426f77ac3e8992091d4090e6b06142aee6f9de488:segment:004,4,5413.0,5303,activities/055_260110082743.csv,1,1,0,0
fit:04f01143c9c76334dc1f7df426f77ac3e8992091d4090e6b06142aee6f9de488,2026-01-10T08:57:57+00:00,922,107,117,82,7.282,50.200000000000045,0,fit:04f01143c9c76334dc1f7df426f77ac3e8992091d4090e6b06142aee6f9de488:segment:004,4,5414.0,5304,activities/055_260110082743.csv,1,1,0,0
fit:04f01143c9c76334dc1f7df426f77ac3e8992091d4090e6b06142aee6f9de488,2026-01-10T08:57:58+00:00,923,104,116,81,7.303,50.60000000000002,0,fit:04f01143c9c76334dc1f7df426f77ac3e8992091d4090e6b06142aee6f9de488:segment:004,4,5415.0,5305,activities/055_260110082743.csv,1,1,0,0
fit:04f01143c9c76334dc1f7df426f77ac3e8992091d4090e6b06142aee6f9de488,2026-01-10T08:57:59+00:00,924,180,116,81,7.253,50.60000000000002,0,fit:04f01143c9c76334dc1f7df426f77ac3e8992091d4090e6b06142aee6f9de488:segment:004,4,5416.0,5306,activities/055_260110082743.csv,1,1,0,0
fit:04f01143c9c76334dc1f7df426f77ac3e8992091d4090e6b06142aee6f9de488,2026-01-10T08:58:00+00:00,925,157,115,80,7.243,50.60000000000002,0,fit:04f01143c9c76334dc1f7df426f77ac3e8992091d4090e6b06142aee6f9de488:segment:004,4,5417.0,5307,activities/055_260110082743.csv,1,1,0,0
fit:04f01143c9c76334dc1f7df426f77ac3e8992091d4090e6b06142aee6f9de488,2026-01-10T08:58:01+00:00,926,124,115,80,7.243,50.60000000000002,0,fit:04f01143c9c76334dc1f7df426f77ac3e8992091d4090e6b06142aee6f9de488:segment:004,4,5418.0,5308,activities/055_260110082743.csv,1,1,0,0
fit:04f01143c9c76334dc1f7df426f77ac3e8992091d4090e6b06142aee6f9de488,2026-01-10T08:58:02+00:00,927,160,115,80,7.201,50.39999999999998,0,fit:04f01143c9c76334dc1f7df426f77ac3e8992091d4090e6b06142aee6f9de488:segment:004,4,5419.0,5309,activities/055_260110082743.csv,1,1,0,0
fit:04f01143c9c76334dc1f7df426f77ac3e8992091d4090e6b06142aee6f9de488,2026-01-10T08:58:03+00:00,928,166,115,81,7.191,50.39999999999998,0,fit:04f01143c9c76334dc1f7df426f77ac3e8992091d4090e6b06142aee6f9de488:segment:004,4,5420.0,5310,activities/055_260110082743.csv,1,1,0,0
fit:04f01143c9c76334dc1f7df426f77ac3e8992091d4090e6b06142aee6f9de488,2026-01-10T08:58:04+00:00,929,142,115,82,7.226,50.39999999999998,0,fit:04f01143c9c76334dc1f7df426f77ac3e8992091d4090e6b06142aee6f9de488:segment:004,4,5421.0,5311,activities/055_260110082743.csv,1,1,0,0
fit:04f01143c9c76334dc1f7df426f77ac3e8992091d4090e6b06142aee6f9de488,2026-01-10T08:58:05+00:00,930,166,116,82,7.267,50.39999999999998,0,fit:04f01143c9c76334dc1f7df426f77ac3e8992091d4090e6b06142aee6f9de488:segment:004,4,5422.0,5312,activities/055_260110082743.csv,1,1,0,0
fit:04f01143c9c76334dc1f7df426f77ac3e8992091d4090e6b06142aee6f9de488,2026-01-10T08:58:06+00:00,931,168,116,82,7.29,50.799999999999955,0,fit:04f01143c9c76334dc1f7df426f77ac3e8992091d4090e6b06142aee6f9de488:segment:004,4,5423.0,5313,activities/055_260110082743.csv,1,1,0,0
fit:04f01143c9c76334dc1f7df426f77ac3e8992091d4090e6b06142aee6f9de488,2026-01-10T08:58:07+00:00,932,169,116,82,7.319,50.799999999999955,0,fit:04f01143c9c76334dc1f7df426f77ac3e8992091d4090e6b06142aee6f9de488:segment:004,4,5424.0,5314,activities/055_260110082743.csv,1,1,0,0
fit:04f01143c9c76334dc1f7df426f77ac3e8992091d4090e6b06142aee6f9de488,2026-01-10T08:58:08+00:00,933,177,116,82,7.346,50.799999999999955,0,fit:04f01143c9c76334dc1f7df426f77ac3e8992091d4090e6b06142aee6f9de488:segment:004,4,5425.0,5315,activities/055_260110082743.csv,1,1,0,0
fit:04f01143c9c76334dc1f7df426f77ac3e8992091d4090e6b06142aee6f9de488,2026-01-10T08:58:09+00:00,934,185,117,82,7.367,50.200000000000045,0,fit:04f01143c9c76334dc1f7df426f77ac3e8992091d4090e6b06142aee6f9de488:segment:004,4,5426.0,5316,activities/055_260110082743.csv,1,1,0,0
fit:04f01143c9c76334dc1f7df426f77ac3e8992091d4090e6b06142aee6f9de488,2026-01-10T08:58:10+00:00,935,131,118,83,7.35,50.39999999999998,0,fit:04f01143c9c76334dc1f7df426f77ac3e8992091d4090e6b06142aee6f9de488:segment:004,4,5427.0,5317,activities/055_260110082743.csv,1,1,0,0
fit:04f01143c9c76334dc1f7df426f77ac3e8992091d4090e6b06142aee6f9de488,2026-01-10T08:58:11+00:00,936,154,118,83,7.419,50.39999999999998,0,fit:04f01143c9c76334dc1f7df426f77ac3e8992091d4090e6b06142aee6f9de488:segment:004,4,5428.0,5318,activities/055_260110082743.csv,1,1,0,0
fit:04f01143c9c76334dc1f7df426f77ac3e8992091d4090e6b06142aee6f9de488,2026-01-10T08:58:12+00:00,937,139,119,83,7.448,50.39999999999998,0,fit:04f01143c9c76334dc1f7df426f77ac3e8992091d4090e6b06142aee6f9de488:segment:004,4,5429.0,5319,activities/055_260110082743.csv,1,1,0,0
fit:04f01143c9c76334dc1f7df426f77ac3e8992091d4090e6b06142aee6f9de488,2026-01-10T08:58:13+00:00,938,132,121,84,7.471,50.39999999999998,0,fit:04f01143c9c76334dc1f7df426f77ac3e8992091d4090e6b06142aee6f9de488:segment:004,4,5430.0,5320,activities/055_260110082743.csv,1,1,0,0
fit:04f01143c9c76334dc1f7df426f77ac3e8992091d4090e6b06142aee6f9de488,2026-01-10T08:58:14+00:00,939,124,121,84,7.504,50.60000000000002,0,fit:04f01143c9c76334dc1f7df426f77ac3e8992091d4090e6b06142aee6f9de488:segment:004,4,5431.0,5321,activities/055_260110082743.csv,1,1,0,0
fit:04f01143c9c76334dc1f7df426f77ac3e8992091d4090e6b06142aee6f9de488,2026-01-10T08:58:15+00:00,940,124,122,84,7.519,50.60000000000002,0,fit:04f01143c9c76334dc1f7df426f77ac3e8992091d4090e6b06142aee6f9de488:segment:004,4,5432.0,5322,activities/055_260110082743.csv,1,1,0,0
fit:04f01143c9c76334dc1f7df426f77ac3e8992091d4090e6b06142aee6f9de488,2026-01-10T08:58:16+00:00,941,120,123,84,7.485,50.60000000000002,0,fit:04f01143c9c76334dc1f7df426f77ac3e8992091d4090e6b06142aee6f9de488:segment:004,4,5433.0,5323,activities/055_260110082743.csv,1,1,0,0
fit:04f01143c9c76334dc1f7df426f77ac3e8992091d4090e6b06142aee6f9de488,2026-01-10T08:58:17+00:00,942,115,123,84,7.576,50.799999999999955,0,fit:04f01143c9c76334dc1f7df426f77ac3e8992091d4090e6b06142aee6f9de488:segment:004,4,5434.0,5324,activities/055_260110082743.csv,1,1,0,0
fit:04f01143c9c76334dc1f7df426f77ac3e8992091d4090e6b06142aee6f9de488,2026-01-10T08:58:18+00:00,943,114,124,84,7.531,50.60000000000002,0,fit:04f01143c9c76334dc1f7df426f77ac3e8992091d4090e6b06142aee6f9de488:segment:004,4,5435.0,5325,activities/055_260110082743.csv,1,1,0,0
fit:04f01143c9c76334dc1f7df426f77ac3e8992091d4090e6b06142aee6f9de488,2026-01-10T08:58:19+00:00,944,164,125,84,7.452,50.60000000000002,0,fit:04f01143c9c76334dc1f7df426f77ac3e8992091d4090e6b06142aee6f9de488:segment:004,4,5436.0,5326,activities/055_260110082743.csv,1,1,0,0
fit:04f01143c9c76334dc1f7df426f77ac3e8992091d4090e6b06142aee6f9de488,2026-01-10T08:58:20+00:00,945,149,125,84,7.516,50.60000000000002,0,fit:04f01143c9c76334dc1f7df426f77ac3e8992091d4090e6b06142aee6f9de488:segment:004,4,5437.0,5327,activities/055_260110082743.csv,1,1,0,0
fit:04f01143c9c76334dc1f7df426f77ac3e8992091d4090e6b06142aee6f9de488,2026-01-10T08:58:21+00:00,946,163,126,84,7.563,50.799999999999955,0,fit:04f01143c9c76334dc1f7df426f77ac3e8992091d4090e6b06142aee6f9de488:segment:004,4,5438.0,5328,activities/055_260110082743.csv,1,1,0,0
fit:04f01143c9c76334dc1f7df426f77ac3e8992091d4090e6b06142aee6f9de488,2026-01-10T08:58:22+00:00,947,122,126,85,7.576,50.60000000000002,0,fit:04f01143c9c76334dc1f7df426f77ac3e8992091d4090e6b06142aee6f9de488:segment:004,4,5439.0,5329,activities/055_260110082743.csv,1,1,0,0
fit:04f01143c9c76334dc1f7df426f77ac3e8992091d4090e6b06142aee6f9de488,2026-01-10T08:58:23+00:00,948,144,126,85,7.6,50.60000000000002,0,fit:04f01143c9c76334dc1f7df426f77ac3e8992091d4090e6b06142aee6f9de488:segment:004,4,5440.0,5330,activities/055_260110082743.csv,1,1,0,0
fit:04f01143c9c76334dc1f7df426f77ac3e8992091d4090e6b06142aee6f9de488,2026-01-10T08:58:24+00:00,949,118,126,84,7.607,50.60000000000002,0,fit:04f01143c9c76334dc1f7df426f77ac3e8992091d4090e6b06142aee6f9de488:segment:004,4,5441.0,5331,activities/055_260110082743.csv,1,1,0,0
fit:04f01143c9c76334dc1f7df426f77ac3e8992091d4090e6b06142aee6f9de488,2026-01-10T08:58:25+00:00,950,133,126,84,7.61,50.60000000000002,0,fit:04f01143c9c76334dc1f7df426f77ac3e8992091d4090e6b06142aee6f9de488:segment:004,4,5442.0,5332,activities/055_260110082743.csv,1,1,0,0
fit:04f01143c9c76334dc1f7df426f77ac3e8992091d4090e6b06142aee6f9de488,2026-01-10T08:58:26+00:00,951,137,126,84,7.544,51.200000000000045,0,fit:04f01143c9c76334dc1f7df426f77ac3e8992091d4090e6b06142aee6f9de488:segment:004,4,5443.0,5333,activities/055_260110082743.csv,1,1,0,0
fit:04f01143c9c76334dc1f7df426f77ac3e8992091d4090e6b06142aee6f9de488,2026-01-10T08:58:27+00:00,952,103,125,84,7.485,51.200000000000045,0,fit:04f01143c9c76334dc1f7df426f77ac3e8992091d4090e6b06142aee6f9de488:segment:004,4,5444.0,5334,activities/055_260110082743.csv,1,1,0,0
fit:04f01143c9c76334dc1f7df426f77ac3e8992091d4090e6b06142aee6f9de488,2026-01-10T08:58:28+00:00,953,132,125,84,7.46,51.200000000000045,0,fit:04f01143c9c76334dc1f7df426f77ac3e8992091d4090e6b06142aee6f9de488:segment:004,4,5445.0,5335,activities/055_260110082743.csv,1,1,0,0
fit:04f01143c9c76334dc1f7df426f77ac3e8992091d4090e6b06142aee6f9de488,2026-01-10T08:58:29+00:00,954,144,124,84,7.519,50.799999999999955,0,fit:04f01143c9c76334dc1f7df426f77ac3e8992091d4090e6b06142aee6f9de488:segment:004,4,5446.0,5336,activities/055_260110082743.csv,1,1,0,0
fit:04f01143c9c76334dc1f7df426f77ac3e8992091d4090e6b06142aee6f9de488,2026-01-10T08:58:30+00:00,955,144,123,83,7.457,51.0,0,fit:04f01143c9c76334dc1f7df426f77ac3e8992091d4090e6b06142aee6f9de488:segment:004,4,5447.0,5337,activities/055_260110082743.csv,1,1,0,0
fit:04f01143c9c76334dc1f7df426f77ac3e8992091d4090e6b06142aee6f9de488,2026-01-10T08:58:31+00:00,956,220,123,83,7.448,51.0,0,fit:04f01143c9c76334dc1f7df426f77ac3e8992091d4090e6b06142aee6f9de488:segment:004,4,5448.0,5338,activities/055_260110082743.csv,1,1,0,0
fit:04f01143c9c76334dc1f7df426f77ac3e8992091d4090e6b06142aee6f9de488,2026-01-10T08:58:32+00:00,957,179,123,83,7.431,51.0,0,fit:04f01143c9c76334dc1f7df426f77ac3e8992091d4090e6b06142aee6f9de488:segment:004,4,5449.0,5339,activities/055_260110082743.csv,1,1,0,0
fit:04f01143c9c76334dc1f7df426f77ac3e8992091d4090e6b06142aee6f9de488,2026-01-10T08:58:33+00:00,958,186,123,84,7.451,51.0,0,fit:04f01143c9c76334dc1f7df426f77ac3e8992091d4090e6b06142aee6f9de488:segment:004,4,5450.0,5340,activities/055_260110082743.csv,1,1,0,0
fit:04f01143c9c76334dc1f7df426f77ac3e8992091d4090e6b06142aee6f9de488,2026-01-10T08:58:34+00:00,959,157,123,85,7.495,50.799999999999955,0,fit:04f01143c9c76334dc1f7df426f77ac3e8992091d4090e6b06142aee6f9de488:segment:004,4,5451.0,5341,activities/055_260110082743.csv,1,1,0,0
fit:04f01143c9c76334dc1f7df426f77ac3e8992091d4090e6b06142aee6f9de488,2026-01-10T08:58:35+00:00,960,138,123,86,7.623,50.799999999999955,0,fit:04f01143c9c76334dc1f7df426f77ac3e8992091d4090e6b06142aee6f9de488:segment:004,4,5452.0,5342,activities/055_260110082743.csv,1,1,0,0
fit:04f01143c9c76334dc1f7df426f77ac3e8992091d4090e6b06142aee6f9de488,2026-01-10T08:58:36+00:00,961,126,123,86,7.649,50.799999999999955,0,fit:04f01143c9c76334dc1f7df426f77ac3e8992091d4090e6b06142aee6f9de488:segment:004,4,5453.0,5343,activities/055_260110082743.csv,1,1,0,0
fit:04f01143c9c76334dc1f7df426f77ac3e8992091d4090e6b06142aee6f9de488,2026-01-10T08:58:37+00:00,962,101,123,86,7.729,50.799999999999955,0,fit:04f01143c9c76334dc1f7df426f77ac3e8992091d4090e6b06142aee6f9de488:segment:004,4,5454.0,5344,activities/055_260110082743.csv,1,1,0,0
fit:04f01143c9c76334dc1f7df426f77ac3e8992091d4090e6b06142aee6f9de488,2026-01-10T08:58:38+00:00,963,101,124,86,7.668,51.0,0,fit:04f01143c9c76334dc1f7df426f77ac3e8992091d4090e6b06142aee6f9de488:segment:004,4,5455.0,5345,activities/055_260110082743.csv,1,1,0,0
fit:04f01143c9c76334dc1f7df426f77ac3e8992091d4090e6b06142aee6f9de488,2026-01-10T08:58:39+00:00,964,110,124,86,7.648,51.0,0,fit:04f01143c9c76334dc1f7df426f77ac3e8992091d4090e6b06142aee6f9de488:segment:004,4,5456.0,5346,activities/055_260110082743.csv,1,1,0,0
fit:04f01143c9c76334dc1f7df426f77ac3e8992091d4090e6b06142aee6f9de488,2026-01-10T08:58:40+00:00,965,110,124,85,7.653,51.0,0,fit:04f01143c9c76334dc1f7df426f77ac3e8992091d4090e6b06142aee6f9de488:segment:004,4,5457.0,5347,activities/055_260110082743.csv,1,1,0,0
fit:04f01143c9c76334dc1f7df426f77ac3e8992091d4090e6b06142aee6f9de488,2026-01-10T08:58:41+00:00,966,100,124,85,7.658,50.799999999999955,0,fit:04f01143c9c76334dc1f7df426f77ac3e8992091d4090e6b06142aee6f9de488:segment:004,4,5458.0,5348,activities/055_260110082743.csv,1,1,0,0
fit:04f01143c9c76334dc1f7df426f77ac3e8992091d4090e6b06142aee6f9de488,2026-01-10T08:58:42+00:00,967,126,124,85,7.633,50.799999999999955,0,fit:04f01143c9c76334dc1f7df426f77ac3e8992091d4090e6b06142aee6f9de488:segment:004,4,5459.0,5349,activities/055_260110082743.csv,1,1,0,0
fit:04f01143c9c76334dc1f7df426f77ac3e8992091d4090e6b06142aee6f9de488,2026-01-10T08:58:43+00:00,968,105,123,84,7.637,50.799999999999955,0,fit:04f01143c9c76334dc1f7df426f77ac3e8992091d4090e6b06142aee6f9de488:segment:004,4,5460.0,5350,activities/055_260110082743.csv,1,1,0,0
fit:04f01143c9c76334dc1f7df426f77ac3e8992091d4090e6b06142aee6f9de488,2026-01-10T08:58:44+00:00,969,122,122,84,7.58,50.799999999999955,0,fit:04f01143c9c76334dc1f7df426f77ac3e8992091d4090e6b06142aee6f9de488:segment:004,4,5461.0,5351,activities/055_260110082743.csv,1,1,0,0
fit:04f01143c9c76334dc1f7df426f77ac3e8992091d4090e6b06142aee6f9de488,2026-01-10T08:58:45+00:00,970,119,121,84,7.501,50.799999999999955,0,fit:04f01143c9c76334dc1f7df426f77ac3e8992091d4090e6b06142aee6f9de488:segment:004,4,5462.0,5352,activities/055_260110082743.csv,1,1,0,0
fit:04f01143c9c76334dc1f7df426f77ac3e8992091d4090e6b06142aee6f9de488,2026-01-10T08:58:46+00:00,971,119,121,83,7.476,50.799999999999955,0,fit:04f01143c9c76334dc1f7df426f77ac3e8992091d4090e6b06142aee6f9de488:segment:004,4,5463.0,5353,activities/055_260110082743.csv,1,1,0,0
fit:04f01143c9c76334dc1f7df426f77ac3e8992091d4090e6b06142aee6f9de488,2026-01-10T08:58:47+00:00,972,151,121,83,7.456,50.799999999999955,0,fit:04f01143c9c76334dc1f7df426f77ac3e8992091d4090e6b06142aee6f9de488:segment:004,4,5464.0,5354,activities/055_260110082743.csv,1,1,0,0
fit:04f01143c9c76334dc1f7df426f77ac3e8992091d4090e6b06142aee6f9de488,2026-01-10T08:58:48+00:00,973,144,121,84,7.501,50.799999999999955,0,fit:04f01143c9c76334dc1f7df426f77ac3e8992091d4090e6b06142aee6f9de488:segment:004,4,5465.0,5355,activities/055_260110082743.csv,1,1,0,0
fit:04f01143c9c76334dc1f7df426f77ac3e8992091d4090e6b06142aee6f9de488,2026-01-10T08:58:49+00:00,974,132,121,84,7.5,50.799999999999955,0,fit:04f01143c9c76334dc1f7df426f77ac3e8992091d4090e6b06142aee6f9de488:segment:004,4,5466.0,5356,activities/055_260110082743.csv,1,1,0,0
fit:04f01143c9c76334dc1f7df426f77ac3e8992091d4090e6b06142aee6f9de488,2026-01-10T08:58:50+00:00,975,124,121,84,7.508,50.60000000000002,0,fit:04f01143c9c76334dc1f7df426f77ac3e8992091d4090e6b06142aee6f9de488:segment:004,4,5467.0,5357,activities/055_260110082743.csv,1,1,0,0
fit:04f01143c9c76334dc1f7df426f77ac3e8992091d4090e6b06142aee6f9de488,2026-01-10T08:58:51+00:00,976,116,121,84,7.509,50.60000000000002,0,fit:04f01143c9c76334dc1f7df426f77ac3e8992091d4090e6b06142aee6f9de488:segment:004,4,5468.0,5358,activities/055_260110082743.csv,1,1,0,0
fit:04f01143c9c76334dc1f7df426f77ac3e8992091d4090e6b06142aee6f9de488,2026-01-10T08:58:52+00:00,977,136,122,84,7.48,50.60000000000002,0,fit:04f01143c9c76334dc1f7df426f77ac3e8992091d4090e6b06142aee6f9de488:segment:004,4,5469.0,5359,activities/055_260110082743.csv,1,1,0,0
fit:04f01143c9c76334dc1f7df426f77ac3e8992091d4090e6b06142aee6f9de488,2026-01-10T08:58:53+00:00,978,136,121,83,7.476,50.799999999999955,0,fit:04f01143c9c76334dc1f7df426f77ac3e8992091d4090e6b06142aee6f9de488:segment:004,4,5470.0,5360,activities/055_260110082743.csv,1,1,0,0
fit:04f01143c9c76334dc1f7df426f77ac3e8992091d4090e6b06142aee6f9de488,2026-01-10T08:58:54+00:00,979,137,121,83,7.479,51.0,0,fit:04f01143c9c76334dc1f7df426f77ac3e8992091d4090e6b06142aee6f9de488:segment:004,4,5471.0,5361,activities/055_260110082743.csv,1,1,0,0
fit:04f01143c9c76334dc1f7df426f77ac3e8992091d4090e6b06142aee6f9de488,2026-01-10T08:58:55+00:00,980,157,120,83,7.493,51.0,0,fit:04f01143c9c76334dc1f7df426f77ac3e8992091d4090e6b06142aee6f9de488:segment:004,4,5472.0,5362,activities/055_260110082743.csv,1,1,0,0
fit:04f01143c9c76334dc1f7df426f77ac3e8992091d4090e6b06142aee6f9de488,2026-01-10T08:58:56+00:00,981,156,119,83,7.468,51.0,0,fit:04f01143c9c76334dc1f7df426f77ac3e8992091d4090e6b06142aee6f9de488:segment:004,4,5473.0,5363,activities/055_260110082743.csv,1,1,0,0
fit:04f01143c9c76334dc1f7df426f77ac3e8992091d4090e6b06142aee6f9de488,2026-01-10T08:58:57+00:00,982,149,118,84,7.416,51.0,0,fit:04f01143c9c76334dc1f7df426f77ac3e8992091d4090e6b06142aee6f9de488:segment:004,4,5474.0,5364,activities/055_260110082743.csv,1,1,0,0
fit:04f01143c9c76334dc1f7df426f77ac3e8992091d4090e6b06142aee6f9de488,2026-01-10T08:58:58+00:00,983,144,118,84,7.469,51.200000000000045,0,fit:04f01143c9c76334dc1f7df426f77ac3e8992091d4090e6b06142aee6f9de488:segment:004,4,5475.0,5365,activities/055_260110082743.csv,1,1,0,0
fit:04f01143c9c76334dc1f7df426f77ac3e8992091d4090e6b06142aee6f9de488,2026-01-10T08:58:59+00:00,984,151,118,84,7.458,51.200000000000045,0,fit:04f01143c9c76334dc1f7df426f77ac3e8992091d4090e6b06142aee6f9de488:segment:004,4,5476.0,5366,activities/055_260110082743.csv,1,1,0,0
fit:04f01143c9c76334dc1f7df426f77ac3e8992091d4090e6b06142aee6f9de488,2026-01-10T08:59:00+00:00,985,136,117,85,7.507,51.200000000000045,0,fit:04f01143c9c76334dc1f7df426f77ac3e8992091d4090e6b06142aee6f9de488:segment:004,4,5477.0,5367,activities/055_260110082743.csv,1,1,0,0
fit:04f01143c9c76334dc1f7df426f77ac3e8992091d4090e6b06142aee6f9de488,2026-01-10T08:59:01+00:00,986,140,117,85,7.521,51.200000000000045,0,fit:04f01143c9c76334dc1f7df426f77ac3e8992091d4090e6b06142aee6f9de488:segment:004,4,5478.0,5368,activities/055_260110082743.csv,1,1,0,0
fit:04f01143c9c76334dc1f7df426f77ac3e8992091d4090e6b06142aee6f9de488,2026-01-10T08:59:02+00:00,987,177,117,86,7.559,50.39999999999998,0,fit:04f01143c9c76334dc1f7df426f77ac3e8992091d4090e6b06142aee6f9de488:segment:004,4,5479.0,5369,activities/055_260110082743.csv,1,1,0,0
fit:04f01143c9c76334dc1f7df426f77ac3e8992091d4090e6b06142aee6f9de488,2026-01-10T08:59:03+00:00,988,154,117,86,7.655,50.39999999999998,0,fit:04f01143c9c76334dc1f7df426f77ac3e8992091d4090e6b06142aee6f9de488:segment:004,4,5480.0,5370,activities/055_260110082743.csv,1,1,0,0
fit:04f01143c9c76334dc1f7df426f77ac3e8992091d4090e6b06142aee6f9de488,2026-01-10T08:59:04+00:00,989,106,117,87,7.73,50.39999999999998,0,fit:04f01143c9c76334dc1f7df426f77ac3e8992091d4090e6b06142aee6f9de488:segment:004,4,5481.0,5371,activities/055_260110082743.csv,1,1,0,0
fit:04f01143c9c76334dc1f7df426f77ac3e8992091d4090e6b06142aee6f9de488,2026-01-10T08:59:05+00:00,990,101,117,87,7.734,50.60000000000002,0,fit:04f01143c9c76334dc1f7df426f77ac3e8992091d4090e6b06142aee6f9de488:segment:004,4,5482.0,5372,activities/055_260110082743.csv,1,1,0,0
fit:04f01143c9c76334dc1f7df426f77ac3e8992091d4090e6b06142aee6f9de488,2026-01-10T08:59:06+00:00,991,102,117,86,7.763,50.39999999999998,0,fit:04f01143c9c76334dc1f7df426f77ac3e8992091d4090e6b06142aee6f9de488:segment:004,4,5483.0,5373,activities/055_260110082743.csv,1,1,0,0
fit:04f01143c9c76334dc1f7df426f77ac3e8992091d4090e6b06142aee6f9de488,2026-01-10T08:59:07+00:00,992,163,118,86,7.723,50.39999999999998,0,fit:04f01143c9c76334dc1f7df426f77ac3e8992091d4090e6b06142aee6f9de488:segment:004,4,5484.0,5374,activities/055_260110082743.csv,1,1,0,0
fit:04f01143c9c76334dc1f7df426f77ac3e8992091d4090e6b06142aee6f9de488,2026-01-10T08:59:08+00:00,993,175,118,85,7.663,50.39999999999998,-1,fit:04f01143c9c76334dc1f7df426f77ac3e8992091d4090e6b06142aee6f9de488:segment:004,4,5485.0,5375,activities/055_260110082743.csv,1,1,0,0
fit:04f01143c9c76334dc1f7df426f77ac3e8992091d4090e6b06142aee6f9de488,2026-01-10T08:59:09+00:00,994,143,119,85,7.647,50.60000000000002,0,fit:04f01143c9c76334dc1f7df426f77ac3e8992091d4090e6b06142aee6f9de488:segment:004,4,5486.0,5376,activities/055_260110082743.csv,1,1,0,0
fit:04f01143c9c76334dc1f7df426f77ac3e8992091d4090e6b06142aee6f9de488,2026-01-10T08:59:10+00:00,995,132,120,86,7.623,50.60000000000002,0,fit:04f01143c9c76334dc1f7df426f77ac3e8992091d4090e6b06142aee6f9de488:segment:004,4,5487.0,5377,activities/055_260110082743.csv,1,1,0,0
fit:04f01143c9c76334dc1f7df426f77ac3e8992091d4090e6b06142aee6f9de488,2026-01-10T08:59:11+00:00,996,137,120,86,7.586,50.60000000000002,-1,fit:04f01143c9c76334dc1f7df426f77ac3e8992091d4090e6b06142aee6f9de488:segment:004,4,5488.0,5378,activities/055_260110082743.csv,1,1,0,0
fit:04f01143c9c76334dc1f7df426f77ac3e8992091d4090e6b06142aee6f9de488,2026-01-10T08:59:12+00:00,997,162,121,85,7.64,50.60000000000002,-1,fit:04f01143c9c76334dc1f7df426f77ac3e8992091d4090e6b06142aee6f9de488:segment:004,4,5489.0,5379,activities/055_260110082743.csv,1,1,0,0
fit:04f01143c9c76334dc1f7df426f77ac3e8992091d4090e6b06142aee6f9de488,2026-01-10T08:59:13+00:00,998,119,121,87,7.676,50.799999999999955,-1,fit:04f01143c9c76334dc1f7df426f77ac3e8992091d4090e6b06142aee6f9de488:segment:004,4,5490.0,5380,activities/055_260110082743.csv,1,1,0,0
fit:04f01143c9c76334dc1f7df426f77ac3e8992091d4090e6b06142aee6f9de488,2026-01-10T08:59:14+00:00,999,122,122,86,7.676,50.799999999999955,0,fit:04f01143c9c76334dc1f7df426f77ac3e8992091d4090e6b06142aee6f9de488:segment:004,4,5491.0,5381,activities/055_260110082743.csv,1,1,0,0
fit:04f01143c9c76334dc1f7df426f77ac3e8992091d4090e6b06142aee6f9de488,2026-01-10T08:59:15+00:00,1000,124,122,85,7.68,50.799999999999955,-1,fit:04f01143c9c76334dc1f7df426f77ac3e8992091d4090e6b06142aee6f9de488:segment:004,4,5492.0,5382,activities/055_260110082743.csv,1,1,0,0
fit:04f01143c9c76334dc1f7df426f77ac3e8992091d4090e6b06142aee6f9de488,2026-01-10T08:59:16+00:00,1001,174,122,85,7.686,50.799999999999955,0,fit:04f01143c9c76334dc1f7df426f77ac3e8992091d4090e6b06142aee6f9de488:segment:004,4,5493.0,5383,activities/055_260110082743.csv,1,1,0,0
fit:04f01143c9c76334dc1f7df426f77ac3e8992091d4090e6b06142aee6f9de488,2026-01-10T08:59:17+00:00,1002,168,123,86,7.668,50.799999999999955,-1,fit:04f01143c9c76334dc1f7df426f77ac3e8992091d4090e6b06142aee6f9de488:segment:004,4,5494.0,5384,activities/055_260110082743.csv,1,1,0,0
fit:04f01143c9c76334dc1f7df426f77ac3e8992091d4090e6b06142aee6f9de488,2026-01-10T08:59:18+00:00,1003,171,123,87,7.64,50.200000000000045,-1,fit:04f01143c9c76334dc1f7df426f77ac3e8992091d4090e6b06142aee6f9de488:segment:004,4,5495.0,5385,activities/055_260110082743.csv,1,1,0,0
fit:04f01143c9c76334dc1f7df426f77ac3e8992091d4090e6b06142aee6f9de488,2026-01-10T08:59:19+00:00,1004,142,122,87,7.641,50.200000000000045,-1,fit:04f01143c9c76334dc1f7df426f77ac3e8992091d4090e6b06142aee6f9de488:segment:004,4,5496.0,5386,activities/055_260110082743.csv,1,1,0,0
fit:04f01143c9c76334dc1f7df426f77ac3e8992091d4090e6b06142aee6f9de488,2026-01-10T08:59:20+00:00,1005,99,122,87,7.722,50.200000000000045,-1,fit:04f01143c9c76334dc1f7df426f77ac3e8992091d4090e6b06142aee6f9de488:segment:004,4,5497.0,5387,activities/055_260110082743.csv,1,1,0,0
fit:04f01143c9c76334dc1f7df426f77ac3e8992091d4090e6b06142aee6f9de488,2026-01-10T08:59:21+00:00,1006,110,122,86,7.689,50.799999999999955,0,fit:04f01143c9c76334dc1f7df426f77ac3e8992091d4090e6b06142aee6f9de488:segment:004,4,5498.0,5388,activities/055_260110082743.csv,1,1,0,0
fit:04f01143c9c76334dc1f7df426f77ac3e8992091d4090e6b06142aee6f9de488,2026-01-10T08:59:22+00:00,1007,107,122,86,7.615,51.0,0,fit:04f01143c9c76334dc1f7df426f77ac3e8992091d4090e6b06142aee6f9de488:segment:004,4,5499.0,5389,activities/055_260110082743.csv,1,1,0,0
fit:04f01143c9c76334dc1f7df426f77ac3e8992091d4090e6b06142aee6f9de488,2026-01-10T08:59:23+00:00,1008,106,122,86,7.574,51.0,0,fit:04f01143c9c76334dc1f7df426f77ac3e8992091d4090e6b06142aee6f9de488:segment:004,4,5500.0,5390,activities/055_260110082743.csv,1,1,0,0
fit:04f01143c9c76334dc1f7df426f77ac3e8992091d4090e6b06142aee6f9de488,2026-01-10T08:59:24+00:00,1009,108,122,85,7.574,51.0,0,fit:04f01143c9c76334dc1f7df426f77ac3e8992091d4090e6b06142aee6f9de488:segment:004,4,5501.0,5391,activities/055_260110082743.csv,1,1,0,0
fit:04f01143c9c76334dc1f7df426f77ac3e8992091d4090e6b06142aee6f9de488,2026-01-10T08:59:25+00:00,1010,143,123,84,7.583,50.799999999999955,0,fit:04f01143c9c76334dc1f7df426f77ac3e8992091d4090e6b06142aee6f9de488:segment:004,4,5502.0,5392,activities/055_260110082743.csv,1,1,0,0
fit:04f01143c9c76334dc1f7df426f77ac3e8992091d4090e6b06142aee6f9de488,2026-01-10T08:59:26+00:00,1011,170,124,84,7.531,50.799999999999955,0,fit:04f01143c9c76334dc1f7df426f77ac3e8992091d4090e6b06142aee6f9de488:segment:004,4,5503.0,5393,activities/055_260110082743.csv,1,1,0,0
fit:04f01143c9c76334dc1f7df426f77ac3e8992091d4090e6b06142aee6f9de488,2026-01-10T08:59:27+00:00,1012,138,124,84,7.56,50.799999999999955,0,fit:04f01143c9c76334dc1f7df426f77ac3e8992091d4090e6b06142aee6f9de488:segment:004,4,5504.0,5394,activities/055_260110082743.csv,1,1,0,0
fit:04f01143c9c76334dc1f7df426f77ac3e8992091d4090e6b06142aee6f9de488,2026-01-10T08:59:28+00:00,1013,132,124,84,7.546,50.799999999999955,0,fit:04f01143c9c76334dc1f7df426f77ac3e8992091d4090e6b06142aee6f9de488:segment:004,4,5505.0,5395,activities/055_260110082743.csv,1,1,0,0
fit:04f01143c9c76334dc1f7df426f77ac3e8992091d4090e6b06142aee6f9de488,2026-01-10T08:59:29+00:00,1014,130,124,83,7.509,50.799999999999955,0,fit:04f01143c9c76334dc1f7df426f77ac3e8992091d4090e6b06142aee6f9de488:segment:004,4,5506.0,5396,activities/055_260110082743.csv,1,1,0,0
fit:04f01143c9c76334dc1f7df426f77ac3e8992091d4090e6b06142aee6f9de488,2026-01-10T08:59:30+00:00,1015,131,124,83,7.455,50.799999999999955,0,fit:04f01143c9c76334dc1f7df426f77ac3e8992091d4090e6b06142aee6f9de488:segment:004,4,5507.0,5397,activities/055_260110082743.csv,1,1,0,0
fit:04f01143c9c76334dc1f7df426f77ac3e8992091d4090e6b06142aee6f9de488,2026-01-10T08:59:31+00:00,1016,135,124,83,7.45,50.799999999999955,0,fit:04f01143c9c76334dc1f7df426f77ac3e8992091d4090e6b06142aee6f9de488:segment:004,4,5508.0,5398,activities/055_260110082743.csv,1,1,0,0
fit:04f01143c9c76334dc1f7df426f77ac3e8992091d4090e6b06142aee6f9de488,2026-01-10T08:59:32+00:00,1017,107,124,83,7.386,50.799999999999955,0,fit:04f01143c9c76334dc1f7df426f77ac3e8992091d4090e6b06142aee6f9de488:segment:004,4,5509.0,5399,activities/055_260110082743.csv,1,1,0,0
fit:04f01143c9c76334dc1f7df426f77ac3e8992091d4090e6b06142aee6f9de488,2026-01-10T08:59:33+00:00,1018,136,124,82,7.333,50.799999999999955,0,fit:04f01143c9c76334dc1f7df426f77ac3e8992091d4090e6b06142aee6f9de488:segment:004,4,5510.0,5400,activities/055_260110082743.csv,1,1,0,0
fit:04f01143c9c76334dc1f7df426f77ac3e8992091d4090e6b06142aee6f9de488,2026-01-10T08:59:34+00:00,1019,142,124,82,7.371,51.200000000000045,0,fit:04f01143c9c76334dc1f7df426f77ac3e8992091d4090e6b06142aee6f9de488:segment:004,4,5511.0,5401,activities/055_260110082743.csv,1,1,0,0
fit:04f01143c9c76334dc1f7df426f77ac3e8992091d4090e6b06142aee6f9de488,2026-01-10T08:59:35+00:00,1020,144,123,81,7.361,51.200000000000045,0,fit:04f01143c9c76334dc1f7df426f77ac3e8992091d4090e6b06142aee6f9de488:segment:004,4,5512.0,5402,activities/055_260110082743.csv,1,1,0,0
fit:04f01143c9c76334dc1f7df426f77ac3e8992091d4090e6b06142aee6f9de488,2026-01-10T08:59:36+00:00,1021,146,123,81,7.278,51.200000000000045,0,fit:04f01143c9c76334dc1f7df426f77ac3e8992091d4090e6b06142aee6f9de488:segment:004,4,5513.0,5403,activities/055_260110082743.csv,1,1,0,0
fit:04f01143c9c76334dc1f7df426f77ac3e8992091d4090e6b06142aee6f9de488,2026-01-10T08:59:37+00:00,1022,133,123,81,7.188,51.200000000000045,0,fit:04f01143c9c76334dc1f7df426f77ac3e8992091d4090e6b06142aee6f9de488:segment:004,4,5514.0,5404,activities/055_260110082743.csv,1,1,0,0
fit:04f01143c9c76334dc1f7df426f77ac3e8992091d4090e6b06142aee6f9de488,2026-01-10T08:59:38+00:00,1023,34,122,81,7.222,51.0,0,fit:04f01143c9c76334dc1f7df426f77ac3e8992091d4090e6b06142aee6f9de488:segment:004,4,5515.0,5405,activities/055_260110082743.csv,1,1,0,0
fit:04f01143c9c76334dc1f7df426f77ac3e8992091d4090e6b06142aee6f9de488,2026-01-10T08:59:39+00:00,1024,76,121,52,7.164,51.0,0,fit:04f01143c9c76334dc1f7df426f77ac3e8992091d4090e6b06142aee6f9de488:segment:004,4,5516.0,5406,activities/055_260110082743.csv,1,1,0,0
fit:04f01143c9c76334dc1f7df426f77ac3e8992091d4090e6b06142aee6f9de488,2026-01-10T08:59:40+00:00,1025,156,121,76,7.143,51.0,0,fit:04f01143c9c76334dc1f7df426f77ac3e8992091d4090e6b06142aee6f9de488:segment:004,4,5517.0,5407,activities/055_260110082743.csv,1,1,0,0
fit:04f01143c9c76334dc1f7df426f77ac3e8992091d4090e6b06142aee6f9de488,2026-01-10T08:59:41+00:00,1026,142,121,78,7.023,51.0,0,fit:04f01143c9c76334dc1f7df426f77ac3e8992091d4090e6b06142aee6f9de488:segment:004,4,5518.0,5408,activities/055_260110082743.csv,1,1,0,0
fit:04f01143c9c76334dc1f7df426f77ac3e8992091d4090e6b06142aee6f9de488,2026-01-10T08:59:42+00:00,1027,194,122,79,6.943,51.39999999999998,0,fit:04f01143c9c76334dc1f7df426f77ac3e8992091d4090e6b06142aee6f9de488:segment:004,4,5519.0,5409,activities/055_260110082743.csv,1,1,0,0
fit:04f01143c9c76334dc1f7df426f77ac3e8992091d4090e6b06142aee6f9de488,2026-01-10T08:59:43+00:00,1028,171,122,80,7.069,51.39999999999998,0,fit:04f01143c9c76334dc1f7df426f77ac3e8992091d4090e6b06142aee6f9de488:segment:004,4,5520.0,5410,activities/055_260110082743.csv,1,1,0,0
fit:04f01143c9c76334dc1f7df426f77ac3e8992091d4090e6b06142aee6f9de488,2026-01-10T08:59:44+00:00,1029,185,122,79,7.076,51.39999999999998,0,fit:04f01143c9c76334dc1f7df426f77ac3e8992091d4090e6b06142aee6f9de488:segment:004,4,5521.0,5411,activities/055_260110082743.csv,1,1,0,0
fit:04f01143c9c76334dc1f7df426f77ac3e8992091d4090e6b06142aee6f9de488,2026-01-10T08:59:45+00:00,1030,207,121,80,7.101,51.39999999999998,0,fit:04f01143c9c76334dc1f7df426f77ac3e8992091d4090e6b06142aee6f9de488:segment:004,4,5522.0,5412,activities/055_260110082743.csv,1,1,0,0
fit:04f01143c9c76334dc1f7df426f77ac3e8992091d4090e6b06142aee6f9de488,2026-01-10T08:59:46+00:00,1031,178,121,81,7.176,51.60000000000002,0,fit:04f01143c9c76334dc1f7df426f77ac3e8992091d4090e6b06142aee6f9de488:segment:004,4,5523.0,5413,activities/055_260110082743.csv,1,1,0,0
fit:04f01143c9c76334dc1f7df426f77ac3e8992091d4090e6b06142aee6f9de488,2026-01-10T08:59:47+00:00,1032,155,121,81,7.226,51.60000000000002,0,fit:04f01143c9c76334dc1f7df426f77ac3e8992091d4090e6b06142aee6f9de488:segment:004,4,5524.0,5414,activities/055_260110082743.csv,1,1,0,0
fit:04f01143c9c76334dc1f7df426f77ac3e8992091d4090e6b06142aee6f9de488,2026-01-10T08:59:48+00:00,1033,117,121,81,7.201,51.60000000000002,0,fit:04f01143c9c76334dc1f7df426f77ac3e8992091d4090e6b06142aee6f9de488:segment:004,4,5525.0,5415,activities/055_260110082743.csv,1,1,0,0
fit:04f01143c9c76334dc1f7df426f77ac3e8992091d4090e6b06142aee6f9de488,2026-01-10T08:59:49+00:00,1034,111,121,81,7.185,51.39999999999998,0,fit:04f01143c9c76334dc1f7df426f77ac3e8992091d4090e6b06142aee6f9de488:segment:004,4,5526.0,5416,activities/055_260110082743.csv,1,1,0,0
fit:04f01143c9c76334dc1f7df426f77ac3e8992091d4090e6b06142aee6f9de488,2026-01-10T08:59:50+00:00,1035,123,121,80,7.134,51.60000000000002,0,fit:04f01143c9c76334dc1f7df426f77ac3e8992091d4090e6b06142aee6f9de488:segment:004,4,5527.0,5417,activities/055_260110082743.csv,1,1,0,0
fit:04f01143c9c76334dc1f7df426f77ac3e8992091d4090e6b06142aee6f9de488,2026-01-10T08:59:51+00:00,1036,112,120,79,7.078,51.60000000000002,0,fit:04f01143c9c76334dc1f7df426f77ac3e8992091d4090e6b06142aee6f9de488:segment:004,4,5528.0,5418,activities/055_260110082743.csv,1,1,0,0
fit:04f01143c9c76334dc1f7df426f77ac3e8992091d4090e6b06142aee6f9de488,2026-01-10T08:59:52+00:00,1037,82,120,79,6.969,51.60000000000002,0,fit:04f01143c9c76334dc1f7df426f77ac3e8992091d4090e6b06142aee6f9de488:segment:004,4,5529.0,5419,activities/055_260110082743.csv,1,1,0,0
fit:04f01143c9c76334dc1f7df426f77ac3e8992091d4090e6b06142aee6f9de488,2026-01-10T08:59:53+00:00,1038,82,120,76,6.851,51.60000000000002,0,fit:04f01143c9c76334dc1f7df426f77ac3e8992091d4090e6b06142aee6f9de488:segment:004,4,5530.0,5420,activities/055_260110082743.csv,1,1,0,0
fit:04f01143c9c76334dc1f7df426f77ac3e8992091d4090e6b06142aee6f9de488,2026-01-10T08:59:54+00:00,1039,75,120,76,6.776,51.39999999999998,0,fit:04f01143c9c76334dc1f7df426f77ac3e8992091d4090e6b06142aee6f9de488:segment:004,4,5531.0,5421,activities/055_260110082743.csv,1,1,0,0
fit:04f01143c9c76334dc1f7df426f77ac3e8992091d4090e6b06142aee6f9de488,2026-01-10T08:59:55+00:00,1040,21,119,46,6.637,51.39999999999998,0,fit:04f01143c9c76334dc1f7df426f77ac3e8992091d4090e6b06142aee6f9de488:segment:004,4,5532.0,5422,activities/055_260110082743.csv,1,1,0,0
fit:04f01143c9c76334dc1f7df426f77ac3e8992091d4090e6b06142aee6f9de488,2026-01-10T08:59:56+00:00,1041,189,118,73,6.627,51.39999999999998,0,fit:04f01143c9c76334dc1f7df426f77ac3e8992091d4090e6b06142aee6f9de488:segment:004,4,5533.0,5423,activities/055_260110082743.csv,1,1,0,0
fit:04f01143c9c76334dc1f7df426f77ac3e8992091d4090e6b06142aee6f9de488,2026-01-10T08:59:57+00:00,1042,265,118,75,6.571,51.60000000000002,0,fit:04f01143c9c76334dc1f7df426f77ac3e8992091d4090e6b06142aee6f9de488:segment:004,4,5534.0,5424,activities/055_260110082743.csv,1,1,0,0
fit:04f01143c9c76334dc1f7df426f77ac3e8992091d4090e6b06142aee6f9de488,2026-01-10T08:59:58+00:00,1043,256,117,77,6.608,52.0,0,fit:04f01143c9c76334dc1f7df426f77ac3e8992091d4090e6b06142aee6f9de488:segment:004,4,5535.0,5425,activities/055_260110082743.csv,1,1,0,0
fit:04f01143c9c76334dc1f7df426f77ac3e8992091d4090e6b06142aee6f9de488,2026-01-10T08:59:59+00:00,1044,203,117,79,6.749,52.0,0,fit:04f01143c9c76334dc1f7df426f77ac3e8992091d4090e6b06142aee6f9de488:segment:004,4,5536.0,5426,activities/055_260110082743.csv,1,1,0,0
fit:04f01143c9c76334dc1f7df426f77ac3e8992091d4090e6b06142aee6f9de488,2026-01-10T09:00:00+00:00,1045,155,116,81,7.016,52.0,0,fit:04f01143c9c76334dc1f7df426f77ac3e8992091d4090e6b06142aee6f9de488:segment:004,4,5537.0,5427,activities/055_260110082743.csv,1,1,0,0
fit:04f01143c9c76334dc1f7df426f77ac3e8992091d4090e6b06142aee6f9de488,2026-01-10T09:00:01+00:00,1046,155,116,82,7.195,52.60000000000002,0,fit:04f01143c9c76334dc1f7df426f77ac3e8992091d4090e6b06142aee6f9de488:segment:004,4,5538.0,5428,activities/055_260110082743.csv,1,1,0,0
fit:04f01143c9c76334dc1f7df426f77ac3e8992091d4090e6b06142aee6f9de488,2026-01-10T09:00:02+00:00,1047,132,115,82,7.196,52.0,0,fit:04f01143c9c76334dc1f7df426f77ac3e8992091d4090e6b06142aee6f9de488:segment:004,4,5539.0,5429,activities/055_260110082743.csv,1,1,0,0
fit:04f01143c9c76334dc1f7df426f77ac3e8992091d4090e6b06142aee6f9de488,2026-01-10T09:00:03+00:00,1048,179,116,82,7.222,52.0,0,fit:04f01143c9c76334dc1f7df426f77ac3e8992091d4090e6b06142aee6f9de488:segment:004,4,5540.0,5430,activities/055_260110082743.csv,1,1,0,0
fit:04f01143c9c76334dc1f7df426f77ac3e8992091d4090e6b06142aee6f9de488,2026-01-10T09:00:04+00:00,1049,140,116,83,7.309,52.0,0,fit:04f01143c9c76334dc1f7df426f77ac3e8992091d4090e6b06142aee6f9de488:segment:004,4,5541.0,5431,activities/055_260110082743.csv,1,1,0,0
fit:04f01143c9c76334dc1f7df426f77ac3e8992091d4090e6b06142aee6f9de488,2026-01-10T09:00:05+00:00,1050,123,117,83,7.362,52.0,0,fit:04f01143c9c76334dc1f7df426f77ac3e8992091d4090e6b06142aee6f9de488:segment:004,4,5542.0,5432,activities/055_260110082743.csv,1,1,0,0
fit:04f01143c9c76334dc1f7df426f77ac3e8992091d4090e6b06142aee6f9de488,2026-01-10T09:00:06+00:00,1051,123,117,83,7.363,52.200000000000045,0,fit:04f01143c9c76334dc1f7df426f77ac3e8992091d4090e6b06142aee6f9de488:segment:004,4,5543.0,5433,activities/055_260110082743.csv,1,1,0,0
fit:04f01143c9c76334dc1f7df426f77ac3e8992091d4090e6b06142aee6f9de488,2026-01-10T09:00:07+00:00,1052,122,118,83,7.346,52.200000000000045,0,fit:04f01143c9c76334dc1f7df426f77ac3e8992091d4090e6b06142aee6f9de488:segment:004,4,5544.0,5434,activities/055_260110082743.csv,1,1,0,0
fit:04f01143c9c76334dc1f7df426f77ac3e8992091d4090e6b06142aee6f9de488,2026-01-10T09:00:08+00:00,1053,122,118,83,7.395,52.200000000000045,0,fit:04f01143c9c76334dc1f7df426f77ac3e8992091d4090e6b06142aee6f9de488:segment:004,4,5545.0,5435,activities/055_260110082743.csv,1,1,0,0
fit:04f01143c9c76334dc1f7df426f77ac3e8992091d4090e6b06142aee6f9de488,2026-01-10T09:00:09+00:00,1054,44,119,83,7.421,52.200000000000045,0,fit:04f01143c9c76334dc1f7df426f77ac3e8992091d4090e6b06142aee6f9de488:segment:004,4,5546.0,5436,activities/055_260110082743.csv,1,1,0,0
fit:04f01143c9c76334dc1f7df426f77ac3e8992091d4090e6b06142aee6f9de488,2026-01-10T09:00:10+00:00,1055,44,120,52,7.335,52.0,0,fit:04f01143c9c76334dc1f7df426f77ac3e8992091d4090e6b06142aee6f9de488:segment:004,4,5547.0,5437,activities/055_260110082743.csv,1,1,0,0
fit:04f01143c9c76334dc1f7df426f77ac3e8992091d4090e6b06142aee6f9de488,2026-01-10T09:00:11+00:00,1056,44,120,52,7.216,52.0,0,fit:04f01143c9c76334dc1f7df426f77ac3e8992091d4090e6b06142aee6f9de488:segment:004,4,5548.0,5438,activities/055_260110082743.csv,1,1,0,0
fit:04f01143c9c76334dc1f7df426f77ac3e8992091d4090e6b06142aee6f9de488,2026-01-10T09:00:12+00:00,1057,44,120,52,7.028,52.0,0,fit:04f01143c9c76334dc1f7df426f77ac3e8992091d4090e6b06142aee6f9de488:segment:004,4,5549.0,5439,activities/055_260110082743.csv,1,1,0,0
fit:04f01143c9c76334dc1f7df426f77ac3e8992091d4090e6b06142aee6f9de488,2026-01-10T09:00:13+00:00,1058,42,121,52,6.83,52.0,0,fit:04f01143c9c76334dc1f7df426f77ac3e8992091d4090e6b06142aee6f9de488:segment:004,4,5550.0,5440,activities/055_260110082743.csv,1,1,0,0
fit:04f01143c9c76334dc1f7df426f77ac3e8992091d4090e6b06142aee6f9de488,2026-01-10T09:00:14+00:00,1059,0,121,50,6.369,52.39999999999998,0,fit:04f01143c9c76334dc1f7df426f77ac3e8992091d4090e6b06142aee6f9de488:segment:004,4,5551.0,5441,activities/055_260110082743.csv,1,1,0,0
fit:04f01143c9c76334dc1f7df426f77ac3e8992091d4090e6b06142aee6f9de488,2026-01-10T09:00:15+00:00,1060,411,121,0,6.271,52.39999999999998,0,fit:04f01143c9c76334dc1f7df426f77ac3e8992091d4090e6b06142aee6f9de488:segment:004,4,5552.0,5442,activities/055_260110082743.csv,1,1,0,0
fit:04f01143c9c76334dc1f7df426f77ac3e8992091d4090e6b06142aee6f9de488,2026-01-10T09:00:16+00:00,1061,411,121,66,5.772,52.39999999999998,0,fit:04f01143c9c76334dc1f7df426f77ac3e8992091d4090e6b06142aee6f9de488:segment:004,4,5553.0,5443,activities/055_260110082743.csv,1,1,0,0
fit:04f01143c9c76334dc1f7df426f77ac3e8992091d4090e6b06142aee6f9de488,2026-01-10T09:00:17+00:00,1062,216,121,71,5.885,52.39999999999998,0,fit:04f01143c9c76334dc1f7df426f77ac3e8992091d4090e6b06142aee6f9de488:segment:004,4,5554.0,5444,activities/055_260110082743.csv,1,1,0,0
fit:04f01143c9c76334dc1f7df426f77ac3e8992091d4090e6b06142aee6f9de488,2026-01-10T09:00:18+00:00,1063,216,121,74,6.239,52.0,0,fit:04f01143c9c76334dc1f7df426f77ac3e8992091d4090e6b06142aee6f9de488:segment:004,4,5555.0,5445,activities/055_260110082743.csv,1,1,0,0
fit:04f01143c9c76334dc1f7df426f77ac3e8992091d4090e6b06142aee6f9de488,2026-01-10T09:00:19+00:00,1064,216,120,78,6.507,52.0,0,fit:04f01143c9c76334dc1f7df426f77ac3e8992091d4090e6b06142aee6f9de488:segment:004,4,5556.0,5446,activities/055_260110082743.csv,1,1,0,0
fit:04f01143c9c76334dc1f7df426f77ac3e8992091d4090e6b06142aee6f9de488,2026-01-10T09:00:20+00:00,1065,216,120,78,6.744,52.0,0,fit:04f01143c9c76334dc1f7df426f77ac3e8992091d4090e6b06142aee6f9de488:segment:004,4,5557.0,5447,activities/055_260110082743.csv,1,1,0,0
fit:04f01143c9c76334dc1f7df426f77ac3e8992091d4090e6b06142aee6f9de488,2026-01-10T09:00:21+00:00,1066,186,119,38,6.869,52.0,0,fit:04f01143c9c76334dc1f7df426f77ac3e8992091d4090e6b06142aee6f9de488:segment:004,4,5558.0,5448,activities/055_260110082743.csv,1,1,0,0
fit:04f01143c9c76334dc1f7df426f77ac3e8992091d4090e6b06142aee6f9de488,2026-01-10T09:00:22+00:00,1067,191,118,78,6.901,52.0,0,fit:04f01143c9c76334dc1f7df426f77ac3e8992091d4090e6b06142aee6f9de488:segment:004,4,5559.0,5449,activities/055_260110082743.csv,1,1,0,0
fit:04f01143c9c76334dc1f7df426f77ac3e8992091d4090e6b06142aee6f9de488,2026-01-10T09:00:23+00:00,1068,135,118,79,6.989,52.0,0,fit:04f01143c9c76334dc1f7df426f77ac3e8992091d4090e6b06142aee6f9de488:segment:004,4,5560.0,5450,activities/055_260110082743.csv,1,1,0,0
fit:04f01143c9c76334dc1f7df426f77ac3e8992091d4090e6b06142aee6f9de488,2026-01-10T09:00:24+00:00,1069,59,118,79,6.943,52.0,0,fit:04f01143c9c76334dc1f7df426f77ac3e8992091d4090e6b06142aee6f9de488:segment:004,4,5561.0,5451,activities/055_260110082743.csv,1,1,0,0
fit:04f01143c9c76334dc1f7df426f77ac3e8992091d4090e6b06142aee6f9de488,2026-01-10T09:00:25+00:00,1070,197,117,78,6.961,52.0,0,fit:04f01143c9c76334dc1f7df426f77ac3e8992091d4090e6b06142aee6f9de488:segment:004,4,5562.0,5452,activities/055_260110082743.csv,1,1,0,0
fit:04f01143c9c76334dc1f7df426f77ac3e8992091d4090e6b06142aee6f9de488,2026-01-10T09:00:26+00:00,1071,198,118,79,6.938,51.60000000000002,0,fit:04f01143c9c76334dc1f7df426f77ac3e8992091d4090e6b06142aee6f9de488:segment:004,4,5563.0,5453,activities/055_260110082743.csv,1,1,0,0
fit:04f01143c9c76334dc1f7df426f77ac3e8992091d4090e6b06142aee6f9de488,2026-01-10T09:00:27+00:00,1072,144,118,79,7.055,51.60000000000002,0,fit:04f01143c9c76334dc1f7df426f77ac3e8992091d4090e6b06142aee6f9de488:segment:004,4,5564.0,5454,activities/055_260110082743.csv,1,1,0,0
fit:04f01143c9c76334dc1f7df426f77ac3e8992091d4090e6b06142aee6f9de488,2026-01-10T09:00:28+00:00,1073,161,118,80,7.134,51.60000000000002,0,fit:04f01143c9c76334dc1f7df426f77ac3e8992091d4090e6b06142aee6f9de488:segment:004,4,5565.0,5455,activities/055_260110082743.csv,1,1,0,0
fit:04f01143c9c76334dc1f7df426f77ac3e8992091d4090e6b06142aee6f9de488,2026-01-10T09:00:29+00:00,1074,154,118,79,7.165,51.60000000000002,0,fit:04f01143c9c76334dc1f7df426f77ac3e8992091d4090e6b06142aee6f9de488:segment:004,4,5566.0,5456,activities/055_260110082743.csv,1,1,0,0
fit:04f01143c9c76334dc1f7df426f77ac3e8992091d4090e6b06142aee6f9de488,2026-01-10T09:00:30+00:00,1075,154,119,79,7.036,52.39999999999998,0,fit:04f01143c9c76334dc1f7df426f77ac3e8992091d4090e6b06142aee6f9de488:segment:004,4,5567.0,5457,activities/055_260110082743.csv,1,1,0,0
fit:04f01143c9c76334dc1f7df426f77ac3e8992091d4090e6b06142aee6f9de488,2026-01-10T09:00:31+00:00,1076,203,121,79,7.099,52.39999999999998,0,fit:04f01143c9c76334dc1f7df426f77ac3e8992091d4090e6b06142aee6f9de488:segment:004,4,5568.0,5458,activities/055_260110082743.csv,1,1,0,0
fit:04f01143c9c76334dc1f7df426f77ac3e8992091d4090e6b06142aee6f9de488,2026-01-10T09:00:32+00:00,1077,114,121,80,7.085,52.39999999999998,0,fit:04f01143c9c76334dc1f7df426f77ac3e8992091d4090e6b06142aee6f9de488:segment:004,4,5569.0,5459,activities/055_260110082743.csv,1,1,0,0
fit:04f01143c9c76334dc1f7df426f77ac3e8992091d4090e6b06142aee6f9de488,2026-01-10T09:00:33+00:00,1078,162,122,80,7.102,52.0,0,fit:04f01143c9c76334dc1f7df426f77ac3e8992091d4090e6b06142aee6f9de488:segment:004,4,5570.0,5460,activities/055_260110082743.csv,1,1,0,0
fit:04f01143c9c76334dc1f7df426f77ac3e8992091d4090e6b06142aee6f9de488,2026-01-10T09:00:34+00:00,1079,175,123,80,7.045,51.799999999999955,0,fit:04f01143c9c76334dc1f7df426f77ac3e8992091d4090e6b06142aee6f9de488:segment:004,4,5571.0,5461,activities/055_260110082743.csv,1,1,0,0
fit:04f01143c9c76334dc1f7df426f77ac3e8992091d4090e6b06142aee6f9de488,2026-01-10T09:00:35+00:00,1080,176,123,82,7.168,51.799999999999955,0,fit:04f01143c9c76334dc1f7df426f77ac3e8992091d4090e6b06142aee6f9de488:segment:004,4,5572.0,5462,activities/055_260110082743.csv,1,1,0,0
fit:04f01143c9c76334dc1f7df426f77ac3e8992091d4090e6b06142aee6f9de488,2026-01-10T09:00:36+00:00,1081,110,123,82,7.161,51.799999999999955,0,fit:04f01143c9c76334dc1f7df426f77ac3e8992091d4090e6b06142aee6f9de488:segment:004,4,5573.0,5463,activities/055_260110082743.csv,1,1,0,0
fit:04f01143c9c76334dc1f7df426f77ac3e8992091d4090e6b06142aee6f9de488,2026-01-10T09:00:37+00:00,1082,110,123,82,7.251,51.799999999999955,0,fit:04f01143c9c76334dc1f7df426f77ac3e8992091d4090e6b06142aee6f9de488:segment:004,4,5574.0,5464,activities/055_260110082743.csv,1,1,0,0
fit:04f01143c9c76334dc1f7df426f77ac3e8992091d4090e6b06142aee6f9de488,2026-01-10T09:00:38+00:00,1083,39,123,82,7.302,52.0,0,fit:04f01143c9c76334dc1f7df426f77ac3e8992091d4090e6b06142aee6f9de488:segment:004,4,5575.0,5465,activities/055_260110082743.csv,1,1,0,0
fit:04f01143c9c76334dc1f7df426f77ac3e8992091d4090e6b06142aee6f9de488,2026-01-10T09:00:39+00:00,1084,143,123,30,7.142,52.0,0,fit:04f01143c9c76334dc1f7df426f77ac3e8992091d4090e6b06142aee6f9de488:segment:004,4,5576.0,5466,activities/055_260110082743.csv,1,1,0,0
fit:04f01143c9c76334dc1f7df426f77ac3e8992091d4090e6b06142aee6f9de488,2026-01-10T09:00:40+00:00,1085,143,124,80,7.111,52.0,0,fit:04f01143c9c76334dc1f7df426f77ac3e8992091d4090e6b06142aee6f9de488:segment:004,4,5577.0,5467,activities/055_260110082743.csv,1,1,0,0
fit:04f01143c9c76334dc1f7df426f77ac3e8992091d4090e6b06142aee6f9de488,2026-01-10T09:00:41+00:00,1086,116,124,81,7.109,52.0,0,fit:04f01143c9c76334dc1f7df426f77ac3e8992091d4090e6b06142aee6f9de488:segment:004,4,5578.0,5468,activities/055_260110082743.csv,1,1,0,0
fit:04f01143c9c76334dc1f7df426f77ac3e8992091d4090e6b06142aee6f9de488,2026-01-10T09:00:42+00:00,1087,123,124,81,7.197,52.0,0,fit:04f01143c9c76334dc1f7df426f77ac3e8992091d4090e6b06142aee6f9de488:segment:004,4,5579.0,5469,activities/055_260110082743.csv,1,1,0,0
fit:04f01143c9c76334dc1f7df426f77ac3e8992091d4090e6b06142aee6f9de488,2026-01-10T09:00:43+00:00,1088,117,124,81,7.23,52.0,0,fit:04f01143c9c76334dc1f7df426f77ac3e8992091d4090e6b06142aee6f9de488:segment:004,4,5580.0,5470,activities/055_260110082743.csv,1,1,0,0
fit:04f01143c9c76334dc1f7df426f77ac3e8992091d4090e6b06142aee6f9de488,2026-01-10T09:00:44+00:00,1089,118,124,82,7.357,52.0,0,fit:04f01143c9c76334dc1f7df426f77ac3e8992091d4090e6b06142aee6f9de488:segment:004,4,5581.0,5471,activities/055_260110082743.csv,1,1,0,0
fit:04f01143c9c76334dc1f7df426f77ac3e8992091d4090e6b06142aee6f9de488,2026-01-10T09:00:45+00:00,1090,121,124,82,7.321,51.799999999999955,0,fit:04f01143c9c76334dc1f7df426f77ac3e8992091d4090e6b06142aee6f9de488:segment:004,4,5582.0,5472,activities/055_260110082743.csv,1,1,0,0
fit:04f01143c9c76334dc1f7df426f77ac3e8992091d4090e6b06142aee6f9de488,2026-01-10T09:00:46+00:00,1091,124,123,82,7.367,51.60000000000002,0,fit:04f01143c9c76334dc1f7df426f77ac3e8992091d4090e6b06142aee6f9de488:segment:004,4,5583.0,5473,activities/055_260110082743.csv,1,1,0,0
fit:04f01143c9c76334dc1f7df426f77ac3e8992091d4090e6b06142aee6f9de488,2026-01-10T09:00:47+00:00,1092,107,123,82,7.335,51.60000000000002,0,fit:04f01143c9c76334dc1f7df426f77ac3e8992091d4090e6b06142aee6f9de488:segment:004,4,5584.0,5474,activities/055_260110082743.csv,1,1,0,0
fit:04f01143c9c76334dc1f7df426f77ac3e8992091d4090e6b06142aee6f9de488,2026-01-10T09:00:48+00:00,1093,107,123,82,7.323,51.60000000000002,0,fit:04f01143c9c76334dc1f7df426f77ac3e8992091d4090e6b06142aee6f9de488:segment:004,4,5585.0,5475,activities/055_260110082743.csv,1,1,0,0
fit:04f01143c9c76334dc1f7df426f77ac3e8992091d4090e6b06142aee6f9de488,2026-01-10T09:00:49+00:00,1094,114,122,82,7.295,51.799999999999955,0,fit:04f01143c9c76334dc1f7df426f77ac3e8992091d4090e6b06142aee6f9de488:segment:004,4,5586.0,5476,activities/055_260110082743.csv,1,1,0,0
fit:04f01143c9c76334dc1f7df426f77ac3e8992091d4090e6b06142aee6f9de488,2026-01-10T09:00:50+00:00,1095,121,121,82,7.302,51.799999999999955,0,fit:04f01143c9c76334dc1f7df426f77ac3e8992091d4090e6b06142aee6f9de488:segment:004,4,5587.0,5477,activities/055_260110082743.csv,1,1,0,0
fit:04f01143c9c76334dc1f7df426f77ac3e8992091d4090e6b06142aee6f9de488,2026-01-10T09:00:51+00:00,1096,103,121,83,7.355,51.799999999999955,0,fit:04f01143c9c76334dc1f7df426f77ac3e8992091d4090e6b06142aee6f9de488:segment:004,4,5588.0,5478,activities/055_260110082743.csv,1,1,0,0
fit:04f01143c9c76334dc1f7df426f77ac3e8992091d4090e6b06142aee6f9de488,2026-01-10T09:00:52+00:00,1097,125,120,82,7.365,51.799999999999955,0,fit:04f01143c9c76334dc1f7df426f77ac3e8992091d4090e6b06142aee6f9de488:segment:004,4,5589.0,5479,activities/055_260110082743.csv,1,1,0,0
fit:04f01143c9c76334dc1f7df426f77ac3e8992091d4090e6b06142aee6f9de488,2026-01-10T09:00:53+00:00,1098,164,120,82,7.354,51.799999999999955,0,fit:04f01143c9c76334dc1f7df426f77ac3e8992091d4090e6b06142aee6f9de488:segment:004,4,5590.0,5480,activities/055_260110082743.csv,1,1,0,0
fit:04f01143c9c76334dc1f7df426f77ac3e8992091d4090e6b06142aee6f9de488,2026-01-10T09:00:54+00:00,1099,131,120,82,7.408,51.39999999999998,0,fit:04f01143c9c76334dc1f7df426f77ac3e8992091d4090e6b06142aee6f9de488:segment:004,4,5591.0,5481,activities/055_260110082743.csv,1,1,0,0
fit:04f01143c9c76334dc1f7df426f77ac3e8992091d4090e6b06142aee6f9de488,2026-01-10T09:00:55+00:00,1100,131,120,83,7.392,51.39999999999998,0,fit:04f01143c9c76334dc1f7df426f77ac3e8992091d4090e6b06142aee6f9de488:segment:004,4,5592.0,5482,activities/055_260110082743.csv,1,1,0,0
fit:04f01143c9c76334dc1f7df426f77ac3e8992091d4090e6b06142aee6f9de488,2026-01-10T09:00:56+00:00,1101,151,120,83,7.312,51.39999999999998,0,fit:04f01143c9c76334dc1f7df426f77ac3e8992091d4090e6b06142aee6f9de488:segment:004,4,5593.0,5483,activities/055_260110082743.csv,1,1,0,0
fit:04f01143c9c76334dc1f7df426f77ac3e8992091d4090e6b06142aee6f9de488,2026-01-10T09:00:57+00:00,1102,129,120,83,7.379,51.39999999999998,0,fit:04f01143c9c76334dc1f7df426f77ac3e8992091d4090e6b06142aee6f9de488:segment:004,4,5594.0,5484,activities/055_260110082743.csv,1,1,0,0
fit:04f01143c9c76334dc1f7df426f77ac3e8992091d4090e6b06142aee6f9de488,2026-01-10T09:00:58+00:00,1103,123,120,84,7.418,51.200000000000045,0,fit:04f01143c9c76334dc1f7df426f77ac3e8992091d4090e6b06142aee6f9de488:segment:004,4,5595.0,5485,activities/055_260110082743.csv,1,1,0,0
fit:04f01143c9c76334dc1f7df426f77ac3e8992091d4090e6b06142aee6f9de488,2026-01-10T09:00:59+00:00,1104,123,120,85,7.503,51.200000000000045,0,fit:04f01143c9c76334dc1f7df426f77ac3e8992091d4090e6b06142aee6f9de488:segment:004,4,5596.0,5486,activities/055_260110082743.csv,1,1,0,0
fit:04f01143c9c76334dc1f7df426f77ac3e8992091d4090e6b06142aee6f9de488,2026-01-10T09:01:00+00:00,1105,43,120,85,7.469,51.200000000000045,0,fit:04f01143c9c76334dc1f7df426f77ac3e8992091d4090e6b06142aee6f9de488:segment:004,4,5597.0,5487,activities/055_260110082743.csv,1,1,0,0
fit:04f01143c9c76334dc1f7df426f77ac3e8992091d4090e6b06142aee6f9de488,2026-01-10T09:01:01+00:00,1106,91,120,38,7.553,51.200000000000045,0,fit:04f01143c9c76334dc1f7df426f77ac3e8992091d4090e6b06142aee6f9de488:segment:004,4,5598.0,5488,activities/055_260110082743.csv,1,1,0,0
fit:04f01143c9c76334dc1f7df426f77ac3e8992091d4090e6b06142aee6f9de488,2026-01-10T09:01:02+00:00,1107,47,119,85,7.523,50.60000000000002,0,fit:04f01143c9c76334dc1f7df426f77ac3e8992091d4090e6b06142aee6f9de488:segment:004,4,5599.0,5489,activities/055_260110082743.csv,1,1,0,0
fit:04f01143c9c76334dc1f7df426f77ac3e8992091d4090e6b06142aee6f9de488,2026-01-10T09:01:03+00:00,1108,90,119,41,7.549,50.60000000000002,0,fit:04f01143c9c76334dc1f7df426f77ac3e8992091d4090e6b06142aee6f9de488:segment:004,4,5600.0,5490,activities/055_260110082743.csv,1,1,0,0
fit:04f01143c9c76334dc1f7df426f77ac3e8992091d4090e6b06142aee6f9de488,2026-01-10T09:01:04+00:00,1109,90,118,87,7.653,50.60000000000002,0,fit:04f01143c9c76334dc1f7df426f77ac3e8992091d4090e6b06142aee6f9de488:segment:004,4,5601.0,5491,activities/055_260110082743.csv,1,1,0,0
fit:04f01143c9c76334dc1f7df426f77ac3e8992091d4090e6b06142aee6f9de488,2026-01-10T09:01:05+00:00,1110,90,118,87,7.708,50.60000000000002,0,fit:04f01143c9c76334dc1f7df426f77ac3e8992091d4090e6b06142aee6f9de488:segment:004,4,5602.0,5492,activities/055_260110082743.csv,1,1,0,0
fit:04f01143c9c76334dc1f7df426f77ac3e8992091d4090e6b06142aee6f9de488,2026-01-10T09:01:06+00:00,1111,90,118,87,7.73,50.200000000000045,0,fit:04f01143c9c76334dc1f7df426f77ac3e8992091d4090e6b06142aee6f9de488:segment:004,4,5603.0,5493,activities/055_260110082743.csv,1,1,0,0
fit:04f01143c9c76334dc1f7df426f77ac3e8992091d4090e6b06142aee6f9de488,2026-01-10T09:01:07+00:00,1112,0,117,87,7.706,50.200000000000045,0,fit:04f01143c9c76334dc1f7df426f77ac3e8992091d4090e6b06142aee6f9de488:segment:004,4,5604.0,5494,activities/055_260110082743.csv,1,1,0,0
fit:04f01143c9c76334dc1f7df426f77ac3e8992091d4090e6b06142aee6f9de488,2026-01-10T09:01:08+00:00,1113,0,117,0,7.671,50.200000000000045,0,fit:04f01143c9c76334dc1f7df426f77ac3e8992091d4090e6b06142aee6f9de488:segment:004,4,5605.0,5495,activities/055_260110082743.csv,1,1,0,0
fit:04f01143c9c76334dc1f7df426f77ac3e8992091d4090e6b06142aee6f9de488,2026-01-10T09:01:09+00:00,1114,0,117,0,7.632,49.200000000000045,0,fit:04f01143c9c76334dc1f7df426f77ac3e8992091d4090e6b06142aee6f9de488:segment:004,4,5606.0,5496,activities/055_260110082743.csv,1,1,0,0
fit:04f01143c9c76334dc1f7df426f77ac3e8992091d4090e6b06142aee6f9de488,2026-01-10T09:01:10+00:00,1115,0,117,0,7.622,49.799999999999955,0,fit:04f01143c9c76334dc1f7df426f77ac3e8992091d4090e6b06142aee6f9de488:segment:004,4,5607.0,5497,activities/055_260110082743.csv,1,1,0,0
fit:04f01143c9c76334dc1f7df426f77ac3e8992091d4090e6b06142aee6f9de488,2026-01-10T09:01:11+00:00,1116,0,117,0,7.593,49.799999999999955,0,fit:04f01143c9c76334dc1f7df426f77ac3e8992091d4090e6b06142aee6f9de488:segment:004,4,5608.0,5498,activities/055_260110082743.csv,1,1,0,0
fit:04f01143c9c76334dc1f7df426f77ac3e8992091d4090e6b06142aee6f9de488,2026-01-10T09:01:12+00:00,1117,0,117,0,7.477,49.799999999999955,0,fit:04f01143c9c76334dc1f7df426f77ac3e8992091d4090e6b06142aee6f9de488:segment:004,4,5609.0,5499,activities/055_260110082743.csv,1,1,0,0
fit:04f01143c9c76334dc1f7df426f77ac3e8992091d4090e6b06142aee6f9de488,2026-01-10T09:01:13+00:00,1118,0,117,0,7.479,48.799999999999955,0,fit:04f01143c9c76334dc1f7df426f77ac3e8992091d4090e6b06142aee6f9de488:segment:004,4,5610.0,5500,activities/055_260110082743.csv,1,1,0,0
fit:04f01143c9c76334dc1f7df426f77ac3e8992091d4090e6b06142aee6f9de488,2026-01-10T09:01:14+00:00,1119,0,116,0,7.102,48.799999999999955,0,fit:04f01143c9c76334dc1f7df426f77ac3e8992091d4090e6b06142aee6f9de488:segment:004,4,5611.0,5501,activities/055_260110082743.csv,1,1,0,0
fit:04f01143c9c76334dc1f7df426f77ac3e8992091d4090e6b06142aee6f9de488,2026-01-10T09:01:15+00:00,1120,0,115,0,6.555,48.799999999999955,0,fit:04f01143c9c76334dc1f7df426f77ac3e8992091d4090e6b06142aee6f9de488:segment:004,4,5612.0,5502,activities/055_260110082743.csv,1,1,0,0
fit:04f01143c9c76334dc1f7df426f77ac3e8992091d4090e6b06142aee6f9de488,2026-01-10T09:01:16+00:00,1121,51,114,0,5.962,48.799999999999955,0,fit:04f01143c9c76334dc1f7df426f77ac3e8992091d4090e6b06142aee6f9de488:segment:004,4,5613.0,5503,activities/055_260110082743.csv,1,1,0,0
fit:04f01143c9c76334dc1f7df426f77ac3e8992091d4090e6b06142aee6f9de488,2026-01-10T09:01:17+00:00,1122,180,114,71,5.97,48.799999999999955,0,fit:04f01143c9c76334dc1f7df426f77ac3e8992091d4090e6b06142aee6f9de488:segment:004,4,5614.0,5504,activities/055_260110082743.csv,1,1,0,0
fit:04f01143c9c76334dc1f7df426f77ac3e8992091d4090e6b06142aee6f9de488,2026-01-10T09:01:18+00:00,1123,160,113,74,6.157,48.39999999999998,0,fit:04f01143c9c76334dc1f7df426f77ac3e8992091d4090e6b06142aee6f9de488:segment:004,4,5615.0,5505,activities/055_260110082743.csv,1,1,0,0
fit:04f01143c9c76334dc1f7df426f77ac3e8992091d4090e6b06142aee6f9de488,2026-01-10T09:01:19+00:00,1124,83,113,77,6.446,48.39999999999998,0,fit:04f01143c9c76334dc1f7df426f77ac3e8992091d4090e6b06142aee6f9de488:segment:004,4,5616.0,5506,activities/055_260110082743.csv,1,1,0,0
fit:04f01143c9c76334dc1f7df426f77ac3e8992091d4090e6b06142aee6f9de488,2026-01-10T09:01:20+00:00,1125,83,112,77,6.736,48.39999999999998,0,fit:04f01143c9c76334dc1f7df426f77ac3e8992091d4090e6b06142aee6f9de488:segment:004,4,5617.0,5507,activities/055_260110082743.csv,1,1,0,0
fit:04f01143c9c76334dc1f7df426f77ac3e8992091d4090e6b06142aee6f9de488,2026-01-10T09:01:21+00:00,1126,83,111,77,6.831,47.60000000000002,0,fit:04f01143c9c76334dc1f7df426f77ac3e8992091d4090e6b06142aee6f9de488:segment:004,4,5618.0,5508,activities/055_260110082743.csv,1,1,0,0
fit:04f01143c9c76334dc1f7df426f77ac3e8992091d4090e6b06142aee6f9de488,2026-01-10T09:01:22+00:00,1127,83,111,77,6.888,47.60000000000002,0,fit:04f01143c9c76334dc1f7df426f77ac3e8992091d4090e6b06142aee6f9de488:segment:004,4,5619.0,5509,activities/055_260110082743.csv,1,1,0,0
fit:04f01143c9c76334dc1f7df426f77ac3e8992091d4090e6b06142aee6f9de488,2026-01-10T09:01:23+00:00,1128,25,111,77,6.908,47.60000000000002,0,fit:04f01143c9c76334dc1f7df426f77ac3e8992091d4090e6b06142aee6f9de488:segment:004,4,5620.0,5510,activities/055_260110082743.csv,1,1,0,0
fit:04f01143c9c76334dc1f7df426f77ac3e8992091d4090e6b06142aee6f9de488,2026-01-10T09:01:24+00:00,1129,90,110,77,6.774,47.60000000000002,0,fit:04f01143c9c76334dc1f7df426f77ac3e8992091d4090e6b06142aee6f9de488:segment:004,4,5621.0,5511,activities/055_260110082743.csv,1,1,0,0
fit:04f01143c9c76334dc1f7df426f77ac3e8992091d4090e6b06142aee6f9de488,2026-01-10T09:01:25+00:00,1130,90,110,78,6.82,47.60000000000002,0,fit:04f01143c9c76334dc1f7df426f77ac3e8992091d4090e6b06142aee6f9de488:segment:004,4,5622.0,5512,activities/055_260110082743.csv,1,1,0,0
fit:04f01143c9c76334dc1f7df426f77ac3e8992091d4090e6b06142aee6f9de488,2026-01-10T09:01:26+00:00,1131,90,106,78,6.865,47.39999999999998,0,fit:04f01143c9c76334dc1f7df426f77ac3e8992091d4090e6b06142aee6f9de488:segment:004,4,5623.0,5513,activities/055_260110082743.csv,1,1,0,0
fit:04f01143c9c76334dc1f7df426f77ac3e8992091d4090e6b06142aee6f9de488,2026-01-10T09:01:27+00:00,1132,90,106,78,6.836,47.39999999999998,0,fit:04f01143c9c76334dc1f7df426f77ac3e8992091d4090e6b06142aee6f9de488:segment:004,4,5624.0,5514,activities/055_260110082743.csv,1,1,0,0
fit:04f01143c9c76334dc1f7df426f77ac3e8992091d4090e6b06142aee6f9de488,2026-01-10T09:01:28+00:00,1133,10,104,78,6.743,47.39999999999998,0,fit:04f01143c9c76334dc1f7df426f77ac3e8992091d4090e6b06142aee6f9de488:segment:004,4,5625.0,5515,activities/055_260110082743.csv,1,1,0,0
fit:04f01143c9c76334dc1f7df426f77ac3e8992091d4090e6b06142aee6f9de488,2026-01-10T09:01:29+00:00,1134,168,102,0,6.666,47.39999999999998,0,fit:04f01143c9c76334dc1f7df426f77ac3e8992091d4090e6b06142aee6f9de488:segment:004,4,5626.0,5516,activities/055_260110082743.csv,1,1,0,0
fit:04f01143c9c76334dc1f7df426f77ac3e8992091d4090e6b06142aee6f9de488,2026-01-10T09:01:30+00:00,1135,183,99,75,6.645,47.60000000000002,0,fit:04f01143c9c76334dc1f7df426f77ac3e8992091d4090e6b06142aee6f9de488:segment:004,4,5627.0,5517,activities/055_260110082743.csv,1,1,0,0
fit:04f01143c9c76334dc1f7df426f77ac3e8992091d4090e6b06142aee6f9de488,2026-01-10T09:01:31+00:00,1136,154,99,76,6.732,47.60000000000002,0,fit:04f01143c9c76334dc1f7df426f77ac3e8992091d4090e6b06142aee6f9de488:segment:004,4,5628.0,5518,activities/055_260110082743.csv,1,1,0,0
fit:04f01143c9c76334dc1f7df426f77ac3e8992091d4090e6b06142aee6f9de488,2026-01-10T09:01:32+00:00,1137,175,96,78,6.786,47.60000000000002,0,fit:04f01143c9c76334dc1f7df426f77ac3e8992091d4090e6b06142aee6f9de488:segment:004,4,5629.0,5519,activities/055_260110082743.csv,1,1,0,0
fit:04f01143c9c76334dc1f7df426f77ac3e8992091d4090e6b06142aee6f9de488,2026-01-10T09:01:33+00:00,1138,96,96,78,6.929,47.200000000000045,0,fit:04f01143c9c76334dc1f7df426f77ac3e8992091d4090e6b06142aee6f9de488:segment:004,4,5630.0,5520,activities/055_260110082743.csv,1,1,0,0
fit:04f01143c9c76334dc1f7df426f77ac3e8992091d4090e6b06142aee6f9de488,2026-01-10T09:01:34+00:00,1139,96,96,79,6.962,47.0,0,fit:04f01143c9c76334dc1f7df426f77ac3e8992091d4090e6b06142aee6f9de488:segment:004,4,5631.0,5521,activities/055_260110082743.csv,1,1,0,0
fit:04f01143c9c76334dc1f7df426f77ac3e8992091d4090e6b06142aee6f9de488,2026-01-10T09:01:35+00:00,1140,96,97,79,7.011,47.0,0,fit:04f01143c9c76334dc1f7df426f77ac3e8992091d4090e6b06142aee6f9de488:segment:004,4,5632.0,5522,activities/055_260110082743.csv,1,1,0,0
fit:04f01143c9c76334dc1f7df426f77ac3e8992091d4090e6b06142aee6f9de488,2026-01-10T09:01:36+00:00,1141,96,98,79,6.944,47.0,0,fit:04f01143c9c76334dc1f7df426f77ac3e8992091d4090e6b06142aee6f9de488:segment:004,4,5633.0,5523,activities/055_260110082743.csv,1,1,0,0
fit:04f01143c9c76334dc1f7df426f77ac3e8992091d4090e6b06142aee6f9de488,2026-01-10T09:01:37+00:00,1142,6,98,0,6.838,47.0,0,fit:04f01143c9c76334dc1f7df426f77ac3e8992091d4090e6b06142aee6f9de488:segment:004,4,5634.0,5524,activities/055_260110082743.csv,1,1,0,0
fit:04f01143c9c76334dc1f7df426f77ac3e8992091d4090e6b06142aee6f9de488,2026-01-10T09:01:38+00:00,1143,6,98,0,6.757,47.200000000000045,0,fit:04f01143c9c76334dc1f7df426f77ac3e8992091d4090e6b06142aee6f9de488:segment:004,4,5635.0,5525,activities/055_260110082743.csv,1,1,0,0
fit:04f01143c9c76334dc1f7df426f77ac3e8992091d4090e6b06142aee6f9de488,2026-01-10T09:01:39+00:00,1144,56,99,0,6.702,47.200000000000045,0,fit:04f01143c9c76334dc1f7df426f77ac3e8992091d4090e6b06142aee6f9de488:segment:004,4,5636.0,5526,activities/055_260110082743.csv,1,1,0,0
fit:04f01143c9c76334dc1f7df426f77ac3e8992091d4090e6b06142aee6f9de488,2026-01-10T09:01:40+00:00,1145,190,100,76,6.689,47.200000000000045,0,fit:04f01143c9c76334dc1f7df426f77ac3e8992091d4090e6b06142aee6f9de488:segment:004,4,5637.0,5527,activities/055_260110082743.csv,1,1,0,0
fit:04f01143c9c76334dc1f7df426f77ac3e8992091d4090e6b06142aee6f9de488,2026-01-10T09:01:41+00:00,1146,190,101,78,6.788,47.200000000000045,0,fit:04f01143c9c76334dc1f7df426f77ac3e8992091d4090e6b06142aee6f9de488:segment:004,4,5638.0,5528,activities/055_260110082743.csv,1,1,0,0
fit:04f01143c9c76334dc1f7df426f77ac3e8992091d4090e6b06142aee6f9de488,2026-01-10T09:01:42+00:00,1147,198,101,78,6.875,47.0,0,fit:04f01143c9c76334dc1f7df426f77ac3e8992091d4090e6b06142aee6f9de488:segment:004,4,5639.0,5529,activities/055_260110082743.csv,1,1,0,0
fit:04f01143c9c76334dc1f7df426f77ac3e8992091d4090e6b06142aee6f9de488,2026-01-10T09:01:43+00:00,1148,164,102,80,6.969,47.0,0,fit:04f01143c9c76334dc1f7df426f77ac3e8992091d4090e6b06142aee6f9de488:segment:004,4,5640.0,5530,activities/055_260110082743.csv,1,1,0,0
fit:04f01143c9c76334dc1f7df426f77ac3e8992091d4090e6b06142aee6f9de488,2026-01-10T09:01:44+00:00,1149,160,103,81,7.135,47.0,0,fit:04f01143c9c76334dc1f7df426f77ac3e8992091d4090e6b06142aee6f9de488:segment:004,4,5641.0,5531,activities/055_260110082743.csv,1,1,0,0
fit:04f01143c9c76334dc1f7df426f77ac3e8992091d4090e6b06142aee6f9de488,2026-01-10T09:01:45+00:00,1150,194,106,82,7.229,47.0,0,fit:04f01143c9c76334dc1f7df426f77ac3e8992091d4090e6b06142aee6f9de488:segment:004,4,5642.0,5532,activities/055_260110082743.csv,1,1,0,0
fit:04f01143c9c76334dc1f7df426f77ac3e8992091d4090e6b06142aee6f9de488,2026-01-10T09:01:46+00:00,1151,228,109,83,7.317,47.200000000000045,0,fit:04f01143c9c76334dc1f7df426f77ac3e8992091d4090e6b06142aee6f9de488:segment:004,4,5643.0,5533,activities/055_260110082743.csv,1,1,0,0
fit:04f01143c9c76334dc1f7df426f77ac3e8992091d4090e6b06142aee6f9de488,2026-01-10T09:01:47+00:00,1152,179,111,84,7.369,47.200000000000045,0,fit:04f01143c9c76334dc1f7df426f77ac3e8992091d4090e6b06142aee6f9de488:segment:004,4,5644.0,5534,activities/055_260110082743.csv,1,1,0,0
fit:04f01143c9c76334dc1f7df426f77ac3e8992091d4090e6b06142aee6f9de488,2026-01-10T09:01:48+00:00,1153,160,113,85,7.478,47.200000000000045,0,fit:04f01143c9c76334dc1f7df426f77ac3e8992091d4090e6b06142aee6f9de488:segment:004,4,5645.0,5535,activities/055_260110082743.csv,1,1,0,0
fit:04f01143c9c76334dc1f7df426f77ac3e8992091d4090e6b06142aee6f9de488,2026-01-10T09:01:49+00:00,1154,160,114,86,7.605,47.200000000000045,0,fit:04f01143c9c76334dc1f7df426f77ac3e8992091d4090e6b06142aee6f9de488:segment:004,4,5646.0,5536,activities/055_260110082743.csv,1,1,0,0
fit:04f01143c9c76334dc1f7df426f77ac3e8992091d4090e6b06142aee6f9de488,2026-01-10T09:01:50+00:00,1155,146,114,86,7.669,47.0,0,fit:04f01143c9c76334dc1f7df426f77ac3e8992091d4090e6b06142aee6f9de488:segment:004,4,5647.0,5537,activities/055_260110082743.csv,1,1,0,0
fit:04f01143c9c76334dc1f7df426f77ac3e8992091d4090e6b06142aee6f9de488,2026-01-10T09:01:51+00:00,1156,141,115,87,7.693,47.0,0,fit:04f01143c9c76334dc1f7df426f77ac3e8992091d4090e6b06142aee6f9de488:segment:004,4,5648.0,5538,activities/055_260110082743.csv,1,1,0,0
fit:04f01143c9c76334dc1f7df426f77ac3e8992091d4090e6b06142aee6f9de488,2026-01-10T09:01:52+00:00,1157,156,115,87,7.652,47.0,0,fit:04f01143c9c76334dc1f7df426f77ac3e8992091d4090e6b06142aee6f9de488:segment:004,4,5649.0,5539,activities/055_260110082743.csv,1,1,0,0
fit:04f01143c9c76334dc1f7df426f77ac3e8992091d4090e6b06142aee6f9de488,2026-01-10T09:01:53+00:00,1158,151,115,87,7.694,46.60000000000002,0,fit:04f01143c9c76334dc1f7df426f77ac3e8992091d4090e6b06142aee6f9de488:segment:004,4,5650.0,5540,activities/055_260110082743.csv,1,1,0,0
fit:04f01143c9c76334dc1f7df426f77ac3e8992091d4090e6b06142aee6f9de488,2026-01-10T09:01:54+00:00,1159,138,115,87,7.703,46.799999999999955,0,fit:04f01143c9c76334dc1f7df426f77ac3e8992091d4090e6b06142aee6f9de488:segment:004,4,5651.0,5541,activities/055_260110082743.csv,1,1,0,0
fit:04f01143c9c76334dc1f7df426f77ac3e8992091d4090e6b06142aee6f9de488,2026-01-10T09:01:55+00:00,1160,151,116,86,7.714,46.799999999999955,0,fit:04f01143c9c76334dc1f7df426f77ac3e8992091d4090e6b06142aee6f9de488:segment:004,4,5652.0,5542,activities/055_260110082743.csv,1,1,0,0
fit:04f01143c9c76334dc1f7df426f77ac3e8992091d4090e6b06142aee6f9de488,2026-01-10T09:01:56+00:00,1161,128,116,86,7.704,46.799999999999955,0,fit:04f01143c9c76334dc1f7df426f77ac3e8992091d4090e6b06142aee6f9de488:segment:004,4,5653.0,5543,activities/055_260110082743.csv,1,1,0,0
fit:04f01143c9c76334dc1f7df426f77ac3e8992091d4090e6b06142aee6f9de488,2026-01-10T09:01:57+00:00,1162,129,117,86,7.737,46.799999999999955,0,fit:04f01143c9c76334dc1f7df426f77ac3e8992091d4090e6b06142aee6f9de488:segment:004,4,5654.0,5544,activities/055_260110082743.csv,1,1,0,0
fit:04f01143c9c76334dc1f7df426f77ac3e8992091d4090e6b06142aee6f9de488,2026-01-10T09:01:58+00:00,1163,129,117,86,7.762,46.60000000000002,0,fit:04f01143c9c76334dc1f7df426f77ac3e8992091d4090e6b06142aee6f9de488:segment:004,4,5655.0,5545,activities/055_260110082743.csv,1,1,0,0
fit:04f01143c9c76334dc1f7df426f77ac3e8992091d4090e6b06142aee6f9de488,2026-01-10T09:01:59+00:00,1164,129,117,86,7.676,46.60000000000002,0,fit:04f01143c9c76334dc1f7df426f77ac3e8992091d4090e6b06142aee6f9de488:segment:004,4,5656.0,5546,activities/055_260110082743.csv,1,1,0,0
fit:04f01143c9c76334dc1f7df426f77ac3e8992091d4090e6b06142aee6f9de488,2026-01-10T09:02:00+00:00,1165,129,117,86,7.544,46.60000000000002,0,fit:04f01143c9c76334dc1f7df426f77ac3e8992091d4090e6b06142aee6f9de488:segment:004,4,5657.0,5547,activities/055_260110082743.csv,1,1,0,0
fit:04f01143c9c76334dc1f7df426f77ac3e8992091d4090e6b06142aee6f9de488,2026-01-10T09:02:01+00:00,1166,0,116,86,7.39,47.0,0,fit:04f01143c9c76334dc1f7df426f77ac3e8992091d4090e6b06142aee6f9de488:segment:004,4,5658.0,5548,activities/055_260110082743.csv,1,1,0,0
fit:04f01143c9c76334dc1f7df426f77ac3e8992091d4090e6b06142aee6f9de488,2026-01-10T09:02:02+00:00,1167,0,115,0,7.138,47.0,0,fit:04f01143c9c76334dc1f7df426f77ac3e8992091d4090e6b06142aee6f9de488:segment:004,4,5659.0,5549,activities/055_260110082743.csv,1,1,0,0
fit:04f01143c9c76334dc1f7df426f77ac3e8992091d4090e6b06142aee6f9de488,2026-01-10T09:02:03+00:00,1168,0,115,0,6.734,47.0,0,fit:04f01143c9c76334dc1f7df426f77ac3e8992091d4090e6b06142aee6f9de488:segment:004,4,5660.0,5550,activities/055_260110082743.csv,1,1,0,0
fit:04f01143c9c76334dc1f7df426f77ac3e8992091d4090e6b06142aee6f9de488,2026-01-10T09:02:04+00:00,1169,141,114,0,6.354,47.0,0,fit:04f01143c9c76334dc1f7df426f77ac3e8992091d4090e6b06142aee6f9de488:segment:004,4,5661.0,5551,activities/055_260110082743.csv,1,1,0,0
fit:04f01143c9c76334dc1f7df426f77ac3e8992091d4090e6b06142aee6f9de488,2026-01-10T09:02:05+00:00,1170,291,113,44,6.062,47.200000000000045,0,fit:04f01143c9c76334dc1f7df426f77ac3e8992091d4090e6b06142aee6f9de488:segment:004,4,5662.0,5552,activities/055_260110082743.csv,1,1,0,0
fit:04f01143c9c76334dc1f7df426f77ac3e8992091d4090e6b06142aee6f9de488,2026-01-10T09:02:06+00:00,1171,238,112,70,6.084,47.200000000000045,0,fit:04f01143c9c76334dc1f7df426f77ac3e8992091d4090e6b06142aee6f9de488:segment:004,4,5663.0,5553,activities/055_260110082743.csv,1,1,0,0
fit:04f01143c9c76334dc1f7df426f77ac3e8992091d4090e6b06142aee6f9de488,2026-01-10T09:02:07+00:00,1172,238,112,71,6.095,47.200000000000045,0,fit:04f01143c9c76334dc1f7df426f77ac3e8992091d4090e6b06142aee6f9de488:segment:004,4,5664.0,5554,activities/055_260110082743.csv,1,1,0,0
fit:04f01143c9c76334dc1f7df426f77ac3e8992091d4090e6b06142aee6f9de488,2026-01-10T09:02:08+00:00,1173,238,111,71,6.266,47.200000000000045,0,fit:04f01143c9c76334dc1f7df426f77ac3e8992091d4090e6b06142aee6f9de488:segment:004,4,5665.0,5555,activities/055_260110082743.csv,1,1,0,0
fit:04f01143c9c76334dc1f7df426f77ac3e8992091d4090e6b06142aee6f9de488,2026-01-10T09:02:09+00:00,1174,44,111,71,6.533,47.200000000000045,0,fit:04f01143c9c76334dc1f7df426f77ac3e8992091d4090e6b06142aee6f9de488:segment:004,4,5666.0,5556,activities/055_260110082743.csv,1,1,0,0
fit:04f01143c9c76334dc1f7df426f77ac3e8992091d4090e6b06142aee6f9de488,2026-01-10T09:02:10+00:00,1175,45,110,25,6.477,47.0,0,fit:04f01143c9c76334dc1f7df426f77ac3e8992091d4090e6b06142aee6f9de488:segment:004,4,5667.0,5557,activities/055_260110082743.csv,1,1,0,0
fit:04f01143c9c76334dc1f7df426f77ac3e8992091d4090e6b06142aee6f9de488,2026-01-10T09:02:11+00:00,1176,45,110,25,6.333,47.0,0,fit:04f01143c9c76334dc1f7df426f77ac3e8992091d4090e6b06142aee6f9de488:segment:004,4,5668.0,5558,activities/055_260110082743.csv,1,1,0,0
fit:04f01143c9c76334dc1f7df426f77ac3e8992091d4090e6b06142aee6f9de488,2026-01-10T09:02:12+00:00,1177,45,110,25,6.005,47.0,0,fit:04f01143c9c76334dc1f7df426f77ac3e8992091d4090e6b06142aee6f9de488:segment:004,4,5669.0,5559,activities/055_260110082743.csv,1,1,0,0
fit:04f01143c9c76334dc1f7df426f77ac3e8992091d4090e6b06142aee6f9de488,2026-01-10T09:02:13+00:00,1178,42,110,25,5.712,47.200000000000045,0,fit:04f01143c9c76334dc1f7df426f77ac3e8992091d4090e6b06142aee6f9de488:segment:004,4,5670.0,5560,activities/055_260110082743.csv,1,1,0,0
fit:04f01143c9c76334dc1f7df426f77ac3e8992091d4090e6b06142aee6f9de488,2026-01-10T09:02:14+00:00,1179,0,110,24,5.201,47.200000000000045,0,fit:04f01143c9c76334dc1f7df426f77ac3e8992091d4090e6b06142aee6f9de488:segment:004,4,5671.0,5561,activities/055_260110082743.csv,1,1,0,0
fit:04f01143c9c76334dc1f7df426f77ac3e8992091d4090e6b06142aee6f9de488,2026-01-10T09:02:15+00:00,1180,0,110,0,4.678,47.200000000000045,0,fit:04f01143c9c76334dc1f7df426f77ac3e8992091d4090e6b06142aee6f9de488:segment:004,4,5672.0,5562,activities/055_260110082743.csv,1,1,0,0
fit:04f01143c9c76334dc1f7df426f77ac3e8992091d4090e6b06142aee6f9de488,2026-01-10T09:02:16+00:00,1181,0,110,0,3.97,47.200000000000045,0,fit:04f01143c9c76334dc1f7df426f77ac3e8992091d4090e6b06142aee6f9de488:segment:004,4,5673.0,5563,activities/055_260110082743.csv,1,1,0,0
fit:04f01143c9c76334dc1f7df426f77ac3e8992091d4090e6b06142aee6f9de488,2026-01-10T09:02:17+00:00,1182,0,110,0,3.206,48.0,0,fit:04f01143c9c76334dc1f7df426f77ac3e8992091d4090e6b06142aee6f9de488:segment:004,4,5674.0,5564,activities/055_260110082743.csv,1,1,0,0
fit:04f01143c9c76334dc1f7df426f77ac3e8992091d4090e6b06142aee6f9de488,2026-01-10T09:02:18+00:00,1183,0,109,0,2.711,47.799999999999955,0,fit:04f01143c9c76334dc1f7df426f77ac3e8992091d4090e6b06142aee6f9de488:segment:004,4,5675.0,5565,activities/055_260110082743.csv,1,1,0,0
fit:04f01143c9c76334dc1f7df426f77ac3e8992091d4090e6b06142aee6f9de488,2026-01-10T09:02:19+00:00,1184,0,109,0,2.344,47.799999999999955,0,fit:04f01143c9c76334dc1f7df426f77ac3e8992091d4090e6b06142aee6f9de488:segment:004,4,5676.0,5566,activities/055_260110082743.csv,1,1,0,0
fit:04f01143c9c76334dc1f7df426f77ac3e8992091d4090e6b06142aee6f9de488,2026-01-10T09:02:20+00:00,1185,0,107,0,2.031,47.799999999999955,0,fit:04f01143c9c76334dc1f7df426f77ac3e8992091d4090e6b06142aee6f9de488:segment:004,4,5677.0,5567,activities/055_260110082743.csv,1,1,0,0
fit:04f01143c9c76334dc1f7df426f77ac3e8992091d4090e6b06142aee6f9de488,2026-01-10T09:02:21+00:00,1186,0,107,0,1.778,47.799999999999955,0,fit:04f01143c9c76334dc1f7df426f77ac3e8992091d4090e6b06142aee6f9de488:segment:004,4,5678.0,5568,activities/055_260110082743.csv,1,1,0,0
fit:04f01143c9c76334dc1f7df426f77ac3e8992091d4090e6b06142aee6f9de488,2026-01-10T09:02:22+00:00,1187,0,106,0,1.628,48.0,0,fit:04f01143c9c76334dc1f7df426f77ac3e8992091d4090e6b06142aee6f9de488:segment:004,4,5679.0,5569,activities/055_260110082743.csv,1,1,0,0
fit:04f01143c9c76334dc1f7df426f77ac3e8992091d4090e6b06142aee6f9de488,2026-01-10T09:02:23+00:00,1188,0,104,0,1.442,48.0,0,fit:04f01143c9c76334dc1f7df426f77ac3e8992091d4090e6b06142aee6f9de488:segment:004,4,5680.0,5570,activities/055_260110082743.csv,1,1,0,0
fit:04f01143c9c76334dc1f7df426f77ac3e8992091d4090e6b06142aee6f9de488,2026-01-10T09:02:24+00:00,1189,0,103,0,1.308,48.0,0,fit:04f01143c9c76334dc1f7df426f77ac3e8992091d4090e6b06142aee6f9de488:segment:004,4,5681.0,5571,activities/055_260110082743.csv,1,1,0,0
fit:04f01143c9c76334dc1f7df426f77ac3e8992091d4090e6b06142aee6f9de488,2026-01-10T09:02:25+00:00,1190,0,101,0,1.166,48.0,0,fit:04f01143c9c76334dc1f7df426f77ac3e8992091d4090e6b06142aee6f9de488:segment:004,4,5682.0,5572,activities/055_260110082743.csv,1,1,0,0
fit:04f01143c9c76334dc1f7df426f77ac3e8992091d4090e6b06142aee6f9de488,2026-01-10T09:02:26+00:00,1191,0,101,0,0.0,47.60000000000002,0,fit:04f01143c9c76334dc1f7df426f77ac3e8992091d4090e6b06142aee6f9de488:segment:004,4,5683.0,5573,activities/055_260110082743.csv,1,1,0,0
