activity_id,timestamp,elapsed_seconds,power_w,heart_rate_bpm,cadence_rpm,speed_m_s,altitude_m,temperature_c,segment_id,segment_number,source_elapsed_seconds,source_row_index,source_file,activity_split,segment_selected_from_activity,power_missing,hr_missing
fit:80de1342a3e9944829ab101957c8eddffd3d18cb805507bed707b0e306d3b433,2026-08-01T06:10:48+00:00,0,0,113,0,1.801,474.6,21,fit:80de1342a3e9944829ab101957c8eddffd3d18cb805507bed707b0e306d3b433:segment:004,4,7336.0,7117,activities/108_260801060832.csv,1,1,0,0
fit:80de1342a3e9944829ab101957c8eddffd3d18cb805507bed707b0e306d3b433,2026-08-01T06:10:49+00:00,1,216,115,0,1.981,474.6,21,fit:80de1342a3e9944829ab101957c8eddffd3d18cb805507bed707b0e306d3b433:segment:004,4,7337.0,7118,activities/108_260801060832.csv,1,1,0,0
fit:80de1342a3e9944829ab101957c8eddffd3d18cb805507bed707b0e306d3b433,2026-08-01T06:10:50+00:00,2,254,115,36,2.099,474.6,21,fit:80de1342a3e9944829ab101957c8eddffd3d18cb805507bed707b0e306d3b433:segment:004,4,7338.0,7119,activities/108_260801060832.csv,1,1,0,0
fit:80de1342a3e9944829ab101957c8eddffd3d18cb805507bed707b0e306d3b433,2026-08-01T06:10:51+00:00,3,254,115,46,2.359,474.6,21,fit:80de1342a3e9944829ab101957c8eddffd3d18cb805507bed707b0e306d3b433:segment:004,4,7339.0,7120,activities/108_260801060832.csv,1,1,0,0
fit:80de1342a3e9944829ab101957c8eddffd3d18cb805507bed707b0e306d3b433,2026-08-01T06:10:52+00:00,4,247,116,46,2.841,475.0,21,fit:80de1342a3e9944829ab101957c8eddffd3d18cb805507bed707b0e306d3b433:segment:004,4,7340.0,7121,activities/108_260801060832.csv,1,1,0,0
fit:80de1342a3e9944829ab101957c8eddffd3d18cb805507bed707b0e306d3b433,2026-08-01T06:10:53+00:00,5,380,118,49,3.09,475.20000000000005,21,fit:80de1342a3e9944829ab101957c8eddffd3d18cb805507bed707b0e306d3b433:segment:004,4,7341.0,7122,activities/108_260801060832.csv,1,1,0,0
fit:80de1342a3e9944829ab101957c8eddffd3d18cb805507bed707b0e306d3b433,2026-08-01T06:10:54+00:00,6,380,119,55,3.432,475.4,21,fit:80de1342a3e9944829ab101957c8eddffd3d18cb805507bed707b0e306d3b433:segment:004,4,7342.0,7123,activities/108_260801060832.csv,1,1,0,0
fit:80de1342a3e9944829ab101957c8eddffd3d18cb805507bed707b0e306d3b433,2026-08-01T06:10:55+00:00,7,307,119,55,3.829,475.4,21,fit:80de1342a3e9944829ab101957c8eddffd3d18cb805507bed707b0e306d3b433:segment:004,4,7343.0,7124,activities/108_260801060832.csv,1,1,0,0
fit:80de1342a3e9944829ab101957c8eddffd3d18cb805507bed707b0e306d3b433,2026-08-01T06:10:56+00:00,8,308,120,71,4.19,475.4,21,fit:80de1342a3e9944829ab101957c8eddffd3d18cb805507bed707b0e306d3b433:segment:004,4,7344.0,7125,activities/108_260801060832.csv,1,1,0,0
fit:80de1342a3e9944829ab101957c8eddffd3d18cb805507bed707b0e306d3b433,2026-08-01T06:10:57+00:00,9,291,122,71,4.537,475.4,21,fit:80de1342a3e9944829ab101957c8eddffd3d18cb805507bed707b0e306d3b433:segment:004,4,7345.0,7126,activities/108_260801060832.csv,1,1,0,0
fit:80de1342a3e9944829ab101957c8eddffd3d18cb805507bed707b0e306d3b433,2026-08-01T06:10:58+00:00,10,280,123,73,4.654,475.4,21,fit:80de1342a3e9944829ab101957c8eddffd3d18cb805507bed707b0e306d3b433:segment:004,4,7346.0,7127,activities/108_260801060832.csv,1,1,0,0
fit:80de1342a3e9944829ab101957c8eddffd3d18cb805507bed707b0e306d3b433,2026-08-01T06:10:59+00:00,11,328,123,78,4.867,476.4,21,fit:80de1342a3e9944829ab101957c8eddffd3d18cb805507bed707b0e306d3b433:segment:004,4,7347.0,7128,activities/108_260801060832.csv,1,1,0,0
fit:80de1342a3e9944829ab101957c8eddffd3d18cb805507bed707b0e306d3b433,2026-08-01T06:11:00+00:00,12,304,125,79,5.158,476.6,21,fit:80de1342a3e9944829ab101957c8eddffd3d18cb805507bed707b0e306d3b433:segment:004,4,7348.0,7129,activities/108_260801060832.csv,1,1,0,0
fit:80de1342a3e9944829ab101957c8eddffd3d18cb805507bed707b0e306d3b433,2026-08-01T06:11:01+00:00,13,304,125,79,5.16,476.6,21,fit:80de1342a3e9944829ab101957c8eddffd3d18cb805507bed707b0e306d3b433:segment:004,4,7349.0,7130,activities/108_260801060832.csv,1,1,0,0
fit:80de1342a3e9944829ab101957c8eddffd3d18cb805507bed707b0e306d3b433,2026-08-01T06:11:02+00:00,14,266,128,79,5.233,477.0,21,fit:80de1342a3e9944829ab101957c8eddffd3d18cb805507bed707b0e306d3b433:segment:004,4,7350.0,7131,activities/108_260801060832.csv,1,1,0,0
fit:80de1342a3e9944829ab101957c8eddffd3d18cb805507bed707b0e306d3b433,2026-08-01T06:11:03+00:00,15,255,128,79,5.302,477.20000000000005,21,fit:80de1342a3e9944829ab101957c8eddffd3d18cb805507bed707b0e306d3b433:segment:004,4,7351.0,7132,activities/108_260801060832.csv,1,1,0,0
fit:80de1342a3e9944829ab101957c8eddffd3d18cb805507bed707b0e306d3b433,2026-08-01T06:11:04+00:00,16,253,130,79,5.187,477.79999999999995,21,fit:80de1342a3e9944829ab101957c8eddffd3d18cb805507bed707b0e306d3b433:segment:004,4,7352.0,7133,activities/108_260801060832.csv,1,1,0,0
fit:80de1342a3e9944829ab101957c8eddffd3d18cb805507bed707b0e306d3b433,2026-08-01T06:11:05+00:00,17,224,131,78,5.163,477.79999999999995,21,fit:80de1342a3e9944829ab101957c8eddffd3d18cb805507bed707b0e306d3b433:segment:004,4,7353.0,7134,activities/108_260801060832.csv,1,1,0,0
fit:80de1342a3e9944829ab101957c8eddffd3d18cb805507bed707b0e306d3b433,2026-08-01T06:11:06+00:00,18,225,132,77,5.135,477.79999999999995,21,fit:80de1342a3e9944829ab101957c8eddffd3d18cb805507bed707b0e306d3b433:segment:004,4,7354.0,7135,activities/108_260801060832.csv,1,1,0,0
fit:80de1342a3e9944829ab101957c8eddffd3d18cb805507bed707b0e306d3b433,2026-08-01T06:11:07+00:00,19,229,132,77,5.137,477.79999999999995,21,fit:80de1342a3e9944829ab101957c8eddffd3d18cb805507bed707b0e306d3b433:segment:004,4,7355.0,7136,activities/108_260801060832.csv,1,1,0,0
fit:80de1342a3e9944829ab101957c8eddffd3d18cb805507bed707b0e306d3b433,2026-08-01T06:11:08+00:00,20,214,134,76,5.108,477.79999999999995,21,fit:80de1342a3e9944829ab101957c8eddffd3d18cb805507bed707b0e306d3b433:segment:004,4,7356.0,7137,activities/108_260801060832.csv,1,1,0,0
fit:80de1342a3e9944829ab101957c8eddffd3d18cb805507bed707b0e306d3b433,2026-08-01T06:11:09+00:00,21,228,135,75,5.025,478.79999999999995,21,fit:80de1342a3e9944829ab101957c8eddffd3d18cb805507bed707b0e306d3b433:segment:004,4,7357.0,7138,activities/108_260801060832.csv,1,1,0,0
fit:80de1342a3e9944829ab101957c8eddffd3d18cb805507bed707b0e306d3b433,2026-08-01T06:11:10+00:00,22,224,137,75,5.026,478.79999999999995,21,fit:80de1342a3e9944829ab101957c8eddffd3d18cb805507bed707b0e306d3b433:segment:004,4,7358.0,7139,activities/108_260801060832.csv,1,1,0,0
fit:80de1342a3e9944829ab101957c8eddffd3d18cb805507bed707b0e306d3b433,2026-08-01T06:11:11+00:00,23,231,138,73,4.975,478.79999999999995,21,fit:80de1342a3e9944829ab101957c8eddffd3d18cb805507bed707b0e306d3b433:segment:004,4,7359.0,7140,activities/108_260801060832.csv,1,1,0,0
fit:80de1342a3e9944829ab101957c8eddffd3d18cb805507bed707b0e306d3b433,2026-08-01T06:11:12+00:00,24,287,138,72,4.784,478.79999999999995,21,fit:80de1342a3e9944829ab101957c8eddffd3d18cb805507bed707b0e306d3b433:segment:004,4,7360.0,7141,activities/108_260801060832.csv,1,1,0,0
fit:80de1342a3e9944829ab101957c8eddffd3d18cb805507bed707b0e306d3b433,2026-08-01T06:11:13+00:00,25,293,139,71,4.694,479.79999999999995,22,fit:80de1342a3e9944829ab101957c8eddffd3d18cb805507bed707b0e306d3b433:segment:004,4,7361.0,7142,activities/108_260801060832.csv,1,1,0,0
fit:80de1342a3e9944829ab101957c8eddffd3d18cb805507bed707b0e306d3b433,2026-08-01T06:11:14+00:00,26,293,140,72,4.673,479.79999999999995,22,fit:80de1342a3e9944829ab101957c8eddffd3d18cb805507bed707b0e306d3b433:segment:004,4,7362.0,7143,activities/108_260801060832.csv,1,1,0,0
fit:80de1342a3e9944829ab101957c8eddffd3d18cb805507bed707b0e306d3b433,2026-08-01T06:11:15+00:00,27,291,141,72,4.771,479.79999999999995,22,fit:80de1342a3e9944829ab101957c8eddffd3d18cb805507bed707b0e306d3b433:segment:004,4,7363.0,7144,activities/108_260801060832.csv,1,1,0,0
fit:80de1342a3e9944829ab101957c8eddffd3d18cb805507bed707b0e306d3b433,2026-08-01T06:11:16+00:00,28,291,141,75,4.934,479.79999999999995,22,fit:80de1342a3e9944829ab101957c8eddffd3d18cb805507bed707b0e306d3b433:segment:004,4,7364.0,7145,activities/108_260801060832.csv,1,1,0,0
fit:80de1342a3e9944829ab101957c8eddffd3d18cb805507bed707b0e306d3b433,2026-08-01T06:11:17+00:00,29,300,142,75,4.935,479.79999999999995,22,fit:80de1342a3e9944829ab101957c8eddffd3d18cb805507bed707b0e306d3b433:segment:004,4,7365.0,7146,activities/108_260801060832.csv,1,1,0,0
fit:80de1342a3e9944829ab101957c8eddffd3d18cb805507bed707b0e306d3b433,2026-08-01T06:11:18+00:00,30,284,144,78,5.038,480.0,22,fit:80de1342a3e9944829ab101957c8eddffd3d18cb805507bed707b0e306d3b433:segment:004,4,7366.0,7147,activities/108_260801060832.csv,1,1,0,0
fit:80de1342a3e9944829ab101957c8eddffd3d18cb805507bed707b0e306d3b433,2026-08-01T06:11:19+00:00,31,339,146,80,5.205,480.0,22,fit:80de1342a3e9944829ab101957c8eddffd3d18cb805507bed707b0e306d3b433:segment:004,4,7367.0,7148,activities/108_260801060832.csv,1,1,0,0
fit:80de1342a3e9944829ab101957c8eddffd3d18cb805507bed707b0e306d3b433,2026-08-01T06:11:20+00:00,32,339,148,80,5.333,480.0,22,fit:80de1342a3e9944829ab101957c8eddffd3d18cb805507bed707b0e306d3b433:segment:004,4,7368.0,7149,activities/108_260801060832.csv,1,1,0,0
fit:80de1342a3e9944829ab101957c8eddffd3d18cb805507bed707b0e306d3b433,2026-08-01T06:11:21+00:00,33,283,150,80,5.16,480.0,22,fit:80de1342a3e9944829ab101957c8eddffd3d18cb805507bed707b0e306d3b433:segment:004,4,7369.0,7150,activities/108_260801060832.csv,1,1,0,0
fit:80de1342a3e9944829ab101957c8eddffd3d18cb805507bed707b0e306d3b433,2026-08-01T06:11:22+00:00,34,303,150,83,5.168,481.0,22,fit:80de1342a3e9944829ab101957c8eddffd3d18cb805507bed707b0e306d3b433:segment:004,4,7370.0,7151,activities/108_260801060832.csv,1,1,0,0
fit:80de1342a3e9944829ab101957c8eddffd3d18cb805507bed707b0e306d3b433,2026-08-01T06:11:23+00:00,35,303,152,83,5.331,481.0,22,fit:80de1342a3e9944829ab101957c8eddffd3d18cb805507bed707b0e306d3b433:segment:004,4,7371.0,7152,activities/108_260801060832.csv,1,1,0,0
fit:80de1342a3e9944829ab101957c8eddffd3d18cb805507bed707b0e306d3b433,2026-08-01T06:11:24+00:00,36,287,154,83,5.382,481.0,22,fit:80de1342a3e9944829ab101957c8eddffd3d18cb805507bed707b0e306d3b433:segment:004,4,7372.0,7153,activities/108_260801060832.csv,1,1,0,0
fit:80de1342a3e9944829ab101957c8eddffd3d18cb805507bed707b0e306d3b433,2026-08-01T06:11:25+00:00,37,275,156,83,5.453,481.0,22,fit:80de1342a3e9944829ab101957c8eddffd3d18cb805507bed707b0e306d3b433:segment:004,4,7373.0,7154,activities/108_260801060832.csv,1,1,0,0
fit:80de1342a3e9944829ab101957c8eddffd3d18cb805507bed707b0e306d3b433,2026-08-01T06:11:26+00:00,38,275,158,83,5.44,481.79999999999995,22,fit:80de1342a3e9944829ab101957c8eddffd3d18cb805507bed707b0e306d3b433:segment:004,4,7374.0,7155,activities/108_260801060832.csv,1,1,0,0
fit:80de1342a3e9944829ab101957c8eddffd3d18cb805507bed707b0e306d3b433,2026-08-01T06:11:27+00:00,39,260,160,83,5.423,482.20000000000005,22,fit:80de1342a3e9944829ab101957c8eddffd3d18cb805507bed707b0e306d3b433:segment:004,4,7375.0,7156,activities/108_260801060832.csv,1,1,0,0
fit:80de1342a3e9944829ab101957c8eddffd3d18cb805507bed707b0e306d3b433,2026-08-01T06:11:28+00:00,40,267,161,83,5.385,482.20000000000005,22,fit:80de1342a3e9944829ab101957c8eddffd3d18cb805507bed707b0e306d3b433:segment:004,4,7376.0,7157,activities/108_260801060832.csv,1,1,0,0
fit:80de1342a3e9944829ab101957c8eddffd3d18cb805507bed707b0e306d3b433,2026-08-01T06:11:29+00:00,41,272,163,83,5.449,482.20000000000005,22,fit:80de1342a3e9944829ab101957c8eddffd3d18cb805507bed707b0e306d3b433:segment:004,4,7377.0,7158,activities/108_260801060832.csv,1,1,0,0
fit:80de1342a3e9944829ab101957c8eddffd3d18cb805507bed707b0e306d3b433,2026-08-01T06:11:30+00:00,42,193,164,84,5.587,482.20000000000005,22,fit:80de1342a3e9944829ab101957c8eddffd3d18cb805507bed707b0e306d3b433:segment:004,4,7378.0,7159,activities/108_260801060832.csv,1,1,0,0
fit:80de1342a3e9944829ab101957c8eddffd3d18cb805507bed707b0e306d3b433,2026-08-01T06:11:31+00:00,43,40,164,83,5.625,482.20000000000005,22,fit:80de1342a3e9944829ab101957c8eddffd3d18cb805507bed707b0e306d3b433:segment:004,4,7379.0,7160,activities/108_260801060832.csv,1,1,0,0
fit:80de1342a3e9944829ab101957c8eddffd3d18cb805507bed707b0e306d3b433,2026-08-01T06:11:32+00:00,44,39,166,80,5.418,482.20000000000005,22,fit:80de1342a3e9944829ab101957c8eddffd3d18cb805507bed707b0e306d3b433:segment:004,4,7380.0,7161,activities/108_260801060832.csv,1,1,0,0
fit:80de1342a3e9944829ab101957c8eddffd3d18cb805507bed707b0e306d3b433,2026-08-01T06:11:33+00:00,45,100,167,70,5.107,482.20000000000005,22,fit:80de1342a3e9944829ab101957c8eddffd3d18cb805507bed707b0e306d3b433:segment:004,4,7381.0,7162,activities/108_260801060832.csv,1,1,0,0
fit:80de1342a3e9944829ab101957c8eddffd3d18cb805507bed707b0e306d3b433,2026-08-01T06:11:34+00:00,46,262,167,70,4.873,483.20000000000005,22,fit:80de1342a3e9944829ab101957c8eddffd3d18cb805507bed707b0e306d3b433:segment:004,4,7382.0,7163,activities/108_260801060832.csv,1,1,0,0
fit:80de1342a3e9944829ab101957c8eddffd3d18cb805507bed707b0e306d3b433,2026-08-01T06:11:35+00:00,47,263,168,69,4.564,483.4,22,fit:80de1342a3e9944829ab101957c8eddffd3d18cb805507bed707b0e306d3b433:segment:004,4,7383.0,7164,activities/108_260801060832.csv,1,1,0,0
fit:80de1342a3e9944829ab101957c8eddffd3d18cb805507bed707b0e306d3b433,2026-08-01T06:11:36+00:00,48,426,168,69,4.753,483.79999999999995,22,fit:80de1342a3e9944829ab101957c8eddffd3d18cb805507bed707b0e306d3b433:segment:004,4,7384.0,7165,activities/108_260801060832.csv,1,1,0,0
fit:80de1342a3e9944829ab101957c8eddffd3d18cb805507bed707b0e306d3b433,2026-08-01T06:11:37+00:00,49,352,168,74,5.085,483.79999999999995,22,fit:80de1342a3e9944829ab101957c8eddffd3d18cb805507bed707b0e306d3b433:segment:004,4,7385.0,7166,activities/108_260801060832.csv,1,1,0,0
fit:80de1342a3e9944829ab101957c8eddffd3d18cb805507bed707b0e306d3b433,2026-08-01T06:11:38+00:00,50,282,169,81,5.198,483.79999999999995,22,fit:80de1342a3e9944829ab101957c8eddffd3d18cb805507bed707b0e306d3b433:segment:004,4,7386.0,7167,activities/108_260801060832.csv,1,1,0,0
fit:80de1342a3e9944829ab101957c8eddffd3d18cb805507bed707b0e306d3b433,2026-08-01T06:11:39+00:00,51,273,169,82,5.185,483.79999999999995,22,fit:80de1342a3e9944829ab101957c8eddffd3d18cb805507bed707b0e306d3b433:segment:004,4,7387.0,7168,activities/108_260801060832.csv,1,1,0,0
fit:80de1342a3e9944829ab101957c8eddffd3d18cb805507bed707b0e306d3b433,2026-08-01T06:11:40+00:00,52,272,169,82,5.18,484.6,22,fit:80de1342a3e9944829ab101957c8eddffd3d18cb805507bed707b0e306d3b433:segment:004,4,7388.0,7169,activities/108_260801060832.csv,1,1,0,0
fit:80de1342a3e9944829ab101957c8eddffd3d18cb805507bed707b0e306d3b433,2026-08-01T06:11:41+00:00,53,250,169,82,5.315,484.79999999999995,22,fit:80de1342a3e9944829ab101957c8eddffd3d18cb805507bed707b0e306d3b433:segment:004,4,7389.0,7170,activities/108_260801060832.csv,1,1,0,0
fit:80de1342a3e9944829ab101957c8eddffd3d18cb805507bed707b0e306d3b433,2026-08-01T06:11:42+00:00,54,243,169,82,5.394,485.0,22,fit:80de1342a3e9944829ab101957c8eddffd3d18cb805507bed707b0e306d3b433:segment:004,4,7390.0,7171,activities/108_260801060832.csv,1,1,0,0
fit:80de1342a3e9944829ab101957c8eddffd3d18cb805507bed707b0e306d3b433,2026-08-01T06:11:43+00:00,55,243,169,81,5.379,485.20000000000005,22,fit:80de1342a3e9944829ab101957c8eddffd3d18cb805507bed707b0e306d3b433:segment:004,4,7391.0,7172,activities/108_260801060832.csv,1,1,0,0
fit:80de1342a3e9944829ab101957c8eddffd3d18cb805507bed707b0e306d3b433,2026-08-01T06:11:44+00:00,56,265,169,81,5.335,485.20000000000005,22,fit:80de1342a3e9944829ab101957c8eddffd3d18cb805507bed707b0e306d3b433:segment:004,4,7392.0,7173,activities/108_260801060832.csv,1,1,0,0
fit:80de1342a3e9944829ab101957c8eddffd3d18cb805507bed707b0e306d3b433,2026-08-01T06:11:45+00:00,57,283,169,81,5.316,485.20000000000005,22,fit:80de1342a3e9944829ab101957c8eddffd3d18cb805507bed707b0e306d3b433:segment:004,4,7393.0,7174,activities/108_260801060832.csv,1,1,0,0
fit:80de1342a3e9944829ab101957c8eddffd3d18cb805507bed707b0e306d3b433,2026-08-01T06:11:46+00:00,58,279,168,81,5.457,485.20000000000005,22,fit:80de1342a3e9944829ab101957c8eddffd3d18cb805507bed707b0e306d3b433:segment:004,4,7394.0,7175,activities/108_260801060832.csv,1,1,0,0
fit:80de1342a3e9944829ab101957c8eddffd3d18cb805507bed707b0e306d3b433,2026-08-01T06:11:47+00:00,59,272,168,81,5.251,486.20000000000005,22,fit:80de1342a3e9944829ab101957c8eddffd3d18cb805507bed707b0e306d3b433:segment:004,4,7395.0,7176,activities/108_260801060832.csv,1,1,0,0
fit:80de1342a3e9944829ab101957c8eddffd3d18cb805507bed707b0e306d3b433,2026-08-01T06:11:48+00:00,60,195,168,82,5.055,486.4,22,fit:80de1342a3e9944829ab101957c8eddffd3d18cb805507bed707b0e306d3b433:segment:004,4,7396.0,7177,activities/108_260801060832.csv,1,1,0,0
fit:80de1342a3e9944829ab101957c8eddffd3d18cb805507bed707b0e306d3b433,2026-08-01T06:11:49+00:00,61,186,168,81,4.913,486.4,22,fit:80de1342a3e9944829ab101957c8eddffd3d18cb805507bed707b0e306d3b433:segment:004,4,7397.0,7178,activities/108_260801060832.csv,1,1,0,0
fit:80de1342a3e9944829ab101957c8eddffd3d18cb805507bed707b0e306d3b433,2026-08-01T06:11:50+00:00,62,209,168,79,4.931,486.6,22,fit:80de1342a3e9944829ab101957c8eddffd3d18cb805507bed707b0e306d3b433:segment:004,4,7398.0,7179,activities/108_260801060832.csv,1,1,0,0
fit:80de1342a3e9944829ab101957c8eddffd3d18cb805507bed707b0e306d3b433,2026-08-01T06:11:51+00:00,63,253,168,77,4.821,487.20000000000005,22,fit:80de1342a3e9944829ab101957c8eddffd3d18cb805507bed707b0e306d3b433:segment:004,4,7399.0,7180,activities/108_260801060832.csv,1,1,0,0
fit:80de1342a3e9944829ab101957c8eddffd3d18cb805507bed707b0e306d3b433,2026-08-01T06:11:52+00:00,64,215,169,76,4.607,487.20000000000005,22,fit:80de1342a3e9944829ab101957c8eddffd3d18cb805507bed707b0e306d3b433:segment:004,4,7400.0,7181,activities/108_260801060832.csv,1,1,0,0
fit:80de1342a3e9944829ab101957c8eddffd3d18cb805507bed707b0e306d3b433,2026-08-01T06:11:53+00:00,65,271,169,74,4.582,487.20000000000005,22,fit:80de1342a3e9944829ab101957c8eddffd3d18cb805507bed707b0e306d3b433:segment:004,4,7401.0,7182,activities/108_260801060832.csv,1,1,0,0
fit:80de1342a3e9944829ab101957c8eddffd3d18cb805507bed707b0e306d3b433,2026-08-01T06:11:54+00:00,66,292,169,72,4.565,487.20000000000005,22,fit:80de1342a3e9944829ab101957c8eddffd3d18cb805507bed707b0e306d3b433:segment:004,4,7402.0,7183,activities/108_260801060832.csv,1,1,0,0
fit:80de1342a3e9944829ab101957c8eddffd3d18cb805507bed707b0e306d3b433,2026-08-01T06:11:55+00:00,67,317,169,73,4.443,488.20000000000005,22,fit:80de1342a3e9944829ab101957c8eddffd3d18cb805507bed707b0e306d3b433:segment:004,4,7403.0,7184,activities/108_260801060832.csv,1,1,0,0
fit:80de1342a3e9944829ab101957c8eddffd3d18cb805507bed707b0e306d3b433,2026-08-01T06:11:56+00:00,68,294,169,75,4.58,489.0,22,fit:80de1342a3e9944829ab101957c8eddffd3d18cb805507bed707b0e306d3b433:segment:004,4,7404.0,7185,activities/108_260801060832.csv,1,1,0,0
fit:80de1342a3e9944829ab101957c8eddffd3d18cb805507bed707b0e306d3b433,2026-08-01T06:11:57+00:00,69,279,169,76,4.66,489.0,22,fit:80de1342a3e9944829ab101957c8eddffd3d18cb805507bed707b0e306d3b433:segment:004,4,7405.0,7186,activities/108_260801060832.csv,1,1,0,0
fit:80de1342a3e9944829ab101957c8eddffd3d18cb805507bed707b0e306d3b433,2026-08-01T06:11:58+00:00,70,249,169,78,4.34,489.0,22,fit:80de1342a3e9944829ab101957c8eddffd3d18cb805507bed707b0e306d3b433:segment:004,4,7406.0,7187,activities/108_260801060832.csv,1,1,0,0
fit:80de1342a3e9944829ab101957c8eddffd3d18cb805507bed707b0e306d3b433,2026-08-01T06:11:59+00:00,71,273,169,79,4.629,489.0,22,fit:80de1342a3e9944829ab101957c8eddffd3d18cb805507bed707b0e306d3b433:segment:004,4,7407.0,7188,activities/108_260801060832.csv,1,1,0,0
fit:80de1342a3e9944829ab101957c8eddffd3d18cb805507bed707b0e306d3b433,2026-08-01T06:12:00+00:00,72,253,169,78,4.907,489.4,22,fit:80de1342a3e9944829ab101957c8eddffd3d18cb805507bed707b0e306d3b433:segment:004,4,7408.0,7189,activities/108_260801060832.csv,1,1,0,0
fit:80de1342a3e9944829ab101957c8eddffd3d18cb805507bed707b0e306d3b433,2026-08-01T06:12:01+00:00,73,260,169,77,4.611,490.0,22,fit:80de1342a3e9944829ab101957c8eddffd3d18cb805507bed707b0e306d3b433:segment:004,4,7409.0,7190,activities/108_260801060832.csv,1,1,0,0
fit:80de1342a3e9944829ab101957c8eddffd3d18cb805507bed707b0e306d3b433,2026-08-01T06:12:02+00:00,74,272,168,77,4.837,490.0,22,fit:80de1342a3e9944829ab101957c8eddffd3d18cb805507bed707b0e306d3b433:segment:004,4,7410.0,7191,activities/108_260801060832.csv,1,1,0,0
fit:80de1342a3e9944829ab101957c8eddffd3d18cb805507bed707b0e306d3b433,2026-08-01T06:12:03+00:00,75,267,168,76,4.953,490.6,22,fit:80de1342a3e9944829ab101957c8eddffd3d18cb805507bed707b0e306d3b433:segment:004,4,7411.0,7192,activities/108_260801060832.csv,1,1,0,0
fit:80de1342a3e9944829ab101957c8eddffd3d18cb805507bed707b0e306d3b433,2026-08-01T06:12:04+00:00,76,279,168,75,4.857,491.20000000000005,22,fit:80de1342a3e9944829ab101957c8eddffd3d18cb805507bed707b0e306d3b433:segment:004,4,7412.0,7193,activities/108_260801060832.csv,1,1,0,0
fit:80de1342a3e9944829ab101957c8eddffd3d18cb805507bed707b0e306d3b433,2026-08-01T06:12:05+00:00,77,286,167,74,4.565,491.20000000000005,22,fit:80de1342a3e9944829ab101957c8eddffd3d18cb805507bed707b0e306d3b433:segment:004,4,7413.0,7194,activities/108_260801060832.csv,1,1,0,0
fit:80de1342a3e9944829ab101957c8eddffd3d18cb805507bed707b0e306d3b433,2026-08-01T06:12:06+00:00,78,282,166,73,4.808,491.4,22,fit:80de1342a3e9944829ab101957c8eddffd3d18cb805507bed707b0e306d3b433:segment:004,4,7414.0,7195,activities/108_260801060832.csv,1,1,0,0
fit:80de1342a3e9944829ab101957c8eddffd3d18cb805507bed707b0e306d3b433,2026-08-01T06:12:07+00:00,79,286,165,72,4.737,492.0,22,fit:80de1342a3e9944829ab101957c8eddffd3d18cb805507bed707b0e306d3b433:segment:004,4,7415.0,7196,activities/108_260801060832.csv,1,1,0,0
fit:80de1342a3e9944829ab101957c8eddffd3d18cb805507bed707b0e306d3b433,2026-08-01T06:12:08+00:00,80,280,165,72,4.75,492.6,22,fit:80de1342a3e9944829ab101957c8eddffd3d18cb805507bed707b0e306d3b433:segment:004,4,7416.0,7197,activities/108_260801060832.csv,1,1,0,0
fit:80de1342a3e9944829ab101957c8eddffd3d18cb805507bed707b0e306d3b433,2026-08-01T06:12:09+00:00,81,300,164,73,4.96,492.6,22,fit:80de1342a3e9944829ab101957c8eddffd3d18cb805507bed707b0e306d3b433:segment:004,4,7417.0,7198,activities/108_260801060832.csv,1,1,0,0
fit:80de1342a3e9944829ab101957c8eddffd3d18cb805507bed707b0e306d3b433,2026-08-01T06:12:10+00:00,82,290,164,71,4.96,492.6,22,fit:80de1342a3e9944829ab101957c8eddffd3d18cb805507bed707b0e306d3b433:segment:004,4,7418.0,7199,activities/108_260801060832.csv,1,1,0,0
fit:80de1342a3e9944829ab101957c8eddffd3d18cb805507bed707b0e306d3b433,2026-08-01T06:12:11+00:00,83,303,164,70,4.737,492.6,22,fit:80de1342a3e9944829ab101957c8eddffd3d18cb805507bed707b0e306d3b433:segment:004,4,7419.0,7200,activities/108_260801060832.csv,1,1,0,0
fit:80de1342a3e9944829ab101957c8eddffd3d18cb805507bed707b0e306d3b433,2026-08-01T06:12:12+00:00,84,289,164,68,4.439,493.0,22,fit:80de1342a3e9944829ab101957c8eddffd3d18cb805507bed707b0e306d3b433:segment:004,4,7420.0,7201,activities/108_260801060832.csv,1,1,0,0
fit:80de1342a3e9944829ab101957c8eddffd3d18cb805507bed707b0e306d3b433,2026-08-01T06:12:13+00:00,85,301,164,66,4.074,493.20000000000005,22,fit:80de1342a3e9944829ab101957c8eddffd3d18cb805507bed707b0e306d3b433:segment:004,4,7421.0,7202,activities/108_260801060832.csv,1,1,0,0
fit:80de1342a3e9944829ab101957c8eddffd3d18cb805507bed707b0e306d3b433,2026-08-01T06:12:14+00:00,86,305,164,65,4.086,493.20000000000005,22,fit:80de1342a3e9944829ab101957c8eddffd3d18cb805507bed707b0e306d3b433:segment:004,4,7422.0,7203,activities/108_260801060832.csv,1,1,0,0
fit:80de1342a3e9944829ab101957c8eddffd3d18cb805507bed707b0e306d3b433,2026-08-01T06:12:15+00:00,87,307,164,64,4.186,493.20000000000005,22,fit:80de1342a3e9944829ab101957c8eddffd3d18cb805507bed707b0e306d3b433:segment:004,4,7423.0,7204,activities/108_260801060832.csv,1,1,0,0
fit:80de1342a3e9944829ab101957c8eddffd3d18cb805507bed707b0e306d3b433,2026-08-01T06:12:16+00:00,88,307,163,66,4.17,493.20000000000005,22,fit:80de1342a3e9944829ab101957c8eddffd3d18cb805507bed707b0e306d3b433:segment:004,4,7424.0,7205,activities/108_260801060832.csv,1,1,0,0
fit:80de1342a3e9944829ab101957c8eddffd3d18cb805507bed707b0e306d3b433,2026-08-01T06:12:17+00:00,89,294,163,66,4.182,494.20000000000005,22,fit:80de1342a3e9944829ab101957c8eddffd3d18cb805507bed707b0e306d3b433:segment:004,4,7425.0,7206,activities/108_260801060832.csv,1,1,0,0
fit:80de1342a3e9944829ab101957c8eddffd3d18cb805507bed707b0e306d3b433,2026-08-01T06:12:18+00:00,90,294,163,67,4.235,495.0,22,fit:80de1342a3e9944829ab101957c8eddffd3d18cb805507bed707b0e306d3b433:segment:004,4,7426.0,7207,activities/108_260801060832.csv,1,1,0,0
fit:80de1342a3e9944829ab101957c8eddffd3d18cb805507bed707b0e306d3b433,2026-08-01T06:12:19+00:00,91,296,163,68,4.413,495.0,22,fit:80de1342a3e9944829ab101957c8eddffd3d18cb805507bed707b0e306d3b433:segment:004,4,7427.0,7208,activities/108_260801060832.csv,1,1,0,0
fit:80de1342a3e9944829ab101957c8eddffd3d18cb805507bed707b0e306d3b433,2026-08-01T06:12:20+00:00,92,281,163,69,4.564,495.0,22,fit:80de1342a3e9944829ab101957c8eddffd3d18cb805507bed707b0e306d3b433:segment:004,4,7428.0,7209,activities/108_260801060832.csv,1,1,0,0
fit:80de1342a3e9944829ab101957c8eddffd3d18cb805507bed707b0e306d3b433,2026-08-01T06:12:21+00:00,93,281,163,70,4.627,495.0,22,fit:80de1342a3e9944829ab101957c8eddffd3d18cb805507bed707b0e306d3b433:segment:004,4,7429.0,7210,activities/108_260801060832.csv,1,1,0,0
fit:80de1342a3e9944829ab101957c8eddffd3d18cb805507bed707b0e306d3b433,2026-08-01T06:12:22+00:00,94,261,163,70,4.594,495.0,22,fit:80de1342a3e9944829ab101957c8eddffd3d18cb805507bed707b0e306d3b433:segment:004,4,7430.0,7211,activities/108_260801060832.csv,1,1,0,0
fit:80de1342a3e9944829ab101957c8eddffd3d18cb805507bed707b0e306d3b433,2026-08-01T06:12:23+00:00,95,252,163,71,4.693,495.6,22,fit:80de1342a3e9944829ab101957c8eddffd3d18cb805507bed707b0e306d3b433:segment:004,4,7431.0,7212,activities/108_260801060832.csv,1,1,0,0
fit:80de1342a3e9944829ab101957c8eddffd3d18cb805507bed707b0e306d3b433,2026-08-01T06:12:24+00:00,96,251,163,72,4.833,495.6,22,fit:80de1342a3e9944829ab101957c8eddffd3d18cb805507bed707b0e306d3b433:segment:004,4,7432.0,7213,activities/108_260801060832.csv,1,1,0,0
fit:80de1342a3e9944829ab101957c8eddffd3d18cb805507bed707b0e306d3b433,2026-08-01T06:12:25+00:00,97,251,163,72,4.849,496.0,22,fit:80de1342a3e9944829ab101957c8eddffd3d18cb805507bed707b0e306d3b433:segment:004,4,7433.0,7214,activities/108_260801060832.csv,1,1,0,0
fit:80de1342a3e9944829ab101957c8eddffd3d18cb805507bed707b0e306d3b433,2026-08-01T06:12:26+00:00,98,251,163,72,4.839,496.20000000000005,22,fit:80de1342a3e9944829ab101957c8eddffd3d18cb805507bed707b0e306d3b433:segment:004,4,7434.0,7215,activities/108_260801060832.csv,1,1,0,0
fit:80de1342a3e9944829ab101957c8eddffd3d18cb805507bed707b0e306d3b433,2026-08-01T06:12:27+00:00,99,223,163,72,4.867,496.6,22,fit:80de1342a3e9944829ab101957c8eddffd3d18cb805507bed707b0e306d3b433:segment:004,4,7435.0,7216,activities/108_260801060832.csv,1,1,0,0
fit:80de1342a3e9944829ab101957c8eddffd3d18cb805507bed707b0e306d3b433,2026-08-01T06:12:28+00:00,100,221,163,73,4.869,496.79999999999995,22,fit:80de1342a3e9944829ab101957c8eddffd3d18cb805507bed707b0e306d3b433:segment:004,4,7436.0,7217,activities/108_260801060832.csv,1,1,0,0
fit:80de1342a3e9944829ab101957c8eddffd3d18cb805507bed707b0e306d3b433,2026-08-01T06:12:29+00:00,101,209,162,74,4.832,496.79999999999995,22,fit:80de1342a3e9944829ab101957c8eddffd3d18cb805507bed707b0e306d3b433:segment:004,4,7437.0,7218,activities/108_260801060832.csv,1,1,0,0
fit:80de1342a3e9944829ab101957c8eddffd3d18cb805507bed707b0e306d3b433,2026-08-01T06:12:30+00:00,102,209,162,75,4.928,496.79999999999995,22,fit:80de1342a3e9944829ab101957c8eddffd3d18cb805507bed707b0e306d3b433:segment:004,4,7438.0,7219,activities/108_260801060832.csv,1,1,0,0
fit:80de1342a3e9944829ab101957c8eddffd3d18cb805507bed707b0e306d3b433,2026-08-01T06:12:31+00:00,103,215,162,75,4.87,496.79999999999995,22,fit:80de1342a3e9944829ab101957c8eddffd3d18cb805507bed707b0e306d3b433:segment:004,4,7439.0,7220,activities/108_260801060832.csv,1,1,0,0
fit:80de1342a3e9944829ab101957c8eddffd3d18cb805507bed707b0e306d3b433,2026-08-01T06:12:32+00:00,104,180,162,75,5.005,497.0,22,fit:80de1342a3e9944829ab101957c8eddffd3d18cb805507bed707b0e306d3b433:segment:004,4,7440.0,7221,activities/108_260801060832.csv,1,1,0,0
fit:80de1342a3e9944829ab101957c8eddffd3d18cb805507bed707b0e306d3b433,2026-08-01T06:12:33+00:00,105,228,162,75,5.008,497.20000000000005,22,fit:80de1342a3e9944829ab101957c8eddffd3d18cb805507bed707b0e306d3b433:segment:004,4,7441.0,7222,activities/108_260801060832.csv,1,1,0,0
fit:80de1342a3e9944829ab101957c8eddffd3d18cb805507bed707b0e306d3b433,2026-08-01T06:12:34+00:00,106,221,162,76,4.959,497.20000000000005,22,fit:80de1342a3e9944829ab101957c8eddffd3d18cb805507bed707b0e306d3b433:segment:004,4,7442.0,7223,activities/108_260801060832.csv,1,1,0,0
fit:80de1342a3e9944829ab101957c8eddffd3d18cb805507bed707b0e306d3b433,2026-08-01T06:12:35+00:00,107,221,162,77,4.984,497.20000000000005,22,fit:80de1342a3e9944829ab101957c8eddffd3d18cb805507bed707b0e306d3b433:segment:004,4,7443.0,7224,activities/108_260801060832.csv,1,1,0,0
fit:80de1342a3e9944829ab101957c8eddffd3d18cb805507bed707b0e306d3b433,2026-08-01T06:12:36+00:00,108,227,163,77,5.126,497.20000000000005,22,fit:80de1342a3e9944829ab101957c8eddffd3d18cb805507bed707b0e306d3b433:segment:004,4,7444.0,7225,activities/108_260801060832.csv,1,1,0,0
fit:80de1342a3e9944829ab101957c8eddffd3d18cb805507bed707b0e306d3b433,2026-08-01T06:12:37+00:00,109,216,162,78,5.214,497.79999999999995,22,fit:80de1342a3e9944829ab101957c8eddffd3d18cb805507bed707b0e306d3b433:segment:004,4,7445.0,7226,activities/108_260801060832.csv,1,1,0,0
fit:80de1342a3e9944829ab101957c8eddffd3d18cb805507bed707b0e306d3b433,2026-08-01T06:12:38+00:00,110,228,162,79,5.286,498.20000000000005,22,fit:80de1342a3e9944829ab101957c8eddffd3d18cb805507bed707b0e306d3b433:segment:004,4,7446.0,7227,activities/108_260801060832.csv,1,1,0,0
fit:80de1342a3e9944829ab101957c8eddffd3d18cb805507bed707b0e306d3b433,2026-08-01T06:12:39+00:00,111,196,162,80,5.201,498.20000000000005,22,fit:80de1342a3e9944829ab101957c8eddffd3d18cb805507bed707b0e306d3b433:segment:004,4,7447.0,7228,activities/108_260801060832.csv,1,1,0,0
fit:80de1342a3e9944829ab101957c8eddffd3d18cb805507bed707b0e306d3b433,2026-08-01T06:12:40+00:00,112,196,161,80,5.249,498.20000000000005,22,fit:80de1342a3e9944829ab101957c8eddffd3d18cb805507bed707b0e306d3b433:segment:004,4,7448.0,7229,activities/108_260801060832.csv,1,1,0,0
fit:80de1342a3e9944829ab101957c8eddffd3d18cb805507bed707b0e306d3b433,2026-08-01T06:12:41+00:00,113,206,161,80,5.262,498.20000000000005,22,fit:80de1342a3e9944829ab101957c8eddffd3d18cb805507bed707b0e306d3b433:segment:004,4,7449.0,7230,activities/108_260801060832.csv,1,1,0,0
fit:80de1342a3e9944829ab101957c8eddffd3d18cb805507bed707b0e306d3b433,2026-08-01T06:12:42+00:00,114,204,161,82,5.218,498.20000000000005,22,fit:80de1342a3e9944829ab101957c8eddffd3d18cb805507bed707b0e306d3b433:segment:004,4,7450.0,7231,activities/108_260801060832.csv,1,1,0,0
fit:80de1342a3e9944829ab101957c8eddffd3d18cb805507bed707b0e306d3b433,2026-08-01T06:12:43+00:00,115,195,160,82,5.118,498.20000000000005,22,fit:80de1342a3e9944829ab101957c8eddffd3d18cb805507bed707b0e306d3b433:segment:004,4,7451.0,7232,activities/108_260801060832.csv,1,1,0,0
fit:80de1342a3e9944829ab101957c8eddffd3d18cb805507bed707b0e306d3b433,2026-08-01T06:12:44+00:00,116,200,160,82,5.333,498.20000000000005,22,fit:80de1342a3e9944829ab101957c8eddffd3d18cb805507bed707b0e306d3b433:segment:004,4,7452.0,7233,activities/108_260801060832.csv,1,1,0,0
fit:80de1342a3e9944829ab101957c8eddffd3d18cb805507bed707b0e306d3b433,2026-08-01T06:12:45+00:00,117,203,159,83,5.429,499.20000000000005,22,fit:80de1342a3e9944829ab101957c8eddffd3d18cb805507bed707b0e306d3b433:segment:004,4,7453.0,7234,activities/108_260801060832.csv,1,1,0,0
fit:80de1342a3e9944829ab101957c8eddffd3d18cb805507bed707b0e306d3b433,2026-08-01T06:12:46+00:00,118,169,159,83,5.429,499.4,22,fit:80de1342a3e9944829ab101957c8eddffd3d18cb805507bed707b0e306d3b433:segment:004,4,7454.0,7235,activities/108_260801060832.csv,1,1,0,0
fit:80de1342a3e9944829ab101957c8eddffd3d18cb805507bed707b0e306d3b433,2026-08-01T06:12:47+00:00,119,158,159,84,5.376,499.4,22,fit:80de1342a3e9944829ab101957c8eddffd3d18cb805507bed707b0e306d3b433:segment:004,4,7455.0,7236,activities/108_260801060832.csv,1,1,0,0
fit:80de1342a3e9944829ab101957c8eddffd3d18cb805507bed707b0e306d3b433,2026-08-01T06:12:48+00:00,120,162,158,84,5.334,499.4,22,fit:80de1342a3e9944829ab101957c8eddffd3d18cb805507bed707b0e306d3b433:segment:004,4,7456.0,7237,activities/108_260801060832.csv,1,1,0,0
fit:80de1342a3e9944829ab101957c8eddffd3d18cb805507bed707b0e306d3b433,2026-08-01T06:12:49+00:00,121,144,158,83,5.536,499.4,22,fit:80de1342a3e9944829ab101957c8eddffd3d18cb805507bed707b0e306d3b433:segment:004,4,7457.0,7238,activities/108_260801060832.csv,1,1,0,0
fit:80de1342a3e9944829ab101957c8eddffd3d18cb805507bed707b0e306d3b433,2026-08-01T06:12:50+00:00,122,145,158,83,5.616,499.4,22,fit:80de1342a3e9944829ab101957c8eddffd3d18cb805507bed707b0e306d3b433:segment:004,4,7458.0,7239,activities/108_260801060832.csv,1,1,0,0
fit:80de1342a3e9944829ab101957c8eddffd3d18cb805507bed707b0e306d3b433,2026-08-01T06:12:51+00:00,123,174,158,83,5.544,499.79999999999995,22,fit:80de1342a3e9944829ab101957c8eddffd3d18cb805507bed707b0e306d3b433:segment:004,4,7459.0,7240,activities/108_260801060832.csv,1,1,0,0
fit:80de1342a3e9944829ab101957c8eddffd3d18cb805507bed707b0e306d3b433,2026-08-01T06:12:52+00:00,124,192,158,84,5.518,500.20000000000005,22,fit:80de1342a3e9944829ab101957c8eddffd3d18cb805507bed707b0e306d3b433:segment:004,4,7460.0,7241,activities/108_260801060832.csv,1,1,0,0
fit:80de1342a3e9944829ab101957c8eddffd3d18cb805507bed707b0e306d3b433,2026-08-01T06:12:53+00:00,125,152,158,85,5.632,500.79999999999995,22,fit:80de1342a3e9944829ab101957c8eddffd3d18cb805507bed707b0e306d3b433:segment:004,4,7461.0,7242,activities/108_260801060832.csv,1,1,0,0
fit:80de1342a3e9944829ab101957c8eddffd3d18cb805507bed707b0e306d3b433,2026-08-01T06:12:54+00:00,126,204,158,85,5.646,500.79999999999995,22,fit:80de1342a3e9944829ab101957c8eddffd3d18cb805507bed707b0e306d3b433:segment:004,4,7462.0,7243,activities/108_260801060832.csv,1,1,0,0
fit:80de1342a3e9944829ab101957c8eddffd3d18cb805507bed707b0e306d3b433,2026-08-01T06:12:55+00:00,127,204,158,87,5.619,500.79999999999995,22,fit:80de1342a3e9944829ab101957c8eddffd3d18cb805507bed707b0e306d3b433:segment:004,4,7463.0,7244,activities/108_260801060832.csv,1,1,0,0
fit:80de1342a3e9944829ab101957c8eddffd3d18cb805507bed707b0e306d3b433,2026-08-01T06:12:56+00:00,128,241,157,87,5.537,500.20000000000005,22,fit:80de1342a3e9944829ab101957c8eddffd3d18cb805507bed707b0e306d3b433:segment:004,4,7464.0,7245,activities/108_260801060832.csv,1,1,0,0
fit:80de1342a3e9944829ab101957c8eddffd3d18cb805507bed707b0e306d3b433,2026-08-01T06:12:57+00:00,129,194,157,79,5.754,500.20000000000005,22,fit:80de1342a3e9944829ab101957c8eddffd3d18cb805507bed707b0e306d3b433:segment:004,4,7465.0,7246,activities/108_260801060832.csv,1,1,0,0
fit:80de1342a3e9944829ab101957c8eddffd3d18cb805507bed707b0e306d3b433,2026-08-01T06:12:58+00:00,130,176,157,81,5.925,500.20000000000005,22,fit:80de1342a3e9944829ab101957c8eddffd3d18cb805507bed707b0e306d3b433:segment:004,4,7466.0,7247,activities/108_260801060832.csv,1,1,0,0
fit:80de1342a3e9944829ab101957c8eddffd3d18cb805507bed707b0e306d3b433,2026-08-01T06:12:59+00:00,131,131,157,81,6.029,500.20000000000005,22,fit:80de1342a3e9944829ab101957c8eddffd3d18cb805507bed707b0e306d3b433:segment:004,4,7467.0,7248,activities/108_260801060832.csv,1,1,0,0
fit:80de1342a3e9944829ab101957c8eddffd3d18cb805507bed707b0e306d3b433,2026-08-01T06:13:00+00:00,132,121,156,82,5.911,500.79999999999995,22,fit:80de1342a3e9944829ab101957c8eddffd3d18cb805507bed707b0e306d3b433:segment:004,4,7468.0,7249,activities/108_260801060832.csv,1,1,0,0
fit:80de1342a3e9944829ab101957c8eddffd3d18cb805507bed707b0e306d3b433,2026-08-01T06:13:01+00:00,133,160,156,82,6.077,501.0,22,fit:80de1342a3e9944829ab101957c8eddffd3d18cb805507bed707b0e306d3b433:segment:004,4,7469.0,7250,activities/108_260801060832.csv,1,1,0,0
fit:80de1342a3e9944829ab101957c8eddffd3d18cb805507bed707b0e306d3b433,2026-08-01T06:13:02+00:00,134,169,156,81,6.056,501.0,22,fit:80de1342a3e9944829ab101957c8eddffd3d18cb805507bed707b0e306d3b433:segment:004,4,7470.0,7251,activities/108_260801060832.csv,1,1,0,0
fit:80de1342a3e9944829ab101957c8eddffd3d18cb805507bed707b0e306d3b433,2026-08-01T06:13:03+00:00,135,159,155,81,6.224,501.0,22,fit:80de1342a3e9944829ab101957c8eddffd3d18cb805507bed707b0e306d3b433:segment:004,4,7471.0,7252,activities/108_260801060832.csv,1,1,0,0
fit:80de1342a3e9944829ab101957c8eddffd3d18cb805507bed707b0e306d3b433,2026-08-01T06:13:04+00:00,136,174,154,81,6.283,501.0,22,fit:80de1342a3e9944829ab101957c8eddffd3d18cb805507bed707b0e306d3b433:segment:004,4,7472.0,7253,activities/108_260801060832.csv,1,1,0,0
fit:80de1342a3e9944829ab101957c8eddffd3d18cb805507bed707b0e306d3b433,2026-08-01T06:13:05+00:00,137,176,153,82,6.2,501.0,22,fit:80de1342a3e9944829ab101957c8eddffd3d18cb805507bed707b0e306d3b433:segment:004,4,7473.0,7254,activities/108_260801060832.csv,1,1,0,0
fit:80de1342a3e9944829ab101957c8eddffd3d18cb805507bed707b0e306d3b433,2026-08-01T06:13:06+00:00,138,158,152,82,6.141,501.0,22,fit:80de1342a3e9944829ab101957c8eddffd3d18cb805507bed707b0e306d3b433:segment:004,4,7474.0,7255,activities/108_260801060832.csv,1,1,0,0
fit:80de1342a3e9944829ab101957c8eddffd3d18cb805507bed707b0e306d3b433,2026-08-01T06:13:07+00:00,139,163,151,82,6.204,501.0,22,fit:80de1342a3e9944829ab101957c8eddffd3d18cb805507bed707b0e306d3b433:segment:004,4,7475.0,7256,activities/108_260801060832.csv,1,1,0,0
fit:80de1342a3e9944829ab101957c8eddffd3d18cb805507bed707b0e306d3b433,2026-08-01T06:13:08+00:00,140,174,150,82,6.206,501.0,22,fit:80de1342a3e9944829ab101957c8eddffd3d18cb805507bed707b0e306d3b433:segment:004,4,7476.0,7257,activities/108_260801060832.csv,1,1,0,0
fit:80de1342a3e9944829ab101957c8eddffd3d18cb805507bed707b0e306d3b433,2026-08-01T06:13:09+00:00,141,217,150,80,6.114,501.0,22,fit:80de1342a3e9944829ab101957c8eddffd3d18cb805507bed707b0e306d3b433:segment:004,4,7477.0,7258,activities/108_260801060832.csv,1,1,0,0
fit:80de1342a3e9944829ab101957c8eddffd3d18cb805507bed707b0e306d3b433,2026-08-01T06:13:10+00:00,142,232,149,80,6.035,501.6,22,fit:80de1342a3e9944829ab101957c8eddffd3d18cb805507bed707b0e306d3b433:segment:004,4,7478.0,7259,activities/108_260801060832.csv,1,1,0,0
fit:80de1342a3e9944829ab101957c8eddffd3d18cb805507bed707b0e306d3b433,2026-08-01T06:13:11+00:00,143,212,148,80,6.038,501.6,22,fit:80de1342a3e9944829ab101957c8eddffd3d18cb805507bed707b0e306d3b433:segment:004,4,7479.0,7260,activities/108_260801060832.csv,1,1,0,0
fit:80de1342a3e9944829ab101957c8eddffd3d18cb805507bed707b0e306d3b433,2026-08-01T06:13:12+00:00,144,214,148,80,6.003,501.6,22,fit:80de1342a3e9944829ab101957c8eddffd3d18cb805507bed707b0e306d3b433:segment:004,4,7480.0,7261,activities/108_260801060832.csv,1,1,0,0
fit:80de1342a3e9944829ab101957c8eddffd3d18cb805507bed707b0e306d3b433,2026-08-01T06:13:13+00:00,145,226,149,80,5.978,501.6,22,fit:80de1342a3e9944829ab101957c8eddffd3d18cb805507bed707b0e306d3b433:segment:004,4,7481.0,7262,activities/108_260801060832.csv,1,1,0,0
fit:80de1342a3e9944829ab101957c8eddffd3d18cb805507bed707b0e306d3b433,2026-08-01T06:13:14+00:00,146,245,149,80,6.004,502.4,22,fit:80de1342a3e9944829ab101957c8eddffd3d18cb805507bed707b0e306d3b433:segment:004,4,7482.0,7263,activities/108_260801060832.csv,1,1,0,0
fit:80de1342a3e9944829ab101957c8eddffd3d18cb805507bed707b0e306d3b433,2026-08-01T06:13:15+00:00,147,245,149,79,5.914,502.6,22,fit:80de1342a3e9944829ab101957c8eddffd3d18cb805507bed707b0e306d3b433:segment:004,4,7483.0,7264,activities/108_260801060832.csv,1,1,0,0
fit:80de1342a3e9944829ab101957c8eddffd3d18cb805507bed707b0e306d3b433,2026-08-01T06:13:16+00:00,148,279,149,79,5.779,502.79999999999995,22,fit:80de1342a3e9944829ab101957c8eddffd3d18cb805507bed707b0e306d3b433:segment:004,4,7484.0,7265,activities/108_260801060832.csv,1,1,0,0
fit:80de1342a3e9944829ab101957c8eddffd3d18cb805507bed707b0e306d3b433,2026-08-01T06:13:17+00:00,149,291,149,80,5.734,503.20000000000005,22,fit:80de1342a3e9944829ab101957c8eddffd3d18cb805507bed707b0e306d3b433:segment:004,4,7485.0,7266,activities/108_260801060832.csv,1,1,0,0
fit:80de1342a3e9944829ab101957c8eddffd3d18cb805507bed707b0e306d3b433,2026-08-01T06:13:18+00:00,150,278,149,80,5.841,503.6,22,fit:80de1342a3e9944829ab101957c8eddffd3d18cb805507bed707b0e306d3b433:segment:004,4,7486.0,7267,activities/108_260801060832.csv,1,1,0,0
fit:80de1342a3e9944829ab101957c8eddffd3d18cb805507bed707b0e306d3b433,2026-08-01T06:13:19+00:00,151,254,149,80,5.851,503.6,22,fit:80de1342a3e9944829ab101957c8eddffd3d18cb805507bed707b0e306d3b433:segment:004,4,7487.0,7268,activities/108_260801060832.csv,1,1,0,0
fit:80de1342a3e9944829ab101957c8eddffd3d18cb805507bed707b0e306d3b433,2026-08-01T06:13:20+00:00,152,241,149,81,5.952,503.6,22,fit:80de1342a3e9944829ab101957c8eddffd3d18cb805507bed707b0e306d3b433:segment:004,4,7488.0,7269,activities/108_260801060832.csv,1,1,0,0
fit:80de1342a3e9944829ab101957c8eddffd3d18cb805507bed707b0e306d3b433,2026-08-01T06:13:21+00:00,153,242,149,81,6.076,503.6,22,fit:80de1342a3e9944829ab101957c8eddffd3d18cb805507bed707b0e306d3b433:segment:004,4,7489.0,7270,activities/108_260801060832.csv,1,1,0,0
fit:80de1342a3e9944829ab101957c8eddffd3d18cb805507bed707b0e306d3b433,2026-08-01T06:13:22+00:00,154,264,149,81,6.009,503.6,22,fit:80de1342a3e9944829ab101957c8eddffd3d18cb805507bed707b0e306d3b433:segment:004,4,7490.0,7271,activities/108_260801060832.csv,1,1,0,0
fit:80de1342a3e9944829ab101957c8eddffd3d18cb805507bed707b0e306d3b433,2026-08-01T06:13:23+00:00,155,239,149,80,5.792,503.6,22,fit:80de1342a3e9944829ab101957c8eddffd3d18cb805507bed707b0e306d3b433:segment:004,4,7491.0,7272,activities/108_260801060832.csv,1,1,0,0
fit:80de1342a3e9944829ab101957c8eddffd3d18cb805507bed707b0e306d3b433,2026-08-01T06:13:24+00:00,156,261,150,79,5.887,504.0,22,fit:80de1342a3e9944829ab101957c8eddffd3d18cb805507bed707b0e306d3b433:segment:004,4,7492.0,7273,activities/108_260801060832.csv,1,1,0,0
fit:80de1342a3e9944829ab101957c8eddffd3d18cb805507bed707b0e306d3b433,2026-08-01T06:13:25+00:00,157,261,151,78,5.934,504.20000000000005,22,fit:80de1342a3e9944829ab101957c8eddffd3d18cb805507bed707b0e306d3b433:segment:004,4,7493.0,7274,activities/108_260801060832.csv,1,1,0,0
fit:80de1342a3e9944829ab101957c8eddffd3d18cb805507bed707b0e306d3b433,2026-08-01T06:13:26+00:00,158,274,151,78,5.869,504.20000000000005,22,fit:80de1342a3e9944829ab101957c8eddffd3d18cb805507bed707b0e306d3b433:segment:004,4,7494.0,7275,activities/108_260801060832.csv,1,1,0,0
fit:80de1342a3e9944829ab101957c8eddffd3d18cb805507bed707b0e306d3b433,2026-08-01T06:13:27+00:00,159,299,152,73,5.67,504.20000000000005,22,fit:80de1342a3e9944829ab101957c8eddffd3d18cb805507bed707b0e306d3b433:segment:004,4,7495.0,7276,activities/108_260801060832.csv,1,1,0,0
fit:80de1342a3e9944829ab101957c8eddffd3d18cb805507bed707b0e306d3b433,2026-08-01T06:13:28+00:00,160,142,152,73,5.553,504.20000000000005,21,fit:80de1342a3e9944829ab101957c8eddffd3d18cb805507bed707b0e306d3b433:segment:004,4,7496.0,7277,activities/108_260801060832.csv,1,1,0,0
fit:80de1342a3e9944829ab101957c8eddffd3d18cb805507bed707b0e306d3b433,2026-08-01T06:13:29+00:00,161,284,152,76,5.244,505.20000000000005,21,fit:80de1342a3e9944829ab101957c8eddffd3d18cb805507bed707b0e306d3b433:segment:004,4,7497.0,7278,activities/108_260801060832.csv,1,1,0,0
fit:80de1342a3e9944829ab101957c8eddffd3d18cb805507bed707b0e306d3b433,2026-08-01T06:13:30+00:00,162,285,152,72,5.066,506.20000000000005,21,fit:80de1342a3e9944829ab101957c8eddffd3d18cb805507bed707b0e306d3b433:segment:004,4,7498.0,7279,activities/108_260801060832.csv,1,1,0,0
fit:80de1342a3e9944829ab101957c8eddffd3d18cb805507bed707b0e306d3b433,2026-08-01T06:13:31+00:00,163,274,153,72,4.901,506.4,21,fit:80de1342a3e9944829ab101957c8eddffd3d18cb805507bed707b0e306d3b433:segment:004,4,7499.0,7280,activities/108_260801060832.csv,1,1,0,0
fit:80de1342a3e9944829ab101957c8eddffd3d18cb805507bed707b0e306d3b433,2026-08-01T06:13:32+00:00,164,279,153,71,4.794,506.79999999999995,21,fit:80de1342a3e9944829ab101957c8eddffd3d18cb805507bed707b0e306d3b433:segment:004,4,7500.0,7281,activities/108_260801060832.csv,1,1,0,0
fit:80de1342a3e9944829ab101957c8eddffd3d18cb805507bed707b0e306d3b433,2026-08-01T06:13:33+00:00,165,287,153,70,4.833,507.4,21,fit:80de1342a3e9944829ab101957c8eddffd3d18cb805507bed707b0e306d3b433:segment:004,4,7501.0,7282,activities/108_260801060832.csv,1,1,0,0
fit:80de1342a3e9944829ab101957c8eddffd3d18cb805507bed707b0e306d3b433,2026-08-01T06:13:34+00:00,166,321,152,68,4.576,508.0,21,fit:80de1342a3e9944829ab101957c8eddffd3d18cb805507bed707b0e306d3b433:segment:004,4,7502.0,7283,activities/108_260801060832.csv,1,1,0,0
fit:80de1342a3e9944829ab101957c8eddffd3d18cb805507bed707b0e306d3b433,2026-08-01T06:13:35+00:00,167,321,152,67,4.356,508.20000000000005,21,fit:80de1342a3e9944829ab101957c8eddffd3d18cb805507bed707b0e306d3b433:segment:004,4,7503.0,7284,activities/108_260801060832.csv,1,1,0,0
fit:80de1342a3e9944829ab101957c8eddffd3d18cb805507bed707b0e306d3b433,2026-08-01T06:13:36+00:00,168,334,151,68,4.377,508.20000000000005,21,fit:80de1342a3e9944829ab101957c8eddffd3d18cb805507bed707b0e306d3b433:segment:004,4,7504.0,7285,activities/108_260801060832.csv,1,1,0,0
fit:80de1342a3e9944829ab101957c8eddffd3d18cb805507bed707b0e306d3b433,2026-08-01T06:13:37+00:00,169,336,151,67,4.461,508.20000000000005,21,fit:80de1342a3e9944829ab101957c8eddffd3d18cb805507bed707b0e306d3b433:segment:004,4,7505.0,7286,activities/108_260801060832.csv,1,1,0,0
fit:80de1342a3e9944829ab101957c8eddffd3d18cb805507bed707b0e306d3b433,2026-08-01T06:13:38+00:00,170,332,151,67,4.582,508.20000000000005,21,fit:80de1342a3e9944829ab101957c8eddffd3d18cb805507bed707b0e306d3b433:segment:004,4,7506.0,7287,activities/108_260801060832.csv,1,1,0,0
fit:80de1342a3e9944829ab101957c8eddffd3d18cb805507bed707b0e306d3b433,2026-08-01T06:13:39+00:00,171,314,150,67,4.534,509.20000000000005,21,fit:80de1342a3e9944829ab101957c8eddffd3d18cb805507bed707b0e306d3b433:segment:004,4,7507.0,7288,activities/108_260801060832.csv,1,1,0,0
fit:80de1342a3e9944829ab101957c8eddffd3d18cb805507bed707b0e306d3b433,2026-08-01T06:13:40+00:00,172,331,150,67,4.537,509.6,21,fit:80de1342a3e9944829ab101957c8eddffd3d18cb805507bed707b0e306d3b433:segment:004,4,7508.0,7289,activities/108_260801060832.csv,1,1,0,0
fit:80de1342a3e9944829ab101957c8eddffd3d18cb805507bed707b0e306d3b433,2026-08-01T06:13:41+00:00,173,331,150,67,4.644,510.4,21,fit:80de1342a3e9944829ab101957c8eddffd3d18cb805507bed707b0e306d3b433:segment:004,4,7509.0,7290,activities/108_260801060832.csv,1,1,0,0
fit:80de1342a3e9944829ab101957c8eddffd3d18cb805507bed707b0e306d3b433,2026-08-01T06:13:42+00:00,174,322,151,67,4.508,510.6,21,fit:80de1342a3e9944829ab101957c8eddffd3d18cb805507bed707b0e306d3b433:segment:004,4,7510.0,7291,activities/108_260801060832.csv,1,1,0,0
fit:80de1342a3e9944829ab101957c8eddffd3d18cb805507bed707b0e306d3b433,2026-08-01T06:13:43+00:00,175,303,151,68,4.557,510.6,21,fit:80de1342a3e9944829ab101957c8eddffd3d18cb805507bed707b0e306d3b433:segment:004,4,7511.0,7292,activities/108_260801060832.csv,1,1,0,0
fit:80de1342a3e9944829ab101957c8eddffd3d18cb805507bed707b0e306d3b433,2026-08-01T06:13:44+00:00,176,320,152,68,4.547,510.6,21,fit:80de1342a3e9944829ab101957c8eddffd3d18cb805507bed707b0e306d3b433:segment:004,4,7512.0,7293,activities/108_260801060832.csv,1,1,0,0
fit:80de1342a3e9944829ab101957c8eddffd3d18cb805507bed707b0e306d3b433,2026-08-01T06:13:45+00:00,177,320,152,68,4.606,510.6,21,fit:80de1342a3e9944829ab101957c8eddffd3d18cb805507bed707b0e306d3b433:segment:004,4,7513.0,7294,activities/108_260801060832.csv,1,1,0,0
fit:80de1342a3e9944829ab101957c8eddffd3d18cb805507bed707b0e306d3b433,2026-08-01T06:13:46+00:00,178,334,153,70,4.618,511.4,21,fit:80de1342a3e9944829ab101957c8eddffd3d18cb805507bed707b0e306d3b433:segment:004,4,7514.0,7295,activities/108_260801060832.csv,1,1,0,0
fit:80de1342a3e9944829ab101957c8eddffd3d18cb805507bed707b0e306d3b433,2026-08-01T06:13:47+00:00,179,321,154,71,4.601,511.4,21,fit:80de1342a3e9944829ab101957c8eddffd3d18cb805507bed707b0e306d3b433:segment:004,4,7515.0,7296,activities/108_260801060832.csv,1,1,0,0
fit:80de1342a3e9944829ab101957c8eddffd3d18cb805507bed707b0e306d3b433,2026-08-01T06:13:48+00:00,180,289,155,71,4.644,511.4,21,fit:80de1342a3e9944829ab101957c8eddffd3d18cb805507bed707b0e306d3b433:segment:004,4,7516.0,7297,activities/108_260801060832.csv,1,1,0,0
fit:80de1342a3e9944829ab101957c8eddffd3d18cb805507bed707b0e306d3b433,2026-08-01T06:13:49+00:00,181,285,155,74,4.858,511.4,21,fit:80de1342a3e9944829ab101957c8eddffd3d18cb805507bed707b0e306d3b433:segment:004,4,7517.0,7298,activities/108_260801060832.csv,1,1,0,0
fit:80de1342a3e9944829ab101957c8eddffd3d18cb805507bed707b0e306d3b433,2026-08-01T06:13:50+00:00,182,278,156,74,4.61,511.4,21,fit:80de1342a3e9944829ab101957c8eddffd3d18cb805507bed707b0e306d3b433:segment:004,4,7518.0,7299,activities/108_260801060832.csv,1,1,0,0
fit:80de1342a3e9944829ab101957c8eddffd3d18cb805507bed707b0e306d3b433,2026-08-01T06:13:51+00:00,183,222,156,75,4.87,511.4,21,fit:80de1342a3e9944829ab101957c8eddffd3d18cb805507bed707b0e306d3b433:segment:004,4,7519.0,7300,activities/108_260801060832.csv,1,1,0,0
fit:80de1342a3e9944829ab101957c8eddffd3d18cb805507bed707b0e306d3b433,2026-08-01T06:13:52+00:00,184,115,157,79,5.111,512.2,21,fit:80de1342a3e9944829ab101957c8eddffd3d18cb805507bed707b0e306d3b433:segment:004,4,7520.0,7301,activities/108_260801060832.csv,1,1,0,0
fit:80de1342a3e9944829ab101957c8eddffd3d18cb805507bed707b0e306d3b433,2026-08-01T06:13:53+00:00,185,84,158,80,5.183,512.8,21,fit:80de1342a3e9944829ab101957c8eddffd3d18cb805507bed707b0e306d3b433:segment:004,4,7521.0,7302,activities/108_260801060832.csv,1,1,0,0
fit:80de1342a3e9944829ab101957c8eddffd3d18cb805507bed707b0e306d3b433,2026-08-01T06:13:54+00:00,186,80,158,80,5.431,512.8,21,fit:80de1342a3e9944829ab101957c8eddffd3d18cb805507bed707b0e306d3b433:segment:004,4,7522.0,7303,activities/108_260801060832.csv,1,1,0,0
fit:80de1342a3e9944829ab101957c8eddffd3d18cb805507bed707b0e306d3b433,2026-08-01T06:13:55+00:00,187,79,159,80,5.379,512.8,21,fit:80de1342a3e9944829ab101957c8eddffd3d18cb805507bed707b0e306d3b433:segment:004,4,7523.0,7304,activities/108_260801060832.csv,1,1,0,0
fit:80de1342a3e9944829ab101957c8eddffd3d18cb805507bed707b0e306d3b433,2026-08-01T06:13:56+00:00,188,86,160,84,5.429,512.2,21,fit:80de1342a3e9944829ab101957c8eddffd3d18cb805507bed707b0e306d3b433:segment:004,4,7524.0,7305,activities/108_260801060832.csv,1,1,0,0
fit:80de1342a3e9944829ab101957c8eddffd3d18cb805507bed707b0e306d3b433,2026-08-01T06:13:57+00:00,189,142,160,86,5.577,512.2,21,fit:80de1342a3e9944829ab101957c8eddffd3d18cb805507bed707b0e306d3b433:segment:004,4,7525.0,7306,activities/108_260801060832.csv,1,1,0,0
fit:80de1342a3e9944829ab101957c8eddffd3d18cb805507bed707b0e306d3b433,2026-08-01T06:13:58+00:00,190,125,160,89,5.809,512.2,21,fit:80de1342a3e9944829ab101957c8eddffd3d18cb805507bed707b0e306d3b433:segment:004,4,7526.0,7307,activities/108_260801060832.csv,1,1,0,0
fit:80de1342a3e9944829ab101957c8eddffd3d18cb805507bed707b0e306d3b433,2026-08-01T06:13:59+00:00,191,206,159,84,5.966,512.2,21,fit:80de1342a3e9944829ab101957c8eddffd3d18cb805507bed707b0e306d3b433:segment:004,4,7527.0,7308,activities/108_260801060832.csv,1,1,0,0
fit:80de1342a3e9944829ab101957c8eddffd3d18cb805507bed707b0e306d3b433,2026-08-01T06:14:00+00:00,192,208,159,76,6.049,511.79999999999995,21,fit:80de1342a3e9944829ab101957c8eddffd3d18cb805507bed707b0e306d3b433:segment:004,4,7528.0,7309,activities/108_260801060832.csv,1,1,0,0
fit:80de1342a3e9944829ab101957c8eddffd3d18cb805507bed707b0e306d3b433,2026-08-01T06:14:01+00:00,193,191,159,78,6.384,511.79999999999995,21,fit:80de1342a3e9944829ab101957c8eddffd3d18cb805507bed707b0e306d3b433:segment:004,4,7529.0,7310,activities/108_260801060832.csv,1,1,0,0
fit:80de1342a3e9944829ab101957c8eddffd3d18cb805507bed707b0e306d3b433,2026-08-01T06:14:02+00:00,194,184,158,80,6.458,511.79999999999995,21,fit:80de1342a3e9944829ab101957c8eddffd3d18cb805507bed707b0e306d3b433:segment:004,4,7530.0,7311,activities/108_260801060832.csv,1,1,0,0
fit:80de1342a3e9944829ab101957c8eddffd3d18cb805507bed707b0e306d3b433,2026-08-01T06:14:03+00:00,195,184,157,80,6.796,511.79999999999995,21,fit:80de1342a3e9944829ab101957c8eddffd3d18cb805507bed707b0e306d3b433:segment:004,4,7531.0,7312,activities/108_260801060832.csv,1,1,0,0
fit:80de1342a3e9944829ab101957c8eddffd3d18cb805507bed707b0e306d3b433,2026-08-01T06:14:04+00:00,196,190,156,81,7.016,511.79999999999995,21,fit:80de1342a3e9944829ab101957c8eddffd3d18cb805507bed707b0e306d3b433:segment:004,4,7532.0,7313,activities/108_260801060832.csv,1,1,0,0
fit:80de1342a3e9944829ab101957c8eddffd3d18cb805507bed707b0e306d3b433,2026-08-01T06:14:05+00:00,197,226,155,80,6.817,512.2,21,fit:80de1342a3e9944829ab101957c8eddffd3d18cb805507bed707b0e306d3b433:segment:004,4,7533.0,7314,activities/108_260801060832.csv,1,1,0,0
fit:80de1342a3e9944829ab101957c8eddffd3d18cb805507bed707b0e306d3b433,2026-08-01T06:14:06+00:00,198,274,154,80,6.877,512.2,21,fit:80de1342a3e9944829ab101957c8eddffd3d18cb805507bed707b0e306d3b433:segment:004,4,7534.0,7315,activities/108_260801060832.csv,1,1,0,0
fit:80de1342a3e9944829ab101957c8eddffd3d18cb805507bed707b0e306d3b433,2026-08-01T06:14:07+00:00,199,259,154,78,6.756,512.6,21,fit:80de1342a3e9944829ab101957c8eddffd3d18cb805507bed707b0e306d3b433:segment:004,4,7535.0,7316,activities/108_260801060832.csv,1,1,0,0
fit:80de1342a3e9944829ab101957c8eddffd3d18cb805507bed707b0e306d3b433,2026-08-01T06:14:08+00:00,200,320,153,77,6.684,512.8,21,fit:80de1342a3e9944829ab101957c8eddffd3d18cb805507bed707b0e306d3b433:segment:004,4,7536.0,7317,activities/108_260801060832.csv,1,1,0,0
fit:80de1342a3e9944829ab101957c8eddffd3d18cb805507bed707b0e306d3b433,2026-08-01T06:14:09+00:00,201,302,152,82,6.551,513.0,21,fit:80de1342a3e9944829ab101957c8eddffd3d18cb805507bed707b0e306d3b433:segment:004,4,7537.0,7318,activities/108_260801060832.csv,1,1,0,0
fit:80de1342a3e9944829ab101957c8eddffd3d18cb805507bed707b0e306d3b433,2026-08-01T06:14:10+00:00,202,265,152,82,6.291,513.2,21,fit:80de1342a3e9944829ab101957c8eddffd3d18cb805507bed707b0e306d3b433:segment:004,4,7538.0,7319,activities/108_260801060832.csv,1,1,0,0
fit:80de1342a3e9944829ab101957c8eddffd3d18cb805507bed707b0e306d3b433,2026-08-01T06:14:11+00:00,203,255,151,81,6.213,513.6,21,fit:80de1342a3e9944829ab101957c8eddffd3d18cb805507bed707b0e306d3b433:segment:004,4,7539.0,7320,activities/108_260801060832.csv,1,1,0,0
fit:80de1342a3e9944829ab101957c8eddffd3d18cb805507bed707b0e306d3b433,2026-08-01T06:14:12+00:00,204,257,151,80,6.29,513.8,21,fit:80de1342a3e9944829ab101957c8eddffd3d18cb805507bed707b0e306d3b433:segment:004,4,7540.0,7321,activities/108_260801060832.csv,1,1,0,0
fit:80de1342a3e9944829ab101957c8eddffd3d18cb805507bed707b0e306d3b433,2026-08-01T06:14:13+00:00,205,277,150,80,6.17,514.2,21,fit:80de1342a3e9944829ab101957c8eddffd3d18cb805507bed707b0e306d3b433:segment:004,4,7541.0,7322,activities/108_260801060832.csv,1,1,0,0
fit:80de1342a3e9944829ab101957c8eddffd3d18cb805507bed707b0e306d3b433,2026-08-01T06:14:14+00:00,206,242,150,81,6.055,514.2,21,fit:80de1342a3e9944829ab101957c8eddffd3d18cb805507bed707b0e306d3b433:segment:004,4,7542.0,7323,activities/108_260801060832.csv,1,1,0,0
fit:80de1342a3e9944829ab101957c8eddffd3d18cb805507bed707b0e306d3b433,2026-08-01T06:14:15+00:00,207,204,150,81,6.098,514.2,21,fit:80de1342a3e9944829ab101957c8eddffd3d18cb805507bed707b0e306d3b433:segment:004,4,7543.0,7324,activities/108_260801060832.csv,1,1,0,0
fit:80de1342a3e9944829ab101957c8eddffd3d18cb805507bed707b0e306d3b433,2026-08-01T06:14:16+00:00,208,204,150,83,6.189,514.2,21,fit:80de1342a3e9944829ab101957c8eddffd3d18cb805507bed707b0e306d3b433:segment:004,4,7544.0,7325,activities/108_260801060832.csv,1,1,0,0
fit:80de1342a3e9944829ab101957c8eddffd3d18cb805507bed707b0e306d3b433,2026-08-01T06:14:17+00:00,209,161,150,83,6.043,514.2,21,fit:80de1342a3e9944829ab101957c8eddffd3d18cb805507bed707b0e306d3b433:segment:004,4,7545.0,7326,activities/108_260801060832.csv,1,1,0,0
fit:80de1342a3e9944829ab101957c8eddffd3d18cb805507bed707b0e306d3b433,2026-08-01T06:14:18+00:00,210,196,150,84,5.979,514.8,21,fit:80de1342a3e9944829ab101957c8eddffd3d18cb805507bed707b0e306d3b433:segment:004,4,7546.0,7327,activities/108_260801060832.csv,1,1,0,0
fit:80de1342a3e9944829ab101957c8eddffd3d18cb805507bed707b0e306d3b433,2026-08-01T06:14:19+00:00,211,196,150,85,6.023,515.2,21,fit:80de1342a3e9944829ab101957c8eddffd3d18cb805507bed707b0e306d3b433:segment:004,4,7547.0,7328,activities/108_260801060832.csv,1,1,0,0
fit:80de1342a3e9944829ab101957c8eddffd3d18cb805507bed707b0e306d3b433,2026-08-01T06:14:20+00:00,212,195,151,85,6.412,515.2,21,fit:80de1342a3e9944829ab101957c8eddffd3d18cb805507bed707b0e306d3b433:segment:004,4,7548.0,7329,activities/108_260801060832.csv,1,1,0,0
fit:80de1342a3e9944829ab101957c8eddffd3d18cb805507bed707b0e306d3b433,2026-08-01T06:14:21+00:00,213,101,151,93,6.563,515.2,21,fit:80de1342a3e9944829ab101957c8eddffd3d18cb805507bed707b0e306d3b433:segment:004,4,7549.0,7330,activities/108_260801060832.csv,1,1,0,0
fit:80de1342a3e9944829ab101957c8eddffd3d18cb805507bed707b0e306d3b433,2026-08-01T06:14:22+00:00,214,102,151,96,6.808,514.4,21,fit:80de1342a3e9944829ab101957c8eddffd3d18cb805507bed707b0e306d3b433:segment:004,4,7550.0,7331,activities/108_260801060832.csv,1,1,0,0
fit:80de1342a3e9944829ab101957c8eddffd3d18cb805507bed707b0e306d3b433,2026-08-01T06:14:23+00:00,215,104,151,96,6.976,514.0,21,fit:80de1342a3e9944829ab101957c8eddffd3d18cb805507bed707b0e306d3b433:segment:004,4,7551.0,7332,activities/108_260801060832.csv,1,1,0,0
fit:80de1342a3e9944829ab101957c8eddffd3d18cb805507bed707b0e306d3b433,2026-08-01T06:14:24+00:00,216,101,150,99,7.306,513.8,21,fit:80de1342a3e9944829ab101957c8eddffd3d18cb805507bed707b0e306d3b433:segment:004,4,7552.0,7333,activities/108_260801060832.csv,1,1,0,0
fit:80de1342a3e9944829ab101957c8eddffd3d18cb805507bed707b0e306d3b433,2026-08-01T06:14:25+00:00,217,102,150,94,7.504,513.4,21,fit:80de1342a3e9944829ab101957c8eddffd3d18cb805507bed707b0e306d3b433:segment:004,4,7553.0,7334,activities/108_260801060832.csv,1,1,0,0
fit:80de1342a3e9944829ab101957c8eddffd3d18cb805507bed707b0e306d3b433,2026-08-01T06:14:26+00:00,218,102,150,94,7.688,513.2,21,fit:80de1342a3e9944829ab101957c8eddffd3d18cb805507bed707b0e306d3b433:segment:004,4,7554.0,7335,activities/108_260801060832.csv,1,1,0,0
fit:80de1342a3e9944829ab101957c8eddffd3d18cb805507bed707b0e306d3b433,2026-08-01T06:14:27+00:00,219,277,149,94,7.751,512.8,21,fit:80de1342a3e9944829ab101957c8eddffd3d18cb805507bed707b0e306d3b433:segment:004,4,7555.0,7336,activities/108_260801060832.csv,1,1,0,0
fit:80de1342a3e9944829ab101957c8eddffd3d18cb805507bed707b0e306d3b433,2026-08-01T06:14:28+00:00,220,196,148,95,7.842,512.8,21,fit:80de1342a3e9944829ab101957c8eddffd3d18cb805507bed707b0e306d3b433:segment:004,4,7556.0,7337,activities/108_260801060832.csv,1,1,0,0
fit:80de1342a3e9944829ab101957c8eddffd3d18cb805507bed707b0e306d3b433,2026-08-01T06:14:29+00:00,221,241,148,97,8.0,512.8,21,fit:80de1342a3e9944829ab101957c8eddffd3d18cb805507bed707b0e306d3b433:segment:004,4,7557.0,7338,activities/108_260801060832.csv,1,1,0,0
fit:80de1342a3e9944829ab101957c8eddffd3d18cb805507bed707b0e306d3b433,2026-08-01T06:14:30+00:00,222,156,147,99,8.221,512.8,21,fit:80de1342a3e9944829ab101957c8eddffd3d18cb805507bed707b0e306d3b433:segment:004,4,7558.0,7339,activities/108_260801060832.csv,1,1,0,0
fit:80de1342a3e9944829ab101957c8eddffd3d18cb805507bed707b0e306d3b433,2026-08-01T06:14:31+00:00,223,160,147,103,8.739,512.4,21,fit:80de1342a3e9944829ab101957c8eddffd3d18cb805507bed707b0e306d3b433:segment:004,4,7559.0,7340,activities/108_260801060832.csv,1,1,0,0
fit:80de1342a3e9944829ab101957c8eddffd3d18cb805507bed707b0e306d3b433,2026-08-01T06:14:32+00:00,224,160,147,105,8.896,512.2,21,fit:80de1342a3e9944829ab101957c8eddffd3d18cb805507bed707b0e306d3b433:segment:004,4,7560.0,7341,activities/108_260801060832.csv,1,1,0,0
fit:80de1342a3e9944829ab101957c8eddffd3d18cb805507bed707b0e306d3b433,2026-08-01T06:14:33+00:00,225,160,147,75,9.048,511.6,21,fit:80de1342a3e9944829ab101957c8eddffd3d18cb805507bed707b0e306d3b433:segment:004,4,7561.0,7342,activities/108_260801060832.csv,1,1,0,0
fit:80de1342a3e9944829ab101957c8eddffd3d18cb805507bed707b0e306d3b433,2026-08-01T06:14:34+00:00,226,160,147,52,8.976,511.6,21,fit:80de1342a3e9944829ab101957c8eddffd3d18cb805507bed707b0e306d3b433:segment:004,4,7562.0,7343,activities/108_260801060832.csv,1,1,0,0
fit:80de1342a3e9944829ab101957c8eddffd3d18cb805507bed707b0e306d3b433,2026-08-01T06:14:35+00:00,227,25,146,52,8.973,511.6,21,fit:80de1342a3e9944829ab101957c8eddffd3d18cb805507bed707b0e306d3b433:segment:004,4,7563.0,7344,activities/108_260801060832.csv,1,1,0,0
fit:80de1342a3e9944829ab101957c8eddffd3d18cb805507bed707b0e306d3b433,2026-08-01T06:14:36+00:00,228,148,146,32,9.042,511.6,21,fit:80de1342a3e9944829ab101957c8eddffd3d18cb805507bed707b0e306d3b433:segment:004,4,7564.0,7345,activities/108_260801060832.csv,1,1,0,0
fit:80de1342a3e9944829ab101957c8eddffd3d18cb805507bed707b0e306d3b433,2026-08-01T06:14:37+00:00,229,148,146,71,9.453,511.6,21,fit:80de1342a3e9944829ab101957c8eddffd3d18cb805507bed707b0e306d3b433:segment:004,4,7565.0,7346,activities/108_260801060832.csv,1,1,0,0
fit:80de1342a3e9944829ab101957c8eddffd3d18cb805507bed707b0e306d3b433,2026-08-01T06:14:38+00:00,230,172,146,71,9.893,510.6,21,fit:80de1342a3e9944829ab101957c8eddffd3d18cb805507bed707b0e306d3b433:segment:004,4,7566.0,7347,activities/108_260801060832.csv,1,1,0,0
fit:80de1342a3e9944829ab101957c8eddffd3d18cb805507bed707b0e306d3b433,2026-08-01T06:14:39+00:00,231,90,145,77,10.418,509.6,21,fit:80de1342a3e9944829ab101957c8eddffd3d18cb805507bed707b0e306d3b433:segment:004,4,7567.0,7348,activities/108_260801060832.csv,1,1,0,0
fit:80de1342a3e9944829ab101957c8eddffd3d18cb805507bed707b0e306d3b433,2026-08-01T06:14:40+00:00,232,91,144,83,10.979,508.6,21,fit:80de1342a3e9944829ab101957c8eddffd3d18cb805507bed707b0e306d3b433:segment:004,4,7568.0,7349,activities/108_260801060832.csv,1,1,0,0
fit:80de1342a3e9944829ab101957c8eddffd3d18cb805507bed707b0e306d3b433,2026-08-01T06:14:41+00:00,233,91,144,83,11.579,507.6,21,fit:80de1342a3e9944829ab101957c8eddffd3d18cb805507bed707b0e306d3b433:segment:004,4,7569.0,7350,activities/108_260801060832.csv,1,1,0,0
fit:80de1342a3e9944829ab101957c8eddffd3d18cb805507bed707b0e306d3b433,2026-08-01T06:14:42+00:00,234,91,144,83,12.008,506.6,21,fit:80de1342a3e9944829ab101957c8eddffd3d18cb805507bed707b0e306d3b433:segment:004,4,7570.0,7351,activities/108_260801060832.csv,1,1,0,0
fit:80de1342a3e9944829ab101957c8eddffd3d18cb805507bed707b0e306d3b433,2026-08-01T06:14:43+00:00,235,0,144,83,12.499,505.6,21,fit:80de1342a3e9944829ab101957c8eddffd3d18cb805507bed707b0e306d3b433:segment:004,4,7571.0,7352,activities/108_260801060832.csv,1,1,0,0
fit:80de1342a3e9944829ab101957c8eddffd3d18cb805507bed707b0e306d3b433,2026-08-01T06:14:44+00:00,236,0,144,0,13.091,504.6,21,fit:80de1342a3e9944829ab101957c8eddffd3d18cb805507bed707b0e306d3b433:segment:004,4,7572.0,7353,activities/108_260801060832.csv,1,1,0,0
fit:80de1342a3e9944829ab101957c8eddffd3d18cb805507bed707b0e306d3b433,2026-08-01T06:14:45+00:00,237,0,143,0,13.411,503.6,21,fit:80de1342a3e9944829ab101957c8eddffd3d18cb805507bed707b0e306d3b433:segment:004,4,7573.0,7354,activities/108_260801060832.csv,1,1,0,0
fit:80de1342a3e9944829ab101957c8eddffd3d18cb805507bed707b0e306d3b433,2026-08-01T06:14:46+00:00,238,0,142,0,13.784,502.6,21,fit:80de1342a3e9944829ab101957c8eddffd3d18cb805507bed707b0e306d3b433:segment:004,4,7574.0,7355,activities/108_260801060832.csv,1,1,0,0
fit:80de1342a3e9944829ab101957c8eddffd3d18cb805507bed707b0e306d3b433,2026-08-01T06:14:47+00:00,239,0,142,0,14.015,501.6,21,fit:80de1342a3e9944829ab101957c8eddffd3d18cb805507bed707b0e306d3b433:segment:004,4,7575.0,7356,activities/108_260801060832.csv,1,1,0,0
fit:80de1342a3e9944829ab101957c8eddffd3d18cb805507bed707b0e306d3b433,2026-08-01T06:14:48+00:00,240,0,141,0,14.292,500.6,21,fit:80de1342a3e9944829ab101957c8eddffd3d18cb805507bed707b0e306d3b433:segment:004,4,7576.0,7357,activities/108_260801060832.csv,1,1,0,0
fit:80de1342a3e9944829ab101957c8eddffd3d18cb805507bed707b0e306d3b433,2026-08-01T06:14:49+00:00,241,0,140,0,14.756,499.6,21,fit:80de1342a3e9944829ab101957c8eddffd3d18cb805507bed707b0e306d3b433:segment:004,4,7577.0,7358,activities/108_260801060832.csv,1,1,0,0
fit:80de1342a3e9944829ab101957c8eddffd3d18cb805507bed707b0e306d3b433,2026-08-01T06:14:50+00:00,242,0,140,0,15.083,498.6,21,fit:80de1342a3e9944829ab101957c8eddffd3d18cb805507bed707b0e306d3b433:segment:004,4,7578.0,7359,activities/108_260801060832.csv,1,1,0,0
fit:80de1342a3e9944829ab101957c8eddffd3d18cb805507bed707b0e306d3b433,2026-08-01T06:14:51+00:00,243,0,138,0,15.153,497.6,21,fit:80de1342a3e9944829ab101957c8eddffd3d18cb805507bed707b0e306d3b433:segment:004,4,7579.0,7360,activities/108_260801060832.csv,1,1,0,0
fit:80de1342a3e9944829ab101957c8eddffd3d18cb805507bed707b0e306d3b433,2026-08-01T06:14:52+00:00,244,0,137,0,15.312,496.6,21,fit:80de1342a3e9944829ab101957c8eddffd3d18cb805507bed707b0e306d3b433:segment:004,4,7580.0,7361,activities/108_260801060832.csv,1,1,0,0
fit:80de1342a3e9944829ab101957c8eddffd3d18cb805507bed707b0e306d3b433,2026-08-01T06:14:53+00:00,245,0,135,0,15.537,495.6,21,fit:80de1342a3e9944829ab101957c8eddffd3d18cb805507bed707b0e306d3b433:segment:004,4,7581.0,7362,activities/108_260801060832.csv,1,1,0,0
fit:80de1342a3e9944829ab101957c8eddffd3d18cb805507bed707b0e306d3b433,2026-08-01T06:14:54+00:00,246,0,135,0,15.792,494.6,21,fit:80de1342a3e9944829ab101957c8eddffd3d18cb805507bed707b0e306d3b433:segment:004,4,7582.0,7363,activities/108_260801060832.csv,1,1,0,0
fit:80de1342a3e9944829ab101957c8eddffd3d18cb805507bed707b0e306d3b433,2026-08-01T06:14:55+00:00,247,0,132,0,15.963,493.6,21,fit:80de1342a3e9944829ab101957c8eddffd3d18cb805507bed707b0e306d3b433:segment:004,4,7583.0,7364,activities/108_260801060832.csv,1,1,0,0
fit:80de1342a3e9944829ab101957c8eddffd3d18cb805507bed707b0e306d3b433,2026-08-01T06:14:56+00:00,248,0,130,0,16.083,492.6,21,fit:80de1342a3e9944829ab101957c8eddffd3d18cb805507bed707b0e306d3b433:segment:004,4,7584.0,7365,activities/108_260801060832.csv,1,1,0,0
fit:80de1342a3e9944829ab101957c8eddffd3d18cb805507bed707b0e306d3b433,2026-08-01T06:14:57+00:00,249,38,130,0,16.261,491.6,21,fit:80de1342a3e9944829ab101957c8eddffd3d18cb805507bed707b0e306d3b433:segment:004,4,7585.0,7366,activities/108_260801060832.csv,1,1,0,0
fit:80de1342a3e9944829ab101957c8eddffd3d18cb805507bed707b0e306d3b433,2026-08-01T06:14:58+00:00,250,160,127,97,16.639,490.6,21,fit:80de1342a3e9944829ab101957c8eddffd3d18cb805507bed707b0e306d3b433:segment:004,4,7586.0,7367,activities/108_260801060832.csv,1,1,0,0
fit:80de1342a3e9944829ab101957c8eddffd3d18cb805507bed707b0e306d3b433,2026-08-01T06:14:59+00:00,251,179,125,99,16.941,489.6,21,fit:80de1342a3e9944829ab101957c8eddffd3d18cb805507bed707b0e306d3b433:segment:004,4,7587.0,7368,activities/108_260801060832.csv,1,1,0,0
fit:80de1342a3e9944829ab101957c8eddffd3d18cb805507bed707b0e306d3b433,2026-08-01T06:15:00+00:00,252,225,124,100,17.013,488.6,21,fit:80de1342a3e9944829ab101957c8eddffd3d18cb805507bed707b0e306d3b433:segment:004,4,7588.0,7369,activities/108_260801060832.csv,1,1,0,0
fit:80de1342a3e9944829ab101957c8eddffd3d18cb805507bed707b0e306d3b433,2026-08-01T06:15:01+00:00,253,226,124,99,17.17,487.6,21,fit:80de1342a3e9944829ab101957c8eddffd3d18cb805507bed707b0e306d3b433:segment:004,4,7589.0,7370,activities/108_260801060832.csv,1,1,0,0
fit:80de1342a3e9944829ab101957c8eddffd3d18cb805507bed707b0e306d3b433,2026-08-01T06:15:02+00:00,254,214,124,99,16.799,486.6,21,fit:80de1342a3e9944829ab101957c8eddffd3d18cb805507bed707b0e306d3b433:segment:004,4,7590.0,7371,activities/108_260801060832.csv,1,1,0,0
fit:80de1342a3e9944829ab101957c8eddffd3d18cb805507bed707b0e306d3b433,2026-08-01T06:15:03+00:00,255,207,125,97,16.502,485.6,21,fit:80de1342a3e9944829ab101957c8eddffd3d18cb805507bed707b0e306d3b433:segment:004,4,7591.0,7372,activities/108_260801060832.csv,1,1,0,0
fit:80de1342a3e9944829ab101957c8eddffd3d18cb805507bed707b0e306d3b433,2026-08-01T06:15:04+00:00,256,157,126,95,16.293,484.6,21,fit:80de1342a3e9944829ab101957c8eddffd3d18cb805507bed707b0e306d3b433:segment:004,4,7592.0,7373,activities/108_260801060832.csv,1,1,0,0
fit:80de1342a3e9944829ab101957c8eddffd3d18cb805507bed707b0e306d3b433,2026-08-01T06:15:05+00:00,257,141,126,94,16.209,483.6,21,fit:80de1342a3e9944829ab101957c8eddffd3d18cb805507bed707b0e306d3b433:segment:004,4,7593.0,7374,activities/108_260801060832.csv,1,1,0,0
fit:80de1342a3e9944829ab101957c8eddffd3d18cb805507bed707b0e306d3b433,2026-08-01T06:15:06+00:00,258,140,127,96,16.189,482.6,21,fit:80de1342a3e9944829ab101957c8eddffd3d18cb805507bed707b0e306d3b433:segment:004,4,7594.0,7375,activities/108_260801060832.csv,1,1,0,0
fit:80de1342a3e9944829ab101957c8eddffd3d18cb805507bed707b0e306d3b433,2026-08-01T06:15:07+00:00,259,120,128,96,16.319,481.6,21,fit:80de1342a3e9944829ab101957c8eddffd3d18cb805507bed707b0e306d3b433:segment:004,4,7595.0,7376,activities/108_260801060832.csv,1,1,0,0
fit:80de1342a3e9944829ab101957c8eddffd3d18cb805507bed707b0e306d3b433,2026-08-01T06:15:08+00:00,260,121,128,94,16.418,480.6,21,fit:80de1342a3e9944829ab101957c8eddffd3d18cb805507bed707b0e306d3b433:segment:004,4,7596.0,7377,activities/108_260801060832.csv,1,1,0,0
fit:80de1342a3e9944829ab101957c8eddffd3d18cb805507bed707b0e306d3b433,2026-08-01T06:15:09+00:00,261,121,128,94,16.465,479.6,21,fit:80de1342a3e9944829ab101957c8eddffd3d18cb805507bed707b0e306d3b433:segment:004,4,7597.0,7378,activities/108_260801060832.csv,1,1,0,0
fit:80de1342a3e9944829ab101957c8eddffd3d18cb805507bed707b0e306d3b433,2026-08-01T06:15:10+00:00,262,121,128,94,16.385,478.6,21,fit:80de1342a3e9944829ab101957c8eddffd3d18cb805507bed707b0e306d3b433:segment:004,4,7598.0,7379,activities/108_260801060832.csv,1,1,0,0
fit:80de1342a3e9944829ab101957c8eddffd3d18cb805507bed707b0e306d3b433,2026-08-01T06:15:11+00:00,263,121,127,94,16.136,477.6,21,fit:80de1342a3e9944829ab101957c8eddffd3d18cb805507bed707b0e306d3b433:segment:004,4,7599.0,7380,activities/108_260801060832.csv,1,1,0,0
fit:80de1342a3e9944829ab101957c8eddffd3d18cb805507bed707b0e306d3b433,2026-08-01T06:15:12+00:00,264,6,127,94,15.697,476.6,21,fit:80de1342a3e9944829ab101957c8eddffd3d18cb805507bed707b0e306d3b433:segment:004,4,7600.0,7381,activities/108_260801060832.csv,1,1,0,0
fit:80de1342a3e9944829ab101957c8eddffd3d18cb805507bed707b0e306d3b433,2026-08-01T06:15:13+00:00,265,100,127,0,15.13,475.6,21,fit:80de1342a3e9944829ab101957c8eddffd3d18cb805507bed707b0e306d3b433:segment:004,4,7601.0,7382,activities/108_260801060832.csv,1,1,0,0
fit:80de1342a3e9944829ab101957c8eddffd3d18cb805507bed707b0e306d3b433,2026-08-01T06:15:14+00:00,266,100,126,85,14.642,475.0,21,fit:80de1342a3e9944829ab101957c8eddffd3d18cb805507bed707b0e306d3b433:segment:004,4,7602.0,7383,activities/108_260801060832.csv,1,1,0,0
fit:80de1342a3e9944829ab101957c8eddffd3d18cb805507bed707b0e306d3b433,2026-08-01T06:15:15+00:00,267,100,126,85,14.247,474.0,21,fit:80de1342a3e9944829ab101957c8eddffd3d18cb805507bed707b0e306d3b433:segment:004,4,7603.0,7384,activities/108_260801060832.csv,1,1,0,0
fit:80de1342a3e9944829ab101957c8eddffd3d18cb805507bed707b0e306d3b433,2026-08-01T06:15:16+00:00,268,100,125,85,13.707,474.0,21,fit:80de1342a3e9944829ab101957c8eddffd3d18cb805507bed707b0e306d3b433:segment:004,4,7604.0,7385,activities/108_260801060832.csv,1,1,0,0
fit:80de1342a3e9944829ab101957c8eddffd3d18cb805507bed707b0e306d3b433,2026-08-01T06:15:17+00:00,269,92,125,85,13.239,474.0,21,fit:80de1342a3e9944829ab101957c8eddffd3d18cb805507bed707b0e306d3b433:segment:004,4,7605.0,7386,activities/108_260801060832.csv,1,1,0,0
fit:80de1342a3e9944829ab101957c8eddffd3d18cb805507bed707b0e306d3b433,2026-08-01T06:15:18+00:00,270,83,125,80,12.456,475.0,21,fit:80de1342a3e9944829ab101957c8eddffd3d18cb805507bed707b0e306d3b433:segment:004,4,7606.0,7387,activities/108_260801060832.csv,1,1,0,0
fit:80de1342a3e9944829ab101957c8eddffd3d18cb805507bed707b0e306d3b433,2026-08-01T06:15:19+00:00,271,22,124,76,11.972,476.0,21,fit:80de1342a3e9944829ab101957c8eddffd3d18cb805507bed707b0e306d3b433:segment:004,4,7607.0,7388,activities/108_260801060832.csv,1,1,0,0
fit:80de1342a3e9944829ab101957c8eddffd3d18cb805507bed707b0e306d3b433,2026-08-01T06:15:20+00:00,272,36,124,59,11.343,477.0,21,fit:80de1342a3e9944829ab101957c8eddffd3d18cb805507bed707b0e306d3b433:segment:004,4,7608.0,7389,activities/108_260801060832.csv,1,1,0,0
fit:80de1342a3e9944829ab101957c8eddffd3d18cb805507bed707b0e306d3b433,2026-08-01T06:15:21+00:00,273,296,124,61,10.636,477.0,21,fit:80de1342a3e9944829ab101957c8eddffd3d18cb805507bed707b0e306d3b433:segment:004,4,7609.0,7390,activities/108_260801060832.csv,1,1,0,0
fit:80de1342a3e9944829ab101957c8eddffd3d18cb805507bed707b0e306d3b433,2026-08-01T06:15:22+00:00,274,385,123,79,10.045,477.79999999999995,21,fit:80de1342a3e9944829ab101957c8eddffd3d18cb805507bed707b0e306d3b433:segment:004,4,7610.0,7391,activities/108_260801060832.csv,1,1,0,0
fit:80de1342a3e9944829ab101957c8eddffd3d18cb805507bed707b0e306d3b433,2026-08-01T06:15:23+00:00,275,347,123,78,9.726,478.20000000000005,21,fit:80de1342a3e9944829ab101957c8eddffd3d18cb805507bed707b0e306d3b433:segment:004,4,7611.0,7392,activities/108_260801060832.csv,1,1,0,0
fit:80de1342a3e9944829ab101957c8eddffd3d18cb805507bed707b0e306d3b433,2026-08-01T06:15:24+00:00,276,357,123,78,9.504,478.20000000000005,21,fit:80de1342a3e9944829ab101957c8eddffd3d18cb805507bed707b0e306d3b433:segment:004,4,7612.0,7393,activities/108_260801060832.csv,1,1,0,0
fit:80de1342a3e9944829ab101957c8eddffd3d18cb805507bed707b0e306d3b433,2026-08-01T06:15:25+00:00,277,320,123,78,9.517,478.20000000000005,21,fit:80de1342a3e9944829ab101957c8eddffd3d18cb805507bed707b0e306d3b433:segment:004,4,7613.0,7394,activities/108_260801060832.csv,1,1,0,0
fit:80de1342a3e9944829ab101957c8eddffd3d18cb805507bed707b0e306d3b433,2026-08-01T06:15:26+00:00,278,283,124,78,9.448,478.20000000000005,21,fit:80de1342a3e9944829ab101957c8eddffd3d18cb805507bed707b0e306d3b433:segment:004,4,7614.0,7395,activities/108_260801060832.csv,1,1,0,0
fit:80de1342a3e9944829ab101957c8eddffd3d18cb805507bed707b0e306d3b433,2026-08-01T06:15:27+00:00,279,297,125,77,9.507,478.20000000000005,21,fit:80de1342a3e9944829ab101957c8eddffd3d18cb805507bed707b0e306d3b433:segment:004,4,7615.0,7396,activities/108_260801060832.csv,1,1,0,0
fit:80de1342a3e9944829ab101957c8eddffd3d18cb805507bed707b0e306d3b433,2026-08-01T06:15:28+00:00,280,261,125,77,9.599,478.20000000000005,21,fit:80de1342a3e9944829ab101957c8eddffd3d18cb805507bed707b0e306d3b433:segment:004,4,7616.0,7397,activities/108_260801060832.csv,1,1,0,0
fit:80de1342a3e9944829ab101957c8eddffd3d18cb805507bed707b0e306d3b433,2026-08-01T06:15:29+00:00,281,285,127,87,9.335,478.20000000000005,21,fit:80de1342a3e9944829ab101957c8eddffd3d18cb805507bed707b0e306d3b433:segment:004,4,7617.0,7398,activities/108_260801060832.csv,1,1,0,0
fit:80de1342a3e9944829ab101957c8eddffd3d18cb805507bed707b0e306d3b433,2026-08-01T06:15:30+00:00,282,319,129,87,9.255,479.0,21,fit:80de1342a3e9944829ab101957c8eddffd3d18cb805507bed707b0e306d3b433:segment:004,4,7618.0,7399,activities/108_260801060832.csv,1,1,0,0
fit:80de1342a3e9944829ab101957c8eddffd3d18cb805507bed707b0e306d3b433,2026-08-01T06:15:31+00:00,283,265,130,87,9.129,479.6,21,fit:80de1342a3e9944829ab101957c8eddffd3d18cb805507bed707b0e306d3b433:segment:004,4,7619.0,7400,activities/108_260801060832.csv,1,1,0,0
fit:80de1342a3e9944829ab101957c8eddffd3d18cb805507bed707b0e306d3b433,2026-08-01T06:15:32+00:00,284,272,130,87,9.227,479.6,21,fit:80de1342a3e9944829ab101957c8eddffd3d18cb805507bed707b0e306d3b433:segment:004,4,7620.0,7401,activities/108_260801060832.csv,1,1,0,0
fit:80de1342a3e9944829ab101957c8eddffd3d18cb805507bed707b0e306d3b433,2026-08-01T06:15:33+00:00,285,210,132,86,9.049,479.6,21,fit:80de1342a3e9944829ab101957c8eddffd3d18cb805507bed707b0e306d3b433:segment:004,4,7621.0,7402,activities/108_260801060832.csv,1,1,0,0
fit:80de1342a3e9944829ab101957c8eddffd3d18cb805507bed707b0e306d3b433,2026-08-01T06:15:34+00:00,286,210,134,85,9.438,479.4,20,fit:80de1342a3e9944829ab101957c8eddffd3d18cb805507bed707b0e306d3b433:segment:004,4,7622.0,7403,activities/108_260801060832.csv,1,1,0,0
fit:80de1342a3e9944829ab101957c8eddffd3d18cb805507bed707b0e306d3b433,2026-08-01T06:15:35+00:00,287,198,135,85,9.362,479.4,20,fit:80de1342a3e9944829ab101957c8eddffd3d18cb805507bed707b0e306d3b433:segment:004,4,7623.0,7404,activities/108_260801060832.csv,1,1,0,0
fit:80de1342a3e9944829ab101957c8eddffd3d18cb805507bed707b0e306d3b433,2026-08-01T06:15:36+00:00,288,214,135,84,9.103,479.4,20,fit:80de1342a3e9944829ab101957c8eddffd3d18cb805507bed707b0e306d3b433:segment:004,4,7624.0,7405,activities/108_260801060832.csv,1,1,0,0
fit:80de1342a3e9944829ab101957c8eddffd3d18cb805507bed707b0e306d3b433,2026-08-01T06:15:37+00:00,289,221,137,83,9.047,479.4,20,fit:80de1342a3e9944829ab101957c8eddffd3d18cb805507bed707b0e306d3b433:segment:004,4,7625.0,7406,activities/108_260801060832.csv,1,1,0,0
fit:80de1342a3e9944829ab101957c8eddffd3d18cb805507bed707b0e306d3b433,2026-08-01T06:15:38+00:00,290,231,138,82,9.211,479.6,20,fit:80de1342a3e9944829ab101957c8eddffd3d18cb805507bed707b0e306d3b433:segment:004,4,7626.0,7407,activities/108_260801060832.csv,1,1,0,0
fit:80de1342a3e9944829ab101957c8eddffd3d18cb805507bed707b0e306d3b433,2026-08-01T06:15:39+00:00,291,220,139,79,8.91,479.6,20,fit:80de1342a3e9944829ab101957c8eddffd3d18cb805507bed707b0e306d3b433:segment:004,4,7627.0,7408,activities/108_260801060832.csv,1,1,0,0
fit:80de1342a3e9944829ab101957c8eddffd3d18cb805507bed707b0e306d3b433,2026-08-01T06:15:40+00:00,292,211,139,77,8.528,479.6,20,fit:80de1342a3e9944829ab101957c8eddffd3d18cb805507bed707b0e306d3b433:segment:004,4,7628.0,7409,activities/108_260801060832.csv,1,1,0,0
fit:80de1342a3e9944829ab101957c8eddffd3d18cb805507bed707b0e306d3b433,2026-08-01T06:15:41+00:00,293,227,140,81,8.222,479.6,20,fit:80de1342a3e9944829ab101957c8eddffd3d18cb805507bed707b0e306d3b433:segment:004,4,7629.0,7410,activities/108_260801060832.csv,1,1,0,0
fit:80de1342a3e9944829ab101957c8eddffd3d18cb805507bed707b0e306d3b433,2026-08-01T06:15:42+00:00,294,227,140,79,7.992,480.6,20,fit:80de1342a3e9944829ab101957c8eddffd3d18cb805507bed707b0e306d3b433:segment:004,4,7630.0,7411,activities/108_260801060832.csv,1,1,0,0
fit:80de1342a3e9944829ab101957c8eddffd3d18cb805507bed707b0e306d3b433,2026-08-01T06:15:43+00:00,295,270,140,79,7.649,481.6,20,fit:80de1342a3e9944829ab101957c8eddffd3d18cb805507bed707b0e306d3b433:segment:004,4,7631.0,7412,activities/108_260801060832.csv,1,1,0,0
fit:80de1342a3e9944829ab101957c8eddffd3d18cb805507bed707b0e306d3b433,2026-08-01T06:15:44+00:00,296,55,140,75,7.19,482.20000000000005,20,fit:80de1342a3e9944829ab101957c8eddffd3d18cb805507bed707b0e306d3b433:segment:004,4,7632.0,7413,activities/108_260801060832.csv,1,1,0,0
fit:80de1342a3e9944829ab101957c8eddffd3d18cb805507bed707b0e306d3b433,2026-08-01T06:15:45+00:00,297,62,140,70,6.843,483.20000000000005,20,fit:80de1342a3e9944829ab101957c8eddffd3d18cb805507bed707b0e306d3b433:segment:004,4,7633.0,7414,activities/108_260801060832.csv,1,1,0,0
fit:80de1342a3e9944829ab101957c8eddffd3d18cb805507bed707b0e306d3b433,2026-08-01T06:15:46+00:00,298,310,140,72,6.507,484.0,20,fit:80de1342a3e9944829ab101957c8eddffd3d18cb805507bed707b0e306d3b433:segment:004,4,7634.0,7415,activities/108_260801060832.csv,1,1,0,0
fit:80de1342a3e9944829ab101957c8eddffd3d18cb805507bed707b0e306d3b433,2026-08-01T06:15:47+00:00,299,334,140,72,6.233,484.0,20,fit:80de1342a3e9944829ab101957c8eddffd3d18cb805507bed707b0e306d3b433:segment:004,4,7635.0,7416,activities/108_260801060832.csv,1,1,0,0
fit:80de1342a3e9944829ab101957c8eddffd3d18cb805507bed707b0e306d3b433,2026-08-01T06:15:48+00:00,300,387,139,72,6.027,484.0,20,fit:80de1342a3e9944829ab101957c8eddffd3d18cb805507bed707b0e306d3b433:segment:004,4,7636.0,7417,activities/108_260801060832.csv,1,1,0,0
fit:80de1342a3e9944829ab101957c8eddffd3d18cb805507bed707b0e306d3b433,2026-08-01T06:15:49+00:00,301,384,139,71,5.956,484.0,20,fit:80de1342a3e9944829ab101957c8eddffd3d18cb805507bed707b0e306d3b433:segment:004,4,7637.0,7418,activities/108_260801060832.csv,1,1,0,0
fit:80de1342a3e9944829ab101957c8eddffd3d18cb805507bed707b0e306d3b433,2026-08-01T06:15:50+00:00,302,428,139,72,5.841,485.0,20,fit:80de1342a3e9944829ab101957c8eddffd3d18cb805507bed707b0e306d3b433:segment:004,4,7638.0,7419,activities/108_260801060832.csv,1,1,0,0
fit:80de1342a3e9944829ab101957c8eddffd3d18cb805507bed707b0e306d3b433,2026-08-01T06:15:51+00:00,303,399,140,72,5.946,485.4,20,fit:80de1342a3e9944829ab101957c8eddffd3d18cb805507bed707b0e306d3b433:segment:004,4,7639.0,7420,activities/108_260801060832.csv,1,1,0,0
fit:80de1342a3e9944829ab101957c8eddffd3d18cb805507bed707b0e306d3b433,2026-08-01T06:15:52+00:00,304,407,140,74,5.89,485.6,20,fit:80de1342a3e9944829ab101957c8eddffd3d18cb805507bed707b0e306d3b433:segment:004,4,7640.0,7421,activities/108_260801060832.csv,1,1,0,0
fit:80de1342a3e9944829ab101957c8eddffd3d18cb805507bed707b0e306d3b433,2026-08-01T06:15:53+00:00,305,432,141,75,5.993,485.79999999999995,20,fit:80de1342a3e9944829ab101957c8eddffd3d18cb805507bed707b0e306d3b433:segment:004,4,7641.0,7422,activities/108_260801060832.csv,1,1,0,0
fit:80de1342a3e9944829ab101957c8eddffd3d18cb805507bed707b0e306d3b433,2026-08-01T06:15:54+00:00,306,427,141,75,6.206,486.0,20,fit:80de1342a3e9944829ab101957c8eddffd3d18cb805507bed707b0e306d3b433:segment:004,4,7642.0,7423,activities/108_260801060832.csv,1,1,0,0
fit:80de1342a3e9944829ab101957c8eddffd3d18cb805507bed707b0e306d3b433,2026-08-01T06:15:55+00:00,307,449,142,74,6.072,486.4,20,fit:80de1342a3e9944829ab101957c8eddffd3d18cb805507bed707b0e306d3b433:segment:004,4,7643.0,7424,activities/108_260801060832.csv,1,1,0,0
fit:80de1342a3e9944829ab101957c8eddffd3d18cb805507bed707b0e306d3b433,2026-08-01T06:15:56+00:00,308,449,143,74,6.313,486.4,20,fit:80de1342a3e9944829ab101957c8eddffd3d18cb805507bed707b0e306d3b433:segment:004,4,7644.0,7425,activities/108_260801060832.csv,1,1,0,0
fit:80de1342a3e9944829ab101957c8eddffd3d18cb805507bed707b0e306d3b433,2026-08-01T06:15:57+00:00,309,449,144,74,6.106,486.4,20,fit:80de1342a3e9944829ab101957c8eddffd3d18cb805507bed707b0e306d3b433:segment:004,4,7645.0,7426,activities/108_260801060832.csv,1,1,0,0
fit:80de1342a3e9944829ab101957c8eddffd3d18cb805507bed707b0e306d3b433,2026-08-01T06:15:58+00:00,310,423,145,74,6.181,486.4,20,fit:80de1342a3e9944829ab101957c8eddffd3d18cb805507bed707b0e306d3b433:segment:004,4,7646.0,7427,activities/108_260801060832.csv,1,1,0,0
fit:80de1342a3e9944829ab101957c8eddffd3d18cb805507bed707b0e306d3b433,2026-08-01T06:15:59+00:00,311,426,147,71,5.642,487.4,20,fit:80de1342a3e9944829ab101957c8eddffd3d18cb805507bed707b0e306d3b433:segment:004,4,7647.0,7428,activities/108_260801060832.csv,1,1,0,0
fit:80de1342a3e9944829ab101957c8eddffd3d18cb805507bed707b0e306d3b433,2026-08-01T06:16:00+00:00,312,434,149,71,5.571,488.4,20,fit:80de1342a3e9944829ab101957c8eddffd3d18cb805507bed707b0e306d3b433:segment:004,4,7648.0,7429,activities/108_260801060832.csv,1,1,0,0
fit:80de1342a3e9944829ab101957c8eddffd3d18cb805507bed707b0e306d3b433,2026-08-01T06:16:01+00:00,313,438,149,71,5.664,488.79999999999995,20,fit:80de1342a3e9944829ab101957c8eddffd3d18cb805507bed707b0e306d3b433:segment:004,4,7649.0,7430,activities/108_260801060832.csv,1,1,0,0
fit:80de1342a3e9944829ab101957c8eddffd3d18cb805507bed707b0e306d3b433,2026-08-01T06:16:02+00:00,314,453,151,70,5.849,489.79999999999995,20,fit:80de1342a3e9944829ab101957c8eddffd3d18cb805507bed707b0e306d3b433:segment:004,4,7650.0,7431,activities/108_260801060832.csv,1,1,0,0
fit:80de1342a3e9944829ab101957c8eddffd3d18cb805507bed707b0e306d3b433,2026-08-01T06:16:03+00:00,315,402,154,70,5.936,489.79999999999995,20,fit:80de1342a3e9944829ab101957c8eddffd3d18cb805507bed707b0e306d3b433:segment:004,4,7651.0,7432,activities/108_260801060832.csv,1,1,0,0
fit:80de1342a3e9944829ab101957c8eddffd3d18cb805507bed707b0e306d3b433,2026-08-01T06:16:04+00:00,316,337,156,72,5.43,489.79999999999995,20,fit:80de1342a3e9944829ab101957c8eddffd3d18cb805507bed707b0e306d3b433:segment:004,4,7652.0,7433,activities/108_260801060832.csv,1,1,0,0
fit:80de1342a3e9944829ab101957c8eddffd3d18cb805507bed707b0e306d3b433,2026-08-01T06:16:05+00:00,317,329,159,74,5.562,489.79999999999995,20,fit:80de1342a3e9944829ab101957c8eddffd3d18cb805507bed707b0e306d3b433:segment:004,4,7653.0,7434,activities/108_260801060832.csv,1,1,0,0
fit:80de1342a3e9944829ab101957c8eddffd3d18cb805507bed707b0e306d3b433,2026-08-01T06:16:06+00:00,318,330,161,76,5.541,489.79999999999995,20,fit:80de1342a3e9944829ab101957c8eddffd3d18cb805507bed707b0e306d3b433:segment:004,4,7654.0,7435,activities/108_260801060832.csv,1,1,0,0
fit:80de1342a3e9944829ab101957c8eddffd3d18cb805507bed707b0e306d3b433,2026-08-01T06:16:07+00:00,319,335,163,76,6.02,489.79999999999995,20,fit:80de1342a3e9944829ab101957c8eddffd3d18cb805507bed707b0e306d3b433:segment:004,4,7655.0,7436,activities/108_260801060832.csv,1,1,0,0
fit:80de1342a3e9944829ab101957c8eddffd3d18cb805507bed707b0e306d3b433,2026-08-01T06:16:08+00:00,320,195,164,79,6.165,490.79999999999995,20,fit:80de1342a3e9944829ab101957c8eddffd3d18cb805507bed707b0e306d3b433:segment:004,4,7656.0,7437,activities/108_260801060832.csv,1,1,0,0
fit:80de1342a3e9944829ab101957c8eddffd3d18cb805507bed707b0e306d3b433,2026-08-01T06:16:09+00:00,321,249,166,81,6.427,490.79999999999995,20,fit:80de1342a3e9944829ab101957c8eddffd3d18cb805507bed707b0e306d3b433:segment:004,4,7657.0,7438,activities/108_260801060832.csv,1,1,0,0
fit:80de1342a3e9944829ab101957c8eddffd3d18cb805507bed707b0e306d3b433,2026-08-01T06:16:10+00:00,322,161,167,85,6.766,490.79999999999995,20,fit:80de1342a3e9944829ab101957c8eddffd3d18cb805507bed707b0e306d3b433:segment:004,4,7658.0,7439,activities/108_260801060832.csv,1,1,0,0
fit:80de1342a3e9944829ab101957c8eddffd3d18cb805507bed707b0e306d3b433,2026-08-01T06:16:11+00:00,323,132,167,87,6.974,490.79999999999995,20,fit:80de1342a3e9944829ab101957c8eddffd3d18cb805507bed707b0e306d3b433:segment:004,4,7659.0,7440,activities/108_260801060832.csv,1,1,0,0
fit:80de1342a3e9944829ab101957c8eddffd3d18cb805507bed707b0e306d3b433,2026-08-01T06:16:12+00:00,324,117,167,86,7.08,490.79999999999995,20,fit:80de1342a3e9944829ab101957c8eddffd3d18cb805507bed707b0e306d3b433:segment:004,4,7660.0,7441,activities/108_260801060832.csv,1,1,0,0
fit:80de1342a3e9944829ab101957c8eddffd3d18cb805507bed707b0e306d3b433,2026-08-01T06:16:13+00:00,325,115,166,87,7.085,490.4,20,fit:80de1342a3e9944829ab101957c8eddffd3d18cb805507bed707b0e306d3b433:segment:004,4,7661.0,7442,activities/108_260801060832.csv,1,1,0,0
fit:80de1342a3e9944829ab101957c8eddffd3d18cb805507bed707b0e306d3b433,2026-08-01T06:16:14+00:00,326,106,166,87,7.077,490.4,20,fit:80de1342a3e9944829ab101957c8eddffd3d18cb805507bed707b0e306d3b433:segment:004,4,7662.0,7443,activities/108_260801060832.csv,1,1,0,0
fit:80de1342a3e9944829ab101957c8eddffd3d18cb805507bed707b0e306d3b433,2026-08-01T06:16:15+00:00,327,97,166,89,7.162,490.4,20,fit:80de1342a3e9944829ab101957c8eddffd3d18cb805507bed707b0e306d3b433:segment:004,4,7663.0,7444,activities/108_260801060832.csv,1,1,0,0
fit:80de1342a3e9944829ab101957c8eddffd3d18cb805507bed707b0e306d3b433,2026-08-01T06:16:16+00:00,328,97,165,91,7.292,490.4,20,fit:80de1342a3e9944829ab101957c8eddffd3d18cb805507bed707b0e306d3b433:segment:004,4,7664.0,7445,activities/108_260801060832.csv,1,1,0,0
fit:80de1342a3e9944829ab101957c8eddffd3d18cb805507bed707b0e306d3b433,2026-08-01T06:16:17+00:00,329,103,165,91,7.406,490.4,20,fit:80de1342a3e9944829ab101957c8eddffd3d18cb805507bed707b0e306d3b433:segment:004,4,7665.0,7446,activities/108_260801060832.csv,1,1,0,0
fit:80de1342a3e9944829ab101957c8eddffd3d18cb805507bed707b0e306d3b433,2026-08-01T06:16:18+00:00,330,110,164,93,7.509,490.4,20,fit:80de1342a3e9944829ab101957c8eddffd3d18cb805507bed707b0e306d3b433:segment:004,4,7666.0,7447,activities/108_260801060832.csv,1,1,0,0
fit:80de1342a3e9944829ab101957c8eddffd3d18cb805507bed707b0e306d3b433,2026-08-01T06:16:19+00:00,331,110,164,93,7.504,490.4,20,fit:80de1342a3e9944829ab101957c8eddffd3d18cb805507bed707b0e306d3b433:segment:004,4,7667.0,7448,activities/108_260801060832.csv,1,1,0,0
fit:80de1342a3e9944829ab101957c8eddffd3d18cb805507bed707b0e306d3b433,2026-08-01T06:16:20+00:00,332,110,164,93,7.666,490.4,20,fit:80de1342a3e9944829ab101957c8eddffd3d18cb805507bed707b0e306d3b433:segment:004,4,7668.0,7449,activities/108_260801060832.csv,1,1,0,0
fit:80de1342a3e9944829ab101957c8eddffd3d18cb805507bed707b0e306d3b433,2026-08-01T06:16:21+00:00,333,110,164,93,7.669,490.4,20,fit:80de1342a3e9944829ab101957c8eddffd3d18cb805507bed707b0e306d3b433:segment:004,4,7669.0,7450,activities/108_260801060832.csv,1,1,0,0
fit:80de1342a3e9944829ab101957c8eddffd3d18cb805507bed707b0e306d3b433,2026-08-01T06:16:22+00:00,334,116,164,93,7.609,489.6,20,fit:80de1342a3e9944829ab101957c8eddffd3d18cb805507bed707b0e306d3b433:segment:004,4,7670.0,7451,activities/108_260801060832.csv,1,1,0,0
fit:80de1342a3e9944829ab101957c8eddffd3d18cb805507bed707b0e306d3b433,2026-08-01T06:16:23+00:00,335,133,163,91,7.493,489.6,20,fit:80de1342a3e9944829ab101957c8eddffd3d18cb805507bed707b0e306d3b433:segment:004,4,7671.0,7452,activities/108_260801060832.csv,1,1,0,0
fit:80de1342a3e9944829ab101957c8eddffd3d18cb805507bed707b0e306d3b433,2026-08-01T06:16:24+00:00,336,141,162,91,7.244,489.6,20,fit:80de1342a3e9944829ab101957c8eddffd3d18cb805507bed707b0e306d3b433:segment:004,4,7672.0,7453,activities/108_260801060832.csv,1,1,0,0
fit:80de1342a3e9944829ab101957c8eddffd3d18cb805507bed707b0e306d3b433,2026-08-01T06:16:25+00:00,337,166,162,89,7.149,489.6,20,fit:80de1342a3e9944829ab101957c8eddffd3d18cb805507bed707b0e306d3b433:segment:004,4,7673.0,7454,activities/108_260801060832.csv,1,1,0,0
fit:80de1342a3e9944829ab101957c8eddffd3d18cb805507bed707b0e306d3b433,2026-08-01T06:16:26+00:00,338,208,161,87,7.154,489.6,20,fit:80de1342a3e9944829ab101957c8eddffd3d18cb805507bed707b0e306d3b433:segment:004,4,7674.0,7455,activities/108_260801060832.csv,1,1,0,0
fit:80de1342a3e9944829ab101957c8eddffd3d18cb805507bed707b0e306d3b433,2026-08-01T06:16:27+00:00,339,210,160,86,7.101,489.6,20,fit:80de1342a3e9944829ab101957c8eddffd3d18cb805507bed707b0e306d3b433:segment:004,4,7675.0,7456,activities/108_260801060832.csv,1,1,0,0
fit:80de1342a3e9944829ab101957c8eddffd3d18cb805507bed707b0e306d3b433,2026-08-01T06:16:28+00:00,340,214,159,85,6.953,490.6,20,fit:80de1342a3e9944829ab101957c8eddffd3d18cb805507bed707b0e306d3b433:segment:004,4,7676.0,7457,activities/108_260801060832.csv,1,1,0,0
fit:80de1342a3e9944829ab101957c8eddffd3d18cb805507bed707b0e306d3b433,2026-08-01T06:16:29+00:00,341,205,159,84,6.918,490.79999999999995,20,fit:80de1342a3e9944829ab101957c8eddffd3d18cb805507bed707b0e306d3b433:segment:004,4,7677.0,7458,activities/108_260801060832.csv,1,1,0,0
fit:80de1342a3e9944829ab101957c8eddffd3d18cb805507bed707b0e306d3b433,2026-08-01T06:16:30+00:00,342,32,158,83,6.937,491.20000000000005,20,fit:80de1342a3e9944829ab101957c8eddffd3d18cb805507bed707b0e306d3b433:segment:004,4,7678.0,7459,activities/108_260801060832.csv,1,1,0,0
fit:80de1342a3e9944829ab101957c8eddffd3d18cb805507bed707b0e306d3b433,2026-08-01T06:16:31+00:00,343,102,158,68,6.658,491.4,20,fit:80de1342a3e9944829ab101957c8eddffd3d18cb805507bed707b0e306d3b433:segment:004,4,7679.0,7460,activities/108_260801060832.csv,1,1,0,0
fit:80de1342a3e9944829ab101957c8eddffd3d18cb805507bed707b0e306d3b433,2026-08-01T06:16:32+00:00,344,186,158,85,6.149,491.4,20,fit:80de1342a3e9944829ab101957c8eddffd3d18cb805507bed707b0e306d3b433:segment:004,4,7680.0,7461,activities/108_260801060832.csv,1,1,0,0
fit:80de1342a3e9944829ab101957c8eddffd3d18cb805507bed707b0e306d3b433,2026-08-01T06:16:33+00:00,345,279,157,84,5.793,491.4,20,fit:80de1342a3e9944829ab101957c8eddffd3d18cb805507bed707b0e306d3b433:segment:004,4,7681.0,7462,activities/108_260801060832.csv,1,1,0,0
fit:80de1342a3e9944829ab101957c8eddffd3d18cb805507bed707b0e306d3b433,2026-08-01T06:16:34+00:00,346,271,157,83,5.599,491.4,20,fit:80de1342a3e9944829ab101957c8eddffd3d18cb805507bed707b0e306d3b433:segment:004,4,7682.0,7463,activities/108_260801060832.csv,1,1,0,0
fit:80de1342a3e9944829ab101957c8eddffd3d18cb805507bed707b0e306d3b433,2026-08-01T06:16:35+00:00,347,302,156,81,5.47,492.4,20,fit:80de1342a3e9944829ab101957c8eddffd3d18cb805507bed707b0e306d3b433:segment:004,4,7683.0,7464,activities/108_260801060832.csv,1,1,0,0
fit:80de1342a3e9944829ab101957c8eddffd3d18cb805507bed707b0e306d3b433,2026-08-01T06:16:36+00:00,348,303,155,79,5.219,493.4,20,fit:80de1342a3e9944829ab101957c8eddffd3d18cb805507bed707b0e306d3b433:segment:004,4,7684.0,7465,activities/108_260801060832.csv,1,1,0,0
fit:80de1342a3e9944829ab101957c8eddffd3d18cb805507bed707b0e306d3b433,2026-08-01T06:16:37+00:00,349,271,155,78,5.051,494.0,20,fit:80de1342a3e9944829ab101957c8eddffd3d18cb805507bed707b0e306d3b433:segment:004,4,7685.0,7466,activities/108_260801060832.csv,1,1,0,0
fit:80de1342a3e9944829ab101957c8eddffd3d18cb805507bed707b0e306d3b433,2026-08-01T06:16:38+00:00,350,299,154,77,4.605,494.6,20,fit:80de1342a3e9944829ab101957c8eddffd3d18cb805507bed707b0e306d3b433:segment:004,4,7686.0,7467,activities/108_260801060832.csv,1,1,0,0
fit:80de1342a3e9944829ab101957c8eddffd3d18cb805507bed707b0e306d3b433,2026-08-01T06:16:39+00:00,351,173,154,75,3.941,494.6,20,fit:80de1342a3e9944829ab101957c8eddffd3d18cb805507bed707b0e306d3b433:segment:004,4,7687.0,7468,activities/108_260801060832.csv,1,1,0,0
fit:80de1342a3e9944829ab101957c8eddffd3d18cb805507bed707b0e306d3b433,2026-08-01T06:16:40+00:00,352,287,153,72,3.504,494.6,20,fit:80de1342a3e9944829ab101957c8eddffd3d18cb805507bed707b0e306d3b433:segment:004,4,7688.0,7469,activities/108_260801060832.csv,1,1,0,0
fit:80de1342a3e9944829ab101957c8eddffd3d18cb805507bed707b0e306d3b433,2026-08-01T06:16:41+00:00,353,337,153,72,3.491,494.6,20,fit:80de1342a3e9944829ab101957c8eddffd3d18cb805507bed707b0e306d3b433:segment:004,4,7689.0,7470,activities/108_260801060832.csv,1,1,0,0
fit:80de1342a3e9944829ab101957c8eddffd3d18cb805507bed707b0e306d3b433,2026-08-01T06:16:42+00:00,354,343,153,68,3.252,495.6,20,fit:80de1342a3e9944829ab101957c8eddffd3d18cb805507bed707b0e306d3b433:segment:004,4,7690.0,7471,activities/108_260801060832.csv,1,1,0,0
fit:80de1342a3e9944829ab101957c8eddffd3d18cb805507bed707b0e306d3b433,2026-08-01T06:16:43+00:00,355,394,153,68,3.222,496.4,20,fit:80de1342a3e9944829ab101957c8eddffd3d18cb805507bed707b0e306d3b433:segment:004,4,7691.0,7472,activities/108_260801060832.csv,1,1,0,0
fit:80de1342a3e9944829ab101957c8eddffd3d18cb805507bed707b0e306d3b433,2026-08-01T06:16:44+00:00,356,344,153,68,3.336,496.79999999999995,20,fit:80de1342a3e9944829ab101957c8eddffd3d18cb805507bed707b0e306d3b433:segment:004,4,7692.0,7473,activities/108_260801060832.csv,1,1,0,0
fit:80de1342a3e9944829ab101957c8eddffd3d18cb805507bed707b0e306d3b433,2026-08-01T06:16:45+00:00,357,344,153,70,3.597,496.79999999999995,20,fit:80de1342a3e9944829ab101957c8eddffd3d18cb805507bed707b0e306d3b433:segment:004,4,7693.0,7474,activities/108_260801060832.csv,1,1,0,0
fit:80de1342a3e9944829ab101957c8eddffd3d18cb805507bed707b0e306d3b433,2026-08-01T06:16:46+00:00,358,388,153,70,3.509,496.79999999999995,20,fit:80de1342a3e9944829ab101957c8eddffd3d18cb805507bed707b0e306d3b433:segment:004,4,7694.0,7475,activities/108_260801060832.csv,1,1,0,0
fit:80de1342a3e9944829ab101957c8eddffd3d18cb805507bed707b0e306d3b433,2026-08-01T06:16:47+00:00,359,347,154,70,3.548,496.79999999999995,20,fit:80de1342a3e9944829ab101957c8eddffd3d18cb805507bed707b0e306d3b433:segment:004,4,7695.0,7476,activities/108_260801060832.csv,1,1,0,0
fit:80de1342a3e9944829ab101957c8eddffd3d18cb805507bed707b0e306d3b433,2026-08-01T06:16:48+00:00,360,332,154,72,3.939,497.79999999999995,20,fit:80de1342a3e9944829ab101957c8eddffd3d18cb805507bed707b0e306d3b433:segment:004,4,7696.0,7477,activities/108_260801060832.csv,1,1,0,0
fit:80de1342a3e9944829ab101957c8eddffd3d18cb805507bed707b0e306d3b433,2026-08-01T06:16:49+00:00,361,227,154,72,3.921,498.0,20,fit:80de1342a3e9944829ab101957c8eddffd3d18cb805507bed707b0e306d3b433:segment:004,4,7697.0,7478,activities/108_260801060832.csv,1,1,0,0
fit:80de1342a3e9944829ab101957c8eddffd3d18cb805507bed707b0e306d3b433,2026-08-01T06:16:50+00:00,362,239,154,72,3.878,498.4,20,fit:80de1342a3e9944829ab101957c8eddffd3d18cb805507bed707b0e306d3b433:segment:004,4,7698.0,7479,activities/108_260801060832.csv,1,1,0,0
fit:80de1342a3e9944829ab101957c8eddffd3d18cb805507bed707b0e306d3b433,2026-08-01T06:16:51+00:00,363,233,154,69,3.691,499.0,20,fit:80de1342a3e9944829ab101957c8eddffd3d18cb805507bed707b0e306d3b433:segment:004,4,7699.0,7480,activities/108_260801060832.csv,1,1,0,0
fit:80de1342a3e9944829ab101957c8eddffd3d18cb805507bed707b0e306d3b433,2026-08-01T06:16:52+00:00,364,233,154,67,3.651,499.0,20,fit:80de1342a3e9944829ab101957c8eddffd3d18cb805507bed707b0e306d3b433:segment:004,4,7700.0,7481,activities/108_260801060832.csv,1,1,0,0
fit:80de1342a3e9944829ab101957c8eddffd3d18cb805507bed707b0e306d3b433,2026-08-01T06:16:53+00:00,365,242,154,67,3.598,499.4,20,fit:80de1342a3e9944829ab101957c8eddffd3d18cb805507bed707b0e306d3b433:segment:004,4,7701.0,7482,activities/108_260801060832.csv,1,1,0,0
fit:80de1342a3e9944829ab101957c8eddffd3d18cb805507bed707b0e306d3b433,2026-08-01T06:16:54+00:00,366,223,154,67,3.409,499.4,20,fit:80de1342a3e9944829ab101957c8eddffd3d18cb805507bed707b0e306d3b433:segment:004,4,7702.0,7483,activities/108_260801060832.csv,1,1,0,0
fit:80de1342a3e9944829ab101957c8eddffd3d18cb805507bed707b0e306d3b433,2026-08-01T06:16:55+00:00,367,257,154,68,3.359,499.4,20,fit:80de1342a3e9944829ab101957c8eddffd3d18cb805507bed707b0e306d3b433:segment:004,4,7703.0,7484,activities/108_260801060832.csv,1,1,0,0
fit:80de1342a3e9944829ab101957c8eddffd3d18cb805507bed707b0e306d3b433,2026-08-01T06:16:56+00:00,368,247,154,70,3.431,499.4,20,fit:80de1342a3e9944829ab101957c8eddffd3d18cb805507bed707b0e306d3b433:segment:004,4,7704.0,7485,activities/108_260801060832.csv,1,1,0,0
fit:80de1342a3e9944829ab101957c8eddffd3d18cb805507bed707b0e306d3b433,2026-08-01T06:16:57+00:00,369,255,154,70,3.371,500.4,20,fit:80de1342a3e9944829ab101957c8eddffd3d18cb805507bed707b0e306d3b433:segment:004,4,7705.0,7486,activities/108_260801060832.csv,1,1,0,0
fit:80de1342a3e9944829ab101957c8eddffd3d18cb805507bed707b0e306d3b433,2026-08-01T06:16:58+00:00,370,244,154,72,3.493,500.4,20,fit:80de1342a3e9944829ab101957c8eddffd3d18cb805507bed707b0e306d3b433:segment:004,4,7706.0,7487,activities/108_260801060832.csv,1,1,0,0
fit:80de1342a3e9944829ab101957c8eddffd3d18cb805507bed707b0e306d3b433,2026-08-01T06:16:59+00:00,371,240,154,73,3.467,500.4,20,fit:80de1342a3e9944829ab101957c8eddffd3d18cb805507bed707b0e306d3b433:segment:004,4,7707.0,7488,activities/108_260801060832.csv,1,1,0,0
fit:80de1342a3e9944829ab101957c8eddffd3d18cb805507bed707b0e306d3b433,2026-08-01T06:17:00+00:00,372,224,154,73,3.156,500.4,20,fit:80de1342a3e9944829ab101957c8eddffd3d18cb805507bed707b0e306d3b433:segment:004,4,7708.0,7489,activities/108_260801060832.csv,1,1,0,0
fit:80de1342a3e9944829ab101957c8eddffd3d18cb805507bed707b0e306d3b433,2026-08-01T06:17:01+00:00,373,224,154,70,3.04,500.4,20,fit:80de1342a3e9944829ab101957c8eddffd3d18cb805507bed707b0e306d3b433:segment:004,4,7709.0,7490,activities/108_260801060832.csv,1,1,0,0
fit:80de1342a3e9944829ab101957c8eddffd3d18cb805507bed707b0e306d3b433,2026-08-01T06:17:02+00:00,374,258,154,69,3.293,500.4,20,fit:80de1342a3e9944829ab101957c8eddffd3d18cb805507bed707b0e306d3b433:segment:004,4,7710.0,7491,activities/108_260801060832.csv,1,1,0,0
fit:80de1342a3e9944829ab101957c8eddffd3d18cb805507bed707b0e306d3b433,2026-08-01T06:17:03+00:00,375,303,154,69,3.156,501.4,20,fit:80de1342a3e9944829ab101957c8eddffd3d18cb805507bed707b0e306d3b433:segment:004,4,7711.0,7492,activities/108_260801060832.csv,1,1,0,0
fit:80de1342a3e9944829ab101957c8eddffd3d18cb805507bed707b0e306d3b433,2026-08-01T06:17:04+00:00,376,270,154,70,3.335,501.6,20,fit:80de1342a3e9944829ab101957c8eddffd3d18cb805507bed707b0e306d3b433:segment:004,4,7712.0,7493,activities/108_260801060832.csv,1,1,0,0
fit:80de1342a3e9944829ab101957c8eddffd3d18cb805507bed707b0e306d3b433,2026-08-01T06:17:05+00:00,377,321,155,70,3.337,502.0,20,fit:80de1342a3e9944829ab101957c8eddffd3d18cb805507bed707b0e306d3b433:segment:004,4,7713.0,7494,activities/108_260801060832.csv,1,1,0,0
fit:80de1342a3e9944829ab101957c8eddffd3d18cb805507bed707b0e306d3b433,2026-08-01T06:17:06+00:00,378,312,155,69,3.679,502.20000000000005,20,fit:80de1342a3e9944829ab101957c8eddffd3d18cb805507bed707b0e306d3b433:segment:004,4,7714.0,7495,activities/108_260801060832.csv,1,1,0,0
fit:80de1342a3e9944829ab101957c8eddffd3d18cb805507bed707b0e306d3b433,2026-08-01T06:17:07+00:00,379,312,155,70,3.665,502.6,20,fit:80de1342a3e9944829ab101957c8eddffd3d18cb805507bed707b0e306d3b433:segment:004,4,7715.0,7496,activities/108_260801060832.csv,1,1,0,0
fit:80de1342a3e9944829ab101957c8eddffd3d18cb805507bed707b0e306d3b433,2026-08-01T06:17:08+00:00,380,343,156,70,3.492,502.79999999999995,20,fit:80de1342a3e9944829ab101957c8eddffd3d18cb805507bed707b0e306d3b433:segment:004,4,7716.0,7497,activities/108_260801060832.csv,1,1,0,0
fit:80de1342a3e9944829ab101957c8eddffd3d18cb805507bed707b0e306d3b433,2026-08-01T06:17:09+00:00,381,286,156,70,3.734,503.0,20,fit:80de1342a3e9944829ab101957c8eddffd3d18cb805507bed707b0e306d3b433:segment:004,4,7717.0,7498,activities/108_260801060832.csv,1,1,0,0
fit:80de1342a3e9944829ab101957c8eddffd3d18cb805507bed707b0e306d3b433,2026-08-01T06:17:10+00:00,382,286,156,71,3.596,503.4,20,fit:80de1342a3e9944829ab101957c8eddffd3d18cb805507bed707b0e306d3b433:segment:004,4,7718.0,7499,activities/108_260801060832.csv,1,1,0,0
fit:80de1342a3e9944829ab101957c8eddffd3d18cb805507bed707b0e306d3b433,2026-08-01T06:17:11+00:00,383,265,157,70,3.726,503.6,20,fit:80de1342a3e9944829ab101957c8eddffd3d18cb805507bed707b0e306d3b433:segment:004,4,7719.0,7500,activities/108_260801060832.csv,1,1,0,0
fit:80de1342a3e9944829ab101957c8eddffd3d18cb805507bed707b0e306d3b433,2026-08-01T06:17:12+00:00,384,252,157,72,3.619,503.79999999999995,20,fit:80de1342a3e9944829ab101957c8eddffd3d18cb805507bed707b0e306d3b433:segment:004,4,7720.0,7501,activities/108_260801060832.csv,1,1,0,0
fit:80de1342a3e9944829ab101957c8eddffd3d18cb805507bed707b0e306d3b433,2026-08-01T06:17:13+00:00,385,170,157,75,3.38,503.79999999999995,20,fit:80de1342a3e9944829ab101957c8eddffd3d18cb805507bed707b0e306d3b433:segment:004,4,7721.0,7502,activities/108_260801060832.csv,1,1,0,0
fit:80de1342a3e9944829ab101957c8eddffd3d18cb805507bed707b0e306d3b433,2026-08-01T06:17:14+00:00,386,156,157,77,2.827,503.79999999999995,20,fit:80de1342a3e9944829ab101957c8eddffd3d18cb805507bed707b0e306d3b433:segment:004,4,7722.0,7503,activities/108_260801060832.csv,1,1,0,0
fit:80de1342a3e9944829ab101957c8eddffd3d18cb805507bed707b0e306d3b433,2026-08-01T06:17:15+00:00,387,111,157,79,3.251,503.79999999999995,20,fit:80de1342a3e9944829ab101957c8eddffd3d18cb805507bed707b0e306d3b433:segment:004,4,7723.0,7504,activities/108_260801060832.csv,1,1,0,0
fit:80de1342a3e9944829ab101957c8eddffd3d18cb805507bed707b0e306d3b433,2026-08-01T06:17:16+00:00,388,101,158,82,3.703,504.0,20,fit:80de1342a3e9944829ab101957c8eddffd3d18cb805507bed707b0e306d3b433:segment:004,4,7724.0,7505,activities/108_260801060832.csv,1,1,0,0
fit:80de1342a3e9944829ab101957c8eddffd3d18cb805507bed707b0e306d3b433,2026-08-01T06:17:17+00:00,389,71,158,82,3.904,504.4,20,fit:80de1342a3e9944829ab101957c8eddffd3d18cb805507bed707b0e306d3b433:segment:004,4,7725.0,7506,activities/108_260801060832.csv,1,1,0,0
fit:80de1342a3e9944829ab101957c8eddffd3d18cb805507bed707b0e306d3b433,2026-08-01T06:17:18+00:00,390,90,158,86,4.185,504.4,20,fit:80de1342a3e9944829ab101957c8eddffd3d18cb805507bed707b0e306d3b433:segment:004,4,7726.0,7507,activities/108_260801060832.csv,1,1,0,0
fit:80de1342a3e9944829ab101957c8eddffd3d18cb805507bed707b0e306d3b433,2026-08-01T06:17:19+00:00,391,112,158,88,4.317,504.4,20,fit:80de1342a3e9944829ab101957c8eddffd3d18cb805507bed707b0e306d3b433:segment:004,4,7727.0,7508,activities/108_260801060832.csv,1,1,0,0
fit:80de1342a3e9944829ab101957c8eddffd3d18cb805507bed707b0e306d3b433,2026-08-01T06:17:20+00:00,392,20,157,91,4.527,504.4,20,fit:80de1342a3e9944829ab101957c8eddffd3d18cb805507bed707b0e306d3b433:segment:004,4,7728.0,7509,activities/108_260801060832.csv,1,1,0,0
fit:80de1342a3e9944829ab101957c8eddffd3d18cb805507bed707b0e306d3b433,2026-08-01T06:17:21+00:00,393,105,157,77,3.95,504.4,20,fit:80de1342a3e9944829ab101957c8eddffd3d18cb805507bed707b0e306d3b433:segment:004,4,7729.0,7510,activities/108_260801060832.csv,1,1,0,0
fit:80de1342a3e9944829ab101957c8eddffd3d18cb805507bed707b0e306d3b433,2026-08-01T06:17:22+00:00,394,114,156,81,4.252,504.4,20,fit:80de1342a3e9944829ab101957c8eddffd3d18cb805507bed707b0e306d3b433:segment:004,4,7730.0,7511,activities/108_260801060832.csv,1,1,0,0
fit:80de1342a3e9944829ab101957c8eddffd3d18cb805507bed707b0e306d3b433,2026-08-01T06:17:23+00:00,395,142,156,84,4.663,504.4,20,fit:80de1342a3e9944829ab101957c8eddffd3d18cb805507bed707b0e306d3b433:segment:004,4,7731.0,7512,activities/108_260801060832.csv,1,1,0,0
fit:80de1342a3e9944829ab101957c8eddffd3d18cb805507bed707b0e306d3b433,2026-08-01T06:17:24+00:00,396,130,156,90,5.081,504.4,20,fit:80de1342a3e9944829ab101957c8eddffd3d18cb805507bed707b0e306d3b433:segment:004,4,7732.0,7513,activities/108_260801060832.csv,1,1,0,0
fit:80de1342a3e9944829ab101957c8eddffd3d18cb805507bed707b0e306d3b433,2026-08-01T06:17:25+00:00,397,127,155,95,5.425,504.0,20,fit:80de1342a3e9944829ab101957c8eddffd3d18cb805507bed707b0e306d3b433:segment:004,4,7733.0,7514,activities/108_260801060832.csv,1,1,0,0
fit:80de1342a3e9944829ab101957c8eddffd3d18cb805507bed707b0e306d3b433,2026-08-01T06:17:26+00:00,398,127,155,95,5.788,503.6,20,fit:80de1342a3e9944829ab101957c8eddffd3d18cb805507bed707b0e306d3b433:segment:004,4,7734.0,7515,activities/108_260801060832.csv,1,1,0,0
fit:80de1342a3e9944829ab101957c8eddffd3d18cb805507bed707b0e306d3b433,2026-08-01T06:17:27+00:00,399,127,154,95,5.968,503.6,20,fit:80de1342a3e9944829ab101957c8eddffd3d18cb805507bed707b0e306d3b433:segment:004,4,7735.0,7516,activities/108_260801060832.csv,1,1,0,0
fit:80de1342a3e9944829ab101957c8eddffd3d18cb805507bed707b0e306d3b433,2026-08-01T06:17:28+00:00,400,127,153,95,6.224,503.6,20,fit:80de1342a3e9944829ab101957c8eddffd3d18cb805507bed707b0e306d3b433:segment:004,4,7736.0,7517,activities/108_260801060832.csv,1,1,0,0
fit:80de1342a3e9944829ab101957c8eddffd3d18cb805507bed707b0e306d3b433,2026-08-01T06:17:29+00:00,401,0,153,95,6.315,503.6,20,fit:80de1342a3e9944829ab101957c8eddffd3d18cb805507bed707b0e306d3b433:segment:004,4,7737.0,7518,activities/108_260801060832.csv,1,1,0,0
fit:80de1342a3e9944829ab101957c8eddffd3d18cb805507bed707b0e306d3b433,2026-08-01T06:17:30+00:00,402,26,152,0,6.439,503.0,20,fit:80de1342a3e9944829ab101957c8eddffd3d18cb805507bed707b0e306d3b433:segment:004,4,7738.0,7519,activities/108_260801060832.csv,1,1,0,0
fit:80de1342a3e9944829ab101957c8eddffd3d18cb805507bed707b0e306d3b433,2026-08-01T06:17:31+00:00,403,201,151,80,6.513,503.0,20,fit:80de1342a3e9944829ab101957c8eddffd3d18cb805507bed707b0e306d3b433:segment:004,4,7739.0,7520,activities/108_260801060832.csv,1,1,0,0
fit:80de1342a3e9944829ab101957c8eddffd3d18cb805507bed707b0e306d3b433,2026-08-01T06:17:32+00:00,404,172,150,83,6.63,503.0,20,fit:80de1342a3e9944829ab101957c8eddffd3d18cb805507bed707b0e306d3b433:segment:004,4,7740.0,7521,activities/108_260801060832.csv,1,1,0,0
fit:80de1342a3e9944829ab101957c8eddffd3d18cb805507bed707b0e306d3b433,2026-08-01T06:17:33+00:00,405,147,149,86,6.861,503.0,20,fit:80de1342a3e9944829ab101957c8eddffd3d18cb805507bed707b0e306d3b433:segment:004,4,7741.0,7522,activities/108_260801060832.csv,1,1,0,0
fit:80de1342a3e9944829ab101957c8eddffd3d18cb805507bed707b0e306d3b433,2026-08-01T06:17:34+00:00,406,125,149,86,7.27,503.0,20,fit:80de1342a3e9944829ab101957c8eddffd3d18cb805507bed707b0e306d3b433:segment:004,4,7742.0,7523,activities/108_260801060832.csv,1,1,0,0
fit:80de1342a3e9944829ab101957c8eddffd3d18cb805507bed707b0e306d3b433,2026-08-01T06:17:35+00:00,407,102,149,87,7.334,502.6,20,fit:80de1342a3e9944829ab101957c8eddffd3d18cb805507bed707b0e306d3b433:segment:004,4,7743.0,7524,activities/108_260801060832.csv,1,1,0,0
fit:80de1342a3e9944829ab101957c8eddffd3d18cb805507bed707b0e306d3b433,2026-08-01T06:17:36+00:00,408,87,149,90,7.459,502.20000000000005,20,fit:80de1342a3e9944829ab101957c8eddffd3d18cb805507bed707b0e306d3b433:segment:004,4,7744.0,7525,activities/108_260801060832.csv,1,1,0,0
fit:80de1342a3e9944829ab101957c8eddffd3d18cb805507bed707b0e306d3b433,2026-08-01T06:17:37+00:00,409,87,147,91,7.554,502.20000000000005,20,fit:80de1342a3e9944829ab101957c8eddffd3d18cb805507bed707b0e306d3b433:segment:004,4,7745.0,7526,activities/108_260801060832.csv,1,1,0,0
fit:80de1342a3e9944829ab101957c8eddffd3d18cb805507bed707b0e306d3b433,2026-08-01T06:17:38+00:00,410,87,146,91,7.67,502.20000000000005,20,fit:80de1342a3e9944829ab101957c8eddffd3d18cb805507bed707b0e306d3b433:segment:004,4,7746.0,7527,activities/108_260801060832.csv,1,1,0,0
fit:80de1342a3e9944829ab101957c8eddffd3d18cb805507bed707b0e306d3b433,2026-08-01T06:17:39+00:00,411,3,145,91,7.73,502.20000000000005,20,fit:80de1342a3e9944829ab101957c8eddffd3d18cb805507bed707b0e306d3b433:segment:004,4,7747.0,7528,activities/108_260801060832.csv,1,1,0,0
fit:80de1342a3e9944829ab101957c8eddffd3d18cb805507bed707b0e306d3b433,2026-08-01T06:17:40+00:00,412,207,145,0,7.621,502.20000000000005,20,fit:80de1342a3e9944829ab101957c8eddffd3d18cb805507bed707b0e306d3b433:segment:004,4,7748.0,7529,activities/108_260801060832.csv,1,1,0,0
fit:80de1342a3e9944829ab101957c8eddffd3d18cb805507bed707b0e306d3b433,2026-08-01T06:17:41+00:00,413,182,143,90,7.708,502.20000000000005,20,fit:80de1342a3e9944829ab101957c8eddffd3d18cb805507bed707b0e306d3b433:segment:004,4,7749.0,7530,activities/108_260801060832.csv,1,1,0,0
fit:80de1342a3e9944829ab101957c8eddffd3d18cb805507bed707b0e306d3b433,2026-08-01T06:17:42+00:00,414,157,142,91,7.784,502.20000000000005,20,fit:80de1342a3e9944829ab101957c8eddffd3d18cb805507bed707b0e306d3b433:segment:004,4,7750.0,7531,activities/108_260801060832.csv,1,1,0,0
fit:80de1342a3e9944829ab101957c8eddffd3d18cb805507bed707b0e306d3b433,2026-08-01T06:17:43+00:00,415,124,141,91,7.707,502.20000000000005,20,fit:80de1342a3e9944829ab101957c8eddffd3d18cb805507bed707b0e306d3b433:segment:004,4,7751.0,7532,activities/108_260801060832.csv,1,1,0,0
fit:80de1342a3e9944829ab101957c8eddffd3d18cb805507bed707b0e306d3b433,2026-08-01T06:17:44+00:00,416,137,141,92,7.738,502.20000000000005,20,fit:80de1342a3e9944829ab101957c8eddffd3d18cb805507bed707b0e306d3b433:segment:004,4,7752.0,7533,activities/108_260801060832.csv,1,1,0,0
fit:80de1342a3e9944829ab101957c8eddffd3d18cb805507bed707b0e306d3b433,2026-08-01T06:17:45+00:00,417,155,140,92,7.767,502.20000000000005,20,fit:80de1342a3e9944829ab101957c8eddffd3d18cb805507bed707b0e306d3b433:segment:004,4,7753.0,7534,activities/108_260801060832.csv,1,1,0,0
fit:80de1342a3e9944829ab101957c8eddffd3d18cb805507bed707b0e306d3b433,2026-08-01T06:17:46+00:00,418,143,140,92,7.7,502.0,20,fit:80de1342a3e9944829ab101957c8eddffd3d18cb805507bed707b0e306d3b433:segment:004,4,7754.0,7535,activities/108_260801060832.csv,1,1,0,0
fit:80de1342a3e9944829ab101957c8eddffd3d18cb805507bed707b0e306d3b433,2026-08-01T06:17:47+00:00,419,133,139,93,7.765,501.79999999999995,20,fit:80de1342a3e9944829ab101957c8eddffd3d18cb805507bed707b0e306d3b433:segment:004,4,7755.0,7536,activities/108_260801060832.csv,1,1,0,0
fit:80de1342a3e9944829ab101957c8eddffd3d18cb805507bed707b0e306d3b433,2026-08-01T06:17:48+00:00,420,128,139,94,7.976,501.79999999999995,20,fit:80de1342a3e9944829ab101957c8eddffd3d18cb805507bed707b0e306d3b433:segment:004,4,7756.0,7537,activities/108_260801060832.csv,1,1,0,0
fit:80de1342a3e9944829ab101957c8eddffd3d18cb805507bed707b0e306d3b433,2026-08-01T06:17:49+00:00,421,146,139,94,7.993,501.79999999999995,20,fit:80de1342a3e9944829ab101957c8eddffd3d18cb805507bed707b0e306d3b433:segment:004,4,7757.0,7538,activities/108_260801060832.csv,1,1,0,0
fit:80de1342a3e9944829ab101957c8eddffd3d18cb805507bed707b0e306d3b433,2026-08-01T06:17:50+00:00,422,163,139,95,8.123,502.20000000000005,20,fit:80de1342a3e9944829ab101957c8eddffd3d18cb805507bed707b0e306d3b433:segment:004,4,7758.0,7539,activities/108_260801060832.csv,1,1,0,0
fit:80de1342a3e9944829ab101957c8eddffd3d18cb805507bed707b0e306d3b433,2026-08-01T06:17:51+00:00,423,182,138,94,7.785,502.20000000000005,20,fit:80de1342a3e9944829ab101957c8eddffd3d18cb805507bed707b0e306d3b433:segment:004,4,7759.0,7540,activities/108_260801060832.csv,1,1,0,0
fit:80de1342a3e9944829ab101957c8eddffd3d18cb805507bed707b0e306d3b433,2026-08-01T06:17:52+00:00,424,212,137,93,7.492,502.6,20,fit:80de1342a3e9944829ab101957c8eddffd3d18cb805507bed707b0e306d3b433:segment:004,4,7760.0,7541,activities/108_260801060832.csv,1,1,0,0
fit:80de1342a3e9944829ab101957c8eddffd3d18cb805507bed707b0e306d3b433,2026-08-01T06:17:53+00:00,425,292,137,91,7.483,503.20000000000005,20,fit:80de1342a3e9944829ab101957c8eddffd3d18cb805507bed707b0e306d3b433:segment:004,4,7761.0,7542,activities/108_260801060832.csv,1,1,0,0
fit:80de1342a3e9944829ab101957c8eddffd3d18cb805507bed707b0e306d3b433,2026-08-01T06:17:54+00:00,426,289,136,90,7.524,503.20000000000005,20,fit:80de1342a3e9944829ab101957c8eddffd3d18cb805507bed707b0e306d3b433:segment:004,4,7762.0,7543,activities/108_260801060832.csv,1,1,0,0
fit:80de1342a3e9944829ab101957c8eddffd3d18cb805507bed707b0e306d3b433,2026-08-01T06:17:55+00:00,427,262,135,90,7.454,504.0,20,fit:80de1342a3e9944829ab101957c8eddffd3d18cb805507bed707b0e306d3b433:segment:004,4,7763.0,7544,activities/108_260801060832.csv,1,1,0,0
fit:80de1342a3e9944829ab101957c8eddffd3d18cb805507bed707b0e306d3b433,2026-08-01T06:17:56+00:00,428,244,135,88,7.65,504.0,20,fit:80de1342a3e9944829ab101957c8eddffd3d18cb805507bed707b0e306d3b433:segment:004,4,7764.0,7545,activities/108_260801060832.csv,1,1,0,0
fit:80de1342a3e9944829ab101957c8eddffd3d18cb805507bed707b0e306d3b433,2026-08-01T06:17:57+00:00,429,261,134,87,7.889,504.0,20,fit:80de1342a3e9944829ab101957c8eddffd3d18cb805507bed707b0e306d3b433:segment:004,4,7765.0,7546,activities/108_260801060832.csv,1,1,0,0
fit:80de1342a3e9944829ab101957c8eddffd3d18cb805507bed707b0e306d3b433,2026-08-01T06:17:58+00:00,430,276,134,87,7.724,504.0,20,fit:80de1342a3e9944829ab101957c8eddffd3d18cb805507bed707b0e306d3b433:segment:004,4,7766.0,7547,activities/108_260801060832.csv,1,1,0,0
fit:80de1342a3e9944829ab101957c8eddffd3d18cb805507bed707b0e306d3b433,2026-08-01T06:17:59+00:00,431,268,133,86,7.344,504.0,20,fit:80de1342a3e9944829ab101957c8eddffd3d18cb805507bed707b0e306d3b433:segment:004,4,7767.0,7548,activities/108_260801060832.csv,1,1,0,0
fit:80de1342a3e9944829ab101957c8eddffd3d18cb805507bed707b0e306d3b433,2026-08-01T06:18:00+00:00,432,252,133,85,7.193,505.0,20,fit:80de1342a3e9944829ab101957c8eddffd3d18cb805507bed707b0e306d3b433:segment:004,4,7768.0,7549,activities/108_260801060832.csv,1,1,0,0
fit:80de1342a3e9944829ab101957c8eddffd3d18cb805507bed707b0e306d3b433,2026-08-01T06:18:01+00:00,433,239,134,85,7.189,505.20000000000005,20,fit:80de1342a3e9944829ab101957c8eddffd3d18cb805507bed707b0e306d3b433:segment:004,4,7769.0,7550,activities/108_260801060832.csv,1,1,0,0
fit:80de1342a3e9944829ab101957c8eddffd3d18cb805507bed707b0e306d3b433,2026-08-01T06:18:02+00:00,434,260,135,84,7.291,505.4,20,fit:80de1342a3e9944829ab101957c8eddffd3d18cb805507bed707b0e306d3b433:segment:004,4,7770.0,7551,activities/108_260801060832.csv,1,1,0,0
fit:80de1342a3e9944829ab101957c8eddffd3d18cb805507bed707b0e306d3b433,2026-08-01T06:18:03+00:00,435,261,136,84,7.239,505.6,20,fit:80de1342a3e9944829ab101957c8eddffd3d18cb805507bed707b0e306d3b433:segment:004,4,7771.0,7552,activities/108_260801060832.csv,1,1,0,0
fit:80de1342a3e9944829ab101957c8eddffd3d18cb805507bed707b0e306d3b433,2026-08-01T06:18:04+00:00,436,249,137,84,7.291,506.20000000000005,20,fit:80de1342a3e9944829ab101957c8eddffd3d18cb805507bed707b0e306d3b433:segment:004,4,7772.0,7553,activities/108_260801060832.csv,1,1,0,0
fit:80de1342a3e9944829ab101957c8eddffd3d18cb805507bed707b0e306d3b433,2026-08-01T06:18:05+00:00,437,243,137,84,7.122,506.6,20,fit:80de1342a3e9944829ab101957c8eddffd3d18cb805507bed707b0e306d3b433:segment:004,4,7773.0,7554,activities/108_260801060832.csv,1,1,0,0
fit:80de1342a3e9944829ab101957c8eddffd3d18cb805507bed707b0e306d3b433,2026-08-01T06:18:06+00:00,438,243,138,83,7.111,506.6,20,fit:80de1342a3e9944829ab101957c8eddffd3d18cb805507bed707b0e306d3b433:segment:004,4,7774.0,7555,activities/108_260801060832.csv,1,1,0,0
fit:80de1342a3e9944829ab101957c8eddffd3d18cb805507bed707b0e306d3b433,2026-08-01T06:18:07+00:00,439,243,139,82,6.947,506.6,20,fit:80de1342a3e9944829ab101957c8eddffd3d18cb805507bed707b0e306d3b433:segment:004,4,7775.0,7556,activities/108_260801060832.csv,1,1,0,0
fit:80de1342a3e9944829ab101957c8eddffd3d18cb805507bed707b0e306d3b433,2026-08-01T06:18:08+00:00,440,243,140,82,6.898,506.6,20,fit:80de1342a3e9944829ab101957c8eddffd3d18cb805507bed707b0e306d3b433:segment:004,4,7776.0,7557,activities/108_260801060832.csv,1,1,0,0
fit:80de1342a3e9944829ab101957c8eddffd3d18cb805507bed707b0e306d3b433,2026-08-01T06:18:09+00:00,441,269,140,80,6.896,506.6,20,fit:80de1342a3e9944829ab101957c8eddffd3d18cb805507bed707b0e306d3b433:segment:004,4,7777.0,7558,activities/108_260801060832.csv,1,1,0,0
fit:80de1342a3e9944829ab101957c8eddffd3d18cb805507bed707b0e306d3b433,2026-08-01T06:18:10+00:00,442,268,140,78,6.698,507.6,20,fit:80de1342a3e9944829ab101957c8eddffd3d18cb805507bed707b0e306d3b433:segment:004,4,7778.0,7559,activities/108_260801060832.csv,1,1,0,0
fit:80de1342a3e9944829ab101957c8eddffd3d18cb805507bed707b0e306d3b433,2026-08-01T06:18:11+00:00,443,268,141,78,6.742,507.6,20,fit:80de1342a3e9944829ab101957c8eddffd3d18cb805507bed707b0e306d3b433:segment:004,4,7779.0,7560,activities/108_260801060832.csv,1,1,0,0
fit:80de1342a3e9944829ab101957c8eddffd3d18cb805507bed707b0e306d3b433,2026-08-01T06:18:12+00:00,444,273,141,78,6.487,507.6,20,fit:80de1342a3e9944829ab101957c8eddffd3d18cb805507bed707b0e306d3b433:segment:004,4,7780.0,7561,activities/108_260801060832.csv,1,1,0,0
fit:80de1342a3e9944829ab101957c8eddffd3d18cb805507bed707b0e306d3b433,2026-08-01T06:18:13+00:00,445,286,141,76,6.377,507.6,20,fit:80de1342a3e9944829ab101957c8eddffd3d18cb805507bed707b0e306d3b433:segment:004,4,7781.0,7562,activities/108_260801060832.csv,1,1,0,0
fit:80de1342a3e9944829ab101957c8eddffd3d18cb805507bed707b0e306d3b433,2026-08-01T06:18:14+00:00,446,296,141,75,5.972,507.6,20,fit:80de1342a3e9944829ab101957c8eddffd3d18cb805507bed707b0e306d3b433:segment:004,4,7782.0,7563,activities/108_260801060832.csv,1,1,0,0
fit:80de1342a3e9944829ab101957c8eddffd3d18cb805507bed707b0e306d3b433,2026-08-01T06:18:15+00:00,447,295,142,80,5.732,508.6,20,fit:80de1342a3e9944829ab101957c8eddffd3d18cb805507bed707b0e306d3b433:segment:004,4,7783.0,7564,activities/108_260801060832.csv,1,1,0,0
fit:80de1342a3e9944829ab101957c8eddffd3d18cb805507bed707b0e306d3b433,2026-08-01T06:18:16+00:00,448,219,142,78,5.729,509.4,20,fit:80de1342a3e9944829ab101957c8eddffd3d18cb805507bed707b0e306d3b433:segment:004,4,7784.0,7565,activities/108_260801060832.csv,1,1,0,0
fit:80de1342a3e9944829ab101957c8eddffd3d18cb805507bed707b0e306d3b433,2026-08-01T06:18:17+00:00,449,292,143,76,5.401,509.79999999999995,20,fit:80de1342a3e9944829ab101957c8eddffd3d18cb805507bed707b0e306d3b433:segment:004,4,7785.0,7566,activities/108_260801060832.csv,1,1,0,0
fit:80de1342a3e9944829ab101957c8eddffd3d18cb805507bed707b0e306d3b433,2026-08-01T06:18:18+00:00,450,340,144,79,5.308,509.79999999999995,20,fit:80de1342a3e9944829ab101957c8eddffd3d18cb805507bed707b0e306d3b433:segment:004,4,7786.0,7567,activities/108_260801060832.csv,1,1,0,0
fit:80de1342a3e9944829ab101957c8eddffd3d18cb805507bed707b0e306d3b433,2026-08-01T06:18:19+00:00,451,153,145,76,4.732,509.79999999999995,20,fit:80de1342a3e9944829ab101957c8eddffd3d18cb805507bed707b0e306d3b433:segment:004,4,7787.0,7568,activities/108_260801060832.csv,1,1,0,0
fit:80de1342a3e9944829ab101957c8eddffd3d18cb805507bed707b0e306d3b433,2026-08-01T06:18:20+00:00,452,153,145,75,4.593,509.79999999999995,20,fit:80de1342a3e9944829ab101957c8eddffd3d18cb805507bed707b0e306d3b433:segment:004,4,7788.0,7569,activities/108_260801060832.csv,1,1,0,0
fit:80de1342a3e9944829ab101957c8eddffd3d18cb805507bed707b0e306d3b433,2026-08-01T06:18:21+00:00,453,361,145,75,4.5,510.79999999999995,20,fit:80de1342a3e9944829ab101957c8eddffd3d18cb805507bed707b0e306d3b433:segment:004,4,7789.0,7570,activities/108_260801060832.csv,1,1,0,0
fit:80de1342a3e9944829ab101957c8eddffd3d18cb805507bed707b0e306d3b433,2026-08-01T06:18:22+00:00,454,377,146,68,4.282,511.79999999999995,20,fit:80de1342a3e9944829ab101957c8eddffd3d18cb805507bed707b0e306d3b433:segment:004,4,7790.0,7571,activities/108_260801060832.csv,1,1,0,0
fit:80de1342a3e9944829ab101957c8eddffd3d18cb805507bed707b0e306d3b433,2026-08-01T06:18:23+00:00,455,401,146,67,4.021,512.4,20,fit:80de1342a3e9944829ab101957c8eddffd3d18cb805507bed707b0e306d3b433:segment:004,4,7791.0,7572,activities/108_260801060832.csv,1,1,0,0
fit:80de1342a3e9944829ab101957c8eddffd3d18cb805507bed707b0e306d3b433,2026-08-01T06:18:24+00:00,456,396,146,67,3.903,512.6,20,fit:80de1342a3e9944829ab101957c8eddffd3d18cb805507bed707b0e306d3b433:segment:004,4,7792.0,7573,activities/108_260801060832.csv,1,1,0,0
fit:80de1342a3e9944829ab101957c8eddffd3d18cb805507bed707b0e306d3b433,2026-08-01T06:18:25+00:00,457,95,146,67,3.685,513.0,20,fit:80de1342a3e9944829ab101957c8eddffd3d18cb805507bed707b0e306d3b433:segment:004,4,7793.0,7574,activities/108_260801060832.csv,1,1,0,0
fit:80de1342a3e9944829ab101957c8eddffd3d18cb805507bed707b0e306d3b433,2026-08-01T06:18:26+00:00,458,400,146,65,3.297,514.0,20,fit:80de1342a3e9944829ab101957c8eddffd3d18cb805507bed707b0e306d3b433:segment:004,4,7794.0,7575,activities/108_260801060832.csv,1,1,0,0
fit:80de1342a3e9944829ab101957c8eddffd3d18cb805507bed707b0e306d3b433,2026-08-01T06:18:27+00:00,459,393,146,64,3.18,514.2,20,fit:80de1342a3e9944829ab101957c8eddffd3d18cb805507bed707b0e306d3b433:segment:004,4,7795.0,7576,activities/108_260801060832.csv,1,1,0,0
fit:80de1342a3e9944829ab101957c8eddffd3d18cb805507bed707b0e306d3b433,2026-08-01T06:18:28+00:00,460,394,146,67,3.212,514.6,20,fit:80de1342a3e9944829ab101957c8eddffd3d18cb805507bed707b0e306d3b433:segment:004,4,7796.0,7577,activities/108_260801060832.csv,1,1,0,0
fit:80de1342a3e9944829ab101957c8eddffd3d18cb805507bed707b0e306d3b433,2026-08-01T06:18:29+00:00,461,421,146,67,3.124,515.0,20,fit:80de1342a3e9944829ab101957c8eddffd3d18cb805507bed707b0e306d3b433:segment:004,4,7797.0,7578,activities/108_260801060832.csv,1,1,0,0
fit:80de1342a3e9944829ab101957c8eddffd3d18cb805507bed707b0e306d3b433,2026-08-01T06:18:30+00:00,462,379,146,68,3.414,515.6,20,fit:80de1342a3e9944829ab101957c8eddffd3d18cb805507bed707b0e306d3b433:segment:004,4,7798.0,7579,activities/108_260801060832.csv,1,1,0,0
fit:80de1342a3e9944829ab101957c8eddffd3d18cb805507bed707b0e306d3b433,2026-08-01T06:18:31+00:00,463,393,146,69,3.727,515.8,20,fit:80de1342a3e9944829ab101957c8eddffd3d18cb805507bed707b0e306d3b433:segment:004,4,7799.0,7580,activities/108_260801060832.csv,1,1,0,0
fit:80de1342a3e9944829ab101957c8eddffd3d18cb805507bed707b0e306d3b433,2026-08-01T06:18:32+00:00,464,398,147,68,3.355,515.8,20,fit:80de1342a3e9944829ab101957c8eddffd3d18cb805507bed707b0e306d3b433:segment:004,4,7800.0,7581,activities/108_260801060832.csv,1,1,0,0
fit:80de1342a3e9944829ab101957c8eddffd3d18cb805507bed707b0e306d3b433,2026-08-01T06:18:33+00:00,465,383,148,67,3.434,516.6,20,fit:80de1342a3e9944829ab101957c8eddffd3d18cb805507bed707b0e306d3b433:segment:004,4,7801.0,7582,activities/108_260801060832.csv,1,1,0,0
fit:80de1342a3e9944829ab101957c8eddffd3d18cb805507bed707b0e306d3b433,2026-08-01T06:18:34+00:00,466,398,148,66,3.622,517.2,20,fit:80de1342a3e9944829ab101957c8eddffd3d18cb805507bed707b0e306d3b433:segment:004,4,7802.0,7583,activities/108_260801060832.csv,1,1,0,0
fit:80de1342a3e9944829ab101957c8eddffd3d18cb805507bed707b0e306d3b433,2026-08-01T06:18:35+00:00,467,379,148,67,3.645,517.4,20,fit:80de1342a3e9944829ab101957c8eddffd3d18cb805507bed707b0e306d3b433:segment:004,4,7803.0,7584,activities/108_260801060832.csv,1,1,0,0
fit:80de1342a3e9944829ab101957c8eddffd3d18cb805507bed707b0e306d3b433,2026-08-01T06:18:36+00:00,468,379,149,67,3.426,517.6,20,fit:80de1342a3e9944829ab101957c8eddffd3d18cb805507bed707b0e306d3b433:segment:004,4,7804.0,7585,activities/108_260801060832.csv,1,1,0,0
fit:80de1342a3e9944829ab101957c8eddffd3d18cb805507bed707b0e306d3b433,2026-08-01T06:18:37+00:00,469,333,151,67,3.154,518.4,20,fit:80de1342a3e9944829ab101957c8eddffd3d18cb805507bed707b0e306d3b433:segment:004,4,7805.0,7586,activities/108_260801060832.csv,1,1,0,0
fit:80de1342a3e9944829ab101957c8eddffd3d18cb805507bed707b0e306d3b433,2026-08-01T06:18:38+00:00,470,334,152,67,3.003,518.6,20,fit:80de1342a3e9944829ab101957c8eddffd3d18cb805507bed707b0e306d3b433:segment:004,4,7806.0,7587,activities/108_260801060832.csv,1,1,0,0
fit:80de1342a3e9944829ab101957c8eddffd3d18cb805507bed707b0e306d3b433,2026-08-01T06:18:39+00:00,471,337,153,67,3.156,519.0,20,fit:80de1342a3e9944829ab101957c8eddffd3d18cb805507bed707b0e306d3b433:segment:004,4,7807.0,7588,activities/108_260801060832.csv,1,1,0,0
fit:80de1342a3e9944829ab101957c8eddffd3d18cb805507bed707b0e306d3b433,2026-08-01T06:18:40+00:00,472,299,155,69,3.281,519.2,20,fit:80de1342a3e9944829ab101957c8eddffd3d18cb805507bed707b0e306d3b433:segment:004,4,7808.0,7589,activities/108_260801060832.csv,1,1,0,0
fit:80de1342a3e9944829ab101957c8eddffd3d18cb805507bed707b0e306d3b433,2026-08-01T06:18:41+00:00,473,281,156,69,3.226,519.6,20,fit:80de1342a3e9944829ab101957c8eddffd3d18cb805507bed707b0e306d3b433:segment:004,4,7809.0,7590,activities/108_260801060832.csv,1,1,0,0
fit:80de1342a3e9944829ab101957c8eddffd3d18cb805507bed707b0e306d3b433,2026-08-01T06:18:42+00:00,474,292,156,68,3.142,519.8,20,fit:80de1342a3e9944829ab101957c8eddffd3d18cb805507bed707b0e306d3b433:segment:004,4,7810.0,7591,activities/108_260801060832.csv,1,1,0,0
fit:80de1342a3e9944829ab101957c8eddffd3d18cb805507bed707b0e306d3b433,2026-08-01T06:18:43+00:00,475,270,160,67,3.107,520.0,20,fit:80de1342a3e9944829ab101957c8eddffd3d18cb805507bed707b0e306d3b433:segment:004,4,7811.0,7592,activities/108_260801060832.csv,1,1,0,0
fit:80de1342a3e9944829ab101957c8eddffd3d18cb805507bed707b0e306d3b433,2026-08-01T06:18:44+00:00,476,287,161,66,3.221,520.0,20,fit:80de1342a3e9944829ab101957c8eddffd3d18cb805507bed707b0e306d3b433:segment:004,4,7812.0,7593,activities/108_260801060832.csv,1,1,0,0
fit:80de1342a3e9944829ab101957c8eddffd3d18cb805507bed707b0e306d3b433,2026-08-01T06:18:45+00:00,477,300,162,65,2.962,520.0,20,fit:80de1342a3e9944829ab101957c8eddffd3d18cb805507bed707b0e306d3b433:segment:004,4,7813.0,7594,activities/108_260801060832.csv,1,1,0,0
fit:80de1342a3e9944829ab101957c8eddffd3d18cb805507bed707b0e306d3b433,2026-08-01T06:18:46+00:00,478,334,163,62,3.097,520.0,20,fit:80de1342a3e9944829ab101957c8eddffd3d18cb805507bed707b0e306d3b433:segment:004,4,7814.0,7595,activities/108_260801060832.csv,1,1,0,0
fit:80de1342a3e9944829ab101957c8eddffd3d18cb805507bed707b0e306d3b433,2026-08-01T06:18:47+00:00,479,334,163,63,3.255,520.8,20,fit:80de1342a3e9944829ab101957c8eddffd3d18cb805507bed707b0e306d3b433:segment:004,4,7815.0,7596,activities/108_260801060832.csv,1,1,0,0
fit:80de1342a3e9944829ab101957c8eddffd3d18cb805507bed707b0e306d3b433,2026-08-01T06:18:48+00:00,480,318,164,63,2.659,521.4,20,fit:80de1342a3e9944829ab101957c8eddffd3d18cb805507bed707b0e306d3b433:segment:004,4,7816.0,7597,activities/108_260801060832.csv,1,1,0,0
fit:80de1342a3e9944829ab101957c8eddffd3d18cb805507bed707b0e306d3b433,2026-08-01T06:18:49+00:00,481,305,165,65,2.776,522.0,20,fit:80de1342a3e9944829ab101957c8eddffd3d18cb805507bed707b0e306d3b433:segment:004,4,7817.0,7598,activities/108_260801060832.csv,1,1,0,0
fit:80de1342a3e9944829ab101957c8eddffd3d18cb805507bed707b0e306d3b433,2026-08-01T06:18:50+00:00,482,304,165,65,2.438,522.0,20,fit:80de1342a3e9944829ab101957c8eddffd3d18cb805507bed707b0e306d3b433:segment:004,4,7818.0,7599,activities/108_260801060832.csv,1,1,0,0
fit:80de1342a3e9944829ab101957c8eddffd3d18cb805507bed707b0e306d3b433,2026-08-01T06:18:51+00:00,483,305,166,66,2.688,522.0,20,fit:80de1342a3e9944829ab101957c8eddffd3d18cb805507bed707b0e306d3b433:segment:004,4,7819.0,7600,activities/108_260801060832.csv,1,1,0,0
fit:80de1342a3e9944829ab101957c8eddffd3d18cb805507bed707b0e306d3b433,2026-08-01T06:18:52+00:00,484,349,166,65,3.435,522.0,20,fit:80de1342a3e9944829ab101957c8eddffd3d18cb805507bed707b0e306d3b433:segment:004,4,7820.0,7601,activities/108_260801060832.csv,1,1,0,0
fit:80de1342a3e9944829ab101957c8eddffd3d18cb805507bed707b0e306d3b433,2026-08-01T06:18:53+00:00,485,345,166,65,3.58,523.0,20,fit:80de1342a3e9944829ab101957c8eddffd3d18cb805507bed707b0e306d3b433:segment:004,4,7821.0,7602,activities/108_260801060832.csv,1,1,0,0
fit:80de1342a3e9944829ab101957c8eddffd3d18cb805507bed707b0e306d3b433,2026-08-01T06:18:54+00:00,486,318,167,64,3.179,523.2,20,fit:80de1342a3e9944829ab101957c8eddffd3d18cb805507bed707b0e306d3b433:segment:004,4,7822.0,7603,activities/108_260801060832.csv,1,1,0,0
fit:80de1342a3e9944829ab101957c8eddffd3d18cb805507bed707b0e306d3b433,2026-08-01T06:18:55+00:00,487,286,167,64,2.905,523.6,20,fit:80de1342a3e9944829ab101957c8eddffd3d18cb805507bed707b0e306d3b433:segment:004,4,7823.0,7604,activities/108_260801060832.csv,1,1,0,0
fit:80de1342a3e9944829ab101957c8eddffd3d18cb805507bed707b0e306d3b433,2026-08-01T06:18:56+00:00,488,315,167,65,2.624,523.8,20,fit:80de1342a3e9944829ab101957c8eddffd3d18cb805507bed707b0e306d3b433:segment:004,4,7824.0,7605,activities/108_260801060832.csv,1,1,0,0
fit:80de1342a3e9944829ab101957c8eddffd3d18cb805507bed707b0e306d3b433,2026-08-01T06:18:57+00:00,489,270,168,69,2.561,524.2,20,fit:80de1342a3e9944829ab101957c8eddffd3d18cb805507bed707b0e306d3b433:segment:004,4,7825.0,7606,activities/108_260801060832.csv,1,1,0,0
fit:80de1342a3e9944829ab101957c8eddffd3d18cb805507bed707b0e306d3b433,2026-08-01T06:18:58+00:00,490,270,168,70,2.95,524.4000000000001,20,fit:80de1342a3e9944829ab101957c8eddffd3d18cb805507bed707b0e306d3b433:segment:004,4,7826.0,7607,activities/108_260801060832.csv,1,1,0,0
fit:80de1342a3e9944829ab101957c8eddffd3d18cb805507bed707b0e306d3b433,2026-08-01T06:18:59+00:00,491,267,168,70,3.554,525.0,20,fit:80de1342a3e9944829ab101957c8eddffd3d18cb805507bed707b0e306d3b433:segment:004,4,7827.0,7608,activities/108_260801060832.csv,1,1,0,0
fit:80de1342a3e9944829ab101957c8eddffd3d18cb805507bed707b0e306d3b433,2026-08-01T06:19:00+00:00,492,269,168,70,3.546,525.0,20,fit:80de1342a3e9944829ab101957c8eddffd3d18cb805507bed707b0e306d3b433:segment:004,4,7828.0,7609,activities/108_260801060832.csv,1,1,0,0
fit:80de1342a3e9944829ab101957c8eddffd3d18cb805507bed707b0e306d3b433,2026-08-01T06:19:01+00:00,493,281,169,69,3.065,525.0,20,fit:80de1342a3e9944829ab101957c8eddffd3d18cb805507bed707b0e306d3b433:segment:004,4,7829.0,7610,activities/108_260801060832.csv,1,1,0,0
fit:80de1342a3e9944829ab101957c8eddffd3d18cb805507bed707b0e306d3b433,2026-08-01T06:19:02+00:00,494,258,169,68,3.132,525.0,20,fit:80de1342a3e9944829ab101957c8eddffd3d18cb805507bed707b0e306d3b433:segment:004,4,7830.0,7611,activities/108_260801060832.csv,1,1,0,0
fit:80de1342a3e9944829ab101957c8eddffd3d18cb805507bed707b0e306d3b433,2026-08-01T06:19:03+00:00,495,258,169,69,3.235,526.0,20,fit:80de1342a3e9944829ab101957c8eddffd3d18cb805507bed707b0e306d3b433:segment:004,4,7831.0,7612,activities/108_260801060832.csv,1,1,0,0
fit:80de1342a3e9944829ab101957c8eddffd3d18cb805507bed707b0e306d3b433,2026-08-01T06:19:04+00:00,496,227,169,69,3.366,526.0,20,fit:80de1342a3e9944829ab101957c8eddffd3d18cb805507bed707b0e306d3b433:segment:004,4,7832.0,7613,activities/108_260801060832.csv,1,1,0,0
fit:80de1342a3e9944829ab101957c8eddffd3d18cb805507bed707b0e306d3b433,2026-08-01T06:19:05+00:00,497,222,169,70,3.672,526.0,20,fit:80de1342a3e9944829ab101957c8eddffd3d18cb805507bed707b0e306d3b433:segment:004,4,7833.0,7614,activities/108_260801060832.csv,1,1,0,0
fit:80de1342a3e9944829ab101957c8eddffd3d18cb805507bed707b0e306d3b433,2026-08-01T06:19:06+00:00,498,201,170,74,3.623,526.0,20,fit:80de1342a3e9944829ab101957c8eddffd3d18cb805507bed707b0e306d3b433:segment:004,4,7834.0,7615,activities/108_260801060832.csv,1,1,0,0
fit:80de1342a3e9944829ab101957c8eddffd3d18cb805507bed707b0e306d3b433,2026-08-01T06:19:07+00:00,499,142,170,77,3.75,526.5999999999999,20,fit:80de1342a3e9944829ab101957c8eddffd3d18cb805507bed707b0e306d3b433:segment:004,4,7835.0,7616,activities/108_260801060832.csv,1,1,0,0
fit:80de1342a3e9944829ab101957c8eddffd3d18cb805507bed707b0e306d3b433,2026-08-01T06:19:08+00:00,500,142,170,71,4.054,526.5999999999999,20,fit:80de1342a3e9944829ab101957c8eddffd3d18cb805507bed707b0e306d3b433:segment:004,4,7836.0,7617,activities/108_260801060832.csv,1,1,0,0
fit:80de1342a3e9944829ab101957c8eddffd3d18cb805507bed707b0e306d3b433,2026-08-01T06:19:09+00:00,501,216,170,73,3.997,526.5999999999999,20,fit:80de1342a3e9944829ab101957c8eddffd3d18cb805507bed707b0e306d3b433:segment:004,4,7837.0,7618,activities/108_260801060832.csv,1,1,0,0
fit:80de1342a3e9944829ab101957c8eddffd3d18cb805507bed707b0e306d3b433,2026-08-01T06:19:10+00:00,502,194,170,74,4.157,526.5999999999999,20,fit:80de1342a3e9944829ab101957c8eddffd3d18cb805507bed707b0e306d3b433:segment:004,4,7838.0,7619,activities/108_260801060832.csv,1,1,0,0
fit:80de1342a3e9944829ab101957c8eddffd3d18cb805507bed707b0e306d3b433,2026-08-01T06:19:11+00:00,503,182,170,75,3.971,526.5999999999999,20,fit:80de1342a3e9944829ab101957c8eddffd3d18cb805507bed707b0e306d3b433:segment:004,4,7839.0,7620,activities/108_260801060832.csv,1,1,0,0
fit:80de1342a3e9944829ab101957c8eddffd3d18cb805507bed707b0e306d3b433,2026-08-01T06:19:12+00:00,504,184,170,74,3.351,526.5999999999999,20,fit:80de1342a3e9944829ab101957c8eddffd3d18cb805507bed707b0e306d3b433:segment:004,4,7840.0,7621,activities/108_260801060832.csv,1,1,0,0
fit:80de1342a3e9944829ab101957c8eddffd3d18cb805507bed707b0e306d3b433,2026-08-01T06:19:13+00:00,505,185,169,73,3.512,526.5999999999999,20,fit:80de1342a3e9944829ab101957c8eddffd3d18cb805507bed707b0e306d3b433:segment:004,4,7841.0,7622,activities/108_260801060832.csv,1,1,0,0
fit:80de1342a3e9944829ab101957c8eddffd3d18cb805507bed707b0e306d3b433,2026-08-01T06:19:14+00:00,506,224,169,71,3.597,527.5999999999999,20,fit:80de1342a3e9944829ab101957c8eddffd3d18cb805507bed707b0e306d3b433:segment:004,4,7842.0,7623,activities/108_260801060832.csv,1,1,0,0
fit:80de1342a3e9944829ab101957c8eddffd3d18cb805507bed707b0e306d3b433,2026-08-01T06:19:15+00:00,507,238,168,70,3.807,527.5999999999999,20,fit:80de1342a3e9944829ab101957c8eddffd3d18cb805507bed707b0e306d3b433:segment:004,4,7843.0,7624,activities/108_260801060832.csv,1,1,0,0
fit:80de1342a3e9944829ab101957c8eddffd3d18cb805507bed707b0e306d3b433,2026-08-01T06:19:16+00:00,508,230,168,71,3.906,527.5999999999999,20,fit:80de1342a3e9944829ab101957c8eddffd3d18cb805507bed707b0e306d3b433:segment:004,4,7844.0,7625,activities/108_260801060832.csv,1,1,0,0
fit:80de1342a3e9944829ab101957c8eddffd3d18cb805507bed707b0e306d3b433,2026-08-01T06:19:17+00:00,509,217,168,73,3.814,527.5999999999999,20,fit:80de1342a3e9944829ab101957c8eddffd3d18cb805507bed707b0e306d3b433:segment:004,4,7845.0,7626,activities/108_260801060832.csv,1,1,0,0
fit:80de1342a3e9944829ab101957c8eddffd3d18cb805507bed707b0e306d3b433,2026-08-01T06:19:18+00:00,510,188,167,74,3.941,527.5999999999999,20,fit:80de1342a3e9944829ab101957c8eddffd3d18cb805507bed707b0e306d3b433:segment:004,4,7846.0,7627,activities/108_260801060832.csv,1,1,0,0
fit:80de1342a3e9944829ab101957c8eddffd3d18cb805507bed707b0e306d3b433,2026-08-01T06:19:19+00:00,511,199,165,76,3.797,528.4000000000001,20,fit:80de1342a3e9944829ab101957c8eddffd3d18cb805507bed707b0e306d3b433:segment:004,4,7847.0,7628,activities/108_260801060832.csv,1,1,0,0
fit:80de1342a3e9944829ab101957c8eddffd3d18cb805507bed707b0e306d3b433,2026-08-01T06:19:20+00:00,512,195,164,77,4.021,528.5999999999999,20,fit:80de1342a3e9944829ab101957c8eddffd3d18cb805507bed707b0e306d3b433:segment:004,4,7848.0,7629,activities/108_260801060832.csv,1,1,0,0
fit:80de1342a3e9944829ab101957c8eddffd3d18cb805507bed707b0e306d3b433,2026-08-01T06:19:21+00:00,513,195,163,76,4.21,528.8,20,fit:80de1342a3e9944829ab101957c8eddffd3d18cb805507bed707b0e306d3b433:segment:004,4,7849.0,7630,activities/108_260801060832.csv,1,1,0,0
fit:80de1342a3e9944829ab101957c8eddffd3d18cb805507bed707b0e306d3b433,2026-08-01T06:19:22+00:00,514,203,162,76,4.078,529.2,20,fit:80de1342a3e9944829ab101957c8eddffd3d18cb805507bed707b0e306d3b433:segment:004,4,7850.0,7631,activities/108_260801060832.csv,1,1,0,0
fit:80de1342a3e9944829ab101957c8eddffd3d18cb805507bed707b0e306d3b433,2026-08-01T06:19:23+00:00,515,188,162,76,4.15,529.2,20,fit:80de1342a3e9944829ab101957c8eddffd3d18cb805507bed707b0e306d3b433:segment:004,4,7851.0,7632,activities/108_260801060832.csv,1,1,0,0
fit:80de1342a3e9944829ab101957c8eddffd3d18cb805507bed707b0e306d3b433,2026-08-01T06:19:24+00:00,516,193,161,76,4.356,529.2,20,fit:80de1342a3e9944829ab101957c8eddffd3d18cb805507bed707b0e306d3b433:segment:004,4,7852.0,7633,activities/108_260801060832.csv,1,1,0,0
fit:80de1342a3e9944829ab101957c8eddffd3d18cb805507bed707b0e306d3b433,2026-08-01T06:19:25+00:00,517,190,161,76,4.4,529.2,20,fit:80de1342a3e9944829ab101957c8eddffd3d18cb805507bed707b0e306d3b433:segment:004,4,7853.0,7634,activities/108_260801060832.csv,1,1,0,0
fit:80de1342a3e9944829ab101957c8eddffd3d18cb805507bed707b0e306d3b433,2026-08-01T06:19:26+00:00,518,200,161,75,4.373,529.8,20,fit:80de1342a3e9944829ab101957c8eddffd3d18cb805507bed707b0e306d3b433:segment:004,4,7854.0,7635,activities/108_260801060832.csv,1,1,0,0
fit:80de1342a3e9944829ab101957c8eddffd3d18cb805507bed707b0e306d3b433,2026-08-01T06:19:27+00:00,519,218,161,74,4.176,530.0,20,fit:80de1342a3e9944829ab101957c8eddffd3d18cb805507bed707b0e306d3b433:segment:004,4,7855.0,7636,activities/108_260801060832.csv,1,1,0,0
fit:80de1342a3e9944829ab101957c8eddffd3d18cb805507bed707b0e306d3b433,2026-08-01T06:19:28+00:00,520,232,161,74,4.077,530.2,20,fit:80de1342a3e9944829ab101957c8eddffd3d18cb805507bed707b0e306d3b433:segment:004,4,7856.0,7637,activities/108_260801060832.csv,1,1,0,0
fit:80de1342a3e9944829ab101957c8eddffd3d18cb805507bed707b0e306d3b433,2026-08-01T06:19:29+00:00,521,213,161,74,4.161,530.2,20,fit:80de1342a3e9944829ab101957c8eddffd3d18cb805507bed707b0e306d3b433:segment:004,4,7857.0,7638,activities/108_260801060832.csv,1,1,0,0
fit:80de1342a3e9944829ab101957c8eddffd3d18cb805507bed707b0e306d3b433,2026-08-01T06:19:30+00:00,522,233,161,74,4.352,530.2,20,fit:80de1342a3e9944829ab101957c8eddffd3d18cb805507bed707b0e306d3b433:segment:004,4,7858.0,7639,activities/108_260801060832.csv,1,1,0,0
fit:80de1342a3e9944829ab101957c8eddffd3d18cb805507bed707b0e306d3b433,2026-08-01T06:19:31+00:00,523,229,161,73,3.883,530.2,20,fit:80de1342a3e9944829ab101957c8eddffd3d18cb805507bed707b0e306d3b433:segment:004,4,7859.0,7640,activities/108_260801060832.csv,1,1,0,0
fit:80de1342a3e9944829ab101957c8eddffd3d18cb805507bed707b0e306d3b433,2026-08-01T06:19:32+00:00,524,230,160,73,3.75,531.2,20,fit:80de1342a3e9944829ab101957c8eddffd3d18cb805507bed707b0e306d3b433:segment:004,4,7860.0,7641,activities/108_260801060832.csv,1,1,0,0
fit:80de1342a3e9944829ab101957c8eddffd3d18cb805507bed707b0e306d3b433,2026-08-01T06:19:33+00:00,525,241,160,73,3.789,532.2,20,fit:80de1342a3e9944829ab101957c8eddffd3d18cb805507bed707b0e306d3b433:segment:004,4,7861.0,7642,activities/108_260801060832.csv,1,1,0,0
fit:80de1342a3e9944829ab101957c8eddffd3d18cb805507bed707b0e306d3b433,2026-08-01T06:19:34+00:00,526,241,160,73,3.84,532.2,20,fit:80de1342a3e9944829ab101957c8eddffd3d18cb805507bed707b0e306d3b433:segment:004,4,7862.0,7643,activities/108_260801060832.csv,1,1,0,0
fit:80de1342a3e9944829ab101957c8eddffd3d18cb805507bed707b0e306d3b433,2026-08-01T06:19:35+00:00,527,275,158,73,3.544,532.2,20,fit:80de1342a3e9944829ab101957c8eddffd3d18cb805507bed707b0e306d3b433:segment:004,4,7863.0,7644,activities/108_260801060832.csv,1,1,0,0
fit:80de1342a3e9944829ab101957c8eddffd3d18cb805507bed707b0e306d3b433,2026-08-01T06:19:36+00:00,528,283,158,75,2.973,532.2,20,fit:80de1342a3e9944829ab101957c8eddffd3d18cb805507bed707b0e306d3b433:segment:004,4,7864.0,7645,activities/108_260801060832.csv,1,1,0,0
fit:80de1342a3e9944829ab101957c8eddffd3d18cb805507bed707b0e306d3b433,2026-08-01T06:19:37+00:00,529,295,157,73,2.946,532.8,20,fit:80de1342a3e9944829ab101957c8eddffd3d18cb805507bed707b0e306d3b433:segment:004,4,7865.0,7646,activities/108_260801060832.csv,1,1,0,0
fit:80de1342a3e9944829ab101957c8eddffd3d18cb805507bed707b0e306d3b433,2026-08-01T06:19:38+00:00,530,337,157,73,3.051,533.2,20,fit:80de1342a3e9944829ab101957c8eddffd3d18cb805507bed707b0e306d3b433:segment:004,4,7866.0,7647,activities/108_260801060832.csv,1,1,0,0
fit:80de1342a3e9944829ab101957c8eddffd3d18cb805507bed707b0e306d3b433,2026-08-01T06:19:39+00:00,531,317,157,72,2.654,533.8,20,fit:80de1342a3e9944829ab101957c8eddffd3d18cb805507bed707b0e306d3b433:segment:004,4,7867.0,7648,activities/108_260801060832.csv,1,1,0,0
fit:80de1342a3e9944829ab101957c8eddffd3d18cb805507bed707b0e306d3b433,2026-08-01T06:19:40+00:00,532,317,157,71,2.478,533.8,20,fit:80de1342a3e9944829ab101957c8eddffd3d18cb805507bed707b0e306d3b433:segment:004,4,7868.0,7649,activities/108_260801060832.csv,1,1,0,0
fit:80de1342a3e9944829ab101957c8eddffd3d18cb805507bed707b0e306d3b433,2026-08-01T06:19:41+00:00,533,336,158,68,2.377,533.8,20,fit:80de1342a3e9944829ab101957c8eddffd3d18cb805507bed707b0e306d3b433:segment:004,4,7869.0,7650,activities/108_260801060832.csv,1,1,0,0
fit:80de1342a3e9944829ab101957c8eddffd3d18cb805507bed707b0e306d3b433,2026-08-01T06:19:42+00:00,534,340,158,69,2.265,533.8,19,fit:80de1342a3e9944829ab101957c8eddffd3d18cb805507bed707b0e306d3b433:segment:004,4,7870.0,7651,activities/108_260801060832.csv,1,1,0,0
fit:80de1342a3e9944829ab101957c8eddffd3d18cb805507bed707b0e306d3b433,2026-08-01T06:19:43+00:00,535,294,159,68,2.47,534.5999999999999,19,fit:80de1342a3e9944829ab101957c8eddffd3d18cb805507bed707b0e306d3b433:segment:004,4,7871.0,7652,activities/108_260801060832.csv,1,1,0,0
fit:80de1342a3e9944829ab101957c8eddffd3d18cb805507bed707b0e306d3b433,2026-08-01T06:19:44+00:00,536,302,159,69,2.719,535.0,19,fit:80de1342a3e9944829ab101957c8eddffd3d18cb805507bed707b0e306d3b433:segment:004,4,7872.0,7653,activities/108_260801060832.csv,1,1,0,0
fit:80de1342a3e9944829ab101957c8eddffd3d18cb805507bed707b0e306d3b433,2026-08-01T06:19:45+00:00,537,281,160,68,2.905,535.4000000000001,19,fit:80de1342a3e9944829ab101957c8eddffd3d18cb805507bed707b0e306d3b433:segment:004,4,7873.0,7654,activities/108_260801060832.csv,1,1,0,0
fit:80de1342a3e9944829ab101957c8eddffd3d18cb805507bed707b0e306d3b433,2026-08-01T06:19:46+00:00,538,288,160,68,2.961,535.4000000000001,19,fit:80de1342a3e9944829ab101957c8eddffd3d18cb805507bed707b0e306d3b433:segment:004,4,7874.0,7655,activities/108_260801060832.csv,1,1,0,0
fit:80de1342a3e9944829ab101957c8eddffd3d18cb805507bed707b0e306d3b433,2026-08-01T06:19:47+00:00,539,288,160,68,2.96,535.8,19,fit:80de1342a3e9944829ab101957c8eddffd3d18cb805507bed707b0e306d3b433:segment:004,4,7875.0,7656,activities/108_260801060832.csv,1,1,0,0
fit:80de1342a3e9944829ab101957c8eddffd3d18cb805507bed707b0e306d3b433,2026-08-01T06:19:48+00:00,540,312,160,69,3.058,536.4000000000001,19,fit:80de1342a3e9944829ab101957c8eddffd3d18cb805507bed707b0e306d3b433:segment:004,4,7876.0,7657,activities/108_260801060832.csv,1,1,0,0
fit:80de1342a3e9944829ab101957c8eddffd3d18cb805507bed707b0e306d3b433,2026-08-01T06:19:49+00:00,541,292,159,69,2.889,536.4000000000001,19,fit:80de1342a3e9944829ab101957c8eddffd3d18cb805507bed707b0e306d3b433:segment:004,4,7877.0,7658,activities/108_260801060832.csv,1,1,0,0
fit:80de1342a3e9944829ab101957c8eddffd3d18cb805507bed707b0e306d3b433,2026-08-01T06:19:50+00:00,542,267,159,68,2.562,536.5999999999999,19,fit:80de1342a3e9944829ab101957c8eddffd3d18cb805507bed707b0e306d3b433:segment:004,4,7878.0,7659,activities/108_260801060832.csv,1,1,0,0
fit:80de1342a3e9944829ab101957c8eddffd3d18cb805507bed707b0e306d3b433,2026-08-01T06:19:51+00:00,543,304,158,67,2.421,537.0,19,fit:80de1342a3e9944829ab101957c8eddffd3d18cb805507bed707b0e306d3b433:segment:004,4,7879.0,7660,activities/108_260801060832.csv,1,1,0,0
fit:80de1342a3e9944829ab101957c8eddffd3d18cb805507bed707b0e306d3b433,2026-08-01T06:19:52+00:00,544,303,158,68,2.407,537.0,19,fit:80de1342a3e9944829ab101957c8eddffd3d18cb805507bed707b0e306d3b433:segment:004,4,7880.0,7661,activities/108_260801060832.csv,1,1,0,0
fit:80de1342a3e9944829ab101957c8eddffd3d18cb805507bed707b0e306d3b433,2026-08-01T06:19:53+00:00,545,303,158,69,2.304,537.0,19,fit:80de1342a3e9944829ab101957c8eddffd3d18cb805507bed707b0e306d3b433:segment:004,4,7881.0,7662,activities/108_260801060832.csv,1,1,0,0
fit:80de1342a3e9944829ab101957c8eddffd3d18cb805507bed707b0e306d3b433,2026-08-01T06:19:54+00:00,546,322,158,70,2.661,537.0,19,fit:80de1342a3e9944829ab101957c8eddffd3d18cb805507bed707b0e306d3b433:segment:004,4,7882.0,7663,activities/108_260801060832.csv,1,1,0,0
fit:80de1342a3e9944829ab101957c8eddffd3d18cb805507bed707b0e306d3b433,2026-08-01T06:19:55+00:00,547,291,158,71,2.661,538.0,19,fit:80de1342a3e9944829ab101957c8eddffd3d18cb805507bed707b0e306d3b433:segment:004,4,7883.0,7664,activities/108_260801060832.csv,1,1,0,0
fit:80de1342a3e9944829ab101957c8eddffd3d18cb805507bed707b0e306d3b433,2026-08-01T06:19:56+00:00,548,284,158,72,2.565,538.2,19,fit:80de1342a3e9944829ab101957c8eddffd3d18cb805507bed707b0e306d3b433:segment:004,4,7884.0,7665,activities/108_260801060832.csv,1,1,0,0
fit:80de1342a3e9944829ab101957c8eddffd3d18cb805507bed707b0e306d3b433,2026-08-01T06:19:57+00:00,549,329,158,72,2.703,538.8,19,fit:80de1342a3e9944829ab101957c8eddffd3d18cb805507bed707b0e306d3b433:segment:004,4,7885.0,7666,activities/108_260801060832.csv,1,1,0,0
fit:80de1342a3e9944829ab101957c8eddffd3d18cb805507bed707b0e306d3b433,2026-08-01T06:19:58+00:00,550,330,158,72,2.557,538.8,19,fit:80de1342a3e9944829ab101957c8eddffd3d18cb805507bed707b0e306d3b433:segment:004,4,7886.0,7667,activities/108_260801060832.csv,1,1,0,0
fit:80de1342a3e9944829ab101957c8eddffd3d18cb805507bed707b0e306d3b433,2026-08-01T06:19:59+00:00,551,309,159,72,2.528,538.8,19,fit:80de1342a3e9944829ab101957c8eddffd3d18cb805507bed707b0e306d3b433:segment:004,4,7887.0,7668,activities/108_260801060832.csv,1,1,0,0
fit:80de1342a3e9944829ab101957c8eddffd3d18cb805507bed707b0e306d3b433,2026-08-01T06:20:00+00:00,552,314,159,72,2.592,538.8,19,fit:80de1342a3e9944829ab101957c8eddffd3d18cb805507bed707b0e306d3b433:segment:004,4,7888.0,7669,activities/108_260801060832.csv,1,1,0,0
fit:80de1342a3e9944829ab101957c8eddffd3d18cb805507bed707b0e306d3b433,2026-08-01T06:20:01+00:00,553,303,159,71,2.495,539.5999999999999,19,fit:80de1342a3e9944829ab101957c8eddffd3d18cb805507bed707b0e306d3b433:segment:004,4,7889.0,7670,activities/108_260801060832.csv,1,1,0,0
fit:80de1342a3e9944829ab101957c8eddffd3d18cb805507bed707b0e306d3b433,2026-08-01T06:20:02+00:00,554,307,160,70,2.571,539.8,19,fit:80de1342a3e9944829ab101957c8eddffd3d18cb805507bed707b0e306d3b433:segment:004,4,7890.0,7671,activities/108_260801060832.csv,1,1,0,0
fit:80de1342a3e9944829ab101957c8eddffd3d18cb805507bed707b0e306d3b433,2026-08-01T06:20:03+00:00,555,329,160,70,2.683,540.4000000000001,19,fit:80de1342a3e9944829ab101957c8eddffd3d18cb805507bed707b0e306d3b433:segment:004,4,7891.0,7672,activities/108_260801060832.csv,1,1,0,0
fit:80de1342a3e9944829ab101957c8eddffd3d18cb805507bed707b0e306d3b433,2026-08-01T06:20:04+00:00,556,293,160,71,2.607,540.4000000000001,19,fit:80de1342a3e9944829ab101957c8eddffd3d18cb805507bed707b0e306d3b433:segment:004,4,7892.0,7673,activities/108_260801060832.csv,1,1,0,0
fit:80de1342a3e9944829ab101957c8eddffd3d18cb805507bed707b0e306d3b433,2026-08-01T06:20:05+00:00,557,212,160,71,2.76,541.0,19,fit:80de1342a3e9944829ab101957c8eddffd3d18cb805507bed707b0e306d3b433:segment:004,4,7893.0,7674,activities/108_260801060832.csv,1,1,0,0
fit:80de1342a3e9944829ab101957c8eddffd3d18cb805507bed707b0e306d3b433,2026-08-01T06:20:06+00:00,558,227,160,68,2.531,541.2,19,fit:80de1342a3e9944829ab101957c8eddffd3d18cb805507bed707b0e306d3b433:segment:004,4,7894.0,7675,activities/108_260801060832.csv,1,1,0,0
fit:80de1342a3e9944829ab101957c8eddffd3d18cb805507bed707b0e306d3b433,2026-08-01T06:20:07+00:00,559,179,160,66,2.585,542.0,19,fit:80de1342a3e9944829ab101957c8eddffd3d18cb805507bed707b0e306d3b433:segment:004,4,7895.0,7676,activities/108_260801060832.csv,1,1,0,0
fit:80de1342a3e9944829ab101957c8eddffd3d18cb805507bed707b0e306d3b433,2026-08-01T06:20:08+00:00,560,239,160,64,2.492,542.0,19,fit:80de1342a3e9944829ab101957c8eddffd3d18cb805507bed707b0e306d3b433:segment:004,4,7896.0,7677,activities/108_260801060832.csv,1,1,0,0
fit:80de1342a3e9944829ab101957c8eddffd3d18cb805507bed707b0e306d3b433,2026-08-01T06:20:09+00:00,561,248,160,62,2.323,542.0,19,fit:80de1342a3e9944829ab101957c8eddffd3d18cb805507bed707b0e306d3b433:segment:004,4,7897.0,7678,activities/108_260801060832.csv,1,1,0,0
fit:80de1342a3e9944829ab101957c8eddffd3d18cb805507bed707b0e306d3b433,2026-08-01T06:20:10+00:00,562,240,160,65,2.92,542.0,19,fit:80de1342a3e9944829ab101957c8eddffd3d18cb805507bed707b0e306d3b433:segment:004,4,7898.0,7679,activities/108_260801060832.csv,1,1,0,0
fit:80de1342a3e9944829ab101957c8eddffd3d18cb805507bed707b0e306d3b433,2026-08-01T06:20:11+00:00,563,248,160,70,2.895,542.0,19,fit:80de1342a3e9944829ab101957c8eddffd3d18cb805507bed707b0e306d3b433:segment:004,4,7899.0,7680,activities/108_260801060832.csv,1,1,0,0
fit:80de1342a3e9944829ab101957c8eddffd3d18cb805507bed707b0e306d3b433,2026-08-01T06:20:12+00:00,564,248,160,81,3.177,542.2,19,fit:80de1342a3e9944829ab101957c8eddffd3d18cb805507bed707b0e306d3b433:segment:004,4,7900.0,7681,activities/108_260801060832.csv,1,1,0,0
fit:80de1342a3e9944829ab101957c8eddffd3d18cb805507bed707b0e306d3b433,2026-08-01T06:20:13+00:00,565,160,159,88,3.516,542.4000000000001,19,fit:80de1342a3e9944829ab101957c8eddffd3d18cb805507bed707b0e306d3b433:segment:004,4,7901.0,7682,activities/108_260801060832.csv,1,1,0,0
fit:80de1342a3e9944829ab101957c8eddffd3d18cb805507bed707b0e306d3b433,2026-08-01T06:20:14+00:00,566,266,158,88,4.036,542.4000000000001,19,fit:80de1342a3e9944829ab101957c8eddffd3d18cb805507bed707b0e306d3b433:segment:004,4,7902.0,7683,activities/108_260801060832.csv,1,1,0,0
fit:80de1342a3e9944829ab101957c8eddffd3d18cb805507bed707b0e306d3b433,2026-08-01T06:20:15+00:00,567,264,158,82,4.251,542.4000000000001,19,fit:80de1342a3e9944829ab101957c8eddffd3d18cb805507bed707b0e306d3b433:segment:004,4,7903.0,7684,activities/108_260801060832.csv,1,1,0,0
fit:80de1342a3e9944829ab101957c8eddffd3d18cb805507bed707b0e306d3b433,2026-08-01T06:20:16+00:00,568,229,157,86,4.38,542.4000000000001,19,fit:80de1342a3e9944829ab101957c8eddffd3d18cb805507bed707b0e306d3b433:segment:004,4,7904.0,7685,activities/108_260801060832.csv,1,1,0,0
fit:80de1342a3e9944829ab101957c8eddffd3d18cb805507bed707b0e306d3b433,2026-08-01T06:20:17+00:00,569,229,157,78,4.475,542.4000000000001,19,fit:80de1342a3e9944829ab101957c8eddffd3d18cb805507bed707b0e306d3b433:segment:004,4,7905.0,7686,activities/108_260801060832.csv,1,1,0,0
fit:80de1342a3e9944829ab101957c8eddffd3d18cb805507bed707b0e306d3b433,2026-08-01T06:20:18+00:00,570,261,157,81,4.428,542.4000000000001,19,fit:80de1342a3e9944829ab101957c8eddffd3d18cb805507bed707b0e306d3b433:segment:004,4,7906.0,7687,activities/108_260801060832.csv,1,1,0,0
fit:80de1342a3e9944829ab101957c8eddffd3d18cb805507bed707b0e306d3b433,2026-08-01T06:20:19+00:00,571,238,157,83,4.405,542.4000000000001,19,fit:80de1342a3e9944829ab101957c8eddffd3d18cb805507bed707b0e306d3b433:segment:004,4,7907.0,7688,activities/108_260801060832.csv,1,1,0,0
fit:80de1342a3e9944829ab101957c8eddffd3d18cb805507bed707b0e306d3b433,2026-08-01T06:20:20+00:00,572,230,157,83,4.282,543.4000000000001,19,fit:80de1342a3e9944829ab101957c8eddffd3d18cb805507bed707b0e306d3b433:segment:004,4,7908.0,7689,activities/108_260801060832.csv,1,1,0,0
fit:80de1342a3e9944829ab101957c8eddffd3d18cb805507bed707b0e306d3b433,2026-08-01T06:20:21+00:00,573,256,157,81,4.192,543.5999999999999,19,fit:80de1342a3e9944829ab101957c8eddffd3d18cb805507bed707b0e306d3b433:segment:004,4,7909.0,7690,activities/108_260801060832.csv,1,1,0,0
fit:80de1342a3e9944829ab101957c8eddffd3d18cb805507bed707b0e306d3b433,2026-08-01T06:20:22+00:00,574,197,157,79,4.301,544.2,19,fit:80de1342a3e9944829ab101957c8eddffd3d18cb805507bed707b0e306d3b433:segment:004,4,7910.0,7691,activities/108_260801060832.csv,1,1,0,0
fit:80de1342a3e9944829ab101957c8eddffd3d18cb805507bed707b0e306d3b433,2026-08-01T06:20:23+00:00,575,266,157,77,4.145,544.2,19,fit:80de1342a3e9944829ab101957c8eddffd3d18cb805507bed707b0e306d3b433:segment:004,4,7911.0,7692,activities/108_260801060832.csv,1,1,0,0
fit:80de1342a3e9944829ab101957c8eddffd3d18cb805507bed707b0e306d3b433,2026-08-01T06:20:24+00:00,576,305,157,77,3.897,544.2,19,fit:80de1342a3e9944829ab101957c8eddffd3d18cb805507bed707b0e306d3b433:segment:004,4,7912.0,7693,activities/108_260801060832.csv,1,1,0,0
fit:80de1342a3e9944829ab101957c8eddffd3d18cb805507bed707b0e306d3b433,2026-08-01T06:20:25+00:00,577,348,157,77,3.778,544.2,19,fit:80de1342a3e9944829ab101957c8eddffd3d18cb805507bed707b0e306d3b433:segment:004,4,7913.0,7694,activities/108_260801060832.csv,1,1,0,0
fit:80de1342a3e9944829ab101957c8eddffd3d18cb805507bed707b0e306d3b433,2026-08-01T06:20:26+00:00,578,323,157,77,3.496,545.0,19,fit:80de1342a3e9944829ab101957c8eddffd3d18cb805507bed707b0e306d3b433:segment:004,4,7914.0,7695,activities/108_260801060832.csv,1,1,0,0
fit:80de1342a3e9944829ab101957c8eddffd3d18cb805507bed707b0e306d3b433,2026-08-01T06:20:27+00:00,579,323,157,78,3.585,545.2,19,fit:80de1342a3e9944829ab101957c8eddffd3d18cb805507bed707b0e306d3b433:segment:004,4,7915.0,7696,activities/108_260801060832.csv,1,1,0,0
fit:80de1342a3e9944829ab101957c8eddffd3d18cb805507bed707b0e306d3b433,2026-08-01T06:20:28+00:00,580,312,157,78,3.511,546.2,19,fit:80de1342a3e9944829ab101957c8eddffd3d18cb805507bed707b0e306d3b433:segment:004,4,7916.0,7697,activities/108_260801060832.csv,1,1,0,0
fit:80de1342a3e9944829ab101957c8eddffd3d18cb805507bed707b0e306d3b433,2026-08-01T06:20:29+00:00,581,312,157,78,3.635,546.2,19,fit:80de1342a3e9944829ab101957c8eddffd3d18cb805507bed707b0e306d3b433:segment:004,4,7917.0,7698,activities/108_260801060832.csv,1,1,0,0
fit:80de1342a3e9944829ab101957c8eddffd3d18cb805507bed707b0e306d3b433,2026-08-01T06:20:30+00:00,582,307,157,76,3.702,546.2,19,fit:80de1342a3e9944829ab101957c8eddffd3d18cb805507bed707b0e306d3b433:segment:004,4,7918.0,7699,activities/108_260801060832.csv,1,1,0,0
fit:80de1342a3e9944829ab101957c8eddffd3d18cb805507bed707b0e306d3b433,2026-08-01T06:20:31+00:00,583,307,157,72,3.347,546.2,19,fit:80de1342a3e9944829ab101957c8eddffd3d18cb805507bed707b0e306d3b433:segment:004,4,7919.0,7700,activities/108_260801060832.csv,1,1,0,0
fit:80de1342a3e9944829ab101957c8eddffd3d18cb805507bed707b0e306d3b433,2026-08-01T06:20:32+00:00,584,319,156,71,3.26,547.2,19,fit:80de1342a3e9944829ab101957c8eddffd3d18cb805507bed707b0e306d3b433:segment:004,4,7920.0,7701,activities/108_260801060832.csv,1,1,0,0
fit:80de1342a3e9944829ab101957c8eddffd3d18cb805507bed707b0e306d3b433,2026-08-01T06:20:33+00:00,585,319,156,70,3.437,548.2,19,fit:80de1342a3e9944829ab101957c8eddffd3d18cb805507bed707b0e306d3b433:segment:004,4,7921.0,7702,activities/108_260801060832.csv,1,1,0,0
fit:80de1342a3e9944829ab101957c8eddffd3d18cb805507bed707b0e306d3b433,2026-08-01T06:20:34+00:00,586,334,156,70,3.432,548.2,19,fit:80de1342a3e9944829ab101957c8eddffd3d18cb805507bed707b0e306d3b433:segment:004,4,7922.0,7703,activities/108_260801060832.csv,1,1,0,0
fit:80de1342a3e9944829ab101957c8eddffd3d18cb805507bed707b0e306d3b433,2026-08-01T06:20:35+00:00,587,311,156,70,3.375,548.2,19,fit:80de1342a3e9944829ab101957c8eddffd3d18cb805507bed707b0e306d3b433:segment:004,4,7923.0,7704,activities/108_260801060832.csv,1,1,0,0
fit:80de1342a3e9944829ab101957c8eddffd3d18cb805507bed707b0e306d3b433,2026-08-01T06:20:36+00:00,588,162,156,69,3.176,548.2,19,fit:80de1342a3e9944829ab101957c8eddffd3d18cb805507bed707b0e306d3b433:segment:004,4,7924.0,7705,activities/108_260801060832.csv,1,1,0,0
fit:80de1342a3e9944829ab101957c8eddffd3d18cb805507bed707b0e306d3b433,2026-08-01T06:20:37+00:00,589,335,156,67,3.14,549.2,19,fit:80de1342a3e9944829ab101957c8eddffd3d18cb805507bed707b0e306d3b433:segment:004,4,7925.0,7706,activities/108_260801060832.csv,1,1,0,0
fit:80de1342a3e9944829ab101957c8eddffd3d18cb805507bed707b0e306d3b433,2026-08-01T06:20:38+00:00,590,335,156,70,3.072,549.5999999999999,19,fit:80de1342a3e9944829ab101957c8eddffd3d18cb805507bed707b0e306d3b433:segment:004,4,7926.0,7707,activities/108_260801060832.csv,1,1,0,0
fit:80de1342a3e9944829ab101957c8eddffd3d18cb805507bed707b0e306d3b433,2026-08-01T06:20:39+00:00,591,334,156,70,3.166,549.8,19,fit:80de1342a3e9944829ab101957c8eddffd3d18cb805507bed707b0e306d3b433:segment:004,4,7927.0,7708,activities/108_260801060832.csv,1,1,0,0
fit:80de1342a3e9944829ab101957c8eddffd3d18cb805507bed707b0e306d3b433,2026-08-01T06:20:40+00:00,592,333,156,69,3.199,550.0,19,fit:80de1342a3e9944829ab101957c8eddffd3d18cb805507bed707b0e306d3b433:segment:004,4,7928.0,7709,activities/108_260801060832.csv,1,1,0,0
fit:80de1342a3e9944829ab101957c8eddffd3d18cb805507bed707b0e306d3b433,2026-08-01T06:20:41+00:00,593,341,157,69,3.1,550.4000000000001,19,fit:80de1342a3e9944829ab101957c8eddffd3d18cb805507bed707b0e306d3b433:segment:004,4,7929.0,7710,activities/108_260801060832.csv,1,1,0,0
fit:80de1342a3e9944829ab101957c8eddffd3d18cb805507bed707b0e306d3b433,2026-08-01T06:20:42+00:00,594,341,157,69,3.139,550.4000000000001,19,fit:80de1342a3e9944829ab101957c8eddffd3d18cb805507bed707b0e306d3b433:segment:004,4,7930.0,7711,activities/108_260801060832.csv,1,1,0,0
fit:80de1342a3e9944829ab101957c8eddffd3d18cb805507bed707b0e306d3b433,2026-08-01T06:20:43+00:00,595,323,157,69,3.071,550.4000000000001,19,fit:80de1342a3e9944829ab101957c8eddffd3d18cb805507bed707b0e306d3b433:segment:004,4,7931.0,7712,activities/108_260801060832.csv,1,1,0,0
fit:80de1342a3e9944829ab101957c8eddffd3d18cb805507bed707b0e306d3b433,2026-08-01T06:20:44+00:00,596,338,158,68,2.964,550.4000000000001,19,fit:80de1342a3e9944829ab101957c8eddffd3d18cb805507bed707b0e306d3b433:segment:004,4,7932.0,7713,activities/108_260801060832.csv,1,1,0,0
fit:80de1342a3e9944829ab101957c8eddffd3d18cb805507bed707b0e306d3b433,2026-08-01T06:20:45+00:00,597,331,158,69,3.135,551.4000000000001,19,fit:80de1342a3e9944829ab101957c8eddffd3d18cb805507bed707b0e306d3b433:segment:004,4,7933.0,7714,activities/108_260801060832.csv,1,1,0,0
fit:80de1342a3e9944829ab101957c8eddffd3d18cb805507bed707b0e306d3b433,2026-08-01T06:20:46+00:00,598,315,159,68,2.774,552.4000000000001,19,fit:80de1342a3e9944829ab101957c8eddffd3d18cb805507bed707b0e306d3b433:segment:004,4,7934.0,7715,activities/108_260801060832.csv,1,1,0,0
fit:80de1342a3e9944829ab101957c8eddffd3d18cb805507bed707b0e306d3b433,2026-08-01T06:20:47+00:00,599,353,160,65,2.816,552.8,19,fit:80de1342a3e9944829ab101957c8eddffd3d18cb805507bed707b0e306d3b433:segment:004,4,7935.0,7716,activities/108_260801060832.csv,1,1,0,0
fit:80de1342a3e9944829ab101957c8eddffd3d18cb805507bed707b0e306d3b433,2026-08-01T06:20:48+00:00,600,326,160,66,2.852,552.8,19,fit:80de1342a3e9944829ab101957c8eddffd3d18cb805507bed707b0e306d3b433:segment:004,4,7936.0,7717,activities/108_260801060832.csv,1,1,0,0
fit:80de1342a3e9944829ab101957c8eddffd3d18cb805507bed707b0e306d3b433,2026-08-01T06:20:49+00:00,601,304,161,68,2.893,552.8,19,fit:80de1342a3e9944829ab101957c8eddffd3d18cb805507bed707b0e306d3b433:segment:004,4,7937.0,7718,activities/108_260801060832.csv,1,1,0,0
fit:80de1342a3e9944829ab101957c8eddffd3d18cb805507bed707b0e306d3b433,2026-08-01T06:20:50+00:00,602,334,161,68,2.822,552.8,19,fit:80de1342a3e9944829ab101957c8eddffd3d18cb805507bed707b0e306d3b433:segment:004,4,7938.0,7719,activities/108_260801060832.csv,1,1,0,0
fit:80de1342a3e9944829ab101957c8eddffd3d18cb805507bed707b0e306d3b433,2026-08-01T06:20:51+00:00,603,318,162,66,2.942,553.8,19,fit:80de1342a3e9944829ab101957c8eddffd3d18cb805507bed707b0e306d3b433:segment:004,4,7939.0,7720,activities/108_260801060832.csv,1,1,0,0
fit:80de1342a3e9944829ab101957c8eddffd3d18cb805507bed707b0e306d3b433,2026-08-01T06:20:52+00:00,604,306,162,66,2.676,554.2,19,fit:80de1342a3e9944829ab101957c8eddffd3d18cb805507bed707b0e306d3b433:segment:004,4,7940.0,7721,activities/108_260801060832.csv,1,1,0,0
fit:80de1342a3e9944829ab101957c8eddffd3d18cb805507bed707b0e306d3b433,2026-08-01T06:20:53+00:00,605,306,162,65,2.795,554.8,19,fit:80de1342a3e9944829ab101957c8eddffd3d18cb805507bed707b0e306d3b433:segment:004,4,7941.0,7722,activities/108_260801060832.csv,1,1,0,0
fit:80de1342a3e9944829ab101957c8eddffd3d18cb805507bed707b0e306d3b433,2026-08-01T06:20:54+00:00,606,313,162,65,2.854,555.4000000000001,19,fit:80de1342a3e9944829ab101957c8eddffd3d18cb805507bed707b0e306d3b433:segment:004,4,7942.0,7723,activities/108_260801060832.csv,1,1,0,0
fit:80de1342a3e9944829ab101957c8eddffd3d18cb805507bed707b0e306d3b433,2026-08-01T06:20:55+00:00,607,313,162,66,2.89,555.4000000000001,19,fit:80de1342a3e9944829ab101957c8eddffd3d18cb805507bed707b0e306d3b433:segment:004,4,7943.0,7724,activities/108_260801060832.csv,1,1,0,0
fit:80de1342a3e9944829ab101957c8eddffd3d18cb805507bed707b0e306d3b433,2026-08-01T06:20:56+00:00,608,311,162,66,2.815,555.4000000000001,19,fit:80de1342a3e9944829ab101957c8eddffd3d18cb805507bed707b0e306d3b433:segment:004,4,7944.0,7725,activities/108_260801060832.csv,1,1,0,0
fit:80de1342a3e9944829ab101957c8eddffd3d18cb805507bed707b0e306d3b433,2026-08-01T06:20:57+00:00,609,296,162,65,2.764,555.4000000000001,19,fit:80de1342a3e9944829ab101957c8eddffd3d18cb805507bed707b0e306d3b433:segment:004,4,7945.0,7726,activities/108_260801060832.csv,1,1,0,0
fit:80de1342a3e9944829ab101957c8eddffd3d18cb805507bed707b0e306d3b433,2026-08-01T06:20:58+00:00,610,293,162,65,2.624,556.0,19,fit:80de1342a3e9944829ab101957c8eddffd3d18cb805507bed707b0e306d3b433:segment:004,4,7946.0,7727,activities/108_260801060832.csv,1,1,0,0
fit:80de1342a3e9944829ab101957c8eddffd3d18cb805507bed707b0e306d3b433,2026-08-01T06:20:59+00:00,611,293,163,64,2.643,556.4000000000001,19,fit:80de1342a3e9944829ab101957c8eddffd3d18cb805507bed707b0e306d3b433:segment:004,4,7947.0,7728,activities/108_260801060832.csv,1,1,0,0
fit:80de1342a3e9944829ab101957c8eddffd3d18cb805507bed707b0e306d3b433,2026-08-01T06:21:00+00:00,612,391,163,64,2.863,556.5999999999999,19,fit:80de1342a3e9944829ab101957c8eddffd3d18cb805507bed707b0e306d3b433:segment:004,4,7948.0,7729,activities/108_260801060832.csv,1,1,0,0
fit:80de1342a3e9944829ab101957c8eddffd3d18cb805507bed707b0e306d3b433,2026-08-01T06:21:01+00:00,613,276,164,66,2.756,557.0,19,fit:80de1342a3e9944829ab101957c8eddffd3d18cb805507bed707b0e306d3b433:segment:004,4,7949.0,7730,activities/108_260801060832.csv,1,1,0,0
fit:80de1342a3e9944829ab101957c8eddffd3d18cb805507bed707b0e306d3b433,2026-08-01T06:21:02+00:00,614,305,164,65,2.205,557.4000000000001,19,fit:80de1342a3e9944829ab101957c8eddffd3d18cb805507bed707b0e306d3b433:segment:004,4,7950.0,7731,activities/108_260801060832.csv,1,1,0,0
fit:80de1342a3e9944829ab101957c8eddffd3d18cb805507bed707b0e306d3b433,2026-08-01T06:21:03+00:00,615,305,165,69,2.226,557.8,19,fit:80de1342a3e9944829ab101957c8eddffd3d18cb805507bed707b0e306d3b433:segment:004,4,7951.0,7732,activities/108_260801060832.csv,1,1,0,0
fit:80de1342a3e9944829ab101957c8eddffd3d18cb805507bed707b0e306d3b433,2026-08-01T06:21:04+00:00,616,304,166,69,2.393,558.0,19,fit:80de1342a3e9944829ab101957c8eddffd3d18cb805507bed707b0e306d3b433:segment:004,4,7952.0,7733,activities/108_260801060832.csv,1,1,0,0
fit:80de1342a3e9944829ab101957c8eddffd3d18cb805507bed707b0e306d3b433,2026-08-01T06:21:05+00:00,617,305,167,67,2.632,558.0,19,fit:80de1342a3e9944829ab101957c8eddffd3d18cb805507bed707b0e306d3b433:segment:004,4,7953.0,7734,activities/108_260801060832.csv,1,1,0,0
fit:80de1342a3e9944829ab101957c8eddffd3d18cb805507bed707b0e306d3b433,2026-08-01T06:21:06+00:00,618,340,168,68,2.74,558.2,19,fit:80de1342a3e9944829ab101957c8eddffd3d18cb805507bed707b0e306d3b433:segment:004,4,7954.0,7735,activities/108_260801060832.csv,1,1,0,0
fit:80de1342a3e9944829ab101957c8eddffd3d18cb805507bed707b0e306d3b433,2026-08-01T06:21:07+00:00,619,357,168,63,2.935,559.0,19,fit:80de1342a3e9944829ab101957c8eddffd3d18cb805507bed707b0e306d3b433:segment:004,4,7955.0,7736,activities/108_260801060832.csv,1,1,0,0
fit:80de1342a3e9944829ab101957c8eddffd3d18cb805507bed707b0e306d3b433,2026-08-01T06:21:08+00:00,620,367,169,65,2.776,560.0,19,fit:80de1342a3e9944829ab101957c8eddffd3d18cb805507bed707b0e306d3b433:segment:004,4,7956.0,7737,activities/108_260801060832.csv,1,1,0,0
fit:80de1342a3e9944829ab101957c8eddffd3d18cb805507bed707b0e306d3b433,2026-08-01T06:21:09+00:00,621,369,169,69,3.005,560.0,19,fit:80de1342a3e9944829ab101957c8eddffd3d18cb805507bed707b0e306d3b433:segment:004,4,7957.0,7738,activities/108_260801060832.csv,1,1,0,0
fit:80de1342a3e9944829ab101957c8eddffd3d18cb805507bed707b0e306d3b433,2026-08-01T06:21:10+00:00,622,315,170,69,2.948,560.0,19,fit:80de1342a3e9944829ab101957c8eddffd3d18cb805507bed707b0e306d3b433:segment:004,4,7958.0,7739,activities/108_260801060832.csv,1,1,0,0
fit:80de1342a3e9944829ab101957c8eddffd3d18cb805507bed707b0e306d3b433,2026-08-01T06:21:11+00:00,623,311,170,71,2.954,560.0,19,fit:80de1342a3e9944829ab101957c8eddffd3d18cb805507bed707b0e306d3b433:segment:004,4,7959.0,7740,activities/108_260801060832.csv,1,1,0,0
fit:80de1342a3e9944829ab101957c8eddffd3d18cb805507bed707b0e306d3b433,2026-08-01T06:21:12+00:00,624,311,170,72,2.904,560.0,19,fit:80de1342a3e9944829ab101957c8eddffd3d18cb805507bed707b0e306d3b433:segment:004,4,7960.0,7741,activities/108_260801060832.csv,1,1,0,0
fit:80de1342a3e9944829ab101957c8eddffd3d18cb805507bed707b0e306d3b433,2026-08-01T06:21:13+00:00,625,272,170,73,3.141,560.8,19,fit:80de1342a3e9944829ab101957c8eddffd3d18cb805507bed707b0e306d3b433:segment:004,4,7961.0,7742,activities/108_260801060832.csv,1,1,0,0
fit:80de1342a3e9944829ab101957c8eddffd3d18cb805507bed707b0e306d3b433,2026-08-01T06:21:14+00:00,626,216,170,73,3.193,561.2,19,fit:80de1342a3e9944829ab101957c8eddffd3d18cb805507bed707b0e306d3b433:segment:004,4,7962.0,7743,activities/108_260801060832.csv,1,1,0,0
fit:80de1342a3e9944829ab101957c8eddffd3d18cb805507bed707b0e306d3b433,2026-08-01T06:21:15+00:00,627,166,170,72,3.068,561.8,19,fit:80de1342a3e9944829ab101957c8eddffd3d18cb805507bed707b0e306d3b433:segment:004,4,7963.0,7744,activities/108_260801060832.csv,1,1,0,0
fit:80de1342a3e9944829ab101957c8eddffd3d18cb805507bed707b0e306d3b433,2026-08-01T06:21:16+00:00,628,186,170,71,2.792,562.0,19,fit:80de1342a3e9944829ab101957c8eddffd3d18cb805507bed707b0e306d3b433:segment:004,4,7964.0,7745,activities/108_260801060832.csv,1,1,0,0
fit:80de1342a3e9944829ab101957c8eddffd3d18cb805507bed707b0e306d3b433,2026-08-01T06:21:17+00:00,629,182,169,70,2.743,562.2,19,fit:80de1342a3e9944829ab101957c8eddffd3d18cb805507bed707b0e306d3b433:segment:004,4,7965.0,7746,activities/108_260801060832.csv,1,1,0,0
fit:80de1342a3e9944829ab101957c8eddffd3d18cb805507bed707b0e306d3b433,2026-08-01T06:21:18+00:00,630,176,169,69,2.596,562.5999999999999,19,fit:80de1342a3e9944829ab101957c8eddffd3d18cb805507bed707b0e306d3b433:segment:004,4,7966.0,7747,activities/108_260801060832.csv,1,1,0,0
fit:80de1342a3e9944829ab101957c8eddffd3d18cb805507bed707b0e306d3b433,2026-08-01T06:21:19+00:00,631,149,169,69,2.607,562.5999999999999,20,fit:80de1342a3e9944829ab101957c8eddffd3d18cb805507bed707b0e306d3b433:segment:004,4,7967.0,7748,activities/108_260801060832.csv,1,1,0,0
fit:80de1342a3e9944829ab101957c8eddffd3d18cb805507bed707b0e306d3b433,2026-08-01T06:21:20+00:00,632,158,169,69,2.352,562.8,20,fit:80de1342a3e9944829ab101957c8eddffd3d18cb805507bed707b0e306d3b433:segment:004,4,7968.0,7749,activities/108_260801060832.csv,1,1,0,0
fit:80de1342a3e9944829ab101957c8eddffd3d18cb805507bed707b0e306d3b433,2026-08-01T06:21:21+00:00,633,121,169,70,2.317,562.8,20,fit:80de1342a3e9944829ab101957c8eddffd3d18cb805507bed707b0e306d3b433:segment:004,4,7969.0,7750,activities/108_260801060832.csv,1,1,0,0
fit:80de1342a3e9944829ab101957c8eddffd3d18cb805507bed707b0e306d3b433,2026-08-01T06:21:22+00:00,634,112,168,71,2.105,562.8,20,fit:80de1342a3e9944829ab101957c8eddffd3d18cb805507bed707b0e306d3b433:segment:004,4,7970.0,7751,activities/108_260801060832.csv,1,1,0,0
fit:80de1342a3e9944829ab101957c8eddffd3d18cb805507bed707b0e306d3b433,2026-08-01T06:21:23+00:00,635,101,168,71,2.292,562.8,20,fit:80de1342a3e9944829ab101957c8eddffd3d18cb805507bed707b0e306d3b433:segment:004,4,7971.0,7752,activities/108_260801060832.csv,1,1,0,0
fit:80de1342a3e9944829ab101957c8eddffd3d18cb805507bed707b0e306d3b433,2026-08-01T06:21:24+00:00,636,102,168,72,2.564,562.8,20,fit:80de1342a3e9944829ab101957c8eddffd3d18cb805507bed707b0e306d3b433:segment:004,4,7972.0,7753,activities/108_260801060832.csv,1,1,0,0
fit:80de1342a3e9944829ab101957c8eddffd3d18cb805507bed707b0e306d3b433,2026-08-01T06:21:25+00:00,637,116,167,71,2.445,562.8,20,fit:80de1342a3e9944829ab101957c8eddffd3d18cb805507bed707b0e306d3b433:segment:004,4,7973.0,7754,activities/108_260801060832.csv,1,1,0,0
fit:80de1342a3e9944829ab101957c8eddffd3d18cb805507bed707b0e306d3b433,2026-08-01T06:21:26+00:00,638,104,167,71,2.583,562.8,20,fit:80de1342a3e9944829ab101957c8eddffd3d18cb805507bed707b0e306d3b433:segment:004,4,7974.0,7755,activities/108_260801060832.csv,1,1,0,0
fit:80de1342a3e9944829ab101957c8eddffd3d18cb805507bed707b0e306d3b433,2026-08-01T06:21:27+00:00,639,120,166,75,2.859,563.2,20,fit:80de1342a3e9944829ab101957c8eddffd3d18cb805507bed707b0e306d3b433:segment:004,4,7975.0,7756,activities/108_260801060832.csv,1,1,0,0
fit:80de1342a3e9944829ab101957c8eddffd3d18cb805507bed707b0e306d3b433,2026-08-01T06:21:28+00:00,640,103,166,78,3.073,563.2,20,fit:80de1342a3e9944829ab101957c8eddffd3d18cb805507bed707b0e306d3b433:segment:004,4,7976.0,7757,activities/108_260801060832.csv,1,1,0,0
fit:80de1342a3e9944829ab101957c8eddffd3d18cb805507bed707b0e306d3b433,2026-08-01T06:21:29+00:00,641,136,165,80,3.206,563.2,20,fit:80de1342a3e9944829ab101957c8eddffd3d18cb805507bed707b0e306d3b433:segment:004,4,7977.0,7758,activities/108_260801060832.csv,1,1,0,0
fit:80de1342a3e9944829ab101957c8eddffd3d18cb805507bed707b0e306d3b433,2026-08-01T06:21:30+00:00,642,135,165,83,3.128,563.2,20,fit:80de1342a3e9944829ab101957c8eddffd3d18cb805507bed707b0e306d3b433:segment:004,4,7978.0,7759,activities/108_260801060832.csv,1,1,0,0
fit:80de1342a3e9944829ab101957c8eddffd3d18cb805507bed707b0e306d3b433,2026-08-01T06:21:31+00:00,643,143,164,87,3.405,562.8,20,fit:80de1342a3e9944829ab101957c8eddffd3d18cb805507bed707b0e306d3b433:segment:004,4,7979.0,7760,activities/108_260801060832.csv,1,1,0,0
fit:80de1342a3e9944829ab101957c8eddffd3d18cb805507bed707b0e306d3b433,2026-08-01T06:21:32+00:00,644,156,163,78,3.647,562.8,20,fit:80de1342a3e9944829ab101957c8eddffd3d18cb805507bed707b0e306d3b433:segment:004,4,7980.0,7761,activities/108_260801060832.csv,1,1,0,0
fit:80de1342a3e9944829ab101957c8eddffd3d18cb805507bed707b0e306d3b433,2026-08-01T06:21:33+00:00,645,118,163,80,3.828,562.8,20,fit:80de1342a3e9944829ab101957c8eddffd3d18cb805507bed707b0e306d3b433:segment:004,4,7981.0,7762,activities/108_260801060832.csv,1,1,0,0
fit:80de1342a3e9944829ab101957c8eddffd3d18cb805507bed707b0e306d3b433,2026-08-01T06:21:34+00:00,646,112,162,85,4.176,563.4000000000001,20,fit:80de1342a3e9944829ab101957c8eddffd3d18cb805507bed707b0e306d3b433:segment:004,4,7982.0,7763,activities/108_260801060832.csv,1,1,0,0
fit:80de1342a3e9944829ab101957c8eddffd3d18cb805507bed707b0e306d3b433,2026-08-01T06:21:35+00:00,647,90,162,85,4.395,563.4000000000001,20,fit:80de1342a3e9944829ab101957c8eddffd3d18cb805507bed707b0e306d3b433:segment:004,4,7983.0,7764,activities/108_260801060832.csv,1,1,0,0
fit:80de1342a3e9944829ab101957c8eddffd3d18cb805507bed707b0e306d3b433,2026-08-01T06:21:36+00:00,648,96,161,88,4.691,563.4000000000001,20,fit:80de1342a3e9944829ab101957c8eddffd3d18cb805507bed707b0e306d3b433:segment:004,4,7984.0,7765,activities/108_260801060832.csv,1,1,0,0
fit:80de1342a3e9944829ab101957c8eddffd3d18cb805507bed707b0e306d3b433,2026-08-01T06:21:37+00:00,649,116,160,92,5.079,563.4000000000001,20,fit:80de1342a3e9944829ab101957c8eddffd3d18cb805507bed707b0e306d3b433:segment:004,4,7985.0,7766,activities/108_260801060832.csv,1,1,0,0
fit:80de1342a3e9944829ab101957c8eddffd3d18cb805507bed707b0e306d3b433,2026-08-01T06:21:38+00:00,650,114,160,94,5.112,563.4000000000001,20,fit:80de1342a3e9944829ab101957c8eddffd3d18cb805507bed707b0e306d3b433:segment:004,4,7986.0,7767,activities/108_260801060832.csv,1,1,0,0
fit:80de1342a3e9944829ab101957c8eddffd3d18cb805507bed707b0e306d3b433,2026-08-01T06:21:39+00:00,651,103,159,95,5.161,563.4000000000001,20,fit:80de1342a3e9944829ab101957c8eddffd3d18cb805507bed707b0e306d3b433:segment:004,4,7987.0,7768,activities/108_260801060832.csv,1,1,0,0
fit:80de1342a3e9944829ab101957c8eddffd3d18cb805507bed707b0e306d3b433,2026-08-01T06:21:40+00:00,652,118,158,96,5.197,563.2,20,fit:80de1342a3e9944829ab101957c8eddffd3d18cb805507bed707b0e306d3b433:segment:004,4,7988.0,7769,activities/108_260801060832.csv,1,1,0,0
fit:80de1342a3e9944829ab101957c8eddffd3d18cb805507bed707b0e306d3b433,2026-08-01T06:21:41+00:00,653,92,157,98,5.288,563.0,20,fit:80de1342a3e9944829ab101957c8eddffd3d18cb805507bed707b0e306d3b433:segment:004,4,7989.0,7770,activities/108_260801060832.csv,1,1,0,0
fit:80de1342a3e9944829ab101957c8eddffd3d18cb805507bed707b0e306d3b433,2026-08-01T06:21:42+00:00,654,17,157,94,5.322,563.0,20,fit:80de1342a3e9944829ab101957c8eddffd3d18cb805507bed707b0e306d3b433:segment:004,4,7990.0,7771,activities/108_260801060832.csv,1,1,0,0
fit:80de1342a3e9944829ab101957c8eddffd3d18cb805507bed707b0e306d3b433,2026-08-01T06:21:43+00:00,655,146,156,82,5.321,563.0,20,fit:80de1342a3e9944829ab101957c8eddffd3d18cb805507bed707b0e306d3b433:segment:004,4,7991.0,7772,activities/108_260801060832.csv,1,1,0,0
fit:80de1342a3e9944829ab101957c8eddffd3d18cb805507bed707b0e306d3b433,2026-08-01T06:21:44+00:00,656,139,155,83,5.483,563.0,20,fit:80de1342a3e9944829ab101957c8eddffd3d18cb805507bed707b0e306d3b433:segment:004,4,7992.0,7773,activities/108_260801060832.csv,1,1,0,0
fit:80de1342a3e9944829ab101957c8eddffd3d18cb805507bed707b0e306d3b433,2026-08-01T06:21:45+00:00,657,133,153,88,5.718,563.0,20,fit:80de1342a3e9944829ab101957c8eddffd3d18cb805507bed707b0e306d3b433:segment:004,4,7993.0,7774,activities/108_260801060832.csv,1,1,0,0
fit:80de1342a3e9944829ab101957c8eddffd3d18cb805507bed707b0e306d3b433,2026-08-01T06:21:46+00:00,658,142,153,89,5.818,563.0,20,fit:80de1342a3e9944829ab101957c8eddffd3d18cb805507bed707b0e306d3b433:segment:004,4,7994.0,7775,activities/108_260801060832.csv,1,1,0,0
fit:80de1342a3e9944829ab101957c8eddffd3d18cb805507bed707b0e306d3b433,2026-08-01T06:21:47+00:00,659,142,152,90,5.842,563.0,20,fit:80de1342a3e9944829ab101957c8eddffd3d18cb805507bed707b0e306d3b433:segment:004,4,7995.0,7776,activities/108_260801060832.csv,1,1,0,0
fit:80de1342a3e9944829ab101957c8eddffd3d18cb805507bed707b0e306d3b433,2026-08-01T06:21:48+00:00,660,142,151,90,5.844,563.0,20,fit:80de1342a3e9944829ab101957c8eddffd3d18cb805507bed707b0e306d3b433:segment:004,4,7996.0,7777,activities/108_260801060832.csv,1,1,0,0
fit:80de1342a3e9944829ab101957c8eddffd3d18cb805507bed707b0e306d3b433,2026-08-01T06:21:49+00:00,661,172,150,89,5.628,563.0,20,fit:80de1342a3e9944829ab101957c8eddffd3d18cb805507bed707b0e306d3b433:segment:004,4,7997.0,7778,activities/108_260801060832.csv,1,1,0,0
fit:80de1342a3e9944829ab101957c8eddffd3d18cb805507bed707b0e306d3b433,2026-08-01T06:21:50+00:00,662,147,149,89,5.441,563.0,20,fit:80de1342a3e9944829ab101957c8eddffd3d18cb805507bed707b0e306d3b433:segment:004,4,7998.0,7779,activities/108_260801060832.csv,1,1,0,0
fit:80de1342a3e9944829ab101957c8eddffd3d18cb805507bed707b0e306d3b433,2026-08-01T06:21:51+00:00,663,134,149,90,5.511,563.0,20,fit:80de1342a3e9944829ab101957c8eddffd3d18cb805507bed707b0e306d3b433:segment:004,4,7999.0,7780,activities/108_260801060832.csv,1,1,0,0
fit:80de1342a3e9944829ab101957c8eddffd3d18cb805507bed707b0e306d3b433,2026-08-01T06:21:52+00:00,664,150,147,94,5.73,563.0,20,fit:80de1342a3e9944829ab101957c8eddffd3d18cb805507bed707b0e306d3b433:segment:004,4,8000.0,7781,activities/108_260801060832.csv,1,1,0,0
fit:80de1342a3e9944829ab101957c8eddffd3d18cb805507bed707b0e306d3b433,2026-08-01T06:21:53+00:00,665,171,146,93,6.049,563.0,20,fit:80de1342a3e9944829ab101957c8eddffd3d18cb805507bed707b0e306d3b433:segment:004,4,8001.0,7782,activities/108_260801060832.csv,1,1,0,0
fit:80de1342a3e9944829ab101957c8eddffd3d18cb805507bed707b0e306d3b433,2026-08-01T06:21:54+00:00,666,167,145,93,6.105,563.8,20,fit:80de1342a3e9944829ab101957c8eddffd3d18cb805507bed707b0e306d3b433:segment:004,4,8002.0,7783,activities/108_260801060832.csv,1,1,0,0
fit:80de1342a3e9944829ab101957c8eddffd3d18cb805507bed707b0e306d3b433,2026-08-01T06:21:55+00:00,667,200,144,92,6.15,564.2,20,fit:80de1342a3e9944829ab101957c8eddffd3d18cb805507bed707b0e306d3b433:segment:004,4,8003.0,7784,activities/108_260801060832.csv,1,1,0,0
fit:80de1342a3e9944829ab101957c8eddffd3d18cb805507bed707b0e306d3b433,2026-08-01T06:21:56+00:00,668,234,143,90,5.981,564.2,20,fit:80de1342a3e9944829ab101957c8eddffd3d18cb805507bed707b0e306d3b433:segment:004,4,8004.0,7785,activities/108_260801060832.csv,1,1,0,0
fit:80de1342a3e9944829ab101957c8eddffd3d18cb805507bed707b0e306d3b433,2026-08-01T06:21:57+00:00,669,259,142,89,5.945,564.2,20,fit:80de1342a3e9944829ab101957c8eddffd3d18cb805507bed707b0e306d3b433:segment:004,4,8005.0,7786,activities/108_260801060832.csv,1,1,0,0
fit:80de1342a3e9944829ab101957c8eddffd3d18cb805507bed707b0e306d3b433,2026-08-01T06:21:58+00:00,670,259,142,87,5.903,564.2,20,fit:80de1342a3e9944829ab101957c8eddffd3d18cb805507bed707b0e306d3b433:segment:004,4,8006.0,7787,activities/108_260801060832.csv,1,1,0,0
fit:80de1342a3e9944829ab101957c8eddffd3d18cb805507bed707b0e306d3b433,2026-08-01T06:21:59+00:00,671,300,142,87,5.788,564.2,20,fit:80de1342a3e9944829ab101957c8eddffd3d18cb805507bed707b0e306d3b433:segment:004,4,8007.0,7788,activities/108_260801060832.csv,1,1,0,0
fit:80de1342a3e9944829ab101957c8eddffd3d18cb805507bed707b0e306d3b433,2026-08-01T06:22:00+00:00,672,254,142,87,5.871,564.5999999999999,20,fit:80de1342a3e9944829ab101957c8eddffd3d18cb805507bed707b0e306d3b433:segment:004,4,8008.0,7789,activities/108_260801060832.csv,1,1,0,0
fit:80de1342a3e9944829ab101957c8eddffd3d18cb805507bed707b0e306d3b433,2026-08-01T06:22:01+00:00,673,270,142,84,5.673,564.8,20,fit:80de1342a3e9944829ab101957c8eddffd3d18cb805507bed707b0e306d3b433:segment:004,4,8009.0,7790,activities/108_260801060832.csv,1,1,0,0
fit:80de1342a3e9944829ab101957c8eddffd3d18cb805507bed707b0e306d3b433,2026-08-01T06:22:02+00:00,674,275,142,83,4.998,565.4000000000001,20,fit:80de1342a3e9944829ab101957c8eddffd3d18cb805507bed707b0e306d3b433:segment:004,4,8010.0,7791,activities/108_260801060832.csv,1,1,0,0
fit:80de1342a3e9944829ab101957c8eddffd3d18cb805507bed707b0e306d3b433,2026-08-01T06:22:03+00:00,675,243,142,83,5.04,565.5999999999999,20,fit:80de1342a3e9944829ab101957c8eddffd3d18cb805507bed707b0e306d3b433:segment:004,4,8011.0,7792,activities/108_260801060832.csv,1,1,0,0
fit:80de1342a3e9944829ab101957c8eddffd3d18cb805507bed707b0e306d3b433,2026-08-01T06:22:04+00:00,676,200,142,84,5.281,565.8,20,fit:80de1342a3e9944829ab101957c8eddffd3d18cb805507bed707b0e306d3b433:segment:004,4,8012.0,7793,activities/108_260801060832.csv,1,1,0,0
fit:80de1342a3e9944829ab101957c8eddffd3d18cb805507bed707b0e306d3b433,2026-08-01T06:22:05+00:00,677,198,142,84,5.109,565.8,20,fit:80de1342a3e9944829ab101957c8eddffd3d18cb805507bed707b0e306d3b433:segment:004,4,8013.0,7794,activities/108_260801060832.csv,1,1,0,0
fit:80de1342a3e9944829ab101957c8eddffd3d18cb805507bed707b0e306d3b433,2026-08-01T06:22:06+00:00,678,155,142,86,5.208,565.8,20,fit:80de1342a3e9944829ab101957c8eddffd3d18cb805507bed707b0e306d3b433:segment:004,4,8014.0,7795,activities/108_260801060832.csv,1,1,0,0
fit:80de1342a3e9944829ab101957c8eddffd3d18cb805507bed707b0e306d3b433,2026-08-01T06:22:07+00:00,679,120,142,87,5.501,565.8,20,fit:80de1342a3e9944829ab101957c8eddffd3d18cb805507bed707b0e306d3b433:segment:004,4,8015.0,7796,activities/108_260801060832.csv,1,1,0,0
fit:80de1342a3e9944829ab101957c8eddffd3d18cb805507bed707b0e306d3b433,2026-08-01T06:22:08+00:00,680,105,142,88,5.741,566.4000000000001,20,fit:80de1342a3e9944829ab101957c8eddffd3d18cb805507bed707b0e306d3b433:segment:004,4,8016.0,7797,activities/108_260801060832.csv,1,1,0,0
fit:80de1342a3e9944829ab101957c8eddffd3d18cb805507bed707b0e306d3b433,2026-08-01T06:22:09+00:00,681,110,142,88,5.777,566.4000000000001,20,fit:80de1342a3e9944829ab101957c8eddffd3d18cb805507bed707b0e306d3b433:segment:004,4,8017.0,7798,activities/108_260801060832.csv,1,1,0,0
fit:80de1342a3e9944829ab101957c8eddffd3d18cb805507bed707b0e306d3b433,2026-08-01T06:22:10+00:00,682,114,142,89,6.008,566.4000000000001,20,fit:80de1342a3e9944829ab101957c8eddffd3d18cb805507bed707b0e306d3b433:segment:004,4,8018.0,7799,activities/108_260801060832.csv,1,1,0,0
fit:80de1342a3e9944829ab101957c8eddffd3d18cb805507bed707b0e306d3b433,2026-08-01T06:22:11+00:00,683,185,142,89,6.005,566.4000000000001,20,fit:80de1342a3e9944829ab101957c8eddffd3d18cb805507bed707b0e306d3b433:segment:004,4,8019.0,7800,activities/108_260801060832.csv,1,1,0,0
fit:80de1342a3e9944829ab101957c8eddffd3d18cb805507bed707b0e306d3b433,2026-08-01T06:22:12+00:00,684,186,142,92,5.735,566.4000000000001,20,fit:80de1342a3e9944829ab101957c8eddffd3d18cb805507bed707b0e306d3b433:segment:004,4,8020.0,7801,activities/108_260801060832.csv,1,1,0,0
fit:80de1342a3e9944829ab101957c8eddffd3d18cb805507bed707b0e306d3b433,2026-08-01T06:22:13+00:00,685,147,142,93,5.681,566.4000000000001,20,fit:80de1342a3e9944829ab101957c8eddffd3d18cb805507bed707b0e306d3b433:segment:004,4,8021.0,7802,activities/108_260801060832.csv,1,1,0,0
fit:80de1342a3e9944829ab101957c8eddffd3d18cb805507bed707b0e306d3b433,2026-08-01T06:22:14+00:00,686,166,143,93,6.135,566.0,20,fit:80de1342a3e9944829ab101957c8eddffd3d18cb805507bed707b0e306d3b433:segment:004,4,8022.0,7803,activities/108_260801060832.csv,1,1,0,0
fit:80de1342a3e9944829ab101957c8eddffd3d18cb805507bed707b0e306d3b433,2026-08-01T06:22:15+00:00,687,144,143,94,6.186,566.0,20,fit:80de1342a3e9944829ab101957c8eddffd3d18cb805507bed707b0e306d3b433:segment:004,4,8023.0,7804,activities/108_260801060832.csv,1,1,0,0
fit:80de1342a3e9944829ab101957c8eddffd3d18cb805507bed707b0e306d3b433,2026-08-01T06:22:16+00:00,688,133,143,95,6.54,566.0,20,fit:80de1342a3e9944829ab101957c8eddffd3d18cb805507bed707b0e306d3b433:segment:004,4,8024.0,7805,activities/108_260801060832.csv,1,1,0,0
fit:80de1342a3e9944829ab101957c8eddffd3d18cb805507bed707b0e306d3b433,2026-08-01T06:22:17+00:00,689,133,143,95,6.55,566.2,20,fit:80de1342a3e9944829ab101957c8eddffd3d18cb805507bed707b0e306d3b433:segment:004,4,8025.0,7806,activities/108_260801060832.csv,1,1,0,0
fit:80de1342a3e9944829ab101957c8eddffd3d18cb805507bed707b0e306d3b433,2026-08-01T06:22:18+00:00,690,133,143,95,6.575,566.2,20,fit:80de1342a3e9944829ab101957c8eddffd3d18cb805507bed707b0e306d3b433:segment:004,4,8026.0,7807,activities/108_260801060832.csv,1,1,0,0
fit:80de1342a3e9944829ab101957c8eddffd3d18cb805507bed707b0e306d3b433,2026-08-01T06:22:19+00:00,691,10,144,24,6.559,566.2,20,fit:80de1342a3e9944829ab101957c8eddffd3d18cb805507bed707b0e306d3b433:segment:004,4,8027.0,7808,activities/108_260801060832.csv,1,1,0,0
fit:80de1342a3e9944829ab101957c8eddffd3d18cb805507bed707b0e306d3b433,2026-08-01T06:22:20+00:00,692,121,143,92,6.314,566.2,20,fit:80de1342a3e9944829ab101957c8eddffd3d18cb805507bed707b0e306d3b433:segment:004,4,8028.0,7809,activities/108_260801060832.csv,1,1,0,0
fit:80de1342a3e9944829ab101957c8eddffd3d18cb805507bed707b0e306d3b433,2026-08-01T06:22:21+00:00,693,120,143,93,6.25,566.2,20,fit:80de1342a3e9944829ab101957c8eddffd3d18cb805507bed707b0e306d3b433:segment:004,4,8029.0,7810,activities/108_260801060832.csv,1,1,0,0
fit:80de1342a3e9944829ab101957c8eddffd3d18cb805507bed707b0e306d3b433,2026-08-01T06:22:22+00:00,694,120,143,93,5.959,566.0,20,fit:80de1342a3e9944829ab101957c8eddffd3d18cb805507bed707b0e306d3b433:segment:004,4,8030.0,7811,activities/108_260801060832.csv,1,1,0,0
fit:80de1342a3e9944829ab101957c8eddffd3d18cb805507bed707b0e306d3b433,2026-08-01T06:22:23+00:00,695,120,143,93,5.91,566.0,20,fit:80de1342a3e9944829ab101957c8eddffd3d18cb805507bed707b0e306d3b433:segment:004,4,8031.0,7812,activities/108_260801060832.csv,1,1,0,0
fit:80de1342a3e9944829ab101957c8eddffd3d18cb805507bed707b0e306d3b433,2026-08-01T06:22:24+00:00,696,120,142,93,5.587,566.0,20,fit:80de1342a3e9944829ab101957c8eddffd3d18cb805507bed707b0e306d3b433:segment:004,4,8032.0,7813,activities/108_260801060832.csv,1,1,0,0
fit:80de1342a3e9944829ab101957c8eddffd3d18cb805507bed707b0e306d3b433,2026-08-01T06:22:25+00:00,697,179,142,82,4.96,566.5999999999999,20,fit:80de1342a3e9944829ab101957c8eddffd3d18cb805507bed707b0e306d3b433:segment:004,4,8033.0,7814,activities/108_260801060832.csv,1,1,0,0
fit:80de1342a3e9944829ab101957c8eddffd3d18cb805507bed707b0e306d3b433,2026-08-01T06:22:26+00:00,698,188,141,82,5.272,566.5999999999999,20,fit:80de1342a3e9944829ab101957c8eddffd3d18cb805507bed707b0e306d3b433:segment:004,4,8034.0,7815,activities/108_260801060832.csv,1,1,0,0
fit:80de1342a3e9944829ab101957c8eddffd3d18cb805507bed707b0e306d3b433,2026-08-01T06:22:27+00:00,699,218,139,81,4.744,567.0,20,fit:80de1342a3e9944829ab101957c8eddffd3d18cb805507bed707b0e306d3b433:segment:004,4,8035.0,7816,activities/108_260801060832.csv,1,1,0,0
fit:80de1342a3e9944829ab101957c8eddffd3d18cb805507bed707b0e306d3b433,2026-08-01T06:22:28+00:00,700,209,138,79,5.119,567.0,20,fit:80de1342a3e9944829ab101957c8eddffd3d18cb805507bed707b0e306d3b433:segment:004,4,8036.0,7817,activities/108_260801060832.csv,1,1,0,0
fit:80de1342a3e9944829ab101957c8eddffd3d18cb805507bed707b0e306d3b433,2026-08-01T06:22:29+00:00,701,238,138,78,4.653,567.0,20,fit:80de1342a3e9944829ab101957c8eddffd3d18cb805507bed707b0e306d3b433:segment:004,4,8037.0,7818,activities/108_260801060832.csv,1,1,0,0
fit:80de1342a3e9944829ab101957c8eddffd3d18cb805507bed707b0e306d3b433,2026-08-01T06:22:30+00:00,702,258,138,77,4.538,567.0,20,fit:80de1342a3e9944829ab101957c8eddffd3d18cb805507bed707b0e306d3b433:segment:004,4,8038.0,7819,activities/108_260801060832.csv,1,1,0,0
fit:80de1342a3e9944829ab101957c8eddffd3d18cb805507bed707b0e306d3b433,2026-08-01T06:22:31+00:00,703,213,138,77,4.746,567.0,20,fit:80de1342a3e9944829ab101957c8eddffd3d18cb805507bed707b0e306d3b433:segment:004,4,8039.0,7820,activities/108_260801060832.csv,1,1,0,0
fit:80de1342a3e9944829ab101957c8eddffd3d18cb805507bed707b0e306d3b433,2026-08-01T06:22:32+00:00,704,216,138,77,4.409,567.0,20,fit:80de1342a3e9944829ab101957c8eddffd3d18cb805507bed707b0e306d3b433:segment:004,4,8040.0,7821,activities/108_260801060832.csv,1,1,0,0
fit:80de1342a3e9944829ab101957c8eddffd3d18cb805507bed707b0e306d3b433,2026-08-01T06:22:33+00:00,705,194,138,77,4.774,567.4000000000001,20,fit:80de1342a3e9944829ab101957c8eddffd3d18cb805507bed707b0e306d3b433:segment:004,4,8041.0,7822,activities/108_260801060832.csv,1,1,0,0
fit:80de1342a3e9944829ab101957c8eddffd3d18cb805507bed707b0e306d3b433,2026-08-01T06:22:34+00:00,706,170,138,78,4.876,567.5999999999999,20,fit:80de1342a3e9944829ab101957c8eddffd3d18cb805507bed707b0e306d3b433:segment:004,4,8042.0,7823,activities/108_260801060832.csv,1,1,0,0
fit:80de1342a3e9944829ab101957c8eddffd3d18cb805507bed707b0e306d3b433,2026-08-01T06:22:35+00:00,707,164,138,79,5.061,567.5999999999999,20,fit:80de1342a3e9944829ab101957c8eddffd3d18cb805507bed707b0e306d3b433:segment:004,4,8043.0,7824,activities/108_260801060832.csv,1,1,0,0
fit:80de1342a3e9944829ab101957c8eddffd3d18cb805507bed707b0e306d3b433,2026-08-01T06:22:36+00:00,708,115,138,80,5.576,568.0,20,fit:80de1342a3e9944829ab101957c8eddffd3d18cb805507bed707b0e306d3b433:segment:004,4,8044.0,7825,activities/108_260801060832.csv,1,1,0,0
fit:80de1342a3e9944829ab101957c8eddffd3d18cb805507bed707b0e306d3b433,2026-08-01T06:22:37+00:00,709,149,137,80,5.531,568.2,20,fit:80de1342a3e9944829ab101957c8eddffd3d18cb805507bed707b0e306d3b433:segment:004,4,8045.0,7826,activities/108_260801060832.csv,1,1,0,0
fit:80de1342a3e9944829ab101957c8eddffd3d18cb805507bed707b0e306d3b433,2026-08-01T06:22:38+00:00,710,153,136,81,6.081,568.4000000000001,20,fit:80de1342a3e9944829ab101957c8eddffd3d18cb805507bed707b0e306d3b433:segment:004,4,8046.0,7827,activities/108_260801060832.csv,1,1,0,0
fit:80de1342a3e9944829ab101957c8eddffd3d18cb805507bed707b0e306d3b433,2026-08-01T06:22:39+00:00,711,153,136,81,5.861,568.4000000000001,20,fit:80de1342a3e9944829ab101957c8eddffd3d18cb805507bed707b0e306d3b433:segment:004,4,8047.0,7828,activities/108_260801060832.csv,1,1,0,0
fit:80de1342a3e9944829ab101957c8eddffd3d18cb805507bed707b0e306d3b433,2026-08-01T06:22:40+00:00,712,113,135,82,5.68,568.4000000000001,20,fit:80de1342a3e9944829ab101957c8eddffd3d18cb805507bed707b0e306d3b433:segment:004,4,8048.0,7829,activities/108_260801060832.csv,1,1,0,0
fit:80de1342a3e9944829ab101957c8eddffd3d18cb805507bed707b0e306d3b433,2026-08-01T06:22:41+00:00,713,110,135,82,5.546,568.4000000000001,20,fit:80de1342a3e9944829ab101957c8eddffd3d18cb805507bed707b0e306d3b433:segment:004,4,8049.0,7830,activities/108_260801060832.csv,1,1,0,0
fit:80de1342a3e9944829ab101957c8eddffd3d18cb805507bed707b0e306d3b433,2026-08-01T06:22:42+00:00,714,119,135,82,5.705,568.4000000000001,20,fit:80de1342a3e9944829ab101957c8eddffd3d18cb805507bed707b0e306d3b433:segment:004,4,8050.0,7831,activities/108_260801060832.csv,1,1,0,0
fit:80de1342a3e9944829ab101957c8eddffd3d18cb805507bed707b0e306d3b433,2026-08-01T06:22:43+00:00,715,119,134,80,5.397,568.4000000000001,20,fit:80de1342a3e9944829ab101957c8eddffd3d18cb805507bed707b0e306d3b433:segment:004,4,8051.0,7832,activities/108_260801060832.csv,1,1,0,0
fit:80de1342a3e9944829ab101957c8eddffd3d18cb805507bed707b0e306d3b433,2026-08-01T06:22:44+00:00,716,153,134,79,5.228,568.4000000000001,20,fit:80de1342a3e9944829ab101957c8eddffd3d18cb805507bed707b0e306d3b433:segment:004,4,8052.0,7833,activities/108_260801060832.csv,1,1,0,0
fit:80de1342a3e9944829ab101957c8eddffd3d18cb805507bed707b0e306d3b433,2026-08-01T06:22:45+00:00,717,171,134,79,4.929,569.0,20,fit:80de1342a3e9944829ab101957c8eddffd3d18cb805507bed707b0e306d3b433:segment:004,4,8053.0,7834,activities/108_260801060832.csv,1,1,0,0
fit:80de1342a3e9944829ab101957c8eddffd3d18cb805507bed707b0e306d3b433,2026-08-01T06:22:46+00:00,718,140,132,80,4.787,569.0,20,fit:80de1342a3e9944829ab101957c8eddffd3d18cb805507bed707b0e306d3b433:segment:004,4,8054.0,7835,activities/108_260801060832.csv,1,1,0,0
fit:80de1342a3e9944829ab101957c8eddffd3d18cb805507bed707b0e306d3b433,2026-08-01T06:22:47+00:00,719,128,132,82,5.023,569.0,20,fit:80de1342a3e9944829ab101957c8eddffd3d18cb805507bed707b0e306d3b433:segment:004,4,8055.0,7836,activities/108_260801060832.csv,1,1,0,0
fit:80de1342a3e9944829ab101957c8eddffd3d18cb805507bed707b0e306d3b433,2026-08-01T06:22:48+00:00,720,127,132,85,5.2,568.5999999999999,20,fit:80de1342a3e9944829ab101957c8eddffd3d18cb805507bed707b0e306d3b433:segment:004,4,8056.0,7837,activities/108_260801060832.csv,1,1,0,0
fit:80de1342a3e9944829ab101957c8eddffd3d18cb805507bed707b0e306d3b433,2026-08-01T06:22:49+00:00,721,127,132,86,5.466,568.5999999999999,20,fit:80de1342a3e9944829ab101957c8eddffd3d18cb805507bed707b0e306d3b433:segment:004,4,8057.0,7838,activities/108_260801060832.csv,1,1,0,0
fit:80de1342a3e9944829ab101957c8eddffd3d18cb805507bed707b0e306d3b433,2026-08-01T06:22:50+00:00,722,136,132,86,5.745,568.5999999999999,20,fit:80de1342a3e9944829ab101957c8eddffd3d18cb805507bed707b0e306d3b433:segment:004,4,8058.0,7839,activities/108_260801060832.csv,1,1,0,0
fit:80de1342a3e9944829ab101957c8eddffd3d18cb805507bed707b0e306d3b433,2026-08-01T06:22:51+00:00,723,23,131,89,5.944,568.5999999999999,20,fit:80de1342a3e9944829ab101957c8eddffd3d18cb805507bed707b0e306d3b433:segment:004,4,8059.0,7840,activities/108_260801060832.csv,1,1,0,0
fit:80de1342a3e9944829ab101957c8eddffd3d18cb805507bed707b0e306d3b433,2026-08-01T06:22:52+00:00,724,23,132,34,5.677,568.5999999999999,20,fit:80de1342a3e9944829ab101957c8eddffd3d18cb805507bed707b0e306d3b433:segment:004,4,8060.0,7841,activities/108_260801060832.csv,1,1,0,0
fit:80de1342a3e9944829ab101957c8eddffd3d18cb805507bed707b0e306d3b433,2026-08-01T06:22:53+00:00,725,129,132,92,5.604,568.5999999999999,20,fit:80de1342a3e9944829ab101957c8eddffd3d18cb805507bed707b0e306d3b433:segment:004,4,8061.0,7842,activities/108_260801060832.csv,1,1,0,0
fit:80de1342a3e9944829ab101957c8eddffd3d18cb805507bed707b0e306d3b433,2026-08-01T06:22:54+00:00,726,129,132,92,5.557,568.5999999999999,20,fit:80de1342a3e9944829ab101957c8eddffd3d18cb805507bed707b0e306d3b433:segment:004,4,8062.0,7843,activities/108_260801060832.csv,1,1,0,0
fit:80de1342a3e9944829ab101957c8eddffd3d18cb805507bed707b0e306d3b433,2026-08-01T06:22:55+00:00,727,129,133,92,5.496,568.5999999999999,20,fit:80de1342a3e9944829ab101957c8eddffd3d18cb805507bed707b0e306d3b433:segment:004,4,8063.0,7844,activities/108_260801060832.csv,1,1,0,0
fit:80de1342a3e9944829ab101957c8eddffd3d18cb805507bed707b0e306d3b433,2026-08-01T06:22:56+00:00,728,43,133,92,5.592,568.5999999999999,20,fit:80de1342a3e9944829ab101957c8eddffd3d18cb805507bed707b0e306d3b433:segment:004,4,8064.0,7845,activities/108_260801060832.csv,1,1,0,0
fit:80de1342a3e9944829ab101957c8eddffd3d18cb805507bed707b0e306d3b433,2026-08-01T06:22:57+00:00,729,134,133,92,5.922,568.5999999999999,20,fit:80de1342a3e9944829ab101957c8eddffd3d18cb805507bed707b0e306d3b433:segment:004,4,8065.0,7846,activities/108_260801060832.csv,1,1,0,0
fit:80de1342a3e9944829ab101957c8eddffd3d18cb805507bed707b0e306d3b433,2026-08-01T06:22:58+00:00,730,190,133,95,6.135,568.5999999999999,20,fit:80de1342a3e9944829ab101957c8eddffd3d18cb805507bed707b0e306d3b433:segment:004,4,8066.0,7847,activities/108_260801060832.csv,1,1,0,0
fit:80de1342a3e9944829ab101957c8eddffd3d18cb805507bed707b0e306d3b433,2026-08-01T06:22:59+00:00,731,180,134,96,6.314,568.5999999999999,20,fit:80de1342a3e9944829ab101957c8eddffd3d18cb805507bed707b0e306d3b433:segment:004,4,8067.0,7848,activities/108_260801060832.csv,1,1,0,0
fit:80de1342a3e9944829ab101957c8eddffd3d18cb805507bed707b0e306d3b433,2026-08-01T06:23:00+00:00,732,180,134,97,6.427,568.5999999999999,20,fit:80de1342a3e9944829ab101957c8eddffd3d18cb805507bed707b0e306d3b433:segment:004,4,8068.0,7849,activities/108_260801060832.csv,1,1,0,0
fit:80de1342a3e9944829ab101957c8eddffd3d18cb805507bed707b0e306d3b433,2026-08-01T06:23:01+00:00,733,50,135,97,6.586,568.5999999999999,20,fit:80de1342a3e9944829ab101957c8eddffd3d18cb805507bed707b0e306d3b433:segment:004,4,8069.0,7850,activities/108_260801060832.csv,1,1,0,0
fit:80de1342a3e9944829ab101957c8eddffd3d18cb805507bed707b0e306d3b433,2026-08-01T06:23:02+00:00,734,209,135,99,6.515,568.5999999999999,20,fit:80de1342a3e9944829ab101957c8eddffd3d18cb805507bed707b0e306d3b433:segment:004,4,8070.0,7851,activities/108_260801060832.csv,1,1,0,0
fit:80de1342a3e9944829ab101957c8eddffd3d18cb805507bed707b0e306d3b433,2026-08-01T06:23:03+00:00,735,5,135,101,6.57,568.5999999999999,20,fit:80de1342a3e9944829ab101957c8eddffd3d18cb805507bed707b0e306d3b433:segment:004,4,8071.0,7852,activities/108_260801060832.csv,1,1,0,0
fit:80de1342a3e9944829ab101957c8eddffd3d18cb805507bed707b0e306d3b433,2026-08-01T06:23:04+00:00,736,5,135,34,6.719,568.5999999999999,20,fit:80de1342a3e9944829ab101957c8eddffd3d18cb805507bed707b0e306d3b433:segment:004,4,8072.0,7853,activities/108_260801060832.csv,1,1,0,0
fit:80de1342a3e9944829ab101957c8eddffd3d18cb805507bed707b0e306d3b433,2026-08-01T06:23:05+00:00,737,141,135,34,6.844,568.5999999999999,20,fit:80de1342a3e9944829ab101957c8eddffd3d18cb805507bed707b0e306d3b433:segment:004,4,8073.0,7854,activities/108_260801060832.csv,1,1,0,0
fit:80de1342a3e9944829ab101957c8eddffd3d18cb805507bed707b0e306d3b433,2026-08-01T06:23:06+00:00,738,141,135,100,6.932,568.0,20,fit:80de1342a3e9944829ab101957c8eddffd3d18cb805507bed707b0e306d3b433:segment:004,4,8074.0,7855,activities/108_260801060832.csv,1,1,0,0
fit:80de1342a3e9944829ab101957c8eddffd3d18cb805507bed707b0e306d3b433,2026-08-01T06:23:07+00:00,739,141,134,100,6.968,568.0,20,fit:80de1342a3e9944829ab101957c8eddffd3d18cb805507bed707b0e306d3b433:segment:004,4,8075.0,7856,activities/108_260801060832.csv,1,1,0,0
fit:80de1342a3e9944829ab101957c8eddffd3d18cb805507bed707b0e306d3b433,2026-08-01T06:23:08+00:00,740,141,134,100,6.767,568.0,20,fit:80de1342a3e9944829ab101957c8eddffd3d18cb805507bed707b0e306d3b433:segment:004,4,8076.0,7857,activities/108_260801060832.csv,1,1,0,0
fit:80de1342a3e9944829ab101957c8eddffd3d18cb805507bed707b0e306d3b433,2026-08-01T06:23:09+00:00,741,3,134,0,6.752,568.2,20,fit:80de1342a3e9944829ab101957c8eddffd3d18cb805507bed707b0e306d3b433:segment:004,4,8077.0,7858,activities/108_260801060832.csv,1,1,0,0
fit:80de1342a3e9944829ab101957c8eddffd3d18cb805507bed707b0e306d3b433,2026-08-01T06:23:10+00:00,742,104,134,88,6.753,568.5999999999999,20,fit:80de1342a3e9944829ab101957c8eddffd3d18cb805507bed707b0e306d3b433:segment:004,4,8078.0,7859,activities/108_260801060832.csv,1,1,0,0
fit:80de1342a3e9944829ab101957c8eddffd3d18cb805507bed707b0e306d3b433,2026-08-01T06:23:11+00:00,743,191,134,88,6.685,568.5999999999999,20,fit:80de1342a3e9944829ab101957c8eddffd3d18cb805507bed707b0e306d3b433:segment:004,4,8079.0,7860,activities/108_260801060832.csv,1,1,0,0
fit:80de1342a3e9944829ab101957c8eddffd3d18cb805507bed707b0e306d3b433,2026-08-01T06:23:12+00:00,744,128,133,92,6.789,568.5999999999999,20,fit:80de1342a3e9944829ab101957c8eddffd3d18cb805507bed707b0e306d3b433:segment:004,4,8080.0,7861,activities/108_260801060832.csv,1,1,0,0
fit:80de1342a3e9944829ab101957c8eddffd3d18cb805507bed707b0e306d3b433,2026-08-01T06:23:13+00:00,745,162,133,94,7.047,567.8,20,fit:80de1342a3e9944829ab101957c8eddffd3d18cb805507bed707b0e306d3b433:segment:004,4,8081.0,7862,activities/108_260801060832.csv,1,1,0,0
fit:80de1342a3e9944829ab101957c8eddffd3d18cb805507bed707b0e306d3b433,2026-08-01T06:23:14+00:00,746,152,133,95,7.249,567.8,20,fit:80de1342a3e9944829ab101957c8eddffd3d18cb805507bed707b0e306d3b433:segment:004,4,8082.0,7863,activities/108_260801060832.csv,1,1,0,0
fit:80de1342a3e9944829ab101957c8eddffd3d18cb805507bed707b0e306d3b433,2026-08-01T06:23:15+00:00,747,149,132,96,7.247,567.8,20,fit:80de1342a3e9944829ab101957c8eddffd3d18cb805507bed707b0e306d3b433:segment:004,4,8083.0,7864,activities/108_260801060832.csv,1,1,0,0
fit:80de1342a3e9944829ab101957c8eddffd3d18cb805507bed707b0e306d3b433,2026-08-01T06:23:16+00:00,748,204,132,86,7.336,568.0,20,fit:80de1342a3e9944829ab101957c8eddffd3d18cb805507bed707b0e306d3b433:segment:004,4,8084.0,7865,activities/108_260801060832.csv,1,1,0,0
fit:80de1342a3e9944829ab101957c8eddffd3d18cb805507bed707b0e306d3b433,2026-08-01T06:23:17+00:00,749,180,131,89,7.552,568.0,20,fit:80de1342a3e9944829ab101957c8eddffd3d18cb805507bed707b0e306d3b433:segment:004,4,8085.0,7866,activities/108_260801060832.csv,1,1,0,0
fit:80de1342a3e9944829ab101957c8eddffd3d18cb805507bed707b0e306d3b433,2026-08-01T06:23:18+00:00,750,158,131,90,7.606,568.2,20,fit:80de1342a3e9944829ab101957c8eddffd3d18cb805507bed707b0e306d3b433:segment:004,4,8086.0,7867,activities/108_260801060832.csv,1,1,0,0
fit:80de1342a3e9944829ab101957c8eddffd3d18cb805507bed707b0e306d3b433,2026-08-01T06:23:19+00:00,751,197,131,92,7.446,568.2,20,fit:80de1342a3e9944829ab101957c8eddffd3d18cb805507bed707b0e306d3b433:segment:004,4,8087.0,7868,activities/108_260801060832.csv,1,1,0,0
fit:80de1342a3e9944829ab101957c8eddffd3d18cb805507bed707b0e306d3b433,2026-08-01T06:23:20+00:00,752,181,131,93,7.391,568.2,20,fit:80de1342a3e9944829ab101957c8eddffd3d18cb805507bed707b0e306d3b433:segment:004,4,8088.0,7869,activities/108_260801060832.csv,1,1,0,0
fit:80de1342a3e9944829ab101957c8eddffd3d18cb805507bed707b0e306d3b433,2026-08-01T06:23:21+00:00,753,181,131,95,7.611,567.4000000000001,20,fit:80de1342a3e9944829ab101957c8eddffd3d18cb805507bed707b0e306d3b433:segment:004,4,8089.0,7870,activities/108_260801060832.csv,1,1,0,0
fit:80de1342a3e9944829ab101957c8eddffd3d18cb805507bed707b0e306d3b433,2026-08-01T06:23:22+00:00,754,189,130,96,7.757,567.4000000000001,20,fit:80de1342a3e9944829ab101957c8eddffd3d18cb805507bed707b0e306d3b433:segment:004,4,8090.0,7871,activities/108_260801060832.csv,1,1,0,0
fit:80de1342a3e9944829ab101957c8eddffd3d18cb805507bed707b0e306d3b433,2026-08-01T06:23:23+00:00,755,189,130,97,8.103,567.4000000000001,20,fit:80de1342a3e9944829ab101957c8eddffd3d18cb805507bed707b0e306d3b433:segment:004,4,8091.0,7872,activities/108_260801060832.csv,1,1,0,0
fit:80de1342a3e9944829ab101957c8eddffd3d18cb805507bed707b0e306d3b433,2026-08-01T06:23:24+00:00,756,149,131,98,8.22,567.4000000000001,20,fit:80de1342a3e9944829ab101957c8eddffd3d18cb805507bed707b0e306d3b433:segment:004,4,8092.0,7873,activities/108_260801060832.csv,1,1,0,0
fit:80de1342a3e9944829ab101957c8eddffd3d18cb805507bed707b0e306d3b433,2026-08-01T06:23:25+00:00,757,143,131,99,8.241,567.4000000000001,20,fit:80de1342a3e9944829ab101957c8eddffd3d18cb805507bed707b0e306d3b433:segment:004,4,8093.0,7874,activities/108_260801060832.csv,1,1,0,0
fit:80de1342a3e9944829ab101957c8eddffd3d18cb805507bed707b0e306d3b433,2026-08-01T06:23:26+00:00,758,164,131,99,8.392,567.4000000000001,20,fit:80de1342a3e9944829ab101957c8eddffd3d18cb805507bed707b0e306d3b433:segment:004,4,8094.0,7875,activities/108_260801060832.csv,1,1,0,0
fit:80de1342a3e9944829ab101957c8eddffd3d18cb805507bed707b0e306d3b433,2026-08-01T06:23:27+00:00,759,168,131,100,8.452,567.4000000000001,20,fit:80de1342a3e9944829ab101957c8eddffd3d18cb805507bed707b0e306d3b433:segment:004,4,8095.0,7876,activities/108_260801060832.csv,1,1,0,0
fit:80de1342a3e9944829ab101957c8eddffd3d18cb805507bed707b0e306d3b433,2026-08-01T06:23:28+00:00,760,132,131,88,8.489,567.4000000000001,20,fit:80de1342a3e9944829ab101957c8eddffd3d18cb805507bed707b0e306d3b433:segment:004,4,8096.0,7877,activities/108_260801060832.csv,1,1,0,0
fit:80de1342a3e9944829ab101957c8eddffd3d18cb805507bed707b0e306d3b433,2026-08-01T06:23:29+00:00,761,229,132,88,8.484,566.8,20,fit:80de1342a3e9944829ab101957c8eddffd3d18cb805507bed707b0e306d3b433:segment:004,4,8097.0,7878,activities/108_260801060832.csv,1,1,0,0
fit:80de1342a3e9944829ab101957c8eddffd3d18cb805507bed707b0e306d3b433,2026-08-01T06:23:30+00:00,762,63,133,73,8.589,566.8,20,fit:80de1342a3e9944829ab101957c8eddffd3d18cb805507bed707b0e306d3b433:segment:004,4,8098.0,7879,activities/108_260801060832.csv,1,1,0,0
fit:80de1342a3e9944829ab101957c8eddffd3d18cb805507bed707b0e306d3b433,2026-08-01T06:23:31+00:00,763,10,134,80,8.55,566.8,20,fit:80de1342a3e9944829ab101957c8eddffd3d18cb805507bed707b0e306d3b433:segment:004,4,8099.0,7880,activities/108_260801060832.csv,1,1,0,0
fit:80de1342a3e9944829ab101957c8eddffd3d18cb805507bed707b0e306d3b433,2026-08-01T06:23:32+00:00,764,125,134,56,8.248,567.4000000000001,20,fit:80de1342a3e9944829ab101957c8eddffd3d18cb805507bed707b0e306d3b433:segment:004,4,8100.0,7881,activities/108_260801060832.csv,1,1,0,0
fit:80de1342a3e9944829ab101957c8eddffd3d18cb805507bed707b0e306d3b433,2026-08-01T06:23:33+00:00,765,237,135,71,8.207,567.4000000000001,20,fit:80de1342a3e9944829ab101957c8eddffd3d18cb805507bed707b0e306d3b433:segment:004,4,8101.0,7882,activities/108_260801060832.csv,1,1,0,0
fit:80de1342a3e9944829ab101957c8eddffd3d18cb805507bed707b0e306d3b433,2026-08-01T06:23:34+00:00,766,204,135,76,8.199,567.4000000000001,20,fit:80de1342a3e9944829ab101957c8eddffd3d18cb805507bed707b0e306d3b433:segment:004,4,8102.0,7883,activities/108_260801060832.csv,1,1,0,0
fit:80de1342a3e9944829ab101957c8eddffd3d18cb805507bed707b0e306d3b433,2026-08-01T06:23:35+00:00,767,215,135,77,8.136,567.2,20,fit:80de1342a3e9944829ab101957c8eddffd3d18cb805507bed707b0e306d3b433:segment:004,4,8103.0,7884,activities/108_260801060832.csv,1,1,0,0
fit:80de1342a3e9944829ab101957c8eddffd3d18cb805507bed707b0e306d3b433,2026-08-01T06:23:36+00:00,768,222,135,78,8.205,566.8,20,fit:80de1342a3e9944829ab101957c8eddffd3d18cb805507bed707b0e306d3b433:segment:004,4,8104.0,7885,activities/108_260801060832.csv,1,1,0,0
fit:80de1342a3e9944829ab101957c8eddffd3d18cb805507bed707b0e306d3b433,2026-08-01T06:23:37+00:00,769,208,135,79,8.19,566.8,20,fit:80de1342a3e9944829ab101957c8eddffd3d18cb805507bed707b0e306d3b433:segment:004,4,8105.0,7886,activities/108_260801060832.csv,1,1,0,0
fit:80de1342a3e9944829ab101957c8eddffd3d18cb805507bed707b0e306d3b433,2026-08-01T06:23:38+00:00,770,200,134,80,8.262,566.8,20,fit:80de1342a3e9944829ab101957c8eddffd3d18cb805507bed707b0e306d3b433:segment:004,4,8106.0,7887,activities/108_260801060832.csv,1,1,0,0
fit:80de1342a3e9944829ab101957c8eddffd3d18cb805507bed707b0e306d3b433,2026-08-01T06:23:39+00:00,771,168,134,81,8.571,566.8,20,fit:80de1342a3e9944829ab101957c8eddffd3d18cb805507bed707b0e306d3b433:segment:004,4,8107.0,7888,activities/108_260801060832.csv,1,1,0,0
fit:80de1342a3e9944829ab101957c8eddffd3d18cb805507bed707b0e306d3b433,2026-08-01T06:23:40+00:00,772,146,134,82,8.668,566.2,20,fit:80de1342a3e9944829ab101957c8eddffd3d18cb805507bed707b0e306d3b433:segment:004,4,8108.0,7889,activities/108_260801060832.csv,1,1,0,0
fit:80de1342a3e9944829ab101957c8eddffd3d18cb805507bed707b0e306d3b433,2026-08-01T06:23:41+00:00,773,137,133,82,8.991,566.2,20,fit:80de1342a3e9944829ab101957c8eddffd3d18cb805507bed707b0e306d3b433:segment:004,4,8109.0,7890,activities/108_260801060832.csv,1,1,0,0
fit:80de1342a3e9944829ab101957c8eddffd3d18cb805507bed707b0e306d3b433,2026-08-01T06:23:42+00:00,774,132,133,82,9.002,566.2,20,fit:80de1342a3e9944829ab101957c8eddffd3d18cb805507bed707b0e306d3b433:segment:004,4,8110.0,7891,activities/108_260801060832.csv,1,1,0,0
fit:80de1342a3e9944829ab101957c8eddffd3d18cb805507bed707b0e306d3b433,2026-08-01T06:23:43+00:00,775,133,133,82,9.149,566.2,20,fit:80de1342a3e9944829ab101957c8eddffd3d18cb805507bed707b0e306d3b433:segment:004,4,8111.0,7892,activities/108_260801060832.csv,1,1,0,0
fit:80de1342a3e9944829ab101957c8eddffd3d18cb805507bed707b0e306d3b433,2026-08-01T06:23:44+00:00,776,136,133,82,9.222,566.2,20,fit:80de1342a3e9944829ab101957c8eddffd3d18cb805507bed707b0e306d3b433:segment:004,4,8112.0,7893,activities/108_260801060832.csv,1,1,0,0
fit:80de1342a3e9944829ab101957c8eddffd3d18cb805507bed707b0e306d3b433,2026-08-01T06:23:45+00:00,777,184,133,82,9.36,566.2,20,fit:80de1342a3e9944829ab101957c8eddffd3d18cb805507bed707b0e306d3b433:segment:004,4,8113.0,7894,activities/108_260801060832.csv,1,1,0,0
fit:80de1342a3e9944829ab101957c8eddffd3d18cb805507bed707b0e306d3b433,2026-08-01T06:23:46+00:00,778,171,132,82,9.374,566.2,20,fit:80de1342a3e9944829ab101957c8eddffd3d18cb805507bed707b0e306d3b433:segment:004,4,8114.0,7895,activities/108_260801060832.csv,1,1,0,0
fit:80de1342a3e9944829ab101957c8eddffd3d18cb805507bed707b0e306d3b433,2026-08-01T06:23:47+00:00,779,176,132,82,9.347,566.2,20,fit:80de1342a3e9944829ab101957c8eddffd3d18cb805507bed707b0e306d3b433:segment:004,4,8115.0,7896,activities/108_260801060832.csv,1,1,0,0
fit:80de1342a3e9944829ab101957c8eddffd3d18cb805507bed707b0e306d3b433,2026-08-01T06:23:48+00:00,780,200,132,83,9.351,566.2,20,fit:80de1342a3e9944829ab101957c8eddffd3d18cb805507bed707b0e306d3b433:segment:004,4,8116.0,7897,activities/108_260801060832.csv,1,1,0,0
fit:80de1342a3e9944829ab101957c8eddffd3d18cb805507bed707b0e306d3b433,2026-08-01T06:23:49+00:00,781,201,133,83,9.332,566.2,20,fit:80de1342a3e9944829ab101957c8eddffd3d18cb805507bed707b0e306d3b433:segment:004,4,8117.0,7898,activities/108_260801060832.csv,1,1,0,0
fit:80de1342a3e9944829ab101957c8eddffd3d18cb805507bed707b0e306d3b433,2026-08-01T06:23:50+00:00,782,232,133,83,9.232,566.2,20,fit:80de1342a3e9944829ab101957c8eddffd3d18cb805507bed707b0e306d3b433:segment:004,4,8118.0,7899,activities/108_260801060832.csv,1,1,0,0
fit:80de1342a3e9944829ab101957c8eddffd3d18cb805507bed707b0e306d3b433,2026-08-01T06:23:51+00:00,783,206,133,84,9.258,566.2,20,fit:80de1342a3e9944829ab101957c8eddffd3d18cb805507bed707b0e306d3b433:segment:004,4,8119.0,7900,activities/108_260801060832.csv,1,1,0,0
fit:80de1342a3e9944829ab101957c8eddffd3d18cb805507bed707b0e306d3b433,2026-08-01T06:23:52+00:00,784,189,133,84,9.326,566.2,20,fit:80de1342a3e9944829ab101957c8eddffd3d18cb805507bed707b0e306d3b433:segment:004,4,8120.0,7901,activities/108_260801060832.csv,1,1,0,0
fit:80de1342a3e9944829ab101957c8eddffd3d18cb805507bed707b0e306d3b433,2026-08-01T06:23:53+00:00,785,189,133,84,9.245,566.2,20,fit:80de1342a3e9944829ab101957c8eddffd3d18cb805507bed707b0e306d3b433:segment:004,4,8121.0,7902,activities/108_260801060832.csv,1,1,0,0
fit:80de1342a3e9944829ab101957c8eddffd3d18cb805507bed707b0e306d3b433,2026-08-01T06:23:54+00:00,786,248,133,84,9.16,566.2,20,fit:80de1342a3e9944829ab101957c8eddffd3d18cb805507bed707b0e306d3b433:segment:004,4,8122.0,7903,activities/108_260801060832.csv,1,1,0,0
fit:80de1342a3e9944829ab101957c8eddffd3d18cb805507bed707b0e306d3b433,2026-08-01T06:23:55+00:00,787,180,133,84,9.184,566.2,20,fit:80de1342a3e9944829ab101957c8eddffd3d18cb805507bed707b0e306d3b433:segment:004,4,8123.0,7904,activities/108_260801060832.csv,1,1,0,0
fit:80de1342a3e9944829ab101957c8eddffd3d18cb805507bed707b0e306d3b433,2026-08-01T06:23:56+00:00,788,171,133,84,9.342,566.2,20,fit:80de1342a3e9944829ab101957c8eddffd3d18cb805507bed707b0e306d3b433:segment:004,4,8124.0,7905,activities/108_260801060832.csv,1,1,0,0
fit:80de1342a3e9944829ab101957c8eddffd3d18cb805507bed707b0e306d3b433,2026-08-01T06:23:57+00:00,789,193,134,85,9.304,566.4000000000001,20,fit:80de1342a3e9944829ab101957c8eddffd3d18cb805507bed707b0e306d3b433:segment:004,4,8125.0,7906,activities/108_260801060832.csv,1,1,0,0
fit:80de1342a3e9944829ab101957c8eddffd3d18cb805507bed707b0e306d3b433,2026-08-01T06:23:58+00:00,790,164,134,85,9.496,566.8,20,fit:80de1342a3e9944829ab101957c8eddffd3d18cb805507bed707b0e306d3b433:segment:004,4,8126.0,7907,activities/108_260801060832.csv,1,1,0,0
fit:80de1342a3e9944829ab101957c8eddffd3d18cb805507bed707b0e306d3b433,2026-08-01T06:23:59+00:00,791,165,135,85,9.567,566.8,20,fit:80de1342a3e9944829ab101957c8eddffd3d18cb805507bed707b0e306d3b433:segment:004,4,8127.0,7908,activities/108_260801060832.csv,1,1,0,0
fit:80de1342a3e9944829ab101957c8eddffd3d18cb805507bed707b0e306d3b433,2026-08-01T06:24:00+00:00,792,169,135,85,9.49,566.8,20,fit:80de1342a3e9944829ab101957c8eddffd3d18cb805507bed707b0e306d3b433:segment:004,4,8128.0,7909,activities/108_260801060832.csv,1,1,0,0
fit:80de1342a3e9944829ab101957c8eddffd3d18cb805507bed707b0e306d3b433,2026-08-01T06:24:01+00:00,793,152,135,84,9.339,566.8,20,fit:80de1342a3e9944829ab101957c8eddffd3d18cb805507bed707b0e306d3b433:segment:004,4,8129.0,7910,activities/108_260801060832.csv,1,1,0,0
fit:80de1342a3e9944829ab101957c8eddffd3d18cb805507bed707b0e306d3b433,2026-08-01T06:24:02+00:00,794,152,136,84,9.33,566.2,20,fit:80de1342a3e9944829ab101957c8eddffd3d18cb805507bed707b0e306d3b433:segment:004,4,8130.0,7911,activities/108_260801060832.csv,1,1,0,0
fit:80de1342a3e9944829ab101957c8eddffd3d18cb805507bed707b0e306d3b433,2026-08-01T06:24:03+00:00,795,188,136,83,9.301,566.0,20,fit:80de1342a3e9944829ab101957c8eddffd3d18cb805507bed707b0e306d3b433:segment:004,4,8131.0,7912,activities/108_260801060832.csv,1,1,0,0
fit:80de1342a3e9944829ab101957c8eddffd3d18cb805507bed707b0e306d3b433,2026-08-01T06:24:04+00:00,796,189,136,83,9.303,566.0,20,fit:80de1342a3e9944829ab101957c8eddffd3d18cb805507bed707b0e306d3b433:segment:004,4,8132.0,7913,activities/108_260801060832.csv,1,1,0,0
fit:80de1342a3e9944829ab101957c8eddffd3d18cb805507bed707b0e306d3b433,2026-08-01T06:24:05+00:00,797,182,137,83,9.264,566.0,20,fit:80de1342a3e9944829ab101957c8eddffd3d18cb805507bed707b0e306d3b433:segment:004,4,8133.0,7914,activities/108_260801060832.csv,1,1,0,0
fit:80de1342a3e9944829ab101957c8eddffd3d18cb805507bed707b0e306d3b433,2026-08-01T06:24:06+00:00,798,186,136,83,9.251,566.0,20,fit:80de1342a3e9944829ab101957c8eddffd3d18cb805507bed707b0e306d3b433:segment:004,4,8134.0,7915,activities/108_260801060832.csv,1,1,0,0
fit:80de1342a3e9944829ab101957c8eddffd3d18cb805507bed707b0e306d3b433,2026-08-01T06:24:07+00:00,799,186,136,82,9.209,566.0,20,fit:80de1342a3e9944829ab101957c8eddffd3d18cb805507bed707b0e306d3b433:segment:004,4,8135.0,7916,activities/108_260801060832.csv,1,1,0,0
fit:80de1342a3e9944829ab101957c8eddffd3d18cb805507bed707b0e306d3b433,2026-08-01T06:24:08+00:00,800,166,136,89,9.13,566.0,20,fit:80de1342a3e9944829ab101957c8eddffd3d18cb805507bed707b0e306d3b433:segment:004,4,8136.0,7917,activities/108_260801060832.csv,1,1,0,0
fit:80de1342a3e9944829ab101957c8eddffd3d18cb805507bed707b0e306d3b433,2026-08-01T06:24:09+00:00,801,167,135,88,8.938,566.0,20,fit:80de1342a3e9944829ab101957c8eddffd3d18cb805507bed707b0e306d3b433:segment:004,4,8137.0,7918,activities/108_260801060832.csv,1,1,0,0
fit:80de1342a3e9944829ab101957c8eddffd3d18cb805507bed707b0e306d3b433,2026-08-01T06:24:10+00:00,802,180,134,87,8.695,566.0,20,fit:80de1342a3e9944829ab101957c8eddffd3d18cb805507bed707b0e306d3b433:segment:004,4,8138.0,7919,activities/108_260801060832.csv,1,1,0,0
fit:80de1342a3e9944829ab101957c8eddffd3d18cb805507bed707b0e306d3b433,2026-08-01T06:24:11+00:00,803,169,134,87,8.446,566.0,19,fit:80de1342a3e9944829ab101957c8eddffd3d18cb805507bed707b0e306d3b433:segment:004,4,8139.0,7920,activities/108_260801060832.csv,1,1,0,0
fit:80de1342a3e9944829ab101957c8eddffd3d18cb805507bed707b0e306d3b433,2026-08-01T06:24:12+00:00,804,191,134,85,8.319,566.5999999999999,19,fit:80de1342a3e9944829ab101957c8eddffd3d18cb805507bed707b0e306d3b433:segment:004,4,8140.0,7921,activities/108_260801060832.csv,1,1,0,0
fit:80de1342a3e9944829ab101957c8eddffd3d18cb805507bed707b0e306d3b433,2026-08-01T06:24:13+00:00,805,217,134,83,8.311,566.8,19,fit:80de1342a3e9944829ab101957c8eddffd3d18cb805507bed707b0e306d3b433:segment:004,4,8141.0,7922,activities/108_260801060832.csv,1,1,0,0
fit:80de1342a3e9944829ab101957c8eddffd3d18cb805507bed707b0e306d3b433,2026-08-01T06:24:14+00:00,806,217,134,83,8.195,567.2,19,fit:80de1342a3e9944829ab101957c8eddffd3d18cb805507bed707b0e306d3b433:segment:004,4,8142.0,7923,activities/108_260801060832.csv,1,1,0,0
fit:80de1342a3e9944829ab101957c8eddffd3d18cb805507bed707b0e306d3b433,2026-08-01T06:24:15+00:00,807,233,134,83,8.133,567.4000000000001,19,fit:80de1342a3e9944829ab101957c8eddffd3d18cb805507bed707b0e306d3b433:segment:004,4,8143.0,7924,activities/108_260801060832.csv,1,1,0,0
fit:80de1342a3e9944829ab101957c8eddffd3d18cb805507bed707b0e306d3b433,2026-08-01T06:24:16+00:00,808,211,134,81,8.113,567.4000000000001,19,fit:80de1342a3e9944829ab101957c8eddffd3d18cb805507bed707b0e306d3b433:segment:004,4,8144.0,7925,activities/108_260801060832.csv,1,1,0,0
fit:80de1342a3e9944829ab101957c8eddffd3d18cb805507bed707b0e306d3b433,2026-08-01T06:24:17+00:00,809,211,134,80,8.116,567.4000000000001,19,fit:80de1342a3e9944829ab101957c8eddffd3d18cb805507bed707b0e306d3b433:segment:004,4,8145.0,7926,activities/108_260801060832.csv,1,1,0,0
fit:80de1342a3e9944829ab101957c8eddffd3d18cb805507bed707b0e306d3b433,2026-08-01T06:24:18+00:00,810,228,135,79,7.956,567.4000000000001,19,fit:80de1342a3e9944829ab101957c8eddffd3d18cb805507bed707b0e306d3b433:segment:004,4,8146.0,7927,activities/108_260801060832.csv,1,1,0,0
fit:80de1342a3e9944829ab101957c8eddffd3d18cb805507bed707b0e306d3b433,2026-08-01T06:24:19+00:00,811,240,134,78,7.723,568.0,19,fit:80de1342a3e9944829ab101957c8eddffd3d18cb805507bed707b0e306d3b433:segment:004,4,8147.0,7928,activities/108_260801060832.csv,1,1,0,0
fit:80de1342a3e9944829ab101957c8eddffd3d18cb805507bed707b0e306d3b433,2026-08-01T06:24:20+00:00,812,223,134,78,7.674,568.2,19,fit:80de1342a3e9944829ab101957c8eddffd3d18cb805507bed707b0e306d3b433:segment:004,4,8148.0,7929,activities/108_260801060832.csv,1,1,0,0
fit:80de1342a3e9944829ab101957c8eddffd3d18cb805507bed707b0e306d3b433,2026-08-01T06:24:21+00:00,813,199,134,77,7.636,568.8,19,fit:80de1342a3e9944829ab101957c8eddffd3d18cb805507bed707b0e306d3b433:segment:004,4,8149.0,7930,activities/108_260801060832.csv,1,1,0,0
fit:80de1342a3e9944829ab101957c8eddffd3d18cb805507bed707b0e306d3b433,2026-08-01T06:24:22+00:00,814,226,134,76,7.492,568.8,19,fit:80de1342a3e9944829ab101957c8eddffd3d18cb805507bed707b0e306d3b433:segment:004,4,8150.0,7931,activities/108_260801060832.csv,1,1,0,0
fit:80de1342a3e9944829ab101957c8eddffd3d18cb805507bed707b0e306d3b433,2026-08-01T06:24:23+00:00,815,227,134,83,7.403,568.8,19,fit:80de1342a3e9944829ab101957c8eddffd3d18cb805507bed707b0e306d3b433:segment:004,4,8151.0,7932,activities/108_260801060832.csv,1,1,0,0
fit:80de1342a3e9944829ab101957c8eddffd3d18cb805507bed707b0e306d3b433,2026-08-01T06:24:24+00:00,816,215,134,83,7.456,568.8,19,fit:80de1342a3e9944829ab101957c8eddffd3d18cb805507bed707b0e306d3b433:segment:004,4,8152.0,7933,activities/108_260801060832.csv,1,1,0,0
fit:80de1342a3e9944829ab101957c8eddffd3d18cb805507bed707b0e306d3b433,2026-08-01T06:24:25+00:00,817,215,134,84,7.484,568.8,19,fit:80de1342a3e9944829ab101957c8eddffd3d18cb805507bed707b0e306d3b433:segment:004,4,8153.0,7934,activities/108_260801060832.csv,1,1,0,0
fit:80de1342a3e9944829ab101957c8eddffd3d18cb805507bed707b0e306d3b433,2026-08-01T06:24:26+00:00,818,220,134,84,7.464,568.8,19,fit:80de1342a3e9944829ab101957c8eddffd3d18cb805507bed707b0e306d3b433:segment:004,4,8154.0,7935,activities/108_260801060832.csv,1,1,0,0
fit:80de1342a3e9944829ab101957c8eddffd3d18cb805507bed707b0e306d3b433,2026-08-01T06:24:27+00:00,819,203,134,84,7.445,568.5999999999999,19,fit:80de1342a3e9944829ab101957c8eddffd3d18cb805507bed707b0e306d3b433:segment:004,4,8155.0,7936,activities/108_260801060832.csv,1,1,0,0
fit:80de1342a3e9944829ab101957c8eddffd3d18cb805507bed707b0e306d3b433,2026-08-01T06:24:28+00:00,820,213,134,83,7.411,568.4000000000001,19,fit:80de1342a3e9944829ab101957c8eddffd3d18cb805507bed707b0e306d3b433:segment:004,4,8156.0,7937,activities/108_260801060832.csv,1,1,0,0
fit:80de1342a3e9944829ab101957c8eddffd3d18cb805507bed707b0e306d3b433,2026-08-01T06:24:29+00:00,821,192,135,84,7.378,568.4000000000001,19,fit:80de1342a3e9944829ab101957c8eddffd3d18cb805507bed707b0e306d3b433:segment:004,4,8157.0,7938,activities/108_260801060832.csv,1,1,0,0
fit:80de1342a3e9944829ab101957c8eddffd3d18cb805507bed707b0e306d3b433,2026-08-01T06:24:30+00:00,822,185,135,84,7.456,568.4000000000001,19,fit:80de1342a3e9944829ab101957c8eddffd3d18cb805507bed707b0e306d3b433:segment:004,4,8158.0,7939,activities/108_260801060832.csv,1,1,0,0
fit:80de1342a3e9944829ab101957c8eddffd3d18cb805507bed707b0e306d3b433,2026-08-01T06:24:31+00:00,823,204,135,84,7.432,568.4000000000001,19,fit:80de1342a3e9944829ab101957c8eddffd3d18cb805507bed707b0e306d3b433:segment:004,4,8159.0,7940,activities/108_260801060832.csv,1,1,0,0
fit:80de1342a3e9944829ab101957c8eddffd3d18cb805507bed707b0e306d3b433,2026-08-01T06:24:32+00:00,824,207,136,83,7.323,568.4000000000001,19,fit:80de1342a3e9944829ab101957c8eddffd3d18cb805507bed707b0e306d3b433:segment:004,4,8160.0,7941,activities/108_260801060832.csv,1,1,0,0
fit:80de1342a3e9944829ab101957c8eddffd3d18cb805507bed707b0e306d3b433,2026-08-01T06:24:33+00:00,825,196,136,84,7.308,568.4000000000001,19,fit:80de1342a3e9944829ab101957c8eddffd3d18cb805507bed707b0e306d3b433:segment:004,4,8161.0,7942,activities/108_260801060832.csv,1,1,0,0
fit:80de1342a3e9944829ab101957c8eddffd3d18cb805507bed707b0e306d3b433,2026-08-01T06:24:34+00:00,826,196,136,84,7.293,569.0,19,fit:80de1342a3e9944829ab101957c8eddffd3d18cb805507bed707b0e306d3b433:segment:004,4,8162.0,7943,activities/108_260801060832.csv,1,1,0,0
fit:80de1342a3e9944829ab101957c8eddffd3d18cb805507bed707b0e306d3b433,2026-08-01T06:24:35+00:00,827,204,136,84,7.201,569.2,19,fit:80de1342a3e9944829ab101957c8eddffd3d18cb805507bed707b0e306d3b433:segment:004,4,8163.0,7944,activities/108_260801060832.csv,1,1,0,0
fit:80de1342a3e9944829ab101957c8eddffd3d18cb805507bed707b0e306d3b433,2026-08-01T06:24:36+00:00,828,222,137,84,7.279,569.4000000000001,19,fit:80de1342a3e9944829ab101957c8eddffd3d18cb805507bed707b0e306d3b433:segment:004,4,8164.0,7945,activities/108_260801060832.csv,1,1,0,0
fit:80de1342a3e9944829ab101957c8eddffd3d18cb805507bed707b0e306d3b433,2026-08-01T06:24:37+00:00,829,185,138,85,7.207,569.5999999999999,20,fit:80de1342a3e9944829ab101957c8eddffd3d18cb805507bed707b0e306d3b433:segment:004,4,8165.0,7946,activities/108_260801060832.csv,1,1,0,0
fit:80de1342a3e9944829ab101957c8eddffd3d18cb805507bed707b0e306d3b433,2026-08-01T06:24:38+00:00,830,189,138,85,7.285,569.5999999999999,20,fit:80de1342a3e9944829ab101957c8eddffd3d18cb805507bed707b0e306d3b433:segment:004,4,8166.0,7947,activities/108_260801060832.csv,1,1,0,0
fit:80de1342a3e9944829ab101957c8eddffd3d18cb805507bed707b0e306d3b433,2026-08-01T06:24:39+00:00,831,202,138,86,7.547,569.5999999999999,20,fit:80de1342a3e9944829ab101957c8eddffd3d18cb805507bed707b0e306d3b433:segment:004,4,8167.0,7948,activities/108_260801060832.csv,1,1,0,0
fit:80de1342a3e9944829ab101957c8eddffd3d18cb805507bed707b0e306d3b433,2026-08-01T06:24:40+00:00,832,186,138,87,7.701,569.5999999999999,20,fit:80de1342a3e9944829ab101957c8eddffd3d18cb805507bed707b0e306d3b433:segment:004,4,8168.0,7949,activities/108_260801060832.csv,1,1,0,0
fit:80de1342a3e9944829ab101957c8eddffd3d18cb805507bed707b0e306d3b433,2026-08-01T06:24:41+00:00,833,202,138,87,7.837,569.5999999999999,20,fit:80de1342a3e9944829ab101957c8eddffd3d18cb805507bed707b0e306d3b433:segment:004,4,8169.0,7950,activities/108_260801060832.csv,1,1,0,0
fit:80de1342a3e9944829ab101957c8eddffd3d18cb805507bed707b0e306d3b433,2026-08-01T06:24:42+00:00,834,173,139,87,7.654,569.5999999999999,20,fit:80de1342a3e9944829ab101957c8eddffd3d18cb805507bed707b0e306d3b433:segment:004,4,8170.0,7951,activities/108_260801060832.csv,1,1,0,0
fit:80de1342a3e9944829ab101957c8eddffd3d18cb805507bed707b0e306d3b433,2026-08-01T06:24:43+00:00,835,162,139,88,7.69,569.5999999999999,20,fit:80de1342a3e9944829ab101957c8eddffd3d18cb805507bed707b0e306d3b433:segment:004,4,8171.0,7952,activities/108_260801060832.csv,1,1,0,0
fit:80de1342a3e9944829ab101957c8eddffd3d18cb805507bed707b0e306d3b433,2026-08-01T06:24:44+00:00,836,169,139,88,7.91,569.5999999999999,20,fit:80de1342a3e9944829ab101957c8eddffd3d18cb805507bed707b0e306d3b433:segment:004,4,8172.0,7953,activities/108_260801060832.csv,1,1,0,0
fit:80de1342a3e9944829ab101957c8eddffd3d18cb805507bed707b0e306d3b433,2026-08-01T06:24:45+00:00,837,169,139,88,7.938,570.4000000000001,20,fit:80de1342a3e9944829ab101957c8eddffd3d18cb805507bed707b0e306d3b433:segment:004,4,8173.0,7954,activities/108_260801060832.csv,1,1,0,0
fit:80de1342a3e9944829ab101957c8eddffd3d18cb805507bed707b0e306d3b433,2026-08-01T06:24:46+00:00,838,147,140,88,7.967,570.5999999999999,20,fit:80de1342a3e9944829ab101957c8eddffd3d18cb805507bed707b0e306d3b433:segment:004,4,8174.0,7955,activities/108_260801060832.csv,1,1,0,0
fit:80de1342a3e9944829ab101957c8eddffd3d18cb805507bed707b0e306d3b433,2026-08-01T06:24:47+00:00,839,173,141,87,7.995,570.5999999999999,20,fit:80de1342a3e9944829ab101957c8eddffd3d18cb805507bed707b0e306d3b433:segment:004,4,8175.0,7956,activities/108_260801060832.csv,1,1,0,0
fit:80de1342a3e9944829ab101957c8eddffd3d18cb805507bed707b0e306d3b433,2026-08-01T06:24:48+00:00,840,174,141,86,7.892,570.5999999999999,20,fit:80de1342a3e9944829ab101957c8eddffd3d18cb805507bed707b0e306d3b433:segment:004,4,8176.0,7957,activities/108_260801060832.csv,1,1,0,0
fit:80de1342a3e9944829ab101957c8eddffd3d18cb805507bed707b0e306d3b433,2026-08-01T06:24:49+00:00,841,220,141,86,7.948,570.5999999999999,20,fit:80de1342a3e9944829ab101957c8eddffd3d18cb805507bed707b0e306d3b433:segment:004,4,8177.0,7958,activities/108_260801060832.csv,1,1,0,0
fit:80de1342a3e9944829ab101957c8eddffd3d18cb805507bed707b0e306d3b433,2026-08-01T06:24:50+00:00,842,205,141,86,7.835,570.5999999999999,20,fit:80de1342a3e9944829ab101957c8eddffd3d18cb805507bed707b0e306d3b433:segment:004,4,8178.0,7959,activities/108_260801060832.csv,1,1,0,0
fit:80de1342a3e9944829ab101957c8eddffd3d18cb805507bed707b0e306d3b433,2026-08-01T06:24:51+00:00,843,195,141,86,7.866,571.0,20,fit:80de1342a3e9944829ab101957c8eddffd3d18cb805507bed707b0e306d3b433:segment:004,4,8179.0,7960,activities/108_260801060832.csv,1,1,0,0
fit:80de1342a3e9944829ab101957c8eddffd3d18cb805507bed707b0e306d3b433,2026-08-01T06:24:52+00:00,844,198,141,86,7.786,571.2,20,fit:80de1342a3e9944829ab101957c8eddffd3d18cb805507bed707b0e306d3b433:segment:004,4,8180.0,7961,activities/108_260801060832.csv,1,1,0,0
fit:80de1342a3e9944829ab101957c8eddffd3d18cb805507bed707b0e306d3b433,2026-08-01T06:24:53+00:00,845,195,141,86,7.678,571.2,20,fit:80de1342a3e9944829ab101957c8eddffd3d18cb805507bed707b0e306d3b433:segment:004,4,8181.0,7962,activities/108_260801060832.csv,1,1,0,0
fit:80de1342a3e9944829ab101957c8eddffd3d18cb805507bed707b0e306d3b433,2026-08-01T06:24:54+00:00,846,193,142,85,7.636,571.2,20,fit:80de1342a3e9944829ab101957c8eddffd3d18cb805507bed707b0e306d3b433:segment:004,4,8182.0,7963,activities/108_260801060832.csv,1,1,0,0
fit:80de1342a3e9944829ab101957c8eddffd3d18cb805507bed707b0e306d3b433,2026-08-01T06:24:55+00:00,847,215,142,85,7.625,571.2,20,fit:80de1342a3e9944829ab101957c8eddffd3d18cb805507bed707b0e306d3b433:segment:004,4,8183.0,7964,activities/108_260801060832.csv,1,1,0,0
fit:80de1342a3e9944829ab101957c8eddffd3d18cb805507bed707b0e306d3b433,2026-08-01T06:24:56+00:00,848,215,142,86,7.638,571.2,20,fit:80de1342a3e9944829ab101957c8eddffd3d18cb805507bed707b0e306d3b433:segment:004,4,8184.0,7965,activities/108_260801060832.csv,1,1,0,0
fit:80de1342a3e9944829ab101957c8eddffd3d18cb805507bed707b0e306d3b433,2026-08-01T06:24:57+00:00,849,223,143,84,7.66,571.2,20,fit:80de1342a3e9944829ab101957c8eddffd3d18cb805507bed707b0e306d3b433:segment:004,4,8185.0,7966,activities/108_260801060832.csv,1,1,0,0
fit:80de1342a3e9944829ab101957c8eddffd3d18cb805507bed707b0e306d3b433,2026-08-01T06:24:58+00:00,850,239,143,84,7.598,571.2,20,fit:80de1342a3e9944829ab101957c8eddffd3d18cb805507bed707b0e306d3b433:segment:004,4,8186.0,7967,activities/108_260801060832.csv,1,1,0,0
fit:80de1342a3e9944829ab101957c8eddffd3d18cb805507bed707b0e306d3b433,2026-08-01T06:24:59+00:00,851,240,143,83,7.586,571.2,20,fit:80de1342a3e9944829ab101957c8eddffd3d18cb805507bed707b0e306d3b433:segment:004,4,8187.0,7968,activities/108_260801060832.csv,1,1,0,0
fit:80de1342a3e9944829ab101957c8eddffd3d18cb805507bed707b0e306d3b433,2026-08-01T06:25:00+00:00,852,230,144,82,7.556,572.0,20,fit:80de1342a3e9944829ab101957c8eddffd3d18cb805507bed707b0e306d3b433:segment:004,4,8188.0,7969,activities/108_260801060832.csv,1,1,0,0
fit:80de1342a3e9944829ab101957c8eddffd3d18cb805507bed707b0e306d3b433,2026-08-01T06:25:01+00:00,853,214,144,83,7.504,573.0,20,fit:80de1342a3e9944829ab101957c8eddffd3d18cb805507bed707b0e306d3b433:segment:004,4,8189.0,7970,activities/108_260801060832.csv,1,1,0,0
fit:80de1342a3e9944829ab101957c8eddffd3d18cb805507bed707b0e306d3b433,2026-08-01T06:25:02+00:00,854,235,144,82,7.499,573.0,20,fit:80de1342a3e9944829ab101957c8eddffd3d18cb805507bed707b0e306d3b433:segment:004,4,8190.0,7971,activities/108_260801060832.csv,1,1,0,0
fit:80de1342a3e9944829ab101957c8eddffd3d18cb805507bed707b0e306d3b433,2026-08-01T06:25:03+00:00,855,256,144,82,7.456,573.0,20,fit:80de1342a3e9944829ab101957c8eddffd3d18cb805507bed707b0e306d3b433:segment:004,4,8191.0,7972,activities/108_260801060832.csv,1,1,0,0
fit:80de1342a3e9944829ab101957c8eddffd3d18cb805507bed707b0e306d3b433,2026-08-01T06:25:04+00:00,856,231,144,82,7.371,573.0,20,fit:80de1342a3e9944829ab101957c8eddffd3d18cb805507bed707b0e306d3b433:segment:004,4,8192.0,7973,activities/108_260801060832.csv,1,1,0,0
fit:80de1342a3e9944829ab101957c8eddffd3d18cb805507bed707b0e306d3b433,2026-08-01T06:25:05+00:00,857,303,144,82,7.351,573.0,20,fit:80de1342a3e9944829ab101957c8eddffd3d18cb805507bed707b0e306d3b433:segment:004,4,8193.0,7974,activities/108_260801060832.csv,1,1,0,0
fit:80de1342a3e9944829ab101957c8eddffd3d18cb805507bed707b0e306d3b433,2026-08-01T06:25:06+00:00,858,250,144,82,7.349,573.0,20,fit:80de1342a3e9944829ab101957c8eddffd3d18cb805507bed707b0e306d3b433:segment:004,4,8194.0,7975,activities/108_260801060832.csv,1,1,0,0
fit:80de1342a3e9944829ab101957c8eddffd3d18cb805507bed707b0e306d3b433,2026-08-01T06:25:07+00:00,859,249,144,82,7.303,573.5999999999999,20,fit:80de1342a3e9944829ab101957c8eddffd3d18cb805507bed707b0e306d3b433:segment:004,4,8195.0,7976,activities/108_260801060832.csv,1,1,0,0
fit:80de1342a3e9944829ab101957c8eddffd3d18cb805507bed707b0e306d3b433,2026-08-01T06:25:08+00:00,860,230,144,82,7.273,573.8,20,fit:80de1342a3e9944829ab101957c8eddffd3d18cb805507bed707b0e306d3b433:segment:004,4,8196.0,7977,activities/108_260801060832.csv,1,1,0,0
fit:80de1342a3e9944829ab101957c8eddffd3d18cb805507bed707b0e306d3b433,2026-08-01T06:25:09+00:00,861,237,144,81,7.207,574.0,20,fit:80de1342a3e9944829ab101957c8eddffd3d18cb805507bed707b0e306d3b433:segment:004,4,8197.0,7978,activities/108_260801060832.csv,1,1,0,0
fit:80de1342a3e9944829ab101957c8eddffd3d18cb805507bed707b0e306d3b433,2026-08-01T06:25:10+00:00,862,232,144,81,7.182,574.2,20,fit:80de1342a3e9944829ab101957c8eddffd3d18cb805507bed707b0e306d3b433:segment:004,4,8198.0,7979,activities/108_260801060832.csv,1,1,0,0
fit:80de1342a3e9944829ab101957c8eddffd3d18cb805507bed707b0e306d3b433,2026-08-01T06:25:11+00:00,863,211,144,80,7.108,574.2,20,fit:80de1342a3e9944829ab101957c8eddffd3d18cb805507bed707b0e306d3b433:segment:004,4,8199.0,7980,activities/108_260801060832.csv,1,1,0,0
fit:80de1342a3e9944829ab101957c8eddffd3d18cb805507bed707b0e306d3b433,2026-08-01T06:25:12+00:00,864,268,144,79,7.092,574.2,20,fit:80de1342a3e9944829ab101957c8eddffd3d18cb805507bed707b0e306d3b433:segment:004,4,8200.0,7981,activities/108_260801060832.csv,1,1,0,0
fit:80de1342a3e9944829ab101957c8eddffd3d18cb805507bed707b0e306d3b433,2026-08-01T06:25:13+00:00,865,278,144,77,6.969,574.2,20,fit:80de1342a3e9944829ab101957c8eddffd3d18cb805507bed707b0e306d3b433:segment:004,4,8201.0,7982,activities/108_260801060832.csv,1,1,0,0
fit:80de1342a3e9944829ab101957c8eddffd3d18cb805507bed707b0e306d3b433,2026-08-01T06:25:14+00:00,866,157,144,77,6.892,574.8,20,fit:80de1342a3e9944829ab101957c8eddffd3d18cb805507bed707b0e306d3b433:segment:004,4,8202.0,7983,activities/108_260801060832.csv,1,1,0,0
fit:80de1342a3e9944829ab101957c8eddffd3d18cb805507bed707b0e306d3b433,2026-08-01T06:25:15+00:00,867,272,144,83,6.882,575.0,20,fit:80de1342a3e9944829ab101957c8eddffd3d18cb805507bed707b0e306d3b433:segment:004,4,8203.0,7984,activities/108_260801060832.csv,1,1,0,0
fit:80de1342a3e9944829ab101957c8eddffd3d18cb805507bed707b0e306d3b433,2026-08-01T06:25:16+00:00,868,259,145,83,6.829,575.4000000000001,20,fit:80de1342a3e9944829ab101957c8eddffd3d18cb805507bed707b0e306d3b433:segment:004,4,8204.0,7985,activities/108_260801060832.csv,1,1,0,0
fit:80de1342a3e9944829ab101957c8eddffd3d18cb805507bed707b0e306d3b433,2026-08-01T06:25:17+00:00,869,251,145,83,6.843,575.5999999999999,20,fit:80de1342a3e9944829ab101957c8eddffd3d18cb805507bed707b0e306d3b433:segment:004,4,8205.0,7986,activities/108_260801060832.csv,1,1,0,0
fit:80de1342a3e9944829ab101957c8eddffd3d18cb805507bed707b0e306d3b433,2026-08-01T06:25:18+00:00,870,252,145,83,6.799,575.5999999999999,20,fit:80de1342a3e9944829ab101957c8eddffd3d18cb805507bed707b0e306d3b433:segment:004,4,8206.0,7987,activities/108_260801060832.csv,1,1,0,0
fit:80de1342a3e9944829ab101957c8eddffd3d18cb805507bed707b0e306d3b433,2026-08-01T06:25:19+00:00,871,252,145,83,6.821,575.5999999999999,20,fit:80de1342a3e9944829ab101957c8eddffd3d18cb805507bed707b0e306d3b433:segment:004,4,8207.0,7988,activities/108_260801060832.csv,1,1,0,0
fit:80de1342a3e9944829ab101957c8eddffd3d18cb805507bed707b0e306d3b433,2026-08-01T06:25:20+00:00,872,250,145,83,6.675,575.5999999999999,20,fit:80de1342a3e9944829ab101957c8eddffd3d18cb805507bed707b0e306d3b433:segment:004,4,8208.0,7989,activities/108_260801060832.csv,1,1,0,0
fit:80de1342a3e9944829ab101957c8eddffd3d18cb805507bed707b0e306d3b433,2026-08-01T06:25:21+00:00,873,211,145,82,6.533,575.8,20,fit:80de1342a3e9944829ab101957c8eddffd3d18cb805507bed707b0e306d3b433:segment:004,4,8209.0,7990,activities/108_260801060832.csv,1,1,0,0
fit:80de1342a3e9944829ab101957c8eddffd3d18cb805507bed707b0e306d3b433,2026-08-01T06:25:22+00:00,874,238,145,82,6.497,576.2,20,fit:80de1342a3e9944829ab101957c8eddffd3d18cb805507bed707b0e306d3b433:segment:004,4,8210.0,7991,activities/108_260801060832.csv,1,1,0,0
fit:80de1342a3e9944829ab101957c8eddffd3d18cb805507bed707b0e306d3b433,2026-08-01T06:25:23+00:00,875,244,146,82,6.653,577.0,20,fit:80de1342a3e9944829ab101957c8eddffd3d18cb805507bed707b0e306d3b433:segment:004,4,8211.0,7992,activities/108_260801060832.csv,1,1,0,0
fit:80de1342a3e9944829ab101957c8eddffd3d18cb805507bed707b0e306d3b433,2026-08-01T06:25:24+00:00,876,227,146,82,6.836,577.0,20,fit:80de1342a3e9944829ab101957c8eddffd3d18cb805507bed707b0e306d3b433:segment:004,4,8212.0,7993,activities/108_260801060832.csv,1,1,0,0
fit:80de1342a3e9944829ab101957c8eddffd3d18cb805507bed707b0e306d3b433,2026-08-01T06:25:25+00:00,877,227,146,81,6.745,577.0,20,fit:80de1342a3e9944829ab101957c8eddffd3d18cb805507bed707b0e306d3b433:segment:004,4,8213.0,7994,activities/108_260801060832.csv,1,1,0,0
fit:80de1342a3e9944829ab101957c8eddffd3d18cb805507bed707b0e306d3b433,2026-08-01T06:25:26+00:00,878,261,146,83,6.691,577.0,20,fit:80de1342a3e9944829ab101957c8eddffd3d18cb805507bed707b0e306d3b433:segment:004,4,8214.0,7995,activities/108_260801060832.csv,1,1,0,0
fit:80de1342a3e9944829ab101957c8eddffd3d18cb805507bed707b0e306d3b433,2026-08-01T06:25:27+00:00,879,250,146,83,6.753,577.0,20,fit:80de1342a3e9944829ab101957c8eddffd3d18cb805507bed707b0e306d3b433:segment:004,4,8215.0,7996,activities/108_260801060832.csv,1,1,0,0
fit:80de1342a3e9944829ab101957c8eddffd3d18cb805507bed707b0e306d3b433,2026-08-01T06:25:28+00:00,880,206,147,83,6.765,577.8,20,fit:80de1342a3e9944829ab101957c8eddffd3d18cb805507bed707b0e306d3b433:segment:004,4,8216.0,7997,activities/108_260801060832.csv,1,1,0,0
fit:80de1342a3e9944829ab101957c8eddffd3d18cb805507bed707b0e306d3b433,2026-08-01T06:25:29+00:00,881,215,147,85,6.806,577.8,20,fit:80de1342a3e9944829ab101957c8eddffd3d18cb805507bed707b0e306d3b433:segment:004,4,8217.0,7998,activities/108_260801060832.csv,1,1,0,0
fit:80de1342a3e9944829ab101957c8eddffd3d18cb805507bed707b0e306d3b433,2026-08-01T06:25:30+00:00,882,236,147,84,6.912,577.8,20,fit:80de1342a3e9944829ab101957c8eddffd3d18cb805507bed707b0e306d3b433:segment:004,4,8218.0,7999,activities/108_260801060832.csv,1,1,0,0
fit:80de1342a3e9944829ab101957c8eddffd3d18cb805507bed707b0e306d3b433,2026-08-01T06:25:31+00:00,883,251,148,84,6.941,577.8,20,fit:80de1342a3e9944829ab101957c8eddffd3d18cb805507bed707b0e306d3b433:segment:004,4,8219.0,8000,activities/108_260801060832.csv,1,1,0,0
fit:80de1342a3e9944829ab101957c8eddffd3d18cb805507bed707b0e306d3b433,2026-08-01T06:25:32+00:00,884,223,149,84,6.884,577.8,20,fit:80de1342a3e9944829ab101957c8eddffd3d18cb805507bed707b0e306d3b433:segment:004,4,8220.0,8001,activities/108_260801060832.csv,1,1,0,0
fit:80de1342a3e9944829ab101957c8eddffd3d18cb805507bed707b0e306d3b433,2026-08-01T06:25:33+00:00,885,268,150,84,6.877,578.8,20,fit:80de1342a3e9944829ab101957c8eddffd3d18cb805507bed707b0e306d3b433:segment:004,4,8221.0,8002,activities/108_260801060832.csv,1,1,0,0
fit:80de1342a3e9944829ab101957c8eddffd3d18cb805507bed707b0e306d3b433,2026-08-01T06:25:34+00:00,886,299,150,85,6.512,578.8,20,fit:80de1342a3e9944829ab101957c8eddffd3d18cb805507bed707b0e306d3b433:segment:004,4,8222.0,8003,activities/108_260801060832.csv,1,1,0,0
fit:80de1342a3e9944829ab101957c8eddffd3d18cb805507bed707b0e306d3b433,2026-08-01T06:25:35+00:00,887,263,151,85,6.674,578.8,20,fit:80de1342a3e9944829ab101957c8eddffd3d18cb805507bed707b0e306d3b433:segment:004,4,8223.0,8004,activities/108_260801060832.csv,1,1,0,0
fit:80de1342a3e9944829ab101957c8eddffd3d18cb805507bed707b0e306d3b433,2026-08-01T06:25:36+00:00,888,269,151,85,6.609,578.8,20,fit:80de1342a3e9944829ab101957c8eddffd3d18cb805507bed707b0e306d3b433:segment:004,4,8224.0,8005,activities/108_260801060832.csv,1,1,0,0
fit:80de1342a3e9944829ab101957c8eddffd3d18cb805507bed707b0e306d3b433,2026-08-01T06:25:37+00:00,889,263,151,85,6.546,579.5999999999999,20,fit:80de1342a3e9944829ab101957c8eddffd3d18cb805507bed707b0e306d3b433:segment:004,4,8225.0,8006,activities/108_260801060832.csv,1,1,0,0
fit:80de1342a3e9944829ab101957c8eddffd3d18cb805507bed707b0e306d3b433,2026-08-01T06:25:38+00:00,890,281,151,83,6.618,580.0,20,fit:80de1342a3e9944829ab101957c8eddffd3d18cb805507bed707b0e306d3b433:segment:004,4,8226.0,8007,activities/108_260801060832.csv,1,1,0,0
fit:80de1342a3e9944829ab101957c8eddffd3d18cb805507bed707b0e306d3b433,2026-08-01T06:25:39+00:00,891,256,151,82,6.535,580.5999999999999,20,fit:80de1342a3e9944829ab101957c8eddffd3d18cb805507bed707b0e306d3b433:segment:004,4,8227.0,8008,activities/108_260801060832.csv,1,1,0,0
fit:80de1342a3e9944829ab101957c8eddffd3d18cb805507bed707b0e306d3b433,2026-08-01T06:25:40+00:00,892,271,152,81,6.652,580.5999999999999,20,fit:80de1342a3e9944829ab101957c8eddffd3d18cb805507bed707b0e306d3b433:segment:004,4,8228.0,8009,activities/108_260801060832.csv,1,1,0,0
fit:80de1342a3e9944829ab101957c8eddffd3d18cb805507bed707b0e306d3b433,2026-08-01T06:25:41+00:00,893,249,152,81,6.553,580.5999999999999,20,fit:80de1342a3e9944829ab101957c8eddffd3d18cb805507bed707b0e306d3b433:segment:004,4,8229.0,8010,activities/108_260801060832.csv,1,1,0,0
fit:80de1342a3e9944829ab101957c8eddffd3d18cb805507bed707b0e306d3b433,2026-08-01T06:25:42+00:00,894,252,152,80,6.544,580.5999999999999,20,fit:80de1342a3e9944829ab101957c8eddffd3d18cb805507bed707b0e306d3b433:segment:004,4,8230.0,8011,activities/108_260801060832.csv,1,1,0,0
fit:80de1342a3e9944829ab101957c8eddffd3d18cb805507bed707b0e306d3b433,2026-08-01T06:25:43+00:00,895,252,153,78,6.336,581.5999999999999,20,fit:80de1342a3e9944829ab101957c8eddffd3d18cb805507bed707b0e306d3b433:segment:004,4,8231.0,8012,activities/108_260801060832.csv,1,1,0,0
fit:80de1342a3e9944829ab101957c8eddffd3d18cb805507bed707b0e306d3b433,2026-08-01T06:25:44+00:00,896,259,153,77,6.182,581.8,20,fit:80de1342a3e9944829ab101957c8eddffd3d18cb805507bed707b0e306d3b433:segment:004,4,8232.0,8013,activities/108_260801060832.csv,1,1,0,0
fit:80de1342a3e9944829ab101957c8eddffd3d18cb805507bed707b0e306d3b433,2026-08-01T06:25:45+00:00,897,313,154,74,6.095,582.0,20,fit:80de1342a3e9944829ab101957c8eddffd3d18cb805507bed707b0e306d3b433:segment:004,4,8233.0,8014,activities/108_260801060832.csv,1,1,0,0
fit:80de1342a3e9944829ab101957c8eddffd3d18cb805507bed707b0e306d3b433,2026-08-01T06:25:46+00:00,898,315,155,74,5.95,582.2,20,fit:80de1342a3e9944829ab101957c8eddffd3d18cb805507bed707b0e306d3b433:segment:004,4,8234.0,8015,activities/108_260801060832.csv,1,1,0,0
fit:80de1342a3e9944829ab101957c8eddffd3d18cb805507bed707b0e306d3b433,2026-08-01T06:25:47+00:00,899,142,155,74,5.932,582.5999999999999,20,fit:80de1342a3e9944829ab101957c8eddffd3d18cb805507bed707b0e306d3b433:segment:004,4,8235.0,8016,activities/108_260801060832.csv,1,1,0,0
fit:80de1342a3e9944829ab101957c8eddffd3d18cb805507bed707b0e306d3b433,2026-08-01T06:25:48+00:00,900,275,156,75,5.95,583.4000000000001,20,fit:80de1342a3e9944829ab101957c8eddffd3d18cb805507bed707b0e306d3b433:segment:004,4,8236.0,8017,activities/108_260801060832.csv,1,1,0,0
fit:80de1342a3e9944829ab101957c8eddffd3d18cb805507bed707b0e306d3b433,2026-08-01T06:25:49+00:00,901,252,157,77,5.828,583.4000000000001,20,fit:80de1342a3e9944829ab101957c8eddffd3d18cb805507bed707b0e306d3b433:segment:004,4,8237.0,8018,activities/108_260801060832.csv,1,1,0,0
fit:80de1342a3e9944829ab101957c8eddffd3d18cb805507bed707b0e306d3b433,2026-08-01T06:25:50+00:00,902,252,157,75,5.651,584.0,20,fit:80de1342a3e9944829ab101957c8eddffd3d18cb805507bed707b0e306d3b433:segment:004,4,8238.0,8019,activities/108_260801060832.csv,1,1,0,0
fit:80de1342a3e9944829ab101957c8eddffd3d18cb805507bed707b0e306d3b433,2026-08-01T06:25:51+00:00,903,252,157,74,5.717,584.5999999999999,20,fit:80de1342a3e9944829ab101957c8eddffd3d18cb805507bed707b0e306d3b433:segment:004,4,8239.0,8020,activities/108_260801060832.csv,1,1,0,0
fit:80de1342a3e9944829ab101957c8eddffd3d18cb805507bed707b0e306d3b433,2026-08-01T06:25:52+00:00,904,253,157,74,5.579,584.5999999999999,20,fit:80de1342a3e9944829ab101957c8eddffd3d18cb805507bed707b0e306d3b433:segment:004,4,8240.0,8021,activities/108_260801060832.csv,1,1,0,0
fit:80de1342a3e9944829ab101957c8eddffd3d18cb805507bed707b0e306d3b433,2026-08-01T06:25:53+00:00,905,236,157,74,5.47,584.5999999999999,20,fit:80de1342a3e9944829ab101957c8eddffd3d18cb805507bed707b0e306d3b433:segment:004,4,8241.0,8022,activities/108_260801060832.csv,1,1,0,0
fit:80de1342a3e9944829ab101957c8eddffd3d18cb805507bed707b0e306d3b433,2026-08-01T06:25:54+00:00,906,212,156,74,5.375,584.2,20,fit:80de1342a3e9944829ab101957c8eddffd3d18cb805507bed707b0e306d3b433:segment:004,4,8242.0,8023,activities/108_260801060832.csv,1,1,0,0
fit:80de1342a3e9944829ab101957c8eddffd3d18cb805507bed707b0e306d3b433,2026-08-01T06:25:55+00:00,907,212,156,74,5.45,584.2,20,fit:80de1342a3e9944829ab101957c8eddffd3d18cb805507bed707b0e306d3b433:segment:004,4,8243.0,8024,activities/108_260801060832.csv,1,1,0,0
fit:80de1342a3e9944829ab101957c8eddffd3d18cb805507bed707b0e306d3b433,2026-08-01T06:25:56+00:00,908,219,156,75,5.47,584.2,20,fit:80de1342a3e9944829ab101957c8eddffd3d18cb805507bed707b0e306d3b433:segment:004,4,8244.0,8025,activities/108_260801060832.csv,1,1,0,0
fit:80de1342a3e9944829ab101957c8eddffd3d18cb805507bed707b0e306d3b433,2026-08-01T06:25:57+00:00,909,216,156,76,5.377,584.8,20,fit:80de1342a3e9944829ab101957c8eddffd3d18cb805507bed707b0e306d3b433:segment:004,4,8245.0,8026,activities/108_260801060832.csv,1,1,0,0
fit:80de1342a3e9944829ab101957c8eddffd3d18cb805507bed707b0e306d3b433,2026-08-01T06:25:58+00:00,910,222,156,77,5.425,585.2,20,fit:80de1342a3e9944829ab101957c8eddffd3d18cb805507bed707b0e306d3b433:segment:004,4,8246.0,8027,activities/108_260801060832.csv,1,1,0,0
fit:80de1342a3e9944829ab101957c8eddffd3d18cb805507bed707b0e306d3b433,2026-08-01T06:25:59+00:00,911,222,156,79,5.645,585.2,20,fit:80de1342a3e9944829ab101957c8eddffd3d18cb805507bed707b0e306d3b433:segment:004,4,8247.0,8028,activities/108_260801060832.csv,1,1,0,0
fit:80de1342a3e9944829ab101957c8eddffd3d18cb805507bed707b0e306d3b433,2026-08-01T06:26:00+00:00,912,195,156,80,5.72,585.2,20,fit:80de1342a3e9944829ab101957c8eddffd3d18cb805507bed707b0e306d3b433:segment:004,4,8248.0,8029,activities/108_260801060832.csv,1,1,0,0
fit:80de1342a3e9944829ab101957c8eddffd3d18cb805507bed707b0e306d3b433,2026-08-01T06:26:01+00:00,913,202,156,80,5.837,585.2,20,fit:80de1342a3e9944829ab101957c8eddffd3d18cb805507bed707b0e306d3b433:segment:004,4,8249.0,8030,activities/108_260801060832.csv,1,1,0,0
fit:80de1342a3e9944829ab101957c8eddffd3d18cb805507bed707b0e306d3b433,2026-08-01T06:26:02+00:00,914,186,156,81,6.074,585.2,20,fit:80de1342a3e9944829ab101957c8eddffd3d18cb805507bed707b0e306d3b433:segment:004,4,8250.0,8031,activities/108_260801060832.csv,1,1,0,0
fit:80de1342a3e9944829ab101957c8eddffd3d18cb805507bed707b0e306d3b433,2026-08-01T06:26:03+00:00,915,186,156,81,6.087,585.8,20,fit:80de1342a3e9944829ab101957c8eddffd3d18cb805507bed707b0e306d3b433:segment:004,4,8251.0,8032,activities/108_260801060832.csv,1,1,0,0
fit:80de1342a3e9944829ab101957c8eddffd3d18cb805507bed707b0e306d3b433,2026-08-01T06:26:04+00:00,916,201,156,80,6.176,585.8,20,fit:80de1342a3e9944829ab101957c8eddffd3d18cb805507bed707b0e306d3b433:segment:004,4,8252.0,8033,activities/108_260801060832.csv,1,1,0,0
fit:80de1342a3e9944829ab101957c8eddffd3d18cb805507bed707b0e306d3b433,2026-08-01T06:26:05+00:00,917,202,155,80,6.053,585.8,20,fit:80de1342a3e9944829ab101957c8eddffd3d18cb805507bed707b0e306d3b433:segment:004,4,8253.0,8034,activities/108_260801060832.csv,1,1,0,0
fit:80de1342a3e9944829ab101957c8eddffd3d18cb805507bed707b0e306d3b433,2026-08-01T06:26:06+00:00,918,189,155,81,6.048,585.8,20,fit:80de1342a3e9944829ab101957c8eddffd3d18cb805507bed707b0e306d3b433:segment:004,4,8254.0,8035,activities/108_260801060832.csv,1,1,0,0
fit:80de1342a3e9944829ab101957c8eddffd3d18cb805507bed707b0e306d3b433,2026-08-01T06:26:07+00:00,919,184,155,81,6.058,585.8,20,fit:80de1342a3e9944829ab101957c8eddffd3d18cb805507bed707b0e306d3b433:segment:004,4,8255.0,8036,activities/108_260801060832.csv,1,1,0,0
fit:80de1342a3e9944829ab101957c8eddffd3d18cb805507bed707b0e306d3b433,2026-08-01T06:26:08+00:00,920,203,154,80,6.005,585.8,20,fit:80de1342a3e9944829ab101957c8eddffd3d18cb805507bed707b0e306d3b433:segment:004,4,8256.0,8037,activities/108_260801060832.csv,1,1,0,0
fit:80de1342a3e9944829ab101957c8eddffd3d18cb805507bed707b0e306d3b433,2026-08-01T06:26:09+00:00,921,170,154,81,6.119,585.8,20,fit:80de1342a3e9944829ab101957c8eddffd3d18cb805507bed707b0e306d3b433:segment:004,4,8257.0,8038,activities/108_260801060832.csv,1,1,0,0
fit:80de1342a3e9944829ab101957c8eddffd3d18cb805507bed707b0e306d3b433,2026-08-01T06:26:10+00:00,922,170,154,81,6.095,585.8,20,fit:80de1342a3e9944829ab101957c8eddffd3d18cb805507bed707b0e306d3b433:segment:004,4,8258.0,8039,activities/108_260801060832.csv,1,1,0,0
fit:80de1342a3e9944829ab101957c8eddffd3d18cb805507bed707b0e306d3b433,2026-08-01T06:26:11+00:00,923,220,152,81,6.054,585.8,20,fit:80de1342a3e9944829ab101957c8eddffd3d18cb805507bed707b0e306d3b433:segment:004,4,8259.0,8040,activities/108_260801060832.csv,1,1,0,0
fit:80de1342a3e9944829ab101957c8eddffd3d18cb805507bed707b0e306d3b433,2026-08-01T06:26:12+00:00,924,203,152,80,6.103,586.8,20,fit:80de1342a3e9944829ab101957c8eddffd3d18cb805507bed707b0e306d3b433:segment:004,4,8260.0,8041,activities/108_260801060832.csv,1,1,0,0
fit:80de1342a3e9944829ab101957c8eddffd3d18cb805507bed707b0e306d3b433,2026-08-01T06:26:13+00:00,925,219,152,82,5.671,586.8,20,fit:80de1342a3e9944829ab101957c8eddffd3d18cb805507bed707b0e306d3b433:segment:004,4,8261.0,8042,activities/108_260801060832.csv,1,1,0,0
fit:80de1342a3e9944829ab101957c8eddffd3d18cb805507bed707b0e306d3b433,2026-08-01T06:26:14+00:00,926,203,152,82,5.695,586.8,20,fit:80de1342a3e9944829ab101957c8eddffd3d18cb805507bed707b0e306d3b433:segment:004,4,8262.0,8043,activities/108_260801060832.csv,1,1,0,0
fit:80de1342a3e9944829ab101957c8eddffd3d18cb805507bed707b0e306d3b433,2026-08-01T06:26:15+00:00,927,235,151,82,5.815,586.8,20,fit:80de1342a3e9944829ab101957c8eddffd3d18cb805507bed707b0e306d3b433:segment:004,4,8263.0,8044,activities/108_260801060832.csv,1,1,0,0
fit:80de1342a3e9944829ab101957c8eddffd3d18cb805507bed707b0e306d3b433,2026-08-01T06:26:16+00:00,928,233,151,82,5.959,586.8,20,fit:80de1342a3e9944829ab101957c8eddffd3d18cb805507bed707b0e306d3b433:segment:004,4,8264.0,8045,activities/108_260801060832.csv,1,1,0,0
fit:80de1342a3e9944829ab101957c8eddffd3d18cb805507bed707b0e306d3b433,2026-08-01T06:26:17+00:00,929,230,151,81,5.984,586.8,20,fit:80de1342a3e9944829ab101957c8eddffd3d18cb805507bed707b0e306d3b433:segment:004,4,8265.0,8046,activities/108_260801060832.csv,1,1,0,0
fit:80de1342a3e9944829ab101957c8eddffd3d18cb805507bed707b0e306d3b433,2026-08-01T06:26:18+00:00,930,230,151,81,5.965,587.8,20,fit:80de1342a3e9944829ab101957c8eddffd3d18cb805507bed707b0e306d3b433:segment:004,4,8266.0,8047,activities/108_260801060832.csv,1,1,0,0
fit:80de1342a3e9944829ab101957c8eddffd3d18cb805507bed707b0e306d3b433,2026-08-01T06:26:19+00:00,931,230,151,81,5.978,587.8,20,fit:80de1342a3e9944829ab101957c8eddffd3d18cb805507bed707b0e306d3b433:segment:004,4,8267.0,8048,activities/108_260801060832.csv,1,1,0,0
fit:80de1342a3e9944829ab101957c8eddffd3d18cb805507bed707b0e306d3b433,2026-08-01T06:26:20+00:00,932,260,151,81,5.872,587.8,20,fit:80de1342a3e9944829ab101957c8eddffd3d18cb805507bed707b0e306d3b433:segment:004,4,8268.0,8049,activities/108_260801060832.csv,1,1,0,0
fit:80de1342a3e9944829ab101957c8eddffd3d18cb805507bed707b0e306d3b433,2026-08-01T06:26:21+00:00,933,258,150,81,5.851,587.8,20,fit:80de1342a3e9944829ab101957c8eddffd3d18cb805507bed707b0e306d3b433:segment:004,4,8269.0,8050,activities/108_260801060832.csv,1,1,0,0
fit:80de1342a3e9944829ab101957c8eddffd3d18cb805507bed707b0e306d3b433,2026-08-01T06:26:22+00:00,934,263,150,81,5.896,587.8,20,fit:80de1342a3e9944829ab101957c8eddffd3d18cb805507bed707b0e306d3b433:segment:004,4,8270.0,8051,activities/108_260801060832.csv,1,1,0,0
fit:80de1342a3e9944829ab101957c8eddffd3d18cb805507bed707b0e306d3b433,2026-08-01T06:26:23+00:00,935,300,150,82,5.895,587.8,20,fit:80de1342a3e9944829ab101957c8eddffd3d18cb805507bed707b0e306d3b433:segment:004,4,8271.0,8052,activities/108_260801060832.csv,1,1,0,0
fit:80de1342a3e9944829ab101957c8eddffd3d18cb805507bed707b0e306d3b433,2026-08-01T06:26:24+00:00,936,284,150,82,6.099,587.8,20,fit:80de1342a3e9944829ab101957c8eddffd3d18cb805507bed707b0e306d3b433:segment:004,4,8272.0,8053,activities/108_260801060832.csv,1,1,0,0
fit:80de1342a3e9944829ab101957c8eddffd3d18cb805507bed707b0e306d3b433,2026-08-01T06:26:25+00:00,937,284,150,82,5.878,588.8,20,fit:80de1342a3e9944829ab101957c8eddffd3d18cb805507bed707b0e306d3b433:segment:004,4,8273.0,8054,activities/108_260801060832.csv,1,1,0,0
fit:80de1342a3e9944829ab101957c8eddffd3d18cb805507bed707b0e306d3b433,2026-08-01T06:26:26+00:00,938,250,151,82,5.881,589.2,20,fit:80de1342a3e9944829ab101957c8eddffd3d18cb805507bed707b0e306d3b433:segment:004,4,8274.0,8055,activities/108_260801060832.csv,1,1,0,0
fit:80de1342a3e9944829ab101957c8eddffd3d18cb805507bed707b0e306d3b433,2026-08-01T06:26:27+00:00,939,226,151,82,5.705,589.4000000000001,20,fit:80de1342a3e9944829ab101957c8eddffd3d18cb805507bed707b0e306d3b433:segment:004,4,8275.0,8056,activities/108_260801060832.csv,1,1,0,0
fit:80de1342a3e9944829ab101957c8eddffd3d18cb805507bed707b0e306d3b433,2026-08-01T06:26:28+00:00,940,264,152,81,5.979,589.8,20,fit:80de1342a3e9944829ab101957c8eddffd3d18cb805507bed707b0e306d3b433:segment:004,4,8276.0,8057,activities/108_260801060832.csv,1,1,0,0
fit:80de1342a3e9944829ab101957c8eddffd3d18cb805507bed707b0e306d3b433,2026-08-01T06:26:29+00:00,941,239,153,80,5.682,590.4000000000001,20,fit:80de1342a3e9944829ab101957c8eddffd3d18cb805507bed707b0e306d3b433:segment:004,4,8277.0,8058,activities/108_260801060832.csv,1,1,0,0
fit:80de1342a3e9944829ab101957c8eddffd3d18cb805507bed707b0e306d3b433,2026-08-01T06:26:30+00:00,942,276,153,80,5.541,590.4000000000001,20,fit:80de1342a3e9944829ab101957c8eddffd3d18cb805507bed707b0e306d3b433:segment:004,4,8278.0,8059,activities/108_260801060832.csv,1,1,0,0
fit:80de1342a3e9944829ab101957c8eddffd3d18cb805507bed707b0e306d3b433,2026-08-01T06:26:31+00:00,943,232,154,79,5.687,590.4000000000001,20,fit:80de1342a3e9944829ab101957c8eddffd3d18cb805507bed707b0e306d3b433:segment:004,4,8279.0,8060,activities/108_260801060832.csv,1,1,0,0
fit:80de1342a3e9944829ab101957c8eddffd3d18cb805507bed707b0e306d3b433,2026-08-01T06:26:32+00:00,944,201,154,79,5.82,590.4000000000001,20,fit:80de1342a3e9944829ab101957c8eddffd3d18cb805507bed707b0e306d3b433:segment:004,4,8280.0,8061,activities/108_260801060832.csv,1,1,0,0
fit:80de1342a3e9944829ab101957c8eddffd3d18cb805507bed707b0e306d3b433,2026-08-01T06:26:33+00:00,945,263,154,80,5.845,590.4000000000001,20,fit:80de1342a3e9944829ab101957c8eddffd3d18cb805507bed707b0e306d3b433:segment:004,4,8281.0,8062,activities/108_260801060832.csv,1,1,0,0
fit:80de1342a3e9944829ab101957c8eddffd3d18cb805507bed707b0e306d3b433,2026-08-01T06:26:34+00:00,946,257,154,81,5.865,590.4000000000001,20,fit:80de1342a3e9944829ab101957c8eddffd3d18cb805507bed707b0e306d3b433:segment:004,4,8282.0,8063,activities/108_260801060832.csv,1,1,0,0
fit:80de1342a3e9944829ab101957c8eddffd3d18cb805507bed707b0e306d3b433,2026-08-01T06:26:35+00:00,947,256,155,80,5.811,590.4000000000001,20,fit:80de1342a3e9944829ab101957c8eddffd3d18cb805507bed707b0e306d3b433:segment:004,4,8283.0,8064,activities/108_260801060832.csv,1,1,0,0
fit:80de1342a3e9944829ab101957c8eddffd3d18cb805507bed707b0e306d3b433,2026-08-01T06:26:36+00:00,948,241,155,80,5.83,591.4000000000001,20,fit:80de1342a3e9944829ab101957c8eddffd3d18cb805507bed707b0e306d3b433:segment:004,4,8284.0,8065,activities/108_260801060832.csv,1,1,0,0
fit:80de1342a3e9944829ab101957c8eddffd3d18cb805507bed707b0e306d3b433,2026-08-01T06:26:37+00:00,949,233,155,80,6.02,591.4000000000001,20,fit:80de1342a3e9944829ab101957c8eddffd3d18cb805507bed707b0e306d3b433:segment:004,4,8285.0,8066,activities/108_260801060832.csv,1,1,0,0
fit:80de1342a3e9944829ab101957c8eddffd3d18cb805507bed707b0e306d3b433,2026-08-01T06:26:38+00:00,950,213,156,80,6.075,591.4000000000001,20,fit:80de1342a3e9944829ab101957c8eddffd3d18cb805507bed707b0e306d3b433:segment:004,4,8286.0,8067,activities/108_260801060832.csv,1,1,0,0
fit:80de1342a3e9944829ab101957c8eddffd3d18cb805507bed707b0e306d3b433,2026-08-01T06:26:39+00:00,951,235,156,81,5.987,591.4000000000001,20,fit:80de1342a3e9944829ab101957c8eddffd3d18cb805507bed707b0e306d3b433:segment:004,4,8287.0,8068,activities/108_260801060832.csv,1,1,0,0
fit:80de1342a3e9944829ab101957c8eddffd3d18cb805507bed707b0e306d3b433,2026-08-01T06:26:40+00:00,952,236,156,82,6.02,591.4000000000001,20,fit:80de1342a3e9944829ab101957c8eddffd3d18cb805507bed707b0e306d3b433:segment:004,4,8288.0,8069,activities/108_260801060832.csv,1,1,0,0
fit:80de1342a3e9944829ab101957c8eddffd3d18cb805507bed707b0e306d3b433,2026-08-01T06:26:41+00:00,953,245,156,82,5.951,592.2,20,fit:80de1342a3e9944829ab101957c8eddffd3d18cb805507bed707b0e306d3b433:segment:004,4,8289.0,8070,activities/108_260801060832.csv,1,1,0,0
fit:80de1342a3e9944829ab101957c8eddffd3d18cb805507bed707b0e306d3b433,2026-08-01T06:26:42+00:00,954,233,156,82,5.991,592.2,20,fit:80de1342a3e9944829ab101957c8eddffd3d18cb805507bed707b0e306d3b433:segment:004,4,8290.0,8071,activities/108_260801060832.csv,1,1,0,0
fit:80de1342a3e9944829ab101957c8eddffd3d18cb805507bed707b0e306d3b433,2026-08-01T06:26:43+00:00,955,232,156,82,5.908,592.2,20,fit:80de1342a3e9944829ab101957c8eddffd3d18cb805507bed707b0e306d3b433:segment:004,4,8291.0,8072,activities/108_260801060832.csv,1,1,0,0
fit:80de1342a3e9944829ab101957c8eddffd3d18cb805507bed707b0e306d3b433,2026-08-01T06:26:44+00:00,956,226,156,82,5.959,592.2,20,fit:80de1342a3e9944829ab101957c8eddffd3d18cb805507bed707b0e306d3b433:segment:004,4,8292.0,8073,activities/108_260801060832.csv,1,1,0,0
fit:80de1342a3e9944829ab101957c8eddffd3d18cb805507bed707b0e306d3b433,2026-08-01T06:26:45+00:00,957,227,155,82,6.111,592.2,20,fit:80de1342a3e9944829ab101957c8eddffd3d18cb805507bed707b0e306d3b433:segment:004,4,8293.0,8074,activities/108_260801060832.csv,1,1,0,0
fit:80de1342a3e9944829ab101957c8eddffd3d18cb805507bed707b0e306d3b433,2026-08-01T06:26:46+00:00,958,220,155,82,6.16,593.0,20,fit:80de1342a3e9944829ab101957c8eddffd3d18cb805507bed707b0e306d3b433:segment:004,4,8294.0,8075,activities/108_260801060832.csv,1,1,0,0
fit:80de1342a3e9944829ab101957c8eddffd3d18cb805507bed707b0e306d3b433,2026-08-01T06:26:47+00:00,959,217,155,83,6.242,594.0,20,fit:80de1342a3e9944829ab101957c8eddffd3d18cb805507bed707b0e306d3b433:segment:004,4,8295.0,8076,activities/108_260801060832.csv,1,1,0,0
fit:80de1342a3e9944829ab101957c8eddffd3d18cb805507bed707b0e306d3b433,2026-08-01T06:26:48+00:00,960,222,154,83,6.224,594.0,20,fit:80de1342a3e9944829ab101957c8eddffd3d18cb805507bed707b0e306d3b433:segment:004,4,8296.0,8077,activities/108_260801060832.csv,1,1,0,0
fit:80de1342a3e9944829ab101957c8eddffd3d18cb805507bed707b0e306d3b433,2026-08-01T06:26:49+00:00,961,223,153,83,6.18,594.0,20,fit:80de1342a3e9944829ab101957c8eddffd3d18cb805507bed707b0e306d3b433:segment:004,4,8297.0,8078,activities/108_260801060832.csv,1,1,0,0
fit:80de1342a3e9944829ab101957c8eddffd3d18cb805507bed707b0e306d3b433,2026-08-01T06:26:50+00:00,962,212,153,83,6.164,593.5999999999999,20,fit:80de1342a3e9944829ab101957c8eddffd3d18cb805507bed707b0e306d3b433:segment:004,4,8298.0,8079,activities/108_260801060832.csv,1,1,0,0
fit:80de1342a3e9944829ab101957c8eddffd3d18cb805507bed707b0e306d3b433,2026-08-01T06:26:51+00:00,963,204,153,82,6.02,593.4000000000001,20,fit:80de1342a3e9944829ab101957c8eddffd3d18cb805507bed707b0e306d3b433:segment:004,4,8299.0,8080,activities/108_260801060832.csv,1,1,0,0
fit:80de1342a3e9944829ab101957c8eddffd3d18cb805507bed707b0e306d3b433,2026-08-01T06:26:52+00:00,964,207,153,82,6.013,593.4000000000001,20,fit:80de1342a3e9944829ab101957c8eddffd3d18cb805507bed707b0e306d3b433:segment:004,4,8300.0,8081,activities/108_260801060832.csv,1,1,0,0
fit:80de1342a3e9944829ab101957c8eddffd3d18cb805507bed707b0e306d3b433,2026-08-01T06:26:53+00:00,965,203,152,82,6.08,593.4000000000001,20,fit:80de1342a3e9944829ab101957c8eddffd3d18cb805507bed707b0e306d3b433:segment:004,4,8301.0,8082,activities/108_260801060832.csv,1,1,0,0
fit:80de1342a3e9944829ab101957c8eddffd3d18cb805507bed707b0e306d3b433,2026-08-01T06:26:54+00:00,966,207,152,82,6.169,594.4000000000001,20,fit:80de1342a3e9944829ab101957c8eddffd3d18cb805507bed707b0e306d3b433:segment:004,4,8302.0,8083,activities/108_260801060832.csv,1,1,0,0
fit:80de1342a3e9944829ab101957c8eddffd3d18cb805507bed707b0e306d3b433,2026-08-01T06:26:55+00:00,967,208,152,82,6.057,594.5999999999999,20,fit:80de1342a3e9944829ab101957c8eddffd3d18cb805507bed707b0e306d3b433:segment:004,4,8303.0,8084,activities/108_260801060832.csv,1,1,0,0
fit:80de1342a3e9944829ab101957c8eddffd3d18cb805507bed707b0e306d3b433,2026-08-01T06:26:56+00:00,968,211,152,82,6.062,594.5999999999999,20,fit:80de1342a3e9944829ab101957c8eddffd3d18cb805507bed707b0e306d3b433:segment:004,4,8304.0,8085,activities/108_260801060832.csv,1,1,0,0
fit:80de1342a3e9944829ab101957c8eddffd3d18cb805507bed707b0e306d3b433,2026-08-01T06:26:57+00:00,969,228,152,81,6.064,594.5999999999999,20,fit:80de1342a3e9944829ab101957c8eddffd3d18cb805507bed707b0e306d3b433:segment:004,4,8305.0,8086,activities/108_260801060832.csv,1,1,0,0
fit:80de1342a3e9944829ab101957c8eddffd3d18cb805507bed707b0e306d3b433,2026-08-01T06:26:58+00:00,970,213,152,82,6.17,594.5999999999999,20,fit:80de1342a3e9944829ab101957c8eddffd3d18cb805507bed707b0e306d3b433:segment:004,4,8306.0,8087,activities/108_260801060832.csv,1,1,0,0
fit:80de1342a3e9944829ab101957c8eddffd3d18cb805507bed707b0e306d3b433,2026-08-01T06:26:59+00:00,971,190,152,82,6.002,594.5999999999999,20,fit:80de1342a3e9944829ab101957c8eddffd3d18cb805507bed707b0e306d3b433:segment:004,4,8307.0,8088,activities/108_260801060832.csv,1,1,0,0
fit:80de1342a3e9944829ab101957c8eddffd3d18cb805507bed707b0e306d3b433,2026-08-01T06:27:00+00:00,972,189,152,82,5.977,594.5999999999999,20,fit:80de1342a3e9944829ab101957c8eddffd3d18cb805507bed707b0e306d3b433:segment:004,4,8308.0,8089,activities/108_260801060832.csv,1,1,0,0
fit:80de1342a3e9944829ab101957c8eddffd3d18cb805507bed707b0e306d3b433,2026-08-01T06:27:01+00:00,973,192,152,82,5.97,595.5999999999999,20,fit:80de1342a3e9944829ab101957c8eddffd3d18cb805507bed707b0e306d3b433:segment:004,4,8309.0,8090,activities/108_260801060832.csv,1,1,0,0
fit:80de1342a3e9944829ab101957c8eddffd3d18cb805507bed707b0e306d3b433,2026-08-01T06:27:02+00:00,974,201,152,82,6.024,595.5999999999999,20,fit:80de1342a3e9944829ab101957c8eddffd3d18cb805507bed707b0e306d3b433:segment:004,4,8310.0,8091,activities/108_260801060832.csv,1,1,0,0
fit:80de1342a3e9944829ab101957c8eddffd3d18cb805507bed707b0e306d3b433,2026-08-01T06:27:03+00:00,975,169,152,82,6.078,595.5999999999999,20,fit:80de1342a3e9944829ab101957c8eddffd3d18cb805507bed707b0e306d3b433:segment:004,4,8311.0,8092,activities/108_260801060832.csv,1,1,0,0
fit:80de1342a3e9944829ab101957c8eddffd3d18cb805507bed707b0e306d3b433,2026-08-01T06:27:04+00:00,976,155,151,83,6.125,595.5999999999999,20,fit:80de1342a3e9944829ab101957c8eddffd3d18cb805507bed707b0e306d3b433:segment:004,4,8312.0,8093,activities/108_260801060832.csv,1,1,0,0
fit:80de1342a3e9944829ab101957c8eddffd3d18cb805507bed707b0e306d3b433,2026-08-01T06:27:05+00:00,977,177,151,83,6.0,595.8,20,fit:80de1342a3e9944829ab101957c8eddffd3d18cb805507bed707b0e306d3b433:segment:004,4,8313.0,8094,activities/108_260801060832.csv,1,1,0,0
fit:80de1342a3e9944829ab101957c8eddffd3d18cb805507bed707b0e306d3b433,2026-08-01T06:27:06+00:00,978,150,151,82,6.096,595.8,20,fit:80de1342a3e9944829ab101957c8eddffd3d18cb805507bed707b0e306d3b433:segment:004,4,8314.0,8095,activities/108_260801060832.csv,1,1,0,0
fit:80de1342a3e9944829ab101957c8eddffd3d18cb805507bed707b0e306d3b433,2026-08-01T06:27:07+00:00,979,139,150,82,6.118,595.8,20,fit:80de1342a3e9944829ab101957c8eddffd3d18cb805507bed707b0e306d3b433:segment:004,4,8315.0,8096,activities/108_260801060832.csv,1,1,0,0
fit:80de1342a3e9944829ab101957c8eddffd3d18cb805507bed707b0e306d3b433,2026-08-01T06:27:08+00:00,980,145,150,83,6.108,595.8,20,fit:80de1342a3e9944829ab101957c8eddffd3d18cb805507bed707b0e306d3b433:segment:004,4,8316.0,8097,activities/108_260801060832.csv,1,1,0,0
fit:80de1342a3e9944829ab101957c8eddffd3d18cb805507bed707b0e306d3b433,2026-08-01T06:27:09+00:00,981,133,150,85,6.166,595.8,20,fit:80de1342a3e9944829ab101957c8eddffd3d18cb805507bed707b0e306d3b433:segment:004,4,8317.0,8098,activities/108_260801060832.csv,1,1,0,0
fit:80de1342a3e9944829ab101957c8eddffd3d18cb805507bed707b0e306d3b433,2026-08-01T06:27:10+00:00,982,125,150,86,5.901,595.8,20,fit:80de1342a3e9944829ab101957c8eddffd3d18cb805507bed707b0e306d3b433:segment:004,4,8318.0,8099,activities/108_260801060832.csv,1,1,0,0
fit:80de1342a3e9944829ab101957c8eddffd3d18cb805507bed707b0e306d3b433,2026-08-01T06:27:11+00:00,983,112,149,88,6.322,595.8,20,fit:80de1342a3e9944829ab101957c8eddffd3d18cb805507bed707b0e306d3b433:segment:004,4,8319.0,8100,activities/108_260801060832.csv,1,1,0,0
fit:80de1342a3e9944829ab101957c8eddffd3d18cb805507bed707b0e306d3b433,2026-08-01T06:27:12+00:00,984,118,149,89,6.45,596.5999999999999,20,fit:80de1342a3e9944829ab101957c8eddffd3d18cb805507bed707b0e306d3b433:segment:004,4,8320.0,8101,activities/108_260801060832.csv,1,1,0,0
fit:80de1342a3e9944829ab101957c8eddffd3d18cb805507bed707b0e306d3b433,2026-08-01T06:27:13+00:00,985,113,149,90,6.505,596.5999999999999,20,fit:80de1342a3e9944829ab101957c8eddffd3d18cb805507bed707b0e306d3b433:segment:004,4,8321.0,8102,activities/108_260801060832.csv,1,1,0,0
fit:80de1342a3e9944829ab101957c8eddffd3d18cb805507bed707b0e306d3b433,2026-08-01T06:27:14+00:00,986,122,149,91,6.621,596.5999999999999,20,fit:80de1342a3e9944829ab101957c8eddffd3d18cb805507bed707b0e306d3b433:segment:004,4,8322.0,8103,activities/108_260801060832.csv,1,1,0,0
fit:80de1342a3e9944829ab101957c8eddffd3d18cb805507bed707b0e306d3b433,2026-08-01T06:27:15+00:00,987,124,148,92,6.796,596.0,20,fit:80de1342a3e9944829ab101957c8eddffd3d18cb805507bed707b0e306d3b433:segment:004,4,8323.0,8104,activities/108_260801060832.csv,1,1,0,0
fit:80de1342a3e9944829ab101957c8eddffd3d18cb805507bed707b0e306d3b433,2026-08-01T06:27:16+00:00,988,125,147,91,6.822,596.0,20,fit:80de1342a3e9944829ab101957c8eddffd3d18cb805507bed707b0e306d3b433:segment:004,4,8324.0,8105,activities/108_260801060832.csv,1,1,0,0
fit:80de1342a3e9944829ab101957c8eddffd3d18cb805507bed707b0e306d3b433,2026-08-01T06:27:17+00:00,989,125,147,91,6.832,596.0,20,fit:80de1342a3e9944829ab101957c8eddffd3d18cb805507bed707b0e306d3b433:segment:004,4,8325.0,8106,activities/108_260801060832.csv,1,1,0,0
fit:80de1342a3e9944829ab101957c8eddffd3d18cb805507bed707b0e306d3b433,2026-08-01T06:27:18+00:00,990,138,146,91,6.813,596.0,20,fit:80de1342a3e9944829ab101957c8eddffd3d18cb805507bed707b0e306d3b433:segment:004,4,8326.0,8107,activities/108_260801060832.csv,1,1,0,0
fit:80de1342a3e9944829ab101957c8eddffd3d18cb805507bed707b0e306d3b433,2026-08-01T06:27:19+00:00,991,161,146,91,6.839,596.0,20,fit:80de1342a3e9944829ab101957c8eddffd3d18cb805507bed707b0e306d3b433:segment:004,4,8327.0,8108,activities/108_260801060832.csv,1,1,0,0
fit:80de1342a3e9944829ab101957c8eddffd3d18cb805507bed707b0e306d3b433,2026-08-01T06:27:20+00:00,992,161,145,91,6.827,596.0,20,fit:80de1342a3e9944829ab101957c8eddffd3d18cb805507bed707b0e306d3b433:segment:004,4,8328.0,8109,activities/108_260801060832.csv,1,1,0,0
fit:80de1342a3e9944829ab101957c8eddffd3d18cb805507bed707b0e306d3b433,2026-08-01T06:27:21+00:00,993,150,144,91,6.777,596.0,20,fit:80de1342a3e9944829ab101957c8eddffd3d18cb805507bed707b0e306d3b433:segment:004,4,8329.0,8110,activities/108_260801060832.csv,1,1,0,0
fit:80de1342a3e9944829ab101957c8eddffd3d18cb805507bed707b0e306d3b433,2026-08-01T06:27:22+00:00,994,175,144,90,6.76,596.0,20,fit:80de1342a3e9944829ab101957c8eddffd3d18cb805507bed707b0e306d3b433:segment:004,4,8330.0,8111,activities/108_260801060832.csv,1,1,0,0
fit:80de1342a3e9944829ab101957c8eddffd3d18cb805507bed707b0e306d3b433,2026-08-01T06:27:23+00:00,995,184,144,89,6.783,596.0,20,fit:80de1342a3e9944829ab101957c8eddffd3d18cb805507bed707b0e306d3b433:segment:004,4,8331.0,8112,activities/108_260801060832.csv,1,1,0,0
fit:80de1342a3e9944829ab101957c8eddffd3d18cb805507bed707b0e306d3b433,2026-08-01T06:27:24+00:00,996,184,144,89,6.812,597.0,20,fit:80de1342a3e9944829ab101957c8eddffd3d18cb805507bed707b0e306d3b433:segment:004,4,8332.0,8113,activities/108_260801060832.csv,1,1,0,0
fit:80de1342a3e9944829ab101957c8eddffd3d18cb805507bed707b0e306d3b433,2026-08-01T06:27:25+00:00,997,182,144,88,6.696,597.2,20,fit:80de1342a3e9944829ab101957c8eddffd3d18cb805507bed707b0e306d3b433:segment:004,4,8333.0,8114,activities/108_260801060832.csv,1,1,0,0
fit:80de1342a3e9944829ab101957c8eddffd3d18cb805507bed707b0e306d3b433,2026-08-01T06:27:26+00:00,998,178,144,88,6.556,597.2,20,fit:80de1342a3e9944829ab101957c8eddffd3d18cb805507bed707b0e306d3b433:segment:004,4,8334.0,8115,activities/108_260801060832.csv,1,1,0,0
fit:80de1342a3e9944829ab101957c8eddffd3d18cb805507bed707b0e306d3b433,2026-08-01T06:27:27+00:00,999,175,144,87,6.519,597.2,20,fit:80de1342a3e9944829ab101957c8eddffd3d18cb805507bed707b0e306d3b433:segment:004,4,8335.0,8116,activities/108_260801060832.csv,1,1,0,0
fit:80de1342a3e9944829ab101957c8eddffd3d18cb805507bed707b0e306d3b433,2026-08-01T06:27:28+00:00,1000,268,144,85,6.468,597.2,20,fit:80de1342a3e9944829ab101957c8eddffd3d18cb805507bed707b0e306d3b433:segment:004,4,8336.0,8117,activities/108_260801060832.csv,1,1,0,0
fit:80de1342a3e9944829ab101957c8eddffd3d18cb805507bed707b0e306d3b433,2026-08-01T06:27:29+00:00,1001,268,143,81,6.055,597.2,20,fit:80de1342a3e9944829ab101957c8eddffd3d18cb805507bed707b0e306d3b433:segment:004,4,8337.0,8118,activities/108_260801060832.csv,1,1,0,0
fit:80de1342a3e9944829ab101957c8eddffd3d18cb805507bed707b0e306d3b433,2026-08-01T06:27:30+00:00,1002,284,143,86,6.287,598.2,20,fit:80de1342a3e9944829ab101957c8eddffd3d18cb805507bed707b0e306d3b433:segment:004,4,8338.0,8119,activities/108_260801060832.csv,1,1,0,0
fit:80de1342a3e9944829ab101957c8eddffd3d18cb805507bed707b0e306d3b433,2026-08-01T06:27:31+00:00,1003,98,143,86,6.428,598.2,20,fit:80de1342a3e9944829ab101957c8eddffd3d18cb805507bed707b0e306d3b433:segment:004,4,8339.0,8120,activities/108_260801060832.csv,1,1,0,0
fit:80de1342a3e9944829ab101957c8eddffd3d18cb805507bed707b0e306d3b433,2026-08-01T06:27:32+00:00,1004,324,143,48,6.375,598.2,20,fit:80de1342a3e9944829ab101957c8eddffd3d18cb805507bed707b0e306d3b433:segment:004,4,8340.0,8121,activities/108_260801060832.csv,1,1,0,0
fit:80de1342a3e9944829ab101957c8eddffd3d18cb805507bed707b0e306d3b433,2026-08-01T06:27:33+00:00,1005,267,143,81,6.215,598.2,20,fit:80de1342a3e9944829ab101957c8eddffd3d18cb805507bed707b0e306d3b433:segment:004,4,8341.0,8122,activities/108_260801060832.csv,1,1,0,0
fit:80de1342a3e9944829ab101957c8eddffd3d18cb805507bed707b0e306d3b433,2026-08-01T06:27:34+00:00,1006,267,143,81,6.121,599.0,20,fit:80de1342a3e9944829ab101957c8eddffd3d18cb805507bed707b0e306d3b433:segment:004,4,8342.0,8123,activities/108_260801060832.csv,1,1,0,0
fit:80de1342a3e9944829ab101957c8eddffd3d18cb805507bed707b0e306d3b433,2026-08-01T06:27:35+00:00,1007,181,143,84,5.977,599.0,20,fit:80de1342a3e9944829ab101957c8eddffd3d18cb805507bed707b0e306d3b433:segment:004,4,8343.0,8124,activities/108_260801060832.csv,1,1,0,0
fit:80de1342a3e9944829ab101957c8eddffd3d18cb805507bed707b0e306d3b433,2026-08-01T06:27:36+00:00,1008,16,144,84,5.825,599.0,20,fit:80de1342a3e9944829ab101957c8eddffd3d18cb805507bed707b0e306d3b433:segment:004,4,8344.0,8125,activities/108_260801060832.csv,1,1,0,0
fit:80de1342a3e9944829ab101957c8eddffd3d18cb805507bed707b0e306d3b433,2026-08-01T06:27:37+00:00,1009,266,144,67,5.543,599.0,20,fit:80de1342a3e9944829ab101957c8eddffd3d18cb805507bed707b0e306d3b433:segment:004,4,8345.0,8126,activities/108_260801060832.csv,1,1,0,0
fit:80de1342a3e9944829ab101957c8eddffd3d18cb805507bed707b0e306d3b433,2026-08-01T06:27:38+00:00,1010,273,144,84,5.302,599.0,20,fit:80de1342a3e9944829ab101957c8eddffd3d18cb805507bed707b0e306d3b433:segment:004,4,8346.0,8127,activities/108_260801060832.csv,1,1,0,0
fit:80de1342a3e9944829ab101957c8eddffd3d18cb805507bed707b0e306d3b433,2026-08-01T06:27:39+00:00,1011,257,144,84,5.243,600.0,20,fit:80de1342a3e9944829ab101957c8eddffd3d18cb805507bed707b0e306d3b433:segment:004,4,8347.0,8128,activities/108_260801060832.csv,1,1,0,0
fit:80de1342a3e9944829ab101957c8eddffd3d18cb805507bed707b0e306d3b433,2026-08-01T06:27:40+00:00,1012,271,143,85,5.232,600.8,20,fit:80de1342a3e9944829ab101957c8eddffd3d18cb805507bed707b0e306d3b433:segment:004,4,8348.0,8129,activities/108_260801060832.csv,1,1,0,0
fit:80de1342a3e9944829ab101957c8eddffd3d18cb805507bed707b0e306d3b433,2026-08-01T06:27:41+00:00,1013,282,143,85,5.172,600.8,20,fit:80de1342a3e9944829ab101957c8eddffd3d18cb805507bed707b0e306d3b433:segment:004,4,8349.0,8130,activities/108_260801060832.csv,1,1,0,0
fit:80de1342a3e9944829ab101957c8eddffd3d18cb805507bed707b0e306d3b433,2026-08-01T06:27:42+00:00,1014,277,143,84,5.06,600.8,20,fit:80de1342a3e9944829ab101957c8eddffd3d18cb805507bed707b0e306d3b433:segment:004,4,8350.0,8131,activities/108_260801060832.csv,1,1,0,0
fit:80de1342a3e9944829ab101957c8eddffd3d18cb805507bed707b0e306d3b433,2026-08-01T06:27:43+00:00,1015,256,143,82,4.97,600.8,20,fit:80de1342a3e9944829ab101957c8eddffd3d18cb805507bed707b0e306d3b433:segment:004,4,8351.0,8132,activities/108_260801060832.csv,1,1,0,0
fit:80de1342a3e9944829ab101957c8eddffd3d18cb805507bed707b0e306d3b433,2026-08-01T06:27:44+00:00,1016,274,142,81,4.897,601.4000000000001,20,fit:80de1342a3e9944829ab101957c8eddffd3d18cb805507bed707b0e306d3b433:segment:004,4,8352.0,8133,activities/108_260801060832.csv,1,1,0,0
fit:80de1342a3e9944829ab101957c8eddffd3d18cb805507bed707b0e306d3b433,2026-08-01T06:27:45+00:00,1017,292,142,78,4.828,601.8,20,fit:80de1342a3e9944829ab101957c8eddffd3d18cb805507bed707b0e306d3b433:segment:004,4,8353.0,8134,activities/108_260801060832.csv,1,1,0,0
fit:80de1342a3e9944829ab101957c8eddffd3d18cb805507bed707b0e306d3b433,2026-08-01T06:27:46+00:00,1018,292,142,79,4.786,602.2,20,fit:80de1342a3e9944829ab101957c8eddffd3d18cb805507bed707b0e306d3b433:segment:004,4,8354.0,8135,activities/108_260801060832.csv,1,1,0,0
fit:80de1342a3e9944829ab101957c8eddffd3d18cb805507bed707b0e306d3b433,2026-08-01T06:27:47+00:00,1019,186,142,79,4.747,602.4000000000001,20,fit:80de1342a3e9944829ab101957c8eddffd3d18cb805507bed707b0e306d3b433:segment:004,4,8355.0,8136,activities/108_260801060832.csv,1,1,0,0
fit:80de1342a3e9944829ab101957c8eddffd3d18cb805507bed707b0e306d3b433,2026-08-01T06:27:48+00:00,1020,273,142,75,4.596,603.2,20,fit:80de1342a3e9944829ab101957c8eddffd3d18cb805507bed707b0e306d3b433:segment:004,4,8356.0,8137,activities/108_260801060832.csv,1,1,0,0
fit:80de1342a3e9944829ab101957c8eddffd3d18cb805507bed707b0e306d3b433,2026-08-01T06:27:49+00:00,1021,284,142,79,4.426,603.4000000000001,20,fit:80de1342a3e9944829ab101957c8eddffd3d18cb805507bed707b0e306d3b433:segment:004,4,8357.0,8138,activities/108_260801060832.csv,1,1,0,0
fit:80de1342a3e9944829ab101957c8eddffd3d18cb805507bed707b0e306d3b433,2026-08-01T06:27:50+00:00,1022,279,143,76,4.573,603.4000000000001,20,fit:80de1342a3e9944829ab101957c8eddffd3d18cb805507bed707b0e306d3b433:segment:004,4,8358.0,8139,activities/108_260801060832.csv,1,1,0,0
fit:80de1342a3e9944829ab101957c8eddffd3d18cb805507bed707b0e306d3b433,2026-08-01T06:27:51+00:00,1023,306,143,78,4.145,603.4000000000001,20,fit:80de1342a3e9944829ab101957c8eddffd3d18cb805507bed707b0e306d3b433:segment:004,4,8359.0,8140,activities/108_260801060832.csv,1,1,0,0
fit:80de1342a3e9944829ab101957c8eddffd3d18cb805507bed707b0e306d3b433,2026-08-01T06:27:52+00:00,1024,337,143,76,4.364,603.4000000000001,20,fit:80de1342a3e9944829ab101957c8eddffd3d18cb805507bed707b0e306d3b433:segment:004,4,8360.0,8141,activities/108_260801060832.csv,1,1,0,0
fit:80de1342a3e9944829ab101957c8eddffd3d18cb805507bed707b0e306d3b433,2026-08-01T06:27:53+00:00,1025,336,144,75,4.333,604.4000000000001,20,fit:80de1342a3e9944829ab101957c8eddffd3d18cb805507bed707b0e306d3b433:segment:004,4,8361.0,8142,activities/108_260801060832.csv,1,1,0,0
fit:80de1342a3e9944829ab101957c8eddffd3d18cb805507bed707b0e306d3b433,2026-08-01T06:27:54+00:00,1026,339,144,72,4.157,605.4000000000001,20,fit:80de1342a3e9944829ab101957c8eddffd3d18cb805507bed707b0e306d3b433:segment:004,4,8362.0,8143,activities/108_260801060832.csv,1,1,0,0
fit:80de1342a3e9944829ab101957c8eddffd3d18cb805507bed707b0e306d3b433,2026-08-01T06:27:55+00:00,1027,303,144,72,3.908,605.4000000000001,20,fit:80de1342a3e9944829ab101957c8eddffd3d18cb805507bed707b0e306d3b433:segment:004,4,8363.0,8144,activities/108_260801060832.csv,1,1,0,0
fit:80de1342a3e9944829ab101957c8eddffd3d18cb805507bed707b0e306d3b433,2026-08-01T06:27:56+00:00,1028,348,146,71,3.977,605.4000000000001,20,fit:80de1342a3e9944829ab101957c8eddffd3d18cb805507bed707b0e306d3b433:segment:004,4,8364.0,8145,activities/108_260801060832.csv,1,1,0,0
fit:80de1342a3e9944829ab101957c8eddffd3d18cb805507bed707b0e306d3b433,2026-08-01T06:27:57+00:00,1029,349,147,70,3.854,605.4000000000001,20,fit:80de1342a3e9944829ab101957c8eddffd3d18cb805507bed707b0e306d3b433:segment:004,4,8365.0,8146,activities/108_260801060832.csv,1,1,0,0
fit:80de1342a3e9944829ab101957c8eddffd3d18cb805507bed707b0e306d3b433,2026-08-01T06:27:58+00:00,1030,334,148,69,3.733,606.4000000000001,20,fit:80de1342a3e9944829ab101957c8eddffd3d18cb805507bed707b0e306d3b433:segment:004,4,8366.0,8147,activities/108_260801060832.csv,1,1,0,0
fit:80de1342a3e9944829ab101957c8eddffd3d18cb805507bed707b0e306d3b433,2026-08-01T06:27:59+00:00,1031,342,150,67,3.869,607.2,20,fit:80de1342a3e9944829ab101957c8eddffd3d18cb805507bed707b0e306d3b433:segment:004,4,8367.0,8148,activities/108_260801060832.csv,1,1,0,0
fit:80de1342a3e9944829ab101957c8eddffd3d18cb805507bed707b0e306d3b433,2026-08-01T06:28:00+00:00,1032,342,150,66,3.624,607.5999999999999,20,fit:80de1342a3e9944829ab101957c8eddffd3d18cb805507bed707b0e306d3b433:segment:004,4,8368.0,8149,activities/108_260801060832.csv,1,1,0,0
fit:80de1342a3e9944829ab101957c8eddffd3d18cb805507bed707b0e306d3b433,2026-08-01T06:28:01+00:00,1033,331,151,66,3.17,607.5999999999999,20,fit:80de1342a3e9944829ab101957c8eddffd3d18cb805507bed707b0e306d3b433:segment:004,4,8369.0,8150,activities/108_260801060832.csv,1,1,0,0
fit:80de1342a3e9944829ab101957c8eddffd3d18cb805507bed707b0e306d3b433,2026-08-01T06:28:02+00:00,1034,341,152,70,3.474,607.5999999999999,20,fit:80de1342a3e9944829ab101957c8eddffd3d18cb805507bed707b0e306d3b433:segment:004,4,8370.0,8151,activities/108_260801060832.csv,1,1,0,0
fit:80de1342a3e9944829ab101957c8eddffd3d18cb805507bed707b0e306d3b433,2026-08-01T06:28:03+00:00,1035,344,153,70,3.82,607.5999999999999,20,fit:80de1342a3e9944829ab101957c8eddffd3d18cb805507bed707b0e306d3b433:segment:004,4,8371.0,8152,activities/108_260801060832.csv,1,1,0,0
fit:80de1342a3e9944829ab101957c8eddffd3d18cb805507bed707b0e306d3b433,2026-08-01T06:28:04+00:00,1036,347,154,72,3.643,608.4000000000001,20,fit:80de1342a3e9944829ab101957c8eddffd3d18cb805507bed707b0e306d3b433:segment:004,4,8372.0,8153,activities/108_260801060832.csv,1,1,0,0
fit:80de1342a3e9944829ab101957c8eddffd3d18cb805507bed707b0e306d3b433,2026-08-01T06:28:05+00:00,1037,330,156,72,3.941,608.8,20,fit:80de1342a3e9944829ab101957c8eddffd3d18cb805507bed707b0e306d3b433:segment:004,4,8373.0,8154,activities/108_260801060832.csv,1,1,0,0
fit:80de1342a3e9944829ab101957c8eddffd3d18cb805507bed707b0e306d3b433,2026-08-01T06:28:06+00:00,1038,330,156,71,3.647,609.0,20,fit:80de1342a3e9944829ab101957c8eddffd3d18cb805507bed707b0e306d3b433:segment:004,4,8374.0,8155,activities/108_260801060832.csv,1,1,0,0
fit:80de1342a3e9944829ab101957c8eddffd3d18cb805507bed707b0e306d3b433,2026-08-01T06:28:07+00:00,1039,313,157,71,3.823,609.4000000000001,20,fit:80de1342a3e9944829ab101957c8eddffd3d18cb805507bed707b0e306d3b433:segment:004,4,8375.0,8156,activities/108_260801060832.csv,1,1,0,0
fit:80de1342a3e9944829ab101957c8eddffd3d18cb805507bed707b0e306d3b433,2026-08-01T06:28:08+00:00,1040,292,158,72,3.864,609.4000000000001,20,fit:80de1342a3e9944829ab101957c8eddffd3d18cb805507bed707b0e306d3b433:segment:004,4,8376.0,8157,activities/108_260801060832.csv,1,1,0,0
fit:80de1342a3e9944829ab101957c8eddffd3d18cb805507bed707b0e306d3b433,2026-08-01T06:28:09+00:00,1041,265,159,73,3.842,609.4000000000001,20,fit:80de1342a3e9944829ab101957c8eddffd3d18cb805507bed707b0e306d3b433:segment:004,4,8377.0,8158,activities/108_260801060832.csv,1,1,0,0
fit:80de1342a3e9944829ab101957c8eddffd3d18cb805507bed707b0e306d3b433,2026-08-01T06:28:10+00:00,1042,86,159,74,4.014,609.4000000000001,20,fit:80de1342a3e9944829ab101957c8eddffd3d18cb805507bed707b0e306d3b433:segment:004,4,8378.0,8159,activities/108_260801060832.csv,1,1,0,0
fit:80de1342a3e9944829ab101957c8eddffd3d18cb805507bed707b0e306d3b433,2026-08-01T06:28:11+00:00,1043,274,160,45,3.759,610.4000000000001,20,fit:80de1342a3e9944829ab101957c8eddffd3d18cb805507bed707b0e306d3b433:segment:004,4,8379.0,8160,activities/108_260801060832.csv,1,1,0,0
fit:80de1342a3e9944829ab101957c8eddffd3d18cb805507bed707b0e306d3b433,2026-08-01T06:28:12+00:00,1044,356,161,69,3.64,610.5999999999999,20,fit:80de1342a3e9944829ab101957c8eddffd3d18cb805507bed707b0e306d3b433:segment:004,4,8380.0,8161,activities/108_260801060832.csv,1,1,0,0
fit:80de1342a3e9944829ab101957c8eddffd3d18cb805507bed707b0e306d3b433,2026-08-01T06:28:13+00:00,1045,335,161,73,3.777,611.5999999999999,20,fit:80de1342a3e9944829ab101957c8eddffd3d18cb805507bed707b0e306d3b433:segment:004,4,8381.0,8162,activities/108_260801060832.csv,1,1,0,0
fit:80de1342a3e9944829ab101957c8eddffd3d18cb805507bed707b0e306d3b433,2026-08-01T06:28:14+00:00,1046,287,162,78,3.894,611.5999999999999,20,fit:80de1342a3e9944829ab101957c8eddffd3d18cb805507bed707b0e306d3b433:segment:004,4,8382.0,8163,activities/108_260801060832.csv,1,1,0,0
fit:80de1342a3e9944829ab101957c8eddffd3d18cb805507bed707b0e306d3b433,2026-08-01T06:28:15+00:00,1047,287,162,79,4.136,611.5999999999999,20,fit:80de1342a3e9944829ab101957c8eddffd3d18cb805507bed707b0e306d3b433:segment:004,4,8383.0,8164,activities/108_260801060832.csv,1,1,0,0
fit:80de1342a3e9944829ab101957c8eddffd3d18cb805507bed707b0e306d3b433,2026-08-01T06:28:16+00:00,1048,313,162,75,4.144,611.5999999999999,20,fit:80de1342a3e9944829ab101957c8eddffd3d18cb805507bed707b0e306d3b433:segment:004,4,8384.0,8165,activities/108_260801060832.csv,1,1,0,0
fit:80de1342a3e9944829ab101957c8eddffd3d18cb805507bed707b0e306d3b433,2026-08-01T06:28:17+00:00,1049,317,162,75,4.08,611.5999999999999,20,fit:80de1342a3e9944829ab101957c8eddffd3d18cb805507bed707b0e306d3b433:segment:004,4,8385.0,8166,activities/108_260801060832.csv,1,1,0,0
fit:80de1342a3e9944829ab101957c8eddffd3d18cb805507bed707b0e306d3b433,2026-08-01T06:28:18+00:00,1050,319,162,71,3.929,611.5999999999999,20,fit:80de1342a3e9944829ab101957c8eddffd3d18cb805507bed707b0e306d3b433:segment:004,4,8386.0,8167,activities/108_260801060832.csv,1,1,0,0
fit:80de1342a3e9944829ab101957c8eddffd3d18cb805507bed707b0e306d3b433,2026-08-01T06:28:19+00:00,1051,319,162,70,3.866,611.5999999999999,20,fit:80de1342a3e9944829ab101957c8eddffd3d18cb805507bed707b0e306d3b433:segment:004,4,8387.0,8168,activities/108_260801060832.csv,1,1,0,0
fit:80de1342a3e9944829ab101957c8eddffd3d18cb805507bed707b0e306d3b433,2026-08-01T06:28:20+00:00,1052,343,162,70,3.647,612.4000000000001,20,fit:80de1342a3e9944829ab101957c8eddffd3d18cb805507bed707b0e306d3b433:segment:004,4,8388.0,8169,activities/108_260801060832.csv,1,1,0,0
fit:80de1342a3e9944829ab101957c8eddffd3d18cb805507bed707b0e306d3b433,2026-08-01T06:28:21+00:00,1053,303,162,65,3.446,612.8,20,fit:80de1342a3e9944829ab101957c8eddffd3d18cb805507bed707b0e306d3b433:segment:004,4,8389.0,8170,activities/108_260801060832.csv,1,1,0,0
fit:80de1342a3e9944829ab101957c8eddffd3d18cb805507bed707b0e306d3b433,2026-08-01T06:28:22+00:00,1054,285,162,67,3.424,613.5999999999999,20,fit:80de1342a3e9944829ab101957c8eddffd3d18cb805507bed707b0e306d3b433:segment:004,4,8390.0,8171,activities/108_260801060832.csv,1,1,0,0
fit:80de1342a3e9944829ab101957c8eddffd3d18cb805507bed707b0e306d3b433,2026-08-01T06:28:23+00:00,1055,296,162,68,3.621,613.5999999999999,20,fit:80de1342a3e9944829ab101957c8eddffd3d18cb805507bed707b0e306d3b433:segment:004,4,8391.0,8172,activities/108_260801060832.csv,1,1,0,0
fit:80de1342a3e9944829ab101957c8eddffd3d18cb805507bed707b0e306d3b433,2026-08-01T06:28:24+00:00,1056,303,162,69,3.669,613.5999999999999,20,fit:80de1342a3e9944829ab101957c8eddffd3d18cb805507bed707b0e306d3b433:segment:004,4,8392.0,8173,activities/108_260801060832.csv,1,1,0,0
fit:80de1342a3e9944829ab101957c8eddffd3d18cb805507bed707b0e306d3b433,2026-08-01T06:28:25+00:00,1057,352,162,71,3.828,613.5999999999999,20,fit:80de1342a3e9944829ab101957c8eddffd3d18cb805507bed707b0e306d3b433:segment:004,4,8393.0,8174,activities/108_260801060832.csv,1,1,0,0
fit:80de1342a3e9944829ab101957c8eddffd3d18cb805507bed707b0e306d3b433,2026-08-01T06:28:26+00:00,1058,372,163,71,3.834,613.5999999999999,20,fit:80de1342a3e9944829ab101957c8eddffd3d18cb805507bed707b0e306d3b433:segment:004,4,8394.0,8175,activities/108_260801060832.csv,1,1,0,0
fit:80de1342a3e9944829ab101957c8eddffd3d18cb805507bed707b0e306d3b433,2026-08-01T06:28:27+00:00,1059,317,163,69,3.72,614.5999999999999,20,fit:80de1342a3e9944829ab101957c8eddffd3d18cb805507bed707b0e306d3b433:segment:004,4,8395.0,8176,activities/108_260801060832.csv,1,1,0,0
fit:80de1342a3e9944829ab101957c8eddffd3d18cb805507bed707b0e306d3b433,2026-08-01T06:28:28+00:00,1060,345,163,72,3.622,615.0,20,fit:80de1342a3e9944829ab101957c8eddffd3d18cb805507bed707b0e306d3b433:segment:004,4,8396.0,8177,activities/108_260801060832.csv,1,1,0,0
fit:80de1342a3e9944829ab101957c8eddffd3d18cb805507bed707b0e306d3b433,2026-08-01T06:28:29+00:00,1061,310,164,73,3.714,615.4000000000001,20,fit:80de1342a3e9944829ab101957c8eddffd3d18cb805507bed707b0e306d3b433:segment:004,4,8397.0,8178,activities/108_260801060832.csv,1,1,0,0
fit:80de1342a3e9944829ab101957c8eddffd3d18cb805507bed707b0e306d3b433,2026-08-01T06:28:30+00:00,1062,310,165,71,3.753,615.8,20,fit:80de1342a3e9944829ab101957c8eddffd3d18cb805507bed707b0e306d3b433:segment:004,4,8398.0,8179,activities/108_260801060832.csv,1,1,0,0
fit:80de1342a3e9944829ab101957c8eddffd3d18cb805507bed707b0e306d3b433,2026-08-01T06:28:31+00:00,1063,352,165,71,3.817,616.5999999999999,20,fit:80de1342a3e9944829ab101957c8eddffd3d18cb805507bed707b0e306d3b433:segment:004,4,8399.0,8180,activities/108_260801060832.csv,1,1,0,0
fit:80de1342a3e9944829ab101957c8eddffd3d18cb805507bed707b0e306d3b433,2026-08-01T06:28:32+00:00,1064,341,165,70,3.978,616.5999999999999,20,fit:80de1342a3e9944829ab101957c8eddffd3d18cb805507bed707b0e306d3b433:segment:004,4,8400.0,8181,activities/108_260801060832.csv,1,1,0,0
fit:80de1342a3e9944829ab101957c8eddffd3d18cb805507bed707b0e306d3b433,2026-08-01T06:28:33+00:00,1065,339,166,70,3.8,616.5999999999999,20,fit:80de1342a3e9944829ab101957c8eddffd3d18cb805507bed707b0e306d3b433:segment:004,4,8401.0,8182,activities/108_260801060832.csv,1,1,0,0
fit:80de1342a3e9944829ab101957c8eddffd3d18cb805507bed707b0e306d3b433,2026-08-01T06:28:34+00:00,1066,320,167,70,3.689,616.5999999999999,20,fit:80de1342a3e9944829ab101957c8eddffd3d18cb805507bed707b0e306d3b433:segment:004,4,8402.0,8183,activities/108_260801060832.csv,1,1,0,0
fit:80de1342a3e9944829ab101957c8eddffd3d18cb805507bed707b0e306d3b433,2026-08-01T06:28:35+00:00,1067,314,167,72,3.938,616.5999999999999,20,fit:80de1342a3e9944829ab101957c8eddffd3d18cb805507bed707b0e306d3b433:segment:004,4,8403.0,8184,activities/108_260801060832.csv,1,1,0,0
fit:80de1342a3e9944829ab101957c8eddffd3d18cb805507bed707b0e306d3b433,2026-08-01T06:28:36+00:00,1068,244,168,73,3.893,617.5999999999999,20,fit:80de1342a3e9944829ab101957c8eddffd3d18cb805507bed707b0e306d3b433:segment:004,4,8404.0,8185,activities/108_260801060832.csv,1,1,0,0
fit:80de1342a3e9944829ab101957c8eddffd3d18cb805507bed707b0e306d3b433,2026-08-01T06:28:37+00:00,1069,226,169,73,3.778,617.8,20,fit:80de1342a3e9944829ab101957c8eddffd3d18cb805507bed707b0e306d3b433:segment:004,4,8405.0,8186,activities/108_260801060832.csv,1,1,0,0
fit:80de1342a3e9944829ab101957c8eddffd3d18cb805507bed707b0e306d3b433,2026-08-01T06:28:38+00:00,1070,297,169,73,3.89,618.4000000000001,20,fit:80de1342a3e9944829ab101957c8eddffd3d18cb805507bed707b0e306d3b433:segment:004,4,8406.0,8187,activities/108_260801060832.csv,1,1,0,0
fit:80de1342a3e9944829ab101957c8eddffd3d18cb805507bed707b0e306d3b433,2026-08-01T06:28:39+00:00,1071,297,170,78,4.063,618.5999999999999,20,fit:80de1342a3e9944829ab101957c8eddffd3d18cb805507bed707b0e306d3b433:segment:004,4,8407.0,8188,activities/108_260801060832.csv,1,1,0,0
fit:80de1342a3e9944829ab101957c8eddffd3d18cb805507bed707b0e306d3b433,2026-08-01T06:28:40+00:00,1072,172,170,78,4.2,618.8,20,fit:80de1342a3e9944829ab101957c8eddffd3d18cb805507bed707b0e306d3b433:segment:004,4,8408.0,8189,activities/108_260801060832.csv,1,1,0,0
fit:80de1342a3e9944829ab101957c8eddffd3d18cb805507bed707b0e306d3b433,2026-08-01T06:28:41+00:00,1073,183,171,76,4.253,618.8,20,fit:80de1342a3e9944829ab101957c8eddffd3d18cb805507bed707b0e306d3b433:segment:004,4,8409.0,8190,activities/108_260801060832.csv,1,1,0,0
fit:80de1342a3e9944829ab101957c8eddffd3d18cb805507bed707b0e306d3b433,2026-08-01T06:28:42+00:00,1074,158,171,80,4.245,618.8,20,fit:80de1342a3e9944829ab101957c8eddffd3d18cb805507bed707b0e306d3b433:segment:004,4,8410.0,8191,activities/108_260801060832.csv,1,1,0,0
fit:80de1342a3e9944829ab101957c8eddffd3d18cb805507bed707b0e306d3b433,2026-08-01T06:28:43+00:00,1075,95,172,80,4.402,618.8,20,fit:80de1342a3e9944829ab101957c8eddffd3d18cb805507bed707b0e306d3b433:segment:004,4,8411.0,8192,activities/108_260801060832.csv,1,1,0,0
fit:80de1342a3e9944829ab101957c8eddffd3d18cb805507bed707b0e306d3b433,2026-08-01T06:28:44+00:00,1076,65,172,81,4.434,618.8,20,fit:80de1342a3e9944829ab101957c8eddffd3d18cb805507bed707b0e306d3b433:segment:004,4,8412.0,8193,activities/108_260801060832.csv,1,1,0,0
fit:80de1342a3e9944829ab101957c8eddffd3d18cb805507bed707b0e306d3b433,2026-08-01T06:28:45+00:00,1077,43,172,81,4.372,618.8,20,fit:80de1342a3e9944829ab101957c8eddffd3d18cb805507bed707b0e306d3b433:segment:004,4,8413.0,8194,activities/108_260801060832.csv,1,1,0,0
fit:80de1342a3e9944829ab101957c8eddffd3d18cb805507bed707b0e306d3b433,2026-08-01T06:28:46+00:00,1078,43,172,80,4.388,618.8,20,fit:80de1342a3e9944829ab101957c8eddffd3d18cb805507bed707b0e306d3b433:segment:004,4,8414.0,8195,activities/108_260801060832.csv,1,1,0,0
fit:80de1342a3e9944829ab101957c8eddffd3d18cb805507bed707b0e306d3b433,2026-08-01T06:28:47+00:00,1079,85,171,78,4.339,619.2,20,fit:80de1342a3e9944829ab101957c8eddffd3d18cb805507bed707b0e306d3b433:segment:004,4,8415.0,8196,activities/108_260801060832.csv,1,1,0,0
fit:80de1342a3e9944829ab101957c8eddffd3d18cb805507bed707b0e306d3b433,2026-08-01T06:28:48+00:00,1080,104,170,78,4.305,619.4000000000001,20,fit:80de1342a3e9944829ab101957c8eddffd3d18cb805507bed707b0e306d3b433:segment:004,4,8416.0,8197,activities/108_260801060832.csv,1,1,0,0
fit:80de1342a3e9944829ab101957c8eddffd3d18cb805507bed707b0e306d3b433,2026-08-01T06:28:49+00:00,1081,115,170,80,4.439,619.4000000000001,20,fit:80de1342a3e9944829ab101957c8eddffd3d18cb805507bed707b0e306d3b433:segment:004,4,8417.0,8198,activities/108_260801060832.csv,1,1,0,0
fit:80de1342a3e9944829ab101957c8eddffd3d18cb805507bed707b0e306d3b433,2026-08-01T06:28:50+00:00,1082,109,169,83,4.47,619.4000000000001,20,fit:80de1342a3e9944829ab101957c8eddffd3d18cb805507bed707b0e306d3b433:segment:004,4,8418.0,8199,activities/108_260801060832.csv,1,1,0,0
fit:80de1342a3e9944829ab101957c8eddffd3d18cb805507bed707b0e306d3b433,2026-08-01T06:28:51+00:00,1083,92,168,85,4.528,619.4000000000001,20,fit:80de1342a3e9944829ab101957c8eddffd3d18cb805507bed707b0e306d3b433:segment:004,4,8419.0,8200,activities/108_260801060832.csv,1,1,0,0
fit:80de1342a3e9944829ab101957c8eddffd3d18cb805507bed707b0e306d3b433,2026-08-01T06:28:52+00:00,1084,92,168,84,4.667,619.2,20,fit:80de1342a3e9944829ab101957c8eddffd3d18cb805507bed707b0e306d3b433:segment:004,4,8420.0,8201,activities/108_260801060832.csv,1,1,0,0
fit:80de1342a3e9944829ab101957c8eddffd3d18cb805507bed707b0e306d3b433,2026-08-01T06:28:53+00:00,1085,5,167,84,4.515,619.2,20,fit:80de1342a3e9944829ab101957c8eddffd3d18cb805507bed707b0e306d3b433:segment:004,4,8421.0,8202,activities/108_260801060832.csv,1,1,0,0
fit:80de1342a3e9944829ab101957c8eddffd3d18cb805507bed707b0e306d3b433,2026-08-01T06:28:54+00:00,1086,188,167,23,4.263,619.2,20,fit:80de1342a3e9944829ab101957c8eddffd3d18cb805507bed707b0e306d3b433:segment:004,4,8422.0,8203,activities/108_260801060832.csv,1,1,0,0
fit:80de1342a3e9944829ab101957c8eddffd3d18cb805507bed707b0e306d3b433,2026-08-01T06:28:55+00:00,1087,188,166,75,4.219,620.0,20,fit:80de1342a3e9944829ab101957c8eddffd3d18cb805507bed707b0e306d3b433:segment:004,4,8423.0,8204,activities/108_260801060832.csv,1,1,0,0
fit:80de1342a3e9944829ab101957c8eddffd3d18cb805507bed707b0e306d3b433,2026-08-01T06:28:56+00:00,1088,260,165,79,4.221,620.0,20,fit:80de1342a3e9944829ab101957c8eddffd3d18cb805507bed707b0e306d3b433:segment:004,4,8424.0,8205,activities/108_260801060832.csv,1,1,0,0
fit:80de1342a3e9944829ab101957c8eddffd3d18cb805507bed707b0e306d3b433,2026-08-01T06:28:57+00:00,1089,273,164,79,4.269,620.0,20,fit:80de1342a3e9944829ab101957c8eddffd3d18cb805507bed707b0e306d3b433:segment:004,4,8425.0,8206,activities/108_260801060832.csv,1,1,0,0
fit:80de1342a3e9944829ab101957c8eddffd3d18cb805507bed707b0e306d3b433,2026-08-01T06:28:58+00:00,1090,303,163,77,4.285,620.0,20,fit:80de1342a3e9944829ab101957c8eddffd3d18cb805507bed707b0e306d3b433:segment:004,4,8426.0,8207,activities/108_260801060832.csv,1,1,0,0
fit:80de1342a3e9944829ab101957c8eddffd3d18cb805507bed707b0e306d3b433,2026-08-01T06:28:59+00:00,1091,327,162,76,4.18,621.0,20,fit:80de1342a3e9944829ab101957c8eddffd3d18cb805507bed707b0e306d3b433:segment:004,4,8427.0,8208,activities/108_260801060832.csv,1,1,0,0
fit:80de1342a3e9944829ab101957c8eddffd3d18cb805507bed707b0e306d3b433,2026-08-01T06:29:00+00:00,1092,381,161,76,4.189,621.0,20,fit:80de1342a3e9944829ab101957c8eddffd3d18cb805507bed707b0e306d3b433:segment:004,4,8428.0,8209,activities/108_260801060832.csv,1,1,0,0
fit:80de1342a3e9944829ab101957c8eddffd3d18cb805507bed707b0e306d3b433,2026-08-01T06:29:01+00:00,1093,382,161,74,4.212,621.0,20,fit:80de1342a3e9944829ab101957c8eddffd3d18cb805507bed707b0e306d3b433:segment:004,4,8429.0,8210,activities/108_260801060832.csv,1,1,0,0
fit:80de1342a3e9944829ab101957c8eddffd3d18cb805507bed707b0e306d3b433,2026-08-01T06:29:02+00:00,1094,345,160,75,4.358,621.0,20,fit:80de1342a3e9944829ab101957c8eddffd3d18cb805507bed707b0e306d3b433:segment:004,4,8430.0,8211,activities/108_260801060832.csv,1,1,0,0
fit:80de1342a3e9944829ab101957c8eddffd3d18cb805507bed707b0e306d3b433,2026-08-01T06:29:03+00:00,1095,340,159,75,4.167,622.0,20,fit:80de1342a3e9944829ab101957c8eddffd3d18cb805507bed707b0e306d3b433:segment:004,4,8431.0,8212,activities/108_260801060832.csv,1,1,0,0
fit:80de1342a3e9944829ab101957c8eddffd3d18cb805507bed707b0e306d3b433,2026-08-01T06:29:04+00:00,1096,296,158,75,4.381,622.2,20,fit:80de1342a3e9944829ab101957c8eddffd3d18cb805507bed707b0e306d3b433:segment:004,4,8432.0,8213,activities/108_260801060832.csv,1,1,0,0
fit:80de1342a3e9944829ab101957c8eddffd3d18cb805507bed707b0e306d3b433,2026-08-01T06:29:05+00:00,1097,309,157,75,4.004,622.4000000000001,20,fit:80de1342a3e9944829ab101957c8eddffd3d18cb805507bed707b0e306d3b433:segment:004,4,8433.0,8214,activities/108_260801060832.csv,1,1,0,0
fit:80de1342a3e9944829ab101957c8eddffd3d18cb805507bed707b0e306d3b433,2026-08-01T06:29:06+00:00,1098,290,157,77,4.174,622.8,20,fit:80de1342a3e9944829ab101957c8eddffd3d18cb805507bed707b0e306d3b433:segment:004,4,8434.0,8215,activities/108_260801060832.csv,1,1,0,0
fit:80de1342a3e9944829ab101957c8eddffd3d18cb805507bed707b0e306d3b433,2026-08-01T06:29:07+00:00,1099,287,157,80,4.131,623.2,20,fit:80de1342a3e9944829ab101957c8eddffd3d18cb805507bed707b0e306d3b433:segment:004,4,8435.0,8216,activities/108_260801060832.csv,1,1,0,0
fit:80de1342a3e9944829ab101957c8eddffd3d18cb805507bed707b0e306d3b433,2026-08-01T06:29:08+00:00,1100,266,157,80,4.592,623.8,20,fit:80de1342a3e9944829ab101957c8eddffd3d18cb805507bed707b0e306d3b433:segment:004,4,8436.0,8217,activities/108_260801060832.csv,1,1,0,0
fit:80de1342a3e9944829ab101957c8eddffd3d18cb805507bed707b0e306d3b433,2026-08-01T06:29:09+00:00,1101,75,157,80,4.604,623.8,20,fit:80de1342a3e9944829ab101957c8eddffd3d18cb805507bed707b0e306d3b433:segment:004,4,8437.0,8218,activities/108_260801060832.csv,1,1,0,0
fit:80de1342a3e9944829ab101957c8eddffd3d18cb805507bed707b0e306d3b433,2026-08-01T06:29:10+00:00,1102,75,157,40,4.369,623.8,20,fit:80de1342a3e9944829ab101957c8eddffd3d18cb805507bed707b0e306d3b433:segment:004,4,8438.0,8219,activities/108_260801060832.csv,1,1,0,0
fit:80de1342a3e9944829ab101957c8eddffd3d18cb805507bed707b0e306d3b433,2026-08-01T06:29:11+00:00,1103,162,157,83,4.452,623.8,20,fit:80de1342a3e9944829ab101957c8eddffd3d18cb805507bed707b0e306d3b433:segment:004,4,8439.0,8220,activities/108_260801060832.csv,1,1,0,0
fit:80de1342a3e9944829ab101957c8eddffd3d18cb805507bed707b0e306d3b433,2026-08-01T06:29:12+00:00,1104,172,157,83,4.525,624.0,20,fit:80de1342a3e9944829ab101957c8eddffd3d18cb805507bed707b0e306d3b433:segment:004,4,8440.0,8221,activities/108_260801060832.csv,1,1,0,0
fit:80de1342a3e9944829ab101957c8eddffd3d18cb805507bed707b0e306d3b433,2026-08-01T06:29:13+00:00,1105,195,156,84,4.616,624.0,20,fit:80de1342a3e9944829ab101957c8eddffd3d18cb805507bed707b0e306d3b433:segment:004,4,8441.0,8222,activities/108_260801060832.csv,1,1,0,0
fit:80de1342a3e9944829ab101957c8eddffd3d18cb805507bed707b0e306d3b433,2026-08-01T06:29:14+00:00,1106,128,156,87,4.706,624.0,20,fit:80de1342a3e9944829ab101957c8eddffd3d18cb805507bed707b0e306d3b433:segment:004,4,8442.0,8223,activities/108_260801060832.csv,1,1,0,0
fit:80de1342a3e9944829ab101957c8eddffd3d18cb805507bed707b0e306d3b433,2026-08-01T06:29:15+00:00,1107,94,155,86,4.745,624.0,20,fit:80de1342a3e9944829ab101957c8eddffd3d18cb805507bed707b0e306d3b433:segment:004,4,8443.0,8224,activities/108_260801060832.csv,1,1,0,0
fit:80de1342a3e9944829ab101957c8eddffd3d18cb805507bed707b0e306d3b433,2026-08-01T06:29:16+00:00,1108,95,155,84,4.724,624.0,20,fit:80de1342a3e9944829ab101957c8eddffd3d18cb805507bed707b0e306d3b433:segment:004,4,8444.0,8225,activities/108_260801060832.csv,1,1,0,0
fit:80de1342a3e9944829ab101957c8eddffd3d18cb805507bed707b0e306d3b433,2026-08-01T06:29:17+00:00,1109,116,154,83,4.594,623.8,20,fit:80de1342a3e9944829ab101957c8eddffd3d18cb805507bed707b0e306d3b433:segment:004,4,8445.0,8226,activities/108_260801060832.csv,1,1,0,0
fit:80de1342a3e9944829ab101957c8eddffd3d18cb805507bed707b0e306d3b433,2026-08-01T06:29:18+00:00,1110,190,154,83,4.55,623.8,20,fit:80de1342a3e9944829ab101957c8eddffd3d18cb805507bed707b0e306d3b433:segment:004,4,8446.0,8227,activities/108_260801060832.csv,1,1,0,0
fit:80de1342a3e9944829ab101957c8eddffd3d18cb805507bed707b0e306d3b433,2026-08-01T06:29:19+00:00,1111,291,154,80,4.436,623.8,20,fit:80de1342a3e9944829ab101957c8eddffd3d18cb805507bed707b0e306d3b433:segment:004,4,8447.0,8228,activities/108_260801060832.csv,1,1,0,0
fit:80de1342a3e9944829ab101957c8eddffd3d18cb805507bed707b0e306d3b433,2026-08-01T06:29:20+00:00,1112,175,154,77,4.243,624.8,20,fit:80de1342a3e9944829ab101957c8eddffd3d18cb805507bed707b0e306d3b433:segment:004,4,8448.0,8229,activities/108_260801060832.csv,1,1,0,0
fit:80de1342a3e9944829ab101957c8eddffd3d18cb805507bed707b0e306d3b433,2026-08-01T06:29:21+00:00,1113,330,153,74,4.108,625.5999999999999,20,fit:80de1342a3e9944829ab101957c8eddffd3d18cb805507bed707b0e306d3b433:segment:004,4,8449.0,8230,activities/108_260801060832.csv,1,1,0,0
fit:80de1342a3e9944829ab101957c8eddffd3d18cb805507bed707b0e306d3b433,2026-08-01T06:29:22+00:00,1114,380,153,70,3.924,626.0,20,fit:80de1342a3e9944829ab101957c8eddffd3d18cb805507bed707b0e306d3b433:segment:004,4,8450.0,8231,activities/108_260801060832.csv,1,1,0,0
fit:80de1342a3e9944829ab101957c8eddffd3d18cb805507bed707b0e306d3b433,2026-08-01T06:29:23+00:00,1115,424,154,70,3.741,626.0,20,fit:80de1342a3e9944829ab101957c8eddffd3d18cb805507bed707b0e306d3b433:segment:004,4,8451.0,8232,activities/108_260801060832.csv,1,1,0,0
fit:80de1342a3e9944829ab101957c8eddffd3d18cb805507bed707b0e306d3b433,2026-08-01T06:29:24+00:00,1116,324,154,65,3.438,626.0,20,fit:80de1342a3e9944829ab101957c8eddffd3d18cb805507bed707b0e306d3b433:segment:004,4,8452.0,8233,activities/108_260801060832.csv,1,1,0,0
fit:80de1342a3e9944829ab101957c8eddffd3d18cb805507bed707b0e306d3b433,2026-08-01T06:29:25+00:00,1117,325,154,61,2.974,626.0,20,fit:80de1342a3e9944829ab101957c8eddffd3d18cb805507bed707b0e306d3b433:segment:004,4,8453.0,8234,activities/108_260801060832.csv,1,1,0,0
fit:80de1342a3e9944829ab101957c8eddffd3d18cb805507bed707b0e306d3b433,2026-08-01T06:29:26+00:00,1118,349,155,65,2.875,627.0,20,fit:80de1342a3e9944829ab101957c8eddffd3d18cb805507bed707b0e306d3b433:segment:004,4,8454.0,8235,activities/108_260801060832.csv,1,1,0,0
fit:80de1342a3e9944829ab101957c8eddffd3d18cb805507bed707b0e306d3b433,2026-08-01T06:29:27+00:00,1119,344,156,64,3.062,628.0,20,fit:80de1342a3e9944829ab101957c8eddffd3d18cb805507bed707b0e306d3b433:segment:004,4,8455.0,8236,activities/108_260801060832.csv,1,1,0,0
fit:80de1342a3e9944829ab101957c8eddffd3d18cb805507bed707b0e306d3b433,2026-08-01T06:29:28+00:00,1120,335,156,63,3.276,628.4000000000001,20,fit:80de1342a3e9944829ab101957c8eddffd3d18cb805507bed707b0e306d3b433:segment:004,4,8456.0,8237,activities/108_260801060832.csv,1,1,0,0
fit:80de1342a3e9944829ab101957c8eddffd3d18cb805507bed707b0e306d3b433,2026-08-01T06:29:29+00:00,1121,317,157,64,3.371,628.4000000000001,20,fit:80de1342a3e9944829ab101957c8eddffd3d18cb805507bed707b0e306d3b433:segment:004,4,8457.0,8238,activities/108_260801060832.csv,1,1,0,0
fit:80de1342a3e9944829ab101957c8eddffd3d18cb805507bed707b0e306d3b433,2026-08-01T06:29:30+00:00,1122,317,158,65,3.585,628.4000000000001,20,fit:80de1342a3e9944829ab101957c8eddffd3d18cb805507bed707b0e306d3b433:segment:004,4,8458.0,8239,activities/108_260801060832.csv,1,1,0,0
fit:80de1342a3e9944829ab101957c8eddffd3d18cb805507bed707b0e306d3b433,2026-08-01T06:29:31+00:00,1123,300,159,68,3.254,628.4000000000001,20,fit:80de1342a3e9944829ab101957c8eddffd3d18cb805507bed707b0e306d3b433:segment:004,4,8459.0,8240,activities/108_260801060832.csv,1,1,0,0
fit:80de1342a3e9944829ab101957c8eddffd3d18cb805507bed707b0e306d3b433,2026-08-01T06:29:32+00:00,1124,279,159,68,3.403,629.4000000000001,20,fit:80de1342a3e9944829ab101957c8eddffd3d18cb805507bed707b0e306d3b433:segment:004,4,8460.0,8241,activities/108_260801060832.csv,1,1,0,0
fit:80de1342a3e9944829ab101957c8eddffd3d18cb805507bed707b0e306d3b433,2026-08-01T06:29:33+00:00,1125,308,160,68,3.613,629.4000000000001,20,fit:80de1342a3e9944829ab101957c8eddffd3d18cb805507bed707b0e306d3b433:segment:004,4,8461.0,8242,activities/108_260801060832.csv,1,1,0,0
fit:80de1342a3e9944829ab101957c8eddffd3d18cb805507bed707b0e306d3b433,2026-08-01T06:29:34+00:00,1126,312,160,69,3.656,630.0,20,fit:80de1342a3e9944829ab101957c8eddffd3d18cb805507bed707b0e306d3b433:segment:004,4,8462.0,8243,activities/108_260801060832.csv,1,1,0,0
fit:80de1342a3e9944829ab101957c8eddffd3d18cb805507bed707b0e306d3b433,2026-08-01T06:29:35+00:00,1127,327,161,70,3.371,630.4000000000001,20,fit:80de1342a3e9944829ab101957c8eddffd3d18cb805507bed707b0e306d3b433:segment:004,4,8463.0,8244,activities/108_260801060832.csv,1,1,0,0
fit:80de1342a3e9944829ab101957c8eddffd3d18cb805507bed707b0e306d3b433,2026-08-01T06:29:36+00:00,1128,343,161,71,3.677,630.5999999999999,20,fit:80de1342a3e9944829ab101957c8eddffd3d18cb805507bed707b0e306d3b433:segment:004,4,8464.0,8245,activities/108_260801060832.csv,1,1,0,0
fit:80de1342a3e9944829ab101957c8eddffd3d18cb805507bed707b0e306d3b433,2026-08-01T06:29:37+00:00,1129,336,162,72,3.495,631.4000000000001,20,fit:80de1342a3e9944829ab101957c8eddffd3d18cb805507bed707b0e306d3b433:segment:004,4,8465.0,8246,activities/108_260801060832.csv,1,1,0,0
fit:80de1342a3e9944829ab101957c8eddffd3d18cb805507bed707b0e306d3b433,2026-08-01T06:29:38+00:00,1130,328,163,73,3.605,631.4000000000001,20,fit:80de1342a3e9944829ab101957c8eddffd3d18cb805507bed707b0e306d3b433:segment:004,4,8466.0,8247,activities/108_260801060832.csv,1,1,0,0
fit:80de1342a3e9944829ab101957c8eddffd3d18cb805507bed707b0e306d3b433,2026-08-01T06:29:39+00:00,1131,312,163,74,3.596,631.4000000000001,20,fit:80de1342a3e9944829ab101957c8eddffd3d18cb805507bed707b0e306d3b433:segment:004,4,8467.0,8248,activities/108_260801060832.csv,1,1,0,0
fit:80de1342a3e9944829ab101957c8eddffd3d18cb805507bed707b0e306d3b433,2026-08-01T06:29:40+00:00,1132,340,163,73,3.621,631.4000000000001,20,fit:80de1342a3e9944829ab101957c8eddffd3d18cb805507bed707b0e306d3b433:segment:004,4,8468.0,8249,activities/108_260801060832.csv,1,1,0,0
fit:80de1342a3e9944829ab101957c8eddffd3d18cb805507bed707b0e306d3b433,2026-08-01T06:29:41+00:00,1133,335,163,73,3.731,632.2,20,fit:80de1342a3e9944829ab101957c8eddffd3d18cb805507bed707b0e306d3b433:segment:004,4,8469.0,8250,activities/108_260801060832.csv,1,1,0,0
fit:80de1342a3e9944829ab101957c8eddffd3d18cb805507bed707b0e306d3b433,2026-08-01T06:29:42+00:00,1134,343,163,74,3.725,632.5999999999999,20,fit:80de1342a3e9944829ab101957c8eddffd3d18cb805507bed707b0e306d3b433:segment:004,4,8470.0,8251,activities/108_260801060832.csv,1,1,0,0
fit:80de1342a3e9944829ab101957c8eddffd3d18cb805507bed707b0e306d3b433,2026-08-01T06:29:43+00:00,1135,304,164,73,3.874,633.0,20,fit:80de1342a3e9944829ab101957c8eddffd3d18cb805507bed707b0e306d3b433:segment:004,4,8471.0,8252,activities/108_260801060832.csv,1,1,0,0
fit:80de1342a3e9944829ab101957c8eddffd3d18cb805507bed707b0e306d3b433,2026-08-01T06:29:44+00:00,1136,307,164,72,3.626,633.0,20,fit:80de1342a3e9944829ab101957c8eddffd3d18cb805507bed707b0e306d3b433:segment:004,4,8472.0,8253,activities/108_260801060832.csv,1,1,0,0
fit:80de1342a3e9944829ab101957c8eddffd3d18cb805507bed707b0e306d3b433,2026-08-01T06:29:45+00:00,1137,307,164,69,3.771,633.2,20,fit:80de1342a3e9944829ab101957c8eddffd3d18cb805507bed707b0e306d3b433:segment:004,4,8473.0,8254,activities/108_260801060832.csv,1,1,0,0
fit:80de1342a3e9944829ab101957c8eddffd3d18cb805507bed707b0e306d3b433,2026-08-01T06:29:46+00:00,1138,323,164,67,3.61,634.2,20,fit:80de1342a3e9944829ab101957c8eddffd3d18cb805507bed707b0e306d3b433:segment:004,4,8474.0,8255,activities/108_260801060832.csv,1,1,0,0
fit:80de1342a3e9944829ab101957c8eddffd3d18cb805507bed707b0e306d3b433,2026-08-01T06:29:47+00:00,1139,304,165,66,3.365,634.8,20,fit:80de1342a3e9944829ab101957c8eddffd3d18cb805507bed707b0e306d3b433:segment:004,4,8475.0,8256,activities/108_260801060832.csv,1,1,0,0
fit:80de1342a3e9944829ab101957c8eddffd3d18cb805507bed707b0e306d3b433,2026-08-01T06:29:48+00:00,1140,287,166,67,3.451,634.8,20,fit:80de1342a3e9944829ab101957c8eddffd3d18cb805507bed707b0e306d3b433:segment:004,4,8476.0,8257,activities/108_260801060832.csv,1,1,0,0
fit:80de1342a3e9944829ab101957c8eddffd3d18cb805507bed707b0e306d3b433,2026-08-01T06:29:49+00:00,1141,283,167,68,3.612,634.8,20,fit:80de1342a3e9944829ab101957c8eddffd3d18cb805507bed707b0e306d3b433:segment:004,4,8477.0,8258,activities/108_260801060832.csv,1,1,0,0
fit:80de1342a3e9944829ab101957c8eddffd3d18cb805507bed707b0e306d3b433,2026-08-01T06:29:50+00:00,1142,283,167,70,3.391,634.8,20,fit:80de1342a3e9944829ab101957c8eddffd3d18cb805507bed707b0e306d3b433:segment:004,4,8478.0,8259,activities/108_260801060832.csv,1,1,0,0
fit:80de1342a3e9944829ab101957c8eddffd3d18cb805507bed707b0e306d3b433,2026-08-01T06:29:51+00:00,1143,283,168,70,3.277,634.8,20,fit:80de1342a3e9944829ab101957c8eddffd3d18cb805507bed707b0e306d3b433:segment:004,4,8479.0,8260,activities/108_260801060832.csv,1,1,0,0
fit:80de1342a3e9944829ab101957c8eddffd3d18cb805507bed707b0e306d3b433,2026-08-01T06:29:52+00:00,1144,314,168,38,3.073,635.8,20,fit:80de1342a3e9944829ab101957c8eddffd3d18cb805507bed707b0e306d3b433:segment:004,4,8480.0,8261,activities/108_260801060832.csv,1,1,0,0
fit:80de1342a3e9944829ab101957c8eddffd3d18cb805507bed707b0e306d3b433,2026-08-01T06:29:53+00:00,1145,333,168,61,3.063,636.2,20,fit:80de1342a3e9944829ab101957c8eddffd3d18cb805507bed707b0e306d3b433:segment:004,4,8481.0,8262,activities/108_260801060832.csv,1,1,0,0
fit:80de1342a3e9944829ab101957c8eddffd3d18cb805507bed707b0e306d3b433,2026-08-01T06:29:54+00:00,1146,260,168,68,3.152,636.2,20,fit:80de1342a3e9944829ab101957c8eddffd3d18cb805507bed707b0e306d3b433:segment:004,4,8482.0,8263,activities/108_260801060832.csv,1,1,0,0
fit:80de1342a3e9944829ab101957c8eddffd3d18cb805507bed707b0e306d3b433,2026-08-01T06:29:55+00:00,1147,262,168,72,3.344,636.2,20,fit:80de1342a3e9944829ab101957c8eddffd3d18cb805507bed707b0e306d3b433:segment:004,4,8483.0,8264,activities/108_260801060832.csv,1,1,0,0
fit:80de1342a3e9944829ab101957c8eddffd3d18cb805507bed707b0e306d3b433,2026-08-01T06:29:56+00:00,1148,262,168,72,3.495,636.2,20,fit:80de1342a3e9944829ab101957c8eddffd3d18cb805507bed707b0e306d3b433:segment:004,4,8484.0,8265,activities/108_260801060832.csv,1,1,0,0
fit:80de1342a3e9944829ab101957c8eddffd3d18cb805507bed707b0e306d3b433,2026-08-01T06:29:57+00:00,1149,261,168,72,3.58,636.5999999999999,20,fit:80de1342a3e9944829ab101957c8eddffd3d18cb805507bed707b0e306d3b433:segment:004,4,8485.0,8266,activities/108_260801060832.csv,1,1,0,0
fit:80de1342a3e9944829ab101957c8eddffd3d18cb805507bed707b0e306d3b433,2026-08-01T06:29:58+00:00,1150,258,168,72,3.556,637.0,20,fit:80de1342a3e9944829ab101957c8eddffd3d18cb805507bed707b0e306d3b433:segment:004,4,8486.0,8267,activities/108_260801060832.csv,1,1,0,0
fit:80de1342a3e9944829ab101957c8eddffd3d18cb805507bed707b0e306d3b433,2026-08-01T06:29:59+00:00,1151,258,168,70,3.521,637.2,20,fit:80de1342a3e9944829ab101957c8eddffd3d18cb805507bed707b0e306d3b433:segment:004,4,8487.0,8268,activities/108_260801060832.csv,1,1,0,0
fit:80de1342a3e9944829ab101957c8eddffd3d18cb805507bed707b0e306d3b433,2026-08-01T06:30:00+00:00,1152,258,167,68,3.471,637.2,20,fit:80de1342a3e9944829ab101957c8eddffd3d18cb805507bed707b0e306d3b433:segment:004,4,8488.0,8269,activities/108_260801060832.csv,1,1,0,0
fit:80de1342a3e9944829ab101957c8eddffd3d18cb805507bed707b0e306d3b433,2026-08-01T06:30:01+00:00,1153,256,167,68,3.408,637.2,20,fit:80de1342a3e9944829ab101957c8eddffd3d18cb805507bed707b0e306d3b433:segment:004,4,8489.0,8270,activities/108_260801060832.csv,1,1,0,0
fit:80de1342a3e9944829ab101957c8eddffd3d18cb805507bed707b0e306d3b433,2026-08-01T06:30:02+00:00,1154,246,167,66,3.404,637.2,20,fit:80de1342a3e9944829ab101957c8eddffd3d18cb805507bed707b0e306d3b433:segment:004,4,8490.0,8271,activities/108_260801060832.csv,1,1,0,0
fit:80de1342a3e9944829ab101957c8eddffd3d18cb805507bed707b0e306d3b433,2026-08-01T06:30:03+00:00,1155,272,166,66,3.154,638.2,20,fit:80de1342a3e9944829ab101957c8eddffd3d18cb805507bed707b0e306d3b433:segment:004,4,8491.0,8272,activities/108_260801060832.csv,1,1,0,0
fit:80de1342a3e9944829ab101957c8eddffd3d18cb805507bed707b0e306d3b433,2026-08-01T06:30:04+00:00,1156,272,166,66,3.261,638.8,21,fit:80de1342a3e9944829ab101957c8eddffd3d18cb805507bed707b0e306d3b433:segment:004,4,8492.0,8273,activities/108_260801060832.csv,1,1,0,0
fit:80de1342a3e9944829ab101957c8eddffd3d18cb805507bed707b0e306d3b433,2026-08-01T06:30:05+00:00,1157,279,166,66,3.256,638.8,20,fit:80de1342a3e9944829ab101957c8eddffd3d18cb805507bed707b0e306d3b433:segment:004,4,8493.0,8274,activities/108_260801060832.csv,1,1,0,0
fit:80de1342a3e9944829ab101957c8eddffd3d18cb805507bed707b0e306d3b433,2026-08-01T06:30:06+00:00,1158,288,166,68,3.444,639.0,20,fit:80de1342a3e9944829ab101957c8eddffd3d18cb805507bed707b0e306d3b433:segment:004,4,8494.0,8275,activities/108_260801060832.csv,1,1,0,0
fit:80de1342a3e9944829ab101957c8eddffd3d18cb805507bed707b0e306d3b433,2026-08-01T06:30:07+00:00,1159,286,166,68,3.271,639.4000000000001,20,fit:80de1342a3e9944829ab101957c8eddffd3d18cb805507bed707b0e306d3b433:segment:004,4,8495.0,8276,activities/108_260801060832.csv,1,1,0,0
fit:80de1342a3e9944829ab101957c8eddffd3d18cb805507bed707b0e306d3b433,2026-08-01T06:30:08+00:00,1160,304,166,67,3.145,640.0,20,fit:80de1342a3e9944829ab101957c8eddffd3d18cb805507bed707b0e306d3b433:segment:004,4,8496.0,8277,activities/108_260801060832.csv,1,1,0,0
fit:80de1342a3e9944829ab101957c8eddffd3d18cb805507bed707b0e306d3b433,2026-08-01T06:30:09+00:00,1161,295,166,68,3.366,640.0,20,fit:80de1342a3e9944829ab101957c8eddffd3d18cb805507bed707b0e306d3b433:segment:004,4,8497.0,8278,activities/108_260801060832.csv,1,1,0,0
fit:80de1342a3e9944829ab101957c8eddffd3d18cb805507bed707b0e306d3b433,2026-08-01T06:30:10+00:00,1162,295,166,68,3.384,640.4000000000001,20,fit:80de1342a3e9944829ab101957c8eddffd3d18cb805507bed707b0e306d3b433:segment:004,4,8498.0,8279,activities/108_260801060832.csv,1,1,0,0
fit:80de1342a3e9944829ab101957c8eddffd3d18cb805507bed707b0e306d3b433,2026-08-01T06:30:11+00:00,1163,280,166,68,3.435,641.0,20,fit:80de1342a3e9944829ab101957c8eddffd3d18cb805507bed707b0e306d3b433:segment:004,4,8499.0,8280,activities/108_260801060832.csv,1,1,0,0
fit:80de1342a3e9944829ab101957c8eddffd3d18cb805507bed707b0e306d3b433,2026-08-01T06:30:12+00:00,1164,278,166,68,3.378,641.0,20,fit:80de1342a3e9944829ab101957c8eddffd3d18cb805507bed707b0e306d3b433:segment:004,4,8500.0,8281,activities/108_260801060832.csv,1,1,0,0
fit:80de1342a3e9944829ab101957c8eddffd3d18cb805507bed707b0e306d3b433,2026-08-01T06:30:13+00:00,1165,280,167,67,3.231,641.4000000000001,20,fit:80de1342a3e9944829ab101957c8eddffd3d18cb805507bed707b0e306d3b433:segment:004,4,8501.0,8282,activities/108_260801060832.csv,1,1,0,0
fit:80de1342a3e9944829ab101957c8eddffd3d18cb805507bed707b0e306d3b433,2026-08-01T06:30:14+00:00,1166,309,167,66,3.28,641.5999999999999,20,fit:80de1342a3e9944829ab101957c8eddffd3d18cb805507bed707b0e306d3b433:segment:004,4,8502.0,8283,activities/108_260801060832.csv,1,1,0,0
fit:80de1342a3e9944829ab101957c8eddffd3d18cb805507bed707b0e306d3b433,2026-08-01T06:30:15+00:00,1167,326,167,65,3.356,641.5999999999999,20,fit:80de1342a3e9944829ab101957c8eddffd3d18cb805507bed707b0e306d3b433:segment:004,4,8503.0,8284,activities/108_260801060832.csv,1,1,0,0
fit:80de1342a3e9944829ab101957c8eddffd3d18cb805507bed707b0e306d3b433,2026-08-01T06:30:16+00:00,1168,313,167,66,3.204,641.5999999999999,20,fit:80de1342a3e9944829ab101957c8eddffd3d18cb805507bed707b0e306d3b433:segment:004,4,8504.0,8285,activities/108_260801060832.csv,1,1,0,0
fit:80de1342a3e9944829ab101957c8eddffd3d18cb805507bed707b0e306d3b433,2026-08-01T06:30:17+00:00,1169,305,167,65,3.22,641.5999999999999,20,fit:80de1342a3e9944829ab101957c8eddffd3d18cb805507bed707b0e306d3b433:segment:004,4,8505.0,8286,activities/108_260801060832.csv,1,1,0,0
fit:80de1342a3e9944829ab101957c8eddffd3d18cb805507bed707b0e306d3b433,2026-08-01T06:30:18+00:00,1170,291,167,65,3.222,642.5999999999999,20,fit:80de1342a3e9944829ab101957c8eddffd3d18cb805507bed707b0e306d3b433:segment:004,4,8506.0,8287,activities/108_260801060832.csv,1,1,0,0
fit:80de1342a3e9944829ab101957c8eddffd3d18cb805507bed707b0e306d3b433,2026-08-01T06:30:19+00:00,1171,316,167,65,3.168,642.8,20,fit:80de1342a3e9944829ab101957c8eddffd3d18cb805507bed707b0e306d3b433:segment:004,4,8507.0,8288,activities/108_260801060832.csv,1,1,0,0
fit:80de1342a3e9944829ab101957c8eddffd3d18cb805507bed707b0e306d3b433,2026-08-01T06:30:20+00:00,1172,320,168,64,3.259,643.2,20,fit:80de1342a3e9944829ab101957c8eddffd3d18cb805507bed707b0e306d3b433:segment:004,4,8508.0,8289,activities/108_260801060832.csv,1,1,0,0
fit:80de1342a3e9944829ab101957c8eddffd3d18cb805507bed707b0e306d3b433,2026-08-01T06:30:21+00:00,1173,320,168,63,3.254,643.5999999999999,20,fit:80de1342a3e9944829ab101957c8eddffd3d18cb805507bed707b0e306d3b433:segment:004,4,8509.0,8290,activities/108_260801060832.csv,1,1,0,0
fit:80de1342a3e9944829ab101957c8eddffd3d18cb805507bed707b0e306d3b433,2026-08-01T06:30:22+00:00,1174,303,168,61,3.015,644.0,20,fit:80de1342a3e9944829ab101957c8eddffd3d18cb805507bed707b0e306d3b433:segment:004,4,8510.0,8291,activities/108_260801060832.csv,1,1,0,0
fit:80de1342a3e9944829ab101957c8eddffd3d18cb805507bed707b0e306d3b433,2026-08-01T06:30:23+00:00,1175,362,167,61,3.172,644.0,20,fit:80de1342a3e9944829ab101957c8eddffd3d18cb805507bed707b0e306d3b433:segment:004,4,8511.0,8292,activities/108_260801060832.csv,1,1,0,0
fit:80de1342a3e9944829ab101957c8eddffd3d18cb805507bed707b0e306d3b433,2026-08-01T06:30:24+00:00,1176,315,166,64,3.096,644.0,20,fit:80de1342a3e9944829ab101957c8eddffd3d18cb805507bed707b0e306d3b433:segment:004,4,8512.0,8293,activities/108_260801060832.csv,1,1,0,0
fit:80de1342a3e9944829ab101957c8eddffd3d18cb805507bed707b0e306d3b433,2026-08-01T06:30:25+00:00,1177,324,165,64,3.071,644.0,20,fit:80de1342a3e9944829ab101957c8eddffd3d18cb805507bed707b0e306d3b433:segment:004,4,8513.0,8294,activities/108_260801060832.csv,1,1,0,0
fit:80de1342a3e9944829ab101957c8eddffd3d18cb805507bed707b0e306d3b433,2026-08-01T06:30:26+00:00,1178,325,165,63,3.078,645.0,20,fit:80de1342a3e9944829ab101957c8eddffd3d18cb805507bed707b0e306d3b433:segment:004,4,8514.0,8295,activities/108_260801060832.csv,1,1,0,0
fit:80de1342a3e9944829ab101957c8eddffd3d18cb805507bed707b0e306d3b433,2026-08-01T06:30:27+00:00,1179,320,165,62,3.091,645.4000000000001,20,fit:80de1342a3e9944829ab101957c8eddffd3d18cb805507bed707b0e306d3b433:segment:004,4,8515.0,8296,activities/108_260801060832.csv,1,1,0,0
fit:80de1342a3e9944829ab101957c8eddffd3d18cb805507bed707b0e306d3b433,2026-08-01T06:30:28+00:00,1180,326,165,61,3.077,645.8,20,fit:80de1342a3e9944829ab101957c8eddffd3d18cb805507bed707b0e306d3b433:segment:004,4,8516.0,8297,activities/108_260801060832.csv,1,1,0,0
fit:80de1342a3e9944829ab101957c8eddffd3d18cb805507bed707b0e306d3b433,2026-08-01T06:30:29+00:00,1181,313,165,62,3.087,646.2,21,fit:80de1342a3e9944829ab101957c8eddffd3d18cb805507bed707b0e306d3b433:segment:004,4,8517.0,8298,activities/108_260801060832.csv,1,1,0,0
fit:80de1342a3e9944829ab101957c8eddffd3d18cb805507bed707b0e306d3b433,2026-08-01T06:30:30+00:00,1182,316,165,61,2.906,646.4000000000001,21,fit:80de1342a3e9944829ab101957c8eddffd3d18cb805507bed707b0e306d3b433:segment:004,4,8518.0,8299,activities/108_260801060832.csv,1,1,0,0
fit:80de1342a3e9944829ab101957c8eddffd3d18cb805507bed707b0e306d3b433,2026-08-01T06:30:31+00:00,1183,316,165,61,2.881,646.8,21,fit:80de1342a3e9944829ab101957c8eddffd3d18cb805507bed707b0e306d3b433:segment:004,4,8519.0,8300,activities/108_260801060832.csv,1,1,0,0
fit:80de1342a3e9944829ab101957c8eddffd3d18cb805507bed707b0e306d3b433,2026-08-01T06:30:32+00:00,1184,334,165,62,2.897,646.8,21,fit:80de1342a3e9944829ab101957c8eddffd3d18cb805507bed707b0e306d3b433:segment:004,4,8520.0,8301,activities/108_260801060832.csv,1,1,0,0
fit:80de1342a3e9944829ab101957c8eddffd3d18cb805507bed707b0e306d3b433,2026-08-01T06:30:33+00:00,1185,334,165,63,2.93,647.2,21,fit:80de1342a3e9944829ab101957c8eddffd3d18cb805507bed707b0e306d3b433:segment:004,4,8521.0,8302,activities/108_260801060832.csv,1,1,0,0
fit:80de1342a3e9944829ab101957c8eddffd3d18cb805507bed707b0e306d3b433,2026-08-01T06:30:34+00:00,1186,300,165,62,2.932,647.5999999999999,21,fit:80de1342a3e9944829ab101957c8eddffd3d18cb805507bed707b0e306d3b433:segment:004,4,8522.0,8303,activities/108_260801060832.csv,1,1,0,0
fit:80de1342a3e9944829ab101957c8eddffd3d18cb805507bed707b0e306d3b433,2026-08-01T06:30:35+00:00,1187,316,165,61,3.164,648.2,21,fit:80de1342a3e9944829ab101957c8eddffd3d18cb805507bed707b0e306d3b433:segment:004,4,8523.0,8304,activities/108_260801060832.csv,1,1,0,0
fit:80de1342a3e9944829ab101957c8eddffd3d18cb805507bed707b0e306d3b433,2026-08-01T06:30:36+00:00,1188,317,166,60,3.098,648.2,21,fit:80de1342a3e9944829ab101957c8eddffd3d18cb805507bed707b0e306d3b433:segment:004,4,8524.0,8305,activities/108_260801060832.csv,1,1,0,0
fit:80de1342a3e9944829ab101957c8eddffd3d18cb805507bed707b0e306d3b433,2026-08-01T06:30:37+00:00,1189,295,166,59,2.917,649.2,21,fit:80de1342a3e9944829ab101957c8eddffd3d18cb805507bed707b0e306d3b433:segment:004,4,8525.0,8306,activities/108_260801060832.csv,1,1,0,0
fit:80de1342a3e9944829ab101957c8eddffd3d18cb805507bed707b0e306d3b433,2026-08-01T06:30:38+00:00,1190,293,166,59,2.808,649.2,21,fit:80de1342a3e9944829ab101957c8eddffd3d18cb805507bed707b0e306d3b433:segment:004,4,8526.0,8307,activities/108_260801060832.csv,1,1,0,0
fit:80de1342a3e9944829ab101957c8eddffd3d18cb805507bed707b0e306d3b433,2026-08-01T06:30:39+00:00,1191,296,166,60,2.814,649.2,21,fit:80de1342a3e9944829ab101957c8eddffd3d18cb805507bed707b0e306d3b433:segment:004,4,8527.0,8308,activities/108_260801060832.csv,1,1,0,0
fit:80de1342a3e9944829ab101957c8eddffd3d18cb805507bed707b0e306d3b433,2026-08-01T06:30:40+00:00,1192,296,166,60,2.824,649.2,21,fit:80de1342a3e9944829ab101957c8eddffd3d18cb805507bed707b0e306d3b433:segment:004,4,8528.0,8309,activities/108_260801060832.csv,1,1,0,0
fit:80de1342a3e9944829ab101957c8eddffd3d18cb805507bed707b0e306d3b433,2026-08-01T06:30:41+00:00,1193,278,166,59,2.856,649.2,21,fit:80de1342a3e9944829ab101957c8eddffd3d18cb805507bed707b0e306d3b433:segment:004,4,8529.0,8310,activities/108_260801060832.csv,1,1,0,0
fit:80de1342a3e9944829ab101957c8eddffd3d18cb805507bed707b0e306d3b433,2026-08-01T06:30:42+00:00,1194,277,166,59,2.496,649.2,21,fit:80de1342a3e9944829ab101957c8eddffd3d18cb805507bed707b0e306d3b433:segment:004,4,8530.0,8311,activities/108_260801060832.csv,1,1,0,0
fit:80de1342a3e9944829ab101957c8eddffd3d18cb805507bed707b0e306d3b433,2026-08-01T06:30:43+00:00,1195,277,167,59,2.748,650.2,21,fit:80de1342a3e9944829ab101957c8eddffd3d18cb805507bed707b0e306d3b433:segment:004,4,8531.0,8312,activities/108_260801060832.csv,1,1,0,0
fit:80de1342a3e9944829ab101957c8eddffd3d18cb805507bed707b0e306d3b433,2026-08-01T06:30:44+00:00,1196,268,167,60,2.818,650.5999999999999,21,fit:80de1342a3e9944829ab101957c8eddffd3d18cb805507bed707b0e306d3b433:segment:004,4,8532.0,8313,activities/108_260801060832.csv,1,1,0,0
fit:80de1342a3e9944829ab101957c8eddffd3d18cb805507bed707b0e306d3b433,2026-08-01T06:30:45+00:00,1197,256,167,61,2.952,650.5999999999999,21,fit:80de1342a3e9944829ab101957c8eddffd3d18cb805507bed707b0e306d3b433:segment:004,4,8533.0,8314,activities/108_260801060832.csv,1,1,0,0
fit:80de1342a3e9944829ab101957c8eddffd3d18cb805507bed707b0e306d3b433,2026-08-01T06:30:46+00:00,1198,250,168,63,3.055,651.5999999999999,21,fit:80de1342a3e9944829ab101957c8eddffd3d18cb805507bed707b0e306d3b433:segment:004,4,8534.0,8315,activities/108_260801060832.csv,1,1,0,0
fit:80de1342a3e9944829ab101957c8eddffd3d18cb805507bed707b0e306d3b433,2026-08-01T06:30:47+00:00,1199,247,168,64,3.137,651.5999999999999,21,fit:80de1342a3e9944829ab101957c8eddffd3d18cb805507bed707b0e306d3b433:segment:004,4,8535.0,8316,activities/108_260801060832.csv,1,1,0,0
fit:80de1342a3e9944829ab101957c8eddffd3d18cb805507bed707b0e306d3b433,2026-08-01T06:30:48+00:00,1200,260,168,65,2.989,651.5999999999999,21,fit:80de1342a3e9944829ab101957c8eddffd3d18cb805507bed707b0e306d3b433:segment:004,4,8536.0,8317,activities/108_260801060832.csv,1,1,0,0
fit:80de1342a3e9944829ab101957c8eddffd3d18cb805507bed707b0e306d3b433,2026-08-01T06:30:49+00:00,1201,238,168,66,3.301,651.5999999999999,21,fit:80de1342a3e9944829ab101957c8eddffd3d18cb805507bed707b0e306d3b433:segment:004,4,8537.0,8318,activities/108_260801060832.csv,1,1,0,0
fit:80de1342a3e9944829ab101957c8eddffd3d18cb805507bed707b0e306d3b433,2026-08-01T06:30:50+00:00,1202,230,167,65,3.487,652.5999999999999,21,fit:80de1342a3e9944829ab101957c8eddffd3d18cb805507bed707b0e306d3b433:segment:004,4,8538.0,8319,activities/108_260801060832.csv,1,1,0,0
fit:80de1342a3e9944829ab101957c8eddffd3d18cb805507bed707b0e306d3b433,2026-08-01T06:30:51+00:00,1203,264,167,64,3.426,652.8,21,fit:80de1342a3e9944829ab101957c8eddffd3d18cb805507bed707b0e306d3b433:segment:004,4,8539.0,8320,activities/108_260801060832.csv,1,1,0,0
fit:80de1342a3e9944829ab101957c8eddffd3d18cb805507bed707b0e306d3b433,2026-08-01T06:30:52+00:00,1204,268,167,63,3.128,652.8,21,fit:80de1342a3e9944829ab101957c8eddffd3d18cb805507bed707b0e306d3b433:segment:004,4,8540.0,8321,activities/108_260801060832.csv,1,1,0,0
fit:80de1342a3e9944829ab101957c8eddffd3d18cb805507bed707b0e306d3b433,2026-08-01T06:30:53+00:00,1205,270,167,63,2.898,652.8,21,fit:80de1342a3e9944829ab101957c8eddffd3d18cb805507bed707b0e306d3b433:segment:004,4,8541.0,8322,activities/108_260801060832.csv,1,1,0,0
fit:80de1342a3e9944829ab101957c8eddffd3d18cb805507bed707b0e306d3b433,2026-08-01T06:30:54+00:00,1206,263,167,61,2.942,652.8,21,fit:80de1342a3e9944829ab101957c8eddffd3d18cb805507bed707b0e306d3b433:segment:004,4,8542.0,8323,activities/108_260801060832.csv,1,1,0,0
fit:80de1342a3e9944829ab101957c8eddffd3d18cb805507bed707b0e306d3b433,2026-08-01T06:30:55+00:00,1207,264,166,59,2.867,652.8,21,fit:80de1342a3e9944829ab101957c8eddffd3d18cb805507bed707b0e306d3b433:segment:004,4,8543.0,8324,activities/108_260801060832.csv,1,1,0,0
fit:80de1342a3e9944829ab101957c8eddffd3d18cb805507bed707b0e306d3b433,2026-08-01T06:30:56+00:00,1208,273,166,59,2.607,652.8,21,fit:80de1342a3e9944829ab101957c8eddffd3d18cb805507bed707b0e306d3b433:segment:004,4,8544.0,8325,activities/108_260801060832.csv,1,1,0,0
fit:80de1342a3e9944829ab101957c8eddffd3d18cb805507bed707b0e306d3b433,2026-08-01T06:30:57+00:00,1209,327,166,59,2.85,653.8,21,fit:80de1342a3e9944829ab101957c8eddffd3d18cb805507bed707b0e306d3b433:segment:004,4,8545.0,8326,activities/108_260801060832.csv,1,1,0,0
fit:80de1342a3e9944829ab101957c8eddffd3d18cb805507bed707b0e306d3b433,2026-08-01T06:30:58+00:00,1210,291,166,63,2.884,654.8,21,fit:80de1342a3e9944829ab101957c8eddffd3d18cb805507bed707b0e306d3b433:segment:004,4,8546.0,8327,activities/108_260801060832.csv,1,1,0,0
fit:80de1342a3e9944829ab101957c8eddffd3d18cb805507bed707b0e306d3b433,2026-08-01T06:30:59+00:00,1211,275,166,65,3.007,655.0,21,fit:80de1342a3e9944829ab101957c8eddffd3d18cb805507bed707b0e306d3b433:segment:004,4,8547.0,8328,activities/108_260801060832.csv,1,1,0,0
fit:80de1342a3e9944829ab101957c8eddffd3d18cb805507bed707b0e306d3b433,2026-08-01T06:31:00+00:00,1212,276,166,67,3.044,655.5999999999999,21,fit:80de1342a3e9944829ab101957c8eddffd3d18cb805507bed707b0e306d3b433:segment:004,4,8548.0,8329,activities/108_260801060832.csv,1,1,0,0
fit:80de1342a3e9944829ab101957c8eddffd3d18cb805507bed707b0e306d3b433,2026-08-01T06:31:01+00:00,1213,262,166,67,3.236,656.5999999999999,21,fit:80de1342a3e9944829ab101957c8eddffd3d18cb805507bed707b0e306d3b433:segment:004,4,8549.0,8330,activities/108_260801060832.csv,1,1,0,0
fit:80de1342a3e9944829ab101957c8eddffd3d18cb805507bed707b0e306d3b433,2026-08-01T06:31:02+00:00,1214,272,166,66,3.209,656.5999999999999,21,fit:80de1342a3e9944829ab101957c8eddffd3d18cb805507bed707b0e306d3b433:segment:004,4,8550.0,8331,activities/108_260801060832.csv,1,1,0,0
fit:80de1342a3e9944829ab101957c8eddffd3d18cb805507bed707b0e306d3b433,2026-08-01T06:31:03+00:00,1215,272,166,65,3.374,656.5999999999999,21,fit:80de1342a3e9944829ab101957c8eddffd3d18cb805507bed707b0e306d3b433:segment:004,4,8551.0,8332,activities/108_260801060832.csv,1,1,0,0
fit:80de1342a3e9944829ab101957c8eddffd3d18cb805507bed707b0e306d3b433,2026-08-01T06:31:04+00:00,1216,288,166,65,3.27,656.5999999999999,21,fit:80de1342a3e9944829ab101957c8eddffd3d18cb805507bed707b0e306d3b433:segment:004,4,8552.0,8333,activities/108_260801060832.csv,1,1,0,0
fit:80de1342a3e9944829ab101957c8eddffd3d18cb805507bed707b0e306d3b433,2026-08-01T06:31:05+00:00,1217,287,166,64,3.148,656.5999999999999,21,fit:80de1342a3e9944829ab101957c8eddffd3d18cb805507bed707b0e306d3b433:segment:004,4,8553.0,8334,activities/108_260801060832.csv,1,1,0,0
fit:80de1342a3e9944829ab101957c8eddffd3d18cb805507bed707b0e306d3b433,2026-08-01T06:31:06+00:00,1218,266,166,65,3.223,657.4000000000001,21,fit:80de1342a3e9944829ab101957c8eddffd3d18cb805507bed707b0e306d3b433:segment:004,4,8554.0,8335,activities/108_260801060832.csv,1,1,0,0
fit:80de1342a3e9944829ab101957c8eddffd3d18cb805507bed707b0e306d3b433,2026-08-01T06:31:07+00:00,1219,266,166,64,3.226,657.5999999999999,21,fit:80de1342a3e9944829ab101957c8eddffd3d18cb805507bed707b0e306d3b433:segment:004,4,8555.0,8336,activities/108_260801060832.csv,1,1,0,0
fit:80de1342a3e9944829ab101957c8eddffd3d18cb805507bed707b0e306d3b433,2026-08-01T06:31:08+00:00,1220,309,166,64,3.259,657.8,21,fit:80de1342a3e9944829ab101957c8eddffd3d18cb805507bed707b0e306d3b433:segment:004,4,8556.0,8337,activities/108_260801060832.csv,1,1,0,0
fit:80de1342a3e9944829ab101957c8eddffd3d18cb805507bed707b0e306d3b433,2026-08-01T06:31:09+00:00,1221,292,166,66,3.335,657.8,21,fit:80de1342a3e9944829ab101957c8eddffd3d18cb805507bed707b0e306d3b433:segment:004,4,8557.0,8338,activities/108_260801060832.csv,1,1,0,0
fit:80de1342a3e9944829ab101957c8eddffd3d18cb805507bed707b0e306d3b433,2026-08-01T06:31:10+00:00,1222,298,165,69,3.448,657.8,21,fit:80de1342a3e9944829ab101957c8eddffd3d18cb805507bed707b0e306d3b433:segment:004,4,8558.0,8339,activities/108_260801060832.csv,1,1,0,0
fit:80de1342a3e9944829ab101957c8eddffd3d18cb805507bed707b0e306d3b433,2026-08-01T06:31:11+00:00,1223,293,165,69,3.459,657.8,21,fit:80de1342a3e9944829ab101957c8eddffd3d18cb805507bed707b0e306d3b433:segment:004,4,8559.0,8340,activities/108_260801060832.csv,1,1,0,0
fit:80de1342a3e9944829ab101957c8eddffd3d18cb805507bed707b0e306d3b433,2026-08-01T06:31:12+00:00,1224,299,165,70,3.649,658.5999999999999,21,fit:80de1342a3e9944829ab101957c8eddffd3d18cb805507bed707b0e306d3b433:segment:004,4,8560.0,8341,activities/108_260801060832.csv,1,1,0,0
fit:80de1342a3e9944829ab101957c8eddffd3d18cb805507bed707b0e306d3b433,2026-08-01T06:31:13+00:00,1225,269,165,71,3.57,658.5999999999999,21,fit:80de1342a3e9944829ab101957c8eddffd3d18cb805507bed707b0e306d3b433:segment:004,4,8561.0,8342,activities/108_260801060832.csv,1,1,0,0
fit:80de1342a3e9944829ab101957c8eddffd3d18cb805507bed707b0e306d3b433,2026-08-01T06:31:14+00:00,1226,268,165,72,3.455,659.5999999999999,21,fit:80de1342a3e9944829ab101957c8eddffd3d18cb805507bed707b0e306d3b433:segment:004,4,8562.0,8343,activities/108_260801060832.csv,1,1,0,0
fit:80de1342a3e9944829ab101957c8eddffd3d18cb805507bed707b0e306d3b433,2026-08-01T06:31:15+00:00,1227,281,164,71,3.469,659.5999999999999,21,fit:80de1342a3e9944829ab101957c8eddffd3d18cb805507bed707b0e306d3b433:segment:004,4,8563.0,8344,activities/108_260801060832.csv,1,1,0,0
fit:80de1342a3e9944829ab101957c8eddffd3d18cb805507bed707b0e306d3b433,2026-08-01T06:31:16+00:00,1228,281,164,71,3.576,659.5999999999999,21,fit:80de1342a3e9944829ab101957c8eddffd3d18cb805507bed707b0e306d3b433:segment:004,4,8564.0,8345,activities/108_260801060832.csv,1,1,0,0
fit:80de1342a3e9944829ab101957c8eddffd3d18cb805507bed707b0e306d3b433,2026-08-01T06:31:17+00:00,1229,282,164,71,3.651,659.5999999999999,21,fit:80de1342a3e9944829ab101957c8eddffd3d18cb805507bed707b0e306d3b433:segment:004,4,8565.0,8346,activities/108_260801060832.csv,1,1,0,0
fit:80de1342a3e9944829ab101957c8eddffd3d18cb805507bed707b0e306d3b433,2026-08-01T06:31:18+00:00,1230,242,164,72,3.642,659.5999999999999,21,fit:80de1342a3e9944829ab101957c8eddffd3d18cb805507bed707b0e306d3b433:segment:004,4,8566.0,8347,activities/108_260801060832.csv,1,1,0,0
fit:80de1342a3e9944829ab101957c8eddffd3d18cb805507bed707b0e306d3b433,2026-08-01T06:31:19+00:00,1231,255,164,72,3.595,659.5999999999999,21,fit:80de1342a3e9944829ab101957c8eddffd3d18cb805507bed707b0e306d3b433:segment:004,4,8567.0,8348,activities/108_260801060832.csv,1,1,0,0
fit:80de1342a3e9944829ab101957c8eddffd3d18cb805507bed707b0e306d3b433,2026-08-01T06:31:20+00:00,1232,283,164,71,3.528,660.5999999999999,21,fit:80de1342a3e9944829ab101957c8eddffd3d18cb805507bed707b0e306d3b433:segment:004,4,8568.0,8349,activities/108_260801060832.csv,1,1,0,0
fit:80de1342a3e9944829ab101957c8eddffd3d18cb805507bed707b0e306d3b433,2026-08-01T06:31:21+00:00,1233,190,164,69,3.47,661.0,21,fit:80de1342a3e9944829ab101957c8eddffd3d18cb805507bed707b0e306d3b433:segment:004,4,8569.0,8350,activities/108_260801060832.csv,1,1,0,0
fit:80de1342a3e9944829ab101957c8eddffd3d18cb805507bed707b0e306d3b433,2026-08-01T06:31:22+00:00,1234,164,164,69,3.284,661.8,21,fit:80de1342a3e9944829ab101957c8eddffd3d18cb805507bed707b0e306d3b433:segment:004,4,8570.0,8351,activities/108_260801060832.csv,1,1,0,0
fit:80de1342a3e9944829ab101957c8eddffd3d18cb805507bed707b0e306d3b433,2026-08-01T06:31:23+00:00,1235,241,164,66,3.198,661.8,21,fit:80de1342a3e9944829ab101957c8eddffd3d18cb805507bed707b0e306d3b433:segment:004,4,8571.0,8352,activities/108_260801060832.csv,1,1,0,0
fit:80de1342a3e9944829ab101957c8eddffd3d18cb805507bed707b0e306d3b433,2026-08-01T06:31:24+00:00,1236,290,164,63,3.071,661.8,21,fit:80de1342a3e9944829ab101957c8eddffd3d18cb805507bed707b0e306d3b433:segment:004,4,8572.0,8353,activities/108_260801060832.csv,1,1,0,0
fit:80de1342a3e9944829ab101957c8eddffd3d18cb805507bed707b0e306d3b433,2026-08-01T06:31:25+00:00,1237,272,163,64,2.969,661.8,21,fit:80de1342a3e9944829ab101957c8eddffd3d18cb805507bed707b0e306d3b433:segment:004,4,8573.0,8354,activities/108_260801060832.csv,1,1,0,0
fit:80de1342a3e9944829ab101957c8eddffd3d18cb805507bed707b0e306d3b433,2026-08-01T06:31:26+00:00,1238,266,164,66,3.019,661.8,21,fit:80de1342a3e9944829ab101957c8eddffd3d18cb805507bed707b0e306d3b433:segment:004,4,8574.0,8355,activities/108_260801060832.csv,1,1,0,0
fit:80de1342a3e9944829ab101957c8eddffd3d18cb805507bed707b0e306d3b433,2026-08-01T06:31:27+00:00,1239,266,164,66,3.143,662.8,21,fit:80de1342a3e9944829ab101957c8eddffd3d18cb805507bed707b0e306d3b433:segment:004,4,8575.0,8356,activities/108_260801060832.csv,1,1,0,0
fit:80de1342a3e9944829ab101957c8eddffd3d18cb805507bed707b0e306d3b433,2026-08-01T06:31:28+00:00,1240,203,164,66,3.223,662.8,21,fit:80de1342a3e9944829ab101957c8eddffd3d18cb805507bed707b0e306d3b433:segment:004,4,8576.0,8357,activities/108_260801060832.csv,1,1,0,0
fit:80de1342a3e9944829ab101957c8eddffd3d18cb805507bed707b0e306d3b433,2026-08-01T06:31:29+00:00,1241,274,164,64,3.048,663.2,21,fit:80de1342a3e9944829ab101957c8eddffd3d18cb805507bed707b0e306d3b433:segment:004,4,8577.0,8358,activities/108_260801060832.csv,1,1,0,0
fit:80de1342a3e9944829ab101957c8eddffd3d18cb805507bed707b0e306d3b433,2026-08-01T06:31:30+00:00,1242,271,164,63,3.026,663.5999999999999,21,fit:80de1342a3e9944829ab101957c8eddffd3d18cb805507bed707b0e306d3b433:segment:004,4,8578.0,8359,activities/108_260801060832.csv,1,1,0,0
fit:80de1342a3e9944829ab101957c8eddffd3d18cb805507bed707b0e306d3b433,2026-08-01T06:31:31+00:00,1243,283,163,64,3.057,663.8,21,fit:80de1342a3e9944829ab101957c8eddffd3d18cb805507bed707b0e306d3b433:segment:004,4,8579.0,8360,activities/108_260801060832.csv,1,1,0,0
fit:80de1342a3e9944829ab101957c8eddffd3d18cb805507bed707b0e306d3b433,2026-08-01T06:31:32+00:00,1244,283,163,64,2.92,664.2,21,fit:80de1342a3e9944829ab101957c8eddffd3d18cb805507bed707b0e306d3b433:segment:004,4,8580.0,8361,activities/108_260801060832.csv,1,1,0,0
fit:80de1342a3e9944829ab101957c8eddffd3d18cb805507bed707b0e306d3b433,2026-08-01T06:31:33+00:00,1245,317,163,64,2.926,664.4000000000001,21,fit:80de1342a3e9944829ab101957c8eddffd3d18cb805507bed707b0e306d3b433:segment:004,4,8581.0,8362,activities/108_260801060832.csv,1,1,0,0
fit:80de1342a3e9944829ab101957c8eddffd3d18cb805507bed707b0e306d3b433,2026-08-01T06:31:34+00:00,1246,312,163,65,3.049,664.4000000000001,21,fit:80de1342a3e9944829ab101957c8eddffd3d18cb805507bed707b0e306d3b433:segment:004,4,8582.0,8363,activities/108_260801060832.csv,1,1,0,0
fit:80de1342a3e9944829ab101957c8eddffd3d18cb805507bed707b0e306d3b433,2026-08-01T06:31:35+00:00,1247,284,163,66,3.028,664.4000000000001,21,fit:80de1342a3e9944829ab101957c8eddffd3d18cb805507bed707b0e306d3b433:segment:004,4,8583.0,8364,activities/108_260801060832.csv,1,1,0,0
fit:80de1342a3e9944829ab101957c8eddffd3d18cb805507bed707b0e306d3b433,2026-08-01T06:31:36+00:00,1248,299,163,67,3.16,664.4000000000001,21,fit:80de1342a3e9944829ab101957c8eddffd3d18cb805507bed707b0e306d3b433:segment:004,4,8584.0,8365,activities/108_260801060832.csv,1,1,0,0
fit:80de1342a3e9944829ab101957c8eddffd3d18cb805507bed707b0e306d3b433,2026-08-01T06:31:37+00:00,1249,191,164,67,3.075,665.2,21,fit:80de1342a3e9944829ab101957c8eddffd3d18cb805507bed707b0e306d3b433:segment:004,4,8585.0,8366,activities/108_260801060832.csv,1,1,0,0
fit:80de1342a3e9944829ab101957c8eddffd3d18cb805507bed707b0e306d3b433,2026-08-01T06:31:38+00:00,1250,307,164,68,3.155,665.8,21,fit:80de1342a3e9944829ab101957c8eddffd3d18cb805507bed707b0e306d3b433:segment:004,4,8586.0,8367,activities/108_260801060832.csv,1,1,0,0
fit:80de1342a3e9944829ab101957c8eddffd3d18cb805507bed707b0e306d3b433,2026-08-01T06:31:39+00:00,1251,317,164,68,3.197,666.0,21,fit:80de1342a3e9944829ab101957c8eddffd3d18cb805507bed707b0e306d3b433:segment:004,4,8587.0,8368,activities/108_260801060832.csv,1,1,0,0
fit:80de1342a3e9944829ab101957c8eddffd3d18cb805507bed707b0e306d3b433,2026-08-01T06:31:40+00:00,1252,260,164,70,3.195,666.0,21,fit:80de1342a3e9944829ab101957c8eddffd3d18cb805507bed707b0e306d3b433:segment:004,4,8588.0,8369,activities/108_260801060832.csv,1,1,0,0
fit:80de1342a3e9944829ab101957c8eddffd3d18cb805507bed707b0e306d3b433,2026-08-01T06:31:41+00:00,1253,291,164,67,3.186,666.0,21,fit:80de1342a3e9944829ab101957c8eddffd3d18cb805507bed707b0e306d3b433:segment:004,4,8589.0,8370,activities/108_260801060832.csv,1,1,0,0
fit:80de1342a3e9944829ab101957c8eddffd3d18cb805507bed707b0e306d3b433,2026-08-01T06:31:42+00:00,1254,297,164,67,3.041,666.0,21,fit:80de1342a3e9944829ab101957c8eddffd3d18cb805507bed707b0e306d3b433:segment:004,4,8590.0,8371,activities/108_260801060832.csv,1,1,0,0
fit:80de1342a3e9944829ab101957c8eddffd3d18cb805507bed707b0e306d3b433,2026-08-01T06:31:43+00:00,1255,304,164,67,2.97,666.8,21,fit:80de1342a3e9944829ab101957c8eddffd3d18cb805507bed707b0e306d3b433:segment:004,4,8591.0,8372,activities/108_260801060832.csv,1,1,0,0
fit:80de1342a3e9944829ab101957c8eddffd3d18cb805507bed707b0e306d3b433,2026-08-01T06:31:44+00:00,1256,312,164,67,2.987,666.8,21,fit:80de1342a3e9944829ab101957c8eddffd3d18cb805507bed707b0e306d3b433:segment:004,4,8592.0,8373,activities/108_260801060832.csv,1,1,0,0
fit:80de1342a3e9944829ab101957c8eddffd3d18cb805507bed707b0e306d3b433,2026-08-01T06:31:45+00:00,1257,280,164,67,3.105,667.5999999999999,21,fit:80de1342a3e9944829ab101957c8eddffd3d18cb805507bed707b0e306d3b433:segment:004,4,8593.0,8374,activities/108_260801060832.csv,1,1,0,0
fit:80de1342a3e9944829ab101957c8eddffd3d18cb805507bed707b0e306d3b433,2026-08-01T06:31:46+00:00,1258,280,164,66,3.132,668.0,21,fit:80de1342a3e9944829ab101957c8eddffd3d18cb805507bed707b0e306d3b433:segment:004,4,8594.0,8375,activities/108_260801060832.csv,1,1,0,0
fit:80de1342a3e9944829ab101957c8eddffd3d18cb805507bed707b0e306d3b433,2026-08-01T06:31:47+00:00,1259,311,164,66,3.075,668.4000000000001,21,fit:80de1342a3e9944829ab101957c8eddffd3d18cb805507bed707b0e306d3b433:segment:004,4,8595.0,8376,activities/108_260801060832.csv,1,1,0,0
fit:80de1342a3e9944829ab101957c8eddffd3d18cb805507bed707b0e306d3b433,2026-08-01T06:31:48+00:00,1260,291,163,66,2.994,668.5999999999999,21,fit:80de1342a3e9944829ab101957c8eddffd3d18cb805507bed707b0e306d3b433:segment:004,4,8596.0,8377,activities/108_260801060832.csv,1,1,0,0
fit:80de1342a3e9944829ab101957c8eddffd3d18cb805507bed707b0e306d3b433,2026-08-01T06:31:49+00:00,1261,289,163,66,2.97,669.0,21,fit:80de1342a3e9944829ab101957c8eddffd3d18cb805507bed707b0e306d3b433:segment:004,4,8597.0,8378,activities/108_260801060832.csv,1,1,0,0
fit:80de1342a3e9944829ab101957c8eddffd3d18cb805507bed707b0e306d3b433,2026-08-01T06:31:50+00:00,1262,281,164,67,2.955,669.2,21,fit:80de1342a3e9944829ab101957c8eddffd3d18cb805507bed707b0e306d3b433:segment:004,4,8598.0,8379,activities/108_260801060832.csv,1,1,0,0
fit:80de1342a3e9944829ab101957c8eddffd3d18cb805507bed707b0e306d3b433,2026-08-01T06:31:51+00:00,1263,281,164,66,2.995,670.0,21,fit:80de1342a3e9944829ab101957c8eddffd3d18cb805507bed707b0e306d3b433:segment:004,4,8599.0,8380,activities/108_260801060832.csv,1,1,0,0
fit:80de1342a3e9944829ab101957c8eddffd3d18cb805507bed707b0e306d3b433,2026-08-01T06:31:52+00:00,1264,286,164,66,3.108,670.0,21,fit:80de1342a3e9944829ab101957c8eddffd3d18cb805507bed707b0e306d3b433:segment:004,4,8600.0,8381,activities/108_260801060832.csv,1,1,0,0
fit:80de1342a3e9944829ab101957c8eddffd3d18cb805507bed707b0e306d3b433,2026-08-01T06:31:53+00:00,1265,252,163,65,3.145,670.0,21,fit:80de1342a3e9944829ab101957c8eddffd3d18cb805507bed707b0e306d3b433:segment:004,4,8601.0,8382,activities/108_260801060832.csv,1,1,0,0
fit:80de1342a3e9944829ab101957c8eddffd3d18cb805507bed707b0e306d3b433,2026-08-01T06:31:54+00:00,1266,266,163,65,3.267,670.0,21,fit:80de1342a3e9944829ab101957c8eddffd3d18cb805507bed707b0e306d3b433:segment:004,4,8602.0,8383,activities/108_260801060832.csv,1,1,0,0
fit:80de1342a3e9944829ab101957c8eddffd3d18cb805507bed707b0e306d3b433,2026-08-01T06:31:55+00:00,1267,268,164,64,3.167,670.0,21,fit:80de1342a3e9944829ab101957c8eddffd3d18cb805507bed707b0e306d3b433:segment:004,4,8603.0,8384,activities/108_260801060832.csv,1,1,0,0
fit:80de1342a3e9944829ab101957c8eddffd3d18cb805507bed707b0e306d3b433,2026-08-01T06:31:56+00:00,1268,277,163,64,3.11,670.8,21,fit:80de1342a3e9944829ab101957c8eddffd3d18cb805507bed707b0e306d3b433:segment:004,4,8604.0,8385,activities/108_260801060832.csv,1,1,0,0
fit:80de1342a3e9944829ab101957c8eddffd3d18cb805507bed707b0e306d3b433,2026-08-01T06:31:57+00:00,1269,277,163,64,3.094,671.2,21,fit:80de1342a3e9944829ab101957c8eddffd3d18cb805507bed707b0e306d3b433:segment:004,4,8605.0,8386,activities/108_260801060832.csv,1,1,0,0
fit:80de1342a3e9944829ab101957c8eddffd3d18cb805507bed707b0e306d3b433,2026-08-01T06:31:58+00:00,1270,265,164,64,2.915,671.4000000000001,21,fit:80de1342a3e9944829ab101957c8eddffd3d18cb805507bed707b0e306d3b433:segment:004,4,8606.0,8387,activities/108_260801060832.csv,1,1,0,0
fit:80de1342a3e9944829ab101957c8eddffd3d18cb805507bed707b0e306d3b433,2026-08-01T06:31:59+00:00,1271,221,164,64,2.932,672.0,21,fit:80de1342a3e9944829ab101957c8eddffd3d18cb805507bed707b0e306d3b433:segment:004,4,8607.0,8388,activities/108_260801060832.csv,1,1,0,0
fit:80de1342a3e9944829ab101957c8eddffd3d18cb805507bed707b0e306d3b433,2026-08-01T06:32:00+00:00,1272,224,164,61,2.948,672.0,21,fit:80de1342a3e9944829ab101957c8eddffd3d18cb805507bed707b0e306d3b433:segment:004,4,8608.0,8389,activities/108_260801060832.csv,1,1,0,0
fit:80de1342a3e9944829ab101957c8eddffd3d18cb805507bed707b0e306d3b433,2026-08-01T06:32:01+00:00,1273,275,164,60,2.826,672.0,21,fit:80de1342a3e9944829ab101957c8eddffd3d18cb805507bed707b0e306d3b433:segment:004,4,8609.0,8390,activities/108_260801060832.csv,1,1,0,0
fit:80de1342a3e9944829ab101957c8eddffd3d18cb805507bed707b0e306d3b433,2026-08-01T06:32:02+00:00,1274,275,163,62,2.678,672.0,21,fit:80de1342a3e9944829ab101957c8eddffd3d18cb805507bed707b0e306d3b433:segment:004,4,8610.0,8391,activities/108_260801060832.csv,1,1,0,0
fit:80de1342a3e9944829ab101957c8eddffd3d18cb805507bed707b0e306d3b433,2026-08-01T06:32:03+00:00,1275,261,163,62,2.65,672.5999999999999,21,fit:80de1342a3e9944829ab101957c8eddffd3d18cb805507bed707b0e306d3b433:segment:004,4,8611.0,8392,activities/108_260801060832.csv,1,1,0,0
fit:80de1342a3e9944829ab101957c8eddffd3d18cb805507bed707b0e306d3b433,2026-08-01T06:32:04+00:00,1276,234,163,65,2.743,673.0,21,fit:80de1342a3e9944829ab101957c8eddffd3d18cb805507bed707b0e306d3b433:segment:004,4,8612.0,8393,activities/108_260801060832.csv,1,1,0,0
fit:80de1342a3e9944829ab101957c8eddffd3d18cb805507bed707b0e306d3b433,2026-08-01T06:32:05+00:00,1277,236,163,69,2.881,673.0,21,fit:80de1342a3e9944829ab101957c8eddffd3d18cb805507bed707b0e306d3b433:segment:004,4,8613.0,8394,activities/108_260801060832.csv,1,1,0,0
fit:80de1342a3e9944829ab101957c8eddffd3d18cb805507bed707b0e306d3b433,2026-08-01T06:32:06+00:00,1278,216,163,70,3.024,673.0,21,fit:80de1342a3e9944829ab101957c8eddffd3d18cb805507bed707b0e306d3b433:segment:004,4,8614.0,8395,activities/108_260801060832.csv,1,1,0,0
fit:80de1342a3e9944829ab101957c8eddffd3d18cb805507bed707b0e306d3b433,2026-08-01T06:32:07+00:00,1279,221,163,70,3.026,673.0,21,fit:80de1342a3e9944829ab101957c8eddffd3d18cb805507bed707b0e306d3b433:segment:004,4,8615.0,8396,activities/108_260801060832.csv,1,1,0,0
fit:80de1342a3e9944829ab101957c8eddffd3d18cb805507bed707b0e306d3b433,2026-08-01T06:32:08+00:00,1280,224,163,70,3.091,673.0,21,fit:80de1342a3e9944829ab101957c8eddffd3d18cb805507bed707b0e306d3b433:segment:004,4,8616.0,8397,activities/108_260801060832.csv,1,1,0,0
fit:80de1342a3e9944829ab101957c8eddffd3d18cb805507bed707b0e306d3b433,2026-08-01T06:32:09+00:00,1281,206,162,71,3.256,673.5999999999999,21,fit:80de1342a3e9944829ab101957c8eddffd3d18cb805507bed707b0e306d3b433:segment:004,4,8617.0,8398,activities/108_260801060832.csv,1,1,0,0
fit:80de1342a3e9944829ab101957c8eddffd3d18cb805507bed707b0e306d3b433,2026-08-01T06:32:10+00:00,1282,192,162,74,3.331,674.0,21,fit:80de1342a3e9944829ab101957c8eddffd3d18cb805507bed707b0e306d3b433:segment:004,4,8618.0,8399,activities/108_260801060832.csv,1,1,0,0
fit:80de1342a3e9944829ab101957c8eddffd3d18cb805507bed707b0e306d3b433,2026-08-01T06:32:11+00:00,1283,221,161,75,3.159,674.2,21,fit:80de1342a3e9944829ab101957c8eddffd3d18cb805507bed707b0e306d3b433:segment:004,4,8619.0,8400,activities/108_260801060832.csv,1,1,0,0
fit:80de1342a3e9944829ab101957c8eddffd3d18cb805507bed707b0e306d3b433,2026-08-01T06:32:12+00:00,1284,250,161,75,3.269,674.5999999999999,21,fit:80de1342a3e9944829ab101957c8eddffd3d18cb805507bed707b0e306d3b433:segment:004,4,8620.0,8401,activities/108_260801060832.csv,1,1,0,0
fit:80de1342a3e9944829ab101957c8eddffd3d18cb805507bed707b0e306d3b433,2026-08-01T06:32:13+00:00,1285,237,160,77,3.209,674.8,21,fit:80de1342a3e9944829ab101957c8eddffd3d18cb805507bed707b0e306d3b433:segment:004,4,8621.0,8402,activities/108_260801060832.csv,1,1,0,0
fit:80de1342a3e9944829ab101957c8eddffd3d18cb805507bed707b0e306d3b433,2026-08-01T06:32:14+00:00,1286,224,160,78,3.235,675.0,21,fit:80de1342a3e9944829ab101957c8eddffd3d18cb805507bed707b0e306d3b433:segment:004,4,8622.0,8403,activities/108_260801060832.csv,1,1,0,0
fit:80de1342a3e9944829ab101957c8eddffd3d18cb805507bed707b0e306d3b433,2026-08-01T06:32:15+00:00,1287,229,160,78,3.419,675.0,21,fit:80de1342a3e9944829ab101957c8eddffd3d18cb805507bed707b0e306d3b433:segment:004,4,8623.0,8404,activities/108_260801060832.csv,1,1,0,0
fit:80de1342a3e9944829ab101957c8eddffd3d18cb805507bed707b0e306d3b433,2026-08-01T06:32:16+00:00,1288,229,160,75,3.298,675.0,21,fit:80de1342a3e9944829ab101957c8eddffd3d18cb805507bed707b0e306d3b433:segment:004,4,8624.0,8405,activities/108_260801060832.csv,1,1,0,0
fit:80de1342a3e9944829ab101957c8eddffd3d18cb805507bed707b0e306d3b433,2026-08-01T06:32:17+00:00,1289,250,160,74,3.172,675.0,21,fit:80de1342a3e9944829ab101957c8eddffd3d18cb805507bed707b0e306d3b433:segment:004,4,8625.0,8406,activities/108_260801060832.csv,1,1,0,0
fit:80de1342a3e9944829ab101957c8eddffd3d18cb805507bed707b0e306d3b433,2026-08-01T06:32:18+00:00,1290,248,160,74,3.17,676.0,21,fit:80de1342a3e9944829ab101957c8eddffd3d18cb805507bed707b0e306d3b433:segment:004,4,8626.0,8407,activities/108_260801060832.csv,1,1,0,0
fit:80de1342a3e9944829ab101957c8eddffd3d18cb805507bed707b0e306d3b433,2026-08-01T06:32:19+00:00,1291,268,160,74,3.226,676.2,21,fit:80de1342a3e9944829ab101957c8eddffd3d18cb805507bed707b0e306d3b433:segment:004,4,8627.0,8408,activities/108_260801060832.csv,1,1,0,0
fit:80de1342a3e9944829ab101957c8eddffd3d18cb805507bed707b0e306d3b433,2026-08-01T06:32:20+00:00,1292,263,160,73,3.114,676.5999999999999,21,fit:80de1342a3e9944829ab101957c8eddffd3d18cb805507bed707b0e306d3b433:segment:004,4,8628.0,8409,activities/108_260801060832.csv,1,1,0,0
fit:80de1342a3e9944829ab101957c8eddffd3d18cb805507bed707b0e306d3b433,2026-08-01T06:32:21+00:00,1293,263,160,71,3.036,677.0,21,fit:80de1342a3e9944829ab101957c8eddffd3d18cb805507bed707b0e306d3b433:segment:004,4,8629.0,8410,activities/108_260801060832.csv,1,1,0,0
fit:80de1342a3e9944829ab101957c8eddffd3d18cb805507bed707b0e306d3b433,2026-08-01T06:32:22+00:00,1294,263,160,69,2.936,677.4000000000001,21,fit:80de1342a3e9944829ab101957c8eddffd3d18cb805507bed707b0e306d3b433:segment:004,4,8630.0,8411,activities/108_260801060832.csv,1,1,0,0
fit:80de1342a3e9944829ab101957c8eddffd3d18cb805507bed707b0e306d3b433,2026-08-01T06:32:23+00:00,1295,300,160,69,2.96,677.4000000000001,21,fit:80de1342a3e9944829ab101957c8eddffd3d18cb805507bed707b0e306d3b433:segment:004,4,8631.0,8412,activities/108_260801060832.csv,1,1,0,0
fit:80de1342a3e9944829ab101957c8eddffd3d18cb805507bed707b0e306d3b433,2026-08-01T06:32:24+00:00,1296,302,160,68,2.904,677.4000000000001,21,fit:80de1342a3e9944829ab101957c8eddffd3d18cb805507bed707b0e306d3b433:segment:004,4,8632.0,8413,activities/108_260801060832.csv,1,1,0,0
fit:80de1342a3e9944829ab101957c8eddffd3d18cb805507bed707b0e306d3b433,2026-08-01T06:32:25+00:00,1297,294,160,68,3.083,677.4000000000001,21,fit:80de1342a3e9944829ab101957c8eddffd3d18cb805507bed707b0e306d3b433:segment:004,4,8633.0,8414,activities/108_260801060832.csv,1,1,0,0
fit:80de1342a3e9944829ab101957c8eddffd3d18cb805507bed707b0e306d3b433,2026-08-01T06:32:26+00:00,1298,288,160,69,3.151,678.4000000000001,21,fit:80de1342a3e9944829ab101957c8eddffd3d18cb805507bed707b0e306d3b433:segment:004,4,8634.0,8415,activities/108_260801060832.csv,1,1,0,0
fit:80de1342a3e9944829ab101957c8eddffd3d18cb805507bed707b0e306d3b433,2026-08-01T06:32:27+00:00,1299,288,160,68,3.263,678.5999999999999,21,fit:80de1342a3e9944829ab101957c8eddffd3d18cb805507bed707b0e306d3b433:segment:004,4,8635.0,8416,activities/108_260801060832.csv,1,1,0,0
fit:80de1342a3e9944829ab101957c8eddffd3d18cb805507bed707b0e306d3b433,2026-08-01T06:32:28+00:00,1300,287,160,70,3.268,678.8,21,fit:80de1342a3e9944829ab101957c8eddffd3d18cb805507bed707b0e306d3b433:segment:004,4,8636.0,8417,activities/108_260801060832.csv,1,1,0,0
fit:80de1342a3e9944829ab101957c8eddffd3d18cb805507bed707b0e306d3b433,2026-08-01T06:32:29+00:00,1301,280,160,70,3.176,679.2,21,fit:80de1342a3e9944829ab101957c8eddffd3d18cb805507bed707b0e306d3b433:segment:004,4,8637.0,8418,activities/108_260801060832.csv,1,1,0,0
fit:80de1342a3e9944829ab101957c8eddffd3d18cb805507bed707b0e306d3b433,2026-08-01T06:32:30+00:00,1302,293,161,71,3.221,679.4000000000001,21,fit:80de1342a3e9944829ab101957c8eddffd3d18cb805507bed707b0e306d3b433:segment:004,4,8638.0,8419,activities/108_260801060832.csv,1,1,0,0
fit:80de1342a3e9944829ab101957c8eddffd3d18cb805507bed707b0e306d3b433,2026-08-01T06:32:31+00:00,1303,261,161,73,3.468,680.0,21,fit:80de1342a3e9944829ab101957c8eddffd3d18cb805507bed707b0e306d3b433:segment:004,4,8639.0,8420,activities/108_260801060832.csv,1,1,0,0
fit:80de1342a3e9944829ab101957c8eddffd3d18cb805507bed707b0e306d3b433,2026-08-01T06:32:32+00:00,1304,270,161,73,3.435,680.0,21,fit:80de1342a3e9944829ab101957c8eddffd3d18cb805507bed707b0e306d3b433:segment:004,4,8640.0,8421,activities/108_260801060832.csv,1,1,0,0
fit:80de1342a3e9944829ab101957c8eddffd3d18cb805507bed707b0e306d3b433,2026-08-01T06:32:33+00:00,1305,284,161,73,3.344,680.0,21,fit:80de1342a3e9944829ab101957c8eddffd3d18cb805507bed707b0e306d3b433:segment:004,4,8641.0,8422,activities/108_260801060832.csv,1,1,0,0
fit:80de1342a3e9944829ab101957c8eddffd3d18cb805507bed707b0e306d3b433,2026-08-01T06:32:34+00:00,1306,287,161,72,3.15,680.0,21,fit:80de1342a3e9944829ab101957c8eddffd3d18cb805507bed707b0e306d3b433:segment:004,4,8642.0,8423,activities/108_260801060832.csv,1,1,0,0
fit:80de1342a3e9944829ab101957c8eddffd3d18cb805507bed707b0e306d3b433,2026-08-01T06:32:35+00:00,1307,278,162,72,3.109,681.0,21,fit:80de1342a3e9944829ab101957c8eddffd3d18cb805507bed707b0e306d3b433:segment:004,4,8643.0,8424,activities/108_260801060832.csv,1,1,0,0
fit:80de1342a3e9944829ab101957c8eddffd3d18cb805507bed707b0e306d3b433,2026-08-01T06:32:36+00:00,1308,264,162,71,3.123,681.4000000000001,21,fit:80de1342a3e9944829ab101957c8eddffd3d18cb805507bed707b0e306d3b433:segment:004,4,8644.0,8425,activities/108_260801060832.csv,1,1,0,0
fit:80de1342a3e9944829ab101957c8eddffd3d18cb805507bed707b0e306d3b433,2026-08-01T06:32:37+00:00,1309,267,162,71,3.129,682.4000000000001,21,fit:80de1342a3e9944829ab101957c8eddffd3d18cb805507bed707b0e306d3b433:segment:004,4,8645.0,8426,activities/108_260801060832.csv,1,1,0,0
fit:80de1342a3e9944829ab101957c8eddffd3d18cb805507bed707b0e306d3b433,2026-08-01T06:32:38+00:00,1310,243,163,70,3.116,682.4000000000001,21,fit:80de1342a3e9944829ab101957c8eddffd3d18cb805507bed707b0e306d3b433:segment:004,4,8646.0,8427,activities/108_260801060832.csv,1,1,0,0
fit:80de1342a3e9944829ab101957c8eddffd3d18cb805507bed707b0e306d3b433,2026-08-01T06:32:39+00:00,1311,261,163,70,3.043,682.4000000000001,21,fit:80de1342a3e9944829ab101957c8eddffd3d18cb805507bed707b0e306d3b433:segment:004,4,8647.0,8428,activities/108_260801060832.csv,1,1,0,0
fit:80de1342a3e9944829ab101957c8eddffd3d18cb805507bed707b0e306d3b433,2026-08-01T06:32:40+00:00,1312,262,164,69,2.924,682.4000000000001,21,fit:80de1342a3e9944829ab101957c8eddffd3d18cb805507bed707b0e306d3b433:segment:004,4,8648.0,8429,activities/108_260801060832.csv,1,1,0,0
fit:80de1342a3e9944829ab101957c8eddffd3d18cb805507bed707b0e306d3b433,2026-08-01T06:32:41+00:00,1313,284,164,69,3.017,682.4000000000001,21,fit:80de1342a3e9944829ab101957c8eddffd3d18cb805507bed707b0e306d3b433:segment:004,4,8649.0,8430,activities/108_260801060832.csv,1,1,0,0
fit:80de1342a3e9944829ab101957c8eddffd3d18cb805507bed707b0e306d3b433,2026-08-01T06:32:42+00:00,1314,259,164,70,2.972,683.2,21,fit:80de1342a3e9944829ab101957c8eddffd3d18cb805507bed707b0e306d3b433:segment:004,4,8650.0,8431,activities/108_260801060832.csv,1,1,0,0
fit:80de1342a3e9944829ab101957c8eddffd3d18cb805507bed707b0e306d3b433,2026-08-01T06:32:43+00:00,1315,245,164,70,2.833,683.2,21,fit:80de1342a3e9944829ab101957c8eddffd3d18cb805507bed707b0e306d3b433:segment:004,4,8651.0,8432,activities/108_260801060832.csv,1,1,0,0
fit:80de1342a3e9944829ab101957c8eddffd3d18cb805507bed707b0e306d3b433,2026-08-01T06:32:44+00:00,1316,247,164,70,2.967,684.0,21,fit:80de1342a3e9944829ab101957c8eddffd3d18cb805507bed707b0e306d3b433:segment:004,4,8652.0,8433,activities/108_260801060832.csv,1,1,0,0
fit:80de1342a3e9944829ab101957c8eddffd3d18cb805507bed707b0e306d3b433,2026-08-01T06:32:45+00:00,1317,229,164,70,2.943,684.0,21,fit:80de1342a3e9944829ab101957c8eddffd3d18cb805507bed707b0e306d3b433:segment:004,4,8653.0,8434,activities/108_260801060832.csv,1,1,0,0
fit:80de1342a3e9944829ab101957c8eddffd3d18cb805507bed707b0e306d3b433,2026-08-01T06:32:46+00:00,1318,225,164,70,3.05,684.2,21,fit:80de1342a3e9944829ab101957c8eddffd3d18cb805507bed707b0e306d3b433:segment:004,4,8654.0,8435,activities/108_260801060832.csv,1,1,0,0
fit:80de1342a3e9944829ab101957c8eddffd3d18cb805507bed707b0e306d3b433,2026-08-01T06:32:47+00:00,1319,219,164,70,3.046,684.5999999999999,21,fit:80de1342a3e9944829ab101957c8eddffd3d18cb805507bed707b0e306d3b433:segment:004,4,8655.0,8436,activities/108_260801060832.csv,1,1,0,0
fit:80de1342a3e9944829ab101957c8eddffd3d18cb805507bed707b0e306d3b433,2026-08-01T06:32:48+00:00,1320,235,164,71,2.996,684.5999999999999,21,fit:80de1342a3e9944829ab101957c8eddffd3d18cb805507bed707b0e306d3b433:segment:004,4,8656.0,8437,activities/108_260801060832.csv,1,1,0,0
fit:80de1342a3e9944829ab101957c8eddffd3d18cb805507bed707b0e306d3b433,2026-08-01T06:32:49+00:00,1321,208,163,71,3.073,684.5999999999999,21,fit:80de1342a3e9944829ab101957c8eddffd3d18cb805507bed707b0e306d3b433:segment:004,4,8657.0,8438,activities/108_260801060832.csv,1,1,0,0
fit:80de1342a3e9944829ab101957c8eddffd3d18cb805507bed707b0e306d3b433,2026-08-01T06:32:50+00:00,1322,196,163,72,3.053,684.5999999999999,21,fit:80de1342a3e9944829ab101957c8eddffd3d18cb805507bed707b0e306d3b433:segment:004,4,8658.0,8439,activities/108_260801060832.csv,1,1,0,0
fit:80de1342a3e9944829ab101957c8eddffd3d18cb805507bed707b0e306d3b433,2026-08-01T06:32:51+00:00,1323,191,163,73,3.064,685.2,21,fit:80de1342a3e9944829ab101957c8eddffd3d18cb805507bed707b0e306d3b433:segment:004,4,8659.0,8440,activities/108_260801060832.csv,1,1,0,0
fit:80de1342a3e9944829ab101957c8eddffd3d18cb805507bed707b0e306d3b433,2026-08-01T06:32:52+00:00,1324,191,163,74,3.205,685.2,21,fit:80de1342a3e9944829ab101957c8eddffd3d18cb805507bed707b0e306d3b433:segment:004,4,8660.0,8441,activities/108_260801060832.csv,1,1,0,0
fit:80de1342a3e9944829ab101957c8eddffd3d18cb805507bed707b0e306d3b433,2026-08-01T06:32:53+00:00,1325,175,163,75,3.326,685.2,21,fit:80de1342a3e9944829ab101957c8eddffd3d18cb805507bed707b0e306d3b433:segment:004,4,8661.0,8442,activities/108_260801060832.csv,1,1,0,0
fit:80de1342a3e9944829ab101957c8eddffd3d18cb805507bed707b0e306d3b433,2026-08-01T06:32:54+00:00,1326,191,162,75,3.54,685.2,21,fit:80de1342a3e9944829ab101957c8eddffd3d18cb805507bed707b0e306d3b433:segment:004,4,8662.0,8443,activities/108_260801060832.csv,1,1,0,0
fit:80de1342a3e9944829ab101957c8eddffd3d18cb805507bed707b0e306d3b433,2026-08-01T06:32:55+00:00,1327,167,162,76,3.535,685.8,21,fit:80de1342a3e9944829ab101957c8eddffd3d18cb805507bed707b0e306d3b433:segment:004,4,8663.0,8444,activities/108_260801060832.csv,1,1,0,0
fit:80de1342a3e9944829ab101957c8eddffd3d18cb805507bed707b0e306d3b433,2026-08-01T06:32:56+00:00,1328,168,162,77,3.468,686.4000000000001,21,fit:80de1342a3e9944829ab101957c8eddffd3d18cb805507bed707b0e306d3b433:segment:004,4,8664.0,8445,activities/108_260801060832.csv,1,1,0,0
fit:80de1342a3e9944829ab101957c8eddffd3d18cb805507bed707b0e306d3b433,2026-08-01T06:32:57+00:00,1329,190,161,74,3.463,686.4000000000001,21,fit:80de1342a3e9944829ab101957c8eddffd3d18cb805507bed707b0e306d3b433:segment:004,4,8665.0,8446,activities/108_260801060832.csv,1,1,0,0
fit:80de1342a3e9944829ab101957c8eddffd3d18cb805507bed707b0e306d3b433,2026-08-01T06:32:58+00:00,1330,236,160,76,3.276,686.8,21,fit:80de1342a3e9944829ab101957c8eddffd3d18cb805507bed707b0e306d3b433:segment:004,4,8666.0,8447,activities/108_260801060832.csv,1,1,0,0
fit:80de1342a3e9944829ab101957c8eddffd3d18cb805507bed707b0e306d3b433,2026-08-01T06:32:59+00:00,1331,225,160,76,3.379,687.0,21,fit:80de1342a3e9944829ab101957c8eddffd3d18cb805507bed707b0e306d3b433:segment:004,4,8667.0,8448,activities/108_260801060832.csv,1,1,0,0
fit:80de1342a3e9944829ab101957c8eddffd3d18cb805507bed707b0e306d3b433,2026-08-01T06:33:00+00:00,1332,240,160,77,3.417,687.2,21,fit:80de1342a3e9944829ab101957c8eddffd3d18cb805507bed707b0e306d3b433:segment:004,4,8668.0,8449,activities/108_260801060832.csv,1,1,0,0
fit:80de1342a3e9944829ab101957c8eddffd3d18cb805507bed707b0e306d3b433,2026-08-01T06:33:01+00:00,1333,224,159,76,3.477,687.4000000000001,21,fit:80de1342a3e9944829ab101957c8eddffd3d18cb805507bed707b0e306d3b433:segment:004,4,8669.0,8450,activities/108_260801060832.csv,1,1,0,0
fit:80de1342a3e9944829ab101957c8eddffd3d18cb805507bed707b0e306d3b433,2026-08-01T06:33:02+00:00,1334,271,159,75,3.559,687.8,21,fit:80de1342a3e9944829ab101957c8eddffd3d18cb805507bed707b0e306d3b433:segment:004,4,8670.0,8451,activities/108_260801060832.csv,1,1,0,0
fit:80de1342a3e9944829ab101957c8eddffd3d18cb805507bed707b0e306d3b433,2026-08-01T06:33:03+00:00,1335,291,158,75,3.49,688.0,21,fit:80de1342a3e9944829ab101957c8eddffd3d18cb805507bed707b0e306d3b433:segment:004,4,8671.0,8452,activities/108_260801060832.csv,1,1,0,0
fit:80de1342a3e9944829ab101957c8eddffd3d18cb805507bed707b0e306d3b433,2026-08-01T06:33:04+00:00,1336,287,158,73,3.422,688.2,21,fit:80de1342a3e9944829ab101957c8eddffd3d18cb805507bed707b0e306d3b433:segment:004,4,8672.0,8453,activities/108_260801060832.csv,1,1,0,0
fit:80de1342a3e9944829ab101957c8eddffd3d18cb805507bed707b0e306d3b433,2026-08-01T06:33:05+00:00,1337,284,157,73,3.403,688.5999999999999,21,fit:80de1342a3e9944829ab101957c8eddffd3d18cb805507bed707b0e306d3b433:segment:004,4,8673.0,8454,activities/108_260801060832.csv,1,1,0,0
fit:80de1342a3e9944829ab101957c8eddffd3d18cb805507bed707b0e306d3b433,2026-08-01T06:33:06+00:00,1338,284,157,72,3.464,689.0,21,fit:80de1342a3e9944829ab101957c8eddffd3d18cb805507bed707b0e306d3b433:segment:004,4,8674.0,8455,activities/108_260801060832.csv,1,1,0,0
fit:80de1342a3e9944829ab101957c8eddffd3d18cb805507bed707b0e306d3b433,2026-08-01T06:33:07+00:00,1339,291,157,72,3.343,689.4000000000001,21,fit:80de1342a3e9944829ab101957c8eddffd3d18cb805507bed707b0e306d3b433:segment:004,4,8675.0,8456,activities/108_260801060832.csv,1,1,0,0
fit:80de1342a3e9944829ab101957c8eddffd3d18cb805507bed707b0e306d3b433,2026-08-01T06:33:08+00:00,1340,302,157,72,3.439,689.5999999999999,21,fit:80de1342a3e9944829ab101957c8eddffd3d18cb805507bed707b0e306d3b433:segment:004,4,8676.0,8457,activities/108_260801060832.csv,1,1,0,0
fit:80de1342a3e9944829ab101957c8eddffd3d18cb805507bed707b0e306d3b433,2026-08-01T06:33:09+00:00,1341,315,158,71,3.301,689.8,21,fit:80de1342a3e9944829ab101957c8eddffd3d18cb805507bed707b0e306d3b433:segment:004,4,8677.0,8458,activities/108_260801060832.csv,1,1,0,0
fit:80de1342a3e9944829ab101957c8eddffd3d18cb805507bed707b0e306d3b433,2026-08-01T06:33:10+00:00,1342,311,158,70,3.317,690.2,21,fit:80de1342a3e9944829ab101957c8eddffd3d18cb805507bed707b0e306d3b433:segment:004,4,8678.0,8459,activities/108_260801060832.csv,1,1,0,0
fit:80de1342a3e9944829ab101957c8eddffd3d18cb805507bed707b0e306d3b433,2026-08-01T06:33:11+00:00,1343,321,159,68,3.1,690.5999999999999,21,fit:80de1342a3e9944829ab101957c8eddffd3d18cb805507bed707b0e306d3b433:segment:004,4,8679.0,8460,activities/108_260801060832.csv,1,1,0,0
fit:80de1342a3e9944829ab101957c8eddffd3d18cb805507bed707b0e306d3b433,2026-08-01T06:33:12+00:00,1344,301,159,68,3.062,690.8,21,fit:80de1342a3e9944829ab101957c8eddffd3d18cb805507bed707b0e306d3b433:segment:004,4,8680.0,8461,activities/108_260801060832.csv,1,1,0,0
fit:80de1342a3e9944829ab101957c8eddffd3d18cb805507bed707b0e306d3b433,2026-08-01T06:33:13+00:00,1345,313,160,67,3.095,691.4000000000001,21,fit:80de1342a3e9944829ab101957c8eddffd3d18cb805507bed707b0e306d3b433:segment:004,4,8681.0,8462,activities/108_260801060832.csv,1,1,0,0
fit:80de1342a3e9944829ab101957c8eddffd3d18cb805507bed707b0e306d3b433,2026-08-01T06:33:14+00:00,1346,313,160,67,2.989,691.4000000000001,21,fit:80de1342a3e9944829ab101957c8eddffd3d18cb805507bed707b0e306d3b433:segment:004,4,8682.0,8463,activities/108_260801060832.csv,1,1,0,0
fit:80de1342a3e9944829ab101957c8eddffd3d18cb805507bed707b0e306d3b433,2026-08-01T06:33:15+00:00,1347,316,160,65,2.891,692.0,21,fit:80de1342a3e9944829ab101957c8eddffd3d18cb805507bed707b0e306d3b433:segment:004,4,8683.0,8464,activities/108_260801060832.csv,1,1,0,0
fit:80de1342a3e9944829ab101957c8eddffd3d18cb805507bed707b0e306d3b433,2026-08-01T06:33:16+00:00,1348,297,160,65,2.998,692.2,21,fit:80de1342a3e9944829ab101957c8eddffd3d18cb805507bed707b0e306d3b433:segment:004,4,8684.0,8465,activities/108_260801060832.csv,1,1,0,0
fit:80de1342a3e9944829ab101957c8eddffd3d18cb805507bed707b0e306d3b433,2026-08-01T06:33:17+00:00,1349,297,160,64,2.955,692.5999999999999,21,fit:80de1342a3e9944829ab101957c8eddffd3d18cb805507bed707b0e306d3b433:segment:004,4,8685.0,8466,activities/108_260801060832.csv,1,1,0,0
fit:80de1342a3e9944829ab101957c8eddffd3d18cb805507bed707b0e306d3b433,2026-08-01T06:33:18+00:00,1350,319,160,63,2.794,692.8,21,fit:80de1342a3e9944829ab101957c8eddffd3d18cb805507bed707b0e306d3b433:segment:004,4,8686.0,8467,activities/108_260801060832.csv,1,1,0,0
fit:80de1342a3e9944829ab101957c8eddffd3d18cb805507bed707b0e306d3b433,2026-08-01T06:33:19+00:00,1351,303,161,64,2.795,693.0,21,fit:80de1342a3e9944829ab101957c8eddffd3d18cb805507bed707b0e306d3b433:segment:004,4,8687.0,8468,activities/108_260801060832.csv,1,1,0,0
fit:80de1342a3e9944829ab101957c8eddffd3d18cb805507bed707b0e306d3b433,2026-08-01T06:33:20+00:00,1352,289,160,64,2.69,693.2,21,fit:80de1342a3e9944829ab101957c8eddffd3d18cb805507bed707b0e306d3b433:segment:004,4,8688.0,8469,activities/108_260801060832.csv,1,1,0,0
fit:80de1342a3e9944829ab101957c8eddffd3d18cb805507bed707b0e306d3b433,2026-08-01T06:33:21+00:00,1353,326,160,65,2.758,693.2,21,fit:80de1342a3e9944829ab101957c8eddffd3d18cb805507bed707b0e306d3b433:segment:004,4,8689.0,8470,activities/108_260801060832.csv,1,1,0,0
fit:80de1342a3e9944829ab101957c8eddffd3d18cb805507bed707b0e306d3b433,2026-08-01T06:33:22+00:00,1354,328,161,67,2.895,693.5999999999999,21,fit:80de1342a3e9944829ab101957c8eddffd3d18cb805507bed707b0e306d3b433:segment:004,4,8690.0,8471,activities/108_260801060832.csv,1,1,0,0
fit:80de1342a3e9944829ab101957c8eddffd3d18cb805507bed707b0e306d3b433,2026-08-01T06:33:23+00:00,1355,312,161,68,2.939,693.5999999999999,22,fit:80de1342a3e9944829ab101957c8eddffd3d18cb805507bed707b0e306d3b433:segment:004,4,8691.0,8472,activities/108_260801060832.csv,1,1,0,0
fit:80de1342a3e9944829ab101957c8eddffd3d18cb805507bed707b0e306d3b433,2026-08-01T06:33:24+00:00,1356,312,161,68,3.064,693.5999999999999,21,fit:80de1342a3e9944829ab101957c8eddffd3d18cb805507bed707b0e306d3b433:segment:004,4,8692.0,8473,activities/108_260801060832.csv,1,1,0,0
fit:80de1342a3e9944829ab101957c8eddffd3d18cb805507bed707b0e306d3b433,2026-08-01T06:33:25+00:00,1357,291,161,68,3.001,693.5999999999999,22,fit:80de1342a3e9944829ab101957c8eddffd3d18cb805507bed707b0e306d3b433:segment:004,4,8693.0,8474,activities/108_260801060832.csv,1,1,0,0
fit:80de1342a3e9944829ab101957c8eddffd3d18cb805507bed707b0e306d3b433,2026-08-01T06:33:26+00:00,1358,292,161,67,3.029,694.5999999999999,22,fit:80de1342a3e9944829ab101957c8eddffd3d18cb805507bed707b0e306d3b433:segment:004,4,8694.0,8475,activities/108_260801060832.csv,1,1,0,0
fit:80de1342a3e9944829ab101957c8eddffd3d18cb805507bed707b0e306d3b433,2026-08-01T06:33:27+00:00,1359,295,161,65,3.001,694.8,22,fit:80de1342a3e9944829ab101957c8eddffd3d18cb805507bed707b0e306d3b433:segment:004,4,8695.0,8476,activities/108_260801060832.csv,1,1,0,0
fit:80de1342a3e9944829ab101957c8eddffd3d18cb805507bed707b0e306d3b433,2026-08-01T06:33:28+00:00,1360,307,161,65,3.101,695.0,22,fit:80de1342a3e9944829ab101957c8eddffd3d18cb805507bed707b0e306d3b433:segment:004,4,8696.0,8477,activities/108_260801060832.csv,1,1,0,0
fit:80de1342a3e9944829ab101957c8eddffd3d18cb805507bed707b0e306d3b433,2026-08-01T06:33:29+00:00,1361,290,161,64,2.902,695.2,22,fit:80de1342a3e9944829ab101957c8eddffd3d18cb805507bed707b0e306d3b433:segment:004,4,8697.0,8478,activities/108_260801060832.csv,1,1,0,0
fit:80de1342a3e9944829ab101957c8eddffd3d18cb805507bed707b0e306d3b433,2026-08-01T06:33:30+00:00,1362,290,161,63,2.901,695.5999999999999,22,fit:80de1342a3e9944829ab101957c8eddffd3d18cb805507bed707b0e306d3b433:segment:004,4,8698.0,8479,activities/108_260801060832.csv,1,1,0,0
fit:80de1342a3e9944829ab101957c8eddffd3d18cb805507bed707b0e306d3b433,2026-08-01T06:33:31+00:00,1363,291,162,64,2.896,696.2,22,fit:80de1342a3e9944829ab101957c8eddffd3d18cb805507bed707b0e306d3b433:segment:004,4,8699.0,8480,activities/108_260801060832.csv,1,1,0,0
fit:80de1342a3e9944829ab101957c8eddffd3d18cb805507bed707b0e306d3b433,2026-08-01T06:33:32+00:00,1364,278,162,64,2.965,696.4000000000001,22,fit:80de1342a3e9944829ab101957c8eddffd3d18cb805507bed707b0e306d3b433:segment:004,4,8700.0,8481,activities/108_260801060832.csv,1,1,0,0
fit:80de1342a3e9944829ab101957c8eddffd3d18cb805507bed707b0e306d3b433,2026-08-01T06:33:33+00:00,1365,266,163,63,2.809,696.5999999999999,22,fit:80de1342a3e9944829ab101957c8eddffd3d18cb805507bed707b0e306d3b433:segment:004,4,8701.0,8482,activities/108_260801060832.csv,1,1,0,0
fit:80de1342a3e9944829ab101957c8eddffd3d18cb805507bed707b0e306d3b433,2026-08-01T06:33:34+00:00,1366,304,163,63,2.939,697.0,22,fit:80de1342a3e9944829ab101957c8eddffd3d18cb805507bed707b0e306d3b433:segment:004,4,8702.0,8483,activities/108_260801060832.csv,1,1,0,0
fit:80de1342a3e9944829ab101957c8eddffd3d18cb805507bed707b0e306d3b433,2026-08-01T06:33:35+00:00,1367,281,164,63,2.908,697.2,22,fit:80de1342a3e9944829ab101957c8eddffd3d18cb805507bed707b0e306d3b433:segment:004,4,8703.0,8484,activities/108_260801060832.csv,1,1,0,0
fit:80de1342a3e9944829ab101957c8eddffd3d18cb805507bed707b0e306d3b433,2026-08-01T06:33:36+00:00,1368,260,164,63,2.985,697.2,22,fit:80de1342a3e9944829ab101957c8eddffd3d18cb805507bed707b0e306d3b433:segment:004,4,8704.0,8485,activities/108_260801060832.csv,1,1,0,0
fit:80de1342a3e9944829ab101957c8eddffd3d18cb805507bed707b0e306d3b433,2026-08-01T06:33:37+00:00,1369,280,164,63,2.823,697.8,22,fit:80de1342a3e9944829ab101957c8eddffd3d18cb805507bed707b0e306d3b433:segment:004,4,8705.0,8486,activities/108_260801060832.csv,1,1,0,0
fit:80de1342a3e9944829ab101957c8eddffd3d18cb805507bed707b0e306d3b433,2026-08-01T06:33:38+00:00,1370,293,165,65,2.762,698.2,22,fit:80de1342a3e9944829ab101957c8eddffd3d18cb805507bed707b0e306d3b433:segment:004,4,8706.0,8487,activities/108_260801060832.csv,1,1,0,0
fit:80de1342a3e9944829ab101957c8eddffd3d18cb805507bed707b0e306d3b433,2026-08-01T06:33:39+00:00,1371,273,165,65,2.818,698.4000000000001,22,fit:80de1342a3e9944829ab101957c8eddffd3d18cb805507bed707b0e306d3b433:segment:004,4,8707.0,8488,activities/108_260801060832.csv,1,1,0,0
fit:80de1342a3e9944829ab101957c8eddffd3d18cb805507bed707b0e306d3b433,2026-08-01T06:33:40+00:00,1372,263,166,65,3.009,698.5999999999999,22,fit:80de1342a3e9944829ab101957c8eddffd3d18cb805507bed707b0e306d3b433:segment:004,4,8708.0,8489,activities/108_260801060832.csv,1,1,0,0
fit:80de1342a3e9944829ab101957c8eddffd3d18cb805507bed707b0e306d3b433,2026-08-01T06:33:41+00:00,1373,263,167,66,3.093,699.0,22,fit:80de1342a3e9944829ab101957c8eddffd3d18cb805507bed707b0e306d3b433:segment:004,4,8709.0,8490,activities/108_260801060832.csv,1,1,0,0
fit:80de1342a3e9944829ab101957c8eddffd3d18cb805507bed707b0e306d3b433,2026-08-01T06:33:42+00:00,1374,224,167,66,3.059,699.2,22,fit:80de1342a3e9944829ab101957c8eddffd3d18cb805507bed707b0e306d3b433:segment:004,4,8710.0,8491,activities/108_260801060832.csv,1,1,0,0
fit:80de1342a3e9944829ab101957c8eddffd3d18cb805507bed707b0e306d3b433,2026-08-01T06:33:43+00:00,1375,229,167,65,3.045,699.2,22,fit:80de1342a3e9944829ab101957c8eddffd3d18cb805507bed707b0e306d3b433:segment:004,4,8711.0,8492,activities/108_260801060832.csv,1,1,0,0
fit:80de1342a3e9944829ab101957c8eddffd3d18cb805507bed707b0e306d3b433,2026-08-01T06:33:44+00:00,1376,237,167,65,3.053,699.2,22,fit:80de1342a3e9944829ab101957c8eddffd3d18cb805507bed707b0e306d3b433:segment:004,4,8712.0,8493,activities/108_260801060832.csv,1,1,0,0
fit:80de1342a3e9944829ab101957c8eddffd3d18cb805507bed707b0e306d3b433,2026-08-01T06:33:45+00:00,1377,202,168,66,2.965,699.2,22,fit:80de1342a3e9944829ab101957c8eddffd3d18cb805507bed707b0e306d3b433:segment:004,4,8713.0,8494,activities/108_260801060832.csv,1,1,0,0
fit:80de1342a3e9944829ab101957c8eddffd3d18cb805507bed707b0e306d3b433,2026-08-01T06:33:46+00:00,1378,214,167,67,2.83,700.2,22,fit:80de1342a3e9944829ab101957c8eddffd3d18cb805507bed707b0e306d3b433:segment:004,4,8714.0,8495,activities/108_260801060832.csv,1,1,0,0
fit:80de1342a3e9944829ab101957c8eddffd3d18cb805507bed707b0e306d3b433,2026-08-01T06:33:47+00:00,1379,214,167,68,3.059,700.2,22,fit:80de1342a3e9944829ab101957c8eddffd3d18cb805507bed707b0e306d3b433:segment:004,4,8715.0,8496,activities/108_260801060832.csv,1,1,0,0
fit:80de1342a3e9944829ab101957c8eddffd3d18cb805507bed707b0e306d3b433,2026-08-01T06:33:48+00:00,1380,220,167,72,3.153,700.2,22,fit:80de1342a3e9944829ab101957c8eddffd3d18cb805507bed707b0e306d3b433:segment:004,4,8716.0,8497,activities/108_260801060832.csv,1,1,0,0
fit:80de1342a3e9944829ab101957c8eddffd3d18cb805507bed707b0e306d3b433,2026-08-01T06:33:49+00:00,1381,183,167,72,3.163,700.2,22,fit:80de1342a3e9944829ab101957c8eddffd3d18cb805507bed707b0e306d3b433:segment:004,4,8717.0,8498,activities/108_260801060832.csv,1,1,0,0
fit:80de1342a3e9944829ab101957c8eddffd3d18cb805507bed707b0e306d3b433,2026-08-01T06:33:50+00:00,1382,167,166,73,3.226,700.8,22,fit:80de1342a3e9944829ab101957c8eddffd3d18cb805507bed707b0e306d3b433:segment:004,4,8718.0,8499,activities/108_260801060832.csv,1,1,0,0
fit:80de1342a3e9944829ab101957c8eddffd3d18cb805507bed707b0e306d3b433,2026-08-01T06:33:51+00:00,1383,164,165,73,3.259,701.2,22,fit:80de1342a3e9944829ab101957c8eddffd3d18cb805507bed707b0e306d3b433:segment:004,4,8719.0,8500,activities/108_260801060832.csv,1,1,0,0
fit:80de1342a3e9944829ab101957c8eddffd3d18cb805507bed707b0e306d3b433,2026-08-01T06:33:52+00:00,1384,164,164,74,3.343,701.2,22,fit:80de1342a3e9944829ab101957c8eddffd3d18cb805507bed707b0e306d3b433:segment:004,4,8720.0,8501,activities/108_260801060832.csv,1,1,0,0
fit:80de1342a3e9944829ab101957c8eddffd3d18cb805507bed707b0e306d3b433,2026-08-01T06:33:53+00:00,1385,166,164,74,3.31,701.4000000000001,22,fit:80de1342a3e9944829ab101957c8eddffd3d18cb805507bed707b0e306d3b433:segment:004,4,8721.0,8502,activities/108_260801060832.csv,1,1,0,0
fit:80de1342a3e9944829ab101957c8eddffd3d18cb805507bed707b0e306d3b433,2026-08-01T06:33:54+00:00,1386,175,164,73,3.395,701.4000000000001,22,fit:80de1342a3e9944829ab101957c8eddffd3d18cb805507bed707b0e306d3b433:segment:004,4,8722.0,8503,activities/108_260801060832.csv,1,1,0,0
fit:80de1342a3e9944829ab101957c8eddffd3d18cb805507bed707b0e306d3b433,2026-08-01T06:33:55+00:00,1387,209,163,73,3.394,701.5999999999999,22,fit:80de1342a3e9944829ab101957c8eddffd3d18cb805507bed707b0e306d3b433:segment:004,4,8723.0,8504,activities/108_260801060832.csv,1,1,0,0
fit:80de1342a3e9944829ab101957c8eddffd3d18cb805507bed707b0e306d3b433,2026-08-01T06:33:56+00:00,1388,199,163,75,3.269,702.0,22,fit:80de1342a3e9944829ab101957c8eddffd3d18cb805507bed707b0e306d3b433:segment:004,4,8724.0,8505,activities/108_260801060832.csv,1,1,0,0
fit:80de1342a3e9944829ab101957c8eddffd3d18cb805507bed707b0e306d3b433,2026-08-01T06:33:57+00:00,1389,183,162,75,3.374,702.0,22,fit:80de1342a3e9944829ab101957c8eddffd3d18cb805507bed707b0e306d3b433:segment:004,4,8725.0,8506,activities/108_260801060832.csv,1,1,0,0
fit:80de1342a3e9944829ab101957c8eddffd3d18cb805507bed707b0e306d3b433,2026-08-01T06:33:58+00:00,1390,197,161,75,3.359,702.0,22,fit:80de1342a3e9944829ab101957c8eddffd3d18cb805507bed707b0e306d3b433:segment:004,4,8726.0,8507,activities/108_260801060832.csv,1,1,0,0
fit:80de1342a3e9944829ab101957c8eddffd3d18cb805507bed707b0e306d3b433,2026-08-01T06:33:59+00:00,1391,190,161,76,3.405,702.0,22,fit:80de1342a3e9944829ab101957c8eddffd3d18cb805507bed707b0e306d3b433:segment:004,4,8727.0,8508,activities/108_260801060832.csv,1,1,0,0
fit:80de1342a3e9944829ab101957c8eddffd3d18cb805507bed707b0e306d3b433,2026-08-01T06:34:00+00:00,1392,190,161,77,3.459,702.4000000000001,22,fit:80de1342a3e9944829ab101957c8eddffd3d18cb805507bed707b0e306d3b433:segment:004,4,8728.0,8509,activities/108_260801060832.csv,1,1,0,0
fit:80de1342a3e9944829ab101957c8eddffd3d18cb805507bed707b0e306d3b433,2026-08-01T06:34:01+00:00,1393,198,161,76,3.283,702.8,22,fit:80de1342a3e9944829ab101957c8eddffd3d18cb805507bed707b0e306d3b433:segment:004,4,8729.0,8510,activities/108_260801060832.csv,1,1,0,0
fit:80de1342a3e9944829ab101957c8eddffd3d18cb805507bed707b0e306d3b433,2026-08-01T06:34:02+00:00,1394,205,161,77,3.365,702.8,22,fit:80de1342a3e9944829ab101957c8eddffd3d18cb805507bed707b0e306d3b433:segment:004,4,8730.0,8511,activities/108_260801060832.csv,1,1,0,0
fit:80de1342a3e9944829ab101957c8eddffd3d18cb805507bed707b0e306d3b433,2026-08-01T06:34:03+00:00,1395,222,160,77,3.345,703.5999999999999,22,fit:80de1342a3e9944829ab101957c8eddffd3d18cb805507bed707b0e306d3b433:segment:004,4,8731.0,8512,activities/108_260801060832.csv,1,1,0,0
fit:80de1342a3e9944829ab101957c8eddffd3d18cb805507bed707b0e306d3b433,2026-08-01T06:34:04+00:00,1396,229,160,77,3.442,703.8,22,fit:80de1342a3e9944829ab101957c8eddffd3d18cb805507bed707b0e306d3b433:segment:004,4,8732.0,8513,activities/108_260801060832.csv,1,1,0,0
fit:80de1342a3e9944829ab101957c8eddffd3d18cb805507bed707b0e306d3b433,2026-08-01T06:34:05+00:00,1397,233,160,78,3.513,704.0,22,fit:80de1342a3e9944829ab101957c8eddffd3d18cb805507bed707b0e306d3b433:segment:004,4,8733.0,8514,activities/108_260801060832.csv,1,1,0,0
fit:80de1342a3e9944829ab101957c8eddffd3d18cb805507bed707b0e306d3b433,2026-08-01T06:34:06+00:00,1398,233,160,78,3.535,704.0,22,fit:80de1342a3e9944829ab101957c8eddffd3d18cb805507bed707b0e306d3b433:segment:004,4,8734.0,8515,activities/108_260801060832.csv,1,1,0,0
fit:80de1342a3e9944829ab101957c8eddffd3d18cb805507bed707b0e306d3b433,2026-08-01T06:34:07+00:00,1399,233,160,76,3.426,704.0,22,fit:80de1342a3e9944829ab101957c8eddffd3d18cb805507bed707b0e306d3b433:segment:004,4,8735.0,8516,activities/108_260801060832.csv,1,1,0,0
fit:80de1342a3e9944829ab101957c8eddffd3d18cb805507bed707b0e306d3b433,2026-08-01T06:34:08+00:00,1400,228,160,76,3.409,704.0,22,fit:80de1342a3e9944829ab101957c8eddffd3d18cb805507bed707b0e306d3b433:segment:004,4,8736.0,8517,activities/108_260801060832.csv,1,1,0,0
fit:80de1342a3e9944829ab101957c8eddffd3d18cb805507bed707b0e306d3b433,2026-08-01T06:34:09+00:00,1401,243,160,73,3.456,705.0,22,fit:80de1342a3e9944829ab101957c8eddffd3d18cb805507bed707b0e306d3b433:segment:004,4,8737.0,8518,activities/108_260801060832.csv,1,1,0,0
fit:80de1342a3e9944829ab101957c8eddffd3d18cb805507bed707b0e306d3b433,2026-08-01T06:34:10+00:00,1402,256,161,72,3.522,705.4000000000001,22,fit:80de1342a3e9944829ab101957c8eddffd3d18cb805507bed707b0e306d3b433:segment:004,4,8738.0,8519,activities/108_260801060832.csv,1,1,0,0
fit:80de1342a3e9944829ab101957c8eddffd3d18cb805507bed707b0e306d3b433,2026-08-01T06:34:11+00:00,1403,238,161,71,3.418,705.4000000000001,22,fit:80de1342a3e9944829ab101957c8eddffd3d18cb805507bed707b0e306d3b433:segment:004,4,8739.0,8520,activities/108_260801060832.csv,1,1,0,0
fit:80de1342a3e9944829ab101957c8eddffd3d18cb805507bed707b0e306d3b433,2026-08-01T06:34:12+00:00,1404,259,161,69,3.248,705.4000000000001,22,fit:80de1342a3e9944829ab101957c8eddffd3d18cb805507bed707b0e306d3b433:segment:004,4,8740.0,8521,activities/108_260801060832.csv,1,1,0,0
fit:80de1342a3e9944829ab101957c8eddffd3d18cb805507bed707b0e306d3b433,2026-08-01T06:34:13+00:00,1405,256,161,68,3.167,705.4000000000001,22,fit:80de1342a3e9944829ab101957c8eddffd3d18cb805507bed707b0e306d3b433:segment:004,4,8741.0,8522,activities/108_260801060832.csv,1,1,0,0
fit:80de1342a3e9944829ab101957c8eddffd3d18cb805507bed707b0e306d3b433,2026-08-01T06:34:14+00:00,1406,266,161,68,3.113,706.4000000000001,22,fit:80de1342a3e9944829ab101957c8eddffd3d18cb805507bed707b0e306d3b433:segment:004,4,8742.0,8523,activities/108_260801060832.csv,1,1,0,0
fit:80de1342a3e9944829ab101957c8eddffd3d18cb805507bed707b0e306d3b433,2026-08-01T06:34:15+00:00,1407,259,161,68,2.95,706.8,22,fit:80de1342a3e9944829ab101957c8eddffd3d18cb805507bed707b0e306d3b433:segment:004,4,8743.0,8524,activities/108_260801060832.csv,1,1,0,0
fit:80de1342a3e9944829ab101957c8eddffd3d18cb805507bed707b0e306d3b433,2026-08-01T06:34:16+00:00,1408,147,160,68,2.926,706.8,22,fit:80de1342a3e9944829ab101957c8eddffd3d18cb805507bed707b0e306d3b433:segment:004,4,8744.0,8525,activities/108_260801060832.csv,1,1,0,0
fit:80de1342a3e9944829ab101957c8eddffd3d18cb805507bed707b0e306d3b433,2026-08-01T06:34:17+00:00,1409,264,160,69,2.978,706.8,22,fit:80de1342a3e9944829ab101957c8eddffd3d18cb805507bed707b0e306d3b433:segment:004,4,8745.0,8526,activities/108_260801060832.csv,1,1,0,0
fit:80de1342a3e9944829ab101957c8eddffd3d18cb805507bed707b0e306d3b433,2026-08-01T06:34:18+00:00,1410,271,160,74,2.949,706.8,22,fit:80de1342a3e9944829ab101957c8eddffd3d18cb805507bed707b0e306d3b433:segment:004,4,8746.0,8527,activities/108_260801060832.csv,1,1,0,0
fit:80de1342a3e9944829ab101957c8eddffd3d18cb805507bed707b0e306d3b433,2026-08-01T06:34:19+00:00,1411,263,160,74,2.985,707.5999999999999,22,fit:80de1342a3e9944829ab101957c8eddffd3d18cb805507bed707b0e306d3b433:segment:004,4,8747.0,8528,activities/108_260801060832.csv,1,1,0,0
fit:80de1342a3e9944829ab101957c8eddffd3d18cb805507bed707b0e306d3b433,2026-08-01T06:34:20+00:00,1412,264,160,75,3.107,707.5999999999999,22,fit:80de1342a3e9944829ab101957c8eddffd3d18cb805507bed707b0e306d3b433:segment:004,4,8748.0,8529,activities/108_260801060832.csv,1,1,0,0
fit:80de1342a3e9944829ab101957c8eddffd3d18cb805507bed707b0e306d3b433,2026-08-01T06:34:21+00:00,1413,264,160,76,3.038,708.5999999999999,22,fit:80de1342a3e9944829ab101957c8eddffd3d18cb805507bed707b0e306d3b433:segment:004,4,8749.0,8530,activities/108_260801060832.csv,1,1,0,0
fit:80de1342a3e9944829ab101957c8eddffd3d18cb805507bed707b0e306d3b433,2026-08-01T06:34:22+00:00,1414,303,159,78,3.299,708.8,22,fit:80de1342a3e9944829ab101957c8eddffd3d18cb805507bed707b0e306d3b433:segment:004,4,8750.0,8531,activities/108_260801060832.csv,1,1,0,0
fit:80de1342a3e9944829ab101957c8eddffd3d18cb805507bed707b0e306d3b433,2026-08-01T06:34:23+00:00,1415,257,159,81,3.226,708.8,22,fit:80de1342a3e9944829ab101957c8eddffd3d18cb805507bed707b0e306d3b433:segment:004,4,8751.0,8532,activities/108_260801060832.csv,1,1,0,0
fit:80de1342a3e9944829ab101957c8eddffd3d18cb805507bed707b0e306d3b433,2026-08-01T06:34:24+00:00,1416,267,158,82,3.152,708.8,22,fit:80de1342a3e9944829ab101957c8eddffd3d18cb805507bed707b0e306d3b433:segment:004,4,8752.0,8533,activities/108_260801060832.csv,1,1,0,0
fit:80de1342a3e9944829ab101957c8eddffd3d18cb805507bed707b0e306d3b433,2026-08-01T06:34:25+00:00,1417,268,158,82,3.172,708.8,22,fit:80de1342a3e9944829ab101957c8eddffd3d18cb805507bed707b0e306d3b433:segment:004,4,8753.0,8534,activities/108_260801060832.csv,1,1,0,0
fit:80de1342a3e9944829ab101957c8eddffd3d18cb805507bed707b0e306d3b433,2026-08-01T06:34:26+00:00,1418,225,157,80,3.245,708.8,22,fit:80de1342a3e9944829ab101957c8eddffd3d18cb805507bed707b0e306d3b433:segment:004,4,8754.0,8535,activities/108_260801060832.csv,1,1,0,0
fit:80de1342a3e9944829ab101957c8eddffd3d18cb805507bed707b0e306d3b433,2026-08-01T06:34:27+00:00,1419,266,157,79,3.165,709.8,22,fit:80de1342a3e9944829ab101957c8eddffd3d18cb805507bed707b0e306d3b433:segment:004,4,8755.0,8536,activities/108_260801060832.csv,1,1,0,0
fit:80de1342a3e9944829ab101957c8eddffd3d18cb805507bed707b0e306d3b433,2026-08-01T06:34:28+00:00,1420,281,157,78,3.354,710.4000000000001,22,fit:80de1342a3e9944829ab101957c8eddffd3d18cb805507bed707b0e306d3b433:segment:004,4,8756.0,8537,activities/108_260801060832.csv,1,1,0,0
fit:80de1342a3e9944829ab101957c8eddffd3d18cb805507bed707b0e306d3b433,2026-08-01T06:34:29+00:00,1421,287,157,78,3.362,710.4000000000001,22,fit:80de1342a3e9944829ab101957c8eddffd3d18cb805507bed707b0e306d3b433:segment:004,4,8757.0,8538,activities/108_260801060832.csv,1,1,0,0
fit:80de1342a3e9944829ab101957c8eddffd3d18cb805507bed707b0e306d3b433,2026-08-01T06:34:30+00:00,1422,291,157,77,3.206,710.5999999999999,22,fit:80de1342a3e9944829ab101957c8eddffd3d18cb805507bed707b0e306d3b433:segment:004,4,8758.0,8539,activities/108_260801060832.csv,1,1,0,0
fit:80de1342a3e9944829ab101957c8eddffd3d18cb805507bed707b0e306d3b433,2026-08-01T06:34:31+00:00,1423,287,156,75,3.11,710.8,22,fit:80de1342a3e9944829ab101957c8eddffd3d18cb805507bed707b0e306d3b433:segment:004,4,8759.0,8540,activities/108_260801060832.csv,1,1,0,0
fit:80de1342a3e9944829ab101957c8eddffd3d18cb805507bed707b0e306d3b433,2026-08-01T06:34:32+00:00,1424,288,156,75,3.037,711.4000000000001,22,fit:80de1342a3e9944829ab101957c8eddffd3d18cb805507bed707b0e306d3b433:segment:004,4,8760.0,8541,activities/108_260801060832.csv,1,1,0,0
fit:80de1342a3e9944829ab101957c8eddffd3d18cb805507bed707b0e306d3b433,2026-08-01T06:34:33+00:00,1425,271,156,74,3.052,711.4000000000001,22,fit:80de1342a3e9944829ab101957c8eddffd3d18cb805507bed707b0e306d3b433:segment:004,4,8761.0,8542,activities/108_260801060832.csv,1,1,0,0
fit:80de1342a3e9944829ab101957c8eddffd3d18cb805507bed707b0e306d3b433,2026-08-01T06:34:34+00:00,1426,268,157,74,3.143,711.4000000000001,22,fit:80de1342a3e9944829ab101957c8eddffd3d18cb805507bed707b0e306d3b433:segment:004,4,8762.0,8543,activities/108_260801060832.csv,1,1,0,0
fit:80de1342a3e9944829ab101957c8eddffd3d18cb805507bed707b0e306d3b433,2026-08-01T06:34:35+00:00,1427,268,157,74,3.14,711.4000000000001,22,fit:80de1342a3e9944829ab101957c8eddffd3d18cb805507bed707b0e306d3b433:segment:004,4,8763.0,8544,activities/108_260801060832.csv,1,1,0,0
fit:80de1342a3e9944829ab101957c8eddffd3d18cb805507bed707b0e306d3b433,2026-08-01T06:34:36+00:00,1428,268,157,73,2.976,711.4000000000001,22,fit:80de1342a3e9944829ab101957c8eddffd3d18cb805507bed707b0e306d3b433:segment:004,4,8764.0,8545,activities/108_260801060832.csv,1,1,0,0
fit:80de1342a3e9944829ab101957c8eddffd3d18cb805507bed707b0e306d3b433,2026-08-01T06:34:37+00:00,1429,260,157,71,2.974,711.4000000000001,22,fit:80de1342a3e9944829ab101957c8eddffd3d18cb805507bed707b0e306d3b433:segment:004,4,8765.0,8546,activities/108_260801060832.csv,1,1,0,0
fit:80de1342a3e9944829ab101957c8eddffd3d18cb805507bed707b0e306d3b433,2026-08-01T06:34:38+00:00,1430,258,157,71,2.909,712.4000000000001,22,fit:80de1342a3e9944829ab101957c8eddffd3d18cb805507bed707b0e306d3b433:segment:004,4,8766.0,8547,activities/108_260801060832.csv,1,1,0,0
fit:80de1342a3e9944829ab101957c8eddffd3d18cb805507bed707b0e306d3b433,2026-08-01T06:34:39+00:00,1431,257,157,70,2.939,713.2,22,fit:80de1342a3e9944829ab101957c8eddffd3d18cb805507bed707b0e306d3b433:segment:004,4,8767.0,8548,activities/108_260801060832.csv,1,1,0,0
fit:80de1342a3e9944829ab101957c8eddffd3d18cb805507bed707b0e306d3b433,2026-08-01T06:34:40+00:00,1432,264,158,69,3.049,714.0,22,fit:80de1342a3e9944829ab101957c8eddffd3d18cb805507bed707b0e306d3b433:segment:004,4,8768.0,8549,activities/108_260801060832.csv,1,1,0,0
fit:80de1342a3e9944829ab101957c8eddffd3d18cb805507bed707b0e306d3b433,2026-08-01T06:34:41+00:00,1433,292,158,69,2.965,714.4000000000001,22,fit:80de1342a3e9944829ab101957c8eddffd3d18cb805507bed707b0e306d3b433:segment:004,4,8769.0,8550,activities/108_260801060832.csv,1,1,0,0
fit:80de1342a3e9944829ab101957c8eddffd3d18cb805507bed707b0e306d3b433,2026-08-01T06:34:42+00:00,1434,317,158,68,2.978,714.4000000000001,22,fit:80de1342a3e9944829ab101957c8eddffd3d18cb805507bed707b0e306d3b433:segment:004,4,8770.0,8551,activities/108_260801060832.csv,1,1,0,0
fit:80de1342a3e9944829ab101957c8eddffd3d18cb805507bed707b0e306d3b433,2026-08-01T06:34:43+00:00,1435,314,158,68,2.771,714.4000000000001,22,fit:80de1342a3e9944829ab101957c8eddffd3d18cb805507bed707b0e306d3b433:segment:004,4,8771.0,8552,activities/108_260801060832.csv,1,1,0,0
fit:80de1342a3e9944829ab101957c8eddffd3d18cb805507bed707b0e306d3b433,2026-08-01T06:34:44+00:00,1436,309,159,68,2.681,714.4000000000001,22,fit:80de1342a3e9944829ab101957c8eddffd3d18cb805507bed707b0e306d3b433:segment:004,4,8772.0,8553,activities/108_260801060832.csv,1,1,0,0
fit:80de1342a3e9944829ab101957c8eddffd3d18cb805507bed707b0e306d3b433,2026-08-01T06:34:45+00:00,1437,337,159,68,2.542,715.4000000000001,22,fit:80de1342a3e9944829ab101957c8eddffd3d18cb805507bed707b0e306d3b433:segment:004,4,8773.0,8554,activities/108_260801060832.csv,1,1,0,0
fit:80de1342a3e9944829ab101957c8eddffd3d18cb805507bed707b0e306d3b433,2026-08-01T06:34:46+00:00,1438,332,159,69,2.483,715.8,22,fit:80de1342a3e9944829ab101957c8eddffd3d18cb805507bed707b0e306d3b433:segment:004,4,8774.0,8555,activities/108_260801060832.csv,1,1,0,0
fit:80de1342a3e9944829ab101957c8eddffd3d18cb805507bed707b0e306d3b433,2026-08-01T06:34:47+00:00,1439,316,159,70,2.61,715.8,22,fit:80de1342a3e9944829ab101957c8eddffd3d18cb805507bed707b0e306d3b433:segment:004,4,8775.0,8556,activities/108_260801060832.csv,1,1,0,0
fit:80de1342a3e9944829ab101957c8eddffd3d18cb805507bed707b0e306d3b433,2026-08-01T06:34:48+00:00,1440,316,160,70,2.663,715.8,22,fit:80de1342a3e9944829ab101957c8eddffd3d18cb805507bed707b0e306d3b433:segment:004,4,8776.0,8557,activities/108_260801060832.csv,1,1,0,0
fit:80de1342a3e9944829ab101957c8eddffd3d18cb805507bed707b0e306d3b433,2026-08-01T06:34:49+00:00,1441,342,161,70,2.756,715.8,22,fit:80de1342a3e9944829ab101957c8eddffd3d18cb805507bed707b0e306d3b433:segment:004,4,8777.0,8558,activities/108_260801060832.csv,1,1,0,0
fit:80de1342a3e9944829ab101957c8eddffd3d18cb805507bed707b0e306d3b433,2026-08-01T06:34:50+00:00,1442,325,161,70,2.758,716.8,22,fit:80de1342a3e9944829ab101957c8eddffd3d18cb805507bed707b0e306d3b433:segment:004,4,8778.0,8559,activities/108_260801060832.csv,1,1,0,0
fit:80de1342a3e9944829ab101957c8eddffd3d18cb805507bed707b0e306d3b433,2026-08-01T06:34:51+00:00,1443,325,162,70,2.748,717.0,22,fit:80de1342a3e9944829ab101957c8eddffd3d18cb805507bed707b0e306d3b433:segment:004,4,8779.0,8560,activities/108_260801060832.csv,1,1,0,0
fit:80de1342a3e9944829ab101957c8eddffd3d18cb805507bed707b0e306d3b433,2026-08-01T06:34:52+00:00,1444,309,162,69,2.719,717.5999999999999,22,fit:80de1342a3e9944829ab101957c8eddffd3d18cb805507bed707b0e306d3b433:segment:004,4,8780.0,8561,activities/108_260801060832.csv,1,1,0,0
fit:80de1342a3e9944829ab101957c8eddffd3d18cb805507bed707b0e306d3b433,2026-08-01T06:34:53+00:00,1445,303,162,68,2.73,718.2,22,fit:80de1342a3e9944829ab101957c8eddffd3d18cb805507bed707b0e306d3b433:segment:004,4,8781.0,8562,activities/108_260801060832.csv,1,1,0,0
fit:80de1342a3e9944829ab101957c8eddffd3d18cb805507bed707b0e306d3b433,2026-08-01T06:34:54+00:00,1446,304,163,68,2.529,718.2,22,fit:80de1342a3e9944829ab101957c8eddffd3d18cb805507bed707b0e306d3b433:segment:004,4,8782.0,8563,activities/108_260801060832.csv,1,1,0,0
fit:80de1342a3e9944829ab101957c8eddffd3d18cb805507bed707b0e306d3b433,2026-08-01T06:34:55+00:00,1447,273,163,67,2.684,718.5999999999999,22,fit:80de1342a3e9944829ab101957c8eddffd3d18cb805507bed707b0e306d3b433:segment:004,4,8783.0,8564,activities/108_260801060832.csv,1,1,0,0
fit:80de1342a3e9944829ab101957c8eddffd3d18cb805507bed707b0e306d3b433,2026-08-01T06:34:56+00:00,1448,274,163,65,2.665,719.0,22,fit:80de1342a3e9944829ab101957c8eddffd3d18cb805507bed707b0e306d3b433:segment:004,4,8784.0,8565,activities/108_260801060832.csv,1,1,0,0
fit:80de1342a3e9944829ab101957c8eddffd3d18cb805507bed707b0e306d3b433,2026-08-01T06:34:57+00:00,1449,298,164,65,2.754,719.0,22,fit:80de1342a3e9944829ab101957c8eddffd3d18cb805507bed707b0e306d3b433:segment:004,4,8785.0,8566,activities/108_260801060832.csv,1,1,0,0
fit:80de1342a3e9944829ab101957c8eddffd3d18cb805507bed707b0e306d3b433,2026-08-01T06:34:58+00:00,1450,313,164,65,2.652,719.0,22,fit:80de1342a3e9944829ab101957c8eddffd3d18cb805507bed707b0e306d3b433:segment:004,4,8786.0,8567,activities/108_260801060832.csv,1,1,0,0
fit:80de1342a3e9944829ab101957c8eddffd3d18cb805507bed707b0e306d3b433,2026-08-01T06:34:59+00:00,1451,304,164,65,2.551,719.0,22,fit:80de1342a3e9944829ab101957c8eddffd3d18cb805507bed707b0e306d3b433:segment:004,4,8787.0,8568,activities/108_260801060832.csv,1,1,0,0
fit:80de1342a3e9944829ab101957c8eddffd3d18cb805507bed707b0e306d3b433,2026-08-01T06:35:00+00:00,1452,287,165,67,2.654,719.8,22,fit:80de1342a3e9944829ab101957c8eddffd3d18cb805507bed707b0e306d3b433:segment:004,4,8788.0,8569,activities/108_260801060832.csv,1,1,0,0
fit:80de1342a3e9944829ab101957c8eddffd3d18cb805507bed707b0e306d3b433,2026-08-01T06:35:01+00:00,1453,299,165,67,2.77,720.0,22,fit:80de1342a3e9944829ab101957c8eddffd3d18cb805507bed707b0e306d3b433:segment:004,4,8789.0,8570,activities/108_260801060832.csv,1,1,0,0
fit:80de1342a3e9944829ab101957c8eddffd3d18cb805507bed707b0e306d3b433,2026-08-01T06:35:02+00:00,1454,300,165,69,2.775,720.2,22,fit:80de1342a3e9944829ab101957c8eddffd3d18cb805507bed707b0e306d3b433:segment:004,4,8790.0,8571,activities/108_260801060832.csv,1,1,0,0
fit:80de1342a3e9944829ab101957c8eddffd3d18cb805507bed707b0e306d3b433,2026-08-01T06:35:03+00:00,1455,268,165,70,2.912,720.8,22,fit:80de1342a3e9944829ab101957c8eddffd3d18cb805507bed707b0e306d3b433:segment:004,4,8791.0,8572,activities/108_260801060832.csv,1,1,0,0
fit:80de1342a3e9944829ab101957c8eddffd3d18cb805507bed707b0e306d3b433,2026-08-01T06:35:04+00:00,1456,276,165,70,2.802,720.8,22,fit:80de1342a3e9944829ab101957c8eddffd3d18cb805507bed707b0e306d3b433:segment:004,4,8792.0,8573,activities/108_260801060832.csv,1,1,0,0
fit:80de1342a3e9944829ab101957c8eddffd3d18cb805507bed707b0e306d3b433,2026-08-01T06:35:05+00:00,1457,272,165,70,2.852,721.2,22,fit:80de1342a3e9944829ab101957c8eddffd3d18cb805507bed707b0e306d3b433:segment:004,4,8793.0,8574,activities/108_260801060832.csv,1,1,0,0
fit:80de1342a3e9944829ab101957c8eddffd3d18cb805507bed707b0e306d3b433,2026-08-01T06:35:06+00:00,1458,274,166,69,2.887,721.4000000000001,22,fit:80de1342a3e9944829ab101957c8eddffd3d18cb805507bed707b0e306d3b433:segment:004,4,8794.0,8575,activities/108_260801060832.csv,1,1,0,0
fit:80de1342a3e9944829ab101957c8eddffd3d18cb805507bed707b0e306d3b433,2026-08-01T06:35:07+00:00,1459,277,166,69,2.828,721.8,22,fit:80de1342a3e9944829ab101957c8eddffd3d18cb805507bed707b0e306d3b433:segment:004,4,8795.0,8576,activities/108_260801060832.csv,1,1,0,0
fit:80de1342a3e9944829ab101957c8eddffd3d18cb805507bed707b0e306d3b433,2026-08-01T06:35:08+00:00,1460,257,166,71,2.738,722.0,22,fit:80de1342a3e9944829ab101957c8eddffd3d18cb805507bed707b0e306d3b433:segment:004,4,8796.0,8577,activities/108_260801060832.csv,1,1,0,0
fit:80de1342a3e9944829ab101957c8eddffd3d18cb805507bed707b0e306d3b433,2026-08-01T06:35:09+00:00,1461,202,166,71,2.884,722.0,22,fit:80de1342a3e9944829ab101957c8eddffd3d18cb805507bed707b0e306d3b433:segment:004,4,8797.0,8578,activities/108_260801060832.csv,1,1,0,0
fit:80de1342a3e9944829ab101957c8eddffd3d18cb805507bed707b0e306d3b433,2026-08-01T06:35:10+00:00,1462,171,166,69,2.752,722.0,22,fit:80de1342a3e9944829ab101957c8eddffd3d18cb805507bed707b0e306d3b433:segment:004,4,8798.0,8579,activities/108_260801060832.csv,1,1,0,0
fit:80de1342a3e9944829ab101957c8eddffd3d18cb805507bed707b0e306d3b433,2026-08-01T06:35:11+00:00,1463,171,166,62,2.642,722.0,22,fit:80de1342a3e9944829ab101957c8eddffd3d18cb805507bed707b0e306d3b433:segment:004,4,8799.0,8580,activities/108_260801060832.csv,1,1,0,0
fit:80de1342a3e9944829ab101957c8eddffd3d18cb805507bed707b0e306d3b433,2026-08-01T06:35:12+00:00,1464,220,166,59,2.458,723.0,22,fit:80de1342a3e9944829ab101957c8eddffd3d18cb805507bed707b0e306d3b433:segment:004,4,8800.0,8581,activities/108_260801060832.csv,1,1,0,0
fit:80de1342a3e9944829ab101957c8eddffd3d18cb805507bed707b0e306d3b433,2026-08-01T06:35:13+00:00,1465,220,166,64,2.54,723.2,22,fit:80de1342a3e9944829ab101957c8eddffd3d18cb805507bed707b0e306d3b433:segment:004,4,8801.0,8582,activities/108_260801060832.csv,1,1,0,0
fit:80de1342a3e9944829ab101957c8eddffd3d18cb805507bed707b0e306d3b433,2026-08-01T06:35:14+00:00,1466,242,164,67,2.548,723.5999999999999,22,fit:80de1342a3e9944829ab101957c8eddffd3d18cb805507bed707b0e306d3b433:segment:004,4,8802.0,8583,activities/108_260801060832.csv,1,1,0,0
fit:80de1342a3e9944829ab101957c8eddffd3d18cb805507bed707b0e306d3b433,2026-08-01T06:35:15+00:00,1467,226,164,67,2.368,723.8,22,fit:80de1342a3e9944829ab101957c8eddffd3d18cb805507bed707b0e306d3b433:segment:004,4,8803.0,8584,activities/108_260801060832.csv,1,1,0,0
fit:80de1342a3e9944829ab101957c8eddffd3d18cb805507bed707b0e306d3b433,2026-08-01T06:35:16+00:00,1468,89,163,71,2.494,724.0,22,fit:80de1342a3e9944829ab101957c8eddffd3d18cb805507bed707b0e306d3b433:segment:004,4,8804.0,8585,activities/108_260801060832.csv,1,1,0,0
fit:80de1342a3e9944829ab101957c8eddffd3d18cb805507bed707b0e306d3b433,2026-08-01T06:35:17+00:00,1469,142,163,67,2.578,724.0,22,fit:80de1342a3e9944829ab101957c8eddffd3d18cb805507bed707b0e306d3b433:segment:004,4,8805.0,8586,activities/108_260801060832.csv,1,1,0,0
fit:80de1342a3e9944829ab101957c8eddffd3d18cb805507bed707b0e306d3b433,2026-08-01T06:35:18+00:00,1470,142,163,61,2.301,724.4000000000001,22,fit:80de1342a3e9944829ab101957c8eddffd3d18cb805507bed707b0e306d3b433:segment:004,4,8806.0,8587,activities/108_260801060832.csv,1,1,0,0
fit:80de1342a3e9944829ab101957c8eddffd3d18cb805507bed707b0e306d3b433,2026-08-01T06:35:19+00:00,1471,238,163,61,2.478,724.4000000000001,22,fit:80de1342a3e9944829ab101957c8eddffd3d18cb805507bed707b0e306d3b433:segment:004,4,8807.0,8588,activities/108_260801060832.csv,1,1,0,0
fit:80de1342a3e9944829ab101957c8eddffd3d18cb805507bed707b0e306d3b433,2026-08-01T06:35:20+00:00,1472,255,163,65,2.528,724.4000000000001,22,fit:80de1342a3e9944829ab101957c8eddffd3d18cb805507bed707b0e306d3b433:segment:004,4,8808.0,8589,activities/108_260801060832.csv,1,1,0,0
fit:80de1342a3e9944829ab101957c8eddffd3d18cb805507bed707b0e306d3b433,2026-08-01T06:35:21+00:00,1473,193,162,72,2.525,724.4000000000001,22,fit:80de1342a3e9944829ab101957c8eddffd3d18cb805507bed707b0e306d3b433:segment:004,4,8809.0,8590,activities/108_260801060832.csv,1,1,0,0
fit:80de1342a3e9944829ab101957c8eddffd3d18cb805507bed707b0e306d3b433,2026-08-01T06:35:22+00:00,1474,193,161,72,2.512,724.4000000000001,22,fit:80de1342a3e9944829ab101957c8eddffd3d18cb805507bed707b0e306d3b433:segment:004,4,8810.0,8591,activities/108_260801060832.csv,1,1,0,0
fit:80de1342a3e9944829ab101957c8eddffd3d18cb805507bed707b0e306d3b433,2026-08-01T06:35:23+00:00,1475,220,161,71,2.635,724.4000000000001,22,fit:80de1342a3e9944829ab101957c8eddffd3d18cb805507bed707b0e306d3b433:segment:004,4,8811.0,8592,activities/108_260801060832.csv,1,1,0,0
fit:80de1342a3e9944829ab101957c8eddffd3d18cb805507bed707b0e306d3b433,2026-08-01T06:35:24+00:00,1476,274,161,74,2.782,725.2,22,fit:80de1342a3e9944829ab101957c8eddffd3d18cb805507bed707b0e306d3b433:segment:004,4,8812.0,8593,activities/108_260801060832.csv,1,1,0,0
fit:80de1342a3e9944829ab101957c8eddffd3d18cb805507bed707b0e306d3b433,2026-08-01T06:35:25+00:00,1477,248,159,74,2.831,725.5999999999999,22,fit:80de1342a3e9944829ab101957c8eddffd3d18cb805507bed707b0e306d3b433:segment:004,4,8813.0,8594,activities/108_260801060832.csv,1,1,0,0
fit:80de1342a3e9944829ab101957c8eddffd3d18cb805507bed707b0e306d3b433,2026-08-01T06:35:26+00:00,1478,243,159,79,3.005,725.8,22,fit:80de1342a3e9944829ab101957c8eddffd3d18cb805507bed707b0e306d3b433:segment:004,4,8814.0,8595,activities/108_260801060832.csv,1,1,0,0
fit:80de1342a3e9944829ab101957c8eddffd3d18cb805507bed707b0e306d3b433,2026-08-01T06:35:27+00:00,1479,243,159,81,3.098,725.8,22,fit:80de1342a3e9944829ab101957c8eddffd3d18cb805507bed707b0e306d3b433:segment:004,4,8815.0,8596,activities/108_260801060832.csv,1,1,0,0
fit:80de1342a3e9944829ab101957c8eddffd3d18cb805507bed707b0e306d3b433,2026-08-01T06:35:28+00:00,1480,207,158,71,3.309,725.8,22,fit:80de1342a3e9944829ab101957c8eddffd3d18cb805507bed707b0e306d3b433:segment:004,4,8816.0,8597,activities/108_260801060832.csv,1,1,0,0
fit:80de1342a3e9944829ab101957c8eddffd3d18cb805507bed707b0e306d3b433,2026-08-01T06:35:29+00:00,1481,261,157,73,3.295,725.8,22,fit:80de1342a3e9944829ab101957c8eddffd3d18cb805507bed707b0e306d3b433:segment:004,4,8817.0,8598,activities/108_260801060832.csv,1,1,0,0
fit:80de1342a3e9944829ab101957c8eddffd3d18cb805507bed707b0e306d3b433,2026-08-01T06:35:30+00:00,1482,289,157,73,3.397,726.5999999999999,22,fit:80de1342a3e9944829ab101957c8eddffd3d18cb805507bed707b0e306d3b433:segment:004,4,8818.0,8599,activities/108_260801060832.csv,1,1,0,0
fit:80de1342a3e9944829ab101957c8eddffd3d18cb805507bed707b0e306d3b433,2026-08-01T06:35:31+00:00,1483,284,157,75,3.478,726.5999999999999,22,fit:80de1342a3e9944829ab101957c8eddffd3d18cb805507bed707b0e306d3b433:segment:004,4,8819.0,8600,activities/108_260801060832.csv,1,1,0,0
fit:80de1342a3e9944829ab101957c8eddffd3d18cb805507bed707b0e306d3b433,2026-08-01T06:35:32+00:00,1484,258,157,77,3.557,726.5999999999999,22,fit:80de1342a3e9944829ab101957c8eddffd3d18cb805507bed707b0e306d3b433:segment:004,4,8820.0,8601,activities/108_260801060832.csv,1,1,0,0
fit:80de1342a3e9944829ab101957c8eddffd3d18cb805507bed707b0e306d3b433,2026-08-01T06:35:33+00:00,1485,258,156,78,3.577,726.5999999999999,22,fit:80de1342a3e9944829ab101957c8eddffd3d18cb805507bed707b0e306d3b433:segment:004,4,8821.0,8602,activities/108_260801060832.csv,1,1,0,0
fit:80de1342a3e9944829ab101957c8eddffd3d18cb805507bed707b0e306d3b433,2026-08-01T06:35:34+00:00,1486,248,156,78,3.587,726.5999999999999,22,fit:80de1342a3e9944829ab101957c8eddffd3d18cb805507bed707b0e306d3b433:segment:004,4,8822.0,8603,activities/108_260801060832.csv,1,1,0,0
fit:80de1342a3e9944829ab101957c8eddffd3d18cb805507bed707b0e306d3b433,2026-08-01T06:35:35+00:00,1487,273,156,76,3.433,727.5999999999999,22,fit:80de1342a3e9944829ab101957c8eddffd3d18cb805507bed707b0e306d3b433:segment:004,4,8823.0,8604,activities/108_260801060832.csv,1,1,0,0
fit:80de1342a3e9944829ab101957c8eddffd3d18cb805507bed707b0e306d3b433,2026-08-01T06:35:36+00:00,1488,283,156,75,3.4,727.5999999999999,22,fit:80de1342a3e9944829ab101957c8eddffd3d18cb805507bed707b0e306d3b433:segment:004,4,8824.0,8605,activities/108_260801060832.csv,1,1,0,0
fit:80de1342a3e9944829ab101957c8eddffd3d18cb805507bed707b0e306d3b433,2026-08-01T06:35:37+00:00,1489,291,156,74,3.156,727.5999999999999,22,fit:80de1342a3e9944829ab101957c8eddffd3d18cb805507bed707b0e306d3b433:segment:004,4,8825.0,8606,activities/108_260801060832.csv,1,1,0,0
fit:80de1342a3e9944829ab101957c8eddffd3d18cb805507bed707b0e306d3b433,2026-08-01T06:35:38+00:00,1490,302,156,73,3.155,727.5999999999999,22,fit:80de1342a3e9944829ab101957c8eddffd3d18cb805507bed707b0e306d3b433:segment:004,4,8826.0,8607,activities/108_260801060832.csv,1,1,0,0
fit:80de1342a3e9944829ab101957c8eddffd3d18cb805507bed707b0e306d3b433,2026-08-01T06:35:39+00:00,1491,307,156,73,2.983,728.5999999999999,22,fit:80de1342a3e9944829ab101957c8eddffd3d18cb805507bed707b0e306d3b433:segment:004,4,8827.0,8608,activities/108_260801060832.csv,1,1,0,0
fit:80de1342a3e9944829ab101957c8eddffd3d18cb805507bed707b0e306d3b433,2026-08-01T06:35:40+00:00,1492,304,157,71,2.976,729.2,22,fit:80de1342a3e9944829ab101957c8eddffd3d18cb805507bed707b0e306d3b433:segment:004,4,8828.0,8609,activities/108_260801060832.csv,1,1,0,0
fit:80de1342a3e9944829ab101957c8eddffd3d18cb805507bed707b0e306d3b433,2026-08-01T06:35:41+00:00,1493,298,157,71,3.076,730.2,22,fit:80de1342a3e9944829ab101957c8eddffd3d18cb805507bed707b0e306d3b433:segment:004,4,8829.0,8610,activities/108_260801060832.csv,1,1,0,0
fit:80de1342a3e9944829ab101957c8eddffd3d18cb805507bed707b0e306d3b433,2026-08-01T06:35:42+00:00,1494,282,158,70,3.152,730.2,22,fit:80de1342a3e9944829ab101957c8eddffd3d18cb805507bed707b0e306d3b433:segment:004,4,8830.0,8611,activities/108_260801060832.csv,1,1,0,0
fit:80de1342a3e9944829ab101957c8eddffd3d18cb805507bed707b0e306d3b433,2026-08-01T06:35:43+00:00,1495,282,159,69,3.226,730.2,22,fit:80de1342a3e9944829ab101957c8eddffd3d18cb805507bed707b0e306d3b433:segment:004,4,8831.0,8612,activities/108_260801060832.csv,1,1,0,0
fit:80de1342a3e9944829ab101957c8eddffd3d18cb805507bed707b0e306d3b433,2026-08-01T06:35:44+00:00,1496,297,160,68,3.049,730.2,22,fit:80de1342a3e9944829ab101957c8eddffd3d18cb805507bed707b0e306d3b433:segment:004,4,8832.0,8613,activities/108_260801060832.csv,1,1,0,0
fit:80de1342a3e9944829ab101957c8eddffd3d18cb805507bed707b0e306d3b433,2026-08-01T06:35:45+00:00,1497,308,160,68,3.047,731.2,22,fit:80de1342a3e9944829ab101957c8eddffd3d18cb805507bed707b0e306d3b433:segment:004,4,8833.0,8614,activities/108_260801060832.csv,1,1,0,0
fit:80de1342a3e9944829ab101957c8eddffd3d18cb805507bed707b0e306d3b433,2026-08-01T06:35:46+00:00,1498,308,161,66,2.865,731.5999999999999,22,fit:80de1342a3e9944829ab101957c8eddffd3d18cb805507bed707b0e306d3b433:segment:004,4,8834.0,8615,activities/108_260801060832.csv,1,1,0,0
fit:80de1342a3e9944829ab101957c8eddffd3d18cb805507bed707b0e306d3b433,2026-08-01T06:35:47+00:00,1499,326,161,66,2.859,732.0,22,fit:80de1342a3e9944829ab101957c8eddffd3d18cb805507bed707b0e306d3b433:segment:004,4,8835.0,8616,activities/108_260801060832.csv,1,1,0,0
fit:80de1342a3e9944829ab101957c8eddffd3d18cb805507bed707b0e306d3b433,2026-08-01T06:35:48+00:00,1500,312,162,66,3.0,732.2,22,fit:80de1342a3e9944829ab101957c8eddffd3d18cb805507bed707b0e306d3b433:segment:004,4,8836.0,8617,activities/108_260801060832.csv,1,1,0,0
fit:80de1342a3e9944829ab101957c8eddffd3d18cb805507bed707b0e306d3b433,2026-08-01T06:35:49+00:00,1501,323,162,67,3.092,732.2,22,fit:80de1342a3e9944829ab101957c8eddffd3d18cb805507bed707b0e306d3b433:segment:004,4,8837.0,8618,activities/108_260801060832.csv,1,1,0,0
fit:80de1342a3e9944829ab101957c8eddffd3d18cb805507bed707b0e306d3b433,2026-08-01T06:35:50+00:00,1502,315,163,66,2.828,732.2,22,fit:80de1342a3e9944829ab101957c8eddffd3d18cb805507bed707b0e306d3b433:segment:004,4,8838.0,8619,activities/108_260801060832.csv,1,1,0,0
fit:80de1342a3e9944829ab101957c8eddffd3d18cb805507bed707b0e306d3b433,2026-08-01T06:35:51+00:00,1503,304,163,66,2.883,732.2,22,fit:80de1342a3e9944829ab101957c8eddffd3d18cb805507bed707b0e306d3b433:segment:004,4,8839.0,8620,activities/108_260801060832.csv,1,1,0,0
fit:80de1342a3e9944829ab101957c8eddffd3d18cb805507bed707b0e306d3b433,2026-08-01T06:35:52+00:00,1504,304,163,66,2.91,733.2,22,fit:80de1342a3e9944829ab101957c8eddffd3d18cb805507bed707b0e306d3b433:segment:004,4,8840.0,8621,activities/108_260801060832.csv,1,1,0,0
fit:80de1342a3e9944829ab101957c8eddffd3d18cb805507bed707b0e306d3b433,2026-08-01T06:35:53+00:00,1505,300,163,66,2.866,734.0,22,fit:80de1342a3e9944829ab101957c8eddffd3d18cb805507bed707b0e306d3b433:segment:004,4,8841.0,8622,activities/108_260801060832.csv,1,1,0,0
fit:80de1342a3e9944829ab101957c8eddffd3d18cb805507bed707b0e306d3b433,2026-08-01T06:35:54+00:00,1506,296,163,65,3.042,734.0,22,fit:80de1342a3e9944829ab101957c8eddffd3d18cb805507bed707b0e306d3b433:segment:004,4,8842.0,8623,activities/108_260801060832.csv,1,1,0,0
fit:80de1342a3e9944829ab101957c8eddffd3d18cb805507bed707b0e306d3b433,2026-08-01T06:35:55+00:00,1507,293,163,65,3.024,734.0,22,fit:80de1342a3e9944829ab101957c8eddffd3d18cb805507bed707b0e306d3b433:segment:004,4,8843.0,8624,activities/108_260801060832.csv,1,1,0,0
fit:80de1342a3e9944829ab101957c8eddffd3d18cb805507bed707b0e306d3b433,2026-08-01T06:35:56+00:00,1508,297,163,66,3.054,734.0,22,fit:80de1342a3e9944829ab101957c8eddffd3d18cb805507bed707b0e306d3b433:segment:004,4,8844.0,8625,activities/108_260801060832.csv,1,1,0,0
fit:80de1342a3e9944829ab101957c8eddffd3d18cb805507bed707b0e306d3b433,2026-08-01T06:35:57+00:00,1509,297,163,66,2.996,735.0,22,fit:80de1342a3e9944829ab101957c8eddffd3d18cb805507bed707b0e306d3b433:segment:004,4,8845.0,8626,activities/108_260801060832.csv,1,1,0,0
fit:80de1342a3e9944829ab101957c8eddffd3d18cb805507bed707b0e306d3b433,2026-08-01T06:35:58+00:00,1510,296,163,66,2.892,735.2,22,fit:80de1342a3e9944829ab101957c8eddffd3d18cb805507bed707b0e306d3b433:segment:004,4,8846.0,8627,activities/108_260801060832.csv,1,1,0,0
fit:80de1342a3e9944829ab101957c8eddffd3d18cb805507bed707b0e306d3b433,2026-08-01T06:35:59+00:00,1511,293,163,65,2.733,735.5999999999999,22,fit:80de1342a3e9944829ab101957c8eddffd3d18cb805507bed707b0e306d3b433:segment:004,4,8847.0,8628,activities/108_260801060832.csv,1,1,0,0
fit:80de1342a3e9944829ab101957c8eddffd3d18cb805507bed707b0e306d3b433,2026-08-01T06:36:00+00:00,1512,268,163,65,2.761,736.0,22,fit:80de1342a3e9944829ab101957c8eddffd3d18cb805507bed707b0e306d3b433:segment:004,4,8848.0,8629,activities/108_260801060832.csv,1,1,0,0
fit:80de1342a3e9944829ab101957c8eddffd3d18cb805507bed707b0e306d3b433,2026-08-01T06:36:01+00:00,1513,314,163,63,2.821,736.4000000000001,22,fit:80de1342a3e9944829ab101957c8eddffd3d18cb805507bed707b0e306d3b433:segment:004,4,8849.0,8630,activities/108_260801060832.csv,1,1,0,0
fit:80de1342a3e9944829ab101957c8eddffd3d18cb805507bed707b0e306d3b433,2026-08-01T06:36:02+00:00,1514,313,163,62,2.807,736.8,22,fit:80de1342a3e9944829ab101957c8eddffd3d18cb805507bed707b0e306d3b433:segment:004,4,8850.0,8631,activities/108_260801060832.csv,1,1,0,0
fit:80de1342a3e9944829ab101957c8eddffd3d18cb805507bed707b0e306d3b433,2026-08-01T06:36:03+00:00,1515,313,164,62,2.859,737.0,22,fit:80de1342a3e9944829ab101957c8eddffd3d18cb805507bed707b0e306d3b433:segment:004,4,8851.0,8632,activities/108_260801060832.csv,1,1,0,0
fit:80de1342a3e9944829ab101957c8eddffd3d18cb805507bed707b0e306d3b433,2026-08-01T06:36:04+00:00,1516,309,164,61,2.73,737.4000000000001,22,fit:80de1342a3e9944829ab101957c8eddffd3d18cb805507bed707b0e306d3b433:segment:004,4,8852.0,8633,activities/108_260801060832.csv,1,1,0,0
fit:80de1342a3e9944829ab101957c8eddffd3d18cb805507bed707b0e306d3b433,2026-08-01T06:36:05+00:00,1517,291,165,61,2.654,737.5999999999999,22,fit:80de1342a3e9944829ab101957c8eddffd3d18cb805507bed707b0e306d3b433:segment:004,4,8853.0,8634,activities/108_260801060832.csv,1,1,0,0
fit:80de1342a3e9944829ab101957c8eddffd3d18cb805507bed707b0e306d3b433,2026-08-01T06:36:06+00:00,1518,277,165,63,2.756,737.5999999999999,22,fit:80de1342a3e9944829ab101957c8eddffd3d18cb805507bed707b0e306d3b433:segment:004,4,8854.0,8635,activities/108_260801060832.csv,1,1,0,0
fit:80de1342a3e9944829ab101957c8eddffd3d18cb805507bed707b0e306d3b433,2026-08-01T06:36:07+00:00,1519,296,165,63,2.753,738.4000000000001,22,fit:80de1342a3e9944829ab101957c8eddffd3d18cb805507bed707b0e306d3b433:segment:004,4,8855.0,8636,activities/108_260801060832.csv,1,1,0,0
fit:80de1342a3e9944829ab101957c8eddffd3d18cb805507bed707b0e306d3b433,2026-08-01T06:36:08+00:00,1520,296,166,65,2.734,738.4000000000001,22,fit:80de1342a3e9944829ab101957c8eddffd3d18cb805507bed707b0e306d3b433:segment:004,4,8856.0,8637,activities/108_260801060832.csv,1,1,0,0
fit:80de1342a3e9944829ab101957c8eddffd3d18cb805507bed707b0e306d3b433,2026-08-01T06:36:09+00:00,1521,275,166,65,2.911,738.4000000000001,22,fit:80de1342a3e9944829ab101957c8eddffd3d18cb805507bed707b0e306d3b433:segment:004,4,8857.0,8638,activities/108_260801060832.csv,1,1,0,0
fit:80de1342a3e9944829ab101957c8eddffd3d18cb805507bed707b0e306d3b433,2026-08-01T06:36:10+00:00,1522,280,167,67,3.105,738.4000000000001,22,fit:80de1342a3e9944829ab101957c8eddffd3d18cb805507bed707b0e306d3b433:segment:004,4,8858.0,8639,activities/108_260801060832.csv,1,1,0,0
fit:80de1342a3e9944829ab101957c8eddffd3d18cb805507bed707b0e306d3b433,2026-08-01T06:36:11+00:00,1523,267,167,68,3.143,739.4000000000001,22,fit:80de1342a3e9944829ab101957c8eddffd3d18cb805507bed707b0e306d3b433:segment:004,4,8859.0,8640,activities/108_260801060832.csv,1,1,0,0
fit:80de1342a3e9944829ab101957c8eddffd3d18cb805507bed707b0e306d3b433,2026-08-01T06:36:12+00:00,1524,266,168,69,3.126,739.5999999999999,22,fit:80de1342a3e9944829ab101957c8eddffd3d18cb805507bed707b0e306d3b433:segment:004,4,8860.0,8641,activities/108_260801060832.csv,1,1,0,0
fit:80de1342a3e9944829ab101957c8eddffd3d18cb805507bed707b0e306d3b433,2026-08-01T06:36:13+00:00,1525,263,168,69,3.243,740.2,22,fit:80de1342a3e9944829ab101957c8eddffd3d18cb805507bed707b0e306d3b433:segment:004,4,8861.0,8642,activities/108_260801060832.csv,1,1,0,0
fit:80de1342a3e9944829ab101957c8eddffd3d18cb805507bed707b0e306d3b433,2026-08-01T06:36:14+00:00,1526,283,169,69,3.263,740.5999999999999,22,fit:80de1342a3e9944829ab101957c8eddffd3d18cb805507bed707b0e306d3b433:segment:004,4,8862.0,8643,activities/108_260801060832.csv,1,1,0,0
fit:80de1342a3e9944829ab101957c8eddffd3d18cb805507bed707b0e306d3b433,2026-08-01T06:36:15+00:00,1527,295,169,70,3.481,740.5999999999999,22,fit:80de1342a3e9944829ab101957c8eddffd3d18cb805507bed707b0e306d3b433:segment:004,4,8863.0,8644,activities/108_260801060832.csv,1,1,0,0
fit:80de1342a3e9944829ab101957c8eddffd3d18cb805507bed707b0e306d3b433,2026-08-01T06:36:16+00:00,1528,249,169,73,3.362,740.5999999999999,22,fit:80de1342a3e9944829ab101957c8eddffd3d18cb805507bed707b0e306d3b433:segment:004,4,8864.0,8645,activities/108_260801060832.csv,1,1,0,0
fit:80de1342a3e9944829ab101957c8eddffd3d18cb805507bed707b0e306d3b433,2026-08-01T06:36:17+00:00,1529,241,169,73,3.415,740.5999999999999,22,fit:80de1342a3e9944829ab101957c8eddffd3d18cb805507bed707b0e306d3b433:segment:004,4,8865.0,8646,activities/108_260801060832.csv,1,1,0,0
fit:80de1342a3e9944829ab101957c8eddffd3d18cb805507bed707b0e306d3b433,2026-08-01T06:36:18+00:00,1530,251,169,71,3.367,741.5999999999999,22,fit:80de1342a3e9944829ab101957c8eddffd3d18cb805507bed707b0e306d3b433:segment:004,4,8866.0,8647,activities/108_260801060832.csv,1,1,0,0
fit:80de1342a3e9944829ab101957c8eddffd3d18cb805507bed707b0e306d3b433,2026-08-01T06:36:19+00:00,1531,255,169,71,3.274,741.5999999999999,22,fit:80de1342a3e9944829ab101957c8eddffd3d18cb805507bed707b0e306d3b433:segment:004,4,8867.0,8648,activities/108_260801060832.csv,1,1,0,0
fit:80de1342a3e9944829ab101957c8eddffd3d18cb805507bed707b0e306d3b433,2026-08-01T06:36:20+00:00,1532,257,169,71,3.279,741.5999999999999,22,fit:80de1342a3e9944829ab101957c8eddffd3d18cb805507bed707b0e306d3b433:segment:004,4,8868.0,8649,activities/108_260801060832.csv,1,1,0,0
fit:80de1342a3e9944829ab101957c8eddffd3d18cb805507bed707b0e306d3b433,2026-08-01T06:36:21+00:00,1533,288,169,69,3.147,741.5999999999999,22,fit:80de1342a3e9944829ab101957c8eddffd3d18cb805507bed707b0e306d3b433:segment:004,4,8869.0,8650,activities/108_260801060832.csv,1,1,0,0
fit:80de1342a3e9944829ab101957c8eddffd3d18cb805507bed707b0e306d3b433,2026-08-01T06:36:22+00:00,1534,280,169,69,3.054,741.5999999999999,22,fit:80de1342a3e9944829ab101957c8eddffd3d18cb805507bed707b0e306d3b433:segment:004,4,8870.0,8651,activities/108_260801060832.csv,1,1,0,0
fit:80de1342a3e9944829ab101957c8eddffd3d18cb805507bed707b0e306d3b433,2026-08-01T06:36:23+00:00,1535,284,169,69,3.051,742.5999999999999,22,fit:80de1342a3e9944829ab101957c8eddffd3d18cb805507bed707b0e306d3b433:segment:004,4,8871.0,8652,activities/108_260801060832.csv,1,1,0,0
fit:80de1342a3e9944829ab101957c8eddffd3d18cb805507bed707b0e306d3b433,2026-08-01T06:36:24+00:00,1536,290,169,69,3.059,743.0,22,fit:80de1342a3e9944829ab101957c8eddffd3d18cb805507bed707b0e306d3b433:segment:004,4,8872.0,8653,activities/108_260801060832.csv,1,1,0,0
fit:80de1342a3e9944829ab101957c8eddffd3d18cb805507bed707b0e306d3b433,2026-08-01T06:36:25+00:00,1537,266,169,69,3.005,743.0,22,fit:80de1342a3e9944829ab101957c8eddffd3d18cb805507bed707b0e306d3b433:segment:004,4,8873.0,8654,activities/108_260801060832.csv,1,1,0,0
fit:80de1342a3e9944829ab101957c8eddffd3d18cb805507bed707b0e306d3b433,2026-08-01T06:36:26+00:00,1538,288,169,69,3.006,743.0,22,fit:80de1342a3e9944829ab101957c8eddffd3d18cb805507bed707b0e306d3b433:segment:004,4,8874.0,8655,activities/108_260801060832.csv,1,1,0,0
fit:80de1342a3e9944829ab101957c8eddffd3d18cb805507bed707b0e306d3b433,2026-08-01T06:36:27+00:00,1539,275,170,70,3.217,743.0,22,fit:80de1342a3e9944829ab101957c8eddffd3d18cb805507bed707b0e306d3b433:segment:004,4,8875.0,8656,activities/108_260801060832.csv,1,1,0,0
fit:80de1342a3e9944829ab101957c8eddffd3d18cb805507bed707b0e306d3b433,2026-08-01T06:36:28+00:00,1540,271,170,70,3.121,744.0,22,fit:80de1342a3e9944829ab101957c8eddffd3d18cb805507bed707b0e306d3b433:segment:004,4,8876.0,8657,activities/108_260801060832.csv,1,1,0,0
fit:80de1342a3e9944829ab101957c8eddffd3d18cb805507bed707b0e306d3b433,2026-08-01T06:36:29+00:00,1541,264,170,69,3.095,744.0,22,fit:80de1342a3e9944829ab101957c8eddffd3d18cb805507bed707b0e306d3b433:segment:004,4,8877.0,8658,activities/108_260801060832.csv,1,1,0,0
fit:80de1342a3e9944829ab101957c8eddffd3d18cb805507bed707b0e306d3b433,2026-08-01T06:36:30+00:00,1542,282,170,69,3.154,744.4000000000001,22,fit:80de1342a3e9944829ab101957c8eddffd3d18cb805507bed707b0e306d3b433:segment:004,4,8878.0,8659,activities/108_260801060832.csv,1,1,0,0
fit:80de1342a3e9944829ab101957c8eddffd3d18cb805507bed707b0e306d3b433,2026-08-01T06:36:31+00:00,1543,277,170,69,2.925,744.4000000000001,22,fit:80de1342a3e9944829ab101957c8eddffd3d18cb805507bed707b0e306d3b433:segment:004,4,8879.0,8660,activities/108_260801060832.csv,1,1,0,0
fit:80de1342a3e9944829ab101957c8eddffd3d18cb805507bed707b0e306d3b433,2026-08-01T06:36:32+00:00,1544,273,170,71,2.947,744.4000000000001,22,fit:80de1342a3e9944829ab101957c8eddffd3d18cb805507bed707b0e306d3b433:segment:004,4,8880.0,8661,activities/108_260801060832.csv,1,1,0,0
fit:80de1342a3e9944829ab101957c8eddffd3d18cb805507bed707b0e306d3b433,2026-08-01T06:36:33+00:00,1545,260,170,70,2.956,744.4000000000001,22,fit:80de1342a3e9944829ab101957c8eddffd3d18cb805507bed707b0e306d3b433:segment:004,4,8881.0,8662,activities/108_260801060832.csv,1,1,0,0
fit:80de1342a3e9944829ab101957c8eddffd3d18cb805507bed707b0e306d3b433,2026-08-01T06:36:34+00:00,1546,253,170,70,3.011,745.2,22,fit:80de1342a3e9944829ab101957c8eddffd3d18cb805507bed707b0e306d3b433:segment:004,4,8882.0,8663,activities/108_260801060832.csv,1,1,0,0
fit:80de1342a3e9944829ab101957c8eddffd3d18cb805507bed707b0e306d3b433,2026-08-01T06:36:35+00:00,1547,264,169,68,3.008,745.5999999999999,22,fit:80de1342a3e9944829ab101957c8eddffd3d18cb805507bed707b0e306d3b433:segment:004,4,8883.0,8664,activities/108_260801060832.csv,1,1,0,0
fit:80de1342a3e9944829ab101957c8eddffd3d18cb805507bed707b0e306d3b433,2026-08-01T06:36:36+00:00,1548,107,169,68,3.008,746.0,22,fit:80de1342a3e9944829ab101957c8eddffd3d18cb805507bed707b0e306d3b433:segment:004,4,8884.0,8665,activities/108_260801060832.csv,1,1,0,0
fit:80de1342a3e9944829ab101957c8eddffd3d18cb805507bed707b0e306d3b433,2026-08-01T06:36:37+00:00,1549,292,169,69,2.787,746.8,22,fit:80de1342a3e9944829ab101957c8eddffd3d18cb805507bed707b0e306d3b433:segment:004,4,8885.0,8666,activities/108_260801060832.csv,1,1,0,0
fit:80de1342a3e9944829ab101957c8eddffd3d18cb805507bed707b0e306d3b433,2026-08-01T06:36:38+00:00,1550,292,169,72,2.797,746.8,22,fit:80de1342a3e9944829ab101957c8eddffd3d18cb805507bed707b0e306d3b433:segment:004,4,8886.0,8667,activities/108_260801060832.csv,1,1,0,0
fit:80de1342a3e9944829ab101957c8eddffd3d18cb805507bed707b0e306d3b433,2026-08-01T06:36:39+00:00,1551,312,169,73,2.981,746.8,22,fit:80de1342a3e9944829ab101957c8eddffd3d18cb805507bed707b0e306d3b433:segment:004,4,8887.0,8668,activities/108_260801060832.csv,1,1,0,0
fit:80de1342a3e9944829ab101957c8eddffd3d18cb805507bed707b0e306d3b433,2026-08-01T06:36:40+00:00,1552,274,169,73,2.991,746.8,22,fit:80de1342a3e9944829ab101957c8eddffd3d18cb805507bed707b0e306d3b433:segment:004,4,8888.0,8669,activities/108_260801060832.csv,1,1,0,0
fit:80de1342a3e9944829ab101957c8eddffd3d18cb805507bed707b0e306d3b433,2026-08-01T06:36:41+00:00,1553,299,169,74,2.807,746.8,22,fit:80de1342a3e9944829ab101957c8eddffd3d18cb805507bed707b0e306d3b433:segment:004,4,8889.0,8670,activities/108_260801060832.csv,1,1,0,0
fit:80de1342a3e9944829ab101957c8eddffd3d18cb805507bed707b0e306d3b433,2026-08-01T06:36:42+00:00,1554,305,168,72,2.672,747.8,22,fit:80de1342a3e9944829ab101957c8eddffd3d18cb805507bed707b0e306d3b433:segment:004,4,8890.0,8671,activities/108_260801060832.csv,1,1,0,0
fit:80de1342a3e9944829ab101957c8eddffd3d18cb805507bed707b0e306d3b433,2026-08-01T06:36:43+00:00,1555,306,168,72,2.689,748.0,22,fit:80de1342a3e9944829ab101957c8eddffd3d18cb805507bed707b0e306d3b433:segment:004,4,8891.0,8672,activities/108_260801060832.csv,1,1,0,0
fit:80de1342a3e9944829ab101957c8eddffd3d18cb805507bed707b0e306d3b433,2026-08-01T06:36:44+00:00,1556,278,168,72,2.5,748.2,22,fit:80de1342a3e9944829ab101957c8eddffd3d18cb805507bed707b0e306d3b433:segment:004,4,8892.0,8673,activities/108_260801060832.csv,1,1,0,0
fit:80de1342a3e9944829ab101957c8eddffd3d18cb805507bed707b0e306d3b433,2026-08-01T06:36:45+00:00,1557,277,168,74,2.628,748.4000000000001,22,fit:80de1342a3e9944829ab101957c8eddffd3d18cb805507bed707b0e306d3b433:segment:004,4,8893.0,8674,activities/108_260801060832.csv,1,1,0,0
fit:80de1342a3e9944829ab101957c8eddffd3d18cb805507bed707b0e306d3b433,2026-08-01T06:36:46+00:00,1558,281,168,75,2.737,748.4000000000001,22,fit:80de1342a3e9944829ab101957c8eddffd3d18cb805507bed707b0e306d3b433:segment:004,4,8894.0,8675,activities/108_260801060832.csv,1,1,0,0
fit:80de1342a3e9944829ab101957c8eddffd3d18cb805507bed707b0e306d3b433,2026-08-01T06:36:47+00:00,1559,286,168,75,2.733,748.4000000000001,22,fit:80de1342a3e9944829ab101957c8eddffd3d18cb805507bed707b0e306d3b433:segment:004,4,8895.0,8676,activities/108_260801060832.csv,1,1,0,0
fit:80de1342a3e9944829ab101957c8eddffd3d18cb805507bed707b0e306d3b433,2026-08-01T06:36:48+00:00,1560,303,168,74,2.753,748.4000000000001,22,fit:80de1342a3e9944829ab101957c8eddffd3d18cb805507bed707b0e306d3b433:segment:004,4,8896.0,8677,activities/108_260801060832.csv,1,1,0,0
fit:80de1342a3e9944829ab101957c8eddffd3d18cb805507bed707b0e306d3b433,2026-08-01T06:36:49+00:00,1561,294,168,74,2.782,749.4000000000001,22,fit:80de1342a3e9944829ab101957c8eddffd3d18cb805507bed707b0e306d3b433:segment:004,4,8897.0,8678,activities/108_260801060832.csv,1,1,0,0
fit:80de1342a3e9944829ab101957c8eddffd3d18cb805507bed707b0e306d3b433,2026-08-01T06:36:50+00:00,1562,280,168,74,2.829,750.0,22,fit:80de1342a3e9944829ab101957c8eddffd3d18cb805507bed707b0e306d3b433:segment:004,4,8898.0,8679,activities/108_260801060832.csv,1,1,0,0
fit:80de1342a3e9944829ab101957c8eddffd3d18cb805507bed707b0e306d3b433,2026-08-01T06:36:51+00:00,1563,274,168,73,2.811,750.0,22,fit:80de1342a3e9944829ab101957c8eddffd3d18cb805507bed707b0e306d3b433:segment:004,4,8899.0,8680,activities/108_260801060832.csv,1,1,0,0
fit:80de1342a3e9944829ab101957c8eddffd3d18cb805507bed707b0e306d3b433,2026-08-01T06:36:52+00:00,1564,275,168,74,2.901,750.2,22,fit:80de1342a3e9944829ab101957c8eddffd3d18cb805507bed707b0e306d3b433:segment:004,4,8900.0,8681,activities/108_260801060832.csv,1,1,0,0
fit:80de1342a3e9944829ab101957c8eddffd3d18cb805507bed707b0e306d3b433,2026-08-01T06:36:53+00:00,1565,291,168,75,2.97,750.5999999999999,22,fit:80de1342a3e9944829ab101957c8eddffd3d18cb805507bed707b0e306d3b433:segment:004,4,8901.0,8682,activities/108_260801060832.csv,1,1,0,0
fit:80de1342a3e9944829ab101957c8eddffd3d18cb805507bed707b0e306d3b433,2026-08-01T06:36:54+00:00,1566,288,168,74,2.971,751.0,22,fit:80de1342a3e9944829ab101957c8eddffd3d18cb805507bed707b0e306d3b433:segment:004,4,8902.0,8683,activities/108_260801060832.csv,1,1,0,0
fit:80de1342a3e9944829ab101957c8eddffd3d18cb805507bed707b0e306d3b433,2026-08-01T06:36:55+00:00,1567,305,167,74,2.903,751.4000000000001,22,fit:80de1342a3e9944829ab101957c8eddffd3d18cb805507bed707b0e306d3b433:segment:004,4,8903.0,8684,activities/108_260801060832.csv,1,1,0,0
fit:80de1342a3e9944829ab101957c8eddffd3d18cb805507bed707b0e306d3b433,2026-08-01T06:36:56+00:00,1568,288,167,75,2.902,751.5999999999999,22,fit:80de1342a3e9944829ab101957c8eddffd3d18cb805507bed707b0e306d3b433:segment:004,4,8904.0,8685,activities/108_260801060832.csv,1,1,0,0
fit:80de1342a3e9944829ab101957c8eddffd3d18cb805507bed707b0e306d3b433,2026-08-01T06:36:57+00:00,1569,320,167,75,2.852,751.5999999999999,22,fit:80de1342a3e9944829ab101957c8eddffd3d18cb805507bed707b0e306d3b433:segment:004,4,8905.0,8686,activities/108_260801060832.csv,1,1,0,0
fit:80de1342a3e9944829ab101957c8eddffd3d18cb805507bed707b0e306d3b433,2026-08-01T06:36:58+00:00,1570,320,167,75,2.954,752.2,22,fit:80de1342a3e9944829ab101957c8eddffd3d18cb805507bed707b0e306d3b433:segment:004,4,8906.0,8687,activities/108_260801060832.csv,1,1,0,0
fit:80de1342a3e9944829ab101957c8eddffd3d18cb805507bed707b0e306d3b433,2026-08-01T06:36:59+00:00,1571,311,167,75,3.004,752.5999999999999,22,fit:80de1342a3e9944829ab101957c8eddffd3d18cb805507bed707b0e306d3b433:segment:004,4,8907.0,8688,activities/108_260801060832.csv,1,1,0,0
fit:80de1342a3e9944829ab101957c8eddffd3d18cb805507bed707b0e306d3b433,2026-08-01T06:37:00+00:00,1572,311,167,75,2.925,753.0,22,fit:80de1342a3e9944829ab101957c8eddffd3d18cb805507bed707b0e306d3b433:segment:004,4,8908.0,8689,activities/108_260801060832.csv,1,1,0,0
fit:80de1342a3e9944829ab101957c8eddffd3d18cb805507bed707b0e306d3b433,2026-08-01T06:37:01+00:00,1573,293,167,73,2.978,753.2,22,fit:80de1342a3e9944829ab101957c8eddffd3d18cb805507bed707b0e306d3b433:segment:004,4,8909.0,8690,activities/108_260801060832.csv,1,1,0,0
fit:80de1342a3e9944829ab101957c8eddffd3d18cb805507bed707b0e306d3b433,2026-08-01T06:37:02+00:00,1574,309,167,71,2.985,753.5999999999999,22,fit:80de1342a3e9944829ab101957c8eddffd3d18cb805507bed707b0e306d3b433:segment:004,4,8910.0,8691,activities/108_260801060832.csv,1,1,0,0
fit:80de1342a3e9944829ab101957c8eddffd3d18cb805507bed707b0e306d3b433,2026-08-01T06:37:03+00:00,1575,309,167,70,2.956,754.2,22,fit:80de1342a3e9944829ab101957c8eddffd3d18cb805507bed707b0e306d3b433:segment:004,4,8911.0,8692,activities/108_260801060832.csv,1,1,0,0
fit:80de1342a3e9944829ab101957c8eddffd3d18cb805507bed707b0e306d3b433,2026-08-01T06:37:04+00:00,1576,293,167,70,2.788,754.4000000000001,22,fit:80de1342a3e9944829ab101957c8eddffd3d18cb805507bed707b0e306d3b433:segment:004,4,8912.0,8693,activities/108_260801060832.csv,1,1,0,0
fit:80de1342a3e9944829ab101957c8eddffd3d18cb805507bed707b0e306d3b433,2026-08-01T06:37:05+00:00,1577,282,167,70,2.759,754.5999999999999,22,fit:80de1342a3e9944829ab101957c8eddffd3d18cb805507bed707b0e306d3b433:segment:004,4,8913.0,8694,activities/108_260801060832.csv,1,1,0,0
fit:80de1342a3e9944829ab101957c8eddffd3d18cb805507bed707b0e306d3b433,2026-08-01T06:37:06+00:00,1578,272,168,69,2.79,754.5999999999999,22,fit:80de1342a3e9944829ab101957c8eddffd3d18cb805507bed707b0e306d3b433:segment:004,4,8914.0,8695,activities/108_260801060832.csv,1,1,0,0
fit:80de1342a3e9944829ab101957c8eddffd3d18cb805507bed707b0e306d3b433,2026-08-01T06:37:07+00:00,1579,288,168,70,2.846,754.5999999999999,22,fit:80de1342a3e9944829ab101957c8eddffd3d18cb805507bed707b0e306d3b433:segment:004,4,8915.0,8696,activities/108_260801060832.csv,1,1,0,0
fit:80de1342a3e9944829ab101957c8eddffd3d18cb805507bed707b0e306d3b433,2026-08-01T06:37:08+00:00,1580,284,168,70,2.676,754.5999999999999,22,fit:80de1342a3e9944829ab101957c8eddffd3d18cb805507bed707b0e306d3b433:segment:004,4,8916.0,8697,activities/108_260801060832.csv,1,1,0,0
fit:80de1342a3e9944829ab101957c8eddffd3d18cb805507bed707b0e306d3b433,2026-08-01T06:37:09+00:00,1581,275,168,69,2.613,755.5999999999999,22,fit:80de1342a3e9944829ab101957c8eddffd3d18cb805507bed707b0e306d3b433:segment:004,4,8917.0,8698,activities/108_260801060832.csv,1,1,0,0
fit:80de1342a3e9944829ab101957c8eddffd3d18cb805507bed707b0e306d3b433,2026-08-01T06:37:10+00:00,1582,260,169,70,2.637,756.2,22,fit:80de1342a3e9944829ab101957c8eddffd3d18cb805507bed707b0e306d3b433:segment:004,4,8918.0,8699,activities/108_260801060832.csv,1,1,0,0
fit:80de1342a3e9944829ab101957c8eddffd3d18cb805507bed707b0e306d3b433,2026-08-01T06:37:11+00:00,1583,253,169,70,2.637,756.5999999999999,22,fit:80de1342a3e9944829ab101957c8eddffd3d18cb805507bed707b0e306d3b433:segment:004,4,8919.0,8700,activities/108_260801060832.csv,1,1,0,0
fit:80de1342a3e9944829ab101957c8eddffd3d18cb805507bed707b0e306d3b433,2026-08-01T06:37:12+00:00,1584,254,169,71,2.515,756.8,22,fit:80de1342a3e9944829ab101957c8eddffd3d18cb805507bed707b0e306d3b433:segment:004,4,8920.0,8701,activities/108_260801060832.csv,1,1,0,0
fit:80de1342a3e9944829ab101957c8eddffd3d18cb805507bed707b0e306d3b433,2026-08-01T06:37:13+00:00,1585,258,169,72,2.474,757.0,22,fit:80de1342a3e9944829ab101957c8eddffd3d18cb805507bed707b0e306d3b433:segment:004,4,8921.0,8702,activities/108_260801060832.csv,1,1,0,0
fit:80de1342a3e9944829ab101957c8eddffd3d18cb805507bed707b0e306d3b433,2026-08-01T06:37:14+00:00,1586,251,170,71,2.799,757.4000000000001,22,fit:80de1342a3e9944829ab101957c8eddffd3d18cb805507bed707b0e306d3b433:segment:004,4,8922.0,8703,activities/108_260801060832.csv,1,1,0,0
fit:80de1342a3e9944829ab101957c8eddffd3d18cb805507bed707b0e306d3b433,2026-08-01T06:37:15+00:00,1587,251,170,71,2.749,757.5999999999999,22,fit:80de1342a3e9944829ab101957c8eddffd3d18cb805507bed707b0e306d3b433:segment:004,4,8923.0,8704,activities/108_260801060832.csv,1,1,0,0
fit:80de1342a3e9944829ab101957c8eddffd3d18cb805507bed707b0e306d3b433,2026-08-01T06:37:16+00:00,1588,273,170,71,2.828,757.8,22,fit:80de1342a3e9944829ab101957c8eddffd3d18cb805507bed707b0e306d3b433:segment:004,4,8924.0,8705,activities/108_260801060832.csv,1,1,0,0
fit:80de1342a3e9944829ab101957c8eddffd3d18cb805507bed707b0e306d3b433,2026-08-01T06:37:17+00:00,1589,244,171,71,2.69,758.2,22,fit:80de1342a3e9944829ab101957c8eddffd3d18cb805507bed707b0e306d3b433:segment:004,4,8925.0,8706,activities/108_260801060832.csv,1,1,0,0
fit:80de1342a3e9944829ab101957c8eddffd3d18cb805507bed707b0e306d3b433,2026-08-01T06:37:18+00:00,1590,245,171,70,2.562,758.4000000000001,22,fit:80de1342a3e9944829ab101957c8eddffd3d18cb805507bed707b0e306d3b433:segment:004,4,8926.0,8707,activities/108_260801060832.csv,1,1,0,0
fit:80de1342a3e9944829ab101957c8eddffd3d18cb805507bed707b0e306d3b433,2026-08-01T06:37:19+00:00,1591,280,171,68,2.69,758.4000000000001,22,fit:80de1342a3e9944829ab101957c8eddffd3d18cb805507bed707b0e306d3b433:segment:004,4,8927.0,8708,activities/108_260801060832.csv,1,1,0,0
fit:80de1342a3e9944829ab101957c8eddffd3d18cb805507bed707b0e306d3b433,2026-08-01T06:37:20+00:00,1592,277,171,67,2.757,758.4000000000001,22,fit:80de1342a3e9944829ab101957c8eddffd3d18cb805507bed707b0e306d3b433:segment:004,4,8928.0,8709,activities/108_260801060832.csv,1,1,0,0
fit:80de1342a3e9944829ab101957c8eddffd3d18cb805507bed707b0e306d3b433,2026-08-01T06:37:21+00:00,1593,277,171,67,2.638,758.4000000000001,22,fit:80de1342a3e9944829ab101957c8eddffd3d18cb805507bed707b0e306d3b433:segment:004,4,8929.0,8710,activities/108_260801060832.csv,1,1,0,0
fit:80de1342a3e9944829ab101957c8eddffd3d18cb805507bed707b0e306d3b433,2026-08-01T06:37:22+00:00,1594,274,171,67,2.688,759.4000000000001,22,fit:80de1342a3e9944829ab101957c8eddffd3d18cb805507bed707b0e306d3b433:segment:004,4,8930.0,8711,activities/108_260801060832.csv,1,1,0,0
fit:80de1342a3e9944829ab101957c8eddffd3d18cb805507bed707b0e306d3b433,2026-08-01T06:37:23+00:00,1595,253,171,68,2.67,759.4000000000001,22,fit:80de1342a3e9944829ab101957c8eddffd3d18cb805507bed707b0e306d3b433:segment:004,4,8931.0,8712,activities/108_260801060832.csv,1,1,0,0
fit:80de1342a3e9944829ab101957c8eddffd3d18cb805507bed707b0e306d3b433,2026-08-01T06:37:24+00:00,1596,307,171,68,2.682,759.4000000000001,22,fit:80de1342a3e9944829ab101957c8eddffd3d18cb805507bed707b0e306d3b433:segment:004,4,8932.0,8713,activities/108_260801060832.csv,1,1,0,0
fit:80de1342a3e9944829ab101957c8eddffd3d18cb805507bed707b0e306d3b433,2026-08-01T06:37:25+00:00,1597,260,171,68,2.658,759.4000000000001,22,fit:80de1342a3e9944829ab101957c8eddffd3d18cb805507bed707b0e306d3b433:segment:004,4,8933.0,8714,activities/108_260801060832.csv,1,1,0,0
fit:80de1342a3e9944829ab101957c8eddffd3d18cb805507bed707b0e306d3b433,2026-08-01T06:37:26+00:00,1598,329,171,67,2.708,760.4000000000001,22,fit:80de1342a3e9944829ab101957c8eddffd3d18cb805507bed707b0e306d3b433:segment:004,4,8934.0,8715,activities/108_260801060832.csv,1,1,0,0
fit:80de1342a3e9944829ab101957c8eddffd3d18cb805507bed707b0e306d3b433,2026-08-01T06:37:27+00:00,1599,289,171,65,2.724,760.4000000000001,22,fit:80de1342a3e9944829ab101957c8eddffd3d18cb805507bed707b0e306d3b433:segment:004,4,8935.0,8716,activities/108_260801060832.csv,1,1,0,0
fit:80de1342a3e9944829ab101957c8eddffd3d18cb805507bed707b0e306d3b433,2026-08-01T06:37:28+00:00,1600,302,170,66,2.671,761.0,22,fit:80de1342a3e9944829ab101957c8eddffd3d18cb805507bed707b0e306d3b433:segment:004,4,8936.0,8717,activities/108_260801060832.csv,1,1,0,0
fit:80de1342a3e9944829ab101957c8eddffd3d18cb805507bed707b0e306d3b433,2026-08-01T06:37:29+00:00,1601,285,170,74,2.8,761.5999999999999,22,fit:80de1342a3e9944829ab101957c8eddffd3d18cb805507bed707b0e306d3b433:segment:004,4,8937.0,8718,activities/108_260801060832.csv,1,1,0,0
fit:80de1342a3e9944829ab101957c8eddffd3d18cb805507bed707b0e306d3b433,2026-08-01T06:37:30+00:00,1602,294,170,74,3.146,761.5999999999999,22,fit:80de1342a3e9944829ab101957c8eddffd3d18cb805507bed707b0e306d3b433:segment:004,4,8938.0,8719,activities/108_260801060832.csv,1,1,0,0
fit:80de1342a3e9944829ab101957c8eddffd3d18cb805507bed707b0e306d3b433,2026-08-01T06:37:31+00:00,1603,294,170,75,2.887,761.5999999999999,22,fit:80de1342a3e9944829ab101957c8eddffd3d18cb805507bed707b0e306d3b433:segment:004,4,8939.0,8720,activities/108_260801060832.csv,1,1,0,0
fit:80de1342a3e9944829ab101957c8eddffd3d18cb805507bed707b0e306d3b433,2026-08-01T06:37:32+00:00,1604,292,169,73,2.854,761.5999999999999,22,fit:80de1342a3e9944829ab101957c8eddffd3d18cb805507bed707b0e306d3b433:segment:004,4,8940.0,8721,activities/108_260801060832.csv,1,1,0,0
fit:80de1342a3e9944829ab101957c8eddffd3d18cb805507bed707b0e306d3b433,2026-08-01T06:37:33+00:00,1605,299,169,72,2.907,762.5999999999999,22,fit:80de1342a3e9944829ab101957c8eddffd3d18cb805507bed707b0e306d3b433:segment:004,4,8941.0,8722,activities/108_260801060832.csv,1,1,0,0
fit:80de1342a3e9944829ab101957c8eddffd3d18cb805507bed707b0e306d3b433,2026-08-01T06:37:34+00:00,1606,302,169,71,2.823,762.8,22,fit:80de1342a3e9944829ab101957c8eddffd3d18cb805507bed707b0e306d3b433:segment:004,4,8942.0,8723,activities/108_260801060832.csv,1,1,0,0
fit:80de1342a3e9944829ab101957c8eddffd3d18cb805507bed707b0e306d3b433,2026-08-01T06:37:35+00:00,1607,298,170,71,3.189,763.2,22,fit:80de1342a3e9944829ab101957c8eddffd3d18cb805507bed707b0e306d3b433:segment:004,4,8943.0,8724,activities/108_260801060832.csv,1,1,0,0
fit:80de1342a3e9944829ab101957c8eddffd3d18cb805507bed707b0e306d3b433,2026-08-01T06:37:36+00:00,1608,314,170,71,2.855,763.5999999999999,22,fit:80de1342a3e9944829ab101957c8eddffd3d18cb805507bed707b0e306d3b433:segment:004,4,8944.0,8725,activities/108_260801060832.csv,1,1,0,0
fit:80de1342a3e9944829ab101957c8eddffd3d18cb805507bed707b0e306d3b433,2026-08-01T06:37:37+00:00,1609,312,170,70,2.774,763.8,22,fit:80de1342a3e9944829ab101957c8eddffd3d18cb805507bed707b0e306d3b433:segment:004,4,8945.0,8726,activities/108_260801060832.csv,1,1,0,0
fit:80de1342a3e9944829ab101957c8eddffd3d18cb805507bed707b0e306d3b433,2026-08-01T06:37:38+00:00,1610,327,170,71,2.89,764.5999999999999,22,fit:80de1342a3e9944829ab101957c8eddffd3d18cb805507bed707b0e306d3b433:segment:004,4,8946.0,8727,activities/108_260801060832.csv,1,1,0,0
fit:80de1342a3e9944829ab101957c8eddffd3d18cb805507bed707b0e306d3b433,2026-08-01T06:37:39+00:00,1611,321,171,70,2.693,764.8,22,fit:80de1342a3e9944829ab101957c8eddffd3d18cb805507bed707b0e306d3b433:segment:004,4,8947.0,8728,activities/108_260801060832.csv,1,1,0,0
fit:80de1342a3e9944829ab101957c8eddffd3d18cb805507bed707b0e306d3b433,2026-08-01T06:37:40+00:00,1612,316,171,71,2.836,764.8,22,fit:80de1342a3e9944829ab101957c8eddffd3d18cb805507bed707b0e306d3b433:segment:004,4,8948.0,8729,activities/108_260801060832.csv,1,1,0,0
fit:80de1342a3e9944829ab101957c8eddffd3d18cb805507bed707b0e306d3b433,2026-08-01T06:37:41+00:00,1613,339,171,71,2.828,764.8,22,fit:80de1342a3e9944829ab101957c8eddffd3d18cb805507bed707b0e306d3b433:segment:004,4,8949.0,8730,activities/108_260801060832.csv,1,1,0,0
fit:80de1342a3e9944829ab101957c8eddffd3d18cb805507bed707b0e306d3b433,2026-08-01T06:37:42+00:00,1614,318,172,74,2.617,764.8,22,fit:80de1342a3e9944829ab101957c8eddffd3d18cb805507bed707b0e306d3b433:segment:004,4,8950.0,8731,activities/108_260801060832.csv,1,1,0,0
fit:80de1342a3e9944829ab101957c8eddffd3d18cb805507bed707b0e306d3b433,2026-08-01T06:37:43+00:00,1615,302,172,74,2.936,765.8,22,fit:80de1342a3e9944829ab101957c8eddffd3d18cb805507bed707b0e306d3b433:segment:004,4,8951.0,8732,activities/108_260801060832.csv,1,1,0,0
fit:80de1342a3e9944829ab101957c8eddffd3d18cb805507bed707b0e306d3b433,2026-08-01T06:37:44+00:00,1616,302,172,74,3.012,766.4000000000001,22,fit:80de1342a3e9944829ab101957c8eddffd3d18cb805507bed707b0e306d3b433:segment:004,4,8952.0,8733,activities/108_260801060832.csv,1,1,0,0
fit:80de1342a3e9944829ab101957c8eddffd3d18cb805507bed707b0e306d3b433,2026-08-01T06:37:45+00:00,1617,320,172,72,3.017,766.8,22,fit:80de1342a3e9944829ab101957c8eddffd3d18cb805507bed707b0e306d3b433:segment:004,4,8953.0,8734,activities/108_260801060832.csv,1,1,0,0
fit:80de1342a3e9944829ab101957c8eddffd3d18cb805507bed707b0e306d3b433,2026-08-01T06:37:46+00:00,1618,325,172,73,2.674,766.8,22,fit:80de1342a3e9944829ab101957c8eddffd3d18cb805507bed707b0e306d3b433:segment:004,4,8954.0,8735,activities/108_260801060832.csv,1,1,0,0
fit:80de1342a3e9944829ab101957c8eddffd3d18cb805507bed707b0e306d3b433,2026-08-01T06:37:47+00:00,1619,307,172,74,2.915,766.8,22,fit:80de1342a3e9944829ab101957c8eddffd3d18cb805507bed707b0e306d3b433:segment:004,4,8955.0,8736,activities/108_260801060832.csv,1,1,0,0
fit:80de1342a3e9944829ab101957c8eddffd3d18cb805507bed707b0e306d3b433,2026-08-01T06:37:48+00:00,1620,307,173,76,2.553,766.8,22,fit:80de1342a3e9944829ab101957c8eddffd3d18cb805507bed707b0e306d3b433:segment:004,4,8956.0,8737,activities/108_260801060832.csv,1,1,0,0
fit:80de1342a3e9944829ab101957c8eddffd3d18cb805507bed707b0e306d3b433,2026-08-01T06:37:49+00:00,1621,294,173,76,3.177,767.8,22,fit:80de1342a3e9944829ab101957c8eddffd3d18cb805507bed707b0e306d3b433:segment:004,4,8957.0,8738,activities/108_260801060832.csv,1,1,0,0
fit:80de1342a3e9944829ab101957c8eddffd3d18cb805507bed707b0e306d3b433,2026-08-01T06:37:50+00:00,1622,298,173,75,3.04,768.0,22,fit:80de1342a3e9944829ab101957c8eddffd3d18cb805507bed707b0e306d3b433:segment:004,4,8958.0,8739,activities/108_260801060832.csv,1,1,0,0
fit:80de1342a3e9944829ab101957c8eddffd3d18cb805507bed707b0e306d3b433,2026-08-01T06:37:51+00:00,1623,319,173,75,3.18,768.4000000000001,22,fit:80de1342a3e9944829ab101957c8eddffd3d18cb805507bed707b0e306d3b433:segment:004,4,8959.0,8740,activities/108_260801060832.csv,1,1,0,0
fit:80de1342a3e9944829ab101957c8eddffd3d18cb805507bed707b0e306d3b433,2026-08-01T06:37:52+00:00,1624,293,173,74,2.734,768.8,22,fit:80de1342a3e9944829ab101957c8eddffd3d18cb805507bed707b0e306d3b433:segment:004,4,8960.0,8741,activities/108_260801060832.csv,1,1,0,0
fit:80de1342a3e9944829ab101957c8eddffd3d18cb805507bed707b0e306d3b433,2026-08-01T06:37:53+00:00,1625,303,174,72,2.783,769.2,22,fit:80de1342a3e9944829ab101957c8eddffd3d18cb805507bed707b0e306d3b433:segment:004,4,8961.0,8742,activities/108_260801060832.csv,1,1,0,0
fit:80de1342a3e9944829ab101957c8eddffd3d18cb805507bed707b0e306d3b433,2026-08-01T06:37:54+00:00,1626,324,174,72,2.577,769.4000000000001,22,fit:80de1342a3e9944829ab101957c8eddffd3d18cb805507bed707b0e306d3b433:segment:004,4,8962.0,8743,activities/108_260801060832.csv,1,1,0,0
fit:80de1342a3e9944829ab101957c8eddffd3d18cb805507bed707b0e306d3b433,2026-08-01T06:37:55+00:00,1627,288,174,71,2.802,769.4000000000001,22,fit:80de1342a3e9944829ab101957c8eddffd3d18cb805507bed707b0e306d3b433:segment:004,4,8963.0,8744,activities/108_260801060832.csv,1,1,0,0
fit:80de1342a3e9944829ab101957c8eddffd3d18cb805507bed707b0e306d3b433,2026-08-01T06:37:56+00:00,1628,307,175,72,2.699,769.4000000000001,22,fit:80de1342a3e9944829ab101957c8eddffd3d18cb805507bed707b0e306d3b433:segment:004,4,8964.0,8745,activities/108_260801060832.csv,1,1,0,0
fit:80de1342a3e9944829ab101957c8eddffd3d18cb805507bed707b0e306d3b433,2026-08-01T06:37:57+00:00,1629,267,175,73,3.03,769.4000000000001,22,fit:80de1342a3e9944829ab101957c8eddffd3d18cb805507bed707b0e306d3b433:segment:004,4,8965.0,8746,activities/108_260801060832.csv,1,1,0,0
fit:80de1342a3e9944829ab101957c8eddffd3d18cb805507bed707b0e306d3b433,2026-08-01T06:37:58+00:00,1630,290,175,72,3.086,770.4000000000001,22,fit:80de1342a3e9944829ab101957c8eddffd3d18cb805507bed707b0e306d3b433:segment:004,4,8966.0,8747,activities/108_260801060832.csv,1,1,0,0
fit:80de1342a3e9944829ab101957c8eddffd3d18cb805507bed707b0e306d3b433,2026-08-01T06:37:59+00:00,1631,293,175,72,2.704,770.4000000000001,22,fit:80de1342a3e9944829ab101957c8eddffd3d18cb805507bed707b0e306d3b433:segment:004,4,8967.0,8748,activities/108_260801060832.csv,1,1,0,0
fit:80de1342a3e9944829ab101957c8eddffd3d18cb805507bed707b0e306d3b433,2026-08-01T06:38:00+00:00,1632,291,176,72,2.854,771.4000000000001,22,fit:80de1342a3e9944829ab101957c8eddffd3d18cb805507bed707b0e306d3b433:segment:004,4,8968.0,8749,activities/108_260801060832.csv,1,1,0,0
fit:80de1342a3e9944829ab101957c8eddffd3d18cb805507bed707b0e306d3b433,2026-08-01T06:38:01+00:00,1633,278,176,73,2.448,771.5999999999999,22,fit:80de1342a3e9944829ab101957c8eddffd3d18cb805507bed707b0e306d3b433:segment:004,4,8969.0,8750,activities/108_260801060832.csv,1,1,0,0
fit:80de1342a3e9944829ab101957c8eddffd3d18cb805507bed707b0e306d3b433,2026-08-01T06:38:02+00:00,1634,284,176,73,2.658,771.8,22,fit:80de1342a3e9944829ab101957c8eddffd3d18cb805507bed707b0e306d3b433:segment:004,4,8970.0,8751,activities/108_260801060832.csv,1,1,0,0
fit:80de1342a3e9944829ab101957c8eddffd3d18cb805507bed707b0e306d3b433,2026-08-01T06:38:03+00:00,1635,294,176,74,2.529,772.0,22,fit:80de1342a3e9944829ab101957c8eddffd3d18cb805507bed707b0e306d3b433:segment:004,4,8971.0,8752,activities/108_260801060832.csv,1,1,0,0
fit:80de1342a3e9944829ab101957c8eddffd3d18cb805507bed707b0e306d3b433,2026-08-01T06:38:04+00:00,1636,265,177,74,2.666,772.0,22,fit:80de1342a3e9944829ab101957c8eddffd3d18cb805507bed707b0e306d3b433:segment:004,4,8972.0,8753,activities/108_260801060832.csv,1,1,0,0
fit:80de1342a3e9944829ab101957c8eddffd3d18cb805507bed707b0e306d3b433,2026-08-01T06:38:05+00:00,1637,304,177,74,2.628,772.0,22,fit:80de1342a3e9944829ab101957c8eddffd3d18cb805507bed707b0e306d3b433:segment:004,4,8973.0,8754,activities/108_260801060832.csv,1,1,0,0
fit:80de1342a3e9944829ab101957c8eddffd3d18cb805507bed707b0e306d3b433,2026-08-01T06:38:06+00:00,1638,280,177,74,2.814,772.0,22,fit:80de1342a3e9944829ab101957c8eddffd3d18cb805507bed707b0e306d3b433:segment:004,4,8974.0,8755,activities/108_260801060832.csv,1,1,0,0
fit:80de1342a3e9944829ab101957c8eddffd3d18cb805507bed707b0e306d3b433,2026-08-01T06:38:07+00:00,1639,281,178,74,2.686,772.8,22,fit:80de1342a3e9944829ab101957c8eddffd3d18cb805507bed707b0e306d3b433:segment:004,4,8975.0,8756,activities/108_260801060832.csv,1,1,0,0
fit:80de1342a3e9944829ab101957c8eddffd3d18cb805507bed707b0e306d3b433,2026-08-01T06:38:08+00:00,1640,258,178,74,2.663,772.8,22,fit:80de1342a3e9944829ab101957c8eddffd3d18cb805507bed707b0e306d3b433:segment:004,4,8976.0,8757,activities/108_260801060832.csv,1,1,0,0
fit:80de1342a3e9944829ab101957c8eddffd3d18cb805507bed707b0e306d3b433,2026-08-01T06:38:09+00:00,1641,266,179,73,2.79,773.5999999999999,22,fit:80de1342a3e9944829ab101957c8eddffd3d18cb805507bed707b0e306d3b433:segment:004,4,8977.0,8758,activities/108_260801060832.csv,1,1,0,0
fit:80de1342a3e9944829ab101957c8eddffd3d18cb805507bed707b0e306d3b433,2026-08-01T06:38:10+00:00,1642,271,179,73,2.807,773.5999999999999,22,fit:80de1342a3e9944829ab101957c8eddffd3d18cb805507bed707b0e306d3b433:segment:004,4,8978.0,8759,activities/108_260801060832.csv,1,1,0,0
fit:80de1342a3e9944829ab101957c8eddffd3d18cb805507bed707b0e306d3b433,2026-08-01T06:38:11+00:00,1643,251,179,74,3.02,773.5999999999999,22,fit:80de1342a3e9944829ab101957c8eddffd3d18cb805507bed707b0e306d3b433:segment:004,4,8979.0,8760,activities/108_260801060832.csv,1,1,0,0
fit:80de1342a3e9944829ab101957c8eddffd3d18cb805507bed707b0e306d3b433,2026-08-01T06:38:12+00:00,1644,251,179,75,2.904,773.5999999999999,22,fit:80de1342a3e9944829ab101957c8eddffd3d18cb805507bed707b0e306d3b433:segment:004,4,8980.0,8761,activities/108_260801060832.csv,1,1,0,0
fit:80de1342a3e9944829ab101957c8eddffd3d18cb805507bed707b0e306d3b433,2026-08-01T06:38:13+00:00,1645,165,179,75,3.096,774.5999999999999,22,fit:80de1342a3e9944829ab101957c8eddffd3d18cb805507bed707b0e306d3b433:segment:004,4,8981.0,8762,activities/108_260801060832.csv,1,1,0,0
fit:80de1342a3e9944829ab101957c8eddffd3d18cb805507bed707b0e306d3b433,2026-08-01T06:38:14+00:00,1646,355,179,60,2.775,774.5999999999999,22,fit:80de1342a3e9944829ab101957c8eddffd3d18cb805507bed707b0e306d3b433:segment:004,4,8982.0,8763,activities/108_260801060832.csv,1,1,0,0
fit:80de1342a3e9944829ab101957c8eddffd3d18cb805507bed707b0e306d3b433,2026-08-01T06:38:15+00:00,1647,301,178,69,2.932,774.5999999999999,22,fit:80de1342a3e9944829ab101957c8eddffd3d18cb805507bed707b0e306d3b433:segment:004,4,8983.0,8764,activities/108_260801060832.csv,1,1,0,0
fit:80de1342a3e9944829ab101957c8eddffd3d18cb805507bed707b0e306d3b433,2026-08-01T06:38:16+00:00,1648,232,178,75,2.976,774.5999999999999,22,fit:80de1342a3e9944829ab101957c8eddffd3d18cb805507bed707b0e306d3b433:segment:004,4,8984.0,8765,activities/108_260801060832.csv,1,1,0,0
fit:80de1342a3e9944829ab101957c8eddffd3d18cb805507bed707b0e306d3b433,2026-08-01T06:38:17+00:00,1649,212,178,74,3.031,775.4000000000001,22,fit:80de1342a3e9944829ab101957c8eddffd3d18cb805507bed707b0e306d3b433:segment:004,4,8985.0,8766,activities/108_260801060832.csv,1,1,0,0
fit:80de1342a3e9944829ab101957c8eddffd3d18cb805507bed707b0e306d3b433,2026-08-01T06:38:18+00:00,1650,198,178,75,3.087,775.5999999999999,22,fit:80de1342a3e9944829ab101957c8eddffd3d18cb805507bed707b0e306d3b433:segment:004,4,8986.0,8767,activities/108_260801060832.csv,1,1,0,0
fit:80de1342a3e9944829ab101957c8eddffd3d18cb805507bed707b0e306d3b433,2026-08-01T06:38:19+00:00,1651,198,177,76,3.097,776.0,22,fit:80de1342a3e9944829ab101957c8eddffd3d18cb805507bed707b0e306d3b433:segment:004,4,8987.0,8768,activities/108_260801060832.csv,1,1,0,0
fit:80de1342a3e9944829ab101957c8eddffd3d18cb805507bed707b0e306d3b433,2026-08-01T06:38:20+00:00,1652,216,177,76,3.088,776.0,22,fit:80de1342a3e9944829ab101957c8eddffd3d18cb805507bed707b0e306d3b433:segment:004,4,8988.0,8769,activities/108_260801060832.csv,1,1,0,0
fit:80de1342a3e9944829ab101957c8eddffd3d18cb805507bed707b0e306d3b433,2026-08-01T06:38:21+00:00,1653,228,177,76,3.13,776.0,22,fit:80de1342a3e9944829ab101957c8eddffd3d18cb805507bed707b0e306d3b433:segment:004,4,8989.0,8770,activities/108_260801060832.csv,1,1,0,0
fit:80de1342a3e9944829ab101957c8eddffd3d18cb805507bed707b0e306d3b433,2026-08-01T06:38:22+00:00,1654,212,177,77,2.903,776.0,22,fit:80de1342a3e9944829ab101957c8eddffd3d18cb805507bed707b0e306d3b433:segment:004,4,8990.0,8771,activities/108_260801060832.csv,1,1,0,0
fit:80de1342a3e9944829ab101957c8eddffd3d18cb805507bed707b0e306d3b433,2026-08-01T06:38:23+00:00,1655,207,176,79,3.16,776.0,22,fit:80de1342a3e9944829ab101957c8eddffd3d18cb805507bed707b0e306d3b433:segment:004,4,8991.0,8772,activities/108_260801060832.csv,1,1,0,0
fit:80de1342a3e9944829ab101957c8eddffd3d18cb805507bed707b0e306d3b433,2026-08-01T06:38:24+00:00,1656,202,176,79,3.075,776.5999999999999,22,fit:80de1342a3e9944829ab101957c8eddffd3d18cb805507bed707b0e306d3b433:segment:004,4,8992.0,8773,activities/108_260801060832.csv,1,1,0,0
fit:80de1342a3e9944829ab101957c8eddffd3d18cb805507bed707b0e306d3b433,2026-08-01T06:38:25+00:00,1657,209,175,78,2.956,776.8,22,fit:80de1342a3e9944829ab101957c8eddffd3d18cb805507bed707b0e306d3b433:segment:004,4,8993.0,8774,activities/108_260801060832.csv,1,1,0,0
fit:80de1342a3e9944829ab101957c8eddffd3d18cb805507bed707b0e306d3b433,2026-08-01T06:38:26+00:00,1658,193,175,80,3.143,777.2,22,fit:80de1342a3e9944829ab101957c8eddffd3d18cb805507bed707b0e306d3b433:segment:004,4,8994.0,8775,activities/108_260801060832.csv,1,1,0,0
fit:80de1342a3e9944829ab101957c8eddffd3d18cb805507bed707b0e306d3b433,2026-08-01T06:38:27+00:00,1659,184,174,80,3.173,777.2,22,fit:80de1342a3e9944829ab101957c8eddffd3d18cb805507bed707b0e306d3b433:segment:004,4,8995.0,8776,activities/108_260801060832.csv,1,1,0,0
fit:80de1342a3e9944829ab101957c8eddffd3d18cb805507bed707b0e306d3b433,2026-08-01T06:38:28+00:00,1660,248,173,78,3.173,777.2,22,fit:80de1342a3e9944829ab101957c8eddffd3d18cb805507bed707b0e306d3b433:segment:004,4,8996.0,8777,activities/108_260801060832.csv,1,1,0,0
fit:80de1342a3e9944829ab101957c8eddffd3d18cb805507bed707b0e306d3b433,2026-08-01T06:38:29+00:00,1661,273,173,77,3.088,777.2,22,fit:80de1342a3e9944829ab101957c8eddffd3d18cb805507bed707b0e306d3b433:segment:004,4,8997.0,8778,activities/108_260801060832.csv,1,1,0,0
fit:80de1342a3e9944829ab101957c8eddffd3d18cb805507bed707b0e306d3b433,2026-08-01T06:38:30+00:00,1662,270,172,74,3.196,777.8,22,fit:80de1342a3e9944829ab101957c8eddffd3d18cb805507bed707b0e306d3b433:segment:004,4,8998.0,8779,activities/108_260801060832.csv,1,1,0,0
fit:80de1342a3e9944829ab101957c8eddffd3d18cb805507bed707b0e306d3b433,2026-08-01T06:38:31+00:00,1663,324,172,74,2.953,778.2,22,fit:80de1342a3e9944829ab101957c8eddffd3d18cb805507bed707b0e306d3b433:segment:004,4,8999.0,8780,activities/108_260801060832.csv,1,1,0,0
fit:80de1342a3e9944829ab101957c8eddffd3d18cb805507bed707b0e306d3b433,2026-08-01T06:38:32+00:00,1664,294,171,74,2.97,778.8,22,fit:80de1342a3e9944829ab101957c8eddffd3d18cb805507bed707b0e306d3b433:segment:004,4,9000.0,8781,activities/108_260801060832.csv,1,1,0,0
fit:80de1342a3e9944829ab101957c8eddffd3d18cb805507bed707b0e306d3b433,2026-08-01T06:38:33+00:00,1665,320,170,71,2.711,778.8,22,fit:80de1342a3e9944829ab101957c8eddffd3d18cb805507bed707b0e306d3b433:segment:004,4,9001.0,8782,activities/108_260801060832.csv,1,1,0,0
fit:80de1342a3e9944829ab101957c8eddffd3d18cb805507bed707b0e306d3b433,2026-08-01T06:38:34+00:00,1666,278,170,67,2.8,778.8,22,fit:80de1342a3e9944829ab101957c8eddffd3d18cb805507bed707b0e306d3b433:segment:004,4,9002.0,8783,activities/108_260801060832.csv,1,1,0,0
fit:80de1342a3e9944829ab101957c8eddffd3d18cb805507bed707b0e306d3b433,2026-08-01T06:38:35+00:00,1667,275,170,72,2.757,778.8,22,fit:80de1342a3e9944829ab101957c8eddffd3d18cb805507bed707b0e306d3b433:segment:004,4,9003.0,8784,activities/108_260801060832.csv,1,1,0,0
fit:80de1342a3e9944829ab101957c8eddffd3d18cb805507bed707b0e306d3b433,2026-08-01T06:38:36+00:00,1668,275,170,72,2.777,779.5999999999999,22,fit:80de1342a3e9944829ab101957c8eddffd3d18cb805507bed707b0e306d3b433:segment:004,4,9004.0,8785,activities/108_260801060832.csv,1,1,0,0
fit:80de1342a3e9944829ab101957c8eddffd3d18cb805507bed707b0e306d3b433,2026-08-01T06:38:37+00:00,1669,292,170,70,2.663,779.8,22,fit:80de1342a3e9944829ab101957c8eddffd3d18cb805507bed707b0e306d3b433:segment:004,4,9005.0,8786,activities/108_260801060832.csv,1,1,0,0
fit:80de1342a3e9944829ab101957c8eddffd3d18cb805507bed707b0e306d3b433,2026-08-01T06:38:38+00:00,1670,299,169,70,2.349,780.2,22,fit:80de1342a3e9944829ab101957c8eddffd3d18cb805507bed707b0e306d3b433:segment:004,4,9006.0,8787,activities/108_260801060832.csv,1,1,0,0
fit:80de1342a3e9944829ab101957c8eddffd3d18cb805507bed707b0e306d3b433,2026-08-01T06:38:39+00:00,1671,300,169,70,2.72,780.2,22,fit:80de1342a3e9944829ab101957c8eddffd3d18cb805507bed707b0e306d3b433:segment:004,4,9007.0,8788,activities/108_260801060832.csv,1,1,0,0
fit:80de1342a3e9944829ab101957c8eddffd3d18cb805507bed707b0e306d3b433,2026-08-01T06:38:40+00:00,1672,296,169,70,2.839,780.2,22,fit:80de1342a3e9944829ab101957c8eddffd3d18cb805507bed707b0e306d3b433:segment:004,4,9008.0,8789,activities/108_260801060832.csv,1,1,0,0
fit:80de1342a3e9944829ab101957c8eddffd3d18cb805507bed707b0e306d3b433,2026-08-01T06:38:41+00:00,1673,311,169,71,2.659,780.2,23,fit:80de1342a3e9944829ab101957c8eddffd3d18cb805507bed707b0e306d3b433:segment:004,4,9009.0,8790,activities/108_260801060832.csv,1,1,0,0
fit:80de1342a3e9944829ab101957c8eddffd3d18cb805507bed707b0e306d3b433,2026-08-01T06:38:42+00:00,1674,311,170,70,2.87,781.2,23,fit:80de1342a3e9944829ab101957c8eddffd3d18cb805507bed707b0e306d3b433:segment:004,4,9010.0,8791,activities/108_260801060832.csv,1,1,0,0
fit:80de1342a3e9944829ab101957c8eddffd3d18cb805507bed707b0e306d3b433,2026-08-01T06:38:43+00:00,1675,324,170,72,2.746,781.4000000000001,23,fit:80de1342a3e9944829ab101957c8eddffd3d18cb805507bed707b0e306d3b433:segment:004,4,9011.0,8792,activities/108_260801060832.csv,1,1,0,0
fit:80de1342a3e9944829ab101957c8eddffd3d18cb805507bed707b0e306d3b433,2026-08-01T06:38:44+00:00,1676,320,171,71,3.025,781.8,22,fit:80de1342a3e9944829ab101957c8eddffd3d18cb805507bed707b0e306d3b433:segment:004,4,9012.0,8793,activities/108_260801060832.csv,1,1,0,0
fit:80de1342a3e9944829ab101957c8eddffd3d18cb805507bed707b0e306d3b433,2026-08-01T06:38:45+00:00,1677,320,171,71,3.038,782.5999999999999,22,fit:80de1342a3e9944829ab101957c8eddffd3d18cb805507bed707b0e306d3b433:segment:004,4,9013.0,8794,activities/108_260801060832.csv,1,1,0,0
fit:80de1342a3e9944829ab101957c8eddffd3d18cb805507bed707b0e306d3b433,2026-08-01T06:38:46+00:00,1678,305,171,71,2.779,782.8,23,fit:80de1342a3e9944829ab101957c8eddffd3d18cb805507bed707b0e306d3b433:segment:004,4,9014.0,8795,activities/108_260801060832.csv,1,1,0,0
fit:80de1342a3e9944829ab101957c8eddffd3d18cb805507bed707b0e306d3b433,2026-08-01T06:38:47+00:00,1679,273,172,69,2.892,783.5999999999999,23,fit:80de1342a3e9944829ab101957c8eddffd3d18cb805507bed707b0e306d3b433:segment:004,4,9015.0,8796,activities/108_260801060832.csv,1,1,0,0
fit:80de1342a3e9944829ab101957c8eddffd3d18cb805507bed707b0e306d3b433,2026-08-01T06:38:48+00:00,1680,268,172,69,2.669,783.5999999999999,23,fit:80de1342a3e9944829ab101957c8eddffd3d18cb805507bed707b0e306d3b433:segment:004,4,9016.0,8797,activities/108_260801060832.csv,1,1,0,0
fit:80de1342a3e9944829ab101957c8eddffd3d18cb805507bed707b0e306d3b433,2026-08-01T06:38:49+00:00,1681,270,172,70,2.573,783.5999999999999,23,fit:80de1342a3e9944829ab101957c8eddffd3d18cb805507bed707b0e306d3b433:segment:004,4,9017.0,8798,activities/108_260801060832.csv,1,1,0,0
fit:80de1342a3e9944829ab101957c8eddffd3d18cb805507bed707b0e306d3b433,2026-08-01T06:38:50+00:00,1682,295,172,71,2.869,783.5999999999999,23,fit:80de1342a3e9944829ab101957c8eddffd3d18cb805507bed707b0e306d3b433:segment:004,4,9018.0,8799,activities/108_260801060832.csv,1,1,0,0
fit:80de1342a3e9944829ab101957c8eddffd3d18cb805507bed707b0e306d3b433,2026-08-01T06:38:51+00:00,1683,276,172,71,2.37,784.2,23,fit:80de1342a3e9944829ab101957c8eddffd3d18cb805507bed707b0e306d3b433:segment:004,4,9019.0,8800,activities/108_260801060832.csv,1,1,0,0
fit:80de1342a3e9944829ab101957c8eddffd3d18cb805507bed707b0e306d3b433,2026-08-01T06:38:52+00:00,1684,283,172,72,2.184,784.4000000000001,23,fit:80de1342a3e9944829ab101957c8eddffd3d18cb805507bed707b0e306d3b433:segment:004,4,9020.0,8801,activities/108_260801060832.csv,1,1,0,0
fit:80de1342a3e9944829ab101957c8eddffd3d18cb805507bed707b0e306d3b433,2026-08-01T06:38:53+00:00,1685,279,173,71,2.466,785.0,23,fit:80de1342a3e9944829ab101957c8eddffd3d18cb805507bed707b0e306d3b433:segment:004,4,9021.0,8802,activities/108_260801060832.csv,1,1,0,0
fit:80de1342a3e9944829ab101957c8eddffd3d18cb805507bed707b0e306d3b433,2026-08-01T06:38:54+00:00,1686,291,173,71,2.675,785.2,23,fit:80de1342a3e9944829ab101957c8eddffd3d18cb805507bed707b0e306d3b433:segment:004,4,9022.0,8803,activities/108_260801060832.csv,1,1,0,0
fit:80de1342a3e9944829ab101957c8eddffd3d18cb805507bed707b0e306d3b433,2026-08-01T06:38:55+00:00,1687,328,173,71,2.958,785.5999999999999,23,fit:80de1342a3e9944829ab101957c8eddffd3d18cb805507bed707b0e306d3b433:segment:004,4,9023.0,8804,activities/108_260801060832.csv,1,1,0,0
fit:80de1342a3e9944829ab101957c8eddffd3d18cb805507bed707b0e306d3b433,2026-08-01T06:38:56+00:00,1688,364,173,71,2.888,785.8,23,fit:80de1342a3e9944829ab101957c8eddffd3d18cb805507bed707b0e306d3b433:segment:004,4,9024.0,8805,activities/108_260801060832.csv,1,1,0,0
fit:80de1342a3e9944829ab101957c8eddffd3d18cb805507bed707b0e306d3b433,2026-08-01T06:38:57+00:00,1689,364,173,73,2.853,785.8,23,fit:80de1342a3e9944829ab101957c8eddffd3d18cb805507bed707b0e306d3b433:segment:004,4,9025.0,8806,activities/108_260801060832.csv,1,1,0,0
fit:80de1342a3e9944829ab101957c8eddffd3d18cb805507bed707b0e306d3b433,2026-08-01T06:38:58+00:00,1690,316,173,70,2.817,785.8,23,fit:80de1342a3e9944829ab101957c8eddffd3d18cb805507bed707b0e306d3b433:segment:004,4,9026.0,8807,activities/108_260801060832.csv,1,1,0,0
fit:80de1342a3e9944829ab101957c8eddffd3d18cb805507bed707b0e306d3b433,2026-08-01T06:38:59+00:00,1691,298,173,69,2.92,785.8,23,fit:80de1342a3e9944829ab101957c8eddffd3d18cb805507bed707b0e306d3b433:segment:004,4,9027.0,8808,activities/108_260801060832.csv,1,1,0,0
fit:80de1342a3e9944829ab101957c8eddffd3d18cb805507bed707b0e306d3b433,2026-08-01T06:39:00+00:00,1692,287,173,67,2.805,786.8,23,fit:80de1342a3e9944829ab101957c8eddffd3d18cb805507bed707b0e306d3b433:segment:004,4,9028.0,8809,activities/108_260801060832.csv,1,1,0,0
fit:80de1342a3e9944829ab101957c8eddffd3d18cb805507bed707b0e306d3b433,2026-08-01T06:39:01+00:00,1693,337,173,67,2.78,787.4000000000001,23,fit:80de1342a3e9944829ab101957c8eddffd3d18cb805507bed707b0e306d3b433:segment:004,4,9029.0,8810,activities/108_260801060832.csv,1,1,0,0
fit:80de1342a3e9944829ab101957c8eddffd3d18cb805507bed707b0e306d3b433,2026-08-01T06:39:02+00:00,1694,330,173,64,2.648,787.4000000000001,23,fit:80de1342a3e9944829ab101957c8eddffd3d18cb805507bed707b0e306d3b433:segment:004,4,9030.0,8811,activities/108_260801060832.csv,1,1,0,0
fit:80de1342a3e9944829ab101957c8eddffd3d18cb805507bed707b0e306d3b433,2026-08-01T06:39:03+00:00,1695,317,173,64,2.709,787.4000000000001,23,fit:80de1342a3e9944829ab101957c8eddffd3d18cb805507bed707b0e306d3b433:segment:004,4,9031.0,8812,activities/108_260801060832.csv,1,1,0,0
fit:80de1342a3e9944829ab101957c8eddffd3d18cb805507bed707b0e306d3b433,2026-08-01T06:39:04+00:00,1696,338,173,60,2.649,787.4000000000001,23,fit:80de1342a3e9944829ab101957c8eddffd3d18cb805507bed707b0e306d3b433:segment:004,4,9032.0,8813,activities/108_260801060832.csv,1,1,0,0
fit:80de1342a3e9944829ab101957c8eddffd3d18cb805507bed707b0e306d3b433,2026-08-01T06:39:05+00:00,1697,350,173,61,2.482,788.4000000000001,23,fit:80de1342a3e9944829ab101957c8eddffd3d18cb805507bed707b0e306d3b433:segment:004,4,9033.0,8814,activities/108_260801060832.csv,1,1,0,0
fit:80de1342a3e9944829ab101957c8eddffd3d18cb805507bed707b0e306d3b433,2026-08-01T06:39:06+00:00,1698,350,173,63,2.486,789.0,23,fit:80de1342a3e9944829ab101957c8eddffd3d18cb805507bed707b0e306d3b433:segment:004,4,9034.0,8815,activities/108_260801060832.csv,1,1,0,0
fit:80de1342a3e9944829ab101957c8eddffd3d18cb805507bed707b0e306d3b433,2026-08-01T06:39:07+00:00,1699,320,173,64,2.616,789.0,23,fit:80de1342a3e9944829ab101957c8eddffd3d18cb805507bed707b0e306d3b433:segment:004,4,9035.0,8816,activities/108_260801060832.csv,1,1,0,0
fit:80de1342a3e9944829ab101957c8eddffd3d18cb805507bed707b0e306d3b433,2026-08-01T06:39:08+00:00,1700,318,173,63,2.598,789.5999999999999,22,fit:80de1342a3e9944829ab101957c8eddffd3d18cb805507bed707b0e306d3b433:segment:004,4,9036.0,8817,activities/108_260801060832.csv,1,1,0,0
fit:80de1342a3e9944829ab101957c8eddffd3d18cb805507bed707b0e306d3b433,2026-08-01T06:39:09+00:00,1701,310,173,62,2.57,790.2,22,fit:80de1342a3e9944829ab101957c8eddffd3d18cb805507bed707b0e306d3b433:segment:004,4,9037.0,8818,activities/108_260801060832.csv,1,1,0,0
fit:80de1342a3e9944829ab101957c8eddffd3d18cb805507bed707b0e306d3b433,2026-08-01T06:39:10+00:00,1702,299,172,62,2.591,790.4000000000001,22,fit:80de1342a3e9944829ab101957c8eddffd3d18cb805507bed707b0e306d3b433:segment:004,4,9038.0,8819,activities/108_260801060832.csv,1,1,0,0
fit:80de1342a3e9944829ab101957c8eddffd3d18cb805507bed707b0e306d3b433,2026-08-01T06:39:11+00:00,1703,310,172,63,2.685,790.5999999999999,22,fit:80de1342a3e9944829ab101957c8eddffd3d18cb805507bed707b0e306d3b433:segment:004,4,9039.0,8820,activities/108_260801060832.csv,1,1,0,0
fit:80de1342a3e9944829ab101957c8eddffd3d18cb805507bed707b0e306d3b433,2026-08-01T06:39:12+00:00,1704,299,172,65,2.687,790.8,22,fit:80de1342a3e9944829ab101957c8eddffd3d18cb805507bed707b0e306d3b433:segment:004,4,9040.0,8821,activities/108_260801060832.csv,1,1,0,0
fit:80de1342a3e9944829ab101957c8eddffd3d18cb805507bed707b0e306d3b433,2026-08-01T06:39:13+00:00,1705,258,172,68,2.622,790.8,22,fit:80de1342a3e9944829ab101957c8eddffd3d18cb805507bed707b0e306d3b433:segment:004,4,9041.0,8822,activities/108_260801060832.csv,1,1,0,0
fit:80de1342a3e9944829ab101957c8eddffd3d18cb805507bed707b0e306d3b433,2026-08-01T06:39:14+00:00,1706,259,172,68,2.716,790.8,22,fit:80de1342a3e9944829ab101957c8eddffd3d18cb805507bed707b0e306d3b433:segment:004,4,9042.0,8823,activities/108_260801060832.csv,1,1,0,0
fit:80de1342a3e9944829ab101957c8eddffd3d18cb805507bed707b0e306d3b433,2026-08-01T06:39:15+00:00,1707,272,172,67,2.699,790.8,22,fit:80de1342a3e9944829ab101957c8eddffd3d18cb805507bed707b0e306d3b433:segment:004,4,9043.0,8824,activities/108_260801060832.csv,1,1,0,0
fit:80de1342a3e9944829ab101957c8eddffd3d18cb805507bed707b0e306d3b433,2026-08-01T06:39:16+00:00,1708,277,172,67,2.614,791.8,22,fit:80de1342a3e9944829ab101957c8eddffd3d18cb805507bed707b0e306d3b433:segment:004,4,9044.0,8825,activities/108_260801060832.csv,1,1,0,0
fit:80de1342a3e9944829ab101957c8eddffd3d18cb805507bed707b0e306d3b433,2026-08-01T06:39:17+00:00,1709,253,172,67,2.636,792.2,22,fit:80de1342a3e9944829ab101957c8eddffd3d18cb805507bed707b0e306d3b433:segment:004,4,9045.0,8826,activities/108_260801060832.csv,1,1,0,0
fit:80de1342a3e9944829ab101957c8eddffd3d18cb805507bed707b0e306d3b433,2026-08-01T06:39:18+00:00,1710,221,172,70,2.736,792.5999999999999,22,fit:80de1342a3e9944829ab101957c8eddffd3d18cb805507bed707b0e306d3b433:segment:004,4,9046.0,8827,activities/108_260801060832.csv,1,1,0,0
fit:80de1342a3e9944829ab101957c8eddffd3d18cb805507bed707b0e306d3b433,2026-08-01T06:39:19+00:00,1711,222,172,71,2.777,792.5999999999999,22,fit:80de1342a3e9944829ab101957c8eddffd3d18cb805507bed707b0e306d3b433:segment:004,4,9047.0,8828,activities/108_260801060832.csv,1,1,0,0
fit:80de1342a3e9944829ab101957c8eddffd3d18cb805507bed707b0e306d3b433,2026-08-01T06:39:20+00:00,1712,259,172,70,2.776,792.5999999999999,22,fit:80de1342a3e9944829ab101957c8eddffd3d18cb805507bed707b0e306d3b433:segment:004,4,9048.0,8829,activities/108_260801060832.csv,1,1,0,0
fit:80de1342a3e9944829ab101957c8eddffd3d18cb805507bed707b0e306d3b433,2026-08-01T06:39:21+00:00,1713,268,172,69,2.882,792.5999999999999,22,fit:80de1342a3e9944829ab101957c8eddffd3d18cb805507bed707b0e306d3b433:segment:004,4,9049.0,8830,activities/108_260801060832.csv,1,1,0,0
fit:80de1342a3e9944829ab101957c8eddffd3d18cb805507bed707b0e306d3b433,2026-08-01T06:39:22+00:00,1714,266,172,71,2.906,793.4000000000001,22,fit:80de1342a3e9944829ab101957c8eddffd3d18cb805507bed707b0e306d3b433:segment:004,4,9050.0,8831,activities/108_260801060832.csv,1,1,0,0
fit:80de1342a3e9944829ab101957c8eddffd3d18cb805507bed707b0e306d3b433,2026-08-01T06:39:23+00:00,1715,287,172,70,2.841,794.0,22,fit:80de1342a3e9944829ab101957c8eddffd3d18cb805507bed707b0e306d3b433:segment:004,4,9051.0,8832,activities/108_260801060832.csv,1,1,0,0
fit:80de1342a3e9944829ab101957c8eddffd3d18cb805507bed707b0e306d3b433,2026-08-01T06:39:24+00:00,1716,272,172,70,2.794,794.0,22,fit:80de1342a3e9944829ab101957c8eddffd3d18cb805507bed707b0e306d3b433:segment:004,4,9052.0,8833,activities/108_260801060832.csv,1,1,0,0
fit:80de1342a3e9944829ab101957c8eddffd3d18cb805507bed707b0e306d3b433,2026-08-01T06:39:25+00:00,1717,246,172,69,2.986,794.0,22,fit:80de1342a3e9944829ab101957c8eddffd3d18cb805507bed707b0e306d3b433:segment:004,4,9053.0,8834,activities/108_260801060832.csv,1,1,0,0
fit:80de1342a3e9944829ab101957c8eddffd3d18cb805507bed707b0e306d3b433,2026-08-01T06:39:26+00:00,1718,254,172,68,2.839,794.0,22,fit:80de1342a3e9944829ab101957c8eddffd3d18cb805507bed707b0e306d3b433:segment:004,4,9054.0,8835,activities/108_260801060832.csv,1,1,0,0
fit:80de1342a3e9944829ab101957c8eddffd3d18cb805507bed707b0e306d3b433,2026-08-01T06:39:27+00:00,1719,255,172,66,2.723,795.0,22,fit:80de1342a3e9944829ab101957c8eddffd3d18cb805507bed707b0e306d3b433:segment:004,4,9055.0,8836,activities/108_260801060832.csv,1,1,0,0
fit:80de1342a3e9944829ab101957c8eddffd3d18cb805507bed707b0e306d3b433,2026-08-01T06:39:28+00:00,1720,286,172,66,2.583,795.4000000000001,22,fit:80de1342a3e9944829ab101957c8eddffd3d18cb805507bed707b0e306d3b433:segment:004,4,9056.0,8837,activities/108_260801060832.csv,1,1,0,0
fit:80de1342a3e9944829ab101957c8eddffd3d18cb805507bed707b0e306d3b433,2026-08-01T06:39:29+00:00,1721,282,172,65,2.597,795.5999999999999,22,fit:80de1342a3e9944829ab101957c8eddffd3d18cb805507bed707b0e306d3b433:segment:004,4,9057.0,8838,activities/108_260801060832.csv,1,1,0,0
fit:80de1342a3e9944829ab101957c8eddffd3d18cb805507bed707b0e306d3b433,2026-08-01T06:39:30+00:00,1722,209,172,68,2.594,795.5999999999999,22,fit:80de1342a3e9944829ab101957c8eddffd3d18cb805507bed707b0e306d3b433:segment:004,4,9058.0,8839,activities/108_260801060832.csv,1,1,0,0
fit:80de1342a3e9944829ab101957c8eddffd3d18cb805507bed707b0e306d3b433,2026-08-01T06:39:31+00:00,1723,225,172,67,2.637,796.2,22,fit:80de1342a3e9944829ab101957c8eddffd3d18cb805507bed707b0e306d3b433:segment:004,4,9059.0,8840,activities/108_260801060832.csv,1,1,0,0
fit:80de1342a3e9944829ab101957c8eddffd3d18cb805507bed707b0e306d3b433,2026-08-01T06:39:32+00:00,1724,254,172,65,2.693,796.2,22,fit:80de1342a3e9944829ab101957c8eddffd3d18cb805507bed707b0e306d3b433:segment:004,4,9060.0,8841,activities/108_260801060832.csv,1,1,0,0
fit:80de1342a3e9944829ab101957c8eddffd3d18cb805507bed707b0e306d3b433,2026-08-01T06:39:33+00:00,1725,263,172,66,2.692,796.2,22,fit:80de1342a3e9944829ab101957c8eddffd3d18cb805507bed707b0e306d3b433:segment:004,4,9061.0,8842,activities/108_260801060832.csv,1,1,0,0
fit:80de1342a3e9944829ab101957c8eddffd3d18cb805507bed707b0e306d3b433,2026-08-01T06:39:34+00:00,1726,249,172,67,2.767,796.2,22,fit:80de1342a3e9944829ab101957c8eddffd3d18cb805507bed707b0e306d3b433:segment:004,4,9062.0,8843,activities/108_260801060832.csv,1,1,0,0
fit:80de1342a3e9944829ab101957c8eddffd3d18cb805507bed707b0e306d3b433,2026-08-01T06:39:35+00:00,1727,251,172,69,2.802,797.0,22,fit:80de1342a3e9944829ab101957c8eddffd3d18cb805507bed707b0e306d3b433:segment:004,4,9063.0,8844,activities/108_260801060832.csv,1,1,0,0
fit:80de1342a3e9944829ab101957c8eddffd3d18cb805507bed707b0e306d3b433,2026-08-01T06:39:36+00:00,1728,260,172,68,2.831,797.5999999999999,22,fit:80de1342a3e9944829ab101957c8eddffd3d18cb805507bed707b0e306d3b433:segment:004,4,9064.0,8845,activities/108_260801060832.csv,1,1,0,0
fit:80de1342a3e9944829ab101957c8eddffd3d18cb805507bed707b0e306d3b433,2026-08-01T06:39:37+00:00,1729,260,172,68,2.98,797.5999999999999,22,fit:80de1342a3e9944829ab101957c8eddffd3d18cb805507bed707b0e306d3b433:segment:004,4,9065.0,8846,activities/108_260801060832.csv,1,1,0,0
fit:80de1342a3e9944829ab101957c8eddffd3d18cb805507bed707b0e306d3b433,2026-08-01T06:39:38+00:00,1730,253,171,68,2.542,797.5999999999999,22,fit:80de1342a3e9944829ab101957c8eddffd3d18cb805507bed707b0e306d3b433:segment:004,4,9066.0,8847,activities/108_260801060832.csv,1,1,0,0
fit:80de1342a3e9944829ab101957c8eddffd3d18cb805507bed707b0e306d3b433,2026-08-01T06:39:39+00:00,1731,258,171,68,2.637,797.5999999999999,22,fit:80de1342a3e9944829ab101957c8eddffd3d18cb805507bed707b0e306d3b433:segment:004,4,9067.0,8848,activities/108_260801060832.csv,1,1,0,0
fit:80de1342a3e9944829ab101957c8eddffd3d18cb805507bed707b0e306d3b433,2026-08-01T06:39:40+00:00,1732,235,171,70,2.805,798.2,22,fit:80de1342a3e9944829ab101957c8eddffd3d18cb805507bed707b0e306d3b433:segment:004,4,9068.0,8849,activities/108_260801060832.csv,1,1,0,0
fit:80de1342a3e9944829ab101957c8eddffd3d18cb805507bed707b0e306d3b433,2026-08-01T06:39:41+00:00,1733,273,171,71,2.934,798.4000000000001,22,fit:80de1342a3e9944829ab101957c8eddffd3d18cb805507bed707b0e306d3b433:segment:004,4,9069.0,8850,activities/108_260801060832.csv,1,1,0,0
fit:80de1342a3e9944829ab101957c8eddffd3d18cb805507bed707b0e306d3b433,2026-08-01T06:39:42+00:00,1734,266,171,74,3.053,798.5999999999999,22,fit:80de1342a3e9944829ab101957c8eddffd3d18cb805507bed707b0e306d3b433:segment:004,4,9070.0,8851,activities/108_260801060832.csv,1,1,0,0
fit:80de1342a3e9944829ab101957c8eddffd3d18cb805507bed707b0e306d3b433,2026-08-01T06:39:43+00:00,1735,255,170,77,2.844,798.8,22,fit:80de1342a3e9944829ab101957c8eddffd3d18cb805507bed707b0e306d3b433:segment:004,4,9071.0,8852,activities/108_260801060832.csv,1,1,0,0
fit:80de1342a3e9944829ab101957c8eddffd3d18cb805507bed707b0e306d3b433,2026-08-01T06:39:44+00:00,1736,255,170,77,2.924,799.2,22,fit:80de1342a3e9944829ab101957c8eddffd3d18cb805507bed707b0e306d3b433:segment:004,4,9072.0,8853,activities/108_260801060832.csv,1,1,0,0
fit:80de1342a3e9944829ab101957c8eddffd3d18cb805507bed707b0e306d3b433,2026-08-01T06:39:45+00:00,1737,257,170,75,3.034,799.4000000000001,22,fit:80de1342a3e9944829ab101957c8eddffd3d18cb805507bed707b0e306d3b433:segment:004,4,9073.0,8854,activities/108_260801060832.csv,1,1,0,0
fit:80de1342a3e9944829ab101957c8eddffd3d18cb805507bed707b0e306d3b433,2026-08-01T06:39:46+00:00,1738,265,169,75,3.006,799.4000000000001,22,fit:80de1342a3e9944829ab101957c8eddffd3d18cb805507bed707b0e306d3b433:segment:004,4,9074.0,8855,activities/108_260801060832.csv,1,1,0,0
fit:80de1342a3e9944829ab101957c8eddffd3d18cb805507bed707b0e306d3b433,2026-08-01T06:39:47+00:00,1739,243,169,76,2.816,799.8,22,fit:80de1342a3e9944829ab101957c8eddffd3d18cb805507bed707b0e306d3b433:segment:004,4,9075.0,8856,activities/108_260801060832.csv,1,1,0,0
fit:80de1342a3e9944829ab101957c8eddffd3d18cb805507bed707b0e306d3b433,2026-08-01T06:39:48+00:00,1740,249,169,75,2.836,800.5999999999999,22,fit:80de1342a3e9944829ab101957c8eddffd3d18cb805507bed707b0e306d3b433:segment:004,4,9076.0,8857,activities/108_260801060832.csv,1,1,0,0
fit:80de1342a3e9944829ab101957c8eddffd3d18cb805507bed707b0e306d3b433,2026-08-01T06:39:49+00:00,1741,249,169,74,2.853,800.5999999999999,22,fit:80de1342a3e9944829ab101957c8eddffd3d18cb805507bed707b0e306d3b433:segment:004,4,9077.0,8858,activities/108_260801060832.csv,1,1,0,0
fit:80de1342a3e9944829ab101957c8eddffd3d18cb805507bed707b0e306d3b433,2026-08-01T06:39:50+00:00,1742,289,168,73,2.881,800.5999999999999,22,fit:80de1342a3e9944829ab101957c8eddffd3d18cb805507bed707b0e306d3b433:segment:004,4,9078.0,8859,activities/108_260801060832.csv,1,1,0,0
fit:80de1342a3e9944829ab101957c8eddffd3d18cb805507bed707b0e306d3b433,2026-08-01T06:39:51+00:00,1743,286,168,73,2.79,800.5999999999999,22,fit:80de1342a3e9944829ab101957c8eddffd3d18cb805507bed707b0e306d3b433:segment:004,4,9079.0,8860,activities/108_260801060832.csv,1,1,0,0
fit:80de1342a3e9944829ab101957c8eddffd3d18cb805507bed707b0e306d3b433,2026-08-01T06:39:52+00:00,1744,281,168,77,2.811,800.5999999999999,22,fit:80de1342a3e9944829ab101957c8eddffd3d18cb805507bed707b0e306d3b433:segment:004,4,9080.0,8861,activities/108_260801060832.csv,1,1,0,0
fit:80de1342a3e9944829ab101957c8eddffd3d18cb805507bed707b0e306d3b433,2026-08-01T06:39:53+00:00,1745,260,168,78,2.735,801.2,22,fit:80de1342a3e9944829ab101957c8eddffd3d18cb805507bed707b0e306d3b433:segment:004,4,9081.0,8862,activities/108_260801060832.csv,1,1,0,0
fit:80de1342a3e9944829ab101957c8eddffd3d18cb805507bed707b0e306d3b433,2026-08-01T06:39:54+00:00,1746,235,168,78,2.959,801.5999999999999,22,fit:80de1342a3e9944829ab101957c8eddffd3d18cb805507bed707b0e306d3b433:segment:004,4,9082.0,8863,activities/108_260801060832.csv,1,1,0,0
fit:80de1342a3e9944829ab101957c8eddffd3d18cb805507bed707b0e306d3b433,2026-08-01T06:39:55+00:00,1747,235,168,78,2.859,802.2,23,fit:80de1342a3e9944829ab101957c8eddffd3d18cb805507bed707b0e306d3b433:segment:004,4,9083.0,8864,activities/108_260801060832.csv,1,1,0,0
fit:80de1342a3e9944829ab101957c8eddffd3d18cb805507bed707b0e306d3b433,2026-08-01T06:39:56+00:00,1748,263,167,78,3.064,802.2,23,fit:80de1342a3e9944829ab101957c8eddffd3d18cb805507bed707b0e306d3b433:segment:004,4,9084.0,8865,activities/108_260801060832.csv,1,1,0,0
fit:80de1342a3e9944829ab101957c8eddffd3d18cb805507bed707b0e306d3b433,2026-08-01T06:39:57+00:00,1749,240,167,78,3.322,802.2,23,fit:80de1342a3e9944829ab101957c8eddffd3d18cb805507bed707b0e306d3b433:segment:004,4,9085.0,8866,activities/108_260801060832.csv,1,1,0,0
fit:80de1342a3e9944829ab101957c8eddffd3d18cb805507bed707b0e306d3b433,2026-08-01T06:39:58+00:00,1750,247,167,76,3.084,802.2,23,fit:80de1342a3e9944829ab101957c8eddffd3d18cb805507bed707b0e306d3b433:segment:004,4,9086.0,8867,activities/108_260801060832.csv,1,1,0,0
fit:80de1342a3e9944829ab101957c8eddffd3d18cb805507bed707b0e306d3b433,2026-08-01T06:39:59+00:00,1751,306,167,76,3.062,802.2,23,fit:80de1342a3e9944829ab101957c8eddffd3d18cb805507bed707b0e306d3b433:segment:004,4,9087.0,8868,activities/108_260801060832.csv,1,1,0,0
fit:80de1342a3e9944829ab101957c8eddffd3d18cb805507bed707b0e306d3b433,2026-08-01T06:40:00+00:00,1752,264,167,78,3.134,803.2,23,fit:80de1342a3e9944829ab101957c8eddffd3d18cb805507bed707b0e306d3b433:segment:004,4,9088.0,8869,activities/108_260801060832.csv,1,1,0,0
fit:80de1342a3e9944829ab101957c8eddffd3d18cb805507bed707b0e306d3b433,2026-08-01T06:40:01+00:00,1753,196,167,78,3.058,803.4000000000001,23,fit:80de1342a3e9944829ab101957c8eddffd3d18cb805507bed707b0e306d3b433:segment:004,4,9089.0,8870,activities/108_260801060832.csv,1,1,0,0
fit:80de1342a3e9944829ab101957c8eddffd3d18cb805507bed707b0e306d3b433,2026-08-01T06:40:02+00:00,1754,161,167,81,3.273,803.5999999999999,23,fit:80de1342a3e9944829ab101957c8eddffd3d18cb805507bed707b0e306d3b433:segment:004,4,9090.0,8871,activities/108_260801060832.csv,1,1,0,0
fit:80de1342a3e9944829ab101957c8eddffd3d18cb805507bed707b0e306d3b433,2026-08-01T06:40:03+00:00,1755,127,167,81,3.312,803.8,23,fit:80de1342a3e9944829ab101957c8eddffd3d18cb805507bed707b0e306d3b433:segment:004,4,9091.0,8872,activities/108_260801060832.csv,1,1,0,0
fit:80de1342a3e9944829ab101957c8eddffd3d18cb805507bed707b0e306d3b433,2026-08-01T06:40:04+00:00,1756,226,168,70,3.244,804.0,23,fit:80de1342a3e9944829ab101957c8eddffd3d18cb805507bed707b0e306d3b433:segment:004,4,9092.0,8873,activities/108_260801060832.csv,1,1,0,0
fit:80de1342a3e9944829ab101957c8eddffd3d18cb805507bed707b0e306d3b433,2026-08-01T06:40:05+00:00,1757,197,168,73,3.138,804.5999999999999,23,fit:80de1342a3e9944829ab101957c8eddffd3d18cb805507bed707b0e306d3b433:segment:004,4,9093.0,8874,activities/108_260801060832.csv,1,1,0,0
fit:80de1342a3e9944829ab101957c8eddffd3d18cb805507bed707b0e306d3b433,2026-08-01T06:40:06+00:00,1758,204,168,75,3.141,804.8,23,fit:80de1342a3e9944829ab101957c8eddffd3d18cb805507bed707b0e306d3b433:segment:004,4,9094.0,8875,activities/108_260801060832.csv,1,1,0,0
fit:80de1342a3e9944829ab101957c8eddffd3d18cb805507bed707b0e306d3b433,2026-08-01T06:40:07+00:00,1759,207,167,76,3.201,804.8,23,fit:80de1342a3e9944829ab101957c8eddffd3d18cb805507bed707b0e306d3b433:segment:004,4,9095.0,8876,activities/108_260801060832.csv,1,1,0,0
fit:80de1342a3e9944829ab101957c8eddffd3d18cb805507bed707b0e306d3b433,2026-08-01T06:40:08+00:00,1760,185,167,78,3.324,804.8,23,fit:80de1342a3e9944829ab101957c8eddffd3d18cb805507bed707b0e306d3b433:segment:004,4,9096.0,8877,activities/108_260801060832.csv,1,1,0,0
fit:80de1342a3e9944829ab101957c8eddffd3d18cb805507bed707b0e306d3b433,2026-08-01T06:40:09+00:00,1761,185,166,78,3.459,804.8,23,fit:80de1342a3e9944829ab101957c8eddffd3d18cb805507bed707b0e306d3b433:segment:004,4,9097.0,8878,activities/108_260801060832.csv,1,1,0,0
fit:80de1342a3e9944829ab101957c8eddffd3d18cb805507bed707b0e306d3b433,2026-08-01T06:40:10+00:00,1762,199,165,78,3.472,804.8,23,fit:80de1342a3e9944829ab101957c8eddffd3d18cb805507bed707b0e306d3b433:segment:004,4,9098.0,8879,activities/108_260801060832.csv,1,1,0,0
fit:80de1342a3e9944829ab101957c8eddffd3d18cb805507bed707b0e306d3b433,2026-08-01T06:40:11+00:00,1763,209,164,78,3.64,804.8,23,fit:80de1342a3e9944829ab101957c8eddffd3d18cb805507bed707b0e306d3b433:segment:004,4,9099.0,8880,activities/108_260801060832.csv,1,1,0,0
fit:80de1342a3e9944829ab101957c8eddffd3d18cb805507bed707b0e306d3b433,2026-08-01T06:40:12+00:00,1764,209,164,79,3.465,805.2,23,fit:80de1342a3e9944829ab101957c8eddffd3d18cb805507bed707b0e306d3b433:segment:004,4,9100.0,8881,activities/108_260801060832.csv,1,1,0,0
fit:80de1342a3e9944829ab101957c8eddffd3d18cb805507bed707b0e306d3b433,2026-08-01T06:40:13+00:00,1765,219,164,79,3.501,805.4000000000001,23,fit:80de1342a3e9944829ab101957c8eddffd3d18cb805507bed707b0e306d3b433:segment:004,4,9101.0,8882,activities/108_260801060832.csv,1,1,0,0
fit:80de1342a3e9944829ab101957c8eddffd3d18cb805507bed707b0e306d3b433,2026-08-01T06:40:14+00:00,1766,234,163,78,3.598,805.5999999999999,23,fit:80de1342a3e9944829ab101957c8eddffd3d18cb805507bed707b0e306d3b433:segment:004,4,9102.0,8883,activities/108_260801060832.csv,1,1,0,0
fit:80de1342a3e9944829ab101957c8eddffd3d18cb805507bed707b0e306d3b433,2026-08-01T06:40:15+00:00,1767,209,163,81,3.617,805.8,23,fit:80de1342a3e9944829ab101957c8eddffd3d18cb805507bed707b0e306d3b433:segment:004,4,9103.0,8884,activities/108_260801060832.csv,1,1,0,0
fit:80de1342a3e9944829ab101957c8eddffd3d18cb805507bed707b0e306d3b433,2026-08-01T06:40:16+00:00,1768,217,163,81,3.632,806.4000000000001,23,fit:80de1342a3e9944829ab101957c8eddffd3d18cb805507bed707b0e306d3b433:segment:004,4,9104.0,8885,activities/108_260801060832.csv,1,1,0,0
fit:80de1342a3e9944829ab101957c8eddffd3d18cb805507bed707b0e306d3b433,2026-08-01T06:40:17+00:00,1769,226,162,81,3.667,806.4000000000001,23,fit:80de1342a3e9944829ab101957c8eddffd3d18cb805507bed707b0e306d3b433:segment:004,4,9105.0,8886,activities/108_260801060832.csv,1,1,0,0
fit:80de1342a3e9944829ab101957c8eddffd3d18cb805507bed707b0e306d3b433,2026-08-01T06:40:18+00:00,1770,160,162,81,3.506,806.5999999999999,23,fit:80de1342a3e9944829ab101957c8eddffd3d18cb805507bed707b0e306d3b433:segment:004,4,9106.0,8887,activities/108_260801060832.csv,1,1,0,0
fit:80de1342a3e9944829ab101957c8eddffd3d18cb805507bed707b0e306d3b433,2026-08-01T06:40:19+00:00,1771,171,161,81,3.347,806.5999999999999,23,fit:80de1342a3e9944829ab101957c8eddffd3d18cb805507bed707b0e306d3b433:segment:004,4,9107.0,8888,activities/108_260801060832.csv,1,1,0,0
fit:80de1342a3e9944829ab101957c8eddffd3d18cb805507bed707b0e306d3b433,2026-08-01T06:40:20+00:00,1772,158,161,81,3.56,806.5999999999999,23,fit:80de1342a3e9944829ab101957c8eddffd3d18cb805507bed707b0e306d3b433:segment:004,4,9108.0,8889,activities/108_260801060832.csv,1,1,0,0
fit:80de1342a3e9944829ab101957c8eddffd3d18cb805507bed707b0e306d3b433,2026-08-01T06:40:21+00:00,1773,183,161,81,3.534,806.5999999999999,23,fit:80de1342a3e9944829ab101957c8eddffd3d18cb805507bed707b0e306d3b433:segment:004,4,9109.0,8890,activities/108_260801060832.csv,1,1,0,0
fit:80de1342a3e9944829ab101957c8eddffd3d18cb805507bed707b0e306d3b433,2026-08-01T06:40:22+00:00,1774,268,160,81,3.674,807.4000000000001,23,fit:80de1342a3e9944829ab101957c8eddffd3d18cb805507bed707b0e306d3b433:segment:004,4,9110.0,8891,activities/108_260801060832.csv,1,1,0,0
fit:80de1342a3e9944829ab101957c8eddffd3d18cb805507bed707b0e306d3b433,2026-08-01T06:40:23+00:00,1775,284,160,81,3.57,808.0,23,fit:80de1342a3e9944829ab101957c8eddffd3d18cb805507bed707b0e306d3b433:segment:004,4,9111.0,8892,activities/108_260801060832.csv,1,1,0,0
fit:80de1342a3e9944829ab101957c8eddffd3d18cb805507bed707b0e306d3b433,2026-08-01T06:40:24+00:00,1776,285,159,80,3.269,808.0,23,fit:80de1342a3e9944829ab101957c8eddffd3d18cb805507bed707b0e306d3b433:segment:004,4,9112.0,8893,activities/108_260801060832.csv,1,1,0,0
fit:80de1342a3e9944829ab101957c8eddffd3d18cb805507bed707b0e306d3b433,2026-08-01T06:40:25+00:00,1777,294,159,80,3.52,808.0,23,fit:80de1342a3e9944829ab101957c8eddffd3d18cb805507bed707b0e306d3b433:segment:004,4,9113.0,8894,activities/108_260801060832.csv,1,1,0,0
fit:80de1342a3e9944829ab101957c8eddffd3d18cb805507bed707b0e306d3b433,2026-08-01T06:40:26+00:00,1778,302,158,78,3.498,808.0,23,fit:80de1342a3e9944829ab101957c8eddffd3d18cb805507bed707b0e306d3b433:segment:004,4,9114.0,8895,activities/108_260801060832.csv,1,1,0,0
fit:80de1342a3e9944829ab101957c8eddffd3d18cb805507bed707b0e306d3b433,2026-08-01T06:40:27+00:00,1779,286,158,79,3.635,809.0,23,fit:80de1342a3e9944829ab101957c8eddffd3d18cb805507bed707b0e306d3b433:segment:004,4,9115.0,8896,activities/108_260801060832.csv,1,1,0,0
fit:80de1342a3e9944829ab101957c8eddffd3d18cb805507bed707b0e306d3b433,2026-08-01T06:40:28+00:00,1780,295,158,78,3.749,809.5999999999999,23,fit:80de1342a3e9944829ab101957c8eddffd3d18cb805507bed707b0e306d3b433:segment:004,4,9116.0,8897,activities/108_260801060832.csv,1,1,0,0
fit:80de1342a3e9944829ab101957c8eddffd3d18cb805507bed707b0e306d3b433,2026-08-01T06:40:29+00:00,1781,277,159,78,3.676,809.5999999999999,23,fit:80de1342a3e9944829ab101957c8eddffd3d18cb805507bed707b0e306d3b433:segment:004,4,9117.0,8898,activities/108_260801060832.csv,1,1,0,0
fit:80de1342a3e9944829ab101957c8eddffd3d18cb805507bed707b0e306d3b433,2026-08-01T06:40:30+00:00,1782,279,159,78,3.573,809.5999999999999,23,fit:80de1342a3e9944829ab101957c8eddffd3d18cb805507bed707b0e306d3b433:segment:004,4,9118.0,8899,activities/108_260801060832.csv,1,1,0,0
fit:80de1342a3e9944829ab101957c8eddffd3d18cb805507bed707b0e306d3b433,2026-08-01T06:40:31+00:00,1783,295,159,78,3.548,809.5999999999999,23,fit:80de1342a3e9944829ab101957c8eddffd3d18cb805507bed707b0e306d3b433:segment:004,4,9119.0,8900,activities/108_260801060832.csv,1,1,0,0
fit:80de1342a3e9944829ab101957c8eddffd3d18cb805507bed707b0e306d3b433,2026-08-01T06:40:32+00:00,1784,294,159,78,3.56,810.0,23,fit:80de1342a3e9944829ab101957c8eddffd3d18cb805507bed707b0e306d3b433:segment:004,4,9120.0,8901,activities/108_260801060832.csv,1,1,0,0
fit:80de1342a3e9944829ab101957c8eddffd3d18cb805507bed707b0e306d3b433,2026-08-01T06:40:33+00:00,1785,313,159,78,3.572,810.5999999999999,23,fit:80de1342a3e9944829ab101957c8eddffd3d18cb805507bed707b0e306d3b433:segment:004,4,9121.0,8902,activities/108_260801060832.csv,1,1,0,0
fit:80de1342a3e9944829ab101957c8eddffd3d18cb805507bed707b0e306d3b433,2026-08-01T06:40:34+00:00,1786,314,159,78,3.42,811.0,23,fit:80de1342a3e9944829ab101957c8eddffd3d18cb805507bed707b0e306d3b433:segment:004,4,9122.0,8903,activities/108_260801060832.csv,1,1,0,0
fit:80de1342a3e9944829ab101957c8eddffd3d18cb805507bed707b0e306d3b433,2026-08-01T06:40:35+00:00,1787,333,159,76,3.459,811.8,23,fit:80de1342a3e9944829ab101957c8eddffd3d18cb805507bed707b0e306d3b433:segment:004,4,9123.0,8904,activities/108_260801060832.csv,1,1,0,0
fit:80de1342a3e9944829ab101957c8eddffd3d18cb805507bed707b0e306d3b433,2026-08-01T06:40:36+00:00,1788,234,159,75,3.477,811.8,23,fit:80de1342a3e9944829ab101957c8eddffd3d18cb805507bed707b0e306d3b433:segment:004,4,9124.0,8905,activities/108_260801060832.csv,1,1,0,0
fit:80de1342a3e9944829ab101957c8eddffd3d18cb805507bed707b0e306d3b433,2026-08-01T06:40:37+00:00,1789,328,160,74,3.423,812.4000000000001,23,fit:80de1342a3e9944829ab101957c8eddffd3d18cb805507bed707b0e306d3b433:segment:004,4,9125.0,8906,activities/108_260801060832.csv,1,1,0,0
fit:80de1342a3e9944829ab101957c8eddffd3d18cb805507bed707b0e306d3b433,2026-08-01T06:40:38+00:00,1790,345,160,72,3.234,812.8,23,fit:80de1342a3e9944829ab101957c8eddffd3d18cb805507bed707b0e306d3b433:segment:004,4,9126.0,8907,activities/108_260801060832.csv,1,1,0,0
fit:80de1342a3e9944829ab101957c8eddffd3d18cb805507bed707b0e306d3b433,2026-08-01T06:40:39+00:00,1791,286,160,76,3.141,812.8,23,fit:80de1342a3e9944829ab101957c8eddffd3d18cb805507bed707b0e306d3b433:segment:004,4,9127.0,8908,activities/108_260801060832.csv,1,1,0,0
fit:80de1342a3e9944829ab101957c8eddffd3d18cb805507bed707b0e306d3b433,2026-08-01T06:40:40+00:00,1792,269,161,78,3.257,812.8,23,fit:80de1342a3e9944829ab101957c8eddffd3d18cb805507bed707b0e306d3b433:segment:004,4,9128.0,8909,activities/108_260801060832.csv,1,1,0,0
fit:80de1342a3e9944829ab101957c8eddffd3d18cb805507bed707b0e306d3b433,2026-08-01T06:40:41+00:00,1793,236,161,80,3.207,812.8,23,fit:80de1342a3e9944829ab101957c8eddffd3d18cb805507bed707b0e306d3b433:segment:004,4,9129.0,8910,activities/108_260801060832.csv,1,1,0,0
fit:80de1342a3e9944829ab101957c8eddffd3d18cb805507bed707b0e306d3b433,2026-08-01T06:40:42+00:00,1794,249,161,78,3.264,813.4000000000001,23,fit:80de1342a3e9944829ab101957c8eddffd3d18cb805507bed707b0e306d3b433:segment:004,4,9130.0,8911,activities/108_260801060832.csv,1,1,0,0
fit:80de1342a3e9944829ab101957c8eddffd3d18cb805507bed707b0e306d3b433,2026-08-01T06:40:43+00:00,1795,249,162,77,3.216,814.0,23,fit:80de1342a3e9944829ab101957c8eddffd3d18cb805507bed707b0e306d3b433:segment:004,4,9131.0,8912,activities/108_260801060832.csv,1,1,0,0
fit:80de1342a3e9944829ab101957c8eddffd3d18cb805507bed707b0e306d3b433,2026-08-01T06:40:44+00:00,1796,234,162,78,3.443,814.0,23,fit:80de1342a3e9944829ab101957c8eddffd3d18cb805507bed707b0e306d3b433:segment:004,4,9132.0,8913,activities/108_260801060832.csv,1,1,0,0
fit:80de1342a3e9944829ab101957c8eddffd3d18cb805507bed707b0e306d3b433,2026-08-01T06:40:45+00:00,1797,220,163,80,3.556,814.4000000000001,23,fit:80de1342a3e9944829ab101957c8eddffd3d18cb805507bed707b0e306d3b433:segment:004,4,9133.0,8914,activities/108_260801060832.csv,1,1,0,0
fit:80de1342a3e9944829ab101957c8eddffd3d18cb805507bed707b0e306d3b433,2026-08-01T06:40:46+00:00,1798,216,164,81,3.589,814.4000000000001,23,fit:80de1342a3e9944829ab101957c8eddffd3d18cb805507bed707b0e306d3b433:segment:004,4,9134.0,8915,activities/108_260801060832.csv,1,1,0,0
fit:80de1342a3e9944829ab101957c8eddffd3d18cb805507bed707b0e306d3b433,2026-08-01T06:40:47+00:00,1799,267,165,80,3.488,815.0,23,fit:80de1342a3e9944829ab101957c8eddffd3d18cb805507bed707b0e306d3b433:segment:004,4,9135.0,8916,activities/108_260801060832.csv,1,1,0,0
fit:80de1342a3e9944829ab101957c8eddffd3d18cb805507bed707b0e306d3b433,2026-08-01T06:40:48+00:00,1800,239,166,80,3.604,815.0,23,fit:80de1342a3e9944829ab101957c8eddffd3d18cb805507bed707b0e306d3b433:segment:004,4,9136.0,8917,activities/108_260801060832.csv,1,1,0,0
fit:80de1342a3e9944829ab101957c8eddffd3d18cb805507bed707b0e306d3b433,2026-08-01T06:40:49+00:00,1801,222,166,79,3.52,815.0,23,fit:80de1342a3e9944829ab101957c8eddffd3d18cb805507bed707b0e306d3b433:segment:004,4,9137.0,8918,activities/108_260801060832.csv,1,1,0,0
fit:80de1342a3e9944829ab101957c8eddffd3d18cb805507bed707b0e306d3b433,2026-08-01T06:40:50+00:00,1802,224,167,78,3.565,815.0,23,fit:80de1342a3e9944829ab101957c8eddffd3d18cb805507bed707b0e306d3b433:segment:004,4,9138.0,8919,activities/108_260801060832.csv,1,1,0,0
fit:80de1342a3e9944829ab101957c8eddffd3d18cb805507bed707b0e306d3b433,2026-08-01T06:40:51+00:00,1803,225,167,78,3.702,815.8,23,fit:80de1342a3e9944829ab101957c8eddffd3d18cb805507bed707b0e306d3b433:segment:004,4,9139.0,8920,activities/108_260801060832.csv,1,1,0,0
fit:80de1342a3e9944829ab101957c8eddffd3d18cb805507bed707b0e306d3b433,2026-08-01T06:40:52+00:00,1804,233,168,78,3.474,816.2,23,fit:80de1342a3e9944829ab101957c8eddffd3d18cb805507bed707b0e306d3b433:segment:004,4,9140.0,8921,activities/108_260801060832.csv,1,1,0,0
fit:80de1342a3e9944829ab101957c8eddffd3d18cb805507bed707b0e306d3b433,2026-08-01T06:40:53+00:00,1805,243,168,78,3.301,816.4000000000001,23,fit:80de1342a3e9944829ab101957c8eddffd3d18cb805507bed707b0e306d3b433:segment:004,4,9141.0,8922,activities/108_260801060832.csv,1,1,0,0
fit:80de1342a3e9944829ab101957c8eddffd3d18cb805507bed707b0e306d3b433,2026-08-01T06:40:54+00:00,1806,243,169,78,3.258,816.8,23,fit:80de1342a3e9944829ab101957c8eddffd3d18cb805507bed707b0e306d3b433:segment:004,4,9142.0,8923,activities/108_260801060832.csv,1,1,0,0
fit:80de1342a3e9944829ab101957c8eddffd3d18cb805507bed707b0e306d3b433,2026-08-01T06:40:55+00:00,1807,290,169,78,3.324,817.0,23,fit:80de1342a3e9944829ab101957c8eddffd3d18cb805507bed707b0e306d3b433:segment:004,4,9143.0,8924,activities/108_260801060832.csv,1,1,0,0
fit:80de1342a3e9944829ab101957c8eddffd3d18cb805507bed707b0e306d3b433,2026-08-01T06:40:56+00:00,1808,269,169,77,3.359,817.2,23,fit:80de1342a3e9944829ab101957c8eddffd3d18cb805507bed707b0e306d3b433:segment:004,4,9144.0,8925,activities/108_260801060832.csv,1,1,0,0
fit:80de1342a3e9944829ab101957c8eddffd3d18cb805507bed707b0e306d3b433,2026-08-01T06:40:57+00:00,1809,309,169,76,3.33,817.2,23,fit:80de1342a3e9944829ab101957c8eddffd3d18cb805507bed707b0e306d3b433:segment:004,4,9145.0,8926,activities/108_260801060832.csv,1,1,0,0
fit:80de1342a3e9944829ab101957c8eddffd3d18cb805507bed707b0e306d3b433,2026-08-01T06:40:58+00:00,1810,297,169,76,3.155,817.8,23,fit:80de1342a3e9944829ab101957c8eddffd3d18cb805507bed707b0e306d3b433:segment:004,4,9146.0,8927,activities/108_260801060832.csv,1,1,0,0
fit:80de1342a3e9944829ab101957c8eddffd3d18cb805507bed707b0e306d3b433,2026-08-01T06:40:59+00:00,1811,267,169,75,3.271,817.8,23,fit:80de1342a3e9944829ab101957c8eddffd3d18cb805507bed707b0e306d3b433:segment:004,4,9147.0,8928,activities/108_260801060832.csv,1,1,0,0
fit:80de1342a3e9944829ab101957c8eddffd3d18cb805507bed707b0e306d3b433,2026-08-01T06:41:00+00:00,1812,295,169,74,3.299,817.8,23,fit:80de1342a3e9944829ab101957c8eddffd3d18cb805507bed707b0e306d3b433:segment:004,4,9148.0,8929,activities/108_260801060832.csv,1,1,0,0
fit:80de1342a3e9944829ab101957c8eddffd3d18cb805507bed707b0e306d3b433,2026-08-01T06:41:01+00:00,1813,288,168,74,3.405,817.8,23,fit:80de1342a3e9944829ab101957c8eddffd3d18cb805507bed707b0e306d3b433:segment:004,4,9149.0,8930,activities/108_260801060832.csv,1,1,0,0
fit:80de1342a3e9944829ab101957c8eddffd3d18cb805507bed707b0e306d3b433,2026-08-01T06:41:02+00:00,1814,284,168,75,3.269,818.8,23,fit:80de1342a3e9944829ab101957c8eddffd3d18cb805507bed707b0e306d3b433:segment:004,4,9150.0,8931,activities/108_260801060832.csv,1,1,0,0
fit:80de1342a3e9944829ab101957c8eddffd3d18cb805507bed707b0e306d3b433,2026-08-01T06:41:03+00:00,1815,307,168,75,3.25,819.2,23,fit:80de1342a3e9944829ab101957c8eddffd3d18cb805507bed707b0e306d3b433:segment:004,4,9151.0,8932,activities/108_260801060832.csv,1,1,0,0
fit:80de1342a3e9944829ab101957c8eddffd3d18cb805507bed707b0e306d3b433,2026-08-01T06:41:04+00:00,1816,271,168,76,3.333,819.2,23,fit:80de1342a3e9944829ab101957c8eddffd3d18cb805507bed707b0e306d3b433:segment:004,4,9152.0,8933,activities/108_260801060832.csv,1,1,0,0
fit:80de1342a3e9944829ab101957c8eddffd3d18cb805507bed707b0e306d3b433,2026-08-01T06:41:05+00:00,1817,260,168,76,3.308,819.8,23,fit:80de1342a3e9944829ab101957c8eddffd3d18cb805507bed707b0e306d3b433:segment:004,4,9153.0,8934,activities/108_260801060832.csv,1,1,0,0
fit:80de1342a3e9944829ab101957c8eddffd3d18cb805507bed707b0e306d3b433,2026-08-01T06:41:06+00:00,1818,250,168,76,3.472,820.4000000000001,23,fit:80de1342a3e9944829ab101957c8eddffd3d18cb805507bed707b0e306d3b433:segment:004,4,9154.0,8935,activities/108_260801060832.csv,1,1,0,0
fit:80de1342a3e9944829ab101957c8eddffd3d18cb805507bed707b0e306d3b433,2026-08-01T06:41:07+00:00,1819,281,168,74,3.387,820.4000000000001,23,fit:80de1342a3e9944829ab101957c8eddffd3d18cb805507bed707b0e306d3b433:segment:004,4,9155.0,8936,activities/108_260801060832.csv,1,1,0,0
fit:80de1342a3e9944829ab101957c8eddffd3d18cb805507bed707b0e306d3b433,2026-08-01T06:41:08+00:00,1820,281,168,73,3.365,820.4000000000001,23,fit:80de1342a3e9944829ab101957c8eddffd3d18cb805507bed707b0e306d3b433:segment:004,4,9156.0,8937,activities/108_260801060832.csv,1,1,0,0
fit:80de1342a3e9944829ab101957c8eddffd3d18cb805507bed707b0e306d3b433,2026-08-01T06:41:09+00:00,1821,293,168,74,3.667,820.4000000000001,23,fit:80de1342a3e9944829ab101957c8eddffd3d18cb805507bed707b0e306d3b433:segment:004,4,9157.0,8938,activities/108_260801060832.csv,1,1,0,0
fit:80de1342a3e9944829ab101957c8eddffd3d18cb805507bed707b0e306d3b433,2026-08-01T06:41:10+00:00,1822,261,168,74,3.537,821.4000000000001,23,fit:80de1342a3e9944829ab101957c8eddffd3d18cb805507bed707b0e306d3b433:segment:004,4,9158.0,8939,activities/108_260801060832.csv,1,1,0,0
fit:80de1342a3e9944829ab101957c8eddffd3d18cb805507bed707b0e306d3b433,2026-08-01T06:41:11+00:00,1823,272,168,73,3.294,821.5999999999999,23,fit:80de1342a3e9944829ab101957c8eddffd3d18cb805507bed707b0e306d3b433:segment:004,4,9159.0,8940,activities/108_260801060832.csv,1,1,0,0
fit:80de1342a3e9944829ab101957c8eddffd3d18cb805507bed707b0e306d3b433,2026-08-01T06:41:12+00:00,1824,224,168,75,3.294,822.0,23,fit:80de1342a3e9944829ab101957c8eddffd3d18cb805507bed707b0e306d3b433:segment:004,4,9160.0,8941,activities/108_260801060832.csv,1,1,0,0
fit:80de1342a3e9944829ab101957c8eddffd3d18cb805507bed707b0e306d3b433,2026-08-01T06:41:13+00:00,1825,215,168,74,3.291,822.0,23,fit:80de1342a3e9944829ab101957c8eddffd3d18cb805507bed707b0e306d3b433:segment:004,4,9161.0,8942,activities/108_260801060832.csv,1,1,0,0
fit:80de1342a3e9944829ab101957c8eddffd3d18cb805507bed707b0e306d3b433,2026-08-01T06:41:14+00:00,1826,231,168,73,3.262,822.0,23,fit:80de1342a3e9944829ab101957c8eddffd3d18cb805507bed707b0e306d3b433:segment:004,4,9162.0,8943,activities/108_260801060832.csv,1,1,0,0
fit:80de1342a3e9944829ab101957c8eddffd3d18cb805507bed707b0e306d3b433,2026-08-01T06:41:15+00:00,1827,246,168,73,3.203,822.0,23,fit:80de1342a3e9944829ab101957c8eddffd3d18cb805507bed707b0e306d3b433:segment:004,4,9163.0,8944,activities/108_260801060832.csv,1,1,0,0
fit:80de1342a3e9944829ab101957c8eddffd3d18cb805507bed707b0e306d3b433,2026-08-01T06:41:16+00:00,1828,246,167,72,3.198,823.0,23,fit:80de1342a3e9944829ab101957c8eddffd3d18cb805507bed707b0e306d3b433:segment:004,4,9164.0,8945,activities/108_260801060832.csv,1,1,0,0
fit:80de1342a3e9944829ab101957c8eddffd3d18cb805507bed707b0e306d3b433,2026-08-01T06:41:17+00:00,1829,246,167,72,3.153,823.4000000000001,23,fit:80de1342a3e9944829ab101957c8eddffd3d18cb805507bed707b0e306d3b433:segment:004,4,9165.0,8946,activities/108_260801060832.csv,1,1,0,0
fit:80de1342a3e9944829ab101957c8eddffd3d18cb805507bed707b0e306d3b433,2026-08-01T06:41:18+00:00,1830,317,166,72,3.286,824.2,23,fit:80de1342a3e9944829ab101957c8eddffd3d18cb805507bed707b0e306d3b433:segment:004,4,9166.0,8947,activities/108_260801060832.csv,1,1,0,0
fit:80de1342a3e9944829ab101957c8eddffd3d18cb805507bed707b0e306d3b433,2026-08-01T06:41:19+00:00,1831,315,166,72,3.096,824.5999999999999,23,fit:80de1342a3e9944829ab101957c8eddffd3d18cb805507bed707b0e306d3b433:segment:004,4,9167.0,8948,activities/108_260801060832.csv,1,1,0,0
fit:80de1342a3e9944829ab101957c8eddffd3d18cb805507bed707b0e306d3b433,2026-08-01T06:41:20+00:00,1832,360,165,72,3.074,824.8,23,fit:80de1342a3e9944829ab101957c8eddffd3d18cb805507bed707b0e306d3b433:segment:004,4,9168.0,8949,activities/108_260801060832.csv,1,1,0,0
fit:80de1342a3e9944829ab101957c8eddffd3d18cb805507bed707b0e306d3b433,2026-08-01T06:41:21+00:00,1833,360,166,72,3.259,824.8,23,fit:80de1342a3e9944829ab101957c8eddffd3d18cb805507bed707b0e306d3b433:segment:004,4,9169.0,8950,activities/108_260801060832.csv,1,1,0,0
fit:80de1342a3e9944829ab101957c8eddffd3d18cb805507bed707b0e306d3b433,2026-08-01T06:41:22+00:00,1834,361,166,72,3.18,824.8,23,fit:80de1342a3e9944829ab101957c8eddffd3d18cb805507bed707b0e306d3b433:segment:004,4,9170.0,8951,activities/108_260801060832.csv,1,1,0,0
fit:80de1342a3e9944829ab101957c8eddffd3d18cb805507bed707b0e306d3b433,2026-08-01T06:41:23+00:00,1835,359,166,69,3.131,824.8,23,fit:80de1342a3e9944829ab101957c8eddffd3d18cb805507bed707b0e306d3b433:segment:004,4,9171.0,8952,activities/108_260801060832.csv,1,1,0,0
fit:80de1342a3e9944829ab101957c8eddffd3d18cb805507bed707b0e306d3b433,2026-08-01T06:41:24+00:00,1836,335,166,67,2.908,825.8,23,fit:80de1342a3e9944829ab101957c8eddffd3d18cb805507bed707b0e306d3b433:segment:004,4,9172.0,8953,activities/108_260801060832.csv,1,1,0,0
fit:80de1342a3e9944829ab101957c8eddffd3d18cb805507bed707b0e306d3b433,2026-08-01T06:41:25+00:00,1837,387,167,69,2.906,826.4000000000001,23,fit:80de1342a3e9944829ab101957c8eddffd3d18cb805507bed707b0e306d3b433:segment:004,4,9173.0,8954,activities/108_260801060832.csv,1,1,0,0
fit:80de1342a3e9944829ab101957c8eddffd3d18cb805507bed707b0e306d3b433,2026-08-01T06:41:26+00:00,1838,387,167,69,2.975,826.8,23,fit:80de1342a3e9944829ab101957c8eddffd3d18cb805507bed707b0e306d3b433:segment:004,4,9174.0,8955,activities/108_260801060832.csv,1,1,0,0
fit:80de1342a3e9944829ab101957c8eddffd3d18cb805507bed707b0e306d3b433,2026-08-01T06:41:27+00:00,1839,380,167,71,2.689,826.8,23,fit:80de1342a3e9944829ab101957c8eddffd3d18cb805507bed707b0e306d3b433:segment:004,4,9175.0,8956,activities/108_260801060832.csv,1,1,0,0
fit:80de1342a3e9944829ab101957c8eddffd3d18cb805507bed707b0e306d3b433,2026-08-01T06:41:28+00:00,1840,369,168,71,2.554,826.8,23,fit:80de1342a3e9944829ab101957c8eddffd3d18cb805507bed707b0e306d3b433:segment:004,4,9176.0,8957,activities/108_260801060832.csv,1,1,0,0
fit:80de1342a3e9944829ab101957c8eddffd3d18cb805507bed707b0e306d3b433,2026-08-01T06:41:29+00:00,1841,341,168,71,2.209,826.8,23,fit:80de1342a3e9944829ab101957c8eddffd3d18cb805507bed707b0e306d3b433:segment:004,4,9177.0,8958,activities/108_260801060832.csv,1,1,0,0
fit:80de1342a3e9944829ab101957c8eddffd3d18cb805507bed707b0e306d3b433,2026-08-01T06:41:30+00:00,1842,338,168,70,2.76,827.8,23,fit:80de1342a3e9944829ab101957c8eddffd3d18cb805507bed707b0e306d3b433:segment:004,4,9178.0,8959,activities/108_260801060832.csv,1,1,0,0
fit:80de1342a3e9944829ab101957c8eddffd3d18cb805507bed707b0e306d3b433,2026-08-01T06:41:31+00:00,1843,356,169,69,2.909,828.2,23,fit:80de1342a3e9944829ab101957c8eddffd3d18cb805507bed707b0e306d3b433:segment:004,4,9179.0,8960,activities/108_260801060832.csv,1,1,0,0
fit:80de1342a3e9944829ab101957c8eddffd3d18cb805507bed707b0e306d3b433,2026-08-01T06:41:32+00:00,1844,375,169,68,2.797,828.8,23,fit:80de1342a3e9944829ab101957c8eddffd3d18cb805507bed707b0e306d3b433:segment:004,4,9180.0,8961,activities/108_260801060832.csv,1,1,0,0
fit:80de1342a3e9944829ab101957c8eddffd3d18cb805507bed707b0e306d3b433,2026-08-01T06:41:33+00:00,1845,332,170,71,2.94,829.0,23,fit:80de1342a3e9944829ab101957c8eddffd3d18cb805507bed707b0e306d3b433:segment:004,4,9181.0,8962,activities/108_260801060832.csv,1,1,0,0
fit:80de1342a3e9944829ab101957c8eddffd3d18cb805507bed707b0e306d3b433,2026-08-01T06:41:34+00:00,1846,333,171,71,2.88,829.2,23,fit:80de1342a3e9944829ab101957c8eddffd3d18cb805507bed707b0e306d3b433:segment:004,4,9182.0,8963,activities/108_260801060832.csv,1,1,0,0
fit:80de1342a3e9944829ab101957c8eddffd3d18cb805507bed707b0e306d3b433,2026-08-01T06:41:35+00:00,1847,383,172,71,2.689,830.2,23,fit:80de1342a3e9944829ab101957c8eddffd3d18cb805507bed707b0e306d3b433:segment:004,4,9183.0,8964,activities/108_260801060832.csv,1,1,0,0
fit:80de1342a3e9944829ab101957c8eddffd3d18cb805507bed707b0e306d3b433,2026-08-01T06:41:36+00:00,1848,358,172,73,2.818,830.4000000000001,23,fit:80de1342a3e9944829ab101957c8eddffd3d18cb805507bed707b0e306d3b433:segment:004,4,9184.0,8965,activities/108_260801060832.csv,1,1,0,0
fit:80de1342a3e9944829ab101957c8eddffd3d18cb805507bed707b0e306d3b433,2026-08-01T06:41:37+00:00,1849,323,173,74,3.024,830.8,23,fit:80de1342a3e9944829ab101957c8eddffd3d18cb805507bed707b0e306d3b433:segment:004,4,9185.0,8966,activities/108_260801060832.csv,1,1,0,0
fit:80de1342a3e9944829ab101957c8eddffd3d18cb805507bed707b0e306d3b433,2026-08-01T06:41:38+00:00,1850,312,174,72,2.973,830.8,23,fit:80de1342a3e9944829ab101957c8eddffd3d18cb805507bed707b0e306d3b433:segment:004,4,9186.0,8967,activities/108_260801060832.csv,1,1,0,0
fit:80de1342a3e9944829ab101957c8eddffd3d18cb805507bed707b0e306d3b433,2026-08-01T06:41:39+00:00,1851,361,174,73,2.59,830.8,23,fit:80de1342a3e9944829ab101957c8eddffd3d18cb805507bed707b0e306d3b433:segment:004,4,9187.0,8968,activities/108_260801060832.csv,1,1,0,0
fit:80de1342a3e9944829ab101957c8eddffd3d18cb805507bed707b0e306d3b433,2026-08-01T06:41:40+00:00,1852,322,175,73,2.832,830.8,23,fit:80de1342a3e9944829ab101957c8eddffd3d18cb805507bed707b0e306d3b433:segment:004,4,9188.0,8969,activities/108_260801060832.csv,1,1,0,0
fit:80de1342a3e9944829ab101957c8eddffd3d18cb805507bed707b0e306d3b433,2026-08-01T06:41:41+00:00,1853,343,175,75,2.747,831.8,23,fit:80de1342a3e9944829ab101957c8eddffd3d18cb805507bed707b0e306d3b433:segment:004,4,9189.0,8970,activities/108_260801060832.csv,1,1,0,0
fit:80de1342a3e9944829ab101957c8eddffd3d18cb805507bed707b0e306d3b433,2026-08-01T06:41:42+00:00,1854,315,176,74,2.633,831.8,23,fit:80de1342a3e9944829ab101957c8eddffd3d18cb805507bed707b0e306d3b433:segment:004,4,9190.0,8971,activities/108_260801060832.csv,1,1,0,0
fit:80de1342a3e9944829ab101957c8eddffd3d18cb805507bed707b0e306d3b433,2026-08-01T06:41:43+00:00,1855,331,176,73,2.901,831.8,23,fit:80de1342a3e9944829ab101957c8eddffd3d18cb805507bed707b0e306d3b433:segment:004,4,9191.0,8972,activities/108_260801060832.csv,1,1,0,0
fit:80de1342a3e9944829ab101957c8eddffd3d18cb805507bed707b0e306d3b433,2026-08-01T06:41:44+00:00,1856,367,177,72,3.185,831.8,23,fit:80de1342a3e9944829ab101957c8eddffd3d18cb805507bed707b0e306d3b433:segment:004,4,9192.0,8973,activities/108_260801060832.csv,1,1,0,0
fit:80de1342a3e9944829ab101957c8eddffd3d18cb805507bed707b0e306d3b433,2026-08-01T06:41:45+00:00,1857,254,177,69,3.031,832.8,23,fit:80de1342a3e9944829ab101957c8eddffd3d18cb805507bed707b0e306d3b433:segment:004,4,9193.0,8974,activities/108_260801060832.csv,1,1,0,0
fit:80de1342a3e9944829ab101957c8eddffd3d18cb805507bed707b0e306d3b433,2026-08-01T06:41:46+00:00,1858,306,177,73,2.396,833.4000000000001,23,fit:80de1342a3e9944829ab101957c8eddffd3d18cb805507bed707b0e306d3b433:segment:004,4,9194.0,8975,activities/108_260801060832.csv,1,1,0,0
fit:80de1342a3e9944829ab101957c8eddffd3d18cb805507bed707b0e306d3b433,2026-08-01T06:41:47+00:00,1859,299,177,71,2.594,833.8,23,fit:80de1342a3e9944829ab101957c8eddffd3d18cb805507bed707b0e306d3b433:segment:004,4,9195.0,8976,activities/108_260801060832.csv,1,1,0,0
fit:80de1342a3e9944829ab101957c8eddffd3d18cb805507bed707b0e306d3b433,2026-08-01T06:41:48+00:00,1860,284,177,70,2.017,834.4000000000001,23,fit:80de1342a3e9944829ab101957c8eddffd3d18cb805507bed707b0e306d3b433:segment:004,4,9196.0,8977,activities/108_260801060832.csv,1,1,0,0
fit:80de1342a3e9944829ab101957c8eddffd3d18cb805507bed707b0e306d3b433,2026-08-01T06:41:49+00:00,1861,285,177,70,2.625,834.5999999999999,23,fit:80de1342a3e9944829ab101957c8eddffd3d18cb805507bed707b0e306d3b433:segment:004,4,9197.0,8978,activities/108_260801060832.csv,1,1,0,0
fit:80de1342a3e9944829ab101957c8eddffd3d18cb805507bed707b0e306d3b433,2026-08-01T06:41:50+00:00,1862,293,177,68,2.705,834.5999999999999,23,fit:80de1342a3e9944829ab101957c8eddffd3d18cb805507bed707b0e306d3b433:segment:004,4,9198.0,8979,activities/108_260801060832.csv,1,1,0,0
fit:80de1342a3e9944829ab101957c8eddffd3d18cb805507bed707b0e306d3b433,2026-08-01T06:41:51+00:00,1863,273,177,65,2.557,834.5999999999999,23,fit:80de1342a3e9944829ab101957c8eddffd3d18cb805507bed707b0e306d3b433:segment:004,4,9199.0,8980,activities/108_260801060832.csv,1,1,0,0
fit:80de1342a3e9944829ab101957c8eddffd3d18cb805507bed707b0e306d3b433,2026-08-01T06:41:52+00:00,1864,319,177,65,2.072,834.5999999999999,23,fit:80de1342a3e9944829ab101957c8eddffd3d18cb805507bed707b0e306d3b433:segment:004,4,9200.0,8981,activities/108_260801060832.csv,1,1,0,0
fit:80de1342a3e9944829ab101957c8eddffd3d18cb805507bed707b0e306d3b433,2026-08-01T06:41:53+00:00,1865,325,177,67,2.428,835.5999999999999,23,fit:80de1342a3e9944829ab101957c8eddffd3d18cb805507bed707b0e306d3b433:segment:004,4,9201.0,8982,activities/108_260801060832.csv,1,1,0,0
fit:80de1342a3e9944829ab101957c8eddffd3d18cb805507bed707b0e306d3b433,2026-08-01T06:41:54+00:00,1866,256,177,66,2.398,836.0,23,fit:80de1342a3e9944829ab101957c8eddffd3d18cb805507bed707b0e306d3b433:segment:004,4,9202.0,8983,activities/108_260801060832.csv,1,1,0,0
fit:80de1342a3e9944829ab101957c8eddffd3d18cb805507bed707b0e306d3b433,2026-08-01T06:41:55+00:00,1867,256,177,68,2.528,836.0,23,fit:80de1342a3e9944829ab101957c8eddffd3d18cb805507bed707b0e306d3b433:segment:004,4,9203.0,8984,activities/108_260801060832.csv,1,1,0,0
fit:80de1342a3e9944829ab101957c8eddffd3d18cb805507bed707b0e306d3b433,2026-08-01T06:41:56+00:00,1868,323,177,68,2.756,836.0,23,fit:80de1342a3e9944829ab101957c8eddffd3d18cb805507bed707b0e306d3b433:segment:004,4,9204.0,8985,activities/108_260801060832.csv,1,1,0,0
fit:80de1342a3e9944829ab101957c8eddffd3d18cb805507bed707b0e306d3b433,2026-08-01T06:41:57+00:00,1869,320,177,67,2.89,836.0,23,fit:80de1342a3e9944829ab101957c8eddffd3d18cb805507bed707b0e306d3b433:segment:004,4,9205.0,8986,activities/108_260801060832.csv,1,1,0,0
fit:80de1342a3e9944829ab101957c8eddffd3d18cb805507bed707b0e306d3b433,2026-08-01T06:41:58+00:00,1870,286,177,68,2.829,837.0,23,fit:80de1342a3e9944829ab101957c8eddffd3d18cb805507bed707b0e306d3b433:segment:004,4,9206.0,8987,activities/108_260801060832.csv,1,1,0,0
fit:80de1342a3e9944829ab101957c8eddffd3d18cb805507bed707b0e306d3b433,2026-08-01T06:41:59+00:00,1871,273,176,68,2.968,837.4000000000001,23,fit:80de1342a3e9944829ab101957c8eddffd3d18cb805507bed707b0e306d3b433:segment:004,4,9207.0,8988,activities/108_260801060832.csv,1,1,0,0
fit:80de1342a3e9944829ab101957c8eddffd3d18cb805507bed707b0e306d3b433,2026-08-01T06:42:00+00:00,1872,281,177,66,2.845,837.4000000000001,23,fit:80de1342a3e9944829ab101957c8eddffd3d18cb805507bed707b0e306d3b433:segment:004,4,9208.0,8989,activities/108_260801060832.csv,1,1,0,0
fit:80de1342a3e9944829ab101957c8eddffd3d18cb805507bed707b0e306d3b433,2026-08-01T06:42:01+00:00,1873,262,176,66,2.706,837.8,23,fit:80de1342a3e9944829ab101957c8eddffd3d18cb805507bed707b0e306d3b433:segment:004,4,9209.0,8990,activities/108_260801060832.csv,1,1,0,0
fit:80de1342a3e9944829ab101957c8eddffd3d18cb805507bed707b0e306d3b433,2026-08-01T06:42:02+00:00,1874,281,176,65,2.749,838.0,23,fit:80de1342a3e9944829ab101957c8eddffd3d18cb805507bed707b0e306d3b433:segment:004,4,9210.0,8991,activities/108_260801060832.csv,1,1,0,0
fit:80de1342a3e9944829ab101957c8eddffd3d18cb805507bed707b0e306d3b433,2026-08-01T06:42:03+00:00,1875,320,176,64,2.538,838.2,23,fit:80de1342a3e9944829ab101957c8eddffd3d18cb805507bed707b0e306d3b433:segment:004,4,9211.0,8992,activities/108_260801060832.csv,1,1,0,0
fit:80de1342a3e9944829ab101957c8eddffd3d18cb805507bed707b0e306d3b433,2026-08-01T06:42:04+00:00,1876,117,176,64,2.765,838.5999999999999,23,fit:80de1342a3e9944829ab101957c8eddffd3d18cb805507bed707b0e306d3b433:segment:004,4,9212.0,8993,activities/108_260801060832.csv,1,1,0,0
fit:80de1342a3e9944829ab101957c8eddffd3d18cb805507bed707b0e306d3b433,2026-08-01T06:42:05+00:00,1877,117,176,64,2.687,839.2,23,fit:80de1342a3e9944829ab101957c8eddffd3d18cb805507bed707b0e306d3b433:segment:004,4,9213.0,8994,activities/108_260801060832.csv,1,1,0,0
fit:80de1342a3e9944829ab101957c8eddffd3d18cb805507bed707b0e306d3b433,2026-08-01T06:42:06+00:00,1878,327,176,65,2.362,839.2,23,fit:80de1342a3e9944829ab101957c8eddffd3d18cb805507bed707b0e306d3b433:segment:004,4,9214.0,8995,activities/108_260801060832.csv,1,1,0,0
fit:80de1342a3e9944829ab101957c8eddffd3d18cb805507bed707b0e306d3b433,2026-08-01T06:42:07+00:00,1879,312,176,68,2.486,839.2,23,fit:80de1342a3e9944829ab101957c8eddffd3d18cb805507bed707b0e306d3b433:segment:004,4,9215.0,8996,activities/108_260801060832.csv,1,1,0,0
fit:80de1342a3e9944829ab101957c8eddffd3d18cb805507bed707b0e306d3b433,2026-08-01T06:42:08+00:00,1880,288,176,70,2.638,839.2,23,fit:80de1342a3e9944829ab101957c8eddffd3d18cb805507bed707b0e306d3b433:segment:004,4,9216.0,8997,activities/108_260801060832.csv,1,1,0,0
fit:80de1342a3e9944829ab101957c8eddffd3d18cb805507bed707b0e306d3b433,2026-08-01T06:42:09+00:00,1881,303,176,71,2.732,840.2,23,fit:80de1342a3e9944829ab101957c8eddffd3d18cb805507bed707b0e306d3b433:segment:004,4,9217.0,8998,activities/108_260801060832.csv,1,1,0,0
fit:80de1342a3e9944829ab101957c8eddffd3d18cb805507bed707b0e306d3b433,2026-08-01T06:42:10+00:00,1882,310,177,69,2.926,840.4000000000001,23,fit:80de1342a3e9944829ab101957c8eddffd3d18cb805507bed707b0e306d3b433:segment:004,4,9218.0,8999,activities/108_260801060832.csv,1,1,0,0
fit:80de1342a3e9944829ab101957c8eddffd3d18cb805507bed707b0e306d3b433,2026-08-01T06:42:11+00:00,1883,360,177,69,2.665,840.5999999999999,23,fit:80de1342a3e9944829ab101957c8eddffd3d18cb805507bed707b0e306d3b433:segment:004,4,9219.0,9000,activities/108_260801060832.csv,1,1,0,0
fit:80de1342a3e9944829ab101957c8eddffd3d18cb805507bed707b0e306d3b433,2026-08-01T06:42:12+00:00,1884,250,177,68,2.805,841.2,23,fit:80de1342a3e9944829ab101957c8eddffd3d18cb805507bed707b0e306d3b433:segment:004,4,9220.0,9001,activities/108_260801060832.csv,1,1,0,0
fit:80de1342a3e9944829ab101957c8eddffd3d18cb805507bed707b0e306d3b433,2026-08-01T06:42:13+00:00,1885,250,177,72,2.913,841.4000000000001,23,fit:80de1342a3e9944829ab101957c8eddffd3d18cb805507bed707b0e306d3b433:segment:004,4,9221.0,9002,activities/108_260801060832.csv,1,1,0,0
fit:80de1342a3e9944829ab101957c8eddffd3d18cb805507bed707b0e306d3b433,2026-08-01T06:42:14+00:00,1886,267,177,69,2.903,842.0,23,fit:80de1342a3e9944829ab101957c8eddffd3d18cb805507bed707b0e306d3b433:segment:004,4,9222.0,9003,activities/108_260801060832.csv,1,1,0,0
fit:80de1342a3e9944829ab101957c8eddffd3d18cb805507bed707b0e306d3b433,2026-08-01T06:42:15+00:00,1887,242,177,66,2.688,842.2,23,fit:80de1342a3e9944829ab101957c8eddffd3d18cb805507bed707b0e306d3b433:segment:004,4,9223.0,9004,activities/108_260801060832.csv,1,1,0,0
fit:80de1342a3e9944829ab101957c8eddffd3d18cb805507bed707b0e306d3b433,2026-08-01T06:42:16+00:00,1888,254,177,65,2.358,842.5999999999999,23,fit:80de1342a3e9944829ab101957c8eddffd3d18cb805507bed707b0e306d3b433:segment:004,4,9224.0,9005,activities/108_260801060832.csv,1,1,0,0
fit:80de1342a3e9944829ab101957c8eddffd3d18cb805507bed707b0e306d3b433,2026-08-01T06:42:17+00:00,1889,248,177,65,2.309,842.8,23,fit:80de1342a3e9944829ab101957c8eddffd3d18cb805507bed707b0e306d3b433:segment:004,4,9225.0,9006,activities/108_260801060832.csv,1,1,0,0
fit:80de1342a3e9944829ab101957c8eddffd3d18cb805507bed707b0e306d3b433,2026-08-01T06:42:18+00:00,1890,242,177,65,1.976,843.4000000000001,23,fit:80de1342a3e9944829ab101957c8eddffd3d18cb805507bed707b0e306d3b433:segment:004,4,9226.0,9007,activities/108_260801060832.csv,1,1,0,0
fit:80de1342a3e9944829ab101957c8eddffd3d18cb805507bed707b0e306d3b433,2026-08-01T06:42:19+00:00,1891,242,177,67,1.776,843.4000000000001,23,fit:80de1342a3e9944829ab101957c8eddffd3d18cb805507bed707b0e306d3b433:segment:004,4,9227.0,9008,activities/108_260801060832.csv,1,1,0,0
fit:80de1342a3e9944829ab101957c8eddffd3d18cb805507bed707b0e306d3b433,2026-08-01T06:42:20+00:00,1892,210,177,67,1.197,843.4000000000001,23,fit:80de1342a3e9944829ab101957c8eddffd3d18cb805507bed707b0e306d3b433:segment:004,4,9228.0,9009,activities/108_260801060832.csv,1,1,0,0
fit:80de1342a3e9944829ab101957c8eddffd3d18cb805507bed707b0e306d3b433,2026-08-01T06:42:21+00:00,1893,204,177,64,1.273,843.4000000000001,23,fit:80de1342a3e9944829ab101957c8eddffd3d18cb805507bed707b0e306d3b433:segment:004,4,9229.0,9010,activities/108_260801060832.csv,1,1,0,0
fit:80de1342a3e9944829ab101957c8eddffd3d18cb805507bed707b0e306d3b433,2026-08-01T06:42:22+00:00,1894,199,177,63,1.619,844.2,23,fit:80de1342a3e9944829ab101957c8eddffd3d18cb805507bed707b0e306d3b433:segment:004,4,9230.0,9011,activities/108_260801060832.csv,1,1,0,0
fit:80de1342a3e9944829ab101957c8eddffd3d18cb805507bed707b0e306d3b433,2026-08-01T06:42:23+00:00,1895,202,177,63,1.574,844.4000000000001,23,fit:80de1342a3e9944829ab101957c8eddffd3d18cb805507bed707b0e306d3b433:segment:004,4,9231.0,9012,activities/108_260801060832.csv,1,1,0,0
fit:80de1342a3e9944829ab101957c8eddffd3d18cb805507bed707b0e306d3b433,2026-08-01T06:42:24+00:00,1896,170,177,61,2.011,844.8,23,fit:80de1342a3e9944829ab101957c8eddffd3d18cb805507bed707b0e306d3b433:segment:004,4,9232.0,9013,activities/108_260801060832.csv,1,1,0,0
fit:80de1342a3e9944829ab101957c8eddffd3d18cb805507bed707b0e306d3b433,2026-08-01T06:42:25+00:00,1897,171,176,60,1.966,844.8,23,fit:80de1342a3e9944829ab101957c8eddffd3d18cb805507bed707b0e306d3b433:segment:004,4,9233.0,9014,activities/108_260801060832.csv,1,1,0,0
fit:80de1342a3e9944829ab101957c8eddffd3d18cb805507bed707b0e306d3b433,2026-08-01T06:42:26+00:00,1898,172,176,59,2.02,844.8,23,fit:80de1342a3e9944829ab101957c8eddffd3d18cb805507bed707b0e306d3b433:segment:004,4,9234.0,9015,activities/108_260801060832.csv,1,1,0,0
fit:80de1342a3e9944829ab101957c8eddffd3d18cb805507bed707b0e306d3b433,2026-08-01T06:42:27+00:00,1899,295,175,59,2.085,844.8,23,fit:80de1342a3e9944829ab101957c8eddffd3d18cb805507bed707b0e306d3b433:segment:004,4,9235.0,9016,activities/108_260801060832.csv,1,1,0,0
fit:80de1342a3e9944829ab101957c8eddffd3d18cb805507bed707b0e306d3b433,2026-08-01T06:42:28+00:00,1900,249,175,65,2.153,845.5999999999999,23,fit:80de1342a3e9944829ab101957c8eddffd3d18cb805507bed707b0e306d3b433:segment:004,4,9236.0,9017,activities/108_260801060832.csv,1,1,0,0
fit:80de1342a3e9944829ab101957c8eddffd3d18cb805507bed707b0e306d3b433,2026-08-01T06:42:29+00:00,1901,203,174,76,2.574,845.5999999999999,23,fit:80de1342a3e9944829ab101957c8eddffd3d18cb805507bed707b0e306d3b433:segment:004,4,9237.0,9018,activities/108_260801060832.csv,1,1,0,0
fit:80de1342a3e9944829ab101957c8eddffd3d18cb805507bed707b0e306d3b433,2026-08-01T06:42:30+00:00,1902,204,174,76,2.615,845.5999999999999,23,fit:80de1342a3e9944829ab101957c8eddffd3d18cb805507bed707b0e306d3b433:segment:004,4,9238.0,9019,activities/108_260801060832.csv,1,1,0,0
fit:80de1342a3e9944829ab101957c8eddffd3d18cb805507bed707b0e306d3b433,2026-08-01T06:42:31+00:00,1903,261,174,76,2.766,845.5999999999999,23,fit:80de1342a3e9944829ab101957c8eddffd3d18cb805507bed707b0e306d3b433:segment:004,4,9239.0,9020,activities/108_260801060832.csv,1,1,0,0
fit:80de1342a3e9944829ab101957c8eddffd3d18cb805507bed707b0e306d3b433,2026-08-01T06:42:32+00:00,1904,257,173,74,2.765,845.5999999999999,23,fit:80de1342a3e9944829ab101957c8eddffd3d18cb805507bed707b0e306d3b433:segment:004,4,9240.0,9021,activities/108_260801060832.csv,1,1,0,0
fit:80de1342a3e9944829ab101957c8eddffd3d18cb805507bed707b0e306d3b433,2026-08-01T06:42:33+00:00,1905,263,173,75,2.643,846.2,23,fit:80de1342a3e9944829ab101957c8eddffd3d18cb805507bed707b0e306d3b433:segment:004,4,9241.0,9022,activities/108_260801060832.csv,1,1,0,0
fit:80de1342a3e9944829ab101957c8eddffd3d18cb805507bed707b0e306d3b433,2026-08-01T06:42:34+00:00,1906,242,172,77,2.742,846.5999999999999,23,fit:80de1342a3e9944829ab101957c8eddffd3d18cb805507bed707b0e306d3b433:segment:004,4,9242.0,9023,activities/108_260801060832.csv,1,1,0,0
fit:80de1342a3e9944829ab101957c8eddffd3d18cb805507bed707b0e306d3b433,2026-08-01T06:42:35+00:00,1907,316,172,79,3.052,846.8,23,fit:80de1342a3e9944829ab101957c8eddffd3d18cb805507bed707b0e306d3b433:segment:004,4,9243.0,9024,activities/108_260801060832.csv,1,1,0,0
fit:80de1342a3e9944829ab101957c8eddffd3d18cb805507bed707b0e306d3b433,2026-08-01T06:42:36+00:00,1908,210,172,79,3.0,847.0,23,fit:80de1342a3e9944829ab101957c8eddffd3d18cb805507bed707b0e306d3b433:segment:004,4,9244.0,9025,activities/108_260801060832.csv,1,1,0,0
fit:80de1342a3e9944829ab101957c8eddffd3d18cb805507bed707b0e306d3b433,2026-08-01T06:42:37+00:00,1909,271,171,70,3.243,847.5999999999999,23,fit:80de1342a3e9944829ab101957c8eddffd3d18cb805507bed707b0e306d3b433:segment:004,4,9245.0,9026,activities/108_260801060832.csv,1,1,0,0
fit:80de1342a3e9944829ab101957c8eddffd3d18cb805507bed707b0e306d3b433,2026-08-01T06:42:38+00:00,1910,268,171,72,3.187,847.8,23,fit:80de1342a3e9944829ab101957c8eddffd3d18cb805507bed707b0e306d3b433:segment:004,4,9246.0,9027,activities/108_260801060832.csv,1,1,0,0
fit:80de1342a3e9944829ab101957c8eddffd3d18cb805507bed707b0e306d3b433,2026-08-01T06:42:39+00:00,1911,284,170,72,3.201,848.0,23,fit:80de1342a3e9944829ab101957c8eddffd3d18cb805507bed707b0e306d3b433:segment:004,4,9247.0,9028,activities/108_260801060832.csv,1,1,0,0
fit:80de1342a3e9944829ab101957c8eddffd3d18cb805507bed707b0e306d3b433,2026-08-01T06:42:40+00:00,1912,284,170,73,3.239,848.2,23,fit:80de1342a3e9944829ab101957c8eddffd3d18cb805507bed707b0e306d3b433:segment:004,4,9248.0,9029,activities/108_260801060832.csv,1,1,0,0
fit:80de1342a3e9944829ab101957c8eddffd3d18cb805507bed707b0e306d3b433,2026-08-01T06:42:41+00:00,1913,253,170,75,3.293,848.2,23,fit:80de1342a3e9944829ab101957c8eddffd3d18cb805507bed707b0e306d3b433:segment:004,4,9249.0,9030,activities/108_260801060832.csv,1,1,0,0
fit:80de1342a3e9944829ab101957c8eddffd3d18cb805507bed707b0e306d3b433,2026-08-01T06:42:42+00:00,1914,248,169,76,3.418,848.8,23,fit:80de1342a3e9944829ab101957c8eddffd3d18cb805507bed707b0e306d3b433:segment:004,4,9250.0,9031,activities/108_260801060832.csv,1,1,0,0
fit:80de1342a3e9944829ab101957c8eddffd3d18cb805507bed707b0e306d3b433,2026-08-01T06:42:43+00:00,1915,251,169,76,3.447,848.8,23,fit:80de1342a3e9944829ab101957c8eddffd3d18cb805507bed707b0e306d3b433:segment:004,4,9251.0,9032,activities/108_260801060832.csv,1,1,0,0
fit:80de1342a3e9944829ab101957c8eddffd3d18cb805507bed707b0e306d3b433,2026-08-01T06:42:44+00:00,1916,230,169,77,3.512,848.8,23,fit:80de1342a3e9944829ab101957c8eddffd3d18cb805507bed707b0e306d3b433:segment:004,4,9252.0,9033,activities/108_260801060832.csv,1,1,0,0
fit:80de1342a3e9944829ab101957c8eddffd3d18cb805507bed707b0e306d3b433,2026-08-01T06:42:45+00:00,1917,243,169,77,3.455,848.8,23,fit:80de1342a3e9944829ab101957c8eddffd3d18cb805507bed707b0e306d3b433:segment:004,4,9253.0,9034,activities/108_260801060832.csv,1,1,0,0
fit:80de1342a3e9944829ab101957c8eddffd3d18cb805507bed707b0e306d3b433,2026-08-01T06:42:46+00:00,1918,241,169,77,3.463,849.8,23,fit:80de1342a3e9944829ab101957c8eddffd3d18cb805507bed707b0e306d3b433:segment:004,4,9254.0,9035,activities/108_260801060832.csv,1,1,0,0
fit:80de1342a3e9944829ab101957c8eddffd3d18cb805507bed707b0e306d3b433,2026-08-01T06:42:47+00:00,1919,230,168,77,3.52,850.0,23,fit:80de1342a3e9944829ab101957c8eddffd3d18cb805507bed707b0e306d3b433:segment:004,4,9255.0,9036,activities/108_260801060832.csv,1,1,0,0
fit:80de1342a3e9944829ab101957c8eddffd3d18cb805507bed707b0e306d3b433,2026-08-01T06:42:48+00:00,1920,256,168,76,3.425,850.0,23,fit:80de1342a3e9944829ab101957c8eddffd3d18cb805507bed707b0e306d3b433:segment:004,4,9256.0,9037,activities/108_260801060832.csv,1,1,0,0
fit:80de1342a3e9944829ab101957c8eddffd3d18cb805507bed707b0e306d3b433,2026-08-01T06:42:49+00:00,1921,247,168,76,3.441,850.0,23,fit:80de1342a3e9944829ab101957c8eddffd3d18cb805507bed707b0e306d3b433:segment:004,4,9257.0,9038,activities/108_260801060832.csv,1,1,0,0
fit:80de1342a3e9944829ab101957c8eddffd3d18cb805507bed707b0e306d3b433,2026-08-01T06:42:50+00:00,1922,244,168,76,3.432,850.0,23,fit:80de1342a3e9944829ab101957c8eddffd3d18cb805507bed707b0e306d3b433:segment:004,4,9258.0,9039,activities/108_260801060832.csv,1,1,0,0
fit:80de1342a3e9944829ab101957c8eddffd3d18cb805507bed707b0e306d3b433,2026-08-01T06:42:51+00:00,1923,240,168,75,3.259,850.8,23,fit:80de1342a3e9944829ab101957c8eddffd3d18cb805507bed707b0e306d3b433:segment:004,4,9259.0,9040,activities/108_260801060832.csv,1,1,0,0
fit:80de1342a3e9944829ab101957c8eddffd3d18cb805507bed707b0e306d3b433,2026-08-01T06:42:52+00:00,1924,248,168,74,3.087,850.8,23,fit:80de1342a3e9944829ab101957c8eddffd3d18cb805507bed707b0e306d3b433:segment:004,4,9260.0,9041,activities/108_260801060832.csv,1,1,0,0
fit:80de1342a3e9944829ab101957c8eddffd3d18cb805507bed707b0e306d3b433,2026-08-01T06:42:53+00:00,1925,286,168,72,3.098,850.8,23,fit:80de1342a3e9944829ab101957c8eddffd3d18cb805507bed707b0e306d3b433:segment:004,4,9261.0,9042,activities/108_260801060832.csv,1,1,0,0
fit:80de1342a3e9944829ab101957c8eddffd3d18cb805507bed707b0e306d3b433,2026-08-01T06:42:54+00:00,1926,290,167,69,3.165,850.8,23,fit:80de1342a3e9944829ab101957c8eddffd3d18cb805507bed707b0e306d3b433:segment:004,4,9262.0,9043,activities/108_260801060832.csv,1,1,0,0
fit:80de1342a3e9944829ab101957c8eddffd3d18cb805507bed707b0e306d3b433,2026-08-01T06:42:55+00:00,1927,294,167,69,3.211,851.8,23,fit:80de1342a3e9944829ab101957c8eddffd3d18cb805507bed707b0e306d3b433:segment:004,4,9263.0,9044,activities/108_260801060832.csv,1,1,0,0
fit:80de1342a3e9944829ab101957c8eddffd3d18cb805507bed707b0e306d3b433,2026-08-01T06:42:56+00:00,1928,291,167,70,3.19,852.4000000000001,23,fit:80de1342a3e9944829ab101957c8eddffd3d18cb805507bed707b0e306d3b433:segment:004,4,9264.0,9045,activities/108_260801060832.csv,1,1,0,0
fit:80de1342a3e9944829ab101957c8eddffd3d18cb805507bed707b0e306d3b433,2026-08-01T06:42:57+00:00,1929,271,167,70,3.242,852.5999999999999,23,fit:80de1342a3e9944829ab101957c8eddffd3d18cb805507bed707b0e306d3b433:segment:004,4,9265.0,9046,activities/108_260801060832.csv,1,1,0,0
fit:80de1342a3e9944829ab101957c8eddffd3d18cb805507bed707b0e306d3b433,2026-08-01T06:42:58+00:00,1930,271,167,69,3.319,853.4000000000001,23,fit:80de1342a3e9944829ab101957c8eddffd3d18cb805507bed707b0e306d3b433:segment:004,4,9266.0,9047,activities/108_260801060832.csv,1,1,0,0
fit:80de1342a3e9944829ab101957c8eddffd3d18cb805507bed707b0e306d3b433,2026-08-01T06:42:59+00:00,1931,291,168,69,3.154,853.4000000000001,23,fit:80de1342a3e9944829ab101957c8eddffd3d18cb805507bed707b0e306d3b433:segment:004,4,9267.0,9048,activities/108_260801060832.csv,1,1,0,0
fit:80de1342a3e9944829ab101957c8eddffd3d18cb805507bed707b0e306d3b433,2026-08-01T06:43:00+00:00,1932,316,168,69,3.251,853.4000000000001,23,fit:80de1342a3e9944829ab101957c8eddffd3d18cb805507bed707b0e306d3b433:segment:004,4,9268.0,9049,activities/108_260801060832.csv,1,1,0,0
fit:80de1342a3e9944829ab101957c8eddffd3d18cb805507bed707b0e306d3b433,2026-08-01T06:43:01+00:00,1933,295,168,70,3.258,853.4000000000001,23,fit:80de1342a3e9944829ab101957c8eddffd3d18cb805507bed707b0e306d3b433:segment:004,4,9269.0,9050,activities/108_260801060832.csv,1,1,0,0
fit:80de1342a3e9944829ab101957c8eddffd3d18cb805507bed707b0e306d3b433,2026-08-01T06:43:02+00:00,1934,274,168,70,3.26,854.2,23,fit:80de1342a3e9944829ab101957c8eddffd3d18cb805507bed707b0e306d3b433:segment:004,4,9270.0,9051,activities/108_260801060832.csv,1,1,0,0
fit:80de1342a3e9944829ab101957c8eddffd3d18cb805507bed707b0e306d3b433,2026-08-01T06:43:03+00:00,1935,304,168,70,3.201,854.5999999999999,23,fit:80de1342a3e9944829ab101957c8eddffd3d18cb805507bed707b0e306d3b433:segment:004,4,9271.0,9052,activities/108_260801060832.csv,1,1,0,0
fit:80de1342a3e9944829ab101957c8eddffd3d18cb805507bed707b0e306d3b433,2026-08-01T06:43:04+00:00,1936,283,167,71,3.124,855.0,23,fit:80de1342a3e9944829ab101957c8eddffd3d18cb805507bed707b0e306d3b433:segment:004,4,9272.0,9053,activities/108_260801060832.csv,1,1,0,0
fit:80de1342a3e9944829ab101957c8eddffd3d18cb805507bed707b0e306d3b433,2026-08-01T06:43:05+00:00,1937,285,168,72,3.11,855.2,23,fit:80de1342a3e9944829ab101957c8eddffd3d18cb805507bed707b0e306d3b433:segment:004,4,9273.0,9054,activities/108_260801060832.csv,1,1,0,0
fit:80de1342a3e9944829ab101957c8eddffd3d18cb805507bed707b0e306d3b433,2026-08-01T06:43:06+00:00,1938,298,168,72,3.324,855.4000000000001,23,fit:80de1342a3e9944829ab101957c8eddffd3d18cb805507bed707b0e306d3b433:segment:004,4,9274.0,9055,activities/108_260801060832.csv,1,1,0,0
fit:80de1342a3e9944829ab101957c8eddffd3d18cb805507bed707b0e306d3b433,2026-08-01T06:43:07+00:00,1939,282,168,72,3.209,856.0,23,fit:80de1342a3e9944829ab101957c8eddffd3d18cb805507bed707b0e306d3b433:segment:004,4,9275.0,9056,activities/108_260801060832.csv,1,1,0,0
fit:80de1342a3e9944829ab101957c8eddffd3d18cb805507bed707b0e306d3b433,2026-08-01T06:43:08+00:00,1940,295,168,73,3.317,856.4000000000001,23,fit:80de1342a3e9944829ab101957c8eddffd3d18cb805507bed707b0e306d3b433:segment:004,4,9276.0,9057,activities/108_260801060832.csv,1,1,0,0
fit:80de1342a3e9944829ab101957c8eddffd3d18cb805507bed707b0e306d3b433,2026-08-01T06:43:09+00:00,1941,276,167,72,3.011,856.5999999999999,23,fit:80de1342a3e9944829ab101957c8eddffd3d18cb805507bed707b0e306d3b433:segment:004,4,9277.0,9058,activities/108_260801060832.csv,1,1,0,0
fit:80de1342a3e9944829ab101957c8eddffd3d18cb805507bed707b0e306d3b433,2026-08-01T06:43:10+00:00,1942,267,167,72,3.002,856.5999999999999,23,fit:80de1342a3e9944829ab101957c8eddffd3d18cb805507bed707b0e306d3b433:segment:004,4,9278.0,9059,activities/108_260801060832.csv,1,1,0,0
fit:80de1342a3e9944829ab101957c8eddffd3d18cb805507bed707b0e306d3b433,2026-08-01T06:43:11+00:00,1943,289,167,72,3.001,857.0,23,fit:80de1342a3e9944829ab101957c8eddffd3d18cb805507bed707b0e306d3b433:segment:004,4,9279.0,9060,activities/108_260801060832.csv,1,1,0,0
fit:80de1342a3e9944829ab101957c8eddffd3d18cb805507bed707b0e306d3b433,2026-08-01T06:43:12+00:00,1944,276,167,72,2.915,857.4000000000001,23,fit:80de1342a3e9944829ab101957c8eddffd3d18cb805507bed707b0e306d3b433:segment:004,4,9280.0,9061,activities/108_260801060832.csv,1,1,0,0
fit:80de1342a3e9944829ab101957c8eddffd3d18cb805507bed707b0e306d3b433,2026-08-01T06:43:13+00:00,1945,280,167,72,3.024,857.4000000000001,23,fit:80de1342a3e9944829ab101957c8eddffd3d18cb805507bed707b0e306d3b433:segment:004,4,9281.0,9062,activities/108_260801060832.csv,1,1,0,0
fit:80de1342a3e9944829ab101957c8eddffd3d18cb805507bed707b0e306d3b433,2026-08-01T06:43:14+00:00,1946,289,167,72,3.121,857.4000000000001,23,fit:80de1342a3e9944829ab101957c8eddffd3d18cb805507bed707b0e306d3b433:segment:004,4,9282.0,9063,activities/108_260801060832.csv,1,1,0,0
fit:80de1342a3e9944829ab101957c8eddffd3d18cb805507bed707b0e306d3b433,2026-08-01T06:43:15+00:00,1947,289,167,73,3.078,857.4000000000001,23,fit:80de1342a3e9944829ab101957c8eddffd3d18cb805507bed707b0e306d3b433:segment:004,4,9283.0,9064,activities/108_260801060832.csv,1,1,0,0
fit:80de1342a3e9944829ab101957c8eddffd3d18cb805507bed707b0e306d3b433,2026-08-01T06:43:16+00:00,1948,273,167,74,3.079,858.2,23,fit:80de1342a3e9944829ab101957c8eddffd3d18cb805507bed707b0e306d3b433:segment:004,4,9284.0,9065,activities/108_260801060832.csv,1,1,0,0
fit:80de1342a3e9944829ab101957c8eddffd3d18cb805507bed707b0e306d3b433,2026-08-01T06:43:17+00:00,1949,258,166,74,3.035,858.4000000000001,23,fit:80de1342a3e9944829ab101957c8eddffd3d18cb805507bed707b0e306d3b433:segment:004,4,9285.0,9066,activities/108_260801060832.csv,1,1,0,0
fit:80de1342a3e9944829ab101957c8eddffd3d18cb805507bed707b0e306d3b433,2026-08-01T06:43:18+00:00,1950,265,166,74,3.04,858.8,23,fit:80de1342a3e9944829ab101957c8eddffd3d18cb805507bed707b0e306d3b433:segment:004,4,9286.0,9067,activities/108_260801060832.csv,1,1,0,0
fit:80de1342a3e9944829ab101957c8eddffd3d18cb805507bed707b0e306d3b433,2026-08-01T06:43:19+00:00,1951,277,166,72,3.151,859.2,23,fit:80de1342a3e9944829ab101957c8eddffd3d18cb805507bed707b0e306d3b433:segment:004,4,9287.0,9068,activities/108_260801060832.csv,1,1,0,0
fit:80de1342a3e9944829ab101957c8eddffd3d18cb805507bed707b0e306d3b433,2026-08-01T06:43:20+00:00,1952,275,167,71,3.189,859.2,23,fit:80de1342a3e9944829ab101957c8eddffd3d18cb805507bed707b0e306d3b433:segment:004,4,9288.0,9069,activities/108_260801060832.csv,1,1,0,0
fit:80de1342a3e9944829ab101957c8eddffd3d18cb805507bed707b0e306d3b433,2026-08-01T06:43:21+00:00,1953,291,167,71,3.097,859.5999999999999,23,fit:80de1342a3e9944829ab101957c8eddffd3d18cb805507bed707b0e306d3b433:segment:004,4,9289.0,9070,activities/108_260801060832.csv,1,1,0,0
fit:80de1342a3e9944829ab101957c8eddffd3d18cb805507bed707b0e306d3b433,2026-08-01T06:43:22+00:00,1954,278,167,71,3.02,860.0,23,fit:80de1342a3e9944829ab101957c8eddffd3d18cb805507bed707b0e306d3b433:segment:004,4,9290.0,9071,activities/108_260801060832.csv,1,1,0,0
fit:80de1342a3e9944829ab101957c8eddffd3d18cb805507bed707b0e306d3b433,2026-08-01T06:43:23+00:00,1955,277,168,73,3.048,860.4000000000001,23,fit:80de1342a3e9944829ab101957c8eddffd3d18cb805507bed707b0e306d3b433:segment:004,4,9291.0,9072,activities/108_260801060832.csv,1,1,0,0
fit:80de1342a3e9944829ab101957c8eddffd3d18cb805507bed707b0e306d3b433,2026-08-01T06:43:24+00:00,1956,274,168,73,3.336,860.4000000000001,23,fit:80de1342a3e9944829ab101957c8eddffd3d18cb805507bed707b0e306d3b433:segment:004,4,9292.0,9073,activities/108_260801060832.csv,1,1,0,0
fit:80de1342a3e9944829ab101957c8eddffd3d18cb805507bed707b0e306d3b433,2026-08-01T06:43:25+00:00,1957,290,168,73,3.478,860.4000000000001,23,fit:80de1342a3e9944829ab101957c8eddffd3d18cb805507bed707b0e306d3b433:segment:004,4,9293.0,9074,activities/108_260801060832.csv,1,1,0,0
fit:80de1342a3e9944829ab101957c8eddffd3d18cb805507bed707b0e306d3b433,2026-08-01T06:43:26+00:00,1958,274,168,73,3.286,860.4000000000001,23,fit:80de1342a3e9944829ab101957c8eddffd3d18cb805507bed707b0e306d3b433:segment:004,4,9294.0,9075,activities/108_260801060832.csv,1,1,0,0
fit:80de1342a3e9944829ab101957c8eddffd3d18cb805507bed707b0e306d3b433,2026-08-01T06:43:27+00:00,1959,281,168,73,3.197,861.4000000000001,23,fit:80de1342a3e9944829ab101957c8eddffd3d18cb805507bed707b0e306d3b433:segment:004,4,9295.0,9076,activities/108_260801060832.csv,1,1,0,0
fit:80de1342a3e9944829ab101957c8eddffd3d18cb805507bed707b0e306d3b433,2026-08-01T06:43:28+00:00,1960,282,169,71,3.214,861.8,23,fit:80de1342a3e9944829ab101957c8eddffd3d18cb805507bed707b0e306d3b433:segment:004,4,9296.0,9077,activities/108_260801060832.csv,1,1,0,0
fit:80de1342a3e9944829ab101957c8eddffd3d18cb805507bed707b0e306d3b433,2026-08-01T06:43:29+00:00,1961,269,169,72,2.911,862.0,23,fit:80de1342a3e9944829ab101957c8eddffd3d18cb805507bed707b0e306d3b433:segment:004,4,9297.0,9078,activities/108_260801060832.csv,1,1,0,0
fit:80de1342a3e9944829ab101957c8eddffd3d18cb805507bed707b0e306d3b433,2026-08-01T06:43:30+00:00,1962,253,169,72,2.951,862.2,23,fit:80de1342a3e9944829ab101957c8eddffd3d18cb805507bed707b0e306d3b433:segment:004,4,9298.0,9079,activities/108_260801060832.csv,1,1,0,0
fit:80de1342a3e9944829ab101957c8eddffd3d18cb805507bed707b0e306d3b433,2026-08-01T06:43:31+00:00,1963,119,169,73,3.078,862.4000000000001,23,fit:80de1342a3e9944829ab101957c8eddffd3d18cb805507bed707b0e306d3b433:segment:004,4,9299.0,9080,activities/108_260801060832.csv,1,1,0,0
fit:80de1342a3e9944829ab101957c8eddffd3d18cb805507bed707b0e306d3b433,2026-08-01T06:43:32+00:00,1964,278,169,73,2.886,862.8,23,fit:80de1342a3e9944829ab101957c8eddffd3d18cb805507bed707b0e306d3b433:segment:004,4,9300.0,9081,activities/108_260801060832.csv,1,1,0,0
fit:80de1342a3e9944829ab101957c8eddffd3d18cb805507bed707b0e306d3b433,2026-08-01T06:43:33+00:00,1965,278,169,76,2.84,863.0,23,fit:80de1342a3e9944829ab101957c8eddffd3d18cb805507bed707b0e306d3b433:segment:004,4,9301.0,9082,activities/108_260801060832.csv,1,1,0,0
fit:80de1342a3e9944829ab101957c8eddffd3d18cb805507bed707b0e306d3b433,2026-08-01T06:43:34+00:00,1966,226,169,79,2.805,863.4000000000001,23,fit:80de1342a3e9944829ab101957c8eddffd3d18cb805507bed707b0e306d3b433:segment:004,4,9302.0,9083,activities/108_260801060832.csv,1,1,0,0
fit:80de1342a3e9944829ab101957c8eddffd3d18cb805507bed707b0e306d3b433,2026-08-01T06:43:35+00:00,1967,226,169,78,2.984,863.4000000000001,23,fit:80de1342a3e9944829ab101957c8eddffd3d18cb805507bed707b0e306d3b433:segment:004,4,9303.0,9084,activities/108_260801060832.csv,1,1,0,0
fit:80de1342a3e9944829ab101957c8eddffd3d18cb805507bed707b0e306d3b433,2026-08-01T06:43:36+00:00,1968,246,169,76,3.154,863.5999999999999,23,fit:80de1342a3e9944829ab101957c8eddffd3d18cb805507bed707b0e306d3b433:segment:004,4,9304.0,9085,activities/108_260801060832.csv,1,1,0,0
fit:80de1342a3e9944829ab101957c8eddffd3d18cb805507bed707b0e306d3b433,2026-08-01T06:43:37+00:00,1969,251,169,75,3.02,864.4000000000001,23,fit:80de1342a3e9944829ab101957c8eddffd3d18cb805507bed707b0e306d3b433:segment:004,4,9305.0,9086,activities/108_260801060832.csv,1,1,0,0
fit:80de1342a3e9944829ab101957c8eddffd3d18cb805507bed707b0e306d3b433,2026-08-01T06:43:38+00:00,1970,252,170,75,3.132,864.4000000000001,23,fit:80de1342a3e9944829ab101957c8eddffd3d18cb805507bed707b0e306d3b433:segment:004,4,9306.0,9087,activities/108_260801060832.csv,1,1,0,0
fit:80de1342a3e9944829ab101957c8eddffd3d18cb805507bed707b0e306d3b433,2026-08-01T06:43:39+00:00,1971,236,170,75,3.213,864.4000000000001,23,fit:80de1342a3e9944829ab101957c8eddffd3d18cb805507bed707b0e306d3b433:segment:004,4,9307.0,9088,activities/108_260801060832.csv,1,1,0,0
fit:80de1342a3e9944829ab101957c8eddffd3d18cb805507bed707b0e306d3b433,2026-08-01T06:43:40+00:00,1972,236,171,73,3.221,864.4000000000001,23,fit:80de1342a3e9944829ab101957c8eddffd3d18cb805507bed707b0e306d3b433:segment:004,4,9308.0,9089,activities/108_260801060832.csv,1,1,0,0
fit:80de1342a3e9944829ab101957c8eddffd3d18cb805507bed707b0e306d3b433,2026-08-01T06:43:41+00:00,1973,247,171,73,3.104,865.2,23,fit:80de1342a3e9944829ab101957c8eddffd3d18cb805507bed707b0e306d3b433:segment:004,4,9309.0,9090,activities/108_260801060832.csv,1,1,0,0
fit:80de1342a3e9944829ab101957c8eddffd3d18cb805507bed707b0e306d3b433,2026-08-01T06:43:42+00:00,1974,227,171,74,3.142,865.5999999999999,23,fit:80de1342a3e9944829ab101957c8eddffd3d18cb805507bed707b0e306d3b433:segment:004,4,9310.0,9091,activities/108_260801060832.csv,1,1,0,0
fit:80de1342a3e9944829ab101957c8eddffd3d18cb805507bed707b0e306d3b433,2026-08-01T06:43:43+00:00,1975,252,171,72,3.248,865.8,23,fit:80de1342a3e9944829ab101957c8eddffd3d18cb805507bed707b0e306d3b433:segment:004,4,9311.0,9092,activities/108_260801060832.csv,1,1,0,0
fit:80de1342a3e9944829ab101957c8eddffd3d18cb805507bed707b0e306d3b433,2026-08-01T06:43:44+00:00,1976,256,171,72,3.158,865.8,23,fit:80de1342a3e9944829ab101957c8eddffd3d18cb805507bed707b0e306d3b433:segment:004,4,9312.0,9093,activities/108_260801060832.csv,1,1,0,0
fit:80de1342a3e9944829ab101957c8eddffd3d18cb805507bed707b0e306d3b433,2026-08-01T06:43:45+00:00,1977,256,171,72,2.665,866.4000000000001,23,fit:80de1342a3e9944829ab101957c8eddffd3d18cb805507bed707b0e306d3b433:segment:004,4,9313.0,9094,activities/108_260801060832.csv,1,1,0,0
fit:80de1342a3e9944829ab101957c8eddffd3d18cb805507bed707b0e306d3b433,2026-08-01T06:43:46+00:00,1978,275,171,71,2.503,866.4000000000001,23,fit:80de1342a3e9944829ab101957c8eddffd3d18cb805507bed707b0e306d3b433:segment:004,4,9314.0,9095,activities/108_260801060832.csv,1,1,0,0
fit:80de1342a3e9944829ab101957c8eddffd3d18cb805507bed707b0e306d3b433,2026-08-01T06:43:47+00:00,1979,275,171,71,2.666,866.4000000000001,23,fit:80de1342a3e9944829ab101957c8eddffd3d18cb805507bed707b0e306d3b433:segment:004,4,9315.0,9096,activities/108_260801060832.csv,1,1,0,0
fit:80de1342a3e9944829ab101957c8eddffd3d18cb805507bed707b0e306d3b433,2026-08-01T06:43:48+00:00,1980,290,171,71,2.834,866.4000000000001,23,fit:80de1342a3e9944829ab101957c8eddffd3d18cb805507bed707b0e306d3b433:segment:004,4,9316.0,9097,activities/108_260801060832.csv,1,1,0,0
fit:80de1342a3e9944829ab101957c8eddffd3d18cb805507bed707b0e306d3b433,2026-08-01T06:43:49+00:00,1981,290,171,72,2.902,867.0,23,fit:80de1342a3e9944829ab101957c8eddffd3d18cb805507bed707b0e306d3b433:segment:004,4,9317.0,9098,activities/108_260801060832.csv,1,1,0,0
fit:80de1342a3e9944829ab101957c8eddffd3d18cb805507bed707b0e306d3b433,2026-08-01T06:43:50+00:00,1982,254,170,73,2.949,867.4000000000001,23,fit:80de1342a3e9944829ab101957c8eddffd3d18cb805507bed707b0e306d3b433:segment:004,4,9318.0,9099,activities/108_260801060832.csv,1,1,0,0
fit:80de1342a3e9944829ab101957c8eddffd3d18cb805507bed707b0e306d3b433,2026-08-01T06:43:51+00:00,1983,250,170,72,2.855,867.8,23,fit:80de1342a3e9944829ab101957c8eddffd3d18cb805507bed707b0e306d3b433:segment:004,4,9319.0,9100,activities/108_260801060832.csv,1,1,0,0
fit:80de1342a3e9944829ab101957c8eddffd3d18cb805507bed707b0e306d3b433,2026-08-01T06:43:52+00:00,1984,260,170,72,2.638,868.2,23,fit:80de1342a3e9944829ab101957c8eddffd3d18cb805507bed707b0e306d3b433:segment:004,4,9320.0,9101,activities/108_260801060832.csv,1,1,0,0
fit:80de1342a3e9944829ab101957c8eddffd3d18cb805507bed707b0e306d3b433,2026-08-01T06:43:53+00:00,1985,260,170,71,2.533,868.2,23,fit:80de1342a3e9944829ab101957c8eddffd3d18cb805507bed707b0e306d3b433:segment:004,4,9321.0,9102,activities/108_260801060832.csv,1,1,0,0
fit:80de1342a3e9944829ab101957c8eddffd3d18cb805507bed707b0e306d3b433,2026-08-01T06:43:54+00:00,1986,263,170,71,2.489,868.2,23,fit:80de1342a3e9944829ab101957c8eddffd3d18cb805507bed707b0e306d3b433:segment:004,4,9322.0,9103,activities/108_260801060832.csv,1,1,0,0
fit:80de1342a3e9944829ab101957c8eddffd3d18cb805507bed707b0e306d3b433,2026-08-01T06:43:55+00:00,1987,263,171,71,2.524,868.2,23,fit:80de1342a3e9944829ab101957c8eddffd3d18cb805507bed707b0e306d3b433:segment:004,4,9323.0,9104,activities/108_260801060832.csv,1,1,0,0
fit:80de1342a3e9944829ab101957c8eddffd3d18cb805507bed707b0e306d3b433,2026-08-01T06:43:56+00:00,1988,253,171,72,2.919,868.2,23,fit:80de1342a3e9944829ab101957c8eddffd3d18cb805507bed707b0e306d3b433:segment:004,4,9324.0,9105,activities/108_260801060832.csv,1,1,0,0
fit:80de1342a3e9944829ab101957c8eddffd3d18cb805507bed707b0e306d3b433,2026-08-01T06:43:57+00:00,1989,242,171,73,2.727,869.2,23,fit:80de1342a3e9944829ab101957c8eddffd3d18cb805507bed707b0e306d3b433:segment:004,4,9325.0,9106,activities/108_260801060832.csv,1,1,0,0
fit:80de1342a3e9944829ab101957c8eddffd3d18cb805507bed707b0e306d3b433,2026-08-01T06:43:58+00:00,1990,250,171,72,2.708,869.5999999999999,23,fit:80de1342a3e9944829ab101957c8eddffd3d18cb805507bed707b0e306d3b433:segment:004,4,9326.0,9107,activities/108_260801060832.csv,1,1,0,0
fit:80de1342a3e9944829ab101957c8eddffd3d18cb805507bed707b0e306d3b433,2026-08-01T06:43:59+00:00,1991,242,171,71,2.701,870.0,23,fit:80de1342a3e9944829ab101957c8eddffd3d18cb805507bed707b0e306d3b433:segment:004,4,9327.0,9108,activities/108_260801060832.csv,1,1,0,0
fit:80de1342a3e9944829ab101957c8eddffd3d18cb805507bed707b0e306d3b433,2026-08-01T06:44:00+00:00,1992,243,172,71,2.735,870.4000000000001,23,fit:80de1342a3e9944829ab101957c8eddffd3d18cb805507bed707b0e306d3b433:segment:004,4,9328.0,9109,activities/108_260801060832.csv,1,1,0,0
fit:80de1342a3e9944829ab101957c8eddffd3d18cb805507bed707b0e306d3b433,2026-08-01T06:44:01+00:00,1993,254,172,71,2.835,870.4000000000001,23,fit:80de1342a3e9944829ab101957c8eddffd3d18cb805507bed707b0e306d3b433:segment:004,4,9329.0,9110,activities/108_260801060832.csv,1,1,0,0
fit:80de1342a3e9944829ab101957c8eddffd3d18cb805507bed707b0e306d3b433,2026-08-01T06:44:02+00:00,1994,230,172,70,2.836,870.8,23,fit:80de1342a3e9944829ab101957c8eddffd3d18cb805507bed707b0e306d3b433:segment:004,4,9330.0,9111,activities/108_260801060832.csv,1,1,0,0
fit:80de1342a3e9944829ab101957c8eddffd3d18cb805507bed707b0e306d3b433,2026-08-01T06:44:03+00:00,1995,216,172,71,2.733,871.2,23,fit:80de1342a3e9944829ab101957c8eddffd3d18cb805507bed707b0e306d3b433:segment:004,4,9331.0,9112,activities/108_260801060832.csv,1,1,0,0
fit:80de1342a3e9944829ab101957c8eddffd3d18cb805507bed707b0e306d3b433,2026-08-01T06:44:04+00:00,1996,220,173,70,2.747,871.4000000000001,23,fit:80de1342a3e9944829ab101957c8eddffd3d18cb805507bed707b0e306d3b433:segment:004,4,9332.0,9113,activities/108_260801060832.csv,1,1,0,0
fit:80de1342a3e9944829ab101957c8eddffd3d18cb805507bed707b0e306d3b433,2026-08-01T06:44:05+00:00,1997,218,173,70,2.694,871.5999999999999,23,fit:80de1342a3e9944829ab101957c8eddffd3d18cb805507bed707b0e306d3b433:segment:004,4,9333.0,9114,activities/108_260801060832.csv,1,1,0,0
fit:80de1342a3e9944829ab101957c8eddffd3d18cb805507bed707b0e306d3b433,2026-08-01T06:44:06+00:00,1998,224,173,69,2.726,871.8,23,fit:80de1342a3e9944829ab101957c8eddffd3d18cb805507bed707b0e306d3b433:segment:004,4,9334.0,9115,activities/108_260801060832.csv,1,1,0,0
fit:80de1342a3e9944829ab101957c8eddffd3d18cb805507bed707b0e306d3b433,2026-08-01T06:44:07+00:00,1999,218,173,68,2.719,872.4000000000001,23,fit:80de1342a3e9944829ab101957c8eddffd3d18cb805507bed707b0e306d3b433:segment:004,4,9335.0,9116,activities/108_260801060832.csv,1,1,0,0
fit:80de1342a3e9944829ab101957c8eddffd3d18cb805507bed707b0e306d3b433,2026-08-01T06:44:08+00:00,2000,245,173,69,2.597,872.8,23,fit:80de1342a3e9944829ab101957c8eddffd3d18cb805507bed707b0e306d3b433:segment:004,4,9336.0,9117,activities/108_260801060832.csv,1,1,0,0
fit:80de1342a3e9944829ab101957c8eddffd3d18cb805507bed707b0e306d3b433,2026-08-01T06:44:09+00:00,2001,228,173,70,2.795,872.8,23,fit:80de1342a3e9944829ab101957c8eddffd3d18cb805507bed707b0e306d3b433:segment:004,4,9337.0,9118,activities/108_260801060832.csv,1,1,0,0
fit:80de1342a3e9944829ab101957c8eddffd3d18cb805507bed707b0e306d3b433,2026-08-01T06:44:10+00:00,2002,240,172,71,2.927,872.8,23,fit:80de1342a3e9944829ab101957c8eddffd3d18cb805507bed707b0e306d3b433:segment:004,4,9338.0,9119,activities/108_260801060832.csv,1,1,0,0
fit:80de1342a3e9944829ab101957c8eddffd3d18cb805507bed707b0e306d3b433,2026-08-01T06:44:11+00:00,2003,251,172,71,2.766,872.8,23,fit:80de1342a3e9944829ab101957c8eddffd3d18cb805507bed707b0e306d3b433:segment:004,4,9339.0,9120,activities/108_260801060832.csv,1,1,0,0
fit:80de1342a3e9944829ab101957c8eddffd3d18cb805507bed707b0e306d3b433,2026-08-01T06:44:12+00:00,2004,236,172,71,2.724,873.4000000000001,23,fit:80de1342a3e9944829ab101957c8eddffd3d18cb805507bed707b0e306d3b433:segment:004,4,9340.0,9121,activities/108_260801060832.csv,1,1,0,0
fit:80de1342a3e9944829ab101957c8eddffd3d18cb805507bed707b0e306d3b433,2026-08-01T06:44:13+00:00,2005,242,172,70,2.808,873.8,23,fit:80de1342a3e9944829ab101957c8eddffd3d18cb805507bed707b0e306d3b433:segment:004,4,9341.0,9122,activities/108_260801060832.csv,1,1,0,0
fit:80de1342a3e9944829ab101957c8eddffd3d18cb805507bed707b0e306d3b433,2026-08-01T06:44:14+00:00,2006,226,171,70,2.906,874.0,23,fit:80de1342a3e9944829ab101957c8eddffd3d18cb805507bed707b0e306d3b433:segment:004,4,9342.0,9123,activities/108_260801060832.csv,1,1,0,0
fit:80de1342a3e9944829ab101957c8eddffd3d18cb805507bed707b0e306d3b433,2026-08-01T06:44:15+00:00,2007,242,171,68,2.831,874.5999999999999,23,fit:80de1342a3e9944829ab101957c8eddffd3d18cb805507bed707b0e306d3b433:segment:004,4,9343.0,9124,activities/108_260801060832.csv,1,1,0,0
fit:80de1342a3e9944829ab101957c8eddffd3d18cb805507bed707b0e306d3b433,2026-08-01T06:44:16+00:00,2008,231,171,68,2.883,874.5999999999999,23,fit:80de1342a3e9944829ab101957c8eddffd3d18cb805507bed707b0e306d3b433:segment:004,4,9344.0,9125,activities/108_260801060832.csv,1,1,0,0
fit:80de1342a3e9944829ab101957c8eddffd3d18cb805507bed707b0e306d3b433,2026-08-01T06:44:17+00:00,2009,231,171,68,2.938,874.5999999999999,23,fit:80de1342a3e9944829ab101957c8eddffd3d18cb805507bed707b0e306d3b433:segment:004,4,9345.0,9126,activities/108_260801060832.csv,1,1,0,0
fit:80de1342a3e9944829ab101957c8eddffd3d18cb805507bed707b0e306d3b433,2026-08-01T06:44:18+00:00,2010,207,170,68,2.73,874.5999999999999,23,fit:80de1342a3e9944829ab101957c8eddffd3d18cb805507bed707b0e306d3b433:segment:004,4,9346.0,9127,activities/108_260801060832.csv,1,1,0,0
fit:80de1342a3e9944829ab101957c8eddffd3d18cb805507bed707b0e306d3b433,2026-08-01T06:44:19+00:00,2011,255,170,65,2.627,875.4000000000001,23,fit:80de1342a3e9944829ab101957c8eddffd3d18cb805507bed707b0e306d3b433:segment:004,4,9347.0,9128,activities/108_260801060832.csv,1,1,0,0
fit:80de1342a3e9944829ab101957c8eddffd3d18cb805507bed707b0e306d3b433,2026-08-01T06:44:20+00:00,2012,255,170,66,2.717,875.5999999999999,23,fit:80de1342a3e9944829ab101957c8eddffd3d18cb805507bed707b0e306d3b433:segment:004,4,9348.0,9129,activities/108_260801060832.csv,1,1,0,0
fit:80de1342a3e9944829ab101957c8eddffd3d18cb805507bed707b0e306d3b433,2026-08-01T06:44:21+00:00,2013,217,169,67,2.598,875.8,23,fit:80de1342a3e9944829ab101957c8eddffd3d18cb805507bed707b0e306d3b433:segment:004,4,9349.0,9130,activities/108_260801060832.csv,1,1,0,0
fit:80de1342a3e9944829ab101957c8eddffd3d18cb805507bed707b0e306d3b433,2026-08-01T06:44:22+00:00,2014,233,169,67,2.703,876.0,23,fit:80de1342a3e9944829ab101957c8eddffd3d18cb805507bed707b0e306d3b433:segment:004,4,9350.0,9131,activities/108_260801060832.csv,1,1,0,0
fit:80de1342a3e9944829ab101957c8eddffd3d18cb805507bed707b0e306d3b433,2026-08-01T06:44:23+00:00,2015,230,169,66,2.585,876.2,23,fit:80de1342a3e9944829ab101957c8eddffd3d18cb805507bed707b0e306d3b433:segment:004,4,9351.0,9132,activities/108_260801060832.csv,1,1,0,0
fit:80de1342a3e9944829ab101957c8eddffd3d18cb805507bed707b0e306d3b433,2026-08-01T06:44:24+00:00,2016,230,168,68,2.767,876.4000000000001,23,fit:80de1342a3e9944829ab101957c8eddffd3d18cb805507bed707b0e306d3b433:segment:004,4,9352.0,9133,activities/108_260801060832.csv,1,1,0,0
fit:80de1342a3e9944829ab101957c8eddffd3d18cb805507bed707b0e306d3b433,2026-08-01T06:44:25+00:00,2017,226,168,68,2.758,877.0,23,fit:80de1342a3e9944829ab101957c8eddffd3d18cb805507bed707b0e306d3b433:segment:004,4,9353.0,9134,activities/108_260801060832.csv,1,1,0,0
fit:80de1342a3e9944829ab101957c8eddffd3d18cb805507bed707b0e306d3b433,2026-08-01T06:44:26+00:00,2018,227,168,69,2.568,877.0,23,fit:80de1342a3e9944829ab101957c8eddffd3d18cb805507bed707b0e306d3b433:segment:004,4,9354.0,9135,activities/108_260801060832.csv,1,1,0,0
fit:80de1342a3e9944829ab101957c8eddffd3d18cb805507bed707b0e306d3b433,2026-08-01T06:44:27+00:00,2019,196,168,69,2.74,877.0,23,fit:80de1342a3e9944829ab101957c8eddffd3d18cb805507bed707b0e306d3b433:segment:004,4,9355.0,9136,activities/108_260801060832.csv,1,1,0,0
fit:80de1342a3e9944829ab101957c8eddffd3d18cb805507bed707b0e306d3b433,2026-08-01T06:44:28+00:00,2020,186,168,67,2.769,877.0,23,fit:80de1342a3e9944829ab101957c8eddffd3d18cb805507bed707b0e306d3b433:segment:004,4,9356.0,9137,activities/108_260801060832.csv,1,1,0,0
fit:80de1342a3e9944829ab101957c8eddffd3d18cb805507bed707b0e306d3b433,2026-08-01T06:44:29+00:00,2021,188,168,67,2.754,877.8,23,fit:80de1342a3e9944829ab101957c8eddffd3d18cb805507bed707b0e306d3b433:segment:004,4,9357.0,9138,activities/108_260801060832.csv,1,1,0,0
fit:80de1342a3e9944829ab101957c8eddffd3d18cb805507bed707b0e306d3b433,2026-08-01T06:44:30+00:00,2022,188,167,67,2.548,877.8,23,fit:80de1342a3e9944829ab101957c8eddffd3d18cb805507bed707b0e306d3b433:segment:004,4,9358.0,9139,activities/108_260801060832.csv,1,1,0,0
fit:80de1342a3e9944829ab101957c8eddffd3d18cb805507bed707b0e306d3b433,2026-08-01T06:44:31+00:00,2023,182,167,64,2.512,877.8,23,fit:80de1342a3e9944829ab101957c8eddffd3d18cb805507bed707b0e306d3b433:segment:004,4,9359.0,9140,activities/108_260801060832.csv,1,1,0,0
fit:80de1342a3e9944829ab101957c8eddffd3d18cb805507bed707b0e306d3b433,2026-08-01T06:44:32+00:00,2024,207,166,62,2.655,877.8,23,fit:80de1342a3e9944829ab101957c8eddffd3d18cb805507bed707b0e306d3b433:segment:004,4,9360.0,9141,activities/108_260801060832.csv,1,1,0,0
fit:80de1342a3e9944829ab101957c8eddffd3d18cb805507bed707b0e306d3b433,2026-08-01T06:44:33+00:00,2025,173,164,63,2.735,877.8,23,fit:80de1342a3e9944829ab101957c8eddffd3d18cb805507bed707b0e306d3b433:segment:004,4,9361.0,9142,activities/108_260801060832.csv,1,1,0,0
fit:80de1342a3e9944829ab101957c8eddffd3d18cb805507bed707b0e306d3b433,2026-08-01T06:44:34+00:00,2026,172,164,64,2.756,878.5999999999999,23,fit:80de1342a3e9944829ab101957c8eddffd3d18cb805507bed707b0e306d3b433:segment:004,4,9362.0,9143,activities/108_260801060832.csv,1,1,0,0
fit:80de1342a3e9944829ab101957c8eddffd3d18cb805507bed707b0e306d3b433,2026-08-01T06:44:35+00:00,2027,245,163,68,2.732,878.5999999999999,23,fit:80de1342a3e9944829ab101957c8eddffd3d18cb805507bed707b0e306d3b433:segment:004,4,9363.0,9144,activities/108_260801060832.csv,1,1,0,0
fit:80de1342a3e9944829ab101957c8eddffd3d18cb805507bed707b0e306d3b433,2026-08-01T06:44:36+00:00,2028,215,162,69,2.744,878.5999999999999,23,fit:80de1342a3e9944829ab101957c8eddffd3d18cb805507bed707b0e306d3b433:segment:004,4,9364.0,9145,activities/108_260801060832.csv,1,1,0,0
fit:80de1342a3e9944829ab101957c8eddffd3d18cb805507bed707b0e306d3b433,2026-08-01T06:44:37+00:00,2029,205,161,69,2.879,878.5999999999999,23,fit:80de1342a3e9944829ab101957c8eddffd3d18cb805507bed707b0e306d3b433:segment:004,4,9365.0,9146,activities/108_260801060832.csv,1,1,0,0
fit:80de1342a3e9944829ab101957c8eddffd3d18cb805507bed707b0e306d3b433,2026-08-01T06:44:38+00:00,2030,184,161,71,2.972,879.2,23,fit:80de1342a3e9944829ab101957c8eddffd3d18cb805507bed707b0e306d3b433:segment:004,4,9366.0,9147,activities/108_260801060832.csv,1,1,0,0
fit:80de1342a3e9944829ab101957c8eddffd3d18cb805507bed707b0e306d3b433,2026-08-01T06:44:39+00:00,2031,202,160,71,2.887,879.4000000000001,23,fit:80de1342a3e9944829ab101957c8eddffd3d18cb805507bed707b0e306d3b433:segment:004,4,9367.0,9148,activities/108_260801060832.csv,1,1,0,0
fit:80de1342a3e9944829ab101957c8eddffd3d18cb805507bed707b0e306d3b433,2026-08-01T06:44:40+00:00,2032,203,160,71,2.776,879.5999999999999,23,fit:80de1342a3e9944829ab101957c8eddffd3d18cb805507bed707b0e306d3b433:segment:004,4,9368.0,9149,activities/108_260801060832.csv,1,1,0,0
fit:80de1342a3e9944829ab101957c8eddffd3d18cb805507bed707b0e306d3b433,2026-08-01T06:44:41+00:00,2033,223,160,69,2.861,880.0,23,fit:80de1342a3e9944829ab101957c8eddffd3d18cb805507bed707b0e306d3b433:segment:004,4,9369.0,9150,activities/108_260801060832.csv,1,1,0,0
fit:80de1342a3e9944829ab101957c8eddffd3d18cb805507bed707b0e306d3b433,2026-08-01T06:44:42+00:00,2034,233,160,69,2.889,880.0,23,fit:80de1342a3e9944829ab101957c8eddffd3d18cb805507bed707b0e306d3b433:segment:004,4,9370.0,9151,activities/108_260801060832.csv,1,1,0,0
fit:80de1342a3e9944829ab101957c8eddffd3d18cb805507bed707b0e306d3b433,2026-08-01T06:44:43+00:00,2035,233,160,67,2.849,880.0,23,fit:80de1342a3e9944829ab101957c8eddffd3d18cb805507bed707b0e306d3b433:segment:004,4,9371.0,9152,activities/108_260801060832.csv,1,1,0,0
fit:80de1342a3e9944829ab101957c8eddffd3d18cb805507bed707b0e306d3b433,2026-08-01T06:44:44+00:00,2036,233,160,67,3.022,880.0,23,fit:80de1342a3e9944829ab101957c8eddffd3d18cb805507bed707b0e306d3b433:segment:004,4,9372.0,9153,activities/108_260801060832.csv,1,1,0,0
fit:80de1342a3e9944829ab101957c8eddffd3d18cb805507bed707b0e306d3b433,2026-08-01T06:44:45+00:00,2037,218,160,68,2.834,880.8,23,fit:80de1342a3e9944829ab101957c8eddffd3d18cb805507bed707b0e306d3b433:segment:004,4,9373.0,9154,activities/108_260801060832.csv,1,1,0,0
fit:80de1342a3e9944829ab101957c8eddffd3d18cb805507bed707b0e306d3b433,2026-08-01T06:44:46+00:00,2038,220,160,68,3.034,880.8,23,fit:80de1342a3e9944829ab101957c8eddffd3d18cb805507bed707b0e306d3b433:segment:004,4,9374.0,9155,activities/108_260801060832.csv,1,1,0,0
fit:80de1342a3e9944829ab101957c8eddffd3d18cb805507bed707b0e306d3b433,2026-08-01T06:44:47+00:00,2039,229,160,68,2.939,880.8,23,fit:80de1342a3e9944829ab101957c8eddffd3d18cb805507bed707b0e306d3b433:segment:004,4,9375.0,9156,activities/108_260801060832.csv,1,1,0,0
fit:80de1342a3e9944829ab101957c8eddffd3d18cb805507bed707b0e306d3b433,2026-08-01T06:44:48+00:00,2040,229,160,70,2.918,880.8,23,fit:80de1342a3e9944829ab101957c8eddffd3d18cb805507bed707b0e306d3b433:segment:004,4,9376.0,9157,activities/108_260801060832.csv,1,1,0,0
fit:80de1342a3e9944829ab101957c8eddffd3d18cb805507bed707b0e306d3b433,2026-08-01T06:44:49+00:00,2041,220,160,75,3.056,881.2,23,fit:80de1342a3e9944829ab101957c8eddffd3d18cb805507bed707b0e306d3b433:segment:004,4,9377.0,9158,activities/108_260801060832.csv,1,1,0,0
fit:80de1342a3e9944829ab101957c8eddffd3d18cb805507bed707b0e306d3b433,2026-08-01T06:44:50+00:00,2042,221,160,77,3.07,881.5999999999999,23,fit:80de1342a3e9944829ab101957c8eddffd3d18cb805507bed707b0e306d3b433:segment:004,4,9378.0,9159,activities/108_260801060832.csv,1,1,0,0
fit:80de1342a3e9944829ab101957c8eddffd3d18cb805507bed707b0e306d3b433,2026-08-01T06:44:51+00:00,2043,208,160,77,3.148,881.8,23,fit:80de1342a3e9944829ab101957c8eddffd3d18cb805507bed707b0e306d3b433:segment:004,4,9379.0,9160,activities/108_260801060832.csv,1,1,0,0
fit:80de1342a3e9944829ab101957c8eddffd3d18cb805507bed707b0e306d3b433,2026-08-01T06:44:52+00:00,2044,207,160,78,3.106,882.2,23,fit:80de1342a3e9944829ab101957c8eddffd3d18cb805507bed707b0e306d3b433:segment:004,4,9380.0,9161,activities/108_260801060832.csv,1,1,0,0
fit:80de1342a3e9944829ab101957c8eddffd3d18cb805507bed707b0e306d3b433,2026-08-01T06:44:53+00:00,2045,192,160,80,3.198,882.2,23,fit:80de1342a3e9944829ab101957c8eddffd3d18cb805507bed707b0e306d3b433:segment:004,4,9381.0,9162,activities/108_260801060832.csv,1,1,0,0
fit:80de1342a3e9944829ab101957c8eddffd3d18cb805507bed707b0e306d3b433,2026-08-01T06:44:54+00:00,2046,168,159,81,3.081,882.2,23,fit:80de1342a3e9944829ab101957c8eddffd3d18cb805507bed707b0e306d3b433:segment:004,4,9382.0,9163,activities/108_260801060832.csv,1,1,0,0
fit:80de1342a3e9944829ab101957c8eddffd3d18cb805507bed707b0e306d3b433,2026-08-01T06:44:55+00:00,2047,208,159,80,3.079,882.2,23,fit:80de1342a3e9944829ab101957c8eddffd3d18cb805507bed707b0e306d3b433:segment:004,4,9383.0,9164,activities/108_260801060832.csv,1,1,0,0
fit:80de1342a3e9944829ab101957c8eddffd3d18cb805507bed707b0e306d3b433,2026-08-01T06:44:56+00:00,2048,200,159,78,3.172,882.5999999999999,23,fit:80de1342a3e9944829ab101957c8eddffd3d18cb805507bed707b0e306d3b433:segment:004,4,9384.0,9165,activities/108_260801060832.csv,1,1,0,0
fit:80de1342a3e9944829ab101957c8eddffd3d18cb805507bed707b0e306d3b433,2026-08-01T06:44:57+00:00,2049,144,159,78,2.992,882.5999999999999,23,fit:80de1342a3e9944829ab101957c8eddffd3d18cb805507bed707b0e306d3b433:segment:004,4,9385.0,9166,activities/108_260801060832.csv,1,1,0,0
fit:80de1342a3e9944829ab101957c8eddffd3d18cb805507bed707b0e306d3b433,2026-08-01T06:44:58+00:00,2050,279,159,76,2.987,882.8,23,fit:80de1342a3e9944829ab101957c8eddffd3d18cb805507bed707b0e306d3b433:segment:004,4,9386.0,9167,activities/108_260801060832.csv,1,1,0,0
fit:80de1342a3e9944829ab101957c8eddffd3d18cb805507bed707b0e306d3b433,2026-08-01T06:44:59+00:00,2051,244,158,77,2.998,883.5999999999999,23,fit:80de1342a3e9944829ab101957c8eddffd3d18cb805507bed707b0e306d3b433:segment:004,4,9387.0,9168,activities/108_260801060832.csv,1,1,0,0
fit:80de1342a3e9944829ab101957c8eddffd3d18cb805507bed707b0e306d3b433,2026-08-01T06:45:00+00:00,2052,245,157,79,2.983,884.0,23,fit:80de1342a3e9944829ab101957c8eddffd3d18cb805507bed707b0e306d3b433:segment:004,4,9388.0,9169,activities/108_260801060832.csv,1,1,0,0
fit:80de1342a3e9944829ab101957c8eddffd3d18cb805507bed707b0e306d3b433,2026-08-01T06:45:01+00:00,2053,234,156,83,2.988,884.0,23,fit:80de1342a3e9944829ab101957c8eddffd3d18cb805507bed707b0e306d3b433:segment:004,4,9389.0,9170,activities/108_260801060832.csv,1,1,0,0
fit:80de1342a3e9944829ab101957c8eddffd3d18cb805507bed707b0e306d3b433,2026-08-01T06:45:02+00:00,2054,208,155,83,3.188,884.0,23,fit:80de1342a3e9944829ab101957c8eddffd3d18cb805507bed707b0e306d3b433:segment:004,4,9390.0,9171,activities/108_260801060832.csv,1,1,0,0
fit:80de1342a3e9944829ab101957c8eddffd3d18cb805507bed707b0e306d3b433,2026-08-01T06:45:03+00:00,2055,205,155,82,3.162,884.0,23,fit:80de1342a3e9944829ab101957c8eddffd3d18cb805507bed707b0e306d3b433:segment:004,4,9391.0,9172,activities/108_260801060832.csv,1,1,0,0
fit:80de1342a3e9944829ab101957c8eddffd3d18cb805507bed707b0e306d3b433,2026-08-01T06:45:04+00:00,2056,206,155,81,3.206,884.5999999999999,23,fit:80de1342a3e9944829ab101957c8eddffd3d18cb805507bed707b0e306d3b433:segment:004,4,9392.0,9173,activities/108_260801060832.csv,1,1,0,0
fit:80de1342a3e9944829ab101957c8eddffd3d18cb805507bed707b0e306d3b433,2026-08-01T06:45:05+00:00,2057,250,155,81,3.157,885.2,23,fit:80de1342a3e9944829ab101957c8eddffd3d18cb805507bed707b0e306d3b433:segment:004,4,9393.0,9174,activities/108_260801060832.csv,1,1,0,0
fit:80de1342a3e9944829ab101957c8eddffd3d18cb805507bed707b0e306d3b433,2026-08-01T06:45:06+00:00,2058,236,155,82,3.216,885.2,23,fit:80de1342a3e9944829ab101957c8eddffd3d18cb805507bed707b0e306d3b433:segment:004,4,9394.0,9175,activities/108_260801060832.csv,1,1,0,0
fit:80de1342a3e9944829ab101957c8eddffd3d18cb805507bed707b0e306d3b433,2026-08-01T06:45:07+00:00,2059,247,155,81,2.79,885.2,23,fit:80de1342a3e9944829ab101957c8eddffd3d18cb805507bed707b0e306d3b433:segment:004,4,9395.0,9176,activities/108_260801060832.csv,1,1,0,0
fit:80de1342a3e9944829ab101957c8eddffd3d18cb805507bed707b0e306d3b433,2026-08-01T06:45:08+00:00,2060,244,155,82,2.939,885.2,23,fit:80de1342a3e9944829ab101957c8eddffd3d18cb805507bed707b0e306d3b433:segment:004,4,9396.0,9177,activities/108_260801060832.csv,1,1,0,0
fit:80de1342a3e9944829ab101957c8eddffd3d18cb805507bed707b0e306d3b433,2026-08-01T06:45:09+00:00,2061,205,155,82,3.06,886.0,23,fit:80de1342a3e9944829ab101957c8eddffd3d18cb805507bed707b0e306d3b433:segment:004,4,9397.0,9178,activities/108_260801060832.csv,1,1,0,0
fit:80de1342a3e9944829ab101957c8eddffd3d18cb805507bed707b0e306d3b433,2026-08-01T06:45:10+00:00,2062,187,155,83,3.118,886.5999999999999,23,fit:80de1342a3e9944829ab101957c8eddffd3d18cb805507bed707b0e306d3b433:segment:004,4,9398.0,9179,activities/108_260801060832.csv,1,1,0,0
fit:80de1342a3e9944829ab101957c8eddffd3d18cb805507bed707b0e306d3b433,2026-08-01T06:45:11+00:00,2063,157,156,83,3.274,886.5999999999999,23,fit:80de1342a3e9944829ab101957c8eddffd3d18cb805507bed707b0e306d3b433:segment:004,4,9399.0,9180,activities/108_260801060832.csv,1,1,0,0
fit:80de1342a3e9944829ab101957c8eddffd3d18cb805507bed707b0e306d3b433,2026-08-01T06:45:12+00:00,2064,226,156,79,3.253,886.5999999999999,23,fit:80de1342a3e9944829ab101957c8eddffd3d18cb805507bed707b0e306d3b433:segment:004,4,9400.0,9181,activities/108_260801060832.csv,1,1,0,0
fit:80de1342a3e9944829ab101957c8eddffd3d18cb805507bed707b0e306d3b433,2026-08-01T06:45:13+00:00,2065,211,156,79,3.248,886.5999999999999,23,fit:80de1342a3e9944829ab101957c8eddffd3d18cb805507bed707b0e306d3b433:segment:004,4,9401.0,9182,activities/108_260801060832.csv,1,1,0,0
fit:80de1342a3e9944829ab101957c8eddffd3d18cb805507bed707b0e306d3b433,2026-08-01T06:45:14+00:00,2066,206,156,78,3.247,886.8,23,fit:80de1342a3e9944829ab101957c8eddffd3d18cb805507bed707b0e306d3b433:segment:004,4,9402.0,9183,activities/108_260801060832.csv,1,1,0,0
fit:80de1342a3e9944829ab101957c8eddffd3d18cb805507bed707b0e306d3b433,2026-08-01T06:45:15+00:00,2067,210,155,76,3.229,887.0,23,fit:80de1342a3e9944829ab101957c8eddffd3d18cb805507bed707b0e306d3b433:segment:004,4,9403.0,9184,activities/108_260801060832.csv,1,1,0,0
fit:80de1342a3e9944829ab101957c8eddffd3d18cb805507bed707b0e306d3b433,2026-08-01T06:45:16+00:00,2068,260,155,78,3.305,887.5999999999999,23,fit:80de1342a3e9944829ab101957c8eddffd3d18cb805507bed707b0e306d3b433:segment:004,4,9404.0,9185,activities/108_260801060832.csv,1,1,0,0
fit:80de1342a3e9944829ab101957c8eddffd3d18cb805507bed707b0e306d3b433,2026-08-01T06:45:17+00:00,2069,222,155,80,3.318,887.8,23,fit:80de1342a3e9944829ab101957c8eddffd3d18cb805507bed707b0e306d3b433:segment:004,4,9405.0,9186,activities/108_260801060832.csv,1,1,0,0
fit:80de1342a3e9944829ab101957c8eddffd3d18cb805507bed707b0e306d3b433,2026-08-01T06:45:18+00:00,2070,232,155,83,3.341,887.8,23,fit:80de1342a3e9944829ab101957c8eddffd3d18cb805507bed707b0e306d3b433:segment:004,4,9406.0,9187,activities/108_260801060832.csv,1,1,0,0
fit:80de1342a3e9944829ab101957c8eddffd3d18cb805507bed707b0e306d3b433,2026-08-01T06:45:19+00:00,2071,221,154,83,3.24,887.8,23,fit:80de1342a3e9944829ab101957c8eddffd3d18cb805507bed707b0e306d3b433:segment:004,4,9407.0,9188,activities/108_260801060832.csv,1,1,0,0
fit:80de1342a3e9944829ab101957c8eddffd3d18cb805507bed707b0e306d3b433,2026-08-01T06:45:20+00:00,2072,221,153,83,3.216,887.8,23,fit:80de1342a3e9944829ab101957c8eddffd3d18cb805507bed707b0e306d3b433:segment:004,4,9408.0,9189,activities/108_260801060832.csv,1,1,0,0
fit:80de1342a3e9944829ab101957c8eddffd3d18cb805507bed707b0e306d3b433,2026-08-01T06:45:21+00:00,2073,255,153,85,3.398,888.5999999999999,23,fit:80de1342a3e9944829ab101957c8eddffd3d18cb805507bed707b0e306d3b433:segment:004,4,9409.0,9190,activities/108_260801060832.csv,1,1,0,0
fit:80de1342a3e9944829ab101957c8eddffd3d18cb805507bed707b0e306d3b433,2026-08-01T06:45:22+00:00,2074,249,153,85,3.392,888.5999999999999,23,fit:80de1342a3e9944829ab101957c8eddffd3d18cb805507bed707b0e306d3b433:segment:004,4,9410.0,9191,activities/108_260801060832.csv,1,1,0,0
fit:80de1342a3e9944829ab101957c8eddffd3d18cb805507bed707b0e306d3b433,2026-08-01T06:45:23+00:00,2075,254,153,87,3.488,888.5999999999999,23,fit:80de1342a3e9944829ab101957c8eddffd3d18cb805507bed707b0e306d3b433:segment:004,4,9411.0,9192,activities/108_260801060832.csv,1,1,0,0
fit:80de1342a3e9944829ab101957c8eddffd3d18cb805507bed707b0e306d3b433,2026-08-01T06:45:24+00:00,2076,265,152,86,3.365,888.5999999999999,23,fit:80de1342a3e9944829ab101957c8eddffd3d18cb805507bed707b0e306d3b433:segment:004,4,9412.0,9193,activities/108_260801060832.csv,1,1,0,0
fit:80de1342a3e9944829ab101957c8eddffd3d18cb805507bed707b0e306d3b433,2026-08-01T06:45:25+00:00,2077,265,152,86,3.452,889.2,23,fit:80de1342a3e9944829ab101957c8eddffd3d18cb805507bed707b0e306d3b433:segment:004,4,9413.0,9194,activities/108_260801060832.csv,1,1,0,0
fit:80de1342a3e9944829ab101957c8eddffd3d18cb805507bed707b0e306d3b433,2026-08-01T06:45:26+00:00,2078,240,153,86,3.501,889.5999999999999,23,fit:80de1342a3e9944829ab101957c8eddffd3d18cb805507bed707b0e306d3b433:segment:004,4,9414.0,9195,activities/108_260801060832.csv,1,1,0,0
fit:80de1342a3e9944829ab101957c8eddffd3d18cb805507bed707b0e306d3b433,2026-08-01T06:45:27+00:00,2079,231,153,84,3.468,889.8,23,fit:80de1342a3e9944829ab101957c8eddffd3d18cb805507bed707b0e306d3b433:segment:004,4,9415.0,9196,activities/108_260801060832.csv,1,1,0,0
fit:80de1342a3e9944829ab101957c8eddffd3d18cb805507bed707b0e306d3b433,2026-08-01T06:45:28+00:00,2080,346,154,81,3.327,889.8,23,fit:80de1342a3e9944829ab101957c8eddffd3d18cb805507bed707b0e306d3b433:segment:004,4,9416.0,9197,activities/108_260801060832.csv,1,1,0,0
fit:80de1342a3e9944829ab101957c8eddffd3d18cb805507bed707b0e306d3b433,2026-08-01T06:45:29+00:00,2081,367,154,84,3.263,890.2,23,fit:80de1342a3e9944829ab101957c8eddffd3d18cb805507bed707b0e306d3b433:segment:004,4,9417.0,9198,activities/108_260801060832.csv,1,1,0,0
fit:80de1342a3e9944829ab101957c8eddffd3d18cb805507bed707b0e306d3b433,2026-08-01T06:45:30+00:00,2082,368,155,87,3.453,890.2,23,fit:80de1342a3e9944829ab101957c8eddffd3d18cb805507bed707b0e306d3b433:segment:004,4,9418.0,9199,activities/108_260801060832.csv,1,1,0,0
fit:80de1342a3e9944829ab101957c8eddffd3d18cb805507bed707b0e306d3b433,2026-08-01T06:45:31+00:00,2083,368,156,87,3.441,891.0,23,fit:80de1342a3e9944829ab101957c8eddffd3d18cb805507bed707b0e306d3b433:segment:004,4,9419.0,9200,activities/108_260801060832.csv,1,1,0,0
fit:80de1342a3e9944829ab101957c8eddffd3d18cb805507bed707b0e306d3b433,2026-08-01T06:45:32+00:00,2084,255,156,77,3.435,891.5999999999999,23,fit:80de1342a3e9944829ab101957c8eddffd3d18cb805507bed707b0e306d3b433:segment:004,4,9420.0,9201,activities/108_260801060832.csv,1,1,0,0
fit:80de1342a3e9944829ab101957c8eddffd3d18cb805507bed707b0e306d3b433,2026-08-01T06:45:33+00:00,2085,299,157,77,3.543,891.5999999999999,23,fit:80de1342a3e9944829ab101957c8eddffd3d18cb805507bed707b0e306d3b433:segment:004,4,9421.0,9202,activities/108_260801060832.csv,1,1,0,0
fit:80de1342a3e9944829ab101957c8eddffd3d18cb805507bed707b0e306d3b433,2026-08-01T06:45:34+00:00,2086,294,158,78,3.633,891.5999999999999,23,fit:80de1342a3e9944829ab101957c8eddffd3d18cb805507bed707b0e306d3b433:segment:004,4,9422.0,9203,activities/108_260801060832.csv,1,1,0,0
fit:80de1342a3e9944829ab101957c8eddffd3d18cb805507bed707b0e306d3b433,2026-08-01T06:45:35+00:00,2087,316,158,77,3.551,891.5999999999999,23,fit:80de1342a3e9944829ab101957c8eddffd3d18cb805507bed707b0e306d3b433:segment:004,4,9423.0,9204,activities/108_260801060832.csv,1,1,0,0
fit:80de1342a3e9944829ab101957c8eddffd3d18cb805507bed707b0e306d3b433,2026-08-01T06:45:36+00:00,2088,316,158,76,3.493,891.5999999999999,23,fit:80de1342a3e9944829ab101957c8eddffd3d18cb805507bed707b0e306d3b433:segment:004,4,9424.0,9205,activities/108_260801060832.csv,1,1,0,0
fit:80de1342a3e9944829ab101957c8eddffd3d18cb805507bed707b0e306d3b433,2026-08-01T06:45:37+00:00,2089,337,159,76,3.424,892.5999999999999,23,fit:80de1342a3e9944829ab101957c8eddffd3d18cb805507bed707b0e306d3b433:segment:004,4,9425.0,9206,activities/108_260801060832.csv,1,1,0,0
fit:80de1342a3e9944829ab101957c8eddffd3d18cb805507bed707b0e306d3b433,2026-08-01T06:45:38+00:00,2090,353,159,75,3.412,893.2,23,fit:80de1342a3e9944829ab101957c8eddffd3d18cb805507bed707b0e306d3b433:segment:004,4,9426.0,9207,activities/108_260801060832.csv,1,1,0,0
fit:80de1342a3e9944829ab101957c8eddffd3d18cb805507bed707b0e306d3b433,2026-08-01T06:45:39+00:00,2091,353,160,75,3.418,893.8,23,fit:80de1342a3e9944829ab101957c8eddffd3d18cb805507bed707b0e306d3b433:segment:004,4,9427.0,9208,activities/108_260801060832.csv,1,1,0,0
fit:80de1342a3e9944829ab101957c8eddffd3d18cb805507bed707b0e306d3b433,2026-08-01T06:45:40+00:00,2092,328,160,76,3.586,894.0,23,fit:80de1342a3e9944829ab101957c8eddffd3d18cb805507bed707b0e306d3b433:segment:004,4,9428.0,9209,activities/108_260801060832.csv,1,1,0,0
fit:80de1342a3e9944829ab101957c8eddffd3d18cb805507bed707b0e306d3b433,2026-08-01T06:45:41+00:00,2093,308,161,77,3.638,894.2,23,fit:80de1342a3e9944829ab101957c8eddffd3d18cb805507bed707b0e306d3b433:segment:004,4,9429.0,9210,activities/108_260801060832.csv,1,1,0,0
fit:80de1342a3e9944829ab101957c8eddffd3d18cb805507bed707b0e306d3b433,2026-08-01T06:45:42+00:00,2094,258,161,77,3.54,894.5999999999999,23,fit:80de1342a3e9944829ab101957c8eddffd3d18cb805507bed707b0e306d3b433:segment:004,4,9430.0,9211,activities/108_260801060832.csv,1,1,0,0
fit:80de1342a3e9944829ab101957c8eddffd3d18cb805507bed707b0e306d3b433,2026-08-01T06:45:43+00:00,2095,295,161,76,3.191,895.0,23,fit:80de1342a3e9944829ab101957c8eddffd3d18cb805507bed707b0e306d3b433:segment:004,4,9431.0,9212,activities/108_260801060832.csv,1,1,0,0
fit:80de1342a3e9944829ab101957c8eddffd3d18cb805507bed707b0e306d3b433,2026-08-01T06:45:44+00:00,2096,309,162,76,3.249,895.0,23,fit:80de1342a3e9944829ab101957c8eddffd3d18cb805507bed707b0e306d3b433:segment:004,4,9432.0,9213,activities/108_260801060832.csv,1,1,0,0
fit:80de1342a3e9944829ab101957c8eddffd3d18cb805507bed707b0e306d3b433,2026-08-01T06:45:45+00:00,2097,316,162,77,3.283,895.2,23,fit:80de1342a3e9944829ab101957c8eddffd3d18cb805507bed707b0e306d3b433:segment:004,4,9433.0,9214,activities/108_260801060832.csv,1,1,0,0
fit:80de1342a3e9944829ab101957c8eddffd3d18cb805507bed707b0e306d3b433,2026-08-01T06:45:46+00:00,2098,322,162,78,3.344,895.5999999999999,23,fit:80de1342a3e9944829ab101957c8eddffd3d18cb805507bed707b0e306d3b433:segment:004,4,9434.0,9215,activities/108_260801060832.csv,1,1,0,0
fit:80de1342a3e9944829ab101957c8eddffd3d18cb805507bed707b0e306d3b433,2026-08-01T06:45:47+00:00,2099,294,162,83,3.357,895.5999999999999,23,fit:80de1342a3e9944829ab101957c8eddffd3d18cb805507bed707b0e306d3b433:segment:004,4,9435.0,9216,activities/108_260801060832.csv,1,1,0,0
fit:80de1342a3e9944829ab101957c8eddffd3d18cb805507bed707b0e306d3b433,2026-08-01T06:45:48+00:00,2100,290,162,83,3.406,895.5999999999999,23,fit:80de1342a3e9944829ab101957c8eddffd3d18cb805507bed707b0e306d3b433:segment:004,4,9436.0,9217,activities/108_260801060832.csv,1,1,0,0
fit:80de1342a3e9944829ab101957c8eddffd3d18cb805507bed707b0e306d3b433,2026-08-01T06:45:49+00:00,2101,320,162,84,3.429,895.5999999999999,23,fit:80de1342a3e9944829ab101957c8eddffd3d18cb805507bed707b0e306d3b433:segment:004,4,9437.0,9218,activities/108_260801060832.csv,1,1,0,0
fit:80de1342a3e9944829ab101957c8eddffd3d18cb805507bed707b0e306d3b433,2026-08-01T06:45:50+00:00,2102,320,163,84,3.512,896.4000000000001,23,fit:80de1342a3e9944829ab101957c8eddffd3d18cb805507bed707b0e306d3b433:segment:004,4,9438.0,9219,activities/108_260801060832.csv,1,1,0,0
fit:80de1342a3e9944829ab101957c8eddffd3d18cb805507bed707b0e306d3b433,2026-08-01T06:45:51+00:00,2103,295,163,84,3.45,897.2,23,fit:80de1342a3e9944829ab101957c8eddffd3d18cb805507bed707b0e306d3b433:segment:004,4,9439.0,9220,activities/108_260801060832.csv,1,1,0,0
fit:80de1342a3e9944829ab101957c8eddffd3d18cb805507bed707b0e306d3b433,2026-08-01T06:45:52+00:00,2104,299,164,81,3.522,897.4000000000001,23,fit:80de1342a3e9944829ab101957c8eddffd3d18cb805507bed707b0e306d3b433:segment:004,4,9440.0,9221,activities/108_260801060832.csv,1,1,0,0
fit:80de1342a3e9944829ab101957c8eddffd3d18cb805507bed707b0e306d3b433,2026-08-01T06:45:53+00:00,2105,288,165,81,3.647,897.8,23,fit:80de1342a3e9944829ab101957c8eddffd3d18cb805507bed707b0e306d3b433:segment:004,4,9441.0,9222,activities/108_260801060832.csv,1,1,0,0
fit:80de1342a3e9944829ab101957c8eddffd3d18cb805507bed707b0e306d3b433,2026-08-01T06:45:54+00:00,2106,254,165,83,3.696,898.0,23,fit:80de1342a3e9944829ab101957c8eddffd3d18cb805507bed707b0e306d3b433:segment:004,4,9442.0,9223,activities/108_260801060832.csv,1,1,0,0
fit:80de1342a3e9944829ab101957c8eddffd3d18cb805507bed707b0e306d3b433,2026-08-01T06:45:55+00:00,2107,266,165,83,3.755,898.2,23,fit:80de1342a3e9944829ab101957c8eddffd3d18cb805507bed707b0e306d3b433:segment:004,4,9443.0,9224,activities/108_260801060832.csv,1,1,0,0
fit:80de1342a3e9944829ab101957c8eddffd3d18cb805507bed707b0e306d3b433,2026-08-01T06:45:56+00:00,2108,284,165,83,3.859,898.8,23,fit:80de1342a3e9944829ab101957c8eddffd3d18cb805507bed707b0e306d3b433:segment:004,4,9444.0,9225,activities/108_260801060832.csv,1,1,0,0
fit:80de1342a3e9944829ab101957c8eddffd3d18cb805507bed707b0e306d3b433,2026-08-01T06:45:57+00:00,2109,294,165,84,3.837,898.8,23,fit:80de1342a3e9944829ab101957c8eddffd3d18cb805507bed707b0e306d3b433:segment:004,4,9445.0,9226,activities/108_260801060832.csv,1,1,0,0
fit:80de1342a3e9944829ab101957c8eddffd3d18cb805507bed707b0e306d3b433,2026-08-01T06:45:58+00:00,2110,294,165,84,3.975,899.2,23,fit:80de1342a3e9944829ab101957c8eddffd3d18cb805507bed707b0e306d3b433:segment:004,4,9446.0,9227,activities/108_260801060832.csv,1,1,0,0
fit:80de1342a3e9944829ab101957c8eddffd3d18cb805507bed707b0e306d3b433,2026-08-01T06:45:59+00:00,2111,299,166,84,3.962,899.2,23,fit:80de1342a3e9944829ab101957c8eddffd3d18cb805507bed707b0e306d3b433:segment:004,4,9447.0,9228,activities/108_260801060832.csv,1,1,0,0
fit:80de1342a3e9944829ab101957c8eddffd3d18cb805507bed707b0e306d3b433,2026-08-01T06:46:00+00:00,2112,310,166,81,4.007,899.5999999999999,23,fit:80de1342a3e9944829ab101957c8eddffd3d18cb805507bed707b0e306d3b433:segment:004,4,9448.0,9229,activities/108_260801060832.csv,1,1,0,0
fit:80de1342a3e9944829ab101957c8eddffd3d18cb805507bed707b0e306d3b433,2026-08-01T06:46:01+00:00,2113,127,166,79,3.811,899.8,23,fit:80de1342a3e9944829ab101957c8eddffd3d18cb805507bed707b0e306d3b433:segment:004,4,9449.0,9230,activities/108_260801060832.csv,1,1,0,0
fit:80de1342a3e9944829ab101957c8eddffd3d18cb805507bed707b0e306d3b433,2026-08-01T06:46:02+00:00,2114,292,166,76,3.735,900.0,23,fit:80de1342a3e9944829ab101957c8eddffd3d18cb805507bed707b0e306d3b433:segment:004,4,9450.0,9231,activities/108_260801060832.csv,1,1,0,0
fit:80de1342a3e9944829ab101957c8eddffd3d18cb805507bed707b0e306d3b433,2026-08-01T06:46:03+00:00,2115,307,167,77,3.413,900.5999999999999,23,fit:80de1342a3e9944829ab101957c8eddffd3d18cb805507bed707b0e306d3b433:segment:004,4,9451.0,9232,activities/108_260801060832.csv,1,1,0,0
fit:80de1342a3e9944829ab101957c8eddffd3d18cb805507bed707b0e306d3b433,2026-08-01T06:46:04+00:00,2116,298,167,76,3.436,900.8,23,fit:80de1342a3e9944829ab101957c8eddffd3d18cb805507bed707b0e306d3b433:segment:004,4,9452.0,9233,activities/108_260801060832.csv,1,1,0,0
fit:80de1342a3e9944829ab101957c8eddffd3d18cb805507bed707b0e306d3b433,2026-08-01T06:46:05+00:00,2117,296,168,74,3.275,901.0,23,fit:80de1342a3e9944829ab101957c8eddffd3d18cb805507bed707b0e306d3b433:segment:004,4,9453.0,9234,activities/108_260801060832.csv,1,1,0,0
fit:80de1342a3e9944829ab101957c8eddffd3d18cb805507bed707b0e306d3b433,2026-08-01T06:46:06+00:00,2118,313,168,72,3.211,901.5999999999999,23,fit:80de1342a3e9944829ab101957c8eddffd3d18cb805507bed707b0e306d3b433:segment:004,4,9454.0,9235,activities/108_260801060832.csv,1,1,0,0
fit:80de1342a3e9944829ab101957c8eddffd3d18cb805507bed707b0e306d3b433,2026-08-01T06:46:07+00:00,2119,168,169,68,2.996,902.0,23,fit:80de1342a3e9944829ab101957c8eddffd3d18cb805507bed707b0e306d3b433:segment:004,4,9455.0,9236,activities/108_260801060832.csv,1,1,0,0
fit:80de1342a3e9944829ab101957c8eddffd3d18cb805507bed707b0e306d3b433,2026-08-01T06:46:08+00:00,2120,340,169,68,2.839,902.2,23,fit:80de1342a3e9944829ab101957c8eddffd3d18cb805507bed707b0e306d3b433:segment:004,4,9456.0,9237,activities/108_260801060832.csv,1,1,0,0
fit:80de1342a3e9944829ab101957c8eddffd3d18cb805507bed707b0e306d3b433,2026-08-01T06:46:09+00:00,2121,333,169,73,2.786,902.8,23,fit:80de1342a3e9944829ab101957c8eddffd3d18cb805507bed707b0e306d3b433:segment:004,4,9457.0,9238,activities/108_260801060832.csv,1,1,0,0
fit:80de1342a3e9944829ab101957c8eddffd3d18cb805507bed707b0e306d3b433,2026-08-01T06:46:10+00:00,2122,287,169,73,2.756,902.8,23,fit:80de1342a3e9944829ab101957c8eddffd3d18cb805507bed707b0e306d3b433:segment:004,4,9458.0,9239,activities/108_260801060832.csv,1,1,0,0
fit:80de1342a3e9944829ab101957c8eddffd3d18cb805507bed707b0e306d3b433,2026-08-01T06:46:11+00:00,2123,301,170,73,2.77,903.4000000000001,23,fit:80de1342a3e9944829ab101957c8eddffd3d18cb805507bed707b0e306d3b433:segment:004,4,9459.0,9240,activities/108_260801060832.csv,1,1,0,0
fit:80de1342a3e9944829ab101957c8eddffd3d18cb805507bed707b0e306d3b433,2026-08-01T06:46:12+00:00,2124,324,170,70,2.549,904.0,23,fit:80de1342a3e9944829ab101957c8eddffd3d18cb805507bed707b0e306d3b433:segment:004,4,9460.0,9241,activities/108_260801060832.csv,1,1,0,0
fit:80de1342a3e9944829ab101957c8eddffd3d18cb805507bed707b0e306d3b433,2026-08-01T06:46:13+00:00,2125,324,170,70,2.504,904.4000000000001,23,fit:80de1342a3e9944829ab101957c8eddffd3d18cb805507bed707b0e306d3b433:segment:004,4,9461.0,9242,activities/108_260801060832.csv,1,1,0,0
fit:80de1342a3e9944829ab101957c8eddffd3d18cb805507bed707b0e306d3b433,2026-08-01T06:46:14+00:00,2126,292,170,70,2.614,904.4000000000001,23,fit:80de1342a3e9944829ab101957c8eddffd3d18cb805507bed707b0e306d3b433:segment:004,4,9462.0,9243,activities/108_260801060832.csv,1,1,0,0
fit:80de1342a3e9944829ab101957c8eddffd3d18cb805507bed707b0e306d3b433,2026-08-01T06:46:15+00:00,2127,293,171,76,2.622,904.4000000000001,23,fit:80de1342a3e9944829ab101957c8eddffd3d18cb805507bed707b0e306d3b433:segment:004,4,9463.0,9244,activities/108_260801060832.csv,1,1,0,0
fit:80de1342a3e9944829ab101957c8eddffd3d18cb805507bed707b0e306d3b433,2026-08-01T06:46:16+00:00,2128,261,171,78,2.836,904.4000000000001,23,fit:80de1342a3e9944829ab101957c8eddffd3d18cb805507bed707b0e306d3b433:segment:004,4,9464.0,9245,activities/108_260801060832.csv,1,1,0,0
fit:80de1342a3e9944829ab101957c8eddffd3d18cb805507bed707b0e306d3b433,2026-08-01T06:46:17+00:00,2129,195,171,80,3.003,904.4000000000001,23,fit:80de1342a3e9944829ab101957c8eddffd3d18cb805507bed707b0e306d3b433:segment:004,4,9465.0,9246,activities/108_260801060832.csv,1,1,0,0
fit:80de1342a3e9944829ab101957c8eddffd3d18cb805507bed707b0e306d3b433,2026-08-01T06:46:18+00:00,2130,168,171,82,2.943,904.8,23,fit:80de1342a3e9944829ab101957c8eddffd3d18cb805507bed707b0e306d3b433:segment:004,4,9466.0,9247,activities/108_260801060832.csv,1,1,0,0
fit:80de1342a3e9944829ab101957c8eddffd3d18cb805507bed707b0e306d3b433,2026-08-01T06:46:19+00:00,2131,197,171,80,2.925,905.2,23,fit:80de1342a3e9944829ab101957c8eddffd3d18cb805507bed707b0e306d3b433:segment:004,4,9467.0,9248,activities/108_260801060832.csv,1,1,0,0
fit:80de1342a3e9944829ab101957c8eddffd3d18cb805507bed707b0e306d3b433,2026-08-01T06:46:20+00:00,2132,211,172,77,2.969,905.8,23,fit:80de1342a3e9944829ab101957c8eddffd3d18cb805507bed707b0e306d3b433:segment:004,4,9468.0,9249,activities/108_260801060832.csv,1,1,0,0
fit:80de1342a3e9944829ab101957c8eddffd3d18cb805507bed707b0e306d3b433,2026-08-01T06:46:21+00:00,2133,212,171,77,2.952,905.8,23,fit:80de1342a3e9944829ab101957c8eddffd3d18cb805507bed707b0e306d3b433:segment:004,4,9469.0,9250,activities/108_260801060832.csv,1,1,0,0
fit:80de1342a3e9944829ab101957c8eddffd3d18cb805507bed707b0e306d3b433,2026-08-01T06:46:22+00:00,2134,199,171,78,2.926,905.8,23,fit:80de1342a3e9944829ab101957c8eddffd3d18cb805507bed707b0e306d3b433:segment:004,4,9470.0,9251,activities/108_260801060832.csv,1,1,0,0
fit:80de1342a3e9944829ab101957c8eddffd3d18cb805507bed707b0e306d3b433,2026-08-01T06:46:23+00:00,2135,203,171,78,2.914,905.8,23,fit:80de1342a3e9944829ab101957c8eddffd3d18cb805507bed707b0e306d3b433:segment:004,4,9471.0,9252,activities/108_260801060832.csv,1,1,0,0
fit:80de1342a3e9944829ab101957c8eddffd3d18cb805507bed707b0e306d3b433,2026-08-01T06:46:24+00:00,2136,176,171,78,2.801,905.8,23,fit:80de1342a3e9944829ab101957c8eddffd3d18cb805507bed707b0e306d3b433:segment:004,4,9472.0,9253,activities/108_260801060832.csv,1,1,0,0
fit:80de1342a3e9944829ab101957c8eddffd3d18cb805507bed707b0e306d3b433,2026-08-01T06:46:25+00:00,2137,202,171,77,2.86,906.8,23,fit:80de1342a3e9944829ab101957c8eddffd3d18cb805507bed707b0e306d3b433:segment:004,4,9473.0,9254,activities/108_260801060832.csv,1,1,0,0
fit:80de1342a3e9944829ab101957c8eddffd3d18cb805507bed707b0e306d3b433,2026-08-01T06:46:26+00:00,2138,202,171,76,2.801,907.8,23,fit:80de1342a3e9944829ab101957c8eddffd3d18cb805507bed707b0e306d3b433:segment:004,4,9474.0,9255,activities/108_260801060832.csv,1,1,0,0
fit:80de1342a3e9944829ab101957c8eddffd3d18cb805507bed707b0e306d3b433,2026-08-01T06:46:27+00:00,2139,215,171,76,2.815,907.8,23,fit:80de1342a3e9944829ab101957c8eddffd3d18cb805507bed707b0e306d3b433:segment:004,4,9475.0,9256,activities/108_260801060832.csv,1,1,0,0
fit:80de1342a3e9944829ab101957c8eddffd3d18cb805507bed707b0e306d3b433,2026-08-01T06:46:28+00:00,2140,216,171,78,2.829,907.8,23,fit:80de1342a3e9944829ab101957c8eddffd3d18cb805507bed707b0e306d3b433:segment:004,4,9476.0,9257,activities/108_260801060832.csv,1,1,0,0
fit:80de1342a3e9944829ab101957c8eddffd3d18cb805507bed707b0e306d3b433,2026-08-01T06:46:29+00:00,2141,221,171,77,2.928,907.8,23,fit:80de1342a3e9944829ab101957c8eddffd3d18cb805507bed707b0e306d3b433:segment:004,4,9477.0,9258,activities/108_260801060832.csv,1,1,0,0
fit:80de1342a3e9944829ab101957c8eddffd3d18cb805507bed707b0e306d3b433,2026-08-01T06:46:30+00:00,2142,214,170,77,2.889,907.8,23,fit:80de1342a3e9944829ab101957c8eddffd3d18cb805507bed707b0e306d3b433:segment:004,4,9478.0,9259,activities/108_260801060832.csv,1,1,0,0
fit:80de1342a3e9944829ab101957c8eddffd3d18cb805507bed707b0e306d3b433,2026-08-01T06:46:31+00:00,2143,221,170,74,2.766,907.8,23,fit:80de1342a3e9944829ab101957c8eddffd3d18cb805507bed707b0e306d3b433:segment:004,4,9479.0,9260,activities/108_260801060832.csv,1,1,0,0
fit:80de1342a3e9944829ab101957c8eddffd3d18cb805507bed707b0e306d3b433,2026-08-01T06:46:32+00:00,2144,264,170,74,2.677,907.8,23,fit:80de1342a3e9944829ab101957c8eddffd3d18cb805507bed707b0e306d3b433:segment:004,4,9480.0,9261,activities/108_260801060832.csv,1,1,0,0
fit:80de1342a3e9944829ab101957c8eddffd3d18cb805507bed707b0e306d3b433,2026-08-01T06:46:33+00:00,2145,242,169,74,2.66,908.5999999999999,23,fit:80de1342a3e9944829ab101957c8eddffd3d18cb805507bed707b0e306d3b433:segment:004,4,9481.0,9262,activities/108_260801060832.csv,1,1,0,0
fit:80de1342a3e9944829ab101957c8eddffd3d18cb805507bed707b0e306d3b433,2026-08-01T06:46:34+00:00,2146,256,169,72,2.606,908.8,23,fit:80de1342a3e9944829ab101957c8eddffd3d18cb805507bed707b0e306d3b433:segment:004,4,9482.0,9263,activities/108_260801060832.csv,1,1,0,0
fit:80de1342a3e9944829ab101957c8eddffd3d18cb805507bed707b0e306d3b433,2026-08-01T06:46:35+00:00,2147,251,169,74,2.624,908.8,23,fit:80de1342a3e9944829ab101957c8eddffd3d18cb805507bed707b0e306d3b433:segment:004,4,9483.0,9264,activities/108_260801060832.csv,1,1,0,0
fit:80de1342a3e9944829ab101957c8eddffd3d18cb805507bed707b0e306d3b433,2026-08-01T06:46:36+00:00,2148,251,169,75,2.652,908.8,23,fit:80de1342a3e9944829ab101957c8eddffd3d18cb805507bed707b0e306d3b433:segment:004,4,9484.0,9265,activities/108_260801060832.csv,1,1,0,0
fit:80de1342a3e9944829ab101957c8eddffd3d18cb805507bed707b0e306d3b433,2026-08-01T06:46:37+00:00,2149,272,169,74,2.704,908.8,23,fit:80de1342a3e9944829ab101957c8eddffd3d18cb805507bed707b0e306d3b433:segment:004,4,9485.0,9266,activities/108_260801060832.csv,1,1,0,0
fit:80de1342a3e9944829ab101957c8eddffd3d18cb805507bed707b0e306d3b433,2026-08-01T06:46:38+00:00,2150,256,168,74,2.771,909.8,23,fit:80de1342a3e9944829ab101957c8eddffd3d18cb805507bed707b0e306d3b433:segment:004,4,9486.0,9267,activities/108_260801060832.csv,1,1,0,0
fit:80de1342a3e9944829ab101957c8eddffd3d18cb805507bed707b0e306d3b433,2026-08-01T06:46:39+00:00,2151,268,168,78,2.885,910.0,23,fit:80de1342a3e9944829ab101957c8eddffd3d18cb805507bed707b0e306d3b433:segment:004,4,9487.0,9268,activities/108_260801060832.csv,1,1,0,0
fit:80de1342a3e9944829ab101957c8eddffd3d18cb805507bed707b0e306d3b433,2026-08-01T06:46:40+00:00,2152,247,169,80,2.959,910.2,23,fit:80de1342a3e9944829ab101957c8eddffd3d18cb805507bed707b0e306d3b433:segment:004,4,9488.0,9269,activities/108_260801060832.csv,1,1,0,0
fit:80de1342a3e9944829ab101957c8eddffd3d18cb805507bed707b0e306d3b433,2026-08-01T06:46:41+00:00,2153,247,169,79,2.952,910.5999999999999,23,fit:80de1342a3e9944829ab101957c8eddffd3d18cb805507bed707b0e306d3b433:segment:004,4,9489.0,9270,activities/108_260801060832.csv,1,1,0,0
fit:80de1342a3e9944829ab101957c8eddffd3d18cb805507bed707b0e306d3b433,2026-08-01T06:46:42+00:00,2154,266,169,79,2.942,911.2,23,fit:80de1342a3e9944829ab101957c8eddffd3d18cb805507bed707b0e306d3b433:segment:004,4,9490.0,9271,activities/108_260801060832.csv,1,1,0,0
fit:80de1342a3e9944829ab101957c8eddffd3d18cb805507bed707b0e306d3b433,2026-08-01T06:46:43+00:00,2155,254,169,79,2.859,911.4000000000001,23,fit:80de1342a3e9944829ab101957c8eddffd3d18cb805507bed707b0e306d3b433:segment:004,4,9491.0,9272,activities/108_260801060832.csv,1,1,0,0
fit:80de1342a3e9944829ab101957c8eddffd3d18cb805507bed707b0e306d3b433,2026-08-01T06:46:44+00:00,2156,287,169,78,2.699,911.5999999999999,23,fit:80de1342a3e9944829ab101957c8eddffd3d18cb805507bed707b0e306d3b433:segment:004,4,9492.0,9273,activities/108_260801060832.csv,1,1,0,0
fit:80de1342a3e9944829ab101957c8eddffd3d18cb805507bed707b0e306d3b433,2026-08-01T06:46:45+00:00,2157,288,169,76,2.608,911.8,23,fit:80de1342a3e9944829ab101957c8eddffd3d18cb805507bed707b0e306d3b433:segment:004,4,9493.0,9274,activities/108_260801060832.csv,1,1,0,0
fit:80de1342a3e9944829ab101957c8eddffd3d18cb805507bed707b0e306d3b433,2026-08-01T06:46:46+00:00,2158,298,169,76,2.58,911.8,23,fit:80de1342a3e9944829ab101957c8eddffd3d18cb805507bed707b0e306d3b433:segment:004,4,9494.0,9275,activities/108_260801060832.csv,1,1,0,0
fit:80de1342a3e9944829ab101957c8eddffd3d18cb805507bed707b0e306d3b433,2026-08-01T06:46:47+00:00,2159,270,169,78,2.773,911.8,23,fit:80de1342a3e9944829ab101957c8eddffd3d18cb805507bed707b0e306d3b433:segment:004,4,9495.0,9276,activities/108_260801060832.csv,1,1,0,0
fit:80de1342a3e9944829ab101957c8eddffd3d18cb805507bed707b0e306d3b433,2026-08-01T06:46:48+00:00,2160,252,169,78,2.872,911.8,23,fit:80de1342a3e9944829ab101957c8eddffd3d18cb805507bed707b0e306d3b433:segment:004,4,9496.0,9277,activities/108_260801060832.csv,1,1,0,0
fit:80de1342a3e9944829ab101957c8eddffd3d18cb805507bed707b0e306d3b433,2026-08-01T06:46:49+00:00,2161,265,169,79,2.858,912.8,23,fit:80de1342a3e9944829ab101957c8eddffd3d18cb805507bed707b0e306d3b433:segment:004,4,9497.0,9278,activities/108_260801060832.csv,1,1,0,0
fit:80de1342a3e9944829ab101957c8eddffd3d18cb805507bed707b0e306d3b433,2026-08-01T06:46:50+00:00,2162,244,169,80,2.891,913.8,23,fit:80de1342a3e9944829ab101957c8eddffd3d18cb805507bed707b0e306d3b433:segment:004,4,9498.0,9279,activities/108_260801060832.csv,1,1,0,0
fit:80de1342a3e9944829ab101957c8eddffd3d18cb805507bed707b0e306d3b433,2026-08-01T06:46:51+00:00,2163,222,169,82,2.976,913.8,23,fit:80de1342a3e9944829ab101957c8eddffd3d18cb805507bed707b0e306d3b433:segment:004,4,9499.0,9280,activities/108_260801060832.csv,1,1,0,0
fit:80de1342a3e9944829ab101957c8eddffd3d18cb805507bed707b0e306d3b433,2026-08-01T06:46:52+00:00,2164,284,169,78,2.851,913.8,23,fit:80de1342a3e9944829ab101957c8eddffd3d18cb805507bed707b0e306d3b433:segment:004,4,9500.0,9281,activities/108_260801060832.csv,1,1,0,0
fit:80de1342a3e9944829ab101957c8eddffd3d18cb805507bed707b0e306d3b433,2026-08-01T06:46:53+00:00,2165,270,169,78,2.868,913.8,23,fit:80de1342a3e9944829ab101957c8eddffd3d18cb805507bed707b0e306d3b433:segment:004,4,9501.0,9282,activities/108_260801060832.csv,1,1,0,0
fit:80de1342a3e9944829ab101957c8eddffd3d18cb805507bed707b0e306d3b433,2026-08-01T06:46:54+00:00,2166,256,169,80,2.867,913.8,23,fit:80de1342a3e9944829ab101957c8eddffd3d18cb805507bed707b0e306d3b433:segment:004,4,9502.0,9283,activities/108_260801060832.csv,1,1,0,0
fit:80de1342a3e9944829ab101957c8eddffd3d18cb805507bed707b0e306d3b433,2026-08-01T06:46:55+00:00,2167,278,169,79,2.928,914.8,23,fit:80de1342a3e9944829ab101957c8eddffd3d18cb805507bed707b0e306d3b433:segment:004,4,9503.0,9284,activities/108_260801060832.csv,1,1,0,0
fit:80de1342a3e9944829ab101957c8eddffd3d18cb805507bed707b0e306d3b433,2026-08-01T06:46:56+00:00,2168,279,169,79,2.869,915.2,23,fit:80de1342a3e9944829ab101957c8eddffd3d18cb805507bed707b0e306d3b433:segment:004,4,9504.0,9285,activities/108_260801060832.csv,1,1,0,0
fit:80de1342a3e9944829ab101957c8eddffd3d18cb805507bed707b0e306d3b433,2026-08-01T06:46:57+00:00,2169,285,169,79,2.994,915.8,23,fit:80de1342a3e9944829ab101957c8eddffd3d18cb805507bed707b0e306d3b433:segment:004,4,9505.0,9286,activities/108_260801060832.csv,1,1,0,0
fit:80de1342a3e9944829ab101957c8eddffd3d18cb805507bed707b0e306d3b433,2026-08-01T06:46:58+00:00,2170,279,169,78,2.903,916.2,23,fit:80de1342a3e9944829ab101957c8eddffd3d18cb805507bed707b0e306d3b433:segment:004,4,9506.0,9287,activities/108_260801060832.csv,1,1,0,0
fit:80de1342a3e9944829ab101957c8eddffd3d18cb805507bed707b0e306d3b433,2026-08-01T06:46:59+00:00,2171,275,169,74,2.964,916.2,23,fit:80de1342a3e9944829ab101957c8eddffd3d18cb805507bed707b0e306d3b433:segment:004,4,9507.0,9288,activities/108_260801060832.csv,1,1,0,0
fit:80de1342a3e9944829ab101957c8eddffd3d18cb805507bed707b0e306d3b433,2026-08-01T06:47:00+00:00,2172,275,169,75,2.908,916.2,23,fit:80de1342a3e9944829ab101957c8eddffd3d18cb805507bed707b0e306d3b433:segment:004,4,9508.0,9289,activities/108_260801060832.csv,1,1,0,0
fit:80de1342a3e9944829ab101957c8eddffd3d18cb805507bed707b0e306d3b433,2026-08-01T06:47:01+00:00,2173,275,169,75,2.888,916.2,23,fit:80de1342a3e9944829ab101957c8eddffd3d18cb805507bed707b0e306d3b433:segment:004,4,9509.0,9290,activities/108_260801060832.csv,1,1,0,0
fit:80de1342a3e9944829ab101957c8eddffd3d18cb805507bed707b0e306d3b433,2026-08-01T06:47:02+00:00,2174,261,168,75,2.848,916.2,23,fit:80de1342a3e9944829ab101957c8eddffd3d18cb805507bed707b0e306d3b433:segment:004,4,9510.0,9291,activities/108_260801060832.csv,1,1,0,0
fit:80de1342a3e9944829ab101957c8eddffd3d18cb805507bed707b0e306d3b433,2026-08-01T06:47:03+00:00,2175,245,168,75,2.815,916.2,23,fit:80de1342a3e9944829ab101957c8eddffd3d18cb805507bed707b0e306d3b433:segment:004,4,9511.0,9292,activities/108_260801060832.csv,1,1,0,0
fit:80de1342a3e9944829ab101957c8eddffd3d18cb805507bed707b0e306d3b433,2026-08-01T06:47:04+00:00,2176,263,168,77,2.76,917.0,23,fit:80de1342a3e9944829ab101957c8eddffd3d18cb805507bed707b0e306d3b433:segment:004,4,9512.0,9293,activities/108_260801060832.csv,1,1,0,0
fit:80de1342a3e9944829ab101957c8eddffd3d18cb805507bed707b0e306d3b433,2026-08-01T06:47:05+00:00,2177,269,168,75,2.791,917.4000000000001,23,fit:80de1342a3e9944829ab101957c8eddffd3d18cb805507bed707b0e306d3b433:segment:004,4,9513.0,9294,activities/108_260801060832.csv,1,1,0,0
fit:80de1342a3e9944829ab101957c8eddffd3d18cb805507bed707b0e306d3b433,2026-08-01T06:47:06+00:00,2178,270,167,77,2.956,918.4000000000001,23,fit:80de1342a3e9944829ab101957c8eddffd3d18cb805507bed707b0e306d3b433:segment:004,4,9514.0,9295,activities/108_260801060832.csv,1,1,0,0
fit:80de1342a3e9944829ab101957c8eddffd3d18cb805507bed707b0e306d3b433,2026-08-01T06:47:07+00:00,2179,273,167,77,2.797,918.4000000000001,23,fit:80de1342a3e9944829ab101957c8eddffd3d18cb805507bed707b0e306d3b433:segment:004,4,9515.0,9296,activities/108_260801060832.csv,1,1,0,0
fit:80de1342a3e9944829ab101957c8eddffd3d18cb805507bed707b0e306d3b433,2026-08-01T06:47:08+00:00,2180,281,168,76,2.766,918.4000000000001,23,fit:80de1342a3e9944829ab101957c8eddffd3d18cb805507bed707b0e306d3b433:segment:004,4,9516.0,9297,activities/108_260801060832.csv,1,1,0,0
fit:80de1342a3e9944829ab101957c8eddffd3d18cb805507bed707b0e306d3b433,2026-08-01T06:47:09+00:00,2181,284,168,77,2.77,918.0,23,fit:80de1342a3e9944829ab101957c8eddffd3d18cb805507bed707b0e306d3b433:segment:004,4,9517.0,9298,activities/108_260801060832.csv,1,1,0,0
fit:80de1342a3e9944829ab101957c8eddffd3d18cb805507bed707b0e306d3b433,2026-08-01T06:47:10+00:00,2182,284,168,77,2.83,918.0,23,fit:80de1342a3e9944829ab101957c8eddffd3d18cb805507bed707b0e306d3b433:segment:004,4,9518.0,9299,activities/108_260801060832.csv,1,1,0,0
fit:80de1342a3e9944829ab101957c8eddffd3d18cb805507bed707b0e306d3b433,2026-08-01T06:47:11+00:00,2183,285,168,77,2.948,918.0,23,fit:80de1342a3e9944829ab101957c8eddffd3d18cb805507bed707b0e306d3b433:segment:004,4,9519.0,9300,activities/108_260801060832.csv,1,1,0,0
fit:80de1342a3e9944829ab101957c8eddffd3d18cb805507bed707b0e306d3b433,2026-08-01T06:47:12+00:00,2184,272,168,79,2.886,918.8,23,fit:80de1342a3e9944829ab101957c8eddffd3d18cb805507bed707b0e306d3b433:segment:004,4,9520.0,9301,activities/108_260801060832.csv,1,1,0,0
fit:80de1342a3e9944829ab101957c8eddffd3d18cb805507bed707b0e306d3b433,2026-08-01T06:47:13+00:00,2185,271,169,80,2.992,919.8,23,fit:80de1342a3e9944829ab101957c8eddffd3d18cb805507bed707b0e306d3b433:segment:004,4,9521.0,9302,activities/108_260801060832.csv,1,1,0,0
fit:80de1342a3e9944829ab101957c8eddffd3d18cb805507bed707b0e306d3b433,2026-08-01T06:47:14+00:00,2186,271,169,81,3.029,920.5999999999999,23,fit:80de1342a3e9944829ab101957c8eddffd3d18cb805507bed707b0e306d3b433:segment:004,4,9522.0,9303,activities/108_260801060832.csv,1,1,0,0
fit:80de1342a3e9944829ab101957c8eddffd3d18cb805507bed707b0e306d3b433,2026-08-01T06:47:15+00:00,2187,280,169,82,3.018,920.5999999999999,23,fit:80de1342a3e9944829ab101957c8eddffd3d18cb805507bed707b0e306d3b433:segment:004,4,9523.0,9304,activities/108_260801060832.csv,1,1,0,0
fit:80de1342a3e9944829ab101957c8eddffd3d18cb805507bed707b0e306d3b433,2026-08-01T06:47:16+00:00,2188,241,169,84,3.004,920.5999999999999,23,fit:80de1342a3e9944829ab101957c8eddffd3d18cb805507bed707b0e306d3b433:segment:004,4,9524.0,9305,activities/108_260801060832.csv,1,1,0,0
fit:80de1342a3e9944829ab101957c8eddffd3d18cb805507bed707b0e306d3b433,2026-08-01T06:47:17+00:00,2189,299,170,86,2.998,920.5999999999999,23,fit:80de1342a3e9944829ab101957c8eddffd3d18cb805507bed707b0e306d3b433:segment:004,4,9525.0,9306,activities/108_260801060832.csv,1,1,0,0
fit:80de1342a3e9944829ab101957c8eddffd3d18cb805507bed707b0e306d3b433,2026-08-01T06:47:18+00:00,2190,263,170,89,3.227,920.5999999999999,23,fit:80de1342a3e9944829ab101957c8eddffd3d18cb805507bed707b0e306d3b433:segment:004,4,9526.0,9307,activities/108_260801060832.csv,1,1,0,0
fit:80de1342a3e9944829ab101957c8eddffd3d18cb805507bed707b0e306d3b433,2026-08-01T06:47:19+00:00,2191,241,170,88,3.264,920.5999999999999,23,fit:80de1342a3e9944829ab101957c8eddffd3d18cb805507bed707b0e306d3b433:segment:004,4,9527.0,9308,activities/108_260801060832.csv,1,1,0,0
fit:80de1342a3e9944829ab101957c8eddffd3d18cb805507bed707b0e306d3b433,2026-08-01T06:47:20+00:00,2192,205,171,88,3.075,920.5999999999999,23,fit:80de1342a3e9944829ab101957c8eddffd3d18cb805507bed707b0e306d3b433:segment:004,4,9528.0,9309,activities/108_260801060832.csv,1,1,0,0
fit:80de1342a3e9944829ab101957c8eddffd3d18cb805507bed707b0e306d3b433,2026-08-01T06:47:21+00:00,2193,181,171,87,3.163,920.5999999999999,23,fit:80de1342a3e9944829ab101957c8eddffd3d18cb805507bed707b0e306d3b433:segment:004,4,9529.0,9310,activities/108_260801060832.csv,1,1,0,0
fit:80de1342a3e9944829ab101957c8eddffd3d18cb805507bed707b0e306d3b433,2026-08-01T06:47:22+00:00,2194,171,171,86,3.085,921.5999999999999,23,fit:80de1342a3e9944829ab101957c8eddffd3d18cb805507bed707b0e306d3b433:segment:004,4,9530.0,9311,activities/108_260801060832.csv,1,1,0,0
fit:80de1342a3e9944829ab101957c8eddffd3d18cb805507bed707b0e306d3b433,2026-08-01T06:47:23+00:00,2195,197,171,86,3.03,921.8,23,fit:80de1342a3e9944829ab101957c8eddffd3d18cb805507bed707b0e306d3b433:segment:004,4,9531.0,9312,activities/108_260801060832.csv,1,1,0,0
fit:80de1342a3e9944829ab101957c8eddffd3d18cb805507bed707b0e306d3b433,2026-08-01T06:47:24+00:00,2196,188,170,86,3.223,922.4000000000001,23,fit:80de1342a3e9944829ab101957c8eddffd3d18cb805507bed707b0e306d3b433:segment:004,4,9532.0,9313,activities/108_260801060832.csv,1,1,0,0
fit:80de1342a3e9944829ab101957c8eddffd3d18cb805507bed707b0e306d3b433,2026-08-01T06:47:25+00:00,2197,201,170,84,3.18,922.4000000000001,23,fit:80de1342a3e9944829ab101957c8eddffd3d18cb805507bed707b0e306d3b433:segment:004,4,9533.0,9314,activities/108_260801060832.csv,1,1,0,0
fit:80de1342a3e9944829ab101957c8eddffd3d18cb805507bed707b0e306d3b433,2026-08-01T06:47:26+00:00,2198,167,170,85,3.053,923.2,23,fit:80de1342a3e9944829ab101957c8eddffd3d18cb805507bed707b0e306d3b433:segment:004,4,9534.0,9315,activities/108_260801060832.csv,1,1,0,0
fit:80de1342a3e9944829ab101957c8eddffd3d18cb805507bed707b0e306d3b433,2026-08-01T06:47:27+00:00,2199,167,170,85,3.004,923.2,23,fit:80de1342a3e9944829ab101957c8eddffd3d18cb805507bed707b0e306d3b433:segment:004,4,9535.0,9316,activities/108_260801060832.csv,1,1,0,0
fit:80de1342a3e9944829ab101957c8eddffd3d18cb805507bed707b0e306d3b433,2026-08-01T06:47:28+00:00,2200,184,169,85,2.941,923.2,23,fit:80de1342a3e9944829ab101957c8eddffd3d18cb805507bed707b0e306d3b433:segment:004,4,9536.0,9317,activities/108_260801060832.csv,1,1,0,0
fit:80de1342a3e9944829ab101957c8eddffd3d18cb805507bed707b0e306d3b433,2026-08-01T06:47:29+00:00,2201,195,169,85,3.124,922.4000000000001,23,fit:80de1342a3e9944829ab101957c8eddffd3d18cb805507bed707b0e306d3b433:segment:004,4,9537.0,9318,activities/108_260801060832.csv,1,1,0,0
fit:80de1342a3e9944829ab101957c8eddffd3d18cb805507bed707b0e306d3b433,2026-08-01T06:47:30+00:00,2202,247,169,85,3.227,922.4000000000001,23,fit:80de1342a3e9944829ab101957c8eddffd3d18cb805507bed707b0e306d3b433:segment:004,4,9538.0,9319,activities/108_260801060832.csv,1,1,0,0
fit:80de1342a3e9944829ab101957c8eddffd3d18cb805507bed707b0e306d3b433,2026-08-01T06:47:31+00:00,2203,232,169,85,3.07,922.4000000000001,23,fit:80de1342a3e9944829ab101957c8eddffd3d18cb805507bed707b0e306d3b433:segment:004,4,9539.0,9320,activities/108_260801060832.csv,1,1,0,0
fit:80de1342a3e9944829ab101957c8eddffd3d18cb805507bed707b0e306d3b433,2026-08-01T06:47:32+00:00,2204,200,169,86,2.997,923.4000000000001,23,fit:80de1342a3e9944829ab101957c8eddffd3d18cb805507bed707b0e306d3b433:segment:004,4,9540.0,9321,activities/108_260801060832.csv,1,1,0,0
fit:80de1342a3e9944829ab101957c8eddffd3d18cb805507bed707b0e306d3b433,2026-08-01T06:47:33+00:00,2205,252,168,86,2.975,924.0,23,fit:80de1342a3e9944829ab101957c8eddffd3d18cb805507bed707b0e306d3b433:segment:004,4,9541.0,9322,activities/108_260801060832.csv,1,1,0,0
fit:80de1342a3e9944829ab101957c8eddffd3d18cb805507bed707b0e306d3b433,2026-08-01T06:47:34+00:00,2206,249,168,84,3.032,924.2,23,fit:80de1342a3e9944829ab101957c8eddffd3d18cb805507bed707b0e306d3b433:segment:004,4,9542.0,9323,activities/108_260801060832.csv,1,1,0,0
fit:80de1342a3e9944829ab101957c8eddffd3d18cb805507bed707b0e306d3b433,2026-08-01T06:47:35+00:00,2207,249,168,84,3.042,924.2,23,fit:80de1342a3e9944829ab101957c8eddffd3d18cb805507bed707b0e306d3b433:segment:004,4,9543.0,9324,activities/108_260801060832.csv,1,1,0,0
fit:80de1342a3e9944829ab101957c8eddffd3d18cb805507bed707b0e306d3b433,2026-08-01T06:47:36+00:00,2208,236,168,81,2.954,924.5999999999999,23,fit:80de1342a3e9944829ab101957c8eddffd3d18cb805507bed707b0e306d3b433:segment:004,4,9544.0,9325,activities/108_260801060832.csv,1,1,0,0
fit:80de1342a3e9944829ab101957c8eddffd3d18cb805507bed707b0e306d3b433,2026-08-01T06:47:37+00:00,2209,283,168,80,2.881,925.4000000000001,23,fit:80de1342a3e9944829ab101957c8eddffd3d18cb805507bed707b0e306d3b433:segment:004,4,9545.0,9326,activities/108_260801060832.csv,1,1,0,0
fit:80de1342a3e9944829ab101957c8eddffd3d18cb805507bed707b0e306d3b433,2026-08-01T06:47:38+00:00,2210,270,168,80,2.788,925.5999999999999,23,fit:80de1342a3e9944829ab101957c8eddffd3d18cb805507bed707b0e306d3b433:segment:004,4,9546.0,9327,activities/108_260801060832.csv,1,1,0,0
fit:80de1342a3e9944829ab101957c8eddffd3d18cb805507bed707b0e306d3b433,2026-08-01T06:47:39+00:00,2211,283,168,80,2.916,925.5999999999999,23,fit:80de1342a3e9944829ab101957c8eddffd3d18cb805507bed707b0e306d3b433:segment:004,4,9547.0,9328,activities/108_260801060832.csv,1,1,0,0
fit:80de1342a3e9944829ab101957c8eddffd3d18cb805507bed707b0e306d3b433,2026-08-01T06:47:40+00:00,2212,338,169,79,2.869,925.5999999999999,23,fit:80de1342a3e9944829ab101957c8eddffd3d18cb805507bed707b0e306d3b433:segment:004,4,9548.0,9329,activities/108_260801060832.csv,1,1,0,0
fit:80de1342a3e9944829ab101957c8eddffd3d18cb805507bed707b0e306d3b433,2026-08-01T06:47:41+00:00,2213,352,169,82,2.772,925.5999999999999,23,fit:80de1342a3e9944829ab101957c8eddffd3d18cb805507bed707b0e306d3b433:segment:004,4,9549.0,9330,activities/108_260801060832.csv,1,1,0,0
fit:80de1342a3e9944829ab101957c8eddffd3d18cb805507bed707b0e306d3b433,2026-08-01T06:47:42+00:00,2214,292,169,82,2.86,925.5999999999999,23,fit:80de1342a3e9944829ab101957c8eddffd3d18cb805507bed707b0e306d3b433:segment:004,4,9550.0,9331,activities/108_260801060832.csv,1,1,0,0
fit:80de1342a3e9944829ab101957c8eddffd3d18cb805507bed707b0e306d3b433,2026-08-01T06:47:43+00:00,2215,272,169,85,2.987,926.5999999999999,23,fit:80de1342a3e9944829ab101957c8eddffd3d18cb805507bed707b0e306d3b433:segment:004,4,9551.0,9332,activities/108_260801060832.csv,1,1,0,0
fit:80de1342a3e9944829ab101957c8eddffd3d18cb805507bed707b0e306d3b433,2026-08-01T06:47:44+00:00,2216,292,169,83,3.087,927.0,23,fit:80de1342a3e9944829ab101957c8eddffd3d18cb805507bed707b0e306d3b433:segment:004,4,9552.0,9333,activities/108_260801060832.csv,1,1,0,0
fit:80de1342a3e9944829ab101957c8eddffd3d18cb805507bed707b0e306d3b433,2026-08-01T06:47:45+00:00,2217,258,169,82,3.077,927.0,23,fit:80de1342a3e9944829ab101957c8eddffd3d18cb805507bed707b0e306d3b433:segment:004,4,9553.0,9334,activities/108_260801060832.csv,1,1,0,0
fit:80de1342a3e9944829ab101957c8eddffd3d18cb805507bed707b0e306d3b433,2026-08-01T06:47:46+00:00,2218,264,169,78,2.966,927.0,23,fit:80de1342a3e9944829ab101957c8eddffd3d18cb805507bed707b0e306d3b433:segment:004,4,9554.0,9335,activities/108_260801060832.csv,1,1,0,0
fit:80de1342a3e9944829ab101957c8eddffd3d18cb805507bed707b0e306d3b433,2026-08-01T06:47:47+00:00,2219,267,169,77,3.045,927.0,23,fit:80de1342a3e9944829ab101957c8eddffd3d18cb805507bed707b0e306d3b433:segment:004,4,9555.0,9336,activities/108_260801060832.csv,1,1,0,0
fit:80de1342a3e9944829ab101957c8eddffd3d18cb805507bed707b0e306d3b433,2026-08-01T06:47:48+00:00,2220,278,169,77,2.894,928.0,23,fit:80de1342a3e9944829ab101957c8eddffd3d18cb805507bed707b0e306d3b433:segment:004,4,9556.0,9337,activities/108_260801060832.csv,1,1,0,0
fit:80de1342a3e9944829ab101957c8eddffd3d18cb805507bed707b0e306d3b433,2026-08-01T06:47:49+00:00,2221,311,169,78,2.818,928.2,23,fit:80de1342a3e9944829ab101957c8eddffd3d18cb805507bed707b0e306d3b433:segment:004,4,9557.0,9338,activities/108_260801060832.csv,1,1,0,0
fit:80de1342a3e9944829ab101957c8eddffd3d18cb805507bed707b0e306d3b433,2026-08-01T06:47:50+00:00,2222,237,169,78,2.846,928.4000000000001,23,fit:80de1342a3e9944829ab101957c8eddffd3d18cb805507bed707b0e306d3b433:segment:004,4,9558.0,9339,activities/108_260801060832.csv,1,1,0,0
fit:80de1342a3e9944829ab101957c8eddffd3d18cb805507bed707b0e306d3b433,2026-08-01T06:47:51+00:00,2223,237,169,79,2.697,929.2,23,fit:80de1342a3e9944829ab101957c8eddffd3d18cb805507bed707b0e306d3b433:segment:004,4,9559.0,9340,activities/108_260801060832.csv,1,1,0,0
fit:80de1342a3e9944829ab101957c8eddffd3d18cb805507bed707b0e306d3b433,2026-08-01T06:47:52+00:00,2224,271,170,77,2.758,929.2,23,fit:80de1342a3e9944829ab101957c8eddffd3d18cb805507bed707b0e306d3b433:segment:004,4,9560.0,9341,activities/108_260801060832.csv,1,1,0,0
fit:80de1342a3e9944829ab101957c8eddffd3d18cb805507bed707b0e306d3b433,2026-08-01T06:47:53+00:00,2225,252,170,77,2.682,929.2,23,fit:80de1342a3e9944829ab101957c8eddffd3d18cb805507bed707b0e306d3b433:segment:004,4,9561.0,9342,activities/108_260801060832.csv,1,1,0,0
fit:80de1342a3e9944829ab101957c8eddffd3d18cb805507bed707b0e306d3b433,2026-08-01T06:47:54+00:00,2226,268,170,77,2.734,929.2,23,fit:80de1342a3e9944829ab101957c8eddffd3d18cb805507bed707b0e306d3b433:segment:004,4,9562.0,9343,activities/108_260801060832.csv,1,1,0,0
fit:80de1342a3e9944829ab101957c8eddffd3d18cb805507bed707b0e306d3b433,2026-08-01T06:47:55+00:00,2227,258,170,76,2.703,930.2,23,fit:80de1342a3e9944829ab101957c8eddffd3d18cb805507bed707b0e306d3b433:segment:004,4,9563.0,9344,activities/108_260801060832.csv,1,1,0,0
fit:80de1342a3e9944829ab101957c8eddffd3d18cb805507bed707b0e306d3b433,2026-08-01T06:47:56+00:00,2228,291,170,76,2.68,931.2,23,fit:80de1342a3e9944829ab101957c8eddffd3d18cb805507bed707b0e306d3b433:segment:004,4,9564.0,9345,activities/108_260801060832.csv,1,1,0,0
fit:80de1342a3e9944829ab101957c8eddffd3d18cb805507bed707b0e306d3b433,2026-08-01T06:47:57+00:00,2229,279,170,75,2.785,931.2,23,fit:80de1342a3e9944829ab101957c8eddffd3d18cb805507bed707b0e306d3b433:segment:004,4,9565.0,9346,activities/108_260801060832.csv,1,1,0,0
fit:80de1342a3e9944829ab101957c8eddffd3d18cb805507bed707b0e306d3b433,2026-08-01T06:47:58+00:00,2230,295,170,75,2.652,931.2,23,fit:80de1342a3e9944829ab101957c8eddffd3d18cb805507bed707b0e306d3b433:segment:004,4,9566.0,9347,activities/108_260801060832.csv,1,1,0,0
fit:80de1342a3e9944829ab101957c8eddffd3d18cb805507bed707b0e306d3b433,2026-08-01T06:47:59+00:00,2231,310,170,74,2.647,931.2,23,fit:80de1342a3e9944829ab101957c8eddffd3d18cb805507bed707b0e306d3b433:segment:004,4,9567.0,9348,activities/108_260801060832.csv,1,1,0,0
fit:80de1342a3e9944829ab101957c8eddffd3d18cb805507bed707b0e306d3b433,2026-08-01T06:48:00+00:00,2232,317,170,75,2.625,931.2,23,fit:80de1342a3e9944829ab101957c8eddffd3d18cb805507bed707b0e306d3b433:segment:004,4,9568.0,9349,activities/108_260801060832.csv,1,1,0,0
fit:80de1342a3e9944829ab101957c8eddffd3d18cb805507bed707b0e306d3b433,2026-08-01T06:48:01+00:00,2233,319,169,74,2.762,931.5999999999999,23,fit:80de1342a3e9944829ab101957c8eddffd3d18cb805507bed707b0e306d3b433:segment:004,4,9569.0,9350,activities/108_260801060832.csv,1,1,0,0
fit:80de1342a3e9944829ab101957c8eddffd3d18cb805507bed707b0e306d3b433,2026-08-01T06:48:02+00:00,2234,319,169,74,2.68,932.2,23,fit:80de1342a3e9944829ab101957c8eddffd3d18cb805507bed707b0e306d3b433:segment:004,4,9570.0,9351,activities/108_260801060832.csv,1,1,0,0
fit:80de1342a3e9944829ab101957c8eddffd3d18cb805507bed707b0e306d3b433,2026-08-01T06:48:03+00:00,2235,306,169,74,2.824,933.2,23,fit:80de1342a3e9944829ab101957c8eddffd3d18cb805507bed707b0e306d3b433:segment:004,4,9571.0,9352,activities/108_260801060832.csv,1,1,0,0
fit:80de1342a3e9944829ab101957c8eddffd3d18cb805507bed707b0e306d3b433,2026-08-01T06:48:04+00:00,2236,284,169,73,2.764,933.2,23,fit:80de1342a3e9944829ab101957c8eddffd3d18cb805507bed707b0e306d3b433:segment:004,4,9572.0,9353,activities/108_260801060832.csv,1,1,0,0
fit:80de1342a3e9944829ab101957c8eddffd3d18cb805507bed707b0e306d3b433,2026-08-01T06:48:05+00:00,2237,316,170,70,2.65,933.2,23,fit:80de1342a3e9944829ab101957c8eddffd3d18cb805507bed707b0e306d3b433:segment:004,4,9573.0,9354,activities/108_260801060832.csv,1,1,0,0
fit:80de1342a3e9944829ab101957c8eddffd3d18cb805507bed707b0e306d3b433,2026-08-01T06:48:06+00:00,2238,314,170,72,2.801,933.2,23,fit:80de1342a3e9944829ab101957c8eddffd3d18cb805507bed707b0e306d3b433:segment:004,4,9574.0,9355,activities/108_260801060832.csv,1,1,0,0
fit:80de1342a3e9944829ab101957c8eddffd3d18cb805507bed707b0e306d3b433,2026-08-01T06:48:07+00:00,2239,335,170,72,2.653,934.2,23,fit:80de1342a3e9944829ab101957c8eddffd3d18cb805507bed707b0e306d3b433:segment:004,4,9575.0,9356,activities/108_260801060832.csv,1,1,0,0
fit:80de1342a3e9944829ab101957c8eddffd3d18cb805507bed707b0e306d3b433,2026-08-01T06:48:08+00:00,2240,282,170,69,2.526,934.5999999999999,23,fit:80de1342a3e9944829ab101957c8eddffd3d18cb805507bed707b0e306d3b433:segment:004,4,9576.0,9357,activities/108_260801060832.csv,1,1,0,0
fit:80de1342a3e9944829ab101957c8eddffd3d18cb805507bed707b0e306d3b433,2026-08-01T06:48:09+00:00,2241,227,171,68,2.466,935.0,23,fit:80de1342a3e9944829ab101957c8eddffd3d18cb805507bed707b0e306d3b433:segment:004,4,9577.0,9358,activities/108_260801060832.csv,1,1,0,0
fit:80de1342a3e9944829ab101957c8eddffd3d18cb805507bed707b0e306d3b433,2026-08-01T06:48:10+00:00,2242,213,171,67,2.522,935.2,23,fit:80de1342a3e9944829ab101957c8eddffd3d18cb805507bed707b0e306d3b433:segment:004,4,9578.0,9359,activities/108_260801060832.csv,1,1,0,0
fit:80de1342a3e9944829ab101957c8eddffd3d18cb805507bed707b0e306d3b433,2026-08-01T06:48:11+00:00,2243,197,171,68,2.408,935.4000000000001,23,fit:80de1342a3e9944829ab101957c8eddffd3d18cb805507bed707b0e306d3b433:segment:004,4,9579.0,9360,activities/108_260801060832.csv,1,1,0,0
fit:80de1342a3e9944829ab101957c8eddffd3d18cb805507bed707b0e306d3b433,2026-08-01T06:48:12+00:00,2244,197,170,70,2.51,935.5999999999999,23,fit:80de1342a3e9944829ab101957c8eddffd3d18cb805507bed707b0e306d3b433:segment:004,4,9580.0,9361,activities/108_260801060832.csv,1,1,0,0
fit:80de1342a3e9944829ab101957c8eddffd3d18cb805507bed707b0e306d3b433,2026-08-01T06:48:13+00:00,2245,56,170,70,2.477,936.0,23,fit:80de1342a3e9944829ab101957c8eddffd3d18cb805507bed707b0e306d3b433:segment:004,4,9581.0,9362,activities/108_260801060832.csv,1,1,0,0
fit:80de1342a3e9944829ab101957c8eddffd3d18cb805507bed707b0e306d3b433,2026-08-01T06:48:14+00:00,2246,223,170,65,2.185,936.0,23,fit:80de1342a3e9944829ab101957c8eddffd3d18cb805507bed707b0e306d3b433:segment:004,4,9582.0,9363,activities/108_260801060832.csv,1,1,0,0
fit:80de1342a3e9944829ab101957c8eddffd3d18cb805507bed707b0e306d3b433,2026-08-01T06:48:15+00:00,2247,217,170,60,2.314,936.0,23,fit:80de1342a3e9944829ab101957c8eddffd3d18cb805507bed707b0e306d3b433:segment:004,4,9583.0,9364,activities/108_260801060832.csv,1,1,0,0
fit:80de1342a3e9944829ab101957c8eddffd3d18cb805507bed707b0e306d3b433,2026-08-01T06:48:16+00:00,2248,241,169,69,2.673,936.0,23,fit:80de1342a3e9944829ab101957c8eddffd3d18cb805507bed707b0e306d3b433:segment:004,4,9584.0,9365,activities/108_260801060832.csv,1,1,0,0
fit:80de1342a3e9944829ab101957c8eddffd3d18cb805507bed707b0e306d3b433,2026-08-01T06:48:17+00:00,2249,220,169,71,2.833,936.0,23,fit:80de1342a3e9944829ab101957c8eddffd3d18cb805507bed707b0e306d3b433:segment:004,4,9585.0,9366,activities/108_260801060832.csv,1,1,0,0
fit:80de1342a3e9944829ab101957c8eddffd3d18cb805507bed707b0e306d3b433,2026-08-01T06:48:18+00:00,2250,199,169,73,2.903,936.5999999999999,23,fit:80de1342a3e9944829ab101957c8eddffd3d18cb805507bed707b0e306d3b433:segment:004,4,9586.0,9367,activities/108_260801060832.csv,1,1,0,0
fit:80de1342a3e9944829ab101957c8eddffd3d18cb805507bed707b0e306d3b433,2026-08-01T06:48:19+00:00,2251,242,169,73,2.969,936.5999999999999,23,fit:80de1342a3e9944829ab101957c8eddffd3d18cb805507bed707b0e306d3b433:segment:004,4,9587.0,9368,activities/108_260801060832.csv,1,1,0,0
fit:80de1342a3e9944829ab101957c8eddffd3d18cb805507bed707b0e306d3b433,2026-08-01T06:48:20+00:00,2252,231,168,75,3.071,936.5999999999999,23,fit:80de1342a3e9944829ab101957c8eddffd3d18cb805507bed707b0e306d3b433:segment:004,4,9588.0,9369,activities/108_260801060832.csv,1,1,0,0
fit:80de1342a3e9944829ab101957c8eddffd3d18cb805507bed707b0e306d3b433,2026-08-01T06:48:21+00:00,2253,234,168,77,3.173,936.5999999999999,23,fit:80de1342a3e9944829ab101957c8eddffd3d18cb805507bed707b0e306d3b433:segment:004,4,9589.0,9370,activities/108_260801060832.csv,1,1,0,0
fit:80de1342a3e9944829ab101957c8eddffd3d18cb805507bed707b0e306d3b433,2026-08-01T06:48:22+00:00,2254,218,167,78,3.241,937.4000000000001,23,fit:80de1342a3e9944829ab101957c8eddffd3d18cb805507bed707b0e306d3b433:segment:004,4,9590.0,9371,activities/108_260801060832.csv,1,1,0,0
fit:80de1342a3e9944829ab101957c8eddffd3d18cb805507bed707b0e306d3b433,2026-08-01T06:48:23+00:00,2255,201,167,78,3.334,937.4000000000001,23,fit:80de1342a3e9944829ab101957c8eddffd3d18cb805507bed707b0e306d3b433:segment:004,4,9591.0,9372,activities/108_260801060832.csv,1,1,0,0
fit:80de1342a3e9944829ab101957c8eddffd3d18cb805507bed707b0e306d3b433,2026-08-01T06:48:24+00:00,2256,204,167,82,3.422,937.4000000000001,23,fit:80de1342a3e9944829ab101957c8eddffd3d18cb805507bed707b0e306d3b433:segment:004,4,9592.0,9373,activities/108_260801060832.csv,1,1,0,0
fit:80de1342a3e9944829ab101957c8eddffd3d18cb805507bed707b0e306d3b433,2026-08-01T06:48:25+00:00,2257,200,167,84,3.506,937.4000000000001,23,fit:80de1342a3e9944829ab101957c8eddffd3d18cb805507bed707b0e306d3b433:segment:004,4,9593.0,9374,activities/108_260801060832.csv,1,1,0,0
fit:80de1342a3e9944829ab101957c8eddffd3d18cb805507bed707b0e306d3b433,2026-08-01T06:48:26+00:00,2258,156,166,84,3.545,937.4000000000001,23,fit:80de1342a3e9944829ab101957c8eddffd3d18cb805507bed707b0e306d3b433:segment:004,4,9594.0,9375,activities/108_260801060832.csv,1,1,0,0
fit:80de1342a3e9944829ab101957c8eddffd3d18cb805507bed707b0e306d3b433,2026-08-01T06:48:27+00:00,2259,180,166,81,3.394,938.2,23,fit:80de1342a3e9944829ab101957c8eddffd3d18cb805507bed707b0e306d3b433:segment:004,4,9595.0,9376,activities/108_260801060832.csv,1,1,0,0
fit:80de1342a3e9944829ab101957c8eddffd3d18cb805507bed707b0e306d3b433,2026-08-01T06:48:28+00:00,2260,178,166,85,3.231,938.5999999999999,23,fit:80de1342a3e9944829ab101957c8eddffd3d18cb805507bed707b0e306d3b433:segment:004,4,9596.0,9377,activities/108_260801060832.csv,1,1,0,0
fit:80de1342a3e9944829ab101957c8eddffd3d18cb805507bed707b0e306d3b433,2026-08-01T06:48:29+00:00,2261,141,165,87,3.177,938.5999999999999,23,fit:80de1342a3e9944829ab101957c8eddffd3d18cb805507bed707b0e306d3b433:segment:004,4,9597.0,9378,activities/108_260801060832.csv,1,1,0,0
fit:80de1342a3e9944829ab101957c8eddffd3d18cb805507bed707b0e306d3b433,2026-08-01T06:48:30+00:00,2262,168,165,85,3.322,938.5999999999999,23,fit:80de1342a3e9944829ab101957c8eddffd3d18cb805507bed707b0e306d3b433:segment:004,4,9598.0,9379,activities/108_260801060832.csv,1,1,0,0
fit:80de1342a3e9944829ab101957c8eddffd3d18cb805507bed707b0e306d3b433,2026-08-01T06:48:31+00:00,2263,168,165,83,3.395,938.5999999999999,23,fit:80de1342a3e9944829ab101957c8eddffd3d18cb805507bed707b0e306d3b433:segment:004,4,9599.0,9380,activities/108_260801060832.csv,1,1,0,0
fit:80de1342a3e9944829ab101957c8eddffd3d18cb805507bed707b0e306d3b433,2026-08-01T06:48:32+00:00,2264,167,165,83,3.421,938.5999999999999,23,fit:80de1342a3e9944829ab101957c8eddffd3d18cb805507bed707b0e306d3b433:segment:004,4,9600.0,9381,activities/108_260801060832.csv,1,1,0,0
fit:80de1342a3e9944829ab101957c8eddffd3d18cb805507bed707b0e306d3b433,2026-08-01T06:48:33+00:00,2265,208,164,82,3.386,938.5999999999999,23,fit:80de1342a3e9944829ab101957c8eddffd3d18cb805507bed707b0e306d3b433:segment:004,4,9601.0,9382,activities/108_260801060832.csv,1,1,0,0
fit:80de1342a3e9944829ab101957c8eddffd3d18cb805507bed707b0e306d3b433,2026-08-01T06:48:34+00:00,2266,234,164,81,3.278,939.4000000000001,23,fit:80de1342a3e9944829ab101957c8eddffd3d18cb805507bed707b0e306d3b433:segment:004,4,9602.0,9383,activities/108_260801060832.csv,1,1,0,0
fit:80de1342a3e9944829ab101957c8eddffd3d18cb805507bed707b0e306d3b433,2026-08-01T06:48:35+00:00,2267,247,164,76,3.012,940.2,23,fit:80de1342a3e9944829ab101957c8eddffd3d18cb805507bed707b0e306d3b433:segment:004,4,9603.0,9384,activities/108_260801060832.csv,1,1,0,0
fit:80de1342a3e9944829ab101957c8eddffd3d18cb805507bed707b0e306d3b433,2026-08-01T06:48:36+00:00,2268,265,164,72,3.01,940.2,23,fit:80de1342a3e9944829ab101957c8eddffd3d18cb805507bed707b0e306d3b433:segment:004,4,9604.0,9385,activities/108_260801060832.csv,1,1,0,0
fit:80de1342a3e9944829ab101957c8eddffd3d18cb805507bed707b0e306d3b433,2026-08-01T06:48:37+00:00,2269,265,164,71,2.99,940.2,23,fit:80de1342a3e9944829ab101957c8eddffd3d18cb805507bed707b0e306d3b433:segment:004,4,9605.0,9386,activities/108_260801060832.csv,1,1,0,0
fit:80de1342a3e9944829ab101957c8eddffd3d18cb805507bed707b0e306d3b433,2026-08-01T06:48:38+00:00,2270,253,164,72,2.935,940.2,23,fit:80de1342a3e9944829ab101957c8eddffd3d18cb805507bed707b0e306d3b433:segment:004,4,9606.0,9387,activities/108_260801060832.csv,1,1,0,0
fit:80de1342a3e9944829ab101957c8eddffd3d18cb805507bed707b0e306d3b433,2026-08-01T06:48:39+00:00,2271,247,163,74,3.087,941.0,23,fit:80de1342a3e9944829ab101957c8eddffd3d18cb805507bed707b0e306d3b433:segment:004,4,9607.0,9388,activities/108_260801060832.csv,1,1,0,0
fit:80de1342a3e9944829ab101957c8eddffd3d18cb805507bed707b0e306d3b433,2026-08-01T06:48:40+00:00,2272,241,163,74,3.18,941.2,23,fit:80de1342a3e9944829ab101957c8eddffd3d18cb805507bed707b0e306d3b433:segment:004,4,9608.0,9389,activities/108_260801060832.csv,1,1,0,0
fit:80de1342a3e9944829ab101957c8eddffd3d18cb805507bed707b0e306d3b433,2026-08-01T06:48:41+00:00,2273,256,164,74,3.105,941.8,23,fit:80de1342a3e9944829ab101957c8eddffd3d18cb805507bed707b0e306d3b433:segment:004,4,9609.0,9390,activities/108_260801060832.csv,1,1,0,0
fit:80de1342a3e9944829ab101957c8eddffd3d18cb805507bed707b0e306d3b433,2026-08-01T06:48:42+00:00,2274,256,164,75,3.148,941.8,23,fit:80de1342a3e9944829ab101957c8eddffd3d18cb805507bed707b0e306d3b433:segment:004,4,9610.0,9391,activities/108_260801060832.csv,1,1,0,0
fit:80de1342a3e9944829ab101957c8eddffd3d18cb805507bed707b0e306d3b433,2026-08-01T06:48:43+00:00,2275,269,164,75,3.079,941.8,23,fit:80de1342a3e9944829ab101957c8eddffd3d18cb805507bed707b0e306d3b433:segment:004,4,9611.0,9392,activities/108_260801060832.csv,1,1,0,0
fit:80de1342a3e9944829ab101957c8eddffd3d18cb805507bed707b0e306d3b433,2026-08-01T06:48:44+00:00,2276,273,164,72,3.138,941.8,23,fit:80de1342a3e9944829ab101957c8eddffd3d18cb805507bed707b0e306d3b433:segment:004,4,9612.0,9393,activities/108_260801060832.csv,1,1,0,0
fit:80de1342a3e9944829ab101957c8eddffd3d18cb805507bed707b0e306d3b433,2026-08-01T06:48:45+00:00,2277,270,163,72,2.937,942.4000000000001,23,fit:80de1342a3e9944829ab101957c8eddffd3d18cb805507bed707b0e306d3b433:segment:004,4,9613.0,9394,activities/108_260801060832.csv,1,1,0,0
fit:80de1342a3e9944829ab101957c8eddffd3d18cb805507bed707b0e306d3b433,2026-08-01T06:48:46+00:00,2278,271,163,72,2.873,942.4000000000001,23,fit:80de1342a3e9944829ab101957c8eddffd3d18cb805507bed707b0e306d3b433:segment:004,4,9614.0,9395,activities/108_260801060832.csv,1,1,0,0
fit:80de1342a3e9944829ab101957c8eddffd3d18cb805507bed707b0e306d3b433,2026-08-01T06:48:47+00:00,2279,271,163,72,2.754,942.4000000000001,23,fit:80de1342a3e9944829ab101957c8eddffd3d18cb805507bed707b0e306d3b433:segment:004,4,9615.0,9396,activities/108_260801060832.csv,1,1,0,0
fit:80de1342a3e9944829ab101957c8eddffd3d18cb805507bed707b0e306d3b433,2026-08-01T06:48:48+00:00,2280,304,162,72,2.749,942.4000000000001,23,fit:80de1342a3e9944829ab101957c8eddffd3d18cb805507bed707b0e306d3b433:segment:004,4,9616.0,9397,activities/108_260801060832.csv,1,1,0,0
fit:80de1342a3e9944829ab101957c8eddffd3d18cb805507bed707b0e306d3b433,2026-08-01T06:48:49+00:00,2281,301,162,70,2.747,943.4000000000001,23,fit:80de1342a3e9944829ab101957c8eddffd3d18cb805507bed707b0e306d3b433:segment:004,4,9617.0,9398,activities/108_260801060832.csv,1,1,0,0
fit:80de1342a3e9944829ab101957c8eddffd3d18cb805507bed707b0e306d3b433,2026-08-01T06:48:50+00:00,2282,332,162,70,2.788,944.0,23,fit:80de1342a3e9944829ab101957c8eddffd3d18cb805507bed707b0e306d3b433:segment:004,4,9618.0,9399,activities/108_260801060832.csv,1,1,0,0
fit:80de1342a3e9944829ab101957c8eddffd3d18cb805507bed707b0e306d3b433,2026-08-01T06:48:51+00:00,2283,304,162,69,2.81,944.0,23,fit:80de1342a3e9944829ab101957c8eddffd3d18cb805507bed707b0e306d3b433:segment:004,4,9619.0,9400,activities/108_260801060832.csv,1,1,0,0
fit:80de1342a3e9944829ab101957c8eddffd3d18cb805507bed707b0e306d3b433,2026-08-01T06:48:52+00:00,2284,307,161,68,2.853,944.8,23,fit:80de1342a3e9944829ab101957c8eddffd3d18cb805507bed707b0e306d3b433:segment:004,4,9620.0,9401,activities/108_260801060832.csv,1,1,0,0
fit:80de1342a3e9944829ab101957c8eddffd3d18cb805507bed707b0e306d3b433,2026-08-01T06:48:53+00:00,2285,289,161,68,2.758,945.2,23,fit:80de1342a3e9944829ab101957c8eddffd3d18cb805507bed707b0e306d3b433:segment:004,4,9621.0,9402,activities/108_260801060832.csv,1,1,0,0
fit:80de1342a3e9944829ab101957c8eddffd3d18cb805507bed707b0e306d3b433,2026-08-01T06:48:54+00:00,2286,288,161,69,2.377,946.2,23,fit:80de1342a3e9944829ab101957c8eddffd3d18cb805507bed707b0e306d3b433:segment:004,4,9622.0,9403,activities/108_260801060832.csv,1,1,0,0
fit:80de1342a3e9944829ab101957c8eddffd3d18cb805507bed707b0e306d3b433,2026-08-01T06:48:55+00:00,2287,278,161,69,2.468,946.2,23,fit:80de1342a3e9944829ab101957c8eddffd3d18cb805507bed707b0e306d3b433:segment:004,4,9623.0,9404,activities/108_260801060832.csv,1,1,0,0
fit:80de1342a3e9944829ab101957c8eddffd3d18cb805507bed707b0e306d3b433,2026-08-01T06:48:56+00:00,2288,278,161,71,2.834,946.2,23,fit:80de1342a3e9944829ab101957c8eddffd3d18cb805507bed707b0e306d3b433:segment:004,4,9624.0,9405,activities/108_260801060832.csv,1,1,0,0
fit:80de1342a3e9944829ab101957c8eddffd3d18cb805507bed707b0e306d3b433,2026-08-01T06:48:57+00:00,2289,244,161,77,2.957,946.2,23,fit:80de1342a3e9944829ab101957c8eddffd3d18cb805507bed707b0e306d3b433:segment:004,4,9625.0,9406,activities/108_260801060832.csv,1,1,0,0
fit:80de1342a3e9944829ab101957c8eddffd3d18cb805507bed707b0e306d3b433,2026-08-01T06:48:58+00:00,2290,189,161,79,3.083,946.2,23,fit:80de1342a3e9944829ab101957c8eddffd3d18cb805507bed707b0e306d3b433:segment:004,4,9626.0,9407,activities/108_260801060832.csv,1,1,0,0
fit:80de1342a3e9944829ab101957c8eddffd3d18cb805507bed707b0e306d3b433,2026-08-01T06:48:59+00:00,2291,134,162,79,3.324,946.2,23,fit:80de1342a3e9944829ab101957c8eddffd3d18cb805507bed707b0e306d3b433:segment:004,4,9627.0,9408,activities/108_260801060832.csv,1,1,0,0
fit:80de1342a3e9944829ab101957c8eddffd3d18cb805507bed707b0e306d3b433,2026-08-01T06:49:00+00:00,2292,300,162,77,3.281,947.2,23,fit:80de1342a3e9944829ab101957c8eddffd3d18cb805507bed707b0e306d3b433:segment:004,4,9628.0,9409,activities/108_260801060832.csv,1,1,0,0
fit:80de1342a3e9944829ab101957c8eddffd3d18cb805507bed707b0e306d3b433,2026-08-01T06:49:01+00:00,2293,212,162,72,3.25,947.4000000000001,23,fit:80de1342a3e9944829ab101957c8eddffd3d18cb805507bed707b0e306d3b433:segment:004,4,9629.0,9410,activities/108_260801060832.csv,1,1,0,0
fit:80de1342a3e9944829ab101957c8eddffd3d18cb805507bed707b0e306d3b433,2026-08-01T06:49:02+00:00,2294,206,162,78,3.411,947.4000000000001,23,fit:80de1342a3e9944829ab101957c8eddffd3d18cb805507bed707b0e306d3b433:segment:004,4,9630.0,9411,activities/108_260801060832.csv,1,1,0,0
fit:80de1342a3e9944829ab101957c8eddffd3d18cb805507bed707b0e306d3b433,2026-08-01T06:49:03+00:00,2295,201,161,78,3.499,947.4000000000001,23,fit:80de1342a3e9944829ab101957c8eddffd3d18cb805507bed707b0e306d3b433:segment:004,4,9631.0,9412,activities/108_260801060832.csv,1,1,0,0
fit:80de1342a3e9944829ab101957c8eddffd3d18cb805507bed707b0e306d3b433,2026-08-01T06:49:04+00:00,2296,223,161,77,3.566,947.4000000000001,23,fit:80de1342a3e9944829ab101957c8eddffd3d18cb805507bed707b0e306d3b433:segment:004,4,9632.0,9413,activities/108_260801060832.csv,1,1,0,0
fit:80de1342a3e9944829ab101957c8eddffd3d18cb805507bed707b0e306d3b433,2026-08-01T06:49:05+00:00,2297,225,161,76,3.603,947.4000000000001,23,fit:80de1342a3e9944829ab101957c8eddffd3d18cb805507bed707b0e306d3b433:segment:004,4,9633.0,9414,activities/108_260801060832.csv,1,1,0,0
fit:80de1342a3e9944829ab101957c8eddffd3d18cb805507bed707b0e306d3b433,2026-08-01T06:49:06+00:00,2298,242,161,76,3.487,947.4000000000001,23,fit:80de1342a3e9944829ab101957c8eddffd3d18cb805507bed707b0e306d3b433:segment:004,4,9634.0,9415,activities/108_260801060832.csv,1,1,0,0
fit:80de1342a3e9944829ab101957c8eddffd3d18cb805507bed707b0e306d3b433,2026-08-01T06:49:07+00:00,2299,239,161,76,3.375,947.5999999999999,23,fit:80de1342a3e9944829ab101957c8eddffd3d18cb805507bed707b0e306d3b433:segment:004,4,9635.0,9416,activities/108_260801060832.csv,1,1,0,0
fit:80de1342a3e9944829ab101957c8eddffd3d18cb805507bed707b0e306d3b433,2026-08-01T06:49:08+00:00,2300,213,161,76,3.341,948.5999999999999,23,fit:80de1342a3e9944829ab101957c8eddffd3d18cb805507bed707b0e306d3b433:segment:004,4,9636.0,9417,activities/108_260801060832.csv,1,1,0,0
fit:80de1342a3e9944829ab101957c8eddffd3d18cb805507bed707b0e306d3b433,2026-08-01T06:49:09+00:00,2301,262,161,76,3.39,948.5999999999999,23,fit:80de1342a3e9944829ab101957c8eddffd3d18cb805507bed707b0e306d3b433:segment:004,4,9637.0,9418,activities/108_260801060832.csv,1,1,0,0
fit:80de1342a3e9944829ab101957c8eddffd3d18cb805507bed707b0e306d3b433,2026-08-01T06:49:10+00:00,2302,262,161,75,3.563,948.5999999999999,23,fit:80de1342a3e9944829ab101957c8eddffd3d18cb805507bed707b0e306d3b433:segment:004,4,9638.0,9419,activities/108_260801060832.csv,1,1,0,0
fit:80de1342a3e9944829ab101957c8eddffd3d18cb805507bed707b0e306d3b433,2026-08-01T06:49:11+00:00,2303,269,161,74,3.409,948.5999999999999,23,fit:80de1342a3e9944829ab101957c8eddffd3d18cb805507bed707b0e306d3b433:segment:004,4,9639.0,9420,activities/108_260801060832.csv,1,1,0,0
fit:80de1342a3e9944829ab101957c8eddffd3d18cb805507bed707b0e306d3b433,2026-08-01T06:49:12+00:00,2304,316,160,74,3.09,948.5999999999999,23,fit:80de1342a3e9944829ab101957c8eddffd3d18cb805507bed707b0e306d3b433:segment:004,4,9640.0,9421,activities/108_260801060832.csv,1,1,0,0
fit:80de1342a3e9944829ab101957c8eddffd3d18cb805507bed707b0e306d3b433,2026-08-01T06:49:13+00:00,2305,282,160,75,3.144,949.5999999999999,23,fit:80de1342a3e9944829ab101957c8eddffd3d18cb805507bed707b0e306d3b433:segment:004,4,9641.0,9422,activities/108_260801060832.csv,1,1,0,0
fit:80de1342a3e9944829ab101957c8eddffd3d18cb805507bed707b0e306d3b433,2026-08-01T06:49:14+00:00,2306,282,160,73,3.29,950.2,23,fit:80de1342a3e9944829ab101957c8eddffd3d18cb805507bed707b0e306d3b433:segment:004,4,9642.0,9423,activities/108_260801060832.csv,1,1,0,0
fit:80de1342a3e9944829ab101957c8eddffd3d18cb805507bed707b0e306d3b433,2026-08-01T06:49:15+00:00,2307,340,161,72,3.161,951.0,23,fit:80de1342a3e9944829ab101957c8eddffd3d18cb805507bed707b0e306d3b433:segment:004,4,9643.0,9424,activities/108_260801060832.csv,1,1,0,0
fit:80de1342a3e9944829ab101957c8eddffd3d18cb805507bed707b0e306d3b433,2026-08-01T06:49:16+00:00,2308,128,161,71,3.274,951.0,23,fit:80de1342a3e9944829ab101957c8eddffd3d18cb805507bed707b0e306d3b433:segment:004,4,9644.0,9425,activities/108_260801060832.csv,1,1,0,0
fit:80de1342a3e9944829ab101957c8eddffd3d18cb805507bed707b0e306d3b433,2026-08-01T06:49:17+00:00,2309,321,161,71,3.148,951.0,23,fit:80de1342a3e9944829ab101957c8eddffd3d18cb805507bed707b0e306d3b433:segment:004,4,9645.0,9426,activities/108_260801060832.csv,1,1,0,0
fit:80de1342a3e9944829ab101957c8eddffd3d18cb805507bed707b0e306d3b433,2026-08-01T06:49:18+00:00,2310,308,162,71,2.899,950.4000000000001,23,fit:80de1342a3e9944829ab101957c8eddffd3d18cb805507bed707b0e306d3b433:segment:004,4,9646.0,9427,activities/108_260801060832.csv,1,1,0,0
fit:80de1342a3e9944829ab101957c8eddffd3d18cb805507bed707b0e306d3b433,2026-08-01T06:49:19+00:00,2311,333,162,71,2.704,950.4000000000001,23,fit:80de1342a3e9944829ab101957c8eddffd3d18cb805507bed707b0e306d3b433:segment:004,4,9647.0,9428,activities/108_260801060832.csv,1,1,0,0
fit:80de1342a3e9944829ab101957c8eddffd3d18cb805507bed707b0e306d3b433,2026-08-01T06:49:20+00:00,2312,291,162,70,2.206,950.4000000000001,23,fit:80de1342a3e9944829ab101957c8eddffd3d18cb805507bed707b0e306d3b433:segment:004,4,9648.0,9429,activities/108_260801060832.csv,1,1,0,0
fit:80de1342a3e9944829ab101957c8eddffd3d18cb805507bed707b0e306d3b433,2026-08-01T06:49:21+00:00,2313,292,162,72,2.001,951.4000000000001,23,fit:80de1342a3e9944829ab101957c8eddffd3d18cb805507bed707b0e306d3b433:segment:004,4,9649.0,9430,activities/108_260801060832.csv,1,1,0,0
fit:80de1342a3e9944829ab101957c8eddffd3d18cb805507bed707b0e306d3b433,2026-08-01T06:49:22+00:00,2314,309,162,72,2.28,952.4000000000001,23,fit:80de1342a3e9944829ab101957c8eddffd3d18cb805507bed707b0e306d3b433:segment:004,4,9650.0,9431,activities/108_260801060832.csv,1,1,0,0
fit:80de1342a3e9944829ab101957c8eddffd3d18cb805507bed707b0e306d3b433,2026-08-01T06:49:23+00:00,2315,292,162,73,2.322,953.2,23,fit:80de1342a3e9944829ab101957c8eddffd3d18cb805507bed707b0e306d3b433:segment:004,4,9651.0,9432,activities/108_260801060832.csv,1,1,0,0
fit:80de1342a3e9944829ab101957c8eddffd3d18cb805507bed707b0e306d3b433,2026-08-01T06:49:24+00:00,2316,292,163,73,2.396,953.4000000000001,23,fit:80de1342a3e9944829ab101957c8eddffd3d18cb805507bed707b0e306d3b433:segment:004,4,9652.0,9433,activities/108_260801060832.csv,1,1,0,0
fit:80de1342a3e9944829ab101957c8eddffd3d18cb805507bed707b0e306d3b433,2026-08-01T06:49:25+00:00,2317,257,163,75,2.354,953.8,23,fit:80de1342a3e9944829ab101957c8eddffd3d18cb805507bed707b0e306d3b433:segment:004,4,9653.0,9434,activities/108_260801060832.csv,1,1,0,0
fit:80de1342a3e9944829ab101957c8eddffd3d18cb805507bed707b0e306d3b433,2026-08-01T06:49:26+00:00,2318,294,164,80,2.691,953.8,23,fit:80de1342a3e9944829ab101957c8eddffd3d18cb805507bed707b0e306d3b433:segment:004,4,9654.0,9435,activities/108_260801060832.csv,1,1,0,0
fit:80de1342a3e9944829ab101957c8eddffd3d18cb805507bed707b0e306d3b433,2026-08-01T06:49:27+00:00,2319,294,164,82,2.701,953.8,23,fit:80de1342a3e9944829ab101957c8eddffd3d18cb805507bed707b0e306d3b433:segment:004,4,9655.0,9436,activities/108_260801060832.csv,1,1,0,0
fit:80de1342a3e9944829ab101957c8eddffd3d18cb805507bed707b0e306d3b433,2026-08-01T06:49:28+00:00,2320,273,165,82,2.759,953.8,23,fit:80de1342a3e9944829ab101957c8eddffd3d18cb805507bed707b0e306d3b433:segment:004,4,9656.0,9437,activities/108_260801060832.csv,1,1,0,0
fit:80de1342a3e9944829ab101957c8eddffd3d18cb805507bed707b0e306d3b433,2026-08-01T06:49:29+00:00,2321,273,165,81,2.932,953.8,23,fit:80de1342a3e9944829ab101957c8eddffd3d18cb805507bed707b0e306d3b433:segment:004,4,9657.0,9438,activities/108_260801060832.csv,1,1,0,0
fit:80de1342a3e9944829ab101957c8eddffd3d18cb805507bed707b0e306d3b433,2026-08-01T06:49:30+00:00,2322,236,166,81,2.939,954.8,23,fit:80de1342a3e9944829ab101957c8eddffd3d18cb805507bed707b0e306d3b433:segment:004,4,9658.0,9439,activities/108_260801060832.csv,1,1,0,0
fit:80de1342a3e9944829ab101957c8eddffd3d18cb805507bed707b0e306d3b433,2026-08-01T06:49:31+00:00,2323,236,167,82,2.747,955.5999999999999,23,fit:80de1342a3e9944829ab101957c8eddffd3d18cb805507bed707b0e306d3b433:segment:004,4,9659.0,9440,activities/108_260801060832.csv,1,1,0,0
fit:80de1342a3e9944829ab101957c8eddffd3d18cb805507bed707b0e306d3b433,2026-08-01T06:49:32+00:00,2324,233,167,81,2.903,955.5999999999999,23,fit:80de1342a3e9944829ab101957c8eddffd3d18cb805507bed707b0e306d3b433:segment:004,4,9660.0,9441,activities/108_260801060832.csv,1,1,0,0
fit:80de1342a3e9944829ab101957c8eddffd3d18cb805507bed707b0e306d3b433,2026-08-01T06:49:33+00:00,2325,225,168,80,2.99,955.5999999999999,23,fit:80de1342a3e9944829ab101957c8eddffd3d18cb805507bed707b0e306d3b433:segment:004,4,9661.0,9442,activities/108_260801060832.csv,1,1,0,0
fit:80de1342a3e9944829ab101957c8eddffd3d18cb805507bed707b0e306d3b433,2026-08-01T06:49:34+00:00,2326,234,168,80,3.025,955.5999999999999,23,fit:80de1342a3e9944829ab101957c8eddffd3d18cb805507bed707b0e306d3b433:segment:004,4,9662.0,9443,activities/108_260801060832.csv,1,1,0,0
fit:80de1342a3e9944829ab101957c8eddffd3d18cb805507bed707b0e306d3b433,2026-08-01T06:49:35+00:00,2327,173,168,82,3.345,955.5999999999999,23,fit:80de1342a3e9944829ab101957c8eddffd3d18cb805507bed707b0e306d3b433:segment:004,4,9663.0,9444,activities/108_260801060832.csv,1,1,0,0
fit:80de1342a3e9944829ab101957c8eddffd3d18cb805507bed707b0e306d3b433,2026-08-01T06:49:36+00:00,2328,181,168,82,3.411,955.5999999999999,23,fit:80de1342a3e9944829ab101957c8eddffd3d18cb805507bed707b0e306d3b433:segment:004,4,9664.0,9445,activities/108_260801060832.csv,1,1,0,0
fit:80de1342a3e9944829ab101957c8eddffd3d18cb805507bed707b0e306d3b433,2026-08-01T06:49:37+00:00,2329,174,168,80,3.117,955.5999999999999,23,fit:80de1342a3e9944829ab101957c8eddffd3d18cb805507bed707b0e306d3b433:segment:004,4,9665.0,9446,activities/108_260801060832.csv,1,1,0,0
fit:80de1342a3e9944829ab101957c8eddffd3d18cb805507bed707b0e306d3b433,2026-08-01T06:49:38+00:00,2330,203,168,82,2.868,955.5999999999999,23,fit:80de1342a3e9944829ab101957c8eddffd3d18cb805507bed707b0e306d3b433:segment:004,4,9666.0,9447,activities/108_260801060832.csv,1,1,0,0
fit:80de1342a3e9944829ab101957c8eddffd3d18cb805507bed707b0e306d3b433,2026-08-01T06:49:39+00:00,2331,194,168,82,2.863,956.5999999999999,23,fit:80de1342a3e9944829ab101957c8eddffd3d18cb805507bed707b0e306d3b433:segment:004,4,9667.0,9448,activities/108_260801060832.csv,1,1,0,0
fit:80de1342a3e9944829ab101957c8eddffd3d18cb805507bed707b0e306d3b433,2026-08-01T06:49:40+00:00,2332,222,168,80,3.216,956.8,23,fit:80de1342a3e9944829ab101957c8eddffd3d18cb805507bed707b0e306d3b433:segment:004,4,9668.0,9449,activities/108_260801060832.csv,1,1,0,0
fit:80de1342a3e9944829ab101957c8eddffd3d18cb805507bed707b0e306d3b433,2026-08-01T06:49:41+00:00,2333,221,167,81,3.104,956.8,23,fit:80de1342a3e9944829ab101957c8eddffd3d18cb805507bed707b0e306d3b433:segment:004,4,9669.0,9450,activities/108_260801060832.csv,1,1,0,0
fit:80de1342a3e9944829ab101957c8eddffd3d18cb805507bed707b0e306d3b433,2026-08-01T06:49:42+00:00,2334,222,166,82,2.97,957.5999999999999,23,fit:80de1342a3e9944829ab101957c8eddffd3d18cb805507bed707b0e306d3b433:segment:004,4,9670.0,9451,activities/108_260801060832.csv,1,1,0,0
fit:80de1342a3e9944829ab101957c8eddffd3d18cb805507bed707b0e306d3b433,2026-08-01T06:49:43+00:00,2335,208,165,81,3.149,957.8,23,fit:80de1342a3e9944829ab101957c8eddffd3d18cb805507bed707b0e306d3b433:segment:004,4,9671.0,9452,activities/108_260801060832.csv,1,1,0,0
fit:80de1342a3e9944829ab101957c8eddffd3d18cb805507bed707b0e306d3b433,2026-08-01T06:49:44+00:00,2336,223,164,80,3.18,957.8,23,fit:80de1342a3e9944829ab101957c8eddffd3d18cb805507bed707b0e306d3b433:segment:004,4,9672.0,9453,activities/108_260801060832.csv,1,1,0,0
fit:80de1342a3e9944829ab101957c8eddffd3d18cb805507bed707b0e306d3b433,2026-08-01T06:49:45+00:00,2337,275,163,78,3.145,957.8,23,fit:80de1342a3e9944829ab101957c8eddffd3d18cb805507bed707b0e306d3b433:segment:004,4,9673.0,9454,activities/108_260801060832.csv,1,1,0,0
fit:80de1342a3e9944829ab101957c8eddffd3d18cb805507bed707b0e306d3b433,2026-08-01T06:49:46+00:00,2338,264,163,78,3.189,957.8,23,fit:80de1342a3e9944829ab101957c8eddffd3d18cb805507bed707b0e306d3b433:segment:004,4,9674.0,9455,activities/108_260801060832.csv,1,1,0,0
fit:80de1342a3e9944829ab101957c8eddffd3d18cb805507bed707b0e306d3b433,2026-08-01T06:49:47+00:00,2339,276,163,78,3.133,957.8,23,fit:80de1342a3e9944829ab101957c8eddffd3d18cb805507bed707b0e306d3b433:segment:004,4,9675.0,9456,activities/108_260801060832.csv,1,1,0,0
fit:80de1342a3e9944829ab101957c8eddffd3d18cb805507bed707b0e306d3b433,2026-08-01T06:49:48+00:00,2340,267,163,78,2.944,957.8,23,fit:80de1342a3e9944829ab101957c8eddffd3d18cb805507bed707b0e306d3b433:segment:004,4,9676.0,9457,activities/108_260801060832.csv,1,1,0,0
fit:80de1342a3e9944829ab101957c8eddffd3d18cb805507bed707b0e306d3b433,2026-08-01T06:49:49+00:00,2341,258,163,79,2.746,958.8,23,fit:80de1342a3e9944829ab101957c8eddffd3d18cb805507bed707b0e306d3b433:segment:004,4,9677.0,9458,activities/108_260801060832.csv,1,1,0,0
fit:80de1342a3e9944829ab101957c8eddffd3d18cb805507bed707b0e306d3b433,2026-08-01T06:49:50+00:00,2342,264,163,77,2.776,959.2,23,fit:80de1342a3e9944829ab101957c8eddffd3d18cb805507bed707b0e306d3b433:segment:004,4,9678.0,9459,activities/108_260801060832.csv,1,1,0,0
fit:80de1342a3e9944829ab101957c8eddffd3d18cb805507bed707b0e306d3b433,2026-08-01T06:49:51+00:00,2343,239,164,76,2.755,959.2,23,fit:80de1342a3e9944829ab101957c8eddffd3d18cb805507bed707b0e306d3b433:segment:004,4,9679.0,9460,activities/108_260801060832.csv,1,1,0,0
fit:80de1342a3e9944829ab101957c8eddffd3d18cb805507bed707b0e306d3b433,2026-08-01T06:49:52+00:00,2344,235,164,74,2.869,959.2,23,fit:80de1342a3e9944829ab101957c8eddffd3d18cb805507bed707b0e306d3b433:segment:004,4,9680.0,9461,activities/108_260801060832.csv,1,1,0,0
fit:80de1342a3e9944829ab101957c8eddffd3d18cb805507bed707b0e306d3b433,2026-08-01T06:49:53+00:00,2345,265,164,74,2.853,959.2,23,fit:80de1342a3e9944829ab101957c8eddffd3d18cb805507bed707b0e306d3b433:segment:004,4,9681.0,9462,activities/108_260801060832.csv,1,1,0,0
fit:80de1342a3e9944829ab101957c8eddffd3d18cb805507bed707b0e306d3b433,2026-08-01T06:49:54+00:00,2346,262,164,73,2.834,959.2,23,fit:80de1342a3e9944829ab101957c8eddffd3d18cb805507bed707b0e306d3b433:segment:004,4,9682.0,9463,activities/108_260801060832.csv,1,1,0,0
fit:80de1342a3e9944829ab101957c8eddffd3d18cb805507bed707b0e306d3b433,2026-08-01T06:49:55+00:00,2347,258,164,68,2.608,959.2,23,fit:80de1342a3e9944829ab101957c8eddffd3d18cb805507bed707b0e306d3b433:segment:004,4,9683.0,9464,activities/108_260801060832.csv,1,1,0,0
fit:80de1342a3e9944829ab101957c8eddffd3d18cb805507bed707b0e306d3b433,2026-08-01T06:49:56+00:00,2348,258,164,68,2.595,960.2,23,fit:80de1342a3e9944829ab101957c8eddffd3d18cb805507bed707b0e306d3b433:segment:004,4,9684.0,9465,activities/108_260801060832.csv,1,1,0,0
fit:80de1342a3e9944829ab101957c8eddffd3d18cb805507bed707b0e306d3b433,2026-08-01T06:49:57+00:00,2349,262,164,69,2.584,960.8,23,fit:80de1342a3e9944829ab101957c8eddffd3d18cb805507bed707b0e306d3b433:segment:004,4,9685.0,9466,activities/108_260801060832.csv,1,1,0,0
fit:80de1342a3e9944829ab101957c8eddffd3d18cb805507bed707b0e306d3b433,2026-08-01T06:49:58+00:00,2350,250,164,69,2.586,961.4000000000001,23,fit:80de1342a3e9944829ab101957c8eddffd3d18cb805507bed707b0e306d3b433:segment:004,4,9686.0,9467,activities/108_260801060832.csv,1,1,0,0
fit:80de1342a3e9944829ab101957c8eddffd3d18cb805507bed707b0e306d3b433,2026-08-01T06:49:59+00:00,2351,253,164,71,2.777,961.4000000000001,23,fit:80de1342a3e9944829ab101957c8eddffd3d18cb805507bed707b0e306d3b433:segment:004,4,9687.0,9468,activities/108_260801060832.csv,1,1,0,0
fit:80de1342a3e9944829ab101957c8eddffd3d18cb805507bed707b0e306d3b433,2026-08-01T06:50:00+00:00,2352,206,164,75,2.998,961.4000000000001,23,fit:80de1342a3e9944829ab101957c8eddffd3d18cb805507bed707b0e306d3b433:segment:004,4,9688.0,9469,activities/108_260801060832.csv,1,1,0,0
fit:80de1342a3e9944829ab101957c8eddffd3d18cb805507bed707b0e306d3b433,2026-08-01T06:50:01+00:00,2353,182,164,75,3.041,961.4000000000001,23,fit:80de1342a3e9944829ab101957c8eddffd3d18cb805507bed707b0e306d3b433:segment:004,4,9689.0,9470,activities/108_260801060832.csv,1,1,0,0
fit:80de1342a3e9944829ab101957c8eddffd3d18cb805507bed707b0e306d3b433,2026-08-01T06:50:02+00:00,2354,151,164,74,3.114,961.4000000000001,23,fit:80de1342a3e9944829ab101957c8eddffd3d18cb805507bed707b0e306d3b433:segment:004,4,9690.0,9471,activities/108_260801060832.csv,1,1,0,0
fit:80de1342a3e9944829ab101957c8eddffd3d18cb805507bed707b0e306d3b433,2026-08-01T06:50:03+00:00,2355,173,164,75,3.147,962.0,23,fit:80de1342a3e9944829ab101957c8eddffd3d18cb805507bed707b0e306d3b433:segment:004,4,9691.0,9472,activities/108_260801060832.csv,1,1,0,0
fit:80de1342a3e9944829ab101957c8eddffd3d18cb805507bed707b0e306d3b433,2026-08-01T06:50:04+00:00,2356,188,164,75,3.133,962.4000000000001,23,fit:80de1342a3e9944829ab101957c8eddffd3d18cb805507bed707b0e306d3b433:segment:004,4,9692.0,9473,activities/108_260801060832.csv,1,1,0,0
fit:80de1342a3e9944829ab101957c8eddffd3d18cb805507bed707b0e306d3b433,2026-08-01T06:50:05+00:00,2357,188,164,75,3.172,962.4000000000001,23,fit:80de1342a3e9944829ab101957c8eddffd3d18cb805507bed707b0e306d3b433:segment:004,4,9693.0,9474,activities/108_260801060832.csv,1,1,0,0
fit:80de1342a3e9944829ab101957c8eddffd3d18cb805507bed707b0e306d3b433,2026-08-01T06:50:06+00:00,2358,196,164,75,3.239,962.4000000000001,23,fit:80de1342a3e9944829ab101957c8eddffd3d18cb805507bed707b0e306d3b433:segment:004,4,9694.0,9475,activities/108_260801060832.csv,1,1,0,0
fit:80de1342a3e9944829ab101957c8eddffd3d18cb805507bed707b0e306d3b433,2026-08-01T06:50:07+00:00,2359,184,164,75,3.191,962.4000000000001,23,fit:80de1342a3e9944829ab101957c8eddffd3d18cb805507bed707b0e306d3b433:segment:004,4,9695.0,9476,activities/108_260801060832.csv,1,1,0,0
fit:80de1342a3e9944829ab101957c8eddffd3d18cb805507bed707b0e306d3b433,2026-08-01T06:50:08+00:00,2360,231,164,74,3.059,963.2,23,fit:80de1342a3e9944829ab101957c8eddffd3d18cb805507bed707b0e306d3b433:segment:004,4,9696.0,9477,activities/108_260801060832.csv,1,1,0,0
fit:80de1342a3e9944829ab101957c8eddffd3d18cb805507bed707b0e306d3b433,2026-08-01T06:50:09+00:00,2361,231,163,71,3.028,963.2,23,fit:80de1342a3e9944829ab101957c8eddffd3d18cb805507bed707b0e306d3b433:segment:004,4,9697.0,9478,activities/108_260801060832.csv,1,1,0,0
fit:80de1342a3e9944829ab101957c8eddffd3d18cb805507bed707b0e306d3b433,2026-08-01T06:50:10+00:00,2362,227,163,71,3.034,963.2,23,fit:80de1342a3e9944829ab101957c8eddffd3d18cb805507bed707b0e306d3b433:segment:004,4,9698.0,9479,activities/108_260801060832.csv,1,1,0,0
fit:80de1342a3e9944829ab101957c8eddffd3d18cb805507bed707b0e306d3b433,2026-08-01T06:50:11+00:00,2363,227,163,72,3.025,963.2,23,fit:80de1342a3e9944829ab101957c8eddffd3d18cb805507bed707b0e306d3b433:segment:004,4,9699.0,9480,activities/108_260801060832.csv,1,1,0,0
fit:80de1342a3e9944829ab101957c8eddffd3d18cb805507bed707b0e306d3b433,2026-08-01T06:50:12+00:00,2364,237,163,72,2.948,963.5999999999999,23,fit:80de1342a3e9944829ab101957c8eddffd3d18cb805507bed707b0e306d3b433:segment:004,4,9700.0,9481,activities/108_260801060832.csv,1,1,0,0
fit:80de1342a3e9944829ab101957c8eddffd3d18cb805507bed707b0e306d3b433,2026-08-01T06:50:13+00:00,2365,230,163,73,2.942,964.5999999999999,23,fit:80de1342a3e9944829ab101957c8eddffd3d18cb805507bed707b0e306d3b433:segment:004,4,9701.0,9482,activities/108_260801060832.csv,1,1,0,0
fit:80de1342a3e9944829ab101957c8eddffd3d18cb805507bed707b0e306d3b433,2026-08-01T06:50:14+00:00,2366,244,163,72,2.964,964.8,23,fit:80de1342a3e9944829ab101957c8eddffd3d18cb805507bed707b0e306d3b433:segment:004,4,9702.0,9483,activities/108_260801060832.csv,1,1,0,0
fit:80de1342a3e9944829ab101957c8eddffd3d18cb805507bed707b0e306d3b433,2026-08-01T06:50:15+00:00,2367,252,163,72,3.017,965.2,23,fit:80de1342a3e9944829ab101957c8eddffd3d18cb805507bed707b0e306d3b433:segment:004,4,9703.0,9484,activities/108_260801060832.csv,1,1,0,0
fit:80de1342a3e9944829ab101957c8eddffd3d18cb805507bed707b0e306d3b433,2026-08-01T06:50:16+00:00,2368,240,163,72,2.998,965.2,23,fit:80de1342a3e9944829ab101957c8eddffd3d18cb805507bed707b0e306d3b433:segment:004,4,9704.0,9485,activities/108_260801060832.csv,1,1,0,0
fit:80de1342a3e9944829ab101957c8eddffd3d18cb805507bed707b0e306d3b433,2026-08-01T06:50:17+00:00,2369,239,162,72,3.071,965.2,23,fit:80de1342a3e9944829ab101957c8eddffd3d18cb805507bed707b0e306d3b433:segment:004,4,9705.0,9486,activities/108_260801060832.csv,1,1,0,0
fit:80de1342a3e9944829ab101957c8eddffd3d18cb805507bed707b0e306d3b433,2026-08-01T06:50:18+00:00,2370,287,162,72,3.042,965.2,23,fit:80de1342a3e9944829ab101957c8eddffd3d18cb805507bed707b0e306d3b433:segment:004,4,9706.0,9487,activities/108_260801060832.csv,1,1,0,0
fit:80de1342a3e9944829ab101957c8eddffd3d18cb805507bed707b0e306d3b433,2026-08-01T06:50:19+00:00,2371,285,161,72,3.015,966.2,23,fit:80de1342a3e9944829ab101957c8eddffd3d18cb805507bed707b0e306d3b433:segment:004,4,9707.0,9488,activities/108_260801060832.csv,1,1,0,0
fit:80de1342a3e9944829ab101957c8eddffd3d18cb805507bed707b0e306d3b433,2026-08-01T06:50:20+00:00,2372,277,161,72,3.038,966.2,23,fit:80de1342a3e9944829ab101957c8eddffd3d18cb805507bed707b0e306d3b433:segment:004,4,9708.0,9489,activities/108_260801060832.csv,1,1,0,0
fit:80de1342a3e9944829ab101957c8eddffd3d18cb805507bed707b0e306d3b433,2026-08-01T06:50:21+00:00,2373,296,161,72,3.026,966.8,23,fit:80de1342a3e9944829ab101957c8eddffd3d18cb805507bed707b0e306d3b433:segment:004,4,9709.0,9490,activities/108_260801060832.csv,1,1,0,0
fit:80de1342a3e9944829ab101957c8eddffd3d18cb805507bed707b0e306d3b433,2026-08-01T06:50:22+00:00,2374,296,162,72,2.984,967.0,23,fit:80de1342a3e9944829ab101957c8eddffd3d18cb805507bed707b0e306d3b433:segment:004,4,9710.0,9491,activities/108_260801060832.csv,1,1,0,0
fit:80de1342a3e9944829ab101957c8eddffd3d18cb805507bed707b0e306d3b433,2026-08-01T06:50:23+00:00,2375,335,162,72,2.903,967.4000000000001,23,fit:80de1342a3e9944829ab101957c8eddffd3d18cb805507bed707b0e306d3b433:segment:004,4,9711.0,9492,activities/108_260801060832.csv,1,1,0,0
fit:80de1342a3e9944829ab101957c8eddffd3d18cb805507bed707b0e306d3b433,2026-08-01T06:50:24+00:00,2376,324,162,71,2.877,967.4000000000001,23,fit:80de1342a3e9944829ab101957c8eddffd3d18cb805507bed707b0e306d3b433:segment:004,4,9712.0,9493,activities/108_260801060832.csv,1,1,0,0
fit:80de1342a3e9944829ab101957c8eddffd3d18cb805507bed707b0e306d3b433,2026-08-01T06:50:25+00:00,2377,296,162,71,2.818,967.4000000000001,23,fit:80de1342a3e9944829ab101957c8eddffd3d18cb805507bed707b0e306d3b433:segment:004,4,9713.0,9494,activities/108_260801060832.csv,1,1,0,0
fit:80de1342a3e9944829ab101957c8eddffd3d18cb805507bed707b0e306d3b433,2026-08-01T06:50:26+00:00,2378,302,162,68,2.548,967.4000000000001,23,fit:80de1342a3e9944829ab101957c8eddffd3d18cb805507bed707b0e306d3b433:segment:004,4,9714.0,9495,activities/108_260801060832.csv,1,1,0,0
fit:80de1342a3e9944829ab101957c8eddffd3d18cb805507bed707b0e306d3b433,2026-08-01T06:50:27+00:00,2379,305,162,68,2.394,968.4000000000001,23,fit:80de1342a3e9944829ab101957c8eddffd3d18cb805507bed707b0e306d3b433:segment:004,4,9715.0,9496,activities/108_260801060832.csv,1,1,0,0
fit:80de1342a3e9944829ab101957c8eddffd3d18cb805507bed707b0e306d3b433,2026-08-01T06:50:28+00:00,2380,298,163,68,2.624,968.5999999999999,23,fit:80de1342a3e9944829ab101957c8eddffd3d18cb805507bed707b0e306d3b433:segment:004,4,9716.0,9497,activities/108_260801060832.csv,1,1,0,0
fit:80de1342a3e9944829ab101957c8eddffd3d18cb805507bed707b0e306d3b433,2026-08-01T06:50:29+00:00,2381,308,163,68,2.564,969.2,23,fit:80de1342a3e9944829ab101957c8eddffd3d18cb805507bed707b0e306d3b433:segment:004,4,9717.0,9498,activities/108_260801060832.csv,1,1,0,0
fit:80de1342a3e9944829ab101957c8eddffd3d18cb805507bed707b0e306d3b433,2026-08-01T06:50:30+00:00,2382,315,163,68,2.572,969.4000000000001,23,fit:80de1342a3e9944829ab101957c8eddffd3d18cb805507bed707b0e306d3b433:segment:004,4,9718.0,9499,activities/108_260801060832.csv,1,1,0,0
fit:80de1342a3e9944829ab101957c8eddffd3d18cb805507bed707b0e306d3b433,2026-08-01T06:50:31+00:00,2383,289,163,68,2.447,970.0,23,fit:80de1342a3e9944829ab101957c8eddffd3d18cb805507bed707b0e306d3b433:segment:004,4,9719.0,9500,activities/108_260801060832.csv,1,1,0,0
fit:80de1342a3e9944829ab101957c8eddffd3d18cb805507bed707b0e306d3b433,2026-08-01T06:50:32+00:00,2384,289,163,69,2.36,970.0,23,fit:80de1342a3e9944829ab101957c8eddffd3d18cb805507bed707b0e306d3b433:segment:004,4,9720.0,9501,activities/108_260801060832.csv,1,1,0,0
fit:80de1342a3e9944829ab101957c8eddffd3d18cb805507bed707b0e306d3b433,2026-08-01T06:50:33+00:00,2385,291,163,69,2.542,970.0,23,fit:80de1342a3e9944829ab101957c8eddffd3d18cb805507bed707b0e306d3b433:segment:004,4,9721.0,9502,activities/108_260801060832.csv,1,1,0,0
fit:80de1342a3e9944829ab101957c8eddffd3d18cb805507bed707b0e306d3b433,2026-08-01T06:50:34+00:00,2386,313,163,70,2.679,970.0,23,fit:80de1342a3e9944829ab101957c8eddffd3d18cb805507bed707b0e306d3b433:segment:004,4,9722.0,9503,activities/108_260801060832.csv,1,1,0,0
fit:80de1342a3e9944829ab101957c8eddffd3d18cb805507bed707b0e306d3b433,2026-08-01T06:50:35+00:00,2387,243,163,70,2.664,970.8,23,fit:80de1342a3e9944829ab101957c8eddffd3d18cb805507bed707b0e306d3b433:segment:004,4,9723.0,9504,activities/108_260801060832.csv,1,1,0,0
fit:80de1342a3e9944829ab101957c8eddffd3d18cb805507bed707b0e306d3b433,2026-08-01T06:50:36+00:00,2388,242,163,73,2.732,971.4000000000001,23,fit:80de1342a3e9944829ab101957c8eddffd3d18cb805507bed707b0e306d3b433:segment:004,4,9724.0,9505,activities/108_260801060832.csv,1,1,0,0
fit:80de1342a3e9944829ab101957c8eddffd3d18cb805507bed707b0e306d3b433,2026-08-01T06:50:37+00:00,2389,181,163,73,2.913,971.4000000000001,23,fit:80de1342a3e9944829ab101957c8eddffd3d18cb805507bed707b0e306d3b433:segment:004,4,9725.0,9506,activities/108_260801060832.csv,1,1,0,0
fit:80de1342a3e9944829ab101957c8eddffd3d18cb805507bed707b0e306d3b433,2026-08-01T06:50:38+00:00,2390,234,163,72,3.028,971.4000000000001,23,fit:80de1342a3e9944829ab101957c8eddffd3d18cb805507bed707b0e306d3b433:segment:004,4,9726.0,9507,activities/108_260801060832.csv,1,1,0,0
fit:80de1342a3e9944829ab101957c8eddffd3d18cb805507bed707b0e306d3b433,2026-08-01T06:50:39+00:00,2391,180,163,72,2.995,971.4000000000001,23,fit:80de1342a3e9944829ab101957c8eddffd3d18cb805507bed707b0e306d3b433:segment:004,4,9727.0,9508,activities/108_260801060832.csv,1,1,0,0
fit:80de1342a3e9944829ab101957c8eddffd3d18cb805507bed707b0e306d3b433,2026-08-01T06:50:40+00:00,2392,184,163,73,3.045,972.2,23,fit:80de1342a3e9944829ab101957c8eddffd3d18cb805507bed707b0e306d3b433:segment:004,4,9728.0,9509,activities/108_260801060832.csv,1,1,0,0
fit:80de1342a3e9944829ab101957c8eddffd3d18cb805507bed707b0e306d3b433,2026-08-01T06:50:41+00:00,2393,168,163,73,3.052,972.2,23,fit:80de1342a3e9944829ab101957c8eddffd3d18cb805507bed707b0e306d3b433:segment:004,4,9729.0,9510,activities/108_260801060832.csv,1,1,0,0
fit:80de1342a3e9944829ab101957c8eddffd3d18cb805507bed707b0e306d3b433,2026-08-01T06:50:42+00:00,2394,168,163,75,3.173,972.2,23,fit:80de1342a3e9944829ab101957c8eddffd3d18cb805507bed707b0e306d3b433:segment:004,4,9730.0,9511,activities/108_260801060832.csv,1,1,0,0
fit:80de1342a3e9944829ab101957c8eddffd3d18cb805507bed707b0e306d3b433,2026-08-01T06:50:43+00:00,2395,134,163,77,3.317,972.2,23,fit:80de1342a3e9944829ab101957c8eddffd3d18cb805507bed707b0e306d3b433:segment:004,4,9731.0,9512,activities/108_260801060832.csv,1,1,0,0
fit:80de1342a3e9944829ab101957c8eddffd3d18cb805507bed707b0e306d3b433,2026-08-01T06:50:44+00:00,2396,134,163,81,3.314,973.0,23,fit:80de1342a3e9944829ab101957c8eddffd3d18cb805507bed707b0e306d3b433:segment:004,4,9732.0,9513,activities/108_260801060832.csv,1,1,0,0
fit:80de1342a3e9944829ab101957c8eddffd3d18cb805507bed707b0e306d3b433,2026-08-01T06:50:45+00:00,2397,134,163,81,3.138,973.0,23,fit:80de1342a3e9944829ab101957c8eddffd3d18cb805507bed707b0e306d3b433:segment:004,4,9733.0,9514,activities/108_260801060832.csv,1,1,0,0
fit:80de1342a3e9944829ab101957c8eddffd3d18cb805507bed707b0e306d3b433,2026-08-01T06:50:46+00:00,2398,204,163,25,2.905,973.0,23,fit:80de1342a3e9944829ab101957c8eddffd3d18cb805507bed707b0e306d3b433:segment:004,4,9734.0,9515,activities/108_260801060832.csv,1,1,0,0
fit:80de1342a3e9944829ab101957c8eddffd3d18cb805507bed707b0e306d3b433,2026-08-01T06:50:47+00:00,2399,204,163,68,2.709,973.0,23,fit:80de1342a3e9944829ab101957c8eddffd3d18cb805507bed707b0e306d3b433:segment:004,4,9735.0,9516,activities/108_260801060832.csv,1,1,0,0
fit:80de1342a3e9944829ab101957c8eddffd3d18cb805507bed707b0e306d3b433,2026-08-01T06:50:48+00:00,2400,185,163,73,2.737,973.4000000000001,23,fit:80de1342a3e9944829ab101957c8eddffd3d18cb805507bed707b0e306d3b433:segment:004,4,9736.0,9517,activities/108_260801060832.csv,1,1,0,0
fit:80de1342a3e9944829ab101957c8eddffd3d18cb805507bed707b0e306d3b433,2026-08-01T06:50:49+00:00,2401,172,163,77,2.842,973.4000000000001,23,fit:80de1342a3e9944829ab101957c8eddffd3d18cb805507bed707b0e306d3b433:segment:004,4,9737.0,9518,activities/108_260801060832.csv,1,1,0,0
fit:80de1342a3e9944829ab101957c8eddffd3d18cb805507bed707b0e306d3b433,2026-08-01T06:50:50+00:00,2402,172,163,79,3.1,973.8,23,fit:80de1342a3e9944829ab101957c8eddffd3d18cb805507bed707b0e306d3b433:segment:004,4,9738.0,9519,activities/108_260801060832.csv,1,1,0,0
fit:80de1342a3e9944829ab101957c8eddffd3d18cb805507bed707b0e306d3b433,2026-08-01T06:50:51+00:00,2403,181,163,82,3.281,974.2,23,fit:80de1342a3e9944829ab101957c8eddffd3d18cb805507bed707b0e306d3b433:segment:004,4,9739.0,9520,activities/108_260801060832.csv,1,1,0,0
fit:80de1342a3e9944829ab101957c8eddffd3d18cb805507bed707b0e306d3b433,2026-08-01T06:50:52+00:00,2404,144,163,84,3.183,974.2,23,fit:80de1342a3e9944829ab101957c8eddffd3d18cb805507bed707b0e306d3b433:segment:004,4,9740.0,9521,activities/108_260801060832.csv,1,1,0,0
fit:80de1342a3e9944829ab101957c8eddffd3d18cb805507bed707b0e306d3b433,2026-08-01T06:50:53+00:00,2405,131,163,84,3.279,974.2,23,fit:80de1342a3e9944829ab101957c8eddffd3d18cb805507bed707b0e306d3b433:segment:004,4,9741.0,9522,activities/108_260801060832.csv,1,1,0,0
fit:80de1342a3e9944829ab101957c8eddffd3d18cb805507bed707b0e306d3b433,2026-08-01T06:50:54+00:00,2406,164,163,84,3.101,974.2,23,fit:80de1342a3e9944829ab101957c8eddffd3d18cb805507bed707b0e306d3b433:segment:004,4,9742.0,9523,activities/108_260801060832.csv,1,1,0,0
fit:80de1342a3e9944829ab101957c8eddffd3d18cb805507bed707b0e306d3b433,2026-08-01T06:50:55+00:00,2407,153,163,83,3.231,974.4000000000001,23,fit:80de1342a3e9944829ab101957c8eddffd3d18cb805507bed707b0e306d3b433:segment:004,4,9743.0,9524,activities/108_260801060832.csv,1,1,0,0
fit:80de1342a3e9944829ab101957c8eddffd3d18cb805507bed707b0e306d3b433,2026-08-01T06:50:56+00:00,2408,287,163,79,3.199,975.2,23,fit:80de1342a3e9944829ab101957c8eddffd3d18cb805507bed707b0e306d3b433:segment:004,4,9744.0,9525,activities/108_260801060832.csv,1,1,0,0
fit:80de1342a3e9944829ab101957c8eddffd3d18cb805507bed707b0e306d3b433,2026-08-01T06:50:57+00:00,2409,287,162,74,3.082,975.2,23,fit:80de1342a3e9944829ab101957c8eddffd3d18cb805507bed707b0e306d3b433:segment:004,4,9745.0,9526,activities/108_260801060832.csv,1,1,0,0
fit:80de1342a3e9944829ab101957c8eddffd3d18cb805507bed707b0e306d3b433,2026-08-01T06:50:58+00:00,2410,241,162,74,2.907,975.2,23,fit:80de1342a3e9944829ab101957c8eddffd3d18cb805507bed707b0e306d3b433:segment:004,4,9746.0,9527,activities/108_260801060832.csv,1,1,0,0
fit:80de1342a3e9944829ab101957c8eddffd3d18cb805507bed707b0e306d3b433,2026-08-01T06:50:59+00:00,2411,262,162,78,3.216,975.2,23,fit:80de1342a3e9944829ab101957c8eddffd3d18cb805507bed707b0e306d3b433:segment:004,4,9747.0,9528,activities/108_260801060832.csv,1,1,0,0
fit:80de1342a3e9944829ab101957c8eddffd3d18cb805507bed707b0e306d3b433,2026-08-01T06:51:00+00:00,2412,228,162,80,3.432,975.2,23,fit:80de1342a3e9944829ab101957c8eddffd3d18cb805507bed707b0e306d3b433:segment:004,4,9748.0,9529,activities/108_260801060832.csv,1,1,0,0
fit:80de1342a3e9944829ab101957c8eddffd3d18cb805507bed707b0e306d3b433,2026-08-01T06:51:01+00:00,2413,244,162,78,3.404,976.0,23,fit:80de1342a3e9944829ab101957c8eddffd3d18cb805507bed707b0e306d3b433:segment:004,4,9749.0,9530,activities/108_260801060832.csv,1,1,0,0
fit:80de1342a3e9944829ab101957c8eddffd3d18cb805507bed707b0e306d3b433,2026-08-01T06:51:02+00:00,2414,244,162,78,3.276,976.0,23,fit:80de1342a3e9944829ab101957c8eddffd3d18cb805507bed707b0e306d3b433:segment:004,4,9750.0,9531,activities/108_260801060832.csv,1,1,0,0
fit:80de1342a3e9944829ab101957c8eddffd3d18cb805507bed707b0e306d3b433,2026-08-01T06:51:03+00:00,2415,263,162,78,3.431,976.0,23,fit:80de1342a3e9944829ab101957c8eddffd3d18cb805507bed707b0e306d3b433:segment:004,4,9751.0,9532,activities/108_260801060832.csv,1,1,0,0
fit:80de1342a3e9944829ab101957c8eddffd3d18cb805507bed707b0e306d3b433,2026-08-01T06:51:04+00:00,2416,255,162,77,3.287,976.0,23,fit:80de1342a3e9944829ab101957c8eddffd3d18cb805507bed707b0e306d3b433:segment:004,4,9752.0,9533,activities/108_260801060832.csv,1,1,0,0
fit:80de1342a3e9944829ab101957c8eddffd3d18cb805507bed707b0e306d3b433,2026-08-01T06:51:05+00:00,2417,253,162,76,3.236,977.0,23,fit:80de1342a3e9944829ab101957c8eddffd3d18cb805507bed707b0e306d3b433:segment:004,4,9753.0,9534,activities/108_260801060832.csv,1,1,0,0
fit:80de1342a3e9944829ab101957c8eddffd3d18cb805507bed707b0e306d3b433,2026-08-01T06:51:06+00:00,2418,281,161,75,2.985,977.0,23,fit:80de1342a3e9944829ab101957c8eddffd3d18cb805507bed707b0e306d3b433:segment:004,4,9754.0,9535,activities/108_260801060832.csv,1,1,0,0
fit:80de1342a3e9944829ab101957c8eddffd3d18cb805507bed707b0e306d3b433,2026-08-01T06:51:07+00:00,2419,289,161,75,2.866,977.4000000000001,23,fit:80de1342a3e9944829ab101957c8eddffd3d18cb805507bed707b0e306d3b433:segment:004,4,9755.0,9536,activities/108_260801060832.csv,1,1,0,0
fit:80de1342a3e9944829ab101957c8eddffd3d18cb805507bed707b0e306d3b433,2026-08-01T06:51:08+00:00,2420,295,161,73,2.857,977.8,23,fit:80de1342a3e9944829ab101957c8eddffd3d18cb805507bed707b0e306d3b433:segment:004,4,9756.0,9537,activities/108_260801060832.csv,1,1,0,0
fit:80de1342a3e9944829ab101957c8eddffd3d18cb805507bed707b0e306d3b433,2026-08-01T06:51:09+00:00,2421,295,161,73,2.808,978.4000000000001,23,fit:80de1342a3e9944829ab101957c8eddffd3d18cb805507bed707b0e306d3b433:segment:004,4,9757.0,9538,activities/108_260801060832.csv,1,1,0,0
fit:80de1342a3e9944829ab101957c8eddffd3d18cb805507bed707b0e306d3b433,2026-08-01T06:51:10+00:00,2422,369,161,70,2.663,978.8,23,fit:80de1342a3e9944829ab101957c8eddffd3d18cb805507bed707b0e306d3b433:segment:004,4,9758.0,9539,activities/108_260801060832.csv,1,1,0,0
fit:80de1342a3e9944829ab101957c8eddffd3d18cb805507bed707b0e306d3b433,2026-08-01T06:51:11+00:00,2423,306,161,73,2.485,979.2,23,fit:80de1342a3e9944829ab101957c8eddffd3d18cb805507bed707b0e306d3b433:segment:004,4,9759.0,9540,activities/108_260801060832.csv,1,1,0,0
fit:80de1342a3e9944829ab101957c8eddffd3d18cb805507bed707b0e306d3b433,2026-08-01T06:51:12+00:00,2424,306,161,74,2.76,979.4000000000001,23,fit:80de1342a3e9944829ab101957c8eddffd3d18cb805507bed707b0e306d3b433:segment:004,4,9760.0,9541,activities/108_260801060832.csv,1,1,0,0
fit:80de1342a3e9944829ab101957c8eddffd3d18cb805507bed707b0e306d3b433,2026-08-01T06:51:13+00:00,2425,284,161,74,2.924,979.8,23,fit:80de1342a3e9944829ab101957c8eddffd3d18cb805507bed707b0e306d3b433:segment:004,4,9761.0,9542,activities/108_260801060832.csv,1,1,0,0
fit:80de1342a3e9944829ab101957c8eddffd3d18cb805507bed707b0e306d3b433,2026-08-01T06:51:14+00:00,2426,272,161,75,2.937,979.8,23,fit:80de1342a3e9944829ab101957c8eddffd3d18cb805507bed707b0e306d3b433:segment:004,4,9762.0,9543,activities/108_260801060832.csv,1,1,0,0
fit:80de1342a3e9944829ab101957c8eddffd3d18cb805507bed707b0e306d3b433,2026-08-01T06:51:15+00:00,2427,245,160,76,2.732,979.8,23,fit:80de1342a3e9944829ab101957c8eddffd3d18cb805507bed707b0e306d3b433:segment:004,4,9763.0,9544,activities/108_260801060832.csv,1,1,0,0
fit:80de1342a3e9944829ab101957c8eddffd3d18cb805507bed707b0e306d3b433,2026-08-01T06:51:16+00:00,2428,247,160,73,2.926,979.8,23,fit:80de1342a3e9944829ab101957c8eddffd3d18cb805507bed707b0e306d3b433:segment:004,4,9764.0,9545,activities/108_260801060832.csv,1,1,0,0
fit:80de1342a3e9944829ab101957c8eddffd3d18cb805507bed707b0e306d3b433,2026-08-01T06:51:17+00:00,2429,247,160,73,2.968,980.8,23,fit:80de1342a3e9944829ab101957c8eddffd3d18cb805507bed707b0e306d3b433:segment:004,4,9765.0,9546,activities/108_260801060832.csv,1,1,0,0
fit:80de1342a3e9944829ab101957c8eddffd3d18cb805507bed707b0e306d3b433,2026-08-01T06:51:18+00:00,2430,259,161,77,2.631,981.4000000000001,23,fit:80de1342a3e9944829ab101957c8eddffd3d18cb805507bed707b0e306d3b433:segment:004,4,9766.0,9547,activities/108_260801060832.csv,1,1,0,0
fit:80de1342a3e9944829ab101957c8eddffd3d18cb805507bed707b0e306d3b433,2026-08-01T06:51:19+00:00,2431,225,161,77,2.565,981.4000000000001,23,fit:80de1342a3e9944829ab101957c8eddffd3d18cb805507bed707b0e306d3b433:segment:004,4,9767.0,9548,activities/108_260801060832.csv,1,1,0,0
fit:80de1342a3e9944829ab101957c8eddffd3d18cb805507bed707b0e306d3b433,2026-08-01T06:51:20+00:00,2432,272,161,78,2.34,981.5999999999999,23,fit:80de1342a3e9944829ab101957c8eddffd3d18cb805507bed707b0e306d3b433:segment:004,4,9768.0,9549,activities/108_260801060832.csv,1,1,0,0
fit:80de1342a3e9944829ab101957c8eddffd3d18cb805507bed707b0e306d3b433,2026-08-01T06:51:21+00:00,2433,251,161,78,2.655,982.0,23,fit:80de1342a3e9944829ab101957c8eddffd3d18cb805507bed707b0e306d3b433:segment:004,4,9769.0,9550,activities/108_260801060832.csv,1,1,0,0
fit:80de1342a3e9944829ab101957c8eddffd3d18cb805507bed707b0e306d3b433,2026-08-01T06:51:22+00:00,2434,243,162,75,2.462,982.4000000000001,23,fit:80de1342a3e9944829ab101957c8eddffd3d18cb805507bed707b0e306d3b433:segment:004,4,9770.0,9551,activities/108_260801060832.csv,1,1,0,0
fit:80de1342a3e9944829ab101957c8eddffd3d18cb805507bed707b0e306d3b433,2026-08-01T06:51:23+00:00,2435,299,163,76,2.589,982.5999999999999,23,fit:80de1342a3e9944829ab101957c8eddffd3d18cb805507bed707b0e306d3b433:segment:004,4,9771.0,9552,activities/108_260801060832.csv,1,1,0,0
fit:80de1342a3e9944829ab101957c8eddffd3d18cb805507bed707b0e306d3b433,2026-08-01T06:51:24+00:00,2436,212,163,80,2.607,983.0,23,fit:80de1342a3e9944829ab101957c8eddffd3d18cb805507bed707b0e306d3b433:segment:004,4,9772.0,9553,activities/108_260801060832.csv,1,1,0,0
fit:80de1342a3e9944829ab101957c8eddffd3d18cb805507bed707b0e306d3b433,2026-08-01T06:51:25+00:00,2437,339,163,80,2.602,983.0,23,fit:80de1342a3e9944829ab101957c8eddffd3d18cb805507bed707b0e306d3b433:segment:004,4,9773.0,9554,activities/108_260801060832.csv,1,1,0,0
fit:80de1342a3e9944829ab101957c8eddffd3d18cb805507bed707b0e306d3b433,2026-08-01T06:51:26+00:00,2438,301,163,78,2.798,983.0,23,fit:80de1342a3e9944829ab101957c8eddffd3d18cb805507bed707b0e306d3b433:segment:004,4,9774.0,9555,activities/108_260801060832.csv,1,1,0,0
fit:80de1342a3e9944829ab101957c8eddffd3d18cb805507bed707b0e306d3b433,2026-08-01T06:51:27+00:00,2439,301,163,79,2.831,983.0,23,fit:80de1342a3e9944829ab101957c8eddffd3d18cb805507bed707b0e306d3b433:segment:004,4,9775.0,9556,activities/108_260801060832.csv,1,1,0,0
fit:80de1342a3e9944829ab101957c8eddffd3d18cb805507bed707b0e306d3b433,2026-08-01T06:51:28+00:00,2440,293,163,80,2.951,983.0,23,fit:80de1342a3e9944829ab101957c8eddffd3d18cb805507bed707b0e306d3b433:segment:004,4,9776.0,9557,activities/108_260801060832.csv,1,1,0,0
fit:80de1342a3e9944829ab101957c8eddffd3d18cb805507bed707b0e306d3b433,2026-08-01T06:51:29+00:00,2441,314,164,80,3.086,983.5999999999999,23,fit:80de1342a3e9944829ab101957c8eddffd3d18cb805507bed707b0e306d3b433:segment:004,4,9777.0,9558,activities/108_260801060832.csv,1,1,0,0
fit:80de1342a3e9944829ab101957c8eddffd3d18cb805507bed707b0e306d3b433,2026-08-01T06:51:30+00:00,2442,315,164,81,3.449,984.4000000000001,23,fit:80de1342a3e9944829ab101957c8eddffd3d18cb805507bed707b0e306d3b433:segment:004,4,9778.0,9559,activities/108_260801060832.csv,1,1,0,0
fit:80de1342a3e9944829ab101957c8eddffd3d18cb805507bed707b0e306d3b433,2026-08-01T06:51:31+00:00,2443,360,164,82,3.319,984.4000000000001,23,fit:80de1342a3e9944829ab101957c8eddffd3d18cb805507bed707b0e306d3b433:segment:004,4,9779.0,9560,activities/108_260801060832.csv,1,1,0,0
fit:80de1342a3e9944829ab101957c8eddffd3d18cb805507bed707b0e306d3b433,2026-08-01T06:51:32+00:00,2444,360,164,82,3.41,984.4000000000001,23,fit:80de1342a3e9944829ab101957c8eddffd3d18cb805507bed707b0e306d3b433:segment:004,4,9780.0,9561,activities/108_260801060832.csv,1,1,0,0
fit:80de1342a3e9944829ab101957c8eddffd3d18cb805507bed707b0e306d3b433,2026-08-01T06:51:33+00:00,2445,320,164,81,3.438,984.4000000000001,23,fit:80de1342a3e9944829ab101957c8eddffd3d18cb805507bed707b0e306d3b433:segment:004,4,9781.0,9562,activities/108_260801060832.csv,1,1,0,0
fit:80de1342a3e9944829ab101957c8eddffd3d18cb805507bed707b0e306d3b433,2026-08-01T06:51:34+00:00,2446,310,164,81,3.454,984.4000000000001,23,fit:80de1342a3e9944829ab101957c8eddffd3d18cb805507bed707b0e306d3b433:segment:004,4,9782.0,9563,activities/108_260801060832.csv,1,1,0,0
fit:80de1342a3e9944829ab101957c8eddffd3d18cb805507bed707b0e306d3b433,2026-08-01T06:51:35+00:00,2447,283,165,81,3.351,985.4000000000001,23,fit:80de1342a3e9944829ab101957c8eddffd3d18cb805507bed707b0e306d3b433:segment:004,4,9783.0,9564,activities/108_260801060832.csv,1,1,0,0
fit:80de1342a3e9944829ab101957c8eddffd3d18cb805507bed707b0e306d3b433,2026-08-01T06:51:36+00:00,2448,284,165,81,3.41,986.0,23,fit:80de1342a3e9944829ab101957c8eddffd3d18cb805507bed707b0e306d3b433:segment:004,4,9784.0,9565,activities/108_260801060832.csv,1,1,0,0
fit:80de1342a3e9944829ab101957c8eddffd3d18cb805507bed707b0e306d3b433,2026-08-01T06:51:37+00:00,2449,271,165,79,3.303,986.0,23,fit:80de1342a3e9944829ab101957c8eddffd3d18cb805507bed707b0e306d3b433:segment:004,4,9785.0,9566,activities/108_260801060832.csv,1,1,0,0
fit:80de1342a3e9944829ab101957c8eddffd3d18cb805507bed707b0e306d3b433,2026-08-01T06:51:38+00:00,2450,255,165,79,3.185,986.0,23,fit:80de1342a3e9944829ab101957c8eddffd3d18cb805507bed707b0e306d3b433:segment:004,4,9786.0,9567,activities/108_260801060832.csv,1,1,0,0
fit:80de1342a3e9944829ab101957c8eddffd3d18cb805507bed707b0e306d3b433,2026-08-01T06:51:39+00:00,2451,286,165,78,3.159,986.0,23,fit:80de1342a3e9944829ab101957c8eddffd3d18cb805507bed707b0e306d3b433:segment:004,4,9787.0,9568,activities/108_260801060832.csv,1,1,0,0
fit:80de1342a3e9944829ab101957c8eddffd3d18cb805507bed707b0e306d3b433,2026-08-01T06:51:40+00:00,2452,254,165,78,3.288,987.0,23,fit:80de1342a3e9944829ab101957c8eddffd3d18cb805507bed707b0e306d3b433:segment:004,4,9788.0,9569,activities/108_260801060832.csv,1,1,0,0
fit:80de1342a3e9944829ab101957c8eddffd3d18cb805507bed707b0e306d3b433,2026-08-01T06:51:41+00:00,2453,264,165,77,3.185,987.5999999999999,23,fit:80de1342a3e9944829ab101957c8eddffd3d18cb805507bed707b0e306d3b433:segment:004,4,9789.0,9570,activities/108_260801060832.csv,1,1,0,0
fit:80de1342a3e9944829ab101957c8eddffd3d18cb805507bed707b0e306d3b433,2026-08-01T06:51:42+00:00,2454,245,164,76,3.22,987.5999999999999,23,fit:80de1342a3e9944829ab101957c8eddffd3d18cb805507bed707b0e306d3b433:segment:004,4,9790.0,9571,activities/108_260801060832.csv,1,1,0,0
fit:80de1342a3e9944829ab101957c8eddffd3d18cb805507bed707b0e306d3b433,2026-08-01T06:51:43+00:00,2455,241,164,74,3.092,988.4000000000001,23,fit:80de1342a3e9944829ab101957c8eddffd3d18cb805507bed707b0e306d3b433:segment:004,4,9791.0,9572,activities/108_260801060832.csv,1,1,0,0
fit:80de1342a3e9944829ab101957c8eddffd3d18cb805507bed707b0e306d3b433,2026-08-01T06:51:44+00:00,2456,249,165,74,3.005,988.5999999999999,23,fit:80de1342a3e9944829ab101957c8eddffd3d18cb805507bed707b0e306d3b433:segment:004,4,9792.0,9573,activities/108_260801060832.csv,1,1,0,0
fit:80de1342a3e9944829ab101957c8eddffd3d18cb805507bed707b0e306d3b433,2026-08-01T06:51:45+00:00,2457,241,165,73,2.826,988.5999999999999,23,fit:80de1342a3e9944829ab101957c8eddffd3d18cb805507bed707b0e306d3b433:segment:004,4,9793.0,9574,activities/108_260801060832.csv,1,1,0,0
fit:80de1342a3e9944829ab101957c8eddffd3d18cb805507bed707b0e306d3b433,2026-08-01T06:51:46+00:00,2458,246,165,73,2.825,988.5999999999999,23,fit:80de1342a3e9944829ab101957c8eddffd3d18cb805507bed707b0e306d3b433:segment:004,4,9794.0,9575,activities/108_260801060832.csv,1,1,0,0
fit:80de1342a3e9944829ab101957c8eddffd3d18cb805507bed707b0e306d3b433,2026-08-01T06:51:47+00:00,2459,218,165,73,2.64,988.5999999999999,23,fit:80de1342a3e9944829ab101957c8eddffd3d18cb805507bed707b0e306d3b433:segment:004,4,9795.0,9576,activities/108_260801060832.csv,1,1,0,0
fit:80de1342a3e9944829ab101957c8eddffd3d18cb805507bed707b0e306d3b433,2026-08-01T06:51:48+00:00,2460,222,165,74,2.595,989.4000000000001,23,fit:80de1342a3e9944829ab101957c8eddffd3d18cb805507bed707b0e306d3b433:segment:004,4,9796.0,9577,activities/108_260801060832.csv,1,1,0,0
fit:80de1342a3e9944829ab101957c8eddffd3d18cb805507bed707b0e306d3b433,2026-08-01T06:51:49+00:00,2461,195,166,74,2.821,989.8,23,fit:80de1342a3e9944829ab101957c8eddffd3d18cb805507bed707b0e306d3b433:segment:004,4,9797.0,9578,activities/108_260801060832.csv,1,1,0,0
fit:80de1342a3e9944829ab101957c8eddffd3d18cb805507bed707b0e306d3b433,2026-08-01T06:51:50+00:00,2462,139,166,74,2.7,989.8,23,fit:80de1342a3e9944829ab101957c8eddffd3d18cb805507bed707b0e306d3b433:segment:004,4,9798.0,9579,activities/108_260801060832.csv,1,1,0,0
fit:80de1342a3e9944829ab101957c8eddffd3d18cb805507bed707b0e306d3b433,2026-08-01T06:51:51+00:00,2463,140,166,74,2.784,989.8,23,fit:80de1342a3e9944829ab101957c8eddffd3d18cb805507bed707b0e306d3b433:segment:004,4,9799.0,9580,activities/108_260801060832.csv,1,1,0,0
fit:80de1342a3e9944829ab101957c8eddffd3d18cb805507bed707b0e306d3b433,2026-08-01T06:51:52+00:00,2464,143,166,76,3.047,989.8,23,fit:80de1342a3e9944829ab101957c8eddffd3d18cb805507bed707b0e306d3b433:segment:004,4,9800.0,9581,activities/108_260801060832.csv,1,1,0,0
fit:80de1342a3e9944829ab101957c8eddffd3d18cb805507bed707b0e306d3b433,2026-08-01T06:51:53+00:00,2465,177,166,79,3.048,990.4000000000001,23,fit:80de1342a3e9944829ab101957c8eddffd3d18cb805507bed707b0e306d3b433:segment:004,4,9801.0,9582,activities/108_260801060832.csv,1,1,0,0
fit:80de1342a3e9944829ab101957c8eddffd3d18cb805507bed707b0e306d3b433,2026-08-01T06:51:54+00:00,2466,123,165,82,3.108,990.4000000000001,23,fit:80de1342a3e9944829ab101957c8eddffd3d18cb805507bed707b0e306d3b433:segment:004,4,9802.0,9583,activities/108_260801060832.csv,1,1,0,0
fit:80de1342a3e9944829ab101957c8eddffd3d18cb805507bed707b0e306d3b433,2026-08-01T06:51:55+00:00,2467,131,165,82,3.134,990.4000000000001,23,fit:80de1342a3e9944829ab101957c8eddffd3d18cb805507bed707b0e306d3b433:segment:004,4,9803.0,9584,activities/108_260801060832.csv,1,1,0,0
fit:80de1342a3e9944829ab101957c8eddffd3d18cb805507bed707b0e306d3b433,2026-08-01T06:51:56+00:00,2468,151,165,81,3.13,990.4000000000001,23,fit:80de1342a3e9944829ab101957c8eddffd3d18cb805507bed707b0e306d3b433:segment:004,4,9804.0,9585,activities/108_260801060832.csv,1,1,0,0
fit:80de1342a3e9944829ab101957c8eddffd3d18cb805507bed707b0e306d3b433,2026-08-01T06:51:57+00:00,2469,151,165,79,3.114,990.4000000000001,23,fit:80de1342a3e9944829ab101957c8eddffd3d18cb805507bed707b0e306d3b433:segment:004,4,9805.0,9586,activities/108_260801060832.csv,1,1,0,0
fit:80de1342a3e9944829ab101957c8eddffd3d18cb805507bed707b0e306d3b433,2026-08-01T06:51:58+00:00,2470,166,165,79,3.094,990.8,23,fit:80de1342a3e9944829ab101957c8eddffd3d18cb805507bed707b0e306d3b433:segment:004,4,9806.0,9587,activities/108_260801060832.csv,1,1,0,0
fit:80de1342a3e9944829ab101957c8eddffd3d18cb805507bed707b0e306d3b433,2026-08-01T06:51:59+00:00,2471,177,165,76,2.84,991.0,23,fit:80de1342a3e9944829ab101957c8eddffd3d18cb805507bed707b0e306d3b433:segment:004,4,9807.0,9588,activities/108_260801060832.csv,1,1,0,0
fit:80de1342a3e9944829ab101957c8eddffd3d18cb805507bed707b0e306d3b433,2026-08-01T06:52:00+00:00,2472,155,164,77,2.848,991.4000000000001,23,fit:80de1342a3e9944829ab101957c8eddffd3d18cb805507bed707b0e306d3b433:segment:004,4,9808.0,9589,activities/108_260801060832.csv,1,1,0,0
fit:80de1342a3e9944829ab101957c8eddffd3d18cb805507bed707b0e306d3b433,2026-08-01T06:52:01+00:00,2473,167,164,77,3.02,991.4000000000001,23,fit:80de1342a3e9944829ab101957c8eddffd3d18cb805507bed707b0e306d3b433:segment:004,4,9809.0,9590,activities/108_260801060832.csv,1,1,0,0
fit:80de1342a3e9944829ab101957c8eddffd3d18cb805507bed707b0e306d3b433,2026-08-01T06:52:02+00:00,2474,160,164,76,3.006,991.5999999999999,23,fit:80de1342a3e9944829ab101957c8eddffd3d18cb805507bed707b0e306d3b433:segment:004,4,9810.0,9591,activities/108_260801060832.csv,1,1,0,0
fit:80de1342a3e9944829ab101957c8eddffd3d18cb805507bed707b0e306d3b433,2026-08-01T06:52:03+00:00,2475,161,164,75,2.934,991.5999999999999,23,fit:80de1342a3e9944829ab101957c8eddffd3d18cb805507bed707b0e306d3b433:segment:004,4,9811.0,9592,activities/108_260801060832.csv,1,1,0,0
fit:80de1342a3e9944829ab101957c8eddffd3d18cb805507bed707b0e306d3b433,2026-08-01T06:52:04+00:00,2476,189,163,74,3.038,991.5999999999999,23,fit:80de1342a3e9944829ab101957c8eddffd3d18cb805507bed707b0e306d3b433:segment:004,4,9812.0,9593,activities/108_260801060832.csv,1,1,0,0
fit:80de1342a3e9944829ab101957c8eddffd3d18cb805507bed707b0e306d3b433,2026-08-01T06:52:05+00:00,2477,194,163,75,2.951,991.5999999999999,23,fit:80de1342a3e9944829ab101957c8eddffd3d18cb805507bed707b0e306d3b433:segment:004,4,9813.0,9594,activities/108_260801060832.csv,1,1,0,0
fit:80de1342a3e9944829ab101957c8eddffd3d18cb805507bed707b0e306d3b433,2026-08-01T06:52:06+00:00,2478,194,162,77,2.72,992.2,23,fit:80de1342a3e9944829ab101957c8eddffd3d18cb805507bed707b0e306d3b433:segment:004,4,9814.0,9595,activities/108_260801060832.csv,1,1,0,0
fit:80de1342a3e9944829ab101957c8eddffd3d18cb805507bed707b0e306d3b433,2026-08-01T06:52:07+00:00,2479,265,161,77,2.904,992.5999999999999,23,fit:80de1342a3e9944829ab101957c8eddffd3d18cb805507bed707b0e306d3b433:segment:004,4,9815.0,9596,activities/108_260801060832.csv,1,1,0,0
fit:80de1342a3e9944829ab101957c8eddffd3d18cb805507bed707b0e306d3b433,2026-08-01T06:52:08+00:00,2480,265,161,77,2.921,992.8,23,fit:80de1342a3e9944829ab101957c8eddffd3d18cb805507bed707b0e306d3b433:segment:004,4,9816.0,9597,activities/108_260801060832.csv,1,1,0,0
fit:80de1342a3e9944829ab101957c8eddffd3d18cb805507bed707b0e306d3b433,2026-08-01T06:52:09+00:00,2481,272,160,77,2.671,993.4000000000001,23,fit:80de1342a3e9944829ab101957c8eddffd3d18cb805507bed707b0e306d3b433:segment:004,4,9817.0,9598,activities/108_260801060832.csv,1,1,0,0
fit:80de1342a3e9944829ab101957c8eddffd3d18cb805507bed707b0e306d3b433,2026-08-01T06:52:10+00:00,2482,355,160,77,2.686,993.4000000000001,23,fit:80de1342a3e9944829ab101957c8eddffd3d18cb805507bed707b0e306d3b433:segment:004,4,9818.0,9599,activities/108_260801060832.csv,1,1,0,0
fit:80de1342a3e9944829ab101957c8eddffd3d18cb805507bed707b0e306d3b433,2026-08-01T06:52:11+00:00,2483,323,160,79,3.163,993.4000000000001,23,fit:80de1342a3e9944829ab101957c8eddffd3d18cb805507bed707b0e306d3b433:segment:004,4,9819.0,9600,activities/108_260801060832.csv,1,1,0,0
fit:80de1342a3e9944829ab101957c8eddffd3d18cb805507bed707b0e306d3b433,2026-08-01T06:52:12+00:00,2484,316,160,78,2.66,993.4000000000001,23,fit:80de1342a3e9944829ab101957c8eddffd3d18cb805507bed707b0e306d3b433:segment:004,4,9820.0,9601,activities/108_260801060832.csv,1,1,0,0
fit:80de1342a3e9944829ab101957c8eddffd3d18cb805507bed707b0e306d3b433,2026-08-01T06:52:13+00:00,2485,310,160,77,2.239,994.0,23,fit:80de1342a3e9944829ab101957c8eddffd3d18cb805507bed707b0e306d3b433:segment:004,4,9821.0,9602,activities/108_260801060832.csv,1,1,0,0
fit:80de1342a3e9944829ab101957c8eddffd3d18cb805507bed707b0e306d3b433,2026-08-01T06:52:14+00:00,2486,298,160,77,2.171,994.5999999999999,23,fit:80de1342a3e9944829ab101957c8eddffd3d18cb805507bed707b0e306d3b433:segment:004,4,9822.0,9603,activities/108_260801060832.csv,1,1,0,0
fit:80de1342a3e9944829ab101957c8eddffd3d18cb805507bed707b0e306d3b433,2026-08-01T06:52:15+00:00,2487,288,160,73,1.699,994.5999999999999,23,fit:80de1342a3e9944829ab101957c8eddffd3d18cb805507bed707b0e306d3b433:segment:004,4,9823.0,9604,activities/108_260801060832.csv,1,1,0,0
fit:80de1342a3e9944829ab101957c8eddffd3d18cb805507bed707b0e306d3b433,2026-08-01T06:52:16+00:00,2488,288,160,78,2.505,994.5999999999999,23,fit:80de1342a3e9944829ab101957c8eddffd3d18cb805507bed707b0e306d3b433:segment:004,4,9824.0,9605,activities/108_260801060832.csv,1,1,0,0
fit:80de1342a3e9944829ab101957c8eddffd3d18cb805507bed707b0e306d3b433,2026-08-01T06:52:17+00:00,2489,298,161,78,2.396,994.5999999999999,23,fit:80de1342a3e9944829ab101957c8eddffd3d18cb805507bed707b0e306d3b433:segment:004,4,9825.0,9606,activities/108_260801060832.csv,1,1,0,0
fit:80de1342a3e9944829ab101957c8eddffd3d18cb805507bed707b0e306d3b433,2026-08-01T06:52:18+00:00,2490,287,161,77,2.138,995.0,23,fit:80de1342a3e9944829ab101957c8eddffd3d18cb805507bed707b0e306d3b433:segment:004,4,9826.0,9607,activities/108_260801060832.csv,1,1,0,0
fit:80de1342a3e9944829ab101957c8eddffd3d18cb805507bed707b0e306d3b433,2026-08-01T06:52:19+00:00,2491,312,161,76,2.181,996.0,23,fit:80de1342a3e9944829ab101957c8eddffd3d18cb805507bed707b0e306d3b433:segment:004,4,9827.0,9608,activities/108_260801060832.csv,1,1,0,0
fit:80de1342a3e9944829ab101957c8eddffd3d18cb805507bed707b0e306d3b433,2026-08-01T06:52:20+00:00,2492,319,161,74,2.707,996.4000000000001,23,fit:80de1342a3e9944829ab101957c8eddffd3d18cb805507bed707b0e306d3b433:segment:004,4,9828.0,9609,activities/108_260801060832.csv,1,1,0,0
fit:80de1342a3e9944829ab101957c8eddffd3d18cb805507bed707b0e306d3b433,2026-08-01T06:52:21+00:00,2493,321,162,75,2.747,997.0,23,fit:80de1342a3e9944829ab101957c8eddffd3d18cb805507bed707b0e306d3b433:segment:004,4,9829.0,9610,activities/108_260801060832.csv,1,1,0,0
fit:80de1342a3e9944829ab101957c8eddffd3d18cb805507bed707b0e306d3b433,2026-08-01T06:52:22+00:00,2494,297,163,75,2.643,997.0,23,fit:80de1342a3e9944829ab101957c8eddffd3d18cb805507bed707b0e306d3b433:segment:004,4,9830.0,9611,activities/108_260801060832.csv,1,1,0,0
fit:80de1342a3e9944829ab101957c8eddffd3d18cb805507bed707b0e306d3b433,2026-08-01T06:52:23+00:00,2495,283,163,74,2.918,997.0,23,fit:80de1342a3e9944829ab101957c8eddffd3d18cb805507bed707b0e306d3b433:segment:004,4,9831.0,9612,activities/108_260801060832.csv,1,1,0,0
fit:80de1342a3e9944829ab101957c8eddffd3d18cb805507bed707b0e306d3b433,2026-08-01T06:52:24+00:00,2496,279,163,72,2.765,997.0,23,fit:80de1342a3e9944829ab101957c8eddffd3d18cb805507bed707b0e306d3b433:segment:004,4,9832.0,9613,activities/108_260801060832.csv,1,1,0,0
fit:80de1342a3e9944829ab101957c8eddffd3d18cb805507bed707b0e306d3b433,2026-08-01T06:52:25+00:00,2497,291,164,72,2.84,998.0,23,fit:80de1342a3e9944829ab101957c8eddffd3d18cb805507bed707b0e306d3b433:segment:004,4,9833.0,9614,activities/108_260801060832.csv,1,1,0,0
fit:80de1342a3e9944829ab101957c8eddffd3d18cb805507bed707b0e306d3b433,2026-08-01T06:52:26+00:00,2498,291,164,71,3.032,998.8,23,fit:80de1342a3e9944829ab101957c8eddffd3d18cb805507bed707b0e306d3b433:segment:004,4,9834.0,9615,activities/108_260801060832.csv,1,1,0,0
fit:80de1342a3e9944829ab101957c8eddffd3d18cb805507bed707b0e306d3b433,2026-08-01T06:52:27+00:00,2499,293,165,70,2.56,998.8,23,fit:80de1342a3e9944829ab101957c8eddffd3d18cb805507bed707b0e306d3b433:segment:004,4,9835.0,9616,activities/108_260801060832.csv,1,1,0,0
fit:80de1342a3e9944829ab101957c8eddffd3d18cb805507bed707b0e306d3b433,2026-08-01T06:52:28+00:00,2500,304,166,71,2.756,998.8,23,fit:80de1342a3e9944829ab101957c8eddffd3d18cb805507bed707b0e306d3b433:segment:004,4,9836.0,9617,activities/108_260801060832.csv,1,1,0,0
fit:80de1342a3e9944829ab101957c8eddffd3d18cb805507bed707b0e306d3b433,2026-08-01T06:52:29+00:00,2501,283,166,72,2.815,998.8,23,fit:80de1342a3e9944829ab101957c8eddffd3d18cb805507bed707b0e306d3b433:segment:004,4,9837.0,9618,activities/108_260801060832.csv,1,1,0,0
fit:80de1342a3e9944829ab101957c8eddffd3d18cb805507bed707b0e306d3b433,2026-08-01T06:52:30+00:00,2502,279,167,71,3.012,999.8,23,fit:80de1342a3e9944829ab101957c8eddffd3d18cb805507bed707b0e306d3b433:segment:004,4,9838.0,9619,activities/108_260801060832.csv,1,1,0,0
fit:80de1342a3e9944829ab101957c8eddffd3d18cb805507bed707b0e306d3b433,2026-08-01T06:52:31+00:00,2503,72,167,73,3.132,999.8,23,fit:80de1342a3e9944829ab101957c8eddffd3d18cb805507bed707b0e306d3b433:segment:004,4,9839.0,9620,activities/108_260801060832.csv,1,1,0,0
fit:80de1342a3e9944829ab101957c8eddffd3d18cb805507bed707b0e306d3b433,2026-08-01T06:52:32+00:00,2504,72,167,45,3.078,1000.0,23,fit:80de1342a3e9944829ab101957c8eddffd3d18cb805507bed707b0e306d3b433:segment:004,4,9840.0,9621,activities/108_260801060832.csv,1,1,0,0
fit:80de1342a3e9944829ab101957c8eddffd3d18cb805507bed707b0e306d3b433,2026-08-01T06:52:33+00:00,2505,332,167,45,3.387,1000.2,23,fit:80de1342a3e9944829ab101957c8eddffd3d18cb805507bed707b0e306d3b433:segment:004,4,9841.0,9622,activities/108_260801060832.csv,1,1,0,0
fit:80de1342a3e9944829ab101957c8eddffd3d18cb805507bed707b0e306d3b433,2026-08-01T06:52:34+00:00,2506,279,168,86,3.71,1000.2,23,fit:80de1342a3e9944829ab101957c8eddffd3d18cb805507bed707b0e306d3b433:segment:004,4,9842.0,9623,activities/108_260801060832.csv,1,1,0,0
fit:80de1342a3e9944829ab101957c8eddffd3d18cb805507bed707b0e306d3b433,2026-08-01T06:52:35+00:00,2507,230,168,78,3.823,1000.2,23,fit:80de1342a3e9944829ab101957c8eddffd3d18cb805507bed707b0e306d3b433:segment:004,4,9843.0,9624,activities/108_260801060832.csv,1,1,0,0
fit:80de1342a3e9944829ab101957c8eddffd3d18cb805507bed707b0e306d3b433,2026-08-01T06:52:36+00:00,2508,151,168,87,4.031,1000.2,23,fit:80de1342a3e9944829ab101957c8eddffd3d18cb805507bed707b0e306d3b433:segment:004,4,9844.0,9625,activities/108_260801060832.csv,1,1,0,0
fit:80de1342a3e9944829ab101957c8eddffd3d18cb805507bed707b0e306d3b433,2026-08-01T06:52:37+00:00,2509,124,167,87,4.142,1000.2,23,fit:80de1342a3e9944829ab101957c8eddffd3d18cb805507bed707b0e306d3b433:segment:004,4,9845.0,9626,activities/108_260801060832.csv,1,1,0,0
fit:80de1342a3e9944829ab101957c8eddffd3d18cb805507bed707b0e306d3b433,2026-08-01T06:52:38+00:00,2510,152,167,87,4.164,1000.2,23,fit:80de1342a3e9944829ab101957c8eddffd3d18cb805507bed707b0e306d3b433:segment:004,4,9846.0,9627,activities/108_260801060832.csv,1,1,0,0
fit:80de1342a3e9944829ab101957c8eddffd3d18cb805507bed707b0e306d3b433,2026-08-01T06:52:39+00:00,2511,157,167,87,4.222,1000.2,23,fit:80de1342a3e9944829ab101957c8eddffd3d18cb805507bed707b0e306d3b433:segment:004,4,9847.0,9628,activities/108_260801060832.csv,1,1,0,0
fit:80de1342a3e9944829ab101957c8eddffd3d18cb805507bed707b0e306d3b433,2026-08-01T06:52:40+00:00,2512,159,166,86,4.156,1000.2,23,fit:80de1342a3e9944829ab101957c8eddffd3d18cb805507bed707b0e306d3b433:segment:004,4,9848.0,9629,activities/108_260801060832.csv,1,1,0,0
fit:80de1342a3e9944829ab101957c8eddffd3d18cb805507bed707b0e306d3b433,2026-08-01T06:52:41+00:00,2513,160,166,85,4.029,1000.2,23,fit:80de1342a3e9944829ab101957c8eddffd3d18cb805507bed707b0e306d3b433:segment:004,4,9849.0,9630,activities/108_260801060832.csv,1,1,0,0
fit:80de1342a3e9944829ab101957c8eddffd3d18cb805507bed707b0e306d3b433,2026-08-01T06:52:42+00:00,2514,160,166,84,4.053,1000.2,23,fit:80de1342a3e9944829ab101957c8eddffd3d18cb805507bed707b0e306d3b433:segment:004,4,9850.0,9631,activities/108_260801060832.csv,1,1,0,0
fit:80de1342a3e9944829ab101957c8eddffd3d18cb805507bed707b0e306d3b433,2026-08-01T06:52:43+00:00,2515,153,165,83,4.23,1001.2,23,fit:80de1342a3e9944829ab101957c8eddffd3d18cb805507bed707b0e306d3b433:segment:004,4,9851.0,9632,activities/108_260801060832.csv,1,1,0,0
fit:80de1342a3e9944829ab101957c8eddffd3d18cb805507bed707b0e306d3b433,2026-08-01T06:52:44+00:00,2516,157,165,83,3.944,1001.2,23,fit:80de1342a3e9944829ab101957c8eddffd3d18cb805507bed707b0e306d3b433:segment:004,4,9852.0,9633,activities/108_260801060832.csv,1,1,0,0
fit:80de1342a3e9944829ab101957c8eddffd3d18cb805507bed707b0e306d3b433,2026-08-01T06:52:45+00:00,2517,201,165,80,3.515,1001.4000000000001,23,fit:80de1342a3e9944829ab101957c8eddffd3d18cb805507bed707b0e306d3b433:segment:004,4,9853.0,9634,activities/108_260801060832.csv,1,1,0,0
fit:80de1342a3e9944829ab101957c8eddffd3d18cb805507bed707b0e306d3b433,2026-08-01T06:52:46+00:00,2518,162,164,79,3.227,1001.5999999999999,23,fit:80de1342a3e9944829ab101957c8eddffd3d18cb805507bed707b0e306d3b433:segment:004,4,9854.0,9635,activities/108_260801060832.csv,1,1,0,0
fit:80de1342a3e9944829ab101957c8eddffd3d18cb805507bed707b0e306d3b433,2026-08-01T06:52:47+00:00,2519,229,163,79,3.246,1001.8,23,fit:80de1342a3e9944829ab101957c8eddffd3d18cb805507bed707b0e306d3b433:segment:004,4,9855.0,9636,activities/108_260801060832.csv,1,1,0,0
fit:80de1342a3e9944829ab101957c8eddffd3d18cb805507bed707b0e306d3b433,2026-08-01T06:52:48+00:00,2520,304,163,77,2.993,1002.2,23,fit:80de1342a3e9944829ab101957c8eddffd3d18cb805507bed707b0e306d3b433:segment:004,4,9856.0,9637,activities/108_260801060832.csv,1,1,0,0
fit:80de1342a3e9944829ab101957c8eddffd3d18cb805507bed707b0e306d3b433,2026-08-01T06:52:49+00:00,2521,268,163,77,2.922,1002.5999999999999,23,fit:80de1342a3e9944829ab101957c8eddffd3d18cb805507bed707b0e306d3b433:segment:004,4,9857.0,9638,activities/108_260801060832.csv,1,1,0,0
fit:80de1342a3e9944829ab101957c8eddffd3d18cb805507bed707b0e306d3b433,2026-08-01T06:52:50+00:00,2522,268,163,76,2.914,1002.5999999999999,23,fit:80de1342a3e9944829ab101957c8eddffd3d18cb805507bed707b0e306d3b433:segment:004,4,9858.0,9639,activities/108_260801060832.csv,1,1,0,0
fit:80de1342a3e9944829ab101957c8eddffd3d18cb805507bed707b0e306d3b433,2026-08-01T06:52:51+00:00,2523,112,163,75,2.974,1003.4000000000001,23,fit:80de1342a3e9944829ab101957c8eddffd3d18cb805507bed707b0e306d3b433:segment:004,4,9859.0,9640,activities/108_260801060832.csv,1,1,0,0
fit:80de1342a3e9944829ab101957c8eddffd3d18cb805507bed707b0e306d3b433,2026-08-01T06:52:52+00:00,2524,264,163,78,2.736,1003.8,23,fit:80de1342a3e9944829ab101957c8eddffd3d18cb805507bed707b0e306d3b433:segment:004,4,9860.0,9641,activities/108_260801060832.csv,1,1,0,0
fit:80de1342a3e9944829ab101957c8eddffd3d18cb805507bed707b0e306d3b433,2026-08-01T06:52:53+00:00,2525,264,163,77,2.635,1003.8,23,fit:80de1342a3e9944829ab101957c8eddffd3d18cb805507bed707b0e306d3b433:segment:004,4,9861.0,9642,activities/108_260801060832.csv,1,1,0,0
fit:80de1342a3e9944829ab101957c8eddffd3d18cb805507bed707b0e306d3b433,2026-08-01T06:52:54+00:00,2526,263,163,77,2.784,1003.8,23,fit:80de1342a3e9944829ab101957c8eddffd3d18cb805507bed707b0e306d3b433:segment:004,4,9862.0,9643,activities/108_260801060832.csv,1,1,0,0
fit:80de1342a3e9944829ab101957c8eddffd3d18cb805507bed707b0e306d3b433,2026-08-01T06:52:55+00:00,2527,295,163,75,2.994,1003.8,23,fit:80de1342a3e9944829ab101957c8eddffd3d18cb805507bed707b0e306d3b433:segment:004,4,9863.0,9644,activities/108_260801060832.csv,1,1,0,0
fit:80de1342a3e9944829ab101957c8eddffd3d18cb805507bed707b0e306d3b433,2026-08-01T06:52:56+00:00,2528,264,162,75,3.067,1004.8,23,fit:80de1342a3e9944829ab101957c8eddffd3d18cb805507bed707b0e306d3b433:segment:004,4,9864.0,9645,activities/108_260801060832.csv,1,1,0,0
fit:80de1342a3e9944829ab101957c8eddffd3d18cb805507bed707b0e306d3b433,2026-08-01T06:52:57+00:00,2529,269,162,73,2.977,1004.8,23,fit:80de1342a3e9944829ab101957c8eddffd3d18cb805507bed707b0e306d3b433:segment:004,4,9865.0,9646,activities/108_260801060832.csv,1,1,0,0
fit:80de1342a3e9944829ab101957c8eddffd3d18cb805507bed707b0e306d3b433,2026-08-01T06:52:58+00:00,2530,271,161,71,2.984,1004.8,23,fit:80de1342a3e9944829ab101957c8eddffd3d18cb805507bed707b0e306d3b433:segment:004,4,9866.0,9647,activities/108_260801060832.csv,1,1,0,0
fit:80de1342a3e9944829ab101957c8eddffd3d18cb805507bed707b0e306d3b433,2026-08-01T06:52:59+00:00,2531,255,161,70,2.843,1004.8,23,fit:80de1342a3e9944829ab101957c8eddffd3d18cb805507bed707b0e306d3b433:segment:004,4,9867.0,9648,activities/108_260801060832.csv,1,1,0,0
fit:80de1342a3e9944829ab101957c8eddffd3d18cb805507bed707b0e306d3b433,2026-08-01T06:53:00+00:00,2532,255,161,69,2.742,1005.5999999999999,23,fit:80de1342a3e9944829ab101957c8eddffd3d18cb805507bed707b0e306d3b433:segment:004,4,9868.0,9649,activities/108_260801060832.csv,1,1,0,0
fit:80de1342a3e9944829ab101957c8eddffd3d18cb805507bed707b0e306d3b433,2026-08-01T06:53:01+00:00,2533,245,161,70,2.849,1005.8,23,fit:80de1342a3e9944829ab101957c8eddffd3d18cb805507bed707b0e306d3b433:segment:004,4,9869.0,9650,activities/108_260801060832.csv,1,1,0,0
fit:80de1342a3e9944829ab101957c8eddffd3d18cb805507bed707b0e306d3b433,2026-08-01T06:53:02+00:00,2534,242,161,75,3.01,1005.8,23,fit:80de1342a3e9944829ab101957c8eddffd3d18cb805507bed707b0e306d3b433:segment:004,4,9870.0,9651,activities/108_260801060832.csv,1,1,0,0
fit:80de1342a3e9944829ab101957c8eddffd3d18cb805507bed707b0e306d3b433,2026-08-01T06:53:03+00:00,2535,243,161,76,3.078,1005.8,23,fit:80de1342a3e9944829ab101957c8eddffd3d18cb805507bed707b0e306d3b433:segment:004,4,9871.0,9652,activities/108_260801060832.csv,1,1,0,0
fit:80de1342a3e9944829ab101957c8eddffd3d18cb805507bed707b0e306d3b433,2026-08-01T06:53:04+00:00,2536,231,160,76,2.929,1005.8,23,fit:80de1342a3e9944829ab101957c8eddffd3d18cb805507bed707b0e306d3b433:segment:004,4,9872.0,9653,activities/108_260801060832.csv,1,1,0,0
fit:80de1342a3e9944829ab101957c8eddffd3d18cb805507bed707b0e306d3b433,2026-08-01T06:53:05+00:00,2537,225,160,76,2.932,1006.5999999999999,23,fit:80de1342a3e9944829ab101957c8eddffd3d18cb805507bed707b0e306d3b433:segment:004,4,9873.0,9654,activities/108_260801060832.csv,1,1,0,0
fit:80de1342a3e9944829ab101957c8eddffd3d18cb805507bed707b0e306d3b433,2026-08-01T06:53:06+00:00,2538,269,160,75,2.84,1007.0,23,fit:80de1342a3e9944829ab101957c8eddffd3d18cb805507bed707b0e306d3b433:segment:004,4,9874.0,9655,activities/108_260801060832.csv,1,1,0,0
fit:80de1342a3e9944829ab101957c8eddffd3d18cb805507bed707b0e306d3b433,2026-08-01T06:53:07+00:00,2539,311,160,75,2.878,1007.0,23,fit:80de1342a3e9944829ab101957c8eddffd3d18cb805507bed707b0e306d3b433:segment:004,4,9875.0,9656,activities/108_260801060832.csv,1,1,0,0
fit:80de1342a3e9944829ab101957c8eddffd3d18cb805507bed707b0e306d3b433,2026-08-01T06:53:08+00:00,2540,285,160,76,2.961,1007.8,23,fit:80de1342a3e9944829ab101957c8eddffd3d18cb805507bed707b0e306d3b433:segment:004,4,9876.0,9657,activities/108_260801060832.csv,1,1,0,0
fit:80de1342a3e9944829ab101957c8eddffd3d18cb805507bed707b0e306d3b433,2026-08-01T06:53:09+00:00,2541,275,160,78,3.186,1007.8,23,fit:80de1342a3e9944829ab101957c8eddffd3d18cb805507bed707b0e306d3b433:segment:004,4,9877.0,9658,activities/108_260801060832.csv,1,1,0,0
fit:80de1342a3e9944829ab101957c8eddffd3d18cb805507bed707b0e306d3b433,2026-08-01T06:53:10+00:00,2542,274,160,78,3.197,1007.8,23,fit:80de1342a3e9944829ab101957c8eddffd3d18cb805507bed707b0e306d3b433:segment:004,4,9878.0,9659,activities/108_260801060832.csv,1,1,0,0
fit:80de1342a3e9944829ab101957c8eddffd3d18cb805507bed707b0e306d3b433,2026-08-01T06:53:11+00:00,2543,277,159,78,3.222,1007.8,23,fit:80de1342a3e9944829ab101957c8eddffd3d18cb805507bed707b0e306d3b433:segment:004,4,9879.0,9660,activities/108_260801060832.csv,1,1,0,0
fit:80de1342a3e9944829ab101957c8eddffd3d18cb805507bed707b0e306d3b433,2026-08-01T06:53:12+00:00,2544,247,159,78,3.269,1008.5999999999999,23,fit:80de1342a3e9944829ab101957c8eddffd3d18cb805507bed707b0e306d3b433:segment:004,4,9880.0,9661,activities/108_260801060832.csv,1,1,0,0
fit:80de1342a3e9944829ab101957c8eddffd3d18cb805507bed707b0e306d3b433,2026-08-01T06:53:13+00:00,2545,248,159,76,3.2,1009.0,23,fit:80de1342a3e9944829ab101957c8eddffd3d18cb805507bed707b0e306d3b433:segment:004,4,9881.0,9662,activities/108_260801060832.csv,1,1,0,0
fit:80de1342a3e9944829ab101957c8eddffd3d18cb805507bed707b0e306d3b433,2026-08-01T06:53:14+00:00,2546,253,159,74,3.045,1009.5999999999999,23,fit:80de1342a3e9944829ab101957c8eddffd3d18cb805507bed707b0e306d3b433:segment:004,4,9882.0,9663,activities/108_260801060832.csv,1,1,0,0
fit:80de1342a3e9944829ab101957c8eddffd3d18cb805507bed707b0e306d3b433,2026-08-01T06:53:15+00:00,2547,261,159,73,2.905,1009.8,23,fit:80de1342a3e9944829ab101957c8eddffd3d18cb805507bed707b0e306d3b433:segment:004,4,9883.0,9664,activities/108_260801060832.csv,1,1,0,0
fit:80de1342a3e9944829ab101957c8eddffd3d18cb805507bed707b0e306d3b433,2026-08-01T06:53:16+00:00,2548,262,160,74,2.965,1010.5999999999999,22,fit:80de1342a3e9944829ab101957c8eddffd3d18cb805507bed707b0e306d3b433:segment:004,4,9884.0,9665,activities/108_260801060832.csv,1,1,0,0
fit:80de1342a3e9944829ab101957c8eddffd3d18cb805507bed707b0e306d3b433,2026-08-01T06:53:17+00:00,2549,263,160,77,2.913,1010.5999999999999,22,fit:80de1342a3e9944829ab101957c8eddffd3d18cb805507bed707b0e306d3b433:segment:004,4,9885.0,9666,activities/108_260801060832.csv,1,1,0,0
fit:80de1342a3e9944829ab101957c8eddffd3d18cb805507bed707b0e306d3b433,2026-08-01T06:53:18+00:00,2550,263,160,77,2.864,1010.5999999999999,22,fit:80de1342a3e9944829ab101957c8eddffd3d18cb805507bed707b0e306d3b433:segment:004,4,9886.0,9667,activities/108_260801060832.csv,1,1,0,0
fit:80de1342a3e9944829ab101957c8eddffd3d18cb805507bed707b0e306d3b433,2026-08-01T06:53:19+00:00,2551,260,161,77,3.029,1010.5999999999999,22,fit:80de1342a3e9944829ab101957c8eddffd3d18cb805507bed707b0e306d3b433:segment:004,4,9887.0,9668,activities/108_260801060832.csv,1,1,0,0
fit:80de1342a3e9944829ab101957c8eddffd3d18cb805507bed707b0e306d3b433,2026-08-01T06:53:20+00:00,2552,268,161,76,3.009,1010.5999999999999,22,fit:80de1342a3e9944829ab101957c8eddffd3d18cb805507bed707b0e306d3b433:segment:004,4,9888.0,9669,activities/108_260801060832.csv,1,1,0,0
fit:80de1342a3e9944829ab101957c8eddffd3d18cb805507bed707b0e306d3b433,2026-08-01T06:53:21+00:00,2553,287,160,75,3.112,1011.2,22,fit:80de1342a3e9944829ab101957c8eddffd3d18cb805507bed707b0e306d3b433:segment:004,4,9889.0,9670,activities/108_260801060832.csv,1,1,0,0
fit:80de1342a3e9944829ab101957c8eddffd3d18cb805507bed707b0e306d3b433,2026-08-01T06:53:22+00:00,2554,287,160,75,3.118,1011.5999999999999,22,fit:80de1342a3e9944829ab101957c8eddffd3d18cb805507bed707b0e306d3b433:segment:004,4,9890.0,9671,activities/108_260801060832.csv,1,1,0,0
fit:80de1342a3e9944829ab101957c8eddffd3d18cb805507bed707b0e306d3b433,2026-08-01T06:53:23+00:00,2555,271,161,76,3.062,1011.5999999999999,22,fit:80de1342a3e9944829ab101957c8eddffd3d18cb805507bed707b0e306d3b433:segment:004,4,9891.0,9672,activities/108_260801060832.csv,1,1,0,0
fit:80de1342a3e9944829ab101957c8eddffd3d18cb805507bed707b0e306d3b433,2026-08-01T06:53:24+00:00,2556,286,160,75,3.137,1011.5999999999999,22,fit:80de1342a3e9944829ab101957c8eddffd3d18cb805507bed707b0e306d3b433:segment:004,4,9892.0,9673,activities/108_260801060832.csv,1,1,0,0
fit:80de1342a3e9944829ab101957c8eddffd3d18cb805507bed707b0e306d3b433,2026-08-01T06:53:25+00:00,2557,258,160,75,3.121,1011.5999999999999,22,fit:80de1342a3e9944829ab101957c8eddffd3d18cb805507bed707b0e306d3b433:segment:004,4,9893.0,9674,activities/108_260801060832.csv,1,1,0,0
fit:80de1342a3e9944829ab101957c8eddffd3d18cb805507bed707b0e306d3b433,2026-08-01T06:53:26+00:00,2558,266,161,76,3.044,1012.4000000000001,22,fit:80de1342a3e9944829ab101957c8eddffd3d18cb805507bed707b0e306d3b433:segment:004,4,9894.0,9675,activities/108_260801060832.csv,1,1,0,0
fit:80de1342a3e9944829ab101957c8eddffd3d18cb805507bed707b0e306d3b433,2026-08-01T06:53:27+00:00,2559,266,161,77,3.09,1012.8,22,fit:80de1342a3e9944829ab101957c8eddffd3d18cb805507bed707b0e306d3b433:segment:004,4,9895.0,9676,activities/108_260801060832.csv,1,1,0,0
fit:80de1342a3e9944829ab101957c8eddffd3d18cb805507bed707b0e306d3b433,2026-08-01T06:53:28+00:00,2560,230,161,79,3.102,1013.2,22,fit:80de1342a3e9944829ab101957c8eddffd3d18cb805507bed707b0e306d3b433:segment:004,4,9896.0,9677,activities/108_260801060832.csv,1,1,0,0
fit:80de1342a3e9944829ab101957c8eddffd3d18cb805507bed707b0e306d3b433,2026-08-01T06:53:29+00:00,2561,224,161,79,3.121,1013.4000000000001,22,fit:80de1342a3e9944829ab101957c8eddffd3d18cb805507bed707b0e306d3b433:segment:004,4,9897.0,9678,activities/108_260801060832.csv,1,1,0,0
fit:80de1342a3e9944829ab101957c8eddffd3d18cb805507bed707b0e306d3b433,2026-08-01T06:53:30+00:00,2562,227,161,78,3.06,1013.8,22,fit:80de1342a3e9944829ab101957c8eddffd3d18cb805507bed707b0e306d3b433:segment:004,4,9898.0,9679,activities/108_260801060832.csv,1,1,0,0
fit:80de1342a3e9944829ab101957c8eddffd3d18cb805507bed707b0e306d3b433,2026-08-01T06:53:31+00:00,2563,227,161,79,3.102,1013.8,22,fit:80de1342a3e9944829ab101957c8eddffd3d18cb805507bed707b0e306d3b433:segment:004,4,9899.0,9680,activities/108_260801060832.csv,1,1,0,0
fit:80de1342a3e9944829ab101957c8eddffd3d18cb805507bed707b0e306d3b433,2026-08-01T06:53:32+00:00,2564,235,161,79,3.204,1014.0,22,fit:80de1342a3e9944829ab101957c8eddffd3d18cb805507bed707b0e306d3b433:segment:004,4,9900.0,9681,activities/108_260801060832.csv,1,1,0,0
fit:80de1342a3e9944829ab101957c8eddffd3d18cb805507bed707b0e306d3b433,2026-08-01T06:53:33+00:00,2565,216,160,77,3.254,1014.4000000000001,22,fit:80de1342a3e9944829ab101957c8eddffd3d18cb805507bed707b0e306d3b433:segment:004,4,9901.0,9682,activities/108_260801060832.csv,1,1,0,0
fit:80de1342a3e9944829ab101957c8eddffd3d18cb805507bed707b0e306d3b433,2026-08-01T06:53:34+00:00,2566,290,160,74,3.132,1014.5999999999999,22,fit:80de1342a3e9944829ab101957c8eddffd3d18cb805507bed707b0e306d3b433:segment:004,4,9902.0,9683,activities/108_260801060832.csv,1,1,0,0
fit:80de1342a3e9944829ab101957c8eddffd3d18cb805507bed707b0e306d3b433,2026-08-01T06:53:35+00:00,2567,266,160,72,3.049,1014.8,22,fit:80de1342a3e9944829ab101957c8eddffd3d18cb805507bed707b0e306d3b433:segment:004,4,9903.0,9684,activities/108_260801060832.csv,1,1,0,0
fit:80de1342a3e9944829ab101957c8eddffd3d18cb805507bed707b0e306d3b433,2026-08-01T06:53:36+00:00,2568,273,160,73,2.962,1015.0,22,fit:80de1342a3e9944829ab101957c8eddffd3d18cb805507bed707b0e306d3b433:segment:004,4,9904.0,9685,activities/108_260801060832.csv,1,1,0,0
fit:80de1342a3e9944829ab101957c8eddffd3d18cb805507bed707b0e306d3b433,2026-08-01T06:53:37+00:00,2569,259,160,71,2.933,1015.2,22,fit:80de1342a3e9944829ab101957c8eddffd3d18cb805507bed707b0e306d3b433:segment:004,4,9905.0,9686,activities/108_260801060832.csv,1,1,0,0
fit:80de1342a3e9944829ab101957c8eddffd3d18cb805507bed707b0e306d3b433,2026-08-01T06:53:38+00:00,2570,259,160,71,2.931,1015.8,22,fit:80de1342a3e9944829ab101957c8eddffd3d18cb805507bed707b0e306d3b433:segment:004,4,9906.0,9687,activities/108_260801060832.csv,1,1,0,0
fit:80de1342a3e9944829ab101957c8eddffd3d18cb805507bed707b0e306d3b433,2026-08-01T06:53:39+00:00,2571,275,160,70,2.82,1016.2,22,fit:80de1342a3e9944829ab101957c8eddffd3d18cb805507bed707b0e306d3b433:segment:004,4,9907.0,9688,activities/108_260801060832.csv,1,1,0,0
fit:80de1342a3e9944829ab101957c8eddffd3d18cb805507bed707b0e306d3b433,2026-08-01T06:53:40+00:00,2572,266,160,69,2.855,1016.5999999999999,22,fit:80de1342a3e9944829ab101957c8eddffd3d18cb805507bed707b0e306d3b433:segment:004,4,9908.0,9689,activities/108_260801060832.csv,1,1,0,0
fit:80de1342a3e9944829ab101957c8eddffd3d18cb805507bed707b0e306d3b433,2026-08-01T06:53:41+00:00,2573,266,160,70,2.984,1016.5999999999999,22,fit:80de1342a3e9944829ab101957c8eddffd3d18cb805507bed707b0e306d3b433:segment:004,4,9909.0,9690,activities/108_260801060832.csv,1,1,0,0
fit:80de1342a3e9944829ab101957c8eddffd3d18cb805507bed707b0e306d3b433,2026-08-01T06:53:42+00:00,2574,267,160,69,2.969,1016.5999999999999,22,fit:80de1342a3e9944829ab101957c8eddffd3d18cb805507bed707b0e306d3b433:segment:004,4,9910.0,9691,activities/108_260801060832.csv,1,1,0,0
fit:80de1342a3e9944829ab101957c8eddffd3d18cb805507bed707b0e306d3b433,2026-08-01T06:53:43+00:00,2575,256,160,69,2.938,1016.5999999999999,22,fit:80de1342a3e9944829ab101957c8eddffd3d18cb805507bed707b0e306d3b433:segment:004,4,9911.0,9692,activities/108_260801060832.csv,1,1,0,0
fit:80de1342a3e9944829ab101957c8eddffd3d18cb805507bed707b0e306d3b433,2026-08-01T06:53:44+00:00,2576,276,161,68,2.861,1016.5999999999999,22,fit:80de1342a3e9944829ab101957c8eddffd3d18cb805507bed707b0e306d3b433:segment:004,4,9912.0,9693,activities/108_260801060832.csv,1,1,0,0
fit:80de1342a3e9944829ab101957c8eddffd3d18cb805507bed707b0e306d3b433,2026-08-01T06:53:45+00:00,2577,260,162,70,2.81,1016.5999999999999,22,fit:80de1342a3e9944829ab101957c8eddffd3d18cb805507bed707b0e306d3b433:segment:004,4,9913.0,9694,activities/108_260801060832.csv,1,1,0,0
fit:80de1342a3e9944829ab101957c8eddffd3d18cb805507bed707b0e306d3b433,2026-08-01T06:53:46+00:00,2578,261,162,72,2.965,1017.5999999999999,22,fit:80de1342a3e9944829ab101957c8eddffd3d18cb805507bed707b0e306d3b433:segment:004,4,9914.0,9695,activities/108_260801060832.csv,1,1,0,0
fit:80de1342a3e9944829ab101957c8eddffd3d18cb805507bed707b0e306d3b433,2026-08-01T06:53:47+00:00,2579,273,163,72,2.911,1018.5999999999999,22,fit:80de1342a3e9944829ab101957c8eddffd3d18cb805507bed707b0e306d3b433:segment:004,4,9915.0,9696,activities/108_260801060832.csv,1,1,0,0
fit:80de1342a3e9944829ab101957c8eddffd3d18cb805507bed707b0e306d3b433,2026-08-01T06:53:48+00:00,2580,271,163,70,2.785,1018.5999999999999,22,fit:80de1342a3e9944829ab101957c8eddffd3d18cb805507bed707b0e306d3b433:segment:004,4,9916.0,9697,activities/108_260801060832.csv,1,1,0,0
fit:80de1342a3e9944829ab101957c8eddffd3d18cb805507bed707b0e306d3b433,2026-08-01T06:53:49+00:00,2581,309,163,69,2.86,1018.5999999999999,22,fit:80de1342a3e9944829ab101957c8eddffd3d18cb805507bed707b0e306d3b433:segment:004,4,9917.0,9698,activities/108_260801060832.csv,1,1,0,0
fit:80de1342a3e9944829ab101957c8eddffd3d18cb805507bed707b0e306d3b433,2026-08-01T06:53:50+00:00,2582,300,164,69,2.85,1018.5999999999999,22,fit:80de1342a3e9944829ab101957c8eddffd3d18cb805507bed707b0e306d3b433:segment:004,4,9918.0,9699,activities/108_260801060832.csv,1,1,0,0
fit:80de1342a3e9944829ab101957c8eddffd3d18cb805507bed707b0e306d3b433,2026-08-01T06:53:51+00:00,2583,300,164,68,2.733,1018.5999999999999,22,fit:80de1342a3e9944829ab101957c8eddffd3d18cb805507bed707b0e306d3b433:segment:004,4,9919.0,9700,activities/108_260801060832.csv,1,1,0,0
fit:80de1342a3e9944829ab101957c8eddffd3d18cb805507bed707b0e306d3b433,2026-08-01T06:53:52+00:00,2584,312,164,69,2.759,1019.2,22,fit:80de1342a3e9944829ab101957c8eddffd3d18cb805507bed707b0e306d3b433:segment:004,4,9920.0,9701,activities/108_260801060832.csv,1,1,0,0
fit:80de1342a3e9944829ab101957c8eddffd3d18cb805507bed707b0e306d3b433,2026-08-01T06:53:53+00:00,2585,318,165,69,2.728,1019.8,22,fit:80de1342a3e9944829ab101957c8eddffd3d18cb805507bed707b0e306d3b433:segment:004,4,9921.0,9702,activities/108_260801060832.csv,1,1,0,0
fit:80de1342a3e9944829ab101957c8eddffd3d18cb805507bed707b0e306d3b433,2026-08-01T06:53:54+00:00,2586,346,165,71,2.722,1020.0,22,fit:80de1342a3e9944829ab101957c8eddffd3d18cb805507bed707b0e306d3b433:segment:004,4,9922.0,9703,activities/108_260801060832.csv,1,1,0,0
fit:80de1342a3e9944829ab101957c8eddffd3d18cb805507bed707b0e306d3b433,2026-08-01T06:53:55+00:00,2587,381,165,71,2.859,1020.5999999999999,22,fit:80de1342a3e9944829ab101957c8eddffd3d18cb805507bed707b0e306d3b433:segment:004,4,9923.0,9704,activities/108_260801060832.csv,1,1,0,0
fit:80de1342a3e9944829ab101957c8eddffd3d18cb805507bed707b0e306d3b433,2026-08-01T06:53:56+00:00,2588,284,165,68,3.016,1020.8,22,fit:80de1342a3e9944829ab101957c8eddffd3d18cb805507bed707b0e306d3b433:segment:004,4,9924.0,9705,activities/108_260801060832.csv,1,1,0,0
fit:80de1342a3e9944829ab101957c8eddffd3d18cb805507bed707b0e306d3b433,2026-08-01T06:53:57+00:00,2589,284,166,70,2.82,1021.2,22,fit:80de1342a3e9944829ab101957c8eddffd3d18cb805507bed707b0e306d3b433:segment:004,4,9925.0,9706,activities/108_260801060832.csv,1,1,0,0
fit:80de1342a3e9944829ab101957c8eddffd3d18cb805507bed707b0e306d3b433,2026-08-01T06:53:58+00:00,2590,308,166,70,2.757,1021.4000000000001,22,fit:80de1342a3e9944829ab101957c8eddffd3d18cb805507bed707b0e306d3b433:segment:004,4,9926.0,9707,activities/108_260801060832.csv,1,1,0,0
fit:80de1342a3e9944829ab101957c8eddffd3d18cb805507bed707b0e306d3b433,2026-08-01T06:53:59+00:00,2591,316,166,68,2.803,1021.8,22,fit:80de1342a3e9944829ab101957c8eddffd3d18cb805507bed707b0e306d3b433:segment:004,4,9927.0,9708,activities/108_260801060832.csv,1,1,0,0
fit:80de1342a3e9944829ab101957c8eddffd3d18cb805507bed707b0e306d3b433,2026-08-01T06:54:00+00:00,2592,311,166,68,2.275,1022.2,22,fit:80de1342a3e9944829ab101957c8eddffd3d18cb805507bed707b0e306d3b433:segment:004,4,9928.0,9709,activities/108_260801060832.csv,1,1,0,0
fit:80de1342a3e9944829ab101957c8eddffd3d18cb805507bed707b0e306d3b433,2026-08-01T06:54:01+00:00,2593,311,167,69,2.435,1022.2,22,fit:80de1342a3e9944829ab101957c8eddffd3d18cb805507bed707b0e306d3b433:segment:004,4,9929.0,9710,activities/108_260801060832.csv,1,1,0,0
fit:80de1342a3e9944829ab101957c8eddffd3d18cb805507bed707b0e306d3b433,2026-08-01T06:54:02+00:00,2594,290,167,69,2.748,1022.2,22,fit:80de1342a3e9944829ab101957c8eddffd3d18cb805507bed707b0e306d3b433:segment:004,4,9930.0,9711,activities/108_260801060832.csv,1,1,0,0
fit:80de1342a3e9944829ab101957c8eddffd3d18cb805507bed707b0e306d3b433,2026-08-01T06:54:03+00:00,2595,302,169,68,2.513,1022.2,22,fit:80de1342a3e9944829ab101957c8eddffd3d18cb805507bed707b0e306d3b433:segment:004,4,9931.0,9712,activities/108_260801060832.csv,1,1,0,0
fit:80de1342a3e9944829ab101957c8eddffd3d18cb805507bed707b0e306d3b433,2026-08-01T06:54:04+00:00,2596,296,169,68,2.617,1023.2,22,fit:80de1342a3e9944829ab101957c8eddffd3d18cb805507bed707b0e306d3b433:segment:004,4,9932.0,9713,activities/108_260801060832.csv,1,1,0,0
fit:80de1342a3e9944829ab101957c8eddffd3d18cb805507bed707b0e306d3b433,2026-08-01T06:54:05+00:00,2597,301,169,67,2.638,1023.8,22,fit:80de1342a3e9944829ab101957c8eddffd3d18cb805507bed707b0e306d3b433:segment:004,4,9933.0,9714,activities/108_260801060832.csv,1,1,0,0
fit:80de1342a3e9944829ab101957c8eddffd3d18cb805507bed707b0e306d3b433,2026-08-01T06:54:06+00:00,2598,285,170,67,2.719,1023.8,22,fit:80de1342a3e9944829ab101957c8eddffd3d18cb805507bed707b0e306d3b433:segment:004,4,9934.0,9715,activities/108_260801060832.csv,1,1,0,0
fit:80de1342a3e9944829ab101957c8eddffd3d18cb805507bed707b0e306d3b433,2026-08-01T06:54:07+00:00,2599,284,170,67,2.589,1024.2,22,fit:80de1342a3e9944829ab101957c8eddffd3d18cb805507bed707b0e306d3b433:segment:004,4,9935.0,9716,activities/108_260801060832.csv,1,1,0,0
fit:80de1342a3e9944829ab101957c8eddffd3d18cb805507bed707b0e306d3b433,2026-08-01T06:54:08+00:00,2600,317,170,67,2.404,1024.4,22,fit:80de1342a3e9944829ab101957c8eddffd3d18cb805507bed707b0e306d3b433:segment:004,4,9936.0,9717,activities/108_260801060832.csv,1,1,0,0
fit:80de1342a3e9944829ab101957c8eddffd3d18cb805507bed707b0e306d3b433,2026-08-01T06:54:09+00:00,2601,279,170,67,2.789,1024.6,22,fit:80de1342a3e9944829ab101957c8eddffd3d18cb805507bed707b0e306d3b433:segment:004,4,9937.0,9718,activities/108_260801060832.csv,1,1,0,0
fit:80de1342a3e9944829ab101957c8eddffd3d18cb805507bed707b0e306d3b433,2026-08-01T06:54:10+00:00,2602,289,171,68,2.963,1025.0,22,fit:80de1342a3e9944829ab101957c8eddffd3d18cb805507bed707b0e306d3b433:segment:004,4,9938.0,9719,activities/108_260801060832.csv,1,1,0,0
fit:80de1342a3e9944829ab101957c8eddffd3d18cb805507bed707b0e306d3b433,2026-08-01T06:54:11+00:00,2603,278,171,67,2.592,1025.6,22,fit:80de1342a3e9944829ab101957c8eddffd3d18cb805507bed707b0e306d3b433:segment:004,4,9939.0,9720,activities/108_260801060832.csv,1,1,0,0
fit:80de1342a3e9944829ab101957c8eddffd3d18cb805507bed707b0e306d3b433,2026-08-01T06:54:12+00:00,2604,257,171,66,2.713,1025.8,22,fit:80de1342a3e9944829ab101957c8eddffd3d18cb805507bed707b0e306d3b433:segment:004,4,9940.0,9721,activities/108_260801060832.csv,1,1,0,0
fit:80de1342a3e9944829ab101957c8eddffd3d18cb805507bed707b0e306d3b433,2026-08-01T06:54:13+00:00,2605,286,171,66,2.754,1025.8,22,fit:80de1342a3e9944829ab101957c8eddffd3d18cb805507bed707b0e306d3b433:segment:004,4,9941.0,9722,activities/108_260801060832.csv,1,1,0,0
fit:80de1342a3e9944829ab101957c8eddffd3d18cb805507bed707b0e306d3b433,2026-08-01T06:54:14+00:00,2606,279,172,67,2.847,1026.4,22,fit:80de1342a3e9944829ab101957c8eddffd3d18cb805507bed707b0e306d3b433:segment:004,4,9942.0,9723,activities/108_260801060832.csv,1,1,0,0
fit:80de1342a3e9944829ab101957c8eddffd3d18cb805507bed707b0e306d3b433,2026-08-01T06:54:15+00:00,2607,276,172,69,2.539,1026.6,22,fit:80de1342a3e9944829ab101957c8eddffd3d18cb805507bed707b0e306d3b433:segment:004,4,9943.0,9724,activities/108_260801060832.csv,1,1,0,0
fit:80de1342a3e9944829ab101957c8eddffd3d18cb805507bed707b0e306d3b433,2026-08-01T06:54:16+00:00,2608,281,172,69,2.829,1027.0,22,fit:80de1342a3e9944829ab101957c8eddffd3d18cb805507bed707b0e306d3b433:segment:004,4,9944.0,9725,activities/108_260801060832.csv,1,1,0,0
fit:80de1342a3e9944829ab101957c8eddffd3d18cb805507bed707b0e306d3b433,2026-08-01T06:54:17+00:00,2609,297,172,70,2.869,1027.2,22,fit:80de1342a3e9944829ab101957c8eddffd3d18cb805507bed707b0e306d3b433:segment:004,4,9945.0,9726,activities/108_260801060832.csv,1,1,0,0
fit:80de1342a3e9944829ab101957c8eddffd3d18cb805507bed707b0e306d3b433,2026-08-01T06:54:18+00:00,2610,297,173,70,2.533,1027.4,22,fit:80de1342a3e9944829ab101957c8eddffd3d18cb805507bed707b0e306d3b433:segment:004,4,9946.0,9727,activities/108_260801060832.csv,1,1,0,0
fit:80de1342a3e9944829ab101957c8eddffd3d18cb805507bed707b0e306d3b433,2026-08-01T06:54:19+00:00,2611,280,173,70,2.685,1027.8,22,fit:80de1342a3e9944829ab101957c8eddffd3d18cb805507bed707b0e306d3b433:segment:004,4,9947.0,9728,activities/108_260801060832.csv,1,1,0,0
fit:80de1342a3e9944829ab101957c8eddffd3d18cb805507bed707b0e306d3b433,2026-08-01T06:54:20+00:00,2612,282,174,69,2.775,1028.2,22,fit:80de1342a3e9944829ab101957c8eddffd3d18cb805507bed707b0e306d3b433:segment:004,4,9948.0,9729,activities/108_260801060832.csv,1,1,0,0
fit:80de1342a3e9944829ab101957c8eddffd3d18cb805507bed707b0e306d3b433,2026-08-01T06:54:21+00:00,2613,266,174,69,2.41,1028.2,22,fit:80de1342a3e9944829ab101957c8eddffd3d18cb805507bed707b0e306d3b433:segment:004,4,9949.0,9730,activities/108_260801060832.csv,1,1,0,0
fit:80de1342a3e9944829ab101957c8eddffd3d18cb805507bed707b0e306d3b433,2026-08-01T06:54:22+00:00,2614,266,174,69,2.549,1028.2,22,fit:80de1342a3e9944829ab101957c8eddffd3d18cb805507bed707b0e306d3b433:segment:004,4,9950.0,9731,activities/108_260801060832.csv,1,1,0,0
fit:80de1342a3e9944829ab101957c8eddffd3d18cb805507bed707b0e306d3b433,2026-08-01T06:54:23+00:00,2615,170,174,72,2.969,1028.2,22,fit:80de1342a3e9944829ab101957c8eddffd3d18cb805507bed707b0e306d3b433:segment:004,4,9951.0,9732,activities/108_260801060832.csv,1,1,0,0
fit:80de1342a3e9944829ab101957c8eddffd3d18cb805507bed707b0e306d3b433,2026-08-01T06:54:24+00:00,2616,255,174,72,2.844,1028.8,22,fit:80de1342a3e9944829ab101957c8eddffd3d18cb805507bed707b0e306d3b433:segment:004,4,9952.0,9733,activities/108_260801060832.csv,1,1,0,0
fit:80de1342a3e9944829ab101957c8eddffd3d18cb805507bed707b0e306d3b433,2026-08-01T06:54:25+00:00,2617,170,174,64,2.767,1028.8,22,fit:80de1342a3e9944829ab101957c8eddffd3d18cb805507bed707b0e306d3b433:segment:004,4,9953.0,9734,activities/108_260801060832.csv,1,1,0,0
fit:80de1342a3e9944829ab101957c8eddffd3d18cb805507bed707b0e306d3b433,2026-08-01T06:54:26+00:00,2618,170,174,64,2.641,1028.8,22,fit:80de1342a3e9944829ab101957c8eddffd3d18cb805507bed707b0e306d3b433:segment:004,4,9954.0,9735,activities/108_260801060832.csv,1,1,0,0
fit:80de1342a3e9944829ab101957c8eddffd3d18cb805507bed707b0e306d3b433,2026-08-01T06:54:27+00:00,2619,312,174,63,2.635,1028.8,22,fit:80de1342a3e9944829ab101957c8eddffd3d18cb805507bed707b0e306d3b433:segment:004,4,9955.0,9736,activities/108_260801060832.csv,1,1,0,0
fit:80de1342a3e9944829ab101957c8eddffd3d18cb805507bed707b0e306d3b433,2026-08-01T06:54:28+00:00,2620,255,174,70,2.782,1029.8,22,fit:80de1342a3e9944829ab101957c8eddffd3d18cb805507bed707b0e306d3b433:segment:004,4,9956.0,9737,activities/108_260801060832.csv,1,1,0,0
fit:80de1342a3e9944829ab101957c8eddffd3d18cb805507bed707b0e306d3b433,2026-08-01T06:54:29+00:00,2621,269,174,71,2.844,1030.2,22,fit:80de1342a3e9944829ab101957c8eddffd3d18cb805507bed707b0e306d3b433:segment:004,4,9957.0,9738,activities/108_260801060832.csv,1,1,0,0
fit:80de1342a3e9944829ab101957c8eddffd3d18cb805507bed707b0e306d3b433,2026-08-01T06:54:30+00:00,2622,259,173,71,2.951,1030.6,22,fit:80de1342a3e9944829ab101957c8eddffd3d18cb805507bed707b0e306d3b433:segment:004,4,9958.0,9739,activities/108_260801060832.csv,1,1,0,0
fit:80de1342a3e9944829ab101957c8eddffd3d18cb805507bed707b0e306d3b433,2026-08-01T06:54:31+00:00,2623,259,173,68,2.832,1030.6,22,fit:80de1342a3e9944829ab101957c8eddffd3d18cb805507bed707b0e306d3b433:segment:004,4,9959.0,9740,activities/108_260801060832.csv,1,1,0,0
fit:80de1342a3e9944829ab101957c8eddffd3d18cb805507bed707b0e306d3b433,2026-08-01T06:54:32+00:00,2624,237,173,68,2.896,1030.6,22,fit:80de1342a3e9944829ab101957c8eddffd3d18cb805507bed707b0e306d3b433:segment:004,4,9960.0,9741,activities/108_260801060832.csv,1,1,0,0
fit:80de1342a3e9944829ab101957c8eddffd3d18cb805507bed707b0e306d3b433,2026-08-01T06:54:33+00:00,2625,226,173,69,2.845,1030.6,22,fit:80de1342a3e9944829ab101957c8eddffd3d18cb805507bed707b0e306d3b433:segment:004,4,9961.0,9742,activities/108_260801060832.csv,1,1,0,0
fit:80de1342a3e9944829ab101957c8eddffd3d18cb805507bed707b0e306d3b433,2026-08-01T06:54:34+00:00,2626,253,173,67,2.715,1031.2,22,fit:80de1342a3e9944829ab101957c8eddffd3d18cb805507bed707b0e306d3b433:segment:004,4,9962.0,9743,activities/108_260801060832.csv,1,1,0,0
fit:80de1342a3e9944829ab101957c8eddffd3d18cb805507bed707b0e306d3b433,2026-08-01T06:54:35+00:00,2627,251,173,66,2.801,1031.4,22,fit:80de1342a3e9944829ab101957c8eddffd3d18cb805507bed707b0e306d3b433:segment:004,4,9963.0,9744,activities/108_260801060832.csv,1,1,0,0
fit:80de1342a3e9944829ab101957c8eddffd3d18cb805507bed707b0e306d3b433,2026-08-01T06:54:36+00:00,2628,253,173,66,2.768,1031.8,22,fit:80de1342a3e9944829ab101957c8eddffd3d18cb805507bed707b0e306d3b433:segment:004,4,9964.0,9745,activities/108_260801060832.csv,1,1,0,0
fit:80de1342a3e9944829ab101957c8eddffd3d18cb805507bed707b0e306d3b433,2026-08-01T06:54:37+00:00,2629,253,172,65,2.717,1032.2,22,fit:80de1342a3e9944829ab101957c8eddffd3d18cb805507bed707b0e306d3b433:segment:004,4,9965.0,9746,activities/108_260801060832.csv,1,1,0,0
fit:80de1342a3e9944829ab101957c8eddffd3d18cb805507bed707b0e306d3b433,2026-08-01T06:54:38+00:00,2630,253,173,63,2.732,1032.2,22,fit:80de1342a3e9944829ab101957c8eddffd3d18cb805507bed707b0e306d3b433:segment:004,4,9966.0,9747,activities/108_260801060832.csv,1,1,0,0
fit:80de1342a3e9944829ab101957c8eddffd3d18cb805507bed707b0e306d3b433,2026-08-01T06:54:39+00:00,2631,231,173,63,2.702,1032.8,22,fit:80de1342a3e9944829ab101957c8eddffd3d18cb805507bed707b0e306d3b433:segment:004,4,9967.0,9748,activities/108_260801060832.csv,1,1,0,0
fit:80de1342a3e9944829ab101957c8eddffd3d18cb805507bed707b0e306d3b433,2026-08-01T06:54:40+00:00,2632,217,173,63,2.656,1032.8,22,fit:80de1342a3e9944829ab101957c8eddffd3d18cb805507bed707b0e306d3b433:segment:004,4,9968.0,9749,activities/108_260801060832.csv,1,1,0,0
fit:80de1342a3e9944829ab101957c8eddffd3d18cb805507bed707b0e306d3b433,2026-08-01T06:54:41+00:00,2633,201,173,67,2.702,1032.8,22,fit:80de1342a3e9944829ab101957c8eddffd3d18cb805507bed707b0e306d3b433:segment:004,4,9969.0,9750,activities/108_260801060832.csv,1,1,0,0
fit:80de1342a3e9944829ab101957c8eddffd3d18cb805507bed707b0e306d3b433,2026-08-01T06:54:42+00:00,2634,201,172,67,2.718,1032.8,22,fit:80de1342a3e9944829ab101957c8eddffd3d18cb805507bed707b0e306d3b433:segment:004,4,9970.0,9751,activities/108_260801060832.csv,1,1,0,0
fit:80de1342a3e9944829ab101957c8eddffd3d18cb805507bed707b0e306d3b433,2026-08-01T06:54:43+00:00,2635,173,172,65,2.676,1032.8,22,fit:80de1342a3e9944829ab101957c8eddffd3d18cb805507bed707b0e306d3b433:segment:004,4,9971.0,9752,activities/108_260801060832.csv,1,1,0,0
fit:80de1342a3e9944829ab101957c8eddffd3d18cb805507bed707b0e306d3b433,2026-08-01T06:54:44+00:00,2636,194,172,65,2.679,1033.2,22,fit:80de1342a3e9944829ab101957c8eddffd3d18cb805507bed707b0e306d3b433:segment:004,4,9972.0,9753,activities/108_260801060832.csv,1,1,0,0
fit:80de1342a3e9944829ab101957c8eddffd3d18cb805507bed707b0e306d3b433,2026-08-01T06:54:45+00:00,2637,190,172,65,2.677,1033.6,22,fit:80de1342a3e9944829ab101957c8eddffd3d18cb805507bed707b0e306d3b433:segment:004,4,9973.0,9754,activities/108_260801060832.csv,1,1,0,0
fit:80de1342a3e9944829ab101957c8eddffd3d18cb805507bed707b0e306d3b433,2026-08-01T06:54:46+00:00,2638,203,172,64,2.749,1033.8,22,fit:80de1342a3e9944829ab101957c8eddffd3d18cb805507bed707b0e306d3b433:segment:004,4,9974.0,9755,activities/108_260801060832.csv,1,1,0,0
fit:80de1342a3e9944829ab101957c8eddffd3d18cb805507bed707b0e306d3b433,2026-08-01T06:54:47+00:00,2639,233,172,63,2.717,1034.2,22,fit:80de1342a3e9944829ab101957c8eddffd3d18cb805507bed707b0e306d3b433:segment:004,4,9975.0,9756,activities/108_260801060832.csv,1,1,0,0
fit:80de1342a3e9944829ab101957c8eddffd3d18cb805507bed707b0e306d3b433,2026-08-01T06:54:48+00:00,2640,230,171,66,2.672,1034.2,22,fit:80de1342a3e9944829ab101957c8eddffd3d18cb805507bed707b0e306d3b433:segment:004,4,9976.0,9757,activities/108_260801060832.csv,1,1,0,0
fit:80de1342a3e9944829ab101957c8eddffd3d18cb805507bed707b0e306d3b433,2026-08-01T06:54:49+00:00,2641,207,171,67,2.785,1034.2,22,fit:80de1342a3e9944829ab101957c8eddffd3d18cb805507bed707b0e306d3b433:segment:004,4,9977.0,9758,activities/108_260801060832.csv,1,1,0,0
fit:80de1342a3e9944829ab101957c8eddffd3d18cb805507bed707b0e306d3b433,2026-08-01T06:54:50+00:00,2642,188,170,66,2.748,1034.2,22,fit:80de1342a3e9944829ab101957c8eddffd3d18cb805507bed707b0e306d3b433:segment:004,4,9978.0,9759,activities/108_260801060832.csv,1,1,0,0
fit:80de1342a3e9944829ab101957c8eddffd3d18cb805507bed707b0e306d3b433,2026-08-01T06:54:51+00:00,2643,182,169,66,2.855,1035.0,22,fit:80de1342a3e9944829ab101957c8eddffd3d18cb805507bed707b0e306d3b433:segment:004,4,9979.0,9760,activities/108_260801060832.csv,1,1,0,0
fit:80de1342a3e9944829ab101957c8eddffd3d18cb805507bed707b0e306d3b433,2026-08-01T06:54:52+00:00,2644,197,169,65,2.86,1035.6,22,fit:80de1342a3e9944829ab101957c8eddffd3d18cb805507bed707b0e306d3b433:segment:004,4,9980.0,9761,activities/108_260801060832.csv,1,1,0,0
fit:80de1342a3e9944829ab101957c8eddffd3d18cb805507bed707b0e306d3b433,2026-08-01T06:54:53+00:00,2645,198,169,65,2.827,1035.8,22,fit:80de1342a3e9944829ab101957c8eddffd3d18cb805507bed707b0e306d3b433:segment:004,4,9981.0,9762,activities/108_260801060832.csv,1,1,0,0
fit:80de1342a3e9944829ab101957c8eddffd3d18cb805507bed707b0e306d3b433,2026-08-01T06:54:54+00:00,2646,210,169,66,2.737,1035.8,22,fit:80de1342a3e9944829ab101957c8eddffd3d18cb805507bed707b0e306d3b433:segment:004,4,9982.0,9763,activities/108_260801060832.csv,1,1,0,0
fit:80de1342a3e9944829ab101957c8eddffd3d18cb805507bed707b0e306d3b433,2026-08-01T06:54:55+00:00,2647,213,169,66,2.725,1035.8,22,fit:80de1342a3e9944829ab101957c8eddffd3d18cb805507bed707b0e306d3b433:segment:004,4,9983.0,9764,activities/108_260801060832.csv,1,1,0,0
fit:80de1342a3e9944829ab101957c8eddffd3d18cb805507bed707b0e306d3b433,2026-08-01T06:54:56+00:00,2648,196,168,67,2.846,1035.8,22,fit:80de1342a3e9944829ab101957c8eddffd3d18cb805507bed707b0e306d3b433:segment:004,4,9984.0,9765,activities/108_260801060832.csv,1,1,0,0
fit:80de1342a3e9944829ab101957c8eddffd3d18cb805507bed707b0e306d3b433,2026-08-01T06:54:57+00:00,2649,194,167,68,2.844,1036.6,22,fit:80de1342a3e9944829ab101957c8eddffd3d18cb805507bed707b0e306d3b433:segment:004,4,9985.0,9766,activities/108_260801060832.csv,1,1,0,0
fit:80de1342a3e9944829ab101957c8eddffd3d18cb805507bed707b0e306d3b433,2026-08-01T06:54:58+00:00,2650,200,166,68,2.859,1036.6,22,fit:80de1342a3e9944829ab101957c8eddffd3d18cb805507bed707b0e306d3b433:segment:004,4,9986.0,9767,activities/108_260801060832.csv,1,1,0,0
fit:80de1342a3e9944829ab101957c8eddffd3d18cb805507bed707b0e306d3b433,2026-08-01T06:54:59+00:00,2651,205,165,71,2.848,1036.6,22,fit:80de1342a3e9944829ab101957c8eddffd3d18cb805507bed707b0e306d3b433:segment:004,4,9987.0,9768,activities/108_260801060832.csv,1,1,0,0
fit:80de1342a3e9944829ab101957c8eddffd3d18cb805507bed707b0e306d3b433,2026-08-01T06:55:00+00:00,2652,184,164,71,2.976,1036.6,22,fit:80de1342a3e9944829ab101957c8eddffd3d18cb805507bed707b0e306d3b433:segment:004,4,9988.0,9769,activities/108_260801060832.csv,1,1,0,0
fit:80de1342a3e9944829ab101957c8eddffd3d18cb805507bed707b0e306d3b433,2026-08-01T06:55:01+00:00,2653,176,164,74,2.945,1037.2,22,fit:80de1342a3e9944829ab101957c8eddffd3d18cb805507bed707b0e306d3b433:segment:004,4,9989.0,9770,activities/108_260801060832.csv,1,1,0,0
fit:80de1342a3e9944829ab101957c8eddffd3d18cb805507bed707b0e306d3b433,2026-08-01T06:55:02+00:00,2654,176,164,72,2.989,1037.6,22,fit:80de1342a3e9944829ab101957c8eddffd3d18cb805507bed707b0e306d3b433:segment:004,4,9990.0,9771,activities/108_260801060832.csv,1,1,0,0
fit:80de1342a3e9944829ab101957c8eddffd3d18cb805507bed707b0e306d3b433,2026-08-01T06:55:03+00:00,2655,163,163,72,3.01,1037.6,22,fit:80de1342a3e9944829ab101957c8eddffd3d18cb805507bed707b0e306d3b433:segment:004,4,9991.0,9772,activities/108_260801060832.csv,1,1,0,0
fit:80de1342a3e9944829ab101957c8eddffd3d18cb805507bed707b0e306d3b433,2026-08-01T06:55:04+00:00,2656,163,163,71,2.952,1037.6,22,fit:80de1342a3e9944829ab101957c8eddffd3d18cb805507bed707b0e306d3b433:segment:004,4,9992.0,9773,activities/108_260801060832.csv,1,1,0,0
fit:80de1342a3e9944829ab101957c8eddffd3d18cb805507bed707b0e306d3b433,2026-08-01T06:55:05+00:00,2657,156,162,72,2.975,1037.6,22,fit:80de1342a3e9944829ab101957c8eddffd3d18cb805507bed707b0e306d3b433:segment:004,4,9993.0,9774,activities/108_260801060832.csv,1,1,0,0
fit:80de1342a3e9944829ab101957c8eddffd3d18cb805507bed707b0e306d3b433,2026-08-01T06:55:06+00:00,2658,160,162,71,2.945,1038.2,22,fit:80de1342a3e9944829ab101957c8eddffd3d18cb805507bed707b0e306d3b433:segment:004,4,9994.0,9775,activities/108_260801060832.csv,1,1,0,0
fit:80de1342a3e9944829ab101957c8eddffd3d18cb805507bed707b0e306d3b433,2026-08-01T06:55:07+00:00,2659,177,161,70,2.943,1038.2,22,fit:80de1342a3e9944829ab101957c8eddffd3d18cb805507bed707b0e306d3b433:segment:004,4,9995.0,9776,activities/108_260801060832.csv,1,1,0,0
fit:80de1342a3e9944829ab101957c8eddffd3d18cb805507bed707b0e306d3b433,2026-08-01T06:55:08+00:00,2660,154,161,69,2.914,1038.2,22,fit:80de1342a3e9944829ab101957c8eddffd3d18cb805507bed707b0e306d3b433:segment:004,4,9996.0,9777,activities/108_260801060832.csv,1,1,0,0
fit:80de1342a3e9944829ab101957c8eddffd3d18cb805507bed707b0e306d3b433,2026-08-01T06:55:09+00:00,2661,168,160,69,2.906,1038.2,22,fit:80de1342a3e9944829ab101957c8eddffd3d18cb805507bed707b0e306d3b433:segment:004,4,9997.0,9778,activities/108_260801060832.csv,1,1,0,0
fit:80de1342a3e9944829ab101957c8eddffd3d18cb805507bed707b0e306d3b433,2026-08-01T06:55:10+00:00,2662,169,160,68,2.891,1038.8,22,fit:80de1342a3e9944829ab101957c8eddffd3d18cb805507bed707b0e306d3b433:segment:004,4,9998.0,9779,activities/108_260801060832.csv,1,1,0,0
fit:80de1342a3e9944829ab101957c8eddffd3d18cb805507bed707b0e306d3b433,2026-08-01T06:55:11+00:00,2663,97,160,68,2.92,1039.2,22,fit:80de1342a3e9944829ab101957c8eddffd3d18cb805507bed707b0e306d3b433:segment:004,4,9999.0,9780,activities/108_260801060832.csv,1,1,0,0
fit:80de1342a3e9944829ab101957c8eddffd3d18cb805507bed707b0e306d3b433,2026-08-01T06:55:12+00:00,2664,143,159,68,2.873,1039.2,22,fit:80de1342a3e9944829ab101957c8eddffd3d18cb805507bed707b0e306d3b433:segment:004,4,10000.0,9781,activities/108_260801060832.csv,1,1,0,0
fit:80de1342a3e9944829ab101957c8eddffd3d18cb805507bed707b0e306d3b433,2026-08-01T06:55:13+00:00,2665,128,159,65,2.917,1039.2,22,fit:80de1342a3e9944829ab101957c8eddffd3d18cb805507bed707b0e306d3b433:segment:004,4,10001.0,9782,activities/108_260801060832.csv,1,1,0,0
fit:80de1342a3e9944829ab101957c8eddffd3d18cb805507bed707b0e306d3b433,2026-08-01T06:55:14+00:00,2666,128,158,64,2.845,1039.2,22,fit:80de1342a3e9944829ab101957c8eddffd3d18cb805507bed707b0e306d3b433:segment:004,4,10002.0,9783,activities/108_260801060832.csv,1,1,0,0
fit:80de1342a3e9944829ab101957c8eddffd3d18cb805507bed707b0e306d3b433,2026-08-01T06:55:15+00:00,2667,104,157,63,2.699,1039.2,22,fit:80de1342a3e9944829ab101957c8eddffd3d18cb805507bed707b0e306d3b433:segment:004,4,10003.0,9784,activities/108_260801060832.csv,1,1,0,0
fit:80de1342a3e9944829ab101957c8eddffd3d18cb805507bed707b0e306d3b433,2026-08-01T06:55:16+00:00,2668,113,155,62,2.665,1039.2,22,fit:80de1342a3e9944829ab101957c8eddffd3d18cb805507bed707b0e306d3b433:segment:004,4,10004.0,9785,activities/108_260801060832.csv,1,1,0,0
fit:80de1342a3e9944829ab101957c8eddffd3d18cb805507bed707b0e306d3b433,2026-08-01T06:55:17+00:00,2669,114,154,61,2.626,1039.2,22,fit:80de1342a3e9944829ab101957c8eddffd3d18cb805507bed707b0e306d3b433:segment:004,4,10005.0,9786,activities/108_260801060832.csv,1,1,0,0
fit:80de1342a3e9944829ab101957c8eddffd3d18cb805507bed707b0e306d3b433,2026-08-01T06:55:18+00:00,2670,141,153,62,2.576,1039.2,22,fit:80de1342a3e9944829ab101957c8eddffd3d18cb805507bed707b0e306d3b433:segment:004,4,10006.0,9787,activities/108_260801060832.csv,1,1,0,0
fit:80de1342a3e9944829ab101957c8eddffd3d18cb805507bed707b0e306d3b433,2026-08-01T06:55:19+00:00,2671,141,152,64,2.697,1040.2,22,fit:80de1342a3e9944829ab101957c8eddffd3d18cb805507bed707b0e306d3b433:segment:004,4,10007.0,9788,activities/108_260801060832.csv,1,1,0,0
fit:80de1342a3e9944829ab101957c8eddffd3d18cb805507bed707b0e306d3b433,2026-08-01T06:55:20+00:00,2672,132,152,69,2.773,1040.2,22,fit:80de1342a3e9944829ab101957c8eddffd3d18cb805507bed707b0e306d3b433:segment:004,4,10008.0,9789,activities/108_260801060832.csv,1,1,0,0
fit:80de1342a3e9944829ab101957c8eddffd3d18cb805507bed707b0e306d3b433,2026-08-01T06:55:21+00:00,2673,80,151,69,2.923,1040.2,22,fit:80de1342a3e9944829ab101957c8eddffd3d18cb805507bed707b0e306d3b433:segment:004,4,10009.0,9790,activities/108_260801060832.csv,1,1,0,0
fit:80de1342a3e9944829ab101957c8eddffd3d18cb805507bed707b0e306d3b433,2026-08-01T06:55:22+00:00,2674,61,150,68,2.96,1040.2,22,fit:80de1342a3e9944829ab101957c8eddffd3d18cb805507bed707b0e306d3b433:segment:004,4,10010.0,9791,activities/108_260801060832.csv,1,1,0,0
fit:80de1342a3e9944829ab101957c8eddffd3d18cb805507bed707b0e306d3b433,2026-08-01T06:55:23+00:00,2675,61,149,64,2.822,1040.2,22,fit:80de1342a3e9944829ab101957c8eddffd3d18cb805507bed707b0e306d3b433:segment:004,4,10011.0,9792,activities/108_260801060832.csv,1,1,0,0
fit:80de1342a3e9944829ab101957c8eddffd3d18cb805507bed707b0e306d3b433,2026-08-01T06:55:24+00:00,2676,90,149,62,2.636,1040.4,22,fit:80de1342a3e9944829ab101957c8eddffd3d18cb805507bed707b0e306d3b433:segment:004,4,10012.0,9793,activities/108_260801060832.csv,1,1,0,0
fit:80de1342a3e9944829ab101957c8eddffd3d18cb805507bed707b0e306d3b433,2026-08-01T06:55:25+00:00,2677,113,148,62,2.594,1040.8,22,fit:80de1342a3e9944829ab101957c8eddffd3d18cb805507bed707b0e306d3b433:segment:004,4,10013.0,9794,activities/108_260801060832.csv,1,1,0,0
fit:80de1342a3e9944829ab101957c8eddffd3d18cb805507bed707b0e306d3b433,2026-08-01T06:55:26+00:00,2678,115,148,66,2.761,1040.8,22,fit:80de1342a3e9944829ab101957c8eddffd3d18cb805507bed707b0e306d3b433:segment:004,4,10014.0,9795,activities/108_260801060832.csv,1,1,0,0
fit:80de1342a3e9944829ab101957c8eddffd3d18cb805507bed707b0e306d3b433,2026-08-01T06:55:27+00:00,2679,85,147,68,2.763,1040.8,22,fit:80de1342a3e9944829ab101957c8eddffd3d18cb805507bed707b0e306d3b433:segment:004,4,10015.0,9796,activities/108_260801060832.csv,1,1,0,0
fit:80de1342a3e9944829ab101957c8eddffd3d18cb805507bed707b0e306d3b433,2026-08-01T06:55:28+00:00,2680,73,146,68,2.799,1040.6,22,fit:80de1342a3e9944829ab101957c8eddffd3d18cb805507bed707b0e306d3b433:segment:004,4,10016.0,9797,activities/108_260801060832.csv,1,1,0,0
fit:80de1342a3e9944829ab101957c8eddffd3d18cb805507bed707b0e306d3b433,2026-08-01T06:55:29+00:00,2681,118,146,68,2.852,1040.4,22,fit:80de1342a3e9944829ab101957c8eddffd3d18cb805507bed707b0e306d3b433:segment:004,4,10017.0,9798,activities/108_260801060832.csv,1,1,0,0
fit:80de1342a3e9944829ab101957c8eddffd3d18cb805507bed707b0e306d3b433,2026-08-01T06:55:30+00:00,2682,136,144,71,2.891,1040.4,22,fit:80de1342a3e9944829ab101957c8eddffd3d18cb805507bed707b0e306d3b433:segment:004,4,10018.0,9799,activities/108_260801060832.csv,1,1,0,0
fit:80de1342a3e9944829ab101957c8eddffd3d18cb805507bed707b0e306d3b433,2026-08-01T06:55:31+00:00,2683,128,144,71,2.854,1040.4,22,fit:80de1342a3e9944829ab101957c8eddffd3d18cb805507bed707b0e306d3b433:segment:004,4,10019.0,9800,activities/108_260801060832.csv,1,1,0,0
fit:80de1342a3e9944829ab101957c8eddffd3d18cb805507bed707b0e306d3b433,2026-08-01T06:55:32+00:00,2684,144,143,73,3.055,1041.0,22,fit:80de1342a3e9944829ab101957c8eddffd3d18cb805507bed707b0e306d3b433:segment:004,4,10020.0,9801,activities/108_260801060832.csv,1,1,0,0
fit:80de1342a3e9944829ab101957c8eddffd3d18cb805507bed707b0e306d3b433,2026-08-01T06:55:33+00:00,2685,145,143,75,3.039,1041.2,22,fit:80de1342a3e9944829ab101957c8eddffd3d18cb805507bed707b0e306d3b433:segment:004,4,10021.0,9802,activities/108_260801060832.csv,1,1,0,0
fit:80de1342a3e9944829ab101957c8eddffd3d18cb805507bed707b0e306d3b433,2026-08-01T06:55:34+00:00,2686,86,141,66,3.333,1041.2,22,fit:80de1342a3e9944829ab101957c8eddffd3d18cb805507bed707b0e306d3b433:segment:004,4,10022.0,9803,activities/108_260801060832.csv,1,1,0,0
fit:80de1342a3e9944829ab101957c8eddffd3d18cb805507bed707b0e306d3b433,2026-08-01T06:55:35+00:00,2687,216,141,69,3.294,1041.8,22,fit:80de1342a3e9944829ab101957c8eddffd3d18cb805507bed707b0e306d3b433:segment:004,4,10023.0,9804,activities/108_260801060832.csv,1,1,0,0
fit:80de1342a3e9944829ab101957c8eddffd3d18cb805507bed707b0e306d3b433,2026-08-01T06:55:36+00:00,2688,188,140,69,3.235,1041.8,22,fit:80de1342a3e9944829ab101957c8eddffd3d18cb805507bed707b0e306d3b433:segment:004,4,10024.0,9805,activities/108_260801060832.csv,1,1,0,0
fit:80de1342a3e9944829ab101957c8eddffd3d18cb805507bed707b0e306d3b433,2026-08-01T06:55:37+00:00,2689,196,139,73,3.347,1041.8,22,fit:80de1342a3e9944829ab101957c8eddffd3d18cb805507bed707b0e306d3b433:segment:004,4,10025.0,9806,activities/108_260801060832.csv,1,1,0,0
fit:80de1342a3e9944829ab101957c8eddffd3d18cb805507bed707b0e306d3b433,2026-08-01T06:55:38+00:00,2690,183,139,72,3.356,1041.8,22,fit:80de1342a3e9944829ab101957c8eddffd3d18cb805507bed707b0e306d3b433:segment:004,4,10026.0,9807,activities/108_260801060832.csv,1,1,0,0
fit:80de1342a3e9944829ab101957c8eddffd3d18cb805507bed707b0e306d3b433,2026-08-01T06:55:39+00:00,2691,196,139,72,3.374,1041.8,22,fit:80de1342a3e9944829ab101957c8eddffd3d18cb805507bed707b0e306d3b433:segment:004,4,10027.0,9808,activities/108_260801060832.csv,1,1,0,0
fit:80de1342a3e9944829ab101957c8eddffd3d18cb805507bed707b0e306d3b433,2026-08-01T06:55:40+00:00,2692,204,138,72,3.302,1041.8,22,fit:80de1342a3e9944829ab101957c8eddffd3d18cb805507bed707b0e306d3b433:segment:004,4,10028.0,9809,activities/108_260801060832.csv,1,1,0,0
fit:80de1342a3e9944829ab101957c8eddffd3d18cb805507bed707b0e306d3b433,2026-08-01T06:55:41+00:00,2693,191,137,72,3.289,1042.4,22,fit:80de1342a3e9944829ab101957c8eddffd3d18cb805507bed707b0e306d3b433:segment:004,4,10029.0,9810,activities/108_260801060832.csv,1,1,0,0
fit:80de1342a3e9944829ab101957c8eddffd3d18cb805507bed707b0e306d3b433,2026-08-01T06:55:42+00:00,2694,181,137,74,3.354,1042.8,22,fit:80de1342a3e9944829ab101957c8eddffd3d18cb805507bed707b0e306d3b433:segment:004,4,10030.0,9811,activities/108_260801060832.csv,1,1,0,0
fit:80de1342a3e9944829ab101957c8eddffd3d18cb805507bed707b0e306d3b433,2026-08-01T06:55:43+00:00,2695,176,137,76,3.368,1043.0,22,fit:80de1342a3e9944829ab101957c8eddffd3d18cb805507bed707b0e306d3b433:segment:004,4,10031.0,9812,activities/108_260801060832.csv,1,1,0,0
fit:80de1342a3e9944829ab101957c8eddffd3d18cb805507bed707b0e306d3b433,2026-08-01T06:55:44+00:00,2696,160,137,76,3.284,1043.0,22,fit:80de1342a3e9944829ab101957c8eddffd3d18cb805507bed707b0e306d3b433:segment:004,4,10032.0,9813,activities/108_260801060832.csv,1,1,0,0
fit:80de1342a3e9944829ab101957c8eddffd3d18cb805507bed707b0e306d3b433,2026-08-01T06:55:45+00:00,2697,153,138,75,3.485,1043.0,22,fit:80de1342a3e9944829ab101957c8eddffd3d18cb805507bed707b0e306d3b433:segment:004,4,10033.0,9814,activities/108_260801060832.csv,1,1,0,0
fit:80de1342a3e9944829ab101957c8eddffd3d18cb805507bed707b0e306d3b433,2026-08-01T06:55:46+00:00,2698,153,139,75,3.429,1043.0,22,fit:80de1342a3e9944829ab101957c8eddffd3d18cb805507bed707b0e306d3b433:segment:004,4,10034.0,9815,activities/108_260801060832.csv,1,1,0,0
fit:80de1342a3e9944829ab101957c8eddffd3d18cb805507bed707b0e306d3b433,2026-08-01T06:55:47+00:00,2699,38,139,75,2.951,1043.6,22,fit:80de1342a3e9944829ab101957c8eddffd3d18cb805507bed707b0e306d3b433:segment:004,4,10035.0,9816,activities/108_260801060832.csv,1,1,0,0
fit:80de1342a3e9944829ab101957c8eddffd3d18cb805507bed707b0e306d3b433,2026-08-01T06:55:48+00:00,2700,211,140,25,2.964,1044.0,22,fit:80de1342a3e9944829ab101957c8eddffd3d18cb805507bed707b0e306d3b433:segment:004,4,10036.0,9817,activities/108_260801060832.csv,1,1,0,0
fit:80de1342a3e9944829ab101957c8eddffd3d18cb805507bed707b0e306d3b433,2026-08-01T06:55:49+00:00,2701,211,141,70,2.905,1044.0,22,fit:80de1342a3e9944829ab101957c8eddffd3d18cb805507bed707b0e306d3b433:segment:004,4,10037.0,9818,activities/108_260801060832.csv,1,1,0,0
fit:80de1342a3e9944829ab101957c8eddffd3d18cb805507bed707b0e306d3b433,2026-08-01T06:55:50+00:00,2702,135,142,77,2.937,1044.0,22,fit:80de1342a3e9944829ab101957c8eddffd3d18cb805507bed707b0e306d3b433:segment:004,4,10038.0,9819,activities/108_260801060832.csv,1,1,0,0
fit:80de1342a3e9944829ab101957c8eddffd3d18cb805507bed707b0e306d3b433,2026-08-01T06:55:51+00:00,2703,110,143,80,3.198,1044.0,22,fit:80de1342a3e9944829ab101957c8eddffd3d18cb805507bed707b0e306d3b433:segment:004,4,10039.0,9820,activities/108_260801060832.csv,1,1,0,0
fit:80de1342a3e9944829ab101957c8eddffd3d18cb805507bed707b0e306d3b433,2026-08-01T06:55:52+00:00,2704,110,143,80,3.373,1044.0,22,fit:80de1342a3e9944829ab101957c8eddffd3d18cb805507bed707b0e306d3b433:segment:004,4,10040.0,9821,activities/108_260801060832.csv,1,1,0,0
fit:80de1342a3e9944829ab101957c8eddffd3d18cb805507bed707b0e306d3b433,2026-08-01T06:55:53+00:00,2705,124,143,81,3.49,1044.0,22,fit:80de1342a3e9944829ab101957c8eddffd3d18cb805507bed707b0e306d3b433:segment:004,4,10041.0,9822,activities/108_260801060832.csv,1,1,0,0
fit:80de1342a3e9944829ab101957c8eddffd3d18cb805507bed707b0e306d3b433,2026-08-01T06:55:54+00:00,2706,146,143,83,3.622,1044.0,22,fit:80de1342a3e9944829ab101957c8eddffd3d18cb805507bed707b0e306d3b433:segment:004,4,10042.0,9823,activities/108_260801060832.csv,1,1,0,0
fit:80de1342a3e9944829ab101957c8eddffd3d18cb805507bed707b0e306d3b433,2026-08-01T06:55:55+00:00,2707,101,143,83,3.63,1044.4,22,fit:80de1342a3e9944829ab101957c8eddffd3d18cb805507bed707b0e306d3b433:segment:004,4,10043.0,9824,activities/108_260801060832.csv,1,1,0,0
fit:80de1342a3e9944829ab101957c8eddffd3d18cb805507bed707b0e306d3b433,2026-08-01T06:55:56+00:00,2708,94,142,85,3.862,1044.6,22,fit:80de1342a3e9944829ab101957c8eddffd3d18cb805507bed707b0e306d3b433:segment:004,4,10044.0,9825,activities/108_260801060832.csv,1,1,0,0
fit:80de1342a3e9944829ab101957c8eddffd3d18cb805507bed707b0e306d3b433,2026-08-01T06:55:57+00:00,2709,16,142,81,3.96,1044.6,22,fit:80de1342a3e9944829ab101957c8eddffd3d18cb805507bed707b0e306d3b433:segment:004,4,10045.0,9826,activities/108_260801060832.csv,1,1,0,0
fit:80de1342a3e9944829ab101957c8eddffd3d18cb805507bed707b0e306d3b433,2026-08-01T06:55:58+00:00,2710,145,142,81,3.819,1044.6,22,fit:80de1342a3e9944829ab101957c8eddffd3d18cb805507bed707b0e306d3b433:segment:004,4,10046.0,9827,activities/108_260801060832.csv,1,1,0,0
fit:80de1342a3e9944829ab101957c8eddffd3d18cb805507bed707b0e306d3b433,2026-08-01T06:55:59+00:00,2711,179,142,75,3.747,1044.6,22,fit:80de1342a3e9944829ab101957c8eddffd3d18cb805507bed707b0e306d3b433:segment:004,4,10047.0,9828,activities/108_260801060832.csv,1,1,0,0
fit:80de1342a3e9944829ab101957c8eddffd3d18cb805507bed707b0e306d3b433,2026-08-01T06:56:00+00:00,2712,149,142,80,4.071,1044.6,22,fit:80de1342a3e9944829ab101957c8eddffd3d18cb805507bed707b0e306d3b433:segment:004,4,10048.0,9829,activities/108_260801060832.csv,1,1,0,0
fit:80de1342a3e9944829ab101957c8eddffd3d18cb805507bed707b0e306d3b433,2026-08-01T06:56:01+00:00,2713,164,143,80,4.139,1044.6,22,fit:80de1342a3e9944829ab101957c8eddffd3d18cb805507bed707b0e306d3b433:segment:004,4,10049.0,9830,activities/108_260801060832.csv,1,1,0,0
fit:80de1342a3e9944829ab101957c8eddffd3d18cb805507bed707b0e306d3b433,2026-08-01T06:56:02+00:00,2714,177,143,84,4.442,1044.6,22,fit:80de1342a3e9944829ab101957c8eddffd3d18cb805507bed707b0e306d3b433:segment:004,4,10050.0,9831,activities/108_260801060832.csv,1,1,0,0
fit:80de1342a3e9944829ab101957c8eddffd3d18cb805507bed707b0e306d3b433,2026-08-01T06:56:03+00:00,2715,183,143,86,4.591,1044.6,22,fit:80de1342a3e9944829ab101957c8eddffd3d18cb805507bed707b0e306d3b433:segment:004,4,10051.0,9832,activities/108_260801060832.csv,1,1,0,0
fit:80de1342a3e9944829ab101957c8eddffd3d18cb805507bed707b0e306d3b433,2026-08-01T06:56:04+00:00,2716,172,143,87,4.628,1044.6,22,fit:80de1342a3e9944829ab101957c8eddffd3d18cb805507bed707b0e306d3b433:segment:004,4,10052.0,9833,activities/108_260801060832.csv,1,1,0,0
fit:80de1342a3e9944829ab101957c8eddffd3d18cb805507bed707b0e306d3b433,2026-08-01T06:56:05+00:00,2717,166,142,86,4.807,1044.6,22,fit:80de1342a3e9944829ab101957c8eddffd3d18cb805507bed707b0e306d3b433:segment:004,4,10053.0,9834,activities/108_260801060832.csv,1,1,0,0
fit:80de1342a3e9944829ab101957c8eddffd3d18cb805507bed707b0e306d3b433,2026-08-01T06:56:06+00:00,2718,219,141,86,4.76,1044.6,22,fit:80de1342a3e9944829ab101957c8eddffd3d18cb805507bed707b0e306d3b433:segment:004,4,10054.0,9835,activities/108_260801060832.csv,1,1,0,0
fit:80de1342a3e9944829ab101957c8eddffd3d18cb805507bed707b0e306d3b433,2026-08-01T06:56:07+00:00,2719,228,141,84,4.861,1044.6,22,fit:80de1342a3e9944829ab101957c8eddffd3d18cb805507bed707b0e306d3b433:segment:004,4,10055.0,9836,activities/108_260801060832.csv,1,1,0,0
fit:80de1342a3e9944829ab101957c8eddffd3d18cb805507bed707b0e306d3b433,2026-08-01T06:56:08+00:00,2720,263,140,83,4.559,1044.8,22,fit:80de1342a3e9944829ab101957c8eddffd3d18cb805507bed707b0e306d3b433:segment:004,4,10056.0,9837,activities/108_260801060832.csv,1,1,0,0
fit:80de1342a3e9944829ab101957c8eddffd3d18cb805507bed707b0e306d3b433,2026-08-01T06:56:09+00:00,2721,255,140,81,4.517,1045.6,22,fit:80de1342a3e9944829ab101957c8eddffd3d18cb805507bed707b0e306d3b433:segment:004,4,10057.0,9838,activities/108_260801060832.csv,1,1,0,0
fit:80de1342a3e9944829ab101957c8eddffd3d18cb805507bed707b0e306d3b433,2026-08-01T06:56:10+00:00,2722,274,140,79,4.591,1046.0,22,fit:80de1342a3e9944829ab101957c8eddffd3d18cb805507bed707b0e306d3b433:segment:004,4,10058.0,9839,activities/108_260801060832.csv,1,1,0,0
fit:80de1342a3e9944829ab101957c8eddffd3d18cb805507bed707b0e306d3b433,2026-08-01T06:56:11+00:00,2723,290,141,79,4.651,1046.4,22,fit:80de1342a3e9944829ab101957c8eddffd3d18cb805507bed707b0e306d3b433:segment:004,4,10059.0,9840,activities/108_260801060832.csv,1,1,0,0
fit:80de1342a3e9944829ab101957c8eddffd3d18cb805507bed707b0e306d3b433,2026-08-01T06:56:12+00:00,2724,305,141,77,4.472,1046.6,22,fit:80de1342a3e9944829ab101957c8eddffd3d18cb805507bed707b0e306d3b433:segment:004,4,10060.0,9841,activities/108_260801060832.csv,1,1,0,0
fit:80de1342a3e9944829ab101957c8eddffd3d18cb805507bed707b0e306d3b433,2026-08-01T06:56:13+00:00,2725,303,142,77,4.388,1047.4,22,fit:80de1342a3e9944829ab101957c8eddffd3d18cb805507bed707b0e306d3b433:segment:004,4,10061.0,9842,activities/108_260801060832.csv,1,1,0,0
fit:80de1342a3e9944829ab101957c8eddffd3d18cb805507bed707b0e306d3b433,2026-08-01T06:56:14+00:00,2726,281,143,77,4.365,1047.4,22,fit:80de1342a3e9944829ab101957c8eddffd3d18cb805507bed707b0e306d3b433:segment:004,4,10062.0,9843,activities/108_260801060832.csv,1,1,0,0
fit:80de1342a3e9944829ab101957c8eddffd3d18cb805507bed707b0e306d3b433,2026-08-01T06:56:15+00:00,2727,257,144,75,4.233,1047.4,22,fit:80de1342a3e9944829ab101957c8eddffd3d18cb805507bed707b0e306d3b433:segment:004,4,10063.0,9844,activities/108_260801060832.csv,1,1,0,0
fit:80de1342a3e9944829ab101957c8eddffd3d18cb805507bed707b0e306d3b433,2026-08-01T06:56:16+00:00,2728,260,144,73,4.002,1047.4,22,fit:80de1342a3e9944829ab101957c8eddffd3d18cb805507bed707b0e306d3b433:segment:004,4,10064.0,9845,activities/108_260801060832.csv,1,1,0,0
fit:80de1342a3e9944829ab101957c8eddffd3d18cb805507bed707b0e306d3b433,2026-08-01T06:56:17+00:00,2729,270,145,72,3.89,1048.4,22,fit:80de1342a3e9944829ab101957c8eddffd3d18cb805507bed707b0e306d3b433:segment:004,4,10065.0,9846,activities/108_260801060832.csv,1,1,0,0
fit:80de1342a3e9944829ab101957c8eddffd3d18cb805507bed707b0e306d3b433,2026-08-01T06:56:18+00:00,2730,268,145,72,3.928,1049.0,22,fit:80de1342a3e9944829ab101957c8eddffd3d18cb805507bed707b0e306d3b433:segment:004,4,10066.0,9847,activities/108_260801060832.csv,1,1,0,0
fit:80de1342a3e9944829ab101957c8eddffd3d18cb805507bed707b0e306d3b433,2026-08-01T06:56:19+00:00,2731,245,145,72,3.643,1049.0,22,fit:80de1342a3e9944829ab101957c8eddffd3d18cb805507bed707b0e306d3b433:segment:004,4,10067.0,9848,activities/108_260801060832.csv,1,1,0,0
fit:80de1342a3e9944829ab101957c8eddffd3d18cb805507bed707b0e306d3b433,2026-08-01T06:56:20+00:00,2732,252,145,70,3.52,1049.0,22,fit:80de1342a3e9944829ab101957c8eddffd3d18cb805507bed707b0e306d3b433:segment:004,4,10068.0,9849,activities/108_260801060832.csv,1,1,0,0
fit:80de1342a3e9944829ab101957c8eddffd3d18cb805507bed707b0e306d3b433,2026-08-01T06:56:21+00:00,2733,313,145,70,3.742,1049.0,22,fit:80de1342a3e9944829ab101957c8eddffd3d18cb805507bed707b0e306d3b433:segment:004,4,10069.0,9850,activities/108_260801060832.csv,1,1,0,0
fit:80de1342a3e9944829ab101957c8eddffd3d18cb805507bed707b0e306d3b433,2026-08-01T06:56:22+00:00,2734,291,145,70,3.681,1049.0,22,fit:80de1342a3e9944829ab101957c8eddffd3d18cb805507bed707b0e306d3b433:segment:004,4,10070.0,9851,activities/108_260801060832.csv,1,1,0,0
fit:80de1342a3e9944829ab101957c8eddffd3d18cb805507bed707b0e306d3b433,2026-08-01T06:56:23+00:00,2735,291,145,71,3.922,1049.0,22,fit:80de1342a3e9944829ab101957c8eddffd3d18cb805507bed707b0e306d3b433:segment:004,4,10071.0,9852,activities/108_260801060832.csv,1,1,0,0
fit:80de1342a3e9944829ab101957c8eddffd3d18cb805507bed707b0e306d3b433,2026-08-01T06:56:24+00:00,2736,308,146,72,3.753,1049.0,22,fit:80de1342a3e9944829ab101957c8eddffd3d18cb805507bed707b0e306d3b433:segment:004,4,10072.0,9853,activities/108_260801060832.csv,1,1,0,0
fit:80de1342a3e9944829ab101957c8eddffd3d18cb805507bed707b0e306d3b433,2026-08-01T06:56:25+00:00,2737,297,146,73,3.678,1050.0,22,fit:80de1342a3e9944829ab101957c8eddffd3d18cb805507bed707b0e306d3b433:segment:004,4,10073.0,9854,activities/108_260801060832.csv,1,1,0,0
fit:80de1342a3e9944829ab101957c8eddffd3d18cb805507bed707b0e306d3b433,2026-08-01T06:56:26+00:00,2738,273,146,73,3.756,1050.4,22,fit:80de1342a3e9944829ab101957c8eddffd3d18cb805507bed707b0e306d3b433:segment:004,4,10074.0,9855,activities/108_260801060832.csv,1,1,0,0
fit:80de1342a3e9944829ab101957c8eddffd3d18cb805507bed707b0e306d3b433,2026-08-01T06:56:27+00:00,2739,273,146,73,3.75,1050.8,22,fit:80de1342a3e9944829ab101957c8eddffd3d18cb805507bed707b0e306d3b433:segment:004,4,10075.0,9856,activities/108_260801060832.csv,1,1,0,0
fit:80de1342a3e9944829ab101957c8eddffd3d18cb805507bed707b0e306d3b433,2026-08-01T06:56:28+00:00,2740,273,146,73,3.657,1050.8,22,fit:80de1342a3e9944829ab101957c8eddffd3d18cb805507bed707b0e306d3b433:segment:004,4,10076.0,9857,activities/108_260801060832.csv,1,1,0,0
fit:80de1342a3e9944829ab101957c8eddffd3d18cb805507bed707b0e306d3b433,2026-08-01T06:56:29+00:00,2741,294,147,73,3.634,1050.8,22,fit:80de1342a3e9944829ab101957c8eddffd3d18cb805507bed707b0e306d3b433:segment:004,4,10077.0,9858,activities/108_260801060832.csv,1,1,0,0
fit:80de1342a3e9944829ab101957c8eddffd3d18cb805507bed707b0e306d3b433,2026-08-01T06:56:30+00:00,2742,282,147,73,3.699,1050.8,22,fit:80de1342a3e9944829ab101957c8eddffd3d18cb805507bed707b0e306d3b433:segment:004,4,10078.0,9859,activities/108_260801060832.csv,1,1,0,0
fit:80de1342a3e9944829ab101957c8eddffd3d18cb805507bed707b0e306d3b433,2026-08-01T06:56:31+00:00,2743,282,147,73,3.63,1051.8,22,fit:80de1342a3e9944829ab101957c8eddffd3d18cb805507bed707b0e306d3b433:segment:004,4,10079.0,9860,activities/108_260801060832.csv,1,1,0,0
fit:80de1342a3e9944829ab101957c8eddffd3d18cb805507bed707b0e306d3b433,2026-08-01T06:56:32+00:00,2744,281,148,73,3.751,1052.0,22,fit:80de1342a3e9944829ab101957c8eddffd3d18cb805507bed707b0e306d3b433:segment:004,4,10080.0,9861,activities/108_260801060832.csv,1,1,0,0
fit:80de1342a3e9944829ab101957c8eddffd3d18cb805507bed707b0e306d3b433,2026-08-01T06:56:33+00:00,2745,250,148,70,3.948,1052.4,22,fit:80de1342a3e9944829ab101957c8eddffd3d18cb805507bed707b0e306d3b433:segment:004,4,10081.0,9862,activities/108_260801060832.csv,1,1,0,0
fit:80de1342a3e9944829ab101957c8eddffd3d18cb805507bed707b0e306d3b433,2026-08-01T06:56:34+00:00,2746,263,148,70,3.808,1052.6,22,fit:80de1342a3e9944829ab101957c8eddffd3d18cb805507bed707b0e306d3b433:segment:004,4,10082.0,9863,activities/108_260801060832.csv,1,1,0,0
fit:80de1342a3e9944829ab101957c8eddffd3d18cb805507bed707b0e306d3b433,2026-08-01T06:56:35+00:00,2747,242,148,69,3.54,1052.6,22,fit:80de1342a3e9944829ab101957c8eddffd3d18cb805507bed707b0e306d3b433:segment:004,4,10083.0,9864,activities/108_260801060832.csv,1,1,0,0
fit:80de1342a3e9944829ab101957c8eddffd3d18cb805507bed707b0e306d3b433,2026-08-01T06:56:36+00:00,2748,267,148,68,3.667,1052.6,22,fit:80de1342a3e9944829ab101957c8eddffd3d18cb805507bed707b0e306d3b433:segment:004,4,10084.0,9865,activities/108_260801060832.csv,1,1,0,0
fit:80de1342a3e9944829ab101957c8eddffd3d18cb805507bed707b0e306d3b433,2026-08-01T06:56:37+00:00,2749,271,148,66,3.446,1052.6,22,fit:80de1342a3e9944829ab101957c8eddffd3d18cb805507bed707b0e306d3b433:segment:004,4,10085.0,9866,activities/108_260801060832.csv,1,1,0,0
fit:80de1342a3e9944829ab101957c8eddffd3d18cb805507bed707b0e306d3b433,2026-08-01T06:56:38+00:00,2750,271,148,67,3.276,1053.2,22,fit:80de1342a3e9944829ab101957c8eddffd3d18cb805507bed707b0e306d3b433:segment:004,4,10086.0,9867,activities/108_260801060832.csv,1,1,0,0
fit:80de1342a3e9944829ab101957c8eddffd3d18cb805507bed707b0e306d3b433,2026-08-01T06:56:39+00:00,2751,284,148,67,3.375,1053.8,22,fit:80de1342a3e9944829ab101957c8eddffd3d18cb805507bed707b0e306d3b433:segment:004,4,10087.0,9868,activities/108_260801060832.csv,1,1,0,0
fit:80de1342a3e9944829ab101957c8eddffd3d18cb805507bed707b0e306d3b433,2026-08-01T06:56:40+00:00,2752,264,147,68,3.519,1053.8,22,fit:80de1342a3e9944829ab101957c8eddffd3d18cb805507bed707b0e306d3b433:segment:004,4,10088.0,9869,activities/108_260801060832.csv,1,1,0,0
fit:80de1342a3e9944829ab101957c8eddffd3d18cb805507bed707b0e306d3b433,2026-08-01T06:56:41+00:00,2753,272,147,68,3.313,1053.8,22,fit:80de1342a3e9944829ab101957c8eddffd3d18cb805507bed707b0e306d3b433:segment:004,4,10089.0,9870,activities/108_260801060832.csv,1,1,0,0
fit:80de1342a3e9944829ab101957c8eddffd3d18cb805507bed707b0e306d3b433,2026-08-01T06:56:42+00:00,2754,275,147,69,3.105,1053.8,22,fit:80de1342a3e9944829ab101957c8eddffd3d18cb805507bed707b0e306d3b433:segment:004,4,10090.0,9871,activities/108_260801060832.csv,1,1,0,0
fit:80de1342a3e9944829ab101957c8eddffd3d18cb805507bed707b0e306d3b433,2026-08-01T06:56:43+00:00,2755,275,147,70,3.21,1054.4,22,fit:80de1342a3e9944829ab101957c8eddffd3d18cb805507bed707b0e306d3b433:segment:004,4,10091.0,9872,activities/108_260801060832.csv,1,1,0,0
fit:80de1342a3e9944829ab101957c8eddffd3d18cb805507bed707b0e306d3b433,2026-08-01T06:56:44+00:00,2756,253,148,71,3.499,1054.4,22,fit:80de1342a3e9944829ab101957c8eddffd3d18cb805507bed707b0e306d3b433:segment:004,4,10092.0,9873,activities/108_260801060832.csv,1,1,0,0
fit:80de1342a3e9944829ab101957c8eddffd3d18cb805507bed707b0e306d3b433,2026-08-01T06:56:45+00:00,2757,262,148,71,3.453,1054.4,22,fit:80de1342a3e9944829ab101957c8eddffd3d18cb805507bed707b0e306d3b433:segment:004,4,10093.0,9874,activities/108_260801060832.csv,1,1,0,0
fit:80de1342a3e9944829ab101957c8eddffd3d18cb805507bed707b0e306d3b433,2026-08-01T06:56:46+00:00,2758,248,148,70,3.301,1054.4,22,fit:80de1342a3e9944829ab101957c8eddffd3d18cb805507bed707b0e306d3b433:segment:004,4,10094.0,9875,activities/108_260801060832.csv,1,1,0,0
fit:80de1342a3e9944829ab101957c8eddffd3d18cb805507bed707b0e306d3b433,2026-08-01T06:56:47+00:00,2759,312,149,70,3.414,1055.2,22,fit:80de1342a3e9944829ab101957c8eddffd3d18cb805507bed707b0e306d3b433:segment:004,4,10095.0,9876,activities/108_260801060832.csv,1,1,0,0
fit:80de1342a3e9944829ab101957c8eddffd3d18cb805507bed707b0e306d3b433,2026-08-01T06:56:48+00:00,2760,300,150,71,3.329,1055.4,22,fit:80de1342a3e9944829ab101957c8eddffd3d18cb805507bed707b0e306d3b433:segment:004,4,10096.0,9877,activities/108_260801060832.csv,1,1,0,0
fit:80de1342a3e9944829ab101957c8eddffd3d18cb805507bed707b0e306d3b433,2026-08-01T06:56:49+00:00,2761,257,152,71,3.251,1055.8,22,fit:80de1342a3e9944829ab101957c8eddffd3d18cb805507bed707b0e306d3b433:segment:004,4,10097.0,9878,activities/108_260801060832.csv,1,1,0,0
fit:80de1342a3e9944829ab101957c8eddffd3d18cb805507bed707b0e306d3b433,2026-08-01T06:56:50+00:00,2762,288,152,73,3.312,1056.0,22,fit:80de1342a3e9944829ab101957c8eddffd3d18cb805507bed707b0e306d3b433:segment:004,4,10098.0,9879,activities/108_260801060832.csv,1,1,0,0
fit:80de1342a3e9944829ab101957c8eddffd3d18cb805507bed707b0e306d3b433,2026-08-01T06:56:51+00:00,2763,307,152,73,3.528,1056.0,22,fit:80de1342a3e9944829ab101957c8eddffd3d18cb805507bed707b0e306d3b433:segment:004,4,10099.0,9880,activities/108_260801060832.csv,1,1,0,0
fit:80de1342a3e9944829ab101957c8eddffd3d18cb805507bed707b0e306d3b433,2026-08-01T06:56:52+00:00,2764,307,153,75,3.838,1056.8,22,fit:80de1342a3e9944829ab101957c8eddffd3d18cb805507bed707b0e306d3b433:segment:004,4,10100.0,9881,activities/108_260801060832.csv,1,1,0,0
fit:80de1342a3e9944829ab101957c8eddffd3d18cb805507bed707b0e306d3b433,2026-08-01T06:56:53+00:00,2765,294,154,77,3.941,1057.2,22,fit:80de1342a3e9944829ab101957c8eddffd3d18cb805507bed707b0e306d3b433:segment:004,4,10101.0,9882,activities/108_260801060832.csv,1,1,0,0
fit:80de1342a3e9944829ab101957c8eddffd3d18cb805507bed707b0e306d3b433,2026-08-01T06:56:54+00:00,2766,262,154,81,4.091,1057.2,22,fit:80de1342a3e9944829ab101957c8eddffd3d18cb805507bed707b0e306d3b433:segment:004,4,10102.0,9883,activities/108_260801060832.csv,1,1,0,0
fit:80de1342a3e9944829ab101957c8eddffd3d18cb805507bed707b0e306d3b433,2026-08-01T06:56:55+00:00,2767,243,155,81,4.186,1057.2,22,fit:80de1342a3e9944829ab101957c8eddffd3d18cb805507bed707b0e306d3b433:segment:004,4,10103.0,9884,activities/108_260801060832.csv,1,1,0,0
fit:80de1342a3e9944829ab101957c8eddffd3d18cb805507bed707b0e306d3b433,2026-08-01T06:56:56+00:00,2768,253,156,81,4.336,1057.2,22,fit:80de1342a3e9944829ab101957c8eddffd3d18cb805507bed707b0e306d3b433:segment:004,4,10104.0,9885,activities/108_260801060832.csv,1,1,0,0
fit:80de1342a3e9944829ab101957c8eddffd3d18cb805507bed707b0e306d3b433,2026-08-01T06:56:57+00:00,2769,239,156,82,4.385,1057.8,22,fit:80de1342a3e9944829ab101957c8eddffd3d18cb805507bed707b0e306d3b433:segment:004,4,10105.0,9886,activities/108_260801060832.csv,1,1,0,0
fit:80de1342a3e9944829ab101957c8eddffd3d18cb805507bed707b0e306d3b433,2026-08-01T06:56:58+00:00,2770,191,157,82,4.413,1058.0,22,fit:80de1342a3e9944829ab101957c8eddffd3d18cb805507bed707b0e306d3b433:segment:004,4,10106.0,9887,activities/108_260801060832.csv,1,1,0,0
fit:80de1342a3e9944829ab101957c8eddffd3d18cb805507bed707b0e306d3b433,2026-08-01T06:56:59+00:00,2771,192,157,82,4.325,1058.2,22,fit:80de1342a3e9944829ab101957c8eddffd3d18cb805507bed707b0e306d3b433:segment:004,4,10107.0,9888,activities/108_260801060832.csv,1,1,0,0
fit:80de1342a3e9944829ab101957c8eddffd3d18cb805507bed707b0e306d3b433,2026-08-01T06:57:00+00:00,2772,194,157,81,4.314,1058.8,22,fit:80de1342a3e9944829ab101957c8eddffd3d18cb805507bed707b0e306d3b433:segment:004,4,10108.0,9889,activities/108_260801060832.csv,1,1,0,0
fit:80de1342a3e9944829ab101957c8eddffd3d18cb805507bed707b0e306d3b433,2026-08-01T06:57:01+00:00,2773,208,158,80,4.254,1058.8,22,fit:80de1342a3e9944829ab101957c8eddffd3d18cb805507bed707b0e306d3b433:segment:004,4,10109.0,9890,activities/108_260801060832.csv,1,1,0,0
fit:80de1342a3e9944829ab101957c8eddffd3d18cb805507bed707b0e306d3b433,2026-08-01T06:57:02+00:00,2774,200,159,79,4.097,1058.8,22,fit:80de1342a3e9944829ab101957c8eddffd3d18cb805507bed707b0e306d3b433:segment:004,4,10110.0,9891,activities/108_260801060832.csv,1,1,0,0
fit:80de1342a3e9944829ab101957c8eddffd3d18cb805507bed707b0e306d3b433,2026-08-01T06:57:03+00:00,2775,200,159,79,4.138,1058.8,22,fit:80de1342a3e9944829ab101957c8eddffd3d18cb805507bed707b0e306d3b433:segment:004,4,10111.0,9892,activities/108_260801060832.csv,1,1,0,0
fit:80de1342a3e9944829ab101957c8eddffd3d18cb805507bed707b0e306d3b433,2026-08-01T06:57:04+00:00,2776,212,160,78,4.115,1059.6,22,fit:80de1342a3e9944829ab101957c8eddffd3d18cb805507bed707b0e306d3b433:segment:004,4,10112.0,9893,activities/108_260801060832.csv,1,1,0,0
fit:80de1342a3e9944829ab101957c8eddffd3d18cb805507bed707b0e306d3b433,2026-08-01T06:57:05+00:00,2777,226,160,78,4.212,1060.0,22,fit:80de1342a3e9944829ab101957c8eddffd3d18cb805507bed707b0e306d3b433:segment:004,4,10113.0,9894,activities/108_260801060832.csv,1,1,0,0
fit:80de1342a3e9944829ab101957c8eddffd3d18cb805507bed707b0e306d3b433,2026-08-01T06:57:06+00:00,2778,226,160,78,4.205,1060.0,22,fit:80de1342a3e9944829ab101957c8eddffd3d18cb805507bed707b0e306d3b433:segment:004,4,10114.0,9895,activities/108_260801060832.csv,1,1,0,0
fit:80de1342a3e9944829ab101957c8eddffd3d18cb805507bed707b0e306d3b433,2026-08-01T06:57:07+00:00,2779,225,160,79,4.269,1060.0,22,fit:80de1342a3e9944829ab101957c8eddffd3d18cb805507bed707b0e306d3b433:segment:004,4,10115.0,9896,activities/108_260801060832.csv,1,1,0,0
fit:80de1342a3e9944829ab101957c8eddffd3d18cb805507bed707b0e306d3b433,2026-08-01T06:57:08+00:00,2780,203,160,80,4.351,1060.0,22,fit:80de1342a3e9944829ab101957c8eddffd3d18cb805507bed707b0e306d3b433:segment:004,4,10116.0,9897,activities/108_260801060832.csv,1,1,0,0
fit:80de1342a3e9944829ab101957c8eddffd3d18cb805507bed707b0e306d3b433,2026-08-01T06:57:09+00:00,2781,232,159,82,4.34,1060.0,22,fit:80de1342a3e9944829ab101957c8eddffd3d18cb805507bed707b0e306d3b433:segment:004,4,10117.0,9898,activities/108_260801060832.csv,1,1,0,0
fit:80de1342a3e9944829ab101957c8eddffd3d18cb805507bed707b0e306d3b433,2026-08-01T06:57:10+00:00,2782,267,159,85,4.326,1060.0,22,fit:80de1342a3e9944829ab101957c8eddffd3d18cb805507bed707b0e306d3b433:segment:004,4,10118.0,9899,activities/108_260801060832.csv,1,1,0,0
fit:80de1342a3e9944829ab101957c8eddffd3d18cb805507bed707b0e306d3b433,2026-08-01T06:57:11+00:00,2783,169,159,85,4.402,1060.4,22,fit:80de1342a3e9944829ab101957c8eddffd3d18cb805507bed707b0e306d3b433:segment:004,4,10119.0,9900,activities/108_260801060832.csv,1,1,0,0
fit:80de1342a3e9944829ab101957c8eddffd3d18cb805507bed707b0e306d3b433,2026-08-01T06:57:12+00:00,2784,320,159,83,4.494,1061.0,22,fit:80de1342a3e9944829ab101957c8eddffd3d18cb805507bed707b0e306d3b433:segment:004,4,10120.0,9901,activities/108_260801060832.csv,1,1,0,0
fit:80de1342a3e9944829ab101957c8eddffd3d18cb805507bed707b0e306d3b433,2026-08-01T06:57:13+00:00,2785,232,159,79,4.531,1061.6,22,fit:80de1342a3e9944829ab101957c8eddffd3d18cb805507bed707b0e306d3b433:segment:004,4,10121.0,9902,activities/108_260801060832.csv,1,1,0,0
fit:80de1342a3e9944829ab101957c8eddffd3d18cb805507bed707b0e306d3b433,2026-08-01T06:57:14+00:00,2786,232,159,80,4.589,1061.6,22,fit:80de1342a3e9944829ab101957c8eddffd3d18cb805507bed707b0e306d3b433:segment:004,4,10122.0,9903,activities/108_260801060832.csv,1,1,0,0
fit:80de1342a3e9944829ab101957c8eddffd3d18cb805507bed707b0e306d3b433,2026-08-01T06:57:15+00:00,2787,234,159,79,4.631,1061.6,22,fit:80de1342a3e9944829ab101957c8eddffd3d18cb805507bed707b0e306d3b433:segment:004,4,10123.0,9904,activities/108_260801060832.csv,1,1,0,0
fit:80de1342a3e9944829ab101957c8eddffd3d18cb805507bed707b0e306d3b433,2026-08-01T06:57:16+00:00,2788,245,160,79,4.638,1061.6,22,fit:80de1342a3e9944829ab101957c8eddffd3d18cb805507bed707b0e306d3b433:segment:004,4,10124.0,9905,activities/108_260801060832.csv,1,1,0,0
fit:80de1342a3e9944829ab101957c8eddffd3d18cb805507bed707b0e306d3b433,2026-08-01T06:57:17+00:00,2789,259,160,77,4.453,1062.4,22,fit:80de1342a3e9944829ab101957c8eddffd3d18cb805507bed707b0e306d3b433:segment:004,4,10125.0,9906,activities/108_260801060832.csv,1,1,0,0
fit:80de1342a3e9944829ab101957c8eddffd3d18cb805507bed707b0e306d3b433,2026-08-01T06:57:18+00:00,2790,270,160,75,4.27,1062.6,22,fit:80de1342a3e9944829ab101957c8eddffd3d18cb805507bed707b0e306d3b433:segment:004,4,10126.0,9907,activities/108_260801060832.csv,1,1,0,0
fit:80de1342a3e9944829ab101957c8eddffd3d18cb805507bed707b0e306d3b433,2026-08-01T06:57:19+00:00,2791,279,160,73,3.991,1062.8,22,fit:80de1342a3e9944829ab101957c8eddffd3d18cb805507bed707b0e306d3b433:segment:004,4,10127.0,9908,activities/108_260801060832.csv,1,1,0,0
fit:80de1342a3e9944829ab101957c8eddffd3d18cb805507bed707b0e306d3b433,2026-08-01T06:57:20+00:00,2792,312,160,72,3.956,1063.6,22,fit:80de1342a3e9944829ab101957c8eddffd3d18cb805507bed707b0e306d3b433:segment:004,4,10128.0,9909,activities/108_260801060832.csv,1,1,0,0
fit:80de1342a3e9944829ab101957c8eddffd3d18cb805507bed707b0e306d3b433,2026-08-01T06:57:21+00:00,2793,109,160,70,3.849,1063.6,22,fit:80de1342a3e9944829ab101957c8eddffd3d18cb805507bed707b0e306d3b433:segment:004,4,10129.0,9910,activities/108_260801060832.csv,1,1,0,0
fit:80de1342a3e9944829ab101957c8eddffd3d18cb805507bed707b0e306d3b433,2026-08-01T06:57:22+00:00,2794,318,160,70,3.709,1063.6,23,fit:80de1342a3e9944829ab101957c8eddffd3d18cb805507bed707b0e306d3b433:segment:004,4,10130.0,9911,activities/108_260801060832.csv,1,1,0,0
fit:80de1342a3e9944829ab101957c8eddffd3d18cb805507bed707b0e306d3b433,2026-08-01T06:57:23+00:00,2795,328,160,70,3.662,1063.6,23,fit:80de1342a3e9944829ab101957c8eddffd3d18cb805507bed707b0e306d3b433:segment:004,4,10131.0,9912,activities/108_260801060832.csv,1,1,0,0
fit:80de1342a3e9944829ab101957c8eddffd3d18cb805507bed707b0e306d3b433,2026-08-01T06:57:24+00:00,2796,328,161,70,3.831,1064.4,23,fit:80de1342a3e9944829ab101957c8eddffd3d18cb805507bed707b0e306d3b433:segment:004,4,10132.0,9913,activities/108_260801060832.csv,1,1,0,0
fit:80de1342a3e9944829ab101957c8eddffd3d18cb805507bed707b0e306d3b433,2026-08-01T06:57:25+00:00,2797,326,161,70,3.603,1065.0,23,fit:80de1342a3e9944829ab101957c8eddffd3d18cb805507bed707b0e306d3b433:segment:004,4,10133.0,9914,activities/108_260801060832.csv,1,1,0,0
fit:80de1342a3e9944829ab101957c8eddffd3d18cb805507bed707b0e306d3b433,2026-08-01T06:57:26+00:00,2798,328,161,70,3.655,1065.2,23,fit:80de1342a3e9944829ab101957c8eddffd3d18cb805507bed707b0e306d3b433:segment:004,4,10134.0,9915,activities/108_260801060832.csv,1,1,0,0
fit:80de1342a3e9944829ab101957c8eddffd3d18cb805507bed707b0e306d3b433,2026-08-01T06:57:27+00:00,2799,329,161,71,3.235,1066.0,23,fit:80de1342a3e9944829ab101957c8eddffd3d18cb805507bed707b0e306d3b433:segment:004,4,10135.0,9916,activities/108_260801060832.csv,1,1,0,0
fit:80de1342a3e9944829ab101957c8eddffd3d18cb805507bed707b0e306d3b433,2026-08-01T06:57:28+00:00,2800,292,161,70,3.398,1066.0,23,fit:80de1342a3e9944829ab101957c8eddffd3d18cb805507bed707b0e306d3b433:segment:004,4,10136.0,9917,activities/108_260801060832.csv,1,1,0,0
fit:80de1342a3e9944829ab101957c8eddffd3d18cb805507bed707b0e306d3b433,2026-08-01T06:57:29+00:00,2801,278,162,70,3.479,1066.0,23,fit:80de1342a3e9944829ab101957c8eddffd3d18cb805507bed707b0e306d3b433:segment:004,4,10137.0,9918,activities/108_260801060832.csv,1,1,0,0
fit:80de1342a3e9944829ab101957c8eddffd3d18cb805507bed707b0e306d3b433,2026-08-01T06:57:30+00:00,2802,249,162,70,3.512,1066.0,23,fit:80de1342a3e9944829ab101957c8eddffd3d18cb805507bed707b0e306d3b433:segment:004,4,10138.0,9919,activities/108_260801060832.csv,1,1,0,0
fit:80de1342a3e9944829ab101957c8eddffd3d18cb805507bed707b0e306d3b433,2026-08-01T06:57:31+00:00,2803,249,163,71,3.656,1066.0,23,fit:80de1342a3e9944829ab101957c8eddffd3d18cb805507bed707b0e306d3b433:segment:004,4,10139.0,9920,activities/108_260801060832.csv,1,1,0,0
fit:80de1342a3e9944829ab101957c8eddffd3d18cb805507bed707b0e306d3b433,2026-08-01T06:57:32+00:00,2804,235,163,71,3.899,1067.0,23,fit:80de1342a3e9944829ab101957c8eddffd3d18cb805507bed707b0e306d3b433:segment:004,4,10140.0,9921,activities/108_260801060832.csv,1,1,0,0
fit:80de1342a3e9944829ab101957c8eddffd3d18cb805507bed707b0e306d3b433,2026-08-01T06:57:33+00:00,2805,221,163,70,3.906,1067.0,23,fit:80de1342a3e9944829ab101957c8eddffd3d18cb805507bed707b0e306d3b433:segment:004,4,10141.0,9922,activities/108_260801060832.csv,1,1,0,0
fit:80de1342a3e9944829ab101957c8eddffd3d18cb805507bed707b0e306d3b433,2026-08-01T06:57:34+00:00,2806,200,163,70,3.928,1067.2,23,fit:80de1342a3e9944829ab101957c8eddffd3d18cb805507bed707b0e306d3b433:segment:004,4,10142.0,9923,activities/108_260801060832.csv,1,1,0,0
fit:80de1342a3e9944829ab101957c8eddffd3d18cb805507bed707b0e306d3b433,2026-08-01T06:57:35+00:00,2807,234,163,70,3.825,1067.6,23,fit:80de1342a3e9944829ab101957c8eddffd3d18cb805507bed707b0e306d3b433:segment:004,4,10143.0,9924,activities/108_260801060832.csv,1,1,0,0
fit:80de1342a3e9944829ab101957c8eddffd3d18cb805507bed707b0e306d3b433,2026-08-01T06:57:36+00:00,2808,227,163,71,3.646,1067.8,23,fit:80de1342a3e9944829ab101957c8eddffd3d18cb805507bed707b0e306d3b433:segment:004,4,10144.0,9925,activities/108_260801060832.csv,1,1,0,0
fit:80de1342a3e9944829ab101957c8eddffd3d18cb805507bed707b0e306d3b433,2026-08-01T06:57:37+00:00,2809,236,162,72,3.874,1067.8,23,fit:80de1342a3e9944829ab101957c8eddffd3d18cb805507bed707b0e306d3b433:segment:004,4,10145.0,9926,activities/108_260801060832.csv,1,1,0,0
fit:80de1342a3e9944829ab101957c8eddffd3d18cb805507bed707b0e306d3b433,2026-08-01T06:57:38+00:00,2810,250,162,72,3.993,1068.2,23,fit:80de1342a3e9944829ab101957c8eddffd3d18cb805507bed707b0e306d3b433:segment:004,4,10146.0,9927,activities/108_260801060832.csv,1,1,0,0
fit:80de1342a3e9944829ab101957c8eddffd3d18cb805507bed707b0e306d3b433,2026-08-01T06:57:39+00:00,2811,250,162,72,3.941,1068.4,23,fit:80de1342a3e9944829ab101957c8eddffd3d18cb805507bed707b0e306d3b433:segment:004,4,10147.0,9928,activities/108_260801060832.csv,1,1,0,0
fit:80de1342a3e9944829ab101957c8eddffd3d18cb805507bed707b0e306d3b433,2026-08-01T06:57:40+00:00,2812,299,161,73,3.9,1068.4,23,fit:80de1342a3e9944829ab101957c8eddffd3d18cb805507bed707b0e306d3b433:segment:004,4,10148.0,9929,activities/108_260801060832.csv,1,1,0,0
fit:80de1342a3e9944829ab101957c8eddffd3d18cb805507bed707b0e306d3b433,2026-08-01T06:57:41+00:00,2813,296,161,73,3.888,1068.4,23,fit:80de1342a3e9944829ab101957c8eddffd3d18cb805507bed707b0e306d3b433:segment:004,4,10149.0,9930,activities/108_260801060832.csv,1,1,0,0
fit:80de1342a3e9944829ab101957c8eddffd3d18cb805507bed707b0e306d3b433,2026-08-01T06:57:42+00:00,2814,346,161,73,3.928,1068.4,23,fit:80de1342a3e9944829ab101957c8eddffd3d18cb805507bed707b0e306d3b433:segment:004,4,10150.0,9931,activities/108_260801060832.csv,1,1,0,0
fit:80de1342a3e9944829ab101957c8eddffd3d18cb805507bed707b0e306d3b433,2026-08-01T06:57:43+00:00,2815,321,161,76,3.854,1069.4,23,fit:80de1342a3e9944829ab101957c8eddffd3d18cb805507bed707b0e306d3b433:segment:004,4,10151.0,9932,activities/108_260801060832.csv,1,1,0,0
fit:80de1342a3e9944829ab101957c8eddffd3d18cb805507bed707b0e306d3b433,2026-08-01T06:57:44+00:00,2816,313,161,78,4.183,1069.6,23,fit:80de1342a3e9944829ab101957c8eddffd3d18cb805507bed707b0e306d3b433:segment:004,4,10152.0,9933,activities/108_260801060832.csv,1,1,0,0
fit:80de1342a3e9944829ab101957c8eddffd3d18cb805507bed707b0e306d3b433,2026-08-01T06:57:45+00:00,2817,266,161,77,4.313,1069.6,23,fit:80de1342a3e9944829ab101957c8eddffd3d18cb805507bed707b0e306d3b433:segment:004,4,10153.0,9934,activities/108_260801060832.csv,1,1,0,0
fit:80de1342a3e9944829ab101957c8eddffd3d18cb805507bed707b0e306d3b433,2026-08-01T06:57:46+00:00,2818,283,162,77,4.068,1069.6,23,fit:80de1342a3e9944829ab101957c8eddffd3d18cb805507bed707b0e306d3b433:segment:004,4,10154.0,9935,activities/108_260801060832.csv,1,1,0,0
fit:80de1342a3e9944829ab101957c8eddffd3d18cb805507bed707b0e306d3b433,2026-08-01T06:57:47+00:00,2819,284,162,77,4.185,1069.6,23,fit:80de1342a3e9944829ab101957c8eddffd3d18cb805507bed707b0e306d3b433:segment:004,4,10155.0,9936,activities/108_260801060832.csv,1,1,0,0
fit:80de1342a3e9944829ab101957c8eddffd3d18cb805507bed707b0e306d3b433,2026-08-01T06:57:48+00:00,2820,157,162,78,4.074,1070.4,23,fit:80de1342a3e9944829ab101957c8eddffd3d18cb805507bed707b0e306d3b433:segment:004,4,10156.0,9937,activities/108_260801060832.csv,1,1,0,0
fit:80de1342a3e9944829ab101957c8eddffd3d18cb805507bed707b0e306d3b433,2026-08-01T06:57:49+00:00,2821,96,163,49,4.278,1070.4,23,fit:80de1342a3e9944829ab101957c8eddffd3d18cb805507bed707b0e306d3b433:segment:004,4,10157.0,9938,activities/108_260801060832.csv,1,1,0,0
fit:80de1342a3e9944829ab101957c8eddffd3d18cb805507bed707b0e306d3b433,2026-08-01T06:57:50+00:00,2822,299,163,49,4.314,1070.4,23,fit:80de1342a3e9944829ab101957c8eddffd3d18cb805507bed707b0e306d3b433:segment:004,4,10158.0,9939,activities/108_260801060832.csv,1,1,0,0
fit:80de1342a3e9944829ab101957c8eddffd3d18cb805507bed707b0e306d3b433,2026-08-01T06:57:51+00:00,2823,118,163,82,4.228,1070.4,23,fit:80de1342a3e9944829ab101957c8eddffd3d18cb805507bed707b0e306d3b433:segment:004,4,10159.0,9940,activities/108_260801060832.csv,1,1,0,0
fit:80de1342a3e9944829ab101957c8eddffd3d18cb805507bed707b0e306d3b433,2026-08-01T06:57:52+00:00,2824,82,164,82,4.392,1071.0,23,fit:80de1342a3e9944829ab101957c8eddffd3d18cb805507bed707b0e306d3b433:segment:004,4,10160.0,9941,activities/108_260801060832.csv,1,1,0,0
fit:80de1342a3e9944829ab101957c8eddffd3d18cb805507bed707b0e306d3b433,2026-08-01T06:57:53+00:00,2825,66,164,82,4.432,1071.4,23,fit:80de1342a3e9944829ab101957c8eddffd3d18cb805507bed707b0e306d3b433:segment:004,4,10161.0,9942,activities/108_260801060832.csv,1,1,0,0
fit:80de1342a3e9944829ab101957c8eddffd3d18cb805507bed707b0e306d3b433,2026-08-01T06:57:54+00:00,2826,44,164,78,4.393,1071.6,23,fit:80de1342a3e9944829ab101957c8eddffd3d18cb805507bed707b0e306d3b433:segment:004,4,10162.0,9943,activities/108_260801060832.csv,1,1,0,0
fit:80de1342a3e9944829ab101957c8eddffd3d18cb805507bed707b0e306d3b433,2026-08-01T06:57:55+00:00,2827,57,164,77,4.129,1071.8,23,fit:80de1342a3e9944829ab101957c8eddffd3d18cb805507bed707b0e306d3b433:segment:004,4,10163.0,9944,activities/108_260801060832.csv,1,1,0,0
fit:80de1342a3e9944829ab101957c8eddffd3d18cb805507bed707b0e306d3b433,2026-08-01T06:57:56+00:00,2828,57,164,76,4.006,1071.8,23,fit:80de1342a3e9944829ab101957c8eddffd3d18cb805507bed707b0e306d3b433:segment:004,4,10164.0,9945,activities/108_260801060832.csv,1,1,0,0
fit:80de1342a3e9944829ab101957c8eddffd3d18cb805507bed707b0e306d3b433,2026-08-01T06:57:57+00:00,2829,58,164,76,3.889,1071.8,23,fit:80de1342a3e9944829ab101957c8eddffd3d18cb805507bed707b0e306d3b433:segment:004,4,10165.0,9946,activities/108_260801060832.csv,1,1,0,0
fit:80de1342a3e9944829ab101957c8eddffd3d18cb805507bed707b0e306d3b433,2026-08-01T06:57:58+00:00,2830,64,164,76,3.843,1071.8,23,fit:80de1342a3e9944829ab101957c8eddffd3d18cb805507bed707b0e306d3b433:segment:004,4,10166.0,9947,activities/108_260801060832.csv,1,1,0,0
fit:80de1342a3e9944829ab101957c8eddffd3d18cb805507bed707b0e306d3b433,2026-08-01T06:57:59+00:00,2831,64,163,78,3.833,1071.8,23,fit:80de1342a3e9944829ab101957c8eddffd3d18cb805507bed707b0e306d3b433:segment:004,4,10167.0,9948,activities/108_260801060832.csv,1,1,0,0
fit:80de1342a3e9944829ab101957c8eddffd3d18cb805507bed707b0e306d3b433,2026-08-01T06:58:00+00:00,2832,64,162,78,4.064,1071.8,23,fit:80de1342a3e9944829ab101957c8eddffd3d18cb805507bed707b0e306d3b433:segment:004,4,10168.0,9949,activities/108_260801060832.csv,1,1,0,0
fit:80de1342a3e9944829ab101957c8eddffd3d18cb805507bed707b0e306d3b433,2026-08-01T06:58:01+00:00,2833,10,162,32,4.345,1071.8,23,fit:80de1342a3e9944829ab101957c8eddffd3d18cb805507bed707b0e306d3b433:segment:004,4,10169.0,9950,activities/108_260801060832.csv,1,1,0,0
fit:80de1342a3e9944829ab101957c8eddffd3d18cb805507bed707b0e306d3b433,2026-08-01T06:58:02+00:00,2834,10,161,32,4.425,1071.8,23,fit:80de1342a3e9944829ab101957c8eddffd3d18cb805507bed707b0e306d3b433:segment:004,4,10170.0,9951,activities/108_260801060832.csv,1,1,0,0
fit:80de1342a3e9944829ab101957c8eddffd3d18cb805507bed707b0e306d3b433,2026-08-01T06:58:03+00:00,2835,4,161,26,4.572,1071.8,23,fit:80de1342a3e9944829ab101957c8eddffd3d18cb805507bed707b0e306d3b433:segment:004,4,10171.0,9952,activities/108_260801060832.csv,1,1,0,0
fit:80de1342a3e9944829ab101957c8eddffd3d18cb805507bed707b0e306d3b433,2026-08-01T06:58:04+00:00,2836,83,160,99,4.77,1071.2,23,fit:80de1342a3e9944829ab101957c8eddffd3d18cb805507bed707b0e306d3b433:segment:004,4,10172.0,9953,activities/108_260801060832.csv,1,1,0,0
fit:80de1342a3e9944829ab101957c8eddffd3d18cb805507bed707b0e306d3b433,2026-08-01T06:58:05+00:00,2837,83,159,99,5.014,1071.2,23,fit:80de1342a3e9944829ab101957c8eddffd3d18cb805507bed707b0e306d3b433:segment:004,4,10173.0,9954,activities/108_260801060832.csv,1,1,0,0
fit:80de1342a3e9944829ab101957c8eddffd3d18cb805507bed707b0e306d3b433,2026-08-01T06:58:06+00:00,2838,83,159,99,5.262,1071.2,23,fit:80de1342a3e9944829ab101957c8eddffd3d18cb805507bed707b0e306d3b433:segment:004,4,10174.0,9955,activities/108_260801060832.csv,1,1,0,0
fit:80de1342a3e9944829ab101957c8eddffd3d18cb805507bed707b0e306d3b433,2026-08-01T06:58:07+00:00,2839,0,159,0,5.684,1071.2,23,fit:80de1342a3e9944829ab101957c8eddffd3d18cb805507bed707b0e306d3b433:segment:004,4,10175.0,9956,activities/108_260801060832.csv,1,1,0,0
fit:80de1342a3e9944829ab101957c8eddffd3d18cb805507bed707b0e306d3b433,2026-08-01T06:58:08+00:00,2840,0,158,27,6.164,1070.2,23,fit:80de1342a3e9944829ab101957c8eddffd3d18cb805507bed707b0e306d3b433:segment:004,4,10176.0,9957,activities/108_260801060832.csv,1,1,0,0
fit:80de1342a3e9944829ab101957c8eddffd3d18cb805507bed707b0e306d3b433,2026-08-01T06:58:09+00:00,2841,0,157,27,6.669,1069.8,23,fit:80de1342a3e9944829ab101957c8eddffd3d18cb805507bed707b0e306d3b433:segment:004,4,10177.0,9958,activities/108_260801060832.csv,1,1,0,0
fit:80de1342a3e9944829ab101957c8eddffd3d18cb805507bed707b0e306d3b433,2026-08-01T06:58:10+00:00,2842,0,156,27,6.978,1069.8,23,fit:80de1342a3e9944829ab101957c8eddffd3d18cb805507bed707b0e306d3b433:segment:004,4,10178.0,9959,activities/108_260801060832.csv,1,1,0,0
fit:80de1342a3e9944829ab101957c8eddffd3d18cb805507bed707b0e306d3b433,2026-08-01T06:58:11+00:00,2843,0,155,26,7.281,1069.4,23,fit:80de1342a3e9944829ab101957c8eddffd3d18cb805507bed707b0e306d3b433:segment:004,4,10179.0,9960,activities/108_260801060832.csv,1,1,0,0
fit:80de1342a3e9944829ab101957c8eddffd3d18cb805507bed707b0e306d3b433,2026-08-01T06:58:12+00:00,2844,0,153,25,7.407,1069.2,23,fit:80de1342a3e9944829ab101957c8eddffd3d18cb805507bed707b0e306d3b433:segment:004,4,10180.0,9961,activities/108_260801060832.csv,1,1,0,0
fit:80de1342a3e9944829ab101957c8eddffd3d18cb805507bed707b0e306d3b433,2026-08-01T06:58:13+00:00,2845,0,153,0,7.65,1068.4,23,fit:80de1342a3e9944829ab101957c8eddffd3d18cb805507bed707b0e306d3b433:segment:004,4,10181.0,9962,activities/108_260801060832.csv,1,1,0,0
fit:80de1342a3e9944829ab101957c8eddffd3d18cb805507bed707b0e306d3b433,2026-08-01T06:58:14+00:00,2846,0,152,0,7.543,1068.4,23,fit:80de1342a3e9944829ab101957c8eddffd3d18cb805507bed707b0e306d3b433:segment:004,4,10182.0,9963,activities/108_260801060832.csv,1,1,0,0
fit:80de1342a3e9944829ab101957c8eddffd3d18cb805507bed707b0e306d3b433,2026-08-01T06:58:15+00:00,2847,0,150,0,7.465,1068.4,23,fit:80de1342a3e9944829ab101957c8eddffd3d18cb805507bed707b0e306d3b433:segment:004,4,10183.0,9964,activities/108_260801060832.csv,1,1,0,0
fit:80de1342a3e9944829ab101957c8eddffd3d18cb805507bed707b0e306d3b433,2026-08-01T06:58:16+00:00,2848,0,149,0,7.35,1068.4,23,fit:80de1342a3e9944829ab101957c8eddffd3d18cb805507bed707b0e306d3b433:segment:004,4,10184.0,9965,activities/108_260801060832.csv,1,1,0,0
fit:80de1342a3e9944829ab101957c8eddffd3d18cb805507bed707b0e306d3b433,2026-08-01T06:58:17+00:00,2849,0,148,0,7.253,1068.4,23,fit:80de1342a3e9944829ab101957c8eddffd3d18cb805507bed707b0e306d3b433:segment:004,4,10185.0,9966,activities/108_260801060832.csv,1,1,0,0
fit:80de1342a3e9944829ab101957c8eddffd3d18cb805507bed707b0e306d3b433,2026-08-01T06:58:18+00:00,2850,0,148,0,6.957,1068.4,23,fit:80de1342a3e9944829ab101957c8eddffd3d18cb805507bed707b0e306d3b433:segment:004,4,10186.0,9967,activities/108_260801060832.csv,1,1,0,0
fit:80de1342a3e9944829ab101957c8eddffd3d18cb805507bed707b0e306d3b433,2026-08-01T06:58:19+00:00,2851,0,146,0,6.759,1068.6,23,fit:80de1342a3e9944829ab101957c8eddffd3d18cb805507bed707b0e306d3b433:segment:004,4,10187.0,9968,activities/108_260801060832.csv,1,1,0,0
fit:80de1342a3e9944829ab101957c8eddffd3d18cb805507bed707b0e306d3b433,2026-08-01T06:58:20+00:00,2852,46,145,87,6.532,1069.0,23,fit:80de1342a3e9944829ab101957c8eddffd3d18cb805507bed707b0e306d3b433:segment:004,4,10188.0,9969,activities/108_260801060832.csv,1,1,0,0
fit:80de1342a3e9944829ab101957c8eddffd3d18cb805507bed707b0e306d3b433,2026-08-01T06:58:21+00:00,2853,149,143,85,6.206,1069.2,23,fit:80de1342a3e9944829ab101957c8eddffd3d18cb805507bed707b0e306d3b433:segment:004,4,10189.0,9970,activities/108_260801060832.csv,1,1,0,0
fit:80de1342a3e9944829ab101957c8eddffd3d18cb805507bed707b0e306d3b433,2026-08-01T06:58:22+00:00,2854,181,141,81,5.851,1069.6,23,fit:80de1342a3e9944829ab101957c8eddffd3d18cb805507bed707b0e306d3b433:segment:004,4,10190.0,9971,activities/108_260801060832.csv,1,1,0,0
fit:80de1342a3e9944829ab101957c8eddffd3d18cb805507bed707b0e306d3b433,2026-08-01T06:58:23+00:00,2855,194,141,79,5.537,1070.0,23,fit:80de1342a3e9944829ab101957c8eddffd3d18cb805507bed707b0e306d3b433:segment:004,4,10191.0,9972,activities/108_260801060832.csv,1,1,0,0
fit:80de1342a3e9944829ab101957c8eddffd3d18cb805507bed707b0e306d3b433,2026-08-01T06:58:24+00:00,2856,253,140,73,5.171,1070.2,23,fit:80de1342a3e9944829ab101957c8eddffd3d18cb805507bed707b0e306d3b433:segment:004,4,10192.0,9973,activities/108_260801060832.csv,1,1,0,0
fit:80de1342a3e9944829ab101957c8eddffd3d18cb805507bed707b0e306d3b433,2026-08-01T06:58:25+00:00,2857,66,139,71,4.991,1070.2,23,fit:80de1342a3e9944829ab101957c8eddffd3d18cb805507bed707b0e306d3b433:segment:004,4,10193.0,9974,activities/108_260801060832.csv,1,1,0,0
fit:80de1342a3e9944829ab101957c8eddffd3d18cb805507bed707b0e306d3b433,2026-08-01T06:58:26+00:00,2858,164,139,71,4.578,1071.0,23,fit:80de1342a3e9944829ab101957c8eddffd3d18cb805507bed707b0e306d3b433:segment:004,4,10194.0,9975,activities/108_260801060832.csv,1,1,0,0
fit:80de1342a3e9944829ab101957c8eddffd3d18cb805507bed707b0e306d3b433,2026-08-01T06:58:27+00:00,2859,315,138,69,4.219,1071.2,23,fit:80de1342a3e9944829ab101957c8eddffd3d18cb805507bed707b0e306d3b433:segment:004,4,10195.0,9976,activities/108_260801060832.csv,1,1,0,0
fit:80de1342a3e9944829ab101957c8eddffd3d18cb805507bed707b0e306d3b433,2026-08-01T06:58:28+00:00,2860,282,138,68,3.971,1071.6,23,fit:80de1342a3e9944829ab101957c8eddffd3d18cb805507bed707b0e306d3b433:segment:004,4,10196.0,9977,activities/108_260801060832.csv,1,1,0,0
fit:80de1342a3e9944829ab101957c8eddffd3d18cb805507bed707b0e306d3b433,2026-08-01T06:58:29+00:00,2861,125,138,64,3.747,1072.2,23,fit:80de1342a3e9944829ab101957c8eddffd3d18cb805507bed707b0e306d3b433:segment:004,4,10197.0,9978,activities/108_260801060832.csv,1,1,0,0
fit:80de1342a3e9944829ab101957c8eddffd3d18cb805507bed707b0e306d3b433,2026-08-01T06:58:30+00:00,2862,334,136,65,3.439,1072.4,23,fit:80de1342a3e9944829ab101957c8eddffd3d18cb805507bed707b0e306d3b433:segment:004,4,10198.0,9979,activities/108_260801060832.csv,1,1,0,0
fit:80de1342a3e9944829ab101957c8eddffd3d18cb805507bed707b0e306d3b433,2026-08-01T06:58:31+00:00,2863,315,135,65,3.241,1072.4,23,fit:80de1342a3e9944829ab101957c8eddffd3d18cb805507bed707b0e306d3b433:segment:004,4,10199.0,9980,activities/108_260801060832.csv,1,1,0,0
fit:80de1342a3e9944829ab101957c8eddffd3d18cb805507bed707b0e306d3b433,2026-08-01T06:58:32+00:00,2864,317,135,67,3.086,1072.4,23,fit:80de1342a3e9944829ab101957c8eddffd3d18cb805507bed707b0e306d3b433:segment:004,4,10200.0,9981,activities/108_260801060832.csv,1,1,0,0
fit:80de1342a3e9944829ab101957c8eddffd3d18cb805507bed707b0e306d3b433,2026-08-01T06:58:33+00:00,2865,306,135,68,3.097,1072.4,23,fit:80de1342a3e9944829ab101957c8eddffd3d18cb805507bed707b0e306d3b433:segment:004,4,10201.0,9982,activities/108_260801060832.csv,1,1,0,0
fit:80de1342a3e9944829ab101957c8eddffd3d18cb805507bed707b0e306d3b433,2026-08-01T06:58:34+00:00,2866,306,135,69,3.241,1073.4,23,fit:80de1342a3e9944829ab101957c8eddffd3d18cb805507bed707b0e306d3b433:segment:004,4,10202.0,9983,activities/108_260801060832.csv,1,1,0,0
fit:80de1342a3e9944829ab101957c8eddffd3d18cb805507bed707b0e306d3b433,2026-08-01T06:58:35+00:00,2867,299,135,70,3.257,1074.2,23,fit:80de1342a3e9944829ab101957c8eddffd3d18cb805507bed707b0e306d3b433:segment:004,4,10203.0,9984,activities/108_260801060832.csv,1,1,0,0
fit:80de1342a3e9944829ab101957c8eddffd3d18cb805507bed707b0e306d3b433,2026-08-01T06:58:36+00:00,2868,306,136,70,3.471,1074.6,23,fit:80de1342a3e9944829ab101957c8eddffd3d18cb805507bed707b0e306d3b433:segment:004,4,10204.0,9985,activities/108_260801060832.csv,1,1,0,0
fit:80de1342a3e9944829ab101957c8eddffd3d18cb805507bed707b0e306d3b433,2026-08-01T06:58:37+00:00,2869,303,137,70,3.493,1075.0,23,fit:80de1342a3e9944829ab101957c8eddffd3d18cb805507bed707b0e306d3b433:segment:004,4,10205.0,9986,activities/108_260801060832.csv,1,1,0,0
fit:80de1342a3e9944829ab101957c8eddffd3d18cb805507bed707b0e306d3b433,2026-08-01T06:58:38+00:00,2870,329,138,70,3.522,1075.0,23,fit:80de1342a3e9944829ab101957c8eddffd3d18cb805507bed707b0e306d3b433:segment:004,4,10206.0,9987,activities/108_260801060832.csv,1,1,0,0
fit:80de1342a3e9944829ab101957c8eddffd3d18cb805507bed707b0e306d3b433,2026-08-01T06:58:39+00:00,2871,345,139,69,3.474,1075.0,23,fit:80de1342a3e9944829ab101957c8eddffd3d18cb805507bed707b0e306d3b433:segment:004,4,10207.0,9988,activities/108_260801060832.csv,1,1,0,0
fit:80de1342a3e9944829ab101957c8eddffd3d18cb805507bed707b0e306d3b433,2026-08-01T06:58:40+00:00,2872,345,139,70,3.482,1075.0,23,fit:80de1342a3e9944829ab101957c8eddffd3d18cb805507bed707b0e306d3b433:segment:004,4,10208.0,9989,activities/108_260801060832.csv,1,1,0,0
fit:80de1342a3e9944829ab101957c8eddffd3d18cb805507bed707b0e306d3b433,2026-08-01T06:58:41+00:00,2873,315,140,70,3.524,1075.8,23,fit:80de1342a3e9944829ab101957c8eddffd3d18cb805507bed707b0e306d3b433:segment:004,4,10209.0,9990,activities/108_260801060832.csv,1,1,0,0
fit:80de1342a3e9944829ab101957c8eddffd3d18cb805507bed707b0e306d3b433,2026-08-01T06:58:42+00:00,2874,326,140,69,3.478,1076.2,23,fit:80de1342a3e9944829ab101957c8eddffd3d18cb805507bed707b0e306d3b433:segment:004,4,10210.0,9991,activities/108_260801060832.csv,1,1,0,0
fit:80de1342a3e9944829ab101957c8eddffd3d18cb805507bed707b0e306d3b433,2026-08-01T06:58:43+00:00,2875,336,141,69,3.218,1076.6,23,fit:80de1342a3e9944829ab101957c8eddffd3d18cb805507bed707b0e306d3b433:segment:004,4,10211.0,9992,activities/108_260801060832.csv,1,1,0,0
fit:80de1342a3e9944829ab101957c8eddffd3d18cb805507bed707b0e306d3b433,2026-08-01T06:58:44+00:00,2876,336,141,70,3.32,1076.8,23,fit:80de1342a3e9944829ab101957c8eddffd3d18cb805507bed707b0e306d3b433:segment:004,4,10212.0,9993,activities/108_260801060832.csv,1,1,0,0
fit:80de1342a3e9944829ab101957c8eddffd3d18cb805507bed707b0e306d3b433,2026-08-01T06:58:45+00:00,2877,352,142,69,3.452,1077.2,23,fit:80de1342a3e9944829ab101957c8eddffd3d18cb805507bed707b0e306d3b433:segment:004,4,10213.0,9994,activities/108_260801060832.csv,1,1,0,0
fit:80de1342a3e9944829ab101957c8eddffd3d18cb805507bed707b0e306d3b433,2026-08-01T06:58:46+00:00,2878,369,142,68,3.495,1077.4,23,fit:80de1342a3e9944829ab101957c8eddffd3d18cb805507bed707b0e306d3b433:segment:004,4,10214.0,9995,activities/108_260801060832.csv,1,1,0,0
fit:80de1342a3e9944829ab101957c8eddffd3d18cb805507bed707b0e306d3b433,2026-08-01T06:58:47+00:00,2879,367,143,68,3.193,1078.2,23,fit:80de1342a3e9944829ab101957c8eddffd3d18cb805507bed707b0e306d3b433:segment:004,4,10215.0,9996,activities/108_260801060832.csv,1,1,0,0
fit:80de1342a3e9944829ab101957c8eddffd3d18cb805507bed707b0e306d3b433,2026-08-01T06:58:48+00:00,2880,376,144,68,3.251,1078.4,23,fit:80de1342a3e9944829ab101957c8eddffd3d18cb805507bed707b0e306d3b433:segment:004,4,10216.0,9997,activities/108_260801060832.csv,1,1,0,0
fit:80de1342a3e9944829ab101957c8eddffd3d18cb805507bed707b0e306d3b433,2026-08-01T06:58:49+00:00,2881,408,145,67,3.313,1079.0,23,fit:80de1342a3e9944829ab101957c8eddffd3d18cb805507bed707b0e306d3b433:segment:004,4,10217.0,9998,activities/108_260801060832.csv,1,1,0,0
fit:80de1342a3e9944829ab101957c8eddffd3d18cb805507bed707b0e306d3b433,2026-08-01T06:58:50+00:00,2882,298,146,66,3.299,1079.0,23,fit:80de1342a3e9944829ab101957c8eddffd3d18cb805507bed707b0e306d3b433:segment:004,4,10218.0,9999,activities/108_260801060832.csv,1,1,0,0
fit:80de1342a3e9944829ab101957c8eddffd3d18cb805507bed707b0e306d3b433,2026-08-01T06:58:51+00:00,2883,348,146,67,3.381,1079.0,23,fit:80de1342a3e9944829ab101957c8eddffd3d18cb805507bed707b0e306d3b433:segment:004,4,10219.0,10000,activities/108_260801060832.csv,1,1,0,0
fit:80de1342a3e9944829ab101957c8eddffd3d18cb805507bed707b0e306d3b433,2026-08-01T06:58:52+00:00,2884,341,147,67,3.245,1079.0,23,fit:80de1342a3e9944829ab101957c8eddffd3d18cb805507bed707b0e306d3b433:segment:004,4,10220.0,10001,activities/108_260801060832.csv,1,1,0,0
fit:80de1342a3e9944829ab101957c8eddffd3d18cb805507bed707b0e306d3b433,2026-08-01T06:58:53+00:00,2885,321,148,68,2.91,1080.0,23,fit:80de1342a3e9944829ab101957c8eddffd3d18cb805507bed707b0e306d3b433:segment:004,4,10221.0,10002,activities/108_260801060832.csv,1,1,0,0
fit:80de1342a3e9944829ab101957c8eddffd3d18cb805507bed707b0e306d3b433,2026-08-01T06:58:54+00:00,2886,291,149,67,3.171,1080.4,23,fit:80de1342a3e9944829ab101957c8eddffd3d18cb805507bed707b0e306d3b433:segment:004,4,10222.0,10003,activities/108_260801060832.csv,1,1,0,0
fit:80de1342a3e9944829ab101957c8eddffd3d18cb805507bed707b0e306d3b433,2026-08-01T06:58:55+00:00,2887,291,149,67,3.326,1080.8,23,fit:80de1342a3e9944829ab101957c8eddffd3d18cb805507bed707b0e306d3b433:segment:004,4,10223.0,10004,activities/108_260801060832.csv,1,1,0,0
fit:80de1342a3e9944829ab101957c8eddffd3d18cb805507bed707b0e306d3b433,2026-08-01T06:58:56+00:00,2888,335,152,67,2.966,1081.0,23,fit:80de1342a3e9944829ab101957c8eddffd3d18cb805507bed707b0e306d3b433:segment:004,4,10224.0,10005,activities/108_260801060832.csv,1,1,0,0
fit:80de1342a3e9944829ab101957c8eddffd3d18cb805507bed707b0e306d3b433,2026-08-01T06:58:57+00:00,2889,335,152,67,2.825,1081.2,23,fit:80de1342a3e9944829ab101957c8eddffd3d18cb805507bed707b0e306d3b433:segment:004,4,10225.0,10006,activities/108_260801060832.csv,1,1,0,0
fit:80de1342a3e9944829ab101957c8eddffd3d18cb805507bed707b0e306d3b433,2026-08-01T06:58:58+00:00,2890,335,153,69,3.151,1081.8,23,fit:80de1342a3e9944829ab101957c8eddffd3d18cb805507bed707b0e306d3b433:segment:004,4,10226.0,10007,activities/108_260801060832.csv,1,1,0,0
fit:80de1342a3e9944829ab101957c8eddffd3d18cb805507bed707b0e306d3b433,2026-08-01T06:58:59+00:00,2891,334,155,70,3.378,1082.2,23,fit:80de1342a3e9944829ab101957c8eddffd3d18cb805507bed707b0e306d3b433:segment:004,4,10227.0,10008,activities/108_260801060832.csv,1,1,0,0
fit:80de1342a3e9944829ab101957c8eddffd3d18cb805507bed707b0e306d3b433,2026-08-01T06:59:00+00:00,2892,330,156,69,3.335,1082.6,23,fit:80de1342a3e9944829ab101957c8eddffd3d18cb805507bed707b0e306d3b433:segment:004,4,10228.0,10009,activities/108_260801060832.csv,1,1,0,0
fit:80de1342a3e9944829ab101957c8eddffd3d18cb805507bed707b0e306d3b433,2026-08-01T06:59:01+00:00,2893,310,157,70,3.418,1082.8,23,fit:80de1342a3e9944829ab101957c8eddffd3d18cb805507bed707b0e306d3b433:segment:004,4,10229.0,10010,activities/108_260801060832.csv,1,1,0,0
fit:80de1342a3e9944829ab101957c8eddffd3d18cb805507bed707b0e306d3b433,2026-08-01T06:59:02+00:00,2894,342,158,70,3.35,1083.2,22,fit:80de1342a3e9944829ab101957c8eddffd3d18cb805507bed707b0e306d3b433:segment:004,4,10230.0,10011,activities/108_260801060832.csv,1,1,0,0
fit:80de1342a3e9944829ab101957c8eddffd3d18cb805507bed707b0e306d3b433,2026-08-01T06:59:03+00:00,2895,340,159,72,3.078,1083.6,22,fit:80de1342a3e9944829ab101957c8eddffd3d18cb805507bed707b0e306d3b433:segment:004,4,10231.0,10012,activities/108_260801060832.csv,1,1,0,0
fit:80de1342a3e9944829ab101957c8eddffd3d18cb805507bed707b0e306d3b433,2026-08-01T06:59:04+00:00,2896,307,160,74,3.473,1084.0,22,fit:80de1342a3e9944829ab101957c8eddffd3d18cb805507bed707b0e306d3b433:segment:004,4,10232.0,10013,activities/108_260801060832.csv,1,1,0,0
fit:80de1342a3e9944829ab101957c8eddffd3d18cb805507bed707b0e306d3b433,2026-08-01T06:59:05+00:00,2897,328,161,75,3.344,1084.0,22,fit:80de1342a3e9944829ab101957c8eddffd3d18cb805507bed707b0e306d3b433:segment:004,4,10233.0,10014,activities/108_260801060832.csv,1,1,0,0
fit:80de1342a3e9944829ab101957c8eddffd3d18cb805507bed707b0e306d3b433,2026-08-01T06:59:06+00:00,2898,382,161,75,3.513,1084.0,22,fit:80de1342a3e9944829ab101957c8eddffd3d18cb805507bed707b0e306d3b433:segment:004,4,10234.0,10015,activities/108_260801060832.csv,1,1,0,0
fit:80de1342a3e9944829ab101957c8eddffd3d18cb805507bed707b0e306d3b433,2026-08-01T06:59:07+00:00,2899,318,161,80,3.35,1084.0,22,fit:80de1342a3e9944829ab101957c8eddffd3d18cb805507bed707b0e306d3b433:segment:004,4,10235.0,10016,activities/108_260801060832.csv,1,1,0,0
fit:80de1342a3e9944829ab101957c8eddffd3d18cb805507bed707b0e306d3b433,2026-08-01T06:59:08+00:00,2900,319,162,81,3.582,1085.0,22,fit:80de1342a3e9944829ab101957c8eddffd3d18cb805507bed707b0e306d3b433:segment:004,4,10236.0,10017,activities/108_260801060832.csv,1,1,0,0
fit:80de1342a3e9944829ab101957c8eddffd3d18cb805507bed707b0e306d3b433,2026-08-01T06:59:09+00:00,2901,274,163,78,3.401,1085.6,22,fit:80de1342a3e9944829ab101957c8eddffd3d18cb805507bed707b0e306d3b433:segment:004,4,10237.0,10018,activities/108_260801060832.csv,1,1,0,0
fit:80de1342a3e9944829ab101957c8eddffd3d18cb805507bed707b0e306d3b433,2026-08-01T06:59:10+00:00,2902,295,164,78,3.302,1085.8,22,fit:80de1342a3e9944829ab101957c8eddffd3d18cb805507bed707b0e306d3b433:segment:004,4,10238.0,10019,activities/108_260801060832.csv,1,1,0,0
fit:80de1342a3e9944829ab101957c8eddffd3d18cb805507bed707b0e306d3b433,2026-08-01T06:59:11+00:00,2903,146,164,79,3.49,1085.8,22,fit:80de1342a3e9944829ab101957c8eddffd3d18cb805507bed707b0e306d3b433:segment:004,4,10239.0,10020,activities/108_260801060832.csv,1,1,0,0
fit:80de1342a3e9944829ab101957c8eddffd3d18cb805507bed707b0e306d3b433,2026-08-01T06:59:12+00:00,2904,341,165,56,3.724,1085.8,22,fit:80de1342a3e9944829ab101957c8eddffd3d18cb805507bed707b0e306d3b433:segment:004,4,10240.0,10021,activities/108_260801060832.csv,1,1,0,0
fit:80de1342a3e9944829ab101957c8eddffd3d18cb805507bed707b0e306d3b433,2026-08-01T06:59:13+00:00,2905,310,165,80,3.622,1085.8,22,fit:80de1342a3e9944829ab101957c8eddffd3d18cb805507bed707b0e306d3b433:segment:004,4,10241.0,10022,activities/108_260801060832.csv,1,1,0,0
fit:80de1342a3e9944829ab101957c8eddffd3d18cb805507bed707b0e306d3b433,2026-08-01T06:59:14+00:00,2906,310,166,83,3.867,1086.4,22,fit:80de1342a3e9944829ab101957c8eddffd3d18cb805507bed707b0e306d3b433:segment:004,4,10242.0,10023,activities/108_260801060832.csv,1,1,0,0
fit:80de1342a3e9944829ab101957c8eddffd3d18cb805507bed707b0e306d3b433,2026-08-01T06:59:15+00:00,2907,200,167,83,4.082,1086.4,22,fit:80de1342a3e9944829ab101957c8eddffd3d18cb805507bed707b0e306d3b433:segment:004,4,10243.0,10024,activities/108_260801060832.csv,1,1,0,0
fit:80de1342a3e9944829ab101957c8eddffd3d18cb805507bed707b0e306d3b433,2026-08-01T06:59:16+00:00,2908,219,168,84,4.026,1086.4,22,fit:80de1342a3e9944829ab101957c8eddffd3d18cb805507bed707b0e306d3b433:segment:004,4,10244.0,10025,activities/108_260801060832.csv,1,1,0,0
fit:80de1342a3e9944829ab101957c8eddffd3d18cb805507bed707b0e306d3b433,2026-08-01T06:59:17+00:00,2909,237,168,83,4.104,1086.4,22,fit:80de1342a3e9944829ab101957c8eddffd3d18cb805507bed707b0e306d3b433:segment:004,4,10245.0,10026,activities/108_260801060832.csv,1,1,0,0
fit:80de1342a3e9944829ab101957c8eddffd3d18cb805507bed707b0e306d3b433,2026-08-01T06:59:18+00:00,2910,235,168,84,4.152,1086.8,22,fit:80de1342a3e9944829ab101957c8eddffd3d18cb805507bed707b0e306d3b433:segment:004,4,10246.0,10027,activities/108_260801060832.csv,1,1,0,0
fit:80de1342a3e9944829ab101957c8eddffd3d18cb805507bed707b0e306d3b433,2026-08-01T06:59:19+00:00,2911,152,169,86,4.297,1087.0,22,fit:80de1342a3e9944829ab101957c8eddffd3d18cb805507bed707b0e306d3b433:segment:004,4,10247.0,10028,activities/108_260801060832.csv,1,1,0,0
fit:80de1342a3e9944829ab101957c8eddffd3d18cb805507bed707b0e306d3b433,2026-08-01T06:59:20+00:00,2912,227,169,83,4.281,1087.4,22,fit:80de1342a3e9944829ab101957c8eddffd3d18cb805507bed707b0e306d3b433:segment:004,4,10248.0,10029,activities/108_260801060832.csv,1,1,0,0
fit:80de1342a3e9944829ab101957c8eddffd3d18cb805507bed707b0e306d3b433,2026-08-01T06:59:21+00:00,2913,193,169,83,4.245,1087.4,22,fit:80de1342a3e9944829ab101957c8eddffd3d18cb805507bed707b0e306d3b433:segment:004,4,10249.0,10030,activities/108_260801060832.csv,1,1,0,0
fit:80de1342a3e9944829ab101957c8eddffd3d18cb805507bed707b0e306d3b433,2026-08-01T06:59:22+00:00,2914,209,169,83,4.292,1088.2,22,fit:80de1342a3e9944829ab101957c8eddffd3d18cb805507bed707b0e306d3b433:segment:004,4,10250.0,10031,activities/108_260801060832.csv,1,1,0,0
fit:80de1342a3e9944829ab101957c8eddffd3d18cb805507bed707b0e306d3b433,2026-08-01T06:59:23+00:00,2915,279,169,83,4.15,1088.4,22,fit:80de1342a3e9944829ab101957c8eddffd3d18cb805507bed707b0e306d3b433:segment:004,4,10251.0,10032,activities/108_260801060832.csv,1,1,0,0
fit:80de1342a3e9944829ab101957c8eddffd3d18cb805507bed707b0e306d3b433,2026-08-01T06:59:24+00:00,2916,194,168,86,4.166,1088.4,22,fit:80de1342a3e9944829ab101957c8eddffd3d18cb805507bed707b0e306d3b433:segment:004,4,10252.0,10033,activities/108_260801060832.csv,1,1,0,0
fit:80de1342a3e9944829ab101957c8eddffd3d18cb805507bed707b0e306d3b433,2026-08-01T06:59:25+00:00,2917,136,168,84,4.251,1088.4,22,fit:80de1342a3e9944829ab101957c8eddffd3d18cb805507bed707b0e306d3b433:segment:004,4,10253.0,10034,activities/108_260801060832.csv,1,1,0,0
fit:80de1342a3e9944829ab101957c8eddffd3d18cb805507bed707b0e306d3b433,2026-08-01T06:59:26+00:00,2918,119,168,81,4.21,1088.4,22,fit:80de1342a3e9944829ab101957c8eddffd3d18cb805507bed707b0e306d3b433:segment:004,4,10254.0,10035,activities/108_260801060832.csv,1,1,0,0
fit:80de1342a3e9944829ab101957c8eddffd3d18cb805507bed707b0e306d3b433,2026-08-01T06:59:27+00:00,2919,188,168,81,4.212,1088.4,22,fit:80de1342a3e9944829ab101957c8eddffd3d18cb805507bed707b0e306d3b433:segment:004,4,10255.0,10036,activities/108_260801060832.csv,1,1,0,0
fit:80de1342a3e9944829ab101957c8eddffd3d18cb805507bed707b0e306d3b433,2026-08-01T06:59:28+00:00,2920,213,168,79,4.076,1088.8,22,fit:80de1342a3e9944829ab101957c8eddffd3d18cb805507bed707b0e306d3b433:segment:004,4,10256.0,10037,activities/108_260801060832.csv,1,1,0,0
fit:80de1342a3e9944829ab101957c8eddffd3d18cb805507bed707b0e306d3b433,2026-08-01T06:59:29+00:00,2921,195,169,80,4.173,1089.6,22,fit:80de1342a3e9944829ab101957c8eddffd3d18cb805507bed707b0e306d3b433:segment:004,4,10257.0,10038,activities/108_260801060832.csv,1,1,0,0
fit:80de1342a3e9944829ab101957c8eddffd3d18cb805507bed707b0e306d3b433,2026-08-01T06:59:30+00:00,2922,181,169,82,4.157,1089.6,22,fit:80de1342a3e9944829ab101957c8eddffd3d18cb805507bed707b0e306d3b433:segment:004,4,10258.0,10039,activities/108_260801060832.csv,1,1,0,0
fit:80de1342a3e9944829ab101957c8eddffd3d18cb805507bed707b0e306d3b433,2026-08-01T06:59:31+00:00,2923,165,169,82,4.105,1089.6,22,fit:80de1342a3e9944829ab101957c8eddffd3d18cb805507bed707b0e306d3b433:segment:004,4,10259.0,10040,activities/108_260801060832.csv,1,1,0,0
fit:80de1342a3e9944829ab101957c8eddffd3d18cb805507bed707b0e306d3b433,2026-08-01T06:59:32+00:00,2924,155,169,82,4.019,1089.4,22,fit:80de1342a3e9944829ab101957c8eddffd3d18cb805507bed707b0e306d3b433:segment:004,4,10260.0,10041,activities/108_260801060832.csv,1,1,0,0
fit:80de1342a3e9944829ab101957c8eddffd3d18cb805507bed707b0e306d3b433,2026-08-01T06:59:33+00:00,2925,202,169,81,4.088,1089.4,22,fit:80de1342a3e9944829ab101957c8eddffd3d18cb805507bed707b0e306d3b433:segment:004,4,10261.0,10042,activities/108_260801060832.csv,1,1,0,0
fit:80de1342a3e9944829ab101957c8eddffd3d18cb805507bed707b0e306d3b433,2026-08-01T06:59:34+00:00,2926,177,169,82,4.166,1089.4,22,fit:80de1342a3e9944829ab101957c8eddffd3d18cb805507bed707b0e306d3b433:segment:004,4,10262.0,10043,activities/108_260801060832.csv,1,1,0,0
fit:80de1342a3e9944829ab101957c8eddffd3d18cb805507bed707b0e306d3b433,2026-08-01T06:59:35+00:00,2927,183,169,83,4.17,1089.4,22,fit:80de1342a3e9944829ab101957c8eddffd3d18cb805507bed707b0e306d3b433:segment:004,4,10263.0,10044,activities/108_260801060832.csv,1,1,0,0
fit:80de1342a3e9944829ab101957c8eddffd3d18cb805507bed707b0e306d3b433,2026-08-01T06:59:36+00:00,2928,123,169,84,4.194,1089.4,22,fit:80de1342a3e9944829ab101957c8eddffd3d18cb805507bed707b0e306d3b433:segment:004,4,10264.0,10045,activities/108_260801060832.csv,1,1,0,0
fit:80de1342a3e9944829ab101957c8eddffd3d18cb805507bed707b0e306d3b433,2026-08-01T06:59:37+00:00,2929,209,168,84,4.3,1089.4,22,fit:80de1342a3e9944829ab101957c8eddffd3d18cb805507bed707b0e306d3b433:segment:004,4,10265.0,10046,activities/108_260801060832.csv,1,1,0,0
fit:80de1342a3e9944829ab101957c8eddffd3d18cb805507bed707b0e306d3b433,2026-08-01T06:59:38+00:00,2930,195,168,85,4.33,1089.4,22,fit:80de1342a3e9944829ab101957c8eddffd3d18cb805507bed707b0e306d3b433:segment:004,4,10266.0,10047,activities/108_260801060832.csv,1,1,0,0
fit:80de1342a3e9944829ab101957c8eddffd3d18cb805507bed707b0e306d3b433,2026-08-01T06:59:39+00:00,2931,73,168,88,4.378,1090.2,22,fit:80de1342a3e9944829ab101957c8eddffd3d18cb805507bed707b0e306d3b433:segment:004,4,10267.0,10048,activities/108_260801060832.csv,1,1,0,0
fit:80de1342a3e9944829ab101957c8eddffd3d18cb805507bed707b0e306d3b433,2026-08-01T06:59:40+00:00,2932,73,167,84,4.435,1090.2,22,fit:80de1342a3e9944829ab101957c8eddffd3d18cb805507bed707b0e306d3b433:segment:004,4,10268.0,10049,activities/108_260801060832.csv,1,1,0,0
fit:80de1342a3e9944829ab101957c8eddffd3d18cb805507bed707b0e306d3b433,2026-08-01T06:59:41+00:00,2933,284,167,80,4.5,1090.2,22,fit:80de1342a3e9944829ab101957c8eddffd3d18cb805507bed707b0e306d3b433:segment:004,4,10269.0,10050,activities/108_260801060832.csv,1,1,0,0
fit:80de1342a3e9944829ab101957c8eddffd3d18cb805507bed707b0e306d3b433,2026-08-01T06:59:42+00:00,2934,345,167,84,4.546,1090.2,23,fit:80de1342a3e9944829ab101957c8eddffd3d18cb805507bed707b0e306d3b433:segment:004,4,10270.0,10051,activities/108_260801060832.csv,1,1,0,0
fit:80de1342a3e9944829ab101957c8eddffd3d18cb805507bed707b0e306d3b433,2026-08-01T06:59:43+00:00,2935,345,167,92,4.722,1090.6,23,fit:80de1342a3e9944829ab101957c8eddffd3d18cb805507bed707b0e306d3b433:segment:004,4,10271.0,10052,activities/108_260801060832.csv,1,1,0,0
fit:80de1342a3e9944829ab101957c8eddffd3d18cb805507bed707b0e306d3b433,2026-08-01T06:59:44+00:00,2936,190,166,92,4.791,1090.6,23,fit:80de1342a3e9944829ab101957c8eddffd3d18cb805507bed707b0e306d3b433:segment:004,4,10272.0,10053,activities/108_260801060832.csv,1,1,0,0
fit:80de1342a3e9944829ab101957c8eddffd3d18cb805507bed707b0e306d3b433,2026-08-01T06:59:45+00:00,2937,172,166,91,4.842,1091.0,23,fit:80de1342a3e9944829ab101957c8eddffd3d18cb805507bed707b0e306d3b433:segment:004,4,10273.0,10054,activities/108_260801060832.csv,1,1,0,0
fit:80de1342a3e9944829ab101957c8eddffd3d18cb805507bed707b0e306d3b433,2026-08-01T06:59:46+00:00,2938,224,165,91,4.903,1091.4,23,fit:80de1342a3e9944829ab101957c8eddffd3d18cb805507bed707b0e306d3b433:segment:004,4,10274.0,10055,activities/108_260801060832.csv,1,1,0,0
fit:80de1342a3e9944829ab101957c8eddffd3d18cb805507bed707b0e306d3b433,2026-08-01T06:59:47+00:00,2939,184,165,91,4.9,1091.6,23,fit:80de1342a3e9944829ab101957c8eddffd3d18cb805507bed707b0e306d3b433:segment:004,4,10275.0,10056,activities/108_260801060832.csv,1,1,0,0
fit:80de1342a3e9944829ab101957c8eddffd3d18cb805507bed707b0e306d3b433,2026-08-01T06:59:48+00:00,2940,182,165,89,4.855,1092.0,23,fit:80de1342a3e9944829ab101957c8eddffd3d18cb805507bed707b0e306d3b433:segment:004,4,10276.0,10057,activities/108_260801060832.csv,1,1,0,0
fit:80de1342a3e9944829ab101957c8eddffd3d18cb805507bed707b0e306d3b433,2026-08-01T06:59:49+00:00,2941,169,165,88,4.826,1092.0,23,fit:80de1342a3e9944829ab101957c8eddffd3d18cb805507bed707b0e306d3b433:segment:004,4,10277.0,10058,activities/108_260801060832.csv,1,1,0,0
fit:80de1342a3e9944829ab101957c8eddffd3d18cb805507bed707b0e306d3b433,2026-08-01T06:59:50+00:00,2942,169,165,89,4.817,1092.0,23,fit:80de1342a3e9944829ab101957c8eddffd3d18cb805507bed707b0e306d3b433:segment:004,4,10278.0,10059,activities/108_260801060832.csv,1,1,0,0
fit:80de1342a3e9944829ab101957c8eddffd3d18cb805507bed707b0e306d3b433,2026-08-01T06:59:51+00:00,2943,178,165,89,4.902,1092.0,23,fit:80de1342a3e9944829ab101957c8eddffd3d18cb805507bed707b0e306d3b433:segment:004,4,10279.0,10060,activities/108_260801060832.csv,1,1,0,0
fit:80de1342a3e9944829ab101957c8eddffd3d18cb805507bed707b0e306d3b433,2026-08-01T06:59:52+00:00,2944,215,164,91,4.988,1092.0,23,fit:80de1342a3e9944829ab101957c8eddffd3d18cb805507bed707b0e306d3b433:segment:004,4,10280.0,10061,activities/108_260801060832.csv,1,1,0,0
fit:80de1342a3e9944829ab101957c8eddffd3d18cb805507bed707b0e306d3b433,2026-08-01T06:59:53+00:00,2945,178,164,93,5.063,1092.4,23,fit:80de1342a3e9944829ab101957c8eddffd3d18cb805507bed707b0e306d3b433:segment:004,4,10281.0,10062,activities/108_260801060832.csv,1,1,0,0
fit:80de1342a3e9944829ab101957c8eddffd3d18cb805507bed707b0e306d3b433,2026-08-01T06:59:54+00:00,2946,176,164,93,5.114,1093.4,23,fit:80de1342a3e9944829ab101957c8eddffd3d18cb805507bed707b0e306d3b433:segment:004,4,10282.0,10063,activities/108_260801060832.csv,1,1,0,0
fit:80de1342a3e9944829ab101957c8eddffd3d18cb805507bed707b0e306d3b433,2026-08-01T06:59:55+00:00,2947,176,164,91,5.158,1093.4,23,fit:80de1342a3e9944829ab101957c8eddffd3d18cb805507bed707b0e306d3b433:segment:004,4,10283.0,10064,activities/108_260801060832.csv,1,1,0,0
fit:80de1342a3e9944829ab101957c8eddffd3d18cb805507bed707b0e306d3b433,2026-08-01T06:59:56+00:00,2948,230,164,91,5.088,1093.4,23,fit:80de1342a3e9944829ab101957c8eddffd3d18cb805507bed707b0e306d3b433:segment:004,4,10284.0,10065,activities/108_260801060832.csv,1,1,0,0
fit:80de1342a3e9944829ab101957c8eddffd3d18cb805507bed707b0e306d3b433,2026-08-01T06:59:57+00:00,2949,224,164,89,5.049,1093.4,23,fit:80de1342a3e9944829ab101957c8eddffd3d18cb805507bed707b0e306d3b433:segment:004,4,10285.0,10066,activities/108_260801060832.csv,1,1,0,0
fit:80de1342a3e9944829ab101957c8eddffd3d18cb805507bed707b0e306d3b433,2026-08-01T06:59:58+00:00,2950,205,164,90,5.014,1093.4,23,fit:80de1342a3e9944829ab101957c8eddffd3d18cb805507bed707b0e306d3b433:segment:004,4,10286.0,10067,activities/108_260801060832.csv,1,1,0,0
fit:80de1342a3e9944829ab101957c8eddffd3d18cb805507bed707b0e306d3b433,2026-08-01T06:59:59+00:00,2951,171,164,89,5.02,1093.8,23,fit:80de1342a3e9944829ab101957c8eddffd3d18cb805507bed707b0e306d3b433:segment:004,4,10287.0,10068,activities/108_260801060832.csv,1,1,0,0
fit:80de1342a3e9944829ab101957c8eddffd3d18cb805507bed707b0e306d3b433,2026-08-01T07:00:00+00:00,2952,193,164,87,4.931,1094.0,23,fit:80de1342a3e9944829ab101957c8eddffd3d18cb805507bed707b0e306d3b433:segment:004,4,10288.0,10069,activities/108_260801060832.csv,1,1,0,0
fit:80de1342a3e9944829ab101957c8eddffd3d18cb805507bed707b0e306d3b433,2026-08-01T07:00:01+00:00,2953,231,164,88,4.865,1094.0,23,fit:80de1342a3e9944829ab101957c8eddffd3d18cb805507bed707b0e306d3b433:segment:004,4,10289.0,10070,activities/108_260801060832.csv,1,1,0,0
fit:80de1342a3e9944829ab101957c8eddffd3d18cb805507bed707b0e306d3b433,2026-08-01T07:00:02+00:00,2954,242,164,89,4.91,1094.0,23,fit:80de1342a3e9944829ab101957c8eddffd3d18cb805507bed707b0e306d3b433:segment:004,4,10290.0,10071,activities/108_260801060832.csv,1,1,0,0
fit:80de1342a3e9944829ab101957c8eddffd3d18cb805507bed707b0e306d3b433,2026-08-01T07:00:03+00:00,2955,242,164,90,4.949,1094.0,23,fit:80de1342a3e9944829ab101957c8eddffd3d18cb805507bed707b0e306d3b433:segment:004,4,10291.0,10072,activities/108_260801060832.csv,1,1,0,0
fit:80de1342a3e9944829ab101957c8eddffd3d18cb805507bed707b0e306d3b433,2026-08-01T07:00:04+00:00,2956,234,163,91,5.004,1094.2,23,fit:80de1342a3e9944829ab101957c8eddffd3d18cb805507bed707b0e306d3b433:segment:004,4,10292.0,10073,activities/108_260801060832.csv,1,1,0,0
fit:80de1342a3e9944829ab101957c8eddffd3d18cb805507bed707b0e306d3b433,2026-08-01T07:00:05+00:00,2957,259,163,91,5.003,1094.6,23,fit:80de1342a3e9944829ab101957c8eddffd3d18cb805507bed707b0e306d3b433:segment:004,4,10293.0,10074,activities/108_260801060832.csv,1,1,0,0
fit:80de1342a3e9944829ab101957c8eddffd3d18cb805507bed707b0e306d3b433,2026-08-01T07:00:06+00:00,2958,255,162,91,4.997,1095.0,23,fit:80de1342a3e9944829ab101957c8eddffd3d18cb805507bed707b0e306d3b433:segment:004,4,10294.0,10075,activities/108_260801060832.csv,1,1,0,0
fit:80de1342a3e9944829ab101957c8eddffd3d18cb805507bed707b0e306d3b433,2026-08-01T07:00:07+00:00,2959,172,161,92,5.059,1095.0,23,fit:80de1342a3e9944829ab101957c8eddffd3d18cb805507bed707b0e306d3b433:segment:004,4,10295.0,10076,activities/108_260801060832.csv,1,1,0,0
fit:80de1342a3e9944829ab101957c8eddffd3d18cb805507bed707b0e306d3b433,2026-08-01T07:00:08+00:00,2960,159,161,92,5.066,1095.0,23,fit:80de1342a3e9944829ab101957c8eddffd3d18cb805507bed707b0e306d3b433:segment:004,4,10296.0,10077,activities/108_260801060832.csv,1,1,0,0
fit:80de1342a3e9944829ab101957c8eddffd3d18cb805507bed707b0e306d3b433,2026-08-01T07:00:09+00:00,2961,124,160,90,5.045,1095.0,23,fit:80de1342a3e9944829ab101957c8eddffd3d18cb805507bed707b0e306d3b433:segment:004,4,10297.0,10078,activities/108_260801060832.csv,1,1,0,0
fit:80de1342a3e9944829ab101957c8eddffd3d18cb805507bed707b0e306d3b433,2026-08-01T07:00:10+00:00,2962,131,160,90,5.069,1095.2,23,fit:80de1342a3e9944829ab101957c8eddffd3d18cb805507bed707b0e306d3b433:segment:004,4,10298.0,10079,activities/108_260801060832.csv,1,1,0,0
fit:80de1342a3e9944829ab101957c8eddffd3d18cb805507bed707b0e306d3b433,2026-08-01T07:00:11+00:00,2963,111,160,88,4.954,1095.4,23,fit:80de1342a3e9944829ab101957c8eddffd3d18cb805507bed707b0e306d3b433:segment:004,4,10299.0,10080,activities/108_260801060832.csv,1,1,0,0
fit:80de1342a3e9944829ab101957c8eddffd3d18cb805507bed707b0e306d3b433,2026-08-01T07:00:12+00:00,2964,147,160,87,4.757,1095.6,23,fit:80de1342a3e9944829ab101957c8eddffd3d18cb805507bed707b0e306d3b433:segment:004,4,10300.0,10081,activities/108_260801060832.csv,1,1,0,0
fit:80de1342a3e9944829ab101957c8eddffd3d18cb805507bed707b0e306d3b433,2026-08-01T07:00:13+00:00,2965,147,160,85,4.624,1096.0,23,fit:80de1342a3e9944829ab101957c8eddffd3d18cb805507bed707b0e306d3b433:segment:004,4,10301.0,10082,activities/108_260801060832.csv,1,1,0,0
fit:80de1342a3e9944829ab101957c8eddffd3d18cb805507bed707b0e306d3b433,2026-08-01T07:00:14+00:00,2966,124,159,85,4.637,1096.2,23,fit:80de1342a3e9944829ab101957c8eddffd3d18cb805507bed707b0e306d3b433:segment:004,4,10302.0,10083,activities/108_260801060832.csv,1,1,0,0
fit:80de1342a3e9944829ab101957c8eddffd3d18cb805507bed707b0e306d3b433,2026-08-01T07:00:15+00:00,2967,124,158,84,4.687,1096.2,23,fit:80de1342a3e9944829ab101957c8eddffd3d18cb805507bed707b0e306d3b433:segment:004,4,10303.0,10084,activities/108_260801060832.csv,1,1,0,0
fit:80de1342a3e9944829ab101957c8eddffd3d18cb805507bed707b0e306d3b433,2026-08-01T07:00:16+00:00,2968,111,158,83,4.625,1096.2,23,fit:80de1342a3e9944829ab101957c8eddffd3d18cb805507bed707b0e306d3b433:segment:004,4,10304.0,10085,activities/108_260801060832.csv,1,1,0,0
fit:80de1342a3e9944829ab101957c8eddffd3d18cb805507bed707b0e306d3b433,2026-08-01T07:00:17+00:00,2969,99,157,81,4.49,1096.2,23,fit:80de1342a3e9944829ab101957c8eddffd3d18cb805507bed707b0e306d3b433:segment:004,4,10305.0,10086,activities/108_260801060832.csv,1,1,0,0
fit:80de1342a3e9944829ab101957c8eddffd3d18cb805507bed707b0e306d3b433,2026-08-01T07:00:18+00:00,2970,103,157,81,4.434,1096.2,23,fit:80de1342a3e9944829ab101957c8eddffd3d18cb805507bed707b0e306d3b433:segment:004,4,10306.0,10087,activities/108_260801060832.csv,1,1,0,0
fit:80de1342a3e9944829ab101957c8eddffd3d18cb805507bed707b0e306d3b433,2026-08-01T07:00:19+00:00,2971,93,157,80,4.377,1096.2,23,fit:80de1342a3e9944829ab101957c8eddffd3d18cb805507bed707b0e306d3b433:segment:004,4,10307.0,10088,activities/108_260801060832.csv,1,1,0,0
fit:80de1342a3e9944829ab101957c8eddffd3d18cb805507bed707b0e306d3b433,2026-08-01T07:00:20+00:00,2972,97,157,80,4.24,1096.8,23,fit:80de1342a3e9944829ab101957c8eddffd3d18cb805507bed707b0e306d3b433:segment:004,4,10308.0,10089,activities/108_260801060832.csv,1,1,0,0
fit:80de1342a3e9944829ab101957c8eddffd3d18cb805507bed707b0e306d3b433,2026-08-01T07:00:21+00:00,2973,137,157,80,4.215,1096.8,23,fit:80de1342a3e9944829ab101957c8eddffd3d18cb805507bed707b0e306d3b433:segment:004,4,10309.0,10090,activities/108_260801060832.csv,1,1,0,0
fit:80de1342a3e9944829ab101957c8eddffd3d18cb805507bed707b0e306d3b433,2026-08-01T07:00:22+00:00,2974,123,156,81,4.308,1096.8,23,fit:80de1342a3e9944829ab101957c8eddffd3d18cb805507bed707b0e306d3b433:segment:004,4,10310.0,10091,activities/108_260801060832.csv,1,1,0,0
fit:80de1342a3e9944829ab101957c8eddffd3d18cb805507bed707b0e306d3b433,2026-08-01T07:00:23+00:00,2975,104,156,82,4.487,1096.8,23,fit:80de1342a3e9944829ab101957c8eddffd3d18cb805507bed707b0e306d3b433:segment:004,4,10311.0,10092,activities/108_260801060832.csv,1,1,0,0
fit:80de1342a3e9944829ab101957c8eddffd3d18cb805507bed707b0e306d3b433,2026-08-01T07:00:24+00:00,2976,96,156,84,4.615,1096.8,23,fit:80de1342a3e9944829ab101957c8eddffd3d18cb805507bed707b0e306d3b433:segment:004,4,10312.0,10093,activities/108_260801060832.csv,1,1,0,0
fit:80de1342a3e9944829ab101957c8eddffd3d18cb805507bed707b0e306d3b433,2026-08-01T07:00:25+00:00,2977,89,155,86,4.573,1096.8,23,fit:80de1342a3e9944829ab101957c8eddffd3d18cb805507bed707b0e306d3b433:segment:004,4,10313.0,10094,activities/108_260801060832.csv,1,1,0,0
fit:80de1342a3e9944829ab101957c8eddffd3d18cb805507bed707b0e306d3b433,2026-08-01T07:00:26+00:00,2978,92,155,87,4.587,1097.0,23,fit:80de1342a3e9944829ab101957c8eddffd3d18cb805507bed707b0e306d3b433:segment:004,4,10314.0,10095,activities/108_260801060832.csv,1,1,0,0
fit:80de1342a3e9944829ab101957c8eddffd3d18cb805507bed707b0e306d3b433,2026-08-01T07:00:27+00:00,2979,87,154,88,4.766,1097.4,23,fit:80de1342a3e9944829ab101957c8eddffd3d18cb805507bed707b0e306d3b433:segment:004,4,10315.0,10096,activities/108_260801060832.csv,1,1,0,0
fit:80de1342a3e9944829ab101957c8eddffd3d18cb805507bed707b0e306d3b433,2026-08-01T07:00:28+00:00,2980,95,152,90,4.865,1097.4,23,fit:80de1342a3e9944829ab101957c8eddffd3d18cb805507bed707b0e306d3b433:segment:004,4,10316.0,10097,activities/108_260801060832.csv,1,1,0,0
fit:80de1342a3e9944829ab101957c8eddffd3d18cb805507bed707b0e306d3b433,2026-08-01T07:00:29+00:00,2981,86,151,90,4.887,1097.4,23,fit:80de1342a3e9944829ab101957c8eddffd3d18cb805507bed707b0e306d3b433:segment:004,4,10317.0,10098,activities/108_260801060832.csv,1,1,0,0
fit:80de1342a3e9944829ab101957c8eddffd3d18cb805507bed707b0e306d3b433,2026-08-01T07:00:30+00:00,2982,74,151,90,4.841,1097.0,23,fit:80de1342a3e9944829ab101957c8eddffd3d18cb805507bed707b0e306d3b433:segment:004,4,10318.0,10099,activities/108_260801060832.csv,1,1,0,0
fit:80de1342a3e9944829ab101957c8eddffd3d18cb805507bed707b0e306d3b433,2026-08-01T07:00:31+00:00,2983,74,149,89,4.903,1097.0,23,fit:80de1342a3e9944829ab101957c8eddffd3d18cb805507bed707b0e306d3b433:segment:004,4,10319.0,10100,activities/108_260801060832.csv,1,1,0,0
fit:80de1342a3e9944829ab101957c8eddffd3d18cb805507bed707b0e306d3b433,2026-08-01T07:00:32+00:00,2984,87,148,89,4.87,1097.0,23,fit:80de1342a3e9944829ab101957c8eddffd3d18cb805507bed707b0e306d3b433:segment:004,4,10320.0,10101,activities/108_260801060832.csv,1,1,0,0
fit:80de1342a3e9944829ab101957c8eddffd3d18cb805507bed707b0e306d3b433,2026-08-01T07:00:33+00:00,2985,95,147,89,4.861,1097.2,23,fit:80de1342a3e9944829ab101957c8eddffd3d18cb805507bed707b0e306d3b433:segment:004,4,10321.0,10102,activities/108_260801060832.csv,1,1,0,0
fit:80de1342a3e9944829ab101957c8eddffd3d18cb805507bed707b0e306d3b433,2026-08-01T07:00:34+00:00,2986,109,145,88,4.794,1097.2,23,fit:80de1342a3e9944829ab101957c8eddffd3d18cb805507bed707b0e306d3b433:segment:004,4,10322.0,10103,activities/108_260801060832.csv,1,1,0,0
fit:80de1342a3e9944829ab101957c8eddffd3d18cb805507bed707b0e306d3b433,2026-08-01T07:00:35+00:00,2987,34,145,83,4.732,1097.2,23,fit:80de1342a3e9944829ab101957c8eddffd3d18cb805507bed707b0e306d3b433:segment:004,4,10323.0,10104,activities/108_260801060832.csv,1,1,0,0
fit:80de1342a3e9944829ab101957c8eddffd3d18cb805507bed707b0e306d3b433,2026-08-01T07:00:36+00:00,2988,155,144,83,4.704,1097.2,23,fit:80de1342a3e9944829ab101957c8eddffd3d18cb805507bed707b0e306d3b433:segment:004,4,10324.0,10105,activities/108_260801060832.csv,1,1,0,0
fit:80de1342a3e9944829ab101957c8eddffd3d18cb805507bed707b0e306d3b433,2026-08-01T07:00:37+00:00,2989,170,144,79,4.716,1097.2,23,fit:80de1342a3e9944829ab101957c8eddffd3d18cb805507bed707b0e306d3b433:segment:004,4,10325.0,10106,activities/108_260801060832.csv,1,1,0,0
fit:80de1342a3e9944829ab101957c8eddffd3d18cb805507bed707b0e306d3b433,2026-08-01T07:00:38+00:00,2990,132,143,81,4.708,1097.2,23,fit:80de1342a3e9944829ab101957c8eddffd3d18cb805507bed707b0e306d3b433:segment:004,4,10326.0,10107,activities/108_260801060832.csv,1,1,0,0
fit:80de1342a3e9944829ab101957c8eddffd3d18cb805507bed707b0e306d3b433,2026-08-01T07:00:39+00:00,2991,48,143,81,4.754,1097.6,23,fit:80de1342a3e9944829ab101957c8eddffd3d18cb805507bed707b0e306d3b433:segment:004,4,10327.0,10108,activities/108_260801060832.csv,1,1,0,0
fit:80de1342a3e9944829ab101957c8eddffd3d18cb805507bed707b0e306d3b433,2026-08-01T07:00:40+00:00,2992,51,143,80,4.886,1097.6,23,fit:80de1342a3e9944829ab101957c8eddffd3d18cb805507bed707b0e306d3b433:segment:004,4,10328.0,10109,activities/108_260801060832.csv,1,1,0,0
fit:80de1342a3e9944829ab101957c8eddffd3d18cb805507bed707b0e306d3b433,2026-08-01T07:00:41+00:00,2993,94,143,79,4.756,1097.6,23,fit:80de1342a3e9944829ab101957c8eddffd3d18cb805507bed707b0e306d3b433:segment:004,4,10329.0,10110,activities/108_260801060832.csv,1,1,0,0
fit:80de1342a3e9944829ab101957c8eddffd3d18cb805507bed707b0e306d3b433,2026-08-01T07:00:42+00:00,2994,111,142,80,4.488,1097.6,23,fit:80de1342a3e9944829ab101957c8eddffd3d18cb805507bed707b0e306d3b433:segment:004,4,10330.0,10111,activities/108_260801060832.csv,1,1,0,0
fit:80de1342a3e9944829ab101957c8eddffd3d18cb805507bed707b0e306d3b433,2026-08-01T07:00:43+00:00,2995,81,142,81,4.589,1097.8,23,fit:80de1342a3e9944829ab101957c8eddffd3d18cb805507bed707b0e306d3b433:segment:004,4,10331.0,10112,activities/108_260801060832.csv,1,1,0,0
fit:80de1342a3e9944829ab101957c8eddffd3d18cb805507bed707b0e306d3b433,2026-08-01T07:00:44+00:00,2996,114,140,79,4.549,1098.0,23,fit:80de1342a3e9944829ab101957c8eddffd3d18cb805507bed707b0e306d3b433:segment:004,4,10332.0,10113,activities/108_260801060832.csv,1,1,0,0
fit:80de1342a3e9944829ab101957c8eddffd3d18cb805507bed707b0e306d3b433,2026-08-01T07:00:45+00:00,2997,100,140,80,4.722,1098.0,23,fit:80de1342a3e9944829ab101957c8eddffd3d18cb805507bed707b0e306d3b433:segment:004,4,10333.0,10114,activities/108_260801060832.csv,1,1,0,0
fit:80de1342a3e9944829ab101957c8eddffd3d18cb805507bed707b0e306d3b433,2026-08-01T07:00:46+00:00,2998,131,139,80,4.53,1098.0,23,fit:80de1342a3e9944829ab101957c8eddffd3d18cb805507bed707b0e306d3b433:segment:004,4,10334.0,10115,activities/108_260801060832.csv,1,1,0,0
fit:80de1342a3e9944829ab101957c8eddffd3d18cb805507bed707b0e306d3b433,2026-08-01T07:00:47+00:00,2999,145,138,80,4.604,1098.0,23,fit:80de1342a3e9944829ab101957c8eddffd3d18cb805507bed707b0e306d3b433:segment:004,4,10335.0,10116,activities/108_260801060832.csv,1,1,0,0
fit:80de1342a3e9944829ab101957c8eddffd3d18cb805507bed707b0e306d3b433,2026-08-01T07:00:48+00:00,3000,110,137,82,4.653,1098.0,23,fit:80de1342a3e9944829ab101957c8eddffd3d18cb805507bed707b0e306d3b433:segment:004,4,10336.0,10117,activities/108_260801060832.csv,1,1,0,0
fit:80de1342a3e9944829ab101957c8eddffd3d18cb805507bed707b0e306d3b433,2026-08-01T07:00:49+00:00,3001,140,137,81,4.74,1098.0,23,fit:80de1342a3e9944829ab101957c8eddffd3d18cb805507bed707b0e306d3b433:segment:004,4,10337.0,10118,activities/108_260801060832.csv,1,1,0,0
fit:80de1342a3e9944829ab101957c8eddffd3d18cb805507bed707b0e306d3b433,2026-08-01T07:00:50+00:00,3002,143,137,82,4.976,1098.0,23,fit:80de1342a3e9944829ab101957c8eddffd3d18cb805507bed707b0e306d3b433:segment:004,4,10338.0,10119,activities/108_260801060832.csv,1,1,0,0
fit:80de1342a3e9944829ab101957c8eddffd3d18cb805507bed707b0e306d3b433,2026-08-01T07:00:51+00:00,3003,112,137,81,4.934,1098.2,23,fit:80de1342a3e9944829ab101957c8eddffd3d18cb805507bed707b0e306d3b433:segment:004,4,10339.0,10120,activities/108_260801060832.csv,1,1,0,0
fit:80de1342a3e9944829ab101957c8eddffd3d18cb805507bed707b0e306d3b433,2026-08-01T07:00:52+00:00,3004,128,137,80,4.805,1098.2,23,fit:80de1342a3e9944829ab101957c8eddffd3d18cb805507bed707b0e306d3b433:segment:004,4,10340.0,10121,activities/108_260801060832.csv,1,1,0,0
fit:80de1342a3e9944829ab101957c8eddffd3d18cb805507bed707b0e306d3b433,2026-08-01T07:00:53+00:00,3005,128,139,80,4.78,1098.2,23,fit:80de1342a3e9944829ab101957c8eddffd3d18cb805507bed707b0e306d3b433:segment:004,4,10341.0,10122,activities/108_260801060832.csv,1,1,0,0
fit:80de1342a3e9944829ab101957c8eddffd3d18cb805507bed707b0e306d3b433,2026-08-01T07:00:54+00:00,3006,128,139,80,4.681,1098.2,23,fit:80de1342a3e9944829ab101957c8eddffd3d18cb805507bed707b0e306d3b433:segment:004,4,10342.0,10123,activities/108_260801060832.csv,1,1,0,0
fit:80de1342a3e9944829ab101957c8eddffd3d18cb805507bed707b0e306d3b433,2026-08-01T07:00:55+00:00,3007,128,140,80,4.52,1098.2,23,fit:80de1342a3e9944829ab101957c8eddffd3d18cb805507bed707b0e306d3b433:segment:004,4,10343.0,10124,activities/108_260801060832.csv,1,1,0,0
fit:80de1342a3e9944829ab101957c8eddffd3d18cb805507bed707b0e306d3b433,2026-08-01T07:00:56+00:00,3008,128,139,80,4.44,1098.2,23,fit:80de1342a3e9944829ab101957c8eddffd3d18cb805507bed707b0e306d3b433:segment:004,4,10344.0,10125,activities/108_260801060832.csv,1,1,0,0
fit:80de1342a3e9944829ab101957c8eddffd3d18cb805507bed707b0e306d3b433,2026-08-01T07:00:57+00:00,3009,0,139,78,4.314,1098.2,23,fit:80de1342a3e9944829ab101957c8eddffd3d18cb805507bed707b0e306d3b433:segment:004,4,10345.0,10126,activities/108_260801060832.csv,1,1,0,0
fit:80de1342a3e9944829ab101957c8eddffd3d18cb805507bed707b0e306d3b433,2026-08-01T07:00:58+00:00,3010,0,139,0,4.489,1098.2,23,fit:80de1342a3e9944829ab101957c8eddffd3d18cb805507bed707b0e306d3b433:segment:004,4,10346.0,10127,activities/108_260801060832.csv,1,1,0,0
fit:80de1342a3e9944829ab101957c8eddffd3d18cb805507bed707b0e306d3b433,2026-08-01T07:00:59+00:00,3011,0,138,0,4.605,1098.2,23,fit:80de1342a3e9944829ab101957c8eddffd3d18cb805507bed707b0e306d3b433:segment:004,4,10347.0,10128,activities/108_260801060832.csv,1,1,0,0
fit:80de1342a3e9944829ab101957c8eddffd3d18cb805507bed707b0e306d3b433,2026-08-01T07:01:00+00:00,3012,0,137,0,4.705,1098.2,23,fit:80de1342a3e9944829ab101957c8eddffd3d18cb805507bed707b0e306d3b433:segment:004,4,10348.0,10129,activities/108_260801060832.csv,1,1,0,0
fit:80de1342a3e9944829ab101957c8eddffd3d18cb805507bed707b0e306d3b433,2026-08-01T07:01:01+00:00,3013,0,136,0,4.83,1098.0,23,fit:80de1342a3e9944829ab101957c8eddffd3d18cb805507bed707b0e306d3b433:segment:004,4,10349.0,10130,activities/108_260801060832.csv,1,1,0,0
fit:80de1342a3e9944829ab101957c8eddffd3d18cb805507bed707b0e306d3b433,2026-08-01T07:01:02+00:00,3014,0,136,0,4.915,1097.6,23,fit:80de1342a3e9944829ab101957c8eddffd3d18cb805507bed707b0e306d3b433:segment:004,4,10350.0,10131,activities/108_260801060832.csv,1,1,0,0
fit:80de1342a3e9944829ab101957c8eddffd3d18cb805507bed707b0e306d3b433,2026-08-01T07:01:03+00:00,3015,0,135,0,4.971,1097.6,23,fit:80de1342a3e9944829ab101957c8eddffd3d18cb805507bed707b0e306d3b433:segment:004,4,10351.0,10132,activities/108_260801060832.csv,1,1,0,0
fit:80de1342a3e9944829ab101957c8eddffd3d18cb805507bed707b0e306d3b433,2026-08-01T07:01:04+00:00,3016,0,132,0,4.896,1097.6,23,fit:80de1342a3e9944829ab101957c8eddffd3d18cb805507bed707b0e306d3b433:segment:004,4,10352.0,10133,activities/108_260801060832.csv,1,1,0,0
fit:80de1342a3e9944829ab101957c8eddffd3d18cb805507bed707b0e306d3b433,2026-08-01T07:01:05+00:00,3017,0,130,0,4.425,1098.0,22,fit:80de1342a3e9944829ab101957c8eddffd3d18cb805507bed707b0e306d3b433:segment:004,4,10353.0,10134,activities/108_260801060832.csv,1,1,0,0
fit:80de1342a3e9944829ab101957c8eddffd3d18cb805507bed707b0e306d3b433,2026-08-01T07:01:06+00:00,3018,0,130,0,3.67,1098.0,22,fit:80de1342a3e9944829ab101957c8eddffd3d18cb805507bed707b0e306d3b433:segment:004,4,10354.0,10135,activities/108_260801060832.csv,1,1,0,0
fit:80de1342a3e9944829ab101957c8eddffd3d18cb805507bed707b0e306d3b433,2026-08-01T07:01:07+00:00,3019,0,127,0,3.021,1098.4,22,fit:80de1342a3e9944829ab101957c8eddffd3d18cb805507bed707b0e306d3b433:segment:004,4,10355.0,10136,activities/108_260801060832.csv,1,1,0,0
fit:80de1342a3e9944829ab101957c8eddffd3d18cb805507bed707b0e306d3b433,2026-08-01T07:01:08+00:00,3020,0,124,0,2.378,1098.4,22,fit:80de1342a3e9944829ab101957c8eddffd3d18cb805507bed707b0e306d3b433:segment:004,4,10356.0,10137,activities/108_260801060832.csv,1,1,0,0
fit:80de1342a3e9944829ab101957c8eddffd3d18cb805507bed707b0e306d3b433,2026-08-01T07:01:09+00:00,3021,0,124,0,2.092,1098.4,22,fit:80de1342a3e9944829ab101957c8eddffd3d18cb805507bed707b0e306d3b433:segment:004,4,10357.0,10138,activities/108_260801060832.csv,1,1,0,0
fit:80de1342a3e9944829ab101957c8eddffd3d18cb805507bed707b0e306d3b433,2026-08-01T07:01:10+00:00,3022,0,123,0,1.603,1098.0,22,fit:80de1342a3e9944829ab101957c8eddffd3d18cb805507bed707b0e306d3b433:segment:004,4,10358.0,10139,activities/108_260801060832.csv,1,1,0,0
fit:80de1342a3e9944829ab101957c8eddffd3d18cb805507bed707b0e306d3b433,2026-08-01T07:01:11+00:00,3023,0,122,0,0.0,1097.8,22,fit:80de1342a3e9944829ab101957c8eddffd3d18cb805507bed707b0e306d3b433:segment:004,4,10359.0,10140,activities/108_260801060832.csv,1,1,0,0
