activity_id,timestamp,elapsed_seconds,power_w,heart_rate_bpm,cadence_rpm,speed_m_s,altitude_m,temperature_c,segment_id,segment_number,source_elapsed_seconds,source_row_index,source_file,activity_split,segment_selected_from_activity,power_missing,hr_missing
fit:80de1342a3e9944829ab101957c8eddffd3d18cb805507bed707b0e306d3b433,2026-08-01T08:42:39+00:00,0,23,105,0,1.667,228.79999999999995,32,fit:80de1342a3e9944829ab101957c8eddffd3d18cb805507bed707b0e306d3b433:segment:011,11,16447.0,15342,activities/108_260801060832.csv,1,1,0,0
fit:80de1342a3e9944829ab101957c8eddffd3d18cb805507bed707b0e306d3b433,2026-08-01T08:42:40+00:00,1,103,106,0,1.82,228.79999999999995,32,fit:80de1342a3e9944829ab101957c8eddffd3d18cb805507bed707b0e306d3b433:segment:011,11,16448.0,15343,activities/108_260801060832.csv,1,1,0,0
fit:80de1342a3e9944829ab101957c8eddffd3d18cb805507bed707b0e306d3b433,2026-08-01T08:42:41+00:00,2,159,107,0,2.316,228.79999999999995,32,fit:80de1342a3e9944829ab101957c8eddffd3d18cb805507bed707b0e306d3b433:segment:011,11,16449.0,15344,activities/108_260801060832.csv,1,1,0,0
fit:80de1342a3e9944829ab101957c8eddffd3d18cb805507bed707b0e306d3b433,2026-08-01T08:42:42+00:00,3,154,108,33,2.737,229.39999999999998,32,fit:80de1342a3e9944829ab101957c8eddffd3d18cb805507bed707b0e306d3b433:segment:011,11,16450.0,15345,activities/108_260801060832.csv,1,1,0,0
fit:80de1342a3e9944829ab101957c8eddffd3d18cb805507bed707b0e306d3b433,2026-08-01T08:42:43+00:00,4,155,109,41,3.164,229.39999999999998,32,fit:80de1342a3e9944829ab101957c8eddffd3d18cb805507bed707b0e306d3b433:segment:011,11,16451.0,15346,activities/108_260801060832.csv,1,1,0,0
fit:80de1342a3e9944829ab101957c8eddffd3d18cb805507bed707b0e306d3b433,2026-08-01T08:42:44+00:00,5,136,110,41,3.73,229.39999999999998,32,fit:80de1342a3e9944829ab101957c8eddffd3d18cb805507bed707b0e306d3b433:segment:011,11,16452.0,15347,activities/108_260801060832.csv,1,1,0,0
fit:80de1342a3e9944829ab101957c8eddffd3d18cb805507bed707b0e306d3b433,2026-08-01T08:42:45+00:00,6,139,111,48,4.161,229.39999999999998,32,fit:80de1342a3e9944829ab101957c8eddffd3d18cb805507bed707b0e306d3b433:segment:011,11,16453.0,15348,activities/108_260801060832.csv,1,1,0,0
fit:80de1342a3e9944829ab101957c8eddffd3d18cb805507bed707b0e306d3b433,2026-08-01T08:42:46+00:00,7,174,112,54,4.534,229.39999999999998,32,fit:80de1342a3e9944829ab101957c8eddffd3d18cb805507bed707b0e306d3b433:segment:011,11,16454.0,15349,activities/108_260801060832.csv,1,1,0,0
fit:80de1342a3e9944829ab101957c8eddffd3d18cb805507bed707b0e306d3b433,2026-08-01T08:42:47+00:00,8,124,112,59,4.957,229.39999999999998,32,fit:80de1342a3e9944829ab101957c8eddffd3d18cb805507bed707b0e306d3b433:segment:011,11,16455.0,15350,activities/108_260801060832.csv,1,1,0,0
fit:80de1342a3e9944829ab101957c8eddffd3d18cb805507bed707b0e306d3b433,2026-08-01T08:42:48+00:00,9,111,113,63,5.351,228.39999999999998,32,fit:80de1342a3e9944829ab101957c8eddffd3d18cb805507bed707b0e306d3b433:segment:011,11,16456.0,15351,activities/108_260801060832.csv,1,1,0,0
fit:80de1342a3e9944829ab101957c8eddffd3d18cb805507bed707b0e306d3b433,2026-08-01T08:42:49+00:00,10,128,115,66,5.698,228.20000000000005,32,fit:80de1342a3e9944829ab101957c8eddffd3d18cb805507bed707b0e306d3b433:segment:011,11,16457.0,15352,activities/108_260801060832.csv,1,1,0,0
fit:80de1342a3e9944829ab101957c8eddffd3d18cb805507bed707b0e306d3b433,2026-08-01T08:42:50+00:00,11,129,116,71,5.949,228.20000000000005,32,fit:80de1342a3e9944829ab101957c8eddffd3d18cb805507bed707b0e306d3b433:segment:011,11,16458.0,15353,activities/108_260801060832.csv,1,1,0,0
fit:80de1342a3e9944829ab101957c8eddffd3d18cb805507bed707b0e306d3b433,2026-08-01T08:42:51+00:00,12,94,116,73,6.233,228.20000000000005,32,fit:80de1342a3e9944829ab101957c8eddffd3d18cb805507bed707b0e306d3b433:segment:011,11,16459.0,15354,activities/108_260801060832.csv,1,1,0,0
fit:80de1342a3e9944829ab101957c8eddffd3d18cb805507bed707b0e306d3b433,2026-08-01T08:42:52+00:00,13,91,117,75,6.443,228.20000000000005,32,fit:80de1342a3e9944829ab101957c8eddffd3d18cb805507bed707b0e306d3b433:segment:011,11,16460.0,15355,activities/108_260801060832.csv,1,1,0,0
fit:80de1342a3e9944829ab101957c8eddffd3d18cb805507bed707b0e306d3b433,2026-08-01T08:42:53+00:00,14,95,117,76,6.638,227.60000000000002,32,fit:80de1342a3e9944829ab101957c8eddffd3d18cb805507bed707b0e306d3b433:segment:011,11,16461.0,15356,activities/108_260801060832.csv,1,1,0,0
fit:80de1342a3e9944829ab101957c8eddffd3d18cb805507bed707b0e306d3b433,2026-08-01T08:42:54+00:00,15,109,118,79,6.819,227.60000000000002,32,fit:80de1342a3e9944829ab101957c8eddffd3d18cb805507bed707b0e306d3b433:segment:011,11,16462.0,15357,activities/108_260801060832.csv,1,1,0,0
fit:80de1342a3e9944829ab101957c8eddffd3d18cb805507bed707b0e306d3b433,2026-08-01T08:42:55+00:00,16,174,118,81,6.987,227.60000000000002,32,fit:80de1342a3e9944829ab101957c8eddffd3d18cb805507bed707b0e306d3b433:segment:011,11,16463.0,15358,activities/108_260801060832.csv,1,1,0,0
fit:80de1342a3e9944829ab101957c8eddffd3d18cb805507bed707b0e306d3b433,2026-08-01T08:42:56+00:00,17,197,119,81,7.101,227.60000000000002,32,fit:80de1342a3e9944829ab101957c8eddffd3d18cb805507bed707b0e306d3b433:segment:011,11,16464.0,15359,activities/108_260801060832.csv,1,1,0,0
fit:80de1342a3e9944829ab101957c8eddffd3d18cb805507bed707b0e306d3b433,2026-08-01T08:42:57+00:00,18,156,119,76,7.277,227.60000000000002,32,fit:80de1342a3e9944829ab101957c8eddffd3d18cb805507bed707b0e306d3b433:segment:011,11,16465.0,15360,activities/108_260801060832.csv,1,1,0,0
fit:80de1342a3e9944829ab101957c8eddffd3d18cb805507bed707b0e306d3b433,2026-08-01T08:42:58+00:00,19,168,119,78,7.475,227.60000000000002,32,fit:80de1342a3e9944829ab101957c8eddffd3d18cb805507bed707b0e306d3b433:segment:011,11,16466.0,15361,activities/108_260801060832.csv,1,1,0,0
fit:80de1342a3e9944829ab101957c8eddffd3d18cb805507bed707b0e306d3b433,2026-08-01T08:42:59+00:00,20,108,119,79,7.679,227.60000000000002,32,fit:80de1342a3e9944829ab101957c8eddffd3d18cb805507bed707b0e306d3b433:segment:011,11,16467.0,15362,activities/108_260801060832.csv,1,1,0,0
fit:80de1342a3e9944829ab101957c8eddffd3d18cb805507bed707b0e306d3b433,2026-08-01T08:43:00+00:00,21,140,120,81,7.833,227.60000000000002,32,fit:80de1342a3e9944829ab101957c8eddffd3d18cb805507bed707b0e306d3b433:segment:011,11,16468.0,15363,activities/108_260801060832.csv,1,1,0,0
fit:80de1342a3e9944829ab101957c8eddffd3d18cb805507bed707b0e306d3b433,2026-08-01T08:43:01+00:00,22,105,121,82,8.026,227.60000000000002,32,fit:80de1342a3e9944829ab101957c8eddffd3d18cb805507bed707b0e306d3b433:segment:011,11,16469.0,15364,activities/108_260801060832.csv,1,1,0,0
fit:80de1342a3e9944829ab101957c8eddffd3d18cb805507bed707b0e306d3b433,2026-08-01T08:43:02+00:00,23,105,122,83,8.167,227.60000000000002,32,fit:80de1342a3e9944829ab101957c8eddffd3d18cb805507bed707b0e306d3b433:segment:011,11,16470.0,15365,activities/108_260801060832.csv,1,1,0,0
fit:80de1342a3e9944829ab101957c8eddffd3d18cb805507bed707b0e306d3b433,2026-08-01T08:43:03+00:00,24,105,124,83,8.187,226.79999999999995,32,fit:80de1342a3e9944829ab101957c8eddffd3d18cb805507bed707b0e306d3b433:segment:011,11,16471.0,15366,activities/108_260801060832.csv,1,1,0,0
fit:80de1342a3e9944829ab101957c8eddffd3d18cb805507bed707b0e306d3b433,2026-08-01T08:43:04+00:00,25,105,124,83,8.209,226.79999999999995,32,fit:80de1342a3e9944829ab101957c8eddffd3d18cb805507bed707b0e306d3b433:segment:011,11,16472.0,15367,activities/108_260801060832.csv,1,1,0,0
fit:80de1342a3e9944829ab101957c8eddffd3d18cb805507bed707b0e306d3b433,2026-08-01T08:43:05+00:00,26,105,125,83,8.253,226.79999999999995,32,fit:80de1342a3e9944829ab101957c8eddffd3d18cb805507bed707b0e306d3b433:segment:011,11,16473.0,15368,activities/108_260801060832.csv,1,1,0,0
fit:80de1342a3e9944829ab101957c8eddffd3d18cb805507bed707b0e306d3b433,2026-08-01T08:43:06+00:00,27,5,127,83,8.231,226.79999999999995,32,fit:80de1342a3e9944829ab101957c8eddffd3d18cb805507bed707b0e306d3b433:segment:011,11,16474.0,15369,activities/108_260801060832.csv,1,1,0,0
fit:80de1342a3e9944829ab101957c8eddffd3d18cb805507bed707b0e306d3b433,2026-08-01T08:43:07+00:00,28,205,127,0,8.344,226.79999999999995,32,fit:80de1342a3e9944829ab101957c8eddffd3d18cb805507bed707b0e306d3b433:segment:011,11,16475.0,15370,activities/108_260801060832.csv,1,1,0,0
fit:80de1342a3e9944829ab101957c8eddffd3d18cb805507bed707b0e306d3b433,2026-08-01T08:43:08+00:00,29,195,128,86,8.412,226.79999999999995,32,fit:80de1342a3e9944829ab101957c8eddffd3d18cb805507bed707b0e306d3b433:segment:011,11,16476.0,15371,activities/108_260801060832.csv,1,1,0,0
fit:80de1342a3e9944829ab101957c8eddffd3d18cb805507bed707b0e306d3b433,2026-08-01T08:43:09+00:00,30,208,130,87,8.506,226.79999999999995,32,fit:80de1342a3e9944829ab101957c8eddffd3d18cb805507bed707b0e306d3b433:segment:011,11,16477.0,15372,activities/108_260801060832.csv,1,1,0,0
fit:80de1342a3e9944829ab101957c8eddffd3d18cb805507bed707b0e306d3b433,2026-08-01T08:43:10+00:00,31,210,132,90,8.673,226.79999999999995,32,fit:80de1342a3e9944829ab101957c8eddffd3d18cb805507bed707b0e306d3b433:segment:011,11,16478.0,15373,activities/108_260801060832.csv,1,1,0,0
fit:80de1342a3e9944829ab101957c8eddffd3d18cb805507bed707b0e306d3b433,2026-08-01T08:43:11+00:00,32,208,132,92,8.853,227.39999999999998,32,fit:80de1342a3e9944829ab101957c8eddffd3d18cb805507bed707b0e306d3b433:segment:011,11,16479.0,15374,activities/108_260801060832.csv,1,1,0,0
fit:80de1342a3e9944829ab101957c8eddffd3d18cb805507bed707b0e306d3b433,2026-08-01T08:43:12+00:00,33,213,133,92,9.099,227.39999999999998,32,fit:80de1342a3e9944829ab101957c8eddffd3d18cb805507bed707b0e306d3b433:segment:011,11,16480.0,15375,activities/108_260801060832.csv,1,1,0,0
fit:80de1342a3e9944829ab101957c8eddffd3d18cb805507bed707b0e306d3b433,2026-08-01T08:43:13+00:00,34,192,134,95,9.44,227.39999999999998,32,fit:80de1342a3e9944829ab101957c8eddffd3d18cb805507bed707b0e306d3b433:segment:011,11,16481.0,15376,activities/108_260801060832.csv,1,1,0,0
fit:80de1342a3e9944829ab101957c8eddffd3d18cb805507bed707b0e306d3b433,2026-08-01T08:43:14+00:00,35,193,135,96,9.586,227.39999999999998,32,fit:80de1342a3e9944829ab101957c8eddffd3d18cb805507bed707b0e306d3b433:segment:011,11,16482.0,15377,activities/108_260801060832.csv,1,1,0,0
fit:80de1342a3e9944829ab101957c8eddffd3d18cb805507bed707b0e306d3b433,2026-08-01T08:43:15+00:00,36,169,135,97,9.61,227.39999999999998,32,fit:80de1342a3e9944829ab101957c8eddffd3d18cb805507bed707b0e306d3b433:segment:011,11,16483.0,15378,activities/108_260801060832.csv,1,1,0,0
fit:80de1342a3e9944829ab101957c8eddffd3d18cb805507bed707b0e306d3b433,2026-08-01T08:43:16+00:00,37,262,135,97,9.638,226.60000000000002,32,fit:80de1342a3e9944829ab101957c8eddffd3d18cb805507bed707b0e306d3b433:segment:011,11,16484.0,15379,activities/108_260801060832.csv,1,1,0,0
fit:80de1342a3e9944829ab101957c8eddffd3d18cb805507bed707b0e306d3b433,2026-08-01T08:43:17+00:00,38,208,136,99,9.899,226.0,32,fit:80de1342a3e9944829ab101957c8eddffd3d18cb805507bed707b0e306d3b433:segment:011,11,16485.0,15380,activities/108_260801060832.csv,1,1,0,0
fit:80de1342a3e9944829ab101957c8eddffd3d18cb805507bed707b0e306d3b433,2026-08-01T08:43:18+00:00,39,208,136,102,9.946,226.0,32,fit:80de1342a3e9944829ab101957c8eddffd3d18cb805507bed707b0e306d3b433:segment:011,11,16486.0,15381,activities/108_260801060832.csv,1,1,0,0
fit:80de1342a3e9944829ab101957c8eddffd3d18cb805507bed707b0e306d3b433,2026-08-01T08:43:19+00:00,40,153,136,104,10.09,226.0,32,fit:80de1342a3e9944829ab101957c8eddffd3d18cb805507bed707b0e306d3b433:segment:011,11,16487.0,15382,activities/108_260801060832.csv,1,1,0,0
fit:80de1342a3e9944829ab101957c8eddffd3d18cb805507bed707b0e306d3b433,2026-08-01T08:43:20+00:00,41,143,137,105,10.186,226.79999999999995,32,fit:80de1342a3e9944829ab101957c8eddffd3d18cb805507bed707b0e306d3b433:segment:011,11,16488.0,15383,activities/108_260801060832.csv,1,1,0,0
fit:80de1342a3e9944829ab101957c8eddffd3d18cb805507bed707b0e306d3b433,2026-08-01T08:43:21+00:00,42,148,138,105,10.347,226.79999999999995,32,fit:80de1342a3e9944829ab101957c8eddffd3d18cb805507bed707b0e306d3b433:segment:011,11,16489.0,15384,activities/108_260801060832.csv,1,1,0,0
fit:80de1342a3e9944829ab101957c8eddffd3d18cb805507bed707b0e306d3b433,2026-08-01T08:43:22+00:00,43,160,138,107,10.441,226.79999999999995,32,fit:80de1342a3e9944829ab101957c8eddffd3d18cb805507bed707b0e306d3b433:segment:011,11,16490.0,15385,activities/108_260801060832.csv,1,1,0,0
fit:80de1342a3e9944829ab101957c8eddffd3d18cb805507bed707b0e306d3b433,2026-08-01T08:43:23+00:00,44,170,139,97,10.563,226.79999999999995,32,fit:80de1342a3e9944829ab101957c8eddffd3d18cb805507bed707b0e306d3b433:segment:011,11,16491.0,15386,activities/108_260801060832.csv,1,1,0,0
fit:80de1342a3e9944829ab101957c8eddffd3d18cb805507bed707b0e306d3b433,2026-08-01T08:43:24+00:00,45,160,140,98,10.759,226.60000000000002,32,fit:80de1342a3e9944829ab101957c8eddffd3d18cb805507bed707b0e306d3b433:segment:011,11,16492.0,15387,activities/108_260801060832.csv,1,1,0,0
fit:80de1342a3e9944829ab101957c8eddffd3d18cb805507bed707b0e306d3b433,2026-08-01T08:43:25+00:00,46,176,141,100,10.899,225.60000000000002,32,fit:80de1342a3e9944829ab101957c8eddffd3d18cb805507bed707b0e306d3b433:segment:011,11,16493.0,15388,activities/108_260801060832.csv,1,1,0,0
fit:80de1342a3e9944829ab101957c8eddffd3d18cb805507bed707b0e306d3b433,2026-08-01T08:43:26+00:00,47,192,142,102,10.992,225.39999999999998,32,fit:80de1342a3e9944829ab101957c8eddffd3d18cb805507bed707b0e306d3b433:segment:011,11,16494.0,15389,activities/108_260801060832.csv,1,1,0,0
fit:80de1342a3e9944829ab101957c8eddffd3d18cb805507bed707b0e306d3b433,2026-08-01T08:43:27+00:00,48,194,142,102,11.148,225.39999999999998,32,fit:80de1342a3e9944829ab101957c8eddffd3d18cb805507bed707b0e306d3b433:segment:011,11,16495.0,15390,activities/108_260801060832.csv,1,1,0,0
fit:80de1342a3e9944829ab101957c8eddffd3d18cb805507bed707b0e306d3b433,2026-08-01T08:43:28+00:00,49,147,143,105,11.254,225.39999999999998,32,fit:80de1342a3e9944829ab101957c8eddffd3d18cb805507bed707b0e306d3b433:segment:011,11,16496.0,15391,activities/108_260801060832.csv,1,1,0,0
fit:80de1342a3e9944829ab101957c8eddffd3d18cb805507bed707b0e306d3b433,2026-08-01T08:43:29+00:00,50,155,144,106,11.503,225.39999999999998,32,fit:80de1342a3e9944829ab101957c8eddffd3d18cb805507bed707b0e306d3b433:segment:011,11,16497.0,15392,activities/108_260801060832.csv,1,1,0,0
fit:80de1342a3e9944829ab101957c8eddffd3d18cb805507bed707b0e306d3b433,2026-08-01T08:43:30+00:00,51,161,145,106,11.558,224.79999999999995,32,fit:80de1342a3e9944829ab101957c8eddffd3d18cb805507bed707b0e306d3b433:segment:011,11,16498.0,15393,activities/108_260801060832.csv,1,1,0,0
fit:80de1342a3e9944829ab101957c8eddffd3d18cb805507bed707b0e306d3b433,2026-08-01T08:43:31+00:00,52,181,145,106,11.645,224.39999999999998,32,fit:80de1342a3e9944829ab101957c8eddffd3d18cb805507bed707b0e306d3b433:segment:011,11,16499.0,15394,activities/108_260801060832.csv,1,1,0,0
fit:80de1342a3e9944829ab101957c8eddffd3d18cb805507bed707b0e306d3b433,2026-08-01T08:43:32+00:00,53,165,146,107,11.751,224.0,32,fit:80de1342a3e9944829ab101957c8eddffd3d18cb805507bed707b0e306d3b433:segment:011,11,16500.0,15395,activities/108_260801060832.csv,1,1,0,0
fit:80de1342a3e9944829ab101957c8eddffd3d18cb805507bed707b0e306d3b433,2026-08-01T08:43:33+00:00,54,162,146,108,11.799,224.0,32,fit:80de1342a3e9944829ab101957c8eddffd3d18cb805507bed707b0e306d3b433:segment:011,11,16501.0,15396,activities/108_260801060832.csv,1,1,0,0
fit:80de1342a3e9944829ab101957c8eddffd3d18cb805507bed707b0e306d3b433,2026-08-01T08:43:34+00:00,55,130,147,109,11.997,224.0,32,fit:80de1342a3e9944829ab101957c8eddffd3d18cb805507bed707b0e306d3b433:segment:011,11,16502.0,15397,activities/108_260801060832.csv,1,1,0,0
fit:80de1342a3e9944829ab101957c8eddffd3d18cb805507bed707b0e306d3b433,2026-08-01T08:43:35+00:00,56,160,148,109,11.989,224.0,32,fit:80de1342a3e9944829ab101957c8eddffd3d18cb805507bed707b0e306d3b433:segment:011,11,16503.0,15398,activities/108_260801060832.csv,1,1,0,0
fit:80de1342a3e9944829ab101957c8eddffd3d18cb805507bed707b0e306d3b433,2026-08-01T08:43:36+00:00,57,162,149,109,11.984,224.0,32,fit:80de1342a3e9944829ab101957c8eddffd3d18cb805507bed707b0e306d3b433:segment:011,11,16504.0,15399,activities/108_260801060832.csv,1,1,0,0
fit:80de1342a3e9944829ab101957c8eddffd3d18cb805507bed707b0e306d3b433,2026-08-01T08:43:37+00:00,58,174,150,110,12.176,224.0,32,fit:80de1342a3e9944829ab101957c8eddffd3d18cb805507bed707b0e306d3b433:segment:011,11,16505.0,15400,activities/108_260801060832.csv,1,1,0,0
fit:80de1342a3e9944829ab101957c8eddffd3d18cb805507bed707b0e306d3b433,2026-08-01T08:43:38+00:00,59,140,150,110,12.226,223.0,32,fit:80de1342a3e9944829ab101957c8eddffd3d18cb805507bed707b0e306d3b433:segment:011,11,16506.0,15401,activities/108_260801060832.csv,1,1,0,0
fit:80de1342a3e9944829ab101957c8eddffd3d18cb805507bed707b0e306d3b433,2026-08-01T08:43:39+00:00,60,237,150,103,12.243,223.0,32,fit:80de1342a3e9944829ab101957c8eddffd3d18cb805507bed707b0e306d3b433:segment:011,11,16507.0,15402,activities/108_260801060832.csv,1,1,0,0
fit:80de1342a3e9944829ab101957c8eddffd3d18cb805507bed707b0e306d3b433,2026-08-01T08:43:40+00:00,61,143,151,99,12.276,223.0,32,fit:80de1342a3e9944829ab101957c8eddffd3d18cb805507bed707b0e306d3b433:segment:011,11,16508.0,15403,activities/108_260801060832.csv,1,1,0,0
fit:80de1342a3e9944829ab101957c8eddffd3d18cb805507bed707b0e306d3b433,2026-08-01T08:43:41+00:00,62,156,151,99,12.356,223.0,32,fit:80de1342a3e9944829ab101957c8eddffd3d18cb805507bed707b0e306d3b433:segment:011,11,16509.0,15404,activities/108_260801060832.csv,1,1,0,0
fit:80de1342a3e9944829ab101957c8eddffd3d18cb805507bed707b0e306d3b433,2026-08-01T08:43:42+00:00,63,149,152,99,12.364,222.60000000000002,32,fit:80de1342a3e9944829ab101957c8eddffd3d18cb805507bed707b0e306d3b433:segment:011,11,16510.0,15405,activities/108_260801060832.csv,1,1,0,0
fit:80de1342a3e9944829ab101957c8eddffd3d18cb805507bed707b0e306d3b433,2026-08-01T08:43:43+00:00,64,137,152,99,12.368,222.60000000000002,32,fit:80de1342a3e9944829ab101957c8eddffd3d18cb805507bed707b0e306d3b433:segment:011,11,16511.0,15406,activities/108_260801060832.csv,1,1,0,0
fit:80de1342a3e9944829ab101957c8eddffd3d18cb805507bed707b0e306d3b433,2026-08-01T08:43:44+00:00,65,138,152,99,12.455,222.60000000000002,32,fit:80de1342a3e9944829ab101957c8eddffd3d18cb805507bed707b0e306d3b433:segment:011,11,16512.0,15407,activities/108_260801060832.csv,1,1,0,0
fit:80de1342a3e9944829ab101957c8eddffd3d18cb805507bed707b0e306d3b433,2026-08-01T08:43:45+00:00,66,143,152,98,12.431,222.60000000000002,32,fit:80de1342a3e9944829ab101957c8eddffd3d18cb805507bed707b0e306d3b433:segment:011,11,16513.0,15408,activities/108_260801060832.csv,1,1,0,0
fit:80de1342a3e9944829ab101957c8eddffd3d18cb805507bed707b0e306d3b433,2026-08-01T08:43:46+00:00,67,218,152,98,12.279,221.79999999999995,32,fit:80de1342a3e9944829ab101957c8eddffd3d18cb805507bed707b0e306d3b433:segment:011,11,16514.0,15409,activities/108_260801060832.csv,1,1,0,0
fit:80de1342a3e9944829ab101957c8eddffd3d18cb805507bed707b0e306d3b433,2026-08-01T08:43:47+00:00,68,236,151,98,12.306,221.79999999999995,32,fit:80de1342a3e9944829ab101957c8eddffd3d18cb805507bed707b0e306d3b433:segment:011,11,16515.0,15410,activities/108_260801060832.csv,1,1,0,0
fit:80de1342a3e9944829ab101957c8eddffd3d18cb805507bed707b0e306d3b433,2026-08-01T08:43:48+00:00,69,188,151,99,12.275,221.79999999999995,32,fit:80de1342a3e9944829ab101957c8eddffd3d18cb805507bed707b0e306d3b433:segment:011,11,16516.0,15411,activities/108_260801060832.csv,1,1,0,0
fit:80de1342a3e9944829ab101957c8eddffd3d18cb805507bed707b0e306d3b433,2026-08-01T08:43:49+00:00,70,183,151,99,12.345,222.79999999999995,32,fit:80de1342a3e9944829ab101957c8eddffd3d18cb805507bed707b0e306d3b433:segment:011,11,16517.0,15412,activities/108_260801060832.csv,1,1,0,0
fit:80de1342a3e9944829ab101957c8eddffd3d18cb805507bed707b0e306d3b433,2026-08-01T08:43:50+00:00,71,196,151,100,12.514,222.79999999999995,32,fit:80de1342a3e9944829ab101957c8eddffd3d18cb805507bed707b0e306d3b433:segment:011,11,16518.0,15413,activities/108_260801060832.csv,1,1,0,0
fit:80de1342a3e9944829ab101957c8eddffd3d18cb805507bed707b0e306d3b433,2026-08-01T08:43:51+00:00,72,200,151,101,12.664,222.79999999999995,32,fit:80de1342a3e9944829ab101957c8eddffd3d18cb805507bed707b0e306d3b433:segment:011,11,16519.0,15414,activities/108_260801060832.csv,1,1,0,0
fit:80de1342a3e9944829ab101957c8eddffd3d18cb805507bed707b0e306d3b433,2026-08-01T08:43:52+00:00,73,201,151,101,12.71,222.79999999999995,32,fit:80de1342a3e9944829ab101957c8eddffd3d18cb805507bed707b0e306d3b433:segment:011,11,16520.0,15415,activities/108_260801060832.csv,1,1,0,0
fit:80de1342a3e9944829ab101957c8eddffd3d18cb805507bed707b0e306d3b433,2026-08-01T08:43:53+00:00,74,187,152,102,12.829,222.79999999999995,32,fit:80de1342a3e9944829ab101957c8eddffd3d18cb805507bed707b0e306d3b433:segment:011,11,16521.0,15416,activities/108_260801060832.csv,1,1,0,0
fit:80de1342a3e9944829ab101957c8eddffd3d18cb805507bed707b0e306d3b433,2026-08-01T08:43:54+00:00,75,197,152,102,12.777,222.79999999999995,32,fit:80de1342a3e9944829ab101957c8eddffd3d18cb805507bed707b0e306d3b433:segment:011,11,16522.0,15417,activities/108_260801060832.csv,1,1,0,0
fit:80de1342a3e9944829ab101957c8eddffd3d18cb805507bed707b0e306d3b433,2026-08-01T08:43:55+00:00,76,197,153,102,12.878,222.79999999999995,32,fit:80de1342a3e9944829ab101957c8eddffd3d18cb805507bed707b0e306d3b433:segment:011,11,16523.0,15418,activities/108_260801060832.csv,1,1,0,0
fit:80de1342a3e9944829ab101957c8eddffd3d18cb805507bed707b0e306d3b433,2026-08-01T08:43:56+00:00,77,174,153,102,12.862,222.79999999999995,32,fit:80de1342a3e9944829ab101957c8eddffd3d18cb805507bed707b0e306d3b433:segment:011,11,16524.0,15419,activities/108_260801060832.csv,1,1,0,0
fit:80de1342a3e9944829ab101957c8eddffd3d18cb805507bed707b0e306d3b433,2026-08-01T08:43:57+00:00,78,158,154,102,12.881,221.79999999999995,32,fit:80de1342a3e9944829ab101957c8eddffd3d18cb805507bed707b0e306d3b433:segment:011,11,16525.0,15420,activities/108_260801060832.csv,1,1,0,0
fit:80de1342a3e9944829ab101957c8eddffd3d18cb805507bed707b0e306d3b433,2026-08-01T08:43:58+00:00,79,149,154,102,12.901,221.39999999999998,32,fit:80de1342a3e9944829ab101957c8eddffd3d18cb805507bed707b0e306d3b433:segment:011,11,16526.0,15421,activities/108_260801060832.csv,1,1,0,0
fit:80de1342a3e9944829ab101957c8eddffd3d18cb805507bed707b0e306d3b433,2026-08-01T08:43:59+00:00,80,145,154,102,12.847,221.39999999999998,32,fit:80de1342a3e9944829ab101957c8eddffd3d18cb805507bed707b0e306d3b433:segment:011,11,16527.0,15422,activities/108_260801060832.csv,1,1,0,0
fit:80de1342a3e9944829ab101957c8eddffd3d18cb805507bed707b0e306d3b433,2026-08-01T08:44:00+00:00,81,158,154,102,12.903,221.39999999999998,32,fit:80de1342a3e9944829ab101957c8eddffd3d18cb805507bed707b0e306d3b433:segment:011,11,16528.0,15423,activities/108_260801060832.csv,1,1,0,0
fit:80de1342a3e9944829ab101957c8eddffd3d18cb805507bed707b0e306d3b433,2026-08-01T08:44:01+00:00,82,182,154,102,12.78,221.39999999999998,32,fit:80de1342a3e9944829ab101957c8eddffd3d18cb805507bed707b0e306d3b433:segment:011,11,16529.0,15424,activities/108_260801060832.csv,1,1,0,0
fit:80de1342a3e9944829ab101957c8eddffd3d18cb805507bed707b0e306d3b433,2026-08-01T08:44:02+00:00,83,164,155,102,12.832,221.0,32,fit:80de1342a3e9944829ab101957c8eddffd3d18cb805507bed707b0e306d3b433:segment:011,11,16530.0,15425,activities/108_260801060832.csv,1,1,0,0
fit:80de1342a3e9944829ab101957c8eddffd3d18cb805507bed707b0e306d3b433,2026-08-01T08:44:03+00:00,84,163,155,101,12.748,220.39999999999998,32,fit:80de1342a3e9944829ab101957c8eddffd3d18cb805507bed707b0e306d3b433:segment:011,11,16531.0,15426,activities/108_260801060832.csv,1,1,0,0
fit:80de1342a3e9944829ab101957c8eddffd3d18cb805507bed707b0e306d3b433,2026-08-01T08:44:04+00:00,85,162,156,101,12.692,220.39999999999998,32,fit:80de1342a3e9944829ab101957c8eddffd3d18cb805507bed707b0e306d3b433:segment:011,11,16532.0,15427,activities/108_260801060832.csv,1,1,0,0
fit:80de1342a3e9944829ab101957c8eddffd3d18cb805507bed707b0e306d3b433,2026-08-01T08:44:05+00:00,86,150,156,100,12.765,220.39999999999998,32,fit:80de1342a3e9944829ab101957c8eddffd3d18cb805507bed707b0e306d3b433:segment:011,11,16533.0,15428,activities/108_260801060832.csv,1,1,0,0
fit:80de1342a3e9944829ab101957c8eddffd3d18cb805507bed707b0e306d3b433,2026-08-01T08:44:06+00:00,87,150,156,100,12.646,220.39999999999998,32,fit:80de1342a3e9944829ab101957c8eddffd3d18cb805507bed707b0e306d3b433:segment:011,11,16534.0,15429,activities/108_260801060832.csv,1,1,0,0
fit:80de1342a3e9944829ab101957c8eddffd3d18cb805507bed707b0e306d3b433,2026-08-01T08:44:07+00:00,88,180,156,99,12.601,220.39999999999998,32,fit:80de1342a3e9944829ab101957c8eddffd3d18cb805507bed707b0e306d3b433:segment:011,11,16535.0,15430,activities/108_260801060832.csv,1,1,0,0
fit:80de1342a3e9944829ab101957c8eddffd3d18cb805507bed707b0e306d3b433,2026-08-01T08:44:08+00:00,89,190,156,99,12.602,220.39999999999998,32,fit:80de1342a3e9944829ab101957c8eddffd3d18cb805507bed707b0e306d3b433:segment:011,11,16536.0,15431,activities/108_260801060832.csv,1,1,0,0
fit:80de1342a3e9944829ab101957c8eddffd3d18cb805507bed707b0e306d3b433,2026-08-01T08:44:09+00:00,90,178,156,99,12.488,220.39999999999998,32,fit:80de1342a3e9944829ab101957c8eddffd3d18cb805507bed707b0e306d3b433:segment:011,11,16537.0,15432,activities/108_260801060832.csv,1,1,0,0
fit:80de1342a3e9944829ab101957c8eddffd3d18cb805507bed707b0e306d3b433,2026-08-01T08:44:10+00:00,91,178,156,99,12.505,220.39999999999998,32,fit:80de1342a3e9944829ab101957c8eddffd3d18cb805507bed707b0e306d3b433:segment:011,11,16538.0,15433,activities/108_260801060832.csv,1,1,0,0
fit:80de1342a3e9944829ab101957c8eddffd3d18cb805507bed707b0e306d3b433,2026-08-01T08:44:11+00:00,92,194,156,98,12.474,220.39999999999998,32,fit:80de1342a3e9944829ab101957c8eddffd3d18cb805507bed707b0e306d3b433:segment:011,11,16539.0,15434,activities/108_260801060832.csv,1,1,0,0
fit:80de1342a3e9944829ab101957c8eddffd3d18cb805507bed707b0e306d3b433,2026-08-01T08:44:12+00:00,93,172,156,98,12.365,220.39999999999998,32,fit:80de1342a3e9944829ab101957c8eddffd3d18cb805507bed707b0e306d3b433:segment:011,11,16540.0,15435,activities/108_260801060832.csv,1,1,0,0
fit:80de1342a3e9944829ab101957c8eddffd3d18cb805507bed707b0e306d3b433,2026-08-01T08:44:13+00:00,94,172,156,97,12.262,220.39999999999998,32,fit:80de1342a3e9944829ab101957c8eddffd3d18cb805507bed707b0e306d3b433:segment:011,11,16541.0,15436,activities/108_260801060832.csv,1,1,0,0
fit:80de1342a3e9944829ab101957c8eddffd3d18cb805507bed707b0e306d3b433,2026-08-01T08:44:14+00:00,95,133,156,97,12.287,221.39999999999998,32,fit:80de1342a3e9944829ab101957c8eddffd3d18cb805507bed707b0e306d3b433:segment:011,11,16542.0,15437,activities/108_260801060832.csv,1,1,0,0
fit:80de1342a3e9944829ab101957c8eddffd3d18cb805507bed707b0e306d3b433,2026-08-01T08:44:15+00:00,96,134,156,97,12.282,221.39999999999998,32,fit:80de1342a3e9944829ab101957c8eddffd3d18cb805507bed707b0e306d3b433:segment:011,11,16543.0,15438,activities/108_260801060832.csv,1,1,0,0
fit:80de1342a3e9944829ab101957c8eddffd3d18cb805507bed707b0e306d3b433,2026-08-01T08:44:16+00:00,97,3,156,97,12.048,221.39999999999998,32,fit:80de1342a3e9944829ab101957c8eddffd3d18cb805507bed707b0e306d3b433:segment:011,11,16544.0,15439,activities/108_260801060832.csv,1,1,0,0
fit:80de1342a3e9944829ab101957c8eddffd3d18cb805507bed707b0e306d3b433,2026-08-01T08:44:17+00:00,98,14,156,0,11.849,221.0,32,fit:80de1342a3e9944829ab101957c8eddffd3d18cb805507bed707b0e306d3b433:segment:011,11,16545.0,15440,activities/108_260801060832.csv,1,1,0,0
fit:80de1342a3e9944829ab101957c8eddffd3d18cb805507bed707b0e306d3b433,2026-08-01T08:44:18+00:00,99,109,156,84,11.658,221.0,32,fit:80de1342a3e9944829ab101957c8eddffd3d18cb805507bed707b0e306d3b433:segment:011,11,16546.0,15441,activities/108_260801060832.csv,1,1,0,0
fit:80de1342a3e9944829ab101957c8eddffd3d18cb805507bed707b0e306d3b433,2026-08-01T08:44:19+00:00,100,68,155,88,11.492,221.0,32,fit:80de1342a3e9944829ab101957c8eddffd3d18cb805507bed707b0e306d3b433:segment:011,11,16547.0,15442,activities/108_260801060832.csv,1,1,0,0
fit:80de1342a3e9944829ab101957c8eddffd3d18cb805507bed707b0e306d3b433,2026-08-01T08:44:20+00:00,101,69,155,66,11.35,221.0,32,fit:80de1342a3e9944829ab101957c8eddffd3d18cb805507bed707b0e306d3b433:segment:011,11,16548.0,15443,activities/108_260801060832.csv,1,1,0,0
fit:80de1342a3e9944829ab101957c8eddffd3d18cb805507bed707b0e306d3b433,2026-08-01T08:44:21+00:00,102,156,154,88,11.207,221.0,32,fit:80de1342a3e9944829ab101957c8eddffd3d18cb805507bed707b0e306d3b433:segment:011,11,16549.0,15444,activities/108_260801060832.csv,1,1,0,0
fit:80de1342a3e9944829ab101957c8eddffd3d18cb805507bed707b0e306d3b433,2026-08-01T08:44:22+00:00,103,138,152,88,11.15,220.60000000000002,32,fit:80de1342a3e9944829ab101957c8eddffd3d18cb805507bed707b0e306d3b433:segment:011,11,16550.0,15445,activities/108_260801060832.csv,1,1,0,0
fit:80de1342a3e9944829ab101957c8eddffd3d18cb805507bed707b0e306d3b433,2026-08-01T08:44:23+00:00,104,147,151,88,11.053,220.60000000000002,32,fit:80de1342a3e9944829ab101957c8eddffd3d18cb805507bed707b0e306d3b433:segment:011,11,16551.0,15446,activities/108_260801060832.csv,1,1,0,0
fit:80de1342a3e9944829ab101957c8eddffd3d18cb805507bed707b0e306d3b433,2026-08-01T08:44:24+00:00,105,185,150,88,11.002,220.60000000000002,32,fit:80de1342a3e9944829ab101957c8eddffd3d18cb805507bed707b0e306d3b433:segment:011,11,16552.0,15447,activities/108_260801060832.csv,1,1,0,0
fit:80de1342a3e9944829ab101957c8eddffd3d18cb805507bed707b0e306d3b433,2026-08-01T08:44:25+00:00,106,211,149,88,11.041,221.20000000000005,32,fit:80de1342a3e9944829ab101957c8eddffd3d18cb805507bed707b0e306d3b433:segment:011,11,16553.0,15448,activities/108_260801060832.csv,1,1,0,0
fit:80de1342a3e9944829ab101957c8eddffd3d18cb805507bed707b0e306d3b433,2026-08-01T08:44:26+00:00,107,206,148,89,11.125,221.20000000000005,32,fit:80de1342a3e9944829ab101957c8eddffd3d18cb805507bed707b0e306d3b433:segment:011,11,16554.0,15449,activities/108_260801060832.csv,1,1,0,0
fit:80de1342a3e9944829ab101957c8eddffd3d18cb805507bed707b0e306d3b433,2026-08-01T08:44:27+00:00,108,215,148,89,11.13,221.20000000000005,32,fit:80de1342a3e9944829ab101957c8eddffd3d18cb805507bed707b0e306d3b433:segment:011,11,16555.0,15450,activities/108_260801060832.csv,1,1,0,0
fit:80de1342a3e9944829ab101957c8eddffd3d18cb805507bed707b0e306d3b433,2026-08-01T08:44:28+00:00,109,278,146,90,11.207,220.60000000000002,32,fit:80de1342a3e9944829ab101957c8eddffd3d18cb805507bed707b0e306d3b433:segment:011,11,16556.0,15451,activities/108_260801060832.csv,1,1,0,0
fit:80de1342a3e9944829ab101957c8eddffd3d18cb805507bed707b0e306d3b433,2026-08-01T08:44:29+00:00,110,278,144,91,11.267,220.60000000000002,32,fit:80de1342a3e9944829ab101957c8eddffd3d18cb805507bed707b0e306d3b433:segment:011,11,16557.0,15452,activities/108_260801060832.csv,1,1,0,0
fit:80de1342a3e9944829ab101957c8eddffd3d18cb805507bed707b0e306d3b433,2026-08-01T08:44:30+00:00,111,257,144,92,11.385,220.60000000000002,32,fit:80de1342a3e9944829ab101957c8eddffd3d18cb805507bed707b0e306d3b433:segment:011,11,16558.0,15453,activities/108_260801060832.csv,1,1,0,0
fit:80de1342a3e9944829ab101957c8eddffd3d18cb805507bed707b0e306d3b433,2026-08-01T08:44:31+00:00,112,238,143,93,11.524,220.60000000000002,32,fit:80de1342a3e9944829ab101957c8eddffd3d18cb805507bed707b0e306d3b433:segment:011,11,16559.0,15454,activities/108_260801060832.csv,1,1,0,0
fit:80de1342a3e9944829ab101957c8eddffd3d18cb805507bed707b0e306d3b433,2026-08-01T08:44:32+00:00,113,227,142,93,11.64,219.60000000000002,32,fit:80de1342a3e9944829ab101957c8eddffd3d18cb805507bed707b0e306d3b433:segment:011,11,16560.0,15455,activities/108_260801060832.csv,1,1,0,0
fit:80de1342a3e9944829ab101957c8eddffd3d18cb805507bed707b0e306d3b433,2026-08-01T08:44:33+00:00,114,197,142,95,11.792,219.60000000000002,32,fit:80de1342a3e9944829ab101957c8eddffd3d18cb805507bed707b0e306d3b433:segment:011,11,16561.0,15456,activities/108_260801060832.csv,1,1,0,0
fit:80de1342a3e9944829ab101957c8eddffd3d18cb805507bed707b0e306d3b433,2026-08-01T08:44:34+00:00,115,187,142,95,11.838,219.60000000000002,32,fit:80de1342a3e9944829ab101957c8eddffd3d18cb805507bed707b0e306d3b433:segment:011,11,16562.0,15457,activities/108_260801060832.csv,1,1,0,0
fit:80de1342a3e9944829ab101957c8eddffd3d18cb805507bed707b0e306d3b433,2026-08-01T08:44:35+00:00,116,180,143,95,11.831,219.60000000000002,32,fit:80de1342a3e9944829ab101957c8eddffd3d18cb805507bed707b0e306d3b433:segment:011,11,16563.0,15458,activities/108_260801060832.csv,1,1,0,0
fit:80de1342a3e9944829ab101957c8eddffd3d18cb805507bed707b0e306d3b433,2026-08-01T08:44:36+00:00,117,165,144,95,11.835,219.60000000000002,32,fit:80de1342a3e9944829ab101957c8eddffd3d18cb805507bed707b0e306d3b433:segment:011,11,16564.0,15459,activities/108_260801060832.csv,1,1,0,0
fit:80de1342a3e9944829ab101957c8eddffd3d18cb805507bed707b0e306d3b433,2026-08-01T08:44:37+00:00,118,165,144,94,11.817,219.60000000000002,32,fit:80de1342a3e9944829ab101957c8eddffd3d18cb805507bed707b0e306d3b433:segment:011,11,16565.0,15460,activities/108_260801060832.csv,1,1,0,0
fit:80de1342a3e9944829ab101957c8eddffd3d18cb805507bed707b0e306d3b433,2026-08-01T08:44:38+00:00,119,181,145,94,11.858,219.79999999999995,32,fit:80de1342a3e9944829ab101957c8eddffd3d18cb805507bed707b0e306d3b433:segment:011,11,16566.0,15461,activities/108_260801060832.csv,1,1,0,0
fit:80de1342a3e9944829ab101957c8eddffd3d18cb805507bed707b0e306d3b433,2026-08-01T08:44:39+00:00,120,192,146,94,11.84,219.79999999999995,32,fit:80de1342a3e9944829ab101957c8eddffd3d18cb805507bed707b0e306d3b433:segment:011,11,16567.0,15462,activities/108_260801060832.csv,1,1,0,0
fit:80de1342a3e9944829ab101957c8eddffd3d18cb805507bed707b0e306d3b433,2026-08-01T08:44:40+00:00,121,188,147,94,11.755,219.79999999999995,32,fit:80de1342a3e9944829ab101957c8eddffd3d18cb805507bed707b0e306d3b433:segment:011,11,16568.0,15463,activities/108_260801060832.csv,1,1,0,0
fit:80de1342a3e9944829ab101957c8eddffd3d18cb805507bed707b0e306d3b433,2026-08-01T08:44:41+00:00,122,201,148,94,11.712,219.79999999999995,32,fit:80de1342a3e9944829ab101957c8eddffd3d18cb805507bed707b0e306d3b433:segment:011,11,16569.0,15464,activities/108_260801060832.csv,1,1,0,0
fit:80de1342a3e9944829ab101957c8eddffd3d18cb805507bed707b0e306d3b433,2026-08-01T08:44:42+00:00,123,192,148,94,11.686,219.79999999999995,32,fit:80de1342a3e9944829ab101957c8eddffd3d18cb805507bed707b0e306d3b433:segment:011,11,16570.0,15465,activities/108_260801060832.csv,1,1,0,0
fit:80de1342a3e9944829ab101957c8eddffd3d18cb805507bed707b0e306d3b433,2026-08-01T08:44:43+00:00,124,194,149,95,11.702,220.0,32,fit:80de1342a3e9944829ab101957c8eddffd3d18cb805507bed707b0e306d3b433:segment:011,11,16571.0,15466,activities/108_260801060832.csv,1,1,0,0
fit:80de1342a3e9944829ab101957c8eddffd3d18cb805507bed707b0e306d3b433,2026-08-01T08:44:44+00:00,125,200,150,96,11.856,220.79999999999995,32,fit:80de1342a3e9944829ab101957c8eddffd3d18cb805507bed707b0e306d3b433:segment:011,11,16572.0,15467,activities/108_260801060832.csv,1,1,0,0
fit:80de1342a3e9944829ab101957c8eddffd3d18cb805507bed707b0e306d3b433,2026-08-01T08:44:45+00:00,126,200,150,96,11.939,220.79999999999995,32,fit:80de1342a3e9944829ab101957c8eddffd3d18cb805507bed707b0e306d3b433:segment:011,11,16573.0,15468,activities/108_260801060832.csv,1,1,0,0
fit:80de1342a3e9944829ab101957c8eddffd3d18cb805507bed707b0e306d3b433,2026-08-01T08:44:46+00:00,127,179,152,96,11.996,220.79999999999995,32,fit:80de1342a3e9944829ab101957c8eddffd3d18cb805507bed707b0e306d3b433:segment:011,11,16574.0,15469,activities/108_260801060832.csv,1,1,0,0
fit:80de1342a3e9944829ab101957c8eddffd3d18cb805507bed707b0e306d3b433,2026-08-01T08:44:47+00:00,128,186,153,97,11.967,220.79999999999995,32,fit:80de1342a3e9944829ab101957c8eddffd3d18cb805507bed707b0e306d3b433:segment:011,11,16575.0,15470,activities/108_260801060832.csv,1,1,0,0
fit:80de1342a3e9944829ab101957c8eddffd3d18cb805507bed707b0e306d3b433,2026-08-01T08:44:48+00:00,129,180,154,97,12.132,220.79999999999995,32,fit:80de1342a3e9944829ab101957c8eddffd3d18cb805507bed707b0e306d3b433:segment:011,11,16576.0,15471,activities/108_260801060832.csv,1,1,0,0
fit:80de1342a3e9944829ab101957c8eddffd3d18cb805507bed707b0e306d3b433,2026-08-01T08:44:49+00:00,130,192,155,97,12.196,220.79999999999995,32,fit:80de1342a3e9944829ab101957c8eddffd3d18cb805507bed707b0e306d3b433:segment:011,11,16577.0,15472,activities/108_260801060832.csv,1,1,0,0
fit:80de1342a3e9944829ab101957c8eddffd3d18cb805507bed707b0e306d3b433,2026-08-01T08:44:50+00:00,131,164,155,97,12.118,219.79999999999995,32,fit:80de1342a3e9944829ab101957c8eddffd3d18cb805507bed707b0e306d3b433:segment:011,11,16578.0,15473,activities/108_260801060832.csv,1,1,0,0
fit:80de1342a3e9944829ab101957c8eddffd3d18cb805507bed707b0e306d3b433,2026-08-01T08:44:51+00:00,132,198,155,96,11.979,219.0,32,fit:80de1342a3e9944829ab101957c8eddffd3d18cb805507bed707b0e306d3b433:segment:011,11,16579.0,15474,activities/108_260801060832.csv,1,1,0,0
fit:80de1342a3e9944829ab101957c8eddffd3d18cb805507bed707b0e306d3b433,2026-08-01T08:44:52+00:00,133,182,155,96,12.036,219.0,32,fit:80de1342a3e9944829ab101957c8eddffd3d18cb805507bed707b0e306d3b433:segment:011,11,16580.0,15475,activities/108_260801060832.csv,1,1,0,0
fit:80de1342a3e9944829ab101957c8eddffd3d18cb805507bed707b0e306d3b433,2026-08-01T08:44:53+00:00,134,186,155,96,12.071,219.0,32,fit:80de1342a3e9944829ab101957c8eddffd3d18cb805507bed707b0e306d3b433:segment:011,11,16581.0,15476,activities/108_260801060832.csv,1,1,0,0
fit:80de1342a3e9944829ab101957c8eddffd3d18cb805507bed707b0e306d3b433,2026-08-01T08:44:54+00:00,135,187,155,96,12.023,219.60000000000002,32,fit:80de1342a3e9944829ab101957c8eddffd3d18cb805507bed707b0e306d3b433:segment:011,11,16582.0,15477,activities/108_260801060832.csv,1,1,0,0
fit:80de1342a3e9944829ab101957c8eddffd3d18cb805507bed707b0e306d3b433,2026-08-01T08:44:55+00:00,136,194,156,96,11.992,219.60000000000002,32,fit:80de1342a3e9944829ab101957c8eddffd3d18cb805507bed707b0e306d3b433:segment:011,11,16583.0,15478,activities/108_260801060832.csv,1,1,0,0
fit:80de1342a3e9944829ab101957c8eddffd3d18cb805507bed707b0e306d3b433,2026-08-01T08:44:56+00:00,137,170,156,96,11.97,219.60000000000002,32,fit:80de1342a3e9944829ab101957c8eddffd3d18cb805507bed707b0e306d3b433:segment:011,11,16584.0,15479,activities/108_260801060832.csv,1,1,0,0
fit:80de1342a3e9944829ab101957c8eddffd3d18cb805507bed707b0e306d3b433,2026-08-01T08:44:57+00:00,138,187,156,96,12.058,219.60000000000002,32,fit:80de1342a3e9944829ab101957c8eddffd3d18cb805507bed707b0e306d3b433:segment:011,11,16585.0,15480,activities/108_260801060832.csv,1,1,0,0
fit:80de1342a3e9944829ab101957c8eddffd3d18cb805507bed707b0e306d3b433,2026-08-01T08:44:58+00:00,139,189,157,97,12.111,220.60000000000002,32,fit:80de1342a3e9944829ab101957c8eddffd3d18cb805507bed707b0e306d3b433:segment:011,11,16586.0,15481,activities/108_260801060832.csv,1,1,0,0
fit:80de1342a3e9944829ab101957c8eddffd3d18cb805507bed707b0e306d3b433,2026-08-01T08:44:59+00:00,140,191,157,97,12.131,221.0,32,fit:80de1342a3e9944829ab101957c8eddffd3d18cb805507bed707b0e306d3b433:segment:011,11,16587.0,15482,activities/108_260801060832.csv,1,1,0,0
fit:80de1342a3e9944829ab101957c8eddffd3d18cb805507bed707b0e306d3b433,2026-08-01T08:45:00+00:00,141,212,157,97,12.054,221.0,32,fit:80de1342a3e9944829ab101957c8eddffd3d18cb805507bed707b0e306d3b433:segment:011,11,16588.0,15483,activities/108_260801060832.csv,1,1,0,0
fit:80de1342a3e9944829ab101957c8eddffd3d18cb805507bed707b0e306d3b433,2026-08-01T08:45:01+00:00,142,171,157,97,12.221,221.0,32,fit:80de1342a3e9944829ab101957c8eddffd3d18cb805507bed707b0e306d3b433:segment:011,11,16589.0,15484,activities/108_260801060832.csv,1,1,0,0
fit:80de1342a3e9944829ab101957c8eddffd3d18cb805507bed707b0e306d3b433,2026-08-01T08:45:02+00:00,143,172,157,98,12.26,220.20000000000005,32,fit:80de1342a3e9944829ab101957c8eddffd3d18cb805507bed707b0e306d3b433:segment:011,11,16590.0,15485,activities/108_260801060832.csv,1,1,0,0
fit:80de1342a3e9944829ab101957c8eddffd3d18cb805507bed707b0e306d3b433,2026-08-01T08:45:03+00:00,144,173,157,97,12.2,220.0,32,fit:80de1342a3e9944829ab101957c8eddffd3d18cb805507bed707b0e306d3b433:segment:011,11,16591.0,15486,activities/108_260801060832.csv,1,1,0,0
fit:80de1342a3e9944829ab101957c8eddffd3d18cb805507bed707b0e306d3b433,2026-08-01T08:45:04+00:00,145,182,157,97,12.145,220.0,32,fit:80de1342a3e9944829ab101957c8eddffd3d18cb805507bed707b0e306d3b433:segment:011,11,16592.0,15487,activities/108_260801060832.csv,1,1,0,0
fit:80de1342a3e9944829ab101957c8eddffd3d18cb805507bed707b0e306d3b433,2026-08-01T08:45:05+00:00,146,182,157,97,12.205,220.0,32,fit:80de1342a3e9944829ab101957c8eddffd3d18cb805507bed707b0e306d3b433:segment:011,11,16593.0,15488,activities/108_260801060832.csv,1,1,0,0
fit:80de1342a3e9944829ab101957c8eddffd3d18cb805507bed707b0e306d3b433,2026-08-01T08:45:06+00:00,147,174,157,97,12.12,220.0,32,fit:80de1342a3e9944829ab101957c8eddffd3d18cb805507bed707b0e306d3b433:segment:011,11,16594.0,15489,activities/108_260801060832.csv,1,1,0,0
fit:80de1342a3e9944829ab101957c8eddffd3d18cb805507bed707b0e306d3b433,2026-08-01T08:45:07+00:00,148,220,157,97,12.12,220.0,32,fit:80de1342a3e9944829ab101957c8eddffd3d18cb805507bed707b0e306d3b433:segment:011,11,16595.0,15490,activities/108_260801060832.csv,1,1,0,0
fit:80de1342a3e9944829ab101957c8eddffd3d18cb805507bed707b0e306d3b433,2026-08-01T08:45:08+00:00,149,196,157,97,12.127,220.0,32,fit:80de1342a3e9944829ab101957c8eddffd3d18cb805507bed707b0e306d3b433:segment:011,11,16596.0,15491,activities/108_260801060832.csv,1,1,0,0
fit:80de1342a3e9944829ab101957c8eddffd3d18cb805507bed707b0e306d3b433,2026-08-01T08:45:09+00:00,150,179,157,98,12.277,220.20000000000005,32,fit:80de1342a3e9944829ab101957c8eddffd3d18cb805507bed707b0e306d3b433:segment:011,11,16597.0,15492,activities/108_260801060832.csv,1,1,0,0
fit:80de1342a3e9944829ab101957c8eddffd3d18cb805507bed707b0e306d3b433,2026-08-01T08:45:10+00:00,151,178,157,97,12.237,220.20000000000005,32,fit:80de1342a3e9944829ab101957c8eddffd3d18cb805507bed707b0e306d3b433:segment:011,11,16598.0,15493,activities/108_260801060832.csv,1,1,0,0
fit:80de1342a3e9944829ab101957c8eddffd3d18cb805507bed707b0e306d3b433,2026-08-01T08:45:11+00:00,152,187,157,98,12.166,220.20000000000005,32,fit:80de1342a3e9944829ab101957c8eddffd3d18cb805507bed707b0e306d3b433:segment:011,11,16599.0,15494,activities/108_260801060832.csv,1,1,0,0
fit:80de1342a3e9944829ab101957c8eddffd3d18cb805507bed707b0e306d3b433,2026-08-01T08:45:12+00:00,153,187,157,97,12.17,219.20000000000005,32,fit:80de1342a3e9944829ab101957c8eddffd3d18cb805507bed707b0e306d3b433:segment:011,11,16600.0,15495,activities/108_260801060832.csv,1,1,0,0
fit:80de1342a3e9944829ab101957c8eddffd3d18cb805507bed707b0e306d3b433,2026-08-01T08:45:13+00:00,154,194,157,97,12.244,219.20000000000005,32,fit:80de1342a3e9944829ab101957c8eddffd3d18cb805507bed707b0e306d3b433:segment:011,11,16601.0,15496,activities/108_260801060832.csv,1,1,0,0
fit:80de1342a3e9944829ab101957c8eddffd3d18cb805507bed707b0e306d3b433,2026-08-01T08:45:14+00:00,155,194,157,97,12.117,219.20000000000005,32,fit:80de1342a3e9944829ab101957c8eddffd3d18cb805507bed707b0e306d3b433:segment:011,11,16602.0,15497,activities/108_260801060832.csv,1,1,0,0
fit:80de1342a3e9944829ab101957c8eddffd3d18cb805507bed707b0e306d3b433,2026-08-01T08:45:15+00:00,156,170,157,96,12.066,219.20000000000005,32,fit:80de1342a3e9944829ab101957c8eddffd3d18cb805507bed707b0e306d3b433:segment:011,11,16603.0,15498,activities/108_260801060832.csv,1,1,0,0
fit:80de1342a3e9944829ab101957c8eddffd3d18cb805507bed707b0e306d3b433,2026-08-01T08:45:16+00:00,157,227,157,96,12.059,220.0,32,fit:80de1342a3e9944829ab101957c8eddffd3d18cb805507bed707b0e306d3b433:segment:011,11,16604.0,15499,activities/108_260801060832.csv,1,1,0,0
fit:80de1342a3e9944829ab101957c8eddffd3d18cb805507bed707b0e306d3b433,2026-08-01T08:45:17+00:00,158,199,157,95,11.971,220.0,32,fit:80de1342a3e9944829ab101957c8eddffd3d18cb805507bed707b0e306d3b433:segment:011,11,16605.0,15500,activities/108_260801060832.csv,1,1,0,0
fit:80de1342a3e9944829ab101957c8eddffd3d18cb805507bed707b0e306d3b433,2026-08-01T08:45:18+00:00,159,201,157,94,11.894,220.0,32,fit:80de1342a3e9944829ab101957c8eddffd3d18cb805507bed707b0e306d3b433:segment:011,11,16606.0,15501,activities/108_260801060832.csv,1,1,0,0
fit:80de1342a3e9944829ab101957c8eddffd3d18cb805507bed707b0e306d3b433,2026-08-01T08:45:19+00:00,160,201,158,94,11.826,219.0,32,fit:80de1342a3e9944829ab101957c8eddffd3d18cb805507bed707b0e306d3b433:segment:011,11,16607.0,15502,activities/108_260801060832.csv,1,1,0,0
fit:80de1342a3e9944829ab101957c8eddffd3d18cb805507bed707b0e306d3b433,2026-08-01T08:45:20+00:00,161,217,158,94,11.633,219.0,32,fit:80de1342a3e9944829ab101957c8eddffd3d18cb805507bed707b0e306d3b433:segment:011,11,16608.0,15503,activities/108_260801060832.csv,1,1,0,0
fit:80de1342a3e9944829ab101957c8eddffd3d18cb805507bed707b0e306d3b433,2026-08-01T08:45:21+00:00,162,213,158,91,11.486,219.0,32,fit:80de1342a3e9944829ab101957c8eddffd3d18cb805507bed707b0e306d3b433:segment:011,11,16609.0,15504,activities/108_260801060832.csv,1,1,0,0
fit:80de1342a3e9944829ab101957c8eddffd3d18cb805507bed707b0e306d3b433,2026-08-01T08:45:22+00:00,163,215,158,91,11.451,220.0,32,fit:80de1342a3e9944829ab101957c8eddffd3d18cb805507bed707b0e306d3b433:segment:011,11,16610.0,15505,activities/108_260801060832.csv,1,1,0,0
fit:80de1342a3e9944829ab101957c8eddffd3d18cb805507bed707b0e306d3b433,2026-08-01T08:45:23+00:00,164,205,158,90,11.287,220.0,32,fit:80de1342a3e9944829ab101957c8eddffd3d18cb805507bed707b0e306d3b433:segment:011,11,16611.0,15506,activities/108_260801060832.csv,1,1,0,0
fit:80de1342a3e9944829ab101957c8eddffd3d18cb805507bed707b0e306d3b433,2026-08-01T08:45:24+00:00,165,211,158,88,11.243,220.0,32,fit:80de1342a3e9944829ab101957c8eddffd3d18cb805507bed707b0e306d3b433:segment:011,11,16612.0,15507,activities/108_260801060832.csv,1,1,0,0
fit:80de1342a3e9944829ab101957c8eddffd3d18cb805507bed707b0e306d3b433,2026-08-01T08:45:25+00:00,166,218,158,87,11.166,219.20000000000005,32,fit:80de1342a3e9944829ab101957c8eddffd3d18cb805507bed707b0e306d3b433:segment:011,11,16613.0,15508,activities/108_260801060832.csv,1,1,0,0
fit:80de1342a3e9944829ab101957c8eddffd3d18cb805507bed707b0e306d3b433,2026-08-01T08:45:26+00:00,167,217,158,87,11.017,219.20000000000005,32,fit:80de1342a3e9944829ab101957c8eddffd3d18cb805507bed707b0e306d3b433:segment:011,11,16614.0,15509,activities/108_260801060832.csv,1,1,0,0
fit:80de1342a3e9944829ab101957c8eddffd3d18cb805507bed707b0e306d3b433,2026-08-01T08:45:27+00:00,168,214,157,87,10.843,219.20000000000005,32,fit:80de1342a3e9944829ab101957c8eddffd3d18cb805507bed707b0e306d3b433:segment:011,11,16615.0,15510,activities/108_260801060832.csv,1,1,0,0
fit:80de1342a3e9944829ab101957c8eddffd3d18cb805507bed707b0e306d3b433,2026-08-01T08:45:28+00:00,169,214,157,85,10.745,220.0,32,fit:80de1342a3e9944829ab101957c8eddffd3d18cb805507bed707b0e306d3b433:segment:011,11,16616.0,15511,activities/108_260801060832.csv,1,1,0,0
fit:80de1342a3e9944829ab101957c8eddffd3d18cb805507bed707b0e306d3b433,2026-08-01T08:45:29+00:00,170,172,157,85,10.676,220.0,32,fit:80de1342a3e9944829ab101957c8eddffd3d18cb805507bed707b0e306d3b433:segment:011,11,16617.0,15512,activities/108_260801060832.csv,1,1,0,0
fit:80de1342a3e9944829ab101957c8eddffd3d18cb805507bed707b0e306d3b433,2026-08-01T08:45:30+00:00,171,229,157,93,10.511,220.0,32,fit:80de1342a3e9944829ab101957c8eddffd3d18cb805507bed707b0e306d3b433:segment:011,11,16618.0,15513,activities/108_260801060832.csv,1,1,0,0
fit:80de1342a3e9944829ab101957c8eddffd3d18cb805507bed707b0e306d3b433,2026-08-01T08:45:31+00:00,172,206,157,93,10.371,220.0,32,fit:80de1342a3e9944829ab101957c8eddffd3d18cb805507bed707b0e306d3b433:segment:011,11,16619.0,15514,activities/108_260801060832.csv,1,1,0,0
fit:80de1342a3e9944829ab101957c8eddffd3d18cb805507bed707b0e306d3b433,2026-08-01T08:45:32+00:00,173,227,157,92,10.255,221.0,32,fit:80de1342a3e9944829ab101957c8eddffd3d18cb805507bed707b0e306d3b433:segment:011,11,16620.0,15515,activities/108_260801060832.csv,1,1,0,0
fit:80de1342a3e9944829ab101957c8eddffd3d18cb805507bed707b0e306d3b433,2026-08-01T08:45:33+00:00,174,217,156,92,10.191,221.39999999999998,32,fit:80de1342a3e9944829ab101957c8eddffd3d18cb805507bed707b0e306d3b433:segment:011,11,16621.0,15516,activities/108_260801060832.csv,1,1,0,0
fit:80de1342a3e9944829ab101957c8eddffd3d18cb805507bed707b0e306d3b433,2026-08-01T08:45:34+00:00,175,217,156,91,10.074,221.39999999999998,32,fit:80de1342a3e9944829ab101957c8eddffd3d18cb805507bed707b0e306d3b433:segment:011,11,16622.0,15517,activities/108_260801060832.csv,1,1,0,0
fit:80de1342a3e9944829ab101957c8eddffd3d18cb805507bed707b0e306d3b433,2026-08-01T08:45:35+00:00,176,223,156,90,9.984,221.39999999999998,32,fit:80de1342a3e9944829ab101957c8eddffd3d18cb805507bed707b0e306d3b433:segment:011,11,16623.0,15518,activities/108_260801060832.csv,1,1,0,0
fit:80de1342a3e9944829ab101957c8eddffd3d18cb805507bed707b0e306d3b433,2026-08-01T08:45:36+00:00,177,259,156,89,9.881,221.39999999999998,32,fit:80de1342a3e9944829ab101957c8eddffd3d18cb805507bed707b0e306d3b433:segment:011,11,16624.0,15519,activities/108_260801060832.csv,1,1,0,0
fit:80de1342a3e9944829ab101957c8eddffd3d18cb805507bed707b0e306d3b433,2026-08-01T08:45:37+00:00,178,257,156,89,9.824,221.39999999999998,32,fit:80de1342a3e9944829ab101957c8eddffd3d18cb805507bed707b0e306d3b433:segment:011,11,16625.0,15520,activities/108_260801060832.csv,1,1,0,0
fit:80de1342a3e9944829ab101957c8eddffd3d18cb805507bed707b0e306d3b433,2026-08-01T08:45:38+00:00,179,263,156,88,9.731,222.20000000000005,32,fit:80de1342a3e9944829ab101957c8eddffd3d18cb805507bed707b0e306d3b433:segment:011,11,16626.0,15521,activities/108_260801060832.csv,1,1,0,0
fit:80de1342a3e9944829ab101957c8eddffd3d18cb805507bed707b0e306d3b433,2026-08-01T08:45:39+00:00,180,263,156,86,9.553,222.20000000000005,32,fit:80de1342a3e9944829ab101957c8eddffd3d18cb805507bed707b0e306d3b433:segment:011,11,16627.0,15522,activities/108_260801060832.csv,1,1,0,0
fit:80de1342a3e9944829ab101957c8eddffd3d18cb805507bed707b0e306d3b433,2026-08-01T08:45:40+00:00,181,253,156,85,9.448,222.20000000000005,32,fit:80de1342a3e9944829ab101957c8eddffd3d18cb805507bed707b0e306d3b433:segment:011,11,16628.0,15523,activities/108_260801060832.csv,1,1,0,0
fit:80de1342a3e9944829ab101957c8eddffd3d18cb805507bed707b0e306d3b433,2026-08-01T08:45:41+00:00,182,262,156,85,9.377,222.20000000000005,32,fit:80de1342a3e9944829ab101957c8eddffd3d18cb805507bed707b0e306d3b433:segment:011,11,16629.0,15524,activities/108_260801060832.csv,1,1,0,0
fit:80de1342a3e9944829ab101957c8eddffd3d18cb805507bed707b0e306d3b433,2026-08-01T08:45:42+00:00,183,260,157,84,9.354,223.0,32,fit:80de1342a3e9944829ab101957c8eddffd3d18cb805507bed707b0e306d3b433:segment:011,11,16630.0,15525,activities/108_260801060832.csv,1,1,0,0
fit:80de1342a3e9944829ab101957c8eddffd3d18cb805507bed707b0e306d3b433,2026-08-01T08:45:43+00:00,184,262,157,83,9.302,223.20000000000005,32,fit:80de1342a3e9944829ab101957c8eddffd3d18cb805507bed707b0e306d3b433:segment:011,11,16631.0,15526,activities/108_260801060832.csv,1,1,0,0
fit:80de1342a3e9944829ab101957c8eddffd3d18cb805507bed707b0e306d3b433,2026-08-01T08:45:44+00:00,185,273,158,82,9.175,224.20000000000005,32,fit:80de1342a3e9944829ab101957c8eddffd3d18cb805507bed707b0e306d3b433:segment:011,11,16632.0,15527,activities/108_260801060832.csv,1,1,0,0
fit:80de1342a3e9944829ab101957c8eddffd3d18cb805507bed707b0e306d3b433,2026-08-01T08:45:45+00:00,186,275,158,82,9.105,224.39999999999998,32,fit:80de1342a3e9944829ab101957c8eddffd3d18cb805507bed707b0e306d3b433:segment:011,11,16633.0,15528,activities/108_260801060832.csv,1,1,0,0
fit:80de1342a3e9944829ab101957c8eddffd3d18cb805507bed707b0e306d3b433,2026-08-01T08:45:46+00:00,187,276,159,81,9.032,224.39999999999998,32,fit:80de1342a3e9944829ab101957c8eddffd3d18cb805507bed707b0e306d3b433:segment:011,11,16634.0,15529,activities/108_260801060832.csv,1,1,0,0
fit:80de1342a3e9944829ab101957c8eddffd3d18cb805507bed707b0e306d3b433,2026-08-01T08:45:47+00:00,188,271,159,81,8.987,224.39999999999998,32,fit:80de1342a3e9944829ab101957c8eddffd3d18cb805507bed707b0e306d3b433:segment:011,11,16635.0,15530,activities/108_260801060832.csv,1,1,0,0
fit:80de1342a3e9944829ab101957c8eddffd3d18cb805507bed707b0e306d3b433,2026-08-01T08:45:48+00:00,189,271,160,80,8.853,224.39999999999998,32,fit:80de1342a3e9944829ab101957c8eddffd3d18cb805507bed707b0e306d3b433:segment:011,11,16636.0,15531,activities/108_260801060832.csv,1,1,0,0
fit:80de1342a3e9944829ab101957c8eddffd3d18cb805507bed707b0e306d3b433,2026-08-01T08:45:49+00:00,190,292,160,78,8.792,225.0,32,fit:80de1342a3e9944829ab101957c8eddffd3d18cb805507bed707b0e306d3b433:segment:011,11,16637.0,15532,activities/108_260801060832.csv,1,1,0,0
fit:80de1342a3e9944829ab101957c8eddffd3d18cb805507bed707b0e306d3b433,2026-08-01T08:45:50+00:00,191,282,160,78,8.78,225.39999999999998,32,fit:80de1342a3e9944829ab101957c8eddffd3d18cb805507bed707b0e306d3b433:segment:011,11,16638.0,15533,activities/108_260801060832.csv,1,1,0,0
fit:80de1342a3e9944829ab101957c8eddffd3d18cb805507bed707b0e306d3b433,2026-08-01T08:45:51+00:00,192,282,160,78,8.673,225.39999999999998,32,fit:80de1342a3e9944829ab101957c8eddffd3d18cb805507bed707b0e306d3b433:segment:011,11,16639.0,15534,activities/108_260801060832.csv,1,1,0,0
fit:80de1342a3e9944829ab101957c8eddffd3d18cb805507bed707b0e306d3b433,2026-08-01T08:45:52+00:00,193,239,160,78,8.573,225.39999999999998,32,fit:80de1342a3e9944829ab101957c8eddffd3d18cb805507bed707b0e306d3b433:segment:011,11,16640.0,15535,activities/108_260801060832.csv,1,1,0,0
fit:80de1342a3e9944829ab101957c8eddffd3d18cb805507bed707b0e306d3b433,2026-08-01T08:45:53+00:00,194,249,161,77,8.498,225.39999999999998,32,fit:80de1342a3e9944829ab101957c8eddffd3d18cb805507bed707b0e306d3b433:segment:011,11,16641.0,15536,activities/108_260801060832.csv,1,1,0,0
fit:80de1342a3e9944829ab101957c8eddffd3d18cb805507bed707b0e306d3b433,2026-08-01T08:45:54+00:00,195,210,161,77,8.548,225.39999999999998,32,fit:80de1342a3e9944829ab101957c8eddffd3d18cb805507bed707b0e306d3b433:segment:011,11,16642.0,15537,activities/108_260801060832.csv,1,1,0,0
fit:80de1342a3e9944829ab101957c8eddffd3d18cb805507bed707b0e306d3b433,2026-08-01T08:45:55+00:00,196,208,161,78,8.549,225.60000000000002,32,fit:80de1342a3e9944829ab101957c8eddffd3d18cb805507bed707b0e306d3b433:segment:011,11,16643.0,15538,activities/108_260801060832.csv,1,1,0,0
fit:80de1342a3e9944829ab101957c8eddffd3d18cb805507bed707b0e306d3b433,2026-08-01T08:45:56+00:00,197,209,162,79,8.549,225.60000000000002,32,fit:80de1342a3e9944829ab101957c8eddffd3d18cb805507bed707b0e306d3b433:segment:011,11,16644.0,15539,activities/108_260801060832.csv,1,1,0,0
fit:80de1342a3e9944829ab101957c8eddffd3d18cb805507bed707b0e306d3b433,2026-08-01T08:45:57+00:00,198,229,162,79,8.753,225.60000000000002,32,fit:80de1342a3e9944829ab101957c8eddffd3d18cb805507bed707b0e306d3b433:segment:011,11,16645.0,15540,activities/108_260801060832.csv,1,1,0,0
fit:80de1342a3e9944829ab101957c8eddffd3d18cb805507bed707b0e306d3b433,2026-08-01T08:45:58+00:00,199,214,163,80,8.804,225.60000000000002,32,fit:80de1342a3e9944829ab101957c8eddffd3d18cb805507bed707b0e306d3b433:segment:011,11,16646.0,15541,activities/108_260801060832.csv,1,1,0,0
fit:80de1342a3e9944829ab101957c8eddffd3d18cb805507bed707b0e306d3b433,2026-08-01T08:45:59+00:00,200,174,163,82,8.875,225.60000000000002,32,fit:80de1342a3e9944829ab101957c8eddffd3d18cb805507bed707b0e306d3b433:segment:011,11,16647.0,15542,activities/108_260801060832.csv,1,1,0,0
fit:80de1342a3e9944829ab101957c8eddffd3d18cb805507bed707b0e306d3b433,2026-08-01T08:46:00+00:00,201,198,164,82,9.035,225.60000000000002,32,fit:80de1342a3e9944829ab101957c8eddffd3d18cb805507bed707b0e306d3b433:segment:011,11,16648.0,15543,activities/108_260801060832.csv,1,1,0,0
fit:80de1342a3e9944829ab101957c8eddffd3d18cb805507bed707b0e306d3b433,2026-08-01T08:46:01+00:00,202,192,164,82,9.07,225.60000000000002,32,fit:80de1342a3e9944829ab101957c8eddffd3d18cb805507bed707b0e306d3b433:segment:011,11,16649.0,15544,activities/108_260801060832.csv,1,1,0,0
fit:80de1342a3e9944829ab101957c8eddffd3d18cb805507bed707b0e306d3b433,2026-08-01T08:46:02+00:00,203,211,164,83,9.126,225.60000000000002,32,fit:80de1342a3e9944829ab101957c8eddffd3d18cb805507bed707b0e306d3b433:segment:011,11,16650.0,15545,activities/108_260801060832.csv,1,1,0,0
fit:80de1342a3e9944829ab101957c8eddffd3d18cb805507bed707b0e306d3b433,2026-08-01T08:46:03+00:00,204,194,164,83,9.137,225.60000000000002,32,fit:80de1342a3e9944829ab101957c8eddffd3d18cb805507bed707b0e306d3b433:segment:011,11,16651.0,15546,activities/108_260801060832.csv,1,1,0,0
fit:80de1342a3e9944829ab101957c8eddffd3d18cb805507bed707b0e306d3b433,2026-08-01T08:46:04+00:00,205,172,163,84,9.124,226.0,32,fit:80de1342a3e9944829ab101957c8eddffd3d18cb805507bed707b0e306d3b433:segment:011,11,16652.0,15547,activities/108_260801060832.csv,1,1,0,0
fit:80de1342a3e9944829ab101957c8eddffd3d18cb805507bed707b0e306d3b433,2026-08-01T08:46:05+00:00,206,187,163,84,9.246,227.0,32,fit:80de1342a3e9944829ab101957c8eddffd3d18cb805507bed707b0e306d3b433:segment:011,11,16653.0,15548,activities/108_260801060832.csv,1,1,0,0
fit:80de1342a3e9944829ab101957c8eddffd3d18cb805507bed707b0e306d3b433,2026-08-01T08:46:06+00:00,207,196,163,85,9.335,227.0,32,fit:80de1342a3e9944829ab101957c8eddffd3d18cb805507bed707b0e306d3b433:segment:011,11,16654.0,15549,activities/108_260801060832.csv,1,1,0,0
fit:80de1342a3e9944829ab101957c8eddffd3d18cb805507bed707b0e306d3b433,2026-08-01T08:46:07+00:00,208,224,163,85,9.35,227.0,32,fit:80de1342a3e9944829ab101957c8eddffd3d18cb805507bed707b0e306d3b433:segment:011,11,16655.0,15550,activities/108_260801060832.csv,1,1,0,0
fit:80de1342a3e9944829ab101957c8eddffd3d18cb805507bed707b0e306d3b433,2026-08-01T08:46:08+00:00,209,174,163,85,9.368,226.60000000000002,32,fit:80de1342a3e9944829ab101957c8eddffd3d18cb805507bed707b0e306d3b433:segment:011,11,16656.0,15551,activities/108_260801060832.csv,1,1,0,0
fit:80de1342a3e9944829ab101957c8eddffd3d18cb805507bed707b0e306d3b433,2026-08-01T08:46:09+00:00,210,146,163,86,9.406,226.39999999999998,32,fit:80de1342a3e9944829ab101957c8eddffd3d18cb805507bed707b0e306d3b433:segment:011,11,16657.0,15552,activities/108_260801060832.csv,1,1,0,0
fit:80de1342a3e9944829ab101957c8eddffd3d18cb805507bed707b0e306d3b433,2026-08-01T08:46:10+00:00,211,165,163,86,9.385,226.39999999999998,32,fit:80de1342a3e9944829ab101957c8eddffd3d18cb805507bed707b0e306d3b433:segment:011,11,16658.0,15553,activities/108_260801060832.csv,1,1,0,0
fit:80de1342a3e9944829ab101957c8eddffd3d18cb805507bed707b0e306d3b433,2026-08-01T08:46:11+00:00,212,166,163,86,9.426,226.39999999999998,32,fit:80de1342a3e9944829ab101957c8eddffd3d18cb805507bed707b0e306d3b433:segment:011,11,16659.0,15554,activities/108_260801060832.csv,1,1,0,0
fit:80de1342a3e9944829ab101957c8eddffd3d18cb805507bed707b0e306d3b433,2026-08-01T08:46:12+00:00,213,202,163,86,9.464,226.39999999999998,32,fit:80de1342a3e9944829ab101957c8eddffd3d18cb805507bed707b0e306d3b433:segment:011,11,16660.0,15555,activities/108_260801060832.csv,1,1,0,0
fit:80de1342a3e9944829ab101957c8eddffd3d18cb805507bed707b0e306d3b433,2026-08-01T08:46:13+00:00,214,198,162,86,9.548,226.39999999999998,32,fit:80de1342a3e9944829ab101957c8eddffd3d18cb805507bed707b0e306d3b433:segment:011,11,16661.0,15556,activities/108_260801060832.csv,1,1,0,0
fit:80de1342a3e9944829ab101957c8eddffd3d18cb805507bed707b0e306d3b433,2026-08-01T08:46:14+00:00,215,194,162,86,9.58,226.39999999999998,32,fit:80de1342a3e9944829ab101957c8eddffd3d18cb805507bed707b0e306d3b433:segment:011,11,16662.0,15557,activities/108_260801060832.csv,1,1,0,0
fit:80de1342a3e9944829ab101957c8eddffd3d18cb805507bed707b0e306d3b433,2026-08-01T08:46:15+00:00,216,213,162,86,9.646,226.39999999999998,32,fit:80de1342a3e9944829ab101957c8eddffd3d18cb805507bed707b0e306d3b433:segment:011,11,16663.0,15558,activities/108_260801060832.csv,1,1,0,0
fit:80de1342a3e9944829ab101957c8eddffd3d18cb805507bed707b0e306d3b433,2026-08-01T08:46:16+00:00,217,228,162,87,9.643,226.39999999999998,32,fit:80de1342a3e9944829ab101957c8eddffd3d18cb805507bed707b0e306d3b433:segment:011,11,16664.0,15559,activities/108_260801060832.csv,1,1,0,0
fit:80de1342a3e9944829ab101957c8eddffd3d18cb805507bed707b0e306d3b433,2026-08-01T08:46:17+00:00,218,191,161,86,9.574,226.39999999999998,32,fit:80de1342a3e9944829ab101957c8eddffd3d18cb805507bed707b0e306d3b433:segment:011,11,16665.0,15560,activities/108_260801060832.csv,1,1,0,0
fit:80de1342a3e9944829ab101957c8eddffd3d18cb805507bed707b0e306d3b433,2026-08-01T08:46:18+00:00,219,159,161,86,9.48,226.39999999999998,32,fit:80de1342a3e9944829ab101957c8eddffd3d18cb805507bed707b0e306d3b433:segment:011,11,16666.0,15561,activities/108_260801060832.csv,1,1,0,0
fit:80de1342a3e9944829ab101957c8eddffd3d18cb805507bed707b0e306d3b433,2026-08-01T08:46:19+00:00,220,181,161,86,9.501,227.20000000000005,32,fit:80de1342a3e9944829ab101957c8eddffd3d18cb805507bed707b0e306d3b433:segment:011,11,16667.0,15562,activities/108_260801060832.csv,1,1,0,0
fit:80de1342a3e9944829ab101957c8eddffd3d18cb805507bed707b0e306d3b433,2026-08-01T08:46:20+00:00,221,165,160,87,9.505,227.20000000000005,32,fit:80de1342a3e9944829ab101957c8eddffd3d18cb805507bed707b0e306d3b433:segment:011,11,16668.0,15563,activities/108_260801060832.csv,1,1,0,0
fit:80de1342a3e9944829ab101957c8eddffd3d18cb805507bed707b0e306d3b433,2026-08-01T08:46:21+00:00,222,165,160,87,9.443,227.20000000000005,32,fit:80de1342a3e9944829ab101957c8eddffd3d18cb805507bed707b0e306d3b433:segment:011,11,16669.0,15564,activities/108_260801060832.csv,1,1,0,0
fit:80de1342a3e9944829ab101957c8eddffd3d18cb805507bed707b0e306d3b433,2026-08-01T08:46:22+00:00,223,215,160,87,9.481,226.79999999999995,32,fit:80de1342a3e9944829ab101957c8eddffd3d18cb805507bed707b0e306d3b433:segment:011,11,16670.0,15565,activities/108_260801060832.csv,1,1,0,0
fit:80de1342a3e9944829ab101957c8eddffd3d18cb805507bed707b0e306d3b433,2026-08-01T08:46:23+00:00,224,167,160,88,9.535,226.60000000000002,32,fit:80de1342a3e9944829ab101957c8eddffd3d18cb805507bed707b0e306d3b433:segment:011,11,16671.0,15566,activities/108_260801060832.csv,1,1,0,0
fit:80de1342a3e9944829ab101957c8eddffd3d18cb805507bed707b0e306d3b433,2026-08-01T08:46:24+00:00,225,169,160,89,9.608,226.39999999999998,32,fit:80de1342a3e9944829ab101957c8eddffd3d18cb805507bed707b0e306d3b433:segment:011,11,16672.0,15567,activities/108_260801060832.csv,1,1,0,0
fit:80de1342a3e9944829ab101957c8eddffd3d18cb805507bed707b0e306d3b433,2026-08-01T08:46:25+00:00,226,192,160,89,9.651,226.20000000000005,32,fit:80de1342a3e9944829ab101957c8eddffd3d18cb805507bed707b0e306d3b433:segment:011,11,16673.0,15568,activities/108_260801060832.csv,1,1,0,0
fit:80de1342a3e9944829ab101957c8eddffd3d18cb805507bed707b0e306d3b433,2026-08-01T08:46:26+00:00,227,217,160,90,9.776,226.20000000000005,32,fit:80de1342a3e9944829ab101957c8eddffd3d18cb805507bed707b0e306d3b433:segment:011,11,16674.0,15569,activities/108_260801060832.csv,1,1,0,0
fit:80de1342a3e9944829ab101957c8eddffd3d18cb805507bed707b0e306d3b433,2026-08-01T08:46:27+00:00,228,134,159,92,9.916,226.20000000000005,32,fit:80de1342a3e9944829ab101957c8eddffd3d18cb805507bed707b0e306d3b433:segment:011,11,16675.0,15570,activities/108_260801060832.csv,1,1,0,0
fit:80de1342a3e9944829ab101957c8eddffd3d18cb805507bed707b0e306d3b433,2026-08-01T08:46:28+00:00,229,216,158,86,10.053,226.20000000000005,32,fit:80de1342a3e9944829ab101957c8eddffd3d18cb805507bed707b0e306d3b433:segment:011,11,16676.0,15571,activities/108_260801060832.csv,1,1,0,0
fit:80de1342a3e9944829ab101957c8eddffd3d18cb805507bed707b0e306d3b433,2026-08-01T08:46:29+00:00,230,235,158,82,10.185,226.20000000000005,32,fit:80de1342a3e9944829ab101957c8eddffd3d18cb805507bed707b0e306d3b433:segment:011,11,16677.0,15572,activities/108_260801060832.csv,1,1,0,0
fit:80de1342a3e9944829ab101957c8eddffd3d18cb805507bed707b0e306d3b433,2026-08-01T08:46:30+00:00,231,205,157,83,10.32,226.20000000000005,32,fit:80de1342a3e9944829ab101957c8eddffd3d18cb805507bed707b0e306d3b433:segment:011,11,16678.0,15573,activities/108_260801060832.csv,1,1,0,0
fit:80de1342a3e9944829ab101957c8eddffd3d18cb805507bed707b0e306d3b433,2026-08-01T08:46:31+00:00,232,174,157,83,10.304,226.39999999999998,32,fit:80de1342a3e9944829ab101957c8eddffd3d18cb805507bed707b0e306d3b433:segment:011,11,16679.0,15574,activities/108_260801060832.csv,1,1,0,0
fit:80de1342a3e9944829ab101957c8eddffd3d18cb805507bed707b0e306d3b433,2026-08-01T08:46:32+00:00,233,229,158,84,10.391,226.39999999999998,32,fit:80de1342a3e9944829ab101957c8eddffd3d18cb805507bed707b0e306d3b433:segment:011,11,16680.0,15575,activities/108_260801060832.csv,1,1,0,0
fit:80de1342a3e9944829ab101957c8eddffd3d18cb805507bed707b0e306d3b433,2026-08-01T08:46:33+00:00,234,216,158,84,10.424,226.39999999999998,32,fit:80de1342a3e9944829ab101957c8eddffd3d18cb805507bed707b0e306d3b433:segment:011,11,16681.0,15576,activities/108_260801060832.csv,1,1,0,0
fit:80de1342a3e9944829ab101957c8eddffd3d18cb805507bed707b0e306d3b433,2026-08-01T08:46:34+00:00,235,216,158,85,10.63,225.39999999999998,32,fit:80de1342a3e9944829ab101957c8eddffd3d18cb805507bed707b0e306d3b433:segment:011,11,16682.0,15577,activities/108_260801060832.csv,1,1,0,0
fit:80de1342a3e9944829ab101957c8eddffd3d18cb805507bed707b0e306d3b433,2026-08-01T08:46:35+00:00,236,190,158,85,10.706,225.39999999999998,32,fit:80de1342a3e9944829ab101957c8eddffd3d18cb805507bed707b0e306d3b433:segment:011,11,16683.0,15578,activities/108_260801060832.csv,1,1,0,0
fit:80de1342a3e9944829ab101957c8eddffd3d18cb805507bed707b0e306d3b433,2026-08-01T08:46:36+00:00,237,198,159,85,10.68,225.39999999999998,32,fit:80de1342a3e9944829ab101957c8eddffd3d18cb805507bed707b0e306d3b433:segment:011,11,16684.0,15579,activities/108_260801060832.csv,1,1,0,0
fit:80de1342a3e9944829ab101957c8eddffd3d18cb805507bed707b0e306d3b433,2026-08-01T08:46:37+00:00,238,206,159,85,10.598,225.39999999999998,32,fit:80de1342a3e9944829ab101957c8eddffd3d18cb805507bed707b0e306d3b433:segment:011,11,16685.0,15580,activities/108_260801060832.csv,1,1,0,0
fit:80de1342a3e9944829ab101957c8eddffd3d18cb805507bed707b0e306d3b433,2026-08-01T08:46:38+00:00,239,215,159,85,10.552,224.39999999999998,32,fit:80de1342a3e9944829ab101957c8eddffd3d18cb805507bed707b0e306d3b433:segment:011,11,16686.0,15581,activities/108_260801060832.csv,1,1,0,0
fit:80de1342a3e9944829ab101957c8eddffd3d18cb805507bed707b0e306d3b433,2026-08-01T08:46:39+00:00,240,229,159,85,10.519,224.39999999999998,32,fit:80de1342a3e9944829ab101957c8eddffd3d18cb805507bed707b0e306d3b433:segment:011,11,16687.0,15582,activities/108_260801060832.csv,1,1,0,0
fit:80de1342a3e9944829ab101957c8eddffd3d18cb805507bed707b0e306d3b433,2026-08-01T08:46:40+00:00,241,234,159,85,10.647,224.39999999999998,32,fit:80de1342a3e9944829ab101957c8eddffd3d18cb805507bed707b0e306d3b433:segment:011,11,16688.0,15583,activities/108_260801060832.csv,1,1,0,0
fit:80de1342a3e9944829ab101957c8eddffd3d18cb805507bed707b0e306d3b433,2026-08-01T08:46:41+00:00,242,232,159,85,10.558,224.79999999999995,32,fit:80de1342a3e9944829ab101957c8eddffd3d18cb805507bed707b0e306d3b433:segment:011,11,16689.0,15584,activities/108_260801060832.csv,1,1,0,0
fit:80de1342a3e9944829ab101957c8eddffd3d18cb805507bed707b0e306d3b433,2026-08-01T08:46:42+00:00,243,224,159,85,10.63,224.79999999999995,32,fit:80de1342a3e9944829ab101957c8eddffd3d18cb805507bed707b0e306d3b433:segment:011,11,16690.0,15585,activities/108_260801060832.csv,1,1,0,0
fit:80de1342a3e9944829ab101957c8eddffd3d18cb805507bed707b0e306d3b433,2026-08-01T08:46:43+00:00,244,216,159,85,10.615,224.79999999999995,32,fit:80de1342a3e9944829ab101957c8eddffd3d18cb805507bed707b0e306d3b433:segment:011,11,16691.0,15586,activities/108_260801060832.csv,1,1,0,0
fit:80de1342a3e9944829ab101957c8eddffd3d18cb805507bed707b0e306d3b433,2026-08-01T08:46:44+00:00,245,227,158,85,10.611,224.79999999999995,32,fit:80de1342a3e9944829ab101957c8eddffd3d18cb805507bed707b0e306d3b433:segment:011,11,16692.0,15587,activities/108_260801060832.csv,1,1,0,0
fit:80de1342a3e9944829ab101957c8eddffd3d18cb805507bed707b0e306d3b433,2026-08-01T08:46:45+00:00,246,198,158,86,10.675,224.39999999999998,32,fit:80de1342a3e9944829ab101957c8eddffd3d18cb805507bed707b0e306d3b433:segment:011,11,16693.0,15588,activities/108_260801060832.csv,1,1,0,0
fit:80de1342a3e9944829ab101957c8eddffd3d18cb805507bed707b0e306d3b433,2026-08-01T08:46:46+00:00,247,199,158,86,10.776,224.39999999999998,32,fit:80de1342a3e9944829ab101957c8eddffd3d18cb805507bed707b0e306d3b433:segment:011,11,16694.0,15589,activities/108_260801060832.csv,1,1,0,0
fit:80de1342a3e9944829ab101957c8eddffd3d18cb805507bed707b0e306d3b433,2026-08-01T08:46:47+00:00,248,189,158,86,10.698,224.39999999999998,32,fit:80de1342a3e9944829ab101957c8eddffd3d18cb805507bed707b0e306d3b433:segment:011,11,16695.0,15590,activities/108_260801060832.csv,1,1,0,0
fit:80de1342a3e9944829ab101957c8eddffd3d18cb805507bed707b0e306d3b433,2026-08-01T08:46:48+00:00,249,197,158,86,10.725,224.39999999999998,32,fit:80de1342a3e9944829ab101957c8eddffd3d18cb805507bed707b0e306d3b433:segment:011,11,16696.0,15591,activities/108_260801060832.csv,1,1,0,0
fit:80de1342a3e9944829ab101957c8eddffd3d18cb805507bed707b0e306d3b433,2026-08-01T08:46:49+00:00,250,214,158,86,10.825,224.39999999999998,32,fit:80de1342a3e9944829ab101957c8eddffd3d18cb805507bed707b0e306d3b433:segment:011,11,16697.0,15592,activities/108_260801060832.csv,1,1,0,0
fit:80de1342a3e9944829ab101957c8eddffd3d18cb805507bed707b0e306d3b433,2026-08-01T08:46:50+00:00,251,214,158,87,10.859,224.39999999999998,32,fit:80de1342a3e9944829ab101957c8eddffd3d18cb805507bed707b0e306d3b433:segment:011,11,16698.0,15593,activities/108_260801060832.csv,1,1,0,0
fit:80de1342a3e9944829ab101957c8eddffd3d18cb805507bed707b0e306d3b433,2026-08-01T08:46:51+00:00,252,223,158,87,10.906,224.39999999999998,32,fit:80de1342a3e9944829ab101957c8eddffd3d18cb805507bed707b0e306d3b433:segment:011,11,16699.0,15594,activities/108_260801060832.csv,1,1,0,0
fit:80de1342a3e9944829ab101957c8eddffd3d18cb805507bed707b0e306d3b433,2026-08-01T08:46:52+00:00,253,202,157,87,10.893,224.39999999999998,32,fit:80de1342a3e9944829ab101957c8eddffd3d18cb805507bed707b0e306d3b433:segment:011,11,16700.0,15595,activities/108_260801060832.csv,1,1,0,0
fit:80de1342a3e9944829ab101957c8eddffd3d18cb805507bed707b0e306d3b433,2026-08-01T08:46:53+00:00,254,219,157,88,10.969,224.39999999999998,32,fit:80de1342a3e9944829ab101957c8eddffd3d18cb805507bed707b0e306d3b433:segment:011,11,16701.0,15596,activities/108_260801060832.csv,1,1,0,0
fit:80de1342a3e9944829ab101957c8eddffd3d18cb805507bed707b0e306d3b433,2026-08-01T08:46:54+00:00,255,222,157,89,10.986,224.79999999999995,32,fit:80de1342a3e9944829ab101957c8eddffd3d18cb805507bed707b0e306d3b433:segment:011,11,16702.0,15597,activities/108_260801060832.csv,1,1,0,0
fit:80de1342a3e9944829ab101957c8eddffd3d18cb805507bed707b0e306d3b433,2026-08-01T08:46:55+00:00,256,222,157,89,11.004,225.79999999999995,32,fit:80de1342a3e9944829ab101957c8eddffd3d18cb805507bed707b0e306d3b433:segment:011,11,16703.0,15598,activities/108_260801060832.csv,1,1,0,0
fit:80de1342a3e9944829ab101957c8eddffd3d18cb805507bed707b0e306d3b433,2026-08-01T08:46:56+00:00,257,222,158,89,10.992,225.79999999999995,32,fit:80de1342a3e9944829ab101957c8eddffd3d18cb805507bed707b0e306d3b433:segment:011,11,16704.0,15599,activities/108_260801060832.csv,1,1,0,0
fit:80de1342a3e9944829ab101957c8eddffd3d18cb805507bed707b0e306d3b433,2026-08-01T08:46:57+00:00,258,140,158,90,11.074,225.79999999999995,32,fit:80de1342a3e9944829ab101957c8eddffd3d18cb805507bed707b0e306d3b433:segment:011,11,16705.0,15600,activities/108_260801060832.csv,1,1,0,0
fit:80de1342a3e9944829ab101957c8eddffd3d18cb805507bed707b0e306d3b433,2026-08-01T08:46:58+00:00,259,163,159,89,11.114,225.79999999999995,32,fit:80de1342a3e9944829ab101957c8eddffd3d18cb805507bed707b0e306d3b433:segment:011,11,16706.0,15601,activities/108_260801060832.csv,1,1,0,0
fit:80de1342a3e9944829ab101957c8eddffd3d18cb805507bed707b0e306d3b433,2026-08-01T08:46:59+00:00,260,216,159,89,11.153,225.0,32,fit:80de1342a3e9944829ab101957c8eddffd3d18cb805507bed707b0e306d3b433:segment:011,11,16707.0,15602,activities/108_260801060832.csv,1,1,0,0
fit:80de1342a3e9944829ab101957c8eddffd3d18cb805507bed707b0e306d3b433,2026-08-01T08:47:00+00:00,261,254,159,89,11.066,225.0,32,fit:80de1342a3e9944829ab101957c8eddffd3d18cb805507bed707b0e306d3b433:segment:011,11,16708.0,15603,activities/108_260801060832.csv,1,1,0,0
fit:80de1342a3e9944829ab101957c8eddffd3d18cb805507bed707b0e306d3b433,2026-08-01T08:47:01+00:00,262,255,159,90,11.158,225.0,32,fit:80de1342a3e9944829ab101957c8eddffd3d18cb805507bed707b0e306d3b433:segment:011,11,16709.0,15604,activities/108_260801060832.csv,1,1,0,0
fit:80de1342a3e9944829ab101957c8eddffd3d18cb805507bed707b0e306d3b433,2026-08-01T08:47:02+00:00,263,222,159,90,11.193,225.0,32,fit:80de1342a3e9944829ab101957c8eddffd3d18cb805507bed707b0e306d3b433:segment:011,11,16710.0,15605,activities/108_260801060832.csv,1,1,0,0
fit:80de1342a3e9944829ab101957c8eddffd3d18cb805507bed707b0e306d3b433,2026-08-01T08:47:03+00:00,264,222,160,90,11.229,225.0,32,fit:80de1342a3e9944829ab101957c8eddffd3d18cb805507bed707b0e306d3b433:segment:011,11,16711.0,15606,activities/108_260801060832.csv,1,1,0,0
fit:80de1342a3e9944829ab101957c8eddffd3d18cb805507bed707b0e306d3b433,2026-08-01T08:47:04+00:00,265,202,160,90,11.241,225.0,32,fit:80de1342a3e9944829ab101957c8eddffd3d18cb805507bed707b0e306d3b433:segment:011,11,16712.0,15607,activities/108_260801060832.csv,1,1,0,0
fit:80de1342a3e9944829ab101957c8eddffd3d18cb805507bed707b0e306d3b433,2026-08-01T08:47:05+00:00,266,225,160,89,11.199,225.0,32,fit:80de1342a3e9944829ab101957c8eddffd3d18cb805507bed707b0e306d3b433:segment:011,11,16713.0,15608,activities/108_260801060832.csv,1,1,0,0
fit:80de1342a3e9944829ab101957c8eddffd3d18cb805507bed707b0e306d3b433,2026-08-01T08:47:06+00:00,267,231,160,89,11.165,224.60000000000002,32,fit:80de1342a3e9944829ab101957c8eddffd3d18cb805507bed707b0e306d3b433:segment:011,11,16714.0,15609,activities/108_260801060832.csv,1,1,0,0
fit:80de1342a3e9944829ab101957c8eddffd3d18cb805507bed707b0e306d3b433,2026-08-01T08:47:07+00:00,268,215,160,89,11.153,224.20000000000005,32,fit:80de1342a3e9944829ab101957c8eddffd3d18cb805507bed707b0e306d3b433:segment:011,11,16715.0,15610,activities/108_260801060832.csv,1,1,0,0
fit:80de1342a3e9944829ab101957c8eddffd3d18cb805507bed707b0e306d3b433,2026-08-01T08:47:08+00:00,269,226,160,89,11.162,224.0,32,fit:80de1342a3e9944829ab101957c8eddffd3d18cb805507bed707b0e306d3b433:segment:011,11,16716.0,15611,activities/108_260801060832.csv,1,1,0,0
fit:80de1342a3e9944829ab101957c8eddffd3d18cb805507bed707b0e306d3b433,2026-08-01T08:47:09+00:00,270,260,161,89,11.186,224.0,32,fit:80de1342a3e9944829ab101957c8eddffd3d18cb805507bed707b0e306d3b433:segment:011,11,16717.0,15612,activities/108_260801060832.csv,1,1,0,0
fit:80de1342a3e9944829ab101957c8eddffd3d18cb805507bed707b0e306d3b433,2026-08-01T08:47:10+00:00,271,239,161,89,11.173,224.0,32,fit:80de1342a3e9944829ab101957c8eddffd3d18cb805507bed707b0e306d3b433:segment:011,11,16718.0,15613,activities/108_260801060832.csv,1,1,0,0
fit:80de1342a3e9944829ab101957c8eddffd3d18cb805507bed707b0e306d3b433,2026-08-01T08:47:11+00:00,272,232,162,89,11.11,224.39999999999998,32,fit:80de1342a3e9944829ab101957c8eddffd3d18cb805507bed707b0e306d3b433:segment:011,11,16719.0,15614,activities/108_260801060832.csv,1,1,0,0
fit:80de1342a3e9944829ab101957c8eddffd3d18cb805507bed707b0e306d3b433,2026-08-01T08:47:12+00:00,273,203,163,89,11.121,225.0,32,fit:80de1342a3e9944829ab101957c8eddffd3d18cb805507bed707b0e306d3b433:segment:011,11,16720.0,15615,activities/108_260801060832.csv,1,1,0,0
fit:80de1342a3e9944829ab101957c8eddffd3d18cb805507bed707b0e306d3b433,2026-08-01T08:47:13+00:00,274,258,163,89,11.199,225.0,32,fit:80de1342a3e9944829ab101957c8eddffd3d18cb805507bed707b0e306d3b433:segment:011,11,16721.0,15616,activities/108_260801060832.csv,1,1,0,0
fit:80de1342a3e9944829ab101957c8eddffd3d18cb805507bed707b0e306d3b433,2026-08-01T08:47:14+00:00,275,236,163,89,11.199,225.0,32,fit:80de1342a3e9944829ab101957c8eddffd3d18cb805507bed707b0e306d3b433:segment:011,11,16722.0,15617,activities/108_260801060832.csv,1,1,0,0
fit:80de1342a3e9944829ab101957c8eddffd3d18cb805507bed707b0e306d3b433,2026-08-01T08:47:15+00:00,276,232,163,89,11.144,224.39999999999998,32,fit:80de1342a3e9944829ab101957c8eddffd3d18cb805507bed707b0e306d3b433:segment:011,11,16723.0,15618,activities/108_260801060832.csv,1,1,0,0
fit:80de1342a3e9944829ab101957c8eddffd3d18cb805507bed707b0e306d3b433,2026-08-01T08:47:16+00:00,277,230,163,89,11.107,224.39999999999998,32,fit:80de1342a3e9944829ab101957c8eddffd3d18cb805507bed707b0e306d3b433:segment:011,11,16724.0,15619,activities/108_260801060832.csv,1,1,0,0
fit:80de1342a3e9944829ab101957c8eddffd3d18cb805507bed707b0e306d3b433,2026-08-01T08:47:17+00:00,278,228,163,89,11.107,224.39999999999998,32,fit:80de1342a3e9944829ab101957c8eddffd3d18cb805507bed707b0e306d3b433:segment:011,11,16725.0,15620,activities/108_260801060832.csv,1,1,0,0
fit:80de1342a3e9944829ab101957c8eddffd3d18cb805507bed707b0e306d3b433,2026-08-01T08:47:18+00:00,279,209,163,89,11.078,225.0,32,fit:80de1342a3e9944829ab101957c8eddffd3d18cb805507bed707b0e306d3b433:segment:011,11,16726.0,15621,activities/108_260801060832.csv,1,1,0,0
fit:80de1342a3e9944829ab101957c8eddffd3d18cb805507bed707b0e306d3b433,2026-08-01T08:47:19+00:00,280,185,163,90,11.124,225.0,32,fit:80de1342a3e9944829ab101957c8eddffd3d18cb805507bed707b0e306d3b433:segment:011,11,16727.0,15622,activities/108_260801060832.csv,1,1,0,0
fit:80de1342a3e9944829ab101957c8eddffd3d18cb805507bed707b0e306d3b433,2026-08-01T08:47:20+00:00,281,216,164,89,11.034,225.0,32,fit:80de1342a3e9944829ab101957c8eddffd3d18cb805507bed707b0e306d3b433:segment:011,11,16728.0,15623,activities/108_260801060832.csv,1,1,0,0
fit:80de1342a3e9944829ab101957c8eddffd3d18cb805507bed707b0e306d3b433,2026-08-01T08:47:21+00:00,282,197,164,88,10.963,224.60000000000002,32,fit:80de1342a3e9944829ab101957c8eddffd3d18cb805507bed707b0e306d3b433:segment:011,11,16729.0,15624,activities/108_260801060832.csv,1,1,0,0
fit:80de1342a3e9944829ab101957c8eddffd3d18cb805507bed707b0e306d3b433,2026-08-01T08:47:22+00:00,283,221,164,88,10.963,224.60000000000002,32,fit:80de1342a3e9944829ab101957c8eddffd3d18cb805507bed707b0e306d3b433:segment:011,11,16730.0,15625,activities/108_260801060832.csv,1,1,0,0
fit:80de1342a3e9944829ab101957c8eddffd3d18cb805507bed707b0e306d3b433,2026-08-01T08:47:23+00:00,284,214,164,88,10.821,224.60000000000002,32,fit:80de1342a3e9944829ab101957c8eddffd3d18cb805507bed707b0e306d3b433:segment:011,11,16731.0,15626,activities/108_260801060832.csv,1,1,0,0
fit:80de1342a3e9944829ab101957c8eddffd3d18cb805507bed707b0e306d3b433,2026-08-01T08:47:24+00:00,285,214,164,87,10.773,225.20000000000005,32,fit:80de1342a3e9944829ab101957c8eddffd3d18cb805507bed707b0e306d3b433:segment:011,11,16732.0,15627,activities/108_260801060832.csv,1,1,0,0
fit:80de1342a3e9944829ab101957c8eddffd3d18cb805507bed707b0e306d3b433,2026-08-01T08:47:25+00:00,286,213,164,87,10.838,225.20000000000005,32,fit:80de1342a3e9944829ab101957c8eddffd3d18cb805507bed707b0e306d3b433:segment:011,11,16733.0,15628,activities/108_260801060832.csv,1,1,0,0
fit:80de1342a3e9944829ab101957c8eddffd3d18cb805507bed707b0e306d3b433,2026-08-01T08:47:26+00:00,287,230,163,86,10.838,225.20000000000005,32,fit:80de1342a3e9944829ab101957c8eddffd3d18cb805507bed707b0e306d3b433:segment:011,11,16734.0,15629,activities/108_260801060832.csv,1,1,0,0
fit:80de1342a3e9944829ab101957c8eddffd3d18cb805507bed707b0e306d3b433,2026-08-01T08:47:27+00:00,288,247,163,95,10.732,225.20000000000005,32,fit:80de1342a3e9944829ab101957c8eddffd3d18cb805507bed707b0e306d3b433:segment:011,11,16735.0,15630,activities/108_260801060832.csv,1,1,0,0
fit:80de1342a3e9944829ab101957c8eddffd3d18cb805507bed707b0e306d3b433,2026-08-01T08:47:28+00:00,289,240,163,96,10.458,225.20000000000005,32,fit:80de1342a3e9944829ab101957c8eddffd3d18cb805507bed707b0e306d3b433:segment:011,11,16736.0,15631,activities/108_260801060832.csv,1,1,0,0
fit:80de1342a3e9944829ab101957c8eddffd3d18cb805507bed707b0e306d3b433,2026-08-01T08:47:29+00:00,290,244,162,94,10.399,225.60000000000002,32,fit:80de1342a3e9944829ab101957c8eddffd3d18cb805507bed707b0e306d3b433:segment:011,11,16737.0,15632,activities/108_260801060832.csv,1,1,0,0
fit:80de1342a3e9944829ab101957c8eddffd3d18cb805507bed707b0e306d3b433,2026-08-01T08:47:30+00:00,291,264,162,92,10.312,226.0,32,fit:80de1342a3e9944829ab101957c8eddffd3d18cb805507bed707b0e306d3b433:segment:011,11,16738.0,15633,activities/108_260801060832.csv,1,1,0,0
fit:80de1342a3e9944829ab101957c8eddffd3d18cb805507bed707b0e306d3b433,2026-08-01T08:47:31+00:00,292,258,162,91,10.135,226.0,32,fit:80de1342a3e9944829ab101957c8eddffd3d18cb805507bed707b0e306d3b433:segment:011,11,16739.0,15634,activities/108_260801060832.csv,1,1,0,0
fit:80de1342a3e9944829ab101957c8eddffd3d18cb805507bed707b0e306d3b433,2026-08-01T08:47:32+00:00,293,253,162,90,10.059,226.0,32,fit:80de1342a3e9944829ab101957c8eddffd3d18cb805507bed707b0e306d3b433:segment:011,11,16740.0,15635,activities/108_260801060832.csv,1,1,0,0
fit:80de1342a3e9944829ab101957c8eddffd3d18cb805507bed707b0e306d3b433,2026-08-01T08:47:33+00:00,294,247,162,89,10.019,226.0,32,fit:80de1342a3e9944829ab101957c8eddffd3d18cb805507bed707b0e306d3b433:segment:011,11,16741.0,15636,activities/108_260801060832.csv,1,1,0,0
fit:80de1342a3e9944829ab101957c8eddffd3d18cb805507bed707b0e306d3b433,2026-08-01T08:47:34+00:00,295,248,163,88,9.966,227.0,32,fit:80de1342a3e9944829ab101957c8eddffd3d18cb805507bed707b0e306d3b433:segment:011,11,16742.0,15637,activities/108_260801060832.csv,1,1,0,0
fit:80de1342a3e9944829ab101957c8eddffd3d18cb805507bed707b0e306d3b433,2026-08-01T08:47:35+00:00,296,275,163,88,9.786,227.0,32,fit:80de1342a3e9944829ab101957c8eddffd3d18cb805507bed707b0e306d3b433:segment:011,11,16743.0,15638,activities/108_260801060832.csv,1,1,0,0
fit:80de1342a3e9944829ab101957c8eddffd3d18cb805507bed707b0e306d3b433,2026-08-01T08:47:36+00:00,297,275,164,86,9.643,227.0,32,fit:80de1342a3e9944829ab101957c8eddffd3d18cb805507bed707b0e306d3b433:segment:011,11,16744.0,15639,activities/108_260801060832.csv,1,1,0,0
fit:80de1342a3e9944829ab101957c8eddffd3d18cb805507bed707b0e306d3b433,2026-08-01T08:47:37+00:00,298,274,164,85,9.459,227.0,32,fit:80de1342a3e9944829ab101957c8eddffd3d18cb805507bed707b0e306d3b433:segment:011,11,16745.0,15640,activities/108_260801060832.csv,1,1,0,0
fit:80de1342a3e9944829ab101957c8eddffd3d18cb805507bed707b0e306d3b433,2026-08-01T08:47:38+00:00,299,265,165,84,9.315,227.0,32,fit:80de1342a3e9944829ab101957c8eddffd3d18cb805507bed707b0e306d3b433:segment:011,11,16746.0,15641,activities/108_260801060832.csv,1,1,0,0
fit:80de1342a3e9944829ab101957c8eddffd3d18cb805507bed707b0e306d3b433,2026-08-01T08:47:39+00:00,300,254,166,85,9.313,228.0,32,fit:80de1342a3e9944829ab101957c8eddffd3d18cb805507bed707b0e306d3b433:segment:011,11,16747.0,15642,activities/108_260801060832.csv,1,1,0,0
fit:80de1342a3e9944829ab101957c8eddffd3d18cb805507bed707b0e306d3b433,2026-08-01T08:47:40+00:00,301,209,166,85,9.193,228.60000000000002,32,fit:80de1342a3e9944829ab101957c8eddffd3d18cb805507bed707b0e306d3b433:segment:011,11,16748.0,15643,activities/108_260801060832.csv,1,1,0,0
fit:80de1342a3e9944829ab101957c8eddffd3d18cb805507bed707b0e306d3b433,2026-08-01T08:47:41+00:00,302,196,167,86,9.371,228.60000000000002,32,fit:80de1342a3e9944829ab101957c8eddffd3d18cb805507bed707b0e306d3b433:segment:011,11,16749.0,15644,activities/108_260801060832.csv,1,1,0,0
fit:80de1342a3e9944829ab101957c8eddffd3d18cb805507bed707b0e306d3b433,2026-08-01T08:47:42+00:00,303,260,168,87,9.507,228.60000000000002,32,fit:80de1342a3e9944829ab101957c8eddffd3d18cb805507bed707b0e306d3b433:segment:011,11,16750.0,15645,activities/108_260801060832.csv,1,1,0,0
fit:80de1342a3e9944829ab101957c8eddffd3d18cb805507bed707b0e306d3b433,2026-08-01T08:47:43+00:00,304,266,168,87,9.555,227.60000000000002,32,fit:80de1342a3e9944829ab101957c8eddffd3d18cb805507bed707b0e306d3b433:segment:011,11,16751.0,15646,activities/108_260801060832.csv,1,1,0,0
fit:80de1342a3e9944829ab101957c8eddffd3d18cb805507bed707b0e306d3b433,2026-08-01T08:47:44+00:00,305,250,168,90,9.766,227.60000000000002,32,fit:80de1342a3e9944829ab101957c8eddffd3d18cb805507bed707b0e306d3b433:segment:011,11,16752.0,15647,activities/108_260801060832.csv,1,1,0,0
fit:80de1342a3e9944829ab101957c8eddffd3d18cb805507bed707b0e306d3b433,2026-08-01T08:47:45+00:00,306,192,168,92,10.0,227.60000000000002,32,fit:80de1342a3e9944829ab101957c8eddffd3d18cb805507bed707b0e306d3b433:segment:011,11,16753.0,15648,activities/108_260801060832.csv,1,1,0,0
fit:80de1342a3e9944829ab101957c8eddffd3d18cb805507bed707b0e306d3b433,2026-08-01T08:47:46+00:00,307,161,168,93,10.214,227.60000000000002,32,fit:80de1342a3e9944829ab101957c8eddffd3d18cb805507bed707b0e306d3b433:segment:011,11,16754.0,15649,activities/108_260801060832.csv,1,1,0,0
fit:80de1342a3e9944829ab101957c8eddffd3d18cb805507bed707b0e306d3b433,2026-08-01T08:47:47+00:00,308,163,168,94,10.3,228.20000000000005,32,fit:80de1342a3e9944829ab101957c8eddffd3d18cb805507bed707b0e306d3b433:segment:011,11,16755.0,15650,activities/108_260801060832.csv,1,1,0,0
fit:80de1342a3e9944829ab101957c8eddffd3d18cb805507bed707b0e306d3b433,2026-08-01T08:47:48+00:00,309,189,168,95,10.395,228.20000000000005,32,fit:80de1342a3e9944829ab101957c8eddffd3d18cb805507bed707b0e306d3b433:segment:011,11,16756.0,15651,activities/108_260801060832.csv,1,1,0,0
fit:80de1342a3e9944829ab101957c8eddffd3d18cb805507bed707b0e306d3b433,2026-08-01T08:47:49+00:00,310,178,168,96,10.417,228.20000000000005,32,fit:80de1342a3e9944829ab101957c8eddffd3d18cb805507bed707b0e306d3b433:segment:011,11,16757.0,15652,activities/108_260801060832.csv,1,1,0,0
fit:80de1342a3e9944829ab101957c8eddffd3d18cb805507bed707b0e306d3b433,2026-08-01T08:47:50+00:00,311,176,169,96,10.546,227.20000000000005,32,fit:80de1342a3e9944829ab101957c8eddffd3d18cb805507bed707b0e306d3b433:segment:011,11,16758.0,15653,activities/108_260801060832.csv,1,1,0,0
fit:80de1342a3e9944829ab101957c8eddffd3d18cb805507bed707b0e306d3b433,2026-08-01T08:47:51+00:00,312,175,169,97,10.671,227.20000000000005,32,fit:80de1342a3e9944829ab101957c8eddffd3d18cb805507bed707b0e306d3b433:segment:011,11,16759.0,15654,activities/108_260801060832.csv,1,1,0,0
fit:80de1342a3e9944829ab101957c8eddffd3d18cb805507bed707b0e306d3b433,2026-08-01T08:47:52+00:00,313,161,169,97,10.771,227.20000000000005,32,fit:80de1342a3e9944829ab101957c8eddffd3d18cb805507bed707b0e306d3b433:segment:011,11,16760.0,15655,activities/108_260801060832.csv,1,1,0,0
fit:80de1342a3e9944829ab101957c8eddffd3d18cb805507bed707b0e306d3b433,2026-08-01T08:47:53+00:00,314,189,169,97,10.713,227.20000000000005,32,fit:80de1342a3e9944829ab101957c8eddffd3d18cb805507bed707b0e306d3b433:segment:011,11,16761.0,15656,activities/108_260801060832.csv,1,1,0,0
fit:80de1342a3e9944829ab101957c8eddffd3d18cb805507bed707b0e306d3b433,2026-08-01T08:47:54+00:00,315,173,169,97,10.739,227.20000000000005,32,fit:80de1342a3e9944829ab101957c8eddffd3d18cb805507bed707b0e306d3b433:segment:011,11,16762.0,15657,activities/108_260801060832.csv,1,1,0,0
fit:80de1342a3e9944829ab101957c8eddffd3d18cb805507bed707b0e306d3b433,2026-08-01T08:47:55+00:00,316,174,169,97,10.83,227.20000000000005,32,fit:80de1342a3e9944829ab101957c8eddffd3d18cb805507bed707b0e306d3b433:segment:011,11,16763.0,15658,activities/108_260801060832.csv,1,1,0,0
fit:80de1342a3e9944829ab101957c8eddffd3d18cb805507bed707b0e306d3b433,2026-08-01T08:47:56+00:00,317,171,169,97,10.759,226.60000000000002,32,fit:80de1342a3e9944829ab101957c8eddffd3d18cb805507bed707b0e306d3b433:segment:011,11,16764.0,15659,activities/108_260801060832.csv,1,1,0,0
fit:80de1342a3e9944829ab101957c8eddffd3d18cb805507bed707b0e306d3b433,2026-08-01T08:47:57+00:00,318,184,168,97,10.652,226.60000000000002,32,fit:80de1342a3e9944829ab101957c8eddffd3d18cb805507bed707b0e306d3b433:segment:011,11,16765.0,15660,activities/108_260801060832.csv,1,1,0,0
fit:80de1342a3e9944829ab101957c8eddffd3d18cb805507bed707b0e306d3b433,2026-08-01T08:47:58+00:00,319,197,167,97,10.652,226.60000000000002,32,fit:80de1342a3e9944829ab101957c8eddffd3d18cb805507bed707b0e306d3b433:segment:011,11,16766.0,15661,activities/108_260801060832.csv,1,1,0,0
fit:80de1342a3e9944829ab101957c8eddffd3d18cb805507bed707b0e306d3b433,2026-08-01T08:47:59+00:00,320,173,167,98,10.804,226.60000000000002,32,fit:80de1342a3e9944829ab101957c8eddffd3d18cb805507bed707b0e306d3b433:segment:011,11,16767.0,15662,activities/108_260801060832.csv,1,1,0,0
fit:80de1342a3e9944829ab101957c8eddffd3d18cb805507bed707b0e306d3b433,2026-08-01T08:48:00+00:00,321,184,166,98,10.797,226.60000000000002,32,fit:80de1342a3e9944829ab101957c8eddffd3d18cb805507bed707b0e306d3b433:segment:011,11,16768.0,15663,activities/108_260801060832.csv,1,1,0,0
fit:80de1342a3e9944829ab101957c8eddffd3d18cb805507bed707b0e306d3b433,2026-08-01T08:48:01+00:00,322,169,166,99,10.853,226.60000000000002,32,fit:80de1342a3e9944829ab101957c8eddffd3d18cb805507bed707b0e306d3b433:segment:011,11,16769.0,15664,activities/108_260801060832.csv,1,1,0,0
fit:80de1342a3e9944829ab101957c8eddffd3d18cb805507bed707b0e306d3b433,2026-08-01T08:48:02+00:00,323,141,165,99,11.066,226.60000000000002,32,fit:80de1342a3e9944829ab101957c8eddffd3d18cb805507bed707b0e306d3b433:segment:011,11,16770.0,15665,activities/108_260801060832.csv,1,1,0,0
fit:80de1342a3e9944829ab101957c8eddffd3d18cb805507bed707b0e306d3b433,2026-08-01T08:48:03+00:00,324,142,165,99,11.036,226.60000000000002,32,fit:80de1342a3e9944829ab101957c8eddffd3d18cb805507bed707b0e306d3b433:segment:011,11,16771.0,15666,activities/108_260801060832.csv,1,1,0,0
fit:80de1342a3e9944829ab101957c8eddffd3d18cb805507bed707b0e306d3b433,2026-08-01T08:48:04+00:00,325,134,165,99,10.895,225.60000000000002,32,fit:80de1342a3e9944829ab101957c8eddffd3d18cb805507bed707b0e306d3b433:segment:011,11,16772.0,15667,activities/108_260801060832.csv,1,1,0,0
fit:80de1342a3e9944829ab101957c8eddffd3d18cb805507bed707b0e306d3b433,2026-08-01T08:48:05+00:00,326,136,165,99,10.894,225.20000000000005,32,fit:80de1342a3e9944829ab101957c8eddffd3d18cb805507bed707b0e306d3b433:segment:011,11,16773.0,15668,activities/108_260801060832.csv,1,1,0,0
fit:80de1342a3e9944829ab101957c8eddffd3d18cb805507bed707b0e306d3b433,2026-08-01T08:48:06+00:00,327,136,165,100,10.955,225.0,32,fit:80de1342a3e9944829ab101957c8eddffd3d18cb805507bed707b0e306d3b433:segment:011,11,16774.0,15669,activities/108_260801060832.csv,1,1,0,0
fit:80de1342a3e9944829ab101957c8eddffd3d18cb805507bed707b0e306d3b433,2026-08-01T08:48:07+00:00,328,135,164,100,11.008,224.60000000000002,32,fit:80de1342a3e9944829ab101957c8eddffd3d18cb805507bed707b0e306d3b433:segment:011,11,16775.0,15670,activities/108_260801060832.csv,1,1,0,0
fit:80de1342a3e9944829ab101957c8eddffd3d18cb805507bed707b0e306d3b433,2026-08-01T08:48:08+00:00,329,140,164,101,11.213,224.60000000000002,32,fit:80de1342a3e9944829ab101957c8eddffd3d18cb805507bed707b0e306d3b433:segment:011,11,16776.0,15671,activities/108_260801060832.csv,1,1,0,0
fit:80de1342a3e9944829ab101957c8eddffd3d18cb805507bed707b0e306d3b433,2026-08-01T08:48:09+00:00,330,125,164,102,11.065,224.60000000000002,32,fit:80de1342a3e9944829ab101957c8eddffd3d18cb805507bed707b0e306d3b433:segment:011,11,16777.0,15672,activities/108_260801060832.csv,1,1,0,0
fit:80de1342a3e9944829ab101957c8eddffd3d18cb805507bed707b0e306d3b433,2026-08-01T08:48:10+00:00,331,125,163,103,11.284,224.60000000000002,32,fit:80de1342a3e9944829ab101957c8eddffd3d18cb805507bed707b0e306d3b433:segment:011,11,16778.0,15673,activities/108_260801060832.csv,1,1,0,0
fit:80de1342a3e9944829ab101957c8eddffd3d18cb805507bed707b0e306d3b433,2026-08-01T08:48:11+00:00,332,125,162,103,11.335,224.60000000000002,32,fit:80de1342a3e9944829ab101957c8eddffd3d18cb805507bed707b0e306d3b433:segment:011,11,16779.0,15674,activities/108_260801060832.csv,1,1,0,0
fit:80de1342a3e9944829ab101957c8eddffd3d18cb805507bed707b0e306d3b433,2026-08-01T08:48:12+00:00,333,125,161,103,11.403,224.60000000000002,32,fit:80de1342a3e9944829ab101957c8eddffd3d18cb805507bed707b0e306d3b433:segment:011,11,16780.0,15675,activities/108_260801060832.csv,1,1,0,0
fit:80de1342a3e9944829ab101957c8eddffd3d18cb805507bed707b0e306d3b433,2026-08-01T08:48:13+00:00,334,0,161,103,11.403,224.60000000000002,32,fit:80de1342a3e9944829ab101957c8eddffd3d18cb805507bed707b0e306d3b433:segment:011,11,16781.0,15676,activities/108_260801060832.csv,1,1,0,0
fit:80de1342a3e9944829ab101957c8eddffd3d18cb805507bed707b0e306d3b433,2026-08-01T08:48:14+00:00,335,0,160,0,11.521,223.60000000000002,32,fit:80de1342a3e9944829ab101957c8eddffd3d18cb805507bed707b0e306d3b433:segment:011,11,16782.0,15677,activities/108_260801060832.csv,1,1,0,0
fit:80de1342a3e9944829ab101957c8eddffd3d18cb805507bed707b0e306d3b433,2026-08-01T08:48:15+00:00,336,0,159,0,11.543,222.60000000000002,32,fit:80de1342a3e9944829ab101957c8eddffd3d18cb805507bed707b0e306d3b433:segment:011,11,16783.0,15678,activities/108_260801060832.csv,1,1,0,0
fit:80de1342a3e9944829ab101957c8eddffd3d18cb805507bed707b0e306d3b433,2026-08-01T08:48:16+00:00,337,0,157,0,11.432,222.20000000000005,32,fit:80de1342a3e9944829ab101957c8eddffd3d18cb805507bed707b0e306d3b433:segment:011,11,16784.0,15679,activities/108_260801060832.csv,1,1,0,0
fit:80de1342a3e9944829ab101957c8eddffd3d18cb805507bed707b0e306d3b433,2026-08-01T08:48:17+00:00,338,0,157,0,11.522,221.39999999999998,32,fit:80de1342a3e9944829ab101957c8eddffd3d18cb805507bed707b0e306d3b433:segment:011,11,16785.0,15680,activities/108_260801060832.csv,1,1,0,0
fit:80de1342a3e9944829ab101957c8eddffd3d18cb805507bed707b0e306d3b433,2026-08-01T08:48:18+00:00,339,0,155,0,11.564,221.39999999999998,32,fit:80de1342a3e9944829ab101957c8eddffd3d18cb805507bed707b0e306d3b433:segment:011,11,16786.0,15681,activities/108_260801060832.csv,1,1,0,0
fit:80de1342a3e9944829ab101957c8eddffd3d18cb805507bed707b0e306d3b433,2026-08-01T08:48:19+00:00,340,0,153,0,11.564,221.39999999999998,32,fit:80de1342a3e9944829ab101957c8eddffd3d18cb805507bed707b0e306d3b433:segment:011,11,16787.0,15682,activities/108_260801060832.csv,1,1,0,0
fit:80de1342a3e9944829ab101957c8eddffd3d18cb805507bed707b0e306d3b433,2026-08-01T08:48:20+00:00,341,0,151,0,11.789,221.39999999999998,32,fit:80de1342a3e9944829ab101957c8eddffd3d18cb805507bed707b0e306d3b433:segment:011,11,16788.0,15683,activities/108_260801060832.csv,1,1,0,0
fit:80de1342a3e9944829ab101957c8eddffd3d18cb805507bed707b0e306d3b433,2026-08-01T08:48:21+00:00,342,0,149,0,11.842,220.39999999999998,32,fit:80de1342a3e9944829ab101957c8eddffd3d18cb805507bed707b0e306d3b433:segment:011,11,16789.0,15684,activities/108_260801060832.csv,1,1,0,0
fit:80de1342a3e9944829ab101957c8eddffd3d18cb805507bed707b0e306d3b433,2026-08-01T08:48:22+00:00,343,0,148,0,11.96,219.39999999999998,32,fit:80de1342a3e9944829ab101957c8eddffd3d18cb805507bed707b0e306d3b433:segment:011,11,16790.0,15685,activities/108_260801060832.csv,1,1,0,0
fit:80de1342a3e9944829ab101957c8eddffd3d18cb805507bed707b0e306d3b433,2026-08-01T08:48:23+00:00,344,162,148,0,12.107,219.0,32,fit:80de1342a3e9944829ab101957c8eddffd3d18cb805507bed707b0e306d3b433:segment:011,11,16791.0,15686,activities/108_260801060832.csv,1,1,0,0
fit:80de1342a3e9944829ab101957c8eddffd3d18cb805507bed707b0e306d3b433,2026-08-01T08:48:24+00:00,345,223,147,99,12.237,218.0,32,fit:80de1342a3e9944829ab101957c8eddffd3d18cb805507bed707b0e306d3b433:segment:011,11,16792.0,15687,activities/108_260801060832.csv,1,1,0,0
fit:80de1342a3e9944829ab101957c8eddffd3d18cb805507bed707b0e306d3b433,2026-08-01T08:48:25+00:00,346,202,146,87,12.28,217.60000000000002,32,fit:80de1342a3e9944829ab101957c8eddffd3d18cb805507bed707b0e306d3b433:segment:011,11,16793.0,15688,activities/108_260801060832.csv,1,1,0,0
fit:80de1342a3e9944829ab101957c8eddffd3d18cb805507bed707b0e306d3b433,2026-08-01T08:48:26+00:00,347,170,146,88,12.541,217.20000000000005,32,fit:80de1342a3e9944829ab101957c8eddffd3d18cb805507bed707b0e306d3b433:segment:011,11,16794.0,15689,activities/108_260801060832.csv,1,1,0,0
fit:80de1342a3e9944829ab101957c8eddffd3d18cb805507bed707b0e306d3b433,2026-08-01T08:48:27+00:00,348,137,145,89,12.689,217.0,32,fit:80de1342a3e9944829ab101957c8eddffd3d18cb805507bed707b0e306d3b433:segment:011,11,16795.0,15690,activities/108_260801060832.csv,1,1,0,0
fit:80de1342a3e9944829ab101957c8eddffd3d18cb805507bed707b0e306d3b433,2026-08-01T08:48:28+00:00,349,126,145,91,12.801,216.39999999999998,32,fit:80de1342a3e9944829ab101957c8eddffd3d18cb805507bed707b0e306d3b433:segment:011,11,16796.0,15691,activities/108_260801060832.csv,1,1,0,0
fit:80de1342a3e9944829ab101957c8eddffd3d18cb805507bed707b0e306d3b433,2026-08-01T08:48:29+00:00,350,161,145,91,12.94,215.39999999999998,32,fit:80de1342a3e9944829ab101957c8eddffd3d18cb805507bed707b0e306d3b433:segment:011,11,16797.0,15692,activities/108_260801060832.csv,1,1,0,0
fit:80de1342a3e9944829ab101957c8eddffd3d18cb805507bed707b0e306d3b433,2026-08-01T08:48:30+00:00,351,144,144,92,13.133,214.39999999999998,32,fit:80de1342a3e9944829ab101957c8eddffd3d18cb805507bed707b0e306d3b433:segment:011,11,16798.0,15693,activities/108_260801060832.csv,1,1,0,0
fit:80de1342a3e9944829ab101957c8eddffd3d18cb805507bed707b0e306d3b433,2026-08-01T08:48:31+00:00,352,166,144,93,13.293,214.39999999999998,32,fit:80de1342a3e9944829ab101957c8eddffd3d18cb805507bed707b0e306d3b433:segment:011,11,16799.0,15694,activities/108_260801060832.csv,1,1,0,0
fit:80de1342a3e9944829ab101957c8eddffd3d18cb805507bed707b0e306d3b433,2026-08-01T08:48:32+00:00,353,176,143,93,13.285,214.39999999999998,32,fit:80de1342a3e9944829ab101957c8eddffd3d18cb805507bed707b0e306d3b433:segment:011,11,16800.0,15695,activities/108_260801060832.csv,1,1,0,0
fit:80de1342a3e9944829ab101957c8eddffd3d18cb805507bed707b0e306d3b433,2026-08-01T08:48:33+00:00,354,182,143,94,13.423,214.39999999999998,32,fit:80de1342a3e9944829ab101957c8eddffd3d18cb805507bed707b0e306d3b433:segment:011,11,16801.0,15696,activities/108_260801060832.csv,1,1,0,0
fit:80de1342a3e9944829ab101957c8eddffd3d18cb805507bed707b0e306d3b433,2026-08-01T08:48:34+00:00,355,180,143,94,13.425,214.39999999999998,32,fit:80de1342a3e9944829ab101957c8eddffd3d18cb805507bed707b0e306d3b433:segment:011,11,16802.0,15697,activities/108_260801060832.csv,1,1,0,0
fit:80de1342a3e9944829ab101957c8eddffd3d18cb805507bed707b0e306d3b433,2026-08-01T08:48:35+00:00,356,158,142,95,13.537,213.39999999999998,32,fit:80de1342a3e9944829ab101957c8eddffd3d18cb805507bed707b0e306d3b433:segment:011,11,16803.0,15698,activities/108_260801060832.csv,1,1,0,0
fit:80de1342a3e9944829ab101957c8eddffd3d18cb805507bed707b0e306d3b433,2026-08-01T08:48:36+00:00,357,158,142,95,13.619,212.39999999999998,32,fit:80de1342a3e9944829ab101957c8eddffd3d18cb805507bed707b0e306d3b433:segment:011,11,16804.0,15699,activities/108_260801060832.csv,1,1,0,0
fit:80de1342a3e9944829ab101957c8eddffd3d18cb805507bed707b0e306d3b433,2026-08-01T08:48:37+00:00,358,158,142,95,13.78,211.60000000000002,32,fit:80de1342a3e9944829ab101957c8eddffd3d18cb805507bed707b0e306d3b433:segment:011,11,16805.0,15700,activities/108_260801060832.csv,1,1,0,0
fit:80de1342a3e9944829ab101957c8eddffd3d18cb805507bed707b0e306d3b433,2026-08-01T08:48:38+00:00,359,151,142,96,13.888,211.39999999999998,32,fit:80de1342a3e9944829ab101957c8eddffd3d18cb805507bed707b0e306d3b433:segment:011,11,16806.0,15701,activities/108_260801060832.csv,1,1,0,0
fit:80de1342a3e9944829ab101957c8eddffd3d18cb805507bed707b0e306d3b433,2026-08-01T08:48:39+00:00,360,145,142,96,13.859,210.39999999999998,32,fit:80de1342a3e9944829ab101957c8eddffd3d18cb805507bed707b0e306d3b433:segment:011,11,16807.0,15702,activities/108_260801060832.csv,1,1,0,0
fit:80de1342a3e9944829ab101957c8eddffd3d18cb805507bed707b0e306d3b433,2026-08-01T08:48:40+00:00,361,145,143,96,13.781,210.20000000000005,32,fit:80de1342a3e9944829ab101957c8eddffd3d18cb805507bed707b0e306d3b433:segment:011,11,16808.0,15703,activities/108_260801060832.csv,1,1,0,0
fit:80de1342a3e9944829ab101957c8eddffd3d18cb805507bed707b0e306d3b433,2026-08-01T08:48:41+00:00,362,165,143,96,13.724,209.79999999999995,32,fit:80de1342a3e9944829ab101957c8eddffd3d18cb805507bed707b0e306d3b433:segment:011,11,16809.0,15704,activities/108_260801060832.csv,1,1,0,0
fit:80de1342a3e9944829ab101957c8eddffd3d18cb805507bed707b0e306d3b433,2026-08-01T08:48:42+00:00,363,161,143,96,13.686,209.79999999999995,32,fit:80de1342a3e9944829ab101957c8eddffd3d18cb805507bed707b0e306d3b433:segment:011,11,16810.0,15705,activities/108_260801060832.csv,1,1,0,0
fit:80de1342a3e9944829ab101957c8eddffd3d18cb805507bed707b0e306d3b433,2026-08-01T08:48:43+00:00,364,178,143,95,13.808,209.79999999999995,32,fit:80de1342a3e9944829ab101957c8eddffd3d18cb805507bed707b0e306d3b433:segment:011,11,16811.0,15706,activities/108_260801060832.csv,1,1,0,0
fit:80de1342a3e9944829ab101957c8eddffd3d18cb805507bed707b0e306d3b433,2026-08-01T08:48:44+00:00,365,183,144,95,13.812,209.79999999999995,32,fit:80de1342a3e9944829ab101957c8eddffd3d18cb805507bed707b0e306d3b433:segment:011,11,16812.0,15707,activities/108_260801060832.csv,1,1,0,0
fit:80de1342a3e9944829ab101957c8eddffd3d18cb805507bed707b0e306d3b433,2026-08-01T08:48:45+00:00,366,170,144,95,13.722,208.79999999999995,31,fit:80de1342a3e9944829ab101957c8eddffd3d18cb805507bed707b0e306d3b433:segment:011,11,16813.0,15708,activities/108_260801060832.csv,1,1,0,0
fit:80de1342a3e9944829ab101957c8eddffd3d18cb805507bed707b0e306d3b433,2026-08-01T08:48:46+00:00,367,194,144,94,13.63,208.20000000000005,31,fit:80de1342a3e9944829ab101957c8eddffd3d18cb805507bed707b0e306d3b433:segment:011,11,16814.0,15709,activities/108_260801060832.csv,1,1,0,0
fit:80de1342a3e9944829ab101957c8eddffd3d18cb805507bed707b0e306d3b433,2026-08-01T08:48:47+00:00,368,176,144,93,13.538,207.79999999999995,31,fit:80de1342a3e9944829ab101957c8eddffd3d18cb805507bed707b0e306d3b433:segment:011,11,16815.0,15710,activities/108_260801060832.csv,1,1,0,0
fit:80de1342a3e9944829ab101957c8eddffd3d18cb805507bed707b0e306d3b433,2026-08-01T08:48:48+00:00,369,157,147,93,13.507,207.79999999999995,31,fit:80de1342a3e9944829ab101957c8eddffd3d18cb805507bed707b0e306d3b433:segment:011,11,16816.0,15711,activities/108_260801060832.csv,1,1,0,0
fit:80de1342a3e9944829ab101957c8eddffd3d18cb805507bed707b0e306d3b433,2026-08-01T08:48:49+00:00,370,277,147,91,13.309,207.79999999999995,31,fit:80de1342a3e9944829ab101957c8eddffd3d18cb805507bed707b0e306d3b433:segment:011,11,16817.0,15712,activities/108_260801060832.csv,1,1,0,0
fit:80de1342a3e9944829ab101957c8eddffd3d18cb805507bed707b0e306d3b433,2026-08-01T08:48:50+00:00,371,224,148,90,13.191,208.20000000000005,31,fit:80de1342a3e9944829ab101957c8eddffd3d18cb805507bed707b0e306d3b433:segment:011,11,16818.0,15713,activities/108_260801060832.csv,1,1,0,0
fit:80de1342a3e9944829ab101957c8eddffd3d18cb805507bed707b0e306d3b433,2026-08-01T08:48:51+00:00,372,225,149,89,13.137,208.20000000000005,31,fit:80de1342a3e9944829ab101957c8eddffd3d18cb805507bed707b0e306d3b433:segment:011,11,16819.0,15714,activities/108_260801060832.csv,1,1,0,0
fit:80de1342a3e9944829ab101957c8eddffd3d18cb805507bed707b0e306d3b433,2026-08-01T08:48:52+00:00,373,248,149,89,13.063,208.60000000000002,31,fit:80de1342a3e9944829ab101957c8eddffd3d18cb805507bed707b0e306d3b433:segment:011,11,16820.0,15715,activities/108_260801060832.csv,1,1,0,0
fit:80de1342a3e9944829ab101957c8eddffd3d18cb805507bed707b0e306d3b433,2026-08-01T08:48:53+00:00,374,246,149,88,12.953,209.0,31,fit:80de1342a3e9944829ab101957c8eddffd3d18cb805507bed707b0e306d3b433:segment:011,11,16821.0,15716,activities/108_260801060832.csv,1,1,0,0
fit:80de1342a3e9944829ab101957c8eddffd3d18cb805507bed707b0e306d3b433,2026-08-01T08:48:54+00:00,375,233,149,88,12.896,209.0,31,fit:80de1342a3e9944829ab101957c8eddffd3d18cb805507bed707b0e306d3b433:segment:011,11,16822.0,15717,activities/108_260801060832.csv,1,1,0,0
fit:80de1342a3e9944829ab101957c8eddffd3d18cb805507bed707b0e306d3b433,2026-08-01T08:48:55+00:00,376,234,150,88,12.672,209.0,31,fit:80de1342a3e9944829ab101957c8eddffd3d18cb805507bed707b0e306d3b433:segment:011,11,16823.0,15718,activities/108_260801060832.csv,1,1,0,0
fit:80de1342a3e9944829ab101957c8eddffd3d18cb805507bed707b0e306d3b433,2026-08-01T08:48:56+00:00,377,152,150,89,12.551,208.79999999999995,31,fit:80de1342a3e9944829ab101957c8eddffd3d18cb805507bed707b0e306d3b433:segment:011,11,16824.0,15719,activities/108_260801060832.csv,1,1,0,0
fit:80de1342a3e9944829ab101957c8eddffd3d18cb805507bed707b0e306d3b433,2026-08-01T08:48:57+00:00,378,275,150,99,12.467,208.20000000000005,31,fit:80de1342a3e9944829ab101957c8eddffd3d18cb805507bed707b0e306d3b433:segment:011,11,16825.0,15720,activities/108_260801060832.csv,1,1,0,0
fit:80de1342a3e9944829ab101957c8eddffd3d18cb805507bed707b0e306d3b433,2026-08-01T08:48:58+00:00,379,244,150,99,12.384,208.0,31,fit:80de1342a3e9944829ab101957c8eddffd3d18cb805507bed707b0e306d3b433:segment:011,11,16826.0,15721,activities/108_260801060832.csv,1,1,0,0
fit:80de1342a3e9944829ab101957c8eddffd3d18cb805507bed707b0e306d3b433,2026-08-01T08:48:59+00:00,380,245,150,99,12.321,208.0,31,fit:80de1342a3e9944829ab101957c8eddffd3d18cb805507bed707b0e306d3b433:segment:011,11,16827.0,15722,activities/108_260801060832.csv,1,1,0,0
fit:80de1342a3e9944829ab101957c8eddffd3d18cb805507bed707b0e306d3b433,2026-08-01T08:49:00+00:00,381,253,151,99,12.337,208.0,31,fit:80de1342a3e9944829ab101957c8eddffd3d18cb805507bed707b0e306d3b433:segment:011,11,16828.0,15723,activities/108_260801060832.csv,1,1,0,0
fit:80de1342a3e9944829ab101957c8eddffd3d18cb805507bed707b0e306d3b433,2026-08-01T08:49:01+00:00,382,253,151,99,12.362,209.0,31,fit:80de1342a3e9944829ab101957c8eddffd3d18cb805507bed707b0e306d3b433:segment:011,11,16829.0,15724,activities/108_260801060832.csv,1,1,0,0
fit:80de1342a3e9944829ab101957c8eddffd3d18cb805507bed707b0e306d3b433,2026-08-01T08:49:02+00:00,383,250,152,99,12.333,209.0,31,fit:80de1342a3e9944829ab101957c8eddffd3d18cb805507bed707b0e306d3b433:segment:011,11,16830.0,15725,activities/108_260801060832.csv,1,1,0,0
fit:80de1342a3e9944829ab101957c8eddffd3d18cb805507bed707b0e306d3b433,2026-08-01T08:49:03+00:00,384,234,152,99,12.363,209.0,31,fit:80de1342a3e9944829ab101957c8eddffd3d18cb805507bed707b0e306d3b433:segment:011,11,16831.0,15726,activities/108_260801060832.csv,1,1,0,0
fit:80de1342a3e9944829ab101957c8eddffd3d18cb805507bed707b0e306d3b433,2026-08-01T08:49:04+00:00,385,232,153,99,12.399,209.0,31,fit:80de1342a3e9944829ab101957c8eddffd3d18cb805507bed707b0e306d3b433:segment:011,11,16832.0,15727,activities/108_260801060832.csv,1,1,0,0
fit:80de1342a3e9944829ab101957c8eddffd3d18cb805507bed707b0e306d3b433,2026-08-01T08:49:05+00:00,386,263,153,100,12.399,209.0,31,fit:80de1342a3e9944829ab101957c8eddffd3d18cb805507bed707b0e306d3b433:segment:011,11,16833.0,15728,activities/108_260801060832.csv,1,1,0,0
fit:80de1342a3e9944829ab101957c8eddffd3d18cb805507bed707b0e306d3b433,2026-08-01T08:49:06+00:00,387,264,154,99,12.454,209.0,31,fit:80de1342a3e9944829ab101957c8eddffd3d18cb805507bed707b0e306d3b433:segment:011,11,16834.0,15729,activities/108_260801060832.csv,1,1,0,0
fit:80de1342a3e9944829ab101957c8eddffd3d18cb805507bed707b0e306d3b433,2026-08-01T08:49:07+00:00,388,239,155,100,12.494,208.60000000000002,31,fit:80de1342a3e9944829ab101957c8eddffd3d18cb805507bed707b0e306d3b433:segment:011,11,16835.0,15730,activities/108_260801060832.csv,1,1,0,0
fit:80de1342a3e9944829ab101957c8eddffd3d18cb805507bed707b0e306d3b433,2026-08-01T08:49:08+00:00,389,248,155,100,12.492,208.60000000000002,31,fit:80de1342a3e9944829ab101957c8eddffd3d18cb805507bed707b0e306d3b433:segment:011,11,16836.0,15731,activities/108_260801060832.csv,1,1,0,0
fit:80de1342a3e9944829ab101957c8eddffd3d18cb805507bed707b0e306d3b433,2026-08-01T08:49:09+00:00,390,248,156,101,12.529,208.60000000000002,31,fit:80de1342a3e9944829ab101957c8eddffd3d18cb805507bed707b0e306d3b433:segment:011,11,16837.0,15732,activities/108_260801060832.csv,1,1,0,0
fit:80de1342a3e9944829ab101957c8eddffd3d18cb805507bed707b0e306d3b433,2026-08-01T08:49:10+00:00,391,248,157,101,12.583,208.60000000000002,31,fit:80de1342a3e9944829ab101957c8eddffd3d18cb805507bed707b0e306d3b433:segment:011,11,16838.0,15733,activities/108_260801060832.csv,1,1,0,0
fit:80de1342a3e9944829ab101957c8eddffd3d18cb805507bed707b0e306d3b433,2026-08-01T08:49:11+00:00,392,234,158,101,12.603,208.60000000000002,31,fit:80de1342a3e9944829ab101957c8eddffd3d18cb805507bed707b0e306d3b433:segment:011,11,16839.0,15734,activities/108_260801060832.csv,1,1,0,0
fit:80de1342a3e9944829ab101957c8eddffd3d18cb805507bed707b0e306d3b433,2026-08-01T08:49:12+00:00,393,231,158,100,12.574,208.60000000000002,31,fit:80de1342a3e9944829ab101957c8eddffd3d18cb805507bed707b0e306d3b433:segment:011,11,16840.0,15735,activities/108_260801060832.csv,1,1,0,0
fit:80de1342a3e9944829ab101957c8eddffd3d18cb805507bed707b0e306d3b433,2026-08-01T08:49:13+00:00,394,203,159,100,12.474,208.60000000000002,31,fit:80de1342a3e9944829ab101957c8eddffd3d18cb805507bed707b0e306d3b433:segment:011,11,16841.0,15736,activities/108_260801060832.csv,1,1,0,0
fit:80de1342a3e9944829ab101957c8eddffd3d18cb805507bed707b0e306d3b433,2026-08-01T08:49:14+00:00,395,190,160,100,12.446,208.39999999999998,31,fit:80de1342a3e9944829ab101957c8eddffd3d18cb805507bed707b0e306d3b433:segment:011,11,16842.0,15737,activities/108_260801060832.csv,1,1,0,0
fit:80de1342a3e9944829ab101957c8eddffd3d18cb805507bed707b0e306d3b433,2026-08-01T08:49:15+00:00,396,198,160,99,12.568,207.39999999999998,31,fit:80de1342a3e9944829ab101957c8eddffd3d18cb805507bed707b0e306d3b433:segment:011,11,16843.0,15738,activities/108_260801060832.csv,1,1,0,0
fit:80de1342a3e9944829ab101957c8eddffd3d18cb805507bed707b0e306d3b433,2026-08-01T08:49:16+00:00,397,198,160,99,12.433,207.39999999999998,31,fit:80de1342a3e9944829ab101957c8eddffd3d18cb805507bed707b0e306d3b433:segment:011,11,16844.0,15739,activities/108_260801060832.csv,1,1,0,0
fit:80de1342a3e9944829ab101957c8eddffd3d18cb805507bed707b0e306d3b433,2026-08-01T08:49:17+00:00,398,178,161,99,12.358,207.39999999999998,31,fit:80de1342a3e9944829ab101957c8eddffd3d18cb805507bed707b0e306d3b433:segment:011,11,16845.0,15740,activities/108_260801060832.csv,1,1,0,0
fit:80de1342a3e9944829ab101957c8eddffd3d18cb805507bed707b0e306d3b433,2026-08-01T08:49:18+00:00,399,192,161,99,12.368,208.20000000000005,31,fit:80de1342a3e9944829ab101957c8eddffd3d18cb805507bed707b0e306d3b433:segment:011,11,16846.0,15741,activities/108_260801060832.csv,1,1,0,0
fit:80de1342a3e9944829ab101957c8eddffd3d18cb805507bed707b0e306d3b433,2026-08-01T08:49:19+00:00,400,231,162,99,12.34,209.20000000000005,31,fit:80de1342a3e9944829ab101957c8eddffd3d18cb805507bed707b0e306d3b433:segment:011,11,16847.0,15742,activities/108_260801060832.csv,1,1,0,0
fit:80de1342a3e9944829ab101957c8eddffd3d18cb805507bed707b0e306d3b433,2026-08-01T08:49:20+00:00,401,235,163,99,12.332,209.20000000000005,31,fit:80de1342a3e9944829ab101957c8eddffd3d18cb805507bed707b0e306d3b433:segment:011,11,16848.0,15743,activities/108_260801060832.csv,1,1,0,0
fit:80de1342a3e9944829ab101957c8eddffd3d18cb805507bed707b0e306d3b433,2026-08-01T08:49:21+00:00,402,205,163,99,12.452,209.20000000000005,31,fit:80de1342a3e9944829ab101957c8eddffd3d18cb805507bed707b0e306d3b433:segment:011,11,16849.0,15744,activities/108_260801060832.csv,1,1,0,0
fit:80de1342a3e9944829ab101957c8eddffd3d18cb805507bed707b0e306d3b433,2026-08-01T08:49:22+00:00,403,205,163,100,12.452,209.20000000000005,31,fit:80de1342a3e9944829ab101957c8eddffd3d18cb805507bed707b0e306d3b433:segment:011,11,16850.0,15745,activities/108_260801060832.csv,1,1,0,0
fit:80de1342a3e9944829ab101957c8eddffd3d18cb805507bed707b0e306d3b433,2026-08-01T08:49:23+00:00,404,216,163,100,12.408,209.20000000000005,31,fit:80de1342a3e9944829ab101957c8eddffd3d18cb805507bed707b0e306d3b433:segment:011,11,16851.0,15746,activities/108_260801060832.csv,1,1,0,0
fit:80de1342a3e9944829ab101957c8eddffd3d18cb805507bed707b0e306d3b433,2026-08-01T08:49:24+00:00,405,204,163,100,12.511,209.20000000000005,31,fit:80de1342a3e9944829ab101957c8eddffd3d18cb805507bed707b0e306d3b433:segment:011,11,16852.0,15747,activities/108_260801060832.csv,1,1,0,0
fit:80de1342a3e9944829ab101957c8eddffd3d18cb805507bed707b0e306d3b433,2026-08-01T08:49:25+00:00,406,211,163,101,12.496,209.20000000000005,31,fit:80de1342a3e9944829ab101957c8eddffd3d18cb805507bed707b0e306d3b433:segment:011,11,16853.0,15748,activities/108_260801060832.csv,1,1,0,0
fit:80de1342a3e9944829ab101957c8eddffd3d18cb805507bed707b0e306d3b433,2026-08-01T08:49:26+00:00,407,211,163,101,12.539,209.20000000000005,31,fit:80de1342a3e9944829ab101957c8eddffd3d18cb805507bed707b0e306d3b433:segment:011,11,16854.0,15749,activities/108_260801060832.csv,1,1,0,0
fit:80de1342a3e9944829ab101957c8eddffd3d18cb805507bed707b0e306d3b433,2026-08-01T08:49:27+00:00,408,158,163,101,12.622,209.20000000000005,31,fit:80de1342a3e9944829ab101957c8eddffd3d18cb805507bed707b0e306d3b433:segment:011,11,16855.0,15750,activities/108_260801060832.csv,1,1,0,0
fit:80de1342a3e9944829ab101957c8eddffd3d18cb805507bed707b0e306d3b433,2026-08-01T08:49:28+00:00,409,185,164,100,12.622,209.20000000000005,31,fit:80de1342a3e9944829ab101957c8eddffd3d18cb805507bed707b0e306d3b433:segment:011,11,16856.0,15751,activities/108_260801060832.csv,1,1,0,0
fit:80de1342a3e9944829ab101957c8eddffd3d18cb805507bed707b0e306d3b433,2026-08-01T08:49:29+00:00,410,215,164,100,12.66,208.20000000000005,31,fit:80de1342a3e9944829ab101957c8eddffd3d18cb805507bed707b0e306d3b433:segment:011,11,16857.0,15752,activities/108_260801060832.csv,1,1,0,0
fit:80de1342a3e9944829ab101957c8eddffd3d18cb805507bed707b0e306d3b433,2026-08-01T08:49:30+00:00,411,226,164,100,12.59,207.60000000000002,31,fit:80de1342a3e9944829ab101957c8eddffd3d18cb805507bed707b0e306d3b433:segment:011,11,16858.0,15753,activities/108_260801060832.csv,1,1,0,0
fit:80de1342a3e9944829ab101957c8eddffd3d18cb805507bed707b0e306d3b433,2026-08-01T08:49:31+00:00,412,198,165,100,12.443,207.60000000000002,31,fit:80de1342a3e9944829ab101957c8eddffd3d18cb805507bed707b0e306d3b433:segment:011,11,16859.0,15754,activities/108_260801060832.csv,1,1,0,0
fit:80de1342a3e9944829ab101957c8eddffd3d18cb805507bed707b0e306d3b433,2026-08-01T08:49:32+00:00,413,185,165,100,12.566,207.60000000000002,31,fit:80de1342a3e9944829ab101957c8eddffd3d18cb805507bed707b0e306d3b433:segment:011,11,16860.0,15755,activities/108_260801060832.csv,1,1,0,0
fit:80de1342a3e9944829ab101957c8eddffd3d18cb805507bed707b0e306d3b433,2026-08-01T08:49:33+00:00,414,209,166,100,12.54,208.60000000000002,31,fit:80de1342a3e9944829ab101957c8eddffd3d18cb805507bed707b0e306d3b433:segment:011,11,16861.0,15756,activities/108_260801060832.csv,1,1,0,0
fit:80de1342a3e9944829ab101957c8eddffd3d18cb805507bed707b0e306d3b433,2026-08-01T08:49:34+00:00,415,218,166,100,12.481,208.60000000000002,31,fit:80de1342a3e9944829ab101957c8eddffd3d18cb805507bed707b0e306d3b433:segment:011,11,16862.0,15757,activities/108_260801060832.csv,1,1,0,0
fit:80de1342a3e9944829ab101957c8eddffd3d18cb805507bed707b0e306d3b433,2026-08-01T08:49:35+00:00,416,205,166,100,12.528,208.60000000000002,31,fit:80de1342a3e9944829ab101957c8eddffd3d18cb805507bed707b0e306d3b433:segment:011,11,16863.0,15758,activities/108_260801060832.csv,1,1,0,0
fit:80de1342a3e9944829ab101957c8eddffd3d18cb805507bed707b0e306d3b433,2026-08-01T08:49:36+00:00,417,209,166,99,12.443,208.60000000000002,31,fit:80de1342a3e9944829ab101957c8eddffd3d18cb805507bed707b0e306d3b433:segment:011,11,16864.0,15759,activities/108_260801060832.csv,1,1,0,0
fit:80de1342a3e9944829ab101957c8eddffd3d18cb805507bed707b0e306d3b433,2026-08-01T08:49:37+00:00,418,198,167,99,12.375,208.60000000000002,31,fit:80de1342a3e9944829ab101957c8eddffd3d18cb805507bed707b0e306d3b433:segment:011,11,16865.0,15760,activities/108_260801060832.csv,1,1,0,0
fit:80de1342a3e9944829ab101957c8eddffd3d18cb805507bed707b0e306d3b433,2026-08-01T08:49:38+00:00,419,203,167,99,12.444,208.60000000000002,31,fit:80de1342a3e9944829ab101957c8eddffd3d18cb805507bed707b0e306d3b433:segment:011,11,16866.0,15761,activities/108_260801060832.csv,1,1,0,0
fit:80de1342a3e9944829ab101957c8eddffd3d18cb805507bed707b0e306d3b433,2026-08-01T08:49:39+00:00,420,192,167,99,12.368,208.60000000000002,31,fit:80de1342a3e9944829ab101957c8eddffd3d18cb805507bed707b0e306d3b433:segment:011,11,16867.0,15762,activities/108_260801060832.csv,1,1,0,0
fit:80de1342a3e9944829ab101957c8eddffd3d18cb805507bed707b0e306d3b433,2026-08-01T08:49:40+00:00,421,202,167,99,12.381,208.60000000000002,31,fit:80de1342a3e9944829ab101957c8eddffd3d18cb805507bed707b0e306d3b433:segment:011,11,16868.0,15763,activities/108_260801060832.csv,1,1,0,0
fit:80de1342a3e9944829ab101957c8eddffd3d18cb805507bed707b0e306d3b433,2026-08-01T08:49:41+00:00,422,188,167,99,12.492,208.60000000000002,31,fit:80de1342a3e9944829ab101957c8eddffd3d18cb805507bed707b0e306d3b433:segment:011,11,16869.0,15764,activities/108_260801060832.csv,1,1,0,0
fit:80de1342a3e9944829ab101957c8eddffd3d18cb805507bed707b0e306d3b433,2026-08-01T08:49:42+00:00,423,189,167,99,12.427,207.60000000000002,31,fit:80de1342a3e9944829ab101957c8eddffd3d18cb805507bed707b0e306d3b433:segment:011,11,16870.0,15765,activities/108_260801060832.csv,1,1,0,0
fit:80de1342a3e9944829ab101957c8eddffd3d18cb805507bed707b0e306d3b433,2026-08-01T08:49:43+00:00,424,200,167,99,12.371,207.60000000000002,31,fit:80de1342a3e9944829ab101957c8eddffd3d18cb805507bed707b0e306d3b433:segment:011,11,16871.0,15766,activities/108_260801060832.csv,1,1,0,0
fit:80de1342a3e9944829ab101957c8eddffd3d18cb805507bed707b0e306d3b433,2026-08-01T08:49:44+00:00,425,202,167,99,12.451,207.60000000000002,31,fit:80de1342a3e9944829ab101957c8eddffd3d18cb805507bed707b0e306d3b433:segment:011,11,16872.0,15767,activities/108_260801060832.csv,1,1,0,0
fit:80de1342a3e9944829ab101957c8eddffd3d18cb805507bed707b0e306d3b433,2026-08-01T08:49:45+00:00,426,202,167,99,12.417,207.60000000000002,31,fit:80de1342a3e9944829ab101957c8eddffd3d18cb805507bed707b0e306d3b433:segment:011,11,16873.0,15768,activities/108_260801060832.csv,1,1,0,0
fit:80de1342a3e9944829ab101957c8eddffd3d18cb805507bed707b0e306d3b433,2026-08-01T08:49:46+00:00,427,203,167,99,12.304,207.60000000000002,31,fit:80de1342a3e9944829ab101957c8eddffd3d18cb805507bed707b0e306d3b433:segment:011,11,16874.0,15769,activities/108_260801060832.csv,1,1,0,0
fit:80de1342a3e9944829ab101957c8eddffd3d18cb805507bed707b0e306d3b433,2026-08-01T08:49:47+00:00,428,208,167,99,12.394,207.79999999999995,31,fit:80de1342a3e9944829ab101957c8eddffd3d18cb805507bed707b0e306d3b433:segment:011,11,16875.0,15770,activities/108_260801060832.csv,1,1,0,0
fit:80de1342a3e9944829ab101957c8eddffd3d18cb805507bed707b0e306d3b433,2026-08-01T08:49:48+00:00,429,175,166,100,12.456,208.20000000000005,31,fit:80de1342a3e9944829ab101957c8eddffd3d18cb805507bed707b0e306d3b433:segment:011,11,16876.0,15771,activities/108_260801060832.csv,1,1,0,0
fit:80de1342a3e9944829ab101957c8eddffd3d18cb805507bed707b0e306d3b433,2026-08-01T08:49:49+00:00,430,171,166,100,12.381,208.20000000000005,31,fit:80de1342a3e9944829ab101957c8eddffd3d18cb805507bed707b0e306d3b433:segment:011,11,16877.0,15772,activities/108_260801060832.csv,1,1,0,0
fit:80de1342a3e9944829ab101957c8eddffd3d18cb805507bed707b0e306d3b433,2026-08-01T08:49:50+00:00,431,150,166,100,12.465,208.20000000000005,31,fit:80de1342a3e9944829ab101957c8eddffd3d18cb805507bed707b0e306d3b433:segment:011,11,16878.0,15773,activities/108_260801060832.csv,1,1,0,0
fit:80de1342a3e9944829ab101957c8eddffd3d18cb805507bed707b0e306d3b433,2026-08-01T08:49:51+00:00,432,163,165,100,12.517,207.20000000000005,31,fit:80de1342a3e9944829ab101957c8eddffd3d18cb805507bed707b0e306d3b433:segment:011,11,16879.0,15774,activities/108_260801060832.csv,1,1,0,0
fit:80de1342a3e9944829ab101957c8eddffd3d18cb805507bed707b0e306d3b433,2026-08-01T08:49:52+00:00,433,144,165,100,12.478,207.20000000000005,31,fit:80de1342a3e9944829ab101957c8eddffd3d18cb805507bed707b0e306d3b433:segment:011,11,16880.0,15775,activities/108_260801060832.csv,1,1,0,0
fit:80de1342a3e9944829ab101957c8eddffd3d18cb805507bed707b0e306d3b433,2026-08-01T08:49:53+00:00,434,167,164,100,12.537,207.20000000000005,31,fit:80de1342a3e9944829ab101957c8eddffd3d18cb805507bed707b0e306d3b433:segment:011,11,16881.0,15776,activities/108_260801060832.csv,1,1,0,0
fit:80de1342a3e9944829ab101957c8eddffd3d18cb805507bed707b0e306d3b433,2026-08-01T08:49:54+00:00,435,168,164,100,12.561,207.20000000000005,31,fit:80de1342a3e9944829ab101957c8eddffd3d18cb805507bed707b0e306d3b433:segment:011,11,16882.0,15777,activities/108_260801060832.csv,1,1,0,0
fit:80de1342a3e9944829ab101957c8eddffd3d18cb805507bed707b0e306d3b433,2026-08-01T08:49:55+00:00,436,147,164,101,12.561,207.20000000000005,31,fit:80de1342a3e9944829ab101957c8eddffd3d18cb805507bed707b0e306d3b433:segment:011,11,16883.0,15778,activities/108_260801060832.csv,1,1,0,0
fit:80de1342a3e9944829ab101957c8eddffd3d18cb805507bed707b0e306d3b433,2026-08-01T08:49:56+00:00,437,172,164,101,12.602,207.20000000000005,31,fit:80de1342a3e9944829ab101957c8eddffd3d18cb805507bed707b0e306d3b433:segment:011,11,16884.0,15779,activities/108_260801060832.csv,1,1,0,0
fit:80de1342a3e9944829ab101957c8eddffd3d18cb805507bed707b0e306d3b433,2026-08-01T08:49:57+00:00,438,172,164,101,12.638,207.20000000000005,31,fit:80de1342a3e9944829ab101957c8eddffd3d18cb805507bed707b0e306d3b433:segment:011,11,16885.0,15780,activities/108_260801060832.csv,1,1,0,0
fit:80de1342a3e9944829ab101957c8eddffd3d18cb805507bed707b0e306d3b433,2026-08-01T08:49:58+00:00,439,170,164,101,12.727,206.39999999999998,31,fit:80de1342a3e9944829ab101957c8eddffd3d18cb805507bed707b0e306d3b433:segment:011,11,16886.0,15781,activities/108_260801060832.csv,1,1,0,0
fit:80de1342a3e9944829ab101957c8eddffd3d18cb805507bed707b0e306d3b433,2026-08-01T08:49:59+00:00,440,155,164,101,12.718,206.0,31,fit:80de1342a3e9944829ab101957c8eddffd3d18cb805507bed707b0e306d3b433:segment:011,11,16887.0,15782,activities/108_260801060832.csv,1,1,0,0
fit:80de1342a3e9944829ab101957c8eddffd3d18cb805507bed707b0e306d3b433,2026-08-01T08:50:00+00:00,441,160,163,101,12.686,206.0,31,fit:80de1342a3e9944829ab101957c8eddffd3d18cb805507bed707b0e306d3b433:segment:011,11,16888.0,15783,activities/108_260801060832.csv,1,1,0,0
fit:80de1342a3e9944829ab101957c8eddffd3d18cb805507bed707b0e306d3b433,2026-08-01T08:50:01+00:00,442,178,163,101,12.739,206.0,31,fit:80de1342a3e9944829ab101957c8eddffd3d18cb805507bed707b0e306d3b433:segment:011,11,16889.0,15784,activities/108_260801060832.csv,1,1,0,0
fit:80de1342a3e9944829ab101957c8eddffd3d18cb805507bed707b0e306d3b433,2026-08-01T08:50:02+00:00,443,150,163,101,12.714,206.79999999999995,31,fit:80de1342a3e9944829ab101957c8eddffd3d18cb805507bed707b0e306d3b433:segment:011,11,16890.0,15785,activities/108_260801060832.csv,1,1,0,0
fit:80de1342a3e9944829ab101957c8eddffd3d18cb805507bed707b0e306d3b433,2026-08-01T08:50:03+00:00,444,186,163,101,12.714,206.79999999999995,31,fit:80de1342a3e9944829ab101957c8eddffd3d18cb805507bed707b0e306d3b433:segment:011,11,16891.0,15786,activities/108_260801060832.csv,1,1,0,0
fit:80de1342a3e9944829ab101957c8eddffd3d18cb805507bed707b0e306d3b433,2026-08-01T08:50:04+00:00,445,177,163,101,12.67,206.79999999999995,31,fit:80de1342a3e9944829ab101957c8eddffd3d18cb805507bed707b0e306d3b433:segment:011,11,16892.0,15787,activities/108_260801060832.csv,1,1,0,0
fit:80de1342a3e9944829ab101957c8eddffd3d18cb805507bed707b0e306d3b433,2026-08-01T08:50:05+00:00,446,184,163,100,12.613,205.79999999999995,31,fit:80de1342a3e9944829ab101957c8eddffd3d18cb805507bed707b0e306d3b433:segment:011,11,16893.0,15788,activities/108_260801060832.csv,1,1,0,0
fit:80de1342a3e9944829ab101957c8eddffd3d18cb805507bed707b0e306d3b433,2026-08-01T08:50:06+00:00,447,190,163,99,12.604,204.79999999999995,31,fit:80de1342a3e9944829ab101957c8eddffd3d18cb805507bed707b0e306d3b433:segment:011,11,16894.0,15789,activities/108_260801060832.csv,1,1,0,0
fit:80de1342a3e9944829ab101957c8eddffd3d18cb805507bed707b0e306d3b433,2026-08-01T08:50:07+00:00,448,189,163,99,12.478,204.79999999999995,31,fit:80de1342a3e9944829ab101957c8eddffd3d18cb805507bed707b0e306d3b433:segment:011,11,16895.0,15790,activities/108_260801060832.csv,1,1,0,0
fit:80de1342a3e9944829ab101957c8eddffd3d18cb805507bed707b0e306d3b433,2026-08-01T08:50:08+00:00,449,167,163,99,12.373,204.79999999999995,31,fit:80de1342a3e9944829ab101957c8eddffd3d18cb805507bed707b0e306d3b433:segment:011,11,16896.0,15791,activities/108_260801060832.csv,1,1,0,0
fit:80de1342a3e9944829ab101957c8eddffd3d18cb805507bed707b0e306d3b433,2026-08-01T08:50:09+00:00,450,167,163,98,12.4,204.79999999999995,31,fit:80de1342a3e9944829ab101957c8eddffd3d18cb805507bed707b0e306d3b433:segment:011,11,16897.0,15792,activities/108_260801060832.csv,1,1,0,0
fit:80de1342a3e9944829ab101957c8eddffd3d18cb805507bed707b0e306d3b433,2026-08-01T08:50:10+00:00,451,189,163,98,12.341,204.79999999999995,31,fit:80de1342a3e9944829ab101957c8eddffd3d18cb805507bed707b0e306d3b433:segment:011,11,16898.0,15793,activities/108_260801060832.csv,1,1,0,0
fit:80de1342a3e9944829ab101957c8eddffd3d18cb805507bed707b0e306d3b433,2026-08-01T08:50:11+00:00,452,182,163,98,12.341,204.79999999999995,31,fit:80de1342a3e9944829ab101957c8eddffd3d18cb805507bed707b0e306d3b433:segment:011,11,16899.0,15794,activities/108_260801060832.csv,1,1,0,0
fit:80de1342a3e9944829ab101957c8eddffd3d18cb805507bed707b0e306d3b433,2026-08-01T08:50:12+00:00,453,178,163,98,12.323,205.39999999999998,31,fit:80de1342a3e9944829ab101957c8eddffd3d18cb805507bed707b0e306d3b433:segment:011,11,16900.0,15795,activities/108_260801060832.csv,1,1,0,0
fit:80de1342a3e9944829ab101957c8eddffd3d18cb805507bed707b0e306d3b433,2026-08-01T08:50:13+00:00,454,184,163,98,12.322,205.39999999999998,31,fit:80de1342a3e9944829ab101957c8eddffd3d18cb805507bed707b0e306d3b433:segment:011,11,16901.0,15796,activities/108_260801060832.csv,1,1,0,0
fit:80de1342a3e9944829ab101957c8eddffd3d18cb805507bed707b0e306d3b433,2026-08-01T08:50:14+00:00,455,165,163,98,12.258,205.39999999999998,31,fit:80de1342a3e9944829ab101957c8eddffd3d18cb805507bed707b0e306d3b433:segment:011,11,16902.0,15797,activities/108_260801060832.csv,1,1,0,0
fit:80de1342a3e9944829ab101957c8eddffd3d18cb805507bed707b0e306d3b433,2026-08-01T08:50:15+00:00,456,218,163,98,12.312,205.39999999999998,31,fit:80de1342a3e9944829ab101957c8eddffd3d18cb805507bed707b0e306d3b433:segment:011,11,16903.0,15798,activities/108_260801060832.csv,1,1,0,0
fit:80de1342a3e9944829ab101957c8eddffd3d18cb805507bed707b0e306d3b433,2026-08-01T08:50:16+00:00,457,209,163,98,12.333,205.79999999999995,31,fit:80de1342a3e9944829ab101957c8eddffd3d18cb805507bed707b0e306d3b433:segment:011,11,16904.0,15799,activities/108_260801060832.csv,1,1,0,0
fit:80de1342a3e9944829ab101957c8eddffd3d18cb805507bed707b0e306d3b433,2026-08-01T08:50:17+00:00,458,209,163,99,12.305,205.79999999999995,31,fit:80de1342a3e9944829ab101957c8eddffd3d18cb805507bed707b0e306d3b433:segment:011,11,16905.0,15800,activities/108_260801060832.csv,1,1,0,0
fit:80de1342a3e9944829ab101957c8eddffd3d18cb805507bed707b0e306d3b433,2026-08-01T08:50:18+00:00,459,223,163,99,12.359,205.79999999999995,31,fit:80de1342a3e9944829ab101957c8eddffd3d18cb805507bed707b0e306d3b433:segment:011,11,16906.0,15801,activities/108_260801060832.csv,1,1,0,0
fit:80de1342a3e9944829ab101957c8eddffd3d18cb805507bed707b0e306d3b433,2026-08-01T08:50:19+00:00,460,208,162,99,12.422,205.0,31,fit:80de1342a3e9944829ab101957c8eddffd3d18cb805507bed707b0e306d3b433:segment:011,11,16907.0,15802,activities/108_260801060832.csv,1,1,0,0
fit:80de1342a3e9944829ab101957c8eddffd3d18cb805507bed707b0e306d3b433,2026-08-01T08:50:20+00:00,461,208,162,99,12.434,205.0,31,fit:80de1342a3e9944829ab101957c8eddffd3d18cb805507bed707b0e306d3b433:segment:011,11,16908.0,15803,activities/108_260801060832.csv,1,1,0,0
fit:80de1342a3e9944829ab101957c8eddffd3d18cb805507bed707b0e306d3b433,2026-08-01T08:50:21+00:00,462,199,162,99,12.403,205.0,31,fit:80de1342a3e9944829ab101957c8eddffd3d18cb805507bed707b0e306d3b433:segment:011,11,16909.0,15804,activities/108_260801060832.csv,1,1,0,0
fit:80de1342a3e9944829ab101957c8eddffd3d18cb805507bed707b0e306d3b433,2026-08-01T08:50:22+00:00,463,225,162,99,12.407,205.0,31,fit:80de1342a3e9944829ab101957c8eddffd3d18cb805507bed707b0e306d3b433:segment:011,11,16910.0,15805,activities/108_260801060832.csv,1,1,0,0
fit:80de1342a3e9944829ab101957c8eddffd3d18cb805507bed707b0e306d3b433,2026-08-01T08:50:23+00:00,464,198,163,99,12.356,204.0,31,fit:80de1342a3e9944829ab101957c8eddffd3d18cb805507bed707b0e306d3b433:segment:011,11,16911.0,15806,activities/108_260801060832.csv,1,1,0,0
fit:80de1342a3e9944829ab101957c8eddffd3d18cb805507bed707b0e306d3b433,2026-08-01T08:50:24+00:00,465,205,163,99,12.303,204.0,31,fit:80de1342a3e9944829ab101957c8eddffd3d18cb805507bed707b0e306d3b433:segment:011,11,16912.0,15807,activities/108_260801060832.csv,1,1,0,0
fit:80de1342a3e9944829ab101957c8eddffd3d18cb805507bed707b0e306d3b433,2026-08-01T08:50:25+00:00,466,201,163,99,12.352,204.0,31,fit:80de1342a3e9944829ab101957c8eddffd3d18cb805507bed707b0e306d3b433:segment:011,11,16913.0,15808,activities/108_260801060832.csv,1,1,0,0
fit:80de1342a3e9944829ab101957c8eddffd3d18cb805507bed707b0e306d3b433,2026-08-01T08:50:26+00:00,467,188,163,99,12.32,205.0,31,fit:80de1342a3e9944829ab101957c8eddffd3d18cb805507bed707b0e306d3b433:segment:011,11,16914.0,15809,activities/108_260801060832.csv,1,1,0,0
fit:80de1342a3e9944829ab101957c8eddffd3d18cb805507bed707b0e306d3b433,2026-08-01T08:50:27+00:00,468,188,163,100,12.274,205.0,31,fit:80de1342a3e9944829ab101957c8eddffd3d18cb805507bed707b0e306d3b433:segment:011,11,16915.0,15810,activities/108_260801060832.csv,1,1,0,0
fit:80de1342a3e9944829ab101957c8eddffd3d18cb805507bed707b0e306d3b433,2026-08-01T08:50:28+00:00,469,188,163,100,12.391,205.0,31,fit:80de1342a3e9944829ab101957c8eddffd3d18cb805507bed707b0e306d3b433:segment:011,11,16916.0,15811,activities/108_260801060832.csv,1,1,0,0
fit:80de1342a3e9944829ab101957c8eddffd3d18cb805507bed707b0e306d3b433,2026-08-01T08:50:29+00:00,470,188,163,100,12.436,205.0,31,fit:80de1342a3e9944829ab101957c8eddffd3d18cb805507bed707b0e306d3b433:segment:011,11,16917.0,15812,activities/108_260801060832.csv,1,1,0,0
fit:80de1342a3e9944829ab101957c8eddffd3d18cb805507bed707b0e306d3b433,2026-08-01T08:50:30+00:00,471,180,163,100,12.436,205.0,31,fit:80de1342a3e9944829ab101957c8eddffd3d18cb805507bed707b0e306d3b433:segment:011,11,16918.0,15813,activities/108_260801060832.csv,1,1,0,0
fit:80de1342a3e9944829ab101957c8eddffd3d18cb805507bed707b0e306d3b433,2026-08-01T08:50:31+00:00,472,163,163,97,12.308,205.0,31,fit:80de1342a3e9944829ab101957c8eddffd3d18cb805507bed707b0e306d3b433:segment:011,11,16919.0,15814,activities/108_260801060832.csv,1,1,0,0
fit:80de1342a3e9944829ab101957c8eddffd3d18cb805507bed707b0e306d3b433,2026-08-01T08:50:32+00:00,473,147,163,91,12.23,205.0,31,fit:80de1342a3e9944829ab101957c8eddffd3d18cb805507bed707b0e306d3b433:segment:011,11,16920.0,15815,activities/108_260801060832.csv,1,1,0,0
fit:80de1342a3e9944829ab101957c8eddffd3d18cb805507bed707b0e306d3b433,2026-08-01T08:50:33+00:00,474,0,162,86,12.191,205.0,31,fit:80de1342a3e9944829ab101957c8eddffd3d18cb805507bed707b0e306d3b433:segment:011,11,16921.0,15816,activities/108_260801060832.csv,1,1,0,0
fit:80de1342a3e9944829ab101957c8eddffd3d18cb805507bed707b0e306d3b433,2026-08-01T08:50:34+00:00,475,0,161,0,12.135,205.0,31,fit:80de1342a3e9944829ab101957c8eddffd3d18cb805507bed707b0e306d3b433:segment:011,11,16922.0,15817,activities/108_260801060832.csv,1,1,0,0
fit:80de1342a3e9944829ab101957c8eddffd3d18cb805507bed707b0e306d3b433,2026-08-01T08:50:35+00:00,476,118,160,0,12.003,205.0,31,fit:80de1342a3e9944829ab101957c8eddffd3d18cb805507bed707b0e306d3b433:segment:011,11,16923.0,15818,activities/108_260801060832.csv,1,1,0,0
fit:80de1342a3e9944829ab101957c8eddffd3d18cb805507bed707b0e306d3b433,2026-08-01T08:50:36+00:00,477,118,160,83,11.879,205.39999999999998,31,fit:80de1342a3e9944829ab101957c8eddffd3d18cb805507bed707b0e306d3b433:segment:011,11,16924.0,15819,activities/108_260801060832.csv,1,1,0,0
fit:80de1342a3e9944829ab101957c8eddffd3d18cb805507bed707b0e306d3b433,2026-08-01T08:50:37+00:00,478,183,160,97,11.944,205.39999999999998,31,fit:80de1342a3e9944829ab101957c8eddffd3d18cb805507bed707b0e306d3b433:segment:011,11,16925.0,15820,activities/108_260801060832.csv,1,1,0,0
fit:80de1342a3e9944829ab101957c8eddffd3d18cb805507bed707b0e306d3b433,2026-08-01T08:50:38+00:00,479,321,160,98,12.127,205.39999999999998,31,fit:80de1342a3e9944829ab101957c8eddffd3d18cb805507bed707b0e306d3b433:segment:011,11,16926.0,15821,activities/108_260801060832.csv,1,1,0,0
fit:80de1342a3e9944829ab101957c8eddffd3d18cb805507bed707b0e306d3b433,2026-08-01T08:50:39+00:00,480,321,160,99,12.25,205.39999999999998,31,fit:80de1342a3e9944829ab101957c8eddffd3d18cb805507bed707b0e306d3b433:segment:011,11,16927.0,15822,activities/108_260801060832.csv,1,1,0,0
fit:80de1342a3e9944829ab101957c8eddffd3d18cb805507bed707b0e306d3b433,2026-08-01T08:50:40+00:00,481,196,160,47,12.488,205.39999999999998,31,fit:80de1342a3e9944829ab101957c8eddffd3d18cb805507bed707b0e306d3b433:segment:011,11,16928.0,15823,activities/108_260801060832.csv,1,1,0,0
fit:80de1342a3e9944829ab101957c8eddffd3d18cb805507bed707b0e306d3b433,2026-08-01T08:50:41+00:00,482,295,160,100,12.491,205.39999999999998,31,fit:80de1342a3e9944829ab101957c8eddffd3d18cb805507bed707b0e306d3b433:segment:011,11,16929.0,15824,activities/108_260801060832.csv,1,1,0,0
fit:80de1342a3e9944829ab101957c8eddffd3d18cb805507bed707b0e306d3b433,2026-08-01T08:50:42+00:00,483,264,159,99,12.567,204.39999999999998,31,fit:80de1342a3e9944829ab101957c8eddffd3d18cb805507bed707b0e306d3b433:segment:011,11,16930.0,15825,activities/108_260801060832.csv,1,1,0,0
fit:80de1342a3e9944829ab101957c8eddffd3d18cb805507bed707b0e306d3b433,2026-08-01T08:50:43+00:00,484,348,159,88,12.634,204.39999999999998,31,fit:80de1342a3e9944829ab101957c8eddffd3d18cb805507bed707b0e306d3b433:segment:011,11,16931.0,15826,activities/108_260801060832.csv,1,1,0,0
fit:80de1342a3e9944829ab101957c8eddffd3d18cb805507bed707b0e306d3b433,2026-08-01T08:50:44+00:00,485,362,159,88,12.738,204.39999999999998,31,fit:80de1342a3e9944829ab101957c8eddffd3d18cb805507bed707b0e306d3b433:segment:011,11,16932.0,15827,activities/108_260801060832.csv,1,1,0,0
fit:80de1342a3e9944829ab101957c8eddffd3d18cb805507bed707b0e306d3b433,2026-08-01T08:50:45+00:00,486,264,158,89,12.847,204.39999999999998,31,fit:80de1342a3e9944829ab101957c8eddffd3d18cb805507bed707b0e306d3b433:segment:011,11,16933.0,15828,activities/108_260801060832.csv,1,1,0,0
fit:80de1342a3e9944829ab101957c8eddffd3d18cb805507bed707b0e306d3b433,2026-08-01T08:50:46+00:00,487,230,158,90,12.894,203.39999999999998,31,fit:80de1342a3e9944829ab101957c8eddffd3d18cb805507bed707b0e306d3b433:segment:011,11,16934.0,15829,activities/108_260801060832.csv,1,1,0,0
fit:80de1342a3e9944829ab101957c8eddffd3d18cb805507bed707b0e306d3b433,2026-08-01T08:50:47+00:00,488,222,158,90,12.93,202.39999999999998,31,fit:80de1342a3e9944829ab101957c8eddffd3d18cb805507bed707b0e306d3b433:segment:011,11,16935.0,15830,activities/108_260801060832.csv,1,1,0,0
fit:80de1342a3e9944829ab101957c8eddffd3d18cb805507bed707b0e306d3b433,2026-08-01T08:50:48+00:00,489,219,158,90,12.84,202.39999999999998,31,fit:80de1342a3e9944829ab101957c8eddffd3d18cb805507bed707b0e306d3b433:segment:011,11,16936.0,15831,activities/108_260801060832.csv,1,1,0,0
fit:80de1342a3e9944829ab101957c8eddffd3d18cb805507bed707b0e306d3b433,2026-08-01T08:50:49+00:00,490,279,157,90,12.87,202.39999999999998,31,fit:80de1342a3e9944829ab101957c8eddffd3d18cb805507bed707b0e306d3b433:segment:011,11,16937.0,15832,activities/108_260801060832.csv,1,1,0,0
fit:80de1342a3e9944829ab101957c8eddffd3d18cb805507bed707b0e306d3b433,2026-08-01T08:50:50+00:00,491,262,158,90,12.94,203.39999999999998,31,fit:80de1342a3e9944829ab101957c8eddffd3d18cb805507bed707b0e306d3b433:segment:011,11,16938.0,15833,activities/108_260801060832.csv,1,1,0,0
fit:80de1342a3e9944829ab101957c8eddffd3d18cb805507bed707b0e306d3b433,2026-08-01T08:50:51+00:00,492,242,158,90,12.979,203.39999999999998,31,fit:80de1342a3e9944829ab101957c8eddffd3d18cb805507bed707b0e306d3b433:segment:011,11,16939.0,15834,activities/108_260801060832.csv,1,1,0,0
fit:80de1342a3e9944829ab101957c8eddffd3d18cb805507bed707b0e306d3b433,2026-08-01T08:50:52+00:00,493,242,158,91,13.08,203.39999999999998,31,fit:80de1342a3e9944829ab101957c8eddffd3d18cb805507bed707b0e306d3b433:segment:011,11,16940.0,15835,activities/108_260801060832.csv,1,1,0,0
fit:80de1342a3e9944829ab101957c8eddffd3d18cb805507bed707b0e306d3b433,2026-08-01T08:50:53+00:00,494,248,159,91,13.139,203.20000000000005,31,fit:80de1342a3e9944829ab101957c8eddffd3d18cb805507bed707b0e306d3b433:segment:011,11,16941.0,15836,activities/108_260801060832.csv,1,1,0,0
fit:80de1342a3e9944829ab101957c8eddffd3d18cb805507bed707b0e306d3b433,2026-08-01T08:50:54+00:00,495,206,159,91,13.145,202.60000000000002,31,fit:80de1342a3e9944829ab101957c8eddffd3d18cb805507bed707b0e306d3b433:segment:011,11,16942.0,15837,activities/108_260801060832.csv,1,1,0,0
fit:80de1342a3e9944829ab101957c8eddffd3d18cb805507bed707b0e306d3b433,2026-08-01T08:50:55+00:00,496,197,160,91,13.055,201.79999999999995,31,fit:80de1342a3e9944829ab101957c8eddffd3d18cb805507bed707b0e306d3b433:segment:011,11,16943.0,15838,activities/108_260801060832.csv,1,1,0,0
fit:80de1342a3e9944829ab101957c8eddffd3d18cb805507bed707b0e306d3b433,2026-08-01T08:50:56+00:00,497,187,160,90,13.006,201.79999999999995,31,fit:80de1342a3e9944829ab101957c8eddffd3d18cb805507bed707b0e306d3b433:segment:011,11,16944.0,15839,activities/108_260801060832.csv,1,1,0,0
fit:80de1342a3e9944829ab101957c8eddffd3d18cb805507bed707b0e306d3b433,2026-08-01T08:50:57+00:00,498,197,160,89,13.015,201.79999999999995,32,fit:80de1342a3e9944829ab101957c8eddffd3d18cb805507bed707b0e306d3b433:segment:011,11,16945.0,15840,activities/108_260801060832.csv,1,1,0,0
fit:80de1342a3e9944829ab101957c8eddffd3d18cb805507bed707b0e306d3b433,2026-08-01T08:50:58+00:00,499,223,160,89,12.94,201.79999999999995,32,fit:80de1342a3e9944829ab101957c8eddffd3d18cb805507bed707b0e306d3b433:segment:011,11,16946.0,15841,activities/108_260801060832.csv,1,1,0,0
fit:80de1342a3e9944829ab101957c8eddffd3d18cb805507bed707b0e306d3b433,2026-08-01T08:50:59+00:00,500,205,160,89,12.871,201.79999999999995,32,fit:80de1342a3e9944829ab101957c8eddffd3d18cb805507bed707b0e306d3b433:segment:011,11,16947.0,15842,activities/108_260801060832.csv,1,1,0,0
fit:80de1342a3e9944829ab101957c8eddffd3d18cb805507bed707b0e306d3b433,2026-08-01T08:51:00+00:00,501,206,160,89,12.75,201.79999999999995,32,fit:80de1342a3e9944829ab101957c8eddffd3d18cb805507bed707b0e306d3b433:segment:011,11,16948.0,15843,activities/108_260801060832.csv,1,1,0,0
fit:80de1342a3e9944829ab101957c8eddffd3d18cb805507bed707b0e306d3b433,2026-08-01T08:51:01+00:00,502,219,160,89,12.691,201.79999999999995,32,fit:80de1342a3e9944829ab101957c8eddffd3d18cb805507bed707b0e306d3b433:segment:011,11,16949.0,15844,activities/108_260801060832.csv,1,1,0,0
fit:80de1342a3e9944829ab101957c8eddffd3d18cb805507bed707b0e306d3b433,2026-08-01T08:51:02+00:00,503,191,161,89,12.714,202.60000000000002,32,fit:80de1342a3e9944829ab101957c8eddffd3d18cb805507bed707b0e306d3b433:segment:011,11,16950.0,15845,activities/108_260801060832.csv,1,1,0,0
fit:80de1342a3e9944829ab101957c8eddffd3d18cb805507bed707b0e306d3b433,2026-08-01T08:51:03+00:00,504,224,161,89,12.758,203.0,32,fit:80de1342a3e9944829ab101957c8eddffd3d18cb805507bed707b0e306d3b433:segment:011,11,16951.0,15846,activities/108_260801060832.csv,1,1,0,0
fit:80de1342a3e9944829ab101957c8eddffd3d18cb805507bed707b0e306d3b433,2026-08-01T08:51:04+00:00,505,236,161,89,12.758,203.20000000000005,32,fit:80de1342a3e9944829ab101957c8eddffd3d18cb805507bed707b0e306d3b433:segment:011,11,16952.0,15847,activities/108_260801060832.csv,1,1,0,0
fit:80de1342a3e9944829ab101957c8eddffd3d18cb805507bed707b0e306d3b433,2026-08-01T08:51:05+00:00,506,213,161,89,12.804,203.20000000000005,32,fit:80de1342a3e9944829ab101957c8eddffd3d18cb805507bed707b0e306d3b433:segment:011,11,16953.0,15848,activities/108_260801060832.csv,1,1,0,0
fit:80de1342a3e9944829ab101957c8eddffd3d18cb805507bed707b0e306d3b433,2026-08-01T08:51:06+00:00,507,194,161,89,12.806,203.20000000000005,32,fit:80de1342a3e9944829ab101957c8eddffd3d18cb805507bed707b0e306d3b433:segment:011,11,16954.0,15849,activities/108_260801060832.csv,1,1,0,0
fit:80de1342a3e9944829ab101957c8eddffd3d18cb805507bed707b0e306d3b433,2026-08-01T08:51:07+00:00,508,195,162,89,12.845,203.20000000000005,32,fit:80de1342a3e9944829ab101957c8eddffd3d18cb805507bed707b0e306d3b433:segment:011,11,16955.0,15850,activities/108_260801060832.csv,1,1,0,0
fit:80de1342a3e9944829ab101957c8eddffd3d18cb805507bed707b0e306d3b433,2026-08-01T08:51:08+00:00,509,208,162,89,12.898,203.20000000000005,32,fit:80de1342a3e9944829ab101957c8eddffd3d18cb805507bed707b0e306d3b433:segment:011,11,16956.0,15851,activities/108_260801060832.csv,1,1,0,0
fit:80de1342a3e9944829ab101957c8eddffd3d18cb805507bed707b0e306d3b433,2026-08-01T08:51:09+00:00,510,202,163,89,12.975,203.20000000000005,32,fit:80de1342a3e9944829ab101957c8eddffd3d18cb805507bed707b0e306d3b433:segment:011,11,16957.0,15852,activities/108_260801060832.csv,1,1,0,0
fit:80de1342a3e9944829ab101957c8eddffd3d18cb805507bed707b0e306d3b433,2026-08-01T08:51:10+00:00,511,139,163,89,12.991,202.60000000000002,32,fit:80de1342a3e9944829ab101957c8eddffd3d18cb805507bed707b0e306d3b433:segment:011,11,16958.0,15853,activities/108_260801060832.csv,1,1,0,0
fit:80de1342a3e9944829ab101957c8eddffd3d18cb805507bed707b0e306d3b433,2026-08-01T08:51:11+00:00,512,122,163,89,12.941,201.79999999999995,32,fit:80de1342a3e9944829ab101957c8eddffd3d18cb805507bed707b0e306d3b433:segment:011,11,16959.0,15854,activities/108_260801060832.csv,1,1,0,0
fit:80de1342a3e9944829ab101957c8eddffd3d18cb805507bed707b0e306d3b433,2026-08-01T08:51:12+00:00,513,123,163,89,12.836,201.79999999999995,32,fit:80de1342a3e9944829ab101957c8eddffd3d18cb805507bed707b0e306d3b433:segment:011,11,16960.0,15855,activities/108_260801060832.csv,1,1,0,0
fit:80de1342a3e9944829ab101957c8eddffd3d18cb805507bed707b0e306d3b433,2026-08-01T08:51:13+00:00,514,123,163,89,12.806,201.79999999999995,32,fit:80de1342a3e9944829ab101957c8eddffd3d18cb805507bed707b0e306d3b433:segment:011,11,16961.0,15856,activities/108_260801060832.csv,1,1,0,0
fit:80de1342a3e9944829ab101957c8eddffd3d18cb805507bed707b0e306d3b433,2026-08-01T08:51:14+00:00,515,123,163,89,12.74,201.79999999999995,32,fit:80de1342a3e9944829ab101957c8eddffd3d18cb805507bed707b0e306d3b433:segment:011,11,16962.0,15857,activities/108_260801060832.csv,1,1,0,0
fit:80de1342a3e9944829ab101957c8eddffd3d18cb805507bed707b0e306d3b433,2026-08-01T08:51:15+00:00,516,123,163,89,12.584,201.79999999999995,32,fit:80de1342a3e9944829ab101957c8eddffd3d18cb805507bed707b0e306d3b433:segment:011,11,16963.0,15858,activities/108_260801060832.csv,1,1,0,0
fit:80de1342a3e9944829ab101957c8eddffd3d18cb805507bed707b0e306d3b433,2026-08-01T08:51:16+00:00,517,120,163,89,12.39,201.79999999999995,32,fit:80de1342a3e9944829ab101957c8eddffd3d18cb805507bed707b0e306d3b433:segment:011,11,16964.0,15859,activities/108_260801060832.csv,1,1,0,0
fit:80de1342a3e9944829ab101957c8eddffd3d18cb805507bed707b0e306d3b433,2026-08-01T08:51:17+00:00,518,108,162,87,12.163,201.79999999999995,32,fit:80de1342a3e9944829ab101957c8eddffd3d18cb805507bed707b0e306d3b433:segment:011,11,16965.0,15860,activities/108_260801060832.csv,1,1,0,0
fit:80de1342a3e9944829ab101957c8eddffd3d18cb805507bed707b0e306d3b433,2026-08-01T08:51:18+00:00,519,0,162,82,11.953,202.39999999999998,32,fit:80de1342a3e9944829ab101957c8eddffd3d18cb805507bed707b0e306d3b433:segment:011,11,16966.0,15861,activities/108_260801060832.csv,1,1,0,0
fit:80de1342a3e9944829ab101957c8eddffd3d18cb805507bed707b0e306d3b433,2026-08-01T08:51:19+00:00,520,0,161,0,11.757,202.39999999999998,32,fit:80de1342a3e9944829ab101957c8eddffd3d18cb805507bed707b0e306d3b433:segment:011,11,16967.0,15862,activities/108_260801060832.csv,1,1,0,0
fit:80de1342a3e9944829ab101957c8eddffd3d18cb805507bed707b0e306d3b433,2026-08-01T08:51:20+00:00,521,0,160,0,11.507,202.39999999999998,32,fit:80de1342a3e9944829ab101957c8eddffd3d18cb805507bed707b0e306d3b433:segment:011,11,16968.0,15863,activities/108_260801060832.csv,1,1,0,0
fit:80de1342a3e9944829ab101957c8eddffd3d18cb805507bed707b0e306d3b433,2026-08-01T08:51:21+00:00,522,0,160,0,11.082,202.39999999999998,32,fit:80de1342a3e9944829ab101957c8eddffd3d18cb805507bed707b0e306d3b433:segment:011,11,16969.0,15864,activities/108_260801060832.csv,1,1,0,0
fit:80de1342a3e9944829ab101957c8eddffd3d18cb805507bed707b0e306d3b433,2026-08-01T08:51:22+00:00,523,0,159,0,10.198,203.0,32,fit:80de1342a3e9944829ab101957c8eddffd3d18cb805507bed707b0e306d3b433:segment:011,11,16970.0,15865,activities/108_260801060832.csv,1,1,0,0
fit:80de1342a3e9944829ab101957c8eddffd3d18cb805507bed707b0e306d3b433,2026-08-01T08:51:23+00:00,524,0,158,0,10.198,203.0,32,fit:80de1342a3e9944829ab101957c8eddffd3d18cb805507bed707b0e306d3b433:segment:011,11,16971.0,15866,activities/108_260801060832.csv,1,1,0,0
fit:80de1342a3e9944829ab101957c8eddffd3d18cb805507bed707b0e306d3b433,2026-08-01T08:51:24+00:00,525,0,157,0,8.705,203.0,32,fit:80de1342a3e9944829ab101957c8eddffd3d18cb805507bed707b0e306d3b433:segment:011,11,16972.0,15867,activities/108_260801060832.csv,1,1,0,0
fit:80de1342a3e9944829ab101957c8eddffd3d18cb805507bed707b0e306d3b433,2026-08-01T08:51:25+00:00,526,0,156,0,8.371,203.0,32,fit:80de1342a3e9944829ab101957c8eddffd3d18cb805507bed707b0e306d3b433:segment:011,11,16973.0,15868,activities/108_260801060832.csv,1,1,0,0
fit:80de1342a3e9944829ab101957c8eddffd3d18cb805507bed707b0e306d3b433,2026-08-01T08:51:26+00:00,527,0,155,0,8.122,203.0,32,fit:80de1342a3e9944829ab101957c8eddffd3d18cb805507bed707b0e306d3b433:segment:011,11,16974.0,15869,activities/108_260801060832.csv,1,1,0,0
fit:80de1342a3e9944829ab101957c8eddffd3d18cb805507bed707b0e306d3b433,2026-08-01T08:51:27+00:00,528,0,154,0,7.842,203.60000000000002,32,fit:80de1342a3e9944829ab101957c8eddffd3d18cb805507bed707b0e306d3b433:segment:011,11,16975.0,15870,activities/108_260801060832.csv,1,1,0,0
fit:80de1342a3e9944829ab101957c8eddffd3d18cb805507bed707b0e306d3b433,2026-08-01T08:51:28+00:00,529,0,154,0,7.725,203.60000000000002,32,fit:80de1342a3e9944829ab101957c8eddffd3d18cb805507bed707b0e306d3b433:segment:011,11,16976.0,15871,activities/108_260801060832.csv,1,1,0,0
fit:80de1342a3e9944829ab101957c8eddffd3d18cb805507bed707b0e306d3b433,2026-08-01T08:51:29+00:00,530,0,153,0,7.582,203.60000000000002,32,fit:80de1342a3e9944829ab101957c8eddffd3d18cb805507bed707b0e306d3b433:segment:011,11,16977.0,15872,activities/108_260801060832.csv,1,1,0,0
fit:80de1342a3e9944829ab101957c8eddffd3d18cb805507bed707b0e306d3b433,2026-08-01T08:51:30+00:00,531,0,151,0,7.496,203.20000000000005,32,fit:80de1342a3e9944829ab101957c8eddffd3d18cb805507bed707b0e306d3b433:segment:011,11,16978.0,15873,activities/108_260801060832.csv,1,1,0,0
fit:80de1342a3e9944829ab101957c8eddffd3d18cb805507bed707b0e306d3b433,2026-08-01T08:51:31+00:00,532,142,149,53,7.363,202.60000000000002,32,fit:80de1342a3e9944829ab101957c8eddffd3d18cb805507bed707b0e306d3b433:segment:011,11,16979.0,15874,activities/108_260801060832.csv,1,1,0,0
fit:80de1342a3e9944829ab101957c8eddffd3d18cb805507bed707b0e306d3b433,2026-08-01T08:51:32+00:00,533,142,147,53,7.382,202.60000000000002,32,fit:80de1342a3e9944829ab101957c8eddffd3d18cb805507bed707b0e306d3b433:segment:011,11,16980.0,15875,activities/108_260801060832.csv,1,1,0,0
fit:80de1342a3e9944829ab101957c8eddffd3d18cb805507bed707b0e306d3b433,2026-08-01T08:51:33+00:00,534,142,147,53,7.34,202.60000000000002,32,fit:80de1342a3e9944829ab101957c8eddffd3d18cb805507bed707b0e306d3b433:segment:011,11,16981.0,15876,activities/108_260801060832.csv,1,1,0,0
fit:80de1342a3e9944829ab101957c8eddffd3d18cb805507bed707b0e306d3b433,2026-08-01T08:51:34+00:00,535,142,145,53,7.199,203.60000000000002,32,fit:80de1342a3e9944829ab101957c8eddffd3d18cb805507bed707b0e306d3b433:segment:011,11,16982.0,15877,activities/108_260801060832.csv,1,1,0,0
fit:80de1342a3e9944829ab101957c8eddffd3d18cb805507bed707b0e306d3b433,2026-08-01T08:51:35+00:00,536,4,142,53,7.161,203.60000000000002,32,fit:80de1342a3e9944829ab101957c8eddffd3d18cb805507bed707b0e306d3b433:segment:011,11,16983.0,15878,activities/108_260801060832.csv,1,1,0,0
fit:80de1342a3e9944829ab101957c8eddffd3d18cb805507bed707b0e306d3b433,2026-08-01T08:51:36+00:00,537,133,141,0,7.241,203.60000000000002,32,fit:80de1342a3e9944829ab101957c8eddffd3d18cb805507bed707b0e306d3b433:segment:011,11,16984.0,15879,activities/108_260801060832.csv,1,1,0,0
fit:80de1342a3e9944829ab101957c8eddffd3d18cb805507bed707b0e306d3b433,2026-08-01T08:51:37+00:00,538,133,138,57,7.059,202.60000000000002,32,fit:80de1342a3e9944829ab101957c8eddffd3d18cb805507bed707b0e306d3b433:segment:011,11,16985.0,15880,activities/108_260801060832.csv,1,1,0,0
fit:80de1342a3e9944829ab101957c8eddffd3d18cb805507bed707b0e306d3b433,2026-08-01T08:51:38+00:00,539,334,138,60,7.241,202.60000000000002,32,fit:80de1342a3e9944829ab101957c8eddffd3d18cb805507bed707b0e306d3b433:segment:011,11,16986.0,15881,activities/108_260801060832.csv,1,1,0,0
fit:80de1342a3e9944829ab101957c8eddffd3d18cb805507bed707b0e306d3b433,2026-08-01T08:51:39+00:00,540,334,137,63,7.619,202.60000000000002,32,fit:80de1342a3e9944829ab101957c8eddffd3d18cb805507bed707b0e306d3b433:segment:011,11,16987.0,15882,activities/108_260801060832.csv,1,1,0,0
fit:80de1342a3e9944829ab101957c8eddffd3d18cb805507bed707b0e306d3b433,2026-08-01T08:51:40+00:00,541,111,137,63,7.941,202.79999999999995,32,fit:80de1342a3e9944829ab101957c8eddffd3d18cb805507bed707b0e306d3b433:segment:011,11,16988.0,15883,activities/108_260801060832.csv,1,1,0,0
fit:80de1342a3e9944829ab101957c8eddffd3d18cb805507bed707b0e306d3b433,2026-08-01T08:51:41+00:00,542,293,135,67,8.041,203.60000000000002,32,fit:80de1342a3e9944829ab101957c8eddffd3d18cb805507bed707b0e306d3b433:segment:011,11,16989.0,15884,activities/108_260801060832.csv,1,1,0,0
fit:80de1342a3e9944829ab101957c8eddffd3d18cb805507bed707b0e306d3b433,2026-08-01T08:51:42+00:00,543,339,135,69,8.376,203.60000000000002,32,fit:80de1342a3e9944829ab101957c8eddffd3d18cb805507bed707b0e306d3b433:segment:011,11,16990.0,15885,activities/108_260801060832.csv,1,1,0,0
fit:80de1342a3e9944829ab101957c8eddffd3d18cb805507bed707b0e306d3b433,2026-08-01T08:51:43+00:00,544,335,134,71,8.696,203.60000000000002,32,fit:80de1342a3e9944829ab101957c8eddffd3d18cb805507bed707b0e306d3b433:segment:011,11,16991.0,15886,activities/108_260801060832.csv,1,1,0,0
fit:80de1342a3e9944829ab101957c8eddffd3d18cb805507bed707b0e306d3b433,2026-08-01T08:51:44+00:00,545,320,135,73,8.93,202.60000000000002,32,fit:80de1342a3e9944829ab101957c8eddffd3d18cb805507bed707b0e306d3b433:segment:011,11,16992.0,15887,activities/108_260801060832.csv,1,1,0,0
fit:80de1342a3e9944829ab101957c8eddffd3d18cb805507bed707b0e306d3b433,2026-08-01T08:51:45+00:00,546,321,135,75,9.248,201.60000000000002,32,fit:80de1342a3e9944829ab101957c8eddffd3d18cb805507bed707b0e306d3b433:segment:011,11,16993.0,15888,activities/108_260801060832.csv,1,1,0,0
fit:80de1342a3e9944829ab101957c8eddffd3d18cb805507bed707b0e306d3b433,2026-08-01T08:51:46+00:00,547,321,135,75,9.35,201.60000000000002,32,fit:80de1342a3e9944829ab101957c8eddffd3d18cb805507bed707b0e306d3b433:segment:011,11,16994.0,15889,activities/108_260801060832.csv,1,1,0,0
fit:80de1342a3e9944829ab101957c8eddffd3d18cb805507bed707b0e306d3b433,2026-08-01T08:51:47+00:00,548,321,136,75,9.263,201.60000000000002,32,fit:80de1342a3e9944829ab101957c8eddffd3d18cb805507bed707b0e306d3b433:segment:011,11,16995.0,15890,activities/108_260801060832.csv,1,1,0,0
fit:80de1342a3e9944829ab101957c8eddffd3d18cb805507bed707b0e306d3b433,2026-08-01T08:51:48+00:00,549,290,136,74,9.168,202.20000000000005,32,fit:80de1342a3e9944829ab101957c8eddffd3d18cb805507bed707b0e306d3b433:segment:011,11,16996.0,15891,activities/108_260801060832.csv,1,1,0,0
fit:80de1342a3e9944829ab101957c8eddffd3d18cb805507bed707b0e306d3b433,2026-08-01T08:51:49+00:00,550,339,136,70,9.229,202.60000000000002,32,fit:80de1342a3e9944829ab101957c8eddffd3d18cb805507bed707b0e306d3b433:segment:011,11,16997.0,15892,activities/108_260801060832.csv,1,1,0,0
fit:80de1342a3e9944829ab101957c8eddffd3d18cb805507bed707b0e306d3b433,2026-08-01T08:51:50+00:00,551,369,137,73,9.15,202.60000000000002,32,fit:80de1342a3e9944829ab101957c8eddffd3d18cb805507bed707b0e306d3b433:segment:011,11,16998.0,15893,activities/108_260801060832.csv,1,1,0,0
fit:80de1342a3e9944829ab101957c8eddffd3d18cb805507bed707b0e306d3b433,2026-08-01T08:51:51+00:00,552,241,137,75,9.235,202.60000000000002,32,fit:80de1342a3e9944829ab101957c8eddffd3d18cb805507bed707b0e306d3b433:segment:011,11,16999.0,15894,activities/108_260801060832.csv,1,1,0,0
fit:80de1342a3e9944829ab101957c8eddffd3d18cb805507bed707b0e306d3b433,2026-08-01T08:51:52+00:00,553,241,137,78,9.458,201.60000000000002,32,fit:80de1342a3e9944829ab101957c8eddffd3d18cb805507bed707b0e306d3b433:segment:011,11,17000.0,15895,activities/108_260801060832.csv,1,1,0,0
fit:80de1342a3e9944829ab101957c8eddffd3d18cb805507bed707b0e306d3b433,2026-08-01T08:51:53+00:00,554,206,138,79,9.731,201.39999999999998,32,fit:80de1342a3e9944829ab101957c8eddffd3d18cb805507bed707b0e306d3b433:segment:011,11,17001.0,15896,activities/108_260801060832.csv,1,1,0,0
fit:80de1342a3e9944829ab101957c8eddffd3d18cb805507bed707b0e306d3b433,2026-08-01T08:51:54+00:00,555,226,139,80,9.884,201.0,32,fit:80de1342a3e9944829ab101957c8eddffd3d18cb805507bed707b0e306d3b433:segment:011,11,17002.0,15897,activities/108_260801060832.csv,1,1,0,0
fit:80de1342a3e9944829ab101957c8eddffd3d18cb805507bed707b0e306d3b433,2026-08-01T08:51:55+00:00,556,211,139,83,10.111,201.0,32,fit:80de1342a3e9944829ab101957c8eddffd3d18cb805507bed707b0e306d3b433:segment:011,11,17003.0,15898,activities/108_260801060832.csv,1,1,0,0
fit:80de1342a3e9944829ab101957c8eddffd3d18cb805507bed707b0e306d3b433,2026-08-01T08:51:56+00:00,557,227,140,83,10.337,201.0,32,fit:80de1342a3e9944829ab101957c8eddffd3d18cb805507bed707b0e306d3b433:segment:011,11,17004.0,15899,activities/108_260801060832.csv,1,1,0,0
fit:80de1342a3e9944829ab101957c8eddffd3d18cb805507bed707b0e306d3b433,2026-08-01T08:51:57+00:00,558,178,141,84,10.562,201.0,32,fit:80de1342a3e9944829ab101957c8eddffd3d18cb805507bed707b0e306d3b433:segment:011,11,17005.0,15900,activities/108_260801060832.csv,1,1,0,0
fit:80de1342a3e9944829ab101957c8eddffd3d18cb805507bed707b0e306d3b433,2026-08-01T08:51:58+00:00,559,168,142,85,10.564,201.0,32,fit:80de1342a3e9944829ab101957c8eddffd3d18cb805507bed707b0e306d3b433:segment:011,11,17006.0,15901,activities/108_260801060832.csv,1,1,0,0
fit:80de1342a3e9944829ab101957c8eddffd3d18cb805507bed707b0e306d3b433,2026-08-01T08:51:59+00:00,560,148,142,85,10.601,201.0,32,fit:80de1342a3e9944829ab101957c8eddffd3d18cb805507bed707b0e306d3b433:segment:011,11,17007.0,15902,activities/108_260801060832.csv,1,1,0,0
fit:80de1342a3e9944829ab101957c8eddffd3d18cb805507bed707b0e306d3b433,2026-08-01T08:52:00+00:00,561,129,142,85,10.64,201.0,32,fit:80de1342a3e9944829ab101957c8eddffd3d18cb805507bed707b0e306d3b433:segment:011,11,17008.0,15903,activities/108_260801060832.csv,1,1,0,0
fit:80de1342a3e9944829ab101957c8eddffd3d18cb805507bed707b0e306d3b433,2026-08-01T08:52:01+00:00,562,129,143,85,10.657,201.0,32,fit:80de1342a3e9944829ab101957c8eddffd3d18cb805507bed707b0e306d3b433:segment:011,11,17009.0,15904,activities/108_260801060832.csv,1,1,0,0
fit:80de1342a3e9944829ab101957c8eddffd3d18cb805507bed707b0e306d3b433,2026-08-01T08:52:02+00:00,563,105,143,85,10.722,201.20000000000005,32,fit:80de1342a3e9944829ab101957c8eddffd3d18cb805507bed707b0e306d3b433:segment:011,11,17010.0,15905,activities/108_260801060832.csv,1,1,0,0
fit:80de1342a3e9944829ab101957c8eddffd3d18cb805507bed707b0e306d3b433,2026-08-01T08:52:03+00:00,564,124,143,85,10.665,201.60000000000002,32,fit:80de1342a3e9944829ab101957c8eddffd3d18cb805507bed707b0e306d3b433:segment:011,11,17011.0,15906,activities/108_260801060832.csv,1,1,0,0
fit:80de1342a3e9944829ab101957c8eddffd3d18cb805507bed707b0e306d3b433,2026-08-01T08:52:04+00:00,565,124,143,85,10.686,201.60000000000002,32,fit:80de1342a3e9944829ab101957c8eddffd3d18cb805507bed707b0e306d3b433:segment:011,11,17012.0,15907,activities/108_260801060832.csv,1,1,0,0
fit:80de1342a3e9944829ab101957c8eddffd3d18cb805507bed707b0e306d3b433,2026-08-01T08:52:05+00:00,566,84,144,85,10.644,201.60000000000002,32,fit:80de1342a3e9944829ab101957c8eddffd3d18cb805507bed707b0e306d3b433:segment:011,11,17013.0,15908,activities/108_260801060832.csv,1,1,0,0
fit:80de1342a3e9944829ab101957c8eddffd3d18cb805507bed707b0e306d3b433,2026-08-01T08:52:06+00:00,567,84,144,59,10.682,200.60000000000002,32,fit:80de1342a3e9944829ab101957c8eddffd3d18cb805507bed707b0e306d3b433:segment:011,11,17014.0,15909,activities/108_260801060832.csv,1,1,0,0
fit:80de1342a3e9944829ab101957c8eddffd3d18cb805507bed707b0e306d3b433,2026-08-01T08:52:07+00:00,568,156,144,85,10.671,200.39999999999998,32,fit:80de1342a3e9944829ab101957c8eddffd3d18cb805507bed707b0e306d3b433:segment:011,11,17015.0,15910,activities/108_260801060832.csv,1,1,0,0
fit:80de1342a3e9944829ab101957c8eddffd3d18cb805507bed707b0e306d3b433,2026-08-01T08:52:08+00:00,569,137,144,85,10.73,200.39999999999998,32,fit:80de1342a3e9944829ab101957c8eddffd3d18cb805507bed707b0e306d3b433:segment:011,11,17016.0,15911,activities/108_260801060832.csv,1,1,0,0
fit:80de1342a3e9944829ab101957c8eddffd3d18cb805507bed707b0e306d3b433,2026-08-01T08:52:09+00:00,570,141,145,86,10.754,200.39999999999998,32,fit:80de1342a3e9944829ab101957c8eddffd3d18cb805507bed707b0e306d3b433:segment:011,11,17017.0,15912,activities/108_260801060832.csv,1,1,0,0
fit:80de1342a3e9944829ab101957c8eddffd3d18cb805507bed707b0e306d3b433,2026-08-01T08:52:10+00:00,571,111,145,87,10.84,201.20000000000005,32,fit:80de1342a3e9944829ab101957c8eddffd3d18cb805507bed707b0e306d3b433:segment:011,11,17018.0,15913,activities/108_260801060832.csv,1,1,0,0
fit:80de1342a3e9944829ab101957c8eddffd3d18cb805507bed707b0e306d3b433,2026-08-01T08:52:11+00:00,572,88,145,87,10.871,201.20000000000005,32,fit:80de1342a3e9944829ab101957c8eddffd3d18cb805507bed707b0e306d3b433:segment:011,11,17019.0,15914,activities/108_260801060832.csv,1,1,0,0
fit:80de1342a3e9944829ab101957c8eddffd3d18cb805507bed707b0e306d3b433,2026-08-01T08:52:12+00:00,573,84,145,87,10.866,201.20000000000005,32,fit:80de1342a3e9944829ab101957c8eddffd3d18cb805507bed707b0e306d3b433:segment:011,11,17020.0,15915,activities/108_260801060832.csv,1,1,0,0
fit:80de1342a3e9944829ab101957c8eddffd3d18cb805507bed707b0e306d3b433,2026-08-01T08:52:13+00:00,574,79,145,87,10.899,200.20000000000005,32,fit:80de1342a3e9944829ab101957c8eddffd3d18cb805507bed707b0e306d3b433:segment:011,11,17021.0,15916,activities/108_260801060832.csv,1,1,0,0
fit:80de1342a3e9944829ab101957c8eddffd3d18cb805507bed707b0e306d3b433,2026-08-01T08:52:14+00:00,575,79,144,86,10.898,200.20000000000005,32,fit:80de1342a3e9944829ab101957c8eddffd3d18cb805507bed707b0e306d3b433:segment:011,11,17022.0,15917,activities/108_260801060832.csv,1,1,0,0
fit:80de1342a3e9944829ab101957c8eddffd3d18cb805507bed707b0e306d3b433,2026-08-01T08:52:15+00:00,576,80,144,86,10.833,200.20000000000005,32,fit:80de1342a3e9944829ab101957c8eddffd3d18cb805507bed707b0e306d3b433:segment:011,11,17023.0,15918,activities/108_260801060832.csv,1,1,0,0
fit:80de1342a3e9944829ab101957c8eddffd3d18cb805507bed707b0e306d3b433,2026-08-01T08:52:16+00:00,577,80,144,86,10.77,200.20000000000005,32,fit:80de1342a3e9944829ab101957c8eddffd3d18cb805507bed707b0e306d3b433:segment:011,11,17024.0,15919,activities/108_260801060832.csv,1,1,0,0
fit:80de1342a3e9944829ab101957c8eddffd3d18cb805507bed707b0e306d3b433,2026-08-01T08:52:17+00:00,578,80,144,86,10.619,200.20000000000005,32,fit:80de1342a3e9944829ab101957c8eddffd3d18cb805507bed707b0e306d3b433:segment:011,11,17025.0,15920,activities/108_260801060832.csv,1,1,0,0
fit:80de1342a3e9944829ab101957c8eddffd3d18cb805507bed707b0e306d3b433,2026-08-01T08:52:18+00:00,579,0,144,86,10.463,200.20000000000005,32,fit:80de1342a3e9944829ab101957c8eddffd3d18cb805507bed707b0e306d3b433:segment:011,11,17026.0,15921,activities/108_260801060832.csv,1,1,0,0
fit:80de1342a3e9944829ab101957c8eddffd3d18cb805507bed707b0e306d3b433,2026-08-01T08:52:19+00:00,580,0,144,0,10.212,200.20000000000005,32,fit:80de1342a3e9944829ab101957c8eddffd3d18cb805507bed707b0e306d3b433:segment:011,11,17027.0,15922,activities/108_260801060832.csv,1,1,0,0
fit:80de1342a3e9944829ab101957c8eddffd3d18cb805507bed707b0e306d3b433,2026-08-01T08:52:20+00:00,581,0,143,0,9.429,200.20000000000005,32,fit:80de1342a3e9944829ab101957c8eddffd3d18cb805507bed707b0e306d3b433:segment:011,11,17028.0,15923,activities/108_260801060832.csv,1,1,0,0
fit:80de1342a3e9944829ab101957c8eddffd3d18cb805507bed707b0e306d3b433,2026-08-01T08:52:21+00:00,582,0,142,0,7.982,200.20000000000005,32,fit:80de1342a3e9944829ab101957c8eddffd3d18cb805507bed707b0e306d3b433:segment:011,11,17029.0,15924,activities/108_260801060832.csv,1,1,0,0
fit:80de1342a3e9944829ab101957c8eddffd3d18cb805507bed707b0e306d3b433,2026-08-01T08:52:22+00:00,583,154,141,0,7.158,200.20000000000005,32,fit:80de1342a3e9944829ab101957c8eddffd3d18cb805507bed707b0e306d3b433:segment:011,11,17030.0,15925,activities/108_260801060832.csv,1,1,0,0
fit:80de1342a3e9944829ab101957c8eddffd3d18cb805507bed707b0e306d3b433,2026-08-01T08:52:23+00:00,584,277,141,48,6.854,201.20000000000005,32,fit:80de1342a3e9944829ab101957c8eddffd3d18cb805507bed707b0e306d3b433:segment:011,11,17031.0,15926,activities/108_260801060832.csv,1,1,0,0
fit:80de1342a3e9944829ab101957c8eddffd3d18cb805507bed707b0e306d3b433,2026-08-01T08:52:24+00:00,585,303,140,55,6.948,201.79999999999995,32,fit:80de1342a3e9944829ab101957c8eddffd3d18cb805507bed707b0e306d3b433:segment:011,11,17032.0,15927,activities/108_260801060832.csv,1,1,0,0
fit:80de1342a3e9944829ab101957c8eddffd3d18cb805507bed707b0e306d3b433,2026-08-01T08:52:25+00:00,586,257,140,60,7.282,201.79999999999995,32,fit:80de1342a3e9944829ab101957c8eddffd3d18cb805507bed707b0e306d3b433:segment:011,11,17033.0,15928,activities/108_260801060832.csv,1,1,0,0
fit:80de1342a3e9944829ab101957c8eddffd3d18cb805507bed707b0e306d3b433,2026-08-01T08:52:26+00:00,587,257,139,63,7.648,201.79999999999995,32,fit:80de1342a3e9944829ab101957c8eddffd3d18cb805507bed707b0e306d3b433:segment:011,11,17034.0,15929,activities/108_260801060832.csv,1,1,0,0
fit:80de1342a3e9944829ab101957c8eddffd3d18cb805507bed707b0e306d3b433,2026-08-01T08:52:27+00:00,588,256,139,68,8.065,200.79999999999995,32,fit:80de1342a3e9944829ab101957c8eddffd3d18cb805507bed707b0e306d3b433:segment:011,11,17035.0,15930,activities/108_260801060832.csv,1,1,0,0
fit:80de1342a3e9944829ab101957c8eddffd3d18cb805507bed707b0e306d3b433,2026-08-01T08:52:28+00:00,589,221,139,68,8.331,199.79999999999995,32,fit:80de1342a3e9944829ab101957c8eddffd3d18cb805507bed707b0e306d3b433:segment:011,11,17036.0,15931,activities/108_260801060832.csv,1,1,0,0
fit:80de1342a3e9944829ab101957c8eddffd3d18cb805507bed707b0e306d3b433,2026-08-01T08:52:29+00:00,590,215,139,70,8.593,199.79999999999995,32,fit:80de1342a3e9944829ab101957c8eddffd3d18cb805507bed707b0e306d3b433:segment:011,11,17037.0,15932,activities/108_260801060832.csv,1,1,0,0
fit:80de1342a3e9944829ab101957c8eddffd3d18cb805507bed707b0e306d3b433,2026-08-01T08:52:30+00:00,591,174,139,72,8.831,199.79999999999995,32,fit:80de1342a3e9944829ab101957c8eddffd3d18cb805507bed707b0e306d3b433:segment:011,11,17038.0,15933,activities/108_260801060832.csv,1,1,0,0
fit:80de1342a3e9944829ab101957c8eddffd3d18cb805507bed707b0e306d3b433,2026-08-01T08:52:31+00:00,592,206,140,73,9.033,199.79999999999995,32,fit:80de1342a3e9944829ab101957c8eddffd3d18cb805507bed707b0e306d3b433:segment:011,11,17039.0,15934,activities/108_260801060832.csv,1,1,0,0
fit:80de1342a3e9944829ab101957c8eddffd3d18cb805507bed707b0e306d3b433,2026-08-01T08:52:32+00:00,593,192,140,75,9.161,199.0,32,fit:80de1342a3e9944829ab101957c8eddffd3d18cb805507bed707b0e306d3b433:segment:011,11,17040.0,15935,activities/108_260801060832.csv,1,1,0,0
fit:80de1342a3e9944829ab101957c8eddffd3d18cb805507bed707b0e306d3b433,2026-08-01T08:52:33+00:00,594,34,140,75,9.264,199.0,32,fit:80de1342a3e9944829ab101957c8eddffd3d18cb805507bed707b0e306d3b433:segment:011,11,17041.0,15936,activities/108_260801060832.csv,1,1,0,0
fit:80de1342a3e9944829ab101957c8eddffd3d18cb805507bed707b0e306d3b433,2026-08-01T08:52:34+00:00,595,34,140,49,9.3,199.0,32,fit:80de1342a3e9944829ab101957c8eddffd3d18cb805507bed707b0e306d3b433:segment:011,11,17042.0,15937,activities/108_260801060832.csv,1,1,0,0
fit:80de1342a3e9944829ab101957c8eddffd3d18cb805507bed707b0e306d3b433,2026-08-01T08:52:35+00:00,596,34,140,49,9.262,199.0,32,fit:80de1342a3e9944829ab101957c8eddffd3d18cb805507bed707b0e306d3b433:segment:011,11,17043.0,15938,activities/108_260801060832.csv,1,1,0,0
fit:80de1342a3e9944829ab101957c8eddffd3d18cb805507bed707b0e306d3b433,2026-08-01T08:52:36+00:00,597,34,139,49,9.15,199.0,32,fit:80de1342a3e9944829ab101957c8eddffd3d18cb805507bed707b0e306d3b433:segment:011,11,17044.0,15939,activities/108_260801060832.csv,1,1,0,0
fit:80de1342a3e9944829ab101957c8eddffd3d18cb805507bed707b0e306d3b433,2026-08-01T08:52:37+00:00,598,34,139,49,9.02,199.0,32,fit:80de1342a3e9944829ab101957c8eddffd3d18cb805507bed707b0e306d3b433:segment:011,11,17045.0,15940,activities/108_260801060832.csv,1,1,0,0
fit:80de1342a3e9944829ab101957c8eddffd3d18cb805507bed707b0e306d3b433,2026-08-01T08:52:38+00:00,599,0,138,0,8.77,198.79999999999995,32,fit:80de1342a3e9944829ab101957c8eddffd3d18cb805507bed707b0e306d3b433:segment:011,11,17046.0,15941,activities/108_260801060832.csv,1,1,0,0
fit:80de1342a3e9944829ab101957c8eddffd3d18cb805507bed707b0e306d3b433,2026-08-01T08:52:39+00:00,600,0,138,0,7.858,198.79999999999995,32,fit:80de1342a3e9944829ab101957c8eddffd3d18cb805507bed707b0e306d3b433:segment:011,11,17047.0,15942,activities/108_260801060832.csv,1,1,0,0
fit:80de1342a3e9944829ab101957c8eddffd3d18cb805507bed707b0e306d3b433,2026-08-01T08:52:40+00:00,601,0,137,0,6.485,198.79999999999995,32,fit:80de1342a3e9944829ab101957c8eddffd3d18cb805507bed707b0e306d3b433:segment:011,11,17048.0,15943,activities/108_260801060832.csv,1,1,0,0
fit:80de1342a3e9944829ab101957c8eddffd3d18cb805507bed707b0e306d3b433,2026-08-01T08:52:41+00:00,602,0,137,0,5.139,199.79999999999995,32,fit:80de1342a3e9944829ab101957c8eddffd3d18cb805507bed707b0e306d3b433:segment:011,11,17049.0,15944,activities/108_260801060832.csv,1,1,0,0
fit:80de1342a3e9944829ab101957c8eddffd3d18cb805507bed707b0e306d3b433,2026-08-01T08:52:42+00:00,603,0,137,0,3.473,200.39999999999998,32,fit:80de1342a3e9944829ab101957c8eddffd3d18cb805507bed707b0e306d3b433:segment:011,11,17050.0,15945,activities/108_260801060832.csv,1,1,0,0
fit:80de1342a3e9944829ab101957c8eddffd3d18cb805507bed707b0e306d3b433,2026-08-01T08:52:43+00:00,604,0,136,0,2.398,200.60000000000002,32,fit:80de1342a3e9944829ab101957c8eddffd3d18cb805507bed707b0e306d3b433:segment:011,11,17051.0,15946,activities/108_260801060832.csv,1,1,0,0
fit:80de1342a3e9944829ab101957c8eddffd3d18cb805507bed707b0e306d3b433,2026-08-01T08:52:44+00:00,605,0,135,0,2.398,200.60000000000002,32,fit:80de1342a3e9944829ab101957c8eddffd3d18cb805507bed707b0e306d3b433:segment:011,11,17052.0,15947,activities/108_260801060832.csv,1,1,0,0
fit:80de1342a3e9944829ab101957c8eddffd3d18cb805507bed707b0e306d3b433,2026-08-01T08:52:45+00:00,606,133,134,0,2.345,200.60000000000002,32,fit:80de1342a3e9944829ab101957c8eddffd3d18cb805507bed707b0e306d3b433:segment:011,11,17053.0,15948,activities/108_260801060832.csv,1,1,0,0
fit:80de1342a3e9944829ab101957c8eddffd3d18cb805507bed707b0e306d3b433,2026-08-01T08:52:46+00:00,607,134,134,0,2.626,200.39999999999998,32,fit:80de1342a3e9944829ab101957c8eddffd3d18cb805507bed707b0e306d3b433:segment:011,11,17054.0,15949,activities/108_260801060832.csv,1,1,0,0
fit:80de1342a3e9944829ab101957c8eddffd3d18cb805507bed707b0e306d3b433,2026-08-01T08:52:47+00:00,608,231,134,0,3.188,200.39999999999998,32,fit:80de1342a3e9944829ab101957c8eddffd3d18cb805507bed707b0e306d3b433:segment:011,11,17055.0,15950,activities/108_260801060832.csv,1,1,0,0
fit:80de1342a3e9944829ab101957c8eddffd3d18cb805507bed707b0e306d3b433,2026-08-01T08:52:48+00:00,609,231,134,32,3.793,200.39999999999998,32,fit:80de1342a3e9944829ab101957c8eddffd3d18cb805507bed707b0e306d3b433:segment:011,11,17056.0,15951,activities/108_260801060832.csv,1,1,0,0
fit:80de1342a3e9944829ab101957c8eddffd3d18cb805507bed707b0e306d3b433,2026-08-01T08:52:49+00:00,610,287,135,32,4.128,200.39999999999998,32,fit:80de1342a3e9944829ab101957c8eddffd3d18cb805507bed707b0e306d3b433:segment:011,11,17057.0,15952,activities/108_260801060832.csv,1,1,0,0
fit:80de1342a3e9944829ab101957c8eddffd3d18cb805507bed707b0e306d3b433,2026-08-01T08:52:50+00:00,611,271,135,41,4.83,200.39999999999998,32,fit:80de1342a3e9944829ab101957c8eddffd3d18cb805507bed707b0e306d3b433:segment:011,11,17058.0,15953,activities/108_260801060832.csv,1,1,0,0
fit:80de1342a3e9944829ab101957c8eddffd3d18cb805507bed707b0e306d3b433,2026-08-01T08:52:51+00:00,612,271,137,47,5.155,200.39999999999998,32,fit:80de1342a3e9944829ab101957c8eddffd3d18cb805507bed707b0e306d3b433:segment:011,11,17059.0,15954,activities/108_260801060832.csv,1,1,0,0
fit:80de1342a3e9944829ab101957c8eddffd3d18cb805507bed707b0e306d3b433,2026-08-01T08:52:52+00:00,613,283,139,55,5.773,200.39999999999998,32,fit:80de1342a3e9944829ab101957c8eddffd3d18cb805507bed707b0e306d3b433:segment:011,11,17060.0,15955,activities/108_260801060832.csv,1,1,0,0
fit:80de1342a3e9944829ab101957c8eddffd3d18cb805507bed707b0e306d3b433,2026-08-01T08:52:53+00:00,614,280,141,58,6.199,200.0,32,fit:80de1342a3e9944829ab101957c8eddffd3d18cb805507bed707b0e306d3b433:segment:011,11,17061.0,15956,activities/108_260801060832.csv,1,1,0,0
fit:80de1342a3e9944829ab101957c8eddffd3d18cb805507bed707b0e306d3b433,2026-08-01T08:52:54+00:00,615,300,142,58,6.742,199.60000000000002,32,fit:80de1342a3e9944829ab101957c8eddffd3d18cb805507bed707b0e306d3b433:segment:011,11,17062.0,15957,activities/108_260801060832.csv,1,1,0,0
fit:80de1342a3e9944829ab101957c8eddffd3d18cb805507bed707b0e306d3b433,2026-08-01T08:52:55+00:00,616,272,142,61,7.19,199.60000000000002,32,fit:80de1342a3e9944829ab101957c8eddffd3d18cb805507bed707b0e306d3b433:segment:011,11,17063.0,15958,activities/108_260801060832.csv,1,1,0,0
fit:80de1342a3e9944829ab101957c8eddffd3d18cb805507bed707b0e306d3b433,2026-08-01T08:52:56+00:00,617,75,143,63,7.479,199.60000000000002,32,fit:80de1342a3e9944829ab101957c8eddffd3d18cb805507bed707b0e306d3b433:segment:011,11,17064.0,15959,activities/108_260801060832.csv,1,1,0,0
fit:80de1342a3e9944829ab101957c8eddffd3d18cb805507bed707b0e306d3b433,2026-08-01T08:52:57+00:00,618,196,144,40,7.919,199.60000000000002,32,fit:80de1342a3e9944829ab101957c8eddffd3d18cb805507bed707b0e306d3b433:segment:011,11,17065.0,15960,activities/108_260801060832.csv,1,1,0,0
fit:80de1342a3e9944829ab101957c8eddffd3d18cb805507bed707b0e306d3b433,2026-08-01T08:52:58+00:00,619,327,144,64,7.801,198.79999999999995,32,fit:80de1342a3e9944829ab101957c8eddffd3d18cb805507bed707b0e306d3b433:segment:011,11,17066.0,15961,activities/108_260801060832.csv,1,1,0,0
fit:80de1342a3e9944829ab101957c8eddffd3d18cb805507bed707b0e306d3b433,2026-08-01T08:52:59+00:00,620,287,144,65,7.884,198.79999999999995,32,fit:80de1342a3e9944829ab101957c8eddffd3d18cb805507bed707b0e306d3b433:segment:011,11,17067.0,15962,activities/108_260801060832.csv,1,1,0,0
fit:80de1342a3e9944829ab101957c8eddffd3d18cb805507bed707b0e306d3b433,2026-08-01T08:53:00+00:00,621,287,144,67,8.203,198.79999999999995,32,fit:80de1342a3e9944829ab101957c8eddffd3d18cb805507bed707b0e306d3b433:segment:011,11,17068.0,15963,activities/108_260801060832.csv,1,1,0,0
fit:80de1342a3e9944829ab101957c8eddffd3d18cb805507bed707b0e306d3b433,2026-08-01T08:53:01+00:00,622,271,144,69,8.468,199.0,32,fit:80de1342a3e9944829ab101957c8eddffd3d18cb805507bed707b0e306d3b433:segment:011,11,17069.0,15964,activities/108_260801060832.csv,1,1,0,0
fit:80de1342a3e9944829ab101957c8eddffd3d18cb805507bed707b0e306d3b433,2026-08-01T08:53:02+00:00,623,260,144,72,8.751,199.0,32,fit:80de1342a3e9944829ab101957c8eddffd3d18cb805507bed707b0e306d3b433:segment:011,11,17070.0,15965,activities/108_260801060832.csv,1,1,0,0
fit:80de1342a3e9944829ab101957c8eddffd3d18cb805507bed707b0e306d3b433,2026-08-01T08:53:03+00:00,624,261,144,73,8.955,199.0,32,fit:80de1342a3e9944829ab101957c8eddffd3d18cb805507bed707b0e306d3b433:segment:011,11,17071.0,15966,activities/108_260801060832.csv,1,1,0,0
fit:80de1342a3e9944829ab101957c8eddffd3d18cb805507bed707b0e306d3b433,2026-08-01T08:53:04+00:00,625,230,143,74,9.057,198.0,32,fit:80de1342a3e9944829ab101957c8eddffd3d18cb805507bed707b0e306d3b433:segment:011,11,17072.0,15967,activities/108_260801060832.csv,1,1,0,0
fit:80de1342a3e9944829ab101957c8eddffd3d18cb805507bed707b0e306d3b433,2026-08-01T08:53:05+00:00,626,231,143,75,9.111,198.0,32,fit:80de1342a3e9944829ab101957c8eddffd3d18cb805507bed707b0e306d3b433:segment:011,11,17073.0,15968,activities/108_260801060832.csv,1,1,0,0
fit:80de1342a3e9944829ab101957c8eddffd3d18cb805507bed707b0e306d3b433,2026-08-01T08:53:06+00:00,627,231,143,76,9.222,198.0,32,fit:80de1342a3e9944829ab101957c8eddffd3d18cb805507bed707b0e306d3b433:segment:011,11,17074.0,15969,activities/108_260801060832.csv,1,1,0,0
fit:80de1342a3e9944829ab101957c8eddffd3d18cb805507bed707b0e306d3b433,2026-08-01T08:53:07+00:00,628,265,144,77,9.373,198.79999999999995,32,fit:80de1342a3e9944829ab101957c8eddffd3d18cb805507bed707b0e306d3b433:segment:011,11,17075.0,15970,activities/108_260801060832.csv,1,1,0,0
fit:80de1342a3e9944829ab101957c8eddffd3d18cb805507bed707b0e306d3b433,2026-08-01T08:53:08+00:00,629,237,144,79,9.55,199.20000000000005,32,fit:80de1342a3e9944829ab101957c8eddffd3d18cb805507bed707b0e306d3b433:segment:011,11,17076.0,15971,activities/108_260801060832.csv,1,1,0,0
fit:80de1342a3e9944829ab101957c8eddffd3d18cb805507bed707b0e306d3b433,2026-08-01T08:53:09+00:00,630,239,146,79,9.697,199.20000000000005,32,fit:80de1342a3e9944829ab101957c8eddffd3d18cb805507bed707b0e306d3b433:segment:011,11,17077.0,15972,activities/108_260801060832.csv,1,1,0,0
fit:80de1342a3e9944829ab101957c8eddffd3d18cb805507bed707b0e306d3b433,2026-08-01T08:53:10+00:00,631,260,147,79,9.815,199.20000000000005,32,fit:80de1342a3e9944829ab101957c8eddffd3d18cb805507bed707b0e306d3b433:segment:011,11,17078.0,15973,activities/108_260801060832.csv,1,1,0,0
fit:80de1342a3e9944829ab101957c8eddffd3d18cb805507bed707b0e306d3b433,2026-08-01T08:53:11+00:00,632,244,147,79,9.849,198.20000000000005,32,fit:80de1342a3e9944829ab101957c8eddffd3d18cb805507bed707b0e306d3b433:segment:011,11,17079.0,15974,activities/108_260801060832.csv,1,1,0,0
fit:80de1342a3e9944829ab101957c8eddffd3d18cb805507bed707b0e306d3b433,2026-08-01T08:53:12+00:00,633,215,148,80,9.935,198.0,32,fit:80de1342a3e9944829ab101957c8eddffd3d18cb805507bed707b0e306d3b433:segment:011,11,17080.0,15975,activities/108_260801060832.csv,1,1,0,0
fit:80de1342a3e9944829ab101957c8eddffd3d18cb805507bed707b0e306d3b433,2026-08-01T08:53:13+00:00,634,216,149,81,9.987,197.60000000000002,32,fit:80de1342a3e9944829ab101957c8eddffd3d18cb805507bed707b0e306d3b433:segment:011,11,17081.0,15976,activities/108_260801060832.csv,1,1,0,0
fit:80de1342a3e9944829ab101957c8eddffd3d18cb805507bed707b0e306d3b433,2026-08-01T08:53:14+00:00,635,167,150,81,10.07,197.60000000000002,32,fit:80de1342a3e9944829ab101957c8eddffd3d18cb805507bed707b0e306d3b433:segment:011,11,17082.0,15977,activities/108_260801060832.csv,1,1,0,0
fit:80de1342a3e9944829ab101957c8eddffd3d18cb805507bed707b0e306d3b433,2026-08-01T08:53:15+00:00,636,172,151,81,10.124,197.60000000000002,32,fit:80de1342a3e9944829ab101957c8eddffd3d18cb805507bed707b0e306d3b433:segment:011,11,17083.0,15978,activities/108_260801060832.csv,1,1,0,0
fit:80de1342a3e9944829ab101957c8eddffd3d18cb805507bed707b0e306d3b433,2026-08-01T08:53:16+00:00,637,178,153,82,10.127,198.60000000000002,32,fit:80de1342a3e9944829ab101957c8eddffd3d18cb805507bed707b0e306d3b433:segment:011,11,17084.0,15979,activities/108_260801060832.csv,1,1,0,0
fit:80de1342a3e9944829ab101957c8eddffd3d18cb805507bed707b0e306d3b433,2026-08-01T08:53:17+00:00,638,211,153,83,10.304,198.60000000000002,32,fit:80de1342a3e9944829ab101957c8eddffd3d18cb805507bed707b0e306d3b433:segment:011,11,17085.0,15980,activities/108_260801060832.csv,1,1,0,0
fit:80de1342a3e9944829ab101957c8eddffd3d18cb805507bed707b0e306d3b433,2026-08-01T08:53:18+00:00,639,199,155,84,10.224,198.60000000000002,32,fit:80de1342a3e9944829ab101957c8eddffd3d18cb805507bed707b0e306d3b433:segment:011,11,17086.0,15981,activities/108_260801060832.csv,1,1,0,0
fit:80de1342a3e9944829ab101957c8eddffd3d18cb805507bed707b0e306d3b433,2026-08-01T08:53:19+00:00,640,182,156,84,10.189,197.60000000000002,32,fit:80de1342a3e9944829ab101957c8eddffd3d18cb805507bed707b0e306d3b433:segment:011,11,17087.0,15982,activities/108_260801060832.csv,1,1,0,0
fit:80de1342a3e9944829ab101957c8eddffd3d18cb805507bed707b0e306d3b433,2026-08-01T08:53:20+00:00,641,182,156,84,10.324,197.60000000000002,32,fit:80de1342a3e9944829ab101957c8eddffd3d18cb805507bed707b0e306d3b433:segment:011,11,17088.0,15983,activities/108_260801060832.csv,1,1,0,0
fit:80de1342a3e9944829ab101957c8eddffd3d18cb805507bed707b0e306d3b433,2026-08-01T08:53:21+00:00,642,87,157,84,10.352,197.60000000000002,32,fit:80de1342a3e9944829ab101957c8eddffd3d18cb805507bed707b0e306d3b433:segment:011,11,17089.0,15984,activities/108_260801060832.csv,1,1,0,0
fit:80de1342a3e9944829ab101957c8eddffd3d18cb805507bed707b0e306d3b433,2026-08-01T08:53:22+00:00,643,268,158,85,10.293,198.60000000000002,32,fit:80de1342a3e9944829ab101957c8eddffd3d18cb805507bed707b0e306d3b433:segment:011,11,17090.0,15985,activities/108_260801060832.csv,1,1,0,0
fit:80de1342a3e9944829ab101957c8eddffd3d18cb805507bed707b0e306d3b433,2026-08-01T08:53:23+00:00,644,212,159,86,10.392,198.60000000000002,32,fit:80de1342a3e9944829ab101957c8eddffd3d18cb805507bed707b0e306d3b433:segment:011,11,17091.0,15986,activities/108_260801060832.csv,1,1,0,0
fit:80de1342a3e9944829ab101957c8eddffd3d18cb805507bed707b0e306d3b433,2026-08-01T08:53:24+00:00,645,246,159,87,10.588,198.60000000000002,32,fit:80de1342a3e9944829ab101957c8eddffd3d18cb805507bed707b0e306d3b433:segment:011,11,17092.0,15987,activities/108_260801060832.csv,1,1,0,0
fit:80de1342a3e9944829ab101957c8eddffd3d18cb805507bed707b0e306d3b433,2026-08-01T08:53:25+00:00,646,240,160,87,10.781,198.0,32,fit:80de1342a3e9944829ab101957c8eddffd3d18cb805507bed707b0e306d3b433:segment:011,11,17093.0,15988,activities/108_260801060832.csv,1,1,0,0
fit:80de1342a3e9944829ab101957c8eddffd3d18cb805507bed707b0e306d3b433,2026-08-01T08:53:26+00:00,647,217,160,88,10.881,198.0,32,fit:80de1342a3e9944829ab101957c8eddffd3d18cb805507bed707b0e306d3b433:segment:011,11,17094.0,15989,activities/108_260801060832.csv,1,1,0,0
fit:80de1342a3e9944829ab101957c8eddffd3d18cb805507bed707b0e306d3b433,2026-08-01T08:53:27+00:00,648,217,160,88,11.026,198.0,32,fit:80de1342a3e9944829ab101957c8eddffd3d18cb805507bed707b0e306d3b433:segment:011,11,17095.0,15990,activities/108_260801060832.csv,1,1,0,0
fit:80de1342a3e9944829ab101957c8eddffd3d18cb805507bed707b0e306d3b433,2026-08-01T08:53:28+00:00,649,200,161,89,11.113,198.0,32,fit:80de1342a3e9944829ab101957c8eddffd3d18cb805507bed707b0e306d3b433:segment:011,11,17096.0,15991,activities/108_260801060832.csv,1,1,0,0
fit:80de1342a3e9944829ab101957c8eddffd3d18cb805507bed707b0e306d3b433,2026-08-01T08:53:29+00:00,650,217,161,89,11.144,198.0,32,fit:80de1342a3e9944829ab101957c8eddffd3d18cb805507bed707b0e306d3b433:segment:011,11,17097.0,15992,activities/108_260801060832.csv,1,1,0,0
fit:80de1342a3e9944829ab101957c8eddffd3d18cb805507bed707b0e306d3b433,2026-08-01T08:53:30+00:00,651,193,161,89,11.155,197.0,32,fit:80de1342a3e9944829ab101957c8eddffd3d18cb805507bed707b0e306d3b433:segment:011,11,17098.0,15993,activities/108_260801060832.csv,1,1,0,0
fit:80de1342a3e9944829ab101957c8eddffd3d18cb805507bed707b0e306d3b433,2026-08-01T08:53:31+00:00,652,194,162,89,11.177,197.0,32,fit:80de1342a3e9944829ab101957c8eddffd3d18cb805507bed707b0e306d3b433:segment:011,11,17099.0,15994,activities/108_260801060832.csv,1,1,0,0
fit:80de1342a3e9944829ab101957c8eddffd3d18cb805507bed707b0e306d3b433,2026-08-01T08:53:32+00:00,653,116,162,90,11.221,197.0,32,fit:80de1342a3e9944829ab101957c8eddffd3d18cb805507bed707b0e306d3b433:segment:011,11,17100.0,15995,activities/108_260801060832.csv,1,1,0,0
fit:80de1342a3e9944829ab101957c8eddffd3d18cb805507bed707b0e306d3b433,2026-08-01T08:53:33+00:00,654,117,163,90,11.236,197.60000000000002,32,fit:80de1342a3e9944829ab101957c8eddffd3d18cb805507bed707b0e306d3b433:segment:011,11,17101.0,15996,activities/108_260801060832.csv,1,1,0,0
fit:80de1342a3e9944829ab101957c8eddffd3d18cb805507bed707b0e306d3b433,2026-08-01T08:53:34+00:00,655,117,163,90,11.22,197.60000000000002,32,fit:80de1342a3e9944829ab101957c8eddffd3d18cb805507bed707b0e306d3b433:segment:011,11,17102.0,15997,activities/108_260801060832.csv,1,1,0,0
fit:80de1342a3e9944829ab101957c8eddffd3d18cb805507bed707b0e306d3b433,2026-08-01T08:53:35+00:00,656,117,164,90,11.137,197.60000000000002,32,fit:80de1342a3e9944829ab101957c8eddffd3d18cb805507bed707b0e306d3b433:segment:011,11,17103.0,15998,activities/108_260801060832.csv,1,1,0,0
fit:80de1342a3e9944829ab101957c8eddffd3d18cb805507bed707b0e306d3b433,2026-08-01T08:53:36+00:00,657,110,165,90,11.034,197.60000000000002,32,fit:80de1342a3e9944829ab101957c8eddffd3d18cb805507bed707b0e306d3b433:segment:011,11,17104.0,15999,activities/108_260801060832.csv,1,1,0,0
fit:80de1342a3e9944829ab101957c8eddffd3d18cb805507bed707b0e306d3b433,2026-08-01T08:53:37+00:00,658,101,165,86,10.903,197.60000000000002,32,fit:80de1342a3e9944829ab101957c8eddffd3d18cb805507bed707b0e306d3b433:segment:011,11,17105.0,16000,activities/108_260801060832.csv,1,1,0,0
fit:80de1342a3e9944829ab101957c8eddffd3d18cb805507bed707b0e306d3b433,2026-08-01T08:53:38+00:00,659,0,165,0,10.672,197.60000000000002,32,fit:80de1342a3e9944829ab101957c8eddffd3d18cb805507bed707b0e306d3b433:segment:011,11,17106.0,16001,activities/108_260801060832.csv,1,1,0,0
fit:80de1342a3e9944829ab101957c8eddffd3d18cb805507bed707b0e306d3b433,2026-08-01T08:53:39+00:00,660,0,166,0,10.448,197.60000000000002,32,fit:80de1342a3e9944829ab101957c8eddffd3d18cb805507bed707b0e306d3b433:segment:011,11,17107.0,16002,activities/108_260801060832.csv,1,1,0,0
fit:80de1342a3e9944829ab101957c8eddffd3d18cb805507bed707b0e306d3b433,2026-08-01T08:53:40+00:00,661,164,166,0,10.234,198.20000000000005,32,fit:80de1342a3e9944829ab101957c8eddffd3d18cb805507bed707b0e306d3b433:segment:011,11,17108.0,16003,activities/108_260801060832.csv,1,1,0,0
fit:80de1342a3e9944829ab101957c8eddffd3d18cb805507bed707b0e306d3b433,2026-08-01T08:53:41+00:00,662,164,165,80,10.121,198.20000000000005,32,fit:80de1342a3e9944829ab101957c8eddffd3d18cb805507bed707b0e306d3b433:segment:011,11,17109.0,16004,activities/108_260801060832.csv,1,1,0,0
fit:80de1342a3e9944829ab101957c8eddffd3d18cb805507bed707b0e306d3b433,2026-08-01T08:53:42+00:00,663,209,165,80,10.067,198.20000000000005,32,fit:80de1342a3e9944829ab101957c8eddffd3d18cb805507bed707b0e306d3b433:segment:011,11,17110.0,16005,activities/108_260801060832.csv,1,1,0,0
fit:80de1342a3e9944829ab101957c8eddffd3d18cb805507bed707b0e306d3b433,2026-08-01T08:53:43+00:00,664,229,164,80,10.107,198.20000000000005,32,fit:80de1342a3e9944829ab101957c8eddffd3d18cb805507bed707b0e306d3b433:segment:011,11,17111.0,16006,activities/108_260801060832.csv,1,1,0,0
fit:80de1342a3e9944829ab101957c8eddffd3d18cb805507bed707b0e306d3b433,2026-08-01T08:53:44+00:00,665,206,162,81,10.134,198.20000000000005,32,fit:80de1342a3e9944829ab101957c8eddffd3d18cb805507bed707b0e306d3b433:segment:011,11,17112.0,16007,activities/108_260801060832.csv,1,1,0,0
fit:80de1342a3e9944829ab101957c8eddffd3d18cb805507bed707b0e306d3b433,2026-08-01T08:53:45+00:00,666,206,161,81,10.179,198.20000000000005,32,fit:80de1342a3e9944829ab101957c8eddffd3d18cb805507bed707b0e306d3b433:segment:011,11,17113.0,16008,activities/108_260801060832.csv,1,1,0,0
fit:80de1342a3e9944829ab101957c8eddffd3d18cb805507bed707b0e306d3b433,2026-08-01T08:53:46+00:00,667,206,160,81,10.181,197.79999999999995,32,fit:80de1342a3e9944829ab101957c8eddffd3d18cb805507bed707b0e306d3b433:segment:011,11,17114.0,16009,activities/108_260801060832.csv,1,1,0,0
fit:80de1342a3e9944829ab101957c8eddffd3d18cb805507bed707b0e306d3b433,2026-08-01T08:53:47+00:00,668,37,159,81,10.098,197.0,32,fit:80de1342a3e9944829ab101957c8eddffd3d18cb805507bed707b0e306d3b433:segment:011,11,17115.0,16010,activities/108_260801060832.csv,1,1,0,0
fit:80de1342a3e9944829ab101957c8eddffd3d18cb805507bed707b0e306d3b433,2026-08-01T08:53:48+00:00,669,131,158,75,9.94,197.0,32,fit:80de1342a3e9944829ab101957c8eddffd3d18cb805507bed707b0e306d3b433:segment:011,11,17116.0,16011,activities/108_260801060832.csv,1,1,0,0
fit:80de1342a3e9944829ab101957c8eddffd3d18cb805507bed707b0e306d3b433,2026-08-01T08:53:49+00:00,670,254,158,78,9.798,197.0,32,fit:80de1342a3e9944829ab101957c8eddffd3d18cb805507bed707b0e306d3b433:segment:011,11,17117.0,16012,activities/108_260801060832.csv,1,1,0,0
fit:80de1342a3e9944829ab101957c8eddffd3d18cb805507bed707b0e306d3b433,2026-08-01T08:53:50+00:00,671,267,157,78,9.832,197.0,32,fit:80de1342a3e9944829ab101957c8eddffd3d18cb805507bed707b0e306d3b433:segment:011,11,17118.0,16013,activities/108_260801060832.csv,1,1,0,0
fit:80de1342a3e9944829ab101957c8eddffd3d18cb805507bed707b0e306d3b433,2026-08-01T08:53:51+00:00,672,257,155,79,9.886,197.0,32,fit:80de1342a3e9944829ab101957c8eddffd3d18cb805507bed707b0e306d3b433:segment:011,11,17119.0,16014,activities/108_260801060832.csv,1,1,0,0
fit:80de1342a3e9944829ab101957c8eddffd3d18cb805507bed707b0e306d3b433,2026-08-01T08:53:52+00:00,673,267,154,80,9.861,197.0,32,fit:80de1342a3e9944829ab101957c8eddffd3d18cb805507bed707b0e306d3b433:segment:011,11,17120.0,16015,activities/108_260801060832.csv,1,1,0,0
fit:80de1342a3e9944829ab101957c8eddffd3d18cb805507bed707b0e306d3b433,2026-08-01T08:53:53+00:00,674,251,154,80,9.982,197.0,32,fit:80de1342a3e9944829ab101957c8eddffd3d18cb805507bed707b0e306d3b433:segment:011,11,17121.0,16016,activities/108_260801060832.csv,1,1,0,0
fit:80de1342a3e9944829ab101957c8eddffd3d18cb805507bed707b0e306d3b433,2026-08-01T08:53:54+00:00,675,214,154,81,10.007,197.0,32,fit:80de1342a3e9944829ab101957c8eddffd3d18cb805507bed707b0e306d3b433:segment:011,11,17122.0,16017,activities/108_260801060832.csv,1,1,0,0
fit:80de1342a3e9944829ab101957c8eddffd3d18cb805507bed707b0e306d3b433,2026-08-01T08:53:55+00:00,676,290,153,81,10.05,197.20000000000005,32,fit:80de1342a3e9944829ab101957c8eddffd3d18cb805507bed707b0e306d3b433:segment:011,11,17123.0,16018,activities/108_260801060832.csv,1,1,0,0
fit:80de1342a3e9944829ab101957c8eddffd3d18cb805507bed707b0e306d3b433,2026-08-01T08:53:56+00:00,677,267,152,81,9.984,197.60000000000002,32,fit:80de1342a3e9944829ab101957c8eddffd3d18cb805507bed707b0e306d3b433:segment:011,11,17124.0,16019,activities/108_260801060832.csv,1,1,0,0
fit:80de1342a3e9944829ab101957c8eddffd3d18cb805507bed707b0e306d3b433,2026-08-01T08:53:57+00:00,678,267,152,81,10.06,197.60000000000002,32,fit:80de1342a3e9944829ab101957c8eddffd3d18cb805507bed707b0e306d3b433:segment:011,11,17125.0,16020,activities/108_260801060832.csv,1,1,0,0
fit:80de1342a3e9944829ab101957c8eddffd3d18cb805507bed707b0e306d3b433,2026-08-01T08:53:58+00:00,679,267,152,81,9.825,197.60000000000002,32,fit:80de1342a3e9944829ab101957c8eddffd3d18cb805507bed707b0e306d3b433:segment:011,11,17126.0,16021,activities/108_260801060832.csv,1,1,0,0
fit:80de1342a3e9944829ab101957c8eddffd3d18cb805507bed707b0e306d3b433,2026-08-01T08:53:59+00:00,680,267,152,81,9.381,197.60000000000002,32,fit:80de1342a3e9944829ab101957c8eddffd3d18cb805507bed707b0e306d3b433:segment:011,11,17127.0,16022,activities/108_260801060832.csv,1,1,0,0
fit:80de1342a3e9944829ab101957c8eddffd3d18cb805507bed707b0e306d3b433,2026-08-01T08:54:00+00:00,681,256,153,81,8.576,197.60000000000002,32,fit:80de1342a3e9944829ab101957c8eddffd3d18cb805507bed707b0e306d3b433:segment:011,11,17128.0,16023,activities/108_260801060832.csv,1,1,0,0
fit:80de1342a3e9944829ab101957c8eddffd3d18cb805507bed707b0e306d3b433,2026-08-01T08:54:01+00:00,682,227,153,77,6.716,197.60000000000002,32,fit:80de1342a3e9944829ab101957c8eddffd3d18cb805507bed707b0e306d3b433:segment:011,11,17129.0,16024,activities/108_260801060832.csv,1,1,0,0
fit:80de1342a3e9944829ab101957c8eddffd3d18cb805507bed707b0e306d3b433,2026-08-01T08:54:02+00:00,683,0,153,0,5.61,198.60000000000002,32,fit:80de1342a3e9944829ab101957c8eddffd3d18cb805507bed707b0e306d3b433:segment:011,11,17130.0,16025,activities/108_260801060832.csv,1,1,0,0
fit:80de1342a3e9944829ab101957c8eddffd3d18cb805507bed707b0e306d3b433,2026-08-01T08:54:03+00:00,684,0,153,0,5.61,199.60000000000002,32,fit:80de1342a3e9944829ab101957c8eddffd3d18cb805507bed707b0e306d3b433:segment:011,11,17131.0,16026,activities/108_260801060832.csv,1,1,0,0
fit:80de1342a3e9944829ab101957c8eddffd3d18cb805507bed707b0e306d3b433,2026-08-01T08:54:04+00:00,685,0,152,0,4.761,200.39999999999998,32,fit:80de1342a3e9944829ab101957c8eddffd3d18cb805507bed707b0e306d3b433:segment:011,11,17132.0,16027,activities/108_260801060832.csv,1,1,0,0
fit:80de1342a3e9944829ab101957c8eddffd3d18cb805507bed707b0e306d3b433,2026-08-01T08:54:05+00:00,686,0,151,0,4.797,200.39999999999998,32,fit:80de1342a3e9944829ab101957c8eddffd3d18cb805507bed707b0e306d3b433:segment:011,11,17133.0,16028,activities/108_260801060832.csv,1,1,0,0
fit:80de1342a3e9944829ab101957c8eddffd3d18cb805507bed707b0e306d3b433,2026-08-01T08:54:06+00:00,687,0,151,0,4.566,200.39999999999998,32,fit:80de1342a3e9944829ab101957c8eddffd3d18cb805507bed707b0e306d3b433:segment:011,11,17134.0,16029,activities/108_260801060832.csv,1,1,0,0
fit:80de1342a3e9944829ab101957c8eddffd3d18cb805507bed707b0e306d3b433,2026-08-01T08:54:07+00:00,688,0,150,0,3.98,199.79999999999995,32,fit:80de1342a3e9944829ab101957c8eddffd3d18cb805507bed707b0e306d3b433:segment:011,11,17135.0,16030,activities/108_260801060832.csv,1,1,0,0
fit:80de1342a3e9944829ab101957c8eddffd3d18cb805507bed707b0e306d3b433,2026-08-01T08:54:08+00:00,689,0,149,0,2.992,199.39999999999998,32,fit:80de1342a3e9944829ab101957c8eddffd3d18cb805507bed707b0e306d3b433:segment:011,11,17136.0,16031,activities/108_260801060832.csv,1,1,0,0
fit:80de1342a3e9944829ab101957c8eddffd3d18cb805507bed707b0e306d3b433,2026-08-01T08:54:09+00:00,690,0,147,0,2.13,199.39999999999998,32,fit:80de1342a3e9944829ab101957c8eddffd3d18cb805507bed707b0e306d3b433:segment:011,11,17137.0,16032,activities/108_260801060832.csv,1,1,0,0
fit:80de1342a3e9944829ab101957c8eddffd3d18cb805507bed707b0e306d3b433,2026-08-01T08:54:10+00:00,691,0,146,0,0.0,199.39999999999998,32,fit:80de1342a3e9944829ab101957c8eddffd3d18cb805507bed707b0e306d3b433:segment:011,11,17138.0,16033,activities/108_260801060832.csv,1,1,0,0
fit:80de1342a3e9944829ab101957c8eddffd3d18cb805507bed707b0e306d3b433,2026-08-01T08:54:17+00:00,698,0,141,0,1.979,199.39999999999998,32,fit:80de1342a3e9944829ab101957c8eddffd3d18cb805507bed707b0e306d3b433:segment:011,11,17145.0,16034,activities/108_260801060832.csv,1,1,0,0
fit:80de1342a3e9944829ab101957c8eddffd3d18cb805507bed707b0e306d3b433,2026-08-01T08:54:18+00:00,699,0,140,0,2.361,199.39999999999998,32,fit:80de1342a3e9944829ab101957c8eddffd3d18cb805507bed707b0e306d3b433:segment:011,11,17146.0,16035,activities/108_260801060832.csv,1,1,0,0
fit:80de1342a3e9944829ab101957c8eddffd3d18cb805507bed707b0e306d3b433,2026-08-01T08:54:19+00:00,700,145,140,23,2.832,199.39999999999998,32,fit:80de1342a3e9944829ab101957c8eddffd3d18cb805507bed707b0e306d3b433:segment:011,11,17147.0,16036,activities/108_260801060832.csv,1,1,0,0
fit:80de1342a3e9944829ab101957c8eddffd3d18cb805507bed707b0e306d3b433,2026-08-01T08:54:20+00:00,701,180,139,23,3.406,199.39999999999998,32,fit:80de1342a3e9944829ab101957c8eddffd3d18cb805507bed707b0e306d3b433:segment:011,11,17148.0,16037,activities/108_260801060832.csv,1,1,0,0
fit:80de1342a3e9944829ab101957c8eddffd3d18cb805507bed707b0e306d3b433,2026-08-01T08:54:21+00:00,702,180,139,34,4.003,198.79999999999995,32,fit:80de1342a3e9944829ab101957c8eddffd3d18cb805507bed707b0e306d3b433:segment:011,11,17149.0,16038,activities/108_260801060832.csv,1,1,0,0
fit:80de1342a3e9944829ab101957c8eddffd3d18cb805507bed707b0e306d3b433,2026-08-01T08:54:22+00:00,703,340,138,41,4.451,198.79999999999995,32,fit:80de1342a3e9944829ab101957c8eddffd3d18cb805507bed707b0e306d3b433:segment:011,11,17150.0,16039,activities/108_260801060832.csv,1,1,0,0
fit:80de1342a3e9944829ab101957c8eddffd3d18cb805507bed707b0e306d3b433,2026-08-01T08:54:23+00:00,704,333,137,48,5.116,198.79999999999995,32,fit:80de1342a3e9944829ab101957c8eddffd3d18cb805507bed707b0e306d3b433:segment:011,11,17151.0,16040,activities/108_260801060832.csv,1,1,0,0
fit:80de1342a3e9944829ab101957c8eddffd3d18cb805507bed707b0e306d3b433,2026-08-01T08:54:24+00:00,705,304,135,52,5.598,198.79999999999995,32,fit:80de1342a3e9944829ab101957c8eddffd3d18cb805507bed707b0e306d3b433:segment:011,11,17152.0,16041,activities/108_260801060832.csv,1,1,0,0
fit:80de1342a3e9944829ab101957c8eddffd3d18cb805507bed707b0e306d3b433,2026-08-01T08:54:25+00:00,706,294,135,52,6.143,198.20000000000005,32,fit:80de1342a3e9944829ab101957c8eddffd3d18cb805507bed707b0e306d3b433:segment:011,11,17153.0,16042,activities/108_260801060832.csv,1,1,0,0
fit:80de1342a3e9944829ab101957c8eddffd3d18cb805507bed707b0e306d3b433,2026-08-01T08:54:26+00:00,707,273,135,55,6.686,198.0,32,fit:80de1342a3e9944829ab101957c8eddffd3d18cb805507bed707b0e306d3b433:segment:011,11,17154.0,16043,activities/108_260801060832.csv,1,1,0,0
fit:80de1342a3e9944829ab101957c8eddffd3d18cb805507bed707b0e306d3b433,2026-08-01T08:54:27+00:00,708,313,136,61,7.146,198.0,32,fit:80de1342a3e9944829ab101957c8eddffd3d18cb805507bed707b0e306d3b433:segment:011,11,17155.0,16044,activities/108_260801060832.csv,1,1,0,0
fit:80de1342a3e9944829ab101957c8eddffd3d18cb805507bed707b0e306d3b433,2026-08-01T08:54:28+00:00,709,295,138,64,7.56,198.0,32,fit:80de1342a3e9944829ab101957c8eddffd3d18cb805507bed707b0e306d3b433:segment:011,11,17156.0,16045,activities/108_260801060832.csv,1,1,0,0
fit:80de1342a3e9944829ab101957c8eddffd3d18cb805507bed707b0e306d3b433,2026-08-01T08:54:29+00:00,710,290,138,66,7.843,198.20000000000005,32,fit:80de1342a3e9944829ab101957c8eddffd3d18cb805507bed707b0e306d3b433:segment:011,11,17157.0,16046,activities/108_260801060832.csv,1,1,0,0
fit:80de1342a3e9944829ab101957c8eddffd3d18cb805507bed707b0e306d3b433,2026-08-01T08:54:30+00:00,711,288,139,66,8.11,198.20000000000005,32,fit:80de1342a3e9944829ab101957c8eddffd3d18cb805507bed707b0e306d3b433:segment:011,11,17158.0,16047,activities/108_260801060832.csv,1,1,0,0
fit:80de1342a3e9944829ab101957c8eddffd3d18cb805507bed707b0e306d3b433,2026-08-01T08:54:31+00:00,712,289,140,70,8.416,198.20000000000005,32,fit:80de1342a3e9944829ab101957c8eddffd3d18cb805507bed707b0e306d3b433:segment:011,11,17159.0,16048,activities/108_260801060832.csv,1,1,0,0
fit:80de1342a3e9944829ab101957c8eddffd3d18cb805507bed707b0e306d3b433,2026-08-01T08:54:32+00:00,713,276,140,72,8.752,198.0,32,fit:80de1342a3e9944829ab101957c8eddffd3d18cb805507bed707b0e306d3b433:segment:011,11,17160.0,16049,activities/108_260801060832.csv,1,1,0,0
fit:80de1342a3e9944829ab101957c8eddffd3d18cb805507bed707b0e306d3b433,2026-08-01T08:54:33+00:00,714,277,140,70,8.956,197.0,32,fit:80de1342a3e9944829ab101957c8eddffd3d18cb805507bed707b0e306d3b433:segment:011,11,17161.0,16050,activities/108_260801060832.csv,1,1,0,0
fit:80de1342a3e9944829ab101957c8eddffd3d18cb805507bed707b0e306d3b433,2026-08-01T08:54:34+00:00,715,478,141,70,8.934,197.0,32,fit:80de1342a3e9944829ab101957c8eddffd3d18cb805507bed707b0e306d3b433:segment:011,11,17162.0,16051,activities/108_260801060832.csv,1,1,0,0
fit:80de1342a3e9944829ab101957c8eddffd3d18cb805507bed707b0e306d3b433,2026-08-01T08:54:35+00:00,716,422,141,75,9.099,197.0,32,fit:80de1342a3e9944829ab101957c8eddffd3d18cb805507bed707b0e306d3b433:segment:011,11,17163.0,16052,activities/108_260801060832.csv,1,1,0,0
fit:80de1342a3e9944829ab101957c8eddffd3d18cb805507bed707b0e306d3b433,2026-08-01T08:54:36+00:00,717,365,141,77,9.369,197.0,32,fit:80de1342a3e9944829ab101957c8eddffd3d18cb805507bed707b0e306d3b433:segment:011,11,17164.0,16053,activities/108_260801060832.csv,1,1,0,0
fit:80de1342a3e9944829ab101957c8eddffd3d18cb805507bed707b0e306d3b433,2026-08-01T08:54:37+00:00,718,329,142,80,9.638,197.0,32,fit:80de1342a3e9944829ab101957c8eddffd3d18cb805507bed707b0e306d3b433:segment:011,11,17165.0,16054,activities/108_260801060832.csv,1,1,0,0
fit:80de1342a3e9944829ab101957c8eddffd3d18cb805507bed707b0e306d3b433,2026-08-01T08:54:38+00:00,719,279,143,80,9.867,196.60000000000002,32,fit:80de1342a3e9944829ab101957c8eddffd3d18cb805507bed707b0e306d3b433:segment:011,11,17166.0,16055,activities/108_260801060832.csv,1,1,0,0
fit:80de1342a3e9944829ab101957c8eddffd3d18cb805507bed707b0e306d3b433,2026-08-01T08:54:39+00:00,720,253,143,81,9.993,196.60000000000002,32,fit:80de1342a3e9944829ab101957c8eddffd3d18cb805507bed707b0e306d3b433:segment:011,11,17167.0,16056,activities/108_260801060832.csv,1,1,0,0
fit:80de1342a3e9944829ab101957c8eddffd3d18cb805507bed707b0e306d3b433,2026-08-01T08:54:40+00:00,721,259,145,81,10.115,196.20000000000005,32,fit:80de1342a3e9944829ab101957c8eddffd3d18cb805507bed707b0e306d3b433:segment:011,11,17168.0,16057,activities/108_260801060832.csv,1,1,0,0
fit:80de1342a3e9944829ab101957c8eddffd3d18cb805507bed707b0e306d3b433,2026-08-01T08:54:41+00:00,722,261,146,82,10.169,195.79999999999995,32,fit:80de1342a3e9944829ab101957c8eddffd3d18cb805507bed707b0e306d3b433:segment:011,11,17169.0,16058,activities/108_260801060832.csv,1,1,0,0
fit:80de1342a3e9944829ab101957c8eddffd3d18cb805507bed707b0e306d3b433,2026-08-01T08:54:42+00:00,723,317,148,83,10.227,195.39999999999998,32,fit:80de1342a3e9944829ab101957c8eddffd3d18cb805507bed707b0e306d3b433:segment:011,11,17170.0,16059,activities/108_260801060832.csv,1,1,0,0
fit:80de1342a3e9944829ab101957c8eddffd3d18cb805507bed707b0e306d3b433,2026-08-01T08:54:43+00:00,724,317,150,84,10.288,195.39999999999998,32,fit:80de1342a3e9944829ab101957c8eddffd3d18cb805507bed707b0e306d3b433:segment:011,11,17171.0,16060,activities/108_260801060832.csv,1,1,0,0
fit:80de1342a3e9944829ab101957c8eddffd3d18cb805507bed707b0e306d3b433,2026-08-01T08:54:44+00:00,725,288,151,84,10.389,195.39999999999998,32,fit:80de1342a3e9944829ab101957c8eddffd3d18cb805507bed707b0e306d3b433:segment:011,11,17172.0,16061,activities/108_260801060832.csv,1,1,0,0
fit:80de1342a3e9944829ab101957c8eddffd3d18cb805507bed707b0e306d3b433,2026-08-01T08:54:45+00:00,726,250,153,84,10.524,195.39999999999998,32,fit:80de1342a3e9944829ab101957c8eddffd3d18cb805507bed707b0e306d3b433:segment:011,11,17173.0,16062,activities/108_260801060832.csv,1,1,0,0
fit:80de1342a3e9944829ab101957c8eddffd3d18cb805507bed707b0e306d3b433,2026-08-01T08:54:46+00:00,727,247,153,85,10.611,195.39999999999998,32,fit:80de1342a3e9944829ab101957c8eddffd3d18cb805507bed707b0e306d3b433:segment:011,11,17174.0,16063,activities/108_260801060832.csv,1,1,0,0
fit:80de1342a3e9944829ab101957c8eddffd3d18cb805507bed707b0e306d3b433,2026-08-01T08:54:47+00:00,728,256,154,86,10.645,195.39999999999998,32,fit:80de1342a3e9944829ab101957c8eddffd3d18cb805507bed707b0e306d3b433:segment:011,11,17175.0,16064,activities/108_260801060832.csv,1,1,0,0
fit:80de1342a3e9944829ab101957c8eddffd3d18cb805507bed707b0e306d3b433,2026-08-01T08:54:48+00:00,729,261,156,86,10.708,195.60000000000002,32,fit:80de1342a3e9944829ab101957c8eddffd3d18cb805507bed707b0e306d3b433:segment:011,11,17176.0,16065,activities/108_260801060832.csv,1,1,0,0
fit:80de1342a3e9944829ab101957c8eddffd3d18cb805507bed707b0e306d3b433,2026-08-01T08:54:49+00:00,730,249,156,86,10.761,195.60000000000002,32,fit:80de1342a3e9944829ab101957c8eddffd3d18cb805507bed707b0e306d3b433:segment:011,11,17177.0,16066,activities/108_260801060832.csv,1,1,0,0
fit:80de1342a3e9944829ab101957c8eddffd3d18cb805507bed707b0e306d3b433,2026-08-01T08:54:50+00:00,731,227,157,86,10.82,195.60000000000002,32,fit:80de1342a3e9944829ab101957c8eddffd3d18cb805507bed707b0e306d3b433:segment:011,11,17178.0,16067,activities/108_260801060832.csv,1,1,0,0
fit:80de1342a3e9944829ab101957c8eddffd3d18cb805507bed707b0e306d3b433,2026-08-01T08:54:51+00:00,732,227,158,86,10.846,195.60000000000002,32,fit:80de1342a3e9944829ab101957c8eddffd3d18cb805507bed707b0e306d3b433:segment:011,11,17179.0,16068,activities/108_260801060832.csv,1,1,0,0
fit:80de1342a3e9944829ab101957c8eddffd3d18cb805507bed707b0e306d3b433,2026-08-01T08:54:52+00:00,733,212,159,86,10.801,195.60000000000002,32,fit:80de1342a3e9944829ab101957c8eddffd3d18cb805507bed707b0e306d3b433:segment:011,11,17180.0,16069,activities/108_260801060832.csv,1,1,0,0
fit:80de1342a3e9944829ab101957c8eddffd3d18cb805507bed707b0e306d3b433,2026-08-01T08:54:53+00:00,734,241,160,85,10.754,195.60000000000002,32,fit:80de1342a3e9944829ab101957c8eddffd3d18cb805507bed707b0e306d3b433:segment:011,11,17181.0,16070,activities/108_260801060832.csv,1,1,0,0
fit:80de1342a3e9944829ab101957c8eddffd3d18cb805507bed707b0e306d3b433,2026-08-01T08:54:54+00:00,735,241,161,85,10.716,195.60000000000002,32,fit:80de1342a3e9944829ab101957c8eddffd3d18cb805507bed707b0e306d3b433:segment:011,11,17182.0,16071,activities/108_260801060832.csv,1,1,0,0
fit:80de1342a3e9944829ab101957c8eddffd3d18cb805507bed707b0e306d3b433,2026-08-01T08:54:55+00:00,736,236,161,85,10.648,195.60000000000002,32,fit:80de1342a3e9944829ab101957c8eddffd3d18cb805507bed707b0e306d3b433:segment:011,11,17183.0,16072,activities/108_260801060832.csv,1,1,0,0
fit:80de1342a3e9944829ab101957c8eddffd3d18cb805507bed707b0e306d3b433,2026-08-01T08:54:56+00:00,737,238,161,84,10.668,194.60000000000002,32,fit:80de1342a3e9944829ab101957c8eddffd3d18cb805507bed707b0e306d3b433:segment:011,11,17184.0,16073,activities/108_260801060832.csv,1,1,0,0
fit:80de1342a3e9944829ab101957c8eddffd3d18cb805507bed707b0e306d3b433,2026-08-01T08:54:57+00:00,738,238,162,84,10.599,194.60000000000002,32,fit:80de1342a3e9944829ab101957c8eddffd3d18cb805507bed707b0e306d3b433:segment:011,11,17185.0,16074,activities/108_260801060832.csv,1,1,0,0
fit:80de1342a3e9944829ab101957c8eddffd3d18cb805507bed707b0e306d3b433,2026-08-01T08:54:58+00:00,739,232,163,84,10.618,194.60000000000002,32,fit:80de1342a3e9944829ab101957c8eddffd3d18cb805507bed707b0e306d3b433:segment:011,11,17186.0,16075,activities/108_260801060832.csv,1,1,0,0
fit:80de1342a3e9944829ab101957c8eddffd3d18cb805507bed707b0e306d3b433,2026-08-01T08:54:59+00:00,740,248,165,84,10.582,194.79999999999995,32,fit:80de1342a3e9944829ab101957c8eddffd3d18cb805507bed707b0e306d3b433:segment:011,11,17187.0,16076,activities/108_260801060832.csv,1,1,0,0
fit:80de1342a3e9944829ab101957c8eddffd3d18cb805507bed707b0e306d3b433,2026-08-01T08:55:00+00:00,741,246,166,84,10.601,195.20000000000005,32,fit:80de1342a3e9944829ab101957c8eddffd3d18cb805507bed707b0e306d3b433:segment:011,11,17188.0,16077,activities/108_260801060832.csv,1,1,0,0
fit:80de1342a3e9944829ab101957c8eddffd3d18cb805507bed707b0e306d3b433,2026-08-01T08:55:01+00:00,742,266,166,85,10.572,195.20000000000005,32,fit:80de1342a3e9944829ab101957c8eddffd3d18cb805507bed707b0e306d3b433:segment:011,11,17189.0,16078,activities/108_260801060832.csv,1,1,0,0
fit:80de1342a3e9944829ab101957c8eddffd3d18cb805507bed707b0e306d3b433,2026-08-01T08:55:02+00:00,743,245,167,85,10.561,195.20000000000005,32,fit:80de1342a3e9944829ab101957c8eddffd3d18cb805507bed707b0e306d3b433:segment:011,11,17190.0,16079,activities/108_260801060832.csv,1,1,0,0
fit:80de1342a3e9944829ab101957c8eddffd3d18cb805507bed707b0e306d3b433,2026-08-01T08:55:03+00:00,744,238,168,85,10.671,194.79999999999995,32,fit:80de1342a3e9944829ab101957c8eddffd3d18cb805507bed707b0e306d3b433:segment:011,11,17191.0,16080,activities/108_260801060832.csv,1,1,0,0
fit:80de1342a3e9944829ab101957c8eddffd3d18cb805507bed707b0e306d3b433,2026-08-01T08:55:04+00:00,745,256,168,86,10.692,194.60000000000002,32,fit:80de1342a3e9944829ab101957c8eddffd3d18cb805507bed707b0e306d3b433:segment:011,11,17192.0,16081,activities/108_260801060832.csv,1,1,0,0
fit:80de1342a3e9944829ab101957c8eddffd3d18cb805507bed707b0e306d3b433,2026-08-01T08:55:05+00:00,746,266,169,85,10.693,193.79999999999995,32,fit:80de1342a3e9944829ab101957c8eddffd3d18cb805507bed707b0e306d3b433:segment:011,11,17193.0,16082,activities/108_260801060832.csv,1,1,0,0
fit:80de1342a3e9944829ab101957c8eddffd3d18cb805507bed707b0e306d3b433,2026-08-01T08:55:06+00:00,747,232,169,85,10.747,193.79999999999995,32,fit:80de1342a3e9944829ab101957c8eddffd3d18cb805507bed707b0e306d3b433:segment:011,11,17194.0,16083,activities/108_260801060832.csv,1,1,0,0
fit:80de1342a3e9944829ab101957c8eddffd3d18cb805507bed707b0e306d3b433,2026-08-01T08:55:07+00:00,748,229,170,86,10.719,193.79999999999995,32,fit:80de1342a3e9944829ab101957c8eddffd3d18cb805507bed707b0e306d3b433:segment:011,11,17195.0,16084,activities/108_260801060832.csv,1,1,0,0
fit:80de1342a3e9944829ab101957c8eddffd3d18cb805507bed707b0e306d3b433,2026-08-01T08:55:08+00:00,749,227,170,86,10.728,194.79999999999995,32,fit:80de1342a3e9944829ab101957c8eddffd3d18cb805507bed707b0e306d3b433:segment:011,11,17196.0,16085,activities/108_260801060832.csv,1,1,0,0
fit:80de1342a3e9944829ab101957c8eddffd3d18cb805507bed707b0e306d3b433,2026-08-01T08:55:09+00:00,750,251,170,86,10.742,194.79999999999995,32,fit:80de1342a3e9944829ab101957c8eddffd3d18cb805507bed707b0e306d3b433:segment:011,11,17197.0,16086,activities/108_260801060832.csv,1,1,0,0
fit:80de1342a3e9944829ab101957c8eddffd3d18cb805507bed707b0e306d3b433,2026-08-01T08:55:10+00:00,751,260,170,86,10.754,194.79999999999995,32,fit:80de1342a3e9944829ab101957c8eddffd3d18cb805507bed707b0e306d3b433:segment:011,11,17198.0,16087,activities/108_260801060832.csv,1,1,0,0
fit:80de1342a3e9944829ab101957c8eddffd3d18cb805507bed707b0e306d3b433,2026-08-01T08:55:11+00:00,752,238,171,86,10.806,194.79999999999995,32,fit:80de1342a3e9944829ab101957c8eddffd3d18cb805507bed707b0e306d3b433:segment:011,11,17199.0,16088,activities/108_260801060832.csv,1,1,0,0
fit:80de1342a3e9944829ab101957c8eddffd3d18cb805507bed707b0e306d3b433,2026-08-01T08:55:12+00:00,753,233,171,87,10.843,194.60000000000002,32,fit:80de1342a3e9944829ab101957c8eddffd3d18cb805507bed707b0e306d3b433:segment:011,11,17200.0,16089,activities/108_260801060832.csv,1,1,0,0
fit:80de1342a3e9944829ab101957c8eddffd3d18cb805507bed707b0e306d3b433,2026-08-01T08:55:13+00:00,754,243,171,87,10.893,194.39999999999998,32,fit:80de1342a3e9944829ab101957c8eddffd3d18cb805507bed707b0e306d3b433:segment:011,11,17201.0,16090,activities/108_260801060832.csv,1,1,0,0
fit:80de1342a3e9944829ab101957c8eddffd3d18cb805507bed707b0e306d3b433,2026-08-01T08:55:14+00:00,755,199,171,87,10.927,194.20000000000005,32,fit:80de1342a3e9944829ab101957c8eddffd3d18cb805507bed707b0e306d3b433:segment:011,11,17202.0,16091,activities/108_260801060832.csv,1,1,0,0
fit:80de1342a3e9944829ab101957c8eddffd3d18cb805507bed707b0e306d3b433,2026-08-01T08:55:15+00:00,756,241,172,87,10.957,194.20000000000005,32,fit:80de1342a3e9944829ab101957c8eddffd3d18cb805507bed707b0e306d3b433:segment:011,11,17203.0,16092,activities/108_260801060832.csv,1,1,0,0
fit:80de1342a3e9944829ab101957c8eddffd3d18cb805507bed707b0e306d3b433,2026-08-01T08:55:16+00:00,757,250,172,87,10.925,194.20000000000005,32,fit:80de1342a3e9944829ab101957c8eddffd3d18cb805507bed707b0e306d3b433:segment:011,11,17204.0,16093,activities/108_260801060832.csv,1,1,0,0
fit:80de1342a3e9944829ab101957c8eddffd3d18cb805507bed707b0e306d3b433,2026-08-01T08:55:17+00:00,758,263,172,86,10.906,194.20000000000005,32,fit:80de1342a3e9944829ab101957c8eddffd3d18cb805507bed707b0e306d3b433:segment:011,11,17205.0,16094,activities/108_260801060832.csv,1,1,0,0
fit:80de1342a3e9944829ab101957c8eddffd3d18cb805507bed707b0e306d3b433,2026-08-01T08:55:18+00:00,759,246,172,86,10.79,193.39999999999998,32,fit:80de1342a3e9944829ab101957c8eddffd3d18cb805507bed707b0e306d3b433:segment:011,11,17206.0,16095,activities/108_260801060832.csv,1,1,0,0
fit:80de1342a3e9944829ab101957c8eddffd3d18cb805507bed707b0e306d3b433,2026-08-01T08:55:19+00:00,760,245,172,86,10.731,193.39999999999998,32,fit:80de1342a3e9944829ab101957c8eddffd3d18cb805507bed707b0e306d3b433:segment:011,11,17207.0,16096,activities/108_260801060832.csv,1,1,0,0
fit:80de1342a3e9944829ab101957c8eddffd3d18cb805507bed707b0e306d3b433,2026-08-01T08:55:20+00:00,761,216,172,86,10.729,193.39999999999998,32,fit:80de1342a3e9944829ab101957c8eddffd3d18cb805507bed707b0e306d3b433:segment:011,11,17208.0,16097,activities/108_260801060832.csv,1,1,0,0
fit:80de1342a3e9944829ab101957c8eddffd3d18cb805507bed707b0e306d3b433,2026-08-01T08:55:21+00:00,762,233,172,85,10.687,193.79999999999995,32,fit:80de1342a3e9944829ab101957c8eddffd3d18cb805507bed707b0e306d3b433:segment:011,11,17209.0,16098,activities/108_260801060832.csv,1,1,0,0
fit:80de1342a3e9944829ab101957c8eddffd3d18cb805507bed707b0e306d3b433,2026-08-01T08:55:22+00:00,763,233,172,85,10.727,194.39999999999998,32,fit:80de1342a3e9944829ab101957c8eddffd3d18cb805507bed707b0e306d3b433:segment:011,11,17210.0,16099,activities/108_260801060832.csv,1,1,0,0
fit:80de1342a3e9944829ab101957c8eddffd3d18cb805507bed707b0e306d3b433,2026-08-01T08:55:23+00:00,764,233,172,85,10.593,194.39999999999998,32,fit:80de1342a3e9944829ab101957c8eddffd3d18cb805507bed707b0e306d3b433:segment:011,11,17211.0,16100,activities/108_260801060832.csv,1,1,0,0
fit:80de1342a3e9944829ab101957c8eddffd3d18cb805507bed707b0e306d3b433,2026-08-01T08:55:24+00:00,765,252,172,85,10.684,194.39999999999998,32,fit:80de1342a3e9944829ab101957c8eddffd3d18cb805507bed707b0e306d3b433:segment:011,11,17212.0,16101,activities/108_260801060832.csv,1,1,0,0
fit:80de1342a3e9944829ab101957c8eddffd3d18cb805507bed707b0e306d3b433,2026-08-01T08:55:25+00:00,766,219,172,85,10.657,194.39999999999998,32,fit:80de1342a3e9944829ab101957c8eddffd3d18cb805507bed707b0e306d3b433:segment:011,11,17213.0,16102,activities/108_260801060832.csv,1,1,0,0
fit:80de1342a3e9944829ab101957c8eddffd3d18cb805507bed707b0e306d3b433,2026-08-01T08:55:26+00:00,767,226,172,85,10.674,194.39999999999998,32,fit:80de1342a3e9944829ab101957c8eddffd3d18cb805507bed707b0e306d3b433:segment:011,11,17214.0,16103,activities/108_260801060832.csv,1,1,0,0
fit:80de1342a3e9944829ab101957c8eddffd3d18cb805507bed707b0e306d3b433,2026-08-01T08:55:27+00:00,768,221,172,85,10.649,193.79999999999995,32,fit:80de1342a3e9944829ab101957c8eddffd3d18cb805507bed707b0e306d3b433:segment:011,11,17215.0,16104,activities/108_260801060832.csv,1,1,0,0
fit:80de1342a3e9944829ab101957c8eddffd3d18cb805507bed707b0e306d3b433,2026-08-01T08:55:28+00:00,769,221,172,85,10.621,193.60000000000002,32,fit:80de1342a3e9944829ab101957c8eddffd3d18cb805507bed707b0e306d3b433:segment:011,11,17216.0,16105,activities/108_260801060832.csv,1,1,0,0
fit:80de1342a3e9944829ab101957c8eddffd3d18cb805507bed707b0e306d3b433,2026-08-01T08:55:29+00:00,770,215,172,85,10.71,193.60000000000002,32,fit:80de1342a3e9944829ab101957c8eddffd3d18cb805507bed707b0e306d3b433:segment:011,11,17217.0,16106,activities/108_260801060832.csv,1,1,0,0
fit:80de1342a3e9944829ab101957c8eddffd3d18cb805507bed707b0e306d3b433,2026-08-01T08:55:30+00:00,771,163,172,85,10.73,193.60000000000002,32,fit:80de1342a3e9944829ab101957c8eddffd3d18cb805507bed707b0e306d3b433:segment:011,11,17218.0,16107,activities/108_260801060832.csv,1,1,0,0
fit:80de1342a3e9944829ab101957c8eddffd3d18cb805507bed707b0e306d3b433,2026-08-01T08:55:31+00:00,772,131,172,84,10.561,194.20000000000005,32,fit:80de1342a3e9944829ab101957c8eddffd3d18cb805507bed707b0e306d3b433:segment:011,11,17219.0,16108,activities/108_260801060832.csv,1,1,0,0
fit:80de1342a3e9944829ab101957c8eddffd3d18cb805507bed707b0e306d3b433,2026-08-01T08:55:32+00:00,773,132,172,83,10.481,194.20000000000005,32,fit:80de1342a3e9944829ab101957c8eddffd3d18cb805507bed707b0e306d3b433:segment:011,11,17220.0,16109,activities/108_260801060832.csv,1,1,0,0
fit:80de1342a3e9944829ab101957c8eddffd3d18cb805507bed707b0e306d3b433,2026-08-01T08:55:33+00:00,774,255,172,82,10.387,194.20000000000005,32,fit:80de1342a3e9944829ab101957c8eddffd3d18cb805507bed707b0e306d3b433:segment:011,11,17221.0,16110,activities/108_260801060832.csv,1,1,0,0
fit:80de1342a3e9944829ab101957c8eddffd3d18cb805507bed707b0e306d3b433,2026-08-01T08:55:34+00:00,775,236,172,82,10.352,193.60000000000002,32,fit:80de1342a3e9944829ab101957c8eddffd3d18cb805507bed707b0e306d3b433:segment:011,11,17222.0,16111,activities/108_260801060832.csv,1,1,0,0
fit:80de1342a3e9944829ab101957c8eddffd3d18cb805507bed707b0e306d3b433,2026-08-01T08:55:35+00:00,776,236,172,82,10.36,193.60000000000002,32,fit:80de1342a3e9944829ab101957c8eddffd3d18cb805507bed707b0e306d3b433:segment:011,11,17223.0,16112,activities/108_260801060832.csv,1,1,0,0
fit:80de1342a3e9944829ab101957c8eddffd3d18cb805507bed707b0e306d3b433,2026-08-01T08:55:36+00:00,777,252,172,82,10.362,193.60000000000002,32,fit:80de1342a3e9944829ab101957c8eddffd3d18cb805507bed707b0e306d3b433:segment:011,11,17224.0,16113,activities/108_260801060832.csv,1,1,0,0
fit:80de1342a3e9944829ab101957c8eddffd3d18cb805507bed707b0e306d3b433,2026-08-01T08:55:37+00:00,778,240,171,83,10.328,193.60000000000002,32,fit:80de1342a3e9944829ab101957c8eddffd3d18cb805507bed707b0e306d3b433:segment:011,11,17225.0,16114,activities/108_260801060832.csv,1,1,0,0
fit:80de1342a3e9944829ab101957c8eddffd3d18cb805507bed707b0e306d3b433,2026-08-01T08:55:38+00:00,779,241,171,83,10.327,193.60000000000002,32,fit:80de1342a3e9944829ab101957c8eddffd3d18cb805507bed707b0e306d3b433:segment:011,11,17226.0,16115,activities/108_260801060832.csv,1,1,0,0
fit:80de1342a3e9944829ab101957c8eddffd3d18cb805507bed707b0e306d3b433,2026-08-01T08:55:39+00:00,780,244,171,83,10.353,193.60000000000002,32,fit:80de1342a3e9944829ab101957c8eddffd3d18cb805507bed707b0e306d3b433:segment:011,11,17227.0,16116,activities/108_260801060832.csv,1,1,0,0
fit:80de1342a3e9944829ab101957c8eddffd3d18cb805507bed707b0e306d3b433,2026-08-01T08:55:40+00:00,781,254,171,83,10.434,193.60000000000002,32,fit:80de1342a3e9944829ab101957c8eddffd3d18cb805507bed707b0e306d3b433:segment:011,11,17228.0,16117,activities/108_260801060832.csv,1,1,0,0
fit:80de1342a3e9944829ab101957c8eddffd3d18cb805507bed707b0e306d3b433,2026-08-01T08:55:41+00:00,782,246,170,84,10.459,193.60000000000002,32,fit:80de1342a3e9944829ab101957c8eddffd3d18cb805507bed707b0e306d3b433:segment:011,11,17229.0,16118,activities/108_260801060832.csv,1,1,0,0
fit:80de1342a3e9944829ab101957c8eddffd3d18cb805507bed707b0e306d3b433,2026-08-01T08:55:42+00:00,783,253,170,84,10.505,193.60000000000002,32,fit:80de1342a3e9944829ab101957c8eddffd3d18cb805507bed707b0e306d3b433:segment:011,11,17230.0,16119,activities/108_260801060832.csv,1,1,0,0
fit:80de1342a3e9944829ab101957c8eddffd3d18cb805507bed707b0e306d3b433,2026-08-01T08:55:43+00:00,784,217,170,84,10.58,194.20000000000005,32,fit:80de1342a3e9944829ab101957c8eddffd3d18cb805507bed707b0e306d3b433:segment:011,11,17231.0,16120,activities/108_260801060832.csv,1,1,0,0
fit:80de1342a3e9944829ab101957c8eddffd3d18cb805507bed707b0e306d3b433,2026-08-01T08:55:44+00:00,785,180,170,85,10.666,194.39999999999998,32,fit:80de1342a3e9944829ab101957c8eddffd3d18cb805507bed707b0e306d3b433:segment:011,11,17232.0,16121,activities/108_260801060832.csv,1,1,0,0
fit:80de1342a3e9944829ab101957c8eddffd3d18cb805507bed707b0e306d3b433,2026-08-01T08:55:45+00:00,786,162,170,87,10.794,194.39999999999998,32,fit:80de1342a3e9944829ab101957c8eddffd3d18cb805507bed707b0e306d3b433:segment:011,11,17233.0,16122,activities/108_260801060832.csv,1,1,0,0
fit:80de1342a3e9944829ab101957c8eddffd3d18cb805507bed707b0e306d3b433,2026-08-01T08:55:46+00:00,787,162,170,87,10.887,194.39999999999998,32,fit:80de1342a3e9944829ab101957c8eddffd3d18cb805507bed707b0e306d3b433:segment:011,11,17234.0,16123,activities/108_260801060832.csv,1,1,0,0
fit:80de1342a3e9944829ab101957c8eddffd3d18cb805507bed707b0e306d3b433,2026-08-01T08:55:47+00:00,788,183,170,88,10.932,194.0,32,fit:80de1342a3e9944829ab101957c8eddffd3d18cb805507bed707b0e306d3b433:segment:011,11,17235.0,16124,activities/108_260801060832.csv,1,1,0,0
fit:80de1342a3e9944829ab101957c8eddffd3d18cb805507bed707b0e306d3b433,2026-08-01T08:55:48+00:00,789,179,170,88,11.049,193.60000000000002,32,fit:80de1342a3e9944829ab101957c8eddffd3d18cb805507bed707b0e306d3b433:segment:011,11,17236.0,16125,activities/108_260801060832.csv,1,1,0,0
fit:80de1342a3e9944829ab101957c8eddffd3d18cb805507bed707b0e306d3b433,2026-08-01T08:55:49+00:00,790,183,170,88,11.132,193.60000000000002,32,fit:80de1342a3e9944829ab101957c8eddffd3d18cb805507bed707b0e306d3b433:segment:011,11,17237.0,16126,activities/108_260801060832.csv,1,1,0,0
fit:80de1342a3e9944829ab101957c8eddffd3d18cb805507bed707b0e306d3b433,2026-08-01T08:55:50+00:00,791,173,170,88,11.158,193.60000000000002,32,fit:80de1342a3e9944829ab101957c8eddffd3d18cb805507bed707b0e306d3b433:segment:011,11,17238.0,16127,activities/108_260801060832.csv,1,1,0,0
fit:80de1342a3e9944829ab101957c8eddffd3d18cb805507bed707b0e306d3b433,2026-08-01T08:55:51+00:00,792,175,170,89,11.174,193.79999999999995,32,fit:80de1342a3e9944829ab101957c8eddffd3d18cb805507bed707b0e306d3b433:segment:011,11,17239.0,16128,activities/108_260801060832.csv,1,1,0,0
fit:80de1342a3e9944829ab101957c8eddffd3d18cb805507bed707b0e306d3b433,2026-08-01T08:55:52+00:00,793,168,169,90,11.246,193.79999999999995,32,fit:80de1342a3e9944829ab101957c8eddffd3d18cb805507bed707b0e306d3b433:segment:011,11,17240.0,16129,activities/108_260801060832.csv,1,1,0,0
fit:80de1342a3e9944829ab101957c8eddffd3d18cb805507bed707b0e306d3b433,2026-08-01T08:55:53+00:00,794,166,169,91,11.341,193.79999999999995,32,fit:80de1342a3e9944829ab101957c8eddffd3d18cb805507bed707b0e306d3b433:segment:011,11,17241.0,16130,activities/108_260801060832.csv,1,1,0,0
fit:80de1342a3e9944829ab101957c8eddffd3d18cb805507bed707b0e306d3b433,2026-08-01T08:55:54+00:00,795,189,169,91,11.377,193.79999999999995,32,fit:80de1342a3e9944829ab101957c8eddffd3d18cb805507bed707b0e306d3b433:segment:011,11,17242.0,16131,activities/108_260801060832.csv,1,1,0,0
fit:80de1342a3e9944829ab101957c8eddffd3d18cb805507bed707b0e306d3b433,2026-08-01T08:55:55+00:00,796,192,169,91,11.401,193.79999999999995,32,fit:80de1342a3e9944829ab101957c8eddffd3d18cb805507bed707b0e306d3b433:segment:011,11,17243.0,16132,activities/108_260801060832.csv,1,1,0,0
fit:80de1342a3e9944829ab101957c8eddffd3d18cb805507bed707b0e306d3b433,2026-08-01T08:55:56+00:00,797,197,169,92,11.442,193.60000000000002,32,fit:80de1342a3e9944829ab101957c8eddffd3d18cb805507bed707b0e306d3b433:segment:011,11,17244.0,16133,activities/108_260801060832.csv,1,1,0,0
fit:80de1342a3e9944829ab101957c8eddffd3d18cb805507bed707b0e306d3b433,2026-08-01T08:55:57+00:00,798,198,169,92,11.481,193.60000000000002,32,fit:80de1342a3e9944829ab101957c8eddffd3d18cb805507bed707b0e306d3b433:segment:011,11,17245.0,16134,activities/108_260801060832.csv,1,1,0,0
fit:80de1342a3e9944829ab101957c8eddffd3d18cb805507bed707b0e306d3b433,2026-08-01T08:55:58+00:00,799,207,169,92,11.562,193.60000000000002,32,fit:80de1342a3e9944829ab101957c8eddffd3d18cb805507bed707b0e306d3b433:segment:011,11,17246.0,16135,activities/108_260801060832.csv,1,1,0,0
fit:80de1342a3e9944829ab101957c8eddffd3d18cb805507bed707b0e306d3b433,2026-08-01T08:55:59+00:00,800,205,169,92,11.546,193.60000000000002,32,fit:80de1342a3e9944829ab101957c8eddffd3d18cb805507bed707b0e306d3b433:segment:011,11,17247.0,16136,activities/108_260801060832.csv,1,1,0,0
fit:80de1342a3e9944829ab101957c8eddffd3d18cb805507bed707b0e306d3b433,2026-08-01T08:56:00+00:00,801,220,169,92,11.525,192.60000000000002,32,fit:80de1342a3e9944829ab101957c8eddffd3d18cb805507bed707b0e306d3b433:segment:011,11,17248.0,16137,activities/108_260801060832.csv,1,1,0,0
fit:80de1342a3e9944829ab101957c8eddffd3d18cb805507bed707b0e306d3b433,2026-08-01T08:56:01+00:00,802,246,169,92,11.522,191.60000000000002,32,fit:80de1342a3e9944829ab101957c8eddffd3d18cb805507bed707b0e306d3b433:segment:011,11,17249.0,16138,activities/108_260801060832.csv,1,1,0,0
fit:80de1342a3e9944829ab101957c8eddffd3d18cb805507bed707b0e306d3b433,2026-08-01T08:56:02+00:00,803,246,168,91,11.468,191.0,32,fit:80de1342a3e9944829ab101957c8eddffd3d18cb805507bed707b0e306d3b433:segment:011,11,17250.0,16139,activities/108_260801060832.csv,1,1,0,0
fit:80de1342a3e9944829ab101957c8eddffd3d18cb805507bed707b0e306d3b433,2026-08-01T08:56:03+00:00,804,237,168,92,11.441,191.0,32,fit:80de1342a3e9944829ab101957c8eddffd3d18cb805507bed707b0e306d3b433:segment:011,11,17251.0,16140,activities/108_260801060832.csv,1,1,0,0
fit:80de1342a3e9944829ab101957c8eddffd3d18cb805507bed707b0e306d3b433,2026-08-01T08:56:04+00:00,805,221,168,92,11.417,191.0,32,fit:80de1342a3e9944829ab101957c8eddffd3d18cb805507bed707b0e306d3b433:segment:011,11,17252.0,16141,activities/108_260801060832.csv,1,1,0,0
fit:80de1342a3e9944829ab101957c8eddffd3d18cb805507bed707b0e306d3b433,2026-08-01T08:56:05+00:00,806,217,168,92,11.482,192.0,32,fit:80de1342a3e9944829ab101957c8eddffd3d18cb805507bed707b0e306d3b433:segment:011,11,17253.0,16142,activities/108_260801060832.csv,1,1,0,0
fit:80de1342a3e9944829ab101957c8eddffd3d18cb805507bed707b0e306d3b433,2026-08-01T08:56:06+00:00,807,212,167,92,11.541,192.0,32,fit:80de1342a3e9944829ab101957c8eddffd3d18cb805507bed707b0e306d3b433:segment:011,11,17254.0,16143,activities/108_260801060832.csv,1,1,0,0
fit:80de1342a3e9944829ab101957c8eddffd3d18cb805507bed707b0e306d3b433,2026-08-01T08:56:07+00:00,808,230,167,92,11.563,192.0,32,fit:80de1342a3e9944829ab101957c8eddffd3d18cb805507bed707b0e306d3b433:segment:011,11,17255.0,16144,activities/108_260801060832.csv,1,1,0,0
fit:80de1342a3e9944829ab101957c8eddffd3d18cb805507bed707b0e306d3b433,2026-08-01T08:56:08+00:00,809,220,167,92,11.619,191.0,32,fit:80de1342a3e9944829ab101957c8eddffd3d18cb805507bed707b0e306d3b433:segment:011,11,17256.0,16145,activities/108_260801060832.csv,1,1,0,0
fit:80de1342a3e9944829ab101957c8eddffd3d18cb805507bed707b0e306d3b433,2026-08-01T08:56:09+00:00,810,213,167,92,11.628,190.0,32,fit:80de1342a3e9944829ab101957c8eddffd3d18cb805507bed707b0e306d3b433:segment:011,11,17257.0,16146,activities/108_260801060832.csv,1,1,0,0
fit:80de1342a3e9944829ab101957c8eddffd3d18cb805507bed707b0e306d3b433,2026-08-01T08:56:10+00:00,811,197,167,92,11.586,190.0,32,fit:80de1342a3e9944829ab101957c8eddffd3d18cb805507bed707b0e306d3b433:segment:011,11,17258.0,16147,activities/108_260801060832.csv,1,1,0,0
fit:80de1342a3e9944829ab101957c8eddffd3d18cb805507bed707b0e306d3b433,2026-08-01T08:56:11+00:00,812,207,167,93,11.548,190.0,32,fit:80de1342a3e9944829ab101957c8eddffd3d18cb805507bed707b0e306d3b433:segment:011,11,17259.0,16148,activities/108_260801060832.csv,1,1,0,0
fit:80de1342a3e9944829ab101957c8eddffd3d18cb805507bed707b0e306d3b433,2026-08-01T08:56:12+00:00,813,206,167,93,11.579,191.0,33,fit:80de1342a3e9944829ab101957c8eddffd3d18cb805507bed707b0e306d3b433:segment:011,11,17260.0,16149,activities/108_260801060832.csv,1,1,0,0
fit:80de1342a3e9944829ab101957c8eddffd3d18cb805507bed707b0e306d3b433,2026-08-01T08:56:13+00:00,814,206,167,94,11.619,192.0,33,fit:80de1342a3e9944829ab101957c8eddffd3d18cb805507bed707b0e306d3b433:segment:011,11,17261.0,16150,activities/108_260801060832.csv,1,1,0,0
fit:80de1342a3e9944829ab101957c8eddffd3d18cb805507bed707b0e306d3b433,2026-08-01T08:56:14+00:00,815,194,166,94,11.717,192.0,33,fit:80de1342a3e9944829ab101957c8eddffd3d18cb805507bed707b0e306d3b433:segment:011,11,17262.0,16151,activities/108_260801060832.csv,1,1,0,0
fit:80de1342a3e9944829ab101957c8eddffd3d18cb805507bed707b0e306d3b433,2026-08-01T08:56:15+00:00,816,213,166,94,11.768,192.0,33,fit:80de1342a3e9944829ab101957c8eddffd3d18cb805507bed707b0e306d3b433:segment:011,11,17263.0,16152,activities/108_260801060832.csv,1,1,0,0
fit:80de1342a3e9944829ab101957c8eddffd3d18cb805507bed707b0e306d3b433,2026-08-01T08:56:16+00:00,817,230,166,94,11.774,191.0,33,fit:80de1342a3e9944829ab101957c8eddffd3d18cb805507bed707b0e306d3b433:segment:011,11,17264.0,16153,activities/108_260801060832.csv,1,1,0,0
fit:80de1342a3e9944829ab101957c8eddffd3d18cb805507bed707b0e306d3b433,2026-08-01T08:56:17+00:00,818,234,166,94,11.8,190.0,33,fit:80de1342a3e9944829ab101957c8eddffd3d18cb805507bed707b0e306d3b433:segment:011,11,17265.0,16154,activities/108_260801060832.csv,1,1,0,0
fit:80de1342a3e9944829ab101957c8eddffd3d18cb805507bed707b0e306d3b433,2026-08-01T08:56:18+00:00,819,235,165,94,11.772,190.0,33,fit:80de1342a3e9944829ab101957c8eddffd3d18cb805507bed707b0e306d3b433:segment:011,11,17266.0,16155,activities/108_260801060832.csv,1,1,0,0
fit:80de1342a3e9944829ab101957c8eddffd3d18cb805507bed707b0e306d3b433,2026-08-01T08:56:19+00:00,820,197,166,93,11.74,190.0,33,fit:80de1342a3e9944829ab101957c8eddffd3d18cb805507bed707b0e306d3b433:segment:011,11,17267.0,16156,activities/108_260801060832.csv,1,1,0,0
fit:80de1342a3e9944829ab101957c8eddffd3d18cb805507bed707b0e306d3b433,2026-08-01T08:56:20+00:00,821,205,166,93,11.699,190.0,33,fit:80de1342a3e9944829ab101957c8eddffd3d18cb805507bed707b0e306d3b433:segment:011,11,17268.0,16157,activities/108_260801060832.csv,1,1,0,0
fit:80de1342a3e9944829ab101957c8eddffd3d18cb805507bed707b0e306d3b433,2026-08-01T08:56:21+00:00,822,239,166,93,11.505,190.0,33,fit:80de1342a3e9944829ab101957c8eddffd3d18cb805507bed707b0e306d3b433:segment:011,11,17269.0,16158,activities/108_260801060832.csv,1,1,0,0
fit:80de1342a3e9944829ab101957c8eddffd3d18cb805507bed707b0e306d3b433,2026-08-01T08:56:22+00:00,823,218,166,93,11.505,190.0,33,fit:80de1342a3e9944829ab101957c8eddffd3d18cb805507bed707b0e306d3b433:segment:011,11,17270.0,16159,activities/108_260801060832.csv,1,1,0,0
fit:80de1342a3e9944829ab101957c8eddffd3d18cb805507bed707b0e306d3b433,2026-08-01T08:56:23+00:00,824,218,166,93,12.038,190.79999999999995,33,fit:80de1342a3e9944829ab101957c8eddffd3d18cb805507bed707b0e306d3b433:segment:011,11,17271.0,16160,activities/108_260801060832.csv,1,1,0,0
fit:80de1342a3e9944829ab101957c8eddffd3d18cb805507bed707b0e306d3b433,2026-08-01T08:56:24+00:00,825,200,166,93,11.876,190.79999999999995,33,fit:80de1342a3e9944829ab101957c8eddffd3d18cb805507bed707b0e306d3b433:segment:011,11,17272.0,16161,activities/108_260801060832.csv,1,1,0,0
fit:80de1342a3e9944829ab101957c8eddffd3d18cb805507bed707b0e306d3b433,2026-08-01T08:56:25+00:00,826,192,166,93,11.696,190.79999999999995,33,fit:80de1342a3e9944829ab101957c8eddffd3d18cb805507bed707b0e306d3b433:segment:011,11,17273.0,16162,activities/108_260801060832.csv,1,1,0,0
fit:80de1342a3e9944829ab101957c8eddffd3d18cb805507bed707b0e306d3b433,2026-08-01T08:56:26+00:00,827,192,166,92,11.571,189.79999999999995,33,fit:80de1342a3e9944829ab101957c8eddffd3d18cb805507bed707b0e306d3b433:segment:011,11,17274.0,16163,activities/108_260801060832.csv,1,1,0,0
fit:80de1342a3e9944829ab101957c8eddffd3d18cb805507bed707b0e306d3b433,2026-08-01T08:56:27+00:00,828,192,166,91,11.444,189.39999999999998,33,fit:80de1342a3e9944829ab101957c8eddffd3d18cb805507bed707b0e306d3b433:segment:011,11,17275.0,16164,activities/108_260801060832.csv,1,1,0,0
fit:80de1342a3e9944829ab101957c8eddffd3d18cb805507bed707b0e306d3b433,2026-08-01T08:56:28+00:00,829,218,167,92,11.347,189.20000000000005,33,fit:80de1342a3e9944829ab101957c8eddffd3d18cb805507bed707b0e306d3b433:segment:011,11,17276.0,16165,activities/108_260801060832.csv,1,1,0,0
fit:80de1342a3e9944829ab101957c8eddffd3d18cb805507bed707b0e306d3b433,2026-08-01T08:56:29+00:00,830,218,167,92,11.348,189.20000000000005,33,fit:80de1342a3e9944829ab101957c8eddffd3d18cb805507bed707b0e306d3b433:segment:011,11,17277.0,16166,activities/108_260801060832.csv,1,1,0,0
fit:80de1342a3e9944829ab101957c8eddffd3d18cb805507bed707b0e306d3b433,2026-08-01T08:56:30+00:00,831,221,167,92,11.434,189.20000000000005,33,fit:80de1342a3e9944829ab101957c8eddffd3d18cb805507bed707b0e306d3b433:segment:011,11,17278.0,16167,activities/108_260801060832.csv,1,1,0,0
fit:80de1342a3e9944829ab101957c8eddffd3d18cb805507bed707b0e306d3b433,2026-08-01T08:56:31+00:00,832,255,167,92,11.483,189.79999999999995,33,fit:80de1342a3e9944829ab101957c8eddffd3d18cb805507bed707b0e306d3b433:segment:011,11,17279.0,16168,activities/108_260801060832.csv,1,1,0,0
fit:80de1342a3e9944829ab101957c8eddffd3d18cb805507bed707b0e306d3b433,2026-08-01T08:56:32+00:00,833,211,167,92,11.6,190.0,33,fit:80de1342a3e9944829ab101957c8eddffd3d18cb805507bed707b0e306d3b433:segment:011,11,17280.0,16169,activities/108_260801060832.csv,1,1,0,0
fit:80de1342a3e9944829ab101957c8eddffd3d18cb805507bed707b0e306d3b433,2026-08-01T08:56:33+00:00,834,199,167,93,11.638,190.0,33,fit:80de1342a3e9944829ab101957c8eddffd3d18cb805507bed707b0e306d3b433:segment:011,11,17281.0,16170,activities/108_260801060832.csv,1,1,0,0
fit:80de1342a3e9944829ab101957c8eddffd3d18cb805507bed707b0e306d3b433,2026-08-01T08:56:34+00:00,835,182,167,93,11.692,190.0,33,fit:80de1342a3e9944829ab101957c8eddffd3d18cb805507bed707b0e306d3b433:segment:011,11,17282.0,16171,activities/108_260801060832.csv,1,1,0,0
fit:80de1342a3e9944829ab101957c8eddffd3d18cb805507bed707b0e306d3b433,2026-08-01T08:56:35+00:00,836,164,167,93,11.675,189.0,33,fit:80de1342a3e9944829ab101957c8eddffd3d18cb805507bed707b0e306d3b433:segment:011,11,17283.0,16172,activities/108_260801060832.csv,1,1,0,0
fit:80de1342a3e9944829ab101957c8eddffd3d18cb805507bed707b0e306d3b433,2026-08-01T08:56:36+00:00,837,177,167,93,11.67,189.0,33,fit:80de1342a3e9944829ab101957c8eddffd3d18cb805507bed707b0e306d3b433:segment:011,11,17284.0,16173,activities/108_260801060832.csv,1,1,0,0
fit:80de1342a3e9944829ab101957c8eddffd3d18cb805507bed707b0e306d3b433,2026-08-01T08:56:37+00:00,838,152,167,94,11.607,189.0,33,fit:80de1342a3e9944829ab101957c8eddffd3d18cb805507bed707b0e306d3b433:segment:011,11,17285.0,16174,activities/108_260801060832.csv,1,1,0,0
fit:80de1342a3e9944829ab101957c8eddffd3d18cb805507bed707b0e306d3b433,2026-08-01T08:56:38+00:00,839,146,167,94,11.65,189.20000000000005,33,fit:80de1342a3e9944829ab101957c8eddffd3d18cb805507bed707b0e306d3b433:segment:011,11,17286.0,16175,activities/108_260801060832.csv,1,1,0,0
fit:80de1342a3e9944829ab101957c8eddffd3d18cb805507bed707b0e306d3b433,2026-08-01T08:56:39+00:00,840,157,167,95,11.799,189.20000000000005,33,fit:80de1342a3e9944829ab101957c8eddffd3d18cb805507bed707b0e306d3b433:segment:011,11,17287.0,16176,activities/108_260801060832.csv,1,1,0,0
fit:80de1342a3e9944829ab101957c8eddffd3d18cb805507bed707b0e306d3b433,2026-08-01T08:56:40+00:00,841,161,167,95,11.872,189.20000000000005,33,fit:80de1342a3e9944829ab101957c8eddffd3d18cb805507bed707b0e306d3b433:segment:011,11,17288.0,16177,activities/108_260801060832.csv,1,1,0,0
fit:80de1342a3e9944829ab101957c8eddffd3d18cb805507bed707b0e306d3b433,2026-08-01T08:56:41+00:00,842,191,167,95,11.884,189.20000000000005,33,fit:80de1342a3e9944829ab101957c8eddffd3d18cb805507bed707b0e306d3b433:segment:011,11,17289.0,16178,activities/108_260801060832.csv,1,1,0,0
fit:80de1342a3e9944829ab101957c8eddffd3d18cb805507bed707b0e306d3b433,2026-08-01T08:56:42+00:00,843,199,167,95,11.863,188.79999999999995,33,fit:80de1342a3e9944829ab101957c8eddffd3d18cb805507bed707b0e306d3b433:segment:011,11,17290.0,16179,activities/108_260801060832.csv,1,1,0,0
fit:80de1342a3e9944829ab101957c8eddffd3d18cb805507bed707b0e306d3b433,2026-08-01T08:56:43+00:00,844,190,167,95,11.84,188.39999999999998,33,fit:80de1342a3e9944829ab101957c8eddffd3d18cb805507bed707b0e306d3b433:segment:011,11,17291.0,16180,activities/108_260801060832.csv,1,1,0,0
fit:80de1342a3e9944829ab101957c8eddffd3d18cb805507bed707b0e306d3b433,2026-08-01T08:56:44+00:00,845,179,167,94,11.831,188.20000000000005,33,fit:80de1342a3e9944829ab101957c8eddffd3d18cb805507bed707b0e306d3b433:segment:011,11,17292.0,16181,activities/108_260801060832.csv,1,1,0,0
fit:80de1342a3e9944829ab101957c8eddffd3d18cb805507bed707b0e306d3b433,2026-08-01T08:56:45+00:00,846,166,167,94,11.85,188.20000000000005,33,fit:80de1342a3e9944829ab101957c8eddffd3d18cb805507bed707b0e306d3b433:segment:011,11,17293.0,16182,activities/108_260801060832.csv,1,1,0,0
fit:80de1342a3e9944829ab101957c8eddffd3d18cb805507bed707b0e306d3b433,2026-08-01T08:56:46+00:00,847,160,166,94,11.91,188.20000000000005,33,fit:80de1342a3e9944829ab101957c8eddffd3d18cb805507bed707b0e306d3b433:segment:011,11,17294.0,16183,activities/108_260801060832.csv,1,1,0,0
fit:80de1342a3e9944829ab101957c8eddffd3d18cb805507bed707b0e306d3b433,2026-08-01T08:56:47+00:00,848,183,166,94,11.859,188.20000000000005,33,fit:80de1342a3e9944829ab101957c8eddffd3d18cb805507bed707b0e306d3b433:segment:011,11,17295.0,16184,activities/108_260801060832.csv,1,1,0,0
fit:80de1342a3e9944829ab101957c8eddffd3d18cb805507bed707b0e306d3b433,2026-08-01T08:56:48+00:00,849,210,166,93,11.714,189.0,33,fit:80de1342a3e9944829ab101957c8eddffd3d18cb805507bed707b0e306d3b433:segment:011,11,17296.0,16185,activities/108_260801060832.csv,1,1,0,0
fit:80de1342a3e9944829ab101957c8eddffd3d18cb805507bed707b0e306d3b433,2026-08-01T08:56:49+00:00,850,205,165,93,11.647,189.0,33,fit:80de1342a3e9944829ab101957c8eddffd3d18cb805507bed707b0e306d3b433:segment:011,11,17297.0,16186,activities/108_260801060832.csv,1,1,0,0
fit:80de1342a3e9944829ab101957c8eddffd3d18cb805507bed707b0e306d3b433,2026-08-01T08:56:50+00:00,851,208,165,92,11.61,189.0,33,fit:80de1342a3e9944829ab101957c8eddffd3d18cb805507bed707b0e306d3b433:segment:011,11,17298.0,16187,activities/108_260801060832.csv,1,1,0,0
fit:80de1342a3e9944829ab101957c8eddffd3d18cb805507bed707b0e306d3b433,2026-08-01T08:56:51+00:00,852,222,164,92,11.523,188.0,33,fit:80de1342a3e9944829ab101957c8eddffd3d18cb805507bed707b0e306d3b433:segment:011,11,17299.0,16188,activities/108_260801060832.csv,1,1,0,0
fit:80de1342a3e9944829ab101957c8eddffd3d18cb805507bed707b0e306d3b433,2026-08-01T08:56:52+00:00,853,233,164,92,11.48,187.20000000000005,33,fit:80de1342a3e9944829ab101957c8eddffd3d18cb805507bed707b0e306d3b433:segment:011,11,17300.0,16189,activities/108_260801060832.csv,1,1,0,0
fit:80de1342a3e9944829ab101957c8eddffd3d18cb805507bed707b0e306d3b433,2026-08-01T08:56:53+00:00,854,233,164,91,11.467,187.20000000000005,33,fit:80de1342a3e9944829ab101957c8eddffd3d18cb805507bed707b0e306d3b433:segment:011,11,17301.0,16190,activities/108_260801060832.csv,1,1,0,0
fit:80de1342a3e9944829ab101957c8eddffd3d18cb805507bed707b0e306d3b433,2026-08-01T08:56:54+00:00,855,209,164,91,11.493,187.20000000000005,33,fit:80de1342a3e9944829ab101957c8eddffd3d18cb805507bed707b0e306d3b433:segment:011,11,17302.0,16191,activities/108_260801060832.csv,1,1,0,0
fit:80de1342a3e9944829ab101957c8eddffd3d18cb805507bed707b0e306d3b433,2026-08-01T08:56:55+00:00,856,220,164,91,11.518,188.20000000000005,33,fit:80de1342a3e9944829ab101957c8eddffd3d18cb805507bed707b0e306d3b433:segment:011,11,17303.0,16192,activities/108_260801060832.csv,1,1,0,0
fit:80de1342a3e9944829ab101957c8eddffd3d18cb805507bed707b0e306d3b433,2026-08-01T08:56:56+00:00,857,230,164,91,11.503,188.20000000000005,33,fit:80de1342a3e9944829ab101957c8eddffd3d18cb805507bed707b0e306d3b433:segment:011,11,17304.0,16193,activities/108_260801060832.csv,1,1,0,0
fit:80de1342a3e9944829ab101957c8eddffd3d18cb805507bed707b0e306d3b433,2026-08-01T08:56:57+00:00,858,198,164,91,11.541,188.20000000000005,33,fit:80de1342a3e9944829ab101957c8eddffd3d18cb805507bed707b0e306d3b433:segment:011,11,17305.0,16194,activities/108_260801060832.csv,1,1,0,0
fit:80de1342a3e9944829ab101957c8eddffd3d18cb805507bed707b0e306d3b433,2026-08-01T08:56:58+00:00,859,199,164,91,11.507,188.20000000000005,33,fit:80de1342a3e9944829ab101957c8eddffd3d18cb805507bed707b0e306d3b433:segment:011,11,17306.0,16195,activities/108_260801060832.csv,1,1,0,0
fit:80de1342a3e9944829ab101957c8eddffd3d18cb805507bed707b0e306d3b433,2026-08-01T08:56:59+00:00,860,207,164,91,11.435,187.79999999999995,33,fit:80de1342a3e9944829ab101957c8eddffd3d18cb805507bed707b0e306d3b433:segment:011,11,17307.0,16196,activities/108_260801060832.csv,1,1,0,0
fit:80de1342a3e9944829ab101957c8eddffd3d18cb805507bed707b0e306d3b433,2026-08-01T08:57:00+00:00,861,213,164,91,11.436,187.79999999999995,33,fit:80de1342a3e9944829ab101957c8eddffd3d18cb805507bed707b0e306d3b433:segment:011,11,17308.0,16197,activities/108_260801060832.csv,1,1,0,0
fit:80de1342a3e9944829ab101957c8eddffd3d18cb805507bed707b0e306d3b433,2026-08-01T08:57:01+00:00,862,201,164,90,11.393,187.79999999999995,33,fit:80de1342a3e9944829ab101957c8eddffd3d18cb805507bed707b0e306d3b433:segment:011,11,17309.0,16198,activities/108_260801060832.csv,1,1,0,0
fit:80de1342a3e9944829ab101957c8eddffd3d18cb805507bed707b0e306d3b433,2026-08-01T08:57:02+00:00,863,231,164,90,11.327,187.79999999999995,33,fit:80de1342a3e9944829ab101957c8eddffd3d18cb805507bed707b0e306d3b433:segment:011,11,17310.0,16199,activities/108_260801060832.csv,1,1,0,0
fit:80de1342a3e9944829ab101957c8eddffd3d18cb805507bed707b0e306d3b433,2026-08-01T08:57:03+00:00,864,243,164,89,11.241,187.79999999999995,33,fit:80de1342a3e9944829ab101957c8eddffd3d18cb805507bed707b0e306d3b433:segment:011,11,17311.0,16200,activities/108_260801060832.csv,1,1,0,0
fit:80de1342a3e9944829ab101957c8eddffd3d18cb805507bed707b0e306d3b433,2026-08-01T08:57:04+00:00,865,223,163,89,11.198,187.79999999999995,33,fit:80de1342a3e9944829ab101957c8eddffd3d18cb805507bed707b0e306d3b433:segment:011,11,17312.0,16201,activities/108_260801060832.csv,1,1,0,0
fit:80de1342a3e9944829ab101957c8eddffd3d18cb805507bed707b0e306d3b433,2026-08-01T08:57:05+00:00,866,249,163,89,11.161,187.79999999999995,33,fit:80de1342a3e9944829ab101957c8eddffd3d18cb805507bed707b0e306d3b433:segment:011,11,17313.0,16202,activities/108_260801060832.csv,1,1,0,0
fit:80de1342a3e9944829ab101957c8eddffd3d18cb805507bed707b0e306d3b433,2026-08-01T08:57:06+00:00,867,215,163,89,11.132,188.0,33,fit:80de1342a3e9944829ab101957c8eddffd3d18cb805507bed707b0e306d3b433:segment:011,11,17314.0,16203,activities/108_260801060832.csv,1,1,0,0
fit:80de1342a3e9944829ab101957c8eddffd3d18cb805507bed707b0e306d3b433,2026-08-01T08:57:07+00:00,868,215,164,89,11.128,188.0,33,fit:80de1342a3e9944829ab101957c8eddffd3d18cb805507bed707b0e306d3b433:segment:011,11,17315.0,16204,activities/108_260801060832.csv,1,1,0,0
fit:80de1342a3e9944829ab101957c8eddffd3d18cb805507bed707b0e306d3b433,2026-08-01T08:57:08+00:00,869,193,164,89,11.145,188.0,33,fit:80de1342a3e9944829ab101957c8eddffd3d18cb805507bed707b0e306d3b433:segment:011,11,17316.0,16205,activities/108_260801060832.csv,1,1,0,0
fit:80de1342a3e9944829ab101957c8eddffd3d18cb805507bed707b0e306d3b433,2026-08-01T08:57:09+00:00,870,193,164,88,11.172,187.39999999999998,33,fit:80de1342a3e9944829ab101957c8eddffd3d18cb805507bed707b0e306d3b433:segment:011,11,17317.0,16206,activities/108_260801060832.csv,1,1,0,0
fit:80de1342a3e9944829ab101957c8eddffd3d18cb805507bed707b0e306d3b433,2026-08-01T08:57:10+00:00,871,198,164,88,11.164,187.39999999999998,33,fit:80de1342a3e9944829ab101957c8eddffd3d18cb805507bed707b0e306d3b433:segment:011,11,17318.0,16207,activities/108_260801060832.csv,1,1,0,0
fit:80de1342a3e9944829ab101957c8eddffd3d18cb805507bed707b0e306d3b433,2026-08-01T08:57:11+00:00,872,239,165,88,11.102,187.39999999999998,33,fit:80de1342a3e9944829ab101957c8eddffd3d18cb805507bed707b0e306d3b433:segment:011,11,17319.0,16208,activities/108_260801060832.csv,1,1,0,0
fit:80de1342a3e9944829ab101957c8eddffd3d18cb805507bed707b0e306d3b433,2026-08-01T08:57:12+00:00,873,219,165,88,11.123,187.39999999999998,33,fit:80de1342a3e9944829ab101957c8eddffd3d18cb805507bed707b0e306d3b433:segment:011,11,17320.0,16209,activities/108_260801060832.csv,1,1,0,0
fit:80de1342a3e9944829ab101957c8eddffd3d18cb805507bed707b0e306d3b433,2026-08-01T08:57:13+00:00,874,219,165,88,11.121,187.39999999999998,33,fit:80de1342a3e9944829ab101957c8eddffd3d18cb805507bed707b0e306d3b433:segment:011,11,17321.0,16210,activities/108_260801060832.csv,1,1,0,0
fit:80de1342a3e9944829ab101957c8eddffd3d18cb805507bed707b0e306d3b433,2026-08-01T08:57:14+00:00,875,219,165,88,11.113,188.20000000000005,33,fit:80de1342a3e9944829ab101957c8eddffd3d18cb805507bed707b0e306d3b433:segment:011,11,17322.0,16211,activities/108_260801060832.csv,1,1,0,0
fit:80de1342a3e9944829ab101957c8eddffd3d18cb805507bed707b0e306d3b433,2026-08-01T08:57:15+00:00,876,208,164,88,11.116,188.20000000000005,33,fit:80de1342a3e9944829ab101957c8eddffd3d18cb805507bed707b0e306d3b433:segment:011,11,17323.0,16212,activities/108_260801060832.csv,1,1,0,0
fit:80de1342a3e9944829ab101957c8eddffd3d18cb805507bed707b0e306d3b433,2026-08-01T08:57:16+00:00,877,194,164,88,11.158,188.20000000000005,33,fit:80de1342a3e9944829ab101957c8eddffd3d18cb805507bed707b0e306d3b433:segment:011,11,17324.0,16213,activities/108_260801060832.csv,1,1,0,0
fit:80de1342a3e9944829ab101957c8eddffd3d18cb805507bed707b0e306d3b433,2026-08-01T08:57:17+00:00,878,194,164,88,11.111,188.20000000000005,33,fit:80de1342a3e9944829ab101957c8eddffd3d18cb805507bed707b0e306d3b433:segment:011,11,17325.0,16214,activities/108_260801060832.csv,1,1,0,0
fit:80de1342a3e9944829ab101957c8eddffd3d18cb805507bed707b0e306d3b433,2026-08-01T08:57:18+00:00,879,212,164,89,11.13,188.20000000000005,33,fit:80de1342a3e9944829ab101957c8eddffd3d18cb805507bed707b0e306d3b433:segment:011,11,17326.0,16215,activities/108_260801060832.csv,1,1,0,0
fit:80de1342a3e9944829ab101957c8eddffd3d18cb805507bed707b0e306d3b433,2026-08-01T08:57:19+00:00,880,189,164,89,11.117,188.20000000000005,33,fit:80de1342a3e9944829ab101957c8eddffd3d18cb805507bed707b0e306d3b433:segment:011,11,17327.0,16216,activities/108_260801060832.csv,1,1,0,0
fit:80de1342a3e9944829ab101957c8eddffd3d18cb805507bed707b0e306d3b433,2026-08-01T08:57:20+00:00,881,158,164,89,11.132,188.0,33,fit:80de1342a3e9944829ab101957c8eddffd3d18cb805507bed707b0e306d3b433:segment:011,11,17328.0,16217,activities/108_260801060832.csv,1,1,0,0
fit:80de1342a3e9944829ab101957c8eddffd3d18cb805507bed707b0e306d3b433,2026-08-01T08:57:21+00:00,882,215,164,89,11.176,187.60000000000002,33,fit:80de1342a3e9944829ab101957c8eddffd3d18cb805507bed707b0e306d3b433:segment:011,11,17329.0,16218,activities/108_260801060832.csv,1,1,0,0
fit:80de1342a3e9944829ab101957c8eddffd3d18cb805507bed707b0e306d3b433,2026-08-01T08:57:22+00:00,883,180,164,90,11.205,187.60000000000002,33,fit:80de1342a3e9944829ab101957c8eddffd3d18cb805507bed707b0e306d3b433:segment:011,11,17330.0,16219,activities/108_260801060832.csv,1,1,0,0
fit:80de1342a3e9944829ab101957c8eddffd3d18cb805507bed707b0e306d3b433,2026-08-01T08:57:23+00:00,884,183,164,90,11.248,187.60000000000002,33,fit:80de1342a3e9944829ab101957c8eddffd3d18cb805507bed707b0e306d3b433:segment:011,11,17331.0,16220,activities/108_260801060832.csv,1,1,0,0
fit:80de1342a3e9944829ab101957c8eddffd3d18cb805507bed707b0e306d3b433,2026-08-01T08:57:24+00:00,885,195,164,90,11.229,187.60000000000002,33,fit:80de1342a3e9944829ab101957c8eddffd3d18cb805507bed707b0e306d3b433:segment:011,11,17332.0,16221,activities/108_260801060832.csv,1,1,0,0
fit:80de1342a3e9944829ab101957c8eddffd3d18cb805507bed707b0e306d3b433,2026-08-01T08:57:25+00:00,886,199,164,90,11.207,187.0,33,fit:80de1342a3e9944829ab101957c8eddffd3d18cb805507bed707b0e306d3b433:segment:011,11,17333.0,16222,activities/108_260801060832.csv,1,1,0,0
fit:80de1342a3e9944829ab101957c8eddffd3d18cb805507bed707b0e306d3b433,2026-08-01T08:57:26+00:00,887,191,164,90,11.226,186.20000000000005,33,fit:80de1342a3e9944829ab101957c8eddffd3d18cb805507bed707b0e306d3b433:segment:011,11,17334.0,16223,activities/108_260801060832.csv,1,1,0,0
fit:80de1342a3e9944829ab101957c8eddffd3d18cb805507bed707b0e306d3b433,2026-08-01T08:57:27+00:00,888,187,164,89,11.235,186.20000000000005,33,fit:80de1342a3e9944829ab101957c8eddffd3d18cb805507bed707b0e306d3b433:segment:011,11,17335.0,16224,activities/108_260801060832.csv,1,1,0,0
fit:80de1342a3e9944829ab101957c8eddffd3d18cb805507bed707b0e306d3b433,2026-08-01T08:57:28+00:00,889,202,163,88,11.212,186.20000000000005,33,fit:80de1342a3e9944829ab101957c8eddffd3d18cb805507bed707b0e306d3b433:segment:011,11,17336.0,16225,activities/108_260801060832.csv,1,1,0,0
fit:80de1342a3e9944829ab101957c8eddffd3d18cb805507bed707b0e306d3b433,2026-08-01T08:57:29+00:00,890,184,163,88,11.122,186.20000000000005,33,fit:80de1342a3e9944829ab101957c8eddffd3d18cb805507bed707b0e306d3b433:segment:011,11,17337.0,16226,activities/108_260801060832.csv,1,1,0,0
fit:80de1342a3e9944829ab101957c8eddffd3d18cb805507bed707b0e306d3b433,2026-08-01T08:57:30+00:00,891,196,163,88,11.034,186.20000000000005,33,fit:80de1342a3e9944829ab101957c8eddffd3d18cb805507bed707b0e306d3b433:segment:011,11,17338.0,16227,activities/108_260801060832.csv,1,1,0,0
fit:80de1342a3e9944829ab101957c8eddffd3d18cb805507bed707b0e306d3b433,2026-08-01T08:57:31+00:00,892,199,163,88,11.047,186.20000000000005,33,fit:80de1342a3e9944829ab101957c8eddffd3d18cb805507bed707b0e306d3b433:segment:011,11,17339.0,16228,activities/108_260801060832.csv,1,1,0,0
fit:80de1342a3e9944829ab101957c8eddffd3d18cb805507bed707b0e306d3b433,2026-08-01T08:57:32+00:00,893,195,163,88,11.035,186.20000000000005,33,fit:80de1342a3e9944829ab101957c8eddffd3d18cb805507bed707b0e306d3b433:segment:011,11,17340.0,16229,activities/108_260801060832.csv,1,1,0,0
fit:80de1342a3e9944829ab101957c8eddffd3d18cb805507bed707b0e306d3b433,2026-08-01T08:57:33+00:00,894,203,163,88,11.016,187.0,33,fit:80de1342a3e9944829ab101957c8eddffd3d18cb805507bed707b0e306d3b433:segment:011,11,17341.0,16230,activities/108_260801060832.csv,1,1,0,0
fit:80de1342a3e9944829ab101957c8eddffd3d18cb805507bed707b0e306d3b433,2026-08-01T08:57:34+00:00,895,210,163,89,11.048,187.20000000000005,33,fit:80de1342a3e9944829ab101957c8eddffd3d18cb805507bed707b0e306d3b433:segment:011,11,17342.0,16231,activities/108_260801060832.csv,1,1,0,0
fit:80de1342a3e9944829ab101957c8eddffd3d18cb805507bed707b0e306d3b433,2026-08-01T08:57:35+00:00,896,194,163,89,11.066,187.20000000000005,33,fit:80de1342a3e9944829ab101957c8eddffd3d18cb805507bed707b0e306d3b433:segment:011,11,17343.0,16232,activities/108_260801060832.csv,1,1,0,0
fit:80de1342a3e9944829ab101957c8eddffd3d18cb805507bed707b0e306d3b433,2026-08-01T08:57:36+00:00,897,236,163,89,11.084,187.20000000000005,33,fit:80de1342a3e9944829ab101957c8eddffd3d18cb805507bed707b0e306d3b433:segment:011,11,17344.0,16233,activities/108_260801060832.csv,1,1,0,0
fit:80de1342a3e9944829ab101957c8eddffd3d18cb805507bed707b0e306d3b433,2026-08-01T08:57:37+00:00,898,199,163,89,11.059,186.60000000000002,33,fit:80de1342a3e9944829ab101957c8eddffd3d18cb805507bed707b0e306d3b433:segment:011,11,17345.0,16234,activities/108_260801060832.csv,1,1,0,0
fit:80de1342a3e9944829ab101957c8eddffd3d18cb805507bed707b0e306d3b433,2026-08-01T08:57:38+00:00,899,199,163,89,11.048,186.0,33,fit:80de1342a3e9944829ab101957c8eddffd3d18cb805507bed707b0e306d3b433:segment:011,11,17346.0,16235,activities/108_260801060832.csv,1,1,0,0
fit:80de1342a3e9944829ab101957c8eddffd3d18cb805507bed707b0e306d3b433,2026-08-01T08:57:39+00:00,900,197,164,89,11.065,186.0,33,fit:80de1342a3e9944829ab101957c8eddffd3d18cb805507bed707b0e306d3b433:segment:011,11,17347.0,16236,activities/108_260801060832.csv,1,1,0,0
fit:80de1342a3e9944829ab101957c8eddffd3d18cb805507bed707b0e306d3b433,2026-08-01T08:57:40+00:00,901,220,164,88,11.07,186.0,33,fit:80de1342a3e9944829ab101957c8eddffd3d18cb805507bed707b0e306d3b433:segment:011,11,17348.0,16237,activities/108_260801060832.csv,1,1,0,0
fit:80de1342a3e9944829ab101957c8eddffd3d18cb805507bed707b0e306d3b433,2026-08-01T08:57:41+00:00,902,200,164,88,10.991,186.0,33,fit:80de1342a3e9944829ab101957c8eddffd3d18cb805507bed707b0e306d3b433:segment:011,11,17349.0,16238,activities/108_260801060832.csv,1,1,0,0
fit:80de1342a3e9944829ab101957c8eddffd3d18cb805507bed707b0e306d3b433,2026-08-01T08:57:42+00:00,903,196,165,88,10.985,186.0,33,fit:80de1342a3e9944829ab101957c8eddffd3d18cb805507bed707b0e306d3b433:segment:011,11,17350.0,16239,activities/108_260801060832.csv,1,1,0,0
fit:80de1342a3e9944829ab101957c8eddffd3d18cb805507bed707b0e306d3b433,2026-08-01T08:57:43+00:00,904,233,165,87,10.918,186.0,33,fit:80de1342a3e9944829ab101957c8eddffd3d18cb805507bed707b0e306d3b433:segment:011,11,17351.0,16240,activities/108_260801060832.csv,1,1,0,0
fit:80de1342a3e9944829ab101957c8eddffd3d18cb805507bed707b0e306d3b433,2026-08-01T08:57:44+00:00,905,233,165,88,11.0,186.0,33,fit:80de1342a3e9944829ab101957c8eddffd3d18cb805507bed707b0e306d3b433:segment:011,11,17352.0,16241,activities/108_260801060832.csv,1,1,0,0
fit:80de1342a3e9944829ab101957c8eddffd3d18cb805507bed707b0e306d3b433,2026-08-01T08:57:45+00:00,906,209,165,88,11.01,186.0,33,fit:80de1342a3e9944829ab101957c8eddffd3d18cb805507bed707b0e306d3b433:segment:011,11,17353.0,16242,activities/108_260801060832.csv,1,1,0,0
fit:80de1342a3e9944829ab101957c8eddffd3d18cb805507bed707b0e306d3b433,2026-08-01T08:57:46+00:00,907,218,165,88,11.074,186.0,33,fit:80de1342a3e9944829ab101957c8eddffd3d18cb805507bed707b0e306d3b433:segment:011,11,17354.0,16243,activities/108_260801060832.csv,1,1,0,0
fit:80de1342a3e9944829ab101957c8eddffd3d18cb805507bed707b0e306d3b433,2026-08-01T08:57:47+00:00,908,235,165,87,11.041,186.0,33,fit:80de1342a3e9944829ab101957c8eddffd3d18cb805507bed707b0e306d3b433:segment:011,11,17355.0,16244,activities/108_260801060832.csv,1,1,0,0
fit:80de1342a3e9944829ab101957c8eddffd3d18cb805507bed707b0e306d3b433,2026-08-01T08:57:48+00:00,909,207,165,87,11.04,186.0,33,fit:80de1342a3e9944829ab101957c8eddffd3d18cb805507bed707b0e306d3b433:segment:011,11,17356.0,16245,activities/108_260801060832.csv,1,1,0,0
fit:80de1342a3e9944829ab101957c8eddffd3d18cb805507bed707b0e306d3b433,2026-08-01T08:57:49+00:00,910,213,165,86,10.926,185.0,33,fit:80de1342a3e9944829ab101957c8eddffd3d18cb805507bed707b0e306d3b433:segment:011,11,17357.0,16246,activities/108_260801060832.csv,1,1,0,0
fit:80de1342a3e9944829ab101957c8eddffd3d18cb805507bed707b0e306d3b433,2026-08-01T08:57:50+00:00,911,239,165,86,10.905,185.0,33,fit:80de1342a3e9944829ab101957c8eddffd3d18cb805507bed707b0e306d3b433:segment:011,11,17358.0,16247,activities/108_260801060832.csv,1,1,0,0
fit:80de1342a3e9944829ab101957c8eddffd3d18cb805507bed707b0e306d3b433,2026-08-01T08:57:51+00:00,912,183,165,86,10.827,185.0,33,fit:80de1342a3e9944829ab101957c8eddffd3d18cb805507bed707b0e306d3b433:segment:011,11,17359.0,16248,activities/108_260801060832.csv,1,1,0,0
fit:80de1342a3e9944829ab101957c8eddffd3d18cb805507bed707b0e306d3b433,2026-08-01T08:57:52+00:00,913,127,165,87,10.76,186.0,33,fit:80de1342a3e9944829ab101957c8eddffd3d18cb805507bed707b0e306d3b433:segment:011,11,17360.0,16249,activities/108_260801060832.csv,1,1,0,0
fit:80de1342a3e9944829ab101957c8eddffd3d18cb805507bed707b0e306d3b433,2026-08-01T08:57:53+00:00,914,127,165,86,10.727,186.60000000000002,33,fit:80de1342a3e9944829ab101957c8eddffd3d18cb805507bed707b0e306d3b433:segment:011,11,17361.0,16250,activities/108_260801060832.csv,1,1,0,0
fit:80de1342a3e9944829ab101957c8eddffd3d18cb805507bed707b0e306d3b433,2026-08-01T08:57:54+00:00,915,69,167,86,10.716,186.79999999999995,33,fit:80de1342a3e9944829ab101957c8eddffd3d18cb805507bed707b0e306d3b433:segment:011,11,17362.0,16251,activities/108_260801060832.csv,1,1,0,0
fit:80de1342a3e9944829ab101957c8eddffd3d18cb805507bed707b0e306d3b433,2026-08-01T08:57:55+00:00,916,59,167,84,10.688,187.20000000000005,33,fit:80de1342a3e9944829ab101957c8eddffd3d18cb805507bed707b0e306d3b433:segment:011,11,17363.0,16252,activities/108_260801060832.csv,1,1,0,0
fit:80de1342a3e9944829ab101957c8eddffd3d18cb805507bed707b0e306d3b433,2026-08-01T08:57:56+00:00,917,59,167,84,10.554,187.20000000000005,33,fit:80de1342a3e9944829ab101957c8eddffd3d18cb805507bed707b0e306d3b433:segment:011,11,17364.0,16253,activities/108_260801060832.csv,1,1,0,0
fit:80de1342a3e9944829ab101957c8eddffd3d18cb805507bed707b0e306d3b433,2026-08-01T08:57:57+00:00,918,49,167,84,10.406,187.20000000000005,33,fit:80de1342a3e9944829ab101957c8eddffd3d18cb805507bed707b0e306d3b433:segment:011,11,17365.0,16254,activities/108_260801060832.csv,1,1,0,0
fit:80de1342a3e9944829ab101957c8eddffd3d18cb805507bed707b0e306d3b433,2026-08-01T08:57:58+00:00,919,49,167,84,10.11,186.20000000000005,33,fit:80de1342a3e9944829ab101957c8eddffd3d18cb805507bed707b0e306d3b433:segment:011,11,17366.0,16255,activities/108_260801060832.csv,1,1,0,0
fit:80de1342a3e9944829ab101957c8eddffd3d18cb805507bed707b0e306d3b433,2026-08-01T08:57:59+00:00,920,49,167,84,9.935,186.0,33,fit:80de1342a3e9944829ab101957c8eddffd3d18cb805507bed707b0e306d3b433:segment:011,11,17367.0,16256,activities/108_260801060832.csv,1,1,0,0
fit:80de1342a3e9944829ab101957c8eddffd3d18cb805507bed707b0e306d3b433,2026-08-01T08:58:00+00:00,921,45,166,84,9.738,185.79999999999995,33,fit:80de1342a3e9944829ab101957c8eddffd3d18cb805507bed707b0e306d3b433:segment:011,11,17368.0,16257,activities/108_260801060832.csv,1,1,0,0
fit:80de1342a3e9944829ab101957c8eddffd3d18cb805507bed707b0e306d3b433,2026-08-01T08:58:01+00:00,922,15,165,79,9.333,185.39999999999998,33,fit:80de1342a3e9944829ab101957c8eddffd3d18cb805507bed707b0e306d3b433:segment:011,11,17369.0,16258,activities/108_260801060832.csv,1,1,0,0
fit:80de1342a3e9944829ab101957c8eddffd3d18cb805507bed707b0e306d3b433,2026-08-01T08:58:02+00:00,923,16,164,36,8.857,185.39999999999998,33,fit:80de1342a3e9944829ab101957c8eddffd3d18cb805507bed707b0e306d3b433:segment:011,11,17370.0,16259,activities/108_260801060832.csv,1,1,0,0
fit:80de1342a3e9944829ab101957c8eddffd3d18cb805507bed707b0e306d3b433,2026-08-01T08:58:03+00:00,924,66,162,81,8.639,185.39999999999998,33,fit:80de1342a3e9944829ab101957c8eddffd3d18cb805507bed707b0e306d3b433:segment:011,11,17371.0,16260,activities/108_260801060832.csv,1,1,0,0
fit:80de1342a3e9944829ab101957c8eddffd3d18cb805507bed707b0e306d3b433,2026-08-01T08:58:04+00:00,925,66,162,55,8.496,185.79999999999995,33,fit:80de1342a3e9944829ab101957c8eddffd3d18cb805507bed707b0e306d3b433:segment:011,11,17372.0,16261,activities/108_260801060832.csv,1,1,0,0
fit:80de1342a3e9944829ab101957c8eddffd3d18cb805507bed707b0e306d3b433,2026-08-01T08:58:05+00:00,926,67,159,55,8.637,186.0,33,fit:80de1342a3e9944829ab101957c8eddffd3d18cb805507bed707b0e306d3b433:segment:011,11,17373.0,16262,activities/108_260801060832.csv,1,1,0,0
fit:80de1342a3e9944829ab101957c8eddffd3d18cb805507bed707b0e306d3b433,2026-08-01T08:58:06+00:00,927,9,159,55,8.616,186.0,33,fit:80de1342a3e9944829ab101957c8eddffd3d18cb805507bed707b0e306d3b433:segment:011,11,17374.0,16263,activities/108_260801060832.csv,1,1,0,0
fit:80de1342a3e9944829ab101957c8eddffd3d18cb805507bed707b0e306d3b433,2026-08-01T08:58:07+00:00,928,165,158,23,8.24,186.0,33,fit:80de1342a3e9944829ab101957c8eddffd3d18cb805507bed707b0e306d3b433:segment:011,11,17375.0,16264,activities/108_260801060832.csv,1,1,0,0
fit:80de1342a3e9944829ab101957c8eddffd3d18cb805507bed707b0e306d3b433,2026-08-01T08:58:08+00:00,929,166,157,83,8.255,186.0,33,fit:80de1342a3e9944829ab101957c8eddffd3d18cb805507bed707b0e306d3b433:segment:011,11,17376.0,16265,activities/108_260801060832.csv,1,1,0,0
fit:80de1342a3e9944829ab101957c8eddffd3d18cb805507bed707b0e306d3b433,2026-08-01T08:58:09+00:00,930,166,156,83,8.253,186.0,33,fit:80de1342a3e9944829ab101957c8eddffd3d18cb805507bed707b0e306d3b433:segment:011,11,17377.0,16266,activities/108_260801060832.csv,1,1,0,0
fit:80de1342a3e9944829ab101957c8eddffd3d18cb805507bed707b0e306d3b433,2026-08-01T08:58:10+00:00,931,11,154,83,8.068,186.0,33,fit:80de1342a3e9944829ab101957c8eddffd3d18cb805507bed707b0e306d3b433:segment:011,11,17378.0,16267,activities/108_260801060832.csv,1,1,0,0
fit:80de1342a3e9944829ab101957c8eddffd3d18cb805507bed707b0e306d3b433,2026-08-01T08:58:11+00:00,932,281,153,26,7.992,186.0,33,fit:80de1342a3e9944829ab101957c8eddffd3d18cb805507bed707b0e306d3b433:segment:011,11,17379.0,16268,activities/108_260801060832.csv,1,1,0,0
fit:80de1342a3e9944829ab101957c8eddffd3d18cb805507bed707b0e306d3b433,2026-08-01T08:58:12+00:00,933,104,152,84,8.066,186.0,33,fit:80de1342a3e9944829ab101957c8eddffd3d18cb805507bed707b0e306d3b433:segment:011,11,17380.0,16269,activities/108_260801060832.csv,1,1,0,0
fit:80de1342a3e9944829ab101957c8eddffd3d18cb805507bed707b0e306d3b433,2026-08-01T08:58:13+00:00,934,104,152,61,8.252,186.0,33,fit:80de1342a3e9944829ab101957c8eddffd3d18cb805507bed707b0e306d3b433:segment:011,11,17381.0,16270,activities/108_260801060832.csv,1,1,0,0
fit:80de1342a3e9944829ab101957c8eddffd3d18cb805507bed707b0e306d3b433,2026-08-01T08:58:14+00:00,935,54,151,61,8.289,186.0,33,fit:80de1342a3e9944829ab101957c8eddffd3d18cb805507bed707b0e306d3b433:segment:011,11,17382.0,16271,activities/108_260801060832.csv,1,1,0,0
fit:80de1342a3e9944829ab101957c8eddffd3d18cb805507bed707b0e306d3b433,2026-08-01T08:58:15+00:00,936,216,150,42,8.434,185.20000000000005,33,fit:80de1342a3e9944829ab101957c8eddffd3d18cb805507bed707b0e306d3b433:segment:011,11,17383.0,16272,activities/108_260801060832.csv,1,1,0,0
fit:80de1342a3e9944829ab101957c8eddffd3d18cb805507bed707b0e306d3b433,2026-08-01T08:58:16+00:00,937,223,149,88,8.479,184.39999999999998,33,fit:80de1342a3e9944829ab101957c8eddffd3d18cb805507bed707b0e306d3b433:segment:011,11,17384.0,16273,activities/108_260801060832.csv,1,1,0,0
fit:80de1342a3e9944829ab101957c8eddffd3d18cb805507bed707b0e306d3b433,2026-08-01T08:58:17+00:00,938,192,149,89,8.73,184.39999999999998,33,fit:80de1342a3e9944829ab101957c8eddffd3d18cb805507bed707b0e306d3b433:segment:011,11,17385.0,16274,activities/108_260801060832.csv,1,1,0,0
fit:80de1342a3e9944829ab101957c8eddffd3d18cb805507bed707b0e306d3b433,2026-08-01T08:58:18+00:00,939,192,148,90,8.768,184.39999999999998,33,fit:80de1342a3e9944829ab101957c8eddffd3d18cb805507bed707b0e306d3b433:segment:011,11,17386.0,16275,activities/108_260801060832.csv,1,1,0,0
fit:80de1342a3e9944829ab101957c8eddffd3d18cb805507bed707b0e306d3b433,2026-08-01T08:58:19+00:00,940,47,148,36,8.782,185.20000000000005,33,fit:80de1342a3e9944829ab101957c8eddffd3d18cb805507bed707b0e306d3b433:segment:011,11,17387.0,16276,activities/108_260801060832.csv,1,1,0,0
fit:80de1342a3e9944829ab101957c8eddffd3d18cb805507bed707b0e306d3b433,2026-08-01T08:58:20+00:00,941,221,148,90,8.821,185.60000000000002,33,fit:80de1342a3e9944829ab101957c8eddffd3d18cb805507bed707b0e306d3b433:segment:011,11,17388.0,16277,activities/108_260801060832.csv,1,1,0,0
fit:80de1342a3e9944829ab101957c8eddffd3d18cb805507bed707b0e306d3b433,2026-08-01T08:58:21+00:00,942,221,149,92,8.736,185.60000000000002,33,fit:80de1342a3e9944829ab101957c8eddffd3d18cb805507bed707b0e306d3b433:segment:011,11,17389.0,16278,activities/108_260801060832.csv,1,1,0,0
fit:80de1342a3e9944829ab101957c8eddffd3d18cb805507bed707b0e306d3b433,2026-08-01T08:58:22+00:00,943,178,149,92,8.882,185.60000000000002,33,fit:80de1342a3e9944829ab101957c8eddffd3d18cb805507bed707b0e306d3b433:segment:011,11,17390.0,16279,activities/108_260801060832.csv,1,1,0,0
fit:80de1342a3e9944829ab101957c8eddffd3d18cb805507bed707b0e306d3b433,2026-08-01T08:58:23+00:00,944,110,151,92,9.077,184.79999999999995,33,fit:80de1342a3e9944829ab101957c8eddffd3d18cb805507bed707b0e306d3b433:segment:011,11,17391.0,16280,activities/108_260801060832.csv,1,1,0,0
fit:80de1342a3e9944829ab101957c8eddffd3d18cb805507bed707b0e306d3b433,2026-08-01T08:58:24+00:00,945,110,151,91,9.02,184.79999999999995,33,fit:80de1342a3e9944829ab101957c8eddffd3d18cb805507bed707b0e306d3b433:segment:011,11,17392.0,16281,activities/108_260801060832.csv,1,1,0,0
fit:80de1342a3e9944829ab101957c8eddffd3d18cb805507bed707b0e306d3b433,2026-08-01T08:58:25+00:00,946,110,151,91,7.526,184.79999999999995,33,fit:80de1342a3e9944829ab101957c8eddffd3d18cb805507bed707b0e306d3b433:segment:011,11,17393.0,16282,activities/108_260801060832.csv,1,1,0,0
fit:80de1342a3e9944829ab101957c8eddffd3d18cb805507bed707b0e306d3b433,2026-08-01T08:58:26+00:00,947,110,151,91,5.652,185.79999999999995,33,fit:80de1342a3e9944829ab101957c8eddffd3d18cb805507bed707b0e306d3b433:segment:011,11,17394.0,16283,activities/108_260801060832.csv,1,1,0,0
fit:80de1342a3e9944829ab101957c8eddffd3d18cb805507bed707b0e306d3b433,2026-08-01T08:58:27+00:00,948,0,151,0,4.524,186.0,33,fit:80de1342a3e9944829ab101957c8eddffd3d18cb805507bed707b0e306d3b433:segment:011,11,17395.0,16284,activities/108_260801060832.csv,1,1,0,0
fit:80de1342a3e9944829ab101957c8eddffd3d18cb805507bed707b0e306d3b433,2026-08-01T08:58:28+00:00,949,0,150,0,3.653,187.0,33,fit:80de1342a3e9944829ab101957c8eddffd3d18cb805507bed707b0e306d3b433:segment:011,11,17396.0,16285,activities/108_260801060832.csv,1,1,0,0
fit:80de1342a3e9944829ab101957c8eddffd3d18cb805507bed707b0e306d3b433,2026-08-01T08:58:29+00:00,950,0,150,0,2.604,187.0,33,fit:80de1342a3e9944829ab101957c8eddffd3d18cb805507bed707b0e306d3b433:segment:011,11,17397.0,16286,activities/108_260801060832.csv,1,1,0,0
fit:80de1342a3e9944829ab101957c8eddffd3d18cb805507bed707b0e306d3b433,2026-08-01T08:58:30+00:00,951,0,149,0,2.085,187.0,33,fit:80de1342a3e9944829ab101957c8eddffd3d18cb805507bed707b0e306d3b433:segment:011,11,17398.0,16287,activities/108_260801060832.csv,1,1,0,0
fit:80de1342a3e9944829ab101957c8eddffd3d18cb805507bed707b0e306d3b433,2026-08-01T08:58:31+00:00,952,0,149,0,1.916,186.60000000000002,33,fit:80de1342a3e9944829ab101957c8eddffd3d18cb805507bed707b0e306d3b433:segment:011,11,17399.0,16288,activities/108_260801060832.csv,1,1,0,0
fit:80de1342a3e9944829ab101957c8eddffd3d18cb805507bed707b0e306d3b433,2026-08-01T08:58:32+00:00,953,0,148,0,0.0,186.60000000000002,33,fit:80de1342a3e9944829ab101957c8eddffd3d18cb805507bed707b0e306d3b433:segment:011,11,17400.0,16289,activities/108_260801060832.csv,1,1,0,0
fit:80de1342a3e9944829ab101957c8eddffd3d18cb805507bed707b0e306d3b433,2026-08-01T08:58:42+00:00,963,97,145,0,2.648,187.20000000000005,33,fit:80de1342a3e9944829ab101957c8eddffd3d18cb805507bed707b0e306d3b433:segment:011,11,17410.0,16290,activities/108_260801060832.csv,1,1,0,0
fit:80de1342a3e9944829ab101957c8eddffd3d18cb805507bed707b0e306d3b433,2026-08-01T08:58:43+00:00,964,98,145,0,3.306,186.60000000000002,33,fit:80de1342a3e9944829ab101957c8eddffd3d18cb805507bed707b0e306d3b433:segment:011,11,17411.0,16291,activities/108_260801060832.csv,1,1,0,0
fit:80de1342a3e9944829ab101957c8eddffd3d18cb805507bed707b0e306d3b433,2026-08-01T08:58:44+00:00,965,94,144,24,3.681,186.60000000000002,33,fit:80de1342a3e9944829ab101957c8eddffd3d18cb805507bed707b0e306d3b433:segment:011,11,17412.0,16292,activities/108_260801060832.csv,1,1,0,0
fit:80de1342a3e9944829ab101957c8eddffd3d18cb805507bed707b0e306d3b433,2026-08-01T08:58:45+00:00,966,159,144,24,4.042,186.39999999999998,33,fit:80de1342a3e9944829ab101957c8eddffd3d18cb805507bed707b0e306d3b433:segment:011,11,17413.0,16293,activities/108_260801060832.csv,1,1,0,0
fit:80de1342a3e9944829ab101957c8eddffd3d18cb805507bed707b0e306d3b433,2026-08-01T08:58:46+00:00,967,162,144,47,4.526,186.39999999999998,33,fit:80de1342a3e9944829ab101957c8eddffd3d18cb805507bed707b0e306d3b433:segment:011,11,17414.0,16294,activities/108_260801060832.csv,1,1,0,0
fit:80de1342a3e9944829ab101957c8eddffd3d18cb805507bed707b0e306d3b433,2026-08-01T08:58:47+00:00,968,163,143,50,4.871,186.39999999999998,33,fit:80de1342a3e9944829ab101957c8eddffd3d18cb805507bed707b0e306d3b433:segment:011,11,17415.0,16295,activities/108_260801060832.csv,1,1,0,0
fit:80de1342a3e9944829ab101957c8eddffd3d18cb805507bed707b0e306d3b433,2026-08-01T08:58:48+00:00,969,163,142,50,5.157,186.39999999999998,33,fit:80de1342a3e9944829ab101957c8eddffd3d18cb805507bed707b0e306d3b433:segment:011,11,17416.0,16296,activities/108_260801060832.csv,1,1,0,0
fit:80de1342a3e9944829ab101957c8eddffd3d18cb805507bed707b0e306d3b433,2026-08-01T08:58:49+00:00,970,163,142,50,5.322,186.39999999999998,33,fit:80de1342a3e9944829ab101957c8eddffd3d18cb805507bed707b0e306d3b433:segment:011,11,17417.0,16297,activities/108_260801060832.csv,1,1,0,0
fit:80de1342a3e9944829ab101957c8eddffd3d18cb805507bed707b0e306d3b433,2026-08-01T08:58:50+00:00,971,163,141,50,5.373,186.39999999999998,33,fit:80de1342a3e9944829ab101957c8eddffd3d18cb805507bed707b0e306d3b433:segment:011,11,17418.0,16298,activities/108_260801060832.csv,1,1,0,0
fit:80de1342a3e9944829ab101957c8eddffd3d18cb805507bed707b0e306d3b433,2026-08-01T08:58:51+00:00,972,6,141,50,5.653,186.60000000000002,33,fit:80de1342a3e9944829ab101957c8eddffd3d18cb805507bed707b0e306d3b433:segment:011,11,17419.0,16299,activities/108_260801060832.csv,1,1,0,0
fit:80de1342a3e9944829ab101957c8eddffd3d18cb805507bed707b0e306d3b433,2026-08-01T08:58:52+00:00,973,295,141,0,5.524,186.60000000000002,33,fit:80de1342a3e9944829ab101957c8eddffd3d18cb805507bed707b0e306d3b433:segment:011,11,17420.0,16300,activities/108_260801060832.csv,1,1,0,0
fit:80de1342a3e9944829ab101957c8eddffd3d18cb805507bed707b0e306d3b433,2026-08-01T08:58:53+00:00,974,295,141,58,5.772,186.60000000000002,33,fit:80de1342a3e9944829ab101957c8eddffd3d18cb805507bed707b0e306d3b433:segment:011,11,17421.0,16301,activities/108_260801060832.csv,1,1,0,0
fit:80de1342a3e9944829ab101957c8eddffd3d18cb805507bed707b0e306d3b433,2026-08-01T08:58:54+00:00,975,295,140,69,5.962,186.60000000000002,33,fit:80de1342a3e9944829ab101957c8eddffd3d18cb805507bed707b0e306d3b433:segment:011,11,17422.0,16302,activities/108_260801060832.csv,1,1,0,0
fit:80de1342a3e9944829ab101957c8eddffd3d18cb805507bed707b0e306d3b433,2026-08-01T08:58:55+00:00,976,258,140,71,6.455,186.60000000000002,33,fit:80de1342a3e9944829ab101957c8eddffd3d18cb805507bed707b0e306d3b433:segment:011,11,17423.0,16303,activities/108_260801060832.csv,1,1,0,0
fit:80de1342a3e9944829ab101957c8eddffd3d18cb805507bed707b0e306d3b433,2026-08-01T08:58:56+00:00,977,211,139,71,6.92,186.60000000000002,33,fit:80de1342a3e9944829ab101957c8eddffd3d18cb805507bed707b0e306d3b433:segment:011,11,17424.0,16304,activities/108_260801060832.csv,1,1,0,0
fit:80de1342a3e9944829ab101957c8eddffd3d18cb805507bed707b0e306d3b433,2026-08-01T08:58:57+00:00,978,211,139,76,7.162,185.60000000000002,33,fit:80de1342a3e9944829ab101957c8eddffd3d18cb805507bed707b0e306d3b433:segment:011,11,17425.0,16305,activities/108_260801060832.csv,1,1,0,0
fit:80de1342a3e9944829ab101957c8eddffd3d18cb805507bed707b0e306d3b433,2026-08-01T08:58:58+00:00,979,211,139,76,7.475,185.60000000000002,33,fit:80de1342a3e9944829ab101957c8eddffd3d18cb805507bed707b0e306d3b433:segment:011,11,17426.0,16306,activities/108_260801060832.csv,1,1,0,0
fit:80de1342a3e9944829ab101957c8eddffd3d18cb805507bed707b0e306d3b433,2026-08-01T08:58:59+00:00,980,181,139,80,7.571,185.60000000000002,33,fit:80de1342a3e9944829ab101957c8eddffd3d18cb805507bed707b0e306d3b433:segment:011,11,17427.0,16307,activities/108_260801060832.csv,1,1,0,0
fit:80de1342a3e9944829ab101957c8eddffd3d18cb805507bed707b0e306d3b433,2026-08-01T08:59:00+00:00,981,146,138,80,7.745,185.60000000000002,33,fit:80de1342a3e9944829ab101957c8eddffd3d18cb805507bed707b0e306d3b433:segment:011,11,17428.0,16308,activities/108_260801060832.csv,1,1,0,0
fit:80de1342a3e9944829ab101957c8eddffd3d18cb805507bed707b0e306d3b433,2026-08-01T08:59:01+00:00,982,141,138,83,7.936,186.60000000000002,33,fit:80de1342a3e9944829ab101957c8eddffd3d18cb805507bed707b0e306d3b433:segment:011,11,17429.0,16309,activities/108_260801060832.csv,1,1,0,0
fit:80de1342a3e9944829ab101957c8eddffd3d18cb805507bed707b0e306d3b433,2026-08-01T08:59:02+00:00,983,132,139,85,8.082,186.60000000000002,33,fit:80de1342a3e9944829ab101957c8eddffd3d18cb805507bed707b0e306d3b433:segment:011,11,17430.0,16310,activities/108_260801060832.csv,1,1,0,0
fit:80de1342a3e9944829ab101957c8eddffd3d18cb805507bed707b0e306d3b433,2026-08-01T08:59:03+00:00,984,132,139,86,8.377,186.60000000000002,33,fit:80de1342a3e9944829ab101957c8eddffd3d18cb805507bed707b0e306d3b433:segment:011,11,17431.0,16311,activities/108_260801060832.csv,1,1,0,0
fit:80de1342a3e9944829ab101957c8eddffd3d18cb805507bed707b0e306d3b433,2026-08-01T08:59:04+00:00,985,133,139,88,8.462,185.60000000000002,33,fit:80de1342a3e9944829ab101957c8eddffd3d18cb805507bed707b0e306d3b433:segment:011,11,17432.0,16312,activities/108_260801060832.csv,1,1,0,0
fit:80de1342a3e9944829ab101957c8eddffd3d18cb805507bed707b0e306d3b433,2026-08-01T08:59:05+00:00,986,152,138,89,8.644,184.60000000000002,33,fit:80de1342a3e9944829ab101957c8eddffd3d18cb805507bed707b0e306d3b433:segment:011,11,17433.0,16313,activities/108_260801060832.csv,1,1,0,0
fit:80de1342a3e9944829ab101957c8eddffd3d18cb805507bed707b0e306d3b433,2026-08-01T08:59:06+00:00,987,131,137,90,8.775,184.60000000000002,33,fit:80de1342a3e9944829ab101957c8eddffd3d18cb805507bed707b0e306d3b433:segment:011,11,17434.0,16314,activities/108_260801060832.csv,1,1,0,0
fit:80de1342a3e9944829ab101957c8eddffd3d18cb805507bed707b0e306d3b433,2026-08-01T08:59:07+00:00,988,157,137,91,8.819,184.60000000000002,33,fit:80de1342a3e9944829ab101957c8eddffd3d18cb805507bed707b0e306d3b433:segment:011,11,17435.0,16315,activities/108_260801060832.csv,1,1,0,0
fit:80de1342a3e9944829ab101957c8eddffd3d18cb805507bed707b0e306d3b433,2026-08-01T08:59:08+00:00,989,125,137,92,8.966,184.60000000000002,33,fit:80de1342a3e9944829ab101957c8eddffd3d18cb805507bed707b0e306d3b433:segment:011,11,17436.0,16316,activities/108_260801060832.csv,1,1,0,0
fit:80de1342a3e9944829ab101957c8eddffd3d18cb805507bed707b0e306d3b433,2026-08-01T08:59:09+00:00,990,110,137,92,9.104,184.60000000000002,33,fit:80de1342a3e9944829ab101957c8eddffd3d18cb805507bed707b0e306d3b433:segment:011,11,17437.0,16317,activities/108_260801060832.csv,1,1,0,0
fit:80de1342a3e9944829ab101957c8eddffd3d18cb805507bed707b0e306d3b433,2026-08-01T08:59:10+00:00,991,101,137,93,9.171,183.60000000000002,33,fit:80de1342a3e9944829ab101957c8eddffd3d18cb805507bed707b0e306d3b433:segment:011,11,17438.0,16318,activities/108_260801060832.csv,1,1,0,0
fit:80de1342a3e9944829ab101957c8eddffd3d18cb805507bed707b0e306d3b433,2026-08-01T08:59:11+00:00,992,164,138,88,9.286,183.60000000000002,33,fit:80de1342a3e9944829ab101957c8eddffd3d18cb805507bed707b0e306d3b433:segment:011,11,17439.0,16319,activities/108_260801060832.csv,1,1,0,0
fit:80de1342a3e9944829ab101957c8eddffd3d18cb805507bed707b0e306d3b433,2026-08-01T08:59:12+00:00,993,164,138,84,9.3,183.60000000000002,33,fit:80de1342a3e9944829ab101957c8eddffd3d18cb805507bed707b0e306d3b433:segment:011,11,17440.0,16320,activities/108_260801060832.csv,1,1,0,0
fit:80de1342a3e9944829ab101957c8eddffd3d18cb805507bed707b0e306d3b433,2026-08-01T08:59:13+00:00,994,186,139,85,9.325,183.79999999999995,33,fit:80de1342a3e9944829ab101957c8eddffd3d18cb805507bed707b0e306d3b433:segment:011,11,17441.0,16321,activities/108_260801060832.csv,1,1,0,0
fit:80de1342a3e9944829ab101957c8eddffd3d18cb805507bed707b0e306d3b433,2026-08-01T08:59:14+00:00,995,192,141,86,9.359,184.79999999999995,33,fit:80de1342a3e9944829ab101957c8eddffd3d18cb805507bed707b0e306d3b433:segment:011,11,17442.0,16322,activities/108_260801060832.csv,1,1,0,0
fit:80de1342a3e9944829ab101957c8eddffd3d18cb805507bed707b0e306d3b433,2026-08-01T08:59:15+00:00,996,180,142,86,9.384,184.79999999999995,33,fit:80de1342a3e9944829ab101957c8eddffd3d18cb805507bed707b0e306d3b433:segment:011,11,17443.0,16323,activities/108_260801060832.csv,1,1,0,0
fit:80de1342a3e9944829ab101957c8eddffd3d18cb805507bed707b0e306d3b433,2026-08-01T08:59:16+00:00,997,153,143,87,9.484,184.79999999999995,33,fit:80de1342a3e9944829ab101957c8eddffd3d18cb805507bed707b0e306d3b433:segment:011,11,17444.0,16324,activities/108_260801060832.csv,1,1,0,0
fit:80de1342a3e9944829ab101957c8eddffd3d18cb805507bed707b0e306d3b433,2026-08-01T08:59:17+00:00,998,164,144,88,9.581,184.79999999999995,33,fit:80de1342a3e9944829ab101957c8eddffd3d18cb805507bed707b0e306d3b433:segment:011,11,17445.0,16325,activities/108_260801060832.csv,1,1,0,0
fit:80de1342a3e9944829ab101957c8eddffd3d18cb805507bed707b0e306d3b433,2026-08-01T08:59:18+00:00,999,158,144,89,9.686,183.79999999999995,33,fit:80de1342a3e9944829ab101957c8eddffd3d18cb805507bed707b0e306d3b433:segment:011,11,17446.0,16326,activities/108_260801060832.csv,1,1,0,0
fit:80de1342a3e9944829ab101957c8eddffd3d18cb805507bed707b0e306d3b433,2026-08-01T08:59:19+00:00,1000,158,145,90,9.765,183.79999999999995,33,fit:80de1342a3e9944829ab101957c8eddffd3d18cb805507bed707b0e306d3b433:segment:011,11,17447.0,16327,activities/108_260801060832.csv,1,1,0,0
fit:80de1342a3e9944829ab101957c8eddffd3d18cb805507bed707b0e306d3b433,2026-08-01T08:59:20+00:00,1001,169,145,90,9.886,183.79999999999995,33,fit:80de1342a3e9944829ab101957c8eddffd3d18cb805507bed707b0e306d3b433:segment:011,11,17448.0,16328,activities/108_260801060832.csv,1,1,0,0
fit:80de1342a3e9944829ab101957c8eddffd3d18cb805507bed707b0e306d3b433,2026-08-01T08:59:21+00:00,1002,170,145,91,9.963,184.60000000000002,33,fit:80de1342a3e9944829ab101957c8eddffd3d18cb805507bed707b0e306d3b433:segment:011,11,17449.0,16329,activities/108_260801060832.csv,1,1,0,0
fit:80de1342a3e9944829ab101957c8eddffd3d18cb805507bed707b0e306d3b433,2026-08-01T08:59:22+00:00,1003,156,146,92,10.009,184.60000000000002,33,fit:80de1342a3e9944829ab101957c8eddffd3d18cb805507bed707b0e306d3b433:segment:011,11,17450.0,16330,activities/108_260801060832.csv,1,1,0,0
fit:80de1342a3e9944829ab101957c8eddffd3d18cb805507bed707b0e306d3b433,2026-08-01T08:59:23+00:00,1004,150,146,92,10.081,184.60000000000002,33,fit:80de1342a3e9944829ab101957c8eddffd3d18cb805507bed707b0e306d3b433:segment:011,11,17451.0,16331,activities/108_260801060832.csv,1,1,0,0
fit:80de1342a3e9944829ab101957c8eddffd3d18cb805507bed707b0e306d3b433,2026-08-01T08:59:24+00:00,1005,156,146,93,10.106,183.60000000000002,33,fit:80de1342a3e9944829ab101957c8eddffd3d18cb805507bed707b0e306d3b433:segment:011,11,17452.0,16332,activities/108_260801060832.csv,1,1,0,0
fit:80de1342a3e9944829ab101957c8eddffd3d18cb805507bed707b0e306d3b433,2026-08-01T08:59:25+00:00,1006,160,146,93,10.198,182.60000000000002,33,fit:80de1342a3e9944829ab101957c8eddffd3d18cb805507bed707b0e306d3b433:segment:011,11,17453.0,16333,activities/108_260801060832.csv,1,1,0,0
fit:80de1342a3e9944829ab101957c8eddffd3d18cb805507bed707b0e306d3b433,2026-08-01T08:59:26+00:00,1007,158,146,93,10.212,182.60000000000002,33,fit:80de1342a3e9944829ab101957c8eddffd3d18cb805507bed707b0e306d3b433:segment:011,11,17454.0,16334,activities/108_260801060832.csv,1,1,0,0
fit:80de1342a3e9944829ab101957c8eddffd3d18cb805507bed707b0e306d3b433,2026-08-01T08:59:27+00:00,1008,141,146,93,10.408,182.60000000000002,33,fit:80de1342a3e9944829ab101957c8eddffd3d18cb805507bed707b0e306d3b433:segment:011,11,17455.0,16335,activities/108_260801060832.csv,1,1,0,0
fit:80de1342a3e9944829ab101957c8eddffd3d18cb805507bed707b0e306d3b433,2026-08-01T08:59:28+00:00,1009,156,146,93,10.32,183.39999999999998,33,fit:80de1342a3e9944829ab101957c8eddffd3d18cb805507bed707b0e306d3b433:segment:011,11,17456.0,16336,activities/108_260801060832.csv,1,1,0,0
fit:80de1342a3e9944829ab101957c8eddffd3d18cb805507bed707b0e306d3b433,2026-08-01T08:59:29+00:00,1010,174,146,93,10.261,183.39999999999998,33,fit:80de1342a3e9944829ab101957c8eddffd3d18cb805507bed707b0e306d3b433:segment:011,11,17457.0,16337,activities/108_260801060832.csv,1,1,0,0
fit:80de1342a3e9944829ab101957c8eddffd3d18cb805507bed707b0e306d3b433,2026-08-01T08:59:30+00:00,1011,160,146,93,10.196,183.39999999999998,33,fit:80de1342a3e9944829ab101957c8eddffd3d18cb805507bed707b0e306d3b433:segment:011,11,17458.0,16338,activities/108_260801060832.csv,1,1,0,0
fit:80de1342a3e9944829ab101957c8eddffd3d18cb805507bed707b0e306d3b433,2026-08-01T08:59:31+00:00,1012,160,147,94,10.237,182.79999999999995,33,fit:80de1342a3e9944829ab101957c8eddffd3d18cb805507bed707b0e306d3b433:segment:011,11,17459.0,16339,activities/108_260801060832.csv,1,1,0,0
fit:80de1342a3e9944829ab101957c8eddffd3d18cb805507bed707b0e306d3b433,2026-08-01T08:59:32+00:00,1013,168,146,93,10.281,182.79999999999995,33,fit:80de1342a3e9944829ab101957c8eddffd3d18cb805507bed707b0e306d3b433:segment:011,11,17460.0,16340,activities/108_260801060832.csv,1,1,0,0
fit:80de1342a3e9944829ab101957c8eddffd3d18cb805507bed707b0e306d3b433,2026-08-01T08:59:33+00:00,1014,154,146,94,10.402,182.79999999999995,33,fit:80de1342a3e9944829ab101957c8eddffd3d18cb805507bed707b0e306d3b433:segment:011,11,17461.0,16341,activities/108_260801060832.csv,1,1,0,0
fit:80de1342a3e9944829ab101957c8eddffd3d18cb805507bed707b0e306d3b433,2026-08-01T08:59:34+00:00,1015,155,146,94,10.413,182.79999999999995,33,fit:80de1342a3e9944829ab101957c8eddffd3d18cb805507bed707b0e306d3b433:segment:011,11,17462.0,16342,activities/108_260801060832.csv,1,1,0,0
fit:80de1342a3e9944829ab101957c8eddffd3d18cb805507bed707b0e306d3b433,2026-08-01T08:59:35+00:00,1016,151,146,94,10.401,183.39999999999998,33,fit:80de1342a3e9944829ab101957c8eddffd3d18cb805507bed707b0e306d3b433:segment:011,11,17463.0,16343,activities/108_260801060832.csv,1,1,0,0
fit:80de1342a3e9944829ab101957c8eddffd3d18cb805507bed707b0e306d3b433,2026-08-01T08:59:36+00:00,1017,171,145,94,10.402,183.39999999999998,33,fit:80de1342a3e9944829ab101957c8eddffd3d18cb805507bed707b0e306d3b433:segment:011,11,17464.0,16344,activities/108_260801060832.csv,1,1,0,0
fit:80de1342a3e9944829ab101957c8eddffd3d18cb805507bed707b0e306d3b433,2026-08-01T08:59:37+00:00,1018,160,145,94,10.356,183.39999999999998,34,fit:80de1342a3e9944829ab101957c8eddffd3d18cb805507bed707b0e306d3b433:segment:011,11,17465.0,16345,activities/108_260801060832.csv,1,1,0,0
fit:80de1342a3e9944829ab101957c8eddffd3d18cb805507bed707b0e306d3b433,2026-08-01T08:59:38+00:00,1019,169,145,94,10.359,182.60000000000002,34,fit:80de1342a3e9944829ab101957c8eddffd3d18cb805507bed707b0e306d3b433:segment:011,11,17466.0,16346,activities/108_260801060832.csv,1,1,0,0
fit:80de1342a3e9944829ab101957c8eddffd3d18cb805507bed707b0e306d3b433,2026-08-01T08:59:39+00:00,1020,181,145,94,10.437,182.60000000000002,34,fit:80de1342a3e9944829ab101957c8eddffd3d18cb805507bed707b0e306d3b433:segment:011,11,17467.0,16347,activities/108_260801060832.csv,1,1,0,0
fit:80de1342a3e9944829ab101957c8eddffd3d18cb805507bed707b0e306d3b433,2026-08-01T08:59:40+00:00,1021,173,145,95,10.454,182.60000000000002,34,fit:80de1342a3e9944829ab101957c8eddffd3d18cb805507bed707b0e306d3b433:segment:011,11,17468.0,16348,activities/108_260801060832.csv,1,1,0,0
fit:80de1342a3e9944829ab101957c8eddffd3d18cb805507bed707b0e306d3b433,2026-08-01T08:59:41+00:00,1022,195,145,95,10.536,183.60000000000002,34,fit:80de1342a3e9944829ab101957c8eddffd3d18cb805507bed707b0e306d3b433:segment:011,11,17469.0,16349,activities/108_260801060832.csv,1,1,0,0
fit:80de1342a3e9944829ab101957c8eddffd3d18cb805507bed707b0e306d3b433,2026-08-01T08:59:42+00:00,1023,167,146,96,10.575,183.60000000000002,34,fit:80de1342a3e9944829ab101957c8eddffd3d18cb805507bed707b0e306d3b433:segment:011,11,17470.0,16350,activities/108_260801060832.csv,1,1,0,0
fit:80de1342a3e9944829ab101957c8eddffd3d18cb805507bed707b0e306d3b433,2026-08-01T08:59:43+00:00,1024,144,146,96,10.604,183.60000000000002,34,fit:80de1342a3e9944829ab101957c8eddffd3d18cb805507bed707b0e306d3b433:segment:011,11,17471.0,16351,activities/108_260801060832.csv,1,1,0,0
fit:80de1342a3e9944829ab101957c8eddffd3d18cb805507bed707b0e306d3b433,2026-08-01T08:59:44+00:00,1025,144,147,96,10.593,182.60000000000002,34,fit:80de1342a3e9944829ab101957c8eddffd3d18cb805507bed707b0e306d3b433:segment:011,11,17472.0,16352,activities/108_260801060832.csv,1,1,0,0
fit:80de1342a3e9944829ab101957c8eddffd3d18cb805507bed707b0e306d3b433,2026-08-01T08:59:45+00:00,1026,162,147,96,10.649,181.79999999999995,34,fit:80de1342a3e9944829ab101957c8eddffd3d18cb805507bed707b0e306d3b433:segment:011,11,17473.0,16353,activities/108_260801060832.csv,1,1,0,0
fit:80de1342a3e9944829ab101957c8eddffd3d18cb805507bed707b0e306d3b433,2026-08-01T08:59:46+00:00,1027,155,147,96,10.647,181.79999999999995,34,fit:80de1342a3e9944829ab101957c8eddffd3d18cb805507bed707b0e306d3b433:segment:011,11,17474.0,16354,activities/108_260801060832.csv,1,1,0,0
fit:80de1342a3e9944829ab101957c8eddffd3d18cb805507bed707b0e306d3b433,2026-08-01T08:59:47+00:00,1028,176,148,97,10.633,181.79999999999995,34,fit:80de1342a3e9944829ab101957c8eddffd3d18cb805507bed707b0e306d3b433:segment:011,11,17475.0,16355,activities/108_260801060832.csv,1,1,0,0
fit:80de1342a3e9944829ab101957c8eddffd3d18cb805507bed707b0e306d3b433,2026-08-01T08:59:48+00:00,1029,158,148,98,10.681,182.79999999999995,34,fit:80de1342a3e9944829ab101957c8eddffd3d18cb805507bed707b0e306d3b433:segment:011,11,17476.0,16356,activities/108_260801060832.csv,1,1,0,0
fit:80de1342a3e9944829ab101957c8eddffd3d18cb805507bed707b0e306d3b433,2026-08-01T08:59:49+00:00,1030,140,147,98,10.891,182.79999999999995,34,fit:80de1342a3e9944829ab101957c8eddffd3d18cb805507bed707b0e306d3b433:segment:011,11,17477.0,16357,activities/108_260801060832.csv,1,1,0,0
fit:80de1342a3e9944829ab101957c8eddffd3d18cb805507bed707b0e306d3b433,2026-08-01T08:59:50+00:00,1031,140,147,99,10.891,183.0,34,fit:80de1342a3e9944829ab101957c8eddffd3d18cb805507bed707b0e306d3b433:segment:011,11,17478.0,16358,activities/108_260801060832.csv,1,1,0,0
fit:80de1342a3e9944829ab101957c8eddffd3d18cb805507bed707b0e306d3b433,2026-08-01T08:59:51+00:00,1032,132,147,100,10.954,183.0,34,fit:80de1342a3e9944829ab101957c8eddffd3d18cb805507bed707b0e306d3b433:segment:011,11,17479.0,16359,activities/108_260801060832.csv,1,1,0,0
fit:80de1342a3e9944829ab101957c8eddffd3d18cb805507bed707b0e306d3b433,2026-08-01T08:59:52+00:00,1033,143,147,100,11.131,183.0,34,fit:80de1342a3e9944829ab101957c8eddffd3d18cb805507bed707b0e306d3b433:segment:011,11,17480.0,16360,activities/108_260801060832.csv,1,1,0,0
fit:80de1342a3e9944829ab101957c8eddffd3d18cb805507bed707b0e306d3b433,2026-08-01T08:59:53+00:00,1034,164,147,100,11.049,183.0,34,fit:80de1342a3e9944829ab101957c8eddffd3d18cb805507bed707b0e306d3b433:segment:011,11,17481.0,16361,activities/108_260801060832.csv,1,1,0,0
fit:80de1342a3e9944829ab101957c8eddffd3d18cb805507bed707b0e306d3b433,2026-08-01T08:59:54+00:00,1035,149,147,101,11.074,183.0,34,fit:80de1342a3e9944829ab101957c8eddffd3d18cb805507bed707b0e306d3b433:segment:011,11,17482.0,16362,activities/108_260801060832.csv,1,1,0,0
fit:80de1342a3e9944829ab101957c8eddffd3d18cb805507bed707b0e306d3b433,2026-08-01T08:59:55+00:00,1036,148,147,101,11.166,182.20000000000005,34,fit:80de1342a3e9944829ab101957c8eddffd3d18cb805507bed707b0e306d3b433:segment:011,11,17483.0,16363,activities/108_260801060832.csv,1,1,0,0
fit:80de1342a3e9944829ab101957c8eddffd3d18cb805507bed707b0e306d3b433,2026-08-01T08:59:56+00:00,1037,138,147,101,11.093,182.20000000000005,34,fit:80de1342a3e9944829ab101957c8eddffd3d18cb805507bed707b0e306d3b433:segment:011,11,17484.0,16364,activities/108_260801060832.csv,1,1,0,0
fit:80de1342a3e9944829ab101957c8eddffd3d18cb805507bed707b0e306d3b433,2026-08-01T08:59:57+00:00,1038,152,147,101,11.132,182.20000000000005,34,fit:80de1342a3e9944829ab101957c8eddffd3d18cb805507bed707b0e306d3b433:segment:011,11,17485.0,16365,activities/108_260801060832.csv,1,1,0,0
fit:80de1342a3e9944829ab101957c8eddffd3d18cb805507bed707b0e306d3b433,2026-08-01T08:59:58+00:00,1039,192,147,100,10.993,182.20000000000005,34,fit:80de1342a3e9944829ab101957c8eddffd3d18cb805507bed707b0e306d3b433:segment:011,11,17486.0,16366,activities/108_260801060832.csv,1,1,0,0
fit:80de1342a3e9944829ab101957c8eddffd3d18cb805507bed707b0e306d3b433,2026-08-01T08:59:59+00:00,1040,137,147,93,10.99,182.20000000000005,34,fit:80de1342a3e9944829ab101957c8eddffd3d18cb805507bed707b0e306d3b433:segment:011,11,17487.0,16367,activities/108_260801060832.csv,1,1,0,0
fit:80de1342a3e9944829ab101957c8eddffd3d18cb805507bed707b0e306d3b433,2026-08-01T09:00:00+00:00,1041,261,147,93,11.026,182.20000000000005,34,fit:80de1342a3e9944829ab101957c8eddffd3d18cb805507bed707b0e306d3b433:segment:011,11,17488.0,16368,activities/108_260801060832.csv,1,1,0,0
fit:80de1342a3e9944829ab101957c8eddffd3d18cb805507bed707b0e306d3b433,2026-08-01T09:00:01+00:00,1042,239,147,88,11.09,182.20000000000005,34,fit:80de1342a3e9944829ab101957c8eddffd3d18cb805507bed707b0e306d3b433:segment:011,11,17489.0,16369,activities/108_260801060832.csv,1,1,0,0
fit:80de1342a3e9944829ab101957c8eddffd3d18cb805507bed707b0e306d3b433,2026-08-01T09:00:02+00:00,1043,219,147,89,11.14,182.20000000000005,34,fit:80de1342a3e9944829ab101957c8eddffd3d18cb805507bed707b0e306d3b433:segment:011,11,17490.0,16370,activities/108_260801060832.csv,1,1,0,0
fit:80de1342a3e9944829ab101957c8eddffd3d18cb805507bed707b0e306d3b433,2026-08-01T09:00:03+00:00,1044,194,147,89,11.202,181.20000000000005,34,fit:80de1342a3e9944829ab101957c8eddffd3d18cb805507bed707b0e306d3b433:segment:011,11,17491.0,16371,activities/108_260801060832.csv,1,1,0,0
fit:80de1342a3e9944829ab101957c8eddffd3d18cb805507bed707b0e306d3b433,2026-08-01T09:00:04+00:00,1045,204,148,89,11.181,181.20000000000005,34,fit:80de1342a3e9944829ab101957c8eddffd3d18cb805507bed707b0e306d3b433:segment:011,11,17492.0,16372,activities/108_260801060832.csv,1,1,0,0
fit:80de1342a3e9944829ab101957c8eddffd3d18cb805507bed707b0e306d3b433,2026-08-01T09:00:05+00:00,1046,212,148,90,11.239,181.20000000000005,34,fit:80de1342a3e9944829ab101957c8eddffd3d18cb805507bed707b0e306d3b433:segment:011,11,17493.0,16373,activities/108_260801060832.csv,1,1,0,0
fit:80de1342a3e9944829ab101957c8eddffd3d18cb805507bed707b0e306d3b433,2026-08-01T09:00:06+00:00,1047,194,149,90,11.25,181.20000000000005,34,fit:80de1342a3e9944829ab101957c8eddffd3d18cb805507bed707b0e306d3b433:segment:011,11,17494.0,16374,activities/108_260801060832.csv,1,1,0,0
fit:80de1342a3e9944829ab101957c8eddffd3d18cb805507bed707b0e306d3b433,2026-08-01T09:00:07+00:00,1048,170,149,91,11.378,181.20000000000005,34,fit:80de1342a3e9944829ab101957c8eddffd3d18cb805507bed707b0e306d3b433:segment:011,11,17495.0,16375,activities/108_260801060832.csv,1,1,0,0
fit:80de1342a3e9944829ab101957c8eddffd3d18cb805507bed707b0e306d3b433,2026-08-01T09:00:08+00:00,1049,186,149,91,11.394,181.60000000000002,34,fit:80de1342a3e9944829ab101957c8eddffd3d18cb805507bed707b0e306d3b433:segment:011,11,17496.0,16376,activities/108_260801060832.csv,1,1,0,0
fit:80de1342a3e9944829ab101957c8eddffd3d18cb805507bed707b0e306d3b433,2026-08-01T09:00:09+00:00,1050,205,150,91,11.467,181.60000000000002,34,fit:80de1342a3e9944829ab101957c8eddffd3d18cb805507bed707b0e306d3b433:segment:011,11,17497.0,16377,activities/108_260801060832.csv,1,1,0,0
fit:80de1342a3e9944829ab101957c8eddffd3d18cb805507bed707b0e306d3b433,2026-08-01T09:00:10+00:00,1051,191,150,91,11.534,181.60000000000002,34,fit:80de1342a3e9944829ab101957c8eddffd3d18cb805507bed707b0e306d3b433:segment:011,11,17498.0,16378,activities/108_260801060832.csv,1,1,0,0
fit:80de1342a3e9944829ab101957c8eddffd3d18cb805507bed707b0e306d3b433,2026-08-01T09:00:11+00:00,1052,219,150,91,11.503,181.60000000000002,34,fit:80de1342a3e9944829ab101957c8eddffd3d18cb805507bed707b0e306d3b433:segment:011,11,17499.0,16379,activities/108_260801060832.csv,1,1,0,0
fit:80de1342a3e9944829ab101957c8eddffd3d18cb805507bed707b0e306d3b433,2026-08-01T09:00:12+00:00,1053,218,150,91,11.449,181.60000000000002,34,fit:80de1342a3e9944829ab101957c8eddffd3d18cb805507bed707b0e306d3b433:segment:011,11,17500.0,16380,activities/108_260801060832.csv,1,1,0,0
fit:80de1342a3e9944829ab101957c8eddffd3d18cb805507bed707b0e306d3b433,2026-08-01T09:00:13+00:00,1054,257,150,91,11.376,181.0,34,fit:80de1342a3e9944829ab101957c8eddffd3d18cb805507bed707b0e306d3b433:segment:011,11,17501.0,16381,activities/108_260801060832.csv,1,1,0,0
fit:80de1342a3e9944829ab101957c8eddffd3d18cb805507bed707b0e306d3b433,2026-08-01T09:00:14+00:00,1055,257,151,91,11.389,180.39999999999998,34,fit:80de1342a3e9944829ab101957c8eddffd3d18cb805507bed707b0e306d3b433:segment:011,11,17502.0,16382,activities/108_260801060832.csv,1,1,0,0
fit:80de1342a3e9944829ab101957c8eddffd3d18cb805507bed707b0e306d3b433,2026-08-01T09:00:15+00:00,1056,260,151,92,11.449,180.0,34,fit:80de1342a3e9944829ab101957c8eddffd3d18cb805507bed707b0e306d3b433:segment:011,11,17503.0,16383,activities/108_260801060832.csv,1,1,0,0
fit:80de1342a3e9944829ab101957c8eddffd3d18cb805507bed707b0e306d3b433,2026-08-01T09:00:16+00:00,1057,190,152,92,11.473,180.0,34,fit:80de1342a3e9944829ab101957c8eddffd3d18cb805507bed707b0e306d3b433:segment:011,11,17504.0,16384,activities/108_260801060832.csv,1,1,0,0
fit:80de1342a3e9944829ab101957c8eddffd3d18cb805507bed707b0e306d3b433,2026-08-01T09:00:17+00:00,1058,190,152,92,11.417,180.0,34,fit:80de1342a3e9944829ab101957c8eddffd3d18cb805507bed707b0e306d3b433:segment:011,11,17505.0,16385,activities/108_260801060832.csv,1,1,0,0
fit:80de1342a3e9944829ab101957c8eddffd3d18cb805507bed707b0e306d3b433,2026-08-01T09:00:18+00:00,1059,201,152,92,11.397,180.0,34,fit:80de1342a3e9944829ab101957c8eddffd3d18cb805507bed707b0e306d3b433:segment:011,11,17506.0,16386,activities/108_260801060832.csv,1,1,0,0
fit:80de1342a3e9944829ab101957c8eddffd3d18cb805507bed707b0e306d3b433,2026-08-01T09:00:19+00:00,1060,196,154,92,11.429,180.0,34,fit:80de1342a3e9944829ab101957c8eddffd3d18cb805507bed707b0e306d3b433:segment:011,11,17507.0,16387,activities/108_260801060832.csv,1,1,0,0
fit:80de1342a3e9944829ab101957c8eddffd3d18cb805507bed707b0e306d3b433,2026-08-01T09:00:20+00:00,1061,212,154,92,11.49,180.0,34,fit:80de1342a3e9944829ab101957c8eddffd3d18cb805507bed707b0e306d3b433:segment:011,11,17508.0,16388,activities/108_260801060832.csv,1,1,0,0
fit:80de1342a3e9944829ab101957c8eddffd3d18cb805507bed707b0e306d3b433,2026-08-01T09:00:21+00:00,1062,224,155,92,11.569,180.0,34,fit:80de1342a3e9944829ab101957c8eddffd3d18cb805507bed707b0e306d3b433:segment:011,11,17509.0,16389,activities/108_260801060832.csv,1,1,0,0
fit:80de1342a3e9944829ab101957c8eddffd3d18cb805507bed707b0e306d3b433,2026-08-01T09:00:22+00:00,1063,228,156,92,11.616,180.0,34,fit:80de1342a3e9944829ab101957c8eddffd3d18cb805507bed707b0e306d3b433:segment:011,11,17510.0,16390,activities/108_260801060832.csv,1,1,0,0
fit:80de1342a3e9944829ab101957c8eddffd3d18cb805507bed707b0e306d3b433,2026-08-01T09:00:23+00:00,1064,260,157,92,11.589,180.0,34,fit:80de1342a3e9944829ab101957c8eddffd3d18cb805507bed707b0e306d3b433:segment:011,11,17511.0,16391,activities/108_260801060832.csv,1,1,0,0
fit:80de1342a3e9944829ab101957c8eddffd3d18cb805507bed707b0e306d3b433,2026-08-01T09:00:24+00:00,1065,223,158,92,11.605,180.0,34,fit:80de1342a3e9944829ab101957c8eddffd3d18cb805507bed707b0e306d3b433:segment:011,11,17512.0,16392,activities/108_260801060832.csv,1,1,0,0
fit:80de1342a3e9944829ab101957c8eddffd3d18cb805507bed707b0e306d3b433,2026-08-01T09:00:25+00:00,1066,223,159,92,11.593,180.0,34,fit:80de1342a3e9944829ab101957c8eddffd3d18cb805507bed707b0e306d3b433:segment:011,11,17513.0,16393,activities/108_260801060832.csv,1,1,0,0
fit:80de1342a3e9944829ab101957c8eddffd3d18cb805507bed707b0e306d3b433,2026-08-01T09:00:26+00:00,1067,202,159,92,11.534,180.20000000000005,34,fit:80de1342a3e9944829ab101957c8eddffd3d18cb805507bed707b0e306d3b433:segment:011,11,17514.0,16394,activities/108_260801060832.csv,1,1,0,0
fit:80de1342a3e9944829ab101957c8eddffd3d18cb805507bed707b0e306d3b433,2026-08-01T09:00:27+00:00,1068,208,160,92,11.538,180.20000000000005,34,fit:80de1342a3e9944829ab101957c8eddffd3d18cb805507bed707b0e306d3b433:segment:011,11,17515.0,16395,activities/108_260801060832.csv,1,1,0,0
fit:80de1342a3e9944829ab101957c8eddffd3d18cb805507bed707b0e306d3b433,2026-08-01T09:00:28+00:00,1069,223,161,92,11.434,180.20000000000005,34,fit:80de1342a3e9944829ab101957c8eddffd3d18cb805507bed707b0e306d3b433:segment:011,11,17516.0,16396,activities/108_260801060832.csv,1,1,0,0
fit:80de1342a3e9944829ab101957c8eddffd3d18cb805507bed707b0e306d3b433,2026-08-01T09:00:29+00:00,1070,223,161,93,11.387,180.20000000000005,34,fit:80de1342a3e9944829ab101957c8eddffd3d18cb805507bed707b0e306d3b433:segment:011,11,17517.0,16397,activities/108_260801060832.csv,1,1,0,0
fit:80de1342a3e9944829ab101957c8eddffd3d18cb805507bed707b0e306d3b433,2026-08-01T09:00:30+00:00,1071,213,161,93,11.44,180.20000000000005,34,fit:80de1342a3e9944829ab101957c8eddffd3d18cb805507bed707b0e306d3b433:segment:011,11,17518.0,16398,activities/108_260801060832.csv,1,1,0,0
fit:80de1342a3e9944829ab101957c8eddffd3d18cb805507bed707b0e306d3b433,2026-08-01T09:00:31+00:00,1072,203,162,92,11.474,180.20000000000005,34,fit:80de1342a3e9944829ab101957c8eddffd3d18cb805507bed707b0e306d3b433:segment:011,11,17519.0,16399,activities/108_260801060832.csv,1,1,0,0
fit:80de1342a3e9944829ab101957c8eddffd3d18cb805507bed707b0e306d3b433,2026-08-01T09:00:32+00:00,1073,199,163,92,11.496,180.20000000000005,34,fit:80de1342a3e9944829ab101957c8eddffd3d18cb805507bed707b0e306d3b433:segment:011,11,17520.0,16400,activities/108_260801060832.csv,1,1,0,0
fit:80de1342a3e9944829ab101957c8eddffd3d18cb805507bed707b0e306d3b433,2026-08-01T09:00:33+00:00,1074,151,163,92,11.546,180.20000000000005,34,fit:80de1342a3e9944829ab101957c8eddffd3d18cb805507bed707b0e306d3b433:segment:011,11,17521.0,16401,activities/108_260801060832.csv,1,1,0,0
fit:80de1342a3e9944829ab101957c8eddffd3d18cb805507bed707b0e306d3b433,2026-08-01T09:00:34+00:00,1075,188,163,92,11.575,180.20000000000005,34,fit:80de1342a3e9944829ab101957c8eddffd3d18cb805507bed707b0e306d3b433:segment:011,11,17522.0,16402,activities/108_260801060832.csv,1,1,0,0
fit:80de1342a3e9944829ab101957c8eddffd3d18cb805507bed707b0e306d3b433,2026-08-01T09:00:35+00:00,1076,188,163,92,11.612,180.20000000000005,34,fit:80de1342a3e9944829ab101957c8eddffd3d18cb805507bed707b0e306d3b433:segment:011,11,17523.0,16403,activities/108_260801060832.csv,1,1,0,0
fit:80de1342a3e9944829ab101957c8eddffd3d18cb805507bed707b0e306d3b433,2026-08-01T09:00:36+00:00,1077,173,164,92,11.623,180.20000000000005,34,fit:80de1342a3e9944829ab101957c8eddffd3d18cb805507bed707b0e306d3b433:segment:011,11,17524.0,16404,activities/108_260801060832.csv,1,1,0,0
fit:80de1342a3e9944829ab101957c8eddffd3d18cb805507bed707b0e306d3b433,2026-08-01T09:00:37+00:00,1078,172,164,92,11.568,180.20000000000005,34,fit:80de1342a3e9944829ab101957c8eddffd3d18cb805507bed707b0e306d3b433:segment:011,11,17525.0,16405,activities/108_260801060832.csv,1,1,0,0
fit:80de1342a3e9944829ab101957c8eddffd3d18cb805507bed707b0e306d3b433,2026-08-01T09:00:38+00:00,1079,191,164,92,11.647,180.39999999999998,34,fit:80de1342a3e9944829ab101957c8eddffd3d18cb805507bed707b0e306d3b433:segment:011,11,17526.0,16406,activities/108_260801060832.csv,1,1,0,0
fit:80de1342a3e9944829ab101957c8eddffd3d18cb805507bed707b0e306d3b433,2026-08-01T09:00:39+00:00,1080,185,164,92,11.537,180.39999999999998,34,fit:80de1342a3e9944829ab101957c8eddffd3d18cb805507bed707b0e306d3b433:segment:011,11,17527.0,16407,activities/108_260801060832.csv,1,1,0,0
fit:80de1342a3e9944829ab101957c8eddffd3d18cb805507bed707b0e306d3b433,2026-08-01T09:00:40+00:00,1081,185,164,92,11.505,180.39999999999998,34,fit:80de1342a3e9944829ab101957c8eddffd3d18cb805507bed707b0e306d3b433:segment:011,11,17528.0,16408,activities/108_260801060832.csv,1,1,0,0
fit:80de1342a3e9944829ab101957c8eddffd3d18cb805507bed707b0e306d3b433,2026-08-01T09:00:41+00:00,1082,174,164,92,11.468,180.39999999999998,34,fit:80de1342a3e9944829ab101957c8eddffd3d18cb805507bed707b0e306d3b433:segment:011,11,17529.0,16409,activities/108_260801060832.csv,1,1,0,0
fit:80de1342a3e9944829ab101957c8eddffd3d18cb805507bed707b0e306d3b433,2026-08-01T09:00:42+00:00,1083,187,164,92,11.536,180.20000000000005,34,fit:80de1342a3e9944829ab101957c8eddffd3d18cb805507bed707b0e306d3b433:segment:011,11,17530.0,16410,activities/108_260801060832.csv,1,1,0,0
fit:80de1342a3e9944829ab101957c8eddffd3d18cb805507bed707b0e306d3b433,2026-08-01T09:00:43+00:00,1084,191,164,92,11.613,180.0,34,fit:80de1342a3e9944829ab101957c8eddffd3d18cb805507bed707b0e306d3b433:segment:011,11,17531.0,16411,activities/108_260801060832.csv,1,1,0,0
fit:80de1342a3e9944829ab101957c8eddffd3d18cb805507bed707b0e306d3b433,2026-08-01T09:00:44+00:00,1085,192,164,92,11.753,179.79999999999995,34,fit:80de1342a3e9944829ab101957c8eddffd3d18cb805507bed707b0e306d3b433:segment:011,11,17532.0,16412,activities/108_260801060832.csv,1,1,0,0
fit:80de1342a3e9944829ab101957c8eddffd3d18cb805507bed707b0e306d3b433,2026-08-01T09:00:45+00:00,1086,208,164,92,11.804,179.79999999999995,34,fit:80de1342a3e9944829ab101957c8eddffd3d18cb805507bed707b0e306d3b433:segment:011,11,17533.0,16413,activities/108_260801060832.csv,1,1,0,0
fit:80de1342a3e9944829ab101957c8eddffd3d18cb805507bed707b0e306d3b433,2026-08-01T09:00:46+00:00,1087,198,164,92,11.808,179.79999999999995,34,fit:80de1342a3e9944829ab101957c8eddffd3d18cb805507bed707b0e306d3b433:segment:011,11,17534.0,16414,activities/108_260801060832.csv,1,1,0,0
fit:80de1342a3e9944829ab101957c8eddffd3d18cb805507bed707b0e306d3b433,2026-08-01T09:00:47+00:00,1088,191,164,92,11.73,179.79999999999995,34,fit:80de1342a3e9944829ab101957c8eddffd3d18cb805507bed707b0e306d3b433:segment:011,11,17535.0,16415,activities/108_260801060832.csv,1,1,0,0
fit:80de1342a3e9944829ab101957c8eddffd3d18cb805507bed707b0e306d3b433,2026-08-01T09:00:48+00:00,1089,195,165,92,11.589,179.79999999999995,34,fit:80de1342a3e9944829ab101957c8eddffd3d18cb805507bed707b0e306d3b433:segment:011,11,17536.0,16416,activities/108_260801060832.csv,1,1,0,0
fit:80de1342a3e9944829ab101957c8eddffd3d18cb805507bed707b0e306d3b433,2026-08-01T09:00:49+00:00,1090,151,165,91,11.563,179.79999999999995,34,fit:80de1342a3e9944829ab101957c8eddffd3d18cb805507bed707b0e306d3b433:segment:011,11,17537.0,16417,activities/108_260801060832.csv,1,1,0,0
fit:80de1342a3e9944829ab101957c8eddffd3d18cb805507bed707b0e306d3b433,2026-08-01T09:00:50+00:00,1091,171,165,90,11.455,179.79999999999995,34,fit:80de1342a3e9944829ab101957c8eddffd3d18cb805507bed707b0e306d3b433:segment:011,11,17538.0,16418,activities/108_260801060832.csv,1,1,0,0
fit:80de1342a3e9944829ab101957c8eddffd3d18cb805507bed707b0e306d3b433,2026-08-01T09:00:51+00:00,1092,112,165,90,11.376,179.79999999999995,34,fit:80de1342a3e9944829ab101957c8eddffd3d18cb805507bed707b0e306d3b433:segment:011,11,17539.0,16419,activities/108_260801060832.csv,1,1,0,0
fit:80de1342a3e9944829ab101957c8eddffd3d18cb805507bed707b0e306d3b433,2026-08-01T09:00:52+00:00,1093,147,165,89,11.361,180.79999999999995,34,fit:80de1342a3e9944829ab101957c8eddffd3d18cb805507bed707b0e306d3b433:segment:011,11,17540.0,16420,activities/108_260801060832.csv,1,1,0,0
fit:80de1342a3e9944829ab101957c8eddffd3d18cb805507bed707b0e306d3b433,2026-08-01T09:00:53+00:00,1094,114,165,87,11.116,180.79999999999995,34,fit:80de1342a3e9944829ab101957c8eddffd3d18cb805507bed707b0e306d3b433:segment:011,11,17541.0,16421,activities/108_260801060832.csv,1,1,0,0
fit:80de1342a3e9944829ab101957c8eddffd3d18cb805507bed707b0e306d3b433,2026-08-01T09:00:54+00:00,1095,114,164,86,10.912,180.79999999999995,34,fit:80de1342a3e9944829ab101957c8eddffd3d18cb805507bed707b0e306d3b433:segment:011,11,17542.0,16422,activities/108_260801060832.csv,1,1,0,0
fit:80de1342a3e9944829ab101957c8eddffd3d18cb805507bed707b0e306d3b433,2026-08-01T09:00:55+00:00,1096,114,164,86,10.568,180.60000000000002,34,fit:80de1342a3e9944829ab101957c8eddffd3d18cb805507bed707b0e306d3b433:segment:011,11,17543.0,16423,activities/108_260801060832.csv,1,1,0,0
fit:80de1342a3e9944829ab101957c8eddffd3d18cb805507bed707b0e306d3b433,2026-08-01T09:00:56+00:00,1097,107,164,41,10.648,179.60000000000002,34,fit:80de1342a3e9944829ab101957c8eddffd3d18cb805507bed707b0e306d3b433:segment:011,11,17544.0,16424,activities/108_260801060832.csv,1,1,0,0
fit:80de1342a3e9944829ab101957c8eddffd3d18cb805507bed707b0e306d3b433,2026-08-01T09:00:57+00:00,1098,310,163,41,10.797,179.60000000000002,34,fit:80de1342a3e9944829ab101957c8eddffd3d18cb805507bed707b0e306d3b433:segment:011,11,17545.0,16425,activities/108_260801060832.csv,1,1,0,0
fit:80de1342a3e9944829ab101957c8eddffd3d18cb805507bed707b0e306d3b433,2026-08-01T09:00:58+00:00,1099,310,163,88,10.876,179.60000000000002,34,fit:80de1342a3e9944829ab101957c8eddffd3d18cb805507bed707b0e306d3b433:segment:011,11,17546.0,16426,activities/108_260801060832.csv,1,1,0,0
fit:80de1342a3e9944829ab101957c8eddffd3d18cb805507bed707b0e306d3b433,2026-08-01T09:00:59+00:00,1100,249,163,90,11.105,179.60000000000002,34,fit:80de1342a3e9944829ab101957c8eddffd3d18cb805507bed707b0e306d3b433:segment:011,11,17547.0,16427,activities/108_260801060832.csv,1,1,0,0
fit:80de1342a3e9944829ab101957c8eddffd3d18cb805507bed707b0e306d3b433,2026-08-01T09:01:00+00:00,1101,234,163,91,11.209,179.60000000000002,34,fit:80de1342a3e9944829ab101957c8eddffd3d18cb805507bed707b0e306d3b433:segment:011,11,17548.0,16428,activities/108_260801060832.csv,1,1,0,0
fit:80de1342a3e9944829ab101957c8eddffd3d18cb805507bed707b0e306d3b433,2026-08-01T09:01:01+00:00,1102,251,163,92,11.316,180.20000000000005,34,fit:80de1342a3e9944829ab101957c8eddffd3d18cb805507bed707b0e306d3b433:segment:011,11,17549.0,16429,activities/108_260801060832.csv,1,1,0,0
fit:80de1342a3e9944829ab101957c8eddffd3d18cb805507bed707b0e306d3b433,2026-08-01T09:01:02+00:00,1103,221,163,92,11.459,180.20000000000005,34,fit:80de1342a3e9944829ab101957c8eddffd3d18cb805507bed707b0e306d3b433:segment:011,11,17550.0,16430,activities/108_260801060832.csv,1,1,0,0
fit:80de1342a3e9944829ab101957c8eddffd3d18cb805507bed707b0e306d3b433,2026-08-01T09:01:03+00:00,1104,250,163,92,11.571,180.20000000000005,34,fit:80de1342a3e9944829ab101957c8eddffd3d18cb805507bed707b0e306d3b433:segment:011,11,17551.0,16431,activities/108_260801060832.csv,1,1,0,0
fit:80de1342a3e9944829ab101957c8eddffd3d18cb805507bed707b0e306d3b433,2026-08-01T09:01:04+00:00,1105,250,163,93,11.638,180.20000000000005,34,fit:80de1342a3e9944829ab101957c8eddffd3d18cb805507bed707b0e306d3b433:segment:011,11,17552.0,16432,activities/108_260801060832.csv,1,1,0,0
fit:80de1342a3e9944829ab101957c8eddffd3d18cb805507bed707b0e306d3b433,2026-08-01T09:01:05+00:00,1106,222,163,94,11.678,180.20000000000005,34,fit:80de1342a3e9944829ab101957c8eddffd3d18cb805507bed707b0e306d3b433:segment:011,11,17553.0,16433,activities/108_260801060832.csv,1,1,0,0
fit:80de1342a3e9944829ab101957c8eddffd3d18cb805507bed707b0e306d3b433,2026-08-01T09:01:06+00:00,1107,210,164,94,11.706,180.20000000000005,34,fit:80de1342a3e9944829ab101957c8eddffd3d18cb805507bed707b0e306d3b433:segment:011,11,17554.0,16434,activities/108_260801060832.csv,1,1,0,0
fit:80de1342a3e9944829ab101957c8eddffd3d18cb805507bed707b0e306d3b433,2026-08-01T09:01:07+00:00,1108,181,164,94,11.699,179.20000000000005,34,fit:80de1342a3e9944829ab101957c8eddffd3d18cb805507bed707b0e306d3b433:segment:011,11,17555.0,16435,activities/108_260801060832.csv,1,1,0,0
fit:80de1342a3e9944829ab101957c8eddffd3d18cb805507bed707b0e306d3b433,2026-08-01T09:01:08+00:00,1109,197,165,93,11.692,179.20000000000005,34,fit:80de1342a3e9944829ab101957c8eddffd3d18cb805507bed707b0e306d3b433:segment:011,11,17556.0,16436,activities/108_260801060832.csv,1,1,0,0
fit:80de1342a3e9944829ab101957c8eddffd3d18cb805507bed707b0e306d3b433,2026-08-01T09:01:09+00:00,1110,177,165,93,11.74,179.20000000000005,34,fit:80de1342a3e9944829ab101957c8eddffd3d18cb805507bed707b0e306d3b433:segment:011,11,17557.0,16437,activities/108_260801060832.csv,1,1,0,0
fit:80de1342a3e9944829ab101957c8eddffd3d18cb805507bed707b0e306d3b433,2026-08-01T09:01:10+00:00,1111,177,165,93,11.753,179.20000000000005,34,fit:80de1342a3e9944829ab101957c8eddffd3d18cb805507bed707b0e306d3b433:segment:011,11,17558.0,16438,activities/108_260801060832.csv,1,1,0,0
fit:80de1342a3e9944829ab101957c8eddffd3d18cb805507bed707b0e306d3b433,2026-08-01T09:01:11+00:00,1112,169,165,93,11.725,179.20000000000005,34,fit:80de1342a3e9944829ab101957c8eddffd3d18cb805507bed707b0e306d3b433:segment:011,11,17559.0,16439,activities/108_260801060832.csv,1,1,0,0
fit:80de1342a3e9944829ab101957c8eddffd3d18cb805507bed707b0e306d3b433,2026-08-01T09:01:12+00:00,1113,183,165,93,11.64,179.20000000000005,34,fit:80de1342a3e9944829ab101957c8eddffd3d18cb805507bed707b0e306d3b433:segment:011,11,17560.0,16440,activities/108_260801060832.csv,1,1,0,0
fit:80de1342a3e9944829ab101957c8eddffd3d18cb805507bed707b0e306d3b433,2026-08-01T09:01:13+00:00,1114,182,165,92,11.588,179.20000000000005,34,fit:80de1342a3e9944829ab101957c8eddffd3d18cb805507bed707b0e306d3b433:segment:011,11,17561.0,16441,activities/108_260801060832.csv,1,1,0,0
fit:80de1342a3e9944829ab101957c8eddffd3d18cb805507bed707b0e306d3b433,2026-08-01T09:01:14+00:00,1115,182,165,93,11.575,179.20000000000005,34,fit:80de1342a3e9944829ab101957c8eddffd3d18cb805507bed707b0e306d3b433:segment:011,11,17562.0,16442,activities/108_260801060832.csv,1,1,0,0
fit:80de1342a3e9944829ab101957c8eddffd3d18cb805507bed707b0e306d3b433,2026-08-01T09:01:15+00:00,1116,160,165,92,11.554,179.20000000000005,34,fit:80de1342a3e9944829ab101957c8eddffd3d18cb805507bed707b0e306d3b433:segment:011,11,17563.0,16443,activities/108_260801060832.csv,1,1,0,0
fit:80de1342a3e9944829ab101957c8eddffd3d18cb805507bed707b0e306d3b433,2026-08-01T09:01:16+00:00,1117,181,165,93,11.582,179.20000000000005,34,fit:80de1342a3e9944829ab101957c8eddffd3d18cb805507bed707b0e306d3b433:segment:011,11,17564.0,16444,activities/108_260801060832.csv,1,1,0,0
fit:80de1342a3e9944829ab101957c8eddffd3d18cb805507bed707b0e306d3b433,2026-08-01T09:01:17+00:00,1118,213,165,93,11.662,179.20000000000005,34,fit:80de1342a3e9944829ab101957c8eddffd3d18cb805507bed707b0e306d3b433:segment:011,11,17565.0,16445,activities/108_260801060832.csv,1,1,0,0
fit:80de1342a3e9944829ab101957c8eddffd3d18cb805507bed707b0e306d3b433,2026-08-01T09:01:18+00:00,1119,178,165,94,11.757,179.20000000000005,34,fit:80de1342a3e9944829ab101957c8eddffd3d18cb805507bed707b0e306d3b433:segment:011,11,17566.0,16446,activities/108_260801060832.csv,1,1,0,0
fit:80de1342a3e9944829ab101957c8eddffd3d18cb805507bed707b0e306d3b433,2026-08-01T09:01:19+00:00,1120,201,164,94,11.762,178.20000000000005,34,fit:80de1342a3e9944829ab101957c8eddffd3d18cb805507bed707b0e306d3b433:segment:011,11,17567.0,16447,activities/108_260801060832.csv,1,1,0,0
fit:80de1342a3e9944829ab101957c8eddffd3d18cb805507bed707b0e306d3b433,2026-08-01T09:01:20+00:00,1121,200,164,94,11.767,178.20000000000005,34,fit:80de1342a3e9944829ab101957c8eddffd3d18cb805507bed707b0e306d3b433:segment:011,11,17568.0,16448,activities/108_260801060832.csv,1,1,0,0
fit:80de1342a3e9944829ab101957c8eddffd3d18cb805507bed707b0e306d3b433,2026-08-01T09:01:21+00:00,1122,171,164,94,11.763,178.20000000000005,34,fit:80de1342a3e9944829ab101957c8eddffd3d18cb805507bed707b0e306d3b433:segment:011,11,17569.0,16449,activities/108_260801060832.csv,1,1,0,0
fit:80de1342a3e9944829ab101957c8eddffd3d18cb805507bed707b0e306d3b433,2026-08-01T09:01:22+00:00,1123,174,164,94,11.776,178.20000000000005,34,fit:80de1342a3e9944829ab101957c8eddffd3d18cb805507bed707b0e306d3b433:segment:011,11,17570.0,16450,activities/108_260801060832.csv,1,1,0,0
fit:80de1342a3e9944829ab101957c8eddffd3d18cb805507bed707b0e306d3b433,2026-08-01T09:01:23+00:00,1124,178,164,95,11.829,178.20000000000005,34,fit:80de1342a3e9944829ab101957c8eddffd3d18cb805507bed707b0e306d3b433:segment:011,11,17571.0,16451,activities/108_260801060832.csv,1,1,0,0
fit:80de1342a3e9944829ab101957c8eddffd3d18cb805507bed707b0e306d3b433,2026-08-01T09:01:24+00:00,1125,204,164,95,11.927,178.0,34,fit:80de1342a3e9944829ab101957c8eddffd3d18cb805507bed707b0e306d3b433:segment:011,11,17572.0,16452,activities/108_260801060832.csv,1,1,0,0
fit:80de1342a3e9944829ab101957c8eddffd3d18cb805507bed707b0e306d3b433,2026-08-01T09:01:25+00:00,1126,223,164,95,11.984,178.0,34,fit:80de1342a3e9944829ab101957c8eddffd3d18cb805507bed707b0e306d3b433:segment:011,11,17573.0,16453,activities/108_260801060832.csv,1,1,0,0
fit:80de1342a3e9944829ab101957c8eddffd3d18cb805507bed707b0e306d3b433,2026-08-01T09:01:26+00:00,1127,203,164,96,11.969,178.0,34,fit:80de1342a3e9944829ab101957c8eddffd3d18cb805507bed707b0e306d3b433:segment:011,11,17574.0,16454,activities/108_260801060832.csv,1,1,0,0
fit:80de1342a3e9944829ab101957c8eddffd3d18cb805507bed707b0e306d3b433,2026-08-01T09:01:27+00:00,1128,164,164,96,11.994,178.0,34,fit:80de1342a3e9944829ab101957c8eddffd3d18cb805507bed707b0e306d3b433:segment:011,11,17575.0,16455,activities/108_260801060832.csv,1,1,0,0
fit:80de1342a3e9944829ab101957c8eddffd3d18cb805507bed707b0e306d3b433,2026-08-01T09:01:28+00:00,1129,182,164,96,12.031,178.0,34,fit:80de1342a3e9944829ab101957c8eddffd3d18cb805507bed707b0e306d3b433:segment:011,11,17576.0,16456,activities/108_260801060832.csv,1,1,0,0
fit:80de1342a3e9944829ab101957c8eddffd3d18cb805507bed707b0e306d3b433,2026-08-01T09:01:29+00:00,1130,208,164,97,12.058,178.0,34,fit:80de1342a3e9944829ab101957c8eddffd3d18cb805507bed707b0e306d3b433:segment:011,11,17577.0,16457,activities/108_260801060832.csv,1,1,0,0
fit:80de1342a3e9944829ab101957c8eddffd3d18cb805507bed707b0e306d3b433,2026-08-01T09:01:30+00:00,1131,190,164,97,12.098,178.39999999999998,34,fit:80de1342a3e9944829ab101957c8eddffd3d18cb805507bed707b0e306d3b433:segment:011,11,17578.0,16458,activities/108_260801060832.csv,1,1,0,0
fit:80de1342a3e9944829ab101957c8eddffd3d18cb805507bed707b0e306d3b433,2026-08-01T09:01:31+00:00,1132,159,163,97,12.132,178.39999999999998,34,fit:80de1342a3e9944829ab101957c8eddffd3d18cb805507bed707b0e306d3b433:segment:011,11,17579.0,16459,activities/108_260801060832.csv,1,1,0,0
fit:80de1342a3e9944829ab101957c8eddffd3d18cb805507bed707b0e306d3b433,2026-08-01T09:01:32+00:00,1133,177,164,98,12.232,178.39999999999998,34,fit:80de1342a3e9944829ab101957c8eddffd3d18cb805507bed707b0e306d3b433:segment:011,11,17580.0,16460,activities/108_260801060832.csv,1,1,0,0
fit:80de1342a3e9944829ab101957c8eddffd3d18cb805507bed707b0e306d3b433,2026-08-01T09:01:33+00:00,1134,191,164,98,12.318,178.39999999999998,34,fit:80de1342a3e9944829ab101957c8eddffd3d18cb805507bed707b0e306d3b433:segment:011,11,17581.0,16461,activities/108_260801060832.csv,1,1,0,0
fit:80de1342a3e9944829ab101957c8eddffd3d18cb805507bed707b0e306d3b433,2026-08-01T09:01:34+00:00,1135,191,164,98,12.263,177.79999999999995,34,fit:80de1342a3e9944829ab101957c8eddffd3d18cb805507bed707b0e306d3b433:segment:011,11,17582.0,16462,activities/108_260801060832.csv,1,1,0,0
fit:80de1342a3e9944829ab101957c8eddffd3d18cb805507bed707b0e306d3b433,2026-08-01T09:01:35+00:00,1136,217,164,98,12.309,176.79999999999995,34,fit:80de1342a3e9944829ab101957c8eddffd3d18cb805507bed707b0e306d3b433:segment:011,11,17583.0,16463,activities/108_260801060832.csv,1,1,0,0
fit:80de1342a3e9944829ab101957c8eddffd3d18cb805507bed707b0e306d3b433,2026-08-01T09:01:36+00:00,1137,154,165,99,12.394,176.79999999999995,34,fit:80de1342a3e9944829ab101957c8eddffd3d18cb805507bed707b0e306d3b433:segment:011,11,17584.0,16464,activities/108_260801060832.csv,1,1,0,0
fit:80de1342a3e9944829ab101957c8eddffd3d18cb805507bed707b0e306d3b433,2026-08-01T09:01:37+00:00,1138,158,164,99,12.36,176.79999999999995,34,fit:80de1342a3e9944829ab101957c8eddffd3d18cb805507bed707b0e306d3b433:segment:011,11,17585.0,16465,activities/108_260801060832.csv,1,1,0,0
fit:80de1342a3e9944829ab101957c8eddffd3d18cb805507bed707b0e306d3b433,2026-08-01T09:01:38+00:00,1139,174,164,99,12.363,177.20000000000005,34,fit:80de1342a3e9944829ab101957c8eddffd3d18cb805507bed707b0e306d3b433:segment:011,11,17586.0,16466,activities/108_260801060832.csv,1,1,0,0
fit:80de1342a3e9944829ab101957c8eddffd3d18cb805507bed707b0e306d3b433,2026-08-01T09:01:39+00:00,1140,174,164,99,12.469,177.20000000000005,34,fit:80de1342a3e9944829ab101957c8eddffd3d18cb805507bed707b0e306d3b433:segment:011,11,17587.0,16467,activities/108_260801060832.csv,1,1,0,0
fit:80de1342a3e9944829ab101957c8eddffd3d18cb805507bed707b0e306d3b433,2026-08-01T09:01:40+00:00,1141,164,164,99,12.379,177.20000000000005,34,fit:80de1342a3e9944829ab101957c8eddffd3d18cb805507bed707b0e306d3b433:segment:011,11,17588.0,16468,activities/108_260801060832.csv,1,1,0,0
fit:80de1342a3e9944829ab101957c8eddffd3d18cb805507bed707b0e306d3b433,2026-08-01T09:01:41+00:00,1142,177,164,99,12.345,177.20000000000005,34,fit:80de1342a3e9944829ab101957c8eddffd3d18cb805507bed707b0e306d3b433:segment:011,11,17589.0,16469,activities/108_260801060832.csv,1,1,0,0
fit:80de1342a3e9944829ab101957c8eddffd3d18cb805507bed707b0e306d3b433,2026-08-01T09:01:42+00:00,1143,205,164,99,12.393,177.20000000000005,34,fit:80de1342a3e9944829ab101957c8eddffd3d18cb805507bed707b0e306d3b433:segment:011,11,17590.0,16470,activities/108_260801060832.csv,1,1,0,0
fit:80de1342a3e9944829ab101957c8eddffd3d18cb805507bed707b0e306d3b433,2026-08-01T09:01:43+00:00,1144,193,163,99,12.403,177.20000000000005,34,fit:80de1342a3e9944829ab101957c8eddffd3d18cb805507bed707b0e306d3b433:segment:011,11,17591.0,16471,activities/108_260801060832.csv,1,1,0,0
fit:80de1342a3e9944829ab101957c8eddffd3d18cb805507bed707b0e306d3b433,2026-08-01T09:01:44+00:00,1145,183,163,99,12.387,177.39999999999998,34,fit:80de1342a3e9944829ab101957c8eddffd3d18cb805507bed707b0e306d3b433:segment:011,11,17592.0,16472,activities/108_260801060832.csv,1,1,0,0
fit:80de1342a3e9944829ab101957c8eddffd3d18cb805507bed707b0e306d3b433,2026-08-01T09:01:45+00:00,1146,188,162,99,12.502,177.39999999999998,34,fit:80de1342a3e9944829ab101957c8eddffd3d18cb805507bed707b0e306d3b433:segment:011,11,17593.0,16473,activities/108_260801060832.csv,1,1,0,0
fit:80de1342a3e9944829ab101957c8eddffd3d18cb805507bed707b0e306d3b433,2026-08-01T09:01:46+00:00,1147,180,162,99,12.496,177.39999999999998,34,fit:80de1342a3e9944829ab101957c8eddffd3d18cb805507bed707b0e306d3b433:segment:011,11,17594.0,16474,activities/108_260801060832.csv,1,1,0,0
fit:80de1342a3e9944829ab101957c8eddffd3d18cb805507bed707b0e306d3b433,2026-08-01T09:01:47+00:00,1148,202,162,99,12.45,176.39999999999998,34,fit:80de1342a3e9944829ab101957c8eddffd3d18cb805507bed707b0e306d3b433:segment:011,11,17595.0,16475,activities/108_260801060832.csv,1,1,0,0
fit:80de1342a3e9944829ab101957c8eddffd3d18cb805507bed707b0e306d3b433,2026-08-01T09:01:48+00:00,1149,186,163,99,12.517,176.39999999999998,34,fit:80de1342a3e9944829ab101957c8eddffd3d18cb805507bed707b0e306d3b433:segment:011,11,17596.0,16476,activities/108_260801060832.csv,1,1,0,0
fit:80de1342a3e9944829ab101957c8eddffd3d18cb805507bed707b0e306d3b433,2026-08-01T09:01:49+00:00,1150,169,163,100,12.472,176.39999999999998,34,fit:80de1342a3e9944829ab101957c8eddffd3d18cb805507bed707b0e306d3b433:segment:011,11,17597.0,16477,activities/108_260801060832.csv,1,1,0,0
fit:80de1342a3e9944829ab101957c8eddffd3d18cb805507bed707b0e306d3b433,2026-08-01T09:01:50+00:00,1151,171,163,100,12.458,176.60000000000002,34,fit:80de1342a3e9944829ab101957c8eddffd3d18cb805507bed707b0e306d3b433:segment:011,11,17598.0,16478,activities/108_260801060832.csv,1,1,0,0
fit:80de1342a3e9944829ab101957c8eddffd3d18cb805507bed707b0e306d3b433,2026-08-01T09:01:51+00:00,1152,157,163,99,12.563,176.79999999999995,34,fit:80de1342a3e9944829ab101957c8eddffd3d18cb805507bed707b0e306d3b433:segment:011,11,17599.0,16479,activities/108_260801060832.csv,1,1,0,0
fit:80de1342a3e9944829ab101957c8eddffd3d18cb805507bed707b0e306d3b433,2026-08-01T09:01:52+00:00,1153,156,164,100,12.477,176.79999999999995,34,fit:80de1342a3e9944829ab101957c8eddffd3d18cb805507bed707b0e306d3b433:segment:011,11,17600.0,16480,activities/108_260801060832.csv,1,1,0,0
fit:80de1342a3e9944829ab101957c8eddffd3d18cb805507bed707b0e306d3b433,2026-08-01T09:01:53+00:00,1154,164,164,99,12.434,176.79999999999995,34,fit:80de1342a3e9944829ab101957c8eddffd3d18cb805507bed707b0e306d3b433:segment:011,11,17601.0,16481,activities/108_260801060832.csv,1,1,0,0
fit:80de1342a3e9944829ab101957c8eddffd3d18cb805507bed707b0e306d3b433,2026-08-01T09:01:54+00:00,1155,161,164,99,12.47,176.79999999999995,34,fit:80de1342a3e9944829ab101957c8eddffd3d18cb805507bed707b0e306d3b433:segment:011,11,17602.0,16482,activities/108_260801060832.csv,1,1,0,0
fit:80de1342a3e9944829ab101957c8eddffd3d18cb805507bed707b0e306d3b433,2026-08-01T09:01:55+00:00,1156,158,164,99,12.414,176.79999999999995,34,fit:80de1342a3e9944829ab101957c8eddffd3d18cb805507bed707b0e306d3b433:segment:011,11,17603.0,16483,activities/108_260801060832.csv,1,1,0,0
fit:80de1342a3e9944829ab101957c8eddffd3d18cb805507bed707b0e306d3b433,2026-08-01T09:01:56+00:00,1157,135,164,99,12.367,176.20000000000005,34,fit:80de1342a3e9944829ab101957c8eddffd3d18cb805507bed707b0e306d3b433:segment:011,11,17604.0,16484,activities/108_260801060832.csv,1,1,0,0
fit:80de1342a3e9944829ab101957c8eddffd3d18cb805507bed707b0e306d3b433,2026-08-01T09:01:57+00:00,1158,138,164,98,12.445,176.20000000000005,34,fit:80de1342a3e9944829ab101957c8eddffd3d18cb805507bed707b0e306d3b433:segment:011,11,17605.0,16485,activities/108_260801060832.csv,1,1,0,0
fit:80de1342a3e9944829ab101957c8eddffd3d18cb805507bed707b0e306d3b433,2026-08-01T09:01:58+00:00,1159,162,164,98,12.447,176.20000000000005,34,fit:80de1342a3e9944829ab101957c8eddffd3d18cb805507bed707b0e306d3b433:segment:011,11,17606.0,16486,activities/108_260801060832.csv,1,1,0,0
fit:80de1342a3e9944829ab101957c8eddffd3d18cb805507bed707b0e306d3b433,2026-08-01T09:01:59+00:00,1160,163,164,99,12.342,177.20000000000005,34,fit:80de1342a3e9944829ab101957c8eddffd3d18cb805507bed707b0e306d3b433:segment:011,11,17607.0,16487,activities/108_260801060832.csv,1,1,0,0
fit:80de1342a3e9944829ab101957c8eddffd3d18cb805507bed707b0e306d3b433,2026-08-01T09:02:00+00:00,1161,161,164,100,12.44,177.39999999999998,34,fit:80de1342a3e9944829ab101957c8eddffd3d18cb805507bed707b0e306d3b433:segment:011,11,17608.0,16488,activities/108_260801060832.csv,1,1,0,0
fit:80de1342a3e9944829ab101957c8eddffd3d18cb805507bed707b0e306d3b433,2026-08-01T09:02:01+00:00,1162,151,163,100,12.518,177.39999999999998,34,fit:80de1342a3e9944829ab101957c8eddffd3d18cb805507bed707b0e306d3b433:segment:011,11,17609.0,16489,activities/108_260801060832.csv,1,1,0,0
fit:80de1342a3e9944829ab101957c8eddffd3d18cb805507bed707b0e306d3b433,2026-08-01T09:02:02+00:00,1163,127,163,100,12.529,177.39999999999998,34,fit:80de1342a3e9944829ab101957c8eddffd3d18cb805507bed707b0e306d3b433:segment:011,11,17610.0,16490,activities/108_260801060832.csv,1,1,0,0
fit:80de1342a3e9944829ab101957c8eddffd3d18cb805507bed707b0e306d3b433,2026-08-01T09:02:03+00:00,1164,128,163,101,12.668,176.60000000000002,34,fit:80de1342a3e9944829ab101957c8eddffd3d18cb805507bed707b0e306d3b433:segment:011,11,17611.0,16491,activities/108_260801060832.csv,1,1,0,0
fit:80de1342a3e9944829ab101957c8eddffd3d18cb805507bed707b0e306d3b433,2026-08-01T09:02:04+00:00,1165,119,163,101,12.562,175.60000000000002,34,fit:80de1342a3e9944829ab101957c8eddffd3d18cb805507bed707b0e306d3b433:segment:011,11,17612.0,16492,activities/108_260801060832.csv,1,1,0,0
fit:80de1342a3e9944829ab101957c8eddffd3d18cb805507bed707b0e306d3b433,2026-08-01T09:02:05+00:00,1166,99,163,100,12.555,175.60000000000002,34,fit:80de1342a3e9944829ab101957c8eddffd3d18cb805507bed707b0e306d3b433:segment:011,11,17613.0,16493,activities/108_260801060832.csv,1,1,0,0
fit:80de1342a3e9944829ab101957c8eddffd3d18cb805507bed707b0e306d3b433,2026-08-01T09:02:06+00:00,1167,118,163,100,12.6,175.60000000000002,34,fit:80de1342a3e9944829ab101957c8eddffd3d18cb805507bed707b0e306d3b433:segment:011,11,17614.0,16494,activities/108_260801060832.csv,1,1,0,0
fit:80de1342a3e9944829ab101957c8eddffd3d18cb805507bed707b0e306d3b433,2026-08-01T09:02:07+00:00,1168,134,162,100,12.493,175.60000000000002,34,fit:80de1342a3e9944829ab101957c8eddffd3d18cb805507bed707b0e306d3b433:segment:011,11,17615.0,16495,activities/108_260801060832.csv,1,1,0,0
fit:80de1342a3e9944829ab101957c8eddffd3d18cb805507bed707b0e306d3b433,2026-08-01T09:02:08+00:00,1169,134,162,99,12.454,175.60000000000002,34,fit:80de1342a3e9944829ab101957c8eddffd3d18cb805507bed707b0e306d3b433:segment:011,11,17616.0,16496,activities/108_260801060832.csv,1,1,0,0
fit:80de1342a3e9944829ab101957c8eddffd3d18cb805507bed707b0e306d3b433,2026-08-01T09:02:09+00:00,1170,120,162,98,12.466,175.60000000000002,34,fit:80de1342a3e9944829ab101957c8eddffd3d18cb805507bed707b0e306d3b433:segment:011,11,17617.0,16497,activities/108_260801060832.csv,1,1,0,0
fit:80de1342a3e9944829ab101957c8eddffd3d18cb805507bed707b0e306d3b433,2026-08-01T09:02:10+00:00,1171,120,160,98,12.405,175.60000000000002,34,fit:80de1342a3e9944829ab101957c8eddffd3d18cb805507bed707b0e306d3b433:segment:011,11,17618.0,16498,activities/108_260801060832.csv,1,1,0,0
fit:80de1342a3e9944829ab101957c8eddffd3d18cb805507bed707b0e306d3b433,2026-08-01T09:02:11+00:00,1172,139,159,97,12.337,176.39999999999998,34,fit:80de1342a3e9944829ab101957c8eddffd3d18cb805507bed707b0e306d3b433:segment:011,11,17619.0,16499,activities/108_260801060832.csv,1,1,0,0
fit:80de1342a3e9944829ab101957c8eddffd3d18cb805507bed707b0e306d3b433,2026-08-01T09:02:12+00:00,1173,149,158,97,12.337,176.39999999999998,34,fit:80de1342a3e9944829ab101957c8eddffd3d18cb805507bed707b0e306d3b433:segment:011,11,17620.0,16500,activities/108_260801060832.csv,1,1,0,0
fit:80de1342a3e9944829ab101957c8eddffd3d18cb805507bed707b0e306d3b433,2026-08-01T09:02:13+00:00,1174,150,157,97,12.295,176.39999999999998,34,fit:80de1342a3e9944829ab101957c8eddffd3d18cb805507bed707b0e306d3b433:segment:011,11,17621.0,16501,activities/108_260801060832.csv,1,1,0,0
fit:80de1342a3e9944829ab101957c8eddffd3d18cb805507bed707b0e306d3b433,2026-08-01T09:02:14+00:00,1175,140,157,96,12.172,175.39999999999998,34,fit:80de1342a3e9944829ab101957c8eddffd3d18cb805507bed707b0e306d3b433:segment:011,11,17622.0,16502,activities/108_260801060832.csv,1,1,0,0
fit:80de1342a3e9944829ab101957c8eddffd3d18cb805507bed707b0e306d3b433,2026-08-01T09:02:15+00:00,1176,133,157,96,12.104,175.0,34,fit:80de1342a3e9944829ab101957c8eddffd3d18cb805507bed707b0e306d3b433:segment:011,11,17623.0,16503,activities/108_260801060832.csv,1,1,0,0
fit:80de1342a3e9944829ab101957c8eddffd3d18cb805507bed707b0e306d3b433,2026-08-01T09:02:16+00:00,1177,170,157,96,12.094,175.0,34,fit:80de1342a3e9944829ab101957c8eddffd3d18cb805507bed707b0e306d3b433:segment:011,11,17624.0,16504,activities/108_260801060832.csv,1,1,0,0
fit:80de1342a3e9944829ab101957c8eddffd3d18cb805507bed707b0e306d3b433,2026-08-01T09:02:17+00:00,1178,170,156,95,12.039,175.0,34,fit:80de1342a3e9944829ab101957c8eddffd3d18cb805507bed707b0e306d3b433:segment:011,11,17625.0,16505,activities/108_260801060832.csv,1,1,0,0
fit:80de1342a3e9944829ab101957c8eddffd3d18cb805507bed707b0e306d3b433,2026-08-01T09:02:18+00:00,1179,167,156,95,11.934,175.39999999999998,34,fit:80de1342a3e9944829ab101957c8eddffd3d18cb805507bed707b0e306d3b433:segment:011,11,17626.0,16506,activities/108_260801060832.csv,1,1,0,0
fit:80de1342a3e9944829ab101957c8eddffd3d18cb805507bed707b0e306d3b433,2026-08-01T09:02:19+00:00,1180,168,155,95,11.863,175.39999999999998,34,fit:80de1342a3e9944829ab101957c8eddffd3d18cb805507bed707b0e306d3b433:segment:011,11,17627.0,16507,activities/108_260801060832.csv,1,1,0,0
fit:80de1342a3e9944829ab101957c8eddffd3d18cb805507bed707b0e306d3b433,2026-08-01T09:02:20+00:00,1181,161,155,94,11.915,175.39999999999998,34,fit:80de1342a3e9944829ab101957c8eddffd3d18cb805507bed707b0e306d3b433:segment:011,11,17628.0,16508,activities/108_260801060832.csv,1,1,0,0
fit:80de1342a3e9944829ab101957c8eddffd3d18cb805507bed707b0e306d3b433,2026-08-01T09:02:21+00:00,1182,156,154,94,11.856,175.39999999999998,34,fit:80de1342a3e9944829ab101957c8eddffd3d18cb805507bed707b0e306d3b433:segment:011,11,17629.0,16509,activities/108_260801060832.csv,1,1,0,0
fit:80de1342a3e9944829ab101957c8eddffd3d18cb805507bed707b0e306d3b433,2026-08-01T09:02:22+00:00,1183,143,154,94,11.879,175.39999999999998,34,fit:80de1342a3e9944829ab101957c8eddffd3d18cb805507bed707b0e306d3b433:segment:011,11,17630.0,16510,activities/108_260801060832.csv,1,1,0,0
fit:80de1342a3e9944829ab101957c8eddffd3d18cb805507bed707b0e306d3b433,2026-08-01T09:02:23+00:00,1184,129,153,94,11.9,175.39999999999998,34,fit:80de1342a3e9944829ab101957c8eddffd3d18cb805507bed707b0e306d3b433:segment:011,11,17631.0,16511,activities/108_260801060832.csv,1,1,0,0
fit:80de1342a3e9944829ab101957c8eddffd3d18cb805507bed707b0e306d3b433,2026-08-01T09:02:24+00:00,1185,129,153,95,11.869,175.79999999999995,34,fit:80de1342a3e9944829ab101957c8eddffd3d18cb805507bed707b0e306d3b433:segment:011,11,17632.0,16512,activities/108_260801060832.csv,1,1,0,0
fit:80de1342a3e9944829ab101957c8eddffd3d18cb805507bed707b0e306d3b433,2026-08-01T09:02:25+00:00,1186,167,153,95,11.857,175.79999999999995,34,fit:80de1342a3e9944829ab101957c8eddffd3d18cb805507bed707b0e306d3b433:segment:011,11,17633.0,16513,activities/108_260801060832.csv,1,1,0,0
fit:80de1342a3e9944829ab101957c8eddffd3d18cb805507bed707b0e306d3b433,2026-08-01T09:02:26+00:00,1187,162,153,95,11.847,175.79999999999995,34,fit:80de1342a3e9944829ab101957c8eddffd3d18cb805507bed707b0e306d3b433:segment:011,11,17634.0,16514,activities/108_260801060832.csv,1,1,0,0
fit:80de1342a3e9944829ab101957c8eddffd3d18cb805507bed707b0e306d3b433,2026-08-01T09:02:27+00:00,1188,168,153,95,11.924,175.79999999999995,34,fit:80de1342a3e9944829ab101957c8eddffd3d18cb805507bed707b0e306d3b433:segment:011,11,17635.0,16515,activities/108_260801060832.csv,1,1,0,0
fit:80de1342a3e9944829ab101957c8eddffd3d18cb805507bed707b0e306d3b433,2026-08-01T09:02:28+00:00,1189,168,153,96,11.962,176.60000000000002,34,fit:80de1342a3e9944829ab101957c8eddffd3d18cb805507bed707b0e306d3b433:segment:011,11,17636.0,16516,activities/108_260801060832.csv,1,1,0,0
fit:80de1342a3e9944829ab101957c8eddffd3d18cb805507bed707b0e306d3b433,2026-08-01T09:02:29+00:00,1190,167,153,96,11.952,176.60000000000002,34,fit:80de1342a3e9944829ab101957c8eddffd3d18cb805507bed707b0e306d3b433:segment:011,11,17637.0,16517,activities/108_260801060832.csv,1,1,0,0
fit:80de1342a3e9944829ab101957c8eddffd3d18cb805507bed707b0e306d3b433,2026-08-01T09:02:30+00:00,1191,145,153,96,11.931,176.60000000000002,34,fit:80de1342a3e9944829ab101957c8eddffd3d18cb805507bed707b0e306d3b433:segment:011,11,17638.0,16518,activities/108_260801060832.csv,1,1,0,0
fit:80de1342a3e9944829ab101957c8eddffd3d18cb805507bed707b0e306d3b433,2026-08-01T09:02:31+00:00,1192,169,154,96,11.968,176.20000000000005,34,fit:80de1342a3e9944829ab101957c8eddffd3d18cb805507bed707b0e306d3b433:segment:011,11,17639.0,16519,activities/108_260801060832.csv,1,1,0,0
fit:80de1342a3e9944829ab101957c8eddffd3d18cb805507bed707b0e306d3b433,2026-08-01T09:02:32+00:00,1193,167,154,96,12.06,176.0,34,fit:80de1342a3e9944829ab101957c8eddffd3d18cb805507bed707b0e306d3b433:segment:011,11,17640.0,16520,activities/108_260801060832.csv,1,1,0,0
fit:80de1342a3e9944829ab101957c8eddffd3d18cb805507bed707b0e306d3b433,2026-08-01T09:02:33+00:00,1194,161,154,97,12.077,176.0,34,fit:80de1342a3e9944829ab101957c8eddffd3d18cb805507bed707b0e306d3b433:segment:011,11,17641.0,16521,activities/108_260801060832.csv,1,1,0,0
fit:80de1342a3e9944829ab101957c8eddffd3d18cb805507bed707b0e306d3b433,2026-08-01T09:02:34+00:00,1195,161,155,97,12.114,176.0,34,fit:80de1342a3e9944829ab101957c8eddffd3d18cb805507bed707b0e306d3b433:segment:011,11,17642.0,16522,activities/108_260801060832.csv,1,1,0,0
fit:80de1342a3e9944829ab101957c8eddffd3d18cb805507bed707b0e306d3b433,2026-08-01T09:02:35+00:00,1196,153,155,98,12.161,176.0,34,fit:80de1342a3e9944829ab101957c8eddffd3d18cb805507bed707b0e306d3b433:segment:011,11,17643.0,16523,activities/108_260801060832.csv,1,1,0,0
fit:80de1342a3e9944829ab101957c8eddffd3d18cb805507bed707b0e306d3b433,2026-08-01T09:02:36+00:00,1197,143,156,98,12.289,176.0,34,fit:80de1342a3e9944829ab101957c8eddffd3d18cb805507bed707b0e306d3b433:segment:011,11,17644.0,16524,activities/108_260801060832.csv,1,1,0,0
fit:80de1342a3e9944829ab101957c8eddffd3d18cb805507bed707b0e306d3b433,2026-08-01T09:02:37+00:00,1198,162,156,98,12.3,175.0,34,fit:80de1342a3e9944829ab101957c8eddffd3d18cb805507bed707b0e306d3b433:segment:011,11,17645.0,16525,activities/108_260801060832.csv,1,1,0,0
fit:80de1342a3e9944829ab101957c8eddffd3d18cb805507bed707b0e306d3b433,2026-08-01T09:02:38+00:00,1199,163,156,98,12.228,174.79999999999995,34,fit:80de1342a3e9944829ab101957c8eddffd3d18cb805507bed707b0e306d3b433:segment:011,11,17646.0,16526,activities/108_260801060832.csv,1,1,0,0
fit:80de1342a3e9944829ab101957c8eddffd3d18cb805507bed707b0e306d3b433,2026-08-01T09:02:39+00:00,1200,168,156,98,12.311,174.79999999999995,34,fit:80de1342a3e9944829ab101957c8eddffd3d18cb805507bed707b0e306d3b433:segment:011,11,17647.0,16527,activities/108_260801060832.csv,1,1,0,0
fit:80de1342a3e9944829ab101957c8eddffd3d18cb805507bed707b0e306d3b433,2026-08-01T09:02:40+00:00,1201,157,157,97,12.277,174.60000000000002,34,fit:80de1342a3e9944829ab101957c8eddffd3d18cb805507bed707b0e306d3b433:segment:011,11,17648.0,16528,activities/108_260801060832.csv,1,1,0,0
fit:80de1342a3e9944829ab101957c8eddffd3d18cb805507bed707b0e306d3b433,2026-08-01T09:02:41+00:00,1202,171,157,97,12.172,174.60000000000002,34,fit:80de1342a3e9944829ab101957c8eddffd3d18cb805507bed707b0e306d3b433:segment:011,11,17649.0,16529,activities/108_260801060832.csv,1,1,0,0
fit:80de1342a3e9944829ab101957c8eddffd3d18cb805507bed707b0e306d3b433,2026-08-01T09:02:42+00:00,1203,171,157,97,12.143,174.60000000000002,34,fit:80de1342a3e9944829ab101957c8eddffd3d18cb805507bed707b0e306d3b433:segment:011,11,17650.0,16530,activities/108_260801060832.csv,1,1,0,0
fit:80de1342a3e9944829ab101957c8eddffd3d18cb805507bed707b0e306d3b433,2026-08-01T09:02:43+00:00,1204,165,157,97,12.215,174.79999999999995,34,fit:80de1342a3e9944829ab101957c8eddffd3d18cb805507bed707b0e306d3b433:segment:011,11,17651.0,16531,activities/108_260801060832.csv,1,1,0,0
fit:80de1342a3e9944829ab101957c8eddffd3d18cb805507bed707b0e306d3b433,2026-08-01T09:02:44+00:00,1205,165,156,97,12.164,175.20000000000005,34,fit:80de1342a3e9944829ab101957c8eddffd3d18cb805507bed707b0e306d3b433:segment:011,11,17652.0,16532,activities/108_260801060832.csv,1,1,0,0
fit:80de1342a3e9944829ab101957c8eddffd3d18cb805507bed707b0e306d3b433,2026-08-01T09:02:45+00:00,1206,163,156,97,12.079,175.20000000000005,34,fit:80de1342a3e9944829ab101957c8eddffd3d18cb805507bed707b0e306d3b433:segment:011,11,17653.0,16533,activities/108_260801060832.csv,1,1,0,0
fit:80de1342a3e9944829ab101957c8eddffd3d18cb805507bed707b0e306d3b433,2026-08-01T09:02:46+00:00,1207,180,156,97,12.062,175.20000000000005,34,fit:80de1342a3e9944829ab101957c8eddffd3d18cb805507bed707b0e306d3b433:segment:011,11,17654.0,16534,activities/108_260801060832.csv,1,1,0,0
fit:80de1342a3e9944829ab101957c8eddffd3d18cb805507bed707b0e306d3b433,2026-08-01T09:02:47+00:00,1208,187,156,97,12.165,175.20000000000005,34,fit:80de1342a3e9944829ab101957c8eddffd3d18cb805507bed707b0e306d3b433:segment:011,11,17655.0,16535,activities/108_260801060832.csv,1,1,0,0
fit:80de1342a3e9944829ab101957c8eddffd3d18cb805507bed707b0e306d3b433,2026-08-01T09:02:48+00:00,1209,185,157,97,12.206,175.20000000000005,34,fit:80de1342a3e9944829ab101957c8eddffd3d18cb805507bed707b0e306d3b433:segment:011,11,17656.0,16536,activities/108_260801060832.csv,1,1,0,0
fit:80de1342a3e9944829ab101957c8eddffd3d18cb805507bed707b0e306d3b433,2026-08-01T09:02:49+00:00,1210,185,157,97,12.108,175.20000000000005,34,fit:80de1342a3e9944829ab101957c8eddffd3d18cb805507bed707b0e306d3b433:segment:011,11,17657.0,16537,activities/108_260801060832.csv,1,1,0,0
fit:80de1342a3e9944829ab101957c8eddffd3d18cb805507bed707b0e306d3b433,2026-08-01T09:02:50+00:00,1211,185,157,97,12.177,175.20000000000005,34,fit:80de1342a3e9944829ab101957c8eddffd3d18cb805507bed707b0e306d3b433:segment:011,11,17658.0,16538,activities/108_260801060832.csv,1,1,0,0
fit:80de1342a3e9944829ab101957c8eddffd3d18cb805507bed707b0e306d3b433,2026-08-01T09:02:51+00:00,1212,163,157,97,12.248,175.20000000000005,34,fit:80de1342a3e9944829ab101957c8eddffd3d18cb805507bed707b0e306d3b433:segment:011,11,17659.0,16539,activities/108_260801060832.csv,1,1,0,0
fit:80de1342a3e9944829ab101957c8eddffd3d18cb805507bed707b0e306d3b433,2026-08-01T09:02:52+00:00,1213,172,157,97,12.197,175.20000000000005,34,fit:80de1342a3e9944829ab101957c8eddffd3d18cb805507bed707b0e306d3b433:segment:011,11,17660.0,16540,activities/108_260801060832.csv,1,1,0,0
fit:80de1342a3e9944829ab101957c8eddffd3d18cb805507bed707b0e306d3b433,2026-08-01T09:02:53+00:00,1214,172,157,97,12.165,175.20000000000005,34,fit:80de1342a3e9944829ab101957c8eddffd3d18cb805507bed707b0e306d3b433:segment:011,11,17661.0,16541,activities/108_260801060832.csv,1,1,0,0
fit:80de1342a3e9944829ab101957c8eddffd3d18cb805507bed707b0e306d3b433,2026-08-01T09:02:54+00:00,1215,190,157,98,12.238,175.20000000000005,34,fit:80de1342a3e9944829ab101957c8eddffd3d18cb805507bed707b0e306d3b433:segment:011,11,17662.0,16542,activities/108_260801060832.csv,1,1,0,0
fit:80de1342a3e9944829ab101957c8eddffd3d18cb805507bed707b0e306d3b433,2026-08-01T09:02:55+00:00,1216,190,157,98,12.306,175.20000000000005,34,fit:80de1342a3e9944829ab101957c8eddffd3d18cb805507bed707b0e306d3b433:segment:011,11,17663.0,16543,activities/108_260801060832.csv,1,1,0,0
fit:80de1342a3e9944829ab101957c8eddffd3d18cb805507bed707b0e306d3b433,2026-08-01T09:02:56+00:00,1217,184,157,98,12.293,175.20000000000005,34,fit:80de1342a3e9944829ab101957c8eddffd3d18cb805507bed707b0e306d3b433:segment:011,11,17664.0,16544,activities/108_260801060832.csv,1,1,0,0
fit:80de1342a3e9944829ab101957c8eddffd3d18cb805507bed707b0e306d3b433,2026-08-01T09:02:57+00:00,1218,163,158,99,12.379,175.20000000000005,34,fit:80de1342a3e9944829ab101957c8eddffd3d18cb805507bed707b0e306d3b433:segment:011,11,17665.0,16545,activities/108_260801060832.csv,1,1,0,0
fit:80de1342a3e9944829ab101957c8eddffd3d18cb805507bed707b0e306d3b433,2026-08-01T09:02:58+00:00,1219,163,158,99,12.422,175.20000000000005,34,fit:80de1342a3e9944829ab101957c8eddffd3d18cb805507bed707b0e306d3b433:segment:011,11,17666.0,16546,activities/108_260801060832.csv,1,1,0,0
fit:80de1342a3e9944829ab101957c8eddffd3d18cb805507bed707b0e306d3b433,2026-08-01T09:02:59+00:00,1220,163,158,99,12.428,175.20000000000005,34,fit:80de1342a3e9944829ab101957c8eddffd3d18cb805507bed707b0e306d3b433:segment:011,11,17667.0,16547,activities/108_260801060832.csv,1,1,0,0
fit:80de1342a3e9944829ab101957c8eddffd3d18cb805507bed707b0e306d3b433,2026-08-01T09:03:00+00:00,1221,154,159,99,12.444,175.20000000000005,34,fit:80de1342a3e9944829ab101957c8eddffd3d18cb805507bed707b0e306d3b433:segment:011,11,17668.0,16548,activities/108_260801060832.csv,1,1,0,0
fit:80de1342a3e9944829ab101957c8eddffd3d18cb805507bed707b0e306d3b433,2026-08-01T09:03:01+00:00,1222,152,159,99,12.49,174.20000000000005,34,fit:80de1342a3e9944829ab101957c8eddffd3d18cb805507bed707b0e306d3b433:segment:011,11,17669.0,16549,activities/108_260801060832.csv,1,1,0,0
fit:80de1342a3e9944829ab101957c8eddffd3d18cb805507bed707b0e306d3b433,2026-08-01T09:03:02+00:00,1223,164,160,99,12.448,173.20000000000005,34,fit:80de1342a3e9944829ab101957c8eddffd3d18cb805507bed707b0e306d3b433:segment:011,11,17670.0,16550,activities/108_260801060832.csv,1,1,0,0
fit:80de1342a3e9944829ab101957c8eddffd3d18cb805507bed707b0e306d3b433,2026-08-01T09:03:03+00:00,1224,166,160,99,12.448,173.20000000000005,34,fit:80de1342a3e9944829ab101957c8eddffd3d18cb805507bed707b0e306d3b433:segment:011,11,17671.0,16551,activities/108_260801060832.csv,1,1,0,0
fit:80de1342a3e9944829ab101957c8eddffd3d18cb805507bed707b0e306d3b433,2026-08-01T09:03:04+00:00,1225,135,160,99,12.487,173.20000000000005,34,fit:80de1342a3e9944829ab101957c8eddffd3d18cb805507bed707b0e306d3b433:segment:011,11,17672.0,16552,activities/108_260801060832.csv,1,1,0,0
fit:80de1342a3e9944829ab101957c8eddffd3d18cb805507bed707b0e306d3b433,2026-08-01T09:03:05+00:00,1226,135,160,99,12.382,173.20000000000005,34,fit:80de1342a3e9944829ab101957c8eddffd3d18cb805507bed707b0e306d3b433:segment:011,11,17673.0,16553,activities/108_260801060832.csv,1,1,0,0
fit:80de1342a3e9944829ab101957c8eddffd3d18cb805507bed707b0e306d3b433,2026-08-01T09:03:06+00:00,1227,162,160,99,12.366,173.20000000000005,34,fit:80de1342a3e9944829ab101957c8eddffd3d18cb805507bed707b0e306d3b433:segment:011,11,17674.0,16554,activities/108_260801060832.csv,1,1,0,0
fit:80de1342a3e9944829ab101957c8eddffd3d18cb805507bed707b0e306d3b433,2026-08-01T09:03:07+00:00,1228,177,160,99,12.392,174.0,34,fit:80de1342a3e9944829ab101957c8eddffd3d18cb805507bed707b0e306d3b433:segment:011,11,17675.0,16555,activities/108_260801060832.csv,1,1,0,0
fit:80de1342a3e9944829ab101957c8eddffd3d18cb805507bed707b0e306d3b433,2026-08-01T09:03:08+00:00,1229,185,159,98,12.358,174.0,34,fit:80de1342a3e9944829ab101957c8eddffd3d18cb805507bed707b0e306d3b433:segment:011,11,17676.0,16556,activities/108_260801060832.csv,1,1,0,0
fit:80de1342a3e9944829ab101957c8eddffd3d18cb805507bed707b0e306d3b433,2026-08-01T09:03:09+00:00,1230,166,159,98,12.326,174.0,34,fit:80de1342a3e9944829ab101957c8eddffd3d18cb805507bed707b0e306d3b433:segment:011,11,17677.0,16557,activities/108_260801060832.csv,1,1,0,0
fit:80de1342a3e9944829ab101957c8eddffd3d18cb805507bed707b0e306d3b433,2026-08-01T09:03:10+00:00,1231,185,159,98,12.342,174.0,34,fit:80de1342a3e9944829ab101957c8eddffd3d18cb805507bed707b0e306d3b433:segment:011,11,17678.0,16558,activities/108_260801060832.csv,1,1,0,0
fit:80de1342a3e9944829ab101957c8eddffd3d18cb805507bed707b0e306d3b433,2026-08-01T09:03:11+00:00,1232,185,159,98,12.329,174.0,34,fit:80de1342a3e9944829ab101957c8eddffd3d18cb805507bed707b0e306d3b433:segment:011,11,17679.0,16559,activities/108_260801060832.csv,1,1,0,0
fit:80de1342a3e9944829ab101957c8eddffd3d18cb805507bed707b0e306d3b433,2026-08-01T09:03:12+00:00,1233,162,159,98,12.26,174.0,34,fit:80de1342a3e9944829ab101957c8eddffd3d18cb805507bed707b0e306d3b433:segment:011,11,17680.0,16560,activities/108_260801060832.csv,1,1,0,0
fit:80de1342a3e9944829ab101957c8eddffd3d18cb805507bed707b0e306d3b433,2026-08-01T09:03:13+00:00,1234,164,159,98,12.309,174.0,34,fit:80de1342a3e9944829ab101957c8eddffd3d18cb805507bed707b0e306d3b433:segment:011,11,17681.0,16561,activities/108_260801060832.csv,1,1,0,0
fit:80de1342a3e9944829ab101957c8eddffd3d18cb805507bed707b0e306d3b433,2026-08-01T09:03:14+00:00,1235,159,159,98,12.352,174.0,34,fit:80de1342a3e9944829ab101957c8eddffd3d18cb805507bed707b0e306d3b433:segment:011,11,17682.0,16562,activities/108_260801060832.csv,1,1,0,0
fit:80de1342a3e9944829ab101957c8eddffd3d18cb805507bed707b0e306d3b433,2026-08-01T09:03:15+00:00,1236,155,159,98,12.294,174.0,34,fit:80de1342a3e9944829ab101957c8eddffd3d18cb805507bed707b0e306d3b433:segment:011,11,17683.0,16563,activities/108_260801060832.csv,1,1,0,0
fit:80de1342a3e9944829ab101957c8eddffd3d18cb805507bed707b0e306d3b433,2026-08-01T09:03:16+00:00,1237,146,159,98,12.316,174.0,34,fit:80de1342a3e9944829ab101957c8eddffd3d18cb805507bed707b0e306d3b433:segment:011,11,17684.0,16564,activities/108_260801060832.csv,1,1,0,0
fit:80de1342a3e9944829ab101957c8eddffd3d18cb805507bed707b0e306d3b433,2026-08-01T09:03:17+00:00,1238,152,159,98,12.396,174.0,34,fit:80de1342a3e9944829ab101957c8eddffd3d18cb805507bed707b0e306d3b433:segment:011,11,17685.0,16565,activities/108_260801060832.csv,1,1,0,0
fit:80de1342a3e9944829ab101957c8eddffd3d18cb805507bed707b0e306d3b433,2026-08-01T09:03:18+00:00,1239,154,159,98,12.358,173.0,34,fit:80de1342a3e9944829ab101957c8eddffd3d18cb805507bed707b0e306d3b433:segment:011,11,17686.0,16566,activities/108_260801060832.csv,1,1,0,0
fit:80de1342a3e9944829ab101957c8eddffd3d18cb805507bed707b0e306d3b433,2026-08-01T09:03:19+00:00,1240,154,159,98,12.28,172.79999999999995,34,fit:80de1342a3e9944829ab101957c8eddffd3d18cb805507bed707b0e306d3b433:segment:011,11,17687.0,16567,activities/108_260801060832.csv,1,1,0,0
fit:80de1342a3e9944829ab101957c8eddffd3d18cb805507bed707b0e306d3b433,2026-08-01T09:03:20+00:00,1241,159,159,98,12.357,172.79999999999995,34,fit:80de1342a3e9944829ab101957c8eddffd3d18cb805507bed707b0e306d3b433:segment:011,11,17688.0,16568,activities/108_260801060832.csv,1,1,0,0
fit:80de1342a3e9944829ab101957c8eddffd3d18cb805507bed707b0e306d3b433,2026-08-01T09:03:21+00:00,1242,155,159,98,12.327,172.79999999999995,34,fit:80de1342a3e9944829ab101957c8eddffd3d18cb805507bed707b0e306d3b433:segment:011,11,17689.0,16569,activities/108_260801060832.csv,1,1,0,0
fit:80de1342a3e9944829ab101957c8eddffd3d18cb805507bed707b0e306d3b433,2026-08-01T09:03:22+00:00,1243,177,159,98,12.225,172.79999999999995,34,fit:80de1342a3e9944829ab101957c8eddffd3d18cb805507bed707b0e306d3b433:segment:011,11,17690.0,16570,activities/108_260801060832.csv,1,1,0,0
fit:80de1342a3e9944829ab101957c8eddffd3d18cb805507bed707b0e306d3b433,2026-08-01T09:03:23+00:00,1244,166,159,97,12.207,172.79999999999995,34,fit:80de1342a3e9944829ab101957c8eddffd3d18cb805507bed707b0e306d3b433:segment:011,11,17691.0,16571,activities/108_260801060832.csv,1,1,0,0
fit:80de1342a3e9944829ab101957c8eddffd3d18cb805507bed707b0e306d3b433,2026-08-01T09:03:24+00:00,1245,171,159,97,12.277,173.60000000000002,34,fit:80de1342a3e9944829ab101957c8eddffd3d18cb805507bed707b0e306d3b433:segment:011,11,17692.0,16572,activities/108_260801060832.csv,1,1,0,0
fit:80de1342a3e9944829ab101957c8eddffd3d18cb805507bed707b0e306d3b433,2026-08-01T09:03:25+00:00,1246,161,159,97,12.23,173.60000000000002,34,fit:80de1342a3e9944829ab101957c8eddffd3d18cb805507bed707b0e306d3b433:segment:011,11,17693.0,16573,activities/108_260801060832.csv,1,1,0,0
fit:80de1342a3e9944829ab101957c8eddffd3d18cb805507bed707b0e306d3b433,2026-08-01T09:03:26+00:00,1247,161,159,97,12.119,173.60000000000002,34,fit:80de1342a3e9944829ab101957c8eddffd3d18cb805507bed707b0e306d3b433:segment:011,11,17694.0,16574,activities/108_260801060832.csv,1,1,0,0
fit:80de1342a3e9944829ab101957c8eddffd3d18cb805507bed707b0e306d3b433,2026-08-01T09:03:27+00:00,1248,157,159,97,12.123,173.20000000000005,34,fit:80de1342a3e9944829ab101957c8eddffd3d18cb805507bed707b0e306d3b433:segment:011,11,17695.0,16575,activities/108_260801060832.csv,1,1,0,0
fit:80de1342a3e9944829ab101957c8eddffd3d18cb805507bed707b0e306d3b433,2026-08-01T09:03:28+00:00,1249,153,159,97,12.246,172.79999999999995,34,fit:80de1342a3e9944829ab101957c8eddffd3d18cb805507bed707b0e306d3b433:segment:011,11,17696.0,16576,activities/108_260801060832.csv,1,1,0,0
fit:80de1342a3e9944829ab101957c8eddffd3d18cb805507bed707b0e306d3b433,2026-08-01T09:03:29+00:00,1250,143,160,97,12.213,172.39999999999998,34,fit:80de1342a3e9944829ab101957c8eddffd3d18cb805507bed707b0e306d3b433:segment:011,11,17697.0,16577,activities/108_260801060832.csv,1,1,0,0
fit:80de1342a3e9944829ab101957c8eddffd3d18cb805507bed707b0e306d3b433,2026-08-01T09:03:30+00:00,1251,153,160,97,12.136,172.39999999999998,34,fit:80de1342a3e9944829ab101957c8eddffd3d18cb805507bed707b0e306d3b433:segment:011,11,17698.0,16578,activities/108_260801060832.csv,1,1,0,0
fit:80de1342a3e9944829ab101957c8eddffd3d18cb805507bed707b0e306d3b433,2026-08-01T09:03:31+00:00,1252,153,160,97,12.187,172.39999999999998,35,fit:80de1342a3e9944829ab101957c8eddffd3d18cb805507bed707b0e306d3b433:segment:011,11,17699.0,16579,activities/108_260801060832.csv,1,1,0,0
fit:80de1342a3e9944829ab101957c8eddffd3d18cb805507bed707b0e306d3b433,2026-08-01T09:03:32+00:00,1253,156,160,97,12.243,172.39999999999998,35,fit:80de1342a3e9944829ab101957c8eddffd3d18cb805507bed707b0e306d3b433:segment:011,11,17700.0,16580,activities/108_260801060832.csv,1,1,0,0
fit:80de1342a3e9944829ab101957c8eddffd3d18cb805507bed707b0e306d3b433,2026-08-01T09:03:33+00:00,1254,164,160,97,12.13,172.39999999999998,35,fit:80de1342a3e9944829ab101957c8eddffd3d18cb805507bed707b0e306d3b433:segment:011,11,17701.0,16581,activities/108_260801060832.csv,1,1,0,0
fit:80de1342a3e9944829ab101957c8eddffd3d18cb805507bed707b0e306d3b433,2026-08-01T09:03:34+00:00,1255,174,160,96,12.027,172.39999999999998,35,fit:80de1342a3e9944829ab101957c8eddffd3d18cb805507bed707b0e306d3b433:segment:011,11,17702.0,16582,activities/108_260801060832.csv,1,1,0,0
fit:80de1342a3e9944829ab101957c8eddffd3d18cb805507bed707b0e306d3b433,2026-08-01T09:03:35+00:00,1256,172,159,96,12.014,172.39999999999998,35,fit:80de1342a3e9944829ab101957c8eddffd3d18cb805507bed707b0e306d3b433:segment:011,11,17703.0,16583,activities/108_260801060832.csv,1,1,0,0
fit:80de1342a3e9944829ab101957c8eddffd3d18cb805507bed707b0e306d3b433,2026-08-01T09:03:36+00:00,1257,172,159,96,12.103,172.39999999999998,35,fit:80de1342a3e9944829ab101957c8eddffd3d18cb805507bed707b0e306d3b433:segment:011,11,17704.0,16584,activities/108_260801060832.csv,1,1,0,0
fit:80de1342a3e9944829ab101957c8eddffd3d18cb805507bed707b0e306d3b433,2026-08-01T09:03:37+00:00,1258,169,159,96,12.15,172.39999999999998,35,fit:80de1342a3e9944829ab101957c8eddffd3d18cb805507bed707b0e306d3b433:segment:011,11,17705.0,16585,activities/108_260801060832.csv,1,1,0,0
fit:80de1342a3e9944829ab101957c8eddffd3d18cb805507bed707b0e306d3b433,2026-08-01T09:03:38+00:00,1259,170,159,96,12.127,172.39999999999998,35,fit:80de1342a3e9944829ab101957c8eddffd3d18cb805507bed707b0e306d3b433:segment:011,11,17706.0,16586,activities/108_260801060832.csv,1,1,0,0
fit:80de1342a3e9944829ab101957c8eddffd3d18cb805507bed707b0e306d3b433,2026-08-01T09:03:39+00:00,1260,177,159,96,12.038,171.39999999999998,35,fit:80de1342a3e9944829ab101957c8eddffd3d18cb805507bed707b0e306d3b433:segment:011,11,17707.0,16587,activities/108_260801060832.csv,1,1,0,0
fit:80de1342a3e9944829ab101957c8eddffd3d18cb805507bed707b0e306d3b433,2026-08-01T09:03:40+00:00,1261,178,159,96,12.026,171.39999999999998,35,fit:80de1342a3e9944829ab101957c8eddffd3d18cb805507bed707b0e306d3b433:segment:011,11,17708.0,16588,activities/108_260801060832.csv,1,1,0,0
fit:80de1342a3e9944829ab101957c8eddffd3d18cb805507bed707b0e306d3b433,2026-08-01T09:03:41+00:00,1262,162,159,96,12.095,171.39999999999998,35,fit:80de1342a3e9944829ab101957c8eddffd3d18cb805507bed707b0e306d3b433:segment:011,11,17709.0,16589,activities/108_260801060832.csv,1,1,0,0
fit:80de1342a3e9944829ab101957c8eddffd3d18cb805507bed707b0e306d3b433,2026-08-01T09:03:42+00:00,1263,162,159,96,12.019,171.39999999999998,35,fit:80de1342a3e9944829ab101957c8eddffd3d18cb805507bed707b0e306d3b433:segment:011,11,17710.0,16590,activities/108_260801060832.csv,1,1,0,0
fit:80de1342a3e9944829ab101957c8eddffd3d18cb805507bed707b0e306d3b433,2026-08-01T09:03:43+00:00,1264,175,159,96,11.973,171.39999999999998,35,fit:80de1342a3e9944829ab101957c8eddffd3d18cb805507bed707b0e306d3b433:segment:011,11,17711.0,16591,activities/108_260801060832.csv,1,1,0,0
fit:80de1342a3e9944829ab101957c8eddffd3d18cb805507bed707b0e306d3b433,2026-08-01T09:03:44+00:00,1265,176,159,96,12.069,171.39999999999998,35,fit:80de1342a3e9944829ab101957c8eddffd3d18cb805507bed707b0e306d3b433:segment:011,11,17712.0,16592,activities/108_260801060832.csv,1,1,0,0
fit:80de1342a3e9944829ab101957c8eddffd3d18cb805507bed707b0e306d3b433,2026-08-01T09:03:45+00:00,1266,147,159,97,12.164,171.39999999999998,35,fit:80de1342a3e9944829ab101957c8eddffd3d18cb805507bed707b0e306d3b433:segment:011,11,17713.0,16593,activities/108_260801060832.csv,1,1,0,0
fit:80de1342a3e9944829ab101957c8eddffd3d18cb805507bed707b0e306d3b433,2026-08-01T09:03:46+00:00,1267,129,159,97,12.227,171.39999999999998,35,fit:80de1342a3e9944829ab101957c8eddffd3d18cb805507bed707b0e306d3b433:segment:011,11,17714.0,16594,activities/108_260801060832.csv,1,1,0,0
fit:80de1342a3e9944829ab101957c8eddffd3d18cb805507bed707b0e306d3b433,2026-08-01T09:03:47+00:00,1268,165,160,97,12.195,171.39999999999998,35,fit:80de1342a3e9944829ab101957c8eddffd3d18cb805507bed707b0e306d3b433:segment:011,11,17715.0,16595,activities/108_260801060832.csv,1,1,0,0
fit:80de1342a3e9944829ab101957c8eddffd3d18cb805507bed707b0e306d3b433,2026-08-01T09:03:48+00:00,1269,165,160,97,12.193,171.39999999999998,35,fit:80de1342a3e9944829ab101957c8eddffd3d18cb805507bed707b0e306d3b433:segment:011,11,17716.0,16596,activities/108_260801060832.csv,1,1,0,0
fit:80de1342a3e9944829ab101957c8eddffd3d18cb805507bed707b0e306d3b433,2026-08-01T09:03:49+00:00,1270,158,160,97,12.144,170.39999999999998,35,fit:80de1342a3e9944829ab101957c8eddffd3d18cb805507bed707b0e306d3b433:segment:011,11,17717.0,16597,activities/108_260801060832.csv,1,1,0,0
fit:80de1342a3e9944829ab101957c8eddffd3d18cb805507bed707b0e306d3b433,2026-08-01T09:03:50+00:00,1271,152,160,97,12.067,170.39999999999998,35,fit:80de1342a3e9944829ab101957c8eddffd3d18cb805507bed707b0e306d3b433:segment:011,11,17718.0,16598,activities/108_260801060832.csv,1,1,0,0
fit:80de1342a3e9944829ab101957c8eddffd3d18cb805507bed707b0e306d3b433,2026-08-01T09:03:51+00:00,1272,152,160,97,12.141,170.39999999999998,35,fit:80de1342a3e9944829ab101957c8eddffd3d18cb805507bed707b0e306d3b433:segment:011,11,17719.0,16599,activities/108_260801060832.csv,1,1,0,0
fit:80de1342a3e9944829ab101957c8eddffd3d18cb805507bed707b0e306d3b433,2026-08-01T09:03:52+00:00,1273,139,160,98,12.209,171.39999999999998,35,fit:80de1342a3e9944829ab101957c8eddffd3d18cb805507bed707b0e306d3b433:segment:011,11,17720.0,16600,activities/108_260801060832.csv,1,1,0,0
fit:80de1342a3e9944829ab101957c8eddffd3d18cb805507bed707b0e306d3b433,2026-08-01T09:03:53+00:00,1274,161,160,98,12.246,171.39999999999998,35,fit:80de1342a3e9944829ab101957c8eddffd3d18cb805507bed707b0e306d3b433:segment:011,11,17721.0,16601,activities/108_260801060832.csv,1,1,0,0
fit:80de1342a3e9944829ab101957c8eddffd3d18cb805507bed707b0e306d3b433,2026-08-01T09:03:54+00:00,1275,184,160,98,12.194,171.39999999999998,35,fit:80de1342a3e9944829ab101957c8eddffd3d18cb805507bed707b0e306d3b433:segment:011,11,17722.0,16602,activities/108_260801060832.csv,1,1,0,0
fit:80de1342a3e9944829ab101957c8eddffd3d18cb805507bed707b0e306d3b433,2026-08-01T09:03:55+00:00,1276,188,160,99,12.266,171.39999999999998,35,fit:80de1342a3e9944829ab101957c8eddffd3d18cb805507bed707b0e306d3b433:segment:011,11,17723.0,16603,activities/108_260801060832.csv,1,1,0,0
fit:80de1342a3e9944829ab101957c8eddffd3d18cb805507bed707b0e306d3b433,2026-08-01T09:03:56+00:00,1277,188,160,99,12.347,171.39999999999998,35,fit:80de1342a3e9944829ab101957c8eddffd3d18cb805507bed707b0e306d3b433:segment:011,11,17724.0,16604,activities/108_260801060832.csv,1,1,0,0
fit:80de1342a3e9944829ab101957c8eddffd3d18cb805507bed707b0e306d3b433,2026-08-01T09:03:57+00:00,1278,216,160,99,12.32,171.0,35,fit:80de1342a3e9944829ab101957c8eddffd3d18cb805507bed707b0e306d3b433:segment:011,11,17725.0,16605,activities/108_260801060832.csv,1,1,0,0
fit:80de1342a3e9944829ab101957c8eddffd3d18cb805507bed707b0e306d3b433,2026-08-01T09:03:58+00:00,1279,165,160,99,12.285,171.0,35,fit:80de1342a3e9944829ab101957c8eddffd3d18cb805507bed707b0e306d3b433:segment:011,11,17726.0,16606,activities/108_260801060832.csv,1,1,0,0
fit:80de1342a3e9944829ab101957c8eddffd3d18cb805507bed707b0e306d3b433,2026-08-01T09:03:59+00:00,1280,170,160,99,12.417,171.0,35,fit:80de1342a3e9944829ab101957c8eddffd3d18cb805507bed707b0e306d3b433:segment:011,11,17727.0,16607,activities/108_260801060832.csv,1,1,0,0
fit:80de1342a3e9944829ab101957c8eddffd3d18cb805507bed707b0e306d3b433,2026-08-01T09:04:00+00:00,1281,200,160,99,12.466,171.0,35,fit:80de1342a3e9944829ab101957c8eddffd3d18cb805507bed707b0e306d3b433:segment:011,11,17728.0,16608,activities/108_260801060832.csv,1,1,0,0
fit:80de1342a3e9944829ab101957c8eddffd3d18cb805507bed707b0e306d3b433,2026-08-01T09:04:01+00:00,1282,200,160,99,12.394,171.0,35,fit:80de1342a3e9944829ab101957c8eddffd3d18cb805507bed707b0e306d3b433:segment:011,11,17729.0,16609,activities/108_260801060832.csv,1,1,0,0
fit:80de1342a3e9944829ab101957c8eddffd3d18cb805507bed707b0e306d3b433,2026-08-01T09:04:02+00:00,1283,182,160,99,12.435,171.0,35,fit:80de1342a3e9944829ab101957c8eddffd3d18cb805507bed707b0e306d3b433:segment:011,11,17730.0,16610,activities/108_260801060832.csv,1,1,0,0
fit:80de1342a3e9944829ab101957c8eddffd3d18cb805507bed707b0e306d3b433,2026-08-01T09:04:03+00:00,1284,166,160,99,12.407,170.79999999999995,35,fit:80de1342a3e9944829ab101957c8eddffd3d18cb805507bed707b0e306d3b433:segment:011,11,17731.0,16611,activities/108_260801060832.csv,1,1,0,0
fit:80de1342a3e9944829ab101957c8eddffd3d18cb805507bed707b0e306d3b433,2026-08-01T09:04:04+00:00,1285,176,160,99,12.318,170.79999999999995,35,fit:80de1342a3e9944829ab101957c8eddffd3d18cb805507bed707b0e306d3b433:segment:011,11,17732.0,16612,activities/108_260801060832.csv,1,1,0,0
fit:80de1342a3e9944829ab101957c8eddffd3d18cb805507bed707b0e306d3b433,2026-08-01T09:04:05+00:00,1286,171,160,99,12.377,170.79999999999995,35,fit:80de1342a3e9944829ab101957c8eddffd3d18cb805507bed707b0e306d3b433:segment:011,11,17733.0,16613,activities/108_260801060832.csv,1,1,0,0
fit:80de1342a3e9944829ab101957c8eddffd3d18cb805507bed707b0e306d3b433,2026-08-01T09:04:06+00:00,1287,185,160,100,12.378,171.39999999999998,35,fit:80de1342a3e9944829ab101957c8eddffd3d18cb805507bed707b0e306d3b433:segment:011,11,17734.0,16614,activities/108_260801060832.csv,1,1,0,0
fit:80de1342a3e9944829ab101957c8eddffd3d18cb805507bed707b0e306d3b433,2026-08-01T09:04:07+00:00,1288,151,161,100,12.416,171.60000000000002,35,fit:80de1342a3e9944829ab101957c8eddffd3d18cb805507bed707b0e306d3b433:segment:011,11,17735.0,16615,activities/108_260801060832.csv,1,1,0,0
fit:80de1342a3e9944829ab101957c8eddffd3d18cb805507bed707b0e306d3b433,2026-08-01T09:04:08+00:00,1289,136,161,100,12.55,171.60000000000002,35,fit:80de1342a3e9944829ab101957c8eddffd3d18cb805507bed707b0e306d3b433:segment:011,11,17736.0,16616,activities/108_260801060832.csv,1,1,0,0
fit:80de1342a3e9944829ab101957c8eddffd3d18cb805507bed707b0e306d3b433,2026-08-01T09:04:09+00:00,1290,136,161,100,12.551,171.60000000000002,35,fit:80de1342a3e9944829ab101957c8eddffd3d18cb805507bed707b0e306d3b433:segment:011,11,17737.0,16617,activities/108_260801060832.csv,1,1,0,0
fit:80de1342a3e9944829ab101957c8eddffd3d18cb805507bed707b0e306d3b433,2026-08-01T09:04:10+00:00,1291,129,161,100,12.495,171.0,35,fit:80de1342a3e9944829ab101957c8eddffd3d18cb805507bed707b0e306d3b433:segment:011,11,17738.0,16618,activities/108_260801060832.csv,1,1,0,0
fit:80de1342a3e9944829ab101957c8eddffd3d18cb805507bed707b0e306d3b433,2026-08-01T09:04:11+00:00,1292,132,161,100,12.546,170.20000000000005,35,fit:80de1342a3e9944829ab101957c8eddffd3d18cb805507bed707b0e306d3b433:segment:011,11,17739.0,16619,activities/108_260801060832.csv,1,1,0,0
fit:80de1342a3e9944829ab101957c8eddffd3d18cb805507bed707b0e306d3b433,2026-08-01T09:04:12+00:00,1293,132,161,100,12.41,170.0,35,fit:80de1342a3e9944829ab101957c8eddffd3d18cb805507bed707b0e306d3b433:segment:011,11,17740.0,16620,activities/108_260801060832.csv,1,1,0,0
fit:80de1342a3e9944829ab101957c8eddffd3d18cb805507bed707b0e306d3b433,2026-08-01T09:04:13+00:00,1294,132,161,100,12.276,170.0,35,fit:80de1342a3e9944829ab101957c8eddffd3d18cb805507bed707b0e306d3b433:segment:011,11,17741.0,16621,activities/108_260801060832.csv,1,1,0,0
fit:80de1342a3e9944829ab101957c8eddffd3d18cb805507bed707b0e306d3b433,2026-08-01T09:04:14+00:00,1295,126,161,100,12.103,170.0,35,fit:80de1342a3e9944829ab101957c8eddffd3d18cb805507bed707b0e306d3b433:segment:011,11,17742.0,16622,activities/108_260801060832.csv,1,1,0,0
fit:80de1342a3e9944829ab101957c8eddffd3d18cb805507bed707b0e306d3b433,2026-08-01T09:04:15+00:00,1296,0,160,96,11.899,170.0,35,fit:80de1342a3e9944829ab101957c8eddffd3d18cb805507bed707b0e306d3b433:segment:011,11,17743.0,16623,activities/108_260801060832.csv,1,1,0,0
fit:80de1342a3e9944829ab101957c8eddffd3d18cb805507bed707b0e306d3b433,2026-08-01T09:04:16+00:00,1297,0,160,0,11.815,170.0,35,fit:80de1342a3e9944829ab101957c8eddffd3d18cb805507bed707b0e306d3b433:segment:011,11,17744.0,16624,activities/108_260801060832.csv,1,1,0,0
fit:80de1342a3e9944829ab101957c8eddffd3d18cb805507bed707b0e306d3b433,2026-08-01T09:04:17+00:00,1298,0,159,0,11.69,170.0,35,fit:80de1342a3e9944829ab101957c8eddffd3d18cb805507bed707b0e306d3b433:segment:011,11,17745.0,16625,activities/108_260801060832.csv,1,1,0,0
fit:80de1342a3e9944829ab101957c8eddffd3d18cb805507bed707b0e306d3b433,2026-08-01T09:04:18+00:00,1299,0,158,0,11.601,170.0,35,fit:80de1342a3e9944829ab101957c8eddffd3d18cb805507bed707b0e306d3b433:segment:011,11,17746.0,16626,activities/108_260801060832.csv,1,1,0,0
fit:80de1342a3e9944829ab101957c8eddffd3d18cb805507bed707b0e306d3b433,2026-08-01T09:04:19+00:00,1300,0,156,0,11.378,170.0,35,fit:80de1342a3e9944829ab101957c8eddffd3d18cb805507bed707b0e306d3b433:segment:011,11,17747.0,16627,activities/108_260801060832.csv,1,1,0,0
fit:80de1342a3e9944829ab101957c8eddffd3d18cb805507bed707b0e306d3b433,2026-08-01T09:04:20+00:00,1301,0,154,0,11.251,170.0,35,fit:80de1342a3e9944829ab101957c8eddffd3d18cb805507bed707b0e306d3b433:segment:011,11,17748.0,16628,activities/108_260801060832.csv,1,1,0,0
fit:80de1342a3e9944829ab101957c8eddffd3d18cb805507bed707b0e306d3b433,2026-08-01T09:04:21+00:00,1302,0,154,0,11.116,170.0,35,fit:80de1342a3e9944829ab101957c8eddffd3d18cb805507bed707b0e306d3b433:segment:011,11,17749.0,16629,activities/108_260801060832.csv,1,1,0,0
fit:80de1342a3e9944829ab101957c8eddffd3d18cb805507bed707b0e306d3b433,2026-08-01T09:04:22+00:00,1303,0,153,0,10.849,170.0,35,fit:80de1342a3e9944829ab101957c8eddffd3d18cb805507bed707b0e306d3b433:segment:011,11,17750.0,16630,activities/108_260801060832.csv,1,1,0,0
fit:80de1342a3e9944829ab101957c8eddffd3d18cb805507bed707b0e306d3b433,2026-08-01T09:04:23+00:00,1304,0,152,0,10.696,170.0,35,fit:80de1342a3e9944829ab101957c8eddffd3d18cb805507bed707b0e306d3b433:segment:011,11,17751.0,16631,activities/108_260801060832.csv,1,1,0,0
fit:80de1342a3e9944829ab101957c8eddffd3d18cb805507bed707b0e306d3b433,2026-08-01T09:04:24+00:00,1305,0,151,0,10.338,170.0,35,fit:80de1342a3e9944829ab101957c8eddffd3d18cb805507bed707b0e306d3b433:segment:011,11,17752.0,16632,activities/108_260801060832.csv,1,1,0,0
fit:80de1342a3e9944829ab101957c8eddffd3d18cb805507bed707b0e306d3b433,2026-08-01T09:04:25+00:00,1306,0,150,0,10.008,170.0,35,fit:80de1342a3e9944829ab101957c8eddffd3d18cb805507bed707b0e306d3b433:segment:011,11,17753.0,16633,activities/108_260801060832.csv,1,1,0,0
fit:80de1342a3e9944829ab101957c8eddffd3d18cb805507bed707b0e306d3b433,2026-08-01T09:04:26+00:00,1307,0,150,0,9.118,171.0,35,fit:80de1342a3e9944829ab101957c8eddffd3d18cb805507bed707b0e306d3b433:segment:011,11,17754.0,16634,activities/108_260801060832.csv,1,1,0,0
fit:80de1342a3e9944829ab101957c8eddffd3d18cb805507bed707b0e306d3b433,2026-08-01T09:04:27+00:00,1308,0,150,0,8.521,171.0,35,fit:80de1342a3e9944829ab101957c8eddffd3d18cb805507bed707b0e306d3b433:segment:011,11,17755.0,16635,activities/108_260801060832.csv,1,1,0,0
fit:80de1342a3e9944829ab101957c8eddffd3d18cb805507bed707b0e306d3b433,2026-08-01T09:04:28+00:00,1309,70,148,0,8.235,171.0,35,fit:80de1342a3e9944829ab101957c8eddffd3d18cb805507bed707b0e306d3b433:segment:011,11,17756.0,16636,activities/108_260801060832.csv,1,1,0,0
fit:80de1342a3e9944829ab101957c8eddffd3d18cb805507bed707b0e306d3b433,2026-08-01T09:04:29+00:00,1310,253,147,56,8.049,170.79999999999995,35,fit:80de1342a3e9944829ab101957c8eddffd3d18cb805507bed707b0e306d3b433:segment:011,11,17757.0,16637,activities/108_260801060832.csv,1,1,0,0
fit:80de1342a3e9944829ab101957c8eddffd3d18cb805507bed707b0e306d3b433,2026-08-01T09:04:30+00:00,1311,253,146,63,7.864,169.79999999999995,35,fit:80de1342a3e9944829ab101957c8eddffd3d18cb805507bed707b0e306d3b433:segment:011,11,17758.0,16638,activities/108_260801060832.csv,1,1,0,0
fit:80de1342a3e9944829ab101957c8eddffd3d18cb805507bed707b0e306d3b433,2026-08-01T09:04:31+00:00,1312,350,145,63,8.091,169.79999999999995,35,fit:80de1342a3e9944829ab101957c8eddffd3d18cb805507bed707b0e306d3b433:segment:011,11,17759.0,16639,activities/108_260801060832.csv,1,1,0,0
fit:80de1342a3e9944829ab101957c8eddffd3d18cb805507bed707b0e306d3b433,2026-08-01T09:04:32+00:00,1313,369,145,66,8.162,169.79999999999995,35,fit:80de1342a3e9944829ab101957c8eddffd3d18cb805507bed707b0e306d3b433:segment:011,11,17760.0,16640,activities/108_260801060832.csv,1,1,0,0
fit:80de1342a3e9944829ab101957c8eddffd3d18cb805507bed707b0e306d3b433,2026-08-01T09:04:33+00:00,1314,350,145,68,8.449,169.79999999999995,35,fit:80de1342a3e9944829ab101957c8eddffd3d18cb805507bed707b0e306d3b433:segment:011,11,17761.0,16641,activities/108_260801060832.csv,1,1,0,0
fit:80de1342a3e9944829ab101957c8eddffd3d18cb805507bed707b0e306d3b433,2026-08-01T09:04:34+00:00,1315,381,145,70,8.674,169.79999999999995,35,fit:80de1342a3e9944829ab101957c8eddffd3d18cb805507bed707b0e306d3b433:segment:011,11,17762.0,16642,activities/108_260801060832.csv,1,1,0,0
fit:80de1342a3e9944829ab101957c8eddffd3d18cb805507bed707b0e306d3b433,2026-08-01T09:04:35+00:00,1316,375,146,71,8.692,169.79999999999995,35,fit:80de1342a3e9944829ab101957c8eddffd3d18cb805507bed707b0e306d3b433:segment:011,11,17763.0,16643,activities/108_260801060832.csv,1,1,0,0
fit:80de1342a3e9944829ab101957c8eddffd3d18cb805507bed707b0e306d3b433,2026-08-01T09:04:36+00:00,1317,376,147,73,8.917,170.20000000000005,35,fit:80de1342a3e9944829ab101957c8eddffd3d18cb805507bed707b0e306d3b433:segment:011,11,17764.0,16644,activities/108_260801060832.csv,1,1,0,0
fit:80de1342a3e9944829ab101957c8eddffd3d18cb805507bed707b0e306d3b433,2026-08-01T09:04:37+00:00,1318,334,147,73,9.089,170.39999999999998,35,fit:80de1342a3e9944829ab101957c8eddffd3d18cb805507bed707b0e306d3b433:segment:011,11,17765.0,16645,activities/108_260801060832.csv,1,1,0,0
fit:80de1342a3e9944829ab101957c8eddffd3d18cb805507bed707b0e306d3b433,2026-08-01T09:04:38+00:00,1319,349,148,74,9.172,170.39999999999998,35,fit:80de1342a3e9944829ab101957c8eddffd3d18cb805507bed707b0e306d3b433:segment:011,11,17766.0,16646,activities/108_260801060832.csv,1,1,0,0
fit:80de1342a3e9944829ab101957c8eddffd3d18cb805507bed707b0e306d3b433,2026-08-01T09:04:39+00:00,1320,337,148,76,9.132,170.39999999999998,35,fit:80de1342a3e9944829ab101957c8eddffd3d18cb805507bed707b0e306d3b433:segment:011,11,17767.0,16647,activities/108_260801060832.csv,1,1,0,0
fit:80de1342a3e9944829ab101957c8eddffd3d18cb805507bed707b0e306d3b433,2026-08-01T09:04:40+00:00,1321,309,148,76,9.477,170.39999999999998,35,fit:80de1342a3e9944829ab101957c8eddffd3d18cb805507bed707b0e306d3b433:segment:011,11,17768.0,16648,activities/108_260801060832.csv,1,1,0,0
fit:80de1342a3e9944829ab101957c8eddffd3d18cb805507bed707b0e306d3b433,2026-08-01T09:04:41+00:00,1322,141,149,72,9.712,170.39999999999998,35,fit:80de1342a3e9944829ab101957c8eddffd3d18cb805507bed707b0e306d3b433:segment:011,11,17769.0,16649,activities/108_260801060832.csv,1,1,0,0
fit:80de1342a3e9944829ab101957c8eddffd3d18cb805507bed707b0e306d3b433,2026-08-01T09:04:42+00:00,1323,200,149,48,9.554,170.20000000000005,35,fit:80de1342a3e9944829ab101957c8eddffd3d18cb805507bed707b0e306d3b433:segment:011,11,17770.0,16650,activities/108_260801060832.csv,1,1,0,0
fit:80de1342a3e9944829ab101957c8eddffd3d18cb805507bed707b0e306d3b433,2026-08-01T09:04:43+00:00,1324,199,150,77,9.53,169.20000000000005,35,fit:80de1342a3e9944829ab101957c8eddffd3d18cb805507bed707b0e306d3b433:segment:011,11,17771.0,16651,activities/108_260801060832.csv,1,1,0,0
fit:80de1342a3e9944829ab101957c8eddffd3d18cb805507bed707b0e306d3b433,2026-08-01T09:04:44+00:00,1325,259,150,86,9.47,169.20000000000005,35,fit:80de1342a3e9944829ab101957c8eddffd3d18cb805507bed707b0e306d3b433:segment:011,11,17772.0,16652,activities/108_260801060832.csv,1,1,0,0
fit:80de1342a3e9944829ab101957c8eddffd3d18cb805507bed707b0e306d3b433,2026-08-01T09:04:45+00:00,1326,315,150,86,9.467,169.20000000000005,35,fit:80de1342a3e9944829ab101957c8eddffd3d18cb805507bed707b0e306d3b433:segment:011,11,17773.0,16653,activities/108_260801060832.csv,1,1,0,0
fit:80de1342a3e9944829ab101957c8eddffd3d18cb805507bed707b0e306d3b433,2026-08-01T09:04:46+00:00,1327,232,151,87,9.506,170.20000000000005,35,fit:80de1342a3e9944829ab101957c8eddffd3d18cb805507bed707b0e306d3b433:segment:011,11,17774.0,16654,activities/108_260801060832.csv,1,1,0,0
fit:80de1342a3e9944829ab101957c8eddffd3d18cb805507bed707b0e306d3b433,2026-08-01T09:04:47+00:00,1328,213,151,87,9.622,171.0,35,fit:80de1342a3e9944829ab101957c8eddffd3d18cb805507bed707b0e306d3b433:segment:011,11,17775.0,16655,activities/108_260801060832.csv,1,1,0,0
fit:80de1342a3e9944829ab101957c8eddffd3d18cb805507bed707b0e306d3b433,2026-08-01T09:04:48+00:00,1329,183,152,88,9.678,171.79999999999995,35,fit:80de1342a3e9944829ab101957c8eddffd3d18cb805507bed707b0e306d3b433:segment:011,11,17776.0,16656,activities/108_260801060832.csv,1,1,0,0
fit:80de1342a3e9944829ab101957c8eddffd3d18cb805507bed707b0e306d3b433,2026-08-01T09:04:49+00:00,1330,183,152,88,9.738,171.79999999999995,35,fit:80de1342a3e9944829ab101957c8eddffd3d18cb805507bed707b0e306d3b433:segment:011,11,17777.0,16657,activities/108_260801060832.csv,1,1,0,0
fit:80de1342a3e9944829ab101957c8eddffd3d18cb805507bed707b0e306d3b433,2026-08-01T09:04:50+00:00,1331,256,153,88,9.714,171.79999999999995,35,fit:80de1342a3e9944829ab101957c8eddffd3d18cb805507bed707b0e306d3b433:segment:011,11,17778.0,16658,activities/108_260801060832.csv,1,1,0,0
fit:80de1342a3e9944829ab101957c8eddffd3d18cb805507bed707b0e306d3b433,2026-08-01T09:04:51+00:00,1332,204,153,89,9.805,170.79999999999995,35,fit:80de1342a3e9944829ab101957c8eddffd3d18cb805507bed707b0e306d3b433:segment:011,11,17779.0,16659,activities/108_260801060832.csv,1,1,0,0
fit:80de1342a3e9944829ab101957c8eddffd3d18cb805507bed707b0e306d3b433,2026-08-01T09:04:52+00:00,1333,182,153,89,9.832,170.20000000000005,35,fit:80de1342a3e9944829ab101957c8eddffd3d18cb805507bed707b0e306d3b433:segment:011,11,17780.0,16660,activities/108_260801060832.csv,1,1,0,0
fit:80de1342a3e9944829ab101957c8eddffd3d18cb805507bed707b0e306d3b433,2026-08-01T09:04:53+00:00,1334,202,154,89,9.889,170.20000000000005,35,fit:80de1342a3e9944829ab101957c8eddffd3d18cb805507bed707b0e306d3b433:segment:011,11,17781.0,16661,activities/108_260801060832.csv,1,1,0,0
fit:80de1342a3e9944829ab101957c8eddffd3d18cb805507bed707b0e306d3b433,2026-08-01T09:04:54+00:00,1335,161,154,89,9.955,170.20000000000005,35,fit:80de1342a3e9944829ab101957c8eddffd3d18cb805507bed707b0e306d3b433:segment:011,11,17782.0,16662,activities/108_260801060832.csv,1,1,0,0
fit:80de1342a3e9944829ab101957c8eddffd3d18cb805507bed707b0e306d3b433,2026-08-01T09:04:55+00:00,1336,156,155,89,9.901,170.20000000000005,35,fit:80de1342a3e9944829ab101957c8eddffd3d18cb805507bed707b0e306d3b433:segment:011,11,17783.0,16663,activities/108_260801060832.csv,1,1,0,0
fit:80de1342a3e9944829ab101957c8eddffd3d18cb805507bed707b0e306d3b433,2026-08-01T09:04:56+00:00,1337,156,156,89,9.897,170.20000000000005,35,fit:80de1342a3e9944829ab101957c8eddffd3d18cb805507bed707b0e306d3b433:segment:011,11,17784.0,16664,activities/108_260801060832.csv,1,1,0,0
fit:80de1342a3e9944829ab101957c8eddffd3d18cb805507bed707b0e306d3b433,2026-08-01T09:04:57+00:00,1338,185,156,88,9.806,170.20000000000005,35,fit:80de1342a3e9944829ab101957c8eddffd3d18cb805507bed707b0e306d3b433:segment:011,11,17785.0,16665,activities/108_260801060832.csv,1,1,0,0
fit:80de1342a3e9944829ab101957c8eddffd3d18cb805507bed707b0e306d3b433,2026-08-01T09:04:58+00:00,1339,169,157,88,9.78,170.20000000000005,35,fit:80de1342a3e9944829ab101957c8eddffd3d18cb805507bed707b0e306d3b433:segment:011,11,17786.0,16666,activities/108_260801060832.csv,1,1,0,0
fit:80de1342a3e9944829ab101957c8eddffd3d18cb805507bed707b0e306d3b433,2026-08-01T09:04:59+00:00,1340,167,158,88,9.781,170.20000000000005,35,fit:80de1342a3e9944829ab101957c8eddffd3d18cb805507bed707b0e306d3b433:segment:011,11,17787.0,16667,activities/108_260801060832.csv,1,1,0,0
fit:80de1342a3e9944829ab101957c8eddffd3d18cb805507bed707b0e306d3b433,2026-08-01T09:05:00+00:00,1341,159,158,88,9.746,170.20000000000005,35,fit:80de1342a3e9944829ab101957c8eddffd3d18cb805507bed707b0e306d3b433:segment:011,11,17788.0,16668,activities/108_260801060832.csv,1,1,0,0
fit:80de1342a3e9944829ab101957c8eddffd3d18cb805507bed707b0e306d3b433,2026-08-01T09:05:01+00:00,1342,174,158,88,9.738,170.20000000000005,35,fit:80de1342a3e9944829ab101957c8eddffd3d18cb805507bed707b0e306d3b433:segment:011,11,17789.0,16669,activities/108_260801060832.csv,1,1,0,0
fit:80de1342a3e9944829ab101957c8eddffd3d18cb805507bed707b0e306d3b433,2026-08-01T09:05:02+00:00,1343,186,159,88,9.674,170.20000000000005,35,fit:80de1342a3e9944829ab101957c8eddffd3d18cb805507bed707b0e306d3b433:segment:011,11,17790.0,16670,activities/108_260801060832.csv,1,1,0,0
fit:80de1342a3e9944829ab101957c8eddffd3d18cb805507bed707b0e306d3b433,2026-08-01T09:05:03+00:00,1344,277,160,88,9.714,170.20000000000005,35,fit:80de1342a3e9944829ab101957c8eddffd3d18cb805507bed707b0e306d3b433:segment:011,11,17791.0,16671,activities/108_260801060832.csv,1,1,0,0
fit:80de1342a3e9944829ab101957c8eddffd3d18cb805507bed707b0e306d3b433,2026-08-01T09:05:04+00:00,1345,263,160,88,9.647,170.20000000000005,35,fit:80de1342a3e9944829ab101957c8eddffd3d18cb805507bed707b0e306d3b433:segment:011,11,17792.0,16672,activities/108_260801060832.csv,1,1,0,0
fit:80de1342a3e9944829ab101957c8eddffd3d18cb805507bed707b0e306d3b433,2026-08-01T09:05:05+00:00,1346,263,161,88,9.619,170.20000000000005,35,fit:80de1342a3e9944829ab101957c8eddffd3d18cb805507bed707b0e306d3b433:segment:011,11,17793.0,16673,activities/108_260801060832.csv,1,1,0,0
fit:80de1342a3e9944829ab101957c8eddffd3d18cb805507bed707b0e306d3b433,2026-08-01T09:05:06+00:00,1347,234,162,88,9.668,170.20000000000005,35,fit:80de1342a3e9944829ab101957c8eddffd3d18cb805507bed707b0e306d3b433:segment:011,11,17794.0,16674,activities/108_260801060832.csv,1,1,0,0
fit:80de1342a3e9944829ab101957c8eddffd3d18cb805507bed707b0e306d3b433,2026-08-01T09:05:07+00:00,1348,222,163,89,9.715,171.20000000000005,35,fit:80de1342a3e9944829ab101957c8eddffd3d18cb805507bed707b0e306d3b433:segment:011,11,17795.0,16675,activities/108_260801060832.csv,1,1,0,0
fit:80de1342a3e9944829ab101957c8eddffd3d18cb805507bed707b0e306d3b433,2026-08-01T09:05:08+00:00,1349,195,163,89,9.804,172.0,35,fit:80de1342a3e9944829ab101957c8eddffd3d18cb805507bed707b0e306d3b433:segment:011,11,17796.0,16676,activities/108_260801060832.csv,1,1,0,0
fit:80de1342a3e9944829ab101957c8eddffd3d18cb805507bed707b0e306d3b433,2026-08-01T09:05:09+00:00,1350,194,163,91,9.885,172.0,35,fit:80de1342a3e9944829ab101957c8eddffd3d18cb805507bed707b0e306d3b433:segment:011,11,17797.0,16677,activities/108_260801060832.csv,1,1,0,0
fit:80de1342a3e9944829ab101957c8eddffd3d18cb805507bed707b0e306d3b433,2026-08-01T09:05:10+00:00,1351,169,165,91,9.927,172.0,35,fit:80de1342a3e9944829ab101957c8eddffd3d18cb805507bed707b0e306d3b433:segment:011,11,17798.0,16678,activities/108_260801060832.csv,1,1,0,0
fit:80de1342a3e9944829ab101957c8eddffd3d18cb805507bed707b0e306d3b433,2026-08-01T09:05:11+00:00,1352,251,165,92,9.976,171.0,35,fit:80de1342a3e9944829ab101957c8eddffd3d18cb805507bed707b0e306d3b433:segment:011,11,17799.0,16679,activities/108_260801060832.csv,1,1,0,0
fit:80de1342a3e9944829ab101957c8eddffd3d18cb805507bed707b0e306d3b433,2026-08-01T09:05:12+00:00,1353,212,167,93,10.072,171.0,35,fit:80de1342a3e9944829ab101957c8eddffd3d18cb805507bed707b0e306d3b433:segment:011,11,17800.0,16680,activities/108_260801060832.csv,1,1,0,0
fit:80de1342a3e9944829ab101957c8eddffd3d18cb805507bed707b0e306d3b433,2026-08-01T09:05:13+00:00,1354,207,167,93,10.17,170.79999999999995,35,fit:80de1342a3e9944829ab101957c8eddffd3d18cb805507bed707b0e306d3b433:segment:011,11,17801.0,16681,activities/108_260801060832.csv,1,1,0,0
fit:80de1342a3e9944829ab101957c8eddffd3d18cb805507bed707b0e306d3b433,2026-08-01T09:05:14+00:00,1355,213,167,94,10.302,170.60000000000002,35,fit:80de1342a3e9944829ab101957c8eddffd3d18cb805507bed707b0e306d3b433:segment:011,11,17802.0,16682,activities/108_260801060832.csv,1,1,0,0
fit:80de1342a3e9944829ab101957c8eddffd3d18cb805507bed707b0e306d3b433,2026-08-01T09:05:15+00:00,1356,213,168,94,10.345,170.20000000000005,35,fit:80de1342a3e9944829ab101957c8eddffd3d18cb805507bed707b0e306d3b433:segment:011,11,17803.0,16683,activities/108_260801060832.csv,1,1,0,0
fit:80de1342a3e9944829ab101957c8eddffd3d18cb805507bed707b0e306d3b433,2026-08-01T09:05:16+00:00,1357,215,168,93,10.333,170.20000000000005,35,fit:80de1342a3e9944829ab101957c8eddffd3d18cb805507bed707b0e306d3b433:segment:011,11,17804.0,16684,activities/108_260801060832.csv,1,1,0,0
fit:80de1342a3e9944829ab101957c8eddffd3d18cb805507bed707b0e306d3b433,2026-08-01T09:05:17+00:00,1358,281,168,93,10.273,170.0,35,fit:80de1342a3e9944829ab101957c8eddffd3d18cb805507bed707b0e306d3b433:segment:011,11,17805.0,16685,activities/108_260801060832.csv,1,1,0,0
fit:80de1342a3e9944829ab101957c8eddffd3d18cb805507bed707b0e306d3b433,2026-08-01T09:05:18+00:00,1359,270,168,93,10.26,170.0,35,fit:80de1342a3e9944829ab101957c8eddffd3d18cb805507bed707b0e306d3b433:segment:011,11,17806.0,16686,activities/108_260801060832.csv,1,1,0,0
fit:80de1342a3e9944829ab101957c8eddffd3d18cb805507bed707b0e306d3b433,2026-08-01T09:05:19+00:00,1360,256,169,94,10.292,170.0,35,fit:80de1342a3e9944829ab101957c8eddffd3d18cb805507bed707b0e306d3b433:segment:011,11,17807.0,16687,activities/108_260801060832.csv,1,1,0,0
fit:80de1342a3e9944829ab101957c8eddffd3d18cb805507bed707b0e306d3b433,2026-08-01T09:05:20+00:00,1361,260,169,94,10.31,170.0,35,fit:80de1342a3e9944829ab101957c8eddffd3d18cb805507bed707b0e306d3b433:segment:011,11,17808.0,16688,activities/108_260801060832.csv,1,1,0,0
fit:80de1342a3e9944829ab101957c8eddffd3d18cb805507bed707b0e306d3b433,2026-08-01T09:05:21+00:00,1362,260,169,94,10.346,170.0,35,fit:80de1342a3e9944829ab101957c8eddffd3d18cb805507bed707b0e306d3b433:segment:011,11,17809.0,16689,activities/108_260801060832.csv,1,1,0,0
fit:80de1342a3e9944829ab101957c8eddffd3d18cb805507bed707b0e306d3b433,2026-08-01T09:05:22+00:00,1363,253,170,94,10.306,170.0,35,fit:80de1342a3e9944829ab101957c8eddffd3d18cb805507bed707b0e306d3b433:segment:011,11,17810.0,16690,activities/108_260801060832.csv,1,1,0,0
fit:80de1342a3e9944829ab101957c8eddffd3d18cb805507bed707b0e306d3b433,2026-08-01T09:05:23+00:00,1364,207,170,94,10.334,170.0,35,fit:80de1342a3e9944829ab101957c8eddffd3d18cb805507bed707b0e306d3b433:segment:011,11,17811.0,16691,activities/108_260801060832.csv,1,1,0,0
fit:80de1342a3e9944829ab101957c8eddffd3d18cb805507bed707b0e306d3b433,2026-08-01T09:05:24+00:00,1365,207,171,94,10.435,170.0,35,fit:80de1342a3e9944829ab101957c8eddffd3d18cb805507bed707b0e306d3b433:segment:011,11,17812.0,16692,activities/108_260801060832.csv,1,1,0,0
fit:80de1342a3e9944829ab101957c8eddffd3d18cb805507bed707b0e306d3b433,2026-08-01T09:05:25+00:00,1366,23,171,94,10.369,170.0,35,fit:80de1342a3e9944829ab101957c8eddffd3d18cb805507bed707b0e306d3b433:segment:011,11,17813.0,16693,activities/108_260801060832.csv,1,1,0,0
fit:80de1342a3e9944829ab101957c8eddffd3d18cb805507bed707b0e306d3b433,2026-08-01T09:05:26+00:00,1367,23,171,25,10.267,170.0,35,fit:80de1342a3e9944829ab101957c8eddffd3d18cb805507bed707b0e306d3b433:segment:011,11,17814.0,16694,activities/108_260801060832.csv,1,1,0,0
fit:80de1342a3e9944829ab101957c8eddffd3d18cb805507bed707b0e306d3b433,2026-08-01T09:05:27+00:00,1368,49,171,25,10.059,170.0,35,fit:80de1342a3e9944829ab101957c8eddffd3d18cb805507bed707b0e306d3b433:segment:011,11,17815.0,16695,activities/108_260801060832.csv,1,1,0,0
fit:80de1342a3e9944829ab101957c8eddffd3d18cb805507bed707b0e306d3b433,2026-08-01T09:05:28+00:00,1369,165,172,33,9.93,171.0,35,fit:80de1342a3e9944829ab101957c8eddffd3d18cb805507bed707b0e306d3b433:segment:011,11,17816.0,16696,activities/108_260801060832.csv,1,1,0,0
fit:80de1342a3e9944829ab101957c8eddffd3d18cb805507bed707b0e306d3b433,2026-08-01T09:05:29+00:00,1370,279,172,92,10.034,171.0,35,fit:80de1342a3e9944829ab101957c8eddffd3d18cb805507bed707b0e306d3b433:segment:011,11,17817.0,16697,activities/108_260801060832.csv,1,1,0,0
fit:80de1342a3e9944829ab101957c8eddffd3d18cb805507bed707b0e306d3b433,2026-08-01T09:05:30+00:00,1371,278,171,93,10.108,171.0,35,fit:80de1342a3e9944829ab101957c8eddffd3d18cb805507bed707b0e306d3b433:segment:011,11,17818.0,16698,activities/108_260801060832.csv,1,1,0,0
fit:80de1342a3e9944829ab101957c8eddffd3d18cb805507bed707b0e306d3b433,2026-08-01T09:05:31+00:00,1372,264,171,94,10.247,171.0,35,fit:80de1342a3e9944829ab101957c8eddffd3d18cb805507bed707b0e306d3b433:segment:011,11,17819.0,16699,activities/108_260801060832.csv,1,1,0,0
fit:80de1342a3e9944829ab101957c8eddffd3d18cb805507bed707b0e306d3b433,2026-08-01T09:05:32+00:00,1373,252,171,95,10.396,170.60000000000002,35,fit:80de1342a3e9944829ab101957c8eddffd3d18cb805507bed707b0e306d3b433:segment:011,11,17820.0,16700,activities/108_260801060832.csv,1,1,0,0
fit:80de1342a3e9944829ab101957c8eddffd3d18cb805507bed707b0e306d3b433,2026-08-01T09:05:33+00:00,1374,218,170,95,10.465,170.0,35,fit:80de1342a3e9944829ab101957c8eddffd3d18cb805507bed707b0e306d3b433:segment:011,11,17821.0,16701,activities/108_260801060832.csv,1,1,0,0
fit:80de1342a3e9944829ab101957c8eddffd3d18cb805507bed707b0e306d3b433,2026-08-01T09:05:34+00:00,1375,235,170,96,10.473,170.0,35,fit:80de1342a3e9944829ab101957c8eddffd3d18cb805507bed707b0e306d3b433:segment:011,11,17822.0,16702,activities/108_260801060832.csv,1,1,0,0
fit:80de1342a3e9944829ab101957c8eddffd3d18cb805507bed707b0e306d3b433,2026-08-01T09:05:35+00:00,1376,238,170,96,10.559,170.0,35,fit:80de1342a3e9944829ab101957c8eddffd3d18cb805507bed707b0e306d3b433:segment:011,11,17823.0,16703,activities/108_260801060832.csv,1,1,0,0
fit:80de1342a3e9944829ab101957c8eddffd3d18cb805507bed707b0e306d3b433,2026-08-01T09:05:36+00:00,1377,231,170,96,10.623,170.79999999999995,35,fit:80de1342a3e9944829ab101957c8eddffd3d18cb805507bed707b0e306d3b433:segment:011,11,17824.0,16704,activities/108_260801060832.csv,1,1,0,0
fit:80de1342a3e9944829ab101957c8eddffd3d18cb805507bed707b0e306d3b433,2026-08-01T09:05:37+00:00,1378,201,170,96,10.639,170.79999999999995,35,fit:80de1342a3e9944829ab101957c8eddffd3d18cb805507bed707b0e306d3b433:segment:011,11,17825.0,16705,activities/108_260801060832.csv,1,1,0,0
fit:80de1342a3e9944829ab101957c8eddffd3d18cb805507bed707b0e306d3b433,2026-08-01T09:05:38+00:00,1379,216,170,96,10.597,170.79999999999995,35,fit:80de1342a3e9944829ab101957c8eddffd3d18cb805507bed707b0e306d3b433:segment:011,11,17826.0,16706,activities/108_260801060832.csv,1,1,0,0
fit:80de1342a3e9944829ab101957c8eddffd3d18cb805507bed707b0e306d3b433,2026-08-01T09:05:39+00:00,1380,219,170,96,10.568,170.79999999999995,35,fit:80de1342a3e9944829ab101957c8eddffd3d18cb805507bed707b0e306d3b433:segment:011,11,17827.0,16707,activities/108_260801060832.csv,1,1,0,0
fit:80de1342a3e9944829ab101957c8eddffd3d18cb805507bed707b0e306d3b433,2026-08-01T09:05:40+00:00,1381,216,171,97,10.65,170.79999999999995,35,fit:80de1342a3e9944829ab101957c8eddffd3d18cb805507bed707b0e306d3b433:segment:011,11,17828.0,16708,activities/108_260801060832.csv,1,1,0,0
fit:80de1342a3e9944829ab101957c8eddffd3d18cb805507bed707b0e306d3b433,2026-08-01T09:05:41+00:00,1382,220,171,97,10.751,170.79999999999995,35,fit:80de1342a3e9944829ab101957c8eddffd3d18cb805507bed707b0e306d3b433:segment:011,11,17829.0,16709,activities/108_260801060832.csv,1,1,0,0
fit:80de1342a3e9944829ab101957c8eddffd3d18cb805507bed707b0e306d3b433,2026-08-01T09:05:42+00:00,1383,191,170,97,10.735,170.79999999999995,35,fit:80de1342a3e9944829ab101957c8eddffd3d18cb805507bed707b0e306d3b433:segment:011,11,17830.0,16710,activities/108_260801060832.csv,1,1,0,0
fit:80de1342a3e9944829ab101957c8eddffd3d18cb805507bed707b0e306d3b433,2026-08-01T09:05:43+00:00,1384,234,170,97,10.673,170.79999999999995,35,fit:80de1342a3e9944829ab101957c8eddffd3d18cb805507bed707b0e306d3b433:segment:011,11,17831.0,16711,activities/108_260801060832.csv,1,1,0,0
fit:80de1342a3e9944829ab101957c8eddffd3d18cb805507bed707b0e306d3b433,2026-08-01T09:05:44+00:00,1385,214,170,97,10.747,170.79999999999995,35,fit:80de1342a3e9944829ab101957c8eddffd3d18cb805507bed707b0e306d3b433:segment:011,11,17832.0,16712,activities/108_260801060832.csv,1,1,0,0
fit:80de1342a3e9944829ab101957c8eddffd3d18cb805507bed707b0e306d3b433,2026-08-01T09:05:45+00:00,1386,175,170,97,10.792,170.0,35,fit:80de1342a3e9944829ab101957c8eddffd3d18cb805507bed707b0e306d3b433:segment:011,11,17833.0,16713,activities/108_260801060832.csv,1,1,0,0
fit:80de1342a3e9944829ab101957c8eddffd3d18cb805507bed707b0e306d3b433,2026-08-01T09:05:46+00:00,1387,202,170,96,10.771,169.79999999999995,35,fit:80de1342a3e9944829ab101957c8eddffd3d18cb805507bed707b0e306d3b433:segment:011,11,17834.0,16714,activities/108_260801060832.csv,1,1,0,0
fit:80de1342a3e9944829ab101957c8eddffd3d18cb805507bed707b0e306d3b433,2026-08-01T09:05:47+00:00,1388,217,169,96,10.616,169.79999999999995,35,fit:80de1342a3e9944829ab101957c8eddffd3d18cb805507bed707b0e306d3b433:segment:011,11,17835.0,16715,activities/108_260801060832.csv,1,1,0,0
fit:80de1342a3e9944829ab101957c8eddffd3d18cb805507bed707b0e306d3b433,2026-08-01T09:05:48+00:00,1389,225,169,96,10.65,169.79999999999995,35,fit:80de1342a3e9944829ab101957c8eddffd3d18cb805507bed707b0e306d3b433:segment:011,11,17836.0,16716,activities/108_260801060832.csv,1,1,0,0
fit:80de1342a3e9944829ab101957c8eddffd3d18cb805507bed707b0e306d3b433,2026-08-01T09:05:49+00:00,1390,227,169,96,10.681,170.20000000000005,35,fit:80de1342a3e9944829ab101957c8eddffd3d18cb805507bed707b0e306d3b433:segment:011,11,17837.0,16717,activities/108_260801060832.csv,1,1,0,0
fit:80de1342a3e9944829ab101957c8eddffd3d18cb805507bed707b0e306d3b433,2026-08-01T09:05:50+00:00,1391,193,169,95,10.599,170.20000000000005,35,fit:80de1342a3e9944829ab101957c8eddffd3d18cb805507bed707b0e306d3b433:segment:011,11,17838.0,16718,activities/108_260801060832.csv,1,1,0,0
fit:80de1342a3e9944829ab101957c8eddffd3d18cb805507bed707b0e306d3b433,2026-08-01T09:05:51+00:00,1392,193,169,95,10.524,170.20000000000005,35,fit:80de1342a3e9944829ab101957c8eddffd3d18cb805507bed707b0e306d3b433:segment:011,11,17839.0,16719,activities/108_260801060832.csv,1,1,0,0
fit:80de1342a3e9944829ab101957c8eddffd3d18cb805507bed707b0e306d3b433,2026-08-01T09:05:52+00:00,1393,196,169,95,10.493,170.20000000000005,35,fit:80de1342a3e9944829ab101957c8eddffd3d18cb805507bed707b0e306d3b433:segment:011,11,17840.0,16720,activities/108_260801060832.csv,1,1,0,0
fit:80de1342a3e9944829ab101957c8eddffd3d18cb805507bed707b0e306d3b433,2026-08-01T09:05:53+00:00,1394,244,169,95,10.498,170.20000000000005,35,fit:80de1342a3e9944829ab101957c8eddffd3d18cb805507bed707b0e306d3b433:segment:011,11,17841.0,16721,activities/108_260801060832.csv,1,1,0,0
fit:80de1342a3e9944829ab101957c8eddffd3d18cb805507bed707b0e306d3b433,2026-08-01T09:05:54+00:00,1395,233,169,95,10.547,170.20000000000005,35,fit:80de1342a3e9944829ab101957c8eddffd3d18cb805507bed707b0e306d3b433:segment:011,11,17842.0,16722,activities/108_260801060832.csv,1,1,0,0
fit:80de1342a3e9944829ab101957c8eddffd3d18cb805507bed707b0e306d3b433,2026-08-01T09:05:55+00:00,1396,231,169,95,10.568,169.39999999999998,35,fit:80de1342a3e9944829ab101957c8eddffd3d18cb805507bed707b0e306d3b433:segment:011,11,17843.0,16723,activities/108_260801060832.csv,1,1,0,0
fit:80de1342a3e9944829ab101957c8eddffd3d18cb805507bed707b0e306d3b433,2026-08-01T09:05:56+00:00,1397,236,169,95,10.478,169.39999999999998,35,fit:80de1342a3e9944829ab101957c8eddffd3d18cb805507bed707b0e306d3b433:segment:011,11,17844.0,16724,activities/108_260801060832.csv,1,1,0,0
fit:80de1342a3e9944829ab101957c8eddffd3d18cb805507bed707b0e306d3b433,2026-08-01T09:05:57+00:00,1398,221,169,95,10.403,169.39999999999998,35,fit:80de1342a3e9944829ab101957c8eddffd3d18cb805507bed707b0e306d3b433:segment:011,11,17845.0,16725,activities/108_260801060832.csv,1,1,0,0
fit:80de1342a3e9944829ab101957c8eddffd3d18cb805507bed707b0e306d3b433,2026-08-01T09:05:58+00:00,1399,227,169,94,10.403,170.20000000000005,35,fit:80de1342a3e9944829ab101957c8eddffd3d18cb805507bed707b0e306d3b433:segment:011,11,17846.0,16726,activities/108_260801060832.csv,1,1,0,0
fit:80de1342a3e9944829ab101957c8eddffd3d18cb805507bed707b0e306d3b433,2026-08-01T09:05:59+00:00,1400,217,169,94,10.45,170.79999999999995,35,fit:80de1342a3e9944829ab101957c8eddffd3d18cb805507bed707b0e306d3b433:segment:011,11,17847.0,16727,activities/108_260801060832.csv,1,1,0,0
fit:80de1342a3e9944829ab101957c8eddffd3d18cb805507bed707b0e306d3b433,2026-08-01T09:06:00+00:00,1401,229,169,93,10.432,170.79999999999995,35,fit:80de1342a3e9944829ab101957c8eddffd3d18cb805507bed707b0e306d3b433:segment:011,11,17848.0,16728,activities/108_260801060832.csv,1,1,0,0
fit:80de1342a3e9944829ab101957c8eddffd3d18cb805507bed707b0e306d3b433,2026-08-01T09:06:01+00:00,1402,231,169,93,10.431,170.79999999999995,35,fit:80de1342a3e9944829ab101957c8eddffd3d18cb805507bed707b0e306d3b433:segment:011,11,17849.0,16729,activities/108_260801060832.csv,1,1,0,0
fit:80de1342a3e9944829ab101957c8eddffd3d18cb805507bed707b0e306d3b433,2026-08-01T09:06:02+00:00,1403,216,169,93,10.455,170.20000000000005,35,fit:80de1342a3e9944829ab101957c8eddffd3d18cb805507bed707b0e306d3b433:segment:011,11,17850.0,16730,activities/108_260801060832.csv,1,1,0,0
fit:80de1342a3e9944829ab101957c8eddffd3d18cb805507bed707b0e306d3b433,2026-08-01T09:06:03+00:00,1404,231,169,94,10.381,170.0,35,fit:80de1342a3e9944829ab101957c8eddffd3d18cb805507bed707b0e306d3b433:segment:011,11,17851.0,16731,activities/108_260801060832.csv,1,1,0,0
fit:80de1342a3e9944829ab101957c8eddffd3d18cb805507bed707b0e306d3b433,2026-08-01T09:06:04+00:00,1405,228,170,94,10.315,170.0,35,fit:80de1342a3e9944829ab101957c8eddffd3d18cb805507bed707b0e306d3b433:segment:011,11,17852.0,16732,activities/108_260801060832.csv,1,1,0,0
fit:80de1342a3e9944829ab101957c8eddffd3d18cb805507bed707b0e306d3b433,2026-08-01T09:06:05+00:00,1406,186,170,94,10.303,170.0,35,fit:80de1342a3e9944829ab101957c8eddffd3d18cb805507bed707b0e306d3b433:segment:011,11,17853.0,16733,activities/108_260801060832.csv,1,1,0,0
fit:80de1342a3e9944829ab101957c8eddffd3d18cb805507bed707b0e306d3b433,2026-08-01T09:06:06+00:00,1407,175,170,94,10.356,170.0,35,fit:80de1342a3e9944829ab101957c8eddffd3d18cb805507bed707b0e306d3b433:segment:011,11,17854.0,16734,activities/108_260801060832.csv,1,1,0,0
fit:80de1342a3e9944829ab101957c8eddffd3d18cb805507bed707b0e306d3b433,2026-08-01T09:06:07+00:00,1408,19,170,94,10.426,170.20000000000005,35,fit:80de1342a3e9944829ab101957c8eddffd3d18cb805507bed707b0e306d3b433:segment:011,11,17855.0,16735,activities/108_260801060832.csv,1,1,0,0
fit:80de1342a3e9944829ab101957c8eddffd3d18cb805507bed707b0e306d3b433,2026-08-01T09:06:08+00:00,1409,225,170,35,10.31,171.20000000000005,35,fit:80de1342a3e9944829ab101957c8eddffd3d18cb805507bed707b0e306d3b433:segment:011,11,17856.0,16736,activities/108_260801060832.csv,1,1,0,0
fit:80de1342a3e9944829ab101957c8eddffd3d18cb805507bed707b0e306d3b433,2026-08-01T09:06:09+00:00,1410,221,170,92,10.234,171.79999999999995,35,fit:80de1342a3e9944829ab101957c8eddffd3d18cb805507bed707b0e306d3b433:segment:011,11,17857.0,16737,activities/108_260801060832.csv,1,1,0,0
fit:80de1342a3e9944829ab101957c8eddffd3d18cb805507bed707b0e306d3b433,2026-08-01T09:06:10+00:00,1411,313,170,93,10.2,171.79999999999995,35,fit:80de1342a3e9944829ab101957c8eddffd3d18cb805507bed707b0e306d3b433:segment:011,11,17858.0,16738,activities/108_260801060832.csv,1,1,0,0
fit:80de1342a3e9944829ab101957c8eddffd3d18cb805507bed707b0e306d3b433,2026-08-01T09:06:11+00:00,1412,313,170,93,10.199,171.79999999999995,35,fit:80de1342a3e9944829ab101957c8eddffd3d18cb805507bed707b0e306d3b433:segment:011,11,17859.0,16739,activities/108_260801060832.csv,1,1,0,0
fit:80de1342a3e9944829ab101957c8eddffd3d18cb805507bed707b0e306d3b433,2026-08-01T09:06:12+00:00,1413,221,170,93,10.264,170.79999999999995,35,fit:80de1342a3e9944829ab101957c8eddffd3d18cb805507bed707b0e306d3b433:segment:011,11,17860.0,16740,activities/108_260801060832.csv,1,1,0,0
fit:80de1342a3e9944829ab101957c8eddffd3d18cb805507bed707b0e306d3b433,2026-08-01T09:06:13+00:00,1414,247,169,93,10.26,170.0,35,fit:80de1342a3e9944829ab101957c8eddffd3d18cb805507bed707b0e306d3b433:segment:011,11,17861.0,16741,activities/108_260801060832.csv,1,1,0,0
fit:80de1342a3e9944829ab101957c8eddffd3d18cb805507bed707b0e306d3b433,2026-08-01T09:06:14+00:00,1415,213,169,92,10.19,169.39999999999998,35,fit:80de1342a3e9944829ab101957c8eddffd3d18cb805507bed707b0e306d3b433:segment:011,11,17862.0,16742,activities/108_260801060832.csv,1,1,0,0
fit:80de1342a3e9944829ab101957c8eddffd3d18cb805507bed707b0e306d3b433,2026-08-01T09:06:15+00:00,1416,211,169,92,10.1,169.39999999999998,35,fit:80de1342a3e9944829ab101957c8eddffd3d18cb805507bed707b0e306d3b433:segment:011,11,17863.0,16743,activities/108_260801060832.csv,1,1,0,0
fit:80de1342a3e9944829ab101957c8eddffd3d18cb805507bed707b0e306d3b433,2026-08-01T09:06:16+00:00,1417,245,169,93,10.091,169.39999999999998,35,fit:80de1342a3e9944829ab101957c8eddffd3d18cb805507bed707b0e306d3b433:segment:011,11,17864.0,16744,activities/108_260801060832.csv,1,1,0,0
fit:80de1342a3e9944829ab101957c8eddffd3d18cb805507bed707b0e306d3b433,2026-08-01T09:06:17+00:00,1418,235,169,93,10.141,170.39999999999998,35,fit:80de1342a3e9944829ab101957c8eddffd3d18cb805507bed707b0e306d3b433:segment:011,11,17865.0,16745,activities/108_260801060832.csv,1,1,0,0
fit:80de1342a3e9944829ab101957c8eddffd3d18cb805507bed707b0e306d3b433,2026-08-01T09:06:18+00:00,1419,222,168,93,10.27,170.39999999999998,35,fit:80de1342a3e9944829ab101957c8eddffd3d18cb805507bed707b0e306d3b433:segment:011,11,17866.0,16746,activities/108_260801060832.csv,1,1,0,0
fit:80de1342a3e9944829ab101957c8eddffd3d18cb805507bed707b0e306d3b433,2026-08-01T09:06:19+00:00,1420,218,169,94,10.231,170.39999999999998,35,fit:80de1342a3e9944829ab101957c8eddffd3d18cb805507bed707b0e306d3b433:segment:011,11,17867.0,16747,activities/108_260801060832.csv,1,1,0,0
fit:80de1342a3e9944829ab101957c8eddffd3d18cb805507bed707b0e306d3b433,2026-08-01T09:06:20+00:00,1421,215,169,94,10.313,170.39999999999998,35,fit:80de1342a3e9944829ab101957c8eddffd3d18cb805507bed707b0e306d3b433:segment:011,11,17868.0,16748,activities/108_260801060832.csv,1,1,0,0
fit:80de1342a3e9944829ab101957c8eddffd3d18cb805507bed707b0e306d3b433,2026-08-01T09:06:21+00:00,1422,230,169,92,10.325,170.39999999999998,35,fit:80de1342a3e9944829ab101957c8eddffd3d18cb805507bed707b0e306d3b433:segment:011,11,17869.0,16749,activities/108_260801060832.csv,1,1,0,0
fit:80de1342a3e9944829ab101957c8eddffd3d18cb805507bed707b0e306d3b433,2026-08-01T09:06:22+00:00,1423,202,169,92,10.221,170.39999999999998,35,fit:80de1342a3e9944829ab101957c8eddffd3d18cb805507bed707b0e306d3b433:segment:011,11,17870.0,16750,activities/108_260801060832.csv,1,1,0,0
fit:80de1342a3e9944829ab101957c8eddffd3d18cb805507bed707b0e306d3b433,2026-08-01T09:06:23+00:00,1424,200,169,92,10.205,170.39999999999998,35,fit:80de1342a3e9944829ab101957c8eddffd3d18cb805507bed707b0e306d3b433:segment:011,11,17871.0,16751,activities/108_260801060832.csv,1,1,0,0
fit:80de1342a3e9944829ab101957c8eddffd3d18cb805507bed707b0e306d3b433,2026-08-01T09:06:24+00:00,1425,283,170,91,10.101,170.39999999999998,35,fit:80de1342a3e9944829ab101957c8eddffd3d18cb805507bed707b0e306d3b433:segment:011,11,17872.0,16752,activities/108_260801060832.csv,1,1,0,0
fit:80de1342a3e9944829ab101957c8eddffd3d18cb805507bed707b0e306d3b433,2026-08-01T09:06:25+00:00,1426,283,170,91,9.988,169.79999999999995,35,fit:80de1342a3e9944829ab101957c8eddffd3d18cb805507bed707b0e306d3b433:segment:011,11,17873.0,16753,activities/108_260801060832.csv,1,1,0,0
fit:80de1342a3e9944829ab101957c8eddffd3d18cb805507bed707b0e306d3b433,2026-08-01T09:06:26+00:00,1427,249,170,91,10.044,169.79999999999995,35,fit:80de1342a3e9944829ab101957c8eddffd3d18cb805507bed707b0e306d3b433:segment:011,11,17874.0,16754,activities/108_260801060832.csv,1,1,0,0
fit:80de1342a3e9944829ab101957c8eddffd3d18cb805507bed707b0e306d3b433,2026-08-01T09:06:27+00:00,1428,242,170,92,10.068,169.79999999999995,35,fit:80de1342a3e9944829ab101957c8eddffd3d18cb805507bed707b0e306d3b433:segment:011,11,17875.0,16755,activities/108_260801060832.csv,1,1,0,0
fit:80de1342a3e9944829ab101957c8eddffd3d18cb805507bed707b0e306d3b433,2026-08-01T09:06:28+00:00,1429,212,171,92,10.091,169.79999999999995,35,fit:80de1342a3e9944829ab101957c8eddffd3d18cb805507bed707b0e306d3b433:segment:011,11,17876.0,16756,activities/108_260801060832.csv,1,1,0,0
fit:80de1342a3e9944829ab101957c8eddffd3d18cb805507bed707b0e306d3b433,2026-08-01T09:06:29+00:00,1430,249,171,92,10.107,169.39999999999998,35,fit:80de1342a3e9944829ab101957c8eddffd3d18cb805507bed707b0e306d3b433:segment:011,11,17877.0,16757,activities/108_260801060832.csv,1,1,0,0
fit:80de1342a3e9944829ab101957c8eddffd3d18cb805507bed707b0e306d3b433,2026-08-01T09:06:30+00:00,1431,242,171,91,10.196,169.39999999999998,35,fit:80de1342a3e9944829ab101957c8eddffd3d18cb805507bed707b0e306d3b433:segment:011,11,17878.0,16758,activities/108_260801060832.csv,1,1,0,0
fit:80de1342a3e9944829ab101957c8eddffd3d18cb805507bed707b0e306d3b433,2026-08-01T09:06:31+00:00,1432,272,171,91,10.237,169.39999999999998,35,fit:80de1342a3e9944829ab101957c8eddffd3d18cb805507bed707b0e306d3b433:segment:011,11,17879.0,16759,activities/108_260801060832.csv,1,1,0,0
fit:80de1342a3e9944829ab101957c8eddffd3d18cb805507bed707b0e306d3b433,2026-08-01T09:06:32+00:00,1433,272,171,91,10.193,170.39999999999998,35,fit:80de1342a3e9944829ab101957c8eddffd3d18cb805507bed707b0e306d3b433:segment:011,11,17880.0,16760,activities/108_260801060832.csv,1,1,0,0
fit:80de1342a3e9944829ab101957c8eddffd3d18cb805507bed707b0e306d3b433,2026-08-01T09:06:33+00:00,1434,232,171,92,10.221,170.39999999999998,35,fit:80de1342a3e9944829ab101957c8eddffd3d18cb805507bed707b0e306d3b433:segment:011,11,17881.0,16761,activities/108_260801060832.csv,1,1,0,0
fit:80de1342a3e9944829ab101957c8eddffd3d18cb805507bed707b0e306d3b433,2026-08-01T09:06:34+00:00,1435,246,170,92,10.195,170.39999999999998,35,fit:80de1342a3e9944829ab101957c8eddffd3d18cb805507bed707b0e306d3b433:segment:011,11,17882.0,16762,activities/108_260801060832.csv,1,1,0,0
fit:80de1342a3e9944829ab101957c8eddffd3d18cb805507bed707b0e306d3b433,2026-08-01T09:06:35+00:00,1436,245,170,92,10.128,170.39999999999998,35,fit:80de1342a3e9944829ab101957c8eddffd3d18cb805507bed707b0e306d3b433:segment:011,11,17883.0,16763,activities/108_260801060832.csv,1,1,0,0
fit:80de1342a3e9944829ab101957c8eddffd3d18cb805507bed707b0e306d3b433,2026-08-01T09:06:36+00:00,1437,245,171,91,10.047,169.79999999999995,35,fit:80de1342a3e9944829ab101957c8eddffd3d18cb805507bed707b0e306d3b433:segment:011,11,17884.0,16764,activities/108_260801060832.csv,1,1,0,0
fit:80de1342a3e9944829ab101957c8eddffd3d18cb805507bed707b0e306d3b433,2026-08-01T09:06:37+00:00,1438,271,171,92,10.041,169.79999999999995,35,fit:80de1342a3e9944829ab101957c8eddffd3d18cb805507bed707b0e306d3b433:segment:011,11,17885.0,16765,activities/108_260801060832.csv,1,1,0,0
fit:80de1342a3e9944829ab101957c8eddffd3d18cb805507bed707b0e306d3b433,2026-08-01T09:06:38+00:00,1439,271,171,93,10.054,169.79999999999995,35,fit:80de1342a3e9944829ab101957c8eddffd3d18cb805507bed707b0e306d3b433:segment:011,11,17886.0,16766,activities/108_260801060832.csv,1,1,0,0
fit:80de1342a3e9944829ab101957c8eddffd3d18cb805507bed707b0e306d3b433,2026-08-01T09:06:39+00:00,1440,237,171,93,10.142,169.79999999999995,35,fit:80de1342a3e9944829ab101957c8eddffd3d18cb805507bed707b0e306d3b433:segment:011,11,17887.0,16767,activities/108_260801060832.csv,1,1,0,0
fit:80de1342a3e9944829ab101957c8eddffd3d18cb805507bed707b0e306d3b433,2026-08-01T09:06:40+00:00,1441,227,171,93,10.187,170.60000000000002,35,fit:80de1342a3e9944829ab101957c8eddffd3d18cb805507bed707b0e306d3b433:segment:011,11,17888.0,16768,activities/108_260801060832.csv,1,1,0,0
fit:80de1342a3e9944829ab101957c8eddffd3d18cb805507bed707b0e306d3b433,2026-08-01T09:06:41+00:00,1442,218,172,92,10.209,170.60000000000002,35,fit:80de1342a3e9944829ab101957c8eddffd3d18cb805507bed707b0e306d3b433:segment:011,11,17889.0,16769,activities/108_260801060832.csv,1,1,0,0
fit:80de1342a3e9944829ab101957c8eddffd3d18cb805507bed707b0e306d3b433,2026-08-01T09:06:42+00:00,1443,237,172,92,10.312,170.60000000000002,35,fit:80de1342a3e9944829ab101957c8eddffd3d18cb805507bed707b0e306d3b433:segment:011,11,17890.0,16770,activities/108_260801060832.csv,1,1,0,0
fit:80de1342a3e9944829ab101957c8eddffd3d18cb805507bed707b0e306d3b433,2026-08-01T09:06:43+00:00,1444,207,172,92,10.301,170.60000000000002,35,fit:80de1342a3e9944829ab101957c8eddffd3d18cb805507bed707b0e306d3b433:segment:011,11,17891.0,16771,activities/108_260801060832.csv,1,1,0,0
fit:80de1342a3e9944829ab101957c8eddffd3d18cb805507bed707b0e306d3b433,2026-08-01T09:06:44+00:00,1445,228,173,92,10.265,170.60000000000002,35,fit:80de1342a3e9944829ab101957c8eddffd3d18cb805507bed707b0e306d3b433:segment:011,11,17892.0,16772,activities/108_260801060832.csv,1,1,0,0
fit:80de1342a3e9944829ab101957c8eddffd3d18cb805507bed707b0e306d3b433,2026-08-01T09:06:45+00:00,1446,226,173,91,10.157,170.0,35,fit:80de1342a3e9944829ab101957c8eddffd3d18cb805507bed707b0e306d3b433:segment:011,11,17893.0,16773,activities/108_260801060832.csv,1,1,0,0
fit:80de1342a3e9944829ab101957c8eddffd3d18cb805507bed707b0e306d3b433,2026-08-01T09:06:46+00:00,1447,235,173,91,10.038,170.0,35,fit:80de1342a3e9944829ab101957c8eddffd3d18cb805507bed707b0e306d3b433:segment:011,11,17894.0,16774,activities/108_260801060832.csv,1,1,0,0
fit:80de1342a3e9944829ab101957c8eddffd3d18cb805507bed707b0e306d3b433,2026-08-01T09:06:47+00:00,1448,214,173,91,10.052,170.0,35,fit:80de1342a3e9944829ab101957c8eddffd3d18cb805507bed707b0e306d3b433:segment:011,11,17895.0,16775,activities/108_260801060832.csv,1,1,0,0
fit:80de1342a3e9944829ab101957c8eddffd3d18cb805507bed707b0e306d3b433,2026-08-01T09:06:48+00:00,1449,211,173,92,10.039,170.0,35,fit:80de1342a3e9944829ab101957c8eddffd3d18cb805507bed707b0e306d3b433:segment:011,11,17896.0,16776,activities/108_260801060832.csv,1,1,0,0
fit:80de1342a3e9944829ab101957c8eddffd3d18cb805507bed707b0e306d3b433,2026-08-01T09:06:49+00:00,1450,193,174,92,10.101,170.0,35,fit:80de1342a3e9944829ab101957c8eddffd3d18cb805507bed707b0e306d3b433:segment:011,11,17897.0,16777,activities/108_260801060832.csv,1,1,0,0
fit:80de1342a3e9944829ab101957c8eddffd3d18cb805507bed707b0e306d3b433,2026-08-01T09:06:50+00:00,1451,182,174,91,9.988,170.0,35,fit:80de1342a3e9944829ab101957c8eddffd3d18cb805507bed707b0e306d3b433:segment:011,11,17898.0,16778,activities/108_260801060832.csv,1,1,0,0
fit:80de1342a3e9944829ab101957c8eddffd3d18cb805507bed707b0e306d3b433,2026-08-01T09:06:51+00:00,1452,256,174,90,9.823,170.0,35,fit:80de1342a3e9944829ab101957c8eddffd3d18cb805507bed707b0e306d3b433:segment:011,11,17899.0,16779,activities/108_260801060832.csv,1,1,0,0
fit:80de1342a3e9944829ab101957c8eddffd3d18cb805507bed707b0e306d3b433,2026-08-01T09:06:52+00:00,1453,225,174,90,9.785,170.39999999999998,35,fit:80de1342a3e9944829ab101957c8eddffd3d18cb805507bed707b0e306d3b433:segment:011,11,17900.0,16780,activities/108_260801060832.csv,1,1,0,0
fit:80de1342a3e9944829ab101957c8eddffd3d18cb805507bed707b0e306d3b433,2026-08-01T09:06:53+00:00,1454,188,174,90,9.825,170.39999999999998,35,fit:80de1342a3e9944829ab101957c8eddffd3d18cb805507bed707b0e306d3b433:segment:011,11,17901.0,16781,activities/108_260801060832.csv,1,1,0,0
fit:80de1342a3e9944829ab101957c8eddffd3d18cb805507bed707b0e306d3b433,2026-08-01T09:06:54+00:00,1455,118,174,89,9.826,170.39999999999998,35,fit:80de1342a3e9944829ab101957c8eddffd3d18cb805507bed707b0e306d3b433:segment:011,11,17902.0,16782,activities/108_260801060832.csv,1,1,0,0
fit:80de1342a3e9944829ab101957c8eddffd3d18cb805507bed707b0e306d3b433,2026-08-01T09:06:55+00:00,1456,144,174,87,9.768,170.39999999999998,35,fit:80de1342a3e9944829ab101957c8eddffd3d18cb805507bed707b0e306d3b433:segment:011,11,17903.0,16783,activities/108_260801060832.csv,1,1,0,0
fit:80de1342a3e9944829ab101957c8eddffd3d18cb805507bed707b0e306d3b433,2026-08-01T09:06:56+00:00,1457,205,173,86,9.621,170.39999999999998,35,fit:80de1342a3e9944829ab101957c8eddffd3d18cb805507bed707b0e306d3b433:segment:011,11,17904.0,16784,activities/108_260801060832.csv,1,1,0,0
fit:80de1342a3e9944829ab101957c8eddffd3d18cb805507bed707b0e306d3b433,2026-08-01T09:06:57+00:00,1458,206,173,84,9.433,170.20000000000005,35,fit:80de1342a3e9944829ab101957c8eddffd3d18cb805507bed707b0e306d3b433:segment:011,11,17905.0,16785,activities/108_260801060832.csv,1,1,0,0
fit:80de1342a3e9944829ab101957c8eddffd3d18cb805507bed707b0e306d3b433,2026-08-01T09:06:58+00:00,1459,287,173,84,9.309,169.20000000000005,35,fit:80de1342a3e9944829ab101957c8eddffd3d18cb805507bed707b0e306d3b433:segment:011,11,17906.0,16786,activities/108_260801060832.csv,1,1,0,0
fit:80de1342a3e9944829ab101957c8eddffd3d18cb805507bed707b0e306d3b433,2026-08-01T09:06:59+00:00,1460,285,172,82,9.224,169.20000000000005,35,fit:80de1342a3e9944829ab101957c8eddffd3d18cb805507bed707b0e306d3b433:segment:011,11,17907.0,16787,activities/108_260801060832.csv,1,1,0,0
fit:80de1342a3e9944829ab101957c8eddffd3d18cb805507bed707b0e306d3b433,2026-08-01T09:07:00+00:00,1461,246,172,82,9.066,169.20000000000005,35,fit:80de1342a3e9944829ab101957c8eddffd3d18cb805507bed707b0e306d3b433:segment:011,11,17908.0,16788,activities/108_260801060832.csv,1,1,0,0
fit:80de1342a3e9944829ab101957c8eddffd3d18cb805507bed707b0e306d3b433,2026-08-01T09:07:01+00:00,1462,241,172,82,8.941,170.0,35,fit:80de1342a3e9944829ab101957c8eddffd3d18cb805507bed707b0e306d3b433:segment:011,11,17909.0,16789,activities/108_260801060832.csv,1,1,0,0
fit:80de1342a3e9944829ab101957c8eddffd3d18cb805507bed707b0e306d3b433,2026-08-01T09:07:02+00:00,1463,241,171,83,9.068,170.0,35,fit:80de1342a3e9944829ab101957c8eddffd3d18cb805507bed707b0e306d3b433:segment:011,11,17910.0,16790,activities/108_260801060832.csv,1,1,0,0
fit:80de1342a3e9944829ab101957c8eddffd3d18cb805507bed707b0e306d3b433,2026-08-01T09:07:03+00:00,1464,225,171,84,9.108,171.0,35,fit:80de1342a3e9944829ab101957c8eddffd3d18cb805507bed707b0e306d3b433:segment:011,11,17911.0,16791,activities/108_260801060832.csv,1,1,0,0
fit:80de1342a3e9944829ab101957c8eddffd3d18cb805507bed707b0e306d3b433,2026-08-01T09:07:04+00:00,1465,213,171,85,9.134,171.0,35,fit:80de1342a3e9944829ab101957c8eddffd3d18cb805507bed707b0e306d3b433:segment:011,11,17912.0,16792,activities/108_260801060832.csv,1,1,0,0
fit:80de1342a3e9944829ab101957c8eddffd3d18cb805507bed707b0e306d3b433,2026-08-01T09:07:05+00:00,1466,208,171,86,9.268,171.0,35,fit:80de1342a3e9944829ab101957c8eddffd3d18cb805507bed707b0e306d3b433:segment:011,11,17913.0,16793,activities/108_260801060832.csv,1,1,0,0
fit:80de1342a3e9944829ab101957c8eddffd3d18cb805507bed707b0e306d3b433,2026-08-01T09:07:06+00:00,1467,188,171,87,9.306,171.0,35,fit:80de1342a3e9944829ab101957c8eddffd3d18cb805507bed707b0e306d3b433:segment:011,11,17914.0,16794,activities/108_260801060832.csv,1,1,0,0
fit:80de1342a3e9944829ab101957c8eddffd3d18cb805507bed707b0e306d3b433,2026-08-01T09:07:07+00:00,1468,189,171,87,9.359,171.0,35,fit:80de1342a3e9944829ab101957c8eddffd3d18cb805507bed707b0e306d3b433:segment:011,11,17915.0,16795,activities/108_260801060832.csv,1,1,0,0
fit:80de1342a3e9944829ab101957c8eddffd3d18cb805507bed707b0e306d3b433,2026-08-01T09:07:08+00:00,1469,227,171,87,9.396,171.0,35,fit:80de1342a3e9944829ab101957c8eddffd3d18cb805507bed707b0e306d3b433:segment:011,11,17916.0,16796,activities/108_260801060832.csv,1,1,0,0
fit:80de1342a3e9944829ab101957c8eddffd3d18cb805507bed707b0e306d3b433,2026-08-01T09:07:09+00:00,1470,249,171,86,9.521,170.79999999999995,35,fit:80de1342a3e9944829ab101957c8eddffd3d18cb805507bed707b0e306d3b433:segment:011,11,17917.0,16797,activities/108_260801060832.csv,1,1,0,0
fit:80de1342a3e9944829ab101957c8eddffd3d18cb805507bed707b0e306d3b433,2026-08-01T09:07:10+00:00,1471,222,171,87,9.59,170.79999999999995,35,fit:80de1342a3e9944829ab101957c8eddffd3d18cb805507bed707b0e306d3b433:segment:011,11,17918.0,16798,activities/108_260801060832.csv,1,1,0,0
fit:80de1342a3e9944829ab101957c8eddffd3d18cb805507bed707b0e306d3b433,2026-08-01T09:07:11+00:00,1472,213,171,88,9.662,170.79999999999995,35,fit:80de1342a3e9944829ab101957c8eddffd3d18cb805507bed707b0e306d3b433:segment:011,11,17919.0,16799,activities/108_260801060832.csv,1,1,0,0
fit:80de1342a3e9944829ab101957c8eddffd3d18cb805507bed707b0e306d3b433,2026-08-01T09:07:12+00:00,1473,214,171,89,9.653,170.79999999999995,35,fit:80de1342a3e9944829ab101957c8eddffd3d18cb805507bed707b0e306d3b433:segment:011,11,17920.0,16800,activities/108_260801060832.csv,1,1,0,0
fit:80de1342a3e9944829ab101957c8eddffd3d18cb805507bed707b0e306d3b433,2026-08-01T09:07:13+00:00,1474,203,171,90,9.734,170.79999999999995,35,fit:80de1342a3e9944829ab101957c8eddffd3d18cb805507bed707b0e306d3b433:segment:011,11,17921.0,16801,activities/108_260801060832.csv,1,1,0,0
fit:80de1342a3e9944829ab101957c8eddffd3d18cb805507bed707b0e306d3b433,2026-08-01T09:07:14+00:00,1475,197,171,90,9.817,171.39999999999998,35,fit:80de1342a3e9944829ab101957c8eddffd3d18cb805507bed707b0e306d3b433:segment:011,11,17922.0,16802,activities/108_260801060832.csv,1,1,0,0
fit:80de1342a3e9944829ab101957c8eddffd3d18cb805507bed707b0e306d3b433,2026-08-01T09:07:15+00:00,1476,196,170,90,9.936,171.79999999999995,35,fit:80de1342a3e9944829ab101957c8eddffd3d18cb805507bed707b0e306d3b433:segment:011,11,17923.0,16803,activities/108_260801060832.csv,1,1,0,0
fit:80de1342a3e9944829ab101957c8eddffd3d18cb805507bed707b0e306d3b433,2026-08-01T09:07:16+00:00,1477,197,170,91,9.969,171.79999999999995,35,fit:80de1342a3e9944829ab101957c8eddffd3d18cb805507bed707b0e306d3b433:segment:011,11,17924.0,16804,activities/108_260801060832.csv,1,1,0,0
fit:80de1342a3e9944829ab101957c8eddffd3d18cb805507bed707b0e306d3b433,2026-08-01T09:07:17+00:00,1478,205,170,91,10.021,171.79999999999995,35,fit:80de1342a3e9944829ab101957c8eddffd3d18cb805507bed707b0e306d3b433:segment:011,11,17925.0,16805,activities/108_260801060832.csv,1,1,0,0
fit:80de1342a3e9944829ab101957c8eddffd3d18cb805507bed707b0e306d3b433,2026-08-01T09:07:18+00:00,1479,188,171,92,10.016,171.60000000000002,35,fit:80de1342a3e9944829ab101957c8eddffd3d18cb805507bed707b0e306d3b433:segment:011,11,17926.0,16806,activities/108_260801060832.csv,1,1,0,0
fit:80de1342a3e9944829ab101957c8eddffd3d18cb805507bed707b0e306d3b433,2026-08-01T09:07:19+00:00,1480,188,171,92,10.076,171.60000000000002,35,fit:80de1342a3e9944829ab101957c8eddffd3d18cb805507bed707b0e306d3b433:segment:011,11,17927.0,16807,activities/108_260801060832.csv,1,1,0,0
fit:80de1342a3e9944829ab101957c8eddffd3d18cb805507bed707b0e306d3b433,2026-08-01T09:07:20+00:00,1481,200,172,92,10.107,171.60000000000002,35,fit:80de1342a3e9944829ab101957c8eddffd3d18cb805507bed707b0e306d3b433:segment:011,11,17928.0,16808,activities/108_260801060832.csv,1,1,0,0
fit:80de1342a3e9944829ab101957c8eddffd3d18cb805507bed707b0e306d3b433,2026-08-01T09:07:21+00:00,1482,264,172,93,10.105,171.60000000000002,35,fit:80de1342a3e9944829ab101957c8eddffd3d18cb805507bed707b0e306d3b433:segment:011,11,17929.0,16809,activities/108_260801060832.csv,1,1,0,0
fit:80de1342a3e9944829ab101957c8eddffd3d18cb805507bed707b0e306d3b433,2026-08-01T09:07:22+00:00,1483,174,172,94,10.132,171.60000000000002,35,fit:80de1342a3e9944829ab101957c8eddffd3d18cb805507bed707b0e306d3b433:segment:011,11,17930.0,16810,activities/108_260801060832.csv,1,1,0,0
fit:80de1342a3e9944829ab101957c8eddffd3d18cb805507bed707b0e306d3b433,2026-08-01T09:07:23+00:00,1484,76,172,94,10.259,170.60000000000002,35,fit:80de1342a3e9944829ab101957c8eddffd3d18cb805507bed707b0e306d3b433:segment:011,11,17931.0,16811,activities/108_260801060832.csv,1,1,0,0
fit:80de1342a3e9944829ab101957c8eddffd3d18cb805507bed707b0e306d3b433,2026-08-01T09:07:24+00:00,1485,103,172,99,10.345,170.60000000000002,35,fit:80de1342a3e9944829ab101957c8eddffd3d18cb805507bed707b0e306d3b433:segment:011,11,17932.0,16812,activities/108_260801060832.csv,1,1,0,0
fit:80de1342a3e9944829ab101957c8eddffd3d18cb805507bed707b0e306d3b433,2026-08-01T09:07:25+00:00,1486,148,172,103,10.26,170.60000000000002,35,fit:80de1342a3e9944829ab101957c8eddffd3d18cb805507bed707b0e306d3b433:segment:011,11,17933.0,16813,activities/108_260801060832.csv,1,1,0,0
fit:80de1342a3e9944829ab101957c8eddffd3d18cb805507bed707b0e306d3b433,2026-08-01T09:07:26+00:00,1487,168,172,102,10.168,171.0,35,fit:80de1342a3e9944829ab101957c8eddffd3d18cb805507bed707b0e306d3b433:segment:011,11,17934.0,16814,activities/108_260801060832.csv,1,1,0,0
fit:80de1342a3e9944829ab101957c8eddffd3d18cb805507bed707b0e306d3b433,2026-08-01T09:07:27+00:00,1488,163,172,101,10.076,171.0,35,fit:80de1342a3e9944829ab101957c8eddffd3d18cb805507bed707b0e306d3b433:segment:011,11,17935.0,16815,activities/108_260801060832.csv,1,1,0,0
fit:80de1342a3e9944829ab101957c8eddffd3d18cb805507bed707b0e306d3b433,2026-08-01T09:07:28+00:00,1489,193,172,101,10.048,171.0,35,fit:80de1342a3e9944829ab101957c8eddffd3d18cb805507bed707b0e306d3b433:segment:011,11,17936.0,16816,activities/108_260801060832.csv,1,1,0,0
fit:80de1342a3e9944829ab101957c8eddffd3d18cb805507bed707b0e306d3b433,2026-08-01T09:07:29+00:00,1490,216,172,101,10.013,171.0,35,fit:80de1342a3e9944829ab101957c8eddffd3d18cb805507bed707b0e306d3b433:segment:011,11,17937.0,16817,activities/108_260801060832.csv,1,1,0,0
fit:80de1342a3e9944829ab101957c8eddffd3d18cb805507bed707b0e306d3b433,2026-08-01T09:07:30+00:00,1491,190,171,101,9.955,171.0,35,fit:80de1342a3e9944829ab101957c8eddffd3d18cb805507bed707b0e306d3b433:segment:011,11,17938.0,16818,activities/108_260801060832.csv,1,1,0,0
fit:80de1342a3e9944829ab101957c8eddffd3d18cb805507bed707b0e306d3b433,2026-08-01T09:07:31+00:00,1492,184,171,100,9.967,170.39999999999998,35,fit:80de1342a3e9944829ab101957c8eddffd3d18cb805507bed707b0e306d3b433:segment:011,11,17939.0,16819,activities/108_260801060832.csv,1,1,0,0
fit:80de1342a3e9944829ab101957c8eddffd3d18cb805507bed707b0e306d3b433,2026-08-01T09:07:32+00:00,1493,198,171,99,9.84,170.39999999999998,35,fit:80de1342a3e9944829ab101957c8eddffd3d18cb805507bed707b0e306d3b433:segment:011,11,17940.0,16820,activities/108_260801060832.csv,1,1,0,0
fit:80de1342a3e9944829ab101957c8eddffd3d18cb805507bed707b0e306d3b433,2026-08-01T09:07:33+00:00,1494,269,171,97,9.736,170.39999999999998,35,fit:80de1342a3e9944829ab101957c8eddffd3d18cb805507bed707b0e306d3b433:segment:011,11,17941.0,16821,activities/108_260801060832.csv,1,1,0,0
fit:80de1342a3e9944829ab101957c8eddffd3d18cb805507bed707b0e306d3b433,2026-08-01T09:07:34+00:00,1495,269,170,97,9.63,170.79999999999995,35,fit:80de1342a3e9944829ab101957c8eddffd3d18cb805507bed707b0e306d3b433:segment:011,11,17942.0,16822,activities/108_260801060832.csv,1,1,0,0
fit:80de1342a3e9944829ab101957c8eddffd3d18cb805507bed707b0e306d3b433,2026-08-01T09:07:35+00:00,1496,317,171,97,9.467,170.79999999999995,35,fit:80de1342a3e9944829ab101957c8eddffd3d18cb805507bed707b0e306d3b433:segment:011,11,17943.0,16823,activities/108_260801060832.csv,1,1,0,0
fit:80de1342a3e9944829ab101957c8eddffd3d18cb805507bed707b0e306d3b433,2026-08-01T09:07:36+00:00,1497,336,171,94,9.305,170.79999999999995,35,fit:80de1342a3e9944829ab101957c8eddffd3d18cb805507bed707b0e306d3b433:segment:011,11,17944.0,16824,activities/108_260801060832.csv,1,1,0,0
fit:80de1342a3e9944829ab101957c8eddffd3d18cb805507bed707b0e306d3b433,2026-08-01T09:07:37+00:00,1498,342,171,92,9.172,170.79999999999995,35,fit:80de1342a3e9944829ab101957c8eddffd3d18cb805507bed707b0e306d3b433:segment:011,11,17945.0,16825,activities/108_260801060832.csv,1,1,0,0
fit:80de1342a3e9944829ab101957c8eddffd3d18cb805507bed707b0e306d3b433,2026-08-01T09:07:38+00:00,1499,368,170,91,9.018,171.79999999999995,35,fit:80de1342a3e9944829ab101957c8eddffd3d18cb805507bed707b0e306d3b433:segment:011,11,17946.0,16826,activities/108_260801060832.csv,1,1,0,0
fit:80de1342a3e9944829ab101957c8eddffd3d18cb805507bed707b0e306d3b433,2026-08-01T09:07:39+00:00,1500,308,170,90,8.905,172.60000000000002,35,fit:80de1342a3e9944829ab101957c8eddffd3d18cb805507bed707b0e306d3b433:segment:011,11,17947.0,16827,activities/108_260801060832.csv,1,1,0,0
fit:80de1342a3e9944829ab101957c8eddffd3d18cb805507bed707b0e306d3b433,2026-08-01T09:07:40+00:00,1501,331,170,89,8.794,173.0,35,fit:80de1342a3e9944829ab101957c8eddffd3d18cb805507bed707b0e306d3b433:segment:011,11,17948.0,16828,activities/108_260801060832.csv,1,1,0,0
fit:80de1342a3e9944829ab101957c8eddffd3d18cb805507bed707b0e306d3b433,2026-08-01T09:07:41+00:00,1502,318,170,88,8.64,173.0,35,fit:80de1342a3e9944829ab101957c8eddffd3d18cb805507bed707b0e306d3b433:segment:011,11,17949.0,16829,activities/108_260801060832.csv,1,1,0,0
fit:80de1342a3e9944829ab101957c8eddffd3d18cb805507bed707b0e306d3b433,2026-08-01T09:07:42+00:00,1503,348,170,86,8.538,173.0,35,fit:80de1342a3e9944829ab101957c8eddffd3d18cb805507bed707b0e306d3b433:segment:011,11,17950.0,16830,activities/108_260801060832.csv,1,1,0,0
fit:80de1342a3e9944829ab101957c8eddffd3d18cb805507bed707b0e306d3b433,2026-08-01T09:07:43+00:00,1504,329,170,85,8.416,173.0,35,fit:80de1342a3e9944829ab101957c8eddffd3d18cb805507bed707b0e306d3b433:segment:011,11,17951.0,16831,activities/108_260801060832.csv,1,1,0,0
fit:80de1342a3e9944829ab101957c8eddffd3d18cb805507bed707b0e306d3b433,2026-08-01T09:07:44+00:00,1505,338,170,85,8.353,174.0,35,fit:80de1342a3e9944829ab101957c8eddffd3d18cb805507bed707b0e306d3b433:segment:011,11,17952.0,16832,activities/108_260801060832.csv,1,1,0,0
fit:80de1342a3e9944829ab101957c8eddffd3d18cb805507bed707b0e306d3b433,2026-08-01T09:07:45+00:00,1506,316,171,84,8.334,174.0,35,fit:80de1342a3e9944829ab101957c8eddffd3d18cb805507bed707b0e306d3b433:segment:011,11,17953.0,16833,activities/108_260801060832.csv,1,1,0,0
fit:80de1342a3e9944829ab101957c8eddffd3d18cb805507bed707b0e306d3b433,2026-08-01T09:07:46+00:00,1507,338,171,83,8.257,174.0,35,fit:80de1342a3e9944829ab101957c8eddffd3d18cb805507bed707b0e306d3b433:segment:011,11,17954.0,16834,activities/108_260801060832.csv,1,1,0,0
fit:80de1342a3e9944829ab101957c8eddffd3d18cb805507bed707b0e306d3b433,2026-08-01T09:07:47+00:00,1508,330,172,83,8.198,174.0,35,fit:80de1342a3e9944829ab101957c8eddffd3d18cb805507bed707b0e306d3b433:segment:011,11,17955.0,16835,activities/108_260801060832.csv,1,1,0,0
fit:80de1342a3e9944829ab101957c8eddffd3d18cb805507bed707b0e306d3b433,2026-08-01T09:07:48+00:00,1509,309,172,82,8.158,175.0,35,fit:80de1342a3e9944829ab101957c8eddffd3d18cb805507bed707b0e306d3b433:segment:011,11,17956.0,16836,activities/108_260801060832.csv,1,1,0,0
fit:80de1342a3e9944829ab101957c8eddffd3d18cb805507bed707b0e306d3b433,2026-08-01T09:07:49+00:00,1510,297,172,81,8.144,175.20000000000005,35,fit:80de1342a3e9944829ab101957c8eddffd3d18cb805507bed707b0e306d3b433:segment:011,11,17957.0,16837,activities/108_260801060832.csv,1,1,0,0
fit:80de1342a3e9944829ab101957c8eddffd3d18cb805507bed707b0e306d3b433,2026-08-01T09:07:50+00:00,1511,292,173,81,8.106,175.60000000000002,35,fit:80de1342a3e9944829ab101957c8eddffd3d18cb805507bed707b0e306d3b433:segment:011,11,17958.0,16838,activities/108_260801060832.csv,1,1,0,0
fit:80de1342a3e9944829ab101957c8eddffd3d18cb805507bed707b0e306d3b433,2026-08-01T09:07:51+00:00,1512,293,173,82,8.083,176.20000000000005,35,fit:80de1342a3e9944829ab101957c8eddffd3d18cb805507bed707b0e306d3b433:segment:011,11,17959.0,16839,activities/108_260801060832.csv,1,1,0,0
fit:80de1342a3e9944829ab101957c8eddffd3d18cb805507bed707b0e306d3b433,2026-08-01T09:07:52+00:00,1513,265,173,82,8.146,176.20000000000005,35,fit:80de1342a3e9944829ab101957c8eddffd3d18cb805507bed707b0e306d3b433:segment:011,11,17960.0,16840,activities/108_260801060832.csv,1,1,0,0
fit:80de1342a3e9944829ab101957c8eddffd3d18cb805507bed707b0e306d3b433,2026-08-01T09:07:53+00:00,1514,180,174,82,8.11,176.20000000000005,35,fit:80de1342a3e9944829ab101957c8eddffd3d18cb805507bed707b0e306d3b433:segment:011,11,17961.0,16841,activities/108_260801060832.csv,1,1,0,0
fit:80de1342a3e9944829ab101957c8eddffd3d18cb805507bed707b0e306d3b433,2026-08-01T09:07:54+00:00,1515,105,174,82,8.084,176.20000000000005,35,fit:80de1342a3e9944829ab101957c8eddffd3d18cb805507bed707b0e306d3b433:segment:011,11,17962.0,16842,activities/108_260801060832.csv,1,1,0,0
fit:80de1342a3e9944829ab101957c8eddffd3d18cb805507bed707b0e306d3b433,2026-08-01T09:07:55+00:00,1516,68,174,80,7.985,176.20000000000005,35,fit:80de1342a3e9944829ab101957c8eddffd3d18cb805507bed707b0e306d3b433:segment:011,11,17963.0,16843,activities/108_260801060832.csv,1,1,0,0
fit:80de1342a3e9944829ab101957c8eddffd3d18cb805507bed707b0e306d3b433,2026-08-01T09:07:56+00:00,1517,69,174,35,7.853,176.20000000000005,35,fit:80de1342a3e9944829ab101957c8eddffd3d18cb805507bed707b0e306d3b433:segment:011,11,17964.0,16844,activities/108_260801060832.csv,1,1,0,0
fit:80de1342a3e9944829ab101957c8eddffd3d18cb805507bed707b0e306d3b433,2026-08-01T09:07:57+00:00,1518,219,174,77,7.782,176.79999999999995,35,fit:80de1342a3e9944829ab101957c8eddffd3d18cb805507bed707b0e306d3b433:segment:011,11,17965.0,16845,activities/108_260801060832.csv,1,1,0,0
fit:80de1342a3e9944829ab101957c8eddffd3d18cb805507bed707b0e306d3b433,2026-08-01T09:07:58+00:00,1519,201,174,79,7.783,177.39999999999998,35,fit:80de1342a3e9944829ab101957c8eddffd3d18cb805507bed707b0e306d3b433:segment:011,11,17966.0,16846,activities/108_260801060832.csv,1,1,0,0
fit:80de1342a3e9944829ab101957c8eddffd3d18cb805507bed707b0e306d3b433,2026-08-01T09:07:59+00:00,1520,216,174,79,7.804,177.39999999999998,35,fit:80de1342a3e9944829ab101957c8eddffd3d18cb805507bed707b0e306d3b433:segment:011,11,17967.0,16847,activities/108_260801060832.csv,1,1,0,0
fit:80de1342a3e9944829ab101957c8eddffd3d18cb805507bed707b0e306d3b433,2026-08-01T09:08:00+00:00,1521,166,175,80,7.903,177.39999999999998,35,fit:80de1342a3e9944829ab101957c8eddffd3d18cb805507bed707b0e306d3b433:segment:011,11,17968.0,16848,activities/108_260801060832.csv,1,1,0,0
fit:80de1342a3e9944829ab101957c8eddffd3d18cb805507bed707b0e306d3b433,2026-08-01T09:08:01+00:00,1522,118,175,82,7.976,177.39999999999998,35,fit:80de1342a3e9944829ab101957c8eddffd3d18cb805507bed707b0e306d3b433:segment:011,11,17969.0,16849,activities/108_260801060832.csv,1,1,0,0
fit:80de1342a3e9944829ab101957c8eddffd3d18cb805507bed707b0e306d3b433,2026-08-01T09:08:02+00:00,1523,118,175,82,8.038,177.39999999999998,35,fit:80de1342a3e9944829ab101957c8eddffd3d18cb805507bed707b0e306d3b433:segment:011,11,17970.0,16850,activities/108_260801060832.csv,1,1,0,0
fit:80de1342a3e9944829ab101957c8eddffd3d18cb805507bed707b0e306d3b433,2026-08-01T09:08:03+00:00,1524,118,175,82,8.115,177.0,35,fit:80de1342a3e9944829ab101957c8eddffd3d18cb805507bed707b0e306d3b433:segment:011,11,17971.0,16851,activities/108_260801060832.csv,1,1,0,0
fit:80de1342a3e9944829ab101957c8eddffd3d18cb805507bed707b0e306d3b433,2026-08-01T09:08:04+00:00,1525,118,175,34,8.093,177.0,35,fit:80de1342a3e9944829ab101957c8eddffd3d18cb805507bed707b0e306d3b433:segment:011,11,17972.0,16852,activities/108_260801060832.csv,1,1,0,0
fit:80de1342a3e9944829ab101957c8eddffd3d18cb805507bed707b0e306d3b433,2026-08-01T09:08:05+00:00,1526,103,174,34,8.179,177.0,35,fit:80de1342a3e9944829ab101957c8eddffd3d18cb805507bed707b0e306d3b433:segment:011,11,17973.0,16853,activities/108_260801060832.csv,1,1,0,0
fit:80de1342a3e9944829ab101957c8eddffd3d18cb805507bed707b0e306d3b433,2026-08-01T09:08:06+00:00,1527,161,173,78,8.239,176.0,35,fit:80de1342a3e9944829ab101957c8eddffd3d18cb805507bed707b0e306d3b433:segment:011,11,17974.0,16854,activities/108_260801060832.csv,1,1,0,0
fit:80de1342a3e9944829ab101957c8eddffd3d18cb805507bed707b0e306d3b433,2026-08-01T09:08:07+00:00,1528,303,173,78,8.419,176.79999999999995,35,fit:80de1342a3e9944829ab101957c8eddffd3d18cb805507bed707b0e306d3b433:segment:011,11,17975.0,16855,activities/108_260801060832.csv,1,1,0,0
fit:80de1342a3e9944829ab101957c8eddffd3d18cb805507bed707b0e306d3b433,2026-08-01T09:08:08+00:00,1529,357,173,78,8.611,176.79999999999995,35,fit:80de1342a3e9944829ab101957c8eddffd3d18cb805507bed707b0e306d3b433:segment:011,11,17976.0,16856,activities/108_260801060832.csv,1,1,0,0
fit:80de1342a3e9944829ab101957c8eddffd3d18cb805507bed707b0e306d3b433,2026-08-01T09:08:09+00:00,1530,357,173,78,8.982,176.79999999999995,35,fit:80de1342a3e9944829ab101957c8eddffd3d18cb805507bed707b0e306d3b433:segment:011,11,17977.0,16857,activities/108_260801060832.csv,1,1,0,0
fit:80de1342a3e9944829ab101957c8eddffd3d18cb805507bed707b0e306d3b433,2026-08-01T09:08:10+00:00,1531,357,173,78,9.148,175.79999999999995,35,fit:80de1342a3e9944829ab101957c8eddffd3d18cb805507bed707b0e306d3b433:segment:011,11,17978.0,16858,activities/108_260801060832.csv,1,1,0,0
fit:80de1342a3e9944829ab101957c8eddffd3d18cb805507bed707b0e306d3b433,2026-08-01T09:08:11+00:00,1532,349,173,78,9.265,175.60000000000002,35,fit:80de1342a3e9944829ab101957c8eddffd3d18cb805507bed707b0e306d3b433:segment:011,11,17979.0,16859,activities/108_260801060832.csv,1,1,0,0
fit:80de1342a3e9944829ab101957c8eddffd3d18cb805507bed707b0e306d3b433,2026-08-01T09:08:12+00:00,1533,0,173,75,9.3,175.60000000000002,35,fit:80de1342a3e9944829ab101957c8eddffd3d18cb805507bed707b0e306d3b433:segment:011,11,17980.0,16860,activities/108_260801060832.csv,1,1,0,0
fit:80de1342a3e9944829ab101957c8eddffd3d18cb805507bed707b0e306d3b433,2026-08-01T09:08:13+00:00,1534,0,173,0,9.246,175.60000000000002,35,fit:80de1342a3e9944829ab101957c8eddffd3d18cb805507bed707b0e306d3b433:segment:011,11,17981.0,16861,activities/108_260801060832.csv,1,1,0,0
fit:80de1342a3e9944829ab101957c8eddffd3d18cb805507bed707b0e306d3b433,2026-08-01T09:08:14+00:00,1535,0,173,0,9.376,175.60000000000002,35,fit:80de1342a3e9944829ab101957c8eddffd3d18cb805507bed707b0e306d3b433:segment:011,11,17982.0,16862,activities/108_260801060832.csv,1,1,0,0
fit:80de1342a3e9944829ab101957c8eddffd3d18cb805507bed707b0e306d3b433,2026-08-01T09:08:15+00:00,1536,0,173,0,9.383,175.0,35,fit:80de1342a3e9944829ab101957c8eddffd3d18cb805507bed707b0e306d3b433:segment:011,11,17983.0,16863,activities/108_260801060832.csv,1,1,0,0
fit:80de1342a3e9944829ab101957c8eddffd3d18cb805507bed707b0e306d3b433,2026-08-01T09:08:16+00:00,1537,0,172,0,9.478,175.0,35,fit:80de1342a3e9944829ab101957c8eddffd3d18cb805507bed707b0e306d3b433:segment:011,11,17984.0,16864,activities/108_260801060832.csv,1,1,0,0
fit:80de1342a3e9944829ab101957c8eddffd3d18cb805507bed707b0e306d3b433,2026-08-01T09:08:17+00:00,1538,194,171,0,9.5,175.0,35,fit:80de1342a3e9944829ab101957c8eddffd3d18cb805507bed707b0e306d3b433:segment:011,11,17985.0,16865,activities/108_260801060832.csv,1,1,0,0
fit:80de1342a3e9944829ab101957c8eddffd3d18cb805507bed707b0e306d3b433,2026-08-01T09:08:18+00:00,1539,193,171,71,9.671,174.0,35,fit:80de1342a3e9944829ab101957c8eddffd3d18cb805507bed707b0e306d3b433:segment:011,11,17986.0,16866,activities/108_260801060832.csv,1,1,0,0
fit:80de1342a3e9944829ab101957c8eddffd3d18cb805507bed707b0e306d3b433,2026-08-01T09:08:19+00:00,1540,224,169,92,9.939,173.0,35,fit:80de1342a3e9944829ab101957c8eddffd3d18cb805507bed707b0e306d3b433:segment:011,11,17987.0,16867,activities/108_260801060832.csv,1,1,0,0
fit:80de1342a3e9944829ab101957c8eddffd3d18cb805507bed707b0e306d3b433,2026-08-01T09:08:20+00:00,1541,154,169,96,10.186,173.0,35,fit:80de1342a3e9944829ab101957c8eddffd3d18cb805507bed707b0e306d3b433:segment:011,11,17988.0,16868,activities/108_260801060832.csv,1,1,0,0
fit:80de1342a3e9944829ab101957c8eddffd3d18cb805507bed707b0e306d3b433,2026-08-01T09:08:21+00:00,1542,146,167,98,10.406,173.0,35,fit:80de1342a3e9944829ab101957c8eddffd3d18cb805507bed707b0e306d3b433:segment:011,11,17989.0,16869,activities/108_260801060832.csv,1,1,0,0
fit:80de1342a3e9944829ab101957c8eddffd3d18cb805507bed707b0e306d3b433,2026-08-01T09:08:22+00:00,1543,136,166,98,10.619,172.0,35,fit:80de1342a3e9944829ab101957c8eddffd3d18cb805507bed707b0e306d3b433:segment:011,11,17990.0,16870,activities/108_260801060832.csv,1,1,0,0
fit:80de1342a3e9944829ab101957c8eddffd3d18cb805507bed707b0e306d3b433,2026-08-01T09:08:23+00:00,1544,142,164,100,10.902,171.0,35,fit:80de1342a3e9944829ab101957c8eddffd3d18cb805507bed707b0e306d3b433:segment:011,11,17991.0,16871,activities/108_260801060832.csv,1,1,0,0
fit:80de1342a3e9944829ab101957c8eddffd3d18cb805507bed707b0e306d3b433,2026-08-01T09:08:24+00:00,1545,135,164,101,11.01,171.0,35,fit:80de1342a3e9944829ab101957c8eddffd3d18cb805507bed707b0e306d3b433:segment:011,11,17992.0,16872,activities/108_260801060832.csv,1,1,0,0
fit:80de1342a3e9944829ab101957c8eddffd3d18cb805507bed707b0e306d3b433,2026-08-01T09:08:25+00:00,1546,136,163,101,11.135,171.0,35,fit:80de1342a3e9944829ab101957c8eddffd3d18cb805507bed707b0e306d3b433:segment:011,11,17993.0,16873,activities/108_260801060832.csv,1,1,0,0
fit:80de1342a3e9944829ab101957c8eddffd3d18cb805507bed707b0e306d3b433,2026-08-01T09:08:26+00:00,1547,136,163,100,11.15,170.60000000000002,35,fit:80de1342a3e9944829ab101957c8eddffd3d18cb805507bed707b0e306d3b433:segment:011,11,17994.0,16874,activities/108_260801060832.csv,1,1,0,0
fit:80de1342a3e9944829ab101957c8eddffd3d18cb805507bed707b0e306d3b433,2026-08-01T09:08:27+00:00,1548,156,162,100,11.051,170.79999999999995,35,fit:80de1342a3e9944829ab101957c8eddffd3d18cb805507bed707b0e306d3b433:segment:011,11,17995.0,16875,activities/108_260801060832.csv,1,1,0,0
fit:80de1342a3e9944829ab101957c8eddffd3d18cb805507bed707b0e306d3b433,2026-08-01T09:08:28+00:00,1549,195,162,99,11.046,170.79999999999995,35,fit:80de1342a3e9944829ab101957c8eddffd3d18cb805507bed707b0e306d3b433:segment:011,11,17996.0,16876,activities/108_260801060832.csv,1,1,0,0
fit:80de1342a3e9944829ab101957c8eddffd3d18cb805507bed707b0e306d3b433,2026-08-01T09:08:29+00:00,1550,198,162,99,10.952,170.79999999999995,35,fit:80de1342a3e9944829ab101957c8eddffd3d18cb805507bed707b0e306d3b433:segment:011,11,17997.0,16877,activities/108_260801060832.csv,1,1,0,0
fit:80de1342a3e9944829ab101957c8eddffd3d18cb805507bed707b0e306d3b433,2026-08-01T09:08:30+00:00,1551,203,162,98,10.821,170.79999999999995,35,fit:80de1342a3e9944829ab101957c8eddffd3d18cb805507bed707b0e306d3b433:segment:011,11,17998.0,16878,activities/108_260801060832.csv,1,1,0,0
fit:80de1342a3e9944829ab101957c8eddffd3d18cb805507bed707b0e306d3b433,2026-08-01T09:08:31+00:00,1552,267,162,96,10.696,171.20000000000005,35,fit:80de1342a3e9944829ab101957c8eddffd3d18cb805507bed707b0e306d3b433:segment:011,11,17999.0,16879,activities/108_260801060832.csv,1,1,0,0
fit:80de1342a3e9944829ab101957c8eddffd3d18cb805507bed707b0e306d3b433,2026-08-01T09:08:32+00:00,1553,268,162,96,10.663,171.20000000000005,35,fit:80de1342a3e9944829ab101957c8eddffd3d18cb805507bed707b0e306d3b433:segment:011,11,18000.0,16880,activities/108_260801060832.csv,1,1,0,0
fit:80de1342a3e9944829ab101957c8eddffd3d18cb805507bed707b0e306d3b433,2026-08-01T09:08:33+00:00,1554,195,161,96,10.632,171.20000000000005,35,fit:80de1342a3e9944829ab101957c8eddffd3d18cb805507bed707b0e306d3b433:segment:011,11,18001.0,16881,activities/108_260801060832.csv,1,1,0,0
fit:80de1342a3e9944829ab101957c8eddffd3d18cb805507bed707b0e306d3b433,2026-08-01T09:08:34+00:00,1555,246,161,96,10.599,172.20000000000005,35,fit:80de1342a3e9944829ab101957c8eddffd3d18cb805507bed707b0e306d3b433:segment:011,11,18002.0,16882,activities/108_260801060832.csv,1,1,0,0
fit:80de1342a3e9944829ab101957c8eddffd3d18cb805507bed707b0e306d3b433,2026-08-01T09:08:35+00:00,1556,184,160,96,10.631,172.39999999999998,35,fit:80de1342a3e9944829ab101957c8eddffd3d18cb805507bed707b0e306d3b433:segment:011,11,18003.0,16883,activities/108_260801060832.csv,1,1,0,0
fit:80de1342a3e9944829ab101957c8eddffd3d18cb805507bed707b0e306d3b433,2026-08-01T09:08:36+00:00,1557,184,160,97,10.71,172.39999999999998,35,fit:80de1342a3e9944829ab101957c8eddffd3d18cb805507bed707b0e306d3b433:segment:011,11,18004.0,16884,activities/108_260801060832.csv,1,1,0,0
fit:80de1342a3e9944829ab101957c8eddffd3d18cb805507bed707b0e306d3b433,2026-08-01T09:08:37+00:00,1558,180,160,97,10.711,172.39999999999998,35,fit:80de1342a3e9944829ab101957c8eddffd3d18cb805507bed707b0e306d3b433:segment:011,11,18005.0,16885,activities/108_260801060832.csv,1,1,0,0
fit:80de1342a3e9944829ab101957c8eddffd3d18cb805507bed707b0e306d3b433,2026-08-01T09:08:38+00:00,1559,192,159,97,10.653,172.0,35,fit:80de1342a3e9944829ab101957c8eddffd3d18cb805507bed707b0e306d3b433:segment:011,11,18006.0,16886,activities/108_260801060832.csv,1,1,0,0
fit:80de1342a3e9944829ab101957c8eddffd3d18cb805507bed707b0e306d3b433,2026-08-01T09:08:39+00:00,1560,194,158,97,10.676,172.60000000000002,35,fit:80de1342a3e9944829ab101957c8eddffd3d18cb805507bed707b0e306d3b433:segment:011,11,18007.0,16887,activities/108_260801060832.csv,1,1,0,0
fit:80de1342a3e9944829ab101957c8eddffd3d18cb805507bed707b0e306d3b433,2026-08-01T09:08:40+00:00,1561,173,158,97,10.686,172.60000000000002,35,fit:80de1342a3e9944829ab101957c8eddffd3d18cb805507bed707b0e306d3b433:segment:011,11,18008.0,16888,activities/108_260801060832.csv,1,1,0,0
fit:80de1342a3e9944829ab101957c8eddffd3d18cb805507bed707b0e306d3b433,2026-08-01T09:08:41+00:00,1562,214,157,96,10.759,172.60000000000002,35,fit:80de1342a3e9944829ab101957c8eddffd3d18cb805507bed707b0e306d3b433:segment:011,11,18009.0,16889,activities/108_260801060832.csv,1,1,0,0
fit:80de1342a3e9944829ab101957c8eddffd3d18cb805507bed707b0e306d3b433,2026-08-01T09:08:42+00:00,1563,214,157,95,10.626,171.79999999999995,35,fit:80de1342a3e9944829ab101957c8eddffd3d18cb805507bed707b0e306d3b433:segment:011,11,18010.0,16890,activities/108_260801060832.csv,1,1,0,0
fit:80de1342a3e9944829ab101957c8eddffd3d18cb805507bed707b0e306d3b433,2026-08-01T09:08:43+00:00,1564,201,157,95,10.592,172.39999999999998,35,fit:80de1342a3e9944829ab101957c8eddffd3d18cb805507bed707b0e306d3b433:segment:011,11,18011.0,16891,activities/108_260801060832.csv,1,1,0,0
fit:80de1342a3e9944829ab101957c8eddffd3d18cb805507bed707b0e306d3b433,2026-08-01T09:08:44+00:00,1565,124,157,96,10.597,172.39999999999998,35,fit:80de1342a3e9944829ab101957c8eddffd3d18cb805507bed707b0e306d3b433:segment:011,11,18012.0,16892,activities/108_260801060832.csv,1,1,0,0
fit:80de1342a3e9944829ab101957c8eddffd3d18cb805507bed707b0e306d3b433,2026-08-01T09:08:45+00:00,1566,155,156,95,10.635,172.39999999999998,35,fit:80de1342a3e9944829ab101957c8eddffd3d18cb805507bed707b0e306d3b433:segment:011,11,18013.0,16893,activities/108_260801060832.csv,1,1,0,0
fit:80de1342a3e9944829ab101957c8eddffd3d18cb805507bed707b0e306d3b433,2026-08-01T09:08:46+00:00,1567,151,156,95,10.626,172.39999999999998,35,fit:80de1342a3e9944829ab101957c8eddffd3d18cb805507bed707b0e306d3b433:segment:011,11,18014.0,16894,activities/108_260801060832.csv,1,1,0,0
fit:80de1342a3e9944829ab101957c8eddffd3d18cb805507bed707b0e306d3b433,2026-08-01T09:08:47+00:00,1568,147,156,94,10.522,171.39999999999998,35,fit:80de1342a3e9944829ab101957c8eddffd3d18cb805507bed707b0e306d3b433:segment:011,11,18015.0,16895,activities/108_260801060832.csv,1,1,0,0
fit:80de1342a3e9944829ab101957c8eddffd3d18cb805507bed707b0e306d3b433,2026-08-01T09:08:48+00:00,1569,130,156,93,10.447,171.39999999999998,35,fit:80de1342a3e9944829ab101957c8eddffd3d18cb805507bed707b0e306d3b433:segment:011,11,18016.0,16896,activities/108_260801060832.csv,1,1,0,0
fit:80de1342a3e9944829ab101957c8eddffd3d18cb805507bed707b0e306d3b433,2026-08-01T09:08:49+00:00,1570,133,156,93,10.318,171.39999999999998,35,fit:80de1342a3e9944829ab101957c8eddffd3d18cb805507bed707b0e306d3b433:segment:011,11,18017.0,16897,activities/108_260801060832.csv,1,1,0,0
fit:80de1342a3e9944829ab101957c8eddffd3d18cb805507bed707b0e306d3b433,2026-08-01T09:08:50+00:00,1571,172,156,92,10.291,171.39999999999998,35,fit:80de1342a3e9944829ab101957c8eddffd3d18cb805507bed707b0e306d3b433:segment:011,11,18018.0,16898,activities/108_260801060832.csv,1,1,0,0
fit:80de1342a3e9944829ab101957c8eddffd3d18cb805507bed707b0e306d3b433,2026-08-01T09:08:51+00:00,1572,172,156,92,10.276,172.39999999999998,35,fit:80de1342a3e9944829ab101957c8eddffd3d18cb805507bed707b0e306d3b433:segment:011,11,18019.0,16899,activities/108_260801060832.csv,1,1,0,0
fit:80de1342a3e9944829ab101957c8eddffd3d18cb805507bed707b0e306d3b433,2026-08-01T09:08:52+00:00,1573,162,156,92,10.222,172.39999999999998,35,fit:80de1342a3e9944829ab101957c8eddffd3d18cb805507bed707b0e306d3b433:segment:011,11,18020.0,16900,activities/108_260801060832.csv,1,1,0,0
fit:80de1342a3e9944829ab101957c8eddffd3d18cb805507bed707b0e306d3b433,2026-08-01T09:08:53+00:00,1574,250,155,90,10.097,172.39999999999998,35,fit:80de1342a3e9944829ab101957c8eddffd3d18cb805507bed707b0e306d3b433:segment:011,11,18021.0,16901,activities/108_260801060832.csv,1,1,0,0
fit:80de1342a3e9944829ab101957c8eddffd3d18cb805507bed707b0e306d3b433,2026-08-01T09:08:54+00:00,1575,306,155,90,10.104,172.0,35,fit:80de1342a3e9944829ab101957c8eddffd3d18cb805507bed707b0e306d3b433:segment:011,11,18022.0,16902,activities/108_260801060832.csv,1,1,0,0
fit:80de1342a3e9944829ab101957c8eddffd3d18cb805507bed707b0e306d3b433,2026-08-01T09:08:55+00:00,1576,249,156,91,10.054,171.60000000000002,35,fit:80de1342a3e9944829ab101957c8eddffd3d18cb805507bed707b0e306d3b433:segment:011,11,18023.0,16903,activities/108_260801060832.csv,1,1,0,0
fit:80de1342a3e9944829ab101957c8eddffd3d18cb805507bed707b0e306d3b433,2026-08-01T09:08:56+00:00,1577,208,156,91,10.061,171.60000000000002,35,fit:80de1342a3e9944829ab101957c8eddffd3d18cb805507bed707b0e306d3b433:segment:011,11,18024.0,16904,activities/108_260801060832.csv,1,1,0,0
fit:80de1342a3e9944829ab101957c8eddffd3d18cb805507bed707b0e306d3b433,2026-08-01T09:08:57+00:00,1578,209,156,91,10.11,171.60000000000002,35,fit:80de1342a3e9944829ab101957c8eddffd3d18cb805507bed707b0e306d3b433:segment:011,11,18025.0,16905,activities/108_260801060832.csv,1,1,0,0
fit:80de1342a3e9944829ab101957c8eddffd3d18cb805507bed707b0e306d3b433,2026-08-01T09:08:58+00:00,1579,201,157,91,10.117,171.60000000000002,35,fit:80de1342a3e9944829ab101957c8eddffd3d18cb805507bed707b0e306d3b433:segment:011,11,18026.0,16906,activities/108_260801060832.csv,1,1,0,0
fit:80de1342a3e9944829ab101957c8eddffd3d18cb805507bed707b0e306d3b433,2026-08-01T09:08:59+00:00,1580,209,157,91,10.129,172.20000000000005,35,fit:80de1342a3e9944829ab101957c8eddffd3d18cb805507bed707b0e306d3b433:segment:011,11,18027.0,16907,activities/108_260801060832.csv,1,1,0,0
fit:80de1342a3e9944829ab101957c8eddffd3d18cb805507bed707b0e306d3b433,2026-08-01T09:09:00+00:00,1581,209,157,91,10.075,172.20000000000005,35,fit:80de1342a3e9944829ab101957c8eddffd3d18cb805507bed707b0e306d3b433:segment:011,11,18028.0,16908,activities/108_260801060832.csv,1,1,0,0
fit:80de1342a3e9944829ab101957c8eddffd3d18cb805507bed707b0e306d3b433,2026-08-01T09:09:01+00:00,1582,204,158,91,10.059,172.20000000000005,35,fit:80de1342a3e9944829ab101957c8eddffd3d18cb805507bed707b0e306d3b433:segment:011,11,18029.0,16909,activities/108_260801060832.csv,1,1,0,0
fit:80de1342a3e9944829ab101957c8eddffd3d18cb805507bed707b0e306d3b433,2026-08-01T09:09:02+00:00,1583,223,159,91,9.998,172.39999999999998,35,fit:80de1342a3e9944829ab101957c8eddffd3d18cb805507bed707b0e306d3b433:segment:011,11,18030.0,16910,activities/108_260801060832.csv,1,1,0,0
fit:80de1342a3e9944829ab101957c8eddffd3d18cb805507bed707b0e306d3b433,2026-08-01T09:09:03+00:00,1584,241,159,91,9.994,172.39999999999998,35,fit:80de1342a3e9944829ab101957c8eddffd3d18cb805507bed707b0e306d3b433:segment:011,11,18031.0,16911,activities/108_260801060832.csv,1,1,0,0
fit:80de1342a3e9944829ab101957c8eddffd3d18cb805507bed707b0e306d3b433,2026-08-01T09:09:04+00:00,1585,224,159,91,9.963,172.39999999999998,35,fit:80de1342a3e9944829ab101957c8eddffd3d18cb805507bed707b0e306d3b433:segment:011,11,18032.0,16912,activities/108_260801060832.csv,1,1,0,0
fit:80de1342a3e9944829ab101957c8eddffd3d18cb805507bed707b0e306d3b433,2026-08-01T09:09:05+00:00,1586,220,160,91,9.988,172.39999999999998,35,fit:80de1342a3e9944829ab101957c8eddffd3d18cb805507bed707b0e306d3b433:segment:011,11,18033.0,16913,activities/108_260801060832.csv,1,1,0,0
fit:80de1342a3e9944829ab101957c8eddffd3d18cb805507bed707b0e306d3b433,2026-08-01T09:09:06+00:00,1587,220,160,91,10.074,172.79999999999995,35,fit:80de1342a3e9944829ab101957c8eddffd3d18cb805507bed707b0e306d3b433:segment:011,11,18034.0,16914,activities/108_260801060832.csv,1,1,0,0
fit:80de1342a3e9944829ab101957c8eddffd3d18cb805507bed707b0e306d3b433,2026-08-01T09:09:07+00:00,1588,237,160,91,10.136,172.39999999999998,35,fit:80de1342a3e9944829ab101957c8eddffd3d18cb805507bed707b0e306d3b433:segment:011,11,18035.0,16915,activities/108_260801060832.csv,1,1,0,0
fit:80de1342a3e9944829ab101957c8eddffd3d18cb805507bed707b0e306d3b433,2026-08-01T09:09:08+00:00,1589,256,160,93,10.166,172.39999999999998,35,fit:80de1342a3e9944829ab101957c8eddffd3d18cb805507bed707b0e306d3b433:segment:011,11,18036.0,16916,activities/108_260801060832.csv,1,1,0,0
fit:80de1342a3e9944829ab101957c8eddffd3d18cb805507bed707b0e306d3b433,2026-08-01T09:09:09+00:00,1590,262,160,94,10.336,172.39999999999998,35,fit:80de1342a3e9944829ab101957c8eddffd3d18cb805507bed707b0e306d3b433:segment:011,11,18037.0,16917,activities/108_260801060832.csv,1,1,0,0
fit:80de1342a3e9944829ab101957c8eddffd3d18cb805507bed707b0e306d3b433,2026-08-01T09:09:10+00:00,1591,234,161,94,10.41,173.39999999999998,35,fit:80de1342a3e9944829ab101957c8eddffd3d18cb805507bed707b0e306d3b433:segment:011,11,18038.0,16918,activities/108_260801060832.csv,1,1,0,0
fit:80de1342a3e9944829ab101957c8eddffd3d18cb805507bed707b0e306d3b433,2026-08-01T09:09:11+00:00,1592,234,162,95,10.447,172.60000000000002,35,fit:80de1342a3e9944829ab101957c8eddffd3d18cb805507bed707b0e306d3b433:segment:011,11,18039.0,16919,activities/108_260801060832.csv,1,1,0,0
fit:80de1342a3e9944829ab101957c8eddffd3d18cb805507bed707b0e306d3b433,2026-08-01T09:09:12+00:00,1593,238,162,95,10.493,172.60000000000002,35,fit:80de1342a3e9944829ab101957c8eddffd3d18cb805507bed707b0e306d3b433:segment:011,11,18040.0,16920,activities/108_260801060832.csv,1,1,0,0
fit:80de1342a3e9944829ab101957c8eddffd3d18cb805507bed707b0e306d3b433,2026-08-01T09:09:13+00:00,1594,218,163,96,10.507,172.60000000000002,35,fit:80de1342a3e9944829ab101957c8eddffd3d18cb805507bed707b0e306d3b433:segment:011,11,18041.0,16921,activities/108_260801060832.csv,1,1,0,0
fit:80de1342a3e9944829ab101957c8eddffd3d18cb805507bed707b0e306d3b433,2026-08-01T09:09:14+00:00,1595,239,164,96,10.554,172.60000000000002,35,fit:80de1342a3e9944829ab101957c8eddffd3d18cb805507bed707b0e306d3b433:segment:011,11,18042.0,16922,activities/108_260801060832.csv,1,1,0,0
fit:80de1342a3e9944829ab101957c8eddffd3d18cb805507bed707b0e306d3b433,2026-08-01T09:09:15+00:00,1596,232,165,96,10.568,171.79999999999995,35,fit:80de1342a3e9944829ab101957c8eddffd3d18cb805507bed707b0e306d3b433:segment:011,11,18043.0,16923,activities/108_260801060832.csv,1,1,0,0
fit:80de1342a3e9944829ab101957c8eddffd3d18cb805507bed707b0e306d3b433,2026-08-01T09:09:16+00:00,1597,232,166,96,10.477,171.79999999999995,35,fit:80de1342a3e9944829ab101957c8eddffd3d18cb805507bed707b0e306d3b433:segment:011,11,18044.0,16924,activities/108_260801060832.csv,1,1,0,0
fit:80de1342a3e9944829ab101957c8eddffd3d18cb805507bed707b0e306d3b433,2026-08-01T09:09:17+00:00,1598,226,166,96,10.511,171.79999999999995,35,fit:80de1342a3e9944829ab101957c8eddffd3d18cb805507bed707b0e306d3b433:segment:011,11,18045.0,16925,activities/108_260801060832.csv,1,1,0,0
fit:80de1342a3e9944829ab101957c8eddffd3d18cb805507bed707b0e306d3b433,2026-08-01T09:09:18+00:00,1599,277,167,96,10.554,171.79999999999995,35,fit:80de1342a3e9944829ab101957c8eddffd3d18cb805507bed707b0e306d3b433:segment:011,11,18046.0,16926,activities/108_260801060832.csv,1,1,0,0
fit:80de1342a3e9944829ab101957c8eddffd3d18cb805507bed707b0e306d3b433,2026-08-01T09:09:19+00:00,1600,234,168,96,10.621,172.79999999999995,35,fit:80de1342a3e9944829ab101957c8eddffd3d18cb805507bed707b0e306d3b433:segment:011,11,18047.0,16927,activities/108_260801060832.csv,1,1,0,0
fit:80de1342a3e9944829ab101957c8eddffd3d18cb805507bed707b0e306d3b433,2026-08-01T09:09:20+00:00,1601,248,169,96,10.609,172.79999999999995,35,fit:80de1342a3e9944829ab101957c8eddffd3d18cb805507bed707b0e306d3b433:segment:011,11,18048.0,16928,activities/108_260801060832.csv,1,1,0,0
fit:80de1342a3e9944829ab101957c8eddffd3d18cb805507bed707b0e306d3b433,2026-08-01T09:09:21+00:00,1602,274,169,97,10.652,172.79999999999995,35,fit:80de1342a3e9944829ab101957c8eddffd3d18cb805507bed707b0e306d3b433:segment:011,11,18049.0,16929,activities/108_260801060832.csv,1,1,0,0
fit:80de1342a3e9944829ab101957c8eddffd3d18cb805507bed707b0e306d3b433,2026-08-01T09:09:22+00:00,1603,274,169,98,10.683,172.79999999999995,35,fit:80de1342a3e9944829ab101957c8eddffd3d18cb805507bed707b0e306d3b433:segment:011,11,18050.0,16930,activities/108_260801060832.csv,1,1,0,0
fit:80de1342a3e9944829ab101957c8eddffd3d18cb805507bed707b0e306d3b433,2026-08-01T09:09:23+00:00,1604,212,170,98,10.757,172.39999999999998,35,fit:80de1342a3e9944829ab101957c8eddffd3d18cb805507bed707b0e306d3b433:segment:011,11,18051.0,16931,activities/108_260801060832.csv,1,1,0,0
fit:80de1342a3e9944829ab101957c8eddffd3d18cb805507bed707b0e306d3b433,2026-08-01T09:09:24+00:00,1605,204,170,98,10.746,172.39999999999998,35,fit:80de1342a3e9944829ab101957c8eddffd3d18cb805507bed707b0e306d3b433:segment:011,11,18052.0,16932,activities/108_260801060832.csv,1,1,0,0
fit:80de1342a3e9944829ab101957c8eddffd3d18cb805507bed707b0e306d3b433,2026-08-01T09:09:25+00:00,1606,192,170,98,10.799,172.39999999999998,35,fit:80de1342a3e9944829ab101957c8eddffd3d18cb805507bed707b0e306d3b433:segment:011,11,18053.0,16933,activities/108_260801060832.csv,1,1,0,0
fit:80de1342a3e9944829ab101957c8eddffd3d18cb805507bed707b0e306d3b433,2026-08-01T09:09:26+00:00,1607,257,171,98,10.841,172.39999999999998,35,fit:80de1342a3e9944829ab101957c8eddffd3d18cb805507bed707b0e306d3b433:segment:011,11,18054.0,16934,activities/108_260801060832.csv,1,1,0,0
fit:80de1342a3e9944829ab101957c8eddffd3d18cb805507bed707b0e306d3b433,2026-08-01T09:09:27+00:00,1608,257,171,97,10.809,172.39999999999998,35,fit:80de1342a3e9944829ab101957c8eddffd3d18cb805507bed707b0e306d3b433:segment:011,11,18055.0,16935,activities/108_260801060832.csv,1,1,0,0
fit:80de1342a3e9944829ab101957c8eddffd3d18cb805507bed707b0e306d3b433,2026-08-01T09:09:28+00:00,1609,241,171,97,10.742,172.39999999999998,35,fit:80de1342a3e9944829ab101957c8eddffd3d18cb805507bed707b0e306d3b433:segment:011,11,18056.0,16936,activities/108_260801060832.csv,1,1,0,0
fit:80de1342a3e9944829ab101957c8eddffd3d18cb805507bed707b0e306d3b433,2026-08-01T09:09:29+00:00,1610,255,171,97,10.671,172.39999999999998,35,fit:80de1342a3e9944829ab101957c8eddffd3d18cb805507bed707b0e306d3b433:segment:011,11,18057.0,16937,activities/108_260801060832.csv,1,1,0,0
fit:80de1342a3e9944829ab101957c8eddffd3d18cb805507bed707b0e306d3b433,2026-08-01T09:09:30+00:00,1611,193,171,97,10.716,172.39999999999998,35,fit:80de1342a3e9944829ab101957c8eddffd3d18cb805507bed707b0e306d3b433:segment:011,11,18058.0,16938,activities/108_260801060832.csv,1,1,0,0
fit:80de1342a3e9944829ab101957c8eddffd3d18cb805507bed707b0e306d3b433,2026-08-01T09:09:31+00:00,1612,193,171,96,10.666,173.60000000000002,35,fit:80de1342a3e9944829ab101957c8eddffd3d18cb805507bed707b0e306d3b433:segment:011,11,18059.0,16939,activities/108_260801060832.csv,1,1,0,0
fit:80de1342a3e9944829ab101957c8eddffd3d18cb805507bed707b0e306d3b433,2026-08-01T09:09:32+00:00,1613,190,172,96,10.572,173.60000000000002,35,fit:80de1342a3e9944829ab101957c8eddffd3d18cb805507bed707b0e306d3b433:segment:011,11,18060.0,16940,activities/108_260801060832.csv,1,1,0,0
fit:80de1342a3e9944829ab101957c8eddffd3d18cb805507bed707b0e306d3b433,2026-08-01T09:09:33+00:00,1614,223,172,95,10.533,173.60000000000002,35,fit:80de1342a3e9944829ab101957c8eddffd3d18cb805507bed707b0e306d3b433:segment:011,11,18061.0,16941,activities/108_260801060832.csv,1,1,0,0
fit:80de1342a3e9944829ab101957c8eddffd3d18cb805507bed707b0e306d3b433,2026-08-01T09:09:34+00:00,1615,251,172,95,10.508,172.60000000000002,35,fit:80de1342a3e9944829ab101957c8eddffd3d18cb805507bed707b0e306d3b433:segment:011,11,18062.0,16942,activities/108_260801060832.csv,1,1,0,0
fit:80de1342a3e9944829ab101957c8eddffd3d18cb805507bed707b0e306d3b433,2026-08-01T09:09:35+00:00,1616,230,172,95,10.527,172.39999999999998,35,fit:80de1342a3e9944829ab101957c8eddffd3d18cb805507bed707b0e306d3b433:segment:011,11,18063.0,16943,activities/108_260801060832.csv,1,1,0,0
fit:80de1342a3e9944829ab101957c8eddffd3d18cb805507bed707b0e306d3b433,2026-08-01T09:09:36+00:00,1617,230,173,94,10.463,172.39999999999998,35,fit:80de1342a3e9944829ab101957c8eddffd3d18cb805507bed707b0e306d3b433:segment:011,11,18064.0,16944,activities/108_260801060832.csv,1,1,0,0
fit:80de1342a3e9944829ab101957c8eddffd3d18cb805507bed707b0e306d3b433,2026-08-01T09:09:37+00:00,1618,212,173,94,10.411,172.39999999999998,35,fit:80de1342a3e9944829ab101957c8eddffd3d18cb805507bed707b0e306d3b433:segment:011,11,18065.0,16945,activities/108_260801060832.csv,1,1,0,0
fit:80de1342a3e9944829ab101957c8eddffd3d18cb805507bed707b0e306d3b433,2026-08-01T09:09:38+00:00,1619,238,172,93,10.331,172.39999999999998,35,fit:80de1342a3e9944829ab101957c8eddffd3d18cb805507bed707b0e306d3b433:segment:011,11,18066.0,16946,activities/108_260801060832.csv,1,1,0,0
fit:80de1342a3e9944829ab101957c8eddffd3d18cb805507bed707b0e306d3b433,2026-08-01T09:09:39+00:00,1620,202,173,93,10.302,172.79999999999995,35,fit:80de1342a3e9944829ab101957c8eddffd3d18cb805507bed707b0e306d3b433:segment:011,11,18067.0,16947,activities/108_260801060832.csv,1,1,0,0
fit:80de1342a3e9944829ab101957c8eddffd3d18cb805507bed707b0e306d3b433,2026-08-01T09:09:40+00:00,1621,202,173,93,10.293,172.79999999999995,35,fit:80de1342a3e9944829ab101957c8eddffd3d18cb805507bed707b0e306d3b433:segment:011,11,18068.0,16948,activities/108_260801060832.csv,1,1,0,0
fit:80de1342a3e9944829ab101957c8eddffd3d18cb805507bed707b0e306d3b433,2026-08-01T09:09:41+00:00,1622,209,172,92,10.315,172.79999999999995,35,fit:80de1342a3e9944829ab101957c8eddffd3d18cb805507bed707b0e306d3b433:segment:011,11,18069.0,16949,activities/108_260801060832.csv,1,1,0,0
fit:80de1342a3e9944829ab101957c8eddffd3d18cb805507bed707b0e306d3b433,2026-08-01T09:09:42+00:00,1623,165,172,91,10.2,172.79999999999995,35,fit:80de1342a3e9944829ab101957c8eddffd3d18cb805507bed707b0e306d3b433:segment:011,11,18070.0,16950,activities/108_260801060832.csv,1,1,0,0
fit:80de1342a3e9944829ab101957c8eddffd3d18cb805507bed707b0e306d3b433,2026-08-01T09:09:43+00:00,1624,126,172,90,10.129,173.0,35,fit:80de1342a3e9944829ab101957c8eddffd3d18cb805507bed707b0e306d3b433:segment:011,11,18071.0,16951,activities/108_260801060832.csv,1,1,0,0
fit:80de1342a3e9944829ab101957c8eddffd3d18cb805507bed707b0e306d3b433,2026-08-01T09:09:44+00:00,1625,201,172,90,10.109,173.0,35,fit:80de1342a3e9944829ab101957c8eddffd3d18cb805507bed707b0e306d3b433:segment:011,11,18072.0,16952,activities/108_260801060832.csv,1,1,0,0
fit:80de1342a3e9944829ab101957c8eddffd3d18cb805507bed707b0e306d3b433,2026-08-01T09:09:45+00:00,1626,201,172,89,9.962,173.0,35,fit:80de1342a3e9944829ab101957c8eddffd3d18cb805507bed707b0e306d3b433:segment:011,11,18073.0,16953,activities/108_260801060832.csv,1,1,0,0
fit:80de1342a3e9944829ab101957c8eddffd3d18cb805507bed707b0e306d3b433,2026-08-01T09:09:46+00:00,1627,220,171,89,9.932,173.0,35,fit:80de1342a3e9944829ab101957c8eddffd3d18cb805507bed707b0e306d3b433:segment:011,11,18074.0,16954,activities/108_260801060832.csv,1,1,0,0
fit:80de1342a3e9944829ab101957c8eddffd3d18cb805507bed707b0e306d3b433,2026-08-01T09:09:47+00:00,1628,220,171,89,9.904,172.79999999999995,35,fit:80de1342a3e9944829ab101957c8eddffd3d18cb805507bed707b0e306d3b433:segment:011,11,18075.0,16955,activities/108_260801060832.csv,1,1,0,0
fit:80de1342a3e9944829ab101957c8eddffd3d18cb805507bed707b0e306d3b433,2026-08-01T09:09:48+00:00,1629,221,171,89,9.851,172.79999999999995,35,fit:80de1342a3e9944829ab101957c8eddffd3d18cb805507bed707b0e306d3b433:segment:011,11,18076.0,16956,activities/108_260801060832.csv,1,1,0,0
fit:80de1342a3e9944829ab101957c8eddffd3d18cb805507bed707b0e306d3b433,2026-08-01T09:09:49+00:00,1630,221,170,89,9.67,172.79999999999995,35,fit:80de1342a3e9944829ab101957c8eddffd3d18cb805507bed707b0e306d3b433:segment:011,11,18077.0,16957,activities/108_260801060832.csv,1,1,0,0
fit:80de1342a3e9944829ab101957c8eddffd3d18cb805507bed707b0e306d3b433,2026-08-01T09:09:50+00:00,1631,221,170,89,9.433,172.79999999999995,35,fit:80de1342a3e9944829ab101957c8eddffd3d18cb805507bed707b0e306d3b433:segment:011,11,18078.0,16958,activities/108_260801060832.csv,1,1,0,0
fit:80de1342a3e9944829ab101957c8eddffd3d18cb805507bed707b0e306d3b433,2026-08-01T09:09:51+00:00,1632,221,169,89,9.113,173.20000000000005,35,fit:80de1342a3e9944829ab101957c8eddffd3d18cb805507bed707b0e306d3b433:segment:011,11,18079.0,16959,activities/108_260801060832.csv,1,1,0,0
fit:80de1342a3e9944829ab101957c8eddffd3d18cb805507bed707b0e306d3b433,2026-08-01T09:09:52+00:00,1633,0,169,0,8.854,173.20000000000005,35,fit:80de1342a3e9944829ab101957c8eddffd3d18cb805507bed707b0e306d3b433:segment:011,11,18080.0,16960,activities/108_260801060832.csv,1,1,0,0
fit:80de1342a3e9944829ab101957c8eddffd3d18cb805507bed707b0e306d3b433,2026-08-01T09:09:53+00:00,1634,0,169,0,8.642,173.20000000000005,35,fit:80de1342a3e9944829ab101957c8eddffd3d18cb805507bed707b0e306d3b433:segment:011,11,18081.0,16961,activities/108_260801060832.csv,1,1,0,0
fit:80de1342a3e9944829ab101957c8eddffd3d18cb805507bed707b0e306d3b433,2026-08-01T09:09:54+00:00,1635,0,168,0,8.362,174.20000000000005,35,fit:80de1342a3e9944829ab101957c8eddffd3d18cb805507bed707b0e306d3b433:segment:011,11,18082.0,16962,activities/108_260801060832.csv,1,1,0,0
fit:80de1342a3e9944829ab101957c8eddffd3d18cb805507bed707b0e306d3b433,2026-08-01T09:09:55+00:00,1636,0,168,0,8.083,173.20000000000005,35,fit:80de1342a3e9944829ab101957c8eddffd3d18cb805507bed707b0e306d3b433:segment:011,11,18083.0,16963,activities/108_260801060832.csv,1,1,0,0
fit:80de1342a3e9944829ab101957c8eddffd3d18cb805507bed707b0e306d3b433,2026-08-01T09:09:56+00:00,1637,0,167,0,7.821,173.20000000000005,35,fit:80de1342a3e9944829ab101957c8eddffd3d18cb805507bed707b0e306d3b433:segment:011,11,18084.0,16964,activities/108_260801060832.csv,1,1,0,0
fit:80de1342a3e9944829ab101957c8eddffd3d18cb805507bed707b0e306d3b433,2026-08-01T09:09:57+00:00,1638,0,167,0,7.581,173.20000000000005,35,fit:80de1342a3e9944829ab101957c8eddffd3d18cb805507bed707b0e306d3b433:segment:011,11,18085.0,16965,activities/108_260801060832.csv,1,1,0,0
fit:80de1342a3e9944829ab101957c8eddffd3d18cb805507bed707b0e306d3b433,2026-08-01T09:09:58+00:00,1639,0,167,0,7.259,174.0,35,fit:80de1342a3e9944829ab101957c8eddffd3d18cb805507bed707b0e306d3b433:segment:011,11,18086.0,16966,activities/108_260801060832.csv,1,1,0,0
fit:80de1342a3e9944829ab101957c8eddffd3d18cb805507bed707b0e306d3b433,2026-08-01T09:09:59+00:00,1640,0,167,0,6.931,174.0,35,fit:80de1342a3e9944829ab101957c8eddffd3d18cb805507bed707b0e306d3b433:segment:011,11,18087.0,16967,activities/108_260801060832.csv,1,1,0,0
fit:80de1342a3e9944829ab101957c8eddffd3d18cb805507bed707b0e306d3b433,2026-08-01T09:10:00+00:00,1641,55,167,0,6.667,174.0,35,fit:80de1342a3e9944829ab101957c8eddffd3d18cb805507bed707b0e306d3b433:segment:011,11,18088.0,16968,activities/108_260801060832.csv,1,1,0,0
fit:80de1342a3e9944829ab101957c8eddffd3d18cb805507bed707b0e306d3b433,2026-08-01T09:10:01+00:00,1642,130,166,56,6.465,174.0,35,fit:80de1342a3e9944829ab101957c8eddffd3d18cb805507bed707b0e306d3b433:segment:011,11,18089.0,16969,activities/108_260801060832.csv,1,1,0,0
fit:80de1342a3e9944829ab101957c8eddffd3d18cb805507bed707b0e306d3b433,2026-08-01T09:10:02+00:00,1643,130,165,56,6.301,174.0,35,fit:80de1342a3e9944829ab101957c8eddffd3d18cb805507bed707b0e306d3b433:segment:011,11,18090.0,16970,activities/108_260801060832.csv,1,1,0,0
fit:80de1342a3e9944829ab101957c8eddffd3d18cb805507bed707b0e306d3b433,2026-08-01T09:10:03+00:00,1644,64,164,54,6.13,176.39999999999998,35,fit:80de1342a3e9944829ab101957c8eddffd3d18cb805507bed707b0e306d3b433:segment:011,11,18091.0,16971,activities/108_260801060832.csv,1,1,0,0
fit:80de1342a3e9944829ab101957c8eddffd3d18cb805507bed707b0e306d3b433,2026-08-01T09:10:04+00:00,1645,64,164,53,6.004,176.39999999999998,35,fit:80de1342a3e9944829ab101957c8eddffd3d18cb805507bed707b0e306d3b433:segment:011,11,18092.0,16972,activities/108_260801060832.csv,1,1,0,0
fit:80de1342a3e9944829ab101957c8eddffd3d18cb805507bed707b0e306d3b433,2026-08-01T09:10:05+00:00,1646,49,164,53,5.861,176.39999999999998,35,fit:80de1342a3e9944829ab101957c8eddffd3d18cb805507bed707b0e306d3b433:segment:011,11,18093.0,16973,activities/108_260801060832.csv,1,1,0,0
fit:80de1342a3e9944829ab101957c8eddffd3d18cb805507bed707b0e306d3b433,2026-08-01T09:10:06+00:00,1647,49,163,49,5.703,175.39999999999998,35,fit:80de1342a3e9944829ab101957c8eddffd3d18cb805507bed707b0e306d3b433:segment:011,11,18094.0,16974,activities/108_260801060832.csv,1,1,0,0
fit:80de1342a3e9944829ab101957c8eddffd3d18cb805507bed707b0e306d3b433,2026-08-01T09:10:07+00:00,1648,49,163,49,5.473,176.20000000000005,35,fit:80de1342a3e9944829ab101957c8eddffd3d18cb805507bed707b0e306d3b433:segment:011,11,18095.0,16975,activities/108_260801060832.csv,1,1,0,0
fit:80de1342a3e9944829ab101957c8eddffd3d18cb805507bed707b0e306d3b433,2026-08-01T09:10:08+00:00,1649,49,162,49,5.225,176.20000000000005,35,fit:80de1342a3e9944829ab101957c8eddffd3d18cb805507bed707b0e306d3b433:segment:011,11,18096.0,16976,activities/108_260801060832.csv,1,1,0,0
fit:80de1342a3e9944829ab101957c8eddffd3d18cb805507bed707b0e306d3b433,2026-08-01T09:10:09+00:00,1650,45,161,49,5.001,176.20000000000005,35,fit:80de1342a3e9944829ab101957c8eddffd3d18cb805507bed707b0e306d3b433:segment:011,11,18097.0,16977,activities/108_260801060832.csv,1,1,0,0
fit:80de1342a3e9944829ab101957c8eddffd3d18cb805507bed707b0e306d3b433,2026-08-01T09:10:10+00:00,1651,40,159,46,4.781,176.79999999999995,35,fit:80de1342a3e9944829ab101957c8eddffd3d18cb805507bed707b0e306d3b433:segment:011,11,18098.0,16978,activities/108_260801060832.csv,1,1,0,0
fit:80de1342a3e9944829ab101957c8eddffd3d18cb805507bed707b0e306d3b433,2026-08-01T09:10:11+00:00,1652,36,156,44,4.704,176.60000000000002,35,fit:80de1342a3e9944829ab101957c8eddffd3d18cb805507bed707b0e306d3b433:segment:011,11,18099.0,16979,activities/108_260801060832.csv,1,1,0,0
fit:80de1342a3e9944829ab101957c8eddffd3d18cb805507bed707b0e306d3b433,2026-08-01T09:10:12+00:00,1653,67,156,0,4.639,176.60000000000002,35,fit:80de1342a3e9944829ab101957c8eddffd3d18cb805507bed707b0e306d3b433:segment:011,11,18100.0,16980,activities/108_260801060832.csv,1,1,0,0
fit:80de1342a3e9944829ab101957c8eddffd3d18cb805507bed707b0e306d3b433,2026-08-01T09:10:13+00:00,1654,68,153,41,4.529,176.60000000000002,35,fit:80de1342a3e9944829ab101957c8eddffd3d18cb805507bed707b0e306d3b433:segment:011,11,18101.0,16981,activities/108_260801060832.csv,1,1,0,0
fit:80de1342a3e9944829ab101957c8eddffd3d18cb805507bed707b0e306d3b433,2026-08-01T09:10:14+00:00,1655,173,151,43,4.595,176.60000000000002,35,fit:80de1342a3e9944829ab101957c8eddffd3d18cb805507bed707b0e306d3b433:segment:011,11,18102.0,16982,activities/108_260801060832.csv,1,1,0,0
fit:80de1342a3e9944829ab101957c8eddffd3d18cb805507bed707b0e306d3b433,2026-08-01T09:10:15+00:00,1656,203,148,43,4.834,176.39999999999998,35,fit:80de1342a3e9944829ab101957c8eddffd3d18cb805507bed707b0e306d3b433:segment:011,11,18103.0,16983,activities/108_260801060832.csv,1,1,0,0
fit:80de1342a3e9944829ab101957c8eddffd3d18cb805507bed707b0e306d3b433,2026-08-01T09:10:16+00:00,1657,209,147,45,4.844,176.39999999999998,35,fit:80de1342a3e9944829ab101957c8eddffd3d18cb805507bed707b0e306d3b433:segment:011,11,18104.0,16984,activities/108_260801060832.csv,1,1,0,0
fit:80de1342a3e9944829ab101957c8eddffd3d18cb805507bed707b0e306d3b433,2026-08-01T09:10:17+00:00,1658,229,147,47,5.068,176.39999999999998,35,fit:80de1342a3e9944829ab101957c8eddffd3d18cb805507bed707b0e306d3b433:segment:011,11,18105.0,16985,activities/108_260801060832.csv,1,1,0,0
fit:80de1342a3e9944829ab101957c8eddffd3d18cb805507bed707b0e306d3b433,2026-08-01T09:10:18+00:00,1659,229,147,50,5.26,176.39999999999998,35,fit:80de1342a3e9944829ab101957c8eddffd3d18cb805507bed707b0e306d3b433:segment:011,11,18106.0,16986,activities/108_260801060832.csv,1,1,0,0
fit:80de1342a3e9944829ab101957c8eddffd3d18cb805507bed707b0e306d3b433,2026-08-01T09:10:19+00:00,1660,230,146,52,5.549,176.79999999999995,35,fit:80de1342a3e9944829ab101957c8eddffd3d18cb805507bed707b0e306d3b433:segment:011,11,18107.0,16987,activities/108_260801060832.csv,1,1,0,0
fit:80de1342a3e9944829ab101957c8eddffd3d18cb805507bed707b0e306d3b433,2026-08-01T09:10:20+00:00,1661,214,147,52,5.725,176.79999999999995,35,fit:80de1342a3e9944829ab101957c8eddffd3d18cb805507bed707b0e306d3b433:segment:011,11,18108.0,16988,activities/108_260801060832.csv,1,1,0,0
fit:80de1342a3e9944829ab101957c8eddffd3d18cb805507bed707b0e306d3b433,2026-08-01T09:10:21+00:00,1662,226,147,57,6.003,176.79999999999995,35,fit:80de1342a3e9944829ab101957c8eddffd3d18cb805507bed707b0e306d3b433:segment:011,11,18109.0,16989,activities/108_260801060832.csv,1,1,0,0
fit:80de1342a3e9944829ab101957c8eddffd3d18cb805507bed707b0e306d3b433,2026-08-01T09:10:22+00:00,1663,212,147,58,6.234,176.79999999999995,35,fit:80de1342a3e9944829ab101957c8eddffd3d18cb805507bed707b0e306d3b433:segment:011,11,18110.0,16990,activities/108_260801060832.csv,1,1,0,0
fit:80de1342a3e9944829ab101957c8eddffd3d18cb805507bed707b0e306d3b433,2026-08-01T09:10:23+00:00,1664,212,148,59,6.396,177.39999999999998,35,fit:80de1342a3e9944829ab101957c8eddffd3d18cb805507bed707b0e306d3b433:segment:011,11,18111.0,16991,activities/108_260801060832.csv,1,1,0,0
fit:80de1342a3e9944829ab101957c8eddffd3d18cb805507bed707b0e306d3b433,2026-08-01T09:10:24+00:00,1665,209,148,60,6.471,177.39999999999998,35,fit:80de1342a3e9944829ab101957c8eddffd3d18cb805507bed707b0e306d3b433:segment:011,11,18112.0,16992,activities/108_260801060832.csv,1,1,0,0
fit:80de1342a3e9944829ab101957c8eddffd3d18cb805507bed707b0e306d3b433,2026-08-01T09:10:25+00:00,1666,267,148,60,6.681,177.39999999999998,35,fit:80de1342a3e9944829ab101957c8eddffd3d18cb805507bed707b0e306d3b433:segment:011,11,18113.0,16993,activities/108_260801060832.csv,1,1,0,0
fit:80de1342a3e9944829ab101957c8eddffd3d18cb805507bed707b0e306d3b433,2026-08-01T09:10:26+00:00,1667,472,149,63,6.777,176.39999999999998,35,fit:80de1342a3e9944829ab101957c8eddffd3d18cb805507bed707b0e306d3b433:segment:011,11,18114.0,16994,activities/108_260801060832.csv,1,1,0,0
fit:80de1342a3e9944829ab101957c8eddffd3d18cb805507bed707b0e306d3b433,2026-08-01T09:10:27+00:00,1668,376,149,67,6.962,176.79999999999995,35,fit:80de1342a3e9944829ab101957c8eddffd3d18cb805507bed707b0e306d3b433:segment:011,11,18115.0,16995,activities/108_260801060832.csv,1,1,0,0
fit:80de1342a3e9944829ab101957c8eddffd3d18cb805507bed707b0e306d3b433,2026-08-01T09:10:28+00:00,1669,376,149,69,7.367,176.79999999999995,35,fit:80de1342a3e9944829ab101957c8eddffd3d18cb805507bed707b0e306d3b433:segment:011,11,18116.0,16996,activities/108_260801060832.csv,1,1,0,0
fit:80de1342a3e9944829ab101957c8eddffd3d18cb805507bed707b0e306d3b433,2026-08-01T09:10:29+00:00,1670,342,152,69,7.456,176.79999999999995,35,fit:80de1342a3e9944829ab101957c8eddffd3d18cb805507bed707b0e306d3b433:segment:011,11,18117.0,16997,activities/108_260801060832.csv,1,1,0,0
fit:80de1342a3e9944829ab101957c8eddffd3d18cb805507bed707b0e306d3b433,2026-08-01T09:10:30+00:00,1671,311,152,73,7.861,177.79999999999995,35,fit:80de1342a3e9944829ab101957c8eddffd3d18cb805507bed707b0e306d3b433:segment:011,11,18118.0,16998,activities/108_260801060832.csv,1,1,0,0
fit:80de1342a3e9944829ab101957c8eddffd3d18cb805507bed707b0e306d3b433,2026-08-01T09:10:31+00:00,1672,340,153,75,7.986,177.39999999999998,35,fit:80de1342a3e9944829ab101957c8eddffd3d18cb805507bed707b0e306d3b433:segment:011,11,18119.0,16999,activities/108_260801060832.csv,1,1,0,0
fit:80de1342a3e9944829ab101957c8eddffd3d18cb805507bed707b0e306d3b433,2026-08-01T09:10:32+00:00,1673,340,155,76,8.2,177.39999999999998,35,fit:80de1342a3e9944829ab101957c8eddffd3d18cb805507bed707b0e306d3b433:segment:011,11,18120.0,17000,activities/108_260801060832.csv,1,1,0,0
fit:80de1342a3e9944829ab101957c8eddffd3d18cb805507bed707b0e306d3b433,2026-08-01T09:10:33+00:00,1674,344,157,76,8.171,177.39999999999998,35,fit:80de1342a3e9944829ab101957c8eddffd3d18cb805507bed707b0e306d3b433:segment:011,11,18121.0,17001,activities/108_260801060832.csv,1,1,0,0
fit:80de1342a3e9944829ab101957c8eddffd3d18cb805507bed707b0e306d3b433,2026-08-01T09:10:34+00:00,1675,328,158,78,8.545,177.39999999999998,35,fit:80de1342a3e9944829ab101957c8eddffd3d18cb805507bed707b0e306d3b433:segment:011,11,18122.0,17002,activities/108_260801060832.csv,1,1,0,0
fit:80de1342a3e9944829ab101957c8eddffd3d18cb805507bed707b0e306d3b433,2026-08-01T09:10:35+00:00,1676,314,159,79,8.697,176.79999999999995,35,fit:80de1342a3e9944829ab101957c8eddffd3d18cb805507bed707b0e306d3b433:segment:011,11,18123.0,17003,activities/108_260801060832.csv,1,1,0,0
fit:80de1342a3e9944829ab101957c8eddffd3d18cb805507bed707b0e306d3b433,2026-08-01T09:10:36+00:00,1677,300,160,79,8.558,176.79999999999995,35,fit:80de1342a3e9944829ab101957c8eddffd3d18cb805507bed707b0e306d3b433:segment:011,11,18124.0,17004,activities/108_260801060832.csv,1,1,0,0
fit:80de1342a3e9944829ab101957c8eddffd3d18cb805507bed707b0e306d3b433,2026-08-01T09:10:37+00:00,1678,280,162,80,8.769,176.79999999999995,35,fit:80de1342a3e9944829ab101957c8eddffd3d18cb805507bed707b0e306d3b433:segment:011,11,18125.0,17005,activities/108_260801060832.csv,1,1,0,0
fit:80de1342a3e9944829ab101957c8eddffd3d18cb805507bed707b0e306d3b433,2026-08-01T09:10:38+00:00,1679,323,162,82,8.995,177.79999999999995,35,fit:80de1342a3e9944829ab101957c8eddffd3d18cb805507bed707b0e306d3b433:segment:011,11,18126.0,17006,activities/108_260801060832.csv,1,1,0,0
fit:80de1342a3e9944829ab101957c8eddffd3d18cb805507bed707b0e306d3b433,2026-08-01T09:10:39+00:00,1680,345,164,85,8.897,179.60000000000002,35,fit:80de1342a3e9944829ab101957c8eddffd3d18cb805507bed707b0e306d3b433:segment:011,11,18127.0,17007,activities/108_260801060832.csv,1,1,0,0
fit:80de1342a3e9944829ab101957c8eddffd3d18cb805507bed707b0e306d3b433,2026-08-01T09:10:40+00:00,1681,266,164,85,9.157,179.60000000000002,35,fit:80de1342a3e9944829ab101957c8eddffd3d18cb805507bed707b0e306d3b433:segment:011,11,18128.0,17008,activities/108_260801060832.csv,1,1,0,0
fit:80de1342a3e9944829ab101957c8eddffd3d18cb805507bed707b0e306d3b433,2026-08-01T09:10:41+00:00,1682,351,165,74,9.354,179.60000000000002,35,fit:80de1342a3e9944829ab101957c8eddffd3d18cb805507bed707b0e306d3b433:segment:011,11,18129.0,17009,activities/108_260801060832.csv,1,1,0,0
fit:80de1342a3e9944829ab101957c8eddffd3d18cb805507bed707b0e306d3b433,2026-08-01T09:10:42+00:00,1683,351,166,85,9.375,178.60000000000002,35,fit:80de1342a3e9944829ab101957c8eddffd3d18cb805507bed707b0e306d3b433:segment:011,11,18130.0,17010,activities/108_260801060832.csv,1,1,0,0
fit:80de1342a3e9944829ab101957c8eddffd3d18cb805507bed707b0e306d3b433,2026-08-01T09:10:43+00:00,1684,289,167,85,9.36,178.39999999999998,35,fit:80de1342a3e9944829ab101957c8eddffd3d18cb805507bed707b0e306d3b433:segment:011,11,18131.0,17011,activities/108_260801060832.csv,1,1,0,0
fit:80de1342a3e9944829ab101957c8eddffd3d18cb805507bed707b0e306d3b433,2026-08-01T09:10:44+00:00,1685,262,168,85,9.365,178.39999999999998,35,fit:80de1342a3e9944829ab101957c8eddffd3d18cb805507bed707b0e306d3b433:segment:011,11,18132.0,17012,activities/108_260801060832.csv,1,1,0,0
fit:80de1342a3e9944829ab101957c8eddffd3d18cb805507bed707b0e306d3b433,2026-08-01T09:10:45+00:00,1686,248,169,86,9.389,178.39999999999998,35,fit:80de1342a3e9944829ab101957c8eddffd3d18cb805507bed707b0e306d3b433:segment:011,11,18133.0,17013,activities/108_260801060832.csv,1,1,0,0
fit:80de1342a3e9944829ab101957c8eddffd3d18cb805507bed707b0e306d3b433,2026-08-01T09:10:46+00:00,1687,229,169,85,9.459,178.39999999999998,35,fit:80de1342a3e9944829ab101957c8eddffd3d18cb805507bed707b0e306d3b433:segment:011,11,18134.0,17014,activities/108_260801060832.csv,1,1,0,0
fit:80de1342a3e9944829ab101957c8eddffd3d18cb805507bed707b0e306d3b433,2026-08-01T09:10:47+00:00,1688,228,170,85,9.391,178.79999999999995,35,fit:80de1342a3e9944829ab101957c8eddffd3d18cb805507bed707b0e306d3b433:segment:011,11,18135.0,17015,activities/108_260801060832.csv,1,1,0,0
fit:80de1342a3e9944829ab101957c8eddffd3d18cb805507bed707b0e306d3b433,2026-08-01T09:10:48+00:00,1689,233,170,84,9.395,178.79999999999995,35,fit:80de1342a3e9944829ab101957c8eddffd3d18cb805507bed707b0e306d3b433:segment:011,11,18136.0,17016,activities/108_260801060832.csv,1,1,0,0
fit:80de1342a3e9944829ab101957c8eddffd3d18cb805507bed707b0e306d3b433,2026-08-01T09:10:49+00:00,1690,255,171,84,9.359,178.79999999999995,35,fit:80de1342a3e9944829ab101957c8eddffd3d18cb805507bed707b0e306d3b433:segment:011,11,18137.0,17017,activities/108_260801060832.csv,1,1,0,0
fit:80de1342a3e9944829ab101957c8eddffd3d18cb805507bed707b0e306d3b433,2026-08-01T09:10:50+00:00,1691,227,172,84,9.267,178.79999999999995,35,fit:80de1342a3e9944829ab101957c8eddffd3d18cb805507bed707b0e306d3b433:segment:011,11,18138.0,17018,activities/108_260801060832.csv,1,1,0,0
fit:80de1342a3e9944829ab101957c8eddffd3d18cb805507bed707b0e306d3b433,2026-08-01T09:10:51+00:00,1692,243,172,83,9.25,177.79999999999995,35,fit:80de1342a3e9944829ab101957c8eddffd3d18cb805507bed707b0e306d3b433:segment:011,11,18139.0,17019,activities/108_260801060832.csv,1,1,0,0
fit:80de1342a3e9944829ab101957c8eddffd3d18cb805507bed707b0e306d3b433,2026-08-01T09:10:52+00:00,1693,243,173,83,9.125,177.79999999999995,35,fit:80de1342a3e9944829ab101957c8eddffd3d18cb805507bed707b0e306d3b433:segment:011,11,18140.0,17020,activities/108_260801060832.csv,1,1,0,0
fit:80de1342a3e9944829ab101957c8eddffd3d18cb805507bed707b0e306d3b433,2026-08-01T09:10:53+00:00,1694,259,173,83,9.125,177.79999999999995,35,fit:80de1342a3e9944829ab101957c8eddffd3d18cb805507bed707b0e306d3b433:segment:011,11,18141.0,17021,activities/108_260801060832.csv,1,1,0,0
fit:80de1342a3e9944829ab101957c8eddffd3d18cb805507bed707b0e306d3b433,2026-08-01T09:10:54+00:00,1695,257,174,83,9.132,178.79999999999995,35,fit:80de1342a3e9944829ab101957c8eddffd3d18cb805507bed707b0e306d3b433:segment:011,11,18142.0,17022,activities/108_260801060832.csv,1,1,0,0
fit:80de1342a3e9944829ab101957c8eddffd3d18cb805507bed707b0e306d3b433,2026-08-01T09:10:55+00:00,1696,250,174,83,9.106,179.79999999999995,35,fit:80de1342a3e9944829ab101957c8eddffd3d18cb805507bed707b0e306d3b433:segment:011,11,18143.0,17023,activities/108_260801060832.csv,1,1,0,0
fit:80de1342a3e9944829ab101957c8eddffd3d18cb805507bed707b0e306d3b433,2026-08-01T09:10:56+00:00,1697,244,174,83,9.142,179.79999999999995,35,fit:80de1342a3e9944829ab101957c8eddffd3d18cb805507bed707b0e306d3b433:segment:011,11,18144.0,17024,activities/108_260801060832.csv,1,1,0,0
fit:80de1342a3e9944829ab101957c8eddffd3d18cb805507bed707b0e306d3b433,2026-08-01T09:10:57+00:00,1698,237,174,83,9.196,179.79999999999995,35,fit:80de1342a3e9944829ab101957c8eddffd3d18cb805507bed707b0e306d3b433:segment:011,11,18145.0,17025,activities/108_260801060832.csv,1,1,0,0
fit:80de1342a3e9944829ab101957c8eddffd3d18cb805507bed707b0e306d3b433,2026-08-01T09:10:58+00:00,1699,207,174,84,9.226,179.79999999999995,35,fit:80de1342a3e9944829ab101957c8eddffd3d18cb805507bed707b0e306d3b433:segment:011,11,18146.0,17026,activities/108_260801060832.csv,1,1,0,0
fit:80de1342a3e9944829ab101957c8eddffd3d18cb805507bed707b0e306d3b433,2026-08-01T09:10:59+00:00,1700,189,175,84,9.265,179.39999999999998,35,fit:80de1342a3e9944829ab101957c8eddffd3d18cb805507bed707b0e306d3b433:segment:011,11,18147.0,17027,activities/108_260801060832.csv,1,1,0,0
fit:80de1342a3e9944829ab101957c8eddffd3d18cb805507bed707b0e306d3b433,2026-08-01T09:11:00+00:00,1701,210,175,83,9.206,179.39999999999998,35,fit:80de1342a3e9944829ab101957c8eddffd3d18cb805507bed707b0e306d3b433:segment:011,11,18148.0,17028,activities/108_260801060832.csv,1,1,0,0
fit:80de1342a3e9944829ab101957c8eddffd3d18cb805507bed707b0e306d3b433,2026-08-01T09:11:01+00:00,1702,201,176,83,9.122,179.39999999999998,35,fit:80de1342a3e9944829ab101957c8eddffd3d18cb805507bed707b0e306d3b433:segment:011,11,18149.0,17029,activities/108_260801060832.csv,1,1,0,0
fit:80de1342a3e9944829ab101957c8eddffd3d18cb805507bed707b0e306d3b433,2026-08-01T09:11:02+00:00,1703,201,176,82,9.099,179.39999999999998,35,fit:80de1342a3e9944829ab101957c8eddffd3d18cb805507bed707b0e306d3b433:segment:011,11,18150.0,17030,activities/108_260801060832.csv,1,1,0,0
fit:80de1342a3e9944829ab101957c8eddffd3d18cb805507bed707b0e306d3b433,2026-08-01T09:11:03+00:00,1704,202,176,81,9.059,179.39999999999998,35,fit:80de1342a3e9944829ab101957c8eddffd3d18cb805507bed707b0e306d3b433:segment:011,11,18151.0,17031,activities/108_260801060832.csv,1,1,0,0
fit:80de1342a3e9944829ab101957c8eddffd3d18cb805507bed707b0e306d3b433,2026-08-01T09:11:04+00:00,1705,220,176,80,8.974,179.39999999999998,35,fit:80de1342a3e9944829ab101957c8eddffd3d18cb805507bed707b0e306d3b433:segment:011,11,18152.0,17032,activities/108_260801060832.csv,1,1,0,0
fit:80de1342a3e9944829ab101957c8eddffd3d18cb805507bed707b0e306d3b433,2026-08-01T09:11:05+00:00,1706,182,176,80,8.847,179.39999999999998,35,fit:80de1342a3e9944829ab101957c8eddffd3d18cb805507bed707b0e306d3b433:segment:011,11,18153.0,17033,activities/108_260801060832.csv,1,1,0,0
fit:80de1342a3e9944829ab101957c8eddffd3d18cb805507bed707b0e306d3b433,2026-08-01T09:11:06+00:00,1707,216,176,78,8.775,179.39999999999998,35,fit:80de1342a3e9944829ab101957c8eddffd3d18cb805507bed707b0e306d3b433:segment:011,11,18154.0,17034,activities/108_260801060832.csv,1,1,0,0
fit:80de1342a3e9944829ab101957c8eddffd3d18cb805507bed707b0e306d3b433,2026-08-01T09:11:07+00:00,1708,181,176,78,8.655,181.60000000000002,35,fit:80de1342a3e9944829ab101957c8eddffd3d18cb805507bed707b0e306d3b433:segment:011,11,18155.0,17035,activities/108_260801060832.csv,1,1,0,0
fit:80de1342a3e9944829ab101957c8eddffd3d18cb805507bed707b0e306d3b433,2026-08-01T09:11:08+00:00,1709,181,176,78,8.636,181.60000000000002,35,fit:80de1342a3e9944829ab101957c8eddffd3d18cb805507bed707b0e306d3b433:segment:011,11,18156.0,17036,activities/108_260801060832.csv,1,1,0,0
fit:80de1342a3e9944829ab101957c8eddffd3d18cb805507bed707b0e306d3b433,2026-08-01T09:11:09+00:00,1710,39,176,78,8.678,181.60000000000002,35,fit:80de1342a3e9944829ab101957c8eddffd3d18cb805507bed707b0e306d3b433:segment:011,11,18157.0,17037,activities/108_260801060832.csv,1,1,0,0
fit:80de1342a3e9944829ab101957c8eddffd3d18cb805507bed707b0e306d3b433,2026-08-01T09:11:10+00:00,1711,107,177,76,8.511,180.60000000000002,35,fit:80de1342a3e9944829ab101957c8eddffd3d18cb805507bed707b0e306d3b433:segment:011,11,18158.0,17038,activities/108_260801060832.csv,1,1,0,0
fit:80de1342a3e9944829ab101957c8eddffd3d18cb805507bed707b0e306d3b433,2026-08-01T09:11:11+00:00,1712,174,177,84,8.421,180.60000000000002,35,fit:80de1342a3e9944829ab101957c8eddffd3d18cb805507bed707b0e306d3b433:segment:011,11,18159.0,17039,activities/108_260801060832.csv,1,1,0,0
fit:80de1342a3e9944829ab101957c8eddffd3d18cb805507bed707b0e306d3b433,2026-08-01T09:11:12+00:00,1713,175,177,83,8.348,180.60000000000002,35,fit:80de1342a3e9944829ab101957c8eddffd3d18cb805507bed707b0e306d3b433:segment:011,11,18160.0,17040,activities/108_260801060832.csv,1,1,0,0
fit:80de1342a3e9944829ab101957c8eddffd3d18cb805507bed707b0e306d3b433,2026-08-01T09:11:13+00:00,1714,178,177,83,8.292,180.60000000000002,35,fit:80de1342a3e9944829ab101957c8eddffd3d18cb805507bed707b0e306d3b433:segment:011,11,18161.0,17041,activities/108_260801060832.csv,1,1,0,0
fit:80de1342a3e9944829ab101957c8eddffd3d18cb805507bed707b0e306d3b433,2026-08-01T09:11:14+00:00,1715,209,177,83,8.236,180.60000000000002,35,fit:80de1342a3e9944829ab101957c8eddffd3d18cb805507bed707b0e306d3b433:segment:011,11,18162.0,17042,activities/108_260801060832.csv,1,1,0,0
fit:80de1342a3e9944829ab101957c8eddffd3d18cb805507bed707b0e306d3b433,2026-08-01T09:11:15+00:00,1716,191,177,83,8.286,180.79999999999995,35,fit:80de1342a3e9944829ab101957c8eddffd3d18cb805507bed707b0e306d3b433:segment:011,11,18163.0,17043,activities/108_260801060832.csv,1,1,0,0
fit:80de1342a3e9944829ab101957c8eddffd3d18cb805507bed707b0e306d3b433,2026-08-01T09:11:16+00:00,1717,222,176,83,8.239,180.79999999999995,35,fit:80de1342a3e9944829ab101957c8eddffd3d18cb805507bed707b0e306d3b433:segment:011,11,18164.0,17044,activities/108_260801060832.csv,1,1,0,0
fit:80de1342a3e9944829ab101957c8eddffd3d18cb805507bed707b0e306d3b433,2026-08-01T09:11:17+00:00,1718,219,176,84,8.276,180.79999999999995,35,fit:80de1342a3e9944829ab101957c8eddffd3d18cb805507bed707b0e306d3b433:segment:011,11,18165.0,17045,activities/108_260801060832.csv,1,1,0,0
fit:80de1342a3e9944829ab101957c8eddffd3d18cb805507bed707b0e306d3b433,2026-08-01T09:11:18+00:00,1719,204,176,85,8.366,180.79999999999995,35,fit:80de1342a3e9944829ab101957c8eddffd3d18cb805507bed707b0e306d3b433:segment:011,11,18166.0,17046,activities/108_260801060832.csv,1,1,0,0
fit:80de1342a3e9944829ab101957c8eddffd3d18cb805507bed707b0e306d3b433,2026-08-01T09:11:19+00:00,1720,190,176,86,8.442,181.20000000000005,35,fit:80de1342a3e9944829ab101957c8eddffd3d18cb805507bed707b0e306d3b433:segment:011,11,18167.0,17047,activities/108_260801060832.csv,1,1,0,0
fit:80de1342a3e9944829ab101957c8eddffd3d18cb805507bed707b0e306d3b433,2026-08-01T09:11:20+00:00,1721,210,175,86,8.564,181.20000000000005,35,fit:80de1342a3e9944829ab101957c8eddffd3d18cb805507bed707b0e306d3b433:segment:011,11,18168.0,17048,activities/108_260801060832.csv,1,1,0,0
fit:80de1342a3e9944829ab101957c8eddffd3d18cb805507bed707b0e306d3b433,2026-08-01T09:11:21+00:00,1722,160,175,88,8.741,181.20000000000005,35,fit:80de1342a3e9944829ab101957c8eddffd3d18cb805507bed707b0e306d3b433:segment:011,11,18169.0,17049,activities/108_260801060832.csv,1,1,0,0
fit:80de1342a3e9944829ab101957c8eddffd3d18cb805507bed707b0e306d3b433,2026-08-01T09:11:22+00:00,1723,291,175,88,8.823,181.20000000000005,35,fit:80de1342a3e9944829ab101957c8eddffd3d18cb805507bed707b0e306d3b433:segment:011,11,18170.0,17050,activities/108_260801060832.csv,1,1,0,0
fit:80de1342a3e9944829ab101957c8eddffd3d18cb805507bed707b0e306d3b433,2026-08-01T09:11:23+00:00,1724,265,174,82,8.914,180.39999999999998,35,fit:80de1342a3e9944829ab101957c8eddffd3d18cb805507bed707b0e306d3b433:segment:011,11,18171.0,17051,activities/108_260801060832.csv,1,1,0,0
fit:80de1342a3e9944829ab101957c8eddffd3d18cb805507bed707b0e306d3b433,2026-08-01T09:11:24+00:00,1725,210,174,84,9.062,180.39999999999998,35,fit:80de1342a3e9944829ab101957c8eddffd3d18cb805507bed707b0e306d3b433:segment:011,11,18172.0,17052,activities/108_260801060832.csv,1,1,0,0
fit:80de1342a3e9944829ab101957c8eddffd3d18cb805507bed707b0e306d3b433,2026-08-01T09:11:25+00:00,1726,157,173,84,9.198,180.39999999999998,35,fit:80de1342a3e9944829ab101957c8eddffd3d18cb805507bed707b0e306d3b433:segment:011,11,18173.0,17053,activities/108_260801060832.csv,1,1,0,0
fit:80de1342a3e9944829ab101957c8eddffd3d18cb805507bed707b0e306d3b433,2026-08-01T09:11:26+00:00,1727,157,172,84,9.252,180.39999999999998,35,fit:80de1342a3e9944829ab101957c8eddffd3d18cb805507bed707b0e306d3b433:segment:011,11,18174.0,17054,activities/108_260801060832.csv,1,1,0,0
fit:80de1342a3e9944829ab101957c8eddffd3d18cb805507bed707b0e306d3b433,2026-08-01T09:11:27+00:00,1728,188,172,84,9.291,180.60000000000002,35,fit:80de1342a3e9944829ab101957c8eddffd3d18cb805507bed707b0e306d3b433:segment:011,11,18175.0,17055,activities/108_260801060832.csv,1,1,0,0
fit:80de1342a3e9944829ab101957c8eddffd3d18cb805507bed707b0e306d3b433,2026-08-01T09:11:28+00:00,1729,154,172,84,9.331,180.60000000000002,35,fit:80de1342a3e9944829ab101957c8eddffd3d18cb805507bed707b0e306d3b433:segment:011,11,18176.0,17056,activities/108_260801060832.csv,1,1,0,0
fit:80de1342a3e9944829ab101957c8eddffd3d18cb805507bed707b0e306d3b433,2026-08-01T09:11:29+00:00,1730,183,172,84,9.295,180.60000000000002,35,fit:80de1342a3e9944829ab101957c8eddffd3d18cb805507bed707b0e306d3b433:segment:011,11,18177.0,17057,activities/108_260801060832.csv,1,1,0,0
fit:80de1342a3e9944829ab101957c8eddffd3d18cb805507bed707b0e306d3b433,2026-08-01T09:11:30+00:00,1731,163,171,84,9.282,180.60000000000002,35,fit:80de1342a3e9944829ab101957c8eddffd3d18cb805507bed707b0e306d3b433:segment:011,11,18178.0,17058,activities/108_260801060832.csv,1,1,0,0
fit:80de1342a3e9944829ab101957c8eddffd3d18cb805507bed707b0e306d3b433,2026-08-01T09:11:31+00:00,1732,168,171,84,9.284,181.20000000000005,35,fit:80de1342a3e9944829ab101957c8eddffd3d18cb805507bed707b0e306d3b433:segment:011,11,18179.0,17059,activities/108_260801060832.csv,1,1,0,0
fit:80de1342a3e9944829ab101957c8eddffd3d18cb805507bed707b0e306d3b433,2026-08-01T09:11:32+00:00,1733,170,170,84,9.274,181.20000000000005,35,fit:80de1342a3e9944829ab101957c8eddffd3d18cb805507bed707b0e306d3b433:segment:011,11,18180.0,17060,activities/108_260801060832.csv,1,1,0,0
fit:80de1342a3e9944829ab101957c8eddffd3d18cb805507bed707b0e306d3b433,2026-08-01T09:11:33+00:00,1734,171,170,83,9.259,181.20000000000005,35,fit:80de1342a3e9944829ab101957c8eddffd3d18cb805507bed707b0e306d3b433:segment:011,11,18181.0,17061,activities/108_260801060832.csv,1,1,0,0
fit:80de1342a3e9944829ab101957c8eddffd3d18cb805507bed707b0e306d3b433,2026-08-01T09:11:34+00:00,1735,184,170,83,9.227,180.39999999999998,35,fit:80de1342a3e9944829ab101957c8eddffd3d18cb805507bed707b0e306d3b433:segment:011,11,18182.0,17062,activities/108_260801060832.csv,1,1,0,0
fit:80de1342a3e9944829ab101957c8eddffd3d18cb805507bed707b0e306d3b433,2026-08-01T09:11:35+00:00,1736,141,169,83,9.232,182.20000000000005,35,fit:80de1342a3e9944829ab101957c8eddffd3d18cb805507bed707b0e306d3b433:segment:011,11,18183.0,17063,activities/108_260801060832.csv,1,1,0,0
fit:80de1342a3e9944829ab101957c8eddffd3d18cb805507bed707b0e306d3b433,2026-08-01T09:11:36+00:00,1737,302,169,85,9.285,182.20000000000005,35,fit:80de1342a3e9944829ab101957c8eddffd3d18cb805507bed707b0e306d3b433:segment:011,11,18184.0,17064,activities/108_260801060832.csv,1,1,0,0
fit:80de1342a3e9944829ab101957c8eddffd3d18cb805507bed707b0e306d3b433,2026-08-01T09:11:37+00:00,1738,302,169,86,9.473,182.20000000000005,35,fit:80de1342a3e9944829ab101957c8eddffd3d18cb805507bed707b0e306d3b433:segment:011,11,18185.0,17065,activities/108_260801060832.csv,1,1,0,0
fit:80de1342a3e9944829ab101957c8eddffd3d18cb805507bed707b0e306d3b433,2026-08-01T09:11:38+00:00,1739,284,168,88,9.586,181.20000000000005,35,fit:80de1342a3e9944829ab101957c8eddffd3d18cb805507bed707b0e306d3b433:segment:011,11,18186.0,17066,activities/108_260801060832.csv,1,1,0,0
fit:80de1342a3e9944829ab101957c8eddffd3d18cb805507bed707b0e306d3b433,2026-08-01T09:11:39+00:00,1740,238,168,89,9.748,181.39999999999998,35,fit:80de1342a3e9944829ab101957c8eddffd3d18cb805507bed707b0e306d3b433:segment:011,11,18187.0,17067,activities/108_260801060832.csv,1,1,0,0
fit:80de1342a3e9944829ab101957c8eddffd3d18cb805507bed707b0e306d3b433,2026-08-01T09:11:40+00:00,1741,251,168,89,9.793,181.39999999999998,35,fit:80de1342a3e9944829ab101957c8eddffd3d18cb805507bed707b0e306d3b433:segment:011,11,18188.0,17068,activities/108_260801060832.csv,1,1,0,0
fit:80de1342a3e9944829ab101957c8eddffd3d18cb805507bed707b0e306d3b433,2026-08-01T09:11:41+00:00,1742,221,167,91,9.835,181.39999999999998,35,fit:80de1342a3e9944829ab101957c8eddffd3d18cb805507bed707b0e306d3b433:segment:011,11,18189.0,17069,activities/108_260801060832.csv,1,1,0,0
fit:80de1342a3e9944829ab101957c8eddffd3d18cb805507bed707b0e306d3b433,2026-08-01T09:11:42+00:00,1743,237,167,92,10.001,180.39999999999998,35,fit:80de1342a3e9944829ab101957c8eddffd3d18cb805507bed707b0e306d3b433:segment:011,11,18190.0,17070,activities/108_260801060832.csv,1,1,0,0
fit:80de1342a3e9944829ab101957c8eddffd3d18cb805507bed707b0e306d3b433,2026-08-01T09:11:43+00:00,1744,239,166,92,10.068,180.0,35,fit:80de1342a3e9944829ab101957c8eddffd3d18cb805507bed707b0e306d3b433:segment:011,11,18191.0,17071,activities/108_260801060832.csv,1,1,0,0
fit:80de1342a3e9944829ab101957c8eddffd3d18cb805507bed707b0e306d3b433,2026-08-01T09:11:44+00:00,1745,223,166,93,10.173,180.0,35,fit:80de1342a3e9944829ab101957c8eddffd3d18cb805507bed707b0e306d3b433:segment:011,11,18192.0,17072,activities/108_260801060832.csv,1,1,0,0
fit:80de1342a3e9944829ab101957c8eddffd3d18cb805507bed707b0e306d3b433,2026-08-01T09:11:45+00:00,1746,209,166,93,10.32,180.0,35,fit:80de1342a3e9944829ab101957c8eddffd3d18cb805507bed707b0e306d3b433:segment:011,11,18193.0,17073,activities/108_260801060832.csv,1,1,0,0
fit:80de1342a3e9944829ab101957c8eddffd3d18cb805507bed707b0e306d3b433,2026-08-01T09:11:46+00:00,1747,193,166,94,10.311,180.60000000000002,35,fit:80de1342a3e9944829ab101957c8eddffd3d18cb805507bed707b0e306d3b433:segment:011,11,18194.0,17074,activities/108_260801060832.csv,1,1,0,0
fit:80de1342a3e9944829ab101957c8eddffd3d18cb805507bed707b0e306d3b433,2026-08-01T09:11:47+00:00,1748,212,166,93,10.291,179.39999999999998,35,fit:80de1342a3e9944829ab101957c8eddffd3d18cb805507bed707b0e306d3b433:segment:011,11,18195.0,17075,activities/108_260801060832.csv,1,1,0,0
fit:80de1342a3e9944829ab101957c8eddffd3d18cb805507bed707b0e306d3b433,2026-08-01T09:11:48+00:00,1749,233,165,94,10.282,179.39999999999998,35,fit:80de1342a3e9944829ab101957c8eddffd3d18cb805507bed707b0e306d3b433:segment:011,11,18196.0,17076,activities/108_260801060832.csv,1,1,0,0
fit:80de1342a3e9944829ab101957c8eddffd3d18cb805507bed707b0e306d3b433,2026-08-01T09:11:49+00:00,1750,217,165,94,10.392,179.39999999999998,35,fit:80de1342a3e9944829ab101957c8eddffd3d18cb805507bed707b0e306d3b433:segment:011,11,18197.0,17077,activities/108_260801060832.csv,1,1,0,0
fit:80de1342a3e9944829ab101957c8eddffd3d18cb805507bed707b0e306d3b433,2026-08-01T09:11:50+00:00,1751,208,165,94,10.443,180.39999999999998,35,fit:80de1342a3e9944829ab101957c8eddffd3d18cb805507bed707b0e306d3b433:segment:011,11,18198.0,17078,activities/108_260801060832.csv,1,1,0,0
fit:80de1342a3e9944829ab101957c8eddffd3d18cb805507bed707b0e306d3b433,2026-08-01T09:11:51+00:00,1752,182,165,95,10.446,181.0,35,fit:80de1342a3e9944829ab101957c8eddffd3d18cb805507bed707b0e306d3b433:segment:011,11,18199.0,17079,activities/108_260801060832.csv,1,1,0,0
fit:80de1342a3e9944829ab101957c8eddffd3d18cb805507bed707b0e306d3b433,2026-08-01T09:11:52+00:00,1753,183,165,95,10.439,181.0,35,fit:80de1342a3e9944829ab101957c8eddffd3d18cb805507bed707b0e306d3b433:segment:011,11,18200.0,17080,activities/108_260801060832.csv,1,1,0,0
fit:80de1342a3e9944829ab101957c8eddffd3d18cb805507bed707b0e306d3b433,2026-08-01T09:11:53+00:00,1754,183,165,95,10.437,181.0,35,fit:80de1342a3e9944829ab101957c8eddffd3d18cb805507bed707b0e306d3b433:segment:011,11,18201.0,17081,activities/108_260801060832.csv,1,1,0,0
fit:80de1342a3e9944829ab101957c8eddffd3d18cb805507bed707b0e306d3b433,2026-08-01T09:11:54+00:00,1755,198,165,95,10.403,181.0,35,fit:80de1342a3e9944829ab101957c8eddffd3d18cb805507bed707b0e306d3b433:segment:011,11,18202.0,17082,activities/108_260801060832.csv,1,1,0,0
fit:80de1342a3e9944829ab101957c8eddffd3d18cb805507bed707b0e306d3b433,2026-08-01T09:11:55+00:00,1756,203,165,95,10.536,181.20000000000005,35,fit:80de1342a3e9944829ab101957c8eddffd3d18cb805507bed707b0e306d3b433:segment:011,11,18203.0,17083,activities/108_260801060832.csv,1,1,0,0
fit:80de1342a3e9944829ab101957c8eddffd3d18cb805507bed707b0e306d3b433,2026-08-01T09:11:56+00:00,1757,158,165,96,10.583,181.20000000000005,35,fit:80de1342a3e9944829ab101957c8eddffd3d18cb805507bed707b0e306d3b433:segment:011,11,18204.0,17084,activities/108_260801060832.csv,1,1,0,0
fit:80de1342a3e9944829ab101957c8eddffd3d18cb805507bed707b0e306d3b433,2026-08-01T09:11:57+00:00,1758,179,165,95,10.611,181.20000000000005,35,fit:80de1342a3e9944829ab101957c8eddffd3d18cb805507bed707b0e306d3b433:segment:011,11,18205.0,17085,activities/108_260801060832.csv,1,1,0,0
fit:80de1342a3e9944829ab101957c8eddffd3d18cb805507bed707b0e306d3b433,2026-08-01T09:11:58+00:00,1759,180,166,95,10.538,180.60000000000002,35,fit:80de1342a3e9944829ab101957c8eddffd3d18cb805507bed707b0e306d3b433:segment:011,11,18206.0,17086,activities/108_260801060832.csv,1,1,0,0
fit:80de1342a3e9944829ab101957c8eddffd3d18cb805507bed707b0e306d3b433,2026-08-01T09:11:59+00:00,1760,253,166,95,10.478,181.20000000000005,35,fit:80de1342a3e9944829ab101957c8eddffd3d18cb805507bed707b0e306d3b433:segment:011,11,18207.0,17087,activities/108_260801060832.csv,1,1,0,0
fit:80de1342a3e9944829ab101957c8eddffd3d18cb805507bed707b0e306d3b433,2026-08-01T09:12:00+00:00,1761,227,166,95,10.553,181.20000000000005,35,fit:80de1342a3e9944829ab101957c8eddffd3d18cb805507bed707b0e306d3b433:segment:011,11,18208.0,17088,activities/108_260801060832.csv,1,1,0,0
fit:80de1342a3e9944829ab101957c8eddffd3d18cb805507bed707b0e306d3b433,2026-08-01T09:12:01+00:00,1762,146,167,95,10.521,181.20000000000005,35,fit:80de1342a3e9944829ab101957c8eddffd3d18cb805507bed707b0e306d3b433:segment:011,11,18209.0,17089,activities/108_260801060832.csv,1,1,0,0
fit:80de1342a3e9944829ab101957c8eddffd3d18cb805507bed707b0e306d3b433,2026-08-01T09:12:02+00:00,1763,103,167,95,10.561,181.20000000000005,35,fit:80de1342a3e9944829ab101957c8eddffd3d18cb805507bed707b0e306d3b433:segment:011,11,18210.0,17090,activities/108_260801060832.csv,1,1,0,0
fit:80de1342a3e9944829ab101957c8eddffd3d18cb805507bed707b0e306d3b433,2026-08-01T09:12:03+00:00,1764,83,167,93,10.554,180.20000000000005,35,fit:80de1342a3e9944829ab101957c8eddffd3d18cb805507bed707b0e306d3b433:segment:011,11,18211.0,17091,activities/108_260801060832.csv,1,1,0,0
fit:80de1342a3e9944829ab101957c8eddffd3d18cb805507bed707b0e306d3b433,2026-08-01T09:12:04+00:00,1765,93,167,93,10.434,180.20000000000005,35,fit:80de1342a3e9944829ab101957c8eddffd3d18cb805507bed707b0e306d3b433:segment:011,11,18212.0,17092,activities/108_260801060832.csv,1,1,0,0
fit:80de1342a3e9944829ab101957c8eddffd3d18cb805507bed707b0e306d3b433,2026-08-01T09:12:05+00:00,1766,101,168,93,10.289,180.20000000000005,35,fit:80de1342a3e9944829ab101957c8eddffd3d18cb805507bed707b0e306d3b433:segment:011,11,18213.0,17093,activities/108_260801060832.csv,1,1,0,0
fit:80de1342a3e9944829ab101957c8eddffd3d18cb805507bed707b0e306d3b433,2026-08-01T09:12:06+00:00,1767,107,168,92,10.237,180.39999999999998,35,fit:80de1342a3e9944829ab101957c8eddffd3d18cb805507bed707b0e306d3b433:segment:011,11,18214.0,17094,activities/108_260801060832.csv,1,1,0,0
fit:80de1342a3e9944829ab101957c8eddffd3d18cb805507bed707b0e306d3b433,2026-08-01T09:12:07+00:00,1768,108,168,92,10.16,181.20000000000005,35,fit:80de1342a3e9944829ab101957c8eddffd3d18cb805507bed707b0e306d3b433:segment:011,11,18215.0,17095,activities/108_260801060832.csv,1,1,0,0
fit:80de1342a3e9944829ab101957c8eddffd3d18cb805507bed707b0e306d3b433,2026-08-01T09:12:08+00:00,1769,108,168,92,10.161,181.20000000000005,35,fit:80de1342a3e9944829ab101957c8eddffd3d18cb805507bed707b0e306d3b433:segment:011,11,18216.0,17096,activities/108_260801060832.csv,1,1,0,0
fit:80de1342a3e9944829ab101957c8eddffd3d18cb805507bed707b0e306d3b433,2026-08-01T09:12:09+00:00,1770,79,167,91,10.201,181.20000000000005,35,fit:80de1342a3e9944829ab101957c8eddffd3d18cb805507bed707b0e306d3b433:segment:011,11,18217.0,17097,activities/108_260801060832.csv,1,1,0,0
fit:80de1342a3e9944829ab101957c8eddffd3d18cb805507bed707b0e306d3b433,2026-08-01T09:12:10+00:00,1771,79,167,91,10.117,180.20000000000005,35,fit:80de1342a3e9944829ab101957c8eddffd3d18cb805507bed707b0e306d3b433:segment:011,11,18218.0,17098,activities/108_260801060832.csv,1,1,0,0
fit:80de1342a3e9944829ab101957c8eddffd3d18cb805507bed707b0e306d3b433,2026-08-01T09:12:11+00:00,1772,86,167,89,10.124,181.20000000000005,35,fit:80de1342a3e9944829ab101957c8eddffd3d18cb805507bed707b0e306d3b433:segment:011,11,18219.0,17099,activities/108_260801060832.csv,1,1,0,0
fit:80de1342a3e9944829ab101957c8eddffd3d18cb805507bed707b0e306d3b433,2026-08-01T09:12:12+00:00,1773,87,166,89,10.061,181.20000000000005,35,fit:80de1342a3e9944829ab101957c8eddffd3d18cb805507bed707b0e306d3b433:segment:011,11,18220.0,17100,activities/108_260801060832.csv,1,1,0,0
fit:80de1342a3e9944829ab101957c8eddffd3d18cb805507bed707b0e306d3b433,2026-08-01T09:12:13+00:00,1774,87,165,89,9.976,181.20000000000005,35,fit:80de1342a3e9944829ab101957c8eddffd3d18cb805507bed707b0e306d3b433:segment:011,11,18221.0,17101,activities/108_260801060832.csv,1,1,0,0
fit:80de1342a3e9944829ab101957c8eddffd3d18cb805507bed707b0e306d3b433,2026-08-01T09:12:14+00:00,1775,87,165,89,9.885,180.79999999999995,35,fit:80de1342a3e9944829ab101957c8eddffd3d18cb805507bed707b0e306d3b433:segment:011,11,18222.0,17102,activities/108_260801060832.csv,1,1,0,0
fit:80de1342a3e9944829ab101957c8eddffd3d18cb805507bed707b0e306d3b433,2026-08-01T09:12:15+00:00,1776,81,164,89,9.683,181.39999999999998,35,fit:80de1342a3e9944829ab101957c8eddffd3d18cb805507bed707b0e306d3b433:segment:011,11,18223.0,17103,activities/108_260801060832.csv,1,1,0,0
fit:80de1342a3e9944829ab101957c8eddffd3d18cb805507bed707b0e306d3b433,2026-08-01T09:12:16+00:00,1777,74,164,84,8.785,181.39999999999998,35,fit:80de1342a3e9944829ab101957c8eddffd3d18cb805507bed707b0e306d3b433:segment:011,11,18224.0,17104,activities/108_260801060832.csv,1,1,0,0
fit:80de1342a3e9944829ab101957c8eddffd3d18cb805507bed707b0e306d3b433,2026-08-01T09:12:17+00:00,1778,0,163,0,7.922,181.39999999999998,35,fit:80de1342a3e9944829ab101957c8eddffd3d18cb805507bed707b0e306d3b433:segment:011,11,18225.0,17105,activities/108_260801060832.csv,1,1,0,0
fit:80de1342a3e9944829ab101957c8eddffd3d18cb805507bed707b0e306d3b433,2026-08-01T09:12:18+00:00,1779,0,161,0,7.03,181.79999999999995,35,fit:80de1342a3e9944829ab101957c8eddffd3d18cb805507bed707b0e306d3b433:segment:011,11,18226.0,17106,activities/108_260801060832.csv,1,1,0,0
fit:80de1342a3e9944829ab101957c8eddffd3d18cb805507bed707b0e306d3b433,2026-08-01T09:12:19+00:00,1780,84,160,0,6.546,182.20000000000005,35,fit:80de1342a3e9944829ab101957c8eddffd3d18cb805507bed707b0e306d3b433:segment:011,11,18227.0,17107,activities/108_260801060832.csv,1,1,0,0
fit:80de1342a3e9944829ab101957c8eddffd3d18cb805507bed707b0e306d3b433,2026-08-01T09:12:20+00:00,1781,84,158,56,6.302,182.20000000000005,35,fit:80de1342a3e9944829ab101957c8eddffd3d18cb805507bed707b0e306d3b433:segment:011,11,18228.0,17108,activities/108_260801060832.csv,1,1,0,0
fit:80de1342a3e9944829ab101957c8eddffd3d18cb805507bed707b0e306d3b433,2026-08-01T09:12:21+00:00,1782,84,157,56,6.195,182.20000000000005,35,fit:80de1342a3e9944829ab101957c8eddffd3d18cb805507bed707b0e306d3b433:segment:011,11,18229.0,17109,activities/108_260801060832.csv,1,1,0,0
fit:80de1342a3e9944829ab101957c8eddffd3d18cb805507bed707b0e306d3b433,2026-08-01T09:12:22+00:00,1783,303,155,57,5.971,182.20000000000005,35,fit:80de1342a3e9944829ab101957c8eddffd3d18cb805507bed707b0e306d3b433:segment:011,11,18230.0,17110,activities/108_260801060832.csv,1,1,0,0
fit:80de1342a3e9944829ab101957c8eddffd3d18cb805507bed707b0e306d3b433,2026-08-01T09:12:23+00:00,1784,303,155,60,6.158,182.20000000000005,35,fit:80de1342a3e9944829ab101957c8eddffd3d18cb805507bed707b0e306d3b433:segment:011,11,18231.0,17111,activities/108_260801060832.csv,1,1,0,0
fit:80de1342a3e9944829ab101957c8eddffd3d18cb805507bed707b0e306d3b433,2026-08-01T09:12:24+00:00,1785,167,154,62,6.617,182.20000000000005,35,fit:80de1342a3e9944829ab101957c8eddffd3d18cb805507bed707b0e306d3b433:segment:011,11,18232.0,17112,activities/108_260801060832.csv,1,1,0,0
fit:80de1342a3e9944829ab101957c8eddffd3d18cb805507bed707b0e306d3b433,2026-08-01T09:12:25+00:00,1786,322,152,73,6.866,182.20000000000005,35,fit:80de1342a3e9944829ab101957c8eddffd3d18cb805507bed707b0e306d3b433:segment:011,11,18233.0,17113,activities/108_260801060832.csv,1,1,0,0
fit:80de1342a3e9944829ab101957c8eddffd3d18cb805507bed707b0e306d3b433,2026-08-01T09:12:26+00:00,1787,229,151,73,7.028,181.20000000000005,35,fit:80de1342a3e9944829ab101957c8eddffd3d18cb805507bed707b0e306d3b433:segment:011,11,18234.0,17114,activities/108_260801060832.csv,1,1,0,0
fit:80de1342a3e9944829ab101957c8eddffd3d18cb805507bed707b0e306d3b433,2026-08-01T09:12:27+00:00,1788,233,150,78,7.359,180.39999999999998,35,fit:80de1342a3e9944829ab101957c8eddffd3d18cb805507bed707b0e306d3b433:segment:011,11,18235.0,17115,activities/108_260801060832.csv,1,1,0,0
fit:80de1342a3e9944829ab101957c8eddffd3d18cb805507bed707b0e306d3b433,2026-08-01T09:12:28+00:00,1789,233,150,80,7.571,180.39999999999998,35,fit:80de1342a3e9944829ab101957c8eddffd3d18cb805507bed707b0e306d3b433:segment:011,11,18236.0,17116,activities/108_260801060832.csv,1,1,0,0
fit:80de1342a3e9944829ab101957c8eddffd3d18cb805507bed707b0e306d3b433,2026-08-01T09:12:29+00:00,1790,245,150,82,7.921,180.39999999999998,35,fit:80de1342a3e9944829ab101957c8eddffd3d18cb805507bed707b0e306d3b433:segment:011,11,18237.0,17117,activities/108_260801060832.csv,1,1,0,0
fit:80de1342a3e9944829ab101957c8eddffd3d18cb805507bed707b0e306d3b433,2026-08-01T09:12:30+00:00,1791,152,150,87,8.266,180.60000000000002,35,fit:80de1342a3e9944829ab101957c8eddffd3d18cb805507bed707b0e306d3b433:segment:011,11,18238.0,17118,activities/108_260801060832.csv,1,1,0,0
fit:80de1342a3e9944829ab101957c8eddffd3d18cb805507bed707b0e306d3b433,2026-08-01T09:12:31+00:00,1792,152,149,88,8.426,180.20000000000005,35,fit:80de1342a3e9944829ab101957c8eddffd3d18cb805507bed707b0e306d3b433:segment:011,11,18239.0,17119,activities/108_260801060832.csv,1,1,0,0
fit:80de1342a3e9944829ab101957c8eddffd3d18cb805507bed707b0e306d3b433,2026-08-01T09:12:32+00:00,1793,203,148,89,8.589,180.20000000000005,35,fit:80de1342a3e9944829ab101957c8eddffd3d18cb805507bed707b0e306d3b433:segment:011,11,18240.0,17120,activities/108_260801060832.csv,1,1,0,0
fit:80de1342a3e9944829ab101957c8eddffd3d18cb805507bed707b0e306d3b433,2026-08-01T09:12:33+00:00,1794,217,148,89,8.783,180.20000000000005,35,fit:80de1342a3e9944829ab101957c8eddffd3d18cb805507bed707b0e306d3b433:segment:011,11,18241.0,17121,activities/108_260801060832.csv,1,1,0,0
fit:80de1342a3e9944829ab101957c8eddffd3d18cb805507bed707b0e306d3b433,2026-08-01T09:12:34+00:00,1795,238,148,90,8.857,180.0,35,fit:80de1342a3e9944829ab101957c8eddffd3d18cb805507bed707b0e306d3b433:segment:011,11,18242.0,17122,activities/108_260801060832.csv,1,1,0,0
fit:80de1342a3e9944829ab101957c8eddffd3d18cb805507bed707b0e306d3b433,2026-08-01T09:12:35+00:00,1796,196,148,91,8.88,180.60000000000002,35,fit:80de1342a3e9944829ab101957c8eddffd3d18cb805507bed707b0e306d3b433:segment:011,11,18243.0,17123,activities/108_260801060832.csv,1,1,0,0
fit:80de1342a3e9944829ab101957c8eddffd3d18cb805507bed707b0e306d3b433,2026-08-01T09:12:36+00:00,1797,197,148,91,8.965,180.60000000000002,35,fit:80de1342a3e9944829ab101957c8eddffd3d18cb805507bed707b0e306d3b433:segment:011,11,18244.0,17124,activities/108_260801060832.csv,1,1,0,0
fit:80de1342a3e9944829ab101957c8eddffd3d18cb805507bed707b0e306d3b433,2026-08-01T09:12:37+00:00,1798,232,149,92,9.045,180.60000000000002,35,fit:80de1342a3e9944829ab101957c8eddffd3d18cb805507bed707b0e306d3b433:segment:011,11,18245.0,17125,activities/108_260801060832.csv,1,1,0,0
fit:80de1342a3e9944829ab101957c8eddffd3d18cb805507bed707b0e306d3b433,2026-08-01T09:12:38+00:00,1799,232,149,92,9.15,180.0,35,fit:80de1342a3e9944829ab101957c8eddffd3d18cb805507bed707b0e306d3b433:segment:011,11,18246.0,17126,activities/108_260801060832.csv,1,1,0,0
fit:80de1342a3e9944829ab101957c8eddffd3d18cb805507bed707b0e306d3b433,2026-08-01T09:12:39+00:00,1800,168,150,93,9.213,179.39999999999998,35,fit:80de1342a3e9944829ab101957c8eddffd3d18cb805507bed707b0e306d3b433:segment:011,11,18247.0,17127,activities/108_260801060832.csv,1,1,0,0
fit:80de1342a3e9944829ab101957c8eddffd3d18cb805507bed707b0e306d3b433,2026-08-01T09:12:40+00:00,1801,168,150,93,9.204,179.39999999999998,35,fit:80de1342a3e9944829ab101957c8eddffd3d18cb805507bed707b0e306d3b433:segment:011,11,18248.0,17128,activities/108_260801060832.csv,1,1,0,0
fit:80de1342a3e9944829ab101957c8eddffd3d18cb805507bed707b0e306d3b433,2026-08-01T09:12:41+00:00,1802,167,150,93,9.182,179.39999999999998,35,fit:80de1342a3e9944829ab101957c8eddffd3d18cb805507bed707b0e306d3b433:segment:011,11,18249.0,17129,activities/108_260801060832.csv,1,1,0,0
fit:80de1342a3e9944829ab101957c8eddffd3d18cb805507bed707b0e306d3b433,2026-08-01T09:12:42+00:00,1803,179,151,93,9.07,179.60000000000002,35,fit:80de1342a3e9944829ab101957c8eddffd3d18cb805507bed707b0e306d3b433:segment:011,11,18250.0,17130,activities/108_260801060832.csv,1,1,0,0
fit:80de1342a3e9944829ab101957c8eddffd3d18cb805507bed707b0e306d3b433,2026-08-01T09:12:43+00:00,1804,175,151,93,9.046,179.20000000000005,35,fit:80de1342a3e9944829ab101957c8eddffd3d18cb805507bed707b0e306d3b433:segment:011,11,18251.0,17131,activities/108_260801060832.csv,1,1,0,0
fit:80de1342a3e9944829ab101957c8eddffd3d18cb805507bed707b0e306d3b433,2026-08-01T09:12:44+00:00,1805,156,152,92,9.007,179.20000000000005,35,fit:80de1342a3e9944829ab101957c8eddffd3d18cb805507bed707b0e306d3b433:segment:011,11,18252.0,17132,activities/108_260801060832.csv,1,1,0,0
fit:80de1342a3e9944829ab101957c8eddffd3d18cb805507bed707b0e306d3b433,2026-08-01T09:12:45+00:00,1806,175,152,92,9.005,179.20000000000005,35,fit:80de1342a3e9944829ab101957c8eddffd3d18cb805507bed707b0e306d3b433:segment:011,11,18253.0,17133,activities/108_260801060832.csv,1,1,0,0
fit:80de1342a3e9944829ab101957c8eddffd3d18cb805507bed707b0e306d3b433,2026-08-01T09:12:46+00:00,1807,205,153,91,9.016,179.20000000000005,35,fit:80de1342a3e9944829ab101957c8eddffd3d18cb805507bed707b0e306d3b433:segment:011,11,18254.0,17134,activities/108_260801060832.csv,1,1,0,0
fit:80de1342a3e9944829ab101957c8eddffd3d18cb805507bed707b0e306d3b433,2026-08-01T09:12:47+00:00,1808,210,153,91,8.966,180.20000000000005,35,fit:80de1342a3e9944829ab101957c8eddffd3d18cb805507bed707b0e306d3b433:segment:011,11,18255.0,17135,activities/108_260801060832.csv,1,1,0,0
fit:80de1342a3e9944829ab101957c8eddffd3d18cb805507bed707b0e306d3b433,2026-08-01T09:12:48+00:00,1809,122,153,99,8.936,180.20000000000005,35,fit:80de1342a3e9944829ab101957c8eddffd3d18cb805507bed707b0e306d3b433:segment:011,11,18256.0,17136,activities/108_260801060832.csv,1,1,0,0
fit:80de1342a3e9944829ab101957c8eddffd3d18cb805507bed707b0e306d3b433,2026-08-01T09:12:49+00:00,1810,122,154,99,8.897,180.20000000000005,35,fit:80de1342a3e9944829ab101957c8eddffd3d18cb805507bed707b0e306d3b433:segment:011,11,18257.0,17137,activities/108_260801060832.csv,1,1,0,0
fit:80de1342a3e9944829ab101957c8eddffd3d18cb805507bed707b0e306d3b433,2026-08-01T09:12:50+00:00,1811,122,154,98,8.963,179.60000000000002,35,fit:80de1342a3e9944829ab101957c8eddffd3d18cb805507bed707b0e306d3b433:segment:011,11,18258.0,17138,activities/108_260801060832.csv,1,1,0,0
fit:80de1342a3e9944829ab101957c8eddffd3d18cb805507bed707b0e306d3b433,2026-08-01T09:12:51+00:00,1812,157,154,98,8.861,179.60000000000002,35,fit:80de1342a3e9944829ab101957c8eddffd3d18cb805507bed707b0e306d3b433:segment:011,11,18259.0,17139,activities/108_260801060832.csv,1,1,0,0
fit:80de1342a3e9944829ab101957c8eddffd3d18cb805507bed707b0e306d3b433,2026-08-01T09:12:52+00:00,1813,159,154,97,8.847,179.60000000000002,35,fit:80de1342a3e9944829ab101957c8eddffd3d18cb805507bed707b0e306d3b433:segment:011,11,18260.0,17140,activities/108_260801060832.csv,1,1,0,0
fit:80de1342a3e9944829ab101957c8eddffd3d18cb805507bed707b0e306d3b433,2026-08-01T09:12:53+00:00,1814,140,154,96,8.789,179.60000000000002,35,fit:80de1342a3e9944829ab101957c8eddffd3d18cb805507bed707b0e306d3b433:segment:011,11,18261.0,17141,activities/108_260801060832.csv,1,1,0,0
fit:80de1342a3e9944829ab101957c8eddffd3d18cb805507bed707b0e306d3b433,2026-08-01T09:12:54+00:00,1815,144,154,96,8.589,179.39999999999998,35,fit:80de1342a3e9944829ab101957c8eddffd3d18cb805507bed707b0e306d3b433:segment:011,11,18262.0,17142,activities/108_260801060832.csv,1,1,0,0
fit:80de1342a3e9944829ab101957c8eddffd3d18cb805507bed707b0e306d3b433,2026-08-01T09:12:55+00:00,1816,163,154,95,8.577,180.0,35,fit:80de1342a3e9944829ab101957c8eddffd3d18cb805507bed707b0e306d3b433:segment:011,11,18263.0,17143,activities/108_260801060832.csv,1,1,0,0
fit:80de1342a3e9944829ab101957c8eddffd3d18cb805507bed707b0e306d3b433,2026-08-01T09:12:56+00:00,1817,149,153,93,8.47,180.0,35,fit:80de1342a3e9944829ab101957c8eddffd3d18cb805507bed707b0e306d3b433:segment:011,11,18264.0,17144,activities/108_260801060832.csv,1,1,0,0
fit:80de1342a3e9944829ab101957c8eddffd3d18cb805507bed707b0e306d3b433,2026-08-01T09:12:57+00:00,1818,159,153,91,8.288,180.0,35,fit:80de1342a3e9944829ab101957c8eddffd3d18cb805507bed707b0e306d3b433:segment:011,11,18265.0,17145,activities/108_260801060832.csv,1,1,0,0
fit:80de1342a3e9944829ab101957c8eddffd3d18cb805507bed707b0e306d3b433,2026-08-01T09:12:58+00:00,1819,201,152,89,8.028,180.0,35,fit:80de1342a3e9944829ab101957c8eddffd3d18cb805507bed707b0e306d3b433:segment:011,11,18266.0,17146,activities/108_260801060832.csv,1,1,0,0
fit:80de1342a3e9944829ab101957c8eddffd3d18cb805507bed707b0e306d3b433,2026-08-01T09:12:59+00:00,1820,238,152,88,7.894,180.60000000000002,35,fit:80de1342a3e9944829ab101957c8eddffd3d18cb805507bed707b0e306d3b433:segment:011,11,18267.0,17147,activities/108_260801060832.csv,1,1,0,0
fit:80de1342a3e9944829ab101957c8eddffd3d18cb805507bed707b0e306d3b433,2026-08-01T09:13:00+00:00,1821,251,152,88,7.765,180.60000000000002,35,fit:80de1342a3e9944829ab101957c8eddffd3d18cb805507bed707b0e306d3b433:segment:011,11,18268.0,17148,activities/108_260801060832.csv,1,1,0,0
fit:80de1342a3e9944829ab101957c8eddffd3d18cb805507bed707b0e306d3b433,2026-08-01T09:13:01+00:00,1822,226,152,87,7.683,180.60000000000002,35,fit:80de1342a3e9944829ab101957c8eddffd3d18cb805507bed707b0e306d3b433:segment:011,11,18269.0,17149,activities/108_260801060832.csv,1,1,0,0
fit:80de1342a3e9944829ab101957c8eddffd3d18cb805507bed707b0e306d3b433,2026-08-01T09:13:02+00:00,1823,340,152,89,7.395,181.60000000000002,35,fit:80de1342a3e9944829ab101957c8eddffd3d18cb805507bed707b0e306d3b433:segment:011,11,18270.0,17150,activities/108_260801060832.csv,1,1,0,0
fit:80de1342a3e9944829ab101957c8eddffd3d18cb805507bed707b0e306d3b433,2026-08-01T09:13:03+00:00,1824,354,152,89,7.205,182.60000000000002,35,fit:80de1342a3e9944829ab101957c8eddffd3d18cb805507bed707b0e306d3b433:segment:011,11,18271.0,17151,activities/108_260801060832.csv,1,1,0,0
fit:80de1342a3e9944829ab101957c8eddffd3d18cb805507bed707b0e306d3b433,2026-08-01T09:13:04+00:00,1825,305,152,89,7.036,182.60000000000002,35,fit:80de1342a3e9944829ab101957c8eddffd3d18cb805507bed707b0e306d3b433:segment:011,11,18272.0,17152,activities/108_260801060832.csv,1,1,0,0
fit:80de1342a3e9944829ab101957c8eddffd3d18cb805507bed707b0e306d3b433,2026-08-01T09:13:05+00:00,1826,305,154,89,6.821,182.60000000000002,35,fit:80de1342a3e9944829ab101957c8eddffd3d18cb805507bed707b0e306d3b433:segment:011,11,18273.0,17153,activities/108_260801060832.csv,1,1,0,0
fit:80de1342a3e9944829ab101957c8eddffd3d18cb805507bed707b0e306d3b433,2026-08-01T09:13:06+00:00,1827,347,155,86,6.6,183.20000000000005,35,fit:80de1342a3e9944829ab101957c8eddffd3d18cb805507bed707b0e306d3b433:segment:011,11,18274.0,17154,activities/108_260801060832.csv,1,1,0,0
fit:80de1342a3e9944829ab101957c8eddffd3d18cb805507bed707b0e306d3b433,2026-08-01T09:13:07+00:00,1828,440,155,82,6.676,183.60000000000002,35,fit:80de1342a3e9944829ab101957c8eddffd3d18cb805507bed707b0e306d3b433:segment:011,11,18275.0,17155,activities/108_260801060832.csv,1,1,0,0
fit:80de1342a3e9944829ab101957c8eddffd3d18cb805507bed707b0e306d3b433,2026-08-01T09:13:08+00:00,1829,512,156,79,6.622,183.60000000000002,35,fit:80de1342a3e9944829ab101957c8eddffd3d18cb805507bed707b0e306d3b433:segment:011,11,18276.0,17156,activities/108_260801060832.csv,1,1,0,0
fit:80de1342a3e9944829ab101957c8eddffd3d18cb805507bed707b0e306d3b433,2026-08-01T09:13:09+00:00,1830,524,158,79,6.248,183.60000000000002,35,fit:80de1342a3e9944829ab101957c8eddffd3d18cb805507bed707b0e306d3b433:segment:011,11,18277.0,17157,activities/108_260801060832.csv,1,1,0,0
fit:80de1342a3e9944829ab101957c8eddffd3d18cb805507bed707b0e306d3b433,2026-08-01T09:13:10+00:00,1831,536,161,77,6.427,184.60000000000002,35,fit:80de1342a3e9944829ab101957c8eddffd3d18cb805507bed707b0e306d3b433:segment:011,11,18278.0,17158,activities/108_260801060832.csv,1,1,0,0
fit:80de1342a3e9944829ab101957c8eddffd3d18cb805507bed707b0e306d3b433,2026-08-01T09:13:11+00:00,1832,533,161,76,6.17,185.60000000000002,35,fit:80de1342a3e9944829ab101957c8eddffd3d18cb805507bed707b0e306d3b433:segment:011,11,18279.0,17159,activities/108_260801060832.csv,1,1,0,0
fit:80de1342a3e9944829ab101957c8eddffd3d18cb805507bed707b0e306d3b433,2026-08-01T09:13:12+00:00,1833,552,162,72,6.104,185.60000000000002,35,fit:80de1342a3e9944829ab101957c8eddffd3d18cb805507bed707b0e306d3b433:segment:011,11,18280.0,17160,activities/108_260801060832.csv,1,1,0,0
fit:80de1342a3e9944829ab101957c8eddffd3d18cb805507bed707b0e306d3b433,2026-08-01T09:13:13+00:00,1834,551,164,71,5.762,185.60000000000002,35,fit:80de1342a3e9944829ab101957c8eddffd3d18cb805507bed707b0e306d3b433:segment:011,11,18281.0,17161,activities/108_260801060832.csv,1,1,0,0
fit:80de1342a3e9944829ab101957c8eddffd3d18cb805507bed707b0e306d3b433,2026-08-01T09:13:14+00:00,1835,573,166,70,5.893,186.60000000000002,35,fit:80de1342a3e9944829ab101957c8eddffd3d18cb805507bed707b0e306d3b433:segment:011,11,18282.0,17162,activities/108_260801060832.csv,1,1,0,0
fit:80de1342a3e9944829ab101957c8eddffd3d18cb805507bed707b0e306d3b433,2026-08-01T09:13:15+00:00,1836,506,167,70,5.451,187.79999999999995,35,fit:80de1342a3e9944829ab101957c8eddffd3d18cb805507bed707b0e306d3b433:segment:011,11,18283.0,17163,activities/108_260801060832.csv,1,1,0,0
fit:80de1342a3e9944829ab101957c8eddffd3d18cb805507bed707b0e306d3b433,2026-08-01T09:13:16+00:00,1837,508,169,69,5.465,187.79999999999995,35,fit:80de1342a3e9944829ab101957c8eddffd3d18cb805507bed707b0e306d3b433:segment:011,11,18284.0,17164,activities/108_260801060832.csv,1,1,0,0
fit:80de1342a3e9944829ab101957c8eddffd3d18cb805507bed707b0e306d3b433,2026-08-01T09:13:17+00:00,1838,508,170,68,5.691,187.79999999999995,35,fit:80de1342a3e9944829ab101957c8eddffd3d18cb805507bed707b0e306d3b433:segment:011,11,18285.0,17165,activities/108_260801060832.csv,1,1,0,0
fit:80de1342a3e9944829ab101957c8eddffd3d18cb805507bed707b0e306d3b433,2026-08-01T09:13:18+00:00,1839,517,172,67,5.453,188.79999999999995,35,fit:80de1342a3e9944829ab101957c8eddffd3d18cb805507bed707b0e306d3b433:segment:011,11,18286.0,17166,activities/108_260801060832.csv,1,1,0,0
fit:80de1342a3e9944829ab101957c8eddffd3d18cb805507bed707b0e306d3b433,2026-08-01T09:13:19+00:00,1840,472,173,67,5.125,190.39999999999998,35,fit:80de1342a3e9944829ab101957c8eddffd3d18cb805507bed707b0e306d3b433:segment:011,11,18287.0,17167,activities/108_260801060832.csv,1,1,0,0
fit:80de1342a3e9944829ab101957c8eddffd3d18cb805507bed707b0e306d3b433,2026-08-01T09:13:20+00:00,1841,472,175,67,5.2,190.39999999999998,35,fit:80de1342a3e9944829ab101957c8eddffd3d18cb805507bed707b0e306d3b433:segment:011,11,18288.0,17168,activities/108_260801060832.csv,1,1,0,0
fit:80de1342a3e9944829ab101957c8eddffd3d18cb805507bed707b0e306d3b433,2026-08-01T09:13:21+00:00,1842,434,176,67,5.323,190.39999999999998,35,fit:80de1342a3e9944829ab101957c8eddffd3d18cb805507bed707b0e306d3b433:segment:011,11,18289.0,17169,activities/108_260801060832.csv,1,1,0,0
fit:80de1342a3e9944829ab101957c8eddffd3d18cb805507bed707b0e306d3b433,2026-08-01T09:13:22+00:00,1843,451,177,67,4.964,191.39999999999998,35,fit:80de1342a3e9944829ab101957c8eddffd3d18cb805507bed707b0e306d3b433:segment:011,11,18290.0,17170,activities/108_260801060832.csv,1,1,0,0
fit:80de1342a3e9944829ab101957c8eddffd3d18cb805507bed707b0e306d3b433,2026-08-01T09:13:23+00:00,1844,451,178,68,4.989,192.20000000000005,35,fit:80de1342a3e9944829ab101957c8eddffd3d18cb805507bed707b0e306d3b433:segment:011,11,18291.0,17171,activities/108_260801060832.csv,1,1,0,0
fit:80de1342a3e9944829ab101957c8eddffd3d18cb805507bed707b0e306d3b433,2026-08-01T09:13:24+00:00,1845,506,178,68,5.324,192.20000000000005,35,fit:80de1342a3e9944829ab101957c8eddffd3d18cb805507bed707b0e306d3b433:segment:011,11,18292.0,17172,activities/108_260801060832.csv,1,1,0,0
fit:80de1342a3e9944829ab101957c8eddffd3d18cb805507bed707b0e306d3b433,2026-08-01T09:13:25+00:00,1846,488,180,69,5.538,192.20000000000005,35,fit:80de1342a3e9944829ab101957c8eddffd3d18cb805507bed707b0e306d3b433:segment:011,11,18293.0,17173,activities/108_260801060832.csv,1,1,0,0
fit:80de1342a3e9944829ab101957c8eddffd3d18cb805507bed707b0e306d3b433,2026-08-01T09:13:26+00:00,1847,456,181,69,5.312,193.20000000000005,35,fit:80de1342a3e9944829ab101957c8eddffd3d18cb805507bed707b0e306d3b433:segment:011,11,18294.0,17174,activities/108_260801060832.csv,1,1,0,0
fit:80de1342a3e9944829ab101957c8eddffd3d18cb805507bed707b0e306d3b433,2026-08-01T09:13:27+00:00,1848,457,181,68,5.199,194.0,35,fit:80de1342a3e9944829ab101957c8eddffd3d18cb805507bed707b0e306d3b433:segment:011,11,18295.0,17175,activities/108_260801060832.csv,1,1,0,0
fit:80de1342a3e9944829ab101957c8eddffd3d18cb805507bed707b0e306d3b433,2026-08-01T09:13:28+00:00,1849,338,181,63,5.342,194.0,35,fit:80de1342a3e9944829ab101957c8eddffd3d18cb805507bed707b0e306d3b433:segment:011,11,18296.0,17176,activities/108_260801060832.csv,1,1,0,0
fit:80de1342a3e9944829ab101957c8eddffd3d18cb805507bed707b0e306d3b433,2026-08-01T09:13:29+00:00,1850,359,182,62,5.022,194.0,36,fit:80de1342a3e9944829ab101957c8eddffd3d18cb805507bed707b0e306d3b433:segment:011,11,18297.0,17177,activities/108_260801060832.csv,1,1,0,0
fit:80de1342a3e9944829ab101957c8eddffd3d18cb805507bed707b0e306d3b433,2026-08-01T09:13:30+00:00,1851,358,183,56,4.563,194.0,35,fit:80de1342a3e9944829ab101957c8eddffd3d18cb805507bed707b0e306d3b433:segment:011,11,18298.0,17178,activities/108_260801060832.csv,1,1,0,0
fit:80de1342a3e9944829ab101957c8eddffd3d18cb805507bed707b0e306d3b433,2026-08-01T09:13:31+00:00,1852,240,184,56,4.479,195.39999999999998,36,fit:80de1342a3e9944829ab101957c8eddffd3d18cb805507bed707b0e306d3b433:segment:011,11,18299.0,17179,activities/108_260801060832.csv,1,1,0,0
fit:80de1342a3e9944829ab101957c8eddffd3d18cb805507bed707b0e306d3b433,2026-08-01T09:13:32+00:00,1853,153,185,55,4.358,195.39999999999998,36,fit:80de1342a3e9944829ab101957c8eddffd3d18cb805507bed707b0e306d3b433:segment:011,11,18300.0,17180,activities/108_260801060832.csv,1,1,0,0
fit:80de1342a3e9944829ab101957c8eddffd3d18cb805507bed707b0e306d3b433,2026-08-01T09:13:33+00:00,1854,278,185,55,3.985,195.39999999999998,36,fit:80de1342a3e9944829ab101957c8eddffd3d18cb805507bed707b0e306d3b433:segment:011,11,18301.0,17181,activities/108_260801060832.csv,1,1,0,0
fit:80de1342a3e9944829ab101957c8eddffd3d18cb805507bed707b0e306d3b433,2026-08-01T09:13:34+00:00,1855,278,185,55,3.937,196.39999999999998,36,fit:80de1342a3e9944829ab101957c8eddffd3d18cb805507bed707b0e306d3b433:segment:011,11,18302.0,17182,activities/108_260801060832.csv,1,1,0,0
fit:80de1342a3e9944829ab101957c8eddffd3d18cb805507bed707b0e306d3b433,2026-08-01T09:13:35+00:00,1856,203,185,57,3.914,196.60000000000002,36,fit:80de1342a3e9944829ab101957c8eddffd3d18cb805507bed707b0e306d3b433:segment:011,11,18303.0,17183,activities/108_260801060832.csv,1,1,0,0
fit:80de1342a3e9944829ab101957c8eddffd3d18cb805507bed707b0e306d3b433,2026-08-01T09:13:36+00:00,1857,159,185,58,3.992,196.60000000000002,36,fit:80de1342a3e9944829ab101957c8eddffd3d18cb805507bed707b0e306d3b433:segment:011,11,18304.0,17184,activities/108_260801060832.csv,1,1,0,0
fit:80de1342a3e9944829ab101957c8eddffd3d18cb805507bed707b0e306d3b433,2026-08-01T09:13:37+00:00,1858,133,185,59,4.044,196.60000000000002,36,fit:80de1342a3e9944829ab101957c8eddffd3d18cb805507bed707b0e306d3b433:segment:011,11,18305.0,17185,activities/108_260801060832.csv,1,1,0,0
fit:80de1342a3e9944829ab101957c8eddffd3d18cb805507bed707b0e306d3b433,2026-08-01T09:13:38+00:00,1859,133,185,59,4.087,197.60000000000002,36,fit:80de1342a3e9944829ab101957c8eddffd3d18cb805507bed707b0e306d3b433:segment:011,11,18306.0,17186,activities/108_260801060832.csv,1,1,0,0
fit:80de1342a3e9944829ab101957c8eddffd3d18cb805507bed707b0e306d3b433,2026-08-01T09:13:39+00:00,1860,140,184,59,4.323,197.60000000000002,36,fit:80de1342a3e9944829ab101957c8eddffd3d18cb805507bed707b0e306d3b433:segment:011,11,18307.0,17187,activities/108_260801060832.csv,1,1,0,0
fit:80de1342a3e9944829ab101957c8eddffd3d18cb805507bed707b0e306d3b433,2026-08-01T09:13:40+00:00,1861,178,184,59,4.222,197.60000000000002,36,fit:80de1342a3e9944829ab101957c8eddffd3d18cb805507bed707b0e306d3b433:segment:011,11,18308.0,17188,activities/108_260801060832.csv,1,1,0,0
fit:80de1342a3e9944829ab101957c8eddffd3d18cb805507bed707b0e306d3b433,2026-08-01T09:13:41+00:00,1862,192,183,60,4.298,197.60000000000002,36,fit:80de1342a3e9944829ab101957c8eddffd3d18cb805507bed707b0e306d3b433:segment:011,11,18309.0,17189,activities/108_260801060832.csv,1,1,0,0
fit:80de1342a3e9944829ab101957c8eddffd3d18cb805507bed707b0e306d3b433,2026-08-01T09:13:42+00:00,1863,177,183,62,4.468,197.60000000000002,36,fit:80de1342a3e9944829ab101957c8eddffd3d18cb805507bed707b0e306d3b433:segment:011,11,18310.0,17190,activities/108_260801060832.csv,1,1,0,0
fit:80de1342a3e9944829ab101957c8eddffd3d18cb805507bed707b0e306d3b433,2026-08-01T09:13:43+00:00,1864,178,183,66,4.618,197.39999999999998,36,fit:80de1342a3e9944829ab101957c8eddffd3d18cb805507bed707b0e306d3b433:segment:011,11,18311.0,17191,activities/108_260801060832.csv,1,1,0,0
fit:80de1342a3e9944829ab101957c8eddffd3d18cb805507bed707b0e306d3b433,2026-08-01T09:13:44+00:00,1865,169,183,68,4.736,197.39999999999998,36,fit:80de1342a3e9944829ab101957c8eddffd3d18cb805507bed707b0e306d3b433:segment:011,11,18312.0,17192,activities/108_260801060832.csv,1,1,0,0
fit:80de1342a3e9944829ab101957c8eddffd3d18cb805507bed707b0e306d3b433,2026-08-01T09:13:45+00:00,1866,149,183,68,4.919,197.39999999999998,36,fit:80de1342a3e9944829ab101957c8eddffd3d18cb805507bed707b0e306d3b433:segment:011,11,18313.0,17193,activities/108_260801060832.csv,1,1,0,0
fit:80de1342a3e9944829ab101957c8eddffd3d18cb805507bed707b0e306d3b433,2026-08-01T09:13:46+00:00,1867,121,183,69,5.097,197.39999999999998,36,fit:80de1342a3e9944829ab101957c8eddffd3d18cb805507bed707b0e306d3b433:segment:011,11,18314.0,17194,activities/108_260801060832.csv,1,1,0,0
fit:80de1342a3e9944829ab101957c8eddffd3d18cb805507bed707b0e306d3b433,2026-08-01T09:13:47+00:00,1868,217,182,71,5.076,197.60000000000002,36,fit:80de1342a3e9944829ab101957c8eddffd3d18cb805507bed707b0e306d3b433:segment:011,11,18315.0,17195,activities/108_260801060832.csv,1,1,0,0
fit:80de1342a3e9944829ab101957c8eddffd3d18cb805507bed707b0e306d3b433,2026-08-01T09:13:48+00:00,1869,217,182,70,5.087,197.60000000000002,36,fit:80de1342a3e9944829ab101957c8eddffd3d18cb805507bed707b0e306d3b433:segment:011,11,18316.0,17196,activities/108_260801060832.csv,1,1,0,0
fit:80de1342a3e9944829ab101957c8eddffd3d18cb805507bed707b0e306d3b433,2026-08-01T09:13:49+00:00,1870,203,182,70,4.84,197.60000000000002,36,fit:80de1342a3e9944829ab101957c8eddffd3d18cb805507bed707b0e306d3b433:segment:011,11,18317.0,17197,activities/108_260801060832.csv,1,1,0,0
fit:80de1342a3e9944829ab101957c8eddffd3d18cb805507bed707b0e306d3b433,2026-08-01T09:13:50+00:00,1871,196,182,70,5.072,197.0,36,fit:80de1342a3e9944829ab101957c8eddffd3d18cb805507bed707b0e306d3b433:segment:011,11,18318.0,17198,activities/108_260801060832.csv,1,1,0,0
fit:80de1342a3e9944829ab101957c8eddffd3d18cb805507bed707b0e306d3b433,2026-08-01T09:13:51+00:00,1872,212,182,70,5.172,196.60000000000002,36,fit:80de1342a3e9944829ab101957c8eddffd3d18cb805507bed707b0e306d3b433:segment:011,11,18319.0,17199,activities/108_260801060832.csv,1,1,0,0
fit:80de1342a3e9944829ab101957c8eddffd3d18cb805507bed707b0e306d3b433,2026-08-01T09:13:52+00:00,1873,220,181,71,5.211,196.60000000000002,36,fit:80de1342a3e9944829ab101957c8eddffd3d18cb805507bed707b0e306d3b433:segment:011,11,18320.0,17200,activities/108_260801060832.csv,1,1,0,0
fit:80de1342a3e9944829ab101957c8eddffd3d18cb805507bed707b0e306d3b433,2026-08-01T09:13:53+00:00,1874,220,181,71,5.337,196.60000000000002,36,fit:80de1342a3e9944829ab101957c8eddffd3d18cb805507bed707b0e306d3b433:segment:011,11,18321.0,17201,activities/108_260801060832.csv,1,1,0,0
fit:80de1342a3e9944829ab101957c8eddffd3d18cb805507bed707b0e306d3b433,2026-08-01T09:13:54+00:00,1875,200,181,71,5.367,196.60000000000002,36,fit:80de1342a3e9944829ab101957c8eddffd3d18cb805507bed707b0e306d3b433:segment:011,11,18322.0,17202,activities/108_260801060832.csv,1,1,0,0
fit:80de1342a3e9944829ab101957c8eddffd3d18cb805507bed707b0e306d3b433,2026-08-01T09:13:55+00:00,1876,212,181,72,5.191,196.79999999999995,36,fit:80de1342a3e9944829ab101957c8eddffd3d18cb805507bed707b0e306d3b433:segment:011,11,18323.0,17203,activities/108_260801060832.csv,1,1,0,0
fit:80de1342a3e9944829ab101957c8eddffd3d18cb805507bed707b0e306d3b433,2026-08-01T09:13:56+00:00,1877,190,181,72,5.251,196.79999999999995,36,fit:80de1342a3e9944829ab101957c8eddffd3d18cb805507bed707b0e306d3b433:segment:011,11,18324.0,17204,activities/108_260801060832.csv,1,1,0,0
fit:80de1342a3e9944829ab101957c8eddffd3d18cb805507bed707b0e306d3b433,2026-08-01T09:13:57+00:00,1878,186,181,72,5.329,196.79999999999995,36,fit:80de1342a3e9944829ab101957c8eddffd3d18cb805507bed707b0e306d3b433:segment:011,11,18325.0,17205,activities/108_260801060832.csv,1,1,0,0
fit:80de1342a3e9944829ab101957c8eddffd3d18cb805507bed707b0e306d3b433,2026-08-01T09:13:58+00:00,1879,162,181,73,5.49,197.79999999999995,36,fit:80de1342a3e9944829ab101957c8eddffd3d18cb805507bed707b0e306d3b433:segment:011,11,18326.0,17206,activities/108_260801060832.csv,1,1,0,0
fit:80de1342a3e9944829ab101957c8eddffd3d18cb805507bed707b0e306d3b433,2026-08-01T09:13:59+00:00,1880,163,181,74,5.45,198.20000000000005,36,fit:80de1342a3e9944829ab101957c8eddffd3d18cb805507bed707b0e306d3b433:segment:011,11,18327.0,17207,activities/108_260801060832.csv,1,1,0,0
fit:80de1342a3e9944829ab101957c8eddffd3d18cb805507bed707b0e306d3b433,2026-08-01T09:14:00+00:00,1881,169,181,74,5.365,198.20000000000005,36,fit:80de1342a3e9944829ab101957c8eddffd3d18cb805507bed707b0e306d3b433:segment:011,11,18328.0,17208,activities/108_260801060832.csv,1,1,0,0
fit:80de1342a3e9944829ab101957c8eddffd3d18cb805507bed707b0e306d3b433,2026-08-01T09:14:01+00:00,1882,150,180,75,5.494,198.20000000000005,36,fit:80de1342a3e9944829ab101957c8eddffd3d18cb805507bed707b0e306d3b433:segment:011,11,18329.0,17209,activities/108_260801060832.csv,1,1,0,0
fit:80de1342a3e9944829ab101957c8eddffd3d18cb805507bed707b0e306d3b433,2026-08-01T09:14:02+00:00,1883,162,180,75,5.56,198.20000000000005,36,fit:80de1342a3e9944829ab101957c8eddffd3d18cb805507bed707b0e306d3b433:segment:011,11,18330.0,17210,activities/108_260801060832.csv,1,1,0,0
fit:80de1342a3e9944829ab101957c8eddffd3d18cb805507bed707b0e306d3b433,2026-08-01T09:14:03+00:00,1884,151,180,76,5.695,199.60000000000002,36,fit:80de1342a3e9944829ab101957c8eddffd3d18cb805507bed707b0e306d3b433:segment:011,11,18331.0,17211,activities/108_260801060832.csv,1,1,0,0
fit:80de1342a3e9944829ab101957c8eddffd3d18cb805507bed707b0e306d3b433,2026-08-01T09:14:04+00:00,1885,128,180,78,5.711,199.60000000000002,36,fit:80de1342a3e9944829ab101957c8eddffd3d18cb805507bed707b0e306d3b433:segment:011,11,18332.0,17212,activities/108_260801060832.csv,1,1,0,0
fit:80de1342a3e9944829ab101957c8eddffd3d18cb805507bed707b0e306d3b433,2026-08-01T09:14:05+00:00,1886,105,180,79,5.754,199.60000000000002,36,fit:80de1342a3e9944829ab101957c8eddffd3d18cb805507bed707b0e306d3b433:segment:011,11,18333.0,17213,activities/108_260801060832.csv,1,1,0,0
fit:80de1342a3e9944829ab101957c8eddffd3d18cb805507bed707b0e306d3b433,2026-08-01T09:14:06+00:00,1887,110,180,79,5.793,198.79999999999995,36,fit:80de1342a3e9944829ab101957c8eddffd3d18cb805507bed707b0e306d3b433:segment:011,11,18334.0,17214,activities/108_260801060832.csv,1,1,0,0
fit:80de1342a3e9944829ab101957c8eddffd3d18cb805507bed707b0e306d3b433,2026-08-01T09:14:07+00:00,1888,80,179,80,5.736,198.79999999999995,36,fit:80de1342a3e9944829ab101957c8eddffd3d18cb805507bed707b0e306d3b433:segment:011,11,18335.0,17215,activities/108_260801060832.csv,1,1,0,0
fit:80de1342a3e9944829ab101957c8eddffd3d18cb805507bed707b0e306d3b433,2026-08-01T09:14:08+00:00,1889,86,179,80,5.604,198.79999999999995,36,fit:80de1342a3e9944829ab101957c8eddffd3d18cb805507bed707b0e306d3b433:segment:011,11,18336.0,17216,activities/108_260801060832.csv,1,1,0,0
fit:80de1342a3e9944829ab101957c8eddffd3d18cb805507bed707b0e306d3b433,2026-08-01T09:14:09+00:00,1890,119,179,80,5.578,198.79999999999995,36,fit:80de1342a3e9944829ab101957c8eddffd3d18cb805507bed707b0e306d3b433:segment:011,11,18337.0,17217,activities/108_260801060832.csv,1,1,0,0
fit:80de1342a3e9944829ab101957c8eddffd3d18cb805507bed707b0e306d3b433,2026-08-01T09:14:10+00:00,1891,85,178,79,5.686,199.20000000000005,36,fit:80de1342a3e9944829ab101957c8eddffd3d18cb805507bed707b0e306d3b433:segment:011,11,18338.0,17218,activities/108_260801060832.csv,1,1,0,0
fit:80de1342a3e9944829ab101957c8eddffd3d18cb805507bed707b0e306d3b433,2026-08-01T09:14:11+00:00,1892,128,178,79,5.774,198.79999999999995,36,fit:80de1342a3e9944829ab101957c8eddffd3d18cb805507bed707b0e306d3b433:segment:011,11,18339.0,17219,activities/108_260801060832.csv,1,1,0,0
fit:80de1342a3e9944829ab101957c8eddffd3d18cb805507bed707b0e306d3b433,2026-08-01T09:14:12+00:00,1893,192,177,77,5.69,198.79999999999995,36,fit:80de1342a3e9944829ab101957c8eddffd3d18cb805507bed707b0e306d3b433:segment:011,11,18340.0,17220,activities/108_260801060832.csv,1,1,0,0
fit:80de1342a3e9944829ab101957c8eddffd3d18cb805507bed707b0e306d3b433,2026-08-01T09:14:13+00:00,1894,198,177,78,5.747,198.79999999999995,36,fit:80de1342a3e9944829ab101957c8eddffd3d18cb805507bed707b0e306d3b433:segment:011,11,18341.0,17221,activities/108_260801060832.csv,1,1,0,0
fit:80de1342a3e9944829ab101957c8eddffd3d18cb805507bed707b0e306d3b433,2026-08-01T09:14:14+00:00,1895,198,176,79,5.727,199.39999999999998,36,fit:80de1342a3e9944829ab101957c8eddffd3d18cb805507bed707b0e306d3b433:segment:011,11,18342.0,17222,activities/108_260801060832.csv,1,1,0,0
fit:80de1342a3e9944829ab101957c8eddffd3d18cb805507bed707b0e306d3b433,2026-08-01T09:14:15+00:00,1896,159,176,80,5.69,199.39999999999998,36,fit:80de1342a3e9944829ab101957c8eddffd3d18cb805507bed707b0e306d3b433:segment:011,11,18343.0,17223,activities/108_260801060832.csv,1,1,0,0
fit:80de1342a3e9944829ab101957c8eddffd3d18cb805507bed707b0e306d3b433,2026-08-01T09:14:16+00:00,1897,157,175,80,5.627,199.39999999999998,36,fit:80de1342a3e9944829ab101957c8eddffd3d18cb805507bed707b0e306d3b433:segment:011,11,18344.0,17224,activities/108_260801060832.csv,1,1,0,0
fit:80de1342a3e9944829ab101957c8eddffd3d18cb805507bed707b0e306d3b433,2026-08-01T09:14:17+00:00,1898,92,175,78,5.77,199.39999999999998,36,fit:80de1342a3e9944829ab101957c8eddffd3d18cb805507bed707b0e306d3b433:segment:011,11,18345.0,17225,activities/108_260801060832.csv,1,1,0,0
fit:80de1342a3e9944829ab101957c8eddffd3d18cb805507bed707b0e306d3b433,2026-08-01T09:14:18+00:00,1899,56,174,76,5.623,200.0,36,fit:80de1342a3e9944829ab101957c8eddffd3d18cb805507bed707b0e306d3b433:segment:011,11,18346.0,17226,activities/108_260801060832.csv,1,1,0,0
fit:80de1342a3e9944829ab101957c8eddffd3d18cb805507bed707b0e306d3b433,2026-08-01T09:14:19+00:00,1900,60,173,74,5.348,200.79999999999995,36,fit:80de1342a3e9944829ab101957c8eddffd3d18cb805507bed707b0e306d3b433:segment:011,11,18347.0,17227,activities/108_260801060832.csv,1,1,0,0
fit:80de1342a3e9944829ab101957c8eddffd3d18cb805507bed707b0e306d3b433,2026-08-01T09:14:20+00:00,1901,177,173,72,5.223,200.79999999999995,36,fit:80de1342a3e9944829ab101957c8eddffd3d18cb805507bed707b0e306d3b433:segment:011,11,18348.0,17228,activities/108_260801060832.csv,1,1,0,0
fit:80de1342a3e9944829ab101957c8eddffd3d18cb805507bed707b0e306d3b433,2026-08-01T09:14:21+00:00,1902,317,172,72,5.119,200.79999999999995,36,fit:80de1342a3e9944829ab101957c8eddffd3d18cb805507bed707b0e306d3b433:segment:011,11,18349.0,17229,activities/108_260801060832.csv,1,1,0,0
fit:80de1342a3e9944829ab101957c8eddffd3d18cb805507bed707b0e306d3b433,2026-08-01T09:14:22+00:00,1903,297,171,71,5.022,200.79999999999995,36,fit:80de1342a3e9944829ab101957c8eddffd3d18cb805507bed707b0e306d3b433:segment:011,11,18350.0,17230,activities/108_260801060832.csv,1,1,0,0
fit:80de1342a3e9944829ab101957c8eddffd3d18cb805507bed707b0e306d3b433,2026-08-01T09:14:23+00:00,1904,305,169,70,5.002,201.0,36,fit:80de1342a3e9944829ab101957c8eddffd3d18cb805507bed707b0e306d3b433:segment:011,11,18351.0,17231,activities/108_260801060832.csv,1,1,0,0
fit:80de1342a3e9944829ab101957c8eddffd3d18cb805507bed707b0e306d3b433,2026-08-01T09:14:24+00:00,1905,305,168,69,5.024,201.0,36,fit:80de1342a3e9944829ab101957c8eddffd3d18cb805507bed707b0e306d3b433:segment:011,11,18352.0,17232,activities/108_260801060832.csv,1,1,0,0
fit:80de1342a3e9944829ab101957c8eddffd3d18cb805507bed707b0e306d3b433,2026-08-01T09:14:25+00:00,1906,274,167,70,4.719,201.0,36,fit:80de1342a3e9944829ab101957c8eddffd3d18cb805507bed707b0e306d3b433:segment:011,11,18353.0,17233,activities/108_260801060832.csv,1,1,0,0
fit:80de1342a3e9944829ab101957c8eddffd3d18cb805507bed707b0e306d3b433,2026-08-01T09:14:26+00:00,1907,272,166,73,4.996,202.0,36,fit:80de1342a3e9944829ab101957c8eddffd3d18cb805507bed707b0e306d3b433:segment:011,11,18354.0,17234,activities/108_260801060832.csv,1,1,0,0
fit:80de1342a3e9944829ab101957c8eddffd3d18cb805507bed707b0e306d3b433,2026-08-01T09:14:27+00:00,1908,288,166,75,5.215,202.20000000000005,36,fit:80de1342a3e9944829ab101957c8eddffd3d18cb805507bed707b0e306d3b433:segment:011,11,18355.0,17235,activities/108_260801060832.csv,1,1,0,0
fit:80de1342a3e9944829ab101957c8eddffd3d18cb805507bed707b0e306d3b433,2026-08-01T09:14:28+00:00,1909,288,165,77,5.403,202.20000000000005,36,fit:80de1342a3e9944829ab101957c8eddffd3d18cb805507bed707b0e306d3b433:segment:011,11,18356.0,17236,activities/108_260801060832.csv,1,1,0,0
fit:80de1342a3e9944829ab101957c8eddffd3d18cb805507bed707b0e306d3b433,2026-08-01T09:14:29+00:00,1910,287,165,77,5.481,202.20000000000005,36,fit:80de1342a3e9944829ab101957c8eddffd3d18cb805507bed707b0e306d3b433:segment:011,11,18357.0,17237,activities/108_260801060832.csv,1,1,0,0
fit:80de1342a3e9944829ab101957c8eddffd3d18cb805507bed707b0e306d3b433,2026-08-01T09:14:30+00:00,1911,294,164,80,5.498,202.20000000000005,36,fit:80de1342a3e9944829ab101957c8eddffd3d18cb805507bed707b0e306d3b433:segment:011,11,18358.0,17238,activities/108_260801060832.csv,1,1,0,0
fit:80de1342a3e9944829ab101957c8eddffd3d18cb805507bed707b0e306d3b433,2026-08-01T09:14:31+00:00,1912,291,164,80,5.667,203.0,36,fit:80de1342a3e9944829ab101957c8eddffd3d18cb805507bed707b0e306d3b433:segment:011,11,18359.0,17239,activities/108_260801060832.csv,1,1,0,0
fit:80de1342a3e9944829ab101957c8eddffd3d18cb805507bed707b0e306d3b433,2026-08-01T09:14:32+00:00,1913,319,163,81,5.824,203.0,36,fit:80de1342a3e9944829ab101957c8eddffd3d18cb805507bed707b0e306d3b433:segment:011,11,18360.0,17240,activities/108_260801060832.csv,1,1,0,0
fit:80de1342a3e9944829ab101957c8eddffd3d18cb805507bed707b0e306d3b433,2026-08-01T09:14:33+00:00,1914,274,163,82,5.9,203.0,36,fit:80de1342a3e9944829ab101957c8eddffd3d18cb805507bed707b0e306d3b433:segment:011,11,18361.0,17241,activities/108_260801060832.csv,1,1,0,0
fit:80de1342a3e9944829ab101957c8eddffd3d18cb805507bed707b0e306d3b433,2026-08-01T09:14:34+00:00,1915,275,163,82,5.932,203.0,36,fit:80de1342a3e9944829ab101957c8eddffd3d18cb805507bed707b0e306d3b433:segment:011,11,18362.0,17242,activities/108_260801060832.csv,1,1,0,0
fit:80de1342a3e9944829ab101957c8eddffd3d18cb805507bed707b0e306d3b433,2026-08-01T09:14:35+00:00,1916,272,163,82,6.042,204.20000000000005,36,fit:80de1342a3e9944829ab101957c8eddffd3d18cb805507bed707b0e306d3b433:segment:011,11,18363.0,17243,activities/108_260801060832.csv,1,1,0,0
fit:80de1342a3e9944829ab101957c8eddffd3d18cb805507bed707b0e306d3b433,2026-08-01T09:14:36+00:00,1917,264,163,82,6.046,204.20000000000005,36,fit:80de1342a3e9944829ab101957c8eddffd3d18cb805507bed707b0e306d3b433:segment:011,11,18364.0,17244,activities/108_260801060832.csv,1,1,0,0
fit:80de1342a3e9944829ab101957c8eddffd3d18cb805507bed707b0e306d3b433,2026-08-01T09:14:37+00:00,1918,263,163,83,6.119,204.20000000000005,36,fit:80de1342a3e9944829ab101957c8eddffd3d18cb805507bed707b0e306d3b433:segment:011,11,18365.0,17245,activities/108_260801060832.csv,1,1,0,0
fit:80de1342a3e9944829ab101957c8eddffd3d18cb805507bed707b0e306d3b433,2026-08-01T09:14:38+00:00,1919,251,164,83,6.119,204.20000000000005,36,fit:80de1342a3e9944829ab101957c8eddffd3d18cb805507bed707b0e306d3b433:segment:011,11,18366.0,17246,activities/108_260801060832.csv,1,1,0,0
fit:80de1342a3e9944829ab101957c8eddffd3d18cb805507bed707b0e306d3b433,2026-08-01T09:14:39+00:00,1920,252,164,82,6.127,204.20000000000005,36,fit:80de1342a3e9944829ab101957c8eddffd3d18cb805507bed707b0e306d3b433:segment:011,11,18367.0,17247,activities/108_260801060832.csv,1,1,0,0
fit:80de1342a3e9944829ab101957c8eddffd3d18cb805507bed707b0e306d3b433,2026-08-01T09:14:40+00:00,1921,268,164,81,6.087,204.20000000000005,36,fit:80de1342a3e9944829ab101957c8eddffd3d18cb805507bed707b0e306d3b433:segment:011,11,18368.0,17248,activities/108_260801060832.csv,1,1,0,0
fit:80de1342a3e9944829ab101957c8eddffd3d18cb805507bed707b0e306d3b433,2026-08-01T09:14:41+00:00,1922,289,164,80,5.996,204.20000000000005,36,fit:80de1342a3e9944829ab101957c8eddffd3d18cb805507bed707b0e306d3b433:segment:011,11,18369.0,17249,activities/108_260801060832.csv,1,1,0,0
fit:80de1342a3e9944829ab101957c8eddffd3d18cb805507bed707b0e306d3b433,2026-08-01T09:14:42+00:00,1923,289,164,79,5.977,204.20000000000005,36,fit:80de1342a3e9944829ab101957c8eddffd3d18cb805507bed707b0e306d3b433:segment:011,11,18370.0,17250,activities/108_260801060832.csv,1,1,0,0
fit:80de1342a3e9944829ab101957c8eddffd3d18cb805507bed707b0e306d3b433,2026-08-01T09:14:43+00:00,1924,267,164,79,6.008,204.79999999999995,36,fit:80de1342a3e9944829ab101957c8eddffd3d18cb805507bed707b0e306d3b433:segment:011,11,18371.0,17251,activities/108_260801060832.csv,1,1,0,0
fit:80de1342a3e9944829ab101957c8eddffd3d18cb805507bed707b0e306d3b433,2026-08-01T09:14:44+00:00,1925,207,164,78,5.895,204.79999999999995,36,fit:80de1342a3e9944829ab101957c8eddffd3d18cb805507bed707b0e306d3b433:segment:011,11,18372.0,17252,activities/108_260801060832.csv,1,1,0,0
fit:80de1342a3e9944829ab101957c8eddffd3d18cb805507bed707b0e306d3b433,2026-08-01T09:14:45+00:00,1926,233,164,77,5.809,204.79999999999995,35,fit:80de1342a3e9944829ab101957c8eddffd3d18cb805507bed707b0e306d3b433:segment:011,11,18373.0,17253,activities/108_260801060832.csv,1,1,0,0
fit:80de1342a3e9944829ab101957c8eddffd3d18cb805507bed707b0e306d3b433,2026-08-01T09:14:46+00:00,1927,258,164,75,5.72,205.79999999999995,35,fit:80de1342a3e9944829ab101957c8eddffd3d18cb805507bed707b0e306d3b433:segment:011,11,18374.0,17254,activities/108_260801060832.csv,1,1,0,0
fit:80de1342a3e9944829ab101957c8eddffd3d18cb805507bed707b0e306d3b433,2026-08-01T09:14:47+00:00,1928,285,164,75,5.694,206.20000000000005,35,fit:80de1342a3e9944829ab101957c8eddffd3d18cb805507bed707b0e306d3b433:segment:011,11,18375.0,17255,activities/108_260801060832.csv,1,1,0,0
fit:80de1342a3e9944829ab101957c8eddffd3d18cb805507bed707b0e306d3b433,2026-08-01T09:14:48+00:00,1929,286,164,76,5.543,206.20000000000005,35,fit:80de1342a3e9944829ab101957c8eddffd3d18cb805507bed707b0e306d3b433:segment:011,11,18376.0,17256,activities/108_260801060832.csv,1,1,0,0
fit:80de1342a3e9944829ab101957c8eddffd3d18cb805507bed707b0e306d3b433,2026-08-01T09:14:49+00:00,1930,286,164,76,5.578,206.20000000000005,35,fit:80de1342a3e9944829ab101957c8eddffd3d18cb805507bed707b0e306d3b433:segment:011,11,18377.0,17257,activities/108_260801060832.csv,1,1,0,0
fit:80de1342a3e9944829ab101957c8eddffd3d18cb805507bed707b0e306d3b433,2026-08-01T09:14:50+00:00,1931,280,164,77,5.736,206.79999999999995,35,fit:80de1342a3e9944829ab101957c8eddffd3d18cb805507bed707b0e306d3b433:segment:011,11,18378.0,17258,activities/108_260801060832.csv,1,1,0,0
fit:80de1342a3e9944829ab101957c8eddffd3d18cb805507bed707b0e306d3b433,2026-08-01T09:14:51+00:00,1932,287,164,77,5.746,206.79999999999995,35,fit:80de1342a3e9944829ab101957c8eddffd3d18cb805507bed707b0e306d3b433:segment:011,11,18379.0,17259,activities/108_260801060832.csv,1,1,0,0
fit:80de1342a3e9944829ab101957c8eddffd3d18cb805507bed707b0e306d3b433,2026-08-01T09:14:52+00:00,1933,288,164,77,5.745,206.79999999999995,35,fit:80de1342a3e9944829ab101957c8eddffd3d18cb805507bed707b0e306d3b433:segment:011,11,18380.0,17260,activities/108_260801060832.csv,1,1,0,0
fit:80de1342a3e9944829ab101957c8eddffd3d18cb805507bed707b0e306d3b433,2026-08-01T09:14:53+00:00,1934,278,164,77,5.762,206.79999999999995,35,fit:80de1342a3e9944829ab101957c8eddffd3d18cb805507bed707b0e306d3b433:segment:011,11,18381.0,17261,activities/108_260801060832.csv,1,1,0,0
fit:80de1342a3e9944829ab101957c8eddffd3d18cb805507bed707b0e306d3b433,2026-08-01T09:14:54+00:00,1935,278,165,77,5.796,206.79999999999995,35,fit:80de1342a3e9944829ab101957c8eddffd3d18cb805507bed707b0e306d3b433:segment:011,11,18382.0,17262,activities/108_260801060832.csv,1,1,0,0
fit:80de1342a3e9944829ab101957c8eddffd3d18cb805507bed707b0e306d3b433,2026-08-01T09:14:55+00:00,1936,264,165,78,5.816,208.0,35,fit:80de1342a3e9944829ab101957c8eddffd3d18cb805507bed707b0e306d3b433:segment:011,11,18383.0,17263,activities/108_260801060832.csv,1,1,0,0
fit:80de1342a3e9944829ab101957c8eddffd3d18cb805507bed707b0e306d3b433,2026-08-01T09:14:56+00:00,1937,34,166,78,5.908,208.0,35,fit:80de1342a3e9944829ab101957c8eddffd3d18cb805507bed707b0e306d3b433:segment:011,11,18384.0,17264,activities/108_260801060832.csv,1,1,0,0
fit:80de1342a3e9944829ab101957c8eddffd3d18cb805507bed707b0e306d3b433,2026-08-01T09:14:57+00:00,1938,17,167,75,5.861,208.0,35,fit:80de1342a3e9944829ab101957c8eddffd3d18cb805507bed707b0e306d3b433:segment:011,11,18385.0,17265,activities/108_260801060832.csv,1,1,0,0
fit:80de1342a3e9944829ab101957c8eddffd3d18cb805507bed707b0e306d3b433,2026-08-01T09:14:58+00:00,1939,36,167,70,5.56,208.39999999999998,35,fit:80de1342a3e9944829ab101957c8eddffd3d18cb805507bed707b0e306d3b433:segment:011,11,18386.0,17266,activities/108_260801060832.csv,1,1,0,0
fit:80de1342a3e9944829ab101957c8eddffd3d18cb805507bed707b0e306d3b433,2026-08-01T09:14:59+00:00,1940,36,168,64,5.129,209.0,35,fit:80de1342a3e9944829ab101957c8eddffd3d18cb805507bed707b0e306d3b433:segment:011,11,18387.0,17267,activities/108_260801060832.csv,1,1,0,0
fit:80de1342a3e9944829ab101957c8eddffd3d18cb805507bed707b0e306d3b433,2026-08-01T09:15:00+00:00,1941,35,168,58,4.735,209.0,35,fit:80de1342a3e9944829ab101957c8eddffd3d18cb805507bed707b0e306d3b433:segment:011,11,18388.0,17268,activities/108_260801060832.csv,1,1,0,0
fit:80de1342a3e9944829ab101957c8eddffd3d18cb805507bed707b0e306d3b433,2026-08-01T09:15:01+00:00,1942,35,168,58,4.265,209.0,35,fit:80de1342a3e9944829ab101957c8eddffd3d18cb805507bed707b0e306d3b433:segment:011,11,18389.0,17269,activities/108_260801060832.csv,1,1,0,0
fit:80de1342a3e9944829ab101957c8eddffd3d18cb805507bed707b0e306d3b433,2026-08-01T09:15:02+00:00,1943,35,169,58,3.755,209.60000000000002,35,fit:80de1342a3e9944829ab101957c8eddffd3d18cb805507bed707b0e306d3b433:segment:011,11,18390.0,17270,activities/108_260801060832.csv,1,1,0,0
fit:80de1342a3e9944829ab101957c8eddffd3d18cb805507bed707b0e306d3b433,2026-08-01T09:15:03+00:00,1944,0,168,0,0.0,209.79999999999995,35,fit:80de1342a3e9944829ab101957c8eddffd3d18cb805507bed707b0e306d3b433:segment:011,11,18391.0,17271,activities/108_260801060832.csv,1,1,0,0
fit:80de1342a3e9944829ab101957c8eddffd3d18cb805507bed707b0e306d3b433,2026-08-01T09:15:04+00:00,1945,17,168,0,2.966,209.79999999999995,35,fit:80de1342a3e9944829ab101957c8eddffd3d18cb805507bed707b0e306d3b433:segment:011,11,18392.0,17272,activities/108_260801060832.csv,1,1,0,0
fit:80de1342a3e9944829ab101957c8eddffd3d18cb805507bed707b0e306d3b433,2026-08-01T09:15:05+00:00,1946,17,168,0,3.043,209.79999999999995,35,fit:80de1342a3e9944829ab101957c8eddffd3d18cb805507bed707b0e306d3b433:segment:011,11,18393.0,17273,activities/108_260801060832.csv,1,1,0,0
fit:80de1342a3e9944829ab101957c8eddffd3d18cb805507bed707b0e306d3b433,2026-08-01T09:15:06+00:00,1947,17,167,0,3.375,209.79999999999995,35,fit:80de1342a3e9944829ab101957c8eddffd3d18cb805507bed707b0e306d3b433:segment:011,11,18394.0,17274,activities/108_260801060832.csv,1,1,0,0
fit:80de1342a3e9944829ab101957c8eddffd3d18cb805507bed707b0e306d3b433,2026-08-01T09:15:07+00:00,1948,17,167,0,3.79,209.20000000000005,35,fit:80de1342a3e9944829ab101957c8eddffd3d18cb805507bed707b0e306d3b433:segment:011,11,18395.0,17275,activities/108_260801060832.csv,1,1,0,0
fit:80de1342a3e9944829ab101957c8eddffd3d18cb805507bed707b0e306d3b433,2026-08-01T09:15:08+00:00,1949,0,166,0,4.202,209.20000000000005,35,fit:80de1342a3e9944829ab101957c8eddffd3d18cb805507bed707b0e306d3b433:segment:011,11,18396.0,17276,activities/108_260801060832.csv,1,1,0,0
fit:80de1342a3e9944829ab101957c8eddffd3d18cb805507bed707b0e306d3b433,2026-08-01T09:15:09+00:00,1950,6,165,0,4.593,209.20000000000005,35,fit:80de1342a3e9944829ab101957c8eddffd3d18cb805507bed707b0e306d3b433:segment:011,11,18397.0,17277,activities/108_260801060832.csv,1,1,0,0
fit:80de1342a3e9944829ab101957c8eddffd3d18cb805507bed707b0e306d3b433,2026-08-01T09:15:10+00:00,1951,6,164,0,4.908,208.20000000000005,35,fit:80de1342a3e9944829ab101957c8eddffd3d18cb805507bed707b0e306d3b433:segment:011,11,18398.0,17278,activities/108_260801060832.csv,1,1,0,0
fit:80de1342a3e9944829ab101957c8eddffd3d18cb805507bed707b0e306d3b433,2026-08-01T09:15:11+00:00,1952,6,164,0,5.278,207.60000000000002,35,fit:80de1342a3e9944829ab101957c8eddffd3d18cb805507bed707b0e306d3b433:segment:011,11,18399.0,17279,activities/108_260801060832.csv,1,1,0,0
fit:80de1342a3e9944829ab101957c8eddffd3d18cb805507bed707b0e306d3b433,2026-08-01T09:15:12+00:00,1953,0,163,0,5.639,207.60000000000002,35,fit:80de1342a3e9944829ab101957c8eddffd3d18cb805507bed707b0e306d3b433:segment:011,11,18400.0,17280,activities/108_260801060832.csv,1,1,0,0
fit:80de1342a3e9944829ab101957c8eddffd3d18cb805507bed707b0e306d3b433,2026-08-01T09:15:13+00:00,1954,0,161,0,5.989,207.60000000000002,35,fit:80de1342a3e9944829ab101957c8eddffd3d18cb805507bed707b0e306d3b433:segment:011,11,18401.0,17281,activities/108_260801060832.csv,1,1,0,0
fit:80de1342a3e9944829ab101957c8eddffd3d18cb805507bed707b0e306d3b433,2026-08-01T09:15:14+00:00,1955,0,160,0,6.309,207.39999999999998,35,fit:80de1342a3e9944829ab101957c8eddffd3d18cb805507bed707b0e306d3b433:segment:011,11,18402.0,17282,activities/108_260801060832.csv,1,1,0,0
fit:80de1342a3e9944829ab101957c8eddffd3d18cb805507bed707b0e306d3b433,2026-08-01T09:15:15+00:00,1956,0,160,0,6.501,207.20000000000005,35,fit:80de1342a3e9944829ab101957c8eddffd3d18cb805507bed707b0e306d3b433:segment:011,11,18403.0,17283,activities/108_260801060832.csv,1,1,0,0
fit:80de1342a3e9944829ab101957c8eddffd3d18cb805507bed707b0e306d3b433,2026-08-01T09:15:16+00:00,1957,0,157,0,6.9,207.20000000000005,35,fit:80de1342a3e9944829ab101957c8eddffd3d18cb805507bed707b0e306d3b433:segment:011,11,18404.0,17284,activities/108_260801060832.csv,1,1,0,0
fit:80de1342a3e9944829ab101957c8eddffd3d18cb805507bed707b0e306d3b433,2026-08-01T09:15:17+00:00,1958,0,155,0,7.169,207.20000000000005,35,fit:80de1342a3e9944829ab101957c8eddffd3d18cb805507bed707b0e306d3b433:segment:011,11,18405.0,17285,activities/108_260801060832.csv,1,1,0,0
fit:80de1342a3e9944829ab101957c8eddffd3d18cb805507bed707b0e306d3b433,2026-08-01T09:15:18+00:00,1959,0,155,0,7.472,206.60000000000002,35,fit:80de1342a3e9944829ab101957c8eddffd3d18cb805507bed707b0e306d3b433:segment:011,11,18406.0,17286,activities/108_260801060832.csv,1,1,0,0
fit:80de1342a3e9944829ab101957c8eddffd3d18cb805507bed707b0e306d3b433,2026-08-01T09:15:19+00:00,1960,0,153,0,7.8,206.0,35,fit:80de1342a3e9944829ab101957c8eddffd3d18cb805507bed707b0e306d3b433:segment:011,11,18407.0,17287,activities/108_260801060832.csv,1,1,0,0
fit:80de1342a3e9944829ab101957c8eddffd3d18cb805507bed707b0e306d3b433,2026-08-01T09:15:20+00:00,1961,0,151,0,8.15,206.0,35,fit:80de1342a3e9944829ab101957c8eddffd3d18cb805507bed707b0e306d3b433:segment:011,11,18408.0,17288,activities/108_260801060832.csv,1,1,0,0
fit:80de1342a3e9944829ab101957c8eddffd3d18cb805507bed707b0e306d3b433,2026-08-01T09:15:21+00:00,1962,0,151,0,8.483,206.0,35,fit:80de1342a3e9944829ab101957c8eddffd3d18cb805507bed707b0e306d3b433:segment:011,11,18409.0,17289,activities/108_260801060832.csv,1,1,0,0
fit:80de1342a3e9944829ab101957c8eddffd3d18cb805507bed707b0e306d3b433,2026-08-01T09:15:22+00:00,1963,0,147,0,8.801,205.0,35,fit:80de1342a3e9944829ab101957c8eddffd3d18cb805507bed707b0e306d3b433:segment:011,11,18410.0,17290,activities/108_260801060832.csv,1,1,0,0
fit:80de1342a3e9944829ab101957c8eddffd3d18cb805507bed707b0e306d3b433,2026-08-01T09:15:23+00:00,1964,0,146,0,8.516,204.79999999999995,35,fit:80de1342a3e9944829ab101957c8eddffd3d18cb805507bed707b0e306d3b433:segment:011,11,18411.0,17291,activities/108_260801060832.csv,1,1,0,0
fit:80de1342a3e9944829ab101957c8eddffd3d18cb805507bed707b0e306d3b433,2026-08-01T09:15:24+00:00,1965,0,146,0,7.939,204.79999999999995,35,fit:80de1342a3e9944829ab101957c8eddffd3d18cb805507bed707b0e306d3b433:segment:011,11,18412.0,17292,activities/108_260801060832.csv,1,1,0,0
fit:80de1342a3e9944829ab101957c8eddffd3d18cb805507bed707b0e306d3b433,2026-08-01T09:15:25+00:00,1966,0,143,0,7.438,204.79999999999995,35,fit:80de1342a3e9944829ab101957c8eddffd3d18cb805507bed707b0e306d3b433:segment:011,11,18413.0,17293,activities/108_260801060832.csv,1,1,0,0
fit:80de1342a3e9944829ab101957c8eddffd3d18cb805507bed707b0e306d3b433,2026-08-01T09:15:26+00:00,1967,0,140,0,6.71,204.79999999999995,35,fit:80de1342a3e9944829ab101957c8eddffd3d18cb805507bed707b0e306d3b433:segment:011,11,18414.0,17294,activities/108_260801060832.csv,1,1,0,0
fit:80de1342a3e9944829ab101957c8eddffd3d18cb805507bed707b0e306d3b433,2026-08-01T09:15:27+00:00,1968,0,140,0,6.176,204.79999999999995,35,fit:80de1342a3e9944829ab101957c8eddffd3d18cb805507bed707b0e306d3b433:segment:011,11,18415.0,17295,activities/108_260801060832.csv,1,1,0,0
fit:80de1342a3e9944829ab101957c8eddffd3d18cb805507bed707b0e306d3b433,2026-08-01T09:15:28+00:00,1969,103,138,58,5.486,204.79999999999995,35,fit:80de1342a3e9944829ab101957c8eddffd3d18cb805507bed707b0e306d3b433:segment:011,11,18416.0,17296,activities/108_260801060832.csv,1,1,0,0
fit:80de1342a3e9944829ab101957c8eddffd3d18cb805507bed707b0e306d3b433,2026-08-01T09:15:29+00:00,1970,196,135,67,4.94,204.79999999999995,35,fit:80de1342a3e9944829ab101957c8eddffd3d18cb805507bed707b0e306d3b433:segment:011,11,18417.0,17297,activities/108_260801060832.csv,1,1,0,0
fit:80de1342a3e9944829ab101957c8eddffd3d18cb805507bed707b0e306d3b433,2026-08-01T09:15:30+00:00,1971,211,134,68,4.911,204.20000000000005,35,fit:80de1342a3e9944829ab101957c8eddffd3d18cb805507bed707b0e306d3b433:segment:011,11,18418.0,17298,activities/108_260801060832.csv,1,1,0,0
fit:80de1342a3e9944829ab101957c8eddffd3d18cb805507bed707b0e306d3b433,2026-08-01T09:15:31+00:00,1972,89,134,68,4.826,204.79999999999995,35,fit:80de1342a3e9944829ab101957c8eddffd3d18cb805507bed707b0e306d3b433:segment:011,11,18419.0,17299,activities/108_260801060832.csv,1,1,0,0
fit:80de1342a3e9944829ab101957c8eddffd3d18cb805507bed707b0e306d3b433,2026-08-01T09:15:32+00:00,1973,90,134,65,4.794,204.79999999999995,35,fit:80de1342a3e9944829ab101957c8eddffd3d18cb805507bed707b0e306d3b433:segment:011,11,18420.0,17300,activities/108_260801060832.csv,1,1,0,0
fit:80de1342a3e9944829ab101957c8eddffd3d18cb805507bed707b0e306d3b433,2026-08-01T09:15:33+00:00,1974,307,135,64,4.614,204.79999999999995,35,fit:80de1342a3e9944829ab101957c8eddffd3d18cb805507bed707b0e306d3b433:segment:011,11,18421.0,17301,activities/108_260801060832.csv,1,1,0,0
fit:80de1342a3e9944829ab101957c8eddffd3d18cb805507bed707b0e306d3b433,2026-08-01T09:15:34+00:00,1975,307,135,64,4.452,205.79999999999995,35,fit:80de1342a3e9944829ab101957c8eddffd3d18cb805507bed707b0e306d3b433:segment:011,11,18422.0,17302,activities/108_260801060832.csv,1,1,0,0
fit:80de1342a3e9944829ab101957c8eddffd3d18cb805507bed707b0e306d3b433,2026-08-01T09:15:35+00:00,1976,340,135,63,4.377,206.0,35,fit:80de1342a3e9944829ab101957c8eddffd3d18cb805507bed707b0e306d3b433:segment:011,11,18423.0,17303,activities/108_260801060832.csv,1,1,0,0
fit:80de1342a3e9944829ab101957c8eddffd3d18cb805507bed707b0e306d3b433,2026-08-01T09:15:36+00:00,1977,390,135,67,4.412,206.0,35,fit:80de1342a3e9944829ab101957c8eddffd3d18cb805507bed707b0e306d3b433:segment:011,11,18424.0,17304,activities/108_260801060832.csv,1,1,0,0
fit:80de1342a3e9944829ab101957c8eddffd3d18cb805507bed707b0e306d3b433,2026-08-01T09:15:37+00:00,1978,345,135,67,4.636,206.0,35,fit:80de1342a3e9944829ab101957c8eddffd3d18cb805507bed707b0e306d3b433:segment:011,11,18425.0,17305,activities/108_260801060832.csv,1,1,0,0
fit:80de1342a3e9944829ab101957c8eddffd3d18cb805507bed707b0e306d3b433,2026-08-01T09:15:38+00:00,1979,345,135,67,4.804,207.0,35,fit:80de1342a3e9944829ab101957c8eddffd3d18cb805507bed707b0e306d3b433:segment:011,11,18426.0,17306,activities/108_260801060832.csv,1,1,0,0
fit:80de1342a3e9944829ab101957c8eddffd3d18cb805507bed707b0e306d3b433,2026-08-01T09:15:39+00:00,1980,401,135,68,4.497,207.60000000000002,35,fit:80de1342a3e9944829ab101957c8eddffd3d18cb805507bed707b0e306d3b433:segment:011,11,18427.0,17307,activities/108_260801060832.csv,1,1,0,0
fit:80de1342a3e9944829ab101957c8eddffd3d18cb805507bed707b0e306d3b433,2026-08-01T09:15:40+00:00,1981,366,135,69,4.638,207.60000000000002,35,fit:80de1342a3e9944829ab101957c8eddffd3d18cb805507bed707b0e306d3b433:segment:011,11,18428.0,17308,activities/108_260801060832.csv,1,1,0,0
fit:80de1342a3e9944829ab101957c8eddffd3d18cb805507bed707b0e306d3b433,2026-08-01T09:15:41+00:00,1982,353,137,70,4.974,207.60000000000002,35,fit:80de1342a3e9944829ab101957c8eddffd3d18cb805507bed707b0e306d3b433:segment:011,11,18429.0,17309,activities/108_260801060832.csv,1,1,0,0
fit:80de1342a3e9944829ab101957c8eddffd3d18cb805507bed707b0e306d3b433,2026-08-01T09:15:42+00:00,1983,375,138,70,4.636,207.60000000000002,35,fit:80de1342a3e9944829ab101957c8eddffd3d18cb805507bed707b0e306d3b433:segment:011,11,18430.0,17310,activities/108_260801060832.csv,1,1,0,0
fit:80de1342a3e9944829ab101957c8eddffd3d18cb805507bed707b0e306d3b433,2026-08-01T09:15:43+00:00,1984,374,141,70,4.691,209.0,35,fit:80de1342a3e9944829ab101957c8eddffd3d18cb805507bed707b0e306d3b433:segment:011,11,18431.0,17311,activities/108_260801060832.csv,1,1,0,0
fit:80de1342a3e9944829ab101957c8eddffd3d18cb805507bed707b0e306d3b433,2026-08-01T09:15:44+00:00,1985,397,143,71,4.812,209.0,35,fit:80de1342a3e9944829ab101957c8eddffd3d18cb805507bed707b0e306d3b433:segment:011,11,18432.0,17312,activities/108_260801060832.csv,1,1,0,0
fit:80de1342a3e9944829ab101957c8eddffd3d18cb805507bed707b0e306d3b433,2026-08-01T09:15:45+00:00,1986,450,143,73,4.471,209.0,35,fit:80de1342a3e9944829ab101957c8eddffd3d18cb805507bed707b0e306d3b433:segment:011,11,18433.0,17313,activities/108_260801060832.csv,1,1,0,0
fit:80de1342a3e9944829ab101957c8eddffd3d18cb805507bed707b0e306d3b433,2026-08-01T09:15:46+00:00,1987,514,145,75,4.844,209.0,35,fit:80de1342a3e9944829ab101957c8eddffd3d18cb805507bed707b0e306d3b433:segment:011,11,18434.0,17314,activities/108_260801060832.csv,1,1,0,0
fit:80de1342a3e9944829ab101957c8eddffd3d18cb805507bed707b0e306d3b433,2026-08-01T09:15:47+00:00,1988,510,146,76,4.753,210.0,35,fit:80de1342a3e9944829ab101957c8eddffd3d18cb805507bed707b0e306d3b433:segment:011,11,18435.0,17315,activities/108_260801060832.csv,1,1,0,0
fit:80de1342a3e9944829ab101957c8eddffd3d18cb805507bed707b0e306d3b433,2026-08-01T09:15:48+00:00,1989,430,146,80,4.81,210.0,35,fit:80de1342a3e9944829ab101957c8eddffd3d18cb805507bed707b0e306d3b433:segment:011,11,18436.0,17316,activities/108_260801060832.csv,1,1,0,0
fit:80de1342a3e9944829ab101957c8eddffd3d18cb805507bed707b0e306d3b433,2026-08-01T09:15:49+00:00,1990,430,150,80,4.88,210.0,35,fit:80de1342a3e9944829ab101957c8eddffd3d18cb805507bed707b0e306d3b433:segment:011,11,18437.0,17317,activities/108_260801060832.csv,1,1,0,0
fit:80de1342a3e9944829ab101957c8eddffd3d18cb805507bed707b0e306d3b433,2026-08-01T09:15:50+00:00,1991,373,152,79,4.805,211.0,35,fit:80de1342a3e9944829ab101957c8eddffd3d18cb805507bed707b0e306d3b433:segment:011,11,18438.0,17318,activities/108_260801060832.csv,1,1,0,0
fit:80de1342a3e9944829ab101957c8eddffd3d18cb805507bed707b0e306d3b433,2026-08-01T09:15:51+00:00,1992,452,152,79,5.228,212.0,35,fit:80de1342a3e9944829ab101957c8eddffd3d18cb805507bed707b0e306d3b433:segment:011,11,18439.0,17319,activities/108_260801060832.csv,1,1,0,0
fit:80de1342a3e9944829ab101957c8eddffd3d18cb805507bed707b0e306d3b433,2026-08-01T09:15:52+00:00,1993,420,154,80,5.331,212.0,35,fit:80de1342a3e9944829ab101957c8eddffd3d18cb805507bed707b0e306d3b433:segment:011,11,18440.0,17320,activities/108_260801060832.csv,1,1,0,0
fit:80de1342a3e9944829ab101957c8eddffd3d18cb805507bed707b0e306d3b433,2026-08-01T09:15:53+00:00,1994,355,157,80,5.034,212.0,35,fit:80de1342a3e9944829ab101957c8eddffd3d18cb805507bed707b0e306d3b433:segment:011,11,18441.0,17321,activities/108_260801060832.csv,1,1,0,0
fit:80de1342a3e9944829ab101957c8eddffd3d18cb805507bed707b0e306d3b433,2026-08-01T09:15:54+00:00,1995,355,159,80,5.434,212.60000000000002,35,fit:80de1342a3e9944829ab101957c8eddffd3d18cb805507bed707b0e306d3b433:segment:011,11,18442.0,17322,activities/108_260801060832.csv,1,1,0,0
fit:80de1342a3e9944829ab101957c8eddffd3d18cb805507bed707b0e306d3b433,2026-08-01T09:15:55+00:00,1996,303,161,76,5.217,213.39999999999998,35,fit:80de1342a3e9944829ab101957c8eddffd3d18cb805507bed707b0e306d3b433:segment:011,11,18443.0,17323,activities/108_260801060832.csv,1,1,0,0
fit:80de1342a3e9944829ab101957c8eddffd3d18cb805507bed707b0e306d3b433,2026-08-01T09:15:56+00:00,1997,257,163,76,5.257,213.39999999999998,35,fit:80de1342a3e9944829ab101957c8eddffd3d18cb805507bed707b0e306d3b433:segment:011,11,18444.0,17324,activities/108_260801060832.csv,1,1,0,0
fit:80de1342a3e9944829ab101957c8eddffd3d18cb805507bed707b0e306d3b433,2026-08-01T09:15:57+00:00,1998,283,165,77,5.321,213.39999999999998,35,fit:80de1342a3e9944829ab101957c8eddffd3d18cb805507bed707b0e306d3b433:segment:011,11,18445.0,17325,activities/108_260801060832.csv,1,1,0,0
fit:80de1342a3e9944829ab101957c8eddffd3d18cb805507bed707b0e306d3b433,2026-08-01T09:15:58+00:00,1999,320,167,81,5.488,213.39999999999998,35,fit:80de1342a3e9944829ab101957c8eddffd3d18cb805507bed707b0e306d3b433:segment:011,11,18446.0,17326,activities/108_260801060832.csv,1,1,0,0
fit:80de1342a3e9944829ab101957c8eddffd3d18cb805507bed707b0e306d3b433,2026-08-01T09:15:59+00:00,2000,257,169,83,5.634,213.60000000000002,35,fit:80de1342a3e9944829ab101957c8eddffd3d18cb805507bed707b0e306d3b433:segment:011,11,18447.0,17327,activities/108_260801060832.csv,1,1,0,0
fit:80de1342a3e9944829ab101957c8eddffd3d18cb805507bed707b0e306d3b433,2026-08-01T09:16:00+00:00,2001,136,170,82,5.711,213.60000000000002,35,fit:80de1342a3e9944829ab101957c8eddffd3d18cb805507bed707b0e306d3b433:segment:011,11,18448.0,17328,activities/108_260801060832.csv,1,1,0,0
fit:80de1342a3e9944829ab101957c8eddffd3d18cb805507bed707b0e306d3b433,2026-08-01T09:16:01+00:00,2002,151,170,81,5.669,213.60000000000002,35,fit:80de1342a3e9944829ab101957c8eddffd3d18cb805507bed707b0e306d3b433:segment:011,11,18449.0,17329,activities/108_260801060832.csv,1,1,0,0
fit:80de1342a3e9944829ab101957c8eddffd3d18cb805507bed707b0e306d3b433,2026-08-01T09:16:02+00:00,2003,221,171,80,5.624,213.60000000000002,35,fit:80de1342a3e9944829ab101957c8eddffd3d18cb805507bed707b0e306d3b433:segment:011,11,18450.0,17330,activities/108_260801060832.csv,1,1,0,0
fit:80de1342a3e9944829ab101957c8eddffd3d18cb805507bed707b0e306d3b433,2026-08-01T09:16:03+00:00,2004,197,172,79,5.561,214.79999999999995,36,fit:80de1342a3e9944829ab101957c8eddffd3d18cb805507bed707b0e306d3b433:segment:011,11,18451.0,17331,activities/108_260801060832.csv,1,1,0,0
fit:80de1342a3e9944829ab101957c8eddffd3d18cb805507bed707b0e306d3b433,2026-08-01T09:16:04+00:00,2005,197,172,79,5.549,214.79999999999995,36,fit:80de1342a3e9944829ab101957c8eddffd3d18cb805507bed707b0e306d3b433:segment:011,11,18452.0,17332,activities/108_260801060832.csv,1,1,0,0
fit:80de1342a3e9944829ab101957c8eddffd3d18cb805507bed707b0e306d3b433,2026-08-01T09:16:05+00:00,2006,209,173,79,5.441,214.79999999999995,36,fit:80de1342a3e9944829ab101957c8eddffd3d18cb805507bed707b0e306d3b433:segment:011,11,18453.0,17333,activities/108_260801060832.csv,1,1,0,0
fit:80de1342a3e9944829ab101957c8eddffd3d18cb805507bed707b0e306d3b433,2026-08-01T09:16:06+00:00,2007,160,173,81,5.38,215.39999999999998,36,fit:80de1342a3e9944829ab101957c8eddffd3d18cb805507bed707b0e306d3b433:segment:011,11,18454.0,17334,activities/108_260801060832.csv,1,1,0,0
fit:80de1342a3e9944829ab101957c8eddffd3d18cb805507bed707b0e306d3b433,2026-08-01T09:16:07+00:00,2008,178,173,81,5.503,215.60000000000002,36,fit:80de1342a3e9944829ab101957c8eddffd3d18cb805507bed707b0e306d3b433:segment:011,11,18455.0,17335,activities/108_260801060832.csv,1,1,0,0
fit:80de1342a3e9944829ab101957c8eddffd3d18cb805507bed707b0e306d3b433,2026-08-01T09:16:08+00:00,2009,143,173,83,5.674,215.60000000000002,36,fit:80de1342a3e9944829ab101957c8eddffd3d18cb805507bed707b0e306d3b433:segment:011,11,18456.0,17336,activities/108_260801060832.csv,1,1,0,0
fit:80de1342a3e9944829ab101957c8eddffd3d18cb805507bed707b0e306d3b433,2026-08-01T09:16:09+00:00,2010,154,173,82,5.572,215.60000000000002,36,fit:80de1342a3e9944829ab101957c8eddffd3d18cb805507bed707b0e306d3b433:segment:011,11,18457.0,17337,activities/108_260801060832.csv,1,1,0,0
fit:80de1342a3e9944829ab101957c8eddffd3d18cb805507bed707b0e306d3b433,2026-08-01T09:16:10+00:00,2011,142,174,81,5.43,215.60000000000002,36,fit:80de1342a3e9944829ab101957c8eddffd3d18cb805507bed707b0e306d3b433:segment:011,11,18458.0,17338,activities/108_260801060832.csv,1,1,0,0
fit:80de1342a3e9944829ab101957c8eddffd3d18cb805507bed707b0e306d3b433,2026-08-01T09:16:11+00:00,2012,134,174,80,5.349,216.20000000000005,36,fit:80de1342a3e9944829ab101957c8eddffd3d18cb805507bed707b0e306d3b433:segment:011,11,18459.0,17339,activities/108_260801060832.csv,1,1,0,0
fit:80de1342a3e9944829ab101957c8eddffd3d18cb805507bed707b0e306d3b433,2026-08-01T09:16:12+00:00,2013,153,174,79,5.2,216.20000000000005,36,fit:80de1342a3e9944829ab101957c8eddffd3d18cb805507bed707b0e306d3b433:segment:011,11,18460.0,17340,activities/108_260801060832.csv,1,1,0,0
fit:80de1342a3e9944829ab101957c8eddffd3d18cb805507bed707b0e306d3b433,2026-08-01T09:16:13+00:00,2014,153,174,78,5.185,216.20000000000005,36,fit:80de1342a3e9944829ab101957c8eddffd3d18cb805507bed707b0e306d3b433:segment:011,11,18461.0,17341,activities/108_260801060832.csv,1,1,0,0
fit:80de1342a3e9944829ab101957c8eddffd3d18cb805507bed707b0e306d3b433,2026-08-01T09:16:14+00:00,2015,183,174,76,5.179,216.20000000000005,36,fit:80de1342a3e9944829ab101957c8eddffd3d18cb805507bed707b0e306d3b433:segment:011,11,18462.0,17342,activities/108_260801060832.csv,1,1,0,0
fit:80de1342a3e9944829ab101957c8eddffd3d18cb805507bed707b0e306d3b433,2026-08-01T09:16:15+00:00,2016,159,174,75,5.154,216.60000000000002,36,fit:80de1342a3e9944829ab101957c8eddffd3d18cb805507bed707b0e306d3b433:segment:011,11,18463.0,17343,activities/108_260801060832.csv,1,1,0,0
fit:80de1342a3e9944829ab101957c8eddffd3d18cb805507bed707b0e306d3b433,2026-08-01T09:16:16+00:00,2017,188,174,75,5.12,216.60000000000002,36,fit:80de1342a3e9944829ab101957c8eddffd3d18cb805507bed707b0e306d3b433:segment:011,11,18464.0,17344,activities/108_260801060832.csv,1,1,0,0
fit:80de1342a3e9944829ab101957c8eddffd3d18cb805507bed707b0e306d3b433,2026-08-01T09:16:17+00:00,2018,231,174,73,5.095,216.60000000000002,36,fit:80de1342a3e9944829ab101957c8eddffd3d18cb805507bed707b0e306d3b433:segment:011,11,18465.0,17345,activities/108_260801060832.csv,1,1,0,0
fit:80de1342a3e9944829ab101957c8eddffd3d18cb805507bed707b0e306d3b433,2026-08-01T09:16:18+00:00,2019,231,174,73,5.13,216.60000000000002,36,fit:80de1342a3e9944829ab101957c8eddffd3d18cb805507bed707b0e306d3b433:segment:011,11,18466.0,17346,activities/108_260801060832.csv,1,1,0,0
fit:80de1342a3e9944829ab101957c8eddffd3d18cb805507bed707b0e306d3b433,2026-08-01T09:16:19+00:00,2020,274,174,73,5.074,217.20000000000005,36,fit:80de1342a3e9944829ab101957c8eddffd3d18cb805507bed707b0e306d3b433:segment:011,11,18467.0,17347,activities/108_260801060832.csv,1,1,0,0
fit:80de1342a3e9944829ab101957c8eddffd3d18cb805507bed707b0e306d3b433,2026-08-01T09:16:20+00:00,2021,261,174,74,5.084,217.20000000000005,36,fit:80de1342a3e9944829ab101957c8eddffd3d18cb805507bed707b0e306d3b433:segment:011,11,18468.0,17348,activities/108_260801060832.csv,1,1,0,0
fit:80de1342a3e9944829ab101957c8eddffd3d18cb805507bed707b0e306d3b433,2026-08-01T09:16:21+00:00,2022,235,174,74,5.094,217.20000000000005,36,fit:80de1342a3e9944829ab101957c8eddffd3d18cb805507bed707b0e306d3b433:segment:011,11,18469.0,17349,activities/108_260801060832.csv,1,1,0,0
fit:80de1342a3e9944829ab101957c8eddffd3d18cb805507bed707b0e306d3b433,2026-08-01T09:16:22+00:00,2023,259,174,73,5.069,217.60000000000002,36,fit:80de1342a3e9944829ab101957c8eddffd3d18cb805507bed707b0e306d3b433:segment:011,11,18470.0,17350,activities/108_260801060832.csv,1,1,0,0
fit:80de1342a3e9944829ab101957c8eddffd3d18cb805507bed707b0e306d3b433,2026-08-01T09:16:23+00:00,2024,259,175,72,5.005,218.20000000000005,36,fit:80de1342a3e9944829ab101957c8eddffd3d18cb805507bed707b0e306d3b433:segment:011,11,18471.0,17351,activities/108_260801060832.csv,1,1,0,0
fit:80de1342a3e9944829ab101957c8eddffd3d18cb805507bed707b0e306d3b433,2026-08-01T09:16:24+00:00,2025,243,174,70,4.824,218.20000000000005,36,fit:80de1342a3e9944829ab101957c8eddffd3d18cb805507bed707b0e306d3b433:segment:011,11,18472.0,17352,activities/108_260801060832.csv,1,1,0,0
fit:80de1342a3e9944829ab101957c8eddffd3d18cb805507bed707b0e306d3b433,2026-08-01T09:16:25+00:00,2026,229,175,73,4.578,218.20000000000005,36,fit:80de1342a3e9944829ab101957c8eddffd3d18cb805507bed707b0e306d3b433:segment:011,11,18473.0,17353,activities/108_260801060832.csv,1,1,0,0
fit:80de1342a3e9944829ab101957c8eddffd3d18cb805507bed707b0e306d3b433,2026-08-01T09:16:26+00:00,2027,276,174,71,4.382,219.20000000000005,36,fit:80de1342a3e9944829ab101957c8eddffd3d18cb805507bed707b0e306d3b433:segment:011,11,18474.0,17354,activities/108_260801060832.csv,1,1,0,0
fit:80de1342a3e9944829ab101957c8eddffd3d18cb805507bed707b0e306d3b433,2026-08-01T09:16:27+00:00,2028,260,174,71,4.293,220.0,36,fit:80de1342a3e9944829ab101957c8eddffd3d18cb805507bed707b0e306d3b433:segment:011,11,18475.0,17355,activities/108_260801060832.csv,1,1,0,0
fit:80de1342a3e9944829ab101957c8eddffd3d18cb805507bed707b0e306d3b433,2026-08-01T09:16:28+00:00,2029,272,173,70,4.268,220.0,36,fit:80de1342a3e9944829ab101957c8eddffd3d18cb805507bed707b0e306d3b433:segment:011,11,18476.0,17356,activities/108_260801060832.csv,1,1,0,0
fit:80de1342a3e9944829ab101957c8eddffd3d18cb805507bed707b0e306d3b433,2026-08-01T09:16:29+00:00,2030,284,173,68,4.114,220.0,36,fit:80de1342a3e9944829ab101957c8eddffd3d18cb805507bed707b0e306d3b433:segment:011,11,18477.0,17357,activities/108_260801060832.csv,1,1,0,0
fit:80de1342a3e9944829ab101957c8eddffd3d18cb805507bed707b0e306d3b433,2026-08-01T09:16:30+00:00,2031,285,173,63,3.962,220.0,36,fit:80de1342a3e9944829ab101957c8eddffd3d18cb805507bed707b0e306d3b433:segment:011,11,18478.0,17358,activities/108_260801060832.csv,1,1,0,0
fit:80de1342a3e9944829ab101957c8eddffd3d18cb805507bed707b0e306d3b433,2026-08-01T09:16:31+00:00,2032,300,173,63,3.842,221.79999999999995,36,fit:80de1342a3e9944829ab101957c8eddffd3d18cb805507bed707b0e306d3b433:segment:011,11,18479.0,17359,activities/108_260801060832.csv,1,1,0,0
fit:80de1342a3e9944829ab101957c8eddffd3d18cb805507bed707b0e306d3b433,2026-08-01T09:16:32+00:00,2033,310,172,61,3.825,221.79999999999995,36,fit:80de1342a3e9944829ab101957c8eddffd3d18cb805507bed707b0e306d3b433:segment:011,11,18480.0,17360,activities/108_260801060832.csv,1,1,0,0
fit:80de1342a3e9944829ab101957c8eddffd3d18cb805507bed707b0e306d3b433,2026-08-01T09:16:33+00:00,2034,296,172,59,3.359,221.79999999999995,36,fit:80de1342a3e9944829ab101957c8eddffd3d18cb805507bed707b0e306d3b433:segment:011,11,18481.0,17361,activities/108_260801060832.csv,1,1,0,0
fit:80de1342a3e9944829ab101957c8eddffd3d18cb805507bed707b0e306d3b433,2026-08-01T09:16:34+00:00,2035,297,171,58,3.44,221.79999999999995,36,fit:80de1342a3e9944829ab101957c8eddffd3d18cb805507bed707b0e306d3b433:segment:011,11,18482.0,17362,activities/108_260801060832.csv,1,1,0,0
fit:80de1342a3e9944829ab101957c8eddffd3d18cb805507bed707b0e306d3b433,2026-08-01T09:16:35+00:00,2036,381,171,60,3.581,222.39999999999998,36,fit:80de1342a3e9944829ab101957c8eddffd3d18cb805507bed707b0e306d3b433:segment:011,11,18483.0,17363,activities/108_260801060832.csv,1,1,0,0
fit:80de1342a3e9944829ab101957c8eddffd3d18cb805507bed707b0e306d3b433,2026-08-01T09:16:36+00:00,2037,408,171,60,3.466,222.39999999999998,36,fit:80de1342a3e9944829ab101957c8eddffd3d18cb805507bed707b0e306d3b433:segment:011,11,18484.0,17364,activities/108_260801060832.csv,1,1,0,0
fit:80de1342a3e9944829ab101957c8eddffd3d18cb805507bed707b0e306d3b433,2026-08-01T09:16:37+00:00,2038,417,171,66,3.828,222.39999999999998,36,fit:80de1342a3e9944829ab101957c8eddffd3d18cb805507bed707b0e306d3b433:segment:011,11,18485.0,17365,activities/108_260801060832.csv,1,1,0,0
fit:80de1342a3e9944829ab101957c8eddffd3d18cb805507bed707b0e306d3b433,2026-08-01T09:16:38+00:00,2039,355,171,69,3.939,222.39999999999998,36,fit:80de1342a3e9944829ab101957c8eddffd3d18cb805507bed707b0e306d3b433:segment:011,11,18486.0,17366,activities/108_260801060832.csv,1,1,0,0
fit:80de1342a3e9944829ab101957c8eddffd3d18cb805507bed707b0e306d3b433,2026-08-01T09:16:39+00:00,2040,355,171,68,3.572,223.60000000000002,36,fit:80de1342a3e9944829ab101957c8eddffd3d18cb805507bed707b0e306d3b433:segment:011,11,18487.0,17367,activities/108_260801060832.csv,1,1,0,0
fit:80de1342a3e9944829ab101957c8eddffd3d18cb805507bed707b0e306d3b433,2026-08-01T09:16:40+00:00,2041,347,171,67,3.672,223.60000000000002,36,fit:80de1342a3e9944829ab101957c8eddffd3d18cb805507bed707b0e306d3b433:segment:011,11,18488.0,17368,activities/108_260801060832.csv,1,1,0,0
fit:80de1342a3e9944829ab101957c8eddffd3d18cb805507bed707b0e306d3b433,2026-08-01T09:16:41+00:00,2042,329,172,66,3.841,223.60000000000002,36,fit:80de1342a3e9944829ab101957c8eddffd3d18cb805507bed707b0e306d3b433:segment:011,11,18489.0,17369,activities/108_260801060832.csv,1,1,0,0
fit:80de1342a3e9944829ab101957c8eddffd3d18cb805507bed707b0e306d3b433,2026-08-01T09:16:42+00:00,2043,348,173,65,3.977,224.60000000000002,36,fit:80de1342a3e9944829ab101957c8eddffd3d18cb805507bed707b0e306d3b433:segment:011,11,18490.0,17370,activities/108_260801060832.csv,1,1,0,0
fit:80de1342a3e9944829ab101957c8eddffd3d18cb805507bed707b0e306d3b433,2026-08-01T09:16:43+00:00,2044,361,173,64,4.115,224.79999999999995,36,fit:80de1342a3e9944829ab101957c8eddffd3d18cb805507bed707b0e306d3b433:segment:011,11,18491.0,17371,activities/108_260801060832.csv,1,1,0,0
fit:80de1342a3e9944829ab101957c8eddffd3d18cb805507bed707b0e306d3b433,2026-08-01T09:16:44+00:00,2045,362,173,62,3.682,224.79999999999995,36,fit:80de1342a3e9944829ab101957c8eddffd3d18cb805507bed707b0e306d3b433:segment:011,11,18492.0,17372,activities/108_260801060832.csv,1,1,0,0
fit:80de1342a3e9944829ab101957c8eddffd3d18cb805507bed707b0e306d3b433,2026-08-01T09:16:45+00:00,2046,344,174,62,3.577,224.79999999999995,36,fit:80de1342a3e9944829ab101957c8eddffd3d18cb805507bed707b0e306d3b433:segment:011,11,18493.0,17373,activities/108_260801060832.csv,1,1,0,0
fit:80de1342a3e9944829ab101957c8eddffd3d18cb805507bed707b0e306d3b433,2026-08-01T09:16:46+00:00,2047,335,175,62,3.473,225.79999999999995,36,fit:80de1342a3e9944829ab101957c8eddffd3d18cb805507bed707b0e306d3b433:segment:011,11,18494.0,17374,activities/108_260801060832.csv,1,1,0,0
fit:80de1342a3e9944829ab101957c8eddffd3d18cb805507bed707b0e306d3b433,2026-08-01T09:16:47+00:00,2048,381,176,62,3.404,226.0,36,fit:80de1342a3e9944829ab101957c8eddffd3d18cb805507bed707b0e306d3b433:segment:011,11,18495.0,17375,activities/108_260801060832.csv,1,1,0,0
fit:80de1342a3e9944829ab101957c8eddffd3d18cb805507bed707b0e306d3b433,2026-08-01T09:16:48+00:00,2049,381,176,62,3.634,226.0,36,fit:80de1342a3e9944829ab101957c8eddffd3d18cb805507bed707b0e306d3b433:segment:011,11,18496.0,17376,activities/108_260801060832.csv,1,1,0,0
fit:80de1342a3e9944829ab101957c8eddffd3d18cb805507bed707b0e306d3b433,2026-08-01T09:16:49+00:00,2050,371,177,61,3.712,226.0,36,fit:80de1342a3e9944829ab101957c8eddffd3d18cb805507bed707b0e306d3b433:segment:011,11,18497.0,17377,activities/108_260801060832.csv,1,1,0,0
fit:80de1342a3e9944829ab101957c8eddffd3d18cb805507bed707b0e306d3b433,2026-08-01T09:16:50+00:00,2051,304,177,61,3.732,227.0,36,fit:80de1342a3e9944829ab101957c8eddffd3d18cb805507bed707b0e306d3b433:segment:011,11,18498.0,17378,activities/108_260801060832.csv,1,1,0,0
fit:80de1342a3e9944829ab101957c8eddffd3d18cb805507bed707b0e306d3b433,2026-08-01T09:16:51+00:00,2052,321,178,57,3.553,229.60000000000002,36,fit:80de1342a3e9944829ab101957c8eddffd3d18cb805507bed707b0e306d3b433:segment:011,11,18499.0,17379,activities/108_260801060832.csv,1,1,0,0
fit:80de1342a3e9944829ab101957c8eddffd3d18cb805507bed707b0e306d3b433,2026-08-01T09:16:52+00:00,2053,294,178,57,3.548,229.60000000000002,36,fit:80de1342a3e9944829ab101957c8eddffd3d18cb805507bed707b0e306d3b433:segment:011,11,18500.0,17380,activities/108_260801060832.csv,1,1,0,0
fit:80de1342a3e9944829ab101957c8eddffd3d18cb805507bed707b0e306d3b433,2026-08-01T09:16:53+00:00,2054,272,179,57,3.491,229.60000000000002,36,fit:80de1342a3e9944829ab101957c8eddffd3d18cb805507bed707b0e306d3b433:segment:011,11,18501.0,17381,activities/108_260801060832.csv,1,1,0,0
fit:80de1342a3e9944829ab101957c8eddffd3d18cb805507bed707b0e306d3b433,2026-08-01T09:16:54+00:00,2055,272,179,56,3.405,229.60000000000002,36,fit:80de1342a3e9944829ab101957c8eddffd3d18cb805507bed707b0e306d3b433:segment:011,11,18502.0,17382,activities/108_260801060832.csv,1,1,0,0
fit:80de1342a3e9944829ab101957c8eddffd3d18cb805507bed707b0e306d3b433,2026-08-01T09:16:55+00:00,2056,302,179,55,3.43,229.39999999999998,36,fit:80de1342a3e9944829ab101957c8eddffd3d18cb805507bed707b0e306d3b433:segment:011,11,18503.0,17383,activities/108_260801060832.csv,1,1,0,0
fit:80de1342a3e9944829ab101957c8eddffd3d18cb805507bed707b0e306d3b433,2026-08-01T09:16:56+00:00,2057,327,179,53,3.356,229.39999999999998,36,fit:80de1342a3e9944829ab101957c8eddffd3d18cb805507bed707b0e306d3b433:segment:011,11,18504.0,17384,activities/108_260801060832.csv,1,1,0,0
fit:80de1342a3e9944829ab101957c8eddffd3d18cb805507bed707b0e306d3b433,2026-08-01T09:16:57+00:00,2058,342,179,54,3.445,229.39999999999998,36,fit:80de1342a3e9944829ab101957c8eddffd3d18cb805507bed707b0e306d3b433:segment:011,11,18505.0,17385,activities/108_260801060832.csv,1,1,0,0
fit:80de1342a3e9944829ab101957c8eddffd3d18cb805507bed707b0e306d3b433,2026-08-01T09:16:58+00:00,2059,366,179,56,3.52,230.39999999999998,36,fit:80de1342a3e9944829ab101957c8eddffd3d18cb805507bed707b0e306d3b433:segment:011,11,18506.0,17386,activities/108_260801060832.csv,1,1,0,0
fit:80de1342a3e9944829ab101957c8eddffd3d18cb805507bed707b0e306d3b433,2026-08-01T09:16:59+00:00,2060,337,179,60,3.46,230.79999999999995,36,fit:80de1342a3e9944829ab101957c8eddffd3d18cb805507bed707b0e306d3b433:segment:011,11,18507.0,17387,activities/108_260801060832.csv,1,1,0,0
fit:80de1342a3e9944829ab101957c8eddffd3d18cb805507bed707b0e306d3b433,2026-08-01T09:17:00+00:00,2061,338,179,62,3.61,230.79999999999995,36,fit:80de1342a3e9944829ab101957c8eddffd3d18cb805507bed707b0e306d3b433:segment:011,11,18508.0,17388,activities/108_260801060832.csv,1,1,0,0
fit:80de1342a3e9944829ab101957c8eddffd3d18cb805507bed707b0e306d3b433,2026-08-01T09:17:01+00:00,2062,367,179,62,3.696,230.79999999999995,36,fit:80de1342a3e9944829ab101957c8eddffd3d18cb805507bed707b0e306d3b433:segment:011,11,18509.0,17389,activities/108_260801060832.csv,1,1,0,0
fit:80de1342a3e9944829ab101957c8eddffd3d18cb805507bed707b0e306d3b433,2026-08-01T09:17:02+00:00,2063,321,179,60,3.862,231.79999999999995,36,fit:80de1342a3e9944829ab101957c8eddffd3d18cb805507bed707b0e306d3b433:segment:011,11,18510.0,17390,activities/108_260801060832.csv,1,1,0,0
fit:80de1342a3e9944829ab101957c8eddffd3d18cb805507bed707b0e306d3b433,2026-08-01T09:17:03+00:00,2064,264,179,60,3.993,204.20000000000005,36,fit:80de1342a3e9944829ab101957c8eddffd3d18cb805507bed707b0e306d3b433:segment:011,11,18511.0,17391,activities/108_260801060832.csv,1,1,0,0
fit:80de1342a3e9944829ab101957c8eddffd3d18cb805507bed707b0e306d3b433,2026-08-01T09:17:04+00:00,2065,264,179,60,3.81,204.20000000000005,36,fit:80de1342a3e9944829ab101957c8eddffd3d18cb805507bed707b0e306d3b433:segment:011,11,18512.0,17392,activities/108_260801060832.csv,1,1,0,0
fit:80de1342a3e9944829ab101957c8eddffd3d18cb805507bed707b0e306d3b433,2026-08-01T09:17:05+00:00,2066,323,179,60,3.706,204.20000000000005,36,fit:80de1342a3e9944829ab101957c8eddffd3d18cb805507bed707b0e306d3b433:segment:011,11,18513.0,17393,activities/108_260801060832.csv,1,1,0,0
fit:80de1342a3e9944829ab101957c8eddffd3d18cb805507bed707b0e306d3b433,2026-08-01T09:17:06+00:00,2067,315,179,60,3.77,205.20000000000005,36,fit:80de1342a3e9944829ab101957c8eddffd3d18cb805507bed707b0e306d3b433:segment:011,11,18514.0,17394,activities/108_260801060832.csv,1,1,0,0
fit:80de1342a3e9944829ab101957c8eddffd3d18cb805507bed707b0e306d3b433,2026-08-01T09:17:07+00:00,2068,320,180,60,3.825,232.20000000000005,36,fit:80de1342a3e9944829ab101957c8eddffd3d18cb805507bed707b0e306d3b433:segment:011,11,18515.0,17395,activities/108_260801060832.csv,1,1,0,0
fit:80de1342a3e9944829ab101957c8eddffd3d18cb805507bed707b0e306d3b433,2026-08-01T09:17:08+00:00,2069,300,180,62,3.911,232.20000000000005,36,fit:80de1342a3e9944829ab101957c8eddffd3d18cb805507bed707b0e306d3b433:segment:011,11,18516.0,17396,activities/108_260801060832.csv,1,1,0,0
fit:80de1342a3e9944829ab101957c8eddffd3d18cb805507bed707b0e306d3b433,2026-08-01T09:17:09+00:00,2070,300,180,63,3.773,232.20000000000005,36,fit:80de1342a3e9944829ab101957c8eddffd3d18cb805507bed707b0e306d3b433:segment:011,11,18517.0,17397,activities/108_260801060832.csv,1,1,0,0
fit:80de1342a3e9944829ab101957c8eddffd3d18cb805507bed707b0e306d3b433,2026-08-01T09:17:10+00:00,2071,323,180,63,3.78,233.20000000000005,36,fit:80de1342a3e9944829ab101957c8eddffd3d18cb805507bed707b0e306d3b433:segment:011,11,18518.0,17398,activities/108_260801060832.csv,1,1,0,0
fit:80de1342a3e9944829ab101957c8eddffd3d18cb805507bed707b0e306d3b433,2026-08-01T09:17:11+00:00,2072,406,180,62,3.805,234.20000000000005,36,fit:80de1342a3e9944829ab101957c8eddffd3d18cb805507bed707b0e306d3b433:segment:011,11,18519.0,17399,activities/108_260801060832.csv,1,1,0,0
fit:80de1342a3e9944829ab101957c8eddffd3d18cb805507bed707b0e306d3b433,2026-08-01T09:17:12+00:00,2073,329,180,61,3.806,234.20000000000005,36,fit:80de1342a3e9944829ab101957c8eddffd3d18cb805507bed707b0e306d3b433:segment:011,11,18520.0,17400,activities/108_260801060832.csv,1,1,0,0
fit:80de1342a3e9944829ab101957c8eddffd3d18cb805507bed707b0e306d3b433,2026-08-01T09:17:13+00:00,2074,353,180,64,3.819,234.20000000000005,36,fit:80de1342a3e9944829ab101957c8eddffd3d18cb805507bed707b0e306d3b433:segment:011,11,18521.0,17401,activities/108_260801060832.csv,1,1,0,0
fit:80de1342a3e9944829ab101957c8eddffd3d18cb805507bed707b0e306d3b433,2026-08-01T09:17:14+00:00,2075,353,180,67,3.874,235.20000000000005,36,fit:80de1342a3e9944829ab101957c8eddffd3d18cb805507bed707b0e306d3b433:segment:011,11,18522.0,17402,activities/108_260801060832.csv,1,1,0,0
fit:80de1342a3e9944829ab101957c8eddffd3d18cb805507bed707b0e306d3b433,2026-08-01T09:17:15+00:00,2076,307,181,67,3.693,236.20000000000005,36,fit:80de1342a3e9944829ab101957c8eddffd3d18cb805507bed707b0e306d3b433:segment:011,11,18523.0,17403,activities/108_260801060832.csv,1,1,0,0
fit:80de1342a3e9944829ab101957c8eddffd3d18cb805507bed707b0e306d3b433,2026-08-01T09:17:16+00:00,2077,323,181,67,3.562,236.20000000000005,36,fit:80de1342a3e9944829ab101957c8eddffd3d18cb805507bed707b0e306d3b433:segment:011,11,18524.0,17404,activities/108_260801060832.csv,1,1,0,0
fit:80de1342a3e9944829ab101957c8eddffd3d18cb805507bed707b0e306d3b433,2026-08-01T09:17:17+00:00,2078,340,182,67,3.488,236.20000000000005,36,fit:80de1342a3e9944829ab101957c8eddffd3d18cb805507bed707b0e306d3b433:segment:011,11,18525.0,17405,activities/108_260801060832.csv,1,1,0,0
fit:80de1342a3e9944829ab101957c8eddffd3d18cb805507bed707b0e306d3b433,2026-08-01T09:17:18+00:00,2079,307,182,67,3.555,237.20000000000005,36,fit:80de1342a3e9944829ab101957c8eddffd3d18cb805507bed707b0e306d3b433:segment:011,11,18526.0,17406,activities/108_260801060832.csv,1,1,0,0
fit:80de1342a3e9944829ab101957c8eddffd3d18cb805507bed707b0e306d3b433,2026-08-01T09:17:19+00:00,2080,308,182,67,3.615,236.79999999999995,36,fit:80de1342a3e9944829ab101957c8eddffd3d18cb805507bed707b0e306d3b433:segment:011,11,18527.0,17407,activities/108_260801060832.csv,1,1,0,0
fit:80de1342a3e9944829ab101957c8eddffd3d18cb805507bed707b0e306d3b433,2026-08-01T09:17:20+00:00,2081,352,183,68,3.527,236.79999999999995,36,fit:80de1342a3e9944829ab101957c8eddffd3d18cb805507bed707b0e306d3b433:segment:011,11,18528.0,17408,activities/108_260801060832.csv,1,1,0,0
fit:80de1342a3e9944829ab101957c8eddffd3d18cb805507bed707b0e306d3b433,2026-08-01T09:17:21+00:00,2082,333,183,69,3.459,236.79999999999995,36,fit:80de1342a3e9944829ab101957c8eddffd3d18cb805507bed707b0e306d3b433:segment:011,11,18529.0,17409,activities/108_260801060832.csv,1,1,0,0
fit:80de1342a3e9944829ab101957c8eddffd3d18cb805507bed707b0e306d3b433,2026-08-01T09:17:22+00:00,2083,332,183,69,3.567,237.79999999999995,36,fit:80de1342a3e9944829ab101957c8eddffd3d18cb805507bed707b0e306d3b433:segment:011,11,18530.0,17410,activities/108_260801060832.csv,1,1,0,0
fit:80de1342a3e9944829ab101957c8eddffd3d18cb805507bed707b0e306d3b433,2026-08-01T09:17:23+00:00,2084,366,184,69,3.522,238.20000000000005,36,fit:80de1342a3e9944829ab101957c8eddffd3d18cb805507bed707b0e306d3b433:segment:011,11,18531.0,17411,activities/108_260801060832.csv,1,1,0,0
fit:80de1342a3e9944829ab101957c8eddffd3d18cb805507bed707b0e306d3b433,2026-08-01T09:17:24+00:00,2085,352,184,70,3.739,238.20000000000005,36,fit:80de1342a3e9944829ab101957c8eddffd3d18cb805507bed707b0e306d3b433:segment:011,11,18532.0,17412,activities/108_260801060832.csv,1,1,0,0
fit:80de1342a3e9944829ab101957c8eddffd3d18cb805507bed707b0e306d3b433,2026-08-01T09:17:25+00:00,2086,353,185,70,3.999,238.20000000000005,36,fit:80de1342a3e9944829ab101957c8eddffd3d18cb805507bed707b0e306d3b433:segment:011,11,18533.0,17413,activities/108_260801060832.csv,1,1,0,0
fit:80de1342a3e9944829ab101957c8eddffd3d18cb805507bed707b0e306d3b433,2026-08-01T09:17:26+00:00,2087,322,185,71,3.89,238.20000000000005,36,fit:80de1342a3e9944829ab101957c8eddffd3d18cb805507bed707b0e306d3b433:segment:011,11,18534.0,17414,activities/108_260801060832.csv,1,1,0,0
fit:80de1342a3e9944829ab101957c8eddffd3d18cb805507bed707b0e306d3b433,2026-08-01T09:17:27+00:00,2088,298,186,71,4.263,239.39999999999998,36,fit:80de1342a3e9944829ab101957c8eddffd3d18cb805507bed707b0e306d3b433:segment:011,11,18535.0,17415,activities/108_260801060832.csv,1,1,0,0
fit:80de1342a3e9944829ab101957c8eddffd3d18cb805507bed707b0e306d3b433,2026-08-01T09:17:28+00:00,2089,118,186,70,3.895,239.39999999999998,36,fit:80de1342a3e9944829ab101957c8eddffd3d18cb805507bed707b0e306d3b433:segment:011,11,18536.0,17416,activities/108_260801060832.csv,1,1,0,0
fit:80de1342a3e9944829ab101957c8eddffd3d18cb805507bed707b0e306d3b433,2026-08-01T09:17:29+00:00,2090,355,186,57,3.755,239.39999999999998,36,fit:80de1342a3e9944829ab101957c8eddffd3d18cb805507bed707b0e306d3b433:segment:011,11,18537.0,17417,activities/108_260801060832.csv,1,1,0,0
fit:80de1342a3e9944829ab101957c8eddffd3d18cb805507bed707b0e306d3b433,2026-08-01T09:17:30+00:00,2091,231,186,63,3.787,240.20000000000005,36,fit:80de1342a3e9944829ab101957c8eddffd3d18cb805507bed707b0e306d3b433:segment:011,11,18538.0,17418,activities/108_260801060832.csv,1,1,0,0
fit:80de1342a3e9944829ab101957c8eddffd3d18cb805507bed707b0e306d3b433,2026-08-01T09:17:31+00:00,2092,211,186,63,3.878,240.60000000000002,36,fit:80de1342a3e9944829ab101957c8eddffd3d18cb805507bed707b0e306d3b433:segment:011,11,18539.0,17419,activities/108_260801060832.csv,1,1,0,0
fit:80de1342a3e9944829ab101957c8eddffd3d18cb805507bed707b0e306d3b433,2026-08-01T09:17:32+00:00,2093,179,186,62,4.075,240.60000000000002,36,fit:80de1342a3e9944829ab101957c8eddffd3d18cb805507bed707b0e306d3b433:segment:011,11,18540.0,17420,activities/108_260801060832.csv,1,1,0,0
fit:80de1342a3e9944829ab101957c8eddffd3d18cb805507bed707b0e306d3b433,2026-08-01T09:17:33+00:00,2094,198,186,61,3.963,240.60000000000002,36,fit:80de1342a3e9944829ab101957c8eddffd3d18cb805507bed707b0e306d3b433:segment:011,11,18541.0,17421,activities/108_260801060832.csv,1,1,0,0
fit:80de1342a3e9944829ab101957c8eddffd3d18cb805507bed707b0e306d3b433,2026-08-01T09:17:34+00:00,2095,152,186,60,3.877,240.60000000000002,36,fit:80de1342a3e9944829ab101957c8eddffd3d18cb805507bed707b0e306d3b433:segment:011,11,18542.0,17422,activities/108_260801060832.csv,1,1,0,0
fit:80de1342a3e9944829ab101957c8eddffd3d18cb805507bed707b0e306d3b433,2026-08-01T09:17:35+00:00,2096,182,186,60,3.782,241.60000000000002,36,fit:80de1342a3e9944829ab101957c8eddffd3d18cb805507bed707b0e306d3b433:segment:011,11,18543.0,17423,activities/108_260801060832.csv,1,1,0,0
fit:80de1342a3e9944829ab101957c8eddffd3d18cb805507bed707b0e306d3b433,2026-08-01T09:17:36+00:00,2097,205,186,61,3.755,241.60000000000002,36,fit:80de1342a3e9944829ab101957c8eddffd3d18cb805507bed707b0e306d3b433:segment:011,11,18544.0,17424,activities/108_260801060832.csv,1,1,0,0
fit:80de1342a3e9944829ab101957c8eddffd3d18cb805507bed707b0e306d3b433,2026-08-01T09:17:37+00:00,2098,173,185,61,3.821,241.60000000000002,36,fit:80de1342a3e9944829ab101957c8eddffd3d18cb805507bed707b0e306d3b433:segment:011,11,18545.0,17425,activities/108_260801060832.csv,1,1,0,0
fit:80de1342a3e9944829ab101957c8eddffd3d18cb805507bed707b0e306d3b433,2026-08-01T09:17:38+00:00,2099,112,185,64,3.971,241.60000000000002,36,fit:80de1342a3e9944829ab101957c8eddffd3d18cb805507bed707b0e306d3b433:segment:011,11,18546.0,17426,activities/108_260801060832.csv,1,1,0,0
fit:80de1342a3e9944829ab101957c8eddffd3d18cb805507bed707b0e306d3b433,2026-08-01T09:17:39+00:00,2100,153,185,68,4.151,241.79999999999995,36,fit:80de1342a3e9944829ab101957c8eddffd3d18cb805507bed707b0e306d3b433:segment:011,11,18547.0,17427,activities/108_260801060832.csv,1,1,0,0
fit:80de1342a3e9944829ab101957c8eddffd3d18cb805507bed707b0e306d3b433,2026-08-01T09:17:40+00:00,2101,153,184,69,4.236,241.79999999999995,36,fit:80de1342a3e9944829ab101957c8eddffd3d18cb805507bed707b0e306d3b433:segment:011,11,18548.0,17428,activities/108_260801060832.csv,1,1,0,0
fit:80de1342a3e9944829ab101957c8eddffd3d18cb805507bed707b0e306d3b433,2026-08-01T09:17:41+00:00,2102,81,183,70,4.322,241.79999999999995,36,fit:80de1342a3e9944829ab101957c8eddffd3d18cb805507bed707b0e306d3b433:segment:011,11,18549.0,17429,activities/108_260801060832.csv,1,1,0,0
fit:80de1342a3e9944829ab101957c8eddffd3d18cb805507bed707b0e306d3b433,2026-08-01T09:17:42+00:00,2103,62,183,70,4.318,241.79999999999995,36,fit:80de1342a3e9944829ab101957c8eddffd3d18cb805507bed707b0e306d3b433:segment:011,11,18550.0,17430,activities/108_260801060832.csv,1,1,0,0
fit:80de1342a3e9944829ab101957c8eddffd3d18cb805507bed707b0e306d3b433,2026-08-01T09:17:43+00:00,2104,53,184,69,4.27,242.39999999999998,36,fit:80de1342a3e9944829ab101957c8eddffd3d18cb805507bed707b0e306d3b433:segment:011,11,18551.0,17431,activities/108_260801060832.csv,1,1,0,0
fit:80de1342a3e9944829ab101957c8eddffd3d18cb805507bed707b0e306d3b433,2026-08-01T09:17:44+00:00,2105,87,184,70,4.285,242.39999999999998,36,fit:80de1342a3e9944829ab101957c8eddffd3d18cb805507bed707b0e306d3b433:segment:011,11,18552.0,17432,activities/108_260801060832.csv,1,1,0,0
fit:80de1342a3e9944829ab101957c8eddffd3d18cb805507bed707b0e306d3b433,2026-08-01T09:17:45+00:00,2106,100,183,73,4.346,242.39999999999998,36,fit:80de1342a3e9944829ab101957c8eddffd3d18cb805507bed707b0e306d3b433:segment:011,11,18553.0,17433,activities/108_260801060832.csv,1,1,0,0
fit:80de1342a3e9944829ab101957c8eddffd3d18cb805507bed707b0e306d3b433,2026-08-01T09:17:46+00:00,2107,63,183,73,4.403,242.20000000000005,36,fit:80de1342a3e9944829ab101957c8eddffd3d18cb805507bed707b0e306d3b433:segment:011,11,18554.0,17434,activities/108_260801060832.csv,1,1,0,0
fit:80de1342a3e9944829ab101957c8eddffd3d18cb805507bed707b0e306d3b433,2026-08-01T09:17:47+00:00,2108,57,182,75,4.542,241.60000000000002,36,fit:80de1342a3e9944829ab101957c8eddffd3d18cb805507bed707b0e306d3b433:segment:011,11,18555.0,17435,activities/108_260801060832.csv,1,1,0,0
fit:80de1342a3e9944829ab101957c8eddffd3d18cb805507bed707b0e306d3b433,2026-08-01T09:17:48+00:00,2109,84,181,75,4.545,241.60000000000002,36,fit:80de1342a3e9944829ab101957c8eddffd3d18cb805507bed707b0e306d3b433:segment:011,11,18556.0,17436,activities/108_260801060832.csv,1,1,0,0
fit:80de1342a3e9944829ab101957c8eddffd3d18cb805507bed707b0e306d3b433,2026-08-01T09:17:49+00:00,2110,85,181,77,4.65,241.60000000000002,36,fit:80de1342a3e9944829ab101957c8eddffd3d18cb805507bed707b0e306d3b433:segment:011,11,18557.0,17437,activities/108_260801060832.csv,1,1,0,0
fit:80de1342a3e9944829ab101957c8eddffd3d18cb805507bed707b0e306d3b433,2026-08-01T09:17:50+00:00,2111,85,181,77,4.737,241.79999999999995,36,fit:80de1342a3e9944829ab101957c8eddffd3d18cb805507bed707b0e306d3b433:segment:011,11,18558.0,17438,activities/108_260801060832.csv,1,1,0,0
fit:80de1342a3e9944829ab101957c8eddffd3d18cb805507bed707b0e306d3b433,2026-08-01T09:17:51+00:00,2112,85,181,77,4.798,241.60000000000002,36,fit:80de1342a3e9944829ab101957c8eddffd3d18cb805507bed707b0e306d3b433:segment:011,11,18559.0,17439,activities/108_260801060832.csv,1,1,0,0
fit:80de1342a3e9944829ab101957c8eddffd3d18cb805507bed707b0e306d3b433,2026-08-01T09:17:52+00:00,2113,78,181,77,4.78,241.60000000000002,36,fit:80de1342a3e9944829ab101957c8eddffd3d18cb805507bed707b0e306d3b433:segment:011,11,18560.0,17440,activities/108_260801060832.csv,1,1,0,0
fit:80de1342a3e9944829ab101957c8eddffd3d18cb805507bed707b0e306d3b433,2026-08-01T09:17:53+00:00,2114,70,180,73,4.754,241.60000000000002,36,fit:80de1342a3e9944829ab101957c8eddffd3d18cb805507bed707b0e306d3b433:segment:011,11,18561.0,17441,activities/108_260801060832.csv,1,1,0,0
fit:80de1342a3e9944829ab101957c8eddffd3d18cb805507bed707b0e306d3b433,2026-08-01T09:17:54+00:00,2115,0,180,69,4.565,242.39999999999998,36,fit:80de1342a3e9944829ab101957c8eddffd3d18cb805507bed707b0e306d3b433:segment:011,11,18562.0,17442,activities/108_260801060832.csv,1,1,0,0
fit:80de1342a3e9944829ab101957c8eddffd3d18cb805507bed707b0e306d3b433,2026-08-01T09:17:55+00:00,2116,0,179,0,4.45,242.79999999999995,36,fit:80de1342a3e9944829ab101957c8eddffd3d18cb805507bed707b0e306d3b433:segment:011,11,18563.0,17443,activities/108_260801060832.csv,1,1,0,0
fit:80de1342a3e9944829ab101957c8eddffd3d18cb805507bed707b0e306d3b433,2026-08-01T09:17:56+00:00,2117,78,178,58,4.534,242.79999999999995,36,fit:80de1342a3e9944829ab101957c8eddffd3d18cb805507bed707b0e306d3b433:segment:011,11,18564.0,17444,activities/108_260801060832.csv,1,1,0,0
fit:80de1342a3e9944829ab101957c8eddffd3d18cb805507bed707b0e306d3b433,2026-08-01T09:17:57+00:00,2118,78,177,58,4.716,242.79999999999995,36,fit:80de1342a3e9944829ab101957c8eddffd3d18cb805507bed707b0e306d3b433:segment:011,11,18565.0,17445,activities/108_260801060832.csv,1,1,0,0
fit:80de1342a3e9944829ab101957c8eddffd3d18cb805507bed707b0e306d3b433,2026-08-01T09:17:58+00:00,2119,78,177,58,5.021,242.0,36,fit:80de1342a3e9944829ab101957c8eddffd3d18cb805507bed707b0e306d3b433:segment:011,11,18566.0,17446,activities/108_260801060832.csv,1,1,0,0
fit:80de1342a3e9944829ab101957c8eddffd3d18cb805507bed707b0e306d3b433,2026-08-01T09:17:59+00:00,2120,78,176,58,5.359,241.60000000000002,36,fit:80de1342a3e9944829ab101957c8eddffd3d18cb805507bed707b0e306d3b433:segment:011,11,18567.0,17447,activities/108_260801060832.csv,1,1,0,0
fit:80de1342a3e9944829ab101957c8eddffd3d18cb805507bed707b0e306d3b433,2026-08-01T09:18:00+00:00,2121,78,175,58,5.865,241.60000000000002,36,fit:80de1342a3e9944829ab101957c8eddffd3d18cb805507bed707b0e306d3b433:segment:011,11,18568.0,17448,activities/108_260801060832.csv,1,1,0,0
fit:80de1342a3e9944829ab101957c8eddffd3d18cb805507bed707b0e306d3b433,2026-08-01T09:18:01+00:00,2122,0,174,0,6.425,241.60000000000002,36,fit:80de1342a3e9944829ab101957c8eddffd3d18cb805507bed707b0e306d3b433:segment:011,11,18569.0,17449,activities/108_260801060832.csv,1,1,0,0
fit:80de1342a3e9944829ab101957c8eddffd3d18cb805507bed707b0e306d3b433,2026-08-01T09:18:02+00:00,2123,0,174,0,6.85,240.60000000000002,36,fit:80de1342a3e9944829ab101957c8eddffd3d18cb805507bed707b0e306d3b433:segment:011,11,18570.0,17450,activities/108_260801060832.csv,1,1,0,0
fit:80de1342a3e9944829ab101957c8eddffd3d18cb805507bed707b0e306d3b433,2026-08-01T09:18:03+00:00,2124,0,173,0,7.384,238.60000000000002,36,fit:80de1342a3e9944829ab101957c8eddffd3d18cb805507bed707b0e306d3b433:segment:011,11,18571.0,17451,activities/108_260801060832.csv,1,1,0,0
fit:80de1342a3e9944829ab101957c8eddffd3d18cb805507bed707b0e306d3b433,2026-08-01T09:18:04+00:00,2125,0,172,0,7.941,238.60000000000002,36,fit:80de1342a3e9944829ab101957c8eddffd3d18cb805507bed707b0e306d3b433:segment:011,11,18572.0,17452,activities/108_260801060832.csv,1,1,0,0
fit:80de1342a3e9944829ab101957c8eddffd3d18cb805507bed707b0e306d3b433,2026-08-01T09:18:05+00:00,2126,0,172,0,8.54,238.60000000000002,36,fit:80de1342a3e9944829ab101957c8eddffd3d18cb805507bed707b0e306d3b433:segment:011,11,18573.0,17453,activities/108_260801060832.csv,1,1,0,0
fit:80de1342a3e9944829ab101957c8eddffd3d18cb805507bed707b0e306d3b433,2026-08-01T09:18:06+00:00,2127,0,170,0,9.061,237.60000000000002,36,fit:80de1342a3e9944829ab101957c8eddffd3d18cb805507bed707b0e306d3b433:segment:011,11,18574.0,17454,activities/108_260801060832.csv,1,1,0,0
fit:80de1342a3e9944829ab101957c8eddffd3d18cb805507bed707b0e306d3b433,2026-08-01T09:18:07+00:00,2128,0,170,0,9.39,236.0,36,fit:80de1342a3e9944829ab101957c8eddffd3d18cb805507bed707b0e306d3b433:segment:011,11,18575.0,17455,activities/108_260801060832.csv,1,1,0,0
fit:80de1342a3e9944829ab101957c8eddffd3d18cb805507bed707b0e306d3b433,2026-08-01T09:18:08+00:00,2129,0,168,0,9.703,236.0,36,fit:80de1342a3e9944829ab101957c8eddffd3d18cb805507bed707b0e306d3b433:segment:011,11,18576.0,17456,activities/108_260801060832.csv,1,1,0,0
fit:80de1342a3e9944829ab101957c8eddffd3d18cb805507bed707b0e306d3b433,2026-08-01T09:18:09+00:00,2130,0,165,0,9.948,236.0,36,fit:80de1342a3e9944829ab101957c8eddffd3d18cb805507bed707b0e306d3b433:segment:011,11,18577.0,17457,activities/108_260801060832.csv,1,1,0,0
fit:80de1342a3e9944829ab101957c8eddffd3d18cb805507bed707b0e306d3b433,2026-08-01T09:18:10+00:00,2131,0,163,0,10.158,236.0,36,fit:80de1342a3e9944829ab101957c8eddffd3d18cb805507bed707b0e306d3b433:segment:011,11,18578.0,17458,activities/108_260801060832.csv,1,1,0,0
fit:80de1342a3e9944829ab101957c8eddffd3d18cb805507bed707b0e306d3b433,2026-08-01T09:18:11+00:00,2132,0,161,0,10.338,234.0,36,fit:80de1342a3e9944829ab101957c8eddffd3d18cb805507bed707b0e306d3b433:segment:011,11,18579.0,17459,activities/108_260801060832.csv,1,1,0,0
fit:80de1342a3e9944829ab101957c8eddffd3d18cb805507bed707b0e306d3b433,2026-08-01T09:18:12+00:00,2133,0,159,0,10.529,234.0,36,fit:80de1342a3e9944829ab101957c8eddffd3d18cb805507bed707b0e306d3b433:segment:011,11,18580.0,17460,activities/108_260801060832.csv,1,1,0,0
fit:80de1342a3e9944829ab101957c8eddffd3d18cb805507bed707b0e306d3b433,2026-08-01T09:18:13+00:00,2134,0,157,0,10.691,234.0,36,fit:80de1342a3e9944829ab101957c8eddffd3d18cb805507bed707b0e306d3b433:segment:011,11,18581.0,17461,activities/108_260801060832.csv,1,1,0,0
fit:80de1342a3e9944829ab101957c8eddffd3d18cb805507bed707b0e306d3b433,2026-08-01T09:18:14+00:00,2135,0,157,0,10.768,233.0,36,fit:80de1342a3e9944829ab101957c8eddffd3d18cb805507bed707b0e306d3b433:segment:011,11,18582.0,17462,activities/108_260801060832.csv,1,1,0,0
fit:80de1342a3e9944829ab101957c8eddffd3d18cb805507bed707b0e306d3b433,2026-08-01T09:18:15+00:00,2136,0,155,0,10.858,232.39999999999998,36,fit:80de1342a3e9944829ab101957c8eddffd3d18cb805507bed707b0e306d3b433:segment:011,11,18583.0,17463,activities/108_260801060832.csv,1,1,0,0
fit:80de1342a3e9944829ab101957c8eddffd3d18cb805507bed707b0e306d3b433,2026-08-01T09:18:16+00:00,2137,0,153,0,10.88,232.39999999999998,36,fit:80de1342a3e9944829ab101957c8eddffd3d18cb805507bed707b0e306d3b433:segment:011,11,18584.0,17464,activities/108_260801060832.csv,1,1,0,0
fit:80de1342a3e9944829ab101957c8eddffd3d18cb805507bed707b0e306d3b433,2026-08-01T09:18:17+00:00,2138,0,153,0,10.929,232.39999999999998,36,fit:80de1342a3e9944829ab101957c8eddffd3d18cb805507bed707b0e306d3b433:segment:011,11,18585.0,17465,activities/108_260801060832.csv,1,1,0,0
fit:80de1342a3e9944829ab101957c8eddffd3d18cb805507bed707b0e306d3b433,2026-08-01T09:18:18+00:00,2139,0,151,0,10.896,231.39999999999998,36,fit:80de1342a3e9944829ab101957c8eddffd3d18cb805507bed707b0e306d3b433:segment:011,11,18586.0,17466,activities/108_260801060832.csv,1,1,0,0
fit:80de1342a3e9944829ab101957c8eddffd3d18cb805507bed707b0e306d3b433,2026-08-01T09:18:19+00:00,2140,0,150,0,10.918,230.20000000000005,36,fit:80de1342a3e9944829ab101957c8eddffd3d18cb805507bed707b0e306d3b433:segment:011,11,18587.0,17467,activities/108_260801060832.csv,1,1,0,0
fit:80de1342a3e9944829ab101957c8eddffd3d18cb805507bed707b0e306d3b433,2026-08-01T09:18:20+00:00,2141,0,150,0,10.918,230.20000000000005,36,fit:80de1342a3e9944829ab101957c8eddffd3d18cb805507bed707b0e306d3b433:segment:011,11,18588.0,17468,activities/108_260801060832.csv,1,1,0,0
fit:80de1342a3e9944829ab101957c8eddffd3d18cb805507bed707b0e306d3b433,2026-08-01T09:18:21+00:00,2142,0,149,0,10.911,230.20000000000005,36,fit:80de1342a3e9944829ab101957c8eddffd3d18cb805507bed707b0e306d3b433:segment:011,11,18589.0,17469,activities/108_260801060832.csv,1,1,0,0
fit:80de1342a3e9944829ab101957c8eddffd3d18cb805507bed707b0e306d3b433,2026-08-01T09:18:22+00:00,2143,0,146,0,10.746,230.20000000000005,36,fit:80de1342a3e9944829ab101957c8eddffd3d18cb805507bed707b0e306d3b433:segment:011,11,18590.0,17470,activities/108_260801060832.csv,1,1,0,0
fit:80de1342a3e9944829ab101957c8eddffd3d18cb805507bed707b0e306d3b433,2026-08-01T09:18:23+00:00,2144,0,142,0,10.564,229.20000000000005,36,fit:80de1342a3e9944829ab101957c8eddffd3d18cb805507bed707b0e306d3b433:segment:011,11,18591.0,17471,activities/108_260801060832.csv,1,1,0,0
fit:80de1342a3e9944829ab101957c8eddffd3d18cb805507bed707b0e306d3b433,2026-08-01T09:18:24+00:00,2145,0,142,0,10.365,229.20000000000005,36,fit:80de1342a3e9944829ab101957c8eddffd3d18cb805507bed707b0e306d3b433:segment:011,11,18592.0,17472,activities/108_260801060832.csv,1,1,0,0
fit:80de1342a3e9944829ab101957c8eddffd3d18cb805507bed707b0e306d3b433,2026-08-01T09:18:25+00:00,2146,0,138,0,10.171,229.20000000000005,36,fit:80de1342a3e9944829ab101957c8eddffd3d18cb805507bed707b0e306d3b433:segment:011,11,18593.0,17473,activities/108_260801060832.csv,1,1,0,0
fit:80de1342a3e9944829ab101957c8eddffd3d18cb805507bed707b0e306d3b433,2026-08-01T09:18:26+00:00,2147,0,136,0,9.987,230.20000000000005,36,fit:80de1342a3e9944829ab101957c8eddffd3d18cb805507bed707b0e306d3b433:segment:011,11,18594.0,17474,activities/108_260801060832.csv,1,1,0,0
fit:80de1342a3e9944829ab101957c8eddffd3d18cb805507bed707b0e306d3b433,2026-08-01T09:18:27+00:00,2148,0,135,0,9.795,230.0,36,fit:80de1342a3e9944829ab101957c8eddffd3d18cb805507bed707b0e306d3b433:segment:011,11,18595.0,17475,activities/108_260801060832.csv,1,1,0,0
fit:80de1342a3e9944829ab101957c8eddffd3d18cb805507bed707b0e306d3b433,2026-08-01T09:18:28+00:00,2149,0,135,0,9.611,230.0,36,fit:80de1342a3e9944829ab101957c8eddffd3d18cb805507bed707b0e306d3b433:segment:011,11,18596.0,17476,activities/108_260801060832.csv,1,1,0,0
fit:80de1342a3e9944829ab101957c8eddffd3d18cb805507bed707b0e306d3b433,2026-08-01T09:18:29+00:00,2150,0,135,0,9.549,230.0,36,fit:80de1342a3e9944829ab101957c8eddffd3d18cb805507bed707b0e306d3b433:segment:011,11,18597.0,17477,activities/108_260801060832.csv,1,1,0,0
fit:80de1342a3e9944829ab101957c8eddffd3d18cb805507bed707b0e306d3b433,2026-08-01T09:18:30+00:00,2151,0,135,0,9.533,229.60000000000002,36,fit:80de1342a3e9944829ab101957c8eddffd3d18cb805507bed707b0e306d3b433:segment:011,11,18598.0,17478,activities/108_260801060832.csv,1,1,0,0
fit:80de1342a3e9944829ab101957c8eddffd3d18cb805507bed707b0e306d3b433,2026-08-01T09:18:31+00:00,2152,0,135,0,9.718,229.60000000000002,36,fit:80de1342a3e9944829ab101957c8eddffd3d18cb805507bed707b0e306d3b433:segment:011,11,18599.0,17479,activities/108_260801060832.csv,1,1,0,0
fit:80de1342a3e9944829ab101957c8eddffd3d18cb805507bed707b0e306d3b433,2026-08-01T09:18:32+00:00,2153,0,135,0,9.918,229.60000000000002,36,fit:80de1342a3e9944829ab101957c8eddffd3d18cb805507bed707b0e306d3b433:segment:011,11,18600.0,17480,activities/108_260801060832.csv,1,1,0,0
fit:80de1342a3e9944829ab101957c8eddffd3d18cb805507bed707b0e306d3b433,2026-08-01T09:18:33+00:00,2154,0,133,0,10.357,229.60000000000002,36,fit:80de1342a3e9944829ab101957c8eddffd3d18cb805507bed707b0e306d3b433:segment:011,11,18601.0,17481,activities/108_260801060832.csv,1,1,0,0
fit:80de1342a3e9944829ab101957c8eddffd3d18cb805507bed707b0e306d3b433,2026-08-01T09:18:34+00:00,2155,0,131,0,10.718,228.60000000000002,36,fit:80de1342a3e9944829ab101957c8eddffd3d18cb805507bed707b0e306d3b433:segment:011,11,18602.0,17482,activities/108_260801060832.csv,1,1,0,0
fit:80de1342a3e9944829ab101957c8eddffd3d18cb805507bed707b0e306d3b433,2026-08-01T09:18:35+00:00,2156,0,128,0,11.162,224.60000000000002,36,fit:80de1342a3e9944829ab101957c8eddffd3d18cb805507bed707b0e306d3b433:segment:011,11,18603.0,17483,activities/108_260801060832.csv,1,1,0,0
fit:80de1342a3e9944829ab101957c8eddffd3d18cb805507bed707b0e306d3b433,2026-08-01T09:18:36+00:00,2157,0,128,0,11.775,224.60000000000002,36,fit:80de1342a3e9944829ab101957c8eddffd3d18cb805507bed707b0e306d3b433:segment:011,11,18604.0,17484,activities/108_260801060832.csv,1,1,0,0
fit:80de1342a3e9944829ab101957c8eddffd3d18cb805507bed707b0e306d3b433,2026-08-01T09:18:37+00:00,2158,0,125,0,12.264,224.60000000000002,36,fit:80de1342a3e9944829ab101957c8eddffd3d18cb805507bed707b0e306d3b433:segment:011,11,18605.0,17485,activities/108_260801060832.csv,1,1,0,0
fit:80de1342a3e9944829ab101957c8eddffd3d18cb805507bed707b0e306d3b433,2026-08-01T09:18:38+00:00,2159,0,124,0,12.634,223.60000000000002,36,fit:80de1342a3e9944829ab101957c8eddffd3d18cb805507bed707b0e306d3b433:segment:011,11,18606.0,17486,activities/108_260801060832.csv,1,1,0,0
fit:80de1342a3e9944829ab101957c8eddffd3d18cb805507bed707b0e306d3b433,2026-08-01T09:18:39+00:00,2160,0,122,0,12.889,220.39999999999998,36,fit:80de1342a3e9944829ab101957c8eddffd3d18cb805507bed707b0e306d3b433:segment:011,11,18607.0,17487,activities/108_260801060832.csv,1,1,0,0
fit:80de1342a3e9944829ab101957c8eddffd3d18cb805507bed707b0e306d3b433,2026-08-01T09:18:40+00:00,2161,0,120,0,13.013,220.39999999999998,36,fit:80de1342a3e9944829ab101957c8eddffd3d18cb805507bed707b0e306d3b433:segment:011,11,18608.0,17488,activities/108_260801060832.csv,1,1,0,0
fit:80de1342a3e9944829ab101957c8eddffd3d18cb805507bed707b0e306d3b433,2026-08-01T09:18:41+00:00,2162,0,119,0,12.931,220.39999999999998,36,fit:80de1342a3e9944829ab101957c8eddffd3d18cb805507bed707b0e306d3b433:segment:011,11,18609.0,17489,activities/108_260801060832.csv,1,1,0,0
fit:80de1342a3e9944829ab101957c8eddffd3d18cb805507bed707b0e306d3b433,2026-08-01T09:18:42+00:00,2163,0,118,0,12.927,220.39999999999998,36,fit:80de1342a3e9944829ab101957c8eddffd3d18cb805507bed707b0e306d3b433:segment:011,11,18610.0,17490,activities/108_260801060832.csv,1,1,0,0
fit:80de1342a3e9944829ab101957c8eddffd3d18cb805507bed707b0e306d3b433,2026-08-01T09:18:43+00:00,2164,0,118,0,13.101,219.0,36,fit:80de1342a3e9944829ab101957c8eddffd3d18cb805507bed707b0e306d3b433:segment:011,11,18611.0,17491,activities/108_260801060832.csv,1,1,0,0
fit:80de1342a3e9944829ab101957c8eddffd3d18cb805507bed707b0e306d3b433,2026-08-01T09:18:44+00:00,2165,0,117,0,13.189,219.0,36,fit:80de1342a3e9944829ab101957c8eddffd3d18cb805507bed707b0e306d3b433:segment:011,11,18612.0,17492,activities/108_260801060832.csv,1,1,0,0
fit:80de1342a3e9944829ab101957c8eddffd3d18cb805507bed707b0e306d3b433,2026-08-01T09:18:45+00:00,2166,0,117,0,13.18,219.0,36,fit:80de1342a3e9944829ab101957c8eddffd3d18cb805507bed707b0e306d3b433:segment:011,11,18613.0,17493,activities/108_260801060832.csv,1,1,0,0
fit:80de1342a3e9944829ab101957c8eddffd3d18cb805507bed707b0e306d3b433,2026-08-01T09:18:46+00:00,2167,0,118,0,13.207,218.0,36,fit:80de1342a3e9944829ab101957c8eddffd3d18cb805507bed707b0e306d3b433:segment:011,11,18614.0,17494,activities/108_260801060832.csv,1,1,0,0
fit:80de1342a3e9944829ab101957c8eddffd3d18cb805507bed707b0e306d3b433,2026-08-01T09:18:47+00:00,2168,0,117,65,13.296,217.0,36,fit:80de1342a3e9944829ab101957c8eddffd3d18cb805507bed707b0e306d3b433:segment:011,11,18615.0,17495,activities/108_260801060832.csv,1,1,0,0
fit:80de1342a3e9944829ab101957c8eddffd3d18cb805507bed707b0e306d3b433,2026-08-01T09:18:48+00:00,2169,0,118,101,13.307,217.0,36,fit:80de1342a3e9944829ab101957c8eddffd3d18cb805507bed707b0e306d3b433:segment:011,11,18616.0,17496,activities/108_260801060832.csv,1,1,0,0
fit:80de1342a3e9944829ab101957c8eddffd3d18cb805507bed707b0e306d3b433,2026-08-01T09:18:49+00:00,2170,64,118,101,13.287,217.0,36,fit:80de1342a3e9944829ab101957c8eddffd3d18cb805507bed707b0e306d3b433:segment:011,11,18617.0,17497,activities/108_260801060832.csv,1,1,0,0
fit:80de1342a3e9944829ab101957c8eddffd3d18cb805507bed707b0e306d3b433,2026-08-01T09:18:50+00:00,2171,65,118,71,13.045,217.0,36,fit:80de1342a3e9944829ab101957c8eddffd3d18cb805507bed707b0e306d3b433:segment:011,11,18618.0,17498,activities/108_260801060832.csv,1,1,0,0
fit:80de1342a3e9944829ab101957c8eddffd3d18cb805507bed707b0e306d3b433,2026-08-01T09:18:51+00:00,2172,65,119,71,12.946,217.0,36,fit:80de1342a3e9944829ab101957c8eddffd3d18cb805507bed707b0e306d3b433:segment:011,11,18619.0,17499,activities/108_260801060832.csv,1,1,0,0
fit:80de1342a3e9944829ab101957c8eddffd3d18cb805507bed707b0e306d3b433,2026-08-01T09:18:52+00:00,2173,65,120,71,12.706,217.0,36,fit:80de1342a3e9944829ab101957c8eddffd3d18cb805507bed707b0e306d3b433:segment:011,11,18620.0,17500,activities/108_260801060832.csv,1,1,0,0
fit:80de1342a3e9944829ab101957c8eddffd3d18cb805507bed707b0e306d3b433,2026-08-01T09:18:53+00:00,2174,2,119,71,12.314,217.0,36,fit:80de1342a3e9944829ab101957c8eddffd3d18cb805507bed707b0e306d3b433:segment:011,11,18621.0,17501,activities/108_260801060832.csv,1,1,0,0
fit:80de1342a3e9944829ab101957c8eddffd3d18cb805507bed707b0e306d3b433,2026-08-01T09:18:54+00:00,2175,2,119,0,11.924,217.0,36,fit:80de1342a3e9944829ab101957c8eddffd3d18cb805507bed707b0e306d3b433:segment:011,11,18622.0,17502,activities/108_260801060832.csv,1,1,0,0
fit:80de1342a3e9944829ab101957c8eddffd3d18cb805507bed707b0e306d3b433,2026-08-01T09:18:55+00:00,2176,307,120,99,11.445,218.0,36,fit:80de1342a3e9944829ab101957c8eddffd3d18cb805507bed707b0e306d3b433:segment:011,11,18623.0,17503,activities/108_260801060832.csv,1,1,0,0
fit:80de1342a3e9944829ab101957c8eddffd3d18cb805507bed707b0e306d3b433,2026-08-01T09:18:56+00:00,2177,278,121,98,11.054,218.0,36,fit:80de1342a3e9944829ab101957c8eddffd3d18cb805507bed707b0e306d3b433:segment:011,11,18624.0,17504,activities/108_260801060832.csv,1,1,0,0
fit:80de1342a3e9944829ab101957c8eddffd3d18cb805507bed707b0e306d3b433,2026-08-01T09:18:57+00:00,2178,218,121,96,10.912,218.0,36,fit:80de1342a3e9944829ab101957c8eddffd3d18cb805507bed707b0e306d3b433:segment:011,11,18625.0,17505,activities/108_260801060832.csv,1,1,0,0
fit:80de1342a3e9944829ab101957c8eddffd3d18cb805507bed707b0e306d3b433,2026-08-01T09:18:58+00:00,2179,189,122,94,10.711,218.0,36,fit:80de1342a3e9944829ab101957c8eddffd3d18cb805507bed707b0e306d3b433:segment:011,11,18626.0,17506,activities/108_260801060832.csv,1,1,0,0
fit:80de1342a3e9944829ab101957c8eddffd3d18cb805507bed707b0e306d3b433,2026-08-01T09:18:59+00:00,2180,181,125,92,10.481,217.60000000000002,36,fit:80de1342a3e9944829ab101957c8eddffd3d18cb805507bed707b0e306d3b433:segment:011,11,18627.0,17507,activities/108_260801060832.csv,1,1,0,0
fit:80de1342a3e9944829ab101957c8eddffd3d18cb805507bed707b0e306d3b433,2026-08-01T09:19:00+00:00,2181,174,128,91,10.244,217.60000000000002,36,fit:80de1342a3e9944829ab101957c8eddffd3d18cb805507bed707b0e306d3b433:segment:011,11,18628.0,17508,activities/108_260801060832.csv,1,1,0,0
fit:80de1342a3e9944829ab101957c8eddffd3d18cb805507bed707b0e306d3b433,2026-08-01T09:19:01+00:00,2182,180,128,91,10.12,217.60000000000002,36,fit:80de1342a3e9944829ab101957c8eddffd3d18cb805507bed707b0e306d3b433:segment:011,11,18629.0,17509,activities/108_260801060832.csv,1,1,0,0
fit:80de1342a3e9944829ab101957c8eddffd3d18cb805507bed707b0e306d3b433,2026-08-01T09:19:02+00:00,2183,143,130,91,10.044,218.60000000000002,36,fit:80de1342a3e9944829ab101957c8eddffd3d18cb805507bed707b0e306d3b433:segment:011,11,18630.0,17510,activities/108_260801060832.csv,1,1,0,0
fit:80de1342a3e9944829ab101957c8eddffd3d18cb805507bed707b0e306d3b433,2026-08-01T09:19:03+00:00,2184,125,132,91,10.042,221.60000000000002,36,fit:80de1342a3e9944829ab101957c8eddffd3d18cb805507bed707b0e306d3b433:segment:011,11,18631.0,17511,activities/108_260801060832.csv,1,1,0,0
fit:80de1342a3e9944829ab101957c8eddffd3d18cb805507bed707b0e306d3b433,2026-08-01T09:19:04+00:00,2185,107,133,93,10.098,221.60000000000002,36,fit:80de1342a3e9944829ab101957c8eddffd3d18cb805507bed707b0e306d3b433:segment:011,11,18632.0,17512,activities/108_260801060832.csv,1,1,0,0
fit:80de1342a3e9944829ab101957c8eddffd3d18cb805507bed707b0e306d3b433,2026-08-01T09:19:05+00:00,2186,232,133,84,10.221,221.60000000000002,36,fit:80de1342a3e9944829ab101957c8eddffd3d18cb805507bed707b0e306d3b433:segment:011,11,18633.0,17513,activities/108_260801060832.csv,1,1,0,0
fit:80de1342a3e9944829ab101957c8eddffd3d18cb805507bed707b0e306d3b433,2026-08-01T09:19:06+00:00,2187,218,133,85,10.5,220.60000000000002,36,fit:80de1342a3e9944829ab101957c8eddffd3d18cb805507bed707b0e306d3b433:segment:011,11,18634.0,17514,activities/108_260801060832.csv,1,1,0,0
fit:80de1342a3e9944829ab101957c8eddffd3d18cb805507bed707b0e306d3b433,2026-08-01T09:19:07+00:00,2188,161,133,88,10.595,217.39999999999998,36,fit:80de1342a3e9944829ab101957c8eddffd3d18cb805507bed707b0e306d3b433:segment:011,11,18635.0,17515,activities/108_260801060832.csv,1,1,0,0
fit:80de1342a3e9944829ab101957c8eddffd3d18cb805507bed707b0e306d3b433,2026-08-01T09:19:08+00:00,2189,138,133,89,10.857,217.39999999999998,36,fit:80de1342a3e9944829ab101957c8eddffd3d18cb805507bed707b0e306d3b433:segment:011,11,18636.0,17516,activities/108_260801060832.csv,1,1,0,0
fit:80de1342a3e9944829ab101957c8eddffd3d18cb805507bed707b0e306d3b433,2026-08-01T09:19:09+00:00,2190,133,133,90,11.109,217.39999999999998,36,fit:80de1342a3e9944829ab101957c8eddffd3d18cb805507bed707b0e306d3b433:segment:011,11,18637.0,17517,activities/108_260801060832.csv,1,1,0,0
fit:80de1342a3e9944829ab101957c8eddffd3d18cb805507bed707b0e306d3b433,2026-08-01T09:19:10+00:00,2191,133,134,91,11.22,216.79999999999995,36,fit:80de1342a3e9944829ab101957c8eddffd3d18cb805507bed707b0e306d3b433:segment:011,11,18638.0,17518,activities/108_260801060832.csv,1,1,0,0
fit:80de1342a3e9944829ab101957c8eddffd3d18cb805507bed707b0e306d3b433,2026-08-01T09:19:11+00:00,2192,128,134,92,11.408,216.20000000000005,36,fit:80de1342a3e9944829ab101957c8eddffd3d18cb805507bed707b0e306d3b433:segment:011,11,18639.0,17519,activities/108_260801060832.csv,1,1,0,0
fit:80de1342a3e9944829ab101957c8eddffd3d18cb805507bed707b0e306d3b433,2026-08-01T09:19:12+00:00,2193,127,135,92,11.541,216.20000000000005,36,fit:80de1342a3e9944829ab101957c8eddffd3d18cb805507bed707b0e306d3b433:segment:011,11,18640.0,17520,activities/108_260801060832.csv,1,1,0,0
fit:80de1342a3e9944829ab101957c8eddffd3d18cb805507bed707b0e306d3b433,2026-08-01T09:19:13+00:00,2194,110,135,93,11.587,216.20000000000005,36,fit:80de1342a3e9944829ab101957c8eddffd3d18cb805507bed707b0e306d3b433:segment:011,11,18641.0,17521,activities/108_260801060832.csv,1,1,0,0
fit:80de1342a3e9944829ab101957c8eddffd3d18cb805507bed707b0e306d3b433,2026-08-01T09:19:14+00:00,2195,130,136,93,11.667,216.20000000000005,36,fit:80de1342a3e9944829ab101957c8eddffd3d18cb805507bed707b0e306d3b433:segment:011,11,18642.0,17522,activities/108_260801060832.csv,1,1,0,0
fit:80de1342a3e9944829ab101957c8eddffd3d18cb805507bed707b0e306d3b433,2026-08-01T09:19:15+00:00,2196,122,137,94,11.701,216.39999999999998,36,fit:80de1342a3e9944829ab101957c8eddffd3d18cb805507bed707b0e306d3b433:segment:011,11,18643.0,17523,activities/108_260801060832.csv,1,1,0,0
fit:80de1342a3e9944829ab101957c8eddffd3d18cb805507bed707b0e306d3b433,2026-08-01T09:19:16+00:00,2197,119,137,95,11.775,216.39999999999998,36,fit:80de1342a3e9944829ab101957c8eddffd3d18cb805507bed707b0e306d3b433:segment:011,11,18644.0,17524,activities/108_260801060832.csv,1,1,0,0
fit:80de1342a3e9944829ab101957c8eddffd3d18cb805507bed707b0e306d3b433,2026-08-01T09:19:17+00:00,2198,123,137,95,11.8,216.39999999999998,36,fit:80de1342a3e9944829ab101957c8eddffd3d18cb805507bed707b0e306d3b433:segment:011,11,18645.0,17525,activities/108_260801060832.csv,1,1,0,0
fit:80de1342a3e9944829ab101957c8eddffd3d18cb805507bed707b0e306d3b433,2026-08-01T09:19:18+00:00,2199,165,138,95,11.848,215.39999999999998,36,fit:80de1342a3e9944829ab101957c8eddffd3d18cb805507bed707b0e306d3b433:segment:011,11,18646.0,17526,activities/108_260801060832.csv,1,1,0,0
fit:80de1342a3e9944829ab101957c8eddffd3d18cb805507bed707b0e306d3b433,2026-08-01T09:19:19+00:00,2200,167,139,97,12.025,215.39999999999998,36,fit:80de1342a3e9944829ab101957c8eddffd3d18cb805507bed707b0e306d3b433:segment:011,11,18647.0,17527,activities/108_260801060832.csv,1,1,0,0
fit:80de1342a3e9944829ab101957c8eddffd3d18cb805507bed707b0e306d3b433,2026-08-01T09:19:20+00:00,2201,124,140,97,12.165,215.39999999999998,36,fit:80de1342a3e9944829ab101957c8eddffd3d18cb805507bed707b0e306d3b433:segment:011,11,18648.0,17528,activities/108_260801060832.csv,1,1,0,0
fit:80de1342a3e9944829ab101957c8eddffd3d18cb805507bed707b0e306d3b433,2026-08-01T09:19:21+00:00,2202,127,141,96,12.153,215.39999999999998,36,fit:80de1342a3e9944829ab101957c8eddffd3d18cb805507bed707b0e306d3b433:segment:011,11,18649.0,17529,activities/108_260801060832.csv,1,1,0,0
fit:80de1342a3e9944829ab101957c8eddffd3d18cb805507bed707b0e306d3b433,2026-08-01T09:19:22+00:00,2203,141,143,96,12.051,214.39999999999998,36,fit:80de1342a3e9944829ab101957c8eddffd3d18cb805507bed707b0e306d3b433:segment:011,11,18650.0,17530,activities/108_260801060832.csv,1,1,0,0
fit:80de1342a3e9944829ab101957c8eddffd3d18cb805507bed707b0e306d3b433,2026-08-01T09:19:23+00:00,2204,117,143,95,11.972,215.39999999999998,36,fit:80de1342a3e9944829ab101957c8eddffd3d18cb805507bed707b0e306d3b433:segment:011,11,18651.0,17531,activities/108_260801060832.csv,1,1,0,0
fit:80de1342a3e9944829ab101957c8eddffd3d18cb805507bed707b0e306d3b433,2026-08-01T09:19:24+00:00,2205,117,144,93,11.862,215.39999999999998,36,fit:80de1342a3e9944829ab101957c8eddffd3d18cb805507bed707b0e306d3b433:segment:011,11,18652.0,17532,activities/108_260801060832.csv,1,1,0,0
fit:80de1342a3e9944829ab101957c8eddffd3d18cb805507bed707b0e306d3b433,2026-08-01T09:19:25+00:00,2206,103,144,92,11.724,215.39999999999998,36,fit:80de1342a3e9944829ab101957c8eddffd3d18cb805507bed707b0e306d3b433:segment:011,11,18653.0,17533,activities/108_260801060832.csv,1,1,0,0
fit:80de1342a3e9944829ab101957c8eddffd3d18cb805507bed707b0e306d3b433,2026-08-01T09:19:26+00:00,2207,103,145,92,11.513,215.39999999999998,36,fit:80de1342a3e9944829ab101957c8eddffd3d18cb805507bed707b0e306d3b433:segment:011,11,18654.0,17534,activities/108_260801060832.csv,1,1,0,0
fit:80de1342a3e9944829ab101957c8eddffd3d18cb805507bed707b0e306d3b433,2026-08-01T09:19:27+00:00,2208,103,146,92,11.104,217.39999999999998,36,fit:80de1342a3e9944829ab101957c8eddffd3d18cb805507bed707b0e306d3b433:segment:011,11,18655.0,17535,activities/108_260801060832.csv,1,1,0,0
fit:80de1342a3e9944829ab101957c8eddffd3d18cb805507bed707b0e306d3b433,2026-08-01T09:19:28+00:00,2209,103,146,92,10.656,217.39999999999998,36,fit:80de1342a3e9944829ab101957c8eddffd3d18cb805507bed707b0e306d3b433:segment:011,11,18656.0,17536,activities/108_260801060832.csv,1,1,0,0
fit:80de1342a3e9944829ab101957c8eddffd3d18cb805507bed707b0e306d3b433,2026-08-01T09:19:29+00:00,2210,103,146,92,10.173,217.39999999999998,36,fit:80de1342a3e9944829ab101957c8eddffd3d18cb805507bed707b0e306d3b433:segment:011,11,18657.0,17537,activities/108_260801060832.csv,1,1,0,0
fit:80de1342a3e9944829ab101957c8eddffd3d18cb805507bed707b0e306d3b433,2026-08-01T09:19:30+00:00,2211,103,146,92,9.924,216.39999999999998,36,fit:80de1342a3e9944829ab101957c8eddffd3d18cb805507bed707b0e306d3b433:segment:011,11,18658.0,17538,activities/108_260801060832.csv,1,1,0,0
fit:80de1342a3e9944829ab101957c8eddffd3d18cb805507bed707b0e306d3b433,2026-08-01T09:19:31+00:00,2212,0,146,0,9.819,216.79999999999995,36,fit:80de1342a3e9944829ab101957c8eddffd3d18cb805507bed707b0e306d3b433:segment:011,11,18659.0,17539,activities/108_260801060832.csv,1,1,0,0
fit:80de1342a3e9944829ab101957c8eddffd3d18cb805507bed707b0e306d3b433,2026-08-01T09:19:32+00:00,2213,0,145,0,9.88,216.79999999999995,36,fit:80de1342a3e9944829ab101957c8eddffd3d18cb805507bed707b0e306d3b433:segment:011,11,18660.0,17540,activities/108_260801060832.csv,1,1,0,0
fit:80de1342a3e9944829ab101957c8eddffd3d18cb805507bed707b0e306d3b433,2026-08-01T09:19:33+00:00,2214,0,145,0,10.025,216.79999999999995,36,fit:80de1342a3e9944829ab101957c8eddffd3d18cb805507bed707b0e306d3b433:segment:011,11,18661.0,17541,activities/108_260801060832.csv,1,1,0,0
fit:80de1342a3e9944829ab101957c8eddffd3d18cb805507bed707b0e306d3b433,2026-08-01T09:19:34+00:00,2215,0,144,0,10.404,215.79999999999995,36,fit:80de1342a3e9944829ab101957c8eddffd3d18cb805507bed707b0e306d3b433:segment:011,11,18662.0,17542,activities/108_260801060832.csv,1,1,0,0
fit:80de1342a3e9944829ab101957c8eddffd3d18cb805507bed707b0e306d3b433,2026-08-01T09:19:35+00:00,2216,0,143,0,10.327,212.39999999999998,36,fit:80de1342a3e9944829ab101957c8eddffd3d18cb805507bed707b0e306d3b433:segment:011,11,18663.0,17543,activities/108_260801060832.csv,1,1,0,0
fit:80de1342a3e9944829ab101957c8eddffd3d18cb805507bed707b0e306d3b433,2026-08-01T09:19:36+00:00,2217,0,142,0,9.805,212.39999999999998,36,fit:80de1342a3e9944829ab101957c8eddffd3d18cb805507bed707b0e306d3b433:segment:011,11,18664.0,17544,activities/108_260801060832.csv,1,1,0,0
fit:80de1342a3e9944829ab101957c8eddffd3d18cb805507bed707b0e306d3b433,2026-08-01T09:19:37+00:00,2218,0,140,0,9.59,212.39999999999998,36,fit:80de1342a3e9944829ab101957c8eddffd3d18cb805507bed707b0e306d3b433:segment:011,11,18665.0,17545,activities/108_260801060832.csv,1,1,0,0
fit:80de1342a3e9944829ab101957c8eddffd3d18cb805507bed707b0e306d3b433,2026-08-01T09:19:38+00:00,2219,0,140,0,9.271,211.60000000000002,36,fit:80de1342a3e9944829ab101957c8eddffd3d18cb805507bed707b0e306d3b433:segment:011,11,18666.0,17546,activities/108_260801060832.csv,1,1,0,0
fit:80de1342a3e9944829ab101957c8eddffd3d18cb805507bed707b0e306d3b433,2026-08-01T09:19:39+00:00,2220,0,139,0,9.226,211.79999999999995,36,fit:80de1342a3e9944829ab101957c8eddffd3d18cb805507bed707b0e306d3b433:segment:011,11,18667.0,17547,activities/108_260801060832.csv,1,1,0,0
fit:80de1342a3e9944829ab101957c8eddffd3d18cb805507bed707b0e306d3b433,2026-08-01T09:19:40+00:00,2221,0,139,0,9.417,211.79999999999995,36,fit:80de1342a3e9944829ab101957c8eddffd3d18cb805507bed707b0e306d3b433:segment:011,11,18668.0,17548,activities/108_260801060832.csv,1,1,0,0
fit:80de1342a3e9944829ab101957c8eddffd3d18cb805507bed707b0e306d3b433,2026-08-01T09:19:41+00:00,2222,0,136,0,9.402,211.79999999999995,36,fit:80de1342a3e9944829ab101957c8eddffd3d18cb805507bed707b0e306d3b433:segment:011,11,18669.0,17549,activities/108_260801060832.csv,1,1,0,0
fit:80de1342a3e9944829ab101957c8eddffd3d18cb805507bed707b0e306d3b433,2026-08-01T09:19:42+00:00,2223,0,136,0,9.452,210.79999999999995,36,fit:80de1342a3e9944829ab101957c8eddffd3d18cb805507bed707b0e306d3b433:segment:011,11,18670.0,17550,activities/108_260801060832.csv,1,1,0,0
fit:80de1342a3e9944829ab101957c8eddffd3d18cb805507bed707b0e306d3b433,2026-08-01T09:19:43+00:00,2224,0,134,0,9.481,210.60000000000002,36,fit:80de1342a3e9944829ab101957c8eddffd3d18cb805507bed707b0e306d3b433:segment:011,11,18671.0,17551,activities/108_260801060832.csv,1,1,0,0
fit:80de1342a3e9944829ab101957c8eddffd3d18cb805507bed707b0e306d3b433,2026-08-01T09:19:44+00:00,2225,0,132,0,9.691,210.60000000000002,36,fit:80de1342a3e9944829ab101957c8eddffd3d18cb805507bed707b0e306d3b433:segment:011,11,18672.0,17552,activities/108_260801060832.csv,1,1,0,0
fit:80de1342a3e9944829ab101957c8eddffd3d18cb805507bed707b0e306d3b433,2026-08-01T09:19:45+00:00,2226,0,132,0,9.975,210.60000000000002,36,fit:80de1342a3e9944829ab101957c8eddffd3d18cb805507bed707b0e306d3b433:segment:011,11,18673.0,17553,activities/108_260801060832.csv,1,1,0,0
fit:80de1342a3e9944829ab101957c8eddffd3d18cb805507bed707b0e306d3b433,2026-08-01T09:19:46+00:00,2227,38,131,0,10.21,209.60000000000002,36,fit:80de1342a3e9944829ab101957c8eddffd3d18cb805507bed707b0e306d3b433:segment:011,11,18674.0,17554,activities/108_260801060832.csv,1,1,0,0
fit:80de1342a3e9944829ab101957c8eddffd3d18cb805507bed707b0e306d3b433,2026-08-01T09:19:47+00:00,2228,272,130,41,10.367,207.60000000000002,36,fit:80de1342a3e9944829ab101957c8eddffd3d18cb805507bed707b0e306d3b433:segment:011,11,18675.0,17555,activities/108_260801060832.csv,1,1,0,0
fit:80de1342a3e9944829ab101957c8eddffd3d18cb805507bed707b0e306d3b433,2026-08-01T09:19:48+00:00,2229,172,130,84,10.487,207.60000000000002,36,fit:80de1342a3e9944829ab101957c8eddffd3d18cb805507bed707b0e306d3b433:segment:011,11,18676.0,17556,activities/108_260801060832.csv,1,1,0,0
fit:80de1342a3e9944829ab101957c8eddffd3d18cb805507bed707b0e306d3b433,2026-08-01T09:19:49+00:00,2230,27,129,85,10.667,207.60000000000002,36,fit:80de1342a3e9944829ab101957c8eddffd3d18cb805507bed707b0e306d3b433:segment:011,11,18677.0,17557,activities/108_260801060832.csv,1,1,0,0
fit:80de1342a3e9944829ab101957c8eddffd3d18cb805507bed707b0e306d3b433,2026-08-01T09:19:50+00:00,2231,27,129,47,10.659,207.60000000000002,36,fit:80de1342a3e9944829ab101957c8eddffd3d18cb805507bed707b0e306d3b433:segment:011,11,18678.0,17558,activities/108_260801060832.csv,1,1,0,0
fit:80de1342a3e9944829ab101957c8eddffd3d18cb805507bed707b0e306d3b433,2026-08-01T09:19:51+00:00,2232,28,129,47,10.454,208.0,36,fit:80de1342a3e9944829ab101957c8eddffd3d18cb805507bed707b0e306d3b433:segment:011,11,18679.0,17559,activities/108_260801060832.csv,1,1,0,0
fit:80de1342a3e9944829ab101957c8eddffd3d18cb805507bed707b0e306d3b433,2026-08-01T09:19:52+00:00,2233,28,128,47,10.033,208.0,36,fit:80de1342a3e9944829ab101957c8eddffd3d18cb805507bed707b0e306d3b433:segment:011,11,18680.0,17560,activities/108_260801060832.csv,1,1,0,0
fit:80de1342a3e9944829ab101957c8eddffd3d18cb805507bed707b0e306d3b433,2026-08-01T09:19:53+00:00,2234,28,128,47,9.957,208.0,36,fit:80de1342a3e9944829ab101957c8eddffd3d18cb805507bed707b0e306d3b433:segment:011,11,18681.0,17561,activities/108_260801060832.csv,1,1,0,0
fit:80de1342a3e9944829ab101957c8eddffd3d18cb805507bed707b0e306d3b433,2026-08-01T09:19:54+00:00,2235,363,128,26,9.66,209.0,36,fit:80de1342a3e9944829ab101957c8eddffd3d18cb805507bed707b0e306d3b433:segment:011,11,18682.0,17562,activities/108_260801060832.csv,1,1,0,0
fit:80de1342a3e9944829ab101957c8eddffd3d18cb805507bed707b0e306d3b433,2026-08-01T09:19:55+00:00,2236,381,128,73,9.553,209.79999999999995,36,fit:80de1342a3e9944829ab101957c8eddffd3d18cb805507bed707b0e306d3b433:segment:011,11,18683.0,17563,activities/108_260801060832.csv,1,1,0,0
fit:80de1342a3e9944829ab101957c8eddffd3d18cb805507bed707b0e306d3b433,2026-08-01T09:19:56+00:00,2237,392,127,72,8.738,209.79999999999995,36,fit:80de1342a3e9944829ab101957c8eddffd3d18cb805507bed707b0e306d3b433:segment:011,11,18684.0,17564,activities/108_260801060832.csv,1,1,0,0
fit:80de1342a3e9944829ab101957c8eddffd3d18cb805507bed707b0e306d3b433,2026-08-01T09:19:57+00:00,2238,262,128,76,8.684,209.79999999999995,36,fit:80de1342a3e9944829ab101957c8eddffd3d18cb805507bed707b0e306d3b433:segment:011,11,18685.0,17565,activities/108_260801060832.csv,1,1,0,0
fit:80de1342a3e9944829ab101957c8eddffd3d18cb805507bed707b0e306d3b433,2026-08-01T09:19:58+00:00,2239,262,128,79,8.529,209.79999999999995,36,fit:80de1342a3e9944829ab101957c8eddffd3d18cb805507bed707b0e306d3b433:segment:011,11,18686.0,17566,activities/108_260801060832.csv,1,1,0,0
fit:80de1342a3e9944829ab101957c8eddffd3d18cb805507bed707b0e306d3b433,2026-08-01T09:19:59+00:00,2240,227,129,78,8.477,209.79999999999995,36,fit:80de1342a3e9944829ab101957c8eddffd3d18cb805507bed707b0e306d3b433:segment:011,11,18687.0,17567,activities/108_260801060832.csv,1,1,0,0
fit:80de1342a3e9944829ab101957c8eddffd3d18cb805507bed707b0e306d3b433,2026-08-01T09:20:00+00:00,2241,232,130,79,8.332,209.79999999999995,36,fit:80de1342a3e9944829ab101957c8eddffd3d18cb805507bed707b0e306d3b433:segment:011,11,18688.0,17568,activities/108_260801060832.csv,1,1,0,0
fit:80de1342a3e9944829ab101957c8eddffd3d18cb805507bed707b0e306d3b433,2026-08-01T09:20:01+00:00,2242,217,132,80,8.156,209.79999999999995,36,fit:80de1342a3e9944829ab101957c8eddffd3d18cb805507bed707b0e306d3b433:segment:011,11,18689.0,17569,activities/108_260801060832.csv,1,1,0,0
fit:80de1342a3e9944829ab101957c8eddffd3d18cb805507bed707b0e306d3b433,2026-08-01T09:20:02+00:00,2243,174,132,80,8.192,209.79999999999995,36,fit:80de1342a3e9944829ab101957c8eddffd3d18cb805507bed707b0e306d3b433:segment:011,11,18690.0,17570,activities/108_260801060832.csv,1,1,0,0
fit:80de1342a3e9944829ab101957c8eddffd3d18cb805507bed707b0e306d3b433,2026-08-01T09:20:03+00:00,2244,175,133,82,8.52,210.60000000000002,36,fit:80de1342a3e9944829ab101957c8eddffd3d18cb805507bed707b0e306d3b433:segment:011,11,18691.0,17571,activities/108_260801060832.csv,1,1,0,0
fit:80de1342a3e9944829ab101957c8eddffd3d18cb805507bed707b0e306d3b433,2026-08-01T09:20:04+00:00,2245,157,134,83,8.583,210.60000000000002,36,fit:80de1342a3e9944829ab101957c8eddffd3d18cb805507bed707b0e306d3b433:segment:011,11,18692.0,17572,activities/108_260801060832.csv,1,1,0,0
fit:80de1342a3e9944829ab101957c8eddffd3d18cb805507bed707b0e306d3b433,2026-08-01T09:20:05+00:00,2246,145,135,84,8.491,210.60000000000002,36,fit:80de1342a3e9944829ab101957c8eddffd3d18cb805507bed707b0e306d3b433:segment:011,11,18693.0,17573,activities/108_260801060832.csv,1,1,0,0
fit:80de1342a3e9944829ab101957c8eddffd3d18cb805507bed707b0e306d3b433,2026-08-01T09:20:06+00:00,2247,171,135,69,8.188,209.60000000000002,36,fit:80de1342a3e9944829ab101957c8eddffd3d18cb805507bed707b0e306d3b433:segment:011,11,18694.0,17574,activities/108_260801060832.csv,1,1,0,0
fit:80de1342a3e9944829ab101957c8eddffd3d18cb805507bed707b0e306d3b433,2026-08-01T09:20:07+00:00,2248,175,136,84,7.991,208.0,36,fit:80de1342a3e9944829ab101957c8eddffd3d18cb805507bed707b0e306d3b433:segment:011,11,18695.0,17575,activities/108_260801060832.csv,1,1,0,0
fit:80de1342a3e9944829ab101957c8eddffd3d18cb805507bed707b0e306d3b433,2026-08-01T09:20:08+00:00,2249,162,136,84,7.563,208.0,36,fit:80de1342a3e9944829ab101957c8eddffd3d18cb805507bed707b0e306d3b433:segment:011,11,18696.0,17576,activities/108_260801060832.csv,1,1,0,0
fit:80de1342a3e9944829ab101957c8eddffd3d18cb805507bed707b0e306d3b433,2026-08-01T09:20:09+00:00,2250,150,137,84,7.964,208.0,36,fit:80de1342a3e9944829ab101957c8eddffd3d18cb805507bed707b0e306d3b433:segment:011,11,18697.0,17577,activities/108_260801060832.csv,1,1,0,0
fit:80de1342a3e9944829ab101957c8eddffd3d18cb805507bed707b0e306d3b433,2026-08-01T09:20:10+00:00,2251,197,137,85,8.06,208.60000000000002,36,fit:80de1342a3e9944829ab101957c8eddffd3d18cb805507bed707b0e306d3b433:segment:011,11,18698.0,17578,activities/108_260801060832.csv,1,1,0,0
fit:80de1342a3e9944829ab101957c8eddffd3d18cb805507bed707b0e306d3b433,2026-08-01T09:20:11+00:00,2252,72,137,81,8.1,209.0,36,fit:80de1342a3e9944829ab101957c8eddffd3d18cb805507bed707b0e306d3b433:segment:011,11,18699.0,17579,activities/108_260801060832.csv,1,1,0,0
fit:80de1342a3e9944829ab101957c8eddffd3d18cb805507bed707b0e306d3b433,2026-08-01T09:20:12+00:00,2253,213,138,77,7.825,209.0,36,fit:80de1342a3e9944829ab101957c8eddffd3d18cb805507bed707b0e306d3b433:segment:011,11,18700.0,17580,activities/108_260801060832.csv,1,1,0,0
fit:80de1342a3e9944829ab101957c8eddffd3d18cb805507bed707b0e306d3b433,2026-08-01T09:20:13+00:00,2254,174,138,78,8.052,209.0,36,fit:80de1342a3e9944829ab101957c8eddffd3d18cb805507bed707b0e306d3b433:segment:011,11,18701.0,17581,activities/108_260801060832.csv,1,1,0,0
fit:80de1342a3e9944829ab101957c8eddffd3d18cb805507bed707b0e306d3b433,2026-08-01T09:20:14+00:00,2255,201,138,79,8.471,209.0,36,fit:80de1342a3e9944829ab101957c8eddffd3d18cb805507bed707b0e306d3b433:segment:011,11,18702.0,17582,activities/108_260801060832.csv,1,1,0,0
fit:80de1342a3e9944829ab101957c8eddffd3d18cb805507bed707b0e306d3b433,2026-08-01T09:20:15+00:00,2256,202,139,80,8.838,207.60000000000002,36,fit:80de1342a3e9944829ab101957c8eddffd3d18cb805507bed707b0e306d3b433:segment:011,11,18703.0,17583,activities/108_260801060832.csv,1,1,0,0
fit:80de1342a3e9944829ab101957c8eddffd3d18cb805507bed707b0e306d3b433,2026-08-01T09:20:16+00:00,2257,145,140,80,9.153,207.60000000000002,36,fit:80de1342a3e9944829ab101957c8eddffd3d18cb805507bed707b0e306d3b433:segment:011,11,18704.0,17584,activities/108_260801060832.csv,1,1,0,0
fit:80de1342a3e9944829ab101957c8eddffd3d18cb805507bed707b0e306d3b433,2026-08-01T09:20:17+00:00,2258,159,141,80,9.368,207.60000000000002,36,fit:80de1342a3e9944829ab101957c8eddffd3d18cb805507bed707b0e306d3b433:segment:011,11,18705.0,17585,activities/108_260801060832.csv,1,1,0,0
fit:80de1342a3e9944829ab101957c8eddffd3d18cb805507bed707b0e306d3b433,2026-08-01T09:20:18+00:00,2259,128,142,81,9.614,208.39999999999998,36,fit:80de1342a3e9944829ab101957c8eddffd3d18cb805507bed707b0e306d3b433:segment:011,11,18706.0,17586,activities/108_260801060832.csv,1,1,0,0
fit:80de1342a3e9944829ab101957c8eddffd3d18cb805507bed707b0e306d3b433,2026-08-01T09:20:19+00:00,2260,129,144,81,9.706,207.79999999999995,36,fit:80de1342a3e9944829ab101957c8eddffd3d18cb805507bed707b0e306d3b433:segment:011,11,18707.0,17587,activities/108_260801060832.csv,1,1,0,0
fit:80de1342a3e9944829ab101957c8eddffd3d18cb805507bed707b0e306d3b433,2026-08-01T09:20:20+00:00,2261,82,145,80,9.842,207.79999999999995,36,fit:80de1342a3e9944829ab101957c8eddffd3d18cb805507bed707b0e306d3b433:segment:011,11,18708.0,17588,activities/108_260801060832.csv,1,1,0,0
fit:80de1342a3e9944829ab101957c8eddffd3d18cb805507bed707b0e306d3b433,2026-08-01T09:20:21+00:00,2262,82,145,80,9.582,207.79999999999995,36,fit:80de1342a3e9944829ab101957c8eddffd3d18cb805507bed707b0e306d3b433:segment:011,11,18709.0,17589,activities/108_260801060832.csv,1,1,0,0
fit:80de1342a3e9944829ab101957c8eddffd3d18cb805507bed707b0e306d3b433,2026-08-01T09:20:22+00:00,2263,82,145,80,9.428,207.79999999999995,36,fit:80de1342a3e9944829ab101957c8eddffd3d18cb805507bed707b0e306d3b433:segment:011,11,18710.0,17590,activities/108_260801060832.csv,1,1,0,0
fit:80de1342a3e9944829ab101957c8eddffd3d18cb805507bed707b0e306d3b433,2026-08-01T09:20:23+00:00,2264,82,146,80,9.38,208.0,36,fit:80de1342a3e9944829ab101957c8eddffd3d18cb805507bed707b0e306d3b433:segment:011,11,18711.0,17591,activities/108_260801060832.csv,1,1,0,0
fit:80de1342a3e9944829ab101957c8eddffd3d18cb805507bed707b0e306d3b433,2026-08-01T09:20:24+00:00,2265,78,146,80,9.483,208.0,36,fit:80de1342a3e9944829ab101957c8eddffd3d18cb805507bed707b0e306d3b433:segment:011,11,18712.0,17592,activities/108_260801060832.csv,1,1,0,0
fit:80de1342a3e9944829ab101957c8eddffd3d18cb805507bed707b0e306d3b433,2026-08-01T09:20:25+00:00,2266,0,146,76,9.436,208.0,36,fit:80de1342a3e9944829ab101957c8eddffd3d18cb805507bed707b0e306d3b433:segment:011,11,18713.0,17593,activities/108_260801060832.csv,1,1,0,0
fit:80de1342a3e9944829ab101957c8eddffd3d18cb805507bed707b0e306d3b433,2026-08-01T09:20:26+00:00,2267,0,146,0,9.834,207.0,36,fit:80de1342a3e9944829ab101957c8eddffd3d18cb805507bed707b0e306d3b433:segment:011,11,18714.0,17594,activities/108_260801060832.csv,1,1,0,0
fit:80de1342a3e9944829ab101957c8eddffd3d18cb805507bed707b0e306d3b433,2026-08-01T09:20:27+00:00,2268,0,145,0,9.776,206.0,36,fit:80de1342a3e9944829ab101957c8eddffd3d18cb805507bed707b0e306d3b433:segment:011,11,18715.0,17595,activities/108_260801060832.csv,1,1,0,0
fit:80de1342a3e9944829ab101957c8eddffd3d18cb805507bed707b0e306d3b433,2026-08-01T09:20:28+00:00,2269,119,144,0,9.687,206.0,36,fit:80de1342a3e9944829ab101957c8eddffd3d18cb805507bed707b0e306d3b433:segment:011,11,18716.0,17596,activities/108_260801060832.csv,1,1,0,0
fit:80de1342a3e9944829ab101957c8eddffd3d18cb805507bed707b0e306d3b433,2026-08-01T09:20:29+00:00,2270,119,144,88,10.0,206.0,36,fit:80de1342a3e9944829ab101957c8eddffd3d18cb805507bed707b0e306d3b433:segment:011,11,18717.0,17597,activities/108_260801060832.csv,1,1,0,0
fit:80de1342a3e9944829ab101957c8eddffd3d18cb805507bed707b0e306d3b433,2026-08-01T09:20:30+00:00,2271,119,143,88,10.378,205.0,36,fit:80de1342a3e9944829ab101957c8eddffd3d18cb805507bed707b0e306d3b433:segment:011,11,18718.0,17598,activities/108_260801060832.csv,1,1,0,0
fit:80de1342a3e9944829ab101957c8eddffd3d18cb805507bed707b0e306d3b433,2026-08-01T09:20:31+00:00,2272,127,142,54,10.63,202.20000000000005,36,fit:80de1342a3e9944829ab101957c8eddffd3d18cb805507bed707b0e306d3b433:segment:011,11,18719.0,17599,activities/108_260801060832.csv,1,1,0,0
fit:80de1342a3e9944829ab101957c8eddffd3d18cb805507bed707b0e306d3b433,2026-08-01T09:20:32+00:00,2273,133,141,93,11.116,202.20000000000005,36,fit:80de1342a3e9944829ab101957c8eddffd3d18cb805507bed707b0e306d3b433:segment:011,11,18720.0,17600,activities/108_260801060832.csv,1,1,0,0
fit:80de1342a3e9944829ab101957c8eddffd3d18cb805507bed707b0e306d3b433,2026-08-01T09:20:33+00:00,2274,134,141,93,11.46,202.20000000000005,35,fit:80de1342a3e9944829ab101957c8eddffd3d18cb805507bed707b0e306d3b433:segment:011,11,18721.0,17601,activities/108_260801060832.csv,1,1,0,0
fit:80de1342a3e9944829ab101957c8eddffd3d18cb805507bed707b0e306d3b433,2026-08-01T09:20:34+00:00,2275,134,140,94,11.666,202.39999999999998,35,fit:80de1342a3e9944829ab101957c8eddffd3d18cb805507bed707b0e306d3b433:segment:011,11,18722.0,17602,activities/108_260801060832.csv,1,1,0,0
fit:80de1342a3e9944829ab101957c8eddffd3d18cb805507bed707b0e306d3b433,2026-08-01T09:20:35+00:00,2276,135,140,94,11.78,201.39999999999998,35,fit:80de1342a3e9944829ab101957c8eddffd3d18cb805507bed707b0e306d3b433:segment:011,11,18723.0,17603,activities/108_260801060832.csv,1,1,0,0
fit:80de1342a3e9944829ab101957c8eddffd3d18cb805507bed707b0e306d3b433,2026-08-01T09:20:36+00:00,2277,135,140,94,11.63,201.39999999999998,35,fit:80de1342a3e9944829ab101957c8eddffd3d18cb805507bed707b0e306d3b433:segment:011,11,18724.0,17604,activities/108_260801060832.csv,1,1,0,0
fit:80de1342a3e9944829ab101957c8eddffd3d18cb805507bed707b0e306d3b433,2026-08-01T09:20:37+00:00,2278,4,139,94,11.613,201.39999999999998,35,fit:80de1342a3e9944829ab101957c8eddffd3d18cb805507bed707b0e306d3b433:segment:011,11,18725.0,17605,activities/108_260801060832.csv,1,1,0,0
fit:80de1342a3e9944829ab101957c8eddffd3d18cb805507bed707b0e306d3b433,2026-08-01T09:20:38+00:00,2279,46,138,0,11.492,202.0,35,fit:80de1342a3e9944829ab101957c8eddffd3d18cb805507bed707b0e306d3b433:segment:011,11,18726.0,17606,activities/108_260801060832.csv,1,1,0,0
fit:80de1342a3e9944829ab101957c8eddffd3d18cb805507bed707b0e306d3b433,2026-08-01T09:20:39+00:00,2280,331,138,80,11.204,202.20000000000005,35,fit:80de1342a3e9944829ab101957c8eddffd3d18cb805507bed707b0e306d3b433:segment:011,11,18727.0,17607,activities/108_260801060832.csv,1,1,0,0
fit:80de1342a3e9944829ab101957c8eddffd3d18cb805507bed707b0e306d3b433,2026-08-01T09:20:40+00:00,2281,285,137,85,10.949,202.20000000000005,35,fit:80de1342a3e9944829ab101957c8eddffd3d18cb805507bed707b0e306d3b433:segment:011,11,18728.0,17608,activities/108_260801060832.csv,1,1,0,0
fit:80de1342a3e9944829ab101957c8eddffd3d18cb805507bed707b0e306d3b433,2026-08-01T09:20:41+00:00,2282,224,136,86,10.859,202.20000000000005,35,fit:80de1342a3e9944829ab101957c8eddffd3d18cb805507bed707b0e306d3b433:segment:011,11,18729.0,17609,activities/108_260801060832.csv,1,1,0,0
fit:80de1342a3e9944829ab101957c8eddffd3d18cb805507bed707b0e306d3b433,2026-08-01T09:20:42+00:00,2283,213,135,86,10.928,202.0,35,fit:80de1342a3e9944829ab101957c8eddffd3d18cb805507bed707b0e306d3b433:segment:011,11,18730.0,17610,activities/108_260801060832.csv,1,1,0,0
fit:80de1342a3e9944829ab101957c8eddffd3d18cb805507bed707b0e306d3b433,2026-08-01T09:20:43+00:00,2284,52,135,86,10.898,200.79999999999995,35,fit:80de1342a3e9944829ab101957c8eddffd3d18cb805507bed707b0e306d3b433:segment:011,11,18731.0,17611,activities/108_260801060832.csv,1,1,0,0
fit:80de1342a3e9944829ab101957c8eddffd3d18cb805507bed707b0e306d3b433,2026-08-01T09:20:44+00:00,2285,52,134,70,10.848,200.79999999999995,35,fit:80de1342a3e9944829ab101957c8eddffd3d18cb805507bed707b0e306d3b433:segment:011,11,18732.0,17612,activities/108_260801060832.csv,1,1,0,0
fit:80de1342a3e9944829ab101957c8eddffd3d18cb805507bed707b0e306d3b433,2026-08-01T09:20:45+00:00,2286,52,134,70,10.646,200.79999999999995,35,fit:80de1342a3e9944829ab101957c8eddffd3d18cb805507bed707b0e306d3b433:segment:011,11,18733.0,17613,activities/108_260801060832.csv,1,1,0,0
fit:80de1342a3e9944829ab101957c8eddffd3d18cb805507bed707b0e306d3b433,2026-08-01T09:20:46+00:00,2287,53,135,70,10.472,201.39999999999998,35,fit:80de1342a3e9944829ab101957c8eddffd3d18cb805507bed707b0e306d3b433:segment:011,11,18734.0,17614,activities/108_260801060832.csv,1,1,0,0
fit:80de1342a3e9944829ab101957c8eddffd3d18cb805507bed707b0e306d3b433,2026-08-01T09:20:47+00:00,2288,53,135,70,10.278,202.20000000000005,35,fit:80de1342a3e9944829ab101957c8eddffd3d18cb805507bed707b0e306d3b433:segment:011,11,18735.0,17615,activities/108_260801060832.csv,1,1,0,0
fit:80de1342a3e9944829ab101957c8eddffd3d18cb805507bed707b0e306d3b433,2026-08-01T09:20:48+00:00,2289,53,135,70,10.058,202.20000000000005,35,fit:80de1342a3e9944829ab101957c8eddffd3d18cb805507bed707b0e306d3b433:segment:011,11,18736.0,17616,activities/108_260801060832.csv,1,1,0,0
fit:80de1342a3e9944829ab101957c8eddffd3d18cb805507bed707b0e306d3b433,2026-08-01T09:20:49+00:00,2290,53,135,70,10.192,202.20000000000005,35,fit:80de1342a3e9944829ab101957c8eddffd3d18cb805507bed707b0e306d3b433:segment:011,11,18737.0,17617,activities/108_260801060832.csv,1,1,0,0
fit:80de1342a3e9944829ab101957c8eddffd3d18cb805507bed707b0e306d3b433,2026-08-01T09:20:50+00:00,2291,53,135,70,10.258,201.20000000000005,35,fit:80de1342a3e9944829ab101957c8eddffd3d18cb805507bed707b0e306d3b433:segment:011,11,18738.0,17618,activities/108_260801060832.csv,1,1,0,0
fit:80de1342a3e9944829ab101957c8eddffd3d18cb805507bed707b0e306d3b433,2026-08-01T09:20:51+00:00,2292,0,135,0,10.309,201.0,35,fit:80de1342a3e9944829ab101957c8eddffd3d18cb805507bed707b0e306d3b433:segment:011,11,18739.0,17619,activities/108_260801060832.csv,1,1,0,0
fit:80de1342a3e9944829ab101957c8eddffd3d18cb805507bed707b0e306d3b433,2026-08-01T09:20:52+00:00,2293,0,135,0,10.313,201.0,35,fit:80de1342a3e9944829ab101957c8eddffd3d18cb805507bed707b0e306d3b433:segment:011,11,18740.0,17620,activities/108_260801060832.csv,1,1,0,0
fit:80de1342a3e9944829ab101957c8eddffd3d18cb805507bed707b0e306d3b433,2026-08-01T09:20:53+00:00,2294,0,133,0,10.28,201.0,35,fit:80de1342a3e9944829ab101957c8eddffd3d18cb805507bed707b0e306d3b433:segment:011,11,18741.0,17621,activities/108_260801060832.csv,1,1,0,0
fit:80de1342a3e9944829ab101957c8eddffd3d18cb805507bed707b0e306d3b433,2026-08-01T09:20:54+00:00,2295,0,132,0,10.161,201.0,35,fit:80de1342a3e9944829ab101957c8eddffd3d18cb805507bed707b0e306d3b433:segment:011,11,18742.0,17622,activities/108_260801060832.csv,1,1,0,0
fit:80de1342a3e9944829ab101957c8eddffd3d18cb805507bed707b0e306d3b433,2026-08-01T09:20:55+00:00,2296,0,132,0,10.22,200.20000000000005,35,fit:80de1342a3e9944829ab101957c8eddffd3d18cb805507bed707b0e306d3b433:segment:011,11,18743.0,17623,activities/108_260801060832.csv,1,1,0,0
fit:80de1342a3e9944829ab101957c8eddffd3d18cb805507bed707b0e306d3b433,2026-08-01T09:20:56+00:00,2297,0,131,0,10.102,200.20000000000005,35,fit:80de1342a3e9944829ab101957c8eddffd3d18cb805507bed707b0e306d3b433:segment:011,11,18744.0,17624,activities/108_260801060832.csv,1,1,0,0
fit:80de1342a3e9944829ab101957c8eddffd3d18cb805507bed707b0e306d3b433,2026-08-01T09:20:57+00:00,2298,0,130,0,10.079,200.20000000000005,35,fit:80de1342a3e9944829ab101957c8eddffd3d18cb805507bed707b0e306d3b433:segment:011,11,18745.0,17625,activities/108_260801060832.csv,1,1,0,0
fit:80de1342a3e9944829ab101957c8eddffd3d18cb805507bed707b0e306d3b433,2026-08-01T09:20:58+00:00,2299,0,130,0,10.071,199.20000000000005,35,fit:80de1342a3e9944829ab101957c8eddffd3d18cb805507bed707b0e306d3b433:segment:011,11,18746.0,17626,activities/108_260801060832.csv,1,1,0,0
fit:80de1342a3e9944829ab101957c8eddffd3d18cb805507bed707b0e306d3b433,2026-08-01T09:20:59+00:00,2300,0,129,0,9.72,201.0,35,fit:80de1342a3e9944829ab101957c8eddffd3d18cb805507bed707b0e306d3b433:segment:011,11,18747.0,17627,activities/108_260801060832.csv,1,1,0,0
fit:80de1342a3e9944829ab101957c8eddffd3d18cb805507bed707b0e306d3b433,2026-08-01T09:21:00+00:00,2301,0,128,0,9.303,201.0,35,fit:80de1342a3e9944829ab101957c8eddffd3d18cb805507bed707b0e306d3b433:segment:011,11,18748.0,17628,activities/108_260801060832.csv,1,1,0,0
fit:80de1342a3e9944829ab101957c8eddffd3d18cb805507bed707b0e306d3b433,2026-08-01T09:21:01+00:00,2302,0,128,0,9.092,201.0,35,fit:80de1342a3e9944829ab101957c8eddffd3d18cb805507bed707b0e306d3b433:segment:011,11,18749.0,17629,activities/108_260801060832.csv,1,1,0,0
fit:80de1342a3e9944829ab101957c8eddffd3d18cb805507bed707b0e306d3b433,2026-08-01T09:21:02+00:00,2303,0,126,0,8.984,200.0,35,fit:80de1342a3e9944829ab101957c8eddffd3d18cb805507bed707b0e306d3b433:segment:011,11,18750.0,17630,activities/108_260801060832.csv,1,1,0,0
fit:80de1342a3e9944829ab101957c8eddffd3d18cb805507bed707b0e306d3b433,2026-08-01T09:21:03+00:00,2304,85,124,0,8.761,198.0,35,fit:80de1342a3e9944829ab101957c8eddffd3d18cb805507bed707b0e306d3b433:segment:011,11,18751.0,17631,activities/108_260801060832.csv,1,1,0,0
fit:80de1342a3e9944829ab101957c8eddffd3d18cb805507bed707b0e306d3b433,2026-08-01T09:21:04+00:00,2305,85,124,60,9.081,198.0,35,fit:80de1342a3e9944829ab101957c8eddffd3d18cb805507bed707b0e306d3b433:segment:011,11,18752.0,17632,activities/108_260801060832.csv,1,1,0,0
fit:80de1342a3e9944829ab101957c8eddffd3d18cb805507bed707b0e306d3b433,2026-08-01T09:21:05+00:00,2306,85,123,60,9.572,198.0,35,fit:80de1342a3e9944829ab101957c8eddffd3d18cb805507bed707b0e306d3b433:segment:011,11,18753.0,17633,activities/108_260801060832.csv,1,1,0,0
fit:80de1342a3e9944829ab101957c8eddffd3d18cb805507bed707b0e306d3b433,2026-08-01T09:21:06+00:00,2307,85,123,60,10.093,197.0,35,fit:80de1342a3e9944829ab101957c8eddffd3d18cb805507bed707b0e306d3b433:segment:011,11,18754.0,17634,activities/108_260801060832.csv,1,1,0,0
fit:80de1342a3e9944829ab101957c8eddffd3d18cb805507bed707b0e306d3b433,2026-08-01T09:21:07+00:00,2308,85,122,60,10.572,194.20000000000005,35,fit:80de1342a3e9944829ab101957c8eddffd3d18cb805507bed707b0e306d3b433:segment:011,11,18755.0,17635,activities/108_260801060832.csv,1,1,0,0
fit:80de1342a3e9944829ab101957c8eddffd3d18cb805507bed707b0e306d3b433,2026-08-01T09:21:08+00:00,2309,85,122,60,11.16,194.20000000000005,35,fit:80de1342a3e9944829ab101957c8eddffd3d18cb805507bed707b0e306d3b433:segment:011,11,18756.0,17636,activities/108_260801060832.csv,1,1,0,0
fit:80de1342a3e9944829ab101957c8eddffd3d18cb805507bed707b0e306d3b433,2026-08-01T09:21:09+00:00,2310,85,121,60,11.679,194.20000000000005,35,fit:80de1342a3e9944829ab101957c8eddffd3d18cb805507bed707b0e306d3b433:segment:011,11,18757.0,17637,activities/108_260801060832.csv,1,1,0,0
fit:80de1342a3e9944829ab101957c8eddffd3d18cb805507bed707b0e306d3b433,2026-08-01T09:21:10+00:00,2311,0,121,60,12.121,193.20000000000005,35,fit:80de1342a3e9944829ab101957c8eddffd3d18cb805507bed707b0e306d3b433:segment:011,11,18758.0,17638,activities/108_260801060832.csv,1,1,0,0
fit:80de1342a3e9944829ab101957c8eddffd3d18cb805507bed707b0e306d3b433,2026-08-01T09:21:11+00:00,2312,0,120,0,12.624,190.79999999999995,35,fit:80de1342a3e9944829ab101957c8eddffd3d18cb805507bed707b0e306d3b433:segment:011,11,18759.0,17639,activities/108_260801060832.csv,1,1,0,0
fit:80de1342a3e9944829ab101957c8eddffd3d18cb805507bed707b0e306d3b433,2026-08-01T09:21:12+00:00,2313,0,120,0,12.901,190.79999999999995,35,fit:80de1342a3e9944829ab101957c8eddffd3d18cb805507bed707b0e306d3b433:segment:011,11,18760.0,17640,activities/108_260801060832.csv,1,1,0,0
fit:80de1342a3e9944829ab101957c8eddffd3d18cb805507bed707b0e306d3b433,2026-08-01T09:21:13+00:00,2314,0,119,0,13.292,190.79999999999995,35,fit:80de1342a3e9944829ab101957c8eddffd3d18cb805507bed707b0e306d3b433:segment:011,11,18761.0,17641,activities/108_260801060832.csv,1,1,0,0
fit:80de1342a3e9944829ab101957c8eddffd3d18cb805507bed707b0e306d3b433,2026-08-01T09:21:14+00:00,2315,0,119,0,13.51,189.79999999999995,35,fit:80de1342a3e9944829ab101957c8eddffd3d18cb805507bed707b0e306d3b433:segment:011,11,18762.0,17642,activities/108_260801060832.csv,1,1,0,0
fit:80de1342a3e9944829ab101957c8eddffd3d18cb805507bed707b0e306d3b433,2026-08-01T09:21:15+00:00,2316,0,119,0,13.613,186.39999999999998,35,fit:80de1342a3e9944829ab101957c8eddffd3d18cb805507bed707b0e306d3b433:segment:011,11,18763.0,17643,activities/108_260801060832.csv,1,1,0,0
fit:80de1342a3e9944829ab101957c8eddffd3d18cb805507bed707b0e306d3b433,2026-08-01T09:21:16+00:00,2317,0,118,0,13.66,186.39999999999998,35,fit:80de1342a3e9944829ab101957c8eddffd3d18cb805507bed707b0e306d3b433:segment:011,11,18764.0,17644,activities/108_260801060832.csv,1,1,0,0
fit:80de1342a3e9944829ab101957c8eddffd3d18cb805507bed707b0e306d3b433,2026-08-01T09:21:17+00:00,2318,0,118,0,13.352,186.39999999999998,35,fit:80de1342a3e9944829ab101957c8eddffd3d18cb805507bed707b0e306d3b433:segment:011,11,18765.0,17645,activities/108_260801060832.csv,1,1,0,0
fit:80de1342a3e9944829ab101957c8eddffd3d18cb805507bed707b0e306d3b433,2026-08-01T09:21:18+00:00,2319,0,117,0,13.385,186.39999999999998,35,fit:80de1342a3e9944829ab101957c8eddffd3d18cb805507bed707b0e306d3b433:segment:011,11,18766.0,17646,activities/108_260801060832.csv,1,1,0,0
fit:80de1342a3e9944829ab101957c8eddffd3d18cb805507bed707b0e306d3b433,2026-08-01T09:21:19+00:00,2320,0,117,0,13.519,183.79999999999995,35,fit:80de1342a3e9944829ab101957c8eddffd3d18cb805507bed707b0e306d3b433:segment:011,11,18767.0,17647,activities/108_260801060832.csv,1,1,0,0
fit:80de1342a3e9944829ab101957c8eddffd3d18cb805507bed707b0e306d3b433,2026-08-01T09:21:20+00:00,2321,0,116,0,13.616,183.79999999999995,35,fit:80de1342a3e9944829ab101957c8eddffd3d18cb805507bed707b0e306d3b433:segment:011,11,18768.0,17648,activities/108_260801060832.csv,1,1,0,0
fit:80de1342a3e9944829ab101957c8eddffd3d18cb805507bed707b0e306d3b433,2026-08-01T09:21:21+00:00,2322,0,116,0,13.686,183.79999999999995,35,fit:80de1342a3e9944829ab101957c8eddffd3d18cb805507bed707b0e306d3b433:segment:011,11,18769.0,17649,activities/108_260801060832.csv,1,1,0,0
fit:80de1342a3e9944829ab101957c8eddffd3d18cb805507bed707b0e306d3b433,2026-08-01T09:21:22+00:00,2323,0,116,0,13.72,182.79999999999995,35,fit:80de1342a3e9944829ab101957c8eddffd3d18cb805507bed707b0e306d3b433:segment:011,11,18770.0,17650,activities/108_260801060832.csv,1,1,0,0
fit:80de1342a3e9944829ab101957c8eddffd3d18cb805507bed707b0e306d3b433,2026-08-01T09:21:23+00:00,2324,0,115,0,13.866,187.0,35,fit:80de1342a3e9944829ab101957c8eddffd3d18cb805507bed707b0e306d3b433:segment:011,11,18771.0,17651,activities/108_260801060832.csv,1,1,0,0
fit:80de1342a3e9944829ab101957c8eddffd3d18cb805507bed707b0e306d3b433,2026-08-01T09:21:24+00:00,2325,0,116,0,13.796,187.0,35,fit:80de1342a3e9944829ab101957c8eddffd3d18cb805507bed707b0e306d3b433:segment:011,11,18772.0,17652,activities/108_260801060832.csv,1,1,0,0
fit:80de1342a3e9944829ab101957c8eddffd3d18cb805507bed707b0e306d3b433,2026-08-01T09:21:25+00:00,2326,0,116,0,13.687,187.0,35,fit:80de1342a3e9944829ab101957c8eddffd3d18cb805507bed707b0e306d3b433:segment:011,11,18773.0,17653,activities/108_260801060832.csv,1,1,0,0
fit:80de1342a3e9944829ab101957c8eddffd3d18cb805507bed707b0e306d3b433,2026-08-01T09:21:26+00:00,2327,0,116,0,13.625,186.0,35,fit:80de1342a3e9944829ab101957c8eddffd3d18cb805507bed707b0e306d3b433:segment:011,11,18774.0,17654,activities/108_260801060832.csv,1,1,0,0
fit:80de1342a3e9944829ab101957c8eddffd3d18cb805507bed707b0e306d3b433,2026-08-01T09:21:27+00:00,2328,0,116,0,13.676,180.60000000000002,35,fit:80de1342a3e9944829ab101957c8eddffd3d18cb805507bed707b0e306d3b433:segment:011,11,18775.0,17655,activities/108_260801060832.csv,1,1,0,0
fit:80de1342a3e9944829ab101957c8eddffd3d18cb805507bed707b0e306d3b433,2026-08-01T09:21:28+00:00,2329,0,116,0,13.699,180.60000000000002,35,fit:80de1342a3e9944829ab101957c8eddffd3d18cb805507bed707b0e306d3b433:segment:011,11,18776.0,17656,activities/108_260801060832.csv,1,1,0,0
fit:80de1342a3e9944829ab101957c8eddffd3d18cb805507bed707b0e306d3b433,2026-08-01T09:21:29+00:00,2330,0,117,0,13.636,180.60000000000002,35,fit:80de1342a3e9944829ab101957c8eddffd3d18cb805507bed707b0e306d3b433:segment:011,11,18777.0,17657,activities/108_260801060832.csv,1,1,0,0
fit:80de1342a3e9944829ab101957c8eddffd3d18cb805507bed707b0e306d3b433,2026-08-01T09:21:30+00:00,2331,0,117,0,13.52,179.60000000000002,35,fit:80de1342a3e9944829ab101957c8eddffd3d18cb805507bed707b0e306d3b433:segment:011,11,18778.0,17658,activities/108_260801060832.csv,1,1,0,0
fit:80de1342a3e9944829ab101957c8eddffd3d18cb805507bed707b0e306d3b433,2026-08-01T09:21:31+00:00,2332,0,117,0,13.495,180.0,35,fit:80de1342a3e9944829ab101957c8eddffd3d18cb805507bed707b0e306d3b433:segment:011,11,18779.0,17659,activities/108_260801060832.csv,1,1,0,0
fit:80de1342a3e9944829ab101957c8eddffd3d18cb805507bed707b0e306d3b433,2026-08-01T09:21:32+00:00,2333,0,117,0,13.408,180.0,35,fit:80de1342a3e9944829ab101957c8eddffd3d18cb805507bed707b0e306d3b433:segment:011,11,18780.0,17660,activities/108_260801060832.csv,1,1,0,0
fit:80de1342a3e9944829ab101957c8eddffd3d18cb805507bed707b0e306d3b433,2026-08-01T09:21:33+00:00,2334,0,118,0,13.301,180.0,35,fit:80de1342a3e9944829ab101957c8eddffd3d18cb805507bed707b0e306d3b433:segment:011,11,18781.0,17661,activities/108_260801060832.csv,1,1,0,0
fit:80de1342a3e9944829ab101957c8eddffd3d18cb805507bed707b0e306d3b433,2026-08-01T09:21:34+00:00,2335,0,119,0,13.15,179.0,35,fit:80de1342a3e9944829ab101957c8eddffd3d18cb805507bed707b0e306d3b433:segment:011,11,18782.0,17662,activities/108_260801060832.csv,1,1,0,0
fit:80de1342a3e9944829ab101957c8eddffd3d18cb805507bed707b0e306d3b433,2026-08-01T09:21:35+00:00,2336,124,120,0,13.039,177.39999999999998,35,fit:80de1342a3e9944829ab101957c8eddffd3d18cb805507bed707b0e306d3b433:segment:011,11,18783.0,17663,activities/108_260801060832.csv,1,1,0,0
fit:80de1342a3e9944829ab101957c8eddffd3d18cb805507bed707b0e306d3b433,2026-08-01T09:21:36+00:00,2337,214,120,76,13.065,177.39999999999998,35,fit:80de1342a3e9944829ab101957c8eddffd3d18cb805507bed707b0e306d3b433:segment:011,11,18784.0,17664,activities/108_260801060832.csv,1,1,0,0
fit:80de1342a3e9944829ab101957c8eddffd3d18cb805507bed707b0e306d3b433,2026-08-01T09:21:37+00:00,2338,188,121,76,13.035,177.39999999999998,35,fit:80de1342a3e9944829ab101957c8eddffd3d18cb805507bed707b0e306d3b433:segment:011,11,18785.0,17665,activities/108_260801060832.csv,1,1,0,0
fit:80de1342a3e9944829ab101957c8eddffd3d18cb805507bed707b0e306d3b433,2026-08-01T09:21:38+00:00,2339,188,122,76,13.074,176.39999999999998,35,fit:80de1342a3e9944829ab101957c8eddffd3d18cb805507bed707b0e306d3b433:segment:011,11,18786.0,17666,activities/108_260801060832.csv,1,1,0,0
fit:80de1342a3e9944829ab101957c8eddffd3d18cb805507bed707b0e306d3b433,2026-08-01T09:21:39+00:00,2340,188,122,76,13.085,176.20000000000005,35,fit:80de1342a3e9944829ab101957c8eddffd3d18cb805507bed707b0e306d3b433:segment:011,11,18787.0,17667,activities/108_260801060832.csv,1,1,0,0
fit:80de1342a3e9944829ab101957c8eddffd3d18cb805507bed707b0e306d3b433,2026-08-01T09:21:40+00:00,2341,0,122,0,13.195,176.20000000000005,35,fit:80de1342a3e9944829ab101957c8eddffd3d18cb805507bed707b0e306d3b433:segment:011,11,18788.0,17668,activities/108_260801060832.csv,1,1,0,0
fit:80de1342a3e9944829ab101957c8eddffd3d18cb805507bed707b0e306d3b433,2026-08-01T09:21:41+00:00,2342,0,122,0,13.156,176.20000000000005,35,fit:80de1342a3e9944829ab101957c8eddffd3d18cb805507bed707b0e306d3b433:segment:011,11,18789.0,17669,activities/108_260801060832.csv,1,1,0,0
fit:80de1342a3e9944829ab101957c8eddffd3d18cb805507bed707b0e306d3b433,2026-08-01T09:21:42+00:00,2343,0,122,0,13.117,175.39999999999998,35,fit:80de1342a3e9944829ab101957c8eddffd3d18cb805507bed707b0e306d3b433:segment:011,11,18790.0,17670,activities/108_260801060832.csv,1,1,0,0
fit:80de1342a3e9944829ab101957c8eddffd3d18cb805507bed707b0e306d3b433,2026-08-01T09:21:43+00:00,2344,0,123,0,13.088,173.79999999999995,35,fit:80de1342a3e9944829ab101957c8eddffd3d18cb805507bed707b0e306d3b433:segment:011,11,18791.0,17671,activities/108_260801060832.csv,1,1,0,0
fit:80de1342a3e9944829ab101957c8eddffd3d18cb805507bed707b0e306d3b433,2026-08-01T09:21:44+00:00,2345,7,124,0,12.971,173.79999999999995,35,fit:80de1342a3e9944829ab101957c8eddffd3d18cb805507bed707b0e306d3b433:segment:011,11,18792.0,17672,activities/108_260801060832.csv,1,1,0,0
fit:80de1342a3e9944829ab101957c8eddffd3d18cb805507bed707b0e306d3b433,2026-08-01T09:21:45+00:00,2346,211,124,81,13.099,173.79999999999995,35,fit:80de1342a3e9944829ab101957c8eddffd3d18cb805507bed707b0e306d3b433:segment:011,11,18793.0,17673,activities/108_260801060832.csv,1,1,0,0
fit:80de1342a3e9944829ab101957c8eddffd3d18cb805507bed707b0e306d3b433,2026-08-01T09:21:46+00:00,2347,149,124,81,13.114,173.79999999999995,35,fit:80de1342a3e9944829ab101957c8eddffd3d18cb805507bed707b0e306d3b433:segment:011,11,18794.0,17674,activities/108_260801060832.csv,1,1,0,0
fit:80de1342a3e9944829ab101957c8eddffd3d18cb805507bed707b0e306d3b433,2026-08-01T09:21:47+00:00,2348,149,123,92,13.247,172.20000000000005,35,fit:80de1342a3e9944829ab101957c8eddffd3d18cb805507bed707b0e306d3b433:segment:011,11,18795.0,17675,activities/108_260801060832.csv,1,1,0,0
fit:80de1342a3e9944829ab101957c8eddffd3d18cb805507bed707b0e306d3b433,2026-08-01T09:21:48+00:00,2349,149,122,92,13.287,172.20000000000005,35,fit:80de1342a3e9944829ab101957c8eddffd3d18cb805507bed707b0e306d3b433:segment:011,11,18796.0,17676,activities/108_260801060832.csv,1,1,0,0
fit:80de1342a3e9944829ab101957c8eddffd3d18cb805507bed707b0e306d3b433,2026-08-01T09:21:49+00:00,2350,143,121,92,13.282,172.20000000000005,35,fit:80de1342a3e9944829ab101957c8eddffd3d18cb805507bed707b0e306d3b433:segment:011,11,18797.0,17677,activities/108_260801060832.csv,1,1,0,0
fit:80de1342a3e9944829ab101957c8eddffd3d18cb805507bed707b0e306d3b433,2026-08-01T09:21:50+00:00,2351,0,121,88,13.287,171.20000000000005,35,fit:80de1342a3e9944829ab101957c8eddffd3d18cb805507bed707b0e306d3b433:segment:011,11,18798.0,17678,activities/108_260801060832.csv,1,1,0,0
fit:80de1342a3e9944829ab101957c8eddffd3d18cb805507bed707b0e306d3b433,2026-08-01T09:21:51+00:00,2352,0,121,0,13.166,171.39999999999998,35,fit:80de1342a3e9944829ab101957c8eddffd3d18cb805507bed707b0e306d3b433:segment:011,11,18799.0,17679,activities/108_260801060832.csv,1,1,0,0
fit:80de1342a3e9944829ab101957c8eddffd3d18cb805507bed707b0e306d3b433,2026-08-01T09:21:52+00:00,2353,0,121,0,12.96,171.39999999999998,35,fit:80de1342a3e9944829ab101957c8eddffd3d18cb805507bed707b0e306d3b433:segment:011,11,18800.0,17680,activities/108_260801060832.csv,1,1,0,0
fit:80de1342a3e9944829ab101957c8eddffd3d18cb805507bed707b0e306d3b433,2026-08-01T09:21:53+00:00,2354,0,121,0,12.64,171.39999999999998,35,fit:80de1342a3e9944829ab101957c8eddffd3d18cb805507bed707b0e306d3b433:segment:011,11,18801.0,17681,activities/108_260801060832.csv,1,1,0,0
fit:80de1342a3e9944829ab101957c8eddffd3d18cb805507bed707b0e306d3b433,2026-08-01T09:21:54+00:00,2355,0,121,0,12.157,171.20000000000005,35,fit:80de1342a3e9944829ab101957c8eddffd3d18cb805507bed707b0e306d3b433:segment:011,11,18802.0,17682,activities/108_260801060832.csv,1,1,0,0
fit:80de1342a3e9944829ab101957c8eddffd3d18cb805507bed707b0e306d3b433,2026-08-01T09:21:55+00:00,2356,0,121,0,12.017,170.20000000000005,35,fit:80de1342a3e9944829ab101957c8eddffd3d18cb805507bed707b0e306d3b433:segment:011,11,18803.0,17683,activities/108_260801060832.csv,1,1,0,0
fit:80de1342a3e9944829ab101957c8eddffd3d18cb805507bed707b0e306d3b433,2026-08-01T09:21:56+00:00,2357,0,121,0,11.441,170.20000000000005,35,fit:80de1342a3e9944829ab101957c8eddffd3d18cb805507bed707b0e306d3b433:segment:011,11,18804.0,17684,activities/108_260801060832.csv,1,1,0,0
fit:80de1342a3e9944829ab101957c8eddffd3d18cb805507bed707b0e306d3b433,2026-08-01T09:21:57+00:00,2358,0,121,0,11.163,170.20000000000005,35,fit:80de1342a3e9944829ab101957c8eddffd3d18cb805507bed707b0e306d3b433:segment:011,11,18805.0,17685,activities/108_260801060832.csv,1,1,0,0
fit:80de1342a3e9944829ab101957c8eddffd3d18cb805507bed707b0e306d3b433,2026-08-01T09:21:58+00:00,2359,0,121,0,10.464,170.20000000000005,35,fit:80de1342a3e9944829ab101957c8eddffd3d18cb805507bed707b0e306d3b433:segment:011,11,18806.0,17686,activities/108_260801060832.csv,1,1,0,0
fit:80de1342a3e9944829ab101957c8eddffd3d18cb805507bed707b0e306d3b433,2026-08-01T09:21:59+00:00,2360,0,121,0,9.073,171.39999999999998,35,fit:80de1342a3e9944829ab101957c8eddffd3d18cb805507bed707b0e306d3b433:segment:011,11,18807.0,17687,activities/108_260801060832.csv,1,1,0,0
fit:80de1342a3e9944829ab101957c8eddffd3d18cb805507bed707b0e306d3b433,2026-08-01T09:22:00+00:00,2361,0,119,0,6.747,171.39999999999998,35,fit:80de1342a3e9944829ab101957c8eddffd3d18cb805507bed707b0e306d3b433:segment:011,11,18808.0,17688,activities/108_260801060832.csv,1,1,0,0
fit:80de1342a3e9944829ab101957c8eddffd3d18cb805507bed707b0e306d3b433,2026-08-01T09:22:01+00:00,2362,0,119,0,4.944,171.39999999999998,35,fit:80de1342a3e9944829ab101957c8eddffd3d18cb805507bed707b0e306d3b433:segment:011,11,18809.0,17689,activities/108_260801060832.csv,1,1,0,0
fit:80de1342a3e9944829ab101957c8eddffd3d18cb805507bed707b0e306d3b433,2026-08-01T09:22:02+00:00,2363,0,119,0,3.593,172.20000000000005,35,fit:80de1342a3e9944829ab101957c8eddffd3d18cb805507bed707b0e306d3b433:segment:011,11,18810.0,17690,activities/108_260801060832.csv,1,1,0,0
fit:80de1342a3e9944829ab101957c8eddffd3d18cb805507bed707b0e306d3b433,2026-08-01T09:22:03+00:00,2364,0,118,0,2.89,171.79999999999995,35,fit:80de1342a3e9944829ab101957c8eddffd3d18cb805507bed707b0e306d3b433:segment:011,11,18811.0,17691,activities/108_260801060832.csv,1,1,0,0
fit:80de1342a3e9944829ab101957c8eddffd3d18cb805507bed707b0e306d3b433,2026-08-01T09:22:04+00:00,2365,13,118,0,2.497,171.79999999999995,35,fit:80de1342a3e9944829ab101957c8eddffd3d18cb805507bed707b0e306d3b433:segment:011,11,18812.0,17692,activities/108_260801060832.csv,1,1,0,0
fit:80de1342a3e9944829ab101957c8eddffd3d18cb805507bed707b0e306d3b433,2026-08-01T09:22:05+00:00,2366,14,118,0,2.284,171.79999999999995,35,fit:80de1342a3e9944829ab101957c8eddffd3d18cb805507bed707b0e306d3b433:segment:011,11,18813.0,17693,activities/108_260801060832.csv,1,1,0,0
fit:80de1342a3e9944829ab101957c8eddffd3d18cb805507bed707b0e306d3b433,2026-08-01T09:22:06+00:00,2367,69,119,27,2.351,171.79999999999995,35,fit:80de1342a3e9944829ab101957c8eddffd3d18cb805507bed707b0e306d3b433:segment:011,11,18814.0,17694,activities/108_260801060832.csv,1,1,0,0
fit:80de1342a3e9944829ab101957c8eddffd3d18cb805507bed707b0e306d3b433,2026-08-01T09:22:07+00:00,2368,69,119,27,2.579,172.39999999999998,35,fit:80de1342a3e9944829ab101957c8eddffd3d18cb805507bed707b0e306d3b433:segment:011,11,18815.0,17695,activities/108_260801060832.csv,1,1,0,0
fit:80de1342a3e9944829ab101957c8eddffd3d18cb805507bed707b0e306d3b433,2026-08-01T09:22:08+00:00,2369,169,119,35,2.779,172.39999999999998,35,fit:80de1342a3e9944829ab101957c8eddffd3d18cb805507bed707b0e306d3b433:segment:011,11,18816.0,17696,activities/108_260801060832.csv,1,1,0,0
fit:80de1342a3e9944829ab101957c8eddffd3d18cb805507bed707b0e306d3b433,2026-08-01T09:22:09+00:00,2370,273,119,35,3.311,172.39999999999998,35,fit:80de1342a3e9944829ab101957c8eddffd3d18cb805507bed707b0e306d3b433:segment:011,11,18817.0,17697,activities/108_260801060832.csv,1,1,0,0
fit:80de1342a3e9944829ab101957c8eddffd3d18cb805507bed707b0e306d3b433,2026-08-01T09:22:10+00:00,2371,284,119,58,4.17,171.39999999999998,35,fit:80de1342a3e9944829ab101957c8eddffd3d18cb805507bed707b0e306d3b433:segment:011,11,18818.0,17698,activities/108_260801060832.csv,1,1,0,0
fit:80de1342a3e9944829ab101957c8eddffd3d18cb805507bed707b0e306d3b433,2026-08-01T09:22:11+00:00,2372,262,119,63,4.811,171.39999999999998,35,fit:80de1342a3e9944829ab101957c8eddffd3d18cb805507bed707b0e306d3b433:segment:011,11,18819.0,17699,activities/108_260801060832.csv,1,1,0,0
fit:80de1342a3e9944829ab101957c8eddffd3d18cb805507bed707b0e306d3b433,2026-08-01T09:22:12+00:00,2373,263,119,67,5.3,171.39999999999998,35,fit:80de1342a3e9944829ab101957c8eddffd3d18cb805507bed707b0e306d3b433:segment:011,11,18820.0,17700,activities/108_260801060832.csv,1,1,0,0
fit:80de1342a3e9944829ab101957c8eddffd3d18cb805507bed707b0e306d3b433,2026-08-01T09:22:13+00:00,2374,289,120,67,5.503,171.39999999999998,35,fit:80de1342a3e9944829ab101957c8eddffd3d18cb805507bed707b0e306d3b433:segment:011,11,18821.0,17701,activities/108_260801060832.csv,1,1,0,0
fit:80de1342a3e9944829ab101957c8eddffd3d18cb805507bed707b0e306d3b433,2026-08-01T09:22:14+00:00,2375,140,120,74,6.106,171.39999999999998,35,fit:80de1342a3e9944829ab101957c8eddffd3d18cb805507bed707b0e306d3b433:segment:011,11,18822.0,17702,activities/108_260801060832.csv,1,1,0,0
fit:80de1342a3e9944829ab101957c8eddffd3d18cb805507bed707b0e306d3b433,2026-08-01T09:22:15+00:00,2376,178,120,47,6.461,171.0,35,fit:80de1342a3e9944829ab101957c8eddffd3d18cb805507bed707b0e306d3b433:segment:011,11,18823.0,17703,activities/108_260801060832.csv,1,1,0,0
fit:80de1342a3e9944829ab101957c8eddffd3d18cb805507bed707b0e306d3b433,2026-08-01T09:22:16+00:00,2377,250,122,79,6.591,171.0,35,fit:80de1342a3e9944829ab101957c8eddffd3d18cb805507bed707b0e306d3b433:segment:011,11,18824.0,17704,activities/108_260801060832.csv,1,1,0,0
fit:80de1342a3e9944829ab101957c8eddffd3d18cb805507bed707b0e306d3b433,2026-08-01T09:22:17+00:00,2378,142,124,80,6.879,171.0,35,fit:80de1342a3e9944829ab101957c8eddffd3d18cb805507bed707b0e306d3b433:segment:011,11,18825.0,17705,activities/108_260801060832.csv,1,1,0,0
fit:80de1342a3e9944829ab101957c8eddffd3d18cb805507bed707b0e306d3b433,2026-08-01T09:22:18+00:00,2379,144,126,80,7.015,171.0,35,fit:80de1342a3e9944829ab101957c8eddffd3d18cb805507bed707b0e306d3b433:segment:011,11,18826.0,17706,activities/108_260801060832.csv,1,1,0,0
fit:80de1342a3e9944829ab101957c8eddffd3d18cb805507bed707b0e306d3b433,2026-08-01T09:22:19+00:00,2380,137,128,80,6.992,171.79999999999995,35,fit:80de1342a3e9944829ab101957c8eddffd3d18cb805507bed707b0e306d3b433:segment:011,11,18827.0,17707,activities/108_260801060832.csv,1,1,0,0
fit:80de1342a3e9944829ab101957c8eddffd3d18cb805507bed707b0e306d3b433,2026-08-01T09:22:20+00:00,2381,137,129,79,7.014,171.79999999999995,35,fit:80de1342a3e9944829ab101957c8eddffd3d18cb805507bed707b0e306d3b433:segment:011,11,18828.0,17708,activities/108_260801060832.csv,1,1,0,0
fit:80de1342a3e9944829ab101957c8eddffd3d18cb805507bed707b0e306d3b433,2026-08-01T09:22:21+00:00,2382,122,129,79,7.094,171.79999999999995,35,fit:80de1342a3e9944829ab101957c8eddffd3d18cb805507bed707b0e306d3b433:segment:011,11,18829.0,17709,activities/108_260801060832.csv,1,1,0,0
fit:80de1342a3e9944829ab101957c8eddffd3d18cb805507bed707b0e306d3b433,2026-08-01T09:22:22+00:00,2383,96,129,79,6.985,171.60000000000002,35,fit:80de1342a3e9944829ab101957c8eddffd3d18cb805507bed707b0e306d3b433:segment:011,11,18830.0,17710,activities/108_260801060832.csv,1,1,0,0
fit:80de1342a3e9944829ab101957c8eddffd3d18cb805507bed707b0e306d3b433,2026-08-01T09:22:23+00:00,2384,104,130,74,6.897,171.39999999999998,35,fit:80de1342a3e9944829ab101957c8eddffd3d18cb805507bed707b0e306d3b433:segment:011,11,18831.0,17711,activities/108_260801060832.csv,1,1,0,0
fit:80de1342a3e9944829ab101957c8eddffd3d18cb805507bed707b0e306d3b433,2026-08-01T09:22:24+00:00,2385,197,130,74,6.609,171.39999999999998,35,fit:80de1342a3e9944829ab101957c8eddffd3d18cb805507bed707b0e306d3b433:segment:011,11,18832.0,17712,activities/108_260801060832.csv,1,1,0,0
fit:80de1342a3e9944829ab101957c8eddffd3d18cb805507bed707b0e306d3b433,2026-08-01T09:22:25+00:00,2386,77,130,68,6.376,171.39999999999998,35,fit:80de1342a3e9944829ab101957c8eddffd3d18cb805507bed707b0e306d3b433:segment:011,11,18833.0,17713,activities/108_260801060832.csv,1,1,0,0
fit:80de1342a3e9944829ab101957c8eddffd3d18cb805507bed707b0e306d3b433,2026-08-01T09:22:26+00:00,2387,78,130,69,6.179,171.79999999999995,35,fit:80de1342a3e9944829ab101957c8eddffd3d18cb805507bed707b0e306d3b433:segment:011,11,18834.0,17714,activities/108_260801060832.csv,1,1,0,0
fit:80de1342a3e9944829ab101957c8eddffd3d18cb805507bed707b0e306d3b433,2026-08-01T09:22:27+00:00,2388,178,130,71,5.922,173.0,35,fit:80de1342a3e9944829ab101957c8eddffd3d18cb805507bed707b0e306d3b433:segment:011,11,18835.0,17715,activities/108_260801060832.csv,1,1,0,0
fit:80de1342a3e9944829ab101957c8eddffd3d18cb805507bed707b0e306d3b433,2026-08-01T09:22:28+00:00,2389,204,130,70,5.546,173.0,35,fit:80de1342a3e9944829ab101957c8eddffd3d18cb805507bed707b0e306d3b433:segment:011,11,18836.0,17716,activities/108_260801060832.csv,1,1,0,0
fit:80de1342a3e9944829ab101957c8eddffd3d18cb805507bed707b0e306d3b433,2026-08-01T09:22:29+00:00,2390,260,130,68,5.326,173.0,35,fit:80de1342a3e9944829ab101957c8eddffd3d18cb805507bed707b0e306d3b433:segment:011,11,18837.0,17717,activities/108_260801060832.csv,1,1,0,0
fit:80de1342a3e9944829ab101957c8eddffd3d18cb805507bed707b0e306d3b433,2026-08-01T09:22:30+00:00,2391,245,131,67,5.151,174.0,35,fit:80de1342a3e9944829ab101957c8eddffd3d18cb805507bed707b0e306d3b433:segment:011,11,18838.0,17718,activities/108_260801060832.csv,1,1,0,0
fit:80de1342a3e9944829ab101957c8eddffd3d18cb805507bed707b0e306d3b433,2026-08-01T09:22:31+00:00,2392,240,132,65,5.081,173.60000000000002,35,fit:80de1342a3e9944829ab101957c8eddffd3d18cb805507bed707b0e306d3b433:segment:011,11,18839.0,17719,activities/108_260801060832.csv,1,1,0,0
fit:80de1342a3e9944829ab101957c8eddffd3d18cb805507bed707b0e306d3b433,2026-08-01T09:22:32+00:00,2393,231,132,64,4.994,173.60000000000002,35,fit:80de1342a3e9944829ab101957c8eddffd3d18cb805507bed707b0e306d3b433:segment:011,11,18840.0,17720,activities/108_260801060832.csv,1,1,0,0
fit:80de1342a3e9944829ab101957c8eddffd3d18cb805507bed707b0e306d3b433,2026-08-01T09:22:33+00:00,2394,210,133,64,4.779,173.60000000000002,35,fit:80de1342a3e9944829ab101957c8eddffd3d18cb805507bed707b0e306d3b433:segment:011,11,18841.0,17721,activities/108_260801060832.csv,1,1,0,0
fit:80de1342a3e9944829ab101957c8eddffd3d18cb805507bed707b0e306d3b433,2026-08-01T09:22:34+00:00,2395,230,133,64,4.637,174.39999999999998,35,fit:80de1342a3e9944829ab101957c8eddffd3d18cb805507bed707b0e306d3b433:segment:011,11,18842.0,17722,activities/108_260801060832.csv,1,1,0,0
fit:80de1342a3e9944829ab101957c8eddffd3d18cb805507bed707b0e306d3b433,2026-08-01T09:22:35+00:00,2396,230,136,65,4.757,175.60000000000002,35,fit:80de1342a3e9944829ab101957c8eddffd3d18cb805507bed707b0e306d3b433:segment:011,11,18843.0,17723,activities/108_260801060832.csv,1,1,0,0
fit:80de1342a3e9944829ab101957c8eddffd3d18cb805507bed707b0e306d3b433,2026-08-01T09:22:36+00:00,2397,226,136,67,4.575,175.60000000000002,35,fit:80de1342a3e9944829ab101957c8eddffd3d18cb805507bed707b0e306d3b433:segment:011,11,18844.0,17724,activities/108_260801060832.csv,1,1,0,0
fit:80de1342a3e9944829ab101957c8eddffd3d18cb805507bed707b0e306d3b433,2026-08-01T09:22:37+00:00,2398,270,138,66,4.665,175.60000000000002,35,fit:80de1342a3e9944829ab101957c8eddffd3d18cb805507bed707b0e306d3b433:segment:011,11,18845.0,17725,activities/108_260801060832.csv,1,1,0,0
fit:80de1342a3e9944829ab101957c8eddffd3d18cb805507bed707b0e306d3b433,2026-08-01T09:22:38+00:00,2399,251,140,66,4.636,176.20000000000005,35,fit:80de1342a3e9944829ab101957c8eddffd3d18cb805507bed707b0e306d3b433:segment:011,11,18846.0,17726,activities/108_260801060832.csv,1,1,0,0
fit:80de1342a3e9944829ab101957c8eddffd3d18cb805507bed707b0e306d3b433,2026-08-01T09:22:39+00:00,2400,261,142,67,4.624,176.20000000000005,35,fit:80de1342a3e9944829ab101957c8eddffd3d18cb805507bed707b0e306d3b433:segment:011,11,18847.0,17727,activities/108_260801060832.csv,1,1,0,0
fit:80de1342a3e9944829ab101957c8eddffd3d18cb805507bed707b0e306d3b433,2026-08-01T09:22:40+00:00,2401,247,143,66,4.525,176.20000000000005,35,fit:80de1342a3e9944829ab101957c8eddffd3d18cb805507bed707b0e306d3b433:segment:011,11,18848.0,17728,activities/108_260801060832.csv,1,1,0,0
fit:80de1342a3e9944829ab101957c8eddffd3d18cb805507bed707b0e306d3b433,2026-08-01T09:22:41+00:00,2402,242,145,65,4.482,176.20000000000005,35,fit:80de1342a3e9944829ab101957c8eddffd3d18cb805507bed707b0e306d3b433:segment:011,11,18849.0,17729,activities/108_260801060832.csv,1,1,0,0
fit:80de1342a3e9944829ab101957c8eddffd3d18cb805507bed707b0e306d3b433,2026-08-01T09:22:42+00:00,2403,248,145,65,4.519,176.60000000000002,35,fit:80de1342a3e9944829ab101957c8eddffd3d18cb805507bed707b0e306d3b433:segment:011,11,18850.0,17730,activities/108_260801060832.csv,1,1,0,0
fit:80de1342a3e9944829ab101957c8eddffd3d18cb805507bed707b0e306d3b433,2026-08-01T09:22:43+00:00,2404,261,147,65,4.448,176.0,35,fit:80de1342a3e9944829ab101957c8eddffd3d18cb805507bed707b0e306d3b433:segment:011,11,18851.0,17731,activities/108_260801060832.csv,1,1,0,0
fit:80de1342a3e9944829ab101957c8eddffd3d18cb805507bed707b0e306d3b433,2026-08-01T09:22:44+00:00,2405,267,148,65,4.447,176.0,35,fit:80de1342a3e9944829ab101957c8eddffd3d18cb805507bed707b0e306d3b433:segment:011,11,18852.0,17732,activities/108_260801060832.csv,1,1,0,0
fit:80de1342a3e9944829ab101957c8eddffd3d18cb805507bed707b0e306d3b433,2026-08-01T09:22:45+00:00,2406,138,148,66,4.446,176.0,35,fit:80de1342a3e9944829ab101957c8eddffd3d18cb805507bed707b0e306d3b433:segment:011,11,18853.0,17733,activities/108_260801060832.csv,1,1,0,0
fit:80de1342a3e9944829ab101957c8eddffd3d18cb805507bed707b0e306d3b433,2026-08-01T09:22:46+00:00,2407,293,149,67,4.292,177.0,35,fit:80de1342a3e9944829ab101957c8eddffd3d18cb805507bed707b0e306d3b433:segment:011,11,18854.0,17734,activities/108_260801060832.csv,1,1,0,0
fit:80de1342a3e9944829ab101957c8eddffd3d18cb805507bed707b0e306d3b433,2026-08-01T09:22:47+00:00,2408,307,152,67,4.24,178.39999999999998,35,fit:80de1342a3e9944829ab101957c8eddffd3d18cb805507bed707b0e306d3b433:segment:011,11,18855.0,17735,activities/108_260801060832.csv,1,1,0,0
fit:80de1342a3e9944829ab101957c8eddffd3d18cb805507bed707b0e306d3b433,2026-08-01T09:22:48+00:00,2409,302,152,67,4.073,178.39999999999998,35,fit:80de1342a3e9944829ab101957c8eddffd3d18cb805507bed707b0e306d3b433:segment:011,11,18856.0,17736,activities/108_260801060832.csv,1,1,0,0
fit:80de1342a3e9944829ab101957c8eddffd3d18cb805507bed707b0e306d3b433,2026-08-01T09:22:49+00:00,2410,296,154,66,4.09,178.39999999999998,35,fit:80de1342a3e9944829ab101957c8eddffd3d18cb805507bed707b0e306d3b433:segment:011,11,18857.0,17737,activities/108_260801060832.csv,1,1,0,0
fit:80de1342a3e9944829ab101957c8eddffd3d18cb805507bed707b0e306d3b433,2026-08-01T09:22:50+00:00,2411,296,155,66,3.952,178.79999999999995,35,fit:80de1342a3e9944829ab101957c8eddffd3d18cb805507bed707b0e306d3b433:segment:011,11,18858.0,17738,activities/108_260801060832.csv,1,1,0,0
fit:80de1342a3e9944829ab101957c8eddffd3d18cb805507bed707b0e306d3b433,2026-08-01T09:22:51+00:00,2412,281,156,64,3.984,179.60000000000002,35,fit:80de1342a3e9944829ab101957c8eddffd3d18cb805507bed707b0e306d3b433:segment:011,11,18859.0,17739,activities/108_260801060832.csv,1,1,0,0
fit:80de1342a3e9944829ab101957c8eddffd3d18cb805507bed707b0e306d3b433,2026-08-01T09:22:52+00:00,2413,298,158,62,3.965,179.60000000000002,35,fit:80de1342a3e9944829ab101957c8eddffd3d18cb805507bed707b0e306d3b433:segment:011,11,18860.0,17740,activities/108_260801060832.csv,1,1,0,0
fit:80de1342a3e9944829ab101957c8eddffd3d18cb805507bed707b0e306d3b433,2026-08-01T09:22:53+00:00,2414,304,159,62,3.787,179.60000000000002,35,fit:80de1342a3e9944829ab101957c8eddffd3d18cb805507bed707b0e306d3b433:segment:011,11,18861.0,17741,activities/108_260801060832.csv,1,1,0,0
fit:80de1342a3e9944829ab101957c8eddffd3d18cb805507bed707b0e306d3b433,2026-08-01T09:22:54+00:00,2415,309,159,62,3.758,179.60000000000002,35,fit:80de1342a3e9944829ab101957c8eddffd3d18cb805507bed707b0e306d3b433:segment:011,11,18862.0,17742,activities/108_260801060832.csv,1,1,0,0
fit:80de1342a3e9944829ab101957c8eddffd3d18cb805507bed707b0e306d3b433,2026-08-01T09:22:55+00:00,2416,310,160,62,3.71,181.0,35,fit:80de1342a3e9944829ab101957c8eddffd3d18cb805507bed707b0e306d3b433:segment:011,11,18863.0,17743,activities/108_260801060832.csv,1,1,0,0
fit:80de1342a3e9944829ab101957c8eddffd3d18cb805507bed707b0e306d3b433,2026-08-01T09:22:56+00:00,2417,325,160,61,3.818,181.0,35,fit:80de1342a3e9944829ab101957c8eddffd3d18cb805507bed707b0e306d3b433:segment:011,11,18864.0,17744,activities/108_260801060832.csv,1,1,0,0
fit:80de1342a3e9944829ab101957c8eddffd3d18cb805507bed707b0e306d3b433,2026-08-01T09:22:57+00:00,2418,329,161,62,3.891,181.0,35,fit:80de1342a3e9944829ab101957c8eddffd3d18cb805507bed707b0e306d3b433:segment:011,11,18865.0,17745,activities/108_260801060832.csv,1,1,0,0
fit:80de1342a3e9944829ab101957c8eddffd3d18cb805507bed707b0e306d3b433,2026-08-01T09:22:58+00:00,2419,305,162,62,3.795,181.0,35,fit:80de1342a3e9944829ab101957c8eddffd3d18cb805507bed707b0e306d3b433:segment:011,11,18866.0,17746,activities/108_260801060832.csv,1,1,0,0
fit:80de1342a3e9944829ab101957c8eddffd3d18cb805507bed707b0e306d3b433,2026-08-01T09:22:59+00:00,2420,331,162,62,3.796,181.79999999999995,35,fit:80de1342a3e9944829ab101957c8eddffd3d18cb805507bed707b0e306d3b433:segment:011,11,18867.0,17747,activities/108_260801060832.csv,1,1,0,0
fit:80de1342a3e9944829ab101957c8eddffd3d18cb805507bed707b0e306d3b433,2026-08-01T09:23:00+00:00,2421,331,162,62,3.752,181.79999999999995,35,fit:80de1342a3e9944829ab101957c8eddffd3d18cb805507bed707b0e306d3b433:segment:011,11,18868.0,17748,activities/108_260801060832.csv,1,1,0,0
fit:80de1342a3e9944829ab101957c8eddffd3d18cb805507bed707b0e306d3b433,2026-08-01T09:23:01+00:00,2422,291,163,60,3.744,181.79999999999995,35,fit:80de1342a3e9944829ab101957c8eddffd3d18cb805507bed707b0e306d3b433:segment:011,11,18869.0,17749,activities/108_260801060832.csv,1,1,0,0
fit:80de1342a3e9944829ab101957c8eddffd3d18cb805507bed707b0e306d3b433,2026-08-01T09:23:02+00:00,2423,288,163,57,3.596,182.79999999999995,35,fit:80de1342a3e9944829ab101957c8eddffd3d18cb805507bed707b0e306d3b433:segment:011,11,18870.0,17750,activities/108_260801060832.csv,1,1,0,0
fit:80de1342a3e9944829ab101957c8eddffd3d18cb805507bed707b0e306d3b433,2026-08-01T09:23:03+00:00,2424,344,164,58,3.544,183.39999999999998,35,fit:80de1342a3e9944829ab101957c8eddffd3d18cb805507bed707b0e306d3b433:segment:011,11,18871.0,17751,activities/108_260801060832.csv,1,1,0,0
fit:80de1342a3e9944829ab101957c8eddffd3d18cb805507bed707b0e306d3b433,2026-08-01T09:23:04+00:00,2425,345,164,58,3.448,183.39999999999998,35,fit:80de1342a3e9944829ab101957c8eddffd3d18cb805507bed707b0e306d3b433:segment:011,11,18872.0,17752,activities/108_260801060832.csv,1,1,0,0
fit:80de1342a3e9944829ab101957c8eddffd3d18cb805507bed707b0e306d3b433,2026-08-01T09:23:05+00:00,2426,346,165,59,3.433,183.39999999999998,35,fit:80de1342a3e9944829ab101957c8eddffd3d18cb805507bed707b0e306d3b433:segment:011,11,18873.0,17753,activities/108_260801060832.csv,1,1,0,0
fit:80de1342a3e9944829ab101957c8eddffd3d18cb805507bed707b0e306d3b433,2026-08-01T09:23:06+00:00,2427,238,165,59,3.496,183.39999999999998,35,fit:80de1342a3e9944829ab101957c8eddffd3d18cb805507bed707b0e306d3b433:segment:011,11,18874.0,17754,activities/108_260801060832.csv,1,1,0,0
fit:80de1342a3e9944829ab101957c8eddffd3d18cb805507bed707b0e306d3b433,2026-08-01T09:23:07+00:00,2428,250,165,59,3.479,184.39999999999998,35,fit:80de1342a3e9944829ab101957c8eddffd3d18cb805507bed707b0e306d3b433:segment:011,11,18875.0,17755,activities/108_260801060832.csv,1,1,0,0
fit:80de1342a3e9944829ab101957c8eddffd3d18cb805507bed707b0e306d3b433,2026-08-01T09:23:08+00:00,2429,210,166,56,3.465,184.39999999999998,35,fit:80de1342a3e9944829ab101957c8eddffd3d18cb805507bed707b0e306d3b433:segment:011,11,18876.0,17756,activities/108_260801060832.csv,1,1,0,0
fit:80de1342a3e9944829ab101957c8eddffd3d18cb805507bed707b0e306d3b433,2026-08-01T09:23:09+00:00,2430,184,166,56,3.432,184.39999999999998,35,fit:80de1342a3e9944829ab101957c8eddffd3d18cb805507bed707b0e306d3b433:segment:011,11,18877.0,17757,activities/108_260801060832.csv,1,1,0,0
fit:80de1342a3e9944829ab101957c8eddffd3d18cb805507bed707b0e306d3b433,2026-08-01T09:23:10+00:00,2431,156,166,53,3.404,185.39999999999998,35,fit:80de1342a3e9944829ab101957c8eddffd3d18cb805507bed707b0e306d3b433:segment:011,11,18878.0,17758,activities/108_260801060832.csv,1,1,0,0
fit:80de1342a3e9944829ab101957c8eddffd3d18cb805507bed707b0e306d3b433,2026-08-01T09:23:11+00:00,2432,157,167,53,3.223,185.0,35,fit:80de1342a3e9944829ab101957c8eddffd3d18cb805507bed707b0e306d3b433:segment:011,11,18879.0,17759,activities/108_260801060832.csv,1,1,0,0
fit:80de1342a3e9944829ab101957c8eddffd3d18cb805507bed707b0e306d3b433,2026-08-01T09:23:12+00:00,2433,71,167,54,3.168,185.0,35,fit:80de1342a3e9944829ab101957c8eddffd3d18cb805507bed707b0e306d3b433:segment:011,11,18880.0,17760,activities/108_260801060832.csv,1,1,0,0
fit:80de1342a3e9944829ab101957c8eddffd3d18cb805507bed707b0e306d3b433,2026-08-01T09:23:13+00:00,2434,26,167,54,3.375,185.0,35,fit:80de1342a3e9944829ab101957c8eddffd3d18cb805507bed707b0e306d3b433:segment:011,11,18881.0,17761,activities/108_260801060832.csv,1,1,0,0
fit:80de1342a3e9944829ab101957c8eddffd3d18cb805507bed707b0e306d3b433,2026-08-01T09:23:14+00:00,2435,26,167,57,3.54,185.0,35,fit:80de1342a3e9944829ab101957c8eddffd3d18cb805507bed707b0e306d3b433:segment:011,11,18882.0,17762,activities/108_260801060832.csv,1,1,0,0
fit:80de1342a3e9944829ab101957c8eddffd3d18cb805507bed707b0e306d3b433,2026-08-01T09:23:15+00:00,2436,27,167,57,3.658,185.79999999999995,35,fit:80de1342a3e9944829ab101957c8eddffd3d18cb805507bed707b0e306d3b433:segment:011,11,18883.0,17763,activities/108_260801060832.csv,1,1,0,0
fit:80de1342a3e9944829ab101957c8eddffd3d18cb805507bed707b0e306d3b433,2026-08-01T09:23:16+00:00,2437,27,167,57,3.736,185.79999999999995,35,fit:80de1342a3e9944829ab101957c8eddffd3d18cb805507bed707b0e306d3b433:segment:011,11,18884.0,17764,activities/108_260801060832.csv,1,1,0,0
fit:80de1342a3e9944829ab101957c8eddffd3d18cb805507bed707b0e306d3b433,2026-08-01T09:23:17+00:00,2438,4,166,57,3.978,185.79999999999995,35,fit:80de1342a3e9944829ab101957c8eddffd3d18cb805507bed707b0e306d3b433:segment:011,11,18885.0,17765,activities/108_260801060832.csv,1,1,0,0
fit:80de1342a3e9944829ab101957c8eddffd3d18cb805507bed707b0e306d3b433,2026-08-01T09:23:18+00:00,2439,4,165,0,4.242,185.60000000000002,35,fit:80de1342a3e9944829ab101957c8eddffd3d18cb805507bed707b0e306d3b433:segment:011,11,18886.0,17766,activities/108_260801060832.csv,1,1,0,0
fit:80de1342a3e9944829ab101957c8eddffd3d18cb805507bed707b0e306d3b433,2026-08-01T09:23:19+00:00,2440,10,165,0,4.537,184.60000000000002,35,fit:80de1342a3e9944829ab101957c8eddffd3d18cb805507bed707b0e306d3b433:segment:011,11,18887.0,17767,activities/108_260801060832.csv,1,1,0,0
fit:80de1342a3e9944829ab101957c8eddffd3d18cb805507bed707b0e306d3b433,2026-08-01T09:23:20+00:00,2441,71,164,38,4.939,184.60000000000002,35,fit:80de1342a3e9944829ab101957c8eddffd3d18cb805507bed707b0e306d3b433:segment:011,11,18888.0,17768,activities/108_260801060832.csv,1,1,0,0
fit:80de1342a3e9944829ab101957c8eddffd3d18cb805507bed707b0e306d3b433,2026-08-01T09:23:21+00:00,2442,71,163,77,5.365,184.60000000000002,35,fit:80de1342a3e9944829ab101957c8eddffd3d18cb805507bed707b0e306d3b433:segment:011,11,18889.0,17769,activities/108_260801060832.csv,1,1,0,0
fit:80de1342a3e9944829ab101957c8eddffd3d18cb805507bed707b0e306d3b433,2026-08-01T09:23:22+00:00,2443,71,163,77,5.606,184.60000000000002,35,fit:80de1342a3e9944829ab101957c8eddffd3d18cb805507bed707b0e306d3b433:segment:011,11,18890.0,17770,activities/108_260801060832.csv,1,1,0,0
fit:80de1342a3e9944829ab101957c8eddffd3d18cb805507bed707b0e306d3b433,2026-08-01T09:23:23+00:00,2444,71,162,77,5.347,182.79999999999995,35,fit:80de1342a3e9944829ab101957c8eddffd3d18cb805507bed707b0e306d3b433:segment:011,11,18891.0,17771,activities/108_260801060832.csv,1,1,0,0
fit:80de1342a3e9944829ab101957c8eddffd3d18cb805507bed707b0e306d3b433,2026-08-01T09:23:24+00:00,2445,71,161,77,4.476,182.79999999999995,35,fit:80de1342a3e9944829ab101957c8eddffd3d18cb805507bed707b0e306d3b433:segment:011,11,18892.0,17772,activities/108_260801060832.csv,1,1,0,0
fit:80de1342a3e9944829ab101957c8eddffd3d18cb805507bed707b0e306d3b433,2026-08-01T09:23:25+00:00,2446,71,160,77,3.151,182.79999999999995,35,fit:80de1342a3e9944829ab101957c8eddffd3d18cb805507bed707b0e306d3b433:segment:011,11,18893.0,17773,activities/108_260801060832.csv,1,1,0,0
fit:80de1342a3e9944829ab101957c8eddffd3d18cb805507bed707b0e306d3b433,2026-08-01T09:23:26+00:00,2447,71,160,77,2.189,183.39999999999998,35,fit:80de1342a3e9944829ab101957c8eddffd3d18cb805507bed707b0e306d3b433:segment:011,11,18894.0,17774,activities/108_260801060832.csv,1,1,0,0
fit:80de1342a3e9944829ab101957c8eddffd3d18cb805507bed707b0e306d3b433,2026-08-01T09:23:27+00:00,2448,0,159,0,1.856,183.39999999999998,35,fit:80de1342a3e9944829ab101957c8eddffd3d18cb805507bed707b0e306d3b433:segment:011,11,18895.0,17775,activities/108_260801060832.csv,1,1,0,0
fit:80de1342a3e9944829ab101957c8eddffd3d18cb805507bed707b0e306d3b433,2026-08-01T09:23:28+00:00,2449,0,158,0,1.625,183.39999999999998,35,fit:80de1342a3e9944829ab101957c8eddffd3d18cb805507bed707b0e306d3b433:segment:011,11,18896.0,17776,activities/108_260801060832.csv,1,1,0,0
fit:80de1342a3e9944829ab101957c8eddffd3d18cb805507bed707b0e306d3b433,2026-08-01T09:23:29+00:00,2450,0,157,0,1.708,183.39999999999998,35,fit:80de1342a3e9944829ab101957c8eddffd3d18cb805507bed707b0e306d3b433:segment:011,11,18897.0,17777,activities/108_260801060832.csv,1,1,0,0
fit:80de1342a3e9944829ab101957c8eddffd3d18cb805507bed707b0e306d3b433,2026-08-01T09:23:30+00:00,2451,259,157,30,1.825,183.39999999999998,35,fit:80de1342a3e9944829ab101957c8eddffd3d18cb805507bed707b0e306d3b433:segment:011,11,18898.0,17778,activities/108_260801060832.csv,1,1,0,0
fit:80de1342a3e9944829ab101957c8eddffd3d18cb805507bed707b0e306d3b433,2026-08-01T09:23:31+00:00,2452,260,156,40,2.218,183.60000000000002,35,fit:80de1342a3e9944829ab101957c8eddffd3d18cb805507bed707b0e306d3b433:segment:011,11,18899.0,17779,activities/108_260801060832.csv,1,1,0,0
fit:80de1342a3e9944829ab101957c8eddffd3d18cb805507bed707b0e306d3b433,2026-08-01T09:23:32+00:00,2453,260,155,40,2.784,183.60000000000002,35,fit:80de1342a3e9944829ab101957c8eddffd3d18cb805507bed707b0e306d3b433:segment:011,11,18900.0,17780,activities/108_260801060832.csv,1,1,0,0
fit:80de1342a3e9944829ab101957c8eddffd3d18cb805507bed707b0e306d3b433,2026-08-01T09:23:33+00:00,2454,296,154,56,3.533,183.60000000000002,35,fit:80de1342a3e9944829ab101957c8eddffd3d18cb805507bed707b0e306d3b433:segment:011,11,18901.0,17781,activities/108_260801060832.csv,1,1,0,0
fit:80de1342a3e9944829ab101957c8eddffd3d18cb805507bed707b0e306d3b433,2026-08-01T09:23:34+00:00,2455,302,153,56,3.949,183.60000000000002,35,fit:80de1342a3e9944829ab101957c8eddffd3d18cb805507bed707b0e306d3b433:segment:011,11,18902.0,17782,activities/108_260801060832.csv,1,1,0,0
fit:80de1342a3e9944829ab101957c8eddffd3d18cb805507bed707b0e306d3b433,2026-08-01T09:23:35+00:00,2456,230,152,64,4.357,183.20000000000005,35,fit:80de1342a3e9944829ab101957c8eddffd3d18cb805507bed707b0e306d3b433:segment:011,11,18903.0,17783,activities/108_260801060832.csv,1,1,0,0
fit:80de1342a3e9944829ab101957c8eddffd3d18cb805507bed707b0e306d3b433,2026-08-01T09:23:36+00:00,2457,231,152,65,4.572,183.20000000000005,35,fit:80de1342a3e9944829ab101957c8eddffd3d18cb805507bed707b0e306d3b433:segment:011,11,18904.0,17784,activities/108_260801060832.csv,1,1,0,0
fit:80de1342a3e9944829ab101957c8eddffd3d18cb805507bed707b0e306d3b433,2026-08-01T09:23:37+00:00,2458,316,151,66,4.821,183.20000000000005,35,fit:80de1342a3e9944829ab101957c8eddffd3d18cb805507bed707b0e306d3b433:segment:011,11,18905.0,17785,activities/108_260801060832.csv,1,1,0,0
fit:80de1342a3e9944829ab101957c8eddffd3d18cb805507bed707b0e306d3b433,2026-08-01T09:23:38+00:00,2459,307,150,67,4.948,184.20000000000005,35,fit:80de1342a3e9944829ab101957c8eddffd3d18cb805507bed707b0e306d3b433:segment:011,11,18906.0,17786,activities/108_260801060832.csv,1,1,0,0
fit:80de1342a3e9944829ab101957c8eddffd3d18cb805507bed707b0e306d3b433,2026-08-01T09:23:39+00:00,2460,273,149,68,5.107,184.20000000000005,35,fit:80de1342a3e9944829ab101957c8eddffd3d18cb805507bed707b0e306d3b433:segment:011,11,18907.0,17787,activities/108_260801060832.csv,1,1,0,0
fit:80de1342a3e9944829ab101957c8eddffd3d18cb805507bed707b0e306d3b433,2026-08-01T09:23:40+00:00,2461,273,148,67,5.068,184.20000000000005,35,fit:80de1342a3e9944829ab101957c8eddffd3d18cb805507bed707b0e306d3b433:segment:011,11,18908.0,17788,activities/108_260801060832.csv,1,1,0,0
fit:80de1342a3e9944829ab101957c8eddffd3d18cb805507bed707b0e306d3b433,2026-08-01T09:23:41+00:00,2462,186,148,66,4.976,184.20000000000005,35,fit:80de1342a3e9944829ab101957c8eddffd3d18cb805507bed707b0e306d3b433:segment:011,11,18909.0,17789,activities/108_260801060832.csv,1,1,0,0
fit:80de1342a3e9944829ab101957c8eddffd3d18cb805507bed707b0e306d3b433,2026-08-01T09:23:42+00:00,2463,276,148,61,4.89,185.20000000000005,35,fit:80de1342a3e9944829ab101957c8eddffd3d18cb805507bed707b0e306d3b433:segment:011,11,18910.0,17790,activities/108_260801060832.csv,1,1,0,0
fit:80de1342a3e9944829ab101957c8eddffd3d18cb805507bed707b0e306d3b433,2026-08-01T09:23:43+00:00,2464,329,148,59,4.609,186.20000000000005,35,fit:80de1342a3e9944829ab101957c8eddffd3d18cb805507bed707b0e306d3b433:segment:011,11,18911.0,17791,activities/108_260801060832.csv,1,1,0,0
fit:80de1342a3e9944829ab101957c8eddffd3d18cb805507bed707b0e306d3b433,2026-08-01T09:23:44+00:00,2465,200,149,59,4.465,186.20000000000005,35,fit:80de1342a3e9944829ab101957c8eddffd3d18cb805507bed707b0e306d3b433:segment:011,11,18912.0,17792,activities/108_260801060832.csv,1,1,0,0
fit:80de1342a3e9944829ab101957c8eddffd3d18cb805507bed707b0e306d3b433,2026-08-01T09:23:45+00:00,2466,299,149,60,4.253,186.20000000000005,35,fit:80de1342a3e9944829ab101957c8eddffd3d18cb805507bed707b0e306d3b433:segment:011,11,18913.0,17793,activities/108_260801060832.csv,1,1,0,0
fit:80de1342a3e9944829ab101957c8eddffd3d18cb805507bed707b0e306d3b433,2026-08-01T09:23:46+00:00,2467,326,149,60,4.251,186.20000000000005,35,fit:80de1342a3e9944829ab101957c8eddffd3d18cb805507bed707b0e306d3b433:segment:011,11,18914.0,17794,activities/108_260801060832.csv,1,1,0,0
fit:80de1342a3e9944829ab101957c8eddffd3d18cb805507bed707b0e306d3b433,2026-08-01T09:23:47+00:00,2468,342,149,61,4.222,187.20000000000005,35,fit:80de1342a3e9944829ab101957c8eddffd3d18cb805507bed707b0e306d3b433:segment:011,11,18915.0,17795,activities/108_260801060832.csv,1,1,0,0
fit:80de1342a3e9944829ab101957c8eddffd3d18cb805507bed707b0e306d3b433,2026-08-01T09:23:48+00:00,2469,342,151,61,4.237,187.20000000000005,35,fit:80de1342a3e9944829ab101957c8eddffd3d18cb805507bed707b0e306d3b433:segment:011,11,18916.0,17796,activities/108_260801060832.csv,1,1,0,0
fit:80de1342a3e9944829ab101957c8eddffd3d18cb805507bed707b0e306d3b433,2026-08-01T09:23:49+00:00,2470,342,151,61,4.375,187.20000000000005,35,fit:80de1342a3e9944829ab101957c8eddffd3d18cb805507bed707b0e306d3b433:segment:011,11,18917.0,17797,activities/108_260801060832.csv,1,1,0,0
fit:80de1342a3e9944829ab101957c8eddffd3d18cb805507bed707b0e306d3b433,2026-08-01T09:23:50+00:00,2471,415,151,65,4.576,187.20000000000005,35,fit:80de1342a3e9944829ab101957c8eddffd3d18cb805507bed707b0e306d3b433:segment:011,11,18918.0,17798,activities/108_260801060832.csv,1,1,0,0
fit:80de1342a3e9944829ab101957c8eddffd3d18cb805507bed707b0e306d3b433,2026-08-01T09:23:51+00:00,2472,414,152,66,4.349,186.20000000000005,35,fit:80de1342a3e9944829ab101957c8eddffd3d18cb805507bed707b0e306d3b433:segment:011,11,18919.0,17799,activities/108_260801060832.csv,1,1,0,0
fit:80de1342a3e9944829ab101957c8eddffd3d18cb805507bed707b0e306d3b433,2026-08-01T09:23:52+00:00,2473,356,153,67,4.243,186.20000000000005,35,fit:80de1342a3e9944829ab101957c8eddffd3d18cb805507bed707b0e306d3b433:segment:011,11,18920.0,17800,activities/108_260801060832.csv,1,1,0,0
fit:80de1342a3e9944829ab101957c8eddffd3d18cb805507bed707b0e306d3b433,2026-08-01T09:23:53+00:00,2474,357,154,67,4.311,186.20000000000005,35,fit:80de1342a3e9944829ab101957c8eddffd3d18cb805507bed707b0e306d3b433:segment:011,11,18921.0,17801,activities/108_260801060832.csv,1,1,0,0
fit:80de1342a3e9944829ab101957c8eddffd3d18cb805507bed707b0e306d3b433,2026-08-01T09:23:54+00:00,2475,333,154,66,4.588,187.20000000000005,35,fit:80de1342a3e9944829ab101957c8eddffd3d18cb805507bed707b0e306d3b433:segment:011,11,18922.0,17802,activities/108_260801060832.csv,1,1,0,0
fit:80de1342a3e9944829ab101957c8eddffd3d18cb805507bed707b0e306d3b433,2026-08-01T09:23:55+00:00,2476,332,155,65,4.678,190.39999999999998,35,fit:80de1342a3e9944829ab101957c8eddffd3d18cb805507bed707b0e306d3b433:segment:011,11,18923.0,17803,activities/108_260801060832.csv,1,1,0,0
fit:80de1342a3e9944829ab101957c8eddffd3d18cb805507bed707b0e306d3b433,2026-08-01T09:23:56+00:00,2477,287,157,68,4.122,190.39999999999998,35,fit:80de1342a3e9944829ab101957c8eddffd3d18cb805507bed707b0e306d3b433:segment:011,11,18924.0,17804,activities/108_260801060832.csv,1,1,0,0
fit:80de1342a3e9944829ab101957c8eddffd3d18cb805507bed707b0e306d3b433,2026-08-01T09:23:57+00:00,2478,274,158,68,4.246,190.39999999999998,35,fit:80de1342a3e9944829ab101957c8eddffd3d18cb805507bed707b0e306d3b433:segment:011,11,18925.0,17805,activities/108_260801060832.csv,1,1,0,0
fit:80de1342a3e9944829ab101957c8eddffd3d18cb805507bed707b0e306d3b433,2026-08-01T09:23:58+00:00,2479,51,159,70,4.778,190.39999999999998,35,fit:80de1342a3e9944829ab101957c8eddffd3d18cb805507bed707b0e306d3b433:segment:011,11,18926.0,17806,activities/108_260801060832.csv,1,1,0,0
fit:80de1342a3e9944829ab101957c8eddffd3d18cb805507bed707b0e306d3b433,2026-08-01T09:23:59+00:00,2480,269,161,41,4.59,189.39999999999998,35,fit:80de1342a3e9944829ab101957c8eddffd3d18cb805507bed707b0e306d3b433:segment:011,11,18927.0,17807,activities/108_260801060832.csv,1,1,0,0
fit:80de1342a3e9944829ab101957c8eddffd3d18cb805507bed707b0e306d3b433,2026-08-01T09:24:00+00:00,2481,269,162,70,4.611,189.39999999999998,35,fit:80de1342a3e9944829ab101957c8eddffd3d18cb805507bed707b0e306d3b433:segment:011,11,18928.0,17808,activities/108_260801060832.csv,1,1,0,0
fit:80de1342a3e9944829ab101957c8eddffd3d18cb805507bed707b0e306d3b433,2026-08-01T09:24:01+00:00,2482,134,163,71,4.777,189.39999999999998,35,fit:80de1342a3e9944829ab101957c8eddffd3d18cb805507bed707b0e306d3b433:segment:011,11,18929.0,17809,activities/108_260801060832.csv,1,1,0,0
fit:80de1342a3e9944829ab101957c8eddffd3d18cb805507bed707b0e306d3b433,2026-08-01T09:24:02+00:00,2483,134,163,70,4.773,190.39999999999998,35,fit:80de1342a3e9944829ab101957c8eddffd3d18cb805507bed707b0e306d3b433:segment:011,11,18930.0,17810,activities/108_260801060832.csv,1,1,0,0
fit:80de1342a3e9944829ab101957c8eddffd3d18cb805507bed707b0e306d3b433,2026-08-01T09:24:03+00:00,2484,75,164,67,4.75,192.20000000000005,35,fit:80de1342a3e9944829ab101957c8eddffd3d18cb805507bed707b0e306d3b433:segment:011,11,18931.0,17811,activities/108_260801060832.csv,1,1,0,0
fit:80de1342a3e9944829ab101957c8eddffd3d18cb805507bed707b0e306d3b433,2026-08-01T09:24:04+00:00,2485,75,164,67,4.661,192.20000000000005,35,fit:80de1342a3e9944829ab101957c8eddffd3d18cb805507bed707b0e306d3b433:segment:011,11,18932.0,17812,activities/108_260801060832.csv,1,1,0,0
fit:80de1342a3e9944829ab101957c8eddffd3d18cb805507bed707b0e306d3b433,2026-08-01T09:24:05+00:00,2486,16,164,67,4.362,192.20000000000005,35,fit:80de1342a3e9944829ab101957c8eddffd3d18cb805507bed707b0e306d3b433:segment:011,11,18933.0,17813,activities/108_260801060832.csv,1,1,0,0
fit:80de1342a3e9944829ab101957c8eddffd3d18cb805507bed707b0e306d3b433,2026-08-01T09:24:06+00:00,2487,70,165,22,4.172,191.20000000000005,35,fit:80de1342a3e9944829ab101957c8eddffd3d18cb805507bed707b0e306d3b433:segment:011,11,18934.0,17814,activities/108_260801060832.csv,1,1,0,0
fit:80de1342a3e9944829ab101957c8eddffd3d18cb805507bed707b0e306d3b433,2026-08-01T09:24:07+00:00,2488,71,165,60,4.2,192.20000000000005,35,fit:80de1342a3e9944829ab101957c8eddffd3d18cb805507bed707b0e306d3b433:segment:011,11,18935.0,17815,activities/108_260801060832.csv,1,1,0,0
fit:80de1342a3e9944829ab101957c8eddffd3d18cb805507bed707b0e306d3b433,2026-08-01T09:24:08+00:00,2489,71,165,60,4.404,192.20000000000005,35,fit:80de1342a3e9944829ab101957c8eddffd3d18cb805507bed707b0e306d3b433:segment:011,11,18936.0,17816,activities/108_260801060832.csv,1,1,0,0
fit:80de1342a3e9944829ab101957c8eddffd3d18cb805507bed707b0e306d3b433,2026-08-01T09:24:09+00:00,2490,71,164,60,4.706,192.20000000000005,35,fit:80de1342a3e9944829ab101957c8eddffd3d18cb805507bed707b0e306d3b433:segment:011,11,18937.0,17817,activities/108_260801060832.csv,1,1,0,0
fit:80de1342a3e9944829ab101957c8eddffd3d18cb805507bed707b0e306d3b433,2026-08-01T09:24:10+00:00,2491,71,164,60,5.182,192.20000000000005,35,fit:80de1342a3e9944829ab101957c8eddffd3d18cb805507bed707b0e306d3b433:segment:011,11,18938.0,17818,activities/108_260801060832.csv,1,1,0,0
fit:80de1342a3e9944829ab101957c8eddffd3d18cb805507bed707b0e306d3b433,2026-08-01T09:24:11+00:00,2492,0,163,0,5.688,189.60000000000002,35,fit:80de1342a3e9944829ab101957c8eddffd3d18cb805507bed707b0e306d3b433:segment:011,11,18939.0,17819,activities/108_260801060832.csv,1,1,0,0
fit:80de1342a3e9944829ab101957c8eddffd3d18cb805507bed707b0e306d3b433,2026-08-01T09:24:12+00:00,2493,0,163,0,6.411,189.60000000000002,35,fit:80de1342a3e9944829ab101957c8eddffd3d18cb805507bed707b0e306d3b433:segment:011,11,18940.0,17820,activities/108_260801060832.csv,1,1,0,0
fit:80de1342a3e9944829ab101957c8eddffd3d18cb805507bed707b0e306d3b433,2026-08-01T09:24:13+00:00,2494,0,162,0,7.023,189.60000000000002,35,fit:80de1342a3e9944829ab101957c8eddffd3d18cb805507bed707b0e306d3b433:segment:011,11,18941.0,17821,activities/108_260801060832.csv,1,1,0,0
fit:80de1342a3e9944829ab101957c8eddffd3d18cb805507bed707b0e306d3b433,2026-08-01T09:24:14+00:00,2495,0,162,0,7.515,188.60000000000002,35,fit:80de1342a3e9944829ab101957c8eddffd3d18cb805507bed707b0e306d3b433:segment:011,11,18942.0,17822,activities/108_260801060832.csv,1,1,0,0
fit:80de1342a3e9944829ab101957c8eddffd3d18cb805507bed707b0e306d3b433,2026-08-01T09:24:15+00:00,2496,0,161,0,7.856,186.79999999999995,35,fit:80de1342a3e9944829ab101957c8eddffd3d18cb805507bed707b0e306d3b433:segment:011,11,18943.0,17823,activities/108_260801060832.csv,1,1,0,0
fit:80de1342a3e9944829ab101957c8eddffd3d18cb805507bed707b0e306d3b433,2026-08-01T09:24:16+00:00,2497,0,161,0,8.006,186.79999999999995,35,fit:80de1342a3e9944829ab101957c8eddffd3d18cb805507bed707b0e306d3b433:segment:011,11,18944.0,17824,activities/108_260801060832.csv,1,1,0,0
fit:80de1342a3e9944829ab101957c8eddffd3d18cb805507bed707b0e306d3b433,2026-08-01T09:24:17+00:00,2498,0,160,0,7.838,186.79999999999995,35,fit:80de1342a3e9944829ab101957c8eddffd3d18cb805507bed707b0e306d3b433:segment:011,11,18945.0,17825,activities/108_260801060832.csv,1,1,0,0
fit:80de1342a3e9944829ab101957c8eddffd3d18cb805507bed707b0e306d3b433,2026-08-01T09:24:18+00:00,2499,0,160,0,7.124,186.79999999999995,35,fit:80de1342a3e9944829ab101957c8eddffd3d18cb805507bed707b0e306d3b433:segment:011,11,18946.0,17826,activities/108_260801060832.csv,1,1,0,0
fit:80de1342a3e9944829ab101957c8eddffd3d18cb805507bed707b0e306d3b433,2026-08-01T09:24:19+00:00,2500,0,159,0,6.131,186.79999999999995,35,fit:80de1342a3e9944829ab101957c8eddffd3d18cb805507bed707b0e306d3b433:segment:011,11,18947.0,17827,activities/108_260801060832.csv,1,1,0,0
fit:80de1342a3e9944829ab101957c8eddffd3d18cb805507bed707b0e306d3b433,2026-08-01T09:24:20+00:00,2501,21,159,0,5.174,187.39999999999998,35,fit:80de1342a3e9944829ab101957c8eddffd3d18cb805507bed707b0e306d3b433:segment:011,11,18948.0,17828,activities/108_260801060832.csv,1,1,0,0
fit:80de1342a3e9944829ab101957c8eddffd3d18cb805507bed707b0e306d3b433,2026-08-01T09:24:21+00:00,2502,22,158,55,4.757,187.39999999999998,36,fit:80de1342a3e9944829ab101957c8eddffd3d18cb805507bed707b0e306d3b433:segment:011,11,18949.0,17829,activities/108_260801060832.csv,1,1,0,0
fit:80de1342a3e9944829ab101957c8eddffd3d18cb805507bed707b0e306d3b433,2026-08-01T09:24:22+00:00,2503,61,156,30,3.92,187.39999999999998,36,fit:80de1342a3e9944829ab101957c8eddffd3d18cb805507bed707b0e306d3b433:segment:011,11,18950.0,17830,activities/108_260801060832.csv,1,1,0,0
fit:80de1342a3e9944829ab101957c8eddffd3d18cb805507bed707b0e306d3b433,2026-08-01T09:24:23+00:00,2504,214,155,58,3.681,187.39999999999998,36,fit:80de1342a3e9944829ab101957c8eddffd3d18cb805507bed707b0e306d3b433:segment:011,11,18951.0,17831,activities/108_260801060832.csv,1,1,0,0
fit:80de1342a3e9944829ab101957c8eddffd3d18cb805507bed707b0e306d3b433,2026-08-01T09:24:24+00:00,2505,194,155,58,3.836,186.79999999999995,36,fit:80de1342a3e9944829ab101957c8eddffd3d18cb805507bed707b0e306d3b433:segment:011,11,18952.0,17832,activities/108_260801060832.csv,1,1,0,0
fit:80de1342a3e9944829ab101957c8eddffd3d18cb805507bed707b0e306d3b433,2026-08-01T09:24:25+00:00,2506,179,153,70,4.254,186.79999999999995,36,fit:80de1342a3e9944829ab101957c8eddffd3d18cb805507bed707b0e306d3b433:segment:011,11,18953.0,17833,activities/108_260801060832.csv,1,1,0,0
fit:80de1342a3e9944829ab101957c8eddffd3d18cb805507bed707b0e306d3b433,2026-08-01T09:24:26+00:00,2507,201,152,73,4.532,186.79999999999995,36,fit:80de1342a3e9944829ab101957c8eddffd3d18cb805507bed707b0e306d3b433:segment:011,11,18954.0,17834,activities/108_260801060832.csv,1,1,0,0
fit:80de1342a3e9944829ab101957c8eddffd3d18cb805507bed707b0e306d3b433,2026-08-01T09:24:27+00:00,2508,201,150,76,4.803,187.79999999999995,36,fit:80de1342a3e9944829ab101957c8eddffd3d18cb805507bed707b0e306d3b433:segment:011,11,18955.0,17835,activities/108_260801060832.csv,1,1,0,0
fit:80de1342a3e9944829ab101957c8eddffd3d18cb805507bed707b0e306d3b433,2026-08-01T09:24:28+00:00,2509,171,149,81,5.13,187.20000000000005,36,fit:80de1342a3e9944829ab101957c8eddffd3d18cb805507bed707b0e306d3b433:segment:011,11,18956.0,17836,activities/108_260801060832.csv,1,1,0,0
fit:80de1342a3e9944829ab101957c8eddffd3d18cb805507bed707b0e306d3b433,2026-08-01T09:24:29+00:00,2510,162,149,81,5.447,187.20000000000005,36,fit:80de1342a3e9944829ab101957c8eddffd3d18cb805507bed707b0e306d3b433:segment:011,11,18957.0,17837,activities/108_260801060832.csv,1,1,0,0
fit:80de1342a3e9944829ab101957c8eddffd3d18cb805507bed707b0e306d3b433,2026-08-01T09:24:30+00:00,2511,141,148,84,5.705,187.20000000000005,36,fit:80de1342a3e9944829ab101957c8eddffd3d18cb805507bed707b0e306d3b433:segment:011,11,18958.0,17838,activities/108_260801060832.csv,1,1,0,0
fit:80de1342a3e9944829ab101957c8eddffd3d18cb805507bed707b0e306d3b433,2026-08-01T09:24:31+00:00,2512,142,146,88,5.807,187.20000000000005,36,fit:80de1342a3e9944829ab101957c8eddffd3d18cb805507bed707b0e306d3b433:segment:011,11,18959.0,17839,activities/108_260801060832.csv,1,1,0,0
fit:80de1342a3e9944829ab101957c8eddffd3d18cb805507bed707b0e306d3b433,2026-08-01T09:24:32+00:00,2513,182,145,89,5.964,186.0,36,fit:80de1342a3e9944829ab101957c8eddffd3d18cb805507bed707b0e306d3b433:segment:011,11,18960.0,17840,activities/108_260801060832.csv,1,1,0,0
fit:80de1342a3e9944829ab101957c8eddffd3d18cb805507bed707b0e306d3b433,2026-08-01T09:24:33+00:00,2514,88,145,88,6.169,186.0,36,fit:80de1342a3e9944829ab101957c8eddffd3d18cb805507bed707b0e306d3b433:segment:011,11,18961.0,17841,activities/108_260801060832.csv,1,1,0,0
fit:80de1342a3e9944829ab101957c8eddffd3d18cb805507bed707b0e306d3b433,2026-08-01T09:24:34+00:00,2515,174,145,88,6.254,186.0,36,fit:80de1342a3e9944829ab101957c8eddffd3d18cb805507bed707b0e306d3b433:segment:011,11,18962.0,17842,activities/108_260801060832.csv,1,1,0,0
fit:80de1342a3e9944829ab101957c8eddffd3d18cb805507bed707b0e306d3b433,2026-08-01T09:24:35+00:00,2516,141,144,88,6.465,186.60000000000002,36,fit:80de1342a3e9944829ab101957c8eddffd3d18cb805507bed707b0e306d3b433:segment:011,11,18963.0,17843,activities/108_260801060832.csv,1,1,0,0
fit:80de1342a3e9944829ab101957c8eddffd3d18cb805507bed707b0e306d3b433,2026-08-01T09:24:36+00:00,2517,141,144,89,6.592,188.20000000000005,36,fit:80de1342a3e9944829ab101957c8eddffd3d18cb805507bed707b0e306d3b433:segment:011,11,18964.0,17844,activities/108_260801060832.csv,1,1,0,0
fit:80de1342a3e9944829ab101957c8eddffd3d18cb805507bed707b0e306d3b433,2026-08-01T09:24:37+00:00,2518,120,144,89,6.652,188.20000000000005,36,fit:80de1342a3e9944829ab101957c8eddffd3d18cb805507bed707b0e306d3b433:segment:011,11,18965.0,17845,activities/108_260801060832.csv,1,1,0,0
fit:80de1342a3e9944829ab101957c8eddffd3d18cb805507bed707b0e306d3b433,2026-08-01T09:24:38+00:00,2519,105,144,90,6.688,188.20000000000005,36,fit:80de1342a3e9944829ab101957c8eddffd3d18cb805507bed707b0e306d3b433:segment:011,11,18966.0,17846,activities/108_260801060832.csv,1,1,0,0
fit:80de1342a3e9944829ab101957c8eddffd3d18cb805507bed707b0e306d3b433,2026-08-01T09:24:39+00:00,2520,132,144,90,6.635,187.20000000000005,36,fit:80de1342a3e9944829ab101957c8eddffd3d18cb805507bed707b0e306d3b433:segment:011,11,18967.0,17847,activities/108_260801060832.csv,1,1,0,0
fit:80de1342a3e9944829ab101957c8eddffd3d18cb805507bed707b0e306d3b433,2026-08-01T09:24:40+00:00,2521,130,144,90,6.564,189.20000000000005,36,fit:80de1342a3e9944829ab101957c8eddffd3d18cb805507bed707b0e306d3b433:segment:011,11,18968.0,17848,activities/108_260801060832.csv,1,1,0,0
fit:80de1342a3e9944829ab101957c8eddffd3d18cb805507bed707b0e306d3b433,2026-08-01T09:24:41+00:00,2522,130,143,90,6.553,189.20000000000005,36,fit:80de1342a3e9944829ab101957c8eddffd3d18cb805507bed707b0e306d3b433:segment:011,11,18969.0,17849,activities/108_260801060832.csv,1,1,0,0
fit:80de1342a3e9944829ab101957c8eddffd3d18cb805507bed707b0e306d3b433,2026-08-01T09:24:42+00:00,2523,137,143,90,6.512,189.20000000000005,36,fit:80de1342a3e9944829ab101957c8eddffd3d18cb805507bed707b0e306d3b433:segment:011,11,18970.0,17850,activities/108_260801060832.csv,1,1,0,0
fit:80de1342a3e9944829ab101957c8eddffd3d18cb805507bed707b0e306d3b433,2026-08-01T09:24:43+00:00,2524,249,143,90,6.696,188.20000000000005,36,fit:80de1342a3e9944829ab101957c8eddffd3d18cb805507bed707b0e306d3b433:segment:011,11,18971.0,17851,activities/108_260801060832.csv,1,1,0,0
fit:80de1342a3e9944829ab101957c8eddffd3d18cb805507bed707b0e306d3b433,2026-08-01T09:24:44+00:00,2525,237,143,89,6.771,187.39999999999998,36,fit:80de1342a3e9944829ab101957c8eddffd3d18cb805507bed707b0e306d3b433:segment:011,11,18972.0,17852,activities/108_260801060832.csv,1,1,0,0
fit:80de1342a3e9944829ab101957c8eddffd3d18cb805507bed707b0e306d3b433,2026-08-01T09:24:45+00:00,2526,238,143,89,6.833,187.39999999999998,36,fit:80de1342a3e9944829ab101957c8eddffd3d18cb805507bed707b0e306d3b433:segment:011,11,18973.0,17853,activities/108_260801060832.csv,1,1,0,0
fit:80de1342a3e9944829ab101957c8eddffd3d18cb805507bed707b0e306d3b433,2026-08-01T09:24:46+00:00,2527,244,143,88,6.77,187.39999999999998,36,fit:80de1342a3e9944829ab101957c8eddffd3d18cb805507bed707b0e306d3b433:segment:011,11,18974.0,17854,activities/108_260801060832.csv,1,1,0,0
fit:80de1342a3e9944829ab101957c8eddffd3d18cb805507bed707b0e306d3b433,2026-08-01T09:24:47+00:00,2528,293,143,85,6.629,188.39999999999998,36,fit:80de1342a3e9944829ab101957c8eddffd3d18cb805507bed707b0e306d3b433:segment:011,11,18975.0,17855,activities/108_260801060832.csv,1,1,0,0
fit:80de1342a3e9944829ab101957c8eddffd3d18cb805507bed707b0e306d3b433,2026-08-01T09:24:48+00:00,2529,276,143,84,6.418,188.79999999999995,36,fit:80de1342a3e9944829ab101957c8eddffd3d18cb805507bed707b0e306d3b433:segment:011,11,18976.0,17856,activities/108_260801060832.csv,1,1,0,0
fit:80de1342a3e9944829ab101957c8eddffd3d18cb805507bed707b0e306d3b433,2026-08-01T09:24:49+00:00,2530,265,143,84,6.302,188.79999999999995,36,fit:80de1342a3e9944829ab101957c8eddffd3d18cb805507bed707b0e306d3b433:segment:011,11,18977.0,17857,activities/108_260801060832.csv,1,1,0,0
fit:80de1342a3e9944829ab101957c8eddffd3d18cb805507bed707b0e306d3b433,2026-08-01T09:24:50+00:00,2531,270,144,82,6.22,188.79999999999995,36,fit:80de1342a3e9944829ab101957c8eddffd3d18cb805507bed707b0e306d3b433:segment:011,11,18978.0,17858,activities/108_260801060832.csv,1,1,0,0
fit:80de1342a3e9944829ab101957c8eddffd3d18cb805507bed707b0e306d3b433,2026-08-01T09:24:51+00:00,2532,271,145,79,6.146,189.60000000000002,36,fit:80de1342a3e9944829ab101957c8eddffd3d18cb805507bed707b0e306d3b433:segment:011,11,18979.0,17859,activities/108_260801060832.csv,1,1,0,0
fit:80de1342a3e9944829ab101957c8eddffd3d18cb805507bed707b0e306d3b433,2026-08-01T09:24:52+00:00,2533,229,145,79,6.016,190.0,36,fit:80de1342a3e9944829ab101957c8eddffd3d18cb805507bed707b0e306d3b433:segment:011,11,18980.0,17860,activities/108_260801060832.csv,1,1,0,0
fit:80de1342a3e9944829ab101957c8eddffd3d18cb805507bed707b0e306d3b433,2026-08-01T09:24:53+00:00,2534,274,146,77,5.881,190.0,36,fit:80de1342a3e9944829ab101957c8eddffd3d18cb805507bed707b0e306d3b433:segment:011,11,18981.0,17861,activities/108_260801060832.csv,1,1,0,0
fit:80de1342a3e9944829ab101957c8eddffd3d18cb805507bed707b0e306d3b433,2026-08-01T09:24:54+00:00,2535,277,146,75,5.74,190.0,36,fit:80de1342a3e9944829ab101957c8eddffd3d18cb805507bed707b0e306d3b433:segment:011,11,18982.0,17862,activities/108_260801060832.csv,1,1,0,0
fit:80de1342a3e9944829ab101957c8eddffd3d18cb805507bed707b0e306d3b433,2026-08-01T09:24:55+00:00,2536,284,146,72,5.528,191.0,36,fit:80de1342a3e9944829ab101957c8eddffd3d18cb805507bed707b0e306d3b433:segment:011,11,18983.0,17863,activities/108_260801060832.csv,1,1,0,0
fit:80de1342a3e9944829ab101957c8eddffd3d18cb805507bed707b0e306d3b433,2026-08-01T09:24:56+00:00,2537,302,146,70,5.471,191.39999999999998,36,fit:80de1342a3e9944829ab101957c8eddffd3d18cb805507bed707b0e306d3b433:segment:011,11,18984.0,17864,activities/108_260801060832.csv,1,1,0,0
fit:80de1342a3e9944829ab101957c8eddffd3d18cb805507bed707b0e306d3b433,2026-08-01T09:24:57+00:00,2538,270,146,70,5.292,191.39999999999998,36,fit:80de1342a3e9944829ab101957c8eddffd3d18cb805507bed707b0e306d3b433:segment:011,11,18985.0,17865,activities/108_260801060832.csv,1,1,0,0
fit:80de1342a3e9944829ab101957c8eddffd3d18cb805507bed707b0e306d3b433,2026-08-01T09:24:58+00:00,2539,287,146,69,5.15,191.39999999999998,36,fit:80de1342a3e9944829ab101957c8eddffd3d18cb805507bed707b0e306d3b433:segment:011,11,18986.0,17866,activities/108_260801060832.csv,1,1,0,0
fit:80de1342a3e9944829ab101957c8eddffd3d18cb805507bed707b0e306d3b433,2026-08-01T09:24:59+00:00,2540,289,146,68,5.025,192.39999999999998,36,fit:80de1342a3e9944829ab101957c8eddffd3d18cb805507bed707b0e306d3b433:segment:011,11,18987.0,17867,activities/108_260801060832.csv,1,1,0,0
fit:80de1342a3e9944829ab101957c8eddffd3d18cb805507bed707b0e306d3b433,2026-08-01T09:25:00+00:00,2541,217,146,68,5.13,192.79999999999995,36,fit:80de1342a3e9944829ab101957c8eddffd3d18cb805507bed707b0e306d3b433:segment:011,11,18988.0,17868,activities/108_260801060832.csv,1,1,0,0
fit:80de1342a3e9944829ab101957c8eddffd3d18cb805507bed707b0e306d3b433,2026-08-01T09:25:01+00:00,2542,254,146,66,5.091,192.79999999999995,36,fit:80de1342a3e9944829ab101957c8eddffd3d18cb805507bed707b0e306d3b433:segment:011,11,18989.0,17869,activities/108_260801060832.csv,1,1,0,0
fit:80de1342a3e9944829ab101957c8eddffd3d18cb805507bed707b0e306d3b433,2026-08-01T09:25:02+00:00,2543,254,147,65,4.945,192.79999999999995,36,fit:80de1342a3e9944829ab101957c8eddffd3d18cb805507bed707b0e306d3b433:segment:011,11,18990.0,17870,activities/108_260801060832.csv,1,1,0,0
fit:80de1342a3e9944829ab101957c8eddffd3d18cb805507bed707b0e306d3b433,2026-08-01T09:25:03+00:00,2544,295,148,65,4.974,193.20000000000005,36,fit:80de1342a3e9944829ab101957c8eddffd3d18cb805507bed707b0e306d3b433:segment:011,11,18991.0,17871,activities/108_260801060832.csv,1,1,0,0
fit:80de1342a3e9944829ab101957c8eddffd3d18cb805507bed707b0e306d3b433,2026-08-01T09:25:04+00:00,2545,280,149,65,5.031,194.39999999999998,36,fit:80de1342a3e9944829ab101957c8eddffd3d18cb805507bed707b0e306d3b433:segment:011,11,18992.0,17872,activities/108_260801060832.csv,1,1,0,0
fit:80de1342a3e9944829ab101957c8eddffd3d18cb805507bed707b0e306d3b433,2026-08-01T09:25:05+00:00,2546,278,149,65,4.898,194.39999999999998,36,fit:80de1342a3e9944829ab101957c8eddffd3d18cb805507bed707b0e306d3b433:segment:011,11,18993.0,17873,activities/108_260801060832.csv,1,1,0,0
fit:80de1342a3e9944829ab101957c8eddffd3d18cb805507bed707b0e306d3b433,2026-08-01T09:25:06+00:00,2547,339,151,65,4.957,194.39999999999998,36,fit:80de1342a3e9944829ab101957c8eddffd3d18cb805507bed707b0e306d3b433:segment:011,11,18994.0,17874,activities/108_260801060832.csv,1,1,0,0
fit:80de1342a3e9944829ab101957c8eddffd3d18cb805507bed707b0e306d3b433,2026-08-01T09:25:07+00:00,2548,313,151,66,4.901,194.79999999999995,36,fit:80de1342a3e9944829ab101957c8eddffd3d18cb805507bed707b0e306d3b433:segment:011,11,18995.0,17875,activities/108_260801060832.csv,1,1,0,0
fit:80de1342a3e9944829ab101957c8eddffd3d18cb805507bed707b0e306d3b433,2026-08-01T09:25:08+00:00,2549,277,152,67,4.959,195.20000000000005,36,fit:80de1342a3e9944829ab101957c8eddffd3d18cb805507bed707b0e306d3b433:segment:011,11,18996.0,17876,activities/108_260801060832.csv,1,1,0,0
fit:80de1342a3e9944829ab101957c8eddffd3d18cb805507bed707b0e306d3b433,2026-08-01T09:25:09+00:00,2550,291,153,67,4.922,195.20000000000005,36,fit:80de1342a3e9944829ab101957c8eddffd3d18cb805507bed707b0e306d3b433:segment:011,11,18997.0,17877,activities/108_260801060832.csv,1,1,0,0
fit:80de1342a3e9944829ab101957c8eddffd3d18cb805507bed707b0e306d3b433,2026-08-01T09:25:10+00:00,2551,338,154,65,4.949,195.20000000000005,36,fit:80de1342a3e9944829ab101957c8eddffd3d18cb805507bed707b0e306d3b433:segment:011,11,18998.0,17878,activities/108_260801060832.csv,1,1,0,0
fit:80de1342a3e9944829ab101957c8eddffd3d18cb805507bed707b0e306d3b433,2026-08-01T09:25:11+00:00,2552,299,155,66,4.928,195.20000000000005,36,fit:80de1342a3e9944829ab101957c8eddffd3d18cb805507bed707b0e306d3b433:segment:011,11,18999.0,17879,activities/108_260801060832.csv,1,1,0,0
fit:80de1342a3e9944829ab101957c8eddffd3d18cb805507bed707b0e306d3b433,2026-08-01T09:25:12+00:00,2553,277,155,67,4.882,196.20000000000005,36,fit:80de1342a3e9944829ab101957c8eddffd3d18cb805507bed707b0e306d3b433:segment:011,11,19000.0,17880,activities/108_260801060832.csv,1,1,0,0
fit:80de1342a3e9944829ab101957c8eddffd3d18cb805507bed707b0e306d3b433,2026-08-01T09:25:13+00:00,2554,255,155,68,5.098,196.20000000000005,36,fit:80de1342a3e9944829ab101957c8eddffd3d18cb805507bed707b0e306d3b433:segment:011,11,19001.0,17881,activities/108_260801060832.csv,1,1,0,0
fit:80de1342a3e9944829ab101957c8eddffd3d18cb805507bed707b0e306d3b433,2026-08-01T09:25:14+00:00,2555,252,157,71,5.163,196.20000000000005,36,fit:80de1342a3e9944829ab101957c8eddffd3d18cb805507bed707b0e306d3b433:segment:011,11,19002.0,17882,activities/108_260801060832.csv,1,1,0,0
fit:80de1342a3e9944829ab101957c8eddffd3d18cb805507bed707b0e306d3b433,2026-08-01T09:25:15+00:00,2556,263,158,73,5.389,196.60000000000002,36,fit:80de1342a3e9944829ab101957c8eddffd3d18cb805507bed707b0e306d3b433:segment:011,11,19003.0,17883,activities/108_260801060832.csv,1,1,0,0
fit:80de1342a3e9944829ab101957c8eddffd3d18cb805507bed707b0e306d3b433,2026-08-01T09:25:16+00:00,2557,186,159,78,5.522,197.0,36,fit:80de1342a3e9944829ab101957c8eddffd3d18cb805507bed707b0e306d3b433:segment:011,11,19004.0,17884,activities/108_260801060832.csv,1,1,0,0
fit:80de1342a3e9944829ab101957c8eddffd3d18cb805507bed707b0e306d3b433,2026-08-01T09:25:17+00:00,2558,169,160,79,5.619,197.0,36,fit:80de1342a3e9944829ab101957c8eddffd3d18cb805507bed707b0e306d3b433:segment:011,11,19005.0,17885,activities/108_260801060832.csv,1,1,0,0
fit:80de1342a3e9944829ab101957c8eddffd3d18cb805507bed707b0e306d3b433,2026-08-01T09:25:18+00:00,2559,109,161,79,5.82,197.0,36,fit:80de1342a3e9944829ab101957c8eddffd3d18cb805507bed707b0e306d3b433:segment:011,11,19006.0,17886,activities/108_260801060832.csv,1,1,0,0
fit:80de1342a3e9944829ab101957c8eddffd3d18cb805507bed707b0e306d3b433,2026-08-01T09:25:19+00:00,2560,109,162,79,5.937,196.60000000000002,36,fit:80de1342a3e9944829ab101957c8eddffd3d18cb805507bed707b0e306d3b433:segment:011,11,19007.0,17887,activities/108_260801060832.csv,1,1,0,0
fit:80de1342a3e9944829ab101957c8eddffd3d18cb805507bed707b0e306d3b433,2026-08-01T09:25:20+00:00,2561,109,163,79,5.946,196.0,36,fit:80de1342a3e9944829ab101957c8eddffd3d18cb805507bed707b0e306d3b433:segment:011,11,19008.0,17888,activities/108_260801060832.csv,1,1,0,0
fit:80de1342a3e9944829ab101957c8eddffd3d18cb805507bed707b0e306d3b433,2026-08-01T09:25:21+00:00,2562,109,164,79,5.986,196.0,36,fit:80de1342a3e9944829ab101957c8eddffd3d18cb805507bed707b0e306d3b433:segment:011,11,19009.0,17889,activities/108_260801060832.csv,1,1,0,0
fit:80de1342a3e9944829ab101957c8eddffd3d18cb805507bed707b0e306d3b433,2026-08-01T09:25:22+00:00,2563,109,165,79,6.086,196.0,36,fit:80de1342a3e9944829ab101957c8eddffd3d18cb805507bed707b0e306d3b433:segment:011,11,19010.0,17890,activities/108_260801060832.csv,1,1,0,0
fit:80de1342a3e9944829ab101957c8eddffd3d18cb805507bed707b0e306d3b433,2026-08-01T09:25:23+00:00,2564,0,165,77,6.215,196.0,36,fit:80de1342a3e9944829ab101957c8eddffd3d18cb805507bed707b0e306d3b433:segment:011,11,19011.0,17891,activities/108_260801060832.csv,1,1,0,0
fit:80de1342a3e9944829ab101957c8eddffd3d18cb805507bed707b0e306d3b433,2026-08-01T09:25:24+00:00,2565,0,166,0,6.329,194.79999999999995,36,fit:80de1342a3e9944829ab101957c8eddffd3d18cb805507bed707b0e306d3b433:segment:011,11,19012.0,17892,activities/108_260801060832.csv,1,1,0,0
fit:80de1342a3e9944829ab101957c8eddffd3d18cb805507bed707b0e306d3b433,2026-08-01T09:25:25+00:00,2566,22,166,0,6.417,194.79999999999995,36,fit:80de1342a3e9944829ab101957c8eddffd3d18cb805507bed707b0e306d3b433:segment:011,11,19013.0,17893,activities/108_260801060832.csv,1,1,0,0
fit:80de1342a3e9944829ab101957c8eddffd3d18cb805507bed707b0e306d3b433,2026-08-01T09:25:26+00:00,2567,151,166,93,6.584,194.79999999999995,36,fit:80de1342a3e9944829ab101957c8eddffd3d18cb805507bed707b0e306d3b433:segment:011,11,19014.0,17894,activities/108_260801060832.csv,1,1,0,0
fit:80de1342a3e9944829ab101957c8eddffd3d18cb805507bed707b0e306d3b433,2026-08-01T09:25:27+00:00,2568,114,166,96,6.771,195.79999999999995,36,fit:80de1342a3e9944829ab101957c8eddffd3d18cb805507bed707b0e306d3b433:segment:011,11,19015.0,17895,activities/108_260801060832.csv,1,1,0,0
fit:80de1342a3e9944829ab101957c8eddffd3d18cb805507bed707b0e306d3b433,2026-08-01T09:25:28+00:00,2569,71,165,101,7.023,195.79999999999995,36,fit:80de1342a3e9944829ab101957c8eddffd3d18cb805507bed707b0e306d3b433:segment:011,11,19016.0,17896,activities/108_260801060832.csv,1,1,0,0
fit:80de1342a3e9944829ab101957c8eddffd3d18cb805507bed707b0e306d3b433,2026-08-01T09:25:29+00:00,2570,98,165,96,7.24,195.79999999999995,36,fit:80de1342a3e9944829ab101957c8eddffd3d18cb805507bed707b0e306d3b433:segment:011,11,19017.0,17897,activities/108_260801060832.csv,1,1,0,0
fit:80de1342a3e9944829ab101957c8eddffd3d18cb805507bed707b0e306d3b433,2026-08-01T09:25:30+00:00,2571,98,165,98,7.571,195.79999999999995,36,fit:80de1342a3e9944829ab101957c8eddffd3d18cb805507bed707b0e306d3b433:segment:011,11,19018.0,17898,activities/108_260801060832.csv,1,1,0,0
fit:80de1342a3e9944829ab101957c8eddffd3d18cb805507bed707b0e306d3b433,2026-08-01T09:25:31+00:00,2572,51,164,100,7.82,194.79999999999995,36,fit:80de1342a3e9944829ab101957c8eddffd3d18cb805507bed707b0e306d3b433:segment:011,11,19019.0,17899,activities/108_260801060832.csv,1,1,0,0
fit:80de1342a3e9944829ab101957c8eddffd3d18cb805507bed707b0e306d3b433,2026-08-01T09:25:32+00:00,2573,112,164,100,8.044,194.60000000000002,36,fit:80de1342a3e9944829ab101957c8eddffd3d18cb805507bed707b0e306d3b433:segment:011,11,19020.0,17900,activities/108_260801060832.csv,1,1,0,0
fit:80de1342a3e9944829ab101957c8eddffd3d18cb805507bed707b0e306d3b433,2026-08-01T09:25:33+00:00,2574,83,163,99,8.3,194.60000000000002,36,fit:80de1342a3e9944829ab101957c8eddffd3d18cb805507bed707b0e306d3b433:segment:011,11,19021.0,17901,activities/108_260801060832.csv,1,1,0,0
fit:80de1342a3e9944829ab101957c8eddffd3d18cb805507bed707b0e306d3b433,2026-08-01T09:25:34+00:00,2575,81,162,100,8.488,194.60000000000002,36,fit:80de1342a3e9944829ab101957c8eddffd3d18cb805507bed707b0e306d3b433:segment:011,11,19022.0,17902,activities/108_260801060832.csv,1,1,0,0
fit:80de1342a3e9944829ab101957c8eddffd3d18cb805507bed707b0e306d3b433,2026-08-01T09:25:35+00:00,2576,81,162,98,8.7,194.60000000000002,36,fit:80de1342a3e9944829ab101957c8eddffd3d18cb805507bed707b0e306d3b433:segment:011,11,19023.0,17903,activities/108_260801060832.csv,1,1,0,0
fit:80de1342a3e9944829ab101957c8eddffd3d18cb805507bed707b0e306d3b433,2026-08-01T09:25:36+00:00,2577,82,162,98,8.976,193.20000000000005,36,fit:80de1342a3e9944829ab101957c8eddffd3d18cb805507bed707b0e306d3b433:segment:011,11,19024.0,17904,activities/108_260801060832.csv,1,1,0,0
fit:80de1342a3e9944829ab101957c8eddffd3d18cb805507bed707b0e306d3b433,2026-08-01T09:25:37+00:00,2578,82,161,98,9.147,193.20000000000005,36,fit:80de1342a3e9944829ab101957c8eddffd3d18cb805507bed707b0e306d3b433:segment:011,11,19025.0,17905,activities/108_260801060832.csv,1,1,0,0
fit:80de1342a3e9944829ab101957c8eddffd3d18cb805507bed707b0e306d3b433,2026-08-01T09:25:38+00:00,2579,82,161,98,9.308,193.20000000000005,36,fit:80de1342a3e9944829ab101957c8eddffd3d18cb805507bed707b0e306d3b433:segment:011,11,19026.0,17906,activities/108_260801060832.csv,1,1,0,0
fit:80de1342a3e9944829ab101957c8eddffd3d18cb805507bed707b0e306d3b433,2026-08-01T09:25:39+00:00,2580,75,160,97,9.36,193.20000000000005,36,fit:80de1342a3e9944829ab101957c8eddffd3d18cb805507bed707b0e306d3b433:segment:011,11,19027.0,17907,activities/108_260801060832.csv,1,1,0,0
fit:80de1342a3e9944829ab101957c8eddffd3d18cb805507bed707b0e306d3b433,2026-08-01T09:25:40+00:00,2581,68,159,92,9.523,192.60000000000002,36,fit:80de1342a3e9944829ab101957c8eddffd3d18cb805507bed707b0e306d3b433:segment:011,11,19028.0,17908,activities/108_260801060832.csv,1,1,0,0
fit:80de1342a3e9944829ab101957c8eddffd3d18cb805507bed707b0e306d3b433,2026-08-01T09:25:41+00:00,2582,63,158,87,9.642,192.60000000000002,36,fit:80de1342a3e9944829ab101957c8eddffd3d18cb805507bed707b0e306d3b433:segment:011,11,19029.0,17909,activities/108_260801060832.csv,1,1,0,0
fit:80de1342a3e9944829ab101957c8eddffd3d18cb805507bed707b0e306d3b433,2026-08-01T09:25:42+00:00,2583,0,156,0,9.745,192.60000000000002,36,fit:80de1342a3e9944829ab101957c8eddffd3d18cb805507bed707b0e306d3b433:segment:011,11,19030.0,17910,activities/108_260801060832.csv,1,1,0,0
fit:80de1342a3e9944829ab101957c8eddffd3d18cb805507bed707b0e306d3b433,2026-08-01T09:25:43+00:00,2584,0,154,0,9.869,192.60000000000002,36,fit:80de1342a3e9944829ab101957c8eddffd3d18cb805507bed707b0e306d3b433:segment:011,11,19031.0,17911,activities/108_260801060832.csv,1,1,0,0
fit:80de1342a3e9944829ab101957c8eddffd3d18cb805507bed707b0e306d3b433,2026-08-01T09:25:44+00:00,2585,0,154,0,9.837,190.60000000000002,36,fit:80de1342a3e9944829ab101957c8eddffd3d18cb805507bed707b0e306d3b433:segment:011,11,19032.0,17912,activities/108_260801060832.csv,1,1,0,0
fit:80de1342a3e9944829ab101957c8eddffd3d18cb805507bed707b0e306d3b433,2026-08-01T09:25:45+00:00,2586,0,152,0,9.972,190.60000000000002,36,fit:80de1342a3e9944829ab101957c8eddffd3d18cb805507bed707b0e306d3b433:segment:011,11,19033.0,17913,activities/108_260801060832.csv,1,1,0,0
fit:80de1342a3e9944829ab101957c8eddffd3d18cb805507bed707b0e306d3b433,2026-08-01T09:25:46+00:00,2587,0,150,0,10.216,190.60000000000002,36,fit:80de1342a3e9944829ab101957c8eddffd3d18cb805507bed707b0e306d3b433:segment:011,11,19034.0,17914,activities/108_260801060832.csv,1,1,0,0
fit:80de1342a3e9944829ab101957c8eddffd3d18cb805507bed707b0e306d3b433,2026-08-01T09:25:47+00:00,2588,0,148,0,10.31,190.60000000000002,36,fit:80de1342a3e9944829ab101957c8eddffd3d18cb805507bed707b0e306d3b433:segment:011,11,19035.0,17915,activities/108_260801060832.csv,1,1,0,0
fit:80de1342a3e9944829ab101957c8eddffd3d18cb805507bed707b0e306d3b433,2026-08-01T09:25:48+00:00,2589,199,146,72,10.227,190.39999999999998,36,fit:80de1342a3e9944829ab101957c8eddffd3d18cb805507bed707b0e306d3b433:segment:011,11,19036.0,17916,activities/108_260801060832.csv,1,1,0,0
fit:80de1342a3e9944829ab101957c8eddffd3d18cb805507bed707b0e306d3b433,2026-08-01T09:25:49+00:00,2590,215,144,72,9.999,190.39999999999998,36,fit:80de1342a3e9944829ab101957c8eddffd3d18cb805507bed707b0e306d3b433:segment:011,11,19037.0,17917,activities/108_260801060832.csv,1,1,0,0
fit:80de1342a3e9944829ab101957c8eddffd3d18cb805507bed707b0e306d3b433,2026-08-01T09:25:50+00:00,2591,193,144,106,9.887,190.39999999999998,36,fit:80de1342a3e9944829ab101957c8eddffd3d18cb805507bed707b0e306d3b433:segment:011,11,19038.0,17918,activities/108_260801060832.csv,1,1,0,0
fit:80de1342a3e9944829ab101957c8eddffd3d18cb805507bed707b0e306d3b433,2026-08-01T09:25:51+00:00,2592,193,143,84,9.616,190.39999999999998,36,fit:80de1342a3e9944829ab101957c8eddffd3d18cb805507bed707b0e306d3b433:segment:011,11,19039.0,17919,activities/108_260801060832.csv,1,1,0,0
fit:80de1342a3e9944829ab101957c8eddffd3d18cb805507bed707b0e306d3b433,2026-08-01T09:25:52+00:00,2593,310,142,84,9.505,189.39999999999998,36,fit:80de1342a3e9944829ab101957c8eddffd3d18cb805507bed707b0e306d3b433:segment:011,11,19040.0,17920,activities/108_260801060832.csv,1,1,0,0
fit:80de1342a3e9944829ab101957c8eddffd3d18cb805507bed707b0e306d3b433,2026-08-01T09:25:53+00:00,2594,233,141,95,9.42,189.39999999999998,36,fit:80de1342a3e9944829ab101957c8eddffd3d18cb805507bed707b0e306d3b433:segment:011,11,19041.0,17921,activities/108_260801060832.csv,1,1,0,0
fit:80de1342a3e9944829ab101957c8eddffd3d18cb805507bed707b0e306d3b433,2026-08-01T09:25:54+00:00,2595,341,141,94,9.291,189.39999999999998,36,fit:80de1342a3e9944829ab101957c8eddffd3d18cb805507bed707b0e306d3b433:segment:011,11,19042.0,17922,activities/108_260801060832.csv,1,1,0,0
fit:80de1342a3e9944829ab101957c8eddffd3d18cb805507bed707b0e306d3b433,2026-08-01T09:25:55+00:00,2596,224,140,96,9.317,189.39999999999998,36,fit:80de1342a3e9944829ab101957c8eddffd3d18cb805507bed707b0e306d3b433:segment:011,11,19043.0,17923,activities/108_260801060832.csv,1,1,0,0
fit:80de1342a3e9944829ab101957c8eddffd3d18cb805507bed707b0e306d3b433,2026-08-01T09:25:56+00:00,2597,224,139,98,9.49,189.79999999999995,36,fit:80de1342a3e9944829ab101957c8eddffd3d18cb805507bed707b0e306d3b433:segment:011,11,19044.0,17924,activities/108_260801060832.csv,1,1,0,0
fit:80de1342a3e9944829ab101957c8eddffd3d18cb805507bed707b0e306d3b433,2026-08-01T09:25:57+00:00,2598,230,138,98,9.643,189.79999999999995,36,fit:80de1342a3e9944829ab101957c8eddffd3d18cb805507bed707b0e306d3b433:segment:011,11,19045.0,17925,activities/108_260801060832.csv,1,1,0,0
fit:80de1342a3e9944829ab101957c8eddffd3d18cb805507bed707b0e306d3b433,2026-08-01T09:25:58+00:00,2599,256,138,98,9.67,189.79999999999995,36,fit:80de1342a3e9944829ab101957c8eddffd3d18cb805507bed707b0e306d3b433:segment:011,11,19046.0,17926,activities/108_260801060832.csv,1,1,0,0
fit:80de1342a3e9944829ab101957c8eddffd3d18cb805507bed707b0e306d3b433,2026-08-01T09:25:59+00:00,2600,211,138,98,9.635,189.39999999999998,36,fit:80de1342a3e9944829ab101957c8eddffd3d18cb805507bed707b0e306d3b433:segment:011,11,19047.0,17927,activities/108_260801060832.csv,1,1,0,0
fit:80de1342a3e9944829ab101957c8eddffd3d18cb805507bed707b0e306d3b433,2026-08-01T09:26:00+00:00,2601,166,137,98,9.637,190.0,36,fit:80de1342a3e9944829ab101957c8eddffd3d18cb805507bed707b0e306d3b433:segment:011,11,19048.0,17928,activities/108_260801060832.csv,1,1,0,0
fit:80de1342a3e9944829ab101957c8eddffd3d18cb805507bed707b0e306d3b433,2026-08-01T09:26:01+00:00,2602,186,137,97,9.667,190.0,36,fit:80de1342a3e9944829ab101957c8eddffd3d18cb805507bed707b0e306d3b433:segment:011,11,19049.0,17929,activities/108_260801060832.csv,1,1,0,0
fit:80de1342a3e9944829ab101957c8eddffd3d18cb805507bed707b0e306d3b433,2026-08-01T09:26:02+00:00,2603,178,137,96,9.523,190.0,36,fit:80de1342a3e9944829ab101957c8eddffd3d18cb805507bed707b0e306d3b433:segment:011,11,19050.0,17930,activities/108_260801060832.csv,1,1,0,0
fit:80de1342a3e9944829ab101957c8eddffd3d18cb805507bed707b0e306d3b433,2026-08-01T09:26:03+00:00,2604,189,137,95,9.449,190.0,36,fit:80de1342a3e9944829ab101957c8eddffd3d18cb805507bed707b0e306d3b433:segment:011,11,19051.0,17931,activities/108_260801060832.csv,1,1,0,0
fit:80de1342a3e9944829ab101957c8eddffd3d18cb805507bed707b0e306d3b433,2026-08-01T09:26:04+00:00,2605,185,137,94,9.289,190.39999999999998,36,fit:80de1342a3e9944829ab101957c8eddffd3d18cb805507bed707b0e306d3b433:segment:011,11,19052.0,17932,activities/108_260801060832.csv,1,1,0,0
fit:80de1342a3e9944829ab101957c8eddffd3d18cb805507bed707b0e306d3b433,2026-08-01T09:26:05+00:00,2606,198,138,92,9.16,190.39999999999998,36,fit:80de1342a3e9944829ab101957c8eddffd3d18cb805507bed707b0e306d3b433:segment:011,11,19053.0,17933,activities/108_260801060832.csv,1,1,0,0
fit:80de1342a3e9944829ab101957c8eddffd3d18cb805507bed707b0e306d3b433,2026-08-01T09:26:06+00:00,2607,211,138,90,8.984,190.39999999999998,36,fit:80de1342a3e9944829ab101957c8eddffd3d18cb805507bed707b0e306d3b433:segment:011,11,19054.0,17934,activities/108_260801060832.csv,1,1,0,0
fit:80de1342a3e9944829ab101957c8eddffd3d18cb805507bed707b0e306d3b433,2026-08-01T09:26:07+00:00,2608,217,138,93,8.757,190.39999999999998,36,fit:80de1342a3e9944829ab101957c8eddffd3d18cb805507bed707b0e306d3b433:segment:011,11,19055.0,17935,activities/108_260801060832.csv,1,1,0,0
fit:80de1342a3e9944829ab101957c8eddffd3d18cb805507bed707b0e306d3b433,2026-08-01T09:26:08+00:00,2609,253,139,91,8.485,191.20000000000005,36,fit:80de1342a3e9944829ab101957c8eddffd3d18cb805507bed707b0e306d3b433:segment:011,11,19056.0,17936,activities/108_260801060832.csv,1,1,0,0
fit:80de1342a3e9944829ab101957c8eddffd3d18cb805507bed707b0e306d3b433,2026-08-01T09:26:09+00:00,2610,269,140,89,8.181,191.20000000000005,36,fit:80de1342a3e9944829ab101957c8eddffd3d18cb805507bed707b0e306d3b433:segment:011,11,19057.0,17937,activities/108_260801060832.csv,1,1,0,0
fit:80de1342a3e9944829ab101957c8eddffd3d18cb805507bed707b0e306d3b433,2026-08-01T09:26:10+00:00,2611,260,140,87,8.004,191.20000000000005,36,fit:80de1342a3e9944829ab101957c8eddffd3d18cb805507bed707b0e306d3b433:segment:011,11,19058.0,17938,activities/108_260801060832.csv,1,1,0,0
fit:80de1342a3e9944829ab101957c8eddffd3d18cb805507bed707b0e306d3b433,2026-08-01T09:26:11+00:00,2612,123,140,82,7.656,192.0,36,fit:80de1342a3e9944829ab101957c8eddffd3d18cb805507bed707b0e306d3b433:segment:011,11,19059.0,17939,activities/108_260801060832.csv,1,1,0,0
fit:80de1342a3e9944829ab101957c8eddffd3d18cb805507bed707b0e306d3b433,2026-08-01T09:26:12+00:00,2613,281,141,84,7.385,194.0,36,fit:80de1342a3e9944829ab101957c8eddffd3d18cb805507bed707b0e306d3b433:segment:011,11,19060.0,17940,activities/108_260801060832.csv,1,1,0,0
fit:80de1342a3e9944829ab101957c8eddffd3d18cb805507bed707b0e306d3b433,2026-08-01T09:26:13+00:00,2614,288,142,83,7.055,194.0,36,fit:80de1342a3e9944829ab101957c8eddffd3d18cb805507bed707b0e306d3b433:segment:011,11,19061.0,17941,activities/108_260801060832.csv,1,1,0,0
fit:80de1342a3e9944829ab101957c8eddffd3d18cb805507bed707b0e306d3b433,2026-08-01T09:26:14+00:00,2615,284,143,83,6.8,194.0,36,fit:80de1342a3e9944829ab101957c8eddffd3d18cb805507bed707b0e306d3b433:segment:011,11,19062.0,17942,activities/108_260801060832.csv,1,1,0,0
fit:80de1342a3e9944829ab101957c8eddffd3d18cb805507bed707b0e306d3b433,2026-08-01T09:26:15+00:00,2616,297,143,80,6.642,194.0,36,fit:80de1342a3e9944829ab101957c8eddffd3d18cb805507bed707b0e306d3b433:segment:011,11,19063.0,17943,activities/108_260801060832.csv,1,1,0,0
fit:80de1342a3e9944829ab101957c8eddffd3d18cb805507bed707b0e306d3b433,2026-08-01T09:26:16+00:00,2617,292,145,80,6.366,194.39999999999998,36,fit:80de1342a3e9944829ab101957c8eddffd3d18cb805507bed707b0e306d3b433:segment:011,11,19064.0,17944,activities/108_260801060832.csv,1,1,0,0
fit:80de1342a3e9944829ab101957c8eddffd3d18cb805507bed707b0e306d3b433,2026-08-01T09:26:17+00:00,2618,292,145,80,6.201,194.39999999999998,36,fit:80de1342a3e9944829ab101957c8eddffd3d18cb805507bed707b0e306d3b433:segment:011,11,19065.0,17945,activities/108_260801060832.csv,1,1,0,0
fit:80de1342a3e9944829ab101957c8eddffd3d18cb805507bed707b0e306d3b433,2026-08-01T09:26:18+00:00,2619,333,145,77,6.091,194.39999999999998,36,fit:80de1342a3e9944829ab101957c8eddffd3d18cb805507bed707b0e306d3b433:segment:011,11,19066.0,17946,activities/108_260801060832.csv,1,1,0,0
fit:80de1342a3e9944829ab101957c8eddffd3d18cb805507bed707b0e306d3b433,2026-08-01T09:26:19+00:00,2620,326,147,76,5.864,195.39999999999998,36,fit:80de1342a3e9944829ab101957c8eddffd3d18cb805507bed707b0e306d3b433:segment:011,11,19067.0,17947,activities/108_260801060832.csv,1,1,0,0
fit:80de1342a3e9944829ab101957c8eddffd3d18cb805507bed707b0e306d3b433,2026-08-01T09:26:20+00:00,2621,344,148,76,5.731,196.0,36,fit:80de1342a3e9944829ab101957c8eddffd3d18cb805507bed707b0e306d3b433:segment:011,11,19068.0,17948,activities/108_260801060832.csv,1,1,0,0
fit:80de1342a3e9944829ab101957c8eddffd3d18cb805507bed707b0e306d3b433,2026-08-01T09:26:21+00:00,2622,345,148,75,5.611,196.0,36,fit:80de1342a3e9944829ab101957c8eddffd3d18cb805507bed707b0e306d3b433:segment:011,11,19069.0,17949,activities/108_260801060832.csv,1,1,0,0
fit:80de1342a3e9944829ab101957c8eddffd3d18cb805507bed707b0e306d3b433,2026-08-01T09:26:22+00:00,2623,334,149,75,5.551,196.0,36,fit:80de1342a3e9944829ab101957c8eddffd3d18cb805507bed707b0e306d3b433:segment:011,11,19070.0,17950,activities/108_260801060832.csv,1,1,0,0
fit:80de1342a3e9944829ab101957c8eddffd3d18cb805507bed707b0e306d3b433,2026-08-01T09:26:23+00:00,2624,266,150,73,5.481,196.0,36,fit:80de1342a3e9944829ab101957c8eddffd3d18cb805507bed707b0e306d3b433:segment:011,11,19071.0,17951,activities/108_260801060832.csv,1,1,0,0
fit:80de1342a3e9944829ab101957c8eddffd3d18cb805507bed707b0e306d3b433,2026-08-01T09:26:24+00:00,2625,299,151,73,5.366,198.0,36,fit:80de1342a3e9944829ab101957c8eddffd3d18cb805507bed707b0e306d3b433:segment:011,11,19072.0,17952,activities/108_260801060832.csv,1,1,0,0
fit:80de1342a3e9944829ab101957c8eddffd3d18cb805507bed707b0e306d3b433,2026-08-01T09:26:25+00:00,2626,316,152,70,5.264,198.0,36,fit:80de1342a3e9944829ab101957c8eddffd3d18cb805507bed707b0e306d3b433:segment:011,11,19073.0,17953,activities/108_260801060832.csv,1,1,0,0
fit:80de1342a3e9944829ab101957c8eddffd3d18cb805507bed707b0e306d3b433,2026-08-01T09:26:26+00:00,2627,344,153,70,5.219,198.0,36,fit:80de1342a3e9944829ab101957c8eddffd3d18cb805507bed707b0e306d3b433:segment:011,11,19074.0,17954,activities/108_260801060832.csv,1,1,0,0
fit:80de1342a3e9944829ab101957c8eddffd3d18cb805507bed707b0e306d3b433,2026-08-01T09:26:27+00:00,2628,312,153,69,5.298,199.0,36,fit:80de1342a3e9944829ab101957c8eddffd3d18cb805507bed707b0e306d3b433:segment:011,11,19075.0,17955,activities/108_260801060832.csv,1,1,0,0
fit:80de1342a3e9944829ab101957c8eddffd3d18cb805507bed707b0e306d3b433,2026-08-01T09:26:28+00:00,2629,312,154,68,5.172,199.39999999999998,36,fit:80de1342a3e9944829ab101957c8eddffd3d18cb805507bed707b0e306d3b433:segment:011,11,19076.0,17956,activities/108_260801060832.csv,1,1,0,0
fit:80de1342a3e9944829ab101957c8eddffd3d18cb805507bed707b0e306d3b433,2026-08-01T09:26:29+00:00,2630,290,155,68,5.215,199.39999999999998,36,fit:80de1342a3e9944829ab101957c8eddffd3d18cb805507bed707b0e306d3b433:segment:011,11,19077.0,17957,activities/108_260801060832.csv,1,1,0,0
fit:80de1342a3e9944829ab101957c8eddffd3d18cb805507bed707b0e306d3b433,2026-08-01T09:26:30+00:00,2631,293,155,68,5.111,199.39999999999998,36,fit:80de1342a3e9944829ab101957c8eddffd3d18cb805507bed707b0e306d3b433:segment:011,11,19078.0,17958,activities/108_260801060832.csv,1,1,0,0
fit:80de1342a3e9944829ab101957c8eddffd3d18cb805507bed707b0e306d3b433,2026-08-01T09:26:31+00:00,2632,362,156,68,4.921,200.20000000000005,36,fit:80de1342a3e9944829ab101957c8eddffd3d18cb805507bed707b0e306d3b433:segment:011,11,19079.0,17959,activities/108_260801060832.csv,1,1,0,0
fit:80de1342a3e9944829ab101957c8eddffd3d18cb805507bed707b0e306d3b433,2026-08-01T09:26:32+00:00,2633,350,157,68,4.971,200.0,36,fit:80de1342a3e9944829ab101957c8eddffd3d18cb805507bed707b0e306d3b433:segment:011,11,19080.0,17960,activities/108_260801060832.csv,1,1,0,0
fit:80de1342a3e9944829ab101957c8eddffd3d18cb805507bed707b0e306d3b433,2026-08-01T09:26:33+00:00,2634,193,157,72,4.919,200.0,36,fit:80de1342a3e9944829ab101957c8eddffd3d18cb805507bed707b0e306d3b433:segment:011,11,19081.0,17961,activities/108_260801060832.csv,1,1,0,0
fit:80de1342a3e9944829ab101957c8eddffd3d18cb805507bed707b0e306d3b433,2026-08-01T09:26:34+00:00,2635,267,158,72,4.653,200.0,36,fit:80de1342a3e9944829ab101957c8eddffd3d18cb805507bed707b0e306d3b433:segment:011,11,19082.0,17962,activities/108_260801060832.csv,1,1,0,0
fit:80de1342a3e9944829ab101957c8eddffd3d18cb805507bed707b0e306d3b433,2026-08-01T09:26:35+00:00,2636,248,159,75,4.563,200.0,36,fit:80de1342a3e9944829ab101957c8eddffd3d18cb805507bed707b0e306d3b433:segment:011,11,19083.0,17963,activities/108_260801060832.csv,1,1,0,0
fit:80de1342a3e9944829ab101957c8eddffd3d18cb805507bed707b0e306d3b433,2026-08-01T09:26:36+00:00,2637,326,161,74,4.414,202.39999999999998,36,fit:80de1342a3e9944829ab101957c8eddffd3d18cb805507bed707b0e306d3b433:segment:011,11,19084.0,17964,activities/108_260801060832.csv,1,1,0,0
fit:80de1342a3e9944829ab101957c8eddffd3d18cb805507bed707b0e306d3b433,2026-08-01T09:26:37+00:00,2638,327,161,74,4.45,202.39999999999998,36,fit:80de1342a3e9944829ab101957c8eddffd3d18cb805507bed707b0e306d3b433:segment:011,11,19085.0,17965,activities/108_260801060832.csv,1,1,0,0
fit:80de1342a3e9944829ab101957c8eddffd3d18cb805507bed707b0e306d3b433,2026-08-01T09:26:38+00:00,2639,350,162,76,4.454,202.39999999999998,36,fit:80de1342a3e9944829ab101957c8eddffd3d18cb805507bed707b0e306d3b433:segment:011,11,19086.0,17966,activities/108_260801060832.csv,1,1,0,0
fit:80de1342a3e9944829ab101957c8eddffd3d18cb805507bed707b0e306d3b433,2026-08-01T09:26:39+00:00,2640,349,164,78,4.566,202.39999999999998,36,fit:80de1342a3e9944829ab101957c8eddffd3d18cb805507bed707b0e306d3b433:segment:011,11,19087.0,17967,activities/108_260801060832.csv,1,1,0,0
fit:80de1342a3e9944829ab101957c8eddffd3d18cb805507bed707b0e306d3b433,2026-08-01T09:26:40+00:00,2641,354,164,79,4.651,203.0,36,fit:80de1342a3e9944829ab101957c8eddffd3d18cb805507bed707b0e306d3b433:segment:011,11,19088.0,17968,activities/108_260801060832.csv,1,1,0,0
fit:80de1342a3e9944829ab101957c8eddffd3d18cb805507bed707b0e306d3b433,2026-08-01T09:26:41+00:00,2642,362,166,80,4.84,203.0,36,fit:80de1342a3e9944829ab101957c8eddffd3d18cb805507bed707b0e306d3b433:segment:011,11,19089.0,17969,activities/108_260801060832.csv,1,1,0,0
fit:80de1342a3e9944829ab101957c8eddffd3d18cb805507bed707b0e306d3b433,2026-08-01T09:26:42+00:00,2643,248,166,81,4.923,203.0,36,fit:80de1342a3e9944829ab101957c8eddffd3d18cb805507bed707b0e306d3b433:segment:011,11,19090.0,17970,activities/108_260801060832.csv,1,1,0,0
fit:80de1342a3e9944829ab101957c8eddffd3d18cb805507bed707b0e306d3b433,2026-08-01T09:26:43+00:00,2644,286,167,81,4.902,203.79999999999995,36,fit:80de1342a3e9944829ab101957c8eddffd3d18cb805507bed707b0e306d3b433:segment:011,11,19091.0,17971,activities/108_260801060832.csv,1,1,0,0
fit:80de1342a3e9944829ab101957c8eddffd3d18cb805507bed707b0e306d3b433,2026-08-01T09:26:44+00:00,2645,202,168,78,4.899,203.60000000000002,36,fit:80de1342a3e9944829ab101957c8eddffd3d18cb805507bed707b0e306d3b433:segment:011,11,19092.0,17972,activities/108_260801060832.csv,1,1,0,0
fit:80de1342a3e9944829ab101957c8eddffd3d18cb805507bed707b0e306d3b433,2026-08-01T09:26:45+00:00,2646,248,169,78,4.794,203.60000000000002,36,fit:80de1342a3e9944829ab101957c8eddffd3d18cb805507bed707b0e306d3b433:segment:011,11,19093.0,17973,activities/108_260801060832.csv,1,1,0,0
fit:80de1342a3e9944829ab101957c8eddffd3d18cb805507bed707b0e306d3b433,2026-08-01T09:26:46+00:00,2647,211,169,77,4.872,203.60000000000002,36,fit:80de1342a3e9944829ab101957c8eddffd3d18cb805507bed707b0e306d3b433:segment:011,11,19094.0,17974,activities/108_260801060832.csv,1,1,0,0
fit:80de1342a3e9944829ab101957c8eddffd3d18cb805507bed707b0e306d3b433,2026-08-01T09:26:47+00:00,2648,211,170,75,4.846,204.60000000000002,36,fit:80de1342a3e9944829ab101957c8eddffd3d18cb805507bed707b0e306d3b433:segment:011,11,19095.0,17975,activities/108_260801060832.csv,1,1,0,0
fit:80de1342a3e9944829ab101957c8eddffd3d18cb805507bed707b0e306d3b433,2026-08-01T09:26:48+00:00,2649,235,170,74,4.649,205.39999999999998,36,fit:80de1342a3e9944829ab101957c8eddffd3d18cb805507bed707b0e306d3b433:segment:011,11,19096.0,17976,activities/108_260801060832.csv,1,1,0,0
fit:80de1342a3e9944829ab101957c8eddffd3d18cb805507bed707b0e306d3b433,2026-08-01T09:26:49+00:00,2650,238,171,75,4.607,205.39999999999998,36,fit:80de1342a3e9944829ab101957c8eddffd3d18cb805507bed707b0e306d3b433:segment:011,11,19097.0,17977,activities/108_260801060832.csv,1,1,0,0
fit:80de1342a3e9944829ab101957c8eddffd3d18cb805507bed707b0e306d3b433,2026-08-01T09:26:50+00:00,2651,252,171,75,4.49,205.39999999999998,36,fit:80de1342a3e9944829ab101957c8eddffd3d18cb805507bed707b0e306d3b433:segment:011,11,19098.0,17978,activities/108_260801060832.csv,1,1,0,0
fit:80de1342a3e9944829ab101957c8eddffd3d18cb805507bed707b0e306d3b433,2026-08-01T09:26:51+00:00,2652,265,171,77,4.719,204.39999999999998,36,fit:80de1342a3e9944829ab101957c8eddffd3d18cb805507bed707b0e306d3b433:segment:011,11,19099.0,17979,activities/108_260801060832.csv,1,1,0,0
fit:80de1342a3e9944829ab101957c8eddffd3d18cb805507bed707b0e306d3b433,2026-08-01T09:26:52+00:00,2653,296,172,79,4.857,206.79999999999995,36,fit:80de1342a3e9944829ab101957c8eddffd3d18cb805507bed707b0e306d3b433:segment:011,11,19100.0,17980,activities/108_260801060832.csv,1,1,0,0
fit:80de1342a3e9944829ab101957c8eddffd3d18cb805507bed707b0e306d3b433,2026-08-01T09:26:53+00:00,2654,303,172,82,4.9,206.79999999999995,36,fit:80de1342a3e9944829ab101957c8eddffd3d18cb805507bed707b0e306d3b433:segment:011,11,19101.0,17981,activities/108_260801060832.csv,1,1,0,0
fit:80de1342a3e9944829ab101957c8eddffd3d18cb805507bed707b0e306d3b433,2026-08-01T09:26:54+00:00,2655,252,171,86,5.058,206.79999999999995,36,fit:80de1342a3e9944829ab101957c8eddffd3d18cb805507bed707b0e306d3b433:segment:011,11,19102.0,17982,activities/108_260801060832.csv,1,1,0,0
fit:80de1342a3e9944829ab101957c8eddffd3d18cb805507bed707b0e306d3b433,2026-08-01T09:26:55+00:00,2656,220,172,86,5.263,206.79999999999995,36,fit:80de1342a3e9944829ab101957c8eddffd3d18cb805507bed707b0e306d3b433:segment:011,11,19103.0,17983,activities/108_260801060832.csv,1,1,0,0
fit:80de1342a3e9944829ab101957c8eddffd3d18cb805507bed707b0e306d3b433,2026-08-01T09:26:56+00:00,2657,241,172,90,5.439,206.39999999999998,36,fit:80de1342a3e9944829ab101957c8eddffd3d18cb805507bed707b0e306d3b433:segment:011,11,19104.0,17984,activities/108_260801060832.csv,1,1,0,0
fit:80de1342a3e9944829ab101957c8eddffd3d18cb805507bed707b0e306d3b433,2026-08-01T09:26:57+00:00,2658,178,172,93,5.632,206.39999999999998,36,fit:80de1342a3e9944829ab101957c8eddffd3d18cb805507bed707b0e306d3b433:segment:011,11,19105.0,17985,activities/108_260801060832.csv,1,1,0,0
fit:80de1342a3e9944829ab101957c8eddffd3d18cb805507bed707b0e306d3b433,2026-08-01T09:26:58+00:00,2659,213,172,89,5.682,206.39999999999998,36,fit:80de1342a3e9944829ab101957c8eddffd3d18cb805507bed707b0e306d3b433:segment:011,11,19106.0,17986,activities/108_260801060832.csv,1,1,0,0
fit:80de1342a3e9944829ab101957c8eddffd3d18cb805507bed707b0e306d3b433,2026-08-01T09:26:59+00:00,2660,218,172,84,5.767,206.39999999999998,36,fit:80de1342a3e9944829ab101957c8eddffd3d18cb805507bed707b0e306d3b433:segment:011,11,19107.0,17987,activities/108_260801060832.csv,1,1,0,0
fit:80de1342a3e9944829ab101957c8eddffd3d18cb805507bed707b0e306d3b433,2026-08-01T09:27:00+00:00,2661,173,172,84,5.899,207.0,36,fit:80de1342a3e9944829ab101957c8eddffd3d18cb805507bed707b0e306d3b433:segment:011,11,19108.0,17988,activities/108_260801060832.csv,1,1,0,0
fit:80de1342a3e9944829ab101957c8eddffd3d18cb805507bed707b0e306d3b433,2026-08-01T09:27:01+00:00,2662,111,173,87,5.954,207.0,36,fit:80de1342a3e9944829ab101957c8eddffd3d18cb805507bed707b0e306d3b433:segment:011,11,19109.0,17989,activities/108_260801060832.csv,1,1,0,0
fit:80de1342a3e9944829ab101957c8eddffd3d18cb805507bed707b0e306d3b433,2026-08-01T09:27:02+00:00,2663,107,173,87,5.971,207.0,36,fit:80de1342a3e9944829ab101957c8eddffd3d18cb805507bed707b0e306d3b433:segment:011,11,19110.0,17990,activities/108_260801060832.csv,1,1,0,0
fit:80de1342a3e9944829ab101957c8eddffd3d18cb805507bed707b0e306d3b433,2026-08-01T09:27:03+00:00,2664,105,173,86,6.039,206.39999999999998,36,fit:80de1342a3e9944829ab101957c8eddffd3d18cb805507bed707b0e306d3b433:segment:011,11,19111.0,17991,activities/108_260801060832.csv,1,1,0,0
fit:80de1342a3e9944829ab101957c8eddffd3d18cb805507bed707b0e306d3b433,2026-08-01T09:27:04+00:00,2665,119,173,85,5.982,207.0,36,fit:80de1342a3e9944829ab101957c8eddffd3d18cb805507bed707b0e306d3b433:segment:011,11,19112.0,17992,activities/108_260801060832.csv,1,1,0,0
fit:80de1342a3e9944829ab101957c8eddffd3d18cb805507bed707b0e306d3b433,2026-08-01T09:27:05+00:00,2666,103,173,85,5.883,207.0,36,fit:80de1342a3e9944829ab101957c8eddffd3d18cb805507bed707b0e306d3b433:segment:011,11,19113.0,17993,activities/108_260801060832.csv,1,1,0,0
fit:80de1342a3e9944829ab101957c8eddffd3d18cb805507bed707b0e306d3b433,2026-08-01T09:27:06+00:00,2667,125,173,85,5.831,207.0,36,fit:80de1342a3e9944829ab101957c8eddffd3d18cb805507bed707b0e306d3b433:segment:011,11,19114.0,17994,activities/108_260801060832.csv,1,1,0,0
fit:80de1342a3e9944829ab101957c8eddffd3d18cb805507bed707b0e306d3b433,2026-08-01T09:27:07+00:00,2668,104,173,78,5.837,207.0,36,fit:80de1342a3e9944829ab101957c8eddffd3d18cb805507bed707b0e306d3b433:segment:011,11,19115.0,17995,activities/108_260801060832.csv,1,1,0,0
fit:80de1342a3e9944829ab101957c8eddffd3d18cb805507bed707b0e306d3b433,2026-08-01T09:27:08+00:00,2669,63,173,78,5.801,207.20000000000005,36,fit:80de1342a3e9944829ab101957c8eddffd3d18cb805507bed707b0e306d3b433:segment:011,11,19116.0,17996,activities/108_260801060832.csv,1,1,0,0
fit:80de1342a3e9944829ab101957c8eddffd3d18cb805507bed707b0e306d3b433,2026-08-01T09:27:09+00:00,2670,63,173,77,5.653,207.20000000000005,36,fit:80de1342a3e9944829ab101957c8eddffd3d18cb805507bed707b0e306d3b433:segment:011,11,19117.0,17997,activities/108_260801060832.csv,1,1,0,0
fit:80de1342a3e9944829ab101957c8eddffd3d18cb805507bed707b0e306d3b433,2026-08-01T09:27:10+00:00,2671,63,172,77,5.605,207.20000000000005,36,fit:80de1342a3e9944829ab101957c8eddffd3d18cb805507bed707b0e306d3b433:segment:011,11,19118.0,17998,activities/108_260801060832.csv,1,1,0,0
fit:80de1342a3e9944829ab101957c8eddffd3d18cb805507bed707b0e306d3b433,2026-08-01T09:27:11+00:00,2672,63,172,77,5.413,207.20000000000005,36,fit:80de1342a3e9944829ab101957c8eddffd3d18cb805507bed707b0e306d3b433:segment:011,11,19119.0,17999,activities/108_260801060832.csv,1,1,0,0
fit:80de1342a3e9944829ab101957c8eddffd3d18cb805507bed707b0e306d3b433,2026-08-01T09:27:12+00:00,2673,63,172,77,5.422,207.0,36,fit:80de1342a3e9944829ab101957c8eddffd3d18cb805507bed707b0e306d3b433:segment:011,11,19120.0,18000,activities/108_260801060832.csv,1,1,0,0
fit:80de1342a3e9944829ab101957c8eddffd3d18cb805507bed707b0e306d3b433,2026-08-01T09:27:13+00:00,2674,0,171,74,5.57,207.0,36,fit:80de1342a3e9944829ab101957c8eddffd3d18cb805507bed707b0e306d3b433:segment:011,11,19121.0,18001,activities/108_260801060832.csv,1,1,0,0
fit:80de1342a3e9944829ab101957c8eddffd3d18cb805507bed707b0e306d3b433,2026-08-01T09:27:14+00:00,2675,0,171,0,5.575,207.0,36,fit:80de1342a3e9944829ab101957c8eddffd3d18cb805507bed707b0e306d3b433:segment:011,11,19122.0,18002,activities/108_260801060832.csv,1,1,0,0
fit:80de1342a3e9944829ab101957c8eddffd3d18cb805507bed707b0e306d3b433,2026-08-01T09:27:15+00:00,2676,0,169,0,5.746,207.60000000000002,36,fit:80de1342a3e9944829ab101957c8eddffd3d18cb805507bed707b0e306d3b433:segment:011,11,19123.0,18003,activities/108_260801060832.csv,1,1,0,0
fit:80de1342a3e9944829ab101957c8eddffd3d18cb805507bed707b0e306d3b433,2026-08-01T09:27:16+00:00,2677,0,168,0,6.075,206.79999999999995,36,fit:80de1342a3e9944829ab101957c8eddffd3d18cb805507bed707b0e306d3b433:segment:011,11,19124.0,18004,activities/108_260801060832.csv,1,1,0,0
fit:80de1342a3e9944829ab101957c8eddffd3d18cb805507bed707b0e306d3b433,2026-08-01T09:27:17+00:00,2678,0,167,0,6.508,206.79999999999995,36,fit:80de1342a3e9944829ab101957c8eddffd3d18cb805507bed707b0e306d3b433:segment:011,11,19125.0,18005,activities/108_260801060832.csv,1,1,0,0
fit:80de1342a3e9944829ab101957c8eddffd3d18cb805507bed707b0e306d3b433,2026-08-01T09:27:18+00:00,2679,0,166,0,6.71,206.79999999999995,36,fit:80de1342a3e9944829ab101957c8eddffd3d18cb805507bed707b0e306d3b433:segment:011,11,19126.0,18006,activities/108_260801060832.csv,1,1,0,0
fit:80de1342a3e9944829ab101957c8eddffd3d18cb805507bed707b0e306d3b433,2026-08-01T09:27:19+00:00,2680,0,165,0,7.147,205.79999999999995,36,fit:80de1342a3e9944829ab101957c8eddffd3d18cb805507bed707b0e306d3b433:segment:011,11,19127.0,18007,activities/108_260801060832.csv,1,1,0,0
fit:80de1342a3e9944829ab101957c8eddffd3d18cb805507bed707b0e306d3b433,2026-08-01T09:27:20+00:00,2681,0,165,0,7.552,204.79999999999995,36,fit:80de1342a3e9944829ab101957c8eddffd3d18cb805507bed707b0e306d3b433:segment:011,11,19128.0,18008,activities/108_260801060832.csv,1,1,0,0
fit:80de1342a3e9944829ab101957c8eddffd3d18cb805507bed707b0e306d3b433,2026-08-01T09:27:21+00:00,2682,0,164,0,8.077,204.79999999999995,36,fit:80de1342a3e9944829ab101957c8eddffd3d18cb805507bed707b0e306d3b433:segment:011,11,19129.0,18009,activities/108_260801060832.csv,1,1,0,0
fit:80de1342a3e9944829ab101957c8eddffd3d18cb805507bed707b0e306d3b433,2026-08-01T09:27:22+00:00,2683,0,162,0,8.604,204.79999999999995,36,fit:80de1342a3e9944829ab101957c8eddffd3d18cb805507bed707b0e306d3b433:segment:011,11,19130.0,18010,activities/108_260801060832.csv,1,1,0,0
fit:80de1342a3e9944829ab101957c8eddffd3d18cb805507bed707b0e306d3b433,2026-08-01T09:27:23+00:00,2684,0,161,0,9.148,203.79999999999995,36,fit:80de1342a3e9944829ab101957c8eddffd3d18cb805507bed707b0e306d3b433:segment:011,11,19131.0,18011,activities/108_260801060832.csv,1,1,0,0
fit:80de1342a3e9944829ab101957c8eddffd3d18cb805507bed707b0e306d3b433,2026-08-01T09:27:24+00:00,2685,0,159,0,9.662,201.60000000000002,36,fit:80de1342a3e9944829ab101957c8eddffd3d18cb805507bed707b0e306d3b433:segment:011,11,19132.0,18012,activities/108_260801060832.csv,1,1,0,0
fit:80de1342a3e9944829ab101957c8eddffd3d18cb805507bed707b0e306d3b433,2026-08-01T09:27:25+00:00,2686,0,157,0,10.188,201.60000000000002,36,fit:80de1342a3e9944829ab101957c8eddffd3d18cb805507bed707b0e306d3b433:segment:011,11,19133.0,18013,activities/108_260801060832.csv,1,1,0,0
fit:80de1342a3e9944829ab101957c8eddffd3d18cb805507bed707b0e306d3b433,2026-08-01T09:27:26+00:00,2687,0,156,0,10.558,201.60000000000002,36,fit:80de1342a3e9944829ab101957c8eddffd3d18cb805507bed707b0e306d3b433:segment:011,11,19134.0,18014,activities/108_260801060832.csv,1,1,0,0
fit:80de1342a3e9944829ab101957c8eddffd3d18cb805507bed707b0e306d3b433,2026-08-01T09:27:27+00:00,2688,0,154,0,10.919,200.60000000000002,36,fit:80de1342a3e9944829ab101957c8eddffd3d18cb805507bed707b0e306d3b433:segment:011,11,19135.0,18015,activities/108_260801060832.csv,1,1,0,0
fit:80de1342a3e9944829ab101957c8eddffd3d18cb805507bed707b0e306d3b433,2026-08-01T09:27:28+00:00,2689,0,154,0,11.397,197.0,36,fit:80de1342a3e9944829ab101957c8eddffd3d18cb805507bed707b0e306d3b433:segment:011,11,19136.0,18016,activities/108_260801060832.csv,1,1,0,0
fit:80de1342a3e9944829ab101957c8eddffd3d18cb805507bed707b0e306d3b433,2026-08-01T09:27:29+00:00,2690,0,152,0,11.821,197.0,36,fit:80de1342a3e9944829ab101957c8eddffd3d18cb805507bed707b0e306d3b433:segment:011,11,19137.0,18017,activities/108_260801060832.csv,1,1,0,0
fit:80de1342a3e9944829ab101957c8eddffd3d18cb805507bed707b0e306d3b433,2026-08-01T09:27:30+00:00,2691,0,151,0,12.212,197.0,36,fit:80de1342a3e9944829ab101957c8eddffd3d18cb805507bed707b0e306d3b433:segment:011,11,19138.0,18018,activities/108_260801060832.csv,1,1,0,0
fit:80de1342a3e9944829ab101957c8eddffd3d18cb805507bed707b0e306d3b433,2026-08-01T09:27:31+00:00,2692,0,150,0,12.701,197.0,36,fit:80de1342a3e9944829ab101957c8eddffd3d18cb805507bed707b0e306d3b433:segment:011,11,19139.0,18019,activities/108_260801060832.csv,1,1,0,0
fit:80de1342a3e9944829ab101957c8eddffd3d18cb805507bed707b0e306d3b433,2026-08-01T09:27:32+00:00,2693,0,148,0,12.981,194.60000000000002,36,fit:80de1342a3e9944829ab101957c8eddffd3d18cb805507bed707b0e306d3b433:segment:011,11,19140.0,18020,activities/108_260801060832.csv,1,1,0,0
fit:80de1342a3e9944829ab101957c8eddffd3d18cb805507bed707b0e306d3b433,2026-08-01T09:27:33+00:00,2694,0,148,0,12.346,194.60000000000002,36,fit:80de1342a3e9944829ab101957c8eddffd3d18cb805507bed707b0e306d3b433:segment:011,11,19141.0,18021,activities/108_260801060832.csv,1,1,0,0
fit:80de1342a3e9944829ab101957c8eddffd3d18cb805507bed707b0e306d3b433,2026-08-01T09:27:34+00:00,2695,0,146,0,10.487,194.60000000000002,36,fit:80de1342a3e9944829ab101957c8eddffd3d18cb805507bed707b0e306d3b433:segment:011,11,19142.0,18022,activities/108_260801060832.csv,1,1,0,0
fit:80de1342a3e9944829ab101957c8eddffd3d18cb805507bed707b0e306d3b433,2026-08-01T09:27:35+00:00,2696,0,143,0,9.182,194.60000000000002,36,fit:80de1342a3e9944829ab101957c8eddffd3d18cb805507bed707b0e306d3b433:segment:011,11,19143.0,18023,activities/108_260801060832.csv,1,1,0,0
fit:80de1342a3e9944829ab101957c8eddffd3d18cb805507bed707b0e306d3b433,2026-08-01T09:27:36+00:00,2697,0,143,0,8.588,193.79999999999995,36,fit:80de1342a3e9944829ab101957c8eddffd3d18cb805507bed707b0e306d3b433:segment:011,11,19144.0,18024,activities/108_260801060832.csv,1,1,0,0
fit:80de1342a3e9944829ab101957c8eddffd3d18cb805507bed707b0e306d3b433,2026-08-01T09:27:37+00:00,2698,0,139,0,8.608,193.79999999999995,36,fit:80de1342a3e9944829ab101957c8eddffd3d18cb805507bed707b0e306d3b433:segment:011,11,19145.0,18025,activities/108_260801060832.csv,1,1,0,0
fit:80de1342a3e9944829ab101957c8eddffd3d18cb805507bed707b0e306d3b433,2026-08-01T09:27:38+00:00,2699,0,136,0,8.87,193.79999999999995,36,fit:80de1342a3e9944829ab101957c8eddffd3d18cb805507bed707b0e306d3b433:segment:011,11,19146.0,18026,activities/108_260801060832.csv,1,1,0,0
fit:80de1342a3e9944829ab101957c8eddffd3d18cb805507bed707b0e306d3b433,2026-08-01T09:27:39+00:00,2700,0,132,20,9.188,192.79999999999995,36,fit:80de1342a3e9944829ab101957c8eddffd3d18cb805507bed707b0e306d3b433:segment:011,11,19147.0,18027,activities/108_260801060832.csv,1,1,0,0
fit:80de1342a3e9944829ab101957c8eddffd3d18cb805507bed707b0e306d3b433,2026-08-01T09:27:40+00:00,2701,0,132,20,9.355,191.39999999999998,36,fit:80de1342a3e9944829ab101957c8eddffd3d18cb805507bed707b0e306d3b433:segment:011,11,19148.0,18028,activities/108_260801060832.csv,1,1,0,0
fit:80de1342a3e9944829ab101957c8eddffd3d18cb805507bed707b0e306d3b433,2026-08-01T09:27:41+00:00,2702,139,130,87,9.6,191.39999999999998,36,fit:80de1342a3e9944829ab101957c8eddffd3d18cb805507bed707b0e306d3b433:segment:011,11,19149.0,18029,activities/108_260801060832.csv,1,1,0,0
fit:80de1342a3e9944829ab101957c8eddffd3d18cb805507bed707b0e306d3b433,2026-08-01T09:27:42+00:00,2703,181,129,81,9.729,191.39999999999998,36,fit:80de1342a3e9944829ab101957c8eddffd3d18cb805507bed707b0e306d3b433:segment:011,11,19150.0,18030,activities/108_260801060832.csv,1,1,0,0
fit:80de1342a3e9944829ab101957c8eddffd3d18cb805507bed707b0e306d3b433,2026-08-01T09:27:43+00:00,2704,181,128,82,9.897,191.39999999999998,36,fit:80de1342a3e9944829ab101957c8eddffd3d18cb805507bed707b0e306d3b433:segment:011,11,19151.0,18031,activities/108_260801060832.csv,1,1,0,0
fit:80de1342a3e9944829ab101957c8eddffd3d18cb805507bed707b0e306d3b433,2026-08-01T09:27:44+00:00,2705,166,128,84,10.124,190.79999999999995,36,fit:80de1342a3e9944829ab101957c8eddffd3d18cb805507bed707b0e306d3b433:segment:011,11,19152.0,18032,activities/108_260801060832.csv,1,1,0,0
fit:80de1342a3e9944829ab101957c8eddffd3d18cb805507bed707b0e306d3b433,2026-08-01T09:27:45+00:00,2706,139,128,84,10.247,190.79999999999995,36,fit:80de1342a3e9944829ab101957c8eddffd3d18cb805507bed707b0e306d3b433:segment:011,11,19153.0,18033,activities/108_260801060832.csv,1,1,0,0
fit:80de1342a3e9944829ab101957c8eddffd3d18cb805507bed707b0e306d3b433,2026-08-01T09:27:46+00:00,2707,140,129,84,10.332,190.79999999999995,36,fit:80de1342a3e9944829ab101957c8eddffd3d18cb805507bed707b0e306d3b433:segment:011,11,19154.0,18034,activities/108_260801060832.csv,1,1,0,0
fit:80de1342a3e9944829ab101957c8eddffd3d18cb805507bed707b0e306d3b433,2026-08-01T09:27:47+00:00,2708,140,129,84,10.248,190.79999999999995,36,fit:80de1342a3e9944829ab101957c8eddffd3d18cb805507bed707b0e306d3b433:segment:011,11,19155.0,18035,activities/108_260801060832.csv,1,1,0,0
fit:80de1342a3e9944829ab101957c8eddffd3d18cb805507bed707b0e306d3b433,2026-08-01T09:27:48+00:00,2709,140,129,84,10.189,190.0,36,fit:80de1342a3e9944829ab101957c8eddffd3d18cb805507bed707b0e306d3b433:segment:011,11,19156.0,18036,activities/108_260801060832.csv,1,1,0,0
fit:80de1342a3e9944829ab101957c8eddffd3d18cb805507bed707b0e306d3b433,2026-08-01T09:27:49+00:00,2710,46,128,27,10.049,190.0,36,fit:80de1342a3e9944829ab101957c8eddffd3d18cb805507bed707b0e306d3b433:segment:011,11,19157.0,18037,activities/108_260801060832.csv,1,1,0,0
fit:80de1342a3e9944829ab101957c8eddffd3d18cb805507bed707b0e306d3b433,2026-08-01T09:27:50+00:00,2711,259,128,27,9.971,190.0,36,fit:80de1342a3e9944829ab101957c8eddffd3d18cb805507bed707b0e306d3b433:segment:011,11,19158.0,18038,activities/108_260801060832.csv,1,1,0,0
fit:80de1342a3e9944829ab101957c8eddffd3d18cb805507bed707b0e306d3b433,2026-08-01T09:27:51+00:00,2712,261,128,80,9.97,190.0,36,fit:80de1342a3e9944829ab101957c8eddffd3d18cb805507bed707b0e306d3b433:segment:011,11,19159.0,18039,activities/108_260801060832.csv,1,1,0,0
fit:80de1342a3e9944829ab101957c8eddffd3d18cb805507bed707b0e306d3b433,2026-08-01T09:27:52+00:00,2713,223,128,78,9.935,189.39999999999998,36,fit:80de1342a3e9944829ab101957c8eddffd3d18cb805507bed707b0e306d3b433:segment:011,11,19160.0,18040,activities/108_260801060832.csv,1,1,0,0
fit:80de1342a3e9944829ab101957c8eddffd3d18cb805507bed707b0e306d3b433,2026-08-01T09:27:53+00:00,2714,223,129,76,9.764,189.39999999999998,36,fit:80de1342a3e9944829ab101957c8eddffd3d18cb805507bed707b0e306d3b433:segment:011,11,19161.0,18041,activities/108_260801060832.csv,1,1,0,0
fit:80de1342a3e9944829ab101957c8eddffd3d18cb805507bed707b0e306d3b433,2026-08-01T09:27:54+00:00,2715,247,129,76,9.644,189.39999999999998,36,fit:80de1342a3e9944829ab101957c8eddffd3d18cb805507bed707b0e306d3b433:segment:011,11,19162.0,18042,activities/108_260801060832.csv,1,1,0,0
fit:80de1342a3e9944829ab101957c8eddffd3d18cb805507bed707b0e306d3b433,2026-08-01T09:27:55+00:00,2716,227,130,73,9.405,189.39999999999998,36,fit:80de1342a3e9944829ab101957c8eddffd3d18cb805507bed707b0e306d3b433:segment:011,11,19163.0,18043,activities/108_260801060832.csv,1,1,0,0
fit:80de1342a3e9944829ab101957c8eddffd3d18cb805507bed707b0e306d3b433,2026-08-01T09:27:56+00:00,2717,268,133,71,9.122,191.20000000000005,36,fit:80de1342a3e9944829ab101957c8eddffd3d18cb805507bed707b0e306d3b433:segment:011,11,19164.0,18044,activities/108_260801060832.csv,1,1,0,0
fit:80de1342a3e9944829ab101957c8eddffd3d18cb805507bed707b0e306d3b433,2026-08-01T09:27:57+00:00,2718,261,135,67,8.767,191.20000000000005,36,fit:80de1342a3e9944829ab101957c8eddffd3d18cb805507bed707b0e306d3b433:segment:011,11,19165.0,18045,activities/108_260801060832.csv,1,1,0,0
fit:80de1342a3e9944829ab101957c8eddffd3d18cb805507bed707b0e306d3b433,2026-08-01T09:27:58+00:00,2719,299,135,66,8.569,191.20000000000005,36,fit:80de1342a3e9944829ab101957c8eddffd3d18cb805507bed707b0e306d3b433:segment:011,11,19166.0,18046,activities/108_260801060832.csv,1,1,0,0
fit:80de1342a3e9944829ab101957c8eddffd3d18cb805507bed707b0e306d3b433,2026-08-01T09:27:59+00:00,2720,362,136,65,8.235,191.20000000000005,36,fit:80de1342a3e9944829ab101957c8eddffd3d18cb805507bed707b0e306d3b433:segment:011,11,19167.0,18047,activities/108_260801060832.csv,1,1,0,0
fit:80de1342a3e9944829ab101957c8eddffd3d18cb805507bed707b0e306d3b433,2026-08-01T09:28:00+00:00,2721,294,137,65,8.142,193.0,36,fit:80de1342a3e9944829ab101957c8eddffd3d18cb805507bed707b0e306d3b433:segment:011,11,19168.0,18048,activities/108_260801060832.csv,1,1,0,0
fit:80de1342a3e9944829ab101957c8eddffd3d18cb805507bed707b0e306d3b433,2026-08-01T09:28:01+00:00,2722,294,137,64,8.145,193.0,36,fit:80de1342a3e9944829ab101957c8eddffd3d18cb805507bed707b0e306d3b433:segment:011,11,19169.0,18049,activities/108_260801060832.csv,1,1,0,0
fit:80de1342a3e9944829ab101957c8eddffd3d18cb805507bed707b0e306d3b433,2026-08-01T09:28:02+00:00,2723,281,139,63,8.077,193.0,36,fit:80de1342a3e9944829ab101957c8eddffd3d18cb805507bed707b0e306d3b433:segment:011,11,19170.0,18050,activities/108_260801060832.csv,1,1,0,0
fit:80de1342a3e9944829ab101957c8eddffd3d18cb805507bed707b0e306d3b433,2026-08-01T09:28:03+00:00,2724,322,139,62,7.841,194.0,36,fit:80de1342a3e9944829ab101957c8eddffd3d18cb805507bed707b0e306d3b433:segment:011,11,19171.0,18051,activities/108_260801060832.csv,1,1,0,0
fit:80de1342a3e9944829ab101957c8eddffd3d18cb805507bed707b0e306d3b433,2026-08-01T09:28:04+00:00,2725,339,140,62,7.683,194.20000000000005,36,fit:80de1342a3e9944829ab101957c8eddffd3d18cb805507bed707b0e306d3b433:segment:011,11,19172.0,18052,activities/108_260801060832.csv,1,1,0,0
fit:80de1342a3e9944829ab101957c8eddffd3d18cb805507bed707b0e306d3b433,2026-08-01T09:28:05+00:00,2726,393,142,69,7.475,194.20000000000005,36,fit:80de1342a3e9944829ab101957c8eddffd3d18cb805507bed707b0e306d3b433:segment:011,11,19173.0,18053,activities/108_260801060832.csv,1,1,0,0
fit:80de1342a3e9944829ab101957c8eddffd3d18cb805507bed707b0e306d3b433,2026-08-01T09:28:06+00:00,2727,386,145,69,7.38,194.20000000000005,36,fit:80de1342a3e9944829ab101957c8eddffd3d18cb805507bed707b0e306d3b433:segment:011,11,19174.0,18054,activities/108_260801060832.csv,1,1,0,0
fit:80de1342a3e9944829ab101957c8eddffd3d18cb805507bed707b0e306d3b433,2026-08-01T09:28:07+00:00,2728,347,147,69,7.435,195.20000000000005,36,fit:80de1342a3e9944829ab101957c8eddffd3d18cb805507bed707b0e306d3b433:segment:011,11,19175.0,18055,activities/108_260801060832.csv,1,1,0,0
fit:80de1342a3e9944829ab101957c8eddffd3d18cb805507bed707b0e306d3b433,2026-08-01T09:28:08+00:00,2729,346,149,68,7.407,195.0,36,fit:80de1342a3e9944829ab101957c8eddffd3d18cb805507bed707b0e306d3b433:segment:011,11,19176.0,18056,activities/108_260801060832.csv,1,1,0,0
fit:80de1342a3e9944829ab101957c8eddffd3d18cb805507bed707b0e306d3b433,2026-08-01T09:28:09+00:00,2730,394,152,69,7.428,195.0,36,fit:80de1342a3e9944829ab101957c8eddffd3d18cb805507bed707b0e306d3b433:segment:011,11,19177.0,18057,activities/108_260801060832.csv,1,1,0,0
fit:80de1342a3e9944829ab101957c8eddffd3d18cb805507bed707b0e306d3b433,2026-08-01T09:28:10+00:00,2731,215,153,69,7.512,195.0,36,fit:80de1342a3e9944829ab101957c8eddffd3d18cb805507bed707b0e306d3b433:segment:011,11,19178.0,18058,activities/108_260801060832.csv,1,1,0,0
fit:80de1342a3e9944829ab101957c8eddffd3d18cb805507bed707b0e306d3b433,2026-08-01T09:28:11+00:00,2732,232,153,68,7.379,196.0,36,fit:80de1342a3e9944829ab101957c8eddffd3d18cb805507bed707b0e306d3b433:segment:011,11,19179.0,18059,activities/108_260801060832.csv,1,1,0,0
fit:80de1342a3e9944829ab101957c8eddffd3d18cb805507bed707b0e306d3b433,2026-08-01T09:28:12+00:00,2733,232,155,68,7.347,214.60000000000002,36,fit:80de1342a3e9944829ab101957c8eddffd3d18cb805507bed707b0e306d3b433:segment:011,11,19180.0,18060,activities/108_260801060832.csv,1,1,0,0
fit:80de1342a3e9944829ab101957c8eddffd3d18cb805507bed707b0e306d3b433,2026-08-01T09:28:13+00:00,2734,233,156,68,7.489,214.60000000000002,36,fit:80de1342a3e9944829ab101957c8eddffd3d18cb805507bed707b0e306d3b433:segment:011,11,19181.0,18061,activities/108_260801060832.csv,1,1,0,0
fit:80de1342a3e9944829ab101957c8eddffd3d18cb805507bed707b0e306d3b433,2026-08-01T09:28:14+00:00,2735,216,157,71,7.451,214.60000000000002,36,fit:80de1342a3e9944829ab101957c8eddffd3d18cb805507bed707b0e306d3b433:segment:011,11,19182.0,18062,activities/108_260801060832.csv,1,1,0,0
fit:80de1342a3e9944829ab101957c8eddffd3d18cb805507bed707b0e306d3b433,2026-08-01T09:28:15+00:00,2736,210,158,73,7.677,213.60000000000002,36,fit:80de1342a3e9944829ab101957c8eddffd3d18cb805507bed707b0e306d3b433:segment:011,11,19183.0,18063,activities/108_260801060832.csv,1,1,0,0
fit:80de1342a3e9944829ab101957c8eddffd3d18cb805507bed707b0e306d3b433,2026-08-01T09:28:16+00:00,2737,207,159,74,7.907,196.79999999999995,36,fit:80de1342a3e9944829ab101957c8eddffd3d18cb805507bed707b0e306d3b433:segment:011,11,19184.0,18064,activities/108_260801060832.csv,1,1,0,0
fit:80de1342a3e9944829ab101957c8eddffd3d18cb805507bed707b0e306d3b433,2026-08-01T09:28:17+00:00,2738,235,159,75,8.044,196.79999999999995,36,fit:80de1342a3e9944829ab101957c8eddffd3d18cb805507bed707b0e306d3b433:segment:011,11,19185.0,18065,activities/108_260801060832.csv,1,1,0,0
fit:80de1342a3e9944829ab101957c8eddffd3d18cb805507bed707b0e306d3b433,2026-08-01T09:28:18+00:00,2739,190,159,76,8.253,196.79999999999995,36,fit:80de1342a3e9944829ab101957c8eddffd3d18cb805507bed707b0e306d3b433:segment:011,11,19186.0,18066,activities/108_260801060832.csv,1,1,0,0
fit:80de1342a3e9944829ab101957c8eddffd3d18cb805507bed707b0e306d3b433,2026-08-01T09:28:19+00:00,2740,192,160,78,8.338,196.79999999999995,36,fit:80de1342a3e9944829ab101957c8eddffd3d18cb805507bed707b0e306d3b433:segment:011,11,19187.0,18067,activities/108_260801060832.csv,1,1,0,0
fit:80de1342a3e9944829ab101957c8eddffd3d18cb805507bed707b0e306d3b433,2026-08-01T09:28:20+00:00,2741,247,162,81,8.453,196.0,36,fit:80de1342a3e9944829ab101957c8eddffd3d18cb805507bed707b0e306d3b433:segment:011,11,19188.0,18068,activities/108_260801060832.csv,1,1,0,0
fit:80de1342a3e9944829ab101957c8eddffd3d18cb805507bed707b0e306d3b433,2026-08-01T09:28:21+00:00,2742,233,162,81,8.686,196.0,36,fit:80de1342a3e9944829ab101957c8eddffd3d18cb805507bed707b0e306d3b433:segment:011,11,19189.0,18069,activities/108_260801060832.csv,1,1,0,0
fit:80de1342a3e9944829ab101957c8eddffd3d18cb805507bed707b0e306d3b433,2026-08-01T09:28:22+00:00,2743,234,162,83,8.9,196.0,36,fit:80de1342a3e9944829ab101957c8eddffd3d18cb805507bed707b0e306d3b433:segment:011,11,19190.0,18070,activities/108_260801060832.csv,1,1,0,0
fit:80de1342a3e9944829ab101957c8eddffd3d18cb805507bed707b0e306d3b433,2026-08-01T09:28:23+00:00,2744,221,163,85,9.089,196.0,36,fit:80de1342a3e9944829ab101957c8eddffd3d18cb805507bed707b0e306d3b433:segment:011,11,19191.0,18071,activities/108_260801060832.csv,1,1,0,0
fit:80de1342a3e9944829ab101957c8eddffd3d18cb805507bed707b0e306d3b433,2026-08-01T09:28:24+00:00,2745,199,163,86,9.206,195.39999999999998,36,fit:80de1342a3e9944829ab101957c8eddffd3d18cb805507bed707b0e306d3b433:segment:011,11,19192.0,18072,activities/108_260801060832.csv,1,1,0,0
fit:80de1342a3e9944829ab101957c8eddffd3d18cb805507bed707b0e306d3b433,2026-08-01T09:28:25+00:00,2746,179,164,87,9.3,195.39999999999998,36,fit:80de1342a3e9944829ab101957c8eddffd3d18cb805507bed707b0e306d3b433:segment:011,11,19193.0,18073,activities/108_260801060832.csv,1,1,0,0
fit:80de1342a3e9944829ab101957c8eddffd3d18cb805507bed707b0e306d3b433,2026-08-01T09:28:26+00:00,2747,172,165,87,9.482,195.39999999999998,36,fit:80de1342a3e9944829ab101957c8eddffd3d18cb805507bed707b0e306d3b433:segment:011,11,19194.0,18074,activities/108_260801060832.csv,1,1,0,0
fit:80de1342a3e9944829ab101957c8eddffd3d18cb805507bed707b0e306d3b433,2026-08-01T09:28:27+00:00,2748,185,166,88,9.687,195.79999999999995,36,fit:80de1342a3e9944829ab101957c8eddffd3d18cb805507bed707b0e306d3b433:segment:011,11,19195.0,18075,activities/108_260801060832.csv,1,1,0,0
fit:80de1342a3e9944829ab101957c8eddffd3d18cb805507bed707b0e306d3b433,2026-08-01T09:28:28+00:00,2749,185,167,89,9.726,195.79999999999995,36,fit:80de1342a3e9944829ab101957c8eddffd3d18cb805507bed707b0e306d3b433:segment:011,11,19196.0,18076,activities/108_260801060832.csv,1,1,0,0
fit:80de1342a3e9944829ab101957c8eddffd3d18cb805507bed707b0e306d3b433,2026-08-01T09:28:29+00:00,2750,188,168,89,9.779,195.79999999999995,36,fit:80de1342a3e9944829ab101957c8eddffd3d18cb805507bed707b0e306d3b433:segment:011,11,19197.0,18077,activities/108_260801060832.csv,1,1,0,0
fit:80de1342a3e9944829ab101957c8eddffd3d18cb805507bed707b0e306d3b433,2026-08-01T09:28:30+00:00,2751,161,169,90,9.857,195.79999999999995,36,fit:80de1342a3e9944829ab101957c8eddffd3d18cb805507bed707b0e306d3b433:segment:011,11,19198.0,18078,activities/108_260801060832.csv,1,1,0,0
fit:80de1342a3e9944829ab101957c8eddffd3d18cb805507bed707b0e306d3b433,2026-08-01T09:28:31+00:00,2752,176,169,90,9.913,195.79999999999995,36,fit:80de1342a3e9944829ab101957c8eddffd3d18cb805507bed707b0e306d3b433:segment:011,11,19199.0,18079,activities/108_260801060832.csv,1,1,0,0
fit:80de1342a3e9944829ab101957c8eddffd3d18cb805507bed707b0e306d3b433,2026-08-01T09:28:32+00:00,2753,176,169,90,9.945,194.79999999999995,36,fit:80de1342a3e9944829ab101957c8eddffd3d18cb805507bed707b0e306d3b433:segment:011,11,19200.0,18080,activities/108_260801060832.csv,1,1,0,0
fit:80de1342a3e9944829ab101957c8eddffd3d18cb805507bed707b0e306d3b433,2026-08-01T09:28:33+00:00,2754,161,170,90,9.947,194.79999999999995,36,fit:80de1342a3e9944829ab101957c8eddffd3d18cb805507bed707b0e306d3b433:segment:011,11,19201.0,18081,activities/108_260801060832.csv,1,1,0,0
fit:80de1342a3e9944829ab101957c8eddffd3d18cb805507bed707b0e306d3b433,2026-08-01T09:28:34+00:00,2755,188,170,90,9.936,194.79999999999995,36,fit:80de1342a3e9944829ab101957c8eddffd3d18cb805507bed707b0e306d3b433:segment:011,11,19202.0,18082,activities/108_260801060832.csv,1,1,0,0
fit:80de1342a3e9944829ab101957c8eddffd3d18cb805507bed707b0e306d3b433,2026-08-01T09:28:35+00:00,2756,219,171,90,9.951,194.79999999999995,36,fit:80de1342a3e9944829ab101957c8eddffd3d18cb805507bed707b0e306d3b433:segment:011,11,19203.0,18083,activities/108_260801060832.csv,1,1,0,0
fit:80de1342a3e9944829ab101957c8eddffd3d18cb805507bed707b0e306d3b433,2026-08-01T09:28:36+00:00,2757,197,171,91,9.958,195.39999999999998,36,fit:80de1342a3e9944829ab101957c8eddffd3d18cb805507bed707b0e306d3b433:segment:011,11,19204.0,18084,activities/108_260801060832.csv,1,1,0,0
fit:80de1342a3e9944829ab101957c8eddffd3d18cb805507bed707b0e306d3b433,2026-08-01T09:28:37+00:00,2758,244,171,92,9.979,195.39999999999998,36,fit:80de1342a3e9944829ab101957c8eddffd3d18cb805507bed707b0e306d3b433:segment:011,11,19205.0,18085,activities/108_260801060832.csv,1,1,0,0
fit:80de1342a3e9944829ab101957c8eddffd3d18cb805507bed707b0e306d3b433,2026-08-01T09:28:38+00:00,2759,226,171,92,10.026,195.39999999999998,36,fit:80de1342a3e9944829ab101957c8eddffd3d18cb805507bed707b0e306d3b433:segment:011,11,19206.0,18086,activities/108_260801060832.csv,1,1,0,0
fit:80de1342a3e9944829ab101957c8eddffd3d18cb805507bed707b0e306d3b433,2026-08-01T09:28:39+00:00,2760,226,171,92,10.066,195.39999999999998,36,fit:80de1342a3e9944829ab101957c8eddffd3d18cb805507bed707b0e306d3b433:segment:011,11,19207.0,18087,activities/108_260801060832.csv,1,1,0,0
fit:80de1342a3e9944829ab101957c8eddffd3d18cb805507bed707b0e306d3b433,2026-08-01T09:28:40+00:00,2761,238,171,92,10.195,194.79999999999995,36,fit:80de1342a3e9944829ab101957c8eddffd3d18cb805507bed707b0e306d3b433:segment:011,11,19208.0,18088,activities/108_260801060832.csv,1,1,0,0
fit:80de1342a3e9944829ab101957c8eddffd3d18cb805507bed707b0e306d3b433,2026-08-01T09:28:41+00:00,2762,203,171,94,10.344,194.79999999999995,36,fit:80de1342a3e9944829ab101957c8eddffd3d18cb805507bed707b0e306d3b433:segment:011,11,19209.0,18089,activities/108_260801060832.csv,1,1,0,0
fit:80de1342a3e9944829ab101957c8eddffd3d18cb805507bed707b0e306d3b433,2026-08-01T09:28:42+00:00,2763,203,171,95,10.377,194.79999999999995,36,fit:80de1342a3e9944829ab101957c8eddffd3d18cb805507bed707b0e306d3b433:segment:011,11,19210.0,18090,activities/108_260801060832.csv,1,1,0,0
fit:80de1342a3e9944829ab101957c8eddffd3d18cb805507bed707b0e306d3b433,2026-08-01T09:28:43+00:00,2764,239,171,96,10.474,195.0,36,fit:80de1342a3e9944829ab101957c8eddffd3d18cb805507bed707b0e306d3b433:segment:011,11,19211.0,18091,activities/108_260801060832.csv,1,1,0,0
fit:80de1342a3e9944829ab101957c8eddffd3d18cb805507bed707b0e306d3b433,2026-08-01T09:28:44+00:00,2765,200,171,97,10.507,195.79999999999995,36,fit:80de1342a3e9944829ab101957c8eddffd3d18cb805507bed707b0e306d3b433:segment:011,11,19212.0,18092,activities/108_260801060832.csv,1,1,0,0
fit:80de1342a3e9944829ab101957c8eddffd3d18cb805507bed707b0e306d3b433,2026-08-01T09:28:45+00:00,2766,164,171,97,10.593,195.79999999999995,36,fit:80de1342a3e9944829ab101957c8eddffd3d18cb805507bed707b0e306d3b433:segment:011,11,19213.0,18093,activities/108_260801060832.csv,1,1,0,0
fit:80de1342a3e9944829ab101957c8eddffd3d18cb805507bed707b0e306d3b433,2026-08-01T09:28:46+00:00,2767,168,171,97,10.717,195.79999999999995,36,fit:80de1342a3e9944829ab101957c8eddffd3d18cb805507bed707b0e306d3b433:segment:011,11,19214.0,18094,activities/108_260801060832.csv,1,1,0,0
fit:80de1342a3e9944829ab101957c8eddffd3d18cb805507bed707b0e306d3b433,2026-08-01T09:28:47+00:00,2768,178,171,96,10.72,195.79999999999995,36,fit:80de1342a3e9944829ab101957c8eddffd3d18cb805507bed707b0e306d3b433:segment:011,11,19215.0,18095,activities/108_260801060832.csv,1,1,0,0
fit:80de1342a3e9944829ab101957c8eddffd3d18cb805507bed707b0e306d3b433,2026-08-01T09:28:48+00:00,2769,167,171,97,10.686,195.20000000000005,36,fit:80de1342a3e9944829ab101957c8eddffd3d18cb805507bed707b0e306d3b433:segment:011,11,19216.0,18096,activities/108_260801060832.csv,1,1,0,0
fit:80de1342a3e9944829ab101957c8eddffd3d18cb805507bed707b0e306d3b433,2026-08-01T09:28:49+00:00,2770,161,170,97,10.718,195.20000000000005,36,fit:80de1342a3e9944829ab101957c8eddffd3d18cb805507bed707b0e306d3b433:segment:011,11,19217.0,18097,activities/108_260801060832.csv,1,1,0,0
fit:80de1342a3e9944829ab101957c8eddffd3d18cb805507bed707b0e306d3b433,2026-08-01T09:28:50+00:00,2771,170,170,97,10.76,195.20000000000005,36,fit:80de1342a3e9944829ab101957c8eddffd3d18cb805507bed707b0e306d3b433:segment:011,11,19218.0,18098,activities/108_260801060832.csv,1,1,0,0
fit:80de1342a3e9944829ab101957c8eddffd3d18cb805507bed707b0e306d3b433,2026-08-01T09:28:51+00:00,2772,145,170,98,10.796,195.20000000000005,36,fit:80de1342a3e9944829ab101957c8eddffd3d18cb805507bed707b0e306d3b433:segment:011,11,19219.0,18099,activities/108_260801060832.csv,1,1,0,0
fit:80de1342a3e9944829ab101957c8eddffd3d18cb805507bed707b0e306d3b433,2026-08-01T09:28:52+00:00,2773,145,170,98,10.722,194.20000000000005,36,fit:80de1342a3e9944829ab101957c8eddffd3d18cb805507bed707b0e306d3b433:segment:011,11,19220.0,18100,activities/108_260801060832.csv,1,1,0,0
fit:80de1342a3e9944829ab101957c8eddffd3d18cb805507bed707b0e306d3b433,2026-08-01T09:28:53+00:00,2774,168,170,98,10.873,194.20000000000005,36,fit:80de1342a3e9944829ab101957c8eddffd3d18cb805507bed707b0e306d3b433:segment:011,11,19221.0,18101,activities/108_260801060832.csv,1,1,0,0
fit:80de1342a3e9944829ab101957c8eddffd3d18cb805507bed707b0e306d3b433,2026-08-01T09:28:54+00:00,2775,248,169,99,10.95,194.20000000000005,36,fit:80de1342a3e9944829ab101957c8eddffd3d18cb805507bed707b0e306d3b433:segment:011,11,19222.0,18102,activities/108_260801060832.csv,1,1,0,0
fit:80de1342a3e9944829ab101957c8eddffd3d18cb805507bed707b0e306d3b433,2026-08-01T09:28:55+00:00,2776,214,169,100,10.95,195.20000000000005,36,fit:80de1342a3e9944829ab101957c8eddffd3d18cb805507bed707b0e306d3b433:segment:011,11,19223.0,18103,activities/108_260801060832.csv,1,1,0,0
fit:80de1342a3e9944829ab101957c8eddffd3d18cb805507bed707b0e306d3b433,2026-08-01T09:28:56+00:00,2777,245,169,91,11.009,194.79999999999995,36,fit:80de1342a3e9944829ab101957c8eddffd3d18cb805507bed707b0e306d3b433:segment:011,11,19224.0,18104,activities/108_260801060832.csv,1,1,0,0
fit:80de1342a3e9944829ab101957c8eddffd3d18cb805507bed707b0e306d3b433,2026-08-01T09:28:57+00:00,2778,219,169,89,11.048,194.79999999999995,36,fit:80de1342a3e9944829ab101957c8eddffd3d18cb805507bed707b0e306d3b433:segment:011,11,19225.0,18105,activities/108_260801060832.csv,1,1,0,0
fit:80de1342a3e9944829ab101957c8eddffd3d18cb805507bed707b0e306d3b433,2026-08-01T09:28:58+00:00,2779,221,168,89,11.08,194.79999999999995,36,fit:80de1342a3e9944829ab101957c8eddffd3d18cb805507bed707b0e306d3b433:segment:011,11,19226.0,18106,activities/108_260801060832.csv,1,1,0,0
fit:80de1342a3e9944829ab101957c8eddffd3d18cb805507bed707b0e306d3b433,2026-08-01T09:28:59+00:00,2780,220,168,89,11.077,194.79999999999995,36,fit:80de1342a3e9944829ab101957c8eddffd3d18cb805507bed707b0e306d3b433:segment:011,11,19227.0,18107,activities/108_260801060832.csv,1,1,0,0
fit:80de1342a3e9944829ab101957c8eddffd3d18cb805507bed707b0e306d3b433,2026-08-01T09:29:00+00:00,2781,235,168,90,11.125,194.39999999999998,36,fit:80de1342a3e9944829ab101957c8eddffd3d18cb805507bed707b0e306d3b433:segment:011,11,19228.0,18108,activities/108_260801060832.csv,1,1,0,0
fit:80de1342a3e9944829ab101957c8eddffd3d18cb805507bed707b0e306d3b433,2026-08-01T09:29:01+00:00,2782,230,168,90,11.178,194.39999999999998,36,fit:80de1342a3e9944829ab101957c8eddffd3d18cb805507bed707b0e306d3b433:segment:011,11,19229.0,18109,activities/108_260801060832.csv,1,1,0,0
fit:80de1342a3e9944829ab101957c8eddffd3d18cb805507bed707b0e306d3b433,2026-08-01T09:29:02+00:00,2783,280,167,90,11.188,194.39999999999998,36,fit:80de1342a3e9944829ab101957c8eddffd3d18cb805507bed707b0e306d3b433:segment:011,11,19230.0,18110,activities/108_260801060832.csv,1,1,0,0
fit:80de1342a3e9944829ab101957c8eddffd3d18cb805507bed707b0e306d3b433,2026-08-01T09:29:03+00:00,2784,276,167,90,11.187,193.39999999999998,36,fit:80de1342a3e9944829ab101957c8eddffd3d18cb805507bed707b0e306d3b433:segment:011,11,19231.0,18111,activities/108_260801060832.csv,1,1,0,0
fit:80de1342a3e9944829ab101957c8eddffd3d18cb805507bed707b0e306d3b433,2026-08-01T09:29:04+00:00,2785,229,167,90,11.197,193.0,36,fit:80de1342a3e9944829ab101957c8eddffd3d18cb805507bed707b0e306d3b433:segment:011,11,19232.0,18112,activities/108_260801060832.csv,1,1,0,0
fit:80de1342a3e9944829ab101957c8eddffd3d18cb805507bed707b0e306d3b433,2026-08-01T09:29:05+00:00,2786,229,167,90,11.228,193.0,36,fit:80de1342a3e9944829ab101957c8eddffd3d18cb805507bed707b0e306d3b433:segment:011,11,19233.0,18113,activities/108_260801060832.csv,1,1,0,0
fit:80de1342a3e9944829ab101957c8eddffd3d18cb805507bed707b0e306d3b433,2026-08-01T09:29:06+00:00,2787,237,166,90,11.249,193.0,36,fit:80de1342a3e9944829ab101957c8eddffd3d18cb805507bed707b0e306d3b433:segment:011,11,19234.0,18114,activities/108_260801060832.csv,1,1,0,0
fit:80de1342a3e9944829ab101957c8eddffd3d18cb805507bed707b0e306d3b433,2026-08-01T09:29:07+00:00,2788,252,166,89,11.23,194.0,36,fit:80de1342a3e9944829ab101957c8eddffd3d18cb805507bed707b0e306d3b433:segment:011,11,19235.0,18115,activities/108_260801060832.csv,1,1,0,0
fit:80de1342a3e9944829ab101957c8eddffd3d18cb805507bed707b0e306d3b433,2026-08-01T09:29:08+00:00,2789,240,166,88,11.124,193.20000000000005,36,fit:80de1342a3e9944829ab101957c8eddffd3d18cb805507bed707b0e306d3b433:segment:011,11,19236.0,18116,activities/108_260801060832.csv,1,1,0,0
fit:80de1342a3e9944829ab101957c8eddffd3d18cb805507bed707b0e306d3b433,2026-08-01T09:29:09+00:00,2790,226,166,93,11.102,193.20000000000005,36,fit:80de1342a3e9944829ab101957c8eddffd3d18cb805507bed707b0e306d3b433:segment:011,11,19237.0,18117,activities/108_260801060832.csv,1,1,0,0
fit:80de1342a3e9944829ab101957c8eddffd3d18cb805507bed707b0e306d3b433,2026-08-01T09:29:10+00:00,2791,221,166,98,10.994,193.20000000000005,36,fit:80de1342a3e9944829ab101957c8eddffd3d18cb805507bed707b0e306d3b433:segment:011,11,19238.0,18118,activities/108_260801060832.csv,1,1,0,0
fit:80de1342a3e9944829ab101957c8eddffd3d18cb805507bed707b0e306d3b433,2026-08-01T09:29:11+00:00,2792,239,167,96,10.876,194.20000000000005,36,fit:80de1342a3e9944829ab101957c8eddffd3d18cb805507bed707b0e306d3b433:segment:011,11,19239.0,18119,activities/108_260801060832.csv,1,1,0,0
fit:80de1342a3e9944829ab101957c8eddffd3d18cb805507bed707b0e306d3b433,2026-08-01T09:29:12+00:00,2793,247,167,94,10.705,194.0,36,fit:80de1342a3e9944829ab101957c8eddffd3d18cb805507bed707b0e306d3b433:segment:011,11,19240.0,18120,activities/108_260801060832.csv,1,1,0,0
fit:80de1342a3e9944829ab101957c8eddffd3d18cb805507bed707b0e306d3b433,2026-08-01T09:29:13+00:00,2794,247,167,93,10.482,194.0,36,fit:80de1342a3e9944829ab101957c8eddffd3d18cb805507bed707b0e306d3b433:segment:011,11,19241.0,18121,activities/108_260801060832.csv,1,1,0,0
fit:80de1342a3e9944829ab101957c8eddffd3d18cb805507bed707b0e306d3b433,2026-08-01T09:29:14+00:00,2795,261,167,91,10.297,194.0,36,fit:80de1342a3e9944829ab101957c8eddffd3d18cb805507bed707b0e306d3b433:segment:011,11,19242.0,18122,activities/108_260801060832.csv,1,1,0,0
fit:80de1342a3e9944829ab101957c8eddffd3d18cb805507bed707b0e306d3b433,2026-08-01T09:29:15+00:00,2796,273,167,91,10.044,195.0,36,fit:80de1342a3e9944829ab101957c8eddffd3d18cb805507bed707b0e306d3b433:segment:011,11,19243.0,18123,activities/108_260801060832.csv,1,1,0,0
fit:80de1342a3e9944829ab101957c8eddffd3d18cb805507bed707b0e306d3b433,2026-08-01T09:29:16+00:00,2797,218,168,87,9.778,196.20000000000005,36,fit:80de1342a3e9944829ab101957c8eddffd3d18cb805507bed707b0e306d3b433:segment:011,11,19244.0,18124,activities/108_260801060832.csv,1,1,0,0
fit:80de1342a3e9944829ab101957c8eddffd3d18cb805507bed707b0e306d3b433,2026-08-01T09:29:17+00:00,2798,249,168,93,9.482,196.20000000000005,36,fit:80de1342a3e9944829ab101957c8eddffd3d18cb805507bed707b0e306d3b433:segment:011,11,19245.0,18125,activities/108_260801060832.csv,1,1,0,0
fit:80de1342a3e9944829ab101957c8eddffd3d18cb805507bed707b0e306d3b433,2026-08-01T09:29:18+00:00,2799,268,168,92,9.262,196.20000000000005,36,fit:80de1342a3e9944829ab101957c8eddffd3d18cb805507bed707b0e306d3b433:segment:011,11,19246.0,18126,activities/108_260801060832.csv,1,1,0,0
fit:80de1342a3e9944829ab101957c8eddffd3d18cb805507bed707b0e306d3b433,2026-08-01T09:29:19+00:00,2800,291,168,89,8.977,197.20000000000005,36,fit:80de1342a3e9944829ab101957c8eddffd3d18cb805507bed707b0e306d3b433:segment:011,11,19247.0,18127,activities/108_260801060832.csv,1,1,0,0
fit:80de1342a3e9944829ab101957c8eddffd3d18cb805507bed707b0e306d3b433,2026-08-01T09:29:20+00:00,2801,264,168,88,8.873,200.0,36,fit:80de1342a3e9944829ab101957c8eddffd3d18cb805507bed707b0e306d3b433:segment:011,11,19248.0,18128,activities/108_260801060832.csv,1,1,0,0
fit:80de1342a3e9944829ab101957c8eddffd3d18cb805507bed707b0e306d3b433,2026-08-01T09:29:21+00:00,2802,337,168,87,8.719,200.0,36,fit:80de1342a3e9944829ab101957c8eddffd3d18cb805507bed707b0e306d3b433:segment:011,11,19249.0,18129,activities/108_260801060832.csv,1,1,0,0
fit:80de1342a3e9944829ab101957c8eddffd3d18cb805507bed707b0e306d3b433,2026-08-01T09:29:22+00:00,2803,302,168,86,8.478,200.0,36,fit:80de1342a3e9944829ab101957c8eddffd3d18cb805507bed707b0e306d3b433:segment:011,11,19250.0,18130,activities/108_260801060832.csv,1,1,0,0
fit:80de1342a3e9944829ab101957c8eddffd3d18cb805507bed707b0e306d3b433,2026-08-01T09:29:23+00:00,2804,295,168,86,8.383,199.0,36,fit:80de1342a3e9944829ab101957c8eddffd3d18cb805507bed707b0e306d3b433:segment:011,11,19251.0,18131,activities/108_260801060832.csv,1,1,0,0
fit:80de1342a3e9944829ab101957c8eddffd3d18cb805507bed707b0e306d3b433,2026-08-01T09:29:24+00:00,2805,296,168,86,8.364,198.60000000000002,36,fit:80de1342a3e9944829ab101957c8eddffd3d18cb805507bed707b0e306d3b433:segment:011,11,19252.0,18132,activities/108_260801060832.csv,1,1,0,0
fit:80de1342a3e9944829ab101957c8eddffd3d18cb805507bed707b0e306d3b433,2026-08-01T09:29:25+00:00,2806,274,168,88,8.519,198.60000000000002,36,fit:80de1342a3e9944829ab101957c8eddffd3d18cb805507bed707b0e306d3b433:segment:011,11,19253.0,18133,activities/108_260801060832.csv,1,1,0,0
fit:80de1342a3e9944829ab101957c8eddffd3d18cb805507bed707b0e306d3b433,2026-08-01T09:29:26+00:00,2807,233,168,88,8.693,198.60000000000002,36,fit:80de1342a3e9944829ab101957c8eddffd3d18cb805507bed707b0e306d3b433:segment:011,11,19254.0,18134,activities/108_260801060832.csv,1,1,0,0
fit:80de1342a3e9944829ab101957c8eddffd3d18cb805507bed707b0e306d3b433,2026-08-01T09:29:27+00:00,2808,206,168,89,8.723,199.60000000000002,36,fit:80de1342a3e9944829ab101957c8eddffd3d18cb805507bed707b0e306d3b433:segment:011,11,19255.0,18135,activities/108_260801060832.csv,1,1,0,0
fit:80de1342a3e9944829ab101957c8eddffd3d18cb805507bed707b0e306d3b433,2026-08-01T09:29:28+00:00,2809,226,168,89,8.762,199.79999999999995,36,fit:80de1342a3e9944829ab101957c8eddffd3d18cb805507bed707b0e306d3b433:segment:011,11,19256.0,18136,activities/108_260801060832.csv,1,1,0,0
fit:80de1342a3e9944829ab101957c8eddffd3d18cb805507bed707b0e306d3b433,2026-08-01T09:29:29+00:00,2810,193,169,89,8.757,199.79999999999995,36,fit:80de1342a3e9944829ab101957c8eddffd3d18cb805507bed707b0e306d3b433:segment:011,11,19257.0,18137,activities/108_260801060832.csv,1,1,0,0
fit:80de1342a3e9944829ab101957c8eddffd3d18cb805507bed707b0e306d3b433,2026-08-01T09:29:30+00:00,2811,209,169,89,8.838,199.79999999999995,36,fit:80de1342a3e9944829ab101957c8eddffd3d18cb805507bed707b0e306d3b433:segment:011,11,19258.0,18138,activities/108_260801060832.csv,1,1,0,0
fit:80de1342a3e9944829ab101957c8eddffd3d18cb805507bed707b0e306d3b433,2026-08-01T09:29:31+00:00,2812,117,169,89,8.82,199.60000000000002,36,fit:80de1342a3e9944829ab101957c8eddffd3d18cb805507bed707b0e306d3b433:segment:011,11,19259.0,18139,activities/108_260801060832.csv,1,1,0,0
fit:80de1342a3e9944829ab101957c8eddffd3d18cb805507bed707b0e306d3b433,2026-08-01T09:29:32+00:00,2813,117,169,90,8.849,199.20000000000005,36,fit:80de1342a3e9944829ab101957c8eddffd3d18cb805507bed707b0e306d3b433:segment:011,11,19260.0,18140,activities/108_260801060832.csv,1,1,0,0
fit:80de1342a3e9944829ab101957c8eddffd3d18cb805507bed707b0e306d3b433,2026-08-01T09:29:33+00:00,2814,102,169,90,8.839,199.20000000000005,36,fit:80de1342a3e9944829ab101957c8eddffd3d18cb805507bed707b0e306d3b433:segment:011,11,19261.0,18141,activities/108_260801060832.csv,1,1,0,0
fit:80de1342a3e9944829ab101957c8eddffd3d18cb805507bed707b0e306d3b433,2026-08-01T09:29:34+00:00,2815,93,169,91,8.938,199.20000000000005,36,fit:80de1342a3e9944829ab101957c8eddffd3d18cb805507bed707b0e306d3b433:segment:011,11,19262.0,18142,activities/108_260801060832.csv,1,1,0,0
fit:80de1342a3e9944829ab101957c8eddffd3d18cb805507bed707b0e306d3b433,2026-08-01T09:29:35+00:00,2816,87,169,91,8.916,199.20000000000005,36,fit:80de1342a3e9944829ab101957c8eddffd3d18cb805507bed707b0e306d3b433:segment:011,11,19263.0,18143,activities/108_260801060832.csv,1,1,0,0
fit:80de1342a3e9944829ab101957c8eddffd3d18cb805507bed707b0e306d3b433,2026-08-01T09:29:36+00:00,2817,85,168,91,8.977,198.20000000000005,36,fit:80de1342a3e9944829ab101957c8eddffd3d18cb805507bed707b0e306d3b433:segment:011,11,19264.0,18144,activities/108_260801060832.csv,1,1,0,0
fit:80de1342a3e9944829ab101957c8eddffd3d18cb805507bed707b0e306d3b433,2026-08-01T09:29:37+00:00,2818,83,168,93,9.013,198.20000000000005,36,fit:80de1342a3e9944829ab101957c8eddffd3d18cb805507bed707b0e306d3b433:segment:011,11,19265.0,18145,activities/108_260801060832.csv,1,1,0,0
fit:80de1342a3e9944829ab101957c8eddffd3d18cb805507bed707b0e306d3b433,2026-08-01T09:29:38+00:00,2819,69,167,91,9.098,198.20000000000005,36,fit:80de1342a3e9944829ab101957c8eddffd3d18cb805507bed707b0e306d3b433:segment:011,11,19266.0,18146,activities/108_260801060832.csv,1,1,0,0
fit:80de1342a3e9944829ab101957c8eddffd3d18cb805507bed707b0e306d3b433,2026-08-01T09:29:39+00:00,2820,69,166,91,9.237,198.60000000000002,36,fit:80de1342a3e9944829ab101957c8eddffd3d18cb805507bed707b0e306d3b433:segment:011,11,19267.0,18147,activities/108_260801060832.csv,1,1,0,0
fit:80de1342a3e9944829ab101957c8eddffd3d18cb805507bed707b0e306d3b433,2026-08-01T09:29:40+00:00,2821,27,165,91,9.372,197.39999999999998,36,fit:80de1342a3e9944829ab101957c8eddffd3d18cb805507bed707b0e306d3b433:segment:011,11,19268.0,18148,activities/108_260801060832.csv,1,1,0,0
fit:80de1342a3e9944829ab101957c8eddffd3d18cb805507bed707b0e306d3b433,2026-08-01T09:29:41+00:00,2822,93,165,44,9.501,197.39999999999998,36,fit:80de1342a3e9944829ab101957c8eddffd3d18cb805507bed707b0e306d3b433:segment:011,11,19269.0,18149,activities/108_260801060832.csv,1,1,0,0
fit:80de1342a3e9944829ab101957c8eddffd3d18cb805507bed707b0e306d3b433,2026-08-01T09:29:42+00:00,2823,30,164,88,9.596,197.39999999999998,36,fit:80de1342a3e9944829ab101957c8eddffd3d18cb805507bed707b0e306d3b433:segment:011,11,19270.0,18150,activities/108_260801060832.csv,1,1,0,0
fit:80de1342a3e9944829ab101957c8eddffd3d18cb805507bed707b0e306d3b433,2026-08-01T09:29:43+00:00,2824,30,164,80,9.692,197.39999999999998,36,fit:80de1342a3e9944829ab101957c8eddffd3d18cb805507bed707b0e306d3b433:segment:011,11,19271.0,18151,activities/108_260801060832.csv,1,1,0,0
fit:80de1342a3e9944829ab101957c8eddffd3d18cb805507bed707b0e306d3b433,2026-08-01T09:29:44+00:00,2825,187,163,80,9.722,196.60000000000002,36,fit:80de1342a3e9944829ab101957c8eddffd3d18cb805507bed707b0e306d3b433:segment:011,11,19272.0,18152,activities/108_260801060832.csv,1,1,0,0
fit:80de1342a3e9944829ab101957c8eddffd3d18cb805507bed707b0e306d3b433,2026-08-01T09:29:45+00:00,2826,108,163,90,9.759,196.60000000000002,36,fit:80de1342a3e9944829ab101957c8eddffd3d18cb805507bed707b0e306d3b433:segment:011,11,19273.0,18153,activities/108_260801060832.csv,1,1,0,0
fit:80de1342a3e9944829ab101957c8eddffd3d18cb805507bed707b0e306d3b433,2026-08-01T09:29:46+00:00,2827,85,162,91,9.832,196.60000000000002,36,fit:80de1342a3e9944829ab101957c8eddffd3d18cb805507bed707b0e306d3b433:segment:011,11,19274.0,18154,activities/108_260801060832.csv,1,1,0,0
fit:80de1342a3e9944829ab101957c8eddffd3d18cb805507bed707b0e306d3b433,2026-08-01T09:29:47+00:00,2828,98,161,91,9.88,196.60000000000002,36,fit:80de1342a3e9944829ab101957c8eddffd3d18cb805507bed707b0e306d3b433:segment:011,11,19275.0,18155,activities/108_260801060832.csv,1,1,0,0
fit:80de1342a3e9944829ab101957c8eddffd3d18cb805507bed707b0e306d3b433,2026-08-01T09:29:48+00:00,2829,112,160,91,9.978,196.0,36,fit:80de1342a3e9944829ab101957c8eddffd3d18cb805507bed707b0e306d3b433:segment:011,11,19276.0,18156,activities/108_260801060832.csv,1,1,0,0
fit:80de1342a3e9944829ab101957c8eddffd3d18cb805507bed707b0e306d3b433,2026-08-01T09:29:49+00:00,2830,134,159,91,10.018,196.0,36,fit:80de1342a3e9944829ab101957c8eddffd3d18cb805507bed707b0e306d3b433:segment:011,11,19277.0,18157,activities/108_260801060832.csv,1,1,0,0
fit:80de1342a3e9944829ab101957c8eddffd3d18cb805507bed707b0e306d3b433,2026-08-01T09:29:50+00:00,2831,106,158,94,10.145,196.0,36,fit:80de1342a3e9944829ab101957c8eddffd3d18cb805507bed707b0e306d3b433:segment:011,11,19278.0,18158,activities/108_260801060832.csv,1,1,0,0
fit:80de1342a3e9944829ab101957c8eddffd3d18cb805507bed707b0e306d3b433,2026-08-01T09:29:51+00:00,2832,109,157,95,10.251,195.39999999999998,36,fit:80de1342a3e9944829ab101957c8eddffd3d18cb805507bed707b0e306d3b433:segment:011,11,19279.0,18159,activities/108_260801060832.csv,1,1,0,0
fit:80de1342a3e9944829ab101957c8eddffd3d18cb805507bed707b0e306d3b433,2026-08-01T09:29:52+00:00,2833,123,157,96,10.386,193.20000000000005,36,fit:80de1342a3e9944829ab101957c8eddffd3d18cb805507bed707b0e306d3b433:segment:011,11,19280.0,18160,activities/108_260801060832.csv,1,1,0,0
fit:80de1342a3e9944829ab101957c8eddffd3d18cb805507bed707b0e306d3b433,2026-08-01T09:29:53+00:00,2834,120,156,97,10.517,193.20000000000005,36,fit:80de1342a3e9944829ab101957c8eddffd3d18cb805507bed707b0e306d3b433:segment:011,11,19281.0,18161,activities/108_260801060832.csv,1,1,0,0
fit:80de1342a3e9944829ab101957c8eddffd3d18cb805507bed707b0e306d3b433,2026-08-01T09:29:54+00:00,2835,116,155,97,10.542,193.20000000000005,36,fit:80de1342a3e9944829ab101957c8eddffd3d18cb805507bed707b0e306d3b433:segment:011,11,19282.0,18162,activities/108_260801060832.csv,1,1,0,0
fit:80de1342a3e9944829ab101957c8eddffd3d18cb805507bed707b0e306d3b433,2026-08-01T09:29:55+00:00,2836,125,154,98,10.693,193.79999999999995,36,fit:80de1342a3e9944829ab101957c8eddffd3d18cb805507bed707b0e306d3b433:segment:011,11,19283.0,18163,activities/108_260801060832.csv,1,1,0,0
fit:80de1342a3e9944829ab101957c8eddffd3d18cb805507bed707b0e306d3b433,2026-08-01T09:29:56+00:00,2837,130,153,98,10.752,194.39999999999998,36,fit:80de1342a3e9944829ab101957c8eddffd3d18cb805507bed707b0e306d3b433:segment:011,11,19284.0,18164,activities/108_260801060832.csv,1,1,0,0
fit:80de1342a3e9944829ab101957c8eddffd3d18cb805507bed707b0e306d3b433,2026-08-01T09:29:57+00:00,2838,142,152,100,10.819,194.39999999999998,36,fit:80de1342a3e9944829ab101957c8eddffd3d18cb805507bed707b0e306d3b433:segment:011,11,19285.0,18165,activities/108_260801060832.csv,1,1,0,0
fit:80de1342a3e9944829ab101957c8eddffd3d18cb805507bed707b0e306d3b433,2026-08-01T09:29:58+00:00,2839,145,151,101,10.911,194.39999999999998,36,fit:80de1342a3e9944829ab101957c8eddffd3d18cb805507bed707b0e306d3b433:segment:011,11,19286.0,18166,activities/108_260801060832.csv,1,1,0,0
fit:80de1342a3e9944829ab101957c8eddffd3d18cb805507bed707b0e306d3b433,2026-08-01T09:29:59+00:00,2840,137,151,101,11.055,193.60000000000002,36,fit:80de1342a3e9944829ab101957c8eddffd3d18cb805507bed707b0e306d3b433:segment:011,11,19287.0,18167,activities/108_260801060832.csv,1,1,0,0
fit:80de1342a3e9944829ab101957c8eddffd3d18cb805507bed707b0e306d3b433,2026-08-01T09:30:00+00:00,2841,122,151,102,11.118,192.39999999999998,36,fit:80de1342a3e9944829ab101957c8eddffd3d18cb805507bed707b0e306d3b433:segment:011,11,19288.0,18168,activities/108_260801060832.csv,1,1,0,0
fit:80de1342a3e9944829ab101957c8eddffd3d18cb805507bed707b0e306d3b433,2026-08-01T09:30:01+00:00,2842,123,151,102,11.269,192.39999999999998,36,fit:80de1342a3e9944829ab101957c8eddffd3d18cb805507bed707b0e306d3b433:segment:011,11,19289.0,18169,activities/108_260801060832.csv,1,1,0,0
fit:80de1342a3e9944829ab101957c8eddffd3d18cb805507bed707b0e306d3b433,2026-08-01T09:30:02+00:00,2843,107,151,102,11.205,192.39999999999998,36,fit:80de1342a3e9944829ab101957c8eddffd3d18cb805507bed707b0e306d3b433:segment:011,11,19290.0,18170,activities/108_260801060832.csv,1,1,0,0
fit:80de1342a3e9944829ab101957c8eddffd3d18cb805507bed707b0e306d3b433,2026-08-01T09:30:03+00:00,2844,130,150,103,11.142,192.39999999999998,36,fit:80de1342a3e9944829ab101957c8eddffd3d18cb805507bed707b0e306d3b433:segment:011,11,19291.0,18171,activities/108_260801060832.csv,1,1,0,0
fit:80de1342a3e9944829ab101957c8eddffd3d18cb805507bed707b0e306d3b433,2026-08-01T09:30:04+00:00,2845,125,149,104,11.353,191.0,36,fit:80de1342a3e9944829ab101957c8eddffd3d18cb805507bed707b0e306d3b433:segment:011,11,19292.0,18172,activities/108_260801060832.csv,1,1,0,0
fit:80de1342a3e9944829ab101957c8eddffd3d18cb805507bed707b0e306d3b433,2026-08-01T09:30:05+00:00,2846,158,148,106,11.479,191.0,36,fit:80de1342a3e9944829ab101957c8eddffd3d18cb805507bed707b0e306d3b433:segment:011,11,19293.0,18173,activities/108_260801060832.csv,1,1,0,0
fit:80de1342a3e9944829ab101957c8eddffd3d18cb805507bed707b0e306d3b433,2026-08-01T09:30:06+00:00,2847,326,148,106,11.618,191.0,36,fit:80de1342a3e9944829ab101957c8eddffd3d18cb805507bed707b0e306d3b433:segment:011,11,19294.0,18174,activities/108_260801060832.csv,1,1,0,0
fit:80de1342a3e9944829ab101957c8eddffd3d18cb805507bed707b0e306d3b433,2026-08-01T09:30:07+00:00,2848,227,148,96,11.785,191.39999999999998,36,fit:80de1342a3e9944829ab101957c8eddffd3d18cb805507bed707b0e306d3b433:segment:011,11,19295.0,18175,activities/108_260801060832.csv,1,1,0,0
fit:80de1342a3e9944829ab101957c8eddffd3d18cb805507bed707b0e306d3b433,2026-08-01T09:30:08+00:00,2849,195,147,96,12.017,190.0,36,fit:80de1342a3e9944829ab101957c8eddffd3d18cb805507bed707b0e306d3b433:segment:011,11,19296.0,18176,activities/108_260801060832.csv,1,1,0,0
fit:80de1342a3e9944829ab101957c8eddffd3d18cb805507bed707b0e306d3b433,2026-08-01T09:30:09+00:00,2850,170,148,96,12.076,190.0,36,fit:80de1342a3e9944829ab101957c8eddffd3d18cb805507bed707b0e306d3b433:segment:011,11,19297.0,18177,activities/108_260801060832.csv,1,1,0,0
fit:80de1342a3e9944829ab101957c8eddffd3d18cb805507bed707b0e306d3b433,2026-08-01T09:30:10+00:00,2851,183,148,96,12.033,190.0,36,fit:80de1342a3e9944829ab101957c8eddffd3d18cb805507bed707b0e306d3b433:segment:011,11,19298.0,18178,activities/108_260801060832.csv,1,1,0,0
fit:80de1342a3e9944829ab101957c8eddffd3d18cb805507bed707b0e306d3b433,2026-08-01T09:30:11+00:00,2852,183,149,96,11.956,190.0,36,fit:80de1342a3e9944829ab101957c8eddffd3d18cb805507bed707b0e306d3b433:segment:011,11,19299.0,18179,activities/108_260801060832.csv,1,1,0,0
fit:80de1342a3e9944829ab101957c8eddffd3d18cb805507bed707b0e306d3b433,2026-08-01T09:30:12+00:00,2853,160,149,96,12.0,189.20000000000005,36,fit:80de1342a3e9944829ab101957c8eddffd3d18cb805507bed707b0e306d3b433:segment:011,11,19300.0,18180,activities/108_260801060832.csv,1,1,0,0
fit:80de1342a3e9944829ab101957c8eddffd3d18cb805507bed707b0e306d3b433,2026-08-01T09:30:13+00:00,2854,160,149,95,12.054,189.20000000000005,36,fit:80de1342a3e9944829ab101957c8eddffd3d18cb805507bed707b0e306d3b433:segment:011,11,19301.0,18181,activities/108_260801060832.csv,1,1,0,0
fit:80de1342a3e9944829ab101957c8eddffd3d18cb805507bed707b0e306d3b433,2026-08-01T09:30:14+00:00,2855,176,149,94,11.941,189.20000000000005,36,fit:80de1342a3e9944829ab101957c8eddffd3d18cb805507bed707b0e306d3b433:segment:011,11,19302.0,18182,activities/108_260801060832.csv,1,1,0,0
fit:80de1342a3e9944829ab101957c8eddffd3d18cb805507bed707b0e306d3b433,2026-08-01T09:30:15+00:00,2856,155,149,94,11.829,189.20000000000005,36,fit:80de1342a3e9944829ab101957c8eddffd3d18cb805507bed707b0e306d3b433:segment:011,11,19303.0,18183,activities/108_260801060832.csv,1,1,0,0
fit:80de1342a3e9944829ab101957c8eddffd3d18cb805507bed707b0e306d3b433,2026-08-01T09:30:16+00:00,2857,155,148,94,11.756,189.39999999999998,36,fit:80de1342a3e9944829ab101957c8eddffd3d18cb805507bed707b0e306d3b433:segment:011,11,19304.0,18184,activities/108_260801060832.csv,1,1,0,0
fit:80de1342a3e9944829ab101957c8eddffd3d18cb805507bed707b0e306d3b433,2026-08-01T09:30:17+00:00,2858,156,148,94,11.594,189.39999999999998,36,fit:80de1342a3e9944829ab101957c8eddffd3d18cb805507bed707b0e306d3b433:segment:011,11,19305.0,18185,activities/108_260801060832.csv,1,1,0,0
fit:80de1342a3e9944829ab101957c8eddffd3d18cb805507bed707b0e306d3b433,2026-08-01T09:30:18+00:00,2859,156,148,94,11.415,189.39999999999998,36,fit:80de1342a3e9944829ab101957c8eddffd3d18cb805507bed707b0e306d3b433:segment:011,11,19306.0,18186,activities/108_260801060832.csv,1,1,0,0
fit:80de1342a3e9944829ab101957c8eddffd3d18cb805507bed707b0e306d3b433,2026-08-01T09:30:19+00:00,2860,156,147,94,11.349,189.39999999999998,36,fit:80de1342a3e9944829ab101957c8eddffd3d18cb805507bed707b0e306d3b433:segment:011,11,19307.0,18187,activities/108_260801060832.csv,1,1,0,0
fit:80de1342a3e9944829ab101957c8eddffd3d18cb805507bed707b0e306d3b433,2026-08-01T09:30:20+00:00,2861,156,147,94,11.365,188.60000000000002,36,fit:80de1342a3e9944829ab101957c8eddffd3d18cb805507bed707b0e306d3b433:segment:011,11,19308.0,18188,activities/108_260801060832.csv,1,1,0,0
fit:80de1342a3e9944829ab101957c8eddffd3d18cb805507bed707b0e306d3b433,2026-08-01T09:30:21+00:00,2862,146,147,93,11.285,188.60000000000002,36,fit:80de1342a3e9944829ab101957c8eddffd3d18cb805507bed707b0e306d3b433:segment:011,11,19309.0,18189,activities/108_260801060832.csv,1,1,0,0
fit:80de1342a3e9944829ab101957c8eddffd3d18cb805507bed707b0e306d3b433,2026-08-01T09:30:22+00:00,2863,132,147,88,11.427,188.60000000000002,36,fit:80de1342a3e9944829ab101957c8eddffd3d18cb805507bed707b0e306d3b433:segment:011,11,19310.0,18190,activities/108_260801060832.csv,1,1,0,0
fit:80de1342a3e9944829ab101957c8eddffd3d18cb805507bed707b0e306d3b433,2026-08-01T09:30:23+00:00,2864,0,147,0,11.655,187.60000000000002,36,fit:80de1342a3e9944829ab101957c8eddffd3d18cb805507bed707b0e306d3b433:segment:011,11,19311.0,18191,activities/108_260801060832.csv,1,1,0,0
fit:80de1342a3e9944829ab101957c8eddffd3d18cb805507bed707b0e306d3b433,2026-08-01T09:30:24+00:00,2865,0,146,0,11.996,185.60000000000002,36,fit:80de1342a3e9944829ab101957c8eddffd3d18cb805507bed707b0e306d3b433:segment:011,11,19312.0,18192,activities/108_260801060832.csv,1,1,0,0
fit:80de1342a3e9944829ab101957c8eddffd3d18cb805507bed707b0e306d3b433,2026-08-01T09:30:25+00:00,2866,0,146,0,12.298,185.60000000000002,36,fit:80de1342a3e9944829ab101957c8eddffd3d18cb805507bed707b0e306d3b433:segment:011,11,19313.0,18193,activities/108_260801060832.csv,1,1,0,0
fit:80de1342a3e9944829ab101957c8eddffd3d18cb805507bed707b0e306d3b433,2026-08-01T09:30:26+00:00,2867,0,145,0,12.56,185.60000000000002,36,fit:80de1342a3e9944829ab101957c8eddffd3d18cb805507bed707b0e306d3b433:segment:011,11,19314.0,18194,activities/108_260801060832.csv,1,1,0,0
fit:80de1342a3e9944829ab101957c8eddffd3d18cb805507bed707b0e306d3b433,2026-08-01T09:30:27+00:00,2868,0,145,0,12.908,184.60000000000002,36,fit:80de1342a3e9944829ab101957c8eddffd3d18cb805507bed707b0e306d3b433:segment:011,11,19315.0,18195,activities/108_260801060832.csv,1,1,0,0
fit:80de1342a3e9944829ab101957c8eddffd3d18cb805507bed707b0e306d3b433,2026-08-01T09:30:28+00:00,2869,0,145,0,13.066,181.60000000000002,36,fit:80de1342a3e9944829ab101957c8eddffd3d18cb805507bed707b0e306d3b433:segment:011,11,19316.0,18196,activities/108_260801060832.csv,1,1,0,0
fit:80de1342a3e9944829ab101957c8eddffd3d18cb805507bed707b0e306d3b433,2026-08-01T09:30:29+00:00,2870,0,144,0,13.287,181.60000000000002,36,fit:80de1342a3e9944829ab101957c8eddffd3d18cb805507bed707b0e306d3b433:segment:011,11,19317.0,18197,activities/108_260801060832.csv,1,1,0,0
fit:80de1342a3e9944829ab101957c8eddffd3d18cb805507bed707b0e306d3b433,2026-08-01T09:30:30+00:00,2871,0,143,0,13.633,181.60000000000002,36,fit:80de1342a3e9944829ab101957c8eddffd3d18cb805507bed707b0e306d3b433:segment:011,11,19318.0,18198,activities/108_260801060832.csv,1,1,0,0
fit:80de1342a3e9944829ab101957c8eddffd3d18cb805507bed707b0e306d3b433,2026-08-01T09:30:31+00:00,2872,0,143,0,13.762,180.60000000000002,36,fit:80de1342a3e9944829ab101957c8eddffd3d18cb805507bed707b0e306d3b433:segment:011,11,19319.0,18199,activities/108_260801060832.csv,1,1,0,0
fit:80de1342a3e9944829ab101957c8eddffd3d18cb805507bed707b0e306d3b433,2026-08-01T09:30:32+00:00,2873,0,143,0,13.881,177.79999999999995,36,fit:80de1342a3e9944829ab101957c8eddffd3d18cb805507bed707b0e306d3b433:segment:011,11,19320.0,18200,activities/108_260801060832.csv,1,1,0,0
fit:80de1342a3e9944829ab101957c8eddffd3d18cb805507bed707b0e306d3b433,2026-08-01T09:30:33+00:00,2874,0,142,0,13.954,177.79999999999995,36,fit:80de1342a3e9944829ab101957c8eddffd3d18cb805507bed707b0e306d3b433:segment:011,11,19321.0,18201,activities/108_260801060832.csv,1,1,0,0
fit:80de1342a3e9944829ab101957c8eddffd3d18cb805507bed707b0e306d3b433,2026-08-01T09:30:34+00:00,2875,0,140,0,13.99,177.79999999999995,36,fit:80de1342a3e9944829ab101957c8eddffd3d18cb805507bed707b0e306d3b433:segment:011,11,19322.0,18202,activities/108_260801060832.csv,1,1,0,0
fit:80de1342a3e9944829ab101957c8eddffd3d18cb805507bed707b0e306d3b433,2026-08-01T09:30:35+00:00,2876,0,137,0,13.93,176.79999999999995,36,fit:80de1342a3e9944829ab101957c8eddffd3d18cb805507bed707b0e306d3b433:segment:011,11,19323.0,18203,activities/108_260801060832.csv,1,1,0,0
fit:80de1342a3e9944829ab101957c8eddffd3d18cb805507bed707b0e306d3b433,2026-08-01T09:30:36+00:00,2877,0,137,0,13.841,177.79999999999995,36,fit:80de1342a3e9944829ab101957c8eddffd3d18cb805507bed707b0e306d3b433:segment:011,11,19324.0,18204,activities/108_260801060832.csv,1,1,0,0
fit:80de1342a3e9944829ab101957c8eddffd3d18cb805507bed707b0e306d3b433,2026-08-01T09:30:37+00:00,2878,0,135,0,13.589,177.79999999999995,36,fit:80de1342a3e9944829ab101957c8eddffd3d18cb805507bed707b0e306d3b433:segment:011,11,19325.0,18205,activities/108_260801060832.csv,1,1,0,0
fit:80de1342a3e9944829ab101957c8eddffd3d18cb805507bed707b0e306d3b433,2026-08-01T09:30:38+00:00,2879,0,132,0,13.291,177.79999999999995,36,fit:80de1342a3e9944829ab101957c8eddffd3d18cb805507bed707b0e306d3b433:segment:011,11,19326.0,18206,activities/108_260801060832.csv,1,1,0,0
fit:80de1342a3e9944829ab101957c8eddffd3d18cb805507bed707b0e306d3b433,2026-08-01T09:30:39+00:00,2880,0,132,0,12.994,176.79999999999995,36,fit:80de1342a3e9944829ab101957c8eddffd3d18cb805507bed707b0e306d3b433:segment:011,11,19327.0,18207,activities/108_260801060832.csv,1,1,0,0
fit:80de1342a3e9944829ab101957c8eddffd3d18cb805507bed707b0e306d3b433,2026-08-01T09:30:40+00:00,2881,0,130,0,12.734,177.0,36,fit:80de1342a3e9944829ab101957c8eddffd3d18cb805507bed707b0e306d3b433:segment:011,11,19328.0,18208,activities/108_260801060832.csv,1,1,0,0
fit:80de1342a3e9944829ab101957c8eddffd3d18cb805507bed707b0e306d3b433,2026-08-01T09:30:41+00:00,2882,0,128,0,12.512,177.0,36,fit:80de1342a3e9944829ab101957c8eddffd3d18cb805507bed707b0e306d3b433:segment:011,11,19329.0,18209,activities/108_260801060832.csv,1,1,0,0
fit:80de1342a3e9944829ab101957c8eddffd3d18cb805507bed707b0e306d3b433,2026-08-01T09:30:42+00:00,2883,0,126,0,12.387,177.0,36,fit:80de1342a3e9944829ab101957c8eddffd3d18cb805507bed707b0e306d3b433:segment:011,11,19330.0,18210,activities/108_260801060832.csv,1,1,0,0
fit:80de1342a3e9944829ab101957c8eddffd3d18cb805507bed707b0e306d3b433,2026-08-01T09:30:43+00:00,2884,0,124,0,12.257,177.0,36,fit:80de1342a3e9944829ab101957c8eddffd3d18cb805507bed707b0e306d3b433:segment:011,11,19331.0,18211,activities/108_260801060832.csv,1,1,0,0
fit:80de1342a3e9944829ab101957c8eddffd3d18cb805507bed707b0e306d3b433,2026-08-01T09:30:44+00:00,2885,0,122,0,12.093,176.39999999999998,36,fit:80de1342a3e9944829ab101957c8eddffd3d18cb805507bed707b0e306d3b433:segment:011,11,19332.0,18212,activities/108_260801060832.csv,1,1,0,0
fit:80de1342a3e9944829ab101957c8eddffd3d18cb805507bed707b0e306d3b433,2026-08-01T09:30:45+00:00,2886,0,120,0,11.951,176.39999999999998,36,fit:80de1342a3e9944829ab101957c8eddffd3d18cb805507bed707b0e306d3b433:segment:011,11,19333.0,18213,activities/108_260801060832.csv,1,1,0,0
fit:80de1342a3e9944829ab101957c8eddffd3d18cb805507bed707b0e306d3b433,2026-08-01T09:30:46+00:00,2887,119,119,0,11.809,176.39999999999998,36,fit:80de1342a3e9944829ab101957c8eddffd3d18cb805507bed707b0e306d3b433:segment:011,11,19334.0,18214,activities/108_260801060832.csv,1,1,0,0
fit:80de1342a3e9944829ab101957c8eddffd3d18cb805507bed707b0e306d3b433,2026-08-01T09:30:47+00:00,2888,108,119,92,11.64,176.39999999999998,36,fit:80de1342a3e9944829ab101957c8eddffd3d18cb805507bed707b0e306d3b433:segment:011,11,19335.0,18215,activities/108_260801060832.csv,1,1,0,0
fit:80de1342a3e9944829ab101957c8eddffd3d18cb805507bed707b0e306d3b433,2026-08-01T09:30:48+00:00,2889,108,119,91,11.51,175.79999999999995,36,fit:80de1342a3e9944829ab101957c8eddffd3d18cb805507bed707b0e306d3b433:segment:011,11,19336.0,18216,activities/108_260801060832.csv,1,1,0,0
fit:80de1342a3e9944829ab101957c8eddffd3d18cb805507bed707b0e306d3b433,2026-08-01T09:30:49+00:00,2890,108,119,91,11.257,175.79999999999995,36,fit:80de1342a3e9944829ab101957c8eddffd3d18cb805507bed707b0e306d3b433:segment:011,11,19337.0,18217,activities/108_260801060832.csv,1,1,0,0
fit:80de1342a3e9944829ab101957c8eddffd3d18cb805507bed707b0e306d3b433,2026-08-01T09:30:50+00:00,2891,108,120,91,11.127,175.79999999999995,36,fit:80de1342a3e9944829ab101957c8eddffd3d18cb805507bed707b0e306d3b433:segment:011,11,19338.0,18218,activities/108_260801060832.csv,1,1,0,0
fit:80de1342a3e9944829ab101957c8eddffd3d18cb805507bed707b0e306d3b433,2026-08-01T09:30:51+00:00,2892,103,123,91,10.949,175.79999999999995,36,fit:80de1342a3e9944829ab101957c8eddffd3d18cb805507bed707b0e306d3b433:segment:011,11,19339.0,18219,activities/108_260801060832.csv,1,1,0,0
fit:80de1342a3e9944829ab101957c8eddffd3d18cb805507bed707b0e306d3b433,2026-08-01T09:30:52+00:00,2893,0,124,86,10.821,175.79999999999995,36,fit:80de1342a3e9944829ab101957c8eddffd3d18cb805507bed707b0e306d3b433:segment:011,11,19340.0,18220,activities/108_260801060832.csv,1,1,0,0
fit:80de1342a3e9944829ab101957c8eddffd3d18cb805507bed707b0e306d3b433,2026-08-01T09:30:53+00:00,2894,132,124,0,10.602,176.79999999999995,36,fit:80de1342a3e9944829ab101957c8eddffd3d18cb805507bed707b0e306d3b433:segment:011,11,19341.0,18221,activities/108_260801060832.csv,1,1,0,0
fit:80de1342a3e9944829ab101957c8eddffd3d18cb805507bed707b0e306d3b433,2026-08-01T09:30:54+00:00,2895,132,124,83,10.475,176.79999999999995,36,fit:80de1342a3e9944829ab101957c8eddffd3d18cb805507bed707b0e306d3b433:segment:011,11,19342.0,18222,activities/108_260801060832.csv,1,1,0,0
fit:80de1342a3e9944829ab101957c8eddffd3d18cb805507bed707b0e306d3b433,2026-08-01T09:30:55+00:00,2896,82,124,82,10.364,176.79999999999995,36,fit:80de1342a3e9944829ab101957c8eddffd3d18cb805507bed707b0e306d3b433:segment:011,11,19343.0,18223,activities/108_260801060832.csv,1,1,0,0
fit:80de1342a3e9944829ab101957c8eddffd3d18cb805507bed707b0e306d3b433,2026-08-01T09:30:56+00:00,2897,82,124,78,10.274,175.79999999999995,36,fit:80de1342a3e9944829ab101957c8eddffd3d18cb805507bed707b0e306d3b433:segment:011,11,19344.0,18224,activities/108_260801060832.csv,1,1,0,0
fit:80de1342a3e9944829ab101957c8eddffd3d18cb805507bed707b0e306d3b433,2026-08-01T09:30:57+00:00,2898,8,124,78,10.143,176.39999999999998,36,fit:80de1342a3e9944829ab101957c8eddffd3d18cb805507bed707b0e306d3b433:segment:011,11,19345.0,18225,activities/108_260801060832.csv,1,1,0,0
fit:80de1342a3e9944829ab101957c8eddffd3d18cb805507bed707b0e306d3b433,2026-08-01T09:30:58+00:00,2899,73,123,25,9.964,176.39999999999998,36,fit:80de1342a3e9944829ab101957c8eddffd3d18cb805507bed707b0e306d3b433:segment:011,11,19346.0,18226,activities/108_260801060832.csv,1,1,0,0
fit:80de1342a3e9944829ab101957c8eddffd3d18cb805507bed707b0e306d3b433,2026-08-01T09:30:59+00:00,2900,74,122,76,9.856,176.39999999999998,36,fit:80de1342a3e9944829ab101957c8eddffd3d18cb805507bed707b0e306d3b433:segment:011,11,19347.0,18227,activities/108_260801060832.csv,1,1,0,0
fit:80de1342a3e9944829ab101957c8eddffd3d18cb805507bed707b0e306d3b433,2026-08-01T09:31:00+00:00,2901,92,122,74,9.64,176.39999999999998,36,fit:80de1342a3e9944829ab101957c8eddffd3d18cb805507bed707b0e306d3b433:segment:011,11,19348.0,18228,activities/108_260801060832.csv,1,1,0,0
fit:80de1342a3e9944829ab101957c8eddffd3d18cb805507bed707b0e306d3b433,2026-08-01T09:31:01+00:00,2902,77,122,74,9.459,177.0,36,fit:80de1342a3e9944829ab101957c8eddffd3d18cb805507bed707b0e306d3b433:segment:011,11,19349.0,18229,activities/108_260801060832.csv,1,1,0,0
fit:80de1342a3e9944829ab101957c8eddffd3d18cb805507bed707b0e306d3b433,2026-08-01T09:31:02+00:00,2903,98,122,72,9.255,177.0,36,fit:80de1342a3e9944829ab101957c8eddffd3d18cb805507bed707b0e306d3b433:segment:011,11,19350.0,18230,activities/108_260801060832.csv,1,1,0,0
fit:80de1342a3e9944829ab101957c8eddffd3d18cb805507bed707b0e306d3b433,2026-08-01T09:31:03+00:00,2904,166,121,71,9.055,177.0,36,fit:80de1342a3e9944829ab101957c8eddffd3d18cb805507bed707b0e306d3b433:segment:011,11,19351.0,18231,activities/108_260801060832.csv,1,1,0,0
fit:80de1342a3e9944829ab101957c8eddffd3d18cb805507bed707b0e306d3b433,2026-08-01T09:31:04+00:00,2905,205,121,71,8.953,177.0,36,fit:80de1342a3e9944829ab101957c8eddffd3d18cb805507bed707b0e306d3b433:segment:011,11,19352.0,18232,activities/108_260801060832.csv,1,1,0,0
fit:80de1342a3e9944829ab101957c8eddffd3d18cb805507bed707b0e306d3b433,2026-08-01T09:31:05+00:00,2906,92,120,71,8.868,177.60000000000002,36,fit:80de1342a3e9944829ab101957c8eddffd3d18cb805507bed707b0e306d3b433:segment:011,11,19353.0,18233,activities/108_260801060832.csv,1,1,0,0
fit:80de1342a3e9944829ab101957c8eddffd3d18cb805507bed707b0e306d3b433,2026-08-01T09:31:06+00:00,2907,215,120,80,8.862,177.60000000000002,36,fit:80de1342a3e9944829ab101957c8eddffd3d18cb805507bed707b0e306d3b433:segment:011,11,19354.0,18234,activities/108_260801060832.csv,1,1,0,0
fit:80de1342a3e9944829ab101957c8eddffd3d18cb805507bed707b0e306d3b433,2026-08-01T09:31:07+00:00,2908,260,120,80,8.894,177.60000000000002,36,fit:80de1342a3e9944829ab101957c8eddffd3d18cb805507bed707b0e306d3b433:segment:011,11,19355.0,18235,activities/108_260801060832.csv,1,1,0,0
fit:80de1342a3e9944829ab101957c8eddffd3d18cb805507bed707b0e306d3b433,2026-08-01T09:31:08+00:00,2909,259,121,80,8.862,177.39999999999998,36,fit:80de1342a3e9944829ab101957c8eddffd3d18cb805507bed707b0e306d3b433:segment:011,11,19356.0,18236,activities/108_260801060832.csv,1,1,0,0
fit:80de1342a3e9944829ab101957c8eddffd3d18cb805507bed707b0e306d3b433,2026-08-01T09:31:09+00:00,2910,261,122,81,8.904,178.0,36,fit:80de1342a3e9944829ab101957c8eddffd3d18cb805507bed707b0e306d3b433:segment:011,11,19357.0,18237,activities/108_260801060832.csv,1,1,0,0
fit:80de1342a3e9944829ab101957c8eddffd3d18cb805507bed707b0e306d3b433,2026-08-01T09:31:10+00:00,2911,283,122,82,9.107,178.0,36,fit:80de1342a3e9944829ab101957c8eddffd3d18cb805507bed707b0e306d3b433:segment:011,11,19358.0,18238,activities/108_260801060832.csv,1,1,0,0
fit:80de1342a3e9944829ab101957c8eddffd3d18cb805507bed707b0e306d3b433,2026-08-01T09:31:11+00:00,2912,253,123,83,9.107,178.0,36,fit:80de1342a3e9944829ab101957c8eddffd3d18cb805507bed707b0e306d3b433:segment:011,11,19359.0,18239,activities/108_260801060832.csv,1,1,0,0
fit:80de1342a3e9944829ab101957c8eddffd3d18cb805507bed707b0e306d3b433,2026-08-01T09:31:12+00:00,2913,253,124,84,9.147,178.0,36,fit:80de1342a3e9944829ab101957c8eddffd3d18cb805507bed707b0e306d3b433:segment:011,11,19360.0,18240,activities/108_260801060832.csv,1,1,0,0
fit:80de1342a3e9944829ab101957c8eddffd3d18cb805507bed707b0e306d3b433,2026-08-01T09:31:13+00:00,2914,239,124,85,9.247,177.20000000000005,36,fit:80de1342a3e9944829ab101957c8eddffd3d18cb805507bed707b0e306d3b433:segment:011,11,19361.0,18241,activities/108_260801060832.csv,1,1,0,0
fit:80de1342a3e9944829ab101957c8eddffd3d18cb805507bed707b0e306d3b433,2026-08-01T09:31:14+00:00,2915,239,125,85,9.336,177.20000000000005,36,fit:80de1342a3e9944829ab101957c8eddffd3d18cb805507bed707b0e306d3b433:segment:011,11,19362.0,18242,activities/108_260801060832.csv,1,1,0,0
fit:80de1342a3e9944829ab101957c8eddffd3d18cb805507bed707b0e306d3b433,2026-08-01T09:31:15+00:00,2916,220,127,85,9.479,177.20000000000005,36,fit:80de1342a3e9944829ab101957c8eddffd3d18cb805507bed707b0e306d3b433:segment:011,11,19363.0,18243,activities/108_260801060832.csv,1,1,0,0
fit:80de1342a3e9944829ab101957c8eddffd3d18cb805507bed707b0e306d3b433,2026-08-01T09:31:16+00:00,2917,226,129,86,9.473,176.39999999999998,36,fit:80de1342a3e9944829ab101957c8eddffd3d18cb805507bed707b0e306d3b433:segment:011,11,19364.0,18244,activities/108_260801060832.csv,1,1,0,0
fit:80de1342a3e9944829ab101957c8eddffd3d18cb805507bed707b0e306d3b433,2026-08-01T09:31:17+00:00,2918,243,129,86,9.536,178.39999999999998,36,fit:80de1342a3e9944829ab101957c8eddffd3d18cb805507bed707b0e306d3b433:segment:011,11,19365.0,18245,activities/108_260801060832.csv,1,1,0,0
fit:80de1342a3e9944829ab101957c8eddffd3d18cb805507bed707b0e306d3b433,2026-08-01T09:31:18+00:00,2919,244,131,86,9.423,178.39999999999998,36,fit:80de1342a3e9944829ab101957c8eddffd3d18cb805507bed707b0e306d3b433:segment:011,11,19366.0,18246,activities/108_260801060832.csv,1,1,0,0
fit:80de1342a3e9944829ab101957c8eddffd3d18cb805507bed707b0e306d3b433,2026-08-01T09:31:19+00:00,2920,222,133,86,9.393,178.39999999999998,36,fit:80de1342a3e9944829ab101957c8eddffd3d18cb805507bed707b0e306d3b433:segment:011,11,19367.0,18247,activities/108_260801060832.csv,1,1,0,0
fit:80de1342a3e9944829ab101957c8eddffd3d18cb805507bed707b0e306d3b433,2026-08-01T09:31:20+00:00,2921,211,135,87,9.428,178.39999999999998,36,fit:80de1342a3e9944829ab101957c8eddffd3d18cb805507bed707b0e306d3b433:segment:011,11,19368.0,18248,activities/108_260801060832.csv,1,1,0,0
fit:80de1342a3e9944829ab101957c8eddffd3d18cb805507bed707b0e306d3b433,2026-08-01T09:31:21+00:00,2922,221,135,87,9.503,177.79999999999995,36,fit:80de1342a3e9944829ab101957c8eddffd3d18cb805507bed707b0e306d3b433:segment:011,11,19369.0,18249,activities/108_260801060832.csv,1,1,0,0
fit:80de1342a3e9944829ab101957c8eddffd3d18cb805507bed707b0e306d3b433,2026-08-01T09:31:22+00:00,2923,228,137,88,9.555,177.79999999999995,36,fit:80de1342a3e9944829ab101957c8eddffd3d18cb805507bed707b0e306d3b433:segment:011,11,19370.0,18250,activities/108_260801060832.csv,1,1,0,0
fit:80de1342a3e9944829ab101957c8eddffd3d18cb805507bed707b0e306d3b433,2026-08-01T09:31:23+00:00,2924,208,139,88,9.638,177.79999999999995,36,fit:80de1342a3e9944829ab101957c8eddffd3d18cb805507bed707b0e306d3b433:segment:011,11,19371.0,18251,activities/108_260801060832.csv,1,1,0,0
fit:80de1342a3e9944829ab101957c8eddffd3d18cb805507bed707b0e306d3b433,2026-08-01T09:31:24+00:00,2925,204,140,88,9.679,178.20000000000005,36,fit:80de1342a3e9944829ab101957c8eddffd3d18cb805507bed707b0e306d3b433:segment:011,11,19372.0,18252,activities/108_260801060832.csv,1,1,0,0
fit:80de1342a3e9944829ab101957c8eddffd3d18cb805507bed707b0e306d3b433,2026-08-01T09:31:25+00:00,2926,210,140,89,9.706,178.0,36,fit:80de1342a3e9944829ab101957c8eddffd3d18cb805507bed707b0e306d3b433:segment:011,11,19373.0,18253,activities/108_260801060832.csv,1,1,0,0
fit:80de1342a3e9944829ab101957c8eddffd3d18cb805507bed707b0e306d3b433,2026-08-01T09:31:26+00:00,2927,178,142,89,9.753,178.0,36,fit:80de1342a3e9944829ab101957c8eddffd3d18cb805507bed707b0e306d3b433:segment:011,11,19374.0,18254,activities/108_260801060832.csv,1,1,0,0
fit:80de1342a3e9944829ab101957c8eddffd3d18cb805507bed707b0e306d3b433,2026-08-01T09:31:27+00:00,2928,204,144,89,9.842,178.0,36,fit:80de1342a3e9944829ab101957c8eddffd3d18cb805507bed707b0e306d3b433:segment:011,11,19375.0,18255,activities/108_260801060832.csv,1,1,0,0
fit:80de1342a3e9944829ab101957c8eddffd3d18cb805507bed707b0e306d3b433,2026-08-01T09:31:28+00:00,2929,202,145,90,9.878,178.0,36,fit:80de1342a3e9944829ab101957c8eddffd3d18cb805507bed707b0e306d3b433:segment:011,11,19376.0,18256,activities/108_260801060832.csv,1,1,0,0
fit:80de1342a3e9944829ab101957c8eddffd3d18cb805507bed707b0e306d3b433,2026-08-01T09:31:29+00:00,2930,202,147,90,9.994,180.0,36,fit:80de1342a3e9944829ab101957c8eddffd3d18cb805507bed707b0e306d3b433:segment:011,11,19377.0,18257,activities/108_260801060832.csv,1,1,0,0
fit:80de1342a3e9944829ab101957c8eddffd3d18cb805507bed707b0e306d3b433,2026-08-01T09:31:30+00:00,2931,158,148,91,10.037,180.0,36,fit:80de1342a3e9944829ab101957c8eddffd3d18cb805507bed707b0e306d3b433:segment:011,11,19378.0,18258,activities/108_260801060832.csv,1,1,0,0
fit:80de1342a3e9944829ab101957c8eddffd3d18cb805507bed707b0e306d3b433,2026-08-01T09:31:31+00:00,2932,159,150,91,10.073,180.0,36,fit:80de1342a3e9944829ab101957c8eddffd3d18cb805507bed707b0e306d3b433:segment:011,11,19379.0,18259,activities/108_260801060832.csv,1,1,0,0
fit:80de1342a3e9944829ab101957c8eddffd3d18cb805507bed707b0e306d3b433,2026-08-01T09:31:32+00:00,2933,195,150,91,9.968,179.39999999999998,36,fit:80de1342a3e9944829ab101957c8eddffd3d18cb805507bed707b0e306d3b433:segment:011,11,19380.0,18260,activities/108_260801060832.csv,1,1,0,0
fit:80de1342a3e9944829ab101957c8eddffd3d18cb805507bed707b0e306d3b433,2026-08-01T09:31:33+00:00,2934,189,152,91,9.947,179.39999999999998,36,fit:80de1342a3e9944829ab101957c8eddffd3d18cb805507bed707b0e306d3b433:segment:011,11,19381.0,18261,activities/108_260801060832.csv,1,1,0,0
fit:80de1342a3e9944829ab101957c8eddffd3d18cb805507bed707b0e306d3b433,2026-08-01T09:31:34+00:00,2935,189,153,91,9.954,179.39999999999998,36,fit:80de1342a3e9944829ab101957c8eddffd3d18cb805507bed707b0e306d3b433:segment:011,11,19382.0,18262,activities/108_260801060832.csv,1,1,0,0
fit:80de1342a3e9944829ab101957c8eddffd3d18cb805507bed707b0e306d3b433,2026-08-01T09:31:35+00:00,2936,108,155,91,9.967,179.39999999999998,36,fit:80de1342a3e9944829ab101957c8eddffd3d18cb805507bed707b0e306d3b433:segment:011,11,19383.0,18263,activities/108_260801060832.csv,1,1,0,0
fit:80de1342a3e9944829ab101957c8eddffd3d18cb805507bed707b0e306d3b433,2026-08-01T09:31:36+00:00,2937,373,156,81,10.1,179.39999999999998,36,fit:80de1342a3e9944829ab101957c8eddffd3d18cb805507bed707b0e306d3b433:segment:011,11,19384.0,18264,activities/108_260801060832.csv,1,1,0,0
fit:80de1342a3e9944829ab101957c8eddffd3d18cb805507bed707b0e306d3b433,2026-08-01T09:31:37+00:00,2938,373,156,81,10.179,178.39999999999998,36,fit:80de1342a3e9944829ab101957c8eddffd3d18cb805507bed707b0e306d3b433:segment:011,11,19385.0,18265,activities/108_260801060832.csv,1,1,0,0
fit:80de1342a3e9944829ab101957c8eddffd3d18cb805507bed707b0e306d3b433,2026-08-01T09:31:38+00:00,2939,344,157,83,10.322,178.39999999999998,36,fit:80de1342a3e9944829ab101957c8eddffd3d18cb805507bed707b0e306d3b433:segment:011,11,19386.0,18266,activities/108_260801060832.csv,1,1,0,0
fit:80de1342a3e9944829ab101957c8eddffd3d18cb805507bed707b0e306d3b433,2026-08-01T09:31:39+00:00,2940,367,157,83,10.418,178.39999999999998,36,fit:80de1342a3e9944829ab101957c8eddffd3d18cb805507bed707b0e306d3b433:segment:011,11,19387.0,18267,activities/108_260801060832.csv,1,1,0,0
fit:80de1342a3e9944829ab101957c8eddffd3d18cb805507bed707b0e306d3b433,2026-08-01T09:31:40+00:00,2941,322,158,84,10.403,179.39999999999998,36,fit:80de1342a3e9944829ab101957c8eddffd3d18cb805507bed707b0e306d3b433:segment:011,11,19388.0,18268,activities/108_260801060832.csv,1,1,0,0
fit:80de1342a3e9944829ab101957c8eddffd3d18cb805507bed707b0e306d3b433,2026-08-01T09:31:41+00:00,2942,188,159,85,10.403,179.60000000000002,36,fit:80de1342a3e9944829ab101957c8eddffd3d18cb805507bed707b0e306d3b433:segment:011,11,19389.0,18269,activities/108_260801060832.csv,1,1,0,0
fit:80de1342a3e9944829ab101957c8eddffd3d18cb805507bed707b0e306d3b433,2026-08-01T09:31:42+00:00,2943,190,159,85,10.479,179.60000000000002,36,fit:80de1342a3e9944829ab101957c8eddffd3d18cb805507bed707b0e306d3b433:segment:011,11,19390.0,18270,activities/108_260801060832.csv,1,1,0,0
fit:80de1342a3e9944829ab101957c8eddffd3d18cb805507bed707b0e306d3b433,2026-08-01T09:31:43+00:00,2944,208,160,85,10.548,179.60000000000002,36,fit:80de1342a3e9944829ab101957c8eddffd3d18cb805507bed707b0e306d3b433:segment:011,11,19391.0,18271,activities/108_260801060832.csv,1,1,0,0
fit:80de1342a3e9944829ab101957c8eddffd3d18cb805507bed707b0e306d3b433,2026-08-01T09:31:44+00:00,2945,205,161,84,10.565,179.60000000000002,36,fit:80de1342a3e9944829ab101957c8eddffd3d18cb805507bed707b0e306d3b433:segment:011,11,19392.0,18272,activities/108_260801060832.csv,1,1,0,0
fit:80de1342a3e9944829ab101957c8eddffd3d18cb805507bed707b0e306d3b433,2026-08-01T09:31:45+00:00,2946,219,162,84,10.599,179.60000000000002,36,fit:80de1342a3e9944829ab101957c8eddffd3d18cb805507bed707b0e306d3b433:segment:011,11,19393.0,18273,activities/108_260801060832.csv,1,1,0,0
fit:80de1342a3e9944829ab101957c8eddffd3d18cb805507bed707b0e306d3b433,2026-08-01T09:31:46+00:00,2947,224,162,84,10.58,179.60000000000002,36,fit:80de1342a3e9944829ab101957c8eddffd3d18cb805507bed707b0e306d3b433:segment:011,11,19394.0,18274,activities/108_260801060832.csv,1,1,0,0
fit:80de1342a3e9944829ab101957c8eddffd3d18cb805507bed707b0e306d3b433,2026-08-01T09:31:47+00:00,2948,242,163,84,10.453,179.60000000000002,36,fit:80de1342a3e9944829ab101957c8eddffd3d18cb805507bed707b0e306d3b433:segment:011,11,19395.0,18275,activities/108_260801060832.csv,1,1,0,0
fit:80de1342a3e9944829ab101957c8eddffd3d18cb805507bed707b0e306d3b433,2026-08-01T09:31:48+00:00,2949,242,163,84,10.424,179.79999999999995,36,fit:80de1342a3e9944829ab101957c8eddffd3d18cb805507bed707b0e306d3b433:segment:011,11,19396.0,18276,activities/108_260801060832.csv,1,1,0,0
fit:80de1342a3e9944829ab101957c8eddffd3d18cb805507bed707b0e306d3b433,2026-08-01T09:31:49+00:00,2950,260,164,84,10.47,179.20000000000005,36,fit:80de1342a3e9944829ab101957c8eddffd3d18cb805507bed707b0e306d3b433:segment:011,11,19397.0,18277,activities/108_260801060832.csv,1,1,0,0
fit:80de1342a3e9944829ab101957c8eddffd3d18cb805507bed707b0e306d3b433,2026-08-01T09:31:50+00:00,2951,238,164,84,10.572,179.20000000000005,36,fit:80de1342a3e9944829ab101957c8eddffd3d18cb805507bed707b0e306d3b433:segment:011,11,19398.0,18278,activities/108_260801060832.csv,1,1,0,0
fit:80de1342a3e9944829ab101957c8eddffd3d18cb805507bed707b0e306d3b433,2026-08-01T09:31:51+00:00,2952,234,165,84,10.529,179.20000000000005,36,fit:80de1342a3e9944829ab101957c8eddffd3d18cb805507bed707b0e306d3b433:segment:011,11,19399.0,18279,activities/108_260801060832.csv,1,1,0,0
fit:80de1342a3e9944829ab101957c8eddffd3d18cb805507bed707b0e306d3b433,2026-08-01T09:31:52+00:00,2953,253,165,84,10.554,179.20000000000005,36,fit:80de1342a3e9944829ab101957c8eddffd3d18cb805507bed707b0e306d3b433:segment:011,11,19400.0,18280,activities/108_260801060832.csv,1,1,0,0
fit:80de1342a3e9944829ab101957c8eddffd3d18cb805507bed707b0e306d3b433,2026-08-01T09:31:53+00:00,2954,254,165,84,10.51,179.79999999999995,36,fit:80de1342a3e9944829ab101957c8eddffd3d18cb805507bed707b0e306d3b433:segment:011,11,19401.0,18281,activities/108_260801060832.csv,1,1,0,0
fit:80de1342a3e9944829ab101957c8eddffd3d18cb805507bed707b0e306d3b433,2026-08-01T09:31:54+00:00,2955,239,165,84,10.536,179.79999999999995,36,fit:80de1342a3e9944829ab101957c8eddffd3d18cb805507bed707b0e306d3b433:segment:011,11,19402.0,18282,activities/108_260801060832.csv,1,1,0,0
fit:80de1342a3e9944829ab101957c8eddffd3d18cb805507bed707b0e306d3b433,2026-08-01T09:31:55+00:00,2956,235,165,84,10.488,179.79999999999995,36,fit:80de1342a3e9944829ab101957c8eddffd3d18cb805507bed707b0e306d3b433:segment:011,11,19403.0,18283,activities/108_260801060832.csv,1,1,0,0
fit:80de1342a3e9944829ab101957c8eddffd3d18cb805507bed707b0e306d3b433,2026-08-01T09:31:56+00:00,2957,231,165,84,10.509,180.20000000000005,36,fit:80de1342a3e9944829ab101957c8eddffd3d18cb805507bed707b0e306d3b433:segment:011,11,19404.0,18284,activities/108_260801060832.csv,1,1,0,0
fit:80de1342a3e9944829ab101957c8eddffd3d18cb805507bed707b0e306d3b433,2026-08-01T09:31:57+00:00,2958,225,165,84,10.429,180.60000000000002,36,fit:80de1342a3e9944829ab101957c8eddffd3d18cb805507bed707b0e306d3b433:segment:011,11,19405.0,18285,activities/108_260801060832.csv,1,1,0,0
fit:80de1342a3e9944829ab101957c8eddffd3d18cb805507bed707b0e306d3b433,2026-08-01T09:31:58+00:00,2959,207,165,84,10.387,180.60000000000002,36,fit:80de1342a3e9944829ab101957c8eddffd3d18cb805507bed707b0e306d3b433:segment:011,11,19406.0,18286,activities/108_260801060832.csv,1,1,0,0
fit:80de1342a3e9944829ab101957c8eddffd3d18cb805507bed707b0e306d3b433,2026-08-01T09:31:59+00:00,2960,213,166,84,10.309,180.60000000000002,36,fit:80de1342a3e9944829ab101957c8eddffd3d18cb805507bed707b0e306d3b433:segment:011,11,19407.0,18287,activities/108_260801060832.csv,1,1,0,0
fit:80de1342a3e9944829ab101957c8eddffd3d18cb805507bed707b0e306d3b433,2026-08-01T09:32:00+00:00,2961,199,166,83,10.411,180.60000000000002,36,fit:80de1342a3e9944829ab101957c8eddffd3d18cb805507bed707b0e306d3b433:segment:011,11,19408.0,18288,activities/108_260801060832.csv,1,1,0,0
fit:80de1342a3e9944829ab101957c8eddffd3d18cb805507bed707b0e306d3b433,2026-08-01T09:32:01+00:00,2962,211,166,83,10.462,180.0,36,fit:80de1342a3e9944829ab101957c8eddffd3d18cb805507bed707b0e306d3b433:segment:011,11,19409.0,18289,activities/108_260801060832.csv,1,1,0,0
fit:80de1342a3e9944829ab101957c8eddffd3d18cb805507bed707b0e306d3b433,2026-08-01T09:32:02+00:00,2963,207,167,83,10.333,180.0,36,fit:80de1342a3e9944829ab101957c8eddffd3d18cb805507bed707b0e306d3b433:segment:011,11,19410.0,18290,activities/108_260801060832.csv,1,1,0,0
fit:80de1342a3e9944829ab101957c8eddffd3d18cb805507bed707b0e306d3b433,2026-08-01T09:32:03+00:00,2964,220,167,82,10.32,180.0,36,fit:80de1342a3e9944829ab101957c8eddffd3d18cb805507bed707b0e306d3b433:segment:011,11,19411.0,18291,activities/108_260801060832.csv,1,1,0,0
fit:80de1342a3e9944829ab101957c8eddffd3d18cb805507bed707b0e306d3b433,2026-08-01T09:32:04+00:00,2965,223,167,82,10.291,180.0,36,fit:80de1342a3e9944829ab101957c8eddffd3d18cb805507bed707b0e306d3b433:segment:011,11,19412.0,18292,activities/108_260801060832.csv,1,1,0,0
fit:80de1342a3e9944829ab101957c8eddffd3d18cb805507bed707b0e306d3b433,2026-08-01T09:32:05+00:00,2966,204,168,81,10.15,180.60000000000002,37,fit:80de1342a3e9944829ab101957c8eddffd3d18cb805507bed707b0e306d3b433:segment:011,11,19413.0,18293,activities/108_260801060832.csv,1,1,0,0
fit:80de1342a3e9944829ab101957c8eddffd3d18cb805507bed707b0e306d3b433,2026-08-01T09:32:06+00:00,2967,220,168,81,10.115,180.60000000000002,37,fit:80de1342a3e9944829ab101957c8eddffd3d18cb805507bed707b0e306d3b433:segment:011,11,19414.0,18294,activities/108_260801060832.csv,1,1,0,0
fit:80de1342a3e9944829ab101957c8eddffd3d18cb805507bed707b0e306d3b433,2026-08-01T09:32:07+00:00,2968,202,169,80,10.046,180.60000000000002,37,fit:80de1342a3e9944829ab101957c8eddffd3d18cb805507bed707b0e306d3b433:segment:011,11,19415.0,18295,activities/108_260801060832.csv,1,1,0,0
fit:80de1342a3e9944829ab101957c8eddffd3d18cb805507bed707b0e306d3b433,2026-08-01T09:32:08+00:00,2969,238,169,80,10.024,180.60000000000002,37,fit:80de1342a3e9944829ab101957c8eddffd3d18cb805507bed707b0e306d3b433:segment:011,11,19416.0,18296,activities/108_260801060832.csv,1,1,0,0
fit:80de1342a3e9944829ab101957c8eddffd3d18cb805507bed707b0e306d3b433,2026-08-01T09:32:09+00:00,2970,102,169,79,9.87,180.39999999999998,37,fit:80de1342a3e9944829ab101957c8eddffd3d18cb805507bed707b0e306d3b433:segment:011,11,19417.0,18297,activities/108_260801060832.csv,1,1,0,0
fit:80de1342a3e9944829ab101957c8eddffd3d18cb805507bed707b0e306d3b433,2026-08-01T09:32:10+00:00,2971,272,170,88,9.664,180.39999999999998,37,fit:80de1342a3e9944829ab101957c8eddffd3d18cb805507bed707b0e306d3b433:segment:011,11,19418.0,18298,activities/108_260801060832.csv,1,1,0,0
fit:80de1342a3e9944829ab101957c8eddffd3d18cb805507bed707b0e306d3b433,2026-08-01T09:32:11+00:00,2972,289,170,89,9.551,180.39999999999998,37,fit:80de1342a3e9944829ab101957c8eddffd3d18cb805507bed707b0e306d3b433:segment:011,11,19419.0,18299,activities/108_260801060832.csv,1,1,0,0
fit:80de1342a3e9944829ab101957c8eddffd3d18cb805507bed707b0e306d3b433,2026-08-01T09:32:12+00:00,2973,332,170,89,9.567,180.39999999999998,37,fit:80de1342a3e9944829ab101957c8eddffd3d18cb805507bed707b0e306d3b433:segment:011,11,19420.0,18300,activities/108_260801060832.csv,1,1,0,0
fit:80de1342a3e9944829ab101957c8eddffd3d18cb805507bed707b0e306d3b433,2026-08-01T09:32:13+00:00,2974,261,170,91,9.595,180.79999999999995,37,fit:80de1342a3e9944829ab101957c8eddffd3d18cb805507bed707b0e306d3b433:segment:011,11,19421.0,18301,activities/108_260801060832.csv,1,1,0,0
fit:80de1342a3e9944829ab101957c8eddffd3d18cb805507bed707b0e306d3b433,2026-08-01T09:32:14+00:00,2975,243,170,91,9.746,180.79999999999995,37,fit:80de1342a3e9944829ab101957c8eddffd3d18cb805507bed707b0e306d3b433:segment:011,11,19422.0,18302,activities/108_260801060832.csv,1,1,0,0
fit:80de1342a3e9944829ab101957c8eddffd3d18cb805507bed707b0e306d3b433,2026-08-01T09:32:15+00:00,2976,209,170,92,9.918,180.79999999999995,37,fit:80de1342a3e9944829ab101957c8eddffd3d18cb805507bed707b0e306d3b433:segment:011,11,19423.0,18303,activities/108_260801060832.csv,1,1,0,0
fit:80de1342a3e9944829ab101957c8eddffd3d18cb805507bed707b0e306d3b433,2026-08-01T09:32:16+00:00,2977,125,170,92,10.071,181.0,37,fit:80de1342a3e9944829ab101957c8eddffd3d18cb805507bed707b0e306d3b433:segment:011,11,19424.0,18304,activities/108_260801060832.csv,1,1,0,0
fit:80de1342a3e9944829ab101957c8eddffd3d18cb805507bed707b0e306d3b433,2026-08-01T09:32:17+00:00,2978,160,170,92,10.147,168.20000000000005,37,fit:80de1342a3e9944829ab101957c8eddffd3d18cb805507bed707b0e306d3b433:segment:011,11,19425.0,18305,activities/108_260801060832.csv,1,1,0,0
fit:80de1342a3e9944829ab101957c8eddffd3d18cb805507bed707b0e306d3b433,2026-08-01T09:32:18+00:00,2979,160,170,92,10.192,168.20000000000005,37,fit:80de1342a3e9944829ab101957c8eddffd3d18cb805507bed707b0e306d3b433:segment:011,11,19426.0,18306,activities/108_260801060832.csv,1,1,0,0
fit:80de1342a3e9944829ab101957c8eddffd3d18cb805507bed707b0e306d3b433,2026-08-01T09:32:19+00:00,2980,87,170,92,10.286,168.20000000000005,37,fit:80de1342a3e9944829ab101957c8eddffd3d18cb805507bed707b0e306d3b433:segment:011,11,19427.0,18307,activities/108_260801060832.csv,1,1,0,0
fit:80de1342a3e9944829ab101957c8eddffd3d18cb805507bed707b0e306d3b433,2026-08-01T09:32:20+00:00,2981,87,171,92,10.176,169.20000000000005,37,fit:80de1342a3e9944829ab101957c8eddffd3d18cb805507bed707b0e306d3b433:segment:011,11,19428.0,18308,activities/108_260801060832.csv,1,1,0,0
fit:80de1342a3e9944829ab101957c8eddffd3d18cb805507bed707b0e306d3b433,2026-08-01T09:32:21+00:00,2982,87,171,92,9.559,181.79999999999995,37,fit:80de1342a3e9944829ab101957c8eddffd3d18cb805507bed707b0e306d3b433:segment:011,11,19429.0,18309,activities/108_260801060832.csv,1,1,0,0
fit:80de1342a3e9944829ab101957c8eddffd3d18cb805507bed707b0e306d3b433,2026-08-01T09:32:22+00:00,2983,87,171,92,8.281,181.79999999999995,37,fit:80de1342a3e9944829ab101957c8eddffd3d18cb805507bed707b0e306d3b433:segment:011,11,19430.0,18310,activities/108_260801060832.csv,1,1,0,0
fit:80de1342a3e9944829ab101957c8eddffd3d18cb805507bed707b0e306d3b433,2026-08-01T09:32:23+00:00,2984,85,171,92,6.238,181.79999999999995,37,fit:80de1342a3e9944829ab101957c8eddffd3d18cb805507bed707b0e306d3b433:segment:011,11,19431.0,18311,activities/108_260801060832.csv,1,1,0,0
fit:80de1342a3e9944829ab101957c8eddffd3d18cb805507bed707b0e306d3b433,2026-08-01T09:32:24+00:00,2985,0,170,0,4.533,181.79999999999995,37,fit:80de1342a3e9944829ab101957c8eddffd3d18cb805507bed707b0e306d3b433:segment:011,11,19432.0,18312,activities/108_260801060832.csv,1,1,0,0
fit:80de1342a3e9944829ab101957c8eddffd3d18cb805507bed707b0e306d3b433,2026-08-01T09:32:25+00:00,2986,14,170,0,4.052,182.39999999999998,37,fit:80de1342a3e9944829ab101957c8eddffd3d18cb805507bed707b0e306d3b433:segment:011,11,19433.0,18313,activities/108_260801060832.csv,1,1,0,0
fit:80de1342a3e9944829ab101957c8eddffd3d18cb805507bed707b0e306d3b433,2026-08-01T09:32:26+00:00,2987,221,169,0,3.915,182.39999999999998,37,fit:80de1342a3e9944829ab101957c8eddffd3d18cb805507bed707b0e306d3b433:segment:011,11,19434.0,18314,activities/108_260801060832.csv,1,1,0,0
fit:80de1342a3e9944829ab101957c8eddffd3d18cb805507bed707b0e306d3b433,2026-08-01T09:32:27+00:00,2988,224,169,37,4.161,182.39999999999998,37,fit:80de1342a3e9944829ab101957c8eddffd3d18cb805507bed707b0e306d3b433:segment:011,11,19435.0,18315,activities/108_260801060832.csv,1,1,0,0
fit:80de1342a3e9944829ab101957c8eddffd3d18cb805507bed707b0e306d3b433,2026-08-01T09:32:28+00:00,2989,281,168,45,4.607,182.39999999999998,37,fit:80de1342a3e9944829ab101957c8eddffd3d18cb805507bed707b0e306d3b433:segment:011,11,19436.0,18316,activities/108_260801060832.csv,1,1,0,0
fit:80de1342a3e9944829ab101957c8eddffd3d18cb805507bed707b0e306d3b433,2026-08-01T09:32:29+00:00,2990,282,167,50,5.073,182.0,37,fit:80de1342a3e9944829ab101957c8eddffd3d18cb805507bed707b0e306d3b433:segment:011,11,19437.0,18317,activities/108_260801060832.csv,1,1,0,0
fit:80de1342a3e9944829ab101957c8eddffd3d18cb805507bed707b0e306d3b433,2026-08-01T09:32:30+00:00,2991,338,166,52,5.477,182.0,37,fit:80de1342a3e9944829ab101957c8eddffd3d18cb805507bed707b0e306d3b433:segment:011,11,19438.0,18318,activities/108_260801060832.csv,1,1,0,0
fit:80de1342a3e9944829ab101957c8eddffd3d18cb805507bed707b0e306d3b433,2026-08-01T09:32:31+00:00,2992,339,164,52,5.788,182.0,37,fit:80de1342a3e9944829ab101957c8eddffd3d18cb805507bed707b0e306d3b433:segment:011,11,19439.0,18319,activities/108_260801060832.csv,1,1,0,0
fit:80de1342a3e9944829ab101957c8eddffd3d18cb805507bed707b0e306d3b433,2026-08-01T09:32:32+00:00,2993,377,163,59,6.127,182.0,37,fit:80de1342a3e9944829ab101957c8eddffd3d18cb805507bed707b0e306d3b433:segment:011,11,19440.0,18320,activities/108_260801060832.csv,1,1,0,0
fit:80de1342a3e9944829ab101957c8eddffd3d18cb805507bed707b0e306d3b433,2026-08-01T09:32:33+00:00,2994,378,162,67,6.569,182.60000000000002,37,fit:80de1342a3e9944829ab101957c8eddffd3d18cb805507bed707b0e306d3b433:segment:011,11,19441.0,18321,activities/108_260801060832.csv,1,1,0,0
fit:80de1342a3e9944829ab101957c8eddffd3d18cb805507bed707b0e306d3b433,2026-08-01T09:32:34+00:00,2995,342,162,71,7.02,182.60000000000002,37,fit:80de1342a3e9944829ab101957c8eddffd3d18cb805507bed707b0e306d3b433:segment:011,11,19442.0,18322,activities/108_260801060832.csv,1,1,0,0
fit:80de1342a3e9944829ab101957c8eddffd3d18cb805507bed707b0e306d3b433,2026-08-01T09:32:35+00:00,2996,416,162,76,7.591,182.60000000000002,37,fit:80de1342a3e9944829ab101957c8eddffd3d18cb805507bed707b0e306d3b433:segment:011,11,19443.0,18323,activities/108_260801060832.csv,1,1,0,0
fit:80de1342a3e9944829ab101957c8eddffd3d18cb805507bed707b0e306d3b433,2026-08-01T09:32:36+00:00,2997,416,162,80,7.919,182.60000000000002,37,fit:80de1342a3e9944829ab101957c8eddffd3d18cb805507bed707b0e306d3b433:segment:011,11,19444.0,18324,activities/108_260801060832.csv,1,1,0,0
fit:80de1342a3e9944829ab101957c8eddffd3d18cb805507bed707b0e306d3b433,2026-08-01T09:32:37+00:00,2998,412,162,82,8.185,181.60000000000002,37,fit:80de1342a3e9944829ab101957c8eddffd3d18cb805507bed707b0e306d3b433:segment:011,11,19445.0,18325,activities/108_260801060832.csv,1,1,0,0
fit:80de1342a3e9944829ab101957c8eddffd3d18cb805507bed707b0e306d3b433,2026-08-01T09:32:38+00:00,2999,108,163,85,8.791,181.60000000000002,37,fit:80de1342a3e9944829ab101957c8eddffd3d18cb805507bed707b0e306d3b433:segment:011,11,19446.0,18326,activities/108_260801060832.csv,1,1,0,0
fit:80de1342a3e9944829ab101957c8eddffd3d18cb805507bed707b0e306d3b433,2026-08-01T09:32:39+00:00,3000,108,163,52,9.348,181.60000000000002,37,fit:80de1342a3e9944829ab101957c8eddffd3d18cb805507bed707b0e306d3b433:segment:011,11,19447.0,18327,activities/108_260801060832.csv,1,1,0,0
fit:80de1342a3e9944829ab101957c8eddffd3d18cb805507bed707b0e306d3b433,2026-08-01T09:32:40+00:00,3001,152,164,87,9.456,181.20000000000005,37,fit:80de1342a3e9944829ab101957c8eddffd3d18cb805507bed707b0e306d3b433:segment:011,11,19448.0,18328,activities/108_260801060832.csv,1,1,0,0
fit:80de1342a3e9944829ab101957c8eddffd3d18cb805507bed707b0e306d3b433,2026-08-01T09:32:41+00:00,3002,244,165,87,9.582,181.39999999999998,37,fit:80de1342a3e9944829ab101957c8eddffd3d18cb805507bed707b0e306d3b433:segment:011,11,19449.0,18329,activities/108_260801060832.csv,1,1,0,0
fit:80de1342a3e9944829ab101957c8eddffd3d18cb805507bed707b0e306d3b433,2026-08-01T09:32:42+00:00,3003,153,166,88,9.706,181.39999999999998,37,fit:80de1342a3e9944829ab101957c8eddffd3d18cb805507bed707b0e306d3b433:segment:011,11,19450.0,18330,activities/108_260801060832.csv,1,1,0,0
fit:80de1342a3e9944829ab101957c8eddffd3d18cb805507bed707b0e306d3b433,2026-08-01T09:32:43+00:00,3004,133,166,90,9.773,181.39999999999998,37,fit:80de1342a3e9944829ab101957c8eddffd3d18cb805507bed707b0e306d3b433:segment:011,11,19451.0,18331,activities/108_260801060832.csv,1,1,0,0
fit:80de1342a3e9944829ab101957c8eddffd3d18cb805507bed707b0e306d3b433,2026-08-01T09:32:44+00:00,3005,137,166,90,9.846,181.0,37,fit:80de1342a3e9944829ab101957c8eddffd3d18cb805507bed707b0e306d3b433:segment:011,11,19452.0,18332,activities/108_260801060832.csv,1,1,0,0
fit:80de1342a3e9944829ab101957c8eddffd3d18cb805507bed707b0e306d3b433,2026-08-01T09:32:45+00:00,3006,128,167,92,9.946,181.39999999999998,37,fit:80de1342a3e9944829ab101957c8eddffd3d18cb805507bed707b0e306d3b433:segment:011,11,19453.0,18333,activities/108_260801060832.csv,1,1,0,0
fit:80de1342a3e9944829ab101957c8eddffd3d18cb805507bed707b0e306d3b433,2026-08-01T09:32:46+00:00,3007,117,167,92,10.075,181.39999999999998,37,fit:80de1342a3e9944829ab101957c8eddffd3d18cb805507bed707b0e306d3b433:segment:011,11,19454.0,18334,activities/108_260801060832.csv,1,1,0,0
fit:80de1342a3e9944829ab101957c8eddffd3d18cb805507bed707b0e306d3b433,2026-08-01T09:32:47+00:00,3008,134,166,92,10.191,181.39999999999998,37,fit:80de1342a3e9944829ab101957c8eddffd3d18cb805507bed707b0e306d3b433:segment:011,11,19455.0,18335,activities/108_260801060832.csv,1,1,0,0
fit:80de1342a3e9944829ab101957c8eddffd3d18cb805507bed707b0e306d3b433,2026-08-01T09:32:48+00:00,3009,135,166,93,10.355,181.39999999999998,37,fit:80de1342a3e9944829ab101957c8eddffd3d18cb805507bed707b0e306d3b433:segment:011,11,19456.0,18336,activities/108_260801060832.csv,1,1,0,0
fit:80de1342a3e9944829ab101957c8eddffd3d18cb805507bed707b0e306d3b433,2026-08-01T09:32:49+00:00,3010,101,166,94,10.372,181.39999999999998,37,fit:80de1342a3e9944829ab101957c8eddffd3d18cb805507bed707b0e306d3b433:segment:011,11,19457.0,18337,activities/108_260801060832.csv,1,1,0,0
fit:80de1342a3e9944829ab101957c8eddffd3d18cb805507bed707b0e306d3b433,2026-08-01T09:32:50+00:00,3011,104,166,96,10.455,181.39999999999998,37,fit:80de1342a3e9944829ab101957c8eddffd3d18cb805507bed707b0e306d3b433:segment:011,11,19458.0,18338,activities/108_260801060832.csv,1,1,0,0
fit:80de1342a3e9944829ab101957c8eddffd3d18cb805507bed707b0e306d3b433,2026-08-01T09:32:51+00:00,3012,104,166,96,10.475,181.39999999999998,37,fit:80de1342a3e9944829ab101957c8eddffd3d18cb805507bed707b0e306d3b433:segment:011,11,19459.0,18339,activities/108_260801060832.csv,1,1,0,0
fit:80de1342a3e9944829ab101957c8eddffd3d18cb805507bed707b0e306d3b433,2026-08-01T09:32:52+00:00,3013,145,166,96,10.557,180.39999999999998,37,fit:80de1342a3e9944829ab101957c8eddffd3d18cb805507bed707b0e306d3b433:segment:011,11,19460.0,18340,activities/108_260801060832.csv,1,1,0,0
fit:80de1342a3e9944829ab101957c8eddffd3d18cb805507bed707b0e306d3b433,2026-08-01T09:32:53+00:00,3014,125,166,98,10.656,179.0,37,fit:80de1342a3e9944829ab101957c8eddffd3d18cb805507bed707b0e306d3b433:segment:011,11,19461.0,18341,activities/108_260801060832.csv,1,1,0,0
fit:80de1342a3e9944829ab101957c8eddffd3d18cb805507bed707b0e306d3b433,2026-08-01T09:32:54+00:00,3015,118,166,98,10.757,179.0,37,fit:80de1342a3e9944829ab101957c8eddffd3d18cb805507bed707b0e306d3b433:segment:011,11,19462.0,18342,activities/108_260801060832.csv,1,1,0,0
fit:80de1342a3e9944829ab101957c8eddffd3d18cb805507bed707b0e306d3b433,2026-08-01T09:32:55+00:00,3016,137,166,99,10.853,179.0,37,fit:80de1342a3e9944829ab101957c8eddffd3d18cb805507bed707b0e306d3b433:segment:011,11,19463.0,18343,activities/108_260801060832.csv,1,1,0,0
fit:80de1342a3e9944829ab101957c8eddffd3d18cb805507bed707b0e306d3b433,2026-08-01T09:32:56+00:00,3017,138,166,99,10.955,179.20000000000005,37,fit:80de1342a3e9944829ab101957c8eddffd3d18cb805507bed707b0e306d3b433:segment:011,11,19464.0,18344,activities/108_260801060832.csv,1,1,0,0
fit:80de1342a3e9944829ab101957c8eddffd3d18cb805507bed707b0e306d3b433,2026-08-01T09:32:57+00:00,3018,148,166,99,11.01,179.39999999999998,37,fit:80de1342a3e9944829ab101957c8eddffd3d18cb805507bed707b0e306d3b433:segment:011,11,19465.0,18345,activities/108_260801060832.csv,1,1,0,0
fit:80de1342a3e9944829ab101957c8eddffd3d18cb805507bed707b0e306d3b433,2026-08-01T09:32:58+00:00,3019,141,166,88,10.994,179.39999999999998,37,fit:80de1342a3e9944829ab101957c8eddffd3d18cb805507bed707b0e306d3b433:segment:011,11,19466.0,18346,activities/108_260801060832.csv,1,1,0,0
fit:80de1342a3e9944829ab101957c8eddffd3d18cb805507bed707b0e306d3b433,2026-08-01T09:32:59+00:00,3020,137,166,88,11.031,179.39999999999998,37,fit:80de1342a3e9944829ab101957c8eddffd3d18cb805507bed707b0e306d3b433:segment:011,11,19467.0,18347,activities/108_260801060832.csv,1,1,0,0
fit:80de1342a3e9944829ab101957c8eddffd3d18cb805507bed707b0e306d3b433,2026-08-01T09:33:00+00:00,3021,120,166,89,11.091,178.39999999999998,37,fit:80de1342a3e9944829ab101957c8eddffd3d18cb805507bed707b0e306d3b433:segment:011,11,19468.0,18348,activities/108_260801060832.csv,1,1,0,0
fit:80de1342a3e9944829ab101957c8eddffd3d18cb805507bed707b0e306d3b433,2026-08-01T09:33:01+00:00,3022,155,166,89,11.164,178.20000000000005,37,fit:80de1342a3e9944829ab101957c8eddffd3d18cb805507bed707b0e306d3b433:segment:011,11,19469.0,18349,activities/108_260801060832.csv,1,1,0,0
fit:80de1342a3e9944829ab101957c8eddffd3d18cb805507bed707b0e306d3b433,2026-08-01T09:33:02+00:00,3023,161,166,90,11.186,178.20000000000005,37,fit:80de1342a3e9944829ab101957c8eddffd3d18cb805507bed707b0e306d3b433:segment:011,11,19470.0,18350,activities/108_260801060832.csv,1,1,0,0
fit:80de1342a3e9944829ab101957c8eddffd3d18cb805507bed707b0e306d3b433,2026-08-01T09:33:03+00:00,3024,158,165,90,11.215,178.20000000000005,37,fit:80de1342a3e9944829ab101957c8eddffd3d18cb805507bed707b0e306d3b433:segment:011,11,19471.0,18351,activities/108_260801060832.csv,1,1,0,0
fit:80de1342a3e9944829ab101957c8eddffd3d18cb805507bed707b0e306d3b433,2026-08-01T09:33:04+00:00,3025,147,165,91,11.228,177.79999999999995,37,fit:80de1342a3e9944829ab101957c8eddffd3d18cb805507bed707b0e306d3b433:segment:011,11,19472.0,18352,activities/108_260801060832.csv,1,1,0,0
fit:80de1342a3e9944829ab101957c8eddffd3d18cb805507bed707b0e306d3b433,2026-08-01T09:33:05+00:00,3026,147,164,91,11.267,177.60000000000002,37,fit:80de1342a3e9944829ab101957c8eddffd3d18cb805507bed707b0e306d3b433:segment:011,11,19473.0,18353,activities/108_260801060832.csv,1,1,0,0
fit:80de1342a3e9944829ab101957c8eddffd3d18cb805507bed707b0e306d3b433,2026-08-01T09:33:06+00:00,3027,164,164,91,11.274,177.60000000000002,37,fit:80de1342a3e9944829ab101957c8eddffd3d18cb805507bed707b0e306d3b433:segment:011,11,19474.0,18354,activities/108_260801060832.csv,1,1,0,0
fit:80de1342a3e9944829ab101957c8eddffd3d18cb805507bed707b0e306d3b433,2026-08-01T09:33:07+00:00,3028,223,163,91,11.349,177.60000000000002,37,fit:80de1342a3e9944829ab101957c8eddffd3d18cb805507bed707b0e306d3b433:segment:011,11,19475.0,18355,activities/108_260801060832.csv,1,1,0,0
fit:80de1342a3e9944829ab101957c8eddffd3d18cb805507bed707b0e306d3b433,2026-08-01T09:33:08+00:00,3029,236,163,92,11.386,176.60000000000002,37,fit:80de1342a3e9944829ab101957c8eddffd3d18cb805507bed707b0e306d3b433:segment:011,11,19476.0,18356,activities/108_260801060832.csv,1,1,0,0
fit:80de1342a3e9944829ab101957c8eddffd3d18cb805507bed707b0e306d3b433,2026-08-01T09:33:09+00:00,3030,255,162,92,11.407,176.79999999999995,37,fit:80de1342a3e9944829ab101957c8eddffd3d18cb805507bed707b0e306d3b433:segment:011,11,19477.0,18357,activities/108_260801060832.csv,1,1,0,0
fit:80de1342a3e9944829ab101957c8eddffd3d18cb805507bed707b0e306d3b433,2026-08-01T09:33:10+00:00,3031,209,162,93,11.473,176.79999999999995,37,fit:80de1342a3e9944829ab101957c8eddffd3d18cb805507bed707b0e306d3b433:segment:011,11,19478.0,18358,activities/108_260801060832.csv,1,1,0,0
fit:80de1342a3e9944829ab101957c8eddffd3d18cb805507bed707b0e306d3b433,2026-08-01T09:33:11+00:00,3032,177,162,93,11.494,176.79999999999995,37,fit:80de1342a3e9944829ab101957c8eddffd3d18cb805507bed707b0e306d3b433:segment:011,11,19479.0,18359,activities/108_260801060832.csv,1,1,0,0
fit:80de1342a3e9944829ab101957c8eddffd3d18cb805507bed707b0e306d3b433,2026-08-01T09:33:12+00:00,3033,171,162,93,11.578,176.20000000000005,37,fit:80de1342a3e9944829ab101957c8eddffd3d18cb805507bed707b0e306d3b433:segment:011,11,19480.0,18360,activities/108_260801060832.csv,1,1,0,0
fit:80de1342a3e9944829ab101957c8eddffd3d18cb805507bed707b0e306d3b433,2026-08-01T09:33:13+00:00,3034,174,162,93,11.676,176.20000000000005,37,fit:80de1342a3e9944829ab101957c8eddffd3d18cb805507bed707b0e306d3b433:segment:011,11,19481.0,18361,activities/108_260801060832.csv,1,1,0,0
fit:80de1342a3e9944829ab101957c8eddffd3d18cb805507bed707b0e306d3b433,2026-08-01T09:33:14+00:00,3035,169,162,93,11.7,176.20000000000005,37,fit:80de1342a3e9944829ab101957c8eddffd3d18cb805507bed707b0e306d3b433:segment:011,11,19482.0,18362,activities/108_260801060832.csv,1,1,0,0
fit:80de1342a3e9944829ab101957c8eddffd3d18cb805507bed707b0e306d3b433,2026-08-01T09:33:15+00:00,3036,180,162,93,11.689,176.20000000000005,37,fit:80de1342a3e9944829ab101957c8eddffd3d18cb805507bed707b0e306d3b433:segment:011,11,19483.0,18363,activities/108_260801060832.csv,1,1,0,0
fit:80de1342a3e9944829ab101957c8eddffd3d18cb805507bed707b0e306d3b433,2026-08-01T09:33:16+00:00,3037,170,162,93,11.629,176.20000000000005,37,fit:80de1342a3e9944829ab101957c8eddffd3d18cb805507bed707b0e306d3b433:segment:011,11,19484.0,18364,activities/108_260801060832.csv,1,1,0,0
fit:80de1342a3e9944829ab101957c8eddffd3d18cb805507bed707b0e306d3b433,2026-08-01T09:33:17+00:00,3038,199,162,91,11.472,174.79999999999995,37,fit:80de1342a3e9944829ab101957c8eddffd3d18cb805507bed707b0e306d3b433:segment:011,11,19485.0,18365,activities/108_260801060832.csv,1,1,0,0
fit:80de1342a3e9944829ab101957c8eddffd3d18cb805507bed707b0e306d3b433,2026-08-01T09:33:18+00:00,3039,200,162,91,11.361,174.79999999999995,37,fit:80de1342a3e9944829ab101957c8eddffd3d18cb805507bed707b0e306d3b433:segment:011,11,19486.0,18366,activities/108_260801060832.csv,1,1,0,0
fit:80de1342a3e9944829ab101957c8eddffd3d18cb805507bed707b0e306d3b433,2026-08-01T09:33:19+00:00,3040,216,161,89,11.11,174.79999999999995,37,fit:80de1342a3e9944829ab101957c8eddffd3d18cb805507bed707b0e306d3b433:segment:011,11,19487.0,18367,activities/108_260801060832.csv,1,1,0,0
fit:80de1342a3e9944829ab101957c8eddffd3d18cb805507bed707b0e306d3b433,2026-08-01T09:33:20+00:00,3041,219,160,88,11.009,174.79999999999995,37,fit:80de1342a3e9944829ab101957c8eddffd3d18cb805507bed707b0e306d3b433:segment:011,11,19488.0,18368,activities/108_260801060832.csv,1,1,0,0
fit:80de1342a3e9944829ab101957c8eddffd3d18cb805507bed707b0e306d3b433,2026-08-01T09:33:21+00:00,3042,216,160,87,10.981,174.79999999999995,37,fit:80de1342a3e9944829ab101957c8eddffd3d18cb805507bed707b0e306d3b433:segment:011,11,19489.0,18369,activities/108_260801060832.csv,1,1,0,0
fit:80de1342a3e9944829ab101957c8eddffd3d18cb805507bed707b0e306d3b433,2026-08-01T09:33:22+00:00,3043,206,160,87,10.955,174.79999999999995,37,fit:80de1342a3e9944829ab101957c8eddffd3d18cb805507bed707b0e306d3b433:segment:011,11,19490.0,18370,activities/108_260801060832.csv,1,1,0,0
fit:80de1342a3e9944829ab101957c8eddffd3d18cb805507bed707b0e306d3b433,2026-08-01T09:33:23+00:00,3044,212,160,87,10.941,174.79999999999995,37,fit:80de1342a3e9944829ab101957c8eddffd3d18cb805507bed707b0e306d3b433:segment:011,11,19491.0,18371,activities/108_260801060832.csv,1,1,0,0
fit:80de1342a3e9944829ab101957c8eddffd3d18cb805507bed707b0e306d3b433,2026-08-01T09:33:24+00:00,3045,220,160,86,10.902,175.79999999999995,37,fit:80de1342a3e9944829ab101957c8eddffd3d18cb805507bed707b0e306d3b433:segment:011,11,19492.0,18372,activities/108_260801060832.csv,1,1,0,0
fit:80de1342a3e9944829ab101957c8eddffd3d18cb805507bed707b0e306d3b433,2026-08-01T09:33:25+00:00,3046,182,160,88,10.877,176.0,37,fit:80de1342a3e9944829ab101957c8eddffd3d18cb805507bed707b0e306d3b433:segment:011,11,19493.0,18373,activities/108_260801060832.csv,1,1,0,0
fit:80de1342a3e9944829ab101957c8eddffd3d18cb805507bed707b0e306d3b433,2026-08-01T09:33:26+00:00,3047,246,160,97,10.852,176.0,37,fit:80de1342a3e9944829ab101957c8eddffd3d18cb805507bed707b0e306d3b433:segment:011,11,19494.0,18374,activities/108_260801060832.csv,1,1,0,0
fit:80de1342a3e9944829ab101957c8eddffd3d18cb805507bed707b0e306d3b433,2026-08-01T09:33:27+00:00,3048,211,160,96,10.737,176.0,37,fit:80de1342a3e9944829ab101957c8eddffd3d18cb805507bed707b0e306d3b433:segment:011,11,19495.0,18375,activities/108_260801060832.csv,1,1,0,0
fit:80de1342a3e9944829ab101957c8eddffd3d18cb805507bed707b0e306d3b433,2026-08-01T09:33:28+00:00,3049,217,160,95,10.598,176.0,37,fit:80de1342a3e9944829ab101957c8eddffd3d18cb805507bed707b0e306d3b433:segment:011,11,19496.0,18376,activities/108_260801060832.csv,1,1,0,0
fit:80de1342a3e9944829ab101957c8eddffd3d18cb805507bed707b0e306d3b433,2026-08-01T09:33:29+00:00,3050,262,160,95,10.494,176.20000000000005,37,fit:80de1342a3e9944829ab101957c8eddffd3d18cb805507bed707b0e306d3b433:segment:011,11,19497.0,18377,activities/108_260801060832.csv,1,1,0,0
fit:80de1342a3e9944829ab101957c8eddffd3d18cb805507bed707b0e306d3b433,2026-08-01T09:33:30+00:00,3051,235,160,95,10.566,176.20000000000005,37,fit:80de1342a3e9944829ab101957c8eddffd3d18cb805507bed707b0e306d3b433:segment:011,11,19498.0,18378,activities/108_260801060832.csv,1,1,0,0
fit:80de1342a3e9944829ab101957c8eddffd3d18cb805507bed707b0e306d3b433,2026-08-01T09:33:31+00:00,3052,219,160,95,10.596,176.20000000000005,37,fit:80de1342a3e9944829ab101957c8eddffd3d18cb805507bed707b0e306d3b433:segment:011,11,19499.0,18379,activities/108_260801060832.csv,1,1,0,0
fit:80de1342a3e9944829ab101957c8eddffd3d18cb805507bed707b0e306d3b433,2026-08-01T09:33:32+00:00,3053,220,160,95,10.544,176.60000000000002,37,fit:80de1342a3e9944829ab101957c8eddffd3d18cb805507bed707b0e306d3b433:segment:011,11,19500.0,18380,activities/108_260801060832.csv,1,1,0,0
fit:80de1342a3e9944829ab101957c8eddffd3d18cb805507bed707b0e306d3b433,2026-08-01T09:33:33+00:00,3054,225,160,95,10.456,176.39999999999998,37,fit:80de1342a3e9944829ab101957c8eddffd3d18cb805507bed707b0e306d3b433:segment:011,11,19501.0,18381,activities/108_260801060832.csv,1,1,0,0
fit:80de1342a3e9944829ab101957c8eddffd3d18cb805507bed707b0e306d3b433,2026-08-01T09:33:34+00:00,3055,220,161,95,10.37,176.39999999999998,37,fit:80de1342a3e9944829ab101957c8eddffd3d18cb805507bed707b0e306d3b433:segment:011,11,19502.0,18382,activities/108_260801060832.csv,1,1,0,0
fit:80de1342a3e9944829ab101957c8eddffd3d18cb805507bed707b0e306d3b433,2026-08-01T09:33:35+00:00,3056,233,161,94,10.434,176.39999999999998,37,fit:80de1342a3e9944829ab101957c8eddffd3d18cb805507bed707b0e306d3b433:segment:011,11,19503.0,18383,activities/108_260801060832.csv,1,1,0,0
fit:80de1342a3e9944829ab101957c8eddffd3d18cb805507bed707b0e306d3b433,2026-08-01T09:33:36+00:00,3057,232,162,94,10.386,176.79999999999995,37,fit:80de1342a3e9944829ab101957c8eddffd3d18cb805507bed707b0e306d3b433:segment:011,11,19504.0,18384,activities/108_260801060832.csv,1,1,0,0
fit:80de1342a3e9944829ab101957c8eddffd3d18cb805507bed707b0e306d3b433,2026-08-01T09:33:37+00:00,3058,262,163,94,10.383,177.20000000000005,37,fit:80de1342a3e9944829ab101957c8eddffd3d18cb805507bed707b0e306d3b433:segment:011,11,19505.0,18385,activities/108_260801060832.csv,1,1,0,0
fit:80de1342a3e9944829ab101957c8eddffd3d18cb805507bed707b0e306d3b433,2026-08-01T09:33:38+00:00,3059,284,163,94,10.332,177.20000000000005,37,fit:80de1342a3e9944829ab101957c8eddffd3d18cb805507bed707b0e306d3b433:segment:011,11,19506.0,18386,activities/108_260801060832.csv,1,1,0,0
fit:80de1342a3e9944829ab101957c8eddffd3d18cb805507bed707b0e306d3b433,2026-08-01T09:33:39+00:00,3060,270,164,94,10.305,177.20000000000005,37,fit:80de1342a3e9944829ab101957c8eddffd3d18cb805507bed707b0e306d3b433:segment:011,11,19507.0,18387,activities/108_260801060832.csv,1,1,0,0
fit:80de1342a3e9944829ab101957c8eddffd3d18cb805507bed707b0e306d3b433,2026-08-01T09:33:40+00:00,3061,258,164,94,10.272,176.79999999999995,37,fit:80de1342a3e9944829ab101957c8eddffd3d18cb805507bed707b0e306d3b433:segment:011,11,19508.0,18388,activities/108_260801060832.csv,1,1,0,0
fit:80de1342a3e9944829ab101957c8eddffd3d18cb805507bed707b0e306d3b433,2026-08-01T09:33:41+00:00,3062,228,164,94,10.324,176.20000000000005,37,fit:80de1342a3e9944829ab101957c8eddffd3d18cb805507bed707b0e306d3b433:segment:011,11,19509.0,18389,activities/108_260801060832.csv,1,1,0,0
fit:80de1342a3e9944829ab101957c8eddffd3d18cb805507bed707b0e306d3b433,2026-08-01T09:33:42+00:00,3063,271,165,94,10.396,176.20000000000005,37,fit:80de1342a3e9944829ab101957c8eddffd3d18cb805507bed707b0e306d3b433:segment:011,11,19510.0,18390,activities/108_260801060832.csv,1,1,0,0
fit:80de1342a3e9944829ab101957c8eddffd3d18cb805507bed707b0e306d3b433,2026-08-01T09:33:43+00:00,3064,253,165,93,10.375,176.20000000000005,37,fit:80de1342a3e9944829ab101957c8eddffd3d18cb805507bed707b0e306d3b433:segment:011,11,19511.0,18391,activities/108_260801060832.csv,1,1,0,0
fit:80de1342a3e9944829ab101957c8eddffd3d18cb805507bed707b0e306d3b433,2026-08-01T09:33:44+00:00,3065,220,165,92,10.372,176.79999999999995,37,fit:80de1342a3e9944829ab101957c8eddffd3d18cb805507bed707b0e306d3b433:segment:011,11,19512.0,18392,activities/108_260801060832.csv,1,1,0,0
fit:80de1342a3e9944829ab101957c8eddffd3d18cb805507bed707b0e306d3b433,2026-08-01T09:33:45+00:00,3066,231,166,92,10.312,178.0,37,fit:80de1342a3e9944829ab101957c8eddffd3d18cb805507bed707b0e306d3b433:segment:011,11,19513.0,18393,activities/108_260801060832.csv,1,1,0,0
fit:80de1342a3e9944829ab101957c8eddffd3d18cb805507bed707b0e306d3b433,2026-08-01T09:33:46+00:00,3067,250,167,91,10.163,178.0,37,fit:80de1342a3e9944829ab101957c8eddffd3d18cb805507bed707b0e306d3b433:segment:011,11,19514.0,18394,activities/108_260801060832.csv,1,1,0,0
fit:80de1342a3e9944829ab101957c8eddffd3d18cb805507bed707b0e306d3b433,2026-08-01T09:33:47+00:00,3068,250,167,91,10.041,178.0,37,fit:80de1342a3e9944829ab101957c8eddffd3d18cb805507bed707b0e306d3b433:segment:011,11,19515.0,18395,activities/108_260801060832.csv,1,1,0,0
fit:80de1342a3e9944829ab101957c8eddffd3d18cb805507bed707b0e306d3b433,2026-08-01T09:33:48+00:00,3069,258,168,90,9.88,178.0,37,fit:80de1342a3e9944829ab101957c8eddffd3d18cb805507bed707b0e306d3b433:segment:011,11,19516.0,18396,activities/108_260801060832.csv,1,1,0,0
fit:80de1342a3e9944829ab101957c8eddffd3d18cb805507bed707b0e306d3b433,2026-08-01T09:33:49+00:00,3070,236,168,89,9.731,179.20000000000005,37,fit:80de1342a3e9944829ab101957c8eddffd3d18cb805507bed707b0e306d3b433:segment:011,11,19517.0,18397,activities/108_260801060832.csv,1,1,0,0
fit:80de1342a3e9944829ab101957c8eddffd3d18cb805507bed707b0e306d3b433,2026-08-01T09:33:50+00:00,3071,234,169,87,9.684,179.20000000000005,37,fit:80de1342a3e9944829ab101957c8eddffd3d18cb805507bed707b0e306d3b433:segment:011,11,19518.0,18398,activities/108_260801060832.csv,1,1,0,0
fit:80de1342a3e9944829ab101957c8eddffd3d18cb805507bed707b0e306d3b433,2026-08-01T09:33:51+00:00,3072,239,170,85,9.559,179.20000000000005,37,fit:80de1342a3e9944829ab101957c8eddffd3d18cb805507bed707b0e306d3b433:segment:011,11,19519.0,18399,activities/108_260801060832.csv,1,1,0,0
fit:80de1342a3e9944829ab101957c8eddffd3d18cb805507bed707b0e306d3b433,2026-08-01T09:33:52+00:00,3073,239,170,85,9.46,178.79999999999995,37,fit:80de1342a3e9944829ab101957c8eddffd3d18cb805507bed707b0e306d3b433:segment:011,11,19520.0,18400,activities/108_260801060832.csv,1,1,0,0
fit:80de1342a3e9944829ab101957c8eddffd3d18cb805507bed707b0e306d3b433,2026-08-01T09:33:53+00:00,3074,226,170,84,9.363,179.0,37,fit:80de1342a3e9944829ab101957c8eddffd3d18cb805507bed707b0e306d3b433:segment:011,11,19521.0,18401,activities/108_260801060832.csv,1,1,0,0
fit:80de1342a3e9944829ab101957c8eddffd3d18cb805507bed707b0e306d3b433,2026-08-01T09:33:54+00:00,3075,232,170,83,9.24,179.0,37,fit:80de1342a3e9944829ab101957c8eddffd3d18cb805507bed707b0e306d3b433:segment:011,11,19522.0,18402,activities/108_260801060832.csv,1,1,0,0
fit:80de1342a3e9944829ab101957c8eddffd3d18cb805507bed707b0e306d3b433,2026-08-01T09:33:55+00:00,3076,205,170,82,9.095,179.0,37,fit:80de1342a3e9944829ab101957c8eddffd3d18cb805507bed707b0e306d3b433:segment:011,11,19523.0,18403,activities/108_260801060832.csv,1,1,0,0
fit:80de1342a3e9944829ab101957c8eddffd3d18cb805507bed707b0e306d3b433,2026-08-01T09:33:56+00:00,3077,227,170,82,9.061,179.0,37,fit:80de1342a3e9944829ab101957c8eddffd3d18cb805507bed707b0e306d3b433:segment:011,11,19524.0,18404,activities/108_260801060832.csv,1,1,0,0
fit:80de1342a3e9944829ab101957c8eddffd3d18cb805507bed707b0e306d3b433,2026-08-01T09:33:57+00:00,3078,227,171,81,8.99,179.0,37,fit:80de1342a3e9944829ab101957c8eddffd3d18cb805507bed707b0e306d3b433:segment:011,11,19525.0,18405,activities/108_260801060832.csv,1,1,0,0
fit:80de1342a3e9944829ab101957c8eddffd3d18cb805507bed707b0e306d3b433,2026-08-01T09:33:58+00:00,3079,197,171,80,8.845,179.0,37,fit:80de1342a3e9944829ab101957c8eddffd3d18cb805507bed707b0e306d3b433:segment:011,11,19526.0,18406,activities/108_260801060832.csv,1,1,0,0
fit:80de1342a3e9944829ab101957c8eddffd3d18cb805507bed707b0e306d3b433,2026-08-01T09:33:59+00:00,3080,196,171,79,8.745,179.0,37,fit:80de1342a3e9944829ab101957c8eddffd3d18cb805507bed707b0e306d3b433:segment:011,11,19527.0,18407,activities/108_260801060832.csv,1,1,0,0
fit:80de1342a3e9944829ab101957c8eddffd3d18cb805507bed707b0e306d3b433,2026-08-01T09:34:00+00:00,3081,202,171,79,8.738,179.0,37,fit:80de1342a3e9944829ab101957c8eddffd3d18cb805507bed707b0e306d3b433:segment:011,11,19528.0,18408,activities/108_260801060832.csv,1,1,0,0
fit:80de1342a3e9944829ab101957c8eddffd3d18cb805507bed707b0e306d3b433,2026-08-01T09:34:01+00:00,3082,134,171,78,8.673,179.60000000000002,37,fit:80de1342a3e9944829ab101957c8eddffd3d18cb805507bed707b0e306d3b433:segment:011,11,19529.0,18409,activities/108_260801060832.csv,1,1,0,0
fit:80de1342a3e9944829ab101957c8eddffd3d18cb805507bed707b0e306d3b433,2026-08-01T09:34:02+00:00,3083,135,171,77,8.587,179.60000000000002,37,fit:80de1342a3e9944829ab101957c8eddffd3d18cb805507bed707b0e306d3b433:segment:011,11,19530.0,18410,activities/108_260801060832.csv,1,1,0,0
fit:80de1342a3e9944829ab101957c8eddffd3d18cb805507bed707b0e306d3b433,2026-08-01T09:34:03+00:00,3084,136,171,76,8.422,179.60000000000002,37,fit:80de1342a3e9944829ab101957c8eddffd3d18cb805507bed707b0e306d3b433:segment:011,11,19531.0,18411,activities/108_260801060832.csv,1,1,0,0
fit:80de1342a3e9944829ab101957c8eddffd3d18cb805507bed707b0e306d3b433,2026-08-01T09:34:04+00:00,3085,155,170,76,8.342,180.0,37,fit:80de1342a3e9944829ab101957c8eddffd3d18cb805507bed707b0e306d3b433:segment:011,11,19532.0,18412,activities/108_260801060832.csv,1,1,0,0
fit:80de1342a3e9944829ab101957c8eddffd3d18cb805507bed707b0e306d3b433,2026-08-01T09:34:05+00:00,3086,207,170,76,8.331,180.39999999999998,37,fit:80de1342a3e9944829ab101957c8eddffd3d18cb805507bed707b0e306d3b433:segment:011,11,19533.0,18413,activities/108_260801060832.csv,1,1,0,0
fit:80de1342a3e9944829ab101957c8eddffd3d18cb805507bed707b0e306d3b433,2026-08-01T09:34:06+00:00,3087,232,170,76,8.359,180.39999999999998,37,fit:80de1342a3e9944829ab101957c8eddffd3d18cb805507bed707b0e306d3b433:segment:011,11,19534.0,18414,activities/108_260801060832.csv,1,1,0,0
fit:80de1342a3e9944829ab101957c8eddffd3d18cb805507bed707b0e306d3b433,2026-08-01T09:34:07+00:00,3088,256,169,77,8.489,180.39999999999998,37,fit:80de1342a3e9944829ab101957c8eddffd3d18cb805507bed707b0e306d3b433:segment:011,11,19535.0,18415,activities/108_260801060832.csv,1,1,0,0
fit:80de1342a3e9944829ab101957c8eddffd3d18cb805507bed707b0e306d3b433,2026-08-01T09:34:08+00:00,3089,243,169,79,8.546,180.60000000000002,37,fit:80de1342a3e9944829ab101957c8eddffd3d18cb805507bed707b0e306d3b433:segment:011,11,19536.0,18416,activities/108_260801060832.csv,1,1,0,0
fit:80de1342a3e9944829ab101957c8eddffd3d18cb805507bed707b0e306d3b433,2026-08-01T09:34:09+00:00,3090,243,168,79,8.721,181.0,37,fit:80de1342a3e9944829ab101957c8eddffd3d18cb805507bed707b0e306d3b433:segment:011,11,19537.0,18417,activities/108_260801060832.csv,1,1,0,0
fit:80de1342a3e9944829ab101957c8eddffd3d18cb805507bed707b0e306d3b433,2026-08-01T09:34:10+00:00,3091,282,168,80,8.813,181.0,37,fit:80de1342a3e9944829ab101957c8eddffd3d18cb805507bed707b0e306d3b433:segment:011,11,19538.0,18418,activities/108_260801060832.csv,1,1,0,0
fit:80de1342a3e9944829ab101957c8eddffd3d18cb805507bed707b0e306d3b433,2026-08-01T09:34:11+00:00,3092,273,168,80,8.753,181.0,37,fit:80de1342a3e9944829ab101957c8eddffd3d18cb805507bed707b0e306d3b433:segment:011,11,19539.0,18419,activities/108_260801060832.csv,1,1,0,0
fit:80de1342a3e9944829ab101957c8eddffd3d18cb805507bed707b0e306d3b433,2026-08-01T09:34:12+00:00,3093,240,168,80,8.839,180.60000000000002,37,fit:80de1342a3e9944829ab101957c8eddffd3d18cb805507bed707b0e306d3b433:segment:011,11,19540.0,18420,activities/108_260801060832.csv,1,1,0,0
fit:80de1342a3e9944829ab101957c8eddffd3d18cb805507bed707b0e306d3b433,2026-08-01T09:34:13+00:00,3094,240,168,81,8.947,181.39999999999998,37,fit:80de1342a3e9944829ab101957c8eddffd3d18cb805507bed707b0e306d3b433:segment:011,11,19541.0,18421,activities/108_260801060832.csv,1,1,0,0
fit:80de1342a3e9944829ab101957c8eddffd3d18cb805507bed707b0e306d3b433,2026-08-01T09:34:14+00:00,3095,263,168,81,8.876,181.39999999999998,37,fit:80de1342a3e9944829ab101957c8eddffd3d18cb805507bed707b0e306d3b433:segment:011,11,19542.0,18422,activities/108_260801060832.csv,1,1,0,0
fit:80de1342a3e9944829ab101957c8eddffd3d18cb805507bed707b0e306d3b433,2026-08-01T09:34:15+00:00,3096,245,168,81,8.854,181.39999999999998,37,fit:80de1342a3e9944829ab101957c8eddffd3d18cb805507bed707b0e306d3b433:segment:011,11,19543.0,18423,activities/108_260801060832.csv,1,1,0,0
fit:80de1342a3e9944829ab101957c8eddffd3d18cb805507bed707b0e306d3b433,2026-08-01T09:34:16+00:00,3097,245,168,81,8.932,181.39999999999998,37,fit:80de1342a3e9944829ab101957c8eddffd3d18cb805507bed707b0e306d3b433:segment:011,11,19544.0,18424,activities/108_260801060832.csv,1,1,0,0
fit:80de1342a3e9944829ab101957c8eddffd3d18cb805507bed707b0e306d3b433,2026-08-01T09:34:17+00:00,3098,242,169,81,8.926,181.20000000000005,37,fit:80de1342a3e9944829ab101957c8eddffd3d18cb805507bed707b0e306d3b433:segment:011,11,19545.0,18425,activities/108_260801060832.csv,1,1,0,0
fit:80de1342a3e9944829ab101957c8eddffd3d18cb805507bed707b0e306d3b433,2026-08-01T09:34:18+00:00,3099,205,169,81,8.872,181.20000000000005,37,fit:80de1342a3e9944829ab101957c8eddffd3d18cb805507bed707b0e306d3b433:segment:011,11,19546.0,18426,activities/108_260801060832.csv,1,1,0,0
fit:80de1342a3e9944829ab101957c8eddffd3d18cb805507bed707b0e306d3b433,2026-08-01T09:34:19+00:00,3100,150,169,80,8.857,181.20000000000005,37,fit:80de1342a3e9944829ab101957c8eddffd3d18cb805507bed707b0e306d3b433:segment:011,11,19547.0,18427,activities/108_260801060832.csv,1,1,0,0
fit:80de1342a3e9944829ab101957c8eddffd3d18cb805507bed707b0e306d3b433,2026-08-01T09:34:20+00:00,3101,83,169,79,8.913,182.20000000000005,37,fit:80de1342a3e9944829ab101957c8eddffd3d18cb805507bed707b0e306d3b433:segment:011,11,19548.0,18428,activities/108_260801060832.csv,1,1,0,0
fit:80de1342a3e9944829ab101957c8eddffd3d18cb805507bed707b0e306d3b433,2026-08-01T09:34:21+00:00,3102,83,169,79,8.698,181.20000000000005,37,fit:80de1342a3e9944829ab101957c8eddffd3d18cb805507bed707b0e306d3b433:segment:011,11,19549.0,18429,activities/108_260801060832.csv,1,1,0,0
fit:80de1342a3e9944829ab101957c8eddffd3d18cb805507bed707b0e306d3b433,2026-08-01T09:34:22+00:00,3103,192,170,94,8.442,181.20000000000005,37,fit:80de1342a3e9944829ab101957c8eddffd3d18cb805507bed707b0e306d3b433:segment:011,11,19550.0,18430,activities/108_260801060832.csv,1,1,0,0
fit:80de1342a3e9944829ab101957c8eddffd3d18cb805507bed707b0e306d3b433,2026-08-01T09:34:23+00:00,3104,183,170,93,8.411,181.20000000000005,37,fit:80de1342a3e9944829ab101957c8eddffd3d18cb805507bed707b0e306d3b433:segment:011,11,19551.0,18431,activities/108_260801060832.csv,1,1,0,0
fit:80de1342a3e9944829ab101957c8eddffd3d18cb805507bed707b0e306d3b433,2026-08-01T09:34:24+00:00,3105,186,169,91,8.339,181.20000000000005,37,fit:80de1342a3e9944829ab101957c8eddffd3d18cb805507bed707b0e306d3b433:segment:011,11,19552.0,18432,activities/108_260801060832.csv,1,1,0,0
fit:80de1342a3e9944829ab101957c8eddffd3d18cb805507bed707b0e306d3b433,2026-08-01T09:34:25+00:00,3106,199,169,90,8.294,182.39999999999998,37,fit:80de1342a3e9944829ab101957c8eddffd3d18cb805507bed707b0e306d3b433:segment:011,11,19553.0,18433,activities/108_260801060832.csv,1,1,0,0
fit:80de1342a3e9944829ab101957c8eddffd3d18cb805507bed707b0e306d3b433,2026-08-01T09:34:26+00:00,3107,211,169,88,8.099,182.39999999999998,37,fit:80de1342a3e9944829ab101957c8eddffd3d18cb805507bed707b0e306d3b433:segment:011,11,19554.0,18434,activities/108_260801060832.csv,1,1,0,0
fit:80de1342a3e9944829ab101957c8eddffd3d18cb805507bed707b0e306d3b433,2026-08-01T09:34:27+00:00,3108,211,168,87,7.992,182.39999999999998,37,fit:80de1342a3e9944829ab101957c8eddffd3d18cb805507bed707b0e306d3b433:segment:011,11,19555.0,18435,activities/108_260801060832.csv,1,1,0,0
fit:80de1342a3e9944829ab101957c8eddffd3d18cb805507bed707b0e306d3b433,2026-08-01T09:34:28+00:00,3109,246,168,86,7.846,183.39999999999998,37,fit:80de1342a3e9944829ab101957c8eddffd3d18cb805507bed707b0e306d3b433:segment:011,11,19556.0,18436,activities/108_260801060832.csv,1,1,0,0
fit:80de1342a3e9944829ab101957c8eddffd3d18cb805507bed707b0e306d3b433,2026-08-01T09:34:29+00:00,3110,232,168,85,7.683,183.39999999999998,37,fit:80de1342a3e9944829ab101957c8eddffd3d18cb805507bed707b0e306d3b433:segment:011,11,19557.0,18437,activities/108_260801060832.csv,1,1,0,0
fit:80de1342a3e9944829ab101957c8eddffd3d18cb805507bed707b0e306d3b433,2026-08-01T09:34:30+00:00,3111,240,168,83,7.592,183.39999999999998,37,fit:80de1342a3e9944829ab101957c8eddffd3d18cb805507bed707b0e306d3b433:segment:011,11,19558.0,18438,activities/108_260801060832.csv,1,1,0,0
fit:80de1342a3e9944829ab101957c8eddffd3d18cb805507bed707b0e306d3b433,2026-08-01T09:34:31+00:00,3112,240,167,82,7.505,183.39999999999998,37,fit:80de1342a3e9944829ab101957c8eddffd3d18cb805507bed707b0e306d3b433:segment:011,11,19559.0,18439,activities/108_260801060832.csv,1,1,0,0
fit:80de1342a3e9944829ab101957c8eddffd3d18cb805507bed707b0e306d3b433,2026-08-01T09:34:32+00:00,3113,246,167,81,7.303,183.39999999999998,37,fit:80de1342a3e9944829ab101957c8eddffd3d18cb805507bed707b0e306d3b433:segment:011,11,19560.0,18440,activities/108_260801060832.csv,1,1,0,0
fit:80de1342a3e9944829ab101957c8eddffd3d18cb805507bed707b0e306d3b433,2026-08-01T09:34:33+00:00,3114,248,167,81,7.168,184.39999999999998,37,fit:80de1342a3e9944829ab101957c8eddffd3d18cb805507bed707b0e306d3b433:segment:011,11,19561.0,18441,activities/108_260801060832.csv,1,1,0,0
fit:80de1342a3e9944829ab101957c8eddffd3d18cb805507bed707b0e306d3b433,2026-08-01T09:34:34+00:00,3115,306,167,80,7.067,184.39999999999998,37,fit:80de1342a3e9944829ab101957c8eddffd3d18cb805507bed707b0e306d3b433:segment:011,11,19562.0,18442,activities/108_260801060832.csv,1,1,0,0
fit:80de1342a3e9944829ab101957c8eddffd3d18cb805507bed707b0e306d3b433,2026-08-01T09:34:35+00:00,3116,251,167,80,7.056,184.39999999999998,37,fit:80de1342a3e9944829ab101957c8eddffd3d18cb805507bed707b0e306d3b433:segment:011,11,19563.0,18443,activities/108_260801060832.csv,1,1,0,0
fit:80de1342a3e9944829ab101957c8eddffd3d18cb805507bed707b0e306d3b433,2026-08-01T09:34:36+00:00,3117,224,167,78,6.996,184.60000000000002,37,fit:80de1342a3e9944829ab101957c8eddffd3d18cb805507bed707b0e306d3b433:segment:011,11,19564.0,18444,activities/108_260801060832.csv,1,1,0,0
fit:80de1342a3e9944829ab101957c8eddffd3d18cb805507bed707b0e306d3b433,2026-08-01T09:34:37+00:00,3118,224,167,77,6.956,184.0,37,fit:80de1342a3e9944829ab101957c8eddffd3d18cb805507bed707b0e306d3b433:segment:011,11,19565.0,18445,activities/108_260801060832.csv,1,1,0,0
fit:80de1342a3e9944829ab101957c8eddffd3d18cb805507bed707b0e306d3b433,2026-08-01T09:34:38+00:00,3119,252,167,76,6.888,184.0,37,fit:80de1342a3e9944829ab101957c8eddffd3d18cb805507bed707b0e306d3b433:segment:011,11,19566.0,18446,activities/108_260801060832.csv,1,1,0,0
fit:80de1342a3e9944829ab101957c8eddffd3d18cb805507bed707b0e306d3b433,2026-08-01T09:34:39+00:00,3120,246,167,76,6.829,184.0,37,fit:80de1342a3e9944829ab101957c8eddffd3d18cb805507bed707b0e306d3b433:segment:011,11,19567.0,18447,activities/108_260801060832.csv,1,1,0,0
fit:80de1342a3e9944829ab101957c8eddffd3d18cb805507bed707b0e306d3b433,2026-08-01T09:34:40+00:00,3121,247,166,75,6.773,185.0,37,fit:80de1342a3e9944829ab101957c8eddffd3d18cb805507bed707b0e306d3b433:segment:011,11,19568.0,18448,activities/108_260801060832.csv,1,1,0,0
fit:80de1342a3e9944829ab101957c8eddffd3d18cb805507bed707b0e306d3b433,2026-08-01T09:34:41+00:00,3122,245,166,74,6.635,186.20000000000005,37,fit:80de1342a3e9944829ab101957c8eddffd3d18cb805507bed707b0e306d3b433:segment:011,11,19569.0,18449,activities/108_260801060832.csv,1,1,0,0
fit:80de1342a3e9944829ab101957c8eddffd3d18cb805507bed707b0e306d3b433,2026-08-01T09:34:42+00:00,3123,252,166,74,6.599,186.20000000000005,37,fit:80de1342a3e9944829ab101957c8eddffd3d18cb805507bed707b0e306d3b433:segment:011,11,19570.0,18450,activities/108_260801060832.csv,1,1,0,0
fit:80de1342a3e9944829ab101957c8eddffd3d18cb805507bed707b0e306d3b433,2026-08-01T09:34:43+00:00,3124,235,166,75,6.516,186.20000000000005,37,fit:80de1342a3e9944829ab101957c8eddffd3d18cb805507bed707b0e306d3b433:segment:011,11,19571.0,18451,activities/108_260801060832.csv,1,1,0,0
fit:80de1342a3e9944829ab101957c8eddffd3d18cb805507bed707b0e306d3b433,2026-08-01T09:34:44+00:00,3125,237,167,74,6.515,187.0,37,fit:80de1342a3e9944829ab101957c8eddffd3d18cb805507bed707b0e306d3b433:segment:011,11,19572.0,18452,activities/108_260801060832.csv,1,1,0,0
fit:80de1342a3e9944829ab101957c8eddffd3d18cb805507bed707b0e306d3b433,2026-08-01T09:34:45+00:00,3126,233,168,74,6.538,187.39999999999998,37,fit:80de1342a3e9944829ab101957c8eddffd3d18cb805507bed707b0e306d3b433:segment:011,11,19573.0,18453,activities/108_260801060832.csv,1,1,0,0
fit:80de1342a3e9944829ab101957c8eddffd3d18cb805507bed707b0e306d3b433,2026-08-01T09:34:46+00:00,3127,205,168,73,6.515,187.39999999999998,37,fit:80de1342a3e9944829ab101957c8eddffd3d18cb805507bed707b0e306d3b433:segment:011,11,19574.0,18454,activities/108_260801060832.csv,1,1,0,0
fit:80de1342a3e9944829ab101957c8eddffd3d18cb805507bed707b0e306d3b433,2026-08-01T09:34:47+00:00,3128,241,168,73,6.447,187.39999999999998,37,fit:80de1342a3e9944829ab101957c8eddffd3d18cb805507bed707b0e306d3b433:segment:011,11,19575.0,18455,activities/108_260801060832.csv,1,1,0,0
fit:80de1342a3e9944829ab101957c8eddffd3d18cb805507bed707b0e306d3b433,2026-08-01T09:34:48+00:00,3129,239,168,73,6.389,187.60000000000002,37,fit:80de1342a3e9944829ab101957c8eddffd3d18cb805507bed707b0e306d3b433:segment:011,11,19576.0,18456,activities/108_260801060832.csv,1,1,0,0
fit:80de1342a3e9944829ab101957c8eddffd3d18cb805507bed707b0e306d3b433,2026-08-01T09:34:49+00:00,3130,207,169,73,6.46,188.20000000000005,37,fit:80de1342a3e9944829ab101957c8eddffd3d18cb805507bed707b0e306d3b433:segment:011,11,19577.0,18457,activities/108_260801060832.csv,1,1,0,0
fit:80de1342a3e9944829ab101957c8eddffd3d18cb805507bed707b0e306d3b433,2026-08-01T09:34:50+00:00,3131,199,169,73,6.32,188.20000000000005,37,fit:80de1342a3e9944829ab101957c8eddffd3d18cb805507bed707b0e306d3b433:segment:011,11,19578.0,18458,activities/108_260801060832.csv,1,1,0,0
fit:80de1342a3e9944829ab101957c8eddffd3d18cb805507bed707b0e306d3b433,2026-08-01T09:34:51+00:00,3132,160,169,73,6.484,188.20000000000005,37,fit:80de1342a3e9944829ab101957c8eddffd3d18cb805507bed707b0e306d3b433:segment:011,11,19579.0,18459,activities/108_260801060832.csv,1,1,0,0
fit:80de1342a3e9944829ab101957c8eddffd3d18cb805507bed707b0e306d3b433,2026-08-01T09:34:52+00:00,3133,197,170,73,6.49,188.20000000000005,37,fit:80de1342a3e9944829ab101957c8eddffd3d18cb805507bed707b0e306d3b433:segment:011,11,19580.0,18460,activities/108_260801060832.csv,1,1,0,0
fit:80de1342a3e9944829ab101957c8eddffd3d18cb805507bed707b0e306d3b433,2026-08-01T09:34:53+00:00,3134,224,170,73,6.395,189.39999999999998,37,fit:80de1342a3e9944829ab101957c8eddffd3d18cb805507bed707b0e306d3b433:segment:011,11,19581.0,18461,activities/108_260801060832.csv,1,1,0,0
fit:80de1342a3e9944829ab101957c8eddffd3d18cb805507bed707b0e306d3b433,2026-08-01T09:34:54+00:00,3135,220,170,73,6.385,189.39999999999998,37,fit:80de1342a3e9944829ab101957c8eddffd3d18cb805507bed707b0e306d3b433:segment:011,11,19582.0,18462,activities/108_260801060832.csv,1,1,0,0
fit:80de1342a3e9944829ab101957c8eddffd3d18cb805507bed707b0e306d3b433,2026-08-01T09:34:55+00:00,3136,220,170,73,6.38,189.39999999999998,37,fit:80de1342a3e9944829ab101957c8eddffd3d18cb805507bed707b0e306d3b433:segment:011,11,19583.0,18463,activities/108_260801060832.csv,1,1,0,0
fit:80de1342a3e9944829ab101957c8eddffd3d18cb805507bed707b0e306d3b433,2026-08-01T09:34:56+00:00,3137,207,170,73,6.438,189.39999999999998,37,fit:80de1342a3e9944829ab101957c8eddffd3d18cb805507bed707b0e306d3b433:segment:011,11,19584.0,18464,activities/108_260801060832.csv,1,1,0,0
fit:80de1342a3e9944829ab101957c8eddffd3d18cb805507bed707b0e306d3b433,2026-08-01T09:34:57+00:00,3138,178,171,74,6.499,188.60000000000002,37,fit:80de1342a3e9944829ab101957c8eddffd3d18cb805507bed707b0e306d3b433:segment:011,11,19585.0,18465,activities/108_260801060832.csv,1,1,0,0
fit:80de1342a3e9944829ab101957c8eddffd3d18cb805507bed707b0e306d3b433,2026-08-01T09:34:58+00:00,3139,228,171,73,6.495,188.60000000000002,37,fit:80de1342a3e9944829ab101957c8eddffd3d18cb805507bed707b0e306d3b433:segment:011,11,19586.0,18466,activities/108_260801060832.csv,1,1,0,0
fit:80de1342a3e9944829ab101957c8eddffd3d18cb805507bed707b0e306d3b433,2026-08-01T09:34:59+00:00,3140,304,171,73,6.478,188.60000000000002,37,fit:80de1342a3e9944829ab101957c8eddffd3d18cb805507bed707b0e306d3b433:segment:011,11,19587.0,18467,activities/108_260801060832.csv,1,1,0,0
fit:80de1342a3e9944829ab101957c8eddffd3d18cb805507bed707b0e306d3b433,2026-08-01T09:35:00+00:00,3141,316,170,72,6.29,189.60000000000002,37,fit:80de1342a3e9944829ab101957c8eddffd3d18cb805507bed707b0e306d3b433:segment:011,11,19588.0,18468,activities/108_260801060832.csv,1,1,0,0
fit:80de1342a3e9944829ab101957c8eddffd3d18cb805507bed707b0e306d3b433,2026-08-01T09:35:01+00:00,3142,319,170,75,6.531,190.0,37,fit:80de1342a3e9944829ab101957c8eddffd3d18cb805507bed707b0e306d3b433:segment:011,11,19589.0,18469,activities/108_260801060832.csv,1,1,0,0
fit:80de1342a3e9944829ab101957c8eddffd3d18cb805507bed707b0e306d3b433,2026-08-01T09:35:02+00:00,3143,304,170,77,6.548,190.0,37,fit:80de1342a3e9944829ab101957c8eddffd3d18cb805507bed707b0e306d3b433:segment:011,11,19590.0,18470,activities/108_260801060832.csv,1,1,0,0
fit:80de1342a3e9944829ab101957c8eddffd3d18cb805507bed707b0e306d3b433,2026-08-01T09:35:03+00:00,3144,214,170,77,6.858,190.0,37,fit:80de1342a3e9944829ab101957c8eddffd3d18cb805507bed707b0e306d3b433:segment:011,11,19591.0,18471,activities/108_260801060832.csv,1,1,0,0
fit:80de1342a3e9944829ab101957c8eddffd3d18cb805507bed707b0e306d3b433,2026-08-01T09:35:04+00:00,3145,214,170,77,6.709,191.0,37,fit:80de1342a3e9944829ab101957c8eddffd3d18cb805507bed707b0e306d3b433:segment:011,11,19592.0,18472,activities/108_260801060832.csv,1,1,0,0
fit:80de1342a3e9944829ab101957c8eddffd3d18cb805507bed707b0e306d3b433,2026-08-01T09:35:05+00:00,3146,35,170,77,6.628,191.39999999999998,37,fit:80de1342a3e9944829ab101957c8eddffd3d18cb805507bed707b0e306d3b433:segment:011,11,19593.0,18473,activities/108_260801060832.csv,1,1,0,0
fit:80de1342a3e9944829ab101957c8eddffd3d18cb805507bed707b0e306d3b433,2026-08-01T09:35:06+00:00,3147,166,171,66,6.437,191.39999999999998,37,fit:80de1342a3e9944829ab101957c8eddffd3d18cb805507bed707b0e306d3b433:segment:011,11,19594.0,18474,activities/108_260801060832.csv,1,1,0,0
fit:80de1342a3e9944829ab101957c8eddffd3d18cb805507bed707b0e306d3b433,2026-08-01T09:35:07+00:00,3148,119,171,66,6.127,191.39999999999998,37,fit:80de1342a3e9944829ab101957c8eddffd3d18cb805507bed707b0e306d3b433:segment:011,11,19595.0,18475,activities/108_260801060832.csv,1,1,0,0
fit:80de1342a3e9944829ab101957c8eddffd3d18cb805507bed707b0e306d3b433,2026-08-01T09:35:08+00:00,3149,120,171,66,5.842,191.39999999999998,37,fit:80de1342a3e9944829ab101957c8eddffd3d18cb805507bed707b0e306d3b433:segment:011,11,19596.0,18476,activities/108_260801060832.csv,1,1,0,0
fit:80de1342a3e9944829ab101957c8eddffd3d18cb805507bed707b0e306d3b433,2026-08-01T09:35:09+00:00,3150,26,172,58,5.626,192.0,37,fit:80de1342a3e9944829ab101957c8eddffd3d18cb805507bed707b0e306d3b433:segment:011,11,19597.0,18477,activities/108_260801060832.csv,1,1,0,0
fit:80de1342a3e9944829ab101957c8eddffd3d18cb805507bed707b0e306d3b433,2026-08-01T09:35:10+00:00,3151,27,172,49,5.435,192.0,37,fit:80de1342a3e9944829ab101957c8eddffd3d18cb805507bed707b0e306d3b433:segment:011,11,19598.0,18478,activities/108_260801060832.csv,1,1,0,0
fit:80de1342a3e9944829ab101957c8eddffd3d18cb805507bed707b0e306d3b433,2026-08-01T09:35:11+00:00,3152,273,171,58,5.262,192.0,37,fit:80de1342a3e9944829ab101957c8eddffd3d18cb805507bed707b0e306d3b433:segment:011,11,19599.0,18479,activities/108_260801060832.csv,1,1,0,0
fit:80de1342a3e9944829ab101957c8eddffd3d18cb805507bed707b0e306d3b433,2026-08-01T09:35:12+00:00,3153,225,170,58,5.204,192.0,37,fit:80de1342a3e9944829ab101957c8eddffd3d18cb805507bed707b0e306d3b433:segment:011,11,19600.0,18480,activities/108_260801060832.csv,1,1,0,0
fit:80de1342a3e9944829ab101957c8eddffd3d18cb805507bed707b0e306d3b433,2026-08-01T09:35:13+00:00,3154,385,170,58,5.18,189.39999999999998,37,fit:80de1342a3e9944829ab101957c8eddffd3d18cb805507bed707b0e306d3b433:segment:011,11,19601.0,18481,activities/108_260801060832.csv,1,1,0,0
fit:80de1342a3e9944829ab101957c8eddffd3d18cb805507bed707b0e306d3b433,2026-08-01T09:35:14+00:00,3155,385,169,60,5.296,189.39999999999998,37,fit:80de1342a3e9944829ab101957c8eddffd3d18cb805507bed707b0e306d3b433:segment:011,11,19602.0,18482,activities/108_260801060832.csv,1,1,0,0
fit:80de1342a3e9944829ab101957c8eddffd3d18cb805507bed707b0e306d3b433,2026-08-01T09:35:15+00:00,3156,385,168,63,5.453,189.39999999999998,37,fit:80de1342a3e9944829ab101957c8eddffd3d18cb805507bed707b0e306d3b433:segment:011,11,19603.0,18483,activities/108_260801060832.csv,1,1,0,0
fit:80de1342a3e9944829ab101957c8eddffd3d18cb805507bed707b0e306d3b433,2026-08-01T09:35:16+00:00,3157,345,167,63,5.38,190.39999999999998,37,fit:80de1342a3e9944829ab101957c8eddffd3d18cb805507bed707b0e306d3b433:segment:011,11,19604.0,18484,activities/108_260801060832.csv,1,1,0,0
fit:80de1342a3e9944829ab101957c8eddffd3d18cb805507bed707b0e306d3b433,2026-08-01T09:35:17+00:00,3158,321,167,70,5.272,193.0,37,fit:80de1342a3e9944829ab101957c8eddffd3d18cb805507bed707b0e306d3b433:segment:011,11,19605.0,18485,activities/108_260801060832.csv,1,1,0,0
fit:80de1342a3e9944829ab101957c8eddffd3d18cb805507bed707b0e306d3b433,2026-08-01T09:35:18+00:00,3159,327,167,70,5.769,193.0,37,fit:80de1342a3e9944829ab101957c8eddffd3d18cb805507bed707b0e306d3b433:segment:011,11,19606.0,18486,activities/108_260801060832.csv,1,1,0,0
fit:80de1342a3e9944829ab101957c8eddffd3d18cb805507bed707b0e306d3b433,2026-08-01T09:35:19+00:00,3160,389,166,73,5.893,193.0,38,fit:80de1342a3e9944829ab101957c8eddffd3d18cb805507bed707b0e306d3b433:segment:011,11,19607.0,18487,activities/108_260801060832.csv,1,1,0,0
fit:80de1342a3e9944829ab101957c8eddffd3d18cb805507bed707b0e306d3b433,2026-08-01T09:35:20+00:00,3161,389,166,76,6.482,193.60000000000002,38,fit:80de1342a3e9944829ab101957c8eddffd3d18cb805507bed707b0e306d3b433:segment:011,11,19608.0,18488,activities/108_260801060832.csv,1,1,0,0
fit:80de1342a3e9944829ab101957c8eddffd3d18cb805507bed707b0e306d3b433,2026-08-01T09:35:21+00:00,3162,226,166,78,6.744,192.0,38,fit:80de1342a3e9944829ab101957c8eddffd3d18cb805507bed707b0e306d3b433:segment:011,11,19609.0,18489,activities/108_260801060832.csv,1,1,0,0
fit:80de1342a3e9944829ab101957c8eddffd3d18cb805507bed707b0e306d3b433,2026-08-01T09:35:22+00:00,3163,68,167,78,6.851,192.0,38,fit:80de1342a3e9944829ab101957c8eddffd3d18cb805507bed707b0e306d3b433:segment:011,11,19610.0,18490,activities/108_260801060832.csv,1,1,0,0
fit:80de1342a3e9944829ab101957c8eddffd3d18cb805507bed707b0e306d3b433,2026-08-01T09:35:23+00:00,3164,68,167,78,6.841,192.0,38,fit:80de1342a3e9944829ab101957c8eddffd3d18cb805507bed707b0e306d3b433:segment:011,11,19611.0,18491,activities/108_260801060832.csv,1,1,0,0
fit:80de1342a3e9944829ab101957c8eddffd3d18cb805507bed707b0e306d3b433,2026-08-01T09:35:24+00:00,3165,68,167,78,6.814,193.0,38,fit:80de1342a3e9944829ab101957c8eddffd3d18cb805507bed707b0e306d3b433:segment:011,11,19612.0,18492,activities/108_260801060832.csv,1,1,0,0
fit:80de1342a3e9944829ab101957c8eddffd3d18cb805507bed707b0e306d3b433,2026-08-01T09:35:25+00:00,3166,68,167,78,6.72,193.79999999999995,38,fit:80de1342a3e9944829ab101957c8eddffd3d18cb805507bed707b0e306d3b433:segment:011,11,19613.0,18493,activities/108_260801060832.csv,1,1,0,0
fit:80de1342a3e9944829ab101957c8eddffd3d18cb805507bed707b0e306d3b433,2026-08-01T09:35:26+00:00,3167,68,167,78,6.348,193.79999999999995,38,fit:80de1342a3e9944829ab101957c8eddffd3d18cb805507bed707b0e306d3b433:segment:011,11,19614.0,18494,activities/108_260801060832.csv,1,1,0,0
fit:80de1342a3e9944829ab101957c8eddffd3d18cb805507bed707b0e306d3b433,2026-08-01T09:35:27+00:00,3168,68,167,78,5.323,193.79999999999995,38,fit:80de1342a3e9944829ab101957c8eddffd3d18cb805507bed707b0e306d3b433:segment:011,11,19615.0,18495,activities/108_260801060832.csv,1,1,0,0
fit:80de1342a3e9944829ab101957c8eddffd3d18cb805507bed707b0e306d3b433,2026-08-01T09:35:28+00:00,3169,64,166,77,4.571,194.79999999999995,38,fit:80de1342a3e9944829ab101957c8eddffd3d18cb805507bed707b0e306d3b433:segment:011,11,19616.0,18496,activities/108_260801060832.csv,1,1,0,0
fit:80de1342a3e9944829ab101957c8eddffd3d18cb805507bed707b0e306d3b433,2026-08-01T09:35:29+00:00,3170,56,166,73,3.679,195.39999999999998,38,fit:80de1342a3e9944829ab101957c8eddffd3d18cb805507bed707b0e306d3b433:segment:011,11,19617.0,18497,activities/108_260801060832.csv,1,1,0,0
fit:80de1342a3e9944829ab101957c8eddffd3d18cb805507bed707b0e306d3b433,2026-08-01T09:35:30+00:00,3171,0,164,0,3.01,195.39999999999998,38,fit:80de1342a3e9944829ab101957c8eddffd3d18cb805507bed707b0e306d3b433:segment:011,11,19618.0,18498,activities/108_260801060832.csv,1,1,0,0
fit:80de1342a3e9944829ab101957c8eddffd3d18cb805507bed707b0e306d3b433,2026-08-01T09:35:31+00:00,3172,0,164,0,2.143,195.39999999999998,38,fit:80de1342a3e9944829ab101957c8eddffd3d18cb805507bed707b0e306d3b433:segment:011,11,19619.0,18499,activities/108_260801060832.csv,1,1,0,0
fit:80de1342a3e9944829ab101957c8eddffd3d18cb805507bed707b0e306d3b433,2026-08-01T09:35:32+00:00,3173,0,163,0,0.0,195.0,38,fit:80de1342a3e9944829ab101957c8eddffd3d18cb805507bed707b0e306d3b433:segment:011,11,19620.0,18500,activities/108_260801060832.csv,1,1,0,0
fit:80de1342a3e9944829ab101957c8eddffd3d18cb805507bed707b0e306d3b433,2026-08-01T09:35:33+00:00,3174,0,162,0,0.0,195.20000000000005,38,fit:80de1342a3e9944829ab101957c8eddffd3d18cb805507bed707b0e306d3b433:segment:011,11,19621.0,18501,activities/108_260801060832.csv,1,1,0,0
