activity_id,timestamp,elapsed_seconds,power_w,heart_rate_bpm,cadence_rpm,speed_m_s,altitude_m,temperature_c,segment_id,segment_number,source_elapsed_seconds,source_row_index,source_file,activity_split,segment_selected_from_activity,power_missing,hr_missing
fit:febaaaf5812d5a4d961754104dd48b058802abe8740d9686dbdc69e9560196ba,2026-04-04T09:04:11+00:00,0,0,92,0,1.305,329.4,22,fit:febaaaf5812d5a4d961754104dd48b058802abe8740d9686dbdc69e9560196ba:segment:018,18,9608.0,7789,activities/061_260404082403.csv,1,1,0,0
fit:febaaaf5812d5a4d961754104dd48b058802abe8740d9686dbdc69e9560196ba,2026-04-04T09:04:12+00:00,1,39,93,0,1.546,329.4,22,fit:febaaaf5812d5a4d961754104dd48b058802abe8740d9686dbdc69e9560196ba:segment:018,18,9609.0,7790,activities/061_260404082403.csv,1,1,0,0
fit:febaaaf5812d5a4d961754104dd48b058802abe8740d9686dbdc69e9560196ba,2026-04-04T09:04:13+00:00,2,39,93,0,1.888,329.4,22,fit:febaaaf5812d5a4d961754104dd48b058802abe8740d9686dbdc69e9560196ba:segment:018,18,9610.0,7791,activities/061_260404082403.csv,1,1,0,0
fit:febaaaf5812d5a4d961754104dd48b058802abe8740d9686dbdc69e9560196ba,2026-04-04T09:04:14+00:00,3,155,93,0,2.224,329.4,22,fit:febaaaf5812d5a4d961754104dd48b058802abe8740d9686dbdc69e9560196ba:segment:018,18,9611.0,7792,activities/061_260404082403.csv,1,1,0,0
fit:febaaaf5812d5a4d961754104dd48b058802abe8740d9686dbdc69e9560196ba,2026-04-04T09:04:15+00:00,4,75,93,31,2.538,328.79999999999995,22,fit:febaaaf5812d5a4d961754104dd48b058802abe8740d9686dbdc69e9560196ba:segment:018,18,9612.0,7793,activities/061_260404082403.csv,1,1,0,0
fit:febaaaf5812d5a4d961754104dd48b058802abe8740d9686dbdc69e9560196ba,2026-04-04T09:04:16+00:00,5,75,93,40,3.053,328.79999999999995,22,fit:febaaaf5812d5a4d961754104dd48b058802abe8740d9686dbdc69e9560196ba:segment:018,18,9613.0,7794,activities/061_260404082403.csv,1,1,0,0
fit:febaaaf5812d5a4d961754104dd48b058802abe8740d9686dbdc69e9560196ba,2026-04-04T09:04:17+00:00,6,61,91,35,3.601,328.79999999999995,22,fit:febaaaf5812d5a4d961754104dd48b058802abe8740d9686dbdc69e9560196ba:segment:018,18,9614.0,7795,activities/061_260404082403.csv,1,1,0,0
fit:febaaaf5812d5a4d961754104dd48b058802abe8740d9686dbdc69e9560196ba,2026-04-04T09:04:18+00:00,7,374,91,50,3.965,328.79999999999995,22,fit:febaaaf5812d5a4d961754104dd48b058802abe8740d9686dbdc69e9560196ba:segment:018,18,9615.0,7796,activities/061_260404082403.csv,1,1,0,0
fit:febaaaf5812d5a4d961754104dd48b058802abe8740d9686dbdc69e9560196ba,2026-04-04T09:04:19+00:00,8,288,90,60,4.66,329.0,22,fit:febaaaf5812d5a4d961754104dd48b058802abe8740d9686dbdc69e9560196ba:segment:018,18,9616.0,7797,activities/061_260404082403.csv,1,1,0,0
fit:febaaaf5812d5a4d961754104dd48b058802abe8740d9686dbdc69e9560196ba,2026-04-04T09:04:20+00:00,9,251,90,60,5.251,329.0,22,fit:febaaaf5812d5a4d961754104dd48b058802abe8740d9686dbdc69e9560196ba:segment:018,18,9617.0,7798,activities/061_260404082403.csv,1,1,0,0
fit:febaaaf5812d5a4d961754104dd48b058802abe8740d9686dbdc69e9560196ba,2026-04-04T09:04:21+00:00,10,252,90,65,5.505,329.0,22,fit:febaaaf5812d5a4d961754104dd48b058802abe8740d9686dbdc69e9560196ba:segment:018,18,9618.0,7799,activities/061_260404082403.csv,1,1,0,0
fit:febaaaf5812d5a4d961754104dd48b058802abe8740d9686dbdc69e9560196ba,2026-04-04T09:04:22+00:00,11,55,90,32,5.467,329.0,22,fit:febaaaf5812d5a4d961754104dd48b058802abe8740d9686dbdc69e9560196ba:segment:018,18,9619.0,7800,activities/061_260404082403.csv,1,1,0,0
fit:febaaaf5812d5a4d961754104dd48b058802abe8740d9686dbdc69e9560196ba,2026-04-04T09:04:23+00:00,12,255,90,69,5.47,328.79999999999995,22,fit:febaaaf5812d5a4d961754104dd48b058802abe8740d9686dbdc69e9560196ba:segment:018,18,9620.0,7801,activities/061_260404082403.csv,1,1,0,0
fit:febaaaf5812d5a4d961754104dd48b058802abe8740d9686dbdc69e9560196ba,2026-04-04T09:04:24+00:00,13,255,92,69,5.952,328.79999999999995,22,fit:febaaaf5812d5a4d961754104dd48b058802abe8740d9686dbdc69e9560196ba:segment:018,18,9621.0,7802,activities/061_260404082403.csv,1,1,0,0
fit:febaaaf5812d5a4d961754104dd48b058802abe8740d9686dbdc69e9560196ba,2026-04-04T09:04:25+00:00,14,177,95,76,6.071,328.79999999999995,22,fit:febaaaf5812d5a4d961754104dd48b058802abe8740d9686dbdc69e9560196ba:segment:018,18,9622.0,7803,activities/061_260404082403.csv,1,1,0,0
fit:febaaaf5812d5a4d961754104dd48b058802abe8740d9686dbdc69e9560196ba,2026-04-04T09:04:26+00:00,15,254,97,80,6.334,328.79999999999995,22,fit:febaaaf5812d5a4d961754104dd48b058802abe8740d9686dbdc69e9560196ba:segment:018,18,9623.0,7804,activities/061_260404082403.csv,1,1,0,0
fit:febaaaf5812d5a4d961754104dd48b058802abe8740d9686dbdc69e9560196ba,2026-04-04T09:04:27+00:00,16,206,100,81,6.594,328.4,22,fit:febaaaf5812d5a4d961754104dd48b058802abe8740d9686dbdc69e9560196ba:segment:018,18,9624.0,7805,activities/061_260404082403.csv,1,1,0,0
fit:febaaaf5812d5a4d961754104dd48b058802abe8740d9686dbdc69e9560196ba,2026-04-04T09:04:28+00:00,17,206,102,81,6.716,328.4,22,fit:febaaaf5812d5a4d961754104dd48b058802abe8740d9686dbdc69e9560196ba:segment:018,18,9625.0,7806,activities/061_260404082403.csv,1,1,0,0
fit:febaaaf5812d5a4d961754104dd48b058802abe8740d9686dbdc69e9560196ba,2026-04-04T09:04:29+00:00,18,,102,,6.656,328.4,22,fit:febaaaf5812d5a4d961754104dd48b058802abe8740d9686dbdc69e9560196ba:segment:018,18,9626.0,7807,activities/061_260404082403.csv,1,1,1,0
fit:febaaaf5812d5a4d961754104dd48b058802abe8740d9686dbdc69e9560196ba,2026-04-04T09:04:30+00:00,19,,104,,6.938,328.4,22,fit:febaaaf5812d5a4d961754104dd48b058802abe8740d9686dbdc69e9560196ba:segment:018,18,9627.0,7808,activities/061_260404082403.csv,1,1,1,0
fit:febaaaf5812d5a4d961754104dd48b058802abe8740d9686dbdc69e9560196ba,2026-04-04T09:04:31+00:00,20,,105,,7.186,328.79999999999995,22,fit:febaaaf5812d5a4d961754104dd48b058802abe8740d9686dbdc69e9560196ba:segment:018,18,9628.0,7809,activities/061_260404082403.csv,1,1,1,0
fit:febaaaf5812d5a4d961754104dd48b058802abe8740d9686dbdc69e9560196ba,2026-04-04T09:04:32+00:00,21,,107,81,7.505,328.79999999999995,22,fit:febaaaf5812d5a4d961754104dd48b058802abe8740d9686dbdc69e9560196ba:segment:018,18,9629.0,7810,activities/061_260404082403.csv,1,1,1,0
fit:febaaaf5812d5a4d961754104dd48b058802abe8740d9686dbdc69e9560196ba,2026-04-04T09:04:33+00:00,22,190,108,77,7.596,328.79999999999995,22,fit:febaaaf5812d5a4d961754104dd48b058802abe8740d9686dbdc69e9560196ba:segment:018,18,9630.0,7811,activities/061_260404082403.csv,1,1,0,0
fit:febaaaf5812d5a4d961754104dd48b058802abe8740d9686dbdc69e9560196ba,2026-04-04T09:04:34+00:00,23,171,108,73,7.859,328.4,22,fit:febaaaf5812d5a4d961754104dd48b058802abe8740d9686dbdc69e9560196ba:segment:018,18,9631.0,7812,activities/061_260404082403.csv,1,1,0,0
fit:febaaaf5812d5a4d961754104dd48b058802abe8740d9686dbdc69e9560196ba,2026-04-04T09:04:35+00:00,24,155,109,70,8.077,328.6,22,fit:febaaaf5812d5a4d961754104dd48b058802abe8740d9686dbdc69e9560196ba:segment:018,18,9632.0,7813,activities/061_260404082403.csv,1,1,0,0
fit:febaaaf5812d5a4d961754104dd48b058802abe8740d9686dbdc69e9560196ba,2026-04-04T09:04:36+00:00,25,169,110,95,8.225,328.6,22,fit:febaaaf5812d5a4d961754104dd48b058802abe8740d9686dbdc69e9560196ba:segment:018,18,9633.0,7814,activities/061_260404082403.csv,1,1,0,0
fit:febaaaf5812d5a4d961754104dd48b058802abe8740d9686dbdc69e9560196ba,2026-04-04T09:04:37+00:00,26,84,112,88,8.23,328.6,22,fit:febaaaf5812d5a4d961754104dd48b058802abe8740d9686dbdc69e9560196ba:segment:018,18,9634.0,7815,activities/061_260404082403.csv,1,1,0,0
fit:febaaaf5812d5a4d961754104dd48b058802abe8740d9686dbdc69e9560196ba,2026-04-04T09:04:38+00:00,27,91,113,88,8.349,327.6,22,fit:febaaaf5812d5a4d961754104dd48b058802abe8740d9686dbdc69e9560196ba:segment:018,18,9635.0,7816,activities/061_260404082403.csv,1,1,0,0
fit:febaaaf5812d5a4d961754104dd48b058802abe8740d9686dbdc69e9560196ba,2026-04-04T09:04:39+00:00,28,91,114,88,8.417,327.20000000000005,22,fit:febaaaf5812d5a4d961754104dd48b058802abe8740d9686dbdc69e9560196ba:segment:018,18,9636.0,7817,activities/061_260404082403.csv,1,1,0,0
fit:febaaaf5812d5a4d961754104dd48b058802abe8740d9686dbdc69e9560196ba,2026-04-04T09:04:40+00:00,29,86,114,90,8.639,327.20000000000005,22,fit:febaaaf5812d5a4d961754104dd48b058802abe8740d9686dbdc69e9560196ba:segment:018,18,9637.0,7818,activities/061_260404082403.csv,1,1,0,0
fit:febaaaf5812d5a4d961754104dd48b058802abe8740d9686dbdc69e9560196ba,2026-04-04T09:04:41+00:00,30,80,116,91,8.696,327.20000000000005,22,fit:febaaaf5812d5a4d961754104dd48b058802abe8740d9686dbdc69e9560196ba:segment:018,18,9638.0,7819,activities/061_260404082403.csv,1,1,0,0
fit:febaaaf5812d5a4d961754104dd48b058802abe8740d9686dbdc69e9560196ba,2026-04-04T09:04:42+00:00,31,83,119,91,8.875,327.20000000000005,22,fit:febaaaf5812d5a4d961754104dd48b058802abe8740d9686dbdc69e9560196ba:segment:018,18,9639.0,7820,activities/061_260404082403.csv,1,1,0,0
fit:febaaaf5812d5a4d961754104dd48b058802abe8740d9686dbdc69e9560196ba,2026-04-04T09:04:43+00:00,32,83,119,93,8.989,326.4,22,fit:febaaaf5812d5a4d961754104dd48b058802abe8740d9686dbdc69e9560196ba:segment:018,18,9640.0,7821,activities/061_260404082403.csv,1,1,0,0
fit:febaaaf5812d5a4d961754104dd48b058802abe8740d9686dbdc69e9560196ba,2026-04-04T09:04:44+00:00,33,91,121,95,8.979,326.4,22,fit:febaaaf5812d5a4d961754104dd48b058802abe8740d9686dbdc69e9560196ba:segment:018,18,9641.0,7822,activities/061_260404082403.csv,1,1,0,0
fit:febaaaf5812d5a4d961754104dd48b058802abe8740d9686dbdc69e9560196ba,2026-04-04T09:04:45+00:00,34,91,123,96,9.063,326.4,22,fit:febaaaf5812d5a4d961754104dd48b058802abe8740d9686dbdc69e9560196ba:segment:018,18,9642.0,7823,activities/061_260404082403.csv,1,1,0,0
fit:febaaaf5812d5a4d961754104dd48b058802abe8740d9686dbdc69e9560196ba,2026-04-04T09:04:46+00:00,35,81,123,95,8.996,326.4,22,fit:febaaaf5812d5a4d961754104dd48b058802abe8740d9686dbdc69e9560196ba:segment:018,18,9643.0,7824,activities/061_260404082403.csv,1,1,0,0
fit:febaaaf5812d5a4d961754104dd48b058802abe8740d9686dbdc69e9560196ba,2026-04-04T09:04:47+00:00,36,81,125,95,9.117,325.20000000000005,22,fit:febaaaf5812d5a4d961754104dd48b058802abe8740d9686dbdc69e9560196ba:segment:018,18,9644.0,7825,activities/061_260404082403.csv,1,1,0,0
fit:febaaaf5812d5a4d961754104dd48b058802abe8740d9686dbdc69e9560196ba,2026-04-04T09:04:48+00:00,37,81,128,95,9.126,325.20000000000005,22,fit:febaaaf5812d5a4d961754104dd48b058802abe8740d9686dbdc69e9560196ba:segment:018,18,9645.0,7826,activities/061_260404082403.csv,1,1,0,0
fit:febaaaf5812d5a4d961754104dd48b058802abe8740d9686dbdc69e9560196ba,2026-04-04T09:04:49+00:00,38,28,129,34,9.298,325.20000000000005,22,fit:febaaaf5812d5a4d961754104dd48b058802abe8740d9686dbdc69e9560196ba:segment:018,18,9646.0,7827,activities/061_260404082403.csv,1,1,0,0
fit:febaaaf5812d5a4d961754104dd48b058802abe8740d9686dbdc69e9560196ba,2026-04-04T09:04:50+00:00,39,29,130,56,9.566,325.4,22,fit:febaaaf5812d5a4d961754104dd48b058802abe8740d9686dbdc69e9560196ba:segment:018,18,9647.0,7828,activities/061_260404082403.csv,1,1,0,0
fit:febaaaf5812d5a4d961754104dd48b058802abe8740d9686dbdc69e9560196ba,2026-04-04T09:04:51+00:00,40,29,130,56,9.765,322.6,22,fit:febaaaf5812d5a4d961754104dd48b058802abe8740d9686dbdc69e9560196ba:segment:018,18,9648.0,7829,activities/061_260404082403.csv,1,1,0,0
fit:febaaaf5812d5a4d961754104dd48b058802abe8740d9686dbdc69e9560196ba,2026-04-04T09:04:52+00:00,41,14,130,26,9.968,322.6,22,fit:febaaaf5812d5a4d961754104dd48b058802abe8740d9686dbdc69e9560196ba:segment:018,18,9649.0,7830,activities/061_260404082403.csv,1,1,0,0
fit:febaaaf5812d5a4d961754104dd48b058802abe8740d9686dbdc69e9560196ba,2026-04-04T09:04:53+00:00,42,14,130,26,10.217,322.6,22,fit:febaaaf5812d5a4d961754104dd48b058802abe8740d9686dbdc69e9560196ba:segment:018,18,9650.0,7831,activities/061_260404082403.csv,1,1,0,0
fit:febaaaf5812d5a4d961754104dd48b058802abe8740d9686dbdc69e9560196ba,2026-04-04T09:04:54+00:00,43,14,130,26,10.195,323.6,22,fit:febaaaf5812d5a4d961754104dd48b058802abe8740d9686dbdc69e9560196ba:segment:018,18,9651.0,7832,activities/061_260404082403.csv,1,1,0,0
fit:febaaaf5812d5a4d961754104dd48b058802abe8740d9686dbdc69e9560196ba,2026-04-04T09:04:55+00:00,44,14,129,26,10.173,323.79999999999995,22,fit:febaaaf5812d5a4d961754104dd48b058802abe8740d9686dbdc69e9560196ba:segment:018,18,9652.0,7833,activities/061_260404082403.csv,1,1,0,0
fit:febaaaf5812d5a4d961754104dd48b058802abe8740d9686dbdc69e9560196ba,2026-04-04T09:04:56+00:00,45,14,127,26,10.236,323.79999999999995,22,fit:febaaaf5812d5a4d961754104dd48b058802abe8740d9686dbdc69e9560196ba:segment:018,18,9653.0,7834,activities/061_260404082403.csv,1,1,0,0
fit:febaaaf5812d5a4d961754104dd48b058802abe8740d9686dbdc69e9560196ba,2026-04-04T09:04:57+00:00,46,12,127,25,10.353,323.79999999999995,22,fit:febaaaf5812d5a4d961754104dd48b058802abe8740d9686dbdc69e9560196ba:segment:018,18,9654.0,7835,activities/061_260404082403.csv,1,1,0,0
fit:febaaaf5812d5a4d961754104dd48b058802abe8740d9686dbdc69e9560196ba,2026-04-04T09:04:58+00:00,47,0,126,0,10.264,323.6,22,fit:febaaaf5812d5a4d961754104dd48b058802abe8740d9686dbdc69e9560196ba:segment:018,18,9655.0,7836,activities/061_260404082403.csv,1,1,0,0
fit:febaaaf5812d5a4d961754104dd48b058802abe8740d9686dbdc69e9560196ba,2026-04-04T09:04:59+00:00,48,0,124,0,10.354,322.4,22,fit:febaaaf5812d5a4d961754104dd48b058802abe8740d9686dbdc69e9560196ba:segment:018,18,9656.0,7837,activities/061_260404082403.csv,1,1,0,0
fit:febaaaf5812d5a4d961754104dd48b058802abe8740d9686dbdc69e9560196ba,2026-04-04T09:05:00+00:00,49,0,122,0,10.397,322.4,22,fit:febaaaf5812d5a4d961754104dd48b058802abe8740d9686dbdc69e9560196ba:segment:018,18,9657.0,7838,activities/061_260404082403.csv,1,1,0,0
fit:febaaaf5812d5a4d961754104dd48b058802abe8740d9686dbdc69e9560196ba,2026-04-04T09:05:01+00:00,50,0,122,0,10.35,322.4,22,fit:febaaaf5812d5a4d961754104dd48b058802abe8740d9686dbdc69e9560196ba:segment:018,18,9658.0,7839,activities/061_260404082403.csv,1,1,0,0
fit:febaaaf5812d5a4d961754104dd48b058802abe8740d9686dbdc69e9560196ba,2026-04-04T09:05:02+00:00,51,0,121,0,10.194,322.4,22,fit:febaaaf5812d5a4d961754104dd48b058802abe8740d9686dbdc69e9560196ba:segment:018,18,9659.0,7840,activities/061_260404082403.csv,1,1,0,0
fit:febaaaf5812d5a4d961754104dd48b058802abe8740d9686dbdc69e9560196ba,2026-04-04T09:05:03+00:00,52,0,120,0,10.114,321.4,22,fit:febaaaf5812d5a4d961754104dd48b058802abe8740d9686dbdc69e9560196ba:segment:018,18,9660.0,7841,activities/061_260404082403.csv,1,1,0,0
fit:febaaaf5812d5a4d961754104dd48b058802abe8740d9686dbdc69e9560196ba,2026-04-04T09:05:04+00:00,53,0,119,0,10.029,321.4,22,fit:febaaaf5812d5a4d961754104dd48b058802abe8740d9686dbdc69e9560196ba:segment:018,18,9661.0,7842,activities/061_260404082403.csv,1,1,0,0
fit:febaaaf5812d5a4d961754104dd48b058802abe8740d9686dbdc69e9560196ba,2026-04-04T09:05:05+00:00,54,0,118,0,9.455,321.4,22,fit:febaaaf5812d5a4d961754104dd48b058802abe8740d9686dbdc69e9560196ba:segment:018,18,9662.0,7843,activities/061_260404082403.csv,1,1,0,0
fit:febaaaf5812d5a4d961754104dd48b058802abe8740d9686dbdc69e9560196ba,2026-04-04T09:05:06+00:00,55,0,117,0,8.944,322.4,22,fit:febaaaf5812d5a4d961754104dd48b058802abe8740d9686dbdc69e9560196ba:segment:018,18,9663.0,7844,activities/061_260404082403.csv,1,1,0,0
fit:febaaaf5812d5a4d961754104dd48b058802abe8740d9686dbdc69e9560196ba,2026-04-04T09:05:07+00:00,56,0,115,0,8.752,320.6,22,fit:febaaaf5812d5a4d961754104dd48b058802abe8740d9686dbdc69e9560196ba:segment:018,18,9664.0,7845,activities/061_260404082403.csv,1,1,0,0
fit:febaaaf5812d5a4d961754104dd48b058802abe8740d9686dbdc69e9560196ba,2026-04-04T09:05:08+00:00,57,0,112,0,8.369,320.6,22,fit:febaaaf5812d5a4d961754104dd48b058802abe8740d9686dbdc69e9560196ba:segment:018,18,9665.0,7846,activities/061_260404082403.csv,1,1,0,0
fit:febaaaf5812d5a4d961754104dd48b058802abe8740d9686dbdc69e9560196ba,2026-04-04T09:05:09+00:00,58,0,108,0,8.11,320.6,22,fit:febaaaf5812d5a4d961754104dd48b058802abe8740d9686dbdc69e9560196ba:segment:018,18,9666.0,7847,activities/061_260404082403.csv,1,1,0,0
fit:febaaaf5812d5a4d961754104dd48b058802abe8740d9686dbdc69e9560196ba,2026-04-04T09:05:10+00:00,59,0,108,0,7.725,320.6,22,fit:febaaaf5812d5a4d961754104dd48b058802abe8740d9686dbdc69e9560196ba:segment:018,18,9667.0,7848,activities/061_260404082403.csv,1,1,0,0
fit:febaaaf5812d5a4d961754104dd48b058802abe8740d9686dbdc69e9560196ba,2026-04-04T09:05:11+00:00,60,0,104,0,6.967,321.0,22,fit:febaaaf5812d5a4d961754104dd48b058802abe8740d9686dbdc69e9560196ba:segment:018,18,9668.0,7849,activities/061_260404082403.csv,1,1,0,0
fit:febaaaf5812d5a4d961754104dd48b058802abe8740d9686dbdc69e9560196ba,2026-04-04T09:05:12+00:00,61,0,100,0,6.104,321.0,22,fit:febaaaf5812d5a4d961754104dd48b058802abe8740d9686dbdc69e9560196ba:segment:018,18,9669.0,7850,activities/061_260404082403.csv,1,1,0,0
fit:febaaaf5812d5a4d961754104dd48b058802abe8740d9686dbdc69e9560196ba,2026-04-04T09:05:13+00:00,62,0,100,0,5.083,321.0,22,fit:febaaaf5812d5a4d961754104dd48b058802abe8740d9686dbdc69e9560196ba:segment:018,18,9670.0,7851,activities/061_260404082403.csv,1,1,0,0
fit:febaaaf5812d5a4d961754104dd48b058802abe8740d9686dbdc69e9560196ba,2026-04-04T09:05:14+00:00,63,0,96,0,3.722,320.79999999999995,22,fit:febaaaf5812d5a4d961754104dd48b058802abe8740d9686dbdc69e9560196ba:segment:018,18,9671.0,7852,activities/061_260404082403.csv,1,1,0,0
fit:febaaaf5812d5a4d961754104dd48b058802abe8740d9686dbdc69e9560196ba,2026-04-04T09:05:15+00:00,64,0,93,0,2.587,320.79999999999995,22,fit:febaaaf5812d5a4d961754104dd48b058802abe8740d9686dbdc69e9560196ba:segment:018,18,9672.0,7853,activities/061_260404082403.csv,1,1,0,0
fit:febaaaf5812d5a4d961754104dd48b058802abe8740d9686dbdc69e9560196ba,2026-04-04T09:05:16+00:00,65,0,92,0,2.006,320.79999999999995,22,fit:febaaaf5812d5a4d961754104dd48b058802abe8740d9686dbdc69e9560196ba:segment:018,18,9673.0,7854,activities/061_260404082403.csv,1,1,0,0
fit:febaaaf5812d5a4d961754104dd48b058802abe8740d9686dbdc69e9560196ba,2026-04-04T09:05:17+00:00,66,0,92,0,1.636,320.79999999999995,22,fit:febaaaf5812d5a4d961754104dd48b058802abe8740d9686dbdc69e9560196ba:segment:018,18,9674.0,7855,activities/061_260404082403.csv,1,1,0,0
fit:febaaaf5812d5a4d961754104dd48b058802abe8740d9686dbdc69e9560196ba,2026-04-04T09:05:18+00:00,67,0,91,0,1.363,320.79999999999995,22,fit:febaaaf5812d5a4d961754104dd48b058802abe8740d9686dbdc69e9560196ba:segment:018,18,9675.0,7856,activities/061_260404082403.csv,1,1,0,0
fit:febaaaf5812d5a4d961754104dd48b058802abe8740d9686dbdc69e9560196ba,2026-04-04T09:05:19+00:00,68,0,91,0,1.362,320.4,22,fit:febaaaf5812d5a4d961754104dd48b058802abe8740d9686dbdc69e9560196ba:segment:018,18,9676.0,7857,activities/061_260404082403.csv,1,1,0,0
fit:febaaaf5812d5a4d961754104dd48b058802abe8740d9686dbdc69e9560196ba,2026-04-04T09:05:20+00:00,69,0,91,0,1.576,320.4,22,fit:febaaaf5812d5a4d961754104dd48b058802abe8740d9686dbdc69e9560196ba:segment:018,18,9677.0,7858,activities/061_260404082403.csv,1,1,0,0
fit:febaaaf5812d5a4d961754104dd48b058802abe8740d9686dbdc69e9560196ba,2026-04-04T09:05:21+00:00,70,0,91,0,1.654,320.4,22,fit:febaaaf5812d5a4d961754104dd48b058802abe8740d9686dbdc69e9560196ba:segment:018,18,9678.0,7859,activities/061_260404082403.csv,1,1,0,0
fit:febaaaf5812d5a4d961754104dd48b058802abe8740d9686dbdc69e9560196ba,2026-04-04T09:05:22+00:00,71,0,91,0,1.929,320.4,22,fit:febaaaf5812d5a4d961754104dd48b058802abe8740d9686dbdc69e9560196ba:segment:018,18,9679.0,7860,activities/061_260404082403.csv,1,1,0,0
fit:febaaaf5812d5a4d961754104dd48b058802abe8740d9686dbdc69e9560196ba,2026-04-04T09:05:23+00:00,72,0,92,0,2.593,320.0,22,fit:febaaaf5812d5a4d961754104dd48b058802abe8740d9686dbdc69e9560196ba:segment:018,18,9680.0,7861,activities/061_260404082403.csv,1,1,0,0
fit:febaaaf5812d5a4d961754104dd48b058802abe8740d9686dbdc69e9560196ba,2026-04-04T09:05:24+00:00,73,0,92,0,3.052,320.0,22,fit:febaaaf5812d5a4d961754104dd48b058802abe8740d9686dbdc69e9560196ba:segment:018,18,9681.0,7862,activities/061_260404082403.csv,1,1,0,0
fit:febaaaf5812d5a4d961754104dd48b058802abe8740d9686dbdc69e9560196ba,2026-04-04T09:05:25+00:00,74,0,92,0,3.419,320.0,22,fit:febaaaf5812d5a4d961754104dd48b058802abe8740d9686dbdc69e9560196ba:segment:018,18,9682.0,7863,activities/061_260404082403.csv,1,1,0,0
fit:febaaaf5812d5a4d961754104dd48b058802abe8740d9686dbdc69e9560196ba,2026-04-04T09:05:26+00:00,75,0,90,0,3.756,319.20000000000005,22,fit:febaaaf5812d5a4d961754104dd48b058802abe8740d9686dbdc69e9560196ba:segment:018,18,9683.0,7864,activities/061_260404082403.csv,1,1,0,0
fit:febaaaf5812d5a4d961754104dd48b058802abe8740d9686dbdc69e9560196ba,2026-04-04T09:05:27+00:00,76,0,88,0,4.013,319.20000000000005,22,fit:febaaaf5812d5a4d961754104dd48b058802abe8740d9686dbdc69e9560196ba:segment:018,18,9684.0,7865,activities/061_260404082403.csv,1,1,0,0
fit:febaaaf5812d5a4d961754104dd48b058802abe8740d9686dbdc69e9560196ba,2026-04-04T09:05:28+00:00,77,17,86,0,4.307,319.20000000000005,22,fit:febaaaf5812d5a4d961754104dd48b058802abe8740d9686dbdc69e9560196ba:segment:018,18,9685.0,7866,activities/061_260404082403.csv,1,1,0,0
fit:febaaaf5812d5a4d961754104dd48b058802abe8740d9686dbdc69e9560196ba,2026-04-04T09:05:29+00:00,78,135,86,50,4.82,319.20000000000005,22,fit:febaaaf5812d5a4d961754104dd48b058802abe8740d9686dbdc69e9560196ba:segment:018,18,9686.0,7867,activities/061_260404082403.csv,1,1,0,0
fit:febaaaf5812d5a4d961754104dd48b058802abe8740d9686dbdc69e9560196ba,2026-04-04T09:05:30+00:00,79,136,85,50,5.221,319.20000000000005,22,fit:febaaaf5812d5a4d961754104dd48b058802abe8740d9686dbdc69e9560196ba:segment:018,18,9687.0,7868,activities/061_260404082403.csv,1,1,0,0
fit:febaaaf5812d5a4d961754104dd48b058802abe8740d9686dbdc69e9560196ba,2026-04-04T09:05:31+00:00,80,37,85,54,5.624,318.4,22,fit:febaaaf5812d5a4d961754104dd48b058802abe8740d9686dbdc69e9560196ba:segment:018,18,9688.0,7869,activities/061_260404082403.csv,1,1,0,0
fit:febaaaf5812d5a4d961754104dd48b058802abe8740d9686dbdc69e9560196ba,2026-04-04T09:05:32+00:00,81,37,83,54,5.74,318.4,22,fit:febaaaf5812d5a4d961754104dd48b058802abe8740d9686dbdc69e9560196ba:segment:018,18,9689.0,7870,activities/061_260404082403.csv,1,1,0,0
fit:febaaaf5812d5a4d961754104dd48b058802abe8740d9686dbdc69e9560196ba,2026-04-04T09:05:33+00:00,82,37,83,54,5.327,318.4,22,fit:febaaaf5812d5a4d961754104dd48b058802abe8740d9686dbdc69e9560196ba:segment:018,18,9690.0,7871,activities/061_260404082403.csv,1,1,0,0
fit:febaaaf5812d5a4d961754104dd48b058802abe8740d9686dbdc69e9560196ba,2026-04-04T09:05:34+00:00,83,37,83,54,5.206,318.4,22,fit:febaaaf5812d5a4d961754104dd48b058802abe8740d9686dbdc69e9560196ba:segment:018,18,9691.0,7872,activities/061_260404082403.csv,1,1,0,0
fit:febaaaf5812d5a4d961754104dd48b058802abe8740d9686dbdc69e9560196ba,2026-04-04T09:05:35+00:00,84,37,83,54,5.156,318.0,22,fit:febaaaf5812d5a4d961754104dd48b058802abe8740d9686dbdc69e9560196ba:segment:018,18,9692.0,7873,activities/061_260404082403.csv,1,1,0,0
fit:febaaaf5812d5a4d961754104dd48b058802abe8740d9686dbdc69e9560196ba,2026-04-04T09:05:36+00:00,85,0,81,0,5.251,318.0,22,fit:febaaaf5812d5a4d961754104dd48b058802abe8740d9686dbdc69e9560196ba:segment:018,18,9693.0,7874,activities/061_260404082403.csv,1,1,0,0
fit:febaaaf5812d5a4d961754104dd48b058802abe8740d9686dbdc69e9560196ba,2026-04-04T09:05:37+00:00,86,0,81,0,4.935,318.0,22,fit:febaaaf5812d5a4d961754104dd48b058802abe8740d9686dbdc69e9560196ba:segment:018,18,9694.0,7875,activities/061_260404082403.csv,1,1,0,0
fit:febaaaf5812d5a4d961754104dd48b058802abe8740d9686dbdc69e9560196ba,2026-04-04T09:05:38+00:00,87,0,81,0,4.32,318.0,22,fit:febaaaf5812d5a4d961754104dd48b058802abe8740d9686dbdc69e9560196ba:segment:018,18,9695.0,7876,activities/061_260404082403.csv,1,1,0,0
fit:febaaaf5812d5a4d961754104dd48b058802abe8740d9686dbdc69e9560196ba,2026-04-04T09:05:39+00:00,88,0,80,0,4.094,317.6,22,fit:febaaaf5812d5a4d961754104dd48b058802abe8740d9686dbdc69e9560196ba:segment:018,18,9696.0,7877,activities/061_260404082403.csv,1,1,0,0
fit:febaaaf5812d5a4d961754104dd48b058802abe8740d9686dbdc69e9560196ba,2026-04-04T09:05:40+00:00,89,0,80,0,3.752,317.6,22,fit:febaaaf5812d5a4d961754104dd48b058802abe8740d9686dbdc69e9560196ba:segment:018,18,9697.0,7878,activities/061_260404082403.csv,1,1,0,0
fit:febaaaf5812d5a4d961754104dd48b058802abe8740d9686dbdc69e9560196ba,2026-04-04T09:05:41+00:00,90,0,79,0,3.7,317.6,22,fit:febaaaf5812d5a4d961754104dd48b058802abe8740d9686dbdc69e9560196ba:segment:018,18,9698.0,7879,activities/061_260404082403.csv,1,1,0,0
fit:febaaaf5812d5a4d961754104dd48b058802abe8740d9686dbdc69e9560196ba,2026-04-04T09:05:42+00:00,91,0,78,0,3.615,317.6,22,fit:febaaaf5812d5a4d961754104dd48b058802abe8740d9686dbdc69e9560196ba:segment:018,18,9699.0,7880,activities/061_260404082403.csv,1,1,0,0
fit:febaaaf5812d5a4d961754104dd48b058802abe8740d9686dbdc69e9560196ba,2026-04-04T09:05:43+00:00,92,0,78,0,3.544,317.6,22,fit:febaaaf5812d5a4d961754104dd48b058802abe8740d9686dbdc69e9560196ba:segment:018,18,9700.0,7881,activities/061_260404082403.csv,1,1,0,0
fit:febaaaf5812d5a4d961754104dd48b058802abe8740d9686dbdc69e9560196ba,2026-04-04T09:05:44+00:00,93,0,76,0,3.314,317.6,22,fit:febaaaf5812d5a4d961754104dd48b058802abe8740d9686dbdc69e9560196ba:segment:018,18,9701.0,7882,activities/061_260404082403.csv,1,1,0,0
fit:febaaaf5812d5a4d961754104dd48b058802abe8740d9686dbdc69e9560196ba,2026-04-04T09:05:45+00:00,94,0,75,0,3.116,317.6,22,fit:febaaaf5812d5a4d961754104dd48b058802abe8740d9686dbdc69e9560196ba:segment:018,18,9702.0,7883,activities/061_260404082403.csv,1,1,0,0
fit:febaaaf5812d5a4d961754104dd48b058802abe8740d9686dbdc69e9560196ba,2026-04-04T09:05:46+00:00,95,0,75,0,2.881,317.6,22,fit:febaaaf5812d5a4d961754104dd48b058802abe8740d9686dbdc69e9560196ba:segment:018,18,9703.0,7884,activities/061_260404082403.csv,1,1,0,0
fit:febaaaf5812d5a4d961754104dd48b058802abe8740d9686dbdc69e9560196ba,2026-04-04T09:05:47+00:00,96,0,75,0,2.835,317.0,22,fit:febaaaf5812d5a4d961754104dd48b058802abe8740d9686dbdc69e9560196ba:segment:018,18,9704.0,7885,activities/061_260404082403.csv,1,1,0,0
fit:febaaaf5812d5a4d961754104dd48b058802abe8740d9686dbdc69e9560196ba,2026-04-04T09:05:48+00:00,97,0,76,0,3.022,317.0,22,fit:febaaaf5812d5a4d961754104dd48b058802abe8740d9686dbdc69e9560196ba:segment:018,18,9705.0,7886,activities/061_260404082403.csv,1,1,0,0
fit:febaaaf5812d5a4d961754104dd48b058802abe8740d9686dbdc69e9560196ba,2026-04-04T09:05:49+00:00,98,0,76,0,3.372,317.0,22,fit:febaaaf5812d5a4d961754104dd48b058802abe8740d9686dbdc69e9560196ba:segment:018,18,9706.0,7887,activities/061_260404082403.csv,1,1,0,0
fit:febaaaf5812d5a4d961754104dd48b058802abe8740d9686dbdc69e9560196ba,2026-04-04T09:05:50+00:00,99,0,77,0,3.599,317.0,22,fit:febaaaf5812d5a4d961754104dd48b058802abe8740d9686dbdc69e9560196ba:segment:018,18,9707.0,7888,activities/061_260404082403.csv,1,1,0,0
fit:febaaaf5812d5a4d961754104dd48b058802abe8740d9686dbdc69e9560196ba,2026-04-04T09:05:51+00:00,100,0,77,0,3.88,316.6,22,fit:febaaaf5812d5a4d961754104dd48b058802abe8740d9686dbdc69e9560196ba:segment:018,18,9708.0,7889,activities/061_260404082403.csv,1,1,0,0
fit:febaaaf5812d5a4d961754104dd48b058802abe8740d9686dbdc69e9560196ba,2026-04-04T09:05:52+00:00,101,30,77,20,3.919,316.6,22,fit:febaaaf5812d5a4d961754104dd48b058802abe8740d9686dbdc69e9560196ba:segment:018,18,9709.0,7890,activities/061_260404082403.csv,1,1,0,0
fit:febaaaf5812d5a4d961754104dd48b058802abe8740d9686dbdc69e9560196ba,2026-04-04T09:05:53+00:00,102,30,78,20,4.234,316.6,22,fit:febaaaf5812d5a4d961754104dd48b058802abe8740d9686dbdc69e9560196ba:segment:018,18,9710.0,7891,activities/061_260404082403.csv,1,1,0,0
fit:febaaaf5812d5a4d961754104dd48b058802abe8740d9686dbdc69e9560196ba,2026-04-04T09:05:54+00:00,103,69,80,33,4.679,316.4,22,fit:febaaaf5812d5a4d961754104dd48b058802abe8740d9686dbdc69e9560196ba:segment:018,18,9711.0,7892,activities/061_260404082403.csv,1,1,0,0
fit:febaaaf5812d5a4d961754104dd48b058802abe8740d9686dbdc69e9560196ba,2026-04-04T09:05:55+00:00,104,69,80,33,5.03,316.0,22,fit:febaaaf5812d5a4d961754104dd48b058802abe8740d9686dbdc69e9560196ba:segment:018,18,9712.0,7893,activities/061_260404082403.csv,1,1,0,0
fit:febaaaf5812d5a4d961754104dd48b058802abe8740d9686dbdc69e9560196ba,2026-04-04T09:05:56+00:00,105,33,84,24,5.394,316.0,22,fit:febaaaf5812d5a4d961754104dd48b058802abe8740d9686dbdc69e9560196ba:segment:018,18,9713.0,7894,activities/061_260404082403.csv,1,1,0,0
fit:febaaaf5812d5a4d961754104dd48b058802abe8740d9686dbdc69e9560196ba,2026-04-04T09:05:57+00:00,106,162,84,53,5.632,316.0,22,fit:febaaaf5812d5a4d961754104dd48b058802abe8740d9686dbdc69e9560196ba:segment:018,18,9714.0,7895,activities/061_260404082403.csv,1,1,0,0
fit:febaaaf5812d5a4d961754104dd48b058802abe8740d9686dbdc69e9560196ba,2026-04-04T09:05:58+00:00,107,263,86,58,5.917,316.0,22,fit:febaaaf5812d5a4d961754104dd48b058802abe8740d9686dbdc69e9560196ba:segment:018,18,9715.0,7896,activities/061_260404082403.csv,1,1,0,0
fit:febaaaf5812d5a4d961754104dd48b058802abe8740d9686dbdc69e9560196ba,2026-04-04T09:05:59+00:00,108,263,89,58,6.256,315.4,22,fit:febaaaf5812d5a4d961754104dd48b058802abe8740d9686dbdc69e9560196ba:segment:018,18,9716.0,7897,activities/061_260404082403.csv,1,1,0,0
fit:febaaaf5812d5a4d961754104dd48b058802abe8740d9686dbdc69e9560196ba,2026-04-04T09:06:00+00:00,109,263,89,58,6.517,315.4,22,fit:febaaaf5812d5a4d961754104dd48b058802abe8740d9686dbdc69e9560196ba:segment:018,18,9717.0,7898,activities/061_260404082403.csv,1,1,0,0
fit:febaaaf5812d5a4d961754104dd48b058802abe8740d9686dbdc69e9560196ba,2026-04-04T09:06:01+00:00,110,263,90,58,6.432,315.4,22,fit:febaaaf5812d5a4d961754104dd48b058802abe8740d9686dbdc69e9560196ba:segment:018,18,9718.0,7899,activities/061_260404082403.csv,1,1,0,0
fit:febaaaf5812d5a4d961754104dd48b058802abe8740d9686dbdc69e9560196ba,2026-04-04T09:06:02+00:00,111,0,91,0,5.745,315.6,22,fit:febaaaf5812d5a4d961754104dd48b058802abe8740d9686dbdc69e9560196ba:segment:018,18,9719.0,7900,activities/061_260404082403.csv,1,1,0,0
fit:febaaaf5812d5a4d961754104dd48b058802abe8740d9686dbdc69e9560196ba,2026-04-04T09:06:03+00:00,112,0,92,0,4.956,315.79999999999995,22,fit:febaaaf5812d5a4d961754104dd48b058802abe8740d9686dbdc69e9560196ba:segment:018,18,9720.0,7901,activities/061_260404082403.csv,1,1,0,0
fit:febaaaf5812d5a4d961754104dd48b058802abe8740d9686dbdc69e9560196ba,2026-04-04T09:06:04+00:00,113,54,92,37,4.288,315.79999999999995,22,fit:febaaaf5812d5a4d961754104dd48b058802abe8740d9686dbdc69e9560196ba:segment:018,18,9721.0,7902,activities/061_260404082403.csv,1,1,0,0
fit:febaaaf5812d5a4d961754104dd48b058802abe8740d9686dbdc69e9560196ba,2026-04-04T09:06:05+00:00,114,193,92,37,4.143,315.79999999999995,22,fit:febaaaf5812d5a4d961754104dd48b058802abe8740d9686dbdc69e9560196ba:segment:018,18,9722.0,7903,activities/061_260404082403.csv,1,1,0,0
fit:febaaaf5812d5a4d961754104dd48b058802abe8740d9686dbdc69e9560196ba,2026-04-04T09:06:06+00:00,115,379,94,47,4.485,316.20000000000005,22,fit:febaaaf5812d5a4d961754104dd48b058802abe8740d9686dbdc69e9560196ba:segment:018,18,9723.0,7904,activities/061_260404082403.csv,1,1,0,0
fit:febaaaf5812d5a4d961754104dd48b058802abe8740d9686dbdc69e9560196ba,2026-04-04T09:06:07+00:00,116,320,95,55,5.172,315.4,22,fit:febaaaf5812d5a4d961754104dd48b058802abe8740d9686dbdc69e9560196ba:segment:018,18,9724.0,7905,activities/061_260404082403.csv,1,1,0,0
fit:febaaaf5812d5a4d961754104dd48b058802abe8740d9686dbdc69e9560196ba,2026-04-04T09:06:08+00:00,117,276,96,59,5.854,315.4,22,fit:febaaaf5812d5a4d961754104dd48b058802abe8740d9686dbdc69e9560196ba:segment:018,18,9725.0,7906,activities/061_260404082403.csv,1,1,0,0
fit:febaaaf5812d5a4d961754104dd48b058802abe8740d9686dbdc69e9560196ba,2026-04-04T09:06:09+00:00,118,276,97,59,6.343,315.4,22,fit:febaaaf5812d5a4d961754104dd48b058802abe8740d9686dbdc69e9560196ba:segment:018,18,9726.0,7907,activities/061_260404082403.csv,1,1,0,0
fit:febaaaf5812d5a4d961754104dd48b058802abe8740d9686dbdc69e9560196ba,2026-04-04T09:06:10+00:00,119,85,99,63,6.648,315.20000000000005,22,fit:febaaaf5812d5a4d961754104dd48b058802abe8740d9686dbdc69e9560196ba:segment:018,18,9727.0,7908,activities/061_260404082403.csv,1,1,0,0
fit:febaaaf5812d5a4d961754104dd48b058802abe8740d9686dbdc69e9560196ba,2026-04-04T09:06:11+00:00,120,56,102,64,6.698,314.79999999999995,22,fit:febaaaf5812d5a4d961754104dd48b058802abe8740d9686dbdc69e9560196ba:segment:018,18,9728.0,7909,activities/061_260404082403.csv,1,1,0,0
fit:febaaaf5812d5a4d961754104dd48b058802abe8740d9686dbdc69e9560196ba,2026-04-04T09:06:12+00:00,121,56,104,64,6.722,314.79999999999995,22,fit:febaaaf5812d5a4d961754104dd48b058802abe8740d9686dbdc69e9560196ba:segment:018,18,9729.0,7910,activities/061_260404082403.csv,1,1,0,0
fit:febaaaf5812d5a4d961754104dd48b058802abe8740d9686dbdc69e9560196ba,2026-04-04T09:06:13+00:00,122,56,107,64,6.707,314.79999999999995,22,fit:febaaaf5812d5a4d961754104dd48b058802abe8740d9686dbdc69e9560196ba:segment:018,18,9730.0,7911,activities/061_260404082403.csv,1,1,0,0
fit:febaaaf5812d5a4d961754104dd48b058802abe8740d9686dbdc69e9560196ba,2026-04-04T09:06:14+00:00,123,54,109,63,6.892,314.79999999999995,22,fit:febaaaf5812d5a4d961754104dd48b058802abe8740d9686dbdc69e9560196ba:segment:018,18,9731.0,7912,activities/061_260404082403.csv,1,1,0,0
fit:febaaaf5812d5a4d961754104dd48b058802abe8740d9686dbdc69e9560196ba,2026-04-04T09:06:15+00:00,124,49,111,60,6.674,315.4,22,fit:febaaaf5812d5a4d961754104dd48b058802abe8740d9686dbdc69e9560196ba:segment:018,18,9732.0,7913,activities/061_260404082403.csv,1,1,0,0
fit:febaaaf5812d5a4d961754104dd48b058802abe8740d9686dbdc69e9560196ba,2026-04-04T09:06:16+00:00,125,44,111,57,6.642,315.4,22,fit:febaaaf5812d5a4d961754104dd48b058802abe8740d9686dbdc69e9560196ba:segment:018,18,9733.0,7914,activities/061_260404082403.csv,1,1,0,0
fit:febaaaf5812d5a4d961754104dd48b058802abe8740d9686dbdc69e9560196ba,2026-04-04T09:06:17+00:00,126,40,111,54,6.715,315.4,22,fit:febaaaf5812d5a4d961754104dd48b058802abe8740d9686dbdc69e9560196ba:segment:018,18,9734.0,7915,activities/061_260404082403.csv,1,1,0,0
fit:febaaaf5812d5a4d961754104dd48b058802abe8740d9686dbdc69e9560196ba,2026-04-04T09:06:18+00:00,127,194,111,65,6.932,314.4,22,fit:febaaaf5812d5a4d961754104dd48b058802abe8740d9686dbdc69e9560196ba:segment:018,18,9735.0,7916,activities/061_260404082403.csv,1,1,0,0
fit:febaaaf5812d5a4d961754104dd48b058802abe8740d9686dbdc69e9560196ba,2026-04-04T09:06:19+00:00,128,233,111,65,7.164,314.6,22,fit:febaaaf5812d5a4d961754104dd48b058802abe8740d9686dbdc69e9560196ba:segment:018,18,9736.0,7917,activities/061_260404082403.csv,1,1,0,0
fit:febaaaf5812d5a4d961754104dd48b058802abe8740d9686dbdc69e9560196ba,2026-04-04T09:06:20+00:00,129,102,110,68,7.233,314.6,22,fit:febaaaf5812d5a4d961754104dd48b058802abe8740d9686dbdc69e9560196ba:segment:018,18,9737.0,7918,activities/061_260404082403.csv,1,1,0,0
fit:febaaaf5812d5a4d961754104dd48b058802abe8740d9686dbdc69e9560196ba,2026-04-04T09:06:21+00:00,130,112,110,69,7.299,314.6,22,fit:febaaaf5812d5a4d961754104dd48b058802abe8740d9686dbdc69e9560196ba:segment:018,18,9738.0,7919,activities/061_260404082403.csv,1,1,0,0
fit:febaaaf5812d5a4d961754104dd48b058802abe8740d9686dbdc69e9560196ba,2026-04-04T09:06:22+00:00,131,136,109,70,7.514,314.6,22,fit:febaaaf5812d5a4d961754104dd48b058802abe8740d9686dbdc69e9560196ba:segment:018,18,9739.0,7920,activities/061_260404082403.csv,1,1,0,0
fit:febaaaf5812d5a4d961754104dd48b058802abe8740d9686dbdc69e9560196ba,2026-04-04T09:06:23+00:00,132,128,108,73,7.703,314.6,22,fit:febaaaf5812d5a4d961754104dd48b058802abe8740d9686dbdc69e9560196ba:segment:018,18,9740.0,7921,activities/061_260404082403.csv,1,1,0,0
fit:febaaaf5812d5a4d961754104dd48b058802abe8740d9686dbdc69e9560196ba,2026-04-04T09:06:24+00:00,133,107,108,74,7.881,314.6,22,fit:febaaaf5812d5a4d961754104dd48b058802abe8740d9686dbdc69e9560196ba:segment:018,18,9741.0,7922,activities/061_260404082403.csv,1,1,0,0
fit:febaaaf5812d5a4d961754104dd48b058802abe8740d9686dbdc69e9560196ba,2026-04-04T09:06:25+00:00,134,107,108,74,8.082,314.6,22,fit:febaaaf5812d5a4d961754104dd48b058802abe8740d9686dbdc69e9560196ba:segment:018,18,9742.0,7923,activities/061_260404082403.csv,1,1,0,0
fit:febaaaf5812d5a4d961754104dd48b058802abe8740d9686dbdc69e9560196ba,2026-04-04T09:06:26+00:00,135,110,108,77,8.217,313.79999999999995,22,fit:febaaaf5812d5a4d961754104dd48b058802abe8740d9686dbdc69e9560196ba:segment:018,18,9743.0,7924,activities/061_260404082403.csv,1,1,0,0
fit:febaaaf5812d5a4d961754104dd48b058802abe8740d9686dbdc69e9560196ba,2026-04-04T09:06:27+00:00,136,112,110,79,8.377,312.4,22,fit:febaaaf5812d5a4d961754104dd48b058802abe8740d9686dbdc69e9560196ba:segment:018,18,9744.0,7925,activities/061_260404082403.csv,1,1,0,0
fit:febaaaf5812d5a4d961754104dd48b058802abe8740d9686dbdc69e9560196ba,2026-04-04T09:06:28+00:00,137,105,111,81,8.452,312.4,22,fit:febaaaf5812d5a4d961754104dd48b058802abe8740d9686dbdc69e9560196ba:segment:018,18,9745.0,7926,activities/061_260404082403.csv,1,1,0,0
fit:febaaaf5812d5a4d961754104dd48b058802abe8740d9686dbdc69e9560196ba,2026-04-04T09:06:29+00:00,138,123,112,82,8.742,312.4,22,fit:febaaaf5812d5a4d961754104dd48b058802abe8740d9686dbdc69e9560196ba:segment:018,18,9746.0,7927,activities/061_260404082403.csv,1,1,0,0
fit:febaaaf5812d5a4d961754104dd48b058802abe8740d9686dbdc69e9560196ba,2026-04-04T09:06:30+00:00,139,109,112,83,8.883,312.4,22,fit:febaaaf5812d5a4d961754104dd48b058802abe8740d9686dbdc69e9560196ba:segment:018,18,9747.0,7928,activities/061_260404082403.csv,1,1,0,0
fit:febaaaf5812d5a4d961754104dd48b058802abe8740d9686dbdc69e9560196ba,2026-04-04T09:06:31+00:00,140,65,113,84,9.122,312.0,22,fit:febaaaf5812d5a4d961754104dd48b058802abe8740d9686dbdc69e9560196ba:segment:018,18,9748.0,7929,activities/061_260404082403.csv,1,1,0,0
fit:febaaaf5812d5a4d961754104dd48b058802abe8740d9686dbdc69e9560196ba,2026-04-04T09:06:32+00:00,141,78,114,85,9.295,312.0,22,fit:febaaaf5812d5a4d961754104dd48b058802abe8740d9686dbdc69e9560196ba:segment:018,18,9749.0,7930,activities/061_260404082403.csv,1,1,0,0
fit:febaaaf5812d5a4d961754104dd48b058802abe8740d9686dbdc69e9560196ba,2026-04-04T09:06:33+00:00,142,64,114,85,9.343,312.0,22,fit:febaaaf5812d5a4d961754104dd48b058802abe8740d9686dbdc69e9560196ba:segment:018,18,9750.0,7931,activities/061_260404082403.csv,1,1,0,0
fit:febaaaf5812d5a4d961754104dd48b058802abe8740d9686dbdc69e9560196ba,2026-04-04T09:06:34+00:00,143,62,114,85,9.369,311.0,22,fit:febaaaf5812d5a4d961754104dd48b058802abe8740d9686dbdc69e9560196ba:segment:018,18,9751.0,7932,activities/061_260404082403.csv,1,1,0,0
fit:febaaaf5812d5a4d961754104dd48b058802abe8740d9686dbdc69e9560196ba,2026-04-04T09:06:35+00:00,144,172,114,87,9.58,311.4,22,fit:febaaaf5812d5a4d961754104dd48b058802abe8740d9686dbdc69e9560196ba:segment:018,18,9752.0,7933,activities/061_260404082403.csv,1,1,0,0
fit:febaaaf5812d5a4d961754104dd48b058802abe8740d9686dbdc69e9560196ba,2026-04-04T09:06:36+00:00,145,172,114,89,9.787,311.4,22,fit:febaaaf5812d5a4d961754104dd48b058802abe8740d9686dbdc69e9560196ba:segment:018,18,9753.0,7934,activities/061_260404082403.csv,1,1,0,0
fit:febaaaf5812d5a4d961754104dd48b058802abe8740d9686dbdc69e9560196ba,2026-04-04T09:06:37+00:00,146,182,114,91,9.936,311.4,22,fit:febaaaf5812d5a4d961754104dd48b058802abe8740d9686dbdc69e9560196ba:segment:018,18,9754.0,7935,activities/061_260404082403.csv,1,1,0,0
fit:febaaaf5812d5a4d961754104dd48b058802abe8740d9686dbdc69e9560196ba,2026-04-04T09:06:38+00:00,147,111,115,92,10.065,310.4,22,fit:febaaaf5812d5a4d961754104dd48b058802abe8740d9686dbdc69e9560196ba:segment:018,18,9755.0,7936,activities/061_260404082403.csv,1,1,0,0
fit:febaaaf5812d5a4d961754104dd48b058802abe8740d9686dbdc69e9560196ba,2026-04-04T09:06:39+00:00,148,112,115,93,10.277,309.4,22,fit:febaaaf5812d5a4d961754104dd48b058802abe8740d9686dbdc69e9560196ba:segment:018,18,9756.0,7937,activities/061_260404082403.csv,1,1,0,0
fit:febaaaf5812d5a4d961754104dd48b058802abe8740d9686dbdc69e9560196ba,2026-04-04T09:06:40+00:00,149,120,117,94,10.373,309.4,22,fit:febaaaf5812d5a4d961754104dd48b058802abe8740d9686dbdc69e9560196ba:segment:018,18,9757.0,7938,activities/061_260404082403.csv,1,1,0,0
fit:febaaaf5812d5a4d961754104dd48b058802abe8740d9686dbdc69e9560196ba,2026-04-04T09:06:41+00:00,150,131,117,94,10.365,309.4,22,fit:febaaaf5812d5a4d961754104dd48b058802abe8740d9686dbdc69e9560196ba:segment:018,18,9758.0,7939,activities/061_260404082403.csv,1,1,0,0
fit:febaaaf5812d5a4d961754104dd48b058802abe8740d9686dbdc69e9560196ba,2026-04-04T09:06:42+00:00,151,162,120,94,10.3,309.4,22,fit:febaaaf5812d5a4d961754104dd48b058802abe8740d9686dbdc69e9560196ba:segment:018,18,9759.0,7940,activities/061_260404082403.csv,1,1,0,0
fit:febaaaf5812d5a4d961754104dd48b058802abe8740d9686dbdc69e9560196ba,2026-04-04T09:06:43+00:00,152,218,121,94,10.261,310.20000000000005,21,fit:febaaaf5812d5a4d961754104dd48b058802abe8740d9686dbdc69e9560196ba:segment:018,18,9760.0,7941,activities/061_260404082403.csv,1,1,0,0
fit:febaaaf5812d5a4d961754104dd48b058802abe8740d9686dbdc69e9560196ba,2026-04-04T09:06:44+00:00,153,220,121,95,10.437,310.20000000000005,22,fit:febaaaf5812d5a4d961754104dd48b058802abe8740d9686dbdc69e9560196ba:segment:018,18,9761.0,7942,activities/061_260404082403.csv,1,1,0,0
fit:febaaaf5812d5a4d961754104dd48b058802abe8740d9686dbdc69e9560196ba,2026-04-04T09:06:45+00:00,154,214,121,95,10.338,310.20000000000005,21,fit:febaaaf5812d5a4d961754104dd48b058802abe8740d9686dbdc69e9560196ba:segment:018,18,9762.0,7943,activities/061_260404082403.csv,1,1,0,0
fit:febaaaf5812d5a4d961754104dd48b058802abe8740d9686dbdc69e9560196ba,2026-04-04T09:06:46+00:00,155,218,122,95,10.486,309.20000000000005,21,fit:febaaaf5812d5a4d961754104dd48b058802abe8740d9686dbdc69e9560196ba:segment:018,18,9763.0,7944,activities/061_260404082403.csv,1,1,0,0
fit:febaaaf5812d5a4d961754104dd48b058802abe8740d9686dbdc69e9560196ba,2026-04-04T09:06:47+00:00,156,216,122,94,10.358,309.20000000000005,21,fit:febaaaf5812d5a4d961754104dd48b058802abe8740d9686dbdc69e9560196ba:segment:018,18,9764.0,7945,activities/061_260404082403.csv,1,1,0,0
fit:febaaaf5812d5a4d961754104dd48b058802abe8740d9686dbdc69e9560196ba,2026-04-04T09:06:48+00:00,157,271,121,94,10.329,309.20000000000005,21,fit:febaaaf5812d5a4d961754104dd48b058802abe8740d9686dbdc69e9560196ba:segment:018,18,9765.0,7946,activities/061_260404082403.csv,1,1,0,0
fit:febaaaf5812d5a4d961754104dd48b058802abe8740d9686dbdc69e9560196ba,2026-04-04T09:06:49+00:00,158,173,121,94,10.314,309.20000000000005,21,fit:febaaaf5812d5a4d961754104dd48b058802abe8740d9686dbdc69e9560196ba:segment:018,18,9766.0,7947,activities/061_260404082403.csv,1,1,0,0
fit:febaaaf5812d5a4d961754104dd48b058802abe8740d9686dbdc69e9560196ba,2026-04-04T09:06:50+00:00,159,173,121,93,10.266,309.20000000000005,21,fit:febaaaf5812d5a4d961754104dd48b058802abe8740d9686dbdc69e9560196ba:segment:018,18,9767.0,7948,activities/061_260404082403.csv,1,1,0,0
fit:febaaaf5812d5a4d961754104dd48b058802abe8740d9686dbdc69e9560196ba,2026-04-04T09:06:51+00:00,160,173,121,93,10.038,308.79999999999995,21,fit:febaaaf5812d5a4d961754104dd48b058802abe8740d9686dbdc69e9560196ba:segment:018,18,9768.0,7949,activities/061_260404082403.csv,1,1,0,0
fit:febaaaf5812d5a4d961754104dd48b058802abe8740d9686dbdc69e9560196ba,2026-04-04T09:06:52+00:00,161,173,121,93,9.857,308.79999999999995,21,fit:febaaaf5812d5a4d961754104dd48b058802abe8740d9686dbdc69e9560196ba:segment:018,18,9769.0,7950,activities/061_260404082403.csv,1,1,0,0
fit:febaaaf5812d5a4d961754104dd48b058802abe8740d9686dbdc69e9560196ba,2026-04-04T09:06:53+00:00,162,173,121,93,9.415,308.79999999999995,21,fit:febaaaf5812d5a4d961754104dd48b058802abe8740d9686dbdc69e9560196ba:segment:018,18,9770.0,7951,activities/061_260404082403.csv,1,1,0,0
fit:febaaaf5812d5a4d961754104dd48b058802abe8740d9686dbdc69e9560196ba,2026-04-04T09:06:54+00:00,163,0,122,0,8.934,309.79999999999995,21,fit:febaaaf5812d5a4d961754104dd48b058802abe8740d9686dbdc69e9560196ba:segment:018,18,9771.0,7952,activities/061_260404082403.csv,1,1,0,0
fit:febaaaf5812d5a4d961754104dd48b058802abe8740d9686dbdc69e9560196ba,2026-04-04T09:06:55+00:00,164,0,123,0,8.476,310.4,21,fit:febaaaf5812d5a4d961754104dd48b058802abe8740d9686dbdc69e9560196ba:segment:018,18,9772.0,7953,activities/061_260404082403.csv,1,1,0,0
fit:febaaaf5812d5a4d961754104dd48b058802abe8740d9686dbdc69e9560196ba,2026-04-04T09:06:56+00:00,165,0,124,0,7.815,310.4,21,fit:febaaaf5812d5a4d961754104dd48b058802abe8740d9686dbdc69e9560196ba:segment:018,18,9773.0,7954,activities/061_260404082403.csv,1,1,0,0
fit:febaaaf5812d5a4d961754104dd48b058802abe8740d9686dbdc69e9560196ba,2026-04-04T09:06:57+00:00,166,305,124,66,7.5,310.4,21,fit:febaaaf5812d5a4d961754104dd48b058802abe8740d9686dbdc69e9560196ba:segment:018,18,9774.0,7955,activities/061_260404082403.csv,1,1,0,0
fit:febaaaf5812d5a4d961754104dd48b058802abe8740d9686dbdc69e9560196ba,2026-04-04T09:06:58+00:00,167,381,124,68,7.474,311.4,21,fit:febaaaf5812d5a4d961754104dd48b058802abe8740d9686dbdc69e9560196ba:segment:018,18,9775.0,7956,activities/061_260404082403.csv,1,1,0,0
fit:febaaaf5812d5a4d961754104dd48b058802abe8740d9686dbdc69e9560196ba,2026-04-04T09:06:59+00:00,168,381,125,68,7.609,311.20000000000005,21,fit:febaaaf5812d5a4d961754104dd48b058802abe8740d9686dbdc69e9560196ba:segment:018,18,9776.0,7957,activities/061_260404082403.csv,1,1,0,0
fit:febaaaf5812d5a4d961754104dd48b058802abe8740d9686dbdc69e9560196ba,2026-04-04T09:07:00+00:00,169,285,125,72,7.615,311.20000000000005,21,fit:febaaaf5812d5a4d961754104dd48b058802abe8740d9686dbdc69e9560196ba:segment:018,18,9777.0,7958,activities/061_260404082403.csv,1,1,0,0
fit:febaaaf5812d5a4d961754104dd48b058802abe8740d9686dbdc69e9560196ba,2026-04-04T09:07:01+00:00,170,286,125,73,7.799,311.20000000000005,21,fit:febaaaf5812d5a4d961754104dd48b058802abe8740d9686dbdc69e9560196ba:segment:018,18,9778.0,7959,activities/061_260404082403.csv,1,1,0,0
fit:febaaaf5812d5a4d961754104dd48b058802abe8740d9686dbdc69e9560196ba,2026-04-04T09:07:02+00:00,171,276,125,75,7.862,312.0,21,fit:febaaaf5812d5a4d961754104dd48b058802abe8740d9686dbdc69e9560196ba:segment:018,18,9779.0,7960,activities/061_260404082403.csv,1,1,0,0
fit:febaaaf5812d5a4d961754104dd48b058802abe8740d9686dbdc69e9560196ba,2026-04-04T09:07:03+00:00,172,354,125,76,8.073,313.0,21,fit:febaaaf5812d5a4d961754104dd48b058802abe8740d9686dbdc69e9560196ba:segment:018,18,9780.0,7961,activities/061_260404082403.csv,1,1,0,0
fit:febaaaf5812d5a4d961754104dd48b058802abe8740d9686dbdc69e9560196ba,2026-04-04T09:07:04+00:00,173,280,126,76,8.321,313.0,21,fit:febaaaf5812d5a4d961754104dd48b058802abe8740d9686dbdc69e9560196ba:segment:018,18,9781.0,7962,activities/061_260404082403.csv,1,1,0,0
fit:febaaaf5812d5a4d961754104dd48b058802abe8740d9686dbdc69e9560196ba,2026-04-04T09:07:05+00:00,174,227,126,77,8.393,313.0,21,fit:febaaaf5812d5a4d961754104dd48b058802abe8740d9686dbdc69e9560196ba:segment:018,18,9782.0,7963,activities/061_260404082403.csv,1,1,0,0
fit:febaaaf5812d5a4d961754104dd48b058802abe8740d9686dbdc69e9560196ba,2026-04-04T09:07:06+00:00,175,194,126,76,8.443,312.4,21,fit:febaaaf5812d5a4d961754104dd48b058802abe8740d9686dbdc69e9560196ba:segment:018,18,9783.0,7964,activities/061_260404082403.csv,1,1,0,0
fit:febaaaf5812d5a4d961754104dd48b058802abe8740d9686dbdc69e9560196ba,2026-04-04T09:07:07+00:00,176,175,127,75,8.462,312.0,21,fit:febaaaf5812d5a4d961754104dd48b058802abe8740d9686dbdc69e9560196ba:segment:018,18,9784.0,7965,activities/061_260404082403.csv,1,1,0,0
fit:febaaaf5812d5a4d961754104dd48b058802abe8740d9686dbdc69e9560196ba,2026-04-04T09:07:08+00:00,177,178,127,74,8.227,312.0,21,fit:febaaaf5812d5a4d961754104dd48b058802abe8740d9686dbdc69e9560196ba:segment:018,18,9785.0,7966,activities/061_260404082403.csv,1,1,0,0
fit:febaaaf5812d5a4d961754104dd48b058802abe8740d9686dbdc69e9560196ba,2026-04-04T09:07:09+00:00,178,161,130,72,8.142,312.0,21,fit:febaaaf5812d5a4d961754104dd48b058802abe8740d9686dbdc69e9560196ba:segment:018,18,9786.0,7967,activities/061_260404082403.csv,1,1,0,0
fit:febaaaf5812d5a4d961754104dd48b058802abe8740d9686dbdc69e9560196ba,2026-04-04T09:07:10+00:00,179,161,130,72,8.019,312.0,21,fit:febaaaf5812d5a4d961754104dd48b058802abe8740d9686dbdc69e9560196ba:segment:018,18,9787.0,7968,activities/061_260404082403.csv,1,1,0,0
fit:febaaaf5812d5a4d961754104dd48b058802abe8740d9686dbdc69e9560196ba,2026-04-04T09:07:11+00:00,180,227,131,71,7.825,312.79999999999995,21,fit:febaaaf5812d5a4d961754104dd48b058802abe8740d9686dbdc69e9560196ba:segment:018,18,9788.0,7969,activities/061_260404082403.csv,1,1,0,0
fit:febaaaf5812d5a4d961754104dd48b058802abe8740d9686dbdc69e9560196ba,2026-04-04T09:07:12+00:00,181,222,133,71,7.834,312.79999999999995,21,fit:febaaaf5812d5a4d961754104dd48b058802abe8740d9686dbdc69e9560196ba:segment:018,18,9789.0,7970,activities/061_260404082403.csv,1,1,0,0
fit:febaaaf5812d5a4d961754104dd48b058802abe8740d9686dbdc69e9560196ba,2026-04-04T09:07:13+00:00,182,205,135,72,7.921,312.79999999999995,21,fit:febaaaf5812d5a4d961754104dd48b058802abe8740d9686dbdc69e9560196ba:segment:018,18,9790.0,7971,activities/061_260404082403.csv,1,1,0,0
fit:febaaaf5812d5a4d961754104dd48b058802abe8740d9686dbdc69e9560196ba,2026-04-04T09:07:14+00:00,183,178,135,72,8.043,312.4,21,fit:febaaaf5812d5a4d961754104dd48b058802abe8740d9686dbdc69e9560196ba:segment:018,18,9791.0,7972,activities/061_260404082403.csv,1,1,0,0
fit:febaaaf5812d5a4d961754104dd48b058802abe8740d9686dbdc69e9560196ba,2026-04-04T09:07:15+00:00,184,179,136,72,7.92,312.6,21,fit:febaaaf5812d5a4d961754104dd48b058802abe8740d9686dbdc69e9560196ba:segment:018,18,9792.0,7973,activities/061_260404082403.csv,1,1,0,0
fit:febaaaf5812d5a4d961754104dd48b058802abe8740d9686dbdc69e9560196ba,2026-04-04T09:07:16+00:00,185,119,138,72,8.08,312.6,21,fit:febaaaf5812d5a4d961754104dd48b058802abe8740d9686dbdc69e9560196ba:segment:018,18,9793.0,7974,activities/061_260404082403.csv,1,1,0,0
fit:febaaaf5812d5a4d961754104dd48b058802abe8740d9686dbdc69e9560196ba,2026-04-04T09:07:17+00:00,186,196,139,71,8.099,312.6,21,fit:febaaaf5812d5a4d961754104dd48b058802abe8740d9686dbdc69e9560196ba:segment:018,18,9794.0,7975,activities/061_260404082403.csv,1,1,0,0
fit:febaaaf5812d5a4d961754104dd48b058802abe8740d9686dbdc69e9560196ba,2026-04-04T09:07:18+00:00,187,216,139,72,8.052,312.6,21,fit:febaaaf5812d5a4d961754104dd48b058802abe8740d9686dbdc69e9560196ba:segment:018,18,9795.0,7976,activities/061_260404082403.csv,1,1,0,0
fit:febaaaf5812d5a4d961754104dd48b058802abe8740d9686dbdc69e9560196ba,2026-04-04T09:07:19+00:00,188,240,139,73,8.064,312.6,21,fit:febaaaf5812d5a4d961754104dd48b058802abe8740d9686dbdc69e9560196ba:segment:018,18,9796.0,7977,activities/061_260404082403.csv,1,1,0,0
fit:febaaaf5812d5a4d961754104dd48b058802abe8740d9686dbdc69e9560196ba,2026-04-04T09:07:20+00:00,189,240,140,73,8.172,312.6,21,fit:febaaaf5812d5a4d961754104dd48b058802abe8740d9686dbdc69e9560196ba:segment:018,18,9797.0,7978,activities/061_260404082403.csv,1,1,0,0
fit:febaaaf5812d5a4d961754104dd48b058802abe8740d9686dbdc69e9560196ba,2026-04-04T09:07:21+00:00,190,214,140,74,8.152,312.6,21,fit:febaaaf5812d5a4d961754104dd48b058802abe8740d9686dbdc69e9560196ba:segment:018,18,9798.0,7979,activities/061_260404082403.csv,1,1,0,0
fit:febaaaf5812d5a4d961754104dd48b058802abe8740d9686dbdc69e9560196ba,2026-04-04T09:07:22+00:00,191,173,140,75,8.237,312.6,21,fit:febaaaf5812d5a4d961754104dd48b058802abe8740d9686dbdc69e9560196ba:segment:018,18,9799.0,7980,activities/061_260404082403.csv,1,1,0,0
fit:febaaaf5812d5a4d961754104dd48b058802abe8740d9686dbdc69e9560196ba,2026-04-04T09:07:23+00:00,192,225,140,74,8.181,312.4,21,fit:febaaaf5812d5a4d961754104dd48b058802abe8740d9686dbdc69e9560196ba:segment:018,18,9800.0,7981,activities/061_260404082403.csv,1,1,0,0
fit:febaaaf5812d5a4d961754104dd48b058802abe8740d9686dbdc69e9560196ba,2026-04-04T09:07:24+00:00,193,180,141,75,7.981,312.4,21,fit:febaaaf5812d5a4d961754104dd48b058802abe8740d9686dbdc69e9560196ba:segment:018,18,9801.0,7982,activities/061_260404082403.csv,1,1,0,0
fit:febaaaf5812d5a4d961754104dd48b058802abe8740d9686dbdc69e9560196ba,2026-04-04T09:07:25+00:00,194,167,141,75,8.072,312.4,21,fit:febaaaf5812d5a4d961754104dd48b058802abe8740d9686dbdc69e9560196ba:segment:018,18,9802.0,7983,activities/061_260404082403.csv,1,1,0,0
fit:febaaaf5812d5a4d961754104dd48b058802abe8740d9686dbdc69e9560196ba,2026-04-04T09:07:26+00:00,195,179,141,75,8.057,312.20000000000005,21,fit:febaaaf5812d5a4d961754104dd48b058802abe8740d9686dbdc69e9560196ba:segment:018,18,9803.0,7984,activities/061_260404082403.csv,1,1,0,0
fit:febaaaf5812d5a4d961754104dd48b058802abe8740d9686dbdc69e9560196ba,2026-04-04T09:07:27+00:00,196,118,141,75,8.344,312.6,21,fit:febaaaf5812d5a4d961754104dd48b058802abe8740d9686dbdc69e9560196ba:segment:018,18,9804.0,7985,activities/061_260404082403.csv,1,1,0,0
fit:febaaaf5812d5a4d961754104dd48b058802abe8740d9686dbdc69e9560196ba,2026-04-04T09:07:28+00:00,197,182,141,75,8.372,312.6,21,fit:febaaaf5812d5a4d961754104dd48b058802abe8740d9686dbdc69e9560196ba:segment:018,18,9805.0,7986,activities/061_260404082403.csv,1,1,0,0
fit:febaaaf5812d5a4d961754104dd48b058802abe8740d9686dbdc69e9560196ba,2026-04-04T09:07:29+00:00,198,229,141,75,8.289,312.6,21,fit:febaaaf5812d5a4d961754104dd48b058802abe8740d9686dbdc69e9560196ba:segment:018,18,9806.0,7987,activities/061_260404082403.csv,1,1,0,0
fit:febaaaf5812d5a4d961754104dd48b058802abe8740d9686dbdc69e9560196ba,2026-04-04T09:07:30+00:00,199,229,141,75,8.373,312.6,21,fit:febaaaf5812d5a4d961754104dd48b058802abe8740d9686dbdc69e9560196ba:segment:018,18,9807.0,7988,activities/061_260404082403.csv,1,1,0,0
fit:febaaaf5812d5a4d961754104dd48b058802abe8740d9686dbdc69e9560196ba,2026-04-04T09:07:31+00:00,200,247,141,76,8.303,312.79999999999995,21,fit:febaaaf5812d5a4d961754104dd48b058802abe8740d9686dbdc69e9560196ba:segment:018,18,9808.0,7989,activities/061_260404082403.csv,1,1,0,0
fit:febaaaf5812d5a4d961754104dd48b058802abe8740d9686dbdc69e9560196ba,2026-04-04T09:07:32+00:00,201,259,140,77,8.329,312.79999999999995,21,fit:febaaaf5812d5a4d961754104dd48b058802abe8740d9686dbdc69e9560196ba:segment:018,18,9809.0,7990,activities/061_260404082403.csv,1,1,0,0
fit:febaaaf5812d5a4d961754104dd48b058802abe8740d9686dbdc69e9560196ba,2026-04-04T09:07:33+00:00,202,280,140,78,8.354,312.79999999999995,21,fit:febaaaf5812d5a4d961754104dd48b058802abe8740d9686dbdc69e9560196ba:segment:018,18,9810.0,7991,activities/061_260404082403.csv,1,1,0,0
fit:febaaaf5812d5a4d961754104dd48b058802abe8740d9686dbdc69e9560196ba,2026-04-04T09:07:34+00:00,203,191,140,79,8.403,312.79999999999995,21,fit:febaaaf5812d5a4d961754104dd48b058802abe8740d9686dbdc69e9560196ba:segment:018,18,9811.0,7992,activities/061_260404082403.csv,1,1,0,0
fit:febaaaf5812d5a4d961754104dd48b058802abe8740d9686dbdc69e9560196ba,2026-04-04T09:07:35+00:00,204,190,140,79,8.412,312.79999999999995,21,fit:febaaaf5812d5a4d961754104dd48b058802abe8740d9686dbdc69e9560196ba:segment:018,18,9812.0,7993,activities/061_260404082403.csv,1,1,0,0
fit:febaaaf5812d5a4d961754104dd48b058802abe8740d9686dbdc69e9560196ba,2026-04-04T09:07:36+00:00,205,218,140,78,8.309,312.79999999999995,21,fit:febaaaf5812d5a4d961754104dd48b058802abe8740d9686dbdc69e9560196ba:segment:018,18,9813.0,7994,activities/061_260404082403.csv,1,1,0,0
fit:febaaaf5812d5a4d961754104dd48b058802abe8740d9686dbdc69e9560196ba,2026-04-04T09:07:37+00:00,206,233,140,78,8.516,312.79999999999995,21,fit:febaaaf5812d5a4d961754104dd48b058802abe8740d9686dbdc69e9560196ba:segment:018,18,9814.0,7995,activities/061_260404082403.csv,1,1,0,0
fit:febaaaf5812d5a4d961754104dd48b058802abe8740d9686dbdc69e9560196ba,2026-04-04T09:07:38+00:00,207,283,141,79,8.333,312.6,21,fit:febaaaf5812d5a4d961754104dd48b058802abe8740d9686dbdc69e9560196ba:segment:018,18,9815.0,7996,activities/061_260404082403.csv,1,1,0,0
fit:febaaaf5812d5a4d961754104dd48b058802abe8740d9686dbdc69e9560196ba,2026-04-04T09:07:39+00:00,208,257,142,79,8.391,312.4,21,fit:febaaaf5812d5a4d961754104dd48b058802abe8740d9686dbdc69e9560196ba:segment:018,18,9816.0,7997,activities/061_260404082403.csv,1,1,0,0
fit:febaaaf5812d5a4d961754104dd48b058802abe8740d9686dbdc69e9560196ba,2026-04-04T09:07:40+00:00,209,218,143,80,8.347,312.4,21,fit:febaaaf5812d5a4d961754104dd48b058802abe8740d9686dbdc69e9560196ba:segment:018,18,9817.0,7998,activities/061_260404082403.csv,1,1,0,0
fit:febaaaf5812d5a4d961754104dd48b058802abe8740d9686dbdc69e9560196ba,2026-04-04T09:07:41+00:00,210,219,143,80,8.427,312.4,21,fit:febaaaf5812d5a4d961754104dd48b058802abe8740d9686dbdc69e9560196ba:segment:018,18,9818.0,7999,activities/061_260404082403.csv,1,1,0,0
fit:febaaaf5812d5a4d961754104dd48b058802abe8740d9686dbdc69e9560196ba,2026-04-04T09:07:42+00:00,211,231,143,80,8.059,312.4,21,fit:febaaaf5812d5a4d961754104dd48b058802abe8740d9686dbdc69e9560196ba:segment:018,18,9819.0,8000,activities/061_260404082403.csv,1,1,0,0
fit:febaaaf5812d5a4d961754104dd48b058802abe8740d9686dbdc69e9560196ba,2026-04-04T09:07:43+00:00,212,205,144,81,8.066,312.6,21,fit:febaaaf5812d5a4d961754104dd48b058802abe8740d9686dbdc69e9560196ba:segment:018,18,9820.0,8001,activities/061_260404082403.csv,1,1,0,0
fit:febaaaf5812d5a4d961754104dd48b058802abe8740d9686dbdc69e9560196ba,2026-04-04T09:07:44+00:00,213,205,144,81,8.448,312.6,21,fit:febaaaf5812d5a4d961754104dd48b058802abe8740d9686dbdc69e9560196ba:segment:018,18,9821.0,8002,activities/061_260404082403.csv,1,1,0,0
fit:febaaaf5812d5a4d961754104dd48b058802abe8740d9686dbdc69e9560196ba,2026-04-04T09:07:45+00:00,214,191,144,81,8.585,312.6,21,fit:febaaaf5812d5a4d961754104dd48b058802abe8740d9686dbdc69e9560196ba:segment:018,18,9822.0,8003,activities/061_260404082403.csv,1,1,0,0
fit:febaaaf5812d5a4d961754104dd48b058802abe8740d9686dbdc69e9560196ba,2026-04-04T09:07:46+00:00,215,206,145,82,8.457,312.6,21,fit:febaaaf5812d5a4d961754104dd48b058802abe8740d9686dbdc69e9560196ba:segment:018,18,9823.0,8004,activities/061_260404082403.csv,1,1,0,0
fit:febaaaf5812d5a4d961754104dd48b058802abe8740d9686dbdc69e9560196ba,2026-04-04T09:07:47+00:00,216,184,145,82,8.567,312.79999999999995,21,fit:febaaaf5812d5a4d961754104dd48b058802abe8740d9686dbdc69e9560196ba:segment:018,18,9824.0,8005,activities/061_260404082403.csv,1,1,0,0
fit:febaaaf5812d5a4d961754104dd48b058802abe8740d9686dbdc69e9560196ba,2026-04-04T09:07:48+00:00,217,207,145,83,8.723,312.79999999999995,21,fit:febaaaf5812d5a4d961754104dd48b058802abe8740d9686dbdc69e9560196ba:segment:018,18,9825.0,8006,activities/061_260404082403.csv,1,1,0,0
fit:febaaaf5812d5a4d961754104dd48b058802abe8740d9686dbdc69e9560196ba,2026-04-04T09:07:49+00:00,218,219,145,83,8.785,312.79999999999995,21,fit:febaaaf5812d5a4d961754104dd48b058802abe8740d9686dbdc69e9560196ba:segment:018,18,9826.0,8007,activities/061_260404082403.csv,1,1,0,0
fit:febaaaf5812d5a4d961754104dd48b058802abe8740d9686dbdc69e9560196ba,2026-04-04T09:07:50+00:00,219,188,145,83,8.825,312.79999999999995,21,fit:febaaaf5812d5a4d961754104dd48b058802abe8740d9686dbdc69e9560196ba:segment:018,18,9827.0,8008,activities/061_260404082403.csv,1,1,0,0
fit:febaaaf5812d5a4d961754104dd48b058802abe8740d9686dbdc69e9560196ba,2026-04-04T09:07:51+00:00,220,236,145,83,8.999,312.20000000000005,21,fit:febaaaf5812d5a4d961754104dd48b058802abe8740d9686dbdc69e9560196ba:segment:018,18,9828.0,8009,activities/061_260404082403.csv,1,1,0,0
fit:febaaaf5812d5a4d961754104dd48b058802abe8740d9686dbdc69e9560196ba,2026-04-04T09:07:52+00:00,221,236,145,83,9.008,312.20000000000005,21,fit:febaaaf5812d5a4d961754104dd48b058802abe8740d9686dbdc69e9560196ba:segment:018,18,9829.0,8010,activities/061_260404082403.csv,1,1,0,0
fit:febaaaf5812d5a4d961754104dd48b058802abe8740d9686dbdc69e9560196ba,2026-04-04T09:07:53+00:00,222,263,144,85,8.996,312.20000000000005,21,fit:febaaaf5812d5a4d961754104dd48b058802abe8740d9686dbdc69e9560196ba:segment:018,18,9830.0,8011,activities/061_260404082403.csv,1,1,0,0
fit:febaaaf5812d5a4d961754104dd48b058802abe8740d9686dbdc69e9560196ba,2026-04-04T09:07:54+00:00,223,264,143,85,9.017,312.20000000000005,21,fit:febaaaf5812d5a4d961754104dd48b058802abe8740d9686dbdc69e9560196ba:segment:018,18,9831.0,8012,activities/061_260404082403.csv,1,1,0,0
fit:febaaaf5812d5a4d961754104dd48b058802abe8740d9686dbdc69e9560196ba,2026-04-04T09:07:55+00:00,224,260,143,85,9.276,313.0,21,fit:febaaaf5812d5a4d961754104dd48b058802abe8740d9686dbdc69e9560196ba:segment:018,18,9832.0,8013,activities/061_260404082403.csv,1,1,0,0
fit:febaaaf5812d5a4d961754104dd48b058802abe8740d9686dbdc69e9560196ba,2026-04-04T09:07:56+00:00,225,241,143,86,9.271,313.0,21,fit:febaaaf5812d5a4d961754104dd48b058802abe8740d9686dbdc69e9560196ba:segment:018,18,9833.0,8014,activities/061_260404082403.csv,1,1,0,0
fit:febaaaf5812d5a4d961754104dd48b058802abe8740d9686dbdc69e9560196ba,2026-04-04T09:07:57+00:00,226,180,143,87,9.331,313.0,21,fit:febaaaf5812d5a4d961754104dd48b058802abe8740d9686dbdc69e9560196ba:segment:018,18,9834.0,8015,activities/061_260404082403.csv,1,1,0,0
fit:febaaaf5812d5a4d961754104dd48b058802abe8740d9686dbdc69e9560196ba,2026-04-04T09:07:58+00:00,227,220,143,87,9.472,312.0,21,fit:febaaaf5812d5a4d961754104dd48b058802abe8740d9686dbdc69e9560196ba:segment:018,18,9835.0,8016,activities/061_260404082403.csv,1,1,0,0
fit:febaaaf5812d5a4d961754104dd48b058802abe8740d9686dbdc69e9560196ba,2026-04-04T09:07:59+00:00,228,231,143,87,9.563,312.0,21,fit:febaaaf5812d5a4d961754104dd48b058802abe8740d9686dbdc69e9560196ba:segment:018,18,9836.0,8017,activities/061_260404082403.csv,1,1,0,0
fit:febaaaf5812d5a4d961754104dd48b058802abe8740d9686dbdc69e9560196ba,2026-04-04T09:08:00+00:00,229,216,144,87,9.552,312.0,21,fit:febaaaf5812d5a4d961754104dd48b058802abe8740d9686dbdc69e9560196ba:segment:018,18,9837.0,8018,activities/061_260404082403.csv,1,1,0,0
fit:febaaaf5812d5a4d961754104dd48b058802abe8740d9686dbdc69e9560196ba,2026-04-04T09:08:01+00:00,230,216,144,86,9.625,312.0,21,fit:febaaaf5812d5a4d961754104dd48b058802abe8740d9686dbdc69e9560196ba:segment:018,18,9838.0,8019,activities/061_260404082403.csv,1,1,0,0
fit:febaaaf5812d5a4d961754104dd48b058802abe8740d9686dbdc69e9560196ba,2026-04-04T09:08:02+00:00,231,258,144,86,9.483,312.0,21,fit:febaaaf5812d5a4d961754104dd48b058802abe8740d9686dbdc69e9560196ba:segment:018,18,9839.0,8020,activities/061_260404082403.csv,1,1,0,0
fit:febaaaf5812d5a4d961754104dd48b058802abe8740d9686dbdc69e9560196ba,2026-04-04T09:08:03+00:00,232,206,145,86,9.135,311.6,21,fit:febaaaf5812d5a4d961754104dd48b058802abe8740d9686dbdc69e9560196ba:segment:018,18,9840.0,8021,activities/061_260404082403.csv,1,1,0,0
fit:febaaaf5812d5a4d961754104dd48b058802abe8740d9686dbdc69e9560196ba,2026-04-04T09:08:04+00:00,233,198,146,86,9.062,311.6,21,fit:febaaaf5812d5a4d961754104dd48b058802abe8740d9686dbdc69e9560196ba:segment:018,18,9841.0,8022,activities/061_260404082403.csv,1,1,0,0
fit:febaaaf5812d5a4d961754104dd48b058802abe8740d9686dbdc69e9560196ba,2026-04-04T09:08:05+00:00,234,204,147,87,9.378,311.6,21,fit:febaaaf5812d5a4d961754104dd48b058802abe8740d9686dbdc69e9560196ba:segment:018,18,9842.0,8023,activities/061_260404082403.csv,1,1,0,0
fit:febaaaf5812d5a4d961754104dd48b058802abe8740d9686dbdc69e9560196ba,2026-04-04T09:08:06+00:00,235,186,147,87,9.489,311.6,21,fit:febaaaf5812d5a4d961754104dd48b058802abe8740d9686dbdc69e9560196ba:segment:018,18,9843.0,8024,activities/061_260404082403.csv,1,1,0,0
fit:febaaaf5812d5a4d961754104dd48b058802abe8740d9686dbdc69e9560196ba,2026-04-04T09:08:07+00:00,236,213,147,89,9.665,311.6,21,fit:febaaaf5812d5a4d961754104dd48b058802abe8740d9686dbdc69e9560196ba:segment:018,18,9844.0,8025,activities/061_260404082403.csv,1,1,0,0
fit:febaaaf5812d5a4d961754104dd48b058802abe8740d9686dbdc69e9560196ba,2026-04-04T09:08:08+00:00,237,116,148,92,9.852,311.6,21,fit:febaaaf5812d5a4d961754104dd48b058802abe8740d9686dbdc69e9560196ba:segment:018,18,9845.0,8026,activities/061_260404082403.csv,1,1,0,0
fit:febaaaf5812d5a4d961754104dd48b058802abe8740d9686dbdc69e9560196ba,2026-04-04T09:08:09+00:00,238,135,148,93,9.778,311.6,21,fit:febaaaf5812d5a4d961754104dd48b058802abe8740d9686dbdc69e9560196ba:segment:018,18,9846.0,8027,activities/061_260404082403.csv,1,1,0,0
fit:febaaaf5812d5a4d961754104dd48b058802abe8740d9686dbdc69e9560196ba,2026-04-04T09:08:10+00:00,239,132,149,93,9.91,310.6,21,fit:febaaaf5812d5a4d961754104dd48b058802abe8740d9686dbdc69e9560196ba:segment:018,18,9847.0,8028,activities/061_260404082403.csv,1,1,0,0
fit:febaaaf5812d5a4d961754104dd48b058802abe8740d9686dbdc69e9560196ba,2026-04-04T09:08:11+00:00,240,167,149,96,10.368,309.4,21,fit:febaaaf5812d5a4d961754104dd48b058802abe8740d9686dbdc69e9560196ba:segment:018,18,9848.0,8029,activities/061_260404082403.csv,1,1,0,0
fit:febaaaf5812d5a4d961754104dd48b058802abe8740d9686dbdc69e9560196ba,2026-04-04T09:08:12+00:00,241,123,149,85,10.536,309.4,21,fit:febaaaf5812d5a4d961754104dd48b058802abe8740d9686dbdc69e9560196ba:segment:018,18,9849.0,8030,activities/061_260404082403.csv,1,1,0,0
fit:febaaaf5812d5a4d961754104dd48b058802abe8740d9686dbdc69e9560196ba,2026-04-04T09:08:13+00:00,242,123,149,85,10.765,309.4,21,fit:febaaaf5812d5a4d961754104dd48b058802abe8740d9686dbdc69e9560196ba:segment:018,18,9850.0,8031,activities/061_260404082403.csv,1,1,0,0
fit:febaaaf5812d5a4d961754104dd48b058802abe8740d9686dbdc69e9560196ba,2026-04-04T09:08:14+00:00,243,123,149,85,10.646,308.4,21,fit:febaaaf5812d5a4d961754104dd48b058802abe8740d9686dbdc69e9560196ba:segment:018,18,9851.0,8032,activities/061_260404082403.csv,1,1,0,0
fit:febaaaf5812d5a4d961754104dd48b058802abe8740d9686dbdc69e9560196ba,2026-04-04T09:08:15+00:00,244,118,148,85,10.87,308.20000000000005,21,fit:febaaaf5812d5a4d961754104dd48b058802abe8740d9686dbdc69e9560196ba:segment:018,18,9852.0,8033,activities/061_260404082403.csv,1,1,0,0
fit:febaaaf5812d5a4d961754104dd48b058802abe8740d9686dbdc69e9560196ba,2026-04-04T09:08:16+00:00,245,118,148,85,10.966,308.20000000000005,21,fit:febaaaf5812d5a4d961754104dd48b058802abe8740d9686dbdc69e9560196ba:segment:018,18,9853.0,8034,activities/061_260404082403.csv,1,1,0,0
fit:febaaaf5812d5a4d961754104dd48b058802abe8740d9686dbdc69e9560196ba,2026-04-04T09:08:17+00:00,246,228,147,92,11.127,308.20000000000005,21,fit:febaaaf5812d5a4d961754104dd48b058802abe8740d9686dbdc69e9560196ba:segment:018,18,9854.0,8035,activities/061_260404082403.csv,1,1,0,0
fit:febaaaf5812d5a4d961754104dd48b058802abe8740d9686dbdc69e9560196ba,2026-04-04T09:08:18+00:00,247,70,147,45,11.283,307.20000000000005,21,fit:febaaaf5812d5a4d961754104dd48b058802abe8740d9686dbdc69e9560196ba:segment:018,18,9855.0,8036,activities/061_260404082403.csv,1,1,0,0
fit:febaaaf5812d5a4d961754104dd48b058802abe8740d9686dbdc69e9560196ba,2026-04-04T09:08:19+00:00,248,258,147,96,11.491,304.6,21,fit:febaaaf5812d5a4d961754104dd48b058802abe8740d9686dbdc69e9560196ba:segment:018,18,9856.0,8037,activities/061_260404082403.csv,1,1,0,0
fit:febaaaf5812d5a4d961754104dd48b058802abe8740d9686dbdc69e9560196ba,2026-04-04T09:08:20+00:00,249,270,147,94,11.886,304.6,21,fit:febaaaf5812d5a4d961754104dd48b058802abe8740d9686dbdc69e9560196ba:segment:018,18,9857.0,8038,activities/061_260404082403.csv,1,1,0,0
fit:febaaaf5812d5a4d961754104dd48b058802abe8740d9686dbdc69e9560196ba,2026-04-04T09:08:21+00:00,250,395,148,94,12.134,304.6,21,fit:febaaaf5812d5a4d961754104dd48b058802abe8740d9686dbdc69e9560196ba:segment:018,18,9858.0,8039,activities/061_260404082403.csv,1,1,0,0
fit:febaaaf5812d5a4d961754104dd48b058802abe8740d9686dbdc69e9560196ba,2026-04-04T09:08:22+00:00,251,355,148,98,12.489,303.6,21,fit:febaaaf5812d5a4d961754104dd48b058802abe8740d9686dbdc69e9560196ba:segment:018,18,9859.0,8040,activities/061_260404082403.csv,1,1,0,0
fit:febaaaf5812d5a4d961754104dd48b058802abe8740d9686dbdc69e9560196ba,2026-04-04T09:08:23+00:00,252,261,148,100,12.742,300.6,21,fit:febaaaf5812d5a4d961754104dd48b058802abe8740d9686dbdc69e9560196ba:segment:018,18,9860.0,8041,activities/061_260404082403.csv,1,1,0,0
fit:febaaaf5812d5a4d961754104dd48b058802abe8740d9686dbdc69e9560196ba,2026-04-04T09:08:24+00:00,253,270,148,102,12.936,300.6,21,fit:febaaaf5812d5a4d961754104dd48b058802abe8740d9686dbdc69e9560196ba:segment:018,18,9861.0,8042,activities/061_260404082403.csv,1,1,0,0
fit:febaaaf5812d5a4d961754104dd48b058802abe8740d9686dbdc69e9560196ba,2026-04-04T09:08:25+00:00,254,252,148,103,13.4,300.6,21,fit:febaaaf5812d5a4d961754104dd48b058802abe8740d9686dbdc69e9560196ba:segment:018,18,9862.0,8043,activities/061_260404082403.csv,1,1,0,0
fit:febaaaf5812d5a4d961754104dd48b058802abe8740d9686dbdc69e9560196ba,2026-04-04T09:08:26+00:00,255,253,147,103,13.58,300.6,21,fit:febaaaf5812d5a4d961754104dd48b058802abe8740d9686dbdc69e9560196ba:segment:018,18,9863.0,8044,activities/061_260404082403.csv,1,1,0,0
fit:febaaaf5812d5a4d961754104dd48b058802abe8740d9686dbdc69e9560196ba,2026-04-04T09:08:27+00:00,256,154,147,106,13.828,298.79999999999995,21,fit:febaaaf5812d5a4d961754104dd48b058802abe8740d9686dbdc69e9560196ba:segment:018,18,9864.0,8045,activities/061_260404082403.csv,1,1,0,0
fit:febaaaf5812d5a4d961754104dd48b058802abe8740d9686dbdc69e9560196ba,2026-04-04T09:08:28+00:00,257,146,147,107,13.937,298.79999999999995,21,fit:febaaaf5812d5a4d961754104dd48b058802abe8740d9686dbdc69e9560196ba:segment:018,18,9865.0,8046,activities/061_260404082403.csv,1,1,0,0
fit:febaaaf5812d5a4d961754104dd48b058802abe8740d9686dbdc69e9560196ba,2026-04-04T09:08:29+00:00,258,146,147,107,14.0,298.79999999999995,21,fit:febaaaf5812d5a4d961754104dd48b058802abe8740d9686dbdc69e9560196ba:segment:018,18,9866.0,8047,activities/061_260404082403.csv,1,1,0,0
fit:febaaaf5812d5a4d961754104dd48b058802abe8740d9686dbdc69e9560196ba,2026-04-04T09:08:30+00:00,259,146,147,107,14.216,298.79999999999995,21,fit:febaaaf5812d5a4d961754104dd48b058802abe8740d9686dbdc69e9560196ba:segment:018,18,9867.0,8048,activities/061_260404082403.csv,1,1,0,0
fit:febaaaf5812d5a4d961754104dd48b058802abe8740d9686dbdc69e9560196ba,2026-04-04T09:08:31+00:00,260,147,147,107,14.259,297.79999999999995,21,fit:febaaaf5812d5a4d961754104dd48b058802abe8740d9686dbdc69e9560196ba:segment:018,18,9868.0,8049,activities/061_260404082403.csv,1,1,0,0
fit:febaaaf5812d5a4d961754104dd48b058802abe8740d9686dbdc69e9560196ba,2026-04-04T09:08:32+00:00,261,3,147,0,14.257,297.79999999999995,21,fit:febaaaf5812d5a4d961754104dd48b058802abe8740d9686dbdc69e9560196ba:segment:018,18,9869.0,8050,activities/061_260404082403.csv,1,1,0,0
fit:febaaaf5812d5a4d961754104dd48b058802abe8740d9686dbdc69e9560196ba,2026-04-04T09:08:33+00:00,262,294,147,101,14.352,297.79999999999995,21,fit:febaaaf5812d5a4d961754104dd48b058802abe8740d9686dbdc69e9560196ba:segment:018,18,9870.0,8051,activities/061_260404082403.csv,1,1,0,0
fit:febaaaf5812d5a4d961754104dd48b058802abe8740d9686dbdc69e9560196ba,2026-04-04T09:08:34+00:00,263,266,147,107,14.445,296.79999999999995,21,fit:febaaaf5812d5a4d961754104dd48b058802abe8740d9686dbdc69e9560196ba:segment:018,18,9871.0,8052,activities/061_260404082403.csv,1,1,0,0
fit:febaaaf5812d5a4d961754104dd48b058802abe8740d9686dbdc69e9560196ba,2026-04-04T09:08:35+00:00,264,266,147,107,14.518,293.6,21,fit:febaaaf5812d5a4d961754104dd48b058802abe8740d9686dbdc69e9560196ba:segment:018,18,9872.0,8053,activities/061_260404082403.csv,1,1,0,0
fit:febaaaf5812d5a4d961754104dd48b058802abe8740d9686dbdc69e9560196ba,2026-04-04T09:08:36+00:00,265,185,147,107,14.461,293.6,21,fit:febaaaf5812d5a4d961754104dd48b058802abe8740d9686dbdc69e9560196ba:segment:018,18,9873.0,8054,activities/061_260404082403.csv,1,1,0,0
fit:febaaaf5812d5a4d961754104dd48b058802abe8740d9686dbdc69e9560196ba,2026-04-04T09:08:37+00:00,266,193,146,106,14.286,293.6,21,fit:febaaaf5812d5a4d961754104dd48b058802abe8740d9686dbdc69e9560196ba:segment:018,18,9874.0,8055,activities/061_260404082403.csv,1,1,0,0
fit:febaaaf5812d5a4d961754104dd48b058802abe8740d9686dbdc69e9560196ba,2026-04-04T09:08:38+00:00,267,193,146,106,14.103,293.6,21,fit:febaaaf5812d5a4d961754104dd48b058802abe8740d9686dbdc69e9560196ba:segment:018,18,9875.0,8056,activities/061_260404082403.csv,1,1,0,0
fit:febaaaf5812d5a4d961754104dd48b058802abe8740d9686dbdc69e9560196ba,2026-04-04T09:08:39+00:00,268,11,146,0,13.884,294.0,21,fit:febaaaf5812d5a4d961754104dd48b058802abe8740d9686dbdc69e9560196ba:segment:018,18,9876.0,8057,activities/061_260404082403.csv,1,1,0,0
fit:febaaaf5812d5a4d961754104dd48b058802abe8740d9686dbdc69e9560196ba,2026-04-04T09:08:40+00:00,269,410,145,101,13.715,294.0,21,fit:febaaaf5812d5a4d961754104dd48b058802abe8740d9686dbdc69e9560196ba:segment:018,18,9877.0,8058,activities/061_260404082403.csv,1,1,0,0
fit:febaaaf5812d5a4d961754104dd48b058802abe8740d9686dbdc69e9560196ba,2026-04-04T09:08:41+00:00,270,378,144,102,13.732,294.0,21,fit:febaaaf5812d5a4d961754104dd48b058802abe8740d9686dbdc69e9560196ba:segment:018,18,9878.0,8059,activities/061_260404082403.csv,1,1,0,0
fit:febaaaf5812d5a4d961754104dd48b058802abe8740d9686dbdc69e9560196ba,2026-04-04T09:08:42+00:00,271,378,142,102,13.593,295.0,21,fit:febaaaf5812d5a4d961754104dd48b058802abe8740d9686dbdc69e9560196ba:segment:018,18,9879.0,8060,activities/061_260404082403.csv,1,1,0,0
fit:febaaaf5812d5a4d961754104dd48b058802abe8740d9686dbdc69e9560196ba,2026-04-04T09:08:43+00:00,272,378,141,102,13.668,295.20000000000005,21,fit:febaaaf5812d5a4d961754104dd48b058802abe8740d9686dbdc69e9560196ba:segment:018,18,9880.0,8061,activities/061_260404082403.csv,1,1,0,0
fit:febaaaf5812d5a4d961754104dd48b058802abe8740d9686dbdc69e9560196ba,2026-04-04T09:08:44+00:00,273,346,141,104,13.63,295.20000000000005,21,fit:febaaaf5812d5a4d961754104dd48b058802abe8740d9686dbdc69e9560196ba:segment:018,18,9881.0,8062,activities/061_260404082403.csv,1,1,0,0
fit:febaaaf5812d5a4d961754104dd48b058802abe8740d9686dbdc69e9560196ba,2026-04-04T09:08:45+00:00,274,299,140,106,13.673,295.20000000000005,21,fit:febaaaf5812d5a4d961754104dd48b058802abe8740d9686dbdc69e9560196ba:segment:018,18,9882.0,8063,activities/061_260404082403.csv,1,1,0,0
fit:febaaaf5812d5a4d961754104dd48b058802abe8740d9686dbdc69e9560196ba,2026-04-04T09:08:46+00:00,275,300,138,106,13.815,294.20000000000005,21,fit:febaaaf5812d5a4d961754104dd48b058802abe8740d9686dbdc69e9560196ba:segment:018,18,9883.0,8064,activities/061_260404082403.csv,1,1,0,0
fit:febaaaf5812d5a4d961754104dd48b058802abe8740d9686dbdc69e9560196ba,2026-04-04T09:08:47+00:00,276,300,137,106,14.008,294.20000000000005,21,fit:febaaaf5812d5a4d961754104dd48b058802abe8740d9686dbdc69e9560196ba:segment:018,18,9884.0,8065,activities/061_260404082403.csv,1,1,0,0
fit:febaaaf5812d5a4d961754104dd48b058802abe8740d9686dbdc69e9560196ba,2026-04-04T09:08:48+00:00,277,300,137,106,14.126,294.20000000000005,20,fit:febaaaf5812d5a4d961754104dd48b058802abe8740d9686dbdc69e9560196ba:segment:018,18,9885.0,8066,activities/061_260404082403.csv,1,1,0,0
fit:febaaaf5812d5a4d961754104dd48b058802abe8740d9686dbdc69e9560196ba,2026-04-04T09:08:49+00:00,278,30,136,27,14.269,294.20000000000005,20,fit:febaaaf5812d5a4d961754104dd48b058802abe8740d9686dbdc69e9560196ba:segment:018,18,9886.0,8067,activities/061_260404082403.csv,1,1,0,0
fit:febaaaf5812d5a4d961754104dd48b058802abe8740d9686dbdc69e9560196ba,2026-04-04T09:08:50+00:00,279,287,136,108,14.394,294.20000000000005,20,fit:febaaaf5812d5a4d961754104dd48b058802abe8740d9686dbdc69e9560196ba:segment:018,18,9887.0,8068,activities/061_260404082403.csv,1,1,0,0
fit:febaaaf5812d5a4d961754104dd48b058802abe8740d9686dbdc69e9560196ba,2026-04-04T09:08:51+00:00,280,287,136,108,14.229,293.20000000000005,20,fit:febaaaf5812d5a4d961754104dd48b058802abe8740d9686dbdc69e9560196ba:segment:018,18,9888.0,8069,activities/061_260404082403.csv,1,1,0,0
fit:febaaaf5812d5a4d961754104dd48b058802abe8740d9686dbdc69e9560196ba,2026-04-04T09:08:52+00:00,281,32,136,32,13.232,290.20000000000005,20,fit:febaaaf5812d5a4d961754104dd48b058802abe8740d9686dbdc69e9560196ba:segment:018,18,9889.0,8070,activities/061_260404082403.csv,1,1,0,0
fit:febaaaf5812d5a4d961754104dd48b058802abe8740d9686dbdc69e9560196ba,2026-04-04T09:08:53+00:00,282,257,136,102,12.959,290.20000000000005,20,fit:febaaaf5812d5a4d961754104dd48b058802abe8740d9686dbdc69e9560196ba:segment:018,18,9890.0,8071,activities/061_260404082403.csv,1,1,0,0
fit:febaaaf5812d5a4d961754104dd48b058802abe8740d9686dbdc69e9560196ba,2026-04-04T09:08:54+00:00,283,313,136,96,12.559,290.20000000000005,20,fit:febaaaf5812d5a4d961754104dd48b058802abe8740d9686dbdc69e9560196ba:segment:018,18,9891.0,8072,activities/061_260404082403.csv,1,1,0,0
fit:febaaaf5812d5a4d961754104dd48b058802abe8740d9686dbdc69e9560196ba,2026-04-04T09:08:55+00:00,284,312,136,93,12.349,289.20000000000005,20,fit:febaaaf5812d5a4d961754104dd48b058802abe8740d9686dbdc69e9560196ba:segment:018,18,9892.0,8073,activities/061_260404082403.csv,1,1,0,0
fit:febaaaf5812d5a4d961754104dd48b058802abe8740d9686dbdc69e9560196ba,2026-04-04T09:08:56+00:00,285,313,136,91,11.606,290.4,20,fit:febaaaf5812d5a4d961754104dd48b058802abe8740d9686dbdc69e9560196ba:segment:018,18,9893.0,8074,activities/061_260404082403.csv,1,1,0,0
fit:febaaaf5812d5a4d961754104dd48b058802abe8740d9686dbdc69e9560196ba,2026-04-04T09:08:57+00:00,286,322,135,87,11.479,290.4,20,fit:febaaaf5812d5a4d961754104dd48b058802abe8740d9686dbdc69e9560196ba:segment:018,18,9894.0,8075,activities/061_260404082403.csv,1,1,0,0
fit:febaaaf5812d5a4d961754104dd48b058802abe8740d9686dbdc69e9560196ba,2026-04-04T09:08:58+00:00,287,382,134,87,11.097,290.4,20,fit:febaaaf5812d5a4d961754104dd48b058802abe8740d9686dbdc69e9560196ba:segment:018,18,9895.0,8076,activities/061_260404082403.csv,1,1,0,0
fit:febaaaf5812d5a4d961754104dd48b058802abe8740d9686dbdc69e9560196ba,2026-04-04T09:08:59+00:00,288,431,134,86,10.952,291.4,20,fit:febaaaf5812d5a4d961754104dd48b058802abe8740d9686dbdc69e9560196ba:segment:018,18,9896.0,8077,activities/061_260404082403.csv,1,1,0,0
fit:febaaaf5812d5a4d961754104dd48b058802abe8740d9686dbdc69e9560196ba,2026-04-04T09:09:00+00:00,289,367,134,85,10.615,292.79999999999995,20,fit:febaaaf5812d5a4d961754104dd48b058802abe8740d9686dbdc69e9560196ba:segment:018,18,9897.0,8078,activities/061_260404082403.csv,1,1,0,0
fit:febaaaf5812d5a4d961754104dd48b058802abe8740d9686dbdc69e9560196ba,2026-04-04T09:09:01+00:00,290,236,134,92,10.5,292.79999999999995,20,fit:febaaaf5812d5a4d961754104dd48b058802abe8740d9686dbdc69e9560196ba:segment:018,18,9898.0,8079,activities/061_260404082403.csv,1,1,0,0
fit:febaaaf5812d5a4d961754104dd48b058802abe8740d9686dbdc69e9560196ba,2026-04-04T09:09:02+00:00,291,372,134,90,10.319,292.79999999999995,20,fit:febaaaf5812d5a4d961754104dd48b058802abe8740d9686dbdc69e9560196ba:segment:018,18,9899.0,8080,activities/061_260404082403.csv,1,1,0,0
fit:febaaaf5812d5a4d961754104dd48b058802abe8740d9686dbdc69e9560196ba,2026-04-04T09:09:03+00:00,292,326,135,87,10.197,292.79999999999995,20,fit:febaaaf5812d5a4d961754104dd48b058802abe8740d9686dbdc69e9560196ba:segment:018,18,9900.0,8081,activities/061_260404082403.csv,1,1,0,0
fit:febaaaf5812d5a4d961754104dd48b058802abe8740d9686dbdc69e9560196ba,2026-04-04T09:09:04+00:00,293,326,136,87,9.6,294.0,20,fit:febaaaf5812d5a4d961754104dd48b058802abe8740d9686dbdc69e9560196ba:segment:018,18,9901.0,8082,activities/061_260404082403.csv,1,1,0,0
fit:febaaaf5812d5a4d961754104dd48b058802abe8740d9686dbdc69e9560196ba,2026-04-04T09:09:05+00:00,294,329,138,82,9.282,294.0,20,fit:febaaaf5812d5a4d961754104dd48b058802abe8740d9686dbdc69e9560196ba:segment:018,18,9902.0,8083,activities/061_260404082403.csv,1,1,0,0
fit:febaaaf5812d5a4d961754104dd48b058802abe8740d9686dbdc69e9560196ba,2026-04-04T09:09:06+00:00,295,327,138,80,9.284,294.0,20,fit:febaaaf5812d5a4d961754104dd48b058802abe8740d9686dbdc69e9560196ba:segment:018,18,9903.0,8084,activities/061_260404082403.csv,1,1,0,0
fit:febaaaf5812d5a4d961754104dd48b058802abe8740d9686dbdc69e9560196ba,2026-04-04T09:09:07+00:00,296,354,140,79,8.997,295.0,20,fit:febaaaf5812d5a4d961754104dd48b058802abe8740d9686dbdc69e9560196ba:segment:018,18,9904.0,8085,activities/061_260404082403.csv,1,1,0,0
fit:febaaaf5812d5a4d961754104dd48b058802abe8740d9686dbdc69e9560196ba,2026-04-04T09:09:08+00:00,297,345,141,77,8.751,296.20000000000005,20,fit:febaaaf5812d5a4d961754104dd48b058802abe8740d9686dbdc69e9560196ba:segment:018,18,9905.0,8086,activities/061_260404082403.csv,1,1,0,0
fit:febaaaf5812d5a4d961754104dd48b058802abe8740d9686dbdc69e9560196ba,2026-04-04T09:09:09+00:00,298,344,141,76,8.485,296.20000000000005,20,fit:febaaaf5812d5a4d961754104dd48b058802abe8740d9686dbdc69e9560196ba:segment:018,18,9906.0,8087,activities/061_260404082403.csv,1,1,0,0
fit:febaaaf5812d5a4d961754104dd48b058802abe8740d9686dbdc69e9560196ba,2026-04-04T09:09:10+00:00,299,361,143,75,8.006,296.20000000000005,20,fit:febaaaf5812d5a4d961754104dd48b058802abe8740d9686dbdc69e9560196ba:segment:018,18,9907.0,8088,activities/061_260404082403.csv,1,1,0,0
fit:febaaaf5812d5a4d961754104dd48b058802abe8740d9686dbdc69e9560196ba,2026-04-04T09:09:11+00:00,300,421,143,74,7.9,296.79999999999995,20,fit:febaaaf5812d5a4d961754104dd48b058802abe8740d9686dbdc69e9560196ba:segment:018,18,9908.0,8089,activities/061_260404082403.csv,1,1,0,0
fit:febaaaf5812d5a4d961754104dd48b058802abe8740d9686dbdc69e9560196ba,2026-04-04T09:09:12+00:00,301,363,144,73,7.95,297.0,20,fit:febaaaf5812d5a4d961754104dd48b058802abe8740d9686dbdc69e9560196ba:segment:018,18,9909.0,8090,activities/061_260404082403.csv,1,1,0,0
fit:febaaaf5812d5a4d961754104dd48b058802abe8740d9686dbdc69e9560196ba,2026-04-04T09:09:13+00:00,302,375,145,72,7.833,297.0,20,fit:febaaaf5812d5a4d961754104dd48b058802abe8740d9686dbdc69e9560196ba:segment:018,18,9910.0,8091,activities/061_260404082403.csv,1,1,0,0
fit:febaaaf5812d5a4d961754104dd48b058802abe8740d9686dbdc69e9560196ba,2026-04-04T09:09:14+00:00,303,350,145,72,7.698,297.0,20,fit:febaaaf5812d5a4d961754104dd48b058802abe8740d9686dbdc69e9560196ba:segment:018,18,9911.0,8092,activities/061_260404082403.csv,1,1,0,0
fit:febaaaf5812d5a4d961754104dd48b058802abe8740d9686dbdc69e9560196ba,2026-04-04T09:09:15+00:00,304,350,146,72,7.523,298.0,20,fit:febaaaf5812d5a4d961754104dd48b058802abe8740d9686dbdc69e9560196ba:segment:018,18,9912.0,8093,activities/061_260404082403.csv,1,1,0,0
fit:febaaaf5812d5a4d961754104dd48b058802abe8740d9686dbdc69e9560196ba,2026-04-04T09:09:16+00:00,305,315,146,72,7.658,299.6,20,fit:febaaaf5812d5a4d961754104dd48b058802abe8740d9686dbdc69e9560196ba:segment:018,18,9913.0,8094,activities/061_260404082403.csv,1,1,0,0
fit:febaaaf5812d5a4d961754104dd48b058802abe8740d9686dbdc69e9560196ba,2026-04-04T09:09:17+00:00,306,338,147,73,7.858,299.6,20,fit:febaaaf5812d5a4d961754104dd48b058802abe8740d9686dbdc69e9560196ba:segment:018,18,9914.0,8095,activities/061_260404082403.csv,1,1,0,0
fit:febaaaf5812d5a4d961754104dd48b058802abe8740d9686dbdc69e9560196ba,2026-04-04T09:09:18+00:00,307,309,148,73,7.943,299.6,20,fit:febaaaf5812d5a4d961754104dd48b058802abe8740d9686dbdc69e9560196ba:segment:018,18,9915.0,8096,activities/061_260404082403.csv,1,1,0,0
fit:febaaaf5812d5a4d961754104dd48b058802abe8740d9686dbdc69e9560196ba,2026-04-04T09:09:19+00:00,308,297,149,74,8.016,300.0,20,fit:febaaaf5812d5a4d961754104dd48b058802abe8740d9686dbdc69e9560196ba:segment:018,18,9916.0,8097,activities/061_260404082403.csv,1,1,0,0
fit:febaaaf5812d5a4d961754104dd48b058802abe8740d9686dbdc69e9560196ba,2026-04-04T09:09:20+00:00,309,274,150,75,8.056,300.0,20,fit:febaaaf5812d5a4d961754104dd48b058802abe8740d9686dbdc69e9560196ba:segment:018,18,9917.0,8098,activities/061_260404082403.csv,1,1,0,0
fit:febaaaf5812d5a4d961754104dd48b058802abe8740d9686dbdc69e9560196ba,2026-04-04T09:09:21+00:00,310,269,151,75,8.188,300.0,20,fit:febaaaf5812d5a4d961754104dd48b058802abe8740d9686dbdc69e9560196ba:segment:018,18,9918.0,8099,activities/061_260404082403.csv,1,1,0,0
fit:febaaaf5812d5a4d961754104dd48b058802abe8740d9686dbdc69e9560196ba,2026-04-04T09:09:22+00:00,311,279,152,76,8.199,300.0,20,fit:febaaaf5812d5a4d961754104dd48b058802abe8740d9686dbdc69e9560196ba:segment:018,18,9919.0,8100,activities/061_260404082403.csv,1,1,0,0
fit:febaaaf5812d5a4d961754104dd48b058802abe8740d9686dbdc69e9560196ba,2026-04-04T09:09:23+00:00,312,254,153,76,8.339,300.0,20,fit:febaaaf5812d5a4d961754104dd48b058802abe8740d9686dbdc69e9560196ba:segment:018,18,9920.0,8101,activities/061_260404082403.csv,1,1,0,0
fit:febaaaf5812d5a4d961754104dd48b058802abe8740d9686dbdc69e9560196ba,2026-04-04T09:09:24+00:00,313,278,153,78,8.449,300.4,20,fit:febaaaf5812d5a4d961754104dd48b058802abe8740d9686dbdc69e9560196ba:segment:018,18,9921.0,8102,activities/061_260404082403.csv,1,1,0,0
fit:febaaaf5812d5a4d961754104dd48b058802abe8740d9686dbdc69e9560196ba,2026-04-04T09:09:25+00:00,314,280,153,79,8.447,300.4,20,fit:febaaaf5812d5a4d961754104dd48b058802abe8740d9686dbdc69e9560196ba:segment:018,18,9922.0,8103,activities/061_260404082403.csv,1,1,0,0
fit:febaaaf5812d5a4d961754104dd48b058802abe8740d9686dbdc69e9560196ba,2026-04-04T09:09:26+00:00,315,252,153,80,8.666,300.4,20,fit:febaaaf5812d5a4d961754104dd48b058802abe8740d9686dbdc69e9560196ba:segment:018,18,9923.0,8104,activities/061_260404082403.csv,1,1,0,0
fit:febaaaf5812d5a4d961754104dd48b058802abe8740d9686dbdc69e9560196ba,2026-04-04T09:09:27+00:00,316,229,154,80,8.685,300.4,20,fit:febaaaf5812d5a4d961754104dd48b058802abe8740d9686dbdc69e9560196ba:segment:018,18,9924.0,8105,activities/061_260404082403.csv,1,1,0,0
fit:febaaaf5812d5a4d961754104dd48b058802abe8740d9686dbdc69e9560196ba,2026-04-04T09:09:28+00:00,317,225,154,80,8.55,300.4,20,fit:febaaaf5812d5a4d961754104dd48b058802abe8740d9686dbdc69e9560196ba:segment:018,18,9925.0,8106,activities/061_260404082403.csv,1,1,0,0
fit:febaaaf5812d5a4d961754104dd48b058802abe8740d9686dbdc69e9560196ba,2026-04-04T09:09:29+00:00,318,212,155,81,8.651,300.4,20,fit:febaaaf5812d5a4d961754104dd48b058802abe8740d9686dbdc69e9560196ba:segment:018,18,9926.0,8107,activities/061_260404082403.csv,1,1,0,0
fit:febaaaf5812d5a4d961754104dd48b058802abe8740d9686dbdc69e9560196ba,2026-04-04T09:09:30+00:00,319,240,155,82,8.749,300.4,20,fit:febaaaf5812d5a4d961754104dd48b058802abe8740d9686dbdc69e9560196ba:segment:018,18,9927.0,8108,activities/061_260404082403.csv,1,1,0,0
fit:febaaaf5812d5a4d961754104dd48b058802abe8740d9686dbdc69e9560196ba,2026-04-04T09:09:31+00:00,320,240,155,82,8.8,299.79999999999995,20,fit:febaaaf5812d5a4d961754104dd48b058802abe8740d9686dbdc69e9560196ba:segment:018,18,9928.0,8109,activities/061_260404082403.csv,1,1,0,0
fit:febaaaf5812d5a4d961754104dd48b058802abe8740d9686dbdc69e9560196ba,2026-04-04T09:09:32+00:00,321,215,156,83,8.791,299.20000000000005,20,fit:febaaaf5812d5a4d961754104dd48b058802abe8740d9686dbdc69e9560196ba:segment:018,18,9929.0,8110,activities/061_260404082403.csv,1,1,0,0
fit:febaaaf5812d5a4d961754104dd48b058802abe8740d9686dbdc69e9560196ba,2026-04-04T09:09:33+00:00,322,206,156,84,9.071,299.20000000000005,20,fit:febaaaf5812d5a4d961754104dd48b058802abe8740d9686dbdc69e9560196ba:segment:018,18,9930.0,8111,activities/061_260404082403.csv,1,1,0,0
fit:febaaaf5812d5a4d961754104dd48b058802abe8740d9686dbdc69e9560196ba,2026-04-04T09:09:34+00:00,323,191,157,85,9.144,299.20000000000005,20,fit:febaaaf5812d5a4d961754104dd48b058802abe8740d9686dbdc69e9560196ba:segment:018,18,9931.0,8112,activities/061_260404082403.csv,1,1,0,0
fit:febaaaf5812d5a4d961754104dd48b058802abe8740d9686dbdc69e9560196ba,2026-04-04T09:09:35+00:00,324,203,158,86,9.234,299.20000000000005,20,fit:febaaaf5812d5a4d961754104dd48b058802abe8740d9686dbdc69e9560196ba:segment:018,18,9932.0,8113,activities/061_260404082403.csv,1,1,0,0
fit:febaaaf5812d5a4d961754104dd48b058802abe8740d9686dbdc69e9560196ba,2026-04-04T09:09:36+00:00,325,220,158,87,9.303,298.20000000000005,20,fit:febaaaf5812d5a4d961754104dd48b058802abe8740d9686dbdc69e9560196ba:segment:018,18,9933.0,8114,activities/061_260404082403.csv,1,1,0,0
fit:febaaaf5812d5a4d961754104dd48b058802abe8740d9686dbdc69e9560196ba,2026-04-04T09:09:37+00:00,326,252,158,87,9.331,298.20000000000005,20,fit:febaaaf5812d5a4d961754104dd48b058802abe8740d9686dbdc69e9560196ba:segment:018,18,9934.0,8115,activities/061_260404082403.csv,1,1,0,0
fit:febaaaf5812d5a4d961754104dd48b058802abe8740d9686dbdc69e9560196ba,2026-04-04T09:09:38+00:00,327,174,158,89,9.422,298.20000000000005,20,fit:febaaaf5812d5a4d961754104dd48b058802abe8740d9686dbdc69e9560196ba:segment:018,18,9935.0,8116,activities/061_260404082403.csv,1,1,0,0
fit:febaaaf5812d5a4d961754104dd48b058802abe8740d9686dbdc69e9560196ba,2026-04-04T09:09:39+00:00,328,204,158,90,9.462,298.20000000000005,20,fit:febaaaf5812d5a4d961754104dd48b058802abe8740d9686dbdc69e9560196ba:segment:018,18,9936.0,8117,activities/061_260404082403.csv,1,1,0,0
fit:febaaaf5812d5a4d961754104dd48b058802abe8740d9686dbdc69e9560196ba,2026-04-04T09:09:40+00:00,329,205,158,90,9.603,298.20000000000005,20,fit:febaaaf5812d5a4d961754104dd48b058802abe8740d9686dbdc69e9560196ba:segment:018,18,9937.0,8118,activities/061_260404082403.csv,1,1,0,0
fit:febaaaf5812d5a4d961754104dd48b058802abe8740d9686dbdc69e9560196ba,2026-04-04T09:09:41+00:00,330,208,158,91,9.685,298.20000000000005,20,fit:febaaaf5812d5a4d961754104dd48b058802abe8740d9686dbdc69e9560196ba:segment:018,18,9938.0,8119,activities/061_260404082403.csv,1,1,0,0
fit:febaaaf5812d5a4d961754104dd48b058802abe8740d9686dbdc69e9560196ba,2026-04-04T09:09:42+00:00,331,172,157,93,9.936,298.20000000000005,20,fit:febaaaf5812d5a4d961754104dd48b058802abe8740d9686dbdc69e9560196ba:segment:018,18,9939.0,8120,activities/061_260404082403.csv,1,1,0,0
fit:febaaaf5812d5a4d961754104dd48b058802abe8740d9686dbdc69e9560196ba,2026-04-04T09:09:43+00:00,332,179,157,94,10.073,297.20000000000005,20,fit:febaaaf5812d5a4d961754104dd48b058802abe8740d9686dbdc69e9560196ba:segment:018,18,9940.0,8121,activities/061_260404082403.csv,1,1,0,0
fit:febaaaf5812d5a4d961754104dd48b058802abe8740d9686dbdc69e9560196ba,2026-04-04T09:09:44+00:00,333,234,157,94,10.155,296.4,20,fit:febaaaf5812d5a4d961754104dd48b058802abe8740d9686dbdc69e9560196ba:segment:018,18,9941.0,8122,activities/061_260404082403.csv,1,1,0,0
fit:febaaaf5812d5a4d961754104dd48b058802abe8740d9686dbdc69e9560196ba,2026-04-04T09:09:45+00:00,334,189,157,95,10.329,296.4,20,fit:febaaaf5812d5a4d961754104dd48b058802abe8740d9686dbdc69e9560196ba:segment:018,18,9942.0,8123,activities/061_260404082403.csv,1,1,0,0
fit:febaaaf5812d5a4d961754104dd48b058802abe8740d9686dbdc69e9560196ba,2026-04-04T09:09:46+00:00,335,179,157,96,10.546,296.4,20,fit:febaaaf5812d5a4d961754104dd48b058802abe8740d9686dbdc69e9560196ba:segment:018,18,9943.0,8124,activities/061_260404082403.csv,1,1,0,0
fit:febaaaf5812d5a4d961754104dd48b058802abe8740d9686dbdc69e9560196ba,2026-04-04T09:09:47+00:00,336,180,157,95,10.579,296.4,20,fit:febaaaf5812d5a4d961754104dd48b058802abe8740d9686dbdc69e9560196ba:segment:018,18,9944.0,8125,activities/061_260404082403.csv,1,1,0,0
fit:febaaaf5812d5a4d961754104dd48b058802abe8740d9686dbdc69e9560196ba,2026-04-04T09:09:48+00:00,337,258,157,87,10.807,296.6,20,fit:febaaaf5812d5a4d961754104dd48b058802abe8740d9686dbdc69e9560196ba:segment:018,18,9945.0,8126,activities/061_260404082403.csv,1,1,0,0
fit:febaaaf5812d5a4d961754104dd48b058802abe8740d9686dbdc69e9560196ba,2026-04-04T09:09:49+00:00,338,237,157,88,10.894,296.6,20,fit:febaaaf5812d5a4d961754104dd48b058802abe8740d9686dbdc69e9560196ba:segment:018,18,9946.0,8127,activities/061_260404082403.csv,1,1,0,0
fit:febaaaf5812d5a4d961754104dd48b058802abe8740d9686dbdc69e9560196ba,2026-04-04T09:09:50+00:00,339,237,157,88,11.048,296.6,20,fit:febaaaf5812d5a4d961754104dd48b058802abe8740d9686dbdc69e9560196ba:segment:018,18,9947.0,8128,activities/061_260404082403.csv,1,1,0,0
fit:febaaaf5812d5a4d961754104dd48b058802abe8740d9686dbdc69e9560196ba,2026-04-04T09:09:51+00:00,340,257,157,89,10.956,295.6,20,fit:febaaaf5812d5a4d961754104dd48b058802abe8740d9686dbdc69e9560196ba:segment:018,18,9948.0,8129,activities/061_260404082403.csv,1,1,0,0
fit:febaaaf5812d5a4d961754104dd48b058802abe8740d9686dbdc69e9560196ba,2026-04-04T09:09:52+00:00,341,261,158,89,11.026,295.79999999999995,20,fit:febaaaf5812d5a4d961754104dd48b058802abe8740d9686dbdc69e9560196ba:segment:018,18,9949.0,8130,activities/061_260404082403.csv,1,1,0,0
fit:febaaaf5812d5a4d961754104dd48b058802abe8740d9686dbdc69e9560196ba,2026-04-04T09:09:53+00:00,342,200,158,88,11.004,295.79999999999995,20,fit:febaaaf5812d5a4d961754104dd48b058802abe8740d9686dbdc69e9560196ba:segment:018,18,9950.0,8131,activities/061_260404082403.csv,1,1,0,0
fit:febaaaf5812d5a4d961754104dd48b058802abe8740d9686dbdc69e9560196ba,2026-04-04T09:09:54+00:00,343,226,159,88,10.919,295.79999999999995,20,fit:febaaaf5812d5a4d961754104dd48b058802abe8740d9686dbdc69e9560196ba:segment:018,18,9951.0,8132,activities/061_260404082403.csv,1,1,0,0
fit:febaaaf5812d5a4d961754104dd48b058802abe8740d9686dbdc69e9560196ba,2026-04-04T09:09:55+00:00,344,229,159,88,11.042,295.20000000000005,20,fit:febaaaf5812d5a4d961754104dd48b058802abe8740d9686dbdc69e9560196ba:segment:018,18,9952.0,8133,activities/061_260404082403.csv,1,1,0,0
fit:febaaaf5812d5a4d961754104dd48b058802abe8740d9686dbdc69e9560196ba,2026-04-04T09:09:56+00:00,345,244,159,88,11.046,295.79999999999995,20,fit:febaaaf5812d5a4d961754104dd48b058802abe8740d9686dbdc69e9560196ba:segment:018,18,9953.0,8134,activities/061_260404082403.csv,1,1,0,0
fit:febaaaf5812d5a4d961754104dd48b058802abe8740d9686dbdc69e9560196ba,2026-04-04T09:09:57+00:00,346,244,159,88,11.035,295.79999999999995,20,fit:febaaaf5812d5a4d961754104dd48b058802abe8740d9686dbdc69e9560196ba:segment:018,18,9954.0,8135,activities/061_260404082403.csv,1,1,0,0
fit:febaaaf5812d5a4d961754104dd48b058802abe8740d9686dbdc69e9560196ba,2026-04-04T09:09:58+00:00,347,266,159,88,10.921,295.79999999999995,20,fit:febaaaf5812d5a4d961754104dd48b058802abe8740d9686dbdc69e9560196ba:segment:018,18,9955.0,8136,activities/061_260404082403.csv,1,1,0,0
fit:febaaaf5812d5a4d961754104dd48b058802abe8740d9686dbdc69e9560196ba,2026-04-04T09:09:59+00:00,348,255,158,87,11.012,295.79999999999995,20,fit:febaaaf5812d5a4d961754104dd48b058802abe8740d9686dbdc69e9560196ba:segment:018,18,9956.0,8137,activities/061_260404082403.csv,1,1,0,0
fit:febaaaf5812d5a4d961754104dd48b058802abe8740d9686dbdc69e9560196ba,2026-04-04T09:10:00+00:00,349,260,158,87,10.934,295.20000000000005,20,fit:febaaaf5812d5a4d961754104dd48b058802abe8740d9686dbdc69e9560196ba:segment:018,18,9957.0,8138,activities/061_260404082403.csv,1,1,0,0
fit:febaaaf5812d5a4d961754104dd48b058802abe8740d9686dbdc69e9560196ba,2026-04-04T09:10:01+00:00,350,260,158,87,10.965,295.20000000000005,20,fit:febaaaf5812d5a4d961754104dd48b058802abe8740d9686dbdc69e9560196ba:segment:018,18,9958.0,8139,activities/061_260404082403.csv,1,1,0,0
fit:febaaaf5812d5a4d961754104dd48b058802abe8740d9686dbdc69e9560196ba,2026-04-04T09:10:02+00:00,351,243,158,87,10.988,295.20000000000005,20,fit:febaaaf5812d5a4d961754104dd48b058802abe8740d9686dbdc69e9560196ba:segment:018,18,9959.0,8140,activities/061_260404082403.csv,1,1,0,0
fit:febaaaf5812d5a4d961754104dd48b058802abe8740d9686dbdc69e9560196ba,2026-04-04T09:10:03+00:00,352,284,158,86,10.778,295.20000000000005,20,fit:febaaaf5812d5a4d961754104dd48b058802abe8740d9686dbdc69e9560196ba:segment:018,18,9960.0,8141,activities/061_260404082403.csv,1,1,0,0
fit:febaaaf5812d5a4d961754104dd48b058802abe8740d9686dbdc69e9560196ba,2026-04-04T09:10:04+00:00,353,275,158,85,10.628,293.4,20,fit:febaaaf5812d5a4d961754104dd48b058802abe8740d9686dbdc69e9560196ba:segment:018,18,9961.0,8142,activities/061_260404082403.csv,1,1,0,0
fit:febaaaf5812d5a4d961754104dd48b058802abe8740d9686dbdc69e9560196ba,2026-04-04T09:10:05+00:00,354,261,158,84,10.438,293.4,20,fit:febaaaf5812d5a4d961754104dd48b058802abe8740d9686dbdc69e9560196ba:segment:018,18,9962.0,8143,activities/061_260404082403.csv,1,1,0,0
fit:febaaaf5812d5a4d961754104dd48b058802abe8740d9686dbdc69e9560196ba,2026-04-04T09:10:06+00:00,355,261,158,83,10.436,293.4,20,fit:febaaaf5812d5a4d961754104dd48b058802abe8740d9686dbdc69e9560196ba:segment:018,18,9963.0,8144,activities/061_260404082403.csv,1,1,0,0
fit:febaaaf5812d5a4d961754104dd48b058802abe8740d9686dbdc69e9560196ba,2026-04-04T09:10:07+00:00,356,253,158,83,10.306,294.4,20,fit:febaaaf5812d5a4d961754104dd48b058802abe8740d9686dbdc69e9560196ba:segment:018,18,9964.0,8145,activities/061_260404082403.csv,1,1,0,0
fit:febaaaf5812d5a4d961754104dd48b058802abe8740d9686dbdc69e9560196ba,2026-04-04T09:10:08+00:00,357,264,158,83,10.179,295.0,20,fit:febaaaf5812d5a4d961754104dd48b058802abe8740d9686dbdc69e9560196ba:segment:018,18,9965.0,8146,activities/061_260404082403.csv,1,1,0,0
fit:febaaaf5812d5a4d961754104dd48b058802abe8740d9686dbdc69e9560196ba,2026-04-04T09:10:09+00:00,358,289,158,83,10.216,295.0,20,fit:febaaaf5812d5a4d961754104dd48b058802abe8740d9686dbdc69e9560196ba:segment:018,18,9966.0,8147,activities/061_260404082403.csv,1,1,0,0
fit:febaaaf5812d5a4d961754104dd48b058802abe8740d9686dbdc69e9560196ba,2026-04-04T09:10:10+00:00,359,262,158,83,10.273,295.0,20,fit:febaaaf5812d5a4d961754104dd48b058802abe8740d9686dbdc69e9560196ba:segment:018,18,9967.0,8148,activities/061_260404082403.csv,1,1,0,0
fit:febaaaf5812d5a4d961754104dd48b058802abe8740d9686dbdc69e9560196ba,2026-04-04T09:10:11+00:00,360,235,158,82,10.259,295.0,20,fit:febaaaf5812d5a4d961754104dd48b058802abe8740d9686dbdc69e9560196ba:segment:018,18,9968.0,8149,activities/061_260404082403.csv,1,1,0,0
fit:febaaaf5812d5a4d961754104dd48b058802abe8740d9686dbdc69e9560196ba,2026-04-04T09:10:12+00:00,361,260,158,82,10.171,295.0,20,fit:febaaaf5812d5a4d961754104dd48b058802abe8740d9686dbdc69e9560196ba:segment:018,18,9969.0,8150,activities/061_260404082403.csv,1,1,0,0
fit:febaaaf5812d5a4d961754104dd48b058802abe8740d9686dbdc69e9560196ba,2026-04-04T09:10:13+00:00,362,209,158,81,10.137,295.0,20,fit:febaaaf5812d5a4d961754104dd48b058802abe8740d9686dbdc69e9560196ba:segment:018,18,9970.0,8151,activities/061_260404082403.csv,1,1,0,0
fit:febaaaf5812d5a4d961754104dd48b058802abe8740d9686dbdc69e9560196ba,2026-04-04T09:10:14+00:00,363,77,158,86,9.77,295.0,20,fit:febaaaf5812d5a4d961754104dd48b058802abe8740d9686dbdc69e9560196ba:segment:018,18,9971.0,8152,activities/061_260404082403.csv,1,1,0,0
fit:febaaaf5812d5a4d961754104dd48b058802abe8740d9686dbdc69e9560196ba,2026-04-04T09:10:15+00:00,364,256,158,86,9.75,295.0,20,fit:febaaaf5812d5a4d961754104dd48b058802abe8740d9686dbdc69e9560196ba:segment:018,18,9972.0,8153,activities/061_260404082403.csv,1,1,0,0
fit:febaaaf5812d5a4d961754104dd48b058802abe8740d9686dbdc69e9560196ba,2026-04-04T09:10:16+00:00,365,212,157,89,9.914,295.0,20,fit:febaaaf5812d5a4d961754104dd48b058802abe8740d9686dbdc69e9560196ba:segment:018,18,9973.0,8154,activities/061_260404082403.csv,1,1,0,0
fit:febaaaf5812d5a4d961754104dd48b058802abe8740d9686dbdc69e9560196ba,2026-04-04T09:10:17+00:00,366,212,156,89,9.78,295.0,20,fit:febaaaf5812d5a4d961754104dd48b058802abe8740d9686dbdc69e9560196ba:segment:018,18,9974.0,8155,activities/061_260404082403.csv,1,1,0,0
fit:febaaaf5812d5a4d961754104dd48b058802abe8740d9686dbdc69e9560196ba,2026-04-04T09:10:18+00:00,367,259,156,88,9.619,295.0,20,fit:febaaaf5812d5a4d961754104dd48b058802abe8740d9686dbdc69e9560196ba:segment:018,18,9975.0,8156,activities/061_260404082403.csv,1,1,0,0
fit:febaaaf5812d5a4d961754104dd48b058802abe8740d9686dbdc69e9560196ba,2026-04-04T09:10:19+00:00,368,230,156,87,9.617,296.0,20,fit:febaaaf5812d5a4d961754104dd48b058802abe8740d9686dbdc69e9560196ba:segment:018,18,9976.0,8157,activities/061_260404082403.csv,1,1,0,0
fit:febaaaf5812d5a4d961754104dd48b058802abe8740d9686dbdc69e9560196ba,2026-04-04T09:10:20+00:00,369,264,155,86,9.6,296.79999999999995,20,fit:febaaaf5812d5a4d961754104dd48b058802abe8740d9686dbdc69e9560196ba:segment:018,18,9977.0,8158,activities/061_260404082403.csv,1,1,0,0
fit:febaaaf5812d5a4d961754104dd48b058802abe8740d9686dbdc69e9560196ba,2026-04-04T09:10:21+00:00,370,259,155,86,9.553,296.79999999999995,20,fit:febaaaf5812d5a4d961754104dd48b058802abe8740d9686dbdc69e9560196ba:segment:018,18,9978.0,8159,activities/061_260404082403.csv,1,1,0,0
fit:febaaaf5812d5a4d961754104dd48b058802abe8740d9686dbdc69e9560196ba,2026-04-04T09:10:22+00:00,371,265,154,84,9.348,296.79999999999995,20,fit:febaaaf5812d5a4d961754104dd48b058802abe8740d9686dbdc69e9560196ba:segment:018,18,9979.0,8160,activities/061_260404082403.csv,1,1,0,0
fit:febaaaf5812d5a4d961754104dd48b058802abe8740d9686dbdc69e9560196ba,2026-04-04T09:10:23+00:00,372,265,154,84,9.307,297.6,20,fit:febaaaf5812d5a4d961754104dd48b058802abe8740d9686dbdc69e9560196ba:segment:018,18,9980.0,8161,activities/061_260404082403.csv,1,1,0,0
fit:febaaaf5812d5a4d961754104dd48b058802abe8740d9686dbdc69e9560196ba,2026-04-04T09:10:24+00:00,373,259,153,82,9.157,297.6,20,fit:febaaaf5812d5a4d961754104dd48b058802abe8740d9686dbdc69e9560196ba:segment:018,18,9981.0,8162,activities/061_260404082403.csv,1,1,0,0
fit:febaaaf5812d5a4d961754104dd48b058802abe8740d9686dbdc69e9560196ba,2026-04-04T09:10:25+00:00,374,260,153,82,9.04,297.6,20,fit:febaaaf5812d5a4d961754104dd48b058802abe8740d9686dbdc69e9560196ba:segment:018,18,9982.0,8163,activities/061_260404082403.csv,1,1,0,0
fit:febaaaf5812d5a4d961754104dd48b058802abe8740d9686dbdc69e9560196ba,2026-04-04T09:10:26+00:00,375,263,152,81,8.988,297.6,20,fit:febaaaf5812d5a4d961754104dd48b058802abe8740d9686dbdc69e9560196ba:segment:018,18,9983.0,8164,activities/061_260404082403.csv,1,1,0,0
fit:febaaaf5812d5a4d961754104dd48b058802abe8740d9686dbdc69e9560196ba,2026-04-04T09:10:27+00:00,376,266,152,80,8.974,298.6,20,fit:febaaaf5812d5a4d961754104dd48b058802abe8740d9686dbdc69e9560196ba:segment:018,18,9984.0,8165,activities/061_260404082403.csv,1,1,0,0
fit:febaaaf5812d5a4d961754104dd48b058802abe8740d9686dbdc69e9560196ba,2026-04-04T09:10:28+00:00,377,271,152,80,8.66,299.0,20,fit:febaaaf5812d5a4d961754104dd48b058802abe8740d9686dbdc69e9560196ba:segment:018,18,9985.0,8166,activities/061_260404082403.csv,1,1,0,0
fit:febaaaf5812d5a4d961754104dd48b058802abe8740d9686dbdc69e9560196ba,2026-04-04T09:10:29+00:00,378,284,152,78,8.524,299.0,20,fit:febaaaf5812d5a4d961754104dd48b058802abe8740d9686dbdc69e9560196ba:segment:018,18,9986.0,8167,activities/061_260404082403.csv,1,1,0,0
fit:febaaaf5812d5a4d961754104dd48b058802abe8740d9686dbdc69e9560196ba,2026-04-04T09:10:30+00:00,379,301,152,78,8.501,299.0,20,fit:febaaaf5812d5a4d961754104dd48b058802abe8740d9686dbdc69e9560196ba:segment:018,18,9987.0,8168,activities/061_260404082403.csv,1,1,0,0
fit:febaaaf5812d5a4d961754104dd48b058802abe8740d9686dbdc69e9560196ba,2026-04-04T09:10:31+00:00,380,301,151,78,8.343,299.20000000000005,20,fit:febaaaf5812d5a4d961754104dd48b058802abe8740d9686dbdc69e9560196ba:segment:018,18,9988.0,8169,activities/061_260404082403.csv,1,1,0,0
fit:febaaaf5812d5a4d961754104dd48b058802abe8740d9686dbdc69e9560196ba,2026-04-04T09:10:32+00:00,381,269,151,76,8.308,298.79999999999995,20,fit:febaaaf5812d5a4d961754104dd48b058802abe8740d9686dbdc69e9560196ba:segment:018,18,9989.0,8170,activities/061_260404082403.csv,1,1,0,0
fit:febaaaf5812d5a4d961754104dd48b058802abe8740d9686dbdc69e9560196ba,2026-04-04T09:10:33+00:00,382,163,151,76,8.345,298.79999999999995,20,fit:febaaaf5812d5a4d961754104dd48b058802abe8740d9686dbdc69e9560196ba:segment:018,18,9990.0,8171,activities/061_260404082403.csv,1,1,0,0
fit:febaaaf5812d5a4d961754104dd48b058802abe8740d9686dbdc69e9560196ba,2026-04-04T09:10:34+00:00,383,237,151,82,8.245,298.79999999999995,20,fit:febaaaf5812d5a4d961754104dd48b058802abe8740d9686dbdc69e9560196ba:segment:018,18,9991.0,8172,activities/061_260404082403.csv,1,1,0,0
fit:febaaaf5812d5a4d961754104dd48b058802abe8740d9686dbdc69e9560196ba,2026-04-04T09:10:35+00:00,384,293,151,82,7.993,299.79999999999995,20,fit:febaaaf5812d5a4d961754104dd48b058802abe8740d9686dbdc69e9560196ba:segment:018,18,9992.0,8173,activities/061_260404082403.csv,1,1,0,0
fit:febaaaf5812d5a4d961754104dd48b058802abe8740d9686dbdc69e9560196ba,2026-04-04T09:10:36+00:00,385,320,152,81,7.983,300.0,20,fit:febaaaf5812d5a4d961754104dd48b058802abe8740d9686dbdc69e9560196ba:segment:018,18,9993.0,8174,activities/061_260404082403.csv,1,1,0,0
fit:febaaaf5812d5a4d961754104dd48b058802abe8740d9686dbdc69e9560196ba,2026-04-04T09:10:37+00:00,386,312,152,80,7.948,300.0,20,fit:febaaaf5812d5a4d961754104dd48b058802abe8740d9686dbdc69e9560196ba:segment:018,18,9994.0,8175,activities/061_260404082403.csv,1,1,0,0
fit:febaaaf5812d5a4d961754104dd48b058802abe8740d9686dbdc69e9560196ba,2026-04-04T09:10:38+00:00,387,323,152,80,7.885,300.0,20,fit:febaaaf5812d5a4d961754104dd48b058802abe8740d9686dbdc69e9560196ba:segment:018,18,9995.0,8176,activities/061_260404082403.csv,1,1,0,0
fit:febaaaf5812d5a4d961754104dd48b058802abe8740d9686dbdc69e9560196ba,2026-04-04T09:10:39+00:00,388,302,153,78,7.749,300.0,20,fit:febaaaf5812d5a4d961754104dd48b058802abe8740d9686dbdc69e9560196ba:segment:018,18,9996.0,8177,activities/061_260404082403.csv,1,1,0,0
fit:febaaaf5812d5a4d961754104dd48b058802abe8740d9686dbdc69e9560196ba,2026-04-04T09:10:40+00:00,389,303,154,78,7.755,300.4,20,fit:febaaaf5812d5a4d961754104dd48b058802abe8740d9686dbdc69e9560196ba:segment:018,18,9997.0,8178,activities/061_260404082403.csv,1,1,0,0
fit:febaaaf5812d5a4d961754104dd48b058802abe8740d9686dbdc69e9560196ba,2026-04-04T09:10:41+00:00,390,299,155,77,7.7,300.4,20,fit:febaaaf5812d5a4d961754104dd48b058802abe8740d9686dbdc69e9560196ba:segment:018,18,9998.0,8179,activities/061_260404082403.csv,1,1,0,0
fit:febaaaf5812d5a4d961754104dd48b058802abe8740d9686dbdc69e9560196ba,2026-04-04T09:10:42+00:00,391,299,156,77,7.662,300.4,20,fit:febaaaf5812d5a4d961754104dd48b058802abe8740d9686dbdc69e9560196ba:segment:018,18,9999.0,8180,activities/061_260404082403.csv,1,1,0,0
fit:febaaaf5812d5a4d961754104dd48b058802abe8740d9686dbdc69e9560196ba,2026-04-04T09:10:43+00:00,392,305,157,76,7.666,301.4,20,fit:febaaaf5812d5a4d961754104dd48b058802abe8740d9686dbdc69e9560196ba:segment:018,18,10000.0,8181,activities/061_260404082403.csv,1,1,0,0
fit:febaaaf5812d5a4d961754104dd48b058802abe8740d9686dbdc69e9560196ba,2026-04-04T09:10:44+00:00,393,288,158,76,7.47,302.20000000000005,20,fit:febaaaf5812d5a4d961754104dd48b058802abe8740d9686dbdc69e9560196ba:segment:018,18,10001.0,8182,activities/061_260404082403.csv,1,1,0,0
fit:febaaaf5812d5a4d961754104dd48b058802abe8740d9686dbdc69e9560196ba,2026-04-04T09:10:45+00:00,394,297,158,76,7.415,302.20000000000005,20,fit:febaaaf5812d5a4d961754104dd48b058802abe8740d9686dbdc69e9560196ba:segment:018,18,10002.0,8183,activities/061_260404082403.csv,1,1,0,0
fit:febaaaf5812d5a4d961754104dd48b058802abe8740d9686dbdc69e9560196ba,2026-04-04T09:10:46+00:00,395,297,159,75,7.316,302.20000000000005,20,fit:febaaaf5812d5a4d961754104dd48b058802abe8740d9686dbdc69e9560196ba:segment:018,18,10003.0,8184,activities/061_260404082403.csv,1,1,0,0
fit:febaaaf5812d5a4d961754104dd48b058802abe8740d9686dbdc69e9560196ba,2026-04-04T09:10:47+00:00,396,289,159,75,7.306,302.4,20,fit:febaaaf5812d5a4d961754104dd48b058802abe8740d9686dbdc69e9560196ba:segment:018,18,10004.0,8185,activities/061_260404082403.csv,1,1,0,0
fit:febaaaf5812d5a4d961754104dd48b058802abe8740d9686dbdc69e9560196ba,2026-04-04T09:10:48+00:00,397,302,159,73,7.201,302.20000000000005,20,fit:febaaaf5812d5a4d961754104dd48b058802abe8740d9686dbdc69e9560196ba:segment:018,18,10005.0,8186,activities/061_260404082403.csv,1,1,0,0
fit:febaaaf5812d5a4d961754104dd48b058802abe8740d9686dbdc69e9560196ba,2026-04-04T09:10:49+00:00,398,321,159,73,7.111,302.20000000000005,20,fit:febaaaf5812d5a4d961754104dd48b058802abe8740d9686dbdc69e9560196ba:segment:018,18,10006.0,8187,activities/061_260404082403.csv,1,1,0,0
fit:febaaaf5812d5a4d961754104dd48b058802abe8740d9686dbdc69e9560196ba,2026-04-04T09:10:50+00:00,399,303,159,73,7.113,302.20000000000005,20,fit:febaaaf5812d5a4d961754104dd48b058802abe8740d9686dbdc69e9560196ba:segment:018,18,10007.0,8188,activities/061_260404082403.csv,1,1,0,0
fit:febaaaf5812d5a4d961754104dd48b058802abe8740d9686dbdc69e9560196ba,2026-04-04T09:10:51+00:00,400,291,160,72,7.038,303.20000000000005,20,fit:febaaaf5812d5a4d961754104dd48b058802abe8740d9686dbdc69e9560196ba:segment:018,18,10008.0,8189,activities/061_260404082403.csv,1,1,0,0
fit:febaaaf5812d5a4d961754104dd48b058802abe8740d9686dbdc69e9560196ba,2026-04-04T09:10:52+00:00,401,303,160,73,7.089,303.6,20,fit:febaaaf5812d5a4d961754104dd48b058802abe8740d9686dbdc69e9560196ba:segment:018,18,10009.0,8190,activities/061_260404082403.csv,1,1,0,0
fit:febaaaf5812d5a4d961754104dd48b058802abe8740d9686dbdc69e9560196ba,2026-04-04T09:10:53+00:00,402,273,160,73,7.063,303.6,20,fit:febaaaf5812d5a4d961754104dd48b058802abe8740d9686dbdc69e9560196ba:segment:018,18,10010.0,8191,activities/061_260404082403.csv,1,1,0,0
fit:febaaaf5812d5a4d961754104dd48b058802abe8740d9686dbdc69e9560196ba,2026-04-04T09:10:54+00:00,403,275,160,73,6.971,303.6,20,fit:febaaaf5812d5a4d961754104dd48b058802abe8740d9686dbdc69e9560196ba:segment:018,18,10011.0,8192,activities/061_260404082403.csv,1,1,0,0
fit:febaaaf5812d5a4d961754104dd48b058802abe8740d9686dbdc69e9560196ba,2026-04-04T09:10:55+00:00,404,313,160,73,6.878,303.6,19,fit:febaaaf5812d5a4d961754104dd48b058802abe8740d9686dbdc69e9560196ba:segment:018,18,10012.0,8193,activities/061_260404082403.csv,1,1,0,0
fit:febaaaf5812d5a4d961754104dd48b058802abe8740d9686dbdc69e9560196ba,2026-04-04T09:10:56+00:00,405,313,160,73,6.994,304.20000000000005,19,fit:febaaaf5812d5a4d961754104dd48b058802abe8740d9686dbdc69e9560196ba:segment:018,18,10013.0,8194,activities/061_260404082403.csv,1,1,0,0
fit:febaaaf5812d5a4d961754104dd48b058802abe8740d9686dbdc69e9560196ba,2026-04-04T09:10:57+00:00,406,297,160,74,6.947,304.20000000000005,19,fit:febaaaf5812d5a4d961754104dd48b058802abe8740d9686dbdc69e9560196ba:segment:018,18,10014.0,8195,activities/061_260404082403.csv,1,1,0,0
fit:febaaaf5812d5a4d961754104dd48b058802abe8740d9686dbdc69e9560196ba,2026-04-04T09:10:58+00:00,407,277,160,75,6.968,304.20000000000005,19,fit:febaaaf5812d5a4d961754104dd48b058802abe8740d9686dbdc69e9560196ba:segment:018,18,10015.0,8196,activities/061_260404082403.csv,1,1,0,0
fit:febaaaf5812d5a4d961754104dd48b058802abe8740d9686dbdc69e9560196ba,2026-04-04T09:10:59+00:00,408,253,160,75,7.127,304.6,19,fit:febaaaf5812d5a4d961754104dd48b058802abe8740d9686dbdc69e9560196ba:segment:018,18,10016.0,8197,activities/061_260404082403.csv,1,1,0,0
fit:febaaaf5812d5a4d961754104dd48b058802abe8740d9686dbdc69e9560196ba,2026-04-04T09:11:00+00:00,409,284,161,75,7.089,305.20000000000005,19,fit:febaaaf5812d5a4d961754104dd48b058802abe8740d9686dbdc69e9560196ba:segment:018,18,10017.0,8198,activities/061_260404082403.csv,1,1,0,0
fit:febaaaf5812d5a4d961754104dd48b058802abe8740d9686dbdc69e9560196ba,2026-04-04T09:11:01+00:00,410,305,161,75,7.094,305.20000000000005,19,fit:febaaaf5812d5a4d961754104dd48b058802abe8740d9686dbdc69e9560196ba:segment:018,18,10018.0,8199,activities/061_260404082403.csv,1,1,0,0
fit:febaaaf5812d5a4d961754104dd48b058802abe8740d9686dbdc69e9560196ba,2026-04-04T09:11:02+00:00,411,306,161,75,7.225,305.20000000000005,19,fit:febaaaf5812d5a4d961754104dd48b058802abe8740d9686dbdc69e9560196ba:segment:018,18,10019.0,8200,activities/061_260404082403.csv,1,1,0,0
fit:febaaaf5812d5a4d961754104dd48b058802abe8740d9686dbdc69e9560196ba,2026-04-04T09:11:03+00:00,412,296,162,76,7.267,305.0,19,fit:febaaaf5812d5a4d961754104dd48b058802abe8740d9686dbdc69e9560196ba:segment:018,18,10020.0,8201,activities/061_260404082403.csv,1,1,0,0
fit:febaaaf5812d5a4d961754104dd48b058802abe8740d9686dbdc69e9560196ba,2026-04-04T09:11:04+00:00,413,245,162,76,7.372,305.6,19,fit:febaaaf5812d5a4d961754104dd48b058802abe8740d9686dbdc69e9560196ba:segment:018,18,10021.0,8202,activities/061_260404082403.csv,1,1,0,0
fit:febaaaf5812d5a4d961754104dd48b058802abe8740d9686dbdc69e9560196ba,2026-04-04T09:11:05+00:00,414,246,162,77,7.456,305.6,19,fit:febaaaf5812d5a4d961754104dd48b058802abe8740d9686dbdc69e9560196ba:segment:018,18,10022.0,8203,activities/061_260404082403.csv,1,1,0,0
fit:febaaaf5812d5a4d961754104dd48b058802abe8740d9686dbdc69e9560196ba,2026-04-04T09:11:06+00:00,415,234,162,77,7.369,305.6,19,fit:febaaaf5812d5a4d961754104dd48b058802abe8740d9686dbdc69e9560196ba:segment:018,18,10023.0,8204,activities/061_260404082403.csv,1,1,0,0
fit:febaaaf5812d5a4d961754104dd48b058802abe8740d9686dbdc69e9560196ba,2026-04-04T09:11:07+00:00,416,270,162,77,7.336,305.6,19,fit:febaaaf5812d5a4d961754104dd48b058802abe8740d9686dbdc69e9560196ba:segment:018,18,10024.0,8205,activities/061_260404082403.csv,1,1,0,0
fit:febaaaf5812d5a4d961754104dd48b058802abe8740d9686dbdc69e9560196ba,2026-04-04T09:11:08+00:00,417,239,162,79,7.409,305.4,19,fit:febaaaf5812d5a4d961754104dd48b058802abe8740d9686dbdc69e9560196ba:segment:018,18,10025.0,8206,activities/061_260404082403.csv,1,1,0,0
fit:febaaaf5812d5a4d961754104dd48b058802abe8740d9686dbdc69e9560196ba,2026-04-04T09:11:09+00:00,418,235,161,78,7.535,305.4,19,fit:febaaaf5812d5a4d961754104dd48b058802abe8740d9686dbdc69e9560196ba:segment:018,18,10026.0,8207,activities/061_260404082403.csv,1,1,0,0
fit:febaaaf5812d5a4d961754104dd48b058802abe8740d9686dbdc69e9560196ba,2026-04-04T09:11:10+00:00,419,254,161,78,7.539,305.4,19,fit:febaaaf5812d5a4d961754104dd48b058802abe8740d9686dbdc69e9560196ba:segment:018,18,10027.0,8208,activities/061_260404082403.csv,1,1,0,0
fit:febaaaf5812d5a4d961754104dd48b058802abe8740d9686dbdc69e9560196ba,2026-04-04T09:11:11+00:00,420,267,160,77,7.519,305.4,19,fit:febaaaf5812d5a4d961754104dd48b058802abe8740d9686dbdc69e9560196ba:segment:018,18,10028.0,8209,activities/061_260404082403.csv,1,1,0,0
fit:febaaaf5812d5a4d961754104dd48b058802abe8740d9686dbdc69e9560196ba,2026-04-04T09:11:12+00:00,421,256,160,76,7.488,305.79999999999995,19,fit:febaaaf5812d5a4d961754104dd48b058802abe8740d9686dbdc69e9560196ba:segment:018,18,10029.0,8210,activities/061_260404082403.csv,1,1,0,0
fit:febaaaf5812d5a4d961754104dd48b058802abe8740d9686dbdc69e9560196ba,2026-04-04T09:11:13+00:00,422,279,160,76,7.406,305.79999999999995,19,fit:febaaaf5812d5a4d961754104dd48b058802abe8740d9686dbdc69e9560196ba:segment:018,18,10030.0,8211,activities/061_260404082403.csv,1,1,0,0
fit:febaaaf5812d5a4d961754104dd48b058802abe8740d9686dbdc69e9560196ba,2026-04-04T09:11:14+00:00,423,265,160,76,7.202,305.79999999999995,19,fit:febaaaf5812d5a4d961754104dd48b058802abe8740d9686dbdc69e9560196ba:segment:018,18,10031.0,8212,activities/061_260404082403.csv,1,1,0,0
fit:febaaaf5812d5a4d961754104dd48b058802abe8740d9686dbdc69e9560196ba,2026-04-04T09:11:15+00:00,424,251,160,75,7.391,306.6,19,fit:febaaaf5812d5a4d961754104dd48b058802abe8740d9686dbdc69e9560196ba:segment:018,18,10032.0,8213,activities/061_260404082403.csv,1,1,0,0
fit:febaaaf5812d5a4d961754104dd48b058802abe8740d9686dbdc69e9560196ba,2026-04-04T09:11:16+00:00,425,260,160,75,7.284,306.6,19,fit:febaaaf5812d5a4d961754104dd48b058802abe8740d9686dbdc69e9560196ba:segment:018,18,10033.0,8214,activities/061_260404082403.csv,1,1,0,0
fit:febaaaf5812d5a4d961754104dd48b058802abe8740d9686dbdc69e9560196ba,2026-04-04T09:11:17+00:00,426,270,160,75,7.31,306.6,19,fit:febaaaf5812d5a4d961754104dd48b058802abe8740d9686dbdc69e9560196ba:segment:018,18,10034.0,8215,activities/061_260404082403.csv,1,1,0,0
fit:febaaaf5812d5a4d961754104dd48b058802abe8740d9686dbdc69e9560196ba,2026-04-04T09:11:18+00:00,427,256,160,74,7.304,306.6,19,fit:febaaaf5812d5a4d961754104dd48b058802abe8740d9686dbdc69e9560196ba:segment:018,18,10035.0,8216,activities/061_260404082403.csv,1,1,0,0
fit:febaaaf5812d5a4d961754104dd48b058802abe8740d9686dbdc69e9560196ba,2026-04-04T09:11:19+00:00,428,271,160,72,7.249,306.6,19,fit:febaaaf5812d5a4d961754104dd48b058802abe8740d9686dbdc69e9560196ba:segment:018,18,10036.0,8217,activities/061_260404082403.csv,1,1,0,0
fit:febaaaf5812d5a4d961754104dd48b058802abe8740d9686dbdc69e9560196ba,2026-04-04T09:11:20+00:00,429,280,159,72,7.285,308.4,19,fit:febaaaf5812d5a4d961754104dd48b058802abe8740d9686dbdc69e9560196ba:segment:018,18,10037.0,8218,activities/061_260404082403.csv,1,1,0,0
fit:febaaaf5812d5a4d961754104dd48b058802abe8740d9686dbdc69e9560196ba,2026-04-04T09:11:21+00:00,430,256,159,71,7.167,308.4,19,fit:febaaaf5812d5a4d961754104dd48b058802abe8740d9686dbdc69e9560196ba:segment:018,18,10038.0,8219,activities/061_260404082403.csv,1,1,0,0
fit:febaaaf5812d5a4d961754104dd48b058802abe8740d9686dbdc69e9560196ba,2026-04-04T09:11:22+00:00,431,268,159,70,7.075,308.4,19,fit:febaaaf5812d5a4d961754104dd48b058802abe8740d9686dbdc69e9560196ba:segment:018,18,10039.0,8220,activities/061_260404082403.csv,1,1,0,0
fit:febaaaf5812d5a4d961754104dd48b058802abe8740d9686dbdc69e9560196ba,2026-04-04T09:11:23+00:00,432,307,159,70,6.793,308.4,19,fit:febaaaf5812d5a4d961754104dd48b058802abe8740d9686dbdc69e9560196ba:segment:018,18,10040.0,8221,activities/061_260404082403.csv,1,1,0,0
fit:febaaaf5812d5a4d961754104dd48b058802abe8740d9686dbdc69e9560196ba,2026-04-04T09:11:24+00:00,433,333,159,70,6.977,308.79999999999995,19,fit:febaaaf5812d5a4d961754104dd48b058802abe8740d9686dbdc69e9560196ba:segment:018,18,10041.0,8222,activities/061_260404082403.csv,1,1,0,0
fit:febaaaf5812d5a4d961754104dd48b058802abe8740d9686dbdc69e9560196ba,2026-04-04T09:11:25+00:00,434,297,158,70,6.921,308.79999999999995,19,fit:febaaaf5812d5a4d961754104dd48b058802abe8740d9686dbdc69e9560196ba:segment:018,18,10042.0,8223,activities/061_260404082403.csv,1,1,0,0
fit:febaaaf5812d5a4d961754104dd48b058802abe8740d9686dbdc69e9560196ba,2026-04-04T09:11:26+00:00,435,134,158,68,6.849,308.79999999999995,19,fit:febaaaf5812d5a4d961754104dd48b058802abe8740d9686dbdc69e9560196ba:segment:018,18,10043.0,8224,activities/061_260404082403.csv,1,1,0,0
fit:febaaaf5812d5a4d961754104dd48b058802abe8740d9686dbdc69e9560196ba,2026-04-04T09:11:27+00:00,436,135,158,68,6.766,309.79999999999995,19,fit:febaaaf5812d5a4d961754104dd48b058802abe8740d9686dbdc69e9560196ba:segment:018,18,10044.0,8225,activities/061_260404082403.csv,1,1,0,0
fit:febaaaf5812d5a4d961754104dd48b058802abe8740d9686dbdc69e9560196ba,2026-04-04T09:11:28+00:00,437,201,158,78,6.576,310.0,19,fit:febaaaf5812d5a4d961754104dd48b058802abe8740d9686dbdc69e9560196ba:segment:018,18,10045.0,8226,activities/061_260404082403.csv,1,1,0,0
fit:febaaaf5812d5a4d961754104dd48b058802abe8740d9686dbdc69e9560196ba,2026-04-04T09:11:29+00:00,438,248,158,82,6.329,310.0,19,fit:febaaaf5812d5a4d961754104dd48b058802abe8740d9686dbdc69e9560196ba:segment:018,18,10046.0,8227,activities/061_260404082403.csv,1,1,0,0
fit:febaaaf5812d5a4d961754104dd48b058802abe8740d9686dbdc69e9560196ba,2026-04-04T09:11:30+00:00,439,225,158,81,6.347,310.0,19,fit:febaaaf5812d5a4d961754104dd48b058802abe8740d9686dbdc69e9560196ba:segment:018,18,10047.0,8228,activities/061_260404082403.csv,1,1,0,0
fit:febaaaf5812d5a4d961754104dd48b058802abe8740d9686dbdc69e9560196ba,2026-04-04T09:11:31+00:00,440,246,158,80,6.079,310.6,19,fit:febaaaf5812d5a4d961754104dd48b058802abe8740d9686dbdc69e9560196ba:segment:018,18,10048.0,8229,activities/061_260404082403.csv,1,1,0,0
fit:febaaaf5812d5a4d961754104dd48b058802abe8740d9686dbdc69e9560196ba,2026-04-04T09:11:32+00:00,441,243,158,79,5.833,311.0,19,fit:febaaaf5812d5a4d961754104dd48b058802abe8740d9686dbdc69e9560196ba:segment:018,18,10049.0,8230,activities/061_260404082403.csv,1,1,0,0
fit:febaaaf5812d5a4d961754104dd48b058802abe8740d9686dbdc69e9560196ba,2026-04-04T09:11:33+00:00,442,281,158,79,5.903,311.0,19,fit:febaaaf5812d5a4d961754104dd48b058802abe8740d9686dbdc69e9560196ba:segment:018,18,10050.0,8231,activities/061_260404082403.csv,1,1,0,0
fit:febaaaf5812d5a4d961754104dd48b058802abe8740d9686dbdc69e9560196ba,2026-04-04T09:11:34+00:00,443,298,157,78,5.816,311.0,19,fit:febaaaf5812d5a4d961754104dd48b058802abe8740d9686dbdc69e9560196ba:segment:018,18,10051.0,8232,activities/061_260404082403.csv,1,1,0,0
fit:febaaaf5812d5a4d961754104dd48b058802abe8740d9686dbdc69e9560196ba,2026-04-04T09:11:35+00:00,444,300,157,78,5.905,312.0,19,fit:febaaaf5812d5a4d961754104dd48b058802abe8740d9686dbdc69e9560196ba:segment:018,18,10052.0,8233,activities/061_260404082403.csv,1,1,0,0
fit:febaaaf5812d5a4d961754104dd48b058802abe8740d9686dbdc69e9560196ba,2026-04-04T09:11:36+00:00,445,250,157,78,5.839,312.20000000000005,19,fit:febaaaf5812d5a4d961754104dd48b058802abe8740d9686dbdc69e9560196ba:segment:018,18,10053.0,8234,activities/061_260404082403.csv,1,1,0,0
fit:febaaaf5812d5a4d961754104dd48b058802abe8740d9686dbdc69e9560196ba,2026-04-04T09:11:37+00:00,446,272,157,77,5.775,312.20000000000005,19,fit:febaaaf5812d5a4d961754104dd48b058802abe8740d9686dbdc69e9560196ba:segment:018,18,10054.0,8235,activities/061_260404082403.csv,1,1,0,0
fit:febaaaf5812d5a4d961754104dd48b058802abe8740d9686dbdc69e9560196ba,2026-04-04T09:11:38+00:00,447,301,157,78,5.778,312.20000000000005,19,fit:febaaaf5812d5a4d961754104dd48b058802abe8740d9686dbdc69e9560196ba:segment:018,18,10055.0,8236,activities/061_260404082403.csv,1,1,0,0
fit:febaaaf5812d5a4d961754104dd48b058802abe8740d9686dbdc69e9560196ba,2026-04-04T09:11:39+00:00,448,298,157,78,5.926,312.20000000000005,19,fit:febaaaf5812d5a4d961754104dd48b058802abe8740d9686dbdc69e9560196ba:segment:018,18,10056.0,8237,activities/061_260404082403.csv,1,1,0,0
fit:febaaaf5812d5a4d961754104dd48b058802abe8740d9686dbdc69e9560196ba,2026-04-04T09:11:40+00:00,449,284,157,78,5.808,313.79999999999995,19,fit:febaaaf5812d5a4d961754104dd48b058802abe8740d9686dbdc69e9560196ba:segment:018,18,10057.0,8238,activities/061_260404082403.csv,1,1,0,0
fit:febaaaf5812d5a4d961754104dd48b058802abe8740d9686dbdc69e9560196ba,2026-04-04T09:11:41+00:00,450,300,157,78,5.881,313.79999999999995,19,fit:febaaaf5812d5a4d961754104dd48b058802abe8740d9686dbdc69e9560196ba:segment:018,18,10058.0,8239,activities/061_260404082403.csv,1,1,0,0
fit:febaaaf5812d5a4d961754104dd48b058802abe8740d9686dbdc69e9560196ba,2026-04-04T09:11:42+00:00,451,300,157,78,5.903,313.79999999999995,19,fit:febaaaf5812d5a4d961754104dd48b058802abe8740d9686dbdc69e9560196ba:segment:018,18,10059.0,8240,activities/061_260404082403.csv,1,1,0,0
fit:febaaaf5812d5a4d961754104dd48b058802abe8740d9686dbdc69e9560196ba,2026-04-04T09:11:43+00:00,452,281,156,77,6.015,313.79999999999995,19,fit:febaaaf5812d5a4d961754104dd48b058802abe8740d9686dbdc69e9560196ba:segment:018,18,10060.0,8241,activities/061_260404082403.csv,1,1,0,0
fit:febaaaf5812d5a4d961754104dd48b058802abe8740d9686dbdc69e9560196ba,2026-04-04T09:11:44+00:00,453,289,157,76,6.06,314.4,19,fit:febaaaf5812d5a4d961754104dd48b058802abe8740d9686dbdc69e9560196ba:segment:018,18,10061.0,8242,activities/061_260404082403.csv,1,1,0,0
fit:febaaaf5812d5a4d961754104dd48b058802abe8740d9686dbdc69e9560196ba,2026-04-04T09:11:45+00:00,454,289,156,75,5.828,314.4,19,fit:febaaaf5812d5a4d961754104dd48b058802abe8740d9686dbdc69e9560196ba:segment:018,18,10062.0,8243,activities/061_260404082403.csv,1,1,0,0
fit:febaaaf5812d5a4d961754104dd48b058802abe8740d9686dbdc69e9560196ba,2026-04-04T09:11:46+00:00,455,307,156,74,5.779,314.4,19,fit:febaaaf5812d5a4d961754104dd48b058802abe8740d9686dbdc69e9560196ba:segment:018,18,10063.0,8244,activities/061_260404082403.csv,1,1,0,0
fit:febaaaf5812d5a4d961754104dd48b058802abe8740d9686dbdc69e9560196ba,2026-04-04T09:11:47+00:00,456,307,157,74,5.661,314.4,19,fit:febaaaf5812d5a4d961754104dd48b058802abe8740d9686dbdc69e9560196ba:segment:018,18,10064.0,8245,activities/061_260404082403.csv,1,1,0,0
fit:febaaaf5812d5a4d961754104dd48b058802abe8740d9686dbdc69e9560196ba,2026-04-04T09:11:48+00:00,457,313,157,74,5.684,315.20000000000005,19,fit:febaaaf5812d5a4d961754104dd48b058802abe8740d9686dbdc69e9560196ba:segment:018,18,10065.0,8246,activities/061_260404082403.csv,1,1,0,0
fit:febaaaf5812d5a4d961754104dd48b058802abe8740d9686dbdc69e9560196ba,2026-04-04T09:11:49+00:00,458,307,157,73,5.641,315.20000000000005,19,fit:febaaaf5812d5a4d961754104dd48b058802abe8740d9686dbdc69e9560196ba:segment:018,18,10066.0,8247,activities/061_260404082403.csv,1,1,0,0
fit:febaaaf5812d5a4d961754104dd48b058802abe8740d9686dbdc69e9560196ba,2026-04-04T09:11:50+00:00,459,287,157,72,5.628,315.20000000000005,19,fit:febaaaf5812d5a4d961754104dd48b058802abe8740d9686dbdc69e9560196ba:segment:018,18,10067.0,8248,activities/061_260404082403.csv,1,1,0,0
fit:febaaaf5812d5a4d961754104dd48b058802abe8740d9686dbdc69e9560196ba,2026-04-04T09:11:51+00:00,460,287,158,72,5.48,316.20000000000005,19,fit:febaaaf5812d5a4d961754104dd48b058802abe8740d9686dbdc69e9560196ba:segment:018,18,10068.0,8249,activities/061_260404082403.csv,1,1,0,0
fit:febaaaf5812d5a4d961754104dd48b058802abe8740d9686dbdc69e9560196ba,2026-04-04T09:11:52+00:00,461,300,158,71,5.414,316.6,19,fit:febaaaf5812d5a4d961754104dd48b058802abe8740d9686dbdc69e9560196ba:segment:018,18,10069.0,8250,activities/061_260404082403.csv,1,1,0,0
fit:febaaaf5812d5a4d961754104dd48b058802abe8740d9686dbdc69e9560196ba,2026-04-04T09:11:53+00:00,462,322,158,71,5.411,316.6,19,fit:febaaaf5812d5a4d961754104dd48b058802abe8740d9686dbdc69e9560196ba:segment:018,18,10070.0,8251,activities/061_260404082403.csv,1,1,0,0
fit:febaaaf5812d5a4d961754104dd48b058802abe8740d9686dbdc69e9560196ba,2026-04-04T09:11:54+00:00,463,300,159,71,5.489,316.6,19,fit:febaaaf5812d5a4d961754104dd48b058802abe8740d9686dbdc69e9560196ba:segment:018,18,10071.0,8252,activities/061_260404082403.csv,1,1,0,0
fit:febaaaf5812d5a4d961754104dd48b058802abe8740d9686dbdc69e9560196ba,2026-04-04T09:11:55+00:00,464,300,160,71,5.462,317.6,19,fit:febaaaf5812d5a4d961754104dd48b058802abe8740d9686dbdc69e9560196ba:segment:018,18,10072.0,8253,activities/061_260404082403.csv,1,1,0,0
fit:febaaaf5812d5a4d961754104dd48b058802abe8740d9686dbdc69e9560196ba,2026-04-04T09:11:56+00:00,465,295,160,70,5.478,318.0,19,fit:febaaaf5812d5a4d961754104dd48b058802abe8740d9686dbdc69e9560196ba:segment:018,18,10073.0,8254,activities/061_260404082403.csv,1,1,0,0
fit:febaaaf5812d5a4d961754104dd48b058802abe8740d9686dbdc69e9560196ba,2026-04-04T09:11:57+00:00,466,306,160,70,5.452,318.0,19,fit:febaaaf5812d5a4d961754104dd48b058802abe8740d9686dbdc69e9560196ba:segment:018,18,10074.0,8255,activities/061_260404082403.csv,1,1,0,0
fit:febaaaf5812d5a4d961754104dd48b058802abe8740d9686dbdc69e9560196ba,2026-04-04T09:11:58+00:00,467,317,160,70,5.461,318.0,19,fit:febaaaf5812d5a4d961754104dd48b058802abe8740d9686dbdc69e9560196ba:segment:018,18,10075.0,8256,activities/061_260404082403.csv,1,1,0,0
fit:febaaaf5812d5a4d961754104dd48b058802abe8740d9686dbdc69e9560196ba,2026-04-04T09:11:59+00:00,468,312,160,70,5.527,318.0,19,fit:febaaaf5812d5a4d961754104dd48b058802abe8740d9686dbdc69e9560196ba:segment:018,18,10076.0,8257,activities/061_260404082403.csv,1,1,0,0
fit:febaaaf5812d5a4d961754104dd48b058802abe8740d9686dbdc69e9560196ba,2026-04-04T09:12:00+00:00,469,319,160,69,5.317,319.0,19,fit:febaaaf5812d5a4d961754104dd48b058802abe8740d9686dbdc69e9560196ba:segment:018,18,10077.0,8258,activities/061_260404082403.csv,1,1,0,0
fit:febaaaf5812d5a4d961754104dd48b058802abe8740d9686dbdc69e9560196ba,2026-04-04T09:12:01+00:00,470,302,160,69,5.216,319.0,19,fit:febaaaf5812d5a4d961754104dd48b058802abe8740d9686dbdc69e9560196ba:segment:018,18,10078.0,8259,activities/061_260404082403.csv,1,1,0,0
fit:febaaaf5812d5a4d961754104dd48b058802abe8740d9686dbdc69e9560196ba,2026-04-04T09:12:02+00:00,471,303,160,69,5.113,319.0,19,fit:febaaaf5812d5a4d961754104dd48b058802abe8740d9686dbdc69e9560196ba:segment:018,18,10079.0,8260,activities/061_260404082403.csv,1,1,0,0
fit:febaaaf5812d5a4d961754104dd48b058802abe8740d9686dbdc69e9560196ba,2026-04-04T09:12:03+00:00,472,318,160,66,5.019,319.0,19,fit:febaaaf5812d5a4d961754104dd48b058802abe8740d9686dbdc69e9560196ba:segment:018,18,10080.0,8261,activities/061_260404082403.csv,1,1,0,0
fit:febaaaf5812d5a4d961754104dd48b058802abe8740d9686dbdc69e9560196ba,2026-04-04T09:12:04+00:00,473,331,160,66,4.972,320.6,19,fit:febaaaf5812d5a4d961754104dd48b058802abe8740d9686dbdc69e9560196ba:segment:018,18,10081.0,8262,activities/061_260404082403.csv,1,1,0,0
fit:febaaaf5812d5a4d961754104dd48b058802abe8740d9686dbdc69e9560196ba,2026-04-04T09:12:05+00:00,474,334,161,67,4.898,320.6,19,fit:febaaaf5812d5a4d961754104dd48b058802abe8740d9686dbdc69e9560196ba:segment:018,18,10082.0,8263,activities/061_260404082403.csv,1,1,0,0
fit:febaaaf5812d5a4d961754104dd48b058802abe8740d9686dbdc69e9560196ba,2026-04-04T09:12:06+00:00,475,361,162,67,4.94,320.6,19,fit:febaaaf5812d5a4d961754104dd48b058802abe8740d9686dbdc69e9560196ba:segment:018,18,10083.0,8264,activities/061_260404082403.csv,1,1,0,0
fit:febaaaf5812d5a4d961754104dd48b058802abe8740d9686dbdc69e9560196ba,2026-04-04T09:12:07+00:00,476,343,162,67,5.008,320.6,19,fit:febaaaf5812d5a4d961754104dd48b058802abe8740d9686dbdc69e9560196ba:segment:018,18,10084.0,8265,activities/061_260404082403.csv,1,1,0,0
fit:febaaaf5812d5a4d961754104dd48b058802abe8740d9686dbdc69e9560196ba,2026-04-04T09:12:08+00:00,477,274,162,66,5.053,321.6,19,fit:febaaaf5812d5a4d961754104dd48b058802abe8740d9686dbdc69e9560196ba:segment:018,18,10085.0,8266,activities/061_260404082403.csv,1,1,0,0
fit:febaaaf5812d5a4d961754104dd48b058802abe8740d9686dbdc69e9560196ba,2026-04-04T09:12:09+00:00,478,330,163,66,4.999,321.6,19,fit:febaaaf5812d5a4d961754104dd48b058802abe8740d9686dbdc69e9560196ba:segment:018,18,10086.0,8267,activities/061_260404082403.csv,1,1,0,0
fit:febaaaf5812d5a4d961754104dd48b058802abe8740d9686dbdc69e9560196ba,2026-04-04T09:12:10+00:00,479,329,163,67,5.087,321.6,19,fit:febaaaf5812d5a4d961754104dd48b058802abe8740d9686dbdc69e9560196ba:segment:018,18,10087.0,8268,activities/061_260404082403.csv,1,1,0,0
fit:febaaaf5812d5a4d961754104dd48b058802abe8740d9686dbdc69e9560196ba,2026-04-04T09:12:11+00:00,480,326,163,67,5.197,322.6,19,fit:febaaaf5812d5a4d961754104dd48b058802abe8740d9686dbdc69e9560196ba:segment:018,18,10088.0,8269,activities/061_260404082403.csv,1,1,0,0
fit:febaaaf5812d5a4d961754104dd48b058802abe8740d9686dbdc69e9560196ba,2026-04-04T09:12:12+00:00,481,326,163,67,5.202,323.0,19,fit:febaaaf5812d5a4d961754104dd48b058802abe8740d9686dbdc69e9560196ba:segment:018,18,10089.0,8270,activities/061_260404082403.csv,1,1,0,0
fit:febaaaf5812d5a4d961754104dd48b058802abe8740d9686dbdc69e9560196ba,2026-04-04T09:12:13+00:00,482,328,163,66,5.094,323.0,19,fit:febaaaf5812d5a4d961754104dd48b058802abe8740d9686dbdc69e9560196ba:segment:018,18,10090.0,8271,activities/061_260404082403.csv,1,1,0,0
fit:febaaaf5812d5a4d961754104dd48b058802abe8740d9686dbdc69e9560196ba,2026-04-04T09:12:14+00:00,483,344,163,66,5.136,323.0,19,fit:febaaaf5812d5a4d961754104dd48b058802abe8740d9686dbdc69e9560196ba:segment:018,18,10091.0,8272,activities/061_260404082403.csv,1,1,0,0
fit:febaaaf5812d5a4d961754104dd48b058802abe8740d9686dbdc69e9560196ba,2026-04-04T09:12:15+00:00,484,344,164,66,5.239,323.79999999999995,19,fit:febaaaf5812d5a4d961754104dd48b058802abe8740d9686dbdc69e9560196ba:segment:018,18,10092.0,8273,activities/061_260404082403.csv,1,1,0,0
fit:febaaaf5812d5a4d961754104dd48b058802abe8740d9686dbdc69e9560196ba,2026-04-04T09:12:16+00:00,485,298,164,67,5.141,324.6,19,fit:febaaaf5812d5a4d961754104dd48b058802abe8740d9686dbdc69e9560196ba:segment:018,18,10093.0,8274,activities/061_260404082403.csv,1,1,0,0
fit:febaaaf5812d5a4d961754104dd48b058802abe8740d9686dbdc69e9560196ba,2026-04-04T09:12:17+00:00,486,294,164,66,5.011,324.6,19,fit:febaaaf5812d5a4d961754104dd48b058802abe8740d9686dbdc69e9560196ba:segment:018,18,10094.0,8275,activities/061_260404082403.csv,1,1,0,0
fit:febaaaf5812d5a4d961754104dd48b058802abe8740d9686dbdc69e9560196ba,2026-04-04T09:12:18+00:00,487,305,164,66,5.008,324.6,19,fit:febaaaf5812d5a4d961754104dd48b058802abe8740d9686dbdc69e9560196ba:segment:018,18,10095.0,8276,activities/061_260404082403.csv,1,1,0,0
fit:febaaaf5812d5a4d961754104dd48b058802abe8740d9686dbdc69e9560196ba,2026-04-04T09:12:19+00:00,488,316,165,65,5.129,324.6,19,fit:febaaaf5812d5a4d961754104dd48b058802abe8740d9686dbdc69e9560196ba:segment:018,18,10096.0,8277,activities/061_260404082403.csv,1,1,0,0
fit:febaaaf5812d5a4d961754104dd48b058802abe8740d9686dbdc69e9560196ba,2026-04-04T09:12:20+00:00,489,354,165,67,5.088,325.4,19,fit:febaaaf5812d5a4d961754104dd48b058802abe8740d9686dbdc69e9560196ba:segment:018,18,10097.0,8278,activities/061_260404082403.csv,1,1,0,0
fit:febaaaf5812d5a4d961754104dd48b058802abe8740d9686dbdc69e9560196ba,2026-04-04T09:12:21+00:00,490,362,165,67,5.08,325.4,19,fit:febaaaf5812d5a4d961754104dd48b058802abe8740d9686dbdc69e9560196ba:segment:018,18,10098.0,8279,activities/061_260404082403.csv,1,1,0,0
fit:febaaaf5812d5a4d961754104dd48b058802abe8740d9686dbdc69e9560196ba,2026-04-04T09:12:22+00:00,491,339,165,68,5.074,325.4,19,fit:febaaaf5812d5a4d961754104dd48b058802abe8740d9686dbdc69e9560196ba:segment:018,18,10099.0,8280,activities/061_260404082403.csv,1,1,0,0
fit:febaaaf5812d5a4d961754104dd48b058802abe8740d9686dbdc69e9560196ba,2026-04-04T09:12:23+00:00,492,347,165,68,5.098,326.4,19,fit:febaaaf5812d5a4d961754104dd48b058802abe8740d9686dbdc69e9560196ba:segment:018,18,10100.0,8281,activities/061_260404082403.csv,1,1,0,0
fit:febaaaf5812d5a4d961754104dd48b058802abe8740d9686dbdc69e9560196ba,2026-04-04T09:12:24+00:00,493,348,166,69,5.123,326.79999999999995,19,fit:febaaaf5812d5a4d961754104dd48b058802abe8740d9686dbdc69e9560196ba:segment:018,18,10101.0,8282,activities/061_260404082403.csv,1,1,0,0
fit:febaaaf5812d5a4d961754104dd48b058802abe8740d9686dbdc69e9560196ba,2026-04-04T09:12:25+00:00,494,323,166,69,5.04,326.79999999999995,19,fit:febaaaf5812d5a4d961754104dd48b058802abe8740d9686dbdc69e9560196ba:segment:018,18,10102.0,8283,activities/061_260404082403.csv,1,1,0,0
fit:febaaaf5812d5a4d961754104dd48b058802abe8740d9686dbdc69e9560196ba,2026-04-04T09:12:26+00:00,495,315,167,70,5.146,326.79999999999995,19,fit:febaaaf5812d5a4d961754104dd48b058802abe8740d9686dbdc69e9560196ba:segment:018,18,10103.0,8284,activities/061_260404082403.csv,1,1,0,0
fit:febaaaf5812d5a4d961754104dd48b058802abe8740d9686dbdc69e9560196ba,2026-04-04T09:12:27+00:00,496,315,167,70,5.203,327.79999999999995,19,fit:febaaaf5812d5a4d961754104dd48b058802abe8740d9686dbdc69e9560196ba:segment:018,18,10104.0,8285,activities/061_260404082403.csv,1,1,0,0
fit:febaaaf5812d5a4d961754104dd48b058802abe8740d9686dbdc69e9560196ba,2026-04-04T09:12:28+00:00,497,276,167,70,5.272,328.0,19,fit:febaaaf5812d5a4d961754104dd48b058802abe8740d9686dbdc69e9560196ba:segment:018,18,10105.0,8286,activities/061_260404082403.csv,1,1,0,0
fit:febaaaf5812d5a4d961754104dd48b058802abe8740d9686dbdc69e9560196ba,2026-04-04T09:12:29+00:00,498,276,168,70,5.036,328.0,19,fit:febaaaf5812d5a4d961754104dd48b058802abe8740d9686dbdc69e9560196ba:segment:018,18,10106.0,8287,activities/061_260404082403.csv,1,1,0,0
fit:febaaaf5812d5a4d961754104dd48b058802abe8740d9686dbdc69e9560196ba,2026-04-04T09:12:30+00:00,499,261,169,70,5.237,328.0,19,fit:febaaaf5812d5a4d961754104dd48b058802abe8740d9686dbdc69e9560196ba:segment:018,18,10107.0,8288,activities/061_260404082403.csv,1,1,0,0
fit:febaaaf5812d5a4d961754104dd48b058802abe8740d9686dbdc69e9560196ba,2026-04-04T09:12:31+00:00,500,242,169,70,5.39,328.4,19,fit:febaaaf5812d5a4d961754104dd48b058802abe8740d9686dbdc69e9560196ba:segment:018,18,10108.0,8289,activities/061_260404082403.csv,1,1,0,0
fit:febaaaf5812d5a4d961754104dd48b058802abe8740d9686dbdc69e9560196ba,2026-04-04T09:12:32+00:00,501,235,169,69,5.208,328.6,19,fit:febaaaf5812d5a4d961754104dd48b058802abe8740d9686dbdc69e9560196ba:segment:018,18,10109.0,8290,activities/061_260404082403.csv,1,1,0,0
fit:febaaaf5812d5a4d961754104dd48b058802abe8740d9686dbdc69e9560196ba,2026-04-04T09:12:33+00:00,502,196,169,68,4.943,328.6,19,fit:febaaaf5812d5a4d961754104dd48b058802abe8740d9686dbdc69e9560196ba:segment:018,18,10110.0,8291,activities/061_260404082403.csv,1,1,0,0
fit:febaaaf5812d5a4d961754104dd48b058802abe8740d9686dbdc69e9560196ba,2026-04-04T09:12:34+00:00,503,211,169,64,4.854,328.6,19,fit:febaaaf5812d5a4d961754104dd48b058802abe8740d9686dbdc69e9560196ba:segment:018,18,10111.0,8292,activities/061_260404082403.csv,1,1,0,0
fit:febaaaf5812d5a4d961754104dd48b058802abe8740d9686dbdc69e9560196ba,2026-04-04T09:12:35+00:00,504,177,169,62,4.75,329.4,19,fit:febaaaf5812d5a4d961754104dd48b058802abe8740d9686dbdc69e9560196ba:segment:018,18,10112.0,8293,activities/061_260404082403.csv,1,1,0,0
fit:febaaaf5812d5a4d961754104dd48b058802abe8740d9686dbdc69e9560196ba,2026-04-04T09:12:36+00:00,505,115,168,59,4.701,329.79999999999995,19,fit:febaaaf5812d5a4d961754104dd48b058802abe8740d9686dbdc69e9560196ba:segment:018,18,10113.0,8294,activities/061_260404082403.csv,1,1,0,0
fit:febaaaf5812d5a4d961754104dd48b058802abe8740d9686dbdc69e9560196ba,2026-04-04T09:12:37+00:00,506,81,168,55,4.369,329.79999999999995,19,fit:febaaaf5812d5a4d961754104dd48b058802abe8740d9686dbdc69e9560196ba:segment:018,18,10114.0,8295,activities/061_260404082403.csv,1,1,0,0
fit:febaaaf5812d5a4d961754104dd48b058802abe8740d9686dbdc69e9560196ba,2026-04-04T09:12:38+00:00,507,55,168,50,4.266,329.79999999999995,19,fit:febaaaf5812d5a4d961754104dd48b058802abe8740d9686dbdc69e9560196ba:segment:018,18,10115.0,8296,activities/061_260404082403.csv,1,1,0,0
fit:febaaaf5812d5a4d961754104dd48b058802abe8740d9686dbdc69e9560196ba,2026-04-04T09:12:39+00:00,508,24,167,42,3.951,330.79999999999995,19,fit:febaaaf5812d5a4d961754104dd48b058802abe8740d9686dbdc69e9560196ba:segment:018,18,10116.0,8297,activities/061_260404082403.csv,1,1,0,0
fit:febaaaf5812d5a4d961754104dd48b058802abe8740d9686dbdc69e9560196ba,2026-04-04T09:12:40+00:00,509,24,166,42,3.227,331.4,19,fit:febaaaf5812d5a4d961754104dd48b058802abe8740d9686dbdc69e9560196ba:segment:018,18,10117.0,8298,activities/061_260404082403.csv,1,1,0,0
fit:febaaaf5812d5a4d961754104dd48b058802abe8740d9686dbdc69e9560196ba,2026-04-04T09:12:41+00:00,510,50,165,36,2.569,331.4,19,fit:febaaaf5812d5a4d961754104dd48b058802abe8740d9686dbdc69e9560196ba:segment:018,18,10118.0,8299,activities/061_260404082403.csv,1,1,0,0
fit:febaaaf5812d5a4d961754104dd48b058802abe8740d9686dbdc69e9560196ba,2026-04-04T09:12:42+00:00,511,50,165,36,2.152,331.4,19,fit:febaaaf5812d5a4d961754104dd48b058802abe8740d9686dbdc69e9560196ba:segment:018,18,10119.0,8300,activities/061_260404082403.csv,1,1,0,0
fit:febaaaf5812d5a4d961754104dd48b058802abe8740d9686dbdc69e9560196ba,2026-04-04T09:12:43+00:00,512,44,163,25,1.881,331.79999999999995,19,fit:febaaaf5812d5a4d961754104dd48b058802abe8740d9686dbdc69e9560196ba:segment:018,18,10120.0,8301,activities/061_260404082403.csv,1,1,0,0
fit:febaaaf5812d5a4d961754104dd48b058802abe8740d9686dbdc69e9560196ba,2026-04-04T09:12:44+00:00,513,44,161,25,1.793,332.0,19,fit:febaaaf5812d5a4d961754104dd48b058802abe8740d9686dbdc69e9560196ba:segment:018,18,10121.0,8302,activities/061_260404082403.csv,1,1,0,0
fit:febaaaf5812d5a4d961754104dd48b058802abe8740d9686dbdc69e9560196ba,2026-04-04T09:12:45+00:00,514,44,161,25,1.554,332.0,19,fit:febaaaf5812d5a4d961754104dd48b058802abe8740d9686dbdc69e9560196ba:segment:018,18,10122.0,8303,activities/061_260404082403.csv,1,1,0,0
fit:febaaaf5812d5a4d961754104dd48b058802abe8740d9686dbdc69e9560196ba,2026-04-04T09:12:46+00:00,515,44,160,25,1.321,332.0,19,fit:febaaaf5812d5a4d961754104dd48b058802abe8740d9686dbdc69e9560196ba:segment:018,18,10123.0,8304,activities/061_260404082403.csv,1,1,0,0
fit:febaaaf5812d5a4d961754104dd48b058802abe8740d9686dbdc69e9560196ba,2026-04-04T09:12:47+00:00,516,0,158,0,1.279,332.0,19,fit:febaaaf5812d5a4d961754104dd48b058802abe8740d9686dbdc69e9560196ba:segment:018,18,10124.0,8305,activities/061_260404082403.csv,1,1,0,0
fit:febaaaf5812d5a4d961754104dd48b058802abe8740d9686dbdc69e9560196ba,2026-04-04T09:12:48+00:00,517,0,157,0,1.19,332.20000000000005,19,fit:febaaaf5812d5a4d961754104dd48b058802abe8740d9686dbdc69e9560196ba:segment:018,18,10125.0,8306,activities/061_260404082403.csv,1,1,0,0
fit:febaaaf5812d5a4d961754104dd48b058802abe8740d9686dbdc69e9560196ba,2026-04-04T09:12:49+00:00,518,0,155,0,1.153,332.20000000000005,19,fit:febaaaf5812d5a4d961754104dd48b058802abe8740d9686dbdc69e9560196ba:segment:018,18,10126.0,8307,activities/061_260404082403.csv,1,1,0,0
fit:febaaaf5812d5a4d961754104dd48b058802abe8740d9686dbdc69e9560196ba,2026-04-04T09:12:50+00:00,519,0,154,0,0.895,332.20000000000005,19,fit:febaaaf5812d5a4d961754104dd48b058802abe8740d9686dbdc69e9560196ba:segment:018,18,10127.0,8308,activities/061_260404082403.csv,1,1,0,0
fit:febaaaf5812d5a4d961754104dd48b058802abe8740d9686dbdc69e9560196ba,2026-04-04T09:12:51+00:00,520,0,154,0,0.727,332.20000000000005,19,fit:febaaaf5812d5a4d961754104dd48b058802abe8740d9686dbdc69e9560196ba:segment:018,18,10128.0,8309,activities/061_260404082403.csv,1,1,0,0
fit:febaaaf5812d5a4d961754104dd48b058802abe8740d9686dbdc69e9560196ba,2026-04-04T09:12:52+00:00,521,0,152,0,0.0,332.4,19,fit:febaaaf5812d5a4d961754104dd48b058802abe8740d9686dbdc69e9560196ba:segment:018,18,10129.0,8310,activities/061_260404082403.csv,1,1,0,0
