activity_id,timestamp,elapsed_seconds,power_w,heart_rate_bpm,cadence_rpm,speed_m_s,altitude_m,temperature_c,segment_id,segment_number,source_elapsed_seconds,source_row_index,source_file,activity_split,segment_selected_from_activity,power_missing,hr_missing
fit:06ab469a75256944c36383c4817288da1db87343fd8245e2c210fa0583dba5c2,2025-10-11T08:07:00+00:00,0,0,105,0,1.377,97.79999999999995,19,fit:06ab469a75256944c36383c4817288da1db87343fd8245e2c210fa0583dba5c2:segment:003,3,6741.0,6491,activities/049_251011081438.csv,1,1,0,0
fit:06ab469a75256944c36383c4817288da1db87343fd8245e2c210fa0583dba5c2,2025-10-11T08:07:01+00:00,1,0,105,0,1.095,97.39999999999998,19,fit:06ab469a75256944c36383c4817288da1db87343fd8245e2c210fa0583dba5c2:segment:003,3,6742.0,6492,activities/049_251011081438.csv,1,1,0,0
fit:06ab469a75256944c36383c4817288da1db87343fd8245e2c210fa0583dba5c2,2025-10-11T08:07:02+00:00,2,0,105,0,1.303,97.60000000000002,19,fit:06ab469a75256944c36383c4817288da1db87343fd8245e2c210fa0583dba5c2:segment:003,3,6743.0,6493,activities/049_251011081438.csv,1,1,0,0
fit:06ab469a75256944c36383c4817288da1db87343fd8245e2c210fa0583dba5c2,2025-10-11T08:07:03+00:00,3,66,106,0,1.591,97.60000000000002,19,fit:06ab469a75256944c36383c4817288da1db87343fd8245e2c210fa0583dba5c2:segment:003,3,6744.0,6494,activities/049_251011081438.csv,1,1,0,0
fit:06ab469a75256944c36383c4817288da1db87343fd8245e2c210fa0583dba5c2,2025-10-11T08:07:04+00:00,4,66,107,0,1.909,97.60000000000002,19,fit:06ab469a75256944c36383c4817288da1db87343fd8245e2c210fa0583dba5c2:segment:003,3,6745.0,6495,activities/049_251011081438.csv,1,1,0,0
fit:06ab469a75256944c36383c4817288da1db87343fd8245e2c210fa0583dba5c2,2025-10-11T08:07:05+00:00,5,200,109,0,2.159,98.20000000000005,19,fit:06ab469a75256944c36383c4817288da1db87343fd8245e2c210fa0583dba5c2:segment:003,3,6746.0,6496,activities/049_251011081438.csv,1,1,0,0
fit:06ab469a75256944c36383c4817288da1db87343fd8245e2c210fa0583dba5c2,2025-10-11T08:07:06+00:00,6,201,110,25,2.804,97.60000000000002,19,fit:06ab469a75256944c36383c4817288da1db87343fd8245e2c210fa0583dba5c2:segment:003,3,6747.0,6497,activities/049_251011081438.csv,1,1,0,0
fit:06ab469a75256944c36383c4817288da1db87343fd8245e2c210fa0583dba5c2,2025-10-11T08:07:07+00:00,7,257,110,25,3.235,97.60000000000002,19,fit:06ab469a75256944c36383c4817288da1db87343fd8245e2c210fa0583dba5c2:segment:003,3,6748.0,6498,activities/049_251011081438.csv,1,1,0,0
fit:06ab469a75256944c36383c4817288da1db87343fd8245e2c210fa0583dba5c2,2025-10-11T08:07:08+00:00,8,258,110,33,3.511,97.60000000000002,19,fit:06ab469a75256944c36383c4817288da1db87343fd8245e2c210fa0583dba5c2:segment:003,3,6749.0,6499,activities/049_251011081438.csv,1,1,0,0
fit:06ab469a75256944c36383c4817288da1db87343fd8245e2c210fa0583dba5c2,2025-10-11T08:07:09+00:00,9,301,111,33,3.88,97.79999999999995,19,fit:06ab469a75256944c36383c4817288da1db87343fd8245e2c210fa0583dba5c2:segment:003,3,6750.0,6500,activities/049_251011081438.csv,1,1,0,0
fit:06ab469a75256944c36383c4817288da1db87343fd8245e2c210fa0583dba5c2,2025-10-11T08:07:10+00:00,10,311,111,40,4.579,97.60000000000002,19,fit:06ab469a75256944c36383c4817288da1db87343fd8245e2c210fa0583dba5c2:segment:003,3,6751.0,6501,activities/049_251011081438.csv,1,1,0,0
fit:06ab469a75256944c36383c4817288da1db87343fd8245e2c210fa0583dba5c2,2025-10-11T08:07:11+00:00,11,317,111,45,5.138,97.60000000000002,19,fit:06ab469a75256944c36383c4817288da1db87343fd8245e2c210fa0583dba5c2:segment:003,3,6752.0,6502,activities/049_251011081438.csv,1,1,0,0
fit:06ab469a75256944c36383c4817288da1db87343fd8245e2c210fa0583dba5c2,2025-10-11T08:07:12+00:00,12,317,111,49,5.551,97.60000000000002,19,fit:06ab469a75256944c36383c4817288da1db87343fd8245e2c210fa0583dba5c2:segment:003,3,6753.0,6503,activities/049_251011081438.csv,1,1,0,0
fit:06ab469a75256944c36383c4817288da1db87343fd8245e2c210fa0583dba5c2,2025-10-11T08:07:13+00:00,13,249,111,49,5.867,97.79999999999995,19,fit:06ab469a75256944c36383c4817288da1db87343fd8245e2c210fa0583dba5c2:segment:003,3,6754.0,6504,activities/049_251011081438.csv,1,1,0,0
fit:06ab469a75256944c36383c4817288da1db87343fd8245e2c210fa0583dba5c2,2025-10-11T08:07:14+00:00,14,249,112,50,6.348,97.39999999999998,19,fit:06ab469a75256944c36383c4817288da1db87343fd8245e2c210fa0583dba5c2:segment:003,3,6755.0,6505,activities/049_251011081438.csv,1,1,0,0
fit:06ab469a75256944c36383c4817288da1db87343fd8245e2c210fa0583dba5c2,2025-10-11T08:07:15+00:00,15,44,115,50,6.453,97.39999999999998,19,fit:06ab469a75256944c36383c4817288da1db87343fd8245e2c210fa0583dba5c2:segment:003,3,6756.0,6506,activities/049_251011081438.csv,1,1,0,0
fit:06ab469a75256944c36383c4817288da1db87343fd8245e2c210fa0583dba5c2,2025-10-11T08:07:16+00:00,16,161,118,24,6.494,97.39999999999998,19,fit:06ab469a75256944c36383c4817288da1db87343fd8245e2c210fa0583dba5c2:segment:003,3,6757.0,6507,activities/049_251011081438.csv,1,1,0,0
fit:06ab469a75256944c36383c4817288da1db87343fd8245e2c210fa0583dba5c2,2025-10-11T08:07:17+00:00,17,161,118,54,6.555,96.39999999999998,19,fit:06ab469a75256944c36383c4817288da1db87343fd8245e2c210fa0583dba5c2:segment:003,3,6758.0,6508,activities/049_251011081438.csv,1,1,0,0
fit:06ab469a75256944c36383c4817288da1db87343fd8245e2c210fa0583dba5c2,2025-10-11T08:07:18+00:00,18,203,120,54,6.875,96.0,19,fit:06ab469a75256944c36383c4817288da1db87343fd8245e2c210fa0583dba5c2:segment:003,3,6759.0,6509,activities/049_251011081438.csv,1,1,0,0
fit:06ab469a75256944c36383c4817288da1db87343fd8245e2c210fa0583dba5c2,2025-10-11T08:07:19+00:00,19,230,122,58,7.1,96.0,19,fit:06ab469a75256944c36383c4817288da1db87343fd8245e2c210fa0583dba5c2:segment:003,3,6760.0,6510,activities/049_251011081438.csv,1,1,0,0
fit:06ab469a75256944c36383c4817288da1db87343fd8245e2c210fa0583dba5c2,2025-10-11T08:07:20+00:00,20,282,122,60,7.249,96.0,19,fit:06ab469a75256944c36383c4817288da1db87343fd8245e2c210fa0583dba5c2:segment:003,3,6761.0,6511,activities/049_251011081438.csv,1,1,0,0
fit:06ab469a75256944c36383c4817288da1db87343fd8245e2c210fa0583dba5c2,2025-10-11T08:07:21+00:00,21,304,123,62,7.44,96.0,19,fit:06ab469a75256944c36383c4817288da1db87343fd8245e2c210fa0583dba5c2:segment:003,3,6762.0,6512,activities/049_251011081438.csv,1,1,0,0
fit:06ab469a75256944c36383c4817288da1db87343fd8245e2c210fa0583dba5c2,2025-10-11T08:07:22+00:00,22,261,124,64,7.719,95.60000000000002,19,fit:06ab469a75256944c36383c4817288da1db87343fd8245e2c210fa0583dba5c2:segment:003,3,6763.0,6513,activities/049_251011081438.csv,1,1,0,0
fit:06ab469a75256944c36383c4817288da1db87343fd8245e2c210fa0583dba5c2,2025-10-11T08:07:23+00:00,23,268,124,66,8.003,95.60000000000002,19,fit:06ab469a75256944c36383c4817288da1db87343fd8245e2c210fa0583dba5c2:segment:003,3,6764.0,6514,activities/049_251011081438.csv,1,1,0,0
fit:06ab469a75256944c36383c4817288da1db87343fd8245e2c210fa0583dba5c2,2025-10-11T08:07:24+00:00,24,190,125,67,8.187,95.60000000000002,19,fit:06ab469a75256944c36383c4817288da1db87343fd8245e2c210fa0583dba5c2:segment:003,3,6765.0,6515,activities/049_251011081438.csv,1,1,0,0
fit:06ab469a75256944c36383c4817288da1db87343fd8245e2c210fa0583dba5c2,2025-10-11T08:07:25+00:00,25,188,125,69,8.356,95.60000000000002,19,fit:06ab469a75256944c36383c4817288da1db87343fd8245e2c210fa0583dba5c2:segment:003,3,6766.0,6516,activities/049_251011081438.csv,1,1,0,0
fit:06ab469a75256944c36383c4817288da1db87343fd8245e2c210fa0583dba5c2,2025-10-11T08:07:26+00:00,26,189,125,77,8.404,95.20000000000005,19,fit:06ab469a75256944c36383c4817288da1db87343fd8245e2c210fa0583dba5c2:segment:003,3,6767.0,6517,activities/049_251011081438.csv,1,1,0,0
fit:06ab469a75256944c36383c4817288da1db87343fd8245e2c210fa0583dba5c2,2025-10-11T08:07:27+00:00,27,272,125,77,8.418,95.20000000000005,19,fit:06ab469a75256944c36383c4817288da1db87343fd8245e2c210fa0583dba5c2:segment:003,3,6768.0,6518,activities/049_251011081438.csv,1,1,0,0
fit:06ab469a75256944c36383c4817288da1db87343fd8245e2c210fa0583dba5c2,2025-10-11T08:07:28+00:00,28,252,125,78,8.421,95.20000000000005,19,fit:06ab469a75256944c36383c4817288da1db87343fd8245e2c210fa0583dba5c2:segment:003,3,6769.0,6519,activities/049_251011081438.csv,1,1,0,0
fit:06ab469a75256944c36383c4817288da1db87343fd8245e2c210fa0583dba5c2,2025-10-11T08:07:29+00:00,29,238,126,79,8.506,96.0,19,fit:06ab469a75256944c36383c4817288da1db87343fd8245e2c210fa0583dba5c2:segment:003,3,6770.0,6520,activities/049_251011081438.csv,1,1,0,0
fit:06ab469a75256944c36383c4817288da1db87343fd8245e2c210fa0583dba5c2,2025-10-11T08:07:30+00:00,30,241,127,79,8.561,95.20000000000005,19,fit:06ab469a75256944c36383c4817288da1db87343fd8245e2c210fa0583dba5c2:segment:003,3,6771.0,6521,activities/049_251011081438.csv,1,1,0,0
fit:06ab469a75256944c36383c4817288da1db87343fd8245e2c210fa0583dba5c2,2025-10-11T08:07:31+00:00,31,242,127,78,8.617,95.20000000000005,19,fit:06ab469a75256944c36383c4817288da1db87343fd8245e2c210fa0583dba5c2:segment:003,3,6772.0,6522,activities/049_251011081438.csv,1,1,0,0
fit:06ab469a75256944c36383c4817288da1db87343fd8245e2c210fa0583dba5c2,2025-10-11T08:07:32+00:00,32,235,128,78,8.623,95.20000000000005,19,fit:06ab469a75256944c36383c4817288da1db87343fd8245e2c210fa0583dba5c2:segment:003,3,6773.0,6523,activities/049_251011081438.csv,1,1,0,0
fit:06ab469a75256944c36383c4817288da1db87343fd8245e2c210fa0583dba5c2,2025-10-11T08:07:33+00:00,33,265,129,79,8.626,96.20000000000005,19,fit:06ab469a75256944c36383c4817288da1db87343fd8245e2c210fa0583dba5c2:segment:003,3,6774.0,6524,activities/049_251011081438.csv,1,1,0,0
fit:06ab469a75256944c36383c4817288da1db87343fd8245e2c210fa0583dba5c2,2025-10-11T08:07:34+00:00,34,307,129,79,8.701,95.39999999999998,19,fit:06ab469a75256944c36383c4817288da1db87343fd8245e2c210fa0583dba5c2:segment:003,3,6775.0,6525,activities/049_251011081438.csv,1,1,0,0
fit:06ab469a75256944c36383c4817288da1db87343fd8245e2c210fa0583dba5c2,2025-10-11T08:07:35+00:00,35,307,131,79,8.558,95.39999999999998,19,fit:06ab469a75256944c36383c4817288da1db87343fd8245e2c210fa0583dba5c2:segment:003,3,6776.0,6526,activities/049_251011081438.csv,1,1,0,0
fit:06ab469a75256944c36383c4817288da1db87343fd8245e2c210fa0583dba5c2,2025-10-11T08:07:36+00:00,36,256,133,79,8.614,95.39999999999998,19,fit:06ab469a75256944c36383c4817288da1db87343fd8245e2c210fa0583dba5c2:segment:003,3,6777.0,6527,activities/049_251011081438.csv,1,1,0,0
fit:06ab469a75256944c36383c4817288da1db87343fd8245e2c210fa0583dba5c2,2025-10-11T08:07:37+00:00,37,256,133,80,8.681,96.20000000000005,19,fit:06ab469a75256944c36383c4817288da1db87343fd8245e2c210fa0583dba5c2:segment:003,3,6778.0,6528,activities/049_251011081438.csv,1,1,0,0
fit:06ab469a75256944c36383c4817288da1db87343fd8245e2c210fa0583dba5c2,2025-10-11T08:07:38+00:00,38,258,135,80,8.715,96.79999999999995,19,fit:06ab469a75256944c36383c4817288da1db87343fd8245e2c210fa0583dba5c2:segment:003,3,6779.0,6529,activities/049_251011081438.csv,1,1,0,0
fit:06ab469a75256944c36383c4817288da1db87343fd8245e2c210fa0583dba5c2,2025-10-11T08:07:39+00:00,39,255,138,80,8.714,96.79999999999995,19,fit:06ab469a75256944c36383c4817288da1db87343fd8245e2c210fa0583dba5c2:segment:003,3,6780.0,6530,activities/049_251011081438.csv,1,1,0,0
fit:06ab469a75256944c36383c4817288da1db87343fd8245e2c210fa0583dba5c2,2025-10-11T08:07:40+00:00,40,257,140,80,8.751,96.79999999999995,19,fit:06ab469a75256944c36383c4817288da1db87343fd8245e2c210fa0583dba5c2:segment:003,3,6781.0,6531,activities/049_251011081438.csv,1,1,0,0
fit:06ab469a75256944c36383c4817288da1db87343fd8245e2c210fa0583dba5c2,2025-10-11T08:07:41+00:00,41,126,143,79,8.745,96.79999999999995,19,fit:06ab469a75256944c36383c4817288da1db87343fd8245e2c210fa0583dba5c2:segment:003,3,6782.0,6532,activities/049_251011081438.csv,1,1,0,0
fit:06ab469a75256944c36383c4817288da1db87343fd8245e2c210fa0583dba5c2,2025-10-11T08:07:42+00:00,42,400,143,84,8.741,96.39999999999998,19,fit:06ab469a75256944c36383c4817288da1db87343fd8245e2c210fa0583dba5c2:segment:003,3,6783.0,6533,activities/049_251011081438.csv,1,1,0,0
fit:06ab469a75256944c36383c4817288da1db87343fd8245e2c210fa0583dba5c2,2025-10-11T08:07:43+00:00,43,210,145,89,8.769,96.39999999999998,19,fit:06ab469a75256944c36383c4817288da1db87343fd8245e2c210fa0583dba5c2:segment:003,3,6784.0,6534,activities/049_251011081438.csv,1,1,0,0
fit:06ab469a75256944c36383c4817288da1db87343fd8245e2c210fa0583dba5c2,2025-10-11T08:07:44+00:00,44,184,148,89,8.783,96.39999999999998,19,fit:06ab469a75256944c36383c4817288da1db87343fd8245e2c210fa0583dba5c2:segment:003,3,6785.0,6535,activities/049_251011081438.csv,1,1,0,0
fit:06ab469a75256944c36383c4817288da1db87343fd8245e2c210fa0583dba5c2,2025-10-11T08:07:45+00:00,45,220,149,88,8.792,97.39999999999998,19,fit:06ab469a75256944c36383c4817288da1db87343fd8245e2c210fa0583dba5c2:segment:003,3,6786.0,6536,activities/049_251011081438.csv,1,1,0,0
fit:06ab469a75256944c36383c4817288da1db87343fd8245e2c210fa0583dba5c2,2025-10-11T08:07:46+00:00,46,299,151,87,8.751,97.60000000000002,19,fit:06ab469a75256944c36383c4817288da1db87343fd8245e2c210fa0583dba5c2:segment:003,3,6787.0,6537,activities/049_251011081438.csv,1,1,0,0
fit:06ab469a75256944c36383c4817288da1db87343fd8245e2c210fa0583dba5c2,2025-10-11T08:07:47+00:00,47,299,151,88,8.644,97.60000000000002,19,fit:06ab469a75256944c36383c4817288da1db87343fd8245e2c210fa0583dba5c2:segment:003,3,6788.0,6538,activities/049_251011081438.csv,1,1,0,0
fit:06ab469a75256944c36383c4817288da1db87343fd8245e2c210fa0583dba5c2,2025-10-11T08:07:48+00:00,48,321,152,88,8.644,97.60000000000002,19,fit:06ab469a75256944c36383c4817288da1db87343fd8245e2c210fa0583dba5c2:segment:003,3,6789.0,6539,activities/049_251011081438.csv,1,1,0,0
fit:06ab469a75256944c36383c4817288da1db87343fd8245e2c210fa0583dba5c2,2025-10-11T08:07:49+00:00,49,251,153,87,8.646,97.60000000000002,19,fit:06ab469a75256944c36383c4817288da1db87343fd8245e2c210fa0583dba5c2:segment:003,3,6790.0,6540,activities/049_251011081438.csv,1,1,0,0
fit:06ab469a75256944c36383c4817288da1db87343fd8245e2c210fa0583dba5c2,2025-10-11T08:07:50+00:00,50,208,154,88,8.66,97.60000000000002,19,fit:06ab469a75256944c36383c4817288da1db87343fd8245e2c210fa0583dba5c2:segment:003,3,6791.0,6541,activities/049_251011081438.csv,1,1,0,0
fit:06ab469a75256944c36383c4817288da1db87343fd8245e2c210fa0583dba5c2,2025-10-11T08:07:51+00:00,51,291,154,87,8.686,97.60000000000002,19,fit:06ab469a75256944c36383c4817288da1db87343fd8245e2c210fa0583dba5c2:segment:003,3,6792.0,6542,activities/049_251011081438.csv,1,1,0,0
fit:06ab469a75256944c36383c4817288da1db87343fd8245e2c210fa0583dba5c2,2025-10-11T08:07:52+00:00,52,269,155,87,8.678,97.60000000000002,19,fit:06ab469a75256944c36383c4817288da1db87343fd8245e2c210fa0583dba5c2:segment:003,3,6793.0,6543,activities/049_251011081438.csv,1,1,0,0
fit:06ab469a75256944c36383c4817288da1db87343fd8245e2c210fa0583dba5c2,2025-10-11T08:07:53+00:00,53,176,156,87,8.655,97.79999999999995,19,fit:06ab469a75256944c36383c4817288da1db87343fd8245e2c210fa0583dba5c2:segment:003,3,6794.0,6544,activities/049_251011081438.csv,1,1,0,0
fit:06ab469a75256944c36383c4817288da1db87343fd8245e2c210fa0583dba5c2,2025-10-11T08:07:54+00:00,54,115,156,87,8.546,98.39999999999998,19,fit:06ab469a75256944c36383c4817288da1db87343fd8245e2c210fa0583dba5c2:segment:003,3,6795.0,6545,activities/049_251011081438.csv,1,1,0,0
fit:06ab469a75256944c36383c4817288da1db87343fd8245e2c210fa0583dba5c2,2025-10-11T08:07:55+00:00,55,115,157,85,8.484,98.39999999999998,19,fit:06ab469a75256944c36383c4817288da1db87343fd8245e2c210fa0583dba5c2:segment:003,3,6796.0,6546,activities/049_251011081438.csv,1,1,0,0
fit:06ab469a75256944c36383c4817288da1db87343fd8245e2c210fa0583dba5c2,2025-10-11T08:07:56+00:00,56,24,158,85,8.435,98.39999999999998,19,fit:06ab469a75256944c36383c4817288da1db87343fd8245e2c210fa0583dba5c2:segment:003,3,6797.0,6547,activities/049_251011081438.csv,1,1,0,0
fit:06ab469a75256944c36383c4817288da1db87343fd8245e2c210fa0583dba5c2,2025-10-11T08:07:57+00:00,57,24,158,37,8.306,98.39999999999998,19,fit:06ab469a75256944c36383c4817288da1db87343fd8245e2c210fa0583dba5c2:segment:003,3,6798.0,6548,activities/049_251011081438.csv,1,1,0,0
fit:06ab469a75256944c36383c4817288da1db87343fd8245e2c210fa0583dba5c2,2025-10-11T08:07:58+00:00,58,24,158,37,8.025,99.0,19,fit:06ab469a75256944c36383c4817288da1db87343fd8245e2c210fa0583dba5c2:segment:003,3,6799.0,6549,activities/049_251011081438.csv,1,1,0,0
fit:06ab469a75256944c36383c4817288da1db87343fd8245e2c210fa0583dba5c2,2025-10-11T08:07:59+00:00,59,24,159,37,7.138,99.0,19,fit:06ab469a75256944c36383c4817288da1db87343fd8245e2c210fa0583dba5c2:segment:003,3,6800.0,6550,activities/049_251011081438.csv,1,1,0,0
fit:06ab469a75256944c36383c4817288da1db87343fd8245e2c210fa0583dba5c2,2025-10-11T08:08:00+00:00,60,23,159,37,5.651,99.0,19,fit:06ab469a75256944c36383c4817288da1db87343fd8245e2c210fa0583dba5c2:segment:003,3,6801.0,6551,activities/049_251011081438.csv,1,1,0,0
fit:06ab469a75256944c36383c4817288da1db87343fd8245e2c210fa0583dba5c2,2025-10-11T08:08:01+00:00,61,20,159,35,4.381,99.79999999999995,19,fit:06ab469a75256944c36383c4817288da1db87343fd8245e2c210fa0583dba5c2:segment:003,3,6802.0,6552,activities/049_251011081438.csv,1,1,0,0
fit:06ab469a75256944c36383c4817288da1db87343fd8245e2c210fa0583dba5c2,2025-10-11T08:08:02+00:00,62,0,158,34,3.282,100.0,19,fit:06ab469a75256944c36383c4817288da1db87343fd8245e2c210fa0583dba5c2:segment:003,3,6803.0,6553,activities/049_251011081438.csv,1,1,0,0
fit:06ab469a75256944c36383c4817288da1db87343fd8245e2c210fa0583dba5c2,2025-10-11T08:08:03+00:00,63,0,158,0,2.587,100.0,19,fit:06ab469a75256944c36383c4817288da1db87343fd8245e2c210fa0583dba5c2:segment:003,3,6804.0,6554,activities/049_251011081438.csv,1,1,0,0
fit:06ab469a75256944c36383c4817288da1db87343fd8245e2c210fa0583dba5c2,2025-10-11T08:08:04+00:00,64,0,157,0,2.283,100.0,19,fit:06ab469a75256944c36383c4817288da1db87343fd8245e2c210fa0583dba5c2:segment:003,3,6805.0,6555,activities/049_251011081438.csv,1,1,0,0
fit:06ab469a75256944c36383c4817288da1db87343fd8245e2c210fa0583dba5c2,2025-10-11T08:08:05+00:00,65,0,156,0,2.355,99.79999999999995,19,fit:06ab469a75256944c36383c4817288da1db87343fd8245e2c210fa0583dba5c2:segment:003,3,6806.0,6556,activities/049_251011081438.csv,1,1,0,0
fit:06ab469a75256944c36383c4817288da1db87343fd8245e2c210fa0583dba5c2,2025-10-11T08:08:06+00:00,66,0,154,0,2.414,99.60000000000002,19,fit:06ab469a75256944c36383c4817288da1db87343fd8245e2c210fa0583dba5c2:segment:003,3,6807.0,6557,activities/049_251011081438.csv,1,1,0,0
fit:06ab469a75256944c36383c4817288da1db87343fd8245e2c210fa0583dba5c2,2025-10-11T08:08:07+00:00,67,0,152,0,2.496,99.60000000000002,19,fit:06ab469a75256944c36383c4817288da1db87343fd8245e2c210fa0583dba5c2:segment:003,3,6808.0,6558,activities/049_251011081438.csv,1,1,0,0
fit:06ab469a75256944c36383c4817288da1db87343fd8245e2c210fa0583dba5c2,2025-10-11T08:08:08+00:00,68,51,150,0,2.557,99.60000000000002,19,fit:06ab469a75256944c36383c4817288da1db87343fd8245e2c210fa0583dba5c2:segment:003,3,6809.0,6559,activities/049_251011081438.csv,1,1,0,0
fit:06ab469a75256944c36383c4817288da1db87343fd8245e2c210fa0583dba5c2,2025-10-11T08:08:09+00:00,69,406,148,0,2.542,99.60000000000002,19,fit:06ab469a75256944c36383c4817288da1db87343fd8245e2c210fa0583dba5c2:segment:003,3,6810.0,6560,activities/049_251011081438.csv,1,1,0,0
fit:06ab469a75256944c36383c4817288da1db87343fd8245e2c210fa0583dba5c2,2025-10-11T08:08:10+00:00,70,349,148,38,2.924,100.0,19,fit:06ab469a75256944c36383c4817288da1db87343fd8245e2c210fa0583dba5c2:segment:003,3,6811.0,6561,activities/049_251011081438.csv,1,1,0,0
fit:06ab469a75256944c36383c4817288da1db87343fd8245e2c210fa0583dba5c2,2025-10-11T08:08:11+00:00,71,349,146,50,3.557,100.0,19,fit:06ab469a75256944c36383c4817288da1db87343fd8245e2c210fa0583dba5c2:segment:003,3,6812.0,6562,activities/049_251011081438.csv,1,1,0,0
fit:06ab469a75256944c36383c4817288da1db87343fd8245e2c210fa0583dba5c2,2025-10-11T08:08:12+00:00,72,83,145,50,4.336,100.0,19,fit:06ab469a75256944c36383c4817288da1db87343fd8245e2c210fa0583dba5c2:segment:003,3,6813.0,6563,activities/049_251011081438.csv,1,1,0,0
fit:06ab469a75256944c36383c4817288da1db87343fd8245e2c210fa0583dba5c2,2025-10-11T08:08:13+00:00,73,373,145,35,4.788,100.0,19,fit:06ab469a75256944c36383c4817288da1db87343fd8245e2c210fa0583dba5c2:segment:003,3,6814.0,6564,activities/049_251011081438.csv,1,1,0,0
fit:06ab469a75256944c36383c4817288da1db87343fd8245e2c210fa0583dba5c2,2025-10-11T08:08:14+00:00,74,310,145,55,4.876,99.20000000000005,19,fit:06ab469a75256944c36383c4817288da1db87343fd8245e2c210fa0583dba5c2:segment:003,3,6815.0,6565,activities/049_251011081438.csv,1,1,0,0
fit:06ab469a75256944c36383c4817288da1db87343fd8245e2c210fa0583dba5c2,2025-10-11T08:08:15+00:00,75,223,145,60,5.309,99.20000000000005,19,fit:06ab469a75256944c36383c4817288da1db87343fd8245e2c210fa0583dba5c2:segment:003,3,6816.0,6566,activities/049_251011081438.csv,1,1,0,0
fit:06ab469a75256944c36383c4817288da1db87343fd8245e2c210fa0583dba5c2,2025-10-11T08:08:16+00:00,76,223,145,61,5.518,99.20000000000005,19,fit:06ab469a75256944c36383c4817288da1db87343fd8245e2c210fa0583dba5c2:segment:003,3,6817.0,6567,activities/049_251011081438.csv,1,1,0,0
fit:06ab469a75256944c36383c4817288da1db87343fd8245e2c210fa0583dba5c2,2025-10-11T08:08:17+00:00,77,223,144,61,5.736,99.20000000000005,19,fit:06ab469a75256944c36383c4817288da1db87343fd8245e2c210fa0583dba5c2:segment:003,3,6818.0,6568,activities/049_251011081438.csv,1,1,0,0
fit:06ab469a75256944c36383c4817288da1db87343fd8245e2c210fa0583dba5c2,2025-10-11T08:08:18+00:00,78,223,144,61,5.807,100.20000000000005,19,fit:06ab469a75256944c36383c4817288da1db87343fd8245e2c210fa0583dba5c2:segment:003,3,6819.0,6569,activities/049_251011081438.csv,1,1,0,0
fit:06ab469a75256944c36383c4817288da1db87343fd8245e2c210fa0583dba5c2,2025-10-11T08:08:19+00:00,79,223,143,61,5.811,100.20000000000005,19,fit:06ab469a75256944c36383c4817288da1db87343fd8245e2c210fa0583dba5c2:segment:003,3,6820.0,6570,activities/049_251011081438.csv,1,1,0,0
fit:06ab469a75256944c36383c4817288da1db87343fd8245e2c210fa0583dba5c2,2025-10-11T08:08:20+00:00,80,223,143,61,5.61,100.20000000000005,19,fit:06ab469a75256944c36383c4817288da1db87343fd8245e2c210fa0583dba5c2:segment:003,3,6821.0,6571,activities/049_251011081438.csv,1,1,0,0
fit:06ab469a75256944c36383c4817288da1db87343fd8245e2c210fa0583dba5c2,2025-10-11T08:08:21+00:00,81,214,142,61,5.438,100.20000000000005,19,fit:06ab469a75256944c36383c4817288da1db87343fd8245e2c210fa0583dba5c2:segment:003,3,6822.0,6572,activities/049_251011081438.csv,1,1,0,0
fit:06ab469a75256944c36383c4817288da1db87343fd8245e2c210fa0583dba5c2,2025-10-11T08:08:22+00:00,82,0,141,59,5.287,100.20000000000005,19,fit:06ab469a75256944c36383c4817288da1db87343fd8245e2c210fa0583dba5c2:segment:003,3,6823.0,6573,activities/049_251011081438.csv,1,1,0,0
fit:06ab469a75256944c36383c4817288da1db87343fd8245e2c210fa0583dba5c2,2025-10-11T08:08:23+00:00,83,150,140,0,5.104,100.20000000000005,19,fit:06ab469a75256944c36383c4817288da1db87343fd8245e2c210fa0583dba5c2:segment:003,3,6824.0,6574,activities/049_251011081438.csv,1,1,0,0
fit:06ab469a75256944c36383c4817288da1db87343fd8245e2c210fa0583dba5c2,2025-10-11T08:08:24+00:00,84,157,140,52,5.082,100.20000000000005,19,fit:06ab469a75256944c36383c4817288da1db87343fd8245e2c210fa0583dba5c2:segment:003,3,6825.0,6575,activities/049_251011081438.csv,1,1,0,0
fit:06ab469a75256944c36383c4817288da1db87343fd8245e2c210fa0583dba5c2,2025-10-11T08:08:25+00:00,85,204,140,53,5.073,100.20000000000005,19,fit:06ab469a75256944c36383c4817288da1db87343fd8245e2c210fa0583dba5c2:segment:003,3,6826.0,6576,activities/049_251011081438.csv,1,1,0,0
fit:06ab469a75256944c36383c4817288da1db87343fd8245e2c210fa0583dba5c2,2025-10-11T08:08:26+00:00,86,204,139,55,5.124,100.39999999999998,19,fit:06ab469a75256944c36383c4817288da1db87343fd8245e2c210fa0583dba5c2:segment:003,3,6827.0,6577,activities/049_251011081438.csv,1,1,0,0
fit:06ab469a75256944c36383c4817288da1db87343fd8245e2c210fa0583dba5c2,2025-10-11T08:08:27+00:00,87,258,139,55,5.256,100.39999999999998,19,fit:06ab469a75256944c36383c4817288da1db87343fd8245e2c210fa0583dba5c2:segment:003,3,6828.0,6578,activities/049_251011081438.csv,1,1,0,0
fit:06ab469a75256944c36383c4817288da1db87343fd8245e2c210fa0583dba5c2,2025-10-11T08:08:28+00:00,88,174,138,56,5.514,100.39999999999998,19,fit:06ab469a75256944c36383c4817288da1db87343fd8245e2c210fa0583dba5c2:segment:003,3,6829.0,6579,activities/049_251011081438.csv,1,1,0,0
fit:06ab469a75256944c36383c4817288da1db87343fd8245e2c210fa0583dba5c2,2025-10-11T08:08:29+00:00,89,174,137,57,5.896,100.39999999999998,19,fit:06ab469a75256944c36383c4817288da1db87343fd8245e2c210fa0583dba5c2:segment:003,3,6830.0,6580,activities/049_251011081438.csv,1,1,0,0
fit:06ab469a75256944c36383c4817288da1db87343fd8245e2c210fa0583dba5c2,2025-10-11T08:08:30+00:00,90,174,137,57,5.861,100.60000000000002,19,fit:06ab469a75256944c36383c4817288da1db87343fd8245e2c210fa0583dba5c2:segment:003,3,6831.0,6581,activities/049_251011081438.csv,1,1,0,0
fit:06ab469a75256944c36383c4817288da1db87343fd8245e2c210fa0583dba5c2,2025-10-11T08:08:31+00:00,91,170,136,57,5.722,100.60000000000002,19,fit:06ab469a75256944c36383c4817288da1db87343fd8245e2c210fa0583dba5c2:segment:003,3,6832.0,6582,activities/049_251011081438.csv,1,1,0,0
fit:06ab469a75256944c36383c4817288da1db87343fd8245e2c210fa0583dba5c2,2025-10-11T08:08:32+00:00,92,154,135,55,5.621,100.60000000000002,19,fit:06ab469a75256944c36383c4817288da1db87343fd8245e2c210fa0583dba5c2:segment:003,3,6833.0,6583,activities/049_251011081438.csv,1,1,0,0
fit:06ab469a75256944c36383c4817288da1db87343fd8245e2c210fa0583dba5c2,2025-10-11T08:08:33+00:00,93,8,135,0,5.443,100.60000000000002,19,fit:06ab469a75256944c36383c4817288da1db87343fd8245e2c210fa0583dba5c2:segment:003,3,6834.0,6584,activities/049_251011081438.csv,1,1,0,0
fit:06ab469a75256944c36383c4817288da1db87343fd8245e2c210fa0583dba5c2,2025-10-11T08:08:34+00:00,94,136,134,0,5.356,100.60000000000002,19,fit:06ab469a75256944c36383c4817288da1db87343fd8245e2c210fa0583dba5c2:segment:003,3,6835.0,6585,activities/049_251011081438.csv,1,1,0,0
fit:06ab469a75256944c36383c4817288da1db87343fd8245e2c210fa0583dba5c2,2025-10-11T08:08:35+00:00,95,136,134,52,5.366,100.60000000000002,19,fit:06ab469a75256944c36383c4817288da1db87343fd8245e2c210fa0583dba5c2:segment:003,3,6836.0,6586,activities/049_251011081438.csv,1,1,0,0
fit:06ab469a75256944c36383c4817288da1db87343fd8245e2c210fa0583dba5c2,2025-10-11T08:08:36+00:00,96,137,134,52,5.189,100.60000000000002,19,fit:06ab469a75256944c36383c4817288da1db87343fd8245e2c210fa0583dba5c2:segment:003,3,6837.0,6587,activities/049_251011081438.csv,1,1,0,0
fit:06ab469a75256944c36383c4817288da1db87343fd8245e2c210fa0583dba5c2,2025-10-11T08:08:37+00:00,97,137,133,52,5.099,100.60000000000002,19,fit:06ab469a75256944c36383c4817288da1db87343fd8245e2c210fa0583dba5c2:segment:003,3,6838.0,6588,activities/049_251011081438.csv,1,1,0,0
fit:06ab469a75256944c36383c4817288da1db87343fd8245e2c210fa0583dba5c2,2025-10-11T08:08:38+00:00,98,10,133,52,4.912,100.79999999999995,19,fit:06ab469a75256944c36383c4817288da1db87343fd8245e2c210fa0583dba5c2:segment:003,3,6839.0,6589,activities/049_251011081438.csv,1,1,0,0
fit:06ab469a75256944c36383c4817288da1db87343fd8245e2c210fa0583dba5c2,2025-10-11T08:08:39+00:00,99,10,130,0,4.34,100.79999999999995,19,fit:06ab469a75256944c36383c4817288da1db87343fd8245e2c210fa0583dba5c2:segment:003,3,6840.0,6590,activities/049_251011081438.csv,1,1,0,0
fit:06ab469a75256944c36383c4817288da1db87343fd8245e2c210fa0583dba5c2,2025-10-11T08:08:40+00:00,100,9,127,0,3.958,100.79999999999995,19,fit:06ab469a75256944c36383c4817288da1db87343fd8245e2c210fa0583dba5c2:segment:003,3,6841.0,6591,activities/049_251011081438.csv,1,1,0,0
fit:06ab469a75256944c36383c4817288da1db87343fd8245e2c210fa0583dba5c2,2025-10-11T08:08:41+00:00,101,10,124,24,3.722,101.79999999999995,19,fit:06ab469a75256944c36383c4817288da1db87343fd8245e2c210fa0583dba5c2:segment:003,3,6842.0,6592,activities/049_251011081438.csv,1,1,0,0
fit:06ab469a75256944c36383c4817288da1db87343fd8245e2c210fa0583dba5c2,2025-10-11T08:08:42+00:00,102,167,124,24,3.532,101.20000000000005,19,fit:06ab469a75256944c36383c4817288da1db87343fd8245e2c210fa0583dba5c2:segment:003,3,6843.0,6593,activities/049_251011081438.csv,1,1,0,0
fit:06ab469a75256944c36383c4817288da1db87343fd8245e2c210fa0583dba5c2,2025-10-11T08:08:43+00:00,103,167,121,39,3.549,101.20000000000005,19,fit:06ab469a75256944c36383c4817288da1db87343fd8245e2c210fa0583dba5c2:segment:003,3,6844.0,6594,activities/049_251011081438.csv,1,1,0,0
fit:06ab469a75256944c36383c4817288da1db87343fd8245e2c210fa0583dba5c2,2025-10-11T08:08:44+00:00,104,268,120,39,3.857,101.20000000000005,19,fit:06ab469a75256944c36383c4817288da1db87343fd8245e2c210fa0583dba5c2:segment:003,3,6845.0,6595,activities/049_251011081438.csv,1,1,0,0
fit:06ab469a75256944c36383c4817288da1db87343fd8245e2c210fa0583dba5c2,2025-10-11T08:08:45+00:00,105,199,120,54,4.362,101.20000000000005,19,fit:06ab469a75256944c36383c4817288da1db87343fd8245e2c210fa0583dba5c2:segment:003,3,6846.0,6596,activities/049_251011081438.csv,1,1,0,0
fit:06ab469a75256944c36383c4817288da1db87343fd8245e2c210fa0583dba5c2,2025-10-11T08:08:46+00:00,106,200,120,59,4.931,101.20000000000005,19,fit:06ab469a75256944c36383c4817288da1db87343fd8245e2c210fa0583dba5c2:segment:003,3,6847.0,6597,activities/049_251011081438.csv,1,1,0,0
fit:06ab469a75256944c36383c4817288da1db87343fd8245e2c210fa0583dba5c2,2025-10-11T08:08:47+00:00,107,211,120,63,5.292,101.20000000000005,19,fit:06ab469a75256944c36383c4817288da1db87343fd8245e2c210fa0583dba5c2:segment:003,3,6848.0,6598,activities/049_251011081438.csv,1,1,0,0
fit:06ab469a75256944c36383c4817288da1db87343fd8245e2c210fa0583dba5c2,2025-10-11T08:08:48+00:00,108,129,120,65,5.635,101.20000000000005,19,fit:06ab469a75256944c36383c4817288da1db87343fd8245e2c210fa0583dba5c2:segment:003,3,6849.0,6599,activities/049_251011081438.csv,1,1,0,0
fit:06ab469a75256944c36383c4817288da1db87343fd8245e2c210fa0583dba5c2,2025-10-11T08:08:49+00:00,109,129,121,66,6.051,101.20000000000005,19,fit:06ab469a75256944c36383c4817288da1db87343fd8245e2c210fa0583dba5c2:segment:003,3,6850.0,6600,activities/049_251011081438.csv,1,1,0,0
fit:06ab469a75256944c36383c4817288da1db87343fd8245e2c210fa0583dba5c2,2025-10-11T08:08:50+00:00,110,146,121,66,6.291,100.39999999999998,19,fit:06ab469a75256944c36383c4817288da1db87343fd8245e2c210fa0583dba5c2:segment:003,3,6851.0,6601,activities/049_251011081438.csv,1,1,0,0
fit:06ab469a75256944c36383c4817288da1db87343fd8245e2c210fa0583dba5c2,2025-10-11T08:08:51+00:00,111,181,122,68,6.43,100.39999999999998,19,fit:06ab469a75256944c36383c4817288da1db87343fd8245e2c210fa0583dba5c2:segment:003,3,6852.0,6602,activities/049_251011081438.csv,1,1,0,0
fit:06ab469a75256944c36383c4817288da1db87343fd8245e2c210fa0583dba5c2,2025-10-11T08:08:52+00:00,112,182,122,70,6.622,100.39999999999998,19,fit:06ab469a75256944c36383c4817288da1db87343fd8245e2c210fa0583dba5c2:segment:003,3,6853.0,6603,activities/049_251011081438.csv,1,1,0,0
fit:06ab469a75256944c36383c4817288da1db87343fd8245e2c210fa0583dba5c2,2025-10-11T08:08:53+00:00,113,169,122,71,6.706,100.39999999999998,19,fit:06ab469a75256944c36383c4817288da1db87343fd8245e2c210fa0583dba5c2:segment:003,3,6854.0,6604,activities/049_251011081438.csv,1,1,0,0
fit:06ab469a75256944c36383c4817288da1db87343fd8245e2c210fa0583dba5c2,2025-10-11T08:08:54+00:00,114,99,122,71,6.878,100.60000000000002,19,fit:06ab469a75256944c36383c4817288da1db87343fd8245e2c210fa0583dba5c2:segment:003,3,6855.0,6605,activities/049_251011081438.csv,1,1,0,0
fit:06ab469a75256944c36383c4817288da1db87343fd8245e2c210fa0583dba5c2,2025-10-11T08:08:55+00:00,115,138,122,72,6.965,100.60000000000002,19,fit:06ab469a75256944c36383c4817288da1db87343fd8245e2c210fa0583dba5c2:segment:003,3,6856.0,6606,activities/049_251011081438.csv,1,1,0,0
fit:06ab469a75256944c36383c4817288da1db87343fd8245e2c210fa0583dba5c2,2025-10-11T08:08:56+00:00,116,96,122,72,7.044,100.60000000000002,19,fit:06ab469a75256944c36383c4817288da1db87343fd8245e2c210fa0583dba5c2:segment:003,3,6857.0,6607,activities/049_251011081438.csv,1,1,0,0
fit:06ab469a75256944c36383c4817288da1db87343fd8245e2c210fa0583dba5c2,2025-10-11T08:08:57+00:00,117,133,122,73,7.117,100.60000000000002,19,fit:06ab469a75256944c36383c4817288da1db87343fd8245e2c210fa0583dba5c2:segment:003,3,6858.0,6608,activities/049_251011081438.csv,1,1,0,0
fit:06ab469a75256944c36383c4817288da1db87343fd8245e2c210fa0583dba5c2,2025-10-11T08:08:58+00:00,118,132,121,73,7.076,101.0,19,fit:06ab469a75256944c36383c4817288da1db87343fd8245e2c210fa0583dba5c2:segment:003,3,6859.0,6609,activities/049_251011081438.csv,1,1,0,0
fit:06ab469a75256944c36383c4817288da1db87343fd8245e2c210fa0583dba5c2,2025-10-11T08:08:59+00:00,119,179,122,73,7.167,101.0,19,fit:06ab469a75256944c36383c4817288da1db87343fd8245e2c210fa0583dba5c2:segment:003,3,6860.0,6610,activities/049_251011081438.csv,1,1,0,0
fit:06ab469a75256944c36383c4817288da1db87343fd8245e2c210fa0583dba5c2,2025-10-11T08:09:00+00:00,120,212,122,75,7.231,101.0,19,fit:06ab469a75256944c36383c4817288da1db87343fd8245e2c210fa0583dba5c2:segment:003,3,6861.0,6611,activities/049_251011081438.csv,1,1,0,0
fit:06ab469a75256944c36383c4817288da1db87343fd8245e2c210fa0583dba5c2,2025-10-11T08:09:01+00:00,121,168,121,76,7.385,100.39999999999998,19,fit:06ab469a75256944c36383c4817288da1db87343fd8245e2c210fa0583dba5c2:segment:003,3,6862.0,6612,activities/049_251011081438.csv,1,1,0,0
fit:06ab469a75256944c36383c4817288da1db87343fd8245e2c210fa0583dba5c2,2025-10-11T08:09:02+00:00,122,118,121,76,7.399,99.39999999999998,19,fit:06ab469a75256944c36383c4817288da1db87343fd8245e2c210fa0583dba5c2:segment:003,3,6863.0,6613,activities/049_251011081438.csv,1,1,0,0
fit:06ab469a75256944c36383c4817288da1db87343fd8245e2c210fa0583dba5c2,2025-10-11T08:09:03+00:00,123,200,121,77,7.452,99.39999999999998,19,fit:06ab469a75256944c36383c4817288da1db87343fd8245e2c210fa0583dba5c2:segment:003,3,6864.0,6614,activities/049_251011081438.csv,1,1,0,0
fit:06ab469a75256944c36383c4817288da1db87343fd8245e2c210fa0583dba5c2,2025-10-11T08:09:04+00:00,124,189,121,77,7.496,99.39999999999998,19,fit:06ab469a75256944c36383c4817288da1db87343fd8245e2c210fa0583dba5c2:segment:003,3,6865.0,6615,activities/049_251011081438.csv,1,1,0,0
fit:06ab469a75256944c36383c4817288da1db87343fd8245e2c210fa0583dba5c2,2025-10-11T08:09:05+00:00,125,184,121,77,7.55,100.0,19,fit:06ab469a75256944c36383c4817288da1db87343fd8245e2c210fa0583dba5c2:segment:003,3,6866.0,6616,activities/049_251011081438.csv,1,1,0,0
fit:06ab469a75256944c36383c4817288da1db87343fd8245e2c210fa0583dba5c2,2025-10-11T08:09:06+00:00,126,83,121,79,7.627,100.0,19,fit:06ab469a75256944c36383c4817288da1db87343fd8245e2c210fa0583dba5c2:segment:003,3,6867.0,6617,activities/049_251011081438.csv,1,1,0,0
fit:06ab469a75256944c36383c4817288da1db87343fd8245e2c210fa0583dba5c2,2025-10-11T08:09:07+00:00,127,84,121,78,7.632,100.0,19,fit:06ab469a75256944c36383c4817288da1db87343fd8245e2c210fa0583dba5c2:segment:003,3,6868.0,6618,activities/049_251011081438.csv,1,1,0,0
fit:06ab469a75256944c36383c4817288da1db87343fd8245e2c210fa0583dba5c2,2025-10-11T08:09:08+00:00,128,150,123,76,7.694,100.0,19,fit:06ab469a75256944c36383c4817288da1db87343fd8245e2c210fa0583dba5c2:segment:003,3,6869.0,6619,activities/049_251011081438.csv,1,1,0,0
fit:06ab469a75256944c36383c4817288da1db87343fd8245e2c210fa0583dba5c2,2025-10-11T08:09:09+00:00,129,197,123,76,7.616,100.0,19,fit:06ab469a75256944c36383c4817288da1db87343fd8245e2c210fa0583dba5c2:segment:003,3,6870.0,6620,activities/049_251011081438.csv,1,1,0,0
fit:06ab469a75256944c36383c4817288da1db87343fd8245e2c210fa0583dba5c2,2025-10-11T08:09:10+00:00,130,155,124,77,7.533,100.60000000000002,19,fit:06ab469a75256944c36383c4817288da1db87343fd8245e2c210fa0583dba5c2:segment:003,3,6871.0,6621,activities/049_251011081438.csv,1,1,0,0
fit:06ab469a75256944c36383c4817288da1db87343fd8245e2c210fa0583dba5c2,2025-10-11T08:09:11+00:00,131,134,124,77,7.554,100.60000000000002,19,fit:06ab469a75256944c36383c4817288da1db87343fd8245e2c210fa0583dba5c2:segment:003,3,6872.0,6622,activities/049_251011081438.csv,1,1,0,0
fit:06ab469a75256944c36383c4817288da1db87343fd8245e2c210fa0583dba5c2,2025-10-11T08:09:12+00:00,132,140,124,78,7.565,100.60000000000002,19,fit:06ab469a75256944c36383c4817288da1db87343fd8245e2c210fa0583dba5c2:segment:003,3,6873.0,6623,activities/049_251011081438.csv,1,1,0,0
fit:06ab469a75256944c36383c4817288da1db87343fd8245e2c210fa0583dba5c2,2025-10-11T08:09:13+00:00,133,196,124,77,7.649,100.60000000000002,19,fit:06ab469a75256944c36383c4817288da1db87343fd8245e2c210fa0583dba5c2:segment:003,3,6874.0,6624,activities/049_251011081438.csv,1,1,0,0
fit:06ab469a75256944c36383c4817288da1db87343fd8245e2c210fa0583dba5c2,2025-10-11T08:09:14+00:00,134,157,124,77,7.65,99.60000000000002,19,fit:06ab469a75256944c36383c4817288da1db87343fd8245e2c210fa0583dba5c2:segment:003,3,6875.0,6625,activities/049_251011081438.csv,1,1,0,0
fit:06ab469a75256944c36383c4817288da1db87343fd8245e2c210fa0583dba5c2,2025-10-11T08:09:15+00:00,135,198,124,77,7.649,99.60000000000002,19,fit:06ab469a75256944c36383c4817288da1db87343fd8245e2c210fa0583dba5c2:segment:003,3,6876.0,6626,activities/049_251011081438.csv,1,1,0,0
fit:06ab469a75256944c36383c4817288da1db87343fd8245e2c210fa0583dba5c2,2025-10-11T08:09:16+00:00,136,225,124,77,7.601,99.60000000000002,19,fit:06ab469a75256944c36383c4817288da1db87343fd8245e2c210fa0583dba5c2:segment:003,3,6877.0,6627,activities/049_251011081438.csv,1,1,0,0
fit:06ab469a75256944c36383c4817288da1db87343fd8245e2c210fa0583dba5c2,2025-10-11T08:09:17+00:00,137,192,123,78,7.635,100.60000000000002,19,fit:06ab469a75256944c36383c4817288da1db87343fd8245e2c210fa0583dba5c2:segment:003,3,6878.0,6628,activities/049_251011081438.csv,1,1,0,0
fit:06ab469a75256944c36383c4817288da1db87343fd8245e2c210fa0583dba5c2,2025-10-11T08:09:18+00:00,138,231,123,78,7.606,100.0,19,fit:06ab469a75256944c36383c4817288da1db87343fd8245e2c210fa0583dba5c2:segment:003,3,6879.0,6629,activities/049_251011081438.csv,1,1,0,0
fit:06ab469a75256944c36383c4817288da1db87343fd8245e2c210fa0583dba5c2,2025-10-11T08:09:19+00:00,139,87,123,78,7.679,100.0,19,fit:06ab469a75256944c36383c4817288da1db87343fd8245e2c210fa0583dba5c2:segment:003,3,6880.0,6630,activities/049_251011081438.csv,1,1,0,0
fit:06ab469a75256944c36383c4817288da1db87343fd8245e2c210fa0583dba5c2,2025-10-11T08:09:20+00:00,140,88,124,78,7.701,100.0,19,fit:06ab469a75256944c36383c4817288da1db87343fd8245e2c210fa0583dba5c2:segment:003,3,6881.0,6631,activities/049_251011081438.csv,1,1,0,0
fit:06ab469a75256944c36383c4817288da1db87343fd8245e2c210fa0583dba5c2,2025-10-11T08:09:21+00:00,141,232,125,77,7.669,100.0,18,fit:06ab469a75256944c36383c4817288da1db87343fd8245e2c210fa0583dba5c2:segment:003,3,6882.0,6632,activities/049_251011081438.csv,1,1,0,0
fit:06ab469a75256944c36383c4817288da1db87343fd8245e2c210fa0583dba5c2,2025-10-11T08:09:22+00:00,142,156,125,77,7.584,101.39999999999998,18,fit:06ab469a75256944c36383c4817288da1db87343fd8245e2c210fa0583dba5c2:segment:003,3,6883.0,6633,activities/049_251011081438.csv,1,1,0,0
fit:06ab469a75256944c36383c4817288da1db87343fd8245e2c210fa0583dba5c2,2025-10-11T08:09:23+00:00,143,156,126,78,7.525,101.39999999999998,18,fit:06ab469a75256944c36383c4817288da1db87343fd8245e2c210fa0583dba5c2:segment:003,3,6884.0,6634,activities/049_251011081438.csv,1,1,0,0
fit:06ab469a75256944c36383c4817288da1db87343fd8245e2c210fa0583dba5c2,2025-10-11T08:09:24+00:00,144,158,126,78,7.604,101.39999999999998,18,fit:06ab469a75256944c36383c4817288da1db87343fd8245e2c210fa0583dba5c2:segment:003,3,6885.0,6635,activities/049_251011081438.csv,1,1,0,0
fit:06ab469a75256944c36383c4817288da1db87343fd8245e2c210fa0583dba5c2,2025-10-11T08:09:25+00:00,145,176,126,77,7.735,101.39999999999998,18,fit:06ab469a75256944c36383c4817288da1db87343fd8245e2c210fa0583dba5c2:segment:003,3,6886.0,6636,activities/049_251011081438.csv,1,1,0,0
fit:06ab469a75256944c36383c4817288da1db87343fd8245e2c210fa0583dba5c2,2025-10-11T08:09:26+00:00,146,200,126,78,7.668,101.0,18,fit:06ab469a75256944c36383c4817288da1db87343fd8245e2c210fa0583dba5c2:segment:003,3,6887.0,6637,activities/049_251011081438.csv,1,1,0,0
fit:06ab469a75256944c36383c4817288da1db87343fd8245e2c210fa0583dba5c2,2025-10-11T08:09:27+00:00,147,185,126,78,7.724,101.0,18,fit:06ab469a75256944c36383c4817288da1db87343fd8245e2c210fa0583dba5c2:segment:003,3,6888.0,6638,activities/049_251011081438.csv,1,1,0,0
fit:06ab469a75256944c36383c4817288da1db87343fd8245e2c210fa0583dba5c2,2025-10-11T08:09:28+00:00,148,113,127,79,7.77,101.0,18,fit:06ab469a75256944c36383c4817288da1db87343fd8245e2c210fa0583dba5c2:segment:003,3,6889.0,6639,activities/049_251011081438.csv,1,1,0,0
fit:06ab469a75256944c36383c4817288da1db87343fd8245e2c210fa0583dba5c2,2025-10-11T08:09:29+00:00,149,159,127,79,7.849,101.0,18,fit:06ab469a75256944c36383c4817288da1db87343fd8245e2c210fa0583dba5c2:segment:003,3,6890.0,6640,activities/049_251011081438.csv,1,1,0,0
fit:06ab469a75256944c36383c4817288da1db87343fd8245e2c210fa0583dba5c2,2025-10-11T08:09:30+00:00,150,137,127,78,7.889,101.79999999999995,18,fit:06ab469a75256944c36383c4817288da1db87343fd8245e2c210fa0583dba5c2:segment:003,3,6891.0,6641,activities/049_251011081438.csv,1,1,0,0
fit:06ab469a75256944c36383c4817288da1db87343fd8245e2c210fa0583dba5c2,2025-10-11T08:09:31+00:00,151,99,128,78,7.838,101.79999999999995,18,fit:06ab469a75256944c36383c4817288da1db87343fd8245e2c210fa0583dba5c2:segment:003,3,6892.0,6642,activities/049_251011081438.csv,1,1,0,0
fit:06ab469a75256944c36383c4817288da1db87343fd8245e2c210fa0583dba5c2,2025-10-11T08:09:32+00:00,152,202,129,78,7.82,101.79999999999995,18,fit:06ab469a75256944c36383c4817288da1db87343fd8245e2c210fa0583dba5c2:segment:003,3,6893.0,6643,activities/049_251011081438.csv,1,1,0,0
fit:06ab469a75256944c36383c4817288da1db87343fd8245e2c210fa0583dba5c2,2025-10-11T08:09:33+00:00,153,189,129,79,7.836,101.60000000000002,18,fit:06ab469a75256944c36383c4817288da1db87343fd8245e2c210fa0583dba5c2:segment:003,3,6894.0,6644,activities/049_251011081438.csv,1,1,0,0
fit:06ab469a75256944c36383c4817288da1db87343fd8245e2c210fa0583dba5c2,2025-10-11T08:09:34+00:00,154,282,129,79,7.796,102.20000000000005,18,fit:06ab469a75256944c36383c4817288da1db87343fd8245e2c210fa0583dba5c2:segment:003,3,6895.0,6645,activities/049_251011081438.csv,1,1,0,0
fit:06ab469a75256944c36383c4817288da1db87343fd8245e2c210fa0583dba5c2,2025-10-11T08:09:35+00:00,155,148,129,80,7.902,102.20000000000005,18,fit:06ab469a75256944c36383c4817288da1db87343fd8245e2c210fa0583dba5c2:segment:003,3,6896.0,6646,activities/049_251011081438.csv,1,1,0,0
fit:06ab469a75256944c36383c4817288da1db87343fd8245e2c210fa0583dba5c2,2025-10-11T08:09:36+00:00,156,223,129,81,7.899,102.20000000000005,18,fit:06ab469a75256944c36383c4817288da1db87343fd8245e2c210fa0583dba5c2:segment:003,3,6897.0,6647,activities/049_251011081438.csv,1,1,0,0
fit:06ab469a75256944c36383c4817288da1db87343fd8245e2c210fa0583dba5c2,2025-10-11T08:09:37+00:00,157,204,129,81,7.916,101.20000000000005,18,fit:06ab469a75256944c36383c4817288da1db87343fd8245e2c210fa0583dba5c2:segment:003,3,6898.0,6648,activities/049_251011081438.csv,1,1,0,0
fit:06ab469a75256944c36383c4817288da1db87343fd8245e2c210fa0583dba5c2,2025-10-11T08:09:38+00:00,158,204,129,82,7.975,102.0,18,fit:06ab469a75256944c36383c4817288da1db87343fd8245e2c210fa0583dba5c2:segment:003,3,6899.0,6649,activities/049_251011081438.csv,1,1,0,0
fit:06ab469a75256944c36383c4817288da1db87343fd8245e2c210fa0583dba5c2,2025-10-11T08:09:39+00:00,159,156,128,82,8.034,102.0,18,fit:06ab469a75256944c36383c4817288da1db87343fd8245e2c210fa0583dba5c2:segment:003,3,6900.0,6650,activities/049_251011081438.csv,1,1,0,0
fit:06ab469a75256944c36383c4817288da1db87343fd8245e2c210fa0583dba5c2,2025-10-11T08:09:40+00:00,160,144,128,83,8.139,102.0,18,fit:06ab469a75256944c36383c4817288da1db87343fd8245e2c210fa0583dba5c2:segment:003,3,6901.0,6651,activities/049_251011081438.csv,1,1,0,0
fit:06ab469a75256944c36383c4817288da1db87343fd8245e2c210fa0583dba5c2,2025-10-11T08:09:41+00:00,161,156,129,83,8.157,101.0,18,fit:06ab469a75256944c36383c4817288da1db87343fd8245e2c210fa0583dba5c2:segment:003,3,6902.0,6652,activities/049_251011081438.csv,1,1,0,0
fit:06ab469a75256944c36383c4817288da1db87343fd8245e2c210fa0583dba5c2,2025-10-11T08:09:42+00:00,162,146,130,84,8.196,101.0,18,fit:06ab469a75256944c36383c4817288da1db87343fd8245e2c210fa0583dba5c2:segment:003,3,6903.0,6653,activities/049_251011081438.csv,1,1,0,0
fit:06ab469a75256944c36383c4817288da1db87343fd8245e2c210fa0583dba5c2,2025-10-11T08:09:43+00:00,163,177,130,84,8.16,101.0,18,fit:06ab469a75256944c36383c4817288da1db87343fd8245e2c210fa0583dba5c2:segment:003,3,6904.0,6654,activities/049_251011081438.csv,1,1,0,0
fit:06ab469a75256944c36383c4817288da1db87343fd8245e2c210fa0583dba5c2,2025-10-11T08:09:44+00:00,164,184,130,84,8.222,101.0,18,fit:06ab469a75256944c36383c4817288da1db87343fd8245e2c210fa0583dba5c2:segment:003,3,6905.0,6655,activities/049_251011081438.csv,1,1,0,0
fit:06ab469a75256944c36383c4817288da1db87343fd8245e2c210fa0583dba5c2,2025-10-11T08:09:45+00:00,165,167,130,85,8.277,101.20000000000005,18,fit:06ab469a75256944c36383c4817288da1db87343fd8245e2c210fa0583dba5c2:segment:003,3,6906.0,6656,activities/049_251011081438.csv,1,1,0,0
fit:06ab469a75256944c36383c4817288da1db87343fd8245e2c210fa0583dba5c2,2025-10-11T08:09:46+00:00,166,130,129,86,8.35,100.39999999999998,18,fit:06ab469a75256944c36383c4817288da1db87343fd8245e2c210fa0583dba5c2:segment:003,3,6907.0,6657,activities/049_251011081438.csv,1,1,0,0
fit:06ab469a75256944c36383c4817288da1db87343fd8245e2c210fa0583dba5c2,2025-10-11T08:09:47+00:00,167,174,129,86,8.391,100.39999999999998,18,fit:06ab469a75256944c36383c4817288da1db87343fd8245e2c210fa0583dba5c2:segment:003,3,6908.0,6658,activities/049_251011081438.csv,1,1,0,0
fit:06ab469a75256944c36383c4817288da1db87343fd8245e2c210fa0583dba5c2,2025-10-11T08:09:48+00:00,168,174,129,86,8.359,100.39999999999998,18,fit:06ab469a75256944c36383c4817288da1db87343fd8245e2c210fa0583dba5c2:segment:003,3,6909.0,6659,activities/049_251011081438.csv,1,1,0,0
fit:06ab469a75256944c36383c4817288da1db87343fd8245e2c210fa0583dba5c2,2025-10-11T08:09:49+00:00,169,164,128,86,8.398,101.0,18,fit:06ab469a75256944c36383c4817288da1db87343fd8245e2c210fa0583dba5c2:segment:003,3,6910.0,6660,activities/049_251011081438.csv,1,1,0,0
fit:06ab469a75256944c36383c4817288da1db87343fd8245e2c210fa0583dba5c2,2025-10-11T08:09:50+00:00,170,142,128,87,8.482,101.0,18,fit:06ab469a75256944c36383c4817288da1db87343fd8245e2c210fa0583dba5c2:segment:003,3,6911.0,6661,activities/049_251011081438.csv,1,1,0,0
fit:06ab469a75256944c36383c4817288da1db87343fd8245e2c210fa0583dba5c2,2025-10-11T08:09:51+00:00,171,139,128,88,8.587,101.0,18,fit:06ab469a75256944c36383c4817288da1db87343fd8245e2c210fa0583dba5c2:segment:003,3,6912.0,6662,activities/049_251011081438.csv,1,1,0,0
fit:06ab469a75256944c36383c4817288da1db87343fd8245e2c210fa0583dba5c2,2025-10-11T08:09:52+00:00,172,147,128,88,8.631,101.0,18,fit:06ab469a75256944c36383c4817288da1db87343fd8245e2c210fa0583dba5c2:segment:003,3,6913.0,6663,activities/049_251011081438.csv,1,1,0,0
fit:06ab469a75256944c36383c4817288da1db87343fd8245e2c210fa0583dba5c2,2025-10-11T08:09:53+00:00,173,121,129,89,8.665,101.0,18,fit:06ab469a75256944c36383c4817288da1db87343fd8245e2c210fa0583dba5c2:segment:003,3,6914.0,6664,activities/049_251011081438.csv,1,1,0,0
fit:06ab469a75256944c36383c4817288da1db87343fd8245e2c210fa0583dba5c2,2025-10-11T08:09:54+00:00,174,133,129,89,8.722,100.20000000000005,18,fit:06ab469a75256944c36383c4817288da1db87343fd8245e2c210fa0583dba5c2:segment:003,3,6915.0,6665,activities/049_251011081438.csv,1,1,0,0
fit:06ab469a75256944c36383c4817288da1db87343fd8245e2c210fa0583dba5c2,2025-10-11T08:09:55+00:00,175,145,129,89,8.764,100.20000000000005,18,fit:06ab469a75256944c36383c4817288da1db87343fd8245e2c210fa0583dba5c2:segment:003,3,6916.0,6666,activities/049_251011081438.csv,1,1,0,0
fit:06ab469a75256944c36383c4817288da1db87343fd8245e2c210fa0583dba5c2,2025-10-11T08:09:56+00:00,176,165,129,89,8.803,100.20000000000005,18,fit:06ab469a75256944c36383c4817288da1db87343fd8245e2c210fa0583dba5c2:segment:003,3,6917.0,6667,activities/049_251011081438.csv,1,1,0,0
fit:06ab469a75256944c36383c4817288da1db87343fd8245e2c210fa0583dba5c2,2025-10-11T08:09:57+00:00,177,191,129,90,8.767,100.20000000000005,18,fit:06ab469a75256944c36383c4817288da1db87343fd8245e2c210fa0583dba5c2:segment:003,3,6918.0,6668,activities/049_251011081438.csv,1,1,0,0
fit:06ab469a75256944c36383c4817288da1db87343fd8245e2c210fa0583dba5c2,2025-10-11T08:09:58+00:00,178,175,129,91,8.792,102.20000000000005,18,fit:06ab469a75256944c36383c4817288da1db87343fd8245e2c210fa0583dba5c2:segment:003,3,6919.0,6669,activities/049_251011081438.csv,1,1,0,0
fit:06ab469a75256944c36383c4817288da1db87343fd8245e2c210fa0583dba5c2,2025-10-11T08:09:59+00:00,179,120,129,92,8.962,102.20000000000005,18,fit:06ab469a75256944c36383c4817288da1db87343fd8245e2c210fa0583dba5c2:segment:003,3,6920.0,6670,activities/049_251011081438.csv,1,1,0,0
fit:06ab469a75256944c36383c4817288da1db87343fd8245e2c210fa0583dba5c2,2025-10-11T08:10:00+00:00,180,113,129,93,9.022,102.20000000000005,18,fit:06ab469a75256944c36383c4817288da1db87343fd8245e2c210fa0583dba5c2:segment:003,3,6921.0,6671,activities/049_251011081438.csv,1,1,0,0
fit:06ab469a75256944c36383c4817288da1db87343fd8245e2c210fa0583dba5c2,2025-10-11T08:10:01+00:00,181,95,129,95,9.064,101.20000000000005,18,fit:06ab469a75256944c36383c4817288da1db87343fd8245e2c210fa0583dba5c2:segment:003,3,6922.0,6672,activities/049_251011081438.csv,1,1,0,0
fit:06ab469a75256944c36383c4817288da1db87343fd8245e2c210fa0583dba5c2,2025-10-11T08:10:02+00:00,182,118,129,96,9.217,100.0,18,fit:06ab469a75256944c36383c4817288da1db87343fd8245e2c210fa0583dba5c2:segment:003,3,6923.0,6673,activities/049_251011081438.csv,1,1,0,0
fit:06ab469a75256944c36383c4817288da1db87343fd8245e2c210fa0583dba5c2,2025-10-11T08:10:03+00:00,183,154,128,98,9.236,100.0,18,fit:06ab469a75256944c36383c4817288da1db87343fd8245e2c210fa0583dba5c2:segment:003,3,6924.0,6674,activities/049_251011081438.csv,1,1,0,0
fit:06ab469a75256944c36383c4817288da1db87343fd8245e2c210fa0583dba5c2,2025-10-11T08:10:04+00:00,184,138,128,100,9.371,100.0,18,fit:06ab469a75256944c36383c4817288da1db87343fd8245e2c210fa0583dba5c2:segment:003,3,6925.0,6675,activities/049_251011081438.csv,1,1,0,0
fit:06ab469a75256944c36383c4817288da1db87343fd8245e2c210fa0583dba5c2,2025-10-11T08:10:05+00:00,185,169,128,101,9.645,100.0,18,fit:06ab469a75256944c36383c4817288da1db87343fd8245e2c210fa0583dba5c2:segment:003,3,6926.0,6676,activities/049_251011081438.csv,1,1,0,0
fit:06ab469a75256944c36383c4817288da1db87343fd8245e2c210fa0583dba5c2,2025-10-11T08:10:06+00:00,186,42,128,102,9.841,99.60000000000002,18,fit:06ab469a75256944c36383c4817288da1db87343fd8245e2c210fa0583dba5c2:segment:003,3,6927.0,6677,activities/049_251011081438.csv,1,1,0,0
fit:06ab469a75256944c36383c4817288da1db87343fd8245e2c210fa0583dba5c2,2025-10-11T08:10:07+00:00,187,32,128,61,9.972,99.60000000000002,18,fit:06ab469a75256944c36383c4817288da1db87343fd8245e2c210fa0583dba5c2:segment:003,3,6928.0,6678,activities/049_251011081438.csv,1,1,0,0
fit:06ab469a75256944c36383c4817288da1db87343fd8245e2c210fa0583dba5c2,2025-10-11T08:10:08+00:00,188,160,127,44,10.027,99.60000000000002,18,fit:06ab469a75256944c36383c4817288da1db87343fd8245e2c210fa0583dba5c2:segment:003,3,6929.0,6679,activities/049_251011081438.csv,1,1,0,0
fit:06ab469a75256944c36383c4817288da1db87343fd8245e2c210fa0583dba5c2,2025-10-11T08:10:09+00:00,189,118,127,83,10.15,98.60000000000002,18,fit:06ab469a75256944c36383c4817288da1db87343fd8245e2c210fa0583dba5c2:segment:003,3,6930.0,6680,activities/049_251011081438.csv,1,1,0,0
fit:06ab469a75256944c36383c4817288da1db87343fd8245e2c210fa0583dba5c2,2025-10-11T08:10:10+00:00,190,101,127,84,10.262,97.0,18,fit:06ab469a75256944c36383c4817288da1db87343fd8245e2c210fa0583dba5c2:segment:003,3,6931.0,6681,activities/049_251011081438.csv,1,1,0,0
fit:06ab469a75256944c36383c4817288da1db87343fd8245e2c210fa0583dba5c2,2025-10-11T08:10:11+00:00,191,104,127,85,10.298,97.0,18,fit:06ab469a75256944c36383c4817288da1db87343fd8245e2c210fa0583dba5c2:segment:003,3,6932.0,6682,activities/049_251011081438.csv,1,1,0,0
fit:06ab469a75256944c36383c4817288da1db87343fd8245e2c210fa0583dba5c2,2025-10-11T08:10:12+00:00,192,123,126,85,10.433,97.0,18,fit:06ab469a75256944c36383c4817288da1db87343fd8245e2c210fa0583dba5c2:segment:003,3,6933.0,6683,activities/049_251011081438.csv,1,1,0,0
fit:06ab469a75256944c36383c4817288da1db87343fd8245e2c210fa0583dba5c2,2025-10-11T08:10:13+00:00,193,123,125,86,10.565,96.0,18,fit:06ab469a75256944c36383c4817288da1db87343fd8245e2c210fa0583dba5c2:segment:003,3,6934.0,6684,activities/049_251011081438.csv,1,1,0,0
fit:06ab469a75256944c36383c4817288da1db87343fd8245e2c210fa0583dba5c2,2025-10-11T08:10:14+00:00,194,135,124,86,10.608,96.0,19,fit:06ab469a75256944c36383c4817288da1db87343fd8245e2c210fa0583dba5c2:segment:003,3,6935.0,6685,activities/049_251011081438.csv,1,1,0,0
fit:06ab469a75256944c36383c4817288da1db87343fd8245e2c210fa0583dba5c2,2025-10-11T08:10:15+00:00,195,128,124,85,10.664,96.0,19,fit:06ab469a75256944c36383c4817288da1db87343fd8245e2c210fa0583dba5c2:segment:003,3,6936.0,6686,activities/049_251011081438.csv,1,1,0,0
fit:06ab469a75256944c36383c4817288da1db87343fd8245e2c210fa0583dba5c2,2025-10-11T08:10:16+00:00,196,133,123,85,10.685,96.0,19,fit:06ab469a75256944c36383c4817288da1db87343fd8245e2c210fa0583dba5c2:segment:003,3,6937.0,6687,activities/049_251011081438.csv,1,1,0,0
fit:06ab469a75256944c36383c4817288da1db87343fd8245e2c210fa0583dba5c2,2025-10-11T08:10:17+00:00,197,120,123,85,10.625,95.0,19,fit:06ab469a75256944c36383c4817288da1db87343fd8245e2c210fa0583dba5c2:segment:003,3,6938.0,6688,activities/049_251011081438.csv,1,1,0,0
fit:06ab469a75256944c36383c4817288da1db87343fd8245e2c210fa0583dba5c2,2025-10-11T08:10:18+00:00,198,91,123,85,10.603,95.60000000000002,19,fit:06ab469a75256944c36383c4817288da1db87343fd8245e2c210fa0583dba5c2:segment:003,3,6939.0,6689,activities/049_251011081438.csv,1,1,0,0
fit:06ab469a75256944c36383c4817288da1db87343fd8245e2c210fa0583dba5c2,2025-10-11T08:10:19+00:00,199,134,123,84,10.613,95.60000000000002,19,fit:06ab469a75256944c36383c4817288da1db87343fd8245e2c210fa0583dba5c2:segment:003,3,6940.0,6690,activities/049_251011081438.csv,1,1,0,0
fit:06ab469a75256944c36383c4817288da1db87343fd8245e2c210fa0583dba5c2,2025-10-11T08:10:20+00:00,200,162,123,84,10.483,95.60000000000002,19,fit:06ab469a75256944c36383c4817288da1db87343fd8245e2c210fa0583dba5c2:segment:003,3,6941.0,6691,activities/049_251011081438.csv,1,1,0,0
fit:06ab469a75256944c36383c4817288da1db87343fd8245e2c210fa0583dba5c2,2025-10-11T08:10:21+00:00,201,177,123,84,10.517,95.20000000000005,19,fit:06ab469a75256944c36383c4817288da1db87343fd8245e2c210fa0583dba5c2:segment:003,3,6942.0,6692,activities/049_251011081438.csv,1,1,0,0
fit:06ab469a75256944c36383c4817288da1db87343fd8245e2c210fa0583dba5c2,2025-10-11T08:10:22+00:00,202,81,124,84,10.481,94.79999999999995,19,fit:06ab469a75256944c36383c4817288da1db87343fd8245e2c210fa0583dba5c2:segment:003,3,6943.0,6693,activities/049_251011081438.csv,1,1,0,0
fit:06ab469a75256944c36383c4817288da1db87343fd8245e2c210fa0583dba5c2,2025-10-11T08:10:23+00:00,203,115,125,95,10.559,94.79999999999995,19,fit:06ab469a75256944c36383c4817288da1db87343fd8245e2c210fa0583dba5c2:segment:003,3,6944.0,6694,activities/049_251011081438.csv,1,1,0,0
fit:06ab469a75256944c36383c4817288da1db87343fd8245e2c210fa0583dba5c2,2025-10-11T08:10:24+00:00,204,113,125,100,10.566,94.79999999999995,19,fit:06ab469a75256944c36383c4817288da1db87343fd8245e2c210fa0583dba5c2:segment:003,3,6945.0,6695,activities/049_251011081438.csv,1,1,0,0
fit:06ab469a75256944c36383c4817288da1db87343fd8245e2c210fa0583dba5c2,2025-10-11T08:10:25+00:00,205,170,125,108,10.455,94.79999999999995,19,fit:06ab469a75256944c36383c4817288da1db87343fd8245e2c210fa0583dba5c2:segment:003,3,6946.0,6696,activities/049_251011081438.csv,1,1,0,0
fit:06ab469a75256944c36383c4817288da1db87343fd8245e2c210fa0583dba5c2,2025-10-11T08:10:26+00:00,206,151,125,105,10.429,94.39999999999998,19,fit:06ab469a75256944c36383c4817288da1db87343fd8245e2c210fa0583dba5c2:segment:003,3,6947.0,6697,activities/049_251011081438.csv,1,1,0,0
fit:06ab469a75256944c36383c4817288da1db87343fd8245e2c210fa0583dba5c2,2025-10-11T08:10:27+00:00,207,153,125,105,10.272,94.39999999999998,19,fit:06ab469a75256944c36383c4817288da1db87343fd8245e2c210fa0583dba5c2:segment:003,3,6948.0,6698,activities/049_251011081438.csv,1,1,0,0
fit:06ab469a75256944c36383c4817288da1db87343fd8245e2c210fa0583dba5c2,2025-10-11T08:10:28+00:00,208,149,125,105,10.389,94.39999999999998,19,fit:06ab469a75256944c36383c4817288da1db87343fd8245e2c210fa0583dba5c2:segment:003,3,6949.0,6699,activities/049_251011081438.csv,1,1,0,0
fit:06ab469a75256944c36383c4817288da1db87343fd8245e2c210fa0583dba5c2,2025-10-11T08:10:29+00:00,209,169,125,104,10.299,94.39999999999998,19,fit:06ab469a75256944c36383c4817288da1db87343fd8245e2c210fa0583dba5c2:segment:003,3,6950.0,6700,activities/049_251011081438.csv,1,1,0,0
fit:06ab469a75256944c36383c4817288da1db87343fd8245e2c210fa0583dba5c2,2025-10-11T08:10:30+00:00,210,197,125,104,10.362,93.60000000000002,19,fit:06ab469a75256944c36383c4817288da1db87343fd8245e2c210fa0583dba5c2:segment:003,3,6951.0,6701,activities/049_251011081438.csv,1,1,0,0
fit:06ab469a75256944c36383c4817288da1db87343fd8245e2c210fa0583dba5c2,2025-10-11T08:10:31+00:00,211,223,125,104,10.231,93.60000000000002,19,fit:06ab469a75256944c36383c4817288da1db87343fd8245e2c210fa0583dba5c2:segment:003,3,6952.0,6702,activities/049_251011081438.csv,1,1,0,0
fit:06ab469a75256944c36383c4817288da1db87343fd8245e2c210fa0583dba5c2,2025-10-11T08:10:32+00:00,212,171,125,104,10.317,93.60000000000002,19,fit:06ab469a75256944c36383c4817288da1db87343fd8245e2c210fa0583dba5c2:segment:003,3,6953.0,6703,activities/049_251011081438.csv,1,1,0,0
fit:06ab469a75256944c36383c4817288da1db87343fd8245e2c210fa0583dba5c2,2025-10-11T08:10:33+00:00,213,122,125,105,10.297,94.60000000000002,19,fit:06ab469a75256944c36383c4817288da1db87343fd8245e2c210fa0583dba5c2:segment:003,3,6954.0,6704,activities/049_251011081438.csv,1,1,0,0
fit:06ab469a75256944c36383c4817288da1db87343fd8245e2c210fa0583dba5c2,2025-10-11T08:10:34+00:00,214,206,125,105,10.36,93.39999999999998,19,fit:06ab469a75256944c36383c4817288da1db87343fd8245e2c210fa0583dba5c2:segment:003,3,6955.0,6705,activities/049_251011081438.csv,1,1,0,0
fit:06ab469a75256944c36383c4817288da1db87343fd8245e2c210fa0583dba5c2,2025-10-11T08:10:35+00:00,215,148,125,94,10.29,93.39999999999998,19,fit:06ab469a75256944c36383c4817288da1db87343fd8245e2c210fa0583dba5c2:segment:003,3,6956.0,6706,activities/049_251011081438.csv,1,1,0,0
fit:06ab469a75256944c36383c4817288da1db87343fd8245e2c210fa0583dba5c2,2025-10-11T08:10:36+00:00,216,155,125,94,10.337,93.39999999999998,19,fit:06ab469a75256944c36383c4817288da1db87343fd8245e2c210fa0583dba5c2:segment:003,3,6957.0,6707,activities/049_251011081438.csv,1,1,0,0
fit:06ab469a75256944c36383c4817288da1db87343fd8245e2c210fa0583dba5c2,2025-10-11T08:10:37+00:00,217,188,125,94,10.365,93.39999999999998,19,fit:06ab469a75256944c36383c4817288da1db87343fd8245e2c210fa0583dba5c2:segment:003,3,6958.0,6708,activities/049_251011081438.csv,1,1,0,0
fit:06ab469a75256944c36383c4817288da1db87343fd8245e2c210fa0583dba5c2,2025-10-11T08:10:38+00:00,218,164,125,95,10.425,93.60000000000002,19,fit:06ab469a75256944c36383c4817288da1db87343fd8245e2c210fa0583dba5c2:segment:003,3,6959.0,6709,activities/049_251011081438.csv,1,1,0,0
fit:06ab469a75256944c36383c4817288da1db87343fd8245e2c210fa0583dba5c2,2025-10-11T08:10:39+00:00,219,140,126,95,10.461,93.60000000000002,19,fit:06ab469a75256944c36383c4817288da1db87343fd8245e2c210fa0583dba5c2:segment:003,3,6960.0,6710,activities/049_251011081438.csv,1,1,0,0
fit:06ab469a75256944c36383c4817288da1db87343fd8245e2c210fa0583dba5c2,2025-10-11T08:10:40+00:00,220,131,126,95,10.444,93.60000000000002,19,fit:06ab469a75256944c36383c4817288da1db87343fd8245e2c210fa0583dba5c2:segment:003,3,6961.0,6711,activities/049_251011081438.csv,1,1,0,0
fit:06ab469a75256944c36383c4817288da1db87343fd8245e2c210fa0583dba5c2,2025-10-11T08:10:41+00:00,221,149,127,95,10.458,93.20000000000005,19,fit:06ab469a75256944c36383c4817288da1db87343fd8245e2c210fa0583dba5c2:segment:003,3,6962.0,6712,activities/049_251011081438.csv,1,1,0,0
fit:06ab469a75256944c36383c4817288da1db87343fd8245e2c210fa0583dba5c2,2025-10-11T08:10:42+00:00,222,145,127,95,10.606,92.79999999999995,19,fit:06ab469a75256944c36383c4817288da1db87343fd8245e2c210fa0583dba5c2:segment:003,3,6963.0,6713,activities/049_251011081438.csv,1,1,0,0
fit:06ab469a75256944c36383c4817288da1db87343fd8245e2c210fa0583dba5c2,2025-10-11T08:10:43+00:00,223,146,128,95,10.495,92.79999999999995,19,fit:06ab469a75256944c36383c4817288da1db87343fd8245e2c210fa0583dba5c2:segment:003,3,6964.0,6714,activities/049_251011081438.csv,1,1,0,0
fit:06ab469a75256944c36383c4817288da1db87343fd8245e2c210fa0583dba5c2,2025-10-11T08:10:44+00:00,224,166,128,95,10.451,92.79999999999995,19,fit:06ab469a75256944c36383c4817288da1db87343fd8245e2c210fa0583dba5c2:segment:003,3,6965.0,6715,activities/049_251011081438.csv,1,1,0,0
fit:06ab469a75256944c36383c4817288da1db87343fd8245e2c210fa0583dba5c2,2025-10-11T08:10:45+00:00,225,172,128,94,10.479,92.39999999999998,19,fit:06ab469a75256944c36383c4817288da1db87343fd8245e2c210fa0583dba5c2:segment:003,3,6966.0,6716,activities/049_251011081438.csv,1,1,0,0
fit:06ab469a75256944c36383c4817288da1db87343fd8245e2c210fa0583dba5c2,2025-10-11T08:10:46+00:00,226,124,128,94,10.494,91.39999999999998,19,fit:06ab469a75256944c36383c4817288da1db87343fd8245e2c210fa0583dba5c2:segment:003,3,6967.0,6717,activities/049_251011081438.csv,1,1,0,0
fit:06ab469a75256944c36383c4817288da1db87343fd8245e2c210fa0583dba5c2,2025-10-11T08:10:47+00:00,227,124,129,94,10.395,91.39999999999998,19,fit:06ab469a75256944c36383c4817288da1db87343fd8245e2c210fa0583dba5c2:segment:003,3,6968.0,6718,activities/049_251011081438.csv,1,1,0,0
fit:06ab469a75256944c36383c4817288da1db87343fd8245e2c210fa0583dba5c2,2025-10-11T08:10:48+00:00,228,193,129,94,10.38,91.39999999999998,19,fit:06ab469a75256944c36383c4817288da1db87343fd8245e2c210fa0583dba5c2:segment:003,3,6969.0,6719,activities/049_251011081438.csv,1,1,0,0
fit:06ab469a75256944c36383c4817288da1db87343fd8245e2c210fa0583dba5c2,2025-10-11T08:10:49+00:00,229,193,129,93,10.335,92.39999999999998,19,fit:06ab469a75256944c36383c4817288da1db87343fd8245e2c210fa0583dba5c2:segment:003,3,6970.0,6720,activities/049_251011081438.csv,1,1,0,0
fit:06ab469a75256944c36383c4817288da1db87343fd8245e2c210fa0583dba5c2,2025-10-11T08:10:50+00:00,230,192,130,93,10.267,91.0,19,fit:06ab469a75256944c36383c4817288da1db87343fd8245e2c210fa0583dba5c2:segment:003,3,6971.0,6721,activities/049_251011081438.csv,1,1,0,0
fit:06ab469a75256944c36383c4817288da1db87343fd8245e2c210fa0583dba5c2,2025-10-11T08:10:51+00:00,231,197,130,93,10.25,91.0,19,fit:06ab469a75256944c36383c4817288da1db87343fd8245e2c210fa0583dba5c2:segment:003,3,6972.0,6722,activities/049_251011081438.csv,1,1,0,0
fit:06ab469a75256944c36383c4817288da1db87343fd8245e2c210fa0583dba5c2,2025-10-11T08:10:52+00:00,232,179,130,93,10.249,91.0,19,fit:06ab469a75256944c36383c4817288da1db87343fd8245e2c210fa0583dba5c2:segment:003,3,6973.0,6723,activities/049_251011081438.csv,1,1,0,0
fit:06ab469a75256944c36383c4817288da1db87343fd8245e2c210fa0583dba5c2,2025-10-11T08:10:53+00:00,233,193,131,93,10.241,92.0,19,fit:06ab469a75256944c36383c4817288da1db87343fd8245e2c210fa0583dba5c2:segment:003,3,6974.0,6724,activities/049_251011081438.csv,1,1,0,0
fit:06ab469a75256944c36383c4817288da1db87343fd8245e2c210fa0583dba5c2,2025-10-11T08:10:54+00:00,234,209,131,93,10.251,91.60000000000002,19,fit:06ab469a75256944c36383c4817288da1db87343fd8245e2c210fa0583dba5c2:segment:003,3,6975.0,6725,activities/049_251011081438.csv,1,1,0,0
fit:06ab469a75256944c36383c4817288da1db87343fd8245e2c210fa0583dba5c2,2025-10-11T08:10:55+00:00,235,185,131,93,10.35,91.60000000000002,19,fit:06ab469a75256944c36383c4817288da1db87343fd8245e2c210fa0583dba5c2:segment:003,3,6976.0,6726,activities/049_251011081438.csv,1,1,0,0
fit:06ab469a75256944c36383c4817288da1db87343fd8245e2c210fa0583dba5c2,2025-10-11T08:10:56+00:00,236,190,131,92,10.298,91.60000000000002,19,fit:06ab469a75256944c36383c4817288da1db87343fd8245e2c210fa0583dba5c2:segment:003,3,6977.0,6727,activities/049_251011081438.csv,1,1,0,0
fit:06ab469a75256944c36383c4817288da1db87343fd8245e2c210fa0583dba5c2,2025-10-11T08:10:57+00:00,237,190,131,91,10.264,91.60000000000002,19,fit:06ab469a75256944c36383c4817288da1db87343fd8245e2c210fa0583dba5c2:segment:003,3,6978.0,6728,activities/049_251011081438.csv,1,1,0,0
fit:06ab469a75256944c36383c4817288da1db87343fd8245e2c210fa0583dba5c2,2025-10-11T08:10:58+00:00,238,231,132,91,10.138,92.39999999999998,19,fit:06ab469a75256944c36383c4817288da1db87343fd8245e2c210fa0583dba5c2:segment:003,3,6979.0,6729,activities/049_251011081438.csv,1,1,0,0
fit:06ab469a75256944c36383c4817288da1db87343fd8245e2c210fa0583dba5c2,2025-10-11T08:10:59+00:00,239,263,132,90,10.005,92.39999999999998,19,fit:06ab469a75256944c36383c4817288da1db87343fd8245e2c210fa0583dba5c2:segment:003,3,6980.0,6730,activities/049_251011081438.csv,1,1,0,0
fit:06ab469a75256944c36383c4817288da1db87343fd8245e2c210fa0583dba5c2,2025-10-11T08:11:00+00:00,240,225,132,88,9.888,92.39999999999998,19,fit:06ab469a75256944c36383c4817288da1db87343fd8245e2c210fa0583dba5c2:segment:003,3,6981.0,6731,activities/049_251011081438.csv,1,1,0,0
fit:06ab469a75256944c36383c4817288da1db87343fd8245e2c210fa0583dba5c2,2025-10-11T08:11:01+00:00,241,190,132,87,9.713,92.39999999999998,19,fit:06ab469a75256944c36383c4817288da1db87343fd8245e2c210fa0583dba5c2:segment:003,3,6982.0,6732,activities/049_251011081438.csv,1,1,0,0
fit:06ab469a75256944c36383c4817288da1db87343fd8245e2c210fa0583dba5c2,2025-10-11T08:11:02+00:00,242,190,132,85,9.598,92.79999999999995,19,fit:06ab469a75256944c36383c4817288da1db87343fd8245e2c210fa0583dba5c2:segment:003,3,6983.0,6733,activities/049_251011081438.csv,1,1,0,0
fit:06ab469a75256944c36383c4817288da1db87343fd8245e2c210fa0583dba5c2,2025-10-11T08:11:03+00:00,243,268,133,85,9.416,92.79999999999995,19,fit:06ab469a75256944c36383c4817288da1db87343fd8245e2c210fa0583dba5c2:segment:003,3,6984.0,6734,activities/049_251011081438.csv,1,1,0,0
fit:06ab469a75256944c36383c4817288da1db87343fd8245e2c210fa0583dba5c2,2025-10-11T08:11:04+00:00,244,236,133,84,9.288,92.79999999999995,19,fit:06ab469a75256944c36383c4817288da1db87343fd8245e2c210fa0583dba5c2:segment:003,3,6985.0,6735,activities/049_251011081438.csv,1,1,0,0
fit:06ab469a75256944c36383c4817288da1db87343fd8245e2c210fa0583dba5c2,2025-10-11T08:11:05+00:00,245,186,134,84,9.229,92.79999999999995,19,fit:06ab469a75256944c36383c4817288da1db87343fd8245e2c210fa0583dba5c2:segment:003,3,6986.0,6736,activities/049_251011081438.csv,1,1,0,0
fit:06ab469a75256944c36383c4817288da1db87343fd8245e2c210fa0583dba5c2,2025-10-11T08:11:06+00:00,246,178,135,85,9.261,92.79999999999995,19,fit:06ab469a75256944c36383c4817288da1db87343fd8245e2c210fa0583dba5c2:segment:003,3,6987.0,6737,activities/049_251011081438.csv,1,1,0,0
fit:06ab469a75256944c36383c4817288da1db87343fd8245e2c210fa0583dba5c2,2025-10-11T08:11:07+00:00,247,227,136,86,9.297,92.79999999999995,19,fit:06ab469a75256944c36383c4817288da1db87343fd8245e2c210fa0583dba5c2:segment:003,3,6988.0,6738,activities/049_251011081438.csv,1,1,0,0
fit:06ab469a75256944c36383c4817288da1db87343fd8245e2c210fa0583dba5c2,2025-10-11T08:11:08+00:00,248,231,137,86,9.34,92.79999999999995,19,fit:06ab469a75256944c36383c4817288da1db87343fd8245e2c210fa0583dba5c2:segment:003,3,6989.0,6739,activities/049_251011081438.csv,1,1,0,0
fit:06ab469a75256944c36383c4817288da1db87343fd8245e2c210fa0583dba5c2,2025-10-11T08:11:09+00:00,249,226,137,88,9.466,92.79999999999995,19,fit:06ab469a75256944c36383c4817288da1db87343fd8245e2c210fa0583dba5c2:segment:003,3,6990.0,6740,activities/049_251011081438.csv,1,1,0,0
fit:06ab469a75256944c36383c4817288da1db87343fd8245e2c210fa0583dba5c2,2025-10-11T08:11:10+00:00,250,168,137,88,9.611,92.60000000000002,19,fit:06ab469a75256944c36383c4817288da1db87343fd8245e2c210fa0583dba5c2:segment:003,3,6991.0,6741,activities/049_251011081438.csv,1,1,0,0
fit:06ab469a75256944c36383c4817288da1db87343fd8245e2c210fa0583dba5c2,2025-10-11T08:11:11+00:00,251,156,137,89,9.68,92.60000000000002,19,fit:06ab469a75256944c36383c4817288da1db87343fd8245e2c210fa0583dba5c2:segment:003,3,6992.0,6742,activities/049_251011081438.csv,1,1,0,0
fit:06ab469a75256944c36383c4817288da1db87343fd8245e2c210fa0583dba5c2,2025-10-11T08:11:12+00:00,252,156,137,89,9.801,92.60000000000002,19,fit:06ab469a75256944c36383c4817288da1db87343fd8245e2c210fa0583dba5c2:segment:003,3,6993.0,6743,activities/049_251011081438.csv,1,1,0,0
fit:06ab469a75256944c36383c4817288da1db87343fd8245e2c210fa0583dba5c2,2025-10-11T08:11:13+00:00,253,251,136,89,9.802,92.60000000000002,19,fit:06ab469a75256944c36383c4817288da1db87343fd8245e2c210fa0583dba5c2:segment:003,3,6994.0,6744,activities/049_251011081438.csv,1,1,0,0
fit:06ab469a75256944c36383c4817288da1db87343fd8245e2c210fa0583dba5c2,2025-10-11T08:11:14+00:00,254,217,136,90,9.876,92.0,19,fit:06ab469a75256944c36383c4817288da1db87343fd8245e2c210fa0583dba5c2:segment:003,3,6995.0,6745,activities/049_251011081438.csv,1,1,0,0
fit:06ab469a75256944c36383c4817288da1db87343fd8245e2c210fa0583dba5c2,2025-10-11T08:11:15+00:00,255,176,135,90,9.902,92.0,19,fit:06ab469a75256944c36383c4817288da1db87343fd8245e2c210fa0583dba5c2:segment:003,3,6996.0,6746,activities/049_251011081438.csv,1,1,0,0
fit:06ab469a75256944c36383c4817288da1db87343fd8245e2c210fa0583dba5c2,2025-10-11T08:11:16+00:00,256,172,135,89,9.838,92.0,19,fit:06ab469a75256944c36383c4817288da1db87343fd8245e2c210fa0583dba5c2:segment:003,3,6997.0,6747,activities/049_251011081438.csv,1,1,0,0
fit:06ab469a75256944c36383c4817288da1db87343fd8245e2c210fa0583dba5c2,2025-10-11T08:11:17+00:00,257,211,135,89,9.82,92.0,19,fit:06ab469a75256944c36383c4817288da1db87343fd8245e2c210fa0583dba5c2:segment:003,3,6998.0,6748,activities/049_251011081438.csv,1,1,0,0
fit:06ab469a75256944c36383c4817288da1db87343fd8245e2c210fa0583dba5c2,2025-10-11T08:11:18+00:00,258,212,135,89,9.803,91.60000000000002,19,fit:06ab469a75256944c36383c4817288da1db87343fd8245e2c210fa0583dba5c2:segment:003,3,6999.0,6749,activities/049_251011081438.csv,1,1,0,0
fit:06ab469a75256944c36383c4817288da1db87343fd8245e2c210fa0583dba5c2,2025-10-11T08:11:19+00:00,259,139,136,89,9.78,91.60000000000002,19,fit:06ab469a75256944c36383c4817288da1db87343fd8245e2c210fa0583dba5c2:segment:003,3,7000.0,6750,activities/049_251011081438.csv,1,1,0,0
fit:06ab469a75256944c36383c4817288da1db87343fd8245e2c210fa0583dba5c2,2025-10-11T08:11:20+00:00,260,210,136,88,9.792,91.60000000000002,19,fit:06ab469a75256944c36383c4817288da1db87343fd8245e2c210fa0583dba5c2:segment:003,3,7001.0,6751,activities/049_251011081438.csv,1,1,0,0
fit:06ab469a75256944c36383c4817288da1db87343fd8245e2c210fa0583dba5c2,2025-10-11T08:11:21+00:00,261,233,136,88,9.704,91.60000000000002,19,fit:06ab469a75256944c36383c4817288da1db87343fd8245e2c210fa0583dba5c2:segment:003,3,7002.0,6752,activities/049_251011081438.csv,1,1,0,0
fit:06ab469a75256944c36383c4817288da1db87343fd8245e2c210fa0583dba5c2,2025-10-11T08:11:22+00:00,262,219,136,88,9.687,91.79999999999995,19,fit:06ab469a75256944c36383c4817288da1db87343fd8245e2c210fa0583dba5c2:segment:003,3,7003.0,6753,activities/049_251011081438.csv,1,1,0,0
fit:06ab469a75256944c36383c4817288da1db87343fd8245e2c210fa0583dba5c2,2025-10-11T08:11:23+00:00,263,183,136,88,9.684,91.79999999999995,19,fit:06ab469a75256944c36383c4817288da1db87343fd8245e2c210fa0583dba5c2:segment:003,3,7004.0,6754,activities/049_251011081438.csv,1,1,0,0
fit:06ab469a75256944c36383c4817288da1db87343fd8245e2c210fa0583dba5c2,2025-10-11T08:11:24+00:00,264,220,136,89,9.698,91.79999999999995,19,fit:06ab469a75256944c36383c4817288da1db87343fd8245e2c210fa0583dba5c2:segment:003,3,7005.0,6755,activities/049_251011081438.csv,1,1,0,0
fit:06ab469a75256944c36383c4817288da1db87343fd8245e2c210fa0583dba5c2,2025-10-11T08:11:25+00:00,265,243,136,89,9.7,91.79999999999995,19,fit:06ab469a75256944c36383c4817288da1db87343fd8245e2c210fa0583dba5c2:segment:003,3,7006.0,6756,activities/049_251011081438.csv,1,1,0,0
fit:06ab469a75256944c36383c4817288da1db87343fd8245e2c210fa0583dba5c2,2025-10-11T08:11:26+00:00,266,247,136,89,9.693,91.79999999999995,19,fit:06ab469a75256944c36383c4817288da1db87343fd8245e2c210fa0583dba5c2:segment:003,3,7007.0,6757,activities/049_251011081438.csv,1,1,0,0
fit:06ab469a75256944c36383c4817288da1db87343fd8245e2c210fa0583dba5c2,2025-10-11T08:11:27+00:00,267,247,136,89,9.702,91.79999999999995,19,fit:06ab469a75256944c36383c4817288da1db87343fd8245e2c210fa0583dba5c2:segment:003,3,7008.0,6758,activities/049_251011081438.csv,1,1,0,0
fit:06ab469a75256944c36383c4817288da1db87343fd8245e2c210fa0583dba5c2,2025-10-11T08:11:28+00:00,268,219,137,89,9.736,91.79999999999995,19,fit:06ab469a75256944c36383c4817288da1db87343fd8245e2c210fa0583dba5c2:segment:003,3,7009.0,6759,activities/049_251011081438.csv,1,1,0,0
fit:06ab469a75256944c36383c4817288da1db87343fd8245e2c210fa0583dba5c2,2025-10-11T08:11:29+00:00,269,199,138,88,9.776,91.60000000000002,19,fit:06ab469a75256944c36383c4817288da1db87343fd8245e2c210fa0583dba5c2:segment:003,3,7010.0,6760,activities/049_251011081438.csv,1,1,0,0
fit:06ab469a75256944c36383c4817288da1db87343fd8245e2c210fa0583dba5c2,2025-10-11T08:11:30+00:00,270,232,139,88,9.721,92.20000000000005,19,fit:06ab469a75256944c36383c4817288da1db87343fd8245e2c210fa0583dba5c2:segment:003,3,7011.0,6761,activities/049_251011081438.csv,1,1,0,0
fit:06ab469a75256944c36383c4817288da1db87343fd8245e2c210fa0583dba5c2,2025-10-11T08:11:31+00:00,271,177,140,88,9.72,92.20000000000005,19,fit:06ab469a75256944c36383c4817288da1db87343fd8245e2c210fa0583dba5c2:segment:003,3,7012.0,6762,activities/049_251011081438.csv,1,1,0,0
fit:06ab469a75256944c36383c4817288da1db87343fd8245e2c210fa0583dba5c2,2025-10-11T08:11:32+00:00,272,178,140,87,9.686,92.20000000000005,19,fit:06ab469a75256944c36383c4817288da1db87343fd8245e2c210fa0583dba5c2:segment:003,3,7013.0,6763,activities/049_251011081438.csv,1,1,0,0
fit:06ab469a75256944c36383c4817288da1db87343fd8245e2c210fa0583dba5c2,2025-10-11T08:11:33+00:00,273,179,141,87,9.627,91.79999999999995,19,fit:06ab469a75256944c36383c4817288da1db87343fd8245e2c210fa0583dba5c2:segment:003,3,7014.0,6764,activities/049_251011081438.csv,1,1,0,0
fit:06ab469a75256944c36383c4817288da1db87343fd8245e2c210fa0583dba5c2,2025-10-11T08:11:34+00:00,274,253,141,86,9.68,91.79999999999995,19,fit:06ab469a75256944c36383c4817288da1db87343fd8245e2c210fa0583dba5c2:segment:003,3,7015.0,6765,activities/049_251011081438.csv,1,1,0,0
fit:06ab469a75256944c36383c4817288da1db87343fd8245e2c210fa0583dba5c2,2025-10-11T08:11:35+00:00,275,244,141,86,9.627,91.79999999999995,19,fit:06ab469a75256944c36383c4817288da1db87343fd8245e2c210fa0583dba5c2:segment:003,3,7016.0,6766,activities/049_251011081438.csv,1,1,0,0
fit:06ab469a75256944c36383c4817288da1db87343fd8245e2c210fa0583dba5c2,2025-10-11T08:11:36+00:00,276,222,142,87,9.644,91.79999999999995,19,fit:06ab469a75256944c36383c4817288da1db87343fd8245e2c210fa0583dba5c2:segment:003,3,7017.0,6767,activities/049_251011081438.csv,1,1,0,0
fit:06ab469a75256944c36383c4817288da1db87343fd8245e2c210fa0583dba5c2,2025-10-11T08:11:37+00:00,277,222,142,87,9.708,92.79999999999995,19,fit:06ab469a75256944c36383c4817288da1db87343fd8245e2c210fa0583dba5c2:segment:003,3,7018.0,6768,activities/049_251011081438.csv,1,1,0,0
fit:06ab469a75256944c36383c4817288da1db87343fd8245e2c210fa0583dba5c2,2025-10-11T08:11:38+00:00,278,213,143,88,9.722,92.39999999999998,19,fit:06ab469a75256944c36383c4817288da1db87343fd8245e2c210fa0583dba5c2:segment:003,3,7019.0,6769,activities/049_251011081438.csv,1,1,0,0
fit:06ab469a75256944c36383c4817288da1db87343fd8245e2c210fa0583dba5c2,2025-10-11T08:11:39+00:00,279,251,143,88,9.758,92.39999999999998,19,fit:06ab469a75256944c36383c4817288da1db87343fd8245e2c210fa0583dba5c2:segment:003,3,7020.0,6770,activities/049_251011081438.csv,1,1,0,0
fit:06ab469a75256944c36383c4817288da1db87343fd8245e2c210fa0583dba5c2,2025-10-11T08:11:40+00:00,280,211,143,88,9.758,92.39999999999998,19,fit:06ab469a75256944c36383c4817288da1db87343fd8245e2c210fa0583dba5c2:segment:003,3,7021.0,6771,activities/049_251011081438.csv,1,1,0,0
fit:06ab469a75256944c36383c4817288da1db87343fd8245e2c210fa0583dba5c2,2025-10-11T08:11:41+00:00,281,182,144,89,9.818,92.39999999999998,19,fit:06ab469a75256944c36383c4817288da1db87343fd8245e2c210fa0583dba5c2:segment:003,3,7022.0,6772,activities/049_251011081438.csv,1,1,0,0
fit:06ab469a75256944c36383c4817288da1db87343fd8245e2c210fa0583dba5c2,2025-10-11T08:11:42+00:00,282,204,146,88,9.746,92.39999999999998,19,fit:06ab469a75256944c36383c4817288da1db87343fd8245e2c210fa0583dba5c2:segment:003,3,7023.0,6773,activities/049_251011081438.csv,1,1,0,0
fit:06ab469a75256944c36383c4817288da1db87343fd8245e2c210fa0583dba5c2,2025-10-11T08:11:43+00:00,283,202,146,88,9.782,92.39999999999998,19,fit:06ab469a75256944c36383c4817288da1db87343fd8245e2c210fa0583dba5c2:segment:003,3,7024.0,6774,activities/049_251011081438.csv,1,1,0,0
fit:06ab469a75256944c36383c4817288da1db87343fd8245e2c210fa0583dba5c2,2025-10-11T08:11:44+00:00,284,204,146,88,9.689,92.39999999999998,19,fit:06ab469a75256944c36383c4817288da1db87343fd8245e2c210fa0583dba5c2:segment:003,3,7025.0,6775,activities/049_251011081438.csv,1,1,0,0
fit:06ab469a75256944c36383c4817288da1db87343fd8245e2c210fa0583dba5c2,2025-10-11T08:11:45+00:00,285,202,146,89,9.708,92.39999999999998,19,fit:06ab469a75256944c36383c4817288da1db87343fd8245e2c210fa0583dba5c2:segment:003,3,7026.0,6776,activities/049_251011081438.csv,1,1,0,0
fit:06ab469a75256944c36383c4817288da1db87343fd8245e2c210fa0583dba5c2,2025-10-11T08:11:46+00:00,286,153,146,89,9.759,92.39999999999998,19,fit:06ab469a75256944c36383c4817288da1db87343fd8245e2c210fa0583dba5c2:segment:003,3,7027.0,6777,activities/049_251011081438.csv,1,1,0,0
fit:06ab469a75256944c36383c4817288da1db87343fd8245e2c210fa0583dba5c2,2025-10-11T08:11:47+00:00,287,160,145,89,9.693,92.39999999999998,19,fit:06ab469a75256944c36383c4817288da1db87343fd8245e2c210fa0583dba5c2:segment:003,3,7028.0,6778,activities/049_251011081438.csv,1,1,0,0
fit:06ab469a75256944c36383c4817288da1db87343fd8245e2c210fa0583dba5c2,2025-10-11T08:11:48+00:00,288,180,144,88,9.714,92.39999999999998,19,fit:06ab469a75256944c36383c4817288da1db87343fd8245e2c210fa0583dba5c2:segment:003,3,7029.0,6779,activities/049_251011081438.csv,1,1,0,0
fit:06ab469a75256944c36383c4817288da1db87343fd8245e2c210fa0583dba5c2,2025-10-11T08:11:49+00:00,289,193,143,89,9.742,92.39999999999998,19,fit:06ab469a75256944c36383c4817288da1db87343fd8245e2c210fa0583dba5c2:segment:003,3,7030.0,6780,activities/049_251011081438.csv,1,1,0,0
fit:06ab469a75256944c36383c4817288da1db87343fd8245e2c210fa0583dba5c2,2025-10-11T08:11:50+00:00,290,190,143,89,9.714,91.60000000000002,19,fit:06ab469a75256944c36383c4817288da1db87343fd8245e2c210fa0583dba5c2:segment:003,3,7031.0,6781,activities/049_251011081438.csv,1,1,0,0
fit:06ab469a75256944c36383c4817288da1db87343fd8245e2c210fa0583dba5c2,2025-10-11T08:11:51+00:00,291,227,143,89,9.622,91.60000000000002,19,fit:06ab469a75256944c36383c4817288da1db87343fd8245e2c210fa0583dba5c2:segment:003,3,7032.0,6782,activities/049_251011081438.csv,1,1,0,0
fit:06ab469a75256944c36383c4817288da1db87343fd8245e2c210fa0583dba5c2,2025-10-11T08:11:52+00:00,292,168,142,89,9.668,91.60000000000002,19,fit:06ab469a75256944c36383c4817288da1db87343fd8245e2c210fa0583dba5c2:segment:003,3,7033.0,6783,activities/049_251011081438.csv,1,1,0,0
fit:06ab469a75256944c36383c4817288da1db87343fd8245e2c210fa0583dba5c2,2025-10-11T08:11:53+00:00,293,122,143,89,9.799,92.20000000000005,18,fit:06ab469a75256944c36383c4817288da1db87343fd8245e2c210fa0583dba5c2:segment:003,3,7034.0,6784,activities/049_251011081438.csv,1,1,0,0
fit:06ab469a75256944c36383c4817288da1db87343fd8245e2c210fa0583dba5c2,2025-10-11T08:11:54+00:00,294,168,143,88,9.795,92.39999999999998,18,fit:06ab469a75256944c36383c4817288da1db87343fd8245e2c210fa0583dba5c2:segment:003,3,7035.0,6785,activities/049_251011081438.csv,1,1,0,0
fit:06ab469a75256944c36383c4817288da1db87343fd8245e2c210fa0583dba5c2,2025-10-11T08:11:55+00:00,295,101,143,88,9.776,92.39999999999998,18,fit:06ab469a75256944c36383c4817288da1db87343fd8245e2c210fa0583dba5c2:segment:003,3,7036.0,6786,activities/049_251011081438.csv,1,1,0,0
fit:06ab469a75256944c36383c4817288da1db87343fd8245e2c210fa0583dba5c2,2025-10-11T08:11:56+00:00,296,167,143,87,9.722,92.39999999999998,18,fit:06ab469a75256944c36383c4817288da1db87343fd8245e2c210fa0583dba5c2:segment:003,3,7037.0,6787,activities/049_251011081438.csv,1,1,0,0
fit:06ab469a75256944c36383c4817288da1db87343fd8245e2c210fa0583dba5c2,2025-10-11T08:11:57+00:00,297,233,143,86,9.67,92.0,18,fit:06ab469a75256944c36383c4817288da1db87343fd8245e2c210fa0583dba5c2:segment:003,3,7038.0,6788,activities/049_251011081438.csv,1,1,0,0
fit:06ab469a75256944c36383c4817288da1db87343fd8245e2c210fa0583dba5c2,2025-10-11T08:11:58+00:00,298,184,143,86,9.55,92.39999999999998,18,fit:06ab469a75256944c36383c4817288da1db87343fd8245e2c210fa0583dba5c2:segment:003,3,7039.0,6789,activities/049_251011081438.csv,1,1,0,0
fit:06ab469a75256944c36383c4817288da1db87343fd8245e2c210fa0583dba5c2,2025-10-11T08:11:59+00:00,299,97,143,86,9.547,92.39999999999998,18,fit:06ab469a75256944c36383c4817288da1db87343fd8245e2c210fa0583dba5c2:segment:003,3,7040.0,6790,activities/049_251011081438.csv,1,1,0,0
fit:06ab469a75256944c36383c4817288da1db87343fd8245e2c210fa0583dba5c2,2025-10-11T08:12:00+00:00,300,123,143,86,9.499,92.39999999999998,18,fit:06ab469a75256944c36383c4817288da1db87343fd8245e2c210fa0583dba5c2:segment:003,3,7041.0,6791,activities/049_251011081438.csv,1,1,0,0
fit:06ab469a75256944c36383c4817288da1db87343fd8245e2c210fa0583dba5c2,2025-10-11T08:12:01+00:00,301,190,144,85,9.457,92.39999999999998,18,fit:06ab469a75256944c36383c4817288da1db87343fd8245e2c210fa0583dba5c2:segment:003,3,7042.0,6792,activities/049_251011081438.csv,1,1,0,0
fit:06ab469a75256944c36383c4817288da1db87343fd8245e2c210fa0583dba5c2,2025-10-11T08:12:02+00:00,302,149,144,84,9.414,91.79999999999995,18,fit:06ab469a75256944c36383c4817288da1db87343fd8245e2c210fa0583dba5c2:segment:003,3,7043.0,6793,activities/049_251011081438.csv,1,1,0,0
fit:06ab469a75256944c36383c4817288da1db87343fd8245e2c210fa0583dba5c2,2025-10-11T08:12:03+00:00,303,149,144,84,9.36,91.79999999999995,18,fit:06ab469a75256944c36383c4817288da1db87343fd8245e2c210fa0583dba5c2:segment:003,3,7044.0,6794,activities/049_251011081438.csv,1,1,0,0
fit:06ab469a75256944c36383c4817288da1db87343fd8245e2c210fa0583dba5c2,2025-10-11T08:12:04+00:00,304,55,144,84,9.307,91.79999999999995,18,fit:06ab469a75256944c36383c4817288da1db87343fd8245e2c210fa0583dba5c2:segment:003,3,7045.0,6795,activities/049_251011081438.csv,1,1,0,0
fit:06ab469a75256944c36383c4817288da1db87343fd8245e2c210fa0583dba5c2,2025-10-11T08:12:05+00:00,305,235,144,33,9.15,91.79999999999995,18,fit:06ab469a75256944c36383c4817288da1db87343fd8245e2c210fa0583dba5c2:segment:003,3,7046.0,6796,activities/049_251011081438.csv,1,1,0,0
fit:06ab469a75256944c36383c4817288da1db87343fd8245e2c210fa0583dba5c2,2025-10-11T08:12:06+00:00,306,137,144,82,9.154,92.79999999999995,18,fit:06ab469a75256944c36383c4817288da1db87343fd8245e2c210fa0583dba5c2:segment:003,3,7047.0,6797,activities/049_251011081438.csv,1,1,0,0
fit:06ab469a75256944c36383c4817288da1db87343fd8245e2c210fa0583dba5c2,2025-10-11T08:12:07+00:00,307,138,144,83,9.097,92.79999999999995,18,fit:06ab469a75256944c36383c4817288da1db87343fd8245e2c210fa0583dba5c2:segment:003,3,7048.0,6798,activities/049_251011081438.csv,1,1,0,0
fit:06ab469a75256944c36383c4817288da1db87343fd8245e2c210fa0583dba5c2,2025-10-11T08:12:08+00:00,308,138,143,83,9.101,92.79999999999995,18,fit:06ab469a75256944c36383c4817288da1db87343fd8245e2c210fa0583dba5c2:segment:003,3,7049.0,6799,activities/049_251011081438.csv,1,1,0,0
fit:06ab469a75256944c36383c4817288da1db87343fd8245e2c210fa0583dba5c2,2025-10-11T08:12:09+00:00,309,138,143,83,9.009,92.39999999999998,18,fit:06ab469a75256944c36383c4817288da1db87343fd8245e2c210fa0583dba5c2:segment:003,3,7050.0,6800,activities/049_251011081438.csv,1,1,0,0
fit:06ab469a75256944c36383c4817288da1db87343fd8245e2c210fa0583dba5c2,2025-10-11T08:12:10+00:00,310,127,143,83,8.885,92.20000000000005,18,fit:06ab469a75256944c36383c4817288da1db87343fd8245e2c210fa0583dba5c2:segment:003,3,7051.0,6801,activities/049_251011081438.csv,1,1,0,0
fit:06ab469a75256944c36383c4817288da1db87343fd8245e2c210fa0583dba5c2,2025-10-11T08:12:11+00:00,311,8,143,78,8.696,92.20000000000005,18,fit:06ab469a75256944c36383c4817288da1db87343fd8245e2c210fa0583dba5c2:segment:003,3,7052.0,6802,activities/049_251011081438.csv,1,1,0,0
fit:06ab469a75256944c36383c4817288da1db87343fd8245e2c210fa0583dba5c2,2025-10-11T08:12:12+00:00,312,178,143,0,8.586,92.20000000000005,18,fit:06ab469a75256944c36383c4817288da1db87343fd8245e2c210fa0583dba5c2:segment:003,3,7053.0,6803,activities/049_251011081438.csv,1,1,0,0
fit:06ab469a75256944c36383c4817288da1db87343fd8245e2c210fa0583dba5c2,2025-10-11T08:12:13+00:00,313,179,143,75,8.476,92.20000000000005,18,fit:06ab469a75256944c36383c4817288da1db87343fd8245e2c210fa0583dba5c2:segment:003,3,7054.0,6804,activities/049_251011081438.csv,1,1,0,0
fit:06ab469a75256944c36383c4817288da1db87343fd8245e2c210fa0583dba5c2,2025-10-11T08:12:14+00:00,314,179,143,75,8.405,92.20000000000005,18,fit:06ab469a75256944c36383c4817288da1db87343fd8245e2c210fa0583dba5c2:segment:003,3,7055.0,6805,activities/049_251011081438.csv,1,1,0,0
fit:06ab469a75256944c36383c4817288da1db87343fd8245e2c210fa0583dba5c2,2025-10-11T08:12:15+00:00,315,179,143,75,8.204,92.20000000000005,18,fit:06ab469a75256944c36383c4817288da1db87343fd8245e2c210fa0583dba5c2:segment:003,3,7056.0,6806,activities/049_251011081438.csv,1,1,0,0
fit:06ab469a75256944c36383c4817288da1db87343fd8245e2c210fa0583dba5c2,2025-10-11T08:12:16+00:00,316,179,142,75,7.957,92.20000000000005,18,fit:06ab469a75256944c36383c4817288da1db87343fd8245e2c210fa0583dba5c2:segment:003,3,7057.0,6807,activities/049_251011081438.csv,1,1,0,0
fit:06ab469a75256944c36383c4817288da1db87343fd8245e2c210fa0583dba5c2,2025-10-11T08:12:17+00:00,317,0,142,75,7.95,92.20000000000005,18,fit:06ab469a75256944c36383c4817288da1db87343fd8245e2c210fa0583dba5c2:segment:003,3,7058.0,6808,activities/049_251011081438.csv,1,1,0,0
fit:06ab469a75256944c36383c4817288da1db87343fd8245e2c210fa0583dba5c2,2025-10-11T08:12:18+00:00,318,0,140,0,7.574,92.60000000000002,18,fit:06ab469a75256944c36383c4817288da1db87343fd8245e2c210fa0583dba5c2:segment:003,3,7059.0,6809,activities/049_251011081438.csv,1,1,0,0
fit:06ab469a75256944c36383c4817288da1db87343fd8245e2c210fa0583dba5c2,2025-10-11T08:12:19+00:00,319,0,138,0,7.239,92.60000000000002,18,fit:06ab469a75256944c36383c4817288da1db87343fd8245e2c210fa0583dba5c2:segment:003,3,7060.0,6810,activities/049_251011081438.csv,1,1,0,0
fit:06ab469a75256944c36383c4817288da1db87343fd8245e2c210fa0583dba5c2,2025-10-11T08:12:20+00:00,320,0,135,0,6.649,92.60000000000002,18,fit:06ab469a75256944c36383c4817288da1db87343fd8245e2c210fa0583dba5c2:segment:003,3,7061.0,6811,activities/049_251011081438.csv,1,1,0,0
fit:06ab469a75256944c36383c4817288da1db87343fd8245e2c210fa0583dba5c2,2025-10-11T08:12:21+00:00,321,0,135,0,5.745,92.60000000000002,18,fit:06ab469a75256944c36383c4817288da1db87343fd8245e2c210fa0583dba5c2:segment:003,3,7062.0,6812,activities/049_251011081438.csv,1,1,0,0
fit:06ab469a75256944c36383c4817288da1db87343fd8245e2c210fa0583dba5c2,2025-10-11T08:12:22+00:00,322,0,132,0,4.868,92.39999999999998,18,fit:06ab469a75256944c36383c4817288da1db87343fd8245e2c210fa0583dba5c2:segment:003,3,7063.0,6813,activities/049_251011081438.csv,1,1,0,0
fit:06ab469a75256944c36383c4817288da1db87343fd8245e2c210fa0583dba5c2,2025-10-11T08:12:23+00:00,323,0,130,0,4.039,92.39999999999998,18,fit:06ab469a75256944c36383c4817288da1db87343fd8245e2c210fa0583dba5c2:segment:003,3,7064.0,6814,activities/049_251011081438.csv,1,1,0,0
fit:06ab469a75256944c36383c4817288da1db87343fd8245e2c210fa0583dba5c2,2025-10-11T08:12:24+00:00,324,0,130,0,3.028,92.39999999999998,18,fit:06ab469a75256944c36383c4817288da1db87343fd8245e2c210fa0583dba5c2:segment:003,3,7065.0,6815,activities/049_251011081438.csv,1,1,0,0
fit:06ab469a75256944c36383c4817288da1db87343fd8245e2c210fa0583dba5c2,2025-10-11T08:12:25+00:00,325,0,128,0,2.413,93.0,18,fit:06ab469a75256944c36383c4817288da1db87343fd8245e2c210fa0583dba5c2:segment:003,3,7066.0,6816,activities/049_251011081438.csv,1,1,0,0
fit:06ab469a75256944c36383c4817288da1db87343fd8245e2c210fa0583dba5c2,2025-10-11T08:12:26+00:00,326,0,126,0,1.959,93.20000000000005,18,fit:06ab469a75256944c36383c4817288da1db87343fd8245e2c210fa0583dba5c2:segment:003,3,7067.0,6817,activities/049_251011081438.csv,1,1,0,0
fit:06ab469a75256944c36383c4817288da1db87343fd8245e2c210fa0583dba5c2,2025-10-11T08:12:27+00:00,327,0,124,0,1.685,93.20000000000005,18,fit:06ab469a75256944c36383c4817288da1db87343fd8245e2c210fa0583dba5c2:segment:003,3,7068.0,6818,activities/049_251011081438.csv,1,1,0,0
fit:06ab469a75256944c36383c4817288da1db87343fd8245e2c210fa0583dba5c2,2025-10-11T08:12:28+00:00,328,0,122,0,1.411,93.20000000000005,18,fit:06ab469a75256944c36383c4817288da1db87343fd8245e2c210fa0583dba5c2:segment:003,3,7069.0,6819,activities/049_251011081438.csv,1,1,0,0
fit:06ab469a75256944c36383c4817288da1db87343fd8245e2c210fa0583dba5c2,2025-10-11T08:12:29+00:00,329,0,120,0,1.256,92.60000000000002,18,fit:06ab469a75256944c36383c4817288da1db87343fd8245e2c210fa0583dba5c2:segment:003,3,7070.0,6820,activities/049_251011081438.csv,1,1,0,0
fit:06ab469a75256944c36383c4817288da1db87343fd8245e2c210fa0583dba5c2,2025-10-11T08:12:30+00:00,330,54,119,0,1.863,92.60000000000002,18,fit:06ab469a75256944c36383c4817288da1db87343fd8245e2c210fa0583dba5c2:segment:003,3,7071.0,6821,activities/049_251011081438.csv,1,1,0,0
fit:06ab469a75256944c36383c4817288da1db87343fd8245e2c210fa0583dba5c2,2025-10-11T08:12:31+00:00,331,257,117,0,2.731,92.60000000000002,18,fit:06ab469a75256944c36383c4817288da1db87343fd8245e2c210fa0583dba5c2:segment:003,3,7072.0,6822,activities/049_251011081438.csv,1,1,0,0
fit:06ab469a75256944c36383c4817288da1db87343fd8245e2c210fa0583dba5c2,2025-10-11T08:12:32+00:00,332,221,117,36,3.288,92.60000000000002,18,fit:06ab469a75256944c36383c4817288da1db87343fd8245e2c210fa0583dba5c2:segment:003,3,7073.0,6823,activities/049_251011081438.csv,1,1,0,0
fit:06ab469a75256944c36383c4817288da1db87343fd8245e2c210fa0583dba5c2,2025-10-11T08:12:33+00:00,333,221,117,43,3.794,92.39999999999998,18,fit:06ab469a75256944c36383c4817288da1db87343fd8245e2c210fa0583dba5c2:segment:003,3,7074.0,6824,activities/049_251011081438.csv,1,1,0,0
fit:06ab469a75256944c36383c4817288da1db87343fd8245e2c210fa0583dba5c2,2025-10-11T08:12:34+00:00,334,283,117,48,4.284,92.39999999999998,18,fit:06ab469a75256944c36383c4817288da1db87343fd8245e2c210fa0583dba5c2:segment:003,3,7075.0,6825,activities/049_251011081438.csv,1,1,0,0
fit:06ab469a75256944c36383c4817288da1db87343fd8245e2c210fa0583dba5c2,2025-10-11T08:12:35+00:00,335,330,118,48,4.88,92.39999999999998,18,fit:06ab469a75256944c36383c4817288da1db87343fd8245e2c210fa0583dba5c2:segment:003,3,7076.0,6826,activities/049_251011081438.csv,1,1,0,0
fit:06ab469a75256944c36383c4817288da1db87343fd8245e2c210fa0583dba5c2,2025-10-11T08:12:36+00:00,336,328,118,53,5.275,92.39999999999998,18,fit:06ab469a75256944c36383c4817288da1db87343fd8245e2c210fa0583dba5c2:segment:003,3,7077.0,6827,activities/049_251011081438.csv,1,1,0,0
fit:06ab469a75256944c36383c4817288da1db87343fd8245e2c210fa0583dba5c2,2025-10-11T08:12:37+00:00,337,323,119,57,5.744,92.39999999999998,18,fit:06ab469a75256944c36383c4817288da1db87343fd8245e2c210fa0583dba5c2:segment:003,3,7078.0,6828,activities/049_251011081438.csv,1,1,0,0
fit:06ab469a75256944c36383c4817288da1db87343fd8245e2c210fa0583dba5c2,2025-10-11T08:12:38+00:00,338,190,121,61,6.247,91.60000000000002,18,fit:06ab469a75256944c36383c4817288da1db87343fd8245e2c210fa0583dba5c2:segment:003,3,7079.0,6829,activities/049_251011081438.csv,1,1,0,0
fit:06ab469a75256944c36383c4817288da1db87343fd8245e2c210fa0583dba5c2,2025-10-11T08:12:39+00:00,339,181,121,63,6.548,91.60000000000002,18,fit:06ab469a75256944c36383c4817288da1db87343fd8245e2c210fa0583dba5c2:segment:003,3,7080.0,6830,activities/049_251011081438.csv,1,1,0,0
fit:06ab469a75256944c36383c4817288da1db87343fd8245e2c210fa0583dba5c2,2025-10-11T08:12:40+00:00,340,320,122,63,6.733,91.60000000000002,18,fit:06ab469a75256944c36383c4817288da1db87343fd8245e2c210fa0583dba5c2:segment:003,3,7081.0,6831,activities/049_251011081438.csv,1,1,0,0
fit:06ab469a75256944c36383c4817288da1db87343fd8245e2c210fa0583dba5c2,2025-10-11T08:12:41+00:00,341,278,122,65,6.966,91.60000000000002,18,fit:06ab469a75256944c36383c4817288da1db87343fd8245e2c210fa0583dba5c2:segment:003,3,7082.0,6832,activities/049_251011081438.csv,1,1,0,0
fit:06ab469a75256944c36383c4817288da1db87343fd8245e2c210fa0583dba5c2,2025-10-11T08:12:42+00:00,342,174,122,69,7.216,91.60000000000002,18,fit:06ab469a75256944c36383c4817288da1db87343fd8245e2c210fa0583dba5c2:segment:003,3,7083.0,6833,activities/049_251011081438.csv,1,1,0,0
fit:06ab469a75256944c36383c4817288da1db87343fd8245e2c210fa0583dba5c2,2025-10-11T08:12:43+00:00,343,200,122,70,7.438,91.60000000000002,18,fit:06ab469a75256944c36383c4817288da1db87343fd8245e2c210fa0583dba5c2:segment:003,3,7084.0,6834,activities/049_251011081438.csv,1,1,0,0
fit:06ab469a75256944c36383c4817288da1db87343fd8245e2c210fa0583dba5c2,2025-10-11T08:12:44+00:00,344,213,123,70,7.603,91.60000000000002,18,fit:06ab469a75256944c36383c4817288da1db87343fd8245e2c210fa0583dba5c2:segment:003,3,7085.0,6835,activities/049_251011081438.csv,1,1,0,0
fit:06ab469a75256944c36383c4817288da1db87343fd8245e2c210fa0583dba5c2,2025-10-11T08:12:45+00:00,345,276,124,70,7.539,91.60000000000002,18,fit:06ab469a75256944c36383c4817288da1db87343fd8245e2c210fa0583dba5c2:segment:003,3,7086.0,6836,activities/049_251011081438.csv,1,1,0,0
fit:06ab469a75256944c36383c4817288da1db87343fd8245e2c210fa0583dba5c2,2025-10-11T08:12:46+00:00,346,243,124,70,7.709,91.79999999999995,18,fit:06ab469a75256944c36383c4817288da1db87343fd8245e2c210fa0583dba5c2:segment:003,3,7087.0,6837,activities/049_251011081438.csv,1,1,0,0
fit:06ab469a75256944c36383c4817288da1db87343fd8245e2c210fa0583dba5c2,2025-10-11T08:12:47+00:00,347,230,124,71,7.731,91.79999999999995,18,fit:06ab469a75256944c36383c4817288da1db87343fd8245e2c210fa0583dba5c2:segment:003,3,7088.0,6838,activities/049_251011081438.csv,1,1,0,0
fit:06ab469a75256944c36383c4817288da1db87343fd8245e2c210fa0583dba5c2,2025-10-11T08:12:48+00:00,348,221,126,72,7.874,91.79999999999995,18,fit:06ab469a75256944c36383c4817288da1db87343fd8245e2c210fa0583dba5c2:segment:003,3,7089.0,6839,activities/049_251011081438.csv,1,1,0,0
fit:06ab469a75256944c36383c4817288da1db87343fd8245e2c210fa0583dba5c2,2025-10-11T08:12:49+00:00,349,258,126,73,7.902,91.79999999999995,18,fit:06ab469a75256944c36383c4817288da1db87343fd8245e2c210fa0583dba5c2:segment:003,3,7090.0,6840,activities/049_251011081438.csv,1,1,0,0
fit:06ab469a75256944c36383c4817288da1db87343fd8245e2c210fa0583dba5c2,2025-10-11T08:12:50+00:00,350,281,127,73,7.97,91.60000000000002,18,fit:06ab469a75256944c36383c4817288da1db87343fd8245e2c210fa0583dba5c2:segment:003,3,7091.0,6841,activities/049_251011081438.csv,1,1,0,0
fit:06ab469a75256944c36383c4817288da1db87343fd8245e2c210fa0583dba5c2,2025-10-11T08:12:51+00:00,351,245,128,75,8.053,91.60000000000002,18,fit:06ab469a75256944c36383c4817288da1db87343fd8245e2c210fa0583dba5c2:segment:003,3,7092.0,6842,activities/049_251011081438.csv,1,1,0,0
fit:06ab469a75256944c36383c4817288da1db87343fd8245e2c210fa0583dba5c2,2025-10-11T08:12:52+00:00,352,200,130,76,8.182,91.60000000000002,18,fit:06ab469a75256944c36383c4817288da1db87343fd8245e2c210fa0583dba5c2:segment:003,3,7093.0,6843,activities/049_251011081438.csv,1,1,0,0
fit:06ab469a75256944c36383c4817288da1db87343fd8245e2c210fa0583dba5c2,2025-10-11T08:12:53+00:00,353,223,130,77,8.333,91.60000000000002,18,fit:06ab469a75256944c36383c4817288da1db87343fd8245e2c210fa0583dba5c2:segment:003,3,7094.0,6844,activities/049_251011081438.csv,1,1,0,0
fit:06ab469a75256944c36383c4817288da1db87343fd8245e2c210fa0583dba5c2,2025-10-11T08:12:54+00:00,354,223,131,77,8.384,91.0,18,fit:06ab469a75256944c36383c4817288da1db87343fd8245e2c210fa0583dba5c2:segment:003,3,7095.0,6845,activities/049_251011081438.csv,1,1,0,0
fit:06ab469a75256944c36383c4817288da1db87343fd8245e2c210fa0583dba5c2,2025-10-11T08:12:55+00:00,355,249,133,77,8.365,91.0,18,fit:06ab469a75256944c36383c4817288da1db87343fd8245e2c210fa0583dba5c2:segment:003,3,7096.0,6846,activities/049_251011081438.csv,1,1,0,0
fit:06ab469a75256944c36383c4817288da1db87343fd8245e2c210fa0583dba5c2,2025-10-11T08:12:56+00:00,356,226,133,77,8.35,91.0,18,fit:06ab469a75256944c36383c4817288da1db87343fd8245e2c210fa0583dba5c2:segment:003,3,7097.0,6847,activities/049_251011081438.csv,1,1,0,0
fit:06ab469a75256944c36383c4817288da1db87343fd8245e2c210fa0583dba5c2,2025-10-11T08:12:57+00:00,357,208,134,77,8.386,91.79999999999995,18,fit:06ab469a75256944c36383c4817288da1db87343fd8245e2c210fa0583dba5c2:segment:003,3,7098.0,6848,activities/049_251011081438.csv,1,1,0,0
fit:06ab469a75256944c36383c4817288da1db87343fd8245e2c210fa0583dba5c2,2025-10-11T08:12:58+00:00,358,233,135,77,8.434,92.39999999999998,18,fit:06ab469a75256944c36383c4817288da1db87343fd8245e2c210fa0583dba5c2:segment:003,3,7099.0,6849,activities/049_251011081438.csv,1,1,0,0
fit:06ab469a75256944c36383c4817288da1db87343fd8245e2c210fa0583dba5c2,2025-10-11T08:12:59+00:00,359,226,136,77,8.412,92.39999999999998,18,fit:06ab469a75256944c36383c4817288da1db87343fd8245e2c210fa0583dba5c2:segment:003,3,7100.0,6850,activities/049_251011081438.csv,1,1,0,0
fit:06ab469a75256944c36383c4817288da1db87343fd8245e2c210fa0583dba5c2,2025-10-11T08:13:00+00:00,360,206,137,77,8.447,92.39999999999998,18,fit:06ab469a75256944c36383c4817288da1db87343fd8245e2c210fa0583dba5c2:segment:003,3,7101.0,6851,activities/049_251011081438.csv,1,1,0,0
fit:06ab469a75256944c36383c4817288da1db87343fd8245e2c210fa0583dba5c2,2025-10-11T08:13:01+00:00,361,215,137,77,8.507,91.79999999999995,18,fit:06ab469a75256944c36383c4817288da1db87343fd8245e2c210fa0583dba5c2:segment:003,3,7102.0,6852,activities/049_251011081438.csv,1,1,0,0
fit:06ab469a75256944c36383c4817288da1db87343fd8245e2c210fa0583dba5c2,2025-10-11T08:13:02+00:00,362,231,139,77,8.567,91.60000000000002,18,fit:06ab469a75256944c36383c4817288da1db87343fd8245e2c210fa0583dba5c2:segment:003,3,7103.0,6853,activities/049_251011081438.csv,1,1,0,0
fit:06ab469a75256944c36383c4817288da1db87343fd8245e2c210fa0583dba5c2,2025-10-11T08:13:03+00:00,363,225,139,77,8.558,91.60000000000002,18,fit:06ab469a75256944c36383c4817288da1db87343fd8245e2c210fa0583dba5c2:segment:003,3,7104.0,6854,activities/049_251011081438.csv,1,1,0,0
fit:06ab469a75256944c36383c4817288da1db87343fd8245e2c210fa0583dba5c2,2025-10-11T08:13:04+00:00,364,204,140,78,8.566,91.60000000000002,18,fit:06ab469a75256944c36383c4817288da1db87343fd8245e2c210fa0583dba5c2:segment:003,3,7105.0,6855,activities/049_251011081438.csv,1,1,0,0
fit:06ab469a75256944c36383c4817288da1db87343fd8245e2c210fa0583dba5c2,2025-10-11T08:13:05+00:00,365,208,140,78,8.613,91.60000000000002,18,fit:06ab469a75256944c36383c4817288da1db87343fd8245e2c210fa0583dba5c2:segment:003,3,7106.0,6856,activities/049_251011081438.csv,1,1,0,0
fit:06ab469a75256944c36383c4817288da1db87343fd8245e2c210fa0583dba5c2,2025-10-11T08:13:06+00:00,366,219,140,78,8.643,91.60000000000002,18,fit:06ab469a75256944c36383c4817288da1db87343fd8245e2c210fa0583dba5c2:segment:003,3,7107.0,6857,activities/049_251011081438.csv,1,1,0,0
fit:06ab469a75256944c36383c4817288da1db87343fd8245e2c210fa0583dba5c2,2025-10-11T08:13:07+00:00,367,207,140,77,8.619,91.60000000000002,18,fit:06ab469a75256944c36383c4817288da1db87343fd8245e2c210fa0583dba5c2:segment:003,3,7108.0,6858,activities/049_251011081438.csv,1,1,0,0
fit:06ab469a75256944c36383c4817288da1db87343fd8245e2c210fa0583dba5c2,2025-10-11T08:13:08+00:00,368,196,140,77,8.604,91.60000000000002,18,fit:06ab469a75256944c36383c4817288da1db87343fd8245e2c210fa0583dba5c2:segment:003,3,7109.0,6859,activities/049_251011081438.csv,1,1,0,0
fit:06ab469a75256944c36383c4817288da1db87343fd8245e2c210fa0583dba5c2,2025-10-11T08:13:09+00:00,369,185,140,77,8.486,91.60000000000002,18,fit:06ab469a75256944c36383c4817288da1db87343fd8245e2c210fa0583dba5c2:segment:003,3,7110.0,6860,activities/049_251011081438.csv,1,1,0,0
fit:06ab469a75256944c36383c4817288da1db87343fd8245e2c210fa0583dba5c2,2025-10-11T08:13:10+00:00,370,201,140,76,8.387,92.39999999999998,18,fit:06ab469a75256944c36383c4817288da1db87343fd8245e2c210fa0583dba5c2:segment:003,3,7111.0,6861,activities/049_251011081438.csv,1,1,0,0
fit:06ab469a75256944c36383c4817288da1db87343fd8245e2c210fa0583dba5c2,2025-10-11T08:13:11+00:00,371,264,140,76,8.362,92.39999999999998,18,fit:06ab469a75256944c36383c4817288da1db87343fd8245e2c210fa0583dba5c2:segment:003,3,7112.0,6862,activities/049_251011081438.csv,1,1,0,0
fit:06ab469a75256944c36383c4817288da1db87343fd8245e2c210fa0583dba5c2,2025-10-11T08:13:12+00:00,372,147,140,76,8.357,92.39999999999998,18,fit:06ab469a75256944c36383c4817288da1db87343fd8245e2c210fa0583dba5c2:segment:003,3,7113.0,6863,activities/049_251011081438.csv,1,1,0,0
fit:06ab469a75256944c36383c4817288da1db87343fd8245e2c210fa0583dba5c2,2025-10-11T08:13:13+00:00,373,147,140,77,8.39,91.79999999999995,18,fit:06ab469a75256944c36383c4817288da1db87343fd8245e2c210fa0583dba5c2:segment:003,3,7114.0,6864,activities/049_251011081438.csv,1,1,0,0
fit:06ab469a75256944c36383c4817288da1db87343fd8245e2c210fa0583dba5c2,2025-10-11T08:13:14+00:00,374,172,139,77,8.533,92.20000000000005,18,fit:06ab469a75256944c36383c4817288da1db87343fd8245e2c210fa0583dba5c2:segment:003,3,7115.0,6865,activities/049_251011081438.csv,1,1,0,0
fit:06ab469a75256944c36383c4817288da1db87343fd8245e2c210fa0583dba5c2,2025-10-11T08:13:15+00:00,375,223,139,76,8.439,92.20000000000005,18,fit:06ab469a75256944c36383c4817288da1db87343fd8245e2c210fa0583dba5c2:segment:003,3,7116.0,6866,activities/049_251011081438.csv,1,1,0,0
fit:06ab469a75256944c36383c4817288da1db87343fd8245e2c210fa0583dba5c2,2025-10-11T08:13:16+00:00,376,203,139,77,8.409,92.20000000000005,18,fit:06ab469a75256944c36383c4817288da1db87343fd8245e2c210fa0583dba5c2:segment:003,3,7117.0,6867,activities/049_251011081438.csv,1,1,0,0
fit:06ab469a75256944c36383c4817288da1db87343fd8245e2c210fa0583dba5c2,2025-10-11T08:13:17+00:00,377,199,139,78,8.408,91.60000000000002,18,fit:06ab469a75256944c36383c4817288da1db87343fd8245e2c210fa0583dba5c2:segment:003,3,7118.0,6868,activities/049_251011081438.csv,1,1,0,0
fit:06ab469a75256944c36383c4817288da1db87343fd8245e2c210fa0583dba5c2,2025-10-11T08:13:18+00:00,378,223,139,78,8.42,92.79999999999995,18,fit:06ab469a75256944c36383c4817288da1db87343fd8245e2c210fa0583dba5c2:segment:003,3,7119.0,6869,activities/049_251011081438.csv,1,1,0,0
fit:06ab469a75256944c36383c4817288da1db87343fd8245e2c210fa0583dba5c2,2025-10-11T08:13:19+00:00,379,196,139,78,8.489,92.79999999999995,18,fit:06ab469a75256944c36383c4817288da1db87343fd8245e2c210fa0583dba5c2:segment:003,3,7120.0,6870,activities/049_251011081438.csv,1,1,0,0
fit:06ab469a75256944c36383c4817288da1db87343fd8245e2c210fa0583dba5c2,2025-10-11T08:13:20+00:00,380,171,140,78,8.51,92.79999999999995,18,fit:06ab469a75256944c36383c4817288da1db87343fd8245e2c210fa0583dba5c2:segment:003,3,7121.0,6871,activities/049_251011081438.csv,1,1,0,0
fit:06ab469a75256944c36383c4817288da1db87343fd8245e2c210fa0583dba5c2,2025-10-11T08:13:21+00:00,381,182,140,77,8.475,92.79999999999995,18,fit:06ab469a75256944c36383c4817288da1db87343fd8245e2c210fa0583dba5c2:segment:003,3,7122.0,6872,activities/049_251011081438.csv,1,1,0,0
fit:06ab469a75256944c36383c4817288da1db87343fd8245e2c210fa0583dba5c2,2025-10-11T08:13:22+00:00,382,210,141,77,8.469,93.39999999999998,18,fit:06ab469a75256944c36383c4817288da1db87343fd8245e2c210fa0583dba5c2:segment:003,3,7123.0,6873,activities/049_251011081438.csv,1,1,0,0
fit:06ab469a75256944c36383c4817288da1db87343fd8245e2c210fa0583dba5c2,2025-10-11T08:13:23+00:00,383,210,141,77,8.577,93.39999999999998,18,fit:06ab469a75256944c36383c4817288da1db87343fd8245e2c210fa0583dba5c2:segment:003,3,7124.0,6874,activities/049_251011081438.csv,1,1,0,0
fit:06ab469a75256944c36383c4817288da1db87343fd8245e2c210fa0583dba5c2,2025-10-11T08:13:24+00:00,384,203,141,77,8.513,93.39999999999998,18,fit:06ab469a75256944c36383c4817288da1db87343fd8245e2c210fa0583dba5c2:segment:003,3,7125.0,6875,activities/049_251011081438.csv,1,1,0,0
fit:06ab469a75256944c36383c4817288da1db87343fd8245e2c210fa0583dba5c2,2025-10-11T08:13:25+00:00,385,227,141,77,8.489,92.39999999999998,18,fit:06ab469a75256944c36383c4817288da1db87343fd8245e2c210fa0583dba5c2:segment:003,3,7126.0,6876,activities/049_251011081438.csv,1,1,0,0
fit:06ab469a75256944c36383c4817288da1db87343fd8245e2c210fa0583dba5c2,2025-10-11T08:13:26+00:00,386,218,142,77,8.482,92.39999999999998,18,fit:06ab469a75256944c36383c4817288da1db87343fd8245e2c210fa0583dba5c2:segment:003,3,7127.0,6877,activities/049_251011081438.csv,1,1,0,0
fit:06ab469a75256944c36383c4817288da1db87343fd8245e2c210fa0583dba5c2,2025-10-11T08:13:27+00:00,387,210,142,76,8.48,92.39999999999998,18,fit:06ab469a75256944c36383c4817288da1db87343fd8245e2c210fa0583dba5c2:segment:003,3,7128.0,6878,activities/049_251011081438.csv,1,1,0,0
fit:06ab469a75256944c36383c4817288da1db87343fd8245e2c210fa0583dba5c2,2025-10-11T08:13:28+00:00,388,210,142,76,8.457,92.39999999999998,18,fit:06ab469a75256944c36383c4817288da1db87343fd8245e2c210fa0583dba5c2:segment:003,3,7129.0,6879,activities/049_251011081438.csv,1,1,0,0
fit:06ab469a75256944c36383c4817288da1db87343fd8245e2c210fa0583dba5c2,2025-10-11T08:13:29+00:00,389,218,142,76,8.511,92.39999999999998,18,fit:06ab469a75256944c36383c4817288da1db87343fd8245e2c210fa0583dba5c2:segment:003,3,7130.0,6880,activities/049_251011081438.csv,1,1,0,0
fit:06ab469a75256944c36383c4817288da1db87343fd8245e2c210fa0583dba5c2,2025-10-11T08:13:30+00:00,390,146,143,77,8.441,92.60000000000002,18,fit:06ab469a75256944c36383c4817288da1db87343fd8245e2c210fa0583dba5c2:segment:003,3,7131.0,6881,activities/049_251011081438.csv,1,1,0,0
fit:06ab469a75256944c36383c4817288da1db87343fd8245e2c210fa0583dba5c2,2025-10-11T08:13:31+00:00,391,242,143,83,8.395,92.60000000000002,18,fit:06ab469a75256944c36383c4817288da1db87343fd8245e2c210fa0583dba5c2:segment:003,3,7132.0,6882,activities/049_251011081438.csv,1,1,0,0
fit:06ab469a75256944c36383c4817288da1db87343fd8245e2c210fa0583dba5c2,2025-10-11T08:13:32+00:00,392,253,143,83,8.325,92.60000000000002,18,fit:06ab469a75256944c36383c4817288da1db87343fd8245e2c210fa0583dba5c2:segment:003,3,7133.0,6883,activities/049_251011081438.csv,1,1,0,0
fit:06ab469a75256944c36383c4817288da1db87343fd8245e2c210fa0583dba5c2,2025-10-11T08:13:33+00:00,393,283,143,83,8.266,92.60000000000002,18,fit:06ab469a75256944c36383c4817288da1db87343fd8245e2c210fa0583dba5c2:segment:003,3,7134.0,6884,activities/049_251011081438.csv,1,1,0,0
fit:06ab469a75256944c36383c4817288da1db87343fd8245e2c210fa0583dba5c2,2025-10-11T08:13:34+00:00,394,230,143,84,8.218,92.39999999999998,18,fit:06ab469a75256944c36383c4817288da1db87343fd8245e2c210fa0583dba5c2:segment:003,3,7135.0,6885,activities/049_251011081438.csv,1,1,0,0
fit:06ab469a75256944c36383c4817288da1db87343fd8245e2c210fa0583dba5c2,2025-10-11T08:13:35+00:00,395,256,143,84,8.207,92.39999999999998,18,fit:06ab469a75256944c36383c4817288da1db87343fd8245e2c210fa0583dba5c2:segment:003,3,7136.0,6886,activities/049_251011081438.csv,1,1,0,0
fit:06ab469a75256944c36383c4817288da1db87343fd8245e2c210fa0583dba5c2,2025-10-11T08:13:36+00:00,396,250,142,84,8.257,92.39999999999998,18,fit:06ab469a75256944c36383c4817288da1db87343fd8245e2c210fa0583dba5c2:segment:003,3,7137.0,6887,activities/049_251011081438.csv,1,1,0,0
fit:06ab469a75256944c36383c4817288da1db87343fd8245e2c210fa0583dba5c2,2025-10-11T08:13:37+00:00,397,229,142,84,8.307,92.79999999999995,18,fit:06ab469a75256944c36383c4817288da1db87343fd8245e2c210fa0583dba5c2:segment:003,3,7138.0,6888,activities/049_251011081438.csv,1,1,0,0
fit:06ab469a75256944c36383c4817288da1db87343fd8245e2c210fa0583dba5c2,2025-10-11T08:13:38+00:00,398,229,142,84,8.305,93.60000000000002,18,fit:06ab469a75256944c36383c4817288da1db87343fd8245e2c210fa0583dba5c2:segment:003,3,7139.0,6889,activities/049_251011081438.csv,1,1,0,0
fit:06ab469a75256944c36383c4817288da1db87343fd8245e2c210fa0583dba5c2,2025-10-11T08:13:39+00:00,399,186,141,84,8.32,93.60000000000002,18,fit:06ab469a75256944c36383c4817288da1db87343fd8245e2c210fa0583dba5c2:segment:003,3,7140.0,6890,activities/049_251011081438.csv,1,1,0,0
fit:06ab469a75256944c36383c4817288da1db87343fd8245e2c210fa0583dba5c2,2025-10-11T08:13:40+00:00,400,222,141,84,8.279,93.60000000000002,18,fit:06ab469a75256944c36383c4817288da1db87343fd8245e2c210fa0583dba5c2:segment:003,3,7141.0,6891,activities/049_251011081438.csv,1,1,0,0
fit:06ab469a75256944c36383c4817288da1db87343fd8245e2c210fa0583dba5c2,2025-10-11T08:13:41+00:00,401,222,141,84,8.316,93.60000000000002,18,fit:06ab469a75256944c36383c4817288da1db87343fd8245e2c210fa0583dba5c2:segment:003,3,7142.0,6892,activities/049_251011081438.csv,1,1,0,0
fit:06ab469a75256944c36383c4817288da1db87343fd8245e2c210fa0583dba5c2,2025-10-11T08:13:42+00:00,402,250,142,84,8.326,92.79999999999995,18,fit:06ab469a75256944c36383c4817288da1db87343fd8245e2c210fa0583dba5c2:segment:003,3,7143.0,6893,activities/049_251011081438.csv,1,1,0,0
fit:06ab469a75256944c36383c4817288da1db87343fd8245e2c210fa0583dba5c2,2025-10-11T08:13:43+00:00,403,232,142,86,8.321,92.79999999999995,18,fit:06ab469a75256944c36383c4817288da1db87343fd8245e2c210fa0583dba5c2:segment:003,3,7144.0,6894,activities/049_251011081438.csv,1,1,0,0
fit:06ab469a75256944c36383c4817288da1db87343fd8245e2c210fa0583dba5c2,2025-10-11T08:13:44+00:00,404,208,142,86,8.431,92.79999999999995,18,fit:06ab469a75256944c36383c4817288da1db87343fd8245e2c210fa0583dba5c2:segment:003,3,7145.0,6895,activities/049_251011081438.csv,1,1,0,0
fit:06ab469a75256944c36383c4817288da1db87343fd8245e2c210fa0583dba5c2,2025-10-11T08:13:45+00:00,405,193,142,86,8.485,93.79999999999995,18,fit:06ab469a75256944c36383c4817288da1db87343fd8245e2c210fa0583dba5c2:segment:003,3,7146.0,6896,activities/049_251011081438.csv,1,1,0,0
fit:06ab469a75256944c36383c4817288da1db87343fd8245e2c210fa0583dba5c2,2025-10-11T08:13:46+00:00,406,208,142,86,8.572,93.39999999999998,18,fit:06ab469a75256944c36383c4817288da1db87343fd8245e2c210fa0583dba5c2:segment:003,3,7147.0,6897,activities/049_251011081438.csv,1,1,0,0
fit:06ab469a75256944c36383c4817288da1db87343fd8245e2c210fa0583dba5c2,2025-10-11T08:13:47+00:00,407,237,142,86,8.545,93.39999999999998,18,fit:06ab469a75256944c36383c4817288da1db87343fd8245e2c210fa0583dba5c2:segment:003,3,7148.0,6898,activities/049_251011081438.csv,1,1,0,0
fit:06ab469a75256944c36383c4817288da1db87343fd8245e2c210fa0583dba5c2,2025-10-11T08:13:48+00:00,408,237,142,86,8.522,93.39999999999998,18,fit:06ab469a75256944c36383c4817288da1db87343fd8245e2c210fa0583dba5c2:segment:003,3,7149.0,6899,activities/049_251011081438.csv,1,1,0,0
fit:06ab469a75256944c36383c4817288da1db87343fd8245e2c210fa0583dba5c2,2025-10-11T08:13:49+00:00,409,196,143,86,8.541,94.39999999999998,18,fit:06ab469a75256944c36383c4817288da1db87343fd8245e2c210fa0583dba5c2:segment:003,3,7150.0,6900,activities/049_251011081438.csv,1,1,0,0
fit:06ab469a75256944c36383c4817288da1db87343fd8245e2c210fa0583dba5c2,2025-10-11T08:13:50+00:00,410,214,143,86,8.574,94.39999999999998,18,fit:06ab469a75256944c36383c4817288da1db87343fd8245e2c210fa0583dba5c2:segment:003,3,7151.0,6901,activities/049_251011081438.csv,1,1,0,0
fit:06ab469a75256944c36383c4817288da1db87343fd8245e2c210fa0583dba5c2,2025-10-11T08:13:51+00:00,411,226,143,86,8.54,94.39999999999998,18,fit:06ab469a75256944c36383c4817288da1db87343fd8245e2c210fa0583dba5c2:segment:003,3,7152.0,6902,activities/049_251011081438.csv,1,1,0,0
fit:06ab469a75256944c36383c4817288da1db87343fd8245e2c210fa0583dba5c2,2025-10-11T08:13:52+00:00,412,172,143,86,8.529,94.39999999999998,18,fit:06ab469a75256944c36383c4817288da1db87343fd8245e2c210fa0583dba5c2:segment:003,3,7153.0,6903,activities/049_251011081438.csv,1,1,0,0
fit:06ab469a75256944c36383c4817288da1db87343fd8245e2c210fa0583dba5c2,2025-10-11T08:13:53+00:00,413,210,143,86,8.563,94.39999999999998,18,fit:06ab469a75256944c36383c4817288da1db87343fd8245e2c210fa0583dba5c2:segment:003,3,7154.0,6904,activities/049_251011081438.csv,1,1,0,0
fit:06ab469a75256944c36383c4817288da1db87343fd8245e2c210fa0583dba5c2,2025-10-11T08:13:54+00:00,414,264,143,86,8.515,94.60000000000002,18,fit:06ab469a75256944c36383c4817288da1db87343fd8245e2c210fa0583dba5c2:segment:003,3,7155.0,6905,activities/049_251011081438.csv,1,1,0,0
fit:06ab469a75256944c36383c4817288da1db87343fd8245e2c210fa0583dba5c2,2025-10-11T08:13:55+00:00,415,237,142,86,8.452,94.60000000000002,18,fit:06ab469a75256944c36383c4817288da1db87343fd8245e2c210fa0583dba5c2:segment:003,3,7156.0,6906,activities/049_251011081438.csv,1,1,0,0
fit:06ab469a75256944c36383c4817288da1db87343fd8245e2c210fa0583dba5c2,2025-10-11T08:13:56+00:00,416,214,142,87,8.48,94.60000000000002,18,fit:06ab469a75256944c36383c4817288da1db87343fd8245e2c210fa0583dba5c2:segment:003,3,7157.0,6907,activities/049_251011081438.csv,1,1,0,0
fit:06ab469a75256944c36383c4817288da1db87343fd8245e2c210fa0583dba5c2,2025-10-11T08:13:57+00:00,417,296,142,87,8.533,94.60000000000002,18,fit:06ab469a75256944c36383c4817288da1db87343fd8245e2c210fa0583dba5c2:segment:003,3,7158.0,6908,activities/049_251011081438.csv,1,1,0,0
fit:06ab469a75256944c36383c4817288da1db87343fd8245e2c210fa0583dba5c2,2025-10-11T08:13:58+00:00,418,212,142,88,8.502,93.60000000000002,18,fit:06ab469a75256944c36383c4817288da1db87343fd8245e2c210fa0583dba5c2:segment:003,3,7159.0,6909,activities/049_251011081438.csv,1,1,0,0
fit:06ab469a75256944c36383c4817288da1db87343fd8245e2c210fa0583dba5c2,2025-10-11T08:13:59+00:00,419,81,142,85,8.624,93.60000000000002,18,fit:06ab469a75256944c36383c4817288da1db87343fd8245e2c210fa0583dba5c2:segment:003,3,7160.0,6910,activities/049_251011081438.csv,1,1,0,0
fit:06ab469a75256944c36383c4817288da1db87343fd8245e2c210fa0583dba5c2,2025-10-11T08:14:00+00:00,420,307,142,79,8.621,93.60000000000002,18,fit:06ab469a75256944c36383c4817288da1db87343fd8245e2c210fa0583dba5c2:segment:003,3,7161.0,6911,activities/049_251011081438.csv,1,1,0,0
fit:06ab469a75256944c36383c4817288da1db87343fd8245e2c210fa0583dba5c2,2025-10-11T08:14:01+00:00,421,243,142,79,8.626,94.60000000000002,18,fit:06ab469a75256944c36383c4817288da1db87343fd8245e2c210fa0583dba5c2:segment:003,3,7162.0,6912,activities/049_251011081438.csv,1,1,0,0
fit:06ab469a75256944c36383c4817288da1db87343fd8245e2c210fa0583dba5c2,2025-10-11T08:14:02+00:00,422,221,143,80,8.658,94.20000000000005,18,fit:06ab469a75256944c36383c4817288da1db87343fd8245e2c210fa0583dba5c2:segment:003,3,7163.0,6913,activities/049_251011081438.csv,1,1,0,0
fit:06ab469a75256944c36383c4817288da1db87343fd8245e2c210fa0583dba5c2,2025-10-11T08:14:03+00:00,423,223,143,79,8.685,94.20000000000005,18,fit:06ab469a75256944c36383c4817288da1db87343fd8245e2c210fa0583dba5c2:segment:003,3,7164.0,6914,activities/049_251011081438.csv,1,1,0,0
fit:06ab469a75256944c36383c4817288da1db87343fd8245e2c210fa0583dba5c2,2025-10-11T08:14:04+00:00,424,233,143,79,8.696,94.20000000000005,18,fit:06ab469a75256944c36383c4817288da1db87343fd8245e2c210fa0583dba5c2:segment:003,3,7165.0,6915,activities/049_251011081438.csv,1,1,0,0
fit:06ab469a75256944c36383c4817288da1db87343fd8245e2c210fa0583dba5c2,2025-10-11T08:14:05+00:00,425,243,143,78,8.635,94.20000000000005,18,fit:06ab469a75256944c36383c4817288da1db87343fd8245e2c210fa0583dba5c2:segment:003,3,7166.0,6916,activities/049_251011081438.csv,1,1,0,0
fit:06ab469a75256944c36383c4817288da1db87343fd8245e2c210fa0583dba5c2,2025-10-11T08:14:06+00:00,426,233,143,79,8.529,95.0,18,fit:06ab469a75256944c36383c4817288da1db87343fd8245e2c210fa0583dba5c2:segment:003,3,7167.0,6917,activities/049_251011081438.csv,1,1,0,0
fit:06ab469a75256944c36383c4817288da1db87343fd8245e2c210fa0583dba5c2,2025-10-11T08:14:07+00:00,427,186,143,79,8.575,95.0,18,fit:06ab469a75256944c36383c4817288da1db87343fd8245e2c210fa0583dba5c2:segment:003,3,7168.0,6918,activities/049_251011081438.csv,1,1,0,0
fit:06ab469a75256944c36383c4817288da1db87343fd8245e2c210fa0583dba5c2,2025-10-11T08:14:08+00:00,428,184,143,78,8.6,95.0,18,fit:06ab469a75256944c36383c4817288da1db87343fd8245e2c210fa0583dba5c2:segment:003,3,7169.0,6919,activities/049_251011081438.csv,1,1,0,0
fit:06ab469a75256944c36383c4817288da1db87343fd8245e2c210fa0583dba5c2,2025-10-11T08:14:09+00:00,429,174,144,78,8.589,95.0,18,fit:06ab469a75256944c36383c4817288da1db87343fd8245e2c210fa0583dba5c2:segment:003,3,7170.0,6920,activities/049_251011081438.csv,1,1,0,0
fit:06ab469a75256944c36383c4817288da1db87343fd8245e2c210fa0583dba5c2,2025-10-11T08:14:10+00:00,430,220,144,77,8.538,95.20000000000005,18,fit:06ab469a75256944c36383c4817288da1db87343fd8245e2c210fa0583dba5c2:segment:003,3,7171.0,6921,activities/049_251011081438.csv,1,1,0,0
fit:06ab469a75256944c36383c4817288da1db87343fd8245e2c210fa0583dba5c2,2025-10-11T08:14:11+00:00,431,255,144,77,8.546,95.20000000000005,18,fit:06ab469a75256944c36383c4817288da1db87343fd8245e2c210fa0583dba5c2:segment:003,3,7172.0,6922,activities/049_251011081438.csv,1,1,0,0
fit:06ab469a75256944c36383c4817288da1db87343fd8245e2c210fa0583dba5c2,2025-10-11T08:14:12+00:00,432,237,144,77,8.567,95.20000000000005,18,fit:06ab469a75256944c36383c4817288da1db87343fd8245e2c210fa0583dba5c2:segment:003,3,7173.0,6923,activities/049_251011081438.csv,1,1,0,0
fit:06ab469a75256944c36383c4817288da1db87343fd8245e2c210fa0583dba5c2,2025-10-11T08:14:13+00:00,433,219,144,77,8.569,94.20000000000005,18,fit:06ab469a75256944c36383c4817288da1db87343fd8245e2c210fa0583dba5c2:segment:003,3,7174.0,6924,activities/049_251011081438.csv,1,1,0,0
fit:06ab469a75256944c36383c4817288da1db87343fd8245e2c210fa0583dba5c2,2025-10-11T08:14:14+00:00,434,238,145,76,8.579,95.20000000000005,18,fit:06ab469a75256944c36383c4817288da1db87343fd8245e2c210fa0583dba5c2:segment:003,3,7175.0,6925,activities/049_251011081438.csv,1,1,0,0
fit:06ab469a75256944c36383c4817288da1db87343fd8245e2c210fa0583dba5c2,2025-10-11T08:14:15+00:00,435,328,145,80,8.517,95.20000000000005,18,fit:06ab469a75256944c36383c4817288da1db87343fd8245e2c210fa0583dba5c2:segment:003,3,7176.0,6926,activities/049_251011081438.csv,1,1,0,0
fit:06ab469a75256944c36383c4817288da1db87343fd8245e2c210fa0583dba5c2,2025-10-11T08:14:16+00:00,436,303,145,85,8.489,95.20000000000005,18,fit:06ab469a75256944c36383c4817288da1db87343fd8245e2c210fa0583dba5c2:segment:003,3,7177.0,6927,activities/049_251011081438.csv,1,1,0,0
fit:06ab469a75256944c36383c4817288da1db87343fd8245e2c210fa0583dba5c2,2025-10-11T08:14:17+00:00,437,303,145,85,8.469,95.20000000000005,18,fit:06ab469a75256944c36383c4817288da1db87343fd8245e2c210fa0583dba5c2:segment:003,3,7178.0,6928,activities/049_251011081438.csv,1,1,0,0
fit:06ab469a75256944c36383c4817288da1db87343fd8245e2c210fa0583dba5c2,2025-10-11T08:14:18+00:00,438,254,145,85,8.369,95.20000000000005,18,fit:06ab469a75256944c36383c4817288da1db87343fd8245e2c210fa0583dba5c2:segment:003,3,7179.0,6929,activities/049_251011081438.csv,1,1,0,0
fit:06ab469a75256944c36383c4817288da1db87343fd8245e2c210fa0583dba5c2,2025-10-11T08:14:19+00:00,439,215,146,84,8.32,95.20000000000005,18,fit:06ab469a75256944c36383c4817288da1db87343fd8245e2c210fa0583dba5c2:segment:003,3,7180.0,6930,activities/049_251011081438.csv,1,1,0,0
fit:06ab469a75256944c36383c4817288da1db87343fd8245e2c210fa0583dba5c2,2025-10-11T08:14:20+00:00,440,225,146,84,8.322,95.20000000000005,18,fit:06ab469a75256944c36383c4817288da1db87343fd8245e2c210fa0583dba5c2:segment:003,3,7181.0,6931,activities/049_251011081438.csv,1,1,0,0
fit:06ab469a75256944c36383c4817288da1db87343fd8245e2c210fa0583dba5c2,2025-10-11T08:14:21+00:00,441,248,146,84,8.318,95.20000000000005,18,fit:06ab469a75256944c36383c4817288da1db87343fd8245e2c210fa0583dba5c2:segment:003,3,7182.0,6932,activities/049_251011081438.csv,1,1,0,0
fit:06ab469a75256944c36383c4817288da1db87343fd8245e2c210fa0583dba5c2,2025-10-11T08:14:22+00:00,442,262,146,84,8.334,95.20000000000005,18,fit:06ab469a75256944c36383c4817288da1db87343fd8245e2c210fa0583dba5c2:segment:003,3,7183.0,6933,activities/049_251011081438.csv,1,1,0,0
fit:06ab469a75256944c36383c4817288da1db87343fd8245e2c210fa0583dba5c2,2025-10-11T08:14:23+00:00,443,277,146,84,8.288,95.79999999999995,18,fit:06ab469a75256944c36383c4817288da1db87343fd8245e2c210fa0583dba5c2:segment:003,3,7184.0,6934,activities/049_251011081438.csv,1,1,0,0
fit:06ab469a75256944c36383c4817288da1db87343fd8245e2c210fa0583dba5c2,2025-10-11T08:14:24+00:00,444,247,146,84,8.278,95.79999999999995,18,fit:06ab469a75256944c36383c4817288da1db87343fd8245e2c210fa0583dba5c2:segment:003,3,7185.0,6935,activities/049_251011081438.csv,1,1,0,0
fit:06ab469a75256944c36383c4817288da1db87343fd8245e2c210fa0583dba5c2,2025-10-11T08:14:25+00:00,445,249,146,84,8.235,95.79999999999995,18,fit:06ab469a75256944c36383c4817288da1db87343fd8245e2c210fa0583dba5c2:segment:003,3,7186.0,6936,activities/049_251011081438.csv,1,1,0,0
fit:06ab469a75256944c36383c4817288da1db87343fd8245e2c210fa0583dba5c2,2025-10-11T08:14:26+00:00,446,253,146,84,8.223,95.79999999999995,18,fit:06ab469a75256944c36383c4817288da1db87343fd8245e2c210fa0583dba5c2:segment:003,3,7187.0,6937,activities/049_251011081438.csv,1,1,0,0
fit:06ab469a75256944c36383c4817288da1db87343fd8245e2c210fa0583dba5c2,2025-10-11T08:14:27+00:00,447,254,147,84,8.278,96.20000000000005,18,fit:06ab469a75256944c36383c4817288da1db87343fd8245e2c210fa0583dba5c2:segment:003,3,7188.0,6938,activities/049_251011081438.csv,1,1,0,0
fit:06ab469a75256944c36383c4817288da1db87343fd8245e2c210fa0583dba5c2,2025-10-11T08:14:28+00:00,448,260,147,85,8.287,96.20000000000005,18,fit:06ab469a75256944c36383c4817288da1db87343fd8245e2c210fa0583dba5c2:segment:003,3,7189.0,6939,activities/049_251011081438.csv,1,1,0,0
fit:06ab469a75256944c36383c4817288da1db87343fd8245e2c210fa0583dba5c2,2025-10-11T08:14:29+00:00,449,226,148,85,8.353,96.20000000000005,18,fit:06ab469a75256944c36383c4817288da1db87343fd8245e2c210fa0583dba5c2:segment:003,3,7190.0,6940,activities/049_251011081438.csv,1,1,0,0
fit:06ab469a75256944c36383c4817288da1db87343fd8245e2c210fa0583dba5c2,2025-10-11T08:14:30+00:00,450,271,148,85,8.409,96.20000000000005,18,fit:06ab469a75256944c36383c4817288da1db87343fd8245e2c210fa0583dba5c2:segment:003,3,7191.0,6941,activities/049_251011081438.csv,1,1,0,0
fit:06ab469a75256944c36383c4817288da1db87343fd8245e2c210fa0583dba5c2,2025-10-11T08:14:31+00:00,451,261,148,85,8.405,97.20000000000005,18,fit:06ab469a75256944c36383c4817288da1db87343fd8245e2c210fa0583dba5c2:segment:003,3,7192.0,6942,activities/049_251011081438.csv,1,1,0,0
fit:06ab469a75256944c36383c4817288da1db87343fd8245e2c210fa0583dba5c2,2025-10-11T08:14:32+00:00,452,245,149,85,8.326,97.20000000000005,18,fit:06ab469a75256944c36383c4817288da1db87343fd8245e2c210fa0583dba5c2:segment:003,3,7193.0,6943,activities/049_251011081438.csv,1,1,0,0
fit:06ab469a75256944c36383c4817288da1db87343fd8245e2c210fa0583dba5c2,2025-10-11T08:14:33+00:00,453,268,149,85,8.378,97.20000000000005,18,fit:06ab469a75256944c36383c4817288da1db87343fd8245e2c210fa0583dba5c2:segment:003,3,7194.0,6944,activities/049_251011081438.csv,1,1,0,0
fit:06ab469a75256944c36383c4817288da1db87343fd8245e2c210fa0583dba5c2,2025-10-11T08:14:34+00:00,454,218,149,85,8.442,96.20000000000005,18,fit:06ab469a75256944c36383c4817288da1db87343fd8245e2c210fa0583dba5c2:segment:003,3,7195.0,6945,activities/049_251011081438.csv,1,1,0,0
fit:06ab469a75256944c36383c4817288da1db87343fd8245e2c210fa0583dba5c2,2025-10-11T08:14:35+00:00,455,244,150,85,8.437,96.20000000000005,18,fit:06ab469a75256944c36383c4817288da1db87343fd8245e2c210fa0583dba5c2:segment:003,3,7196.0,6946,activities/049_251011081438.csv,1,1,0,0
fit:06ab469a75256944c36383c4817288da1db87343fd8245e2c210fa0583dba5c2,2025-10-11T08:14:36+00:00,456,209,150,86,8.402,96.20000000000005,18,fit:06ab469a75256944c36383c4817288da1db87343fd8245e2c210fa0583dba5c2:segment:003,3,7197.0,6947,activities/049_251011081438.csv,1,1,0,0
fit:06ab469a75256944c36383c4817288da1db87343fd8245e2c210fa0583dba5c2,2025-10-11T08:14:37+00:00,457,248,150,86,8.44,96.20000000000005,18,fit:06ab469a75256944c36383c4817288da1db87343fd8245e2c210fa0583dba5c2:segment:003,3,7198.0,6948,activities/049_251011081438.csv,1,1,0,0
fit:06ab469a75256944c36383c4817288da1db87343fd8245e2c210fa0583dba5c2,2025-10-11T08:14:38+00:00,458,261,151,86,8.408,96.20000000000005,18,fit:06ab469a75256944c36383c4817288da1db87343fd8245e2c210fa0583dba5c2:segment:003,3,7199.0,6949,activities/049_251011081438.csv,1,1,0,0
fit:06ab469a75256944c36383c4817288da1db87343fd8245e2c210fa0583dba5c2,2025-10-11T08:14:39+00:00,459,262,151,87,8.471,97.20000000000005,18,fit:06ab469a75256944c36383c4817288da1db87343fd8245e2c210fa0583dba5c2:segment:003,3,7200.0,6950,activities/049_251011081438.csv,1,1,0,0
fit:06ab469a75256944c36383c4817288da1db87343fd8245e2c210fa0583dba5c2,2025-10-11T08:14:40+00:00,460,228,151,87,8.568,97.20000000000005,18,fit:06ab469a75256944c36383c4817288da1db87343fd8245e2c210fa0583dba5c2:segment:003,3,7201.0,6951,activities/049_251011081438.csv,1,1,0,0
fit:06ab469a75256944c36383c4817288da1db87343fd8245e2c210fa0583dba5c2,2025-10-11T08:14:41+00:00,461,257,151,87,8.503,97.20000000000005,18,fit:06ab469a75256944c36383c4817288da1db87343fd8245e2c210fa0583dba5c2:segment:003,3,7202.0,6952,activities/049_251011081438.csv,1,1,0,0
fit:06ab469a75256944c36383c4817288da1db87343fd8245e2c210fa0583dba5c2,2025-10-11T08:14:42+00:00,462,259,152,87,8.549,96.39999999999998,18,fit:06ab469a75256944c36383c4817288da1db87343fd8245e2c210fa0583dba5c2:segment:003,3,7203.0,6953,activities/049_251011081438.csv,1,1,0,0
fit:06ab469a75256944c36383c4817288da1db87343fd8245e2c210fa0583dba5c2,2025-10-11T08:14:43+00:00,463,264,152,87,8.569,97.0,18,fit:06ab469a75256944c36383c4817288da1db87343fd8245e2c210fa0583dba5c2:segment:003,3,7204.0,6954,activities/049_251011081438.csv,1,1,0,0
fit:06ab469a75256944c36383c4817288da1db87343fd8245e2c210fa0583dba5c2,2025-10-11T08:14:44+00:00,464,268,153,88,8.607,97.0,18,fit:06ab469a75256944c36383c4817288da1db87343fd8245e2c210fa0583dba5c2:segment:003,3,7205.0,6955,activities/049_251011081438.csv,1,1,0,0
fit:06ab469a75256944c36383c4817288da1db87343fd8245e2c210fa0583dba5c2,2025-10-11T08:14:45+00:00,465,260,153,88,8.706,97.0,18,fit:06ab469a75256944c36383c4817288da1db87343fd8245e2c210fa0583dba5c2:segment:003,3,7206.0,6956,activities/049_251011081438.csv,1,1,0,0
fit:06ab469a75256944c36383c4817288da1db87343fd8245e2c210fa0583dba5c2,2025-10-11T08:14:46+00:00,466,260,153,88,8.703,97.0,18,fit:06ab469a75256944c36383c4817288da1db87343fd8245e2c210fa0583dba5c2:segment:003,3,7207.0,6957,activities/049_251011081438.csv,1,1,0,0
fit:06ab469a75256944c36383c4817288da1db87343fd8245e2c210fa0583dba5c2,2025-10-11T08:14:47+00:00,467,260,153,88,8.716,96.60000000000002,18,fit:06ab469a75256944c36383c4817288da1db87343fd8245e2c210fa0583dba5c2:segment:003,3,7208.0,6958,activities/049_251011081438.csv,1,1,0,0
fit:06ab469a75256944c36383c4817288da1db87343fd8245e2c210fa0583dba5c2,2025-10-11T08:14:48+00:00,468,258,153,87,8.732,96.60000000000002,18,fit:06ab469a75256944c36383c4817288da1db87343fd8245e2c210fa0583dba5c2:segment:003,3,7209.0,6959,activities/049_251011081438.csv,1,1,0,0
fit:06ab469a75256944c36383c4817288da1db87343fd8245e2c210fa0583dba5c2,2025-10-11T08:14:49+00:00,469,261,153,87,8.678,96.60000000000002,18,fit:06ab469a75256944c36383c4817288da1db87343fd8245e2c210fa0583dba5c2:segment:003,3,7210.0,6960,activities/049_251011081438.csv,1,1,0,0
fit:06ab469a75256944c36383c4817288da1db87343fd8245e2c210fa0583dba5c2,2025-10-11T08:14:50+00:00,470,234,153,88,8.704,96.60000000000002,18,fit:06ab469a75256944c36383c4817288da1db87343fd8245e2c210fa0583dba5c2:segment:003,3,7211.0,6961,activities/049_251011081438.csv,1,1,0,0
fit:06ab469a75256944c36383c4817288da1db87343fd8245e2c210fa0583dba5c2,2025-10-11T08:14:51+00:00,471,232,153,88,8.641,96.20000000000005,18,fit:06ab469a75256944c36383c4817288da1db87343fd8245e2c210fa0583dba5c2:segment:003,3,7212.0,6962,activities/049_251011081438.csv,1,1,0,0
fit:06ab469a75256944c36383c4817288da1db87343fd8245e2c210fa0583dba5c2,2025-10-11T08:14:52+00:00,472,243,153,88,8.679,96.20000000000005,18,fit:06ab469a75256944c36383c4817288da1db87343fd8245e2c210fa0583dba5c2:segment:003,3,7213.0,6963,activities/049_251011081438.csv,1,1,0,0
fit:06ab469a75256944c36383c4817288da1db87343fd8245e2c210fa0583dba5c2,2025-10-11T08:14:53+00:00,473,227,153,87,8.612,96.20000000000005,18,fit:06ab469a75256944c36383c4817288da1db87343fd8245e2c210fa0583dba5c2:segment:003,3,7214.0,6964,activities/049_251011081438.csv,1,1,0,0
fit:06ab469a75256944c36383c4817288da1db87343fd8245e2c210fa0583dba5c2,2025-10-11T08:14:54+00:00,474,237,154,88,8.596,96.79999999999995,18,fit:06ab469a75256944c36383c4817288da1db87343fd8245e2c210fa0583dba5c2:segment:003,3,7215.0,6965,activities/049_251011081438.csv,1,1,0,0
fit:06ab469a75256944c36383c4817288da1db87343fd8245e2c210fa0583dba5c2,2025-10-11T08:14:55+00:00,475,247,154,88,8.626,97.39999999999998,18,fit:06ab469a75256944c36383c4817288da1db87343fd8245e2c210fa0583dba5c2:segment:003,3,7216.0,6966,activities/049_251011081438.csv,1,1,0,0
fit:06ab469a75256944c36383c4817288da1db87343fd8245e2c210fa0583dba5c2,2025-10-11T08:14:56+00:00,476,230,155,88,8.59,97.39999999999998,18,fit:06ab469a75256944c36383c4817288da1db87343fd8245e2c210fa0583dba5c2:segment:003,3,7217.0,6967,activities/049_251011081438.csv,1,1,0,0
fit:06ab469a75256944c36383c4817288da1db87343fd8245e2c210fa0583dba5c2,2025-10-11T08:14:57+00:00,477,225,155,88,8.615,97.39999999999998,18,fit:06ab469a75256944c36383c4817288da1db87343fd8245e2c210fa0583dba5c2:segment:003,3,7218.0,6968,activities/049_251011081438.csv,1,1,0,0
fit:06ab469a75256944c36383c4817288da1db87343fd8245e2c210fa0583dba5c2,2025-10-11T08:14:58+00:00,478,245,155,88,8.61,97.20000000000005,18,fit:06ab469a75256944c36383c4817288da1db87343fd8245e2c210fa0583dba5c2:segment:003,3,7219.0,6969,activities/049_251011081438.csv,1,1,0,0
fit:06ab469a75256944c36383c4817288da1db87343fd8245e2c210fa0583dba5c2,2025-10-11T08:14:59+00:00,479,245,155,88,8.584,97.39999999999998,18,fit:06ab469a75256944c36383c4817288da1db87343fd8245e2c210fa0583dba5c2:segment:003,3,7220.0,6970,activities/049_251011081438.csv,1,1,0,0
fit:06ab469a75256944c36383c4817288da1db87343fd8245e2c210fa0583dba5c2,2025-10-11T08:15:00+00:00,480,273,155,88,8.662,97.39999999999998,18,fit:06ab469a75256944c36383c4817288da1db87343fd8245e2c210fa0583dba5c2:segment:003,3,7221.0,6971,activities/049_251011081438.csv,1,1,0,0
fit:06ab469a75256944c36383c4817288da1db87343fd8245e2c210fa0583dba5c2,2025-10-11T08:15:01+00:00,481,251,155,88,8.692,97.39999999999998,18,fit:06ab469a75256944c36383c4817288da1db87343fd8245e2c210fa0583dba5c2:segment:003,3,7222.0,6972,activities/049_251011081438.csv,1,1,0,0
fit:06ab469a75256944c36383c4817288da1db87343fd8245e2c210fa0583dba5c2,2025-10-11T08:15:02+00:00,482,200,155,88,8.756,97.39999999999998,18,fit:06ab469a75256944c36383c4817288da1db87343fd8245e2c210fa0583dba5c2:segment:003,3,7223.0,6973,activities/049_251011081438.csv,1,1,0,0
fit:06ab469a75256944c36383c4817288da1db87343fd8245e2c210fa0583dba5c2,2025-10-11T08:15:03+00:00,483,225,155,88,8.751,97.60000000000002,18,fit:06ab469a75256944c36383c4817288da1db87343fd8245e2c210fa0583dba5c2:segment:003,3,7224.0,6974,activities/049_251011081438.csv,1,1,0,0
fit:06ab469a75256944c36383c4817288da1db87343fd8245e2c210fa0583dba5c2,2025-10-11T08:15:04+00:00,484,246,155,88,8.831,97.60000000000002,18,fit:06ab469a75256944c36383c4817288da1db87343fd8245e2c210fa0583dba5c2:segment:003,3,7225.0,6975,activities/049_251011081438.csv,1,1,0,0
fit:06ab469a75256944c36383c4817288da1db87343fd8245e2c210fa0583dba5c2,2025-10-11T08:15:05+00:00,485,228,155,87,8.75,97.60000000000002,18,fit:06ab469a75256944c36383c4817288da1db87343fd8245e2c210fa0583dba5c2:segment:003,3,7226.0,6976,activities/049_251011081438.csv,1,1,0,0
fit:06ab469a75256944c36383c4817288da1db87343fd8245e2c210fa0583dba5c2,2025-10-11T08:15:06+00:00,486,268,154,87,8.79,97.60000000000002,18,fit:06ab469a75256944c36383c4817288da1db87343fd8245e2c210fa0583dba5c2:segment:003,3,7227.0,6977,activities/049_251011081438.csv,1,1,0,0
fit:06ab469a75256944c36383c4817288da1db87343fd8245e2c210fa0583dba5c2,2025-10-11T08:15:07+00:00,487,228,154,87,8.654,97.20000000000005,18,fit:06ab469a75256944c36383c4817288da1db87343fd8245e2c210fa0583dba5c2:segment:003,3,7228.0,6978,activities/049_251011081438.csv,1,1,0,0
fit:06ab469a75256944c36383c4817288da1db87343fd8245e2c210fa0583dba5c2,2025-10-11T08:15:08+00:00,488,259,154,87,8.646,97.20000000000005,18,fit:06ab469a75256944c36383c4817288da1db87343fd8245e2c210fa0583dba5c2:segment:003,3,7229.0,6979,activities/049_251011081438.csv,1,1,0,0
fit:06ab469a75256944c36383c4817288da1db87343fd8245e2c210fa0583dba5c2,2025-10-11T08:15:09+00:00,489,275,153,88,8.639,97.20000000000005,18,fit:06ab469a75256944c36383c4817288da1db87343fd8245e2c210fa0583dba5c2:segment:003,3,7230.0,6980,activities/049_251011081438.csv,1,1,0,0
fit:06ab469a75256944c36383c4817288da1db87343fd8245e2c210fa0583dba5c2,2025-10-11T08:15:10+00:00,490,189,153,88,8.571,98.0,18,fit:06ab469a75256944c36383c4817288da1db87343fd8245e2c210fa0583dba5c2:segment:003,3,7231.0,6981,activities/049_251011081438.csv,1,1,0,0
fit:06ab469a75256944c36383c4817288da1db87343fd8245e2c210fa0583dba5c2,2025-10-11T08:15:11+00:00,491,180,153,88,8.548,97.60000000000002,18,fit:06ab469a75256944c36383c4817288da1db87343fd8245e2c210fa0583dba5c2:segment:003,3,7232.0,6982,activities/049_251011081438.csv,1,1,0,0
fit:06ab469a75256944c36383c4817288da1db87343fd8245e2c210fa0583dba5c2,2025-10-11T08:15:12+00:00,492,200,152,88,8.598,97.60000000000002,18,fit:06ab469a75256944c36383c4817288da1db87343fd8245e2c210fa0583dba5c2:segment:003,3,7233.0,6983,activities/049_251011081438.csv,1,1,0,0
fit:06ab469a75256944c36383c4817288da1db87343fd8245e2c210fa0583dba5c2,2025-10-11T08:15:13+00:00,493,200,152,88,8.565,97.60000000000002,18,fit:06ab469a75256944c36383c4817288da1db87343fd8245e2c210fa0583dba5c2:segment:003,3,7234.0,6984,activities/049_251011081438.csv,1,1,0,0
fit:06ab469a75256944c36383c4817288da1db87343fd8245e2c210fa0583dba5c2,2025-10-11T08:15:14+00:00,494,227,152,88,8.623,98.60000000000002,18,fit:06ab469a75256944c36383c4817288da1db87343fd8245e2c210fa0583dba5c2:segment:003,3,7235.0,6985,activities/049_251011081438.csv,1,1,0,0
fit:06ab469a75256944c36383c4817288da1db87343fd8245e2c210fa0583dba5c2,2025-10-11T08:15:15+00:00,495,249,153,87,8.564,98.20000000000005,18,fit:06ab469a75256944c36383c4817288da1db87343fd8245e2c210fa0583dba5c2:segment:003,3,7236.0,6986,activities/049_251011081438.csv,1,1,0,0
fit:06ab469a75256944c36383c4817288da1db87343fd8245e2c210fa0583dba5c2,2025-10-11T08:15:16+00:00,496,249,153,87,8.571,98.20000000000005,18,fit:06ab469a75256944c36383c4817288da1db87343fd8245e2c210fa0583dba5c2:segment:003,3,7237.0,6987,activities/049_251011081438.csv,1,1,0,0
fit:06ab469a75256944c36383c4817288da1db87343fd8245e2c210fa0583dba5c2,2025-10-11T08:15:17+00:00,497,212,153,88,8.606,98.20000000000005,18,fit:06ab469a75256944c36383c4817288da1db87343fd8245e2c210fa0583dba5c2:segment:003,3,7238.0,6988,activities/049_251011081438.csv,1,1,0,0
fit:06ab469a75256944c36383c4817288da1db87343fd8245e2c210fa0583dba5c2,2025-10-11T08:15:18+00:00,498,272,153,87,8.569,98.20000000000005,18,fit:06ab469a75256944c36383c4817288da1db87343fd8245e2c210fa0583dba5c2:segment:003,3,7239.0,6989,activities/049_251011081438.csv,1,1,0,0
fit:06ab469a75256944c36383c4817288da1db87343fd8245e2c210fa0583dba5c2,2025-10-11T08:15:19+00:00,499,272,153,87,8.527,98.0,18,fit:06ab469a75256944c36383c4817288da1db87343fd8245e2c210fa0583dba5c2:segment:003,3,7240.0,6990,activities/049_251011081438.csv,1,1,0,0
fit:06ab469a75256944c36383c4817288da1db87343fd8245e2c210fa0583dba5c2,2025-10-11T08:15:20+00:00,500,216,153,87,8.492,98.0,18,fit:06ab469a75256944c36383c4817288da1db87343fd8245e2c210fa0583dba5c2:segment:003,3,7241.0,6991,activities/049_251011081438.csv,1,1,0,0
fit:06ab469a75256944c36383c4817288da1db87343fd8245e2c210fa0583dba5c2,2025-10-11T08:15:21+00:00,501,277,153,87,8.604,98.0,18,fit:06ab469a75256944c36383c4817288da1db87343fd8245e2c210fa0583dba5c2:segment:003,3,7242.0,6992,activities/049_251011081438.csv,1,1,0,0
fit:06ab469a75256944c36383c4817288da1db87343fd8245e2c210fa0583dba5c2,2025-10-11T08:15:22+00:00,502,215,153,87,8.587,98.0,18,fit:06ab469a75256944c36383c4817288da1db87343fd8245e2c210fa0583dba5c2:segment:003,3,7243.0,6993,activities/049_251011081438.csv,1,1,0,0
fit:06ab469a75256944c36383c4817288da1db87343fd8245e2c210fa0583dba5c2,2025-10-11T08:15:23+00:00,503,215,153,86,8.622,98.20000000000005,18,fit:06ab469a75256944c36383c4817288da1db87343fd8245e2c210fa0583dba5c2:segment:003,3,7244.0,6994,activities/049_251011081438.csv,1,1,0,0
fit:06ab469a75256944c36383c4817288da1db87343fd8245e2c210fa0583dba5c2,2025-10-11T08:15:24+00:00,504,228,153,86,8.641,98.20000000000005,18,fit:06ab469a75256944c36383c4817288da1db87343fd8245e2c210fa0583dba5c2:segment:003,3,7245.0,6995,activities/049_251011081438.csv,1,1,0,0
fit:06ab469a75256944c36383c4817288da1db87343fd8245e2c210fa0583dba5c2,2025-10-11T08:15:25+00:00,505,233,153,85,8.49,98.20000000000005,18,fit:06ab469a75256944c36383c4817288da1db87343fd8245e2c210fa0583dba5c2:segment:003,3,7246.0,6996,activities/049_251011081438.csv,1,1,0,0
fit:06ab469a75256944c36383c4817288da1db87343fd8245e2c210fa0583dba5c2,2025-10-11T08:15:26+00:00,506,208,152,85,8.453,98.20000000000005,18,fit:06ab469a75256944c36383c4817288da1db87343fd8245e2c210fa0583dba5c2:segment:003,3,7247.0,6997,activities/049_251011081438.csv,1,1,0,0
fit:06ab469a75256944c36383c4817288da1db87343fd8245e2c210fa0583dba5c2,2025-10-11T08:15:27+00:00,507,232,152,84,8.418,98.0,18,fit:06ab469a75256944c36383c4817288da1db87343fd8245e2c210fa0583dba5c2:segment:003,3,7248.0,6998,activities/049_251011081438.csv,1,1,0,0
fit:06ab469a75256944c36383c4817288da1db87343fd8245e2c210fa0583dba5c2,2025-10-11T08:15:28+00:00,508,256,152,83,8.337,98.0,18,fit:06ab469a75256944c36383c4817288da1db87343fd8245e2c210fa0583dba5c2:segment:003,3,7249.0,6999,activities/049_251011081438.csv,1,1,0,0
fit:06ab469a75256944c36383c4817288da1db87343fd8245e2c210fa0583dba5c2,2025-10-11T08:15:29+00:00,509,262,152,83,8.29,98.0,18,fit:06ab469a75256944c36383c4817288da1db87343fd8245e2c210fa0583dba5c2:segment:003,3,7250.0,7000,activities/049_251011081438.csv,1,1,0,0
fit:06ab469a75256944c36383c4817288da1db87343fd8245e2c210fa0583dba5c2,2025-10-11T08:15:30+00:00,510,252,152,83,8.233,98.0,18,fit:06ab469a75256944c36383c4817288da1db87343fd8245e2c210fa0583dba5c2:segment:003,3,7251.0,7001,activities/049_251011081438.csv,1,1,0,0
fit:06ab469a75256944c36383c4817288da1db87343fd8245e2c210fa0583dba5c2,2025-10-11T08:15:31+00:00,511,257,151,83,8.266,99.0,18,fit:06ab469a75256944c36383c4817288da1db87343fd8245e2c210fa0583dba5c2:segment:003,3,7252.0,7002,activities/049_251011081438.csv,1,1,0,0
fit:06ab469a75256944c36383c4817288da1db87343fd8245e2c210fa0583dba5c2,2025-10-11T08:15:32+00:00,512,275,150,83,8.194,99.0,18,fit:06ab469a75256944c36383c4817288da1db87343fd8245e2c210fa0583dba5c2:segment:003,3,7253.0,7003,activities/049_251011081438.csv,1,1,0,0
fit:06ab469a75256944c36383c4817288da1db87343fd8245e2c210fa0583dba5c2,2025-10-11T08:15:33+00:00,513,265,150,84,8.156,99.0,18,fit:06ab469a75256944c36383c4817288da1db87343fd8245e2c210fa0583dba5c2:segment:003,3,7254.0,7004,activities/049_251011081438.csv,1,1,0,0
fit:06ab469a75256944c36383c4817288da1db87343fd8245e2c210fa0583dba5c2,2025-10-11T08:15:34+00:00,514,266,150,84,8.113,99.0,18,fit:06ab469a75256944c36383c4817288da1db87343fd8245e2c210fa0583dba5c2:segment:003,3,7255.0,7005,activities/049_251011081438.csv,1,1,0,0
fit:06ab469a75256944c36383c4817288da1db87343fd8245e2c210fa0583dba5c2,2025-10-11T08:15:35+00:00,515,253,150,84,8.226,99.0,18,fit:06ab469a75256944c36383c4817288da1db87343fd8245e2c210fa0583dba5c2:segment:003,3,7256.0,7006,activities/049_251011081438.csv,1,1,0,0
fit:06ab469a75256944c36383c4817288da1db87343fd8245e2c210fa0583dba5c2,2025-10-11T08:15:36+00:00,516,248,150,84,8.306,99.0,18,fit:06ab469a75256944c36383c4817288da1db87343fd8245e2c210fa0583dba5c2:segment:003,3,7257.0,7007,activities/049_251011081438.csv,1,1,0,0
fit:06ab469a75256944c36383c4817288da1db87343fd8245e2c210fa0583dba5c2,2025-10-11T08:15:37+00:00,517,179,150,84,8.286,99.0,18,fit:06ab469a75256944c36383c4817288da1db87343fd8245e2c210fa0583dba5c2:segment:003,3,7258.0,7008,activities/049_251011081438.csv,1,1,0,0
fit:06ab469a75256944c36383c4817288da1db87343fd8245e2c210fa0583dba5c2,2025-10-11T08:15:38+00:00,518,254,150,83,8.267,99.0,18,fit:06ab469a75256944c36383c4817288da1db87343fd8245e2c210fa0583dba5c2:segment:003,3,7259.0,7009,activities/049_251011081438.csv,1,1,0,0
fit:06ab469a75256944c36383c4817288da1db87343fd8245e2c210fa0583dba5c2,2025-10-11T08:15:39+00:00,519,305,150,83,8.178,99.0,18,fit:06ab469a75256944c36383c4817288da1db87343fd8245e2c210fa0583dba5c2:segment:003,3,7260.0,7010,activities/049_251011081438.csv,1,1,0,0
fit:06ab469a75256944c36383c4817288da1db87343fd8245e2c210fa0583dba5c2,2025-10-11T08:15:40+00:00,520,221,150,84,8.268,99.0,18,fit:06ab469a75256944c36383c4817288da1db87343fd8245e2c210fa0583dba5c2:segment:003,3,7261.0,7011,activities/049_251011081438.csv,1,1,0,0
fit:06ab469a75256944c36383c4817288da1db87343fd8245e2c210fa0583dba5c2,2025-10-11T08:15:41+00:00,521,191,150,85,8.396,99.0,18,fit:06ab469a75256944c36383c4817288da1db87343fd8245e2c210fa0583dba5c2:segment:003,3,7262.0,7012,activities/049_251011081438.csv,1,1,0,0
fit:06ab469a75256944c36383c4817288da1db87343fd8245e2c210fa0583dba5c2,2025-10-11T08:15:42+00:00,522,204,151,85,8.467,99.60000000000002,18,fit:06ab469a75256944c36383c4817288da1db87343fd8245e2c210fa0583dba5c2:segment:003,3,7263.0,7013,activities/049_251011081438.csv,1,1,0,0
fit:06ab469a75256944c36383c4817288da1db87343fd8245e2c210fa0583dba5c2,2025-10-11T08:15:43+00:00,523,226,151,84,8.379,98.79999999999995,18,fit:06ab469a75256944c36383c4817288da1db87343fd8245e2c210fa0583dba5c2:segment:003,3,7264.0,7014,activities/049_251011081438.csv,1,1,0,0
fit:06ab469a75256944c36383c4817288da1db87343fd8245e2c210fa0583dba5c2,2025-10-11T08:15:44+00:00,524,226,151,84,8.378,98.79999999999995,18,fit:06ab469a75256944c36383c4817288da1db87343fd8245e2c210fa0583dba5c2:segment:003,3,7265.0,7015,activities/049_251011081438.csv,1,1,0,0
fit:06ab469a75256944c36383c4817288da1db87343fd8245e2c210fa0583dba5c2,2025-10-11T08:15:45+00:00,525,261,151,84,8.352,98.79999999999995,18,fit:06ab469a75256944c36383c4817288da1db87343fd8245e2c210fa0583dba5c2:segment:003,3,7266.0,7016,activities/049_251011081438.csv,1,1,0,0
fit:06ab469a75256944c36383c4817288da1db87343fd8245e2c210fa0583dba5c2,2025-10-11T08:15:46+00:00,526,198,151,85,8.219,99.79999999999995,18,fit:06ab469a75256944c36383c4817288da1db87343fd8245e2c210fa0583dba5c2:segment:003,3,7267.0,7017,activities/049_251011081438.csv,1,1,0,0
fit:06ab469a75256944c36383c4817288da1db87343fd8245e2c210fa0583dba5c2,2025-10-11T08:15:47+00:00,527,204,151,85,8.387,101.0,18,fit:06ab469a75256944c36383c4817288da1db87343fd8245e2c210fa0583dba5c2:segment:003,3,7268.0,7018,activities/049_251011081438.csv,1,1,0,0
fit:06ab469a75256944c36383c4817288da1db87343fd8245e2c210fa0583dba5c2,2025-10-11T08:15:48+00:00,528,207,151,85,8.412,101.0,18,fit:06ab469a75256944c36383c4817288da1db87343fd8245e2c210fa0583dba5c2:segment:003,3,7269.0,7019,activities/049_251011081438.csv,1,1,0,0
fit:06ab469a75256944c36383c4817288da1db87343fd8245e2c210fa0583dba5c2,2025-10-11T08:15:49+00:00,529,207,151,85,8.28,101.0,18,fit:06ab469a75256944c36383c4817288da1db87343fd8245e2c210fa0583dba5c2:segment:003,3,7270.0,7020,activities/049_251011081438.csv,1,1,0,0
fit:06ab469a75256944c36383c4817288da1db87343fd8245e2c210fa0583dba5c2,2025-10-11T08:15:50+00:00,530,262,151,85,8.291,101.0,18,fit:06ab469a75256944c36383c4817288da1db87343fd8245e2c210fa0583dba5c2:segment:003,3,7271.0,7021,activities/049_251011081438.csv,1,1,0,0
fit:06ab469a75256944c36383c4817288da1db87343fd8245e2c210fa0583dba5c2,2025-10-11T08:15:51+00:00,531,225,151,85,8.325,100.20000000000005,18,fit:06ab469a75256944c36383c4817288da1db87343fd8245e2c210fa0583dba5c2:segment:003,3,7272.0,7022,activities/049_251011081438.csv,1,1,0,0
fit:06ab469a75256944c36383c4817288da1db87343fd8245e2c210fa0583dba5c2,2025-10-11T08:15:52+00:00,532,221,151,86,8.467,100.20000000000005,18,fit:06ab469a75256944c36383c4817288da1db87343fd8245e2c210fa0583dba5c2:segment:003,3,7273.0,7023,activities/049_251011081438.csv,1,1,0,0
fit:06ab469a75256944c36383c4817288da1db87343fd8245e2c210fa0583dba5c2,2025-10-11T08:15:53+00:00,533,215,150,87,8.504,100.20000000000005,18,fit:06ab469a75256944c36383c4817288da1db87343fd8245e2c210fa0583dba5c2:segment:003,3,7274.0,7024,activities/049_251011081438.csv,1,1,0,0
fit:06ab469a75256944c36383c4817288da1db87343fd8245e2c210fa0583dba5c2,2025-10-11T08:15:54+00:00,534,254,150,87,8.634,100.79999999999995,18,fit:06ab469a75256944c36383c4817288da1db87343fd8245e2c210fa0583dba5c2:segment:003,3,7275.0,7025,activities/049_251011081438.csv,1,1,0,0
fit:06ab469a75256944c36383c4817288da1db87343fd8245e2c210fa0583dba5c2,2025-10-11T08:15:55+00:00,535,236,150,87,8.695,100.39999999999998,18,fit:06ab469a75256944c36383c4817288da1db87343fd8245e2c210fa0583dba5c2:segment:003,3,7276.0,7026,activities/049_251011081438.csv,1,1,0,0
fit:06ab469a75256944c36383c4817288da1db87343fd8245e2c210fa0583dba5c2,2025-10-11T08:15:56+00:00,536,163,150,87,8.664,100.39999999999998,18,fit:06ab469a75256944c36383c4817288da1db87343fd8245e2c210fa0583dba5c2:segment:003,3,7277.0,7027,activities/049_251011081438.csv,1,1,0,0
fit:06ab469a75256944c36383c4817288da1db87343fd8245e2c210fa0583dba5c2,2025-10-11T08:15:57+00:00,537,227,151,87,8.701,100.39999999999998,18,fit:06ab469a75256944c36383c4817288da1db87343fd8245e2c210fa0583dba5c2:segment:003,3,7278.0,7028,activities/049_251011081438.csv,1,1,0,0
fit:06ab469a75256944c36383c4817288da1db87343fd8245e2c210fa0583dba5c2,2025-10-11T08:15:58+00:00,538,258,151,87,8.609,100.79999999999995,18,fit:06ab469a75256944c36383c4817288da1db87343fd8245e2c210fa0583dba5c2:segment:003,3,7279.0,7029,activities/049_251011081438.csv,1,1,0,0
fit:06ab469a75256944c36383c4817288da1db87343fd8245e2c210fa0583dba5c2,2025-10-11T08:15:59+00:00,539,292,151,87,8.603,101.20000000000005,18,fit:06ab469a75256944c36383c4817288da1db87343fd8245e2c210fa0583dba5c2:segment:003,3,7280.0,7030,activities/049_251011081438.csv,1,1,0,0
fit:06ab469a75256944c36383c4817288da1db87343fd8245e2c210fa0583dba5c2,2025-10-11T08:16:00+00:00,540,225,151,87,8.625,101.20000000000005,18,fit:06ab469a75256944c36383c4817288da1db87343fd8245e2c210fa0583dba5c2:segment:003,3,7281.0,7031,activities/049_251011081438.csv,1,1,0,0
fit:06ab469a75256944c36383c4817288da1db87343fd8245e2c210fa0583dba5c2,2025-10-11T08:16:01+00:00,541,245,152,87,8.634,101.20000000000005,18,fit:06ab469a75256944c36383c4817288da1db87343fd8245e2c210fa0583dba5c2:segment:003,3,7282.0,7032,activities/049_251011081438.csv,1,1,0,0
fit:06ab469a75256944c36383c4817288da1db87343fd8245e2c210fa0583dba5c2,2025-10-11T08:16:02+00:00,542,230,152,86,8.606,101.20000000000005,18,fit:06ab469a75256944c36383c4817288da1db87343fd8245e2c210fa0583dba5c2:segment:003,3,7283.0,7033,activities/049_251011081438.csv,1,1,0,0
fit:06ab469a75256944c36383c4817288da1db87343fd8245e2c210fa0583dba5c2,2025-10-11T08:16:03+00:00,543,215,152,86,8.595,101.0,18,fit:06ab469a75256944c36383c4817288da1db87343fd8245e2c210fa0583dba5c2:segment:003,3,7284.0,7034,activities/049_251011081438.csv,1,1,0,0
fit:06ab469a75256944c36383c4817288da1db87343fd8245e2c210fa0583dba5c2,2025-10-11T08:16:04+00:00,544,228,151,86,8.461,101.0,18,fit:06ab469a75256944c36383c4817288da1db87343fd8245e2c210fa0583dba5c2:segment:003,3,7285.0,7035,activities/049_251011081438.csv,1,1,0,0
fit:06ab469a75256944c36383c4817288da1db87343fd8245e2c210fa0583dba5c2,2025-10-11T08:16:05+00:00,545,285,151,86,8.381,101.0,18,fit:06ab469a75256944c36383c4817288da1db87343fd8245e2c210fa0583dba5c2:segment:003,3,7286.0,7036,activities/049_251011081438.csv,1,1,0,0
fit:06ab469a75256944c36383c4817288da1db87343fd8245e2c210fa0583dba5c2,2025-10-11T08:16:06+00:00,546,285,152,86,8.413,101.0,18,fit:06ab469a75256944c36383c4817288da1db87343fd8245e2c210fa0583dba5c2:segment:003,3,7287.0,7037,activities/049_251011081438.csv,1,1,0,0
fit:06ab469a75256944c36383c4817288da1db87343fd8245e2c210fa0583dba5c2,2025-10-11T08:16:07+00:00,547,301,152,85,8.399,100.79999999999995,18,fit:06ab469a75256944c36383c4817288da1db87343fd8245e2c210fa0583dba5c2:segment:003,3,7288.0,7038,activities/049_251011081438.csv,1,1,0,0
fit:06ab469a75256944c36383c4817288da1db87343fd8245e2c210fa0583dba5c2,2025-10-11T08:16:08+00:00,548,250,152,85,8.432,100.79999999999995,18,fit:06ab469a75256944c36383c4817288da1db87343fd8245e2c210fa0583dba5c2:segment:003,3,7289.0,7039,activities/049_251011081438.csv,1,1,0,0
fit:06ab469a75256944c36383c4817288da1db87343fd8245e2c210fa0583dba5c2,2025-10-11T08:16:09+00:00,549,234,153,85,8.421,100.79999999999995,18,fit:06ab469a75256944c36383c4817288da1db87343fd8245e2c210fa0583dba5c2:segment:003,3,7290.0,7040,activities/049_251011081438.csv,1,1,0,0
fit:06ab469a75256944c36383c4817288da1db87343fd8245e2c210fa0583dba5c2,2025-10-11T08:16:10+00:00,550,253,154,85,8.328,101.60000000000002,18,fit:06ab469a75256944c36383c4817288da1db87343fd8245e2c210fa0583dba5c2:segment:003,3,7291.0,7041,activities/049_251011081438.csv,1,1,0,0
fit:06ab469a75256944c36383c4817288da1db87343fd8245e2c210fa0583dba5c2,2025-10-11T08:16:11+00:00,551,249,154,85,8.279,101.60000000000002,18,fit:06ab469a75256944c36383c4817288da1db87343fd8245e2c210fa0583dba5c2:segment:003,3,7292.0,7042,activities/049_251011081438.csv,1,1,0,0
fit:06ab469a75256944c36383c4817288da1db87343fd8245e2c210fa0583dba5c2,2025-10-11T08:16:12+00:00,552,278,155,85,8.295,101.60000000000002,18,fit:06ab469a75256944c36383c4817288da1db87343fd8245e2c210fa0583dba5c2:segment:003,3,7293.0,7043,activities/049_251011081438.csv,1,1,0,0
fit:06ab469a75256944c36383c4817288da1db87343fd8245e2c210fa0583dba5c2,2025-10-11T08:16:13+00:00,553,244,155,85,8.359,101.60000000000002,18,fit:06ab469a75256944c36383c4817288da1db87343fd8245e2c210fa0583dba5c2:segment:003,3,7294.0,7044,activities/049_251011081438.csv,1,1,0,0
fit:06ab469a75256944c36383c4817288da1db87343fd8245e2c210fa0583dba5c2,2025-10-11T08:16:14+00:00,554,234,155,85,8.419,101.60000000000002,18,fit:06ab469a75256944c36383c4817288da1db87343fd8245e2c210fa0583dba5c2:segment:003,3,7295.0,7045,activities/049_251011081438.csv,1,1,0,0
fit:06ab469a75256944c36383c4817288da1db87343fd8245e2c210fa0583dba5c2,2025-10-11T08:16:15+00:00,555,267,155,84,8.424,101.39999999999998,18,fit:06ab469a75256944c36383c4817288da1db87343fd8245e2c210fa0583dba5c2:segment:003,3,7296.0,7046,activities/049_251011081438.csv,1,1,0,0
fit:06ab469a75256944c36383c4817288da1db87343fd8245e2c210fa0583dba5c2,2025-10-11T08:16:16+00:00,556,258,155,84,8.425,101.39999999999998,18,fit:06ab469a75256944c36383c4817288da1db87343fd8245e2c210fa0583dba5c2:segment:003,3,7297.0,7047,activities/049_251011081438.csv,1,1,0,0
fit:06ab469a75256944c36383c4817288da1db87343fd8245e2c210fa0583dba5c2,2025-10-11T08:16:17+00:00,557,260,155,84,8.42,101.39999999999998,18,fit:06ab469a75256944c36383c4817288da1db87343fd8245e2c210fa0583dba5c2:segment:003,3,7298.0,7048,activities/049_251011081438.csv,1,1,0,0
fit:06ab469a75256944c36383c4817288da1db87343fd8245e2c210fa0583dba5c2,2025-10-11T08:16:18+00:00,558,261,154,83,8.337,102.0,18,fit:06ab469a75256944c36383c4817288da1db87343fd8245e2c210fa0583dba5c2:segment:003,3,7299.0,7049,activities/049_251011081438.csv,1,1,0,0
fit:06ab469a75256944c36383c4817288da1db87343fd8245e2c210fa0583dba5c2,2025-10-11T08:16:19+00:00,559,243,154,83,8.302,102.0,18,fit:06ab469a75256944c36383c4817288da1db87343fd8245e2c210fa0583dba5c2:segment:003,3,7300.0,7050,activities/049_251011081438.csv,1,1,0,0
fit:06ab469a75256944c36383c4817288da1db87343fd8245e2c210fa0583dba5c2,2025-10-11T08:16:20+00:00,560,245,153,82,8.29,102.0,18,fit:06ab469a75256944c36383c4817288da1db87343fd8245e2c210fa0583dba5c2:segment:003,3,7301.0,7051,activities/049_251011081438.csv,1,1,0,0
fit:06ab469a75256944c36383c4817288da1db87343fd8245e2c210fa0583dba5c2,2025-10-11T08:16:21+00:00,561,286,153,82,8.173,102.0,18,fit:06ab469a75256944c36383c4817288da1db87343fd8245e2c210fa0583dba5c2:segment:003,3,7302.0,7052,activities/049_251011081438.csv,1,1,0,0
fit:06ab469a75256944c36383c4817288da1db87343fd8245e2c210fa0583dba5c2,2025-10-11T08:16:22+00:00,562,191,153,83,8.15,102.0,18,fit:06ab469a75256944c36383c4817288da1db87343fd8245e2c210fa0583dba5c2:segment:003,3,7303.0,7053,activities/049_251011081438.csv,1,1,0,0
fit:06ab469a75256944c36383c4817288da1db87343fd8245e2c210fa0583dba5c2,2025-10-11T08:16:23+00:00,563,209,153,83,8.14,101.79999999999995,18,fit:06ab469a75256944c36383c4817288da1db87343fd8245e2c210fa0583dba5c2:segment:003,3,7304.0,7054,activities/049_251011081438.csv,1,1,0,0
fit:06ab469a75256944c36383c4817288da1db87343fd8245e2c210fa0583dba5c2,2025-10-11T08:16:24+00:00,564,264,153,82,8.15,101.79999999999995,18,fit:06ab469a75256944c36383c4817288da1db87343fd8245e2c210fa0583dba5c2:segment:003,3,7305.0,7055,activities/049_251011081438.csv,1,1,0,0
fit:06ab469a75256944c36383c4817288da1db87343fd8245e2c210fa0583dba5c2,2025-10-11T08:16:25+00:00,565,267,152,82,8.16,101.79999999999995,18,fit:06ab469a75256944c36383c4817288da1db87343fd8245e2c210fa0583dba5c2:segment:003,3,7306.0,7056,activities/049_251011081438.csv,1,1,0,0
fit:06ab469a75256944c36383c4817288da1db87343fd8245e2c210fa0583dba5c2,2025-10-11T08:16:26+00:00,566,240,152,83,8.203,102.39999999999998,18,fit:06ab469a75256944c36383c4817288da1db87343fd8245e2c210fa0583dba5c2:segment:003,3,7307.0,7057,activities/049_251011081438.csv,1,1,0,0
fit:06ab469a75256944c36383c4817288da1db87343fd8245e2c210fa0583dba5c2,2025-10-11T08:16:27+00:00,567,227,152,83,8.201,102.79999999999995,18,fit:06ab469a75256944c36383c4817288da1db87343fd8245e2c210fa0583dba5c2:segment:003,3,7308.0,7058,activities/049_251011081438.csv,1,1,0,0
fit:06ab469a75256944c36383c4817288da1db87343fd8245e2c210fa0583dba5c2,2025-10-11T08:16:28+00:00,568,236,152,84,8.274,102.79999999999995,18,fit:06ab469a75256944c36383c4817288da1db87343fd8245e2c210fa0583dba5c2:segment:003,3,7309.0,7059,activities/049_251011081438.csv,1,1,0,0
fit:06ab469a75256944c36383c4817288da1db87343fd8245e2c210fa0583dba5c2,2025-10-11T08:16:29+00:00,569,240,152,84,8.295,102.79999999999995,18,fit:06ab469a75256944c36383c4817288da1db87343fd8245e2c210fa0583dba5c2:segment:003,3,7310.0,7060,activities/049_251011081438.csv,1,1,0,0
fit:06ab469a75256944c36383c4817288da1db87343fd8245e2c210fa0583dba5c2,2025-10-11T08:16:30+00:00,570,288,152,85,8.248,102.39999999999998,18,fit:06ab469a75256944c36383c4817288da1db87343fd8245e2c210fa0583dba5c2:segment:003,3,7311.0,7061,activities/049_251011081438.csv,1,1,0,0
fit:06ab469a75256944c36383c4817288da1db87343fd8245e2c210fa0583dba5c2,2025-10-11T08:16:31+00:00,571,214,152,86,8.355,102.20000000000005,18,fit:06ab469a75256944c36383c4817288da1db87343fd8245e2c210fa0583dba5c2:segment:003,3,7312.0,7062,activities/049_251011081438.csv,1,1,0,0
fit:06ab469a75256944c36383c4817288da1db87343fd8245e2c210fa0583dba5c2,2025-10-11T08:16:32+00:00,572,212,151,86,8.412,102.20000000000005,18,fit:06ab469a75256944c36383c4817288da1db87343fd8245e2c210fa0583dba5c2:segment:003,3,7313.0,7063,activities/049_251011081438.csv,1,1,0,0
fit:06ab469a75256944c36383c4817288da1db87343fd8245e2c210fa0583dba5c2,2025-10-11T08:16:33+00:00,573,230,151,86,8.36,102.20000000000005,18,fit:06ab469a75256944c36383c4817288da1db87343fd8245e2c210fa0583dba5c2:segment:003,3,7314.0,7064,activities/049_251011081438.csv,1,1,0,0
fit:06ab469a75256944c36383c4817288da1db87343fd8245e2c210fa0583dba5c2,2025-10-11T08:16:34+00:00,574,231,151,86,8.445,102.20000000000005,18,fit:06ab469a75256944c36383c4817288da1db87343fd8245e2c210fa0583dba5c2:segment:003,3,7315.0,7065,activities/049_251011081438.csv,1,1,0,0
fit:06ab469a75256944c36383c4817288da1db87343fd8245e2c210fa0583dba5c2,2025-10-11T08:16:35+00:00,575,267,151,87,8.528,102.39999999999998,18,fit:06ab469a75256944c36383c4817288da1db87343fd8245e2c210fa0583dba5c2:segment:003,3,7316.0,7066,activities/049_251011081438.csv,1,1,0,0
fit:06ab469a75256944c36383c4817288da1db87343fd8245e2c210fa0583dba5c2,2025-10-11T08:16:36+00:00,576,209,150,87,8.566,102.39999999999998,18,fit:06ab469a75256944c36383c4817288da1db87343fd8245e2c210fa0583dba5c2:segment:003,3,7317.0,7067,activities/049_251011081438.csv,1,1,0,0
fit:06ab469a75256944c36383c4817288da1db87343fd8245e2c210fa0583dba5c2,2025-10-11T08:16:37+00:00,577,244,150,87,8.586,102.39999999999998,18,fit:06ab469a75256944c36383c4817288da1db87343fd8245e2c210fa0583dba5c2:segment:003,3,7318.0,7068,activities/049_251011081438.csv,1,1,0,0
fit:06ab469a75256944c36383c4817288da1db87343fd8245e2c210fa0583dba5c2,2025-10-11T08:16:38+00:00,578,223,149,87,8.598,102.39999999999998,18,fit:06ab469a75256944c36383c4817288da1db87343fd8245e2c210fa0583dba5c2:segment:003,3,7319.0,7069,activities/049_251011081438.csv,1,1,0,0
fit:06ab469a75256944c36383c4817288da1db87343fd8245e2c210fa0583dba5c2,2025-10-11T08:16:39+00:00,579,254,149,87,8.622,103.0,18,fit:06ab469a75256944c36383c4817288da1db87343fd8245e2c210fa0583dba5c2:segment:003,3,7320.0,7070,activities/049_251011081438.csv,1,1,0,0
fit:06ab469a75256944c36383c4817288da1db87343fd8245e2c210fa0583dba5c2,2025-10-11T08:16:40+00:00,580,241,148,88,8.62,103.0,18,fit:06ab469a75256944c36383c4817288da1db87343fd8245e2c210fa0583dba5c2:segment:003,3,7321.0,7071,activities/049_251011081438.csv,1,1,0,0
fit:06ab469a75256944c36383c4817288da1db87343fd8245e2c210fa0583dba5c2,2025-10-11T08:16:41+00:00,581,256,148,88,8.607,103.0,18,fit:06ab469a75256944c36383c4817288da1db87343fd8245e2c210fa0583dba5c2:segment:003,3,7322.0,7072,activities/049_251011081438.csv,1,1,0,0
fit:06ab469a75256944c36383c4817288da1db87343fd8245e2c210fa0583dba5c2,2025-10-11T08:16:42+00:00,582,181,148,88,8.612,102.20000000000005,18,fit:06ab469a75256944c36383c4817288da1db87343fd8245e2c210fa0583dba5c2:segment:003,3,7323.0,7073,activities/049_251011081438.csv,1,1,0,0
fit:06ab469a75256944c36383c4817288da1db87343fd8245e2c210fa0583dba5c2,2025-10-11T08:16:43+00:00,583,264,148,87,8.592,102.39999999999998,18,fit:06ab469a75256944c36383c4817288da1db87343fd8245e2c210fa0583dba5c2:segment:003,3,7324.0,7074,activities/049_251011081438.csv,1,1,0,0
fit:06ab469a75256944c36383c4817288da1db87343fd8245e2c210fa0583dba5c2,2025-10-11T08:16:44+00:00,584,239,148,87,8.62,102.39999999999998,18,fit:06ab469a75256944c36383c4817288da1db87343fd8245e2c210fa0583dba5c2:segment:003,3,7325.0,7075,activities/049_251011081438.csv,1,1,0,0
fit:06ab469a75256944c36383c4817288da1db87343fd8245e2c210fa0583dba5c2,2025-10-11T08:16:45+00:00,585,225,148,86,8.545,102.39999999999998,18,fit:06ab469a75256944c36383c4817288da1db87343fd8245e2c210fa0583dba5c2:segment:003,3,7326.0,7076,activities/049_251011081438.csv,1,1,0,0
fit:06ab469a75256944c36383c4817288da1db87343fd8245e2c210fa0583dba5c2,2025-10-11T08:16:46+00:00,586,219,148,86,8.446,102.39999999999998,18,fit:06ab469a75256944c36383c4817288da1db87343fd8245e2c210fa0583dba5c2:segment:003,3,7327.0,7077,activities/049_251011081438.csv,1,1,0,0
fit:06ab469a75256944c36383c4817288da1db87343fd8245e2c210fa0583dba5c2,2025-10-11T08:16:47+00:00,587,280,148,86,8.438,103.20000000000005,18,fit:06ab469a75256944c36383c4817288da1db87343fd8245e2c210fa0583dba5c2:segment:003,3,7328.0,7078,activities/049_251011081438.csv,1,1,0,0
fit:06ab469a75256944c36383c4817288da1db87343fd8245e2c210fa0583dba5c2,2025-10-11T08:16:48+00:00,588,212,148,86,8.468,103.20000000000005,18,fit:06ab469a75256944c36383c4817288da1db87343fd8245e2c210fa0583dba5c2:segment:003,3,7329.0,7079,activities/049_251011081438.csv,1,1,0,0
fit:06ab469a75256944c36383c4817288da1db87343fd8245e2c210fa0583dba5c2,2025-10-11T08:16:49+00:00,589,227,148,85,8.378,103.20000000000005,18,fit:06ab469a75256944c36383c4817288da1db87343fd8245e2c210fa0583dba5c2:segment:003,3,7330.0,7080,activities/049_251011081438.csv,1,1,0,0
fit:06ab469a75256944c36383c4817288da1db87343fd8245e2c210fa0583dba5c2,2025-10-11T08:16:50+00:00,590,236,148,85,8.463,102.60000000000002,18,fit:06ab469a75256944c36383c4817288da1db87343fd8245e2c210fa0583dba5c2:segment:003,3,7331.0,7081,activities/049_251011081438.csv,1,1,0,0
fit:06ab469a75256944c36383c4817288da1db87343fd8245e2c210fa0583dba5c2,2025-10-11T08:16:51+00:00,591,188,148,85,8.427,103.20000000000005,18,fit:06ab469a75256944c36383c4817288da1db87343fd8245e2c210fa0583dba5c2:segment:003,3,7332.0,7082,activities/049_251011081438.csv,1,1,0,0
fit:06ab469a75256944c36383c4817288da1db87343fd8245e2c210fa0583dba5c2,2025-10-11T08:16:52+00:00,592,276,148,85,8.468,103.20000000000005,18,fit:06ab469a75256944c36383c4817288da1db87343fd8245e2c210fa0583dba5c2:segment:003,3,7333.0,7083,activities/049_251011081438.csv,1,1,0,0
fit:06ab469a75256944c36383c4817288da1db87343fd8245e2c210fa0583dba5c2,2025-10-11T08:16:53+00:00,593,299,148,85,8.448,103.20000000000005,18,fit:06ab469a75256944c36383c4817288da1db87343fd8245e2c210fa0583dba5c2:segment:003,3,7334.0,7084,activities/049_251011081438.csv,1,1,0,0
fit:06ab469a75256944c36383c4817288da1db87343fd8245e2c210fa0583dba5c2,2025-10-11T08:16:54+00:00,594,244,149,86,8.37,102.60000000000002,18,fit:06ab469a75256944c36383c4817288da1db87343fd8245e2c210fa0583dba5c2:segment:003,3,7335.0,7085,activities/049_251011081438.csv,1,1,0,0
fit:06ab469a75256944c36383c4817288da1db87343fd8245e2c210fa0583dba5c2,2025-10-11T08:16:55+00:00,595,198,150,86,8.507,103.39999999999998,18,fit:06ab469a75256944c36383c4817288da1db87343fd8245e2c210fa0583dba5c2:segment:003,3,7336.0,7086,activities/049_251011081438.csv,1,1,0,0
fit:06ab469a75256944c36383c4817288da1db87343fd8245e2c210fa0583dba5c2,2025-10-11T08:16:56+00:00,596,193,151,86,8.643,103.39999999999998,18,fit:06ab469a75256944c36383c4817288da1db87343fd8245e2c210fa0583dba5c2:segment:003,3,7337.0,7087,activities/049_251011081438.csv,1,1,0,0
fit:06ab469a75256944c36383c4817288da1db87343fd8245e2c210fa0583dba5c2,2025-10-11T08:16:57+00:00,597,240,151,86,8.607,103.39999999999998,18,fit:06ab469a75256944c36383c4817288da1db87343fd8245e2c210fa0583dba5c2:segment:003,3,7338.0,7088,activities/049_251011081438.csv,1,1,0,0
fit:06ab469a75256944c36383c4817288da1db87343fd8245e2c210fa0583dba5c2,2025-10-11T08:16:58+00:00,598,283,151,85,8.444,103.0,18,fit:06ab469a75256944c36383c4817288da1db87343fd8245e2c210fa0583dba5c2:segment:003,3,7339.0,7089,activities/049_251011081438.csv,1,1,0,0
fit:06ab469a75256944c36383c4817288da1db87343fd8245e2c210fa0583dba5c2,2025-10-11T08:16:59+00:00,599,265,151,85,8.348,103.60000000000002,18,fit:06ab469a75256944c36383c4817288da1db87343fd8245e2c210fa0583dba5c2:segment:003,3,7340.0,7090,activities/049_251011081438.csv,1,1,0,0
fit:06ab469a75256944c36383c4817288da1db87343fd8245e2c210fa0583dba5c2,2025-10-11T08:17:00+00:00,600,280,152,86,8.343,103.60000000000002,18,fit:06ab469a75256944c36383c4817288da1db87343fd8245e2c210fa0583dba5c2:segment:003,3,7341.0,7091,activities/049_251011081438.csv,1,1,0,0
fit:06ab469a75256944c36383c4817288da1db87343fd8245e2c210fa0583dba5c2,2025-10-11T08:17:01+00:00,601,283,152,87,8.387,103.60000000000002,18,fit:06ab469a75256944c36383c4817288da1db87343fd8245e2c210fa0583dba5c2:segment:003,3,7342.0,7092,activities/049_251011081438.csv,1,1,0,0
fit:06ab469a75256944c36383c4817288da1db87343fd8245e2c210fa0583dba5c2,2025-10-11T08:17:02+00:00,602,242,153,87,8.414,103.60000000000002,18,fit:06ab469a75256944c36383c4817288da1db87343fd8245e2c210fa0583dba5c2:segment:003,3,7343.0,7093,activities/049_251011081438.csv,1,1,0,0
fit:06ab469a75256944c36383c4817288da1db87343fd8245e2c210fa0583dba5c2,2025-10-11T08:17:03+00:00,603,223,154,87,8.477,103.0,18,fit:06ab469a75256944c36383c4817288da1db87343fd8245e2c210fa0583dba5c2:segment:003,3,7344.0,7094,activities/049_251011081438.csv,1,1,0,0
fit:06ab469a75256944c36383c4817288da1db87343fd8245e2c210fa0583dba5c2,2025-10-11T08:17:04+00:00,604,228,154,87,8.501,103.0,18,fit:06ab469a75256944c36383c4817288da1db87343fd8245e2c210fa0583dba5c2:segment:003,3,7345.0,7095,activities/049_251011081438.csv,1,1,0,0
fit:06ab469a75256944c36383c4817288da1db87343fd8245e2c210fa0583dba5c2,2025-10-11T08:17:05+00:00,605,251,154,88,8.575,103.0,18,fit:06ab469a75256944c36383c4817288da1db87343fd8245e2c210fa0583dba5c2:segment:003,3,7346.0,7096,activities/049_251011081438.csv,1,1,0,0
fit:06ab469a75256944c36383c4817288da1db87343fd8245e2c210fa0583dba5c2,2025-10-11T08:17:06+00:00,606,234,155,88,8.667,103.39999999999998,18,fit:06ab469a75256944c36383c4817288da1db87343fd8245e2c210fa0583dba5c2:segment:003,3,7347.0,7097,activities/049_251011081438.csv,1,1,0,0
fit:06ab469a75256944c36383c4817288da1db87343fd8245e2c210fa0583dba5c2,2025-10-11T08:17:07+00:00,607,218,155,88,8.584,102.39999999999998,18,fit:06ab469a75256944c36383c4817288da1db87343fd8245e2c210fa0583dba5c2:segment:003,3,7348.0,7098,activities/049_251011081438.csv,1,1,0,0
fit:06ab469a75256944c36383c4817288da1db87343fd8245e2c210fa0583dba5c2,2025-10-11T08:17:08+00:00,608,224,155,88,8.63,102.39999999999998,18,fit:06ab469a75256944c36383c4817288da1db87343fd8245e2c210fa0583dba5c2:segment:003,3,7349.0,7099,activities/049_251011081438.csv,1,1,0,0
fit:06ab469a75256944c36383c4817288da1db87343fd8245e2c210fa0583dba5c2,2025-10-11T08:17:09+00:00,609,224,155,88,8.596,102.39999999999998,18,fit:06ab469a75256944c36383c4817288da1db87343fd8245e2c210fa0583dba5c2:segment:003,3,7350.0,7100,activities/049_251011081438.csv,1,1,0,0
fit:06ab469a75256944c36383c4817288da1db87343fd8245e2c210fa0583dba5c2,2025-10-11T08:17:10+00:00,610,201,155,87,8.62,103.39999999999998,18,fit:06ab469a75256944c36383c4817288da1db87343fd8245e2c210fa0583dba5c2:segment:003,3,7351.0,7101,activities/049_251011081438.csv,1,1,0,0
fit:06ab469a75256944c36383c4817288da1db87343fd8245e2c210fa0583dba5c2,2025-10-11T08:17:11+00:00,611,198,155,87,8.477,103.20000000000005,18,fit:06ab469a75256944c36383c4817288da1db87343fd8245e2c210fa0583dba5c2:segment:003,3,7352.0,7102,activities/049_251011081438.csv,1,1,0,0
fit:06ab469a75256944c36383c4817288da1db87343fd8245e2c210fa0583dba5c2,2025-10-11T08:17:12+00:00,612,226,154,86,8.506,103.20000000000005,18,fit:06ab469a75256944c36383c4817288da1db87343fd8245e2c210fa0583dba5c2:segment:003,3,7353.0,7103,activities/049_251011081438.csv,1,1,0,0
fit:06ab469a75256944c36383c4817288da1db87343fd8245e2c210fa0583dba5c2,2025-10-11T08:17:13+00:00,613,250,154,86,8.447,103.20000000000005,18,fit:06ab469a75256944c36383c4817288da1db87343fd8245e2c210fa0583dba5c2:segment:003,3,7354.0,7104,activities/049_251011081438.csv,1,1,0,0
fit:06ab469a75256944c36383c4817288da1db87343fd8245e2c210fa0583dba5c2,2025-10-11T08:17:14+00:00,614,259,154,86,8.436,103.20000000000005,18,fit:06ab469a75256944c36383c4817288da1db87343fd8245e2c210fa0583dba5c2:segment:003,3,7355.0,7105,activities/049_251011081438.csv,1,1,0,0
fit:06ab469a75256944c36383c4817288da1db87343fd8245e2c210fa0583dba5c2,2025-10-11T08:17:15+00:00,615,259,153,86,8.471,103.39999999999998,18,fit:06ab469a75256944c36383c4817288da1db87343fd8245e2c210fa0583dba5c2:segment:003,3,7356.0,7106,activities/049_251011081438.csv,1,1,0,0
fit:06ab469a75256944c36383c4817288da1db87343fd8245e2c210fa0583dba5c2,2025-10-11T08:17:16+00:00,616,212,153,86,8.533,103.39999999999998,18,fit:06ab469a75256944c36383c4817288da1db87343fd8245e2c210fa0583dba5c2:segment:003,3,7357.0,7107,activities/049_251011081438.csv,1,1,0,0
fit:06ab469a75256944c36383c4817288da1db87343fd8245e2c210fa0583dba5c2,2025-10-11T08:17:17+00:00,617,189,152,85,8.499,103.39999999999998,18,fit:06ab469a75256944c36383c4817288da1db87343fd8245e2c210fa0583dba5c2:segment:003,3,7358.0,7108,activities/049_251011081438.csv,1,1,0,0
fit:06ab469a75256944c36383c4817288da1db87343fd8245e2c210fa0583dba5c2,2025-10-11T08:17:18+00:00,618,228,152,85,8.423,103.79999999999995,18,fit:06ab469a75256944c36383c4817288da1db87343fd8245e2c210fa0583dba5c2:segment:003,3,7359.0,7109,activities/049_251011081438.csv,1,1,0,0
fit:06ab469a75256944c36383c4817288da1db87343fd8245e2c210fa0583dba5c2,2025-10-11T08:17:19+00:00,619,267,152,84,8.285,104.0,18,fit:06ab469a75256944c36383c4817288da1db87343fd8245e2c210fa0583dba5c2:segment:003,3,7360.0,7110,activities/049_251011081438.csv,1,1,0,0
fit:06ab469a75256944c36383c4817288da1db87343fd8245e2c210fa0583dba5c2,2025-10-11T08:17:20+00:00,620,268,151,83,8.244,104.0,18,fit:06ab469a75256944c36383c4817288da1db87343fd8245e2c210fa0583dba5c2:segment:003,3,7361.0,7111,activities/049_251011081438.csv,1,1,0,0
fit:06ab469a75256944c36383c4817288da1db87343fd8245e2c210fa0583dba5c2,2025-10-11T08:17:21+00:00,621,369,151,83,8.195,104.0,18,fit:06ab469a75256944c36383c4817288da1db87343fd8245e2c210fa0583dba5c2:segment:003,3,7362.0,7112,activities/049_251011081438.csv,1,1,0,0
fit:06ab469a75256944c36383c4817288da1db87343fd8245e2c210fa0583dba5c2,2025-10-11T08:17:22+00:00,622,289,150,83,8.124,104.0,18,fit:06ab469a75256944c36383c4817288da1db87343fd8245e2c210fa0583dba5c2:segment:003,3,7363.0,7113,activities/049_251011081438.csv,1,1,0,0
fit:06ab469a75256944c36383c4817288da1db87343fd8245e2c210fa0583dba5c2,2025-10-11T08:17:23+00:00,623,244,150,83,8.107,104.20000000000005,18,fit:06ab469a75256944c36383c4817288da1db87343fd8245e2c210fa0583dba5c2:segment:003,3,7364.0,7114,activities/049_251011081438.csv,1,1,0,0
fit:06ab469a75256944c36383c4817288da1db87343fd8245e2c210fa0583dba5c2,2025-10-11T08:17:24+00:00,624,246,150,83,8.183,104.20000000000005,18,fit:06ab469a75256944c36383c4817288da1db87343fd8245e2c210fa0583dba5c2:segment:003,3,7365.0,7115,activities/049_251011081438.csv,1,1,0,0
fit:06ab469a75256944c36383c4817288da1db87343fd8245e2c210fa0583dba5c2,2025-10-11T08:17:25+00:00,625,254,150,83,8.167,104.20000000000005,18,fit:06ab469a75256944c36383c4817288da1db87343fd8245e2c210fa0583dba5c2:segment:003,3,7366.0,7116,activities/049_251011081438.csv,1,1,0,0
fit:06ab469a75256944c36383c4817288da1db87343fd8245e2c210fa0583dba5c2,2025-10-11T08:17:26+00:00,626,268,150,83,8.061,104.20000000000005,18,fit:06ab469a75256944c36383c4817288da1db87343fd8245e2c210fa0583dba5c2:segment:003,3,7367.0,7117,activities/049_251011081438.csv,1,1,0,0
fit:06ab469a75256944c36383c4817288da1db87343fd8245e2c210fa0583dba5c2,2025-10-11T08:17:27+00:00,627,248,151,82,8.11,105.39999999999998,18,fit:06ab469a75256944c36383c4817288da1db87343fd8245e2c210fa0583dba5c2:segment:003,3,7368.0,7118,activities/049_251011081438.csv,1,1,0,0
fit:06ab469a75256944c36383c4817288da1db87343fd8245e2c210fa0583dba5c2,2025-10-11T08:17:28+00:00,628,258,151,83,8.139,105.39999999999998,18,fit:06ab469a75256944c36383c4817288da1db87343fd8245e2c210fa0583dba5c2:segment:003,3,7369.0,7119,activities/049_251011081438.csv,1,1,0,0
fit:06ab469a75256944c36383c4817288da1db87343fd8245e2c210fa0583dba5c2,2025-10-11T08:17:29+00:00,629,270,152,83,8.164,105.39999999999998,18,fit:06ab469a75256944c36383c4817288da1db87343fd8245e2c210fa0583dba5c2:segment:003,3,7370.0,7120,activities/049_251011081438.csv,1,1,0,0
fit:06ab469a75256944c36383c4817288da1db87343fd8245e2c210fa0583dba5c2,2025-10-11T08:17:30+00:00,630,225,153,83,8.182,105.39999999999998,18,fit:06ab469a75256944c36383c4817288da1db87343fd8245e2c210fa0583dba5c2:segment:003,3,7371.0,7121,activities/049_251011081438.csv,1,1,0,0
fit:06ab469a75256944c36383c4817288da1db87343fd8245e2c210fa0583dba5c2,2025-10-11T08:17:31+00:00,631,205,153,82,8.119,105.0,18,fit:06ab469a75256944c36383c4817288da1db87343fd8245e2c210fa0583dba5c2:segment:003,3,7372.0,7122,activities/049_251011081438.csv,1,1,0,0
fit:06ab469a75256944c36383c4817288da1db87343fd8245e2c210fa0583dba5c2,2025-10-11T08:17:32+00:00,632,240,153,82,8.185,105.0,18,fit:06ab469a75256944c36383c4817288da1db87343fd8245e2c210fa0583dba5c2:segment:003,3,7373.0,7123,activities/049_251011081438.csv,1,1,0,0
fit:06ab469a75256944c36383c4817288da1db87343fd8245e2c210fa0583dba5c2,2025-10-11T08:17:33+00:00,633,245,153,82,8.163,105.0,18,fit:06ab469a75256944c36383c4817288da1db87343fd8245e2c210fa0583dba5c2:segment:003,3,7374.0,7124,activities/049_251011081438.csv,1,1,0,0
fit:06ab469a75256944c36383c4817288da1db87343fd8245e2c210fa0583dba5c2,2025-10-11T08:17:34+00:00,634,245,154,82,8.047,105.0,18,fit:06ab469a75256944c36383c4817288da1db87343fd8245e2c210fa0583dba5c2:segment:003,3,7375.0,7125,activities/049_251011081438.csv,1,1,0,0
fit:06ab469a75256944c36383c4817288da1db87343fd8245e2c210fa0583dba5c2,2025-10-11T08:17:35+00:00,635,259,154,82,8.034,104.79999999999995,18,fit:06ab469a75256944c36383c4817288da1db87343fd8245e2c210fa0583dba5c2:segment:003,3,7376.0,7126,activities/049_251011081438.csv,1,1,0,0
fit:06ab469a75256944c36383c4817288da1db87343fd8245e2c210fa0583dba5c2,2025-10-11T08:17:36+00:00,636,256,154,83,8.087,104.79999999999995,18,fit:06ab469a75256944c36383c4817288da1db87343fd8245e2c210fa0583dba5c2:segment:003,3,7377.0,7127,activities/049_251011081438.csv,1,1,0,0
fit:06ab469a75256944c36383c4817288da1db87343fd8245e2c210fa0583dba5c2,2025-10-11T08:17:37+00:00,637,276,155,83,8.121,104.79999999999995,18,fit:06ab469a75256944c36383c4817288da1db87343fd8245e2c210fa0583dba5c2:segment:003,3,7378.0,7128,activities/049_251011081438.csv,1,1,0,0
fit:06ab469a75256944c36383c4817288da1db87343fd8245e2c210fa0583dba5c2,2025-10-11T08:17:38+00:00,638,307,155,83,8.082,104.79999999999995,18,fit:06ab469a75256944c36383c4817288da1db87343fd8245e2c210fa0583dba5c2:segment:003,3,7379.0,7129,activities/049_251011081438.csv,1,1,0,0
fit:06ab469a75256944c36383c4817288da1db87343fd8245e2c210fa0583dba5c2,2025-10-11T08:17:39+00:00,639,277,156,83,8.09,104.20000000000005,18,fit:06ab469a75256944c36383c4817288da1db87343fd8245e2c210fa0583dba5c2:segment:003,3,7380.0,7130,activities/049_251011081438.csv,1,1,0,0
fit:06ab469a75256944c36383c4817288da1db87343fd8245e2c210fa0583dba5c2,2025-10-11T08:17:40+00:00,640,277,155,84,8.174,104.20000000000005,18,fit:06ab469a75256944c36383c4817288da1db87343fd8245e2c210fa0583dba5c2:segment:003,3,7381.0,7131,activities/049_251011081438.csv,1,1,0,0
fit:06ab469a75256944c36383c4817288da1db87343fd8245e2c210fa0583dba5c2,2025-10-11T08:17:41+00:00,641,311,155,84,8.259,104.20000000000005,18,fit:06ab469a75256944c36383c4817288da1db87343fd8245e2c210fa0583dba5c2:segment:003,3,7382.0,7132,activities/049_251011081438.csv,1,1,0,0
fit:06ab469a75256944c36383c4817288da1db87343fd8245e2c210fa0583dba5c2,2025-10-11T08:17:42+00:00,642,242,155,85,8.361,104.20000000000005,18,fit:06ab469a75256944c36383c4817288da1db87343fd8245e2c210fa0583dba5c2:segment:003,3,7383.0,7133,activities/049_251011081438.csv,1,1,0,0
fit:06ab469a75256944c36383c4817288da1db87343fd8245e2c210fa0583dba5c2,2025-10-11T08:17:43+00:00,643,271,155,85,8.346,104.20000000000005,18,fit:06ab469a75256944c36383c4817288da1db87343fd8245e2c210fa0583dba5c2:segment:003,3,7384.0,7134,activities/049_251011081438.csv,1,1,0,0
fit:06ab469a75256944c36383c4817288da1db87343fd8245e2c210fa0583dba5c2,2025-10-11T08:17:44+00:00,644,305,155,86,8.422,104.20000000000005,18,fit:06ab469a75256944c36383c4817288da1db87343fd8245e2c210fa0583dba5c2:segment:003,3,7385.0,7135,activities/049_251011081438.csv,1,1,0,0
fit:06ab469a75256944c36383c4817288da1db87343fd8245e2c210fa0583dba5c2,2025-10-11T08:17:45+00:00,645,278,155,85,8.559,104.20000000000005,18,fit:06ab469a75256944c36383c4817288da1db87343fd8245e2c210fa0583dba5c2:segment:003,3,7386.0,7136,activities/049_251011081438.csv,1,1,0,0
fit:06ab469a75256944c36383c4817288da1db87343fd8245e2c210fa0583dba5c2,2025-10-11T08:17:46+00:00,646,245,155,85,8.409,104.20000000000005,18,fit:06ab469a75256944c36383c4817288da1db87343fd8245e2c210fa0583dba5c2:segment:003,3,7387.0,7137,activities/049_251011081438.csv,1,1,0,0
fit:06ab469a75256944c36383c4817288da1db87343fd8245e2c210fa0583dba5c2,2025-10-11T08:17:47+00:00,647,297,155,84,8.296,104.39999999999998,18,fit:06ab469a75256944c36383c4817288da1db87343fd8245e2c210fa0583dba5c2:segment:003,3,7388.0,7138,activities/049_251011081438.csv,1,1,0,0
fit:06ab469a75256944c36383c4817288da1db87343fd8245e2c210fa0583dba5c2,2025-10-11T08:17:48+00:00,648,276,155,86,8.319,104.39999999999998,18,fit:06ab469a75256944c36383c4817288da1db87343fd8245e2c210fa0583dba5c2:segment:003,3,7389.0,7139,activities/049_251011081438.csv,1,1,0,0
fit:06ab469a75256944c36383c4817288da1db87343fd8245e2c210fa0583dba5c2,2025-10-11T08:17:49+00:00,649,246,156,86,8.317,104.39999999999998,18,fit:06ab469a75256944c36383c4817288da1db87343fd8245e2c210fa0583dba5c2:segment:003,3,7390.0,7140,activities/049_251011081438.csv,1,1,0,0
fit:06ab469a75256944c36383c4817288da1db87343fd8245e2c210fa0583dba5c2,2025-10-11T08:17:50+00:00,650,252,156,86,8.317,105.20000000000005,18,fit:06ab469a75256944c36383c4817288da1db87343fd8245e2c210fa0583dba5c2:segment:003,3,7391.0,7141,activities/049_251011081438.csv,1,1,0,0
fit:06ab469a75256944c36383c4817288da1db87343fd8245e2c210fa0583dba5c2,2025-10-11T08:17:51+00:00,651,301,157,86,8.367,105.20000000000005,18,fit:06ab469a75256944c36383c4817288da1db87343fd8245e2c210fa0583dba5c2:segment:003,3,7392.0,7142,activities/049_251011081438.csv,1,1,0,0
fit:06ab469a75256944c36383c4817288da1db87343fd8245e2c210fa0583dba5c2,2025-10-11T08:17:52+00:00,652,260,157,85,8.326,105.20000000000005,18,fit:06ab469a75256944c36383c4817288da1db87343fd8245e2c210fa0583dba5c2:segment:003,3,7393.0,7143,activities/049_251011081438.csv,1,1,0,0
fit:06ab469a75256944c36383c4817288da1db87343fd8245e2c210fa0583dba5c2,2025-10-11T08:17:53+00:00,653,249,157,84,8.372,105.20000000000005,18,fit:06ab469a75256944c36383c4817288da1db87343fd8245e2c210fa0583dba5c2:segment:003,3,7394.0,7144,activities/049_251011081438.csv,1,1,0,0
fit:06ab469a75256944c36383c4817288da1db87343fd8245e2c210fa0583dba5c2,2025-10-11T08:17:54+00:00,654,303,158,84,8.299,105.20000000000005,18,fit:06ab469a75256944c36383c4817288da1db87343fd8245e2c210fa0583dba5c2:segment:003,3,7395.0,7145,activities/049_251011081438.csv,1,1,0,0
fit:06ab469a75256944c36383c4817288da1db87343fd8245e2c210fa0583dba5c2,2025-10-11T08:17:55+00:00,655,303,158,83,8.235,105.0,18,fit:06ab469a75256944c36383c4817288da1db87343fd8245e2c210fa0583dba5c2:segment:003,3,7396.0,7146,activities/049_251011081438.csv,1,1,0,0
fit:06ab469a75256944c36383c4817288da1db87343fd8245e2c210fa0583dba5c2,2025-10-11T08:17:56+00:00,656,275,158,83,8.284,105.0,18,fit:06ab469a75256944c36383c4817288da1db87343fd8245e2c210fa0583dba5c2:segment:003,3,7397.0,7147,activities/049_251011081438.csv,1,1,0,0
fit:06ab469a75256944c36383c4817288da1db87343fd8245e2c210fa0583dba5c2,2025-10-11T08:17:57+00:00,657,226,158,82,8.146,105.0,18,fit:06ab469a75256944c36383c4817288da1db87343fd8245e2c210fa0583dba5c2:segment:003,3,7398.0,7148,activities/049_251011081438.csv,1,1,0,0
fit:06ab469a75256944c36383c4817288da1db87343fd8245e2c210fa0583dba5c2,2025-10-11T08:17:58+00:00,658,258,158,82,8.043,105.0,18,fit:06ab469a75256944c36383c4817288da1db87343fd8245e2c210fa0583dba5c2:segment:003,3,7399.0,7149,activities/049_251011081438.csv,1,1,0,0
fit:06ab469a75256944c36383c4817288da1db87343fd8245e2c210fa0583dba5c2,2025-10-11T08:17:59+00:00,659,249,158,82,7.953,105.79999999999995,18,fit:06ab469a75256944c36383c4817288da1db87343fd8245e2c210fa0583dba5c2:segment:003,3,7400.0,7150,activities/049_251011081438.csv,1,1,0,0
fit:06ab469a75256944c36383c4817288da1db87343fd8245e2c210fa0583dba5c2,2025-10-11T08:18:00+00:00,660,329,157,82,7.931,105.79999999999995,18,fit:06ab469a75256944c36383c4817288da1db87343fd8245e2c210fa0583dba5c2:segment:003,3,7401.0,7151,activities/049_251011081438.csv,1,1,0,0
fit:06ab469a75256944c36383c4817288da1db87343fd8245e2c210fa0583dba5c2,2025-10-11T08:18:01+00:00,661,276,157,82,7.993,105.79999999999995,18,fit:06ab469a75256944c36383c4817288da1db87343fd8245e2c210fa0583dba5c2:segment:003,3,7402.0,7152,activities/049_251011081438.csv,1,1,0,0
fit:06ab469a75256944c36383c4817288da1db87343fd8245e2c210fa0583dba5c2,2025-10-11T08:18:02+00:00,662,287,157,82,7.87,106.39999999999998,18,fit:06ab469a75256944c36383c4817288da1db87343fd8245e2c210fa0583dba5c2:segment:003,3,7403.0,7153,activities/049_251011081438.csv,1,1,0,0
fit:06ab469a75256944c36383c4817288da1db87343fd8245e2c210fa0583dba5c2,2025-10-11T08:18:03+00:00,663,258,158,82,7.956,105.20000000000005,18,fit:06ab469a75256944c36383c4817288da1db87343fd8245e2c210fa0583dba5c2:segment:003,3,7404.0,7154,activities/049_251011081438.csv,1,1,0,0
fit:06ab469a75256944c36383c4817288da1db87343fd8245e2c210fa0583dba5c2,2025-10-11T08:18:04+00:00,664,267,159,82,8.062,105.20000000000005,18,fit:06ab469a75256944c36383c4817288da1db87343fd8245e2c210fa0583dba5c2:segment:003,3,7405.0,7155,activities/049_251011081438.csv,1,1,0,0
fit:06ab469a75256944c36383c4817288da1db87343fd8245e2c210fa0583dba5c2,2025-10-11T08:18:05+00:00,665,267,160,82,8.024,105.20000000000005,18,fit:06ab469a75256944c36383c4817288da1db87343fd8245e2c210fa0583dba5c2:segment:003,3,7406.0,7156,activities/049_251011081438.csv,1,1,0,0
fit:06ab469a75256944c36383c4817288da1db87343fd8245e2c210fa0583dba5c2,2025-10-11T08:18:06+00:00,666,257,161,82,8.0,106.20000000000005,18,fit:06ab469a75256944c36383c4817288da1db87343fd8245e2c210fa0583dba5c2:segment:003,3,7407.0,7157,activities/049_251011081438.csv,1,1,0,0
fit:06ab469a75256944c36383c4817288da1db87343fd8245e2c210fa0583dba5c2,2025-10-11T08:18:07+00:00,667,254,161,82,7.974,106.60000000000002,18,fit:06ab469a75256944c36383c4817288da1db87343fd8245e2c210fa0583dba5c2:segment:003,3,7408.0,7158,activities/049_251011081438.csv,1,1,0,0
fit:06ab469a75256944c36383c4817288da1db87343fd8245e2c210fa0583dba5c2,2025-10-11T08:18:08+00:00,668,239,162,82,7.998,106.60000000000002,18,fit:06ab469a75256944c36383c4817288da1db87343fd8245e2c210fa0583dba5c2:segment:003,3,7409.0,7159,activities/049_251011081438.csv,1,1,0,0
fit:06ab469a75256944c36383c4817288da1db87343fd8245e2c210fa0583dba5c2,2025-10-11T08:18:09+00:00,669,231,162,82,7.96,106.60000000000002,18,fit:06ab469a75256944c36383c4817288da1db87343fd8245e2c210fa0583dba5c2:segment:003,3,7410.0,7160,activities/049_251011081438.csv,1,1,0,0
fit:06ab469a75256944c36383c4817288da1db87343fd8245e2c210fa0583dba5c2,2025-10-11T08:18:10+00:00,670,266,162,82,8.042,107.20000000000005,18,fit:06ab469a75256944c36383c4817288da1db87343fd8245e2c210fa0583dba5c2:segment:003,3,7411.0,7161,activities/049_251011081438.csv,1,1,0,0
fit:06ab469a75256944c36383c4817288da1db87343fd8245e2c210fa0583dba5c2,2025-10-11T08:18:11+00:00,671,294,162,83,8.088,107.20000000000005,18,fit:06ab469a75256944c36383c4817288da1db87343fd8245e2c210fa0583dba5c2:segment:003,3,7412.0,7162,activities/049_251011081438.csv,1,1,0,0
fit:06ab469a75256944c36383c4817288da1db87343fd8245e2c210fa0583dba5c2,2025-10-11T08:18:12+00:00,672,253,162,83,8.198,107.20000000000005,18,fit:06ab469a75256944c36383c4817288da1db87343fd8245e2c210fa0583dba5c2:segment:003,3,7413.0,7163,activities/049_251011081438.csv,1,1,0,0
fit:06ab469a75256944c36383c4817288da1db87343fd8245e2c210fa0583dba5c2,2025-10-11T08:18:13+00:00,673,274,162,83,8.291,107.20000000000005,18,fit:06ab469a75256944c36383c4817288da1db87343fd8245e2c210fa0583dba5c2:segment:003,3,7414.0,7164,activities/049_251011081438.csv,1,1,0,0
fit:06ab469a75256944c36383c4817288da1db87343fd8245e2c210fa0583dba5c2,2025-10-11T08:18:14+00:00,674,277,162,83,8.258,107.20000000000005,18,fit:06ab469a75256944c36383c4817288da1db87343fd8245e2c210fa0583dba5c2:segment:003,3,7415.0,7165,activities/049_251011081438.csv,1,1,0,0
fit:06ab469a75256944c36383c4817288da1db87343fd8245e2c210fa0583dba5c2,2025-10-11T08:18:15+00:00,675,290,162,84,8.145,107.79999999999995,18,fit:06ab469a75256944c36383c4817288da1db87343fd8245e2c210fa0583dba5c2:segment:003,3,7416.0,7166,activities/049_251011081438.csv,1,1,0,0
fit:06ab469a75256944c36383c4817288da1db87343fd8245e2c210fa0583dba5c2,2025-10-11T08:18:16+00:00,676,259,161,84,8.149,107.79999999999995,18,fit:06ab469a75256944c36383c4817288da1db87343fd8245e2c210fa0583dba5c2:segment:003,3,7417.0,7167,activities/049_251011081438.csv,1,1,0,0
fit:06ab469a75256944c36383c4817288da1db87343fd8245e2c210fa0583dba5c2,2025-10-11T08:18:17+00:00,677,272,161,84,8.142,107.79999999999995,18,fit:06ab469a75256944c36383c4817288da1db87343fd8245e2c210fa0583dba5c2:segment:003,3,7418.0,7168,activities/049_251011081438.csv,1,1,0,0
fit:06ab469a75256944c36383c4817288da1db87343fd8245e2c210fa0583dba5c2,2025-10-11T08:18:18+00:00,678,300,161,84,8.158,107.20000000000005,18,fit:06ab469a75256944c36383c4817288da1db87343fd8245e2c210fa0583dba5c2:segment:003,3,7419.0,7169,activities/049_251011081438.csv,1,1,0,0
fit:06ab469a75256944c36383c4817288da1db87343fd8245e2c210fa0583dba5c2,2025-10-11T08:18:19+00:00,679,269,161,85,8.177,106.39999999999998,18,fit:06ab469a75256944c36383c4817288da1db87343fd8245e2c210fa0583dba5c2:segment:003,3,7420.0,7170,activities/049_251011081438.csv,1,1,0,0
fit:06ab469a75256944c36383c4817288da1db87343fd8245e2c210fa0583dba5c2,2025-10-11T08:18:20+00:00,680,270,160,84,8.057,106.39999999999998,18,fit:06ab469a75256944c36383c4817288da1db87343fd8245e2c210fa0583dba5c2:segment:003,3,7421.0,7171,activities/049_251011081438.csv,1,1,0,0
fit:06ab469a75256944c36383c4817288da1db87343fd8245e2c210fa0583dba5c2,2025-10-11T08:18:21+00:00,681,233,160,84,7.943,106.39999999999998,18,fit:06ab469a75256944c36383c4817288da1db87343fd8245e2c210fa0583dba5c2:segment:003,3,7422.0,7172,activities/049_251011081438.csv,1,1,0,0
fit:06ab469a75256944c36383c4817288da1db87343fd8245e2c210fa0583dba5c2,2025-10-11T08:18:22+00:00,682,241,160,84,7.979,106.39999999999998,18,fit:06ab469a75256944c36383c4817288da1db87343fd8245e2c210fa0583dba5c2:segment:003,3,7423.0,7173,activities/049_251011081438.csv,1,1,0,0
fit:06ab469a75256944c36383c4817288da1db87343fd8245e2c210fa0583dba5c2,2025-10-11T08:18:23+00:00,683,267,160,82,8.017,106.60000000000002,18,fit:06ab469a75256944c36383c4817288da1db87343fd8245e2c210fa0583dba5c2:segment:003,3,7424.0,7174,activities/049_251011081438.csv,1,1,0,0
fit:06ab469a75256944c36383c4817288da1db87343fd8245e2c210fa0583dba5c2,2025-10-11T08:18:24+00:00,684,295,160,82,8.007,106.60000000000002,18,fit:06ab469a75256944c36383c4817288da1db87343fd8245e2c210fa0583dba5c2:segment:003,3,7425.0,7175,activities/049_251011081438.csv,1,1,0,0
fit:06ab469a75256944c36383c4817288da1db87343fd8245e2c210fa0583dba5c2,2025-10-11T08:18:25+00:00,685,295,160,82,8.08,106.60000000000002,18,fit:06ab469a75256944c36383c4817288da1db87343fd8245e2c210fa0583dba5c2:segment:003,3,7426.0,7176,activities/049_251011081438.csv,1,1,0,0
fit:06ab469a75256944c36383c4817288da1db87343fd8245e2c210fa0583dba5c2,2025-10-11T08:18:26+00:00,686,243,160,82,7.979,107.60000000000002,18,fit:06ab469a75256944c36383c4817288da1db87343fd8245e2c210fa0583dba5c2:segment:003,3,7427.0,7177,activities/049_251011081438.csv,1,1,0,0
fit:06ab469a75256944c36383c4817288da1db87343fd8245e2c210fa0583dba5c2,2025-10-11T08:18:27+00:00,687,256,160,82,7.828,107.60000000000002,18,fit:06ab469a75256944c36383c4817288da1db87343fd8245e2c210fa0583dba5c2:segment:003,3,7428.0,7178,activities/049_251011081438.csv,1,1,0,0
fit:06ab469a75256944c36383c4817288da1db87343fd8245e2c210fa0583dba5c2,2025-10-11T08:18:28+00:00,688,271,160,82,7.778,107.60000000000002,18,fit:06ab469a75256944c36383c4817288da1db87343fd8245e2c210fa0583dba5c2:segment:003,3,7429.0,7179,activities/049_251011081438.csv,1,1,0,0
fit:06ab469a75256944c36383c4817288da1db87343fd8245e2c210fa0583dba5c2,2025-10-11T08:18:29+00:00,689,271,160,82,7.762,107.60000000000002,18,fit:06ab469a75256944c36383c4817288da1db87343fd8245e2c210fa0583dba5c2:segment:003,3,7430.0,7180,activities/049_251011081438.csv,1,1,0,0
fit:06ab469a75256944c36383c4817288da1db87343fd8245e2c210fa0583dba5c2,2025-10-11T08:18:30+00:00,690,271,160,81,7.814,107.60000000000002,18,fit:06ab469a75256944c36383c4817288da1db87343fd8245e2c210fa0583dba5c2:segment:003,3,7431.0,7181,activities/049_251011081438.csv,1,1,0,0
fit:06ab469a75256944c36383c4817288da1db87343fd8245e2c210fa0583dba5c2,2025-10-11T08:18:31+00:00,691,236,160,81,7.976,107.79999999999995,18,fit:06ab469a75256944c36383c4817288da1db87343fd8245e2c210fa0583dba5c2:segment:003,3,7432.0,7182,activities/049_251011081438.csv,1,1,0,0
fit:06ab469a75256944c36383c4817288da1db87343fd8245e2c210fa0583dba5c2,2025-10-11T08:18:32+00:00,692,230,160,81,7.807,107.79999999999995,18,fit:06ab469a75256944c36383c4817288da1db87343fd8245e2c210fa0583dba5c2:segment:003,3,7433.0,7183,activities/049_251011081438.csv,1,1,0,0
fit:06ab469a75256944c36383c4817288da1db87343fd8245e2c210fa0583dba5c2,2025-10-11T08:18:33+00:00,693,254,160,80,7.712,107.79999999999995,18,fit:06ab469a75256944c36383c4817288da1db87343fd8245e2c210fa0583dba5c2:segment:003,3,7434.0,7184,activities/049_251011081438.csv,1,1,0,0
fit:06ab469a75256944c36383c4817288da1db87343fd8245e2c210fa0583dba5c2,2025-10-11T08:18:34+00:00,694,254,160,80,7.835,107.79999999999995,18,fit:06ab469a75256944c36383c4817288da1db87343fd8245e2c210fa0583dba5c2:segment:003,3,7435.0,7185,activities/049_251011081438.csv,1,1,0,0
fit:06ab469a75256944c36383c4817288da1db87343fd8245e2c210fa0583dba5c2,2025-10-11T08:18:35+00:00,695,201,160,80,7.884,108.39999999999998,18,fit:06ab469a75256944c36383c4817288da1db87343fd8245e2c210fa0583dba5c2:segment:003,3,7436.0,7186,activities/049_251011081438.csv,1,1,0,0
fit:06ab469a75256944c36383c4817288da1db87343fd8245e2c210fa0583dba5c2,2025-10-11T08:18:36+00:00,696,277,160,79,7.919,108.39999999999998,18,fit:06ab469a75256944c36383c4817288da1db87343fd8245e2c210fa0583dba5c2:segment:003,3,7437.0,7187,activities/049_251011081438.csv,1,1,0,0
fit:06ab469a75256944c36383c4817288da1db87343fd8245e2c210fa0583dba5c2,2025-10-11T08:18:37+00:00,697,257,159,79,7.849,108.39999999999998,18,fit:06ab469a75256944c36383c4817288da1db87343fd8245e2c210fa0583dba5c2:segment:003,3,7438.0,7188,activities/049_251011081438.csv,1,1,0,0
fit:06ab469a75256944c36383c4817288da1db87343fd8245e2c210fa0583dba5c2,2025-10-11T08:18:38+00:00,698,299,159,79,7.978,108.60000000000002,18,fit:06ab469a75256944c36383c4817288da1db87343fd8245e2c210fa0583dba5c2:segment:003,3,7439.0,7189,activities/049_251011081438.csv,1,1,0,0
fit:06ab469a75256944c36383c4817288da1db87343fd8245e2c210fa0583dba5c2,2025-10-11T08:18:39+00:00,699,303,159,80,7.916,108.20000000000005,18,fit:06ab469a75256944c36383c4817288da1db87343fd8245e2c210fa0583dba5c2:segment:003,3,7440.0,7190,activities/049_251011081438.csv,1,1,0,0
fit:06ab469a75256944c36383c4817288da1db87343fd8245e2c210fa0583dba5c2,2025-10-11T08:18:40+00:00,700,277,158,79,7.838,108.20000000000005,18,fit:06ab469a75256944c36383c4817288da1db87343fd8245e2c210fa0583dba5c2:segment:003,3,7441.0,7191,activities/049_251011081438.csv,1,1,0,0
fit:06ab469a75256944c36383c4817288da1db87343fd8245e2c210fa0583dba5c2,2025-10-11T08:18:41+00:00,701,257,157,79,7.944,108.20000000000005,18,fit:06ab469a75256944c36383c4817288da1db87343fd8245e2c210fa0583dba5c2:segment:003,3,7442.0,7192,activities/049_251011081438.csv,1,1,0,0
fit:06ab469a75256944c36383c4817288da1db87343fd8245e2c210fa0583dba5c2,2025-10-11T08:18:42+00:00,702,258,156,80,7.939,108.20000000000005,18,fit:06ab469a75256944c36383c4817288da1db87343fd8245e2c210fa0583dba5c2:segment:003,3,7443.0,7193,activities/049_251011081438.csv,1,1,0,0
fit:06ab469a75256944c36383c4817288da1db87343fd8245e2c210fa0583dba5c2,2025-10-11T08:18:43+00:00,703,228,156,80,7.798,108.0,18,fit:06ab469a75256944c36383c4817288da1db87343fd8245e2c210fa0583dba5c2:segment:003,3,7444.0,7194,activities/049_251011081438.csv,1,1,0,0
fit:06ab469a75256944c36383c4817288da1db87343fd8245e2c210fa0583dba5c2,2025-10-11T08:18:44+00:00,704,228,156,80,7.91,108.0,18,fit:06ab469a75256944c36383c4817288da1db87343fd8245e2c210fa0583dba5c2:segment:003,3,7445.0,7195,activities/049_251011081438.csv,1,1,0,0
fit:06ab469a75256944c36383c4817288da1db87343fd8245e2c210fa0583dba5c2,2025-10-11T08:18:45+00:00,705,268,155,79,7.947,108.0,18,fit:06ab469a75256944c36383c4817288da1db87343fd8245e2c210fa0583dba5c2:segment:003,3,7446.0,7196,activities/049_251011081438.csv,1,1,0,0
fit:06ab469a75256944c36383c4817288da1db87343fd8245e2c210fa0583dba5c2,2025-10-11T08:18:46+00:00,706,291,155,79,7.923,108.0,18,fit:06ab469a75256944c36383c4817288da1db87343fd8245e2c210fa0583dba5c2:segment:003,3,7447.0,7197,activities/049_251011081438.csv,1,1,0,0
fit:06ab469a75256944c36383c4817288da1db87343fd8245e2c210fa0583dba5c2,2025-10-11T08:18:47+00:00,707,283,156,79,8.112,108.79999999999995,18,fit:06ab469a75256944c36383c4817288da1db87343fd8245e2c210fa0583dba5c2:segment:003,3,7448.0,7198,activities/049_251011081438.csv,1,1,0,0
fit:06ab469a75256944c36383c4817288da1db87343fd8245e2c210fa0583dba5c2,2025-10-11T08:18:48+00:00,708,255,156,80,7.901,108.79999999999995,18,fit:06ab469a75256944c36383c4817288da1db87343fd8245e2c210fa0583dba5c2:segment:003,3,7449.0,7199,activities/049_251011081438.csv,1,1,0,0
fit:06ab469a75256944c36383c4817288da1db87343fd8245e2c210fa0583dba5c2,2025-10-11T08:18:49+00:00,709,255,156,80,7.816,108.79999999999995,18,fit:06ab469a75256944c36383c4817288da1db87343fd8245e2c210fa0583dba5c2:segment:003,3,7450.0,7200,activities/049_251011081438.csv,1,1,0,0
fit:06ab469a75256944c36383c4817288da1db87343fd8245e2c210fa0583dba5c2,2025-10-11T08:18:50+00:00,710,229,156,80,7.761,109.0,18,fit:06ab469a75256944c36383c4817288da1db87343fd8245e2c210fa0583dba5c2:segment:003,3,7451.0,7201,activities/049_251011081438.csv,1,1,0,0
fit:06ab469a75256944c36383c4817288da1db87343fd8245e2c210fa0583dba5c2,2025-10-11T08:18:51+00:00,711,228,156,80,7.769,109.39999999999998,18,fit:06ab469a75256944c36383c4817288da1db87343fd8245e2c210fa0583dba5c2:segment:003,3,7452.0,7202,activities/049_251011081438.csv,1,1,0,0
fit:06ab469a75256944c36383c4817288da1db87343fd8245e2c210fa0583dba5c2,2025-10-11T08:18:52+00:00,712,252,156,80,7.868,109.39999999999998,18,fit:06ab469a75256944c36383c4817288da1db87343fd8245e2c210fa0583dba5c2:segment:003,3,7453.0,7203,activities/049_251011081438.csv,1,1,0,0
fit:06ab469a75256944c36383c4817288da1db87343fd8245e2c210fa0583dba5c2,2025-10-11T08:18:53+00:00,713,280,156,81,7.921,109.39999999999998,18,fit:06ab469a75256944c36383c4817288da1db87343fd8245e2c210fa0583dba5c2:segment:003,3,7454.0,7204,activities/049_251011081438.csv,1,1,0,0
fit:06ab469a75256944c36383c4817288da1db87343fd8245e2c210fa0583dba5c2,2025-10-11T08:18:54+00:00,714,278,156,82,7.886,109.39999999999998,18,fit:06ab469a75256944c36383c4817288da1db87343fd8245e2c210fa0583dba5c2:segment:003,3,7455.0,7205,activities/049_251011081438.csv,1,1,0,0
fit:06ab469a75256944c36383c4817288da1db87343fd8245e2c210fa0583dba5c2,2025-10-11T08:18:55+00:00,715,263,155,82,7.969,109.60000000000002,18,fit:06ab469a75256944c36383c4817288da1db87343fd8245e2c210fa0583dba5c2:segment:003,3,7456.0,7206,activities/049_251011081438.csv,1,1,0,0
fit:06ab469a75256944c36383c4817288da1db87343fd8245e2c210fa0583dba5c2,2025-10-11T08:18:56+00:00,716,236,154,82,8.037,109.60000000000002,18,fit:06ab469a75256944c36383c4817288da1db87343fd8245e2c210fa0583dba5c2:segment:003,3,7457.0,7207,activities/049_251011081438.csv,1,1,0,0
fit:06ab469a75256944c36383c4817288da1db87343fd8245e2c210fa0583dba5c2,2025-10-11T08:18:57+00:00,717,287,153,81,8.121,109.60000000000002,18,fit:06ab469a75256944c36383c4817288da1db87343fd8245e2c210fa0583dba5c2:segment:003,3,7458.0,7208,activities/049_251011081438.csv,1,1,0,0
fit:06ab469a75256944c36383c4817288da1db87343fd8245e2c210fa0583dba5c2,2025-10-11T08:18:58+00:00,718,287,153,81,8.229,108.79999999999995,18,fit:06ab469a75256944c36383c4817288da1db87343fd8245e2c210fa0583dba5c2:segment:003,3,7459.0,7209,activities/049_251011081438.csv,1,1,0,0
fit:06ab469a75256944c36383c4817288da1db87343fd8245e2c210fa0583dba5c2,2025-10-11T08:18:59+00:00,719,248,153,81,8.091,110.20000000000005,18,fit:06ab469a75256944c36383c4817288da1db87343fd8245e2c210fa0583dba5c2:segment:003,3,7460.0,7210,activities/049_251011081438.csv,1,1,0,0
fit:06ab469a75256944c36383c4817288da1db87343fd8245e2c210fa0583dba5c2,2025-10-11T08:19:00+00:00,720,233,153,82,8.135,110.20000000000005,18,fit:06ab469a75256944c36383c4817288da1db87343fd8245e2c210fa0583dba5c2:segment:003,3,7461.0,7211,activities/049_251011081438.csv,1,1,0,0
fit:06ab469a75256944c36383c4817288da1db87343fd8245e2c210fa0583dba5c2,2025-10-11T08:19:01+00:00,721,239,153,82,8.027,110.20000000000005,18,fit:06ab469a75256944c36383c4817288da1db87343fd8245e2c210fa0583dba5c2:segment:003,3,7462.0,7212,activities/049_251011081438.csv,1,1,0,0
fit:06ab469a75256944c36383c4817288da1db87343fd8245e2c210fa0583dba5c2,2025-10-11T08:19:02+00:00,722,248,154,82,7.963,109.39999999999998,18,fit:06ab469a75256944c36383c4817288da1db87343fd8245e2c210fa0583dba5c2:segment:003,3,7463.0,7213,activities/049_251011081438.csv,1,1,0,0
fit:06ab469a75256944c36383c4817288da1db87343fd8245e2c210fa0583dba5c2,2025-10-11T08:19:03+00:00,723,229,155,82,7.983,109.60000000000002,18,fit:06ab469a75256944c36383c4817288da1db87343fd8245e2c210fa0583dba5c2:segment:003,3,7464.0,7214,activities/049_251011081438.csv,1,1,0,0
fit:06ab469a75256944c36383c4817288da1db87343fd8245e2c210fa0583dba5c2,2025-10-11T08:19:04+00:00,724,204,156,81,7.962,109.60000000000002,18,fit:06ab469a75256944c36383c4817288da1db87343fd8245e2c210fa0583dba5c2:segment:003,3,7465.0,7215,activities/049_251011081438.csv,1,1,0,0
fit:06ab469a75256944c36383c4817288da1db87343fd8245e2c210fa0583dba5c2,2025-10-11T08:19:05+00:00,725,198,157,80,7.891,109.60000000000002,18,fit:06ab469a75256944c36383c4817288da1db87343fd8245e2c210fa0583dba5c2:segment:003,3,7466.0,7216,activities/049_251011081438.csv,1,1,0,0
fit:06ab469a75256944c36383c4817288da1db87343fd8245e2c210fa0583dba5c2,2025-10-11T08:19:06+00:00,726,288,157,80,7.445,109.60000000000002,18,fit:06ab469a75256944c36383c4817288da1db87343fd8245e2c210fa0583dba5c2:segment:003,3,7467.0,7217,activities/049_251011081438.csv,1,1,0,0
fit:06ab469a75256944c36383c4817288da1db87343fd8245e2c210fa0583dba5c2,2025-10-11T08:19:07+00:00,727,290,157,79,7.455,110.0,18,fit:06ab469a75256944c36383c4817288da1db87343fd8245e2c210fa0583dba5c2:segment:003,3,7468.0,7218,activities/049_251011081438.csv,1,1,0,0
fit:06ab469a75256944c36383c4817288da1db87343fd8245e2c210fa0583dba5c2,2025-10-11T08:19:08+00:00,728,272,157,79,7.313,110.0,18,fit:06ab469a75256944c36383c4817288da1db87343fd8245e2c210fa0583dba5c2:segment:003,3,7469.0,7219,activities/049_251011081438.csv,1,1,0,0
fit:06ab469a75256944c36383c4817288da1db87343fd8245e2c210fa0583dba5c2,2025-10-11T08:19:09+00:00,729,287,157,79,7.477,110.0,18,fit:06ab469a75256944c36383c4817288da1db87343fd8245e2c210fa0583dba5c2:segment:003,3,7470.0,7220,activities/049_251011081438.csv,1,1,0,0
fit:06ab469a75256944c36383c4817288da1db87343fd8245e2c210fa0583dba5c2,2025-10-11T08:19:10+00:00,730,288,157,80,7.511,110.0,18,fit:06ab469a75256944c36383c4817288da1db87343fd8245e2c210fa0583dba5c2:segment:003,3,7471.0,7221,activities/049_251011081438.csv,1,1,0,0
fit:06ab469a75256944c36383c4817288da1db87343fd8245e2c210fa0583dba5c2,2025-10-11T08:19:11+00:00,731,285,157,80,7.891,111.0,18,fit:06ab469a75256944c36383c4817288da1db87343fd8245e2c210fa0583dba5c2:segment:003,3,7472.0,7222,activities/049_251011081438.csv,1,1,0,0
fit:06ab469a75256944c36383c4817288da1db87343fd8245e2c210fa0583dba5c2,2025-10-11T08:19:12+00:00,732,221,157,80,7.82,111.0,18,fit:06ab469a75256944c36383c4817288da1db87343fd8245e2c210fa0583dba5c2:segment:003,3,7473.0,7223,activities/049_251011081438.csv,1,1,0,0
fit:06ab469a75256944c36383c4817288da1db87343fd8245e2c210fa0583dba5c2,2025-10-11T08:19:13+00:00,733,208,157,81,7.793,111.0,18,fit:06ab469a75256944c36383c4817288da1db87343fd8245e2c210fa0583dba5c2:segment:003,3,7474.0,7224,activities/049_251011081438.csv,1,1,0,0
fit:06ab469a75256944c36383c4817288da1db87343fd8245e2c210fa0583dba5c2,2025-10-11T08:19:14+00:00,734,216,157,82,7.63,111.0,18,fit:06ab469a75256944c36383c4817288da1db87343fd8245e2c210fa0583dba5c2:segment:003,3,7475.0,7225,activities/049_251011081438.csv,1,1,0,0
fit:06ab469a75256944c36383c4817288da1db87343fd8245e2c210fa0583dba5c2,2025-10-11T08:19:15+00:00,735,196,157,83,7.821,112.0,18,fit:06ab469a75256944c36383c4817288da1db87343fd8245e2c210fa0583dba5c2:segment:003,3,7476.0,7226,activities/049_251011081438.csv,1,1,0,0
fit:06ab469a75256944c36383c4817288da1db87343fd8245e2c210fa0583dba5c2,2025-10-11T08:19:16+00:00,736,196,157,82,7.926,112.0,18,fit:06ab469a75256944c36383c4817288da1db87343fd8245e2c210fa0583dba5c2:segment:003,3,7477.0,7227,activities/049_251011081438.csv,1,1,0,0
fit:06ab469a75256944c36383c4817288da1db87343fd8245e2c210fa0583dba5c2,2025-10-11T08:19:17+00:00,737,240,157,82,8.106,112.0,18,fit:06ab469a75256944c36383c4817288da1db87343fd8245e2c210fa0583dba5c2:segment:003,3,7478.0,7228,activities/049_251011081438.csv,1,1,0,0
fit:06ab469a75256944c36383c4817288da1db87343fd8245e2c210fa0583dba5c2,2025-10-11T08:19:18+00:00,738,252,156,82,7.861,111.20000000000005,18,fit:06ab469a75256944c36383c4817288da1db87343fd8245e2c210fa0583dba5c2:segment:003,3,7479.0,7229,activities/049_251011081438.csv,1,1,0,0
fit:06ab469a75256944c36383c4817288da1db87343fd8245e2c210fa0583dba5c2,2025-10-11T08:19:19+00:00,739,253,156,83,7.84,111.20000000000005,18,fit:06ab469a75256944c36383c4817288da1db87343fd8245e2c210fa0583dba5c2:segment:003,3,7480.0,7230,activities/049_251011081438.csv,1,1,0,0
fit:06ab469a75256944c36383c4817288da1db87343fd8245e2c210fa0583dba5c2,2025-10-11T08:19:20+00:00,740,204,155,83,7.746,111.20000000000005,18,fit:06ab469a75256944c36383c4817288da1db87343fd8245e2c210fa0583dba5c2:segment:003,3,7481.0,7231,activities/049_251011081438.csv,1,1,0,0
fit:06ab469a75256944c36383c4817288da1db87343fd8245e2c210fa0583dba5c2,2025-10-11T08:19:21+00:00,741,236,155,83,7.998,111.20000000000005,18,fit:06ab469a75256944c36383c4817288da1db87343fd8245e2c210fa0583dba5c2:segment:003,3,7482.0,7232,activities/049_251011081438.csv,1,1,0,0
fit:06ab469a75256944c36383c4817288da1db87343fd8245e2c210fa0583dba5c2,2025-10-11T08:19:22+00:00,742,173,155,84,8.005,111.20000000000005,18,fit:06ab469a75256944c36383c4817288da1db87343fd8245e2c210fa0583dba5c2:segment:003,3,7483.0,7233,activities/049_251011081438.csv,1,1,0,0
fit:06ab469a75256944c36383c4817288da1db87343fd8245e2c210fa0583dba5c2,2025-10-11T08:19:23+00:00,743,81,155,84,7.95,112.39999999999998,18,fit:06ab469a75256944c36383c4817288da1db87343fd8245e2c210fa0583dba5c2:segment:003,3,7484.0,7234,activities/049_251011081438.csv,1,1,0,0
fit:06ab469a75256944c36383c4817288da1db87343fd8245e2c210fa0583dba5c2,2025-10-11T08:19:24+00:00,744,227,155,83,8.07,112.39999999999998,18,fit:06ab469a75256944c36383c4817288da1db87343fd8245e2c210fa0583dba5c2:segment:003,3,7485.0,7235,activities/049_251011081438.csv,1,1,0,0
fit:06ab469a75256944c36383c4817288da1db87343fd8245e2c210fa0583dba5c2,2025-10-11T08:19:25+00:00,745,326,155,82,8.11,112.39999999999998,18,fit:06ab469a75256944c36383c4817288da1db87343fd8245e2c210fa0583dba5c2:segment:003,3,7486.0,7236,activities/049_251011081438.csv,1,1,0,0
fit:06ab469a75256944c36383c4817288da1db87343fd8245e2c210fa0583dba5c2,2025-10-11T08:19:26+00:00,746,326,155,82,8.215,111.39999999999998,18,fit:06ab469a75256944c36383c4817288da1db87343fd8245e2c210fa0583dba5c2:segment:003,3,7487.0,7237,activities/049_251011081438.csv,1,1,0,0
fit:06ab469a75256944c36383c4817288da1db87343fd8245e2c210fa0583dba5c2,2025-10-11T08:19:27+00:00,747,254,155,82,8.2,111.39999999999998,18,fit:06ab469a75256944c36383c4817288da1db87343fd8245e2c210fa0583dba5c2:segment:003,3,7488.0,7238,activities/049_251011081438.csv,1,1,0,0
fit:06ab469a75256944c36383c4817288da1db87343fd8245e2c210fa0583dba5c2,2025-10-11T08:19:28+00:00,748,252,154,82,8.236,111.39999999999998,18,fit:06ab469a75256944c36383c4817288da1db87343fd8245e2c210fa0583dba5c2:segment:003,3,7489.0,7239,activities/049_251011081438.csv,1,1,0,0
fit:06ab469a75256944c36383c4817288da1db87343fd8245e2c210fa0583dba5c2,2025-10-11T08:19:29+00:00,749,276,154,81,7.948,111.39999999999998,18,fit:06ab469a75256944c36383c4817288da1db87343fd8245e2c210fa0583dba5c2:segment:003,3,7490.0,7240,activities/049_251011081438.csv,1,1,0,0
fit:06ab469a75256944c36383c4817288da1db87343fd8245e2c210fa0583dba5c2,2025-10-11T08:19:30+00:00,750,295,153,81,8.062,112.39999999999998,18,fit:06ab469a75256944c36383c4817288da1db87343fd8245e2c210fa0583dba5c2:segment:003,3,7491.0,7241,activities/049_251011081438.csv,1,1,0,0
fit:06ab469a75256944c36383c4817288da1db87343fd8245e2c210fa0583dba5c2,2025-10-11T08:19:31+00:00,751,295,152,83,8.028,112.39999999999998,18,fit:06ab469a75256944c36383c4817288da1db87343fd8245e2c210fa0583dba5c2:segment:003,3,7492.0,7242,activities/049_251011081438.csv,1,1,0,0
fit:06ab469a75256944c36383c4817288da1db87343fd8245e2c210fa0583dba5c2,2025-10-11T08:19:32+00:00,752,272,152,84,8.15,112.39999999999998,18,fit:06ab469a75256944c36383c4817288da1db87343fd8245e2c210fa0583dba5c2:segment:003,3,7493.0,7243,activities/049_251011081438.csv,1,1,0,0
fit:06ab469a75256944c36383c4817288da1db87343fd8245e2c210fa0583dba5c2,2025-10-11T08:19:33+00:00,753,201,152,84,8.3,112.39999999999998,18,fit:06ab469a75256944c36383c4817288da1db87343fd8245e2c210fa0583dba5c2:segment:003,3,7494.0,7244,activities/049_251011081438.csv,1,1,0,0
fit:06ab469a75256944c36383c4817288da1db87343fd8245e2c210fa0583dba5c2,2025-10-11T08:19:34+00:00,754,260,152,84,8.262,112.79999999999995,18,fit:06ab469a75256944c36383c4817288da1db87343fd8245e2c210fa0583dba5c2:segment:003,3,7495.0,7245,activities/049_251011081438.csv,1,1,0,0
fit:06ab469a75256944c36383c4817288da1db87343fd8245e2c210fa0583dba5c2,2025-10-11T08:19:35+00:00,755,222,152,85,8.264,111.79999999999995,18,fit:06ab469a75256944c36383c4817288da1db87343fd8245e2c210fa0583dba5c2:segment:003,3,7496.0,7246,activities/049_251011081438.csv,1,1,0,0
fit:06ab469a75256944c36383c4817288da1db87343fd8245e2c210fa0583dba5c2,2025-10-11T08:19:36+00:00,756,233,152,85,8.332,111.79999999999995,18,fit:06ab469a75256944c36383c4817288da1db87343fd8245e2c210fa0583dba5c2:segment:003,3,7497.0,7247,activities/049_251011081438.csv,1,1,0,0
fit:06ab469a75256944c36383c4817288da1db87343fd8245e2c210fa0583dba5c2,2025-10-11T08:19:37+00:00,757,272,152,85,8.382,111.79999999999995,18,fit:06ab469a75256944c36383c4817288da1db87343fd8245e2c210fa0583dba5c2:segment:003,3,7498.0,7248,activities/049_251011081438.csv,1,1,0,0
fit:06ab469a75256944c36383c4817288da1db87343fd8245e2c210fa0583dba5c2,2025-10-11T08:19:38+00:00,758,242,152,85,8.366,112.60000000000002,17,fit:06ab469a75256944c36383c4817288da1db87343fd8245e2c210fa0583dba5c2:segment:003,3,7499.0,7249,activities/049_251011081438.csv,1,1,0,0
fit:06ab469a75256944c36383c4817288da1db87343fd8245e2c210fa0583dba5c2,2025-10-11T08:19:39+00:00,759,226,152,85,8.402,112.20000000000005,17,fit:06ab469a75256944c36383c4817288da1db87343fd8245e2c210fa0583dba5c2:segment:003,3,7500.0,7250,activities/049_251011081438.csv,1,1,0,0
fit:06ab469a75256944c36383c4817288da1db87343fd8245e2c210fa0583dba5c2,2025-10-11T08:19:40+00:00,760,226,152,86,8.471,112.20000000000005,17,fit:06ab469a75256944c36383c4817288da1db87343fd8245e2c210fa0583dba5c2:segment:003,3,7501.0,7251,activities/049_251011081438.csv,1,1,0,0
fit:06ab469a75256944c36383c4817288da1db87343fd8245e2c210fa0583dba5c2,2025-10-11T08:19:41+00:00,761,212,152,86,8.545,112.20000000000005,17,fit:06ab469a75256944c36383c4817288da1db87343fd8245e2c210fa0583dba5c2:segment:003,3,7502.0,7252,activities/049_251011081438.csv,1,1,0,0
fit:06ab469a75256944c36383c4817288da1db87343fd8245e2c210fa0583dba5c2,2025-10-11T08:19:42+00:00,762,256,151,87,8.644,113.20000000000005,17,fit:06ab469a75256944c36383c4817288da1db87343fd8245e2c210fa0583dba5c2:segment:003,3,7503.0,7253,activities/049_251011081438.csv,1,1,0,0
fit:06ab469a75256944c36383c4817288da1db87343fd8245e2c210fa0583dba5c2,2025-10-11T08:19:43+00:00,763,270,152,87,8.564,112.60000000000002,17,fit:06ab469a75256944c36383c4817288da1db87343fd8245e2c210fa0583dba5c2:segment:003,3,7504.0,7254,activities/049_251011081438.csv,1,1,0,0
fit:06ab469a75256944c36383c4817288da1db87343fd8245e2c210fa0583dba5c2,2025-10-11T08:19:44+00:00,764,265,152,88,8.502,112.60000000000002,17,fit:06ab469a75256944c36383c4817288da1db87343fd8245e2c210fa0583dba5c2:segment:003,3,7505.0,7255,activities/049_251011081438.csv,1,1,0,0
fit:06ab469a75256944c36383c4817288da1db87343fd8245e2c210fa0583dba5c2,2025-10-11T08:19:45+00:00,765,243,152,87,8.48,112.60000000000002,17,fit:06ab469a75256944c36383c4817288da1db87343fd8245e2c210fa0583dba5c2:segment:003,3,7506.0,7256,activities/049_251011081438.csv,1,1,0,0
fit:06ab469a75256944c36383c4817288da1db87343fd8245e2c210fa0583dba5c2,2025-10-11T08:19:46+00:00,766,240,152,87,8.523,112.20000000000005,17,fit:06ab469a75256944c36383c4817288da1db87343fd8245e2c210fa0583dba5c2:segment:003,3,7507.0,7257,activities/049_251011081438.csv,1,1,0,0
fit:06ab469a75256944c36383c4817288da1db87343fd8245e2c210fa0583dba5c2,2025-10-11T08:19:47+00:00,767,243,152,87,8.469,112.79999999999995,17,fit:06ab469a75256944c36383c4817288da1db87343fd8245e2c210fa0583dba5c2:segment:003,3,7508.0,7258,activities/049_251011081438.csv,1,1,0,0
fit:06ab469a75256944c36383c4817288da1db87343fd8245e2c210fa0583dba5c2,2025-10-11T08:19:48+00:00,768,251,153,87,8.566,112.79999999999995,17,fit:06ab469a75256944c36383c4817288da1db87343fd8245e2c210fa0583dba5c2:segment:003,3,7509.0,7259,activities/049_251011081438.csv,1,1,0,0
fit:06ab469a75256944c36383c4817288da1db87343fd8245e2c210fa0583dba5c2,2025-10-11T08:19:49+00:00,769,209,154,87,8.468,112.79999999999995,17,fit:06ab469a75256944c36383c4817288da1db87343fd8245e2c210fa0583dba5c2:segment:003,3,7510.0,7260,activities/049_251011081438.csv,1,1,0,0
fit:06ab469a75256944c36383c4817288da1db87343fd8245e2c210fa0583dba5c2,2025-10-11T08:19:50+00:00,770,218,154,87,8.497,112.79999999999995,17,fit:06ab469a75256944c36383c4817288da1db87343fd8245e2c210fa0583dba5c2:segment:003,3,7511.0,7261,activities/049_251011081438.csv,1,1,0,0
fit:06ab469a75256944c36383c4817288da1db87343fd8245e2c210fa0583dba5c2,2025-10-11T08:19:51+00:00,771,254,154,87,8.49,113.0,17,fit:06ab469a75256944c36383c4817288da1db87343fd8245e2c210fa0583dba5c2:segment:003,3,7512.0,7262,activities/049_251011081438.csv,1,1,0,0
fit:06ab469a75256944c36383c4817288da1db87343fd8245e2c210fa0583dba5c2,2025-10-11T08:19:52+00:00,772,219,153,87,8.453,113.0,17,fit:06ab469a75256944c36383c4817288da1db87343fd8245e2c210fa0583dba5c2:segment:003,3,7513.0,7263,activities/049_251011081438.csv,1,1,0,0
fit:06ab469a75256944c36383c4817288da1db87343fd8245e2c210fa0583dba5c2,2025-10-11T08:19:53+00:00,773,262,153,86,8.379,113.0,17,fit:06ab469a75256944c36383c4817288da1db87343fd8245e2c210fa0583dba5c2:segment:003,3,7514.0,7264,activities/049_251011081438.csv,1,1,0,0
fit:06ab469a75256944c36383c4817288da1db87343fd8245e2c210fa0583dba5c2,2025-10-11T08:19:54+00:00,774,262,152,84,8.371,113.0,17,fit:06ab469a75256944c36383c4817288da1db87343fd8245e2c210fa0583dba5c2:segment:003,3,7515.0,7265,activities/049_251011081438.csv,1,1,0,0
fit:06ab469a75256944c36383c4817288da1db87343fd8245e2c210fa0583dba5c2,2025-10-11T08:19:55+00:00,775,281,152,84,8.367,113.39999999999998,17,fit:06ab469a75256944c36383c4817288da1db87343fd8245e2c210fa0583dba5c2:segment:003,3,7516.0,7266,activities/049_251011081438.csv,1,1,0,0
fit:06ab469a75256944c36383c4817288da1db87343fd8245e2c210fa0583dba5c2,2025-10-11T08:19:56+00:00,776,276,152,84,8.264,113.39999999999998,17,fit:06ab469a75256944c36383c4817288da1db87343fd8245e2c210fa0583dba5c2:segment:003,3,7517.0,7267,activities/049_251011081438.csv,1,1,0,0
fit:06ab469a75256944c36383c4817288da1db87343fd8245e2c210fa0583dba5c2,2025-10-11T08:19:57+00:00,777,231,152,84,8.198,113.39999999999998,17,fit:06ab469a75256944c36383c4817288da1db87343fd8245e2c210fa0583dba5c2:segment:003,3,7518.0,7268,activities/049_251011081438.csv,1,1,0,0
fit:06ab469a75256944c36383c4817288da1db87343fd8245e2c210fa0583dba5c2,2025-10-11T08:19:58+00:00,778,259,153,83,8.171,113.39999999999998,17,fit:06ab469a75256944c36383c4817288da1db87343fd8245e2c210fa0583dba5c2:segment:003,3,7519.0,7269,activities/049_251011081438.csv,1,1,0,0
fit:06ab469a75256944c36383c4817288da1db87343fd8245e2c210fa0583dba5c2,2025-10-11T08:19:59+00:00,779,279,153,83,8.168,113.60000000000002,17,fit:06ab469a75256944c36383c4817288da1db87343fd8245e2c210fa0583dba5c2:segment:003,3,7520.0,7270,activities/049_251011081438.csv,1,1,0,0
fit:06ab469a75256944c36383c4817288da1db87343fd8245e2c210fa0583dba5c2,2025-10-11T08:20:00+00:00,780,272,153,83,8.175,113.60000000000002,17,fit:06ab469a75256944c36383c4817288da1db87343fd8245e2c210fa0583dba5c2:segment:003,3,7521.0,7271,activities/049_251011081438.csv,1,1,0,0
fit:06ab469a75256944c36383c4817288da1db87343fd8245e2c210fa0583dba5c2,2025-10-11T08:20:01+00:00,781,275,154,84,8.032,113.60000000000002,17,fit:06ab469a75256944c36383c4817288da1db87343fd8245e2c210fa0583dba5c2:segment:003,3,7522.0,7272,activities/049_251011081438.csv,1,1,0,0
fit:06ab469a75256944c36383c4817288da1db87343fd8245e2c210fa0583dba5c2,2025-10-11T08:20:02+00:00,782,237,154,84,8.161,113.60000000000002,17,fit:06ab469a75256944c36383c4817288da1db87343fd8245e2c210fa0583dba5c2:segment:003,3,7523.0,7273,activities/049_251011081438.csv,1,1,0,0
fit:06ab469a75256944c36383c4817288da1db87343fd8245e2c210fa0583dba5c2,2025-10-11T08:20:03+00:00,783,272,155,84,8.381,113.20000000000005,17,fit:06ab469a75256944c36383c4817288da1db87343fd8245e2c210fa0583dba5c2:segment:003,3,7524.0,7274,activities/049_251011081438.csv,1,1,0,0
fit:06ab469a75256944c36383c4817288da1db87343fd8245e2c210fa0583dba5c2,2025-10-11T08:20:04+00:00,784,258,155,84,8.357,113.20000000000005,17,fit:06ab469a75256944c36383c4817288da1db87343fd8245e2c210fa0583dba5c2:segment:003,3,7525.0,7275,activities/049_251011081438.csv,1,1,0,0
fit:06ab469a75256944c36383c4817288da1db87343fd8245e2c210fa0583dba5c2,2025-10-11T08:20:05+00:00,785,285,155,83,8.247,113.20000000000005,17,fit:06ab469a75256944c36383c4817288da1db87343fd8245e2c210fa0583dba5c2:segment:003,3,7526.0,7276,activities/049_251011081438.csv,1,1,0,0
fit:06ab469a75256944c36383c4817288da1db87343fd8245e2c210fa0583dba5c2,2025-10-11T08:20:06+00:00,786,296,155,83,8.28,113.20000000000005,17,fit:06ab469a75256944c36383c4817288da1db87343fd8245e2c210fa0583dba5c2:segment:003,3,7527.0,7277,activities/049_251011081438.csv,1,1,0,0
fit:06ab469a75256944c36383c4817288da1db87343fd8245e2c210fa0583dba5c2,2025-10-11T08:20:07+00:00,787,287,155,83,8.274,113.60000000000002,17,fit:06ab469a75256944c36383c4817288da1db87343fd8245e2c210fa0583dba5c2:segment:003,3,7528.0,7278,activities/049_251011081438.csv,1,1,0,0
fit:06ab469a75256944c36383c4817288da1db87343fd8245e2c210fa0583dba5c2,2025-10-11T08:20:08+00:00,788,263,155,83,8.242,113.60000000000002,17,fit:06ab469a75256944c36383c4817288da1db87343fd8245e2c210fa0583dba5c2:segment:003,3,7529.0,7279,activities/049_251011081438.csv,1,1,0,0
fit:06ab469a75256944c36383c4817288da1db87343fd8245e2c210fa0583dba5c2,2025-10-11T08:20:09+00:00,789,292,155,83,8.147,113.60000000000002,17,fit:06ab469a75256944c36383c4817288da1db87343fd8245e2c210fa0583dba5c2:segment:003,3,7530.0,7280,activities/049_251011081438.csv,1,1,0,0
fit:06ab469a75256944c36383c4817288da1db87343fd8245e2c210fa0583dba5c2,2025-10-11T08:20:10+00:00,790,303,155,82,8.135,113.60000000000002,17,fit:06ab469a75256944c36383c4817288da1db87343fd8245e2c210fa0583dba5c2:segment:003,3,7531.0,7281,activities/049_251011081438.csv,1,1,0,0
fit:06ab469a75256944c36383c4817288da1db87343fd8245e2c210fa0583dba5c2,2025-10-11T08:20:11+00:00,791,277,155,82,8.057,113.60000000000002,17,fit:06ab469a75256944c36383c4817288da1db87343fd8245e2c210fa0583dba5c2:segment:003,3,7532.0,7282,activities/049_251011081438.csv,1,1,0,0
fit:06ab469a75256944c36383c4817288da1db87343fd8245e2c210fa0583dba5c2,2025-10-11T08:20:12+00:00,792,268,156,82,8.136,113.60000000000002,17,fit:06ab469a75256944c36383c4817288da1db87343fd8245e2c210fa0583dba5c2:segment:003,3,7533.0,7283,activities/049_251011081438.csv,1,1,0,0
fit:06ab469a75256944c36383c4817288da1db87343fd8245e2c210fa0583dba5c2,2025-10-11T08:20:13+00:00,793,266,156,82,8.257,113.60000000000002,17,fit:06ab469a75256944c36383c4817288da1db87343fd8245e2c210fa0583dba5c2:segment:003,3,7534.0,7284,activities/049_251011081438.csv,1,1,0,0
fit:06ab469a75256944c36383c4817288da1db87343fd8245e2c210fa0583dba5c2,2025-10-11T08:20:14+00:00,794,278,156,81,8.136,113.60000000000002,17,fit:06ab469a75256944c36383c4817288da1db87343fd8245e2c210fa0583dba5c2:segment:003,3,7535.0,7285,activities/049_251011081438.csv,1,1,0,0
fit:06ab469a75256944c36383c4817288da1db87343fd8245e2c210fa0583dba5c2,2025-10-11T08:20:15+00:00,795,251,156,81,7.987,114.20000000000005,17,fit:06ab469a75256944c36383c4817288da1db87343fd8245e2c210fa0583dba5c2:segment:003,3,7536.0,7286,activities/049_251011081438.csv,1,1,0,0
fit:06ab469a75256944c36383c4817288da1db87343fd8245e2c210fa0583dba5c2,2025-10-11T08:20:16+00:00,796,251,156,81,7.986,114.20000000000005,17,fit:06ab469a75256944c36383c4817288da1db87343fd8245e2c210fa0583dba5c2:segment:003,3,7537.0,7287,activities/049_251011081438.csv,1,1,0,0
fit:06ab469a75256944c36383c4817288da1db87343fd8245e2c210fa0583dba5c2,2025-10-11T08:20:17+00:00,797,264,156,81,7.964,114.20000000000005,17,fit:06ab469a75256944c36383c4817288da1db87343fd8245e2c210fa0583dba5c2:segment:003,3,7538.0,7288,activities/049_251011081438.csv,1,1,0,0
fit:06ab469a75256944c36383c4817288da1db87343fd8245e2c210fa0583dba5c2,2025-10-11T08:20:18+00:00,798,244,156,81,8.0,114.20000000000005,17,fit:06ab469a75256944c36383c4817288da1db87343fd8245e2c210fa0583dba5c2:segment:003,3,7539.0,7289,activities/049_251011081438.csv,1,1,0,0
fit:06ab469a75256944c36383c4817288da1db87343fd8245e2c210fa0583dba5c2,2025-10-11T08:20:19+00:00,799,307,156,81,7.934,114.79999999999995,17,fit:06ab469a75256944c36383c4817288da1db87343fd8245e2c210fa0583dba5c2:segment:003,3,7540.0,7290,activities/049_251011081438.csv,1,1,0,0
fit:06ab469a75256944c36383c4817288da1db87343fd8245e2c210fa0583dba5c2,2025-10-11T08:20:20+00:00,800,318,156,82,7.982,114.79999999999995,17,fit:06ab469a75256944c36383c4817288da1db87343fd8245e2c210fa0583dba5c2:segment:003,3,7541.0,7291,activities/049_251011081438.csv,1,1,0,0
fit:06ab469a75256944c36383c4817288da1db87343fd8245e2c210fa0583dba5c2,2025-10-11T08:20:21+00:00,801,288,156,82,7.97,114.79999999999995,17,fit:06ab469a75256944c36383c4817288da1db87343fd8245e2c210fa0583dba5c2:segment:003,3,7542.0,7292,activities/049_251011081438.csv,1,1,0,0
fit:06ab469a75256944c36383c4817288da1db87343fd8245e2c210fa0583dba5c2,2025-10-11T08:20:22+00:00,802,229,157,82,7.966,114.39999999999998,17,fit:06ab469a75256944c36383c4817288da1db87343fd8245e2c210fa0583dba5c2:segment:003,3,7543.0,7293,activities/049_251011081438.csv,1,1,0,0
fit:06ab469a75256944c36383c4817288da1db87343fd8245e2c210fa0583dba5c2,2025-10-11T08:20:23+00:00,803,237,157,82,8.001,114.79999999999995,17,fit:06ab469a75256944c36383c4817288da1db87343fd8245e2c210fa0583dba5c2:segment:003,3,7544.0,7294,activities/049_251011081438.csv,1,1,0,0
fit:06ab469a75256944c36383c4817288da1db87343fd8245e2c210fa0583dba5c2,2025-10-11T08:20:24+00:00,804,260,157,81,8.115,114.79999999999995,17,fit:06ab469a75256944c36383c4817288da1db87343fd8245e2c210fa0583dba5c2:segment:003,3,7545.0,7295,activities/049_251011081438.csv,1,1,0,0
fit:06ab469a75256944c36383c4817288da1db87343fd8245e2c210fa0583dba5c2,2025-10-11T08:20:25+00:00,805,278,157,81,8.106,114.79999999999995,17,fit:06ab469a75256944c36383c4817288da1db87343fd8245e2c210fa0583dba5c2:segment:003,3,7546.0,7296,activities/049_251011081438.csv,1,1,0,0
fit:06ab469a75256944c36383c4817288da1db87343fd8245e2c210fa0583dba5c2,2025-10-11T08:20:26+00:00,806,258,157,80,8.078,115.20000000000005,17,fit:06ab469a75256944c36383c4817288da1db87343fd8245e2c210fa0583dba5c2:segment:003,3,7547.0,7297,activities/049_251011081438.csv,1,1,0,0
fit:06ab469a75256944c36383c4817288da1db87343fd8245e2c210fa0583dba5c2,2025-10-11T08:20:27+00:00,807,284,157,80,7.81,116.0,17,fit:06ab469a75256944c36383c4817288da1db87343fd8245e2c210fa0583dba5c2:segment:003,3,7548.0,7298,activities/049_251011081438.csv,1,1,0,0
fit:06ab469a75256944c36383c4817288da1db87343fd8245e2c210fa0583dba5c2,2025-10-11T08:20:28+00:00,808,281,157,80,7.753,116.0,17,fit:06ab469a75256944c36383c4817288da1db87343fd8245e2c210fa0583dba5c2:segment:003,3,7549.0,7299,activities/049_251011081438.csv,1,1,0,0
fit:06ab469a75256944c36383c4817288da1db87343fd8245e2c210fa0583dba5c2,2025-10-11T08:20:29+00:00,809,253,158,81,7.858,116.0,17,fit:06ab469a75256944c36383c4817288da1db87343fd8245e2c210fa0583dba5c2:segment:003,3,7550.0,7300,activities/049_251011081438.csv,1,1,0,0
fit:06ab469a75256944c36383c4817288da1db87343fd8245e2c210fa0583dba5c2,2025-10-11T08:20:30+00:00,810,253,158,81,7.787,116.20000000000005,17,fit:06ab469a75256944c36383c4817288da1db87343fd8245e2c210fa0583dba5c2:segment:003,3,7551.0,7301,activities/049_251011081438.csv,1,1,0,0
fit:06ab469a75256944c36383c4817288da1db87343fd8245e2c210fa0583dba5c2,2025-10-11T08:20:31+00:00,811,281,158,81,7.9,115.39999999999998,17,fit:06ab469a75256944c36383c4817288da1db87343fd8245e2c210fa0583dba5c2:segment:003,3,7552.0,7302,activities/049_251011081438.csv,1,1,0,0
fit:06ab469a75256944c36383c4817288da1db87343fd8245e2c210fa0583dba5c2,2025-10-11T08:20:32+00:00,812,262,158,81,7.944,115.39999999999998,17,fit:06ab469a75256944c36383c4817288da1db87343fd8245e2c210fa0583dba5c2:segment:003,3,7553.0,7303,activities/049_251011081438.csv,1,1,0,0
fit:06ab469a75256944c36383c4817288da1db87343fd8245e2c210fa0583dba5c2,2025-10-11T08:20:33+00:00,813,247,158,82,8.053,115.39999999999998,17,fit:06ab469a75256944c36383c4817288da1db87343fd8245e2c210fa0583dba5c2:segment:003,3,7554.0,7304,activities/049_251011081438.csv,1,1,0,0
fit:06ab469a75256944c36383c4817288da1db87343fd8245e2c210fa0583dba5c2,2025-10-11T08:20:34+00:00,814,275,158,81,8.049,115.79999999999995,17,fit:06ab469a75256944c36383c4817288da1db87343fd8245e2c210fa0583dba5c2:segment:003,3,7555.0,7305,activities/049_251011081438.csv,1,1,0,0
fit:06ab469a75256944c36383c4817288da1db87343fd8245e2c210fa0583dba5c2,2025-10-11T08:20:35+00:00,815,275,157,80,8.111,114.79999999999995,17,fit:06ab469a75256944c36383c4817288da1db87343fd8245e2c210fa0583dba5c2:segment:003,3,7556.0,7306,activities/049_251011081438.csv,1,1,0,0
fit:06ab469a75256944c36383c4817288da1db87343fd8245e2c210fa0583dba5c2,2025-10-11T08:20:36+00:00,816,284,157,79,7.966,114.79999999999995,17,fit:06ab469a75256944c36383c4817288da1db87343fd8245e2c210fa0583dba5c2:segment:003,3,7557.0,7307,activities/049_251011081438.csv,1,1,0,0
fit:06ab469a75256944c36383c4817288da1db87343fd8245e2c210fa0583dba5c2,2025-10-11T08:20:37+00:00,817,251,157,79,7.737,114.79999999999995,17,fit:06ab469a75256944c36383c4817288da1db87343fd8245e2c210fa0583dba5c2:segment:003,3,7558.0,7308,activities/049_251011081438.csv,1,1,0,0
fit:06ab469a75256944c36383c4817288da1db87343fd8245e2c210fa0583dba5c2,2025-10-11T08:20:38+00:00,818,278,157,79,7.736,115.79999999999995,17,fit:06ab469a75256944c36383c4817288da1db87343fd8245e2c210fa0583dba5c2:segment:003,3,7559.0,7309,activities/049_251011081438.csv,1,1,0,0
fit:06ab469a75256944c36383c4817288da1db87343fd8245e2c210fa0583dba5c2,2025-10-11T08:20:39+00:00,819,263,157,80,7.733,116.60000000000002,17,fit:06ab469a75256944c36383c4817288da1db87343fd8245e2c210fa0583dba5c2:segment:003,3,7560.0,7310,activities/049_251011081438.csv,1,1,0,0
fit:06ab469a75256944c36383c4817288da1db87343fd8245e2c210fa0583dba5c2,2025-10-11T08:20:40+00:00,820,304,158,80,7.72,116.60000000000002,17,fit:06ab469a75256944c36383c4817288da1db87343fd8245e2c210fa0583dba5c2:segment:003,3,7561.0,7311,activities/049_251011081438.csv,1,1,0,0
fit:06ab469a75256944c36383c4817288da1db87343fd8245e2c210fa0583dba5c2,2025-10-11T08:20:41+00:00,821,281,158,81,7.799,116.60000000000002,17,fit:06ab469a75256944c36383c4817288da1db87343fd8245e2c210fa0583dba5c2:segment:003,3,7562.0,7312,activities/049_251011081438.csv,1,1,0,0
fit:06ab469a75256944c36383c4817288da1db87343fd8245e2c210fa0583dba5c2,2025-10-11T08:20:42+00:00,822,224,158,81,7.811,116.60000000000002,17,fit:06ab469a75256944c36383c4817288da1db87343fd8245e2c210fa0583dba5c2:segment:003,3,7563.0,7313,activities/049_251011081438.csv,1,1,0,0
fit:06ab469a75256944c36383c4817288da1db87343fd8245e2c210fa0583dba5c2,2025-10-11T08:20:43+00:00,823,239,159,81,7.948,116.60000000000002,17,fit:06ab469a75256944c36383c4817288da1db87343fd8245e2c210fa0583dba5c2:segment:003,3,7564.0,7314,activities/049_251011081438.csv,1,1,0,0
fit:06ab469a75256944c36383c4817288da1db87343fd8245e2c210fa0583dba5c2,2025-10-11T08:20:44+00:00,824,263,159,81,7.928,116.60000000000002,17,fit:06ab469a75256944c36383c4817288da1db87343fd8245e2c210fa0583dba5c2:segment:003,3,7565.0,7315,activities/049_251011081438.csv,1,1,0,0
fit:06ab469a75256944c36383c4817288da1db87343fd8245e2c210fa0583dba5c2,2025-10-11T08:20:45+00:00,825,263,159,81,7.84,116.60000000000002,17,fit:06ab469a75256944c36383c4817288da1db87343fd8245e2c210fa0583dba5c2:segment:003,3,7566.0,7316,activities/049_251011081438.csv,1,1,0,0
fit:06ab469a75256944c36383c4817288da1db87343fd8245e2c210fa0583dba5c2,2025-10-11T08:20:46+00:00,826,263,159,81,7.916,116.60000000000002,17,fit:06ab469a75256944c36383c4817288da1db87343fd8245e2c210fa0583dba5c2:segment:003,3,7567.0,7317,activities/049_251011081438.csv,1,1,0,0
fit:06ab469a75256944c36383c4817288da1db87343fd8245e2c210fa0583dba5c2,2025-10-11T08:20:47+00:00,827,261,160,80,7.808,116.60000000000002,17,fit:06ab469a75256944c36383c4817288da1db87343fd8245e2c210fa0583dba5c2:segment:003,3,7568.0,7318,activities/049_251011081438.csv,1,1,0,0
fit:06ab469a75256944c36383c4817288da1db87343fd8245e2c210fa0583dba5c2,2025-10-11T08:20:48+00:00,828,259,160,80,7.85,116.60000000000002,17,fit:06ab469a75256944c36383c4817288da1db87343fd8245e2c210fa0583dba5c2:segment:003,3,7569.0,7319,activities/049_251011081438.csv,1,1,0,0
fit:06ab469a75256944c36383c4817288da1db87343fd8245e2c210fa0583dba5c2,2025-10-11T08:20:49+00:00,829,241,160,81,7.903,116.60000000000002,17,fit:06ab469a75256944c36383c4817288da1db87343fd8245e2c210fa0583dba5c2:segment:003,3,7570.0,7320,activities/049_251011081438.csv,1,1,0,0
fit:06ab469a75256944c36383c4817288da1db87343fd8245e2c210fa0583dba5c2,2025-10-11T08:20:50+00:00,830,241,161,82,7.923,116.60000000000002,17,fit:06ab469a75256944c36383c4817288da1db87343fd8245e2c210fa0583dba5c2:segment:003,3,7571.0,7321,activities/049_251011081438.csv,1,1,0,0
fit:06ab469a75256944c36383c4817288da1db87343fd8245e2c210fa0583dba5c2,2025-10-11T08:20:51+00:00,831,231,161,82,7.922,117.60000000000002,17,fit:06ab469a75256944c36383c4817288da1db87343fd8245e2c210fa0583dba5c2:segment:003,3,7572.0,7322,activities/049_251011081438.csv,1,1,0,0
fit:06ab469a75256944c36383c4817288da1db87343fd8245e2c210fa0583dba5c2,2025-10-11T08:20:52+00:00,832,220,161,82,8.014,117.60000000000002,17,fit:06ab469a75256944c36383c4817288da1db87343fd8245e2c210fa0583dba5c2:segment:003,3,7573.0,7323,activities/049_251011081438.csv,1,1,0,0
fit:06ab469a75256944c36383c4817288da1db87343fd8245e2c210fa0583dba5c2,2025-10-11T08:20:53+00:00,833,171,161,82,7.974,117.60000000000002,17,fit:06ab469a75256944c36383c4817288da1db87343fd8245e2c210fa0583dba5c2:segment:003,3,7574.0,7324,activities/049_251011081438.csv,1,1,0,0
fit:06ab469a75256944c36383c4817288da1db87343fd8245e2c210fa0583dba5c2,2025-10-11T08:20:54+00:00,834,171,162,82,8.013,118.60000000000002,17,fit:06ab469a75256944c36383c4817288da1db87343fd8245e2c210fa0583dba5c2:segment:003,3,7575.0,7325,activities/049_251011081438.csv,1,1,0,0
fit:06ab469a75256944c36383c4817288da1db87343fd8245e2c210fa0583dba5c2,2025-10-11T08:20:55+00:00,835,161,162,83,8.003,118.79999999999995,17,fit:06ab469a75256944c36383c4817288da1db87343fd8245e2c210fa0583dba5c2:segment:003,3,7576.0,7326,activities/049_251011081438.csv,1,1,0,0
fit:06ab469a75256944c36383c4817288da1db87343fd8245e2c210fa0583dba5c2,2025-10-11T08:20:56+00:00,836,162,161,84,8.153,118.79999999999995,17,fit:06ab469a75256944c36383c4817288da1db87343fd8245e2c210fa0583dba5c2:segment:003,3,7577.0,7327,activities/049_251011081438.csv,1,1,0,0
fit:06ab469a75256944c36383c4817288da1db87343fd8245e2c210fa0583dba5c2,2025-10-11T08:20:57+00:00,837,190,161,85,8.241,118.79999999999995,17,fit:06ab469a75256944c36383c4817288da1db87343fd8245e2c210fa0583dba5c2:segment:003,3,7578.0,7328,activities/049_251011081438.csv,1,1,0,0
fit:06ab469a75256944c36383c4817288da1db87343fd8245e2c210fa0583dba5c2,2025-10-11T08:20:58+00:00,838,179,161,85,8.318,118.0,17,fit:06ab469a75256944c36383c4817288da1db87343fd8245e2c210fa0583dba5c2:segment:003,3,7579.0,7329,activities/049_251011081438.csv,1,1,0,0
fit:06ab469a75256944c36383c4817288da1db87343fd8245e2c210fa0583dba5c2,2025-10-11T08:20:59+00:00,839,136,160,86,8.406,116.79999999999995,17,fit:06ab469a75256944c36383c4817288da1db87343fd8245e2c210fa0583dba5c2:segment:003,3,7580.0,7330,activities/049_251011081438.csv,1,1,0,0
fit:06ab469a75256944c36383c4817288da1db87343fd8245e2c210fa0583dba5c2,2025-10-11T08:21:00+00:00,840,158,159,85,8.32,116.79999999999995,17,fit:06ab469a75256944c36383c4817288da1db87343fd8245e2c210fa0583dba5c2:segment:003,3,7581.0,7331,activities/049_251011081438.csv,1,1,0,0
fit:06ab469a75256944c36383c4817288da1db87343fd8245e2c210fa0583dba5c2,2025-10-11T08:21:01+00:00,841,158,159,84,8.352,116.79999999999995,17,fit:06ab469a75256944c36383c4817288da1db87343fd8245e2c210fa0583dba5c2:segment:003,3,7582.0,7332,activities/049_251011081438.csv,1,1,0,0
fit:06ab469a75256944c36383c4817288da1db87343fd8245e2c210fa0583dba5c2,2025-10-11T08:21:02+00:00,842,190,158,84,8.343,116.79999999999995,17,fit:06ab469a75256944c36383c4817288da1db87343fd8245e2c210fa0583dba5c2:segment:003,3,7583.0,7333,activities/049_251011081438.csv,1,1,0,0
fit:06ab469a75256944c36383c4817288da1db87343fd8245e2c210fa0583dba5c2,2025-10-11T08:21:03+00:00,843,218,158,84,8.392,116.20000000000005,17,fit:06ab469a75256944c36383c4817288da1db87343fd8245e2c210fa0583dba5c2:segment:003,3,7584.0,7334,activities/049_251011081438.csv,1,1,0,0
fit:06ab469a75256944c36383c4817288da1db87343fd8245e2c210fa0583dba5c2,2025-10-11T08:21:04+00:00,844,251,158,84,8.283,116.20000000000005,17,fit:06ab469a75256944c36383c4817288da1db87343fd8245e2c210fa0583dba5c2:segment:003,3,7585.0,7335,activities/049_251011081438.csv,1,1,0,0
fit:06ab469a75256944c36383c4817288da1db87343fd8245e2c210fa0583dba5c2,2025-10-11T08:21:05+00:00,845,257,158,85,8.325,116.20000000000005,17,fit:06ab469a75256944c36383c4817288da1db87343fd8245e2c210fa0583dba5c2:segment:003,3,7586.0,7336,activities/049_251011081438.csv,1,1,0,0
fit:06ab469a75256944c36383c4817288da1db87343fd8245e2c210fa0583dba5c2,2025-10-11T08:21:06+00:00,846,195,158,86,8.335,116.20000000000005,17,fit:06ab469a75256944c36383c4817288da1db87343fd8245e2c210fa0583dba5c2:segment:003,3,7587.0,7337,activities/049_251011081438.csv,1,1,0,0
fit:06ab469a75256944c36383c4817288da1db87343fd8245e2c210fa0583dba5c2,2025-10-11T08:21:07+00:00,847,211,158,85,8.357,116.60000000000002,17,fit:06ab469a75256944c36383c4817288da1db87343fd8245e2c210fa0583dba5c2:segment:003,3,7588.0,7338,activities/049_251011081438.csv,1,1,0,0
fit:06ab469a75256944c36383c4817288da1db87343fd8245e2c210fa0583dba5c2,2025-10-11T08:21:08+00:00,848,276,158,85,8.412,116.60000000000002,17,fit:06ab469a75256944c36383c4817288da1db87343fd8245e2c210fa0583dba5c2:segment:003,3,7589.0,7339,activities/049_251011081438.csv,1,1,0,0
fit:06ab469a75256944c36383c4817288da1db87343fd8245e2c210fa0583dba5c2,2025-10-11T08:21:09+00:00,849,252,158,84,8.439,116.60000000000002,17,fit:06ab469a75256944c36383c4817288da1db87343fd8245e2c210fa0583dba5c2:segment:003,3,7590.0,7340,activities/049_251011081438.csv,1,1,0,0
fit:06ab469a75256944c36383c4817288da1db87343fd8245e2c210fa0583dba5c2,2025-10-11T08:21:10+00:00,850,203,158,86,8.429,116.60000000000002,17,fit:06ab469a75256944c36383c4817288da1db87343fd8245e2c210fa0583dba5c2:segment:003,3,7591.0,7341,activities/049_251011081438.csv,1,1,0,0
fit:06ab469a75256944c36383c4817288da1db87343fd8245e2c210fa0583dba5c2,2025-10-11T08:21:11+00:00,851,161,159,87,8.44,116.60000000000002,17,fit:06ab469a75256944c36383c4817288da1db87343fd8245e2c210fa0583dba5c2:segment:003,3,7592.0,7342,activities/049_251011081438.csv,1,1,0,0
fit:06ab469a75256944c36383c4817288da1db87343fd8245e2c210fa0583dba5c2,2025-10-11T08:21:12+00:00,852,192,159,88,8.524,116.60000000000002,17,fit:06ab469a75256944c36383c4817288da1db87343fd8245e2c210fa0583dba5c2:segment:003,3,7593.0,7343,activities/049_251011081438.csv,1,1,0,0
fit:06ab469a75256944c36383c4817288da1db87343fd8245e2c210fa0583dba5c2,2025-10-11T08:21:13+00:00,853,195,159,88,8.56,116.60000000000002,17,fit:06ab469a75256944c36383c4817288da1db87343fd8245e2c210fa0583dba5c2:segment:003,3,7594.0,7344,activities/049_251011081438.csv,1,1,0,0
fit:06ab469a75256944c36383c4817288da1db87343fd8245e2c210fa0583dba5c2,2025-10-11T08:21:14+00:00,854,167,158,89,8.532,116.79999999999995,17,fit:06ab469a75256944c36383c4817288da1db87343fd8245e2c210fa0583dba5c2:segment:003,3,7595.0,7345,activities/049_251011081438.csv,1,1,0,0
fit:06ab469a75256944c36383c4817288da1db87343fd8245e2c210fa0583dba5c2,2025-10-11T08:21:15+00:00,855,160,158,89,8.612,116.39999999999998,17,fit:06ab469a75256944c36383c4817288da1db87343fd8245e2c210fa0583dba5c2:segment:003,3,7596.0,7346,activities/049_251011081438.csv,1,1,0,0
fit:06ab469a75256944c36383c4817288da1db87343fd8245e2c210fa0583dba5c2,2025-10-11T08:21:16+00:00,856,135,157,89,8.623,116.39999999999998,17,fit:06ab469a75256944c36383c4817288da1db87343fd8245e2c210fa0583dba5c2:segment:003,3,7597.0,7347,activities/049_251011081438.csv,1,1,0,0
fit:06ab469a75256944c36383c4817288da1db87343fd8245e2c210fa0583dba5c2,2025-10-11T08:21:17+00:00,857,135,156,88,8.716,116.39999999999998,17,fit:06ab469a75256944c36383c4817288da1db87343fd8245e2c210fa0583dba5c2:segment:003,3,7598.0,7348,activities/049_251011081438.csv,1,1,0,0
fit:06ab469a75256944c36383c4817288da1db87343fd8245e2c210fa0583dba5c2,2025-10-11T08:21:18+00:00,858,185,155,88,8.722,116.39999999999998,17,fit:06ab469a75256944c36383c4817288da1db87343fd8245e2c210fa0583dba5c2:segment:003,3,7599.0,7349,activities/049_251011081438.csv,1,1,0,0
fit:06ab469a75256944c36383c4817288da1db87343fd8245e2c210fa0583dba5c2,2025-10-11T08:21:19+00:00,859,88,154,89,8.686,116.79999999999995,17,fit:06ab469a75256944c36383c4817288da1db87343fd8245e2c210fa0583dba5c2:segment:003,3,7600.0,7350,activities/049_251011081438.csv,1,1,0,0
fit:06ab469a75256944c36383c4817288da1db87343fd8245e2c210fa0583dba5c2,2025-10-11T08:21:20+00:00,860,89,154,89,8.621,116.79999999999995,17,fit:06ab469a75256944c36383c4817288da1db87343fd8245e2c210fa0583dba5c2:segment:003,3,7601.0,7351,activities/049_251011081438.csv,1,1,0,0
fit:06ab469a75256944c36383c4817288da1db87343fd8245e2c210fa0583dba5c2,2025-10-11T08:21:21+00:00,861,89,154,89,8.663,116.79999999999995,17,fit:06ab469a75256944c36383c4817288da1db87343fd8245e2c210fa0583dba5c2:segment:003,3,7602.0,7352,activities/049_251011081438.csv,1,1,0,0
fit:06ab469a75256944c36383c4817288da1db87343fd8245e2c210fa0583dba5c2,2025-10-11T08:21:22+00:00,862,89,153,89,8.544,116.79999999999995,17,fit:06ab469a75256944c36383c4817288da1db87343fd8245e2c210fa0583dba5c2:segment:003,3,7603.0,7353,activities/049_251011081438.csv,1,1,0,0
fit:06ab469a75256944c36383c4817288da1db87343fd8245e2c210fa0583dba5c2,2025-10-11T08:21:23+00:00,863,89,152,89,8.361,116.79999999999995,17,fit:06ab469a75256944c36383c4817288da1db87343fd8245e2c210fa0583dba5c2:segment:003,3,7604.0,7354,activities/049_251011081438.csv,1,1,0,0
fit:06ab469a75256944c36383c4817288da1db87343fd8245e2c210fa0583dba5c2,2025-10-11T08:21:24+00:00,864,83,152,89,8.09,116.79999999999995,17,fit:06ab469a75256944c36383c4817288da1db87343fd8245e2c210fa0583dba5c2:segment:003,3,7605.0,7355,activities/049_251011081438.csv,1,1,0,0
fit:06ab469a75256944c36383c4817288da1db87343fd8245e2c210fa0583dba5c2,2025-10-11T08:21:25+00:00,865,0,151,0,7.245,116.79999999999995,17,fit:06ab469a75256944c36383c4817288da1db87343fd8245e2c210fa0583dba5c2:segment:003,3,7606.0,7356,activities/049_251011081438.csv,1,1,0,0
fit:06ab469a75256944c36383c4817288da1db87343fd8245e2c210fa0583dba5c2,2025-10-11T08:21:26+00:00,866,218,151,0,6.093,117.79999999999995,17,fit:06ab469a75256944c36383c4817288da1db87343fd8245e2c210fa0583dba5c2:segment:003,3,7607.0,7357,activities/049_251011081438.csv,1,1,0,0
fit:06ab469a75256944c36383c4817288da1db87343fd8245e2c210fa0583dba5c2,2025-10-11T08:21:27+00:00,867,0,150,57,5.341,116.0,17,fit:06ab469a75256944c36383c4817288da1db87343fd8245e2c210fa0583dba5c2:segment:003,3,7608.0,7358,activities/049_251011081438.csv,1,1,0,0
fit:06ab469a75256944c36383c4817288da1db87343fd8245e2c210fa0583dba5c2,2025-10-11T08:21:28+00:00,868,541,149,57,5.382,116.0,17,fit:06ab469a75256944c36383c4817288da1db87343fd8245e2c210fa0583dba5c2:segment:003,3,7609.0,7359,activities/049_251011081438.csv,1,1,0,0
fit:06ab469a75256944c36383c4817288da1db87343fd8245e2c210fa0583dba5c2,2025-10-11T08:21:29+00:00,869,466,149,70,5.782,116.0,17,fit:06ab469a75256944c36383c4817288da1db87343fd8245e2c210fa0583dba5c2:segment:003,3,7610.0,7360,activities/049_251011081438.csv,1,1,0,0
fit:06ab469a75256944c36383c4817288da1db87343fd8245e2c210fa0583dba5c2,2025-10-11T08:21:30+00:00,870,560,149,74,6.477,116.0,17,fit:06ab469a75256944c36383c4817288da1db87343fd8245e2c210fa0583dba5c2:segment:003,3,7611.0,7361,activities/049_251011081438.csv,1,1,0,0
fit:06ab469a75256944c36383c4817288da1db87343fd8245e2c210fa0583dba5c2,2025-10-11T08:21:31+00:00,871,473,150,80,6.814,118.0,17,fit:06ab469a75256944c36383c4817288da1db87343fd8245e2c210fa0583dba5c2:segment:003,3,7612.0,7362,activities/049_251011081438.csv,1,1,0,0
fit:06ab469a75256944c36383c4817288da1db87343fd8245e2c210fa0583dba5c2,2025-10-11T08:21:32+00:00,872,315,150,82,7.272,118.0,17,fit:06ab469a75256944c36383c4817288da1db87343fd8245e2c210fa0583dba5c2:segment:003,3,7613.0,7363,activities/049_251011081438.csv,1,1,0,0
fit:06ab469a75256944c36383c4817288da1db87343fd8245e2c210fa0583dba5c2,2025-10-11T08:21:33+00:00,873,149,150,83,7.634,118.0,17,fit:06ab469a75256944c36383c4817288da1db87343fd8245e2c210fa0583dba5c2:segment:003,3,7614.0,7364,activities/049_251011081438.csv,1,1,0,0
fit:06ab469a75256944c36383c4817288da1db87343fd8245e2c210fa0583dba5c2,2025-10-11T08:21:34+00:00,874,120,151,82,7.896,117.0,17,fit:06ab469a75256944c36383c4817288da1db87343fd8245e2c210fa0583dba5c2:segment:003,3,7615.0,7365,activities/049_251011081438.csv,1,1,0,0
fit:06ab469a75256944c36383c4817288da1db87343fd8245e2c210fa0583dba5c2,2025-10-11T08:21:35+00:00,875,368,151,79,7.983,116.20000000000005,17,fit:06ab469a75256944c36383c4817288da1db87343fd8245e2c210fa0583dba5c2:segment:003,3,7616.0,7366,activities/049_251011081438.csv,1,1,0,0
fit:06ab469a75256944c36383c4817288da1db87343fd8245e2c210fa0583dba5c2,2025-10-11T08:21:36+00:00,876,314,152,79,7.935,116.20000000000005,17,fit:06ab469a75256944c36383c4817288da1db87343fd8245e2c210fa0583dba5c2:segment:003,3,7617.0,7367,activities/049_251011081438.csv,1,1,0,0
fit:06ab469a75256944c36383c4817288da1db87343fd8245e2c210fa0583dba5c2,2025-10-11T08:21:37+00:00,877,410,152,81,7.779,116.20000000000005,17,fit:06ab469a75256944c36383c4817288da1db87343fd8245e2c210fa0583dba5c2:segment:003,3,7618.0,7368,activities/049_251011081438.csv,1,1,0,0
fit:06ab469a75256944c36383c4817288da1db87343fd8245e2c210fa0583dba5c2,2025-10-11T08:21:38+00:00,878,273,153,81,7.93,116.20000000000005,17,fit:06ab469a75256944c36383c4817288da1db87343fd8245e2c210fa0583dba5c2:segment:003,3,7619.0,7369,activities/049_251011081438.csv,1,1,0,0
fit:06ab469a75256944c36383c4817288da1db87343fd8245e2c210fa0583dba5c2,2025-10-11T08:21:39+00:00,879,373,153,80,7.871,115.39999999999998,17,fit:06ab469a75256944c36383c4817288da1db87343fd8245e2c210fa0583dba5c2:segment:003,3,7620.0,7370,activities/049_251011081438.csv,1,1,0,0
fit:06ab469a75256944c36383c4817288da1db87343fd8245e2c210fa0583dba5c2,2025-10-11T08:21:40+00:00,880,429,153,89,7.88,115.39999999999998,17,fit:06ab469a75256944c36383c4817288da1db87343fd8245e2c210fa0583dba5c2:segment:003,3,7621.0,7371,activities/049_251011081438.csv,1,1,0,0
fit:06ab469a75256944c36383c4817288da1db87343fd8245e2c210fa0583dba5c2,2025-10-11T08:21:41+00:00,881,325,153,91,7.886,115.39999999999998,17,fit:06ab469a75256944c36383c4817288da1db87343fd8245e2c210fa0583dba5c2:segment:003,3,7622.0,7372,activities/049_251011081438.csv,1,1,0,0
fit:06ab469a75256944c36383c4817288da1db87343fd8245e2c210fa0583dba5c2,2025-10-11T08:21:42+00:00,882,243,154,91,7.988,116.39999999999998,17,fit:06ab469a75256944c36383c4817288da1db87343fd8245e2c210fa0583dba5c2:segment:003,3,7623.0,7373,activities/049_251011081438.csv,1,1,0,0
fit:06ab469a75256944c36383c4817288da1db87343fd8245e2c210fa0583dba5c2,2025-10-11T08:21:43+00:00,883,290,154,91,8.127,117.79999999999995,17,fit:06ab469a75256944c36383c4817288da1db87343fd8245e2c210fa0583dba5c2:segment:003,3,7624.0,7374,activities/049_251011081438.csv,1,1,0,0
fit:06ab469a75256944c36383c4817288da1db87343fd8245e2c210fa0583dba5c2,2025-10-11T08:21:44+00:00,884,307,154,92,8.133,117.79999999999995,17,fit:06ab469a75256944c36383c4817288da1db87343fd8245e2c210fa0583dba5c2:segment:003,3,7625.0,7375,activities/049_251011081438.csv,1,1,0,0
fit:06ab469a75256944c36383c4817288da1db87343fd8245e2c210fa0583dba5c2,2025-10-11T08:21:45+00:00,885,301,154,93,8.165,117.79999999999995,17,fit:06ab469a75256944c36383c4817288da1db87343fd8245e2c210fa0583dba5c2:segment:003,3,7626.0,7376,activities/049_251011081438.csv,1,1,0,0
fit:06ab469a75256944c36383c4817288da1db87343fd8245e2c210fa0583dba5c2,2025-10-11T08:21:46+00:00,886,243,154,92,8.121,116.79999999999995,17,fit:06ab469a75256944c36383c4817288da1db87343fd8245e2c210fa0583dba5c2:segment:003,3,7627.0,7377,activities/049_251011081438.csv,1,1,0,0
fit:06ab469a75256944c36383c4817288da1db87343fd8245e2c210fa0583dba5c2,2025-10-11T08:21:47+00:00,887,254,154,92,8.133,116.0,17,fit:06ab469a75256944c36383c4817288da1db87343fd8245e2c210fa0583dba5c2:segment:003,3,7628.0,7378,activities/049_251011081438.csv,1,1,0,0
fit:06ab469a75256944c36383c4817288da1db87343fd8245e2c210fa0583dba5c2,2025-10-11T08:21:48+00:00,888,281,154,92,8.038,116.0,17,fit:06ab469a75256944c36383c4817288da1db87343fd8245e2c210fa0583dba5c2:segment:003,3,7629.0,7379,activities/049_251011081438.csv,1,1,0,0
fit:06ab469a75256944c36383c4817288da1db87343fd8245e2c210fa0583dba5c2,2025-10-11T08:21:49+00:00,889,279,155,92,8.053,116.0,17,fit:06ab469a75256944c36383c4817288da1db87343fd8245e2c210fa0583dba5c2:segment:003,3,7630.0,7380,activities/049_251011081438.csv,1,1,0,0
fit:06ab469a75256944c36383c4817288da1db87343fd8245e2c210fa0583dba5c2,2025-10-11T08:21:50+00:00,890,268,155,93,8.119,117.0,17,fit:06ab469a75256944c36383c4817288da1db87343fd8245e2c210fa0583dba5c2:segment:003,3,7631.0,7381,activities/049_251011081438.csv,1,1,0,0
fit:06ab469a75256944c36383c4817288da1db87343fd8245e2c210fa0583dba5c2,2025-10-11T08:21:51+00:00,891,240,156,94,8.176,118.39999999999998,17,fit:06ab469a75256944c36383c4817288da1db87343fd8245e2c210fa0583dba5c2:segment:003,3,7632.0,7382,activities/049_251011081438.csv,1,1,0,0
fit:06ab469a75256944c36383c4817288da1db87343fd8245e2c210fa0583dba5c2,2025-10-11T08:21:52+00:00,892,239,156,93,8.258,118.39999999999998,17,fit:06ab469a75256944c36383c4817288da1db87343fd8245e2c210fa0583dba5c2:segment:003,3,7633.0,7383,activities/049_251011081438.csv,1,1,0,0
fit:06ab469a75256944c36383c4817288da1db87343fd8245e2c210fa0583dba5c2,2025-10-11T08:21:53+00:00,893,140,156,94,8.28,118.39999999999998,17,fit:06ab469a75256944c36383c4817288da1db87343fd8245e2c210fa0583dba5c2:segment:003,3,7634.0,7384,activities/049_251011081438.csv,1,1,0,0
fit:06ab469a75256944c36383c4817288da1db87343fd8245e2c210fa0583dba5c2,2025-10-11T08:21:54+00:00,894,141,158,93,8.346,118.0,17,fit:06ab469a75256944c36383c4817288da1db87343fd8245e2c210fa0583dba5c2:segment:003,3,7635.0,7385,activities/049_251011081438.csv,1,1,0,0
fit:06ab469a75256944c36383c4817288da1db87343fd8245e2c210fa0583dba5c2,2025-10-11T08:21:55+00:00,895,141,158,93,8.365,116.20000000000005,17,fit:06ab469a75256944c36383c4817288da1db87343fd8245e2c210fa0583dba5c2:segment:003,3,7636.0,7386,activities/049_251011081438.csv,1,1,0,0
fit:06ab469a75256944c36383c4817288da1db87343fd8245e2c210fa0583dba5c2,2025-10-11T08:21:56+00:00,896,141,159,93,8.311,116.20000000000005,17,fit:06ab469a75256944c36383c4817288da1db87343fd8245e2c210fa0583dba5c2:segment:003,3,7637.0,7387,activities/049_251011081438.csv,1,1,0,0
fit:06ab469a75256944c36383c4817288da1db87343fd8245e2c210fa0583dba5c2,2025-10-11T08:21:57+00:00,897,141,159,93,7.97,116.20000000000005,17,fit:06ab469a75256944c36383c4817288da1db87343fd8245e2c210fa0583dba5c2:segment:003,3,7638.0,7388,activities/049_251011081438.csv,1,1,0,0
fit:06ab469a75256944c36383c4817288da1db87343fd8245e2c210fa0583dba5c2,2025-10-11T08:21:58+00:00,898,0,160,0,7.206,117.20000000000005,17,fit:06ab469a75256944c36383c4817288da1db87343fd8245e2c210fa0583dba5c2:segment:003,3,7639.0,7389,activities/049_251011081438.csv,1,1,0,0
fit:06ab469a75256944c36383c4817288da1db87343fd8245e2c210fa0583dba5c2,2025-10-11T08:21:59+00:00,899,15,160,0,6.397,120.39999999999998,17,fit:06ab469a75256944c36383c4817288da1db87343fd8245e2c210fa0583dba5c2:segment:003,3,7640.0,7390,activities/049_251011081438.csv,1,1,0,0
fit:06ab469a75256944c36383c4817288da1db87343fd8245e2c210fa0583dba5c2,2025-10-11T08:22:00+00:00,900,507,160,62,5.541,120.39999999999998,17,fit:06ab469a75256944c36383c4817288da1db87343fd8245e2c210fa0583dba5c2:segment:003,3,7641.0,7391,activities/049_251011081438.csv,1,1,0,0
fit:06ab469a75256944c36383c4817288da1db87343fd8245e2c210fa0583dba5c2,2025-10-11T08:22:01+00:00,901,537,160,70,5.493,120.39999999999998,17,fit:06ab469a75256944c36383c4817288da1db87343fd8245e2c210fa0583dba5c2:segment:003,3,7642.0,7392,activities/049_251011081438.csv,1,1,0,0
fit:06ab469a75256944c36383c4817288da1db87343fd8245e2c210fa0583dba5c2,2025-10-11T08:22:02+00:00,902,442,160,81,5.823,119.39999999999998,17,fit:06ab469a75256944c36383c4817288da1db87343fd8245e2c210fa0583dba5c2:segment:003,3,7643.0,7393,activities/049_251011081438.csv,1,1,0,0
fit:06ab469a75256944c36383c4817288da1db87343fd8245e2c210fa0583dba5c2,2025-10-11T08:22:03+00:00,903,392,159,81,6.288,118.60000000000002,17,fit:06ab469a75256944c36383c4817288da1db87343fd8245e2c210fa0583dba5c2:segment:003,3,7644.0,7394,activities/049_251011081438.csv,1,1,0,0
fit:06ab469a75256944c36383c4817288da1db87343fd8245e2c210fa0583dba5c2,2025-10-11T08:22:04+00:00,904,364,159,89,6.92,118.60000000000002,17,fit:06ab469a75256944c36383c4817288da1db87343fd8245e2c210fa0583dba5c2:segment:003,3,7645.0,7395,activities/049_251011081438.csv,1,1,0,0
fit:06ab469a75256944c36383c4817288da1db87343fd8245e2c210fa0583dba5c2,2025-10-11T08:22:05+00:00,905,176,159,92,7.334,118.60000000000002,17,fit:06ab469a75256944c36383c4817288da1db87343fd8245e2c210fa0583dba5c2:segment:003,3,7646.0,7396,activities/049_251011081438.csv,1,1,0,0
fit:06ab469a75256944c36383c4817288da1db87343fd8245e2c210fa0583dba5c2,2025-10-11T08:22:06+00:00,906,176,160,91,7.792,118.60000000000002,17,fit:06ab469a75256944c36383c4817288da1db87343fd8245e2c210fa0583dba5c2:segment:003,3,7647.0,7397,activities/049_251011081438.csv,1,1,0,0
fit:06ab469a75256944c36383c4817288da1db87343fd8245e2c210fa0583dba5c2,2025-10-11T08:22:07+00:00,907,159,160,90,7.958,120.39999999999998,17,fit:06ab469a75256944c36383c4817288da1db87343fd8245e2c210fa0583dba5c2:segment:003,3,7648.0,7398,activities/049_251011081438.csv,1,1,0,0
fit:06ab469a75256944c36383c4817288da1db87343fd8245e2c210fa0583dba5c2,2025-10-11T08:22:08+00:00,908,159,159,90,8.049,120.39999999999998,17,fit:06ab469a75256944c36383c4817288da1db87343fd8245e2c210fa0583dba5c2:segment:003,3,7649.0,7399,activities/049_251011081438.csv,1,1,0,0
fit:06ab469a75256944c36383c4817288da1db87343fd8245e2c210fa0583dba5c2,2025-10-11T08:22:09+00:00,909,24,159,90,7.954,120.39999999999998,17,fit:06ab469a75256944c36383c4817288da1db87343fd8245e2c210fa0583dba5c2:segment:003,3,7650.0,7400,activities/049_251011081438.csv,1,1,0,0
fit:06ab469a75256944c36383c4817288da1db87343fd8245e2c210fa0583dba5c2,2025-10-11T08:22:10+00:00,910,118,159,85,7.805,119.39999999999998,17,fit:06ab469a75256944c36383c4817288da1db87343fd8245e2c210fa0583dba5c2:segment:003,3,7651.0,7401,activities/049_251011081438.csv,1,1,0,0
fit:06ab469a75256944c36383c4817288da1db87343fd8245e2c210fa0583dba5c2,2025-10-11T08:22:11+00:00,911,118,160,85,7.696,118.60000000000002,17,fit:06ab469a75256944c36383c4817288da1db87343fd8245e2c210fa0583dba5c2:segment:003,3,7652.0,7402,activities/049_251011081438.csv,1,1,0,0
fit:06ab469a75256944c36383c4817288da1db87343fd8245e2c210fa0583dba5c2,2025-10-11T08:22:12+00:00,912,118,160,85,7.685,118.60000000000002,17,fit:06ab469a75256944c36383c4817288da1db87343fd8245e2c210fa0583dba5c2:segment:003,3,7653.0,7403,activities/049_251011081438.csv,1,1,0,0
fit:06ab469a75256944c36383c4817288da1db87343fd8245e2c210fa0583dba5c2,2025-10-11T08:22:13+00:00,913,26,160,85,7.393,118.60000000000002,17,fit:06ab469a75256944c36383c4817288da1db87343fd8245e2c210fa0583dba5c2:segment:003,3,7654.0,7404,activities/049_251011081438.csv,1,1,0,0
fit:06ab469a75256944c36383c4817288da1db87343fd8245e2c210fa0583dba5c2,2025-10-11T08:22:14+00:00,914,375,160,78,7.011,118.60000000000002,17,fit:06ab469a75256944c36383c4817288da1db87343fd8245e2c210fa0583dba5c2:segment:003,3,7655.0,7405,activities/049_251011081438.csv,1,1,0,0
fit:06ab469a75256944c36383c4817288da1db87343fd8245e2c210fa0583dba5c2,2025-10-11T08:22:15+00:00,915,464,160,83,7.07,118.79999999999995,17,fit:06ab469a75256944c36383c4817288da1db87343fd8245e2c210fa0583dba5c2:segment:003,3,7656.0,7406,activities/049_251011081438.csv,1,1,0,0
fit:06ab469a75256944c36383c4817288da1db87343fd8245e2c210fa0583dba5c2,2025-10-11T08:22:16+00:00,916,464,160,86,7.218,118.79999999999995,17,fit:06ab469a75256944c36383c4817288da1db87343fd8245e2c210fa0583dba5c2:segment:003,3,7657.0,7407,activities/049_251011081438.csv,1,1,0,0
fit:06ab469a75256944c36383c4817288da1db87343fd8245e2c210fa0583dba5c2,2025-10-11T08:22:17+00:00,917,323,160,92,7.422,118.79999999999995,17,fit:06ab469a75256944c36383c4817288da1db87343fd8245e2c210fa0583dba5c2:segment:003,3,7658.0,7408,activities/049_251011081438.csv,1,1,0,0
fit:06ab469a75256944c36383c4817288da1db87343fd8245e2c210fa0583dba5c2,2025-10-11T08:22:18+00:00,918,366,160,92,7.731,118.79999999999995,17,fit:06ab469a75256944c36383c4817288da1db87343fd8245e2c210fa0583dba5c2:segment:003,3,7659.0,7409,activities/049_251011081438.csv,1,1,0,0
fit:06ab469a75256944c36383c4817288da1db87343fd8245e2c210fa0583dba5c2,2025-10-11T08:22:19+00:00,919,269,160,96,8.104,119.39999999999998,17,fit:06ab469a75256944c36383c4817288da1db87343fd8245e2c210fa0583dba5c2:segment:003,3,7660.0,7410,activities/049_251011081438.csv,1,1,0,0
fit:06ab469a75256944c36383c4817288da1db87343fd8245e2c210fa0583dba5c2,2025-10-11T08:22:20+00:00,920,207,160,99,8.322,119.39999999999998,17,fit:06ab469a75256944c36383c4817288da1db87343fd8245e2c210fa0583dba5c2:segment:003,3,7661.0,7411,activities/049_251011081438.csv,1,1,0,0
fit:06ab469a75256944c36383c4817288da1db87343fd8245e2c210fa0583dba5c2,2025-10-11T08:22:21+00:00,921,207,160,100,8.416,119.39999999999998,17,fit:06ab469a75256944c36383c4817288da1db87343fd8245e2c210fa0583dba5c2:segment:003,3,7662.0,7412,activities/049_251011081438.csv,1,1,0,0
fit:06ab469a75256944c36383c4817288da1db87343fd8245e2c210fa0583dba5c2,2025-10-11T08:22:22+00:00,922,327,160,98,8.675,119.39999999999998,17,fit:06ab469a75256944c36383c4817288da1db87343fd8245e2c210fa0583dba5c2:segment:003,3,7663.0,7413,activities/049_251011081438.csv,1,1,0,0
fit:06ab469a75256944c36383c4817288da1db87343fd8245e2c210fa0583dba5c2,2025-10-11T08:22:23+00:00,923,225,160,98,8.845,119.20000000000005,17,fit:06ab469a75256944c36383c4817288da1db87343fd8245e2c210fa0583dba5c2:segment:003,3,7664.0,7414,activities/049_251011081438.csv,1,1,0,0
fit:06ab469a75256944c36383c4817288da1db87343fd8245e2c210fa0583dba5c2,2025-10-11T08:22:24+00:00,924,170,160,94,8.77,119.20000000000005,17,fit:06ab469a75256944c36383c4817288da1db87343fd8245e2c210fa0583dba5c2:segment:003,3,7665.0,7415,activities/049_251011081438.csv,1,1,0,0
fit:06ab469a75256944c36383c4817288da1db87343fd8245e2c210fa0583dba5c2,2025-10-11T08:22:25+00:00,925,153,161,94,8.933,119.20000000000005,17,fit:06ab469a75256944c36383c4817288da1db87343fd8245e2c210fa0583dba5c2:segment:003,3,7666.0,7416,activities/049_251011081438.csv,1,1,0,0
fit:06ab469a75256944c36383c4817288da1db87343fd8245e2c210fa0583dba5c2,2025-10-11T08:22:26+00:00,926,139,161,94,9.121,119.20000000000005,17,fit:06ab469a75256944c36383c4817288da1db87343fd8245e2c210fa0583dba5c2:segment:003,3,7667.0,7417,activities/049_251011081438.csv,1,1,0,0
fit:06ab469a75256944c36383c4817288da1db87343fd8245e2c210fa0583dba5c2,2025-10-11T08:22:27+00:00,927,363,162,95,9.259,119.79999999999995,17,fit:06ab469a75256944c36383c4817288da1db87343fd8245e2c210fa0583dba5c2:segment:003,3,7668.0,7418,activities/049_251011081438.csv,1,1,0,0
fit:06ab469a75256944c36383c4817288da1db87343fd8245e2c210fa0583dba5c2,2025-10-11T08:22:28+00:00,928,173,163,95,9.17,119.79999999999995,17,fit:06ab469a75256944c36383c4817288da1db87343fd8245e2c210fa0583dba5c2:segment:003,3,7669.0,7419,activities/049_251011081438.csv,1,1,0,0
fit:06ab469a75256944c36383c4817288da1db87343fd8245e2c210fa0583dba5c2,2025-10-11T08:22:29+00:00,929,258,163,94,9.13,119.79999999999995,17,fit:06ab469a75256944c36383c4817288da1db87343fd8245e2c210fa0583dba5c2:segment:003,3,7670.0,7420,activities/049_251011081438.csv,1,1,0,0
fit:06ab469a75256944c36383c4817288da1db87343fd8245e2c210fa0583dba5c2,2025-10-11T08:22:30+00:00,930,291,163,94,9.197,118.79999999999995,17,fit:06ab469a75256944c36383c4817288da1db87343fd8245e2c210fa0583dba5c2:segment:003,3,7671.0,7421,activities/049_251011081438.csv,1,1,0,0
fit:06ab469a75256944c36383c4817288da1db87343fd8245e2c210fa0583dba5c2,2025-10-11T08:22:31+00:00,931,291,163,94,9.164,118.60000000000002,17,fit:06ab469a75256944c36383c4817288da1db87343fd8245e2c210fa0583dba5c2:segment:003,3,7672.0,7422,activities/049_251011081438.csv,1,1,0,0
fit:06ab469a75256944c36383c4817288da1db87343fd8245e2c210fa0583dba5c2,2025-10-11T08:22:32+00:00,932,167,163,95,9.242,118.60000000000002,17,fit:06ab469a75256944c36383c4817288da1db87343fd8245e2c210fa0583dba5c2:segment:003,3,7673.0,7423,activities/049_251011081438.csv,1,1,0,0
fit:06ab469a75256944c36383c4817288da1db87343fd8245e2c210fa0583dba5c2,2025-10-11T08:22:33+00:00,933,310,163,95,9.228,118.60000000000002,17,fit:06ab469a75256944c36383c4817288da1db87343fd8245e2c210fa0583dba5c2:segment:003,3,7674.0,7424,activities/049_251011081438.csv,1,1,0,0
fit:06ab469a75256944c36383c4817288da1db87343fd8245e2c210fa0583dba5c2,2025-10-11T08:22:34+00:00,934,184,163,95,9.265,118.60000000000002,17,fit:06ab469a75256944c36383c4817288da1db87343fd8245e2c210fa0583dba5c2:segment:003,3,7675.0,7425,activities/049_251011081438.csv,1,1,0,0
fit:06ab469a75256944c36383c4817288da1db87343fd8245e2c210fa0583dba5c2,2025-10-11T08:22:35+00:00,935,200,162,96,9.357,118.39999999999998,17,fit:06ab469a75256944c36383c4817288da1db87343fd8245e2c210fa0583dba5c2:segment:003,3,7676.0,7426,activities/049_251011081438.csv,1,1,0,0
fit:06ab469a75256944c36383c4817288da1db87343fd8245e2c210fa0583dba5c2,2025-10-11T08:22:36+00:00,936,254,162,96,9.203,118.39999999999998,17,fit:06ab469a75256944c36383c4817288da1db87343fd8245e2c210fa0583dba5c2:segment:003,3,7677.0,7427,activities/049_251011081438.csv,1,1,0,0
fit:06ab469a75256944c36383c4817288da1db87343fd8245e2c210fa0583dba5c2,2025-10-11T08:22:37+00:00,937,256,162,96,9.204,118.39999999999998,17,fit:06ab469a75256944c36383c4817288da1db87343fd8245e2c210fa0583dba5c2:segment:003,3,7678.0,7428,activities/049_251011081438.csv,1,1,0,0
fit:06ab469a75256944c36383c4817288da1db87343fd8245e2c210fa0583dba5c2,2025-10-11T08:22:38+00:00,938,224,161,96,9.352,118.39999999999998,17,fit:06ab469a75256944c36383c4817288da1db87343fd8245e2c210fa0583dba5c2:segment:003,3,7679.0,7429,activities/049_251011081438.csv,1,1,0,0
fit:06ab469a75256944c36383c4817288da1db87343fd8245e2c210fa0583dba5c2,2025-10-11T08:22:39+00:00,939,200,161,95,9.35,117.79999999999995,17,fit:06ab469a75256944c36383c4817288da1db87343fd8245e2c210fa0583dba5c2:segment:003,3,7680.0,7430,activities/049_251011081438.csv,1,1,0,0
fit:06ab469a75256944c36383c4817288da1db87343fd8245e2c210fa0583dba5c2,2025-10-11T08:22:40+00:00,940,228,160,95,9.291,117.79999999999995,17,fit:06ab469a75256944c36383c4817288da1db87343fd8245e2c210fa0583dba5c2:segment:003,3,7681.0,7431,activities/049_251011081438.csv,1,1,0,0
fit:06ab469a75256944c36383c4817288da1db87343fd8245e2c210fa0583dba5c2,2025-10-11T08:22:41+00:00,941,275,160,94,9.275,117.79999999999995,17,fit:06ab469a75256944c36383c4817288da1db87343fd8245e2c210fa0583dba5c2:segment:003,3,7682.0,7432,activities/049_251011081438.csv,1,1,0,0
fit:06ab469a75256944c36383c4817288da1db87343fd8245e2c210fa0583dba5c2,2025-10-11T08:22:42+00:00,942,258,160,94,9.224,117.79999999999995,17,fit:06ab469a75256944c36383c4817288da1db87343fd8245e2c210fa0583dba5c2:segment:003,3,7683.0,7433,activities/049_251011081438.csv,1,1,0,0
fit:06ab469a75256944c36383c4817288da1db87343fd8245e2c210fa0583dba5c2,2025-10-11T08:22:43+00:00,943,232,160,94,9.271,118.39999999999998,17,fit:06ab469a75256944c36383c4817288da1db87343fd8245e2c210fa0583dba5c2:segment:003,3,7684.0,7434,activities/049_251011081438.csv,1,1,0,0
fit:06ab469a75256944c36383c4817288da1db87343fd8245e2c210fa0583dba5c2,2025-10-11T08:22:44+00:00,944,255,160,93,9.341,118.39999999999998,17,fit:06ab469a75256944c36383c4817288da1db87343fd8245e2c210fa0583dba5c2:segment:003,3,7685.0,7435,activities/049_251011081438.csv,1,1,0,0
fit:06ab469a75256944c36383c4817288da1db87343fd8245e2c210fa0583dba5c2,2025-10-11T08:22:45+00:00,945,228,159,92,9.311,118.39999999999998,17,fit:06ab469a75256944c36383c4817288da1db87343fd8245e2c210fa0583dba5c2:segment:003,3,7686.0,7436,activities/049_251011081438.csv,1,1,0,0
fit:06ab469a75256944c36383c4817288da1db87343fd8245e2c210fa0583dba5c2,2025-10-11T08:22:46+00:00,946,228,160,92,9.269,118.0,17,fit:06ab469a75256944c36383c4817288da1db87343fd8245e2c210fa0583dba5c2:segment:003,3,7687.0,7437,activities/049_251011081438.csv,1,1,0,0
fit:06ab469a75256944c36383c4817288da1db87343fd8245e2c210fa0583dba5c2,2025-10-11T08:22:47+00:00,947,231,159,91,9.166,118.79999999999995,17,fit:06ab469a75256944c36383c4817288da1db87343fd8245e2c210fa0583dba5c2:segment:003,3,7688.0,7438,activities/049_251011081438.csv,1,1,0,0
fit:06ab469a75256944c36383c4817288da1db87343fd8245e2c210fa0583dba5c2,2025-10-11T08:22:48+00:00,948,315,159,91,9.025,118.79999999999995,17,fit:06ab469a75256944c36383c4817288da1db87343fd8245e2c210fa0583dba5c2:segment:003,3,7689.0,7439,activities/049_251011081438.csv,1,1,0,0
fit:06ab469a75256944c36383c4817288da1db87343fd8245e2c210fa0583dba5c2,2025-10-11T08:22:49+00:00,949,319,159,90,9.019,118.79999999999995,17,fit:06ab469a75256944c36383c4817288da1db87343fd8245e2c210fa0583dba5c2:segment:003,3,7690.0,7440,activities/049_251011081438.csv,1,1,0,0
fit:06ab469a75256944c36383c4817288da1db87343fd8245e2c210fa0583dba5c2,2025-10-11T08:22:50+00:00,950,250,159,90,8.996,117.79999999999995,17,fit:06ab469a75256944c36383c4817288da1db87343fd8245e2c210fa0583dba5c2:segment:003,3,7691.0,7441,activities/049_251011081438.csv,1,1,0,0
fit:06ab469a75256944c36383c4817288da1db87343fd8245e2c210fa0583dba5c2,2025-10-11T08:22:51+00:00,951,250,159,89,8.963,117.79999999999995,17,fit:06ab469a75256944c36383c4817288da1db87343fd8245e2c210fa0583dba5c2:segment:003,3,7692.0,7442,activities/049_251011081438.csv,1,1,0,0
fit:06ab469a75256944c36383c4817288da1db87343fd8245e2c210fa0583dba5c2,2025-10-11T08:22:52+00:00,952,280,158,89,8.792,117.79999999999995,17,fit:06ab469a75256944c36383c4817288da1db87343fd8245e2c210fa0583dba5c2:segment:003,3,7693.0,7443,activities/049_251011081438.csv,1,1,0,0
fit:06ab469a75256944c36383c4817288da1db87343fd8245e2c210fa0583dba5c2,2025-10-11T08:22:53+00:00,953,300,159,87,8.63,117.79999999999995,17,fit:06ab469a75256944c36383c4817288da1db87343fd8245e2c210fa0583dba5c2:segment:003,3,7694.0,7444,activities/049_251011081438.csv,1,1,0,0
fit:06ab469a75256944c36383c4817288da1db87343fd8245e2c210fa0583dba5c2,2025-10-11T08:22:54+00:00,954,305,159,86,8.536,117.79999999999995,17,fit:06ab469a75256944c36383c4817288da1db87343fd8245e2c210fa0583dba5c2:segment:003,3,7695.0,7445,activities/049_251011081438.csv,1,1,0,0
fit:06ab469a75256944c36383c4817288da1db87343fd8245e2c210fa0583dba5c2,2025-10-11T08:22:55+00:00,955,303,159,85,8.448,118.39999999999998,17,fit:06ab469a75256944c36383c4817288da1db87343fd8245e2c210fa0583dba5c2:segment:003,3,7696.0,7446,activities/049_251011081438.csv,1,1,0,0
fit:06ab469a75256944c36383c4817288da1db87343fd8245e2c210fa0583dba5c2,2025-10-11T08:22:56+00:00,956,303,160,85,8.42,118.39999999999998,17,fit:06ab469a75256944c36383c4817288da1db87343fd8245e2c210fa0583dba5c2:segment:003,3,7697.0,7447,activities/049_251011081438.csv,1,1,0,0
fit:06ab469a75256944c36383c4817288da1db87343fd8245e2c210fa0583dba5c2,2025-10-11T08:22:57+00:00,957,289,161,84,8.392,118.39999999999998,17,fit:06ab469a75256944c36383c4817288da1db87343fd8245e2c210fa0583dba5c2:segment:003,3,7698.0,7448,activities/049_251011081438.csv,1,1,0,0
fit:06ab469a75256944c36383c4817288da1db87343fd8245e2c210fa0583dba5c2,2025-10-11T08:22:58+00:00,958,265,161,83,8.395,118.39999999999998,17,fit:06ab469a75256944c36383c4817288da1db87343fd8245e2c210fa0583dba5c2:segment:003,3,7699.0,7449,activities/049_251011081438.csv,1,1,0,0
fit:06ab469a75256944c36383c4817288da1db87343fd8245e2c210fa0583dba5c2,2025-10-11T08:22:59+00:00,959,230,161,83,8.384,118.60000000000002,17,fit:06ab469a75256944c36383c4817288da1db87343fd8245e2c210fa0583dba5c2:segment:003,3,7700.0,7450,activities/049_251011081438.csv,1,1,0,0
fit:06ab469a75256944c36383c4817288da1db87343fd8245e2c210fa0583dba5c2,2025-10-11T08:23:00+00:00,960,277,161,83,8.207,118.60000000000002,17,fit:06ab469a75256944c36383c4817288da1db87343fd8245e2c210fa0583dba5c2:segment:003,3,7701.0,7451,activities/049_251011081438.csv,1,1,0,0
fit:06ab469a75256944c36383c4817288da1db87343fd8245e2c210fa0583dba5c2,2025-10-11T08:23:01+00:00,961,278,162,82,8.135,118.60000000000002,17,fit:06ab469a75256944c36383c4817288da1db87343fd8245e2c210fa0583dba5c2:segment:003,3,7702.0,7452,activities/049_251011081438.csv,1,1,0,0
fit:06ab469a75256944c36383c4817288da1db87343fd8245e2c210fa0583dba5c2,2025-10-11T08:23:02+00:00,962,248,162,82,8.136,118.60000000000002,17,fit:06ab469a75256944c36383c4817288da1db87343fd8245e2c210fa0583dba5c2:segment:003,3,7703.0,7453,activities/049_251011081438.csv,1,1,0,0
fit:06ab469a75256944c36383c4817288da1db87343fd8245e2c210fa0583dba5c2,2025-10-11T08:23:03+00:00,963,296,162,82,8.178,118.39999999999998,17,fit:06ab469a75256944c36383c4817288da1db87343fd8245e2c210fa0583dba5c2:segment:003,3,7704.0,7454,activities/049_251011081438.csv,1,1,0,0
fit:06ab469a75256944c36383c4817288da1db87343fd8245e2c210fa0583dba5c2,2025-10-11T08:23:04+00:00,964,285,162,82,8.167,118.39999999999998,17,fit:06ab469a75256944c36383c4817288da1db87343fd8245e2c210fa0583dba5c2:segment:003,3,7705.0,7455,activities/049_251011081438.csv,1,1,0,0
fit:06ab469a75256944c36383c4817288da1db87343fd8245e2c210fa0583dba5c2,2025-10-11T08:23:05+00:00,965,245,161,84,8.131,118.39999999999998,17,fit:06ab469a75256944c36383c4817288da1db87343fd8245e2c210fa0583dba5c2:segment:003,3,7706.0,7456,activities/049_251011081438.csv,1,1,0,0
fit:06ab469a75256944c36383c4817288da1db87343fd8245e2c210fa0583dba5c2,2025-10-11T08:23:06+00:00,966,246,161,87,8.146,118.60000000000002,17,fit:06ab469a75256944c36383c4817288da1db87343fd8245e2c210fa0583dba5c2:segment:003,3,7707.0,7457,activities/049_251011081438.csv,1,1,0,0
fit:06ab469a75256944c36383c4817288da1db87343fd8245e2c210fa0583dba5c2,2025-10-11T08:23:07+00:00,967,219,160,88,8.375,118.60000000000002,17,fit:06ab469a75256944c36383c4817288da1db87343fd8245e2c210fa0583dba5c2:segment:003,3,7708.0,7458,activities/049_251011081438.csv,1,1,0,0
fit:06ab469a75256944c36383c4817288da1db87343fd8245e2c210fa0583dba5c2,2025-10-11T08:23:08+00:00,968,187,161,90,8.54,118.60000000000002,17,fit:06ab469a75256944c36383c4817288da1db87343fd8245e2c210fa0583dba5c2:segment:003,3,7709.0,7459,activities/049_251011081438.csv,1,1,0,0
fit:06ab469a75256944c36383c4817288da1db87343fd8245e2c210fa0583dba5c2,2025-10-11T08:23:09+00:00,969,167,161,90,8.743,118.60000000000002,17,fit:06ab469a75256944c36383c4817288da1db87343fd8245e2c210fa0583dba5c2:segment:003,3,7710.0,7460,activities/049_251011081438.csv,1,1,0,0
fit:06ab469a75256944c36383c4817288da1db87343fd8245e2c210fa0583dba5c2,2025-10-11T08:23:10+00:00,970,193,162,92,8.897,117.79999999999995,17,fit:06ab469a75256944c36383c4817288da1db87343fd8245e2c210fa0583dba5c2:segment:003,3,7711.0,7461,activities/049_251011081438.csv,1,1,0,0
fit:06ab469a75256944c36383c4817288da1db87343fd8245e2c210fa0583dba5c2,2025-10-11T08:23:11+00:00,971,194,162,93,8.979,117.60000000000002,17,fit:06ab469a75256944c36383c4817288da1db87343fd8245e2c210fa0583dba5c2:segment:003,3,7712.0,7462,activities/049_251011081438.csv,1,1,0,0
fit:06ab469a75256944c36383c4817288da1db87343fd8245e2c210fa0583dba5c2,2025-10-11T08:23:12+00:00,972,334,163,85,9.016,117.60000000000002,17,fit:06ab469a75256944c36383c4817288da1db87343fd8245e2c210fa0583dba5c2:segment:003,3,7713.0,7463,activities/049_251011081438.csv,1,1,0,0
fit:06ab469a75256944c36383c4817288da1db87343fd8245e2c210fa0583dba5c2,2025-10-11T08:23:13+00:00,973,178,163,86,9.171,117.60000000000002,17,fit:06ab469a75256944c36383c4817288da1db87343fd8245e2c210fa0583dba5c2:segment:003,3,7714.0,7464,activities/049_251011081438.csv,1,1,0,0
fit:06ab469a75256944c36383c4817288da1db87343fd8245e2c210fa0583dba5c2,2025-10-11T08:23:14+00:00,974,128,164,86,9.289,117.60000000000002,17,fit:06ab469a75256944c36383c4817288da1db87343fd8245e2c210fa0583dba5c2:segment:003,3,7715.0,7465,activities/049_251011081438.csv,1,1,0,0
fit:06ab469a75256944c36383c4817288da1db87343fd8245e2c210fa0583dba5c2,2025-10-11T08:23:15+00:00,975,192,164,87,9.525,118.0,17,fit:06ab469a75256944c36383c4817288da1db87343fd8245e2c210fa0583dba5c2:segment:003,3,7716.0,7466,activities/049_251011081438.csv,1,1,0,0
fit:06ab469a75256944c36383c4817288da1db87343fd8245e2c210fa0583dba5c2,2025-10-11T08:23:16+00:00,976,179,164,88,9.589,118.0,17,fit:06ab469a75256944c36383c4817288da1db87343fd8245e2c210fa0583dba5c2:segment:003,3,7717.0,7467,activities/049_251011081438.csv,1,1,0,0
fit:06ab469a75256944c36383c4817288da1db87343fd8245e2c210fa0583dba5c2,2025-10-11T08:23:17+00:00,977,179,164,88,9.68,118.0,17,fit:06ab469a75256944c36383c4817288da1db87343fd8245e2c210fa0583dba5c2:segment:003,3,7718.0,7468,activities/049_251011081438.csv,1,1,0,0
fit:06ab469a75256944c36383c4817288da1db87343fd8245e2c210fa0583dba5c2,2025-10-11T08:23:18+00:00,978,273,164,88,9.776,118.0,17,fit:06ab469a75256944c36383c4817288da1db87343fd8245e2c210fa0583dba5c2:segment:003,3,7719.0,7469,activities/049_251011081438.csv,1,1,0,0
fit:06ab469a75256944c36383c4817288da1db87343fd8245e2c210fa0583dba5c2,2025-10-11T08:23:19+00:00,979,209,163,88,9.734,118.60000000000002,17,fit:06ab469a75256944c36383c4817288da1db87343fd8245e2c210fa0583dba5c2:segment:003,3,7720.0,7470,activities/049_251011081438.csv,1,1,0,0
fit:06ab469a75256944c36383c4817288da1db87343fd8245e2c210fa0583dba5c2,2025-10-11T08:23:20+00:00,980,176,162,90,9.712,118.60000000000002,17,fit:06ab469a75256944c36383c4817288da1db87343fd8245e2c210fa0583dba5c2:segment:003,3,7721.0,7471,activities/049_251011081438.csv,1,1,0,0
fit:06ab469a75256944c36383c4817288da1db87343fd8245e2c210fa0583dba5c2,2025-10-11T08:23:21+00:00,981,152,162,89,9.808,118.60000000000002,17,fit:06ab469a75256944c36383c4817288da1db87343fd8245e2c210fa0583dba5c2:segment:003,3,7722.0,7472,activities/049_251011081438.csv,1,1,0,0
fit:06ab469a75256944c36383c4817288da1db87343fd8245e2c210fa0583dba5c2,2025-10-11T08:23:22+00:00,982,184,162,89,9.856,118.39999999999998,17,fit:06ab469a75256944c36383c4817288da1db87343fd8245e2c210fa0583dba5c2:segment:003,3,7723.0,7473,activities/049_251011081438.csv,1,1,0,0
fit:06ab469a75256944c36383c4817288da1db87343fd8245e2c210fa0583dba5c2,2025-10-11T08:23:23+00:00,983,318,161,90,9.826,118.60000000000002,17,fit:06ab469a75256944c36383c4817288da1db87343fd8245e2c210fa0583dba5c2:segment:003,3,7724.0,7474,activities/049_251011081438.csv,1,1,0,0
fit:06ab469a75256944c36383c4817288da1db87343fd8245e2c210fa0583dba5c2,2025-10-11T08:23:24+00:00,984,213,161,91,9.833,118.60000000000002,17,fit:06ab469a75256944c36383c4817288da1db87343fd8245e2c210fa0583dba5c2:segment:003,3,7725.0,7475,activities/049_251011081438.csv,1,1,0,0
fit:06ab469a75256944c36383c4817288da1db87343fd8245e2c210fa0583dba5c2,2025-10-11T08:23:25+00:00,985,186,161,92,9.932,118.60000000000002,17,fit:06ab469a75256944c36383c4817288da1db87343fd8245e2c210fa0583dba5c2:segment:003,3,7726.0,7476,activities/049_251011081438.csv,1,1,0,0
fit:06ab469a75256944c36383c4817288da1db87343fd8245e2c210fa0583dba5c2,2025-10-11T08:23:26+00:00,986,194,160,92,10.147,117.60000000000002,17,fit:06ab469a75256944c36383c4817288da1db87343fd8245e2c210fa0583dba5c2:segment:003,3,7727.0,7477,activities/049_251011081438.csv,1,1,0,0
fit:06ab469a75256944c36383c4817288da1db87343fd8245e2c210fa0583dba5c2,2025-10-11T08:23:27+00:00,987,194,160,91,10.133,117.0,17,fit:06ab469a75256944c36383c4817288da1db87343fd8245e2c210fa0583dba5c2:segment:003,3,7728.0,7478,activities/049_251011081438.csv,1,1,0,0
fit:06ab469a75256944c36383c4817288da1db87343fd8245e2c210fa0583dba5c2,2025-10-11T08:23:28+00:00,988,205,160,91,10.203,117.0,17,fit:06ab469a75256944c36383c4817288da1db87343fd8245e2c210fa0583dba5c2:segment:003,3,7729.0,7479,activities/049_251011081438.csv,1,1,0,0
fit:06ab469a75256944c36383c4817288da1db87343fd8245e2c210fa0583dba5c2,2025-10-11T08:23:29+00:00,989,182,159,91,10.204,117.0,17,fit:06ab469a75256944c36383c4817288da1db87343fd8245e2c210fa0583dba5c2:segment:003,3,7730.0,7480,activities/049_251011081438.csv,1,1,0,0
fit:06ab469a75256944c36383c4817288da1db87343fd8245e2c210fa0583dba5c2,2025-10-11T08:23:30+00:00,990,231,159,91,10.195,117.0,17,fit:06ab469a75256944c36383c4817288da1db87343fd8245e2c210fa0583dba5c2:segment:003,3,7731.0,7481,activities/049_251011081438.csv,1,1,0,0
fit:06ab469a75256944c36383c4817288da1db87343fd8245e2c210fa0583dba5c2,2025-10-11T08:23:31+00:00,991,211,158,92,10.193,117.60000000000002,17,fit:06ab469a75256944c36383c4817288da1db87343fd8245e2c210fa0583dba5c2:segment:003,3,7732.0,7482,activities/049_251011081438.csv,1,1,0,0
fit:06ab469a75256944c36383c4817288da1db87343fd8245e2c210fa0583dba5c2,2025-10-11T08:23:32+00:00,992,193,158,93,10.114,117.60000000000002,17,fit:06ab469a75256944c36383c4817288da1db87343fd8245e2c210fa0583dba5c2:segment:003,3,7733.0,7483,activities/049_251011081438.csv,1,1,0,0
fit:06ab469a75256944c36383c4817288da1db87343fd8245e2c210fa0583dba5c2,2025-10-11T08:23:33+00:00,993,168,158,94,10.114,117.60000000000002,17,fit:06ab469a75256944c36383c4817288da1db87343fd8245e2c210fa0583dba5c2:segment:003,3,7734.0,7484,activities/049_251011081438.csv,1,1,0,0
fit:06ab469a75256944c36383c4817288da1db87343fd8245e2c210fa0583dba5c2,2025-10-11T08:23:34+00:00,994,212,158,93,10.244,117.60000000000002,17,fit:06ab469a75256944c36383c4817288da1db87343fd8245e2c210fa0583dba5c2:segment:003,3,7735.0,7485,activities/049_251011081438.csv,1,1,0,0
fit:06ab469a75256944c36383c4817288da1db87343fd8245e2c210fa0583dba5c2,2025-10-11T08:23:35+00:00,995,179,158,93,10.223,117.79999999999995,17,fit:06ab469a75256944c36383c4817288da1db87343fd8245e2c210fa0583dba5c2:segment:003,3,7736.0,7486,activities/049_251011081438.csv,1,1,0,0
fit:06ab469a75256944c36383c4817288da1db87343fd8245e2c210fa0583dba5c2,2025-10-11T08:23:36+00:00,996,295,158,93,10.225,117.79999999999995,17,fit:06ab469a75256944c36383c4817288da1db87343fd8245e2c210fa0583dba5c2:segment:003,3,7737.0,7487,activities/049_251011081438.csv,1,1,0,0
fit:06ab469a75256944c36383c4817288da1db87343fd8245e2c210fa0583dba5c2,2025-10-11T08:23:37+00:00,997,239,158,93,10.321,117.79999999999995,17,fit:06ab469a75256944c36383c4817288da1db87343fd8245e2c210fa0583dba5c2:segment:003,3,7738.0,7488,activities/049_251011081438.csv,1,1,0,0
fit:06ab469a75256944c36383c4817288da1db87343fd8245e2c210fa0583dba5c2,2025-10-11T08:23:38+00:00,998,216,158,93,10.346,117.0,17,fit:06ab469a75256944c36383c4817288da1db87343fd8245e2c210fa0583dba5c2:segment:003,3,7739.0,7489,activities/049_251011081438.csv,1,1,0,0
fit:06ab469a75256944c36383c4817288da1db87343fd8245e2c210fa0583dba5c2,2025-10-11T08:23:39+00:00,999,178,158,93,10.244,118.20000000000005,17,fit:06ab469a75256944c36383c4817288da1db87343fd8245e2c210fa0583dba5c2:segment:003,3,7740.0,7490,activities/049_251011081438.csv,1,1,0,0
fit:06ab469a75256944c36383c4817288da1db87343fd8245e2c210fa0583dba5c2,2025-10-11T08:23:40+00:00,1000,199,158,93,10.219,118.20000000000005,17,fit:06ab469a75256944c36383c4817288da1db87343fd8245e2c210fa0583dba5c2:segment:003,3,7741.0,7491,activities/049_251011081438.csv,1,1,0,0
fit:06ab469a75256944c36383c4817288da1db87343fd8245e2c210fa0583dba5c2,2025-10-11T08:23:41+00:00,1001,218,157,92,10.173,118.20000000000005,17,fit:06ab469a75256944c36383c4817288da1db87343fd8245e2c210fa0583dba5c2:segment:003,3,7742.0,7492,activities/049_251011081438.csv,1,1,0,0
fit:06ab469a75256944c36383c4817288da1db87343fd8245e2c210fa0583dba5c2,2025-10-11T08:23:42+00:00,1002,219,156,92,10.144,117.39999999999998,17,fit:06ab469a75256944c36383c4817288da1db87343fd8245e2c210fa0583dba5c2:segment:003,3,7743.0,7493,activities/049_251011081438.csv,1,1,0,0
fit:06ab469a75256944c36383c4817288da1db87343fd8245e2c210fa0583dba5c2,2025-10-11T08:23:43+00:00,1003,257,156,92,10.156,118.0,17,fit:06ab469a75256944c36383c4817288da1db87343fd8245e2c210fa0583dba5c2:segment:003,3,7744.0,7494,activities/049_251011081438.csv,1,1,0,0
fit:06ab469a75256944c36383c4817288da1db87343fd8245e2c210fa0583dba5c2,2025-10-11T08:23:44+00:00,1004,223,156,92,10.114,118.0,17,fit:06ab469a75256944c36383c4817288da1db87343fd8245e2c210fa0583dba5c2:segment:003,3,7745.0,7495,activities/049_251011081438.csv,1,1,0,0
fit:06ab469a75256944c36383c4817288da1db87343fd8245e2c210fa0583dba5c2,2025-10-11T08:23:45+00:00,1005,223,155,91,10.039,118.0,17,fit:06ab469a75256944c36383c4817288da1db87343fd8245e2c210fa0583dba5c2:segment:003,3,7746.0,7496,activities/049_251011081438.csv,1,1,0,0
fit:06ab469a75256944c36383c4817288da1db87343fd8245e2c210fa0583dba5c2,2025-10-11T08:23:46+00:00,1006,328,155,90,10.038,117.79999999999995,17,fit:06ab469a75256944c36383c4817288da1db87343fd8245e2c210fa0583dba5c2:segment:003,3,7747.0,7497,activities/049_251011081438.csv,1,1,0,0
fit:06ab469a75256944c36383c4817288da1db87343fd8245e2c210fa0583dba5c2,2025-10-11T08:23:47+00:00,1007,265,155,91,10.026,117.60000000000002,17,fit:06ab469a75256944c36383c4817288da1db87343fd8245e2c210fa0583dba5c2:segment:003,3,7748.0,7498,activities/049_251011081438.csv,1,1,0,0
fit:06ab469a75256944c36383c4817288da1db87343fd8245e2c210fa0583dba5c2,2025-10-11T08:23:48+00:00,1008,207,155,91,9.935,117.60000000000002,17,fit:06ab469a75256944c36383c4817288da1db87343fd8245e2c210fa0583dba5c2:segment:003,3,7749.0,7499,activities/049_251011081438.csv,1,1,0,0
fit:06ab469a75256944c36383c4817288da1db87343fd8245e2c210fa0583dba5c2,2025-10-11T08:23:49+00:00,1009,243,155,91,9.98,117.60000000000002,17,fit:06ab469a75256944c36383c4817288da1db87343fd8245e2c210fa0583dba5c2:segment:003,3,7750.0,7500,activities/049_251011081438.csv,1,1,0,0
fit:06ab469a75256944c36383c4817288da1db87343fd8245e2c210fa0583dba5c2,2025-10-11T08:23:50+00:00,1010,242,155,91,10.174,117.60000000000002,17,fit:06ab469a75256944c36383c4817288da1db87343fd8245e2c210fa0583dba5c2:segment:003,3,7751.0,7501,activities/049_251011081438.csv,1,1,0,0
fit:06ab469a75256944c36383c4817288da1db87343fd8245e2c210fa0583dba5c2,2025-10-11T08:23:51+00:00,1011,225,154,91,10.204,117.39999999999998,17,fit:06ab469a75256944c36383c4817288da1db87343fd8245e2c210fa0583dba5c2:segment:003,3,7752.0,7502,activities/049_251011081438.csv,1,1,0,0
fit:06ab469a75256944c36383c4817288da1db87343fd8245e2c210fa0583dba5c2,2025-10-11T08:23:52+00:00,1012,232,154,90,10.083,117.39999999999998,17,fit:06ab469a75256944c36383c4817288da1db87343fd8245e2c210fa0583dba5c2:segment:003,3,7753.0,7503,activities/049_251011081438.csv,1,1,0,0
fit:06ab469a75256944c36383c4817288da1db87343fd8245e2c210fa0583dba5c2,2025-10-11T08:23:53+00:00,1013,250,154,89,10.019,117.39999999999998,17,fit:06ab469a75256944c36383c4817288da1db87343fd8245e2c210fa0583dba5c2:segment:003,3,7754.0,7504,activities/049_251011081438.csv,1,1,0,0
fit:06ab469a75256944c36383c4817288da1db87343fd8245e2c210fa0583dba5c2,2025-10-11T08:23:54+00:00,1014,208,154,89,9.895,117.39999999999998,17,fit:06ab469a75256944c36383c4817288da1db87343fd8245e2c210fa0583dba5c2:segment:003,3,7755.0,7505,activities/049_251011081438.csv,1,1,0,0
fit:06ab469a75256944c36383c4817288da1db87343fd8245e2c210fa0583dba5c2,2025-10-11T08:23:55+00:00,1015,235,154,89,9.866,117.39999999999998,17,fit:06ab469a75256944c36383c4817288da1db87343fd8245e2c210fa0583dba5c2:segment:003,3,7756.0,7506,activities/049_251011081438.csv,1,1,0,0
fit:06ab469a75256944c36383c4817288da1db87343fd8245e2c210fa0583dba5c2,2025-10-11T08:23:56+00:00,1016,255,154,90,9.836,117.39999999999998,17,fit:06ab469a75256944c36383c4817288da1db87343fd8245e2c210fa0583dba5c2:segment:003,3,7757.0,7507,activities/049_251011081438.csv,1,1,0,0
fit:06ab469a75256944c36383c4817288da1db87343fd8245e2c210fa0583dba5c2,2025-10-11T08:23:57+00:00,1017,231,154,89,9.882,117.39999999999998,17,fit:06ab469a75256944c36383c4817288da1db87343fd8245e2c210fa0583dba5c2:segment:003,3,7758.0,7508,activities/049_251011081438.csv,1,1,0,0
fit:06ab469a75256944c36383c4817288da1db87343fd8245e2c210fa0583dba5c2,2025-10-11T08:23:58+00:00,1018,229,154,89,9.901,117.39999999999998,17,fit:06ab469a75256944c36383c4817288da1db87343fd8245e2c210fa0583dba5c2:segment:003,3,7759.0,7509,activities/049_251011081438.csv,1,1,0,0
fit:06ab469a75256944c36383c4817288da1db87343fd8245e2c210fa0583dba5c2,2025-10-11T08:23:59+00:00,1019,239,154,89,9.777,117.60000000000002,17,fit:06ab469a75256944c36383c4817288da1db87343fd8245e2c210fa0583dba5c2:segment:003,3,7760.0,7510,activities/049_251011081438.csv,1,1,0,0
fit:06ab469a75256944c36383c4817288da1db87343fd8245e2c210fa0583dba5c2,2025-10-11T08:24:00+00:00,1020,213,154,89,9.741,117.60000000000002,17,fit:06ab469a75256944c36383c4817288da1db87343fd8245e2c210fa0583dba5c2:segment:003,3,7761.0,7511,activities/049_251011081438.csv,1,1,0,0
fit:06ab469a75256944c36383c4817288da1db87343fd8245e2c210fa0583dba5c2,2025-10-11T08:24:01+00:00,1021,208,153,89,9.782,117.60000000000002,17,fit:06ab469a75256944c36383c4817288da1db87343fd8245e2c210fa0583dba5c2:segment:003,3,7762.0,7512,activities/049_251011081438.csv,1,1,0,0
fit:06ab469a75256944c36383c4817288da1db87343fd8245e2c210fa0583dba5c2,2025-10-11T08:24:02+00:00,1022,208,153,88,9.725,117.60000000000002,17,fit:06ab469a75256944c36383c4817288da1db87343fd8245e2c210fa0583dba5c2:segment:003,3,7763.0,7513,activities/049_251011081438.csv,1,1,0,0
fit:06ab469a75256944c36383c4817288da1db87343fd8245e2c210fa0583dba5c2,2025-10-11T08:24:03+00:00,1023,159,153,87,9.786,117.60000000000002,17,fit:06ab469a75256944c36383c4817288da1db87343fd8245e2c210fa0583dba5c2:segment:003,3,7764.0,7514,activities/049_251011081438.csv,1,1,0,0
fit:06ab469a75256944c36383c4817288da1db87343fd8245e2c210fa0583dba5c2,2025-10-11T08:24:04+00:00,1024,7,152,87,9.758,117.60000000000002,17,fit:06ab469a75256944c36383c4817288da1db87343fd8245e2c210fa0583dba5c2:segment:003,3,7765.0,7515,activities/049_251011081438.csv,1,1,0,0
fit:06ab469a75256944c36383c4817288da1db87343fd8245e2c210fa0583dba5c2,2025-10-11T08:24:05+00:00,1025,338,152,40,9.685,117.60000000000002,17,fit:06ab469a75256944c36383c4817288da1db87343fd8245e2c210fa0583dba5c2:segment:003,3,7766.0,7516,activities/049_251011081438.csv,1,1,0,0
fit:06ab469a75256944c36383c4817288da1db87343fd8245e2c210fa0583dba5c2,2025-10-11T08:24:06+00:00,1026,492,152,84,9.478,117.60000000000002,17,fit:06ab469a75256944c36383c4817288da1db87343fd8245e2c210fa0583dba5c2:segment:003,3,7767.0,7517,activities/049_251011081438.csv,1,1,0,0
fit:06ab469a75256944c36383c4817288da1db87343fd8245e2c210fa0583dba5c2,2025-10-11T08:24:07+00:00,1027,492,152,87,9.435,118.60000000000002,17,fit:06ab469a75256944c36383c4817288da1db87343fd8245e2c210fa0583dba5c2:segment:003,3,7768.0,7518,activities/049_251011081438.csv,1,1,0,0
fit:06ab469a75256944c36383c4817288da1db87343fd8245e2c210fa0583dba5c2,2025-10-11T08:24:08+00:00,1028,349,153,89,9.595,118.60000000000002,17,fit:06ab469a75256944c36383c4817288da1db87343fd8245e2c210fa0583dba5c2:segment:003,3,7769.0,7519,activities/049_251011081438.csv,1,1,0,0
fit:06ab469a75256944c36383c4817288da1db87343fd8245e2c210fa0583dba5c2,2025-10-11T08:24:09+00:00,1029,278,153,90,9.912,118.60000000000002,17,fit:06ab469a75256944c36383c4817288da1db87343fd8245e2c210fa0583dba5c2:segment:003,3,7770.0,7520,activities/049_251011081438.csv,1,1,0,0
fit:06ab469a75256944c36383c4817288da1db87343fd8245e2c210fa0583dba5c2,2025-10-11T08:24:10+00:00,1030,130,153,90,9.908,118.60000000000002,17,fit:06ab469a75256944c36383c4817288da1db87343fd8245e2c210fa0583dba5c2:segment:003,3,7771.0,7521,activities/049_251011081438.csv,1,1,0,0
fit:06ab469a75256944c36383c4817288da1db87343fd8245e2c210fa0583dba5c2,2025-10-11T08:24:11+00:00,1031,86,154,90,9.943,118.20000000000005,17,fit:06ab469a75256944c36383c4817288da1db87343fd8245e2c210fa0583dba5c2:segment:003,3,7772.0,7522,activities/049_251011081438.csv,1,1,0,0
fit:06ab469a75256944c36383c4817288da1db87343fd8245e2c210fa0583dba5c2,2025-10-11T08:24:12+00:00,1032,86,154,89,9.9,117.39999999999998,17,fit:06ab469a75256944c36383c4817288da1db87343fd8245e2c210fa0583dba5c2:segment:003,3,7773.0,7523,activities/049_251011081438.csv,1,1,0,0
fit:06ab469a75256944c36383c4817288da1db87343fd8245e2c210fa0583dba5c2,2025-10-11T08:24:13+00:00,1033,231,155,88,9.868,117.39999999999998,17,fit:06ab469a75256944c36383c4817288da1db87343fd8245e2c210fa0583dba5c2:segment:003,3,7774.0,7524,activities/049_251011081438.csv,1,1,0,0
fit:06ab469a75256944c36383c4817288da1db87343fd8245e2c210fa0583dba5c2,2025-10-11T08:24:14+00:00,1034,242,155,88,9.74,117.39999999999998,17,fit:06ab469a75256944c36383c4817288da1db87343fd8245e2c210fa0583dba5c2:segment:003,3,7775.0,7525,activities/049_251011081438.csv,1,1,0,0
fit:06ab469a75256944c36383c4817288da1db87343fd8245e2c210fa0583dba5c2,2025-10-11T08:24:15+00:00,1035,280,155,88,9.747,117.39999999999998,17,fit:06ab469a75256944c36383c4817288da1db87343fd8245e2c210fa0583dba5c2:segment:003,3,7776.0,7526,activities/049_251011081438.csv,1,1,0,0
fit:06ab469a75256944c36383c4817288da1db87343fd8245e2c210fa0583dba5c2,2025-10-11T08:24:16+00:00,1036,239,156,88,9.686,118.20000000000005,17,fit:06ab469a75256944c36383c4817288da1db87343fd8245e2c210fa0583dba5c2:segment:003,3,7777.0,7527,activities/049_251011081438.csv,1,1,0,0
fit:06ab469a75256944c36383c4817288da1db87343fd8245e2c210fa0583dba5c2,2025-10-11T08:24:17+00:00,1037,289,156,88,9.598,118.20000000000005,17,fit:06ab469a75256944c36383c4817288da1db87343fd8245e2c210fa0583dba5c2:segment:003,3,7778.0,7528,activities/049_251011081438.csv,1,1,0,0
fit:06ab469a75256944c36383c4817288da1db87343fd8245e2c210fa0583dba5c2,2025-10-11T08:24:18+00:00,1038,258,157,89,9.639,118.20000000000005,17,fit:06ab469a75256944c36383c4817288da1db87343fd8245e2c210fa0583dba5c2:segment:003,3,7779.0,7529,activities/049_251011081438.csv,1,1,0,0
fit:06ab469a75256944c36383c4817288da1db87343fd8245e2c210fa0583dba5c2,2025-10-11T08:24:19+00:00,1039,184,157,89,9.62,118.20000000000005,17,fit:06ab469a75256944c36383c4817288da1db87343fd8245e2c210fa0583dba5c2:segment:003,3,7780.0,7530,activities/049_251011081438.csv,1,1,0,0
fit:06ab469a75256944c36383c4817288da1db87343fd8245e2c210fa0583dba5c2,2025-10-11T08:24:20+00:00,1040,198,157,89,9.527,118.20000000000005,17,fit:06ab469a75256944c36383c4817288da1db87343fd8245e2c210fa0583dba5c2:segment:003,3,7781.0,7531,activities/049_251011081438.csv,1,1,0,0
fit:06ab469a75256944c36383c4817288da1db87343fd8245e2c210fa0583dba5c2,2025-10-11T08:24:21+00:00,1041,254,157,89,9.607,118.20000000000005,17,fit:06ab469a75256944c36383c4817288da1db87343fd8245e2c210fa0583dba5c2:segment:003,3,7782.0,7532,activities/049_251011081438.csv,1,1,0,0
fit:06ab469a75256944c36383c4817288da1db87343fd8245e2c210fa0583dba5c2,2025-10-11T08:24:22+00:00,1042,273,157,88,9.755,118.20000000000005,17,fit:06ab469a75256944c36383c4817288da1db87343fd8245e2c210fa0583dba5c2:segment:003,3,7783.0,7533,activities/049_251011081438.csv,1,1,0,0
fit:06ab469a75256944c36383c4817288da1db87343fd8245e2c210fa0583dba5c2,2025-10-11T08:24:23+00:00,1043,270,157,88,9.725,118.79999999999995,17,fit:06ab469a75256944c36383c4817288da1db87343fd8245e2c210fa0583dba5c2:segment:003,3,7784.0,7534,activities/049_251011081438.csv,1,1,0,0
fit:06ab469a75256944c36383c4817288da1db87343fd8245e2c210fa0583dba5c2,2025-10-11T08:24:24+00:00,1044,246,157,87,9.764,117.20000000000005,17,fit:06ab469a75256944c36383c4817288da1db87343fd8245e2c210fa0583dba5c2:segment:003,3,7785.0,7535,activities/049_251011081438.csv,1,1,0,0
fit:06ab469a75256944c36383c4817288da1db87343fd8245e2c210fa0583dba5c2,2025-10-11T08:24:25+00:00,1045,307,157,87,9.688,117.20000000000005,17,fit:06ab469a75256944c36383c4817288da1db87343fd8245e2c210fa0583dba5c2:segment:003,3,7786.0,7536,activities/049_251011081438.csv,1,1,0,0
fit:06ab469a75256944c36383c4817288da1db87343fd8245e2c210fa0583dba5c2,2025-10-11T08:24:26+00:00,1046,210,158,86,9.628,117.20000000000005,17,fit:06ab469a75256944c36383c4817288da1db87343fd8245e2c210fa0583dba5c2:segment:003,3,7787.0,7537,activities/049_251011081438.csv,1,1,0,0
fit:06ab469a75256944c36383c4817288da1db87343fd8245e2c210fa0583dba5c2,2025-10-11T08:24:27+00:00,1047,246,157,87,9.542,118.20000000000005,17,fit:06ab469a75256944c36383c4817288da1db87343fd8245e2c210fa0583dba5c2:segment:003,3,7788.0,7538,activities/049_251011081438.csv,1,1,0,0
fit:06ab469a75256944c36383c4817288da1db87343fd8245e2c210fa0583dba5c2,2025-10-11T08:24:28+00:00,1048,175,157,87,9.553,120.20000000000005,17,fit:06ab469a75256944c36383c4817288da1db87343fd8245e2c210fa0583dba5c2:segment:003,3,7789.0,7539,activities/049_251011081438.csv,1,1,0,0
fit:06ab469a75256944c36383c4817288da1db87343fd8245e2c210fa0583dba5c2,2025-10-11T08:24:29+00:00,1049,248,158,87,9.516,120.20000000000005,17,fit:06ab469a75256944c36383c4817288da1db87343fd8245e2c210fa0583dba5c2:segment:003,3,7790.0,7540,activities/049_251011081438.csv,1,1,0,0
fit:06ab469a75256944c36383c4817288da1db87343fd8245e2c210fa0583dba5c2,2025-10-11T08:24:30+00:00,1050,374,158,87,9.519,120.20000000000005,17,fit:06ab469a75256944c36383c4817288da1db87343fd8245e2c210fa0583dba5c2:segment:003,3,7791.0,7541,activities/049_251011081438.csv,1,1,0,0
fit:06ab469a75256944c36383c4817288da1db87343fd8245e2c210fa0583dba5c2,2025-10-11T08:24:31+00:00,1051,317,158,87,9.563,120.20000000000005,17,fit:06ab469a75256944c36383c4817288da1db87343fd8245e2c210fa0583dba5c2:segment:003,3,7792.0,7542,activities/049_251011081438.csv,1,1,0,0
fit:06ab469a75256944c36383c4817288da1db87343fd8245e2c210fa0583dba5c2,2025-10-11T08:24:32+00:00,1052,266,158,88,9.617,120.79999999999995,17,fit:06ab469a75256944c36383c4817288da1db87343fd8245e2c210fa0583dba5c2:segment:003,3,7793.0,7543,activities/049_251011081438.csv,1,1,0,0
fit:06ab469a75256944c36383c4817288da1db87343fd8245e2c210fa0583dba5c2,2025-10-11T08:24:33+00:00,1053,292,158,88,9.609,120.79999999999995,17,fit:06ab469a75256944c36383c4817288da1db87343fd8245e2c210fa0583dba5c2:segment:003,3,7794.0,7544,activities/049_251011081438.csv,1,1,0,0
fit:06ab469a75256944c36383c4817288da1db87343fd8245e2c210fa0583dba5c2,2025-10-11T08:24:34+00:00,1054,262,159,89,9.609,120.79999999999995,17,fit:06ab469a75256944c36383c4817288da1db87343fd8245e2c210fa0583dba5c2:segment:003,3,7795.0,7545,activities/049_251011081438.csv,1,1,0,0
fit:06ab469a75256944c36383c4817288da1db87343fd8245e2c210fa0583dba5c2,2025-10-11T08:24:35+00:00,1055,253,159,90,9.959,120.79999999999995,17,fit:06ab469a75256944c36383c4817288da1db87343fd8245e2c210fa0583dba5c2:segment:003,3,7796.0,7546,activities/049_251011081438.csv,1,1,0,0
fit:06ab469a75256944c36383c4817288da1db87343fd8245e2c210fa0583dba5c2,2025-10-11T08:24:36+00:00,1056,211,160,89,9.956,121.79999999999995,17,fit:06ab469a75256944c36383c4817288da1db87343fd8245e2c210fa0583dba5c2:segment:003,3,7797.0,7547,activities/049_251011081438.csv,1,1,0,0
fit:06ab469a75256944c36383c4817288da1db87343fd8245e2c210fa0583dba5c2,2025-10-11T08:24:37+00:00,1057,211,160,88,9.851,121.79999999999995,17,fit:06ab469a75256944c36383c4817288da1db87343fd8245e2c210fa0583dba5c2:segment:003,3,7798.0,7548,activities/049_251011081438.csv,1,1,0,0
fit:06ab469a75256944c36383c4817288da1db87343fd8245e2c210fa0583dba5c2,2025-10-11T08:24:38+00:00,1058,247,160,85,9.686,121.79999999999995,17,fit:06ab469a75256944c36383c4817288da1db87343fd8245e2c210fa0583dba5c2:segment:003,3,7799.0,7549,activities/049_251011081438.csv,1,1,0,0
fit:06ab469a75256944c36383c4817288da1db87343fd8245e2c210fa0583dba5c2,2025-10-11T08:24:39+00:00,1059,273,160,85,9.591,121.79999999999995,17,fit:06ab469a75256944c36383c4817288da1db87343fd8245e2c210fa0583dba5c2:segment:003,3,7800.0,7550,activities/049_251011081438.csv,1,1,0,0
fit:06ab469a75256944c36383c4817288da1db87343fd8245e2c210fa0583dba5c2,2025-10-11T08:24:40+00:00,1060,322,160,85,9.432,120.79999999999995,17,fit:06ab469a75256944c36383c4817288da1db87343fd8245e2c210fa0583dba5c2:segment:003,3,7801.0,7551,activities/049_251011081438.csv,1,1,0,0
fit:06ab469a75256944c36383c4817288da1db87343fd8245e2c210fa0583dba5c2,2025-10-11T08:24:41+00:00,1061,274,160,85,9.354,120.79999999999995,17,fit:06ab469a75256944c36383c4817288da1db87343fd8245e2c210fa0583dba5c2:segment:003,3,7802.0,7552,activities/049_251011081438.csv,1,1,0,0
fit:06ab469a75256944c36383c4817288da1db87343fd8245e2c210fa0583dba5c2,2025-10-11T08:24:42+00:00,1062,274,160,84,9.33,120.79999999999995,17,fit:06ab469a75256944c36383c4817288da1db87343fd8245e2c210fa0583dba5c2:segment:003,3,7803.0,7553,activities/049_251011081438.csv,1,1,0,0
fit:06ab469a75256944c36383c4817288da1db87343fd8245e2c210fa0583dba5c2,2025-10-11T08:24:43+00:00,1063,293,159,81,9.23,120.79999999999995,17,fit:06ab469a75256944c36383c4817288da1db87343fd8245e2c210fa0583dba5c2:segment:003,3,7804.0,7554,activities/049_251011081438.csv,1,1,0,0
fit:06ab469a75256944c36383c4817288da1db87343fd8245e2c210fa0583dba5c2,2025-10-11T08:24:44+00:00,1064,113,159,88,9.051,121.60000000000002,17,fit:06ab469a75256944c36383c4817288da1db87343fd8245e2c210fa0583dba5c2:segment:003,3,7805.0,7555,activities/049_251011081438.csv,1,1,0,0
fit:06ab469a75256944c36383c4817288da1db87343fd8245e2c210fa0583dba5c2,2025-10-11T08:24:45+00:00,1065,113,158,88,8.724,121.60000000000002,17,fit:06ab469a75256944c36383c4817288da1db87343fd8245e2c210fa0583dba5c2:segment:003,3,7806.0,7556,activities/049_251011081438.csv,1,1,0,0
fit:06ab469a75256944c36383c4817288da1db87343fd8245e2c210fa0583dba5c2,2025-10-11T08:24:46+00:00,1066,289,158,87,8.662,121.60000000000002,17,fit:06ab469a75256944c36383c4817288da1db87343fd8245e2c210fa0583dba5c2:segment:003,3,7807.0,7557,activities/049_251011081438.csv,1,1,0,0
fit:06ab469a75256944c36383c4817288da1db87343fd8245e2c210fa0583dba5c2,2025-10-11T08:24:47+00:00,1067,289,158,86,8.469,122.60000000000002,17,fit:06ab469a75256944c36383c4817288da1db87343fd8245e2c210fa0583dba5c2:segment:003,3,7808.0,7558,activities/049_251011081438.csv,1,1,0,0
fit:06ab469a75256944c36383c4817288da1db87343fd8245e2c210fa0583dba5c2,2025-10-11T08:24:48+00:00,1068,412,157,85,8.236,123.60000000000002,17,fit:06ab469a75256944c36383c4817288da1db87343fd8245e2c210fa0583dba5c2:segment:003,3,7809.0,7559,activities/049_251011081438.csv,1,1,0,0
fit:06ab469a75256944c36383c4817288da1db87343fd8245e2c210fa0583dba5c2,2025-10-11T08:24:49+00:00,1069,319,157,84,8.311,123.60000000000002,17,fit:06ab469a75256944c36383c4817288da1db87343fd8245e2c210fa0583dba5c2:segment:003,3,7810.0,7560,activities/049_251011081438.csv,1,1,0,0
fit:06ab469a75256944c36383c4817288da1db87343fd8245e2c210fa0583dba5c2,2025-10-11T08:24:50+00:00,1070,266,158,62,8.105,123.60000000000002,17,fit:06ab469a75256944c36383c4817288da1db87343fd8245e2c210fa0583dba5c2:segment:003,3,7811.0,7561,activities/049_251011081438.csv,1,1,0,0
fit:06ab469a75256944c36383c4817288da1db87343fd8245e2c210fa0583dba5c2,2025-10-11T08:24:51+00:00,1071,364,158,81,8.096,123.60000000000002,17,fit:06ab469a75256944c36383c4817288da1db87343fd8245e2c210fa0583dba5c2:segment:003,3,7812.0,7562,activities/049_251011081438.csv,1,1,0,0
fit:06ab469a75256944c36383c4817288da1db87343fd8245e2c210fa0583dba5c2,2025-10-11T08:24:52+00:00,1072,338,158,81,7.966,125.60000000000002,17,fit:06ab469a75256944c36383c4817288da1db87343fd8245e2c210fa0583dba5c2:segment:003,3,7813.0,7563,activities/049_251011081438.csv,1,1,0,0
fit:06ab469a75256944c36383c4817288da1db87343fd8245e2c210fa0583dba5c2,2025-10-11T08:24:53+00:00,1073,285,159,80,7.828,125.60000000000002,17,fit:06ab469a75256944c36383c4817288da1db87343fd8245e2c210fa0583dba5c2:segment:003,3,7814.0,7564,activities/049_251011081438.csv,1,1,0,0
fit:06ab469a75256944c36383c4817288da1db87343fd8245e2c210fa0583dba5c2,2025-10-11T08:24:54+00:00,1074,445,159,80,7.933,125.60000000000002,17,fit:06ab469a75256944c36383c4817288da1db87343fd8245e2c210fa0583dba5c2:segment:003,3,7815.0,7565,activities/049_251011081438.csv,1,1,0,0
fit:06ab469a75256944c36383c4817288da1db87343fd8245e2c210fa0583dba5c2,2025-10-11T08:24:55+00:00,1075,281,160,80,7.898,125.60000000000002,17,fit:06ab469a75256944c36383c4817288da1db87343fd8245e2c210fa0583dba5c2:segment:003,3,7816.0,7566,activities/049_251011081438.csv,1,1,0,0
fit:06ab469a75256944c36383c4817288da1db87343fd8245e2c210fa0583dba5c2,2025-10-11T08:24:56+00:00,1076,336,160,80,7.825,125.60000000000002,17,fit:06ab469a75256944c36383c4817288da1db87343fd8245e2c210fa0583dba5c2:segment:003,3,7817.0,7567,activities/049_251011081438.csv,1,1,0,0
fit:06ab469a75256944c36383c4817288da1db87343fd8245e2c210fa0583dba5c2,2025-10-11T08:24:57+00:00,1077,343,160,80,7.88,125.60000000000002,17,fit:06ab469a75256944c36383c4817288da1db87343fd8245e2c210fa0583dba5c2:segment:003,3,7818.0,7568,activities/049_251011081438.csv,1,1,0,0
fit:06ab469a75256944c36383c4817288da1db87343fd8245e2c210fa0583dba5c2,2025-10-11T08:24:58+00:00,1078,274,161,80,7.84,125.60000000000002,17,fit:06ab469a75256944c36383c4817288da1db87343fd8245e2c210fa0583dba5c2:segment:003,3,7819.0,7569,activities/049_251011081438.csv,1,1,0,0
fit:06ab469a75256944c36383c4817288da1db87343fd8245e2c210fa0583dba5c2,2025-10-11T08:24:59+00:00,1079,301,161,81,7.985,126.20000000000005,17,fit:06ab469a75256944c36383c4817288da1db87343fd8245e2c210fa0583dba5c2:segment:003,3,7820.0,7570,activities/049_251011081438.csv,1,1,0,0
fit:06ab469a75256944c36383c4817288da1db87343fd8245e2c210fa0583dba5c2,2025-10-11T08:25:00+00:00,1080,371,162,81,7.999,127.0,17,fit:06ab469a75256944c36383c4817288da1db87343fd8245e2c210fa0583dba5c2:segment:003,3,7821.0,7571,activities/049_251011081438.csv,1,1,0,0
fit:06ab469a75256944c36383c4817288da1db87343fd8245e2c210fa0583dba5c2,2025-10-11T08:25:01+00:00,1081,235,163,83,8.08,127.0,17,fit:06ab469a75256944c36383c4817288da1db87343fd8245e2c210fa0583dba5c2:segment:003,3,7822.0,7572,activities/049_251011081438.csv,1,1,0,0
fit:06ab469a75256944c36383c4817288da1db87343fd8245e2c210fa0583dba5c2,2025-10-11T08:25:02+00:00,1082,235,163,85,8.273,127.0,17,fit:06ab469a75256944c36383c4817288da1db87343fd8245e2c210fa0583dba5c2:segment:003,3,7823.0,7573,activities/049_251011081438.csv,1,1,0,0
fit:06ab469a75256944c36383c4817288da1db87343fd8245e2c210fa0583dba5c2,2025-10-11T08:25:03+00:00,1083,398,163,86,8.385,127.0,17,fit:06ab469a75256944c36383c4817288da1db87343fd8245e2c210fa0583dba5c2:segment:003,3,7824.0,7574,activities/049_251011081438.csv,1,1,0,0
fit:06ab469a75256944c36383c4817288da1db87343fd8245e2c210fa0583dba5c2,2025-10-11T08:25:04+00:00,1084,191,163,87,8.452,127.39999999999998,17,fit:06ab469a75256944c36383c4817288da1db87343fd8245e2c210fa0583dba5c2:segment:003,3,7825.0,7575,activities/049_251011081438.csv,1,1,0,0
fit:06ab469a75256944c36383c4817288da1db87343fd8245e2c210fa0583dba5c2,2025-10-11T08:25:05+00:00,1085,173,164,87,8.476,127.39999999999998,17,fit:06ab469a75256944c36383c4817288da1db87343fd8245e2c210fa0583dba5c2:segment:003,3,7826.0,7576,activities/049_251011081438.csv,1,1,0,0
fit:06ab469a75256944c36383c4817288da1db87343fd8245e2c210fa0583dba5c2,2025-10-11T08:25:06+00:00,1086,178,164,86,8.497,127.39999999999998,17,fit:06ab469a75256944c36383c4817288da1db87343fd8245e2c210fa0583dba5c2:segment:003,3,7827.0,7577,activities/049_251011081438.csv,1,1,0,0
fit:06ab469a75256944c36383c4817288da1db87343fd8245e2c210fa0583dba5c2,2025-10-11T08:25:07+00:00,1087,344,164,86,8.477,128.0,17,fit:06ab469a75256944c36383c4817288da1db87343fd8245e2c210fa0583dba5c2:segment:003,3,7828.0,7578,activities/049_251011081438.csv,1,1,0,0
fit:06ab469a75256944c36383c4817288da1db87343fd8245e2c210fa0583dba5c2,2025-10-11T08:25:08+00:00,1088,418,163,87,8.497,127.60000000000002,17,fit:06ab469a75256944c36383c4817288da1db87343fd8245e2c210fa0583dba5c2:segment:003,3,7829.0,7579,activities/049_251011081438.csv,1,1,0,0
fit:06ab469a75256944c36383c4817288da1db87343fd8245e2c210fa0583dba5c2,2025-10-11T08:25:09+00:00,1089,337,164,88,8.612,127.60000000000002,17,fit:06ab469a75256944c36383c4817288da1db87343fd8245e2c210fa0583dba5c2:segment:003,3,7830.0,7580,activities/049_251011081438.csv,1,1,0,0
fit:06ab469a75256944c36383c4817288da1db87343fd8245e2c210fa0583dba5c2,2025-10-11T08:25:10+00:00,1090,272,164,88,8.612,127.60000000000002,17,fit:06ab469a75256944c36383c4817288da1db87343fd8245e2c210fa0583dba5c2:segment:003,3,7831.0,7581,activities/049_251011081438.csv,1,1,0,0
fit:06ab469a75256944c36383c4817288da1db87343fd8245e2c210fa0583dba5c2,2025-10-11T08:25:11+00:00,1091,210,164,87,8.658,128.60000000000002,17,fit:06ab469a75256944c36383c4817288da1db87343fd8245e2c210fa0583dba5c2:segment:003,3,7832.0,7582,activities/049_251011081438.csv,1,1,0,0
fit:06ab469a75256944c36383c4817288da1db87343fd8245e2c210fa0583dba5c2,2025-10-11T08:25:12+00:00,1092,210,164,86,8.507,128.0,17,fit:06ab469a75256944c36383c4817288da1db87343fd8245e2c210fa0583dba5c2:segment:003,3,7833.0,7583,activities/049_251011081438.csv,1,1,0,0
fit:06ab469a75256944c36383c4817288da1db87343fd8245e2c210fa0583dba5c2,2025-10-11T08:25:13+00:00,1093,336,164,86,8.515,128.0,17,fit:06ab469a75256944c36383c4817288da1db87343fd8245e2c210fa0583dba5c2:segment:003,3,7834.0,7584,activities/049_251011081438.csv,1,1,0,0
fit:06ab469a75256944c36383c4817288da1db87343fd8245e2c210fa0583dba5c2,2025-10-11T08:25:14+00:00,1094,309,165,87,8.515,128.0,17,fit:06ab469a75256944c36383c4817288da1db87343fd8245e2c210fa0583dba5c2:segment:003,3,7835.0,7585,activities/049_251011081438.csv,1,1,0,0
fit:06ab469a75256944c36383c4817288da1db87343fd8245e2c210fa0583dba5c2,2025-10-11T08:25:15+00:00,1095,218,165,87,8.576,128.0,17,fit:06ab469a75256944c36383c4817288da1db87343fd8245e2c210fa0583dba5c2:segment:003,3,7836.0,7586,activities/049_251011081438.csv,1,1,0,0
fit:06ab469a75256944c36383c4817288da1db87343fd8245e2c210fa0583dba5c2,2025-10-11T08:25:16+00:00,1096,211,166,87,8.682,128.20000000000005,17,fit:06ab469a75256944c36383c4817288da1db87343fd8245e2c210fa0583dba5c2:segment:003,3,7837.0,7587,activities/049_251011081438.csv,1,1,0,0
fit:06ab469a75256944c36383c4817288da1db87343fd8245e2c210fa0583dba5c2,2025-10-11T08:25:17+00:00,1097,182,167,86,8.618,128.20000000000005,17,fit:06ab469a75256944c36383c4817288da1db87343fd8245e2c210fa0583dba5c2:segment:003,3,7838.0,7588,activities/049_251011081438.csv,1,1,0,0
fit:06ab469a75256944c36383c4817288da1db87343fd8245e2c210fa0583dba5c2,2025-10-11T08:25:18+00:00,1098,305,167,86,8.478,128.20000000000005,17,fit:06ab469a75256944c36383c4817288da1db87343fd8245e2c210fa0583dba5c2:segment:003,3,7839.0,7589,activities/049_251011081438.csv,1,1,0,0
fit:06ab469a75256944c36383c4817288da1db87343fd8245e2c210fa0583dba5c2,2025-10-11T08:25:19+00:00,1099,213,168,85,8.382,127.20000000000005,17,fit:06ab469a75256944c36383c4817288da1db87343fd8245e2c210fa0583dba5c2:segment:003,3,7840.0,7590,activities/049_251011081438.csv,1,1,0,0
fit:06ab469a75256944c36383c4817288da1db87343fd8245e2c210fa0583dba5c2,2025-10-11T08:25:20+00:00,1100,171,168,84,8.382,127.20000000000005,17,fit:06ab469a75256944c36383c4817288da1db87343fd8245e2c210fa0583dba5c2:segment:003,3,7841.0,7591,activities/049_251011081438.csv,1,1,0,0
fit:06ab469a75256944c36383c4817288da1db87343fd8245e2c210fa0583dba5c2,2025-10-11T08:25:21+00:00,1101,171,169,84,8.254,127.20000000000005,17,fit:06ab469a75256944c36383c4817288da1db87343fd8245e2c210fa0583dba5c2:segment:003,3,7842.0,7592,activities/049_251011081438.csv,1,1,0,0
fit:06ab469a75256944c36383c4817288da1db87343fd8245e2c210fa0583dba5c2,2025-10-11T08:25:22+00:00,1102,227,169,84,8.352,127.20000000000005,17,fit:06ab469a75256944c36383c4817288da1db87343fd8245e2c210fa0583dba5c2:segment:003,3,7843.0,7593,activities/049_251011081438.csv,1,1,0,0
fit:06ab469a75256944c36383c4817288da1db87343fd8245e2c210fa0583dba5c2,2025-10-11T08:25:23+00:00,1103,236,169,84,8.319,128.0,17,fit:06ab469a75256944c36383c4817288da1db87343fd8245e2c210fa0583dba5c2:segment:003,3,7844.0,7594,activities/049_251011081438.csv,1,1,0,0
fit:06ab469a75256944c36383c4817288da1db87343fd8245e2c210fa0583dba5c2,2025-10-11T08:25:24+00:00,1104,213,169,85,8.385,128.0,17,fit:06ab469a75256944c36383c4817288da1db87343fd8245e2c210fa0583dba5c2:segment:003,3,7845.0,7595,activities/049_251011081438.csv,1,1,0,0
fit:06ab469a75256944c36383c4817288da1db87343fd8245e2c210fa0583dba5c2,2025-10-11T08:25:25+00:00,1105,253,169,85,8.385,128.0,17,fit:06ab469a75256944c36383c4817288da1db87343fd8245e2c210fa0583dba5c2:segment:003,3,7846.0,7596,activities/049_251011081438.csv,1,1,0,0
fit:06ab469a75256944c36383c4817288da1db87343fd8245e2c210fa0583dba5c2,2025-10-11T08:25:26+00:00,1106,253,169,86,8.339,128.0,17,fit:06ab469a75256944c36383c4817288da1db87343fd8245e2c210fa0583dba5c2:segment:003,3,7847.0,7597,activities/049_251011081438.csv,1,1,0,0
fit:06ab469a75256944c36383c4817288da1db87343fd8245e2c210fa0583dba5c2,2025-10-11T08:25:27+00:00,1107,275,169,88,8.523,129.0,17,fit:06ab469a75256944c36383c4817288da1db87343fd8245e2c210fa0583dba5c2:segment:003,3,7848.0,7598,activities/049_251011081438.csv,1,1,0,0
fit:06ab469a75256944c36383c4817288da1db87343fd8245e2c210fa0583dba5c2,2025-10-11T08:25:28+00:00,1108,313,168,80,8.531,130.0,17,fit:06ab469a75256944c36383c4817288da1db87343fd8245e2c210fa0583dba5c2:segment:003,3,7849.0,7599,activities/049_251011081438.csv,1,1,0,0
fit:06ab469a75256944c36383c4817288da1db87343fd8245e2c210fa0583dba5c2,2025-10-11T08:25:29+00:00,1109,247,167,80,8.714,130.0,17,fit:06ab469a75256944c36383c4817288da1db87343fd8245e2c210fa0583dba5c2:segment:003,3,7850.0,7600,activities/049_251011081438.csv,1,1,0,0
fit:06ab469a75256944c36383c4817288da1db87343fd8245e2c210fa0583dba5c2,2025-10-11T08:25:30+00:00,1110,219,167,81,8.714,130.0,17,fit:06ab469a75256944c36383c4817288da1db87343fd8245e2c210fa0583dba5c2:segment:003,3,7851.0,7601,activities/049_251011081438.csv,1,1,0,0
fit:06ab469a75256944c36383c4817288da1db87343fd8245e2c210fa0583dba5c2,2025-10-11T08:25:31+00:00,1111,219,167,81,8.816,129.79999999999995,17,fit:06ab469a75256944c36383c4817288da1db87343fd8245e2c210fa0583dba5c2:segment:003,3,7852.0,7602,activities/049_251011081438.csv,1,1,0,0
fit:06ab469a75256944c36383c4817288da1db87343fd8245e2c210fa0583dba5c2,2025-10-11T08:25:32+00:00,1112,211,167,81,8.915,129.79999999999995,17,fit:06ab469a75256944c36383c4817288da1db87343fd8245e2c210fa0583dba5c2:segment:003,3,7853.0,7603,activities/049_251011081438.csv,1,1,0,0
fit:06ab469a75256944c36383c4817288da1db87343fd8245e2c210fa0583dba5c2,2025-10-11T08:25:33+00:00,1113,186,166,82,8.639,129.79999999999995,17,fit:06ab469a75256944c36383c4817288da1db87343fd8245e2c210fa0583dba5c2:segment:003,3,7854.0,7604,activities/049_251011081438.csv,1,1,0,0
fit:06ab469a75256944c36383c4817288da1db87343fd8245e2c210fa0583dba5c2,2025-10-11T08:25:34+00:00,1114,181,165,82,8.729,129.79999999999995,17,fit:06ab469a75256944c36383c4817288da1db87343fd8245e2c210fa0583dba5c2:segment:003,3,7855.0,7605,activities/049_251011081438.csv,1,1,0,0
fit:06ab469a75256944c36383c4817288da1db87343fd8245e2c210fa0583dba5c2,2025-10-11T08:25:35+00:00,1115,259,164,82,8.817,129.79999999999995,17,fit:06ab469a75256944c36383c4817288da1db87343fd8245e2c210fa0583dba5c2:segment:003,3,7856.0,7606,activities/049_251011081438.csv,1,1,0,0
fit:06ab469a75256944c36383c4817288da1db87343fd8245e2c210fa0583dba5c2,2025-10-11T08:25:36+00:00,1116,259,163,81,8.837,130.0,17,fit:06ab469a75256944c36383c4817288da1db87343fd8245e2c210fa0583dba5c2:segment:003,3,7857.0,7607,activities/049_251011081438.csv,1,1,0,0
fit:06ab469a75256944c36383c4817288da1db87343fd8245e2c210fa0583dba5c2,2025-10-11T08:25:37+00:00,1117,226,162,81,8.87,130.0,17,fit:06ab469a75256944c36383c4817288da1db87343fd8245e2c210fa0583dba5c2:segment:003,3,7858.0,7608,activities/049_251011081438.csv,1,1,0,0
fit:06ab469a75256944c36383c4817288da1db87343fd8245e2c210fa0583dba5c2,2025-10-11T08:25:38+00:00,1118,129,162,81,8.827,130.0,17,fit:06ab469a75256944c36383c4817288da1db87343fd8245e2c210fa0583dba5c2:segment:003,3,7859.0,7609,activities/049_251011081438.csv,1,1,0,0
fit:06ab469a75256944c36383c4817288da1db87343fd8245e2c210fa0583dba5c2,2025-10-11T08:25:39+00:00,1119,247,162,71,8.739,130.0,17,fit:06ab469a75256944c36383c4817288da1db87343fd8245e2c210fa0583dba5c2:segment:003,3,7860.0,7610,activities/049_251011081438.csv,1,1,0,0
fit:06ab469a75256944c36383c4817288da1db87343fd8245e2c210fa0583dba5c2,2025-10-11T08:25:40+00:00,1120,265,161,80,8.75,129.79999999999995,17,fit:06ab469a75256944c36383c4817288da1db87343fd8245e2c210fa0583dba5c2:segment:003,3,7861.0,7611,activities/049_251011081438.csv,1,1,0,0
fit:06ab469a75256944c36383c4817288da1db87343fd8245e2c210fa0583dba5c2,2025-10-11T08:25:41+00:00,1121,252,161,81,8.54,129.79999999999995,17,fit:06ab469a75256944c36383c4817288da1db87343fd8245e2c210fa0583dba5c2:segment:003,3,7862.0,7612,activities/049_251011081438.csv,1,1,0,0
fit:06ab469a75256944c36383c4817288da1db87343fd8245e2c210fa0583dba5c2,2025-10-11T08:25:42+00:00,1122,194,161,82,8.571,129.79999999999995,17,fit:06ab469a75256944c36383c4817288da1db87343fd8245e2c210fa0583dba5c2:segment:003,3,7863.0,7613,activities/049_251011081438.csv,1,1,0,0
fit:06ab469a75256944c36383c4817288da1db87343fd8245e2c210fa0583dba5c2,2025-10-11T08:25:43+00:00,1123,133,160,85,9.003,129.79999999999995,17,fit:06ab469a75256944c36383c4817288da1db87343fd8245e2c210fa0583dba5c2:segment:003,3,7864.0,7614,activities/049_251011081438.csv,1,1,0,0
fit:06ab469a75256944c36383c4817288da1db87343fd8245e2c210fa0583dba5c2,2025-10-11T08:25:44+00:00,1124,124,160,86,9.236,129.20000000000005,17,fit:06ab469a75256944c36383c4817288da1db87343fd8245e2c210fa0583dba5c2:segment:003,3,7865.0,7615,activities/049_251011081438.csv,1,1,0,0
fit:06ab469a75256944c36383c4817288da1db87343fd8245e2c210fa0583dba5c2,2025-10-11T08:25:45+00:00,1125,124,159,89,9.451,129.20000000000005,17,fit:06ab469a75256944c36383c4817288da1db87343fd8245e2c210fa0583dba5c2:segment:003,3,7866.0,7616,activities/049_251011081438.csv,1,1,0,0
fit:06ab469a75256944c36383c4817288da1db87343fd8245e2c210fa0583dba5c2,2025-10-11T08:25:46+00:00,1126,124,158,89,9.723,129.20000000000005,17,fit:06ab469a75256944c36383c4817288da1db87343fd8245e2c210fa0583dba5c2:segment:003,3,7867.0,7617,activities/049_251011081438.csv,1,1,0,0
fit:06ab469a75256944c36383c4817288da1db87343fd8245e2c210fa0583dba5c2,2025-10-11T08:25:47+00:00,1127,125,158,89,9.942,129.20000000000005,17,fit:06ab469a75256944c36383c4817288da1db87343fd8245e2c210fa0583dba5c2:segment:003,3,7868.0,7618,activities/049_251011081438.csv,1,1,0,0
fit:06ab469a75256944c36383c4817288da1db87343fd8245e2c210fa0583dba5c2,2025-10-11T08:25:48+00:00,1128,125,158,89,10.201,128.0,17,fit:06ab469a75256944c36383c4817288da1db87343fd8245e2c210fa0583dba5c2:segment:003,3,7869.0,7619,activities/049_251011081438.csv,1,1,0,0
fit:06ab469a75256944c36383c4817288da1db87343fd8245e2c210fa0583dba5c2,2025-10-11T08:25:49+00:00,1129,51,157,25,10.872,128.0,17,fit:06ab469a75256944c36383c4817288da1db87343fd8245e2c210fa0583dba5c2:segment:003,3,7870.0,7620,activities/049_251011081438.csv,1,1,0,0
fit:06ab469a75256944c36383c4817288da1db87343fd8245e2c210fa0583dba5c2,2025-10-11T08:25:50+00:00,1130,459,156,25,11.384,128.0,17,fit:06ab469a75256944c36383c4817288da1db87343fd8245e2c210fa0583dba5c2:segment:003,3,7871.0,7621,activities/049_251011081438.csv,1,1,0,0
fit:06ab469a75256944c36383c4817288da1db87343fd8245e2c210fa0583dba5c2,2025-10-11T08:25:51+00:00,1131,275,155,111,11.756,128.0,17,fit:06ab469a75256944c36383c4817288da1db87343fd8245e2c210fa0583dba5c2:segment:003,3,7872.0,7622,activities/049_251011081438.csv,1,1,0,0
fit:06ab469a75256944c36383c4817288da1db87343fd8245e2c210fa0583dba5c2,2025-10-11T08:25:52+00:00,1132,51,155,66,12.124,127.0,17,fit:06ab469a75256944c36383c4817288da1db87343fd8245e2c210fa0583dba5c2:segment:003,3,7873.0,7623,activities/049_251011081438.csv,1,1,0,0
fit:06ab469a75256944c36383c4817288da1db87343fd8245e2c210fa0583dba5c2,2025-10-11T08:25:53+00:00,1133,51,155,66,12.388,127.0,17,fit:06ab469a75256944c36383c4817288da1db87343fd8245e2c210fa0583dba5c2:segment:003,3,7874.0,7624,activities/049_251011081438.csv,1,1,0,0
fit:06ab469a75256944c36383c4817288da1db87343fd8245e2c210fa0583dba5c2,2025-10-11T08:25:54+00:00,1134,84,155,52,12.595,127.0,17,fit:06ab469a75256944c36383c4817288da1db87343fd8245e2c210fa0583dba5c2:segment:003,3,7875.0,7625,activities/049_251011081438.csv,1,1,0,0
fit:06ab469a75256944c36383c4817288da1db87343fd8245e2c210fa0583dba5c2,2025-10-11T08:25:55+00:00,1135,570,155,120,12.783,126.0,17,fit:06ab469a75256944c36383c4817288da1db87343fd8245e2c210fa0583dba5c2:segment:003,3,7876.0,7626,activities/049_251011081438.csv,1,1,0,0
fit:06ab469a75256944c36383c4817288da1db87343fd8245e2c210fa0583dba5c2,2025-10-11T08:25:56+00:00,1136,383,154,110,13.143,125.0,17,fit:06ab469a75256944c36383c4817288da1db87343fd8245e2c210fa0583dba5c2:segment:003,3,7877.0,7627,activities/049_251011081438.csv,1,1,0,0
fit:06ab469a75256944c36383c4817288da1db87343fd8245e2c210fa0583dba5c2,2025-10-11T08:25:57+00:00,1137,329,154,113,13.687,125.0,17,fit:06ab469a75256944c36383c4817288da1db87343fd8245e2c210fa0583dba5c2:segment:003,3,7878.0,7628,activities/049_251011081438.csv,1,1,0,0
fit:06ab469a75256944c36383c4817288da1db87343fd8245e2c210fa0583dba5c2,2025-10-11T08:25:58+00:00,1138,277,154,115,14.098,125.0,17,fit:06ab469a75256944c36383c4817288da1db87343fd8245e2c210fa0583dba5c2:segment:003,3,7879.0,7629,activities/049_251011081438.csv,1,1,0,0
fit:06ab469a75256944c36383c4817288da1db87343fd8245e2c210fa0583dba5c2,2025-10-11T08:25:59+00:00,1139,40,154,116,14.374,124.0,17,fit:06ab469a75256944c36383c4817288da1db87343fd8245e2c210fa0583dba5c2:segment:003,3,7880.0,7630,activities/049_251011081438.csv,1,1,0,0
fit:06ab469a75256944c36383c4817288da1db87343fd8245e2c210fa0583dba5c2,2025-10-11T08:26:00+00:00,1140,377,155,58,14.357,123.0,17,fit:06ab469a75256944c36383c4817288da1db87343fd8245e2c210fa0583dba5c2:segment:003,3,7881.0,7631,activities/049_251011081438.csv,1,1,0,0
fit:06ab469a75256944c36383c4817288da1db87343fd8245e2c210fa0583dba5c2,2025-10-11T08:26:01+00:00,1141,573,156,115,14.436,123.0,17,fit:06ab469a75256944c36383c4817288da1db87343fd8245e2c210fa0583dba5c2:segment:003,3,7882.0,7632,activities/049_251011081438.csv,1,1,0,0
fit:06ab469a75256944c36383c4817288da1db87343fd8245e2c210fa0583dba5c2,2025-10-11T08:26:02+00:00,1142,218,157,103,14.707,123.0,17,fit:06ab469a75256944c36383c4817288da1db87343fd8245e2c210fa0583dba5c2:segment:003,3,7883.0,7633,activities/049_251011081438.csv,1,1,0,0
fit:06ab469a75256944c36383c4817288da1db87343fd8245e2c210fa0583dba5c2,2025-10-11T08:26:03+00:00,1143,218,157,104,14.81,122.20000000000005,17,fit:06ab469a75256944c36383c4817288da1db87343fd8245e2c210fa0583dba5c2:segment:003,3,7884.0,7634,activities/049_251011081438.csv,1,1,0,0
fit:06ab469a75256944c36383c4817288da1db87343fd8245e2c210fa0583dba5c2,2025-10-11T08:26:04+00:00,1144,44,158,33,14.746,123.0,18,fit:06ab469a75256944c36383c4817288da1db87343fd8245e2c210fa0583dba5c2:segment:003,3,7885.0,7635,activities/049_251011081438.csv,1,1,0,0
fit:06ab469a75256944c36383c4817288da1db87343fd8245e2c210fa0583dba5c2,2025-10-11T08:26:05+00:00,1145,45,158,33,14.723,123.0,18,fit:06ab469a75256944c36383c4817288da1db87343fd8245e2c210fa0583dba5c2:segment:003,3,7886.0,7636,activities/049_251011081438.csv,1,1,0,0
fit:06ab469a75256944c36383c4817288da1db87343fd8245e2c210fa0583dba5c2,2025-10-11T08:26:06+00:00,1146,481,159,36,14.427,123.0,18,fit:06ab469a75256944c36383c4817288da1db87343fd8245e2c210fa0583dba5c2:segment:003,3,7887.0,7637,activities/049_251011081438.csv,1,1,0,0
fit:06ab469a75256944c36383c4817288da1db87343fd8245e2c210fa0583dba5c2,2025-10-11T08:26:07+00:00,1147,529,160,101,14.385,123.0,18,fit:06ab469a75256944c36383c4817288da1db87343fd8245e2c210fa0583dba5c2:segment:003,3,7888.0,7638,activities/049_251011081438.csv,1,1,0,0
fit:06ab469a75256944c36383c4817288da1db87343fd8245e2c210fa0583dba5c2,2025-10-11T08:26:08+00:00,1148,395,160,102,14.685,121.60000000000002,18,fit:06ab469a75256944c36383c4817288da1db87343fd8245e2c210fa0583dba5c2:segment:003,3,7889.0,7639,activities/049_251011081438.csv,1,1,0,0
fit:06ab469a75256944c36383c4817288da1db87343fd8245e2c210fa0583dba5c2,2025-10-11T08:26:09+00:00,1149,263,160,104,14.741,121.60000000000002,18,fit:06ab469a75256944c36383c4817288da1db87343fd8245e2c210fa0583dba5c2:segment:003,3,7890.0,7640,activities/049_251011081438.csv,1,1,0,0
fit:06ab469a75256944c36383c4817288da1db87343fd8245e2c210fa0583dba5c2,2025-10-11T08:26:10+00:00,1150,263,160,104,14.887,121.60000000000002,18,fit:06ab469a75256944c36383c4817288da1db87343fd8245e2c210fa0583dba5c2:segment:003,3,7891.0,7641,activities/049_251011081438.csv,1,1,0,0
fit:06ab469a75256944c36383c4817288da1db87343fd8245e2c210fa0583dba5c2,2025-10-11T08:26:11+00:00,1151,109,160,104,14.995,120.60000000000002,18,fit:06ab469a75256944c36383c4817288da1db87343fd8245e2c210fa0583dba5c2:segment:003,3,7892.0,7642,activities/049_251011081438.csv,1,1,0,0
fit:06ab469a75256944c36383c4817288da1db87343fd8245e2c210fa0583dba5c2,2025-10-11T08:26:12+00:00,1152,128,160,47,14.99,119.20000000000005,18,fit:06ab469a75256944c36383c4817288da1db87343fd8245e2c210fa0583dba5c2:segment:003,3,7893.0,7643,activities/049_251011081438.csv,1,1,0,0
fit:06ab469a75256944c36383c4817288da1db87343fd8245e2c210fa0583dba5c2,2025-10-11T08:26:13+00:00,1153,102,160,102,14.95,119.20000000000005,18,fit:06ab469a75256944c36383c4817288da1db87343fd8245e2c210fa0583dba5c2:segment:003,3,7894.0,7644,activities/049_251011081438.csv,1,1,0,0
fit:06ab469a75256944c36383c4817288da1db87343fd8245e2c210fa0583dba5c2,2025-10-11T08:26:14+00:00,1154,443,160,57,14.929,119.20000000000005,18,fit:06ab469a75256944c36383c4817288da1db87343fd8245e2c210fa0583dba5c2:segment:003,3,7895.0,7645,activities/049_251011081438.csv,1,1,0,0
fit:06ab469a75256944c36383c4817288da1db87343fd8245e2c210fa0583dba5c2,2025-10-11T08:26:15+00:00,1155,189,160,105,15.128,119.20000000000005,18,fit:06ab469a75256944c36383c4817288da1db87343fd8245e2c210fa0583dba5c2:segment:003,3,7896.0,7646,activities/049_251011081438.csv,1,1,0,0
fit:06ab469a75256944c36383c4817288da1db87343fd8245e2c210fa0583dba5c2,2025-10-11T08:26:16+00:00,1156,145,160,105,15.165,120.79999999999995,18,fit:06ab469a75256944c36383c4817288da1db87343fd8245e2c210fa0583dba5c2:segment:003,3,7897.0,7647,activities/049_251011081438.csv,1,1,0,0
fit:06ab469a75256944c36383c4817288da1db87343fd8245e2c210fa0583dba5c2,2025-10-11T08:26:17+00:00,1157,39,160,105,15.303,120.79999999999995,18,fit:06ab469a75256944c36383c4817288da1db87343fd8245e2c210fa0583dba5c2:segment:003,3,7898.0,7648,activities/049_251011081438.csv,1,1,0,0
fit:06ab469a75256944c36383c4817288da1db87343fd8245e2c210fa0583dba5c2,2025-10-11T08:26:18+00:00,1158,40,160,45,15.421,120.79999999999995,18,fit:06ab469a75256944c36383c4817288da1db87343fd8245e2c210fa0583dba5c2:segment:003,3,7899.0,7649,activities/049_251011081438.csv,1,1,0,0
fit:06ab469a75256944c36383c4817288da1db87343fd8245e2c210fa0583dba5c2,2025-10-11T08:26:19+00:00,1159,40,160,45,15.384,119.79999999999995,18,fit:06ab469a75256944c36383c4817288da1db87343fd8245e2c210fa0583dba5c2:segment:003,3,7900.0,7650,activities/049_251011081438.csv,1,1,0,0
fit:06ab469a75256944c36383c4817288da1db87343fd8245e2c210fa0583dba5c2,2025-10-11T08:26:20+00:00,1160,20,160,45,15.34,114.39999999999998,18,fit:06ab469a75256944c36383c4817288da1db87343fd8245e2c210fa0583dba5c2:segment:003,3,7901.0,7651,activities/049_251011081438.csv,1,1,0,0
fit:06ab469a75256944c36383c4817288da1db87343fd8245e2c210fa0583dba5c2,2025-10-11T08:26:21+00:00,1161,275,160,69,15.26,114.39999999999998,18,fit:06ab469a75256944c36383c4817288da1db87343fd8245e2c210fa0583dba5c2:segment:003,3,7902.0,7652,activities/049_251011081438.csv,1,1,0,0
fit:06ab469a75256944c36383c4817288da1db87343fd8245e2c210fa0583dba5c2,2025-10-11T08:26:22+00:00,1162,364,160,106,15.156,114.39999999999998,18,fit:06ab469a75256944c36383c4817288da1db87343fd8245e2c210fa0583dba5c2:segment:003,3,7903.0,7653,activities/049_251011081438.csv,1,1,0,0
fit:06ab469a75256944c36383c4817288da1db87343fd8245e2c210fa0583dba5c2,2025-10-11T08:26:23+00:00,1163,201,160,106,15.245,115.39999999999998,18,fit:06ab469a75256944c36383c4817288da1db87343fd8245e2c210fa0583dba5c2:segment:003,3,7904.0,7654,activities/049_251011081438.csv,1,1,0,0
fit:06ab469a75256944c36383c4817288da1db87343fd8245e2c210fa0583dba5c2,2025-10-11T08:26:24+00:00,1164,224,160,75,15.391,116.39999999999998,18,fit:06ab469a75256944c36383c4817288da1db87343fd8245e2c210fa0583dba5c2:segment:003,3,7905.0,7655,activities/049_251011081438.csv,1,1,0,0
fit:06ab469a75256944c36383c4817288da1db87343fd8245e2c210fa0583dba5c2,2025-10-11T08:26:25+00:00,1165,382,160,107,15.428,116.39999999999998,18,fit:06ab469a75256944c36383c4817288da1db87343fd8245e2c210fa0583dba5c2:segment:003,3,7906.0,7656,activities/049_251011081438.csv,1,1,0,0
fit:06ab469a75256944c36383c4817288da1db87343fd8245e2c210fa0583dba5c2,2025-10-11T08:26:26+00:00,1166,288,160,107,15.441,116.39999999999998,18,fit:06ab469a75256944c36383c4817288da1db87343fd8245e2c210fa0583dba5c2:segment:003,3,7907.0,7657,activities/049_251011081438.csv,1,1,0,0
fit:06ab469a75256944c36383c4817288da1db87343fd8245e2c210fa0583dba5c2,2025-10-11T08:26:27+00:00,1167,202,160,108,15.5,116.39999999999998,18,fit:06ab469a75256944c36383c4817288da1db87343fd8245e2c210fa0583dba5c2:segment:003,3,7908.0,7658,activities/049_251011081438.csv,1,1,0,0
fit:06ab469a75256944c36383c4817288da1db87343fd8245e2c210fa0583dba5c2,2025-10-11T08:26:28+00:00,1168,184,160,108,15.566,114.60000000000002,18,fit:06ab469a75256944c36383c4817288da1db87343fd8245e2c210fa0583dba5c2:segment:003,3,7909.0,7659,activities/049_251011081438.csv,1,1,0,0
fit:06ab469a75256944c36383c4817288da1db87343fd8245e2c210fa0583dba5c2,2025-10-11T08:26:29+00:00,1169,159,160,108,15.631,114.60000000000002,18,fit:06ab469a75256944c36383c4817288da1db87343fd8245e2c210fa0583dba5c2:segment:003,3,7910.0,7660,activities/049_251011081438.csv,1,1,0,0
fit:06ab469a75256944c36383c4817288da1db87343fd8245e2c210fa0583dba5c2,2025-10-11T08:26:30+00:00,1170,209,161,108,15.538,114.60000000000002,18,fit:06ab469a75256944c36383c4817288da1db87343fd8245e2c210fa0583dba5c2:segment:003,3,7911.0,7661,activities/049_251011081438.csv,1,1,0,0
fit:06ab469a75256944c36383c4817288da1db87343fd8245e2c210fa0583dba5c2,2025-10-11T08:26:31+00:00,1171,171,162,107,15.514,113.60000000000002,18,fit:06ab469a75256944c36383c4817288da1db87343fd8245e2c210fa0583dba5c2:segment:003,3,7912.0,7662,activities/049_251011081438.csv,1,1,0,0
fit:06ab469a75256944c36383c4817288da1db87343fd8245e2c210fa0583dba5c2,2025-10-11T08:26:32+00:00,1172,144,162,107,15.5,112.79999999999995,18,fit:06ab469a75256944c36383c4817288da1db87343fd8245e2c210fa0583dba5c2:segment:003,3,7913.0,7663,activities/049_251011081438.csv,1,1,0,0
fit:06ab469a75256944c36383c4817288da1db87343fd8245e2c210fa0583dba5c2,2025-10-11T08:26:33+00:00,1173,156,163,108,15.507,112.79999999999995,18,fit:06ab469a75256944c36383c4817288da1db87343fd8245e2c210fa0583dba5c2:segment:003,3,7914.0,7664,activities/049_251011081438.csv,1,1,0,0
fit:06ab469a75256944c36383c4817288da1db87343fd8245e2c210fa0583dba5c2,2025-10-11T08:26:34+00:00,1174,189,163,107,15.526,112.79999999999995,18,fit:06ab469a75256944c36383c4817288da1db87343fd8245e2c210fa0583dba5c2:segment:003,3,7915.0,7665,activities/049_251011081438.csv,1,1,0,0
fit:06ab469a75256944c36383c4817288da1db87343fd8245e2c210fa0583dba5c2,2025-10-11T08:26:35+00:00,1175,160,163,108,15.411,112.79999999999995,18,fit:06ab469a75256944c36383c4817288da1db87343fd8245e2c210fa0583dba5c2:segment:003,3,7916.0,7666,activities/049_251011081438.csv,1,1,0,0
fit:06ab469a75256944c36383c4817288da1db87343fd8245e2c210fa0583dba5c2,2025-10-11T08:26:36+00:00,1176,161,164,107,15.456,111.20000000000005,18,fit:06ab469a75256944c36383c4817288da1db87343fd8245e2c210fa0583dba5c2:segment:003,3,7917.0,7667,activities/049_251011081438.csv,1,1,0,0
fit:06ab469a75256944c36383c4817288da1db87343fd8245e2c210fa0583dba5c2,2025-10-11T08:26:37+00:00,1177,6,164,107,15.382,111.20000000000005,18,fit:06ab469a75256944c36383c4817288da1db87343fd8245e2c210fa0583dba5c2:segment:003,3,7918.0,7668,activities/049_251011081438.csv,1,1,0,0
fit:06ab469a75256944c36383c4817288da1db87343fd8245e2c210fa0583dba5c2,2025-10-11T08:26:38+00:00,1178,6,164,21,15.258,111.20000000000005,18,fit:06ab469a75256944c36383c4817288da1db87343fd8245e2c210fa0583dba5c2:segment:003,3,7919.0,7669,activities/049_251011081438.csv,1,1,0,0
fit:06ab469a75256944c36383c4817288da1db87343fd8245e2c210fa0583dba5c2,2025-10-11T08:26:39+00:00,1179,121,164,85,15.266,112.20000000000005,18,fit:06ab469a75256944c36383c4817288da1db87343fd8245e2c210fa0583dba5c2:segment:003,3,7920.0,7670,activities/049_251011081438.csv,1,1,0,0
fit:06ab469a75256944c36383c4817288da1db87343fd8245e2c210fa0583dba5c2,2025-10-11T08:26:40+00:00,1180,121,164,85,15.072,109.39999999999998,18,fit:06ab469a75256944c36383c4817288da1db87343fd8245e2c210fa0583dba5c2:segment:003,3,7921.0,7671,activities/049_251011081438.csv,1,1,0,0
fit:06ab469a75256944c36383c4817288da1db87343fd8245e2c210fa0583dba5c2,2025-10-11T08:26:41+00:00,1181,121,164,85,14.869,109.39999999999998,18,fit:06ab469a75256944c36383c4817288da1db87343fd8245e2c210fa0583dba5c2:segment:003,3,7922.0,7672,activities/049_251011081438.csv,1,1,0,0
fit:06ab469a75256944c36383c4817288da1db87343fd8245e2c210fa0583dba5c2,2025-10-11T08:26:42+00:00,1182,121,164,85,14.869,109.39999999999998,18,fit:06ab469a75256944c36383c4817288da1db87343fd8245e2c210fa0583dba5c2:segment:003,3,7923.0,7673,activities/049_251011081438.csv,1,1,0,0
fit:06ab469a75256944c36383c4817288da1db87343fd8245e2c210fa0583dba5c2,2025-10-11T08:26:43+00:00,1183,118,164,85,14.297,108.79999999999995,18,fit:06ab469a75256944c36383c4817288da1db87343fd8245e2c210fa0583dba5c2:segment:003,3,7924.0,7674,activities/049_251011081438.csv,1,1,0,0
fit:06ab469a75256944c36383c4817288da1db87343fd8245e2c210fa0583dba5c2,2025-10-11T08:26:44+00:00,1184,0,163,82,13.993,109.60000000000002,18,fit:06ab469a75256944c36383c4817288da1db87343fd8245e2c210fa0583dba5c2:segment:003,3,7925.0,7675,activities/049_251011081438.csv,1,1,0,0
fit:06ab469a75256944c36383c4817288da1db87343fd8245e2c210fa0583dba5c2,2025-10-11T08:26:45+00:00,1185,0,162,0,13.32,109.60000000000002,18,fit:06ab469a75256944c36383c4817288da1db87343fd8245e2c210fa0583dba5c2:segment:003,3,7926.0,7676,activities/049_251011081438.csv,1,1,0,0
fit:06ab469a75256944c36383c4817288da1db87343fd8245e2c210fa0583dba5c2,2025-10-11T08:26:46+00:00,1186,84,160,0,12.849,109.60000000000002,18,fit:06ab469a75256944c36383c4817288da1db87343fd8245e2c210fa0583dba5c2:segment:003,3,7927.0,7677,activities/049_251011081438.csv,1,1,0,0
fit:06ab469a75256944c36383c4817288da1db87343fd8245e2c210fa0583dba5c2,2025-10-11T08:26:47+00:00,1187,64,159,61,12.445,109.39999999999998,18,fit:06ab469a75256944c36383c4817288da1db87343fd8245e2c210fa0583dba5c2:segment:003,3,7928.0,7678,activities/049_251011081438.csv,1,1,0,0
fit:06ab469a75256944c36383c4817288da1db87343fd8245e2c210fa0583dba5c2,2025-10-11T08:26:48+00:00,1188,64,157,69,12.02,109.79999999999995,18,fit:06ab469a75256944c36383c4817288da1db87343fd8245e2c210fa0583dba5c2:segment:003,3,7929.0,7679,activities/049_251011081438.csv,1,1,0,0
fit:06ab469a75256944c36383c4817288da1db87343fd8245e2c210fa0583dba5c2,2025-10-11T08:26:49+00:00,1189,64,155,69,11.342,109.79999999999995,18,fit:06ab469a75256944c36383c4817288da1db87343fd8245e2c210fa0583dba5c2:segment:003,3,7930.0,7680,activities/049_251011081438.csv,1,1,0,0
fit:06ab469a75256944c36383c4817288da1db87343fd8245e2c210fa0583dba5c2,2025-10-11T08:26:50+00:00,1190,64,154,69,10.549,109.79999999999995,18,fit:06ab469a75256944c36383c4817288da1db87343fd8245e2c210fa0583dba5c2:segment:003,3,7931.0,7681,activities/049_251011081438.csv,1,1,0,0
fit:06ab469a75256944c36383c4817288da1db87343fd8245e2c210fa0583dba5c2,2025-10-11T08:26:51+00:00,1191,17,154,69,9.894,110.39999999999998,18,fit:06ab469a75256944c36383c4817288da1db87343fd8245e2c210fa0583dba5c2:segment:003,3,7932.0,7682,activities/049_251011081438.csv,1,1,0,0
fit:06ab469a75256944c36383c4817288da1db87343fd8245e2c210fa0583dba5c2,2025-10-11T08:26:52+00:00,1192,345,152,66,9.312,109.60000000000002,18,fit:06ab469a75256944c36383c4817288da1db87343fd8245e2c210fa0583dba5c2:segment:003,3,7933.0,7683,activities/049_251011081438.csv,1,1,0,0
fit:06ab469a75256944c36383c4817288da1db87343fd8245e2c210fa0583dba5c2,2025-10-11T08:26:53+00:00,1193,345,151,66,9.285,109.60000000000002,18,fit:06ab469a75256944c36383c4817288da1db87343fd8245e2c210fa0583dba5c2:segment:003,3,7934.0,7684,activities/049_251011081438.csv,1,1,0,0
fit:06ab469a75256944c36383c4817288da1db87343fd8245e2c210fa0583dba5c2,2025-10-11T08:26:54+00:00,1194,199,149,64,9.25,109.60000000000002,18,fit:06ab469a75256944c36383c4817288da1db87343fd8245e2c210fa0583dba5c2:segment:003,3,7935.0,7685,activities/049_251011081438.csv,1,1,0,0
fit:06ab469a75256944c36383c4817288da1db87343fd8245e2c210fa0583dba5c2,2025-10-11T08:26:55+00:00,1195,218,148,64,9.133,110.39999999999998,18,fit:06ab469a75256944c36383c4817288da1db87343fd8245e2c210fa0583dba5c2:segment:003,3,7936.0,7686,activities/049_251011081438.csv,1,1,0,0
fit:06ab469a75256944c36383c4817288da1db87343fd8245e2c210fa0583dba5c2,2025-10-11T08:26:56+00:00,1196,253,148,64,9.18,110.20000000000005,18,fit:06ab469a75256944c36383c4817288da1db87343fd8245e2c210fa0583dba5c2:segment:003,3,7937.0,7687,activities/049_251011081438.csv,1,1,0,0
fit:06ab469a75256944c36383c4817288da1db87343fd8245e2c210fa0583dba5c2,2025-10-11T08:26:57+00:00,1197,265,147,64,9.183,110.20000000000005,18,fit:06ab469a75256944c36383c4817288da1db87343fd8245e2c210fa0583dba5c2:segment:003,3,7938.0,7688,activities/049_251011081438.csv,1,1,0,0
fit:06ab469a75256944c36383c4817288da1db87343fd8245e2c210fa0583dba5c2,2025-10-11T08:26:58+00:00,1198,252,147,63,9.263,110.20000000000005,18,fit:06ab469a75256944c36383c4817288da1db87343fd8245e2c210fa0583dba5c2:segment:003,3,7939.0,7689,activities/049_251011081438.csv,1,1,0,0
fit:06ab469a75256944c36383c4817288da1db87343fd8245e2c210fa0583dba5c2,2025-10-11T08:26:59+00:00,1199,249,147,63,9.168,110.20000000000005,18,fit:06ab469a75256944c36383c4817288da1db87343fd8245e2c210fa0583dba5c2:segment:003,3,7940.0,7690,activities/049_251011081438.csv,1,1,0,0
fit:06ab469a75256944c36383c4817288da1db87343fd8245e2c210fa0583dba5c2,2025-10-11T08:27:00+00:00,1200,289,147,63,9.099,109.39999999999998,18,fit:06ab469a75256944c36383c4817288da1db87343fd8245e2c210fa0583dba5c2:segment:003,3,7941.0,7691,activities/049_251011081438.csv,1,1,0,0
fit:06ab469a75256944c36383c4817288da1db87343fd8245e2c210fa0583dba5c2,2025-10-11T08:27:01+00:00,1201,299,147,62,9.031,109.39999999999998,18,fit:06ab469a75256944c36383c4817288da1db87343fd8245e2c210fa0583dba5c2:segment:003,3,7942.0,7692,activities/049_251011081438.csv,1,1,0,0
fit:06ab469a75256944c36383c4817288da1db87343fd8245e2c210fa0583dba5c2,2025-10-11T08:27:02+00:00,1202,258,147,62,8.981,109.39999999999998,18,fit:06ab469a75256944c36383c4817288da1db87343fd8245e2c210fa0583dba5c2:segment:003,3,7943.0,7693,activities/049_251011081438.csv,1,1,0,0
fit:06ab469a75256944c36383c4817288da1db87343fd8245e2c210fa0583dba5c2,2025-10-11T08:27:03+00:00,1203,259,147,62,8.989,110.39999999999998,18,fit:06ab469a75256944c36383c4817288da1db87343fd8245e2c210fa0583dba5c2:segment:003,3,7944.0,7694,activities/049_251011081438.csv,1,1,0,0
fit:06ab469a75256944c36383c4817288da1db87343fd8245e2c210fa0583dba5c2,2025-10-11T08:27:04+00:00,1204,100,147,35,8.873,109.20000000000005,18,fit:06ab469a75256944c36383c4817288da1db87343fd8245e2c210fa0583dba5c2:segment:003,3,7945.0,7695,activities/049_251011081438.csv,1,1,0,0
fit:06ab469a75256944c36383c4817288da1db87343fd8245e2c210fa0583dba5c2,2025-10-11T08:27:05+00:00,1205,224,148,60,8.713,109.20000000000005,18,fit:06ab469a75256944c36383c4817288da1db87343fd8245e2c210fa0583dba5c2:segment:003,3,7946.0,7696,activities/049_251011081438.csv,1,1,0,0
fit:06ab469a75256944c36383c4817288da1db87343fd8245e2c210fa0583dba5c2,2025-10-11T08:27:06+00:00,1206,224,148,60,8.638,109.20000000000005,18,fit:06ab469a75256944c36383c4817288da1db87343fd8245e2c210fa0583dba5c2:segment:003,3,7947.0,7697,activities/049_251011081438.csv,1,1,0,0
fit:06ab469a75256944c36383c4817288da1db87343fd8245e2c210fa0583dba5c2,2025-10-11T08:27:07+00:00,1207,237,149,32,8.414,110.20000000000005,18,fit:06ab469a75256944c36383c4817288da1db87343fd8245e2c210fa0583dba5c2:segment:003,3,7948.0,7698,activities/049_251011081438.csv,1,1,0,0
fit:06ab469a75256944c36383c4817288da1db87343fd8245e2c210fa0583dba5c2,2025-10-11T08:27:08+00:00,1208,237,149,57,8.372,111.0,18,fit:06ab469a75256944c36383c4817288da1db87343fd8245e2c210fa0583dba5c2:segment:003,3,7949.0,7699,activities/049_251011081438.csv,1,1,0,0
fit:06ab469a75256944c36383c4817288da1db87343fd8245e2c210fa0583dba5c2,2025-10-11T08:27:09+00:00,1209,211,149,57,8.4,111.0,18,fit:06ab469a75256944c36383c4817288da1db87343fd8245e2c210fa0583dba5c2:segment:003,3,7950.0,7700,activities/049_251011081438.csv,1,1,0,0
fit:06ab469a75256944c36383c4817288da1db87343fd8245e2c210fa0583dba5c2,2025-10-11T08:27:10+00:00,1210,145,150,56,8.341,111.0,18,fit:06ab469a75256944c36383c4817288da1db87343fd8245e2c210fa0583dba5c2:segment:003,3,7951.0,7701,activities/049_251011081438.csv,1,1,0,0
fit:06ab469a75256944c36383c4817288da1db87343fd8245e2c210fa0583dba5c2,2025-10-11T08:27:11+00:00,1211,93,150,56,8.185,111.0,18,fit:06ab469a75256944c36383c4817288da1db87343fd8245e2c210fa0583dba5c2:segment:003,3,7952.0,7702,activities/049_251011081438.csv,1,1,0,0
fit:06ab469a75256944c36383c4817288da1db87343fd8245e2c210fa0583dba5c2,2025-10-11T08:27:12+00:00,1212,294,150,32,8.154,112.60000000000002,18,fit:06ab469a75256944c36383c4817288da1db87343fd8245e2c210fa0583dba5c2:segment:003,3,7953.0,7703,activities/049_251011081438.csv,1,1,0,0
fit:06ab469a75256944c36383c4817288da1db87343fd8245e2c210fa0583dba5c2,2025-10-11T08:27:13+00:00,1213,294,150,57,8.187,112.60000000000002,18,fit:06ab469a75256944c36383c4817288da1db87343fd8245e2c210fa0583dba5c2:segment:003,3,7954.0,7704,activities/049_251011081438.csv,1,1,0,0
fit:06ab469a75256944c36383c4817288da1db87343fd8245e2c210fa0583dba5c2,2025-10-11T08:27:14+00:00,1214,264,149,58,8.259,112.60000000000002,18,fit:06ab469a75256944c36383c4817288da1db87343fd8245e2c210fa0583dba5c2:segment:003,3,7955.0,7705,activities/049_251011081438.csv,1,1,0,0
fit:06ab469a75256944c36383c4817288da1db87343fd8245e2c210fa0583dba5c2,2025-10-11T08:27:15+00:00,1215,211,149,58,8.307,111.60000000000002,18,fit:06ab469a75256944c36383c4817288da1db87343fd8245e2c210fa0583dba5c2:segment:003,3,7956.0,7706,activities/049_251011081438.csv,1,1,0,0
fit:06ab469a75256944c36383c4817288da1db87343fd8245e2c210fa0583dba5c2,2025-10-11T08:27:16+00:00,1216,181,148,58,8.383,105.79999999999995,18,fit:06ab469a75256944c36383c4817288da1db87343fd8245e2c210fa0583dba5c2:segment:003,3,7957.0,7707,activities/049_251011081438.csv,1,1,0,0
fit:06ab469a75256944c36383c4817288da1db87343fd8245e2c210fa0583dba5c2,2025-10-11T08:27:17+00:00,1217,215,147,58,8.358,105.79999999999995,18,fit:06ab469a75256944c36383c4817288da1db87343fd8245e2c210fa0583dba5c2:segment:003,3,7958.0,7708,activities/049_251011081438.csv,1,1,0,0
fit:06ab469a75256944c36383c4817288da1db87343fd8245e2c210fa0583dba5c2,2025-10-11T08:27:18+00:00,1218,215,147,57,8.345,105.79999999999995,18,fit:06ab469a75256944c36383c4817288da1db87343fd8245e2c210fa0583dba5c2:segment:003,3,7959.0,7709,activities/049_251011081438.csv,1,1,0,0
fit:06ab469a75256944c36383c4817288da1db87343fd8245e2c210fa0583dba5c2,2025-10-11T08:27:19+00:00,1219,162,147,57,8.312,106.79999999999995,18,fit:06ab469a75256944c36383c4817288da1db87343fd8245e2c210fa0583dba5c2:segment:003,3,7960.0,7710,activities/049_251011081438.csv,1,1,0,0
fit:06ab469a75256944c36383c4817288da1db87343fd8245e2c210fa0583dba5c2,2025-10-11T08:27:20+00:00,1220,174,147,56,8.173,109.0,18,fit:06ab469a75256944c36383c4817288da1db87343fd8245e2c210fa0583dba5c2:segment:003,3,7961.0,7711,activities/049_251011081438.csv,1,1,0,0
fit:06ab469a75256944c36383c4817288da1db87343fd8245e2c210fa0583dba5c2,2025-10-11T08:27:21+00:00,1221,199,148,56,8.033,109.0,18,fit:06ab469a75256944c36383c4817288da1db87343fd8245e2c210fa0583dba5c2:segment:003,3,7962.0,7712,activities/049_251011081438.csv,1,1,0,0
fit:06ab469a75256944c36383c4817288da1db87343fd8245e2c210fa0583dba5c2,2025-10-11T08:27:22+00:00,1222,68,148,55,7.943,109.0,18,fit:06ab469a75256944c36383c4817288da1db87343fd8245e2c210fa0583dba5c2:segment:003,3,7963.0,7713,activities/049_251011081438.csv,1,1,0,0
fit:06ab469a75256944c36383c4817288da1db87343fd8245e2c210fa0583dba5c2,2025-10-11T08:27:23+00:00,1223,68,149,55,7.874,110.0,18,fit:06ab469a75256944c36383c4817288da1db87343fd8245e2c210fa0583dba5c2:segment:003,3,7964.0,7714,activities/049_251011081438.csv,1,1,0,0
fit:06ab469a75256944c36383c4817288da1db87343fd8245e2c210fa0583dba5c2,2025-10-11T08:27:24+00:00,1224,68,149,47,7.622,110.79999999999995,18,fit:06ab469a75256944c36383c4817288da1db87343fd8245e2c210fa0583dba5c2:segment:003,3,7965.0,7715,activities/049_251011081438.csv,1,1,0,0
fit:06ab469a75256944c36383c4817288da1db87343fd8245e2c210fa0583dba5c2,2025-10-11T08:27:25+00:00,1225,68,149,47,7.332,110.79999999999995,18,fit:06ab469a75256944c36383c4817288da1db87343fd8245e2c210fa0583dba5c2:segment:003,3,7966.0,7716,activities/049_251011081438.csv,1,1,0,0
fit:06ab469a75256944c36383c4817288da1db87343fd8245e2c210fa0583dba5c2,2025-10-11T08:27:26+00:00,1226,68,149,47,7.027,110.79999999999995,18,fit:06ab469a75256944c36383c4817288da1db87343fd8245e2c210fa0583dba5c2:segment:003,3,7967.0,7717,activities/049_251011081438.csv,1,1,0,0
fit:06ab469a75256944c36383c4817288da1db87343fd8245e2c210fa0583dba5c2,2025-10-11T08:27:27+00:00,1227,51,149,0,6.485,110.79999999999995,18,fit:06ab469a75256944c36383c4817288da1db87343fd8245e2c210fa0583dba5c2:segment:003,3,7968.0,7718,activities/049_251011081438.csv,1,1,0,0
fit:06ab469a75256944c36383c4817288da1db87343fd8245e2c210fa0583dba5c2,2025-10-11T08:27:28+00:00,1228,51,148,0,6.353,111.79999999999995,18,fit:06ab469a75256944c36383c4817288da1db87343fd8245e2c210fa0583dba5c2:segment:003,3,7969.0,7719,activities/049_251011081438.csv,1,1,0,0
fit:06ab469a75256944c36383c4817288da1db87343fd8245e2c210fa0583dba5c2,2025-10-11T08:27:29+00:00,1229,120,147,57,6.652,111.79999999999995,18,fit:06ab469a75256944c36383c4817288da1db87343fd8245e2c210fa0583dba5c2:segment:003,3,7970.0,7720,activities/049_251011081438.csv,1,1,0,0
fit:06ab469a75256944c36383c4817288da1db87343fd8245e2c210fa0583dba5c2,2025-10-11T08:27:30+00:00,1230,409,147,76,6.827,111.79999999999995,18,fit:06ab469a75256944c36383c4817288da1db87343fd8245e2c210fa0583dba5c2:segment:003,3,7971.0,7721,activities/049_251011081438.csv,1,1,0,0
fit:06ab469a75256944c36383c4817288da1db87343fd8245e2c210fa0583dba5c2,2025-10-11T08:27:31+00:00,1231,410,147,76,7.163,111.79999999999995,18,fit:06ab469a75256944c36383c4817288da1db87343fd8245e2c210fa0583dba5c2:segment:003,3,7972.0,7722,activities/049_251011081438.csv,1,1,0,0
fit:06ab469a75256944c36383c4817288da1db87343fd8245e2c210fa0583dba5c2,2025-10-11T08:27:32+00:00,1232,211,147,79,7.484,111.60000000000002,18,fit:06ab469a75256944c36383c4817288da1db87343fd8245e2c210fa0583dba5c2:segment:003,3,7973.0,7723,activities/049_251011081438.csv,1,1,0,0
fit:06ab469a75256944c36383c4817288da1db87343fd8245e2c210fa0583dba5c2,2025-10-11T08:27:33+00:00,1233,154,147,80,7.657,111.60000000000002,18,fit:06ab469a75256944c36383c4817288da1db87343fd8245e2c210fa0583dba5c2:segment:003,3,7974.0,7724,activities/049_251011081438.csv,1,1,0,0
fit:06ab469a75256944c36383c4817288da1db87343fd8245e2c210fa0583dba5c2,2025-10-11T08:27:34+00:00,1234,179,146,79,7.543,111.60000000000002,18,fit:06ab469a75256944c36383c4817288da1db87343fd8245e2c210fa0583dba5c2:segment:003,3,7975.0,7725,activities/049_251011081438.csv,1,1,0,0
fit:06ab469a75256944c36383c4817288da1db87343fd8245e2c210fa0583dba5c2,2025-10-11T08:27:35+00:00,1235,222,146,76,7.479,112.39999999999998,18,fit:06ab469a75256944c36383c4817288da1db87343fd8245e2c210fa0583dba5c2:segment:003,3,7976.0,7726,activities/049_251011081438.csv,1,1,0,0
fit:06ab469a75256944c36383c4817288da1db87343fd8245e2c210fa0583dba5c2,2025-10-11T08:27:36+00:00,1236,299,146,76,7.307,112.20000000000005,18,fit:06ab469a75256944c36383c4817288da1db87343fd8245e2c210fa0583dba5c2:segment:003,3,7977.0,7727,activities/049_251011081438.csv,1,1,0,0
fit:06ab469a75256944c36383c4817288da1db87343fd8245e2c210fa0583dba5c2,2025-10-11T08:27:37+00:00,1237,385,145,75,7.074,112.20000000000005,18,fit:06ab469a75256944c36383c4817288da1db87343fd8245e2c210fa0583dba5c2:segment:003,3,7978.0,7728,activities/049_251011081438.csv,1,1,0,0
fit:06ab469a75256944c36383c4817288da1db87343fd8245e2c210fa0583dba5c2,2025-10-11T08:27:38+00:00,1238,361,145,74,7.041,112.20000000000005,18,fit:06ab469a75256944c36383c4817288da1db87343fd8245e2c210fa0583dba5c2:segment:003,3,7979.0,7729,activities/049_251011081438.csv,1,1,0,0
fit:06ab469a75256944c36383c4817288da1db87343fd8245e2c210fa0583dba5c2,2025-10-11T08:27:39+00:00,1239,224,145,75,6.747,112.79999999999995,18,fit:06ab469a75256944c36383c4817288da1db87343fd8245e2c210fa0583dba5c2:segment:003,3,7980.0,7730,activities/049_251011081438.csv,1,1,0,0
fit:06ab469a75256944c36383c4817288da1db87343fd8245e2c210fa0583dba5c2,2025-10-11T08:27:40+00:00,1240,300,145,78,6.55,113.20000000000005,18,fit:06ab469a75256944c36383c4817288da1db87343fd8245e2c210fa0583dba5c2:segment:003,3,7981.0,7731,activities/049_251011081438.csv,1,1,0,0
fit:06ab469a75256944c36383c4817288da1db87343fd8245e2c210fa0583dba5c2,2025-10-11T08:27:41+00:00,1241,323,145,78,6.253,113.20000000000005,18,fit:06ab469a75256944c36383c4817288da1db87343fd8245e2c210fa0583dba5c2:segment:003,3,7982.0,7732,activities/049_251011081438.csv,1,1,0,0
fit:06ab469a75256944c36383c4817288da1db87343fd8245e2c210fa0583dba5c2,2025-10-11T08:27:42+00:00,1242,323,146,72,6.088,113.20000000000005,18,fit:06ab469a75256944c36383c4817288da1db87343fd8245e2c210fa0583dba5c2:segment:003,3,7983.0,7733,activities/049_251011081438.csv,1,1,0,0
fit:06ab469a75256944c36383c4817288da1db87343fd8245e2c210fa0583dba5c2,2025-10-11T08:27:43+00:00,1243,102,146,72,5.787,114.20000000000005,18,fit:06ab469a75256944c36383c4817288da1db87343fd8245e2c210fa0583dba5c2:segment:003,3,7984.0,7734,activities/049_251011081438.csv,1,1,0,0
fit:06ab469a75256944c36383c4817288da1db87343fd8245e2c210fa0583dba5c2,2025-10-11T08:27:44+00:00,1244,273,147,70,5.44,115.60000000000002,18,fit:06ab469a75256944c36383c4817288da1db87343fd8245e2c210fa0583dba5c2:segment:003,3,7985.0,7735,activities/049_251011081438.csv,1,1,0,0
fit:06ab469a75256944c36383c4817288da1db87343fd8245e2c210fa0583dba5c2,2025-10-11T08:27:45+00:00,1245,298,148,67,5.208,115.60000000000002,18,fit:06ab469a75256944c36383c4817288da1db87343fd8245e2c210fa0583dba5c2:segment:003,3,7986.0,7736,activities/049_251011081438.csv,1,1,0,0
fit:06ab469a75256944c36383c4817288da1db87343fd8245e2c210fa0583dba5c2,2025-10-11T08:27:46+00:00,1246,348,148,67,4.944,115.60000000000002,18,fit:06ab469a75256944c36383c4817288da1db87343fd8245e2c210fa0583dba5c2:segment:003,3,7987.0,7737,activities/049_251011081438.csv,1,1,0,0
fit:06ab469a75256944c36383c4817288da1db87343fd8245e2c210fa0583dba5c2,2025-10-11T08:27:47+00:00,1247,368,149,64,4.909,116.60000000000002,18,fit:06ab469a75256944c36383c4817288da1db87343fd8245e2c210fa0583dba5c2:segment:003,3,7988.0,7738,activities/049_251011081438.csv,1,1,0,0
fit:06ab469a75256944c36383c4817288da1db87343fd8245e2c210fa0583dba5c2,2025-10-11T08:27:48+00:00,1248,382,149,65,4.765,117.60000000000002,18,fit:06ab469a75256944c36383c4817288da1db87343fd8245e2c210fa0583dba5c2:segment:003,3,7989.0,7739,activities/049_251011081438.csv,1,1,0,0
fit:06ab469a75256944c36383c4817288da1db87343fd8245e2c210fa0583dba5c2,2025-10-11T08:27:49+00:00,1249,336,149,64,4.725,117.60000000000002,18,fit:06ab469a75256944c36383c4817288da1db87343fd8245e2c210fa0583dba5c2:segment:003,3,7990.0,7740,activities/049_251011081438.csv,1,1,0,0
fit:06ab469a75256944c36383c4817288da1db87343fd8245e2c210fa0583dba5c2,2025-10-11T08:27:50+00:00,1250,313,149,65,4.677,117.60000000000002,18,fit:06ab469a75256944c36383c4817288da1db87343fd8245e2c210fa0583dba5c2:segment:003,3,7991.0,7741,activities/049_251011081438.csv,1,1,0,0
fit:06ab469a75256944c36383c4817288da1db87343fd8245e2c210fa0583dba5c2,2025-10-11T08:27:51+00:00,1251,317,149,70,4.546,117.60000000000002,18,fit:06ab469a75256944c36383c4817288da1db87343fd8245e2c210fa0583dba5c2:segment:003,3,7992.0,7742,activities/049_251011081438.csv,1,1,0,0
fit:06ab469a75256944c36383c4817288da1db87343fd8245e2c210fa0583dba5c2,2025-10-11T08:27:52+00:00,1252,317,149,71,4.584,119.20000000000005,18,fit:06ab469a75256944c36383c4817288da1db87343fd8245e2c210fa0583dba5c2:segment:003,3,7993.0,7743,activities/049_251011081438.csv,1,1,0,0
fit:06ab469a75256944c36383c4817288da1db87343fd8245e2c210fa0583dba5c2,2025-10-11T08:27:53+00:00,1253,323,149,71,4.567,119.20000000000005,18,fit:06ab469a75256944c36383c4817288da1db87343fd8245e2c210fa0583dba5c2:segment:003,3,7994.0,7744,activities/049_251011081438.csv,1,1,0,0
fit:06ab469a75256944c36383c4817288da1db87343fd8245e2c210fa0583dba5c2,2025-10-11T08:27:54+00:00,1254,339,149,71,4.577,119.20000000000005,18,fit:06ab469a75256944c36383c4817288da1db87343fd8245e2c210fa0583dba5c2:segment:003,3,7995.0,7745,activities/049_251011081438.csv,1,1,0,0
fit:06ab469a75256944c36383c4817288da1db87343fd8245e2c210fa0583dba5c2,2025-10-11T08:27:55+00:00,1255,289,149,71,4.55,119.20000000000005,18,fit:06ab469a75256944c36383c4817288da1db87343fd8245e2c210fa0583dba5c2:segment:003,3,7996.0,7746,activities/049_251011081438.csv,1,1,0,0
fit:06ab469a75256944c36383c4817288da1db87343fd8245e2c210fa0583dba5c2,2025-10-11T08:27:56+00:00,1256,326,150,71,4.299,119.39999999999998,18,fit:06ab469a75256944c36383c4817288da1db87343fd8245e2c210fa0583dba5c2:segment:003,3,7997.0,7747,activities/049_251011081438.csv,1,1,0,0
fit:06ab469a75256944c36383c4817288da1db87343fd8245e2c210fa0583dba5c2,2025-10-11T08:27:57+00:00,1257,326,149,70,4.371,119.39999999999998,18,fit:06ab469a75256944c36383c4817288da1db87343fd8245e2c210fa0583dba5c2:segment:003,3,7998.0,7748,activities/049_251011081438.csv,1,1,0,0
fit:06ab469a75256944c36383c4817288da1db87343fd8245e2c210fa0583dba5c2,2025-10-11T08:27:58+00:00,1258,354,150,70,4.284,119.39999999999998,18,fit:06ab469a75256944c36383c4817288da1db87343fd8245e2c210fa0583dba5c2:segment:003,3,7999.0,7749,activities/049_251011081438.csv,1,1,0,0
fit:06ab469a75256944c36383c4817288da1db87343fd8245e2c210fa0583dba5c2,2025-10-11T08:27:59+00:00,1259,287,150,70,4.434,120.39999999999998,18,fit:06ab469a75256944c36383c4817288da1db87343fd8245e2c210fa0583dba5c2:segment:003,3,8000.0,7750,activities/049_251011081438.csv,1,1,0,0
fit:06ab469a75256944c36383c4817288da1db87343fd8245e2c210fa0583dba5c2,2025-10-11T08:28:00+00:00,1260,324,150,70,4.343,120.39999999999998,18,fit:06ab469a75256944c36383c4817288da1db87343fd8245e2c210fa0583dba5c2:segment:003,3,8001.0,7751,activities/049_251011081438.csv,1,1,0,0
fit:06ab469a75256944c36383c4817288da1db87343fd8245e2c210fa0583dba5c2,2025-10-11T08:28:01+00:00,1261,255,150,70,4.155,120.39999999999998,18,fit:06ab469a75256944c36383c4817288da1db87343fd8245e2c210fa0583dba5c2:segment:003,3,8002.0,7752,activities/049_251011081438.csv,1,1,0,0
fit:06ab469a75256944c36383c4817288da1db87343fd8245e2c210fa0583dba5c2,2025-10-11T08:28:02+00:00,1262,256,150,66,4.074,120.39999999999998,18,fit:06ab469a75256944c36383c4817288da1db87343fd8245e2c210fa0583dba5c2:segment:003,3,8003.0,7753,activities/049_251011081438.csv,1,1,0,0
fit:06ab469a75256944c36383c4817288da1db87343fd8245e2c210fa0583dba5c2,2025-10-11T08:28:03+00:00,1263,160,151,62,3.948,121.39999999999998,18,fit:06ab469a75256944c36383c4817288da1db87343fd8245e2c210fa0583dba5c2:segment:003,3,8004.0,7754,activities/049_251011081438.csv,1,1,0,0
fit:06ab469a75256944c36383c4817288da1db87343fd8245e2c210fa0583dba5c2,2025-10-11T08:28:04+00:00,1264,458,151,70,3.42,123.0,18,fit:06ab469a75256944c36383c4817288da1db87343fd8245e2c210fa0583dba5c2:segment:003,3,8005.0,7755,activities/049_251011081438.csv,1,1,0,0
fit:06ab469a75256944c36383c4817288da1db87343fd8245e2c210fa0583dba5c2,2025-10-11T08:28:05+00:00,1265,165,152,76,3.648,123.0,18,fit:06ab469a75256944c36383c4817288da1db87343fd8245e2c210fa0583dba5c2:segment:003,3,8006.0,7756,activities/049_251011081438.csv,1,1,0,0
fit:06ab469a75256944c36383c4817288da1db87343fd8245e2c210fa0583dba5c2,2025-10-11T08:28:06+00:00,1266,369,152,69,3.636,123.0,18,fit:06ab469a75256944c36383c4817288da1db87343fd8245e2c210fa0583dba5c2:segment:003,3,8007.0,7757,activities/049_251011081438.csv,1,1,0,0
fit:06ab469a75256944c36383c4817288da1db87343fd8245e2c210fa0583dba5c2,2025-10-11T08:28:07+00:00,1267,360,153,70,3.5,123.0,18,fit:06ab469a75256944c36383c4817288da1db87343fd8245e2c210fa0583dba5c2:segment:003,3,8008.0,7758,activities/049_251011081438.csv,1,1,0,0
fit:06ab469a75256944c36383c4817288da1db87343fd8245e2c210fa0583dba5c2,2025-10-11T08:28:08+00:00,1268,321,153,71,3.689,123.20000000000005,18,fit:06ab469a75256944c36383c4817288da1db87343fd8245e2c210fa0583dba5c2:segment:003,3,8009.0,7759,activities/049_251011081438.csv,1,1,0,0
fit:06ab469a75256944c36383c4817288da1db87343fd8245e2c210fa0583dba5c2,2025-10-11T08:28:09+00:00,1269,306,154,70,3.623,123.20000000000005,18,fit:06ab469a75256944c36383c4817288da1db87343fd8245e2c210fa0583dba5c2:segment:003,3,8010.0,7760,activities/049_251011081438.csv,1,1,0,0
fit:06ab469a75256944c36383c4817288da1db87343fd8245e2c210fa0583dba5c2,2025-10-11T08:28:10+00:00,1270,356,154,69,3.668,123.20000000000005,18,fit:06ab469a75256944c36383c4817288da1db87343fd8245e2c210fa0583dba5c2:segment:003,3,8011.0,7761,activities/049_251011081438.csv,1,1,0,0
fit:06ab469a75256944c36383c4817288da1db87343fd8245e2c210fa0583dba5c2,2025-10-11T08:28:11+00:00,1271,348,155,68,3.685,123.20000000000005,18,fit:06ab469a75256944c36383c4817288da1db87343fd8245e2c210fa0583dba5c2:segment:003,3,8012.0,7762,activities/049_251011081438.csv,1,1,0,0
fit:06ab469a75256944c36383c4817288da1db87343fd8245e2c210fa0583dba5c2,2025-10-11T08:28:12+00:00,1272,348,156,69,3.891,123.60000000000002,18,fit:06ab469a75256944c36383c4817288da1db87343fd8245e2c210fa0583dba5c2:segment:003,3,8013.0,7763,activities/049_251011081438.csv,1,1,0,0
fit:06ab469a75256944c36383c4817288da1db87343fd8245e2c210fa0583dba5c2,2025-10-11T08:28:13+00:00,1273,378,157,76,3.908,123.60000000000002,18,fit:06ab469a75256944c36383c4817288da1db87343fd8245e2c210fa0583dba5c2:segment:003,3,8014.0,7764,activities/049_251011081438.csv,1,1,0,0
fit:06ab469a75256944c36383c4817288da1db87343fd8245e2c210fa0583dba5c2,2025-10-11T08:28:14+00:00,1274,298,159,78,4.067,123.60000000000002,18,fit:06ab469a75256944c36383c4817288da1db87343fd8245e2c210fa0583dba5c2:segment:003,3,8015.0,7765,activities/049_251011081438.csv,1,1,0,0
fit:06ab469a75256944c36383c4817288da1db87343fd8245e2c210fa0583dba5c2,2025-10-11T08:28:15+00:00,1275,298,159,80,3.977,123.60000000000002,18,fit:06ab469a75256944c36383c4817288da1db87343fd8245e2c210fa0583dba5c2:segment:003,3,8016.0,7766,activities/049_251011081438.csv,1,1,0,0
fit:06ab469a75256944c36383c4817288da1db87343fd8245e2c210fa0583dba5c2,2025-10-11T08:28:16+00:00,1276,300,159,80,3.971,125.0,18,fit:06ab469a75256944c36383c4817288da1db87343fd8245e2c210fa0583dba5c2:segment:003,3,8017.0,7767,activities/049_251011081438.csv,1,1,0,0
fit:06ab469a75256944c36383c4817288da1db87343fd8245e2c210fa0583dba5c2,2025-10-11T08:28:17+00:00,1277,329,160,76,3.533,125.0,18,fit:06ab469a75256944c36383c4817288da1db87343fd8245e2c210fa0583dba5c2:segment:003,3,8018.0,7768,activities/049_251011081438.csv,1,1,0,0
fit:06ab469a75256944c36383c4817288da1db87343fd8245e2c210fa0583dba5c2,2025-10-11T08:28:18+00:00,1278,329,160,75,3.378,125.0,18,fit:06ab469a75256944c36383c4817288da1db87343fd8245e2c210fa0583dba5c2:segment:003,3,8019.0,7769,activities/049_251011081438.csv,1,1,0,0
fit:06ab469a75256944c36383c4817288da1db87343fd8245e2c210fa0583dba5c2,2025-10-11T08:28:19+00:00,1279,335,161,77,3.472,126.0,18,fit:06ab469a75256944c36383c4817288da1db87343fd8245e2c210fa0583dba5c2:segment:003,3,8020.0,7770,activities/049_251011081438.csv,1,1,0,0
fit:06ab469a75256944c36383c4817288da1db87343fd8245e2c210fa0583dba5c2,2025-10-11T08:28:20+00:00,1280,265,161,77,3.609,127.39999999999998,18,fit:06ab469a75256944c36383c4817288da1db87343fd8245e2c210fa0583dba5c2:segment:003,3,8021.0,7771,activities/049_251011081438.csv,1,1,0,0
fit:06ab469a75256944c36383c4817288da1db87343fd8245e2c210fa0583dba5c2,2025-10-11T08:28:21+00:00,1281,294,162,76,3.669,127.39999999999998,18,fit:06ab469a75256944c36383c4817288da1db87343fd8245e2c210fa0583dba5c2:segment:003,3,8022.0,7772,activities/049_251011081438.csv,1,1,0,0
fit:06ab469a75256944c36383c4817288da1db87343fd8245e2c210fa0583dba5c2,2025-10-11T08:28:22+00:00,1282,340,162,75,3.485,127.39999999999998,18,fit:06ab469a75256944c36383c4817288da1db87343fd8245e2c210fa0583dba5c2:segment:003,3,8023.0,7773,activities/049_251011081438.csv,1,1,0,0
fit:06ab469a75256944c36383c4817288da1db87343fd8245e2c210fa0583dba5c2,2025-10-11T08:28:23+00:00,1283,394,163,77,3.371,127.39999999999998,18,fit:06ab469a75256944c36383c4817288da1db87343fd8245e2c210fa0583dba5c2:segment:003,3,8024.0,7774,activities/049_251011081438.csv,1,1,0,0
fit:06ab469a75256944c36383c4817288da1db87343fd8245e2c210fa0583dba5c2,2025-10-11T08:28:24+00:00,1284,342,163,82,3.34,128.20000000000005,18,fit:06ab469a75256944c36383c4817288da1db87343fd8245e2c210fa0583dba5c2:segment:003,3,8025.0,7775,activities/049_251011081438.csv,1,1,0,0
fit:06ab469a75256944c36383c4817288da1db87343fd8245e2c210fa0583dba5c2,2025-10-11T08:28:25+00:00,1285,259,164,80,3.157,128.20000000000005,18,fit:06ab469a75256944c36383c4817288da1db87343fd8245e2c210fa0583dba5c2:segment:003,3,8026.0,7776,activities/049_251011081438.csv,1,1,0,0
fit:06ab469a75256944c36383c4817288da1db87343fd8245e2c210fa0583dba5c2,2025-10-11T08:28:26+00:00,1286,208,165,80,3.061,128.20000000000005,18,fit:06ab469a75256944c36383c4817288da1db87343fd8245e2c210fa0583dba5c2:segment:003,3,8027.0,7777,activities/049_251011081438.csv,1,1,0,0
fit:06ab469a75256944c36383c4817288da1db87343fd8245e2c210fa0583dba5c2,2025-10-11T08:28:27+00:00,1287,357,165,80,3.253,129.20000000000005,18,fit:06ab469a75256944c36383c4817288da1db87343fd8245e2c210fa0583dba5c2:segment:003,3,8028.0,7778,activities/049_251011081438.csv,1,1,0,0
fit:06ab469a75256944c36383c4817288da1db87343fd8245e2c210fa0583dba5c2,2025-10-11T08:28:28+00:00,1288,358,166,83,3.581,129.20000000000005,18,fit:06ab469a75256944c36383c4817288da1db87343fd8245e2c210fa0583dba5c2:segment:003,3,8029.0,7779,activities/049_251011081438.csv,1,1,0,0
fit:06ab469a75256944c36383c4817288da1db87343fd8245e2c210fa0583dba5c2,2025-10-11T08:28:29+00:00,1289,341,166,80,3.527,129.20000000000005,18,fit:06ab469a75256944c36383c4817288da1db87343fd8245e2c210fa0583dba5c2:segment:003,3,8030.0,7780,activities/049_251011081438.csv,1,1,0,0
fit:06ab469a75256944c36383c4817288da1db87343fd8245e2c210fa0583dba5c2,2025-10-11T08:28:30+00:00,1290,351,167,80,3.554,129.20000000000005,18,fit:06ab469a75256944c36383c4817288da1db87343fd8245e2c210fa0583dba5c2:segment:003,3,8031.0,7781,activities/049_251011081438.csv,1,1,0,0
fit:06ab469a75256944c36383c4817288da1db87343fd8245e2c210fa0583dba5c2,2025-10-11T08:28:31+00:00,1291,313,167,80,3.564,130.20000000000005,18,fit:06ab469a75256944c36383c4817288da1db87343fd8245e2c210fa0583dba5c2:segment:003,3,8032.0,7782,activities/049_251011081438.csv,1,1,0,0
fit:06ab469a75256944c36383c4817288da1db87343fd8245e2c210fa0583dba5c2,2025-10-11T08:28:32+00:00,1292,270,168,80,3.466,130.60000000000002,18,fit:06ab469a75256944c36383c4817288da1db87343fd8245e2c210fa0583dba5c2:segment:003,3,8033.0,7783,activities/049_251011081438.csv,1,1,0,0
fit:06ab469a75256944c36383c4817288da1db87343fd8245e2c210fa0583dba5c2,2025-10-11T08:28:33+00:00,1293,290,168,76,3.661,130.60000000000002,18,fit:06ab469a75256944c36383c4817288da1db87343fd8245e2c210fa0583dba5c2:segment:003,3,8034.0,7784,activities/049_251011081438.csv,1,1,0,0
fit:06ab469a75256944c36383c4817288da1db87343fd8245e2c210fa0583dba5c2,2025-10-11T08:28:34+00:00,1294,351,169,75,3.571,130.60000000000002,18,fit:06ab469a75256944c36383c4817288da1db87343fd8245e2c210fa0583dba5c2:segment:003,3,8035.0,7785,activities/049_251011081438.csv,1,1,0,0
fit:06ab469a75256944c36383c4817288da1db87343fd8245e2c210fa0583dba5c2,2025-10-11T08:28:35+00:00,1295,323,169,75,3.626,131.39999999999998,18,fit:06ab469a75256944c36383c4817288da1db87343fd8245e2c210fa0583dba5c2:segment:003,3,8036.0,7786,activities/049_251011081438.csv,1,1,0,0
fit:06ab469a75256944c36383c4817288da1db87343fd8245e2c210fa0583dba5c2,2025-10-11T08:28:36+00:00,1296,319,169,75,3.573,132.0,18,fit:06ab469a75256944c36383c4817288da1db87343fd8245e2c210fa0583dba5c2:segment:003,3,8037.0,7787,activities/049_251011081438.csv,1,1,0,0
fit:06ab469a75256944c36383c4817288da1db87343fd8245e2c210fa0583dba5c2,2025-10-11T08:28:37+00:00,1297,310,169,75,3.406,132.0,18,fit:06ab469a75256944c36383c4817288da1db87343fd8245e2c210fa0583dba5c2:segment:003,3,8038.0,7788,activities/049_251011081438.csv,1,1,0,0
fit:06ab469a75256944c36383c4817288da1db87343fd8245e2c210fa0583dba5c2,2025-10-11T08:28:38+00:00,1298,308,169,74,3.504,132.0,18,fit:06ab469a75256944c36383c4817288da1db87343fd8245e2c210fa0583dba5c2:segment:003,3,8039.0,7789,activities/049_251011081438.csv,1,1,0,0
fit:06ab469a75256944c36383c4817288da1db87343fd8245e2c210fa0583dba5c2,2025-10-11T08:28:39+00:00,1299,253,169,76,3.565,132.0,18,fit:06ab469a75256944c36383c4817288da1db87343fd8245e2c210fa0583dba5c2:segment:003,3,8040.0,7790,activities/049_251011081438.csv,1,1,0,0
fit:06ab469a75256944c36383c4817288da1db87343fd8245e2c210fa0583dba5c2,2025-10-11T08:28:40+00:00,1300,310,169,77,3.586,132.79999999999995,18,fit:06ab469a75256944c36383c4817288da1db87343fd8245e2c210fa0583dba5c2:segment:003,3,8041.0,7791,activities/049_251011081438.csv,1,1,0,0
fit:06ab469a75256944c36383c4817288da1db87343fd8245e2c210fa0583dba5c2,2025-10-11T08:28:41+00:00,1301,318,169,77,3.314,132.79999999999995,18,fit:06ab469a75256944c36383c4817288da1db87343fd8245e2c210fa0583dba5c2:segment:003,3,8042.0,7792,activities/049_251011081438.csv,1,1,0,0
fit:06ab469a75256944c36383c4817288da1db87343fd8245e2c210fa0583dba5c2,2025-10-11T08:28:42+00:00,1302,311,169,76,3.187,132.79999999999995,18,fit:06ab469a75256944c36383c4817288da1db87343fd8245e2c210fa0583dba5c2:segment:003,3,8043.0,7793,activities/049_251011081438.csv,1,1,0,0
fit:06ab469a75256944c36383c4817288da1db87343fd8245e2c210fa0583dba5c2,2025-10-11T08:28:43+00:00,1303,282,169,76,3.105,133.79999999999995,18,fit:06ab469a75256944c36383c4817288da1db87343fd8245e2c210fa0583dba5c2:segment:003,3,8044.0,7794,activities/049_251011081438.csv,1,1,0,0
fit:06ab469a75256944c36383c4817288da1db87343fd8245e2c210fa0583dba5c2,2025-10-11T08:28:44+00:00,1304,309,169,76,3.249,134.39999999999998,18,fit:06ab469a75256944c36383c4817288da1db87343fd8245e2c210fa0583dba5c2:segment:003,3,8045.0,7795,activities/049_251011081438.csv,1,1,0,0
fit:06ab469a75256944c36383c4817288da1db87343fd8245e2c210fa0583dba5c2,2025-10-11T08:28:45+00:00,1305,309,169,75,3.14,134.39999999999998,18,fit:06ab469a75256944c36383c4817288da1db87343fd8245e2c210fa0583dba5c2:segment:003,3,8046.0,7796,activities/049_251011081438.csv,1,1,0,0
fit:06ab469a75256944c36383c4817288da1db87343fd8245e2c210fa0583dba5c2,2025-10-11T08:28:46+00:00,1306,346,168,75,3.229,134.39999999999998,18,fit:06ab469a75256944c36383c4817288da1db87343fd8245e2c210fa0583dba5c2:segment:003,3,8047.0,7797,activities/049_251011081438.csv,1,1,0,0
fit:06ab469a75256944c36383c4817288da1db87343fd8245e2c210fa0583dba5c2,2025-10-11T08:28:47+00:00,1307,331,168,76,3.378,134.79999999999995,18,fit:06ab469a75256944c36383c4817288da1db87343fd8245e2c210fa0583dba5c2:segment:003,3,8048.0,7798,activities/049_251011081438.csv,1,1,0,0
fit:06ab469a75256944c36383c4817288da1db87343fd8245e2c210fa0583dba5c2,2025-10-11T08:28:48+00:00,1308,335,169,80,2.934,135.20000000000005,18,fit:06ab469a75256944c36383c4817288da1db87343fd8245e2c210fa0583dba5c2:segment:003,3,8049.0,7799,activities/049_251011081438.csv,1,1,0,0
fit:06ab469a75256944c36383c4817288da1db87343fd8245e2c210fa0583dba5c2,2025-10-11T08:28:49+00:00,1309,292,169,79,3.177,135.20000000000005,18,fit:06ab469a75256944c36383c4817288da1db87343fd8245e2c210fa0583dba5c2:segment:003,3,8050.0,7800,activities/049_251011081438.csv,1,1,0,0
fit:06ab469a75256944c36383c4817288da1db87343fd8245e2c210fa0583dba5c2,2025-10-11T08:28:50+00:00,1310,280,169,76,3.229,135.20000000000005,18,fit:06ab469a75256944c36383c4817288da1db87343fd8245e2c210fa0583dba5c2:segment:003,3,8051.0,7801,activities/049_251011081438.csv,1,1,0,0
fit:06ab469a75256944c36383c4817288da1db87343fd8245e2c210fa0583dba5c2,2025-10-11T08:28:51+00:00,1311,254,169,76,3.27,135.79999999999995,18,fit:06ab469a75256944c36383c4817288da1db87343fd8245e2c210fa0583dba5c2:segment:003,3,8052.0,7802,activities/049_251011081438.csv,1,1,0,0
fit:06ab469a75256944c36383c4817288da1db87343fd8245e2c210fa0583dba5c2,2025-10-11T08:28:52+00:00,1312,404,169,75,3.243,136.39999999999998,18,fit:06ab469a75256944c36383c4817288da1db87343fd8245e2c210fa0583dba5c2:segment:003,3,8053.0,7803,activities/049_251011081438.csv,1,1,0,0
fit:06ab469a75256944c36383c4817288da1db87343fd8245e2c210fa0583dba5c2,2025-10-11T08:28:53+00:00,1313,404,170,77,3.265,136.39999999999998,18,fit:06ab469a75256944c36383c4817288da1db87343fd8245e2c210fa0583dba5c2:segment:003,3,8054.0,7804,activities/049_251011081438.csv,1,1,0,0
fit:06ab469a75256944c36383c4817288da1db87343fd8245e2c210fa0583dba5c2,2025-10-11T08:28:54+00:00,1314,324,170,78,3.29,136.39999999999998,18,fit:06ab469a75256944c36383c4817288da1db87343fd8245e2c210fa0583dba5c2:segment:003,3,8055.0,7805,activities/049_251011081438.csv,1,1,0,0
fit:06ab469a75256944c36383c4817288da1db87343fd8245e2c210fa0583dba5c2,2025-10-11T08:28:55+00:00,1315,352,170,77,3.359,137.20000000000005,18,fit:06ab469a75256944c36383c4817288da1db87343fd8245e2c210fa0583dba5c2:segment:003,3,8056.0,7806,activities/049_251011081438.csv,1,1,0,0
fit:06ab469a75256944c36383c4817288da1db87343fd8245e2c210fa0583dba5c2,2025-10-11T08:28:56+00:00,1316,277,170,76,3.364,137.39999999999998,18,fit:06ab469a75256944c36383c4817288da1db87343fd8245e2c210fa0583dba5c2:segment:003,3,8057.0,7807,activities/049_251011081438.csv,1,1,0,0
fit:06ab469a75256944c36383c4817288da1db87343fd8245e2c210fa0583dba5c2,2025-10-11T08:28:57+00:00,1317,313,170,77,3.348,137.39999999999998,18,fit:06ab469a75256944c36383c4817288da1db87343fd8245e2c210fa0583dba5c2:segment:003,3,8058.0,7808,activities/049_251011081438.csv,1,1,0,0
fit:06ab469a75256944c36383c4817288da1db87343fd8245e2c210fa0583dba5c2,2025-10-11T08:28:58+00:00,1318,341,171,76,3.48,137.39999999999998,18,fit:06ab469a75256944c36383c4817288da1db87343fd8245e2c210fa0583dba5c2:segment:003,3,8059.0,7809,activities/049_251011081438.csv,1,1,0,0
fit:06ab469a75256944c36383c4817288da1db87343fd8245e2c210fa0583dba5c2,2025-10-11T08:28:59+00:00,1319,281,172,76,3.384,138.39999999999998,18,fit:06ab469a75256944c36383c4817288da1db87343fd8245e2c210fa0583dba5c2:segment:003,3,8060.0,7810,activities/049_251011081438.csv,1,1,0,0
fit:06ab469a75256944c36383c4817288da1db87343fd8245e2c210fa0583dba5c2,2025-10-11T08:29:00+00:00,1320,297,172,76,3.324,138.60000000000002,18,fit:06ab469a75256944c36383c4817288da1db87343fd8245e2c210fa0583dba5c2:segment:003,3,8061.0,7811,activities/049_251011081438.csv,1,1,0,0
fit:06ab469a75256944c36383c4817288da1db87343fd8245e2c210fa0583dba5c2,2025-10-11T08:29:01+00:00,1321,321,173,76,3.432,138.60000000000002,18,fit:06ab469a75256944c36383c4817288da1db87343fd8245e2c210fa0583dba5c2:segment:003,3,8062.0,7812,activities/049_251011081438.csv,1,1,0,0
fit:06ab469a75256944c36383c4817288da1db87343fd8245e2c210fa0583dba5c2,2025-10-11T08:29:02+00:00,1322,361,173,75,3.44,138.60000000000002,18,fit:06ab469a75256944c36383c4817288da1db87343fd8245e2c210fa0583dba5c2:segment:003,3,8063.0,7813,activities/049_251011081438.csv,1,1,0,0
fit:06ab469a75256944c36383c4817288da1db87343fd8245e2c210fa0583dba5c2,2025-10-11T08:29:03+00:00,1323,279,173,74,3.364,139.60000000000002,18,fit:06ab469a75256944c36383c4817288da1db87343fd8245e2c210fa0583dba5c2:segment:003,3,8064.0,7814,activities/049_251011081438.csv,1,1,0,0
fit:06ab469a75256944c36383c4817288da1db87343fd8245e2c210fa0583dba5c2,2025-10-11T08:29:04+00:00,1324,271,174,72,3.2,140.20000000000005,18,fit:06ab469a75256944c36383c4817288da1db87343fd8245e2c210fa0583dba5c2:segment:003,3,8065.0,7815,activities/049_251011081438.csv,1,1,0,0
fit:06ab469a75256944c36383c4817288da1db87343fd8245e2c210fa0583dba5c2,2025-10-11T08:29:05+00:00,1325,281,174,70,3.171,140.20000000000005,18,fit:06ab469a75256944c36383c4817288da1db87343fd8245e2c210fa0583dba5c2:segment:003,3,8066.0,7816,activities/049_251011081438.csv,1,1,0,0
fit:06ab469a75256944c36383c4817288da1db87343fd8245e2c210fa0583dba5c2,2025-10-11T08:29:06+00:00,1326,264,174,69,3.023,140.20000000000005,18,fit:06ab469a75256944c36383c4817288da1db87343fd8245e2c210fa0583dba5c2:segment:003,3,8067.0,7817,activities/049_251011081438.csv,1,1,0,0
fit:06ab469a75256944c36383c4817288da1db87343fd8245e2c210fa0583dba5c2,2025-10-11T08:29:07+00:00,1327,316,174,69,2.99,141.20000000000005,18,fit:06ab469a75256944c36383c4817288da1db87343fd8245e2c210fa0583dba5c2:segment:003,3,8068.0,7818,activities/049_251011081438.csv,1,1,0,0
fit:06ab469a75256944c36383c4817288da1db87343fd8245e2c210fa0583dba5c2,2025-10-11T08:29:08+00:00,1328,280,175,70,2.977,141.60000000000002,18,fit:06ab469a75256944c36383c4817288da1db87343fd8245e2c210fa0583dba5c2:segment:003,3,8069.0,7819,activities/049_251011081438.csv,1,1,0,0
fit:06ab469a75256944c36383c4817288da1db87343fd8245e2c210fa0583dba5c2,2025-10-11T08:29:09+00:00,1329,304,175,71,3.274,141.60000000000002,18,fit:06ab469a75256944c36383c4817288da1db87343fd8245e2c210fa0583dba5c2:segment:003,3,8070.0,7820,activities/049_251011081438.csv,1,1,0,0
fit:06ab469a75256944c36383c4817288da1db87343fd8245e2c210fa0583dba5c2,2025-10-11T08:29:10+00:00,1330,279,175,71,3.022,141.60000000000002,18,fit:06ab469a75256944c36383c4817288da1db87343fd8245e2c210fa0583dba5c2:segment:003,3,8071.0,7821,activities/049_251011081438.csv,1,1,0,0
fit:06ab469a75256944c36383c4817288da1db87343fd8245e2c210fa0583dba5c2,2025-10-11T08:29:11+00:00,1331,258,175,70,2.643,142.60000000000002,18,fit:06ab469a75256944c36383c4817288da1db87343fd8245e2c210fa0583dba5c2:segment:003,3,8072.0,7822,activities/049_251011081438.csv,1,1,0,0
fit:06ab469a75256944c36383c4817288da1db87343fd8245e2c210fa0583dba5c2,2025-10-11T08:29:12+00:00,1332,249,175,68,2.709,142.60000000000002,18,fit:06ab469a75256944c36383c4817288da1db87343fd8245e2c210fa0583dba5c2:segment:003,3,8073.0,7823,activities/049_251011081438.csv,1,1,0,0
fit:06ab469a75256944c36383c4817288da1db87343fd8245e2c210fa0583dba5c2,2025-10-11T08:29:13+00:00,1333,338,174,69,2.781,142.60000000000002,18,fit:06ab469a75256944c36383c4817288da1db87343fd8245e2c210fa0583dba5c2:segment:003,3,8074.0,7824,activities/049_251011081438.csv,1,1,0,0
fit:06ab469a75256944c36383c4817288da1db87343fd8245e2c210fa0583dba5c2,2025-10-11T08:29:14+00:00,1334,297,174,71,2.754,142.60000000000002,18,fit:06ab469a75256944c36383c4817288da1db87343fd8245e2c210fa0583dba5c2:segment:003,3,8075.0,7825,activities/049_251011081438.csv,1,1,0,0
fit:06ab469a75256944c36383c4817288da1db87343fd8245e2c210fa0583dba5c2,2025-10-11T08:29:15+00:00,1335,285,174,71,2.559,143.60000000000002,18,fit:06ab469a75256944c36383c4817288da1db87343fd8245e2c210fa0583dba5c2:segment:003,3,8076.0,7826,activities/049_251011081438.csv,1,1,0,0
fit:06ab469a75256944c36383c4817288da1db87343fd8245e2c210fa0583dba5c2,2025-10-11T08:29:16+00:00,1336,303,174,72,2.791,144.0,18,fit:06ab469a75256944c36383c4817288da1db87343fd8245e2c210fa0583dba5c2:segment:003,3,8077.0,7827,activities/049_251011081438.csv,1,1,0,0
fit:06ab469a75256944c36383c4817288da1db87343fd8245e2c210fa0583dba5c2,2025-10-11T08:29:17+00:00,1337,303,174,72,2.961,144.0,18,fit:06ab469a75256944c36383c4817288da1db87343fd8245e2c210fa0583dba5c2:segment:003,3,8078.0,7828,activities/049_251011081438.csv,1,1,0,0
fit:06ab469a75256944c36383c4817288da1db87343fd8245e2c210fa0583dba5c2,2025-10-11T08:29:18+00:00,1338,275,174,71,3.004,144.0,18,fit:06ab469a75256944c36383c4817288da1db87343fd8245e2c210fa0583dba5c2:segment:003,3,8079.0,7829,activities/049_251011081438.csv,1,1,0,0
fit:06ab469a75256944c36383c4817288da1db87343fd8245e2c210fa0583dba5c2,2025-10-11T08:29:19+00:00,1339,298,175,70,2.713,145.0,18,fit:06ab469a75256944c36383c4817288da1db87343fd8245e2c210fa0583dba5c2:segment:003,3,8080.0,7830,activities/049_251011081438.csv,1,1,0,0
fit:06ab469a75256944c36383c4817288da1db87343fd8245e2c210fa0583dba5c2,2025-10-11T08:29:20+00:00,1340,292,175,68,2.713,145.20000000000005,18,fit:06ab469a75256944c36383c4817288da1db87343fd8245e2c210fa0583dba5c2:segment:003,3,8081.0,7831,activities/049_251011081438.csv,1,1,0,0
fit:06ab469a75256944c36383c4817288da1db87343fd8245e2c210fa0583dba5c2,2025-10-11T08:29:21+00:00,1341,387,175,68,2.525,145.20000000000005,18,fit:06ab469a75256944c36383c4817288da1db87343fd8245e2c210fa0583dba5c2:segment:003,3,8082.0,7832,activities/049_251011081438.csv,1,1,0,0
fit:06ab469a75256944c36383c4817288da1db87343fd8245e2c210fa0583dba5c2,2025-10-11T08:29:22+00:00,1342,318,175,71,2.872,145.20000000000005,18,fit:06ab469a75256944c36383c4817288da1db87343fd8245e2c210fa0583dba5c2:segment:003,3,8083.0,7833,activities/049_251011081438.csv,1,1,0,0
fit:06ab469a75256944c36383c4817288da1db87343fd8245e2c210fa0583dba5c2,2025-10-11T08:29:23+00:00,1343,318,175,73,3.07,146.20000000000005,18,fit:06ab469a75256944c36383c4817288da1db87343fd8245e2c210fa0583dba5c2:segment:003,3,8084.0,7834,activities/049_251011081438.csv,1,1,0,0
fit:06ab469a75256944c36383c4817288da1db87343fd8245e2c210fa0583dba5c2,2025-10-11T08:29:24+00:00,1344,315,175,72,3.097,146.0,18,fit:06ab469a75256944c36383c4817288da1db87343fd8245e2c210fa0583dba5c2:segment:003,3,8085.0,7835,activities/049_251011081438.csv,1,1,0,0
fit:06ab469a75256944c36383c4817288da1db87343fd8245e2c210fa0583dba5c2,2025-10-11T08:29:25+00:00,1345,325,175,72,3.039,146.0,18,fit:06ab469a75256944c36383c4817288da1db87343fd8245e2c210fa0583dba5c2:segment:003,3,8086.0,7836,activities/049_251011081438.csv,1,1,0,0
fit:06ab469a75256944c36383c4817288da1db87343fd8245e2c210fa0583dba5c2,2025-10-11T08:29:26+00:00,1346,317,174,73,2.876,146.0,18,fit:06ab469a75256944c36383c4817288da1db87343fd8245e2c210fa0583dba5c2:segment:003,3,8087.0,7837,activities/049_251011081438.csv,1,1,0,0
fit:06ab469a75256944c36383c4817288da1db87343fd8245e2c210fa0583dba5c2,2025-10-11T08:29:27+00:00,1347,286,174,72,3.16,147.0,18,fit:06ab469a75256944c36383c4817288da1db87343fd8245e2c210fa0583dba5c2:segment:003,3,8088.0,7838,activities/049_251011081438.csv,1,1,0,0
fit:06ab469a75256944c36383c4817288da1db87343fd8245e2c210fa0583dba5c2,2025-10-11T08:29:28+00:00,1348,290,174,71,3.272,147.39999999999998,18,fit:06ab469a75256944c36383c4817288da1db87343fd8245e2c210fa0583dba5c2:segment:003,3,8089.0,7839,activities/049_251011081438.csv,1,1,0,0
fit:06ab469a75256944c36383c4817288da1db87343fd8245e2c210fa0583dba5c2,2025-10-11T08:29:29+00:00,1349,290,174,71,2.88,147.39999999999998,18,fit:06ab469a75256944c36383c4817288da1db87343fd8245e2c210fa0583dba5c2:segment:003,3,8090.0,7840,activities/049_251011081438.csv,1,1,0,0
fit:06ab469a75256944c36383c4817288da1db87343fd8245e2c210fa0583dba5c2,2025-10-11T08:29:30+00:00,1350,344,173,72,2.889,147.39999999999998,18,fit:06ab469a75256944c36383c4817288da1db87343fd8245e2c210fa0583dba5c2:segment:003,3,8091.0,7841,activities/049_251011081438.csv,1,1,0,0
fit:06ab469a75256944c36383c4817288da1db87343fd8245e2c210fa0583dba5c2,2025-10-11T08:29:31+00:00,1351,292,173,73,2.768,147.39999999999998,18,fit:06ab469a75256944c36383c4817288da1db87343fd8245e2c210fa0583dba5c2:segment:003,3,8092.0,7842,activities/049_251011081438.csv,1,1,0,0
fit:06ab469a75256944c36383c4817288da1db87343fd8245e2c210fa0583dba5c2,2025-10-11T08:29:32+00:00,1352,289,173,74,2.403,148.0,18,fit:06ab469a75256944c36383c4817288da1db87343fd8245e2c210fa0583dba5c2:segment:003,3,8093.0,7843,activities/049_251011081438.csv,1,1,0,0
fit:06ab469a75256944c36383c4817288da1db87343fd8245e2c210fa0583dba5c2,2025-10-11T08:29:33+00:00,1353,304,173,74,2.64,148.0,18,fit:06ab469a75256944c36383c4817288da1db87343fd8245e2c210fa0583dba5c2:segment:003,3,8094.0,7844,activities/049_251011081438.csv,1,1,0,0
fit:06ab469a75256944c36383c4817288da1db87343fd8245e2c210fa0583dba5c2,2025-10-11T08:29:34+00:00,1354,305,173,74,2.676,148.0,18,fit:06ab469a75256944c36383c4817288da1db87343fd8245e2c210fa0583dba5c2:segment:003,3,8095.0,7845,activities/049_251011081438.csv,1,1,0,0
fit:06ab469a75256944c36383c4817288da1db87343fd8245e2c210fa0583dba5c2,2025-10-11T08:29:35+00:00,1355,304,173,73,2.83,149.0,18,fit:06ab469a75256944c36383c4817288da1db87343fd8245e2c210fa0583dba5c2:segment:003,3,8096.0,7846,activities/049_251011081438.csv,1,1,0,0
fit:06ab469a75256944c36383c4817288da1db87343fd8245e2c210fa0583dba5c2,2025-10-11T08:29:36+00:00,1356,325,173,72,2.591,149.60000000000002,18,fit:06ab469a75256944c36383c4817288da1db87343fd8245e2c210fa0583dba5c2:segment:003,3,8097.0,7847,activities/049_251011081438.csv,1,1,0,0
fit:06ab469a75256944c36383c4817288da1db87343fd8245e2c210fa0583dba5c2,2025-10-11T08:29:37+00:00,1357,294,173,70,2.752,149.60000000000002,18,fit:06ab469a75256944c36383c4817288da1db87343fd8245e2c210fa0583dba5c2:segment:003,3,8098.0,7848,activities/049_251011081438.csv,1,1,0,0
fit:06ab469a75256944c36383c4817288da1db87343fd8245e2c210fa0583dba5c2,2025-10-11T08:29:38+00:00,1358,309,173,69,2.968,149.60000000000002,18,fit:06ab469a75256944c36383c4817288da1db87343fd8245e2c210fa0583dba5c2:segment:003,3,8099.0,7849,activities/049_251011081438.csv,1,1,0,0
fit:06ab469a75256944c36383c4817288da1db87343fd8245e2c210fa0583dba5c2,2025-10-11T08:29:39+00:00,1359,325,173,71,3.093,150.60000000000002,18,fit:06ab469a75256944c36383c4817288da1db87343fd8245e2c210fa0583dba5c2:segment:003,3,8100.0,7850,activities/049_251011081438.csv,1,1,0,0
fit:06ab469a75256944c36383c4817288da1db87343fd8245e2c210fa0583dba5c2,2025-10-11T08:29:40+00:00,1360,300,173,71,2.883,150.60000000000002,18,fit:06ab469a75256944c36383c4817288da1db87343fd8245e2c210fa0583dba5c2:segment:003,3,8101.0,7851,activities/049_251011081438.csv,1,1,0,0
fit:06ab469a75256944c36383c4817288da1db87343fd8245e2c210fa0583dba5c2,2025-10-11T08:29:41+00:00,1361,309,173,72,2.331,150.60000000000002,18,fit:06ab469a75256944c36383c4817288da1db87343fd8245e2c210fa0583dba5c2:segment:003,3,8102.0,7852,activities/049_251011081438.csv,1,1,0,0
fit:06ab469a75256944c36383c4817288da1db87343fd8245e2c210fa0583dba5c2,2025-10-11T08:29:42+00:00,1362,295,173,74,2.549,150.60000000000002,18,fit:06ab469a75256944c36383c4817288da1db87343fd8245e2c210fa0583dba5c2:segment:003,3,8103.0,7853,activities/049_251011081438.csv,1,1,0,0
fit:06ab469a75256944c36383c4817288da1db87343fd8245e2c210fa0583dba5c2,2025-10-11T08:29:43+00:00,1363,280,173,75,3.165,151.60000000000002,18,fit:06ab469a75256944c36383c4817288da1db87343fd8245e2c210fa0583dba5c2:segment:003,3,8104.0,7854,activities/049_251011081438.csv,1,1,0,0
fit:06ab469a75256944c36383c4817288da1db87343fd8245e2c210fa0583dba5c2,2025-10-11T08:29:44+00:00,1364,274,173,77,3.313,151.79999999999995,18,fit:06ab469a75256944c36383c4817288da1db87343fd8245e2c210fa0583dba5c2:segment:003,3,8105.0,7855,activities/049_251011081438.csv,1,1,0,0
fit:06ab469a75256944c36383c4817288da1db87343fd8245e2c210fa0583dba5c2,2025-10-11T08:29:45+00:00,1365,260,172,77,3.335,151.79999999999995,18,fit:06ab469a75256944c36383c4817288da1db87343fd8245e2c210fa0583dba5c2:segment:003,3,8106.0,7856,activities/049_251011081438.csv,1,1,0,0
fit:06ab469a75256944c36383c4817288da1db87343fd8245e2c210fa0583dba5c2,2025-10-11T08:29:46+00:00,1366,284,172,75,3.248,151.79999999999995,18,fit:06ab469a75256944c36383c4817288da1db87343fd8245e2c210fa0583dba5c2:segment:003,3,8107.0,7857,activities/049_251011081438.csv,1,1,0,0
fit:06ab469a75256944c36383c4817288da1db87343fd8245e2c210fa0583dba5c2,2025-10-11T08:29:47+00:00,1367,310,172,73,3.07,152.79999999999995,18,fit:06ab469a75256944c36383c4817288da1db87343fd8245e2c210fa0583dba5c2:segment:003,3,8108.0,7858,activities/049_251011081438.csv,1,1,0,0
fit:06ab469a75256944c36383c4817288da1db87343fd8245e2c210fa0583dba5c2,2025-10-11T08:29:48+00:00,1368,259,172,73,3.271,153.0,18,fit:06ab469a75256944c36383c4817288da1db87343fd8245e2c210fa0583dba5c2:segment:003,3,8109.0,7859,activities/049_251011081438.csv,1,1,0,0
fit:06ab469a75256944c36383c4817288da1db87343fd8245e2c210fa0583dba5c2,2025-10-11T08:29:49+00:00,1369,283,172,71,3.298,153.0,18,fit:06ab469a75256944c36383c4817288da1db87343fd8245e2c210fa0583dba5c2:segment:003,3,8110.0,7860,activities/049_251011081438.csv,1,1,0,0
fit:06ab469a75256944c36383c4817288da1db87343fd8245e2c210fa0583dba5c2,2025-10-11T08:29:50+00:00,1370,328,172,71,3.406,153.0,18,fit:06ab469a75256944c36383c4817288da1db87343fd8245e2c210fa0583dba5c2:segment:003,3,8111.0,7861,activities/049_251011081438.csv,1,1,0,0
fit:06ab469a75256944c36383c4817288da1db87343fd8245e2c210fa0583dba5c2,2025-10-11T08:29:51+00:00,1371,276,172,71,3.471,153.60000000000002,18,fit:06ab469a75256944c36383c4817288da1db87343fd8245e2c210fa0583dba5c2:segment:003,3,8112.0,7862,activities/049_251011081438.csv,1,1,0,0
fit:06ab469a75256944c36383c4817288da1db87343fd8245e2c210fa0583dba5c2,2025-10-11T08:29:52+00:00,1372,303,172,70,3.337,154.20000000000005,18,fit:06ab469a75256944c36383c4817288da1db87343fd8245e2c210fa0583dba5c2:segment:003,3,8113.0,7863,activities/049_251011081438.csv,1,1,0,0
fit:06ab469a75256944c36383c4817288da1db87343fd8245e2c210fa0583dba5c2,2025-10-11T08:29:53+00:00,1373,312,172,70,3.356,154.20000000000005,18,fit:06ab469a75256944c36383c4817288da1db87343fd8245e2c210fa0583dba5c2:segment:003,3,8114.0,7864,activities/049_251011081438.csv,1,1,0,0
fit:06ab469a75256944c36383c4817288da1db87343fd8245e2c210fa0583dba5c2,2025-10-11T08:29:54+00:00,1374,314,173,68,3.134,154.20000000000005,18,fit:06ab469a75256944c36383c4817288da1db87343fd8245e2c210fa0583dba5c2:segment:003,3,8115.0,7865,activities/049_251011081438.csv,1,1,0,0
fit:06ab469a75256944c36383c4817288da1db87343fd8245e2c210fa0583dba5c2,2025-10-11T08:29:55+00:00,1375,321,173,67,3.323,155.20000000000005,18,fit:06ab469a75256944c36383c4817288da1db87343fd8245e2c210fa0583dba5c2:segment:003,3,8116.0,7866,activities/049_251011081438.csv,1,1,0,0
fit:06ab469a75256944c36383c4817288da1db87343fd8245e2c210fa0583dba5c2,2025-10-11T08:29:56+00:00,1376,331,173,67,3.224,155.0,18,fit:06ab469a75256944c36383c4817288da1db87343fd8245e2c210fa0583dba5c2:segment:003,3,8117.0,7867,activities/049_251011081438.csv,1,1,0,0
fit:06ab469a75256944c36383c4817288da1db87343fd8245e2c210fa0583dba5c2,2025-10-11T08:29:57+00:00,1377,332,173,68,3.023,155.0,18,fit:06ab469a75256944c36383c4817288da1db87343fd8245e2c210fa0583dba5c2:segment:003,3,8118.0,7868,activities/049_251011081438.csv,1,1,0,0
fit:06ab469a75256944c36383c4817288da1db87343fd8245e2c210fa0583dba5c2,2025-10-11T08:29:58+00:00,1378,297,173,70,2.814,155.0,18,fit:06ab469a75256944c36383c4817288da1db87343fd8245e2c210fa0583dba5c2:segment:003,3,8119.0,7869,activities/049_251011081438.csv,1,1,0,0
fit:06ab469a75256944c36383c4817288da1db87343fd8245e2c210fa0583dba5c2,2025-10-11T08:29:59+00:00,1379,334,172,73,3.091,156.0,18,fit:06ab469a75256944c36383c4817288da1db87343fd8245e2c210fa0583dba5c2:segment:003,3,8120.0,7870,activities/049_251011081438.csv,1,1,0,0
fit:06ab469a75256944c36383c4817288da1db87343fd8245e2c210fa0583dba5c2,2025-10-11T08:30:00+00:00,1380,302,172,74,3.305,157.20000000000005,18,fit:06ab469a75256944c36383c4817288da1db87343fd8245e2c210fa0583dba5c2:segment:003,3,8121.0,7871,activities/049_251011081438.csv,1,1,0,0
fit:06ab469a75256944c36383c4817288da1db87343fd8245e2c210fa0583dba5c2,2025-10-11T08:30:01+00:00,1381,304,172,76,3.434,157.20000000000005,18,fit:06ab469a75256944c36383c4817288da1db87343fd8245e2c210fa0583dba5c2:segment:003,3,8122.0,7872,activities/049_251011081438.csv,1,1,0,0
fit:06ab469a75256944c36383c4817288da1db87343fd8245e2c210fa0583dba5c2,2025-10-11T08:30:02+00:00,1382,301,172,76,3.481,157.20000000000005,18,fit:06ab469a75256944c36383c4817288da1db87343fd8245e2c210fa0583dba5c2:segment:003,3,8123.0,7873,activities/049_251011081438.csv,1,1,0,0
fit:06ab469a75256944c36383c4817288da1db87343fd8245e2c210fa0583dba5c2,2025-10-11T08:30:03+00:00,1383,301,172,80,3.615,157.20000000000005,18,fit:06ab469a75256944c36383c4817288da1db87343fd8245e2c210fa0583dba5c2:segment:003,3,8124.0,7874,activities/049_251011081438.csv,1,1,0,0
fit:06ab469a75256944c36383c4817288da1db87343fd8245e2c210fa0583dba5c2,2025-10-11T08:30:04+00:00,1384,244,172,81,3.74,158.0,18,fit:06ab469a75256944c36383c4817288da1db87343fd8245e2c210fa0583dba5c2:segment:003,3,8125.0,7875,activities/049_251011081438.csv,1,1,0,0
fit:06ab469a75256944c36383c4817288da1db87343fd8245e2c210fa0583dba5c2,2025-10-11T08:30:05+00:00,1385,287,172,80,3.692,158.0,18,fit:06ab469a75256944c36383c4817288da1db87343fd8245e2c210fa0583dba5c2:segment:003,3,8126.0,7876,activities/049_251011081438.csv,1,1,0,0
fit:06ab469a75256944c36383c4817288da1db87343fd8245e2c210fa0583dba5c2,2025-10-11T08:30:06+00:00,1386,305,172,78,3.597,158.0,18,fit:06ab469a75256944c36383c4817288da1db87343fd8245e2c210fa0583dba5c2:segment:003,3,8127.0,7877,activities/049_251011081438.csv,1,1,0,0
fit:06ab469a75256944c36383c4817288da1db87343fd8245e2c210fa0583dba5c2,2025-10-11T08:30:07+00:00,1387,309,172,77,3.596,158.0,18,fit:06ab469a75256944c36383c4817288da1db87343fd8245e2c210fa0583dba5c2:segment:003,3,8128.0,7878,activities/049_251011081438.csv,1,1,0,0
fit:06ab469a75256944c36383c4817288da1db87343fd8245e2c210fa0583dba5c2,2025-10-11T08:30:08+00:00,1388,298,172,77,3.403,159.0,18,fit:06ab469a75256944c36383c4817288da1db87343fd8245e2c210fa0583dba5c2:segment:003,3,8129.0,7879,activities/049_251011081438.csv,1,1,0,0
fit:06ab469a75256944c36383c4817288da1db87343fd8245e2c210fa0583dba5c2,2025-10-11T08:30:09+00:00,1389,308,172,77,3.426,159.0,18,fit:06ab469a75256944c36383c4817288da1db87343fd8245e2c210fa0583dba5c2:segment:003,3,8130.0,7880,activities/049_251011081438.csv,1,1,0,0
fit:06ab469a75256944c36383c4817288da1db87343fd8245e2c210fa0583dba5c2,2025-10-11T08:30:10+00:00,1390,309,173,77,3.409,159.0,18,fit:06ab469a75256944c36383c4817288da1db87343fd8245e2c210fa0583dba5c2:segment:003,3,8131.0,7881,activities/049_251011081438.csv,1,1,0,0
fit:06ab469a75256944c36383c4817288da1db87343fd8245e2c210fa0583dba5c2,2025-10-11T08:30:11+00:00,1391,295,172,77,3.378,159.79999999999995,18,fit:06ab469a75256944c36383c4817288da1db87343fd8245e2c210fa0583dba5c2:segment:003,3,8132.0,7882,activities/049_251011081438.csv,1,1,0,0
fit:06ab469a75256944c36383c4817288da1db87343fd8245e2c210fa0583dba5c2,2025-10-11T08:30:12+00:00,1392,239,172,76,3.307,160.20000000000005,18,fit:06ab469a75256944c36383c4817288da1db87343fd8245e2c210fa0583dba5c2:segment:003,3,8133.0,7883,activities/049_251011081438.csv,1,1,0,0
fit:06ab469a75256944c36383c4817288da1db87343fd8245e2c210fa0583dba5c2,2025-10-11T08:30:13+00:00,1393,239,172,75,3.417,160.20000000000005,18,fit:06ab469a75256944c36383c4817288da1db87343fd8245e2c210fa0583dba5c2:segment:003,3,8134.0,7884,activities/049_251011081438.csv,1,1,0,0
fit:06ab469a75256944c36383c4817288da1db87343fd8245e2c210fa0583dba5c2,2025-10-11T08:30:14+00:00,1394,341,172,74,3.358,160.20000000000005,18,fit:06ab469a75256944c36383c4817288da1db87343fd8245e2c210fa0583dba5c2:segment:003,3,8135.0,7885,activities/049_251011081438.csv,1,1,0,0
fit:06ab469a75256944c36383c4817288da1db87343fd8245e2c210fa0583dba5c2,2025-10-11T08:30:15+00:00,1395,283,172,75,3.223,161.0,18,fit:06ab469a75256944c36383c4817288da1db87343fd8245e2c210fa0583dba5c2:segment:003,3,8136.0,7886,activities/049_251011081438.csv,1,1,0,0
fit:06ab469a75256944c36383c4817288da1db87343fd8245e2c210fa0583dba5c2,2025-10-11T08:30:16+00:00,1396,256,172,75,3.046,161.0,18,fit:06ab469a75256944c36383c4817288da1db87343fd8245e2c210fa0583dba5c2:segment:003,3,8137.0,7887,activities/049_251011081438.csv,1,1,0,0
fit:06ab469a75256944c36383c4817288da1db87343fd8245e2c210fa0583dba5c2,2025-10-11T08:30:17+00:00,1397,283,171,74,3.318,161.0,18,fit:06ab469a75256944c36383c4817288da1db87343fd8245e2c210fa0583dba5c2:segment:003,3,8138.0,7888,activities/049_251011081438.csv,1,1,0,0
fit:06ab469a75256944c36383c4817288da1db87343fd8245e2c210fa0583dba5c2,2025-10-11T08:30:18+00:00,1398,283,171,73,3.349,161.0,18,fit:06ab469a75256944c36383c4817288da1db87343fd8245e2c210fa0583dba5c2:segment:003,3,8139.0,7889,activities/049_251011081438.csv,1,1,0,0
fit:06ab469a75256944c36383c4817288da1db87343fd8245e2c210fa0583dba5c2,2025-10-11T08:30:19+00:00,1399,270,171,73,3.268,161.79999999999995,18,fit:06ab469a75256944c36383c4817288da1db87343fd8245e2c210fa0583dba5c2:segment:003,3,8140.0,7890,activities/049_251011081438.csv,1,1,0,0
fit:06ab469a75256944c36383c4817288da1db87343fd8245e2c210fa0583dba5c2,2025-10-11T08:30:20+00:00,1400,300,171,73,3.188,162.39999999999998,18,fit:06ab469a75256944c36383c4817288da1db87343fd8245e2c210fa0583dba5c2:segment:003,3,8141.0,7891,activities/049_251011081438.csv,1,1,0,0
fit:06ab469a75256944c36383c4817288da1db87343fd8245e2c210fa0583dba5c2,2025-10-11T08:30:21+00:00,1401,290,171,72,2.911,162.39999999999998,18,fit:06ab469a75256944c36383c4817288da1db87343fd8245e2c210fa0583dba5c2:segment:003,3,8142.0,7892,activities/049_251011081438.csv,1,1,0,0
fit:06ab469a75256944c36383c4817288da1db87343fd8245e2c210fa0583dba5c2,2025-10-11T08:30:22+00:00,1402,310,170,71,2.752,162.39999999999998,18,fit:06ab469a75256944c36383c4817288da1db87343fd8245e2c210fa0583dba5c2:segment:003,3,8143.0,7893,activities/049_251011081438.csv,1,1,0,0
fit:06ab469a75256944c36383c4817288da1db87343fd8245e2c210fa0583dba5c2,2025-10-11T08:30:23+00:00,1403,310,170,72,2.649,163.39999999999998,18,fit:06ab469a75256944c36383c4817288da1db87343fd8245e2c210fa0583dba5c2:segment:003,3,8144.0,7894,activities/049_251011081438.csv,1,1,0,0
fit:06ab469a75256944c36383c4817288da1db87343fd8245e2c210fa0583dba5c2,2025-10-11T08:30:24+00:00,1404,287,170,73,2.996,163.20000000000005,18,fit:06ab469a75256944c36383c4817288da1db87343fd8245e2c210fa0583dba5c2:segment:003,3,8145.0,7895,activities/049_251011081438.csv,1,1,0,0
fit:06ab469a75256944c36383c4817288da1db87343fd8245e2c210fa0583dba5c2,2025-10-11T08:30:25+00:00,1405,270,170,73,3.386,163.20000000000005,18,fit:06ab469a75256944c36383c4817288da1db87343fd8245e2c210fa0583dba5c2:segment:003,3,8146.0,7896,activities/049_251011081438.csv,1,1,0,0
fit:06ab469a75256944c36383c4817288da1db87343fd8245e2c210fa0583dba5c2,2025-10-11T08:30:26+00:00,1406,301,170,72,3.33,163.20000000000005,18,fit:06ab469a75256944c36383c4817288da1db87343fd8245e2c210fa0583dba5c2:segment:003,3,8147.0,7897,activities/049_251011081438.csv,1,1,0,0
fit:06ab469a75256944c36383c4817288da1db87343fd8245e2c210fa0583dba5c2,2025-10-11T08:30:27+00:00,1407,278,170,72,2.875,164.20000000000005,18,fit:06ab469a75256944c36383c4817288da1db87343fd8245e2c210fa0583dba5c2:segment:003,3,8148.0,7898,activities/049_251011081438.csv,1,1,0,0
fit:06ab469a75256944c36383c4817288da1db87343fd8245e2c210fa0583dba5c2,2025-10-11T08:30:28+00:00,1408,278,170,70,2.593,164.79999999999995,18,fit:06ab469a75256944c36383c4817288da1db87343fd8245e2c210fa0583dba5c2:segment:003,3,8149.0,7899,activities/049_251011081438.csv,1,1,0,0
fit:06ab469a75256944c36383c4817288da1db87343fd8245e2c210fa0583dba5c2,2025-10-11T08:30:29+00:00,1409,302,170,73,2.657,164.79999999999995,18,fit:06ab469a75256944c36383c4817288da1db87343fd8245e2c210fa0583dba5c2:segment:003,3,8150.0,7900,activities/049_251011081438.csv,1,1,0,0
fit:06ab469a75256944c36383c4817288da1db87343fd8245e2c210fa0583dba5c2,2025-10-11T08:30:30+00:00,1410,283,169,72,2.822,164.79999999999995,18,fit:06ab469a75256944c36383c4817288da1db87343fd8245e2c210fa0583dba5c2:segment:003,3,8151.0,7901,activities/049_251011081438.csv,1,1,0,0
fit:06ab469a75256944c36383c4817288da1db87343fd8245e2c210fa0583dba5c2,2025-10-11T08:30:31+00:00,1411,298,169,71,3.15,165.79999999999995,18,fit:06ab469a75256944c36383c4817288da1db87343fd8245e2c210fa0583dba5c2:segment:003,3,8152.0,7902,activities/049_251011081438.csv,1,1,0,0
fit:06ab469a75256944c36383c4817288da1db87343fd8245e2c210fa0583dba5c2,2025-10-11T08:30:32+00:00,1412,315,169,71,3.231,166.39999999999998,18,fit:06ab469a75256944c36383c4817288da1db87343fd8245e2c210fa0583dba5c2:segment:003,3,8153.0,7903,activities/049_251011081438.csv,1,1,0,0
fit:06ab469a75256944c36383c4817288da1db87343fd8245e2c210fa0583dba5c2,2025-10-11T08:30:33+00:00,1413,315,169,72,3.291,166.39999999999998,18,fit:06ab469a75256944c36383c4817288da1db87343fd8245e2c210fa0583dba5c2:segment:003,3,8154.0,7904,activities/049_251011081438.csv,1,1,0,0
fit:06ab469a75256944c36383c4817288da1db87343fd8245e2c210fa0583dba5c2,2025-10-11T08:30:34+00:00,1414,273,169,73,3.334,166.39999999999998,18,fit:06ab469a75256944c36383c4817288da1db87343fd8245e2c210fa0583dba5c2:segment:003,3,8155.0,7905,activities/049_251011081438.csv,1,1,0,0
fit:06ab469a75256944c36383c4817288da1db87343fd8245e2c210fa0583dba5c2,2025-10-11T08:30:35+00:00,1415,269,169,72,3.251,166.79999999999995,18,fit:06ab469a75256944c36383c4817288da1db87343fd8245e2c210fa0583dba5c2:segment:003,3,8156.0,7906,activities/049_251011081438.csv,1,1,0,0
fit:06ab469a75256944c36383c4817288da1db87343fd8245e2c210fa0583dba5c2,2025-10-11T08:30:36+00:00,1416,279,170,73,3.369,167.0,18,fit:06ab469a75256944c36383c4817288da1db87343fd8245e2c210fa0583dba5c2:segment:003,3,8157.0,7907,activities/049_251011081438.csv,1,1,0,0
fit:06ab469a75256944c36383c4817288da1db87343fd8245e2c210fa0583dba5c2,2025-10-11T08:30:37+00:00,1417,268,170,74,3.325,167.0,18,fit:06ab469a75256944c36383c4817288da1db87343fd8245e2c210fa0583dba5c2:segment:003,3,8158.0,7908,activities/049_251011081438.csv,1,1,0,0
fit:06ab469a75256944c36383c4817288da1db87343fd8245e2c210fa0583dba5c2,2025-10-11T08:30:38+00:00,1418,268,170,73,3.18,167.0,18,fit:06ab469a75256944c36383c4817288da1db87343fd8245e2c210fa0583dba5c2:segment:003,3,8159.0,7909,activities/049_251011081438.csv,1,1,0,0
fit:06ab469a75256944c36383c4817288da1db87343fd8245e2c210fa0583dba5c2,2025-10-11T08:30:39+00:00,1419,333,169,73,3.106,167.79999999999995,18,fit:06ab469a75256944c36383c4817288da1db87343fd8245e2c210fa0583dba5c2:segment:003,3,8160.0,7910,activities/049_251011081438.csv,1,1,0,0
fit:06ab469a75256944c36383c4817288da1db87343fd8245e2c210fa0583dba5c2,2025-10-11T08:30:40+00:00,1420,327,170,74,3.275,168.20000000000005,18,fit:06ab469a75256944c36383c4817288da1db87343fd8245e2c210fa0583dba5c2:segment:003,3,8161.0,7911,activities/049_251011081438.csv,1,1,0,0
fit:06ab469a75256944c36383c4817288da1db87343fd8245e2c210fa0583dba5c2,2025-10-11T08:30:41+00:00,1421,321,170,74,3.337,168.20000000000005,18,fit:06ab469a75256944c36383c4817288da1db87343fd8245e2c210fa0583dba5c2:segment:003,3,8162.0,7912,activities/049_251011081438.csv,1,1,0,0
fit:06ab469a75256944c36383c4817288da1db87343fd8245e2c210fa0583dba5c2,2025-10-11T08:30:42+00:00,1422,340,170,76,3.388,168.20000000000005,18,fit:06ab469a75256944c36383c4817288da1db87343fd8245e2c210fa0583dba5c2:segment:003,3,8163.0,7913,activities/049_251011081438.csv,1,1,0,0
fit:06ab469a75256944c36383c4817288da1db87343fd8245e2c210fa0583dba5c2,2025-10-11T08:30:43+00:00,1423,283,170,78,3.416,169.20000000000005,18,fit:06ab469a75256944c36383c4817288da1db87343fd8245e2c210fa0583dba5c2:segment:003,3,8164.0,7914,activities/049_251011081438.csv,1,1,0,0
fit:06ab469a75256944c36383c4817288da1db87343fd8245e2c210fa0583dba5c2,2025-10-11T08:30:44+00:00,1424,278,170,76,3.519,169.79999999999995,18,fit:06ab469a75256944c36383c4817288da1db87343fd8245e2c210fa0583dba5c2:segment:003,3,8165.0,7915,activities/049_251011081438.csv,1,1,0,0
fit:06ab469a75256944c36383c4817288da1db87343fd8245e2c210fa0583dba5c2,2025-10-11T08:30:45+00:00,1425,306,171,75,3.326,169.79999999999995,18,fit:06ab469a75256944c36383c4817288da1db87343fd8245e2c210fa0583dba5c2:segment:003,3,8166.0,7916,activities/049_251011081438.csv,1,1,0,0
fit:06ab469a75256944c36383c4817288da1db87343fd8245e2c210fa0583dba5c2,2025-10-11T08:30:46+00:00,1426,294,171,73,3.39,169.79999999999995,18,fit:06ab469a75256944c36383c4817288da1db87343fd8245e2c210fa0583dba5c2:segment:003,3,8167.0,7917,activities/049_251011081438.csv,1,1,0,0
fit:06ab469a75256944c36383c4817288da1db87343fd8245e2c210fa0583dba5c2,2025-10-11T08:30:47+00:00,1427,318,170,73,3.426,169.79999999999995,18,fit:06ab469a75256944c36383c4817288da1db87343fd8245e2c210fa0583dba5c2:segment:003,3,8168.0,7918,activities/049_251011081438.csv,1,1,0,0
fit:06ab469a75256944c36383c4817288da1db87343fd8245e2c210fa0583dba5c2,2025-10-11T08:30:48+00:00,1428,319,170,72,3.429,169.79999999999995,18,fit:06ab469a75256944c36383c4817288da1db87343fd8245e2c210fa0583dba5c2:segment:003,3,8169.0,7919,activities/049_251011081438.csv,1,1,0,0
fit:06ab469a75256944c36383c4817288da1db87343fd8245e2c210fa0583dba5c2,2025-10-11T08:30:49+00:00,1429,310,170,71,3.335,170.79999999999995,18,fit:06ab469a75256944c36383c4817288da1db87343fd8245e2c210fa0583dba5c2:segment:003,3,8170.0,7920,activities/049_251011081438.csv,1,1,0,0
fit:06ab469a75256944c36383c4817288da1db87343fd8245e2c210fa0583dba5c2,2025-10-11T08:30:50+00:00,1430,295,170,72,3.393,170.79999999999995,18,fit:06ab469a75256944c36383c4817288da1db87343fd8245e2c210fa0583dba5c2:segment:003,3,8171.0,7921,activities/049_251011081438.csv,1,1,0,0
fit:06ab469a75256944c36383c4817288da1db87343fd8245e2c210fa0583dba5c2,2025-10-11T08:30:51+00:00,1431,287,171,71,3.494,170.79999999999995,18,fit:06ab469a75256944c36383c4817288da1db87343fd8245e2c210fa0583dba5c2:segment:003,3,8172.0,7922,activities/049_251011081438.csv,1,1,0,0
fit:06ab469a75256944c36383c4817288da1db87343fd8245e2c210fa0583dba5c2,2025-10-11T08:30:52+00:00,1432,274,171,71,3.486,171.79999999999995,18,fit:06ab469a75256944c36383c4817288da1db87343fd8245e2c210fa0583dba5c2:segment:003,3,8173.0,7923,activities/049_251011081438.csv,1,1,0,0
fit:06ab469a75256944c36383c4817288da1db87343fd8245e2c210fa0583dba5c2,2025-10-11T08:30:53+00:00,1433,271,171,70,3.468,172.39999999999998,18,fit:06ab469a75256944c36383c4817288da1db87343fd8245e2c210fa0583dba5c2:segment:003,3,8174.0,7924,activities/049_251011081438.csv,1,1,0,0
fit:06ab469a75256944c36383c4817288da1db87343fd8245e2c210fa0583dba5c2,2025-10-11T08:30:54+00:00,1434,280,171,70,3.272,172.39999999999998,18,fit:06ab469a75256944c36383c4817288da1db87343fd8245e2c210fa0583dba5c2:segment:003,3,8175.0,7925,activities/049_251011081438.csv,1,1,0,0
fit:06ab469a75256944c36383c4817288da1db87343fd8245e2c210fa0583dba5c2,2025-10-11T08:30:55+00:00,1435,279,171,69,3.334,172.39999999999998,18,fit:06ab469a75256944c36383c4817288da1db87343fd8245e2c210fa0583dba5c2:segment:003,3,8176.0,7926,activities/049_251011081438.csv,1,1,0,0
fit:06ab469a75256944c36383c4817288da1db87343fd8245e2c210fa0583dba5c2,2025-10-11T08:30:56+00:00,1436,305,171,69,3.254,173.0,18,fit:06ab469a75256944c36383c4817288da1db87343fd8245e2c210fa0583dba5c2:segment:003,3,8177.0,7927,activities/049_251011081438.csv,1,1,0,0
fit:06ab469a75256944c36383c4817288da1db87343fd8245e2c210fa0583dba5c2,2025-10-11T08:30:57+00:00,1437,305,171,70,3.207,173.39999999999998,18,fit:06ab469a75256944c36383c4817288da1db87343fd8245e2c210fa0583dba5c2:segment:003,3,8178.0,7928,activities/049_251011081438.csv,1,1,0,0
fit:06ab469a75256944c36383c4817288da1db87343fd8245e2c210fa0583dba5c2,2025-10-11T08:30:58+00:00,1438,275,170,70,3.246,173.39999999999998,18,fit:06ab469a75256944c36383c4817288da1db87343fd8245e2c210fa0583dba5c2:segment:003,3,8179.0,7929,activities/049_251011081438.csv,1,1,0,0
fit:06ab469a75256944c36383c4817288da1db87343fd8245e2c210fa0583dba5c2,2025-10-11T08:30:59+00:00,1439,268,170,70,3.376,173.39999999999998,18,fit:06ab469a75256944c36383c4817288da1db87343fd8245e2c210fa0583dba5c2:segment:003,3,8180.0,7930,activities/049_251011081438.csv,1,1,0,0
fit:06ab469a75256944c36383c4817288da1db87343fd8245e2c210fa0583dba5c2,2025-10-11T08:31:00+00:00,1440,279,169,71,3.292,174.0,18,fit:06ab469a75256944c36383c4817288da1db87343fd8245e2c210fa0583dba5c2:segment:003,3,8181.0,7931,activities/049_251011081438.csv,1,1,0,0
fit:06ab469a75256944c36383c4817288da1db87343fd8245e2c210fa0583dba5c2,2025-10-11T08:31:01+00:00,1441,307,169,72,3.437,174.39999999999998,18,fit:06ab469a75256944c36383c4817288da1db87343fd8245e2c210fa0583dba5c2:segment:003,3,8182.0,7932,activities/049_251011081438.csv,1,1,0,0
fit:06ab469a75256944c36383c4817288da1db87343fd8245e2c210fa0583dba5c2,2025-10-11T08:31:02+00:00,1442,313,169,73,3.545,174.39999999999998,18,fit:06ab469a75256944c36383c4817288da1db87343fd8245e2c210fa0583dba5c2:segment:003,3,8183.0,7933,activities/049_251011081438.csv,1,1,0,0
fit:06ab469a75256944c36383c4817288da1db87343fd8245e2c210fa0583dba5c2,2025-10-11T08:31:03+00:00,1443,290,169,73,3.567,174.39999999999998,18,fit:06ab469a75256944c36383c4817288da1db87343fd8245e2c210fa0583dba5c2:segment:003,3,8184.0,7934,activities/049_251011081438.csv,1,1,0,0
fit:06ab469a75256944c36383c4817288da1db87343fd8245e2c210fa0583dba5c2,2025-10-11T08:31:04+00:00,1444,303,169,73,3.533,175.20000000000005,18,fit:06ab469a75256944c36383c4817288da1db87343fd8245e2c210fa0583dba5c2:segment:003,3,8185.0,7935,activities/049_251011081438.csv,1,1,0,0
fit:06ab469a75256944c36383c4817288da1db87343fd8245e2c210fa0583dba5c2,2025-10-11T08:31:05+00:00,1445,284,169,74,3.564,175.60000000000002,18,fit:06ab469a75256944c36383c4817288da1db87343fd8245e2c210fa0583dba5c2:segment:003,3,8186.0,7936,activities/049_251011081438.csv,1,1,0,0
fit:06ab469a75256944c36383c4817288da1db87343fd8245e2c210fa0583dba5c2,2025-10-11T08:31:06+00:00,1446,286,169,74,3.558,175.60000000000002,18,fit:06ab469a75256944c36383c4817288da1db87343fd8245e2c210fa0583dba5c2:segment:003,3,8187.0,7937,activities/049_251011081438.csv,1,1,0,0
fit:06ab469a75256944c36383c4817288da1db87343fd8245e2c210fa0583dba5c2,2025-10-11T08:31:07+00:00,1447,310,169,74,3.551,175.60000000000002,18,fit:06ab469a75256944c36383c4817288da1db87343fd8245e2c210fa0583dba5c2:segment:003,3,8188.0,7938,activities/049_251011081438.csv,1,1,0,0
fit:06ab469a75256944c36383c4817288da1db87343fd8245e2c210fa0583dba5c2,2025-10-11T08:31:08+00:00,1448,269,169,73,3.48,175.60000000000002,18,fit:06ab469a75256944c36383c4817288da1db87343fd8245e2c210fa0583dba5c2:segment:003,3,8189.0,7939,activities/049_251011081438.csv,1,1,0,0
fit:06ab469a75256944c36383c4817288da1db87343fd8245e2c210fa0583dba5c2,2025-10-11T08:31:09+00:00,1449,270,169,71,3.566,176.79999999999995,18,fit:06ab469a75256944c36383c4817288da1db87343fd8245e2c210fa0583dba5c2:segment:003,3,8190.0,7940,activities/049_251011081438.csv,1,1,0,0
fit:06ab469a75256944c36383c4817288da1db87343fd8245e2c210fa0583dba5c2,2025-10-11T08:31:10+00:00,1450,254,169,71,3.441,176.79999999999995,18,fit:06ab469a75256944c36383c4817288da1db87343fd8245e2c210fa0583dba5c2:segment:003,3,8191.0,7941,activities/049_251011081438.csv,1,1,0,0
fit:06ab469a75256944c36383c4817288da1db87343fd8245e2c210fa0583dba5c2,2025-10-11T08:31:11+00:00,1451,254,169,69,3.346,176.79999999999995,18,fit:06ab469a75256944c36383c4817288da1db87343fd8245e2c210fa0583dba5c2:segment:003,3,8192.0,7942,activities/049_251011081438.csv,1,1,0,0
fit:06ab469a75256944c36383c4817288da1db87343fd8245e2c210fa0583dba5c2,2025-10-11T08:31:12+00:00,1452,291,169,69,3.273,176.79999999999995,18,fit:06ab469a75256944c36383c4817288da1db87343fd8245e2c210fa0583dba5c2:segment:003,3,8193.0,7943,activities/049_251011081438.csv,1,1,0,0
fit:06ab469a75256944c36383c4817288da1db87343fd8245e2c210fa0583dba5c2,2025-10-11T08:31:13+00:00,1453,323,169,68,3.078,178.39999999999998,18,fit:06ab469a75256944c36383c4817288da1db87343fd8245e2c210fa0583dba5c2:segment:003,3,8194.0,7944,activities/049_251011081438.csv,1,1,0,0
fit:06ab469a75256944c36383c4817288da1db87343fd8245e2c210fa0583dba5c2,2025-10-11T08:31:14+00:00,1454,307,169,69,2.982,178.39999999999998,18,fit:06ab469a75256944c36383c4817288da1db87343fd8245e2c210fa0583dba5c2:segment:003,3,8195.0,7945,activities/049_251011081438.csv,1,1,0,0
fit:06ab469a75256944c36383c4817288da1db87343fd8245e2c210fa0583dba5c2,2025-10-11T08:31:15+00:00,1455,299,169,69,3.004,178.39999999999998,18,fit:06ab469a75256944c36383c4817288da1db87343fd8245e2c210fa0583dba5c2:segment:003,3,8196.0,7946,activities/049_251011081438.csv,1,1,0,0
fit:06ab469a75256944c36383c4817288da1db87343fd8245e2c210fa0583dba5c2,2025-10-11T08:31:16+00:00,1456,285,169,69,2.821,178.39999999999998,18,fit:06ab469a75256944c36383c4817288da1db87343fd8245e2c210fa0583dba5c2:segment:003,3,8197.0,7947,activities/049_251011081438.csv,1,1,0,0
fit:06ab469a75256944c36383c4817288da1db87343fd8245e2c210fa0583dba5c2,2025-10-11T08:31:17+00:00,1457,266,169,71,3.101,179.20000000000005,18,fit:06ab469a75256944c36383c4817288da1db87343fd8245e2c210fa0583dba5c2:segment:003,3,8198.0,7948,activities/049_251011081438.csv,1,1,0,0
fit:06ab469a75256944c36383c4817288da1db87343fd8245e2c210fa0583dba5c2,2025-10-11T08:31:18+00:00,1458,239,169,71,3.237,179.20000000000005,18,fit:06ab469a75256944c36383c4817288da1db87343fd8245e2c210fa0583dba5c2:segment:003,3,8199.0,7949,activities/049_251011081438.csv,1,1,0,0
fit:06ab469a75256944c36383c4817288da1db87343fd8245e2c210fa0583dba5c2,2025-10-11T08:31:19+00:00,1459,255,169,71,3.322,179.20000000000005,18,fit:06ab469a75256944c36383c4817288da1db87343fd8245e2c210fa0583dba5c2:segment:003,3,8200.0,7950,activities/049_251011081438.csv,1,1,0,0
fit:06ab469a75256944c36383c4817288da1db87343fd8245e2c210fa0583dba5c2,2025-10-11T08:31:20+00:00,1460,296,169,71,3.436,179.20000000000005,18,fit:06ab469a75256944c36383c4817288da1db87343fd8245e2c210fa0583dba5c2:segment:003,3,8201.0,7951,activities/049_251011081438.csv,1,1,0,0
fit:06ab469a75256944c36383c4817288da1db87343fd8245e2c210fa0583dba5c2,2025-10-11T08:31:21+00:00,1461,269,169,73,3.623,179.79999999999995,18,fit:06ab469a75256944c36383c4817288da1db87343fd8245e2c210fa0583dba5c2:segment:003,3,8202.0,7952,activities/049_251011081438.csv,1,1,0,0
fit:06ab469a75256944c36383c4817288da1db87343fd8245e2c210fa0583dba5c2,2025-10-11T08:31:22+00:00,1462,316,169,72,3.689,179.79999999999995,18,fit:06ab469a75256944c36383c4817288da1db87343fd8245e2c210fa0583dba5c2:segment:003,3,8203.0,7953,activities/049_251011081438.csv,1,1,0,0
fit:06ab469a75256944c36383c4817288da1db87343fd8245e2c210fa0583dba5c2,2025-10-11T08:31:23+00:00,1463,297,169,70,3.503,179.79999999999995,18,fit:06ab469a75256944c36383c4817288da1db87343fd8245e2c210fa0583dba5c2:segment:003,3,8204.0,7954,activities/049_251011081438.csv,1,1,0,0
fit:06ab469a75256944c36383c4817288da1db87343fd8245e2c210fa0583dba5c2,2025-10-11T08:31:24+00:00,1464,281,169,68,3.391,180.60000000000002,18,fit:06ab469a75256944c36383c4817288da1db87343fd8245e2c210fa0583dba5c2:segment:003,3,8205.0,7955,activities/049_251011081438.csv,1,1,0,0
fit:06ab469a75256944c36383c4817288da1db87343fd8245e2c210fa0583dba5c2,2025-10-11T08:31:25+00:00,1465,311,169,68,3.298,180.79999999999995,18,fit:06ab469a75256944c36383c4817288da1db87343fd8245e2c210fa0583dba5c2:segment:003,3,8206.0,7956,activities/049_251011081438.csv,1,1,0,0
fit:06ab469a75256944c36383c4817288da1db87343fd8245e2c210fa0583dba5c2,2025-10-11T08:31:26+00:00,1466,323,170,69,3.221,180.79999999999995,18,fit:06ab469a75256944c36383c4817288da1db87343fd8245e2c210fa0583dba5c2:segment:003,3,8207.0,7957,activities/049_251011081438.csv,1,1,0,0
fit:06ab469a75256944c36383c4817288da1db87343fd8245e2c210fa0583dba5c2,2025-10-11T08:31:27+00:00,1467,290,170,69,3.313,180.79999999999995,18,fit:06ab469a75256944c36383c4817288da1db87343fd8245e2c210fa0583dba5c2:segment:003,3,8208.0,7958,activities/049_251011081438.csv,1,1,0,0
fit:06ab469a75256944c36383c4817288da1db87343fd8245e2c210fa0583dba5c2,2025-10-11T08:31:28+00:00,1468,301,170,71,3.437,181.79999999999995,18,fit:06ab469a75256944c36383c4817288da1db87343fd8245e2c210fa0583dba5c2:segment:003,3,8209.0,7959,activities/049_251011081438.csv,1,1,0,0
fit:06ab469a75256944c36383c4817288da1db87343fd8245e2c210fa0583dba5c2,2025-10-11T08:31:29+00:00,1469,301,170,72,3.467,182.20000000000005,18,fit:06ab469a75256944c36383c4817288da1db87343fd8245e2c210fa0583dba5c2:segment:003,3,8210.0,7960,activities/049_251011081438.csv,1,1,0,0
fit:06ab469a75256944c36383c4817288da1db87343fd8245e2c210fa0583dba5c2,2025-10-11T08:31:30+00:00,1470,281,171,71,3.355,182.20000000000005,18,fit:06ab469a75256944c36383c4817288da1db87343fd8245e2c210fa0583dba5c2:segment:003,3,8211.0,7961,activities/049_251011081438.csv,1,1,0,0
fit:06ab469a75256944c36383c4817288da1db87343fd8245e2c210fa0583dba5c2,2025-10-11T08:31:31+00:00,1471,332,171,70,3.416,182.20000000000005,18,fit:06ab469a75256944c36383c4817288da1db87343fd8245e2c210fa0583dba5c2:segment:003,3,8212.0,7962,activities/049_251011081438.csv,1,1,0,0
fit:06ab469a75256944c36383c4817288da1db87343fd8245e2c210fa0583dba5c2,2025-10-11T08:31:32+00:00,1472,287,171,71,3.24,183.20000000000005,18,fit:06ab469a75256944c36383c4817288da1db87343fd8245e2c210fa0583dba5c2:segment:003,3,8213.0,7963,activities/049_251011081438.csv,1,1,0,0
fit:06ab469a75256944c36383c4817288da1db87343fd8245e2c210fa0583dba5c2,2025-10-11T08:31:33+00:00,1473,343,171,74,3.323,183.39999999999998,18,fit:06ab469a75256944c36383c4817288da1db87343fd8245e2c210fa0583dba5c2:segment:003,3,8214.0,7964,activities/049_251011081438.csv,1,1,0,0
fit:06ab469a75256944c36383c4817288da1db87343fd8245e2c210fa0583dba5c2,2025-10-11T08:31:34+00:00,1474,344,171,76,3.345,183.39999999999998,18,fit:06ab469a75256944c36383c4817288da1db87343fd8245e2c210fa0583dba5c2:segment:003,3,8215.0,7965,activities/049_251011081438.csv,1,1,0,0
fit:06ab469a75256944c36383c4817288da1db87343fd8245e2c210fa0583dba5c2,2025-10-11T08:31:35+00:00,1475,273,172,77,3.488,183.39999999999998,18,fit:06ab469a75256944c36383c4817288da1db87343fd8245e2c210fa0583dba5c2:segment:003,3,8216.0,7966,activities/049_251011081438.csv,1,1,0,0
fit:06ab469a75256944c36383c4817288da1db87343fd8245e2c210fa0583dba5c2,2025-10-11T08:31:36+00:00,1476,310,172,76,3.699,184.39999999999998,18,fit:06ab469a75256944c36383c4817288da1db87343fd8245e2c210fa0583dba5c2:segment:003,3,8217.0,7967,activities/049_251011081438.csv,1,1,0,0
fit:06ab469a75256944c36383c4817288da1db87343fd8245e2c210fa0583dba5c2,2025-10-11T08:31:37+00:00,1477,274,172,76,3.699,184.60000000000002,18,fit:06ab469a75256944c36383c4817288da1db87343fd8245e2c210fa0583dba5c2:segment:003,3,8218.0,7968,activities/049_251011081438.csv,1,1,0,0
fit:06ab469a75256944c36383c4817288da1db87343fd8245e2c210fa0583dba5c2,2025-10-11T08:31:38+00:00,1478,256,172,76,3.758,184.60000000000002,18,fit:06ab469a75256944c36383c4817288da1db87343fd8245e2c210fa0583dba5c2:segment:003,3,8219.0,7969,activities/049_251011081438.csv,1,1,0,0
fit:06ab469a75256944c36383c4817288da1db87343fd8245e2c210fa0583dba5c2,2025-10-11T08:31:39+00:00,1479,272,172,78,3.89,184.60000000000002,18,fit:06ab469a75256944c36383c4817288da1db87343fd8245e2c210fa0583dba5c2:segment:003,3,8220.0,7970,activities/049_251011081438.csv,1,1,0,0
fit:06ab469a75256944c36383c4817288da1db87343fd8245e2c210fa0583dba5c2,2025-10-11T08:31:40+00:00,1480,319,171,77,3.903,185.60000000000002,18,fit:06ab469a75256944c36383c4817288da1db87343fd8245e2c210fa0583dba5c2:segment:003,3,8221.0,7971,activities/049_251011081438.csv,1,1,0,0
fit:06ab469a75256944c36383c4817288da1db87343fd8245e2c210fa0583dba5c2,2025-10-11T08:31:41+00:00,1481,303,171,76,3.808,186.0,18,fit:06ab469a75256944c36383c4817288da1db87343fd8245e2c210fa0583dba5c2:segment:003,3,8222.0,7972,activities/049_251011081438.csv,1,1,0,0
fit:06ab469a75256944c36383c4817288da1db87343fd8245e2c210fa0583dba5c2,2025-10-11T08:31:42+00:00,1482,303,172,75,3.696,186.0,18,fit:06ab469a75256944c36383c4817288da1db87343fd8245e2c210fa0583dba5c2:segment:003,3,8223.0,7973,activities/049_251011081438.csv,1,1,0,0
fit:06ab469a75256944c36383c4817288da1db87343fd8245e2c210fa0583dba5c2,2025-10-11T08:31:43+00:00,1483,289,171,74,3.684,186.0,18,fit:06ab469a75256944c36383c4817288da1db87343fd8245e2c210fa0583dba5c2:segment:003,3,8224.0,7974,activities/049_251011081438.csv,1,1,0,0
fit:06ab469a75256944c36383c4817288da1db87343fd8245e2c210fa0583dba5c2,2025-10-11T08:31:44+00:00,1484,280,171,73,3.66,186.79999999999995,18,fit:06ab469a75256944c36383c4817288da1db87343fd8245e2c210fa0583dba5c2:segment:003,3,8225.0,7975,activities/049_251011081438.csv,1,1,0,0
fit:06ab469a75256944c36383c4817288da1db87343fd8245e2c210fa0583dba5c2,2025-10-11T08:31:45+00:00,1485,279,171,71,3.621,187.39999999999998,18,fit:06ab469a75256944c36383c4817288da1db87343fd8245e2c210fa0583dba5c2:segment:003,3,8226.0,7976,activities/049_251011081438.csv,1,1,0,0
fit:06ab469a75256944c36383c4817288da1db87343fd8245e2c210fa0583dba5c2,2025-10-11T08:31:46+00:00,1486,295,171,70,3.619,187.39999999999998,18,fit:06ab469a75256944c36383c4817288da1db87343fd8245e2c210fa0583dba5c2:segment:003,3,8227.0,7977,activities/049_251011081438.csv,1,1,0,0
fit:06ab469a75256944c36383c4817288da1db87343fd8245e2c210fa0583dba5c2,2025-10-11T08:31:47+00:00,1487,282,171,71,3.556,187.39999999999998,18,fit:06ab469a75256944c36383c4817288da1db87343fd8245e2c210fa0583dba5c2:segment:003,3,8228.0,7978,activities/049_251011081438.csv,1,1,0,0
fit:06ab469a75256944c36383c4817288da1db87343fd8245e2c210fa0583dba5c2,2025-10-11T08:31:48+00:00,1488,310,171,72,3.546,188.20000000000005,18,fit:06ab469a75256944c36383c4817288da1db87343fd8245e2c210fa0583dba5c2:segment:003,3,8229.0,7979,activities/049_251011081438.csv,1,1,0,0
fit:06ab469a75256944c36383c4817288da1db87343fd8245e2c210fa0583dba5c2,2025-10-11T08:31:49+00:00,1489,292,171,71,3.492,189.0,18,fit:06ab469a75256944c36383c4817288da1db87343fd8245e2c210fa0583dba5c2:segment:003,3,8230.0,7980,activities/049_251011081438.csv,1,1,0,0
fit:06ab469a75256944c36383c4817288da1db87343fd8245e2c210fa0583dba5c2,2025-10-11T08:31:50+00:00,1490,280,171,70,3.481,189.0,18,fit:06ab469a75256944c36383c4817288da1db87343fd8245e2c210fa0583dba5c2:segment:003,3,8231.0,7981,activities/049_251011081438.csv,1,1,0,0
fit:06ab469a75256944c36383c4817288da1db87343fd8245e2c210fa0583dba5c2,2025-10-11T08:31:51+00:00,1491,303,171,70,3.413,189.0,18,fit:06ab469a75256944c36383c4817288da1db87343fd8245e2c210fa0583dba5c2:segment:003,3,8232.0,7982,activities/049_251011081438.csv,1,1,0,0
fit:06ab469a75256944c36383c4817288da1db87343fd8245e2c210fa0583dba5c2,2025-10-11T08:31:52+00:00,1492,292,171,69,3.305,189.60000000000002,18,fit:06ab469a75256944c36383c4817288da1db87343fd8245e2c210fa0583dba5c2:segment:003,3,8233.0,7983,activities/049_251011081438.csv,1,1,0,0
fit:06ab469a75256944c36383c4817288da1db87343fd8245e2c210fa0583dba5c2,2025-10-11T08:31:53+00:00,1493,289,171,69,3.405,189.60000000000002,18,fit:06ab469a75256944c36383c4817288da1db87343fd8245e2c210fa0583dba5c2:segment:003,3,8234.0,7984,activities/049_251011081438.csv,1,1,0,0
fit:06ab469a75256944c36383c4817288da1db87343fd8245e2c210fa0583dba5c2,2025-10-11T08:31:54+00:00,1494,283,171,69,3.41,189.60000000000002,18,fit:06ab469a75256944c36383c4817288da1db87343fd8245e2c210fa0583dba5c2:segment:003,3,8235.0,7985,activities/049_251011081438.csv,1,1,0,0
fit:06ab469a75256944c36383c4817288da1db87343fd8245e2c210fa0583dba5c2,2025-10-11T08:31:55+00:00,1495,269,171,68,3.316,189.60000000000002,18,fit:06ab469a75256944c36383c4817288da1db87343fd8245e2c210fa0583dba5c2:segment:003,3,8236.0,7986,activities/049_251011081438.csv,1,1,0,0
fit:06ab469a75256944c36383c4817288da1db87343fd8245e2c210fa0583dba5c2,2025-10-11T08:31:56+00:00,1496,312,171,68,3.314,190.60000000000002,18,fit:06ab469a75256944c36383c4817288da1db87343fd8245e2c210fa0583dba5c2:segment:003,3,8237.0,7987,activities/049_251011081438.csv,1,1,0,0
fit:06ab469a75256944c36383c4817288da1db87343fd8245e2c210fa0583dba5c2,2025-10-11T08:31:57+00:00,1497,297,171,70,3.534,190.60000000000002,18,fit:06ab469a75256944c36383c4817288da1db87343fd8245e2c210fa0583dba5c2:segment:003,3,8238.0,7988,activities/049_251011081438.csv,1,1,0,0
fit:06ab469a75256944c36383c4817288da1db87343fd8245e2c210fa0583dba5c2,2025-10-11T08:31:58+00:00,1498,281,171,72,3.589,190.60000000000002,18,fit:06ab469a75256944c36383c4817288da1db87343fd8245e2c210fa0583dba5c2:segment:003,3,8239.0,7989,activities/049_251011081438.csv,1,1,0,0
fit:06ab469a75256944c36383c4817288da1db87343fd8245e2c210fa0583dba5c2,2025-10-11T08:31:59+00:00,1499,290,170,72,3.583,190.60000000000002,18,fit:06ab469a75256944c36383c4817288da1db87343fd8245e2c210fa0583dba5c2:segment:003,3,8240.0,7990,activities/049_251011081438.csv,1,1,0,0
fit:06ab469a75256944c36383c4817288da1db87343fd8245e2c210fa0583dba5c2,2025-10-11T08:32:00+00:00,1500,290,170,72,3.452,191.39999999999998,18,fit:06ab469a75256944c36383c4817288da1db87343fd8245e2c210fa0583dba5c2:segment:003,3,8241.0,7991,activities/049_251011081438.csv,1,1,0,0
fit:06ab469a75256944c36383c4817288da1db87343fd8245e2c210fa0583dba5c2,2025-10-11T08:32:01+00:00,1501,314,170,72,3.432,191.39999999999998,18,fit:06ab469a75256944c36383c4817288da1db87343fd8245e2c210fa0583dba5c2:segment:003,3,8242.0,7992,activities/049_251011081438.csv,1,1,0,0
fit:06ab469a75256944c36383c4817288da1db87343fd8245e2c210fa0583dba5c2,2025-10-11T08:32:02+00:00,1502,332,169,72,3.343,191.39999999999998,18,fit:06ab469a75256944c36383c4817288da1db87343fd8245e2c210fa0583dba5c2:segment:003,3,8243.0,7993,activities/049_251011081438.csv,1,1,0,0
fit:06ab469a75256944c36383c4817288da1db87343fd8245e2c210fa0583dba5c2,2025-10-11T08:32:03+00:00,1503,333,170,72,3.257,191.39999999999998,18,fit:06ab469a75256944c36383c4817288da1db87343fd8245e2c210fa0583dba5c2:segment:003,3,8244.0,7994,activities/049_251011081438.csv,1,1,0,0
fit:06ab469a75256944c36383c4817288da1db87343fd8245e2c210fa0583dba5c2,2025-10-11T08:32:04+00:00,1504,313,170,74,3.353,192.20000000000005,18,fit:06ab469a75256944c36383c4817288da1db87343fd8245e2c210fa0583dba5c2:segment:003,3,8245.0,7995,activities/049_251011081438.csv,1,1,0,0
fit:06ab469a75256944c36383c4817288da1db87343fd8245e2c210fa0583dba5c2,2025-10-11T08:32:05+00:00,1505,267,170,74,3.512,191.79999999999995,18,fit:06ab469a75256944c36383c4817288da1db87343fd8245e2c210fa0583dba5c2:segment:003,3,8246.0,7996,activities/049_251011081438.csv,1,1,0,0
fit:06ab469a75256944c36383c4817288da1db87343fd8245e2c210fa0583dba5c2,2025-10-11T08:32:06+00:00,1506,268,170,74,3.623,191.79999999999995,18,fit:06ab469a75256944c36383c4817288da1db87343fd8245e2c210fa0583dba5c2:segment:003,3,8247.0,7997,activities/049_251011081438.csv,1,1,0,0
fit:06ab469a75256944c36383c4817288da1db87343fd8245e2c210fa0583dba5c2,2025-10-11T08:32:07+00:00,1507,283,170,73,3.453,191.79999999999995,18,fit:06ab469a75256944c36383c4817288da1db87343fd8245e2c210fa0583dba5c2:segment:003,3,8248.0,7998,activities/049_251011081438.csv,1,1,0,0
fit:06ab469a75256944c36383c4817288da1db87343fd8245e2c210fa0583dba5c2,2025-10-11T08:32:08+00:00,1508,317,171,73,3.873,192.79999999999995,18,fit:06ab469a75256944c36383c4817288da1db87343fd8245e2c210fa0583dba5c2:segment:003,3,8249.0,7999,activities/049_251011081438.csv,1,1,0,0
fit:06ab469a75256944c36383c4817288da1db87343fd8245e2c210fa0583dba5c2,2025-10-11T08:32:09+00:00,1509,331,171,73,3.821,194.0,18,fit:06ab469a75256944c36383c4817288da1db87343fd8245e2c210fa0583dba5c2:segment:003,3,8250.0,8000,activities/049_251011081438.csv,1,1,0,0
fit:06ab469a75256944c36383c4817288da1db87343fd8245e2c210fa0583dba5c2,2025-10-11T08:32:10+00:00,1510,293,171,72,3.838,194.0,18,fit:06ab469a75256944c36383c4817288da1db87343fd8245e2c210fa0583dba5c2:segment:003,3,8251.0,8001,activities/049_251011081438.csv,1,1,0,0
fit:06ab469a75256944c36383c4817288da1db87343fd8245e2c210fa0583dba5c2,2025-10-11T08:32:11+00:00,1511,301,171,73,3.826,194.0,18,fit:06ab469a75256944c36383c4817288da1db87343fd8245e2c210fa0583dba5c2:segment:003,3,8252.0,8002,activities/049_251011081438.csv,1,1,0,0
fit:06ab469a75256944c36383c4817288da1db87343fd8245e2c210fa0583dba5c2,2025-10-11T08:32:12+00:00,1512,309,170,76,3.667,194.60000000000002,18,fit:06ab469a75256944c36383c4817288da1db87343fd8245e2c210fa0583dba5c2:segment:003,3,8253.0,8003,activities/049_251011081438.csv,1,1,0,0
fit:06ab469a75256944c36383c4817288da1db87343fd8245e2c210fa0583dba5c2,2025-10-11T08:32:13+00:00,1513,259,170,76,3.503,195.0,18,fit:06ab469a75256944c36383c4817288da1db87343fd8245e2c210fa0583dba5c2:segment:003,3,8254.0,8004,activities/049_251011081438.csv,1,1,0,0
fit:06ab469a75256944c36383c4817288da1db87343fd8245e2c210fa0583dba5c2,2025-10-11T08:32:14+00:00,1514,282,170,74,3.353,195.0,18,fit:06ab469a75256944c36383c4817288da1db87343fd8245e2c210fa0583dba5c2:segment:003,3,8255.0,8005,activities/049_251011081438.csv,1,1,0,0
fit:06ab469a75256944c36383c4817288da1db87343fd8245e2c210fa0583dba5c2,2025-10-11T08:32:15+00:00,1515,312,170,74,3.12,195.0,18,fit:06ab469a75256944c36383c4817288da1db87343fd8245e2c210fa0583dba5c2:segment:003,3,8256.0,8006,activities/049_251011081438.csv,1,1,0,0
fit:06ab469a75256944c36383c4817288da1db87343fd8245e2c210fa0583dba5c2,2025-10-11T08:32:16+00:00,1516,313,170,74,3.243,195.39999999999998,18,fit:06ab469a75256944c36383c4817288da1db87343fd8245e2c210fa0583dba5c2:segment:003,3,8257.0,8007,activities/049_251011081438.csv,1,1,0,0
fit:06ab469a75256944c36383c4817288da1db87343fd8245e2c210fa0583dba5c2,2025-10-11T08:32:17+00:00,1517,292,171,74,3.198,196.0,18,fit:06ab469a75256944c36383c4817288da1db87343fd8245e2c210fa0583dba5c2:segment:003,3,8258.0,8008,activities/049_251011081438.csv,1,1,0,0
fit:06ab469a75256944c36383c4817288da1db87343fd8245e2c210fa0583dba5c2,2025-10-11T08:32:18+00:00,1518,288,171,74,3.184,196.0,18,fit:06ab469a75256944c36383c4817288da1db87343fd8245e2c210fa0583dba5c2:segment:003,3,8259.0,8009,activities/049_251011081438.csv,1,1,0,0
fit:06ab469a75256944c36383c4817288da1db87343fd8245e2c210fa0583dba5c2,2025-10-11T08:32:19+00:00,1519,304,171,74,3.433,196.0,18,fit:06ab469a75256944c36383c4817288da1db87343fd8245e2c210fa0583dba5c2:segment:003,3,8260.0,8010,activities/049_251011081438.csv,1,1,0,0
fit:06ab469a75256944c36383c4817288da1db87343fd8245e2c210fa0583dba5c2,2025-10-11T08:32:20+00:00,1520,296,171,72,3.496,197.0,18,fit:06ab469a75256944c36383c4817288da1db87343fd8245e2c210fa0583dba5c2:segment:003,3,8261.0,8011,activities/049_251011081438.csv,1,1,0,0
fit:06ab469a75256944c36383c4817288da1db87343fd8245e2c210fa0583dba5c2,2025-10-11T08:32:21+00:00,1521,303,171,72,3.598,197.39999999999998,18,fit:06ab469a75256944c36383c4817288da1db87343fd8245e2c210fa0583dba5c2:segment:003,3,8262.0,8012,activities/049_251011081438.csv,1,1,0,0
fit:06ab469a75256944c36383c4817288da1db87343fd8245e2c210fa0583dba5c2,2025-10-11T08:32:22+00:00,1522,303,171,73,3.626,197.39999999999998,18,fit:06ab469a75256944c36383c4817288da1db87343fd8245e2c210fa0583dba5c2:segment:003,3,8263.0,8013,activities/049_251011081438.csv,1,1,0,0
fit:06ab469a75256944c36383c4817288da1db87343fd8245e2c210fa0583dba5c2,2025-10-11T08:32:23+00:00,1523,279,171,74,3.569,197.39999999999998,18,fit:06ab469a75256944c36383c4817288da1db87343fd8245e2c210fa0583dba5c2:segment:003,3,8264.0,8014,activities/049_251011081438.csv,1,1,0,0
fit:06ab469a75256944c36383c4817288da1db87343fd8245e2c210fa0583dba5c2,2025-10-11T08:32:24+00:00,1524,279,171,74,3.456,198.0,18,fit:06ab469a75256944c36383c4817288da1db87343fd8245e2c210fa0583dba5c2:segment:003,3,8265.0,8015,activities/049_251011081438.csv,1,1,0,0
fit:06ab469a75256944c36383c4817288da1db87343fd8245e2c210fa0583dba5c2,2025-10-11T08:32:25+00:00,1525,290,171,73,3.595,198.39999999999998,18,fit:06ab469a75256944c36383c4817288da1db87343fd8245e2c210fa0583dba5c2:segment:003,3,8266.0,8016,activities/049_251011081438.csv,1,1,0,0
fit:06ab469a75256944c36383c4817288da1db87343fd8245e2c210fa0583dba5c2,2025-10-11T08:32:26+00:00,1526,323,171,74,3.604,198.39999999999998,18,fit:06ab469a75256944c36383c4817288da1db87343fd8245e2c210fa0583dba5c2:segment:003,3,8267.0,8017,activities/049_251011081438.csv,1,1,0,0
fit:06ab469a75256944c36383c4817288da1db87343fd8245e2c210fa0583dba5c2,2025-10-11T08:32:27+00:00,1527,323,171,74,3.618,198.39999999999998,18,fit:06ab469a75256944c36383c4817288da1db87343fd8245e2c210fa0583dba5c2:segment:003,3,8268.0,8018,activities/049_251011081438.csv,1,1,0,0
fit:06ab469a75256944c36383c4817288da1db87343fd8245e2c210fa0583dba5c2,2025-10-11T08:32:28+00:00,1528,284,171,74,3.529,199.0,18,fit:06ab469a75256944c36383c4817288da1db87343fd8245e2c210fa0583dba5c2:segment:003,3,8269.0,8019,activities/049_251011081438.csv,1,1,0,0
fit:06ab469a75256944c36383c4817288da1db87343fd8245e2c210fa0583dba5c2,2025-10-11T08:32:29+00:00,1529,284,171,72,3.539,199.39999999999998,18,fit:06ab469a75256944c36383c4817288da1db87343fd8245e2c210fa0583dba5c2:segment:003,3,8270.0,8020,activities/049_251011081438.csv,1,1,0,0
fit:06ab469a75256944c36383c4817288da1db87343fd8245e2c210fa0583dba5c2,2025-10-11T08:32:30+00:00,1530,281,171,71,3.449,199.39999999999998,18,fit:06ab469a75256944c36383c4817288da1db87343fd8245e2c210fa0583dba5c2:segment:003,3,8271.0,8021,activities/049_251011081438.csv,1,1,0,0
fit:06ab469a75256944c36383c4817288da1db87343fd8245e2c210fa0583dba5c2,2025-10-11T08:32:31+00:00,1531,334,171,70,3.51,199.39999999999998,18,fit:06ab469a75256944c36383c4817288da1db87343fd8245e2c210fa0583dba5c2:segment:003,3,8272.0,8022,activities/049_251011081438.csv,1,1,0,0
fit:06ab469a75256944c36383c4817288da1db87343fd8245e2c210fa0583dba5c2,2025-10-11T08:32:32+00:00,1532,340,171,71,3.469,200.39999999999998,18,fit:06ab469a75256944c36383c4817288da1db87343fd8245e2c210fa0583dba5c2:segment:003,3,8273.0,8023,activities/049_251011081438.csv,1,1,0,0
fit:06ab469a75256944c36383c4817288da1db87343fd8245e2c210fa0583dba5c2,2025-10-11T08:32:33+00:00,1533,295,171,71,3.371,200.60000000000002,18,fit:06ab469a75256944c36383c4817288da1db87343fd8245e2c210fa0583dba5c2:segment:003,3,8274.0,8024,activities/049_251011081438.csv,1,1,0,0
fit:06ab469a75256944c36383c4817288da1db87343fd8245e2c210fa0583dba5c2,2025-10-11T08:32:34+00:00,1534,286,170,70,3.277,200.60000000000002,18,fit:06ab469a75256944c36383c4817288da1db87343fd8245e2c210fa0583dba5c2:segment:003,3,8275.0,8025,activities/049_251011081438.csv,1,1,0,0
fit:06ab469a75256944c36383c4817288da1db87343fd8245e2c210fa0583dba5c2,2025-10-11T08:32:35+00:00,1535,298,170,69,3.342,200.60000000000002,18,fit:06ab469a75256944c36383c4817288da1db87343fd8245e2c210fa0583dba5c2:segment:003,3,8276.0,8026,activities/049_251011081438.csv,1,1,0,0
fit:06ab469a75256944c36383c4817288da1db87343fd8245e2c210fa0583dba5c2,2025-10-11T08:32:36+00:00,1536,290,170,70,3.334,201.60000000000002,18,fit:06ab469a75256944c36383c4817288da1db87343fd8245e2c210fa0583dba5c2:segment:003,3,8277.0,8027,activities/049_251011081438.csv,1,1,0,0
fit:06ab469a75256944c36383c4817288da1db87343fd8245e2c210fa0583dba5c2,2025-10-11T08:32:37+00:00,1537,279,170,71,3.282,202.39999999999998,18,fit:06ab469a75256944c36383c4817288da1db87343fd8245e2c210fa0583dba5c2:segment:003,3,8278.0,8028,activities/049_251011081438.csv,1,1,0,0
fit:06ab469a75256944c36383c4817288da1db87343fd8245e2c210fa0583dba5c2,2025-10-11T08:32:38+00:00,1538,321,171,71,3.276,202.39999999999998,18,fit:06ab469a75256944c36383c4817288da1db87343fd8245e2c210fa0583dba5c2:segment:003,3,8279.0,8029,activities/049_251011081438.csv,1,1,0,0
fit:06ab469a75256944c36383c4817288da1db87343fd8245e2c210fa0583dba5c2,2025-10-11T08:32:39+00:00,1539,323,171,70,3.085,202.39999999999998,18,fit:06ab469a75256944c36383c4817288da1db87343fd8245e2c210fa0583dba5c2:segment:003,3,8280.0,8030,activities/049_251011081438.csv,1,1,0,0
fit:06ab469a75256944c36383c4817288da1db87343fd8245e2c210fa0583dba5c2,2025-10-11T08:32:40+00:00,1540,358,170,71,3.024,202.39999999999998,18,fit:06ab469a75256944c36383c4817288da1db87343fd8245e2c210fa0583dba5c2:segment:003,3,8281.0,8031,activities/049_251011081438.csv,1,1,0,0
fit:06ab469a75256944c36383c4817288da1db87343fd8245e2c210fa0583dba5c2,2025-10-11T08:32:41+00:00,1541,333,170,73,2.98,203.79999999999995,18,fit:06ab469a75256944c36383c4817288da1db87343fd8245e2c210fa0583dba5c2:segment:003,3,8282.0,8032,activities/049_251011081438.csv,1,1,0,0
fit:06ab469a75256944c36383c4817288da1db87343fd8245e2c210fa0583dba5c2,2025-10-11T08:32:42+00:00,1542,302,170,74,3.108,203.79999999999995,18,fit:06ab469a75256944c36383c4817288da1db87343fd8245e2c210fa0583dba5c2:segment:003,3,8283.0,8033,activities/049_251011081438.csv,1,1,0,0
fit:06ab469a75256944c36383c4817288da1db87343fd8245e2c210fa0583dba5c2,2025-10-11T08:32:43+00:00,1543,282,170,75,3.199,203.79999999999995,18,fit:06ab469a75256944c36383c4817288da1db87343fd8245e2c210fa0583dba5c2:segment:003,3,8284.0,8034,activities/049_251011081438.csv,1,1,0,0
fit:06ab469a75256944c36383c4817288da1db87343fd8245e2c210fa0583dba5c2,2025-10-11T08:32:44+00:00,1544,270,170,75,3.234,203.79999999999995,18,fit:06ab469a75256944c36383c4817288da1db87343fd8245e2c210fa0583dba5c2:segment:003,3,8285.0,8035,activities/049_251011081438.csv,1,1,0,0
fit:06ab469a75256944c36383c4817288da1db87343fd8245e2c210fa0583dba5c2,2025-10-11T08:32:45+00:00,1545,247,170,74,3.031,205.0,18,fit:06ab469a75256944c36383c4817288da1db87343fd8245e2c210fa0583dba5c2:segment:003,3,8286.0,8036,activities/049_251011081438.csv,1,1,0,0
fit:06ab469a75256944c36383c4817288da1db87343fd8245e2c210fa0583dba5c2,2025-10-11T08:32:46+00:00,1546,323,170,74,3.014,205.0,18,fit:06ab469a75256944c36383c4817288da1db87343fd8245e2c210fa0583dba5c2:segment:003,3,8287.0,8037,activities/049_251011081438.csv,1,1,0,0
fit:06ab469a75256944c36383c4817288da1db87343fd8245e2c210fa0583dba5c2,2025-10-11T08:32:47+00:00,1547,306,171,75,3.052,205.0,18,fit:06ab469a75256944c36383c4817288da1db87343fd8245e2c210fa0583dba5c2:segment:003,3,8288.0,8038,activities/049_251011081438.csv,1,1,0,0
fit:06ab469a75256944c36383c4817288da1db87343fd8245e2c210fa0583dba5c2,2025-10-11T08:32:48+00:00,1548,351,172,74,3.156,205.79999999999995,18,fit:06ab469a75256944c36383c4817288da1db87343fd8245e2c210fa0583dba5c2:segment:003,3,8289.0,8039,activities/049_251011081438.csv,1,1,0,0
fit:06ab469a75256944c36383c4817288da1db87343fd8245e2c210fa0583dba5c2,2025-10-11T08:32:49+00:00,1549,351,172,74,3.242,206.0,18,fit:06ab469a75256944c36383c4817288da1db87343fd8245e2c210fa0583dba5c2:segment:003,3,8290.0,8040,activities/049_251011081438.csv,1,1,0,0
fit:06ab469a75256944c36383c4817288da1db87343fd8245e2c210fa0583dba5c2,2025-10-11T08:32:50+00:00,1550,315,173,73,3.38,206.0,18,fit:06ab469a75256944c36383c4817288da1db87343fd8245e2c210fa0583dba5c2:segment:003,3,8291.0,8041,activities/049_251011081438.csv,1,1,0,0
fit:06ab469a75256944c36383c4817288da1db87343fd8245e2c210fa0583dba5c2,2025-10-11T08:32:51+00:00,1551,258,174,73,3.42,206.0,18,fit:06ab469a75256944c36383c4817288da1db87343fd8245e2c210fa0583dba5c2:segment:003,3,8292.0,8042,activities/049_251011081438.csv,1,1,0,0
fit:06ab469a75256944c36383c4817288da1db87343fd8245e2c210fa0583dba5c2,2025-10-11T08:32:52+00:00,1552,375,174,75,3.369,206.39999999999998,18,fit:06ab469a75256944c36383c4817288da1db87343fd8245e2c210fa0583dba5c2:segment:003,3,8293.0,8043,activities/049_251011081438.csv,1,1,0,0
fit:06ab469a75256944c36383c4817288da1db87343fd8245e2c210fa0583dba5c2,2025-10-11T08:32:53+00:00,1553,265,174,77,3.559,206.79999999999995,18,fit:06ab469a75256944c36383c4817288da1db87343fd8245e2c210fa0583dba5c2:segment:003,3,8294.0,8044,activities/049_251011081438.csv,1,1,0,0
fit:06ab469a75256944c36383c4817288da1db87343fd8245e2c210fa0583dba5c2,2025-10-11T08:32:54+00:00,1554,265,174,77,3.659,206.79999999999995,18,fit:06ab469a75256944c36383c4817288da1db87343fd8245e2c210fa0583dba5c2:segment:003,3,8295.0,8045,activities/049_251011081438.csv,1,1,0,0
fit:06ab469a75256944c36383c4817288da1db87343fd8245e2c210fa0583dba5c2,2025-10-11T08:32:55+00:00,1555,302,174,76,3.582,206.79999999999995,18,fit:06ab469a75256944c36383c4817288da1db87343fd8245e2c210fa0583dba5c2:segment:003,3,8296.0,8046,activities/049_251011081438.csv,1,1,0,0
fit:06ab469a75256944c36383c4817288da1db87343fd8245e2c210fa0583dba5c2,2025-10-11T08:32:56+00:00,1556,282,173,75,3.454,207.60000000000002,18,fit:06ab469a75256944c36383c4817288da1db87343fd8245e2c210fa0583dba5c2:segment:003,3,8297.0,8047,activities/049_251011081438.csv,1,1,0,0
fit:06ab469a75256944c36383c4817288da1db87343fd8245e2c210fa0583dba5c2,2025-10-11T08:32:57+00:00,1557,255,173,73,3.601,208.39999999999998,18,fit:06ab469a75256944c36383c4817288da1db87343fd8245e2c210fa0583dba5c2:segment:003,3,8298.0,8048,activities/049_251011081438.csv,1,1,0,0
fit:06ab469a75256944c36383c4817288da1db87343fd8245e2c210fa0583dba5c2,2025-10-11T08:32:58+00:00,1558,281,173,73,3.488,208.39999999999998,18,fit:06ab469a75256944c36383c4817288da1db87343fd8245e2c210fa0583dba5c2:segment:003,3,8299.0,8049,activities/049_251011081438.csv,1,1,0,0
fit:06ab469a75256944c36383c4817288da1db87343fd8245e2c210fa0583dba5c2,2025-10-11T08:32:59+00:00,1559,235,173,75,3.453,208.39999999999998,18,fit:06ab469a75256944c36383c4817288da1db87343fd8245e2c210fa0583dba5c2:segment:003,3,8300.0,8050,activities/049_251011081438.csv,1,1,0,0
fit:06ab469a75256944c36383c4817288da1db87343fd8245e2c210fa0583dba5c2,2025-10-11T08:33:00+00:00,1560,236,174,76,3.511,208.60000000000002,18,fit:06ab469a75256944c36383c4817288da1db87343fd8245e2c210fa0583dba5c2:segment:003,3,8301.0,8051,activities/049_251011081438.csv,1,1,0,0
fit:06ab469a75256944c36383c4817288da1db87343fd8245e2c210fa0583dba5c2,2025-10-11T08:33:01+00:00,1561,271,174,75,3.4,209.60000000000002,18,fit:06ab469a75256944c36383c4817288da1db87343fd8245e2c210fa0583dba5c2:segment:003,3,8302.0,8052,activities/049_251011081438.csv,1,1,0,0
fit:06ab469a75256944c36383c4817288da1db87343fd8245e2c210fa0583dba5c2,2025-10-11T08:33:02+00:00,1562,266,174,75,3.32,209.60000000000002,18,fit:06ab469a75256944c36383c4817288da1db87343fd8245e2c210fa0583dba5c2:segment:003,3,8303.0,8053,activities/049_251011081438.csv,1,1,0,0
fit:06ab469a75256944c36383c4817288da1db87343fd8245e2c210fa0583dba5c2,2025-10-11T08:33:03+00:00,1563,273,174,75,3.531,209.60000000000002,18,fit:06ab469a75256944c36383c4817288da1db87343fd8245e2c210fa0583dba5c2:segment:003,3,8304.0,8054,activities/049_251011081438.csv,1,1,0,0
fit:06ab469a75256944c36383c4817288da1db87343fd8245e2c210fa0583dba5c2,2025-10-11T08:33:04+00:00,1564,273,175,74,3.474,210.39999999999998,18,fit:06ab469a75256944c36383c4817288da1db87343fd8245e2c210fa0583dba5c2:segment:003,3,8305.0,8055,activities/049_251011081438.csv,1,1,0,0
fit:06ab469a75256944c36383c4817288da1db87343fd8245e2c210fa0583dba5c2,2025-10-11T08:33:05+00:00,1565,293,175,75,3.567,210.60000000000002,18,fit:06ab469a75256944c36383c4817288da1db87343fd8245e2c210fa0583dba5c2:segment:003,3,8306.0,8056,activities/049_251011081438.csv,1,1,0,0
fit:06ab469a75256944c36383c4817288da1db87343fd8245e2c210fa0583dba5c2,2025-10-11T08:33:06+00:00,1566,243,175,76,3.729,210.60000000000002,18,fit:06ab469a75256944c36383c4817288da1db87343fd8245e2c210fa0583dba5c2:segment:003,3,8307.0,8057,activities/049_251011081438.csv,1,1,0,0
fit:06ab469a75256944c36383c4817288da1db87343fd8245e2c210fa0583dba5c2,2025-10-11T08:33:07+00:00,1567,253,175,75,3.793,210.60000000000002,18,fit:06ab469a75256944c36383c4817288da1db87343fd8245e2c210fa0583dba5c2:segment:003,3,8308.0,8058,activities/049_251011081438.csv,1,1,0,0
fit:06ab469a75256944c36383c4817288da1db87343fd8245e2c210fa0583dba5c2,2025-10-11T08:33:08+00:00,1568,289,175,74,3.769,211.0,18,fit:06ab469a75256944c36383c4817288da1db87343fd8245e2c210fa0583dba5c2:segment:003,3,8309.0,8059,activities/049_251011081438.csv,1,1,0,0
fit:06ab469a75256944c36383c4817288da1db87343fd8245e2c210fa0583dba5c2,2025-10-11T08:33:09+00:00,1569,289,175,75,3.819,211.20000000000005,18,fit:06ab469a75256944c36383c4817288da1db87343fd8245e2c210fa0583dba5c2:segment:003,3,8310.0,8060,activities/049_251011081438.csv,1,1,0,0
fit:06ab469a75256944c36383c4817288da1db87343fd8245e2c210fa0583dba5c2,2025-10-11T08:33:10+00:00,1570,308,175,76,3.875,211.20000000000005,18,fit:06ab469a75256944c36383c4817288da1db87343fd8245e2c210fa0583dba5c2:segment:003,3,8311.0,8061,activities/049_251011081438.csv,1,1,0,0
fit:06ab469a75256944c36383c4817288da1db87343fd8245e2c210fa0583dba5c2,2025-10-11T08:33:11+00:00,1571,306,175,75,3.746,211.20000000000005,18,fit:06ab469a75256944c36383c4817288da1db87343fd8245e2c210fa0583dba5c2:segment:003,3,8312.0,8062,activities/049_251011081438.csv,1,1,0,0
fit:06ab469a75256944c36383c4817288da1db87343fd8245e2c210fa0583dba5c2,2025-10-11T08:33:12+00:00,1572,307,175,75,3.679,212.20000000000005,18,fit:06ab469a75256944c36383c4817288da1db87343fd8245e2c210fa0583dba5c2:segment:003,3,8313.0,8063,activities/049_251011081438.csv,1,1,0,0
fit:06ab469a75256944c36383c4817288da1db87343fd8245e2c210fa0583dba5c2,2025-10-11T08:33:13+00:00,1573,283,175,76,3.801,212.39999999999998,18,fit:06ab469a75256944c36383c4817288da1db87343fd8245e2c210fa0583dba5c2:segment:003,3,8314.0,8064,activities/049_251011081438.csv,1,1,0,0
fit:06ab469a75256944c36383c4817288da1db87343fd8245e2c210fa0583dba5c2,2025-10-11T08:33:14+00:00,1574,314,174,76,3.796,212.39999999999998,18,fit:06ab469a75256944c36383c4817288da1db87343fd8245e2c210fa0583dba5c2:segment:003,3,8315.0,8065,activities/049_251011081438.csv,1,1,0,0
fit:06ab469a75256944c36383c4817288da1db87343fd8245e2c210fa0583dba5c2,2025-10-11T08:33:15+00:00,1575,299,175,77,3.759,212.39999999999998,18,fit:06ab469a75256944c36383c4817288da1db87343fd8245e2c210fa0583dba5c2:segment:003,3,8316.0,8066,activities/049_251011081438.csv,1,1,0,0
fit:06ab469a75256944c36383c4817288da1db87343fd8245e2c210fa0583dba5c2,2025-10-11T08:33:16+00:00,1576,250,174,77,3.735,213.39999999999998,18,fit:06ab469a75256944c36383c4817288da1db87343fd8245e2c210fa0583dba5c2:segment:003,3,8317.0,8067,activities/049_251011081438.csv,1,1,0,0
fit:06ab469a75256944c36383c4817288da1db87343fd8245e2c210fa0583dba5c2,2025-10-11T08:33:17+00:00,1577,273,174,77,3.823,213.79999999999995,18,fit:06ab469a75256944c36383c4817288da1db87343fd8245e2c210fa0583dba5c2:segment:003,3,8318.0,8068,activities/049_251011081438.csv,1,1,0,0
fit:06ab469a75256944c36383c4817288da1db87343fd8245e2c210fa0583dba5c2,2025-10-11T08:33:18+00:00,1578,306,174,77,3.84,213.79999999999995,18,fit:06ab469a75256944c36383c4817288da1db87343fd8245e2c210fa0583dba5c2:segment:003,3,8319.0,8069,activities/049_251011081438.csv,1,1,0,0
fit:06ab469a75256944c36383c4817288da1db87343fd8245e2c210fa0583dba5c2,2025-10-11T08:33:19+00:00,1579,306,174,80,3.93,213.79999999999995,18,fit:06ab469a75256944c36383c4817288da1db87343fd8245e2c210fa0583dba5c2:segment:003,3,8320.0,8070,activities/049_251011081438.csv,1,1,0,0
fit:06ab469a75256944c36383c4817288da1db87343fd8245e2c210fa0583dba5c2,2025-10-11T08:33:20+00:00,1580,274,174,81,3.995,213.79999999999995,18,fit:06ab469a75256944c36383c4817288da1db87343fd8245e2c210fa0583dba5c2:segment:003,3,8321.0,8071,activities/049_251011081438.csv,1,1,0,0
fit:06ab469a75256944c36383c4817288da1db87343fd8245e2c210fa0583dba5c2,2025-10-11T08:33:21+00:00,1581,302,174,78,4.004,214.39999999999998,18,fit:06ab469a75256944c36383c4817288da1db87343fd8245e2c210fa0583dba5c2:segment:003,3,8322.0,8072,activities/049_251011081438.csv,1,1,0,0
fit:06ab469a75256944c36383c4817288da1db87343fd8245e2c210fa0583dba5c2,2025-10-11T08:33:22+00:00,1582,298,174,77,3.958,214.39999999999998,18,fit:06ab469a75256944c36383c4817288da1db87343fd8245e2c210fa0583dba5c2:segment:003,3,8323.0,8073,activities/049_251011081438.csv,1,1,0,0
fit:06ab469a75256944c36383c4817288da1db87343fd8245e2c210fa0583dba5c2,2025-10-11T08:33:23+00:00,1583,318,174,77,3.97,214.39999999999998,18,fit:06ab469a75256944c36383c4817288da1db87343fd8245e2c210fa0583dba5c2:segment:003,3,8324.0,8074,activities/049_251011081438.csv,1,1,0,0
fit:06ab469a75256944c36383c4817288da1db87343fd8245e2c210fa0583dba5c2,2025-10-11T08:33:24+00:00,1584,319,173,77,3.915,215.39999999999998,18,fit:06ab469a75256944c36383c4817288da1db87343fd8245e2c210fa0583dba5c2:segment:003,3,8325.0,8075,activities/049_251011081438.csv,1,1,0,0
fit:06ab469a75256944c36383c4817288da1db87343fd8245e2c210fa0583dba5c2,2025-10-11T08:33:25+00:00,1585,307,173,75,3.881,216.39999999999998,18,fit:06ab469a75256944c36383c4817288da1db87343fd8245e2c210fa0583dba5c2:segment:003,3,8326.0,8076,activities/049_251011081438.csv,1,1,0,0
fit:06ab469a75256944c36383c4817288da1db87343fd8245e2c210fa0583dba5c2,2025-10-11T08:33:26+00:00,1586,306,173,76,3.879,216.39999999999998,18,fit:06ab469a75256944c36383c4817288da1db87343fd8245e2c210fa0583dba5c2:segment:003,3,8327.0,8077,activities/049_251011081438.csv,1,1,0,0
fit:06ab469a75256944c36383c4817288da1db87343fd8245e2c210fa0583dba5c2,2025-10-11T08:33:27+00:00,1587,270,173,76,3.759,216.39999999999998,18,fit:06ab469a75256944c36383c4817288da1db87343fd8245e2c210fa0583dba5c2:segment:003,3,8328.0,8078,activities/049_251011081438.csv,1,1,0,0
fit:06ab469a75256944c36383c4817288da1db87343fd8245e2c210fa0583dba5c2,2025-10-11T08:33:28+00:00,1588,241,173,75,3.571,216.39999999999998,18,fit:06ab469a75256944c36383c4817288da1db87343fd8245e2c210fa0583dba5c2:segment:003,3,8329.0,8079,activities/049_251011081438.csv,1,1,0,0
fit:06ab469a75256944c36383c4817288da1db87343fd8245e2c210fa0583dba5c2,2025-10-11T08:33:29+00:00,1589,308,173,73,3.589,217.39999999999998,18,fit:06ab469a75256944c36383c4817288da1db87343fd8245e2c210fa0583dba5c2:segment:003,3,8330.0,8080,activities/049_251011081438.csv,1,1,0,0
fit:06ab469a75256944c36383c4817288da1db87343fd8245e2c210fa0583dba5c2,2025-10-11T08:33:30+00:00,1590,301,173,74,3.371,217.39999999999998,18,fit:06ab469a75256944c36383c4817288da1db87343fd8245e2c210fa0583dba5c2:segment:003,3,8331.0,8081,activities/049_251011081438.csv,1,1,0,0
fit:06ab469a75256944c36383c4817288da1db87343fd8245e2c210fa0583dba5c2,2025-10-11T08:33:31+00:00,1591,301,173,75,3.563,217.39999999999998,18,fit:06ab469a75256944c36383c4817288da1db87343fd8245e2c210fa0583dba5c2:segment:003,3,8332.0,8082,activities/049_251011081438.csv,1,1,0,0
fit:06ab469a75256944c36383c4817288da1db87343fd8245e2c210fa0583dba5c2,2025-10-11T08:33:32+00:00,1592,273,174,74,3.693,217.39999999999998,18,fit:06ab469a75256944c36383c4817288da1db87343fd8245e2c210fa0583dba5c2:segment:003,3,8333.0,8083,activities/049_251011081438.csv,1,1,0,0
fit:06ab469a75256944c36383c4817288da1db87343fd8245e2c210fa0583dba5c2,2025-10-11T08:33:33+00:00,1593,260,174,74,3.629,218.0,18,fit:06ab469a75256944c36383c4817288da1db87343fd8245e2c210fa0583dba5c2:segment:003,3,8334.0,8084,activities/049_251011081438.csv,1,1,0,0
fit:06ab469a75256944c36383c4817288da1db87343fd8245e2c210fa0583dba5c2,2025-10-11T08:33:34+00:00,1594,245,175,70,3.548,218.0,18,fit:06ab469a75256944c36383c4817288da1db87343fd8245e2c210fa0583dba5c2:segment:003,3,8335.0,8085,activities/049_251011081438.csv,1,1,0,0
fit:06ab469a75256944c36383c4817288da1db87343fd8245e2c210fa0583dba5c2,2025-10-11T08:33:35+00:00,1595,248,175,69,3.472,218.0,18,fit:06ab469a75256944c36383c4817288da1db87343fd8245e2c210fa0583dba5c2:segment:003,3,8336.0,8086,activities/049_251011081438.csv,1,1,0,0
fit:06ab469a75256944c36383c4817288da1db87343fd8245e2c210fa0583dba5c2,2025-10-11T08:33:36+00:00,1596,250,175,69,3.295,219.0,18,fit:06ab469a75256944c36383c4817288da1db87343fd8245e2c210fa0583dba5c2:segment:003,3,8337.0,8087,activities/049_251011081438.csv,1,1,0,0
fit:06ab469a75256944c36383c4817288da1db87343fd8245e2c210fa0583dba5c2,2025-10-11T08:33:37+00:00,1597,279,174,70,3.502,219.0,18,fit:06ab469a75256944c36383c4817288da1db87343fd8245e2c210fa0583dba5c2:segment:003,3,8338.0,8088,activities/049_251011081438.csv,1,1,0,0
fit:06ab469a75256944c36383c4817288da1db87343fd8245e2c210fa0583dba5c2,2025-10-11T08:33:38+00:00,1598,249,174,71,3.547,219.0,18,fit:06ab469a75256944c36383c4817288da1db87343fd8245e2c210fa0583dba5c2:segment:003,3,8339.0,8089,activities/049_251011081438.csv,1,1,0,0
fit:06ab469a75256944c36383c4817288da1db87343fd8245e2c210fa0583dba5c2,2025-10-11T08:33:39+00:00,1599,242,173,72,3.462,219.0,18,fit:06ab469a75256944c36383c4817288da1db87343fd8245e2c210fa0583dba5c2:segment:003,3,8340.0,8090,activities/049_251011081438.csv,1,1,0,0
fit:06ab469a75256944c36383c4817288da1db87343fd8245e2c210fa0583dba5c2,2025-10-11T08:33:40+00:00,1600,252,173,70,3.472,219.79999999999995,18,fit:06ab469a75256944c36383c4817288da1db87343fd8245e2c210fa0583dba5c2:segment:003,3,8341.0,8091,activities/049_251011081438.csv,1,1,0,0
fit:06ab469a75256944c36383c4817288da1db87343fd8245e2c210fa0583dba5c2,2025-10-11T08:33:41+00:00,1601,276,172,69,3.461,219.79999999999995,18,fit:06ab469a75256944c36383c4817288da1db87343fd8245e2c210fa0583dba5c2:segment:003,3,8342.0,8092,activities/049_251011081438.csv,1,1,0,0
fit:06ab469a75256944c36383c4817288da1db87343fd8245e2c210fa0583dba5c2,2025-10-11T08:33:42+00:00,1602,252,172,70,3.461,219.79999999999995,18,fit:06ab469a75256944c36383c4817288da1db87343fd8245e2c210fa0583dba5c2:segment:003,3,8343.0,8093,activities/049_251011081438.csv,1,1,0,0
fit:06ab469a75256944c36383c4817288da1db87343fd8245e2c210fa0583dba5c2,2025-10-11T08:33:43+00:00,1603,265,172,71,3.509,219.79999999999995,18,fit:06ab469a75256944c36383c4817288da1db87343fd8245e2c210fa0583dba5c2:segment:003,3,8344.0,8094,activities/049_251011081438.csv,1,1,0,0
fit:06ab469a75256944c36383c4817288da1db87343fd8245e2c210fa0583dba5c2,2025-10-11T08:33:44+00:00,1604,266,171,72,3.595,220.79999999999995,18,fit:06ab469a75256944c36383c4817288da1db87343fd8245e2c210fa0583dba5c2:segment:003,3,8345.0,8095,activities/049_251011081438.csv,1,1,0,0
fit:06ab469a75256944c36383c4817288da1db87343fd8245e2c210fa0583dba5c2,2025-10-11T08:33:45+00:00,1605,284,171,74,3.665,221.20000000000005,18,fit:06ab469a75256944c36383c4817288da1db87343fd8245e2c210fa0583dba5c2:segment:003,3,8346.0,8096,activities/049_251011081438.csv,1,1,0,0
fit:06ab469a75256944c36383c4817288da1db87343fd8245e2c210fa0583dba5c2,2025-10-11T08:33:46+00:00,1606,272,171,74,3.785,221.20000000000005,18,fit:06ab469a75256944c36383c4817288da1db87343fd8245e2c210fa0583dba5c2:segment:003,3,8347.0,8097,activities/049_251011081438.csv,1,1,0,0
fit:06ab469a75256944c36383c4817288da1db87343fd8245e2c210fa0583dba5c2,2025-10-11T08:33:47+00:00,1607,271,171,75,3.86,221.20000000000005,18,fit:06ab469a75256944c36383c4817288da1db87343fd8245e2c210fa0583dba5c2:segment:003,3,8348.0,8098,activities/049_251011081438.csv,1,1,0,0
fit:06ab469a75256944c36383c4817288da1db87343fd8245e2c210fa0583dba5c2,2025-10-11T08:33:48+00:00,1608,307,170,74,3.837,222.20000000000005,18,fit:06ab469a75256944c36383c4817288da1db87343fd8245e2c210fa0583dba5c2:segment:003,3,8349.0,8099,activities/049_251011081438.csv,1,1,0,0
fit:06ab469a75256944c36383c4817288da1db87343fd8245e2c210fa0583dba5c2,2025-10-11T08:33:49+00:00,1609,280,170,72,3.78,222.60000000000002,18,fit:06ab469a75256944c36383c4817288da1db87343fd8245e2c210fa0583dba5c2:segment:003,3,8350.0,8100,activities/049_251011081438.csv,1,1,0,0
fit:06ab469a75256944c36383c4817288da1db87343fd8245e2c210fa0583dba5c2,2025-10-11T08:33:50+00:00,1610,284,171,72,3.663,222.60000000000002,18,fit:06ab469a75256944c36383c4817288da1db87343fd8245e2c210fa0583dba5c2:segment:003,3,8351.0,8101,activities/049_251011081438.csv,1,1,0,0
fit:06ab469a75256944c36383c4817288da1db87343fd8245e2c210fa0583dba5c2,2025-10-11T08:33:51+00:00,1611,292,170,72,3.642,222.60000000000002,18,fit:06ab469a75256944c36383c4817288da1db87343fd8245e2c210fa0583dba5c2:segment:003,3,8352.0,8102,activities/049_251011081438.csv,1,1,0,0
fit:06ab469a75256944c36383c4817288da1db87343fd8245e2c210fa0583dba5c2,2025-10-11T08:33:52+00:00,1612,303,170,74,3.664,222.60000000000002,18,fit:06ab469a75256944c36383c4817288da1db87343fd8245e2c210fa0583dba5c2:segment:003,3,8353.0,8103,activities/049_251011081438.csv,1,1,0,0
fit:06ab469a75256944c36383c4817288da1db87343fd8245e2c210fa0583dba5c2,2025-10-11T08:33:53+00:00,1613,283,171,74,3.575,223.60000000000002,18,fit:06ab469a75256944c36383c4817288da1db87343fd8245e2c210fa0583dba5c2:segment:003,3,8354.0,8104,activities/049_251011081438.csv,1,1,0,0
fit:06ab469a75256944c36383c4817288da1db87343fd8245e2c210fa0583dba5c2,2025-10-11T08:33:54+00:00,1614,289,171,74,3.543,223.60000000000002,18,fit:06ab469a75256944c36383c4817288da1db87343fd8245e2c210fa0583dba5c2:segment:003,3,8355.0,8105,activities/049_251011081438.csv,1,1,0,0
fit:06ab469a75256944c36383c4817288da1db87343fd8245e2c210fa0583dba5c2,2025-10-11T08:33:55+00:00,1615,281,171,74,3.545,223.60000000000002,18,fit:06ab469a75256944c36383c4817288da1db87343fd8245e2c210fa0583dba5c2:segment:003,3,8356.0,8106,activities/049_251011081438.csv,1,1,0,0
fit:06ab469a75256944c36383c4817288da1db87343fd8245e2c210fa0583dba5c2,2025-10-11T08:33:56+00:00,1616,286,172,73,3.576,223.60000000000002,18,fit:06ab469a75256944c36383c4817288da1db87343fd8245e2c210fa0583dba5c2:segment:003,3,8357.0,8107,activities/049_251011081438.csv,1,1,0,0
fit:06ab469a75256944c36383c4817288da1db87343fd8245e2c210fa0583dba5c2,2025-10-11T08:33:57+00:00,1617,302,172,74,3.608,224.20000000000005,18,fit:06ab469a75256944c36383c4817288da1db87343fd8245e2c210fa0583dba5c2:segment:003,3,8358.0,8108,activities/049_251011081438.csv,1,1,0,0
fit:06ab469a75256944c36383c4817288da1db87343fd8245e2c210fa0583dba5c2,2025-10-11T08:33:58+00:00,1618,271,172,75,3.64,224.20000000000005,17,fit:06ab469a75256944c36383c4817288da1db87343fd8245e2c210fa0583dba5c2:segment:003,3,8359.0,8109,activities/049_251011081438.csv,1,1,0,0
fit:06ab469a75256944c36383c4817288da1db87343fd8245e2c210fa0583dba5c2,2025-10-11T08:33:59+00:00,1619,271,172,78,3.639,224.20000000000005,18,fit:06ab469a75256944c36383c4817288da1db87343fd8245e2c210fa0583dba5c2:segment:003,3,8360.0,8110,activities/049_251011081438.csv,1,1,0,0
fit:06ab469a75256944c36383c4817288da1db87343fd8245e2c210fa0583dba5c2,2025-10-11T08:34:00+00:00,1620,244,172,77,3.64,224.79999999999995,18,fit:06ab469a75256944c36383c4817288da1db87343fd8245e2c210fa0583dba5c2:segment:003,3,8361.0,8111,activities/049_251011081438.csv,1,1,0,0
fit:06ab469a75256944c36383c4817288da1db87343fd8245e2c210fa0583dba5c2,2025-10-11T08:34:01+00:00,1621,311,172,76,3.812,225.60000000000002,18,fit:06ab469a75256944c36383c4817288da1db87343fd8245e2c210fa0583dba5c2:segment:003,3,8362.0,8112,activities/049_251011081438.csv,1,1,0,0
fit:06ab469a75256944c36383c4817288da1db87343fd8245e2c210fa0583dba5c2,2025-10-11T08:34:02+00:00,1622,260,172,79,3.737,225.60000000000002,18,fit:06ab469a75256944c36383c4817288da1db87343fd8245e2c210fa0583dba5c2:segment:003,3,8363.0,8113,activities/049_251011081438.csv,1,1,0,0
fit:06ab469a75256944c36383c4817288da1db87343fd8245e2c210fa0583dba5c2,2025-10-11T08:34:03+00:00,1623,237,172,79,3.697,225.60000000000002,18,fit:06ab469a75256944c36383c4817288da1db87343fd8245e2c210fa0583dba5c2:segment:003,3,8364.0,8114,activities/049_251011081438.csv,1,1,0,0
fit:06ab469a75256944c36383c4817288da1db87343fd8245e2c210fa0583dba5c2,2025-10-11T08:34:04+00:00,1624,302,172,79,3.707,226.20000000000005,17,fit:06ab469a75256944c36383c4817288da1db87343fd8245e2c210fa0583dba5c2:segment:003,3,8365.0,8115,activities/049_251011081438.csv,1,1,0,0
fit:06ab469a75256944c36383c4817288da1db87343fd8245e2c210fa0583dba5c2,2025-10-11T08:34:05+00:00,1625,277,171,74,3.689,226.60000000000002,18,fit:06ab469a75256944c36383c4817288da1db87343fd8245e2c210fa0583dba5c2:segment:003,3,8366.0,8116,activities/049_251011081438.csv,1,1,0,0
fit:06ab469a75256944c36383c4817288da1db87343fd8245e2c210fa0583dba5c2,2025-10-11T08:34:06+00:00,1626,314,171,75,3.723,226.60000000000002,18,fit:06ab469a75256944c36383c4817288da1db87343fd8245e2c210fa0583dba5c2:segment:003,3,8367.0,8117,activities/049_251011081438.csv,1,1,0,0
fit:06ab469a75256944c36383c4817288da1db87343fd8245e2c210fa0583dba5c2,2025-10-11T08:34:07+00:00,1627,308,171,76,3.73,226.60000000000002,18,fit:06ab469a75256944c36383c4817288da1db87343fd8245e2c210fa0583dba5c2:segment:003,3,8368.0,8118,activities/049_251011081438.csv,1,1,0,0
fit:06ab469a75256944c36383c4817288da1db87343fd8245e2c210fa0583dba5c2,2025-10-11T08:34:08+00:00,1628,337,171,77,3.815,227.39999999999998,17,fit:06ab469a75256944c36383c4817288da1db87343fd8245e2c210fa0583dba5c2:segment:003,3,8369.0,8119,activities/049_251011081438.csv,1,1,0,0
fit:06ab469a75256944c36383c4817288da1db87343fd8245e2c210fa0583dba5c2,2025-10-11T08:34:09+00:00,1629,338,171,83,3.912,227.79999999999995,17,fit:06ab469a75256944c36383c4817288da1db87343fd8245e2c210fa0583dba5c2:segment:003,3,8370.0,8120,activities/049_251011081438.csv,1,1,0,0
fit:06ab469a75256944c36383c4817288da1db87343fd8245e2c210fa0583dba5c2,2025-10-11T08:34:10+00:00,1630,352,171,86,4.082,227.79999999999995,17,fit:06ab469a75256944c36383c4817288da1db87343fd8245e2c210fa0583dba5c2:segment:003,3,8371.0,8121,activities/049_251011081438.csv,1,1,0,0
fit:06ab469a75256944c36383c4817288da1db87343fd8245e2c210fa0583dba5c2,2025-10-11T08:34:11+00:00,1631,105,171,85,4.097,227.79999999999995,17,fit:06ab469a75256944c36383c4817288da1db87343fd8245e2c210fa0583dba5c2:segment:003,3,8372.0,8122,activities/049_251011081438.csv,1,1,0,0
fit:06ab469a75256944c36383c4817288da1db87343fd8245e2c210fa0583dba5c2,2025-10-11T08:34:12+00:00,1632,239,170,79,4.197,228.39999999999998,17,fit:06ab469a75256944c36383c4817288da1db87343fd8245e2c210fa0583dba5c2:segment:003,3,8373.0,8123,activities/049_251011081438.csv,1,1,0,0
fit:06ab469a75256944c36383c4817288da1db87343fd8245e2c210fa0583dba5c2,2025-10-11T08:34:13+00:00,1633,280,170,78,4.102,228.79999999999995,17,fit:06ab469a75256944c36383c4817288da1db87343fd8245e2c210fa0583dba5c2:segment:003,3,8374.0,8124,activities/049_251011081438.csv,1,1,0,0
fit:06ab469a75256944c36383c4817288da1db87343fd8245e2c210fa0583dba5c2,2025-10-11T08:34:14+00:00,1634,259,170,77,4.167,228.79999999999995,17,fit:06ab469a75256944c36383c4817288da1db87343fd8245e2c210fa0583dba5c2:segment:003,3,8375.0,8125,activities/049_251011081438.csv,1,1,0,0
fit:06ab469a75256944c36383c4817288da1db87343fd8245e2c210fa0583dba5c2,2025-10-11T08:34:15+00:00,1635,298,170,75,4.169,228.79999999999995,17,fit:06ab469a75256944c36383c4817288da1db87343fd8245e2c210fa0583dba5c2:segment:003,3,8376.0,8126,activities/049_251011081438.csv,1,1,0,0
fit:06ab469a75256944c36383c4817288da1db87343fd8245e2c210fa0583dba5c2,2025-10-11T08:34:16+00:00,1636,285,170,75,4.164,229.60000000000002,17,fit:06ab469a75256944c36383c4817288da1db87343fd8245e2c210fa0583dba5c2:segment:003,3,8377.0,8127,activities/049_251011081438.csv,1,1,0,0
fit:06ab469a75256944c36383c4817288da1db87343fd8245e2c210fa0583dba5c2,2025-10-11T08:34:17+00:00,1637,265,170,75,4.208,229.79999999999995,17,fit:06ab469a75256944c36383c4817288da1db87343fd8245e2c210fa0583dba5c2:segment:003,3,8378.0,8128,activities/049_251011081438.csv,1,1,0,0
fit:06ab469a75256944c36383c4817288da1db87343fd8245e2c210fa0583dba5c2,2025-10-11T08:34:18+00:00,1638,288,170,75,4.163,229.79999999999995,17,fit:06ab469a75256944c36383c4817288da1db87343fd8245e2c210fa0583dba5c2:segment:003,3,8379.0,8129,activities/049_251011081438.csv,1,1,0,0
fit:06ab469a75256944c36383c4817288da1db87343fd8245e2c210fa0583dba5c2,2025-10-11T08:34:19+00:00,1639,259,170,75,4.096,229.79999999999995,17,fit:06ab469a75256944c36383c4817288da1db87343fd8245e2c210fa0583dba5c2:segment:003,3,8380.0,8130,activities/049_251011081438.csv,1,1,0,0
fit:06ab469a75256944c36383c4817288da1db87343fd8245e2c210fa0583dba5c2,2025-10-11T08:34:20+00:00,1640,265,170,74,4.036,230.60000000000002,17,fit:06ab469a75256944c36383c4817288da1db87343fd8245e2c210fa0583dba5c2:segment:003,3,8381.0,8131,activities/049_251011081438.csv,1,1,0,0
fit:06ab469a75256944c36383c4817288da1db87343fd8245e2c210fa0583dba5c2,2025-10-11T08:34:21+00:00,1641,296,170,73,4.055,231.0,17,fit:06ab469a75256944c36383c4817288da1db87343fd8245e2c210fa0583dba5c2:segment:003,3,8382.0,8132,activities/049_251011081438.csv,1,1,0,0
fit:06ab469a75256944c36383c4817288da1db87343fd8245e2c210fa0583dba5c2,2025-10-11T08:34:22+00:00,1642,290,170,72,4.018,231.0,17,fit:06ab469a75256944c36383c4817288da1db87343fd8245e2c210fa0583dba5c2:segment:003,3,8383.0,8133,activities/049_251011081438.csv,1,1,0,0
fit:06ab469a75256944c36383c4817288da1db87343fd8245e2c210fa0583dba5c2,2025-10-11T08:34:23+00:00,1643,276,170,72,4.035,231.0,17,fit:06ab469a75256944c36383c4817288da1db87343fd8245e2c210fa0583dba5c2:segment:003,3,8384.0,8134,activities/049_251011081438.csv,1,1,0,0
fit:06ab469a75256944c36383c4817288da1db87343fd8245e2c210fa0583dba5c2,2025-10-11T08:34:24+00:00,1644,283,170,72,3.885,232.0,17,fit:06ab469a75256944c36383c4817288da1db87343fd8245e2c210fa0583dba5c2:segment:003,3,8385.0,8135,activities/049_251011081438.csv,1,1,0,0
fit:06ab469a75256944c36383c4817288da1db87343fd8245e2c210fa0583dba5c2,2025-10-11T08:34:25+00:00,1645,290,170,72,3.823,232.20000000000005,17,fit:06ab469a75256944c36383c4817288da1db87343fd8245e2c210fa0583dba5c2:segment:003,3,8386.0,8136,activities/049_251011081438.csv,1,1,0,0
fit:06ab469a75256944c36383c4817288da1db87343fd8245e2c210fa0583dba5c2,2025-10-11T08:34:26+00:00,1646,267,170,73,3.974,232.20000000000005,17,fit:06ab469a75256944c36383c4817288da1db87343fd8245e2c210fa0583dba5c2:segment:003,3,8387.0,8137,activities/049_251011081438.csv,1,1,0,0
fit:06ab469a75256944c36383c4817288da1db87343fd8245e2c210fa0583dba5c2,2025-10-11T08:34:27+00:00,1647,258,170,73,3.762,232.20000000000005,17,fit:06ab469a75256944c36383c4817288da1db87343fd8245e2c210fa0583dba5c2:segment:003,3,8388.0,8138,activities/049_251011081438.csv,1,1,0,0
fit:06ab469a75256944c36383c4817288da1db87343fd8245e2c210fa0583dba5c2,2025-10-11T08:34:28+00:00,1648,255,170,72,3.673,232.20000000000005,17,fit:06ab469a75256944c36383c4817288da1db87343fd8245e2c210fa0583dba5c2:segment:003,3,8389.0,8139,activities/049_251011081438.csv,1,1,0,0
fit:06ab469a75256944c36383c4817288da1db87343fd8245e2c210fa0583dba5c2,2025-10-11T08:34:29+00:00,1649,268,170,70,3.693,232.79999999999995,17,fit:06ab469a75256944c36383c4817288da1db87343fd8245e2c210fa0583dba5c2:segment:003,3,8390.0,8140,activities/049_251011081438.csv,1,1,0,0
fit:06ab469a75256944c36383c4817288da1db87343fd8245e2c210fa0583dba5c2,2025-10-11T08:34:30+00:00,1650,267,170,69,3.706,232.79999999999995,17,fit:06ab469a75256944c36383c4817288da1db87343fd8245e2c210fa0583dba5c2:segment:003,3,8391.0,8141,activities/049_251011081438.csv,1,1,0,0
fit:06ab469a75256944c36383c4817288da1db87343fd8245e2c210fa0583dba5c2,2025-10-11T08:34:31+00:00,1651,265,170,69,3.56,232.79999999999995,17,fit:06ab469a75256944c36383c4817288da1db87343fd8245e2c210fa0583dba5c2:segment:003,3,8392.0,8142,activities/049_251011081438.csv,1,1,0,0
fit:06ab469a75256944c36383c4817288da1db87343fd8245e2c210fa0583dba5c2,2025-10-11T08:34:32+00:00,1652,318,170,68,3.57,233.79999999999995,17,fit:06ab469a75256944c36383c4817288da1db87343fd8245e2c210fa0583dba5c2:segment:003,3,8393.0,8143,activities/049_251011081438.csv,1,1,0,0
fit:06ab469a75256944c36383c4817288da1db87343fd8245e2c210fa0583dba5c2,2025-10-11T08:34:33+00:00,1653,271,170,69,3.645,234.20000000000005,17,fit:06ab469a75256944c36383c4817288da1db87343fd8245e2c210fa0583dba5c2:segment:003,3,8394.0,8144,activities/049_251011081438.csv,1,1,0,0
fit:06ab469a75256944c36383c4817288da1db87343fd8245e2c210fa0583dba5c2,2025-10-11T08:34:34+00:00,1654,270,170,70,3.686,234.20000000000005,17,fit:06ab469a75256944c36383c4817288da1db87343fd8245e2c210fa0583dba5c2:segment:003,3,8395.0,8145,activities/049_251011081438.csv,1,1,0,0
fit:06ab469a75256944c36383c4817288da1db87343fd8245e2c210fa0583dba5c2,2025-10-11T08:34:35+00:00,1655,269,170,70,3.633,234.20000000000005,17,fit:06ab469a75256944c36383c4817288da1db87343fd8245e2c210fa0583dba5c2:segment:003,3,8396.0,8146,activities/049_251011081438.csv,1,1,0,0
fit:06ab469a75256944c36383c4817288da1db87343fd8245e2c210fa0583dba5c2,2025-10-11T08:34:36+00:00,1656,277,170,70,3.744,234.79999999999995,17,fit:06ab469a75256944c36383c4817288da1db87343fd8245e2c210fa0583dba5c2:segment:003,3,8397.0,8147,activities/049_251011081438.csv,1,1,0,0
fit:06ab469a75256944c36383c4817288da1db87343fd8245e2c210fa0583dba5c2,2025-10-11T08:34:37+00:00,1657,271,170,70,3.842,235.39999999999998,17,fit:06ab469a75256944c36383c4817288da1db87343fd8245e2c210fa0583dba5c2:segment:003,3,8398.0,8148,activities/049_251011081438.csv,1,1,0,0
fit:06ab469a75256944c36383c4817288da1db87343fd8245e2c210fa0583dba5c2,2025-10-11T08:34:38+00:00,1658,288,170,68,3.693,235.39999999999998,17,fit:06ab469a75256944c36383c4817288da1db87343fd8245e2c210fa0583dba5c2:segment:003,3,8399.0,8149,activities/049_251011081438.csv,1,1,0,0
fit:06ab469a75256944c36383c4817288da1db87343fd8245e2c210fa0583dba5c2,2025-10-11T08:34:39+00:00,1659,289,169,69,3.671,235.39999999999998,17,fit:06ab469a75256944c36383c4817288da1db87343fd8245e2c210fa0583dba5c2:segment:003,3,8400.0,8150,activities/049_251011081438.csv,1,1,0,0
fit:06ab469a75256944c36383c4817288da1db87343fd8245e2c210fa0583dba5c2,2025-10-11T08:34:40+00:00,1660,286,169,71,3.662,236.39999999999998,17,fit:06ab469a75256944c36383c4817288da1db87343fd8245e2c210fa0583dba5c2:segment:003,3,8401.0,8151,activities/049_251011081438.csv,1,1,0,0
fit:06ab469a75256944c36383c4817288da1db87343fd8245e2c210fa0583dba5c2,2025-10-11T08:34:41+00:00,1661,272,169,72,3.777,236.60000000000002,17,fit:06ab469a75256944c36383c4817288da1db87343fd8245e2c210fa0583dba5c2:segment:003,3,8402.0,8152,activities/049_251011081438.csv,1,1,0,0
fit:06ab469a75256944c36383c4817288da1db87343fd8245e2c210fa0583dba5c2,2025-10-11T08:34:42+00:00,1662,294,169,72,3.92,236.60000000000002,17,fit:06ab469a75256944c36383c4817288da1db87343fd8245e2c210fa0583dba5c2:segment:003,3,8403.0,8153,activities/049_251011081438.csv,1,1,0,0
fit:06ab469a75256944c36383c4817288da1db87343fd8245e2c210fa0583dba5c2,2025-10-11T08:34:43+00:00,1663,261,169,73,3.977,236.60000000000002,17,fit:06ab469a75256944c36383c4817288da1db87343fd8245e2c210fa0583dba5c2:segment:003,3,8404.0,8154,activities/049_251011081438.csv,1,1,0,0
fit:06ab469a75256944c36383c4817288da1db87343fd8245e2c210fa0583dba5c2,2025-10-11T08:34:44+00:00,1664,295,169,72,3.881,236.60000000000002,17,fit:06ab469a75256944c36383c4817288da1db87343fd8245e2c210fa0583dba5c2:segment:003,3,8405.0,8155,activities/049_251011081438.csv,1,1,0,0
fit:06ab469a75256944c36383c4817288da1db87343fd8245e2c210fa0583dba5c2,2025-10-11T08:34:45+00:00,1665,268,169,73,3.854,237.60000000000002,17,fit:06ab469a75256944c36383c4817288da1db87343fd8245e2c210fa0583dba5c2:segment:003,3,8406.0,8156,activities/049_251011081438.csv,1,1,0,0
fit:06ab469a75256944c36383c4817288da1db87343fd8245e2c210fa0583dba5c2,2025-10-11T08:34:46+00:00,1666,278,169,73,3.855,237.60000000000002,17,fit:06ab469a75256944c36383c4817288da1db87343fd8245e2c210fa0583dba5c2:segment:003,3,8407.0,8157,activities/049_251011081438.csv,1,1,0,0
fit:06ab469a75256944c36383c4817288da1db87343fd8245e2c210fa0583dba5c2,2025-10-11T08:34:47+00:00,1667,272,169,73,3.812,237.60000000000002,17,fit:06ab469a75256944c36383c4817288da1db87343fd8245e2c210fa0583dba5c2:segment:003,3,8408.0,8158,activities/049_251011081438.csv,1,1,0,0
fit:06ab469a75256944c36383c4817288da1db87343fd8245e2c210fa0583dba5c2,2025-10-11T08:34:48+00:00,1668,302,169,73,3.874,238.39999999999998,17,fit:06ab469a75256944c36383c4817288da1db87343fd8245e2c210fa0583dba5c2:segment:003,3,8409.0,8159,activities/049_251011081438.csv,1,1,0,0
fit:06ab469a75256944c36383c4817288da1db87343fd8245e2c210fa0583dba5c2,2025-10-11T08:34:49+00:00,1669,332,170,73,3.906,238.20000000000005,17,fit:06ab469a75256944c36383c4817288da1db87343fd8245e2c210fa0583dba5c2:segment:003,3,8410.0,8160,activities/049_251011081438.csv,1,1,0,0
fit:06ab469a75256944c36383c4817288da1db87343fd8245e2c210fa0583dba5c2,2025-10-11T08:34:50+00:00,1670,303,170,73,3.892,238.20000000000005,17,fit:06ab469a75256944c36383c4817288da1db87343fd8245e2c210fa0583dba5c2:segment:003,3,8411.0,8161,activities/049_251011081438.csv,1,1,0,0
fit:06ab469a75256944c36383c4817288da1db87343fd8245e2c210fa0583dba5c2,2025-10-11T08:34:51+00:00,1671,266,170,73,3.877,238.20000000000005,17,fit:06ab469a75256944c36383c4817288da1db87343fd8245e2c210fa0583dba5c2:segment:003,3,8412.0,8162,activities/049_251011081438.csv,1,1,0,0
fit:06ab469a75256944c36383c4817288da1db87343fd8245e2c210fa0583dba5c2,2025-10-11T08:34:52+00:00,1672,295,170,72,3.902,239.20000000000005,17,fit:06ab469a75256944c36383c4817288da1db87343fd8245e2c210fa0583dba5c2:segment:003,3,8413.0,8163,activities/049_251011081438.csv,1,1,0,0
fit:06ab469a75256944c36383c4817288da1db87343fd8245e2c210fa0583dba5c2,2025-10-11T08:34:53+00:00,1673,295,170,71,4.005,240.39999999999998,17,fit:06ab469a75256944c36383c4817288da1db87343fd8245e2c210fa0583dba5c2:segment:003,3,8414.0,8164,activities/049_251011081438.csv,1,1,0,0
fit:06ab469a75256944c36383c4817288da1db87343fd8245e2c210fa0583dba5c2,2025-10-11T08:34:54+00:00,1674,283,171,71,4.003,240.39999999999998,17,fit:06ab469a75256944c36383c4817288da1db87343fd8245e2c210fa0583dba5c2:segment:003,3,8415.0,8165,activities/049_251011081438.csv,1,1,0,0
fit:06ab469a75256944c36383c4817288da1db87343fd8245e2c210fa0583dba5c2,2025-10-11T08:34:55+00:00,1675,283,171,70,3.803,240.39999999999998,17,fit:06ab469a75256944c36383c4817288da1db87343fd8245e2c210fa0583dba5c2:segment:003,3,8416.0,8166,activities/049_251011081438.csv,1,1,0,0
fit:06ab469a75256944c36383c4817288da1db87343fd8245e2c210fa0583dba5c2,2025-10-11T08:34:56+00:00,1676,287,171,70,3.771,240.39999999999998,17,fit:06ab469a75256944c36383c4817288da1db87343fd8245e2c210fa0583dba5c2:segment:003,3,8417.0,8167,activities/049_251011081438.csv,1,1,0,0
fit:06ab469a75256944c36383c4817288da1db87343fd8245e2c210fa0583dba5c2,2025-10-11T08:34:57+00:00,1677,310,172,71,3.901,241.39999999999998,17,fit:06ab469a75256944c36383c4817288da1db87343fd8245e2c210fa0583dba5c2:segment:003,3,8418.0,8168,activities/049_251011081438.csv,1,1,0,0
fit:06ab469a75256944c36383c4817288da1db87343fd8245e2c210fa0583dba5c2,2025-10-11T08:34:58+00:00,1678,287,172,71,3.958,241.39999999999998,17,fit:06ab469a75256944c36383c4817288da1db87343fd8245e2c210fa0583dba5c2:segment:003,3,8419.0,8169,activities/049_251011081438.csv,1,1,0,0
fit:06ab469a75256944c36383c4817288da1db87343fd8245e2c210fa0583dba5c2,2025-10-11T08:34:59+00:00,1679,267,172,71,3.802,241.39999999999998,17,fit:06ab469a75256944c36383c4817288da1db87343fd8245e2c210fa0583dba5c2:segment:003,3,8420.0,8170,activities/049_251011081438.csv,1,1,0,0
fit:06ab469a75256944c36383c4817288da1db87343fd8245e2c210fa0583dba5c2,2025-10-11T08:35:00+00:00,1680,268,172,70,3.757,242.20000000000005,17,fit:06ab469a75256944c36383c4817288da1db87343fd8245e2c210fa0583dba5c2:segment:003,3,8421.0,8171,activities/049_251011081438.csv,1,1,0,0
fit:06ab469a75256944c36383c4817288da1db87343fd8245e2c210fa0583dba5c2,2025-10-11T08:35:01+00:00,1681,303,172,71,3.824,242.39999999999998,17,fit:06ab469a75256944c36383c4817288da1db87343fd8245e2c210fa0583dba5c2:segment:003,3,8422.0,8172,activities/049_251011081438.csv,1,1,0,0
fit:06ab469a75256944c36383c4817288da1db87343fd8245e2c210fa0583dba5c2,2025-10-11T08:35:02+00:00,1682,275,173,72,4.021,242.39999999999998,17,fit:06ab469a75256944c36383c4817288da1db87343fd8245e2c210fa0583dba5c2:segment:003,3,8423.0,8173,activities/049_251011081438.csv,1,1,0,0
fit:06ab469a75256944c36383c4817288da1db87343fd8245e2c210fa0583dba5c2,2025-10-11T08:35:03+00:00,1683,267,173,72,3.914,242.39999999999998,17,fit:06ab469a75256944c36383c4817288da1db87343fd8245e2c210fa0583dba5c2:segment:003,3,8424.0,8174,activities/049_251011081438.csv,1,1,0,0
fit:06ab469a75256944c36383c4817288da1db87343fd8245e2c210fa0583dba5c2,2025-10-11T08:35:04+00:00,1684,276,173,72,3.938,243.0,17,fit:06ab469a75256944c36383c4817288da1db87343fd8245e2c210fa0583dba5c2:segment:003,3,8425.0,8175,activities/049_251011081438.csv,1,1,0,0
fit:06ab469a75256944c36383c4817288da1db87343fd8245e2c210fa0583dba5c2,2025-10-11T08:35:05+00:00,1685,284,172,73,3.877,243.0,17,fit:06ab469a75256944c36383c4817288da1db87343fd8245e2c210fa0583dba5c2:segment:003,3,8426.0,8176,activities/049_251011081438.csv,1,1,0,0
fit:06ab469a75256944c36383c4817288da1db87343fd8245e2c210fa0583dba5c2,2025-10-11T08:35:06+00:00,1686,291,173,73,3.924,243.0,17,fit:06ab469a75256944c36383c4817288da1db87343fd8245e2c210fa0583dba5c2:segment:003,3,8427.0,8177,activities/049_251011081438.csv,1,1,0,0
fit:06ab469a75256944c36383c4817288da1db87343fd8245e2c210fa0583dba5c2,2025-10-11T08:35:07+00:00,1687,287,173,73,3.987,243.0,17,fit:06ab469a75256944c36383c4817288da1db87343fd8245e2c210fa0583dba5c2:segment:003,3,8428.0,8178,activities/049_251011081438.csv,1,1,0,0
fit:06ab469a75256944c36383c4817288da1db87343fd8245e2c210fa0583dba5c2,2025-10-11T08:35:08+00:00,1688,263,172,74,4.08,244.0,17,fit:06ab469a75256944c36383c4817288da1db87343fd8245e2c210fa0583dba5c2:segment:003,3,8429.0,8179,activities/049_251011081438.csv,1,1,0,0
fit:06ab469a75256944c36383c4817288da1db87343fd8245e2c210fa0583dba5c2,2025-10-11T08:35:09+00:00,1689,233,172,74,4.104,244.60000000000002,17,fit:06ab469a75256944c36383c4817288da1db87343fd8245e2c210fa0583dba5c2:segment:003,3,8430.0,8180,activities/049_251011081438.csv,1,1,0,0
fit:06ab469a75256944c36383c4817288da1db87343fd8245e2c210fa0583dba5c2,2025-10-11T08:35:10+00:00,1690,250,172,74,4.052,244.60000000000002,17,fit:06ab469a75256944c36383c4817288da1db87343fd8245e2c210fa0583dba5c2:segment:003,3,8431.0,8181,activities/049_251011081438.csv,1,1,0,0
fit:06ab469a75256944c36383c4817288da1db87343fd8245e2c210fa0583dba5c2,2025-10-11T08:35:11+00:00,1691,274,172,73,3.986,244.60000000000002,17,fit:06ab469a75256944c36383c4817288da1db87343fd8245e2c210fa0583dba5c2:segment:003,3,8432.0,8182,activities/049_251011081438.csv,1,1,0,0
fit:06ab469a75256944c36383c4817288da1db87343fd8245e2c210fa0583dba5c2,2025-10-11T08:35:12+00:00,1692,254,172,72,3.961,245.20000000000005,17,fit:06ab469a75256944c36383c4817288da1db87343fd8245e2c210fa0583dba5c2:segment:003,3,8433.0,8183,activities/049_251011081438.csv,1,1,0,0
fit:06ab469a75256944c36383c4817288da1db87343fd8245e2c210fa0583dba5c2,2025-10-11T08:35:13+00:00,1693,298,172,75,3.795,245.79999999999995,17,fit:06ab469a75256944c36383c4817288da1db87343fd8245e2c210fa0583dba5c2:segment:003,3,8434.0,8184,activities/049_251011081438.csv,1,1,0,0
fit:06ab469a75256944c36383c4817288da1db87343fd8245e2c210fa0583dba5c2,2025-10-11T08:35:14+00:00,1694,306,172,75,3.881,245.79999999999995,17,fit:06ab469a75256944c36383c4817288da1db87343fd8245e2c210fa0583dba5c2:segment:003,3,8435.0,8185,activities/049_251011081438.csv,1,1,0,0
fit:06ab469a75256944c36383c4817288da1db87343fd8245e2c210fa0583dba5c2,2025-10-11T08:35:15+00:00,1695,306,172,75,3.954,245.79999999999995,17,fit:06ab469a75256944c36383c4817288da1db87343fd8245e2c210fa0583dba5c2:segment:003,3,8436.0,8186,activities/049_251011081438.csv,1,1,0,0
fit:06ab469a75256944c36383c4817288da1db87343fd8245e2c210fa0583dba5c2,2025-10-11T08:35:16+00:00,1696,278,172,75,3.958,245.79999999999995,17,fit:06ab469a75256944c36383c4817288da1db87343fd8245e2c210fa0583dba5c2:segment:003,3,8437.0,8187,activities/049_251011081438.csv,1,1,0,0
fit:06ab469a75256944c36383c4817288da1db87343fd8245e2c210fa0583dba5c2,2025-10-11T08:35:17+00:00,1697,270,172,74,3.889,246.79999999999995,17,fit:06ab469a75256944c36383c4817288da1db87343fd8245e2c210fa0583dba5c2:segment:003,3,8438.0,8188,activities/049_251011081438.csv,1,1,0,0
fit:06ab469a75256944c36383c4817288da1db87343fd8245e2c210fa0583dba5c2,2025-10-11T08:35:18+00:00,1698,255,172,74,3.951,246.79999999999995,17,fit:06ab469a75256944c36383c4817288da1db87343fd8245e2c210fa0583dba5c2:segment:003,3,8439.0,8189,activities/049_251011081438.csv,1,1,0,0
fit:06ab469a75256944c36383c4817288da1db87343fd8245e2c210fa0583dba5c2,2025-10-11T08:35:19+00:00,1699,371,172,73,3.751,246.79999999999995,17,fit:06ab469a75256944c36383c4817288da1db87343fd8245e2c210fa0583dba5c2:segment:003,3,8440.0,8190,activities/049_251011081438.csv,1,1,0,0
fit:06ab469a75256944c36383c4817288da1db87343fd8245e2c210fa0583dba5c2,2025-10-11T08:35:20+00:00,1700,371,173,75,3.73,246.79999999999995,17,fit:06ab469a75256944c36383c4817288da1db87343fd8245e2c210fa0583dba5c2:segment:003,3,8441.0,8191,activities/049_251011081438.csv,1,1,0,0
fit:06ab469a75256944c36383c4817288da1db87343fd8245e2c210fa0583dba5c2,2025-10-11T08:35:21+00:00,1701,310,173,77,3.805,247.79999999999995,17,fit:06ab469a75256944c36383c4817288da1db87343fd8245e2c210fa0583dba5c2:segment:003,3,8442.0,8192,activities/049_251011081438.csv,1,1,0,0
fit:06ab469a75256944c36383c4817288da1db87343fd8245e2c210fa0583dba5c2,2025-10-11T08:35:22+00:00,1702,335,173,77,3.967,247.79999999999995,17,fit:06ab469a75256944c36383c4817288da1db87343fd8245e2c210fa0583dba5c2:segment:003,3,8443.0,8193,activities/049_251011081438.csv,1,1,0,0
fit:06ab469a75256944c36383c4817288da1db87343fd8245e2c210fa0583dba5c2,2025-10-11T08:35:23+00:00,1703,305,173,77,3.788,247.79999999999995,17,fit:06ab469a75256944c36383c4817288da1db87343fd8245e2c210fa0583dba5c2:segment:003,3,8444.0,8194,activities/049_251011081438.csv,1,1,0,0
fit:06ab469a75256944c36383c4817288da1db87343fd8245e2c210fa0583dba5c2,2025-10-11T08:35:24+00:00,1704,272,173,76,3.879,248.60000000000002,17,fit:06ab469a75256944c36383c4817288da1db87343fd8245e2c210fa0583dba5c2:segment:003,3,8445.0,8195,activities/049_251011081438.csv,1,1,0,0
fit:06ab469a75256944c36383c4817288da1db87343fd8245e2c210fa0583dba5c2,2025-10-11T08:35:25+00:00,1705,243,172,74,3.928,248.79999999999995,17,fit:06ab469a75256944c36383c4817288da1db87343fd8245e2c210fa0583dba5c2:segment:003,3,8446.0,8196,activities/049_251011081438.csv,1,1,0,0
fit:06ab469a75256944c36383c4817288da1db87343fd8245e2c210fa0583dba5c2,2025-10-11T08:35:26+00:00,1706,257,172,72,3.697,248.79999999999995,17,fit:06ab469a75256944c36383c4817288da1db87343fd8245e2c210fa0583dba5c2:segment:003,3,8447.0,8197,activities/049_251011081438.csv,1,1,0,0
fit:06ab469a75256944c36383c4817288da1db87343fd8245e2c210fa0583dba5c2,2025-10-11T08:35:27+00:00,1707,313,172,72,3.493,248.79999999999995,17,fit:06ab469a75256944c36383c4817288da1db87343fd8245e2c210fa0583dba5c2:segment:003,3,8448.0,8198,activities/049_251011081438.csv,1,1,0,0
fit:06ab469a75256944c36383c4817288da1db87343fd8245e2c210fa0583dba5c2,2025-10-11T08:35:28+00:00,1708,297,172,72,3.522,249.39999999999998,17,fit:06ab469a75256944c36383c4817288da1db87343fd8245e2c210fa0583dba5c2:segment:003,3,8449.0,8199,activities/049_251011081438.csv,1,1,0,0
fit:06ab469a75256944c36383c4817288da1db87343fd8245e2c210fa0583dba5c2,2025-10-11T08:35:29+00:00,1709,298,172,72,3.752,250.20000000000005,17,fit:06ab469a75256944c36383c4817288da1db87343fd8245e2c210fa0583dba5c2:segment:003,3,8450.0,8200,activities/049_251011081438.csv,1,1,0,0
fit:06ab469a75256944c36383c4817288da1db87343fd8245e2c210fa0583dba5c2,2025-10-11T08:35:30+00:00,1710,298,173,71,3.658,250.20000000000005,17,fit:06ab469a75256944c36383c4817288da1db87343fd8245e2c210fa0583dba5c2:segment:003,3,8451.0,8201,activities/049_251011081438.csv,1,1,0,0
fit:06ab469a75256944c36383c4817288da1db87343fd8245e2c210fa0583dba5c2,2025-10-11T08:35:31+00:00,1711,314,172,71,3.78,250.20000000000005,17,fit:06ab469a75256944c36383c4817288da1db87343fd8245e2c210fa0583dba5c2:segment:003,3,8452.0,8202,activities/049_251011081438.csv,1,1,0,0
fit:06ab469a75256944c36383c4817288da1db87343fd8245e2c210fa0583dba5c2,2025-10-11T08:35:32+00:00,1712,314,173,72,3.722,250.20000000000005,17,fit:06ab469a75256944c36383c4817288da1db87343fd8245e2c210fa0583dba5c2:segment:003,3,8453.0,8203,activities/049_251011081438.csv,1,1,0,0
fit:06ab469a75256944c36383c4817288da1db87343fd8245e2c210fa0583dba5c2,2025-10-11T08:35:33+00:00,1713,276,173,73,3.693,251.0,17,fit:06ab469a75256944c36383c4817288da1db87343fd8245e2c210fa0583dba5c2:segment:003,3,8454.0,8204,activities/049_251011081438.csv,1,1,0,0
fit:06ab469a75256944c36383c4817288da1db87343fd8245e2c210fa0583dba5c2,2025-10-11T08:35:34+00:00,1714,286,173,73,3.792,251.0,17,fit:06ab469a75256944c36383c4817288da1db87343fd8245e2c210fa0583dba5c2:segment:003,3,8455.0,8205,activities/049_251011081438.csv,1,1,0,0
fit:06ab469a75256944c36383c4817288da1db87343fd8245e2c210fa0583dba5c2,2025-10-11T08:35:35+00:00,1715,280,173,73,3.852,251.0,17,fit:06ab469a75256944c36383c4817288da1db87343fd8245e2c210fa0583dba5c2:segment:003,3,8456.0,8206,activities/049_251011081438.csv,1,1,0,0
fit:06ab469a75256944c36383c4817288da1db87343fd8245e2c210fa0583dba5c2,2025-10-11T08:35:36+00:00,1716,285,174,74,3.612,251.39999999999998,17,fit:06ab469a75256944c36383c4817288da1db87343fd8245e2c210fa0583dba5c2:segment:003,3,8457.0,8207,activities/049_251011081438.csv,1,1,0,0
fit:06ab469a75256944c36383c4817288da1db87343fd8245e2c210fa0583dba5c2,2025-10-11T08:35:37+00:00,1717,243,174,73,3.582,252.20000000000005,17,fit:06ab469a75256944c36383c4817288da1db87343fd8245e2c210fa0583dba5c2:segment:003,3,8458.0,8208,activities/049_251011081438.csv,1,1,0,0
fit:06ab469a75256944c36383c4817288da1db87343fd8245e2c210fa0583dba5c2,2025-10-11T08:35:38+00:00,1718,248,174,72,3.64,252.20000000000005,17,fit:06ab469a75256944c36383c4817288da1db87343fd8245e2c210fa0583dba5c2:segment:003,3,8459.0,8209,activities/049_251011081438.csv,1,1,0,0
fit:06ab469a75256944c36383c4817288da1db87343fd8245e2c210fa0583dba5c2,2025-10-11T08:35:39+00:00,1719,288,174,72,3.661,252.20000000000005,17,fit:06ab469a75256944c36383c4817288da1db87343fd8245e2c210fa0583dba5c2:segment:003,3,8460.0,8210,activities/049_251011081438.csv,1,1,0,0
fit:06ab469a75256944c36383c4817288da1db87343fd8245e2c210fa0583dba5c2,2025-10-11T08:35:40+00:00,1720,261,174,73,3.588,253.0,17,fit:06ab469a75256944c36383c4817288da1db87343fd8245e2c210fa0583dba5c2:segment:003,3,8461.0,8211,activities/049_251011081438.csv,1,1,0,0
fit:06ab469a75256944c36383c4817288da1db87343fd8245e2c210fa0583dba5c2,2025-10-11T08:35:41+00:00,1721,281,174,72,3.591,253.0,17,fit:06ab469a75256944c36383c4817288da1db87343fd8245e2c210fa0583dba5c2:segment:003,3,8462.0,8212,activities/049_251011081438.csv,1,1,0,0
fit:06ab469a75256944c36383c4817288da1db87343fd8245e2c210fa0583dba5c2,2025-10-11T08:35:42+00:00,1722,254,174,72,3.718,253.0,17,fit:06ab469a75256944c36383c4817288da1db87343fd8245e2c210fa0583dba5c2:segment:003,3,8463.0,8213,activities/049_251011081438.csv,1,1,0,0
fit:06ab469a75256944c36383c4817288da1db87343fd8245e2c210fa0583dba5c2,2025-10-11T08:35:43+00:00,1723,254,174,73,3.487,253.0,17,fit:06ab469a75256944c36383c4817288da1db87343fd8245e2c210fa0583dba5c2:segment:003,3,8464.0,8214,activities/049_251011081438.csv,1,1,0,0
fit:06ab469a75256944c36383c4817288da1db87343fd8245e2c210fa0583dba5c2,2025-10-11T08:35:44+00:00,1724,232,174,72,3.612,253.79999999999995,17,fit:06ab469a75256944c36383c4817288da1db87343fd8245e2c210fa0583dba5c2:segment:003,3,8465.0,8215,activities/049_251011081438.csv,1,1,0,0
fit:06ab469a75256944c36383c4817288da1db87343fd8245e2c210fa0583dba5c2,2025-10-11T08:35:45+00:00,1725,232,174,73,3.494,254.20000000000005,17,fit:06ab469a75256944c36383c4817288da1db87343fd8245e2c210fa0583dba5c2:segment:003,3,8466.0,8216,activities/049_251011081438.csv,1,1,0,0
fit:06ab469a75256944c36383c4817288da1db87343fd8245e2c210fa0583dba5c2,2025-10-11T08:35:46+00:00,1726,255,174,73,3.663,254.20000000000005,17,fit:06ab469a75256944c36383c4817288da1db87343fd8245e2c210fa0583dba5c2:segment:003,3,8467.0,8217,activities/049_251011081438.csv,1,1,0,0
fit:06ab469a75256944c36383c4817288da1db87343fd8245e2c210fa0583dba5c2,2025-10-11T08:35:47+00:00,1727,312,174,73,3.69,254.20000000000005,17,fit:06ab469a75256944c36383c4817288da1db87343fd8245e2c210fa0583dba5c2:segment:003,3,8468.0,8218,activities/049_251011081438.csv,1,1,0,0
fit:06ab469a75256944c36383c4817288da1db87343fd8245e2c210fa0583dba5c2,2025-10-11T08:35:48+00:00,1728,249,174,76,3.678,255.0,17,fit:06ab469a75256944c36383c4817288da1db87343fd8245e2c210fa0583dba5c2:segment:003,3,8469.0,8219,activities/049_251011081438.csv,1,1,0,0
fit:06ab469a75256944c36383c4817288da1db87343fd8245e2c210fa0583dba5c2,2025-10-11T08:35:49+00:00,1729,274,174,76,3.913,254.79999999999995,17,fit:06ab469a75256944c36383c4817288da1db87343fd8245e2c210fa0583dba5c2:segment:003,3,8470.0,8220,activities/049_251011081438.csv,1,1,0,0
fit:06ab469a75256944c36383c4817288da1db87343fd8245e2c210fa0583dba5c2,2025-10-11T08:35:50+00:00,1730,253,174,79,3.612,254.79999999999995,17,fit:06ab469a75256944c36383c4817288da1db87343fd8245e2c210fa0583dba5c2:segment:003,3,8471.0,8221,activities/049_251011081438.csv,1,1,0,0
fit:06ab469a75256944c36383c4817288da1db87343fd8245e2c210fa0583dba5c2,2025-10-11T08:35:51+00:00,1731,273,174,79,3.662,254.79999999999995,17,fit:06ab469a75256944c36383c4817288da1db87343fd8245e2c210fa0583dba5c2:segment:003,3,8472.0,8222,activities/049_251011081438.csv,1,1,0,0
fit:06ab469a75256944c36383c4817288da1db87343fd8245e2c210fa0583dba5c2,2025-10-11T08:35:52+00:00,1732,315,174,79,3.671,255.79999999999995,17,fit:06ab469a75256944c36383c4817288da1db87343fd8245e2c210fa0583dba5c2:segment:003,3,8473.0,8223,activities/049_251011081438.csv,1,1,0,0
fit:06ab469a75256944c36383c4817288da1db87343fd8245e2c210fa0583dba5c2,2025-10-11T08:35:53+00:00,1733,277,174,78,3.75,256.6,17,fit:06ab469a75256944c36383c4817288da1db87343fd8245e2c210fa0583dba5c2:segment:003,3,8474.0,8224,activities/049_251011081438.csv,1,1,0,0
fit:06ab469a75256944c36383c4817288da1db87343fd8245e2c210fa0583dba5c2,2025-10-11T08:35:54+00:00,1734,276,174,77,3.343,256.6,17,fit:06ab469a75256944c36383c4817288da1db87343fd8245e2c210fa0583dba5c2:segment:003,3,8475.0,8225,activities/049_251011081438.csv,1,1,0,0
fit:06ab469a75256944c36383c4817288da1db87343fd8245e2c210fa0583dba5c2,2025-10-11T08:35:55+00:00,1735,234,174,76,3.232,256.6,17,fit:06ab469a75256944c36383c4817288da1db87343fd8245e2c210fa0583dba5c2:segment:003,3,8476.0,8226,activities/049_251011081438.csv,1,1,0,0
fit:06ab469a75256944c36383c4817288da1db87343fd8245e2c210fa0583dba5c2,2025-10-11T08:35:56+00:00,1736,318,174,77,3.202,257.20000000000005,17,fit:06ab469a75256944c36383c4817288da1db87343fd8245e2c210fa0583dba5c2:segment:003,3,8477.0,8227,activities/049_251011081438.csv,1,1,0,0
fit:06ab469a75256944c36383c4817288da1db87343fd8245e2c210fa0583dba5c2,2025-10-11T08:35:57+00:00,1737,302,174,78,3.515,257.0,17,fit:06ab469a75256944c36383c4817288da1db87343fd8245e2c210fa0583dba5c2:segment:003,3,8478.0,8228,activities/049_251011081438.csv,1,1,0,0
fit:06ab469a75256944c36383c4817288da1db87343fd8245e2c210fa0583dba5c2,2025-10-11T08:35:58+00:00,1738,322,174,80,3.575,257.0,17,fit:06ab469a75256944c36383c4817288da1db87343fd8245e2c210fa0583dba5c2:segment:003,3,8479.0,8229,activities/049_251011081438.csv,1,1,0,0
fit:06ab469a75256944c36383c4817288da1db87343fd8245e2c210fa0583dba5c2,2025-10-11T08:35:59+00:00,1739,322,174,80,3.563,257.0,17,fit:06ab469a75256944c36383c4817288da1db87343fd8245e2c210fa0583dba5c2:segment:003,3,8480.0,8230,activities/049_251011081438.csv,1,1,0,0
fit:06ab469a75256944c36383c4817288da1db87343fd8245e2c210fa0583dba5c2,2025-10-11T08:36:00+00:00,1740,406,174,84,3.587,258.0,17,fit:06ab469a75256944c36383c4817288da1db87343fd8245e2c210fa0583dba5c2:segment:003,3,8481.0,8231,activities/049_251011081438.csv,1,1,0,0
fit:06ab469a75256944c36383c4817288da1db87343fd8245e2c210fa0583dba5c2,2025-10-11T08:36:01+00:00,1741,314,174,86,4.111,258.6,17,fit:06ab469a75256944c36383c4817288da1db87343fd8245e2c210fa0583dba5c2:segment:003,3,8482.0,8232,activities/049_251011081438.csv,1,1,0,0
fit:06ab469a75256944c36383c4817288da1db87343fd8245e2c210fa0583dba5c2,2025-10-11T08:36:02+00:00,1742,216,174,86,4.132,258.6,17,fit:06ab469a75256944c36383c4817288da1db87343fd8245e2c210fa0583dba5c2:segment:003,3,8483.0,8233,activities/049_251011081438.csv,1,1,0,0
fit:06ab469a75256944c36383c4817288da1db87343fd8245e2c210fa0583dba5c2,2025-10-11T08:36:03+00:00,1743,231,174,82,4.213,258.6,17,fit:06ab469a75256944c36383c4817288da1db87343fd8245e2c210fa0583dba5c2:segment:003,3,8484.0,8234,activities/049_251011081438.csv,1,1,0,0
fit:06ab469a75256944c36383c4817288da1db87343fd8245e2c210fa0583dba5c2,2025-10-11T08:36:04+00:00,1744,231,174,82,4.069,259.6,17,fit:06ab469a75256944c36383c4817288da1db87343fd8245e2c210fa0583dba5c2:segment:003,3,8485.0,8235,activities/049_251011081438.csv,1,1,0,0
fit:06ab469a75256944c36383c4817288da1db87343fd8245e2c210fa0583dba5c2,2025-10-11T08:36:05+00:00,1745,321,174,82,4.023,259.6,17,fit:06ab469a75256944c36383c4817288da1db87343fd8245e2c210fa0583dba5c2:segment:003,3,8486.0,8236,activities/049_251011081438.csv,1,1,0,0
fit:06ab469a75256944c36383c4817288da1db87343fd8245e2c210fa0583dba5c2,2025-10-11T08:36:06+00:00,1746,251,174,82,3.867,259.6,17,fit:06ab469a75256944c36383c4817288da1db87343fd8245e2c210fa0583dba5c2:segment:003,3,8487.0,8237,activities/049_251011081438.csv,1,1,0,0
fit:06ab469a75256944c36383c4817288da1db87343fd8245e2c210fa0583dba5c2,2025-10-11T08:36:07+00:00,1747,278,173,83,4.137,259.6,17,fit:06ab469a75256944c36383c4817288da1db87343fd8245e2c210fa0583dba5c2:segment:003,3,8488.0,8238,activities/049_251011081438.csv,1,1,0,0
fit:06ab469a75256944c36383c4817288da1db87343fd8245e2c210fa0583dba5c2,2025-10-11T08:36:08+00:00,1748,274,173,83,4.194,259.6,17,fit:06ab469a75256944c36383c4817288da1db87343fd8245e2c210fa0583dba5c2:segment:003,3,8489.0,8239,activities/049_251011081438.csv,1,1,0,0
fit:06ab469a75256944c36383c4817288da1db87343fd8245e2c210fa0583dba5c2,2025-10-11T08:36:09+00:00,1749,303,173,82,4.322,260.20000000000005,17,fit:06ab469a75256944c36383c4817288da1db87343fd8245e2c210fa0583dba5c2:segment:003,3,8490.0,8240,activities/049_251011081438.csv,1,1,0,0
fit:06ab469a75256944c36383c4817288da1db87343fd8245e2c210fa0583dba5c2,2025-10-11T08:36:10+00:00,1750,261,174,82,3.958,260.6,17,fit:06ab469a75256944c36383c4817288da1db87343fd8245e2c210fa0583dba5c2:segment:003,3,8491.0,8241,activities/049_251011081438.csv,1,1,0,0
fit:06ab469a75256944c36383c4817288da1db87343fd8245e2c210fa0583dba5c2,2025-10-11T08:36:11+00:00,1751,245,174,81,4.148,260.6,17,fit:06ab469a75256944c36383c4817288da1db87343fd8245e2c210fa0583dba5c2:segment:003,3,8492.0,8242,activities/049_251011081438.csv,1,1,0,0
fit:06ab469a75256944c36383c4817288da1db87343fd8245e2c210fa0583dba5c2,2025-10-11T08:36:12+00:00,1752,298,174,80,3.922,260.6,17,fit:06ab469a75256944c36383c4817288da1db87343fd8245e2c210fa0583dba5c2:segment:003,3,8493.0,8243,activities/049_251011081438.csv,1,1,0,0
fit:06ab469a75256944c36383c4817288da1db87343fd8245e2c210fa0583dba5c2,2025-10-11T08:36:13+00:00,1753,259,174,81,3.936,261.4,17,fit:06ab469a75256944c36383c4817288da1db87343fd8245e2c210fa0583dba5c2:segment:003,3,8494.0,8244,activities/049_251011081438.csv,1,1,0,0
fit:06ab469a75256944c36383c4817288da1db87343fd8245e2c210fa0583dba5c2,2025-10-11T08:36:14+00:00,1754,282,174,79,3.702,261.79999999999995,17,fit:06ab469a75256944c36383c4817288da1db87343fd8245e2c210fa0583dba5c2:segment:003,3,8495.0,8245,activities/049_251011081438.csv,1,1,0,0
fit:06ab469a75256944c36383c4817288da1db87343fd8245e2c210fa0583dba5c2,2025-10-11T08:36:15+00:00,1755,294,174,79,3.906,261.79999999999995,17,fit:06ab469a75256944c36383c4817288da1db87343fd8245e2c210fa0583dba5c2:segment:003,3,8496.0,8246,activities/049_251011081438.csv,1,1,0,0
fit:06ab469a75256944c36383c4817288da1db87343fd8245e2c210fa0583dba5c2,2025-10-11T08:36:16+00:00,1756,273,174,80,4.071,261.79999999999995,17,fit:06ab469a75256944c36383c4817288da1db87343fd8245e2c210fa0583dba5c2:segment:003,3,8497.0,8247,activities/049_251011081438.csv,1,1,0,0
fit:06ab469a75256944c36383c4817288da1db87343fd8245e2c210fa0583dba5c2,2025-10-11T08:36:17+00:00,1757,274,174,80,4.145,262.79999999999995,17,fit:06ab469a75256944c36383c4817288da1db87343fd8245e2c210fa0583dba5c2:segment:003,3,8498.0,8248,activities/049_251011081438.csv,1,1,0,0
fit:06ab469a75256944c36383c4817288da1db87343fd8245e2c210fa0583dba5c2,2025-10-11T08:36:18+00:00,1758,325,175,80,4.018,263.0,17,fit:06ab469a75256944c36383c4817288da1db87343fd8245e2c210fa0583dba5c2:segment:003,3,8499.0,8249,activities/049_251011081438.csv,1,1,0,0
fit:06ab469a75256944c36383c4817288da1db87343fd8245e2c210fa0583dba5c2,2025-10-11T08:36:19+00:00,1759,325,175,80,3.818,263.0,17,fit:06ab469a75256944c36383c4817288da1db87343fd8245e2c210fa0583dba5c2:segment:003,3,8500.0,8250,activities/049_251011081438.csv,1,1,0,0
fit:06ab469a75256944c36383c4817288da1db87343fd8245e2c210fa0583dba5c2,2025-10-11T08:36:20+00:00,1760,257,175,81,3.873,263.0,17,fit:06ab469a75256944c36383c4817288da1db87343fd8245e2c210fa0583dba5c2:segment:003,3,8501.0,8251,activities/049_251011081438.csv,1,1,0,0
fit:06ab469a75256944c36383c4817288da1db87343fd8245e2c210fa0583dba5c2,2025-10-11T08:36:21+00:00,1761,325,175,81,4.023,263.0,17,fit:06ab469a75256944c36383c4817288da1db87343fd8245e2c210fa0583dba5c2:segment:003,3,8502.0,8252,activities/049_251011081438.csv,1,1,0,0
fit:06ab469a75256944c36383c4817288da1db87343fd8245e2c210fa0583dba5c2,2025-10-11T08:36:22+00:00,1762,323,175,84,4.079,264.20000000000005,17,fit:06ab469a75256944c36383c4817288da1db87343fd8245e2c210fa0583dba5c2:segment:003,3,8503.0,8253,activities/049_251011081438.csv,1,1,0,0
fit:06ab469a75256944c36383c4817288da1db87343fd8245e2c210fa0583dba5c2,2025-10-11T08:36:23+00:00,1763,289,175,85,4.319,264.20000000000005,17,fit:06ab469a75256944c36383c4817288da1db87343fd8245e2c210fa0583dba5c2:segment:003,3,8504.0,8254,activities/049_251011081438.csv,1,1,0,0
fit:06ab469a75256944c36383c4817288da1db87343fd8245e2c210fa0583dba5c2,2025-10-11T08:36:24+00:00,1764,289,175,85,4.468,264.20000000000005,17,fit:06ab469a75256944c36383c4817288da1db87343fd8245e2c210fa0583dba5c2:segment:003,3,8505.0,8255,activities/049_251011081438.csv,1,1,0,0
fit:06ab469a75256944c36383c4817288da1db87343fd8245e2c210fa0583dba5c2,2025-10-11T08:36:25+00:00,1765,296,176,86,4.492,264.20000000000005,17,fit:06ab469a75256944c36383c4817288da1db87343fd8245e2c210fa0583dba5c2:segment:003,3,8506.0,8256,activities/049_251011081438.csv,1,1,0,0
fit:06ab469a75256944c36383c4817288da1db87343fd8245e2c210fa0583dba5c2,2025-10-11T08:36:26+00:00,1766,278,176,87,4.515,264.6,17,fit:06ab469a75256944c36383c4817288da1db87343fd8245e2c210fa0583dba5c2:segment:003,3,8507.0,8257,activities/049_251011081438.csv,1,1,0,0
fit:06ab469a75256944c36383c4817288da1db87343fd8245e2c210fa0583dba5c2,2025-10-11T08:36:27+00:00,1767,313,176,87,4.569,264.6,17,fit:06ab469a75256944c36383c4817288da1db87343fd8245e2c210fa0583dba5c2:segment:003,3,8508.0,8258,activities/049_251011081438.csv,1,1,0,0
fit:06ab469a75256944c36383c4817288da1db87343fd8245e2c210fa0583dba5c2,2025-10-11T08:36:28+00:00,1768,261,176,88,4.556,264.6,17,fit:06ab469a75256944c36383c4817288da1db87343fd8245e2c210fa0583dba5c2:segment:003,3,8509.0,8259,activities/049_251011081438.csv,1,1,0,0
fit:06ab469a75256944c36383c4817288da1db87343fd8245e2c210fa0583dba5c2,2025-10-11T08:36:29+00:00,1769,219,176,89,4.704,265.6,17,fit:06ab469a75256944c36383c4817288da1db87343fd8245e2c210fa0583dba5c2:segment:003,3,8510.0,8260,activities/049_251011081438.csv,1,1,0,0
fit:06ab469a75256944c36383c4817288da1db87343fd8245e2c210fa0583dba5c2,2025-10-11T08:36:30+00:00,1770,187,176,90,4.874,265.6,17,fit:06ab469a75256944c36383c4817288da1db87343fd8245e2c210fa0583dba5c2:segment:003,3,8511.0,8261,activities/049_251011081438.csv,1,1,0,0
fit:06ab469a75256944c36383c4817288da1db87343fd8245e2c210fa0583dba5c2,2025-10-11T08:36:31+00:00,1771,276,176,85,4.671,265.6,17,fit:06ab469a75256944c36383c4817288da1db87343fd8245e2c210fa0583dba5c2:segment:003,3,8512.0,8262,activities/049_251011081438.csv,1,1,0,0
fit:06ab469a75256944c36383c4817288da1db87343fd8245e2c210fa0583dba5c2,2025-10-11T08:36:32+00:00,1772,323,176,85,4.593,265.6,17,fit:06ab469a75256944c36383c4817288da1db87343fd8245e2c210fa0583dba5c2:segment:003,3,8513.0,8263,activities/049_251011081438.csv,1,1,0,0
fit:06ab469a75256944c36383c4817288da1db87343fd8245e2c210fa0583dba5c2,2025-10-11T08:36:33+00:00,1773,206,176,85,4.561,266.6,17,fit:06ab469a75256944c36383c4817288da1db87343fd8245e2c210fa0583dba5c2:segment:003,3,8514.0,8264,activities/049_251011081438.csv,1,1,0,0
fit:06ab469a75256944c36383c4817288da1db87343fd8245e2c210fa0583dba5c2,2025-10-11T08:36:34+00:00,1774,171,176,84,4.534,267.20000000000005,17,fit:06ab469a75256944c36383c4817288da1db87343fd8245e2c210fa0583dba5c2:segment:003,3,8515.0,8265,activities/049_251011081438.csv,1,1,0,0
fit:06ab469a75256944c36383c4817288da1db87343fd8245e2c210fa0583dba5c2,2025-10-11T08:36:35+00:00,1775,231,176,83,4.328,267.20000000000005,17,fit:06ab469a75256944c36383c4817288da1db87343fd8245e2c210fa0583dba5c2:segment:003,3,8516.0,8266,activities/049_251011081438.csv,1,1,0,0
fit:06ab469a75256944c36383c4817288da1db87343fd8245e2c210fa0583dba5c2,2025-10-11T08:36:36+00:00,1776,243,175,83,4.376,267.20000000000005,17,fit:06ab469a75256944c36383c4817288da1db87343fd8245e2c210fa0583dba5c2:segment:003,3,8517.0,8267,activities/049_251011081438.csv,1,1,0,0
fit:06ab469a75256944c36383c4817288da1db87343fd8245e2c210fa0583dba5c2,2025-10-11T08:36:37+00:00,1777,305,175,86,4.541,267.20000000000005,17,fit:06ab469a75256944c36383c4817288da1db87343fd8245e2c210fa0583dba5c2:segment:003,3,8518.0,8268,activities/049_251011081438.csv,1,1,0,0
fit:06ab469a75256944c36383c4817288da1db87343fd8245e2c210fa0583dba5c2,2025-10-11T08:36:38+00:00,1778,251,176,89,4.636,267.79999999999995,17,fit:06ab469a75256944c36383c4817288da1db87343fd8245e2c210fa0583dba5c2:segment:003,3,8519.0,8269,activities/049_251011081438.csv,1,1,0,0
fit:06ab469a75256944c36383c4817288da1db87343fd8245e2c210fa0583dba5c2,2025-10-11T08:36:39+00:00,1779,201,175,92,4.753,267.79999999999995,17,fit:06ab469a75256944c36383c4817288da1db87343fd8245e2c210fa0583dba5c2:segment:003,3,8520.0,8270,activities/049_251011081438.csv,1,1,0,0
fit:06ab469a75256944c36383c4817288da1db87343fd8245e2c210fa0583dba5c2,2025-10-11T08:36:40+00:00,1780,227,175,94,4.994,267.79999999999995,17,fit:06ab469a75256944c36383c4817288da1db87343fd8245e2c210fa0583dba5c2:segment:003,3,8521.0,8271,activities/049_251011081438.csv,1,1,0,0
fit:06ab469a75256944c36383c4817288da1db87343fd8245e2c210fa0583dba5c2,2025-10-11T08:36:41+00:00,1781,340,175,96,5.132,267.79999999999995,17,fit:06ab469a75256944c36383c4817288da1db87343fd8245e2c210fa0583dba5c2:segment:003,3,8522.0,8272,activities/049_251011081438.csv,1,1,0,0
fit:06ab469a75256944c36383c4817288da1db87343fd8245e2c210fa0583dba5c2,2025-10-11T08:36:42+00:00,1782,387,175,102,5.248,268.20000000000005,17,fit:06ab469a75256944c36383c4817288da1db87343fd8245e2c210fa0583dba5c2:segment:003,3,8523.0,8273,activities/049_251011081438.csv,1,1,0,0
fit:06ab469a75256944c36383c4817288da1db87343fd8245e2c210fa0583dba5c2,2025-10-11T08:36:43+00:00,1783,133,175,97,5.371,268.20000000000005,17,fit:06ab469a75256944c36383c4817288da1db87343fd8245e2c210fa0583dba5c2:segment:003,3,8524.0,8274,activities/049_251011081438.csv,1,1,0,0
fit:06ab469a75256944c36383c4817288da1db87343fd8245e2c210fa0583dba5c2,2025-10-11T08:36:44+00:00,1784,139,175,96,5.438,268.20000000000005,17,fit:06ab469a75256944c36383c4817288da1db87343fd8245e2c210fa0583dba5c2:segment:003,3,8525.0,8275,activities/049_251011081438.csv,1,1,0,0
fit:06ab469a75256944c36383c4817288da1db87343fd8245e2c210fa0583dba5c2,2025-10-11T08:36:45+00:00,1785,155,174,94,5.312,269.0,17,fit:06ab469a75256944c36383c4817288da1db87343fd8245e2c210fa0583dba5c2:segment:003,3,8526.0,8276,activities/049_251011081438.csv,1,1,0,0
fit:06ab469a75256944c36383c4817288da1db87343fd8245e2c210fa0583dba5c2,2025-10-11T08:36:46+00:00,1786,128,174,92,5.193,269.20000000000005,17,fit:06ab469a75256944c36383c4817288da1db87343fd8245e2c210fa0583dba5c2:segment:003,3,8527.0,8277,activities/049_251011081438.csv,1,1,0,0
fit:06ab469a75256944c36383c4817288da1db87343fd8245e2c210fa0583dba5c2,2025-10-11T08:36:47+00:00,1787,106,174,91,4.864,269.20000000000005,17,fit:06ab469a75256944c36383c4817288da1db87343fd8245e2c210fa0583dba5c2:segment:003,3,8528.0,8278,activities/049_251011081438.csv,1,1,0,0
fit:06ab469a75256944c36383c4817288da1db87343fd8245e2c210fa0583dba5c2,2025-10-11T08:36:48+00:00,1788,80,174,90,4.832,269.20000000000005,17,fit:06ab469a75256944c36383c4817288da1db87343fd8245e2c210fa0583dba5c2:segment:003,3,8529.0,8279,activities/049_251011081438.csv,1,1,0,0
fit:06ab469a75256944c36383c4817288da1db87343fd8245e2c210fa0583dba5c2,2025-10-11T08:36:49+00:00,1789,52,173,87,4.761,269.20000000000005,17,fit:06ab469a75256944c36383c4817288da1db87343fd8245e2c210fa0583dba5c2:segment:003,3,8530.0,8280,activities/049_251011081438.csv,1,1,0,0
fit:06ab469a75256944c36383c4817288da1db87343fd8245e2c210fa0583dba5c2,2025-10-11T08:36:50+00:00,1790,52,173,85,4.662,269.79999999999995,17,fit:06ab469a75256944c36383c4817288da1db87343fd8245e2c210fa0583dba5c2:segment:003,3,8531.0,8281,activities/049_251011081438.csv,1,1,0,0
fit:06ab469a75256944c36383c4817288da1db87343fd8245e2c210fa0583dba5c2,2025-10-11T08:36:51+00:00,1791,11,172,26,4.482,269.79999999999995,17,fit:06ab469a75256944c36383c4817288da1db87343fd8245e2c210fa0583dba5c2:segment:003,3,8532.0,8282,activities/049_251011081438.csv,1,1,0,0
fit:06ab469a75256944c36383c4817288da1db87343fd8245e2c210fa0583dba5c2,2025-10-11T08:36:52+00:00,1792,178,171,72,4.203,269.79999999999995,17,fit:06ab469a75256944c36383c4817288da1db87343fd8245e2c210fa0583dba5c2:segment:003,3,8533.0,8283,activities/049_251011081438.csv,1,1,0,0
fit:06ab469a75256944c36383c4817288da1db87343fd8245e2c210fa0583dba5c2,2025-10-11T08:36:53+00:00,1793,137,170,72,4.232,269.79999999999995,17,fit:06ab469a75256944c36383c4817288da1db87343fd8245e2c210fa0583dba5c2:segment:003,3,8534.0,8284,activities/049_251011081438.csv,1,1,0,0
fit:06ab469a75256944c36383c4817288da1db87343fd8245e2c210fa0583dba5c2,2025-10-11T08:36:54+00:00,1794,160,170,74,4.122,270.0,17,fit:06ab469a75256944c36383c4817288da1db87343fd8245e2c210fa0583dba5c2:segment:003,3,8535.0,8285,activities/049_251011081438.csv,1,1,0,0
fit:06ab469a75256944c36383c4817288da1db87343fd8245e2c210fa0583dba5c2,2025-10-11T08:36:55+00:00,1795,160,170,77,4.323,270.0,17,fit:06ab469a75256944c36383c4817288da1db87343fd8245e2c210fa0583dba5c2:segment:003,3,8536.0,8286,activities/049_251011081438.csv,1,1,0,0
fit:06ab469a75256944c36383c4817288da1db87343fd8245e2c210fa0583dba5c2,2025-10-11T08:36:56+00:00,1796,160,169,77,4.086,270.0,17,fit:06ab469a75256944c36383c4817288da1db87343fd8245e2c210fa0583dba5c2:segment:003,3,8537.0,8287,activities/049_251011081438.csv,1,1,0,0
fit:06ab469a75256944c36383c4817288da1db87343fd8245e2c210fa0583dba5c2,2025-10-11T08:36:57+00:00,1797,160,168,77,4.131,270.0,17,fit:06ab469a75256944c36383c4817288da1db87343fd8245e2c210fa0583dba5c2:segment:003,3,8538.0,8288,activities/049_251011081438.csv,1,1,0,0
fit:06ab469a75256944c36383c4817288da1db87343fd8245e2c210fa0583dba5c2,2025-10-11T08:36:58+00:00,1798,150,167,77,4.542,270.0,17,fit:06ab469a75256944c36383c4817288da1db87343fd8245e2c210fa0583dba5c2:segment:003,3,8539.0,8289,activities/049_251011081438.csv,1,1,0,0
fit:06ab469a75256944c36383c4817288da1db87343fd8245e2c210fa0583dba5c2,2025-10-11T08:36:59+00:00,1799,0,166,73,4.979,270.0,17,fit:06ab469a75256944c36383c4817288da1db87343fd8245e2c210fa0583dba5c2:segment:003,3,8540.0,8290,activities/049_251011081438.csv,1,1,0,0
fit:06ab469a75256944c36383c4817288da1db87343fd8245e2c210fa0583dba5c2,2025-10-11T08:37:00+00:00,1800,0,166,0,5.397,270.0,17,fit:06ab469a75256944c36383c4817288da1db87343fd8245e2c210fa0583dba5c2:segment:003,3,8541.0,8291,activities/049_251011081438.csv,1,1,0,0
fit:06ab469a75256944c36383c4817288da1db87343fd8245e2c210fa0583dba5c2,2025-10-11T08:37:01+00:00,1801,0,166,0,5.772,269.4,17,fit:06ab469a75256944c36383c4817288da1db87343fd8245e2c210fa0583dba5c2:segment:003,3,8542.0,8292,activities/049_251011081438.csv,1,1,0,0
fit:06ab469a75256944c36383c4817288da1db87343fd8245e2c210fa0583dba5c2,2025-10-11T08:37:02+00:00,1802,0,165,0,5.917,267.79999999999995,17,fit:06ab469a75256944c36383c4817288da1db87343fd8245e2c210fa0583dba5c2:segment:003,3,8543.0,8293,activities/049_251011081438.csv,1,1,0,0
fit:06ab469a75256944c36383c4817288da1db87343fd8245e2c210fa0583dba5c2,2025-10-11T08:37:03+00:00,1803,0,165,0,6.023,267.79999999999995,17,fit:06ab469a75256944c36383c4817288da1db87343fd8245e2c210fa0583dba5c2:segment:003,3,8544.0,8294,activities/049_251011081438.csv,1,1,0,0
fit:06ab469a75256944c36383c4817288da1db87343fd8245e2c210fa0583dba5c2,2025-10-11T08:37:04+00:00,1804,0,165,0,6.243,267.79999999999995,17,fit:06ab469a75256944c36383c4817288da1db87343fd8245e2c210fa0583dba5c2:segment:003,3,8545.0,8295,activities/049_251011081438.csv,1,1,0,0
fit:06ab469a75256944c36383c4817288da1db87343fd8245e2c210fa0583dba5c2,2025-10-11T08:37:05+00:00,1805,0,164,0,6.575,266.79999999999995,17,fit:06ab469a75256944c36383c4817288da1db87343fd8245e2c210fa0583dba5c2:segment:003,3,8546.0,8296,activities/049_251011081438.csv,1,1,0,0
fit:06ab469a75256944c36383c4817288da1db87343fd8245e2c210fa0583dba5c2,2025-10-11T08:37:06+00:00,1806,0,164,0,6.503,266.6,17,fit:06ab469a75256944c36383c4817288da1db87343fd8245e2c210fa0583dba5c2:segment:003,3,8547.0,8297,activities/049_251011081438.csv,1,1,0,0
fit:06ab469a75256944c36383c4817288da1db87343fd8245e2c210fa0583dba5c2,2025-10-11T08:37:07+00:00,1807,0,164,0,6.419,266.6,17,fit:06ab469a75256944c36383c4817288da1db87343fd8245e2c210fa0583dba5c2:segment:003,3,8548.0,8298,activities/049_251011081438.csv,1,1,0,0
fit:06ab469a75256944c36383c4817288da1db87343fd8245e2c210fa0583dba5c2,2025-10-11T08:37:08+00:00,1808,0,163,0,6.999,266.6,17,fit:06ab469a75256944c36383c4817288da1db87343fd8245e2c210fa0583dba5c2:segment:003,3,8549.0,8299,activities/049_251011081438.csv,1,1,0,0
fit:06ab469a75256944c36383c4817288da1db87343fd8245e2c210fa0583dba5c2,2025-10-11T08:37:09+00:00,1809,0,162,0,6.895,265.6,17,fit:06ab469a75256944c36383c4817288da1db87343fd8245e2c210fa0583dba5c2:segment:003,3,8550.0,8300,activities/049_251011081438.csv,1,1,0,0
fit:06ab469a75256944c36383c4817288da1db87343fd8245e2c210fa0583dba5c2,2025-10-11T08:37:10+00:00,1810,0,161,0,7.202,263.4,17,fit:06ab469a75256944c36383c4817288da1db87343fd8245e2c210fa0583dba5c2:segment:003,3,8551.0,8301,activities/049_251011081438.csv,1,1,0,0
fit:06ab469a75256944c36383c4817288da1db87343fd8245e2c210fa0583dba5c2,2025-10-11T08:37:11+00:00,1811,0,160,0,7.137,263.4,17,fit:06ab469a75256944c36383c4817288da1db87343fd8245e2c210fa0583dba5c2:segment:003,3,8552.0,8302,activities/049_251011081438.csv,1,1,0,0
fit:06ab469a75256944c36383c4817288da1db87343fd8245e2c210fa0583dba5c2,2025-10-11T08:37:12+00:00,1812,0,159,0,7.159,263.4,17,fit:06ab469a75256944c36383c4817288da1db87343fd8245e2c210fa0583dba5c2:segment:003,3,8553.0,8303,activities/049_251011081438.csv,1,1,0,0
fit:06ab469a75256944c36383c4817288da1db87343fd8245e2c210fa0583dba5c2,2025-10-11T08:37:13+00:00,1813,0,157,0,7.93,263.4,17,fit:06ab469a75256944c36383c4817288da1db87343fd8245e2c210fa0583dba5c2:segment:003,3,8554.0,8304,activities/049_251011081438.csv,1,1,0,0
fit:06ab469a75256944c36383c4817288da1db87343fd8245e2c210fa0583dba5c2,2025-10-11T08:37:14+00:00,1814,0,156,0,8.273,263.0,17,fit:06ab469a75256944c36383c4817288da1db87343fd8245e2c210fa0583dba5c2:segment:003,3,8555.0,8305,activities/049_251011081438.csv,1,1,0,0
fit:06ab469a75256944c36383c4817288da1db87343fd8245e2c210fa0583dba5c2,2025-10-11T08:37:15+00:00,1815,0,156,0,8.361,263.0,17,fit:06ab469a75256944c36383c4817288da1db87343fd8245e2c210fa0583dba5c2:segment:003,3,8556.0,8306,activities/049_251011081438.csv,1,1,0,0
fit:06ab469a75256944c36383c4817288da1db87343fd8245e2c210fa0583dba5c2,2025-10-11T08:37:16+00:00,1816,0,155,0,8.644,263.0,17,fit:06ab469a75256944c36383c4817288da1db87343fd8245e2c210fa0583dba5c2:segment:003,3,8557.0,8307,activities/049_251011081438.csv,1,1,0,0
fit:06ab469a75256944c36383c4817288da1db87343fd8245e2c210fa0583dba5c2,2025-10-11T08:37:17+00:00,1817,0,154,0,8.711,263.0,17,fit:06ab469a75256944c36383c4817288da1db87343fd8245e2c210fa0583dba5c2:segment:003,3,8558.0,8308,activities/049_251011081438.csv,1,1,0,0
fit:06ab469a75256944c36383c4817288da1db87343fd8245e2c210fa0583dba5c2,2025-10-11T08:37:18+00:00,1818,0,153,0,9.127,261.20000000000005,17,fit:06ab469a75256944c36383c4817288da1db87343fd8245e2c210fa0583dba5c2:segment:003,3,8559.0,8309,activities/049_251011081438.csv,1,1,0,0
fit:06ab469a75256944c36383c4817288da1db87343fd8245e2c210fa0583dba5c2,2025-10-11T08:37:19+00:00,1819,0,153,0,9.43,261.20000000000005,17,fit:06ab469a75256944c36383c4817288da1db87343fd8245e2c210fa0583dba5c2:segment:003,3,8560.0,8310,activities/049_251011081438.csv,1,1,0,0
fit:06ab469a75256944c36383c4817288da1db87343fd8245e2c210fa0583dba5c2,2025-10-11T08:37:20+00:00,1820,0,152,0,9.648,261.20000000000005,17,fit:06ab469a75256944c36383c4817288da1db87343fd8245e2c210fa0583dba5c2:segment:003,3,8561.0,8311,activities/049_251011081438.csv,1,1,0,0
fit:06ab469a75256944c36383c4817288da1db87343fd8245e2c210fa0583dba5c2,2025-10-11T08:37:21+00:00,1821,0,152,0,9.687,260.20000000000005,17,fit:06ab469a75256944c36383c4817288da1db87343fd8245e2c210fa0583dba5c2:segment:003,3,8562.0,8312,activities/049_251011081438.csv,1,1,0,0
fit:06ab469a75256944c36383c4817288da1db87343fd8245e2c210fa0583dba5c2,2025-10-11T08:37:22+00:00,1822,0,151,0,9.851,258.6,17,fit:06ab469a75256944c36383c4817288da1db87343fd8245e2c210fa0583dba5c2:segment:003,3,8563.0,8313,activities/049_251011081438.csv,1,1,0,0
fit:06ab469a75256944c36383c4817288da1db87343fd8245e2c210fa0583dba5c2,2025-10-11T08:37:23+00:00,1823,0,150,0,9.926,258.6,17,fit:06ab469a75256944c36383c4817288da1db87343fd8245e2c210fa0583dba5c2:segment:003,3,8564.0,8314,activities/049_251011081438.csv,1,1,0,0
fit:06ab469a75256944c36383c4817288da1db87343fd8245e2c210fa0583dba5c2,2025-10-11T08:37:24+00:00,1824,0,148,0,9.938,258.6,17,fit:06ab469a75256944c36383c4817288da1db87343fd8245e2c210fa0583dba5c2:segment:003,3,8565.0,8315,activities/049_251011081438.csv,1,1,0,0
fit:06ab469a75256944c36383c4817288da1db87343fd8245e2c210fa0583dba5c2,2025-10-11T08:37:25+00:00,1825,0,148,0,10.376,258.6,17,fit:06ab469a75256944c36383c4817288da1db87343fd8245e2c210fa0583dba5c2:segment:003,3,8566.0,8316,activities/049_251011081438.csv,1,1,0,0
fit:06ab469a75256944c36383c4817288da1db87343fd8245e2c210fa0583dba5c2,2025-10-11T08:37:26+00:00,1826,0,146,0,10.269,257.0,17,fit:06ab469a75256944c36383c4817288da1db87343fd8245e2c210fa0583dba5c2:segment:003,3,8567.0,8317,activities/049_251011081438.csv,1,1,0,0
fit:06ab469a75256944c36383c4817288da1db87343fd8245e2c210fa0583dba5c2,2025-10-11T08:37:27+00:00,1827,0,144,0,10.361,257.0,17,fit:06ab469a75256944c36383c4817288da1db87343fd8245e2c210fa0583dba5c2:segment:003,3,8568.0,8318,activities/049_251011081438.csv,1,1,0,0
fit:06ab469a75256944c36383c4817288da1db87343fd8245e2c210fa0583dba5c2,2025-10-11T08:37:28+00:00,1828,0,143,0,10.268,257.0,17,fit:06ab469a75256944c36383c4817288da1db87343fd8245e2c210fa0583dba5c2:segment:003,3,8569.0,8319,activities/049_251011081438.csv,1,1,0,0
fit:06ab469a75256944c36383c4817288da1db87343fd8245e2c210fa0583dba5c2,2025-10-11T08:37:29+00:00,1829,0,143,0,10.532,256.0,17,fit:06ab469a75256944c36383c4817288da1db87343fd8245e2c210fa0583dba5c2:segment:003,3,8570.0,8320,activities/049_251011081438.csv,1,1,0,0
fit:06ab469a75256944c36383c4817288da1db87343fd8245e2c210fa0583dba5c2,2025-10-11T08:37:30+00:00,1830,0,143,0,10.421,255.0,17,fit:06ab469a75256944c36383c4817288da1db87343fd8245e2c210fa0583dba5c2:segment:003,3,8571.0,8321,activities/049_251011081438.csv,1,1,0,0
fit:06ab469a75256944c36383c4817288da1db87343fd8245e2c210fa0583dba5c2,2025-10-11T08:37:31+00:00,1831,0,142,0,9.383,255.0,17,fit:06ab469a75256944c36383c4817288da1db87343fd8245e2c210fa0583dba5c2:segment:003,3,8572.0,8322,activities/049_251011081438.csv,1,1,0,0
fit:06ab469a75256944c36383c4817288da1db87343fd8245e2c210fa0583dba5c2,2025-10-11T08:37:32+00:00,1832,0,141,0,8.949,255.0,17,fit:06ab469a75256944c36383c4817288da1db87343fd8245e2c210fa0583dba5c2:segment:003,3,8573.0,8323,activities/049_251011081438.csv,1,1,0,0
fit:06ab469a75256944c36383c4817288da1db87343fd8245e2c210fa0583dba5c2,2025-10-11T08:37:33+00:00,1833,0,139,0,9.056,255.0,17,fit:06ab469a75256944c36383c4817288da1db87343fd8245e2c210fa0583dba5c2:segment:003,3,8574.0,8324,activities/049_251011081438.csv,1,1,0,0
fit:06ab469a75256944c36383c4817288da1db87343fd8245e2c210fa0583dba5c2,2025-10-11T08:37:34+00:00,1834,0,138,0,8.469,253.39999999999998,17,fit:06ab469a75256944c36383c4817288da1db87343fd8245e2c210fa0583dba5c2:segment:003,3,8575.0,8325,activities/049_251011081438.csv,1,1,0,0
fit:06ab469a75256944c36383c4817288da1db87343fd8245e2c210fa0583dba5c2,2025-10-11T08:37:35+00:00,1835,0,138,0,7.749,253.39999999999998,17,fit:06ab469a75256944c36383c4817288da1db87343fd8245e2c210fa0583dba5c2:segment:003,3,8576.0,8326,activities/049_251011081438.csv,1,1,0,0
fit:06ab469a75256944c36383c4817288da1db87343fd8245e2c210fa0583dba5c2,2025-10-11T08:37:36+00:00,1836,0,137,0,7.96,253.39999999999998,17,fit:06ab469a75256944c36383c4817288da1db87343fd8245e2c210fa0583dba5c2:segment:003,3,8577.0,8327,activities/049_251011081438.csv,1,1,0,0
fit:06ab469a75256944c36383c4817288da1db87343fd8245e2c210fa0583dba5c2,2025-10-11T08:37:37+00:00,1837,0,136,0,8.162,252.39999999999998,17,fit:06ab469a75256944c36383c4817288da1db87343fd8245e2c210fa0583dba5c2:segment:003,3,8578.0,8328,activities/049_251011081438.csv,1,1,0,0
fit:06ab469a75256944c36383c4817288da1db87343fd8245e2c210fa0583dba5c2,2025-10-11T08:37:38+00:00,1838,0,136,0,7.39,250.0,17,fit:06ab469a75256944c36383c4817288da1db87343fd8245e2c210fa0583dba5c2:segment:003,3,8579.0,8329,activities/049_251011081438.csv,1,1,0,0
fit:06ab469a75256944c36383c4817288da1db87343fd8245e2c210fa0583dba5c2,2025-10-11T08:37:39+00:00,1839,0,135,0,7.192,250.0,17,fit:06ab469a75256944c36383c4817288da1db87343fd8245e2c210fa0583dba5c2:segment:003,3,8580.0,8330,activities/049_251011081438.csv,1,1,0,0
fit:06ab469a75256944c36383c4817288da1db87343fd8245e2c210fa0583dba5c2,2025-10-11T08:37:40+00:00,1840,0,133,0,7.09,250.0,17,fit:06ab469a75256944c36383c4817288da1db87343fd8245e2c210fa0583dba5c2:segment:003,3,8581.0,8331,activities/049_251011081438.csv,1,1,0,0
fit:06ab469a75256944c36383c4817288da1db87343fd8245e2c210fa0583dba5c2,2025-10-11T08:37:41+00:00,1841,0,130,0,7.644,250.0,17,fit:06ab469a75256944c36383c4817288da1db87343fd8245e2c210fa0583dba5c2:segment:003,3,8582.0,8332,activities/049_251011081438.csv,1,1,0,0
fit:06ab469a75256944c36383c4817288da1db87343fd8245e2c210fa0583dba5c2,2025-10-11T08:37:42+00:00,1842,0,130,0,7.756,248.20000000000005,17,fit:06ab469a75256944c36383c4817288da1db87343fd8245e2c210fa0583dba5c2:segment:003,3,8583.0,8333,activities/049_251011081438.csv,1,1,0,0
fit:06ab469a75256944c36383c4817288da1db87343fd8245e2c210fa0583dba5c2,2025-10-11T08:37:43+00:00,1843,0,129,0,8.257,248.20000000000005,17,fit:06ab469a75256944c36383c4817288da1db87343fd8245e2c210fa0583dba5c2:segment:003,3,8584.0,8334,activities/049_251011081438.csv,1,1,0,0
fit:06ab469a75256944c36383c4817288da1db87343fd8245e2c210fa0583dba5c2,2025-10-11T08:37:44+00:00,1844,0,128,0,8.646,248.20000000000005,17,fit:06ab469a75256944c36383c4817288da1db87343fd8245e2c210fa0583dba5c2:segment:003,3,8585.0,8335,activities/049_251011081438.csv,1,1,0,0
fit:06ab469a75256944c36383c4817288da1db87343fd8245e2c210fa0583dba5c2,2025-10-11T08:37:45+00:00,1845,0,128,0,8.798,247.20000000000005,17,fit:06ab469a75256944c36383c4817288da1db87343fd8245e2c210fa0583dba5c2:segment:003,3,8586.0,8336,activities/049_251011081438.csv,1,1,0,0
fit:06ab469a75256944c36383c4817288da1db87343fd8245e2c210fa0583dba5c2,2025-10-11T08:37:46+00:00,1846,0,128,0,9.742,246.20000000000005,17,fit:06ab469a75256944c36383c4817288da1db87343fd8245e2c210fa0583dba5c2:segment:003,3,8587.0,8337,activities/049_251011081438.csv,1,1,0,0
fit:06ab469a75256944c36383c4817288da1db87343fd8245e2c210fa0583dba5c2,2025-10-11T08:37:47+00:00,1847,0,128,0,9.893,246.20000000000005,17,fit:06ab469a75256944c36383c4817288da1db87343fd8245e2c210fa0583dba5c2:segment:003,3,8588.0,8338,activities/049_251011081438.csv,1,1,0,0
fit:06ab469a75256944c36383c4817288da1db87343fd8245e2c210fa0583dba5c2,2025-10-11T08:37:48+00:00,1848,0,127,0,10.556,246.20000000000005,17,fit:06ab469a75256944c36383c4817288da1db87343fd8245e2c210fa0583dba5c2:segment:003,3,8589.0,8339,activities/049_251011081438.csv,1,1,0,0
fit:06ab469a75256944c36383c4817288da1db87343fd8245e2c210fa0583dba5c2,2025-10-11T08:37:49+00:00,1849,0,127,0,11.137,245.20000000000005,17,fit:06ab469a75256944c36383c4817288da1db87343fd8245e2c210fa0583dba5c2:segment:003,3,8590.0,8340,activities/049_251011081438.csv,1,1,0,0
fit:06ab469a75256944c36383c4817288da1db87343fd8245e2c210fa0583dba5c2,2025-10-11T08:37:50+00:00,1850,0,127,0,11.728,240.60000000000002,17,fit:06ab469a75256944c36383c4817288da1db87343fd8245e2c210fa0583dba5c2:segment:003,3,8591.0,8341,activities/049_251011081438.csv,1,1,0,0
fit:06ab469a75256944c36383c4817288da1db87343fd8245e2c210fa0583dba5c2,2025-10-11T08:37:51+00:00,1851,0,126,0,12.003,240.60000000000002,17,fit:06ab469a75256944c36383c4817288da1db87343fd8245e2c210fa0583dba5c2:segment:003,3,8592.0,8342,activities/049_251011081438.csv,1,1,0,0
fit:06ab469a75256944c36383c4817288da1db87343fd8245e2c210fa0583dba5c2,2025-10-11T08:37:52+00:00,1852,0,126,0,12.422,240.60000000000002,17,fit:06ab469a75256944c36383c4817288da1db87343fd8245e2c210fa0583dba5c2:segment:003,3,8593.0,8343,activities/049_251011081438.csv,1,1,0,0
fit:06ab469a75256944c36383c4817288da1db87343fd8245e2c210fa0583dba5c2,2025-10-11T08:37:53+00:00,1853,0,126,0,12.688,239.60000000000002,17,fit:06ab469a75256944c36383c4817288da1db87343fd8245e2c210fa0583dba5c2:segment:003,3,8594.0,8344,activities/049_251011081438.csv,1,1,0,0
fit:06ab469a75256944c36383c4817288da1db87343fd8245e2c210fa0583dba5c2,2025-10-11T08:37:54+00:00,1854,0,125,0,13.296,236.39999999999998,17,fit:06ab469a75256944c36383c4817288da1db87343fd8245e2c210fa0583dba5c2:segment:003,3,8595.0,8345,activities/049_251011081438.csv,1,1,0,0
fit:06ab469a75256944c36383c4817288da1db87343fd8245e2c210fa0583dba5c2,2025-10-11T08:37:55+00:00,1855,0,124,0,13.5,236.39999999999998,17,fit:06ab469a75256944c36383c4817288da1db87343fd8245e2c210fa0583dba5c2:segment:003,3,8596.0,8346,activities/049_251011081438.csv,1,1,0,0
fit:06ab469a75256944c36383c4817288da1db87343fd8245e2c210fa0583dba5c2,2025-10-11T08:37:56+00:00,1856,0,124,0,13.236,236.39999999999998,17,fit:06ab469a75256944c36383c4817288da1db87343fd8245e2c210fa0583dba5c2:segment:003,3,8597.0,8347,activities/049_251011081438.csv,1,1,0,0
fit:06ab469a75256944c36383c4817288da1db87343fd8245e2c210fa0583dba5c2,2025-10-11T08:37:57+00:00,1857,0,124,0,13.204,236.39999999999998,17,fit:06ab469a75256944c36383c4817288da1db87343fd8245e2c210fa0583dba5c2:segment:003,3,8598.0,8348,activities/049_251011081438.csv,1,1,0,0
fit:06ab469a75256944c36383c4817288da1db87343fd8245e2c210fa0583dba5c2,2025-10-11T08:37:58+00:00,1858,0,123,0,12.634,234.39999999999998,17,fit:06ab469a75256944c36383c4817288da1db87343fd8245e2c210fa0583dba5c2:segment:003,3,8599.0,8349,activities/049_251011081438.csv,1,1,0,0
fit:06ab469a75256944c36383c4817288da1db87343fd8245e2c210fa0583dba5c2,2025-10-11T08:37:59+00:00,1859,0,123,0,12.244,234.39999999999998,17,fit:06ab469a75256944c36383c4817288da1db87343fd8245e2c210fa0583dba5c2:segment:003,3,8600.0,8350,activities/049_251011081438.csv,1,1,0,0
fit:06ab469a75256944c36383c4817288da1db87343fd8245e2c210fa0583dba5c2,2025-10-11T08:38:00+00:00,1860,0,122,0,11.789,234.39999999999998,17,fit:06ab469a75256944c36383c4817288da1db87343fd8245e2c210fa0583dba5c2:segment:003,3,8601.0,8351,activities/049_251011081438.csv,1,1,0,0
fit:06ab469a75256944c36383c4817288da1db87343fd8245e2c210fa0583dba5c2,2025-10-11T08:38:01+00:00,1861,0,122,0,11.414,234.39999999999998,17,fit:06ab469a75256944c36383c4817288da1db87343fd8245e2c210fa0583dba5c2:segment:003,3,8602.0,8352,activities/049_251011081438.csv,1,1,0,0
fit:06ab469a75256944c36383c4817288da1db87343fd8245e2c210fa0583dba5c2,2025-10-11T08:38:02+00:00,1862,0,122,0,11.03,232.79999999999995,17,fit:06ab469a75256944c36383c4817288da1db87343fd8245e2c210fa0583dba5c2:segment:003,3,8603.0,8353,activities/049_251011081438.csv,1,1,0,0
fit:06ab469a75256944c36383c4817288da1db87343fd8245e2c210fa0583dba5c2,2025-10-11T08:38:03+00:00,1863,0,121,0,10.824,232.79999999999995,17,fit:06ab469a75256944c36383c4817288da1db87343fd8245e2c210fa0583dba5c2:segment:003,3,8604.0,8354,activities/049_251011081438.csv,1,1,0,0
fit:06ab469a75256944c36383c4817288da1db87343fd8245e2c210fa0583dba5c2,2025-10-11T08:38:04+00:00,1864,0,122,0,10.604,232.79999999999995,17,fit:06ab469a75256944c36383c4817288da1db87343fd8245e2c210fa0583dba5c2:segment:003,3,8605.0,8355,activities/049_251011081438.csv,1,1,0,0
fit:06ab469a75256944c36383c4817288da1db87343fd8245e2c210fa0583dba5c2,2025-10-11T08:38:05+00:00,1865,0,122,0,10.321,231.79999999999995,17,fit:06ab469a75256944c36383c4817288da1db87343fd8245e2c210fa0583dba5c2:segment:003,3,8606.0,8356,activities/049_251011081438.csv,1,1,0,0
fit:06ab469a75256944c36383c4817288da1db87343fd8245e2c210fa0583dba5c2,2025-10-11T08:38:06+00:00,1866,0,123,0,10.384,228.0,17,fit:06ab469a75256944c36383c4817288da1db87343fd8245e2c210fa0583dba5c2:segment:003,3,8607.0,8357,activities/049_251011081438.csv,1,1,0,0
fit:06ab469a75256944c36383c4817288da1db87343fd8245e2c210fa0583dba5c2,2025-10-11T08:38:07+00:00,1867,0,123,0,11.423,228.0,17,fit:06ab469a75256944c36383c4817288da1db87343fd8245e2c210fa0583dba5c2:segment:003,3,8608.0,8358,activities/049_251011081438.csv,1,1,0,0
fit:06ab469a75256944c36383c4817288da1db87343fd8245e2c210fa0583dba5c2,2025-10-11T08:38:08+00:00,1868,0,123,0,11.29,228.0,17,fit:06ab469a75256944c36383c4817288da1db87343fd8245e2c210fa0583dba5c2:segment:003,3,8609.0,8359,activities/049_251011081438.csv,1,1,0,0
fit:06ab469a75256944c36383c4817288da1db87343fd8245e2c210fa0583dba5c2,2025-10-11T08:38:09+00:00,1869,0,123,0,10.894,228.0,17,fit:06ab469a75256944c36383c4817288da1db87343fd8245e2c210fa0583dba5c2:segment:003,3,8610.0,8360,activities/049_251011081438.csv,1,1,0,0
fit:06ab469a75256944c36383c4817288da1db87343fd8245e2c210fa0583dba5c2,2025-10-11T08:38:10+00:00,1870,0,122,0,10.97,223.79999999999995,17,fit:06ab469a75256944c36383c4817288da1db87343fd8245e2c210fa0583dba5c2:segment:003,3,8611.0,8361,activities/049_251011081438.csv,1,1,0,0
fit:06ab469a75256944c36383c4817288da1db87343fd8245e2c210fa0583dba5c2,2025-10-11T08:38:11+00:00,1871,0,122,0,10.94,223.79999999999995,17,fit:06ab469a75256944c36383c4817288da1db87343fd8245e2c210fa0583dba5c2:segment:003,3,8612.0,8362,activities/049_251011081438.csv,1,1,0,0
fit:06ab469a75256944c36383c4817288da1db87343fd8245e2c210fa0583dba5c2,2025-10-11T08:38:12+00:00,1872,0,122,0,12.066,223.79999999999995,17,fit:06ab469a75256944c36383c4817288da1db87343fd8245e2c210fa0583dba5c2:segment:003,3,8613.0,8363,activities/049_251011081438.csv,1,1,0,0
fit:06ab469a75256944c36383c4817288da1db87343fd8245e2c210fa0583dba5c2,2025-10-11T08:38:13+00:00,1873,0,121,0,12.826,222.79999999999995,17,fit:06ab469a75256944c36383c4817288da1db87343fd8245e2c210fa0583dba5c2:segment:003,3,8614.0,8364,activities/049_251011081438.csv,1,1,0,0
fit:06ab469a75256944c36383c4817288da1db87343fd8245e2c210fa0583dba5c2,2025-10-11T08:38:14+00:00,1874,0,121,0,13.181,218.39999999999998,17,fit:06ab469a75256944c36383c4817288da1db87343fd8245e2c210fa0583dba5c2:segment:003,3,8615.0,8365,activities/049_251011081438.csv,1,1,0,0
fit:06ab469a75256944c36383c4817288da1db87343fd8245e2c210fa0583dba5c2,2025-10-11T08:38:15+00:00,1875,0,121,0,13.489,218.39999999999998,17,fit:06ab469a75256944c36383c4817288da1db87343fd8245e2c210fa0583dba5c2:segment:003,3,8616.0,8366,activities/049_251011081438.csv,1,1,0,0
fit:06ab469a75256944c36383c4817288da1db87343fd8245e2c210fa0583dba5c2,2025-10-11T08:38:16+00:00,1876,0,121,0,13.534,218.39999999999998,17,fit:06ab469a75256944c36383c4817288da1db87343fd8245e2c210fa0583dba5c2:segment:003,3,8617.0,8367,activities/049_251011081438.csv,1,1,0,0
fit:06ab469a75256944c36383c4817288da1db87343fd8245e2c210fa0583dba5c2,2025-10-11T08:38:17+00:00,1877,0,121,0,13.891,217.39999999999998,17,fit:06ab469a75256944c36383c4817288da1db87343fd8245e2c210fa0583dba5c2:segment:003,3,8618.0,8368,activities/049_251011081438.csv,1,1,0,0
fit:06ab469a75256944c36383c4817288da1db87343fd8245e2c210fa0583dba5c2,2025-10-11T08:38:18+00:00,1878,0,121,0,13.877,213.0,17,fit:06ab469a75256944c36383c4817288da1db87343fd8245e2c210fa0583dba5c2:segment:003,3,8619.0,8369,activities/049_251011081438.csv,1,1,0,0
fit:06ab469a75256944c36383c4817288da1db87343fd8245e2c210fa0583dba5c2,2025-10-11T08:38:19+00:00,1879,0,121,0,14.085,213.0,17,fit:06ab469a75256944c36383c4817288da1db87343fd8245e2c210fa0583dba5c2:segment:003,3,8620.0,8370,activities/049_251011081438.csv,1,1,0,0
fit:06ab469a75256944c36383c4817288da1db87343fd8245e2c210fa0583dba5c2,2025-10-11T08:38:20+00:00,1880,0,121,0,13.858,213.0,17,fit:06ab469a75256944c36383c4817288da1db87343fd8245e2c210fa0583dba5c2:segment:003,3,8621.0,8371,activities/049_251011081438.csv,1,1,0,0
fit:06ab469a75256944c36383c4817288da1db87343fd8245e2c210fa0583dba5c2,2025-10-11T08:38:21+00:00,1881,0,121,0,13.59,212.0,17,fit:06ab469a75256944c36383c4817288da1db87343fd8245e2c210fa0583dba5c2:segment:003,3,8622.0,8372,activities/049_251011081438.csv,1,1,0,0
fit:06ab469a75256944c36383c4817288da1db87343fd8245e2c210fa0583dba5c2,2025-10-11T08:38:22+00:00,1882,0,121,0,13.323,209.60000000000002,17,fit:06ab469a75256944c36383c4817288da1db87343fd8245e2c210fa0583dba5c2:segment:003,3,8623.0,8373,activities/049_251011081438.csv,1,1,0,0
fit:06ab469a75256944c36383c4817288da1db87343fd8245e2c210fa0583dba5c2,2025-10-11T08:38:23+00:00,1883,0,121,0,12.085,209.60000000000002,17,fit:06ab469a75256944c36383c4817288da1db87343fd8245e2c210fa0583dba5c2:segment:003,3,8624.0,8374,activities/049_251011081438.csv,1,1,0,0
fit:06ab469a75256944c36383c4817288da1db87343fd8245e2c210fa0583dba5c2,2025-10-11T08:38:24+00:00,1884,0,121,0,10.159,209.60000000000002,17,fit:06ab469a75256944c36383c4817288da1db87343fd8245e2c210fa0583dba5c2:segment:003,3,8625.0,8375,activities/049_251011081438.csv,1,1,0,0
fit:06ab469a75256944c36383c4817288da1db87343fd8245e2c210fa0583dba5c2,2025-10-11T08:38:25+00:00,1885,0,121,0,8.591,209.60000000000002,17,fit:06ab469a75256944c36383c4817288da1db87343fd8245e2c210fa0583dba5c2:segment:003,3,8626.0,8376,activities/049_251011081438.csv,1,1,0,0
fit:06ab469a75256944c36383c4817288da1db87343fd8245e2c210fa0583dba5c2,2025-10-11T08:38:26+00:00,1886,0,120,0,7.309,206.39999999999998,17,fit:06ab469a75256944c36383c4817288da1db87343fd8245e2c210fa0583dba5c2:segment:003,3,8627.0,8377,activities/049_251011081438.csv,1,1,0,0
fit:06ab469a75256944c36383c4817288da1db87343fd8245e2c210fa0583dba5c2,2025-10-11T08:38:27+00:00,1887,0,120,0,7.428,206.39999999999998,17,fit:06ab469a75256944c36383c4817288da1db87343fd8245e2c210fa0583dba5c2:segment:003,3,8628.0,8378,activities/049_251011081438.csv,1,1,0,0
fit:06ab469a75256944c36383c4817288da1db87343fd8245e2c210fa0583dba5c2,2025-10-11T08:38:28+00:00,1888,0,119,0,8.375,206.39999999999998,17,fit:06ab469a75256944c36383c4817288da1db87343fd8245e2c210fa0583dba5c2:segment:003,3,8629.0,8379,activities/049_251011081438.csv,1,1,0,0
fit:06ab469a75256944c36383c4817288da1db87343fd8245e2c210fa0583dba5c2,2025-10-11T08:38:29+00:00,1889,0,118,0,9.381,205.39999999999998,17,fit:06ab469a75256944c36383c4817288da1db87343fd8245e2c210fa0583dba5c2:segment:003,3,8630.0,8380,activities/049_251011081438.csv,1,1,0,0
fit:06ab469a75256944c36383c4817288da1db87343fd8245e2c210fa0583dba5c2,2025-10-11T08:38:30+00:00,1890,0,118,0,10.013,201.60000000000002,17,fit:06ab469a75256944c36383c4817288da1db87343fd8245e2c210fa0583dba5c2:segment:003,3,8631.0,8381,activities/049_251011081438.csv,1,1,0,0
fit:06ab469a75256944c36383c4817288da1db87343fd8245e2c210fa0583dba5c2,2025-10-11T08:38:31+00:00,1891,0,117,0,10.235,201.60000000000002,17,fit:06ab469a75256944c36383c4817288da1db87343fd8245e2c210fa0583dba5c2:segment:003,3,8632.0,8382,activities/049_251011081438.csv,1,1,0,0
fit:06ab469a75256944c36383c4817288da1db87343fd8245e2c210fa0583dba5c2,2025-10-11T08:38:32+00:00,1892,0,117,0,10.417,201.60000000000002,17,fit:06ab469a75256944c36383c4817288da1db87343fd8245e2c210fa0583dba5c2:segment:003,3,8633.0,8383,activities/049_251011081438.csv,1,1,0,0
fit:06ab469a75256944c36383c4817288da1db87343fd8245e2c210fa0583dba5c2,2025-10-11T08:38:33+00:00,1893,0,116,0,10.677,200.60000000000002,17,fit:06ab469a75256944c36383c4817288da1db87343fd8245e2c210fa0583dba5c2:segment:003,3,8634.0,8384,activities/049_251011081438.csv,1,1,0,0
fit:06ab469a75256944c36383c4817288da1db87343fd8245e2c210fa0583dba5c2,2025-10-11T08:38:34+00:00,1894,0,116,0,11.059,197.39999999999998,17,fit:06ab469a75256944c36383c4817288da1db87343fd8245e2c210fa0583dba5c2:segment:003,3,8635.0,8385,activities/049_251011081438.csv,1,1,0,0
fit:06ab469a75256944c36383c4817288da1db87343fd8245e2c210fa0583dba5c2,2025-10-11T08:38:35+00:00,1895,0,116,0,11.371,197.39999999999998,17,fit:06ab469a75256944c36383c4817288da1db87343fd8245e2c210fa0583dba5c2:segment:003,3,8636.0,8386,activities/049_251011081438.csv,1,1,0,0
fit:06ab469a75256944c36383c4817288da1db87343fd8245e2c210fa0583dba5c2,2025-10-11T08:38:36+00:00,1896,0,117,0,11.558,197.39999999999998,17,fit:06ab469a75256944c36383c4817288da1db87343fd8245e2c210fa0583dba5c2:segment:003,3,8637.0,8387,activities/049_251011081438.csv,1,1,0,0
fit:06ab469a75256944c36383c4817288da1db87343fd8245e2c210fa0583dba5c2,2025-10-11T08:38:37+00:00,1897,0,117,0,11.763,196.39999999999998,17,fit:06ab469a75256944c36383c4817288da1db87343fd8245e2c210fa0583dba5c2:segment:003,3,8638.0,8388,activities/049_251011081438.csv,1,1,0,0
fit:06ab469a75256944c36383c4817288da1db87343fd8245e2c210fa0583dba5c2,2025-10-11T08:38:38+00:00,1898,0,117,0,12.227,192.79999999999995,17,fit:06ab469a75256944c36383c4817288da1db87343fd8245e2c210fa0583dba5c2:segment:003,3,8639.0,8389,activities/049_251011081438.csv,1,1,0,0
fit:06ab469a75256944c36383c4817288da1db87343fd8245e2c210fa0583dba5c2,2025-10-11T08:38:39+00:00,1899,0,117,0,11.892,192.79999999999995,17,fit:06ab469a75256944c36383c4817288da1db87343fd8245e2c210fa0583dba5c2:segment:003,3,8640.0,8390,activities/049_251011081438.csv,1,1,0,0
fit:06ab469a75256944c36383c4817288da1db87343fd8245e2c210fa0583dba5c2,2025-10-11T08:38:40+00:00,1900,0,117,0,11.638,192.79999999999995,17,fit:06ab469a75256944c36383c4817288da1db87343fd8245e2c210fa0583dba5c2:segment:003,3,8641.0,8391,activities/049_251011081438.csv,1,1,0,0
fit:06ab469a75256944c36383c4817288da1db87343fd8245e2c210fa0583dba5c2,2025-10-11T08:38:41+00:00,1901,0,117,0,11.47,191.79999999999995,17,fit:06ab469a75256944c36383c4817288da1db87343fd8245e2c210fa0583dba5c2:segment:003,3,8642.0,8392,activities/049_251011081438.csv,1,1,0,0
fit:06ab469a75256944c36383c4817288da1db87343fd8245e2c210fa0583dba5c2,2025-10-11T08:38:42+00:00,1902,0,117,0,11.382,189.39999999999998,17,fit:06ab469a75256944c36383c4817288da1db87343fd8245e2c210fa0583dba5c2:segment:003,3,8643.0,8393,activities/049_251011081438.csv,1,1,0,0
fit:06ab469a75256944c36383c4817288da1db87343fd8245e2c210fa0583dba5c2,2025-10-11T08:38:43+00:00,1903,0,117,0,11.265,189.39999999999998,17,fit:06ab469a75256944c36383c4817288da1db87343fd8245e2c210fa0583dba5c2:segment:003,3,8644.0,8394,activities/049_251011081438.csv,1,1,0,0
fit:06ab469a75256944c36383c4817288da1db87343fd8245e2c210fa0583dba5c2,2025-10-11T08:38:44+00:00,1904,0,118,0,11.435,189.39999999999998,17,fit:06ab469a75256944c36383c4817288da1db87343fd8245e2c210fa0583dba5c2:segment:003,3,8645.0,8395,activities/049_251011081438.csv,1,1,0,0
fit:06ab469a75256944c36383c4817288da1db87343fd8245e2c210fa0583dba5c2,2025-10-11T08:38:45+00:00,1905,0,118,0,11.346,189.39999999999998,17,fit:06ab469a75256944c36383c4817288da1db87343fd8245e2c210fa0583dba5c2:segment:003,3,8646.0,8396,activities/049_251011081438.csv,1,1,0,0
fit:06ab469a75256944c36383c4817288da1db87343fd8245e2c210fa0583dba5c2,2025-10-11T08:38:46+00:00,1906,0,118,0,11.491,184.60000000000002,17,fit:06ab469a75256944c36383c4817288da1db87343fd8245e2c210fa0583dba5c2:segment:003,3,8647.0,8397,activities/049_251011081438.csv,1,1,0,0
fit:06ab469a75256944c36383c4817288da1db87343fd8245e2c210fa0583dba5c2,2025-10-11T08:38:47+00:00,1907,0,118,0,11.965,184.60000000000002,17,fit:06ab469a75256944c36383c4817288da1db87343fd8245e2c210fa0583dba5c2:segment:003,3,8648.0,8398,activities/049_251011081438.csv,1,1,0,0
fit:06ab469a75256944c36383c4817288da1db87343fd8245e2c210fa0583dba5c2,2025-10-11T08:38:48+00:00,1908,0,118,0,12.642,184.60000000000002,17,fit:06ab469a75256944c36383c4817288da1db87343fd8245e2c210fa0583dba5c2:segment:003,3,8649.0,8399,activities/049_251011081438.csv,1,1,0,0
fit:06ab469a75256944c36383c4817288da1db87343fd8245e2c210fa0583dba5c2,2025-10-11T08:38:49+00:00,1909,0,119,0,13.331,183.60000000000002,17,fit:06ab469a75256944c36383c4817288da1db87343fd8245e2c210fa0583dba5c2:segment:003,3,8650.0,8400,activities/049_251011081438.csv,1,1,0,0
fit:06ab469a75256944c36383c4817288da1db87343fd8245e2c210fa0583dba5c2,2025-10-11T08:38:50+00:00,1910,0,119,0,13.476,180.20000000000005,17,fit:06ab469a75256944c36383c4817288da1db87343fd8245e2c210fa0583dba5c2:segment:003,3,8651.0,8401,activities/049_251011081438.csv,1,1,0,0
fit:06ab469a75256944c36383c4817288da1db87343fd8245e2c210fa0583dba5c2,2025-10-11T08:38:51+00:00,1911,0,119,0,13.433,180.20000000000005,17,fit:06ab469a75256944c36383c4817288da1db87343fd8245e2c210fa0583dba5c2:segment:003,3,8652.0,8402,activities/049_251011081438.csv,1,1,0,0
fit:06ab469a75256944c36383c4817288da1db87343fd8245e2c210fa0583dba5c2,2025-10-11T08:38:52+00:00,1912,0,119,0,13.27,180.20000000000005,17,fit:06ab469a75256944c36383c4817288da1db87343fd8245e2c210fa0583dba5c2:segment:003,3,8653.0,8403,activities/049_251011081438.csv,1,1,0,0
fit:06ab469a75256944c36383c4817288da1db87343fd8245e2c210fa0583dba5c2,2025-10-11T08:38:53+00:00,1913,0,119,0,13.752,179.20000000000005,17,fit:06ab469a75256944c36383c4817288da1db87343fd8245e2c210fa0583dba5c2:segment:003,3,8654.0,8404,activities/049_251011081438.csv,1,1,0,0
fit:06ab469a75256944c36383c4817288da1db87343fd8245e2c210fa0583dba5c2,2025-10-11T08:38:54+00:00,1914,0,119,0,13.927,174.79999999999995,17,fit:06ab469a75256944c36383c4817288da1db87343fd8245e2c210fa0583dba5c2:segment:003,3,8655.0,8405,activities/049_251011081438.csv,1,1,0,0
fit:06ab469a75256944c36383c4817288da1db87343fd8245e2c210fa0583dba5c2,2025-10-11T08:38:55+00:00,1915,0,119,0,13.332,174.79999999999995,17,fit:06ab469a75256944c36383c4817288da1db87343fd8245e2c210fa0583dba5c2:segment:003,3,8656.0,8406,activities/049_251011081438.csv,1,1,0,0
fit:06ab469a75256944c36383c4817288da1db87343fd8245e2c210fa0583dba5c2,2025-10-11T08:38:56+00:00,1916,0,119,0,11.813,174.79999999999995,17,fit:06ab469a75256944c36383c4817288da1db87343fd8245e2c210fa0583dba5c2:segment:003,3,8657.0,8407,activities/049_251011081438.csv,1,1,0,0
fit:06ab469a75256944c36383c4817288da1db87343fd8245e2c210fa0583dba5c2,2025-10-11T08:38:57+00:00,1917,0,118,0,9.907,174.39999999999998,17,fit:06ab469a75256944c36383c4817288da1db87343fd8245e2c210fa0583dba5c2:segment:003,3,8658.0,8408,activities/049_251011081438.csv,1,1,0,0
fit:06ab469a75256944c36383c4817288da1db87343fd8245e2c210fa0583dba5c2,2025-10-11T08:38:58+00:00,1918,0,118,0,8.384,172.60000000000002,17,fit:06ab469a75256944c36383c4817288da1db87343fd8245e2c210fa0583dba5c2:segment:003,3,8659.0,8409,activities/049_251011081438.csv,1,1,0,0
fit:06ab469a75256944c36383c4817288da1db87343fd8245e2c210fa0583dba5c2,2025-10-11T08:38:59+00:00,1919,0,118,0,6.674,172.60000000000002,17,fit:06ab469a75256944c36383c4817288da1db87343fd8245e2c210fa0583dba5c2:segment:003,3,8660.0,8410,activities/049_251011081438.csv,1,1,0,0
fit:06ab469a75256944c36383c4817288da1db87343fd8245e2c210fa0583dba5c2,2025-10-11T08:39:00+00:00,1920,0,118,0,5.739,172.60000000000002,17,fit:06ab469a75256944c36383c4817288da1db87343fd8245e2c210fa0583dba5c2:segment:003,3,8661.0,8411,activities/049_251011081438.csv,1,1,0,0
fit:06ab469a75256944c36383c4817288da1db87343fd8245e2c210fa0583dba5c2,2025-10-11T08:39:01+00:00,1921,0,117,0,4.833,172.60000000000002,17,fit:06ab469a75256944c36383c4817288da1db87343fd8245e2c210fa0583dba5c2:segment:003,3,8662.0,8412,activities/049_251011081438.csv,1,1,0,0
fit:06ab469a75256944c36383c4817288da1db87343fd8245e2c210fa0583dba5c2,2025-10-11T08:39:02+00:00,1922,0,117,0,4.36,171.60000000000002,17,fit:06ab469a75256944c36383c4817288da1db87343fd8245e2c210fa0583dba5c2:segment:003,3,8663.0,8413,activities/049_251011081438.csv,1,1,0,0
fit:06ab469a75256944c36383c4817288da1db87343fd8245e2c210fa0583dba5c2,2025-10-11T08:39:03+00:00,1923,401,117,99,3.716,171.60000000000002,17,fit:06ab469a75256944c36383c4817288da1db87343fd8245e2c210fa0583dba5c2:segment:003,3,8664.0,8414,activities/049_251011081438.csv,1,1,0,0
fit:06ab469a75256944c36383c4817288da1db87343fd8245e2c210fa0583dba5c2,2025-10-11T08:39:04+00:00,1924,101,117,74,3.993,171.60000000000002,17,fit:06ab469a75256944c36383c4817288da1db87343fd8245e2c210fa0583dba5c2:segment:003,3,8665.0,8415,activities/049_251011081438.csv,1,1,0,0
fit:06ab469a75256944c36383c4817288da1db87343fd8245e2c210fa0583dba5c2,2025-10-11T08:39:05+00:00,1925,40,117,65,4.679,170.60000000000002,17,fit:06ab469a75256944c36383c4817288da1db87343fd8245e2c210fa0583dba5c2:segment:003,3,8666.0,8416,activities/049_251011081438.csv,1,1,0,0
fit:06ab469a75256944c36383c4817288da1db87343fd8245e2c210fa0583dba5c2,2025-10-11T08:39:06+00:00,1926,40,118,73,5.469,169.0,17,fit:06ab469a75256944c36383c4817288da1db87343fd8245e2c210fa0583dba5c2:segment:003,3,8667.0,8417,activities/049_251011081438.csv,1,1,0,0
fit:06ab469a75256944c36383c4817288da1db87343fd8245e2c210fa0583dba5c2,2025-10-11T08:39:07+00:00,1927,468,118,92,6.495,169.0,17,fit:06ab469a75256944c36383c4817288da1db87343fd8245e2c210fa0583dba5c2:segment:003,3,8668.0,8418,activities/049_251011081438.csv,1,1,0,0
fit:06ab469a75256944c36383c4817288da1db87343fd8245e2c210fa0583dba5c2,2025-10-11T08:39:08+00:00,1928,468,119,92,7.498,169.0,17,fit:06ab469a75256944c36383c4817288da1db87343fd8245e2c210fa0583dba5c2:segment:003,3,8669.0,8419,activities/049_251011081438.csv,1,1,0,0
fit:06ab469a75256944c36383c4817288da1db87343fd8245e2c210fa0583dba5c2,2025-10-11T08:39:09+00:00,1929,468,119,92,8.253,168.0,17,fit:06ab469a75256944c36383c4817288da1db87343fd8245e2c210fa0583dba5c2:segment:003,3,8670.0,8420,activities/049_251011081438.csv,1,1,0,0
fit:06ab469a75256944c36383c4817288da1db87343fd8245e2c210fa0583dba5c2,2025-10-11T08:39:10+00:00,1930,468,120,0,8.53,166.39999999999998,17,fit:06ab469a75256944c36383c4817288da1db87343fd8245e2c210fa0583dba5c2:segment:003,3,8671.0,8421,activities/049_251011081438.csv,1,1,0,0
fit:06ab469a75256944c36383c4817288da1db87343fd8245e2c210fa0583dba5c2,2025-10-11T08:39:11+00:00,1931,468,121,0,9.184,166.39999999999998,17,fit:06ab469a75256944c36383c4817288da1db87343fd8245e2c210fa0583dba5c2:segment:003,3,8672.0,8422,activities/049_251011081438.csv,1,1,0,0
fit:06ab469a75256944c36383c4817288da1db87343fd8245e2c210fa0583dba5c2,2025-10-11T08:39:12+00:00,1932,468,121,0,9.718,166.39999999999998,17,fit:06ab469a75256944c36383c4817288da1db87343fd8245e2c210fa0583dba5c2:segment:003,3,8673.0,8423,activities/049_251011081438.csv,1,1,0,0
fit:06ab469a75256944c36383c4817288da1db87343fd8245e2c210fa0583dba5c2,2025-10-11T08:39:13+00:00,1933,468,121,0,9.869,165.39999999999998,17,fit:06ab469a75256944c36383c4817288da1db87343fd8245e2c210fa0583dba5c2:segment:003,3,8674.0,8424,activities/049_251011081438.csv,1,1,0,0
fit:06ab469a75256944c36383c4817288da1db87343fd8245e2c210fa0583dba5c2,2025-10-11T08:39:14+00:00,1934,0,121,0,10.169,163.20000000000005,17,fit:06ab469a75256944c36383c4817288da1db87343fd8245e2c210fa0583dba5c2:segment:003,3,8675.0,8425,activities/049_251011081438.csv,1,1,0,0
fit:06ab469a75256944c36383c4817288da1db87343fd8245e2c210fa0583dba5c2,2025-10-11T08:39:15+00:00,1935,0,121,0,10.265,163.20000000000005,17,fit:06ab469a75256944c36383c4817288da1db87343fd8245e2c210fa0583dba5c2:segment:003,3,8676.0,8426,activities/049_251011081438.csv,1,1,0,0
fit:06ab469a75256944c36383c4817288da1db87343fd8245e2c210fa0583dba5c2,2025-10-11T08:39:16+00:00,1936,0,121,0,9.184,163.20000000000005,17,fit:06ab469a75256944c36383c4817288da1db87343fd8245e2c210fa0583dba5c2:segment:003,3,8677.0,8427,activities/049_251011081438.csv,1,1,0,0
fit:06ab469a75256944c36383c4817288da1db87343fd8245e2c210fa0583dba5c2,2025-10-11T08:39:17+00:00,1937,0,122,0,8.132,162.20000000000005,17,fit:06ab469a75256944c36383c4817288da1db87343fd8245e2c210fa0583dba5c2:segment:003,3,8678.0,8428,activities/049_251011081438.csv,1,1,0,0
fit:06ab469a75256944c36383c4817288da1db87343fd8245e2c210fa0583dba5c2,2025-10-11T08:39:18+00:00,1938,0,121,0,6.786,160.60000000000002,17,fit:06ab469a75256944c36383c4817288da1db87343fd8245e2c210fa0583dba5c2:segment:003,3,8679.0,8429,activities/049_251011081438.csv,1,1,0,0
fit:06ab469a75256944c36383c4817288da1db87343fd8245e2c210fa0583dba5c2,2025-10-11T08:39:19+00:00,1939,0,121,0,5.212,160.60000000000002,17,fit:06ab469a75256944c36383c4817288da1db87343fd8245e2c210fa0583dba5c2:segment:003,3,8680.0,8430,activities/049_251011081438.csv,1,1,0,0
fit:06ab469a75256944c36383c4817288da1db87343fd8245e2c210fa0583dba5c2,2025-10-11T08:39:20+00:00,1940,0,121,0,4.254,160.60000000000002,17,fit:06ab469a75256944c36383c4817288da1db87343fd8245e2c210fa0583dba5c2:segment:003,3,8681.0,8431,activities/049_251011081438.csv,1,1,0,0
fit:06ab469a75256944c36383c4817288da1db87343fd8245e2c210fa0583dba5c2,2025-10-11T08:39:21+00:00,1941,0,120,0,3.522,159.60000000000002,17,fit:06ab469a75256944c36383c4817288da1db87343fd8245e2c210fa0583dba5c2:segment:003,3,8682.0,8432,activities/049_251011081438.csv,1,1,0,0
fit:06ab469a75256944c36383c4817288da1db87343fd8245e2c210fa0583dba5c2,2025-10-11T08:39:22+00:00,1942,0,119,0,3.562,158.39999999999998,17,fit:06ab469a75256944c36383c4817288da1db87343fd8245e2c210fa0583dba5c2:segment:003,3,8683.0,8433,activities/049_251011081438.csv,1,1,0,0
fit:06ab469a75256944c36383c4817288da1db87343fd8245e2c210fa0583dba5c2,2025-10-11T08:39:23+00:00,1943,0,118,0,3.465,158.39999999999998,17,fit:06ab469a75256944c36383c4817288da1db87343fd8245e2c210fa0583dba5c2:segment:003,3,8684.0,8434,activities/049_251011081438.csv,1,1,0,0
fit:06ab469a75256944c36383c4817288da1db87343fd8245e2c210fa0583dba5c2,2025-10-11T08:39:24+00:00,1944,0,117,0,3.098,158.39999999999998,17,fit:06ab469a75256944c36383c4817288da1db87343fd8245e2c210fa0583dba5c2:segment:003,3,8685.0,8435,activities/049_251011081438.csv,1,1,0,0
fit:06ab469a75256944c36383c4817288da1db87343fd8245e2c210fa0583dba5c2,2025-10-11T08:39:25+00:00,1945,90,117,28,2.827,157.79999999999995,17,fit:06ab469a75256944c36383c4817288da1db87343fd8245e2c210fa0583dba5c2:segment:003,3,8686.0,8436,activities/049_251011081438.csv,1,1,0,0
fit:06ab469a75256944c36383c4817288da1db87343fd8245e2c210fa0583dba5c2,2025-10-11T08:39:26+00:00,1946,227,117,57,3.459,157.0,17,fit:06ab469a75256944c36383c4817288da1db87343fd8245e2c210fa0583dba5c2:segment:003,3,8687.0,8437,activities/049_251011081438.csv,1,1,0,0
fit:06ab469a75256944c36383c4817288da1db87343fd8245e2c210fa0583dba5c2,2025-10-11T08:39:27+00:00,1947,193,117,64,4.63,157.0,17,fit:06ab469a75256944c36383c4817288da1db87343fd8245e2c210fa0583dba5c2:segment:003,3,8688.0,8438,activities/049_251011081438.csv,1,1,0,0
fit:06ab469a75256944c36383c4817288da1db87343fd8245e2c210fa0583dba5c2,2025-10-11T08:39:28+00:00,1948,193,118,64,5.519,157.0,17,fit:06ab469a75256944c36383c4817288da1db87343fd8245e2c210fa0583dba5c2:segment:003,3,8689.0,8439,activities/049_251011081438.csv,1,1,0,0
fit:06ab469a75256944c36383c4817288da1db87343fd8245e2c210fa0583dba5c2,2025-10-11T08:39:29+00:00,1949,18,118,26,6.285,156.39999999999998,17,fit:06ab469a75256944c36383c4817288da1db87343fd8245e2c210fa0583dba5c2:segment:003,3,8690.0,8440,activities/049_251011081438.csv,1,1,0,0
fit:06ab469a75256944c36383c4817288da1db87343fd8245e2c210fa0583dba5c2,2025-10-11T08:39:30+00:00,1950,18,120,26,7.011,155.60000000000002,17,fit:06ab469a75256944c36383c4817288da1db87343fd8245e2c210fa0583dba5c2:segment:003,3,8691.0,8441,activities/049_251011081438.csv,1,1,0,0
fit:06ab469a75256944c36383c4817288da1db87343fd8245e2c210fa0583dba5c2,2025-10-11T08:39:31+00:00,1951,142,120,77,7.435,155.60000000000002,17,fit:06ab469a75256944c36383c4817288da1db87343fd8245e2c210fa0583dba5c2:segment:003,3,8692.0,8442,activities/049_251011081438.csv,1,1,0,0
fit:06ab469a75256944c36383c4817288da1db87343fd8245e2c210fa0583dba5c2,2025-10-11T08:39:32+00:00,1952,142,121,77,7.719,155.60000000000002,17,fit:06ab469a75256944c36383c4817288da1db87343fd8245e2c210fa0583dba5c2:segment:003,3,8693.0,8443,activities/049_251011081438.csv,1,1,0,0
fit:06ab469a75256944c36383c4817288da1db87343fd8245e2c210fa0583dba5c2,2025-10-11T08:39:33+00:00,1953,142,120,77,7.855,154.60000000000002,17,fit:06ab469a75256944c36383c4817288da1db87343fd8245e2c210fa0583dba5c2:segment:003,3,8694.0,8444,activities/049_251011081438.csv,1,1,0,0
fit:06ab469a75256944c36383c4817288da1db87343fd8245e2c210fa0583dba5c2,2025-10-11T08:39:34+00:00,1954,136,120,77,8.24,154.0,17,fit:06ab469a75256944c36383c4817288da1db87343fd8245e2c210fa0583dba5c2:segment:003,3,8695.0,8445,activities/049_251011081438.csv,1,1,0,0
fit:06ab469a75256944c36383c4817288da1db87343fd8245e2c210fa0583dba5c2,2025-10-11T08:39:35+00:00,1955,125,119,73,8.529,154.0,17,fit:06ab469a75256944c36383c4817288da1db87343fd8245e2c210fa0583dba5c2:segment:003,3,8696.0,8446,activities/049_251011081438.csv,1,1,0,0
fit:06ab469a75256944c36383c4817288da1db87343fd8245e2c210fa0583dba5c2,2025-10-11T08:39:36+00:00,1956,0,118,0,8.659,154.0,17,fit:06ab469a75256944c36383c4817288da1db87343fd8245e2c210fa0583dba5c2:segment:003,3,8697.0,8447,activities/049_251011081438.csv,1,1,0,0
fit:06ab469a75256944c36383c4817288da1db87343fd8245e2c210fa0583dba5c2,2025-10-11T08:39:37+00:00,1957,0,118,0,8.656,153.0,17,fit:06ab469a75256944c36383c4817288da1db87343fd8245e2c210fa0583dba5c2:segment:003,3,8698.0,8448,activities/049_251011081438.csv,1,1,0,0
fit:06ab469a75256944c36383c4817288da1db87343fd8245e2c210fa0583dba5c2,2025-10-11T08:39:38+00:00,1958,0,117,0,8.671,152.39999999999998,17,fit:06ab469a75256944c36383c4817288da1db87343fd8245e2c210fa0583dba5c2:segment:003,3,8699.0,8449,activities/049_251011081438.csv,1,1,0,0
fit:06ab469a75256944c36383c4817288da1db87343fd8245e2c210fa0583dba5c2,2025-10-11T08:39:39+00:00,1959,0,117,0,8.408,152.39999999999998,17,fit:06ab469a75256944c36383c4817288da1db87343fd8245e2c210fa0583dba5c2:segment:003,3,8700.0,8450,activities/049_251011081438.csv,1,1,0,0
fit:06ab469a75256944c36383c4817288da1db87343fd8245e2c210fa0583dba5c2,2025-10-11T08:39:40+00:00,1960,0,117,0,7.909,152.39999999999998,17,fit:06ab469a75256944c36383c4817288da1db87343fd8245e2c210fa0583dba5c2:segment:003,3,8701.0,8451,activities/049_251011081438.csv,1,1,0,0
fit:06ab469a75256944c36383c4817288da1db87343fd8245e2c210fa0583dba5c2,2025-10-11T08:39:41+00:00,1961,0,118,0,8.099,151.39999999999998,17,fit:06ab469a75256944c36383c4817288da1db87343fd8245e2c210fa0583dba5c2:segment:003,3,8702.0,8452,activities/049_251011081438.csv,1,1,0,0
fit:06ab469a75256944c36383c4817288da1db87343fd8245e2c210fa0583dba5c2,2025-10-11T08:39:42+00:00,1962,0,118,0,8.636,149.39999999999998,17,fit:06ab469a75256944c36383c4817288da1db87343fd8245e2c210fa0583dba5c2:segment:003,3,8703.0,8453,activities/049_251011081438.csv,1,1,0,0
fit:06ab469a75256944c36383c4817288da1db87343fd8245e2c210fa0583dba5c2,2025-10-11T08:39:43+00:00,1963,0,118,0,9.21,149.39999999999998,17,fit:06ab469a75256944c36383c4817288da1db87343fd8245e2c210fa0583dba5c2:segment:003,3,8704.0,8454,activities/049_251011081438.csv,1,1,0,0
fit:06ab469a75256944c36383c4817288da1db87343fd8245e2c210fa0583dba5c2,2025-10-11T08:39:44+00:00,1964,0,119,0,10.029,149.39999999999998,17,fit:06ab469a75256944c36383c4817288da1db87343fd8245e2c210fa0583dba5c2:segment:003,3,8705.0,8455,activities/049_251011081438.csv,1,1,0,0
fit:06ab469a75256944c36383c4817288da1db87343fd8245e2c210fa0583dba5c2,2025-10-11T08:39:45+00:00,1965,0,119,0,10.623,149.39999999999998,17,fit:06ab469a75256944c36383c4817288da1db87343fd8245e2c210fa0583dba5c2:segment:003,3,8706.0,8456,activities/049_251011081438.csv,1,1,0,0
fit:06ab469a75256944c36383c4817288da1db87343fd8245e2c210fa0583dba5c2,2025-10-11T08:39:46+00:00,1966,0,119,0,10.868,147.79999999999995,17,fit:06ab469a75256944c36383c4817288da1db87343fd8245e2c210fa0583dba5c2:segment:003,3,8707.0,8457,activities/049_251011081438.csv,1,1,0,0
fit:06ab469a75256944c36383c4817288da1db87343fd8245e2c210fa0583dba5c2,2025-10-11T08:39:47+00:00,1967,0,119,0,10.567,147.79999999999995,17,fit:06ab469a75256944c36383c4817288da1db87343fd8245e2c210fa0583dba5c2:segment:003,3,8708.0,8458,activities/049_251011081438.csv,1,1,0,0
fit:06ab469a75256944c36383c4817288da1db87343fd8245e2c210fa0583dba5c2,2025-10-11T08:39:48+00:00,1968,0,119,0,9.407,147.79999999999995,17,fit:06ab469a75256944c36383c4817288da1db87343fd8245e2c210fa0583dba5c2:segment:003,3,8709.0,8459,activities/049_251011081438.csv,1,1,0,0
fit:06ab469a75256944c36383c4817288da1db87343fd8245e2c210fa0583dba5c2,2025-10-11T08:39:49+00:00,1969,0,119,0,8.616,147.79999999999995,17,fit:06ab469a75256944c36383c4817288da1db87343fd8245e2c210fa0583dba5c2:segment:003,3,8710.0,8460,activities/049_251011081438.csv,1,1,0,0
fit:06ab469a75256944c36383c4817288da1db87343fd8245e2c210fa0583dba5c2,2025-10-11T08:39:50+00:00,1970,0,119,0,7.923,150.0,17,fit:06ab469a75256944c36383c4817288da1db87343fd8245e2c210fa0583dba5c2:segment:003,3,8711.0,8461,activities/049_251011081438.csv,1,1,0,0
fit:06ab469a75256944c36383c4817288da1db87343fd8245e2c210fa0583dba5c2,2025-10-11T08:39:51+00:00,1971,261,120,0,6.97,150.0,17,fit:06ab469a75256944c36383c4817288da1db87343fd8245e2c210fa0583dba5c2:segment:003,3,8712.0,8462,activities/049_251011081438.csv,1,1,0,0
fit:06ab469a75256944c36383c4817288da1db87343fd8245e2c210fa0583dba5c2,2025-10-11T08:39:52+00:00,1972,225,120,65,6.831,150.0,17,fit:06ab469a75256944c36383c4817288da1db87343fd8245e2c210fa0583dba5c2:segment:003,3,8713.0,8463,activities/049_251011081438.csv,1,1,0,0
fit:06ab469a75256944c36383c4817288da1db87343fd8245e2c210fa0583dba5c2,2025-10-11T08:39:53+00:00,1973,226,120,65,6.826,149.39999999999998,17,fit:06ab469a75256944c36383c4817288da1db87343fd8245e2c210fa0583dba5c2:segment:003,3,8714.0,8464,activities/049_251011081438.csv,1,1,0,0
fit:06ab469a75256944c36383c4817288da1db87343fd8245e2c210fa0583dba5c2,2025-10-11T08:39:54+00:00,1974,226,120,65,7.432,148.20000000000005,17,fit:06ab469a75256944c36383c4817288da1db87343fd8245e2c210fa0583dba5c2:segment:003,3,8715.0,8465,activities/049_251011081438.csv,1,1,0,0
fit:06ab469a75256944c36383c4817288da1db87343fd8245e2c210fa0583dba5c2,2025-10-11T08:39:55+00:00,1975,226,120,65,7.843,148.20000000000005,17,fit:06ab469a75256944c36383c4817288da1db87343fd8245e2c210fa0583dba5c2:segment:003,3,8716.0,8466,activities/049_251011081438.csv,1,1,0,0
fit:06ab469a75256944c36383c4817288da1db87343fd8245e2c210fa0583dba5c2,2025-10-11T08:39:56+00:00,1976,226,120,65,8.12,148.20000000000005,17,fit:06ab469a75256944c36383c4817288da1db87343fd8245e2c210fa0583dba5c2:segment:003,3,8717.0,8467,activities/049_251011081438.csv,1,1,0,0
fit:06ab469a75256944c36383c4817288da1db87343fd8245e2c210fa0583dba5c2,2025-10-11T08:39:57+00:00,1977,226,120,65,8.479,147.20000000000005,17,fit:06ab469a75256944c36383c4817288da1db87343fd8245e2c210fa0583dba5c2:segment:003,3,8718.0,8468,activities/049_251011081438.csv,1,1,0,0
fit:06ab469a75256944c36383c4817288da1db87343fd8245e2c210fa0583dba5c2,2025-10-11T08:39:58+00:00,1978,204,120,63,8.828,145.60000000000002,17,fit:06ab469a75256944c36383c4817288da1db87343fd8245e2c210fa0583dba5c2:segment:003,3,8719.0,8469,activities/049_251011081438.csv,1,1,0,0
fit:06ab469a75256944c36383c4817288da1db87343fd8245e2c210fa0583dba5c2,2025-10-11T08:39:59+00:00,1979,0,120,60,9.175,145.60000000000002,17,fit:06ab469a75256944c36383c4817288da1db87343fd8245e2c210fa0583dba5c2:segment:003,3,8720.0,8470,activities/049_251011081438.csv,1,1,0,0
fit:06ab469a75256944c36383c4817288da1db87343fd8245e2c210fa0583dba5c2,2025-10-11T08:40:00+00:00,1980,0,120,0,9.571,145.60000000000002,17,fit:06ab469a75256944c36383c4817288da1db87343fd8245e2c210fa0583dba5c2:segment:003,3,8721.0,8471,activities/049_251011081438.csv,1,1,0,0
fit:06ab469a75256944c36383c4817288da1db87343fd8245e2c210fa0583dba5c2,2025-10-11T08:40:01+00:00,1981,0,120,0,9.642,144.60000000000002,17,fit:06ab469a75256944c36383c4817288da1db87343fd8245e2c210fa0583dba5c2:segment:003,3,8722.0,8472,activities/049_251011081438.csv,1,1,0,0
fit:06ab469a75256944c36383c4817288da1db87343fd8245e2c210fa0583dba5c2,2025-10-11T08:40:02+00:00,1982,0,120,0,9.721,142.39999999999998,17,fit:06ab469a75256944c36383c4817288da1db87343fd8245e2c210fa0583dba5c2:segment:003,3,8723.0,8473,activities/049_251011081438.csv,1,1,0,0
fit:06ab469a75256944c36383c4817288da1db87343fd8245e2c210fa0583dba5c2,2025-10-11T08:40:03+00:00,1983,0,121,0,9.837,142.39999999999998,17,fit:06ab469a75256944c36383c4817288da1db87343fd8245e2c210fa0583dba5c2:segment:003,3,8724.0,8474,activities/049_251011081438.csv,1,1,0,0
fit:06ab469a75256944c36383c4817288da1db87343fd8245e2c210fa0583dba5c2,2025-10-11T08:40:04+00:00,1984,0,122,0,10.187,142.39999999999998,17,fit:06ab469a75256944c36383c4817288da1db87343fd8245e2c210fa0583dba5c2:segment:003,3,8725.0,8475,activities/049_251011081438.csv,1,1,0,0
fit:06ab469a75256944c36383c4817288da1db87343fd8245e2c210fa0583dba5c2,2025-10-11T08:40:05+00:00,1985,0,123,0,10.492,142.39999999999998,17,fit:06ab469a75256944c36383c4817288da1db87343fd8245e2c210fa0583dba5c2:segment:003,3,8726.0,8476,activities/049_251011081438.csv,1,1,0,0
fit:06ab469a75256944c36383c4817288da1db87343fd8245e2c210fa0583dba5c2,2025-10-11T08:40:06+00:00,1986,0,123,0,10.87,139.79999999999995,17,fit:06ab469a75256944c36383c4817288da1db87343fd8245e2c210fa0583dba5c2:segment:003,3,8727.0,8477,activities/049_251011081438.csv,1,1,0,0
fit:06ab469a75256944c36383c4817288da1db87343fd8245e2c210fa0583dba5c2,2025-10-11T08:40:07+00:00,1987,0,123,0,11.231,139.79999999999995,17,fit:06ab469a75256944c36383c4817288da1db87343fd8245e2c210fa0583dba5c2:segment:003,3,8728.0,8478,activities/049_251011081438.csv,1,1,0,0
fit:06ab469a75256944c36383c4817288da1db87343fd8245e2c210fa0583dba5c2,2025-10-11T08:40:08+00:00,1988,0,123,0,11.617,139.79999999999995,17,fit:06ab469a75256944c36383c4817288da1db87343fd8245e2c210fa0583dba5c2:segment:003,3,8729.0,8479,activities/049_251011081438.csv,1,1,0,0
fit:06ab469a75256944c36383c4817288da1db87343fd8245e2c210fa0583dba5c2,2025-10-11T08:40:09+00:00,1989,0,123,0,11.955,138.79999999999995,17,fit:06ab469a75256944c36383c4817288da1db87343fd8245e2c210fa0583dba5c2:segment:003,3,8730.0,8480,activities/049_251011081438.csv,1,1,0,0
fit:06ab469a75256944c36383c4817288da1db87343fd8245e2c210fa0583dba5c2,2025-10-11T08:40:10+00:00,1990,0,123,0,12.062,137.0,17,fit:06ab469a75256944c36383c4817288da1db87343fd8245e2c210fa0583dba5c2:segment:003,3,8731.0,8481,activities/049_251011081438.csv,1,1,0,0
fit:06ab469a75256944c36383c4817288da1db87343fd8245e2c210fa0583dba5c2,2025-10-11T08:40:11+00:00,1991,0,124,0,12.12,137.0,17,fit:06ab469a75256944c36383c4817288da1db87343fd8245e2c210fa0583dba5c2:segment:003,3,8732.0,8482,activities/049_251011081438.csv,1,1,0,0
fit:06ab469a75256944c36383c4817288da1db87343fd8245e2c210fa0583dba5c2,2025-10-11T08:40:12+00:00,1992,0,125,0,12.186,137.0,17,fit:06ab469a75256944c36383c4817288da1db87343fd8245e2c210fa0583dba5c2:segment:003,3,8733.0,8483,activities/049_251011081438.csv,1,1,0,0
fit:06ab469a75256944c36383c4817288da1db87343fd8245e2c210fa0583dba5c2,2025-10-11T08:40:13+00:00,1993,0,125,0,12.437,136.0,17,fit:06ab469a75256944c36383c4817288da1db87343fd8245e2c210fa0583dba5c2:segment:003,3,8734.0,8484,activities/049_251011081438.csv,1,1,0,0
fit:06ab469a75256944c36383c4817288da1db87343fd8245e2c210fa0583dba5c2,2025-10-11T08:40:14+00:00,1994,0,125,0,12.568,134.20000000000005,17,fit:06ab469a75256944c36383c4817288da1db87343fd8245e2c210fa0583dba5c2:segment:003,3,8735.0,8485,activities/049_251011081438.csv,1,1,0,0
fit:06ab469a75256944c36383c4817288da1db87343fd8245e2c210fa0583dba5c2,2025-10-11T08:40:15+00:00,1995,0,124,0,12.802,134.20000000000005,17,fit:06ab469a75256944c36383c4817288da1db87343fd8245e2c210fa0583dba5c2:segment:003,3,8736.0,8486,activities/049_251011081438.csv,1,1,0,0
fit:06ab469a75256944c36383c4817288da1db87343fd8245e2c210fa0583dba5c2,2025-10-11T08:40:16+00:00,1996,0,123,0,12.808,134.20000000000005,17,fit:06ab469a75256944c36383c4817288da1db87343fd8245e2c210fa0583dba5c2:segment:003,3,8737.0,8487,activities/049_251011081438.csv,1,1,0,0
fit:06ab469a75256944c36383c4817288da1db87343fd8245e2c210fa0583dba5c2,2025-10-11T08:40:17+00:00,1997,0,121,0,12.518,133.20000000000005,17,fit:06ab469a75256944c36383c4817288da1db87343fd8245e2c210fa0583dba5c2:segment:003,3,8738.0,8488,activities/049_251011081438.csv,1,1,0,0
fit:06ab469a75256944c36383c4817288da1db87343fd8245e2c210fa0583dba5c2,2025-10-11T08:40:18+00:00,1998,0,118,0,12.81,130.20000000000005,17,fit:06ab469a75256944c36383c4817288da1db87343fd8245e2c210fa0583dba5c2:segment:003,3,8739.0,8489,activities/049_251011081438.csv,1,1,0,0
fit:06ab469a75256944c36383c4817288da1db87343fd8245e2c210fa0583dba5c2,2025-10-11T08:40:19+00:00,1999,0,116,0,12.989,130.20000000000005,17,fit:06ab469a75256944c36383c4817288da1db87343fd8245e2c210fa0583dba5c2:segment:003,3,8740.0,8490,activities/049_251011081438.csv,1,1,0,0
fit:06ab469a75256944c36383c4817288da1db87343fd8245e2c210fa0583dba5c2,2025-10-11T08:40:20+00:00,2000,0,113,0,13.3,130.20000000000005,17,fit:06ab469a75256944c36383c4817288da1db87343fd8245e2c210fa0583dba5c2:segment:003,3,8741.0,8491,activities/049_251011081438.csv,1,1,0,0
fit:06ab469a75256944c36383c4817288da1db87343fd8245e2c210fa0583dba5c2,2025-10-11T08:40:21+00:00,2001,0,113,0,13.326,129.20000000000005,17,fit:06ab469a75256944c36383c4817288da1db87343fd8245e2c210fa0583dba5c2:segment:003,3,8742.0,8492,activities/049_251011081438.csv,1,1,0,0
fit:06ab469a75256944c36383c4817288da1db87343fd8245e2c210fa0583dba5c2,2025-10-11T08:40:22+00:00,2002,0,111,0,13.384,125.20000000000005,17,fit:06ab469a75256944c36383c4817288da1db87343fd8245e2c210fa0583dba5c2:segment:003,3,8743.0,8493,activities/049_251011081438.csv,1,1,0,0
fit:06ab469a75256944c36383c4817288da1db87343fd8245e2c210fa0583dba5c2,2025-10-11T08:40:23+00:00,2003,0,111,0,13.284,125.20000000000005,17,fit:06ab469a75256944c36383c4817288da1db87343fd8245e2c210fa0583dba5c2:segment:003,3,8744.0,8494,activities/049_251011081438.csv,1,1,0,0
fit:06ab469a75256944c36383c4817288da1db87343fd8245e2c210fa0583dba5c2,2025-10-11T08:40:24+00:00,2004,0,111,0,12.982,125.20000000000005,17,fit:06ab469a75256944c36383c4817288da1db87343fd8245e2c210fa0583dba5c2:segment:003,3,8745.0,8495,activities/049_251011081438.csv,1,1,0,0
fit:06ab469a75256944c36383c4817288da1db87343fd8245e2c210fa0583dba5c2,2025-10-11T08:40:25+00:00,2005,0,111,0,12.727,124.20000000000005,17,fit:06ab469a75256944c36383c4817288da1db87343fd8245e2c210fa0583dba5c2:segment:003,3,8746.0,8496,activities/049_251011081438.csv,1,1,0,0
fit:06ab469a75256944c36383c4817288da1db87343fd8245e2c210fa0583dba5c2,2025-10-11T08:40:26+00:00,2006,0,111,0,12.602,120.39999999999998,17,fit:06ab469a75256944c36383c4817288da1db87343fd8245e2c210fa0583dba5c2:segment:003,3,8747.0,8497,activities/049_251011081438.csv,1,1,0,0
fit:06ab469a75256944c36383c4817288da1db87343fd8245e2c210fa0583dba5c2,2025-10-11T08:40:27+00:00,2007,0,112,0,11.958,120.39999999999998,17,fit:06ab469a75256944c36383c4817288da1db87343fd8245e2c210fa0583dba5c2:segment:003,3,8748.0,8498,activities/049_251011081438.csv,1,1,0,0
fit:06ab469a75256944c36383c4817288da1db87343fd8245e2c210fa0583dba5c2,2025-10-11T08:40:28+00:00,2008,0,112,0,11.706,120.39999999999998,17,fit:06ab469a75256944c36383c4817288da1db87343fd8245e2c210fa0583dba5c2:segment:003,3,8749.0,8499,activities/049_251011081438.csv,1,1,0,0
fit:06ab469a75256944c36383c4817288da1db87343fd8245e2c210fa0583dba5c2,2025-10-11T08:40:29+00:00,2009,0,112,0,11.632,119.39999999999998,17,fit:06ab469a75256944c36383c4817288da1db87343fd8245e2c210fa0583dba5c2:segment:003,3,8750.0,8500,activities/049_251011081438.csv,1,1,0,0
fit:06ab469a75256944c36383c4817288da1db87343fd8245e2c210fa0583dba5c2,2025-10-11T08:40:30+00:00,2010,0,112,0,11.8,115.39999999999998,17,fit:06ab469a75256944c36383c4817288da1db87343fd8245e2c210fa0583dba5c2:segment:003,3,8751.0,8501,activities/049_251011081438.csv,1,1,0,0
fit:06ab469a75256944c36383c4817288da1db87343fd8245e2c210fa0583dba5c2,2025-10-11T08:40:31+00:00,2011,0,112,0,12.033,115.39999999999998,17,fit:06ab469a75256944c36383c4817288da1db87343fd8245e2c210fa0583dba5c2:segment:003,3,8752.0,8502,activities/049_251011081438.csv,1,1,0,0
fit:06ab469a75256944c36383c4817288da1db87343fd8245e2c210fa0583dba5c2,2025-10-11T08:40:32+00:00,2012,0,112,0,12.649,115.39999999999998,17,fit:06ab469a75256944c36383c4817288da1db87343fd8245e2c210fa0583dba5c2:segment:003,3,8753.0,8503,activities/049_251011081438.csv,1,1,0,0
fit:06ab469a75256944c36383c4817288da1db87343fd8245e2c210fa0583dba5c2,2025-10-11T08:40:33+00:00,2013,0,112,0,13.344,114.39999999999998,17,fit:06ab469a75256944c36383c4817288da1db87343fd8245e2c210fa0583dba5c2:segment:003,3,8754.0,8504,activities/049_251011081438.csv,1,1,0,0
fit:06ab469a75256944c36383c4817288da1db87343fd8245e2c210fa0583dba5c2,2025-10-11T08:40:34+00:00,2014,0,113,0,13.616,112.60000000000002,17,fit:06ab469a75256944c36383c4817288da1db87343fd8245e2c210fa0583dba5c2:segment:003,3,8755.0,8505,activities/049_251011081438.csv,1,1,0,0
fit:06ab469a75256944c36383c4817288da1db87343fd8245e2c210fa0583dba5c2,2025-10-11T08:40:35+00:00,2015,0,113,0,13.734,112.60000000000002,17,fit:06ab469a75256944c36383c4817288da1db87343fd8245e2c210fa0583dba5c2:segment:003,3,8756.0,8506,activities/049_251011081438.csv,1,1,0,0
fit:06ab469a75256944c36383c4817288da1db87343fd8245e2c210fa0583dba5c2,2025-10-11T08:40:36+00:00,2016,0,113,0,13.305,112.60000000000002,17,fit:06ab469a75256944c36383c4817288da1db87343fd8245e2c210fa0583dba5c2:segment:003,3,8757.0,8507,activities/049_251011081438.csv,1,1,0,0
fit:06ab469a75256944c36383c4817288da1db87343fd8245e2c210fa0583dba5c2,2025-10-11T08:40:37+00:00,2017,0,112,0,13.476,111.60000000000002,17,fit:06ab469a75256944c36383c4817288da1db87343fd8245e2c210fa0583dba5c2:segment:003,3,8758.0,8508,activities/049_251011081438.csv,1,1,0,0
fit:06ab469a75256944c36383c4817288da1db87343fd8245e2c210fa0583dba5c2,2025-10-11T08:40:38+00:00,2018,0,112,0,13.738,107.0,17,fit:06ab469a75256944c36383c4817288da1db87343fd8245e2c210fa0583dba5c2:segment:003,3,8759.0,8509,activities/049_251011081438.csv,1,1,0,0
fit:06ab469a75256944c36383c4817288da1db87343fd8245e2c210fa0583dba5c2,2025-10-11T08:40:39+00:00,2019,0,111,0,14.398,107.0,17,fit:06ab469a75256944c36383c4817288da1db87343fd8245e2c210fa0583dba5c2:segment:003,3,8760.0,8510,activities/049_251011081438.csv,1,1,0,0
fit:06ab469a75256944c36383c4817288da1db87343fd8245e2c210fa0583dba5c2,2025-10-11T08:40:40+00:00,2020,0,111,0,15.096,107.0,17,fit:06ab469a75256944c36383c4817288da1db87343fd8245e2c210fa0583dba5c2:segment:003,3,8761.0,8511,activities/049_251011081438.csv,1,1,0,0
fit:06ab469a75256944c36383c4817288da1db87343fd8245e2c210fa0583dba5c2,2025-10-11T08:40:41+00:00,2021,0,110,0,15.298,106.0,17,fit:06ab469a75256944c36383c4817288da1db87343fd8245e2c210fa0583dba5c2:segment:003,3,8762.0,8512,activities/049_251011081438.csv,1,1,0,0
fit:06ab469a75256944c36383c4817288da1db87343fd8245e2c210fa0583dba5c2,2025-10-11T08:40:42+00:00,2022,147,110,85,15.367,104.0,17,fit:06ab469a75256944c36383c4817288da1db87343fd8245e2c210fa0583dba5c2:segment:003,3,8763.0,8513,activities/049_251011081438.csv,1,1,0,0
fit:06ab469a75256944c36383c4817288da1db87343fd8245e2c210fa0583dba5c2,2025-10-11T08:40:43+00:00,2023,382,110,89,15.161,104.0,17,fit:06ab469a75256944c36383c4817288da1db87343fd8245e2c210fa0583dba5c2:segment:003,3,8764.0,8514,activities/049_251011081438.csv,1,1,0,0
fit:06ab469a75256944c36383c4817288da1db87343fd8245e2c210fa0583dba5c2,2025-10-11T08:40:44+00:00,2024,169,111,86,14.929,104.0,17,fit:06ab469a75256944c36383c4817288da1db87343fd8245e2c210fa0583dba5c2:segment:003,3,8765.0,8515,activities/049_251011081438.csv,1,1,0,0
fit:06ab469a75256944c36383c4817288da1db87343fd8245e2c210fa0583dba5c2,2025-10-11T08:40:45+00:00,2025,339,112,84,14.618,103.0,17,fit:06ab469a75256944c36383c4817288da1db87343fd8245e2c210fa0583dba5c2:segment:003,3,8766.0,8516,activities/049_251011081438.csv,1,1,0,0
fit:06ab469a75256944c36383c4817288da1db87343fd8245e2c210fa0583dba5c2,2025-10-11T08:40:46+00:00,2026,426,113,84,14.242,103.20000000000005,17,fit:06ab469a75256944c36383c4817288da1db87343fd8245e2c210fa0583dba5c2:segment:003,3,8767.0,8517,activities/049_251011081438.csv,1,1,0,0
fit:06ab469a75256944c36383c4817288da1db87343fd8245e2c210fa0583dba5c2,2025-10-11T08:40:47+00:00,2027,580,114,92,13.69,103.20000000000005,17,fit:06ab469a75256944c36383c4817288da1db87343fd8245e2c210fa0583dba5c2:segment:003,3,8768.0,8518,activities/049_251011081438.csv,1,1,0,0
fit:06ab469a75256944c36383c4817288da1db87343fd8245e2c210fa0583dba5c2,2025-10-11T08:40:48+00:00,2028,664,116,89,13.297,103.20000000000005,17,fit:06ab469a75256944c36383c4817288da1db87343fd8245e2c210fa0583dba5c2:segment:003,3,8769.0,8519,activities/049_251011081438.csv,1,1,0,0
fit:06ab469a75256944c36383c4817288da1db87343fd8245e2c210fa0583dba5c2,2025-10-11T08:40:49+00:00,2029,663,116,88,12.982,104.20000000000005,17,fit:06ab469a75256944c36383c4817288da1db87343fd8245e2c210fa0583dba5c2:segment:003,3,8770.0,8520,activities/049_251011081438.csv,1,1,0,0
fit:06ab469a75256944c36383c4817288da1db87343fd8245e2c210fa0583dba5c2,2025-10-11T08:40:50+00:00,2030,624,119,86,12.673,106.0,17,fit:06ab469a75256944c36383c4817288da1db87343fd8245e2c210fa0583dba5c2:segment:003,3,8771.0,8521,activities/049_251011081438.csv,1,1,0,0
fit:06ab469a75256944c36383c4817288da1db87343fd8245e2c210fa0583dba5c2,2025-10-11T08:40:51+00:00,2031,624,122,86,12.452,106.0,17,fit:06ab469a75256944c36383c4817288da1db87343fd8245e2c210fa0583dba5c2:segment:003,3,8772.0,8522,activities/049_251011081438.csv,1,1,0,0
fit:06ab469a75256944c36383c4817288da1db87343fd8245e2c210fa0583dba5c2,2025-10-11T08:40:52+00:00,2032,613,122,84,12.31,106.0,17,fit:06ab469a75256944c36383c4817288da1db87343fd8245e2c210fa0583dba5c2:segment:003,3,8773.0,8523,activities/049_251011081438.csv,1,1,0,0
fit:06ab469a75256944c36383c4817288da1db87343fd8245e2c210fa0583dba5c2,2025-10-11T08:40:53+00:00,2033,598,125,84,12.189,106.79999999999995,17,fit:06ab469a75256944c36383c4817288da1db87343fd8245e2c210fa0583dba5c2:segment:003,3,8774.0,8524,activities/049_251011081438.csv,1,1,0,0
fit:06ab469a75256944c36383c4817288da1db87343fd8245e2c210fa0583dba5c2,2025-10-11T08:40:54+00:00,2034,529,129,85,12.165,107.0,17,fit:06ab469a75256944c36383c4817288da1db87343fd8245e2c210fa0583dba5c2:segment:003,3,8775.0,8525,activities/049_251011081438.csv,1,1,0,0
fit:06ab469a75256944c36383c4817288da1db87343fd8245e2c210fa0583dba5c2,2025-10-11T08:40:55+00:00,2035,660,132,86,12.19,107.0,17,fit:06ab469a75256944c36383c4817288da1db87343fd8245e2c210fa0583dba5c2:segment:003,3,8776.0,8526,activities/049_251011081438.csv,1,1,0,0
fit:06ab469a75256944c36383c4817288da1db87343fd8245e2c210fa0583dba5c2,2025-10-11T08:40:56+00:00,2036,643,132,86,12.274,107.0,17,fit:06ab469a75256944c36383c4817288da1db87343fd8245e2c210fa0583dba5c2:segment:003,3,8777.0,8527,activities/049_251011081438.csv,1,1,0,0
fit:06ab469a75256944c36383c4817288da1db87343fd8245e2c210fa0583dba5c2,2025-10-11T08:40:57+00:00,2037,586,136,89,12.452,106.79999999999995,17,fit:06ab469a75256944c36383c4817288da1db87343fd8245e2c210fa0583dba5c2:segment:003,3,8778.0,8528,activities/049_251011081438.csv,1,1,0,0
fit:06ab469a75256944c36383c4817288da1db87343fd8245e2c210fa0583dba5c2,2025-10-11T08:40:58+00:00,2038,544,139,90,12.572,105.79999999999995,17,fit:06ab469a75256944c36383c4817288da1db87343fd8245e2c210fa0583dba5c2:segment:003,3,8779.0,8529,activities/049_251011081438.csv,1,1,0,0
fit:06ab469a75256944c36383c4817288da1db87343fd8245e2c210fa0583dba5c2,2025-10-11T08:40:59+00:00,2039,485,142,91,12.721,105.79999999999995,17,fit:06ab469a75256944c36383c4817288da1db87343fd8245e2c210fa0583dba5c2:segment:003,3,8780.0,8530,activities/049_251011081438.csv,1,1,0,0
fit:06ab469a75256944c36383c4817288da1db87343fd8245e2c210fa0583dba5c2,2025-10-11T08:41:00+00:00,2040,471,145,91,12.833,105.79999999999995,17,fit:06ab469a75256944c36383c4817288da1db87343fd8245e2c210fa0583dba5c2:segment:003,3,8781.0,8531,activities/049_251011081438.csv,1,1,0,0
fit:06ab469a75256944c36383c4817288da1db87343fd8245e2c210fa0583dba5c2,2025-10-11T08:41:01+00:00,2041,475,147,92,12.972,105.79999999999995,17,fit:06ab469a75256944c36383c4817288da1db87343fd8245e2c210fa0583dba5c2:segment:003,3,8782.0,8532,activities/049_251011081438.csv,1,1,0,0
fit:06ab469a75256944c36383c4817288da1db87343fd8245e2c210fa0583dba5c2,2025-10-11T08:41:02+00:00,2042,272,150,94,13.206,104.79999999999995,17,fit:06ab469a75256944c36383c4817288da1db87343fd8245e2c210fa0583dba5c2:segment:003,3,8783.0,8533,activities/049_251011081438.csv,1,1,0,0
fit:06ab469a75256944c36383c4817288da1db87343fd8245e2c210fa0583dba5c2,2025-10-11T08:41:03+00:00,2043,306,150,95,13.57,104.79999999999995,17,fit:06ab469a75256944c36383c4817288da1db87343fd8245e2c210fa0583dba5c2:segment:003,3,8784.0,8534,activities/049_251011081438.csv,1,1,0,0
fit:06ab469a75256944c36383c4817288da1db87343fd8245e2c210fa0583dba5c2,2025-10-11T08:41:04+00:00,2044,441,152,97,13.844,104.79999999999995,17,fit:06ab469a75256944c36383c4817288da1db87343fd8245e2c210fa0583dba5c2:segment:003,3,8785.0,8535,activities/049_251011081438.csv,1,1,0,0
fit:06ab469a75256944c36383c4817288da1db87343fd8245e2c210fa0583dba5c2,2025-10-11T08:41:05+00:00,2045,463,154,99,14.043,104.79999999999995,17,fit:06ab469a75256944c36383c4817288da1db87343fd8245e2c210fa0583dba5c2:segment:003,3,8786.0,8536,activities/049_251011081438.csv,1,1,0,0
fit:06ab469a75256944c36383c4817288da1db87343fd8245e2c210fa0583dba5c2,2025-10-11T08:41:06+00:00,2046,438,157,100,14.09,103.60000000000002,17,fit:06ab469a75256944c36383c4817288da1db87343fd8245e2c210fa0583dba5c2:segment:003,3,8787.0,8537,activities/049_251011081438.csv,1,1,0,0
fit:06ab469a75256944c36383c4817288da1db87343fd8245e2c210fa0583dba5c2,2025-10-11T08:41:07+00:00,2047,317,159,99,14.315,103.60000000000002,17,fit:06ab469a75256944c36383c4817288da1db87343fd8245e2c210fa0583dba5c2:segment:003,3,8788.0,8538,activities/049_251011081438.csv,1,1,0,0
fit:06ab469a75256944c36383c4817288da1db87343fd8245e2c210fa0583dba5c2,2025-10-11T08:41:08+00:00,2048,428,159,98,14.231,103.60000000000002,17,fit:06ab469a75256944c36383c4817288da1db87343fd8245e2c210fa0583dba5c2:segment:003,3,8789.0,8539,activities/049_251011081438.csv,1,1,0,0
fit:06ab469a75256944c36383c4817288da1db87343fd8245e2c210fa0583dba5c2,2025-10-11T08:41:09+00:00,2049,119,161,97,14.118,102.79999999999995,17,fit:06ab469a75256944c36383c4817288da1db87343fd8245e2c210fa0583dba5c2:segment:003,3,8790.0,8540,activities/049_251011081438.csv,1,1,0,0
fit:06ab469a75256944c36383c4817288da1db87343fd8245e2c210fa0583dba5c2,2025-10-11T08:41:10+00:00,2050,459,163,109,13.993,102.79999999999995,17,fit:06ab469a75256944c36383c4817288da1db87343fd8245e2c210fa0583dba5c2:segment:003,3,8791.0,8541,activities/049_251011081438.csv,1,1,0,0
fit:06ab469a75256944c36383c4817288da1db87343fd8245e2c210fa0583dba5c2,2025-10-11T08:41:11+00:00,2051,459,165,108,13.72,102.79999999999995,17,fit:06ab469a75256944c36383c4817288da1db87343fd8245e2c210fa0583dba5c2:segment:003,3,8792.0,8542,activities/049_251011081438.csv,1,1,0,0
fit:06ab469a75256944c36383c4817288da1db87343fd8245e2c210fa0583dba5c2,2025-10-11T08:41:12+00:00,2052,487,166,106,13.585,102.79999999999995,17,fit:06ab469a75256944c36383c4817288da1db87343fd8245e2c210fa0583dba5c2:segment:003,3,8793.0,8543,activities/049_251011081438.csv,1,1,0,0
fit:06ab469a75256944c36383c4817288da1db87343fd8245e2c210fa0583dba5c2,2025-10-11T08:41:13+00:00,2053,428,168,103,13.269,102.79999999999995,17,fit:06ab469a75256944c36383c4817288da1db87343fd8245e2c210fa0583dba5c2:segment:003,3,8794.0,8544,activities/049_251011081438.csv,1,1,0,0
fit:06ab469a75256944c36383c4817288da1db87343fd8245e2c210fa0583dba5c2,2025-10-11T08:41:14+00:00,2054,461,169,99,13.0,103.79999999999995,17,fit:06ab469a75256944c36383c4817288da1db87343fd8245e2c210fa0583dba5c2:segment:003,3,8795.0,8545,activities/049_251011081438.csv,1,1,0,0
fit:06ab469a75256944c36383c4817288da1db87343fd8245e2c210fa0583dba5c2,2025-10-11T08:41:15+00:00,2055,501,170,97,12.691,103.79999999999995,17,fit:06ab469a75256944c36383c4817288da1db87343fd8245e2c210fa0583dba5c2:segment:003,3,8796.0,8546,activities/049_251011081438.csv,1,1,0,0
fit:06ab469a75256944c36383c4817288da1db87343fd8245e2c210fa0583dba5c2,2025-10-11T08:41:16+00:00,2056,526,171,95,12.255,103.79999999999995,17,fit:06ab469a75256944c36383c4817288da1db87343fd8245e2c210fa0583dba5c2:segment:003,3,8797.0,8547,activities/049_251011081438.csv,1,1,0,0
fit:06ab469a75256944c36383c4817288da1db87343fd8245e2c210fa0583dba5c2,2025-10-11T08:41:17+00:00,2057,526,171,94,11.999,104.79999999999995,17,fit:06ab469a75256944c36383c4817288da1db87343fd8245e2c210fa0583dba5c2:segment:003,3,8798.0,8548,activities/049_251011081438.csv,1,1,0,0
fit:06ab469a75256944c36383c4817288da1db87343fd8245e2c210fa0583dba5c2,2025-10-11T08:41:18+00:00,2058,512,172,91,11.776,107.20000000000005,17,fit:06ab469a75256944c36383c4817288da1db87343fd8245e2c210fa0583dba5c2:segment:003,3,8799.0,8549,activities/049_251011081438.csv,1,1,0,0
fit:06ab469a75256944c36383c4817288da1db87343fd8245e2c210fa0583dba5c2,2025-10-11T08:41:19+00:00,2059,500,172,89,11.487,107.20000000000005,17,fit:06ab469a75256944c36383c4817288da1db87343fd8245e2c210fa0583dba5c2:segment:003,3,8800.0,8550,activities/049_251011081438.csv,1,1,0,0
fit:06ab469a75256944c36383c4817288da1db87343fd8245e2c210fa0583dba5c2,2025-10-11T08:41:20+00:00,2060,488,173,87,11.176,107.20000000000005,17,fit:06ab469a75256944c36383c4817288da1db87343fd8245e2c210fa0583dba5c2:segment:003,3,8801.0,8551,activities/049_251011081438.csv,1,1,0,0
fit:06ab469a75256944c36383c4817288da1db87343fd8245e2c210fa0583dba5c2,2025-10-11T08:41:21+00:00,2061,512,175,85,10.847,108.20000000000005,17,fit:06ab469a75256944c36383c4817288da1db87343fd8245e2c210fa0583dba5c2:segment:003,3,8802.0,8552,activities/049_251011081438.csv,1,1,0,0
fit:06ab469a75256944c36383c4817288da1db87343fd8245e2c210fa0583dba5c2,2025-10-11T08:41:22+00:00,2062,235,176,87,10.536,109.0,17,fit:06ab469a75256944c36383c4817288da1db87343fd8245e2c210fa0583dba5c2:segment:003,3,8803.0,8553,activities/049_251011081438.csv,1,1,0,0
fit:06ab469a75256944c36383c4817288da1db87343fd8245e2c210fa0583dba5c2,2025-10-11T08:41:23+00:00,2063,562,177,91,10.162,109.0,17,fit:06ab469a75256944c36383c4817288da1db87343fd8245e2c210fa0583dba5c2:segment:003,3,8804.0,8554,activities/049_251011081438.csv,1,1,0,0
fit:06ab469a75256944c36383c4817288da1db87343fd8245e2c210fa0583dba5c2,2025-10-11T08:41:24+00:00,2064,519,178,91,9.876,109.0,17,fit:06ab469a75256944c36383c4817288da1db87343fd8245e2c210fa0583dba5c2:segment:003,3,8805.0,8555,activities/049_251011081438.csv,1,1,0,0
fit:06ab469a75256944c36383c4817288da1db87343fd8245e2c210fa0583dba5c2,2025-10-11T08:41:25+00:00,2065,399,179,89,9.777,110.0,17,fit:06ab469a75256944c36383c4817288da1db87343fd8245e2c210fa0583dba5c2:segment:003,3,8806.0,8556,activities/049_251011081438.csv,1,1,0,0
fit:06ab469a75256944c36383c4817288da1db87343fd8245e2c210fa0583dba5c2,2025-10-11T08:41:26+00:00,2066,399,179,89,9.742,111.0,17,fit:06ab469a75256944c36383c4817288da1db87343fd8245e2c210fa0583dba5c2:segment:003,3,8807.0,8557,activities/049_251011081438.csv,1,1,0,0
fit:06ab469a75256944c36383c4817288da1db87343fd8245e2c210fa0583dba5c2,2025-10-11T08:41:27+00:00,2067,173,180,85,9.635,111.0,17,fit:06ab469a75256944c36383c4817288da1db87343fd8245e2c210fa0583dba5c2:segment:003,3,8808.0,8558,activities/049_251011081438.csv,1,1,0,0
fit:06ab469a75256944c36383c4817288da1db87343fd8245e2c210fa0583dba5c2,2025-10-11T08:41:28+00:00,2068,295,180,81,9.367,111.0,17,fit:06ab469a75256944c36383c4817288da1db87343fd8245e2c210fa0583dba5c2:segment:003,3,8809.0,8559,activities/049_251011081438.csv,1,1,0,0
fit:06ab469a75256944c36383c4817288da1db87343fd8245e2c210fa0583dba5c2,2025-10-11T08:41:29+00:00,2069,277,180,80,9.176,111.79999999999995,17,fit:06ab469a75256944c36383c4817288da1db87343fd8245e2c210fa0583dba5c2:segment:003,3,8810.0,8560,activities/049_251011081438.csv,1,1,0,0
fit:06ab469a75256944c36383c4817288da1db87343fd8245e2c210fa0583dba5c2,2025-10-11T08:41:30+00:00,2070,196,180,79,8.931,112.39999999999998,17,fit:06ab469a75256944c36383c4817288da1db87343fd8245e2c210fa0583dba5c2:segment:003,3,8811.0,8561,activities/049_251011081438.csv,1,1,0,0
fit:06ab469a75256944c36383c4817288da1db87343fd8245e2c210fa0583dba5c2,2025-10-11T08:41:31+00:00,2071,197,181,78,8.693,112.39999999999998,17,fit:06ab469a75256944c36383c4817288da1db87343fd8245e2c210fa0583dba5c2:segment:003,3,8812.0,8562,activities/049_251011081438.csv,1,1,0,0
fit:06ab469a75256944c36383c4817288da1db87343fd8245e2c210fa0583dba5c2,2025-10-11T08:41:32+00:00,2072,341,181,77,8.566,112.39999999999998,17,fit:06ab469a75256944c36383c4817288da1db87343fd8245e2c210fa0583dba5c2:segment:003,3,8813.0,8563,activities/049_251011081438.csv,1,1,0,0
fit:06ab469a75256944c36383c4817288da1db87343fd8245e2c210fa0583dba5c2,2025-10-11T08:41:33+00:00,2073,249,181,76,8.528,112.79999999999995,17,fit:06ab469a75256944c36383c4817288da1db87343fd8245e2c210fa0583dba5c2:segment:003,3,8814.0,8564,activities/049_251011081438.csv,1,1,0,0
fit:06ab469a75256944c36383c4817288da1db87343fd8245e2c210fa0583dba5c2,2025-10-11T08:41:34+00:00,2074,166,181,75,8.41,113.60000000000002,17,fit:06ab469a75256944c36383c4817288da1db87343fd8245e2c210fa0583dba5c2:segment:003,3,8815.0,8565,activities/049_251011081438.csv,1,1,0,0
fit:06ab469a75256944c36383c4817288da1db87343fd8245e2c210fa0583dba5c2,2025-10-11T08:41:35+00:00,2075,197,181,74,8.293,113.60000000000002,17,fit:06ab469a75256944c36383c4817288da1db87343fd8245e2c210fa0583dba5c2:segment:003,3,8816.0,8566,activities/049_251011081438.csv,1,1,0,0
fit:06ab469a75256944c36383c4817288da1db87343fd8245e2c210fa0583dba5c2,2025-10-11T08:41:36+00:00,2076,214,181,73,8.247,113.60000000000002,17,fit:06ab469a75256944c36383c4817288da1db87343fd8245e2c210fa0583dba5c2:segment:003,3,8817.0,8567,activities/049_251011081438.csv,1,1,0,0
fit:06ab469a75256944c36383c4817288da1db87343fd8245e2c210fa0583dba5c2,2025-10-11T08:41:37+00:00,2077,220,180,72,8.159,113.60000000000002,17,fit:06ab469a75256944c36383c4817288da1db87343fd8245e2c210fa0583dba5c2:segment:003,3,8818.0,8568,activities/049_251011081438.csv,1,1,0,0
fit:06ab469a75256944c36383c4817288da1db87343fd8245e2c210fa0583dba5c2,2025-10-11T08:41:38+00:00,2078,232,181,73,8.054,114.0,17,fit:06ab469a75256944c36383c4817288da1db87343fd8245e2c210fa0583dba5c2:segment:003,3,8819.0,8569,activities/049_251011081438.csv,1,1,0,0
fit:06ab469a75256944c36383c4817288da1db87343fd8245e2c210fa0583dba5c2,2025-10-11T08:41:39+00:00,2079,213,180,74,7.984,114.0,17,fit:06ab469a75256944c36383c4817288da1db87343fd8245e2c210fa0583dba5c2:segment:003,3,8820.0,8570,activities/049_251011081438.csv,1,1,0,0
fit:06ab469a75256944c36383c4817288da1db87343fd8245e2c210fa0583dba5c2,2025-10-11T08:41:40+00:00,2080,224,180,76,8.226,114.0,17,fit:06ab469a75256944c36383c4817288da1db87343fd8245e2c210fa0583dba5c2:segment:003,3,8821.0,8571,activities/049_251011081438.csv,1,1,0,0
fit:06ab469a75256944c36383c4817288da1db87343fd8245e2c210fa0583dba5c2,2025-10-11T08:41:41+00:00,2081,249,180,77,8.358,114.0,17,fit:06ab469a75256944c36383c4817288da1db87343fd8245e2c210fa0583dba5c2:segment:003,3,8822.0,8572,activities/049_251011081438.csv,1,1,0,0
fit:06ab469a75256944c36383c4817288da1db87343fd8245e2c210fa0583dba5c2,2025-10-11T08:41:42+00:00,2082,276,180,80,8.564,112.60000000000002,17,fit:06ab469a75256944c36383c4817288da1db87343fd8245e2c210fa0583dba5c2:segment:003,3,8823.0,8573,activities/049_251011081438.csv,1,1,0,0
fit:06ab469a75256944c36383c4817288da1db87343fd8245e2c210fa0583dba5c2,2025-10-11T08:41:43+00:00,2083,167,180,81,8.739,112.60000000000002,17,fit:06ab469a75256944c36383c4817288da1db87343fd8245e2c210fa0583dba5c2:segment:003,3,8824.0,8574,activities/049_251011081438.csv,1,1,0,0
fit:06ab469a75256944c36383c4817288da1db87343fd8245e2c210fa0583dba5c2,2025-10-11T08:41:44+00:00,2084,177,180,80,8.854,112.60000000000002,17,fit:06ab469a75256944c36383c4817288da1db87343fd8245e2c210fa0583dba5c2:segment:003,3,8825.0,8575,activities/049_251011081438.csv,1,1,0,0
fit:06ab469a75256944c36383c4817288da1db87343fd8245e2c210fa0583dba5c2,2025-10-11T08:41:45+00:00,2085,209,180,80,8.814,112.60000000000002,17,fit:06ab469a75256944c36383c4817288da1db87343fd8245e2c210fa0583dba5c2:segment:003,3,8826.0,8576,activities/049_251011081438.csv,1,1,0,0
fit:06ab469a75256944c36383c4817288da1db87343fd8245e2c210fa0583dba5c2,2025-10-11T08:41:46+00:00,2086,327,180,79,8.788,113.0,17,fit:06ab469a75256944c36383c4817288da1db87343fd8245e2c210fa0583dba5c2:segment:003,3,8827.0,8577,activities/049_251011081438.csv,1,1,0,0
fit:06ab469a75256944c36383c4817288da1db87343fd8245e2c210fa0583dba5c2,2025-10-11T08:41:47+00:00,2087,329,180,80,8.812,113.0,17,fit:06ab469a75256944c36383c4817288da1db87343fd8245e2c210fa0583dba5c2:segment:003,3,8828.0,8578,activities/049_251011081438.csv,1,1,0,0
fit:06ab469a75256944c36383c4817288da1db87343fd8245e2c210fa0583dba5c2,2025-10-11T08:41:48+00:00,2088,275,180,81,8.823,113.0,17,fit:06ab469a75256944c36383c4817288da1db87343fd8245e2c210fa0583dba5c2:segment:003,3,8829.0,8579,activities/049_251011081438.csv,1,1,0,0
fit:06ab469a75256944c36383c4817288da1db87343fd8245e2c210fa0583dba5c2,2025-10-11T08:41:49+00:00,2089,309,180,80,8.85,112.39999999999998,17,fit:06ab469a75256944c36383c4817288da1db87343fd8245e2c210fa0583dba5c2:segment:003,3,8830.0,8580,activities/049_251011081438.csv,1,1,0,0
fit:06ab469a75256944c36383c4817288da1db87343fd8245e2c210fa0583dba5c2,2025-10-11T08:41:50+00:00,2090,289,180,80,8.804,112.79999999999995,17,fit:06ab469a75256944c36383c4817288da1db87343fd8245e2c210fa0583dba5c2:segment:003,3,8831.0,8581,activities/049_251011081438.csv,1,1,0,0
fit:06ab469a75256944c36383c4817288da1db87343fd8245e2c210fa0583dba5c2,2025-10-11T08:41:51+00:00,2091,336,180,79,8.693,112.79999999999995,17,fit:06ab469a75256944c36383c4817288da1db87343fd8245e2c210fa0583dba5c2:segment:003,3,8832.0,8582,activities/049_251011081438.csv,1,1,0,0
fit:06ab469a75256944c36383c4817288da1db87343fd8245e2c210fa0583dba5c2,2025-10-11T08:41:52+00:00,2092,345,180,77,8.544,112.79999999999995,17,fit:06ab469a75256944c36383c4817288da1db87343fd8245e2c210fa0583dba5c2:segment:003,3,8833.0,8583,activities/049_251011081438.csv,1,1,0,0
fit:06ab469a75256944c36383c4817288da1db87343fd8245e2c210fa0583dba5c2,2025-10-11T08:41:53+00:00,2093,327,180,72,8.358,113.79999999999995,17,fit:06ab469a75256944c36383c4817288da1db87343fd8245e2c210fa0583dba5c2:segment:003,3,8834.0,8584,activities/049_251011081438.csv,1,1,0,0
fit:06ab469a75256944c36383c4817288da1db87343fd8245e2c210fa0583dba5c2,2025-10-11T08:41:54+00:00,2094,199,180,69,8.076,113.39999999999998,17,fit:06ab469a75256944c36383c4817288da1db87343fd8245e2c210fa0583dba5c2:segment:003,3,8835.0,8585,activities/049_251011081438.csv,1,1,0,0
fit:06ab469a75256944c36383c4817288da1db87343fd8245e2c210fa0583dba5c2,2025-10-11T08:41:55+00:00,2095,187,180,69,7.576,113.39999999999998,17,fit:06ab469a75256944c36383c4817288da1db87343fd8245e2c210fa0583dba5c2:segment:003,3,8836.0,8586,activities/049_251011081438.csv,1,1,0,0
fit:06ab469a75256944c36383c4817288da1db87343fd8245e2c210fa0583dba5c2,2025-10-11T08:41:56+00:00,2096,241,180,70,7.631,113.39999999999998,17,fit:06ab469a75256944c36383c4817288da1db87343fd8245e2c210fa0583dba5c2:segment:003,3,8837.0,8587,activities/049_251011081438.csv,1,1,0,0
fit:06ab469a75256944c36383c4817288da1db87343fd8245e2c210fa0583dba5c2,2025-10-11T08:41:57+00:00,2097,241,180,73,7.799,114.39999999999998,17,fit:06ab469a75256944c36383c4817288da1db87343fd8245e2c210fa0583dba5c2:segment:003,3,8838.0,8588,activities/049_251011081438.csv,1,1,0,0
fit:06ab469a75256944c36383c4817288da1db87343fd8245e2c210fa0583dba5c2,2025-10-11T08:41:58+00:00,2098,128,181,79,8.097,114.60000000000002,17,fit:06ab469a75256944c36383c4817288da1db87343fd8245e2c210fa0583dba5c2:segment:003,3,8839.0,8589,activities/049_251011081438.csv,1,1,0,0
fit:06ab469a75256944c36383c4817288da1db87343fd8245e2c210fa0583dba5c2,2025-10-11T08:41:59+00:00,2099,152,181,82,8.495,114.60000000000002,17,fit:06ab469a75256944c36383c4817288da1db87343fd8245e2c210fa0583dba5c2:segment:003,3,8840.0,8590,activities/049_251011081438.csv,1,1,0,0
fit:06ab469a75256944c36383c4817288da1db87343fd8245e2c210fa0583dba5c2,2025-10-11T08:42:00+00:00,2100,188,180,82,8.899,114.60000000000002,17,fit:06ab469a75256944c36383c4817288da1db87343fd8245e2c210fa0583dba5c2:segment:003,3,8841.0,8591,activities/049_251011081438.csv,1,1,0,0
fit:06ab469a75256944c36383c4817288da1db87343fd8245e2c210fa0583dba5c2,2025-10-11T08:42:01+00:00,2101,176,180,90,9.269,113.60000000000002,17,fit:06ab469a75256944c36383c4817288da1db87343fd8245e2c210fa0583dba5c2:segment:003,3,8842.0,8592,activities/049_251011081438.csv,1,1,0,0
fit:06ab469a75256944c36383c4817288da1db87343fd8245e2c210fa0583dba5c2,2025-10-11T08:42:02+00:00,2102,189,180,91,9.695,112.0,17,fit:06ab469a75256944c36383c4817288da1db87343fd8245e2c210fa0583dba5c2:segment:003,3,8843.0,8593,activities/049_251011081438.csv,1,1,0,0
fit:06ab469a75256944c36383c4817288da1db87343fd8245e2c210fa0583dba5c2,2025-10-11T08:42:03+00:00,2103,217,179,93,9.924,112.0,17,fit:06ab469a75256944c36383c4817288da1db87343fd8245e2c210fa0583dba5c2:segment:003,3,8844.0,8594,activities/049_251011081438.csv,1,1,0,0
fit:06ab469a75256944c36383c4817288da1db87343fd8245e2c210fa0583dba5c2,2025-10-11T08:42:04+00:00,2104,304,179,94,10.107,112.0,17,fit:06ab469a75256944c36383c4817288da1db87343fd8245e2c210fa0583dba5c2:segment:003,3,8845.0,8595,activities/049_251011081438.csv,1,1,0,0
fit:06ab469a75256944c36383c4817288da1db87343fd8245e2c210fa0583dba5c2,2025-10-11T08:42:05+00:00,2105,197,179,94,10.239,111.20000000000005,17,fit:06ab469a75256944c36383c4817288da1db87343fd8245e2c210fa0583dba5c2:segment:003,3,8846.0,8596,activities/049_251011081438.csv,1,1,0,0
fit:06ab469a75256944c36383c4817288da1db87343fd8245e2c210fa0583dba5c2,2025-10-11T08:42:06+00:00,2106,241,179,95,10.35,110.60000000000002,17,fit:06ab469a75256944c36383c4817288da1db87343fd8245e2c210fa0583dba5c2:segment:003,3,8847.0,8597,activities/049_251011081438.csv,1,1,0,0
fit:06ab469a75256944c36383c4817288da1db87343fd8245e2c210fa0583dba5c2,2025-10-11T08:42:07+00:00,2107,208,178,96,10.492,110.60000000000002,17,fit:06ab469a75256944c36383c4817288da1db87343fd8245e2c210fa0583dba5c2:segment:003,3,8848.0,8598,activities/049_251011081438.csv,1,1,0,0
fit:06ab469a75256944c36383c4817288da1db87343fd8245e2c210fa0583dba5c2,2025-10-11T08:42:08+00:00,2108,207,178,97,10.614,110.60000000000002,17,fit:06ab469a75256944c36383c4817288da1db87343fd8245e2c210fa0583dba5c2:segment:003,3,8849.0,8599,activities/049_251011081438.csv,1,1,0,0
fit:06ab469a75256944c36383c4817288da1db87343fd8245e2c210fa0583dba5c2,2025-10-11T08:42:09+00:00,2109,281,178,96,10.596,110.60000000000002,17,fit:06ab469a75256944c36383c4817288da1db87343fd8245e2c210fa0583dba5c2:segment:003,3,8850.0,8600,activities/049_251011081438.csv,1,1,0,0
fit:06ab469a75256944c36383c4817288da1db87343fd8245e2c210fa0583dba5c2,2025-10-11T08:42:10+00:00,2110,281,178,96,10.53,110.60000000000002,17,fit:06ab469a75256944c36383c4817288da1db87343fd8245e2c210fa0583dba5c2:segment:003,3,8851.0,8601,activities/049_251011081438.csv,1,1,0,0
fit:06ab469a75256944c36383c4817288da1db87343fd8245e2c210fa0583dba5c2,2025-10-11T08:42:11+00:00,2111,164,178,97,10.696,110.60000000000002,17,fit:06ab469a75256944c36383c4817288da1db87343fd8245e2c210fa0583dba5c2:segment:003,3,8852.0,8602,activities/049_251011081438.csv,1,1,0,0
fit:06ab469a75256944c36383c4817288da1db87343fd8245e2c210fa0583dba5c2,2025-10-11T08:42:12+00:00,2112,218,178,96,10.698,110.60000000000002,17,fit:06ab469a75256944c36383c4817288da1db87343fd8245e2c210fa0583dba5c2:segment:003,3,8853.0,8603,activities/049_251011081438.csv,1,1,0,0
fit:06ab469a75256944c36383c4817288da1db87343fd8245e2c210fa0583dba5c2,2025-10-11T08:42:13+00:00,2113,189,177,97,10.598,110.39999999999998,17,fit:06ab469a75256944c36383c4817288da1db87343fd8245e2c210fa0583dba5c2:segment:003,3,8854.0,8604,activities/049_251011081438.csv,1,1,0,0
fit:06ab469a75256944c36383c4817288da1db87343fd8245e2c210fa0583dba5c2,2025-10-11T08:42:14+00:00,2114,212,177,97,10.562,109.60000000000002,17,fit:06ab469a75256944c36383c4817288da1db87343fd8245e2c210fa0583dba5c2:segment:003,3,8855.0,8605,activities/049_251011081438.csv,1,1,0,0
fit:06ab469a75256944c36383c4817288da1db87343fd8245e2c210fa0583dba5c2,2025-10-11T08:42:15+00:00,2115,162,177,97,10.64,109.60000000000002,17,fit:06ab469a75256944c36383c4817288da1db87343fd8245e2c210fa0583dba5c2:segment:003,3,8856.0,8606,activities/049_251011081438.csv,1,1,0,0
fit:06ab469a75256944c36383c4817288da1db87343fd8245e2c210fa0583dba5c2,2025-10-11T08:42:16+00:00,2116,129,177,96,10.702,109.60000000000002,17,fit:06ab469a75256944c36383c4817288da1db87343fd8245e2c210fa0583dba5c2:segment:003,3,8857.0,8607,activities/049_251011081438.csv,1,1,0,0
fit:06ab469a75256944c36383c4817288da1db87343fd8245e2c210fa0583dba5c2,2025-10-11T08:42:17+00:00,2117,125,177,96,10.698,108.60000000000002,17,fit:06ab469a75256944c36383c4817288da1db87343fd8245e2c210fa0583dba5c2:segment:003,3,8858.0,8608,activities/049_251011081438.csv,1,1,0,0
fit:06ab469a75256944c36383c4817288da1db87343fd8245e2c210fa0583dba5c2,2025-10-11T08:42:18+00:00,2118,111,176,96,10.642,109.60000000000002,17,fit:06ab469a75256944c36383c4817288da1db87343fd8245e2c210fa0583dba5c2:segment:003,3,8859.0,8609,activities/049_251011081438.csv,1,1,0,0
fit:06ab469a75256944c36383c4817288da1db87343fd8245e2c210fa0583dba5c2,2025-10-11T08:42:19+00:00,2119,97,176,95,10.545,109.60000000000002,17,fit:06ab469a75256944c36383c4817288da1db87343fd8245e2c210fa0583dba5c2:segment:003,3,8860.0,8610,activities/049_251011081438.csv,1,1,0,0
fit:06ab469a75256944c36383c4817288da1db87343fd8245e2c210fa0583dba5c2,2025-10-11T08:42:20+00:00,2120,85,176,95,10.503,109.60000000000002,17,fit:06ab469a75256944c36383c4817288da1db87343fd8245e2c210fa0583dba5c2:segment:003,3,8861.0,8611,activities/049_251011081438.csv,1,1,0,0
fit:06ab469a75256944c36383c4817288da1db87343fd8245e2c210fa0583dba5c2,2025-10-11T08:42:21+00:00,2121,73,175,94,10.486,109.60000000000002,17,fit:06ab469a75256944c36383c4817288da1db87343fd8245e2c210fa0583dba5c2:segment:003,3,8862.0,8612,activities/049_251011081438.csv,1,1,0,0
fit:06ab469a75256944c36383c4817288da1db87343fd8245e2c210fa0583dba5c2,2025-10-11T08:42:22+00:00,2122,85,175,93,10.44,108.39999999999998,17,fit:06ab469a75256944c36383c4817288da1db87343fd8245e2c210fa0583dba5c2:segment:003,3,8863.0,8613,activities/049_251011081438.csv,1,1,0,0
fit:06ab469a75256944c36383c4817288da1db87343fd8245e2c210fa0583dba5c2,2025-10-11T08:42:23+00:00,2123,71,173,92,10.293,108.39999999999998,17,fit:06ab469a75256944c36383c4817288da1db87343fd8245e2c210fa0583dba5c2:segment:003,3,8864.0,8614,activities/049_251011081438.csv,1,1,0,0
fit:06ab469a75256944c36383c4817288da1db87343fd8245e2c210fa0583dba5c2,2025-10-11T08:42:24+00:00,2124,64,173,90,10.217,108.39999999999998,17,fit:06ab469a75256944c36383c4817288da1db87343fd8245e2c210fa0583dba5c2:segment:003,3,8865.0,8615,activities/049_251011081438.csv,1,1,0,0
fit:06ab469a75256944c36383c4817288da1db87343fd8245e2c210fa0583dba5c2,2025-10-11T08:42:25+00:00,2125,48,172,90,10.127,108.39999999999998,17,fit:06ab469a75256944c36383c4817288da1db87343fd8245e2c210fa0583dba5c2:segment:003,3,8866.0,8616,activities/049_251011081438.csv,1,1,0,0
fit:06ab469a75256944c36383c4817288da1db87343fd8245e2c210fa0583dba5c2,2025-10-11T08:42:26+00:00,2126,173,171,88,9.912,108.79999999999995,17,fit:06ab469a75256944c36383c4817288da1db87343fd8245e2c210fa0583dba5c2:segment:003,3,8867.0,8617,activities/049_251011081438.csv,1,1,0,0
fit:06ab469a75256944c36383c4817288da1db87343fd8245e2c210fa0583dba5c2,2025-10-11T08:42:27+00:00,2127,174,170,88,9.73,108.79999999999995,17,fit:06ab469a75256944c36383c4817288da1db87343fd8245e2c210fa0583dba5c2:segment:003,3,8868.0,8618,activities/049_251011081438.csv,1,1,0,0
fit:06ab469a75256944c36383c4817288da1db87343fd8245e2c210fa0583dba5c2,2025-10-11T08:42:28+00:00,2128,162,169,87,9.677,108.79999999999995,17,fit:06ab469a75256944c36383c4817288da1db87343fd8245e2c210fa0583dba5c2:segment:003,3,8869.0,8619,activities/049_251011081438.csv,1,1,0,0
fit:06ab469a75256944c36383c4817288da1db87343fd8245e2c210fa0583dba5c2,2025-10-11T08:42:29+00:00,2129,217,168,85,9.628,108.60000000000002,17,fit:06ab469a75256944c36383c4817288da1db87343fd8245e2c210fa0583dba5c2:segment:003,3,8870.0,8620,activities/049_251011081438.csv,1,1,0,0
fit:06ab469a75256944c36383c4817288da1db87343fd8245e2c210fa0583dba5c2,2025-10-11T08:42:30+00:00,2130,245,167,84,9.532,108.60000000000002,17,fit:06ab469a75256944c36383c4817288da1db87343fd8245e2c210fa0583dba5c2:segment:003,3,8871.0,8621,activities/049_251011081438.csv,1,1,0,0
fit:06ab469a75256944c36383c4817288da1db87343fd8245e2c210fa0583dba5c2,2025-10-11T08:42:31+00:00,2131,229,166,84,9.451,108.60000000000002,17,fit:06ab469a75256944c36383c4817288da1db87343fd8245e2c210fa0583dba5c2:segment:003,3,8872.0,8622,activities/049_251011081438.csv,1,1,0,0
fit:06ab469a75256944c36383c4817288da1db87343fd8245e2c210fa0583dba5c2,2025-10-11T08:42:32+00:00,2132,229,165,83,9.334,108.60000000000002,17,fit:06ab469a75256944c36383c4817288da1db87343fd8245e2c210fa0583dba5c2:segment:003,3,8873.0,8623,activities/049_251011081438.csv,1,1,0,0
fit:06ab469a75256944c36383c4817288da1db87343fd8245e2c210fa0583dba5c2,2025-10-11T08:42:33+00:00,2133,275,163,83,9.186,109.60000000000002,17,fit:06ab469a75256944c36383c4817288da1db87343fd8245e2c210fa0583dba5c2:segment:003,3,8874.0,8624,activities/049_251011081438.csv,1,1,0,0
fit:06ab469a75256944c36383c4817288da1db87343fd8245e2c210fa0583dba5c2,2025-10-11T08:42:34+00:00,2134,266,163,81,8.906,110.20000000000005,17,fit:06ab469a75256944c36383c4817288da1db87343fd8245e2c210fa0583dba5c2:segment:003,3,8875.0,8625,activities/049_251011081438.csv,1,1,0,0
fit:06ab469a75256944c36383c4817288da1db87343fd8245e2c210fa0583dba5c2,2025-10-11T08:42:35+00:00,2135,289,162,81,8.78,110.20000000000005,17,fit:06ab469a75256944c36383c4817288da1db87343fd8245e2c210fa0583dba5c2:segment:003,3,8876.0,8626,activities/049_251011081438.csv,1,1,0,0
fit:06ab469a75256944c36383c4817288da1db87343fd8245e2c210fa0583dba5c2,2025-10-11T08:42:36+00:00,2136,118,162,80,8.835,110.20000000000005,17,fit:06ab469a75256944c36383c4817288da1db87343fd8245e2c210fa0583dba5c2:segment:003,3,8877.0,8627,activities/049_251011081438.csv,1,1,0,0
fit:06ab469a75256944c36383c4817288da1db87343fd8245e2c210fa0583dba5c2,2025-10-11T08:42:37+00:00,2137,121,161,79,8.763,110.20000000000005,17,fit:06ab469a75256944c36383c4817288da1db87343fd8245e2c210fa0583dba5c2:segment:003,3,8878.0,8628,activities/049_251011081438.csv,1,1,0,0
fit:06ab469a75256944c36383c4817288da1db87343fd8245e2c210fa0583dba5c2,2025-10-11T08:42:38+00:00,2138,69,161,74,8.702,110.20000000000005,17,fit:06ab469a75256944c36383c4817288da1db87343fd8245e2c210fa0583dba5c2:segment:003,3,8879.0,8629,activities/049_251011081438.csv,1,1,0,0
fit:06ab469a75256944c36383c4817288da1db87343fd8245e2c210fa0583dba5c2,2025-10-11T08:42:39+00:00,2139,11,160,65,8.464,110.20000000000005,17,fit:06ab469a75256944c36383c4817288da1db87343fd8245e2c210fa0583dba5c2:segment:003,3,8880.0,8630,activities/049_251011081438.csv,1,1,0,0
fit:06ab469a75256944c36383c4817288da1db87343fd8245e2c210fa0583dba5c2,2025-10-11T08:42:40+00:00,2140,12,159,65,7.953,110.20000000000005,17,fit:06ab469a75256944c36383c4817288da1db87343fd8245e2c210fa0583dba5c2:segment:003,3,8881.0,8631,activities/049_251011081438.csv,1,1,0,0
fit:06ab469a75256944c36383c4817288da1db87343fd8245e2c210fa0583dba5c2,2025-10-11T08:42:41+00:00,2141,12,158,65,7.548,111.20000000000005,17,fit:06ab469a75256944c36383c4817288da1db87343fd8245e2c210fa0583dba5c2:segment:003,3,8882.0,8632,activities/049_251011081438.csv,1,1,0,0
fit:06ab469a75256944c36383c4817288da1db87343fd8245e2c210fa0583dba5c2,2025-10-11T08:42:42+00:00,2142,12,156,65,7.224,111.60000000000002,17,fit:06ab469a75256944c36383c4817288da1db87343fd8245e2c210fa0583dba5c2:segment:003,3,8883.0,8633,activities/049_251011081438.csv,1,1,0,0
fit:06ab469a75256944c36383c4817288da1db87343fd8245e2c210fa0583dba5c2,2025-10-11T08:42:43+00:00,2143,0,154,65,6.505,111.60000000000002,17,fit:06ab469a75256944c36383c4817288da1db87343fd8245e2c210fa0583dba5c2:segment:003,3,8884.0,8634,activities/049_251011081438.csv,1,1,0,0
fit:06ab469a75256944c36383c4817288da1db87343fd8245e2c210fa0583dba5c2,2025-10-11T08:42:44+00:00,2144,0,154,0,5.972,111.60000000000002,17,fit:06ab469a75256944c36383c4817288da1db87343fd8245e2c210fa0583dba5c2:segment:003,3,8885.0,8635,activities/049_251011081438.csv,1,1,0,0
fit:06ab469a75256944c36383c4817288da1db87343fd8245e2c210fa0583dba5c2,2025-10-11T08:42:45+00:00,2145,370,153,50,5.681,111.79999999999995,17,fit:06ab469a75256944c36383c4817288da1db87343fd8245e2c210fa0583dba5c2:segment:003,3,8886.0,8636,activities/049_251011081438.csv,1,1,0,0
fit:06ab469a75256944c36383c4817288da1db87343fd8245e2c210fa0583dba5c2,2025-10-11T08:42:46+00:00,2146,355,151,50,5.656,112.39999999999998,17,fit:06ab469a75256944c36383c4817288da1db87343fd8245e2c210fa0583dba5c2:segment:003,3,8887.0,8637,activities/049_251011081438.csv,1,1,0,0
fit:06ab469a75256944c36383c4817288da1db87343fd8245e2c210fa0583dba5c2,2025-10-11T08:42:47+00:00,2147,356,151,53,5.783,112.39999999999998,17,fit:06ab469a75256944c36383c4817288da1db87343fd8245e2c210fa0583dba5c2:segment:003,3,8888.0,8638,activities/049_251011081438.csv,1,1,0,0
fit:06ab469a75256944c36383c4817288da1db87343fd8245e2c210fa0583dba5c2,2025-10-11T08:42:48+00:00,2148,303,151,63,6.139,112.39999999999998,17,fit:06ab469a75256944c36383c4817288da1db87343fd8245e2c210fa0583dba5c2:segment:003,3,8889.0,8639,activities/049_251011081438.csv,1,1,0,0
fit:06ab469a75256944c36383c4817288da1db87343fd8245e2c210fa0583dba5c2,2025-10-11T08:42:49+00:00,2149,366,150,68,6.533,112.39999999999998,17,fit:06ab469a75256944c36383c4817288da1db87343fd8245e2c210fa0583dba5c2:segment:003,3,8890.0,8640,activities/049_251011081438.csv,1,1,0,0
fit:06ab469a75256944c36383c4817288da1db87343fd8245e2c210fa0583dba5c2,2025-10-11T08:42:50+00:00,2150,250,150,68,7.165,112.39999999999998,17,fit:06ab469a75256944c36383c4817288da1db87343fd8245e2c210fa0583dba5c2:segment:003,3,8891.0,8641,activities/049_251011081438.csv,1,1,0,0
fit:06ab469a75256944c36383c4817288da1db87343fd8245e2c210fa0583dba5c2,2025-10-11T08:42:51+00:00,2151,144,149,72,7.589,112.39999999999998,17,fit:06ab469a75256944c36383c4817288da1db87343fd8245e2c210fa0583dba5c2:segment:003,3,8892.0,8642,activities/049_251011081438.csv,1,1,0,0
fit:06ab469a75256944c36383c4817288da1db87343fd8245e2c210fa0583dba5c2,2025-10-11T08:42:52+00:00,2152,231,149,75,7.835,112.39999999999998,17,fit:06ab469a75256944c36383c4817288da1db87343fd8245e2c210fa0583dba5c2:segment:003,3,8893.0,8643,activities/049_251011081438.csv,1,1,0,0
fit:06ab469a75256944c36383c4817288da1db87343fd8245e2c210fa0583dba5c2,2025-10-11T08:42:53+00:00,2153,241,149,77,8.092,111.39999999999998,17,fit:06ab469a75256944c36383c4817288da1db87343fd8245e2c210fa0583dba5c2:segment:003,3,8894.0,8644,activities/049_251011081438.csv,1,1,0,0
fit:06ab469a75256944c36383c4817288da1db87343fd8245e2c210fa0583dba5c2,2025-10-11T08:42:54+00:00,2154,207,150,78,8.314,111.39999999999998,17,fit:06ab469a75256944c36383c4817288da1db87343fd8245e2c210fa0583dba5c2:segment:003,3,8895.0,8645,activities/049_251011081438.csv,1,1,0,0
fit:06ab469a75256944c36383c4817288da1db87343fd8245e2c210fa0583dba5c2,2025-10-11T08:42:55+00:00,2155,94,150,78,8.5,111.39999999999998,17,fit:06ab469a75256944c36383c4817288da1db87343fd8245e2c210fa0583dba5c2:segment:003,3,8896.0,8646,activities/049_251011081438.csv,1,1,0,0
fit:06ab469a75256944c36383c4817288da1db87343fd8245e2c210fa0583dba5c2,2025-10-11T08:42:56+00:00,2156,83,150,78,8.521,111.39999999999998,17,fit:06ab469a75256944c36383c4817288da1db87343fd8245e2c210fa0583dba5c2:segment:003,3,8897.0,8647,activities/049_251011081438.csv,1,1,0,0
fit:06ab469a75256944c36383c4817288da1db87343fd8245e2c210fa0583dba5c2,2025-10-11T08:42:57+00:00,2157,83,151,77,8.557,111.0,17,fit:06ab469a75256944c36383c4817288da1db87343fd8245e2c210fa0583dba5c2:segment:003,3,8898.0,8648,activities/049_251011081438.csv,1,1,0,0
fit:06ab469a75256944c36383c4817288da1db87343fd8245e2c210fa0583dba5c2,2025-10-11T08:42:58+00:00,2158,100,151,76,8.42,111.0,17,fit:06ab469a75256944c36383c4817288da1db87343fd8245e2c210fa0583dba5c2:segment:003,3,8899.0,8649,activities/049_251011081438.csv,1,1,0,0
fit:06ab469a75256944c36383c4817288da1db87343fd8245e2c210fa0583dba5c2,2025-10-11T08:42:59+00:00,2159,100,151,76,8.282,111.0,17,fit:06ab469a75256944c36383c4817288da1db87343fd8245e2c210fa0583dba5c2:segment:003,3,8900.0,8650,activities/049_251011081438.csv,1,1,0,0
fit:06ab469a75256944c36383c4817288da1db87343fd8245e2c210fa0583dba5c2,2025-10-11T08:43:00+00:00,2160,100,150,76,8.03,111.0,17,fit:06ab469a75256944c36383c4817288da1db87343fd8245e2c210fa0583dba5c2:segment:003,3,8901.0,8651,activities/049_251011081438.csv,1,1,0,0
fit:06ab469a75256944c36383c4817288da1db87343fd8245e2c210fa0583dba5c2,2025-10-11T08:43:01+00:00,2161,96,150,76,7.615,111.0,17,fit:06ab469a75256944c36383c4817288da1db87343fd8245e2c210fa0583dba5c2:segment:003,3,8902.0,8652,activities/049_251011081438.csv,1,1,0,0
fit:06ab469a75256944c36383c4817288da1db87343fd8245e2c210fa0583dba5c2,2025-10-11T08:43:02+00:00,2162,86,149,72,7.028,111.79999999999995,17,fit:06ab469a75256944c36383c4817288da1db87343fd8245e2c210fa0583dba5c2:segment:003,3,8903.0,8653,activities/049_251011081438.csv,1,1,0,0
fit:06ab469a75256944c36383c4817288da1db87343fd8245e2c210fa0583dba5c2,2025-10-11T08:43:03+00:00,2163,0,148,0,5.745,111.79999999999995,17,fit:06ab469a75256944c36383c4817288da1db87343fd8245e2c210fa0583dba5c2:segment:003,3,8904.0,8654,activities/049_251011081438.csv,1,1,0,0
fit:06ab469a75256944c36383c4817288da1db87343fd8245e2c210fa0583dba5c2,2025-10-11T08:43:04+00:00,2164,0,147,0,4.844,111.79999999999995,17,fit:06ab469a75256944c36383c4817288da1db87343fd8245e2c210fa0583dba5c2:segment:003,3,8905.0,8655,activities/049_251011081438.csv,1,1,0,0
fit:06ab469a75256944c36383c4817288da1db87343fd8245e2c210fa0583dba5c2,2025-10-11T08:43:05+00:00,2165,0,145,0,4.523,111.79999999999995,17,fit:06ab469a75256944c36383c4817288da1db87343fd8245e2c210fa0583dba5c2:segment:003,3,8906.0,8656,activities/049_251011081438.csv,1,1,0,0
fit:06ab469a75256944c36383c4817288da1db87343fd8245e2c210fa0583dba5c2,2025-10-11T08:43:06+00:00,2166,275,145,41,4.596,112.39999999999998,17,fit:06ab469a75256944c36383c4817288da1db87343fd8245e2c210fa0583dba5c2:segment:003,3,8907.0,8657,activities/049_251011081438.csv,1,1,0,0
fit:06ab469a75256944c36383c4817288da1db87343fd8245e2c210fa0583dba5c2,2025-10-11T08:43:07+00:00,2167,375,144,49,5.016,112.39999999999998,17,fit:06ab469a75256944c36383c4817288da1db87343fd8245e2c210fa0583dba5c2:segment:003,3,8908.0,8658,activities/049_251011081438.csv,1,1,0,0
fit:06ab469a75256944c36383c4817288da1db87343fd8245e2c210fa0583dba5c2,2025-10-11T08:43:08+00:00,2168,335,144,55,5.507,112.39999999999998,17,fit:06ab469a75256944c36383c4817288da1db87343fd8245e2c210fa0583dba5c2:segment:003,3,8909.0,8659,activities/049_251011081438.csv,1,1,0,0
fit:06ab469a75256944c36383c4817288da1db87343fd8245e2c210fa0583dba5c2,2025-10-11T08:43:09+00:00,2169,270,144,60,5.96,112.39999999999998,17,fit:06ab469a75256944c36383c4817288da1db87343fd8245e2c210fa0583dba5c2:segment:003,3,8910.0,8660,activities/049_251011081438.csv,1,1,0,0
fit:06ab469a75256944c36383c4817288da1db87343fd8245e2c210fa0583dba5c2,2025-10-11T08:43:10+00:00,2170,190,144,64,6.401,112.0,17,fit:06ab469a75256944c36383c4817288da1db87343fd8245e2c210fa0583dba5c2:segment:003,3,8911.0,8661,activities/049_251011081438.csv,1,1,0,0
fit:06ab469a75256944c36383c4817288da1db87343fd8245e2c210fa0583dba5c2,2025-10-11T08:43:11+00:00,2171,133,144,67,6.942,112.0,17,fit:06ab469a75256944c36383c4817288da1db87343fd8245e2c210fa0583dba5c2:segment:003,3,8912.0,8662,activities/049_251011081438.csv,1,1,0,0
fit:06ab469a75256944c36383c4817288da1db87343fd8245e2c210fa0583dba5c2,2025-10-11T08:43:12+00:00,2172,164,145,69,7.232,112.0,17,fit:06ab469a75256944c36383c4817288da1db87343fd8245e2c210fa0583dba5c2:segment:003,3,8913.0,8663,activities/049_251011081438.csv,1,1,0,0
fit:06ab469a75256944c36383c4817288da1db87343fd8245e2c210fa0583dba5c2,2025-10-11T08:43:13+00:00,2173,232,145,70,7.488,111.60000000000002,17,fit:06ab469a75256944c36383c4817288da1db87343fd8245e2c210fa0583dba5c2:segment:003,3,8914.0,8664,activities/049_251011081438.csv,1,1,0,0
fit:06ab469a75256944c36383c4817288da1db87343fd8245e2c210fa0583dba5c2,2025-10-11T08:43:14+00:00,2174,191,145,72,7.618,111.0,17,fit:06ab469a75256944c36383c4817288da1db87343fd8245e2c210fa0583dba5c2:segment:003,3,8915.0,8665,activities/049_251011081438.csv,1,1,0,0
fit:06ab469a75256944c36383c4817288da1db87343fd8245e2c210fa0583dba5c2,2025-10-11T08:43:15+00:00,2175,142,145,73,7.795,111.0,17,fit:06ab469a75256944c36383c4817288da1db87343fd8245e2c210fa0583dba5c2:segment:003,3,8916.0,8666,activities/049_251011081438.csv,1,1,0,0
fit:06ab469a75256944c36383c4817288da1db87343fd8245e2c210fa0583dba5c2,2025-10-11T08:43:16+00:00,2176,189,145,74,7.972,111.0,17,fit:06ab469a75256944c36383c4817288da1db87343fd8245e2c210fa0583dba5c2:segment:003,3,8917.0,8667,activities/049_251011081438.csv,1,1,0,0
fit:06ab469a75256944c36383c4817288da1db87343fd8245e2c210fa0583dba5c2,2025-10-11T08:43:17+00:00,2177,189,145,75,8.067,110.39999999999998,17,fit:06ab469a75256944c36383c4817288da1db87343fd8245e2c210fa0583dba5c2:segment:003,3,8918.0,8668,activities/049_251011081438.csv,1,1,0,0
fit:06ab469a75256944c36383c4817288da1db87343fd8245e2c210fa0583dba5c2,2025-10-11T08:43:18+00:00,2178,168,144,77,8.325,110.79999999999995,17,fit:06ab469a75256944c36383c4817288da1db87343fd8245e2c210fa0583dba5c2:segment:003,3,8919.0,8669,activities/049_251011081438.csv,1,1,0,0
fit:06ab469a75256944c36383c4817288da1db87343fd8245e2c210fa0583dba5c2,2025-10-11T08:43:19+00:00,2179,108,144,78,8.535,110.79999999999995,17,fit:06ab469a75256944c36383c4817288da1db87343fd8245e2c210fa0583dba5c2:segment:003,3,8920.0,8670,activities/049_251011081438.csv,1,1,0,0
fit:06ab469a75256944c36383c4817288da1db87343fd8245e2c210fa0583dba5c2,2025-10-11T08:43:20+00:00,2180,108,144,78,8.767,110.79999999999995,17,fit:06ab469a75256944c36383c4817288da1db87343fd8245e2c210fa0583dba5c2:segment:003,3,8921.0,8671,activities/049_251011081438.csv,1,1,0,0
fit:06ab469a75256944c36383c4817288da1db87343fd8245e2c210fa0583dba5c2,2025-10-11T08:43:21+00:00,2181,50,145,78,8.689,110.79999999999995,17,fit:06ab469a75256944c36383c4817288da1db87343fd8245e2c210fa0583dba5c2:segment:003,3,8922.0,8672,activities/049_251011081438.csv,1,1,0,0
fit:06ab469a75256944c36383c4817288da1db87343fd8245e2c210fa0583dba5c2,2025-10-11T08:43:22+00:00,2182,438,145,77,8.585,109.20000000000005,17,fit:06ab469a75256944c36383c4817288da1db87343fd8245e2c210fa0583dba5c2:segment:003,3,8923.0,8673,activities/049_251011081438.csv,1,1,0,0
fit:06ab469a75256944c36383c4817288da1db87343fd8245e2c210fa0583dba5c2,2025-10-11T08:43:23+00:00,2183,357,145,78,8.613,109.20000000000005,17,fit:06ab469a75256944c36383c4817288da1db87343fd8245e2c210fa0583dba5c2:segment:003,3,8924.0,8674,activities/049_251011081438.csv,1,1,0,0
fit:06ab469a75256944c36383c4817288da1db87343fd8245e2c210fa0583dba5c2,2025-10-11T08:43:24+00:00,2184,357,145,78,8.64,109.20000000000005,17,fit:06ab469a75256944c36383c4817288da1db87343fd8245e2c210fa0583dba5c2:segment:003,3,8925.0,8675,activities/049_251011081438.csv,1,1,0,0
fit:06ab469a75256944c36383c4817288da1db87343fd8245e2c210fa0583dba5c2,2025-10-11T08:43:25+00:00,2185,357,145,78,8.469,109.20000000000005,17,fit:06ab469a75256944c36383c4817288da1db87343fd8245e2c210fa0583dba5c2:segment:003,3,8926.0,8676,activities/049_251011081438.csv,1,1,0,0
fit:06ab469a75256944c36383c4817288da1db87343fd8245e2c210fa0583dba5c2,2025-10-11T08:43:26+00:00,2186,357,145,78,8.302,110.20000000000005,17,fit:06ab469a75256944c36383c4817288da1db87343fd8245e2c210fa0583dba5c2:segment:003,3,8927.0,8677,activities/049_251011081438.csv,1,1,0,0
fit:06ab469a75256944c36383c4817288da1db87343fd8245e2c210fa0583dba5c2,2025-10-11T08:43:27+00:00,2187,0,145,0,8.227,109.20000000000005,17,fit:06ab469a75256944c36383c4817288da1db87343fd8245e2c210fa0583dba5c2:segment:003,3,8928.0,8678,activities/049_251011081438.csv,1,1,0,0
fit:06ab469a75256944c36383c4817288da1db87343fd8245e2c210fa0583dba5c2,2025-10-11T08:43:28+00:00,2188,0,144,0,7.894,109.20000000000005,17,fit:06ab469a75256944c36383c4817288da1db87343fd8245e2c210fa0583dba5c2:segment:003,3,8929.0,8679,activities/049_251011081438.csv,1,1,0,0
fit:06ab469a75256944c36383c4817288da1db87343fd8245e2c210fa0583dba5c2,2025-10-11T08:43:29+00:00,2189,0,144,0,7.125,109.20000000000005,17,fit:06ab469a75256944c36383c4817288da1db87343fd8245e2c210fa0583dba5c2:segment:003,3,8930.0,8680,activities/049_251011081438.csv,1,1,0,0
fit:06ab469a75256944c36383c4817288da1db87343fd8245e2c210fa0583dba5c2,2025-10-11T08:43:30+00:00,2190,0,144,0,6.58,110.20000000000005,17,fit:06ab469a75256944c36383c4817288da1db87343fd8245e2c210fa0583dba5c2:segment:003,3,8931.0,8681,activities/049_251011081438.csv,1,1,0,0
fit:06ab469a75256944c36383c4817288da1db87343fd8245e2c210fa0583dba5c2,2025-10-11T08:43:31+00:00,2191,0,143,0,6.16,110.60000000000002,17,fit:06ab469a75256944c36383c4817288da1db87343fd8245e2c210fa0583dba5c2:segment:003,3,8932.0,8682,activities/049_251011081438.csv,1,1,0,0
fit:06ab469a75256944c36383c4817288da1db87343fd8245e2c210fa0583dba5c2,2025-10-11T08:43:32+00:00,2192,0,143,0,5.389,110.60000000000002,17,fit:06ab469a75256944c36383c4817288da1db87343fd8245e2c210fa0583dba5c2:segment:003,3,8933.0,8683,activities/049_251011081438.csv,1,1,0,0
fit:06ab469a75256944c36383c4817288da1db87343fd8245e2c210fa0583dba5c2,2025-10-11T08:43:33+00:00,2193,195,142,40,4.93,110.60000000000002,17,fit:06ab469a75256944c36383c4817288da1db87343fd8245e2c210fa0583dba5c2:segment:003,3,8934.0,8684,activities/049_251011081438.csv,1,1,0,0
fit:06ab469a75256944c36383c4817288da1db87343fd8245e2c210fa0583dba5c2,2025-10-11T08:43:34+00:00,2194,343,141,48,4.876,110.60000000000002,17,fit:06ab469a75256944c36383c4817288da1db87343fd8245e2c210fa0583dba5c2:segment:003,3,8935.0,8685,activities/049_251011081438.csv,1,1,0,0
fit:06ab469a75256944c36383c4817288da1db87343fd8245e2c210fa0583dba5c2,2025-10-11T08:43:35+00:00,2195,351,140,53,5.149,110.20000000000005,17,fit:06ab469a75256944c36383c4817288da1db87343fd8245e2c210fa0583dba5c2:segment:003,3,8936.0,8686,activities/049_251011081438.csv,1,1,0,0
fit:06ab469a75256944c36383c4817288da1db87343fd8245e2c210fa0583dba5c2,2025-10-11T08:43:36+00:00,2196,351,140,53,5.561,110.20000000000005,18,fit:06ab469a75256944c36383c4817288da1db87343fd8245e2c210fa0583dba5c2:segment:003,3,8937.0,8687,activities/049_251011081438.csv,1,1,0,0
fit:06ab469a75256944c36383c4817288da1db87343fd8245e2c210fa0583dba5c2,2025-10-11T08:43:37+00:00,2197,287,140,57,5.963,110.20000000000005,18,fit:06ab469a75256944c36383c4817288da1db87343fd8245e2c210fa0583dba5c2:segment:003,3,8938.0,8688,activities/049_251011081438.csv,1,1,0,0
fit:06ab469a75256944c36383c4817288da1db87343fd8245e2c210fa0583dba5c2,2025-10-11T08:43:38+00:00,2198,252,139,59,6.285,110.20000000000005,18,fit:06ab469a75256944c36383c4817288da1db87343fd8245e2c210fa0583dba5c2:segment:003,3,8939.0,8689,activities/049_251011081438.csv,1,1,0,0
fit:06ab469a75256944c36383c4817288da1db87343fd8245e2c210fa0583dba5c2,2025-10-11T08:43:39+00:00,2199,440,140,63,6.54,111.0,18,fit:06ab469a75256944c36383c4817288da1db87343fd8245e2c210fa0583dba5c2:segment:003,3,8940.0,8690,activities/049_251011081438.csv,1,1,0,0
fit:06ab469a75256944c36383c4817288da1db87343fd8245e2c210fa0583dba5c2,2025-10-11T08:43:40+00:00,2200,393,140,67,6.89,111.0,18,fit:06ab469a75256944c36383c4817288da1db87343fd8245e2c210fa0583dba5c2:segment:003,3,8941.0,8691,activities/049_251011081438.csv,1,1,0,0
fit:06ab469a75256944c36383c4817288da1db87343fd8245e2c210fa0583dba5c2,2025-10-11T08:43:41+00:00,2201,357,140,68,7.292,111.0,18,fit:06ab469a75256944c36383c4817288da1db87343fd8245e2c210fa0583dba5c2:segment:003,3,8942.0,8692,activities/049_251011081438.csv,1,1,0,0
fit:06ab469a75256944c36383c4817288da1db87343fd8245e2c210fa0583dba5c2,2025-10-11T08:43:42+00:00,2202,308,141,70,7.383,111.0,18,fit:06ab469a75256944c36383c4817288da1db87343fd8245e2c210fa0583dba5c2:segment:003,3,8943.0,8693,activities/049_251011081438.csv,1,1,0,0
fit:06ab469a75256944c36383c4817288da1db87343fd8245e2c210fa0583dba5c2,2025-10-11T08:43:43+00:00,2203,341,141,72,7.675,111.60000000000002,18,fit:06ab469a75256944c36383c4817288da1db87343fd8245e2c210fa0583dba5c2:segment:003,3,8944.0,8694,activities/049_251011081438.csv,1,1,0,0
fit:06ab469a75256944c36383c4817288da1db87343fd8245e2c210fa0583dba5c2,2025-10-11T08:43:44+00:00,2204,375,141,72,7.816,111.60000000000002,18,fit:06ab469a75256944c36383c4817288da1db87343fd8245e2c210fa0583dba5c2:segment:003,3,8945.0,8695,activities/049_251011081438.csv,1,1,0,0
fit:06ab469a75256944c36383c4817288da1db87343fd8245e2c210fa0583dba5c2,2025-10-11T08:43:45+00:00,2205,323,143,73,8.004,111.60000000000002,18,fit:06ab469a75256944c36383c4817288da1db87343fd8245e2c210fa0583dba5c2:segment:003,3,8946.0,8696,activities/049_251011081438.csv,1,1,0,0
fit:06ab469a75256944c36383c4817288da1db87343fd8245e2c210fa0583dba5c2,2025-10-11T08:43:46+00:00,2206,310,144,73,8.058,110.60000000000002,18,fit:06ab469a75256944c36383c4817288da1db87343fd8245e2c210fa0583dba5c2:segment:003,3,8947.0,8697,activities/049_251011081438.csv,1,1,0,0
fit:06ab469a75256944c36383c4817288da1db87343fd8245e2c210fa0583dba5c2,2025-10-11T08:43:47+00:00,2207,353,144,73,8.104,110.60000000000002,18,fit:06ab469a75256944c36383c4817288da1db87343fd8245e2c210fa0583dba5c2:segment:003,3,8948.0,8698,activities/049_251011081438.csv,1,1,0,0
fit:06ab469a75256944c36383c4817288da1db87343fd8245e2c210fa0583dba5c2,2025-10-11T08:43:48+00:00,2208,354,144,74,8.121,110.60000000000002,18,fit:06ab469a75256944c36383c4817288da1db87343fd8245e2c210fa0583dba5c2:segment:003,3,8949.0,8699,activities/049_251011081438.csv,1,1,0,0
fit:06ab469a75256944c36383c4817288da1db87343fd8245e2c210fa0583dba5c2,2025-10-11T08:43:49+00:00,2209,301,145,73,8.153,110.60000000000002,18,fit:06ab469a75256944c36383c4817288da1db87343fd8245e2c210fa0583dba5c2:segment:003,3,8950.0,8700,activities/049_251011081438.csv,1,1,0,0
fit:06ab469a75256944c36383c4817288da1db87343fd8245e2c210fa0583dba5c2,2025-10-11T08:43:50+00:00,2210,288,145,73,8.061,110.20000000000005,18,fit:06ab469a75256944c36383c4817288da1db87343fd8245e2c210fa0583dba5c2:segment:003,3,8951.0,8701,activities/049_251011081438.csv,1,1,0,0
fit:06ab469a75256944c36383c4817288da1db87343fd8245e2c210fa0583dba5c2,2025-10-11T08:43:51+00:00,2211,347,145,73,8.076,110.79999999999995,18,fit:06ab469a75256944c36383c4817288da1db87343fd8245e2c210fa0583dba5c2:segment:003,3,8952.0,8702,activities/049_251011081438.csv,1,1,0,0
fit:06ab469a75256944c36383c4817288da1db87343fd8245e2c210fa0583dba5c2,2025-10-11T08:43:52+00:00,2212,347,145,73,7.996,110.79999999999995,18,fit:06ab469a75256944c36383c4817288da1db87343fd8245e2c210fa0583dba5c2:segment:003,3,8953.0,8703,activities/049_251011081438.csv,1,1,0,0
fit:06ab469a75256944c36383c4817288da1db87343fd8245e2c210fa0583dba5c2,2025-10-11T08:43:53+00:00,2213,345,145,74,8.082,110.79999999999995,18,fit:06ab469a75256944c36383c4817288da1db87343fd8245e2c210fa0583dba5c2:segment:003,3,8954.0,8704,activities/049_251011081438.csv,1,1,0,0
fit:06ab469a75256944c36383c4817288da1db87343fd8245e2c210fa0583dba5c2,2025-10-11T08:43:54+00:00,2214,351,145,74,8.09,111.0,18,fit:06ab469a75256944c36383c4817288da1db87343fd8245e2c210fa0583dba5c2:segment:003,3,8955.0,8705,activities/049_251011081438.csv,1,1,0,0
fit:06ab469a75256944c36383c4817288da1db87343fd8245e2c210fa0583dba5c2,2025-10-11T08:43:55+00:00,2215,312,145,74,8.073,111.79999999999995,18,fit:06ab469a75256944c36383c4817288da1db87343fd8245e2c210fa0583dba5c2:segment:003,3,8956.0,8706,activities/049_251011081438.csv,1,1,0,0
fit:06ab469a75256944c36383c4817288da1db87343fd8245e2c210fa0583dba5c2,2025-10-11T08:43:56+00:00,2216,367,145,74,8.116,111.79999999999995,18,fit:06ab469a75256944c36383c4817288da1db87343fd8245e2c210fa0583dba5c2:segment:003,3,8957.0,8707,activities/049_251011081438.csv,1,1,0,0
fit:06ab469a75256944c36383c4817288da1db87343fd8245e2c210fa0583dba5c2,2025-10-11T08:43:57+00:00,2217,282,146,74,8.116,111.79999999999995,18,fit:06ab469a75256944c36383c4817288da1db87343fd8245e2c210fa0583dba5c2:segment:003,3,8958.0,8708,activities/049_251011081438.csv,1,1,0,0
fit:06ab469a75256944c36383c4817288da1db87343fd8245e2c210fa0583dba5c2,2025-10-11T08:43:58+00:00,2218,306,146,74,8.206,112.60000000000002,18,fit:06ab469a75256944c36383c4817288da1db87343fd8245e2c210fa0583dba5c2:segment:003,3,8959.0,8709,activities/049_251011081438.csv,1,1,0,0
fit:06ab469a75256944c36383c4817288da1db87343fd8245e2c210fa0583dba5c2,2025-10-11T08:43:59+00:00,2219,294,147,75,8.241,112.79999999999995,18,fit:06ab469a75256944c36383c4817288da1db87343fd8245e2c210fa0583dba5c2:segment:003,3,8960.0,8710,activities/049_251011081438.csv,1,1,0,0
fit:06ab469a75256944c36383c4817288da1db87343fd8245e2c210fa0583dba5c2,2025-10-11T08:44:00+00:00,2220,340,148,91,8.263,112.79999999999995,18,fit:06ab469a75256944c36383c4817288da1db87343fd8245e2c210fa0583dba5c2:segment:003,3,8961.0,8711,activities/049_251011081438.csv,1,1,0,0
fit:06ab469a75256944c36383c4817288da1db87343fd8245e2c210fa0583dba5c2,2025-10-11T08:44:01+00:00,2221,340,149,91,8.134,112.79999999999995,18,fit:06ab469a75256944c36383c4817288da1db87343fd8245e2c210fa0583dba5c2:segment:003,3,8962.0,8712,activities/049_251011081438.csv,1,1,0,0
fit:06ab469a75256944c36383c4817288da1db87343fd8245e2c210fa0583dba5c2,2025-10-11T08:44:02+00:00,2222,300,149,93,8.217,112.79999999999995,18,fit:06ab469a75256944c36383c4817288da1db87343fd8245e2c210fa0583dba5c2:segment:003,3,8963.0,8713,activities/049_251011081438.csv,1,1,0,0
fit:06ab469a75256944c36383c4817288da1db87343fd8245e2c210fa0583dba5c2,2025-10-11T08:44:03+00:00,2223,267,149,92,8.26,112.39999999999998,18,fit:06ab469a75256944c36383c4817288da1db87343fd8245e2c210fa0583dba5c2:segment:003,3,8964.0,8714,activities/049_251011081438.csv,1,1,0,0
fit:06ab469a75256944c36383c4817288da1db87343fd8245e2c210fa0583dba5c2,2025-10-11T08:44:04+00:00,2224,381,150,91,8.263,112.39999999999998,18,fit:06ab469a75256944c36383c4817288da1db87343fd8245e2c210fa0583dba5c2:segment:003,3,8965.0,8715,activities/049_251011081438.csv,1,1,0,0
fit:06ab469a75256944c36383c4817288da1db87343fd8245e2c210fa0583dba5c2,2025-10-11T08:44:05+00:00,2225,325,151,90,8.179,112.39999999999998,18,fit:06ab469a75256944c36383c4817288da1db87343fd8245e2c210fa0583dba5c2:segment:003,3,8966.0,8716,activities/049_251011081438.csv,1,1,0,0
fit:06ab469a75256944c36383c4817288da1db87343fd8245e2c210fa0583dba5c2,2025-10-11T08:44:06+00:00,2226,333,152,90,8.089,113.39999999999998,18,fit:06ab469a75256944c36383c4817288da1db87343fd8245e2c210fa0583dba5c2:segment:003,3,8967.0,8717,activities/049_251011081438.csv,1,1,0,0
fit:06ab469a75256944c36383c4817288da1db87343fd8245e2c210fa0583dba5c2,2025-10-11T08:44:07+00:00,2227,384,153,89,8.049,113.39999999999998,18,fit:06ab469a75256944c36383c4817288da1db87343fd8245e2c210fa0583dba5c2:segment:003,3,8968.0,8718,activities/049_251011081438.csv,1,1,0,0
fit:06ab469a75256944c36383c4817288da1db87343fd8245e2c210fa0583dba5c2,2025-10-11T08:44:08+00:00,2228,405,154,89,7.978,113.39999999999998,18,fit:06ab469a75256944c36383c4817288da1db87343fd8245e2c210fa0583dba5c2:segment:003,3,8969.0,8719,activities/049_251011081438.csv,1,1,0,0
fit:06ab469a75256944c36383c4817288da1db87343fd8245e2c210fa0583dba5c2,2025-10-11T08:44:09+00:00,2229,320,155,90,7.909,113.39999999999998,18,fit:06ab469a75256944c36383c4817288da1db87343fd8245e2c210fa0583dba5c2:segment:003,3,8970.0,8720,activities/049_251011081438.csv,1,1,0,0
fit:06ab469a75256944c36383c4817288da1db87343fd8245e2c210fa0583dba5c2,2025-10-11T08:44:10+00:00,2230,316,155,90,7.978,113.39999999999998,18,fit:06ab469a75256944c36383c4817288da1db87343fd8245e2c210fa0583dba5c2:segment:003,3,8971.0,8721,activities/049_251011081438.csv,1,1,0,0
fit:06ab469a75256944c36383c4817288da1db87343fd8245e2c210fa0583dba5c2,2025-10-11T08:44:11+00:00,2231,200,156,90,7.983,115.0,18,fit:06ab469a75256944c36383c4817288da1db87343fd8245e2c210fa0583dba5c2:segment:003,3,8972.0,8722,activities/049_251011081438.csv,1,1,0,0
fit:06ab469a75256944c36383c4817288da1db87343fd8245e2c210fa0583dba5c2,2025-10-11T08:44:12+00:00,2232,303,157,82,7.958,115.0,18,fit:06ab469a75256944c36383c4817288da1db87343fd8245e2c210fa0583dba5c2:segment:003,3,8973.0,8723,activities/049_251011081438.csv,1,1,0,0
fit:06ab469a75256944c36383c4817288da1db87343fd8245e2c210fa0583dba5c2,2025-10-11T08:44:13+00:00,2233,303,158,80,7.979,115.0,18,fit:06ab469a75256944c36383c4817288da1db87343fd8245e2c210fa0583dba5c2:segment:003,3,8974.0,8724,activities/049_251011081438.csv,1,1,0,0
fit:06ab469a75256944c36383c4817288da1db87343fd8245e2c210fa0583dba5c2,2025-10-11T08:44:14+00:00,2234,294,158,80,7.949,115.0,18,fit:06ab469a75256944c36383c4817288da1db87343fd8245e2c210fa0583dba5c2:segment:003,3,8975.0,8725,activities/049_251011081438.csv,1,1,0,0
fit:06ab469a75256944c36383c4817288da1db87343fd8245e2c210fa0583dba5c2,2025-10-11T08:44:15+00:00,2235,295,159,80,7.89,115.0,18,fit:06ab469a75256944c36383c4817288da1db87343fd8245e2c210fa0583dba5c2:segment:003,3,8976.0,8726,activities/049_251011081438.csv,1,1,0,0
fit:06ab469a75256944c36383c4817288da1db87343fd8245e2c210fa0583dba5c2,2025-10-11T08:44:16+00:00,2236,273,159,80,7.944,115.0,18,fit:06ab469a75256944c36383c4817288da1db87343fd8245e2c210fa0583dba5c2:segment:003,3,8977.0,8727,activities/049_251011081438.csv,1,1,0,0
fit:06ab469a75256944c36383c4817288da1db87343fd8245e2c210fa0583dba5c2,2025-10-11T08:44:17+00:00,2237,317,159,79,7.769,115.0,18,fit:06ab469a75256944c36383c4817288da1db87343fd8245e2c210fa0583dba5c2:segment:003,3,8978.0,8728,activities/049_251011081438.csv,1,1,0,0
fit:06ab469a75256944c36383c4817288da1db87343fd8245e2c210fa0583dba5c2,2025-10-11T08:44:18+00:00,2238,295,159,78,7.686,115.0,18,fit:06ab469a75256944c36383c4817288da1db87343fd8245e2c210fa0583dba5c2:segment:003,3,8979.0,8729,activities/049_251011081438.csv,1,1,0,0
fit:06ab469a75256944c36383c4817288da1db87343fd8245e2c210fa0583dba5c2,2025-10-11T08:44:19+00:00,2239,265,159,77,7.732,116.60000000000002,18,fit:06ab469a75256944c36383c4817288da1db87343fd8245e2c210fa0583dba5c2:segment:003,3,8980.0,8730,activities/049_251011081438.csv,1,1,0,0
fit:06ab469a75256944c36383c4817288da1db87343fd8245e2c210fa0583dba5c2,2025-10-11T08:44:20+00:00,2240,243,159,76,7.649,116.60000000000002,18,fit:06ab469a75256944c36383c4817288da1db87343fd8245e2c210fa0583dba5c2:segment:003,3,8981.0,8731,activities/049_251011081438.csv,1,1,0,0
fit:06ab469a75256944c36383c4817288da1db87343fd8245e2c210fa0583dba5c2,2025-10-11T08:44:21+00:00,2241,243,160,76,7.631,116.60000000000002,18,fit:06ab469a75256944c36383c4817288da1db87343fd8245e2c210fa0583dba5c2:segment:003,3,8982.0,8732,activities/049_251011081438.csv,1,1,0,0
fit:06ab469a75256944c36383c4817288da1db87343fd8245e2c210fa0583dba5c2,2025-10-11T08:44:22+00:00,2242,319,160,77,7.581,116.60000000000002,18,fit:06ab469a75256944c36383c4817288da1db87343fd8245e2c210fa0583dba5c2:segment:003,3,8983.0,8733,activities/049_251011081438.csv,1,1,0,0
fit:06ab469a75256944c36383c4817288da1db87343fd8245e2c210fa0583dba5c2,2025-10-11T08:44:23+00:00,2243,319,160,77,7.56,116.79999999999995,18,fit:06ab469a75256944c36383c4817288da1db87343fd8245e2c210fa0583dba5c2:segment:003,3,8984.0,8734,activities/049_251011081438.csv,1,1,0,0
fit:06ab469a75256944c36383c4817288da1db87343fd8245e2c210fa0583dba5c2,2025-10-11T08:44:24+00:00,2244,258,160,77,7.64,116.79999999999995,18,fit:06ab469a75256944c36383c4817288da1db87343fd8245e2c210fa0583dba5c2:segment:003,3,8985.0,8735,activities/049_251011081438.csv,1,1,0,0
fit:06ab469a75256944c36383c4817288da1db87343fd8245e2c210fa0583dba5c2,2025-10-11T08:44:25+00:00,2245,361,160,77,7.58,116.79999999999995,18,fit:06ab469a75256944c36383c4817288da1db87343fd8245e2c210fa0583dba5c2:segment:003,3,8986.0,8736,activities/049_251011081438.csv,1,1,0,0
fit:06ab469a75256944c36383c4817288da1db87343fd8245e2c210fa0583dba5c2,2025-10-11T08:44:26+00:00,2246,330,161,78,7.587,116.79999999999995,18,fit:06ab469a75256944c36383c4817288da1db87343fd8245e2c210fa0583dba5c2:segment:003,3,8987.0,8737,activities/049_251011081438.csv,1,1,0,0
fit:06ab469a75256944c36383c4817288da1db87343fd8245e2c210fa0583dba5c2,2025-10-11T08:44:27+00:00,2247,283,161,78,7.513,117.60000000000002,18,fit:06ab469a75256944c36383c4817288da1db87343fd8245e2c210fa0583dba5c2:segment:003,3,8988.0,8738,activities/049_251011081438.csv,1,1,0,0
fit:06ab469a75256944c36383c4817288da1db87343fd8245e2c210fa0583dba5c2,2025-10-11T08:44:28+00:00,2248,283,161,78,7.519,117.60000000000002,18,fit:06ab469a75256944c36383c4817288da1db87343fd8245e2c210fa0583dba5c2:segment:003,3,8989.0,8739,activities/049_251011081438.csv,1,1,0,0
fit:06ab469a75256944c36383c4817288da1db87343fd8245e2c210fa0583dba5c2,2025-10-11T08:44:29+00:00,2249,328,162,78,7.584,117.60000000000002,18,fit:06ab469a75256944c36383c4817288da1db87343fd8245e2c210fa0583dba5c2:segment:003,3,8990.0,8740,activities/049_251011081438.csv,1,1,0,0
fit:06ab469a75256944c36383c4817288da1db87343fd8245e2c210fa0583dba5c2,2025-10-11T08:44:30+00:00,2250,307,163,78,7.621,118.39999999999998,18,fit:06ab469a75256944c36383c4817288da1db87343fd8245e2c210fa0583dba5c2:segment:003,3,8991.0,8741,activities/049_251011081438.csv,1,1,0,0
fit:06ab469a75256944c36383c4817288da1db87343fd8245e2c210fa0583dba5c2,2025-10-11T08:44:31+00:00,2251,263,164,78,7.651,119.39999999999998,18,fit:06ab469a75256944c36383c4817288da1db87343fd8245e2c210fa0583dba5c2:segment:003,3,8992.0,8742,activities/049_251011081438.csv,1,1,0,0
fit:06ab469a75256944c36383c4817288da1db87343fd8245e2c210fa0583dba5c2,2025-10-11T08:44:32+00:00,2252,337,165,77,7.612,119.39999999999998,18,fit:06ab469a75256944c36383c4817288da1db87343fd8245e2c210fa0583dba5c2:segment:003,3,8993.0,8743,activities/049_251011081438.csv,1,1,0,0
fit:06ab469a75256944c36383c4817288da1db87343fd8245e2c210fa0583dba5c2,2025-10-11T08:44:33+00:00,2253,337,165,76,7.476,119.39999999999998,18,fit:06ab469a75256944c36383c4817288da1db87343fd8245e2c210fa0583dba5c2:segment:003,3,8994.0,8744,activities/049_251011081438.csv,1,1,0,0
fit:06ab469a75256944c36383c4817288da1db87343fd8245e2c210fa0583dba5c2,2025-10-11T08:44:34+00:00,2254,305,166,74,7.401,118.39999999999998,18,fit:06ab469a75256944c36383c4817288da1db87343fd8245e2c210fa0583dba5c2:segment:003,3,8995.0,8745,activities/049_251011081438.csv,1,1,0,0
fit:06ab469a75256944c36383c4817288da1db87343fd8245e2c210fa0583dba5c2,2025-10-11T08:44:35+00:00,2255,316,166,73,7.327,118.79999999999995,18,fit:06ab469a75256944c36383c4817288da1db87343fd8245e2c210fa0583dba5c2:segment:003,3,8996.0,8746,activities/049_251011081438.csv,1,1,0,0
fit:06ab469a75256944c36383c4817288da1db87343fd8245e2c210fa0583dba5c2,2025-10-11T08:44:36+00:00,2256,306,166,73,7.24,118.79999999999995,18,fit:06ab469a75256944c36383c4817288da1db87343fd8245e2c210fa0583dba5c2:segment:003,3,8997.0,8747,activities/049_251011081438.csv,1,1,0,0
fit:06ab469a75256944c36383c4817288da1db87343fd8245e2c210fa0583dba5c2,2025-10-11T08:44:37+00:00,2257,357,166,74,7.168,118.79999999999995,18,fit:06ab469a75256944c36383c4817288da1db87343fd8245e2c210fa0583dba5c2:segment:003,3,8998.0,8748,activities/049_251011081438.csv,1,1,0,0
fit:06ab469a75256944c36383c4817288da1db87343fd8245e2c210fa0583dba5c2,2025-10-11T08:44:38+00:00,2258,356,166,75,7.224,119.79999999999995,18,fit:06ab469a75256944c36383c4817288da1db87343fd8245e2c210fa0583dba5c2:segment:003,3,8999.0,8749,activities/049_251011081438.csv,1,1,0,0
fit:06ab469a75256944c36383c4817288da1db87343fd8245e2c210fa0583dba5c2,2025-10-11T08:44:39+00:00,2259,238,166,76,7.363,120.39999999999998,18,fit:06ab469a75256944c36383c4817288da1db87343fd8245e2c210fa0583dba5c2:segment:003,3,9000.0,8750,activities/049_251011081438.csv,1,1,0,0
fit:06ab469a75256944c36383c4817288da1db87343fd8245e2c210fa0583dba5c2,2025-10-11T08:44:40+00:00,2260,289,167,76,7.347,120.39999999999998,18,fit:06ab469a75256944c36383c4817288da1db87343fd8245e2c210fa0583dba5c2:segment:003,3,9001.0,8751,activities/049_251011081438.csv,1,1,0,0
fit:06ab469a75256944c36383c4817288da1db87343fd8245e2c210fa0583dba5c2,2025-10-11T08:44:41+00:00,2261,260,167,80,7.452,120.39999999999998,18,fit:06ab469a75256944c36383c4817288da1db87343fd8245e2c210fa0583dba5c2:segment:003,3,9002.0,8752,activities/049_251011081438.csv,1,1,0,0
fit:06ab469a75256944c36383c4817288da1db87343fd8245e2c210fa0583dba5c2,2025-10-11T08:44:42+00:00,2262,287,167,85,7.463,120.39999999999998,18,fit:06ab469a75256944c36383c4817288da1db87343fd8245e2c210fa0583dba5c2:segment:003,3,9003.0,8753,activities/049_251011081438.csv,1,1,0,0
fit:06ab469a75256944c36383c4817288da1db87343fd8245e2c210fa0583dba5c2,2025-10-11T08:44:43+00:00,2263,250,168,85,7.57,120.20000000000005,18,fit:06ab469a75256944c36383c4817288da1db87343fd8245e2c210fa0583dba5c2:segment:003,3,9004.0,8754,activities/049_251011081438.csv,1,1,0,0
fit:06ab469a75256944c36383c4817288da1db87343fd8245e2c210fa0583dba5c2,2025-10-11T08:44:44+00:00,2264,257,168,85,7.562,120.20000000000005,18,fit:06ab469a75256944c36383c4817288da1db87343fd8245e2c210fa0583dba5c2:segment:003,3,9005.0,8755,activities/049_251011081438.csv,1,1,0,0
fit:06ab469a75256944c36383c4817288da1db87343fd8245e2c210fa0583dba5c2,2025-10-11T08:44:45+00:00,2265,276,168,86,7.672,120.20000000000005,18,fit:06ab469a75256944c36383c4817288da1db87343fd8245e2c210fa0583dba5c2:segment:003,3,9006.0,8756,activities/049_251011081438.csv,1,1,0,0
fit:06ab469a75256944c36383c4817288da1db87343fd8245e2c210fa0583dba5c2,2025-10-11T08:44:46+00:00,2266,304,169,87,7.712,120.79999999999995,18,fit:06ab469a75256944c36383c4817288da1db87343fd8245e2c210fa0583dba5c2:segment:003,3,9007.0,8757,activities/049_251011081438.csv,1,1,0,0
fit:06ab469a75256944c36383c4817288da1db87343fd8245e2c210fa0583dba5c2,2025-10-11T08:44:47+00:00,2267,289,169,87,7.681,120.39999999999998,18,fit:06ab469a75256944c36383c4817288da1db87343fd8245e2c210fa0583dba5c2:segment:003,3,9008.0,8758,activities/049_251011081438.csv,1,1,0,0
fit:06ab469a75256944c36383c4817288da1db87343fd8245e2c210fa0583dba5c2,2025-10-11T08:44:48+00:00,2268,289,169,87,7.644,120.39999999999998,18,fit:06ab469a75256944c36383c4817288da1db87343fd8245e2c210fa0583dba5c2:segment:003,3,9009.0,8759,activities/049_251011081438.csv,1,1,0,0
fit:06ab469a75256944c36383c4817288da1db87343fd8245e2c210fa0583dba5c2,2025-10-11T08:44:49+00:00,2269,221,169,87,7.67,120.39999999999998,18,fit:06ab469a75256944c36383c4817288da1db87343fd8245e2c210fa0583dba5c2:segment:003,3,9010.0,8760,activities/049_251011081438.csv,1,1,0,0
fit:06ab469a75256944c36383c4817288da1db87343fd8245e2c210fa0583dba5c2,2025-10-11T08:44:50+00:00,2270,290,169,88,7.595,120.39999999999998,18,fit:06ab469a75256944c36383c4817288da1db87343fd8245e2c210fa0583dba5c2:segment:003,3,9011.0,8761,activities/049_251011081438.csv,1,1,0,0
fit:06ab469a75256944c36383c4817288da1db87343fd8245e2c210fa0583dba5c2,2025-10-11T08:44:51+00:00,2271,287,169,89,7.68,121.79999999999995,18,fit:06ab469a75256944c36383c4817288da1db87343fd8245e2c210fa0583dba5c2:segment:003,3,9012.0,8762,activities/049_251011081438.csv,1,1,0,0
fit:06ab469a75256944c36383c4817288da1db87343fd8245e2c210fa0583dba5c2,2025-10-11T08:44:52+00:00,2272,245,169,89,7.718,121.79999999999995,18,fit:06ab469a75256944c36383c4817288da1db87343fd8245e2c210fa0583dba5c2:segment:003,3,9013.0,8763,activities/049_251011081438.csv,1,1,0,0
fit:06ab469a75256944c36383c4817288da1db87343fd8245e2c210fa0583dba5c2,2025-10-11T08:44:53+00:00,2273,247,170,89,7.824,121.79999999999995,18,fit:06ab469a75256944c36383c4817288da1db87343fd8245e2c210fa0583dba5c2:segment:003,3,9014.0,8764,activities/049_251011081438.csv,1,1,0,0
fit:06ab469a75256944c36383c4817288da1db87343fd8245e2c210fa0583dba5c2,2025-10-11T08:44:54+00:00,2274,285,170,89,7.833,121.79999999999995,18,fit:06ab469a75256944c36383c4817288da1db87343fd8245e2c210fa0583dba5c2:segment:003,3,9015.0,8765,activities/049_251011081438.csv,1,1,0,0
fit:06ab469a75256944c36383c4817288da1db87343fd8245e2c210fa0583dba5c2,2025-10-11T08:44:55+00:00,2275,259,170,89,7.87,121.79999999999995,18,fit:06ab469a75256944c36383c4817288da1db87343fd8245e2c210fa0583dba5c2:segment:003,3,9016.0,8766,activities/049_251011081438.csv,1,1,0,0
fit:06ab469a75256944c36383c4817288da1db87343fd8245e2c210fa0583dba5c2,2025-10-11T08:44:56+00:00,2276,194,170,89,7.888,121.79999999999995,18,fit:06ab469a75256944c36383c4817288da1db87343fd8245e2c210fa0583dba5c2:segment:003,3,9017.0,8767,activities/049_251011081438.csv,1,1,0,0
fit:06ab469a75256944c36383c4817288da1db87343fd8245e2c210fa0583dba5c2,2025-10-11T08:44:57+00:00,2277,247,170,89,7.915,121.79999999999995,18,fit:06ab469a75256944c36383c4817288da1db87343fd8245e2c210fa0583dba5c2:segment:003,3,9018.0,8768,activities/049_251011081438.csv,1,1,0,0
fit:06ab469a75256944c36383c4817288da1db87343fd8245e2c210fa0583dba5c2,2025-10-11T08:44:58+00:00,2278,233,170,89,7.941,121.79999999999995,18,fit:06ab469a75256944c36383c4817288da1db87343fd8245e2c210fa0583dba5c2:segment:003,3,9019.0,8769,activities/049_251011081438.csv,1,1,0,0
fit:06ab469a75256944c36383c4817288da1db87343fd8245e2c210fa0583dba5c2,2025-10-11T08:44:59+00:00,2279,230,170,89,7.893,122.20000000000005,18,fit:06ab469a75256944c36383c4817288da1db87343fd8245e2c210fa0583dba5c2:segment:003,3,9020.0,8770,activities/049_251011081438.csv,1,1,0,0
fit:06ab469a75256944c36383c4817288da1db87343fd8245e2c210fa0583dba5c2,2025-10-11T08:45:00+00:00,2280,270,170,89,7.931,122.20000000000005,18,fit:06ab469a75256944c36383c4817288da1db87343fd8245e2c210fa0583dba5c2:segment:003,3,9021.0,8771,activities/049_251011081438.csv,1,1,0,0
fit:06ab469a75256944c36383c4817288da1db87343fd8245e2c210fa0583dba5c2,2025-10-11T08:45:01+00:00,2281,258,171,90,8.019,122.20000000000005,18,fit:06ab469a75256944c36383c4817288da1db87343fd8245e2c210fa0583dba5c2:segment:003,3,9022.0,8772,activities/049_251011081438.csv,1,1,0,0
fit:06ab469a75256944c36383c4817288da1db87343fd8245e2c210fa0583dba5c2,2025-10-11T08:45:02+00:00,2282,244,171,90,7.991,123.0,18,fit:06ab469a75256944c36383c4817288da1db87343fd8245e2c210fa0583dba5c2:segment:003,3,9023.0,8773,activities/049_251011081438.csv,1,1,0,0
fit:06ab469a75256944c36383c4817288da1db87343fd8245e2c210fa0583dba5c2,2025-10-11T08:45:03+00:00,2283,255,171,90,8.04,122.79999999999995,18,fit:06ab469a75256944c36383c4817288da1db87343fd8245e2c210fa0583dba5c2:segment:003,3,9024.0,8774,activities/049_251011081438.csv,1,1,0,0
fit:06ab469a75256944c36383c4817288da1db87343fd8245e2c210fa0583dba5c2,2025-10-11T08:45:04+00:00,2284,212,171,90,7.978,122.79999999999995,18,fit:06ab469a75256944c36383c4817288da1db87343fd8245e2c210fa0583dba5c2:segment:003,3,9025.0,8775,activities/049_251011081438.csv,1,1,0,0
fit:06ab469a75256944c36383c4817288da1db87343fd8245e2c210fa0583dba5c2,2025-10-11T08:45:05+00:00,2285,232,171,89,7.999,122.79999999999995,18,fit:06ab469a75256944c36383c4817288da1db87343fd8245e2c210fa0583dba5c2:segment:003,3,9026.0,8776,activities/049_251011081438.csv,1,1,0,0
fit:06ab469a75256944c36383c4817288da1db87343fd8245e2c210fa0583dba5c2,2025-10-11T08:45:06+00:00,2286,301,171,89,7.909,122.79999999999995,18,fit:06ab469a75256944c36383c4817288da1db87343fd8245e2c210fa0583dba5c2:segment:003,3,9027.0,8777,activities/049_251011081438.csv,1,1,0,0
fit:06ab469a75256944c36383c4817288da1db87343fd8245e2c210fa0583dba5c2,2025-10-11T08:45:07+00:00,2287,346,171,89,7.898,123.20000000000005,18,fit:06ab469a75256944c36383c4817288da1db87343fd8245e2c210fa0583dba5c2:segment:003,3,9028.0,8778,activities/049_251011081438.csv,1,1,0,0
fit:06ab469a75256944c36383c4817288da1db87343fd8245e2c210fa0583dba5c2,2025-10-11T08:45:08+00:00,2288,328,171,90,7.794,123.20000000000005,18,fit:06ab469a75256944c36383c4817288da1db87343fd8245e2c210fa0583dba5c2:segment:003,3,9029.0,8779,activities/049_251011081438.csv,1,1,0,0
fit:06ab469a75256944c36383c4817288da1db87343fd8245e2c210fa0583dba5c2,2025-10-11T08:45:09+00:00,2289,316,170,90,8.015,123.20000000000005,18,fit:06ab469a75256944c36383c4817288da1db87343fd8245e2c210fa0583dba5c2:segment:003,3,9030.0,8780,activities/049_251011081438.csv,1,1,0,0
fit:06ab469a75256944c36383c4817288da1db87343fd8245e2c210fa0583dba5c2,2025-10-11T08:45:10+00:00,2290,316,170,89,7.954,123.60000000000002,18,fit:06ab469a75256944c36383c4817288da1db87343fd8245e2c210fa0583dba5c2:segment:003,3,9031.0,8781,activities/049_251011081438.csv,1,1,0,0
fit:06ab469a75256944c36383c4817288da1db87343fd8245e2c210fa0583dba5c2,2025-10-11T08:45:11+00:00,2291,308,170,88,7.9,124.39999999999998,18,fit:06ab469a75256944c36383c4817288da1db87343fd8245e2c210fa0583dba5c2:segment:003,3,9032.0,8782,activities/049_251011081438.csv,1,1,0,0
fit:06ab469a75256944c36383c4817288da1db87343fd8245e2c210fa0583dba5c2,2025-10-11T08:45:12+00:00,2292,311,170,88,7.837,124.39999999999998,18,fit:06ab469a75256944c36383c4817288da1db87343fd8245e2c210fa0583dba5c2:segment:003,3,9033.0,8783,activities/049_251011081438.csv,1,1,0,0
fit:06ab469a75256944c36383c4817288da1db87343fd8245e2c210fa0583dba5c2,2025-10-11T08:45:13+00:00,2293,269,170,85,7.765,124.39999999999998,18,fit:06ab469a75256944c36383c4817288da1db87343fd8245e2c210fa0583dba5c2:segment:003,3,9034.0,8784,activities/049_251011081438.csv,1,1,0,0
fit:06ab469a75256944c36383c4817288da1db87343fd8245e2c210fa0583dba5c2,2025-10-11T08:45:14+00:00,2294,262,171,84,7.621,124.39999999999998,18,fit:06ab469a75256944c36383c4817288da1db87343fd8245e2c210fa0583dba5c2:segment:003,3,9035.0,8785,activities/049_251011081438.csv,1,1,0,0
fit:06ab469a75256944c36383c4817288da1db87343fd8245e2c210fa0583dba5c2,2025-10-11T08:45:15+00:00,2295,338,171,82,7.426,125.20000000000005,18,fit:06ab469a75256944c36383c4817288da1db87343fd8245e2c210fa0583dba5c2:segment:003,3,9036.0,8786,activities/049_251011081438.csv,1,1,0,0
fit:06ab469a75256944c36383c4817288da1db87343fd8245e2c210fa0583dba5c2,2025-10-11T08:45:16+00:00,2296,356,171,81,7.301,125.20000000000005,18,fit:06ab469a75256944c36383c4817288da1db87343fd8245e2c210fa0583dba5c2:segment:003,3,9037.0,8787,activities/049_251011081438.csv,1,1,0,0
fit:06ab469a75256944c36383c4817288da1db87343fd8245e2c210fa0583dba5c2,2025-10-11T08:45:17+00:00,2297,346,171,81,7.279,125.20000000000005,18,fit:06ab469a75256944c36383c4817288da1db87343fd8245e2c210fa0583dba5c2:segment:003,3,9038.0,8788,activities/049_251011081438.csv,1,1,0,0
fit:06ab469a75256944c36383c4817288da1db87343fd8245e2c210fa0583dba5c2,2025-10-11T08:45:18+00:00,2298,343,171,80,7.188,126.0,18,fit:06ab469a75256944c36383c4817288da1db87343fd8245e2c210fa0583dba5c2:segment:003,3,9039.0,8789,activities/049_251011081438.csv,1,1,0,0
fit:06ab469a75256944c36383c4817288da1db87343fd8245e2c210fa0583dba5c2,2025-10-11T08:45:19+00:00,2299,214,170,81,7.113,126.20000000000005,18,fit:06ab469a75256944c36383c4817288da1db87343fd8245e2c210fa0583dba5c2:segment:003,3,9040.0,8790,activities/049_251011081438.csv,1,1,0,0
fit:06ab469a75256944c36383c4817288da1db87343fd8245e2c210fa0583dba5c2,2025-10-11T08:45:20+00:00,2300,348,170,85,6.985,126.20000000000005,18,fit:06ab469a75256944c36383c4817288da1db87343fd8245e2c210fa0583dba5c2:segment:003,3,9041.0,8791,activities/049_251011081438.csv,1,1,0,0
fit:06ab469a75256944c36383c4817288da1db87343fd8245e2c210fa0583dba5c2,2025-10-11T08:45:21+00:00,2301,321,171,85,6.881,126.20000000000005,18,fit:06ab469a75256944c36383c4817288da1db87343fd8245e2c210fa0583dba5c2:segment:003,3,9042.0,8792,activities/049_251011081438.csv,1,1,0,0
fit:06ab469a75256944c36383c4817288da1db87343fd8245e2c210fa0583dba5c2,2025-10-11T08:45:22+00:00,2302,232,171,84,6.91,127.0,18,fit:06ab469a75256944c36383c4817288da1db87343fd8245e2c210fa0583dba5c2:segment:003,3,9043.0,8793,activities/049_251011081438.csv,1,1,0,0
fit:06ab469a75256944c36383c4817288da1db87343fd8245e2c210fa0583dba5c2,2025-10-11T08:45:23+00:00,2303,273,171,80,6.826,127.60000000000002,18,fit:06ab469a75256944c36383c4817288da1db87343fd8245e2c210fa0583dba5c2:segment:003,3,9044.0,8794,activities/049_251011081438.csv,1,1,0,0
fit:06ab469a75256944c36383c4817288da1db87343fd8245e2c210fa0583dba5c2,2025-10-11T08:45:24+00:00,2304,325,172,78,6.533,127.60000000000002,18,fit:06ab469a75256944c36383c4817288da1db87343fd8245e2c210fa0583dba5c2:segment:003,3,9045.0,8795,activities/049_251011081438.csv,1,1,0,0
fit:06ab469a75256944c36383c4817288da1db87343fd8245e2c210fa0583dba5c2,2025-10-11T08:45:25+00:00,2305,320,172,76,6.472,127.60000000000002,18,fit:06ab469a75256944c36383c4817288da1db87343fd8245e2c210fa0583dba5c2:segment:003,3,9046.0,8796,activities/049_251011081438.csv,1,1,0,0
fit:06ab469a75256944c36383c4817288da1db87343fd8245e2c210fa0583dba5c2,2025-10-11T08:45:26+00:00,2306,381,172,76,6.46,128.60000000000002,18,fit:06ab469a75256944c36383c4817288da1db87343fd8245e2c210fa0583dba5c2:segment:003,3,9047.0,8797,activities/049_251011081438.csv,1,1,0,0
fit:06ab469a75256944c36383c4817288da1db87343fd8245e2c210fa0583dba5c2,2025-10-11T08:45:27+00:00,2307,406,172,75,6.271,128.20000000000005,18,fit:06ab469a75256944c36383c4817288da1db87343fd8245e2c210fa0583dba5c2:segment:003,3,9048.0,8798,activities/049_251011081438.csv,1,1,0,0
fit:06ab469a75256944c36383c4817288da1db87343fd8245e2c210fa0583dba5c2,2025-10-11T08:45:28+00:00,2308,387,172,75,6.249,128.20000000000005,18,fit:06ab469a75256944c36383c4817288da1db87343fd8245e2c210fa0583dba5c2:segment:003,3,9049.0,8799,activities/049_251011081438.csv,1,1,0,0
fit:06ab469a75256944c36383c4817288da1db87343fd8245e2c210fa0583dba5c2,2025-10-11T08:45:29+00:00,2309,378,172,75,6.139,128.20000000000005,18,fit:06ab469a75256944c36383c4817288da1db87343fd8245e2c210fa0583dba5c2:segment:003,3,9050.0,8800,activities/049_251011081438.csv,1,1,0,0
fit:06ab469a75256944c36383c4817288da1db87343fd8245e2c210fa0583dba5c2,2025-10-11T08:45:30+00:00,2310,281,172,74,6.124,129.20000000000005,18,fit:06ab469a75256944c36383c4817288da1db87343fd8245e2c210fa0583dba5c2:segment:003,3,9051.0,8801,activities/049_251011081438.csv,1,1,0,0
fit:06ab469a75256944c36383c4817288da1db87343fd8245e2c210fa0583dba5c2,2025-10-11T08:45:31+00:00,2311,306,172,73,6.057,130.0,18,fit:06ab469a75256944c36383c4817288da1db87343fd8245e2c210fa0583dba5c2:segment:003,3,9052.0,8802,activities/049_251011081438.csv,1,1,0,0
fit:06ab469a75256944c36383c4817288da1db87343fd8245e2c210fa0583dba5c2,2025-10-11T08:45:32+00:00,2312,278,173,73,6.044,130.0,18,fit:06ab469a75256944c36383c4817288da1db87343fd8245e2c210fa0583dba5c2:segment:003,3,9053.0,8803,activities/049_251011081438.csv,1,1,0,0
fit:06ab469a75256944c36383c4817288da1db87343fd8245e2c210fa0583dba5c2,2025-10-11T08:45:33+00:00,2313,278,173,73,5.957,130.0,18,fit:06ab469a75256944c36383c4817288da1db87343fd8245e2c210fa0583dba5c2:segment:003,3,9054.0,8804,activities/049_251011081438.csv,1,1,0,0
fit:06ab469a75256944c36383c4817288da1db87343fd8245e2c210fa0583dba5c2,2025-10-11T08:45:34+00:00,2314,300,173,75,5.99,130.0,18,fit:06ab469a75256944c36383c4817288da1db87343fd8245e2c210fa0583dba5c2:segment:003,3,9055.0,8805,activities/049_251011081438.csv,1,1,0,0
fit:06ab469a75256944c36383c4817288da1db87343fd8245e2c210fa0583dba5c2,2025-10-11T08:45:35+00:00,2315,241,174,75,6.005,131.0,18,fit:06ab469a75256944c36383c4817288da1db87343fd8245e2c210fa0583dba5c2:segment:003,3,9056.0,8806,activities/049_251011081438.csv,1,1,0,0
fit:06ab469a75256944c36383c4817288da1db87343fd8245e2c210fa0583dba5c2,2025-10-11T08:45:36+00:00,2316,263,174,76,6.095,131.0,18,fit:06ab469a75256944c36383c4817288da1db87343fd8245e2c210fa0583dba5c2:segment:003,3,9057.0,8807,activities/049_251011081438.csv,1,1,0,0
fit:06ab469a75256944c36383c4817288da1db87343fd8245e2c210fa0583dba5c2,2025-10-11T08:45:37+00:00,2317,228,174,78,6.282,131.0,18,fit:06ab469a75256944c36383c4817288da1db87343fd8245e2c210fa0583dba5c2:segment:003,3,9058.0,8808,activities/049_251011081438.csv,1,1,0,0
fit:06ab469a75256944c36383c4817288da1db87343fd8245e2c210fa0583dba5c2,2025-10-11T08:45:38+00:00,2318,228,175,81,6.434,131.0,18,fit:06ab469a75256944c36383c4817288da1db87343fd8245e2c210fa0583dba5c2:segment:003,3,9059.0,8809,activities/049_251011081438.csv,1,1,0,0
fit:06ab469a75256944c36383c4817288da1db87343fd8245e2c210fa0583dba5c2,2025-10-11T08:45:39+00:00,2319,217,175,84,6.569,131.20000000000005,18,fit:06ab469a75256944c36383c4817288da1db87343fd8245e2c210fa0583dba5c2:segment:003,3,9060.0,8810,activities/049_251011081438.csv,1,1,0,0
fit:06ab469a75256944c36383c4817288da1db87343fd8245e2c210fa0583dba5c2,2025-10-11T08:45:40+00:00,2320,242,174,89,6.79,131.20000000000005,18,fit:06ab469a75256944c36383c4817288da1db87343fd8245e2c210fa0583dba5c2:segment:003,3,9061.0,8811,activities/049_251011081438.csv,1,1,0,0
fit:06ab469a75256944c36383c4817288da1db87343fd8245e2c210fa0583dba5c2,2025-10-11T08:45:41+00:00,2321,190,174,92,7.112,131.20000000000005,18,fit:06ab469a75256944c36383c4817288da1db87343fd8245e2c210fa0583dba5c2:segment:003,3,9062.0,8812,activities/049_251011081438.csv,1,1,0,0
fit:06ab469a75256944c36383c4817288da1db87343fd8245e2c210fa0583dba5c2,2025-10-11T08:45:42+00:00,2322,97,174,94,7.358,130.20000000000005,18,fit:06ab469a75256944c36383c4817288da1db87343fd8245e2c210fa0583dba5c2:segment:003,3,9063.0,8813,activities/049_251011081438.csv,1,1,0,0
fit:06ab469a75256944c36383c4817288da1db87343fd8245e2c210fa0583dba5c2,2025-10-11T08:45:43+00:00,2323,348,174,87,7.459,130.0,18,fit:06ab469a75256944c36383c4817288da1db87343fd8245e2c210fa0583dba5c2:segment:003,3,9064.0,8814,activities/049_251011081438.csv,1,1,0,0
fit:06ab469a75256944c36383c4817288da1db87343fd8245e2c210fa0583dba5c2,2025-10-11T08:45:44+00:00,2324,257,174,90,7.666,130.0,18,fit:06ab469a75256944c36383c4817288da1db87343fd8245e2c210fa0583dba5c2:segment:003,3,9065.0,8815,activities/049_251011081438.csv,1,1,0,0
fit:06ab469a75256944c36383c4817288da1db87343fd8245e2c210fa0583dba5c2,2025-10-11T08:45:45+00:00,2325,221,174,91,7.836,130.0,18,fit:06ab469a75256944c36383c4817288da1db87343fd8245e2c210fa0583dba5c2:segment:003,3,9066.0,8816,activities/049_251011081438.csv,1,1,0,0
fit:06ab469a75256944c36383c4817288da1db87343fd8245e2c210fa0583dba5c2,2025-10-11T08:45:46+00:00,2326,258,174,93,7.979,130.0,18,fit:06ab469a75256944c36383c4817288da1db87343fd8245e2c210fa0583dba5c2:segment:003,3,9067.0,8817,activities/049_251011081438.csv,1,1,0,0
fit:06ab469a75256944c36383c4817288da1db87343fd8245e2c210fa0583dba5c2,2025-10-11T08:45:47+00:00,2327,283,174,95,8.194,130.20000000000005,18,fit:06ab469a75256944c36383c4817288da1db87343fd8245e2c210fa0583dba5c2:segment:003,3,9068.0,8818,activities/049_251011081438.csv,1,1,0,0
fit:06ab469a75256944c36383c4817288da1db87343fd8245e2c210fa0583dba5c2,2025-10-11T08:45:48+00:00,2328,205,173,97,8.336,130.20000000000005,18,fit:06ab469a75256944c36383c4817288da1db87343fd8245e2c210fa0583dba5c2:segment:003,3,9069.0,8819,activities/049_251011081438.csv,1,1,0,0
fit:06ab469a75256944c36383c4817288da1db87343fd8245e2c210fa0583dba5c2,2025-10-11T08:45:49+00:00,2329,172,173,98,8.596,130.20000000000005,18,fit:06ab469a75256944c36383c4817288da1db87343fd8245e2c210fa0583dba5c2:segment:003,3,9070.0,8820,activities/049_251011081438.csv,1,1,0,0
fit:06ab469a75256944c36383c4817288da1db87343fd8245e2c210fa0583dba5c2,2025-10-11T08:45:50+00:00,2330,213,173,97,8.539,130.20000000000005,18,fit:06ab469a75256944c36383c4817288da1db87343fd8245e2c210fa0583dba5c2:segment:003,3,9071.0,8821,activities/049_251011081438.csv,1,1,0,0
fit:06ab469a75256944c36383c4817288da1db87343fd8245e2c210fa0583dba5c2,2025-10-11T08:45:51+00:00,2331,327,173,98,8.548,128.79999999999995,18,fit:06ab469a75256944c36383c4817288da1db87343fd8245e2c210fa0583dba5c2:segment:003,3,9072.0,8822,activities/049_251011081438.csv,1,1,0,0
fit:06ab469a75256944c36383c4817288da1db87343fd8245e2c210fa0583dba5c2,2025-10-11T08:45:52+00:00,2332,235,173,98,8.682,128.79999999999995,18,fit:06ab469a75256944c36383c4817288da1db87343fd8245e2c210fa0583dba5c2:segment:003,3,9073.0,8823,activities/049_251011081438.csv,1,1,0,0
fit:06ab469a75256944c36383c4817288da1db87343fd8245e2c210fa0583dba5c2,2025-10-11T08:45:53+00:00,2333,161,173,99,8.823,128.79999999999995,18,fit:06ab469a75256944c36383c4817288da1db87343fd8245e2c210fa0583dba5c2:segment:003,3,9074.0,8824,activities/049_251011081438.csv,1,1,0,0
fit:06ab469a75256944c36383c4817288da1db87343fd8245e2c210fa0583dba5c2,2025-10-11T08:45:54+00:00,2334,171,173,100,8.754,128.79999999999995,18,fit:06ab469a75256944c36383c4817288da1db87343fd8245e2c210fa0583dba5c2:segment:003,3,9075.0,8825,activities/049_251011081438.csv,1,1,0,0
fit:06ab469a75256944c36383c4817288da1db87343fd8245e2c210fa0583dba5c2,2025-10-11T08:45:55+00:00,2335,201,173,100,8.85,129.39999999999998,18,fit:06ab469a75256944c36383c4817288da1db87343fd8245e2c210fa0583dba5c2:segment:003,3,9076.0,8826,activities/049_251011081438.csv,1,1,0,0
fit:06ab469a75256944c36383c4817288da1db87343fd8245e2c210fa0583dba5c2,2025-10-11T08:45:56+00:00,2336,264,173,102,8.961,129.39999999999998,18,fit:06ab469a75256944c36383c4817288da1db87343fd8245e2c210fa0583dba5c2:segment:003,3,9077.0,8827,activities/049_251011081438.csv,1,1,0,0
fit:06ab469a75256944c36383c4817288da1db87343fd8245e2c210fa0583dba5c2,2025-10-11T08:45:57+00:00,2337,257,172,102,8.981,129.39999999999998,18,fit:06ab469a75256944c36383c4817288da1db87343fd8245e2c210fa0583dba5c2:segment:003,3,9078.0,8828,activities/049_251011081438.csv,1,1,0,0
fit:06ab469a75256944c36383c4817288da1db87343fd8245e2c210fa0583dba5c2,2025-10-11T08:45:58+00:00,2338,245,172,104,9.115,129.20000000000005,18,fit:06ab469a75256944c36383c4817288da1db87343fd8245e2c210fa0583dba5c2:segment:003,3,9079.0,8829,activities/049_251011081438.csv,1,1,0,0
fit:06ab469a75256944c36383c4817288da1db87343fd8245e2c210fa0583dba5c2,2025-10-11T08:45:59+00:00,2339,171,171,101,9.085,129.0,18,fit:06ab469a75256944c36383c4817288da1db87343fd8245e2c210fa0583dba5c2:segment:003,3,9080.0,8830,activities/049_251011081438.csv,1,1,0,0
fit:06ab469a75256944c36383c4817288da1db87343fd8245e2c210fa0583dba5c2,2025-10-11T08:46:00+00:00,2340,163,171,95,9.157,129.0,18,fit:06ab469a75256944c36383c4817288da1db87343fd8245e2c210fa0583dba5c2:segment:003,3,9081.0,8831,activities/049_251011081438.csv,1,1,0,0
fit:06ab469a75256944c36383c4817288da1db87343fd8245e2c210fa0583dba5c2,2025-10-11T08:46:01+00:00,2341,150,171,95,9.35,129.0,18,fit:06ab469a75256944c36383c4817288da1db87343fd8245e2c210fa0583dba5c2:segment:003,3,9082.0,8832,activities/049_251011081438.csv,1,1,0,0
fit:06ab469a75256944c36383c4817288da1db87343fd8245e2c210fa0583dba5c2,2025-10-11T08:46:02+00:00,2342,162,171,95,9.458,128.60000000000002,18,fit:06ab469a75256944c36383c4817288da1db87343fd8245e2c210fa0583dba5c2:segment:003,3,9083.0,8833,activities/049_251011081438.csv,1,1,0,0
fit:06ab469a75256944c36383c4817288da1db87343fd8245e2c210fa0583dba5c2,2025-10-11T08:46:03+00:00,2343,163,170,95,9.424,128.60000000000002,18,fit:06ab469a75256944c36383c4817288da1db87343fd8245e2c210fa0583dba5c2:segment:003,3,9084.0,8834,activities/049_251011081438.csv,1,1,0,0
fit:06ab469a75256944c36383c4817288da1db87343fd8245e2c210fa0583dba5c2,2025-10-11T08:46:04+00:00,2344,103,170,95,9.436,128.60000000000002,18,fit:06ab469a75256944c36383c4817288da1db87343fd8245e2c210fa0583dba5c2:segment:003,3,9085.0,8835,activities/049_251011081438.csv,1,1,0,0
fit:06ab469a75256944c36383c4817288da1db87343fd8245e2c210fa0583dba5c2,2025-10-11T08:46:05+00:00,2345,103,170,95,9.308,128.60000000000002,18,fit:06ab469a75256944c36383c4817288da1db87343fd8245e2c210fa0583dba5c2:segment:003,3,9086.0,8836,activities/049_251011081438.csv,1,1,0,0
fit:06ab469a75256944c36383c4817288da1db87343fd8245e2c210fa0583dba5c2,2025-10-11T08:46:06+00:00,2346,103,169,95,9.261,128.60000000000002,18,fit:06ab469a75256944c36383c4817288da1db87343fd8245e2c210fa0583dba5c2:segment:003,3,9087.0,8837,activities/049_251011081438.csv,1,1,0,0
fit:06ab469a75256944c36383c4817288da1db87343fd8245e2c210fa0583dba5c2,2025-10-11T08:46:07+00:00,2347,103,169,95,9.211,129.0,18,fit:06ab469a75256944c36383c4817288da1db87343fd8245e2c210fa0583dba5c2:segment:003,3,9088.0,8838,activities/049_251011081438.csv,1,1,0,0
fit:06ab469a75256944c36383c4817288da1db87343fd8245e2c210fa0583dba5c2,2025-10-11T08:46:08+00:00,2348,93,168,91,9.195,129.0,18,fit:06ab469a75256944c36383c4817288da1db87343fd8245e2c210fa0583dba5c2:segment:003,3,9089.0,8839,activities/049_251011081438.csv,1,1,0,0
fit:06ab469a75256944c36383c4817288da1db87343fd8245e2c210fa0583dba5c2,2025-10-11T08:46:09+00:00,2349,0,167,0,9.254,129.0,18,fit:06ab469a75256944c36383c4817288da1db87343fd8245e2c210fa0583dba5c2:segment:003,3,9090.0,8840,activities/049_251011081438.csv,1,1,0,0
fit:06ab469a75256944c36383c4817288da1db87343fd8245e2c210fa0583dba5c2,2025-10-11T08:46:10+00:00,2350,148,166,94,9.259,128.0,18,fit:06ab469a75256944c36383c4817288da1db87343fd8245e2c210fa0583dba5c2:segment:003,3,9091.0,8841,activities/049_251011081438.csv,1,1,0,0
fit:06ab469a75256944c36383c4817288da1db87343fd8245e2c210fa0583dba5c2,2025-10-11T08:46:11+00:00,2351,165,164,94,9.255,127.79999999999995,18,fit:06ab469a75256944c36383c4817288da1db87343fd8245e2c210fa0583dba5c2:segment:003,3,9092.0,8842,activities/049_251011081438.csv,1,1,0,0
fit:06ab469a75256944c36383c4817288da1db87343fd8245e2c210fa0583dba5c2,2025-10-11T08:46:12+00:00,2352,165,162,95,9.247,127.79999999999995,18,fit:06ab469a75256944c36383c4817288da1db87343fd8245e2c210fa0583dba5c2:segment:003,3,9093.0,8843,activities/049_251011081438.csv,1,1,0,0
fit:06ab469a75256944c36383c4817288da1db87343fd8245e2c210fa0583dba5c2,2025-10-11T08:46:13+00:00,2353,112,161,95,9.263,127.79999999999995,18,fit:06ab469a75256944c36383c4817288da1db87343fd8245e2c210fa0583dba5c2:segment:003,3,9094.0,8844,activities/049_251011081438.csv,1,1,0,0
fit:06ab469a75256944c36383c4817288da1db87343fd8245e2c210fa0583dba5c2,2025-10-11T08:46:14+00:00,2354,129,160,95,9.359,127.79999999999995,18,fit:06ab469a75256944c36383c4817288da1db87343fd8245e2c210fa0583dba5c2:segment:003,3,9095.0,8845,activities/049_251011081438.csv,1,1,0,0
fit:06ab469a75256944c36383c4817288da1db87343fd8245e2c210fa0583dba5c2,2025-10-11T08:46:15+00:00,2355,108,160,95,9.402,127.60000000000002,18,fit:06ab469a75256944c36383c4817288da1db87343fd8245e2c210fa0583dba5c2:segment:003,3,9096.0,8846,activities/049_251011081438.csv,1,1,0,0
fit:06ab469a75256944c36383c4817288da1db87343fd8245e2c210fa0583dba5c2,2025-10-11T08:46:16+00:00,2356,109,159,95,9.301,127.60000000000002,18,fit:06ab469a75256944c36383c4817288da1db87343fd8245e2c210fa0583dba5c2:segment:003,3,9097.0,8847,activities/049_251011081438.csv,1,1,0,0
fit:06ab469a75256944c36383c4817288da1db87343fd8245e2c210fa0583dba5c2,2025-10-11T08:46:17+00:00,2357,109,159,95,9.265,127.60000000000002,18,fit:06ab469a75256944c36383c4817288da1db87343fd8245e2c210fa0583dba5c2:segment:003,3,9098.0,8848,activities/049_251011081438.csv,1,1,0,0
fit:06ab469a75256944c36383c4817288da1db87343fd8245e2c210fa0583dba5c2,2025-10-11T08:46:18+00:00,2358,109,158,95,9.215,126.60000000000002,18,fit:06ab469a75256944c36383c4817288da1db87343fd8245e2c210fa0583dba5c2:segment:003,3,9099.0,8849,activities/049_251011081438.csv,1,1,0,0
fit:06ab469a75256944c36383c4817288da1db87343fd8245e2c210fa0583dba5c2,2025-10-11T08:46:19+00:00,2359,109,157,95,9.021,127.0,18,fit:06ab469a75256944c36383c4817288da1db87343fd8245e2c210fa0583dba5c2:segment:003,3,9100.0,8850,activities/049_251011081438.csv,1,1,0,0
fit:06ab469a75256944c36383c4817288da1db87343fd8245e2c210fa0583dba5c2,2025-10-11T08:46:20+00:00,2360,98,155,91,8.833,127.0,18,fit:06ab469a75256944c36383c4817288da1db87343fd8245e2c210fa0583dba5c2:segment:003,3,9101.0,8851,activities/049_251011081438.csv,1,1,0,0
fit:06ab469a75256944c36383c4817288da1db87343fd8245e2c210fa0583dba5c2,2025-10-11T08:46:21+00:00,2361,0,154,0,8.533,127.0,18,fit:06ab469a75256944c36383c4817288da1db87343fd8245e2c210fa0583dba5c2:segment:003,3,9102.0,8852,activities/049_251011081438.csv,1,1,0,0
fit:06ab469a75256944c36383c4817288da1db87343fd8245e2c210fa0583dba5c2,2025-10-11T08:46:22+00:00,2362,0,151,0,7.558,127.0,18,fit:06ab469a75256944c36383c4817288da1db87343fd8245e2c210fa0583dba5c2:segment:003,3,9103.0,8853,activities/049_251011081438.csv,1,1,0,0
fit:06ab469a75256944c36383c4817288da1db87343fd8245e2c210fa0583dba5c2,2025-10-11T08:46:23+00:00,2363,0,151,0,6.355,126.60000000000002,18,fit:06ab469a75256944c36383c4817288da1db87343fd8245e2c210fa0583dba5c2:segment:003,3,9104.0,8854,activities/049_251011081438.csv,1,1,0,0
fit:06ab469a75256944c36383c4817288da1db87343fd8245e2c210fa0583dba5c2,2025-10-11T08:46:24+00:00,2364,0,149,0,5.272,126.60000000000002,18,fit:06ab469a75256944c36383c4817288da1db87343fd8245e2c210fa0583dba5c2:segment:003,3,9105.0,8855,activities/049_251011081438.csv,1,1,0,0
fit:06ab469a75256944c36383c4817288da1db87343fd8245e2c210fa0583dba5c2,2025-10-11T08:46:25+00:00,2365,0,145,0,4.285,126.60000000000002,18,fit:06ab469a75256944c36383c4817288da1db87343fd8245e2c210fa0583dba5c2:segment:003,3,9106.0,8856,activities/049_251011081438.csv,1,1,0,0
fit:06ab469a75256944c36383c4817288da1db87343fd8245e2c210fa0583dba5c2,2025-10-11T08:46:26+00:00,2366,0,143,0,3.414,126.79999999999995,18,fit:06ab469a75256944c36383c4817288da1db87343fd8245e2c210fa0583dba5c2:segment:003,3,9107.0,8857,activities/049_251011081438.csv,1,1,0,0
fit:06ab469a75256944c36383c4817288da1db87343fd8245e2c210fa0583dba5c2,2025-10-11T08:46:27+00:00,2367,0,141,0,3.281,126.79999999999995,18,fit:06ab469a75256944c36383c4817288da1db87343fd8245e2c210fa0583dba5c2:segment:003,3,9108.0,8858,activities/049_251011081438.csv,1,1,0,0
fit:06ab469a75256944c36383c4817288da1db87343fd8245e2c210fa0583dba5c2,2025-10-11T08:46:28+00:00,2368,63,141,30,3.809,126.79999999999995,18,fit:06ab469a75256944c36383c4817288da1db87343fd8245e2c210fa0583dba5c2:segment:003,3,9109.0,8859,activities/049_251011081438.csv,1,1,0,0
fit:06ab469a75256944c36383c4817288da1db87343fd8245e2c210fa0583dba5c2,2025-10-11T08:46:29+00:00,2369,303,139,54,4.631,126.79999999999995,18,fit:06ab469a75256944c36383c4817288da1db87343fd8245e2c210fa0583dba5c2:segment:003,3,9110.0,8860,activities/049_251011081438.csv,1,1,0,0
fit:06ab469a75256944c36383c4817288da1db87343fd8245e2c210fa0583dba5c2,2025-10-11T08:46:30+00:00,2370,67,138,36,5.794,125.79999999999995,18,fit:06ab469a75256944c36383c4817288da1db87343fd8245e2c210fa0583dba5c2:segment:003,3,9111.0,8861,activities/049_251011081438.csv,1,1,0,0
fit:06ab469a75256944c36383c4817288da1db87343fd8245e2c210fa0583dba5c2,2025-10-11T08:46:31+00:00,2371,351,138,78,6.334,126.0,18,fit:06ab469a75256944c36383c4817288da1db87343fd8245e2c210fa0583dba5c2:segment:003,3,9112.0,8862,activities/049_251011081438.csv,1,1,0,0
fit:06ab469a75256944c36383c4817288da1db87343fd8245e2c210fa0583dba5c2,2025-10-11T08:46:32+00:00,2372,351,138,78,7.272,126.0,18,fit:06ab469a75256944c36383c4817288da1db87343fd8245e2c210fa0583dba5c2:segment:003,3,9113.0,8863,activities/049_251011081438.csv,1,1,0,0
fit:06ab469a75256944c36383c4817288da1db87343fd8245e2c210fa0583dba5c2,2025-10-11T08:46:33+00:00,2373,351,138,78,7.9,126.0,18,fit:06ab469a75256944c36383c4817288da1db87343fd8245e2c210fa0583dba5c2:segment:003,3,9114.0,8864,activities/049_251011081438.csv,1,1,0,0
fit:06ab469a75256944c36383c4817288da1db87343fd8245e2c210fa0583dba5c2,2025-10-11T08:46:34+00:00,2374,351,137,78,8.339,125.0,18,fit:06ab469a75256944c36383c4817288da1db87343fd8245e2c210fa0583dba5c2:segment:003,3,9115.0,8865,activities/049_251011081438.csv,1,1,0,0
fit:06ab469a75256944c36383c4817288da1db87343fd8245e2c210fa0583dba5c2,2025-10-11T08:46:35+00:00,2375,351,137,78,8.534,124.20000000000005,18,fit:06ab469a75256944c36383c4817288da1db87343fd8245e2c210fa0583dba5c2:segment:003,3,9116.0,8866,activities/049_251011081438.csv,1,1,0,0
fit:06ab469a75256944c36383c4817288da1db87343fd8245e2c210fa0583dba5c2,2025-10-11T08:46:36+00:00,2376,317,137,89,8.656,124.20000000000005,18,fit:06ab469a75256944c36383c4817288da1db87343fd8245e2c210fa0583dba5c2:segment:003,3,9117.0,8867,activities/049_251011081438.csv,1,1,0,0
fit:06ab469a75256944c36383c4817288da1db87343fd8245e2c210fa0583dba5c2,2025-10-11T08:46:37+00:00,2377,233,138,90,8.789,124.20000000000005,18,fit:06ab469a75256944c36383c4817288da1db87343fd8245e2c210fa0583dba5c2:segment:003,3,9118.0,8868,activities/049_251011081438.csv,1,1,0,0
fit:06ab469a75256944c36383c4817288da1db87343fd8245e2c210fa0583dba5c2,2025-10-11T08:46:38+00:00,2378,276,138,92,8.926,123.20000000000005,18,fit:06ab469a75256944c36383c4817288da1db87343fd8245e2c210fa0583dba5c2:segment:003,3,9119.0,8869,activities/049_251011081438.csv,1,1,0,0
fit:06ab469a75256944c36383c4817288da1db87343fd8245e2c210fa0583dba5c2,2025-10-11T08:46:39+00:00,2379,261,138,92,8.985,121.79999999999995,18,fit:06ab469a75256944c36383c4817288da1db87343fd8245e2c210fa0583dba5c2:segment:003,3,9120.0,8870,activities/049_251011081438.csv,1,1,0,0
fit:06ab469a75256944c36383c4817288da1db87343fd8245e2c210fa0583dba5c2,2025-10-11T08:46:40+00:00,2380,207,137,92,8.999,121.79999999999995,18,fit:06ab469a75256944c36383c4817288da1db87343fd8245e2c210fa0583dba5c2:segment:003,3,9121.0,8871,activities/049_251011081438.csv,1,1,0,0
fit:06ab469a75256944c36383c4817288da1db87343fd8245e2c210fa0583dba5c2,2025-10-11T08:46:41+00:00,2381,140,137,90,9.02,121.79999999999995,18,fit:06ab469a75256944c36383c4817288da1db87343fd8245e2c210fa0583dba5c2:segment:003,3,9122.0,8872,activities/049_251011081438.csv,1,1,0,0
fit:06ab469a75256944c36383c4817288da1db87343fd8245e2c210fa0583dba5c2,2025-10-11T08:46:42+00:00,2382,192,136,90,8.912,121.79999999999995,18,fit:06ab469a75256944c36383c4817288da1db87343fd8245e2c210fa0583dba5c2:segment:003,3,9123.0,8873,activities/049_251011081438.csv,1,1,0,0
fit:06ab469a75256944c36383c4817288da1db87343fd8245e2c210fa0583dba5c2,2025-10-11T08:46:43+00:00,2383,283,135,88,8.757,122.0,18,fit:06ab469a75256944c36383c4817288da1db87343fd8245e2c210fa0583dba5c2:segment:003,3,9124.0,8874,activities/049_251011081438.csv,1,1,0,0
fit:06ab469a75256944c36383c4817288da1db87343fd8245e2c210fa0583dba5c2,2025-10-11T08:46:44+00:00,2384,132,135,89,8.549,122.0,18,fit:06ab469a75256944c36383c4817288da1db87343fd8245e2c210fa0583dba5c2:segment:003,3,9125.0,8875,activities/049_251011081438.csv,1,1,0,0
fit:06ab469a75256944c36383c4817288da1db87343fd8245e2c210fa0583dba5c2,2025-10-11T08:46:45+00:00,2385,161,135,94,8.579,122.0,18,fit:06ab469a75256944c36383c4817288da1db87343fd8245e2c210fa0583dba5c2:segment:003,3,9126.0,8876,activities/049_251011081438.csv,1,1,0,0
fit:06ab469a75256944c36383c4817288da1db87343fd8245e2c210fa0583dba5c2,2025-10-11T08:46:46+00:00,2386,217,136,93,8.48,122.39999999999998,18,fit:06ab469a75256944c36383c4817288da1db87343fd8245e2c210fa0583dba5c2:segment:003,3,9127.0,8877,activities/049_251011081438.csv,1,1,0,0
fit:06ab469a75256944c36383c4817288da1db87343fd8245e2c210fa0583dba5c2,2025-10-11T08:46:47+00:00,2387,248,136,93,8.281,123.0,18,fit:06ab469a75256944c36383c4817288da1db87343fd8245e2c210fa0583dba5c2:segment:003,3,9128.0,8878,activities/049_251011081438.csv,1,1,0,0
fit:06ab469a75256944c36383c4817288da1db87343fd8245e2c210fa0583dba5c2,2025-10-11T08:46:48+00:00,2388,232,137,91,8.166,123.0,18,fit:06ab469a75256944c36383c4817288da1db87343fd8245e2c210fa0583dba5c2:segment:003,3,9129.0,8879,activities/049_251011081438.csv,1,1,0,0
fit:06ab469a75256944c36383c4817288da1db87343fd8245e2c210fa0583dba5c2,2025-10-11T08:46:49+00:00,2389,255,137,96,8.03,123.0,18,fit:06ab469a75256944c36383c4817288da1db87343fd8245e2c210fa0583dba5c2:segment:003,3,9130.0,8880,activities/049_251011081438.csv,1,1,0,0
fit:06ab469a75256944c36383c4817288da1db87343fd8245e2c210fa0583dba5c2,2025-10-11T08:46:50+00:00,2390,224,138,95,7.811,123.0,18,fit:06ab469a75256944c36383c4817288da1db87343fd8245e2c210fa0583dba5c2:segment:003,3,9131.0,8881,activities/049_251011081438.csv,1,1,0,0
fit:06ab469a75256944c36383c4817288da1db87343fd8245e2c210fa0583dba5c2,2025-10-11T08:46:51+00:00,2391,58,139,38,7.669,124.0,18,fit:06ab469a75256944c36383c4817288da1db87343fd8245e2c210fa0583dba5c2:segment:003,3,9132.0,8882,activities/049_251011081438.csv,1,1,0,0
fit:06ab469a75256944c36383c4817288da1db87343fd8245e2c210fa0583dba5c2,2025-10-11T08:46:52+00:00,2392,399,139,38,7.312,124.0,18,fit:06ab469a75256944c36383c4817288da1db87343fd8245e2c210fa0583dba5c2:segment:003,3,9133.0,8883,activities/049_251011081438.csv,1,1,0,0
fit:06ab469a75256944c36383c4817288da1db87343fd8245e2c210fa0583dba5c2,2025-10-11T08:46:53+00:00,2393,325,141,86,7.287,124.0,18,fit:06ab469a75256944c36383c4817288da1db87343fd8245e2c210fa0583dba5c2:segment:003,3,9134.0,8884,activities/049_251011081438.csv,1,1,0,0
fit:06ab469a75256944c36383c4817288da1db87343fd8245e2c210fa0583dba5c2,2025-10-11T08:46:54+00:00,2394,356,142,86,7.249,125.0,18,fit:06ab469a75256944c36383c4817288da1db87343fd8245e2c210fa0583dba5c2:segment:003,3,9135.0,8885,activities/049_251011081438.csv,1,1,0,0
fit:06ab469a75256944c36383c4817288da1db87343fd8245e2c210fa0583dba5c2,2025-10-11T08:46:55+00:00,2395,336,144,86,7.166,123.79999999999995,18,fit:06ab469a75256944c36383c4817288da1db87343fd8245e2c210fa0583dba5c2:segment:003,3,9136.0,8886,activities/049_251011081438.csv,1,1,0,0
fit:06ab469a75256944c36383c4817288da1db87343fd8245e2c210fa0583dba5c2,2025-10-11T08:46:56+00:00,2396,342,145,88,7.036,123.79999999999995,18,fit:06ab469a75256944c36383c4817288da1db87343fd8245e2c210fa0583dba5c2:segment:003,3,9137.0,8887,activities/049_251011081438.csv,1,1,0,0
fit:06ab469a75256944c36383c4817288da1db87343fd8245e2c210fa0583dba5c2,2025-10-11T08:46:57+00:00,2397,387,145,88,7.029,123.79999999999995,18,fit:06ab469a75256944c36383c4817288da1db87343fd8245e2c210fa0583dba5c2:segment:003,3,9138.0,8888,activities/049_251011081438.csv,1,1,0,0
fit:06ab469a75256944c36383c4817288da1db87343fd8245e2c210fa0583dba5c2,2025-10-11T08:46:58+00:00,2398,361,145,90,7.093,124.79999999999995,18,fit:06ab469a75256944c36383c4817288da1db87343fd8245e2c210fa0583dba5c2:segment:003,3,9139.0,8889,activities/049_251011081438.csv,1,1,0,0
fit:06ab469a75256944c36383c4817288da1db87343fd8245e2c210fa0583dba5c2,2025-10-11T08:46:59+00:00,2399,327,146,90,7.195,125.79999999999995,18,fit:06ab469a75256944c36383c4817288da1db87343fd8245e2c210fa0583dba5c2:segment:003,3,9140.0,8890,activities/049_251011081438.csv,1,1,0,0
fit:06ab469a75256944c36383c4817288da1db87343fd8245e2c210fa0583dba5c2,2025-10-11T08:47:00+00:00,2400,322,147,91,7.305,125.79999999999995,18,fit:06ab469a75256944c36383c4817288da1db87343fd8245e2c210fa0583dba5c2:segment:003,3,9141.0,8891,activities/049_251011081438.csv,1,1,0,0
fit:06ab469a75256944c36383c4817288da1db87343fd8245e2c210fa0583dba5c2,2025-10-11T08:47:01+00:00,2401,274,147,91,7.338,125.79999999999995,18,fit:06ab469a75256944c36383c4817288da1db87343fd8245e2c210fa0583dba5c2:segment:003,3,9142.0,8892,activities/049_251011081438.csv,1,1,0,0
fit:06ab469a75256944c36383c4817288da1db87343fd8245e2c210fa0583dba5c2,2025-10-11T08:47:02+00:00,2402,323,148,90,7.395,125.79999999999995,18,fit:06ab469a75256944c36383c4817288da1db87343fd8245e2c210fa0583dba5c2:segment:003,3,9143.0,8893,activities/049_251011081438.csv,1,1,0,0
fit:06ab469a75256944c36383c4817288da1db87343fd8245e2c210fa0583dba5c2,2025-10-11T08:47:03+00:00,2403,238,148,90,7.356,126.79999999999995,18,fit:06ab469a75256944c36383c4817288da1db87343fd8245e2c210fa0583dba5c2:segment:003,3,9144.0,8894,activities/049_251011081438.csv,1,1,0,0
fit:06ab469a75256944c36383c4817288da1db87343fd8245e2c210fa0583dba5c2,2025-10-11T08:47:04+00:00,2404,239,148,89,7.366,126.79999999999995,18,fit:06ab469a75256944c36383c4817288da1db87343fd8245e2c210fa0583dba5c2:segment:003,3,9145.0,8895,activities/049_251011081438.csv,1,1,0,0
fit:06ab469a75256944c36383c4817288da1db87343fd8245e2c210fa0583dba5c2,2025-10-11T08:47:05+00:00,2405,246,148,87,7.274,126.79999999999995,18,fit:06ab469a75256944c36383c4817288da1db87343fd8245e2c210fa0583dba5c2:segment:003,3,9146.0,8896,activities/049_251011081438.csv,1,1,0,0
fit:06ab469a75256944c36383c4817288da1db87343fd8245e2c210fa0583dba5c2,2025-10-11T08:47:06+00:00,2406,280,148,87,7.198,126.79999999999995,18,fit:06ab469a75256944c36383c4817288da1db87343fd8245e2c210fa0583dba5c2:segment:003,3,9147.0,8897,activities/049_251011081438.csv,1,1,0,0
fit:06ab469a75256944c36383c4817288da1db87343fd8245e2c210fa0583dba5c2,2025-10-11T08:47:07+00:00,2407,263,148,87,7.124,127.60000000000002,18,fit:06ab469a75256944c36383c4817288da1db87343fd8245e2c210fa0583dba5c2:segment:003,3,9148.0,8898,activities/049_251011081438.csv,1,1,0,0
fit:06ab469a75256944c36383c4817288da1db87343fd8245e2c210fa0583dba5c2,2025-10-11T08:47:08+00:00,2408,301,148,87,6.984,127.60000000000002,18,fit:06ab469a75256944c36383c4817288da1db87343fd8245e2c210fa0583dba5c2:segment:003,3,9149.0,8899,activities/049_251011081438.csv,1,1,0,0
fit:06ab469a75256944c36383c4817288da1db87343fd8245e2c210fa0583dba5c2,2025-10-11T08:47:09+00:00,2409,346,148,85,6.983,127.60000000000002,18,fit:06ab469a75256944c36383c4817288da1db87343fd8245e2c210fa0583dba5c2:segment:003,3,9150.0,8900,activities/049_251011081438.csv,1,1,0,0
fit:06ab469a75256944c36383c4817288da1db87343fd8245e2c210fa0583dba5c2,2025-10-11T08:47:10+00:00,2410,340,148,84,6.9,127.39999999999998,18,fit:06ab469a75256944c36383c4817288da1db87343fd8245e2c210fa0583dba5c2:segment:003,3,9151.0,8901,activities/049_251011081438.csv,1,1,0,0
fit:06ab469a75256944c36383c4817288da1db87343fd8245e2c210fa0583dba5c2,2025-10-11T08:47:11+00:00,2411,286,148,82,6.823,127.39999999999998,18,fit:06ab469a75256944c36383c4817288da1db87343fd8245e2c210fa0583dba5c2:segment:003,3,9152.0,8902,activities/049_251011081438.csv,1,1,0,0
fit:06ab469a75256944c36383c4817288da1db87343fd8245e2c210fa0583dba5c2,2025-10-11T08:47:12+00:00,2412,291,148,81,6.726,127.39999999999998,18,fit:06ab469a75256944c36383c4817288da1db87343fd8245e2c210fa0583dba5c2:segment:003,3,9153.0,8903,activities/049_251011081438.csv,1,1,0,0
fit:06ab469a75256944c36383c4817288da1db87343fd8245e2c210fa0583dba5c2,2025-10-11T08:47:13+00:00,2413,365,148,80,6.548,127.39999999999998,18,fit:06ab469a75256944c36383c4817288da1db87343fd8245e2c210fa0583dba5c2:segment:003,3,9154.0,8904,activities/049_251011081438.csv,1,1,0,0
fit:06ab469a75256944c36383c4817288da1db87343fd8245e2c210fa0583dba5c2,2025-10-11T08:47:14+00:00,2414,344,149,79,6.454,127.39999999999998,18,fit:06ab469a75256944c36383c4817288da1db87343fd8245e2c210fa0583dba5c2:segment:003,3,9155.0,8905,activities/049_251011081438.csv,1,1,0,0
fit:06ab469a75256944c36383c4817288da1db87343fd8245e2c210fa0583dba5c2,2025-10-11T08:47:15+00:00,2415,358,150,75,6.41,129.0,18,fit:06ab469a75256944c36383c4817288da1db87343fd8245e2c210fa0583dba5c2:segment:003,3,9156.0,8906,activities/049_251011081438.csv,1,1,0,0
fit:06ab469a75256944c36383c4817288da1db87343fd8245e2c210fa0583dba5c2,2025-10-11T08:47:16+00:00,2416,358,151,75,6.271,129.0,18,fit:06ab469a75256944c36383c4817288da1db87343fd8245e2c210fa0583dba5c2:segment:003,3,9157.0,8907,activities/049_251011081438.csv,1,1,0,0
fit:06ab469a75256944c36383c4817288da1db87343fd8245e2c210fa0583dba5c2,2025-10-11T08:47:17+00:00,2417,399,151,72,6.113,129.0,18,fit:06ab469a75256944c36383c4817288da1db87343fd8245e2c210fa0583dba5c2:segment:003,3,9158.0,8908,activities/049_251011081438.csv,1,1,0,0
fit:06ab469a75256944c36383c4817288da1db87343fd8245e2c210fa0583dba5c2,2025-10-11T08:47:18+00:00,2418,368,152,71,5.947,129.0,18,fit:06ab469a75256944c36383c4817288da1db87343fd8245e2c210fa0583dba5c2:segment:003,3,9159.0,8909,activities/049_251011081438.csv,1,1,0,0
fit:06ab469a75256944c36383c4817288da1db87343fd8245e2c210fa0583dba5c2,2025-10-11T08:47:19+00:00,2419,369,154,70,5.822,131.0,18,fit:06ab469a75256944c36383c4817288da1db87343fd8245e2c210fa0583dba5c2:segment:003,3,9160.0,8910,activities/049_251011081438.csv,1,1,0,0
fit:06ab469a75256944c36383c4817288da1db87343fd8245e2c210fa0583dba5c2,2025-10-11T08:47:20+00:00,2420,270,155,71,5.649,131.0,18,fit:06ab469a75256944c36383c4817288da1db87343fd8245e2c210fa0583dba5c2:segment:003,3,9161.0,8911,activities/049_251011081438.csv,1,1,0,0
fit:06ab469a75256944c36383c4817288da1db87343fd8245e2c210fa0583dba5c2,2025-10-11T08:47:21+00:00,2421,270,156,75,5.622,131.0,18,fit:06ab469a75256944c36383c4817288da1db87343fd8245e2c210fa0583dba5c2:segment:003,3,9162.0,8912,activities/049_251011081438.csv,1,1,0,0
fit:06ab469a75256944c36383c4817288da1db87343fd8245e2c210fa0583dba5c2,2025-10-11T08:47:22+00:00,2422,126,157,78,5.969,130.20000000000005,18,fit:06ab469a75256944c36383c4817288da1db87343fd8245e2c210fa0583dba5c2:segment:003,3,9163.0,8913,activities/049_251011081438.csv,1,1,0,0
fit:06ab469a75256944c36383c4817288da1db87343fd8245e2c210fa0583dba5c2,2025-10-11T08:47:23+00:00,2423,174,159,81,6.298,129.79999999999995,18,fit:06ab469a75256944c36383c4817288da1db87343fd8245e2c210fa0583dba5c2:segment:003,3,9164.0,8914,activities/049_251011081438.csv,1,1,0,0
fit:06ab469a75256944c36383c4817288da1db87343fd8245e2c210fa0583dba5c2,2025-10-11T08:47:24+00:00,2424,216,159,86,6.586,129.79999999999995,18,fit:06ab469a75256944c36383c4817288da1db87343fd8245e2c210fa0583dba5c2:segment:003,3,9165.0,8915,activities/049_251011081438.csv,1,1,0,0
fit:06ab469a75256944c36383c4817288da1db87343fd8245e2c210fa0583dba5c2,2025-10-11T08:47:25+00:00,2425,225,159,76,6.918,129.79999999999995,18,fit:06ab469a75256944c36383c4817288da1db87343fd8245e2c210fa0583dba5c2:segment:003,3,9166.0,8916,activities/049_251011081438.csv,1,1,0,0
fit:06ab469a75256944c36383c4817288da1db87343fd8245e2c210fa0583dba5c2,2025-10-11T08:47:26+00:00,2426,158,160,81,7.176,129.79999999999995,18,fit:06ab469a75256944c36383c4817288da1db87343fd8245e2c210fa0583dba5c2:segment:003,3,9167.0,8917,activities/049_251011081438.csv,1,1,0,0
fit:06ab469a75256944c36383c4817288da1db87343fd8245e2c210fa0583dba5c2,2025-10-11T08:47:27+00:00,2427,113,160,83,7.557,128.0,18,fit:06ab469a75256944c36383c4817288da1db87343fd8245e2c210fa0583dba5c2:segment:003,3,9168.0,8918,activities/049_251011081438.csv,1,1,0,0
fit:06ab469a75256944c36383c4817288da1db87343fd8245e2c210fa0583dba5c2,2025-10-11T08:47:28+00:00,2428,141,160,84,7.878,128.0,18,fit:06ab469a75256944c36383c4817288da1db87343fd8245e2c210fa0583dba5c2:segment:003,3,9169.0,8919,activities/049_251011081438.csv,1,1,0,0
fit:06ab469a75256944c36383c4817288da1db87343fd8245e2c210fa0583dba5c2,2025-10-11T08:47:29+00:00,2429,142,160,84,8.137,128.0,18,fit:06ab469a75256944c36383c4817288da1db87343fd8245e2c210fa0583dba5c2:segment:003,3,9170.0,8920,activities/049_251011081438.csv,1,1,0,0
fit:06ab469a75256944c36383c4817288da1db87343fd8245e2c210fa0583dba5c2,2025-10-11T08:47:30+00:00,2430,169,161,86,8.328,127.39999999999998,18,fit:06ab469a75256944c36383c4817288da1db87343fd8245e2c210fa0583dba5c2:segment:003,3,9171.0,8921,activities/049_251011081438.csv,1,1,0,0
fit:06ab469a75256944c36383c4817288da1db87343fd8245e2c210fa0583dba5c2,2025-10-11T08:47:31+00:00,2431,247,161,86,8.438,127.39999999999998,18,fit:06ab469a75256944c36383c4817288da1db87343fd8245e2c210fa0583dba5c2:segment:003,3,9172.0,8922,activities/049_251011081438.csv,1,1,0,0
fit:06ab469a75256944c36383c4817288da1db87343fd8245e2c210fa0583dba5c2,2025-10-11T08:47:32+00:00,2432,187,161,90,8.746,127.39999999999998,18,fit:06ab469a75256944c36383c4817288da1db87343fd8245e2c210fa0583dba5c2:segment:003,3,9173.0,8923,activities/049_251011081438.csv,1,1,0,0
fit:06ab469a75256944c36383c4817288da1db87343fd8245e2c210fa0583dba5c2,2025-10-11T08:47:33+00:00,2433,164,161,92,8.946,127.39999999999998,18,fit:06ab469a75256944c36383c4817288da1db87343fd8245e2c210fa0583dba5c2:segment:003,3,9174.0,8924,activities/049_251011081438.csv,1,1,0,0
fit:06ab469a75256944c36383c4817288da1db87343fd8245e2c210fa0583dba5c2,2025-10-11T08:47:34+00:00,2434,143,160,95,9.098,127.39999999999998,18,fit:06ab469a75256944c36383c4817288da1db87343fd8245e2c210fa0583dba5c2:segment:003,3,9175.0,8925,activities/049_251011081438.csv,1,1,0,0
fit:06ab469a75256944c36383c4817288da1db87343fd8245e2c210fa0583dba5c2,2025-10-11T08:47:35+00:00,2435,145,160,97,9.345,126.20000000000005,18,fit:06ab469a75256944c36383c4817288da1db87343fd8245e2c210fa0583dba5c2:segment:003,3,9176.0,8926,activities/049_251011081438.csv,1,1,0,0
fit:06ab469a75256944c36383c4817288da1db87343fd8245e2c210fa0583dba5c2,2025-10-11T08:47:36+00:00,2436,148,160,98,9.369,126.20000000000005,18,fit:06ab469a75256944c36383c4817288da1db87343fd8245e2c210fa0583dba5c2:segment:003,3,9177.0,8927,activities/049_251011081438.csv,1,1,0,0
fit:06ab469a75256944c36383c4817288da1db87343fd8245e2c210fa0583dba5c2,2025-10-11T08:47:37+00:00,2437,176,160,99,9.41,126.20000000000005,18,fit:06ab469a75256944c36383c4817288da1db87343fd8245e2c210fa0583dba5c2:segment:003,3,9178.0,8928,activities/049_251011081438.csv,1,1,0,0
fit:06ab469a75256944c36383c4817288da1db87343fd8245e2c210fa0583dba5c2,2025-10-11T08:47:38+00:00,2438,173,160,99,9.612,126.0,18,fit:06ab469a75256944c36383c4817288da1db87343fd8245e2c210fa0583dba5c2:segment:003,3,9179.0,8929,activities/049_251011081438.csv,1,1,0,0
fit:06ab469a75256944c36383c4817288da1db87343fd8245e2c210fa0583dba5c2,2025-10-11T08:47:39+00:00,2439,173,160,101,9.775,125.0,18,fit:06ab469a75256944c36383c4817288da1db87343fd8245e2c210fa0583dba5c2:segment:003,3,9180.0,8930,activities/049_251011081438.csv,1,1,0,0
fit:06ab469a75256944c36383c4817288da1db87343fd8245e2c210fa0583dba5c2,2025-10-11T08:47:40+00:00,2440,146,159,102,9.807,125.0,18,fit:06ab469a75256944c36383c4817288da1db87343fd8245e2c210fa0583dba5c2:segment:003,3,9181.0,8931,activities/049_251011081438.csv,1,1,0,0
fit:06ab469a75256944c36383c4817288da1db87343fd8245e2c210fa0583dba5c2,2025-10-11T08:47:41+00:00,2441,147,159,102,10.006,125.0,18,fit:06ab469a75256944c36383c4817288da1db87343fd8245e2c210fa0583dba5c2:segment:003,3,9182.0,8932,activities/049_251011081438.csv,1,1,0,0
fit:06ab469a75256944c36383c4817288da1db87343fd8245e2c210fa0583dba5c2,2025-10-11T08:47:42+00:00,2442,145,159,100,9.969,124.60000000000002,18,fit:06ab469a75256944c36383c4817288da1db87343fd8245e2c210fa0583dba5c2:segment:003,3,9183.0,8933,activities/049_251011081438.csv,1,1,0,0
fit:06ab469a75256944c36383c4817288da1db87343fd8245e2c210fa0583dba5c2,2025-10-11T08:47:43+00:00,2443,289,158,100,9.833,124.60000000000002,18,fit:06ab469a75256944c36383c4817288da1db87343fd8245e2c210fa0583dba5c2:segment:003,3,9184.0,8934,activities/049_251011081438.csv,1,1,0,0
fit:06ab469a75256944c36383c4817288da1db87343fd8245e2c210fa0583dba5c2,2025-10-11T08:47:44+00:00,2444,289,158,100,9.862,124.60000000000002,18,fit:06ab469a75256944c36383c4817288da1db87343fd8245e2c210fa0583dba5c2:segment:003,3,9185.0,8935,activities/049_251011081438.csv,1,1,0,0
fit:06ab469a75256944c36383c4817288da1db87343fd8245e2c210fa0583dba5c2,2025-10-11T08:47:45+00:00,2445,230,158,99,9.696,124.60000000000002,18,fit:06ab469a75256944c36383c4817288da1db87343fd8245e2c210fa0583dba5c2:segment:003,3,9186.0,8936,activities/049_251011081438.csv,1,1,0,0
fit:06ab469a75256944c36383c4817288da1db87343fd8245e2c210fa0583dba5c2,2025-10-11T08:47:46+00:00,2446,247,158,98,9.73,124.60000000000002,18,fit:06ab469a75256944c36383c4817288da1db87343fd8245e2c210fa0583dba5c2:segment:003,3,9187.0,8937,activities/049_251011081438.csv,1,1,0,0
fit:06ab469a75256944c36383c4817288da1db87343fd8245e2c210fa0583dba5c2,2025-10-11T08:47:47+00:00,2447,218,158,95,9.712,124.79999999999995,18,fit:06ab469a75256944c36383c4817288da1db87343fd8245e2c210fa0583dba5c2:segment:003,3,9188.0,8938,activities/049_251011081438.csv,1,1,0,0
fit:06ab469a75256944c36383c4817288da1db87343fd8245e2c210fa0583dba5c2,2025-10-11T08:47:48+00:00,2448,270,158,95,9.49,124.79999999999995,18,fit:06ab469a75256944c36383c4817288da1db87343fd8245e2c210fa0583dba5c2:segment:003,3,9189.0,8939,activities/049_251011081438.csv,1,1,0,0
fit:06ab469a75256944c36383c4817288da1db87343fd8245e2c210fa0583dba5c2,2025-10-11T08:47:49+00:00,2449,357,158,89,9.16,124.79999999999995,18,fit:06ab469a75256944c36383c4817288da1db87343fd8245e2c210fa0583dba5c2:segment:003,3,9190.0,8940,activities/049_251011081438.csv,1,1,0,0
fit:06ab469a75256944c36383c4817288da1db87343fd8245e2c210fa0583dba5c2,2025-10-11T08:47:50+00:00,2450,306,158,88,8.978,124.79999999999995,18,fit:06ab469a75256944c36383c4817288da1db87343fd8245e2c210fa0583dba5c2:segment:003,3,9191.0,8941,activities/049_251011081438.csv,1,1,0,0
fit:06ab469a75256944c36383c4817288da1db87343fd8245e2c210fa0583dba5c2,2025-10-11T08:47:51+00:00,2451,327,158,87,8.793,125.60000000000002,18,fit:06ab469a75256944c36383c4817288da1db87343fd8245e2c210fa0583dba5c2:segment:003,3,9192.0,8942,activities/049_251011081438.csv,1,1,0,0
fit:06ab469a75256944c36383c4817288da1db87343fd8245e2c210fa0583dba5c2,2025-10-11T08:47:52+00:00,2452,286,158,87,8.703,125.60000000000002,18,fit:06ab469a75256944c36383c4817288da1db87343fd8245e2c210fa0583dba5c2:segment:003,3,9193.0,8943,activities/049_251011081438.csv,1,1,0,0
fit:06ab469a75256944c36383c4817288da1db87343fd8245e2c210fa0583dba5c2,2025-10-11T08:47:53+00:00,2453,278,158,86,8.643,125.60000000000002,18,fit:06ab469a75256944c36383c4817288da1db87343fd8245e2c210fa0583dba5c2:segment:003,3,9194.0,8944,activities/049_251011081438.csv,1,1,0,0
fit:06ab469a75256944c36383c4817288da1db87343fd8245e2c210fa0583dba5c2,2025-10-11T08:47:54+00:00,2454,179,158,94,8.513,125.60000000000002,18,fit:06ab469a75256944c36383c4817288da1db87343fd8245e2c210fa0583dba5c2:segment:003,3,9195.0,8945,activities/049_251011081438.csv,1,1,0,0
fit:06ab469a75256944c36383c4817288da1db87343fd8245e2c210fa0583dba5c2,2025-10-11T08:47:55+00:00,2455,248,158,92,8.403,126.20000000000005,18,fit:06ab469a75256944c36383c4817288da1db87343fd8245e2c210fa0583dba5c2:segment:003,3,9196.0,8946,activities/049_251011081438.csv,1,1,0,0
fit:06ab469a75256944c36383c4817288da1db87343fd8245e2c210fa0583dba5c2,2025-10-11T08:47:56+00:00,2456,256,158,91,8.236,126.20000000000005,18,fit:06ab469a75256944c36383c4817288da1db87343fd8245e2c210fa0583dba5c2:segment:003,3,9197.0,8947,activities/049_251011081438.csv,1,1,0,0
fit:06ab469a75256944c36383c4817288da1db87343fd8245e2c210fa0583dba5c2,2025-10-11T08:47:57+00:00,2457,272,158,91,8.138,126.20000000000005,18,fit:06ab469a75256944c36383c4817288da1db87343fd8245e2c210fa0583dba5c2:segment:003,3,9198.0,8948,activities/049_251011081438.csv,1,1,0,0
fit:06ab469a75256944c36383c4817288da1db87343fd8245e2c210fa0583dba5c2,2025-10-11T08:47:58+00:00,2458,237,158,91,8.083,127.0,18,fit:06ab469a75256944c36383c4817288da1db87343fd8245e2c210fa0583dba5c2:segment:003,3,9199.0,8949,activities/049_251011081438.csv,1,1,0,0
fit:06ab469a75256944c36383c4817288da1db87343fd8245e2c210fa0583dba5c2,2025-10-11T08:47:59+00:00,2459,237,158,90,7.991,127.20000000000005,18,fit:06ab469a75256944c36383c4817288da1db87343fd8245e2c210fa0583dba5c2:segment:003,3,9200.0,8950,activities/049_251011081438.csv,1,1,0,0
fit:06ab469a75256944c36383c4817288da1db87343fd8245e2c210fa0583dba5c2,2025-10-11T08:48:00+00:00,2460,253,158,90,7.943,127.20000000000005,18,fit:06ab469a75256944c36383c4817288da1db87343fd8245e2c210fa0583dba5c2:segment:003,3,9201.0,8951,activities/049_251011081438.csv,1,1,0,0
fit:06ab469a75256944c36383c4817288da1db87343fd8245e2c210fa0583dba5c2,2025-10-11T08:48:01+00:00,2461,302,158,90,7.843,127.20000000000005,18,fit:06ab469a75256944c36383c4817288da1db87343fd8245e2c210fa0583dba5c2:segment:003,3,9202.0,8952,activities/049_251011081438.csv,1,1,0,0
fit:06ab469a75256944c36383c4817288da1db87343fd8245e2c210fa0583dba5c2,2025-10-11T08:48:02+00:00,2462,299,158,90,7.965,127.79999999999995,18,fit:06ab469a75256944c36383c4817288da1db87343fd8245e2c210fa0583dba5c2:segment:003,3,9203.0,8953,activities/049_251011081438.csv,1,1,0,0
fit:06ab469a75256944c36383c4817288da1db87343fd8245e2c210fa0583dba5c2,2025-10-11T08:48:03+00:00,2463,272,158,90,7.998,128.20000000000005,18,fit:06ab469a75256944c36383c4817288da1db87343fd8245e2c210fa0583dba5c2:segment:003,3,9204.0,8954,activities/049_251011081438.csv,1,1,0,0
fit:06ab469a75256944c36383c4817288da1db87343fd8245e2c210fa0583dba5c2,2025-10-11T08:48:04+00:00,2464,231,158,90,8.009,128.20000000000005,18,fit:06ab469a75256944c36383c4817288da1db87343fd8245e2c210fa0583dba5c2:segment:003,3,9205.0,8955,activities/049_251011081438.csv,1,1,0,0
fit:06ab469a75256944c36383c4817288da1db87343fd8245e2c210fa0583dba5c2,2025-10-11T08:48:05+00:00,2465,320,158,88,7.906,128.20000000000005,18,fit:06ab469a75256944c36383c4817288da1db87343fd8245e2c210fa0583dba5c2:segment:003,3,9206.0,8956,activities/049_251011081438.csv,1,1,0,0
fit:06ab469a75256944c36383c4817288da1db87343fd8245e2c210fa0583dba5c2,2025-10-11T08:48:06+00:00,2466,246,158,87,7.864,128.20000000000005,18,fit:06ab469a75256944c36383c4817288da1db87343fd8245e2c210fa0583dba5c2:segment:003,3,9207.0,8957,activities/049_251011081438.csv,1,1,0,0
fit:06ab469a75256944c36383c4817288da1db87343fd8245e2c210fa0583dba5c2,2025-10-11T08:48:07+00:00,2467,312,159,86,7.704,128.0,18,fit:06ab469a75256944c36383c4817288da1db87343fd8245e2c210fa0583dba5c2:segment:003,3,9208.0,8958,activities/049_251011081438.csv,1,1,0,0
fit:06ab469a75256944c36383c4817288da1db87343fd8245e2c210fa0583dba5c2,2025-10-11T08:48:08+00:00,2468,262,159,86,7.657,128.0,18,fit:06ab469a75256944c36383c4817288da1db87343fd8245e2c210fa0583dba5c2:segment:003,3,9209.0,8959,activities/049_251011081438.csv,1,1,0,0
fit:06ab469a75256944c36383c4817288da1db87343fd8245e2c210fa0583dba5c2,2025-10-11T08:48:09+00:00,2469,253,158,84,7.591,128.0,18,fit:06ab469a75256944c36383c4817288da1db87343fd8245e2c210fa0583dba5c2:segment:003,3,9210.0,8960,activities/049_251011081438.csv,1,1,0,0
fit:06ab469a75256944c36383c4817288da1db87343fd8245e2c210fa0583dba5c2,2025-10-11T08:48:10+00:00,2470,323,158,84,7.476,129.0,18,fit:06ab469a75256944c36383c4817288da1db87343fd8245e2c210fa0583dba5c2:segment:003,3,9211.0,8961,activities/049_251011081438.csv,1,1,0,0
fit:06ab469a75256944c36383c4817288da1db87343fd8245e2c210fa0583dba5c2,2025-10-11T08:48:11+00:00,2471,316,158,85,7.505,129.0,18,fit:06ab469a75256944c36383c4817288da1db87343fd8245e2c210fa0583dba5c2:segment:003,3,9212.0,8962,activities/049_251011081438.csv,1,1,0,0
fit:06ab469a75256944c36383c4817288da1db87343fd8245e2c210fa0583dba5c2,2025-10-11T08:48:12+00:00,2472,318,157,85,7.596,129.0,18,fit:06ab469a75256944c36383c4817288da1db87343fd8245e2c210fa0583dba5c2:segment:003,3,9213.0,8963,activities/049_251011081438.csv,1,1,0,0
fit:06ab469a75256944c36383c4817288da1db87343fd8245e2c210fa0583dba5c2,2025-10-11T08:48:13+00:00,2473,278,157,85,7.586,129.0,18,fit:06ab469a75256944c36383c4817288da1db87343fd8245e2c210fa0583dba5c2:segment:003,3,9214.0,8964,activities/049_251011081438.csv,1,1,0,0
fit:06ab469a75256944c36383c4817288da1db87343fd8245e2c210fa0583dba5c2,2025-10-11T08:48:14+00:00,2474,320,157,84,7.467,129.0,18,fit:06ab469a75256944c36383c4817288da1db87343fd8245e2c210fa0583dba5c2:segment:003,3,9215.0,8965,activities/049_251011081438.csv,1,1,0,0
fit:06ab469a75256944c36383c4817288da1db87343fd8245e2c210fa0583dba5c2,2025-10-11T08:48:15+00:00,2475,327,158,85,7.331,129.20000000000005,18,fit:06ab469a75256944c36383c4817288da1db87343fd8245e2c210fa0583dba5c2:segment:003,3,9216.0,8966,activities/049_251011081438.csv,1,1,0,0
fit:06ab469a75256944c36383c4817288da1db87343fd8245e2c210fa0583dba5c2,2025-10-11T08:48:16+00:00,2476,289,158,85,7.468,129.20000000000005,18,fit:06ab469a75256944c36383c4817288da1db87343fd8245e2c210fa0583dba5c2:segment:003,3,9217.0,8967,activities/049_251011081438.csv,1,1,0,0
fit:06ab469a75256944c36383c4817288da1db87343fd8245e2c210fa0583dba5c2,2025-10-11T08:48:17+00:00,2477,241,159,84,7.602,129.20000000000005,18,fit:06ab469a75256944c36383c4817288da1db87343fd8245e2c210fa0583dba5c2:segment:003,3,9218.0,8968,activities/049_251011081438.csv,1,1,0,0
fit:06ab469a75256944c36383c4817288da1db87343fd8245e2c210fa0583dba5c2,2025-10-11T08:48:18+00:00,2478,257,160,84,7.499,130.20000000000005,18,fit:06ab469a75256944c36383c4817288da1db87343fd8245e2c210fa0583dba5c2:segment:003,3,9219.0,8969,activities/049_251011081438.csv,1,1,0,0
fit:06ab469a75256944c36383c4817288da1db87343fd8245e2c210fa0583dba5c2,2025-10-11T08:48:19+00:00,2479,309,161,84,7.37,129.60000000000002,18,fit:06ab469a75256944c36383c4817288da1db87343fd8245e2c210fa0583dba5c2:segment:003,3,9220.0,8970,activities/049_251011081438.csv,1,1,0,0
fit:06ab469a75256944c36383c4817288da1db87343fd8245e2c210fa0583dba5c2,2025-10-11T08:48:20+00:00,2480,307,161,83,7.318,129.60000000000002,18,fit:06ab469a75256944c36383c4817288da1db87343fd8245e2c210fa0583dba5c2:segment:003,3,9221.0,8971,activities/049_251011081438.csv,1,1,0,0
fit:06ab469a75256944c36383c4817288da1db87343fd8245e2c210fa0583dba5c2,2025-10-11T08:48:21+00:00,2481,315,162,83,7.341,129.60000000000002,18,fit:06ab469a75256944c36383c4817288da1db87343fd8245e2c210fa0583dba5c2:segment:003,3,9222.0,8972,activities/049_251011081438.csv,1,1,0,0
fit:06ab469a75256944c36383c4817288da1db87343fd8245e2c210fa0583dba5c2,2025-10-11T08:48:22+00:00,2482,315,163,81,7.423,130.39999999999998,18,fit:06ab469a75256944c36383c4817288da1db87343fd8245e2c210fa0583dba5c2:segment:003,3,9223.0,8973,activities/049_251011081438.csv,1,1,0,0
fit:06ab469a75256944c36383c4817288da1db87343fd8245e2c210fa0583dba5c2,2025-10-11T08:48:23+00:00,2483,200,163,81,7.309,132.0,18,fit:06ab469a75256944c36383c4817288da1db87343fd8245e2c210fa0583dba5c2:segment:003,3,9224.0,8974,activities/049_251011081438.csv,1,1,0,0
fit:06ab469a75256944c36383c4817288da1db87343fd8245e2c210fa0583dba5c2,2025-10-11T08:48:24+00:00,2484,110,164,74,7.171,132.0,18,fit:06ab469a75256944c36383c4817288da1db87343fd8245e2c210fa0583dba5c2:segment:003,3,9225.0,8975,activities/049_251011081438.csv,1,1,0,0
fit:06ab469a75256944c36383c4817288da1db87343fd8245e2c210fa0583dba5c2,2025-10-11T08:48:25+00:00,2485,250,164,69,6.822,132.0,18,fit:06ab469a75256944c36383c4817288da1db87343fd8245e2c210fa0583dba5c2:segment:003,3,9226.0,8976,activities/049_251011081438.csv,1,1,0,0
fit:06ab469a75256944c36383c4817288da1db87343fd8245e2c210fa0583dba5c2,2025-10-11T08:48:26+00:00,2486,249,165,67,6.365,133.0,18,fit:06ab469a75256944c36383c4817288da1db87343fd8245e2c210fa0583dba5c2:segment:003,3,9227.0,8977,activities/049_251011081438.csv,1,1,0,0
fit:06ab469a75256944c36383c4817288da1db87343fd8245e2c210fa0583dba5c2,2025-10-11T08:48:27+00:00,2487,286,165,71,6.298,132.60000000000002,18,fit:06ab469a75256944c36383c4817288da1db87343fd8245e2c210fa0583dba5c2:segment:003,3,9228.0,8978,activities/049_251011081438.csv,1,1,0,0
fit:06ab469a75256944c36383c4817288da1db87343fd8245e2c210fa0583dba5c2,2025-10-11T08:48:28+00:00,2488,301,165,71,6.424,132.60000000000002,18,fit:06ab469a75256944c36383c4817288da1db87343fd8245e2c210fa0583dba5c2:segment:003,3,9229.0,8979,activities/049_251011081438.csv,1,1,0,0
fit:06ab469a75256944c36383c4817288da1db87343fd8245e2c210fa0583dba5c2,2025-10-11T08:48:29+00:00,2489,265,165,80,6.726,132.60000000000002,18,fit:06ab469a75256944c36383c4817288da1db87343fd8245e2c210fa0583dba5c2:segment:003,3,9230.0,8980,activities/049_251011081438.csv,1,1,0,0
fit:06ab469a75256944c36383c4817288da1db87343fd8245e2c210fa0583dba5c2,2025-10-11T08:48:30+00:00,2490,218,165,85,7.085,132.60000000000002,18,fit:06ab469a75256944c36383c4817288da1db87343fd8245e2c210fa0583dba5c2:segment:003,3,9231.0,8981,activities/049_251011081438.csv,1,1,0,0
fit:06ab469a75256944c36383c4817288da1db87343fd8245e2c210fa0583dba5c2,2025-10-11T08:48:31+00:00,2491,199,165,86,7.381,133.0,18,fit:06ab469a75256944c36383c4817288da1db87343fd8245e2c210fa0583dba5c2:segment:003,3,9232.0,8982,activities/049_251011081438.csv,1,1,0,0
fit:06ab469a75256944c36383c4817288da1db87343fd8245e2c210fa0583dba5c2,2025-10-11T08:48:32+00:00,2492,199,165,86,7.54,133.0,18,fit:06ab469a75256944c36383c4817288da1db87343fd8245e2c210fa0583dba5c2:segment:003,3,9233.0,8983,activities/049_251011081438.csv,1,1,0,0
fit:06ab469a75256944c36383c4817288da1db87343fd8245e2c210fa0583dba5c2,2025-10-11T08:48:33+00:00,2493,204,165,88,7.664,133.0,18,fit:06ab469a75256944c36383c4817288da1db87343fd8245e2c210fa0583dba5c2:segment:003,3,9234.0,8984,activities/049_251011081438.csv,1,1,0,0
fit:06ab469a75256944c36383c4817288da1db87343fd8245e2c210fa0583dba5c2,2025-10-11T08:48:34+00:00,2494,173,164,88,7.636,132.0,18,fit:06ab469a75256944c36383c4817288da1db87343fd8245e2c210fa0583dba5c2:segment:003,3,9235.0,8985,activities/049_251011081438.csv,1,1,0,0
fit:06ab469a75256944c36383c4817288da1db87343fd8245e2c210fa0583dba5c2,2025-10-11T08:48:35+00:00,2495,110,164,88,7.641,132.39999999999998,18,fit:06ab469a75256944c36383c4817288da1db87343fd8245e2c210fa0583dba5c2:segment:003,3,9236.0,8986,activities/049_251011081438.csv,1,1,0,0
fit:06ab469a75256944c36383c4817288da1db87343fd8245e2c210fa0583dba5c2,2025-10-11T08:48:36+00:00,2496,169,165,89,7.805,132.39999999999998,18,fit:06ab469a75256944c36383c4817288da1db87343fd8245e2c210fa0583dba5c2:segment:003,3,9237.0,8987,activities/049_251011081438.csv,1,1,0,0
fit:06ab469a75256944c36383c4817288da1db87343fd8245e2c210fa0583dba5c2,2025-10-11T08:48:37+00:00,2497,169,165,92,7.953,132.39999999999998,18,fit:06ab469a75256944c36383c4817288da1db87343fd8245e2c210fa0583dba5c2:segment:003,3,9238.0,8988,activities/049_251011081438.csv,1,1,0,0
fit:06ab469a75256944c36383c4817288da1db87343fd8245e2c210fa0583dba5c2,2025-10-11T08:48:38+00:00,2498,110,164,93,8.081,132.39999999999998,18,fit:06ab469a75256944c36383c4817288da1db87343fd8245e2c210fa0583dba5c2:segment:003,3,9239.0,8989,activities/049_251011081438.csv,1,1,0,0
fit:06ab469a75256944c36383c4817288da1db87343fd8245e2c210fa0583dba5c2,2025-10-11T08:48:39+00:00,2499,118,164,96,8.209,131.0,18,fit:06ab469a75256944c36383c4817288da1db87343fd8245e2c210fa0583dba5c2:segment:003,3,9240.0,8990,activities/049_251011081438.csv,1,1,0,0
fit:06ab469a75256944c36383c4817288da1db87343fd8245e2c210fa0583dba5c2,2025-10-11T08:48:40+00:00,2500,119,164,97,8.34,131.0,18,fit:06ab469a75256944c36383c4817288da1db87343fd8245e2c210fa0583dba5c2:segment:003,3,9241.0,8991,activities/049_251011081438.csv,1,1,0,0
fit:06ab469a75256944c36383c4817288da1db87343fd8245e2c210fa0583dba5c2,2025-10-11T08:48:41+00:00,2501,102,164,98,8.661,131.0,18,fit:06ab469a75256944c36383c4817288da1db87343fd8245e2c210fa0583dba5c2:segment:003,3,9242.0,8992,activities/049_251011081438.csv,1,1,0,0
fit:06ab469a75256944c36383c4817288da1db87343fd8245e2c210fa0583dba5c2,2025-10-11T08:48:42+00:00,2502,102,164,98,8.786,131.0,18,fit:06ab469a75256944c36383c4817288da1db87343fd8245e2c210fa0583dba5c2:segment:003,3,9243.0,8993,activities/049_251011081438.csv,1,1,0,0
fit:06ab469a75256944c36383c4817288da1db87343fd8245e2c210fa0583dba5c2,2025-10-11T08:48:43+00:00,2503,102,164,98,8.762,131.0,18,fit:06ab469a75256944c36383c4817288da1db87343fd8245e2c210fa0583dba5c2:segment:003,3,9244.0,8994,activities/049_251011081438.csv,1,1,0,0
fit:06ab469a75256944c36383c4817288da1db87343fd8245e2c210fa0583dba5c2,2025-10-11T08:48:44+00:00,2504,102,164,98,8.82,131.0,18,fit:06ab469a75256944c36383c4817288da1db87343fd8245e2c210fa0583dba5c2:segment:003,3,9245.0,8995,activities/049_251011081438.csv,1,1,0,0
fit:06ab469a75256944c36383c4817288da1db87343fd8245e2c210fa0583dba5c2,2025-10-11T08:48:45+00:00,2505,92,163,93,8.949,131.0,18,fit:06ab469a75256944c36383c4817288da1db87343fd8245e2c210fa0583dba5c2:segment:003,3,9246.0,8996,activities/049_251011081438.csv,1,1,0,0
fit:06ab469a75256944c36383c4817288da1db87343fd8245e2c210fa0583dba5c2,2025-10-11T08:48:46+00:00,2506,0,162,0,9.156,130.0,18,fit:06ab469a75256944c36383c4817288da1db87343fd8245e2c210fa0583dba5c2:segment:003,3,9247.0,8997,activities/049_251011081438.csv,1,1,0,0
fit:06ab469a75256944c36383c4817288da1db87343fd8245e2c210fa0583dba5c2,2025-10-11T08:48:47+00:00,2507,0,160,0,9.308,128.39999999999998,18,fit:06ab469a75256944c36383c4817288da1db87343fd8245e2c210fa0583dba5c2:segment:003,3,9248.0,8998,activities/049_251011081438.csv,1,1,0,0
fit:06ab469a75256944c36383c4817288da1db87343fd8245e2c210fa0583dba5c2,2025-10-11T08:48:48+00:00,2508,0,159,0,9.349,128.39999999999998,18,fit:06ab469a75256944c36383c4817288da1db87343fd8245e2c210fa0583dba5c2:segment:003,3,9249.0,8999,activities/049_251011081438.csv,1,1,0,0
fit:06ab469a75256944c36383c4817288da1db87343fd8245e2c210fa0583dba5c2,2025-10-11T08:48:49+00:00,2509,0,159,0,9.367,128.39999999999998,18,fit:06ab469a75256944c36383c4817288da1db87343fd8245e2c210fa0583dba5c2:segment:003,3,9250.0,9000,activities/049_251011081438.csv,1,1,0,0
fit:06ab469a75256944c36383c4817288da1db87343fd8245e2c210fa0583dba5c2,2025-10-11T08:48:50+00:00,2510,0,158,0,9.408,127.39999999999998,18,fit:06ab469a75256944c36383c4817288da1db87343fd8245e2c210fa0583dba5c2:segment:003,3,9251.0,9001,activities/049_251011081438.csv,1,1,0,0
fit:06ab469a75256944c36383c4817288da1db87343fd8245e2c210fa0583dba5c2,2025-10-11T08:48:51+00:00,2511,0,157,0,9.614,125.60000000000002,18,fit:06ab469a75256944c36383c4817288da1db87343fd8245e2c210fa0583dba5c2:segment:003,3,9252.0,9002,activities/049_251011081438.csv,1,1,0,0
fit:06ab469a75256944c36383c4817288da1db87343fd8245e2c210fa0583dba5c2,2025-10-11T08:48:52+00:00,2512,0,156,0,9.747,125.60000000000002,18,fit:06ab469a75256944c36383c4817288da1db87343fd8245e2c210fa0583dba5c2:segment:003,3,9253.0,9003,activities/049_251011081438.csv,1,1,0,0
fit:06ab469a75256944c36383c4817288da1db87343fd8245e2c210fa0583dba5c2,2025-10-11T08:48:53+00:00,2513,69,156,70,9.848,125.60000000000002,18,fit:06ab469a75256944c36383c4817288da1db87343fd8245e2c210fa0583dba5c2:segment:003,3,9254.0,9004,activities/049_251011081438.csv,1,1,0,0
fit:06ab469a75256944c36383c4817288da1db87343fd8245e2c210fa0583dba5c2,2025-10-11T08:48:54+00:00,2514,69,154,70,9.918,124.60000000000002,18,fit:06ab469a75256944c36383c4817288da1db87343fd8245e2c210fa0583dba5c2:segment:003,3,9255.0,9005,activities/049_251011081438.csv,1,1,0,0
fit:06ab469a75256944c36383c4817288da1db87343fd8245e2c210fa0583dba5c2,2025-10-11T08:48:55+00:00,2515,356,152,92,9.968,121.79999999999995,18,fit:06ab469a75256944c36383c4817288da1db87343fd8245e2c210fa0583dba5c2:segment:003,3,9256.0,9006,activities/049_251011081438.csv,1,1,0,0
fit:06ab469a75256944c36383c4817288da1db87343fd8245e2c210fa0583dba5c2,2025-10-11T08:48:56+00:00,2516,347,150,95,10.163,121.79999999999995,18,fit:06ab469a75256944c36383c4817288da1db87343fd8245e2c210fa0583dba5c2:segment:003,3,9257.0,9007,activities/049_251011081438.csv,1,1,0,0
fit:06ab469a75256944c36383c4817288da1db87343fd8245e2c210fa0583dba5c2,2025-10-11T08:48:57+00:00,2517,348,149,95,10.312,121.79999999999995,18,fit:06ab469a75256944c36383c4817288da1db87343fd8245e2c210fa0583dba5c2:segment:003,3,9258.0,9008,activities/049_251011081438.csv,1,1,0,0
fit:06ab469a75256944c36383c4817288da1db87343fd8245e2c210fa0583dba5c2,2025-10-11T08:48:58+00:00,2518,294,149,95,10.464,122.79999999999995,18,fit:06ab469a75256944c36383c4817288da1db87343fd8245e2c210fa0583dba5c2:segment:003,3,9259.0,9009,activities/049_251011081438.csv,1,1,0,0
fit:06ab469a75256944c36383c4817288da1db87343fd8245e2c210fa0583dba5c2,2025-10-11T08:48:59+00:00,2519,220,149,95,10.452,122.79999999999995,18,fit:06ab469a75256944c36383c4817288da1db87343fd8245e2c210fa0583dba5c2:segment:003,3,9260.0,9010,activities/049_251011081438.csv,1,1,0,0
fit:06ab469a75256944c36383c4817288da1db87343fd8245e2c210fa0583dba5c2,2025-10-11T08:49:00+00:00,2520,228,149,94,10.449,122.79999999999995,18,fit:06ab469a75256944c36383c4817288da1db87343fd8245e2c210fa0583dba5c2:segment:003,3,9261.0,9011,activities/049_251011081438.csv,1,1,0,0
fit:06ab469a75256944c36383c4817288da1db87343fd8245e2c210fa0583dba5c2,2025-10-11T08:49:01+00:00,2521,194,149,92,10.386,122.79999999999995,18,fit:06ab469a75256944c36383c4817288da1db87343fd8245e2c210fa0583dba5c2:segment:003,3,9262.0,9012,activities/049_251011081438.csv,1,1,0,0
fit:06ab469a75256944c36383c4817288da1db87343fd8245e2c210fa0583dba5c2,2025-10-11T08:49:02+00:00,2522,221,148,90,10.342,122.79999999999995,18,fit:06ab469a75256944c36383c4817288da1db87343fd8245e2c210fa0583dba5c2:segment:003,3,9263.0,9013,activities/049_251011081438.csv,1,1,0,0
fit:06ab469a75256944c36383c4817288da1db87343fd8245e2c210fa0583dba5c2,2025-10-11T08:49:03+00:00,2523,221,148,90,10.198,124.60000000000002,18,fit:06ab469a75256944c36383c4817288da1db87343fd8245e2c210fa0583dba5c2:segment:003,3,9264.0,9014,activities/049_251011081438.csv,1,1,0,0
fit:06ab469a75256944c36383c4817288da1db87343fd8245e2c210fa0583dba5c2,2025-10-11T08:49:04+00:00,2524,286,147,90,10.052,124.60000000000002,18,fit:06ab469a75256944c36383c4817288da1db87343fd8245e2c210fa0583dba5c2:segment:003,3,9265.0,9015,activities/049_251011081438.csv,1,1,0,0
fit:06ab469a75256944c36383c4817288da1db87343fd8245e2c210fa0583dba5c2,2025-10-11T08:49:05+00:00,2525,295,147,90,10.131,124.60000000000002,18,fit:06ab469a75256944c36383c4817288da1db87343fd8245e2c210fa0583dba5c2:segment:003,3,9266.0,9016,activities/049_251011081438.csv,1,1,0,0
fit:06ab469a75256944c36383c4817288da1db87343fd8245e2c210fa0583dba5c2,2025-10-11T08:49:06+00:00,2526,201,147,89,10.034,123.79999999999995,18,fit:06ab469a75256944c36383c4817288da1db87343fd8245e2c210fa0583dba5c2:segment:003,3,9267.0,9017,activities/049_251011081438.csv,1,1,0,0
fit:06ab469a75256944c36383c4817288da1db87343fd8245e2c210fa0583dba5c2,2025-10-11T08:49:07+00:00,2527,229,147,88,9.963,123.20000000000005,18,fit:06ab469a75256944c36383c4817288da1db87343fd8245e2c210fa0583dba5c2:segment:003,3,9268.0,9018,activities/049_251011081438.csv,1,1,0,0
fit:06ab469a75256944c36383c4817288da1db87343fd8245e2c210fa0583dba5c2,2025-10-11T08:49:08+00:00,2528,229,148,88,9.863,123.20000000000005,18,fit:06ab469a75256944c36383c4817288da1db87343fd8245e2c210fa0583dba5c2:segment:003,3,9269.0,9019,activities/049_251011081438.csv,1,1,0,0
fit:06ab469a75256944c36383c4817288da1db87343fd8245e2c210fa0583dba5c2,2025-10-11T08:49:09+00:00,2529,285,148,86,9.674,123.20000000000005,18,fit:06ab469a75256944c36383c4817288da1db87343fd8245e2c210fa0583dba5c2:segment:003,3,9270.0,9020,activities/049_251011081438.csv,1,1,0,0
fit:06ab469a75256944c36383c4817288da1db87343fd8245e2c210fa0583dba5c2,2025-10-11T08:49:10+00:00,2530,268,148,85,9.635,124.20000000000005,18,fit:06ab469a75256944c36383c4817288da1db87343fd8245e2c210fa0583dba5c2:segment:003,3,9271.0,9021,activities/049_251011081438.csv,1,1,0,0
fit:06ab469a75256944c36383c4817288da1db87343fd8245e2c210fa0583dba5c2,2025-10-11T08:49:11+00:00,2531,346,148,84,9.501,124.39999999999998,18,fit:06ab469a75256944c36383c4817288da1db87343fd8245e2c210fa0583dba5c2:segment:003,3,9272.0,9022,activities/049_251011081438.csv,1,1,0,0
fit:06ab469a75256944c36383c4817288da1db87343fd8245e2c210fa0583dba5c2,2025-10-11T08:49:12+00:00,2532,337,149,84,9.36,124.39999999999998,18,fit:06ab469a75256944c36383c4817288da1db87343fd8245e2c210fa0583dba5c2:segment:003,3,9273.0,9023,activities/049_251011081438.csv,1,1,0,0
fit:06ab469a75256944c36383c4817288da1db87343fd8245e2c210fa0583dba5c2,2025-10-11T08:49:13+00:00,2533,337,148,84,9.263,124.39999999999998,18,fit:06ab469a75256944c36383c4817288da1db87343fd8245e2c210fa0583dba5c2:segment:003,3,9274.0,9024,activities/049_251011081438.csv,1,1,0,0
fit:06ab469a75256944c36383c4817288da1db87343fd8245e2c210fa0583dba5c2,2025-10-11T08:49:14+00:00,2534,279,148,84,9.211,125.0,18,fit:06ab469a75256944c36383c4817288da1db87343fd8245e2c210fa0583dba5c2:segment:003,3,9275.0,9025,activities/049_251011081438.csv,1,1,0,0
fit:06ab469a75256944c36383c4817288da1db87343fd8245e2c210fa0583dba5c2,2025-10-11T08:49:15+00:00,2535,83,149,84,9.233,124.39999999999998,18,fit:06ab469a75256944c36383c4817288da1db87343fd8245e2c210fa0583dba5c2:segment:003,3,9276.0,9026,activities/049_251011081438.csv,1,1,0,0
fit:06ab469a75256944c36383c4817288da1db87343fd8245e2c210fa0583dba5c2,2025-10-11T08:49:16+00:00,2536,317,149,92,9.036,124.39999999999998,18,fit:06ab469a75256944c36383c4817288da1db87343fd8245e2c210fa0583dba5c2:segment:003,3,9277.0,9027,activities/049_251011081438.csv,1,1,0,0
fit:06ab469a75256944c36383c4817288da1db87343fd8245e2c210fa0583dba5c2,2025-10-11T08:49:17+00:00,2537,263,149,93,8.997,124.39999999999998,18,fit:06ab469a75256944c36383c4817288da1db87343fd8245e2c210fa0583dba5c2:segment:003,3,9278.0,9028,activities/049_251011081438.csv,1,1,0,0
fit:06ab469a75256944c36383c4817288da1db87343fd8245e2c210fa0583dba5c2,2025-10-11T08:49:18+00:00,2538,141,149,93,9.097,124.79999999999995,18,fit:06ab469a75256944c36383c4817288da1db87343fd8245e2c210fa0583dba5c2:segment:003,3,9279.0,9029,activities/049_251011081438.csv,1,1,0,0
fit:06ab469a75256944c36383c4817288da1db87343fd8245e2c210fa0583dba5c2,2025-10-11T08:49:19+00:00,2539,110,149,93,9.14,124.39999999999998,18,fit:06ab469a75256944c36383c4817288da1db87343fd8245e2c210fa0583dba5c2:segment:003,3,9280.0,9030,activities/049_251011081438.csv,1,1,0,0
fit:06ab469a75256944c36383c4817288da1db87343fd8245e2c210fa0583dba5c2,2025-10-11T08:49:20+00:00,2540,210,149,94,9.205,124.39999999999998,18,fit:06ab469a75256944c36383c4817288da1db87343fd8245e2c210fa0583dba5c2:segment:003,3,9281.0,9031,activities/049_251011081438.csv,1,1,0,0
fit:06ab469a75256944c36383c4817288da1db87343fd8245e2c210fa0583dba5c2,2025-10-11T08:49:21+00:00,2541,141,149,95,9.153,124.39999999999998,18,fit:06ab469a75256944c36383c4817288da1db87343fd8245e2c210fa0583dba5c2:segment:003,3,9282.0,9032,activities/049_251011081438.csv,1,1,0,0
fit:06ab469a75256944c36383c4817288da1db87343fd8245e2c210fa0583dba5c2,2025-10-11T08:49:22+00:00,2542,111,149,95,9.162,124.39999999999998,18,fit:06ab469a75256944c36383c4817288da1db87343fd8245e2c210fa0583dba5c2:segment:003,3,9283.0,9033,activities/049_251011081438.csv,1,1,0,0
fit:06ab469a75256944c36383c4817288da1db87343fd8245e2c210fa0583dba5c2,2025-10-11T08:49:23+00:00,2543,111,149,95,9.188,124.79999999999995,18,fit:06ab469a75256944c36383c4817288da1db87343fd8245e2c210fa0583dba5c2:segment:003,3,9284.0,9034,activities/049_251011081438.csv,1,1,0,0
fit:06ab469a75256944c36383c4817288da1db87343fd8245e2c210fa0583dba5c2,2025-10-11T08:49:24+00:00,2544,104,149,95,9.259,124.79999999999995,18,fit:06ab469a75256944c36383c4817288da1db87343fd8245e2c210fa0583dba5c2:segment:003,3,9285.0,9035,activities/049_251011081438.csv,1,1,0,0
fit:06ab469a75256944c36383c4817288da1db87343fd8245e2c210fa0583dba5c2,2025-10-11T08:49:25+00:00,2545,92,148,95,9.314,124.79999999999995,18,fit:06ab469a75256944c36383c4817288da1db87343fd8245e2c210fa0583dba5c2:segment:003,3,9286.0,9036,activities/049_251011081438.csv,1,1,0,0
fit:06ab469a75256944c36383c4817288da1db87343fd8245e2c210fa0583dba5c2,2025-10-11T08:49:26+00:00,2546,92,148,95,9.332,124.20000000000005,18,fit:06ab469a75256944c36383c4817288da1db87343fd8245e2c210fa0583dba5c2:segment:003,3,9287.0,9037,activities/049_251011081438.csv,1,1,0,0
fit:06ab469a75256944c36383c4817288da1db87343fd8245e2c210fa0583dba5c2,2025-10-11T08:49:27+00:00,2547,92,148,95,9.279,124.60000000000002,18,fit:06ab469a75256944c36383c4817288da1db87343fd8245e2c210fa0583dba5c2:segment:003,3,9288.0,9038,activities/049_251011081438.csv,1,1,0,0
fit:06ab469a75256944c36383c4817288da1db87343fd8245e2c210fa0583dba5c2,2025-10-11T08:49:28+00:00,2548,90,147,94,9.173,124.60000000000002,18,fit:06ab469a75256944c36383c4817288da1db87343fd8245e2c210fa0583dba5c2:segment:003,3,9289.0,9039,activities/049_251011081438.csv,1,1,0,0
fit:06ab469a75256944c36383c4817288da1db87343fd8245e2c210fa0583dba5c2,2025-10-11T08:49:29+00:00,2549,81,146,89,9.103,124.60000000000002,18,fit:06ab469a75256944c36383c4817288da1db87343fd8245e2c210fa0583dba5c2:segment:003,3,9290.0,9040,activities/049_251011081438.csv,1,1,0,0
fit:06ab469a75256944c36383c4817288da1db87343fd8245e2c210fa0583dba5c2,2025-10-11T08:49:30+00:00,2550,0,145,0,9.18,124.20000000000005,18,fit:06ab469a75256944c36383c4817288da1db87343fd8245e2c210fa0583dba5c2:segment:003,3,9291.0,9041,activities/049_251011081438.csv,1,1,0,0
fit:06ab469a75256944c36383c4817288da1db87343fd8245e2c210fa0583dba5c2,2025-10-11T08:49:31+00:00,2551,0,143,0,9.108,123.39999999999998,18,fit:06ab469a75256944c36383c4817288da1db87343fd8245e2c210fa0583dba5c2:segment:003,3,9292.0,9042,activities/049_251011081438.csv,1,1,0,0
fit:06ab469a75256944c36383c4817288da1db87343fd8245e2c210fa0583dba5c2,2025-10-11T08:49:32+00:00,2552,0,143,0,8.987,123.39999999999998,18,fit:06ab469a75256944c36383c4817288da1db87343fd8245e2c210fa0583dba5c2:segment:003,3,9293.0,9043,activities/049_251011081438.csv,1,1,0,0
fit:06ab469a75256944c36383c4817288da1db87343fd8245e2c210fa0583dba5c2,2025-10-11T08:49:33+00:00,2553,0,142,0,8.8,123.39999999999998,18,fit:06ab469a75256944c36383c4817288da1db87343fd8245e2c210fa0583dba5c2:segment:003,3,9294.0,9044,activities/049_251011081438.csv,1,1,0,0
fit:06ab469a75256944c36383c4817288da1db87343fd8245e2c210fa0583dba5c2,2025-10-11T08:49:34+00:00,2554,0,141,0,8.723,123.39999999999998,18,fit:06ab469a75256944c36383c4817288da1db87343fd8245e2c210fa0583dba5c2:segment:003,3,9295.0,9045,activities/049_251011081438.csv,1,1,0,0
fit:06ab469a75256944c36383c4817288da1db87343fd8245e2c210fa0583dba5c2,2025-10-11T08:49:35+00:00,2555,0,140,0,8.807,122.20000000000005,18,fit:06ab469a75256944c36383c4817288da1db87343fd8245e2c210fa0583dba5c2:segment:003,3,9296.0,9046,activities/049_251011081438.csv,1,1,0,0
fit:06ab469a75256944c36383c4817288da1db87343fd8245e2c210fa0583dba5c2,2025-10-11T08:49:36+00:00,2556,0,139,0,8.706,122.20000000000005,18,fit:06ab469a75256944c36383c4817288da1db87343fd8245e2c210fa0583dba5c2:segment:003,3,9297.0,9047,activities/049_251011081438.csv,1,1,0,0
fit:06ab469a75256944c36383c4817288da1db87343fd8245e2c210fa0583dba5c2,2025-10-11T08:49:37+00:00,2557,57,139,90,8.634,122.20000000000005,18,fit:06ab469a75256944c36383c4817288da1db87343fd8245e2c210fa0583dba5c2:segment:003,3,9298.0,9048,activities/049_251011081438.csv,1,1,0,0
fit:06ab469a75256944c36383c4817288da1db87343fd8245e2c210fa0583dba5c2,2025-10-11T08:49:38+00:00,2558,262,138,90,8.689,122.79999999999995,18,fit:06ab469a75256944c36383c4817288da1db87343fd8245e2c210fa0583dba5c2:segment:003,3,9299.0,9049,activities/049_251011081438.csv,1,1,0,0
fit:06ab469a75256944c36383c4817288da1db87343fd8245e2c210fa0583dba5c2,2025-10-11T08:49:39+00:00,2559,262,138,90,8.747,121.79999999999995,18,fit:06ab469a75256944c36383c4817288da1db87343fd8245e2c210fa0583dba5c2:segment:003,3,9300.0,9050,activities/049_251011081438.csv,1,1,0,0
fit:06ab469a75256944c36383c4817288da1db87343fd8245e2c210fa0583dba5c2,2025-10-11T08:49:40+00:00,2560,262,138,90,8.79,121.79999999999995,18,fit:06ab469a75256944c36383c4817288da1db87343fd8245e2c210fa0583dba5c2:segment:003,3,9301.0,9051,activities/049_251011081438.csv,1,1,0,0
fit:06ab469a75256944c36383c4817288da1db87343fd8245e2c210fa0583dba5c2,2025-10-11T08:49:41+00:00,2561,262,138,90,8.744,121.79999999999995,18,fit:06ab469a75256944c36383c4817288da1db87343fd8245e2c210fa0583dba5c2:segment:003,3,9302.0,9052,activities/049_251011081438.csv,1,1,0,0
fit:06ab469a75256944c36383c4817288da1db87343fd8245e2c210fa0583dba5c2,2025-10-11T08:49:42+00:00,2562,0,138,0,8.36,121.79999999999995,18,fit:06ab469a75256944c36383c4817288da1db87343fd8245e2c210fa0583dba5c2:segment:003,3,9303.0,9053,activities/049_251011081438.csv,1,1,0,0
fit:06ab469a75256944c36383c4817288da1db87343fd8245e2c210fa0583dba5c2,2025-10-11T08:49:43+00:00,2563,0,138,0,7.989,122.39999999999998,18,fit:06ab469a75256944c36383c4817288da1db87343fd8245e2c210fa0583dba5c2:segment:003,3,9304.0,9054,activities/049_251011081438.csv,1,1,0,0
fit:06ab469a75256944c36383c4817288da1db87343fd8245e2c210fa0583dba5c2,2025-10-11T08:49:44+00:00,2564,0,138,0,7.539,122.39999999999998,18,fit:06ab469a75256944c36383c4817288da1db87343fd8245e2c210fa0583dba5c2:segment:003,3,9305.0,9055,activities/049_251011081438.csv,1,1,0,0
fit:06ab469a75256944c36383c4817288da1db87343fd8245e2c210fa0583dba5c2,2025-10-11T08:49:45+00:00,2565,0,138,0,6.769,122.39999999999998,18,fit:06ab469a75256944c36383c4817288da1db87343fd8245e2c210fa0583dba5c2:segment:003,3,9306.0,9056,activities/049_251011081438.csv,1,1,0,0
fit:06ab469a75256944c36383c4817288da1db87343fd8245e2c210fa0583dba5c2,2025-10-11T08:49:46+00:00,2566,0,137,0,6.123,122.39999999999998,18,fit:06ab469a75256944c36383c4817288da1db87343fd8245e2c210fa0583dba5c2:segment:003,3,9307.0,9057,activities/049_251011081438.csv,1,1,0,0
fit:06ab469a75256944c36383c4817288da1db87343fd8245e2c210fa0583dba5c2,2025-10-11T08:49:47+00:00,2567,0,134,0,5.395,122.0,18,fit:06ab469a75256944c36383c4817288da1db87343fd8245e2c210fa0583dba5c2:segment:003,3,9308.0,9058,activities/049_251011081438.csv,1,1,0,0
fit:06ab469a75256944c36383c4817288da1db87343fd8245e2c210fa0583dba5c2,2025-10-11T08:49:48+00:00,2568,0,130,0,4.954,122.0,18,fit:06ab469a75256944c36383c4817288da1db87343fd8245e2c210fa0583dba5c2:segment:003,3,9309.0,9059,activities/049_251011081438.csv,1,1,0,0
fit:06ab469a75256944c36383c4817288da1db87343fd8245e2c210fa0583dba5c2,2025-10-11T08:49:49+00:00,2569,0,130,0,4.234,122.0,18,fit:06ab469a75256944c36383c4817288da1db87343fd8245e2c210fa0583dba5c2:segment:003,3,9310.0,9060,activities/049_251011081438.csv,1,1,0,0
fit:06ab469a75256944c36383c4817288da1db87343fd8245e2c210fa0583dba5c2,2025-10-11T08:49:50+00:00,2570,0,126,0,3.52,122.0,18,fit:06ab469a75256944c36383c4817288da1db87343fd8245e2c210fa0583dba5c2:segment:003,3,9311.0,9061,activities/049_251011081438.csv,1,1,0,0
fit:06ab469a75256944c36383c4817288da1db87343fd8245e2c210fa0583dba5c2,2025-10-11T08:49:51+00:00,2571,0,124,0,2.961,122.20000000000005,18,fit:06ab469a75256944c36383c4817288da1db87343fd8245e2c210fa0583dba5c2:segment:003,3,9312.0,9062,activities/049_251011081438.csv,1,1,0,0
fit:06ab469a75256944c36383c4817288da1db87343fd8245e2c210fa0583dba5c2,2025-10-11T08:49:52+00:00,2572,0,124,0,2.396,122.20000000000005,18,fit:06ab469a75256944c36383c4817288da1db87343fd8245e2c210fa0583dba5c2:segment:003,3,9313.0,9063,activities/049_251011081438.csv,1,1,0,0
fit:06ab469a75256944c36383c4817288da1db87343fd8245e2c210fa0583dba5c2,2025-10-11T08:49:53+00:00,2573,0,123,0,1.859,122.20000000000005,18,fit:06ab469a75256944c36383c4817288da1db87343fd8245e2c210fa0583dba5c2:segment:003,3,9314.0,9064,activities/049_251011081438.csv,1,1,0,0
fit:06ab469a75256944c36383c4817288da1db87343fd8245e2c210fa0583dba5c2,2025-10-11T08:49:54+00:00,2574,0,122,0,1.282,122.20000000000005,18,fit:06ab469a75256944c36383c4817288da1db87343fd8245e2c210fa0583dba5c2:segment:003,3,9315.0,9065,activities/049_251011081438.csv,1,1,0,0
fit:06ab469a75256944c36383c4817288da1db87343fd8245e2c210fa0583dba5c2,2025-10-11T08:49:55+00:00,2575,0,120,0,0.0,122.20000000000005,18,fit:06ab469a75256944c36383c4817288da1db87343fd8245e2c210fa0583dba5c2:segment:003,3,9316.0,9066,activities/049_251011081438.csv,1,1,0,0
fit:06ab469a75256944c36383c4817288da1db87343fd8245e2c210fa0583dba5c2,2025-10-11T08:49:56+00:00,2576,0,119,0,0.0,122.20000000000005,18,fit:06ab469a75256944c36383c4817288da1db87343fd8245e2c210fa0583dba5c2:segment:003,3,9317.0,9067,activities/049_251011081438.csv,1,1,0,0
